smiles,pchembl_value
CNC(=O)C1SC(n2cnc3c(N)nc(Cl)nc32)C(O)C1O,tensor([9.4000])
CNC(=O)C1SC(n2cnc3c(NCc4cccc(I)c4)nc(Cl)nc32)C(O)C1O,tensor([9.4200])
CNC(=O)C1SC(n2cnc3c(NC)nc(Cl)nc32)C(O)C1O,tensor([9.5500])
CNC(=O)C1OC(n2cnc3c(NCc4cccc(I)c4)nc(Cl)nc32)C(O)C1O,tensor([9.])
CCCn1cc2c(nc(NC(=O)Nc3ccc(OC)cc3)n3nc(-c4ccco4)nc23)n1,tensor([9.5400])
CCn1cc2c(nc(NC(=O)Nc3ccc(OC)cc3)n3nc(-c4ccco4)nc23)n1,tensor([9.5500])
CCn1cc2c(nc(NC(=O)Nc3ccc([N+](=O)[O-])cc3)n3nc(-c4ccco4)nc23)n1,tensor([9.1900])
Cn1cc2c(nc(NC(=O)Nc3ccc([N+](=O)[O-])cc3)n3nc(-c4ccco4)nc23)n1,tensor([9.3700])
CCn1c(C#Cc2ccccc2)nc2c(N)ncnc21,tensor([7.0700])
CCCCC#Cc1nc2c(N)ncnc2n1C1OC(CO)C(O)C1O,tensor([6.1900])
CCNC(=O)C1OC(n2cnc3c(N)ncnc32)C(O)C1O,tensor([8.2200])
Nc1ncnc2c1nc(C#Cc1ccccc1)n2C1OC(CO)C(O)C1O,tensor([6.1000])
Nc1ncnc2c1nc(C=CC(=O)c1ccccc1)n2C1OC(CO)C(O)C1O,tensor([5.0100])
CSCC1OC(n2cnc3c(N)ncnc32)C(O)C1O,tensor([6.1700])
COC(=Cc1ccc(O)cc1)C(=O)OC1C(OC(=O)C=Cc2c[nH]cn2)C(CSC)OC1n1cnc2c(N)ncnc21,tensor([5.1600])
Cn1c(=O)c2nc(-c3ccc(S(=O)(=O)O)cc3)[nH]c2n(C)c1=O,tensor([4.9600])
CCNC(=O)C1OC(n2cnc3c(NCCCCCCCCCCNc4ccc([N+](=O)[O-])c5nonc45)ncnc32)C(O)C1O,tensor([7.5500])
CCNC(=O)C1OC(n2cnc3c(NCCCCNc4ccc([N+](=O)[O-])c5nonc45)ncnc32)C(O)C1O,tensor([6.4200])
CCNC(=O)C1OC(n2cnc3c(NCCNc4ccc([N+](=O)[O-])c5nonc45)ncnc32)C(O)C1O,tensor([7.2500])
CCNC(=O)C1OC(n2cnc3c(NCCCCCCNc4ccc([N+](=O)[O-])c5nonc45)ncnc32)C(O)C1O,tensor([7.6300])
CCNC(=O)C1OC(n2cnc3c(NCCCCCCCCNc4ccc([N+](=O)[O-])c5nonc45)ncnc32)C(O)C1O,tensor([8.1300])
OCC12CC1C(n1cnc3c(NCc4cccc(I)c4)ncnc31)C(O)C2O,tensor([8.3800])
OCC12CC1C(n1cnc3c(NC4CCCC4)nc(Cl)nc31)C(O)C2O,tensor([6.3300])
CNC(=O)C1OC(n2cnc3c(NCc4cccc(I)c4)nc(Cl)nc32)C2OC12,tensor([5.9600])
CCCn1c(=O)c2nc(-c3ccc(OCOC(=O)NCCN)cc3)[nH]c2n(CCC)c1=O,tensor([7.1500])
CCCn1c(=O)c2[nH]c(C3CCCC3)nc2n(CCC)c1=O,tensor([6.1200])
COC(=O)C1=C2C=CN(C)C=C2c2nc(-c3ccccc3)nn2C1,tensor([7.8900])
CNc1nc(Cl)nc2c1ncn2C1OC(CO)C(F)C1O,tensor([6.4900])
CNC(=O)C1OC(n2cnc3c(NCc4cccc(I)c4)nc(Cl)nc32)C(O)C1F,tensor([9.])
OCC1OC(n2cnc3c(NCc4cccc(I)c4)nc(Cl)nc32)C(O)C1F,tensor([7.1200])
COc1ccc(NC(=O)Nc2nc3nn(C)cc3c3nc(-c4ccco4)nn23)cc1,tensor([9.7000])
Cn1c(=O)c2[nH]cnc2n(C)c1=O,tensor([4.0700])
CNC(=O)C1OC(n2cnc3c(NCc4cccc(I)c4)ncnc32)C(O)C1O,tensor([8.7400])
OCC1OC(n2cnc3c(NCc4cccc(Cl)c4)ncnc32)C(O)C1O,tensor([8.3600])
CNC(=O)C12CC1C(n1cnc3c(NCc4cc(Cl)ccc4OCC(N)=O)nc(Cl)nc31)C(O)C2O,tensor([8.2800])
OCC1OC(n2cnc3c(NCc4cccnc4)ncnc32)C(O)C1O,tensor([8.3500])
OCC1OC(n2cnc3c(NCC(c4ccccc4)c4ccccc4)ncnc32)C(O)C1O,tensor([8.4100])
CNC(=O)C12CC1C(n1cnc3c(NCc4cc(C#CCO)ccc4Cl)nc(Cl)nc31)C(O)C2O,tensor([6.6600])
CNC(=O)C12CC1C(n1cnc3c(NCc4ccc(N)cc4)nc(Cl)nc31)C(O)C2O,tensor([7.8500])
CNC(=O)C12CC1C(n1cnc3c(NC4CC4c4ccccc4)nc(Cl)nc31)C(O)C2O,tensor([9.1100])
OCC1OC(n2cnc3c(NCc4cccc(I)c4)ncnc32)C(O)C1O,tensor([8.2400])
CNC(=O)C12CC1C(n1cnc3c(NCc4cc(I)ccc4OC)nc(Cl)nc31)C(O)C2O,tensor([9.2400])
CNC(=O)C12CC1C(n1cnc3c(NCc4cccc(Cl)c4)nc(Cl)nc31)C(O)C2O,tensor([9.5400])
CNC(=O)C12CC1C(n1cnc3c(NC)nc(N)nc31)C(O)C2O,tensor([8.8000])
CNC(=O)C12CC1C(n1cnc3c(NCc4cccc(C#CCO)c4)nc(Cl)nc31)C(O)C2O,tensor([8.5400])
CNC(=O)C12CC1C(n1cnc3c(NCc4cccnc4)nc(Cl)nc31)C(O)C2O,tensor([7.9600])
OCC1OC(n2cnc3c(NCc4cccc(I)c4)nc(Cl)nc32)C(O)C1O,tensor([8.7400])
OCC1OC(n2cnc3c(NC4CC4c4ccccc4)ncnc32)C(O)C1O,tensor([9.0700])
CNC(=O)C12CC1C(n1cnc3c(NCc4cc(OC)ccc4OC)nc(Cl)nc31)C(O)C2O,tensor([8.8500])
CNC(=O)C12CC1C(n1cnc3c(NCc4cc(I)ccc4Cl)nc(Cl)nc31)C(O)C2O,tensor([9.0800])
CNC(=O)C12CC1C(n1cnc3c(NCc4cc(Cl)ccc4OCc4ccccc4)nc(Cl)nc31)C(O)C2O,tensor([8.2800])
Cc1ccccc1CNc1ncnc2c1ncn2C1OC(CO)C(O)C1O,tensor([7.3300])
CNC(=O)C12CC1C(n1cnc3c(NCC(c4ccccc4)c4ccccc4)nc(Cl)nc31)C(O)C2O,tensor([9.1600])
CNC(=O)C12CC1C(n1cnc3c(NCc4cccc(C)c4)nc(Cl)nc31)C(O)C2O,tensor([9.2000])
CNC(=O)C12CC1C(n1cnc3c(NCc4ccc(N)c(I)c4)nc(Cl)nc31)C(O)C2O,tensor([8.5100])
CNC(=O)C12CC1C(n1cnc3c(NCc4cccc(I)c4)nc(Cl)nc31)C(O)C2O,tensor([8.8200])
CNC(=O)C12CC1C(n1cnc3c(NCc4cccc(Cl)c4)nc(I)nc31)C(O)C2O,tensor([8.4400])
COc1ccc(Cl)cc1CNc1ncnc2c1ncn2C1OC(CO)C(O)C1O,tensor([8.8900])
CNC(=O)C12CC1C(n1cnc3c(NCc4cccc(Br)c4)nc(Cl)nc31)C(O)C2O,tensor([9.4200])
CNC(=O)C12CC1C(n1cnc3c(NCc4cc(Cl)ccc4OC)nc(Cl)nc31)C(O)C2O,tensor([8.8200])
OCC12CC1C(n1cnc3c(NCc4cccc(I)c4)nc(Cl)nc31)C(O)C2O,tensor([8.7200])
CNC(=O)C12CC1C(n1cnc3c(NCc4cccc(Cl)c4)nc(SC)nc31)C(O)C2O,tensor([8.8200])
CNC(=O)C12CC1C(n1cnc3c(NCc4cccc(I)c4)ncnc31)C(O)C2O,tensor([8.6200])
CNc1nc(N)nc2c1ncn2C1OC(CO)C(O)C1O,tensor([7.4100])
CNC(=O)C12CC1C(n1cnc3c(NCc4ccccc4C)nc(Cl)nc31)C(O)C2O,tensor([8.4300])
CNC(=O)C12CC1C(n1cnc3c(NCc4cc(Cl)ccc4Cl)nc(Cl)nc31)C(O)C2O,tensor([9.2500])
CNC(=O)C12CC1C(n1cnc3c(NCc4cccc(F)c4)nc(Cl)nc31)C(O)C2O,tensor([8.6200])
c1ccc(CNc2nc3ccccc3c3nn(-c4ccccc4)cc23)cc1,tensor([6.9000])
COc1ccc(-n2cc3c(O)nc4ccccc4c3n2)cc1,tensor([7.8000])
Oc1nc2ccccc2c2nn(-c3ccccc3)cc12,tensor([7.5700])
c1ccc(-n2cc3cnc4ccccc4c3n2)cc1,tensor([6.6700])
Oc1nc2ccccc2c2nn(-c3ccccc3Cl)cc12,tensor([7.3600])
Cc1ccc(-n2cc3c(O)nc4ccccc4c3n2)cc1,tensor([8.0500])
Oc1nc2ccccc2c2nn(-c3ccc(F)cc3)cc12,tensor([7.5700])
Sc1nc2ccccc2c2nn(-c3ccccc3)cc12,tensor([6.6600])
Oc1nc2ccccc2c2nn(-c3ccc(Cl)cc3)cc12,tensor([7.7200])
CCc1ccc(-n2cc3c(O)nc4ccccc4c3n2)cc1,tensor([6.8000])
COc1nc2ccccc2c2nn(-c3ccccc3)cc12,tensor([6.7800])
Cc1cccnc1Nc1nc(-c2cccc(C#N)c2)c(-n2ccnc2)s1,tensor([7.3600])
N#Cc1cccc(-c2nc(Nc3cnccn3)sc2-n2ccnc2)c1,tensor([7.9600])
N#Cc1cccc(-c2nc(Nc3cccnc3)sc2-n2cncn2)c1,tensor([6.1600])
Cc1cccc(Nc2nc(-c3cccc(C#N)c3)c(-n3ccnc3C)s2)n1,tensor([6.3800])
N#Cc1cccc(-c2nc(Nc3cccnc3)sc2-n2ccnc2)c1,tensor([6.9100])
N#Cc1cccc(-c2nc(Nc3ccccn3)sc2-n2cncn2)c1,tensor([7.6200])
Cc1cccc(Nc2nc(-c3cccc(C#N)c3)c(-n3cncn3)s2)n1,tensor([7.4300])
N#Cc1cccc(-c2nc(Nc3cnccn3)sc2-n2cncn2)c1,tensor([7.8000])
Cc1nccn1-c1sc(Nc2cnccn2)nc1-c1cccc(C#N)c1,tensor([8.])
N#Cc1cccc(-c2nc(Nc3ccncc3)sc2-n2cncn2)c1,tensor([6.5200])
OC1OC(n2cnc3c(NC4CCCC4)nc(Cl)nc32)C(O)C1O,tensor([7.3800])
CC1(O)C(O)C(CO)OC1n1cnc2c(NC3CCCC3)nc(Cl)nc21,tensor([5.9400])
c1nc2nc(Nc3ccc(N4CCOCC4)cc3)[nH]c(NC3CCCCCC3)c-2n1,tensor([6.3800])
c1ccc(Oc2nc3ncnc-3c(NC3CCCCC3)[nH]2)cc1,tensor([7.3300])
c1ccc(Nc2nc3ncnc-3c(NC3CCCCCC3)[nH]2)cc1,tensor([7.3800])
c1ccc(Nc2nc3ncnc-3c(NC3CCCCC3)[nH]2)cc1,tensor([7.2900])
CCNc1nc(NC2CCCCC2)c2[nH]cnc2n1,tensor([5.9500])
c1ccc(Sc2nc3ncnc-3c(NC3CCCCC3)[nH]2)cc1,tensor([6.8700])
c1nc2nc(Nc3ccc(N4CCOCC4)cc3)nc(NC3CC3)c2[nH]1,tensor([5.7300])
c1ccc(Oc2nc(NC3CC4CCC3C4)c3nc[nH]c3n2)cc1,tensor([7.1300])
c1ccc2cc(Nc3nc4ncnc-4c(NC4CCCCC4)[nH]3)ccc2c1,tensor([5.6200])
c1nc2nc(Nc3ccc(N4CCOCC4)cc3)[nH]c(NC3CCC3)c-2n1,tensor([5.7400])
Cn1cnc2c(NC3CCCCCC3)nc(Nc3ccccc3)nc21,tensor([6.0200])
c1ccc(-c2ccc(Nc3nc4ncnc-4c(NC4CCCCC4)[nH]3)cc2)cc1,tensor([5.2700])
c1ccc(C2CCN(Nc3nc(NC4CCCCC4)c4nc[nH]c4n3)CC2)cc1,tensor([5.8000])
c1ccc(Nc2nc3ncnc-3c(NC3CCCCCCC3)[nH]2)cc1,tensor([6.4700])
c1ccc(CNc2nc(NC3CCCCC3)c3[nH]cnc3n2)cc1,tensor([6.0400])
CCc1ccccc1Nc1nc(NC2CCCCC2)c2[nH]cnc2n1,tensor([5.8400])
Cn1cnc2c(NC3CCCCC3)nc(Nc3ccccc3)nc21,tensor([7.1600])
CCNc1[nH]c(Nc2ccc(N3CCOCC3)cc2)nc2ncnc1-2,tensor([5.8200])
c1nc2nc(Nc3ccc(N4CCOCC4)cc3)nc(NC3CC4CCC3C4)c2[nH]1,tensor([6.9100])
c1nc2nc(Nc3ccc(N4CCOCC4)cc3)[nH]c(NC3CCCC3)c-2n1,tensor([5.8600])
c1nc2c(NC3CCCCC3)nc(Nc3ccc(N4CCOCC4)cc3)nc2[nH]1,tensor([6.1800])
c1ccc(Nc2nc(NC3CC4CCC3C4)c3nc[nH]c3n2)cc1,tensor([7.4300])
CN(C)c1ccc(Nc2nc(NC3CCCCC3)c3[nH]cnc3n2)cc1,tensor([7.1600])
CCNC(=O)C1OC(n2cnc3c(NC(=O)Nc4ccc(S(=O)(=O)NCc5ccccc5)cc4)ncnc32)C(O)C1O,tensor([7.6200])
CCNC(=O)C1OC(n2cnc3c(NC(=O)Nc4ccc(S(=O)(=O)N5CCCC5)cc4)ncnc32)C(O)C1O,tensor([7.6600])
CCCNS(=O)(=O)c1ccc(NC(=O)Nc2ncnc3c2ncn3C2OC(C(=O)NCC)C(O)C2O)cc1,tensor([7.6000])
CCNC(=O)C1OC(n2cnc3c(NC(=O)Nc4ccc(S(=O)(=O)NC5CCCC5)cc4)ncnc32)C(O)C1O,tensor([7.6200])
CCNC(=O)C1OC(n2cnc3c(NC(=O)Nc4ccc(S(=O)(=O)Nc5ccc(OC)cc5)cc4)ncnc32)C(O)C1O,tensor([7.6400])
CCNC(=O)C1OC(n2cnc3c(NC(=O)Nc4ccc(S(=O)(=O)NCC)cc4)ncnc32)C(O)C1O,tensor([7.6400])
CCNC(=O)C1OC(n2cnc3c(NC(=O)Nc4ccc(S(=O)(=O)NC5CCCCC5)cc4)ncnc32)C(O)C1O,tensor([7.6400])
CCNC(=O)C1OC(n2cnc3c(NC(=O)Nc4ccc(S(=O)(=O)N(C)C)cc4)ncnc32)C(O)C1O,tensor([7.9200])
CCNC(=O)C1OC(n2cnc3c(NC(=O)Nc4ccc(S(=O)(=O)N(CCCl)CCCl)cc4)ncnc32)C(O)C1O,tensor([7.6400])
CCNC(=O)C1OC(n2cnc3c(NC(=O)Nc4ccc(S(N)(=O)=O)cc4)ncnc32)C(O)C1O,tensor([7.8300])
CCNC(=O)C1OC(n2cnc3c(NC(=O)Nc4ccc(S(=O)(=O)N(C)C(C)C)cc4)ncnc32)C(O)C1O,tensor([8.1000])
C=CCN(C)S(=O)(=O)c1ccc(NC(=O)Nc2ncnc3c2ncn3C2OC(C(=O)NCC)C(O)C2O)cc1,tensor([8.])
C=CCN(CC=C)S(=O)(=O)c1ccc(NC(=O)Nc2ncnc3c2ncn3C2OC(C(=O)NCC)C(O)C2O)cc1,tensor([8.])
CCNC(=O)C1OC(n2cnc3c(NC(=O)Nc4ccc(S(=O)(=O)NC(C)(C)C)cc4)ncnc32)C(O)C1O,tensor([7.7000])
CCNC(=O)C1OC(n2cnc3c(NC(=O)Nc4ccc(S(=O)(=O)N5CCCCC5)cc4)ncnc32)C(O)C1O,tensor([7.7700])
CCNC(=O)C1OC(n2cnc3c(NC(=O)Nc4ccc(S(=O)(=O)N5CCOCC5)cc4)ncnc32)C(O)C1O,tensor([7.7000])
CCNC(=O)C1OC(n2cnc3c(NC(=O)Nc4ccc(S(=O)(=O)N(CC)CC)cc4)ncnc32)C(O)C1O,tensor([8.0500])
CCCN(CCC)S(=O)(=O)c1ccc(NC(=O)Nc2ncnc3c2ncn3C2OC(C(=O)NCC)C(O)C2O)cc1,tensor([7.8500])
CCNC(=O)C1OC(n2cnc3c(NC(=O)Nc4ccc(S(=O)(=O)NC56CC7CC(CC(C7)C5)C6)cc4)ncnc32)C(O)C1O,tensor([7.4600])
CCNC(=O)C1OC(n2cnc3c(NC(=O)Nc4ccc(S(=O)(=O)N5CC=CC5)cc4)ncnc32)C(O)C1O,tensor([7.7200])
CCCCCNS(=O)(=O)c1ccc(NC(=O)Nc2ncnc3c2ncn3C2OC(C(=O)NCC)C(O)C2O)cc1,tensor([7.1000])
CCCn1c(=O)c2c(nc3[nH]c(-c4ccccc4)cn32)n(Cc2ccccc2)c1=O,tensor([6.9400])
CCCn1c(=O)c2c(nc3n2C(C)C(C)=C3)n(Cc2ccccc2)c1=O,tensor([7.1000])
CCCn1c(=O)c2c(nc3n2CC(C)=C3)n(Cc2ccccc2)c1=O,tensor([8.1000])
COc1ccc(-c2nc3c(O)nc4ccc(C)cc4n3n2)cc1,tensor([8.6000])
CCOC(=O)c1nc2c(=O)n(C(=O)OCC)c3ccccc3n2n1,tensor([7.5500])
Oc1nc2ccccc2n2nc(-c3ccco3)nc12,tensor([7.4800])
CCOC(=O)c1nc2c(O)nc3cc(Cl)ccc3n2n1,tensor([6.4700])
O=C(NCc1ccccc1)c1nc2c(O)nc3ccccc3n2n1,tensor([7.0900])
CCOC(=O)c1nc2c(O)nc3ccc(N)cc3n2n1,tensor([7.6000])
CCOC(=O)c1nc2c(O)nc3ccc(Cl)cc3n2n1,tensor([6.2500])
COc1ccc(-c2nc3c(N)nc4ccc(Cl)cc4n3n2)cc1,tensor([8.5400])
CCOC(=O)c1nc2c(=O)n(C)c3ccccc3n2n1,tensor([6.0900])
Cc1ccc2c(c1)n1nc(-c3ccccc3)nc1c(=O)n2C,tensor([6.5100])
Oc1nc2ccccc2n2nc(-c3cccs3)nc12,tensor([8.7000])
CCOC(=O)c1nc2c(O)nc3ccc(NC(C)=O)cc3n2n1,tensor([6.1700])
COc1ccc(-c2nc3c(O)nc4ccc(Cl)cc4n3n2)cc1,tensor([7.5900])
CC(C)OC(=O)c1nc2c(O)nc3ccccc3n2n1,tensor([6.3800])
Oc1nc2ccc(Cl)cc2n2nc(-c3ccco3)nc12,tensor([8.2200])
O=C(OCc1ccccc1)c1nc2c(O)nc3ccccc3n2n1,tensor([7.2900])
COc1ccc(-c2nc3c(O)nc4ccccc4n3n2)cc1,tensor([8.6800])
Oc1nc2ccc(Cl)cc2n2nc(-c3ccccc3)nc12,tensor([6.7900])
CCOC(=O)c1nc2c(O)nc3ccccc3n2n1,tensor([7.1500])
CCOC(=O)c1nc2c(O)nc3ccc(C)cc3n2n1,tensor([6.9700])
Cc1ccc2nc(O)c3nc(-c4ccccc4)nn3c2c1,tensor([6.9600])
CCOC(=O)c1nc2c(O)nc3cc(N)ccc3n2n1,tensor([6.4500])
Oc1nc2ccc(Cl)cc2n2nc(-c3ccsc3)nc12,tensor([6.9000])
Nc1nc2ccc(Cl)cc2n2nc(-c3ccccc3)nc12,tensor([7.0400])
Oc1nc2ccc(Cl)cc2n2nc(-c3cccs3)nc12,tensor([6.5900])
Oc1nc2ccc(Cl)cc2n2nc(-c3ccoc3)nc12,tensor([7.1100])
CNC(=O)C12CC1C(n1cnc3c(NC4CCCC4)nc(Cl)nc31)C(O)C2O,tensor([8.4300])
OCC1OC(n2cnc3c(NC4CCCC4)nc(Cl)nc32)C(O)C1O,tensor([7.4200])
CNC(=O)C12CC1C(n1cnc3c(NC4C5CCC4CC5)nc(Cl)nc31)C(O)C2O,tensor([7.8400])
OCC1OC(n2cnc3c(NC4C5CCC4CC5)ncnc32)C(O)C1O,tensor([6.6400])
CNC(=O)C12CC1C(n1cnc3c(NC4CCCC4)ncnc31)C(O)C2O,tensor([7.8800])
OCC1OC(n2cnc3c(NC4CCCC4)ncnc32)C(O)C1O,tensor([6.6200])
CCSc1cccc2[nH]c(-c3cnc4ccccc4n3)nc12,tensor([6.0200])
Cc1cc2nc(-c3cnc4ccccc4n3)[nH]c2cc1C,tensor([6.4300])
Clc1cc(Cl)c2[nH]c(-c3cnc4ccccc4n3)nc2c1,tensor([6.1600])
Cc1nc2c([nH]1)c1nc(C)[nH]c1c1nc(C)[nH]c21,tensor([6.8900])
CCc1nc2c3[nH]c(C)nc3c3[nH]c(C)nc3c2[nH]1,tensor([6.8300])
Cc1cc(Cl)cc2[nH]c(-c3cnc4ccccc4n3)nc12,tensor([6.6200])
CSc1cccc2[nH]c(-c3cnc4ccccc4n3)nc12,tensor([6.5600])
CCc1nc2c([nH]1)c1nc(CC)[nH]c1c1nc(CC)[nH]c21,tensor([6.9800])
c1ccc2nc(-c3nc4cc[nH]cc-4n3)cnc2c1,tensor([6.7800])
CCc1nc2c([nH]1)c1nc(C)[nH]c1c1nc(CC)[nH]c12,tensor([6.8700])
Clc1cccc2[nH]c(-c3cnc4ccccc4n3)nc12,tensor([6.8500])
Clc1ccc2[nH]c(-c3cnc4ccccc4n3)nc2c1,tensor([6.2000])
O=c1[nH]c2ccccc2nc1-c1cc(Cl)n[nH]1,tensor([6.9000])
Cc1cccc2[nH]c(-c3cnc4ccccc4n3)nc12,tensor([7.5800])
CC1CSc2nc3nnnc-3c(O)n21,tensor([6.3600])
Oc1c2nnnc-2nc2n1CCCS2,tensor([6.3600])
O=[N+]([O-])c1cccc2[nH]c(-c3cnc4ccccc4n3)nc12,tensor([6.0600])
CCNC(=O)C1SC(n2cnc3c(NC4CC4)nc(Cl)nc32)C(O)C1O,tensor([9.1700])
CNC(=O)C1SC(n2cnc3c(NCc4ccccc4C)nc(Cl)nc32)C(O)C1O,tensor([8.6600])
CNC(=O)C1SC(n2cnc3c(NC4CCCC4)nc(Cl)nc32)C(O)C1O,tensor([8.3700])
CNc1nc(Cl)nc2c1ncn2C1SC(C(=O)N2CCC(Cc3ccccc3)CC2)C(O)C1O,tensor([5.4600])
O=C(NCCc1ccccc1)C1SC(n2cnc3c(NCc4cccc(I)c4)nc(Cl)nc32)C(O)C1O,tensor([6.3600])
CNc1nc(Cl)nc2c1ncn2C1SC(C(=O)N(C)C)C(O)C1O,tensor([5.8200])
O=C(NCc1cccc(C(F)(F)F)c1)C1SC(n2cnc3c(NCc4cccc(I)c4)nc(Cl)nc32)C(O)C1O,tensor([6.4500])
O=C(C1SC(n2cnc3c(NC4CC4)nc(Cl)nc32)C(O)C1O)N1CCC(Cc2ccccc2)CC1,tensor([5.4000])
Cc1ccccc1CNc1nc(Cl)nc2c1ncn2C1SC(C(=O)N2CCOCC2)C(O)C1O,tensor([5.1200])
CNc1nc(Cl)nc2c1ncn2C1SC(C(=O)N2CCN(c3ccc(F)cc3)CC2)C(O)C1O,tensor([5.5700])
CNc1nc(Cl)nc2c1ncn2C1SC(C(=O)N2CCOCC2)C(O)C1O,tensor([5.4100])
Cc1ccccc1CNc1nc(Cl)nc2c1ncn2C1SC(C(=O)NCC2CC2)C(O)C1O,tensor([7.5300])
O=C(C1SC(n2cnc3c(NCc4cccc(I)c4)nc(Cl)nc32)C(O)C1O)N1CCN(c2ccc(F)cc2)CC1,tensor([5.8400])
O=C(NC1CC1)C1SC(n2cnc3c(NC4CC4)nc(Cl)nc32)C(O)C1O,tensor([8.2600])
O=C(NCCC(c1ccccc1)c1ccccc1)C1SC(n2cnc3c(NCc4cccc(I)c4)nc(Cl)nc32)C(O)C1O,tensor([6.4600])
CCNC(=O)C1SC(n2cnc3c(NCc4cccc(I)c4)nc(Cl)nc32)C(O)C1O,tensor([9.0500])
CC(C)CCNC(=O)C1SC(n2cnc3c(NCc4cccc(I)c4)nc(Cl)nc32)C(O)C1O,tensor([7.3800])
CCNC(=O)C1SC(n2cnc3c(NCc4ccccc4C)nc(Cl)nc32)C(O)C1O,tensor([8.6000])
O=C(NCC1CC1)C1SC(n2cnc3c(NCc4cccc(I)c4)nc(Cl)nc32)C(O)C1O,tensor([8.4400])
Cc1ccccc1CNc1nc(Cl)nc2c1ncn2C1SC(C(=O)N(C)C)C(O)C1O,tensor([6.2000])
O=C(NC1CC1)C1SC(n2cnc3c(NCc4cccc(I)c4)nc(Cl)nc32)C(O)C1O,tensor([8.5300])
O=C(C1SC(n2cnc3c(NCc4cccc(I)c4)nc(Cl)nc32)C(O)C1O)N1CCC(Cc2ccccc2)CC1,tensor([6.0600])
CNc1nc(Cl)nc2c1ncn2C1SC(C(=O)NCCc2cccc(F)c2)C(O)C1O,tensor([7.0700])
O=C(NCc1cccc(Cl)c1)C1SC(n2cnc3c(NCc4cccc(I)c4)nc(Cl)nc32)C(O)C1O,tensor([6.5100])
CNc1nc(Cl)nc2c1ncn2C1SC(C(=O)NC2CC2)C(O)C1O,tensor([8.5500])
Cc1ccccc1CNc1nc(Cl)nc2c1ncn2C1SC(C(=O)N2CCC(Cc3ccccc3)CC2)C(O)C1O,tensor([4.3100])
CNC(=O)C1SC(n2cnc3c(NC4CC4)nc(Cl)nc32)C(O)C1O,tensor([8.6500])
O=C(C1SC(n2cnc3c(NC4CC4)nc(Cl)nc32)C(O)C1O)N1CCOCC1,tensor([5.3500])
CCNC(=O)C1SC(n2cnc3c(NC4CCCC4)nc(Cl)nc32)C(O)C1O,tensor([8.5500])
O=C(NC1CCC1)C1SC(n2cnc3c(NCc4cccc(I)c4)nc(Cl)nc32)C(O)C1O,tensor([7.7400])
Cc1ccccc1CNc1nc(Cl)nc2c1ncn2C1SC(C(=O)NC2CC2)C(O)C1O,tensor([7.5600])
CNc1nc(Cl)nc2c1ncn2C1SC(C(=O)NCCC(c2ccccc2)c2ccccc2)C(O)C1O,tensor([6.3800])
CNc1nc(Cl)nc2c1ncn2C1SC(C(=O)NCC2CC2)C(O)C1O,tensor([8.9600])
CNc1nc(Cl)nc2c1ncn2C1SC(C(=O)NCCC(C)C)C(O)C1O,tensor([8.7900])
CNc1nc(Cl)nc2c1ncn2C1SC(C(=O)NCc2cccc(F)c2)C(O)C1O,tensor([7.7600])
O=C(C1SC(n2cnc3c(NCc4cccc(I)c4)nc(Cl)nc32)C(O)C1O)N1CCOCC1,tensor([6.2900])
Cn1c(=O)c2nc(-c3ccc(S(=O)(=O)NCCc4ccccc4)cc3)[nH]c2n(C)c1=O,tensor([5.9600])
CN(C)C(=O)C1SC(n2cnc3c(NCc4cccc(I)c4)nc(Cl)nc32)C(O)C1O,tensor([7.8100])
CN(C)C(=O)C1OC(n2cnc3c(NCc4cccc(I)c4)nc(Cl)nc32)C(O)C1O,tensor([7.5400])
CN(C)C(=O)C1OC(n2cnc3c(NCc4cccc(I)c4)nc(N(C)C)nc32)C(O)C1O,tensor([6.5000])
O=C(Nc1nc2ccccc2n2c(=O)n(-c3ccccc3)nc12)C(c1ccccc1)c1ccccc1,tensor([9.0900])
O=C(c1ccccc1)N(C(=O)c1ccccc1)c1nc2ccccc2n2c(=O)n(-c3ccccc3)nc12,tensor([8.2800])
O=C(Nc1nc2c([N+](=O)[O-])cccc2n2c(=O)n(-c3ccccc3)nc12)c1ccccc1,tensor([7.6600])
COc1ccc(-n2nc3c(NC(=O)C(c4ccccc4)c4ccccc4)nc4c([N+](=O)[O-])cccc4n3c2=O)cc1,tensor([9.1000])
COc1ccc(-n2nc3c(NC(=O)c4ccccc4)nc4c([N+](=O)[O-])cccc4n3c2=O)cc1,tensor([6.6600])
O=C(Nc1nc2ccccc2n2c(=O)n(-c3ccc([N+](=O)[O-])cc3)nc12)c1ccccc1,tensor([7.])
Nc1cccc2c1nc(NC(=O)c1ccccc1)c1nn(-c3ccccc3)c(=O)n12,tensor([7.6600])
COc1ccc(-n2nc3c(NC(=O)C(c4ccccc4)c4ccccc4)nc4ccccc4n3c2=O)cc1,tensor([7.3600])
Nc1cccc2c1nc(N(C(=O)c1ccccc1)C(=O)c1ccccc1)c1nn(-c3ccccc3)c(=O)n12,tensor([5.9100])
O=C(Nc1nc2c([N+](=O)[O-])cccc2n2c(=O)n(-c3ccccc3)nc12)C(c1ccccc1)c1ccccc1,tensor([7.8300])
COc1ccc(-n2nc3c(N(C(=O)c4ccccc4)C(=O)c4ccccc4)nc4c([N+](=O)[O-])cccc4n3c2=O)cc1,tensor([6.4600])
COc1ccc(-n2nc3c(N(C(=O)c4ccccc4)C(=O)c4ccccc4)nc4ccccc4n3c2=O)cc1,tensor([8.4800])
O=C(Nc1nc2ccccc2n2c(=O)n(-c3ccccc3)nc12)c1ccccc1,tensor([8.8300])
CC(=O)Nc1nc2c(N)cccc2n2c(=O)n(-c3ccccc3)nc12,tensor([7.3200])
COc1ccc(-n2nc3c(NC(=O)c4ccccc4)nc4ccccc4n3c2=O)cc1,tensor([8.5400])
COc1ccc(-n2nc3c(NC(=O)c4ccccc4)nc4c(N)cccc4n3c2=O)cc1,tensor([9.])
Nc1cccc2c1nc(NC(=O)C(c1ccccc1)c1ccccc1)c1nn(-c3ccccc3)c(=O)n12,tensor([8.0600])
COc1ccc(-n2nc3c(NC(=O)C(c4ccccc4)c4ccccc4)nc4c(N)cccc4n3c2=O)cc1,tensor([8.5900])
COc1ccc(-n2nc3c(NC(C)=O)nc4ccccc4n3c2=O)cc1,tensor([7.4500])
COc1ccc(-n2nc3c(NC(C)=O)nc4c(N)cccc4n3c2=O)cc1,tensor([8.2600])
O=C(Nc1ccccc1)Nc1nc(N2CCCC2)nc2ccccc12,tensor([7.0900])
CCn1cc2c(n1)N=C(NC(=O)Nc1ccc(C)cc1)N1NC(c3ccco3)=NC21,tensor([9.8500])
O=C(Nc1ccccc1)Nc1nc(-c2cccnc2)nc2ccccc12,tensor([7.2900])
O=C(Nc1nc(-c2ccccn2)cc2ccccc12)c1ccc(Cl)cc1,tensor([6.7000])
COc1cccc(C(=O)Nc2nc(-c3ccccn3)cc3ccccc23)c1,tensor([6.8200])
COc1ccc(C(=O)Nc2nc(-c3ccccn3)cc3ccccc23)cc1,tensor([7.7700])
CC(=O)Nc1nc2ccc(Cl)cc2c2nc(-c3ccco3)nn12,tensor([7.8600])
O=C(Nc1ccccc1)Nc1ncnc2ccccc12,tensor([5.9200])
Cn1cc2c(nc(NC(=O)Nc3ccncc3)n3nc(-c4ccco4)nc23)n1,tensor([10.4000])
COc1ccc(C(=O)Nc2nc(-c3ccccn3)cc3ccccc23)cc1OC,tensor([6.5100])
O=C(Nc1cccnc1)Nc1nc2nn(CCO)cc2c2nc(-c3ccco3)nn12,tensor([7.4700])
CCCn1cc2c(nc(N)n3nc(-c4ccco4)nc23)n1,tensor([6.2100])
Nc1nc2n[nH]cc2c2nc(-c3ccco3)nn12,tensor([6.4600])
CCOC(=O)c1c(-c2ccccc2)nc(CC)c(C(=O)SCC)c1CC,tensor([7.8700])
O=C(Nc1nc(-c2ccccn2)cc2ccccc12)c1cccc(Cl)c1,tensor([6.1100])
CCn1cc2c(n1)N=C(NC(=O)Nc1ccccc1OC)N1NC(c3ccco3)=NC21,tensor([9.2500])
CCn1cc2c(nc(NC(=O)Nc3ccc(S(=O)(=O)O)cc3)n3nc(-c4ccco4)nc23)n1,tensor([7.4000])
CCCOC(=O)c1c(C)nc(-c2ccccc2)c(C(=O)OCC)c1C,tensor([6.6800])
CCn1cc2c(nc(N)n3nc(-c4ccco4)nc23)n1,tensor([5.4400])
CCCc1nc(-c2ccccc2)c(C(=O)OCC)c(CC)c1C(=O)SCC,tensor([7.4800])
CCN(CC)c1nc(NC(=O)Nc2ccccc2)c2ccccc2n1,tensor([6.7500])
Cc1ccc(C(=O)Nc2nc(-c3ccccn3)cc3ccccc23)cc1C,tensor([7.1600])
CCOC(=O)c1c(CC)c(C(=O)OCC)c(-c2ccccc2)[n+](C)c1C,tensor([6.4200])
Cc1cccc(C(=O)Nc2nc(-c3ccccn3)cc3ccccc23)c1,tensor([6.6200])
CCCc1c(C(=O)SCC)c(C)nc(-c2ccccc2)c1C(=O)OCC,tensor([6.7100])
CCCOC(=O)c1c(-c2ccccc2)nc(CC)c(C(=O)OCC)c1CC,tensor([8.0800])
CCCOC(=O)c1c(CC)nc(-c2cccc(Cl)c2)c(C(=O)OCCC)c1CC,tensor([8.1000])
CCn1cc2c(n1)N=C(NC(=O)Nc1ccc(F)cc1)N1NC(c3ccco3)=NC21,tensor([9.0700])
CCCOC(=O)c1c(-c2ccccc2)nc(CC)c(C(=O)OCC)c1CCC,tensor([7.7200])
O=C(Nc1nc(-c2ccccn2)cc2ccccc12)c1ccccc1,tensor([6.7000])
CCCn1cc2c(nc(NC(=O)Nc3ccc(S(=O)(=O)O)cc3)n3nc(-c4ccco4)nc23)n1,tensor([7.5200])
Cc1ccc(C(=O)Nc2nc(-c3ccccn3)cc3ccccc23)cc1,tensor([7.0200])
CCOC(=O)c1c(C)nc(-c2ccccc2)c(C(=O)OCC)c1C,tensor([5.3500])
O=C(Nc1ccncc1)Nc1nc2nn(CCO)cc2c2nc(-c3ccco3)nn12,tensor([8.2900])
Cc1ccc(C(=O)Nc2nc(-c3ccccn3)cc3ccccc23)c(C)c1,tensor([6.4400])
CCn1cc2c(nc(NC(=O)Nc3cccc(Cl)c3)n3nc(-c4ccco4)nc23)n1,tensor([8.6800])
CCOC(=O)c1c(C)nc(-c2ccccc2)c(C(=O)OCC)c1CC,tensor([6.7500])
O=C(Nc1ccncc1)Nc1nc2nn(CCOCc3ccccc3)cc2c2nc(-c3ccco3)nn12,tensor([7.5700])
CCOC(=O)c1c(-c2ccccc2)nc(C)c(C(=O)SCC)c1C,tensor([7.7000])
O=C(Nc1cccnc1)Nc1nc2nn(CCOCc3ccccc3)cc2c2nc(-c3ccco3)nn12,tensor([8.0500])
O=C(Nc1nc2ccc(Cl)cc2c2nc(-c3ccco3)nn12)c1ccccc1,tensor([8.5200])
CCSC(=O)c1c(CC)nc(-c2ccccc2)c(C(=O)OCCO)c1CC,tensor([6.7300])
O=C(Cc1ccccc1)Nc1nc2ccc(Cl)cc2c2nc(-c3ccco3)nn12,tensor([9.1900])
O=C(Nc1ccncc1)Nc1nc2nn(CCCO)cc2c2nc(-c3ccco3)nn12,tensor([8.7000])
O=C(Nc1ccccc1)Nc1nc(-c2ccccn2)nc2ccccc12,tensor([6.3100])
Cc1cccnc1-c1nc(NC(=O)Nc2ccccc2)c2ccccc2n1,tensor([6.5800])
O=C(Nc1ccncc1)Nc1nc2nn(CCCOCc3ccccc3)cc2c2nc(-c3ccco3)nn12,tensor([7.8500])
CCC(=O)Nc1nc2ccc(Cl)cc2c2nc(-c3ccco3)nn12,tensor([8.1100])
CCOC(=O)c1c(CC)c(C(=O)SCC)c(CC)[n+](C)c1-c1ccccc1,tensor([6.6600])
CCCn1c(=O)c2[nH]c(-c3ccc(OCC(=O)Nc4ccc(C#N)cc4)cc3)nc2n(CCC)c1=O,tensor([6.2400])
CCCn1c(=O)c2[nH]c(-c3cnn(Cc4cccc(C(F)(F)F)c4)c3)nc2n(CCC)c1=O,tensor([6.8200])
CCCn1c(=O)c2nc(-c3cn[nH]c3)[nH]c2n(CCC)c1=O,tensor([7.6400])
Cn1c(=O)c2nc(-c3cnn(Cc4cccc(C(F)(F)F)c4)c3)[nH]c2n(C)c1=O,tensor([6.])
CCCn1c(=O)c2[nH]c(-c3cnn(Cc4cccc(F)c4)c3)nc2n(CCC)c1=O,tensor([7.2500])
CCCn1c(=O)[nH]c(=O)c2nc[nH]c21,tensor([4.0300])
CCCn1c(=O)c2nc(-c3cnn(Cc4cc(C(F)(F)F)ccc4Cl)c3)[nH]c2n(CCC)c1=O,tensor([5.5500])
CCCn1c(=O)c2nc(-c3cnn(Cc4nc(-c5ccccc5C(F)(F)F)no4)c3)[nH]c2n(CCC)c1=O,tensor([6.4700])
CCCn1c(=O)c2nc(-c3cnn(Cc4noc(-c5ccccc5Cl)n4)c3)[nH]c2n(CCC)c1=O,tensor([6.4800])
CCCn1c(=O)c2nc(-c3cnn(Cc4nc(-c5ccccc5Cl)no4)c3)[nH]c2n(CCC)c1=O,tensor([6.3100])
CCCn1c(=O)c2nc(-c3cnn(Cc4noc(-c5ccccc5C(F)(F)F)n4)c3)[nH]c2n(CCC)c1=O,tensor([6.2100])
CCCn1c(=O)c2[nH]c(-c3cnn(Cc4noc(-c5ccccc5)n4)c3)nc2n(CCC)c1=O,tensor([6.2000])
CCCn1c(=O)c2nc(-c3cnn(Cc4nc(-c5cccc(C(F)(F)F)c5)no4)c3)[nH]c2n(CCC)c1=O,tensor([6.0200])
CCCn1c(=O)c2nc(-c3cnn(Cc4cc(-c5ccc(OC)cc5)on4)c3)[nH]c2n(CCC)c1=O,tensor([5.5200])
CCCn1c(=O)c2nc(-c3cnn(Cc4noc(-c5ccc(C#N)cc5)n4)c3)[nH]c2n(CCC)c1=O,tensor([6.1900])
CCCn1c(=O)c2nc(-c3cnn(Cc4noc(-c5cccc(Cl)c5)n4)c3)[nH]c2n(CCC)c1=O,tensor([5.5200])
CCCn1c(=O)c2nc(-c3cnn(Cc4nc(-c5ccccc5OC)no4)c3)[nH]c2n(CCC)c1=O,tensor([6.3900])
CCCn1c(=O)c2nc(-c3cnn(Cc4nc(-c5ccc(Cl)cc5)no4)c3)[nH]c2n(CCC)c1=O,tensor([6.4000])
CCCn1c(=O)c2nc(-c3cnn(Cc4cc(-c5cccc(Cl)c5)on4)c3)[nH]c2n(CCC)c1=O,tensor([5.3600])
CCCn1c(=O)c2nc(-c3cnn(Cc4nc(-c5ccc(OC)cc5)no4)c3)[nH]c2n(CCC)c1=O,tensor([5.8200])
CCCn1c(=O)c2nc(-c3cnn(Cc4cc(-c5ccccc5C(F)(F)F)on4)c3)[nH]c2n(CCC)c1=O,tensor([5.3800])
CCCn1c(=O)c2nc(-c3cnn(Cc4cc(-c5ccc(Cl)cc5)on4)c3)[nH]c2n(CCC)c1=O,tensor([5.4800])
CCCn1c(=O)c2nc(-c3cnn(Cc4cc(-c5ccccc5OC)on4)c3)[nH]c2n(CCC)c1=O,tensor([5.3100])
CCCn1c(=O)c2nc(-c3cnn(Cc4noc(-c5cccc(OC)c5)n4)c3)[nH]c2n(CCC)c1=O,tensor([5.7000])
CCCn1c(=O)c2nc(-c3cnn(Cc4noc(-c5ccc(C(F)(F)F)cc5)n4)c3)[nH]c2n(CCC)c1=O,tensor([5.8900])
CCCn1c(=O)c2nc(-c3cnn(Cc4nc(-c5cccc(Cl)c5)no4)c3)[nH]c2n(CCC)c1=O,tensor([6.3100])
CCCn1c(=O)c2nc(-c3cnn(Cc4nc(-c5ccccc5)no4)c3)[nH]c2n(CCC)c1=O,tensor([6.3200])
CCCn1c(=O)c2nc(-c3cnn(CC(=O)Nc4ccccc4Cl)c3)[nH]c2n(CCC)c1=O,tensor([5.9200])
CCCn1c(=O)c2nc(-c3cnn(Cc4noc(-c5ccc(OC)cc5)n4)c3)[nH]c2n(CCC)c1=O,tensor([5.6400])
CCCn1c(=O)c2nc(-c3cnn(Cc4nc(-c5ccc(C#N)cc5)no4)c3)[nH]c2n(CCC)c1=O,tensor([6.0200])
CCCn1c(=O)c2nc(-c3cnn(Cc4cc(-c5ccccc5Cl)on4)c3)[nH]c2n(CCC)c1=O,tensor([5.6400])
CCCn1c(=O)c2nc(-c3cnn(Cc4nc(-c5ccc(C)cc5)no4)c3)[nH]c2n(CCC)c1=O,tensor([5.0600])
CCCn1c(=O)c2nc(-c3cnn(Cc4nc(-c5cccc(OC)c5)no4)c3)[nH]c2n(CCC)c1=O,tensor([6.2200])
CCCn1c(=O)c2nc(-c3cnn(Cc4nc(-c5ccc(C(F)(F)F)cc5)no4)c3)[nH]c2n(CCC)c1=O,tensor([5.8900])
CCCn1c(=O)c2[nH]c(-c3cnn(Cc4cc(-c5ccccc5)on4)c3)nc2n(CCC)c1=O,tensor([5.7500])
CCCn1c(=O)c2nc(-c3cnn(Cc4noc(-c5cccc(C(F)(F)F)c5)n4)c3)[nH]c2n(CCC)c1=O,tensor([5.7500])
CCCn1c(=O)c2nc(-c3cnn(Cc4cc(-c5ccc(C(F)(F)F)cc5)on4)c3)[nH]c2n(CCC)c1=O,tensor([5.9200])
CCCn1c(=O)c2nc(-c3cnn(Cc4nc(-c5cccc(C)c5)no4)c3)[nH]c2n(CCC)c1=O,tensor([6.0100])
OC1CSC(n2cnc3c(NCc4cccc(Br)c4)nc(Cl)nc32)C1O,tensor([8.0500])
COc1ccccc1CNc1nc(Cl)nc2c1ncn2C1SCC(O)C1O,tensor([7.7000])
OC1CSC(n2cnc3c(NCc4cccc(Cl)c4)nc(Cl)nc32)C1O,tensor([8.7800])
OC1CSC(n2cnc3c(NCc4cccc5ccccc45)nc(Cl)nc32)C1O,tensor([7.6100])
OC1CSC(n2cnc3c(NCc4cccc(I)c4)nc(Cl)nc32)C1O,tensor([8.3800])
O=C1NCCC12OC(n1cnc3c(NCc4cccc(I)c4)ncnc31)C(O)C2O,tensor([7.5300])
OC1CSC(n2cnc3c(NCc4cccc(F)c4)nc(Cl)nc32)C1O,tensor([8.1300])
CNc1nc(Cl)nc2c1ncn2C1SCC(O)C1O,tensor([8.4300])
COc1ccc(Cl)cc1CNc1nc(Cl)nc2c1ncn2C1SCC(O)C1O,tensor([7.9000])
OC1CSC(n2cnc3c(NCc4ccccc4Cl)nc(Cl)nc32)C1O,tensor([7.5900])
O=C(Nc1nc2ccccc2c2cn(-c3ccccc3)nc12)C(c1ccccc1)c1ccccc1,tensor([8.0500])
O=c1[nH]c2ccccc2c2cn(-c3ccc([N+](=O)[O-])cc3)nc12,tensor([7.0700])
CC(=O)Nc1nc2ccccc2c2cn(-c3ccc(C)cc3)nc12,tensor([6.9100])
COc1cccc(-n2cc3c(n2)c(N)nc2ccccc23)c1,tensor([6.6400])
Cc1cccc(-n2cc3c(n2)c(NC(=O)C(c2ccccc2)c2ccccc2)nc2ccccc23)c1,tensor([7.8500])
COc1ccc(-n2cc3c(n2)c(N(C(=O)c2ccccc2)C(=O)c2ccccc2)nc2ccccc23)cc1,tensor([7.7600])
COc1ccc(-n2cc3c(n2)c(NC(=O)c2ccccc2)nc2ccccc23)cc1,tensor([8.4700])
Cc1cccc(-n2cc3c(n2)c(NC(=O)NCc2ccccc2)nc2ccccc23)c1,tensor([8.4700])
CC(=O)Nc1nc2ccccc2c2cn(-c3cccc(C)c3)nc12,tensor([7.5100])
Cc1ccc(-n2cc3c(n2)c(NC(=O)Cc2ccccc2)nc2ccccc23)cc1,tensor([8.2500])
Cc1cccc(-n2cc3c(n2)c(NC(=O)Cc2ccccc2)nc2ccccc23)c1,tensor([8.4100])
O=C(c1ccccc1)N(C(=O)c1ccccc1)c1nc2ccccc2c2cn(-c3ccccc3)nc12,tensor([8.2100])
O=c1[nH]c2ccccc2c2cn(Cc3ccccc3)nc12,tensor([7.1300])
COc1cccc(-n2cc3c(n2)c(=O)[nH]c2ccccc23)c1,tensor([8.1400])
Cc1cccc(-n2cc3c(n2)c(NC(=O)c2ccccc2)nc2ccccc23)c1,tensor([8.3700])
Cc1cccc(-n2cc3c(n2)c(N(C(=O)c2ccccc2)C(=O)c2ccccc2)nc2ccccc23)c1,tensor([7.6300])
COc1ccc(-n2cc3c(n2)c(NC(=O)C(c2ccccc2)c2ccccc2)nc2ccccc23)cc1,tensor([8.0500])
Cc1ccc(-n2cc3c(n2)c(N(C(=O)c2ccccc2)C(=O)c2ccccc2)nc2ccccc23)cc1,tensor([7.5200])
Cc1ccc(-n2cc3c(n2)c(NC(=O)c2ccccc2)nc2ccccc23)cc1,tensor([8.3600])
COc1ccc(-n2cc3c(n2)c(NC(C)=O)nc2ccccc23)cc1,tensor([6.9900])
Cc1ccc(-n2cc3c(n2)c(NC(=O)NCc2ccccc2)nc2ccccc23)cc1,tensor([6.5900])
COc1ccc(-n2cc3c(n2)c(NC(=O)Cc2ccccc2)nc2ccccc23)cc1,tensor([8.3500])
Cc1ccc(-n2cc3c(n2)c(NC(=O)C(c2ccccc2)c2ccccc2)nc2ccccc23)cc1,tensor([7.9400])
Cn1c(=O)c2c(nc3n2CCCN3CCOc2ccc(Cl)cc2)n(C)c1=O,tensor([5.])
O=C(Nc1cccc(Cl)c1)Nc1nc2ccccc2n2c(=O)c(-c3ccccc3)nn12,tensor([7.3100])
O=C(Nc1nc2ccccc2n2c(=O)c(-c3ccccc3)nn12)c1ccccc1,tensor([7.])
COc1ccc(-c2nn3c(N)nc4ccccc4n3c2=O)cc1,tensor([7.2900])
Cc1ccc(-c2nn3c(N)nc4ccc(Cl)cc4n3c2=O)cc1,tensor([6.9900])
O=c1[nH]c2ccc(Cl)cc2n2c(=O)c(-c3ccccc3)nn12,tensor([6.4200])
Nc1nc2ccccc2n2c(=O)c(-c3ccc(Cl)cc3)nn12,tensor([7.4800])
O=C(NCc1ccccc1)Nc1nc2ccccc2n2c(=O)c(-c3ccccc3)nn12,tensor([7.3600])
Nc1nc2ccccc2n2c(=O)c(-c3ccc(F)cc3)nn12,tensor([6.4300])
Nc1nc2ccccc2n2c(=O)c(-c3ccccc3)nn12,tensor([7.4600])
Cc1ccc(-c2nn3c(NC(=O)c4cccc(Cl)c4)nc4ccccc4n3c2=O)cc1,tensor([7.3800])
COc1ccc(-c2nn3c(=O)[nH]c4ccccc4n3c2=O)cc1,tensor([7.3000])
O=c1[nH]c2ccccc2n2c(=O)c(-c3ccccc3)nn12,tensor([7.0400])
Cc1ccc(-c2nn3c(=O)[nH]c4ccc(Cl)cc4n3c2=O)cc1,tensor([7.4000])
O=C(c1ccccc1)N(C(=O)c1ccccc1)c1nc2ccccc2n2c(=O)c(-c3ccccc3)nn12,tensor([8.0400])
O=C(Nc1nc2ccccc2n2c(=O)c(-c3ccccc3)nn12)c1cccc(Cl)c1,tensor([7.8200])
Cc1ccc(-c2nn3c(=O)[nH]c4ccccc4n3c2=O)cc1,tensor([7.0600])
COc1ccc(NC(=O)Nc2nc3ccccc3n3c(=O)c(-c4ccccc4)nn23)cc1,tensor([7.3100])
O=c1[nH]c2ccc(Cl)cc2n2c(=O)c(-c3ccc(Cl)cc3)nn12,tensor([7.0200])
O=C(Nc1ccccc1)Nc1nc2ccccc2n2c(=O)c(-c3ccccc3)nn12,tensor([7.0100])
COc1ccc(C(=O)Nc2nc3ccc(Cl)cc3n3c(=O)c(-c4ccccc4)nn23)cc1,tensor([8.8000])
O=c1[nH]c2ccccc2n2c(=O)c(-c3ccc(F)cc3)nn12,tensor([7.0100])
O=c1[nH]c2ccccc2n2c(=O)c(-c3ccc(Cl)cc3)nn12,tensor([7.3800])
COc1ccc(C(=O)Nc2nc3ccc(Cl)cc3n3c(=O)c(-c4ccc(C)cc4)nn23)cc1,tensor([7.9100])
Nc1nc2ccc(Cl)cc2n2c(=O)c(-c3ccccc3)nn12,tensor([6.5300])
COc1ccc(C(=O)Nc2nc3ccccc3n3c(=O)c(-c4ccc(C)cc4)nn23)cc1,tensor([8.9600])
Cc1ccc(-c2nn3c(N)nc4ccccc4n3c2=O)cc1,tensor([7.5400])
COc1ccc(C(=O)Nc2nc3ccccc3n3c(=O)c(-c4ccc(Cl)cc4)nn23)cc1,tensor([7.2500])
Nc1nc2ccc(Cl)cc2n2c(=O)c(-c3ccc(Cl)cc3)nn12,tensor([6.2500])
Cc1ccc(NC(=O)c2nc(N)nc3ccccc23)cc1,tensor([7.0100])
Nc1nc(C(=O)Nc2ccccc2)c2ccccc2n1,tensor([6.4600])
Nc1nc(C(=O)Nc2ccc(Br)cc2)c2ccccc2n1,tensor([6.2600])
COc1ccc(NC(=O)c2nc(=O)[nH]c3ccccc23)cc1,tensor([7.7100])
O=C(Nc1ccccc1)c1nc(=O)[nH]c2ccccc12,tensor([7.3000])
O=C(Nc1ccc(Br)cc1)c1nc(=O)[nH]c2ccccc12,tensor([7.5700])
COc1ccc(NC(=O)c2nc(N)nc3ccccc23)cc1,tensor([7.0600])
CC(=O)Nc1nc(C(=O)Nc2ccccc2)c2ccccc2n1,tensor([7.6000])
O=C(Nc1nc(C(=O)Nc2ccccc2)c2ccccc2n1)c1ccccc1,tensor([6.7400])
Cc1ccc(NC(=O)c2nc(=O)[nH]c3ccccc23)cc1,tensor([7.5700])
CCNC(=O)C1OC(n2cnc3c(Nc4ccc(OCC(=O)Nc5ccc(Br)cc5)cc4)ncnc32)C(O)C1O,tensor([7.4400])
CCNC(=O)C1OC(n2cnc3c(Nc4ccc(OCC(=O)NC5CCCCC5)cc4)ncnc32)C(O)C1O,tensor([7.1400])
CCNC(=O)C1OC(n2cnc3c(Nc4ccc(OCC(=O)Nc5ccc(OC)cc5)cc4)ncnc32)C(O)C1O,tensor([7.6000])
CCNC(=O)C1OC(n2cnc3c(Nc4ccc(OCC(=O)Nc5ccc(C(C)(C)C)cc5)cc4)ncnc32)C(O)C1O,tensor([7.4000])
CCNC(=O)C1OC(n2cnc3c(Nc4ccc(OCC(=O)Nc5cc(OC)cc(OC)c5)cc4)ncnc32)C(O)C1O,tensor([7.1100])
CCNC(=O)C1OC(n2cnc3c(Nc4ccc(OCC(=O)NC5CCCCC5)cc4)nc(Cl)nc32)C(O)C1O,tensor([7.0200])
CCNC(=O)C1OC(n2cnc3c(Nc4ccc(OCC(=O)NCc5ccc(OC)cc5)cc4)ncnc32)C(O)C1O,tensor([7.1800])
CCNC(=O)C1OC(n2cnc3c(Nc4ccc(OCC(=O)Nc5ccc(I)cc5)cc4)ncnc32)C(O)C1O,tensor([7.0700])
CCNC(=O)C1OC(n2cnc3c(Nc4ccc(OCC(=O)Nc5ccc(OC)cc5)cc4)nc(Cl)nc32)C(O)C1O,tensor([7.])
CCNC(=O)C1OC(n2cnc3c(Nc4ccc(OCC(=O)Nc5ccncc5)cc4)ncnc32)C(O)C1O,tensor([7.3700])
CCNC(=O)C1OC(n2cnc3c(Nc4ccc(OCC(=O)Nc5ccc(OC)c(OC)c5)cc4)ncnc32)C(O)C1O,tensor([7.2700])
CCNC(=O)C1OC(n2cnc3c(Nc4ccc(OCC(=O)Nc5ccc6c(c5)OCO6)cc4)ncnc32)C(O)C1O,tensor([7.0900])
CCNC(=O)C1OC(n2cnc3c(Nc4ccc(OCC(=O)Nc5ccc(Cl)cc5)cc4)ncnc32)C(O)C1O,tensor([7.4700])
CCNC(=O)C1OC(n2cnc3c(Nc4ccc(OCC(=O)Nc5ccccc5C(F)(F)F)cc4)ncnc32)C(O)C1O,tensor([6.9400])
CCNC(=O)C1OC(n2cnc3c(Nc4ccc(OCC(=O)Nc5ccc(F)cc5)cc4)ncnc32)C(O)C1O,tensor([7.1400])
CCNC(=O)C1OC(n2cnc3c(Nc4ccc(OCC(=O)Nc5ccccc5)cc4)ncnc32)C(O)C1O,tensor([7.4200])
CCNC(=O)C1OC(n2cnc3c(Nc4ccc(OCC(=O)Nc5ccc(N6CCOCC6)cc5)cc4)ncnc32)C(O)C1O,tensor([6.5000])
CCNC(=O)C1OC(n2cnc3c(Nc4ccc(OCC(=O)NCc5ccccc5)cc4)nc(Cl)nc32)C(O)C1O,tensor([7.1200])
CCNC(=O)C1OC(n2cnc3c(Nc4ccc(OCC(=O)NCc5ccccc5)cc4)ncnc32)C(O)C1O,tensor([7.0800])
CCNC(=O)C1OC(n2cnc3c(Nc4ccc(OCC(=O)Nc5ccccc5)cc4)nc(Cl)nc32)C(O)C1O,tensor([6.9700])
c1ccc(-c2cc(-c3ccccc3)c3nc(C4CCCCC4)[nH]c3n2)cc1,tensor([6.2000])
c1ccc(-c2cc(-c3ccccc3)c3nc[nH]c3n2)cc1,tensor([6.7500])
CC(C)Cc1nc2c(-c3ccccc3)cc(-c3ccccc3)nc2[nH]1,tensor([7.6000])
Oc1nc2c(-c3ccccc3)cc(-c3ccccc3)nc2[nH]1,tensor([6.5800])
c1ccc(-c2cc(-c3ccccc3)c3nc(C4CCCC4)[nH]c3n2)cc1,tensor([8.1600])
CCC(CC)c1nc2c(-c3ccccc3)cc(-c3ccccc3)nc2[nH]1,tensor([6.7700])
Cc1nc2c(-c3ccccc3)cc(-c3ccccc3)nc2[nH]1,tensor([7.2100])
CC(C)(C)c1nc2c(-c3ccccc3)cc(-c3ccccc3)nc2[nH]1,tensor([6.9400])
CCCc1nc2c(-c3ccccc3)cc(-c3ccccc3)nc2[nH]1,tensor([7.1600])
CCc1nc2c(-c3ccccc3)cc(-c3ccccc3)nc2[nH]1,tensor([8.0700])
COc1ccc(Cl)c(CNc2nc(N=[N+]=[N-])nc3c2ncn3C2OC(CO)C(O)C2O)c1,tensor([8.8500])
CCNC(=O)C1OC(n2cnc3c(NC)nc(-n4cc(Cc5ccccc5)nn4)nc32)C(O)C1O,tensor([8.5500])
CNc1nc(-n2cc(-c3ccccc3)nn2)nc2c1ncn2C1OC(CO)C(O)C1O,tensor([7.8300])
CNc1nc(-n2cc(CC3CCCC3)nn2)nc2c1ncn2C1OC(CO)C(O)C1O,tensor([8.8900])
COc1ccc(Cl)c(CNc2nc(-n3cc(CC4CCCC4)nn3)nc3c2ncn3C2OC(CO)C(O)C2O)c1,tensor([7.7500])
CNc1nc(-n2cc(CN(C)C)nn2)nc2c1ncn2C1OC(CO)C(O)C1O,tensor([6.9300])
CNc1nc(-c2cn(Cc3cccc(Cl)c3)nn2)nc2c1ncn2C1OC(CO)C(O)C1O,tensor([7.0900])
CCCCc1cn(-c2nc(NC)c3ncn(C4OC(CO)C(O)C4O)c3n2)nn1,tensor([7.9300])
CCCCc1cn(-c2nc(NC)c3ncn(C4OC(C(=O)NCC)C(O)C4O)c3n2)nn1,tensor([8.2500])
CNc1nc(-n2cc(CC3CCCCC3)nn2)nc2c1ncn2C1OC(CO)C(O)C1O,tensor([7.6700])
CNc1nc(-c2cn(Cc3ccccc3)nn2)nc2c1ncn2C1OC(CO)C(O)C1O,tensor([7.2700])
CNc1nc(-n2cc(Cc3ccccc3)nn2)nc2c1ncn2C1OC(CO)C(O)C1O,tensor([8.0200])
CCNC(=O)C1OC(n2cnc3c(NC)nc(N=[N+]=[N-])nc32)C(O)C1O,tensor([7.9400])
CCNC(=O)C1OC(n2cnc3c(NC)nc(-n4ccnn4)nc32)C(O)C1O,tensor([8.6800])
CCNC(=O)C1OC(n2cnc3c(NC)nc(-n4cc(-c5ccccn5)nn4)nc32)C(O)C1O,tensor([8.7400])
CNc1nc(-n2ccnn2)nc2c1ncn2C1OC(CO)C(O)C1O,tensor([7.9800])
CNc1nc(-n2cc(CCO)nn2)nc2c1ncn2C1OC(CO)C(O)C1O,tensor([7.3500])
CNc1nc(N=[N+]=[N-])nc2c1ncn2C1OC(CO)C(O)C1O,tensor([7.9700])
CNc1nc(-c2cn(Cc3cccc(OC)c3)nn2)nc2c1ncn2C1OC(CO)C(O)C1O,tensor([7.0700])
CCCOc1ccc(-c2cn(-c3nc(NC)c4ncn(C5OC(CO)C(O)C5O)c4n3)nn2)cc1,tensor([7.6000])
CCc1cn(-c2nc(NC)c3ncn(C4OC(CO)C(O)C4O)c3n2)nn1,tensor([7.8600])
CNc1nc(-n2cc(-c3ccccn3)nn2)nc2c1ncn2C1OC(CO)C(O)C1O,tensor([7.9900])
CCNC(=O)C1OC(n2cnc3c(NC)nc(-n4cc(CC5CCCC5)nn4)nc32)C(O)C1O,tensor([7.9400])
CCNC(=O)C1OC(n2cnc3c(NNC(=O)Cc4cccs4)nc(Cl)nc32)C(O)C1O,tensor([7.6000])
CONc1nc(C#Cc2cccnc2)nc2c1ncn2C1OC(CO)C(O)C1O,tensor([8.1000])
CONc1nc(C#Cc2ccc(C)cc2)nc2c1ncn2C1OC(CO)C(O)C1O,tensor([8.2300])
CCNC(=O)C1OC(n2cnc3c(NOC)nc(I)nc32)C(O)C1O,tensor([8.5500])
CCCCCc1ccc(C#Cc2nc(NOC)c3ncn(C4OC(C(=O)NC)C(O)C4O)c3n2)cc1,tensor([7.2600])
CONc1nc(C#Cc2ccccn2)nc2c1ncn2C1OC(CO)C(O)C1O,tensor([8.6400])
CONc1nc(C#CCCCC#N)nc2c1ncn2C1OC(CO)C(O)C1O,tensor([8.3900])
CNC(=O)C1OC(n2cnc3c(NOC)nc(C#Cc4ccc(C(C)=O)cc4)nc32)C(O)C1O,tensor([8.6000])
CCCCCc1ccc(C#Cc2nc(NOC)c3ncn(C4OC(CO)C(O)C4O)c3n2)cc1,tensor([7.4100])
CONc1nc(C#C[Si](C)(C)C)nc2c1ncn2C1OC(CO)C(O)C1O,tensor([7.8900])
CCNC(=O)C1OC(n2cnc3c(NOC)nc(C#Cc4ccccn4)nc32)C(O)C1O,tensor([8.8000])
CONc1nc(C#Cc2ccc(OC)cc2)nc2c1ncn2C1OC(CO)C(O)C1O,tensor([8.3700])
CONc1nc(C#Cc2ccc(F)cc2)nc2c1ncn2C1OC(CO)C(O)C1O,tensor([8.3600])
CNC(=O)C1OC(n2cnc3c(NOC)nc(I)nc32)C(O)C1O,tensor([8.7700])
CONc1nc(C#CC2CCCCC2O)nc2c1ncn2C1OC(CO)C(O)C1O,tensor([8.7700])
CCCCC#Cc1nc(NOC)c2ncn(C3OC(CO)C(O)C3O)c2n1,tensor([8.5500])
CONc1nc(C#Cc2ccc(C(C)=O)cc2)nc2c1ncn2C1OC(CO)C(O)C1O,tensor([8.5200])
CNC(=O)C1OC(n2cnc3c(NOC)nc(C#Cc4ccccc4)nc32)C(O)C1O,tensor([8.7200])
CNC(=O)C1OC(n2cnc3c(NOC)nc(C#Cc4ccc(F)cc4)nc32)C(O)C1O,tensor([8.7200])
CONc1nc(C#Cc2ccc(C(N)=O)cc2)nc2c1ncn2C1OC(CO)C(O)C1O,tensor([8.2800])
Nc1nc(C#Cc2ccccc2)nc2c1ncn2C1OC(CO)C(O)C1O,tensor([7.8000])
CCC(=O)C1OC(n2cnc3c(N)nc(C#Cc4ccccc4)nc32)C(O)C1O,tensor([8.1400])
CCNC(=O)C1OC(n2cnc3c(NOC)nc(C#Cc4ccc(C(C)=O)cc4)nc32)C(O)C1O,tensor([8.4000])
CCNC(=O)C1OC(n2cnc3c(NOC)nc(C#Cc4ccc(F)cc4)nc32)C(O)C1O,tensor([8.4900])
CCNC(=O)C1OC(n2cnc3c(N)nc(C#Cc4ccccc4)nc32)C(O)C1O,tensor([8.2100])
CONc1nc(C#Cc2ccc(CC#N)cc2)nc2c1ncn2C1OC(CO)C(O)C1O,tensor([8.4300])
C#Cc1nc(NOC)c2ncn(C3OC(CO)C(O)C3O)c2n1,tensor([7.6400])
CONc1nc(I)nc2c1ncn2C1OC(CO)C(O)C1O,tensor([8.1300])
CONc1nc(C#Cc2ccncc2)nc2c1ncn2C1OC(CO)C(O)C1O,tensor([8.2200])
CCNC(=O)C1OC(n2cnc3c(NOC)nc(C#Cc4ccc(C)cc4)nc32)C(O)C1O,tensor([8.1700])
CONc1nc(C#Cc2ccccc2)nc2c1ncn2C1OC(CO)C(O)C1O,tensor([8.4200])
CNC(=O)C1OC(n2cnc3c(NOC)nc(C#Cc4ccc(C)cc4)nc32)C(O)C1O,tensor([8.4800])
CCNC(=O)C1OC(n2cnc3c(NOC)nc(C#Cc4ccccc4)nc32)C(O)C1O,tensor([8.4600])
CONc1nc(C#Cc2cccc(C(F)(F)F)c2)nc2c1ncn2C1OC(CO)C(O)C1O,tensor([7.6400])
CNC(=O)C1OC(n2cnc3c(NOC)nc(C#Cc4ccccn4)nc32)C(O)C1O,tensor([8.9600])
CONc1nc(C#CCC(C)O)nc2c1ncn2C1OC(CO)C(O)C1O,tensor([8.2700])
CCCCCc1ccc(C#Cc2nc(NOC)c3ncn(C4OC(C(=O)NCC)C(O)C4O)c3n2)cc1,tensor([7.1700])
CCNC(=O)C1OC(n2cnc3c(N)nc(OCCc4c[nH]c5ccccc45)nc32)C(O)C1O,tensor([6.9600])
Nc1nc(OCCn2nnc3ccccc32)nc2c1ncn2C1OC(CO)C(O)C1O,tensor([5.7200])
Nc1nc(OCCc2cc3ccccc3[nH]2)nc2c1ncn2C1OC(CO)C(O)C1O,tensor([6.2900])
COc1ccc2[nH]cc(CCOc3nc(N)c4ncn(C5OC(CO)C(O)C5O)c4n3)c2c1,tensor([6.4400])
Nc1nc(OCCc2c[nH]c3ccc(I)cc23)nc2c1ncn2C1OC(CO)C(O)C1O,tensor([6.9600])
Cc1ccc(S(=O)(=O)n2cc(CCOc3nc(N)c4ncn(C5OC(CO)C(O)C5O)c4n3)c3cc(Br)ccc32)cc1,tensor([5.0600])
Nc1nc(OCCn2cnc3ccccc32)nc2c1ncn2C1OC(CO)C(O)C1O,tensor([5.6800])
Nc1nc(OCCc2cccs2)nc2c1ncn2C1OC(CO)C(O)C1O,tensor([7.0300])
Cc1ccc(S(=O)(=O)n2c(CCOc3nc(N)c4ncn(C5OC(CO)C(O)C5O)c4n3)cc3ccccc32)cc1,tensor([6.2100])
CCNC(=O)C1OC(n2cnc3c(N)nc(C#CC(O)c4ccccc4)nc32)C(O)C1O,tensor([9.1200])
Nc1nc(OCCc2c[nH]c3c(Br)cccc23)nc2c1ncn2C1OC(CO)C(O)C1O,tensor([6.8500])
Nc1nc(OCCC2CCCCC2)nc2c1ncn2C1OC(CO)C(O)C1O,tensor([6.2400])
Cc1ccc(S(=O)(=O)n2cc(CCOc3nc(NC(=N)N)c4ncn(C5OC(CO)C(O)C5O)c4n3)c3ccccc32)cc1,tensor([6.3400])
Nc1nc(OCCc2c[nH]c3ccc(F)cc23)nc2c1ncn2C1OC(CO)C(O)C1O,tensor([6.3100])
Nc1nc(OCCCc2ccccc2)nc2c1ncn2C1OC(CO)C(O)C1O,tensor([7.1800])
CCNC(=O)C1OC(n2cnc3c(NC(=N)N)ncnc32)C(O)C1O,tensor([8.2900])
COc1ccc2[nH]c(C)c(CCOc3nc(N)c4ncn(C5OC(CO)C(O)C5O)c4n3)c2c1,tensor([6.2200])
Nc1nc(OCCc2ccccc2F)nc2c1ncn2C1OC(CO)C(O)C1O,tensor([7.1100])
CC(Cc1ccccc1)Nc1ncnc2c1ncn2C1OC(CO)C(O)C1O,tensor([8.0600])
Nc1nc(OCCc2ccc3ccccc3c2)nc2c1ncn2C1OC(CO)C(O)C1O,tensor([6.8900])
Nc1nc(OCCc2c[nH]c3cccc(Br)c23)nc2c1ncn2C1OC(CO)C(O)C1O,tensor([6.5800])
Nc1nc(OCCc2c[nH]c3ccc(O)cc23)nc2c1ncn2C1OC(CO)C(O)C1O,tensor([6.9200])
CC(CCOc1nc(N)c2ncn(C3OC(CO)C(O)C3O)c2n1)c1ccccc1,tensor([6.5100])
Nc1nc(OCCc2ccccc2)nc2c1ncn2C1OC(CO)C(O)C1O,tensor([7.2700])
Nc1nc(OCCc2cccc(F)c2)nc2c1ncn2C1OC(CO)C(O)C1O,tensor([6.9200])
Nc1nc(OCCc2c[nH]c3ccc(Br)cc23)nc2c1ncn2C1OC(CO)C(O)C1O,tensor([6.6300])
Nc1nc(OCCc2ccsc2)nc2c1ncn2C1OC(CO)C(O)C1O,tensor([7.])
Nc1nc(OCCCCc2ccccc2)nc2c1ncn2C1OC(CO)C(O)C1O,tensor([6.4500])
Cc1ccc(S(=O)(=O)n2cc(CCOc3nc(N)c4ncn(C5OC(CO)C(O)C5O)c4n3)c3ccccc32)cc1,tensor([5.8700])
Nc1nc(OCCc2c[nH]c3cc(Br)ccc23)nc2c1ncn2C1OC(CO)C(O)C1O,tensor([7.0500])
Nc1nc(OCCc2ccc(F)cc2)nc2c1ncn2C1OC(CO)C(O)C1O,tensor([6.9500])
CCOc1nc(N)c2ncn(C3OC(CO)C(O)C3O)c2n1,tensor([6.2500])
Nc1nc(OCCc2c[nH]c3cc(Cl)ccc23)nc2c1ncn2C1OC(CO)C(O)C1O,tensor([7.0400])
CCNc1nc(OCCc2c[nH]c3ccccc23)nc2c1ncn2C1OC(CO)C(O)C1O,tensor([7.5200])
Nc1nc(OCCc2c[nH]c3ccc(Cl)cc23)nc2c1ncn2C1OC(CO)C(O)C1O,tensor([6.5300])
Nc1nc(OCCc2cc[nH]c2)nc2c1ncn2C1OC(CO)C(O)C1O,tensor([6.9800])
N=C(N)Nc1nc(OCCc2c[nH]c3ccccc23)nc2c1ncn2C1OC(CO)C(O)C1O,tensor([7.0500])
CNC(=O)C12CC1C(n1cnc3c(NOC)nc(Cl)nc31)C(O)C2O,tensor([6.8300])
CNC(=O)C12CC1C(n1cnc3c(NCc4cccc(Cl)c4)nc(C#CCCCC(=O)NCCN)nc31)C(O)C2O,tensor([8.6600])
CNC(=O)C12CC1C(n1cnc3c(NCc4cccc(C#CCCCC(=O)NCCN)c4)nc(Cl)nc31)C(O)C2O,tensor([8.2800])
CNC(=O)C12CC1C(n1cnc3c(NCc4cccc(C#CCCCC(=O)O)c4)nc(Cl)nc31)C(O)C2O,tensor([7.7700])
C#Cc1nc(NCc2cccc(Cl)c2)c2ncn(C3C(O)C(O)C4(C(=O)NC)CC34)c2n1,tensor([8.8900])
CCCC#Cc1nc(NCc2cccc(Cl)c2)c2ncn(C3C(O)C(O)C4(C(=O)NC)CC34)c2n1,tensor([9.0900])
CNC(=O)C12CC1C(n1cnc3c(NCc4cc(OC)ccc4OC)nc(I)nc31)C(O)C2O,tensor([8.8900])
CNC(=O)C12CC1C(n1cnc3c(NCc4cccc(Cl)c4)nc(C#CCCCC(=O)O)nc31)C(O)C2O,tensor([8.6200])
CNC(=O)C12CC1C(n1cnc3c(NCc4cccc(C#CCCCC(=O)NCCNC(C)=O)c4)nc(Cl)nc31)C(O)C2O,tensor([8.5400])
CNC(=O)C12CC1C(n1cnc3c(NCc4cccc(Cl)c4)nc(C#CCCCC(=O)OC)nc31)C(O)C2O,tensor([8.9300])
CNC(=O)C12CC1C(n1cnc3c(NCc4cccc(Cl)c4)nc(C#C[Si](C)(C)C)nc31)C(O)C2O,tensor([9.0100])
CC1(O)C(O)C(CO)OC1n1cnc2c(NC3CCOC3)nc(Cl)nc21,tensor([4.7200])
OCC1OC(n2cnc3c(NC4CCOC4)ncnc32)C(O)C1O,tensor([4.5900])
CC1(O)C(O)C(CO)OC1n1cnc2c(NC3CCCC3)ncnc21,tensor([4.5700])
CC1(O)C(O)C(CO)OC1n1cnc2c(NC3CCOC3)ncnc21,tensor([4.4500])
OCC1OC(n2cnc3c(NC4CCOC4)nc(Cl)nc32)C(O)C1O,tensor([4.4600])
CN(C)C(=O)C1SC(n2cnc3c(NCc4cccc(Cl)c4)nc(Cl)nc32)C(O)C1O,tensor([7.6700])
CN(C)C(=O)C1SC(n2cnc3c(NCc4cccc(F)c4)nc(Cl)nc32)C(O)C1O,tensor([6.9200])
O=C(C1SC(n2cnc3c(NCc4cccc(I)c4)nc(Cl)nc32)C(O)C1O)N1CCCCC1,tensor([6.2500])
CN1CCN(C(=O)C2SC(n3cnc4c(NCc5cccc(I)c5)nc(Cl)nc43)C(O)C2O)CC1,tensor([6.1800])
CCCN(C)C(=O)C1SC(n2cnc3c(NCc4cccc(I)c4)nc(Cl)nc32)C(O)C1O,tensor([6.1400])
O=C(C1SC(n2cnc3c(NCc4cccc(I)c4)nc(Cl)nc32)C(O)C1O)N1CCCC1,tensor([6.9300])
CN(C)C(=O)C1SC(n2cnc3c(NC4CC4)nc(Cl)nc32)C(O)C1O,tensor([6.9600])
CN(CCO)C(=O)C1SC(n2cnc3c(NCc4cccc(I)c4)nc(Cl)nc32)C(O)C1O,tensor([6.9000])
COCCNc1nc(Cl)nc2c1ncn2C1SC(C(=O)N(C)C)C(O)C1O,tensor([6.3700])
O=C(C1SC(n2cnc3c(NCc4cccc(I)c4)nc(Cl)nc32)C(O)C1O)N1CCC1,tensor([7.3600])
CN(C)C(=O)C1SC(n2cnc3c(NCC4CC4)nc(Cl)nc32)C(O)C1O,tensor([7.5100])
CN(C)C(=O)C1SC(n2cnc3c(N(C)C)nc(Cl)nc32)C(O)C1O,tensor([6.8700])
CCN(C(=O)C1SC(n2cnc3c(NCc4cccc(I)c4)nc(Cl)nc32)C(O)C1O)c1ccccc1,tensor([6.4000])
O=C(C1SC(n2cnc3c(NCc4cccc(I)c4)nc(Cl)nc32)C(O)C1O)N1CCC(O)CC1,tensor([5.8200])
O=C(C1SC(n2cnc3c(NCc4cccc(I)c4)nc(Cl)nc32)C(O)C1O)N1CCSCC1,tensor([6.0600])
CN(C)C(=O)C1SC(n2cnc3c(NC4CCCC4)nc(Cl)nc32)C(O)C1O,tensor([6.0800])
CN(C)C(=O)C1SC(n2cnc3c(NCc4cccc(Br)c4)nc(Cl)nc32)C(O)C1O,tensor([8.0300])
CCCn1c(=O)c2[nH]c(-c3cnn(-c4ccc(C)nc4)c3)nc2n(CC)c1=O,tensor([6.5400])
CCCn1c(=O)c2[nH]c(-c3cnn(Cc4cccc(C(F)(F)F)c4)c3)nc2n(CC)c1=O,tensor([5.9700])
CCn1c(=O)n(CC2CC2)c(=O)c2[nH]c(-c3cnn(-c4ccc(C(F)(F)F)nc4)c3)nc21,tensor([6.4000])
CC(C)Cn1c(=O)c2[nH]c(-c3cnn(Cc4ccccc4)c3)nc2n(C)c1=O,tensor([6.6900])
CCn1c(=O)n(CC2CC2)c(=O)c2[nH]c(-c3cnn(Cc4cccc(C(F)(F)F)c4)c3)nc21,tensor([6.4900])
CCn1c(=O)n(CC(C)C)c(=O)c2[nH]c(-c3cnn(-c4ccc(C(F)(F)F)nc4)c3)nc21,tensor([6.4600])
CCn1c(=O)n(CC(C)C)c(=O)c2[nH]c(-c3cnn(Cc4cccc(C(F)(F)F)c4)c3)nc21,tensor([6.6000])
Cn1c(=O)n(CC2CC2)c(=O)c2[nH]c(-c3cnn(Cc4cccc(C(F)(F)F)c4)c3)nc21,tensor([6.8000])
CCCn1c(=O)c2[nH]c(-c3cnn(Cc4cccc(F)c4)c3)nc2n(C)c1=O,tensor([7.0200])
CCn1c(=O)c2[nH]c(-c3cnn(Cc4cccc(F)c4)c3)nc2n(C)c1=O,tensor([6.5500])
CCCn1c(=O)c2[nH]c(-c3cnn(Cc4cccc(F)c4)c3)nc2n(CC)c1=O,tensor([6.0200])
CCCn1c(=O)c2[nH]c(-c3cnn(Cc4cccc(C(F)(F)F)c4)c3)nc2n(C)c1=O,tensor([6.3900])
CCn1c(=O)c2[nH]c(-c3cnn(Cc4ccccc4)c3)nc2n(C)c1=O,tensor([7.0400])
Cn1c(=O)n(CC2CC2)c(=O)c2[nH]c(-c3cnn(Cc4ccccc4)c3)nc21,tensor([7.0400])
CCCn1c(=O)c2[nH]c(-c3cnn(Cc4nc(-c5ccc(Cl)cc5)no4)c3)nc2n(CC)c1=O,tensor([6.3800])
CC(C)Cn1c(=O)c2[nH]c(-c3cnn(Cc4cccc(F)c4)c3)nc2n(C)c1=O,tensor([6.9700])
CCCn1c(=O)c2[nH]c(-c3cnn(Cc4cc(-c5ccc(C(F)(F)F)cc5)on4)c3)nc2n(CC)c1=O,tensor([5.4200])
CCCCn1c(=O)c2[nH]c(-c3cnn(Cc4cccc(C(F)(F)F)c4)c3)nc2n(C)c1=O,tensor([6.3400])
CCn1c(=O)c2[nH]c(-c3cnn(Cc4cccc(C(F)(F)F)c4)c3)nc2n(C)c1=O,tensor([6.5800])
CCn1c(=O)n(CC(C)C)c(=O)c2[nH]c(-c3cnn(Cc4cccc(F)c4)c3)nc21,tensor([6.4900])
CCCn1c(=O)c2[nH]c(-c3cnn(-c4ccc(C(F)(F)F)nc4)c3)nc2n(CC)c1=O,tensor([6.3600])
Cn1c(=O)n(CC2CC2)c(=O)c2[nH]c(-c3cnn(Cc4cccc(F)c4)c3)nc21,tensor([7.4600])
CCCn1c(=O)n(C)c(=O)c2[nH]c(-c3ccc(OCC(=O)N4CCN(c5ccc(C(F)(F)F)cc5)CC4)cc3)cc21,tensor([5.6500])
CCCCn1c(=O)[nH]c2nc(-c3cnn(Cc4cccc(F)c4)c3)[nH]c2c1=O,tensor([6.5700])
CCCn1c(=O)[nH]c2nc(-c3cnn(Cc4cccc(F)c4)c3)[nH]c2c1=O,tensor([6.8000])
O=c1[nH]c2nc(-c3cnn(Cc4ccccc4)c3)[nH]c2c(=O)n1CC1CC1,tensor([6.7500])
CCCn1c(=O)[nH]c2nc(-c3cnn(Cc4cccc(C(F)(F)F)c4)c3)[nH]c2c1=O,tensor([6.1600])
CCCCn1c(=O)[nH]c2nc(-c3cnn(Cc4ccccc4)c3)[nH]c2c1=O,tensor([6.9600])
O=c1[nH]c2nc(-c3cnn(Cc4cccc(C(F)(F)F)c4)c3)[nH]c2c(=O)n1CC1CC1,tensor([6.])
CC(C)Cn1c(=O)[nH]c2nc(-c3cnn(Cc4ccccc4)c3)[nH]c2c1=O,tensor([5.9600])
CC(C)Cn1c(=O)[nH]c2nc(-c3cnn(Cc4cccc(F)c4)c3)[nH]c2c1=O,tensor([5.8000])
CCn1c(=O)[nH]c2nc(-c3cnn(Cc4cccc(F)c4)c3)[nH]c2c1=O,tensor([5.6700])
CCn1c(=O)[nH]c2nc(-c3cnn(Cc4ccccc4)c3)[nH]c2c1=O,tensor([5.8200])
CCCn1c(=O)[nH]c2nc(-c3cnn(Cc4ccccc4)c3)[nH]c2c1=O,tensor([6.9200])
CCn1c(=O)[nH]c2nc(-c3ccc(S(=O)(=O)N4CCN(Cc5cccc(F)c5)CC4)cc3)[nH]c2c1=O,tensor([5.2400])
CCCn1c(=O)[nH]c2nc(-c3ccc(S(=O)(=O)NC4CCN(Cc5ccccc5)CC4)cc3)[nH]c2c1=O,tensor([5.6800])
CCCn1c(=O)[nH]c2nc(-c3ccc(S(=O)(=O)N4CCCCC4)cc3)[nH]c2c1=O,tensor([6.8500])
CCCn1c(=O)[nH]c2nc(-c3ccc(S(=O)(=O)N4CCN(Cc5ccc6c(c5)OCO6)CC4)cc3)[nH]c2c1=O,tensor([4.7500])
CCCn1c(=O)[nH]c2nc(-c3ccc(S(=O)(=O)N4CCN(Cc5ccc(C)cc5)CC4)cc3)[nH]c2c1=O,tensor([6.8100])
CCn1c(=O)[nH]c2nc(-c3ccc(S(=O)(=O)N4CCN(c5ccc(Cl)cc5)CC4)cc3)[nH]c2c1=O,tensor([6.3600])
CCn1c(=O)[nH]c2nc(-c3ccc(S(=O)(=O)N4CCCCC4)cc3)[nH]c2c1=O,tensor([6.6800])
CCCn1c(=O)[nH]c2nc(-c3ccc(S(=O)(=O)N4CCN(Cc5cccc(Cl)c5)CC4)cc3)[nH]c2c1=O,tensor([4.6200])
CCn1c(=O)[nH]c2nc(-c3ccc(S(=O)(=O)N4CCN(Cc5cccc(Cl)c5)CC4)cc3)[nH]c2c1=O,tensor([6.2500])
CCCn1c(=O)[nH]c2nc(-c3ccc(S(=O)(=O)N4CCN(Cc5ccc(F)cc5)CC4)cc3)[nH]c2c1=O,tensor([6.1200])
CCCSc1nc(NC(C)=O)cc(OCc2ccccc2)n1,tensor([8.1200])
CCCSc1nc(NC(C)=O)cc(OCc2ccc(Cl)cc2Cl)n1,tensor([7.5200])
CCCOc1cc(NC(=O)CC)nc(SCCC)n1,tensor([7.4200])
CCCOc1cc(NC(C)=O)nc(SCCC)n1,tensor([7.5800])
CCCSc1nc(NC(=O)CC)cc(OC)n1,tensor([6.5600])
CCCSc1nc(NC(C)=O)cc(OCC2CCCCC2)n1,tensor([7.6600])
CCCOc1cc(NC(C)=O)nc(SCc2ccccc2)n1,tensor([6.2800])
CCCSc1nc(NC(C)=O)cc(OCc2cccc(Cl)c2)n1,tensor([8.1500])
CCSc1nc(NC(C)=O)cc(OCc2ccc(Cl)cc2)n1,tensor([8.7000])
CCCSc1nc(NC(C)=O)cc(OCc2ccccc2Cl)n1,tensor([8.2000])
CCCSc1nc(NC(C)=O)cc(OCc2ccc(OC)cc2)n1,tensor([8.7400])
CCCSc1nc(NC(C)=O)cc(OCc2ccc(Cl)cc2)n1,tensor([8.4600])
CCCCSc1nc(NC(C)=O)cc(OCc2ccc(Cl)cc2)n1,tensor([8.0700])
CCCOc1cc(NC(=O)CC)nc(SC)n1,tensor([7.3500])
CCCSc1nc(NC(C)=O)cc(OC)n1,tensor([6.7800])
CCCOc1cc(NC(C)=O)nc(SC)n1,tensor([7.5100])
Nc1ncnc2c1nc(Br)n2CCCO,tensor([5.5000])
CC(C)Cn1c(Br)nc2c(N)ncnc21,tensor([4.8200])
CCC(C)n1c(Br)nc2c(N)ncnc21,tensor([4.8200])
CC(C)n1c(Br)nc2c(N)ncnc21,tensor([4.8200])
Nc1ncnc2c1ncn2C1CCCC1,tensor([4.8900])
Nc1ncnc2c1nc(Br)n2C1CCCC1,tensor([5.3800])
C=CCn1c(Br)nc2c(N)ncnc21,tensor([4.7000])
Nc1ncnc2c1nc(Br)n2C1CCC1,tensor([5.2100])
Nc1ncnc2c1nc(Br)n2C1CCCCC1,tensor([4.9600])
Nc1ncnc2c1ncn2C1CCC1,tensor([4.4800])
CS(=O)(=O)N(c1nc2ccccc2n2c(=O)n(-c3ccccc3)nc12)S(C)(=O)=O,tensor([8.2600])
COc1ccc(-n2nc3c(NS(=O)(=O)c4ccccc4)nc4ccccc4n3c2=O)cc1,tensor([8.6600])
O=C(NCc1ccccc1)Nc1nc2c([N+](=O)[O-])cccc2n2c(=O)n(-c3ccccc3)nc12,tensor([7.2000])
O=C(Nc1cccc(I)c1)Nc1nc2ccccc2n2c(=O)n(-c3ccccc3)nc12,tensor([6.0200])
CS(=O)(=O)Nc1nc2ccccc2n2c(=O)n(-c3ccccc3)nc12,tensor([5.8500])
COc1ccc(-n2nc3c(N(S(C)(=O)=O)S(C)(=O)=O)nc4ccccc4n3c2=O)cc1,tensor([6.4100])
O=C(Nc1nc2ccccc2n2c(=O)n(-c3ccccc3)nc12)c1ccncc1,tensor([8.2100])
O=c1n(-c2ccccc2)nc2c(OCc3ccccc3)nc3ccccc3n12,tensor([7.6800])
O=C(NCc1ccccc1)Nc1nc2ccccc2n2c(=O)n(-c3ccccc3)nc12,tensor([7.0800])
COC(=O)c1ccc(C(=O)Nc2nc3ccccc3n3c(=O)n(-c4ccc(OC)cc4)nc23)cc1,tensor([5.8600])
O=C(NC(=O)c1ccccc1)Nc1nc2ccccc2n2c(=O)n(-c3ccccc3)nc12,tensor([5.8900])
COc1ccc(-n2nc3c(NC(=O)c4ccncc4)nc4ccccc4n3c2=O)cc1,tensor([7.1700])
COc1ccc(-n2nc3c(NS(C)(=O)=O)nc4ccccc4n3c2=O)cc1,tensor([6.3100])
O=c1n(-c2ccccc2)nc2c(NS(=O)(=O)c3ccccc3)nc3ccccc3n12,tensor([7.4900])
O=c1n(-c2ccccc2)nc2c(NS(=O)(=O)c3ccccc3)nc3c([N+](=O)[O-])cccc3n12,tensor([7.])
COc1ccc(-n2nc3c(OCc4ccccc4)nc4ccccc4n3c2=O)cc1,tensor([8.1900])
COc1ccc(-n2nc3c(NC(=O)NCc4ccccc4)nc4ccccc4n3c2=O)cc1,tensor([7.1900])
Clc1ccc(Nc2[nH]c3ccccc3c3nc(C4CCCC4)nc2-3)cc1Cl,tensor([5.3300])
OC1C(O)C(n2cnc3c(NCc4cccc(I)c4)nc(Cl)nc32)C2CC12,tensor([8.8400])
OC1C(O)C(n2cnc3c(NCc4cccc5ccccc45)nc(Cl)nc32)C2CC12,tensor([8.8500])
CON(C)C(=O)C1OC(n2cnc3c(NCc4cccc(I)c4)nc(Cl)nc32)C(O)C1O,tensor([7.1500])
CCOC(=O)C12CC1C(n1cnc3c(NCc4cccc(Cl)c4)nc(Cl)nc31)C(O)C2O,tensor([6.5100])
COc1ccc(O)c(CNc2nc(Cl)nc3c2ncn3C2C(O)C(O)C3CC32)c1,tensor([8.3900])
CONC(=O)C1OC(n2cnc3c(NCc4cccc(I)c4)nc(Cl)nc32)C(O)C1O,tensor([7.0600])
OC1C(O)C(n2cnc3c(NC4CC4c4ccccc4)nc(Cl)nc32)C2CC12,tensor([8.8900])
OC1C(O)C(n2cnc3c(NCc4cccc(Cl)c4)nc(Cl)nc32)C2CC12,tensor([8.9700])
CCOC(=O)C12CC1C(n1cnc3c(NCc4cccc(Cl)c4)nc(SC)nc31)C(O)C2O,tensor([6.])
OC1C(O)C(n2cnc3c(NCc4cccc(Br)c4)nc(Cl)nc32)C2CC12,tensor([9.1400])
CCOC(=O)C12CC1C(n1cnc3c(NCc4cc(Cl)ccc4OC)nc(Cl)nc31)C(O)C2O,tensor([6.7100])
COc1ccc(OC)c(CNc2nc(Cl)nc3c2ncn3C2C(O)C(O)C3CC32)c1,tensor([8.8000])
COC(=O)C1OC(n2cnc3c(NCc4cccc(I)c4)nc(Cl)nc32)C(O)C1O,tensor([7.9100])
O=C(Nc1ccc(Nc2nc(-c3ccccc3)nc3c2ncn3Cc2ccccc2)cc1)Nc1ccc(C(F)(F)F)cc1,tensor([5.2500])
Cc1ccccc1CNc1nc(Cl)nc2c1ncn2C1OC(C(=O)N2CCOCC2)C(O)C1O,tensor([5.1200])
O=C(NC1CC1)C1OC(n2cnc3c(NC4CC4)nc(Cl)nc32)C(O)C1O,tensor([8.2500])
O=C(C1OC(n2cnc3c(NCc4cccc(I)c4)nc(Cl)nc32)C(O)C1O)N1CCOCC1,tensor([6.2900])
Cc1ccccc1CNc1nc(Cl)nc2c1ncn2C1OC(C(=O)NC2CC2)C(O)C1O,tensor([7.5600])
O=C(NCC1CC1)C1OC(n2cnc3c(NCc4cccc(I)c4)nc(Cl)nc32)C(O)C1O,tensor([8.4400])
Cc1ccccc1CNc1nc(Cl)nc2c1ncn2C1OC(C(=O)N2CCC(Cc3ccccc3)CC2)C(O)C1O,tensor([4.3100])
CNc1nc(Cl)nc2c1ncn2C1OC(C(=O)N(C)C)C(O)C1O,tensor([5.8200])
CNC(=O)C1OC(n2cnc3c(N)nc(Cl)nc32)C(O)C1O,tensor([9.4000])
CNC(=O)C1OC(n2cnc3c(NC)nc(Cl)nc32)C(O)C1O,tensor([9.5500])
CNC(=O)C1OC(n2cnc3c(NC4CCCC4)nc(Cl)nc32)C(O)C1O,tensor([8.3700])
O=C(NCc1cccc(Cl)c1)C1OC(n2cnc3c(NCc4cccc(I)c4)nc(Cl)nc32)C(O)C1O,tensor([6.5100])
CCNC(=O)C1OC(n2cnc3c(NC4CC4)nc(Cl)nc32)C(O)C1O,tensor([9.1700])
Cc1ccccc1CNc1nc(Cl)nc2c1ncn2C1OC(C(=O)NCC2CC2)C(O)C1O,tensor([7.5300])
O=C(C1OC(n2cnc3c(NCc4cccc(I)c4)nc(Cl)nc32)C(O)C1O)N1CCN(c2ccc(F)cc2)CC1,tensor([5.8400])
CNc1nc(Cl)nc2c1ncn2C1OC(C(=O)N2CCN(c3ccc(F)cc3)CC2)C(O)C1O,tensor([5.5700])
CC(C)CCNC(=O)C1OC(n2cnc3c(NCc4cccc(I)c4)nc(Cl)nc32)C(O)C1O,tensor([7.3800])
CNc1nc(Cl)nc2c1ncn2C1OC(C(=O)NCCC(C)C)C(O)C1O,tensor([8.7900])
O=C(NCCc1ccccc1)C1OC(n2cnc3c(NCc4cccc(I)c4)nc(Cl)nc32)C(O)C1O,tensor([6.3600])
Cc1ccccc1CNc1nc(Cl)nc2c1ncn2C1OC(C(=O)N(C)C)C(O)C1O,tensor([6.2000])
CNc1nc(Cl)nc2c1ncn2C1OC(C(=O)NCCc2cccc(F)c2)C(O)C1O,tensor([7.0700])
CNc1nc(Cl)nc2c1ncn2C1OC(C(=O)NCc2cccc(F)c2)C(O)C1O,tensor([7.7600])
CNc1nc(Cl)nc2c1ncn2C1OC(C(=O)NCC2CC2)C(O)C1O,tensor([8.9600])
CNC(=O)C1OC(n2cnc3c(NCc4ccccc4C)nc(Cl)nc32)C(O)C1O,tensor([8.6600])
O=C(NC1CC1)C1OC(n2cnc3c(NCc4cccc(I)c4)nc(Cl)nc32)C(O)C1O,tensor([8.5300])
CNc1nc(Cl)nc2c1ncn2C1OC(C(=O)N2CCOCC2)C(O)C1O,tensor([5.4100])
CNC(=O)C1OC(n2cnc3c(NC4CC4)nc(Cl)nc32)C(O)C1O,tensor([8.6500])
O=C(C1OC(n2cnc3c(NC4CC4)nc(Cl)nc32)C(O)C1O)N1CCOCC1,tensor([5.3500])
O=C(NCCC(c1ccccc1)c1ccccc1)C1OC(n2cnc3c(NCc4cccc(I)c4)nc(Cl)nc32)C(O)C1O,tensor([6.4600])
CCNC(=O)C1OC(n2cnc3c(NC4CCCC4)nc(Cl)nc32)C(O)C1O,tensor([8.5500])
CNc1nc(Cl)nc2c1ncn2C1OC(C(=O)N2CCC(Cc3ccccc3)CC2)C(O)C1O,tensor([5.4600])
CNc1nc(Cl)nc2c1ncn2C1OC(C(=O)NCCC(c2ccccc2)c2ccccc2)C(O)C1O,tensor([6.3800])
CCNC(=O)C1OC(n2cnc3c(NCc4ccccc4C)nc(Cl)nc32)C(O)C1O,tensor([8.6000])
O=C(NCc1cccc(C(F)(F)F)c1)C1OC(n2cnc3c(NCc4cccc(I)c4)nc(Cl)nc32)C(O)C1O,tensor([6.4500])
CNc1nc(Cl)nc2c1ncn2C1OC(C(=O)NC2CC2)C(O)C1O,tensor([8.5500])
O=C(NC1CCC1)C1OC(n2cnc3c(NCc4cccc(I)c4)nc(Cl)nc32)C(O)C1O,tensor([7.7400])
O=C(C1OC(n2cnc3c(NCc4cccc(I)c4)nc(Cl)nc32)C(O)C1O)N1CCC(Cc2ccccc2)CC1,tensor([6.0600])
O=C(C1OC(n2cnc3c(NC4CC4)nc(Cl)nc32)C(O)C1O)N1CCC(Cc2ccccc2)CC1,tensor([5.4000])
O=C(Nc1nc(-c2ccccc2)nc2c1nnn2Cc1ccccc1)c1cccs1,tensor([5.6400])
O=C(Nc1nc(-c2ccccc2)nc2c1nnn2Cc1ccccc1)c1ccccc1C(F)(F)F,tensor([6.2500])
O=C(Nc1nc(-c2ccccc2)nc2c1nnn2Cc1ccccc1)c1ccccc1Cl,tensor([6.3900])
O=C(Nc1nc(-c2ccccc2)nc2c1nnn2Cc1ccccc1)c1cccc(C(F)(F)F)c1,tensor([5.6000])
O=C(Nc1nc(-c2ccccc2)nc2c1nnn2Cc1ccccc1)c1ccc(C(F)(F)F)cc1,tensor([5.3800])
Nc1ccc(C(=O)Nc2nc(-c3ccccc3)nc3c2nnn3Cc2ccccc2)cc1,tensor([6.0300])
O=C(Nc1nc(-c2ccccc2)nc2c1nnn2Cc1ccccc1)c1ccccc1F,tensor([5.2800])
O=C(Nc1nc(-c2ccccc2)nc2c1nnn2Cc1ccccc1)c1cccc([N+](=O)[O-])c1,tensor([5.3100])
O=C(Nc1nc(-c2ccccc2)nc2c1nnn2Cc1ccccc1)c1ccoc1,tensor([5.7900])
Nc1ccccc1C(=O)Nc1nc(-c2ccccc2)nc2c1nnn2Cc1ccccc1,tensor([5.3900])
Nc1nc(-c2ccccc2)nc2c1nnn2Cc1ccccc1,tensor([5.3800])
O=C(Nc1nc(-c2ccccc2)nc2c1nnn2Cc1ccccc1)C1CCCC1,tensor([5.3300])
O=C(Nc1nc(-c2ccccc2)nc2c1nnn2Cc1ccccc1)c1ccc(Cl)cc1,tensor([5.4500])
COc1ccc(C(=O)Nc2nc(-c3ccccc3)nc3c2nnn3Cc2ccccc2)cc1,tensor([5.2800])
O=C(Nc1nc(-c2ccccc2)nc2c1nnn2Cc1ccccc1)c1ccccc1I,tensor([6.9900])
COc1cccc(C(=O)Nc2nc(-c3ccccc3)nc3c2nnn3Cc2ccccc2)c1,tensor([5.2600])
O=C(Nc1nc(-c2ccccc2)nc2c1nnn2Cc1ccccc1)c1ccco1,tensor([5.5200])
O=C(Nc1nc(-c2ccccc2)nc2c1nnn2Cc1ccccc1)c1cccc(F)c1,tensor([5.2400])
O=C(Nc1nc(-c2ccccc2)nc2c1nnn2Cc1ccccc1)c1cccc(Cl)c1,tensor([5.2700])
O=C(Nc1nc2ccccc2c2cn(-c3ccccc3)nc12)c1cccc(C(F)(F)F)c1,tensor([7.2200])
O=C(Nc1nc2ccccc2c2cn(-c3ccccc3)nc12)c1ccsc1,tensor([7.4000])
O=C(Nc1nc2ccccc2c2cn(-c3ccccc3)nc12)c1ccccn1,tensor([7.8100])
O=c1[nH]c2ccccc2c2cn(-c3ccc(C(F)(F)F)cc3)nc12,tensor([6.3200])
O=C(Nc1nc2ccccc2c2cn(-c3ccccc3)nc12)c1ccoc1,tensor([7.3000])
Cc1cccc(C(=O)Nc2nc3ccccc3c3cn(-c4ccccc4)nc23)c1,tensor([8.2000])
O=C(Nc1nc2ccccc2c2cn(-c3ccccc3)nc12)c1cnccn1,tensor([7.1900])
O=C(Nc1nc2ccccc2c2cn(-c3ccccc3)nc12)c1cccs1,tensor([7.3000])
O=C(Nc1nc2ccccc2c2cn(-c3ccccc3)nc12)c1ccco1,tensor([8.4700])
O=C(Nc1nc2ccccc2c2cn(-c3ccc(Cl)cc3)nc12)c1ccncc1,tensor([7.6100])
O=C(Nc1nc2ccccc2c2cn(-c3cccc(C(F)(F)F)c3)nc12)c1ccccc1,tensor([7.2800])
O=C(Nc1nc2ccccc2c2cn(-c3ccccc3)nc12)c1cccnc1,tensor([7.9800])
O=C(Nc1nc2ccccc2c2cn(-c3ccccc3)nc12)c1cscn1,tensor([7.2200])
O=C(Nc1nc2ccccc2c2cn(-c3ccc(C(F)(F)F)cc3)nc12)c1ccccc1,tensor([6.8500])
O=C(Nc1nc2ccccc2c2cn(-c3ccc(Cl)cc3)nc12)c1ccco1,tensor([7.9400])
O=C(Nc1nc2ccccc2c2cn(-c3ccccc3)nc12)c1ccncc1,tensor([8.3000])
Cc1ccc(C(=O)Nc2nc3ccccc3c3cn(-c4ccccc4)nc23)o1,tensor([8.1200])
O=C(Nc1nc2ccccc2c2cn(-c3ccccc3)nc12)c1ncccn1,tensor([6.0300])
O=C(Nc1nc2ccccc2c2cn(-c3ccccc3)nc12)c1ccncn1,tensor([6.6800])
Cc1ccc(C(=O)Nc2nc3ccccc3c3cn(-c4ccccc4)nc23)cc1,tensor([7.9400])
O=C(Nc1nc2ccccc2c2cn(-c3ccccc3)nc12)c1ccc(C(F)(F)F)cc1,tensor([6.3800])
O=c1[nH]c2ncccc2n2c(=O)n(-c3ccccc3)nc12,tensor([6.6000])
O=c1[nH]c2ncccc2n2c(=O)n(-c3ccc(F)cc3)nc12,tensor([6.2300])
Nc1nc2c([N+](=O)[O-])cccc2n2c(=O)n(-c3ccccc3)nc12,tensor([8.3200])
O=c1n(-c2ccccc2)nc2c(NC3CCCC3)nc3c([N+](=O)[O-])cccc3n12,tensor([6.9400])
COc1ccc(-n2nc3c(NC(=O)c4ccccc4)nc4ncccc4n3c2=O)cc1,tensor([8.3400])
O=C(Cc1ccccc1)Nc1nc2ncccc2n2c(=O)n(-c3ccccc3)nc12,tensor([7.9300])
COc1ccc(-n2nc3c(=O)[nH]c4ncccc4n3c2=O)cc1,tensor([8.4800])
COc1ccc(-n2nc3c(N)nc4c([N+](=O)[O-])cccc4n3c2=O)cc1,tensor([7.3300])
COc1ccc(-n2nc3c(N)nc4ncccc4n3c2=O)cc1,tensor([6.8000])
O=C(c1ccccc1)N(C(=O)c1ccccc1)c1nc2ncccc2n2c(=O)n(-c3ccccc3)nc12,tensor([6.4700])
COc1ccc(-n2nc3c(=O)[nH]c4c([N+](=O)[O-])cccc4n3c2=O)cc1,tensor([8.3300])
O=c1n(-c2ccccc2)nc2c(NC3CCCCC3)nc3c([N+](=O)[O-])cccc3n12,tensor([6.5500])
COc1ccc(-n2nc3c(N(C(=O)c4ccccc4)C(=O)c4ccccc4)nc4ncccc4n3c2=O)cc1,tensor([8.1100])
COc1ccc(-n2nc3c(NC(C)=O)nc4ncccc4n3c2=O)cc1,tensor([7.3900])
Nc1nc2ncccc2n2c(=O)n(-c3ccc(O)cc3)nc12,tensor([5.8800])
O=c1n(-c2ccccc2)nc2c(NC3CCCCC3)nc3ncccc3n12,tensor([7.8100])
CC(=O)Nc1nc2ncccc2n2c(=O)n(-c3ccccc3)nc12,tensor([6.8600])
Nc1nc2ncccc2n2c(=O)n(-c3ccccc3)nc12,tensor([6.1800])
O=c1[nH]c2c([N+](=O)[O-])cccc2n2c(=O)n(-c3ccccc3)nc12,tensor([6.5500])
Nc1nc2ncccc2n2c(=O)n(-c3ccc(F)cc3)nc12,tensor([6.3100])
O=C(Nc1nc2ncccc2n2c(=O)n(-c3ccccc3)nc12)c1ccccc1,tensor([7.1500])
O=c1n(-c2ccccc2)nc2c(NC3CCCC3)nc3ncccc3n12,tensor([8.0800])
Cc1cn2c(nc3c2c(=O)n(CCN(C)C)c(=O)n3Cc2ccccc2)[nH]1,tensor([7.0100])
CCCn1c(=O)c2c(nc3[nH]c(-c4ccccc4)cn32)n(CCC)c1=O,tensor([7.])
CC(=O)Cn1c(=O)c2c(nc3[nH]c(C)cn32)n(Cc2ccccc2)c1=O,tensor([6.7400])
CCCn1c(=O)c2c(nc3[nH]c(C(C)(C)C)cn32)n(Cc2ccccc2)c1=O,tensor([7.])
C=CCn1c(=O)c2c(nc3[nH]c(C)cn32)n(Cc2ccccc2)c1=O,tensor([8.2900])
CCCn1c(=O)c2c(nc3[nH]c(C4CCCCC4)cn32)n(Cc2ccccc2)c1=O,tensor([6.2600])
Cc1cn2c(nc3c2c(=O)n(CCCO)c(=O)n3Cc2ccccc2)[nH]1,tensor([6.9600])
CC(C)Cn1c(=O)c2c(nc3[nH]c(-c4ccccc4)cn32)n(CC(C)C)c1=O,tensor([6.8400])
CCCn1c(=O)c2c(nc3[nH]c(CC)c(C)n32)n(Cc2ccccc2)c1=O,tensor([7.2200])
CCOC(=O)Cn1c(=O)c2c(nc3[nH]c(C)cn32)n(Cc2ccccc2)c1=O,tensor([7.7000])
CCCn1c(=O)c2c(nc3n2CC(CC)=C3)n(Cc2ccccc2)c1=O,tensor([8.4600])
CCCn1c(=O)c2c(nc3[nH]c(C)cn32)n(Cc2ccccn2)c1=O,tensor([7.4700])
CCCn1c(=O)c2c(nc3[nH]c(C)cn32)n(Cc2ccncc2)c1=O,tensor([6.8500])
CCCn1c(=O)c2c(nc3[nH]c(C)c(C)n32)n(Cc2ccccc2)c1=O,tensor([7.4400])
CCCn1c(=O)c2c(nc3[nH]c(C(C)C)cn32)n(Cc2ccccc2)c1=O,tensor([7.5100])
CCCn1c(=O)c2c(nc3[nH]c(-c4ccc(F)cc4)cn32)n(Cc2ccccc2)c1=O,tensor([7.6600])
Cc1cn2c(nc3c2c(=O)[nH]c(=O)n3Cc2ccccc2)[nH]1,tensor([6.8300])
CCCn1c(=O)c2c(nc3[nH]c(-c4ccc(OC)cc4)cn32)n(Cc2ccccc2)c1=O,tensor([7.2600])
CCCn1c(=O)c2c(nc3[nH]c(C4CC4)cn32)n(Cc2ccccc2)c1=O,tensor([7.6400])
CCCn1c(=O)c2c(nc3[nH]c(C)cn32)n(Cc2cccnc2)c1=O,tensor([7.2400])
C#CCn1c(=O)c2c(nc3[nH]c(C)cn32)n(Cc2ccccc2)c1=O,tensor([7.8200])
CCCn1c(=O)c2c(nc3n(CC)c(C)cn23)n(Cc2ccccc2)c1=O,tensor([6.7000])
CCCn1c(=O)c2c(nc3[nH]c(C)cn32)n(Cc2ccccc2)c1=O,tensor([9.1000])
CCCn1c(=O)c2c(nc3n2CC(c2ccccc2)=C3)n(Cc2ccccc2)c1=O,tensor([6.7000])
CCCn1c(=O)c2c(nc3[nH]c(CC)cn32)n(Cc2ccccc2)c1=O,tensor([7.8200])
CC1(O)C(O)C(CO)OC1n1cnc2c(NC3CC4CCC3C4)nc(Cl)nc21,tensor([5.3500])
OCC1OC(n2cnc3c(NC4CC5CCC4C5)ncnc32)C(O)C1O,tensor([7.])
CC1(O)C(O)C(CCl)OC1n1cnc2c(NC3CC4CCC3C4)ncnc21,tensor([4.9400])
OC1C(CCl)OC(n2cnc3c(NC4CC5CCC4C5)nc(Cl)nc32)C1O,tensor([5.8500])
CC1(O)C(O)C(CO)OC1n1cnc2c(NC3CC4CCC3C4)ncnc21,tensor([5.6000])
CC1(O)C(O)C(CCl)OC1n1cnc2c(NC3CC4CCC3C4)nc(Cl)nc21,tensor([5.2300])
OCC1OC(n2cnc3c(NC4CC5CCC4C5)nc(Cl)nc32)C(O)C1O,tensor([6.8900])
OC1C(CCl)OC(n2cnc3c(NC4CC5CCC4C5)ncnc32)C1O,tensor([5.8900])
OC1C(CCl)OC(n2cnc3c(NC4CCCC4)ncnc32)C1O,tensor([6.4200])
CC1(O)C(O)C(CCl)OC1n1cnc2c(NC3CCCC3)ncnc21,tensor([5.1700])
CC1(O)C(O)C(CSc2ccccc2F)OC1n1cnc2c(NC3CCCC3)ncnc21,tensor([5.8400])
CC1(O)C(O)C(CSc2ccccc2F)OC1n1cnc2c(NC3CC4CCC3C4)ncnc21,tensor([5.4600])
CC1(O)C(O)C(CCl)OC1n1cnc2c(NC3CCCC3)nc(Cl)nc21,tensor([5.5200])
OC1C(CCl)OC(n2cnc3c(NC4CCCC4)nc(Cl)nc32)C1O,tensor([6.3800])
OC1C(CSc2ccccc2F)OC(n2cnc3c(NC4CCCC4)ncnc32)C1O,tensor([6.5300])
OC1C(CSc2ccccc2F)OC(n2cnc3c(NC4CCCC4)nc(Cl)nc32)C1O,tensor([6.3200])
CC1(O)C(O)C(CSc2ccccc2F)OC1n1cnc2c(NC3CCCC3)nc(Cl)nc21,tensor([5.9400])
CC1(O)C(O)C(CSc2ccccc2F)OC1n1cnc2c(NC3CC4CCC3C4)nc(Cl)nc21,tensor([5.3600])
OC1C(CSc2ccccc2F)OC(n2cnc3c(NC4CCOC4)ncnc32)C1O,tensor([6.1300])
OC1COC(n2cnc3c(NCc4cccc(Cl)c4)nc(Cl)nc32)C1O,tensor([7.1200])
OC1COC(n2cnc3c(NCc4cccc(Cl)c4)ncnc32)C1O,tensor([7.1200])
OC1COC(n2cnc3c(NCc4cccc(Br)c4)nc(Cl)nc32)C1O,tensor([7.8900])
OC1COC(n2cnc3c(NCc4cccc(Br)c4)ncnc32)C1O,tensor([7.2300])
OC1COC(n2cnc3c(NCc4cccc(I)c4)ncnc32)C1O,tensor([7.0400])
OC1COC(n2cnc3c(NCc4cccc(F)c4)ncnc32)C1O,tensor([6.2700])
CNc1ncnc2c1ncn2C1OCC(O)C1O,tensor([7.1500])
CNc1nc(Cl)nc2c1ncn2C1OCC(O)C1O,tensor([7.4300])
OC1COC(n2cnc3c(NCc4cccc(F)c4)nc(Cl)nc32)C1O,tensor([6.5500])
OC1COC(n2cnc3c(NCc4cccc(I)c4)nc(Cl)nc32)C1O,tensor([7.3700])
OC1CSC(n2cnc3c(NCc4cccc(Cl)c4)ncnc32)C1O,tensor([8.8200])
OC1CSC(n2cnc3c(NCc4cccc(F)c4)ncnc32)C1O,tensor([8.1400])
OC1CSC(n2cnc3c(NCc4cccc(Br)c4)ncnc32)C1O,tensor([8.1700])
CNc1ncnc2c1ncn2C1SCC(O)C1O,tensor([8.3200])
OC1CSC(n2cnc3c(NCc4cccc(I)c4)ncnc32)C1O,tensor([8.6000])
CNC(=O)C1SC(n2cnc3c(NCc4cccc(I)c4)ncnc32)C(O)C1O,tensor([9.6000])
Cn1cc2c(nc(NC(=O)COc3ccc(Cl)cc3)n3nc(-c4ccco4)nc23)n1,tensor([6.6500])
CCn1cc2c(nc(NC(=O)Cc3ccsc3)n3nc(-c4ccco4)nc23)n1,tensor([6.1200])
Cn1cc2c(nc(NC(=O)Cc3ccc(F)cc3)n3nc(-c4ccco4)nc23)n1,tensor([9.0100])
CC(C)CCn1cc2c(nc(NC(=O)COc3ccc(Cl)cc3)n3nc(-c4ccco4)nc23)n1,tensor([5.6400])
O=C(Cc1ccc(-c2ccccc2)cc1)Nc1nc2nn(CCc3ccccc3)cc2c2nc(-c3ccco3)nn12,tensor([6.9000])
O=C(Nc1cccc(Cl)c1)Nc1nc2nn(CCc3c(Br)cc(Br)cc3Br)cc2c2nc(-c3ccco3)nn12,tensor([7.1500])
O=C(COc1ccc(Cl)cc1)Nc1nc2nn(CCCc3ccccc3)cc2c2nc(-c3ccco3)nn12,tensor([6.4000])
CC(C)(C)OC(=O)NCCCC(=O)Nc1nc2nn(CCc3ccccc3)cc2c2nc(-c3ccco3)nn12,tensor([5.8300])
Cn1cc2c(nc(NC(=O)Cc3ccc(-c4ccccc4)cc3)n3nc(-c4ccco4)nc23)n1,tensor([7.9500])
CC(C)(C)n1cc2c(nc(NC(=O)Nc3cccc(Cl)c3)n3nc(-c4ccco4)nc23)n1,tensor([8.5600])
CCn1cc2c(nc(NC(=O)Cc3cccc4ccccc34)n3nc(-c4ccco4)nc23)n1,tensor([8.5200])
CCn1cc2c(nc(NC(=O)C(c3ccccc3)c3ccccc3)n3nc(-c4ccco4)nc23)n1,tensor([9.0100])
Cn1cc2c(nc(NC(=O)Cc3ccc(Cl)cc3)n3nc(-c4ccco4)nc23)n1,tensor([7.9000])
O=C(Nc1nc2nn(CCCc3ccccc3)cc2c2nc(-c3ccco3)nn12)C(c1ccccc1)c1ccccc1,tensor([7.9000])
CC(C)CCn1cc2c(nc(NC(=O)Cc3ccc4ccccc4c3)n3nc(-c4ccco4)nc23)n1,tensor([6.3900])
Cn1cc2c(nc(NC(=O)Nc3ccc(Cl)c(Cl)c3)n3nc(-c4ccco4)nc23)n1,tensor([8.4700])
O=C(Cc1ccc(-c2ccccc2)cc1)Nc1nc2nn(CCCc3ccccc3)cc2c2nc(-c3ccco3)nn12,tensor([6.3900])
Cn1cc2c(nc(N)n3nc(-c4ccco4)nc23)n1,tensor([6.5200])
O=C(Cc1ccsc1)Nc1nc2nn(CCc3ccccc3)cc2c2nc(-c3ccco3)nn12,tensor([6.1400])
CCCn1cc2c(nc(NC(=O)Nc3cccc(Cl)c3)n3nc(-c4ccco4)nc23)n1,tensor([9.0400])
O=C(Cc1ccc2ccccc2c1)Nc1nc2nn(CCCc3ccccc3)cc2c2nc(-c3ccco3)nn12,tensor([6.1400])
CCCCn1cc2c(nc(NC(=O)Nc3ccc(Br)cc3)n3nc(-c4ccco4)nc23)n1,tensor([9.0400])
Cn1cc2c(nc(NC(=O)Nc3ccccc3Cl)n3nc(-c4ccco4)nc23)n1,tensor([9.0400])
CCCSc1c2c(nc(N)n3nc(-c4ccco4)nc23)nn1C,tensor([6.6500])
CC(C)CCn1cc2c(nc(NC(=O)Cc3cccs3)n3nc(-c4ccco4)nc23)n1,tensor([6.5100])
CCCn1cc2c(nc(NC(=O)C(c3ccccc3)c3ccccc3)n3nc(-c4ccco4)nc23)n1,tensor([9.0300])
CCCCn1cc2c(nc(NC(=O)Cc3ccccc3)n3nc(-c4ccco4)nc23)n1,tensor([8.9600])
COc1ccc(CC(=O)Nc2nc3nn(C)cc3c3nc(-c4ccco4)nn23)cc1,tensor([9.0200])
COc1ccc(CC(=O)Nc2nc3nn(CCCc4ccccc4)cc3c3nc(-c4ccco4)nn23)cc1,tensor([6.9200])
CC(C)CCn1cc2c(nc(NC(=O)CCCNC(=O)OC(C)(C)C)n3nc(-c4ccco4)nc23)n1,tensor([5.6000])
Cn1cc2c(nc(NC(=O)Cc3cccc(Cl)c3)n3nc(-c4ccco4)nc23)n1,tensor([8.7100])
CC(C)CCn1cc2c(nc(NC(=O)Cc3ccc(C(F)(F)F)cc3)n3nc(-c4ccco4)nc23)n1,tensor([6.5800])
CC(C)CCn1cc2c(nc(NC(=O)Cc3ccc(-c4ccccc4)cc3)n3nc(-c4ccco4)nc23)n1,tensor([6.5700])
COc1ccc(CC(=O)Nc2nc3nn(CCC(C)C)cc3c3nc(-c4ccco4)nn23)cc1,tensor([6.4500])
CC(C)CCn1cc2c(nc(NC(=O)Cc3cccc(Cl)c3)n3nc(-c4ccco4)nc23)n1,tensor([6.5600])
Nc1nc2nn(CCc3ccccc3)cc2c2nc(-c3ccco3)nn12,tensor([5.5500])
O=C(COc1ccc(Cl)cc1)Nc1nc2nn(CCc3ccccc3)cc2c2nc(-c3ccco3)nn12,tensor([5.4900])
O=C(Nc1nc2nn(CCc3ccccc3)cc2c2nc(-c3ccco3)nn12)C(c1ccccc1)c1ccccc1,tensor([8.1900])
CC(C)CCn1cc2c(nc(N)n3nc(-c4ccco4)nc23)n1,tensor([6.1600])
O=C(Cc1cccc(Cl)c1)Nc1nc2nn(CCc3ccccc3)cc2c2nc(-c3ccco3)nn12,tensor([6.5600])
O=C(Cc1ccc(F)cc1)Nc1nc2nn(CCCc3ccccc3)cc2c2nc(-c3ccco3)nn12,tensor([7.2300])
O=C(Cc1cccc2ccccc12)Nc1nc2nn(CCCc3ccccc3)cc2c2nc(-c3ccco3)nn12,tensor([6.4600])
CC(C)CCn1cc2c(nc(NC(=O)Cc3ccc(Cl)cc3)n3nc(-c4ccco4)nc23)n1,tensor([7.2500])
CCCCn1cc2c(nc(NC(=O)Cc3cccc4ccccc34)n3nc(-c4ccco4)nc23)n1,tensor([7.])
CCCCn1cc2c(nc(NC(=O)Cc3cccs3)n3nc(-c4ccco4)nc23)n1,tensor([7.])
Nc1nc2nn(CCc3c(Br)cc(Br)cc3Br)cc2c2nc(-c3ccco3)nn12,tensor([5.3500])
Nc1nc2nn(CCCc3ccccc3)cc2c2nc(-c3ccco3)nn12,tensor([5.5700])
Cn1cc2c(nc(NC(=O)Cc3c(Cl)cccc3Cl)n3nc(-c4ccco4)nc23)n1,tensor([7.3500])
CC(C)(C)n1cc2c(nc(N)n3nc(-c4ccco4)nc23)n1,tensor([5.9400])
CC(C)CCn1cc2c(nc(NC(=O)Cc3ccc(F)cc3)n3nc(-c4ccco4)nc23)n1,tensor([6.9400])
Cn1cc2c(nc(NC(=O)Cc3ccc(C(F)(F)F)cc3)n3nc(-c4ccco4)nc23)n1,tensor([8.9100])
Cn1cc2c(nc(NC(=O)Cc3ccsc3)n3nc(-c4ccco4)nc23)n1,tensor([8.9000])
CCCCn1cc2c(nc(NC(=O)Nc3ccc(S(=O)(=O)O)cc3)n3nc(-c4ccco4)nc23)n1,tensor([7.3300])
CCCn1cc2c(nc(NC(=O)Cc3ccc4ccccc4c3)n3nc(-c4ccco4)nc23)n1,tensor([7.0200])
CC(C)=CCn1cc2c(nc(N)n3nc(-c4ccco4)nc23)n1,tensor([6.0900])
CCCn1cc2c(nc(NC(=O)Cc3ccc(-c4ccccc4)cc3)n3nc(-c4ccco4)nc23)n1,tensor([7.1800])
O=C(Cc1ccccc1)Nc1nc2nn(CCc3ccccc3)cc2c2nc(-c3ccco3)nn12,tensor([8.2600])
O=C(Cc1cccc(Cl)c1)Nc1nc2nn(CCCc3ccccc3)cc2c2nc(-c3ccco3)nn12,tensor([6.9600])
O=C(Cc1cccs1)Nc1nc2nn(CCc3ccccc3)cc2c2nc(-c3ccco3)nn12,tensor([6.4800])
CC(C)CCn1cc2c(nc(NC(=O)C(c3ccccc3)c3ccccc3)n3nc(-c4ccco4)nc23)n1,tensor([8.2300])
Cn1cc2c(nc(NC(=O)Cc3cccs3)n3nc(-c4ccco4)nc23)n1,tensor([8.2800])
CCCCn1cc2c(nc(NC(=O)C(c3ccccc3)c3ccccc3)n3nc(-c4ccco4)nc23)n1,tensor([8.9200])
Cn1cc2c(nc(NC(=O)Cc3cccc4ccccc34)n3nc(-c4ccco4)nc23)n1,tensor([8.4600])
O=C(Cc1c(Cl)cccc1Cl)Nc1nc2nn(CCCc3ccccc3)cc2c2nc(-c3ccco3)nn12,tensor([6.2200])
CCCCn1cc2c(nc(NC(=O)Cc3ccc(-c4ccccc4)cc3)n3nc(-c4ccco4)nc23)n1,tensor([6.7200])
Cn1cc2c(nc(NC(=O)Nc3ccc4c(c3)OCO4)n3nc(-c4ccco4)nc23)n1,tensor([9.6200])
Cn1cc2c(nc(NC(=O)Nc3ccc(S(=O)(=O)O)cc3)n3nc(-c4ccco4)nc23)n1,tensor([7.6000])
CCCCn1cc2c(nc(N)n3nc(-c4ccco4)nc23)n1,tensor([6.2200])
CCCCn1cc2c(nc(NC(=O)Cc3ccc4ccccc4c3)n3nc(-c4ccco4)nc23)n1,tensor([6.7600])
CCCCn1cc2c(nc(NC(=O)Cc3ccsc3)n3nc(-c4ccco4)nc23)n1,tensor([6.7200])
COc1ccc(NC(=O)Nc2nc3nn(CCc4c(Br)cc(Br)cc4Br)cc3c3nc(-c4ccco4)nn23)cc1,tensor([7.6000])
CCn1cc2c(nc(NC(=O)Nc3ccc(Cl)cc3)n3nc(-c4ccco4)nc23)n1,tensor([9.7000])
COc1ccc(NC(=O)Nc2nc3nn(Cc4cccc5ccccc45)cc3c3nc(-c4ccco4)nn23)cc1,tensor([7.8000])
CC(C)CCn1cc2c(nc(NC(=O)Cc3ccsc3)n3nc(-c4ccco4)nc23)n1,tensor([6.2700])
CCCCn1cc2c(nc(NC(=O)Nc3cccc(OC)c3)n3nc(-c4ccco4)nc23)n1,tensor([9.2200])
O=C(Cc1ccc(Cl)cc1)Nc1nc2nn(CCCc3ccccc3)cc2c2nc(-c3ccco3)nn12,tensor([7.5200])
CCCCn1cc2c(nc(NC(=O)Nc3cccc(Cl)c3)n3nc(-c4ccco4)nc23)n1,tensor([9.2200])
Cn1cc2c(nc(NC(=O)C(c3ccccc3)c3ccccc3)n3nc(-c4ccco4)nc23)n1,tensor([9.6000])
CCCCn1cc2c(nc(NC(=O)Nc3ccc4c(c3)OCO4)n3nc(-c4ccco4)nc23)n1,tensor([9.3000])
CCn1cc2c(nc(NC(=O)Nc3ccc4c(c3)OCO4)n3nc(-c4ccco4)nc23)n1,tensor([9.5700])
CCCCn1cc2c(nc(NC(=O)Nc3ccc(Cl)cc3)n3nc(-c4ccco4)nc23)n1,tensor([9.3700])
Cn1cc2c(nc(NC(=O)COc3ccccc3)n3nc(-c4ccco4)nc23)n1,tensor([6.1600])
CCCn1cc2c(nc(NC(=O)Cc3cccc4ccccc34)n3nc(-c4ccco4)nc23)n1,tensor([7.7600])
Cn1cc2c(nc(NC(=O)Nc3ccc(F)cc3)n3nc(-c4ccco4)nc23)n1,tensor([9.4700])
CCCn1cc2c(nc(NC(=O)Nc3ccccc3OC)n3nc(-c4ccco4)nc23)n1,tensor([9.4700])
CCCn1cc2c(nc(NC(=O)Nc3ccc(Cl)cc3)n3nc(-c4ccco4)nc23)n1,tensor([9.4700])
CCCn1cc2c(nc(NC(=O)Nc3ccc4c(c3)OCO4)n3nc(-c4ccco4)nc23)n1,tensor([9.5200])
Cn1cc2c(nc(NC(=O)Nc3ccc(Cl)cc3)n3nc(-c4ccco4)nc23)n1,tensor([9.5400])
C=Cn1cc2c(nc(NC(=O)Nc3ccc(OC)cc3)n3nc(-c4ccco4)nc23)n1,tensor([9.3200])
O=C(Nc1cccc(Cl)c1)Nc1nc2n[nH]cc2c2nc(-c3ccco3)nn12,tensor([9.3000])
CCCn1cc2c(nc(NC(=O)Nc3ccc(F)cc3)n3nc(-c4ccco4)nc23)n1,tensor([9.5400])
CCn1cc2c(nc(NC(=O)Cc3cccs3)n3nc(-c4ccco4)nc23)n1,tensor([6.7100])
CCn1cc2c(nc(NC(=O)Cc3ccc4ccccc4c3)n3nc(-c4ccco4)nc23)n1,tensor([7.4400])
CC(C)CCn1cc2c(nc(NC(=O)Cc3c(Cl)cccc3Cl)n3nc(-c4ccco4)nc23)n1,tensor([6.6800])
CCCn1cc2c(nc(NC(=O)Nc3ccc(C(F)(F)F)cc3)n3nc(-c4ccco4)nc23)n1,tensor([9.2900])
O=C(Cc1ccc2ccccc2c1)Nc1nc2nn(CCc3ccccc3)cc2c2nc(-c3ccco3)nn12,tensor([6.7500])
CCn1cc2c(nc(NC(=O)Cc3ccc(-c4ccccc4)cc3)n3nc(-c4ccco4)nc23)n1,tensor([7.8500])
CCCCn1cc2c(nc(NC(=O)Nc3ccc(C(F)(F)F)cc3)n3nc(-c4ccco4)nc23)n1,tensor([9.1400])
Cn1cc2c(nc(NC(=O)Cc3ccc4ccccc4c3)n3nc(-c4ccco4)nc23)n1,tensor([7.8400])
Cn1cc2c(nc(NC(=O)Nc3ccc(C(F)(F)F)cc3)n3nc(-c4ccco4)nc23)n1,tensor([9.1300])
C#CCSc1nc(N)c2ncn(C3OC(CO)C(O)C3O)c2n1,tensor([5.1600])
Nc1nc(SCCc2ccccc2)nc2c1ncn2C1OC(CO)C(O)C1O,tensor([5.7400])
Nc1nc(SC2CCCC2)nc2c1ncn2C1OC(CO)C(O)C1O,tensor([4.9800])
Nc1nc(SCc2ccccc2)nc2c1ncn2C1OC(CO)C(O)C1O,tensor([6.9200])
C=CCSc1nc(N)c2ncn(C3OC(CO)C(O)C3O)c2n1,tensor([5.1800])
Nc1nc(SCCC2CCCCC2)nc2c1ncn2C1OC(CO)C(O)C1O,tensor([5.4400])
Nc1nc(SCC2CCCCC2)nc2c1ncn2C1OC(CO)C(O)C1O,tensor([5.7600])
Nc1nc(SCCC2OCCO2)nc2c1ncn2C1OC(CO)C(O)C1O,tensor([5.4600])
CCCCCCSc1nc(N)c2ncn(C3OC(CO)C(O)C3O)c2n1,tensor([5.6300])
Nc1nc(SCCC2COCCO2)nc2c1ncn2C1OC(CO)C(O)C1O,tensor([5.8800])
CNC(=O)C12CC1C(n1cnc3c(NCc4cccc(Cl)c4)nc(C#CCCC(=O)NCCN)nc31)C(O)C2O,tensor([8.6000])
CNC(=O)C12CC1C(n1cnc3c(NCc4cccc(Cl)c4)nc(C#CCCC(=O)OC)nc31)C(O)C2O,tensor([8.2600])
OC1C(O)C(n2cnc3c(NCc4cccc(I)c4)nc(F)nc32)C2CC12,tensor([7.9700])
NCCNC(=O)CCC#Cc1nc(NCc2cccc(Cl)c2)c2ncn(C3C(O)C(O)C4CC43)c2n1,tensor([6.3900])
OC1C(O)C(n2cnc3c(NC4CCCC4)nc(Cl)nc32)C2CC12,tensor([6.9200])
CNC(=O)C12CC1C(n1cnc3c(NCc4cccc(Cl)c4)nc(C#CCCC(=O)NCCNC(=O)CCCCC4SCC5NC(=O)NC54)nc31)C(O)C2O,tensor([7.4400])
CNC(=O)C12CC1C(n1cnc3c(NCc4cccc(Cl)c4)nc(C#CCCC(=O)O)nc31)C(O)C2O,tensor([7.2100])
CCN1C(=CC=CC=CC2=[N+](CCCCCC(=O)NCCNC(=O)CCC#Cc3nc(NCc4cccc(Cl)c4)c4ncn(C5C(O)C(O)C6(C(=O)NC)CC56)c4n3)c3ccccc3C2(C)C)C(C)(C)c2cc(S(=O)(=O)[O-])ccc21,tensor([7.7600])
CNC(=O)C12CC1C(n1cnc3c(NCc4cccc(Cl)c4)nc(C#CCCCCC(=O)O)nc31)C(O)C2O,tensor([7.9100])
CNC(=O)C12CC1C(n1cnc3c(NCc4cccc(Cl)c4)nc(C#CCCCCC(=O)NCCN)nc31)C(O)C2O,tensor([8.4700])
CNC(=O)C12CC1C(n1cnc3c(NCc4cccc(Cl)c4)nc(C#CCCC(=O)NCCCCN)nc31)C(O)C2O,tensor([8.6800])
CNC(=O)C12CC1C(n1cnc3c(NCc4cccc(Cl)c4)nc(C#CCCC(=O)NCCCN)nc31)C(O)C2O,tensor([8.5100])
CNC(=O)C12CC1C(n1cnc3c(NCc4cccc(Cl)c4)nc(C#CCCC(=O)NCCNCCN)nc31)C(O)C2O,tensor([7.8100])
OC1C(O)C(n2cnc3c(NCc4cccc(I)c4)ncnc32)C2CC12,tensor([8.3100])
CNC(=O)C12CC1C(n1cnc3c(NCc4cccc(Cl)c4)nc(C#CCCCCC(=O)OC)nc31)C(O)C2O,tensor([7.9600])
OC1C(O)C(n2cnc3c(NCc4cccc(Cl)c4)ncnc32)C2CC12,tensor([8.3100])
CNC(=O)C12CC1C(n1cnc3c(NCc4cccc(Cl)c4)nc(C#CCCC(=O)NCCNC(=O)CCCCCNC(=O)CCCCC4SCC5NC(=O)NC54)nc31)C(O)C2O,tensor([7.2400])
CNC(=O)C1OC(n2cnc3c(NC)nc(C#Cc4ccccn4)nc32)C(O)C1O,tensor([9.4000])
CNC(=O)C1OC(n2cnc3c(NC)nc(C#Cc4ccc(F)cc4)nc32)C(O)C1O,tensor([9.3700])
CNC(=O)C1OC(n2cnc3c(NC)nc(C#Cc4ccccc4)nc32)C(O)C1O,tensor([9.3600])
CNc1nc(C#Cc2ccccc2)nc2c1ncn2C1OC(CO)C(O)C1O,tensor([8.4700])
CNC(=O)C1OC(n2cnc3c(NOC)nc(C#Cc4ccc(OC)cc4)nc32)C(O)C1O,tensor([8.6000])
CNC(=O)C1OC(n2cnc3c(NC)nc(C#Cc4ccc(OC)cc4)nc32)C(O)C1O,tensor([9.4800])
O=c1[nH]cnc2cn(-c3ccccc3)nc12,tensor([6.7300])
O=c1[nH]c(Cc2ccccc2)nc2cn(-c3ccccc3)nc12,tensor([6.0500])
CCc1nc2cn(-c3ccc(OC)cc3)nc2c(=O)[nH]1,tensor([7.8500])
Cc1cccc(-n2cc3nc(C)[nH]c(=O)c3n2)c1,tensor([7.1400])
COc1ccc(-n2cc3nc(Cc4ccccc4)[nH]c(=O)c3n2)cc1,tensor([6.6000])
CCc1nc2cn(-c3ccccc3)nc2c(=O)[nH]1,tensor([7.2800])
COc1ccc(-n2cc3nc[nH]c(=O)c3n2)cc1,tensor([7.2700])
COc1ccc(-n2cc3nc(C)[nH]c(=O)c3n2)cc1,tensor([8.9200])
Cc1ccc(-n2cc3nc(C)[nH]c(=O)c3n2)cc1,tensor([8.])
CNC(=O)C12CC1C(n1cnc3c(NCc4cccc(Cl)c4)nc(C#CCCCCc4cn(-c5ccc(N)cc5)nn4)nc31)C(O)C2O,tensor([7.0600])
CNC(=O)C12CC1C(n1cnc3c(NCc4cccc(Cl)c4)nc(C#CCCCc4cn(-c5cccc([N+](=O)[O-])c5)nn4)nc31)C(O)C2O,tensor([7.5800])
CNC(=O)C12CC1C(n1cnc3c(NCc4cccc(Cl)c4)nc(C#CCCCCc4cn(CCNC(C)=O)nn4)nc31)C(O)C2O,tensor([7.6500])
CNC(=O)C12CC1C(n1cnc3c(NCc4cccc(Cl)c4)nc(C#CCCCCc4cn(-c5ccc(C(=O)O)cc5)nn4)nc31)C(O)C2O,tensor([6.7500])
CNC(=O)C12CC1C(n1cnc3c(NCc4cccc(Cl)c4)nc(C#CCCCCc4cn(CCCCNC(C)=O)nn4)nc31)C(O)C2O,tensor([7.0500])
C#CCCCCC#Cc1nc(NCc2cccc(Cl)c2)c2ncn(C3C(O)C(O)C4(C(=O)NC)CC34)c2n1,tensor([7.5300])
CNC(=O)C12CC1C(n1cnc3c(NCc4cccc(Cl)c4)nc(C#CCCCCc4cn(C56CC7CC(CC(C7)C5)C6)nn4)nc31)C(O)C2O,tensor([8.1900])
C#CCCCC#Cc1nc(NCc2cccc(Cl)c2)c2ncn(C3C(O)C(O)C4(C(=O)NC)CC34)c2n1,tensor([7.6300])
CNC(=O)C12CC1C(n1cnc3c(NCc4cccc(Cl)c4)nc(C#CCCCCc4cn(CCCCCCNC5SCC6NC(=O)NC65)nn4)nc31)C(O)C2O,tensor([6.5400])
CNC(=O)C12CC1C(n1cnc3c(NCc4cccc(Cl)c4)nc(C#CCCCCc4cn(CCCCCCNC(=O)c5ccc(-c6c7ccc(=N)c(S(=O)(=O)O)c-7oc7c(S(=O)(=O)O)c(N)ccc67)c(C(=O)O)c5)nn4)nc31)C(O)C2O,tensor([6.3800])
CNC(=O)C12CC1C(n1cnc3c(NCc4cccc(Cl)c4)nc(-c4nnn(-c5ccc(N=C=S)cc5)c4CCCCc4cn(-c5ccc(N=C=S)cc5)nn4)nc31)C(O)C2O,tensor([8.0600])
CNC(=O)C12CC1C(n1cnc3c(NCc4cccc(Cl)c4)nc(C#CCCCCc4cn(CCCCCCC(=O)NCCOCOCOCOCNC5SCC6NC(=O)NC65)nn4)nc31)C(O)C2O,tensor([6.6300])
CNC(=O)C12CC1C(n1cnc3c(NCc4cccc(Cl)c4)nc(C#CCCCCc4cn(Cc5ccc(-n6sccc6=O)cc5)nn4)nc31)C(O)C2O,tensor([6.9900])
CNC(=O)C12CC1C(n1cnc3c(NCc4cccc(Cl)c4)nc(C#CCCCCc4cn(-c5cccc([N+](=O)[O-])c5)nn4)nc31)C(O)C2O,tensor([7.9700])
CCN1C(=CC=CC=CC2=[N+](CCCCCC(=O)NCCNC(=O)CCC#Cc3nc(NCc4cccc(Cl)c4)c4ncn(C5C(O)C(O)C6(C(=O)NC)CC56)c4n3)c3ccc(S(=O)(=O)[O-])cc3C2(C)C)C(C)(C)c2cc(S(=O)(=O)O)ccc21,tensor([7.7600])
CNC(=O)C12CC1C(n1cnc3c(NCc4cccc(Cl)c4)nc(C#CCCCCc4cn(CCCCN)nn4)nc31)C(O)C2O,tensor([7.3300])
CNC(=O)C12CC1C(n1cnc3c(NCc4cccc(Cl)c4)nc(C#CCCCCc4cn(-c5ccc(N=C=S)cc5)nn4)nc31)C(O)C2O,tensor([7.4300])
CNC(=O)C12CC1C(n1cnc3c(NCc4cccc(Cl)c4)nc(C#CCCCCc4cn(C(Br)C(=O)c5ccccc5)nn4)nc31)C(O)C2O,tensor([8.0200])
O=C(NCc1cccc2ccccc12)C1SC(n2cnc3c(NCc4cccc(I)c4)ncnc32)C(O)C1O,tensor([5.9200])
CCOc1ccccc1CNC(=O)C1SC(n2cnc3c(NCc4cccc(I)c4)ncnc32)C(O)C1O,tensor([6.9500])
COc1ccccc1CNC(=O)C1SC(n2cnc3c(NCc4cccc(I)c4)ncnc32)C(O)C1O,tensor([7.0100])
O=C(NCc1cccc(F)c1)C1SC(n2cnc3c(NCc4cccc(I)c4)ncnc32)C(O)C1O,tensor([7.2100])
CNc1ncnc2c1ncn2C1SC(C(=O)NCc2cccc(I)c2)C(O)C1O,tensor([7.8100])
CNc1ncnc2c1ncn2C1SC(C(=O)NC2CCCC2)C(O)C1O,tensor([9.0100])
Cc1cccc(CNC(=O)C2SC(n3cnc4c(NCc5cccc(I)c5)ncnc43)C(O)C2O)c1,tensor([7.0200])
CCNC(=O)C1SC(n2cnc3c(NC)ncnc32)C(O)C1O,tensor([9.0100])
O=C(NC1CC1)C1SC(n2cnc3c(NCc4cccc(I)c4)ncnc32)C(O)C1O,tensor([8.5200])
CNc1ncnc2c1ncn2C1SC(C(=O)NCC2CC2)C(O)C1O,tensor([8.8700])
O=C(NCc1cccc(Cl)c1)C1SC(n2cnc3c(NCc4cccc(I)c4)ncnc32)C(O)C1O,tensor([6.8400])
O=C(NC1CCCCC1)C1SC(n2cnc3c(NCc4cccc(I)c4)ncnc32)C(O)C1O,tensor([7.4500])
O=C(NC(c1ccccc1)c1ccccc1)C1SC(n2cnc3c(NCc4cccc(I)c4)ncnc32)C(O)C1O,tensor([6.9400])
CNC(=O)C1SC(n2cnc3c(NC)ncnc32)C(O)C1O,tensor([8.9200])
O=C(NCCc1ccccc1)C1SC(n2cnc3c(NCc4cccc(I)c4)ncnc32)C(O)C1O,tensor([6.3600])
Cc1ccccc1CNC(=O)C1SC(n2cnc3c(NCc4cccc(I)c4)ncnc32)C(O)C1O,tensor([7.5100])
O=C(NC1CCC1)C1SC(n2cnc3c(NCc4cccc(I)c4)ncnc32)C(O)C1O,tensor([8.9300])
O=C(NCC1CC1)C1SC(n2cnc3c(NCc4cccc(I)c4)ncnc32)C(O)C1O,tensor([8.6700])
CCNC(=O)C1SC(n2cnc3c(NCc4cccc(I)c4)ncnc32)C(O)C1O,tensor([9.3800])
CNc1ncnc2c1ncn2C1SC(C(=O)NC2CC2)C(O)C1O,tensor([8.6700])
CNc1ncnc2c1ncn2C1SC(C(=O)NC2CCC2)C(O)C1O,tensor([8.9800])
Cc1ccc(CNC(=O)C2SC(n3cnc4c(NCc5cccc(I)c5)ncnc43)C(O)C2O)cc1,tensor([6.8700])
O=C(Nc1nc(-c2ccccc2)c(C(=O)c2ccccc2)s1)c1ccccc1,tensor([6.4500])
CCOC(=O)Nc1nc(-c2ccccc2)c(C(=O)c2ccc(OC)cc2)s1,tensor([7.])
O=C(Nc1nc(-c2ccccc2)c(C(=O)c2ccccc2)s1)c1ccco1,tensor([6.6800])
Cc1ccc(C(=O)c2sc(NC(=O)c3ccccc3)nc2-c2ccccc2)cc1,tensor([5.6700])
O=C(Nc1nc(-c2ccccc2)c(C(=O)c2ccc(Cl)cc2)s1)c1ccco1,tensor([6.2100])
CCOC(=O)Nc1nc(-c2ccccc2)c(C(=O)c2ccc(Cl)cc2)s1,tensor([6.3100])
CCOC(=O)Nc1nc(-c2ccccc2)c(C(=O)c2ccccc2)s1,tensor([6.6900])
COc1ccc(C(=O)c2sc(NC(=O)c3ccccc3)nc2-c2ccccc2)cc1,tensor([6.])
CN(C)c1nc(N)n2nc(-c3ccco3)nc2n1,tensor([5.1400])
COc1ccc(CC(=O)Nc2nc(SC)nc3nc(-c4ccco4)nn23)cc1,tensor([5.6800])
CSc1nc(NC(=O)Nc2ccccc2)n2nc(-c3ccco3)nc2n1,tensor([6.3800])
Cc1ccc(NC(=O)Nc2nc(N(C)C)nc3nc(-c4ccco4)nn23)cc1,tensor([5.0200])
CCCCCC(=O)Nc1nc(Oc2ccccc2)nc2nc(-c3ccco3)nn12,tensor([5.6600])
CCCCCC(=O)Nc1nc(N(C)C)nc2nc(-c3ccco3)nn12,tensor([5.6600])
COc1ccc(CC(=O)Nc2nc(Oc3ccccc3)nc3nc(-c4ccco4)nn23)cc1,tensor([5.2800])
CSc1nc(NC(=O)Nc2ccc(C)cc2)n2nc(-c3ccco3)nc2n1,tensor([5.6600])
Cc1ccc(NC(=O)Nc2nc(Oc3ccccc3)nc3nc(-c4ccco4)nn23)cc1,tensor([6.1200])
O=C(Nc1ccccc1)Nc1nc(Oc2ccccc2)nc2nc(-c3ccco3)nn12,tensor([6.2000])
CN(C)c1nc(NC(=O)Nc2ccccc2)n2nc(-c3ccco3)nc2n1,tensor([6.5100])
O=C(Nc1nc(Oc2ccccc2)nc2nc(-c3ccco3)nn12)C(c1ccccc1)c1ccccc1,tensor([5.3600])
O=C(Cc1ccccc1)Nc1nc(Oc2ccccc2)nc2nc(-c3ccco3)nn12,tensor([5.9900])
CN(C)c1nc(NC(=O)Cc2ccccc2)n2nc(-c3ccco3)nc2n1,tensor([5.9800])
CSc1nc(NC(=O)C(c2ccccc2)c2ccccc2)n2nc(-c3ccco3)nc2n1,tensor([6.7700])
CSc1nc(N)n2nc(-c3ccco3)nc2n1,tensor([5.5900])
COc1ccc(CC(=O)Nc2nc(N(C)C)nc3nc(-c4ccco4)nn23)cc1,tensor([5.5700])
Nc1nc(Oc2ccccc2)nc2nc(-c3ccco3)nn12,tensor([6.3100])
CSc1nc(NC(=O)Cc2ccccc2)n2nc(-c3ccco3)nc2n1,tensor([5.3800])
CN(C)c1nc(NC(=O)C(c2ccccc2)c2ccccc2)n2nc(-c3ccco3)nc2n1,tensor([6.3300])
O=C(Nc1nc2nn(CCc3ccccc3)cc2c2nc(-c3ccccc3)nn12)c1ccccc1,tensor([7.6200])
Cn1cc2c(nc(NC(=O)Cc3ccccc3)n3nc(-c4ccc([N+](=O)[O-])cc4)nc23)n1,tensor([9.2100])
Cn1cc2c(nc(N(C(=O)c3ccccc3)C(=O)c3ccccc3)n3nc(-c4ccc(Cl)cc4)nc23)n1,tensor([8.1600])
COc1ccc(-c2nc3c4cn(C)nc4nc(N(C(=O)c4ccccc4)C(=O)c4ccccc4)n3n2)cc1,tensor([8.1600])
Cn1cc2c(nc(NC(=O)Cc3ccccc3)n3nc(-c4ccc(F)cc4)nc23)n1,tensor([9.7000])
Cn1cc2c(nc(NC(=O)c3ccccc3)n3nc(-c4ccc([N+](=O)[O-])cc4)nc23)n1,tensor([7.2500])
Cn1cc2c(nc(N)n3nc(-c4ccc(F)cc4)nc23)n1,tensor([7.5000])
Cn1cc2c(nc(N)n3nc(-c4ccc(Cl)cc4)nc23)n1,tensor([7.1400])
COc1ccc(-c2nc3c4cn(C)nc4nc(NC(=O)c4ccccc4)n3n2)cc1,tensor([8.6800])
CCn1ncc2c1nc(N)n1nc(-c3ccc(Cl)cc3)nc21,tensor([6.2500])
Cn1cc2c(nc(N)n3nc(-c4ccc([N+](=O)[O-])cc4)nc23)n1,tensor([6.1800])
Cn1cc2c(nc(NC(=O)Cc3ccccc3)n3nc(-c4ccc(Br)cc4)nc23)n1,tensor([9.4600])
O=C(Nc1nc2nn(CCc3ccccc3)cc2c2nc(-c3ccc(Br)cc3)nn12)c1ccccc1,tensor([6.8200])
Nc1nc2nn(CCc3ccccc3)cc2c2nc(-c3ccc(Cl)cc3)nn12,tensor([7.1000])
COc1ccc(-c2nc3c4cn(C)nc4nc(N)n3n2)cc1,tensor([7.7800])
Cn1cc2c(nc(NC(=O)c3ccccc3)n3nc(-c4ccccc4)nc23)n1,tensor([8.3000])
Cn1cc2c(nc(N)n3nc(-c4ccc(Br)cc4)nc23)n1,tensor([7.4100])
Cn1cc2c(nc(NC(=O)Cc3ccccc3)n3nc(-c4ccccc4)nc23)n1,tensor([9.9700])
Nc1nc2nn(CCc3ccccc3)cc2c2nc(-c3ccc(Br)cc3)nn12,tensor([6.6600])
Cn1cc2c(nc(NC(=O)c3ccccc3)n3nc(-c4ccc(Br)cc4)nc23)n1,tensor([8.2800])
Nc1nc2nn(CCc3ccccc3)cc2c2nc(-c3ccccc3)nn12,tensor([7.1200])
Cn1cc2c(nc(NC(=O)c3ccccc3)n3nc(-c4ccc(F)cc4)nc23)n1,tensor([8.4600])
Nc1nc2nn(CCc3ccccc3)cc2c2nc(-c3ccc(F)cc3)nn12,tensor([7.3000])
COc1ccc(-c2nc3c4cn(CCc5ccccc5)nc4nc(N)n3n2)cc1,tensor([7.6000])
CCn1cc2c(nc(N)n3nc(-c4ccc(Cl)cc4)nc23)n1,tensor([7.1600])
Cn1cc2c(nc(NC(=O)Cc3ccccc3)n3nc(-c4ccc(Cl)cc4)nc23)n1,tensor([9.6100])
Cn1cc2c(nc(NC(=O)c3ccccc3)n3nc(-c4ccc(Cl)cc4)nc23)n1,tensor([8.5500])
Cn1cc2c(nc(N)n3nc(-c4ccccc4)nc23)n1,tensor([7.1200])
COc1ccc(-c2nc3c4cn(C)nc4nc(NC(=O)Cc4ccccc4)n3n2)cc1,tensor([9.6200])
Cc1cccc(OC(C)C(=O)Nc2nc(-c3ccccc3)n[nH]2)c1,tensor([5.5200])
COc1ccc(C(=O)Nc2nc(-c3ccccc3)nc3nn(C)cc23)cc1,tensor([9.7400])
O=C(Nc1nc(-c2ccccc2)nc2nn(Cc3ccccc3)cc12)c1ccccc1,tensor([8.5200])
Nc1nc(-c2ccccc2)nc2nn(Cc3ccccc3)cc12,tensor([7.0300])
Cn1cc2c(NC(=O)c3ccccc3)nc(-c3ccccc3)nc2n1,tensor([9.2200])
COc1ccc(NC(=O)Nc2nc(-c3ccccc3)nc3nn(Cc4ccccc4)cc23)cc1,tensor([8.5400])
O=C(Nc1ccccc1)Nc1nc(-c2ccccc2)nc2nn(Cc3ccccc3)cc12,tensor([8.5400])
O=C(Nc1cccc(Cl)c1)Nc1nc(-c2ccccc2)nc2nn(Cc3ccccc3)cc12,tensor([6.9200])
Cn1cc2c(NC(=O)Nc3cccc(Cl)c3)nc(-c3ccccc3)nc2n1,tensor([7.5400])
O=C(Nc1ccccc1)Nc1nc(-c2ccccc2)nc2nn(CCc3ccccc3)cc12,tensor([7.4400])
Nc1nc(-c2ccccc2)nc2nn(CCc3ccccc3)cc12,tensor([6.3000])
COc1ccc(C(=O)Nc2nc(-c3ccccc3)nc3nn(Cc4ccccc4)cc23)cc1,tensor([7.6600])
CNC(=O)OCC1OC(n2cnc3c(NCc4cccc(I)c4)nc(Cl)nc32)C(O)C1O,tensor([7.9600])
Cn1cc2c(NC(=O)c3cccc(Cl)c3)nc(-c3ccccc3)nc2n1,tensor([8.2300])
COc1ccc(NC(=O)Nc2nc(-c3ccccc3)nc3nn(C)cc23)cc1,tensor([6.4500])
Cn1cc2c(NC(=O)Nc3ccccc3)nc(-c3ccccc3)nc2n1,tensor([7.6800])
O=C(Nc1nc(-c2ccccc2)nc2nn(Cc3ccccc3)cc12)c1cccc(Cl)c1,tensor([8.4300])
Cn1cc2c(N)nc(-c3ccccc3)nc2n1,tensor([6.0400])
COc1ccc(C(=O)Nc2nc(-c3ccccc3)nc3nn(CCc4ccccc4)cc23)cc1,tensor([7.3400])
O=C(Nc1nc(-c2ccccc2)nc2nn(CCc3ccccc3)cc12)c1cccc(Cl)c1,tensor([7.6500])
CCOc1ccc(CCCn2ncc3c2nc(N)n2nc(-c4ccco4)nc32)cc1,tensor([5.3100])
CCn1cc2c(nc(NC(=O)Nc3ccc4c(c3)COC4)n3nc(-c4ccco4)nc23)n1,tensor([6.5700])
CCCCCCCCn1cc2c(nc(NC(=O)NCCCCC)n3nc(-c4ccco4)nc23)n1,tensor([5.1100])
CC(C)NC(=O)Nc1nc2nn(CCc3ccccc3)cc2c2nc(-c3ccco3)nn12,tensor([5.0500])
Cc1ccc(NC(=O)Nc2nc3nn(CCC(C)C)cc3c3nc(-c4ccco4)nn23)cc1,tensor([5.1300])
Cn1cc2c(nc(NC(=O)Nc3ccc4c(c3)COC4)n3nc(-c4ccco4)nc23)n1,tensor([6.6200])
CCCn1cc2c(nc(NC(=O)Nc3ccc4c(c3)COC4)n3nc(-c4ccco4)nc23)n1,tensor([6.5200])
CCCCCNC(=O)Nc1nc2nn(C)cc2c2nc(-c3ccco3)nn12,tensor([5.7100])
CCCCn1cc2c(nc(NC(=O)Nc3ccc4c(c3)COC4)n3nc(-c4ccco4)nc23)n1,tensor([6.3000])
O=C(Nc1cccc(Cl)c1)Nc1nc2ccc(Cl)cc2c2nc(-c3ccco3)nn12,tensor([6.7200])
CCCCCCCCn1cc2c(nc(NC(=O)Nc3ccc(C)cc3)n3nc(-c4ccco4)nc23)n1,tensor([5.3900])
CC(C)(C)NC(=O)Nc1nc2nn(CCc3ccccc3)cc2c2nc(-c3ccco3)nn12,tensor([5.3100])
CCCCC=Cc1nc(N)c2ncn(C3SCC(O)C3O)c2n1,tensor([7.8800])
CCCCC#Cc1nc(N)c2ncn(C3SCC(O)C3O)c2n1,tensor([7.9300])
CCCCC#Cc1nc2c(N)ncnc2n1C1SCC(O)C1O,tensor([7.7000])
CCCCC=Cc1nc2c(N)ncnc2n1C1SCC(O)C1O,tensor([6.5900])
Nc1nc2ccccc2n2c(=O)n(-c3ccccc3)nc12,tensor([6.3100])
COc1ccccc1CNC(=O)Nc1nn(-c2ccccc2)c(=O)c2ccccc12,tensor([6.5600])
O=C(Nc1ccccc1)Nc1nn(-c2ccccc2)c(=O)c2ccccc12,tensor([6.7500])
O=C(Nc1nn(-c2ccccc2)c(=O)c2ccccc12)c1ccccc1,tensor([5.9600])
O=C(NCc1ccccc1)Nc1nn(-c2ccccc2)c(=O)c2ccccc12,tensor([7.5300])
COc1ccc(NC(=O)Nc2nn(-c3ccccc3)c(=O)c3ccccc23)cc1,tensor([7.2200])
O=C(Nc1ccccc1)Nc1nc2ccccc2n2c(=O)n(-c3ccccc3)nc12,tensor([6.5600])
COc1ccccc1NC(=O)Nc1nn(-c2ccccc2)c(=O)c2ccccc12,tensor([8.0500])
COc1ccc(OC)c(NC(=O)Nc2nn(-c3ccccc3)c(=O)c3ccccc23)c1,tensor([9.1100])
COc1cccc(NC(=O)Nc2nn(-c3ccccc3)c(=O)c3ccccc23)c1,tensor([8.0100])
Nc1nc2c(cnn2CCCc2ccc(OCCCF)cc2)c2nc(-c3ccco3)nn12,tensor([5.8800])
C#CCCCCC(=O)NCCNC(=O)COc1ccc(CCCn2ncc3c2nc(N)n2nc(-c4ccco4)nc32)cc1,tensor([5.8900])
NCCNC(=O)COc1ccc(CCCn2ncc3c2nc(N)n2nc(-c4ccco4)nc32)cc1,tensor([5.4000])
NCCNCCNC(=O)COc1ccc(CCCn2ncc3c2nc(N)n2nc(-c4ccco4)nc32)cc1,tensor([5.4800])
CC(=O)NCCn1cc(CCCCC(=O)NCCNC(=O)COc2ccc(CCCn3ncc4c3nc(N)n3nc(-c5ccco5)nc43)cc2)nn1,tensor([6.5200])
Nc1nc2ccccc2c2cn(-c3ccccc3)nc12,tensor([6.2600])
Cn1cc2c(n1)c(=O)[nH]c1c(OCc3ccccc3)cccc12,tensor([6.2200])
Cn1cc2c(n1)c(N)nc1c(OCc3ccccc3)cccc12,tensor([6.3000])
O=c1[nH]c2ccccc2c2cn(-c3ccccc3)nc12,tensor([7.5100])
C=CCN1C(=O)N2CC(CC)N=C2c2[nH]c(-c3cc(OC)no3)nc21,tensor([8.7100])
CCC1CN2C(=O)N(Cc3ccccc3)c3nc(-c4cc(OCc5ccccc5)nn4C)[nH]c3C2=N1,tensor([7.4000])
Cc1cc(-c2nc3c([nH]2)C2=NC(C)CN2C(=O)N3Cc2ccccc2)n(C)n1,tensor([7.7600])
COc1cc(-c2nc3c([nH]2)C2=NC(C)CN2C(=O)N3Cc2ccccc2)n(C)n1,tensor([8.6200])
C=CCN1C(=O)N2CC(C)N=C2c2[nH]c(-c3cc(C)n(C)n3)nc21,tensor([8.0400])
C=CCN1C(=O)N2CC(C)N=C2c2[nH]c(-c3cc(OC)nn3C)nc21,tensor([8.6300])
Cc1cc(-c2nc3c([nH]2)C2=NC(C)CN2C(=O)N3Cc2ccccc2)nn1C,tensor([7.9100])
C=CCN1C(=O)N2CC(CC)N=C2c2[nH]c(-c3cc(OCc4ccccc4)nn3C)nc21,tensor([7.6700])
CC1CN2C(=O)N(Cc3ccccc3)c3nc(-c4cc(OCc5ccccc5)nn4C)[nH]c3C2=N1,tensor([7.3500])
C=CCN1C(=O)N2CC(C)N=C2c2[nH]c(-c3cc(OC)no3)nc21,tensor([8.4500])
CCC1CN2C(=O)N(Cc3ccccc3)c3nc(-c4cc(C)nn4C)[nH]c3C2=N1,tensor([7.9900])
CCC1CN2C(=O)N(Cc3ccccc3)c3nc(-c4cc(OC)nn4C)[nH]c3C2=N1,tensor([8.4100])
C=CCN1C(=O)N2CC(C)N=C2c2[nH]c(-c3cc(OCc4ccccc4)nn3C)nc21,tensor([7.6100])
C=CCN1C(=O)N2CC(CC)N=C2c2[nH]c(-c3cc(C)nn3C)nc21,tensor([8.5200])
CCC1CN2C(=O)N(Cc3ccccc3)c3nc(-c4cc(C)n(C)n4)[nH]c3C2=N1,tensor([7.8200])
C=CCN1C(=O)N2CC(C)N=C2c2[nH]c(-c3cc(C)nn3C)nc21,tensor([8.3400])
CCC1CN2C(=O)N(Cc3ccccc3)c3nc(-c4cc(OC)no4)[nH]c3C2=N1,tensor([8.5700])
C=CCN1C(=O)N2CC(CC)N=C2c2[nH]c(-c3cc(C)n(C)n3)nc21,tensor([7.9000])
COc1cc(-c2nc3c([nH]2)C2=NC(C)CN2C(=O)N3Cc2ccccc2)on1,tensor([8.5700])
COc1ccc(NC(=O)Nc2nc3nn(C)cc3c3nc(-c4ccc(Br)cc4)nn23)cc1,tensor([8.7100])
Cn1cc2c(nc(N)n3nc(-c4ccc(C(F)(F)F)cc4)nc23)n1,tensor([6.5200])
Cn1cc2c(nc(NC(=O)Nc3ccccc3)n3nc(-c4ccc(-c5ccco5)cc4)nc23)n1,tensor([9.8000])
Cn1cc2c(nc(NC(=O)Nc3ccccc3)n3nc(-c4ccc(Br)cc4)nc23)n1,tensor([8.6000])
COc1ccc(NC(=O)Nc2nc3nn(C)cc3c3nc(-c4ccc(-c5ccccc5)cc4)nn23)cc1,tensor([8.6800])
O=C(Cc1ccccc1)Nc1nc2nn(CCc3ccccc3)cc2c2nc(-c3ccc(F)cc3)nn12,tensor([8.4800])
COc1ccc(NC(=O)Nc2nc3nn(C)cc3c3nc(-c4ccc(-c5ccco5)cc4)nn23)cc1,tensor([9.7000])
COc1ccc(-c2nc3c4cn(CCc5ccccc5)nc4nc(NC(=O)c4ccccc4)n3n2)cc1,tensor([7.5400])
O=C(Cc1ccccc1)Nc1nc2nn(CCc3ccccc3)cc2c2nc(-c3ccc(Cl)cc3)nn12,tensor([8.0700])
Cn1cc2c(nc(NC(=O)Nc3ccc(F)cc3)n3nc(-c4ccc(-c5ccccc5)cc4)nc23)n1,tensor([8.3900])
Cn1cc2c(nc(NC(=O)Nc3ccc(F)cc3)n3nc(-c4ccc(Cl)cc4)nc23)n1,tensor([8.2800])
O=C(Nc1nc2nn(CCc3ccccc3)cc2c2nc(-c3ccc(F)cc3)nn12)c1ccccc1,tensor([7.7700])
Cn1cc2c(nc(NC(=O)Nc3ccccc3)n3nc(-c4ccc(-c5ccccc5)cc4)nc23)n1,tensor([8.2300])
Cn1cc2c(nc(N)n3nc(-c4ccc(-c5ccccc5)cc4)nc23)n1,tensor([6.8300])
COc1ccc(NC(=O)Nc2nc3nn(C)cc3c3nc(-c4ccc(C(F)(F)F)cc4)nn23)cc1,tensor([8.6300])
O=C(Cc1ccccc1)Nc1nc2nn(CCc3ccccc3)cc2c2nc(-c3ccccc3)nn12,tensor([8.5200])
Cn1cc2c(nc(NC(=O)Nc3ccccc3)n3nc(-c4ccc(C(F)(F)F)cc4)nc23)n1,tensor([8.4600])
O=C(Cc1ccccc1)Nc1nc2nn(CCc3ccccc3)cc2c2nc(-c3ccc(-c4ccco4)cc3)nn12,tensor([7.3500])
Cn1cc2c(nc(NC(=O)Nc3ccccc3)n3nc(-c4ccc(Cl)cc4)nc23)n1,tensor([8.7700])
COc1ccc(NC(=O)Nc2nc3nn(C)cc3c3nc(-c4ccc(Cl)cc4)nn23)cc1,tensor([8.8800])
Cn1cc2c(nc(NC(=O)Nc3ccc(F)cc3)n3nc(-c4ccc(Br)cc4)nc23)n1,tensor([8.7600])
O=C(Nc1nc2nn(CCc3ccccc3)cc2c2nc(-c3ccc(Cl)cc3)nn12)c1ccccc1,tensor([7.9400])
Cn1cc2c(nc(NC(=O)Nc3ccc(F)cc3)n3nc(-c4ccc(C(F)(F)F)cc4)nc23)n1,tensor([8.7200])
CC(C)(C)OC(=O)NCCNc1nc(NCCNC(=O)OC(C)(C)C)n2nc(-c3ccco3)nc2n1,tensor([5.0700])
Nc1nc(N2CCN(C(=O)Cc3ccc(Cl)cc3)CC2)nc2nc(-c3ccco3)nn12,tensor([5.9000])
Nc1nc(N2CCN(C(=O)Cc3ccc(Br)cc3)CC2)nc2nc(-c3ccco3)nn12,tensor([5.5100])
CC(C)(C)OC(=O)NCCNc1nc(N)n2nc(-c3ccco3)nc2n1,tensor([5.8300])
Nc1nc2cn(CCCc3ccccc3)nc2c2nc(-c3ccco3)nn12,tensor([6.2800])
COc1ccc(NC(=O)Nc2nc3cnn(CCc4ccccc4)c3c3nc(-c4ccco4)nn23)cc1,tensor([6.6800])
COc1ccc(NC(=O)Nc2nc3cn(CCCc4ccccc4)cc3c3nc(-c4ccco4)nn23)cc1,tensor([7.8900])
Nc1nc2cnn(CCc3ccccc3)c2c2nc(-c3ccco3)nn12,tensor([6.2200])
COc1ccc(NC(=O)Nc2nc3cn(CCCc4ccccc4)nc3c3nc(-c4ccco4)nn23)cc1,tensor([6.0900])
Cn1ncc2nc(N)n3nc(-c4ccco4)nc3c21,tensor([6.1300])
Cn1cc2nc(N)n3nc(-c4ccco4)nc3c2n1,tensor([6.9000])
COc1ccc(NC(=O)Nc2nc3cn(C)nc3c3nc(-c4ccco4)nn23)cc1,tensor([6.9600])
COc1ccc(NC(=O)Nc2nc3cn(CCc4ccccc4)nc3c3nc(-c4ccco4)nn23)cc1,tensor([6.5000])
CCCn1ncc2nc(NC(=O)Nc3ccc(OC)cc3)n3nc(-c4ccco4)nc3c21,tensor([6.7900])
Nc1nc2cn(CCc3ccccc3)nc2c2nc(-c3ccco3)nn12,tensor([6.5000])
Cn1cc2nc(NC(=O)Nc3ccncc3)n3nc(-c4ccco4)nc3c2c1,tensor([6.9600])
CCCn1cc2nc(NC(=O)Nc3ccc(OC)cc3)n3nc(-c4ccco4)nc3c2c1,tensor([8.])
CCCn1cc2nc(NC(=O)Nc3ccc(OC)cc3)n3nc(-c4ccco4)nc3c2n1,tensor([7.3000])
COc1ccc(NC(=O)Nc2nc3cn(CCc4ccccc4)cc3c3nc(-c4ccco4)nn23)cc1,tensor([7.9200])
Nc1nc2cn(CCc3ccccc3)cc2c2nc(-c3ccco3)nn12,tensor([6.9100])
CCCn1ncc2nc(N)n3nc(-c4ccco4)nc3c21,tensor([7.0800])
COc1ccc(NC(=O)Nc2nc3cnn(C)c3c3nc(-c4ccco4)nn23)cc1,tensor([7.2100])
Cn1ncc2nc(NC3CCCCC3)n3nc(-c4ccco4)nc3c21,tensor([6.2900])
Cn1cc2nc(N)n3nc(-c4ccco4)nc3c2c1,tensor([7.3000])
COc1ccc(NC(=O)Nc2nc3cn(C)cc3c3nc(-c4ccco4)nn23)cc1,tensor([7.8200])
Nc1nc2cnn(CCCc3ccccc3)c2c2nc(-c3ccco3)nn12,tensor([6.1000])
CCCn1cc2nc(N)n3nc(-c4ccco4)nc3c2c1,tensor([7.2600])
CCCn1cc2nc(N)n3nc(-c4ccco4)nc3c2n1,tensor([6.3700])
Nc1nc2cn(CCCc3ccccc3)cc2c2nc(-c3ccco3)nn12,tensor([6.6200])
CCCCC#Cc1nc(NCc2cccc(Br)c2)c2ncn(C3OCC(O)C3O)c2n1,tensor([7.1700])
CCCCC#Cc1nc(NCc2cccc(I)c2)c2ncn(C3OCC(O)C3O)c2n1,tensor([6.6600])
CCCCC=Cc1nc(N)c2ncn(C3OCC(O)C3O)c2n1,tensor([6.6600])
CCCCC#Cc1nc(NCc2cccc(Br)c2)c2ncn(C3SCC(O)C3O)c2n1,tensor([7.6200])
CCCCC#Cc1nc(N)c2ncn(C3OCC(O)C3O)c2n1,tensor([6.8600])
CCCCC#Cc1nc(NCc2cccc(Cl)c2)c2ncn(C3SCC(O)C3O)c2n1,tensor([7.6200])
CCCCC#Cc1nc2c(N)ncnc2n1C1OCC(O)C1O,tensor([7.5000])
CCCCC#Cc1nc(NCc2cccc(F)c2)c2ncn(C3SCC(O)C3O)c2n1,tensor([6.8200])
CCCCC=Cc1nc2c(N)ncnc2n1C1OCC(O)C1O,tensor([7.0300])
CCCCC#Cc1nc(NCc2cccc(F)c2)c2ncn(C3OCC(O)C3O)c2n1,tensor([6.2400])
CCCCC#Cc1nc(NCc2cccc(I)c2)c2ncn(C3SCC(O)C3O)c2n1,tensor([7.4100])
CCCCC#Cc1nc(NCc2cccc(Cl)c2)c2ncn(C3OCC(O)C3O)c2n1,tensor([6.8200])
CCNC(=O)C1OC(n2cnc3c(N)nc(NCCc4ccc(CCC(=O)NC(Cc5c[nH]cn5)C(=O)O)cc4)nc32)C(O)C1O,tensor([6.5000])
CCNC(=O)C1OC(n2cnc3c(N)nc(NCCc4ccc(CCC(=O)NC(Cc5ccccc5)C(=O)O)cc4)nc32)C(O)C1O,tensor([6.8500])
CCNC(=O)C1OC(n2cnc3c(N)nc(NCCc4ccc(CCC(=O)NC(CCCNC(=N)N)C(=O)O)cc4)nc32)C(O)C1O,tensor([6.6600])
CCNC(=O)C1OC(n2cnc3c(N)nc(NCCc4ccc(CCC(=O)NC(Cc5c[nH]c6ccccc56)C(=O)OC)cc4)nc32)C(O)C1O,tensor([6.8500])
CCNC(=O)C1OC(n2cnc3c(N)nc(NCCc4ccc(CCC(=O)NC(Cc5ccccc5)C(=O)OC)cc4)nc32)C(O)C1O,tensor([6.8900])
CCNC(=O)C1OC(n2cnc3c(N)nc(NCCc4ccc(CCC(=O)NC(CC(=O)O)C(=O)O)cc4)nc32)C(O)C1O,tensor([6.1000])
CCNC(=O)C1OC(n2cnc3c(N)nc(NCCc4ccc(CCC(=O)NC(Cc5c[nH]c6ccccc56)C(=O)O)cc4)nc32)C(O)C1O,tensor([6.7000])
CCNC(=O)C1OC(n2cnc3c(N)nc(NCCc4ccc(CCC(=O)O)cc4)nc32)C(O)C1O,tensor([6.2400])
OC1C(O)C(n2cnc3c(NC4CC4)nc(Cl)nc32)C2CC12,tensor([7.9200])
OC1C(O)C(n2cnc3c(NCCCF)nc(Cl)nc32)C2CC12,tensor([7.4900])
OC1C(O)C(n2cnc3c(NC4CCCCCCC4)nc(Cl)nc32)C2CC12,tensor([5.8200])
CCC(CC)Nc1nc(Cl)nc2c1ncn2C1C(O)C(O)C2CC21,tensor([7.2800])
COc1ccc(F)c(F)c1CNc1nc(Cl)nc2c1ncn2C1C(O)C(O)C2CC21,tensor([7.0800])
CC(C)Nc1nc(Cl)nc2c1ncn2C1C(O)C(O)C2CC21,tensor([7.9200])
OC1C(O)C(n2cnc3c(NCC4CC4)nc(Cl)nc32)C2CC12,tensor([8.0500])
OC1C(O)C(n2cnc3c(NC4CCCCC4)nc(Cl)nc32)C2CC12,tensor([6.3000])
CCOc1ccccc1CNc1nc(Cl)nc2c1ncn2C1C(O)C(O)C2CC21,tensor([7.8200])
OC1C(O)C(n2cnc3c(NC4CCC4)nc(Cl)nc32)C2CC12,tensor([8.2300])
OC1C(O)C(n2cnc3c(NCc4cc(F)ccc4F)nc(Cl)nc32)C2CC12,tensor([7.7800])
CCNc1nc(Cl)nc2c1ncn2C1C(O)C(O)C2CC21,tensor([8.1800])
OC1C(O)C(n2cnc3c(NCc4ccccc4OCCF)nc(Cl)nc32)C2CC12,tensor([7.9900])
OC1C(O)C(n2cnc3c(NCc4cccc(OCCF)c4)nc(Cl)nc32)C2CC12,tensor([6.9400])
CC(Nc1nc(Cl)nc2c1ncn2C1C(O)C(O)C2CC21)C1CC1,tensor([6.9600])
OC1C(O)C(n2cnc3c(NC4CCCCCC4)nc(Cl)nc32)C2CC12,tensor([6.2500])
Nc1nc(Cl)nc2c1ncn2C1C(O)C(O)C2CC21,tensor([6.8000])
OC1C(O)C(n2cnc3c(NCc4ccccc4F)nc(Cl)nc32)C2CC12,tensor([7.3800])
OC1C(O)C(n2cnc3c(NC4CC5CCC4C5)nc(Cl)nc32)C2CC12,tensor([6.6300])
OC1C(O)C(n2cnc3c(NC(C4CC4)C4CC4)nc(Cl)nc32)C2CC12,tensor([6.3300])
COc1cc(F)c(F)cc1CNc1nc(Cl)nc2c1ncn2C1C(O)C(O)C2CC21,tensor([7.3900])
O=c1c(-c2ccco2)nnc2n(-c3ccc(Cl)cc3)c3ccccc3n12,tensor([6.1500])
O=c1c(-c2ccccc2)nnc2n(CCc3ccccc3)c3ccccc3n12,tensor([6.4800])
CNC(=O)C12CC1C(n1cnc3c(NCc4cccc(Cl)c4)nc(C#Cc4ccccc4)nc31)C(O)C2O,tensor([8.8700])
CNC(=O)C12CC1C(n1cnc3c(NCc4cccc(Cl)c4)nc(C#Cc4ccc(F)c(F)c4)nc31)C(O)C2O,tensor([8.4600])
CNC(=O)C12CC1C(n1cnc3c(NCc4cccc(Cl)c4)nc(C#Cc4ccc(-c5ccccc5)cc4)nc31)C(O)C2O,tensor([8.5100])
CNC(=O)C12CC1C(n1cnc3c(NC)nc(C#Cc4ccccn4)nc31)C(O)C2O,tensor([9.])
CNC(=O)C12CC1C(n1cnc3c(NC)nc(C#Cc4cccc(N)c4)nc31)C(O)C2O,tensor([8.9700])
CCc1ccc(C#Cc2nc(NC)c3ncn(C4C(O)C(O)C5(C(=O)NC)CC45)c3n2)cc1,tensor([8.4200])
CNC(=O)C12CC1C(n1cnc3c(NC)nc(C#Cc4ccc(Cl)cc4)nc31)C(O)C2O,tensor([8.9100])
CNC(=O)C12CC1C(n1cnc3c(NC)nc(C#Cc4ccc(C(C)(C)C)cc4)nc31)C(O)C2O,tensor([8.])
CNC(=O)C12CC1C(n1cnc3c(NC)nc(C#Cc4cc5ccccc5c5ccccc45)nc31)C(O)C2O,tensor([8.4600])
CNC(=O)C12CC1C(n1cnc3c(NCc4cccc(Cl)c4)nc(C#Cc4cccc(Cl)c4)nc31)C(O)C2O,tensor([8.3500])
CNC(=O)C12CC1C(n1cnc3c(NCc4cccc(Cl)c4)nc(C#Cc4cc5cccc6ccc7cccc4c7c65)nc31)C(O)C2O,tensor([6.1800])
CNC(=O)C12CC1C(n1cnc3c(NCc4cccc(Cl)c4)nc(C#Cc4ccccc4Cl)nc31)C(O)C2O,tensor([8.7200])
CNC(=O)C12CC1C(n1cnc3c(NCc4cccc(Cl)c4)nc(C#Cc4ccc(F)cc4)nc31)C(O)C2O,tensor([8.6700])
CNC(=O)C12CC1C(n1cnc3c(NCc4cccc(Cl)c4)nc(C#Cc4cccc(C(=O)O)c4)nc31)C(O)C2O,tensor([8.1700])
CNC(=O)C12CC1C(n1cnc3c(NC)nc(C#Cc4ccccc4Cl)nc31)C(O)C2O,tensor([9.2400])
CNC(=O)C12CC1C(n1cnc3c(NC)nc(C#Cc4ccc(F)cc4)nc31)C(O)C2O,tensor([9.2800])
CNC(=O)C12CC1C(n1cnc3c(NC)nc(C#Cc4cccc5ccccc45)nc31)C(O)C2O,tensor([8.7800])
CNC(=O)C12CC1C(n1cnc3c(NC)nc(C#Cc4cc(F)cc(F)c4)nc31)C(O)C2O,tensor([8.7800])
CNC(=O)C12CC1C(n1cnc3c(NC)nc(C#Cc4ccc(-c5ccccc5)cc4)nc31)C(O)C2O,tensor([8.5100])
CNC(=O)C12CC1C(n1cnc3c(NC)nc(C#Cc4ccc(F)c(F)c4)nc31)C(O)C2O,tensor([8.7800])
CNC(=O)C12CC1C(n1cnc3c(NCc4cccc(Cl)c4)nc(C#Cc4ccc(N)cc4)nc31)C(O)C2O,tensor([8.6400])
CNC(=O)C12CC1C(n1cnc3c(NC)nc(C#Cc4cccc(Cl)c4)nc31)C(O)C2O,tensor([8.8000])
CNC(=O)C12CC1C(n1cnc3c(NCc4cccc(Cl)c4)nc(C#Cc4ccc5ccc6cccc7ccc4c5c67)nc31)C(O)C2O,tensor([7.1700])
CNC(=O)C12CC1C(n1cnc3c(NC)nc(C#Cc4ccc(Br)cc4)nc31)C(O)C2O,tensor([9.0400])
CNC(=O)C12CC1C(n1cnc3c(NC)nc(C#Cc4ccc(C(C)=O)cc4)nc31)C(O)C2O,tensor([8.5900])
CNC(=O)C12CC1C(n1cnc3c(NC)nc(C#Cc4ccccc4F)nc31)C(O)C2O,tensor([9.0100])
CNC(=O)C12CC1C(n1cnc3c(NC)nc(C#Cc4cccc(F)c4)nc31)C(O)C2O,tensor([9.0100])
CNC(=O)C12CC1C(n1cnc3c(NC)nc(C#Cc4ccccc4)nc31)C(O)C2O,tensor([9.0700])
Nc1ncnc2c1ncn2C1OC(C(=O)NC2CCC2)C(O)C1O,tensor([7.1600])
Nc1ncnc2c1ncn2C1OC(C(=O)NC2CCCC2)C(O)C1O,tensor([7.1600])
Nc1ncnc2c1ncn2C1OC(C(=O)NC2CC2)C(O)C1O,tensor([6.7500])
CCCNC(=O)C1OC(n2cnc3c(N)ncnc32)C(O)C1O,tensor([7.3000])
Nc1ncnc2c1ncn2C1OC(C(=O)NCC(F)(F)F)C(O)C1O,tensor([6.1600])
Nc1ncnc2c1ncn2C1OC(C(=O)NCCO)C(O)C1O,tensor([5.0300])
CN1CCC(NC(=O)Nc2nc3nn(C)cc3c3nc(-c4ccco4)nn23)CC1,tensor([6.6000])
Cn1cc2c(nc(NC(=O)NC3CCN(Cc4ccc(F)cc4)CC3)n3nc(-c4ccco4)nc23)n1,tensor([7.6200])
Cn1cc2c(nc(NC(=O)NC3CCN(C(=O)NCc4ccc(Cl)cc4)CC3)n3nc(-c4ccco4)nc23)n1,tensor([7.6000])
Cn1cc2c(nc(NC(=O)NC3CCN(Cc4ccc(C#N)cc4)CC3)n3nc(-c4ccco4)nc23)n1,tensor([7.9300])
CCNC(=O)N1CCC(NC(=O)Nc2nc3nn(C)cc3c3nc(-c4ccco4)nn23)CC1,tensor([7.5200])
Cn1cc2c(nc(NC(=O)NC3CCN(Cc4ccncc4)CC3)n3nc(-c4ccco4)nc23)n1,tensor([7.4100])
Cn1cc2c(nc(NC(=O)NC3CCN(C(=O)NCc4ccc(F)cc4)CC3)n3nc(-c4ccco4)nc23)n1,tensor([8.3100])
COc1ccc(CNC(=O)N2CCC(NC(=O)Nc3nc4nn(C)cc4c4nc(-c5ccco5)nn34)CC2)cc1,tensor([7.9800])
CN1CCN(C(=O)N2CCC(NC(=O)Nc3nc4nn(C)cc4c4nc(-c5ccco5)nn34)CC2)CC1,tensor([7.5100])
Cn1cc2c(nc(NC(=O)NC3CCN(Cc4cccnc4)CC3)n3nc(-c4ccco4)nc23)n1,tensor([7.3600])
Cn1cc2c(nc(NC(=O)NC3CCN(Cc4ccc(Cl)cc4)CC3)n3nc(-c4ccco4)nc23)n1,tensor([7.5800])
Cn1cc2c(nc(NC(=O)NC3CCN(Cc4ccc([N+](=O)[O-])cc4)CC3)n3nc(-c4ccco4)nc23)n1,tensor([7.9100])
Cn1cc2c(nc(NC(=O)NC3CCN(C(=O)Nc4ccncc4)CC3)n3nc(-c4ccco4)nc23)n1,tensor([7.6800])
C#CCN1CCC(NC(=O)Nc2nc3nn(C)cc3c3nc(-c4ccco4)nn23)CC1,tensor([7.6000])
CCOC(=O)CN1CCC(NC(=O)Nc2nc3nn(C)cc3c3nc(-c4ccco4)nn23)CC1,tensor([7.9100])
Cc1ccc(CNC(=O)N2CCC(NC(=O)Nc3nc4nn(C)cc4c4nc(-c5ccco5)nn34)CC2)cc1,tensor([8.4100])
CC(C)NC(=O)N1CCC(NC(=O)Nc2nc3nn(C)cc3c3nc(-c4ccco4)nn23)CC1,tensor([8.0100])
Cn1cc2c(nc(NC(=O)NC3CCN(Cc4ccccc4)CC3)n3nc(-c4ccco4)nc23)n1,tensor([7.5200])
Cn1cc2c(nc(NC(=O)NC3CCN(CC4CCCCC4)CC3)n3nc(-c4ccco4)nc23)n1,tensor([8.0100])
Cn1cc2c(nc(NC(=O)NC3CCN(C(=O)NC4CCCC4)CC3)n3nc(-c4ccco4)nc23)n1,tensor([8.0300])
Cn1cc2c(nc(NC(=O)NC3CCN(C(=O)NCCCc4ccccc4)CC3)n3nc(-c4ccco4)nc23)n1,tensor([7.8400])
Cn1cc2c(nc(NC(=O)NC3CCN(C(=O)NC4CCCCC4)CC3)n3nc(-c4ccco4)nc23)n1,tensor([7.8600])
Cn1cc2c(nc(NC(=O)NC3CCNCC3)n3nc(-c4ccco4)nc23)n1,tensor([7.1900])
Cn1cc2c(nc(NC(=O)NC3CCN(C(=O)NCc4ccccc4)CC3)n3nc(-c4ccco4)nc23)n1,tensor([8.0900])
Cn1cc2c(nc(NC(=O)NC3CCN(C(=O)NCCc4ccccc4)CC3)n3nc(-c4ccco4)nc23)n1,tensor([8.1700])
Cc1ccc(CN2CCC(NC(=O)Nc3nc4nn(C)cc4c4nc(-c5ccco5)nn34)CC2)cc1,tensor([7.8600])
CCCN1CCC(NC(=O)Nc2nc3nn(C)cc3c3nc(-c4ccco4)nn23)CC1,tensor([7.1500])
C=CCN1CCC(NC(=O)Nc2nc3nn(C)cc3c3nc(-c4ccco4)nn23)CC1,tensor([7.2900])
Cn1cc2c(nc(NC(=O)NC3CCN(C(=O)NC4CCCCCC4)CC3)n3nc(-c4ccco4)nc23)n1,tensor([8.1100])
COc1ccc(CN2CCC(NC(=O)Nc3nc4nn(C)cc4c4nc(-c5ccco5)nn34)CC2)cc1,tensor([7.8800])
CCNc1nc(C#Cc2ccccc2Cl)nc2c1ncn2C1C(O)C(O)C2CC21,tensor([8.2400])
OC1C(O)C(n2cnc3c(NCc4cccc(Cl)c4)nc(C#Cc4cccc(Cl)c4)nc32)C2CC12,tensor([6.6800])
OC1C(O)C(n2cnc3c(NCC(c4ccccc4)c4ccccc4)nc(C#Cc4ccccc4Cl)nc32)C2CC12,tensor([6.8500])
CONc1nc(C#Cc2ccccc2)nc2c1ncn2C1C(O)C(O)C2CC21,tensor([7.8900])
OC1C(O)C(n2cnc3c(NCc4cccc(Cl)c4)nc(C#Cc4ccc(-c5ccccc5)cc4)nc32)C2CC12,tensor([7.2700])
OC1C(O)C(n2cnc3c(NCC(c4ccccc4)c4ccccc4)nc(C#Cc4ccc(F)c(F)c4)nc32)C2CC12,tensor([6.4700])
CNc1nc(C#Cc2ccccc2)nc2c1ncn2C1C(O)C(O)C2CC21,tensor([8.2600])
CONc1nc(C#Cc2ccccc2Cl)nc2c1ncn2C1C(O)C(O)C2CC21,tensor([8.0700])
OC1C(O)C(n2cnc3c(NCc4cccc(Cl)c4)nc(C#Cc4ccc(F)c(F)c4)nc32)C2CC12,tensor([7.])
OC1C(O)C(n2cnc3c(NCCc4ccccc4)nc(C#Cc4ccccc4)nc32)C2CC12,tensor([7.7000])
OC1C(O)C(n2cnc3c(NCC(c4ccccc4)c4ccccc4)nc(C#Cc4cccc(Cl)c4)nc32)C2CC12,tensor([6.5800])
OC1C(O)C(n2cnc3c(NCC(c4ccccc4)c4ccccc4)nc(C#Cc4ccc(-c5ccccc5)cc4)nc32)C2CC12,tensor([5.8800])
OC1C(O)C(n2cnc3c(NCc4cccc(Cl)c4)nc(C#Cc4ccccc4Cl)nc32)C2CC12,tensor([7.1600])
CCNc1nc(C#Cc2ccccc2)nc2c1ncn2C1C(O)C(O)C2CC21,tensor([8.3000])
OC1C(O)C(n2cnc3c(NCc4cccc(Cl)c4)nc(C#Cc4ccccc4)nc32)C2CC12,tensor([7.4100])
OC1C(O)C(n2cnc3c(NCCc4ccccc4)nc(C#Cc4ccccc4Cl)nc32)C2CC12,tensor([7.4300])
CNc1nc(C#Cc2ccccc2Cl)nc2c1ncn2C1C(O)C(O)C2CC21,tensor([8.4900])
OC1C(O)C(n2cnc3c(NCC(c4ccccc4)c4ccccc4)nc(C#Cc4ccccc4)nc32)C2CC12,tensor([6.7000])
CCn1c(=O)c2c(nc(C=Cc3ccc(OC)c(OC)c3)n2C)n(CC)c1=O,tensor([5.3500])
Cn1c(=O)c2c(nc3n2CCCCN3C2CCCCCCC2)n(C)c1=O,tensor([5.7800])
Cn1c(=O)c2c(nc3n2CCCN3C23CC4CC(CC(C4)C2)C3)n(C)c1=O,tensor([5.8900])
CC(Oc1ccc(Cl)cc1)C(=O)Nc1nc(-c2ccccc2)n[nH]1,tensor([5.6000])
O=C(COc1ccc2c(c1)CCC2)Nc1nc(-c2ccccc2)n[nH]1,tensor([5.6600])
Cc1ccc(C(=O)Nc2nc(-c3ccccc3)n[nH]2)cc1,tensor([7.])
O=C(COCc1ccccc1)Nc1nc(-c2ccccc2)n[nH]1,tensor([5.3400])
CC(C)(Oc1ccc(Cl)cc1)C(=O)Nc1nc(-c2ccccc2)n[nH]1,tensor([6.3000])
Cc1cc(C)cc(OCC(=O)Nc2nc(-c3ccccc3)n[nH]2)c1,tensor([5.5700])
O=C(COc1ccccc1)Nc1nc(-c2ccc(F)cc2)n[nH]1,tensor([5.8200])
CC(Oc1ccccc1F)C(=O)Nc1nc(-c2ccccc2)n[nH]1,tensor([5.5800])
Cc1ccc(OC(C)C(=O)Nc2nc(-c3ccco3)n[nH]2)cc1,tensor([5.2800])
Cc1cccc(OCC(=O)Nc2nc(-c3ccccc3)n[nH]2)c1,tensor([5.8200])
CC(Oc1cccc(Cl)c1)C(=O)Nc1nc(-c2ccccc2)n[nH]1,tensor([5.5800])
Cc1cccc(-c2n[nH]c(NC(=O)C(C)Oc3ccccc3)n2)c1,tensor([5.2300])
COc1ccccc1C(=O)Nc1nc(-c2ccccc2)n[nH]1,tensor([6.2200])
COc1ccc(CC(=O)Nc2nc(-c3ccccc3)n[nH]2)cc1,tensor([6.])
Cc1ccc(OC(C)C(=O)Nc2nc(-c3ccccc3)n[nH]2)cc1,tensor([5.8500])
CC(Sc1ccccc1)C(=O)Nc1nc(-c2ccccc2)n[nH]1,tensor([5.7200])
Cc1cccc(C)c1OCC(=O)Nc1nc(-c2ccccc2)n[nH]1,tensor([5.2600])
CCCC(=O)Nc1nc(-c2ccccc2)n[nH]1,tensor([6.7000])
O=C(CCc1ccccc1)Nc1nc(-c2ccccc2)n[nH]1,tensor([5.0800])
CC(Oc1ccccc1)C(=O)Nc1nc(-c2ccccc2)n[nH]1,tensor([5.4800])
CC(=O)Nc1nc(-c2ccccc2)n[nH]1,tensor([6.5200])
O=C(Nc1nc(-c2ccccc2)n[nH]1)c1ccc(Cl)cc1,tensor([6.7000])
COc1ccccc1NC(=O)Nc1nc(-c2ccccc2)n[nH]1,tensor([6.5200])
CCC(=O)Nc1nc(-c2ccccc2)n[nH]1,tensor([6.5200])
COc1ccccc1OCC(=O)Nc1nc(-c2ccc(C)cc2)n[nH]1,tensor([6.])
Cc1ccc(-c2n[nH]c(NC(=O)COc3ccccc3)n2)cc1,tensor([5.5000])
O=C(COc1ccccc1)Nc1nc(-c2ccccc2)n[nH]1,tensor([5.6400])
O=C(Nc1nc(-c2ccccc2)n[nH]1)C1CCCO1,tensor([5.5100])
CCC(Oc1ccccc1)C(=O)Nc1nc(-c2ccccc2)n[nH]1,tensor([5.7200])
Cc1ccccc1OCC(=O)Nc1nc(-c2ccccc2)n[nH]1,tensor([6.])
O=C(O)c1cnn(-c2nc(NC(C3CC3)C3CC3)c3ncn(C4C(O)C(O)C5CC54)c3n2)c1,tensor([6.1900])
NNc1nc(NC(C2CC2)C2CC2)c2ncn(C3C(O)C(O)C4CC43)c2n1,tensor([7.1600])
COC(=O)c1cnn(-c2nc(NC(C3CC3)C3CC3)c3ncn(C4C(O)C(O)C5CC54)c3n2)c1,tensor([6.3100])
OC1C(O)C(n2cnc3c(NC(C4CC4)C4CC4)ncnc32)C2CC12,tensor([7.7700])
OC1C(O)C(n2cnc3c(NC(C4CCC4)C4CC4)nc(Cl)nc32)C2CC12,tensor([5.5500])
OC1C(O)C(n2cnc3c(NC(C4CC4)C4CC4)nc(I)nc32)C2CC12,tensor([6.7400])
OC1C(O)C(n2cnc3c(NC(CC4CC4)C4CC4)nc(Cl)nc32)C2CC12,tensor([6.2600])
OC1C(O)C(n2cnc3c(NC(c4ccccc4)C4CC4)nc(Cl)nc32)C2CC12,tensor([6.1000])
OC1C(O)C(n2cnc3c(NCC(C4CC4)C4CC4)nc(Cl)nc32)C2CC12,tensor([6.1700])
CCC(Nc1nc(Cl)nc2c1ncn2C1C(O)C(O)C2CC21)C1CC1,tensor([6.8200])
CC(C)C(Nc1nc(Cl)nc2c1ncn2C1C(O)C(O)C2CC21)C1CC1,tensor([6.1100])
NCCNC(=O)Cc1ccc(NC(=O)Cc2ccc(Nc3ncnc4c3ncn4C3OC(CO)C(O)C3O)cc2)cc1,tensor([7.9100])
Cc1cc(C)cc(-c2nc(NC(=O)c3cccnc3)sc2-c2ccncc2)c1,tensor([9.4400])
CCCn1c(=O)c2c(nc3cc(-c4ccccc4)ccn32)n(Cc2ccccc2)c1=O,tensor([7.4600])
CCCOC(=O)c1c(-c2cccc(Cl)c2)nc(CC)c(C(=O)SCCC)c1CC,tensor([8.1000])
CCCn1c(=O)c2c(nc3ccccn32)n(Cc2ccccc2)c1=O,tensor([8.4000])
OCC1OC(n2cnc3c(C(F)(F)F)nc(NCCc4ccccc4)nc32)C(O)C1O,tensor([7.5000])
Cc1ccc(-c2oc3ccc(Cl)cc3c(=O)c2Cl)c(OC(C)C)c1,tensor([6.2500])
CCC1CN2C(=O)N(C)c3nc(-c4ccccc4)[nH]c3C2=N1,tensor([8.6400])
OCC1OC(n2cnc3c(NCC4c5ccccc5-c5ccccc54)ncnc32)C(O)C1O,tensor([9.0400])
CNc1nc(C#N)nc2c1ncn2C1OC(CO)C(O)C1O,tensor([8.4700])
Cc1ccc(-c2nc(NC(=O)Nc3ccc(F)cc3)c3nnn(Cc4ccccc4F)c3n2)cc1,tensor([8.2200])
COc1ccn2c(c1)nc1c2c(=O)n(CC2CC2)c(=O)n1Cc1ccc(C)cc1,tensor([8.6600])
COc1ccc(-c2c(C#N)c(N)nc(SCc3ncc[nH]3)c2C#N)cc1,tensor([7.6200])
COc1cc(-c2nc(NC(C)=O)sc2-c2ccncc2)cc(OC)c1OC,tensor([9.3900])
CCn1nnc(C2OC(n3cnc4c(N)nc(NC(CO)Cc5ccccc5)nc43)C(O)C2O)n1,tensor([7.8000])
CCCN1C(=O)N2CCN=C2c2[nH]c(-c3ccc(Br)cc3)nc21,tensor([9.7000])
OCC1OC(n2cnc3c(NC4CC4c4cccc(C(F)(F)F)c4)ncnc32)C(O)C1O,tensor([8.7200])
COc1ccc(-c2nsc(NC(C)=O)n2)cc1,tensor([9.1000])
COc1ccccc1NC(=O)Nc1nc(-c2ccccn2)nc2ccccc12,tensor([8.4000])
CNC(=O)C1(n2cnc3c(NCc4cccc(I)c4)nc(Cl)nc32)SCC(O)C1O,tensor([8.3700])
CCCCc1nc2[nH]cnc2c2nc(-c3ccc(C(F)(F)F)cc3)nn12,tensor([9.0200])
CCOC(O)=C1C(C)=NC(c2ccccc2)=C(C(=O)OCc2ccc([N+](=O)[O-])cc2)C1C#Cc1ccccc1,tensor([8.5700])
Cn1cc2c(nc(N3CCCCC3)n3nc(-c4ccco4)nc23)n1,tensor([7.4200])
Cn1cc2c(nc(NCCO)n3nc(-c4ccco4)nc23)n1,tensor([6.5100])
Cn1cc2c(nc(NC(CO)CO)n3nc(-c4ccco4)nc23)n1,tensor([6.2700])
CCC(C)Nc1nc2nn(C)cc2c2nc(-c3ccco3)nn12,tensor([8.2800])
Cn1cc2c(nc(NCCc3c[nH]c4ccccc34)n3nc(-c4ccco4)nc23)n1,tensor([7.5100])
CCN(CC)c1nc2nn(C)cc2c2nc(-c3ccco3)nn12,tensor([7.0200])
CC(C)Nc1nc2nn(C)cc2c2nc(-c3ccco3)nn12,tensor([7.4700])
Cn1cc2c(nc(NC3CC3)n3nc(-c4ccco4)nc23)n1,tensor([7.1600])
CCOc1nc2nn(C)cc2c2nc(-c3ccco3)nn12,tensor([6.7400])
Cn1cc2c(nc(NCc3ccc(Cl)cc3)n3nc(-c4ccco4)nc23)n1,tensor([8.7000])
Cn1cc2c(nc(Cl)n3nc(-c4ccco4)nc23)n1,tensor([6.4300])
COc1ccc(CCNc2nc3nn(C)cc3c3nc(-c4ccco4)nn23)cc1OC,tensor([7.4200])
CCCCCNc1nc2nn(C)cc2c2nc(-c3ccco3)nn12,tensor([7.8400])
Cn1cc2c(nc(NC(c3ccccc3)c3ccccc3)n3nc(-c4ccco4)nc23)n1,tensor([9.0800])
Cn1cc2c(nc(NC34CC5CC(CC(C5)C3)C4)n3nc(-c4ccco4)nc23)n1,tensor([7.4200])
CC(CCc1ccccc1)Nc1nc2nn(C)cc2c2nc(-c3ccco3)nn12,tensor([7.4200])
CN(c1nc2nn(C)cc2c2nc(-c3ccco3)nn12)C1CCCCC1,tensor([7.4900])
Cn1cc2c(nc(NCc3ccc(C(F)(F)F)cc3)n3nc(-c4ccco4)nc23)n1,tensor([7.8300])
CCCCN(C)c1nc2nn(C)cc2c2nc(-c3ccco3)nn12,tensor([7.4300])
COc1ccc(CNc2nc3nn(C)cc3c3nc(-c4ccco4)nn23)cc1OC,tensor([7.6800])
Cn1cc2c(nc(NCCOc3ccccc3)n3nc(-c4ccco4)nc23)n1,tensor([7.4100])
COc1nc2nn(C)cc2c2nc(-c3ccco3)nn12,tensor([6.0800])
COc1ccc(CNc2nc3nn(C)cc3c3nc(-c4ccco4)nn23)cc1,tensor([8.1600])
CCCCCN(CCCCC)c1nc2nn(C)cc2c2nc(-c3ccco3)nn12,tensor([6.0800])
Cn1cc2c(nc(NCCCCCCO)n3nc(-c4ccco4)nc23)n1,tensor([6.8100])
Cn1cc2c(nc(NC3CCCC3)n3nc(-c4ccco4)nc23)n1,tensor([8.1200])
Cn1cc2c(nc(NCC3CCCCC3)n3nc(-c4ccco4)nc23)n1,tensor([7.3300])
Cn1cc2c(nc(NCCCCCO)n3nc(-c4ccco4)nc23)n1,tensor([6.8700])
Cc1ccc(CNc2nc3nn(C)cc3c3nc(-c4ccco4)nn23)cc1,tensor([8.9700])
Cn1cc2c(nc(NCCCCO)n3nc(-c4ccco4)nc23)n1,tensor([6.6000])
Cn1cc2c(nc(NCCCO)n3nc(-c4ccco4)nc23)n1,tensor([6.6200])
Cn1cc2c(nc(NCc3ccccc3)n3nc(-c4ccco4)nc23)n1,tensor([8.6000])
Cn1cc2c(nc(NC3CCCCC3)n3nc(-c4ccco4)nc23)n1,tensor([8.0700])
CCCCCCC(C)Nc1nc2nn(C)cc2c2nc(-c3ccco3)nn12,tensor([7.6200])
CCC(CO)Nc1nc2nn(C)cc2c2nc(-c3ccco3)nn12,tensor([7.2000])
Cn1cc2c(nc(NCCc3ccccc3)n3nc(-c4ccco4)nc23)n1,tensor([7.2800])
Cn1cc2c(nc(NC3C4CC5CC(C4)CC3C5)n3nc(-c4ccco4)nc23)n1,tensor([7.7300])
Cn1cc2c(nc(NCc3ccc(F)cc3)n3nc(-c4ccco4)nc23)n1,tensor([8.3100])
CCNc1nc2nn(C)cc2c2nc(-c3ccco3)nn12,tensor([7.3500])
Cn1cc2c(n1)[nH]c(=O)n1nc(-c3ccco3)nc21,tensor([5.2800])
CCCCC(CC)CNc1nc2nn(C)cc2c2nc(-c3ccco3)nn12,tensor([8.4200])
Cn1cc2c(nc(NCc3ccc(-c4ccccc4)cc3)n3nc(-c4ccco4)nc23)n1,tensor([6.7300])
COCCNc1nc2nn(C)cc2c2nc(-c3ccco3)nn12,tensor([6.6100])
Cn1cc2c(nc(N3CCCC3)n3nc(-c4ccco4)nc23)n1,tensor([7.4500])
CC(Nc1nc2nn(C)cc2c2nc(-c3ccco3)nn12)c1ccccc1,tensor([9.5200])
Cn1cc2c(nc(NC3CCC3)n3nc(-c4ccco4)nc23)n1,tensor([7.7500])
CNc1nc2nn(C)cc2c2nc(-c3ccco3)nn12,tensor([7.2000])
Cn1cc2c(nc(N3CCOCC3)n3nc(-c4ccco4)nc23)n1,tensor([6.2900])
CN(Cc1ccccc1)c1nc2nn(C)cc2c2nc(-c3ccco3)nn12,tensor([7.7500])
Cn1cc2c(nc(NC3CCCCCC3)n3nc(-c4ccco4)nc23)n1,tensor([7.8100])
CN1CCN(c2nc3nn(C)cc3c3nc(-c4ccco4)nn23)CC1,tensor([5.8800])
CN(C)c1nc2nn(C)cc2c2nc(-c3ccco3)nn12,tensor([6.4100])
CC(O)CNc1nc2nn(C)cc2c2nc(-c3ccco3)nn12,tensor([6.4500])
Cn1cc2c(nc(NC(C)(C)C(C)(C)C)n3nc(-c4ccco4)nc23)n1,tensor([6.8900])
Cn1cc2c(nc(N(Cc3ccccc3)Cc3ccccc3)n3nc(-c4ccco4)nc23)n1,tensor([6.3900])
CCCCCC(C)Nc1nc2nn(C)cc2c2nc(-c3ccco3)nn12,tensor([8.0600])
Cn1cc2c(nc(NC3CCCCCCC3)n3nc(-c4ccco4)nc23)n1,tensor([7.8100])
CONc1nc2nn(C)cc2c2nc(-c3ccco3)nn12,tensor([6.3900])
CCN(CCO)c1nc2nn(C)cc2c2nc(-c3ccco3)nn12,tensor([5.8700])
Nc1ccccc1-c1cc(-c2cccs2)n[nH]1,tensor([6.2200])
Oc1nc2ccccc2c2cc(-c3ccccc3F)nn12,tensor([6.8500])
O=C(Nc1nc2ccccc2c2cc(-c3ccccc3)nn12)c1ccccc1,tensor([6.2800])
COC(=O)c1cc2c3ccccc3nc(O)n2n1,tensor([6.3600])
COc1ccc(-c2cc3c4ccccc4[nH]c(=O)n3n2)cc1,tensor([7.])
Oc1nc2ccccc2c2cc(-c3ccco3)nn12,tensor([7.1000])
Cc1ccc(-c2cc3c4ccccc4nc(O)n3n2)cc1,tensor([7.6000])
Oc1nc2ccccc2c2cc(-c3cccs3)nn12,tensor([7.4000])
Nc1ccccc1-c1cc(-c2ccccc2)n[nH]1,tensor([6.1700])
Oc1nc2ccccc2c2cc(-c3ccccn3)nn12,tensor([6.6000])
CC(C)OC(=O)c1cc2c3ccccc3nc(O)n2n1,tensor([6.3500])
CCOC(=O)c1nn2c(=O)[nH]c3ccccc3c2c1C(=O)OCC,tensor([7.])
Oc1nc2ccccc2c2cc(-c3ccc(Cl)cc3)nn12,tensor([7.6400])
COc1ccc(-c2cc(-c3ccccc3N)[nH]n2)cc1,tensor([6.3200])
CCOC(=O)c1cc2c3ccccc3nc(O)n2n1,tensor([6.5000])
Nc1nc(NN=Cc2ccc(Cl)cc2O)nc2c1ncn2C1OC(CO)C(O)C1O,tensor([6.8800])
COc1ccc(C=NNc2nc(N)c3ncn(C4OC(CO)C(O)C4O)c3n2)cc1,tensor([6.9500])
Nc1nc(NN=Cc2ccc(Cl)c(Cl)c2)nc2c1ncn2C1OC(CO)C(O)C1O,tensor([7.0500])
COc1ccc(C=NNc2nc(N)c3ncn(C4OC(CO)C(O)C4O)c3n2)cc1Cl,tensor([7.2900])
Nc1nc(NN=CC2CCCCC2)nc2c1ncn2C1OC(CO)C(O)C1O,tensor([7.2800])
Nc1nc(NN=Cc2ccc(Cl)cc2)nc2c1ncn2C1OC(CO)C(O)C1O,tensor([7.1400])
COc1ccc(-n2cc3nc(C)nc(NC(=O)c4ccccc4)c3n2)cc1,tensor([7.4600])
Cc1nc(N(C(=O)c2ccccc2)C(=O)c2ccccc2)c2nn(-c3ccccc3)cc2n1,tensor([7.4800])
COc1ccc(-n2cc3nc(-c4ccccc4)nc(NC(=O)Cc4ccccc4)c3n2)cc1,tensor([7.6200])
O=C(Nc1nc(-c2ccccc2)nc2cn(-c3ccccc3)nc12)c1cccnc1,tensor([8.4900])
Cc1nc(NC(=O)c2ccccc2)c2nn(-c3ccccc3)cc2n1,tensor([8.2500])
O=C(Cc1ccccc1)Nc1nc(-c2ccccc2)nc2cn(-c3ccccc3)nc12,tensor([7.7500])
Cc1nc(NC(=O)c2cccnc2)c2nn(-c3ccccc3)cc2n1,tensor([8.2800])
Cc1nc(NC(=O)c2ccncc2)c2nn(-c3ccccc3)cc2n1,tensor([8.2800])
COc1ccc(-n2cc3nc(C)nc(NC(C)=O)c3n2)cc1,tensor([7.])
COc1ccc(-n2cc3nc(-c4ccccc4)nc(NC(C)=O)c3n2)cc1,tensor([7.0100])
COc1ccc(-n2cc3nc(C)nc(NC(=O)c4ccco4)c3n2)cc1,tensor([7.3500])
COc1ccc(C(=O)Nc2nc(C)nc3cn(-c4ccccc4)nc23)cc1,tensor([8.6200])
CC(=O)Nc1nc(-c2ccccc2)nc2cn(-c3ccccc3)nc12,tensor([7.5000])
O=C(Nc1nc(-c2ccccc2)nc2cn(-c3ccccc3)nc12)c1ccccc1,tensor([7.7000])
O=C(Nc1nc(-c2ccccc2)nc2cn(-c3ccccc3)nc12)c1ccco1,tensor([7.6200])
Cc1nc(NC(=O)Cc2ccccc2)c2nn(-c3ccccc3)cc2n1,tensor([6.9200])
Cc1nc(N(C(=O)c2ccco2)C(=O)c2ccco2)c2nn(-c3ccccc3)cc2n1,tensor([7.4800])
COc1ccc(C(=O)Nc2nc(-c3ccccc3)nc3cn(-c4ccccc4)nc23)cc1,tensor([8.1400])
O=C(Nc1nc(-c2ccccc2)nc2cn(-c3ccccc3)nc12)c1ccncc1,tensor([7.6000])
O=C(c1ccco1)N(C(=O)c1ccco1)c1nc(-c2ccccc2)nc2cn(-c3ccccc3)nc12,tensor([7.1200])
COc1ccc(-n2cc3nc(C)nc(NC(=O)Cc4ccccc4)c3n2)cc1,tensor([6.2800])
COc1ccc(-n2cc3nc(-c4ccccc4)nc(NC(=O)c4ccccc4)c3n2)cc1,tensor([7.7500])
Cc1nc(NC(=O)c2ccco2)c2nn(-c3ccccc3)cc2n1,tensor([7.7000])
CC(=O)Nc1nc(C)nc2cn(-c3ccccc3)nc12,tensor([6.5200])
Nc1nc(Cn2nnc(-c3ccccc3)n2)nc(Nc2ccccc2)n1,tensor([7.4000])
O=C(CCc1ccccc1)Nc1nc2ccccc2c(=O)s1,tensor([6.4100])
O=C(CC=Cc1ccccc1)Nc1nc2ccccc2c(=O)s1,tensor([6.8000])
COc1cccc(C=CCC(=O)Nc2nc3ccccc3c(=O)s2)c1,tensor([6.9400])
COc1cccc(CCC(=O)Nc2nc3ccccc3c(=O)s2)c1,tensor([6.7600])
Cc1ccc2nc(NC(=O)CCCc3ccccc3)sc(=O)c2c1,tensor([6.8300])
COc1cccc(CCCC(=O)Nc2nc3ccccc3c(=O)s2)c1,tensor([6.4200])
O=C(CCCc1ccccc1)Nc1nc2cc(Cl)ccc2c(=O)s1,tensor([7.0400])
COc1ccc(C(=O)Nc2nc(-c3ccccc3)c(-c3nc(N)c4c(C)c(C)sc4n3)s2)cc1,tensor([5.6100])
COc1ccc(C(=O)Nc2nc(-c3ccccc3)c(C(=O)c3ccccn3)s2)cc1,tensor([6.7000])
Cc1ccc(C(=O)Nc2nc(-c3ccccc3)c(-c3nc(N)c4c(C)c(C)sc4n3)s2)cc1,tensor([5.8600])
COc1ccc(C(=O)Nc2nc(-c3ccccc3)c(C(=O)c3nc(N)nc(N(C)C)n3)s2)cc1,tensor([5.5800])
Nc1nc(-c2sc(NC(=O)c3ccco3)nc2-c2ccccc2)nc2sc3c(c12)CCCC3,tensor([4.4400])
O=C(Nc1nc(-c2ccccc2)c(-c2nc3ccccc3c(=O)[nH]2)s1)c1ccco1,tensor([5.4100])
O=C(Nc1nc(-c2ccccc2)c(-c2ccccn2)s1)c1ccco1,tensor([5.6900])
Cc1sc2nc(-c3sc(NC(=O)c4ccccc4)nc3-c3ccccc3)nc(N)c2c1C,tensor([6.1700])
Cc1ccc(C(=O)Nc2nc(-c3ccccc3)c(-c3nc(N)nc(N(C)C)n3)s2)cc1,tensor([6.0900])
O=C(Nc1nc(-c2ccccc2)c(-c2ccncc2)s1)c1ccco1,tensor([8.0300])
O=C(Nc1nc(-c2ccccc2)c(C(=O)c2cccnc2)s1)c1ccco1,tensor([5.7300])
CN(C)c1nc(N)nc(-c2sc(NC(=O)c3ccccc3)nc2-c2ccccc2)n1,tensor([6.2500])
Cc1sc2nc(-c3sc(NC(=O)c4ccco4)nc3-c3ccccc3)nc(N)c2c1C,tensor([6.1300])
O=C(Nc1nc(-c2ccccc2)c(C(=O)c2ccccn2)s1)c1ccco1,tensor([6.0200])
CNC(=O)C12CC1C(n1cnc3c(NCc4cccc(Cl)c4)nc(C#Cc4cccc(S(=O)(=O)O)c4)nc31)C(O)C2O,tensor([8.7200])
CNC(=O)C12CC1C(n1cnc3c(NCCc4ccccc4)nc(C#Cc4ccccc4)nc31)C(O)C2O,tensor([8.9100])
CNC(=O)C12CC1C(n1cnc3c(NCc4cccc(Cl)c4)nc(C#Cc4ccc(S(=O)(=O)O)cc4)nc31)C(O)C2O,tensor([7.9600])
O=S(=O)(O)c1ccc(CCNc2nc(C#Cc3ccccc3)nc3c2ncn3C2C(O)C(O)C3CC32)cc1,tensor([7.5200])
CNC(=O)C12CC1C(n1cnc3c(NCCc4ccc(S(=O)(=O)O)cc4)nc(C#Cc4ccccc4)nc31)C(O)C2O,tensor([7.9200])
CCC1CN2C(=O)N(C)c3nc(-c4cc(Cl)cc(Cl)c4Cl)[nH]c3C2=N1,tensor([9.3600])
CCCn1c(=O)c2[nH]c(-c3ccc(OCC(=O)NCCN)cc3)nc2n(CCC)c1=O,tensor([7.8600])
Nc1nc(NCCc2ccc(O)cc2)nc2nc(-c3ccco3)nn12,tensor([6.1300])
CCNC(=O)C1OC(N2CNc3c(N)nc(NCCc4ccc(CCC(=O)O)cc4)nc32)C(O)C1O,tensor([7.1700])
OC1C(CF)OC(n2cnc3c(NC4CCOCC4)ncnc32)C1O,tensor([5.6000])
OCC1OC(n2cnc3c(NC4CCCC4O)ncnc32)C(O)C1O,tensor([5.6000])
COCC1OC(n2cnc3c(Nc4ccc(O)c(F)c4)ncnc32)C(O)C1O,tensor([5.5000])
Cn1c(-c2ccco2)nc2c(NC(=O)C(c3ccccc3)c3ccccc3)ncnc21,tensor([6.7100])
Cn1c(-c2ccco2)nc2c(NC(=O)Cc3ccccc3)ncnc21,tensor([5.7100])
Nc1ncnc2c1nc(-c1ccco1)n2CCO,tensor([5.4100])
Cn1c(-c2ccco2)nc2c(NC(=O)Cc3ccc(OCc4ccccc4)cc3)ncnc21,tensor([5.2800])
Nc1ncnc2c1nc(-c1ccco1)n2CCCO,tensor([5.3700])
CCCn1c(-c2ccco2)nc2c(N)ncnc21,tensor([6.1000])
Cc1ccc(NC(=O)Nc2ncnc3c2nc(-c2ccco2)n3C)cc1,tensor([4.4200])
Cn1c(-c2ccco2)nc2c(NC(=O)Nc3ccccc3)ncnc21,tensor([4.6300])
CCn1c(-c2ccco2)nc2c(N)ncnc21,tensor([5.3300])
Cn1c(-c2ccco2)nc2c(N)ncnc21,tensor([5.1900])
Cn1c(-c2ccco2)nc2c(NC(=O)c3ccc(-c4ccccc4)cc3)ncnc21,tensor([4.6900])
Cc1ccc(COc2ccc(CC(=O)Nc3ncnc4c3nc(-c3ccco3)n4C)cc2)cc1,tensor([6.0400])
Cn1c(=O)c2c(ncn2C)n(C)c1=O,tensor([4.8800])
CCn1c(=O)c2c(nc3n2CCCN3c2cccc(OC)c2)n(CC)c1=O,tensor([5.1700])
Cn1c(=O)c2c(nc3n2CCCN3Cc2cccc(Cl)c2)n(C)c1=O,tensor([4.8200])
CCCn1c(=O)c2c(nc3n2CCCN3CC(=O)N2CCN(c3ccc(Cl)cc3)CC2)n(CCC)c1=O,tensor([6.1200])
CCn1c(=O)c2c(nc3n2CCCN3CCc2ccccc2OC)n(CC)c1=O,tensor([5.5200])
CCCn1c(=O)c2c(nc3n2CCCN3CC(=O)N2CCN(Cc3ccc(OC)cc3)CC2)n(CCC)c1=O,tensor([5.8000])
Cn1c(=O)c2c(nc3n2CCCN3c2ccc(F)cc2)n(C)c1=O,tensor([4.8800])
CCn1c(=O)c2c(nc3n2CCCN3CCc2cccc(OC)c2)n(CC)c1=O,tensor([5.4700])
CCn1c(=O)c2c(nc3n2CCCN3CCc2ccc(OC)cc2)n(CC)c1=O,tensor([5.2000])
C#CCn1c(=O)c2c(nc3n2CCCN3Cc2ccccc2OC)n(C)c1=O,tensor([5.3600])
CCCn1c(=O)c2c(nc3n2CCCN3CC(=O)N2CCN(c3ccccc3)CC2)n(CCC)c1=O,tensor([5.6100])
CCCn1c(=O)c2c(nc3n2CCCN3CC(=O)N2CCN(Cc3ccc(C(F)(F)F)cc3)CC2)n(CCC)c1=O,tensor([6.2700])
C#CCn1c(=O)c2c(nc3n2CCCN3c2ccc(C(C)C)cc2)n(C)c1=O,tensor([6.])
CC(C)(C)Cn1cc2c(Cl)nc(N(C(=O)c3ccccc3)C(=O)c3ccccc3)nc2n1,tensor([5.1900])
Cc1ccc(C(=O)Nc2nc(Cl)c3cn(CC(C)(C)C)nc3n2)cc1,tensor([5.3000])
Cn1cc2c(Cl)nc(NC(=O)Cc3ccccc3)nc2n1,tensor([5.1800])
CC(C)(C)Cn1cc2c(Cl)nc(NC(=O)c3ccc(C(F)(F)F)cc3)nc2n1,tensor([5.1800])
CC(C)n1cc2c(Cl)nc(N(C(=O)c3ccccc3)C(=O)c3ccccc3)nc2n1,tensor([5.1700])
CC(C)(C)Cn1cc2c(Cl)nc(NC(=O)c3ccc(F)cc3)nc2n1,tensor([5.2300])
CC(C)n1cc2c(Cl)nc(NC(=O)c3ccccc3)nc2n1,tensor([4.8900])
Cc1ccc(C(=O)Nc2nc(Cl)c3cn(CCc4ccccc4)nc3n2)cc1,tensor([5.8200])
CCOC(=O)c1nc(NC(=O)c2ccc(C)cc2)nc2nn(CC(C)(C)C)cc12,tensor([6.0500])
Cn1cc2c(Cl)nc(NC(=O)c3ccccc3)nc2n1,tensor([4.6300])
CC(C)n1cc2c(Cl)nc(NC(=O)c3ccc(C(F)(F)F)cc3)nc2n1,tensor([4.9900])
CC(C)(C)Cn1cc2c(Cl)nc(NC(=O)c3ccccc3)nc2n1,tensor([4.5200])
Cn1cc2c(Cl)nc(NC(=O)c3ccc(F)cc3)nc2n1,tensor([4.5000])
Cn1cc2c(Cl)nc(NC(=O)c3ccc(C(F)(F)F)cc3)nc2n1,tensor([4.4700])
CC(C)(C)Cn1cc2c(Cl)nc(NC(=O)Cc3ccccc3)nc2n1,tensor([4.9600])
O=C(Cc1ccccc1)Nc1nc(Cl)c2cn(CCc3ccccc3)nc2n1,tensor([4.9400])
O=C(Nc1nc(Cl)c2cn(CCc3ccccc3)nc2n1)c1ccc(C(F)(F)F)cc1,tensor([5.5500])
CC(C)n1cc2c(Cl)nc(NC(=O)Cc3ccccc3)nc2n1,tensor([4.5700])
O=C(c1ccccc1)N(C(=O)c1ccccc1)c1nc(Cl)c2cn(CCc3ccccc3)nc2n1,tensor([5.5400])
Cc1ccc(C(=O)Nc2nc(Cl)c3cn(C)nc3n2)cc1,tensor([4.8700])
O=C(Nc1nc(Cl)c2cn(CCc3ccccc3)nc2n1)c1ccccc1,tensor([5.0700])
Cn1c(=O)c2[nH]c(-c3ccc(OCCN4CCCC4)cc3)nc2n(C)c1=O,tensor([8.3400])
Cn1c(=O)c2[nH]c(-c3ccc(OCCCn4ccnc4)cc3)nc2n(C)c1=O,tensor([8.6400])
CN(C)CCOc1ccc(-c2nc3c([nH]2)c(=O)n(C)c(=O)n3C)cc1,tensor([8.0300])
Cn1c(=O)c2[nH]c(-c3ccc(OCCCN4CCN(Cc5ccccc5Cl)CC4)cc3)nc2n(C)c1=O,tensor([8.1600])
CCN(CC)CCOc1ccc(-c2nc3c([nH]2)c(=O)n(C)c(=O)n3C)cc1,tensor([8.1700])
Cn1c(=O)c2[nH]c(-c3ccc(OCCN4CCOCC4)cc3)nc2n(C)c1=O,tensor([8.5600])
Cn1c(=O)c2[nH]c(-c3ccc(OCCC4CCNCC4)cc3)nc2n(C)c1=O,tensor([8.1900])
CCCCC#Cc1nc(NC2CC2)c2ncn(C3C(O)C(O)C4CC43)c2n1,tensor([8.0400])
CCCCC#Cc1nc(NCc2cccc(F)c2)c2ncn(C3C(O)C(O)C4CC43)c2n1,tensor([7.8000])
CCCCC#Cc1nc(NCC)c2ncn(C3C(O)C(O)C4CC43)c2n1,tensor([8.1700])
CCCCC#Cc1nc(NC)c2ncn(C3C(O)C(O)C4CC43)c2n1,tensor([8.3100])
CCCCC#Cc1nc(N)c2ncn(C3C(O)C(O)C4CC43)c2n1,tensor([7.7900])
CCCCC#Cc1nc(NCc2cccc(Br)c2)c2ncn(C3C(O)C(O)C4CC43)c2n1,tensor([8.0700])
CCCCC#Cc1nc(NCc2cccc(I)c2)c2ncn(C3C(O)C(O)C4CC43)c2n1,tensor([7.9200])
CCCCC#Cc1nc(NC2CCCC2)c2ncn(C3C(O)C(O)C4CC43)c2n1,tensor([6.8000])
CNC(=O)C12CC1C(n1cnc3c(NC4CC4c4ccc(F)c(F)c4)nc(C#Cc4ccccn4)nc31)C(O)C2O,tensor([8.1400])
CNC(=O)C12CC1C(n1cnc3c(NC4CC4c4cccc(Cl)c4)nc(C#Cc4ccccc4)nc31)C(O)C2O,tensor([7.9500])
CNC(=O)C12CC1C(n1cnc3c(NC4CC4c4cccc(F)c4)nc(C#Cc4ccccc4)nc31)C(O)C2O,tensor([7.7800])
CNC(=O)C12CC1C(n1cnc3c(NC4CC4c4ccccc4)nc(C#Cc4ccccc4)nc31)C(O)C2O,tensor([8.2100])
OCC1OC(n2cnc3c(NC4CC4c4ccccc4)nc(C#Cc4ccccc4)nc32)C(O)C1O,tensor([9.0700])
CNC(=O)C12CC1C(n1cnc3c(NC4CC4c4cccc(C)c4)nc(C#Cc4ccccc4)nc31)C(O)C2O,tensor([7.7500])
CNC(=O)C12CC1C(n1cnc3c(N)nc(C#Cc4ccccc4)nc31)C(O)C2O,tensor([8.8200])
CNC(=O)C12CC1C(n1cnc3c(NC4CC4c4ccc(F)c(F)c4)nc(C#Cc4ccccc4)nc31)C(O)C2O,tensor([8.3400])
CNC(=O)C12CC1C(n1cnc3c(NC4CC4c4cccc(Br)c4)nc(C#Cc4ccccc4)nc31)C(O)C2O,tensor([7.8400])
COc1ccc(Cl)cc1CNc1ncnc2c1ncn2C1OCC(O)(CO)C1O,tensor([6.0100])
C=C(CCC)C1=CC=C(CC2CCCCCCC2)C2C=C(C3=CC=CC3)C=C12,tensor([6.2900])
CCOC(=O)c1cnc(NCC(C)C)n2nc(-c3ccco3)nc12,tensor([7.6100])
CCOC(=O)c1cnc(N(C)C)n2nc(-c3ccco3)nc12,tensor([6.5600])
O=C(O)c1cnc(NC2CCCC2)n2nc(-c3ccco3)nc12,tensor([4.7500])
CCOC(=O)c1cnc(SC)n2nc(-c3ccco3)nc12,tensor([5.5800])
C=C(OCC)c1cnc(NC(=O)NC2CCCCC2)n2nc(-c3ccco3)nc12,tensor([5.6000])
CCOC(=O)c1cnc(N2CCCCC2)n2nc(-c3ccco3)nc12,tensor([5.7500])
CCOC(=O)c1cnc(NC(=O)Cc2ccccc2)n2nc(-c3ccco3)nc12,tensor([5.5900])
CCCCCNc1ncc(C(=O)O)c2nc(-c3ccco3)nn12,tensor([4.5800])
CNC(=O)c1cnc(NCc2ccc(OC)c(OC)c2)n2nc(-c3ccco3)nc12,tensor([6.5500])
CC(C)Nc1ncc(C(=O)O)c2nc(-c3ccco3)nn12,tensor([4.7600])
O=C(Nc1ncc(C(=O)O)c2nc(-c3ccco3)nn12)NC1CCCCC1,tensor([4.2300])
CNC(=O)c1cnc(NC(=O)NC2CCCCC2)n2nc(-c3ccco3)nc12,tensor([4.7300])
COc1ccc(CNc2ncc(C(=O)O)c3nc(-c4ccco4)nn23)cc1,tensor([5.2600])
O=C(O)c1cnc(NC(c2ccccc2)c2ccccc2)n2nc(-c3ccco3)nc12,tensor([5.6800])
O=C(O)c1cnc(NC2CC2)n2nc(-c3ccco3)nc12,tensor([6.7800])
CCOC(=O)c1cnc(N)n2nc(-c3ccco3)nc12,tensor([6.6200])
CCOC(=O)c1cnc(NC)n2nc(-c3ccco3)nc12,tensor([8.3800])
O=C(O)c1cnc(NCc2ccc(-c3ccccc3)cc2)n2nc(-c3ccco3)nc12,tensor([4.5500])
CCOC(=O)c1cnc(NCCOC)n2nc(-c3ccco3)nc12,tensor([6.9800])
CCOC(=O)c1cnc(NC2CCCCC2)n2nc(-c3ccco3)nc12,tensor([6.8800])
Nc1ncc(C(=O)NCCc2ccccc2)c2nc(-c3ccco3)nn12,tensor([6.8500])
O=C(Cc1ccccc1)Nc1ncc(C(=O)NCCc2ccccc2)c2nc(-c3ccco3)nn12,tensor([6.2600])
O=C(Nc1ccccc1)Nc1ncc(C(=O)NCCc2ccccc2)c2nc(-c3ccco3)nn12,tensor([5.8700])
COc1ccc(CNc2ncc(C(=O)O)c3nc(-c4ccco4)nn23)cc1OC,tensor([6.8000])
CCNc1ncc(C(=O)OCC)c2nc(-c3ccco3)nn12,tensor([8.4800])
COc1ccc(CNc2ncc(C(=O)NCCc3ccccc3)c3nc(-c4ccco4)nn23)cc1OC,tensor([7.0600])
O=C(O)c1cnc(NCc2ccccc2)n2nc(-c3ccco3)nc12,tensor([5.6500])
CCCCC(CC)CNc1ncc(C(=O)O)c2nc(-c3ccco3)nn12,tensor([4.7900])
CCOC(=O)c1cnc(NCc2ccc(OC)cc2)n2nc(-c3ccco3)nc12,tensor([7.2400])
CCOC(=O)c1cnc(NCc2ccc(Cl)cc2)n2nc(-c3ccco3)nc12,tensor([7.2500])
CCOC(=O)c1cnc(NCc2ccc(C)cc2)n2nc(-c3ccco3)nc12,tensor([7.2500])
CCOC(=O)c1cnc(NC(=O)Nc2ccccc2)n2nc(-c3ccco3)nc12,tensor([6.4500])
CCOC(=O)c1cnc(NCc2ccc(-c3ccccc3)cc2)n2nc(-c3ccco3)nc12,tensor([6.0600])
CCOC(=O)c1cnc(NC2CC2)n2nc(-c3ccco3)nc12,tensor([8.0200])
CNC(=O)c1cnc(NC(=O)Nc2ccccc2)n2nc(-c3ccco3)nc12,tensor([6.1400])
CCOC(=O)c1cnc(N2CCCC2)n2nc(-c3ccco3)nc12,tensor([6.0800])
O=C(O)c1cnc(NCc2ccc(Cl)cc2)n2nc(-c3ccco3)nc12,tensor([4.9400])
CCOC(=O)c1cnc(NCc2ccc(F)cc2)n2nc(-c3ccco3)nc12,tensor([7.3300])
O=C(Nc1ncc(C(=O)NCCc2ccccc2)c2nc(-c3ccco3)nn12)NC1CCCCC1,tensor([5.3800])
CCOC(=O)c1cnc(N2CCOCC2)n2nc(-c3ccco3)nc12,tensor([5.0600])
CCOC(=O)c1cnc(NCC2CCCCC2)n2nc(-c3ccco3)nc12,tensor([7.3800])
Cc1ccc(CNc2ncc(C(=O)O)c3nc(-c4ccco4)nn23)cc1,tensor([6.1200])
CCCCCNc1ncc(C(=O)OCC)c2nc(-c3ccco3)nn12,tensor([7.9500])
CCOC(=O)c1cnc(NCc2ccc(OC)c(OC)c2)n2nc(-c3ccco3)nc12,tensor([7.4100])
CCCCC(CC)CNc1ncc(C(=O)OCC)c2nc(-c3ccco3)nn12,tensor([7.4100])
CCOC(=O)c1cnc(NC2CCC2)n2nc(-c3ccco3)nc12,tensor([7.9300])
CCOC(=O)c1cnc(NCc2ccccc2)n2nc(-c3ccco3)nc12,tensor([8.])
CCOC(=O)c1cnc(NC(c2ccccc2)c2ccccc2)n2nc(-c3ccco3)nc12,tensor([6.4700])
CCOC(=O)c1cnc(NC(C)C)n2nc(-c3ccco3)nc12,tensor([8.0200])
CCOC(=O)c1cnc(NOC)n2nc(-c3ccco3)nc12,tensor([5.9200])
CNC(=O)c1cnc(NC(=O)Cc2ccccc2)n2nc(-c3ccco3)nc12,tensor([5.9200])
CCOC(=O)c1cnc(NC2CCCC2)n2nc(-c3ccco3)nc12,tensor([7.4600])
CCNc1ncc(C(=O)O)c2nc(-c3ccco3)nn12,tensor([6.3200])
O=C(O)c1cnc(NCC2CCCCC2)n2nc(-c3ccco3)nc12,tensor([4.8000])
O=C(O)c1cnc(NCc2ccc(C(F)(F)F)cc2)n2nc(-c3ccco3)nc12,tensor([4.8000])
CCOC(=O)c1cnc(NC2CCCCCC2)n2nc(-c3ccco3)nc12,tensor([6.4900])
O=C(O)c1cnc(NCc2ccc(F)cc2)n2nc(-c3ccco3)nc12,tensor([4.8500])
CCOC(=O)c1cnc(NCc2ccc(C(F)(F)F)cc2)n2nc(-c3ccco3)nc12,tensor([6.4900])
CNc1ncc(C(=O)O)c2nc(-c3ccco3)nn12,tensor([4.8000])
Cc1ccc2ncc3nc(-c4ccccc4)nn3c2c1,tensor([7.6200])
CCOC(=O)N1Cc2nc(-c3ccccc3)nn2-c2cc(C)ccc21,tensor([7.9000])
C#CCOC(=O)N1Cc2nc(-c3ccc(OC)cc3)nn2-c2cc(C)ccc21,tensor([7.6300])
COc1ccc(-c2nc(NC(=O)Nc3ccccc3)n(-c3ccccc3)n2)cc1,tensor([6.2600])
c1ccc(-c2nc3cnc4ccccc4n3n2)cc1,tensor([7.0400])
CCC(=O)N1Cc2nc(-c3ccc(OC)cc3)nn2-c2cc(C)ccc21,tensor([7.6000])
CCOC(=O)N1Cc2nc(-c3ccccc3)nn2-c2cc(Cl)ccc21,tensor([6.7800])
CCCOC(=O)N1Cc2nc(-c3ccccc3)nn2-c2cc(C)ccc21,tensor([6.7700])
COC(=O)N1Cc2nc(-c3ccccc3)nn2-c2cc(C)ccc21,tensor([7.5000])
COc1ccc(-c2nc3n(n2)-c2cc(C)ccc2N(C(=O)OCc2ccccc2)C3)cc1,tensor([6.6400])
CCC(=O)N1Cc2nc(-c3ccccc3)nn2-c2cc(C)ccc21,tensor([8.1900])
COc1ccc(-c2nc3cnc4ccc(C)cc4n3n2)cc1,tensor([7.5800])
Clc1ccc2ncc3nc(-c4ccccc4)nn3c2c1,tensor([7.8200])
COC(=O)N1Cc2nc(-c3ccccc3)nn2-c2ccccc21,tensor([6.6100])
CCOC(=O)N1Cc2nc(-c3ccc(OC)cc3)nn2-c2cc(C)ccc21,tensor([7.4100])
CCC(=O)N1Cc2nc(-c3ccccc3)nn2-c2cc(Cl)ccc21,tensor([7.1400])
Nc1nc(Cc2cccc(O)c2)nc2cn(-c3ccccc3)nc12,tensor([6.3600])
COc1ccccc1Cc1nc(N)c2nn(-c3ccccc3)cc2n1,tensor([6.2400])
Nc1nc(Cc2ccccc2O)nc2cn(-c3ccccc3)nc12,tensor([7.0100])
O=c1c2ncn3nc(-c4ccccc4)cc3c2c(C2CCCC2)nn1Cc1ccccc1,tensor([7.1900])
O=c1c2ncn3nc(-c4ccccc4)cc3c2c(C2CCC2)nn1Cc1ccccc1,tensor([6.7100])
O=c1c2ncn3nc(-c4ccccc4)cc3c2c(C2CCCCC2)nn1Cc1ccccc1,tensor([6.5100])
CCNC(=O)C1OC(n2cnc3c(N)nc(NCCc4ccc(CCC(=O)Nc5ccc(O)c([N+](=O)[O-])c5)cc4)nc32)C(O)C1O,tensor([6.7700])
CCNC(=O)C1OC(n2cnc3c(N)nc(NCCc4ccc(CCC(=O)Nc5ccc(OC(C)=O)c([N+](=O)[O-])c5)cc4)nc32)C(O)C1O,tensor([6.6800])
CCNC(=O)C1OC(n2cnc3c(N)nc(NCCc4ccc(CCC(=O)Nc5ccc(OC(=O)CCCCC6SCC7NC(=O)NC76)c([N+](=O)[O-])c5)cc4)nc32)C(O)C1O,tensor([5.7100])
CCNC(=O)C1OC(n2cnc3c(N)nc(NCCc4ccc(CCC(=O)Nc5ccc(OC(=O)CCCCN=[N+]=[N-])c([N+](=O)[O-])c5)cc4)nc32)C(O)C1O,tensor([5.7400])
CCOC(=O)c1c(NC(=O)c2sc(Nc3ccc(OC)cc3)nc2-c2ccc(C)cc2)sc2c1CCCC2,tensor([6.2800])
CCOC(=O)c1c(NC(=O)c2sc(Nc3ccc(OC)cc3)nc2N(C)C)sc(C(=O)OC)c1C,tensor([5.5600])
CCOC(=O)c1c(NC(=O)c2sc(Nc3ccc(C)cc3)nc2C)sc2c1CCCC2,tensor([5.0800])
Cc1ccc(Nc2nc(N(C)C)c(C(=O)Nc3sc4c(c3C(N)=O)CCCC4)s2)cc1,tensor([5.1500])
CCOC(=O)c1c(NC(=O)c2sc(Nc3ccc(C)cc3)nc2-c2ccc(C)cc2)sc2c1CCCC2,tensor([5.6700])
Cc1ccc(-c2nc(Nc3ccccc3)sc2C(=O)Nc2sc3c(c2C(N)=O)CCCC3)cc1,tensor([6.4800])
COc1ccc(Nc2nc(-c3ccc(C)cc3)c(C(=O)Nc3sc4c(c3C(N)=O)CCCC4)s2)cc1,tensor([6.4800])
CCOC(=O)c1c(NC(=O)c2sc(Nc3ccccc3)nc2-c2ccc(C)cc2)sc2c1CCCC2,tensor([5.3900])
COc1ccc(Nc2nc(-c3ccc(C)cc3)c(C(=O)Nc3sc4c(c3C#N)CCCC4)s2)cc1,tensor([5.0200])
Cc1ccc(Nc2nc(C)c(C(=O)Nc3sc4c(c3C#N)CCCC4)s2)cc1,tensor([5.4100])
CN(C)c1nc(Nc2ccccc2)sc1C(=O)Nc1sc2c(c1C#N)CCCC2,tensor([4.4500])
CCOC(=O)c1c(NC(=O)c2sc(Nc3ccc(C)cc3)nc2N(C)C)sc(C(=O)OC)c1C,tensor([5.4100])
CCOC(=O)c1c(NC(=O)c2sc(Nc3ccccc3)nc2N(C)C)sc2c1CCCC2,tensor([5.3800])
CCOC(=O)c1c(NC(=O)c2sc(Nc3ccc(C)cc3)nc2N(C)C)sc2c1CCCC2,tensor([5.3300])
CCOC(=O)c1nc(NC(=O)c2ccc(F)cc2)nc2nn(CC(C)(C)C)cc12,tensor([5.3700])
CCOC(=O)c1nc(N(C(=O)c2ccc(Br)cc2)C(=O)c2ccc(Br)cc2)nc2nn(C)cc12,tensor([5.5400])
CCOC(=O)c1nc(N(C(=O)c2ccccc2)C(=O)c2ccccc2)nc2nn(C(C)C)cc12,tensor([5.2700])
CCOC(=O)c1nc(NC(=O)c2ccc(Br)cc2)nc2nn(CCc3ccccc3)cc12,tensor([5.4400])
CCOC(=O)c1nc(NC(=O)c2ccc(C)cc2)nc2nn(CCc3ccccc3)cc12,tensor([5.5200])
CCOC(=O)c1nc(NC(=O)Cc2ccccc2)nc2nn(CC(C)(C)C)cc12,tensor([5.3700])
CCOC(=O)c1nc(N)nc2nn(C)cc12,tensor([6.0500])
CCOC(=O)c1nc(NC(=O)c2ccc(Cl)c(Cl)c2)nc2nn(CCc3ccccc3)cc12,tensor([5.6600])
CCOC(=O)c1nc(NC(=O)c2ccc(C)cc2)nc2nn(C)cc12,tensor([4.])
CCOC(=O)c1nc(N)nc2nn(CC(C)(C)C)cc12,tensor([4.9800])
CCOC(=O)c1nc(NC(=O)Cc2ccccc2)nc2nn(C)cc12,tensor([4.8400])
CCOC(=O)c1nc(N)nc2nn(C(C)C)cc12,tensor([4.8500])
CCOC(=O)c1nc(NC(=O)c2ccc(C(F)(F)F)cc2)nc2nn(CCc3ccccc3)cc12,tensor([5.2400])
CCOC(=O)c1nc(NC(=O)c2ccc(F)cc2)nc2nn(CCc3ccccc3)cc12,tensor([5.1700])
NC(=O)c1nc(N)nc2nn(CCc3ccccc3)cc12,tensor([4.4800])
CCOC(=O)c1nc(NC(=O)c2ccc(F)cc2)nc2nn(C(C)C)cc12,tensor([5.2400])
CCOC(=O)c1nc(NC(=O)Cc2ccccc2)nc2nn(C(C)C)cc12,tensor([4.8800])
CCOC(=O)c1nc(NC(=O)c2ccccc2)nc2nn(CCc3ccccc3)cc12,tensor([4.9100])
CCOC(=O)c1nc(NC(=O)c2ccc(C)cc2)nc2nn(C(C)C)cc12,tensor([4.5500])
CC(C)(C)Cn1cc2c(C(N)=O)nc(N)nc2n1,tensor([4.7100])
CCOC(=O)c1nc(N)nc2nn(CCc3ccccc3)cc12,tensor([4.7400])
CCOC(=O)c1nc(NC(=O)c2ccccc2)nc2nn(C(C)C)cc12,tensor([5.0700])
CCOC(=O)c1nc(NC(=O)Cc2ccccc2)nc2nn(CCc3ccccc3)cc12,tensor([4.9800])
CNC(=O)C12CC1C(n1cnc3c(NC)nc(C#Cc4ccsc4)nc31)C(O)C2O,tensor([9.2800])
CNC(=O)C12CC1C(n1cnc3c(NC)nc(C#Cc4ncccn4)nc31)C(O)C2O,tensor([8.7100])
CNC(=O)C12CC1C(n1cnc3c(NC)nc(C#Cc4ccco4)nc31)C(O)C2O,tensor([9.2100])
CNC(=O)C12CC1C(n1cnc3c(NC)nc(C#Cc4cccc(C(F)(F)F)c4)nc31)C(O)C2O,tensor([8.4700])
CNC(=O)C12CC1C(n1cnc3c(NC)nc(C#Cc4ccc(OC)cc4)nc31)C(O)C2O,tensor([9.2000])
CNC(=O)C12CC1C(n1cnc3c(NC)nc(C#Cc4cccnn4)nc31)C(O)C2O,tensor([8.4500])
CNC(=O)C12CC1C(n1cnc3c(NC)nc(C#Cc4cccs4)nc31)C(O)C2O,tensor([9.2400])
CNC(=O)C12CC1C(n1cnc3c(NC)nc(C#Cc4ccccc4OC)nc31)C(O)C2O,tensor([9.1100])
CNC(=O)C12CC1C(n1cnc3c(NC)nc(C#Cc4cnccn4)nc31)C(O)C2O,tensor([8.7500])
CCc1ccc(C#Cc2nc(NC)c3ncn(C4C(O)C(O)C5(C(=O)NC)CC45)c3n2)o1,tensor([8.8200])
CNC(=O)C12CC1C(n1cnc3c(NC)nc(C#Cc4cc(C)c(C)o4)nc31)C(O)C2O,tensor([8.8400])
CNC(=O)C12CC1C(n1cnc3c(NC)nc(C#CC4CCCCC4)nc31)C(O)C2O,tensor([8.7800])
CNC(=O)C12CC1C(n1cnc3c(NC)nc(C#Cc4cc5ccccc5o4)nc31)C(O)C2O,tensor([8.7900])
CNC(=O)C12CC1C(n1cnc3c(NC)nc(C#Cc4ccc(Cl)s4)nc31)C(O)C2O,tensor([9.1500])
CNC(=O)C12CC1C(n1cnc3c(NC)nc(C#CC4CC4)nc31)C(O)C2O,tensor([8.9400])
CNC(=O)C12CC1C(n1cnc3c(NC)nc(C#Cc4cnn(C)c4)nc31)C(O)C2O,tensor([8.6300])
CNC(=O)C12CC1C(n1cnc3c(NC)nc(C#Cc4cc[nH]n4)nc31)C(O)C2O,tensor([8.6500])
CNC(=O)C12CC1C(n1cnc3c(NC)nc(C#Cc4ccncc4)nc31)C(O)C2O,tensor([8.6800])
CNC(=O)C12CC1C(n1cnc3c(NC)nc(C#Cc4nccs4)nc31)C(O)C2O,tensor([8.6800])
CNC(=O)C12CC1C(n1cnc3c(NC)nc(C#Cc4cccc(OC)c4)nc31)C(O)C2O,tensor([9.0400])
CNC(=O)C12CC1C(n1cnc3c(NC)nc(C#Cc4ccc(CO)cc4)nc31)C(O)C2O,tensor([8.6700])
CNC(=O)C12CC1C(n1cnc3c(NC)nc(C#Cc4cccnc4)nc31)C(O)C2O,tensor([8.6700])
CNC(=O)C12CC1C(n1cnc3c(NC)nc(C#Cc4ccc(Br)s4)nc31)C(O)C2O,tensor([9.3600])
COc1ccc(-c2nc3c(=O)[nH]c(C)nc3s2)cc1,tensor([7.4200])
Cc1nc2sc(Cc3ccccc3)nc2c(=O)[nH]1,tensor([6.3700])
Cc1nc2sc(-c3cccs3)nc2c(=O)[nH]1,tensor([6.6100])
COc1cccc(Nc2nc3c(=O)[nH]c(C)nc3s2)c1,tensor([6.9500])
Cc1nc2sc(-c3cccc(Cl)c3)nc2c(=O)[nH]1,tensor([6.0800])
Cc1cccc(Nc2nc3c(=O)[nH]c(C)nc3s2)c1,tensor([6.3500])
Cc1nc2sc(-n3cccc3)nc2c(=O)[nH]1,tensor([6.6400])
CCOc1nc(C)nc2sc(Nc3cccc(OC)c3)nc12,tensor([6.9600])
Cc1ccc(-c2nc3c(=O)[nH]c(C)nc3s2)cc1,tensor([7.4800])
Cc1cccc(-c2nc3c(=O)[nH]c(C)nc3s2)c1,tensor([6.4200])
Cc1nc2sc(-c3cccc(F)c3)nc2c(=O)[nH]1,tensor([6.9600])
Cc1nc2sc(-c3ccc(F)cc3)nc2c(=O)[nH]1,tensor([6.9700])
Cc1nc2sc(-c3ccc(Cl)cc3)nc2c(=O)[nH]1,tensor([7.7500])
CCNC(=O)C1OC(n2cnc3c(N)nc(NCCN4CCN(c5ccc(C(F)(F)F)cc5)CC4)nc32)C(O)C1O,tensor([5.6900])
CCNC(=O)C1OC(n2cnc3c(N)nc(NCCN4CCN(c5ccc(Cl)cc5)CC4)nc32)C(O)C1O,tensor([5.7800])
CCNC(=O)C1OC(n2cnc3c(N)nc(NCCN4CCN(c5cccc(F)c5F)CC4)nc32)C(O)C1O,tensor([5.7400])
CCNC(=O)C1OC(n2cnc3c(N)nc(N4CCN(c5ccc(OC)cc5)CC4)nc32)C(O)C1O,tensor([7.1600])
CCNC(=O)C1OC(n2cnc3c(N)nc(NCCN4CCN(c5ccc(Cl)c(Cl)c5)CC4)nc32)C(O)C1O,tensor([6.1200])
CCNC(=O)C1OC(n2cnc3c(N)nc(NCCN4CCN(c5ccc([N+](=O)[O-])cc5)CC4)nc32)C(O)C1O,tensor([6.1200])
CCNC(=O)C1OC(n2cnc3c(N)nc(NCCN4CCN(c5ccc(OCCOC)cc5)CC4)nc32)C(O)C1O,tensor([5.6600])
CCNC(=O)C1OC(n2cnc3c(N)nc(NCCN4CCN(c5ccccc5OC)CC4)nc32)C(O)C1O,tensor([5.7300])
CCNC(=O)C1OC(n2cnc3c(N)nc(N4CCN(c5ccc(OCc6ccc(C(F)(F)F)cc6)cc5)CC4)nc32)C(O)C1O,tensor([7.4100])
CCNC(=O)C1OC(n2cnc3c(N)nc(NCCN4CCN(c5ccccc5F)CC4)nc32)C(O)C1O,tensor([5.7300])
CCNC(=O)C1OC(n2cnc3c(N)nc(NCCN4CCN(c5ccc(Cl)cc5F)CC4)nc32)C(O)C1O,tensor([5.8300])
CCNC(=O)C1OC(n2cnc3c(N)nc(NCCN4CCN(c5cccc(Cl)c5)CC4)nc32)C(O)C1O,tensor([5.9300])
CCNC(=O)C1OC(n2cnc3c(N)nc(N4CCN(c5ccc(OCCOC)cc5)CC4)nc32)C(O)C1O,tensor([6.5300])
CCNC(=O)C1OC(n2cnc3c(N)nc(N4CCN(c5ccc(OCC(=O)OCC)cc5)CC4)nc32)C(O)C1O,tensor([6.3600])
CCNC(=O)C1OC(n2cnc3c(N)nc(NCCN4CCN(c5ccc(F)cc5)CC4)nc32)C(O)C1O,tensor([5.7300])
CCNC(=O)C1OC(n2cnc3c(N)nc(NCCN4CCN(c5ccc(OC)cc5)CC4)nc32)C(O)C1O,tensor([5.6900])
CCNC(=O)C1OC(n2cnc3c(N)nc(NCCN4CCN(c5cc(Cl)cc(Cl)c5)CC4)nc32)C(O)C1O,tensor([6.])
CCNC(=O)C1OC(n2cnc3c(N)nc(N4CCN(c5ccc(OCc6ccc(Cl)cc6)cc5)CC4)nc32)C(O)C1O,tensor([7.4400])
CCNC(=O)C1OC(n2cnc3c(N)nc(NCCN4CCN(c5ccccc5C(F)(F)F)CC4)nc32)C(O)C1O,tensor([5.4600])
CCNC(=O)C1OC(n2cnc3c(N)nc(N4CCN(c5ccc(OCCCc6ccccc6)cc5)CC4)nc32)C(O)C1O,tensor([7.2100])
CCNC(=O)C1OC(n2cnc3c(N)nc(NCCN4CCN(c5ccc(CC(=O)O)cc5Br)CC4)nc32)C(O)C1O,tensor([5.4600])
CCNC(=O)C1OC(n2cnc3c(N)nc(N4CCN(c5ccc(OCc6ccccc6)cc5)CC4)nc32)C(O)C1O,tensor([7.4300])
CCNC(=O)C1OC(n2cnc3c(N)nc(NCCN4CCN(c5ccccc5Cl)CC4)nc32)C(O)C1O,tensor([5.8600])
CCNC(=O)C1OC(n2cnc3c(N)nc(NCCN4CCN(c5ccc(CC(=O)O)cc5)CC4)nc32)C(O)C1O,tensor([5.2300])
CCNC(=O)C1OC(n2cnc3c(N)nc(NCCN4CCN(c5ccc(F)c(Cl)c5)CC4)nc32)C(O)C1O,tensor([5.8100])
CCNC(=O)C1OC(n2cnc3c(N)nc(N4CCN(c5ccc(OCc6ccncc6)cc5)CC4)nc32)C(O)C1O,tensor([6.6100])
CCNC(=O)C1OC(n2cnc3c(N)nc(NCCN4CCN(c5ccc(C(=O)O)cc5)CC4)nc32)C(O)C1O,tensor([5.2300])
CCNC(=O)C1OC(n2cnc3c(N)nc(NCCN4CCN(c5ccc(I)cc5)CC4)nc32)C(O)C1O,tensor([5.4700])
CCNC(=O)C1OC(n2cnc3c(N)nc(NCCN4CCN(c5ccccc5)CC4)nc32)C(O)C1O,tensor([5.6700])
CCNC(=O)C1OC(n2cnc3c(N)nc(N4CCN(c5ccc(OCc6ccc(F)cc6)cc5)CC4)nc32)C(O)C1O,tensor([7.3700])
CCNC(=O)C1OC(n2cnc3c(N)nc(NCCN4CCN(c5ccc(Br)cc5)CC4)nc32)C(O)C1O,tensor([5.8800])
CCNC(=O)C1OC(n2cnc3c(N)nc(NCCN4CCN(CCc5ccccc5)CC4)nc32)C(O)C1O,tensor([5.3900])
CCNC(=O)C1OC(n2cnc3c(N)nc(NCCCN4CCN(c5ccccc5)CC4)nc32)C(O)C1O,tensor([5.2600])
CCNC(=O)C1OC(n2cnc3c(N)nc(NCCN4CCN(c5ccc(C)cc5)CC4)nc32)C(O)C1O,tensor([5.5800])
CCNC(=O)C1OC(n2cnc3c(N)nc(NCCN4CCN(Cc5ccccc5)CC4)nc32)C(O)C1O,tensor([5.4900])
CCn1nnc(C2OC(n3cnc4c(NC)nc(Cl)nc43)C(O)C2O)n1,tensor([9.3700])
CCn1nnc(C2OC(n3cnc4c(Nc5ccc(Cl)cc5F)ncnc43)C(O)C2O)n1,tensor([8.5800])
CCn1nnc(C2OC(n3cnc4c(NCc5ccccc5I)nc(Cl)nc43)C(O)C2O)n1,tensor([9.2300])
CCn1nnc(C2OC(n3cnc4c(NC5CCCO5)nc(Cl)nc43)C(O)C2O)n1,tensor([8.0200])
CCn1nnc(C2OC(n3cnc4c(NC5CCCO5)ncnc43)C(O)C2O)n1,tensor([7.8100])
CCn1nnc(C2OC(n3cnc4c(NC5CC6CCC5C6)ncnc43)C(O)C2O)n1,tensor([8.0500])
CCn1nnc(C2OC(n3cnc4c(NC)ncnc43)C(O)C2O)n1,tensor([9.3200])
CCn1nnc(C2OC(n3cnc4c(NC5CC6CCC5C6)nc(Cl)nc43)C(O)C2O)n1,tensor([7.7900])
CCn1nnc(C2OC(n3cnc4c(N)nc(Cl)nc43)C(O)C2O)n1,tensor([8.7400])
CCn1nnc(C2OC(n3cnc4c(Nc5ccc(Cl)cc5F)nc(Cl)nc43)C(O)C2O)n1,tensor([8.3300])
CCn1nnc(C2OC(n3cnc4c(NC5CC5)ncnc43)C(O)C2O)n1,tensor([8.1000])
CCn1nnc(C2OC(n3cnc4c(NC5CC5)nc(Cl)nc43)C(O)C2O)n1,tensor([8.4100])
Cn1cc2c(nc(N=C(Nc3ccc(C#N)cc3)Nc3ccc(C#N)cc3)n3nc(-c4ccco4)nc23)n1,tensor([7.5200])
Cc1ccc(NC(=Nc2nc3nn(C)cc3c3nc(-c4ccco4)nn23)Nc2ccc(C)cc2)cc1,tensor([7.2000])
Cn1cc2c(nc(N=C(NC3CCCCC3)NC3CCCCC3)n3nc(-c4ccco4)nc23)n1,tensor([7.5400])
Cn1cc2c(nc(N=C(Nc3cccc(Cl)c3)Nc3cccc(Cl)c3)n3nc(-c4ccco4)nc23)n1,tensor([7.0500])
Cn1cc2c(nc(N=C(Nc3ccc(F)cc3)Nc3ccc(F)cc3)n3nc(-c4ccco4)nc23)n1,tensor([6.9100])
Cn1cc2c(nc(N=C(Nc3ccc([N+](=O)[O-])cc3)Nc3ccc([N+](=O)[O-])cc3)n3nc(-c4ccco4)nc23)n1,tensor([7.7500])
Cn1cc2c(nc(N=C(Nc3cccc(C(F)(F)F)c3)Nc3cccc(C(F)(F)F)c3)n3nc(-c4ccco4)nc23)n1,tensor([6.2800])
COc1ccc(NC(=Nc2nc3nn(C)cc3c3nc(-c4ccco4)nn23)Nc2ccc(OC)cc2)cc1,tensor([7.3800])
Cn1cc2c(nc(N=C(Nc3ccccc3)Nc3ccccc3)n3nc(-c4ccco4)nc23)n1,tensor([7.1000])
COc1cccc(NC(=Nc2nc3nn(C)cc3c3nc(-c4ccco4)nn23)Nc2cccc(OC)c2)c1,tensor([6.8100])
Cn1cc2c(nc(N=C(Nc3ccc(Br)cc3)Nc3ccc(Br)cc3)n3nc(-c4ccco4)nc23)n1,tensor([6.4600])
CC(C)NC(=Nc1nc2nn(C)cc2c2nc(-c3ccco3)nn12)NC(C)C,tensor([7.4800])
Cn1cc2c(nc(N=C(Nc3ccc(Cl)cc3)Nc3ccc(Cl)cc3)n3nc(-c4ccco4)nc23)n1,tensor([7.1500])
CCCNc1cc(C#Cc2ccc(Cl)s2)nc2c1ncn2C1C(O)C(O)C2(C(=O)NC)CC12,tensor([7.4200])
CNC(=O)C12CC1C(n1cnc3c(NC(C)C)nc(C#Cc4ccc(Cl)s4)nc31)C(O)C2O,tensor([8.5400])
CCCCNc1nc(C#Cc2ccc(Cl)s2)nc2c1ncn2C1C(O)C(O)C2(C(=O)NC)CC12,tensor([8.5400])
CNC(=O)C12CC1C(n1cnc3c(NCC4CCC4)nc(-n4cc(-c5ccc(Cl)s5)nn4)nc31)C(O)C2O,tensor([7.6800])
CNC(=O)C12CC1C(n1cnc3c(NCC4CC4)nc(-n4cc(-c5ccc(Cl)s5)nn4)nc31)C(O)C2O,tensor([8.0300])
CCNc1nc(C#Cc2ccc(Cl)s2)nc2c1ncn2C1C(O)C(O)C2(C(=O)NC)CC12,tensor([8.4200])
CNC(=O)C12CC1C(n1cnc3c(NC)cc(C#Cc4ccc(Cl)s4)nc31)C(O)C2O,tensor([8.5200])
CCNc1cc(C#Cc2ccc(Cl)s2)nc2c1ncn2C1C(O)C(O)C2(C(=O)NC)CC12,tensor([8.7700])
CNC(=O)C12CC1C(n1cnc3c(NCC4CCC4)nc(C#Cc4ccc(Cl)s4)nc31)C(O)C2O,tensor([7.8200])
CNC(=O)C12CC1C(n1cnc3c(NC4CC4)nc(C#Cc4ccc(Cl)s4)nc31)C(O)C2O,tensor([9.])
CCNc1nc(-n2cc(-c3ccc(Cl)s3)nn2)nc2c1ncn2C1C(O)C(O)C2(C(=O)NC)CC12,tensor([8.9200])
CNC(=O)C12CC1C(n1cnc3c(NC)nc(-n4cc(-c5ccc(Cl)s5)nn4)nc31)C(O)C2O,tensor([9.1400])
CCCNc1cc(-n2cc(-c3ccc(Cl)s3)nn2)nc2c1ncn2C1C(O)C(O)C2(C(=O)NC)CC12,tensor([6.9600])
CNC(=O)C12CC1C(n1cnc3c(NC4CC4)cc(C#Cc4ccc(Cl)s4)nc31)C(O)C2O,tensor([8.])
CNC(=O)C12CC1C(n1cnc3c(NCC4CC4)nc(C#Cc4ccc(Cl)s4)nc31)C(O)C2O,tensor([8.1000])
CCCNc1nc(C#Cc2ccc(Cl)s2)nc2c1ncn2C1C(O)C(O)C2(C(=O)NC)CC12,tensor([8.9600])
CNC(=O)C12CC1C(n1cnc3c(NC4CCC4)nc(C#Cc4ccc(Cl)s4)nc31)C(O)C2O,tensor([8.3500])
O=[N+]([O-])OCC1OC(n2cnc3c(NC4CCCC4)nc(Cl)nc32)C(O)C1O,tensor([6.2900])
Nc1nc(Cl)nc2c1ncn2C1OC(CO[N+](=O)[O-])C(O)C1O,tensor([6.0500])
Nc1ncnc2c1ncn2C1OC(CO[N+](=O)[O-])C(O)C1O,tensor([6.6700])
O=[N+]([O-])OCC1OC(n2cnc3c(NC4CCOC4)ncnc32)C(O)C1O,tensor([5.7000])
O=[N+]([O-])OCC1OC(n2cnc3c(NC4CCCC4)ncnc32)C(O)C1O,tensor([6.1500])
O=S(=O)(O)CC1OC(n2cnc3c(NC4CCCC4)ncnc32)C(O)C1O,tensor([5.9900])
O=C(Nc1nc(-c2ccccc2)nc2cn(-c3ccccc3)nc12)c1cccs1,tensor([8.2300])
Nc1nc(Cc2cccs2)nc2cn(-c3ccccc3)nc12,tensor([6.6000])
COc1ccc(C(=O)Nc2nc(-c3ccc(OC)cc3)nc3cn(-c4ccccc4)nc23)cc1,tensor([8.8800])
Cc1ccc(-c2nc3cn(-c4ccccc4)nc3c(=O)[nH]2)o1,tensor([6.0600])
COc1ccc(-n2cc3nc(-c4cccs4)nc(N)c3n2)cc1,tensor([7.1100])
Cc1nc2cn(-c3ccccc3F)nc2c(=O)[nH]1,tensor([6.6500])
Cc1nc2cn(Cc3ccccc3)nc2c(=O)[nH]1,tensor([6.3100])
O=C(Nc1nc(-c2cccs2)nc2cn(-c3ccccc3)nc12)c1ccncc1,tensor([8.0200])
COc1ccc(-c2nc(N)c3nn(-c4ccc(OC)cc4)cc3n2)cc1,tensor([7.7700])
COc1ccc(C(=O)Nc2nc(-c3cccs3)nc3cn(-c4ccccc4)nc23)cc1,tensor([10.5700])
O=c1[nH]c(-c2ccccc2)nc2cn(Cc3ccccc3)nc12,tensor([6.8900])
O=C(Nc1nc(-c2cccs2)nc2cn(-c3ccccc3)nc12)c1cccs1,tensor([8.6100])
O=C(Cc1ccccc1)Nc1nc(-c2ccccc2)nc2cn(Cc3ccccc3)nc12,tensor([6.7000])
Nc1nc(-c2ccccc2)nc2cn(Cc3ccccc3)nc12,tensor([7.2700])
O=C(Nc1nc(-c2cccs2)nc2cn(-c3ccccc3)nc12)c1cccnc1,tensor([9.3900])
O=C(Nc1nc(-c2cccs2)nc2cn(-c3ccccc3)nc12)c1ccco1,tensor([8.6300])
COc1ccc(-c2nc(NC(=O)c3ccccc3)c3nn(-c4ccccc4)cc3n2)cc1,tensor([8.1900])
Nc1nc(-c2cccs2)nc2cn(-c3ccccc3)nc12,tensor([8.0100])
COc1ccc(-c2nc(N)c3nn(-c4ccccc4)cc3n2)cc1,tensor([7.4800])
O=C(c1ccco1)N(C(=O)c1ccco1)c1nc(-c2cccs2)nc2cn(-c3ccccc3)nc12,tensor([8.7400])
COc1ccc(-c2nc(NC(=O)c3ccncc3)c3nn(-c4ccccc4)cc3n2)cc1,tensor([8.0100])
O=C(Cc1ccccc1)Nc1nc(-c2cccs2)nc2cn(-c3ccccc3)nc12,tensor([8.4500])
O=C(Nc1nc(-c2ccccc2)nc2cn(Cc3ccccc3)nc12)c1ccccc1,tensor([6.6500])
COc1ccc(-n2cc3nc(-c4cccs4)[nH]c(=O)c3n2)cc1,tensor([6.6100])
Nc1nc(-c2ccc(O)cc2)nc2cn(-c3ccccc3)nc12,tensor([6.3700])
O=C(Nc1nc(-c2cccs2)nc2cn(-c3ccccc3)nc12)c1ccccc1,tensor([8.6700])
O=c1[nH]c(-c2cccs2)nc2cn(-c3ccccc3)nc12,tensor([6.3800])
Cc1nc2nn(-c3ccccc3)nc2c(=O)[nH]1,tensor([6.4900])
CNc1nc(NC(=O)Cc2ccccc2)n2nc(-c3ccco3)nc2n1,tensor([5.7800])
CNc1nc(NC(=O)Nc2ccccc2)n2nc(-c3ccco3)nc2n1,tensor([6.2400])
CNc1nc(NC2CCCCC2)n2nc(-c3ccco3)nc2n1,tensor([6.0400])
O=C(Nc1ccccc1)Nc1nc(NC2CCCCC2)nc2nc(-c3ccco3)nn12,tensor([6.4600])
CNc1nc(N)n2nc(-c3ccco3)nc2n1,tensor([5.8100])
O=C(Nc1nc(NCc2ccccc2)nc2nc(-c3ccco3)nn12)c1ccccc1,tensor([6.6000])
CC(C)Nc1nc(NC(=O)c2ccccc2)n2nc(-c3ccco3)nc2n1,tensor([4.8700])
Fc1ccc(CNc2nc(NCc3ccccc3)nc3nc(-c4ccco4)nn23)cc1,tensor([7.1200])
c1ccc(Oc2nc(NC3CCCCC3)n3nc(-c4ccco4)nc3n2)cc1,tensor([6.5300])
CC(C)Nc1nc(NC(=O)Cc2ccccc2)n2nc(-c3ccco3)nc2n1,tensor([6.5900])
O=C(Cc1ccccc1)Nc1nc(NC2CCCCC2)nc2nc(-c3ccco3)nn12,tensor([6.5400])
CC(C)Nc1nc(NC2CCCCC2)n2nc(-c3ccco3)nc2n1,tensor([6.9800])
Fc1ccc(CNc2nc(NC3CCCCC3)nc3nc(-c4ccco4)nn23)cc1,tensor([5.8900])
CC(C)Nc1nc(NCc2ccccc2)n2nc(-c3ccco3)nc2n1,tensor([6.9400])
c1ccc(CNc2nc(Oc3ccccc3)nc3nc(-c4ccco4)nn23)cc1,tensor([6.4300])
Nc1nc(NC2CCCCC2)nc2nc(-c3ccco3)nn12,tensor([6.4300])
Nc1nc(NCc2ccccc2)nc2nc(-c3ccco3)nn12,tensor([7.5100])
CNc1nc(NCc2ccc(F)cc2)n2nc(-c3ccco3)nc2n1,tensor([6.2500])
CC(C)Nc1nc(N)n2nc(-c3ccco3)nc2n1,tensor([6.2500])
c1coc(-c2nc3nc(NC4CCCCC4)nc(NC4CCCCC4)n3n2)c1,tensor([6.8900])
c1ccc(CNc2nc(NC3CCCCC3)n3nc(-c4ccco4)nc3n2)cc1,tensor([6.3400])
Fc1ccc(CNc2nc(NCc3ccc(F)cc3)n3nc(-c4ccco4)nc3n2)cc1,tensor([6.9100])
CC(C)Nc1nc(NC(=O)Nc2ccccc2)n2nc(-c3ccco3)nc2n1,tensor([6.7700])
O=C(Nc1ccccc1)Nc1nc(NCc2ccccc2)nc2nc(-c3ccco3)nn12,tensor([7.5300])
O=C(Cc1ccccc1)Nc1nc(NCc2ccccc2)nc2nc(-c3ccco3)nn12,tensor([7.3400])
c1ccc(CNc2nc(NCc3ccccc3)n3nc(-c4ccco4)nc3n2)cc1,tensor([7.4300])
CNc1nc(NC(=O)c2ccccc2)n2nc(-c3ccco3)nc2n1,tensor([5.0300])
O=C(Nc1nc(NC2CCCCC2)nc2nc(-c3ccco3)nn12)c1ccccc1,tensor([5.0700])
CCNCC1OC(n2cnc3c(N)ncnc32)C(O)C1O,tensor([7.6000])
Cc1ccc(-c2nc(N)c3nn(Cc4ccccc4Cl)cc3n2)o1,tensor([7.1500])
Nc1nc(-c2cccs2)nc2cn(-c3ccccc3O)nc12,tensor([6.6800])
Cc1ccc(-c2nc(N)c3nn(-c4ccccc4)cc3n2)o1,tensor([6.8300])
COc1ccccc1-n1cc2nc(-c3cccs3)nc(N)c2n1,tensor([6.8200])
Cc1ccc(-c2nc(N)c3nn(Cc4cccc(O)c4)cc3n2)o1,tensor([6.6500])
Cc1ccc(-c2nc(N)c3nn(Cc4ccccc4F)cc3n2)o1,tensor([6.3000])
Cc1ccc(-c2nc(N)c3nn(Cc4cccc(F)c4)cc3n2)o1,tensor([6.3700])
COc1ccccc1Cn1cc2nc(-c3ccc(C)o3)nc(N)c2n1,tensor([7.0900])
Nc1nc(CCCc2ccccc2)nc2cn(-c3ccccc3F)nc12,tensor([6.7900])
COc1ccccc1Cn1cc2nc(-c3ccco3)nc(N)c2n1,tensor([6.7100])
COc1ccccc1-n1cc2nc(-c3ccc(C)o3)nc(N)c2n1,tensor([6.5300])
Cc1ccc(-c2nc(N)c3nn(Cc4ccccc4O)cc3n2)o1,tensor([6.9100])
COc1cccc(Cn2cc3nc(-c4ccc(C)o4)nc(N)c3n2)c1,tensor([7.0600])
COc1ccccc1-n1cc2nc(Cc3ccccc3)nc(N)c2n1,tensor([6.3900])
Cc1ccc(-c2nc(N)c3nn(-c4ccccc4O)cc3n2)o1,tensor([6.4300])
Nc1nc(-c2ccco2)nc2cn(Cc3ccccc3O)nc12,tensor([6.0400])
CCCCn1c(=O)c2c(nc3n2CCCN3CCc2ccc(OCCN3CCOCC3)cc2)n(CCCC)c1=O,tensor([6.0500])
CCCn1c(=O)c2c(nc3n2CCCN3CCc2ccc(OCCN(CC)CC)cc2)n(CCC)c1=O,tensor([6.2000])
CCCCn1c(=O)c2c(nc3n2CCCN3CCc2ccc(O)cc2)n(CCCC)c1=O,tensor([6.2100])
CCCCn1c(=O)c2c(nc3n2CCCN3CCc2ccc(OCCN(CC)CC)cc2)n(CCCC)c1=O,tensor([6.5100])
COc1ccc(Nc2nc3c(N4CCCC4CO)ncnc3s2)cc1,tensor([6.2300])
OCC1CCCN1c1ncnc2sc(Nc3c(F)cccc3F)nc12,tensor([5.4700])
Clc1ccc(Nc2nc3c(N4CCCCC4)ncnc3s2)cc1,tensor([4.7400])
COc1cc(Nc2nc3c(N4CCCC4CO)ncnc3s2)cc(OC)c1OC,tensor([5.8400])
S=C(NCc1ccccc1)N(Cc1ccccc1)c1nc2c(Cl)ncnc2s1,tensor([5.9900])
Cc1ccc(Nc2nc3c(N4CCCC4CO)ncnc3s2)cc1,tensor([6.0700])
Cc1ccc(Nc2nc3c(N4CCCC4)ncnc3s2)cc1,tensor([6.2500])
Cc1ccc(Nc2nc3c(Cl)ncnc3s2)cc1,tensor([5.3300])
CCN(CC)c1ncnc2sc(Nc3ccc(Cl)cc3)nc12,tensor([5.4100])
COc1cc(Nc2nc3c(N4CCCC4)ncnc3s2)cc(OC)c1OC,tensor([5.8900])
Clc1ccc(Nc2nc3c(Cl)ncnc3s2)cc1,tensor([5.3100])
CN(C)c1ncnc2sc(Nc3ccccc3)nc12,tensor([5.8900])
COc1ccc(Nc2nc3c(Cl)ncnc3s2)cc1,tensor([5.2300])
Brc1cccc(Nc2nc3c(N4CCCC4)ncnc3s2)c1,tensor([5.8900])
Fc1cccc(F)c1Nc1nc2c(N3CCCC3)ncnc2s1,tensor([5.5000])
COc1cc(Nc2nc3c(Cl)ncnc3s2)cc(OC)c1OC,tensor([5.5800])
Fc1cccc(F)c1Nc1nc2c(Cl)ncnc2s1,tensor([4.7600])
OCC1CCCN1c1ncnc2sc(Nc3cccc(Br)c3)nc12,tensor([5.9700])
O=C(Nc1nc2c(Cl)ncnc2s1)c1ccccc1,tensor([5.1300])
CN1CCN(c2ncnc3sc(Nc4ccccc4)nc23)CC1,tensor([5.3700])
c1ccc(Nc2nc3c(N4CCCC4)ncnc3s2)cc1,tensor([5.0600])
OCC1CCCN1c1ncnc2sc(Nc3ccc(Cl)cc3)nc12,tensor([6.0300])
O=[N+]([O-])c1ccc(Nc2nc3c(N4CCCC4)ncnc3s2)cc1,tensor([5.4400])
Clc1ncnc2sc(Nc3cccc(Br)c3)nc12,tensor([5.4100])
OCC1CCCN1c1ncnc2sc(Nc3ccccc3)nc12,tensor([6.0100])
c1ccc(Nc2nc3c(N4CCCCC4)ncnc3s2)cc1,tensor([4.9200])
c1ccc(Nc2nc3c(N4CCOCC4)ncnc3s2)cc1,tensor([5.3500])
O=[N+]([O-])c1ccc(Nc2nc3c(Cl)ncnc3s2)cc1,tensor([5.1000])
Clc1ncnc2sc(Nc3ccccc3)nc12,tensor([5.4300])
COc1cccc(CNc2nc(N)c3nc(-c4ccco4)sc3n2)c1,tensor([7.0400])
CCCCNc1nc(N)c2nc(-c3ccco3)sc2n1,tensor([7.6400])
Nc1nc(NCCc2cccc(O)c2)nc2sc(-c3ccco3)nc12,tensor([7.1200])
Nc1nc(NCc2cccc(O)c2)nc2sc(-c3ccco3)nc12,tensor([7.2600])
Nc1nc(NCCc2ccccc2)nc2sc(-c3ccco3)nc12,tensor([6.6600])
COc1ccc(CCNc2nc(N)c3nc(-c4ccco4)sc3n2)cc1OC,tensor([6.0800])
COc1ccc(CNc2nc(N)c3nc(-c4ccco4)sc3n2)cc1,tensor([6.4200])
Nc1nc(NCCc2ccc(O)c(O)c2)nc2sc(-c3ccco3)nc12,tensor([6.2600])
COc1ccc(CCNc2nc(N)c3nc(-c4ccco4)sc3n2)cc1,tensor([5.5800])
COc1cccc(CCNc2nc(N)c3nc(-c4ccco4)sc3n2)c1,tensor([6.5400])
CCCNc1nc(N)c2nc(-c3ccco3)sc2n1,tensor([7.4600])
Nc1nc(NCc2cccc(F)c2)nc2sc(-c3ccco3)nc12,tensor([7.4600])
Nc1nc(NCCc2ccc(O)cc2)nc2sc(-c3ccco3)nc12,tensor([5.7200])
Nc1nc(Nc2ccccc2)nc2sc(-c3ccco3)nc12,tensor([6.4900])
COc1ccccc1CNc1nc(N)c2nc(-c3ccco3)sc2n1,tensor([7.4400])
Nc1nc(NCCCc2ccccc2)nc2sc(-c3ccco3)nc12,tensor([5.9500])
CCn1nc(-c2nccs2)c2sccc2c1=O,tensor([5.5300])
CCn1nc(-c2ccccc2)c2sccc2c1=O,tensor([5.5900])
Cc1nc2c(N)nc(NCc3ccccc3)nc2s1,tensor([5.7200])
Cc1nc2c(N)nc(Nc3ccccc3)nc2s1,tensor([6.3500])
COc1ccccc1CNc1nc(N)c2nc(-c3ccccc3)sc2n1,tensor([6.1600])
COc1cccc(CNc2nc(N)c3nc(-c4cnccn4)sc3n2)c1,tensor([6.1300])
COc1ccccc1CNc1nc(N)c2nc(-c3cnccn3)sc2n1,tensor([6.1400])
COc1ccccc1CNc1nc(N)c2nc(C)sc2n1,tensor([6.1100])
Cc1nc2c(N)nc(NCc3cccs3)nc2s1,tensor([6.1100])
Nc1nc(NCc2cccs2)nc2sc(-c3cnccn3)nc12,tensor([6.7800])
COc1cccc(CNc2nc(N)c3nc(C)sc3n2)c1,tensor([6.1800])
Nc1nc(NCCc2ccc(O)cc2)nc2sc(-c3ccccc3)nc12,tensor([5.7900])
Nc1nc(NCCc2ccccc2)nc2sc(-c3ccccc3)nc12,tensor([5.6400])
Nc1nc(NCc2ccccc2)nc2sc(-c3ccccc3)nc12,tensor([6.5600])
Cc1nc2c(N)nc(NCCc3ccccc3)nc2s1,tensor([6.2600])
Cc1nc2c(N)nc(NCCc3cccs3)nc2s1,tensor([5.8200])
COc1ccc(CCNc2nc(N)c3nc(-c4ccccc4)sc3n2)cc1,tensor([5.4500])
Nc1nc(NCc2cccs2)nc2sc(-c3ccccc3)nc12,tensor([6.9500])
Cn1c(-c2ccccc2Cl)nc2c(NC3CCCC3)ncnc21,tensor([6.1400])
Cn1c(-c2ccc(Cl)cc2)nc2c(NC3CCCC3)ncnc21,tensor([5.9200])
Cn1c(-c2ccccc2)nc2c(NC3CCOC3)ncnc21,tensor([5.2000])
CCn1c(-c2ccccc2)nc2c(NC3CCCCC3)ncnc21,tensor([6.1500])
CCn1c(-c2ccccc2)nc2c(NC3CCOC3)ncnc21,tensor([5.7800])
CCn1c(-c2ccccc2)nc2c(NC3CCC3)ncnc21,tensor([7.0800])
Cn1c(-c2ccccc2)nc2c(NC3CCCCC3)ncnc21,tensor([5.6200])
CCCn1c(-c2ccccc2)nc2c(NC3CCC3)ncnc21,tensor([6.5800])
Cc1ccccc1-c1nc2c(NC3CCCC3)ncnc2n1C,tensor([5.5200])
Cn1c(-c2ccccc2)nc2c(NC3CCC3)ncnc21,tensor([6.5500])
CCCn1c(-c2ccccc2)nc2c(NC3CCOC3)ncnc21,tensor([5.5500])
Cn1c(-c2ccc(F)cc2)nc2c(NC3CCCC3)ncnc21,tensor([5.9400])
CCCn1c(-c2ccccc2)nc2c(NC3CCCC3)ncnc21,tensor([6.1300])
Cn1c(-c2ccccc2)nc2c(N)ncnc21,tensor([4.8500])
Cn1c(-c2ccccc2)nc2c(NC3CCCC3)ncnc21,tensor([6.0700])
Cn1c(-c2ccc(O)cc2)nc2c(NC3CCCC3)ncnc21,tensor([6.2800])
Cn1c(-c2cccc(Cl)c2)nc2c(NC3CCCC3)ncnc21,tensor([6.2900])
Cc1ccc(-c2nc3c(NC4CCCC4)ncnc3n2C)cc1,tensor([6.3200])
CCCn1c(-c2ccccc2)nc2c(NC3CCCCC3)ncnc21,tensor([5.6300])
COc1ccc(-c2nc3c(NC4CCCC4)ncnc3n2C)cc1,tensor([5.7300])
Cn1c(-c2cccnc2)nc2c(NC3CCCC3)ncnc21,tensor([4.9600])
CCn1c(-c2ccccc2)nc2c(N)ncnc21,tensor([5.2400])
Cn1c(-c2ccc(C(=O)O)cc2)nc2c(NC3CCCC3)ncnc21,tensor([4.5900])
CCCn1c(-c2ccccc2)nc2c(N)ncnc21,tensor([5.0300])
Cc1cccc(-c2nc3c(NC4CCCC4)ncnc3n2C)c1,tensor([6.2900])
COc1ccccc1CNc1nc(N)c2nc(-c3ccc(C)o3)sc2n1,tensor([6.8500])
Nc1nc(NCc2cnccn2)nc2sc(-c3ccco3)nc12,tensor([6.8000])
COc1cccc(CNc2nc(N)c3nc(-c4ccc(C)o4)sc3n2)c1,tensor([6.8000])
Nc1nc(NCc2cccnc2)nc2sc(-c3ccco3)nc12,tensor([7.7400])
Nc1nc(NCc2ccccn2)nc2sc(-c3ccco3)nc12,tensor([7.2300])
Nc1nc(NCc2cccs2)nc2sc(-c3cccs3)nc12,tensor([7.4200])
Nc1nc(NCc2cccs2)nc2sc(-c3ccco3)nc12,tensor([8.1900])
COc1cccc(CNc2nc(N)c3nc(-c4cccs4)sc3n2)c1,tensor([6.3700])
Nc1nc(NCc2ccco2)nc2sc(-c3ccco3)nc12,tensor([8.3300])
Nc1nc(NCc2ccncc2)nc2sc(-c3ccco3)nc12,tensor([6.0800])
COc1ccccc1CNc1nc(N)c2nc(-c3cccs3)sc2n1,tensor([6.5600])
Nc1nc(NCCc2cccnc2)nc2sc(-c3ccco3)nc12,tensor([6.7600])
Nc1nc(NCCc2ccco2)nc2sc(-c3ccco3)nc12,tensor([7.6400])
Nc1nc(NCCc2cccs2)nc2sc(-c3ccco3)nc12,tensor([7.1900])
Cc1ccc(-c2nc3c(N)nc(NCc4cccs4)nc3s2)o1,tensor([7.8200])
Nc1nc(NCc2ccsc2)nc2sc(-c3ccco3)nc12,tensor([8.5000])
CCCn1c(=O)[nH]c2nc(-c3ccc(OCC(=O)NCCCc4ccccc4)cc3)[nH]c2c1=O,tensor([5.5200])
CCCn1c(=O)[nH]c2nc(-c3ccc(OCC(=O)NCCCCc4ccccc4)cc3)[nH]c2c1=O,tensor([5.8500])
CCCn1c(=O)[nH]c2nc(-c3ccc(OCC(=O)NCc4ccccc4)cc3)[nH]c2c1=O,tensor([6.5800])
CCCn1c(=O)[nH]c2nc(-c3ccc(OCC(=O)NCCCC4=C5C(C)=CC(C)=[N+]5[B-](F)(F)n5c(C)cc(C)c54)cc3)[nH]c2c1=O,tensor([6.0400])
CCCn1c(=O)[nH]c2nc(-c3ccc(OCC(=O)NCCCCCC4=C5C(C)=CC(C)=[N+]5[B-](F)(F)n5c(C)cc(C)c54)cc3)[nH]c2c1=O,tensor([5.3400])
CCCn1c(=O)[nH]c2nc(-c3ccc(OCC(=O)NCCCCC4=C5C(C)=CC(C)=[N+]5[B-](F)(F)n5c(C)cc(C)c54)cc3)[nH]c2c1=O,tensor([6.1400])
N#Cc1c(N)nc(SCc2ncc[nH]2)c(C#N)c1-c1ccc(OCC2CC2)cc1,tensor([6.3200])
CCOc1ccc(-c2c(C#N)c(N)nc(SCC(=O)NC)c2C#N)cc1,tensor([6.0800])
CC(=O)Nc1ccc(-c2c(C#N)c(N)nc(SCC(N)=O)c2C#N)cc1,tensor([6.1300])
CCOc1ccc(-c2c(C#N)c(N)nc(SCc3ncc[nH]3)c2C#N)cc1,tensor([7.0700])
C=CCOc1ccc(-c2c(C#N)c(N)nc(SCC(N)=O)c2C#N)cc1,tensor([6.3500])
COc1ccc(-n2c(C(=O)c3sc(Nc4ccccc4)nc3C)cnc2N)cc1,tensor([6.2400])
Cc1nc(Nc2ccccc2)sc1C(=O)c1cnc(N)n1-c1ccc(F)cc1,tensor([6.7200])
Cc1ccc(-n2c(C(=O)c3sc(N4CCOCC4)nc3-c3ccccc3)cnc2N)cc1,tensor([4.7500])
CN(C)c1nc(NC(=O)c2ccccc2)sc1C(=O)c1cnc(N)n1-c1ccc(Cl)cc1,tensor([5.3700])
COc1ccc(-n2c(C(=O)c3sc(N4CCOCC4)nc3-c3ccccc3)cnc2N)cc1,tensor([4.8900])
Cc1ccc(Nc2nc(C)c(C(=O)c3cnc(N)n3-c3ccc(F)cc3)s2)cc1,tensor([6.3100])
Nc1ncc(C(=O)c2sc(Nc3ccccc3)nc2-c2ccccc2)n1-c1ccc(F)cc1,tensor([6.5200])
COc1ccc(-n2c(C(=O)c3sc(Nc4ccc(Cl)cc4)nc3C)cnc2N)cc1,tensor([5.8000])
Cc1nc(Nc2ccc(Cl)cc2)sc1C(=O)c1cnc(N)n1-c1ccc(F)cc1,tensor([6.0600])
CN(C)c1nc(NC(=O)c2ccccc2)sc1C(=O)c1cnc(N)n1-c1ccc(C(F)(F)F)cc1,tensor([5.3100])
Cc1nc(Nc2ccccc2)sc1C(=O)c1cnc(N)n1-c1ccc(Cl)cc1,tensor([6.1000])
CCCn1c(=O)c2c(nc3n2CCCN3CCc2ccc(OCC(=O)NCc3cccc(Cl)c3)cc2)n(CCC)c1=O,tensor([6.2400])
CCCCn1c(=O)c2c(nc3n2CCCN3CCc2ccc(OCC(=O)NCCCN(CC)CC)cc2)n(CCCC)c1=O,tensor([6.6100])
CCCCn1c(=O)c2c(nc3n2CCCN3CCc2ccc(OCC(=O)NCCCNC3CCCCC3)cc2)n(CCCC)c1=O,tensor([6.4500])
CCCCn1c(=O)c2c(nc3n2CCCN3CCc2ccc(OCC(=O)NCCCn3ccnc3)cc2)n(CCCC)c1=O,tensor([6.0600])
CCCn1c(=O)c2c(nc3n2CCCN3CCc2ccc(OCC(=O)NCCCn3ccnc3)cc2)n(CCC)c1=O,tensor([6.])
CCCCn1c(=O)c2c(nc3n2CCCN3CCc2ccc(OCC(=O)NCc3ccccc3)cc2)n(CCCC)c1=O,tensor([6.2200])
CCCn1c(=O)c2c(nc3n2CCCN3CCc2ccc(OCC(=O)NCCCNC3CCCCC3)cc2)n(CCC)c1=O,tensor([6.3400])
CCCn1c(=O)c2c(nc3n2CCCN3CCc2ccc(OCC(=O)NCCN(CC)CC)cc2)n(CCC)c1=O,tensor([6.2900])
CCCCn1c(=O)c2c(nc3n2CCCN3CCc2ccc(OCC(=O)NCCN3CCCC3)cc2)n(CCCC)c1=O,tensor([6.6900])
CCCn1c(=O)c2c(nc3n2CCCN3CCc2ccc(OCC(=O)NCc3ccc(Cl)cc3)cc2)n(CCC)c1=O,tensor([5.9600])
CCCCn1c(=O)c2c(nc3n2CCCN3CCc2ccc(OCC(=O)NCCN(CC)CC)cc2)n(CCCC)c1=O,tensor([6.8100])
CCCn1c(=O)c2c(nc3n2CCCN3CCc2ccc(OCC(=O)NCCN3CCCC3)cc2)n(CCC)c1=O,tensor([6.2900])
CCCSc1nc(NC(C)=O)cc(OC(C)c2ccccc2)n1,tensor([9.3000])
CCC(C)Oc1cc(NC(C)=O)nc(SCc2ccccc2)n1,tensor([6.7400])
CCCOc1cc(NC(C)=O)nc(SC(C)c2ccccc2)n1,tensor([6.3600])
CNc1ncc(C(=O)OCc2ccc(C)cc2)c2nc(-c3ccco3)nn12,tensor([8.4300])
CCOC(=O)c1cnc(OCC)n2nc(-c3ccco3)nc12,tensor([6.9700])
CNc1ncc(C(=O)NCc2ccccc2)c2nc(-c3ccco3)nn12,tensor([8.4300])
CNc1ncc(C(=O)OC(c2ccccc2)c2ccccc2)c2nc(-c3ccco3)nn12,tensor([8.7000])
CNc1ncc(C(=O)NCCc2ccc(OC)c(OC)c2)c2nc(-c3ccco3)nn12,tensor([6.9700])
CNc1ncc(C(=O)OCc2cccc(Cl)c2)c2nc(-c3ccco3)nn12,tensor([8.1700])
CNc1ncc(C(=O)NCc2ccc(OC)c(OC)c2)c2nc(-c3ccco3)nn12,tensor([6.9900])
CNc1ncc(C(=O)NNc2ccccc2)c2nc(-c3ccco3)nn12,tensor([7.8200])
CNc1ncc(C(=O)OCc2ccccc2Cl)c2nc(-c3ccco3)nn12,tensor([8.2200])
CCOC(=O)c1cnc(NNc2ccccc2)n2nc(-c3ccco3)nc12,tensor([6.4700])
CCOC(=O)c1cnc(NNC(=O)OC(C)(C)C)n2nc(-c3ccco3)nc12,tensor([7.0500])
CNc1ncc(C(=O)NCc2ccc(C(F)(F)F)cc2)c2nc(-c3ccco3)nn12,tensor([7.8200])
CNc1ncc(C(=O)OCc2cccc(OC)c2)c2nc(-c3ccco3)nn12,tensor([8.1300])
COc1ccc(CNc2ncc(C(=O)NC(c3ccccc3)c3ccccc3)c3nc(-c4ccco4)nn23)cc1OC,tensor([7.1600])
CNc1ncc(C(=O)NCCc2ccccc2)c2nc(-c3ccco3)nn12,tensor([8.1700])
CNc1ncc(C(=O)NCc2ccc(F)cc2)c2nc(-c3ccco3)nn12,tensor([8.1400])
CNc1ncc(C(=O)NCCOc2ccccc2)c2nc(-c3ccco3)nn12,tensor([7.7900])
CNc1ncc(C(=O)OCc2ccccc2)c2nc(-c3ccco3)nn12,tensor([8.1400])
CNc1ncc(C(=O)OCc2ccc(Cl)cc2)c2nc(-c3ccco3)nn12,tensor([8.3100])
CNc1ncc(C(=O)OC(C)c2ccccc2)c2nc(-c3ccco3)nn12,tensor([8.5000])
CNc1ncc(C(=O)OC(C)C)c2nc(-c3ccco3)nn12,tensor([8.5600])
CNc1ncc(C(=O)OCc2ccccc2Br)c2nc(-c3ccco3)nn12,tensor([7.8400])
CNc1ncc(C(=O)OCc2ccc(OC)cc2)c2nc(-c3ccco3)nn12,tensor([8.2500])
CNc1ncc(C(=O)OCc2ccccc2OC)c2nc(-c3ccco3)nn12,tensor([8.7700])
CNc1ncc(C(=O)OCc2ccc(F)cc2)c2nc(-c3ccco3)nn12,tensor([8.2800])
CCOC(=O)c1cnc(NN)n2nc(-c3ccco3)nc12,tensor([6.8000])
CNc1ncc(C(=O)NC(c2ccccc2)c2ccccc2)c2nc(-c3ccco3)nn12,tensor([8.2900])
CNc1ncc(C(=O)NCc2ccc(Cl)cc2)c2nc(-c3ccco3)nn12,tensor([8.])
CNc1ncc(C(=O)NCc2ccc(C)cc2)c2nc(-c3ccco3)nn12,tensor([8.3000])
CCOC(=O)c1cnc(NCCNC(=O)OC(C)(C)C)n2nc(-c3ccco3)nc12,tensor([6.8900])
CNc1ncc(C(=O)NCc2ccc(-c3ccccc3)cc2)c2nc(-c3ccco3)nn12,tensor([6.2800])
CNc1ncc(C(=O)OCc2ccccc2C)c2nc(-c3ccco3)nn12,tensor([7.5100])
CNc1ncc(C(=O)OCc2cccc(C)c2)c2nc(-c3ccco3)nn12,tensor([7.9700])
CCOC(=O)c1cnc(N2CCNCC2)n2nc(-c3ccco3)nc12,tensor([4.5400])
CNc1ncc(C(=O)NCc2ccc(OC)cc2)c2nc(-c3ccco3)nn12,tensor([7.9000])
CCc1ccc(COC(=O)c2cnc(NC)n3nc(-c4ccco4)nc23)cc1,tensor([8.9200])
CC(C)(C)OC(=O)NCCNc1ncc(C(=O)O)c2nc(-c3ccco3)nn12,tensor([5.1100])
CNc1ncc(C(=O)NC(C)(C)Cc2ccccc2)c2nc(-c3ccco3)nn12,tensor([8.1900])
CCOC(=O)c1cnc(NCCN)n2nc(-c3ccco3)nc12,tensor([5.7000])
CNc1ncc(C(=O)OCc2cccc(F)c2)c2nc(-c3ccco3)nn12,tensor([8.4700])
CCOC(=O)CNC(=O)c1cnc(NCC(=O)OCC)n2nc(-c3ccco3)nc12,tensor([6.1900])
COc1cc(O)ccc1-c1cn2c(=O)n(-c3ccccc3)nc2c(N)n1,tensor([4.9500])
Nc1nc(-c2cc(O)c(O)c(O)c2)cn2c(=O)n(-c3ccccc3)nc12,tensor([5.2500])
Nc1nc(-c2ccc3c(c2)OCO3)cn2c(=O)n(-c3ccccc3)nc12,tensor([7.4200])
NC(=O)COc1ccc(-c2cn3c(=O)n(-c4ccccc4)nc3c(N)n2)cc1,tensor([6.2200])
NCCC(=O)Nc1ccc(-c2cn3c(=O)n(-c4ccccc4)nc3c(N)n2)cc1,tensor([6.2900])
COc1c(C)cc(-c2cn3c(=O)n(-c4ccccc4)nc3c(N)n2)cc1C,tensor([8.0700])
COc1cc(-c2cn3c(=O)n(-c4ccccc4)nc3c(N)n2)cc(OC)c1OC,tensor([6.6700])
COc1ccc(-c2cn3c(=O)n(-c4ccccc4)nc3c(N)n2)cc1OC,tensor([7.1000])
Nc1nc(-c2ccc(O)c(O)c2)cn2c(=O)n(-c3ccccc3)nc12,tensor([6.0200])
Nc1nc(-c2ccc(OCCNC(=O)CCCCC3CCSS3)cc2)cn2c(=O)n(-c3ccccc3)nc12,tensor([5.3900])
Cc1cc(-c2cn3c(=O)n(-c4ccccc4)nc3c(N)n2)cc(C)c1O,tensor([7.])
NCCOc1ccc(-c2cn3c(=O)n(-c4ccccc4)nc3c(N)n2)cc1,tensor([5.6700])
COc1ccc(-c2cn3c(=O)n(-c4ccccc4)nc3c(N)n2)c(OC)c1,tensor([6.9300])
Nc1ccc(-c2cn3c(=O)n(-c4ccccc4)nc3c(N)n2)cc1,tensor([6.6000])
Cc1ccc(-c2nc(N)c3nc(-c4ccco4)sc3n2)o1,tensor([7.8600])
Cc1nc(NC(=O)c2ccccc2)c2nc(-c3ccccc3)sc2n1,tensor([6.1600])
Nc1nc(-c2ccco2)nc2sc(-c3ccccc3)nc12,tensor([8.5500])
Nc1nc(-c2cccc(O)c2)nc2sc(-c3ccco3)nc12,tensor([7.8000])
Nc1nc(-c2ccc(CO)cc2)nc2sc(-c3ccccc3)nc12,tensor([8.0900])
Nc1nc(-c2cccc(O)c2)nc2sc(-c3ccccc3)nc12,tensor([6.7200])
COc1cccc(-c2nc(N)c3nc(-c4ccccc4)sc3n2)c1,tensor([7.4500])
Nc1nc(-c2cccc(CO)c2)nc2sc(-c3ccco3)nc12,tensor([9.0500])
O=C(Nc1nc(-c2ccccc2)nc2sc(-c3ccccc3)nc12)c1ccccc1,tensor([5.9200])
COc1ccc(-c2nc(N)c3nc(-c4ccccc4)sc3n2)cc1,tensor([7.3300])
O=C(Nc1nc(-c2ccccc2)nc2sc(-c3ccco3)nc12)c1ccco1,tensor([8.4000])
Nc1nc(-c2ccc(CO)cc2)nc2sc(-c3ccco3)nc12,tensor([8.4500])
COc1cccc(-c2nc(N)c3nc(-c4ccco4)sc3n2)c1,tensor([8.3100])
O=C(Nc1nc(-c2ccccc2)nc2sc(-c3ccccc3)nc12)c1ccco1,tensor([7.3200])
Nc1nc(-c2ccccc2)nc2sc(-c3ccco3)nc12,tensor([7.8200])
Nc1nc(-c2cccc(CO)c2)nc2sc(-c3ccccc3)nc12,tensor([8.4300])
COc1ccc(-c2nc(N)c3nc(-c4ccco4)sc3n2)cc1,tensor([8.3300])
Cc1ccc(-c2nc(N)c3nc(-c4ccccc4)sc3n2)o1,tensor([7.6000])
Nc1nc(-c2ccco2)nc2sc(-c3ccco3)nc12,tensor([7.])
N#Cc1cccc(-c2nc(N)c3nc(-c4ccco4)sc3n2)c1,tensor([7.2100])
COc1ccc(C(=O)Nc2nc(C)nc3sc(-c4ccccc4)nc23)cc1,tensor([7.0400])
O=C(Nc1nc(-c2ccccc2)nc2sc(-c3ccco3)nc12)c1ccccc1,tensor([7.5000])
Cc1nc(N)c2nc(-c3ccccc3)sc2n1,tensor([5.5800])
N#Cc1cccc(-c2nc(N)c3nc(-c4ccccc4)sc3n2)c1,tensor([6.6100])
Nc1nc(-c2ccccc2)nc2sc(-c3ccccc3)nc12,tensor([7.0800])
CC(=O)Nc1nc2sc(C)c(C)c2c(=O)[nH]1,tensor([6.2800])
CC(=O)Nc1nc2sc3c(c2c(=O)[nH]1)CCC3,tensor([5.8700])
Cc1sc2nc(NC(=O)c3ccccc3)[nH]c(=O)c2c1C,tensor([6.9100])
CCCn1c(=O)[nH]c2nc(-c3ccc(S(=O)(=O)N(C)C)cc3)[nH]c2c1=O,tensor([5.9100])
CCCn1c(=O)[nH]c2nc(-c3ccc(S(=O)(=O)N4CCN(c5cccc(Cl)c5)CC4)cc3)[nH]c2c1=O,tensor([7.2700])
CCCNc1nc(C#Cc2ccc(Cl)s2)nc2[nH]cnc12,tensor([7.7900])
CC12CC1C(n1cnc3c(NCCc4ccccc4)nc(C#Cc4ccccc4)nc31)C(O)C2O,tensor([7.7000])
Clc1ccc(C#Cc2nc(NC3CC4CCC3C4)c3nc[nH]c3n2)s1,tensor([7.6900])
Cn1cnc2c(NCCc3ccccc3)nc(C#Cc3ccc(Cl)s3)nc21,tensor([6.9400])
Fc1ccc(C#Cc2nc(NCc3cccc(Cl)c3)c3nc[nH]c3n2)cc1F,tensor([6.9200])
Clc1ccc(C#Cc2nc(NCCc3ccccc3)c3nc[nH]c3n2)s1,tensor([7.8900])
CC#Cc1nc(NC(C2CC2)C2CC2)c2nc[nH]c2n1,tensor([7.3700])
OC1CCCC1Nc1nc(C#Cc2ccc(Cl)s2)nc2[nH]cnc12,tensor([7.9300])
OCC1OC(n2cnc3c(NCCc4ccccc4)ncnc32)C(O)C1O,tensor([8.6800])
COc1cc(CCNc2nc(C#Cc3ccc(Cl)s3)nc3[nH]cnc23)ccc1O,tensor([5.1700])
CCNc1nc(C#Cc2ccc(Cl)s2)nc2[nH]cnc12,tensor([7.4800])
Clc1cccc(CNc2nc(C#Cc3ccc(Cl)s3)nc3[nH]cnc23)c1,tensor([6.8900])
Clc1ccc(C#Cc2nc(NC3CCOC3)c3nc[nH]c3n2)s1,tensor([7.5000])
CNc1nc(C#Cc2ccc(Cl)s2)nc2[nH]cnc12,tensor([7.1000])
Clc1ccc(C#Cc2nc(NC(C3CC3)C3CC3)c3nc[nH]c3n2)s1,tensor([7.4300])
OC1C(O)C(n2cnc3c(NC(C4CCC4)C4CCC4)nc(Cl)nc32)C2CC12,tensor([6.0800])
Nc1nc(Cl)nc2c1ncn2C1C(O)C(O)C2(CCl)CC12,tensor([6.6000])
O=C(NCCO)C12CC1C(n1cnc3c(NC4CC5CCC4C5)nc(Cl)nc31)C(O)C2O,tensor([6.9000])
OC1C(CCl)OC(n2cnc3c(NC(C4CCC4)C4CCC4)ncnc32)C1O,tensor([4.7800])
OCC12CC1C(n1cnc3c(NC4CC5CCC4C5)nc(Cl)nc31)C(O)C2O,tensor([6.5400])
CCOC(=O)C12CC1C(n1cnc3c(NC(C4CC4)C4CC4)nc(Cl)nc31)C(O)C2O,tensor([6.6300])
OCC12CC1C(n1cnc3c(NC4CC5CCC4C5)nc(Cl)cc31)C(O)C2O,tensor([6.8400])
CNC(=O)C12CC1C(n1cnc3c(NC(C4CC4)C4CC4)nc(Cl)nc31)C(O)C2O,tensor([7.4700])
OCC1OC(n2cnc3c(NC(C4CCC4)C4CCC4)nc(Cl)nc32)C(O)C1O,tensor([4.8800])
OC1C(n2cnc3c(NC(C4CCC4)C4CCC4)nc(Cl)nc32)C2CC2(CCl)C1O,tensor([5.4200])
CCSCC1OC(n2cnc3c(NC(C4CCC4)C4CCC4)ncnc32)C(O)C1O,tensor([5.2100])
OC1C(n2cnc3c(NC(C4CCC4)C4CCC4)nc(Cl)nc32)C2CC2(CSc2ccccc2F)C1O,tensor([5.0100])
CNC(=O)C1OC(n2cnc3c(N)ncnc32)C(O)C1O,tensor([7.6100])
O=C(NC1CC1)C12CC1C(n1cnc3c(NC4CC5CCC4C5)nc(Cl)nc31)C(O)C2O,tensor([7.2300])
OC1C(n2cnc3c(NC4CC5CCC4C5)nc(Cl)nc32)C2CC2(CCl)C1O,tensor([6.3400])
CCOC(=O)C12CC1C(n1cnc3c(NC(C4CCC4)C4CCC4)nc(Cl)nc31)C(O)C2O,tensor([5.9400])
OCC1OC(n2cnc3c(NC(C4CCC4)C4CCC4)ncnc32)C(O)C1O,tensor([4.9700])
Cn1cc2c(nc(NCCNC(=O)OC(C)(C)C)n3nc(-c4ccco4)nc23)n1,tensor([6.2600])
Cn1cc2c(nc(NCCCN)n3nc(-c4ccco4)nc23)n1,tensor([5.4200])
Cn1cc2c(nc(NCCCCNC(=O)OC(C)(C)C)n3nc(-c4ccco4)nc23)n1,tensor([7.0700])
Cn1cc2c(nc(NCCCNC(=O)OC(C)(C)C)n3nc(-c4ccco4)nc23)n1,tensor([7.4900])
Cn1cc2c(nc(NNC(=O)OC(C)(C)C)n3nc(-c4ccco4)nc23)n1,tensor([6.7600])
Cn1cc2c(nc(NN)n3nc(-c4ccco4)nc23)n1,tensor([6.7600])
Cn1cc2c(nc(NCC3CCC(CNC(=O)OC(C)(C)C)CC3)n3nc(-c4ccco4)nc23)n1,tensor([6.0700])
Cn1cc2c(nc(NCCCCN)n3nc(-c4ccco4)nc23)n1,tensor([5.3800])
Cn1cc2c(nc(NCCOCCOCCNC(=O)OC(C)(C)C)n3nc(-c4ccco4)nc23)n1,tensor([6.2300])
Cn1cc2c(nc(N3CCNCC3)n3nc(-c4ccco4)nc23)n1,tensor([5.0600])
Cn1cc2c(nc(NCCCOCCOCCOCCCN)n3nc(-c4ccco4)nc23)n1,tensor([6.5100])
Cn1cc2c(nc(N3CCN(C(=O)OC(C)(C)C)CC3)n3nc(-c4ccco4)nc23)n1,tensor([6.1300])
Cn1cc2c(nc(NCCCOCCOCCOCCCNC(=O)OC(C)(C)C)n3nc(-c4ccco4)nc23)n1,tensor([6.5800])
Cn1cc2c(nc(NCCCCCNC(=O)OC(C)(C)C)n3nc(-c4ccco4)nc23)n1,tensor([6.8900])
Cn1cc2c(nc(NCCCCCN)n3nc(-c4ccco4)nc23)n1,tensor([5.6500])
Cn1cc2c(nc(NCC3CCC(CN)CC3)n3nc(-c4ccco4)nc23)n1,tensor([5.5400])
Cn1cc2c(nc(NCCOCCOCCN)n3nc(-c4ccco4)nc23)n1,tensor([5.5800])
Cn1cc2c(nc(NCCN)n3nc(-c4ccco4)nc23)n1,tensor([5.6200])
CC(=O)COc1cccc2cc(-c3ccccc3)c(=O)oc12,tensor([5.1500])
CCOc1cccc2cc(-c3ccc(OC)c(OC)c3)c(=O)oc12,tensor([4.8600])
COc1ccc(-c2cc3cccc(C)c3oc2=O)cc1OC,tensor([4.8700])
COc1cccc2cc(-c3ccc([N+](=O)[O-])cc3)c(=O)oc12,tensor([5.1000])
Cc1cccc2cc(-c3cc(O)c(O)c(O)c3)c(=O)oc12,tensor([4.8400])
Cc1ccc(-c2cc3cccc(C)c3oc2=O)cc1,tensor([4.7800])
CCOc1cccc2cc(-c3ccc(OC)cc3OC)c(=O)oc12,tensor([4.7800])
O=c1oc2c(O)c(O)ccc2cc1-c1ccc(O)c(O)c1,tensor([5.0700])
CC(=O)Oc1ccc(-c2cc3ccc(OC(C)=O)c(OC(C)=O)c3oc2=O)cc1,tensor([5.2100])
Cc1cccc2cc(-c3ccccc3)c(=O)oc12,tensor([4.7700])
O=c1oc2c(O)c(O)ccc2cc1-c1ccc(O)cc1,tensor([5.0400])
CC(=O)Oc1ccc(-c2cc3ccc(OC(C)=O)c(OC(C)=O)c3oc2=O)cc1OC(C)=O,tensor([4.6300])
COc1cc(-c2cc3cccc(C)c3oc2=O)cc(OC)c1OC,tensor([5.0100])
CC(=O)Oc1ccc(-c2cc3cccc(OC(C)=O)c3oc2=O)cc1OC(C)=O,tensor([4.6600])
O=c1oc2c(O)c(O)ccc2cc1-c1ccccc1,tensor([5.4200])
CCOc1cccc2cc(-c3ccc(C)cc3)c(=O)oc12,tensor([5.4100])
O=c1oc2c(O)cccc2cc1-c1ccc(O)c(O)c1,tensor([4.6300])
COc1ccc(-c2cc3cccc(OC)c3oc2=O)cc1,tensor([5.3000])
CCOc1cccc2cc(-c3ccc(OC)cc3)c(=O)oc12,tensor([5.2700])
CC(=O)Oc1ccc2cc(-c3ccccc3)c(=O)oc2c1OC(C)=O,tensor([5.2900])
CCOc1cccc2cc(-c3ccccc3)c(=O)oc12,tensor([4.6500])
O=c1oc2c(O)cccc2cc1-c1ccc(Br)cc1,tensor([6.5900])
CCOc1cccc2cc(-c3cc(OC)c(OC)c(OC)c3)c(=O)oc12,tensor([5.0400])
O=c1oc2c(O)cccc2cc1-c1ccccc1,tensor([5.2900])
CNC(=O)OC(CC(C)C)c1nc(C2OC(=O)CC=CC(C)=CC(O)C(C)C=C(C)C=C(C)C=CC(O)C(C)C(OC)C(C)=CC=CC2C)cs1,tensor([6.0700])
CNC(=O)OC(CC(C)C)c1nc(C(O)C(C)C=CC=C(C)C(OC)C(C)C(O)C=CC(C)=CC(C)=CC(C)C(O)C=C(C)C=CCC(=O)OC)cs1,tensor([5.7900])
COC1=CC(C)=CC(C)C(O)C(C)CC(C)=CC=CC(OC)C(C(C)C(O)C(C)C2(O)CC(O)C(C)C(C(C)C)O2)OC1=O,tensor([5.9700])
COC1C(C)=CC=CCCOC(=O)CC=CC(C)=CC(O)C(C)C=C(C)C=C(C)C=CC(O)C1C,tensor([6.2100])
CNC(=O)OC(CC(C)C)c1nc(C2OC(=O)C=CCC(C)=CC(O)C(C)C=C(C)C=C(C)C=CC(O)C(C)C(OC)C(C)=CC=CC2C)cs1,tensor([5.9300])
CNC(=O)OC(CC(C)C)c1nc(C2OC(=O)C(C)C=CC(C)=CC(O)C(C)C=C(C)C=C(C)C=CC(O)C(C)C(OC)C(C)=CC=CC2C)cs1,tensor([5.9400])
CNC(=O)OC(CC(C)C)c1nc(C2OC(=O)CC=CC(C)=CC(O)C(C)C=C(C)C=C(C)C=CC(O)C(C)C(O)C(C)=CC=CC2C)cs1,tensor([5.8600])
CNC(=O)OC(CC(C)C)c1nc(C2OC(=O)C(C)=CCC(C)=CC(O)C(C)C=C(C)C=C(C)C=CC(O)C(C)C(OC)C(C)=CC=CC2C)cs1,tensor([6.0100])
CCCn1c(=O)c2c(nc3cc(OC)ccn32)n(CCCCOC(=O)c2cccc(S(=O)(=O)F)c2)c1=O,tensor([7.1000])
CCCn1c(=O)c2c(nc3cc(OC)ccn32)n(CCCOC(=O)c2cccc(S(=O)(=O)F)c2)c1=O,tensor([7.])
CCCn1c(=O)c2c(nc3cc(OC)ccn32)n(CCCNC(=O)c2ccc(S(=O)(=O)F)cc2)c1=O,tensor([8.])
CCCn1c(=O)c2c(nc3cc(OC)ccn32)n(CCCCNC(=O)c2cccc(S(=O)(=O)F)c2)c1=O,tensor([6.8000])
CCCn1c(=O)c2c(nc3cc(OC)ccn32)n(CCCNC(=O)c2ccc(S(C)(=O)=O)cc2)c1=O,tensor([6.3000])
CCCn1c(=O)c2c(nc3cc(OC)ccn32)n(CCCNC(=O)c2cccc(S(=O)(=O)F)c2)c1=O,tensor([7.5000])
CCCn1c(=O)c2c(nc3cc(OC)ccn32)n(CCCCNC(=O)c2ccc(S(=O)(=O)F)cc2)c1=O,tensor([7.5000])
CCCn1c(=O)c2c(nc3cc(OC)ccn32)n(CCCCOC(=O)c2ccc(S(=O)(=O)F)cc2)c1=O,tensor([7.5000])
CCCn1c(=O)c2c(nc3cc(OC)ccn32)n(CCOC(=O)c2ccc(S(=O)(=O)F)cc2)c1=O,tensor([6.7000])
CCCn1c(=O)c2c(nc3cc(OC)ccn32)n(CCOC(=O)c2cccc(S(=O)(=O)F)c2)c1=O,tensor([6.4000])
N#Cc1c(N)nc(SCCO)c(C#N)c1-c1cccs1,tensor([6.2600])
N#Cc1c(N)nc(SCc2cccc(C(N)=O)c2)c(C#N)c1-c1ccco1,tensor([6.4900])
N#Cc1c(N)nc(SCc2cccc(C(=O)O)c2)c(C#N)c1-c1ccco1,tensor([6.2100])
N#CCSc1nc(N)c(C#N)c(-c2ccco2)c1C#N,tensor([6.2400])
N#Cc1c(N)nc(SCc2cccnc2)c(C#N)c1-c1ccco1,tensor([6.0200])
N#Cc1c(N)nc(SCc2ccccn2)c(C#N)c1-c1ccco1,tensor([6.8700])
CC(=O)Nc1nc(SCCO)c(C#N)c(-c2ccco2)c1C#N,tensor([6.6800])
N#Cc1cccc(CSc2nc(N)c(C#N)c(-c3ccco3)c2C#N)c1,tensor([6.1700])
N#Cc1c(N)nc(SCc2ccncc2)c(C#N)c1-c1ccco1,tensor([6.1700])
N#Cc1c(NC2CCCC2)nc(SCCO)c(C#N)c1-c1ccco1,tensor([6.1100])
Cn1c(=O)c2c(nc3n2CCN(CCc2ccc(Cl)cc2Cl)C3)n(C)c1=O,tensor([4.5100])
Cn1c(=O)c2c(nc3n2CCN(CCc2ccc(Cl)c(Cl)c2)C3)n(C)c1=O,tensor([4.8200])
Cn1c(=O)c2c(nc3n2CCN(Cc2nocc2-c2ccccc2)C3)n(C)c1=O,tensor([5.0600])
Cn1c(=O)c2c(nc3n2CCN(Cc2csc(-c4ccc(C(F)(F)F)cc4)n2)C3)n(C)c1=O,tensor([5.1300])
Cn1c(=O)c2c(nc3n2CCN(C2CCCc4ccccc42)C3)n(C)c1=O,tensor([4.8500])
Nc1nc(NCCc2ccc(S(N)(=O)=O)cc2)nc2sc(-c3ccco3)nc12,tensor([5.7300])
Nc1nc(NCc2ccc(S(N)(=O)=O)cc2)nc2sc(-c3ccco3)nc12,tensor([5.4600])
CCOC(=O)c1ccc(N2CCN(c3nc(N)c4nc(-c5ccco5)sc4n3)CC2)cc1,tensor([5.5700])
Nc1nc(N2CCN(c3ccc(S(N)(=O)=O)cc3)CC2)nc2sc(-c3ccco3)nc12,tensor([6.2400])
Nc1nc(-c2ccc(NC(=O)CCN3CCN(CCO)CC3)cc2)cn2c(=O)n(-c3ccccc3)nc12,tensor([5.6100])
NCC1CCN(CCC(=O)Nc2ccc(-c3cn4c(=O)n(-c5ccccc5)nc4c(N)n3)cc2)CC1,tensor([5.7600])
Nc1nc(-c2ccc(NC(=O)CCN3CCCC3)cc2)cn2c(=O)n(-c3ccccc3)nc12,tensor([5.9900])
Nc1nc(-c2ccc(NC(=O)CCN3CCN(c4ccccc4)CC3)cc2)cn2c(=O)n(-c3ccccc3)nc12,tensor([5.4700])
Nc1nc(-c2ccc(NC(=O)CCN3CCOCC3)cc2)cn2c(=O)n(-c3ccccc3)nc12,tensor([5.9900])
Nc1nc(-c2ccc(OCC(O)CN3CCCCC3)cc2)cn2c(=O)n(-c3ccccc3)nc12,tensor([6.3000])
Nc1nc(-c2ccc(OCC(O)CN3CCOCC3)cc2)cn2c(=O)n(-c3ccccc3)nc12,tensor([6.1100])
CN1CCN(CCC(=O)Nc2ccc(-c3cn4c(=O)n(-c5ccccc5)nc4c(N)n3)cc2)CC1,tensor([5.5100])
Nc1nc(-c2ccc(OCC(O)CO)cc2)cn2c(=O)n(-c3ccccc3)nc12,tensor([5.7500])
Nc1nc(-c2ccc(NC(=O)CCN3CCCCC3)cc2)cn2c(=O)n(-c3ccccc3)nc12,tensor([5.9300])
Cc1cccnc1CNC(=O)c1cnc(-c2ccco2)nc1N,tensor([6.0400])
Cc1cccnc1CNC(=O)c1c(N)nc(-c2ccco2)nc1OCCF,tensor([7.2100])
Cc1cccnc1CNC(=O)c1c(N)nc(-c2ccco2)nc1OCC(C)O,tensor([7.9600])
CCNc1cc(C#Cc2ccc(F)s2)nc2c1ncn2C1C(O)C(O)C2(C(=O)NC)CC12,tensor([8.5600])
CNC(=O)C1OC(n2cnc3c(NC)nc(C#Cc4ccc(F)s4)nc32)C(O)C1O,tensor([8.6400])
CCCNc1nc(C#Cc2ccc(F)s2)nc2c1ncn2C1C(O)C(O)C2(C(=O)NC)CC12,tensor([8.9500])
CNC(=O)C12CC1C(n1cnc3c(NC)nc(C#Cc4ccc(F)s4)nc31)C(O)C2O,tensor([9.5500])
CNC(=O)C12CC1C(n1cnc3c(NC)cc(C#Cc4ccc(F)s4)nc31)C(O)C2O,tensor([9.0500])
CNC(=O)C1OC(n2cnc3c(NC)cc(C#Cc4ccc(F)s4)nc32)C(O)C1O,tensor([7.5800])
CCCNc1nc(C#Cc2ccc(F)s2)nc2c1ncn2C1OC(C(=O)NC)C(O)C1O,tensor([8.0700])
CCOC(=O)C12CC1C(n1cnc3c(NC)nc(C#Cc4ccc(F)s4)nc31)C(O)C2O,tensor([7.9800])
Nc1nc(-c2ccccc2)c2c(n1)-c1cc(OCCCN3CCCC3)ccc1C2=O,tensor([6.7000])
Nc1nc(-c2ccccc2)c2c(n1)-c1cc(OCCCN3CCCC3)ccc1C2,tensor([6.8200])
Nc1nc(-c2ccccc2)c2c(n1)-c1cc(OCCCN3CCCCC3)ccc1C2=O,tensor([6.8200])
Nc1nc(-c2ccccc2)c2c(n1)-c1ccc(OCCCN3CCCC3)cc1C2=O,tensor([6.0700])
Nc1nc(-c2ccccc2)c2c(n1)-c1cc(OCCCN3CCCCC3)ccc1C2,tensor([6.6400])
Nc1nc(-c2ccccc2)c2c(n1)-c1cc(OCCN3CCOCC3)ccc1C2=O,tensor([6.3700])
Cc1ccc(Nc2nc(-c3ccc(C)cc3)c(C(=O)Nc3sc4c(c3C(N)=O)CCCC4)s2)cc1,tensor([6.4800])
Cc1ccc(-c2cc3cc(C)ccc3oc2=O)cc1,tensor([5.5700])
CC(=O)COc1cc(C)cc2cc(-c3ccc(C)cc3)c(=O)oc12,tensor([6.2000])
Cc1ccc2oc(=O)c(NC(=O)c3ccccc3)cc2c1,tensor([5.4900])
