smiles,08db82d861b671e7327435adb0af8d8b,095fb41a59ca6f9f7711a6343b066366,177e811e75430142a666759fd698b6e5,2066fd7240ddbab01a5e546f8a5f4d3a,3c201c7b515ba38b493832d7d6ce9bd5,4ca87b12317d982c13244febc8539f5a,5b0fe37d404cd3c110d464704646dcec,620b5ed985061392ed8aae9f9528d061,647f8503dc05a8ce2e32ee1f93b0974d,67dd3fe06af18cad6fa175f729322bf3,6ca673946935809de97f788926b01dd0,750c44ea570e336935edbe8acac0bf2c,78d09c9bdd2584d3854a898d227d641f,7b5965f53b5d5bb34830d36868920337,7f73c5dd89b7b6d8ca56c162eee39ae0,80121ad0b332d2951073b235cff9295a,93411e5dfe32b461732e76df488a6224,950edee628a799c6d21b79616a3c2922,9a0ea9c5d064d5578aba12a00c1e51d1,aab458b586520ad6a82e21e396e745fa,bf615fc2b04369c84661b7e8b940d315,c6eb716f36a79621c8c73c735dd764f1,de4ea86d93119b0ed700c0fefbdba03a,e88725960b249dc424ccffef189c0409,fdec110d610fe1b09f58d831c373b615,fe20600845ef96e5518a9f0e76e56fa5
C#CCCCOC(=O)C1CC(OC(C)=O)C(=O)C2C1(C)CCC1C(=O)OC(c3ccoc3)CC12C,0.0,0.0,0.0,0.0,0.0,0.0,6.7,0.0,0.0,0.0,0.0,0.0,0.0,0.0,0.0,0.0,0.0,0.0,0.0,0.0,0.0,0.0,0.0,0.0,0.0,0.0
C#CCN1CCC23CCCCC2C1Cc1ccc(OC(=O)CCCCCCCCC(=O)Oc2ccc4c(c2)C25CCCCC2C(C4)N(CC#C)CC5)cc13,0.0,0.0,0.0,0.0,0.0,0.0,8.0,0.0,0.0,0.0,0.0,0.0,0.0,0.0,0.0,0.0,0.0,0.0,0.0,0.0,0.0,0.0,0.0,0.0,0.0,0.0
C#CCN1CN(c2ccccc2)C2(CCN(C(c3ccccc3)c3ccccc3)CC2)C1=O,0.0,0.0,0.0,0.0,0.0,0.0,5.9,0.0,0.0,0.0,0.0,0.0,0.0,0.0,0.0,0.0,0.0,0.0,0.0,0.0,0.0,0.0,0.0,0.0,0.0,0.0
C1=C(c2ccccc2)c2ccccc2OC12CCNCC2,0.0,0.0,0.0,0.0,0.0,0.0,5.47,0.0,0.0,0.0,0.0,0.0,0.0,0.0,0.0,0.0,0.0,0.0,0.0,0.0,0.0,0.0,0.0,0.0,0.0,0.0
C1C2C3CC4C2C(NCC25C6C7C8C6C2C8C75)C2C1C3C42,0.0,0.0,0.0,0.0,0.0,0.0,0.0,0.0,0.0,0.0,0.0,0.0,0.0,0.0,6.09,0.0,0.0,0.0,0.0,0.0,0.0,0.0,0.0,0.0,0.0,0.0
C=C(C(=O)O)C(NC(=O)C(Cc1c[nH]c2ccccc12)NC(=O)C1CCCN1C(=O)C(N)Cc1c(C)cc(O)cc1C)c1ccccc1,0.0,0.0,0.0,0.0,0.0,0.0,0.0,0.0,0.0,0.0,0.0,0.0,0.0,0.0,0.0,0.0,0.0,6.72,0.0,0.0,0.0,0.0,0.0,0.0,0.0,0.0
C=C(C(=O)O)C(NC(=O)C(Cc1c[nH]c2ccccc12)NC(=O)C1CCCN1C(=O)C(N)Cc1c(C)cc(O)cc1C)c1ccco1,0.0,0.0,0.0,0.0,0.0,0.0,0.0,0.0,0.0,0.0,0.0,0.0,0.0,0.0,0.0,0.0,0.0,6.7,0.0,0.0,0.0,0.0,0.0,0.0,0.0,0.0
C=C(C(N)=O)C(NC(=O)C(Cc1c[nH]c2ccccc12)NC(=O)C(C)N(C)C(=O)C(N)Cc1c(C)cc(O)cc1C)c1ccccc1,0.0,0.0,0.0,0.0,0.0,0.0,0.0,0.0,0.0,0.0,0.0,0.0,0.0,0.0,0.0,0.0,0.0,5.06,0.0,0.0,0.0,0.0,0.0,0.0,0.0,0.0
C=C(C(N)=O)C(NC(=O)C(Cc1c[nH]c2ccccc12)NC(=O)C(C)N(C)C(=O)C(N)Cc1c(C)cc(O)cc1C)c1ccco1,0.0,0.0,0.0,0.0,0.0,0.0,0.0,0.0,0.0,0.0,0.0,0.0,0.0,0.0,0.0,0.0,0.0,5.17,0.0,0.0,0.0,0.0,0.0,0.0,0.0,0.0
C=C(C(N)=O)C(NC(=O)C(Cc1c[nH]c2ccccc12)NC(=O)C1CCN(C(=O)C(N)Cc2c(C)cc(O)cc2C)C1)c1ccccc1,0.0,0.0,0.0,0.0,0.0,0.0,0.0,0.0,0.0,0.0,0.0,0.0,0.0,0.0,0.0,0.0,0.0,6.76,0.0,0.0,0.0,0.0,0.0,0.0,0.0,0.0
C=C(C(N)=O)C(NC(=O)C(Cc1c[nH]c2ccccc12)NC(=O)C1CCN(C(=O)C(N)Cc2c(C)cc(O)cc2C)C1)c1ccco1,0.0,0.0,0.0,0.0,0.0,0.0,0.0,0.0,0.0,0.0,0.0,0.0,0.0,0.0,0.0,0.0,0.0,6.75,0.0,0.0,0.0,0.0,0.0,0.0,0.0,0.0
C=C(C(N)=O)C(NC(=O)C(Cc1ccccc1)NC(=O)C(C)N(C)C(=O)C(N)Cc1c(C)cc(O)cc1C)c1ccco1,0.0,0.0,0.0,0.0,0.0,0.0,0.0,0.0,0.0,0.0,0.0,0.0,0.0,0.0,0.0,0.0,0.0,5.08,0.0,0.0,0.0,0.0,0.0,0.0,0.0,0.0
C=C(C)C(=O)OC1CC(C(=O)OC)C2(C)CCC3C(=O)OC(c4ccoc4)CC3(C)C2C1=O,0.0,0.0,0.0,0.0,0.0,0.0,0.0,0.0,0.0,0.0,0.0,0.0,0.0,0.0,7.38,0.0,0.0,0.0,0.0,0.0,0.0,0.0,0.0,0.0,7.47,0.0
C=C(C)C1CCC(C)=CC1c1c(O)cc(CCCCC)cc1O,0.0,0.0,0.0,0.0,0.0,0.0,0.0,0.0,0.0,0.0,0.0,0.0,0.0,0.0,5.64,0.0,0.0,0.0,0.0,0.0,0.0,0.0,0.0,0.0,0.0,0.0
C=C(C)CC(=O)OC1CC(C(=O)OC)C2(C)CCC3C(=O)OC(c4ccoc4)CC3(C)C2C1=O,0.0,0.0,0.0,0.0,0.0,0.0,0.0,0.0,0.0,0.0,0.0,0.0,0.0,0.0,0.0,0.0,0.0,0.0,0.0,0.0,0.0,0.0,0.0,0.0,8.22,0.0
C=C1CCC2(O)C3Cc4ccc(C(=O)NCCc5ccc(-c6c[nH]c(=O)[nH]c6=O)cc5)c(O)c4C2(CCN3C)C1,0.0,0.0,0.0,0.0,0.0,0.0,0.0,0.0,0.0,0.0,0.0,0.0,0.0,0.0,0.0,0.0,0.0,0.0,0.0,6.0,0.0,0.0,0.0,0.0,0.0,0.0
C=C1CCC2(O)C3Cc4ccc(C(N)=O)c5c4C2(CCN3CC2CC2)C1O5,0.0,0.0,0.0,0.0,0.0,0.0,8.68,0.0,0.0,0.0,0.0,0.0,0.0,0.0,0.0,0.0,0.0,0.0,0.0,0.0,0.0,0.0,0.0,0.0,0.0,0.0
C=C1CCC2(O)C3Cc4ccc(O)c5c4C2(CCN3CC2CC2)C1O5,0.0,0.0,0.0,0.0,0.0,0.0,8.99,0.0,0.0,0.0,0.0,0.0,0.0,0.0,0.0,0.0,0.0,0.0,0.0,0.0,0.0,0.0,0.0,0.0,0.0,0.0
C=CC(=O)OC1CC(C(=O)OC)C2(C)CCC3C(=O)OC(c4ccoc4)CC3(C)C2C1=O,0.0,0.0,0.0,0.0,0.0,0.0,0.0,0.0,0.0,0.0,0.0,0.0,0.0,0.0,0.0,0.0,0.0,0.0,0.0,0.0,0.0,0.0,0.0,0.0,7.74,0.0
C=CC(C)C(=O)OC1CC(C(=O)OC)C2(C)CCC3C(=O)OC(c4ccoc4)CC3(C)C2C1=O,0.0,0.0,0.0,0.0,0.0,0.0,0.0,0.0,0.0,0.0,0.0,0.0,0.0,0.0,0.0,0.0,0.0,0.0,0.0,0.0,0.0,0.0,0.0,0.0,7.54,0.0
C=CC(O)C#CC#CC(O)C=CCCCCCCC,0.0,0.0,0.0,0.0,0.0,0.0,5.6,0.0,0.0,0.0,0.0,0.0,0.0,0.0,0.0,0.0,0.0,0.0,0.0,0.0,0.0,0.0,0.0,0.0,0.0,0.0
C=CC1CN2CCc3c([nH]c4cccc(OC)c34)C2CC1C(=COC)C(=O)OC,0.0,0.0,0.0,0.0,0.0,0.0,0.0,0.0,0.0,0.0,0.0,0.0,0.0,0.0,5.59,0.0,0.0,0.0,0.0,0.0,0.0,0.0,0.0,0.0,0.0,0.0
C=CCC(=O)OC1CC(C(=O)OC)C2(C)CCC3C(=O)OC(c4ccoc4)CC3(C)C2C1=O,0.0,0.0,0.0,0.0,0.0,0.0,0.0,0.0,0.0,0.0,0.0,0.0,0.0,0.0,0.0,0.0,0.0,0.0,0.0,0.0,0.0,0.0,0.0,0.0,8.0,0.0
C=CCC1(COC)CC(C(=O)OC)C2(C)CCC3C(=O)OC(c4ccoc4)CC3(C)C2C1=O,0.0,0.0,0.0,0.0,0.0,0.0,7.32,0.0,0.0,0.0,0.0,0.0,0.0,0.0,0.0,0.0,0.0,0.0,0.0,0.0,0.0,0.0,0.0,0.0,0.0,0.0
C=CCCN1CCC(N(c2ccc(C(=O)N(CC)CC)cc2)c2cccc(O)c2)CC1,0.0,0.0,0.0,0.0,0.0,0.0,0.0,0.0,0.0,0.0,0.0,0.0,0.0,0.0,7.01,0.0,0.0,0.0,0.0,0.0,0.0,0.0,0.0,0.0,0.0,0.0
C=CCN(C)C1CCc2ccc(O)cc2C1(C)C,0.0,0.0,0.0,0.0,0.0,0.0,6.58,0.0,0.0,0.0,0.0,0.0,0.0,0.0,0.0,0.0,0.0,0.0,0.0,0.0,0.0,0.0,0.0,0.0,0.0,0.0
C=CCN(CC=C)C1CCc2ccc(O)cc2C1(C)C,0.0,0.0,0.0,0.0,0.0,0.0,7.25,0.0,0.0,0.0,0.0,0.0,0.0,0.0,0.0,0.0,0.0,0.0,0.0,0.0,0.0,0.0,0.0,0.0,0.0,0.0
C=CCN(CC=C)CCc1c[nH]c2ccc(Br)cc12,0.0,0.0,0.0,0.0,0.0,0.0,0.0,0.0,0.0,0.0,0.0,0.0,0.0,0.0,6.05,0.0,0.0,0.0,0.0,0.0,0.0,0.0,0.0,0.0,0.0,0.0
C=CCN(CC=C)CCc1c[nH]c2ccc(C)cc12,0.0,0.0,0.0,0.0,0.0,0.0,0.0,0.0,0.0,0.0,0.0,0.0,0.0,0.0,5.91,0.0,0.0,0.0,0.0,0.0,0.0,0.0,0.0,0.0,0.0,0.0
C=CCN(CC=C)CCc1c[nH]c2ccc(Cl)cc12,0.0,0.0,0.0,0.0,0.0,0.0,0.0,0.0,0.0,0.0,0.0,0.0,0.0,0.0,6.09,0.0,0.0,0.0,0.0,0.0,0.0,0.0,0.0,0.0,0.0,0.0
C=CCN(CC=C)CCc1c[nH]c2ccc(F)cc12,0.0,0.0,0.0,0.0,0.0,0.0,0.0,0.0,0.0,0.0,0.0,0.0,0.0,0.0,5.66,0.0,0.0,0.0,0.0,0.0,0.0,0.0,0.0,0.0,0.0,0.0
C=CCN(CC=C)CCc1c[nH]c2ccc(OC)cc12,0.0,0.0,0.0,0.0,0.0,0.0,0.0,0.0,0.0,0.0,0.0,0.0,0.0,0.0,5.95,0.0,0.0,0.0,0.0,0.0,0.0,0.0,0.0,0.0,0.0,0.0
C=CCN(CC=C)CCc1c[nH]c2ccccc12,0.0,0.0,0.0,0.0,0.0,0.0,0.0,0.0,0.0,0.0,0.0,0.0,0.0,0.0,5.61,0.0,0.0,0.0,0.0,0.0,0.0,0.0,0.0,0.0,0.0,0.0
C=CCN(CCc1ccc(O)cc1)CCc1cccc(O)c1,0.0,0.0,0.0,0.0,0.0,0.0,0.0,0.0,0.0,0.0,0.0,0.0,0.0,0.0,0.0,0.0,0.0,0.0,0.0,0.0,0.0,7.36,0.0,0.0,0.0,0.0
C=CCN(CCc1cccc(O)c1)CCc1cccc(O)c1,0.0,0.0,0.0,0.0,0.0,0.0,0.0,0.0,0.0,0.0,0.0,0.0,0.0,0.0,0.0,0.0,0.0,0.0,0.0,0.0,0.0,7.72,0.0,0.0,0.0,0.0
C=CCN1CC(C)N(C(c2ccc(C(=O)N(CC)CC)cc2)c2cccc(O)c2)CC1C,0.0,0.0,0.0,0.0,0.0,0.0,5.47,0.0,0.0,0.0,0.0,0.0,0.0,0.0,0.0,0.0,0.0,0.0,0.0,0.0,0.0,0.0,0.0,0.0,0.0,0.0
C=CCN1CC(C)N(C(c2ccc(C(=O)N(CC)CC)cc2)c2cccc(OC)c2)CC1C,0.0,0.0,0.0,0.0,0.0,0.0,0.0,0.0,0.0,0.0,0.0,0.0,0.0,0.0,5.38,0.0,0.0,0.0,0.0,0.0,0.0,0.0,0.0,0.0,0.0,0.0
C=CCN1CC2C(c3ccccc3)=CCC1CN2Cc1ccc(C(=O)N(CC)CC)cc1,0.0,0.0,0.0,0.0,0.0,0.0,0.0,0.0,0.0,0.0,0.0,0.0,0.0,0.0,0.0,0.0,0.0,6.05,0.0,0.0,0.0,0.0,0.0,0.0,0.0,0.0
C=CCN1CC2C(c3ccccc3)CCC1CN2Cc1ccc(C(=O)N(CC)CC)cc1,0.0,0.0,0.0,0.0,0.0,0.0,0.0,0.0,0.0,0.0,0.0,0.0,0.0,0.0,0.0,0.0,0.0,5.96,0.0,0.0,0.0,0.0,0.0,0.0,0.0,0.0
C=CCN1CCC(c2ccc(C(=O)N(CC)CC)cc2)(c2cccc(O)c2)CC1,0.0,0.0,0.0,0.0,0.0,0.0,6.46,0.0,0.0,0.0,0.0,0.0,0.0,0.0,0.0,0.0,0.0,0.0,0.0,0.0,0.0,0.0,0.0,0.0,0.0,0.0
C=CCN1CCC2(CCCc3ccccc3)c3cc(O)ccc3OC2C1,0.0,0.0,0.0,0.0,0.0,0.0,8.29,0.0,0.0,0.0,0.0,0.0,0.0,0.0,0.0,0.0,0.0,0.0,0.0,0.0,0.0,0.0,0.0,0.0,0.0,0.0
C=CCN1CCC2(CCc3ccccc3)c3cc(O)ccc3OC2C1,0.0,0.0,0.0,0.0,0.0,0.0,7.1,0.0,0.0,0.0,0.0,0.0,0.0,0.0,0.0,0.0,0.0,0.0,0.0,0.0,0.0,0.0,0.0,0.0,0.0,0.0
C=CCN1CCC23c4c5ccc(C(N)=O)c4OC2C(=O)CCC3(O)C1C5,0.0,0.0,0.0,0.0,0.0,0.0,7.34,0.0,0.0,0.0,0.0,0.0,0.0,0.0,0.0,0.0,0.0,0.0,0.0,0.0,0.0,0.0,0.0,0.0,0.0,0.0
C=CCN1CCC23c4c5ccc(O)c4OC2C(=O)CCC3(O)C1C5,0.0,0.0,0.0,0.0,0.0,0.0,8.04,0.0,0.0,0.0,0.0,0.0,0.0,0.0,8.04,0.0,0.0,8.92,0.0,0.0,0.0,0.0,0.0,0.0,0.0,0.0
C=CCN1CCC23c4c5ccc(O)c4OC2C(O)C=CC3C1C5,0.0,0.0,0.0,0.0,0.0,0.0,9.42,0.0,0.0,0.0,0.0,0.0,0.0,0.0,8.7,0.0,0.0,0.0,0.0,0.0,0.0,0.0,0.0,0.0,0.0,0.0
C=CCN1CCC23c4c5ccc(OC(=O)C(C)CCCCCCC(C)C(=O)Oc6ccc7c(c6)C68CCCCC6C(C7)N(CC6CCC6)CC8)c4OC2CCCC3C1C5,0.0,0.0,0.0,0.0,0.0,0.0,8.47,0.0,0.0,0.0,0.0,0.0,0.0,0.0,0.0,0.0,0.0,0.0,0.0,0.0,0.0,0.0,0.0,0.0,0.0,0.0
C=CCN1CCC23c4c5ccc(OC(=O)CCCCCCCCC(=O)Oc6ccc7c(c6)C68CCCCC6(O)C(C7)N(CC6CCC6)CC8)c4OC2C(=O)CCC3(O)C1C5,0.0,0.0,0.0,0.0,0.0,0.0,9.55,0.0,0.0,0.0,0.0,0.0,0.0,0.0,0.0,0.0,0.0,0.0,0.0,0.0,0.0,0.0,0.0,0.0,0.0,0.0
C=CCN1CCC23c4c5ccc(OC(=O)CCCCCCCCC(=O)Oc6ccc7c(c6)C68CCCCC6(OC)C(C7)N(CC6CCC6)CC8)c4OC2C(=O)CCC3(O)C1C5,0.0,0.0,0.0,0.0,0.0,0.0,9.85,0.0,0.0,0.0,0.0,0.0,0.0,0.0,0.0,0.0,0.0,0.0,0.0,0.0,0.0,0.0,0.0,0.0,0.0,0.0
C=CCN1CCC23c4c5ccc(OC(=O)CCCCCCCCC(=O)Oc6ccc7c(c6)C68CCCCC6C(C7)N(CC6CCC6)CC8)c4OC2C(=O)CCC3(O)C1C5,0.0,0.0,0.0,0.0,0.0,0.0,9.89,0.0,0.0,0.0,0.0,0.0,0.0,0.0,0.0,0.0,0.0,0.0,0.0,0.0,0.0,0.0,0.0,0.0,0.0,0.0
C=CCN1CCC23c4c5ccc(OC(=O)CCCCCCCCC(=O)Oc6ccc7c(c6)C68CCCCC6C(C7)N(CC6CCC6)CC8)c4OC2CCCC3C1C5,0.0,0.0,0.0,0.0,0.0,0.0,9.89,0.0,0.0,0.0,0.0,0.0,0.0,0.0,0.0,0.0,0.0,0.0,0.0,0.0,0.0,0.0,0.0,0.0,0.0,0.0
C=CCN1CN(c2ccccc2)C2(CCN(C(c3ccccc3)c3ccccc3)CC2)C1=O,0.0,0.0,0.0,0.0,0.0,0.0,6.16,0.0,0.0,0.0,0.0,0.0,0.0,0.0,0.0,0.0,0.0,0.0,0.0,0.0,0.0,0.0,0.0,0.0,0.0,0.0
C=CCNC(=O)OC1CC(C(=O)OC)C2(C)CCC3C(=O)OC(c4ccoc4)CC3(C)C2C1=O,0.0,0.0,0.0,0.0,0.0,0.0,0.0,0.0,0.0,0.0,0.0,0.0,0.0,0.0,6.92,0.0,0.0,0.0,0.0,0.0,0.0,0.0,0.0,0.0,0.0,0.0
C=CCNC1CCc2ccc(O)cc2C1(C)C,0.0,0.0,0.0,0.0,0.0,0.0,7.2,0.0,0.0,0.0,0.0,0.0,0.0,0.0,0.0,0.0,0.0,0.0,0.0,0.0,0.0,0.0,0.0,0.0,0.0,0.0
C=CCNCCN1CN(c2ccccc2)C2(CCN(C3CCC(C)(C)c4ccccc43)CC2)C1=O,0.0,0.0,0.0,0.0,0.0,0.0,6.68,0.0,0.0,0.0,0.0,0.0,0.0,0.0,0.0,0.0,0.0,0.0,0.0,0.0,0.0,0.0,0.0,0.0,0.0,0.0
C=CCOC12CCC(NC(=O)C=Cc3ccccc3)C3Oc4c(O)ccc5c4C31CCN(CC1CC1)C2C5,0.0,0.0,0.0,0.0,0.0,0.0,9.92,0.0,0.0,0.0,0.0,0.0,0.0,0.0,0.0,0.0,0.0,0.0,0.0,0.0,0.0,0.0,0.0,0.0,0.0,0.0
C=CCOc1ccc(CC(NC(=O)C(Cc2cccc(OCC=C)c2)NC(=O)C(Cc2ccccc2)NC(C)=O)C(=O)NC(CCCNC(=N)N)C(=O)NC(CC(C)C)C(=O)NC(CCCNC(=N)N)C(=O)NC(CCCNC(=N)N)C(=O)NC(C)C(=O)NC(CCCNC(=N)N)C(=O)N2CCCC2C(=O)NC(CCCCN)C(N)=O)cc1,0.0,0.0,0.0,0.0,0.0,0.0,7.38,0.0,0.0,0.0,0.0,0.0,0.0,0.0,0.0,0.0,0.0,0.0,0.0,0.0,0.0,0.0,0.0,0.0,0.0,0.0
C=CCOc1ccc(CC(NC(=O)C(Cc2cccc(OCC=C)c2)NC(C)=O)C(=O)NC(Cc2ccccc2)C(=O)NC(CCCNC(=N)N)C(=O)NC(CC(C)C)C(=O)NC(CCCNC(=N)N)C(=O)NC(CCCNC(=N)N)C(=O)NC(C)C(=O)NC(CCCNC(=N)N)C(=O)N2CCCC2C(=O)NC(CCCCN)C(N)=O)cc1,0.0,0.0,0.0,0.0,0.0,0.0,7.37,0.0,0.0,0.0,0.0,0.0,0.0,0.0,0.0,0.0,0.0,0.0,0.0,0.0,0.0,0.0,0.0,0.0,0.0,0.0
C=CCOc1ccc(CC(NC(=O)C(Cc2ccccc2)NC(C)=O)C(=O)NC(Cc2ccc(OCC=C)cc2)C(=O)NC(CCCNC(=N)N)C(=O)NC(CC(C)C)C(=O)NC(CCCNC(=N)N)C(=O)NC(CCCNC(=N)N)C(=O)NC(C)C(=O)NC(CCCNC(=N)N)C(=O)N2CCCC2C(=O)NC(CCCCN)C(N)=O)cc1,0.0,0.0,0.0,0.0,0.0,0.0,7.72,0.0,0.0,0.0,0.0,0.0,0.0,0.0,0.0,0.0,0.0,0.0,0.0,0.0,0.0,0.0,0.0,0.0,0.0,0.0
C=CCOc1ccc(CC(NC(=O)C(Cc2ccccc2)NC(C)=O)C(=O)NC(Cc2cccc(OCC=C)c2)C(=O)NC(CCCNC(=N)N)C(=O)NC(CC(C)C)C(=O)NC(CCCNC(=N)N)C(=O)NC(CCCNC(=N)N)C(=O)NC(C)C(=O)NC(CCCNC(=N)N)C(=O)N2CCCC2C(=O)NC(CCCCN)C(N)=O)cc1,0.0,0.0,0.0,0.0,0.0,0.0,7.93,0.0,0.0,0.0,0.0,0.0,0.0,0.0,0.0,0.0,0.0,0.0,0.0,0.0,0.0,0.0,0.0,0.0,0.0,0.0
C=CCOc1ccc(CC(NC(C)=O)C(=O)NC(Cc2ccc(OCC=C)cc2)C(=O)NC(Cc2ccccc2)C(=O)NC(CCCNC(=N)N)C(=O)NC(CC(C)C)C(=O)NC(CCCNC(=N)N)C(=O)NC(CCCNC(=N)N)C(=O)NC(C)C(=O)NC(CCCNC(=N)N)C(=O)N2CCCC2C(=O)NC(CCCCN)C(N)=O)cc1,0.0,0.0,0.0,0.0,0.0,0.0,7.92,0.0,0.0,0.0,0.0,0.0,0.0,0.0,0.0,0.0,0.0,0.0,0.0,0.0,0.0,0.0,0.0,0.0,0.0,0.0
C=CCOc1ccc(CC(NC(C)=O)C(=O)NC(Cc2cccc(OCC=C)c2)C(=O)NC(Cc2ccccc2)C(=O)NC(CCCNC(=N)N)C(=O)NC(CC(C)C)C(=O)NC(CCCNC(=N)N)C(=O)NC(CCCNC(=N)N)C(=O)NC(C)C(=O)NC(CCCNC(=N)N)C(=O)N2CCCC2C(=O)NC(CCCCN)C(N)=O)cc1,0.0,0.0,0.0,0.0,0.0,0.0,7.21,0.0,0.0,0.0,0.0,0.0,0.0,0.0,0.0,0.0,0.0,0.0,0.0,0.0,0.0,0.0,0.0,0.0,0.0,0.0
C=CCOc1cccc(CC(NC(=O)C(Cc2ccccc2)NC(C)=O)C(=O)NC(Cc2cccc(OCC=C)c2)C(=O)NC(CCCNC(=N)N)C(=O)NC(CC(C)C)C(=O)NC(CCCNC(=N)N)C(=O)NC(CCCNC(=N)N)C(=O)NC(C)C(=O)NC(CCCNC(=N)N)C(=O)N2CCCC2C(=O)NC(CCCCN)C(N)=O)c1,0.0,0.0,0.0,0.0,0.0,0.0,8.48,0.0,0.0,0.0,0.0,0.0,0.0,0.0,0.0,0.0,0.0,0.0,0.0,0.0,0.0,0.0,0.0,0.0,0.0,0.0
C=CCOc1cccc(CC(NC(C)=O)C(=O)NC(Cc2cccc(OCC=C)c2)C(=O)NC(Cc2ccccc2)C(=O)NC(CCCNC(=N)N)C(=O)NC(CC(C)C)C(=O)NC(CCCNC(=N)N)C(=O)NC(CCCNC(=N)N)C(=O)NC(C)C(=O)NC(CCCNC(=N)N)C(=O)N2CCCC2C(=O)NC(CCCCN)C(N)=O)c1,0.0,0.0,0.0,0.0,0.0,0.0,7.18,0.0,0.0,0.0,0.0,0.0,0.0,0.0,0.0,0.0,0.0,0.0,0.0,0.0,0.0,0.0,0.0,0.0,0.0,0.0
C=CC[N+]1(C)CCC2(C)c3cc(O)ccc3CC1C2C,0.0,0.0,0.0,0.0,0.0,0.0,0.0,0.0,0.0,0.0,0.0,0.0,0.0,0.0,0.0,0.0,0.0,7.99,0.0,0.0,0.0,0.0,0.0,0.0,0.0,0.0
C=CC[N+]1(CC2c3ccccc3CCN2C(=O)C2CC(=O)c3ccc(Cl)cc32)CCCC1,0.0,0.0,0.0,0.0,0.0,0.0,8.73,0.0,0.0,0.0,0.0,0.0,0.0,0.0,0.0,0.0,0.0,0.0,0.0,0.0,0.0,0.0,0.0,0.0,0.0,0.0
C=Cc1occc1C1CC2(C)C(CCC3(C)C(C(=O)OC)CC(OC(C)=O)C(=O)C32)C(=O)O1,0.0,0.0,0.0,0.0,0.0,0.0,8.15,0.0,0.0,0.0,0.0,0.0,0.0,0.0,0.0,0.0,0.0,0.0,0.0,0.0,0.0,0.0,0.0,0.0,0.0,0.0
CC(=O)CN1CN(c2ccccc2)C2(CCN(C3CCC(C)(C)c4ccccc43)CC2)C1=O,0.0,0.0,0.0,0.0,0.0,0.0,7.25,0.0,0.0,0.0,0.0,0.0,0.0,0.0,0.0,0.0,0.0,0.0,0.0,0.0,0.0,0.0,0.0,0.0,0.0,0.0
CC(=O)N(C)c1nc2cc3c(cc2s1)CC1C2CCCCC32CCN1CC1CC1,0.0,0.0,0.0,0.0,0.0,0.0,8.16,0.0,0.0,0.0,0.0,0.0,0.0,0.0,0.0,0.0,0.0,0.0,0.0,0.0,0.0,0.0,0.0,0.0,0.0,0.0
CC(=O)N(CC(=O)N(C)C(CN1CCC(O)C1)c1ccccc1)c1ccccc1,0.0,0.0,0.0,0.0,0.0,0.0,0.0,0.0,0.0,0.0,0.0,0.0,0.0,0.0,8.42,0.0,0.0,0.0,0.0,0.0,0.0,0.0,0.0,0.0,0.0,0.0
CC(=O)N1CC2CC(C)(c3cccc(O)c3)C(C)CN2CC1c1ccccc1,0.0,0.0,0.0,0.0,0.0,0.0,6.21,0.0,0.0,0.0,0.0,0.0,0.0,0.0,0.0,0.0,0.0,0.0,0.0,0.0,0.0,0.0,0.0,0.0,0.0,0.0
CC(=O)N1CCC(NC(=O)C(N)Cc2c(C)cc(O)cc2C)c2cc(CC3CCCCC3)ccc21,0.0,0.0,0.0,0.0,0.0,0.0,8.08,0.0,0.0,0.0,0.0,0.0,0.0,0.0,0.0,0.0,0.0,0.0,0.0,0.0,0.0,0.0,0.0,0.0,0.0,0.0
CC(=O)N1CCC(NC(=O)C(N)Cc2c(C)cc(O)cc2C)c2cc(CC3CCc4ccccc43)ccc21,0.0,0.0,0.0,0.0,0.0,0.0,7.82,0.0,0.0,0.0,0.0,0.0,0.0,0.0,0.0,0.0,0.0,0.0,0.0,0.0,0.0,0.0,0.0,0.0,0.0,0.0
CC(=O)N1CCC(NC(=O)C(N)Cc2c(C)cc(O)cc2C)c2cc(CC3Cc4ccccc4C3)ccc21,0.0,0.0,0.0,0.0,0.0,0.0,7.92,0.0,0.0,0.0,0.0,0.0,0.0,0.0,0.0,0.0,0.0,0.0,0.0,0.0,0.0,0.0,0.0,0.0,0.0,0.0
CC(=O)N1CCC(NC(=O)C(N)Cc2c(C)cc(O)cc2C)c2cc(CN3CCc4ccccc4C3)ccc21,0.0,0.0,0.0,0.0,0.0,0.0,9.11,0.0,0.0,0.0,0.0,0.0,0.0,0.0,0.0,0.0,0.0,0.0,0.0,0.0,0.0,0.0,0.0,0.0,0.0,0.0
CC(=O)N1CCC(NC(=O)C(N)Cc2c(C)cc(O)cc2C)c2cc(Cc3cc4ccccc4o3)ccc21,0.0,0.0,0.0,0.0,0.0,0.0,7.24,0.0,0.0,0.0,0.0,0.0,0.0,0.0,0.0,0.0,0.0,0.0,0.0,0.0,0.0,0.0,0.0,0.0,0.0,0.0
CC(=O)N1CCC(NC(=O)C(N)Cc2c(C)cc(O)cc2C)c2cc(Cc3ccc4c(c3)OCCO4)ccc21,0.0,0.0,0.0,0.0,0.0,0.0,6.85,0.0,0.0,0.0,0.0,0.0,0.0,0.0,0.0,0.0,0.0,0.0,0.0,0.0,0.0,0.0,0.0,0.0,0.0,0.0
CC(=O)N1CCC(NC(=O)C(N)Cc2c(C)cc(O)cc2C)c2cc(Cc3ccc4ccccc4c3)ccc21,0.0,0.0,0.0,0.0,0.0,0.0,7.32,0.0,0.0,0.0,0.0,0.0,0.0,0.0,0.0,0.0,0.0,0.0,0.0,0.0,0.0,0.0,0.0,0.0,0.0,0.0
CC(=O)N1CCC(NC(=O)C(N)Cc2c(C)cc(O)cc2C)c2cc(Cc3cccc4ccccc34)ccc21,0.0,0.0,0.0,0.0,0.0,0.0,8.37,0.0,0.0,0.0,0.0,0.0,0.0,0.0,0.0,0.0,0.0,0.0,0.0,0.0,0.0,0.0,0.0,0.0,0.0,0.0
CC(=O)N1CCC(NC(=O)C(N)Cc2c(C)cc(O)cc2C)c2cc(Cc3ccccc3)ccc21,0.0,0.0,0.0,0.0,0.0,0.0,7.06,0.0,0.0,0.0,0.0,0.0,0.0,0.0,0.0,0.0,0.0,0.0,0.0,0.0,0.0,0.0,0.0,0.0,0.0,0.0
CC(=O)N1CCC(NC(=O)C(N)Cc2c(C)cc(O)cc2C)c2cc(Cc3cnc4ccccc4c3)ccc21,0.0,0.0,0.0,0.0,0.0,0.0,7.28,0.0,0.0,0.0,0.0,0.0,0.0,0.0,0.0,0.0,0.0,0.0,0.0,0.0,0.0,0.0,0.0,0.0,0.0,0.0
CC(=O)N1CCC(c2ccccc2)(c2nccn2Cc2ccccc2)CC1,0.0,0.0,0.0,0.0,0.0,0.0,0.0,0.0,0.0,0.0,0.0,0.0,0.0,0.0,6.0,0.0,0.0,0.0,0.0,0.0,0.0,0.0,0.0,0.0,0.0,0.0
CC(=O)NC(Cc1c[nH]c2ccccc12)C(=O)NC(Cc1ccccc1)C(=O)NCC(N)=O,0.0,0.0,0.0,0.0,0.0,0.0,0.0,0.0,0.0,0.0,0.0,0.0,0.0,0.0,0.0,0.0,0.0,4.48,0.0,0.0,0.0,0.0,0.0,0.0,0.0,0.0
CC(=O)NC(Cc1ccc(O)cc1)C(=O)NCC(=O)N1CCCC1C(=O)NC(Cc1ccccc1)C(=O)NC(CC(C)C)C(=O)NC(CCCN)C(=O)NC(C)C(=O)NC(CCCNC(=N)N)C(=O)N1CCCC1C(=O)NC(CCCCN)C(N)=O,0.0,0.0,0.0,5.37,0.0,0.0,0.0,0.0,0.0,0.0,0.0,0.0,0.0,0.0,0.0,0.0,0.0,0.0,0.0,0.0,0.0,0.0,0.0,0.0,0.0,0.0
CC(=O)NC(Cc1ccc(O)cc1)C(=O)NCC(=O)N1CCCC1C(=O)NC(Cc1ccccc1)C(=O)NC(CC(C)C)C(=O)NC(CCCNC(=N)N)C(=O)NC(C)C(=O)NC(CCCNC(=N)N)C(=O)N1CCCC1C(=O)NC(CCCCN)C(N)=O,0.0,0.0,0.0,5.44,0.0,0.0,0.0,0.0,0.0,0.0,0.0,0.0,0.0,0.0,0.0,0.0,0.0,0.0,0.0,0.0,0.0,0.0,0.0,0.0,0.0,0.0
CC(=O)NC(Cc1ccc(O)cc1)C(=O)NCC(=O)NCC(=O)NC(Cc1ccccc1)C(=O)NC(CC(C)C)C(=O)NC(CCCNC(=N)N)C(=O)NC(C)C(=O)NC(CCCNC(=N)N)C(=O)N1CCCC1C(=O)NC(CCCCN)C(N)=O,0.0,0.0,0.0,7.01,0.0,0.0,0.0,0.0,0.0,0.0,0.0,0.0,0.0,0.0,0.0,0.0,0.0,0.0,0.0,0.0,0.0,0.0,0.0,0.0,0.0,0.0
CC(=O)NC(Cc1ccccc1)C(=O)NC(Cc1ccccc1)C(=O)NC(Cc1ccccc1)C(=O)NC(CCCNC(=N)N)C(=O)NC(CC(C)C)C(=O)NC(CCCNC(=N)N)C(=O)NC(CCCNC(=N)N)C(=O)NC(C)C(=O)NC(CCCNC(=N)N)C(=O)N1CCCC1C(=O)NC(CCCCN)C(N)=O,0.0,0.0,0.0,0.0,0.0,0.0,8.0,0.0,0.0,0.0,0.0,0.0,0.0,0.0,0.0,0.0,0.0,0.0,0.0,0.0,0.0,0.0,8.0,0.0,0.0,0.0
CC(=O)NC(Cc1ccccc1)C(=O)NC1Cc2ccc(cc2)OCC=CCOc2ccc(cc2)CC(C(=O)NC(CCCNC(=N)N)C(=O)NC(CC(C)C)C(=O)NC(CCCNC(=N)N)C(=O)NC(CCCNC(=N)N)C(=O)NC(C)C(=O)NC(CCCNC(=N)N)C(=O)N2CCCC2C(=O)NC(CCCCN)C(N)=O)NC1=O,0.0,0.0,0.0,0.0,0.0,0.0,7.83,0.0,0.0,0.0,0.0,0.0,0.0,0.0,0.0,0.0,0.0,0.0,0.0,0.0,0.0,0.0,0.0,0.0,0.0,0.0
CC(=O)NC(Cc1ccccc1)C(=O)NC1Cc2ccc(cc2)OCC=CCOc2cccc(c2)CC(C(=O)NC(CCCNC(=N)N)C(=O)NC(CC(C)C)C(=O)NC(CCCNC(=N)N)C(=O)NC(CCCNC(=N)N)C(=O)NC(C)C(=O)NC(CCCNC(=N)N)C(=O)N2CCCC2C(=O)NC(CCCCN)C(N)=O)NC1=O,0.0,0.0,0.0,0.0,0.0,0.0,7.7,0.0,0.0,0.0,0.0,0.0,0.0,0.0,0.0,0.0,0.0,0.0,0.0,0.0,0.0,0.0,0.0,0.0,0.0,0.0
CC(=O)NC(Cc1ccccc1)C(=O)NC1Cc2cccc(c2)OCC=CCOc2ccc(cc2)CC(C(=O)NC(CCCNC(=N)N)C(=O)NC(CC(C)C)C(=O)NC(CCCNC(=N)N)C(=O)NC(CCCNC(=N)N)C(=O)NC(C)C(=O)NC(CCCNC(=N)N)C(=O)N2CCCC2C(=O)NC(CCCCN)C(N)=O)NC1=O,0.0,0.0,0.0,0.0,0.0,0.0,7.41,0.0,0.0,0.0,0.0,0.0,0.0,0.0,0.0,0.0,0.0,0.0,0.0,0.0,0.0,0.0,0.0,0.0,0.0,0.0
CC(=O)NC(Cc1ccccc1)C(=O)NC1Cc2cccc(c2)OCC=CCOc2cccc(c2)CC(C(=O)NC(CCCNC(=N)N)C(=O)NC(CC(C)C)C(=O)NC(CCCNC(=N)N)C(=O)NC(CCCNC(=N)N)C(=O)NC(C)C(=O)NC(CCCNC(=N)N)C(=O)N2CCCC2C(=O)NC(CCCCN)C(N)=O)NC1=O,0.0,0.0,0.0,0.0,0.0,0.0,7.81,0.0,0.0,0.0,0.0,0.0,0.0,0.0,0.0,0.0,0.0,0.0,0.0,0.0,0.0,0.0,0.0,0.0,0.0,0.0
CC(=O)NC1Cc2ccc(cc2)OCC=CCOc2ccc(cc2)CC(C(=O)NC(Cc2ccccc2)C(=O)NC(CCCNC(=N)N)C(=O)NC(CC(C)C)C(=O)NC(CCCNC(=N)N)C(=O)NC(CCCNC(=N)N)C(=O)NC(C)C(=O)NC(CCCNC(=N)N)C(=O)N2CCCC2C(=O)NC(CCCCN)C(N)=O)NC1=O,0.0,0.0,0.0,0.0,0.0,0.0,7.93,0.0,0.0,0.0,0.0,0.0,0.0,0.0,0.0,0.0,0.0,0.0,0.0,0.0,0.0,0.0,0.0,0.0,0.0,0.0
CC(=O)NC1Cc2ccc(cc2)OCC=CCOc2cccc(c2)CC(C(=O)NC(Cc2ccccc2)C(=O)NC(CCCNC(=N)N)C(=O)NC(CC(C)C)C(=O)NC(CCCNC(=N)N)C(=O)NC(CCCNC(=N)N)C(=O)NC(C)C(=O)NC(CCCNC(=N)N)C(=O)N2CCCC2C(=O)NC(CCCCN)C(N)=O)NC1=O,0.0,0.0,0.0,0.0,0.0,0.0,7.25,0.0,0.0,0.0,0.0,0.0,0.0,0.0,0.0,0.0,0.0,0.0,0.0,0.0,0.0,0.0,0.0,0.0,0.0,0.0
CC(=O)NC1Cc2cccc(c2)OCC=CCOc2ccc(cc2)CC(C(=O)NC(Cc2ccccc2)C(=O)NC(CCCNC(=N)N)C(=O)NC(CC(C)C)C(=O)NC(CCCNC(=N)N)C(=O)NC(CCCNC(=N)N)C(=O)NC(C)C(=O)NC(CCCNC(=N)N)C(=O)N2CCCC2C(=O)NC(CCCCN)C(N)=O)NC1=O,0.0,0.0,0.0,0.0,0.0,0.0,7.54,0.0,0.0,0.0,0.0,0.0,0.0,0.0,0.0,0.0,0.0,0.0,0.0,0.0,0.0,0.0,0.0,0.0,0.0,0.0
CC(=O)NC1Cc2cccc(c2)OCC=CCOc2cccc(c2)CC(C(=O)NC(Cc2ccccc2)C(=O)NC(CCCNC(=N)N)C(=O)NC(CC(C)C)C(=O)NC(CCCNC(=N)N)C(=O)NC(CCCNC(=N)N)C(=O)NC(C)C(=O)NC(CCCNC(=N)N)C(=O)N2CCCC2C(=O)NC(CCCCN)C(N)=O)NC1=O,0.0,0.0,0.0,0.0,0.0,0.0,7.17,0.0,0.0,0.0,0.0,0.0,0.0,0.0,0.0,0.0,0.0,0.0,0.0,0.0,0.0,0.0,0.0,0.0,0.0,0.0
CC(=O)NCCC1CC(C)(c2cccc(O)c2)C(C)CN1CCc1ccccc1,0.0,0.0,0.0,0.0,0.0,0.0,0.0,0.0,0.0,0.0,0.0,0.0,0.0,0.0,6.21,0.0,0.0,0.0,0.0,0.0,0.0,0.0,0.0,0.0,0.0,0.0
CC(=O)NCc1ccc(CC(=O)N(C)C(CN2CCCC2)c2ccccc2)cc1,0.0,0.0,0.0,0.0,0.0,0.0,0.0,0.0,0.0,0.0,0.0,0.0,0.0,0.0,7.33,0.0,0.0,0.0,0.0,0.0,0.0,0.0,0.0,0.0,0.0,0.0
CC(=O)NCc1cccc(CC(=O)N(C)C(CN2CCCC2)c2ccccc2)c1,0.0,0.0,0.0,0.0,0.0,0.0,0.0,0.0,0.0,0.0,0.0,0.0,0.0,0.0,7.64,0.0,0.0,0.0,0.0,0.0,0.0,0.0,0.0,0.0,0.0,0.0
CC(=O)NCc1ccccc1CC(=O)N(C)C(CN1CCCC1)c1ccccc1,0.0,0.0,0.0,0.0,0.0,0.0,0.0,0.0,0.0,0.0,0.0,0.0,0.0,0.0,8.72,0.0,0.0,0.0,0.0,0.0,0.0,0.0,0.0,0.0,0.0,0.0
CC(=O)Nc1ccc(-c2cc(-c3ccccc3)nc3cc(C(=O)NCCCn4ccnc4)nn23)cc1,0.0,0.0,0.0,0.0,0.0,0.0,0.0,0.0,0.0,0.0,0.0,0.0,0.0,0.0,6.7,0.0,0.0,0.0,0.0,0.0,0.0,0.0,0.0,0.0,0.0,0.0
CC(=O)Nc1ccc(-c2cnc3c(c2)CC2(OCCCc4ccccc4)C4Cc5ccc(O)c6c5C2(CCN4CC2CC2)C3O6)cc1,0.0,0.0,0.0,0.0,0.0,0.0,7.82,0.0,0.0,0.0,0.0,0.0,0.0,0.0,0.0,0.0,0.0,0.0,0.0,0.0,0.0,0.0,0.0,0.0,0.0,0.0
CC(=O)Nc1ccc(Cc2ccccc2)cc1CNC(=O)C(N)Cc1c(C)cc(O)cc1C,0.0,0.0,0.0,0.0,0.0,0.0,5.81,0.0,0.0,0.0,0.0,0.0,0.0,0.0,0.0,0.0,0.0,0.0,0.0,0.0,0.0,0.0,0.0,0.0,0.0,0.0
CC(=O)Nc1ccc2c(c1)CC(C(=O)N(C)C(CN1CCC(O)C1)c1ccccc1)O2,0.0,0.0,0.0,0.0,0.0,0.0,0.0,0.0,0.0,0.0,0.0,0.0,0.0,0.0,0.0,0.0,0.0,0.0,0.0,0.0,0.0,0.0,7.28,0.0,0.0,0.0
CC(=O)Nc1ccc2c(c1)CCC(C(=O)N(C)C(CN1CCC(O)C1)c1ccccc1)O2,0.0,0.0,0.0,0.0,0.0,0.0,0.0,0.0,0.0,0.0,0.0,0.0,0.0,0.0,0.0,0.0,0.0,0.0,0.0,0.0,0.0,0.0,7.77,0.0,0.0,0.0
CC(=O)Nc1cccc(-c2cnc3c(c2)CC2(OCCCc4ccccc4)C4Cc5ccc(O)c6c5C2(CCN4CC2CC2)C3O6)c1,0.0,0.0,0.0,0.0,0.0,0.0,6.22,0.0,0.0,0.0,0.0,0.0,0.0,0.0,0.0,0.0,0.0,0.0,0.0,0.0,0.0,0.0,0.0,0.0,0.0,0.0
CC(=O)Nc1nc2c(s1)CC1C3Cc4ccc(O)cc4C1(CCN3CC1CC1)C2,0.0,0.0,0.0,0.0,0.0,0.0,9.77,0.0,0.0,0.0,0.0,0.0,0.0,0.0,0.0,0.0,0.0,0.0,0.0,0.0,0.0,0.0,0.0,0.0,0.0,0.0
CC(=O)Nc1nc2cc3c(cc2s1)CC1C2CCCCC32CCN1CC1CC1,0.0,0.0,0.0,0.0,0.0,0.0,7.89,0.0,0.0,0.0,0.0,0.0,0.0,0.0,0.0,0.0,0.0,0.0,0.0,0.0,0.0,0.0,0.0,0.0,0.0,0.0
CC(=O)Nc1nc2cc3c(cc2s1)CC1C2CCCCC32CCN1CCCF,0.0,0.0,0.0,0.0,0.0,0.0,8.92,0.0,0.0,0.0,0.0,0.0,0.0,0.0,0.0,0.0,0.0,0.0,0.0,0.0,0.0,0.0,0.0,0.0,0.0,0.0
CC(=O)Nc1ncc(CN2CCCC(Cc3cc(C)nc(C)c3)C2)s1,0.0,0.0,0.0,0.0,0.0,0.0,0.0,0.0,0.0,0.0,0.0,0.0,0.0,0.0,6.13,0.0,0.0,0.0,0.0,0.0,0.0,0.0,0.0,0.0,0.0,0.0
CC(=O)OC12CCC(NC(=O)C=Cc3ccccc3)C3Oc4c(O)ccc5c4C31CCN(CC1CC1)C2C5,0.0,0.0,0.0,0.0,0.0,0.0,9.23,0.0,0.0,0.0,0.0,0.0,0.0,0.0,0.0,0.0,0.0,0.0,0.0,0.0,0.0,0.0,0.0,0.0,0.0,0.0
CC(=O)OC1CC(C(=O)N2CCCC2C(=O)OCc2ccccc2)C2(C)CCC3C(=O)OC(c4ccoc4)CC3(C)C2C1=O,0.0,0.0,0.0,0.0,0.0,0.0,6.68,0.0,0.0,0.0,0.0,0.0,0.0,0.0,0.0,0.0,0.0,0.0,0.0,0.0,0.0,0.0,0.0,0.0,0.0,0.0
CC(=O)OC1CC(C(=O)NC(C)C(=O)OCc2ccccc2)C2(C)CCC3C(=O)OC(c4ccoc4)CC3(C)C2C1=O,0.0,0.0,0.0,0.0,0.0,0.0,7.57,0.0,0.0,0.0,0.0,0.0,0.0,0.0,0.0,0.0,0.0,0.0,0.0,0.0,0.0,0.0,0.0,0.0,0.0,0.0
CC(=O)OC1CC(C(=O)NC2CC2)C2(C)CCC3C(=O)OC(c4ccoc4)CC3(C)C2C1=O,0.0,0.0,0.0,0.0,0.0,0.0,6.32,0.0,0.0,0.0,0.0,0.0,0.0,0.0,0.0,0.0,0.0,0.0,0.0,0.0,0.0,0.0,0.0,0.0,0.0,0.0
CC(=O)OC1CC(C(=O)NCC(=O)OCc2ccccc2)C2(C)CCC3C(=O)OC(c4ccoc4)CC3(C)C2C1=O,0.0,0.0,0.0,0.0,0.0,0.0,6.33,0.0,0.0,0.0,0.0,0.0,0.0,0.0,0.0,0.0,0.0,0.0,0.0,0.0,0.0,0.0,0.0,0.0,0.0,0.0
CC(=O)OC1CC(C(=O)O)C2(C)CCC3C(=O)OC(c4ccoc4)CC3(C)C2C1=O,0.0,0.0,0.0,0.0,0.0,0.0,7.31,0.0,0.0,0.0,0.0,0.0,0.0,0.0,0.0,0.0,0.0,0.0,0.0,0.0,0.0,0.0,0.0,0.0,0.0,0.0
CC(=O)OC1CC(CO)C2(C)CC(=O)C3COC(c4ccoc4)CC3(C)C2C1=O,0.0,0.0,0.0,0.0,0.0,0.0,6.0,0.0,0.0,0.0,0.0,0.0,0.0,0.0,0.0,0.0,0.0,0.0,0.0,0.0,0.0,0.0,0.0,0.0,0.0,0.0
CC(=O)OC1CC(CO)C2(C)CCC3C(=O)OC(c4ccoc4)CC3(C)C2C1=O,0.0,0.0,0.0,0.0,0.0,0.0,7.36,0.0,0.0,0.0,0.0,0.0,0.0,0.0,0.0,0.0,0.0,0.0,0.0,0.0,0.0,0.0,0.0,0.0,0.0,0.0
CC(=O)OC1CC(COC(=O)C2CC2)C2(C)CCC3C(=O)OC(c4ccoc4)CC3(C)C2C1=O,0.0,0.0,0.0,0.0,0.0,0.0,6.66,0.0,0.0,0.0,0.0,0.0,0.0,0.0,0.0,0.0,0.0,0.0,0.0,0.0,0.0,0.0,0.0,0.0,0.0,0.0
CC(C)(C)C(C)(O)C1CC23CCC1(OCCF)C1Oc4c(O)ccc5c4C12CCN(CC1CC1)C3C5,0.0,0.0,0.0,0.0,0.0,0.0,0.0,0.0,0.0,0.0,0.0,0.0,0.0,0.0,0.0,0.0,0.0,9.92,0.0,0.0,0.0,0.0,0.0,0.0,0.0,0.0
CC(C)(C)C1(O)CCN(C(c2ccccc2)c2ccccc2)CC1,0.0,0.0,0.0,0.0,0.0,0.0,5.97,0.0,0.0,0.0,0.0,0.0,0.0,0.0,0.0,0.0,0.0,0.0,0.0,0.0,0.0,0.0,0.0,0.0,0.0,0.0
CC(C)(C)C1CCC(N2CCC3(CC2)C(=O)N(Cc2ccccc2)Cc2cc(F)ccc23)CC1,0.0,0.0,0.0,0.0,0.0,0.0,0.0,0.0,0.0,0.0,0.0,0.0,0.0,0.0,0.0,0.0,0.0,5.96,0.0,0.0,0.0,0.0,0.0,0.0,0.0,0.0
CC(C)(C)C1CCC(N2CCC3(CC2)C(=O)N(Cc2ccccc2)Cc2cccc(F)c23)CC1,0.0,0.0,0.0,0.0,0.0,0.0,0.0,0.0,0.0,0.0,0.0,0.0,0.0,0.0,0.0,0.0,0.0,6.72,0.0,0.0,0.0,0.0,0.0,0.0,0.0,0.0
CC(C)(C)C1CCC(N2CCC3(CC2)C(=O)N(Cc2ccccc2)Cc2ccccc23)CC1,0.0,0.0,0.0,0.0,0.0,0.0,0.0,0.0,0.0,0.0,0.0,0.0,0.0,0.0,0.0,0.0,0.0,7.01,0.0,0.0,0.0,0.0,0.0,0.0,0.0,0.0
CC(C)(C)C1CCC(N2CCC3(CC2)C(=O)NCc2cc(F)ccc23)CC1,0.0,0.0,0.0,0.0,0.0,0.0,0.0,0.0,0.0,0.0,0.0,0.0,0.0,0.0,0.0,0.0,0.0,5.44,0.0,0.0,0.0,0.0,0.0,0.0,0.0,0.0
CC(C)(C)C1CCC(N2CCC3(CC2)C(=O)NCc2ccccc23)CC1,0.0,0.0,0.0,0.0,0.0,0.0,0.0,0.0,0.0,0.0,0.0,0.0,0.0,0.0,0.0,0.0,0.0,5.42,0.0,0.0,0.0,0.0,0.0,0.0,0.0,0.0
CC(C)(C)CCN1CCCc2cc(Oc3ccc(C(N)=O)cn3)ccc2C1,0.0,0.0,0.0,0.0,0.0,0.0,7.14,0.0,0.0,0.0,0.0,0.0,0.0,0.0,0.0,0.0,0.0,0.0,0.0,0.0,0.0,0.0,0.0,0.0,0.0,0.0
CC(C)(C)CCNCc1ccc(-c2cccnc2S(=O)(=O)N2CCCC2)cc1,0.0,0.0,0.0,0.0,0.0,0.0,8.08,0.0,0.0,0.0,0.0,0.0,0.0,0.0,0.0,0.0,0.0,0.0,0.0,0.0,0.0,0.0,0.0,0.0,0.0,0.0
CC(C)(C)CCNCc1ccc(-c2cnccc2S(=O)(=O)N2CCCC2)cc1,0.0,0.0,0.0,0.0,0.0,0.0,7.12,0.0,0.0,0.0,0.0,0.0,0.0,0.0,0.0,0.0,0.0,0.0,0.0,0.0,0.0,0.0,0.0,0.0,0.0,0.0
CC(C)(C)CCNCc1ccc(N2CCCc3cc(C(N)=O)ccc32)cc1,0.0,0.0,0.0,0.0,0.0,0.0,0.0,6.6,0.0,0.0,0.0,0.0,0.0,0.0,0.0,0.0,0.0,0.0,0.0,0.0,0.0,0.0,0.0,0.0,0.0,0.0
CC(C)(C)OC(=O)N1CCC(c2ccccc2)(c2nccn2Cc2ccccc2)CC1,0.0,0.0,0.0,0.0,0.0,0.0,0.0,0.0,0.0,0.0,0.0,0.0,0.0,0.0,7.08,0.0,0.0,0.0,0.0,0.0,0.0,0.0,0.0,0.0,0.0,0.0
CC(C)(C)OC(=O)N1CCCC1CNC1CCC(c2cc(F)ccc2F)(S(=O)(=O)c2ccc(Cl)cc2)CC1,0.0,0.0,0.0,0.0,0.0,0.0,0.0,0.0,0.0,0.0,0.0,0.0,0.0,0.0,5.48,0.0,0.0,0.0,0.0,0.0,0.0,0.0,0.0,0.0,0.0,0.0
CC(C)(C)OC(=O)N1CCN(C(=O)Cc2ccc(Cl)c(Cl)c2)C2C(N3CCCC3)CCCC21,0.0,0.0,0.0,0.0,0.0,0.0,0.0,0.0,0.0,0.0,0.0,0.0,0.0,0.0,0.0,0.0,0.0,0.0,0.0,0.0,0.0,7.75,0.0,0.0,0.0,0.0
CC(C)(C)OC(=O)NCCCCCCn1cc(CCCCN2CCC(c3ccc(-c4cc(C(=O)O)cc5cc(-c6ccc(C(F)(F)F)cc6)ccc45)cc3)CC2)nn1,0.0,0.0,0.0,0.0,0.0,0.0,0.0,0.0,0.0,0.0,0.0,0.0,0.0,0.0,0.0,0.0,0.0,5.39,0.0,0.0,0.0,0.0,0.0,0.0,0.0,0.0
CC(C)(C)OC(=O)Nc1ccc(C(=O)NC2CCC3(O)C4Cc5ccc(O)c6c5C3(CCN4CC3CC3)C2O6)cc1,0.0,0.0,0.0,0.0,0.0,0.0,9.1,0.0,0.0,0.0,0.0,0.0,0.0,0.0,0.0,0.0,0.0,0.0,0.0,0.0,0.0,0.0,0.0,0.0,0.0,0.0
CC(C)(C)c1cccc(-c2nncn2-c2cccc(O)c2)c1,0.0,0.0,0.0,0.0,0.0,0.0,0.0,0.0,0.0,0.0,0.0,0.0,0.0,0.0,0.0,0.0,0.0,5.82,0.0,0.0,0.0,0.0,0.0,0.0,0.0,0.0
CC(C)(CCCCCCC(C)(C)C(=O)Oc1ccc2c(c1)C13CCCCC1C(C2)N(CC1CCC1)CC3)C(=O)O,0.0,0.0,0.0,0.0,0.0,0.0,7.75,0.0,0.0,0.0,0.0,0.0,0.0,0.0,0.0,0.0,0.0,0.0,0.0,0.0,0.0,0.0,0.0,0.0,0.0,0.0
CC(C)(CCCCCCC(C)(C)C(=O)Oc1ccc2c(c1)C13CCCCC1C(C2)N(CC1CCC1)CC3)C(=O)OCc1ccccc1,0.0,0.0,0.0,0.0,0.0,0.0,8.33,0.0,0.0,0.0,0.0,0.0,0.0,0.0,0.0,0.0,0.0,0.0,0.0,0.0,0.0,0.0,0.0,0.0,0.0,0.0
CC(C)(CCCCCCC(C)(C)C(=O)Oc1ccc2c(c1)C13CCCCC1C(C2)N(CC1CCC1)CC3)C(=O)Oc1ccc2c(c1)C13CCCCC1C(C2)N(CC1CCC1)CC3,0.0,0.0,0.0,0.0,0.0,0.0,9.33,0.0,0.0,0.0,0.0,0.0,0.0,0.0,0.0,0.0,0.0,0.0,0.0,0.0,0.0,0.0,0.0,0.0,0.0,0.0
CC(C)(O)C1CC23CCC1(OCCF)C1Oc4c(O)ccc5c4C12CCN(CC1CC1)C3C5,0.0,0.0,0.0,0.0,0.0,0.0,0.0,0.0,0.0,0.0,0.0,0.0,0.0,0.0,0.0,0.0,0.0,9.7,0.0,0.0,0.0,0.0,0.0,0.0,0.0,0.0
CC(C)(O)c1ccc(C2(c3cccc(O)c3)CCCN(CC3CC3)C2)cc1,0.0,0.0,0.0,0.0,0.0,0.0,7.39,0.0,0.0,0.0,0.0,0.0,0.0,0.0,0.0,0.0,0.0,0.0,0.0,0.0,0.0,0.0,0.0,0.0,0.0,0.0
CC(C)=CC(O)CC(C)=CCOc1ccc2ccc(=O)oc2c1,0.0,0.0,0.0,0.0,0.0,0.0,5.58,0.0,0.0,0.0,0.0,0.0,0.0,0.0,0.0,0.0,0.0,0.0,0.0,0.0,0.0,0.0,0.0,0.0,0.0,0.0
CC(C)=CCC12Cc3c([nH]c4ccccc34)C3(C)Oc4c(O)ccc5c4C31CCN(C)C2C5,0.0,0.0,6.36,0.0,0.0,0.0,0.0,0.0,0.0,0.0,0.0,0.0,0.0,0.0,0.0,0.0,0.0,0.0,0.0,0.0,0.0,0.0,0.0,0.0,0.0,0.0
CC(C)=CCN1CCC2(C)c3cc(C(N)=O)ccc3CC1C2C,0.0,0.0,0.0,0.0,0.0,0.0,8.25,0.0,0.0,0.0,0.0,0.0,0.0,0.0,0.0,0.0,0.0,0.0,0.0,0.0,0.0,0.0,0.0,0.0,0.0,0.0
CC(C)=CCN1CCC2(C)c3cc(O)ccc3CC1C2C,0.0,0.0,0.0,0.0,0.0,0.0,8.52,0.0,0.0,0.0,0.0,0.0,0.0,0.0,8.66,0.0,0.0,0.0,0.0,0.0,0.0,0.0,0.0,0.0,0.0,0.0
CC(C)C(=O)N1CCC(c2ccccc2)(c2nccn2Cc2ccccc2)CC1,0.0,0.0,0.0,0.0,0.0,0.0,0.0,0.0,0.0,0.0,0.0,0.0,0.0,0.0,6.21,0.0,0.0,0.0,0.0,0.0,0.0,0.0,0.0,0.0,0.0,0.0
CC(C)C(CN1CCC(C)(c2cccc(O)c2)C(C)C1)NC(=O)C1Cc2ccc(O)cc2CN1,0.0,0.0,0.0,0.0,0.0,0.0,10.23,0.0,0.0,0.0,0.0,0.0,0.0,0.0,10.52,0.0,0.0,0.0,0.0,0.0,0.0,0.0,0.0,0.0,0.0,0.0
CC(C)C(CN1CCC(C)(c2cccc(O)c2)C(C)C1)NC(=O)C1Cc2ccc(O)cc2CN1C,0.0,0.0,0.0,0.0,0.0,0.0,9.81,0.0,0.0,0.0,0.0,0.0,0.0,0.0,0.0,0.0,0.0,0.0,0.0,0.0,0.0,0.0,0.0,0.0,0.0,0.0
CC(C)C(NC(=O)C(CCC(N)=O)NC(=O)C(CCCNC(=N)N)NC(=O)C(CCCNC(=N)N)NC(=O)C1CSSCC(NC(=O)C(N)CC(N)=O)C(=O)N1)C(=O)NC1CSSCC(C(N)=O)NC1=O,0.0,0.0,0.0,0.0,0.0,0.0,0.0,0.0,0.0,0.0,0.0,0.0,0.0,0.0,0.0,0.0,0.0,0.0,6.18,0.0,0.0,0.0,0.0,0.0,0.0,0.0
CC(C)C1(O)CCN(C(c2ccccc2)c2ccccc2)CC1,0.0,0.0,0.0,0.0,0.0,0.0,5.13,0.0,0.0,0.0,0.0,0.0,0.0,0.0,0.0,0.0,0.0,0.0,0.0,0.0,0.0,0.0,0.0,0.0,0.0,0.0
CC(C)C1CCC(N2CCC(N3C(=O)CCc4ccccc43)CC2)CC1,0.0,0.0,0.0,0.0,0.0,0.0,7.16,0.0,0.0,0.0,0.0,0.0,0.0,0.0,0.0,0.0,0.0,0.0,0.0,0.0,0.0,0.0,0.0,0.0,0.0,0.0
CC(C)C1CCC(N2CCC(N3CCc4ccccc43)CC2)CC1,0.0,0.0,0.0,0.0,0.0,0.0,6.25,0.0,0.0,0.0,0.0,0.0,0.0,0.0,0.0,0.0,0.0,0.0,0.0,0.0,0.0,0.0,0.0,0.0,0.0,0.0
CC(C)C1CCC(N2CCC(n3c(=O)c(=O)[nH]c4ccccc43)CC2)CC1,0.0,0.0,0.0,0.0,0.0,0.0,0.0,0.0,0.0,0.0,0.0,0.0,0.0,0.0,0.0,0.0,0.0,6.06,0.0,0.0,0.0,0.0,0.0,0.0,0.0,0.0
CC(C)C1CCC(N2CCC(n3cc(C(N)=O)c4ccccc43)CC2)CC1,0.0,0.0,0.0,0.0,0.0,0.0,6.35,0.0,0.0,0.0,0.0,0.0,0.0,0.0,0.0,0.0,0.0,0.0,0.0,0.0,0.0,0.0,0.0,0.0,0.0,0.0
CC(C)C1CCC(N2CCC(n3cc(CCCN)c4ccccc43)CC2)CC1,0.0,0.0,0.0,0.0,0.0,0.0,5.88,0.0,0.0,0.0,0.0,0.0,0.0,0.0,0.0,0.0,0.0,0.0,0.0,0.0,0.0,0.0,0.0,0.0,0.0,0.0
CC(C)C1CCC(N2CCC(n3cc(CCCNC(N)=S)c4ccccc43)CC2)CC1,0.0,0.0,0.0,0.0,0.0,0.0,6.08,0.0,0.0,0.0,0.0,0.0,0.0,0.0,0.0,0.0,0.0,0.0,0.0,0.0,0.0,0.0,0.0,0.0,0.0,0.0
CC(C)C1CCC(N2CCC(n3cc(CCN)c4ccccc43)CC2)CC1,0.0,0.0,0.0,0.0,0.0,0.0,5.56,0.0,0.0,0.0,0.0,0.0,0.0,0.0,0.0,0.0,0.0,0.0,0.0,0.0,0.0,0.0,0.0,0.0,0.0,0.0
CC(C)C1CCC(N2CCC(n3cc(CCNC(N)=S)c4ccccc43)CC2)CC1,0.0,0.0,0.0,0.0,0.0,0.0,7.09,0.0,0.0,0.0,0.0,0.0,0.0,0.0,0.0,0.0,0.0,0.0,0.0,0.0,0.0,0.0,0.0,0.0,0.0,0.0
CC(C)C1CCC(N2CCC(n3cc(CN)c4ccccc43)CC2)CC1,0.0,0.0,0.0,0.0,0.0,0.0,6.76,0.0,0.0,0.0,0.0,0.0,0.0,0.0,0.0,0.0,0.0,0.0,0.0,0.0,0.0,0.0,0.0,0.0,0.0,0.0
CC(C)C1CCC(N2CCC(n3cc(CN4CCC(N)CC4)c4ccccc43)CC2)CC1,0.0,0.0,0.0,0.0,0.0,0.0,5.46,0.0,0.0,0.0,0.0,0.0,0.0,0.0,0.0,0.0,0.0,0.0,0.0,0.0,0.0,0.0,0.0,0.0,0.0,0.0
CC(C)C1CCC(N2CCC(n3cc(CN4CCC(O)CC4)c4ccccc43)CC2)CC1,0.0,0.0,0.0,0.0,0.0,0.0,5.42,0.0,0.0,0.0,0.0,0.0,0.0,0.0,0.0,0.0,0.0,0.0,0.0,0.0,0.0,0.0,0.0,0.0,0.0,0.0
CC(C)C1CCC(N2CCC(n3cc(CN4CCCC4)c4ccccc43)CC2)CC1,0.0,0.0,0.0,0.0,0.0,0.0,6.34,0.0,0.0,0.0,0.0,0.0,0.0,0.0,0.0,0.0,0.0,0.0,0.0,0.0,0.0,0.0,0.0,0.0,0.0,0.0
CC(C)C1CCC(N2CCC(n3cc(CNC(=O)C(N)CCCNC(=N)N)c4ccccc43)CC2)CC1,0.0,0.0,0.0,0.0,0.0,0.0,6.17,0.0,0.0,0.0,0.0,0.0,0.0,0.0,0.0,0.0,0.0,0.0,0.0,0.0,0.0,0.0,0.0,0.0,0.0,0.0
CC(C)C1CCC(N2CCC(n3cc(CNCCO)c4ccccc43)CC2)CC1,0.0,0.0,0.0,0.0,0.0,0.0,5.83,0.0,0.0,0.0,0.0,0.0,0.0,0.0,0.0,0.0,0.0,0.0,0.0,0.0,0.0,0.0,0.0,0.0,0.0,0.0
CC(C)C1CCC(N2CCC(n3ccc4ccccc43)CC2)CC1,0.0,0.0,0.0,0.0,0.0,0.0,5.8,0.0,0.0,0.0,0.0,0.0,0.0,0.0,0.0,0.0,0.0,0.0,0.0,0.0,0.0,0.0,0.0,0.0,0.0,0.0
CC(C)C1CCC(N2CCC3(CC2)C(=O)N(C)Cc2cc(F)ccc23)CC1,0.0,0.0,0.0,0.0,0.0,0.0,0.0,0.0,0.0,0.0,0.0,0.0,0.0,0.0,0.0,0.0,0.0,6.99,0.0,0.0,0.0,0.0,0.0,0.0,0.0,0.0
CC(C)C1CCC(N2CCC3(CC2)C(=O)N(C)Cc2cccc(F)c23)CC1,0.0,0.0,0.0,0.0,0.0,0.0,0.0,0.0,0.0,0.0,0.0,0.0,0.0,0.0,0.0,0.0,0.0,6.38,0.0,0.0,0.0,0.0,0.0,0.0,0.0,0.0
CC(C)C1CCC(N2CCC3(CC2)C(=O)N(C)Cc2ccccc23)CC1,0.0,0.0,0.0,0.0,0.0,0.0,0.0,0.0,0.0,0.0,0.0,0.0,0.0,0.0,0.0,0.0,0.0,6.25,0.0,0.0,0.0,0.0,0.0,0.0,0.0,0.0
CC(C)C1CCC(N2CCC3(CC2)C(=O)N(Cc2ccccc2)Cc2cc(F)ccc23)CC1,0.0,0.0,0.0,0.0,0.0,0.0,0.0,0.0,0.0,0.0,0.0,0.0,0.0,0.0,0.0,0.0,0.0,5.72,0.0,0.0,0.0,0.0,0.0,0.0,0.0,0.0
CC(C)C1CCC(N2CCC3(CC2)C(=O)N(Cc2ccccc2)Cc2cccc(F)c23)CC1,0.0,0.0,0.0,0.0,0.0,0.0,0.0,0.0,0.0,0.0,0.0,0.0,0.0,0.0,0.0,0.0,0.0,6.91,0.0,0.0,0.0,0.0,0.0,0.0,0.0,0.0
CC(C)C1CCC(N2CCC3(CC2)C(=O)N(Cc2ccccc2)Cc2ccccc23)CC1,0.0,0.0,0.0,0.0,0.0,0.0,0.0,0.0,0.0,0.0,0.0,0.0,0.0,0.0,0.0,0.0,0.0,6.03,0.0,0.0,0.0,0.0,0.0,0.0,0.0,0.0
CC(C)C1CCC(N2CCC3(CC2)C(=O)NCc2cc(F)ccc23)CC1,0.0,0.0,0.0,0.0,0.0,0.0,0.0,0.0,0.0,0.0,0.0,0.0,0.0,0.0,0.0,0.0,0.0,5.4,0.0,0.0,0.0,0.0,0.0,0.0,0.0,0.0
CC(C)C1CCC(N2CCC3(CC2)C(=O)NCc2ccccc23)CC1,0.0,0.0,0.0,0.0,0.0,0.0,0.0,0.0,0.0,0.0,0.0,0.0,0.0,0.0,0.0,0.0,0.0,5.42,0.0,0.0,0.0,0.0,0.0,0.0,0.0,0.0
CC(C)C1CCC(N2CCC3(CC2)C2CN(C)CC2CN3c2ccccc2)CC1,0.0,0.0,0.0,0.0,0.0,0.0,0.0,0.0,0.0,0.0,0.0,0.0,0.0,0.0,6.55,0.0,0.0,0.0,0.0,0.0,0.0,0.0,0.0,0.0,0.0,0.0
CC(C)C1CCC(N2CCC3(CC2)C2CN(CC4CC4)CC2CN3c2ccc(F)cc2)CC1,0.0,0.0,0.0,0.0,0.0,0.0,0.0,0.0,0.0,0.0,0.0,0.0,0.0,0.0,6.77,0.0,0.0,0.0,0.0,0.0,0.0,0.0,0.0,0.0,0.0,0.0
CC(C)C1CCC(N2CCC3(CC2)C2CN(CCN4CCOCC4)CC2CN3c2ccccc2)CC1,0.0,0.0,0.0,0.0,0.0,0.0,0.0,0.0,0.0,0.0,0.0,0.0,0.0,0.0,6.83,0.0,0.0,0.0,0.0,0.0,0.0,0.0,0.0,0.0,0.0,0.0
CC(C)C1CCC(N2CCC3(CC2)C2CN(CCO)CC2CN3c2ccccc2)CC1,0.0,0.0,0.0,0.0,0.0,0.0,0.0,0.0,0.0,0.0,0.0,0.0,0.0,0.0,6.88,0.0,0.0,0.0,0.0,0.0,0.0,0.0,0.0,0.0,0.0,0.0
CC(C)C1CCC(N2CCC3(CC2)C2CN(Cc4ccccc4)CC2CN3c2ccccc2)CC1,0.0,0.0,0.0,0.0,0.0,0.0,0.0,0.0,0.0,0.0,0.0,0.0,0.0,0.0,6.81,0.0,0.0,0.0,0.0,0.0,0.0,0.0,0.0,0.0,0.0,0.0
CC(C)C1CCC(N2CCC3(CC2)C2CN(c4ccccc4)CC2CN3c2ccccc2)CC1,0.0,0.0,0.0,0.0,0.0,0.0,0.0,0.0,0.0,0.0,0.0,0.0,0.0,0.0,6.29,0.0,0.0,0.0,0.0,0.0,0.0,0.0,0.0,0.0,0.0,0.0
CC(C)C1CCC(N2CCC3(CC2)C2CNCC2CN3c2ccccc2)CC1,0.0,0.0,0.0,0.0,0.0,0.0,0.0,0.0,0.0,0.0,0.0,0.0,0.0,0.0,6.59,0.0,0.0,0.0,0.0,0.0,0.0,0.0,0.0,0.0,0.0,0.0
CC(C)CC(NC(=O)C(CCC(N)=O)NC(=O)C(CCCNC(=N)N)NC(=O)C(CCCNC(=N)N)NC(=O)C1CSSCC(NC(=O)C(N)CC(N)=O)C(=O)N1)C(=O)NC1CSSCC(C(N)=O)NC1=O,0.0,0.0,0.0,0.0,0.0,0.0,0.0,0.0,0.0,0.0,0.0,0.0,0.0,0.0,0.0,0.0,0.0,0.0,7.62,0.0,0.0,0.0,0.0,0.0,0.0,0.0
CC(C)CC(NC(=O)C(CCCCN)NC(=O)C(CCCNC(=N)N)NC(=O)C(C)NC(=O)C(CO)NC(=O)C(CCCCN)NC(=O)C(CCCNC(=N)N)NC(=O)C(C)NC(=O)CNC(=O)C(NC(=O)C(Cc1ccccc1)NC(=O)CNC(=O)CNC(=O)C(N)Cc1ccccc1)C(C)O)C(=O)NC(C)C(=O)NC(CC(N)=O)C(=O)NC(CCC(N)=O)C(=O)O,0.0,0.0,0.0,0.0,0.0,0.0,6.83,0.0,0.0,0.0,0.0,0.0,0.0,0.0,0.0,0.0,0.0,0.0,0.0,0.0,0.0,0.0,0.0,0.0,0.0,0.0
CC(C)CC(NC(=O)C(CCCNC(=N)N)NC(=O)C(CCCNC(=N)N)NC(=O)C1CCCN1C(=O)c1ccccc1)C(=O)NC(CC1CCCCC1)C(=O)NC1CSSCC(C(N)=O)NC1=O,0.0,0.0,0.0,0.0,0.0,0.0,0.0,0.0,0.0,0.0,0.0,0.0,0.0,0.0,0.0,0.0,0.0,0.0,8.85,0.0,0.0,0.0,0.0,0.0,0.0,0.0
CC(C)CC(NC(=O)C(CO)NC(=O)CCCNC(=O)C(CC(C)C)NC(=O)C(Cc1ccccc1)NC(=O)CNC(=O)C(NC(=O)C(N)Cc1ccc(O)cc1)C(C)O)C(N)=O,0.0,0.0,0.0,0.0,0.0,0.0,7.41,0.0,0.0,0.0,0.0,0.0,0.0,0.0,0.0,0.0,0.0,0.0,0.0,0.0,0.0,0.0,0.0,0.0,0.0,0.0
CC(C)CC(NC(=O)C(COC1OC(CO)C(O)C(O)C1O)NC(=O)C(CC(N)=O)NC(=O)C(CC(C)C)NC(=O)C(C)NC(=O)C(CC(N)=O)NC(=O)C(CC(N)=O)NC(=O)C(C)(C)NC(=O)C(CC(C)C)NC(=O)C(CC(N)=O)NC(=O)CNC(=O)CNC(=O)C(Cc1ccccc1)N(C)C(=O)CNC(=O)C(C)NC(=O)C(N)Cc1ccc(O)cc1)C(N)=O,0.0,0.0,0.0,0.0,0.0,0.0,6.47,0.0,0.0,0.0,0.0,0.0,0.0,0.0,0.0,0.0,0.0,0.0,0.0,0.0,0.0,0.0,0.0,0.0,0.0,0.0
CC(C)CC(NC(=O)C(COC1OC(CO)C(O)C(O)C1O)NC(=O)C(CCCCN)NC(=O)C(CC(C)C)NC(=O)C(C)NC(=O)C(CC(N)=O)NC(=O)C(CCCCN)NC(=O)C(C)(C)NC(=O)C(CC(C)C)NC(=O)C(CC(N)=O)NC(=O)CNC(=O)CNC(=O)C(Cc1ccccc1)N(C)C(=O)CNC(=O)C(C)NC(=O)C(N)Cc1ccc(O)cc1)C(N)=O,0.0,0.0,0.0,0.0,0.0,0.0,7.96,0.0,0.0,0.0,0.0,0.0,0.0,0.0,0.0,0.0,0.0,0.0,0.0,0.0,0.0,0.0,0.0,0.0,0.0,0.0
CC(C)CC(NC(=O)C(COC1OC(CO)C(O)C(O)C1O)NC(=O)C(CCCCN)NC(=O)C(CC(C)C)NC(=O)C(C)NC(=O)C(CCCCN)NC(=O)C(CCC(=O)O)NC(=O)C(C)(C)NC(=O)C(CC(C)C)NC(=O)C(CC(N)=O)NC(=O)C(C)NC(=O)C(CC(C)C)NC(=O)C(Cc1ccccc1)NC(=O)CNC(=O)C(NC(=O)C(N)Cc1ccc(O)cc1)C(C)O)C(N)=O,0.0,0.0,0.0,0.0,0.0,0.0,8.01,0.0,0.0,0.0,0.0,0.0,0.0,0.0,0.0,0.0,0.0,0.0,0.0,0.0,0.0,0.0,0.0,0.0,0.0,0.0
CC(C)CC(NC(=O)C(COC1OC(CO)C(O)C(O)C1O)NC(=O)C(CCCCN)NC(=O)C(CC(C)C)NC(=O)C(C)NC(=O)C(CCCCN)NC(=O)C(CCC(=O)O)NC(=O)C(C)(C)NC(=O)C(CC(C)C)NC(=O)C(CC(N)=O)NC(=O)C1CCCN1C(=O)C(CC(C)C)NC(=O)C(Cc1ccccc1)NC(=O)CNC(=O)C(NC(=O)C(N)Cc1ccc(O)cc1)C(C)O)C(N)=O,0.0,0.0,0.0,0.0,0.0,0.0,8.64,0.0,0.0,0.0,0.0,0.0,0.0,0.0,0.0,0.0,0.0,0.0,0.0,0.0,0.0,0.0,0.0,0.0,0.0,0.0
CC(C)CC(NC(=O)C(COC1OC(CO)C(O)C(O)C1O)NC(=O)C(CCCCN)NC(=O)C(CC(C)C)NC(=O)C(C)NC(=O)C(CCCCN)NC(=O)C(CCC(=O)O)NC(=O)C(C)(C)NC(=O)C(CC(C)C)NC(=O)C(CC(N)=O)NC(=O)C1CCCN1C(=O)C(Cc1ccccc1)N(C)C(=O)CNC(=O)C(C)NC(=O)C(N)Cc1ccc(O)cc1)C(N)=O,0.0,0.0,0.0,0.0,0.0,0.0,6.47,0.0,0.0,0.0,0.0,0.0,0.0,0.0,0.0,0.0,0.0,0.0,0.0,0.0,0.0,0.0,0.0,0.0,0.0,0.0
CC(C)CC(NC(=O)C(COC1OC(CO)C(O)C(O)C1O)NC(=O)C(CCCCN)NC(=O)C(CC(C)C)NC(=O)C(C)NC(=O)C(CCCCN)NC(=O)C(CCC(=O)O)NC(=O)C(C)(C)NC(=O)C(CC(C)C)NC(=O)C(CC(N)=O)NC(=O)C1CCCN1C(=O)C1CCCN1C(=O)C(Cc1ccccc1)N(C)C(=O)CNC(=O)C(C)NC(=O)C(N)Cc1ccc(O)cc1)C(N)=O,0.0,0.0,0.0,0.0,0.0,0.0,7.72,0.0,0.0,0.0,0.0,0.0,0.0,0.0,0.0,0.0,0.0,0.0,0.0,0.0,0.0,0.0,0.0,0.0,0.0,0.0
CC(C)CC(NC(=O)C(COC1OC(CO)C(O)C(O)C1O)NC(=O)C(CCCCN)NC(=O)C(CC(C)C)NC(=O)C(C)NC(=O)C(CCCCN)NC(=O)C(CCC(=O)O)NC(=O)C(C)(C)NC(=O)C(CC(C)C)NC(=O)C(CC(N)=O)NC(=O)C1CCCN1C(=O)CCNC(=O)C(Cc1ccccc1)N(C)C(=O)CNC(=O)C(C)NC(=O)C(N)Cc1ccc(O)cc1)C(N)=O,0.0,0.0,0.0,0.0,0.0,0.0,7.0,0.0,0.0,0.0,0.0,0.0,0.0,0.0,0.0,0.0,0.0,0.0,0.0,0.0,0.0,0.0,0.0,0.0,0.0,0.0
CC(C)CC(NC(=O)C(COC1OC(CO)C(O)C(O)C1O)NC(=O)C(CCCCN)NC(=O)C(CC(C)C)NC(=O)C(C)NC(=O)C(CCCCN)NC(=O)C(CCC(=O)O)NC(=O)C(C)(C)NC(=O)C(CC(C)C)NC(=O)C(CC(N)=O)NC(=O)C1CCCN1C(=O)CNC(=O)C(Cc1ccccc1)N(C)C(=O)CNC(=O)C(C)NC(=O)C(N)Cc1ccc(O)cc1)C(N)=O,0.0,0.0,0.0,0.0,0.0,0.0,7.35,0.0,0.0,0.0,0.0,0.0,0.0,0.0,0.0,0.0,0.0,0.0,0.0,0.0,0.0,0.0,0.0,0.0,0.0,0.0
CC(C)CC(NC(=O)C(COC1OC(CO)C(O)C(O)C1O)NC(=O)C(CCCCN)NC(=O)C(CC(C)C)NC(=O)C(C)NC(=O)C(CCCCN)NC(=O)C(CCC(=O)O)NC(=O)C(C)(C)NC(=O)C(CC(C)C)NC(=O)C(CC(N)=O)NC(=O)CCCCNC(=O)C(CC(C)C)NC(=O)C(Cc1ccccc1)NC(=O)CNC(=O)C(NC(=O)C(N)Cc1ccc(O)cc1)C(C)O)C(N)=O,0.0,0.0,0.0,0.0,0.0,0.0,7.92,0.0,0.0,0.0,0.0,0.0,0.0,0.0,0.0,0.0,0.0,0.0,0.0,0.0,0.0,0.0,0.0,0.0,0.0,0.0
CC(C)CC(NC(=O)C(COC1OC(CO)C(O)C(O)C1O)NC(=O)C(CCCCN)NC(=O)C(CC(C)C)NC(=O)C(C)NC(=O)C(CCCCN)NC(=O)C(CCC(=O)O)NC(=O)C(C)(C)NC(=O)C(CC(C)C)NC(=O)C(CC(N)=O)NC(=O)CCCNC(=O)C(CC(C)C)NC(=O)C(Cc1ccccc1)NC(=O)CNC(=O)C(NC(=O)C(N)Cc1ccc(O)cc1)C(C)O)C(N)=O,0.0,0.0,0.0,0.0,0.0,0.0,7.96,0.0,0.0,0.0,0.0,0.0,0.0,0.0,0.0,0.0,0.0,0.0,0.0,0.0,0.0,0.0,0.0,0.0,0.0,0.0
CC(C)CC(NC(=O)C(COC1OC(CO)C(O)C(O)C1O)NC(=O)C(CCCCN)NC(=O)C(CC(C)C)NC(=O)C(C)NC(=O)C(CCCCN)NC(=O)C(CCC(=O)O)NC(=O)C(C)(C)NC(=O)C(CC(C)C)NC(=O)C(CC(N)=O)NC(=O)CCNC(=O)C(Cc1ccccc1)N(C)C(=O)CNC(=O)C(C)NC(=O)C(N)Cc1ccc(O)cc1)C(N)=O,0.0,0.0,0.0,0.0,0.0,0.0,6.7,0.0,0.0,0.0,0.0,0.0,0.0,0.0,0.0,0.0,0.0,0.0,0.0,0.0,0.0,0.0,0.0,0.0,0.0,0.0
CC(C)CC(NC(=O)C(COC1OC(CO)C(O)C(O)C1O)NC(=O)C(CCCCN)NC(=O)C(CC(C)C)NC(=O)C(C)NC(=O)C(CCCCN)NC(=O)C(CCC(=O)O)NC(=O)C(C)(C)NC(=O)C(CC(C)C)NC(=O)C(CC(N)=O)NC(=O)CNC(=O)C(CC(C)C)NC(=O)C(Cc1ccccc1)NC(=O)CNC(=O)C(NC(=O)C(N)Cc1ccc(O)cc1)C(C)O)C(N)=O,0.0,0.0,0.0,0.0,0.0,0.0,7.85,0.0,0.0,0.0,0.0,0.0,0.0,0.0,0.0,0.0,0.0,0.0,0.0,0.0,0.0,0.0,0.0,0.0,0.0,0.0
CC(C)CC(NC(=O)C(COC1OC(CO)C(O)C(O)C1O)NC(=O)C(CCCCN)NC(=O)C(CC(C)C)NC(=O)C(C)NC(=O)C(CCCCN)NC(=O)C(CCC(=O)O)NC(=O)C(C)(C)NC(=O)C(CC(C)C)NC(=O)C(CC(N)=O)NC(=O)CNC(=O)CNC(=O)C(Cc1ccccc1)N(C)C(=O)CNC(=O)C(C)NC(=O)C(N)Cc1ccc(O)cc1)C(N)=O,0.0,0.0,0.0,0.0,0.0,0.0,7.23,0.0,0.0,0.0,0.0,0.0,0.0,0.0,0.0,0.0,0.0,0.0,0.0,0.0,0.0,0.0,0.0,0.0,0.0,0.0
CC(C)CC(NC(=O)C(COC1OC(CO)C(O)C(O)C1O)NC(=O)C(CCCCN)NC(=O)C(CC(C)C)NC(=O)C(C)NC(=O)C(CCCCN)NC(=O)C(CCCCN)NC(=O)C(C)(C)NC(=O)C(CC(C)C)NC(=O)C(CC(N)=O)NC(=O)CNC(=O)CNC(=O)C(Cc1ccccc1)N(C)C(=O)CNC(=O)C(C)NC(=O)C(N)Cc1ccc(O)cc1)C(N)=O,0.0,0.0,0.0,0.0,0.0,0.0,6.37,0.0,0.0,0.0,0.0,0.0,0.0,0.0,0.0,0.0,0.0,0.0,0.0,0.0,0.0,0.0,0.0,0.0,0.0,0.0
CC(C)CC(NC(=O)C(COC1OC(CO)C(O)C(O)C1O)NC(=O)CCCNC(=O)C(CC(C)C)NC(=O)C(Cc1ccccc1)NC(=O)CNC(=O)C(NC(=O)C(N)Cc1ccc(O)cc1)C(C)O)C(N)=O,0.0,0.0,0.0,0.0,0.0,0.0,7.15,0.0,0.0,0.0,0.0,0.0,0.0,0.0,0.0,0.0,0.0,0.0,0.0,0.0,0.0,0.0,0.0,0.0,0.0,0.0
CC(C)CC(NC(=O)C(COC1OC(CO)C(OC2OC(CO)C(O)C(O)C2O)C(O)C1O)NC(=O)C(CCCCN)NC(=O)C(CC(C)C)NC(=O)C(C)NC(=O)C(CCCCN)NC(=O)C(CCC(=O)O)NC(=O)C(C)(C)NC(=O)C(CC(C)C)NC(=O)C(CC(N)=O)NC(=O)CCCNC(=O)C(CC(C)C)NC(=O)C(Cc1ccccc1)NC(=O)CNC(=O)C(NC(=O)C(N)Cc1ccc(O)cc1)C(C)O)C(N)=O,0.0,0.0,0.0,0.0,0.0,0.0,7.28,0.0,0.0,0.0,0.0,0.0,0.0,0.0,0.0,0.0,0.0,0.0,0.0,0.0,0.0,0.0,0.0,0.0,0.0,0.0
CC(C)CC(NC(=O)C(Cc1ccccc1)NC(=O)CNC(=O)C(C)NC(=O)C(N)Cc1ccc(O)cc1)C(=O)NC(CCCNC(=N)N)C(=O)NC(CCCCN)C(=O)NC(Cc1ccc(I)cc1)C(=O)N1CCCC1C(=O)NC(CCCCN)C(=O)O,0.0,0.0,0.0,0.0,0.0,0.0,7.85,0.0,0.0,0.0,0.0,0.0,0.0,0.0,0.0,0.0,0.0,0.0,0.0,0.0,0.0,0.0,0.0,0.0,0.0,0.0
CC(C)CC(NC(=O)C(Cc1ccccc1)NC(=O)CNC(=O)C(NC(=O)C(N)Cc1ccc(O)cc1)C(C)O)C(=O)NC(COC1OC(CO)C(OC2OC(CO)C(O)C(O)C2O)C(O)C1O)C(N)=O,0.0,0.0,0.0,0.0,0.0,0.0,7.38,0.0,0.0,0.0,0.0,0.0,0.0,0.0,0.0,0.0,0.0,0.0,0.0,0.0,0.0,0.0,0.0,0.0,0.0,0.0
CC(C)CC(NC(=O)C(Cc1ccccc1)NC(=O)CNC(=O)CNC(=O)C(N)Cc1ccc(O)cc1)C(=O)NC(CCCNC(=N)N)C(=O)NC(CCCCN)C(=O)NC(Cc1ccc(I)cc1)C(=O)N1CCCC1C(=O)NC(CCCCN)C(=O)O,0.0,0.0,0.0,0.0,0.0,0.0,8.46,0.0,0.0,0.0,0.0,0.0,0.0,0.0,0.0,0.0,0.0,0.0,0.0,0.0,0.0,0.0,0.0,0.0,0.0,0.0
CC(C)CC(NC(=O)C(Cc1ccccc1)NC(=O)CNC(=O)CNC(=O)C(N)Cc1ccc(O)cc1)C(=O)NC(CCCNC(=N)N)C(=O)NC(CCCCN)C(=O)NC(Cc1ccc(O)cc1)C(=O)N1CCCC1C(=O)NC(CCCCN)C(=O)O,0.0,0.0,0.0,0.0,0.0,0.0,8.62,0.0,0.0,0.0,0.0,0.0,0.0,0.0,0.0,0.0,0.0,0.0,0.0,0.0,0.0,0.0,0.0,0.0,0.0,0.0
CC(C)CC1(c2cccc(O)c2)CCN(CC2CC2)C1,0.0,0.0,0.0,0.0,0.0,0.0,0.0,0.0,0.0,0.0,0.0,0.0,0.0,0.0,8.6,0.0,0.0,0.0,0.0,0.0,0.0,0.0,0.0,0.0,0.0,0.0
CC(C)CCC(c1ccccc1)N1CCC(O)(c2ccccc2)CC1,0.0,0.0,0.0,0.0,0.0,0.0,6.73,0.0,0.0,0.0,0.0,0.0,0.0,0.0,0.0,0.0,0.0,0.0,0.0,0.0,0.0,0.0,0.0,0.0,0.0,0.0
CC(C)CCCCN1CCCc2cc(Oc3ccc(C(N)=O)cn3)ccc2C1,0.0,0.0,0.0,0.0,0.0,0.0,6.5,0.0,0.0,0.0,0.0,0.0,0.0,0.0,0.0,0.0,0.0,0.0,0.0,0.0,0.0,0.0,0.0,0.0,0.0,0.0
CC(C)CCCN1CCCc2cc(Oc3ccc(C(N)=O)cn3)ccc2C1,0.0,0.0,0.0,0.0,0.0,0.0,6.97,0.0,0.0,0.0,0.0,0.0,0.0,0.0,0.0,0.0,0.0,0.0,0.0,0.0,0.0,0.0,0.0,0.0,0.0,0.0
CC(C)CCN(CCc1cccc(O)c1)CCc1cccc(O)c1,0.0,0.0,0.0,0.0,0.0,0.0,0.0,0.0,0.0,0.0,0.0,0.0,0.0,0.0,0.0,0.0,0.0,0.0,0.0,0.0,0.0,8.68,0.0,0.0,0.0,0.0
CC(C)CCN(CCc1ccccc1)CCc1cccc(O)c1,0.0,0.0,0.0,0.0,0.0,0.0,0.0,0.0,0.0,0.0,0.0,0.0,0.0,0.0,0.0,0.0,0.0,0.0,0.0,0.0,0.0,8.57,0.0,0.0,0.0,0.0
CC(C)CCN1CCC2CC(=O)C(Cc3ccccc3)C3CCCC1C23,0.0,0.0,0.0,0.0,0.0,6.15,0.0,0.0,0.0,0.0,0.0,0.0,0.0,0.0,0.0,0.0,0.0,0.0,0.0,0.0,0.0,0.0,0.0,0.0,0.0,0.0
CC(C)CCN1CCCc2cc(Oc3ccc(C(N)=O)cn3)ccc2C1,0.0,0.0,0.0,0.0,0.0,0.0,7.11,0.0,0.0,0.0,0.0,0.0,0.0,0.0,0.0,0.0,0.0,0.0,0.0,0.0,0.0,0.0,0.0,0.0,0.0,0.0
CC(C)CCN1CN(c2ccccc2)C2(CCN(C(c3ccccc3Cl)c3ccccc3Cl)CC2)C1=O,0.0,0.0,0.0,0.0,0.0,0.0,4.33,0.0,0.0,0.0,0.0,0.0,0.0,0.0,0.0,0.0,0.0,0.0,0.0,0.0,0.0,0.0,0.0,0.0,0.0,0.0
CC(C)CCNCCN1CN(c2ccccc2)C2(CCN(C3CCC(C)(C)c4ccccc43)CC2)C1=O,0.0,0.0,0.0,0.0,0.0,0.0,7.09,0.0,0.0,0.0,0.0,0.0,0.0,0.0,0.0,0.0,0.0,0.0,0.0,0.0,0.0,0.0,0.0,0.0,0.0,0.0
CC(C)CCNCc1ccc(N2CCCc3cc(C(N)=O)ccc32)cc1,0.0,0.0,0.0,0.0,0.0,0.0,0.0,6.3,0.0,0.0,0.0,0.0,0.0,0.0,0.0,0.0,0.0,0.0,0.0,0.0,0.0,0.0,0.0,0.0,0.0,0.0
CC(C)CN(C(=O)CCN1CCC(C)(c2cccc(O)c2)C(C)C1)C(Cc1ccccc1)C(=O)O,0.0,0.0,0.0,0.0,0.0,0.0,0.0,0.0,0.0,0.0,0.0,0.0,0.0,0.0,5.66,0.0,0.0,0.0,0.0,0.0,0.0,0.0,0.0,0.0,0.0,0.0
CC(C)CN(C)Cc1ccc(-c2ccccc2S(=O)(=O)N2CCCC2)cc1,0.0,0.0,0.0,0.0,0.0,0.0,7.12,0.0,0.0,0.0,0.0,0.0,0.0,0.0,0.0,0.0,0.0,0.0,0.0,0.0,0.0,0.0,0.0,0.0,0.0,0.0
CC(C)CNCCN1CN(c2ccccc2)C2(CCN(C(c3ccccc3Cl)c3ccccc3Cl)CC2)C1=O,0.0,0.0,0.0,0.0,0.0,0.0,6.62,0.0,0.0,0.0,0.0,0.0,0.0,0.0,0.0,0.0,0.0,0.0,0.0,0.0,0.0,0.0,0.0,0.0,0.0,0.0
CC(C)CNCCN1CN(c2ccccc2)C2(CCN(C3CCC(C)(C)c4ccccc43)CC2)C1=O,0.0,0.0,0.0,0.0,0.0,0.0,7.19,0.0,0.0,0.0,0.0,0.0,0.0,0.0,0.0,0.0,0.0,0.0,0.0,0.0,0.0,0.0,0.0,0.0,0.0,0.0
CC(C)CNCCN1CN(c2ccccc2)C2(CCN(Cc3c(Cl)cccc3Cl)CC2)C1=O,0.0,0.0,0.0,0.0,0.0,0.0,8.1,0.0,0.0,0.0,0.0,0.0,0.0,0.0,0.0,0.0,0.0,0.0,0.0,0.0,0.0,0.0,0.0,0.0,0.0,0.0
CC(C)CNCc1ccc(-c2ccccc2S(=O)(=O)N2CCC(F)(F)C2)cc1,0.0,0.0,0.0,0.0,0.0,0.0,7.6,0.0,0.0,0.0,0.0,0.0,0.0,0.0,0.0,0.0,0.0,0.0,0.0,0.0,0.0,0.0,0.0,0.0,0.0,0.0
CC(C)CNCc1ccc(-c2ccccc2S(=O)(=O)N2CCCC2)cn1,0.0,0.0,0.0,0.0,0.0,0.0,7.27,0.0,0.0,0.0,0.0,0.0,0.0,0.0,0.0,0.0,0.0,0.0,0.0,0.0,0.0,0.0,0.0,0.0,0.0,0.0
CC(C)CNCc1ccc(-c2ccccc2S(=O)(=O)N2CCCC2)nc1,0.0,0.0,0.0,0.0,0.0,0.0,6.8,0.0,0.0,0.0,0.0,0.0,0.0,0.0,0.0,0.0,0.0,0.0,0.0,0.0,0.0,0.0,0.0,0.0,0.0,0.0
CC(C)CNCc1ccc(-c2ccccc2S(=O)(=O)N2CCOCC2C)cc1,0.0,0.0,0.0,0.0,0.0,0.0,8.46,0.0,0.0,0.0,0.0,0.0,0.0,0.0,0.0,0.0,0.0,0.0,0.0,0.0,0.0,0.0,0.0,0.0,0.0,0.0
CC(C)CNCc1ccc(-c2ccccc2S(=O)(=O)N2CCOCC2C)cc1F,0.0,0.0,0.0,0.0,0.0,0.0,8.0,0.0,0.0,0.0,0.0,0.0,0.0,0.0,0.0,0.0,0.0,0.0,0.0,0.0,0.0,0.0,0.0,0.0,0.0,0.0
CC(C)CNCc1ccc(-c2ccccc2S(=O)(=O)NC(C)C)cc1,0.0,0.0,0.0,0.0,0.0,0.0,7.21,0.0,0.0,0.0,0.0,0.0,0.0,0.0,0.0,0.0,0.0,0.0,0.0,0.0,0.0,0.0,0.0,0.0,0.0,0.0
CC(C)CNCc1ccc(-c2cccnc2S(=O)(=O)N2CCCC2)cc1,0.0,0.0,0.0,0.0,0.0,0.0,7.27,0.0,0.0,0.0,0.0,0.0,0.0,0.0,0.0,0.0,0.0,0.0,0.0,0.0,0.0,0.0,0.0,0.0,0.0,0.0
CC(C)CNCc1ccc(-c2cnccc2S(=O)(=O)N2CCCC2)cc1,0.0,0.0,0.0,0.0,0.0,0.0,6.23,0.0,0.0,0.0,0.0,0.0,0.0,0.0,0.0,0.0,0.0,0.0,0.0,0.0,0.0,0.0,0.0,0.0,0.0,0.0
CC(C)CNCc1ccc(-c2ncccc2S(=O)(=O)N2CCCC2)cc1,0.0,0.0,0.0,0.0,0.0,0.0,7.18,0.0,0.0,0.0,0.0,0.0,0.0,0.0,0.0,0.0,0.0,0.0,0.0,0.0,0.0,0.0,0.0,0.0,0.0,0.0
CC(C)CNCc1ccc(N2CCCc3cc(C(N)=O)ccc32)cc1,0.0,0.0,0.0,0.0,0.0,0.0,0.0,5.9,0.0,0.0,0.0,0.0,0.0,0.0,0.0,0.0,0.0,0.0,0.0,0.0,0.0,0.0,0.0,0.0,0.0,0.0
CC(C)N(C)S(=O)(=O)c1ccccc1-c1ccc(CN2CCCCC2)cc1,0.0,0.0,0.0,0.0,0.0,0.0,8.0,0.0,0.0,0.0,0.0,0.0,0.0,0.0,0.0,0.0,0.0,0.0,0.0,0.0,0.0,0.0,0.0,0.0,0.0,0.0
CC(C)N(C)S(=O)(=O)c1ccccc1-c1ccc(CNC2CCCC2)cc1,0.0,0.0,0.0,0.0,0.0,0.0,8.12,0.0,0.0,0.0,0.0,0.0,0.0,0.0,0.0,0.0,0.0,0.0,0.0,0.0,0.0,0.0,0.0,0.0,0.0,0.0
CC(C)N(CCN1CN(c2ccccc2)C2(CCN(C(c3ccccc3Cl)c3ccccc3Cl)CC2)C1=O)C(C)C,0.0,0.0,0.0,0.0,0.0,0.0,6.17,0.0,0.0,0.0,0.0,0.0,0.0,0.0,0.0,0.0,0.0,0.0,0.0,0.0,0.0,0.0,0.0,0.0,0.0,0.0
CC(C)N(CCN1CN(c2ccccc2)C2(CCN(C3CCC(C)(C)c4ccccc43)CC2)C1=O)C(C)C,0.0,0.0,0.0,0.0,0.0,0.0,7.07,0.0,0.0,0.0,0.0,0.0,0.0,0.0,0.0,0.0,0.0,0.0,0.0,0.0,0.0,0.0,0.0,0.0,0.0,0.0
CC(C)N1CN(c2ccccc2)C2(CCN(C(c3ccccc3)c3ccccc3)CC2)C1=O,0.0,0.0,0.0,0.0,0.0,0.0,6.26,0.0,0.0,0.0,0.0,0.0,0.0,0.0,0.0,0.0,0.0,0.0,0.0,0.0,0.0,0.0,0.0,0.0,0.0,0.0
CC(C)NCCN1CN(c2ccccc2)C2(CCN(C(c3ccccc3Cl)c3ccccc3Cl)CC2)C1=O,0.0,0.0,0.0,0.0,0.0,0.0,6.33,0.0,0.0,0.0,0.0,0.0,0.0,0.0,0.0,0.0,0.0,0.0,0.0,0.0,0.0,0.0,0.0,0.0,0.0,0.0
CC(C)NCCN1CN(c2ccccc2)C2(CCN(C3CCC(C)(C)c4ccccc43)CC2)C1=O,0.0,0.0,0.0,0.0,0.0,0.0,7.17,0.0,0.0,0.0,0.0,0.0,0.0,0.0,0.0,0.0,0.0,0.0,0.0,0.0,0.0,0.0,0.0,0.0,0.0,0.0
CC(C)NCCN1CN(c2ccccc2)C2(CCN(Cc3c(Cl)cccc3Cl)CC2)C1=O,0.0,0.0,0.0,0.0,0.0,0.0,7.4,0.0,0.0,0.0,0.0,0.0,0.0,0.0,0.0,0.0,0.0,0.0,0.0,0.0,0.0,0.0,0.0,0.0,0.0,0.0
CC(C)OC(=O)N1CCC(c2ccccc2)(c2nccn2Cc2ccccc2)CC1,0.0,0.0,0.0,0.0,0.0,0.0,0.0,0.0,0.0,0.0,0.0,0.0,0.0,0.0,6.7,0.0,0.0,0.0,0.0,0.0,0.0,0.0,0.0,0.0,0.0,0.0
CC(C)Oc1ccc(-c2ccc(CCNC(=O)c3ccc4c(c3)C3(C)CCN(CC5CC5)C(C4)C3C)cc2)cc1,0.0,0.0,0.0,0.0,0.0,0.0,8.8,0.0,0.0,0.0,0.0,0.0,0.0,0.0,0.0,0.0,0.0,0.0,0.0,0.0,0.0,0.0,0.0,0.0,0.0,0.0
CC(C)Oc1cccc(-c2ccc(CCNC(=O)c3ccc4c(c3)C3(C)CCN(CC5CC5)C(C4)C3C)cc2)c1,0.0,0.0,0.0,0.0,0.0,0.0,8.62,0.0,0.0,0.0,0.0,0.0,0.0,0.0,0.0,0.0,0.0,0.0,0.0,0.0,0.0,0.0,0.0,0.0,0.0,0.0
CC(C)Oc1ccccc1-c1ccc(CCNC(=O)c2ccc3c(c2)C2(C)CCN(CC4CC4)C(C3)C2C)cc1,0.0,0.0,0.0,0.0,0.0,0.0,8.74,0.0,0.0,0.0,0.0,0.0,0.0,0.0,0.0,0.0,0.0,0.0,0.0,0.0,0.0,0.0,0.0,0.0,0.0,0.0
CC(C)S(=O)(=O)N1CCN(Cc2ccccc2C2(O)CCN(C(c3ccccc3Cl)c3ccccc3Cl)CC2)CC1,0.0,0.0,0.0,0.0,0.0,0.0,6.73,0.0,0.0,0.0,0.0,0.0,0.0,0.0,0.0,0.0,0.0,0.0,0.0,0.0,0.0,0.0,0.0,0.0,0.0,0.0
CC(C)S(=O)(=O)NCc1ccc(CC(=O)N(C)C(CN2CCC(O)C2)c2ccccc2)cc1,0.0,0.0,0.0,0.0,0.0,0.0,0.0,0.0,0.0,0.0,0.0,0.0,0.0,0.0,8.57,0.0,0.0,0.0,0.0,0.0,0.0,0.0,0.0,0.0,0.0,0.0
CC(C)S(=O)(=O)NCc1ccccc1C1(O)CCN(C(c2ccccc2Cl)c2ccccc2Cl)CC1,0.0,0.0,0.0,0.0,0.0,0.0,6.76,0.0,0.0,0.0,0.0,0.0,0.0,0.0,0.0,0.0,0.0,0.0,0.0,0.0,0.0,0.0,0.0,0.0,0.0,0.0
CC(C1CCCCC1)N1CCC(N2C(=O)Cc3ccccc32)CC1,0.0,0.0,0.0,0.0,0.0,0.0,7.36,0.0,0.0,0.0,0.0,0.0,0.0,0.0,0.0,0.0,0.0,0.0,0.0,0.0,0.0,0.0,0.0,0.0,0.0,0.0
CC(CCCCC(C)C(=O)Oc1ccc2c(c1)C13CCCCC1C(C2)N(CC1CCC1)CC3)C(=O)Oc1ccc2c(c1)C13CCCCC1C(C2)N(CC1CCC1)CC3,0.0,0.0,0.0,0.0,0.0,0.0,8.66,0.0,0.0,0.0,0.0,0.0,0.0,0.0,0.0,0.0,0.0,0.0,0.0,0.0,0.0,0.0,0.0,0.0,0.0,0.0
CC(CCCCCCC(C)C(=O)Oc1ccc2c(c1)C13CCCCC1C(C2)N(CC1CCC1)CC3)C(=O)O,0.0,0.0,0.0,0.0,0.0,0.0,9.38,0.0,0.0,0.0,0.0,0.0,0.0,0.0,0.0,0.0,0.0,0.0,0.0,0.0,0.0,0.0,0.0,0.0,0.0,0.0
CC(CCCCCCC(C)C(=O)Oc1ccc2c(c1)C13CCCCC1C(C2)N(CC1CCC1)CC3)C(=O)Oc1ccc2c(c1)C13CCCCC1C(C2)N(CC1CCC1)CC3,0.0,0.0,0.0,0.0,0.0,0.0,9.21,0.0,0.0,0.0,0.0,0.0,0.0,0.0,0.0,0.0,0.0,0.0,0.0,0.0,0.0,0.0,0.0,0.0,0.0,0.0
CC(CCc1ccc(O)cc1)NCCc1ccccc1,0.0,0.0,0.0,0.0,0.0,0.0,0.0,0.0,0.0,0.0,0.0,0.0,0.0,0.0,0.0,0.0,0.0,5.18,0.0,0.0,0.0,0.0,0.0,0.0,0.0,0.0
CC(N)C(=O)N1CCC23CCN(CC4CC4)C(Cc4ccc(O)cc42)C3C1,0.0,0.0,0.0,0.0,0.0,0.0,0.0,0.0,0.0,0.0,0.0,0.0,0.0,0.0,0.0,0.0,0.0,0.0,0.0,10.05,0.0,0.0,0.0,0.0,0.0,0.0
CC(NC(=O)C(CCC(N)=O)NC(=O)C(CCCNC(=N)N)NC(=O)C(CCCNC(=N)N)NC(=O)C1CSSCC(NC(=O)C(N)CC(N)=O)C(=O)N1)C(=O)NC1CSSCC(C(N)=O)NC1=O,0.0,0.0,0.0,0.0,0.0,0.0,0.0,0.0,0.0,0.0,0.0,0.0,0.0,0.0,0.0,0.0,0.0,0.0,5.61,0.0,0.0,0.0,0.0,0.0,0.0,0.0
CC(NC(=O)C(CCCNC(=N)N)NC(=O)C(CCCNC(=N)N)NC(=O)C1CCCN1C(=O)c1ccccc1)C(=O)NC(CC1CCCCC1)C(=O)NC1CSSCC(C(N)=O)NC1=O,0.0,0.0,0.0,0.0,0.0,0.0,0.0,0.0,0.0,0.0,0.0,0.0,0.0,0.0,0.0,0.0,0.0,0.0,9.54,0.0,0.0,0.0,0.0,0.0,0.0,0.0
CC(NC(=O)C(CO)NC(=O)C(CCCCN)NC(=O)C(CCCNC(=N)N)NC(=O)C(C)(C)NC(=O)CNC(=O)C(NC(=O)C(Cc1ccc(F)cc1)NC(=O)CNC(=O)C(CN)NC(=O)C(N)Cc1ccccc1)C(C)O)C(=O)NC(CCCNC(=N)N)C(=O)NC(CCCCN)C(=O)NC(CCCNC(=N)N)C(=O)NC(CCCCN)C(=O)NC(CC(N)=O)C(=O)NC(CCC(N)=O)C(N)=O,0.0,0.0,0.0,0.0,0.0,0.0,7.55,0.0,0.0,0.0,0.0,0.0,0.0,0.0,0.0,0.0,0.0,0.0,0.0,0.0,0.0,0.0,0.0,0.0,0.0,0.0
CC(NC(=O)C(CO)NC(=O)C(CCCCN)NC(=O)C(CCCNC(=N)N)NC(=O)C(C)(C)NC(=O)CNC(=O)C(NC(=O)C(Cc1ccc(F)cc1)NC(=O)CNC(=O)CNC(=O)C(N)Cc1ccccc1)C(C)O)C(=O)NC(CCCNC(=N)N)C(=O)NC(CCCCN)C(=O)NC(CCCNC(=N)N)C(=O)NC(CCCCN)C(=O)NC(CC(N)=O)C(=O)NC(CCC(N)=O)C(N)=O,0.0,0.0,0.0,0.0,0.0,0.0,8.36,0.0,0.0,0.0,0.0,0.0,0.0,0.0,0.0,0.0,0.0,0.0,0.0,0.0,0.0,0.0,0.0,0.0,0.0,0.0
CC(NC(=O)C(Cc1ccccc1)CN1CCC(C)(c2cccc(O)c2)C(C)C1)C(=O)O,0.0,0.0,0.0,0.0,0.0,0.0,0.0,0.0,0.0,0.0,0.0,0.0,0.0,0.0,7.17,0.0,0.0,0.0,0.0,0.0,0.0,0.0,0.0,0.0,0.0,0.0
CC(NC(=O)C(N)Cc1ccc(O)cc1)C(=O)NC(Cc1ccccc1)C(=O)NCC(=O)NC(Cc1ccc(O)cc1)C(=O)N1CCCC1C(=O)NC(CO)C(N)=O,0.0,0.0,0.0,0.0,0.0,0.0,0.0,0.0,0.0,0.0,0.0,0.0,0.0,0.0,5.09,0.0,0.0,0.0,0.0,0.0,0.0,0.0,0.0,0.0,0.0,0.0
CC(NC(=O)C(N)Cc1ccc(O)cc1)C(=O)NCC(=O)N(C)C(Cc1ccccc1)C(=O)NCCO,0.0,0.0,0.0,0.0,0.0,0.0,6.51,0.0,0.0,0.0,0.0,0.0,0.0,0.0,0.0,0.0,0.0,0.0,0.0,0.0,0.0,0.0,0.0,0.0,0.0,0.0
CC(NC(=O)C(N)Cc1ccc(O)cc1)C(=O)NCC(=O)NC(Cc1ccccc1)C(=O)NNC(=O)C(Cc1ccccc1)NC(=O)CNC(=O)C(C)NC(=O)C(N)Cc1ccc(O)cc1,0.0,0.0,0.0,0.0,0.0,0.0,0.0,0.0,0.0,0.0,0.0,0.0,0.0,0.0,6.57,0.0,0.0,0.0,0.0,0.0,0.0,0.0,0.0,0.0,0.0,0.0
CC(NC(C)(C)CN(C)C(=O)C1(C(N)=O)CC1)c1ccccc1,0.0,0.0,0.0,0.0,0.0,0.0,0.0,0.0,0.0,0.0,0.0,0.0,0.0,0.0,0.0,0.0,0.0,0.0,0.0,5.33,0.0,0.0,0.0,0.0,0.0,0.0
CC(NCc1nccn1C)c1cccc(O)c1,0.0,0.0,0.0,0.0,0.0,0.0,0.0,0.0,0.0,0.0,0.0,0.0,0.0,0.0,0.0,0.0,0.0,6.81,0.0,0.0,0.0,0.0,0.0,0.0,0.0,0.0
CC(c1cccc(O)c1)N(C)Cc1nccn1CC(F)(F)F,0.0,0.0,0.0,0.0,0.0,0.0,0.0,0.0,0.0,0.0,0.0,0.0,0.0,0.0,0.0,0.0,0.0,6.82,0.0,0.0,0.0,0.0,0.0,0.0,0.0,0.0
CC(c1ccccc1)N1CCC(N2C(=O)Cc3ccccc32)CC1,0.0,0.0,0.0,0.0,0.0,0.0,7.54,0.0,0.0,0.0,0.0,0.0,0.0,0.0,0.0,0.0,0.0,0.0,0.0,0.0,0.0,0.0,0.0,0.0,0.0,0.0
CC(c1ccccc1)N1CCC(O)(c2ccccc2)CC1,0.0,0.0,0.0,0.0,0.0,0.0,5.38,0.0,0.0,0.0,0.0,0.0,0.0,0.0,0.0,0.0,0.0,0.0,0.0,0.0,0.0,0.0,0.0,0.0,0.0,0.0
CC(c1ccccc1)n1ccnc1C1(c2ccccc2)CCN(C(=O)c2ccccc2)CC1,0.0,0.0,0.0,0.0,0.0,0.0,0.0,0.0,0.0,0.0,0.0,0.0,0.0,0.0,6.48,0.0,0.0,0.0,0.0,0.0,0.0,0.0,0.0,0.0,0.0,0.0
CC(c1ccco1)N(C)CC(=O)N1CCC(C(N)=O)CC1,0.0,0.0,0.0,0.0,0.0,0.0,0.0,0.0,0.0,0.0,0.0,0.0,0.0,0.0,0.0,0.0,0.0,0.0,0.0,5.5,0.0,0.0,0.0,0.0,0.0,0.0
CC1(C)CCC(N2CCC(O)(c3ccccc3CN)CC2)c2ccccc21,0.0,0.0,0.0,0.0,0.0,0.0,5.87,0.0,0.0,0.0,0.0,0.0,0.0,0.0,0.0,0.0,0.0,0.0,0.0,0.0,0.0,0.0,0.0,0.0,0.0,0.0
CC1(C)CCC(N2CCC3(CC2)C(=O)N(CCN2CCCC2)CN3c2ccccc2)c2ccccc21,0.0,0.0,0.0,0.0,0.0,0.0,6.77,0.0,0.0,0.0,0.0,0.0,0.0,0.0,0.0,0.0,0.0,0.0,0.0,0.0,0.0,0.0,0.0,0.0,0.0,0.0
CC1(C)CCC(N2CCC3(CC2)C(=O)N(CCNC2CCC2)CN3c2ccccc2)c2ccccc21,0.0,0.0,0.0,0.0,0.0,0.0,7.35,0.0,0.0,0.0,0.0,0.0,0.0,0.0,0.0,0.0,0.0,0.0,0.0,0.0,0.0,0.0,0.0,0.0,0.0,0.0
CC1(C)CCC(N2CCC3(CC2)C(=O)N(CCNC2CCCC2)CN3c2ccccc2)c2ccccc21,0.0,0.0,0.0,0.0,0.0,0.0,7.31,0.0,0.0,0.0,0.0,0.0,0.0,0.0,0.0,0.0,0.0,0.0,0.0,0.0,0.0,0.0,0.0,0.0,0.0,0.0
CC1(C)CCC(N2CCC3(CC2)C(=O)N(CCNC2CCCCC2)CN3c2ccccc2)c2ccccc21,0.0,0.0,0.0,0.0,0.0,0.0,7.48,0.0,0.0,0.0,0.0,0.0,0.0,0.0,0.0,0.0,0.0,0.0,0.0,0.0,0.0,0.0,0.0,0.0,0.0,0.0
CC1(C)CCC(N2CCC3(CC2)C(=O)N(CCNCC2CC2)CN3c2ccccc2)c2ccccc21,0.0,0.0,0.0,0.0,0.0,0.0,6.76,0.0,0.0,0.0,0.0,0.0,0.0,0.0,0.0,0.0,0.0,0.0,0.0,0.0,0.0,0.0,0.0,0.0,0.0,0.0
CC1(C)CCC(N2CCC3(CC2)C(=O)N(CCNCC2CCCCC2)CN3c2ccccc2)c2ccccc21,0.0,0.0,0.0,0.0,0.0,0.0,7.58,0.0,0.0,0.0,0.0,0.0,0.0,0.0,0.0,0.0,0.0,0.0,0.0,0.0,0.0,0.0,0.0,0.0,0.0,0.0
CC1(C)CCC(N2CCC3(CC2)C(=O)N(CCNCc2ccccc2)CN3c2ccccc2)c2ccccc21,0.0,0.0,0.0,0.0,0.0,0.0,6.82,0.0,0.0,0.0,0.0,0.0,0.0,0.0,0.0,0.0,0.0,0.0,0.0,0.0,0.0,0.0,0.0,0.0,0.0,0.0
CC1(C)CCC(N2CCC3(CC2)C(=O)N(CCO)CN3c2ccccc2)c2ccccc21,0.0,0.0,0.0,0.0,0.0,0.0,6.18,0.0,0.0,0.0,0.0,0.0,0.0,0.0,0.0,0.0,0.0,0.0,0.0,0.0,0.0,0.0,0.0,0.0,0.0,0.0
CC1(C)CCC(NCc2ccc(N3CCCc4cc(C(N)=O)ccc43)cc2)CC1,0.0,0.0,0.0,0.0,0.0,0.0,0.0,7.2,0.0,0.0,0.0,0.0,0.0,0.0,0.0,0.0,0.0,0.0,0.0,0.0,0.0,0.0,0.0,0.0,0.0,0.0
CC1(C)CN(Cc2ccc(Oc3ccc(C(N)=O)cn3)cc2)C1c1ccccc1,0.0,0.0,0.0,0.0,0.0,0.0,8.98,0.0,0.0,0.0,0.0,0.0,0.0,0.0,0.0,0.0,0.0,0.0,0.0,0.0,0.0,0.0,0.0,0.0,0.0,0.0
CC1(C)CN(c2nc3ccccc3n2C2CCN(C3(CO)CCCCCCC3)CC2)CCN1,0.0,0.0,0.0,0.0,0.0,0.0,0.0,0.0,0.0,0.0,0.0,0.0,0.0,0.0,0.0,0.0,0.0,6.41,0.0,0.0,0.0,0.0,0.0,0.0,0.0,0.0
CC1(C)SCCSCC(NC(=O)C(N)Cc2ccc(O)cc2)C(=O)NC(Cc2ccccc2)C(=O)NC1C(N)=O,0.0,0.0,0.0,0.0,0.0,0.0,0.0,0.0,0.0,0.0,0.0,0.0,0.0,0.0,5.7,0.0,0.0,0.0,0.0,0.0,0.0,0.0,0.0,0.0,0.0,0.0
CC1(C)SSC(C)(C)C(NC(=O)C(N)Cc2ccc(O)cc2)C(=O)NCC(=O)NC(Cc2ccccc2)C(=O)N2CCN(CC2)C(=O)C(Cc2ccccc2)NC(=O)CNC(=O)C1NC(=O)C(N)Cc1ccc(O)cc1,0.0,0.0,0.0,0.0,0.0,0.0,0.0,0.0,0.0,0.0,0.0,0.0,0.0,0.0,0.0,0.0,0.0,0.0,0.0,0.0,0.0,8.25,0.0,0.0,0.0,0.0
CC1(C)SSCC(C(N)=O)NC(=O)C1NC(=O)C(CC1CCCCC1)NC(=O)C(CCC(N)=O)NC(=O)C(CCCNC(=N)N)NC(=O)C(CCCNC(=N)N)NC(=O)C1CCC(=O)N1,0.0,0.0,0.0,0.0,0.0,0.0,0.0,0.0,0.0,0.0,0.0,0.0,0.0,0.0,0.0,0.0,0.0,0.0,8.89,0.0,0.0,0.0,0.0,0.0,0.0,0.0
CC1(C)SSCC(C(N)=O)NC(=O)C1NC(=O)C(CC1CCCCC1)NC(=O)C(CCC(N)=O)NC(=O)C(CCCNC(=N)N)NC(=O)C(CCCNC(=N)N)NC(=O)C1CCCN1C(=O)c1ccccc1,0.0,0.0,0.0,0.0,0.0,0.0,0.0,0.0,0.0,0.0,0.0,0.0,0.0,0.0,0.0,0.0,0.0,0.0,5.94,0.0,0.0,0.0,0.0,0.0,0.0,0.0
CC1(C)c2cc(O)ccc2CCC1N(CC1CC1)CC1CC1,0.0,0.0,0.0,0.0,0.0,0.0,5.74,0.0,0.0,0.0,0.0,0.0,0.0,0.0,0.0,0.0,0.0,0.0,0.0,0.0,0.0,0.0,0.0,0.0,0.0,0.0
CC1(C)c2cc(O)ccc2CCC1N(CC=Cc1ccccc1)CC=Cc1ccccc1,0.0,0.0,0.0,0.0,0.0,0.0,5.9,0.0,0.0,0.0,0.0,0.0,0.0,0.0,0.0,0.0,0.0,0.0,0.0,0.0,0.0,0.0,0.0,0.0,0.0,0.0
CC1(C)c2cc(O)ccc2CCC1NCC1CC1,0.0,0.0,0.0,0.0,0.0,0.0,6.63,0.0,0.0,0.0,0.0,0.0,0.0,0.0,0.0,0.0,0.0,0.0,0.0,0.0,0.0,0.0,0.0,0.0,0.0,0.0
CC1(C)c2cc(O)ccc2CCC1NCC=Cc1ccccc1,0.0,0.0,0.0,0.0,0.0,0.0,7.08,0.0,0.0,0.0,0.0,0.0,0.0,0.0,0.0,0.0,0.0,0.0,0.0,0.0,0.0,0.0,0.0,0.0,0.0,0.0
CC1(CNCc2ccc(-c3ccccc3S(=O)(=O)N3CCCC3)cc2)COC1,0.0,0.0,0.0,0.0,0.0,0.0,8.59,0.0,0.0,0.0,0.0,0.0,0.0,0.0,0.0,0.0,0.0,0.0,0.0,0.0,0.0,0.0,0.0,0.0,0.0,0.0
CC1(N2CCC(n3c(-c4cccc(C(F)(F)F)c4)nc4ccccc43)CC2)CCCCCCC1,0.0,0.0,0.0,0.0,0.0,0.0,0.0,0.0,0.0,0.0,0.0,0.0,0.0,0.0,0.0,0.0,0.0,6.45,0.0,0.0,0.0,0.0,0.0,0.0,0.0,0.0
CC1(N2CCC(n3c(-c4cccc(CN)c4)nc4ccccc43)CC2)CCCCCCC1,0.0,0.0,0.0,0.0,0.0,0.0,0.0,0.0,0.0,0.0,0.0,0.0,0.0,0.0,0.0,0.0,0.0,7.14,0.0,0.0,0.0,0.0,0.0,0.0,0.0,0.0
CC1(N2CCC(n3c(-c4cccc(OCCO)c4)nc4ccccc43)CC2)CCCCCCC1,0.0,0.0,0.0,0.0,0.0,0.0,0.0,0.0,0.0,0.0,0.0,0.0,0.0,0.0,0.0,0.0,0.0,7.37,0.0,0.0,0.0,0.0,0.0,0.0,0.0,0.0
CC1(N2CCC(n3c(C4CCCNC4)nc4ccccc43)CC2)CCCCCCC1,0.0,0.0,0.0,0.0,0.0,0.0,0.0,0.0,0.0,0.0,0.0,0.0,0.0,0.0,0.0,0.0,0.0,8.04,0.0,0.0,0.0,0.0,0.0,0.0,0.0,0.0
CC1(O)CCN(Cc2ccc(-c3ccccc3S(=O)(=O)N3CCCC3)cc2)CC1,0.0,0.0,0.0,0.0,0.0,0.0,9.3,0.0,0.0,0.0,0.0,0.0,0.0,0.0,0.0,0.0,0.0,0.0,0.0,0.0,0.0,0.0,0.0,0.0,0.0,0.0
CC1=NC2(CCN(C)CC2)C(=O)N(c2c(C)cccc2C)C1=O,0.0,0.0,0.0,0.0,0.0,0.0,0.0,0.0,0.0,0.0,0.0,0.0,0.0,0.0,0.0,0.0,0.0,0.0,0.0,0.0,0.0,5.77,0.0,0.0,0.0,0.0
CC1C(=O)N(C2CCN(C3CCC(C(C)C)CC3)CC2)c2ccccc21,0.0,0.0,0.0,0.0,0.0,0.0,7.38,0.0,0.0,0.0,0.0,0.0,0.0,0.0,0.0,0.0,0.0,0.0,0.0,0.0,0.0,0.0,0.0,0.0,0.0,0.0
CC1C(=O)N(C2CCN(C3CCCCCCC3)CC2)c2ccccc21,0.0,0.0,0.0,0.0,0.0,0.0,7.41,0.0,0.0,0.0,0.0,0.0,0.0,0.0,0.0,0.0,0.0,0.0,0.0,0.0,0.0,0.0,0.0,0.0,0.0,0.0
CC1C(=O)NC(Cc2ccccc2)C(=O)NC(Cc2c[nH]c3ccccc23)C(=O)NC(Cc2ccccc2)C(=O)N1C,0.0,0.0,0.0,0.0,0.0,0.0,0.0,0.0,0.0,0.0,0.0,0.0,0.0,0.0,0.0,0.0,6.95,0.0,0.0,0.0,0.0,0.0,0.0,0.0,0.0,0.0
CC1C2C(=O)c3ccc(O)cc3C1(C)CCN2CC1CCCO1,0.0,0.0,0.0,0.0,0.0,0.0,0.0,0.0,0.0,0.0,0.0,0.0,0.0,0.0,6.14,0.0,0.0,0.0,0.0,0.0,0.0,0.0,0.0,0.0,0.0,0.0
CC1C2CCC(c3ccccc3)CN2CCC1(C)c1cccc(O)c1,0.0,0.0,0.0,0.0,0.0,0.0,7.8,0.0,0.0,0.0,0.0,0.0,0.0,0.0,0.0,0.0,0.0,0.0,0.0,0.0,0.0,0.0,0.0,0.0,0.0,0.0
CC1C2CCCC1(c1cccc(O)c1)CCN2CCc1ccccc1,0.0,0.0,0.0,0.0,0.0,0.0,8.4,0.0,0.0,0.0,0.0,0.0,0.0,0.0,0.0,0.0,0.0,0.0,0.0,0.0,0.0,0.0,0.0,0.0,0.0,0.0
CC1C2CCCCN2CCC1(C)c1cccc(O)c1,0.0,0.0,0.0,0.0,0.0,0.0,7.16,0.0,0.0,0.0,0.0,0.0,0.0,0.0,0.0,0.0,0.0,0.0,0.0,0.0,0.0,0.0,0.0,0.0,0.0,0.0
CC1C2Cc3cc(N)c(C(N)=O)cc3C1(C)CCN2CC1CC1,0.0,0.0,0.0,0.0,0.0,0.0,7.5,0.0,0.0,0.0,0.0,0.0,0.0,0.0,0.0,0.0,0.0,0.0,0.0,0.0,0.0,0.0,0.0,0.0,0.0,0.0
CC1C2Cc3cc([N+](=O)[O-])c(C(N)=O)cc3C1(C)CCN2CC1CC1,0.0,0.0,0.0,0.0,0.0,0.0,6.96,0.0,0.0,0.0,0.0,0.0,0.0,0.0,0.0,0.0,0.0,0.0,0.0,0.0,0.0,0.0,0.0,0.0,0.0,0.0
CC1C2Cc3cc([N+](=O)[O-])c(O)cc3C1(C)CCN2CC1CC1,0.0,0.0,0.0,0.0,0.0,0.0,6.24,0.0,0.0,0.0,0.0,0.0,0.0,0.0,0.0,0.0,0.0,0.0,0.0,0.0,0.0,0.0,0.0,0.0,0.0,0.0
CC1C2Cc3cc4cc[nH]c(=O)c4cc3C1(C)CCN2CC1CC1,0.0,0.0,0.0,0.0,0.0,0.0,9.13,0.0,0.0,0.0,0.0,0.0,0.0,0.0,0.0,0.0,0.0,0.0,0.0,0.0,0.0,0.0,0.0,0.0,0.0,0.0
CC1C2Cc3cc4nc(O)[nH]c4cc3C1(C)CCN2CC1CC1,0.0,0.0,0.0,0.0,0.0,0.0,7.92,0.0,0.0,0.0,0.0,0.0,0.0,0.0,0.0,0.0,0.0,0.0,0.0,0.0,0.0,0.0,0.0,0.0,0.0,0.0
CC1C2Cc3cc4nc[nH]c(=O)c4cc3C1(C)CCN2CC1CC1,0.0,0.0,0.0,0.0,0.0,0.0,7.92,0.0,0.0,0.0,0.0,0.0,0.0,0.0,0.0,0.0,0.0,0.0,0.0,0.0,0.0,0.0,0.0,0.0,0.0,0.0
CC1C2Cc3cc4nc[nH]c4cc3C1(C)CCN2CC1CC1,0.0,0.0,0.0,0.0,0.0,0.0,10.2,0.0,0.0,0.0,0.0,0.0,0.0,0.0,0.0,0.0,0.0,0.0,0.0,0.0,0.0,0.0,0.0,0.0,0.0,0.0
CC1C2Cc3cc4ncnc(N)c4cc3C1(C)CCN2CC1CC1,0.0,0.0,0.0,0.0,0.0,0.0,6.25,0.0,0.0,0.0,0.0,0.0,0.0,0.0,0.0,0.0,0.0,0.0,0.0,0.0,0.0,0.0,0.0,0.0,0.0,0.0
CC1C2Cc3cc4ncnc(NCCc5ccc(-c6ccccc6)cc5)c4cc3C1(C)CCN2CC1CC1,0.0,0.0,0.0,0.0,0.0,0.0,6.85,0.0,0.0,0.0,0.0,0.0,0.0,0.0,0.0,0.0,0.0,0.0,0.0,0.0,0.0,0.0,0.0,0.0,0.0,0.0
CC1C2Cc3cc4ncnc(NCc5ccccc5)c4cc3C1(C)CCN2CC1CC1,0.0,0.0,0.0,0.0,0.0,0.0,7.32,0.0,0.0,0.0,0.0,0.0,0.0,0.0,0.0,0.0,0.0,0.0,0.0,0.0,0.0,0.0,0.0,0.0,0.0,0.0
CC1C2Cc3cc4nn[nH]c4cc3C1(C)CCN2CC1CC1,0.0,0.0,0.0,0.0,0.0,0.0,9.09,0.0,0.0,0.0,0.0,0.0,0.0,0.0,0.0,0.0,0.0,0.0,0.0,0.0,0.0,0.0,0.0,0.0,0.0,0.0
CC1C2Cc3cc4sc(N)nc4cc3C1(C)CCN2CC1CC1,0.0,0.0,0.0,0.0,0.0,0.0,8.17,0.0,0.0,0.0,0.0,0.0,0.0,0.0,0.0,0.0,0.0,0.0,0.0,0.0,0.0,0.0,0.0,0.0,0.0,0.0
CC1C2Cc3cc4sc(N)nc4cc3C1(C)CCN2CC1CCC1,0.0,0.0,0.0,0.0,0.0,0.0,9.31,0.0,0.0,0.0,0.0,0.0,0.0,0.0,0.0,0.0,0.0,0.0,0.0,0.0,0.0,0.0,0.0,0.0,0.0,0.0
CC1C2Cc3ccc(C(=O)N(C)CCc4ccc(-c5ccccc5)cc4)cc3C1(C)CCN2CC1CC1,0.0,0.0,0.0,0.0,0.0,0.0,7.96,0.0,0.0,0.0,0.0,0.0,0.0,0.0,0.0,0.0,0.0,0.0,0.0,0.0,0.0,0.0,0.0,0.0,0.0,0.0
CC1C2Cc3ccc(C(=O)NCCCc4ccc(-c5ccccc5)cc4)cc3C1(C)CCN2CC1CC1,0.0,0.0,0.0,0.0,0.0,0.0,8.57,0.0,0.0,0.0,0.0,0.0,0.0,0.0,0.0,0.0,0.0,0.0,0.0,0.0,0.0,0.0,0.0,0.0,0.0,0.0
CC1C2Cc3ccc(C(=O)NCCCc4ccccc4)cc3C1(C)CCN2CC1CC1,0.0,0.0,0.0,0.0,0.0,0.0,8.52,0.0,0.0,0.0,0.0,0.0,0.0,0.0,0.0,0.0,0.0,0.0,0.0,0.0,0.0,0.0,0.0,0.0,0.0,0.0
CC1C2Cc3ccc(C(=O)NCCc4ccc(-c5ccc(O)cc5)cc4)cc3C1(C)CCN2CC1CC1,0.0,0.0,0.0,0.0,0.0,0.0,9.44,0.0,0.0,0.0,0.0,0.0,0.0,0.0,0.0,0.0,0.0,0.0,0.0,0.0,0.0,0.0,0.0,0.0,0.0,0.0
CC1C2Cc3ccc(C(=O)NCCc4ccc(-c5ccc(OC(F)(F)F)cc5)cc4)cc3C1(C)CCN2CC1CC1,0.0,0.0,0.0,0.0,0.0,0.0,8.28,0.0,0.0,0.0,0.0,0.0,0.0,0.0,0.0,0.0,0.0,0.0,0.0,0.0,0.0,0.0,0.0,0.0,0.0,0.0
CC1C2Cc3ccc(C(=O)NCCc4ccc(-c5ccc(OC(F)F)cc5)cc4)cc3C1(C)CCN2CC1CC1,0.0,0.0,0.0,0.0,0.0,0.0,8.57,0.0,0.0,0.0,0.0,0.0,0.0,0.0,0.0,0.0,0.0,0.0,0.0,0.0,0.0,0.0,0.0,0.0,0.0,0.0
CC1C2Cc3ccc(C(=O)NCCc4ccc(-c5ccc6c(c5)OCO6)cc4)cc3C1(C)CCN2CC1CC1,0.0,0.0,0.0,0.0,0.0,0.0,9.14,0.0,0.0,0.0,0.0,0.0,0.0,0.0,0.0,0.0,0.0,0.0,0.0,0.0,0.0,0.0,0.0,0.0,0.0,0.0
CC1C2Cc3ccc(C(=O)NCCc4ccc(-c5cccc(O)c5)cc4)cc3C1(C)CCN2CC1CC1,0.0,0.0,0.0,0.0,0.0,0.0,8.89,0.0,0.0,0.0,0.0,0.0,0.0,0.0,0.0,0.0,0.0,0.0,0.0,0.0,0.0,0.0,0.0,0.0,0.0,0.0
CC1C2Cc3ccc(C(=O)NCCc4ccc(-c5ccccc5)cc4)cc3C1(C)CCN2CC1CC1,0.0,0.0,0.0,0.0,0.0,0.0,9.46,0.0,0.0,0.0,0.0,0.0,0.0,0.0,0.0,0.0,0.0,0.0,0.0,0.0,0.0,0.0,0.0,0.0,0.0,0.0
CC1C2Cc3ccc(C(=O)NCCc4ccc(-c5ccccc5)cn4)cc3C1(C)CCN2CC1CC1,0.0,0.0,0.0,0.0,0.0,0.0,8.85,0.0,0.0,0.0,0.0,0.0,0.0,0.0,0.0,0.0,0.0,0.0,0.0,0.0,0.0,0.0,0.0,0.0,0.0,0.0
CC1C2Cc3ccc(C(=O)NCCc4ccc(-c5ccccc5)nc4)cc3C1(C)CCN2CC1CC1,0.0,0.0,0.0,0.0,0.0,0.0,8.59,0.0,0.0,0.0,0.0,0.0,0.0,0.0,0.0,0.0,0.0,0.0,0.0,0.0,0.0,0.0,0.0,0.0,0.0,0.0
CC1C2Cc3ccc(C(=O)NCCc4ccc(-c5ccccc5O)cc4)cc3C1(C)CCN2CC1CC1,0.0,0.0,0.0,0.0,0.0,0.0,8.68,0.0,0.0,0.0,0.0,0.0,0.0,0.0,0.0,0.0,0.0,0.0,0.0,0.0,0.0,0.0,0.0,0.0,0.0,0.0
CC1C2Cc3ccc(C(=O)NCCc4ccc(-c5ccccn5)cc4)cc3C1(C)CCN2CC1CC1,0.0,0.0,0.0,0.0,0.0,0.0,8.48,0.0,0.0,0.0,0.0,0.0,0.0,0.0,0.0,0.0,0.0,0.0,0.0,0.0,0.0,0.0,0.0,0.0,0.0,0.0
CC1C2Cc3ccc(C(=O)NCCc4ccc(-c5cccnc5)cc4)cc3C1(C)CCN2CC1CC1,0.0,0.0,0.0,0.0,0.0,0.0,8.66,0.0,0.0,0.0,0.0,0.0,0.0,0.0,0.0,0.0,0.0,0.0,0.0,0.0,0.0,0.0,0.0,0.0,0.0,0.0
CC1C2Cc3ccc(C(=O)NCCc4ccc(-c5ccncc5)cc4)cc3C1(C)CCN2CC1CC1,0.0,0.0,0.0,0.0,0.0,0.0,8.74,0.0,0.0,0.0,0.0,0.0,0.0,0.0,0.0,0.0,0.0,0.0,0.0,0.0,0.0,0.0,0.0,0.0,0.0,0.0
CC1C2Cc3ccc(C(=O)NCCc4ccc5ccccc5c4)cc3C1(C)CCN2CC1CC1,0.0,0.0,0.0,0.0,0.0,0.0,9.7,0.0,0.0,0.0,0.0,0.0,0.0,0.0,0.0,0.0,0.0,0.0,0.0,0.0,0.0,0.0,0.0,0.0,0.0,0.0
CC1C2Cc3ccc(C(=O)NCCc4ccccc4)cc3C1(C)CCN2CC1CC1,0.0,0.0,0.0,0.0,0.0,0.0,8.77,0.0,0.0,0.0,0.0,0.0,0.0,0.0,0.0,0.0,0.0,0.0,0.0,0.0,0.0,0.0,0.0,0.0,0.0,0.0
CC1C2Cc3ccc(C(=O)NCc4ccc(-c5ccccc5)cc4)cc3C1(C)CCN2CC1CC1,0.0,0.0,0.0,0.0,0.0,0.0,7.58,0.0,0.0,0.0,0.0,0.0,0.0,0.0,0.0,0.0,0.0,0.0,0.0,0.0,0.0,0.0,0.0,0.0,0.0,0.0
CC1C2Cc3ccc(C(=O)NCc4ccccc4)cc3C1(C)CCN2CC1CC1,0.0,0.0,0.0,0.0,0.0,0.0,7.44,0.0,0.0,0.0,0.0,0.0,0.0,0.0,0.0,0.0,0.0,0.0,0.0,0.0,0.0,0.0,0.0,0.0,0.0,0.0
CC1C2Cc3ccc(C(=O)Nc4ccc(-c5ccccc5)cc4)cc3C1(C)CCN2CC1CC1,0.0,0.0,0.0,0.0,0.0,0.0,7.57,0.0,0.0,0.0,0.0,0.0,0.0,0.0,0.0,0.0,0.0,0.0,0.0,0.0,0.0,0.0,0.0,0.0,0.0,0.0
CC1C2Cc3ccc(C(=O)Nc4ccccc4)cc3C1(C)CCN2CC1CC1,0.0,0.0,0.0,0.0,0.0,0.0,6.57,0.0,0.0,0.0,0.0,0.0,0.0,0.0,0.0,0.0,0.0,0.0,0.0,0.0,0.0,0.0,0.0,0.0,0.0,0.0
CC1C2Cc3ccc(C(N)=O)c(N)c3C1(C)CCN2CC1CC1,0.0,0.0,0.0,0.0,0.0,0.0,9.15,0.0,0.0,0.0,0.0,0.0,0.0,0.0,0.0,0.0,0.0,0.0,0.0,0.0,0.0,0.0,0.0,0.0,0.0,0.0
CC1C2Cc3ccc(C(N)=O)c([N+](=O)[O-])c3C1(C)CCN2CC1CC1,0.0,0.0,0.0,0.0,0.0,0.0,7.47,0.0,0.0,0.0,0.0,0.0,0.0,0.0,0.0,0.0,0.0,0.0,0.0,0.0,0.0,0.0,0.0,0.0,0.0,0.0
CC1C2Cc3ccc(C(N)=O)cc3C1(C)CCN2C,0.0,0.0,0.0,0.0,0.0,0.0,7.72,0.0,0.0,0.0,0.0,0.0,0.0,0.0,0.0,0.0,0.0,0.0,0.0,0.0,0.0,0.0,0.0,0.0,0.0,0.0
CC1C2Cc3ccc(C(N)=O)cc3C1(C)CCN2CCc1ccccc1,0.0,0.0,0.0,0.0,0.0,0.0,9.26,0.0,0.0,0.0,0.0,0.0,0.0,0.0,0.0,0.0,0.0,0.0,0.0,0.0,0.0,0.0,0.0,0.0,0.0,0.0
CC1C2Cc3ccc(O)c([N+](=O)[O-])c3C1(C)CCN2CC1CC1,0.0,0.0,0.0,0.0,0.0,0.0,8.49,0.0,0.0,0.0,0.0,0.0,0.0,0.0,0.0,0.0,0.0,0.0,0.0,0.0,0.0,0.0,0.0,0.0,0.0,0.0
CC1C2Cc3ccc(O)cc3C1(C)CCN2C,0.0,0.0,0.0,0.0,0.0,0.0,8.0,0.0,0.0,0.0,0.0,0.0,0.0,0.0,0.0,0.0,0.0,0.0,0.0,0.0,0.0,0.0,0.0,0.0,0.0,0.0
CC1C2Cc3ccc(O)cc3C1(C)CCN2CC1CC1,0.0,0.0,0.0,0.0,0.0,0.0,10.15,0.0,0.0,0.0,0.0,0.0,0.0,0.0,0.0,0.0,0.0,0.0,0.0,0.0,0.0,0.0,0.0,0.0,0.0,0.0
CC1C2Cc3ccc(O)cc3C1(C)CCN2CC1CC1(C(=O)NCc1ccccc1)c1ccccc1,0.0,0.0,0.0,0.0,0.0,0.0,0.0,0.0,0.0,0.0,0.0,0.0,0.0,0.0,7.46,0.0,0.0,0.0,0.0,0.0,0.0,0.0,0.0,0.0,0.0,0.0
CC1C2Cc3ccc(O)cc3C1(C)CCN2CC1CC1(CN1CCCCC1)c1ccccc1,0.0,0.0,0.0,0.0,0.0,0.0,0.0,0.0,0.0,0.0,0.0,0.0,0.0,0.0,6.75,0.0,0.0,0.0,0.0,0.0,0.0,0.0,0.0,0.0,0.0,0.0
CC1C2Cc3ccc(O)cc3C1(C)CCN2CCC(=O)Nc1ccc2ncccc2c1,0.0,0.0,0.0,0.0,0.0,0.0,0.0,0.0,0.0,0.0,0.0,0.0,0.0,5.36,0.0,0.0,0.0,0.0,0.0,0.0,0.0,0.0,0.0,0.0,0.0,0.0
CC1C2Cc3ccc(O)cc3C1(C)CCN2CCC(=O)Nc1cccc2ccccc12,0.0,0.0,0.0,0.0,0.0,0.0,0.0,0.0,0.0,0.0,0.0,0.0,0.0,6.1,0.0,0.0,0.0,0.0,0.0,0.0,0.0,0.0,0.0,0.0,0.0,0.0
CC1C2Cc3ccc(O)cc3C1(C)CCN2CCC(=O)Nc1cccc2cccnc12,0.0,0.0,0.0,0.0,0.0,0.0,0.0,0.0,0.0,0.0,0.0,0.0,0.0,6.64,0.0,0.0,0.0,0.0,0.0,0.0,0.0,0.0,0.0,0.0,0.0,0.0
CC1C2Cc3ccc(O)cc3C1(C)CCN2CCC(=O)Nc1cccc2cnccc12,0.0,0.0,0.0,0.0,0.0,0.0,0.0,0.0,0.0,0.0,0.0,0.0,0.0,5.54,0.0,0.0,0.0,0.0,0.0,0.0,0.0,0.0,0.0,0.0,0.0,0.0
CC1C2Cc3ccc(O)cc3C1(C)CCN2CCC(=O)Nc1cccc2ncccc12,0.0,0.0,0.0,0.0,0.0,0.0,0.0,0.0,0.0,0.0,0.0,0.0,0.0,5.81,0.0,0.0,0.0,0.0,0.0,0.0,0.0,0.0,0.0,0.0,0.0,0.0
CC1C2Cc3ccc(O)cc3C1(C)CCN2CCC(=O)Nc1ccccc1,0.0,0.0,0.0,0.0,0.0,0.0,0.0,0.0,0.0,0.0,0.0,0.0,0.0,5.12,0.0,0.0,0.0,0.0,0.0,0.0,0.0,0.0,0.0,0.0,0.0,0.0
CC1C2Cc3ccc(O)cc3C1(C)CCN2CCC(=O)Nc1cnc2ccccc2c1,0.0,0.0,0.0,0.0,0.0,0.0,0.0,0.0,0.0,0.0,0.0,0.0,0.0,5.19,0.0,0.0,0.0,0.0,0.0,0.0,0.0,0.0,0.0,0.0,0.0,0.0
CC1C2Cc3ccc(O)cc3C1(C)CCN2CCc1ccccc1,0.0,0.0,0.0,0.0,0.0,0.0,8.7,0.0,0.0,0.0,0.0,0.0,0.0,0.0,0.0,0.0,0.0,0.0,0.0,0.0,0.0,0.0,0.0,0.0,0.0,0.0
CC1C2Cc3ccc(O)cc3C1(C)CC[N+]2(C)CC1CC1,0.0,0.0,0.0,0.0,0.0,0.0,0.0,0.0,0.0,0.0,0.0,0.0,0.0,0.0,0.0,0.0,0.0,8.36,0.0,0.0,0.0,0.0,0.0,0.0,0.0,0.0
CC1C2Cc3ccc4[nH]cnc4c3C1(C)CCN2CC1CC1,0.0,0.0,0.0,0.0,0.0,0.0,9.04,0.0,0.0,0.0,0.0,0.0,0.0,0.0,0.0,0.0,0.0,0.0,0.0,0.0,0.0,0.0,0.0,0.0,0.0,0.0
CC1C2Cc3ccc4[nH]nnc4c3C1(C)CCN2CC1CC1,0.0,0.0,0.0,0.0,0.0,0.0,9.64,0.0,0.0,0.0,0.0,0.0,0.0,0.0,0.0,0.0,0.0,0.0,0.0,0.0,0.0,0.0,0.0,0.0,0.0,0.0
CC1C2Cc3ccc4c(=O)[nH]cnc4c3C1(C)CCN2CC1CC1,0.0,0.0,0.0,0.0,0.0,0.0,6.8,0.0,0.0,0.0,0.0,0.0,0.0,0.0,0.0,0.0,0.0,0.0,0.0,0.0,0.0,0.0,0.0,0.0,0.0,0.0
CC1C2Cc3ccc4c(N)ncnc4c3C1(C)CCN2CC1CC1,0.0,0.0,0.0,0.0,0.0,0.0,9.0,0.0,0.0,0.0,0.0,0.0,0.0,0.0,0.0,0.0,0.0,0.0,0.0,0.0,0.0,0.0,0.0,0.0,0.0,0.0
CC1C2Cc3ccc4c(NCCc5ccc(-c6ccccc6)cc5)ncnc4c3C1(C)CCN2CC1CC1,0.0,0.0,0.0,0.0,0.0,0.0,8.07,0.0,0.0,0.0,0.0,0.0,0.0,0.0,0.0,0.0,0.0,0.0,0.0,0.0,0.0,0.0,0.0,0.0,0.0,0.0
CC1C2Cc3ccc4c(NCc5ccccc5)ncnc4c3C1(C)CCN2CC1CC1,0.0,0.0,0.0,0.0,0.0,0.0,6.62,0.0,0.0,0.0,0.0,0.0,0.0,0.0,0.0,0.0,0.0,0.0,0.0,0.0,0.0,0.0,0.0,0.0,0.0,0.0
CC1C2Cc3ccccc3C1(C)CCN2CCN1CCCC1,0.0,0.0,0.0,0.0,0.0,0.0,0.0,0.0,0.0,0.0,0.0,0.0,0.0,0.0,5.19,0.0,0.0,0.0,0.0,0.0,0.0,0.0,0.0,0.0,0.0,0.0
CC1C2Cc3ccccc3C1(C)CCN2CCNc1ccccc1,0.0,0.0,0.0,0.0,0.0,0.0,0.0,0.0,0.0,0.0,0.0,0.0,0.0,0.0,5.19,0.0,0.0,0.0,0.0,0.0,0.0,0.0,0.0,0.0,0.0,0.0
CC1CC(=O)N(C2CCN(C3CCCCCCC3)CC2)c2ccccc21,0.0,0.0,0.0,0.0,0.0,0.0,7.56,0.0,0.0,0.0,0.0,0.0,0.0,0.0,0.0,0.0,0.0,0.0,0.0,0.0,0.0,0.0,0.0,0.0,0.0,0.0
CC1CC(C)(c2cccc(O)c2)C(C)CN1CCc1ccccc1,0.0,0.0,0.0,0.0,0.0,0.0,0.0,0.0,0.0,0.0,0.0,0.0,0.0,0.0,7.0,0.0,0.0,0.0,0.0,0.0,0.0,0.0,0.0,0.0,0.0,0.0
CC1CC2=C(C3Oc4c(O)ccc5c4C34CCN(CC3CC3)C(C5)C4(O)C2)N(Cc2ccccc2)C1=O,0.0,0.0,0.0,0.0,0.0,0.0,9.15,0.0,0.0,0.0,0.0,0.0,0.0,0.0,0.0,0.0,0.0,0.0,0.0,0.0,0.0,0.0,0.0,0.0,0.0,0.0
CC1CC2CC(C1)CC(N1C3CCCC1CC(n1c(=O)c(C(=O)O)nc4ccccc41)C3)C2,0.0,0.0,0.0,0.0,0.0,0.0,0.0,0.0,0.0,0.0,0.0,0.0,0.0,0.0,7.12,0.0,0.0,0.0,0.0,0.0,0.0,0.0,0.0,0.0,0.0,0.0
CC1CC2CC(c3cccc(O)c3)(CCN2C)C1,0.0,0.0,0.0,0.0,0.0,0.0,6.52,0.0,0.0,0.0,0.0,0.0,0.0,0.0,0.0,0.0,0.0,0.0,0.0,0.0,0.0,0.0,0.0,0.0,0.0,0.0
CC1CC2CC(c3cccc(O)c3)(CCN2CCc2ccccc2)C1,0.0,0.0,0.0,0.0,0.0,0.0,7.04,0.0,0.0,0.0,0.0,0.0,0.0,0.0,0.0,0.0,0.0,0.0,0.0,0.0,0.0,0.0,0.0,0.0,0.0,0.0
CC1CCC2(c3cccc(O)c3)CCN(C)C1C2,0.0,0.0,0.0,0.0,0.0,0.0,7.41,0.0,0.0,0.0,0.0,0.0,0.0,0.0,0.0,0.0,0.0,0.0,0.0,0.0,0.0,0.0,0.0,0.0,0.0,0.0
CC1CCC2(c3cccc(O)c3)CCN(CCc3ccccc3)C1C2,0.0,0.0,0.0,0.0,0.0,0.0,7.27,0.0,0.0,0.0,0.0,0.0,0.0,0.0,0.0,0.0,0.0,0.0,0.0,0.0,0.0,0.0,0.0,0.0,0.0,0.0
CC1CN(CC(Cc2ccccc2)C(=O)NC(CC2CCCCC2)C(=O)O)CCC1(C)c1cccc(O)c1,0.0,0.0,0.0,0.0,0.0,0.0,0.0,0.0,0.0,0.0,0.0,0.0,0.0,0.0,6.14,0.0,0.0,0.0,0.0,0.0,0.0,0.0,0.0,0.0,0.0,0.0
CC1CN(CC(Cc2ccccc2)C(=O)NC(CCCCN)C(=O)O)CCC1(C)c1cccc(O)c1,0.0,0.0,0.0,0.0,0.0,0.0,0.0,0.0,0.0,0.0,0.0,0.0,0.0,0.0,6.24,0.0,0.0,0.0,0.0,0.0,0.0,0.0,0.0,0.0,0.0,0.0
CC1CN(CC(Cc2ccccc2)C(=O)NC(CCCN)C(=O)O)CCC1(C)c1cccc(O)c1,0.0,0.0,0.0,0.0,0.0,0.0,0.0,0.0,0.0,0.0,0.0,0.0,0.0,0.0,6.7,0.0,0.0,0.0,0.0,0.0,0.0,0.0,0.0,0.0,0.0,0.0
CC1CN(CC(Cc2ccccc2)C(=O)NC(CCc2ccccc2)C(=O)O)CCC1(C)c1cccc(O)c1,0.0,0.0,0.0,0.0,0.0,0.0,0.0,0.0,0.0,0.0,0.0,0.0,0.0,0.0,6.29,0.0,0.0,0.0,0.0,0.0,0.0,0.0,0.0,0.0,0.0,0.0
CC1CN(CC(Cc2ccccc2)C(=O)NC(Cc2ccc(-c3ccccc3)cc2)C(=O)O)CCC1(C)c1cccc(O)c1,0.0,0.0,0.0,0.0,0.0,0.0,0.0,0.0,0.0,0.0,0.0,0.0,0.0,0.0,6.8,0.0,0.0,0.0,0.0,0.0,0.0,0.0,0.0,0.0,0.0,0.0
CC1CN(CC(Cc2ccccc2)C(=O)NC(Cc2ccc3ccccc3c2)C(=O)O)CCC1(C)c1cccc(O)c1,0.0,0.0,0.0,0.0,0.0,0.0,0.0,0.0,0.0,0.0,0.0,0.0,0.0,0.0,6.62,0.0,0.0,0.0,0.0,0.0,0.0,0.0,0.0,0.0,0.0,0.0
CC1CN(CC(Cc2ccccc2)C(=O)NC(Cc2cccc3ccccc23)C(=O)O)CCC1(C)c1cccc(O)c1,0.0,0.0,0.0,0.0,0.0,0.0,0.0,0.0,0.0,0.0,0.0,0.0,0.0,0.0,7.08,0.0,0.0,0.0,0.0,0.0,0.0,0.0,0.0,0.0,0.0,0.0
CC1CN(CC(Cc2ccccc2)C(=O)NC(Cc2ccccc2)C(=O)O)CCC1(C)c1cccc(O)c1,0.0,0.0,0.0,0.0,0.0,0.0,0.0,0.0,0.0,0.0,0.0,0.0,0.0,0.0,6.6,0.0,0.0,0.0,0.0,0.0,0.0,0.0,0.0,0.0,0.0,0.0
CC1CN(CC(Cc2ccccc2)C(=O)NCC(=O)O)CCC1(C)c1cccc(O)c1,0.0,0.0,0.0,0.0,0.0,0.0,0.0,0.0,0.0,0.0,0.0,0.0,0.0,0.0,7.0,0.0,0.0,0.0,0.0,0.0,0.0,0.0,0.0,0.0,0.0,0.0
CC1CN(CCC(=O)N(CC2CC2)C(Cc2ccccc2)C(=O)O)CCC1(C)c1cccc(O)c1,0.0,0.0,0.0,0.0,0.0,0.0,0.0,0.0,0.0,0.0,0.0,0.0,0.0,0.0,5.66,0.0,0.0,0.0,0.0,0.0,0.0,0.0,0.0,0.0,0.0,0.0
CC1CN(CCC(=O)N(CCc2ccccc2)C(Cc2ccccc2)C(=O)O)CCC1(C)c1cccc(O)c1,0.0,0.0,0.0,0.0,0.0,0.0,0.0,0.0,0.0,0.0,0.0,0.0,0.0,0.0,5.92,0.0,0.0,0.0,0.0,0.0,0.0,0.0,0.0,0.0,0.0,0.0
CC1CN(CCC(=O)N(Cc2ccc(-c3ccccc3)cc2)C(Cc2ccccc2)C(=O)O)CCC1(C)c1cccc(O)c1,0.0,0.0,0.0,0.0,0.0,0.0,0.0,0.0,0.0,0.0,0.0,0.0,0.0,0.0,6.64,0.0,0.0,0.0,0.0,0.0,0.0,0.0,0.0,0.0,0.0,0.0
CC1CN(CCC(=O)N(Cc2cccc(Cl)c2)C(Cc2ccccc2)C(=O)O)CCC1(C)c1cccc(O)c1,0.0,0.0,0.0,0.0,0.0,0.0,0.0,0.0,0.0,0.0,0.0,0.0,0.0,0.0,6.34,0.0,0.0,0.0,0.0,0.0,0.0,0.0,0.0,0.0,0.0,0.0
CC1CN(CCC(=O)N(Cc2ccccc2)C(Cc2ccccc2)C(=O)O)CCC1(C)c1cccc(O)c1,0.0,0.0,0.0,0.0,0.0,0.0,0.0,0.0,0.0,0.0,0.0,0.0,0.0,0.0,6.26,0.0,0.0,0.0,0.0,0.0,0.0,0.0,0.0,0.0,0.0,0.0
CC1CN(CCC(=O)N(c2ccccc2)C(Cc2ccccc2)C(=O)O)CCC1(C)c1cccc(O)c1,0.0,0.0,0.0,0.0,0.0,0.0,0.0,0.0,0.0,0.0,0.0,0.0,0.0,0.0,5.85,0.0,0.0,0.0,0.0,0.0,0.0,0.0,0.0,0.0,0.0,0.0
CC1CN(CCC(=O)NC(CCc2ccccc2)C(=O)O)CCC1(C)c1cccc(O)c1,0.0,0.0,0.0,0.0,0.0,0.0,0.0,0.0,0.0,0.0,0.0,0.0,0.0,0.0,6.16,0.0,0.0,0.0,0.0,0.0,0.0,0.0,0.0,0.0,0.0,0.0
CC1CN(CCC(=O)NC(Cc2ccc(-c3ccccc3)cc2)C(=O)O)CCC1(C)c1cccc(O)c1,0.0,0.0,0.0,0.0,0.0,0.0,0.0,0.0,0.0,0.0,0.0,0.0,0.0,0.0,5.96,0.0,0.0,0.0,0.0,0.0,0.0,0.0,0.0,0.0,0.0,0.0
CC1CN(CCC(O)C2CCCCC2)CCC1(C)c1cccc(O)c1,0.0,0.0,0.0,0.0,0.0,0.0,8.33,9.49,0.0,0.0,0.0,0.0,0.0,0.0,0.0,0.0,0.0,0.0,0.0,0.0,0.0,0.0,0.0,0.0,0.0,0.0
CC1CN(CCC(O)C2CCCCC2)CCC1(C)c1ccccc1,0.0,0.0,0.0,0.0,0.0,0.0,6.13,0.0,0.0,0.0,0.0,0.0,0.0,0.0,0.0,0.0,0.0,0.0,0.0,0.0,0.0,0.0,0.0,0.0,0.0,0.0
CC1CN(CCCOC(=O)C2Cc3ccc(O)cc3CN2)CCC1(C)c1cccc(O)c1,0.0,0.0,0.0,0.0,0.0,0.0,7.6,0.0,0.0,0.0,0.0,0.0,0.0,0.0,0.0,0.0,0.0,0.0,0.0,0.0,0.0,0.0,0.0,0.0,0.0,0.0
CC1CN(CCCc2ccccc2)C2CC(N(C)C)CC1(c1cccc(O)c1)C2,0.0,0.0,0.0,0.0,0.0,0.0,8.0,0.0,0.0,0.0,0.0,0.0,0.0,0.0,0.0,0.0,0.0,0.0,0.0,0.0,0.0,0.0,0.0,0.0,0.0,0.0
CC1CN(CCCc2ccccc2)C2CC(N(C)CC3CC3)CC1(c1cccc(O)c1)C2,0.0,0.0,0.0,0.0,0.0,0.0,9.04,0.0,0.0,0.0,0.0,0.0,0.0,0.0,0.0,0.0,0.0,0.0,0.0,0.0,0.0,0.0,0.0,0.0,0.0,0.0
CC1CN(CCCc2ccccc2)C2CC(NCC3CC3)CC1(c1cccc(O)c1)C2,0.0,0.0,0.0,0.0,0.0,0.0,7.86,0.0,0.0,0.0,0.0,0.0,0.0,0.0,0.0,0.0,0.0,0.0,0.0,0.0,0.0,0.0,0.0,0.0,0.0,0.0
CC1CN(CCCc2ccccc2)C2CCCC1(c1cccc(O)c1)C2,0.0,0.0,0.0,0.0,0.0,0.0,8.11,0.0,0.0,0.0,0.0,0.0,0.0,0.0,0.0,0.0,0.0,0.0,0.0,0.0,0.0,0.0,0.0,0.0,0.0,0.0
CC1CN(CCOC(=O)C2Cc3ccc(O)cc3CN2)CCC1(C)c1cccc(O)c1,0.0,0.0,0.0,0.0,0.0,0.0,6.8,0.0,0.0,0.0,0.0,0.0,0.0,0.0,0.0,0.0,0.0,0.0,0.0,0.0,0.0,0.0,0.0,0.0,0.0,0.0
CC1CN(CCc2ccccc2)C(CCCc2ccccc2)CC1(C)c1cccc(O)c1,0.0,0.0,0.0,0.0,0.0,0.0,0.0,0.0,0.0,0.0,0.0,0.0,0.0,0.0,6.58,0.0,0.0,0.0,0.0,0.0,0.0,0.0,0.0,0.0,0.0,0.0
CC1CN(CCc2ccccc2)C(CCN)CC1(C)c1cccc(O)c1,0.0,0.0,0.0,0.0,0.0,0.0,0.0,0.0,0.0,0.0,0.0,0.0,0.0,0.0,6.29,0.0,0.0,0.0,0.0,0.0,0.0,0.0,0.0,0.0,0.0,0.0
CC1CN(CCc2ccccc2)C(CCNC(=O)c2ccccc2)CC1(C)c1cccc(O)c1,0.0,0.0,0.0,0.0,0.0,0.0,0.0,0.0,0.0,0.0,0.0,0.0,0.0,0.0,6.7,0.0,0.0,0.0,0.0,0.0,0.0,0.0,0.0,0.0,0.0,0.0
CC1CN(CCc2ccccc2)C(CCc2ccccc2)CC1(C)c1cccc(O)c1,0.0,0.0,0.0,0.0,0.0,0.0,0.0,0.0,0.0,0.0,0.0,0.0,0.0,0.0,6.1,0.0,0.0,0.0,0.0,0.0,0.0,0.0,0.0,0.0,0.0,0.0
CC1CN(CCc2ccccc2)C(Cc2ccccc2)CC1(C)c1cccc(O)c1,0.0,0.0,0.0,0.0,0.0,0.0,0.0,0.0,0.0,0.0,0.0,0.0,0.0,0.0,6.04,0.0,0.0,0.0,0.0,0.0,0.0,0.0,0.0,0.0,0.0,0.0
CC1CN(CCc2ccccc2)C(c2ccccc2)CC1(C)c1cccc(O)c1,0.0,0.0,0.0,0.0,0.0,0.0,0.0,0.0,0.0,0.0,0.0,0.0,0.0,0.0,6.54,0.0,0.0,0.0,0.0,0.0,0.0,0.0,0.0,0.0,0.0,0.0
CC1CN(c2nc3ccccc3n2C2CCN(C3(C)CCCCCCC3)CC2)CC(C)N1,0.0,0.0,0.0,0.0,0.0,0.0,0.0,0.0,0.0,0.0,0.0,0.0,0.0,0.0,0.0,0.0,0.0,7.82,0.0,0.0,0.0,0.0,0.0,0.0,0.0,0.0
CC1CN(c2nc3ccccc3n2C2CCN(C3(CO)CCCCCCC3)CC2)CCN1,0.0,0.0,0.0,0.0,0.0,0.0,0.0,0.0,0.0,0.0,0.0,0.0,0.0,0.0,0.0,0.0,0.0,6.56,0.0,0.0,0.0,0.0,0.0,0.0,0.0,0.0
CC1CN2CC(C3CCCCC3)NCC2CC1(C)c1cccc(O)c1,0.0,0.0,0.0,0.0,0.0,0.0,7.8,0.0,0.0,0.0,0.0,0.0,0.0,0.0,0.0,0.0,0.0,0.0,0.0,0.0,0.0,0.0,0.0,0.0,0.0,0.0
CC1CN2CC(Cc3ccccc3)NCC2CC1(C)c1cccc(O)c1,0.0,0.0,0.0,0.0,0.0,0.0,7.07,0.0,0.0,0.0,0.0,0.0,0.0,0.0,7.07,0.0,0.0,0.0,0.0,0.0,0.0,0.0,0.0,0.0,0.0,0.0
CC1CN2CC(c3ccccc3)CCC2CC1(C)c1cccc(O)c1,0.0,0.0,0.0,0.0,0.0,0.0,8.05,0.0,0.0,0.0,0.0,0.0,0.0,0.0,8.05,0.0,0.0,0.0,0.0,0.0,0.0,0.0,0.0,0.0,0.0,0.0
CC1CN2CC(c3ccccc3)N(C)CC2CC1(C)c1cccc(O)c1,0.0,0.0,0.0,0.0,0.0,0.0,7.89,0.0,0.0,0.0,0.0,0.0,0.0,0.0,7.92,0.0,0.0,0.0,0.0,0.0,0.0,0.0,0.0,0.0,0.0,0.0
CC1CN2CC(c3ccccc3)N(Cc3ccccc3)CC2CC1(C)c1cccc(C(N)=O)c1,0.0,0.0,0.0,0.0,0.0,0.0,6.34,0.0,0.0,0.0,0.0,0.0,0.0,0.0,0.0,0.0,0.0,0.0,0.0,0.0,0.0,0.0,0.0,0.0,0.0,0.0
CC1CN2CC(c3ccccc3)N(Cc3ccccc3)CC2CC1(C)c1cccc(O)c1,0.0,0.0,0.0,0.0,0.0,0.0,6.92,0.0,0.0,0.0,0.0,0.0,0.0,0.0,0.0,0.0,0.0,0.0,0.0,0.0,0.0,0.0,0.0,0.0,0.0,0.0
CC1CN2CC(c3ccccc3)NCC2CC1(C)c1cccc(C(N)=O)c1,0.0,0.0,0.0,0.0,0.0,0.0,7.96,0.0,0.0,0.0,0.0,0.0,0.0,0.0,0.0,0.0,0.0,0.0,0.0,0.0,0.0,0.0,0.0,0.0,0.0,0.0
CC1CN2CC(c3ccccc3)NCC2CC1(C)c1cccc(O)c1,0.0,0.0,0.0,0.0,0.0,0.0,7.75,0.0,0.0,0.0,0.0,0.0,0.0,0.0,7.75,0.0,0.0,0.0,0.0,0.0,0.0,0.0,0.0,0.0,0.0,0.0
CC1CN2CCCCC2CC1(C)c1cccc(O)c1,0.0,0.0,0.0,0.0,0.0,0.0,6.28,0.0,0.0,0.0,0.0,0.0,0.0,0.0,0.0,0.0,0.0,0.0,0.0,0.0,0.0,0.0,0.0,0.0,0.0,0.0
CC1CN2CCCN(Cc3ccccc3)CC2CC1(C)c1cccc(O)c1,0.0,0.0,0.0,0.0,0.0,0.0,6.27,0.0,0.0,0.0,0.0,0.0,0.0,0.0,0.0,0.0,0.0,0.0,0.0,0.0,0.0,0.0,0.0,0.0,0.0,0.0
CC1CN2CCN(C(=O)Cc3ccccc3)CC2CC1(C)c1cccc(O)c1,0.0,0.0,0.0,0.0,0.0,0.0,6.27,0.0,0.0,0.0,0.0,0.0,0.0,0.0,0.0,0.0,0.0,0.0,0.0,0.0,0.0,0.0,0.0,0.0,0.0,0.0
CC1CN2CCN(C(=O)Nc3ccccc3)CC2CC1(C)c1cccc(O)c1,0.0,0.0,0.0,0.0,0.0,0.0,6.38,0.0,0.0,0.0,0.0,0.0,0.0,0.0,0.0,0.0,0.0,0.0,0.0,0.0,0.0,0.0,0.0,0.0,0.0,0.0
CC1CN2CCN(C(=O)c3ccccc3)CC2CC1(C)c1cccc(O)c1,0.0,0.0,0.0,0.0,0.0,0.0,6.75,0.0,0.0,0.0,0.0,0.0,0.0,0.0,6.72,0.0,0.0,0.0,0.0,0.0,0.0,0.0,0.0,0.0,0.0,0.0
CC1CN2CCN(CC3CCCCC3)CC2CC1(C)c1cccc(O)c1,0.0,0.0,0.0,0.0,0.0,0.0,7.08,0.0,0.0,0.0,0.0,0.0,0.0,0.0,0.0,0.0,0.0,0.0,0.0,0.0,0.0,0.0,0.0,0.0,0.0,0.0
CC1CN2CCN(CCCc3ccccc3)CC2CC1(C)c1cccc(O)c1,0.0,0.0,0.0,0.0,0.0,0.0,6.02,0.0,0.0,0.0,0.0,0.0,0.0,0.0,0.0,0.0,0.0,0.0,0.0,0.0,0.0,0.0,0.0,0.0,0.0,0.0
CC1CN2CCN(CCc3ccccc3)CC2CC1(C)c1cccc(O)c1,0.0,0.0,0.0,0.0,0.0,0.0,6.96,0.0,0.0,0.0,0.0,0.0,0.0,0.0,6.95,0.0,0.0,0.0,0.0,0.0,0.0,0.0,0.0,0.0,0.0,0.0
CC1CN2CCN(Cc3ccc(Cl)cc3)CC2CC1(C)c1cccc(O)c1,0.0,0.0,0.0,0.0,0.0,0.0,6.55,0.0,0.0,0.0,0.0,0.0,0.0,0.0,0.0,0.0,0.0,0.0,0.0,0.0,0.0,0.0,0.0,0.0,0.0,0.0
CC1CN2CCN(Cc3ccc(O)cc3)CC2CC1(C)c1cccc(O)c1,0.0,0.0,0.0,0.0,0.0,0.0,6.57,0.0,0.0,0.0,0.0,0.0,0.0,0.0,0.0,0.0,0.0,0.0,0.0,0.0,0.0,0.0,0.0,0.0,0.0,0.0
CC1CN2CCN(Cc3ccc4ccccc4c3)CC2CC1(C)c1cccc(O)c1,0.0,0.0,0.0,0.0,0.0,0.0,6.01,0.0,0.0,0.0,0.0,0.0,0.0,0.0,0.0,0.0,0.0,0.0,0.0,0.0,0.0,0.0,0.0,0.0,0.0,0.0
CC1CN2CCN(Cc3cccc(Cl)c3)CC2CC1(C)c1cccc(O)c1,0.0,0.0,0.0,0.0,0.0,0.0,7.08,0.0,0.0,0.0,0.0,0.0,0.0,0.0,0.0,0.0,0.0,0.0,0.0,0.0,0.0,0.0,0.0,0.0,0.0,0.0
CC1CN2CCN(Cc3cccc(O)c3)CC2CC1(C)c1cccc(O)c1,0.0,0.0,0.0,0.0,0.0,0.0,7.25,0.0,0.0,0.0,0.0,0.0,0.0,0.0,0.0,0.0,0.0,0.0,0.0,0.0,0.0,0.0,0.0,0.0,0.0,0.0
CC1CN2CCN(Cc3cccc(OCc4ccccc4)c3)CC2CC1(C)c1cccc(O)c1,0.0,0.0,0.0,0.0,0.0,0.0,7.48,0.0,0.0,0.0,0.0,0.0,0.0,0.0,0.0,0.0,0.0,0.0,0.0,0.0,0.0,0.0,0.0,0.0,0.0,0.0
CC1CN2CCN(Cc3cccc(Oc4ccccc4)c3)CC2CC1(C)c1cccc(O)c1,0.0,0.0,0.0,0.0,0.0,0.0,7.62,0.0,0.0,0.0,0.0,0.0,0.0,0.0,0.0,0.0,0.0,0.0,0.0,0.0,0.0,0.0,0.0,0.0,0.0,0.0
CC1CN2CCN(Cc3cccc4ccccc34)CC2CC1(C)c1cccc(O)c1,0.0,0.0,0.0,0.0,0.0,0.0,6.64,0.0,0.0,0.0,0.0,0.0,0.0,0.0,0.0,0.0,0.0,0.0,0.0,0.0,0.0,0.0,0.0,0.0,0.0,0.0
CC1CN2CCN(Cc3ccccc3)CC2CC1(C)c1cccc(O)c1,0.0,0.0,0.0,0.0,0.0,0.0,7.37,0.0,0.0,0.0,0.0,0.0,0.0,0.0,7.36,0.0,0.0,0.0,0.0,0.0,0.0,0.0,0.0,0.0,0.0,0.0
CC1CN2CCN(Cc3ccccc3Cl)CC2CC1(C)c1cccc(O)c1,0.0,0.0,0.0,0.0,0.0,0.0,7.8,0.0,0.0,0.0,0.0,0.0,0.0,0.0,0.0,0.0,0.0,0.0,0.0,0.0,0.0,0.0,0.0,0.0,0.0,0.0
CC1CN2CCN(Cc3ccccc3O)CC2CC1(C)c1cccc(O)c1,0.0,0.0,0.0,0.0,0.0,0.0,7.12,0.0,0.0,0.0,0.0,0.0,0.0,0.0,0.0,0.0,0.0,0.0,0.0,0.0,0.0,0.0,0.0,0.0,0.0,0.0
CC1CN2CCN(Cc3ccccn3)CC2CC1(C)c1cccc(O)c1,0.0,0.0,0.0,0.0,0.0,0.0,6.41,0.0,0.0,0.0,0.0,0.0,0.0,0.0,0.0,0.0,0.0,0.0,0.0,0.0,0.0,0.0,0.0,0.0,0.0,0.0
CC1CN2CCN(Cc3cccnc3)CC2CC1(C)c1cccc(O)c1,0.0,0.0,0.0,0.0,0.0,0.0,6.4,0.0,0.0,0.0,0.0,0.0,0.0,0.0,0.0,0.0,0.0,0.0,0.0,0.0,0.0,0.0,0.0,0.0,0.0,0.0
CC1CN2CCN(Cc3ccco3)CC2CC1(C)c1cccc(O)c1,0.0,0.0,0.0,0.0,0.0,0.0,6.37,0.0,0.0,0.0,0.0,0.0,0.0,0.0,0.0,0.0,0.0,0.0,0.0,0.0,0.0,0.0,0.0,0.0,0.0,0.0
CC1CN2CCN(Cc3cccs3)CC2CC1(C)c1cccc(O)c1,0.0,0.0,0.0,0.0,0.0,0.0,7.43,0.0,0.0,0.0,0.0,0.0,0.0,0.0,0.0,0.0,0.0,0.0,0.0,0.0,0.0,0.0,0.0,0.0,0.0,0.0
CC1CN2CCN(Cc3ccoc3)CC2CC1(C)c1cccc(O)c1,0.0,0.0,0.0,0.0,0.0,0.0,6.92,0.0,0.0,0.0,0.0,0.0,0.0,0.0,0.0,0.0,0.0,0.0,0.0,0.0,0.0,0.0,0.0,0.0,0.0,0.0
CC1CN2CCN(Cc3ccsc3)CC2CC1(C)c1cccc(O)c1,0.0,0.0,0.0,0.0,0.0,0.0,7.42,0.0,0.0,0.0,0.0,0.0,0.0,0.0,0.0,0.0,0.0,0.0,0.0,0.0,0.0,0.0,0.0,0.0,0.0,0.0
CC1CN2CCN(c3ccccc3)CC2CC1(C)c1cccc(O)c1,0.0,0.0,0.0,0.0,0.0,0.0,5.43,0.0,0.0,0.0,0.0,0.0,0.0,0.0,0.0,0.0,0.0,0.0,0.0,0.0,0.0,0.0,0.0,0.0,0.0,0.0
CC1COCCN1S(=O)(=O)c1ccccc1-c1ccc(CN2CCN(C)CC2)cc1,0.0,0.0,0.0,0.0,0.0,0.0,7.89,0.0,0.0,0.0,0.0,0.0,0.0,0.0,0.0,0.0,0.0,0.0,0.0,0.0,0.0,0.0,0.0,0.0,0.0,0.0
CC1COCCN1S(=O)(=O)c1ccccc1-c1ccc(CNC2CCOCC2)cc1,0.0,0.0,0.0,0.0,0.0,0.0,7.85,0.0,0.0,0.0,0.0,0.0,0.0,0.0,0.0,0.0,0.0,0.0,0.0,0.0,0.0,0.0,0.0,0.0,0.0,0.0
CC1NC(=O)C(Cc2c[nH]c3ccccc23)NC(=O)C(Cc2ccccc2)NC(=O)C2CCCN2C1=O,0.0,0.0,0.0,0.0,0.0,0.0,0.0,0.0,0.0,0.0,0.0,0.0,0.0,0.0,0.0,0.0,8.1,0.0,0.0,0.0,0.0,8.28,0.0,0.0,0.0,0.0
CC1NC(=O)C(Cc2ccccc2)NC(=O)C2CCCN2C(=O)C(Cc2ccccc2)NC1=O,0.0,0.0,0.0,0.0,0.0,0.0,0.0,0.0,0.0,0.0,0.0,0.0,0.0,0.0,0.0,0.0,5.81,0.0,0.0,0.0,0.0,0.0,0.0,0.0,0.0,0.0
CC1NC(=O)C2CCCN2C(=O)C(Cc2ccccc2)NC(=O)C(Cc2c[nH]c3ccccc23)NC1=O,0.0,0.0,0.0,0.0,0.0,0.0,0.0,0.0,0.0,0.0,0.0,0.0,0.0,0.0,0.0,0.0,6.18,0.0,0.0,0.0,0.0,5.89,0.0,0.0,0.0,0.0
CC1c2c(c3c(n2Cc2ccccc2)C2Oc4c(O)ccc5c4C24CCN(C)C(C5)C4(O)C3)CC2(O)C3Cc4ccc(O)c(O)c4C12CCN3C,0.0,0.0,0.0,0.0,0.0,0.0,7.6,0.0,0.0,0.0,0.0,0.0,0.0,0.0,0.0,0.0,0.0,0.0,0.0,0.0,0.0,0.0,0.0,0.0,0.0,0.0
CC=C(C)C(=O)OC1CC(C(=O)OC)C2(C)CCC3C(=O)OC(c4ccoc4)CC3(C)C2C1=O,0.0,0.0,0.0,0.0,0.0,0.0,0.0,0.0,0.0,0.0,0.0,0.0,0.0,0.0,0.0,0.0,0.0,0.0,0.0,0.0,0.0,0.0,0.0,0.0,6.82,0.0
CC=C1CC23Cc4c([nH]c5ccccc45)C1C21CCN(C)C3Cc2ccc(OC)c(O)c21,0.0,0.0,6.62,0.0,0.0,0.0,0.0,0.0,0.0,0.0,0.0,0.0,0.0,0.0,0.0,0.0,0.0,0.0,0.0,0.0,0.0,0.0,0.0,0.0,0.0,0.0
CC=C1CN2C3CC1C(CO)(C(=O)OC)C2Cc1c3[nH]c2ccccc12,0.0,0.0,0.0,0.0,0.0,0.0,0.0,0.0,0.0,4.85,0.0,0.0,0.0,0.0,0.0,0.0,0.0,0.0,0.0,0.0,0.0,0.0,0.0,0.0,0.0,0.0
CC=C1CN2C3CC45c6ccccc6NC4(O3)C2CC1C5(COC(C)=O)C(=O)OC,0.0,0.0,0.0,0.0,0.0,0.0,0.0,0.0,0.0,5.62,0.0,0.0,0.0,0.0,0.0,0.0,0.0,0.0,0.0,0.0,0.0,0.0,0.0,0.0,0.0,0.0
CC=C1CN2CCC34C(=C(C(=O)OC)C1CC23)Nc1ccccc14,0.0,0.0,0.0,0.0,0.0,0.0,0.0,0.0,0.0,7.1,0.0,0.0,0.0,0.0,0.0,0.0,0.0,0.0,0.0,0.0,0.0,0.0,0.0,0.0,0.0,0.0
CC=C1CN2CCC34C(=Nc5ccccc53)C2CC1C4(COC(C)=O)C(=O)OC,0.0,0.0,0.0,0.0,0.0,0.0,0.0,0.0,0.0,6.0,0.0,0.0,0.0,0.0,0.0,0.0,0.0,0.0,0.0,0.0,0.0,0.0,0.0,0.0,0.0,0.0
CC=C1CN2CCC34c5cc(O)c(Br)cc5N(C)C35OCC4(C(=O)OC)C1CC25,0.0,0.0,0.0,0.0,0.0,0.0,0.0,0.0,0.0,0.0,0.0,0.0,0.0,0.0,6.6,0.0,0.0,0.0,0.0,0.0,0.0,0.0,0.0,0.0,0.0,0.0
CC=C1CN2CCC34c5cc(O)c(I)cc5N(C)C35OCC4(C(=O)OC)C1CC25,0.0,0.0,0.0,0.0,0.0,0.0,0.0,0.0,0.0,0.0,0.0,0.0,0.0,0.0,6.24,0.0,0.0,0.0,0.0,0.0,0.0,0.0,0.0,0.0,0.0,0.0
CC=C1CN2CCC34c5cc(O)ccc5N(C)C35OCC4(C(=O)OC)C1CC25,0.0,0.0,0.0,0.0,0.0,0.0,0.0,0.0,0.0,5.8,0.0,0.0,0.0,0.0,5.8,0.0,0.0,0.0,0.0,0.0,0.0,0.0,0.0,0.0,0.0,0.0
CC=C1CN2CCC34c5ccccc5N(C)C35OCC4(C(=O)OC)C1CC25,0.0,0.0,0.0,0.0,0.0,0.0,0.0,0.0,0.0,5.65,0.0,0.0,0.0,0.0,5.65,0.0,0.0,0.0,0.0,0.0,0.0,0.0,0.0,0.0,0.0,0.0
CC=C1CN2CCC34c5ccccc5N(CC)C35OCC4(C(=O)OC)C1CC25,0.0,0.0,0.0,0.0,0.0,0.0,0.0,0.0,0.0,0.0,0.0,0.0,0.0,0.0,5.93,0.0,0.0,0.0,0.0,0.0,0.0,0.0,0.0,0.0,0.0,0.0
CC=C1CN2CCC34c5ccccc5N(CCc5ccccc5)C35OCC4(C(=O)OC)C1CC25,0.0,0.0,0.0,0.0,0.0,0.0,0.0,0.0,0.0,0.0,0.0,0.0,0.0,0.0,6.24,0.0,0.0,0.0,0.0,0.0,0.0,0.0,0.0,0.0,0.0,0.0
CC=C1CN2CCC34c5ccccc5N(Cc5ccccc5)C35OCC4(C(=O)OC)C1CC25,0.0,0.0,0.0,0.0,0.0,0.0,0.0,0.0,0.0,0.0,0.0,0.0,0.0,0.0,7.31,0.0,0.0,0.0,0.0,0.0,0.0,0.0,0.0,0.0,0.0,0.0
CC=CC(=O)C1CC2(C)C(CCC3(C)C(C(=O)OC)CC(OC(C)=O)C(=O)C32)C(=O)O1,0.0,0.0,0.0,0.0,0.0,0.0,6.5,0.0,0.0,0.0,0.0,0.0,0.0,0.0,0.0,0.0,0.0,0.0,0.0,0.0,0.0,0.0,0.0,0.0,0.0,0.0
CC=CC(=O)OC1CC(C(=O)OC)C2(C)CCC3C(=O)OC(c4ccoc4)CC3(C)C2C1=O,0.0,0.0,0.0,0.0,0.0,0.0,0.0,0.0,0.0,0.0,0.0,0.0,0.0,0.0,0.0,0.0,0.0,0.0,0.0,0.0,0.0,0.0,0.0,0.0,7.6,0.0
CCC(=O)N(C)C1CC(C(=O)OC)C2(C)CCC3C(=O)OC(c4ccoc4)CC3(C)C2C1=O,0.0,0.0,0.0,0.0,0.0,0.0,8.8,0.0,0.0,0.0,0.0,0.0,0.0,0.0,0.0,0.0,0.0,0.0,0.0,0.0,0.0,0.0,0.0,0.0,0.0,0.0
CCC(=O)N(CC)C1CC(C(=O)OC)C2(C)CCC3C(=O)OC(c4ccoc4)CC3(C)C2C1=O,0.0,0.0,0.0,0.0,0.0,0.0,7.42,0.0,0.0,0.0,0.0,0.0,0.0,0.0,0.0,0.0,0.0,0.0,0.0,0.0,0.0,0.0,0.0,0.0,0.0,0.0
CCC(=O)N(c1ccc(Cl)c(Cl)c1)C1CCN(C(=O)C(Cc2ccc(Cl)cc2)NC(=O)C2Cc3ccccc3CN2C(=O)C(N)Cc2cc(C)c(O)c(C)c2)CC1,0.0,0.0,0.0,0.0,0.0,0.0,0.0,0.0,0.0,0.0,0.0,0.0,0.0,0.0,0.0,0.0,0.0,0.0,0.0,0.0,0.0,0.0,0.0,0.0,0.0,7.47
CCC(=O)N(c1ccc(Cl)c(Cl)c1)C1CCN(C(=O)C(Cc2ccc(Cl)cc2)NC(=O)CNC(=O)C(C)NC(=O)C(N)Cc2c(C)cc(O)cc2C)CC1,0.0,0.0,0.0,0.0,0.0,0.0,0.0,0.0,0.0,0.0,0.0,0.0,0.0,0.0,0.0,0.0,0.0,0.0,0.0,0.0,0.0,0.0,0.0,0.0,0.0,8.24
CCC(=O)N(c1ccc(Cl)c(Cl)c1)C1CCN(C(=O)C(Cc2ccc(Cl)cc2)NC(=O)CNC(=O)C(C)NC(=O)C(N)Cc2ccc(O)cc2)CC1,0.0,0.0,0.0,0.0,0.0,0.0,0.0,0.0,0.0,0.0,0.0,0.0,0.0,0.0,0.0,0.0,0.0,0.0,0.0,0.0,0.0,0.0,0.0,0.0,0.0,7.33
CCC(=O)N(c1ccc(Cl)c(Cl)c1)C1CCN(C(=O)C(Cc2ccc(Cl)cc2)NC(=O)CNC(=O)C2Cc3ccccc3CN2C(=O)C(N)Cc2cc(C)c(O)c(C)c2)CC1,0.0,0.0,0.0,0.0,0.0,0.0,0.0,0.0,0.0,0.0,0.0,0.0,0.0,0.0,0.0,0.0,0.0,0.0,0.0,0.0,0.0,0.0,0.0,0.0,0.0,9.28
CCC(=O)N(c1ccc(Cl)c(Cl)c1)C1CCN(C(=O)C(Cc2ccc(F)cc2)NC(=O)C2Cc3ccccc3CN2C(=O)C(N)Cc2cc(C)c(O)c(C)c2)CC1,0.0,0.0,0.0,0.0,0.0,0.0,0.0,0.0,0.0,0.0,0.0,0.0,0.0,0.0,0.0,0.0,0.0,0.0,0.0,0.0,0.0,0.0,0.0,0.0,0.0,7.55
CCC(=O)N(c1ccc(Cl)c(Cl)c1)C1CCN(C(=O)C(Cc2ccc(F)cc2)NC(=O)CNC(=O)C2Cc3ccccc3CN2C(=O)C(N)Cc2cc(C)c(O)c(C)c2)CC1,0.0,0.0,0.0,0.0,0.0,0.0,0.0,0.0,0.0,0.0,0.0,0.0,0.0,0.0,0.0,0.0,0.0,0.0,0.0,0.0,0.0,0.0,0.0,0.0,0.0,9.89
CCC(=O)N(c1ccc(Cl)c(Cl)c1)C1CCN(C(=O)C(Cc2ccccc2)NC(=O)CNC(=O)C(C)NC(=O)C(N)Cc2ccc(O)cc2)CC1,0.0,0.0,0.0,0.0,0.0,0.0,0.0,0.0,0.0,0.0,0.0,0.0,0.0,0.0,0.0,0.0,0.0,0.0,0.0,0.0,0.0,0.0,0.0,0.0,0.0,7.36
CCC(=O)N1CC2C(N3CCCC3)CCC1CN2C(=O)Cc1ccc(Cl)c(Cl)c1,0.0,0.0,0.0,0.0,0.0,0.0,0.0,0.0,0.0,0.0,0.0,0.0,0.0,0.0,0.0,0.0,0.0,6.92,0.0,0.0,0.0,0.0,0.0,0.0,0.0,0.0
CCC(=O)N1CCC(NC(=O)C(N)Cc2c(C)cc(O)cc2C)c2cc(Cc3ccc4ccccc4c3)ccc21,0.0,0.0,0.0,0.0,0.0,0.0,7.24,0.0,0.0,0.0,0.0,0.0,0.0,0.0,0.0,0.0,0.0,0.0,0.0,0.0,0.0,0.0,0.0,0.0,0.0,0.0
CCC(=O)N1CCC(NC(=O)C(N)Cc2c(C)cc(O)cc2C)c2cc(Cc3ccccc3)ccc21,0.0,0.0,0.0,0.0,0.0,0.0,7.4,0.0,0.0,0.0,0.0,0.0,0.0,0.0,0.0,0.0,0.0,0.0,0.0,0.0,0.0,0.0,0.0,0.0,0.0,0.0
CCC(=O)NC1CC(C(=O)OC)C2(C)CCC3C(=O)OC(c4ccoc4)CC3(C)C2C1=O,0.0,0.0,0.0,0.0,0.0,0.0,6.93,0.0,0.0,0.0,0.0,0.0,0.0,0.0,0.0,0.0,0.0,0.0,0.0,0.0,0.0,0.0,0.0,0.0,0.0,0.0
CCC(=O)Nc1ccc(Cc2ccccc2)cc1CNC(=O)C(N)Cc1c(C)cc(O)cc1C,0.0,0.0,0.0,0.0,0.0,0.0,5.96,0.0,0.0,0.0,0.0,0.0,0.0,0.0,0.0,0.0,0.0,0.0,0.0,0.0,0.0,0.0,0.0,0.0,0.0,0.0
CCC(=O)OC1CC(C(=O)OC)C2(C)CCC3C(=O)OC(c4ccoc4)CC3(C)C2C1=O,0.0,0.0,0.0,0.0,0.0,0.0,8.14,0.0,0.0,0.0,0.0,0.0,0.0,0.0,8.74,0.0,0.0,0.0,0.0,0.0,0.0,0.0,0.0,0.0,0.0,0.0
CCC(C)(C)C(C)(O)C1CC23CCC1(OC)C1Oc4c(O)ccc5c4C12CCN(CC1CC1)C3C5,0.0,0.0,0.0,0.0,0.0,0.0,8.25,0.0,0.0,0.0,0.0,0.0,0.0,0.0,0.0,0.0,0.0,0.0,0.0,0.0,0.0,0.0,0.0,0.0,0.0,0.0
CCC(C)(C)C1CCC(N2CCC(N3C(=O)Cc4ccccc43)CC2)CC1,0.0,0.0,0.0,0.0,0.0,0.0,6.8,0.0,0.0,0.0,0.0,0.0,0.0,0.0,0.0,0.0,0.0,0.0,0.0,0.0,0.0,0.0,0.0,0.0,0.0,0.0
CCC(C)C(N)C(=O)NCC1CC23CCC1(OC)C1Oc4c(O)ccc5c4C12CCN(CC1CC1)C3C5,0.0,0.0,0.0,0.0,0.0,0.0,0.0,0.0,0.0,0.0,0.0,0.0,0.0,0.0,0.0,10.05,0.0,0.0,0.0,0.0,0.0,0.0,0.0,0.0,0.0,0.0
CCC(C)C(NC(=O)C(C)NC(=O)C(CCCNC(=N)N)NC(=O)C(CCCNC(=N)N)NC(=O)C1CSSCC(NC(=O)C(N)CC(N)=O)C(=O)N1)C(=O)NC1CSSCC(C(N)=O)NC1=O,0.0,0.0,0.0,0.0,0.0,0.0,0.0,0.0,0.0,0.0,0.0,0.0,0.0,0.0,0.0,0.0,0.0,0.0,6.88,0.0,0.0,0.0,0.0,0.0,0.0,0.0
CCC(C)C(NC(=O)C(CCC(N)=O)NC(=O)C(C)NC(=O)C(CCCNC(=N)N)NC(=O)C1CSSCC(NC(=O)C(N)CC(N)=O)C(=O)N1)C(=O)NC1CSSCC(C(N)=O)NC1=O,0.0,0.0,0.0,0.0,0.0,0.0,0.0,0.0,0.0,0.0,0.0,0.0,0.0,0.0,0.0,0.0,0.0,0.0,6.39,0.0,0.0,0.0,0.0,0.0,0.0,0.0
CCC(C)C(NC(=O)C(CCC(N)=O)NC(=O)C(CCCCN)NC(=O)C(CCCNC(=N)N)NC(=O)C1CSSCC(NC(=O)C(N)CC(N)=O)C(=O)N1)C(=O)NC1CSSCC(C(N)=O)NC1=O,0.0,0.0,0.0,0.0,0.0,0.0,0.0,0.0,0.0,0.0,0.0,0.0,0.0,0.0,0.0,0.0,0.0,0.0,6.68,0.0,0.0,0.0,0.0,0.0,0.0,0.0
CCC(C)C(NC(=O)C(CCC(N)=O)NC(=O)C(CCCNC(=N)N)NC(=O)C(C)NC(=O)C1CSSCC(NC(=O)C(N)CC(N)=O)C(=O)N1)C(=O)NC1CSSCC(C(N)=O)NC1=O,0.0,0.0,0.0,0.0,0.0,0.0,0.0,0.0,0.0,0.0,0.0,0.0,0.0,0.0,0.0,0.0,0.0,0.0,6.77,0.0,0.0,0.0,0.0,0.0,0.0,0.0
CCC(C)C(NC(=O)C(CCC(N)=O)NC(=O)C(CCCNC(=N)N)NC(=O)C(CCCCN)NC(=O)C1CSSCC(NC(=O)C(N)CC(N)=O)C(=O)N1)C(=O)NC1CSSCC(C(N)=O)NC1=O,0.0,0.0,0.0,0.0,0.0,0.0,0.0,0.0,0.0,0.0,0.0,0.0,0.0,0.0,0.0,0.0,0.0,0.0,6.37,0.0,0.0,0.0,0.0,0.0,0.0,0.0
CCC(C)C(NC(=O)C(CCC(N)=O)NC(=O)C(CCCNC(=N)N)NC(=O)C(CCCNC(=N)N)NC(=O)C1CCC(=O)N1)C(=O)NC1CSSCC(C(N)=O)NC1=O,0.0,0.0,0.0,0.0,0.0,0.0,0.0,0.0,0.0,0.0,0.0,0.0,0.0,0.0,0.0,0.0,0.0,0.0,6.72,0.0,0.0,0.0,0.0,0.0,0.0,0.0
CCC(C)C(NC(=O)C(CCC(N)=O)NC(=O)C(CCCNC(=N)N)NC(=O)C(CCCNC(=N)N)NC(=O)C1CSSCC(NC(=O)C(N)CC(N)=O)C(=O)N1)C(=O)NC1CSSCC(C(N)=O)NC1=O,0.0,0.0,0.0,0.0,0.0,0.0,0.0,0.0,0.0,0.0,0.0,0.0,0.0,0.0,0.0,0.0,0.0,0.0,7.1,0.0,0.0,0.0,0.0,0.0,0.0,0.0
CCC(C)C(NC(=O)C(CCC(N)=O)NC(=O)C(CCCNC(=N)N)NC(=O)C(CCCNC(=N)N)NC(=O)C1CSSCC(NC(=O)C(N)CC(N)=O)C(=O)N1)C(N)=O,0.0,0.0,0.0,0.0,0.0,0.0,0.0,0.0,0.0,0.0,0.0,0.0,0.0,0.0,0.0,0.0,0.0,0.0,4.83,0.0,0.0,0.0,0.0,0.0,0.0,0.0
CCC(C)C(NC(=O)C(CCC(N)=O)NC(=O)C(CCCNC(=N)N)NC(=O)C(CCCNC(=N)N)NC(=O)C1CSSCC(NC(=O)C(N)Cc2ccc(O)cc2)C(=O)N1)C(=O)NC1CSSCC(C(N)=O)NC1=O,0.0,0.0,0.0,0.0,0.0,0.0,0.0,0.0,0.0,0.0,0.0,0.0,0.0,0.0,0.0,0.0,0.0,0.0,7.39,0.0,0.0,0.0,0.0,0.0,0.0,0.0
CCC(C)C(NC(=O)C(CCC(N)=O)NC(=O)C(CCCNC(=N)N)NC(=O)C(CCCNC(=N)N)NC(=O)C1CSSCC(NC(=O)C2CCC(=O)N2)C(=O)N1)C(=O)NC1CSSCC(C(N)=O)NC1=O,0.0,0.0,0.0,0.0,0.0,0.0,0.0,0.0,0.0,0.0,0.0,0.0,0.0,0.0,0.0,0.0,0.0,0.0,7.17,0.0,0.0,0.0,0.0,0.0,0.0,0.0
CCC(C)C(NC(=O)C(CCC(N)=O)NC(=O)C(CCCNC(=N)N)NC(=O)C(CCCNC(N)=O)NC(=O)C1CSSCC(NC(=O)C(N)CC(N)=O)C(=O)N1)C(=O)NC1CSSCC(C(N)=O)NC1=O,0.0,0.0,0.0,0.0,0.0,0.0,0.0,0.0,0.0,0.0,0.0,0.0,0.0,0.0,0.0,0.0,0.0,0.0,6.66,0.0,0.0,0.0,0.0,0.0,0.0,0.0
CCC(C)C(NC(=O)C(CCC(N)=O)NC(=O)C(CCCNC(=N)N)NC(=O)C(Cc1c[nH]cn1)NC(=O)C1CSSCC(NC(=O)C(N)CC(N)=O)C(=O)N1)C(=O)NC1CSSCC(C(N)=O)NC1=O,0.0,0.0,0.0,0.0,0.0,0.0,0.0,0.0,0.0,0.0,0.0,0.0,0.0,0.0,0.0,0.0,0.0,0.0,6.86,0.0,0.0,0.0,0.0,0.0,0.0,0.0
CCC(C)C(NC(=O)C(CCC(N)=O)NC(=O)C(CCCNC(=N)N)NC(=O)C(N)CCCNC(=N)N)C(=O)NC1CSSCC(C(N)=O)NC1=O,0.0,0.0,0.0,0.0,0.0,0.0,0.0,0.0,0.0,0.0,0.0,0.0,0.0,0.0,0.0,0.0,0.0,0.0,6.57,0.0,0.0,0.0,0.0,0.0,0.0,0.0
CCC(C)C(NC(=O)C(CCC(N)=O)NC(=O)C(CCCNC(=N)N)NC(=O)C(N)CCCNC(=N)N)C(N)=O,0.0,0.0,0.0,0.0,0.0,0.0,0.0,0.0,0.0,0.0,0.0,0.0,0.0,0.0,0.0,0.0,0.0,0.0,4.64,0.0,0.0,0.0,0.0,0.0,0.0,0.0
CCC(C)C(NC(=O)C(CCC(N)=O)NC(=O)C(CCCNC(N)=O)NC(=O)C(CCCNC(=N)N)NC(=O)C1CSSCC(NC(=O)C(N)CC(N)=O)C(=O)N1)C(=O)NC1CSSCC(C(N)=O)NC1=O,0.0,0.0,0.0,0.0,0.0,0.0,0.0,0.0,0.0,0.0,0.0,0.0,0.0,0.0,0.0,0.0,0.0,0.0,6.41,0.0,0.0,0.0,0.0,0.0,0.0,0.0
CCC(C)C(NC(=O)C(CCC(N)=O)NC(=O)C(Cc1c[nH]cn1)NC(=O)C(CCCNC(=N)N)NC(=O)C1CSSCC(NC(=O)C(N)CC(N)=O)C(=O)N1)C(=O)NC1CSSCC(C(N)=O)NC1=O,0.0,0.0,0.0,0.0,0.0,0.0,0.0,0.0,0.0,0.0,0.0,0.0,0.0,0.0,0.0,0.0,0.0,0.0,7.07,0.0,0.0,0.0,0.0,0.0,0.0,0.0
CCC(C)C(NC(=O)C(CCCN=C(N)N)NC(=O)C(CCCN=C(N)N)NC(=O)C(CC(C)C)NC(=O)C(Cc1ccccc1)NC(=O)CNC(=O)CNC(=O)C(N)Cc1ccc(O)cc1)C(=O)NC(CCCN=C(N)N)C(=O)N1CCCC1C(=O)NC(CCCCN)C(=O)NC(CC(C)C)C(=O)NC(CCCCN)C(N)=O,0.0,0.0,0.0,0.0,0.0,0.0,0.0,0.0,0.0,0.0,0.0,0.0,0.0,0.0,0.0,0.0,0.0,0.0,9.4,0.0,0.0,0.0,0.0,0.0,0.0,0.0
CCC(C)C(NC(=O)C(CCCN=C(N)N)NC(=O)C(CCCN=C(N)N)NC(=O)C(CC(C)C)NC(=O)C(Cc1ccccc1)NC(=O)CNC(=O)CNC(=O)C(N)Cc1ccc(O)cc1)C(=O)NC(CCCN=C(N)N)C(=O)N1CCCC1C(=O)NC(CCCCN)C(N)=O,0.0,0.0,0.0,10.0,0.0,0.0,0.0,0.0,0.0,0.0,0.0,0.0,0.0,0.0,0.0,0.0,0.0,0.0,0.0,0.0,0.0,0.0,0.0,0.0,0.0,0.0
CCC(C)C(NC(=O)C(CCCNC(=N)N)NC(=O)C(CC(C)C)NC(=O)C(Cc1ccccc1)NC(=O)C1CCCN1C(=O)CNC(=O)C(Cc1ccc(O)cc1)NC(C)=O)C(=O)NC(CCCNC(=N)N)C(=O)N1CCCC1C(=O)NC(CCCCN)C(N)=O,0.0,0.0,0.0,6.14,0.0,0.0,0.0,0.0,0.0,0.0,0.0,0.0,0.0,0.0,0.0,0.0,0.0,0.0,0.0,0.0,0.0,0.0,0.0,0.0,0.0,0.0
CCC(C)C(NC(=O)C(CCCNC(=N)N)NC(=O)C(CC(C)C)NC(=O)C(Cc1ccccc1)NC(=O)C1CCCN1C(=O)CNC(=O)C(N)Cc1ccc(O)cc1)C(=O)NC(CCCNC(=N)N)C(=O)N1CCCC1C(=O)NC(CCCCN)C(N)=O,0.0,0.0,0.0,7.21,0.0,0.0,0.0,0.0,0.0,0.0,0.0,0.0,0.0,0.0,0.0,0.0,0.0,0.0,0.0,0.0,0.0,0.0,0.0,0.0,0.0,0.0
CCC(C)C(NC(=O)C(CCCNC(=N)N)NC(=O)C(CC(C)C)NC(=O)C(Cc1ccccc1)NC(=O)C1CCCN1C(=O)CNC(=O)C(N)Cc1ccc(O)cc1)C(=O)NC(CCCNC(=N)N)C(N)=O,0.0,0.0,0.0,6.66,0.0,0.0,0.0,0.0,0.0,0.0,0.0,0.0,0.0,0.0,0.0,0.0,0.0,0.0,0.0,0.0,0.0,0.0,0.0,0.0,0.0,0.0
CCC(C)C(NC(=O)C(CCCNC(=N)N)NC(=O)C(CC(C)C)NC(=O)C(Cc1ccccc1)NC(=O)CNC(=O)CNC(=O)C(C)Cc1c(C)cc(O)cc1C)C(=O)NC(CCCNC(=N)N)C(=O)N1CCCC1C(=O)NC(CCCCN)C(=O)O,0.0,0.0,0.0,6.64,0.0,0.0,0.0,0.0,0.0,0.0,0.0,0.0,0.0,0.0,0.0,0.0,0.0,0.0,0.0,0.0,0.0,0.0,0.0,0.0,0.0,0.0
CCC(C)C(NC(=O)C(CCCNC(=N)N)NC(=O)C(CC(C)C)NC(=O)C(Cc1ccccc1)NC(=O)CNC(=O)CNC(=O)C(C)Cc1c(C)cc(O)cc1C)C(=O)NC(CCCNC(=N)N)C(=O)N1CCCC1C(=O)NC(CCCCN)C(N)=O,0.0,0.0,0.0,7.2,0.0,0.0,0.0,0.0,0.0,0.0,0.0,0.0,0.0,0.0,0.0,0.0,0.0,0.0,0.0,0.0,0.0,0.0,0.0,0.0,0.0,0.0
CCC(C)C(NC(=O)C(CCCNC(=N)N)NC(=O)C(CC(C)C)NC(=O)C(Cc1ccccc1)NC(=O)CNC(=O)CNC(=O)C(C)Cc1c(C)cc(O)cc1C)C(=O)NC(CCCNC(=N)N)C(N)=O,0.0,0.0,0.0,7.03,0.0,0.0,0.0,0.0,0.0,0.0,0.0,0.0,0.0,0.0,0.0,0.0,0.0,0.0,0.0,0.0,0.0,0.0,0.0,0.0,0.0,0.0
CCC(C)C(NC(=O)C(CCCNC(=N)N)NC(=O)C(CC(C)C)NC(=O)C(Cc1ccccc1)NC(=O)CNC(=O)CNC(=O)C(Cc1ccc(O)cc1)NC(C)=O)C(=O)NC(CCCNC(=N)N)C(=O)N1CCCC1C(=O)NC(CCCCN)C(N)=O,0.0,0.0,0.0,7.07,0.0,0.0,0.0,0.0,0.0,0.0,0.0,0.0,0.0,0.0,0.0,0.0,0.0,0.0,0.0,0.0,0.0,0.0,0.0,0.0,0.0,0.0
CCC(C)C(NC(=O)C(CCCNC(=N)N)NC(=O)C(CC(C)C)NC(=O)C(Cc1ccccc1)NC(=O)CNC(=O)CNC(=O)C(Cc1ccc(O)cc1)NC(C)=O)C(=O)NC(CCCNC(=N)N)C(N)=O,0.0,0.0,0.0,7.29,0.0,0.0,0.0,0.0,0.0,0.0,0.0,0.0,0.0,0.0,0.0,0.0,0.0,0.0,0.0,0.0,0.0,0.0,0.0,0.0,0.0,0.0
CCC(C)C(NC(=O)C(CCCNC(=N)N)NC(=O)C(CC(C)C)NC(=O)C(Cc1ccccc1)NC(=O)CNC(=O)CNC(=O)C(N)Cc1ccc(O)cc1)C(=O)NC(CCCNC(=N)N)C(=O)N1CCCC1C(=O)NC(CCCCN)C(=O)NC(CC(C)C)C(=O)NC(CCCCN)C(=O)O,0.0,0.0,0.0,9.41,0.0,0.0,0.0,0.0,0.0,0.0,0.0,0.0,0.0,0.0,0.0,0.0,0.0,0.0,0.0,0.0,0.0,0.0,0.0,0.0,0.0,0.0
CCC(C)C(NC(=O)C(CCCNC(=N)N)NC(=O)C(CC(C)C)NC(=O)C(Cc1ccccc1)NC(=O)CNC(=O)CNC(=O)C(N)Cc1ccc(O)cc1)C(=O)NC(CCCNC(=N)N)C(=O)N1CCCC1C(=O)NC(CCCCN)C(=O)O,0.0,0.0,0.0,9.37,0.0,0.0,0.0,0.0,0.0,0.0,0.0,0.0,0.0,0.0,0.0,0.0,0.0,0.0,0.0,0.0,0.0,0.0,0.0,0.0,0.0,0.0
CCC(C)C(NC(=O)C(CCCNC(=N)N)NC(=O)C(CC(C)C)NC(=O)C(Cc1ccccc1)NC(=O)CNC(=O)CNC(=O)C(N)Cc1ccc(O)cc1)C(=O)NC(CCCNC(=N)N)C(=O)N1CCCC1C(=O)NC(CCCCN)C(N)=O,0.0,0.0,0.0,10.15,0.0,0.0,0.0,0.0,0.0,0.0,0.0,0.0,0.0,0.0,0.0,0.0,0.0,0.0,0.0,0.0,0.0,0.0,0.0,0.0,0.0,0.0
CCC(C)C(NC(=O)C(CCCNC(=N)N)NC(=O)C(CC(C)C)NC(=O)C(Cc1ccccc1)NC(=O)CNC(=O)CNC(=O)C(N)Cc1ccc(O)cc1)C(=O)NC(CCCNC(=N)N)C(N)=O,0.0,0.0,0.0,9.52,0.0,0.0,0.0,0.0,0.0,0.0,0.0,0.0,0.0,0.0,0.0,0.0,0.0,0.0,0.0,0.0,0.0,0.0,0.0,0.0,0.0,0.0
CCC(C)C(NC(=O)C(CCCNC(=N)N)NC(=O)C(CCCNC(=N)N)NC(=O)C(CC(C)C)NC(=O)C(Cc1ccccc1)NC(=O)CNC(=O)CNC(=O)C(N)Cc1ccc(O)cc1)C(=O)NC(CCCNC(=N)N)C(=O)N1CCCC1C(=O)NC(CCCCN)C(=O)NC(CC(C)C)C(=O)NC(CCCCN)C(=O)NC(Cc1c[nH]c2ccccc12)C(=O)NC(CC(=O)O)C(=O)NC(CC(N)=O)C(=O)NC(CCC(N)=O)C(=O)O,0.0,0.0,0.0,0.0,0.0,0.0,0.0,0.0,0.0,0.0,0.0,0.0,0.0,0.0,0.0,0.0,0.0,0.0,9.68,0.0,0.0,0.0,0.0,0.0,0.0,0.0
CCC(C)C(NC(=O)C(CCCNC(=N)N)NC(=O)C(CCCNC(=N)N)NC(=O)C(CC(C)C)NC(=O)C(Cc1ccccc1)NC(=O)CNC(=O)CNC(=O)C(N)Cc1ccc(O)cc1)C(=O)NC(CCCNC(=N)N)C(=O)N1CCCC1C(=O)NC(CCCCN)C(=O)NC(CC(C)C)C(=O)NC(CCCCN)C(=O)NC(Cc1c[nH]c2ccccc12)C(=O)NC(CC(=O)O)C(=O)NC(CC(N)=O)C(=O)NC(CCC(N)=O)C(N)=O,0.0,0.0,0.0,0.0,0.0,0.0,0.0,0.0,0.0,0.0,0.0,0.0,0.0,0.0,0.0,0.0,0.0,0.0,9.55,0.0,0.0,0.0,0.0,0.0,0.0,0.0
CCC(C)C(NC(=O)C(CCCNC(=N)N)NC(=O)C(CCCNC(=N)N)NC(=O)C(CC(C)C)NC(=O)C(Cc1ccccc1)NC(=O)CNC(=O)CNC(=O)C(N)Cc1ccc(O)cc1)C(=O)NC(CCCNC(=N)N)C(=O)N1CCCC1C(=O)NC(CCCCN)C(=O)NC(CC(C)C)C(=O)NC(CCCCN)C(=O)O,0.0,0.0,0.0,10.05,0.0,0.0,0.0,0.0,0.0,0.0,0.0,0.0,0.0,0.0,0.0,0.0,0.0,0.0,0.0,0.0,0.0,0.0,0.0,0.0,0.0,0.0
CCC(C)C(NC(=O)C(CCCNC(=N)N)NC(=O)C(CCCNC(=N)N)NC(=O)C(CC(C)C)NC(=O)C(Cc1ccccc1)NC(=O)CNC(=O)CNC(=O)C(N)Cc1ccc(O)cc1)C(=O)NC(CCCNC(=N)N)C(=O)N1CCCC1C(=O)NC(CCCCN)C(=O)O,0.0,0.0,0.0,9.92,0.0,0.0,0.0,0.0,0.0,0.0,0.0,0.0,0.0,0.0,0.0,0.0,0.0,0.0,0.0,0.0,0.0,0.0,0.0,0.0,0.0,0.0
CCC(C)C(NC(=O)C(CCCNC(=N)N)NC(=O)C(Cc1ccc(O)cc1)NC(=O)C(Cc1ccc(O)cc1)NC(=O)C(CCCNC(=N)N)NC(=O)CCN1Cc2ccccc2CC(NC(=O)C(CCCNC(=N)N)NC(=O)C(N)Cc2c(C)cc(O)cc2C)C1=O)C(=O)NC(CCCCN)C(N)=O,0.0,0.0,0.0,0.0,0.0,0.0,0.0,0.0,0.0,0.0,0.0,0.0,0.0,0.0,0.0,0.0,0.0,7.48,0.0,0.0,0.0,0.0,0.0,0.0,0.0,0.0
CCC(C)C(NC(=O)C(CCCNC(=N)N)NC(=O)C(Cc1ccc(O)cc1)NC(=O)C(Cc1ccc(O)cc1)NC(=O)C(CCCNC(=N)N)NC(C)=O)C(=O)NC(CCCCN)C(N)=O,0.0,0.0,0.0,0.0,0.0,0.0,0.0,0.0,0.0,0.0,0.0,0.0,0.0,0.0,0.0,0.0,0.0,6.13,0.0,0.0,0.0,0.0,0.0,0.0,0.0,0.0
CCC(C)C(NC(=O)C(CCCNC(=N)N)NC(=O)C(Cc1ccc(O)cc1)NC(=O)C(Cc1ccc(O)cc1)NC(=O)C(N)CCCNC(=N)N)C(=O)NC(CCCCN)C(N)=O,0.0,0.0,0.0,0.0,0.0,0.0,0.0,0.0,0.0,0.0,0.0,0.0,0.0,0.0,0.0,0.0,0.0,5.72,0.0,0.0,0.0,0.0,0.0,0.0,0.0,0.0
CCC(C)C(NC(C)=O)C(=O)NCC1CC23CCC1(OC)C1Oc4c(O)ccc5c4C12CCN(CC1CC1)C3C5,0.0,0.0,0.0,0.0,0.0,0.0,0.0,0.0,0.0,0.0,0.0,0.0,0.0,0.0,0.0,9.4,0.0,0.0,0.0,0.0,0.0,0.0,0.0,0.0,0.0,0.0
CCC(C)C1NC(=O)C(CCC(N)=O)NC(=O)C(CCCNC(=N)N)NC(=O)C(CCCNC(=N)N)NC(=O)C2CSSCC(C(N)=O)NC(=O)C(CSSCC(NC(=O)C(N)CC(N)=O)C(=O)N2)NC1=O,0.0,0.0,0.0,0.0,0.0,0.0,0.0,0.0,0.0,0.0,0.0,0.0,0.0,0.0,0.0,0.0,0.0,0.0,5.83,0.0,0.0,0.0,0.0,0.0,0.0,0.0
CCC(C)C1NC(=O)C(CCC(N)=O)NC(=O)C(CCCNC(=N)N)NC(=O)C(CCCNC(=N)N)NC(=O)C2CSSCC(NC1=O)C(=O)NC(C(N)=O)CSSCC(NC(=O)C(N)CC(N)=O)C(=O)N2,0.0,0.0,0.0,0.0,0.0,0.0,0.0,0.0,0.0,0.0,0.0,0.0,0.0,0.0,0.0,0.0,0.0,0.0,6.24,0.0,0.0,0.0,0.0,0.0,0.0,0.0
CCC(C)C1NC(=O)C(CCCNC(=N)N)NC(=O)C(NC(=O)C(Cc2ccccc2)NC(=O)CNC(=O)CNC(=O)C(Cc2ccc(O)cc2)NCc2ccccc2)CC(=O)NCC(C(=O)NC(CCCNC(=N)N)C(=O)N2CCCC2C(=O)NC(CCCCN)C(N)=O)NC1=O,0.0,0.0,0.0,0.0,0.0,0.0,7.52,0.0,0.0,0.0,0.0,0.0,0.0,0.0,0.0,0.0,0.0,0.0,0.0,0.0,0.0,0.0,7.52,0.0,0.0,0.0
CCC(CC(=O)O)n1c(=O)c2ncccc2n(Cc2cn(C)c3cc(C)cc(C)c23)c1=O,0.0,0.0,0.0,0.0,0.0,0.0,0.0,0.0,0.0,0.0,0.0,0.0,0.0,0.0,5.32,0.0,0.0,0.0,0.0,0.0,0.0,0.0,0.0,0.0,0.0,0.0
CCC(CC)CN1CCCc2cc(Oc3ccc(C(N)=O)cn3)ccc2C1,0.0,0.0,0.0,0.0,0.0,0.0,7.21,0.0,0.0,0.0,0.0,0.0,0.0,0.0,0.0,0.0,0.0,0.0,0.0,0.0,0.0,0.0,0.0,0.0,0.0,0.0
CCC(NC(=O)C(N)Cc1c(C)cc(O)cc1C)c1cccc(Cc2ccccc2)c1,0.0,0.0,0.0,0.0,0.0,0.0,7.3,0.0,0.0,0.0,0.0,0.0,0.0,0.0,0.0,0.0,0.0,0.0,0.0,0.0,0.0,0.0,0.0,0.0,0.0,0.0
CCC(O)(C1CC23C=CC1(OC)C1Oc4c(O)ccc5c4C12CCN(CC1CC1)C3C5)C(C)(C)C,0.0,0.0,0.0,0.0,0.0,0.0,9.12,0.0,0.0,0.0,0.0,0.0,0.0,0.0,0.0,0.0,0.0,0.0,0.0,0.0,0.0,0.0,0.0,0.0,0.0,0.0
CCC(O)(C1CC23CCC1(OC)C1Oc4c(O)ccc5c4C12CCN(CC1CC1)C3C5)C(C)(C)C,0.0,0.0,0.0,0.0,0.0,0.0,9.25,0.0,0.0,0.0,0.0,0.0,0.0,0.0,0.0,0.0,0.0,0.0,0.0,0.0,0.0,0.0,0.0,0.0,0.0,0.0
CCC(O)(CC)c1ccc(C2(c3cccc(C(N)=O)c3)CCN(CC3CC3)CC2)cc1,0.0,0.0,0.0,0.0,0.0,0.0,7.1,0.0,0.0,0.0,0.0,0.0,0.0,0.0,0.0,0.0,0.0,0.0,0.0,0.0,0.0,0.0,0.0,0.0,0.0,0.0
CCC(O)(c1ccccc1)C1CC23C=CC1(OC)C1Oc4c(O)ccc5c4C12CCN(CC1CC1)C3C5,0.0,0.0,0.0,0.0,0.0,0.0,9.02,0.0,0.0,0.0,0.0,0.0,0.0,0.0,0.0,0.0,0.0,0.0,0.0,0.0,0.0,0.0,0.0,0.0,0.0,0.0
CCC(O)(c1ccccc1)C1CC23CCC1(OC)C1Oc4c(O)ccc5c4C12CCN(CC1CC1)C3C5,0.0,0.0,0.0,0.0,0.0,0.0,9.44,0.0,0.0,0.0,0.0,0.0,0.0,0.0,0.0,0.0,0.0,0.0,0.0,0.0,0.0,0.0,0.0,0.0,0.0,0.0
CCC(O)c1cc2c(cc1O)C13CCCCC1C(C2)N(CC1CCC1)CC3,0.0,0.0,0.0,0.0,0.0,0.0,7.14,0.0,0.0,0.0,0.0,0.0,0.0,0.0,0.0,0.0,0.0,0.0,0.0,0.0,0.0,0.0,0.0,0.0,0.0,0.0
CCC(c1ccccc1)N1CCC(O)(c2ccccc2)CC1,0.0,0.0,0.0,0.0,0.0,0.0,5.85,0.0,0.0,0.0,0.0,0.0,0.0,0.0,0.0,0.0,0.0,0.0,0.0,0.0,0.0,0.0,0.0,0.0,0.0,0.0
CCC1(COC)CC(C(=O)OC)C2(C)CCC3C(=O)OC(c4ccoc4)CC3(C)C2C1=O,0.0,0.0,0.0,0.0,0.0,0.0,6.68,0.0,0.0,0.0,0.0,0.0,0.0,0.0,0.0,0.0,0.0,0.0,0.0,0.0,0.0,0.0,0.0,0.0,0.0,0.0
CCC1(c2cccc(C(N)=O)c2)C2CN(CC3(O)Cc4ccccc4C3)CC21,0.0,0.0,0.0,0.0,0.0,0.0,0.0,0.0,0.0,0.0,0.0,0.0,0.0,0.0,0.0,0.0,0.0,0.0,0.0,0.0,0.0,7.22,0.0,0.0,0.0,0.0
CCC1(c2cccc(NS(C)(=O)=O)c2)C2CN(CC3(O)Cc4ccccc4C3)CC21,0.0,0.0,0.0,0.0,0.0,0.0,0.0,0.0,0.0,0.0,0.0,0.0,0.0,0.0,0.0,0.0,0.0,0.0,0.0,0.0,0.0,7.38,0.0,0.0,0.0,0.0
CCC1(c2cccc(NS(C)(=O)=O)c2)C2CN(CCCC3(O)CCCCC3)CC21,0.0,0.0,0.0,0.0,0.0,0.0,0.0,0.0,0.0,0.0,0.0,0.0,0.0,0.0,0.0,0.0,0.0,0.0,0.0,0.0,0.0,7.8,0.0,0.0,0.0,0.0
CCC12CCN(C)CC1Oc1ccc(O)cc12,0.0,0.0,0.0,0.0,0.0,0.0,6.35,0.0,0.0,0.0,0.0,0.0,0.0,0.0,0.0,0.0,0.0,0.0,0.0,0.0,0.0,0.0,0.0,0.0,0.0,0.0
CCC12CCN(CC(O)c3ccccc3)CC1Oc1ccc(O)cc12,0.0,0.0,0.0,0.0,0.0,0.0,6.38,0.0,0.0,0.0,0.0,0.0,0.0,0.0,0.0,0.0,0.0,0.0,0.0,0.0,0.0,0.0,0.0,0.0,0.0,0.0
CCC12CCN(CC3CC3)C(C(=O)c3ccc(C(=O)NCCc4ccc(-c5ccccc5)cc4)cc31)C2C,0.0,0.0,0.0,0.0,0.0,0.0,8.89,0.0,0.0,0.0,0.0,0.0,0.0,0.0,0.0,0.0,0.0,0.0,0.0,0.0,0.0,0.0,0.0,0.0,0.0,0.0
CCC12CCN(CC3CC3)C(C(=O)c3ccc(C(N)=O)cc31)C2C,0.0,0.0,0.0,0.0,0.0,0.0,9.33,0.0,0.0,0.0,0.0,0.0,0.0,0.0,0.0,0.0,0.0,0.0,0.0,0.0,0.0,0.0,0.0,0.0,0.0,0.0
CCC12CCN(CC3CC3)C(C(=O)c3ccc(O)cc31)C2C,0.0,0.0,0.0,0.0,0.0,0.0,9.41,0.0,0.0,0.0,0.0,0.0,0.0,0.0,9.21,0.0,0.0,0.0,0.0,0.0,0.0,0.0,0.0,0.0,0.0,0.0
CCC12CCN(CC3CC3)CC1Oc1ccc(O)cc12,0.0,0.0,0.0,0.0,0.0,0.0,0.0,0.0,0.0,0.0,0.0,0.0,0.0,0.0,7.47,0.0,0.0,0.0,0.0,0.0,0.0,0.0,0.0,0.0,0.0,0.0
CCC12CCN(CCc3ccccc3)CC1Oc1ccc(O)cc12,0.0,0.0,0.0,0.0,0.0,0.0,7.06,0.0,0.0,0.0,0.0,0.0,0.0,0.0,0.0,0.0,0.0,0.0,0.0,0.0,0.0,0.0,0.0,0.0,0.0,0.0
CCC1C(=O)CC2CCN(CC3CCCCC3)C3CCCC1C23,0.0,0.0,0.0,0.0,0.0,6.56,0.0,0.0,0.0,0.0,0.0,0.0,0.0,0.0,0.0,0.0,0.0,0.0,0.0,0.0,0.0,0.0,0.0,0.0,0.0,0.0
CCC1C(=O)CC2CCN(CCC(C)C)C3CCCC1C23,0.0,0.0,0.0,0.0,0.0,5.89,0.0,0.0,0.0,0.0,0.0,0.0,0.0,0.0,0.0,0.0,0.0,0.0,0.0,0.0,0.0,0.0,0.0,0.0,0.0,0.0
CCC1C(=O)CC2CCN(Cc3cccs3)C3CCCC1C23,0.0,0.0,0.0,0.0,0.0,5.83,0.0,0.0,0.0,0.0,0.0,0.0,0.0,0.0,0.0,0.0,0.0,0.0,0.0,0.0,0.0,0.0,0.0,0.0,0.0,0.0
CCC1C(=O)N(C2CCN(C(C)CC(c3ccccc3)c3ccccc3)CC2)c2ccccc21,0.0,0.0,0.0,0.0,0.0,0.0,5.38,0.0,0.0,0.0,0.0,0.0,0.0,0.0,0.0,0.0,0.0,0.0,0.0,0.0,0.0,0.0,0.0,0.0,0.0,0.0
CCC1C(=O)N(C2CCN(C3CCC(C(C)C)CC3)CC2)c2ccccc21,0.0,0.0,0.0,0.0,0.0,0.0,7.08,0.0,0.0,0.0,0.0,0.0,0.0,0.0,0.0,0.0,0.0,0.0,0.0,0.0,0.0,0.0,0.0,0.0,0.0,0.0
CCC1C(=O)N(C2CCN(C3CCC4CCCc5cccc3c54)CC2)c2ccccc21,0.0,0.0,0.0,0.0,0.0,0.0,6.82,0.0,0.0,0.0,0.0,0.0,0.0,0.0,0.0,0.0,0.0,0.0,0.0,0.0,0.0,0.0,0.0,0.0,0.0,0.0
CCC1C(=O)N(C2CCN(C3CCCCCCC3)CC2)c2ccccc21,0.0,0.0,0.0,0.0,0.0,0.0,7.36,0.0,0.0,0.0,0.0,0.0,0.0,0.0,0.0,0.0,0.0,0.0,0.0,0.0,0.0,0.0,0.0,0.0,0.0,0.0
CCC1C(=O)N(C2CCN(C3CCc4ccccc4C3)CC2)c2ccccc21,0.0,0.0,0.0,0.0,0.0,0.0,7.82,0.0,0.0,0.0,0.0,0.0,0.0,0.0,0.0,0.0,0.0,0.0,0.0,0.0,0.0,0.0,0.0,0.0,0.0,0.0
CCC1C(=O)N(C2CCN(CC=Cc3ccccc3)CC2)c2ccccc21,0.0,0.0,0.0,0.0,0.0,0.0,5.86,0.0,0.0,0.0,0.0,0.0,0.0,0.0,0.0,0.0,0.0,0.0,0.0,0.0,0.0,0.0,0.0,0.0,0.0,0.0
CCC1C(=O)N(C2CCN(CCC(c3ccccc3)c3ccccc3)CC2)c2ccccc21,0.0,0.0,0.0,0.0,0.0,0.0,7.05,0.0,0.0,0.0,0.0,0.0,0.0,0.0,0.0,0.0,0.0,0.0,0.0,0.0,0.0,0.0,0.0,0.0,0.0,0.0
CCC1C(=O)N(C2CCN(CCCc3ccccc3)CC2)c2ccccc21,0.0,0.0,0.0,0.0,0.0,0.0,6.33,0.0,0.0,0.0,0.0,0.0,0.0,0.0,0.0,0.0,0.0,0.0,0.0,0.0,0.0,0.0,0.0,0.0,0.0,0.0
CCC1C(=O)N(C2CCN(Cc3cccc4[nH]ccc34)CC2)c2ccccc21,0.0,0.0,0.0,0.0,0.0,0.0,7.89,0.0,0.0,0.0,0.0,0.0,0.0,0.0,0.0,0.0,0.0,0.0,0.0,0.0,0.0,0.0,0.0,0.0,0.0,0.0
CCC1CC(C)(c2cccc(O)c2)C(C)CN1CCc1ccccc1,0.0,0.0,0.0,0.0,0.0,0.0,0.0,0.0,0.0,0.0,0.0,0.0,0.0,0.0,6.15,0.0,0.0,0.0,0.0,0.0,0.0,0.0,0.0,0.0,0.0,0.0
CCC1CC2CC3c4[nH]c5ccc(O)cc5c4CCN(C2)C13,0.0,0.0,0.0,0.0,0.0,0.0,0.0,6.14,0.0,0.0,0.0,0.0,0.0,0.0,0.0,0.0,0.0,0.0,0.0,0.0,0.0,0.0,0.0,0.0,0.0,0.0
CCC1CN2CCC3(Nc4cccc(OC)c4C3=O)C2CC1C(=COC)C(=O)OC,0.0,0.0,0.0,0.0,0.0,0.0,0.0,0.0,0.0,0.0,0.0,0.0,0.0,0.0,7.1,0.0,0.0,0.0,0.0,0.0,0.0,0.0,0.0,0.0,0.0,0.0
CCC1CN2CCC3(O)C(=Nc4cccc(OC)c43)C2CC1C(=COC)C(=O)OC,0.0,0.0,0.0,0.0,0.0,0.0,0.0,0.0,0.0,0.0,0.0,0.0,0.0,0.0,0.0,0.0,0.0,0.0,0.0,0.0,0.0,7.13,0.0,0.0,0.0,0.0
CCC1CN2CCC3(O)c4c(cccc4OC)NC3C2CC1C(=COC)C(=O)OC,0.0,0.0,0.0,0.0,0.0,0.0,0.0,0.0,0.0,0.0,0.0,0.0,0.0,0.0,6.73,0.0,0.0,0.0,0.0,0.0,0.0,0.0,0.0,0.0,0.0,0.0
CCC1CN2CCC34OCCOC3(Nc3ccc(F)c(OC)c34)C2CC1C(=COC)C(=O)OC,0.0,0.0,0.0,0.0,0.0,0.0,0.0,0.0,0.0,0.0,0.0,0.0,0.0,0.0,8.15,0.0,0.0,0.0,0.0,0.0,0.0,0.0,0.0,0.0,0.0,0.0
CCC1CN2CCc3c([nH]c4cccc(OC)c34)C2CC1C(=COC)C(=O)OC,0.0,0.0,0.0,0.0,0.0,0.0,0.0,0.0,0.0,0.0,0.0,0.0,0.0,0.0,6.48,0.0,0.0,0.0,0.0,0.0,0.0,6.94,0.0,0.0,0.0,0.0
CCC1CN2CCc3c([nH]c4ccccc34)C2CC1C(=COC)C(=O)OC,0.0,0.0,0.0,0.0,0.0,0.0,0.0,0.0,0.0,0.0,0.0,0.0,0.0,0.0,0.0,0.0,0.0,0.0,0.0,0.0,0.0,5.72,0.0,0.0,0.0,0.0
CCC1c2cc(OC)ccc2CCC1(C)N,0.0,0.0,0.0,0.0,0.0,0.0,0.0,0.0,0.0,0.0,0.0,0.0,0.0,0.0,0.0,0.0,0.0,0.0,0.0,0.0,0.0,6.5,0.0,0.0,0.0,0.0
CCC1c2nc3ccccc3cc2C2CCN(C)C3CCCC1C23,0.0,0.0,0.0,0.0,0.0,5.46,0.0,0.0,0.0,0.0,0.0,0.0,0.0,0.0,0.0,0.0,0.0,0.0,0.0,0.0,0.0,0.0,0.0,0.0,0.0,0.0
CCCC(=O)N1CCC(NC(=O)C(N)Cc2c(C)cc(O)cc2C)c2cc(Cc3ccc4ccccc4c3)ccc21,0.0,0.0,0.0,0.0,0.0,0.0,7.19,0.0,0.0,0.0,0.0,0.0,0.0,0.0,0.0,0.0,0.0,0.0,0.0,0.0,0.0,0.0,0.0,0.0,0.0,0.0
CCCC(=O)N1CCC(NC(=O)C(N)Cc2c(C)cc(O)cc2C)c2cc(Cc3ccccc3)ccc21,0.0,0.0,0.0,0.0,0.0,0.0,7.3,0.0,0.0,0.0,0.0,0.0,0.0,0.0,0.0,0.0,0.0,0.0,0.0,0.0,0.0,0.0,0.0,0.0,0.0,0.0
CCCC(=O)OC1CC(C(=O)OC)C2(C)CCC3C(=O)OC(c4ccoc4)CC3(C)C2C1=O,0.0,0.0,0.0,0.0,0.0,0.0,8.31,0.0,0.0,0.0,0.0,0.0,0.0,0.0,0.0,0.0,0.0,0.0,0.0,0.0,0.0,0.0,0.0,0.0,0.0,0.0
CCCC(C)(O)C1CC23C=CC1(OC)C1Oc4c(O)ccc5c4C12CCN(C)C3C5,0.0,0.0,0.0,0.0,0.0,0.0,9.3,0.0,0.0,0.0,0.0,0.0,0.0,0.0,0.0,0.0,0.0,0.0,0.0,0.0,0.0,0.0,0.0,0.0,0.0,0.0
CCCC(C)CN1CCC(c2ccc(C(=O)N(C)C)cc2)(c2cccc(O)c2)CC1,0.0,0.0,0.0,0.0,0.0,0.0,6.82,0.0,0.0,0.0,0.0,0.0,0.0,0.0,0.0,0.0,0.0,0.0,0.0,0.0,0.0,0.0,0.0,0.0,0.0,0.0
CCCC(C)CN1CCC(c2ccc(C(O)(CC)CC)cc2)(c2cccc(C(N)=O)c2)CC1,0.0,0.0,0.0,0.0,0.0,0.0,7.35,0.0,0.0,0.0,0.0,0.0,0.0,0.0,0.0,0.0,0.0,0.0,0.0,0.0,0.0,0.0,0.0,0.0,0.0,0.0
CCCC(C)CN1CCC(c2cccc(C(N)=O)c2)(c2ncc(C(=O)N(CC)CC)cn2)CC1,0.0,0.0,0.0,0.0,0.0,0.0,7.19,0.0,0.0,0.0,0.0,0.0,0.0,0.0,0.0,0.0,0.0,0.0,0.0,0.0,0.0,0.0,0.0,0.0,0.0,0.0
CCCC(c1ccccc1)N1CCC(O)(c2ccccc2)CC1,0.0,0.0,0.0,0.0,0.0,0.0,6.61,0.0,0.0,0.0,0.0,0.0,0.0,0.0,0.0,0.0,0.0,0.0,0.0,0.0,0.0,0.0,0.0,0.0,0.0,0.0
CCCC12CCN(C)CC1Oc1ccc(O)cc12,0.0,0.0,0.0,0.0,0.0,0.0,5.78,0.0,0.0,0.0,0.0,0.0,0.0,0.0,0.0,0.0,0.0,0.0,0.0,0.0,0.0,0.0,0.0,0.0,0.0,0.0
CCCC1CC(C)(c2cccc(O)c2)C(C)CN1,0.0,0.0,0.0,0.0,0.0,0.0,0.0,0.0,0.0,0.0,0.0,0.0,0.0,0.0,6.16,0.0,0.0,0.0,0.0,0.0,0.0,0.0,0.0,0.0,0.0,0.0
CCCC1CC(C)(c2cccc(O)c2)C(C)CN1C,0.0,0.0,0.0,0.0,0.0,0.0,0.0,0.0,0.0,0.0,0.0,0.0,0.0,0.0,6.66,0.0,0.0,0.0,0.0,0.0,0.0,0.0,0.0,0.0,0.0,0.0
CCCC1CC(C)(c2cccc(O)c2)C(C)CN1CC,0.0,0.0,0.0,0.0,0.0,0.0,0.0,0.0,0.0,0.0,0.0,0.0,0.0,0.0,6.57,0.0,0.0,0.0,0.0,0.0,0.0,0.0,0.0,0.0,0.0,0.0
CCCC1CC(C)(c2cccc(O)c2)C(C)CN1CCC,0.0,0.0,0.0,0.0,0.0,0.0,0.0,0.0,0.0,0.0,0.0,0.0,0.0,0.0,6.44,0.0,0.0,0.0,0.0,0.0,0.0,0.0,0.0,0.0,0.0,0.0
CCCC1CC(C)(c2cccc(O)c2)C(C)CN1CCCc1ccccc1,0.0,0.0,0.0,0.0,0.0,0.0,0.0,0.0,0.0,0.0,0.0,0.0,0.0,0.0,7.13,0.0,0.0,0.0,0.0,0.0,0.0,0.0,0.0,0.0,0.0,0.0
CCCC1CC(C)(c2cccc(O)c2)C(C)CN1CCc1ccccc1,0.0,0.0,0.0,0.0,0.0,0.0,0.0,0.0,0.0,0.0,0.0,0.0,0.0,0.0,6.96,0.0,0.0,0.0,0.0,0.0,0.0,0.0,0.0,0.0,0.0,0.0
CCCC1CC(C)(c2cccc(O)c2)C(C)CN1Cc1ccccc1,0.0,0.0,0.0,0.0,0.0,0.0,0.0,0.0,0.0,0.0,0.0,0.0,0.0,0.0,6.44,0.0,0.0,0.0,0.0,0.0,0.0,0.0,0.0,0.0,0.0,0.0
CCCC1CCC(N2CCC(N3C(=O)Cc4ccccc43)CC2)CC1,0.0,0.0,0.0,0.0,0.0,0.0,6.72,0.0,0.0,0.0,0.0,0.0,0.0,0.0,0.0,0.0,0.0,0.0,0.0,0.0,0.0,0.0,0.0,0.0,0.0,0.0
CCCCC(=N)NCCCCCCNC(=O)C(CC(C)C)NC(=O)CNC(=O)C1(c2ccccc2)CC1CN1CCC2(C)c3cc(O)ccc3CC1C2C,0.0,0.0,0.0,0.0,0.0,0.0,0.0,0.0,0.0,0.0,0.0,0.0,0.0,0.0,8.28,0.0,0.0,0.0,0.0,0.0,0.0,0.0,0.0,0.0,0.0,0.0
CCCCC(=N)NCCCCCNC(=O)C(CC(C)C)NC(=O)CNC(=O)C1(c2ccccc2)CC1CN1CCC2(C)c3cc(O)ccc3CC1C2C,0.0,0.0,0.0,0.0,0.0,0.0,0.0,0.0,0.0,0.0,0.0,0.0,0.0,0.0,8.17,0.0,0.0,0.0,0.0,0.0,0.0,0.0,0.0,0.0,0.0,0.0
CCCCC(=N)NCCc1ccc2c(c1)C1CC3(O)C4Cc5ccc(O)c6c5C3(CCN4CC3CC3)C(O6)C1N2,0.0,0.0,0.0,0.0,0.0,0.0,0.0,9.77,0.0,0.0,0.0,0.0,0.0,0.0,0.0,0.0,0.0,0.0,0.0,0.0,0.0,0.0,0.0,0.0,0.0,0.0
CCCCC(NC(=O)C(N)Cc1c(C)cc(O)cc1C)C(=O)NCC(=O)NC(Cc1ccc(F)cc1)C(=O)N1CCC(N(C(=O)CC)c2ccc(Cl)c(Cl)c2)CC1,0.0,0.0,0.0,0.0,0.0,0.0,0.0,0.0,0.0,0.0,0.0,0.0,0.0,0.0,0.0,0.0,0.0,0.0,0.0,0.0,0.0,0.0,0.0,0.0,0.0,8.82
CCCCC(NC(=O)C(N)Cc1ccc(O)cc1)C(=O)NCC(=O)NC(Cc1ccc(F)cc1)C(=O)N1CCC(N(C(=O)CC)c2ccc(Cl)c(Cl)c2)CC1,0.0,0.0,0.0,0.0,0.0,0.0,0.0,0.0,0.0,0.0,0.0,0.0,0.0,0.0,0.0,0.0,0.0,0.0,0.0,0.0,0.0,0.0,0.0,0.0,0.0,7.7
CCCCC(O)c1cc2c(cc1O)C13CCCCC1C(C2)N(CC1CCC1)CC3,0.0,0.0,0.0,0.0,0.0,0.0,7.89,0.0,0.0,0.0,0.0,0.0,0.0,0.0,0.0,0.0,0.0,0.0,0.0,0.0,0.0,0.0,0.0,0.0,0.0,0.0
CCCCC(c1ccccc1)N1CCC(O)(c2ccccc2)CC1,0.0,0.0,0.0,0.0,0.0,0.0,7.44,0.0,0.0,0.0,0.0,0.0,0.0,0.0,0.0,0.0,0.0,0.0,0.0,0.0,0.0,0.0,0.0,0.0,0.0,0.0
CCCCC(c1ccccc1)N1CCC(O)(c2ccccc2CN)CC1,0.0,0.0,0.0,0.0,0.0,0.0,7.82,0.0,0.0,0.0,0.0,0.0,0.0,0.0,0.0,0.0,0.0,0.0,0.0,0.0,0.0,0.0,0.0,0.0,0.0,0.0
CCCCC1(O)CCN(C(c2ccccc2)c2ccccc2)CC1,0.0,0.0,0.0,0.0,0.0,0.0,5.34,0.0,0.0,0.0,0.0,0.0,0.0,0.0,0.0,0.0,0.0,0.0,0.0,0.0,0.0,0.0,0.0,0.0,0.0,0.0
CCCCC12CCN(C)CC1Oc1ccc(O)cc12,0.0,0.0,0.0,0.0,0.0,0.0,5.72,0.0,0.0,0.0,0.0,0.0,0.0,0.0,0.0,0.0,0.0,0.0,0.0,0.0,0.0,0.0,0.0,0.0,0.0,0.0
CCCCC1CC(C)(c2cccc(O)c2)C(C)CN1CCc1ccccc1,0.0,0.0,0.0,0.0,0.0,0.0,0.0,0.0,0.0,0.0,0.0,0.0,0.0,0.0,6.7,0.0,0.0,0.0,0.0,0.0,0.0,0.0,0.0,0.0,0.0,0.0
CCCCCC(c1ccccc1)N1CCC(O)(c2ccccc2)CC1,0.0,0.0,0.0,0.0,0.0,0.0,6.66,0.0,0.0,0.0,0.0,0.0,0.0,0.0,0.0,0.0,0.0,0.0,0.0,0.0,0.0,0.0,0.0,0.0,0.0,0.0
CCCCCC(c1ccccc1)N1CCC(O)(c2ccccc2CN)CC1,0.0,0.0,0.0,0.0,0.0,0.0,7.52,0.0,0.0,0.0,0.0,0.0,0.0,0.0,0.0,0.0,0.0,0.0,0.0,0.0,0.0,0.0,0.0,0.0,0.0,0.0
CCCCCC12CCN(C)CC1Oc1ccc(O)cc12,0.0,0.0,0.0,0.0,0.0,0.0,6.01,0.0,0.0,0.0,0.0,0.0,0.0,0.0,0.0,0.0,0.0,0.0,0.0,0.0,0.0,0.0,0.0,0.0,0.0,0.0
CCCCCCC(c1ccccc1)N1CCC(O)(c2ccccc2)CC1,0.0,0.0,0.0,0.0,0.0,0.0,6.47,0.0,0.0,0.0,0.0,0.0,0.0,0.0,0.0,0.0,0.0,0.0,0.0,0.0,0.0,0.0,0.0,0.0,0.0,0.0
CCCCCCC1(O)CCN(C(c2ccccc2)c2ccccc2)CC1,0.0,0.0,0.0,0.0,0.0,0.0,5.04,0.0,0.0,0.0,0.0,0.0,0.0,0.0,0.0,0.0,0.0,0.0,0.0,0.0,0.0,0.0,0.0,0.0,0.0,0.0
CCCCCCCCC(O)COc1ccc2c(c1)C13CCCCC1C(C2)N(CC1CCC1)CC3,0.0,0.0,0.0,0.0,0.0,0.0,8.08,0.0,0.0,0.0,0.0,0.0,0.0,0.0,0.0,0.0,0.0,0.0,0.0,0.0,0.0,0.0,0.0,0.0,0.0,0.0
CCCCCCCCCC(=O)Oc1ccc2c(c1)C13CCCCC1C(C2)N(CC1CCC1)CC3,0.0,0.0,0.0,0.0,0.0,0.0,9.7,0.0,0.0,0.0,0.0,0.0,0.0,0.0,0.0,0.0,0.0,0.0,0.0,0.0,0.0,0.0,0.0,0.0,0.0,0.0
CCCCCCCCCC(O)c1cc2c(cc1O)C13CCCCC1C(C2)N(CC1CCC1)CC3,0.0,0.0,0.0,0.0,0.0,0.0,7.58,0.0,0.0,0.0,0.0,0.0,0.0,0.0,0.0,0.0,0.0,0.0,0.0,0.0,0.0,0.0,0.0,0.0,0.0,0.0
CCCCCCCCCCOc1ccc2c(c1)C13CCCCC1C(C2)N(CC1CCC1)CC3,0.0,0.0,0.0,0.0,0.0,0.0,7.28,0.0,0.0,0.0,0.0,0.0,0.0,0.0,0.0,0.0,0.0,0.0,0.0,0.0,0.0,0.0,0.0,0.0,0.0,0.0
CCCCCCCN1CC(C)C(C)(c2cccc(O)c2)CC1CCC,0.0,0.0,0.0,0.0,0.0,0.0,0.0,0.0,0.0,0.0,0.0,0.0,0.0,0.0,7.24,0.0,0.0,0.0,0.0,0.0,0.0,0.0,0.0,0.0,0.0,0.0
CCCCCCN(CCc1ccccc1)CCc1cccc(O)c1,0.0,0.0,0.0,0.0,0.0,0.0,6.85,0.0,0.0,0.0,0.0,0.0,0.0,0.0,0.0,0.0,0.0,0.0,0.0,0.0,0.0,0.0,0.0,0.0,0.0,0.0
CCCCCCN1CC(C)C(C)(c2cccc(O)c2)CC1CCC,0.0,0.0,0.0,0.0,0.0,0.0,0.0,0.0,0.0,0.0,0.0,0.0,0.0,0.0,6.82,0.0,0.0,0.0,0.0,0.0,0.0,0.0,0.0,0.0,0.0,0.0
CCCCCCN1CCCc2cc(Oc3ccc(C(N)=O)cn3)ccc2C1,0.0,0.0,0.0,0.0,0.0,0.0,6.93,0.0,0.0,0.0,0.0,0.0,0.0,0.0,0.0,0.0,0.0,0.0,0.0,0.0,0.0,0.0,0.0,0.0,0.0,0.0
CCCCCN(CCc1ccccc1)CCc1cccc(O)c1,0.0,0.0,0.0,0.0,0.0,0.0,7.9,0.0,0.0,0.0,0.0,0.0,0.0,0.0,0.0,0.0,0.0,0.0,0.0,0.0,0.0,0.0,0.0,0.0,0.0,0.0
CCCCCN1CC(C)C(C)(c2cccc(O)c2)CC1CCC,0.0,0.0,0.0,0.0,0.0,0.0,0.0,0.0,0.0,0.0,0.0,0.0,0.0,0.0,6.24,0.0,0.0,0.0,0.0,0.0,0.0,0.0,0.0,0.0,0.0,0.0
CCCCCN1CCCc2cc(Oc3ccc(C(N)=O)cn3)ccc2C1,0.0,0.0,0.0,0.0,0.0,0.0,6.97,0.0,0.0,0.0,0.0,0.0,0.0,0.0,0.0,0.0,0.0,0.0,0.0,0.0,0.0,0.0,0.0,0.0,0.0,0.0
CCCCCNCc1ccc(N2CCCc3cc(C(N)=O)ccc32)cc1,0.0,0.0,0.0,0.0,0.0,0.0,0.0,6.0,0.0,0.0,0.0,0.0,0.0,0.0,0.0,0.0,0.0,0.0,0.0,0.0,0.0,0.0,0.0,0.0,0.0,0.0
CCCCN(C)C(c1cccc(O)c1)C(C)(C)C(=O)NCCc1ccccc1,0.0,0.0,0.0,0.0,0.0,0.0,0.0,0.0,0.0,0.0,0.0,0.0,0.0,0.0,0.0,0.0,0.0,7.12,0.0,0.0,0.0,0.0,0.0,0.0,0.0,0.0
CCCCN(CCc1ccccc1)CCc1cccc(O)c1,0.0,0.0,0.0,0.0,0.0,0.0,7.96,0.0,0.0,0.0,0.0,0.0,0.0,0.0,0.0,0.0,0.0,0.0,0.0,0.0,0.0,0.0,0.0,0.0,0.0,0.0
CCCCN1CC(C)C(C)(c2cccc(O)c2)CC1CCC,0.0,0.0,0.0,0.0,0.0,0.0,0.0,0.0,0.0,0.0,0.0,0.0,0.0,0.0,6.21,0.0,0.0,0.0,0.0,0.0,0.0,0.0,0.0,0.0,0.0,0.0
CCCCN1CC2CN(c3ccccc3)C3(CCN(C4CCC(C(C)C)CC4)CC3)C2C1,0.0,0.0,0.0,0.0,0.0,0.0,0.0,0.0,0.0,0.0,0.0,0.0,0.0,0.0,6.6,0.0,0.0,0.0,0.0,0.0,0.0,0.0,0.0,0.0,0.0,0.0
CCCCN1CCN(C(=O)Cc2ccc(Cl)c(Cl)c2)C2C(N3CCCC3)CCCC21,0.0,0.0,0.0,0.0,0.0,0.0,0.0,0.0,0.0,0.0,0.0,0.0,0.0,0.0,0.0,0.0,0.0,0.0,0.0,0.0,0.0,7.8,0.0,0.0,0.0,0.0
CCCCN1CN(c2ccccc2)C2(CCN(C(c3ccccc3)c3ccccc3)CC2)C1=O,0.0,0.0,0.0,0.0,0.0,0.0,6.11,0.0,0.0,0.0,0.0,0.0,0.0,0.0,0.0,0.0,0.0,0.0,0.0,0.0,0.0,0.0,0.0,0.0,0.0,0.0
CCCCN1CN(c2ccccc2)C2(CCN(C(c3ccccc3Cl)c3ccccc3Cl)CC2)C1=O,0.0,0.0,0.0,0.0,0.0,0.0,4.09,0.0,0.0,0.0,0.0,0.0,0.0,0.0,0.0,0.0,0.0,0.0,0.0,0.0,0.0,0.0,0.0,0.0,0.0,0.0
CCCCNCCN1CN(c2ccccc2)C2(CCN(C(c3ccccc3Cl)c3ccccc3Cl)CC2)C1=O,0.0,0.0,0.0,0.0,0.0,0.0,6.78,0.0,0.0,0.0,0.0,0.0,0.0,0.0,0.0,0.0,0.0,0.0,0.0,0.0,0.0,0.0,0.0,0.0,0.0,0.0
CCCCNCCN1CN(c2ccccc2)C2(CCN(C3CCC(C)(C)c4cc(Cl)c(Cl)cc43)CC2)C1=O,0.0,0.0,0.0,0.0,0.0,0.0,6.8,0.0,0.0,0.0,0.0,0.0,0.0,0.0,0.0,0.0,0.0,0.0,0.0,0.0,0.0,0.0,0.0,0.0,0.0,0.0
CCCCNCCN1CN(c2ccccc2)C2(CCN(C3CCC(C)(C)c4cc(Cl)ccc43)CC2)C1=O,0.0,0.0,0.0,0.0,0.0,0.0,7.6,0.0,0.0,0.0,0.0,0.0,0.0,0.0,0.0,0.0,0.0,0.0,0.0,0.0,0.0,0.0,0.0,0.0,0.0,0.0
CCCCNCCN1CN(c2ccccc2)C2(CCN(C3CCC(C)(C)c4ccccc43)CC2)C1=O,0.0,0.0,0.0,0.0,0.0,0.0,6.86,0.0,0.0,0.0,0.0,0.0,0.0,0.0,0.0,0.0,0.0,0.0,0.0,0.0,0.0,0.0,0.0,0.0,0.0,0.0
CCCCNCCN1CN(c2ccccc2)C2(CCN(C3CCCc4c(Cl)cccc43)CC2)C1=O,0.0,0.0,0.0,0.0,0.0,0.0,7.85,0.0,0.0,0.0,0.0,0.0,0.0,0.0,0.0,0.0,0.0,0.0,0.0,0.0,0.0,0.0,0.0,0.0,0.0,0.0
CCCCNCCN1CN(c2ccccc2)C2(CCN(C3CCCc4ccc(Cl)cc43)CC2)C1=O,0.0,0.0,0.0,0.0,0.0,0.0,7.96,0.0,0.0,0.0,0.0,0.0,0.0,0.0,0.0,0.0,0.0,0.0,0.0,0.0,0.0,0.0,0.0,0.0,0.0,0.0
CCCCNCCN1CN(c2ccccc2)C2(CCN(Cc3c(Cl)cccc3Cl)CC2)C1=O,0.0,0.0,0.0,0.0,0.0,0.0,8.0,0.0,0.0,0.0,0.0,0.0,0.0,0.0,0.0,0.0,0.0,0.0,0.0,0.0,0.0,0.0,0.0,0.0,0.0,0.0
CCCCOC(=O)N1CCC(c2ccccc2)(c2nccn2Cc2ccccc2)CC1,0.0,0.0,0.0,0.0,0.0,0.0,0.0,0.0,0.0,0.0,0.0,0.0,0.0,0.0,6.73,0.0,0.0,0.0,0.0,0.0,0.0,0.0,0.0,0.0,0.0,0.0
CCCCOC1CC(C(=O)OC)C2(C)CCC3C(=O)OC(c4ccoc4)CC3(C)C2C1=O,0.0,0.0,0.0,0.0,0.0,0.0,7.45,0.0,0.0,0.0,0.0,0.0,0.0,0.0,0.0,0.0,0.0,0.0,0.0,0.0,0.0,0.0,0.0,0.0,0.0,0.0
CCCCOCOC1CC(C(=O)OC)C2(C)CCC3C(=O)OC(c4ccoc4)CC3(C)C2C1=O,0.0,0.0,0.0,0.0,0.0,0.0,8.28,0.0,0.0,0.0,0.0,0.0,0.0,0.0,0.0,0.0,0.0,0.0,0.0,0.0,0.0,0.0,0.0,0.0,0.0,0.0
CCCCS(=O)(=O)NCc1ccc(CC(=O)N(C)C(CN2CCC(O)C2)c2ccccc2)cc1,0.0,0.0,0.0,0.0,0.0,0.0,0.0,0.0,0.0,0.0,0.0,0.0,0.0,0.0,9.1,0.0,0.0,0.0,0.0,0.0,0.0,0.0,0.0,0.0,0.0,0.0
CCCN(C)C1CCc2ccc(O)cc2C1(C)C,0.0,0.0,0.0,0.0,0.0,0.0,6.74,0.0,0.0,0.0,0.0,0.0,0.0,0.0,0.0,0.0,0.0,0.0,0.0,0.0,0.0,0.0,0.0,0.0,0.0,0.0
CCCN(CCC)C1CCc2ccc(O)cc2C1(C)C,0.0,0.0,0.0,0.0,0.0,0.0,6.26,0.0,0.0,0.0,0.0,0.0,0.0,0.0,0.0,0.0,0.0,0.0,0.0,0.0,0.0,0.0,0.0,0.0,0.0,0.0
CCCN(CCc1ccccc1)CCc1cccc(O)c1,0.0,0.0,0.0,0.0,0.0,0.0,8.09,0.0,0.0,0.0,0.0,0.0,0.0,0.0,0.0,0.0,0.0,0.0,0.0,0.0,0.0,0.0,0.0,0.0,0.0,0.0
CCCN1CC2C(c3ccccc3)CCC1CN2Cc1ccc(C(=O)N(CC)CC)cc1,0.0,0.0,0.0,0.0,0.0,0.0,0.0,0.0,0.0,0.0,0.0,0.0,0.0,0.0,0.0,0.0,0.0,5.62,0.0,0.0,0.0,0.0,0.0,0.0,0.0,0.0
CCCN1CCC23c4c5ccc(O)c4OC2c2[nH]c4ccccc4c2CC3(O)C1C5,0.0,0.0,0.0,0.0,0.0,0.0,7.13,0.0,0.0,0.0,0.0,0.0,0.0,0.0,0.0,0.0,0.0,0.0,0.0,0.0,0.0,0.0,0.0,0.0,0.0,0.0
CCCN1CCC23c4c5ccc(O)c4OC2c2nc4ccccc4cc2CC3(O)C1C5,0.0,0.0,0.0,0.0,0.0,0.0,6.5,0.0,0.0,0.0,0.0,0.0,0.0,0.0,0.0,0.0,0.0,0.0,0.0,0.0,0.0,0.0,0.0,0.0,0.0,0.0
CCCN1CCC2CC(=O)C(Cc3ccccc3)C3CCCC1C23,0.0,0.0,0.0,0.0,0.0,5.44,0.0,0.0,0.0,0.0,0.0,0.0,0.0,0.0,0.0,0.0,0.0,0.0,0.0,0.0,0.0,0.0,0.0,0.0,0.0,0.0
CCCN1CCC2c3cc4cc(Cl)ccc4nc3C(CC)C3CCCC1C23,0.0,0.0,0.0,0.0,0.0,6.43,0.0,0.0,0.0,0.0,0.0,0.0,0.0,0.0,0.0,0.0,0.0,0.0,0.0,0.0,0.0,0.0,0.0,0.0,0.0,0.0
CCCN1CCC2c3cc4ccc(C(F)(F)F)cc4nc3C(CC)C3CCCC1C23,0.0,0.0,0.0,0.0,0.0,6.38,0.0,0.0,0.0,0.0,0.0,0.0,0.0,0.0,0.0,0.0,0.0,0.0,0.0,0.0,0.0,0.0,0.0,0.0,0.0,0.0
CCCN1CCC2c3cc4cccc(OC)c4nc3C(CC)C3CCCC1C23,0.0,0.0,0.0,0.0,0.0,5.77,0.0,0.0,0.0,0.0,0.0,0.0,0.0,0.0,0.0,0.0,0.0,0.0,0.0,0.0,0.0,0.0,0.0,0.0,0.0,0.0
CCCN1CCC2c3cc4ccccc4nc3C(CC)C3CCCC1C23,0.0,0.0,0.0,0.0,0.0,6.31,0.0,0.0,0.0,0.0,0.0,0.0,0.0,0.0,0.0,0.0,0.0,0.0,0.0,0.0,0.0,0.0,0.0,0.0,0.0,0.0
CCCN1CCN(C(=O)Cc2ccc(Cl)c(Cl)c2)C2C(N3CCCC3)CCCC21,0.0,0.0,0.0,0.0,0.0,0.0,0.0,0.0,0.0,0.0,0.0,0.0,0.0,0.0,0.0,0.0,0.0,0.0,0.0,0.0,0.0,8.04,0.0,0.0,0.0,0.0
CCCN1CN(c2ccccc2)C2(CCN(C(c3ccccc3)c3ccccc3)CC2)C1=O,0.0,0.0,0.0,0.0,0.0,0.0,5.87,0.0,0.0,0.0,0.0,0.0,0.0,0.0,0.0,0.0,0.0,0.0,0.0,0.0,0.0,0.0,0.0,0.0,0.0,0.0
CCCN1CN(c2ccccc2)C2(CCN(C3CCC(C)(C)c4ccccc43)CC2)C1=O,0.0,0.0,0.0,0.0,0.0,0.0,5.86,0.0,0.0,0.0,0.0,0.0,0.0,0.0,0.0,0.0,0.0,0.0,0.0,0.0,0.0,0.0,0.0,0.0,0.0,0.0
CCCNC1CC2CC(c3cccc(O)c3)(C1)C(C)CN2CCCc1ccccc1,0.0,0.0,0.0,0.0,0.0,0.0,8.85,0.0,0.0,0.0,0.0,0.0,0.0,0.0,0.0,0.0,0.0,0.0,0.0,0.0,0.0,0.0,0.0,0.0,0.0,0.0
CCCNC1CCc2ccc(O)cc2C1(C)C,0.0,0.0,0.0,0.0,0.0,0.0,6.6,0.0,0.0,0.0,0.0,0.0,0.0,0.0,0.0,0.0,0.0,0.0,0.0,0.0,0.0,0.0,0.0,0.0,0.0,0.0
CCCNCCN1CN(c2ccccc2)C2(CCN(C3CCC(C)(C)c4ccccc43)CC2)C1=O,0.0,0.0,0.0,0.0,0.0,0.0,7.35,0.0,0.0,0.0,0.0,0.0,0.0,0.0,0.0,0.0,0.0,0.0,0.0,0.0,0.0,0.0,0.0,0.0,0.0,0.0
CCCNCCN1CN(c2ccccc2)C2(CCN(Cc3c(Cl)cccc3Cl)CC2)C1=O,0.0,0.0,0.0,0.0,0.0,0.0,7.89,0.0,0.0,0.0,0.0,0.0,0.0,0.0,0.0,0.0,0.0,0.0,0.0,0.0,0.0,0.0,0.0,0.0,0.0,0.0
CCCNCc1cc2c(cc1O)C13CCCCC1C(C2)N(CC1CCC1)CC3,0.0,0.0,0.0,0.0,0.0,0.0,6.46,0.0,0.0,0.0,0.0,0.0,0.0,0.0,0.0,0.0,0.0,0.0,0.0,0.0,0.0,0.0,0.0,0.0,0.0,0.0
CCCNc1ccc(C2CC34CCC2(OC)C2Oc5c(OC)ccc6c5C23CCN(CC2CC2)C4C6)cc1,0.0,0.0,0.0,0.0,0.0,0.0,7.78,0.0,0.0,0.0,0.0,0.0,0.0,0.0,0.0,0.0,0.0,0.0,0.0,0.0,0.0,0.0,0.0,0.0,0.0,0.0
CCCNc1nc2cc3c(cc2s1)CC1C2CCCCC32CCN1CC1CC1,0.0,0.0,0.0,0.0,0.0,0.0,8.8,0.0,0.0,0.0,0.0,0.0,0.0,0.0,0.0,0.0,0.0,0.0,0.0,0.0,0.0,0.0,0.0,0.0,0.0,0.0
CCCNc1nc2cc3c(cc2s1)CC1C2CCCCC32CCN1CCCF,0.0,0.0,0.0,0.0,0.0,0.0,8.24,0.0,0.0,0.0,0.0,0.0,0.0,0.0,0.0,0.0,0.0,0.0,0.0,0.0,0.0,0.0,0.0,0.0,0.0,0.0
CCCOC1(c2ccccc2)CCN(C(c2ccccc2)c2ccccc2)CC1,0.0,0.0,0.0,0.0,0.0,0.0,5.83,0.0,0.0,0.0,0.0,0.0,0.0,0.0,0.0,0.0,0.0,0.0,0.0,0.0,0.0,0.0,0.0,0.0,0.0,0.0
CCCOC1CC(C(=O)OC)C2(C)CCC3C(=O)OC(c4ccoc4)CC3(C)C2C1=O,0.0,0.0,0.0,0.0,0.0,0.0,7.54,0.0,0.0,0.0,0.0,0.0,0.0,0.0,0.0,0.0,0.0,0.0,0.0,0.0,0.0,0.0,0.0,0.0,0.0,0.0
CCCOCOC1CC(C(=O)OC)C2(C)CCC3C(=O)OC(c4ccoc4)CC3(C)C2C1=O,0.0,0.0,0.0,0.0,0.0,0.0,8.66,0.0,0.0,0.0,0.0,0.0,0.0,0.0,0.0,0.0,0.0,0.0,0.0,0.0,0.0,0.0,0.0,0.0,0.0,0.0
CCCOc1ccc(Cc2ccccc2)cc1CNC(=O)C(N)Cc1c(C)cc(O)cc1C,0.0,0.0,0.0,0.0,0.0,0.0,6.41,0.0,0.0,0.0,0.0,0.0,0.0,0.0,0.0,0.0,0.0,0.0,0.0,0.0,0.0,0.0,0.0,0.0,0.0,0.0
CCCS(=O)(=O)NCc1ccc(CC(=O)N(C)C(CN2CCC(O)C2)c2ccccc2)cc1,0.0,0.0,0.0,0.0,0.0,0.0,0.0,0.0,0.0,0.0,0.0,0.0,0.0,0.0,8.89,0.0,0.0,0.0,0.0,0.0,0.0,0.0,0.0,0.0,0.0,0.0
CCCS(=O)(=O)NCc1ccc2c(c1)CC(C(=O)N(C)C(CN1CCC(O)C1)c1ccccc1)O2,0.0,0.0,0.0,0.0,0.0,0.0,0.0,0.0,0.0,0.0,0.0,0.0,0.0,0.0,0.0,0.0,0.0,0.0,0.0,0.0,0.0,0.0,8.48,0.0,0.0,0.0
CCCS(=O)(=O)NCc1ccccc1C1(O)CCN(C(c2ccccc2Cl)c2ccccc2Cl)CC1,0.0,0.0,0.0,0.0,0.0,0.0,6.91,0.0,0.0,0.0,0.0,0.0,0.0,0.0,0.0,0.0,0.0,0.0,0.0,0.0,0.0,0.0,0.0,0.0,0.0,0.0
CCCS(=O)(=O)Nc1ccc(NCC(=O)N(C)C(CN2CCC(O)C2)c2ccccc2)cc1,0.0,0.0,0.0,0.0,0.0,0.0,0.0,0.0,0.0,0.0,0.0,0.0,0.0,0.0,8.82,0.0,0.0,0.0,0.0,0.0,0.0,0.0,0.0,0.0,0.0,0.0
CCCS(=O)(=O)Nc1ccc2c(c1)CCC(C(=O)N(C)C(CN1CCC(O)C1)c1ccccc1)O2,0.0,0.0,0.0,0.0,0.0,0.0,0.0,0.0,0.0,0.0,0.0,0.0,0.0,0.0,0.0,0.0,0.0,0.0,0.0,0.0,0.0,0.0,8.8,0.0,0.0,0.0
CCCc1ccc(C2(O)CCN(C(c3ccccc3)c3ccccc3)CC2)cc1,0.0,0.0,0.0,0.0,0.0,0.0,4.71,0.0,0.0,0.0,0.0,0.0,0.0,0.0,0.0,0.0,0.0,0.0,0.0,0.0,0.0,0.0,0.0,0.0,0.0,0.0
CCN(C(C)=O)C1CC(C(=O)OC)C2(C)CCC3C(=O)OC(c4ccoc4)CC3(C)C2C1=O,0.0,0.0,0.0,0.0,0.0,0.0,7.56,0.0,0.0,0.0,0.0,0.0,0.0,0.0,0.0,0.0,0.0,0.0,0.0,0.0,0.0,0.0,0.0,0.0,0.0,0.0
CCN(C(C)=O)c1nc2cc3c(cc2s1)CC1C2CCCCC32CCN1CC1CC1,0.0,0.0,0.0,0.0,0.0,0.0,7.89,0.0,0.0,0.0,0.0,0.0,0.0,0.0,0.0,0.0,0.0,0.0,0.0,0.0,0.0,0.0,0.0,0.0,0.0,0.0
CCN(C)C(=O)c1ccc(C2(c3cccc(O)c3)CCCN(CC3CC3)C2)cc1,0.0,0.0,0.0,0.0,0.0,0.0,7.18,0.0,0.0,0.0,0.0,0.0,0.0,0.0,0.0,0.0,0.0,0.0,0.0,0.0,0.0,0.0,0.0,0.0,0.0,0.0
CCN(CC)C(=O)CN1CCC(Cc2nc3ccccc3n2C2CC3CCCC(C2)N3C2CC3CCCCC(C3)C2)C1,0.0,0.0,0.0,0.0,0.0,0.0,0.0,0.0,0.0,0.0,0.0,0.0,0.0,0.0,0.0,7.52,0.0,0.0,0.0,0.0,0.0,0.0,0.0,0.0,0.0,0.0
CCN(CC)C(=O)c1ccc(C2(c3cccc(O)c3)CCCN(CC(F)(F)F)C2)cc1,0.0,0.0,0.0,0.0,0.0,0.0,7.62,0.0,0.0,0.0,0.0,0.0,0.0,0.0,0.0,0.0,0.0,0.0,0.0,0.0,0.0,0.0,0.0,0.0,0.0,0.0
CCN(CC)C(=O)c1ccc(C2(c3cccc(O)c3)CCCN(CC3CC3)C2)cc1,0.0,0.0,0.0,0.0,0.0,0.0,7.62,0.0,0.0,0.0,0.0,0.0,0.0,0.0,0.0,0.0,0.0,0.0,0.0,0.0,0.0,0.0,0.0,0.0,0.0,0.0
CCN(CC)C(=O)c1ccc(C2(c3cccc(O)c3)CCCN(Cc3nccs3)C2)cc1,0.0,0.0,0.0,0.0,0.0,0.0,6.79,0.0,0.0,0.0,0.0,0.0,0.0,0.0,0.0,0.0,0.0,0.0,0.0,0.0,0.0,0.0,0.0,0.0,0.0,0.0
CCN(CC)C(=O)c1ccc(C2(c3cccc(O)c3)CCN(CC3CC3)CC2)cc1,0.0,0.0,0.0,0.0,0.0,0.0,6.36,0.0,0.0,0.0,0.0,0.0,0.0,0.0,0.0,0.0,0.0,0.0,0.0,0.0,0.0,0.0,0.0,0.0,0.0,0.0
CCN(CC)C(=O)c1ccc(C2(c3cccc(O)c3)CCN(CCc3ccccc3)CC2)cc1,0.0,0.0,0.0,0.0,0.0,0.0,7.02,0.0,0.0,0.0,0.0,0.0,0.0,0.0,0.0,0.0,0.0,0.0,0.0,0.0,0.0,0.0,0.0,0.0,0.0,0.0
CCN(CC)C(=O)c1ccc(C2=CC3(CCNCC3)Oc3ccc(O)cc32)cc1,0.0,0.0,0.0,0.0,0.0,0.0,6.08,0.0,0.0,0.0,0.0,0.0,0.0,0.0,0.0,0.0,0.0,0.0,0.0,0.0,0.0,0.0,0.0,0.0,0.0,0.0
CCN(CC)C(=O)c1ccc(C2=CC3(CCNCC3)Oc3ccccc32)c(C)c1,0.0,0.0,0.0,0.0,0.0,0.0,6.41,0.0,0.0,0.0,0.0,0.0,0.0,0.0,0.0,0.0,0.0,0.0,0.0,0.0,0.0,0.0,0.0,0.0,0.0,0.0
CCN(CC)C(=O)c1ccc(N(c2ccc(C(N)=O)cc2)C2CCN(Cc3ccccc3)CC2)cc1,0.0,0.0,0.0,0.0,0.0,0.0,0.0,0.0,0.0,0.0,0.0,0.0,0.0,0.0,5.21,0.0,0.0,0.0,0.0,0.0,0.0,0.0,0.0,0.0,0.0,0.0
CCN(CC)C(=O)c1ccc(N(c2cccc(C(=O)OC)c2)C2CCN(Cc3ccccc3)CC2)cc1,0.0,0.0,0.0,0.0,0.0,0.0,0.0,0.0,0.0,0.0,0.0,0.0,0.0,0.0,5.26,0.0,0.0,0.0,0.0,0.0,0.0,0.0,0.0,0.0,0.0,0.0
CCN(CC)C(=O)c1ccc(N(c2cccc(C(C)=O)c2)C2CCN(Cc3ccccc3)CC2)cc1,0.0,0.0,0.0,0.0,0.0,0.0,0.0,0.0,0.0,0.0,0.0,0.0,0.0,0.0,5.34,0.0,0.0,0.0,0.0,0.0,0.0,0.0,0.0,0.0,0.0,0.0
CCN(CC)C(=O)c1ccc(N(c2cccc(C(C)O)c2)C2CCN(Cc3ccccc3)CC2)cc1,0.0,0.0,0.0,0.0,0.0,0.0,0.0,0.0,0.0,0.0,0.0,0.0,0.0,0.0,5.32,0.0,0.0,0.0,0.0,0.0,0.0,0.0,0.0,0.0,0.0,0.0
CCN(CC)C(=O)c1ccc(N(c2cccc(C(N)=O)c2)C2CCN(Cc3ccccc3)CC2)cc1,0.0,0.0,0.0,0.0,0.0,0.0,0.0,0.0,0.0,0.0,0.0,0.0,0.0,0.0,6.14,0.0,0.0,0.0,0.0,0.0,0.0,0.0,0.0,0.0,0.0,0.0
CCN(CC)C(=O)c1ccc(N(c2cccc(C=O)c2)C2CCN(Cc3ccccc3)CC2)cc1,0.0,0.0,0.0,0.0,0.0,0.0,0.0,0.0,0.0,0.0,0.0,0.0,0.0,0.0,5.32,0.0,0.0,0.0,0.0,0.0,0.0,0.0,0.0,0.0,0.0,0.0
CCN(CC)C(=O)c1ccc(N(c2cccc(CN(C)C)c2)C2CCN(Cc3ccccc3)CC2)cc1,0.0,0.0,0.0,0.0,0.0,0.0,0.0,0.0,0.0,0.0,0.0,0.0,0.0,0.0,5.76,0.0,0.0,0.0,0.0,0.0,0.0,0.0,0.0,0.0,0.0,0.0
CCN(CC)C(=O)c1ccc(N(c2cccc(CN)c2)C2CCN(Cc3ccccc3)CC2)cc1,0.0,0.0,0.0,0.0,0.0,0.0,0.0,0.0,0.0,0.0,0.0,0.0,0.0,0.0,5.53,0.0,0.0,0.0,0.0,0.0,0.0,0.0,0.0,0.0,0.0,0.0
CCN(CC)C(=O)c1ccc(N(c2cccc(CO)c2)C2CCN(Cc3ccccc3)CC2)cc1,0.0,0.0,0.0,0.0,0.0,0.0,0.0,0.0,0.0,0.0,0.0,0.0,0.0,0.0,5.18,0.0,0.0,0.0,0.0,0.0,0.0,0.0,0.0,0.0,0.0,0.0
CCN(CC)C(=O)c1ccc(N(c2cccc(N)c2)C2CCN(Cc3ccccc3)CC2)cc1,0.0,0.0,0.0,0.0,0.0,0.0,0.0,0.0,0.0,0.0,0.0,0.0,0.0,0.0,5.37,0.0,0.0,0.0,0.0,0.0,0.0,0.0,0.0,0.0,0.0,0.0
CCN(CC)C(=O)c1ccc(N(c2cccc(NC(=O)OC)c2)C2CCN(Cc3ccccc3)CC2)cc1,0.0,0.0,0.0,0.0,0.0,0.0,0.0,0.0,0.0,0.0,0.0,0.0,0.0,0.0,6.24,0.0,0.0,0.0,0.0,0.0,0.0,0.0,0.0,0.0,0.0,0.0
CCN(CC)C(=O)c1ccc(N(c2cccc(NS(C)(=O)=O)c2)C2CCN(Cc3ccccc3)CC2)cc1,0.0,0.0,0.0,0.0,0.0,0.0,0.0,0.0,0.0,0.0,0.0,0.0,0.0,0.0,5.45,0.0,0.0,0.0,0.0,0.0,0.0,0.0,0.0,0.0,0.0,0.0
CCN(CC)C(=O)c1ccc(N(c2cccc(O)c2)C2CCN(C)CC2)cc1,0.0,0.0,0.0,0.0,0.0,0.0,0.0,0.0,0.0,0.0,0.0,0.0,0.0,0.0,6.04,0.0,0.0,0.0,0.0,0.0,0.0,0.0,0.0,0.0,0.0,0.0
CCN(CC)C(=O)c1ccc(N(c2cccc(O)c2)C2CCN(CC(C)c3ccccc3)CC2)cc1,0.0,0.0,0.0,0.0,0.0,0.0,0.0,0.0,0.0,0.0,0.0,0.0,0.0,0.0,5.66,0.0,0.0,0.0,0.0,0.0,0.0,0.0,0.0,0.0,0.0,0.0
CCN(CC)C(=O)c1ccc(N(c2cccc(O)c2)C2CCN(CCC3CC3)CC2)cc1,0.0,0.0,0.0,0.0,0.0,0.0,0.0,0.0,0.0,0.0,0.0,0.0,0.0,0.0,6.29,0.0,0.0,0.0,0.0,0.0,0.0,0.0,0.0,0.0,0.0,0.0
CCN(CC)C(=O)c1ccc(N(c2cccc(O)c2)C2CCN(CCC3CCCCC3)CC2)cc1,0.0,0.0,0.0,0.0,0.0,0.0,0.0,0.0,0.0,0.0,0.0,0.0,0.0,0.0,6.14,0.0,0.0,0.0,0.0,0.0,0.0,0.0,0.0,0.0,0.0,0.0
CCN(CC)C(=O)c1ccc(N(c2cccc(O)c2)C2CCN(CCc3c[nH]cn3)CC2)cc1,0.0,0.0,0.0,0.0,0.0,0.0,0.0,0.0,0.0,0.0,0.0,0.0,0.0,0.0,5.84,0.0,0.0,0.0,0.0,0.0,0.0,0.0,0.0,0.0,0.0,0.0
CCN(CC)C(=O)c1ccc(N(c2cccc(O)c2)C2CCN(CCc3ccc(C)cc3)CC2)cc1,0.0,0.0,0.0,0.0,0.0,0.0,0.0,0.0,0.0,0.0,0.0,0.0,0.0,0.0,6.14,0.0,0.0,0.0,0.0,0.0,0.0,0.0,0.0,0.0,0.0,0.0
CCN(CC)C(=O)c1ccc(N(c2cccc(O)c2)C2CCN(CCc3cccc(F)c3)CC2)cc1,0.0,0.0,0.0,0.0,0.0,0.0,0.0,0.0,0.0,0.0,0.0,0.0,0.0,0.0,5.87,0.0,0.0,0.0,0.0,0.0,0.0,0.0,0.0,0.0,0.0,0.0
CCN(CC)C(=O)c1ccc(N(c2cccc(O)c2)C2CCN(CCc3ccccc3)CC2)cc1,0.0,0.0,0.0,0.0,0.0,0.0,0.0,0.0,0.0,0.0,0.0,0.0,0.0,0.0,6.13,0.0,0.0,0.0,0.0,0.0,0.0,0.0,0.0,0.0,0.0,0.0
CCN(CC)C(=O)c1ccc(N(c2cccc(O)c2)C2CCN(CCc3ccccc3F)CC2)cc1,0.0,0.0,0.0,0.0,0.0,0.0,0.0,0.0,0.0,0.0,0.0,0.0,0.0,0.0,6.01,0.0,0.0,0.0,0.0,0.0,0.0,0.0,0.0,0.0,0.0,0.0
CCN(CC)C(=O)c1ccc(N(c2cccc(O)c2)C2CCN(CCc3ccccn3)CC2)cc1,0.0,0.0,0.0,0.0,0.0,0.0,0.0,0.0,0.0,0.0,0.0,0.0,0.0,0.0,5.69,0.0,0.0,0.0,0.0,0.0,0.0,0.0,0.0,0.0,0.0,0.0
CCN(CC)C(=O)c1ccc(N(c2cccc(O)c2)C2CCN(CCc3ccco3)CC2)cc1,0.0,0.0,0.0,0.0,0.0,0.0,0.0,0.0,0.0,0.0,0.0,0.0,0.0,0.0,6.58,0.0,0.0,0.0,0.0,0.0,0.0,0.0,0.0,0.0,0.0,0.0
CCN(CC)C(=O)c1ccc(N(c2cccc(O)c2)C2CCN(CCc3cccs3)CC2)cc1,0.0,0.0,0.0,0.0,0.0,0.0,0.0,0.0,0.0,0.0,0.0,0.0,0.0,0.0,6.34,0.0,0.0,0.0,0.0,0.0,0.0,0.0,0.0,0.0,0.0,0.0
CCN(CC)C(=O)c1ccc(N(c2cccc(O)c2)C2CCN(CCc3ccncc3)CC2)cc1,0.0,0.0,0.0,0.0,0.0,0.0,0.0,0.0,0.0,0.0,0.0,0.0,0.0,0.0,5.34,0.0,0.0,0.0,0.0,0.0,0.0,0.0,0.0,0.0,0.0,0.0
CCN(CC)C(=O)c1ccc(N(c2cccc(O)c2)C2CCN(CCc3ccoc3)CC2)cc1,0.0,0.0,0.0,0.0,0.0,0.0,0.0,0.0,0.0,0.0,0.0,0.0,0.0,0.0,6.92,0.0,0.0,0.0,0.0,0.0,0.0,0.0,0.0,0.0,0.0,0.0
CCN(CC)C(=O)c1ccc(N(c2cccc(O)c2)C2CCN(CCc3ccsc3)CC2)cc1,0.0,0.0,0.0,0.0,0.0,0.0,0.0,0.0,0.0,0.0,0.0,0.0,0.0,0.0,6.3,0.0,0.0,0.0,0.0,0.0,0.0,0.0,0.0,0.0,0.0,0.0
CCN(CC)C(=O)c1ccc(N(c2cccc(O)c2)C2CCN(CCc3ncc[nH]3)CC2)cc1,0.0,0.0,0.0,0.0,0.0,0.0,0.0,0.0,0.0,0.0,0.0,0.0,0.0,0.0,5.92,0.0,0.0,0.0,0.0,0.0,0.0,0.0,0.0,0.0,0.0,0.0
CCN(CC)C(=O)c1ccc(N(c2cccc(O)c2)C2CCN(CCc3nccn3C)CC2)cc1,0.0,0.0,0.0,0.0,0.0,0.0,0.0,0.0,0.0,0.0,0.0,0.0,0.0,0.0,5.34,0.0,0.0,0.0,0.0,0.0,0.0,0.0,0.0,0.0,0.0,0.0
CCN(CC)C(=O)c1ccc(N(c2cccc(O)c2)C2CCN(Cc3ccccc3)CC2)cc1,0.0,0.0,0.0,0.0,0.0,0.0,0.0,0.0,0.0,0.0,0.0,0.0,0.0,0.0,6.13,0.0,0.0,0.0,0.0,0.0,0.0,0.0,0.0,0.0,0.0,0.0
CCN(CC)C(=O)c1ccc(N(c2cccc(OC)c2)C2CCN(CCc3ccccc3)CC2)cc1,0.0,0.0,0.0,0.0,0.0,0.0,0.0,0.0,0.0,0.0,0.0,0.0,0.0,0.0,5.44,0.0,0.0,0.0,0.0,0.0,0.0,0.0,0.0,0.0,0.0,0.0
CCN(CC)C(=O)c1ccc(N(c2cccc(OC)c2)C2CCN(CCc3ccco3)CC2)cc1,0.0,0.0,0.0,0.0,0.0,0.0,0.0,0.0,0.0,0.0,0.0,0.0,0.0,0.0,5.15,0.0,0.0,0.0,0.0,0.0,0.0,0.0,0.0,0.0,0.0,0.0
CCN(CC)C(=O)c1ccc(N(c2cccc(OC)c2)C2CCN(CCc3cccs3)CC2)cc1,0.0,0.0,0.0,0.0,0.0,0.0,0.0,0.0,0.0,0.0,0.0,0.0,0.0,0.0,5.19,0.0,0.0,0.0,0.0,0.0,0.0,0.0,0.0,0.0,0.0,0.0
CCN(CC)C(=O)c1ccc(N(c2cccc(OC)c2)C2CCN(CCc3ccoc3)CC2)cc1,0.0,0.0,0.0,0.0,0.0,0.0,0.0,0.0,0.0,0.0,0.0,0.0,0.0,0.0,5.3,0.0,0.0,0.0,0.0,0.0,0.0,0.0,0.0,0.0,0.0,0.0
CCN(CC)C(=O)c1ccc(N(c2cccc(OC)c2)C2CCN(CCc3ccsc3)CC2)cc1,0.0,0.0,0.0,0.0,0.0,0.0,0.0,0.0,0.0,0.0,0.0,0.0,0.0,0.0,5.59,0.0,0.0,0.0,0.0,0.0,0.0,0.0,0.0,0.0,0.0,0.0
CCN(CC)CCN1CN(c2ccccc2)C2(CCN(Cc3c(Cl)cccc3Cl)CC2)C1=O,0.0,0.0,0.0,0.0,0.0,0.0,7.25,0.0,0.0,0.0,0.0,0.0,0.0,0.0,0.0,0.0,0.0,0.0,0.0,0.0,0.0,0.0,0.0,0.0,0.0,0.0
CCN(CCCCCCN(CC)Cc1cc2c(cc1O)C13CCCCC1C(C2)N(CC1CCC1)CC3)Cc1cc2c(cc1O)C13CCCCC1C(C2)N(CC1CCC1)CC3,0.0,0.0,0.0,0.0,0.0,0.0,7.27,0.0,0.0,0.0,0.0,0.0,0.0,0.0,0.0,0.0,0.0,0.0,0.0,0.0,0.0,0.0,0.0,0.0,0.0,0.0
CCN(CCCCN(CC)Cc1cc2c(cc1O)C13CCCCC1C(C2)N(CC1CCC1)CC3)Cc1cc2c(cc1O)C13CCCCC1C(C2)N(CC1CCC1)CC3,0.0,0.0,0.0,0.0,0.0,0.0,7.36,0.0,0.0,0.0,0.0,0.0,0.0,0.0,0.0,0.0,0.0,0.0,0.0,0.0,0.0,0.0,0.0,0.0,0.0,0.0
CCN(Cc1csc(C)n1)C(C)c1cccc(O)c1,0.0,0.0,0.0,0.0,0.0,0.0,0.0,0.0,0.0,0.0,0.0,0.0,0.0,0.0,0.0,0.0,0.0,6.25,0.0,0.0,0.0,0.0,0.0,0.0,0.0,0.0
CCN1CCC23c4c5ccc(O)c4OC2c2[nH]c4ccccc4c2CC3(O)C1C5,0.0,0.0,0.0,0.0,0.0,0.0,6.33,0.0,0.0,0.0,0.0,0.0,0.0,0.0,0.0,0.0,0.0,0.0,0.0,0.0,0.0,0.0,0.0,0.0,0.0,0.0
CCN1CCC23c4c5ccc(O)c4OC2c2nc4ccccc4cc2CC3(O)C1C5,0.0,0.0,0.0,0.0,0.0,0.0,6.32,0.0,0.0,0.0,0.0,0.0,0.0,0.0,0.0,0.0,0.0,0.0,0.0,0.0,0.0,0.0,0.0,0.0,0.0,0.0
CCN1CCN(C(=O)Cc2ccc(Cl)c(Cl)c2)C2C1CCCC2N1CCCC1,0.0,0.0,0.0,0.0,0.0,0.0,0.0,0.0,0.0,0.0,0.0,0.0,0.0,0.0,0.0,0.0,0.0,0.0,0.0,0.0,0.0,7.96,0.0,0.0,0.0,0.0
CCN1CN(c2ccccc2)C2(CCN(C(c3ccccc3)c3ccccc3)CC2)C1=O,0.0,0.0,0.0,0.0,0.0,0.0,6.3,0.0,0.0,0.0,0.0,0.0,0.0,0.0,0.0,0.0,0.0,0.0,0.0,0.0,0.0,0.0,0.0,0.0,0.0,0.0
CCNC(=O)N1CCC(c2ccccc2)(c2nccn2Cc2ccccc2)CC1,0.0,0.0,0.0,0.0,0.0,0.0,0.0,0.0,0.0,0.0,0.0,0.0,0.0,0.0,6.62,0.0,0.0,0.0,0.0,0.0,0.0,0.0,0.0,0.0,0.0,0.0
CCNC(=O)NCc1ccccc1C1(O)CCN(C(c2ccccc2Cl)c2ccccc2Cl)CC1,0.0,0.0,0.0,0.0,0.0,0.0,6.48,0.0,0.0,0.0,0.0,0.0,0.0,0.0,0.0,0.0,0.0,0.0,0.0,0.0,0.0,0.0,0.0,0.0,0.0,0.0
CCNC(=O)OC1CC(C(=O)OC)C2(C)CCC3C(=O)OC(c4ccoc4)CC3(C)C2C1=O,0.0,0.0,0.0,0.0,0.0,0.0,6.33,0.0,0.0,0.0,0.0,0.0,0.0,0.0,0.0,0.0,0.0,0.0,0.0,0.0,0.0,0.0,0.0,0.0,0.0,0.0
CCNC(=O)Oc1ccc2c(c1)C13CCCCC1C(C2)N(C)CC3,0.0,0.0,0.0,0.0,0.0,0.0,7.44,0.0,0.0,0.0,0.0,0.0,0.0,0.0,0.0,0.0,0.0,0.0,0.0,0.0,0.0,0.0,0.0,0.0,0.0,0.0
CCNC(=O)Oc1ccc2c(c1)C13CCCCC1C(C2)N(CC1CC1)CC3,0.0,0.0,0.0,0.0,0.0,0.0,9.85,0.0,0.0,0.0,0.0,0.0,0.0,0.0,0.0,0.0,0.0,0.0,0.0,0.0,0.0,0.0,0.0,0.0,0.0,0.0
CCNC(=O)Oc1ccc2c(c1)C13CCCCC1C(C2)N(CC1CCC1)CC3,0.0,0.0,0.0,0.0,0.0,0.0,8.37,0.0,0.0,0.0,0.0,0.0,0.0,0.0,0.0,0.0,0.0,0.0,0.0,0.0,0.0,0.0,0.0,0.0,0.0,0.0
CCNC(=O)c1ccc(C2=CC3(CCNCC3)Oc3ccccc32)cc1,0.0,0.0,0.0,0.0,0.0,0.0,6.1,0.0,0.0,0.0,0.0,0.0,0.0,0.0,0.0,0.0,0.0,0.0,0.0,0.0,0.0,0.0,0.0,0.0,0.0,0.0
CCNC(=O)c1ccc(Oc2ccc(CNCCc3ccccc3)cc2)nc1,0.0,0.0,0.0,0.0,0.0,0.0,5.55,0.0,0.0,0.0,0.0,0.0,0.0,0.0,0.0,0.0,0.0,0.0,0.0,0.0,0.0,0.0,0.0,0.0,0.0,0.0
CCNC(=S)Nc1nc2cc3c(cc2s1)CC1C2CCCCC32CCN1CC1CC1,0.0,0.0,0.0,0.0,0.0,0.0,7.75,0.0,0.0,0.0,0.0,0.0,0.0,0.0,0.0,0.0,0.0,0.0,0.0,0.0,0.0,0.0,0.0,0.0,0.0,0.0
CCNC1CC(C(=O)OC)C2(C)CCC3C(=O)OC(c4ccoc4)CC3(C)C2C1=O,0.0,0.0,0.0,0.0,0.0,0.0,7.54,0.0,0.0,0.0,0.0,0.0,0.0,0.0,0.0,0.0,0.0,0.0,0.0,0.0,0.0,0.0,0.0,0.0,0.0,0.0
CCNC1CC2CC(c3cccc(O)c3)(C1)C(C)CN2CCCc1ccccc1,0.0,0.0,0.0,0.0,0.0,0.0,8.09,0.0,0.0,0.0,0.0,0.0,0.0,0.0,0.0,0.0,0.0,0.0,0.0,0.0,0.0,0.0,0.0,0.0,0.0,0.0
CCNCC(=O)NCc1cn(C2CCN(C3CCC(C(C)C)CC3)CC2)c2ccccc12,0.0,0.0,0.0,0.0,0.0,0.0,5.84,0.0,0.0,0.0,0.0,0.0,0.0,0.0,0.0,0.0,0.0,0.0,0.0,0.0,0.0,0.0,0.0,0.0,0.0,0.0
CCNCCN1CN(c2ccccc2)C2(CCN(C(c3ccccc3Cl)c3ccccc3Cl)CC2)C1=O,0.0,0.0,0.0,0.0,0.0,0.0,6.3,0.0,0.0,0.0,0.0,0.0,0.0,0.0,0.0,0.0,0.0,0.0,0.0,0.0,0.0,0.0,0.0,0.0,0.0,0.0
CCNCCN1CN(c2ccccc2)C2(CCN(C3CCC(C)(C)c4ccccc43)CC2)C1=O,0.0,0.0,0.0,0.0,0.0,0.0,7.41,0.0,0.0,0.0,0.0,0.0,0.0,0.0,0.0,0.0,0.0,0.0,0.0,0.0,0.0,0.0,0.0,0.0,0.0,0.0
CCNCCN1CN(c2ccccc2)C2(CCN(Cc3c(Cl)cccc3Cl)CC2)C1=O,0.0,0.0,0.0,0.0,0.0,0.0,7.27,0.0,0.0,0.0,0.0,0.0,0.0,0.0,0.0,0.0,0.0,0.0,0.0,0.0,0.0,0.0,0.0,0.0,0.0,0.0
CCNc1ccc(C2CC34CCC2(OC)C2Oc5c(OC)ccc6c5C23CCN(CC2CC2)C4C6)cc1,0.0,0.0,0.0,0.0,0.0,0.0,7.77,0.0,0.0,0.0,0.0,0.0,0.0,0.0,0.0,0.0,0.0,0.0,0.0,0.0,0.0,0.0,0.0,0.0,0.0,0.0
CCNc1ccc(Cc2ccccc2)cc1CNC(=O)C(N)Cc1c(C)cc(O)cc1C,0.0,0.0,0.0,0.0,0.0,0.0,6.39,0.0,0.0,0.0,0.0,0.0,0.0,0.0,0.0,0.0,0.0,0.0,0.0,0.0,0.0,0.0,0.0,0.0,0.0,0.0
CCNc1nc2cc3c(cc2s1)CC1C2CCCCC32CCN1CC1CC1,0.0,0.0,0.0,0.0,0.0,0.0,9.82,0.0,0.0,0.0,0.0,0.0,0.0,0.0,0.0,0.0,0.0,0.0,0.0,0.0,0.0,0.0,0.0,0.0,0.0,0.0
CCNc1nc2cc3c(cc2s1)CC1C2CCCCC32CCN1CC1CCC1,0.0,0.0,0.0,0.0,0.0,0.0,8.43,0.0,0.0,0.0,0.0,0.0,0.0,0.0,0.0,0.0,0.0,0.0,0.0,0.0,0.0,0.0,0.0,0.0,0.0,0.0
CCNc1nc2cc3c(cc2s1)CC1C2CCCCC32CCN1CCCF,0.0,0.0,0.0,0.0,0.0,0.0,9.03,0.0,0.0,0.0,0.0,0.0,0.0,0.0,0.0,0.0,0.0,0.0,0.0,0.0,0.0,0.0,0.0,0.0,0.0,0.0
CCOC(=N)N=c1[nH]c2ccccc2n1C1CCN(C2CCCCCCC2)CC1,0.0,0.0,0.0,0.0,0.0,0.0,0.0,0.0,0.0,0.0,0.0,0.0,0.0,0.0,0.0,7.23,0.0,0.0,0.0,0.0,0.0,0.0,0.0,0.0,0.0,0.0
CCOC(=O)C(CN1CCC(C)(c2cccc(O)c2)C(C)C1)OC(=O)C1Cc2ccc(O)cc2CN1,0.0,0.0,0.0,0.0,0.0,0.0,8.76,0.0,0.0,0.0,0.0,0.0,0.0,0.0,0.0,0.0,0.0,0.0,0.0,0.0,0.0,0.0,0.0,0.0,0.0,0.0
CCOC(=O)C12CC1C(n1ccc3c(NC)nc(C#Cc4ccc(Cl)s4)nc31)C(O)C2O,0.0,0.0,0.0,0.0,0.0,0.0,0.0,0.0,0.0,0.0,0.0,0.0,0.0,0.0,7.38,0.0,0.0,0.0,0.0,0.0,0.0,0.0,0.0,0.0,0.0,0.0
CCOC(=O)C12CC1C(n1ccc3c(NCCc4ccccc4)nc(C#Cc4ccccc4)nc31)C(O)C2O,0.0,0.0,0.0,0.0,0.0,0.0,0.0,0.0,0.0,0.0,0.0,0.0,0.0,0.0,6.68,0.0,0.0,0.0,0.0,0.0,0.0,0.0,0.0,0.0,0.0,0.0
CCOC(=O)C1CC(OC(C)=O)C(=O)C2C1(C)CCC1C(=O)OC(c3ccoc3)CC12C,0.0,0.0,0.0,0.0,0.0,0.0,7.54,0.0,0.0,0.0,0.0,0.0,0.0,0.0,0.0,0.0,0.0,0.0,0.0,0.0,0.0,0.0,0.0,0.0,0.0,0.0
CCOC(=O)C1CC2(C)C(CCC3(C)C(C(=O)OC)CC(OC(C)=O)C(=O)C32)C(=O)O1,0.0,0.0,0.0,0.0,0.0,0.0,6.71,0.0,0.0,0.0,0.0,0.0,0.0,0.0,6.71,0.0,0.0,0.0,0.0,0.0,0.0,0.0,0.0,0.0,0.0,0.0
CCOC(=O)C=CC(=O)OC1CC(C(=O)OC)C2(C)CCC3C(=O)OC(c4ccoc4)CC3(C)C2C1=O,0.0,0.0,0.0,0.0,0.0,0.0,0.0,0.0,0.0,0.0,0.0,0.0,0.0,0.0,6.37,0.0,0.0,0.0,0.0,0.0,0.0,0.0,0.0,0.0,0.0,0.0
CCOC(=O)CC(=O)OC1CC(C(=O)OC)C2(C)CCC3C(=O)OC(c4ccoc4)CC3(C)C2C1=O,0.0,0.0,0.0,0.0,0.0,0.0,0.0,0.0,0.0,0.0,0.0,0.0,0.0,0.0,7.68,0.0,0.0,0.0,0.0,0.0,0.0,0.0,0.0,0.0,0.0,0.0
CCOC(=O)CCC(=O)OC1CC(C(=O)OC)C2(C)CCC3C(=O)OC(c4ccoc4)CC3(C)C2C1=O,0.0,0.0,0.0,0.0,0.0,0.0,0.0,0.0,0.0,0.0,0.0,0.0,0.0,0.0,6.36,0.0,0.0,0.0,0.0,0.0,0.0,0.0,0.0,0.0,0.0,0.0
CCOC(=O)CCNc1ccc(C2CC34CCC2(OC)C2Oc5c(OC)ccc6c5C23CCN(CC2CC2)C4C6)cc1,0.0,0.0,0.0,0.0,0.0,0.0,7.68,0.0,0.0,0.0,0.0,0.0,0.0,0.0,0.0,0.0,0.0,0.0,0.0,0.0,0.0,0.0,0.0,0.0,0.0,0.0
CCOC(=O)CN1CCC(NC(=O)C(N)Cc2c(C)cc(O)cc2C)c2cc(Cc3ccccc3)ccc21,0.0,0.0,0.0,0.0,0.0,0.0,7.82,0.0,0.0,0.0,0.0,0.0,0.0,0.0,0.0,0.0,0.0,0.0,0.0,0.0,0.0,0.0,0.0,0.0,0.0,0.0
CCOC(=O)Cc1c2c(n(Cc3ccccc3)c1O)C1Oc3c(O)ccc4c3C13CCN(CC1CC1)C(C4)C3(O)C2,0.0,0.0,0.0,0.0,0.0,0.0,8.32,0.0,0.0,0.0,0.0,0.0,0.0,0.0,0.0,0.0,0.0,0.0,0.0,0.0,0.0,0.0,0.0,0.0,0.0,0.0
CCOC(=O)N1CCC(c2ccccc2)(c2nccn2-c2ccc3ccccc3c2C)CC1,0.0,0.0,0.0,0.0,0.0,0.0,0.0,0.0,0.0,0.0,0.0,0.0,0.0,0.0,5.51,0.0,0.0,0.0,0.0,0.0,0.0,0.0,0.0,0.0,0.0,0.0
CCOC(=O)N1CCC(c2ccccc2)(c2nccn2C(C)c2ccccc2)CC1,0.0,0.0,0.0,0.0,0.0,0.0,0.0,0.0,0.0,0.0,0.0,0.0,0.0,0.0,7.21,0.0,0.0,0.0,0.0,0.0,0.0,0.0,0.0,0.0,0.0,0.0
CCOC(=O)N1CCC(c2ccccc2)(c2nccn2Cc2ccc(C(=O)OC)cc2)CC1,0.0,0.0,0.0,0.0,0.0,0.0,0.0,0.0,0.0,0.0,0.0,0.0,0.0,0.0,7.6,0.0,0.0,0.0,0.0,0.0,0.0,0.0,0.0,0.0,0.0,0.0
CCOC(=O)N1CCC(c2ccccc2)(c2nccn2Cc2ccc(O)cc2)CC1,0.0,0.0,0.0,0.0,0.0,0.0,0.0,0.0,0.0,0.0,0.0,0.0,0.0,0.0,6.97,0.0,0.0,0.0,0.0,0.0,0.0,0.0,0.0,0.0,0.0,0.0
CCOC(=O)N1CCC(c2ccccc2)(c2nccn2Cc2ccc(OC)cc2)CC1,0.0,0.0,0.0,0.0,0.0,0.0,0.0,0.0,0.0,0.0,0.0,0.0,0.0,0.0,6.7,0.0,0.0,0.0,0.0,0.0,0.0,0.0,0.0,0.0,0.0,0.0
CCOC(=O)N1CCC(c2ccccc2)(c2nccn2Cc2cccc(OC)c2)CC1,0.0,0.0,0.0,0.0,0.0,0.0,0.0,0.0,0.0,0.0,0.0,0.0,0.0,0.0,6.44,0.0,0.0,0.0,0.0,0.0,0.0,0.0,0.0,0.0,0.0,0.0
CCOC(=O)N1CCC(c2ccccc2)(c2nccn2Cc2ccccc2)CC1,0.0,0.0,0.0,0.0,0.0,0.0,0.0,0.0,0.0,0.0,0.0,0.0,0.0,0.0,6.77,0.0,0.0,0.0,0.0,0.0,0.0,0.0,0.0,0.0,0.0,0.0
CCOC(=O)OC1CC(C(=O)OC)C2(C)CCC3C(=O)OC(c4ccoc4)CC3(C)C2C1=O,0.0,0.0,0.0,0.0,0.0,0.0,6.77,0.0,0.0,0.0,0.0,0.0,0.0,0.0,0.0,0.0,0.0,0.0,0.0,0.0,0.0,0.0,0.0,0.0,0.0,0.0
CCOC(C)OC1CC(C(=O)OC)C2(C)CCC3C(=O)OC(c4ccoc4)CC3(C)C2C1=O,0.0,0.0,0.0,0.0,0.0,0.0,8.18,0.0,0.0,0.0,0.0,0.0,0.0,0.0,0.0,0.0,0.0,0.0,0.0,0.0,0.0,0.0,0.0,0.0,0.0,0.0
CCOC(CBr)OC1CC(C(=O)OC)C2(C)CCC3C(=O)OC(c4ccoc4)CC3(C)C2C1=O,0.0,0.0,0.0,0.0,0.0,0.0,5.28,0.0,0.0,0.0,0.0,0.0,0.0,0.0,0.0,0.0,0.0,0.0,0.0,0.0,0.0,0.0,0.0,0.0,0.0,0.0
CCOC1(c2ccccc2)CCN(C(c2ccccc2)c2ccccc2)CC1,0.0,0.0,0.0,0.0,0.0,0.0,6.31,0.0,0.0,0.0,0.0,0.0,0.0,0.0,0.0,0.0,0.0,0.0,0.0,0.0,0.0,0.0,0.0,0.0,0.0,0.0
CCOC12Cc3cc(-c4ccccc4)cnc3C3Oc4c(O)ccc5c4C31CCN(CC1CC1)C2C5,0.0,0.0,0.0,0.0,0.0,0.0,6.6,0.0,0.0,0.0,0.0,0.0,0.0,0.0,0.0,0.0,0.0,0.0,0.0,0.0,0.0,0.0,0.0,0.0,0.0,0.0
CCOC1CC(C(=O)OC)C2(C)CCC3C(=O)OC(c4ccoc4)CC3(C)C2C1=O,0.0,0.0,0.0,0.0,0.0,0.0,8.1,0.0,0.0,0.0,0.0,0.0,0.0,0.0,0.0,0.0,0.0,0.0,0.0,0.0,0.0,0.0,0.0,0.0,0.0,0.0
CCOCC(c1ccccc1)N1CCC(O)(c2ccccc2)CC1,0.0,0.0,0.0,0.0,0.0,0.0,5.99,0.0,0.0,0.0,0.0,0.0,0.0,0.0,0.0,0.0,0.0,0.0,0.0,0.0,0.0,0.0,0.0,0.0,0.0,0.0
CCOCC1CC2(C)C(CCC3(C)C(C(=O)OC)CC(OC(C)=O)C(=O)C32)C(=O)O1,0.0,0.0,0.0,0.0,0.0,0.0,6.3,0.0,0.0,0.0,0.0,0.0,0.0,0.0,6.3,0.0,0.0,0.0,0.0,0.0,0.0,0.0,0.0,0.0,0.0,0.0
CCOCOC1CC(C(=O)OC)C2(C)CCC3C(=O)OC(c4ccoc4)CC3(C)C2C1=O,0.0,0.0,0.0,0.0,0.0,0.0,9.49,0.0,0.0,0.0,0.0,0.0,0.0,0.0,0.0,0.0,0.0,0.0,0.0,0.0,0.0,0.0,0.0,0.0,0.0,0.0
CCOc1ccc(-c2ccc(CCNC(=O)c3ccc4c(c3)C3(C)CCN(CC5CC5)C(C4)C3C)cc2)cc1,0.0,0.0,0.0,0.0,0.0,0.0,8.48,0.0,0.0,0.0,0.0,0.0,0.0,0.0,0.0,0.0,0.0,0.0,0.0,0.0,0.0,0.0,0.0,0.0,0.0,0.0
CCOc1ccc(C(=O)N2Cc3ccccc3C2)cc1CNC(=O)C(N)Cc1c(C)cc(O)cc1C,0.0,0.0,0.0,0.0,0.0,0.0,6.58,0.0,0.0,0.0,0.0,0.0,0.0,0.0,0.0,0.0,0.0,0.0,0.0,0.0,0.0,0.0,0.0,0.0,0.0,0.0
CCOc1ccc(CN(C)Cc2ccccc2)cc1CNC(=O)C(N)Cc1c(C)cc(O)cc1C,0.0,0.0,0.0,0.0,0.0,0.0,7.91,0.0,0.0,0.0,0.0,0.0,0.0,0.0,0.0,0.0,0.0,0.0,0.0,0.0,0.0,0.0,0.0,0.0,0.0,0.0
CCOc1ccc(CN2CC3CC3C2)cc1CNC(=O)C(N)Cc1c(C)cc(O)cc1C,0.0,0.0,0.0,0.0,0.0,0.0,6.61,0.0,0.0,0.0,0.0,0.0,0.0,0.0,0.0,0.0,0.0,0.0,0.0,0.0,0.0,0.0,0.0,0.0,0.0,0.0
CCOc1ccc(CN2CCCC2)cc1CNC(=O)C(N)Cc1c(C)cc(O)cc1C,0.0,0.0,0.0,0.0,0.0,0.0,6.37,0.0,0.0,0.0,0.0,0.0,0.0,0.0,0.0,0.0,0.0,0.0,0.0,0.0,0.0,0.0,0.0,0.0,0.0,0.0
CCOc1ccc(CN2CCCCC2)cc1CNC(=O)C(N)Cc1c(C)cc(O)cc1C,0.0,0.0,0.0,0.0,0.0,0.0,7.0,0.0,0.0,0.0,0.0,0.0,0.0,0.0,0.0,0.0,0.0,0.0,0.0,0.0,0.0,0.0,0.0,0.0,0.0,0.0
CCOc1ccc(CN2CCc3ccccc3C2)cc1CNC(=O)C(N)Cc1c(C)cc(O)cc1C,0.0,0.0,0.0,0.0,0.0,0.0,7.36,0.0,0.0,0.0,0.0,0.0,0.0,0.0,0.0,0.0,0.0,0.0,0.0,0.0,0.0,0.0,0.0,0.0,0.0,0.0
CCOc1ccc(CNCc2ccccc2)cc1CNC(=O)C(N)Cc1c(C)cc(O)cc1C,0.0,0.0,0.0,0.0,0.0,0.0,7.63,0.0,0.0,0.0,0.0,0.0,0.0,0.0,0.0,0.0,0.0,0.0,0.0,0.0,0.0,0.0,0.0,0.0,0.0,0.0
CCOc1ccc(Cc2ccccc2)cc1CNC(=O)C(N)Cc1c(C)cc(O)cc1C,0.0,0.0,0.0,0.0,0.0,0.0,5.92,0.0,0.0,0.0,0.0,0.0,0.0,0.0,0.0,0.0,0.0,0.0,0.0,0.0,0.0,0.0,0.0,0.0,0.0,0.0
CCS(=O)(=O)N1CCN(Cc2ccccc2C2(O)CCN(C(c3ccccc3Cl)c3ccccc3Cl)CC2)CC1,0.0,0.0,0.0,0.0,0.0,0.0,6.84,0.0,0.0,0.0,0.0,0.0,0.0,0.0,0.0,0.0,0.0,0.0,0.0,0.0,0.0,0.0,0.0,0.0,0.0,0.0
CCS(=O)(=O)NCc1ccc(CC(=O)N(C)C(CN2CCC(O)C2)c2ccccc2)cc1,0.0,0.0,0.0,0.0,0.0,0.0,0.0,0.0,0.0,0.0,0.0,0.0,0.0,0.0,8.89,0.0,0.0,0.0,0.0,0.0,0.0,0.0,0.0,0.0,0.0,0.0
CCc1cc(F)c2nc(N3CCC(NC4CCOCC4)CC3)c(-c3nc(C)no3)c(C)c2c1,0.0,0.0,0.0,0.0,0.0,0.0,0.0,0.0,0.0,0.0,0.0,0.0,0.0,0.0,8.82,0.0,0.0,0.0,0.0,0.0,0.0,0.0,0.0,0.0,0.0,0.0
CCc1ccc(C2(O)CCN(C(c3ccccc3)c3ccccc3)CC2)cc1,0.0,0.0,0.0,0.0,0.0,0.0,4.95,0.0,0.0,0.0,0.0,0.0,0.0,0.0,0.0,0.0,0.0,0.0,0.0,0.0,0.0,0.0,0.0,0.0,0.0,0.0
CCc1ccccc1C(c1ccccc1)N1CCC(O)(c2ccccc2)CC1,0.0,0.0,0.0,0.0,0.0,0.0,6.27,0.0,0.0,0.0,0.0,0.0,0.0,0.0,0.0,0.0,0.0,0.0,0.0,0.0,0.0,0.0,0.0,0.0,0.0,0.0
CCn1c2c(c3c1C1Oc4c(O)ccc5c4C14CCN(C)C(C5)C4(O)C3)CCCC2,0.0,0.0,0.0,0.0,0.0,0.0,6.78,0.0,0.0,0.0,0.0,0.0,0.0,0.0,0.0,0.0,0.0,0.0,0.0,0.0,0.0,0.0,0.0,0.0,0.0,0.0
CCn1c2c(c3c1C1Oc4c(O)ccc5c4C14CCN(CC1CC1)C(C5)C4(O)C3)CCCC2,0.0,0.0,0.0,0.0,0.0,0.0,8.13,0.0,0.0,0.0,0.0,0.0,0.0,0.0,0.0,0.0,0.0,0.0,0.0,0.0,0.0,0.0,0.0,0.0,0.0,0.0
CCn1cc(-c2ccccc2)c2c1C1Oc3c(O)ccc4c3C13CCN(CC1CC1)C(C4)C3(O)C2,0.0,0.0,0.0,0.0,0.0,0.0,7.61,0.0,0.0,0.0,0.0,0.0,0.0,0.0,0.0,0.0,0.0,0.0,0.0,0.0,0.0,0.0,0.0,0.0,0.0,0.0
CN(C(=O)C(CC1CCCCC1)NC(=O)C(CCC(N)=O)NC(=O)C(CCCNC(=N)N)NC(=O)C(CCCNC(=N)N)NC(=O)C1CCCN1C(=O)c1ccccc1)C1CSSCC(C(N)=O)NC1=O,0.0,0.0,0.0,0.0,0.0,0.0,0.0,0.0,0.0,0.0,0.0,0.0,0.0,0.0,0.0,0.0,0.0,0.0,7.82,0.0,0.0,0.0,0.0,0.0,0.0,0.0
CN(C(=O)C(Cc1ccccc1)NC(=O)OCc1ccccc1)C(CN1CCCC1)c1ccccc1,0.0,0.0,0.0,0.0,0.0,0.0,0.0,0.0,0.0,0.0,0.0,0.0,0.0,0.0,6.82,0.0,0.0,0.0,0.0,0.0,0.0,0.0,0.0,0.0,0.0,0.0
CN(C(=O)C(NC(=O)OCc1ccccc1)c1ccccc1)C(CN1CCCC1)c1ccccc1,0.0,0.0,0.0,0.0,0.0,0.0,0.0,0.0,0.0,0.0,0.0,0.0,0.0,0.0,6.86,0.0,0.0,0.0,0.0,0.0,0.0,0.0,0.0,0.0,0.0,0.0
CN(C(=O)C(NC(=O)c1ccccc1)c1ccccc1)C(CN1CCCC1)c1ccccc1,0.0,0.0,0.0,0.0,0.0,0.0,0.0,0.0,0.0,0.0,0.0,0.0,0.0,0.0,7.0,0.0,0.0,0.0,0.0,0.0,0.0,0.0,0.0,0.0,0.0,0.0
CN(C(=O)C(NC=O)c1ccccc1)C(CN1CCCC1)c1ccccc1,0.0,0.0,0.0,0.0,0.0,0.0,0.0,0.0,0.0,0.0,0.0,0.0,0.0,0.0,6.59,0.0,0.0,0.0,0.0,0.0,0.0,0.0,0.0,0.0,0.0,0.0
CN(C(=O)C1CCc2cc(CNS(C)(=O)=O)ccc2O1)C(CN1CCC(O)C1)c1ccccc1,0.0,0.0,0.0,0.0,0.0,0.0,0.0,0.0,0.0,0.0,0.0,0.0,0.0,0.0,0.0,0.0,0.0,0.0,0.0,0.0,0.0,0.0,8.35,0.0,0.0,0.0
CN(C(=O)C1CCc2cc(NS(C)(=O)=O)ccc2O1)C(CN1CCC(O)C1)c1ccccc1,0.0,0.0,0.0,0.0,0.0,0.0,0.0,0.0,0.0,0.0,0.0,0.0,0.0,0.0,0.0,0.0,0.0,0.0,0.0,0.0,0.0,0.0,8.77,0.0,0.0,0.0
CN(C(=O)C1CCc2cc(S(N)(=O)=O)ccc2O1)C(CN1CCC(O)C1)c1ccccc1,0.0,0.0,0.0,0.0,0.0,0.0,0.0,0.0,0.0,0.0,0.0,0.0,0.0,0.0,0.0,0.0,0.0,0.0,0.0,0.0,0.0,0.0,8.48,0.0,0.0,0.0
CN(C(=O)C1CCc2ccccc2O1)C(CN1CCC(O)C1)c1ccccc1,0.0,0.0,0.0,0.0,0.0,0.0,0.0,0.0,0.0,0.0,0.0,0.0,0.0,0.0,0.0,0.0,0.0,0.0,0.0,0.0,0.0,0.0,8.8,0.0,0.0,0.0
CN(C(=O)C1Cc2cc(NS(C)(=O)=O)ccc2O1)C(CN1CCC(O)C1)c1ccccc1,0.0,0.0,0.0,0.0,0.0,0.0,0.0,0.0,0.0,0.0,0.0,0.0,0.0,0.0,0.0,0.0,0.0,0.0,0.0,0.0,0.0,0.0,8.92,0.0,0.0,0.0
CN(C(=O)C1Cc2cccc(NS(C)(=O)=O)c2O1)C(CN1CCC(O)C1)c1ccccc1,0.0,0.0,0.0,0.0,0.0,0.0,0.0,0.0,0.0,0.0,0.0,0.0,0.0,0.0,0.0,0.0,0.0,0.0,0.0,0.0,0.0,0.0,8.89,0.0,0.0,0.0
CN(C(=O)C1Cc2ccccc2O1)C(CN1CCC(O)C1)c1ccccc1,0.0,0.0,0.0,0.0,0.0,0.0,0.0,0.0,0.0,0.0,0.0,0.0,0.0,0.0,0.0,0.0,0.0,0.0,0.0,0.0,0.0,0.0,9.1,0.0,0.0,0.0
CN(C(=O)C=Cc1ccoc1)C1CC=C2C3Cc4ccc(O)c5c4C2(CCN3CC2CC2)C1O5,0.0,0.0,0.0,0.0,0.0,0.0,0.0,0.0,0.0,0.0,0.0,0.0,0.0,0.0,0.0,0.0,0.0,0.0,0.0,0.0,10.45,0.0,0.0,0.0,0.0,0.0
CN(C(=O)C=Cc1ccoc1)C1CC=C2C3Cc4ccc(O)c5c4C2(CN3CC2CC2)C1O5,0.0,0.0,0.0,0.0,0.0,0.0,0.0,0.0,0.0,0.0,0.0,0.0,0.0,0.0,0.0,0.0,0.0,0.0,0.0,0.0,5.85,0.0,0.0,0.0,0.0,0.0
CN(C(=O)C=Cc1ccoc1)C1CCC2(O)C3Cc4ccc(O)c5c4C2(CCN3CC2CC2)C1O5,0.0,0.0,0.0,0.0,9.62,0.0,0.0,0.0,0.0,0.0,0.0,0.0,0.0,0.0,9.64,0.0,0.0,0.0,0.0,0.0,10.72,0.0,0.0,0.0,0.0,0.0
CN(C(=O)C=Cc1ccoc1)C1CCC2(O)C3Cc4cccc5c4C2(CCN3CC2CC2)C1O5,0.0,0.0,0.0,0.0,0.0,0.0,0.0,0.0,0.0,0.0,0.0,0.0,0.0,0.0,0.0,0.0,9.89,0.0,0.0,0.0,0.0,0.0,0.0,0.0,0.0,0.0
CN(C(=O)C=Cc1ccoc1)C1CCC2C3Cc4ccc(O)c5c4C2(CCN3CC2CC2)C1O5,0.0,0.0,0.0,0.0,0.0,0.0,0.0,0.0,0.0,0.0,0.0,0.0,0.0,0.0,0.0,0.0,0.0,0.0,0.0,0.0,10.57,0.0,0.0,0.0,0.0,0.0
CN(C(=O)C=Cc1ccoc1)C1CCC2C3Cc4ccc(O)c5c4C2(CN3CC2CC2)C1O5,0.0,0.0,0.0,0.0,0.0,0.0,0.0,0.0,0.0,0.0,0.0,0.0,0.0,0.0,0.0,0.0,0.0,0.0,0.0,0.0,6.55,0.0,0.0,0.0,0.0,0.0
CN(C(=O)CC(=O)NCc1ccccc1)C(CN1CCC(O)C1)c1ccccc1,0.0,0.0,0.0,0.0,0.0,0.0,0.0,0.0,0.0,0.0,0.0,0.0,0.0,0.0,0.0,0.0,0.0,0.0,0.0,0.0,0.0,0.0,7.82,0.0,0.0,0.0
CN(C(=O)CC(=O)Nc1ccc(CNS(C)(=O)=O)cc1)C(CN1CCC(O)C1)c1ccccc1,0.0,0.0,0.0,0.0,0.0,0.0,0.0,0.0,0.0,0.0,0.0,0.0,0.0,0.0,0.0,0.0,0.0,0.0,0.0,0.0,0.0,0.0,7.02,0.0,0.0,0.0
CN(C(=O)CC(=O)Nc1ccc(NS(C)(=O)=O)cc1)C(CN1CCC(O)C1)c1ccccc1,0.0,0.0,0.0,0.0,0.0,0.0,0.0,0.0,0.0,0.0,0.0,0.0,0.0,0.0,0.0,0.0,0.0,0.0,0.0,0.0,0.0,0.0,7.54,0.0,0.0,0.0
CN(C(=O)CC(=O)Nc1ccccc1)C(CN1CCC(O)C1)c1ccccc1,0.0,0.0,0.0,0.0,0.0,0.0,0.0,0.0,0.0,0.0,0.0,0.0,0.0,0.0,0.0,0.0,0.0,0.0,0.0,0.0,0.0,0.0,9.57,0.0,0.0,0.0
CN(C(=O)CC(=O)Nc1cccnc1)C(CN1CCC(O)C1)c1ccccc1,0.0,0.0,0.0,0.0,0.0,0.0,0.0,0.0,0.0,0.0,0.0,0.0,0.0,0.0,0.0,0.0,0.0,0.0,0.0,0.0,0.0,0.0,8.89,0.0,0.0,0.0
CN(C(=O)CC(=O)Nc1nccs1)C(CN1CCC(O)C1)c1ccccc1,0.0,0.0,0.0,0.0,0.0,0.0,0.0,0.0,0.0,0.0,0.0,0.0,0.0,0.0,0.0,0.0,0.0,0.0,0.0,0.0,0.0,0.0,9.28,0.0,0.0,0.0
CN(C(=O)CCC(=O)Nc1ccccc1)C(CN1CCC(O)C1)c1ccccc1,0.0,0.0,0.0,0.0,0.0,0.0,0.0,0.0,0.0,0.0,0.0,0.0,0.0,0.0,0.0,0.0,0.0,0.0,0.0,0.0,0.0,0.0,8.22,0.0,0.0,0.0
CN(C(=O)CCC(=O)Nc1cccnc1)C(CN1CCC(O)C1)c1ccccc1,0.0,0.0,0.0,0.0,0.0,0.0,0.0,0.0,0.0,0.0,0.0,0.0,0.0,0.0,0.0,0.0,0.0,0.0,0.0,0.0,0.0,0.0,6.55,0.0,0.0,0.0
CN(C(=O)CCC(=O)Nc1nccs1)C(CN1CCC(O)C1)c1ccccc1,0.0,0.0,0.0,0.0,0.0,0.0,0.0,0.0,0.0,0.0,0.0,0.0,0.0,0.0,0.0,0.0,0.0,0.0,0.0,0.0,0.0,0.0,7.64,0.0,0.0,0.0
CN(C(=O)CCc1ccccc1)C1CC23CCN(CC4CC4)C(Cc4ccc(O)cc42)C32CCC1O2,0.0,0.0,0.0,0.0,0.0,0.0,0.0,0.0,0.0,0.0,0.0,0.0,0.0,0.0,0.0,0.0,9.48,0.0,0.0,0.0,0.0,0.0,0.0,0.0,0.0,0.0
CN(C(=O)CNC(=O)Cc1ccccc1)C(CN1CCCC1)c1ccccc1,0.0,0.0,0.0,0.0,0.0,0.0,0.0,0.0,0.0,0.0,0.0,0.0,0.0,0.0,7.79,0.0,0.0,0.0,0.0,0.0,0.0,0.0,0.0,0.0,0.0,0.0
CN(C(=O)CNC(=O)OCc1ccccc1)C(CN1CCCC1)c1ccccc1,0.0,0.0,0.0,0.0,0.0,0.0,0.0,0.0,0.0,0.0,0.0,0.0,0.0,0.0,7.08,0.0,0.0,0.0,0.0,0.0,0.0,0.0,0.0,0.0,0.0,0.0
CN(C(=O)CNC(=O)c1ccc(Cl)c(Cl)c1)C(CN1CCC(O)C1)c1ccccc1,0.0,0.0,0.0,0.0,0.0,0.0,0.0,0.0,0.0,0.0,0.0,0.0,0.0,0.0,9.08,0.0,0.0,0.0,0.0,0.0,0.0,0.0,0.0,0.0,0.0,0.0
CN(C(=O)CNC(=O)c1ccc(Cl)c(Cl)c1)C(CN1CCCC1)c1ccccc1,0.0,0.0,0.0,0.0,0.0,0.0,0.0,0.0,0.0,0.0,0.0,0.0,0.0,0.0,8.44,0.0,0.0,0.0,0.0,0.0,0.0,0.0,0.0,0.0,0.0,0.0
CN(C(=O)CNC(=O)c1ccc2c(c1)no[n+]2[O-])C(CN1CCCC1)c1ccccc1,0.0,0.0,0.0,0.0,0.0,0.0,0.0,0.0,0.0,0.0,0.0,0.0,0.0,0.0,8.34,0.0,0.0,0.0,0.0,0.0,0.0,0.0,0.0,0.0,0.0,0.0
CN(C(=O)CNC(=O)c1ccccc1)C(CN1CCCC1)c1ccccc1,0.0,0.0,0.0,0.0,0.0,0.0,0.0,0.0,0.0,0.0,0.0,0.0,0.0,0.0,8.17,0.0,0.0,0.0,0.0,0.0,0.0,0.0,0.0,0.0,0.0,0.0
CN(C(=O)CNc1ccc(C#N)cc1)C(CN1CCC(O)C1)c1ccccc1,0.0,0.0,0.0,0.0,0.0,0.0,0.0,0.0,0.0,0.0,0.0,0.0,0.0,0.0,9.18,0.0,0.0,0.0,0.0,0.0,0.0,0.0,0.0,0.0,0.0,0.0
CN(C(=O)CNc1ccc(C(F)(F)F)cc1)C(CN1CCC(O)C1)c1ccccc1,0.0,0.0,0.0,0.0,0.0,0.0,0.0,0.0,0.0,0.0,0.0,0.0,0.0,0.0,9.41,0.0,0.0,0.0,0.0,0.0,0.0,0.0,0.0,0.0,0.0,0.0
CN(C(=O)CNc1ccc(CNS(C)(=O)=O)cc1)C(CN1CCC(O)C1)c1ccccc1,0.0,0.0,0.0,0.0,0.0,0.0,0.0,0.0,0.0,0.0,0.0,0.0,0.0,0.0,7.8,0.0,0.0,0.0,0.0,0.0,0.0,0.0,0.0,0.0,0.0,0.0
CN(C(=O)CNc1ccc(Cl)c(Cl)c1)C(CN1CCC(O)C1)c1ccccc1,0.0,0.0,0.0,0.0,0.0,0.0,0.0,0.0,0.0,0.0,0.0,0.0,0.0,0.0,9.96,0.0,0.0,0.0,0.0,0.0,0.0,0.0,0.0,0.0,0.0,0.0
CN(C(=O)CNc1ccc(NS(C)(=O)=O)cc1)C(CN1CCC(O)C1)c1ccccc1,0.0,0.0,0.0,0.0,0.0,0.0,0.0,0.0,0.0,0.0,0.0,0.0,0.0,0.0,8.24,0.0,0.0,0.0,0.0,0.0,0.0,0.0,0.0,0.0,0.0,0.0
CN(C(=O)CNc1ccc([N+](=O)[O-])cc1)C(CN1CCC(O)C1)c1ccccc1,0.0,0.0,0.0,0.0,0.0,0.0,0.0,0.0,0.0,0.0,0.0,0.0,0.0,0.0,9.68,0.0,0.0,0.0,0.0,0.0,0.0,0.0,0.0,0.0,0.0,0.0
CN(C(=O)CNc1cccc(C#N)c1)C(CN1CCC(O)C1)c1ccccc1,0.0,0.0,0.0,0.0,0.0,0.0,0.0,0.0,0.0,0.0,0.0,0.0,0.0,0.0,9.3,0.0,0.0,0.0,0.0,0.0,0.0,0.0,0.0,0.0,0.0,0.0
CN(C(=O)CNc1cccc(CNS(C)(=O)=O)c1)C(CN1CCC(O)C1)c1ccccc1,0.0,0.0,0.0,0.0,0.0,0.0,0.0,0.0,0.0,0.0,0.0,0.0,0.0,0.0,8.41,0.0,0.0,0.0,0.0,0.0,0.0,0.0,0.0,0.0,0.0,0.0
CN(C(=O)CNc1ccccc1)C(CN1CCC(O)C1)c1ccccc1,0.0,0.0,0.0,0.0,0.0,0.0,0.0,0.0,0.0,0.0,0.0,0.0,0.0,0.0,9.77,0.0,0.0,0.0,0.0,0.0,0.0,0.0,0.0,0.0,0.0,0.0
CN(C(=O)CNc1ccccc1C#N)C(CN1CCC(O)C1)c1ccccc1,0.0,0.0,0.0,0.0,0.0,0.0,0.0,0.0,0.0,0.0,0.0,0.0,0.0,0.0,9.41,0.0,0.0,0.0,0.0,0.0,0.0,0.0,0.0,0.0,0.0,0.0
CN(C(=O)CNc1ccccc1CNS(C)(=O)=O)C(CN1CCC(O)C1)c1ccccc1,0.0,0.0,0.0,0.0,0.0,0.0,0.0,0.0,0.0,0.0,0.0,0.0,0.0,0.0,9.11,0.0,0.0,0.0,0.0,0.0,0.0,0.0,0.0,0.0,0.0,0.0
CN(C(=O)Cc1cc2c(cc1S(=O)(=O)N(C)C)OCO2)C(CN1CCC(O)C1)c1ccccc1,0.0,0.0,0.0,0.0,0.0,0.0,0.0,0.0,0.0,0.0,0.0,0.0,0.0,0.0,0.0,0.0,0.0,0.0,9.27,0.0,0.0,0.0,0.0,0.0,0.0,0.0
CN(C(=O)Cc1cc2c(cc1S(=O)(=O)N(C)C)OCO2)C(CN1CCCC1)c1ccccc1,0.0,0.0,0.0,0.0,0.0,0.0,0.0,0.0,0.0,0.0,0.0,0.0,0.0,0.0,0.0,0.0,0.0,0.0,9.66,0.0,0.0,0.0,0.0,0.0,0.0,0.0
CN(C(=O)Cc1cc2c(cc1S(=O)(=O)N(C)Cc1ccccc1)OCO2)C(CN1CCCC1)c1ccccc1,0.0,0.0,0.0,0.0,0.0,0.0,0.0,0.0,0.0,0.0,0.0,0.0,0.0,0.0,0.0,0.0,0.0,0.0,9.72,0.0,0.0,0.0,0.0,0.0,0.0,0.0
CN(C(=O)Cc1ccc(C(F)(F)F)cc1)C(CN1CCCC1)c1cccc(N(CC(=O)O)CC(=O)O)c1,0.0,0.0,0.0,0.0,0.0,0.0,0.0,0.0,0.0,0.0,0.0,0.0,0.0,0.0,0.0,0.0,0.0,0.0,0.0,5.64,0.0,0.0,0.0,0.0,0.0,0.0
CN(C(=O)Cc1ccc(C(F)(F)F)cc1)C(CN1CCCC1)c1cccc(N)c1,0.0,0.0,0.0,0.0,0.0,0.0,0.0,0.0,0.0,0.0,0.0,0.0,0.0,0.0,0.0,0.0,0.0,0.0,0.0,9.51,0.0,0.0,0.0,0.0,0.0,0.0
CN(C(=O)Cc1ccc(C(F)(F)F)cc1)C(CN1CCCC1)c1cccc(NC(=O)CCC(=O)O)c1,0.0,0.0,0.0,0.0,0.0,0.0,0.0,0.0,0.0,0.0,0.0,0.0,0.0,0.0,0.0,0.0,0.0,0.0,0.0,8.02,0.0,0.0,0.0,0.0,0.0,0.0
CN(C(=O)Cc1ccc(C(F)(F)F)cc1)C(CN1CCCC1)c1cccc(NS(C)(=O)=O)c1,0.0,0.0,0.0,0.0,0.0,0.0,0.0,0.0,0.0,0.0,0.0,0.0,0.0,0.0,0.0,0.0,0.0,0.0,0.0,9.44,0.0,0.0,0.0,0.0,0.0,0.0
CN(C(=O)Cc1ccc(C(F)(F)F)cc1)C(CN1CCCC1)c1cccc(NS(N)(=O)=O)c1,0.0,0.0,0.0,0.0,0.0,0.0,0.0,0.0,0.0,0.0,0.0,0.0,0.0,0.0,0.0,0.0,0.0,0.0,0.0,9.32,0.0,0.0,0.0,0.0,0.0,0.0
CN(C(=O)Cc1ccc(C(F)(F)F)cc1)C(CN1CCCC1)c1cccc(O)c1,0.0,0.0,0.0,0.0,0.0,0.0,0.0,0.0,0.0,0.0,0.0,0.0,0.0,0.0,0.0,0.0,0.0,0.0,0.0,9.36,0.0,0.0,0.0,0.0,0.0,0.0
CN(C(=O)Cc1ccc(C(F)(F)F)cc1)C(CN1CCCC1)c1cccc(OCC(=O)O)c1,0.0,0.0,0.0,0.0,0.0,0.0,0.0,0.0,0.0,0.0,0.0,0.0,0.0,0.0,0.0,0.0,0.0,0.0,0.0,8.43,0.0,0.0,0.0,0.0,0.0,0.0
CN(C(=O)Cc1ccc(C(F)(F)F)cc1)C(CN1CCCC1)c1cccc(OCC(=O)OC(C)(C)C)c1,0.0,0.0,0.0,0.0,0.0,0.0,0.0,0.0,0.0,0.0,0.0,0.0,0.0,0.0,0.0,0.0,0.0,0.0,0.0,8.54,0.0,0.0,0.0,0.0,0.0,0.0
CN(C(=O)Cc1ccc(C(F)(F)F)cc1)C(CN1CCCC1)c1cccc([N+](=O)[O-])c1,0.0,0.0,0.0,0.0,0.0,0.0,0.0,0.0,0.0,0.0,0.0,0.0,0.0,0.0,0.0,0.0,0.0,0.0,0.0,9.2,0.0,0.0,0.0,0.0,0.0,0.0
CN(C(=O)Cc1ccc(C(F)(F)F)cc1)C(CN1CCCC1)c1ccccc1,0.0,0.0,0.0,0.0,0.0,0.0,0.0,0.0,0.0,0.0,0.0,0.0,0.0,0.0,0.0,0.0,0.0,0.0,0.0,10.24,0.0,0.0,0.0,0.0,0.0,0.0
CN(C(=O)Cc1ccc(CCCNS(C)(=O)=O)cc1)C(CN1CCC(O)C1)c1ccccc1,0.0,0.0,0.0,0.0,0.0,0.0,0.0,0.0,0.0,0.0,0.0,0.0,0.0,0.0,8.77,0.0,0.0,0.0,0.0,0.0,0.0,0.0,0.0,0.0,0.0,0.0
CN(C(=O)Cc1ccc(CCNS(C)(=O)=O)cc1)C(CN1CCC(O)C1)c1ccccc1,0.0,0.0,0.0,0.0,0.0,0.0,0.0,0.0,0.0,0.0,0.0,0.0,0.0,0.0,8.55,0.0,0.0,0.0,0.0,0.0,0.0,0.0,0.0,0.0,0.0,0.0
CN(C(=O)Cc1ccc(CN)cc1)C(CN1CCCC1)c1ccccc1,0.0,0.0,0.0,0.0,0.0,0.0,0.0,0.0,0.0,0.0,0.0,0.0,0.0,0.0,7.24,0.0,0.0,0.0,0.0,0.0,0.0,0.0,0.0,0.0,0.0,0.0
CN(C(=O)Cc1ccc(CNS(=O)(=O)Cc2ccccc2)cc1)C(CN1CCC(O)C1)c1ccccc1,0.0,0.0,0.0,0.0,0.0,0.0,0.0,0.0,0.0,0.0,0.0,0.0,0.0,0.0,8.89,0.0,0.0,0.0,0.0,0.0,0.0,0.0,0.0,0.0,0.0,0.0
CN(C(=O)Cc1ccc(CNS(=O)(=O)Cc2cccs2)cc1)C(CN1CCC(O)C1)c1ccccc1,0.0,0.0,0.0,0.0,0.0,0.0,0.0,0.0,0.0,0.0,0.0,0.0,0.0,0.0,8.55,0.0,0.0,0.0,0.0,0.0,0.0,0.0,0.0,0.0,0.0,0.0
CN(C(=O)Cc1ccc(CNS(=O)(=O)c2ccc(F)cc2)cc1)C(CN1CCC(O)C1)c1ccccc1,0.0,0.0,0.0,0.0,0.0,0.0,0.0,0.0,0.0,0.0,0.0,0.0,0.0,0.0,8.23,0.0,0.0,0.0,0.0,0.0,0.0,0.0,0.0,0.0,0.0,0.0
CN(C(=O)Cc1ccc(CNS(=O)(=O)c2ccccc2)cc1)C(CN1CCC(O)C1)c1ccccc1,0.0,0.0,0.0,0.0,0.0,0.0,0.0,0.0,0.0,0.0,0.0,0.0,0.0,0.0,8.23,0.0,0.0,0.0,0.0,0.0,0.0,0.0,0.0,0.0,0.0,0.0
CN(C(=O)Cc1ccc(CNS(C)(=O)=O)cc1)C(CN1CCC(O)C1)c1ccccc1,0.0,0.0,0.0,0.0,0.0,0.0,0.0,0.0,0.0,0.0,0.0,0.0,0.0,0.0,9.22,0.0,0.0,0.0,0.0,0.0,0.0,0.0,0.0,0.0,0.0,0.0
CN(C(=O)Cc1ccc(CNS(C)(=O)=O)cc1)C(CN1CCCC1)c1ccccc1,0.0,0.0,0.0,0.0,0.0,0.0,0.0,0.0,0.0,0.0,0.0,0.0,0.0,0.0,8.54,0.0,0.0,0.0,0.0,0.0,0.0,0.0,0.0,0.0,0.0,0.0
CN(C(=O)Cc1ccc(Cl)c(Cl)c1)C(CN1CCCC1)c1cccc(OCC(=O)O)c1,0.0,0.0,0.0,0.0,0.0,0.0,0.0,0.0,0.0,0.0,0.0,0.0,0.0,0.0,0.0,0.0,0.0,0.0,0.0,8.57,0.0,0.0,0.0,0.0,0.0,0.0
CN(C(=O)Cc1ccc(Cl)c(Cl)c1)C(CN1CCCC1)c1ccccc1,0.0,0.0,0.0,0.0,0.0,0.0,0.0,0.0,0.0,0.0,0.0,0.0,0.0,0.0,10.4,0.0,0.0,0.0,10.36,0.0,0.0,0.0,0.0,0.0,0.0,0.0
CN(C(=O)Cc1ccc(Cl)c(Cl)c1)C1CCCCC1N1CCCC1,0.0,0.0,0.0,0.0,0.0,0.0,8.85,0.0,0.0,10.03,0.0,0.0,0.0,0.0,8.77,0.0,8.21,8.82,0.0,0.0,0.0,9.52,8.85,0.0,0.0,0.0
CN(C(=O)Cc1ccc(NS(C)(=O)=O)cc1)C(CN1CCC(O)C1)c1ccccc1,0.0,0.0,0.0,0.0,0.0,0.0,0.0,0.0,0.0,0.0,0.0,0.0,0.0,0.0,9.4,0.0,0.0,0.0,0.0,0.0,0.0,0.0,0.0,0.0,0.0,0.0
CN(C(=O)Cc1ccc2c(c1)CN(S(C)(=O)=O)C2)C(CN1CCCC1)c1ccccc1,0.0,0.0,0.0,0.0,0.0,0.0,0.0,0.0,0.0,0.0,0.0,0.0,0.0,0.0,8.72,0.0,0.0,0.0,0.0,0.0,0.0,0.0,0.0,0.0,0.0,0.0
CN(C(=O)Cc1ccc2c(c1)OCO2)C(CN1CCCC1)c1ccccc1,0.0,0.0,0.0,0.0,0.0,0.0,0.0,0.0,0.0,0.0,0.0,0.0,0.0,0.0,0.0,0.0,0.0,0.0,9.15,0.0,0.0,0.0,0.0,0.0,0.0,0.0
CN(C(=O)Cc1cccc(CN)c1)C(CN1CCCC1)c1ccccc1,0.0,0.0,0.0,0.0,0.0,0.0,0.0,0.0,0.0,0.0,0.0,0.0,0.0,0.0,8.06,0.0,0.0,0.0,0.0,0.0,0.0,0.0,0.0,0.0,0.0,0.0
CN(C(=O)Cc1cccc(CNS(C)(=O)=O)c1)C(CN1CCCC1)c1ccccc1,0.0,0.0,0.0,0.0,0.0,0.0,0.0,0.0,0.0,0.0,0.0,0.0,0.0,0.0,8.0,0.0,0.0,0.0,0.0,0.0,0.0,0.0,0.0,0.0,0.0,0.0
CN(C(=O)Cc1ccccc1)C(CN1CCCC1)c1ccccc1,0.0,0.0,0.0,0.0,0.0,0.0,0.0,0.0,0.0,0.0,0.0,0.0,0.0,0.0,8.24,0.0,0.0,0.0,0.0,0.0,0.0,0.0,0.0,0.0,0.0,0.0
CN(C(=O)Cc1ccccc1)C1CC2(CCCO2)CCC1N1CCCC1,0.0,0.0,0.0,0.0,0.0,0.0,0.0,0.0,0.0,0.0,0.0,0.0,0.0,0.0,0.0,0.0,0.0,8.19,0.0,0.0,0.0,0.0,0.0,0.0,0.0,0.0
CN(C(=O)Cc1ccccc1)C1CC23CCN(CC4CC4)C(Cc4ccc(O)cc42)C32CCC1O2,0.0,0.0,0.0,0.0,0.0,0.0,0.0,0.0,0.0,0.0,0.0,0.0,0.0,0.0,0.0,0.0,9.56,0.0,0.0,0.0,0.0,0.0,0.0,0.0,0.0,0.0
CN(C(=O)Cc1ccccc1)C1CCC2(CCCO2)CC1N1CCCC1,0.0,0.0,0.0,0.0,0.0,0.0,8.8,0.0,0.0,0.0,0.0,0.0,7.21,0.0,0.0,0.0,0.0,0.0,0.0,0.0,0.0,8.96,0.0,0.0,0.0,0.0
CN(C(=O)Cc1ccccc1CN)C(CN1CCCC1)c1ccccc1,0.0,0.0,0.0,0.0,0.0,0.0,0.0,0.0,0.0,0.0,0.0,0.0,0.0,0.0,8.0,0.0,0.0,0.0,0.0,0.0,0.0,0.0,0.0,0.0,0.0,0.0
CN(C(=O)Cc1ccccc1CNS(C)(=O)=O)C(CN1CCCC1)c1ccccc1,0.0,0.0,0.0,0.0,0.0,0.0,0.0,0.0,0.0,0.0,0.0,0.0,0.0,0.0,7.92,0.0,0.0,0.0,0.0,0.0,0.0,0.0,0.0,0.0,0.0,0.0
CN(C(=O)N1CCC(c2ccccc2)(c2nccn2Cc2ccccc2)CC1)c1ccccc1,0.0,0.0,0.0,0.0,0.0,0.0,0.0,0.0,0.0,0.0,0.0,0.0,0.0,0.0,6.4,0.0,0.0,0.0,0.0,0.0,0.0,0.0,0.0,0.0,0.0,0.0
CN(C(=O)NCC(=O)Nc1ccccc1)C(CN1CCC(O)C1)c1ccccc1,0.0,0.0,0.0,0.0,0.0,0.0,0.0,0.0,0.0,0.0,0.0,0.0,0.0,0.0,0.0,0.0,0.0,0.0,0.0,0.0,0.0,0.0,8.19,0.0,0.0,0.0
CN(C(=O)c1cc2ccccc2o1)C(CN1CCC(O)C1)c1ccccc1,0.0,0.0,0.0,0.0,0.0,0.0,0.0,0.0,0.0,0.0,0.0,0.0,0.0,0.0,0.0,0.0,0.0,0.0,0.0,0.0,0.0,0.0,6.31,0.0,0.0,0.0
CN(C(=O)c1ccccc1)C1CC23CCN(CC4CC4)C(Cc4ccc(O)cc42)C32CCC1O2,0.0,0.0,0.0,0.0,0.0,0.0,0.0,0.0,0.0,0.0,0.0,0.0,0.0,0.0,0.0,0.0,9.59,0.0,0.0,0.0,0.0,0.0,0.0,0.0,0.0,0.0
CN(C)C(=O)CCCC12CCN(CC3CC3)C(Cc3ccc(O)cc31)C2=CC(=O)O,0.0,0.0,0.0,0.0,0.0,0.0,0.0,0.0,0.0,0.0,0.0,0.0,0.0,0.0,0.0,7.37,0.0,0.0,0.0,0.0,0.0,0.0,0.0,0.0,0.0,0.0
CN(C)C(=O)OC1CCC2(O)C3Cc4ccc(O)c5c4C2(CCN3CC2CC2)C1O5,0.0,0.0,0.0,0.0,0.0,0.0,7.55,0.0,0.0,0.0,0.0,0.0,0.0,0.0,0.0,0.0,0.0,0.0,0.0,0.0,0.0,0.0,0.0,0.0,0.0,0.0
CN(C)C(CNC(=O)C1CCN(C(N)=O)CC1)c1cccs1,0.0,0.0,0.0,0.0,0.0,0.0,0.0,0.0,0.0,0.0,0.0,0.0,0.0,0.0,0.0,0.0,0.0,0.0,0.0,5.57,0.0,0.0,0.0,0.0,0.0,0.0
CN(C)C(CNC(=O)Nc1ccc(C(N)=O)cc1)c1cccs1,0.0,0.0,0.0,0.0,0.0,0.0,0.0,0.0,0.0,0.0,0.0,0.0,0.0,0.0,0.0,0.0,0.0,0.0,0.0,5.74,0.0,0.0,0.0,0.0,0.0,0.0
CN(C)C(CNC(=O)c1c[nH]nc1-c1ccccc1)c1cccs1,0.0,0.0,0.0,0.0,0.0,0.0,0.0,0.0,0.0,0.0,0.0,0.0,0.0,0.0,0.0,0.0,0.0,0.0,0.0,4.98,0.0,0.0,0.0,0.0,0.0,0.0
CN(C)C1(c2ccccc2)CCC2(CC1)OCCc1c2[nH]c2ccc(F)cc12,0.0,0.0,0.0,0.0,0.0,0.0,0.0,0.0,0.0,0.0,0.0,0.0,0.0,0.0,8.59,0.0,0.0,0.0,0.0,0.0,0.0,0.0,0.0,0.0,0.0,0.0
CN(C)C1(c2ccccc2)CCC2(CC1)OCCc1c2[nH]c2ccccc12,0.0,0.0,0.0,0.0,0.0,0.0,0.0,0.0,0.0,0.0,0.0,0.0,0.0,0.0,8.64,0.0,0.0,0.0,0.0,0.0,0.0,0.0,0.0,0.0,0.0,0.0
CN(C)CC(O)Cn1cc(C2CCN(CC3CCCCCCC3)CC2)c2cc(F)ccc21,0.0,0.0,0.0,0.0,0.0,0.0,0.0,0.0,0.0,0.0,0.0,0.0,0.0,0.0,0.0,0.0,0.0,5.72,0.0,0.0,0.0,0.0,0.0,0.0,0.0,0.0
CN(C)CC1CCCCC1(O)c1cccc(C(N)=O)c1,0.0,0.0,0.0,0.0,0.0,0.0,6.46,0.0,0.0,0.0,0.0,0.0,0.0,0.0,0.0,0.0,0.0,0.0,0.0,0.0,0.0,0.0,0.0,0.0,0.0,0.0
CN(C)CC1CCCCC1(O)c1cccc(O)c1,0.0,0.0,0.0,0.0,0.0,0.0,6.35,0.0,0.0,0.0,0.0,0.0,0.0,0.0,0.0,0.0,0.0,0.0,0.0,0.0,0.0,0.0,0.0,0.0,0.0,0.0
CN(C)CC1CCc2cc(-c3ccccc3)ccc2C1(O)c1cccc(O)c1,0.0,0.0,0.0,0.0,0.0,0.0,6.85,0.0,0.0,0.0,0.0,0.0,0.0,0.0,0.0,0.0,0.0,0.0,0.0,0.0,0.0,0.0,0.0,0.0,0.0,0.0
CN(C)CC1CN(C(=O)CCc2cccc(C(F)(F)F)c2)CCC1(O)c1cccc(O)c1,0.0,0.0,0.0,0.0,0.0,0.0,6.98,0.0,0.0,0.0,0.0,0.0,0.0,0.0,0.0,0.0,0.0,0.0,0.0,0.0,0.0,0.0,0.0,0.0,0.0,0.0
CN(C)CC1CN(C(=O)CCc2ccccc2)CCC1(O)c1cccc(O)c1,0.0,0.0,0.0,0.0,0.0,0.0,6.19,0.0,0.0,0.0,0.0,0.0,0.0,0.0,0.0,0.0,0.0,0.0,0.0,0.0,0.0,0.0,0.0,0.0,0.0,0.0
CN(C)CC1CN(C(=O)CCc2ccccc2C(F)(F)F)CCC1(O)c1cccc(O)c1,0.0,0.0,0.0,0.0,0.0,0.0,6.79,0.0,0.0,0.0,0.0,0.0,0.0,0.0,0.0,0.0,0.0,0.0,0.0,0.0,0.0,0.0,0.0,0.0,0.0,0.0
CN(C)CC1CN(C(=O)Cc2cc(F)c(F)cc2F)CCC1(O)c1cccc(O)c1,0.0,0.0,0.0,0.0,0.0,0.0,7.37,0.0,0.0,0.0,0.0,0.0,0.0,0.0,0.0,0.0,0.0,0.0,0.0,0.0,0.0,0.0,0.0,0.0,0.0,0.0
CN(C)CC1CN(C(=O)Cc2ccc(Cl)cc2)CCC1(O)c1cccc(O)c1,0.0,0.0,0.0,0.0,0.0,0.0,7.37,0.0,0.0,0.0,0.0,0.0,0.0,0.0,0.0,0.0,0.0,0.0,0.0,0.0,0.0,0.0,0.0,0.0,0.0,0.0
CN(C)CC1CN(C(=O)Cc2ccc(F)cc2)CCC1(O)c1cccc(O)c1,0.0,0.0,0.0,0.0,0.0,0.0,7.38,0.0,0.0,0.0,0.0,0.0,0.0,0.0,0.0,0.0,0.0,0.0,0.0,0.0,0.0,0.0,0.0,0.0,0.0,0.0
CN(C)CC1CN(C(=O)Cc2cccc(Cl)c2)CCC1(O)c1cccc(O)c1,0.0,0.0,0.0,0.0,0.0,0.0,7.71,0.0,0.0,0.0,0.0,0.0,0.0,0.0,0.0,0.0,0.0,0.0,0.0,0.0,0.0,0.0,0.0,0.0,0.0,0.0
CN(C)CC1CN(C(=O)Cc2cccc(F)c2)CCC1(O)c1cccc(O)c1,0.0,0.0,0.0,0.0,0.0,0.0,6.77,0.0,0.0,0.0,0.0,0.0,0.0,0.0,0.0,0.0,0.0,0.0,0.0,0.0,0.0,0.0,0.0,0.0,0.0,0.0
CN(C)CC1CN(C(=O)Cc2cccc(OC(F)(F)F)c2)CCC1(O)c1cccc(O)c1,0.0,0.0,0.0,0.0,0.0,0.0,7.03,0.0,0.0,0.0,0.0,0.0,0.0,0.0,0.0,0.0,0.0,0.0,0.0,0.0,0.0,0.0,0.0,0.0,0.0,0.0
CN(C)CC1CN(C(=O)Cc2ccccc2)CCC1(O)c1cccc(O)c1,0.0,0.0,0.0,0.0,0.0,0.0,6.77,0.0,0.0,0.0,0.0,0.0,0.0,0.0,0.0,0.0,0.0,0.0,0.0,0.0,0.0,0.0,0.0,0.0,0.0,0.0
CN(C)CC1CN(C(=O)Cc2ccccc2)CCC1(O)c1ccccc1,0.0,0.0,0.0,0.0,0.0,0.0,5.89,0.0,0.0,0.0,0.0,0.0,0.0,0.0,0.0,0.0,0.0,0.0,0.0,0.0,0.0,0.0,0.0,0.0,0.0,0.0
CN(C)CC1CN(C(=O)Cc2ccccc2Cl)CCC1(O)c1cccc(O)c1,0.0,0.0,0.0,0.0,0.0,0.0,6.56,0.0,0.0,0.0,0.0,0.0,0.0,0.0,0.0,0.0,0.0,0.0,0.0,0.0,0.0,0.0,0.0,0.0,0.0,0.0
CN(C)CC1CN(C(=O)Cc2ccccc2F)CCC1(O)c1cccc(O)c1,0.0,0.0,0.0,0.0,0.0,0.0,6.62,0.0,0.0,0.0,0.0,0.0,0.0,0.0,0.0,0.0,0.0,0.0,0.0,0.0,0.0,0.0,0.0,0.0,0.0,0.0
CN(C)CC1CN(C(=O)Cc2ccccc2OC(F)(F)F)CCC1(O)c1cccc(O)c1,0.0,0.0,0.0,0.0,0.0,0.0,6.17,0.0,0.0,0.0,0.0,0.0,0.0,0.0,0.0,0.0,0.0,0.0,0.0,0.0,0.0,0.0,0.0,0.0,0.0,0.0
CN(C)CC1CN(C(=O)Nc2cccc(Cl)c2)CCC1(O)c1ccccc1,0.0,0.0,0.0,0.0,0.0,0.0,6.14,0.0,0.0,0.0,0.0,0.0,0.0,0.0,0.0,0.0,0.0,0.0,0.0,0.0,0.0,0.0,0.0,0.0,0.0,0.0
CN(C)CC1CN(C(=O)Nc2ccccc2)CCC1(O)c1cccc(O)c1,0.0,0.0,0.0,0.0,0.0,0.0,7.15,0.0,0.0,0.0,0.0,0.0,0.0,0.0,0.0,0.0,0.0,0.0,0.0,0.0,0.0,0.0,0.0,0.0,0.0,0.0
CN(C)CC1CN(C(=O)Nc2ccccc2)CCC1(O)c1ccccc1,0.0,0.0,0.0,0.0,0.0,0.0,7.31,0.0,0.0,0.0,0.0,0.0,0.0,0.0,0.0,0.0,0.0,0.0,0.0,0.0,0.0,0.0,0.0,0.0,0.0,0.0
CN(C)CC1CN(CCc2cccc(C(F)(F)F)c2)CCC1(O)c1cccc(O)c1,0.0,0.0,0.0,0.0,0.0,0.0,8.1,0.0,0.0,0.0,0.0,0.0,0.0,0.0,0.0,0.0,0.0,0.0,0.0,0.0,0.0,0.0,0.0,0.0,0.0,0.0
CN(C)CCN1CN(c2ccccc2)C2(CCN(C(c3ccccc3Cl)c3ccccc3Cl)CC2)C1=O,0.0,0.0,0.0,0.0,0.0,0.0,6.5,0.0,0.0,0.0,0.0,0.0,0.0,0.0,0.0,0.0,0.0,0.0,0.0,0.0,0.0,0.0,0.0,0.0,0.0,0.0
CN(C)CCNCc1ccc(-c2ccccc2S(=O)(=O)N2CCCC2)cc1,0.0,0.0,0.0,0.0,0.0,0.0,8.24,0.0,0.0,0.0,0.0,0.0,0.0,0.0,0.0,0.0,0.0,0.0,0.0,0.0,0.0,0.0,0.0,0.0,0.0,0.0
CN(C)Cc1ccccc1-c1cnc2c(c1)CC1(OCCCc3ccccc3)C3Cc4ccc(O)c5c4C1(CCN3CC1CC1)C2O5,0.0,0.0,0.0,0.0,0.0,0.0,7.64,0.0,0.0,0.0,0.0,0.0,0.0,0.0,0.0,0.0,0.0,0.0,0.0,0.0,0.0,0.0,0.0,0.0,0.0,0.0
CN(C)c1ccc(-c2cnc3c(c2)CC2(OCCCc4ccccc4)C4Cc5ccc(O)c6c5C2(CCN4CC2CC2)C3O6)cc1,0.0,0.0,0.0,0.0,0.0,0.0,8.21,0.0,0.0,0.0,0.0,0.0,0.0,0.0,0.0,0.0,0.0,0.0,0.0,0.0,0.0,0.0,0.0,0.0,0.0,0.0
CN(C)c1ccc(C=C2CC3(O)C4Cc5ccc(O)c6c5C3(CCN4CC3CC3)C(O6)C2=O)cc1,0.0,0.0,0.0,0.0,0.0,0.0,0.0,0.0,0.0,0.0,0.0,0.0,0.0,0.0,0.0,0.0,0.0,0.0,0.0,0.0,0.0,7.54,0.0,0.0,0.0,0.0
CN(C)c1ccc(S(=O)(=O)N2CCC34c5c6ccc(O)c5OC3C(N(C)C(=O)C=Cc3ccoc3)CCC4(O)C2C6)cc1,0.0,0.0,0.0,0.0,6.7,0.0,0.0,0.0,0.0,0.0,0.0,0.0,0.0,0.0,0.0,0.0,0.0,0.0,0.0,0.0,0.0,0.0,0.0,0.0,0.0,0.0
CN(C)c1cccc(-c2cnc3c(c2)CC2(OCCCc4ccccc4)C4Cc5ccc(O)c6c5C2(CCN4CC2CC2)C3O6)c1,0.0,0.0,0.0,0.0,0.0,0.0,7.92,0.0,0.0,0.0,0.0,0.0,0.0,0.0,0.0,0.0,0.0,0.0,0.0,0.0,0.0,0.0,0.0,0.0,0.0,0.0
CN(C)c1cccc(C(=O)NC2CCC3(O)C4Cc5ccc(O)c6c5C3(CCN4CC3CC3)C2O6)c1,0.0,0.0,0.0,0.0,0.0,0.0,8.77,0.0,0.0,0.0,0.0,0.0,0.0,0.0,0.0,0.0,0.0,0.0,0.0,0.0,0.0,0.0,0.0,0.0,0.0,0.0
CN(C)c1ccccc1-c1cnc2c(c1)CC1(OCCCc3ccccc3)C3Cc4ccc(O)c5c4C1(CCN3CC1CC1)C2O5,0.0,0.0,0.0,0.0,0.0,0.0,8.1,0.0,0.0,0.0,0.0,0.0,0.0,0.0,0.0,0.0,0.0,0.0,0.0,0.0,0.0,0.0,0.0,0.0,0.0,0.0
CN(C)c1nc2cc3c(cc2s1)CC1C2CCCCC32CCN1CC1CC1,0.0,0.0,0.0,0.0,0.0,0.0,9.35,0.0,0.0,0.0,0.0,0.0,0.0,0.0,0.0,0.0,0.0,0.0,0.0,0.0,0.0,0.0,0.0,0.0,0.0,0.0
CN(C)c1nc2cc3c(cc2s1)CC1C2CCCCC32CCN1CCCF,0.0,0.0,0.0,0.0,0.0,0.0,7.96,0.0,0.0,0.0,0.0,0.0,0.0,0.0,0.0,0.0,0.0,0.0,0.0,0.0,0.0,0.0,0.0,0.0,0.0,0.0
CN(CC(=O)N(C)C(CN1CCC(O)C1)c1ccccc1)C(=O)c1ccc(Cl)c(Cl)c1,0.0,0.0,0.0,0.0,0.0,0.0,0.0,0.0,0.0,0.0,0.0,0.0,0.0,0.0,7.7,0.0,0.0,0.0,0.0,0.0,0.0,0.0,0.0,0.0,0.0,0.0
CN(CC(=O)N(C)C(CN1CCC(O)C1)c1ccccc1)c1ccc(C#N)cc1,0.0,0.0,0.0,0.0,0.0,0.0,0.0,0.0,0.0,0.0,0.0,0.0,0.0,0.0,9.0,0.0,0.0,0.0,0.0,0.0,0.0,0.0,0.0,0.0,0.0,0.0
CN(CC(=O)N(C)C(CN1CCC(O)C1)c1ccccc1)c1ccccc1,0.0,0.0,0.0,0.0,0.0,0.0,0.0,0.0,0.0,0.0,0.0,0.0,0.0,0.0,9.49,0.0,0.0,0.0,0.0,0.0,0.0,0.0,0.0,0.0,0.0,0.0
CN(CC1CC1(CO)c1ccccc1)C12CC3CC(CC(C3)C1)C2,0.0,0.0,0.0,0.0,0.0,0.0,0.0,0.0,0.0,0.0,0.0,0.0,0.0,0.0,6.38,0.0,0.0,0.0,0.0,0.0,0.0,0.0,0.0,0.0,0.0,0.0
CN(CC1CC1)C(c1cccc(O)c1)C(C)(C)C(=O)NCCc1ccccc1,0.0,0.0,0.0,0.0,0.0,0.0,0.0,0.0,0.0,0.0,0.0,0.0,0.0,0.0,0.0,0.0,0.0,8.54,0.0,0.0,0.0,0.0,0.0,0.0,0.0,0.0
CN(CC1CC1)C1CCc2ccc(O)cc2C1(C)C,0.0,0.0,0.0,0.0,0.0,0.0,6.84,0.0,0.0,0.0,0.0,0.0,0.0,0.0,0.0,0.0,0.0,0.0,0.0,0.0,0.0,0.0,0.0,0.0,0.0,0.0
CN(CC=Cc1ccccc1)C1CCc2ccc(O)cc2C1(C)C,0.0,0.0,0.0,0.0,0.0,0.0,6.68,0.0,0.0,0.0,0.0,0.0,0.0,0.0,0.0,0.0,0.0,0.0,0.0,0.0,0.0,0.0,0.0,0.0,0.0,0.0
CN(CCCNC(=O)c1cc2ccccc2o1)Cc1ccccc1,0.0,0.0,0.0,0.0,0.0,0.0,0.0,0.0,0.0,0.0,0.0,0.0,0.0,0.0,5.62,0.0,0.0,0.0,0.0,0.0,0.0,0.0,0.0,0.0,0.0,0.0
CN(CCCNC(=O)c1ccc2ccccc2n1)Cc1ccccc1,0.0,0.0,0.0,0.0,0.0,0.0,0.0,0.0,0.0,0.0,0.0,0.0,0.0,0.0,5.45,0.0,0.0,0.0,0.0,0.0,0.0,0.0,0.0,0.0,0.0,0.0
CN(CCCc1ccccc1)C1CCCCC1OCCCc1ccccc1,0.0,0.0,0.0,0.0,0.0,0.0,5.66,0.0,0.0,0.0,0.0,0.0,0.0,0.0,0.0,0.0,0.0,0.0,0.0,0.0,0.0,0.0,0.0,0.0,0.0,0.0
CN(CCc1ccc(Cl)c(Cl)c1)C1CCCCC1N1CCCC1,0.0,0.0,0.0,0.0,0.0,0.0,0.0,0.0,0.0,0.0,0.0,0.0,7.5,0.0,0.0,0.0,0.0,0.0,0.0,0.0,0.0,0.0,0.0,0.0,0.0,0.0
CN(CCc1ccccc1)C1CCCCC1OCCCc1ccccc1,0.0,0.0,0.0,0.0,0.0,0.0,4.68,0.0,0.0,0.0,0.0,0.0,0.0,0.0,0.0,0.0,0.0,0.0,0.0,0.0,0.0,0.0,0.0,0.0,0.0,0.0
CN(CCc1ccccn1)C1C2C3CC4C5C3CC2C5C41,0.0,0.0,0.0,0.0,0.0,0.0,0.0,0.0,0.0,0.0,0.0,0.0,0.0,0.0,6.03,0.0,0.0,0.0,0.0,0.0,0.0,0.0,0.0,0.0,0.0,0.0
CN(Cc1ccc(Cl)cc1)c1ccc2c(c1)C13CCCCC1C(C2)N(CC1CCC1)CC3,0.0,0.0,0.0,0.0,0.0,0.0,7.57,0.0,0.0,0.0,0.0,0.0,0.0,0.0,0.0,0.0,0.0,0.0,0.0,0.0,0.0,0.0,0.0,0.0,0.0,0.0
CN(Cc1ccc(O)cc1)c1ccc2c(c1)C13CCCCC1C(C2)N(CC1CCC1)CC3,0.0,0.0,0.0,0.0,0.0,0.0,8.39,0.0,0.0,0.0,0.0,0.0,0.0,0.0,0.0,0.0,0.0,0.0,0.0,0.0,0.0,0.0,0.0,0.0,0.0,0.0
CN(Cc1cccc(O)c1)c1ccc2c(c1)C13CCCCC1C(C2)N(CC1CCC1)CC3,0.0,0.0,0.0,0.0,0.0,0.0,7.64,0.0,0.0,0.0,0.0,0.0,0.0,0.0,0.0,0.0,0.0,0.0,0.0,0.0,0.0,0.0,0.0,0.0,0.0,0.0
CN(Cc1ccccc1NC(=O)NCc1ccoc1)C1CCCCC1,0.0,0.0,0.0,0.0,0.0,0.0,0.0,0.0,0.0,0.0,0.0,0.0,0.0,0.0,0.0,0.0,0.0,5.64,0.0,0.0,0.0,0.0,0.0,0.0,0.0,0.0
CN(Cc1cccnc1)C1C2C3CC4C5C3CC2C5C41,0.0,0.0,0.0,0.0,0.0,0.0,0.0,0.0,0.0,0.0,0.0,0.0,0.0,0.0,5.78,0.0,0.0,0.0,0.0,0.0,0.0,0.0,0.0,0.0,0.0,0.0
CN(Cc1cnn(C)c1)C(=O)NCCN1Cc2ccccc2C1,0.0,0.0,0.0,0.0,0.0,0.0,0.0,0.0,0.0,0.0,0.0,0.0,0.0,0.0,0.0,0.0,0.0,0.0,0.0,4.84,0.0,0.0,0.0,0.0,0.0,0.0
CN1C(=CC=CC2=[N+](CCCCCC(=O)NCC(=O)NCC(=O)NCC(=O)NCC(=O)NCCCNC(=N)Nc3ccc4[nH]c5c(c4c3)CC3(O)C4Cc6ccc(O)c7c6C3(CCN4CC3CC3)C5O7)c3ccc(S(=O)(=O)[O-])cc3C2(C)C)C(C)(C)c2cc(S(=O)(=O)O)ccc21,0.0,0.0,0.0,0.0,0.0,0.0,0.0,0.0,0.0,0.0,0.0,0.0,0.0,0.0,0.0,0.0,0.0,8.49,0.0,0.0,0.0,0.0,0.0,0.0,0.0,0.0
CN1C(=CC=CC2=[N+](CCCCCC(=O)NCCCNC(=N)Nc3ccc4[nH]c5c(c4c3)CC3(O)C4Cc6ccc(O)c7c6C3(CCN4CC3CC3)C5O7)c3ccc(S(=O)(=O)[O-])cc3C2(C)C)C(C)(C)c2cc(S(=O)(=O)O)ccc21,0.0,0.0,0.0,0.0,0.0,0.0,0.0,0.0,0.0,0.0,0.0,0.0,0.0,0.0,0.0,0.0,0.0,8.07,0.0,0.0,0.0,0.0,0.0,0.0,0.0,0.0
CN1C(=CC=CC=CC2=[N+](CCCCCC(=O)NCC(=O)NCC(=O)NCC(=O)NCC(=O)NCCCNC(=N)Nc3ccc4[nH]c5c(c4c3)CC3(O)C4Cc6ccc(O)c7c6C3(CCN4CC3CC3)C5O7)c3ccc(S(=O)(=O)[O-])cc3C2(C)C)C(C)(C)c2cc(S(=O)(=O)O)ccc21,0.0,0.0,0.0,0.0,0.0,0.0,0.0,0.0,0.0,0.0,0.0,0.0,0.0,0.0,0.0,0.0,0.0,8.74,0.0,0.0,0.0,0.0,0.0,0.0,0.0,0.0
CN1C(=CC=CC=CC2=[N+](CCCCCC(=O)NCC(=O)NCC(=O)NCCCNC(=N)Nc3ccc4[nH]c5c(c4c3)CC3(O)C4Cc6ccc(O)c7c6C3(CCN4CC3CC3)C5O7)c3ccc(S(=O)(=O)[O-])cc3C2(C)C)C(C)(C)c2cc(S(=O)(=O)O)ccc21,0.0,0.0,0.0,0.0,0.0,0.0,0.0,0.0,0.0,0.0,0.0,0.0,0.0,0.0,0.0,0.0,0.0,8.96,0.0,0.0,0.0,0.0,0.0,0.0,0.0,0.0
CN1C(=CC=CC=CC2=[N+](CCCCCC(=O)NCCCNC(=N)Nc3ccc4[nH]c5c(c4c3)CC3(O)C4Cc6ccc(O)c7c6C3(CCN4CC3CC3)C5O7)c3ccc(S(=O)(=O)[O-])cc3C2(C)C)C(C)(C)c2cc(S(=O)(=O)O)ccc21,0.0,0.0,0.0,0.0,0.0,0.0,0.0,0.0,0.0,0.0,0.0,0.0,0.0,0.0,0.0,0.0,0.0,8.85,0.0,0.0,0.0,0.0,0.0,0.0,0.0,0.0
CN1C(=O)C(CCO)CC2=C1C1Oc3c(O)ccc4c3C13CCN(C)C(C4)C3(O)C2,0.0,0.0,0.0,0.0,0.0,0.0,7.31,0.0,0.0,0.0,0.0,0.0,0.0,0.0,0.0,0.0,0.0,0.0,0.0,0.0,0.0,0.0,0.0,0.0,0.0,0.0
CN1C(=O)CCC2=C1C1Oc3c(O)ccc4c3C13CCN(C)C(C4)C3(O)C2,0.0,0.0,0.0,0.0,0.0,0.0,7.69,0.0,0.0,0.0,0.0,0.0,0.0,0.0,0.0,0.0,0.0,0.0,0.0,0.0,0.0,0.0,0.0,0.0,0.0,0.0
CN1C2CCCC(c3cccc(O)c3)(C2)C1CO,0.0,0.0,0.0,0.0,0.0,0.0,6.32,0.0,0.0,0.0,0.0,0.0,0.0,0.0,0.0,0.0,0.0,0.0,0.0,0.0,0.0,0.0,0.0,0.0,0.0,0.0
CN1CC2(OCCO2)C2(c3cccc(O)c3)CCCC1C2,0.0,0.0,0.0,0.0,0.0,0.0,6.85,0.0,0.0,0.0,0.0,0.0,0.0,0.0,0.0,0.0,0.0,0.0,0.0,0.0,0.0,0.0,0.0,0.0,0.0,0.0
CN1CC2CN(c3ccccc3)C3(CCN(C4CCC5CCCCC5C4)CC3)C2C1,0.0,0.0,0.0,0.0,0.0,0.0,0.0,0.0,0.0,0.0,0.0,0.0,0.0,0.0,6.88,0.0,0.0,0.0,0.0,0.0,0.0,0.0,0.0,0.0,0.0,0.0
CN1CC2CN(c3ccccc3)C3(CCN(C4CCCCCCCC4)CC3)C2C1,0.0,0.0,0.0,0.0,0.0,0.0,0.0,0.0,0.0,0.0,0.0,0.0,0.0,0.0,7.25,0.0,0.0,0.0,0.0,0.0,0.0,0.0,0.0,0.0,0.0,0.0
CN1CC2CN(c3ccccc3)C3(CCN(C4CCCCCCCCC4)CC3)C2C1,0.0,0.0,0.0,0.0,0.0,0.0,0.0,0.0,0.0,0.0,0.0,0.0,0.0,0.0,7.57,0.0,0.0,0.0,0.0,0.0,0.0,0.0,0.0,0.0,0.0,0.0
CN1CC2Oc3c(O)cccc3C23CCCC1C3,0.0,0.0,0.0,0.0,0.0,0.0,5.32,0.0,0.0,0.0,0.0,0.0,0.0,0.0,0.0,0.0,0.0,0.0,0.0,0.0,0.0,0.0,0.0,0.0,0.0,0.0
CN1CC2Oc3ccc(O)cc3C23CCCC1C3,0.0,0.0,0.0,0.0,0.0,0.0,6.21,0.0,0.0,0.0,0.0,0.0,0.0,0.0,0.0,0.0,0.0,0.0,0.0,0.0,0.0,0.0,0.0,0.0,0.0,0.0
CN1CCC2(C)c3cc(O)ccc3OC2C1,0.0,0.0,0.0,0.0,0.0,0.0,5.38,0.0,0.0,0.0,0.0,0.0,0.0,0.0,0.0,0.0,0.0,0.0,0.0,0.0,0.0,0.0,0.0,0.0,0.0,0.0
CN1CCC2(CCCCCc3ccccc3)c3cc(O)ccc3OC2C1,0.0,0.0,0.0,0.0,0.0,0.0,7.15,0.0,0.0,0.0,0.0,0.0,0.0,0.0,0.0,0.0,0.0,0.0,0.0,0.0,0.0,0.0,0.0,0.0,0.0,0.0
CN1CCC2(CCCCc3ccccc3)c3cc(O)ccc3OC2C1,0.0,0.0,0.0,0.0,0.0,0.0,6.79,0.0,0.0,0.0,0.0,0.0,0.0,0.0,0.0,0.0,0.0,0.0,0.0,0.0,0.0,0.0,0.0,0.0,0.0,0.0
CN1CCC2(CCCc3ccccc3)c3cc(O)ccc3OC2C1,0.0,0.0,0.0,0.0,0.0,0.0,6.62,0.0,0.0,0.0,0.0,0.0,0.0,0.0,0.0,0.0,0.0,0.0,0.0,0.0,0.0,0.0,0.0,0.0,0.0,0.0
CN1CCC2(CCc3ccc(F)cc3)c3cc(O)ccc3OC2C1,0.0,0.0,0.0,0.0,0.0,0.0,5.54,0.0,0.0,0.0,0.0,0.0,0.0,0.0,0.0,0.0,0.0,0.0,0.0,0.0,0.0,0.0,0.0,0.0,0.0,0.0
CN1CCC2(CCc3ccccc3F)c3cc(O)ccc3OC2C1,0.0,0.0,0.0,0.0,0.0,0.0,5.65,0.0,0.0,0.0,0.0,0.0,0.0,0.0,0.0,0.0,0.0,0.0,0.0,0.0,0.0,0.0,0.0,0.0,0.0,0.0
CN1CCC2(Cc3ccccc3)c3cc(O)ccc3OC2C1,0.0,0.0,0.0,0.0,0.0,0.0,5.54,0.0,0.0,0.0,0.0,0.0,0.0,0.0,0.0,0.0,0.0,0.0,0.0,0.0,0.0,0.0,0.0,0.0,0.0,0.0
CN1CCC2(c3cccc(O)c3)CC(O)CC1C2,0.0,0.0,0.0,0.0,0.0,0.0,5.91,0.0,0.0,0.0,0.0,0.0,0.0,0.0,0.0,0.0,0.0,0.0,0.0,0.0,0.0,0.0,0.0,0.0,0.0,0.0
CN1CCC2(c3cccc(O)c3)CC3CCCCC3C1C2,0.0,0.0,0.0,0.0,0.0,0.0,7.66,0.0,0.0,0.0,0.0,0.0,0.0,0.0,0.0,0.0,0.0,0.0,0.0,0.0,0.0,0.0,0.0,0.0,0.0,0.0
CN1CCC23CC(=O)CCC2(O)C1Cc1ccc(C(=O)NCCc2ccc(-c4cc[nH]c(=O)c4)cc2)c(O)c13,0.0,0.0,0.0,0.0,0.0,0.0,0.0,0.0,0.0,0.0,0.0,0.0,0.0,0.0,0.0,0.0,0.0,0.0,0.0,6.85,0.0,0.0,0.0,0.0,0.0,0.0
CN1CCC23CC(=O)CCC2(O)C1Cc1ccc(C(=O)NCCc2ccc(-c4ccc(=O)[nH]c4)cc2)c(O)c13,0.0,0.0,0.0,0.0,0.0,0.0,0.0,0.0,0.0,0.0,0.0,0.0,0.0,0.0,0.0,0.0,0.0,0.0,0.0,6.75,0.0,0.0,0.0,0.0,0.0,0.0
CN1CCC23CC(=O)CCC2(O)C1Cc1ccc(C(=O)NCCc2ccc(-c4ccccc4)cc2)c(O)c13,0.0,0.0,0.0,0.0,0.0,0.0,0.0,0.0,0.0,0.0,0.0,0.0,0.0,0.0,0.0,0.0,0.0,0.0,0.0,9.15,0.0,0.0,0.0,0.0,0.0,0.0
CN1CCC23CC(=O)CCC2(O)C1Cc1ccc(C(=O)NCCc2ccc(-c4cn[nH]c4)cc2)c(O)c13,0.0,0.0,0.0,0.0,0.0,0.0,0.0,0.0,0.0,0.0,0.0,0.0,0.0,0.0,0.0,0.0,0.0,0.0,0.0,7.72,0.0,0.0,0.0,0.0,0.0,0.0
CN1CCC23CC(=O)CCC2(O)C1Cc1ccc(C(=O)NCCc2ccc(-c4cnc(O)nc4O)cc2)c(O)c13,0.0,0.0,0.0,0.0,0.0,0.0,0.0,0.0,0.0,0.0,0.0,0.0,0.0,0.0,0.0,0.0,0.0,0.0,0.0,6.72,0.0,0.0,0.0,0.0,0.0,0.0
CN1CCC23CC(=O)CCC2(O)C1Cc1ccc(C(=O)NCCc2nc4ccccc4[nH]2)c(O)c13,0.0,0.0,0.0,0.0,0.0,0.0,0.0,0.0,0.0,0.0,0.0,0.0,0.0,0.0,0.0,0.0,0.0,0.0,0.0,6.07,0.0,0.0,0.0,0.0,0.0,0.0
CN1CCC23CC(=O)CCC2C1Cc1ccc(C(=O)NCCc2nc4ccccc4[nH]2)c(O)c13,0.0,0.0,0.0,0.0,0.0,0.0,0.0,0.0,0.0,0.0,0.0,0.0,0.0,0.0,0.0,0.0,0.0,0.0,0.0,6.4,0.0,0.0,0.0,0.0,0.0,0.0
CN1CCC23CC(=O)CCC2C1Cc1ccc(C(N)=O)c(O)c13,0.0,0.0,0.0,0.0,0.0,0.0,8.64,0.0,0.0,0.0,0.0,0.0,0.0,0.0,0.0,0.0,0.0,0.0,0.0,0.0,0.0,0.0,0.0,0.0,0.0,0.0
CN1CCC23CC1CCC2Oc1c(O)cccc13,0.0,0.0,0.0,0.0,0.0,0.0,6.04,0.0,0.0,0.0,0.0,0.0,0.0,0.0,0.0,0.0,0.0,0.0,0.0,0.0,0.0,0.0,0.0,0.0,0.0,0.0
CN1CCC23CC1CCC2Oc1ccc(O)cc13,0.0,0.0,0.0,0.0,0.0,0.0,5.0,0.0,0.0,0.0,0.0,0.0,0.0,0.0,0.0,0.0,0.0,0.0,0.0,0.0,0.0,0.0,0.0,0.0,0.0,0.0
CN1CCC23CCCCC2C1Cc1cc(CNCc2ccccc2)c(O)cc13,0.0,0.0,0.0,0.0,0.0,0.0,6.42,0.0,0.0,0.0,0.0,0.0,0.0,0.0,0.0,0.0,0.0,0.0,0.0,0.0,0.0,0.0,0.0,0.0,0.0,0.0
CN1CCC23CCCCC2C1Cc1cc(CO)c(O)cc13,0.0,0.0,0.0,0.0,0.0,0.0,7.4,0.0,0.0,0.0,0.0,0.0,0.0,0.0,0.0,0.0,0.0,0.0,0.0,0.0,0.0,0.0,0.0,0.0,0.0,0.0
CN1CCC23CCCCC2C1Cc1cc2c(cc13)OCN(Cc1ccccc1)C2,0.0,0.0,0.0,0.0,0.0,0.0,6.51,0.0,0.0,0.0,0.0,0.0,0.0,0.0,0.0,0.0,0.0,0.0,0.0,0.0,0.0,0.0,0.0,0.0,0.0,0.0
CN1CCC23CCCCC2C1Cc1ccc(N)cc13,0.0,0.0,0.0,0.0,0.0,0.0,6.96,0.0,0.0,0.0,0.0,0.0,0.0,0.0,0.0,0.0,0.0,0.0,0.0,0.0,0.0,0.0,0.0,0.0,0.0,0.0
CN1CCC23CCCCC2C1Cc1ccc(NC(=O)Nc2ccc(I)cc2)cc13,0.0,0.0,0.0,0.0,0.0,0.0,6.55,0.0,0.0,0.0,0.0,0.0,0.0,0.0,0.0,0.0,0.0,0.0,0.0,0.0,0.0,0.0,0.0,0.0,0.0,0.0
CN1CCC23CCCCC2C1Cc1ccc(NC(=O)Nc2ccccc2)cc13,0.0,0.0,0.0,0.0,0.0,0.0,6.47,0.0,0.0,0.0,0.0,0.0,0.0,0.0,0.0,0.0,0.0,0.0,0.0,0.0,0.0,0.0,0.0,0.0,0.0,0.0
CN1CCC23CCCCC2C1Cc1ccc(NCc2cccc(O)c2)cc13,0.0,0.0,0.0,0.0,0.0,0.0,8.0,0.0,0.0,0.0,0.0,0.0,0.0,0.0,0.0,0.0,0.0,0.0,0.0,0.0,0.0,0.0,0.0,0.0,0.0,0.0
CN1CCC23CCCCC2C1Cc1ccc(O)cc13,0.0,0.0,0.0,0.0,0.0,0.0,8.64,0.0,0.0,0.0,0.0,0.0,0.0,0.0,0.0,0.0,0.0,0.0,0.0,0.0,0.0,0.0,0.0,0.0,0.0,0.0
CN1CCC23CCCCC2C1Cc1ccc(OC(=O)Nc2ccc(I)cc2)cc13,0.0,0.0,0.0,0.0,0.0,0.0,8.28,0.0,0.0,0.0,0.0,0.0,0.0,0.0,0.0,0.0,0.0,0.0,0.0,0.0,0.0,0.0,0.0,0.0,0.0,0.0
CN1CCC23Cc4[nH]c5ccccc5c4CC2(Cc2ccc(O)cc23)C1,0.0,0.0,0.0,0.0,0.0,0.0,5.92,0.0,0.0,0.0,0.0,0.0,0.0,0.0,0.0,0.0,0.0,0.0,0.0,0.0,0.0,0.0,0.0,0.0,0.0,0.0
CN1CCC23Cc4[nH]c5ccccc5c4CC2C1Cc1ccc(O)cc13,7.85,0.0,0.0,0.0,0.0,0.0,0.0,0.0,0.0,0.0,0.0,0.0,0.0,0.0,0.0,0.0,0.0,0.0,0.0,0.0,0.0,0.0,0.0,0.0,0.0,0.0
CN1CCC23Cc4c(c5ccccc5n4C)CC2(Cc2ccc(O)cc23)C1,0.0,0.0,0.0,0.0,0.0,0.0,5.95,0.0,0.0,0.0,0.0,0.0,0.0,0.0,0.0,0.0,0.0,0.0,0.0,0.0,0.0,0.0,0.0,0.0,0.0,0.0
CN1CCC23Cc4nc(N)sc4CC2C1Cc1ccc(O)cc13,8.66,0.0,0.0,0.0,0.0,0.0,0.0,0.0,0.0,0.0,0.0,0.0,0.0,0.0,0.0,0.0,0.0,0.0,0.0,0.0,0.0,0.0,0.0,0.0,0.0,0.0
CN1CCC23Cc4nc5ccccc5cc4CC2(Cc2ccc(O)cc23)C1,0.0,0.0,0.0,0.0,0.0,0.0,0.0,0.0,0.0,0.0,0.0,0.0,0.0,0.0,6.71,0.0,0.0,0.0,0.0,0.0,0.0,0.0,0.0,0.0,0.0,0.0
CN1CCC23c4c5ccc(C(N)=O)c4OC2C(=O)CCC3C1C5,0.0,0.0,0.0,0.0,0.0,0.0,7.72,0.0,0.0,0.0,0.0,0.0,0.0,0.0,0.0,0.0,0.0,0.0,0.0,0.0,0.0,0.0,0.0,0.0,0.0,0.0
CN1CCC23c4c5ccc(NCc6ccc(O)cc6)c4OC2C(O)C=CC3C1C5,0.0,0.0,0.0,0.0,0.0,0.0,6.25,0.0,0.0,0.0,0.0,0.0,0.0,0.0,0.0,0.0,0.0,0.0,0.0,0.0,0.0,0.0,0.0,0.0,0.0,0.0
CN1CCC23c4c5ccc(NCc6cccc(O)c6)c4OC2C(O)C=CC3C1C5,0.0,0.0,0.0,0.0,0.0,0.0,6.04,0.0,0.0,0.0,0.0,0.0,0.0,0.0,0.0,0.0,0.0,0.0,0.0,0.0,0.0,0.0,0.0,0.0,0.0,0.0
CN1CCC23c4c5ccc(NCc6ccccc6O)c4OC2C(O)C=CC3C1C5,0.0,0.0,0.0,0.0,0.0,0.0,6.43,0.0,0.0,0.0,0.0,0.0,0.0,0.0,0.0,0.0,0.0,0.0,0.0,0.0,0.0,0.0,0.0,0.0,0.0,0.0
CN1CCC23c4c5ccc(O)c4OC2(C)c2[nH]c4ccccc4c2CC3(CC=Cc2ccccc2)C1C5,0.0,0.0,7.03,0.0,0.0,0.0,0.0,0.0,0.0,0.0,0.0,0.0,0.0,0.0,0.0,0.0,0.0,0.0,0.0,0.0,0.0,0.0,0.0,0.0,0.0,0.0
CN1CCC23c4c5ccc(O)c4OC2C(=O)C(=Cc2ccccc2)CC3(O)C1C5,0.0,0.0,0.0,0.0,0.0,0.0,0.0,0.0,0.0,0.0,0.0,0.0,0.0,0.0,0.0,0.0,0.0,0.0,0.0,0.0,0.0,5.97,0.0,0.0,0.0,0.0
CN1CCC23c4c5ccc(O)c4OC2C(=O)CCC3(NC(=O)C=Cc2ccc([N+](=O)[O-])cc2)C1C5,0.0,0.0,0.0,0.0,0.0,0.0,8.26,0.0,0.0,0.0,0.0,0.0,0.0,0.0,0.0,0.0,0.0,0.0,0.0,0.0,0.0,0.0,0.0,0.0,0.0,0.0
CN1CCC23c4c5ccc(O)c4OC2C(=O)CCC3(O)C1C5,0.0,0.0,0.0,0.0,0.0,0.0,0.0,0.0,0.0,0.0,0.0,0.0,0.0,0.0,0.0,0.0,0.0,0.0,0.0,0.0,0.0,7.6,0.0,0.0,0.0,0.0
CN1CCC23c4c5ccc(O)c4OC2C(=O)CCC3(OCc2ccccc2)C1C5,0.0,0.0,0.0,0.0,0.0,0.0,0.0,0.0,0.0,0.0,0.0,0.0,0.0,0.0,0.0,0.0,0.0,0.0,0.0,0.0,0.0,8.9,0.0,0.0,0.0,0.0
CN1CCC23c4c5ccc(O)c4OC2C(=O)CCC3C1C5,0.0,0.0,0.0,0.0,0.0,0.0,8.55,0.0,0.0,0.0,0.0,0.0,0.0,0.0,0.0,0.0,0.0,0.0,0.0,0.0,0.0,0.0,0.0,0.0,0.0,0.0
CN1CCC23c4c5ccc(O)c4OC2C(O)C=CC3C1C5,0.0,0.0,0.0,0.0,0.0,0.0,7.62,0.0,0.0,0.0,0.0,0.0,0.0,0.0,7.33,0.0,7.11,0.0,0.0,6.64,0.0,0.0,0.0,0.0,0.0,0.0
CN1CCC23c4c5ccc(O)c4OC2C2(OCCF)C=CC3(CC2C(C)(O)CCc2ccccc2)C1C5,0.0,0.0,0.0,0.0,0.0,0.0,0.0,0.0,0.0,0.0,0.0,0.0,0.0,0.0,0.0,0.0,0.0,10.1,0.0,0.0,0.0,0.0,0.0,0.0,0.0,0.0
CN1CCC23c4c5ccc(O)c4OC2C2=C(CC(CCO)C(=O)N2Cc2ccccc2)CC3(O)C1C5,0.0,0.0,0.0,0.0,0.0,0.0,8.33,0.0,0.0,0.0,0.0,0.0,0.0,0.0,0.0,0.0,0.0,0.0,0.0,0.0,0.0,0.0,0.0,0.0,0.0,0.0
CN1CCC23c4c5ccc(O)c4OC2C2=C(CCC(=O)N2Cc2ccccc2)CC3(O)C1C5,0.0,0.0,0.0,0.0,0.0,0.0,8.7,0.0,0.0,0.0,0.0,0.0,0.0,0.0,0.0,0.0,0.0,0.0,0.0,0.0,0.0,0.0,0.0,0.0,0.0,0.0
CN1CCC23c4c5ccc(O)c4OC2CCCC3(O)C1C5,0.0,0.0,0.0,0.0,0.0,0.0,0.0,0.0,0.0,0.0,0.0,0.0,0.0,0.0,0.0,0.0,0.0,0.0,0.0,0.0,0.0,7.67,0.0,0.0,0.0,0.0
CN1CCC23c4c5ccc(O)c4OC2CCCC3(OCc2ccccc2)C1C5,0.0,0.0,0.0,0.0,0.0,0.0,0.0,0.0,0.0,0.0,0.0,0.0,0.0,0.0,0.0,0.0,0.0,0.0,0.0,0.0,0.0,9.07,0.0,0.0,0.0,0.0
CN1CCC23c4c5ccc(O)c4OC2c2[nH]c4c(c2CC3(O)C1C5)CC1(O)C2Cc3ccc(O)c5c3C1(CCN2C)C4O5,0.0,0.0,0.0,0.0,0.0,0.0,8.11,0.0,0.0,0.0,0.0,0.0,0.0,0.0,0.0,0.0,0.0,0.0,0.0,0.0,0.0,0.0,0.0,0.0,0.0,0.0
CN1CCC23c4c5ccc(O)c4OC2c2[nH]c4ccccc4c2CC3(O)C1C5,0.0,0.0,0.0,0.0,0.0,0.0,6.29,0.0,0.0,0.0,0.0,0.0,0.0,0.0,0.0,0.0,0.0,0.0,0.0,0.0,0.0,0.0,0.0,0.0,0.0,0.0
CN1CCC23c4c5ccc(O)c4OC2c2c(c4c(n2C)CCCC4)CC3(O)C1C5,0.0,0.0,0.0,0.0,0.0,0.0,7.05,0.0,0.0,0.0,0.0,0.0,0.0,0.0,0.0,0.0,0.0,0.0,0.0,0.0,0.0,0.0,0.0,0.0,0.0,0.0
CN1CCC23c4c5ccc(O)c4OC2c2c(c4c(n2CC2CCCCC2)CCCC4)CC3(O)C1C5,0.0,0.0,0.0,0.0,0.0,0.0,6.58,0.0,0.0,0.0,0.0,0.0,0.0,0.0,0.0,0.0,0.0,0.0,0.0,0.0,0.0,0.0,0.0,0.0,0.0,0.0
CN1CCC23c4c5ccc(O)c4OC2c2c(c4c(n2CCc2ccccc2)CCCC4)CC3(O)C1C5,0.0,0.0,0.0,0.0,0.0,0.0,6.79,0.0,0.0,0.0,0.0,0.0,0.0,0.0,0.0,0.0,0.0,0.0,0.0,0.0,0.0,0.0,0.0,0.0,0.0,0.0
CN1CCC23c4c5ccc(O)c4OC2c2c(c4c(n2Cc2ccccc2)CCCC4)CC3(O)C1C5,0.0,0.0,0.0,0.0,0.0,0.0,6.54,0.0,0.0,0.0,0.0,0.0,0.0,0.0,0.0,0.0,0.0,0.0,0.0,0.0,0.0,0.0,0.0,0.0,0.0,0.0
CN1CCC23c4c5ccc(O)c4OC2c2ncc(-c4ccc(Cl)cc4)cc2CC3(OC(=O)CCc2ccccc2)C1C5,0.0,0.0,0.0,0.0,0.0,0.0,8.36,0.0,0.0,0.0,0.0,0.0,0.0,0.0,0.0,0.0,0.0,0.0,0.0,0.0,0.0,0.0,0.0,0.0,0.0,0.0
CN1CCC23c4c5ccc(O)c4OC2c2ncc(-c4ccc(Cl)cc4)cc2CC3(OC(=O)Cc2ccccc2)C1C5,0.0,0.0,0.0,0.0,0.0,0.0,7.77,0.0,0.0,0.0,0.0,0.0,0.0,0.0,0.0,0.0,0.0,0.0,0.0,0.0,0.0,0.0,0.0,0.0,0.0,0.0
CN1CCC23c4c5ccc(O)c4OC2c2ncc(-c4ccc(Cl)cc4)cc2CC3(OC(=O)c2ccccc2)C1C5,0.0,0.0,0.0,0.0,0.0,0.0,6.95,0.0,0.0,0.0,0.0,0.0,0.0,0.0,0.0,0.0,0.0,0.0,0.0,0.0,0.0,0.0,0.0,0.0,0.0,0.0
CN1CCC23c4c5ccc(O)c4OC2c2ncc(-c4ccc(Cl)cc4)cc2CC3(OCC=Cc2ccccc2)C1C5,0.0,0.0,0.0,0.0,0.0,0.0,8.81,0.0,0.0,0.0,0.0,0.0,0.0,0.0,0.0,0.0,0.0,0.0,0.0,0.0,0.0,0.0,0.0,0.0,0.0,0.0
CN1CCC23c4c5ccc(O)c4OC2c2ncc(-c4ccc(Cl)cc4)cc2CC3(OCCCc2ccccc2)C1C5,0.0,0.0,0.0,0.0,0.0,0.0,8.81,0.0,0.0,0.0,0.0,0.0,0.0,0.0,0.0,0.0,0.0,0.0,0.0,0.0,0.0,0.0,0.0,0.0,0.0,0.0
CN1CCC23c4c5ccc(O)c4OC2c2ncc(-c4ccc(Cl)cc4)cc2CC3(OCc2ccccc2)C1C5,0.0,0.0,0.0,0.0,0.0,0.0,7.31,0.0,0.0,0.0,0.0,0.0,0.0,0.0,0.0,0.0,0.0,0.0,0.0,0.0,0.0,0.0,0.0,0.0,0.0,0.0
CN1CCC23c4c5ccc(OC(=O)CCCCCCCCC(=O)Oc6ccc7c(c6)C68CCCCC6C(C7)N(CC6CCC6)CC8)c4OC2C(O)C=CC3C1C5,0.0,0.0,0.0,0.0,0.0,0.0,9.96,0.0,0.0,0.0,0.0,0.0,0.0,0.0,0.0,0.0,0.0,0.0,0.0,0.0,0.0,0.0,0.0,0.0,0.0,0.0
CN1CCC23c4c5cccc4OC2C(=O)CCC3(NC(=O)C=Cc2ccccc2Cl)C1C5,0.0,0.0,0.0,0.0,0.0,0.0,9.27,0.0,0.0,0.0,0.0,0.0,0.0,0.0,9.27,0.0,0.0,0.0,0.0,0.0,0.0,0.0,0.0,0.0,0.0,0.0
CN1CCC23c4cccc(O)c4OC2CCCC3C1,0.0,0.0,0.0,0.0,0.0,0.0,7.85,0.0,0.0,0.0,0.0,0.0,0.0,0.0,0.0,0.0,0.0,0.0,0.0,0.0,0.0,0.0,0.0,0.0,0.0,0.0
CN1CCCC(c2nc3ccccc3n2C2CCN(C3(C)CCCCCCC3)CC2)C1,0.0,0.0,0.0,0.0,0.0,0.0,0.0,0.0,0.0,0.0,0.0,0.0,0.0,0.0,0.0,0.0,0.0,8.0,0.0,0.0,0.0,0.0,0.0,0.0,0.0,0.0
CN1CCN(C(=O)C(C)(C)c2ccc(C(=O)Nc3cn4cc(-c5cc(C(C)(C)C)cc(C(C)(C)C)c5)ccc4n3)cc2)CC1,0.0,0.0,0.0,0.0,0.0,0.0,0.0,0.0,0.0,0.0,6.0,0.0,0.0,0.0,6.01,0.0,0.0,0.0,0.0,0.0,0.0,0.0,0.0,0.0,0.0,0.0
CN1CCN(C(=O)Cc2ccc(Cl)c(Cl)c2)C2C1CCCC2N1CCCC1,0.0,0.0,0.0,0.0,0.0,0.0,0.0,0.0,0.0,0.0,0.0,0.0,0.0,0.0,0.0,0.0,0.0,0.0,0.0,0.0,0.0,7.96,0.0,0.0,0.0,0.0
CN1CCN(C(=O)N2CCC(c3ccccc3)(c3nccn3Cc3ccccc3)CC2)CC1,0.0,0.0,0.0,0.0,0.0,0.0,0.0,0.0,0.0,0.0,0.0,0.0,0.0,0.0,6.07,0.0,0.0,0.0,0.0,0.0,0.0,0.0,0.0,0.0,0.0,0.0
CN1CCN(Cc2ccccc2C2(O)CCN(C(c3ccccc3Cl)c3ccccc3Cl)CC2)CC1,0.0,0.0,0.0,0.0,0.0,0.0,6.86,0.0,0.0,0.0,0.0,0.0,0.0,0.0,0.0,0.0,0.0,0.0,0.0,0.0,0.0,0.0,0.0,0.0,0.0,0.0
CN1CCN(c2nc3ccccc3n2C2CCN(C3(CO)CCCCCCC3)CC2)CC1,0.0,0.0,0.0,0.0,0.0,0.0,0.0,0.0,0.0,0.0,0.0,0.0,0.0,0.0,0.0,0.0,0.0,6.48,0.0,0.0,0.0,0.0,0.0,0.0,0.0,0.0
CN1CCc2c(c3cccc4c3n2-c2ccccc2CC4)C1,0.0,0.0,0.0,0.0,0.0,0.0,0.0,0.0,0.0,0.0,0.0,0.0,0.0,0.0,5.7,0.0,0.0,0.0,0.0,0.0,0.0,0.0,0.0,0.0,0.0,0.0
CN1CN(c2ccccc2)C2(CCN(C(c3ccccc3)c3ccccc3)CC2)C1=O,0.0,0.0,0.0,0.0,0.0,0.0,6.82,0.0,0.0,0.0,0.0,0.0,0.0,0.0,0.0,0.0,0.0,0.0,0.0,0.0,0.0,0.0,0.0,0.0,0.0,0.0
CN1Cc2cc(F)ccc2C2(CCN(C3CCC(C(C)(C)C)CC3)CC2)C1=O,0.0,0.0,0.0,0.0,0.0,0.0,0.0,0.0,0.0,0.0,0.0,0.0,0.0,0.0,0.0,0.0,0.0,5.94,0.0,0.0,0.0,0.0,0.0,0.0,0.0,0.0
CN1Cc2cccc(F)c2C2(CCN(C3CCC(C(C)(C)C)CC3)CC2)C1=O,0.0,0.0,0.0,0.0,0.0,0.0,0.0,0.0,0.0,0.0,0.0,0.0,0.0,0.0,0.0,0.0,0.0,5.44,0.0,0.0,0.0,0.0,0.0,0.0,0.0,0.0
CN1Cc2ccccc2C2(CCN(C3CCC(C(C)(C)C)CC3)CC2)C1=O,0.0,0.0,0.0,0.0,0.0,0.0,0.0,0.0,0.0,0.0,0.0,0.0,0.0,0.0,0.0,0.0,0.0,6.75,0.0,0.0,0.0,0.0,0.0,0.0,0.0,0.0
CNC(=O)C1CC(OC(C)=O)C(=O)C2C1(C)CCC1C(=O)OC(c3ccoc3)CC12C,0.0,0.0,0.0,0.0,0.0,0.0,5.86,0.0,0.0,0.0,0.0,0.0,0.0,0.0,0.0,0.0,0.0,0.0,0.0,0.0,0.0,0.0,0.0,0.0,0.0,0.0
CNC(=O)NCc1ccc(CC(=O)N(C)C(CN2CCCC2)c2ccccc2)cc1,0.0,0.0,0.0,0.0,0.0,0.0,0.0,0.0,0.0,0.0,0.0,0.0,0.0,0.0,8.21,0.0,0.0,0.0,0.0,0.0,0.0,0.0,0.0,0.0,0.0,0.0
CNC(=O)NCc1ccccc1C1(O)CCN(C(c2ccccc2Cl)c2ccccc2Cl)CC1,0.0,0.0,0.0,0.0,0.0,0.0,6.67,0.0,0.0,0.0,0.0,0.0,0.0,0.0,0.0,0.0,0.0,0.0,0.0,0.0,0.0,0.0,0.0,0.0,0.0,0.0
CNC(=O)Nc1ccc2c(c1)C13CCCCC1C(C2)N(CC1CC1)CC3,8.64,0.0,0.0,0.0,0.0,0.0,0.0,0.0,0.0,0.0,0.0,0.0,0.0,0.0,0.0,0.0,0.0,0.0,0.0,0.0,0.0,0.0,0.0,0.0,0.0,0.0
CNC(=O)Nc1ccc2c(c1)C13CCCCC1C(C2)N(CC1CCC1)CC3,7.7,0.0,0.0,0.0,0.0,0.0,0.0,0.0,0.0,0.0,0.0,0.0,0.0,0.0,0.0,0.0,0.0,0.0,0.0,0.0,0.0,0.0,0.0,0.0,0.0,0.0
CNC(=O)OC1CC(C(=O)OC)C2(C)CCC3C(=O)OC(c4ccoc4)CC3(C)C2C1=O,0.0,0.0,0.0,0.0,0.0,0.0,7.08,0.0,0.0,0.0,0.0,0.0,0.0,0.0,0.0,0.0,0.0,0.0,0.0,0.0,0.0,0.0,0.0,0.0,0.0,0.0
CNC(=O)Oc1ccc2c(c1)C13CCCCC1C(C2)N(C)CC3,0.0,0.0,0.0,0.0,0.0,0.0,8.48,0.0,0.0,0.0,0.0,0.0,0.0,0.0,0.0,0.0,0.0,0.0,0.0,0.0,0.0,0.0,0.0,0.0,0.0,0.0
CNC(=O)Oc1ccc2c(c1)C13CCCCC1C(C2)N(CC1CC1)CC3,0.0,0.0,0.0,0.0,0.0,0.0,8.47,0.0,0.0,0.0,0.0,0.0,0.0,0.0,0.0,0.0,0.0,0.0,0.0,0.0,0.0,0.0,0.0,0.0,0.0,0.0
CNC(=O)Oc1ccc2c(c1)C13CCCCC1C(C2)N(CC1CCC1)CC3,0.0,0.0,0.0,0.0,0.0,0.0,9.09,0.0,0.0,0.0,0.0,0.0,0.0,0.0,0.0,0.0,0.0,0.0,0.0,0.0,0.0,0.0,0.0,0.0,0.0,0.0
CNC(=O)c1ccc(C2=CC3(CCNCC3)Oc3ccccc32)cc1,0.0,0.0,0.0,0.0,0.0,0.0,5.8,0.0,0.0,0.0,0.0,0.0,0.0,0.0,0.0,0.0,0.0,0.0,0.0,0.0,0.0,0.0,0.0,0.0,0.0,0.0
CNC(c1cccc(O)c1)C(C)(C)C(=O)NCC1CC1,0.0,0.0,0.0,0.0,0.0,0.0,0.0,0.0,0.0,0.0,0.0,0.0,0.0,0.0,0.0,0.0,0.0,7.12,0.0,0.0,0.0,0.0,0.0,0.0,0.0,0.0
CNC(c1cccc(O)c1)C(C)(C)C(=O)NCC1CCCCC1,0.0,0.0,0.0,0.0,0.0,0.0,0.0,0.0,0.0,0.0,0.0,0.0,0.0,0.0,0.0,0.0,0.0,8.24,0.0,0.0,0.0,0.0,0.0,0.0,0.0,0.0
CNC(c1cccc(O)c1)C(C)(C)C(=O)NCCCc1ccccc1,0.0,0.0,0.0,0.0,0.0,0.0,0.0,0.0,0.0,0.0,0.0,0.0,0.0,0.0,0.0,0.0,0.0,8.44,0.0,0.0,0.0,0.0,0.0,0.0,0.0,0.0
CNC(c1cccc(O)c1)C(C)(C)C(=O)NCCc1ccccc1,0.0,0.0,0.0,0.0,0.0,0.0,0.0,0.0,0.0,0.0,0.0,0.0,0.0,0.0,0.0,0.0,0.0,8.2,0.0,0.0,0.0,0.0,0.0,0.0,0.0,0.0
CNC(c1cccc(O)c1)C(C)(C)C(=O)NCc1cccc2ccccc12,0.0,0.0,0.0,0.0,0.0,0.0,0.0,0.0,0.0,0.0,0.0,0.0,0.0,0.0,0.0,0.0,0.0,8.89,0.0,0.0,0.0,0.0,0.0,0.0,0.0,0.0
CNC(c1cccc(O)c1)C(C)(C)C(=O)NCc1ccccc1,0.0,0.0,0.0,0.0,0.0,0.0,0.0,0.0,0.0,0.0,0.0,0.0,0.0,0.0,0.0,0.0,0.0,8.3,0.0,0.0,0.0,0.0,0.0,0.0,0.0,0.0
CNC(c1ccccc1)C(C)(C)C(=O)NCC1CCCCC1,0.0,0.0,0.0,0.0,0.0,0.0,0.0,0.0,0.0,0.0,0.0,0.0,0.0,0.0,0.0,0.0,0.0,8.92,0.0,0.0,0.0,0.0,0.0,0.0,0.0,0.0
CNC(c1ccccc1)C(C)(C)C(=O)NCCc1ccccc1,0.0,0.0,0.0,0.0,0.0,0.0,0.0,0.0,0.0,0.0,0.0,0.0,0.0,0.0,0.0,0.0,0.0,7.31,0.0,0.0,0.0,0.0,0.0,0.0,0.0,0.0
CNC(c1ccccc1)C(C)(C)C(=O)NCc1ccccc1,0.0,0.0,0.0,0.0,0.0,0.0,0.0,0.0,0.0,0.0,0.0,0.0,0.0,0.0,0.0,0.0,0.0,6.33,0.0,0.0,0.0,0.0,0.0,0.0,0.0,0.0
CNC1CC(C(=O)OC)C2(C)CCC3C(=O)OC(c4ccoc4)CC3(C)C2C1=O,0.0,0.0,0.0,0.0,0.0,0.0,6.48,0.0,0.0,0.0,0.0,0.0,0.0,0.0,0.0,0.0,0.0,0.0,0.0,0.0,0.0,0.0,0.0,0.0,0.0,0.0
CNC1CC2CC(c3cccc(O)c3)(C1)C(C)CN2CCCc1ccccc1,0.0,0.0,0.0,0.0,0.0,0.0,7.68,0.0,0.0,0.0,0.0,0.0,0.0,0.0,0.0,0.0,0.0,0.0,0.0,0.0,0.0,0.0,0.0,0.0,0.0,0.0
CNCCN1CN(c2ccccc2)C2(CCN(C3CCC(C)(C)c4ccccc43)CC2)C1=O,0.0,0.0,0.0,0.0,0.0,0.0,7.32,0.0,0.0,0.0,0.0,0.0,0.0,0.0,0.0,0.0,0.0,0.0,0.0,0.0,0.0,0.0,0.0,0.0,0.0,0.0
CNCCN1CN(c2ccccc2)C2(CCN(Cc3c(Cl)cccc3Cl)CC2)C1=O,0.0,0.0,0.0,0.0,0.0,0.0,7.17,0.0,0.0,0.0,0.0,0.0,0.0,0.0,0.0,0.0,0.0,0.0,0.0,0.0,0.0,0.0,0.0,0.0,0.0,0.0
CNCc1ccccc1C1(O)CCN(C(c2ccccc2Cl)c2ccccc2Cl)CC1,0.0,0.0,0.0,0.0,0.0,0.0,6.59,0.0,0.0,0.0,0.0,0.0,0.0,0.0,0.0,0.0,0.0,0.0,0.0,0.0,0.0,0.0,0.0,0.0,0.0,0.0
CNS(=O)(=O)c1ccc2c(c1)CC(C(=O)N(C)C(CN1CCC(O)C1)c1ccccc1)O2,0.0,0.0,0.0,0.0,0.0,0.0,0.0,0.0,0.0,0.0,0.0,0.0,0.0,0.0,0.0,0.0,0.0,0.0,0.0,0.0,0.0,0.0,7.61,0.0,0.0,0.0
CNS(=O)(=O)c1ccc2c(c1)CCC(C(=O)N(C)C(CN1CCC(O)C1)c1ccccc1)O2,0.0,0.0,0.0,0.0,0.0,0.0,0.0,0.0,0.0,0.0,0.0,0.0,0.0,0.0,0.0,0.0,0.0,0.0,0.0,0.0,0.0,0.0,7.73,0.0,0.0,0.0
CNc1ccc(C2CC34CCC2(OC)C2Oc5c(OC)ccc6c5C23CCN(CC2CC2)C4C6)cc1,0.0,0.0,0.0,0.0,0.0,0.0,7.69,0.0,0.0,0.0,0.0,0.0,0.0,0.0,0.0,0.0,0.0,0.0,0.0,0.0,0.0,0.0,0.0,0.0,0.0,0.0
CNc1cccc(C2CC34CCC2(OC)C2Oc5c(OC)ccc6c5C23CCN(CC2CC2)C4C6)c1,0.0,0.0,0.0,0.0,0.0,0.0,0.0,0.0,0.0,0.0,0.0,0.0,0.0,0.0,0.0,0.0,7.21,0.0,0.0,0.0,0.0,0.0,0.0,0.0,0.0,0.0
CNc1nc2c(s1)CC1C3Cc4ccc(O)cc4C1(CCN3CC1CC1)C2,0.0,0.0,0.0,0.0,0.0,0.0,10.08,0.0,0.0,0.0,0.0,0.0,0.0,0.0,0.0,0.0,0.0,0.0,0.0,0.0,0.0,0.0,0.0,0.0,0.0,0.0
CNc1nc2c(s1)CC1C3Cc4ccc(OC)cc4C1(CCN3CC1CC1)C2,0.0,0.0,0.0,0.0,0.0,0.0,8.44,0.0,0.0,0.0,0.0,0.0,0.0,0.0,0.0,0.0,0.0,0.0,0.0,0.0,0.0,0.0,0.0,0.0,0.0,0.0
CNc1nc2cc3c(cc2s1)CC1C2CCCCC32CCN1CC1CC1,0.0,0.0,0.0,0.0,0.0,0.0,10.18,0.0,0.0,0.0,0.0,0.0,0.0,0.0,0.0,0.0,0.0,0.0,0.0,0.0,0.0,0.0,0.0,0.0,0.0,0.0
CNc1nc2cc3c(cc2s1)CC1C2CCCCC32CCN1CC1CCC1,0.0,0.0,0.0,0.0,0.0,0.0,8.62,0.0,0.0,0.0,0.0,0.0,0.0,0.0,0.0,0.0,0.0,0.0,0.0,0.0,0.0,0.0,0.0,0.0,0.0,0.0
CNc1nc2cc3c(cc2s1)CC1C2CCCCC32CCN1CCCF,0.0,0.0,0.0,0.0,0.0,0.0,9.15,0.0,0.0,0.0,0.0,0.0,0.0,0.0,0.0,0.0,0.0,0.0,0.0,0.0,0.0,0.0,0.0,0.0,0.0,0.0
COC(=O)C(=O)OC1CC(C(=O)OC)C2(C)CCC3C(=O)OC(c4ccoc4)CC3(C)C2C1=O,0.0,0.0,0.0,0.0,0.0,0.0,0.0,0.0,0.0,0.0,0.0,0.0,0.0,0.0,6.37,0.0,0.0,0.0,0.0,0.0,0.0,0.0,0.0,0.0,0.0,0.0
COC(=O)C(C)CCCCCCC(C)C(=O)Oc1ccc2c(c1)C13CCCCC1C(C2)N(CC1CCC1)CC3,0.0,0.0,0.0,0.0,0.0,0.0,9.03,0.0,0.0,0.0,0.0,0.0,0.0,0.0,0.0,0.0,0.0,0.0,0.0,0.0,0.0,0.0,0.0,0.0,0.0,0.0
COC(=O)C(c1ccccc1)N1CCC(O)(c2ccccc2)CC1,0.0,0.0,0.0,0.0,0.0,0.0,5.17,0.0,0.0,0.0,0.0,0.0,0.0,0.0,0.0,0.0,0.0,0.0,0.0,0.0,0.0,0.0,0.0,0.0,0.0,0.0
COC(=O)C1CC(Br)C(=O)C2C1(C)CCC1C(=O)OC(c3ccoc3)CC12C,0.0,0.0,0.0,0.0,0.0,0.0,7.37,0.0,0.0,0.0,0.0,0.0,0.0,0.0,0.0,0.0,0.0,0.0,0.0,0.0,0.0,0.0,0.0,0.0,0.0,0.0
COC(=O)C1CC(C(=O)O)C(=O)C2C1(C)CCC1C(=O)OC(c3ccoc3)CC12C,0.0,0.0,0.0,0.0,0.0,0.0,7.61,0.0,0.0,0.0,0.0,0.0,0.0,0.0,0.0,0.0,0.0,0.0,0.0,0.0,0.0,0.0,0.0,0.0,0.0,0.0
COC(=O)C1CC(Cl)C(=O)C2C1(C)CCC1C(=O)OC(c3ccoc3)CC12C,0.0,0.0,0.0,0.0,0.0,0.0,6.78,0.0,0.0,0.0,0.0,0.0,0.0,0.0,0.0,0.0,0.0,0.0,0.0,0.0,0.0,0.0,0.0,0.0,0.0,0.0
COC(=O)C1CC(F)C(=O)C2C1(C)CCC1C(=O)OC(c3ccoc3)CC12C,0.0,0.0,0.0,0.0,0.0,0.0,6.71,0.0,0.0,0.0,0.0,0.0,0.0,0.0,0.0,0.0,0.0,0.0,0.0,0.0,0.0,0.0,0.0,0.0,0.0,0.0
COC(=O)C1CC(I)C(=O)C2C1(C)CCC1C(=O)OC(c3ccoc3)CC12C,0.0,0.0,0.0,0.0,0.0,0.0,6.7,0.0,0.0,0.0,0.0,0.0,0.0,0.0,0.0,0.0,0.0,0.0,0.0,0.0,0.0,0.0,0.0,0.0,0.0,0.0
COC(=O)C1CC(N(C)C(C)=O)C(=O)C2C1(C)CCC1C(=O)OC(c3ccoc3)CC12C,0.0,0.0,0.0,0.0,0.0,0.0,8.49,0.0,0.0,0.0,0.0,0.0,0.0,0.0,0.0,0.0,0.0,0.0,0.0,0.0,0.0,0.0,0.0,0.0,0.0,0.0
COC(=O)C1CC(N(C)C)C(=O)C2C1(C)CCC1C(=O)OC(c3ccoc3)CC12C,0.0,0.0,0.0,0.0,0.0,0.0,7.04,0.0,0.0,0.0,0.0,0.0,0.0,0.0,0.0,0.0,0.0,0.0,0.0,0.0,0.0,0.0,0.0,0.0,0.0,0.0
COC(=O)C1CC(N)C(=O)C2C1(C)CCC1C(=O)OC(c3ccoc3)CC12C,0.0,0.0,0.0,0.0,0.0,0.0,6.65,0.0,0.0,0.0,0.0,0.0,0.0,0.0,0.0,0.0,0.0,0.0,0.0,0.0,0.0,0.0,0.0,0.0,0.0,0.0
COC(=O)C1CC(NC(=O)c2ccccc2)C(=O)C2C1(C)CCC1C(=O)OC(c3ccoc3)CC12C,0.0,0.0,0.0,0.0,0.0,0.0,5.13,0.0,0.0,0.0,0.0,0.0,0.0,0.0,0.0,0.0,0.0,0.0,0.0,0.0,0.0,0.0,0.0,0.0,0.0,0.0
COC(=O)C1CC(NC(C)=O)C(=O)C2C1(C)CCC1C(=O)OC(c3ccoc3)CC12C,0.0,0.0,0.0,0.0,0.0,0.0,6.83,0.0,0.0,0.0,0.0,0.0,0.0,0.0,0.0,0.0,0.0,0.0,0.0,0.0,0.0,0.0,0.0,0.0,0.0,0.0
COC(=O)C1CC(NC(C)C)C(=O)C2C1(C)CCC1C(=O)OC(c3ccoc3)CC12C,0.0,0.0,0.0,0.0,0.0,0.0,8.64,0.0,0.0,0.0,0.0,0.0,0.0,0.0,0.0,0.0,0.0,0.0,0.0,0.0,0.0,0.0,0.0,0.0,0.0,0.0
COC(=O)C1CC(NS(=O)(=O)c2ccccc2)C(=O)C2C1(C)CCC1C(=O)OC(c3ccoc3)CC12C,0.0,0.0,0.0,0.0,0.0,0.0,5.85,0.0,0.0,0.0,0.0,0.0,0.0,0.0,0.0,0.0,0.0,0.0,0.0,0.0,0.0,0.0,0.0,0.0,0.0,0.0
COC(=O)C1CC(NS(C)(=O)=O)C(=O)C2C1(C)CCC1C(=O)OC(c3ccoc3)CC12C,0.0,0.0,0.0,0.0,0.0,0.0,6.58,0.0,0.0,0.0,0.0,0.0,0.0,0.0,0.0,0.0,0.0,0.0,0.0,0.0,0.0,0.0,0.0,0.0,0.0,0.0
COC(=O)C1CC(O)C(=O)C2C1(C)CCC1C(=O)OC(c3ccoc3)CC12C,0.0,0.0,0.0,0.0,0.0,0.0,6.81,0.0,0.0,0.0,0.0,0.0,0.0,0.0,0.0,0.0,0.0,0.0,0.0,0.0,0.0,0.0,7.37,0.0,0.0,0.0
COC(=O)C1CC(O)C(O)C2C1(C)CCC1C(=O)OC(c3ccoc3)CC12C,0.0,0.0,0.0,0.0,0.0,0.0,0.0,0.0,0.0,0.0,0.0,0.0,0.0,0.0,5.5,0.0,0.0,0.0,0.0,0.0,0.0,0.0,0.0,0.0,0.0,0.0
COC(=O)C1CC(OC(=N)C(Cl)(Cl)Cl)C(=O)C2C1(C)CCC1C(=O)OC(c3ccoc3)CC12C,0.0,0.0,0.0,0.0,0.0,0.0,0.0,0.0,0.0,0.0,0.0,0.0,0.0,0.0,7.19,0.0,0.0,0.0,0.0,0.0,0.0,0.0,0.0,0.0,0.0,0.0
COC(=O)C1CC(OC(=O)C(C)C)C(=O)C2C1(C)CCC1C(=O)OC(c3ccoc3)CC12C,0.0,0.0,0.0,0.0,0.0,0.0,0.0,0.0,0.0,0.0,0.0,0.0,0.0,0.0,7.72,0.0,0.0,0.0,0.0,0.0,0.0,0.0,0.0,0.0,0.0,0.0
COC(=O)C1CC(OC(=O)C2CCCCC2)C(=O)C2C1(C)CCC1C(=O)OC(c3ccoc3)CC12C,0.0,0.0,0.0,0.0,0.0,0.0,5.7,0.0,0.0,0.0,0.0,0.0,0.0,0.0,0.0,0.0,0.0,0.0,0.0,0.0,0.0,0.0,0.0,0.0,0.0,0.0
COC(=O)C1CC(OC(=O)C=C(C)C)C(=O)C2C1(C)CCC1C(=O)OC(c3ccoc3)CC12C,0.0,0.0,0.0,0.0,0.0,0.0,0.0,0.0,0.0,0.0,0.0,0.0,0.0,0.0,0.0,0.0,0.0,0.0,0.0,0.0,0.0,0.0,0.0,0.0,6.42,0.0
COC(=O)C1CC(OC(=O)C=Cc2cc(OC)ccc2OC)C(=O)C2C1(C)CCC1C(=O)OC(c3ccoc3)CC12C,0.0,0.0,0.0,0.0,0.0,0.0,0.0,0.0,0.0,0.0,0.0,0.0,0.0,0.0,0.0,0.0,0.0,0.0,0.0,0.0,0.0,0.0,0.0,0.0,6.24,0.0
COC(=O)C1CC(OC(=O)C=Cc2ccc(OC)cc2)C(=O)C2C1(C)CCC1C(=O)OC(c3ccoc3)CC12C,0.0,0.0,0.0,0.0,0.0,0.0,0.0,0.0,0.0,0.0,0.0,0.0,0.0,0.0,0.0,0.0,0.0,0.0,0.0,0.0,0.0,0.0,0.0,0.0,6.87,0.0
COC(=O)C1CC(OC(=O)C=Cc2ccc(OC)cc2OC)C(=O)C2C1(C)CCC1C(=O)OC(c3ccoc3)CC12C,0.0,0.0,0.0,0.0,0.0,0.0,0.0,0.0,0.0,0.0,0.0,0.0,0.0,0.0,0.0,0.0,0.0,0.0,0.0,0.0,0.0,0.0,0.0,0.0,6.79,0.0
COC(=O)C1CC(OC(=O)C=Cc2ccc([N+](=O)[O-])cc2)C(=O)C2C1(C)CCC1C(=O)OC(c3ccoc3)CC12C,0.0,0.0,0.0,0.0,0.0,0.0,0.0,0.0,0.0,0.0,0.0,0.0,0.0,0.0,0.0,0.0,0.0,0.0,0.0,0.0,0.0,0.0,0.0,0.0,6.55,0.0
COC(=O)C1CC(OC(=O)C=Cc2ccc3c(c2)OCO3)C(=O)C2C1(C)CCC1C(=O)OC(c3ccoc3)CC12C,0.0,0.0,0.0,0.0,0.0,0.0,0.0,0.0,0.0,0.0,0.0,0.0,0.0,0.0,0.0,0.0,0.0,0.0,0.0,0.0,0.0,0.0,0.0,0.0,6.49,0.0
COC(=O)C1CC(OC(=O)C=Cc2ccccc2)C(=O)C2C1(C)CCC1C(=O)OC(c3ccoc3)CC12C,0.0,0.0,0.0,0.0,0.0,0.0,0.0,0.0,0.0,0.0,0.0,0.0,0.0,0.0,0.0,0.0,0.0,0.0,0.0,0.0,0.0,0.0,0.0,0.0,8.02,0.0
COC(=O)C1CC(OC(=O)C=Cc2ccccc2C(F)(F)F)C(=O)C2C1(C)CCC1C(=O)OC(c3ccoc3)CC12C,0.0,0.0,0.0,0.0,0.0,0.0,0.0,0.0,0.0,0.0,0.0,0.0,0.0,0.0,0.0,0.0,0.0,0.0,0.0,0.0,0.0,0.0,0.0,0.0,6.89,0.0
COC(=O)C1CC(OC(=O)C=Cc2ccccc2OC)C(=O)C2C1(C)CCC1C(=O)OC(c3ccoc3)CC12C,0.0,0.0,0.0,0.0,0.0,0.0,0.0,0.0,0.0,0.0,0.0,0.0,0.0,0.0,0.0,0.0,0.0,0.0,0.0,0.0,0.0,0.0,0.0,0.0,7.19,0.0
COC(=O)C1CC(OC(=O)C=Cc2ccccc2[N+](=O)[O-])C(=O)C2C1(C)CCC1C(=O)OC(c3ccoc3)CC12C,0.0,0.0,0.0,0.0,0.0,0.0,0.0,0.0,0.0,0.0,0.0,0.0,0.0,0.0,0.0,0.0,0.0,0.0,0.0,0.0,0.0,0.0,0.0,0.0,6.83,0.0
COC(=O)C1CC(OC(=O)C=Cc2ccsc2)C(=O)C2C1(C)CCC1C(=O)OC(c3ccoc3)CC12C,0.0,0.0,0.0,0.0,0.0,0.0,0.0,0.0,0.0,0.0,0.0,0.0,0.0,0.0,0.0,0.0,0.0,0.0,0.0,0.0,0.0,0.0,0.0,0.0,6.52,0.0
COC(=O)C1CC(OC(=O)CC(=O)OC(C)(C)C)C(=O)C2C1(C)CCC1C(=O)OC(c3ccoc3)CC12C,0.0,0.0,0.0,0.0,0.0,0.0,0.0,0.0,0.0,0.0,0.0,0.0,0.0,0.0,6.83,0.0,0.0,0.0,0.0,0.0,0.0,0.0,0.0,0.0,0.0,0.0
COC(=O)C1CC(OC(=O)CCC(=O)O)C(=O)C2C1(C)CCC1C(=O)OC(c3ccoc3)CC12C,0.0,0.0,0.0,0.0,0.0,0.0,0.0,0.0,0.0,0.0,0.0,0.0,0.0,0.0,5.39,0.0,0.0,0.0,0.0,0.0,0.0,0.0,0.0,0.0,0.0,0.0
COC(=O)C1CC(OC(=O)CCCC(=O)O)C(=O)C2C1(C)CCC1C(=O)OC(c3ccoc3)CC12C,0.0,0.0,0.0,0.0,0.0,0.0,0.0,0.0,0.0,0.0,0.0,0.0,0.0,0.0,6.58,0.0,0.0,0.0,0.0,0.0,0.0,0.0,0.0,0.0,0.0,0.0
COC(=O)C1CC(OC(=O)CSC#N)C(=O)C2C1(C)CCC1C(=O)OC(c3ccoc3)CC12C,0.0,0.0,0.0,0.0,0.0,0.0,9.23,0.0,0.0,0.0,0.0,0.0,0.0,0.0,9.22,0.0,0.0,0.0,0.0,0.0,0.0,0.0,0.0,0.0,0.0,0.0
COC(=O)C1CC(OC(=O)Nc2ccccc2)C(=O)C2C1(C)CCC1C(=O)OC(c3ccoc3)CC12C,0.0,0.0,0.0,0.0,0.0,0.0,0.0,0.0,0.0,0.0,0.0,0.0,0.0,0.0,7.03,0.0,0.0,0.0,0.0,0.0,0.0,0.0,0.0,0.0,0.0,0.0
COC(=O)C1CC(OC(=O)c2cc3ccccc3o2)C(=O)C2C1(C)CCC1C(=O)OC(c3ccoc3)CC12C,0.0,0.0,0.0,0.0,0.0,0.0,7.16,0.0,0.0,0.0,0.0,0.0,0.0,0.0,0.0,0.0,0.0,0.0,0.0,0.0,0.0,0.0,0.0,0.0,0.0,0.0
COC(=O)C1CC(OC(=O)c2ccc(Br)cc2)C(=O)C2C1(C)CCC1C(=O)OC(c3ccoc3)CC12C,0.0,0.0,0.0,0.0,0.0,0.0,6.13,0.0,0.0,0.0,0.0,0.0,0.0,0.0,0.0,0.0,0.0,0.0,0.0,0.0,0.0,0.0,0.0,0.0,0.0,0.0
COC(=O)C1CC(OC(=O)c2ccc(OC)cc2)C(=O)C2C1(C)CCC1C(=O)OC(c3ccoc3)CC12C,0.0,0.0,0.0,0.0,0.0,0.0,6.27,0.0,0.0,0.0,0.0,0.0,0.0,0.0,0.0,0.0,0.0,0.0,0.0,0.0,0.0,0.0,0.0,0.0,0.0,0.0
COC(=O)C1CC(OC(=O)c2ccc([N+](=O)[O-])cc2)C(=O)C2C1(C)CCC1C(=O)OC(c3ccoc3)CC12C,0.0,0.0,0.0,0.0,0.0,0.0,6.24,0.0,0.0,0.0,0.0,0.0,0.0,0.0,0.0,0.0,0.0,0.0,0.0,0.0,0.0,0.0,0.0,0.0,0.0,0.0
COC(=O)C1CC(OC(=O)c2ccc3ccccc3c2)C(=O)C2C1(C)CCC1C(=O)OC(c3ccoc3)CC12C,0.0,0.0,0.0,0.0,0.0,0.0,5.26,0.0,0.0,0.0,0.0,0.0,0.0,0.0,0.0,0.0,0.0,0.0,0.0,0.0,0.0,0.0,0.0,0.0,0.0,0.0
COC(=O)C1CC(OC(=O)c2cccc(Br)c2)C(=O)C2C1(C)CCC1C(=O)OC(c3ccoc3)CC12C,0.0,0.0,0.0,0.0,0.0,0.0,7.16,0.0,0.0,0.0,0.0,0.0,0.0,0.0,0.0,0.0,0.0,0.0,0.0,0.0,0.0,0.0,0.0,0.0,0.0,0.0
COC(=O)C1CC(OC(=O)c2cccc(OC)c2)C(=O)C2C1(C)CCC1C(=O)OC(c3ccoc3)CC12C,0.0,0.0,0.0,0.0,0.0,0.0,6.26,0.0,0.0,0.0,0.0,0.0,0.0,0.0,0.0,0.0,0.0,0.0,0.0,0.0,0.0,0.0,0.0,0.0,0.0,0.0
COC(=O)C1CC(OC(=O)c2cccc([N+](=O)[O-])c2)C(=O)C2C1(C)CCC1C(=O)OC(c3ccoc3)CC12C,0.0,0.0,0.0,0.0,0.0,0.0,6.1,0.0,0.0,0.0,0.0,0.0,0.0,0.0,0.0,0.0,0.0,0.0,0.0,0.0,0.0,0.0,0.0,0.0,0.0,0.0
COC(=O)C1CC(OC(=O)c2cccc3ccccc23)C(=O)C2C1(C)CCC1C(=O)OC(c3ccoc3)CC12C,0.0,0.0,0.0,0.0,0.0,0.0,6.39,0.0,0.0,0.0,0.0,0.0,0.0,0.0,0.0,0.0,0.0,0.0,0.0,0.0,0.0,0.0,0.0,0.0,0.0,0.0
COC(=O)C1CC(OC(=O)c2ccccc2)C(=O)C2C1(C)CCC1C(=O)OC(c3ccoc3)CC12C,0.0,0.0,0.0,0.0,0.0,0.0,7.05,0.0,0.0,0.0,0.0,0.0,0.0,0.0,7.05,0.0,0.0,0.0,0.0,0.0,0.0,0.0,0.0,0.0,0.0,0.0
COC(=O)C1CC(OC(=O)c2ccccc2Br)C(=O)C2C1(C)CCC1C(=O)OC(c3ccoc3)CC12C,0.0,0.0,0.0,0.0,0.0,0.0,7.05,0.0,0.0,0.0,0.0,0.0,0.0,0.0,0.0,0.0,0.0,0.0,0.0,0.0,0.0,0.0,0.0,0.0,0.0,0.0
COC(=O)C1CC(OC(=O)c2ccccc2C(=O)O)C(=O)C2C1(C)CCC1C(=O)OC(c3ccoc3)CC12C,0.0,0.0,0.0,0.0,0.0,0.0,0.0,0.0,0.0,0.0,0.0,0.0,0.0,0.0,5.64,0.0,0.0,0.0,0.0,0.0,0.0,0.0,0.0,0.0,0.0,0.0
COC(=O)C1CC(OC(=O)c2ccccc2OC)C(=O)C2C1(C)CCC1C(=O)OC(c3ccoc3)CC12C,0.0,0.0,0.0,0.0,0.0,0.0,6.64,0.0,0.0,0.0,0.0,0.0,0.0,0.0,0.0,0.0,0.0,0.0,0.0,0.0,0.0,0.0,0.0,0.0,0.0,0.0
COC(=O)C1CC(OC(=O)c2ccccc2[N+](=O)[O-])C(=O)C2C1(C)CCC1C(=O)OC(c3ccoc3)CC12C,0.0,0.0,0.0,0.0,0.0,0.0,6.05,0.0,0.0,0.0,0.0,0.0,0.0,0.0,0.0,0.0,0.0,0.0,0.0,0.0,0.0,0.0,0.0,0.0,0.0,0.0
COC(=O)C1CC(OC(=O)c2cccnc2)C(=O)C2C1(C)CCC1C(=O)OC(c3ccoc3)CC12C,0.0,0.0,0.0,0.0,0.0,0.0,0.0,0.0,0.0,0.0,0.0,0.0,0.0,0.0,5.71,0.0,0.0,0.0,0.0,0.0,0.0,0.0,0.0,0.0,0.0,0.0
COC(=O)C1CC(OC(=O)c2cccs2)C(=O)C2C1(C)CCC1C(=O)OC(c3ccoc3)CC12C,0.0,0.0,0.0,0.0,0.0,0.0,6.58,0.0,0.0,0.0,0.0,0.0,0.0,0.0,0.0,0.0,0.0,0.0,0.0,0.0,0.0,0.0,0.0,0.0,0.0,0.0
COC(=O)C1CC(OC(=O)c2ccsc2)C(=O)C2C1(C)CCC1C(=O)OC(c3ccoc3)CC12C,0.0,0.0,0.0,0.0,0.0,0.0,7.1,0.0,0.0,0.0,0.0,0.0,0.0,0.0,0.0,0.0,0.0,0.0,0.0,0.0,0.0,0.0,0.0,0.0,0.0,0.0
COC(=O)C1CC(OC(C)(C)OC)C(=O)C2C1(C)CCC1C(=O)OC(c3ccoc3)CC12C,0.0,0.0,0.0,0.0,0.0,0.0,7.14,0.0,0.0,0.0,0.0,0.0,0.0,0.0,0.0,0.0,0.0,0.0,0.0,0.0,0.0,0.0,0.0,0.0,0.0,0.0
COC(=O)C1CC(OC(C)=O)C(=O)C2C(C)(CCC3CCOC3)C(C(=O)O)CCC12C,0.0,0.0,0.0,0.0,0.0,0.0,6.04,0.0,0.0,0.0,0.0,0.0,0.0,0.0,0.0,0.0,0.0,0.0,0.0,0.0,0.0,0.0,0.0,0.0,0.0,0.0
COC(=O)C1CC(OC(C)=O)C(=O)C2C1(C)CCC1C(=O)OC(C(=O)N3CCCCC3)CC12C,0.0,0.0,0.0,0.0,0.0,0.0,6.85,0.0,0.0,0.0,0.0,0.0,0.0,0.0,0.0,0.0,0.0,0.0,0.0,0.0,0.0,0.0,0.0,0.0,0.0,0.0
COC(=O)C1CC(OC(C)=O)C(=O)C2C1(C)CCC1C(=O)OC(C(=O)Nc3ccccc3)CC12C,0.0,0.0,0.0,0.0,0.0,0.0,0.0,0.0,0.0,0.0,0.0,0.0,0.0,0.0,6.0,0.0,0.0,0.0,0.0,0.0,0.0,0.0,0.0,0.0,0.0,0.0
COC(=O)C1CC(OC(C)=O)C(=O)C2C1(C)CCC1C(=O)OC(C(=O)O)CC12C,0.0,0.0,0.0,0.0,0.0,0.0,7.26,0.0,0.0,0.0,0.0,0.0,0.0,0.0,7.26,0.0,0.0,0.0,0.0,0.0,0.0,0.0,0.0,0.0,0.0,0.0
COC(=O)C1CC(OC(C)=O)C(=O)C2C1(C)CCC1C(=O)OC(C(=O)OC(C)C)CC12C,0.0,0.0,0.0,0.0,0.0,0.0,6.96,0.0,0.0,0.0,0.0,0.0,0.0,0.0,6.96,0.0,0.0,0.0,0.0,0.0,0.0,0.0,0.0,0.0,0.0,0.0
COC(=O)C1CC(OC(C)=O)C(=O)C2C1(C)CCC1C(=O)OC(C(=O)c3cc4ccccc4s3)CC12C,0.0,0.0,0.0,0.0,0.0,0.0,5.04,0.0,0.0,0.0,0.0,0.0,0.0,0.0,0.0,0.0,0.0,0.0,0.0,0.0,0.0,0.0,0.0,0.0,0.0,0.0
COC(=O)C1CC(OC(C)=O)C(=O)C2C1(C)CCC1C(=O)OC(C(=O)c3ccc(O)cc3)CC12C,0.0,0.0,0.0,0.0,0.0,0.0,5.07,0.0,0.0,0.0,0.0,0.0,0.0,0.0,0.0,0.0,0.0,0.0,0.0,0.0,0.0,0.0,0.0,0.0,0.0,0.0
COC(=O)C1CC(OC(C)=O)C(=O)C2C1(C)CCC1C(=O)OC(C(=O)c3cccc(C#N)c3)CC12C,0.0,0.0,0.0,0.0,0.0,0.0,6.66,0.0,0.0,0.0,0.0,0.0,0.0,0.0,0.0,0.0,0.0,0.0,0.0,0.0,0.0,0.0,0.0,0.0,0.0,0.0
COC(=O)C1CC(OC(C)=O)C(=O)C2C1(C)CCC1C(=O)OC(C(=O)c3cccc(C(F)(F)F)c3)CC12C,0.0,0.0,0.0,0.0,0.0,0.0,5.65,0.0,0.0,0.0,0.0,0.0,0.0,0.0,0.0,0.0,0.0,0.0,0.0,0.0,0.0,0.0,0.0,0.0,0.0,0.0
COC(=O)C1CC(OC(C)=O)C(=O)C2C1(C)CCC1C(=O)OC(C(=O)c3cccc(C(N)=O)c3)CC12C,0.0,0.0,0.0,0.0,0.0,0.0,7.4,0.0,0.0,0.0,0.0,0.0,0.0,0.0,0.0,0.0,0.0,0.0,0.0,0.0,0.0,0.0,0.0,0.0,0.0,0.0
COC(=O)C1CC(OC(C)=O)C(=O)C2C1(C)CCC1C(=O)OC(C(=O)c3cccc(O)c3)CC12C,0.0,0.0,0.0,0.0,0.0,0.0,6.96,0.0,0.0,0.0,0.0,0.0,0.0,0.0,0.0,0.0,0.0,0.0,0.0,0.0,0.0,0.0,0.0,0.0,0.0,0.0
COC(=O)C1CC(OC(C)=O)C(=O)C2C1(C)CCC1C(=O)OC(C(=O)c3cccc(OC)c3)CC12C,0.0,0.0,0.0,0.0,0.0,0.0,6.54,0.0,0.0,0.0,0.0,0.0,0.0,0.0,0.0,0.0,0.0,0.0,0.0,0.0,0.0,0.0,0.0,0.0,0.0,0.0
COC(=O)C1CC(OC(C)=O)C(=O)C2C1(C)CCC1C(=O)OC(C(=O)c3ccccc3)CC12C,0.0,0.0,0.0,0.0,0.0,0.0,7.16,0.0,0.0,0.0,0.0,0.0,0.0,0.0,0.0,0.0,0.0,0.0,0.0,0.0,0.0,0.0,0.0,0.0,0.0,0.0
COC(=O)C1CC(OC(C)=O)C(=O)C2C1(C)CCC1C(=O)OC(C(=O)c3ccccc3O)CC12C,0.0,0.0,0.0,0.0,0.0,0.0,6.3,0.0,0.0,0.0,0.0,0.0,0.0,0.0,0.0,0.0,0.0,0.0,0.0,0.0,0.0,0.0,0.0,0.0,0.0,0.0
COC(=O)C1CC(OC(C)=O)C(=O)C2C1(C)CCC1C(=O)OC(C(=O)c3ccccc3OC)CC12C,0.0,0.0,0.0,0.0,0.0,0.0,5.97,0.0,0.0,0.0,0.0,0.0,0.0,0.0,0.0,0.0,0.0,0.0,0.0,0.0,0.0,0.0,0.0,0.0,0.0,0.0
COC(=O)C1CC(OC(C)=O)C(=O)C2C1(C)CCC1C(=O)OC(C(=O)c3ccco3)CC12C,0.0,0.0,0.0,0.0,0.0,0.0,7.1,0.0,0.0,0.0,0.0,0.0,0.0,0.0,0.0,0.0,0.0,0.0,0.0,0.0,0.0,0.0,0.0,0.0,0.0,0.0
COC(=O)C1CC(OC(C)=O)C(=O)C2C1(C)CCC1C(=O)OC(C(=O)c3cccs3)CC12C,0.0,0.0,0.0,0.0,0.0,0.0,7.42,0.0,0.0,0.0,0.0,0.0,0.0,0.0,7.42,0.0,0.0,0.0,0.0,0.0,0.0,0.0,0.0,0.0,0.0,0.0
COC(=O)C1CC(OC(C)=O)C(=O)C2C1(C)CCC1C(=O)OC(C(=O)c3ccoc3)CC12C,0.0,0.0,0.0,0.0,0.0,0.0,6.82,0.0,0.0,0.0,0.0,0.0,0.0,0.0,0.0,0.0,0.0,0.0,0.0,0.0,0.0,0.0,0.0,0.0,0.0,0.0
COC(=O)C1CC(OC(C)=O)C(=O)C2C1(C)CCC1C(=O)OC(C(=O)c3ccsc3)CC12C,0.0,0.0,0.0,0.0,0.0,0.0,7.51,0.0,0.0,0.0,0.0,0.0,0.0,0.0,0.0,0.0,0.0,0.0,0.0,0.0,0.0,0.0,0.0,0.0,0.0,0.0
COC(=O)C1CC(OC(C)=O)C(=O)C2C1(C)CCC1C(=O)OC(C(=O)c3cnccn3)CC12C,0.0,0.0,0.0,0.0,0.0,0.0,7.08,0.0,0.0,0.0,0.0,0.0,0.0,0.0,7.08,0.0,0.0,0.0,0.0,0.0,0.0,0.0,0.0,0.0,0.0,0.0
COC(=O)C1CC(OC(C)=O)C(=O)C2C1(C)CCC1C(=O)OC(C(O)c3ccco3)CC12C,0.0,0.0,0.0,0.0,0.0,0.0,7.7,0.0,0.0,0.0,0.0,0.0,0.0,0.0,7.7,0.0,0.0,0.0,0.0,0.0,0.0,0.0,0.0,0.0,0.0,0.0
COC(=O)C1CC(OC(C)=O)C(=O)C2C1(C)CCC1C(=O)OC(C3(O)C(OC)OC(OC)C3O)CC12C,0.0,0.0,0.0,0.0,0.0,0.0,6.41,0.0,0.0,0.0,0.0,0.0,0.0,0.0,0.0,0.0,0.0,0.0,0.0,0.0,0.0,0.0,0.0,0.0,0.0,0.0
COC(=O)C1CC(OC(C)=O)C(=O)C2C1(C)CCC1C(=O)OC(C3=CC(OC)OC3OC)CC12C,0.0,0.0,0.0,0.0,0.0,0.0,6.75,0.0,0.0,0.0,0.0,0.0,0.0,0.0,0.0,0.0,0.0,0.0,0.0,0.0,0.0,0.0,0.0,0.0,0.0,0.0
COC(=O)C1CC(OC(C)=O)C(=O)C2C1(C)CCC1C(=O)OC(C3=NCCO3)CC12C,0.0,0.0,0.0,0.0,0.0,0.0,6.52,0.0,0.0,0.0,0.0,0.0,0.0,0.0,0.0,0.0,0.0,0.0,0.0,0.0,0.0,0.0,0.0,0.0,0.0,0.0
COC(=O)C1CC(OC(C)=O)C(=O)C2C1(C)CCC1C(=O)OC(C3CC(OC)OC3OC)CC12C,0.0,0.0,0.0,0.0,0.0,0.0,7.6,0.0,0.0,0.0,0.0,0.0,0.0,0.0,0.0,0.0,0.0,0.0,0.0,0.0,0.0,0.0,0.0,0.0,0.0,0.0
COC(=O)C1CC(OC(C)=O)C(=O)C2C1(C)CCC1C(=O)OC(C3CCOC3)CC12C,0.0,0.0,0.0,0.0,0.0,0.0,8.43,0.0,0.0,0.0,0.0,0.0,0.0,0.0,0.0,0.0,0.0,0.0,0.0,0.0,0.0,0.0,0.0,0.0,0.0,0.0
COC(=O)C1CC(OC(C)=O)C(=O)C2C1(C)CCC1C(=O)OC(C=Cc3ccoc3)CC12C,0.0,0.0,0.0,0.0,0.0,0.0,7.52,0.0,0.0,0.0,0.0,0.0,0.0,0.0,0.0,0.0,0.0,0.0,0.0,0.0,0.0,0.0,0.0,0.0,0.0,0.0
COC(=O)C1CC(OC(C)=O)C(=O)C2C1(C)CCC1C(=O)OC(COC(C)=O)CC12C,0.0,0.0,0.0,0.0,0.0,0.0,6.26,0.0,0.0,0.0,0.0,0.0,0.0,0.0,6.26,0.0,0.0,0.0,0.0,0.0,0.0,0.0,0.0,0.0,0.0,0.0
COC(=O)C1CC(OC(C)=O)C(=O)C2C1(C)CCC1C(=O)OC(c3cc(Br)oc3Br)CC12C,0.0,0.0,0.0,0.0,0.0,0.0,7.4,0.0,0.0,0.0,0.0,0.0,0.0,0.0,0.0,0.0,0.0,0.0,0.0,0.0,0.0,0.0,0.0,0.0,0.0,0.0
COC(=O)C1CC(OC(C)=O)C(=O)C2C1(C)CCC1C(=O)OC(c3ccco3)CC12C,0.0,0.0,0.0,0.0,0.0,0.0,7.52,0.0,0.0,0.0,0.0,0.0,0.0,0.0,0.0,0.0,0.0,0.0,0.0,0.0,0.0,0.0,0.0,0.0,0.0,0.0
COC(=O)C1CC(OC(C)=O)C(=O)C2C1(C)CCC1C(=O)OC(c3ccn(S(=O)(=O)c4ccc(OC)cc4)c3)CC12C,0.0,0.0,0.0,0.0,0.0,0.0,0.0,0.0,0.0,0.0,0.0,0.0,0.0,0.0,5.79,0.0,0.0,0.0,0.0,0.0,0.0,0.0,0.0,0.0,0.0,0.0
COC(=O)C1CC(OC(C)=O)C(=O)C2C1(C)CCC1C(=O)OC(c3ccn(S(=O)(=O)c4ccccc4)c3)CC12C,0.0,0.0,0.0,0.0,0.0,0.0,0.0,0.0,0.0,0.0,0.0,0.0,0.0,0.0,6.39,0.0,0.0,0.0,0.0,0.0,0.0,0.0,0.0,0.0,0.0,0.0
COC(=O)C1CC(OC(C)=O)C(=O)C2C1(C)CCC1C(=O)OC(c3ccn(S(C)(=O)=O)c3)CC12C,0.0,0.0,0.0,0.0,0.0,0.0,0.0,0.0,0.0,0.0,0.0,0.0,0.0,0.0,6.08,0.0,0.0,0.0,0.0,0.0,0.0,0.0,0.0,0.0,0.0,0.0
COC(=O)C1CC(OC(C)=O)C(=O)C2C1(C)CCC1C(=O)OC(c3ccoc3Br)CC12C,0.0,0.0,0.0,0.0,0.0,0.0,8.52,0.0,0.0,0.0,0.0,0.0,0.0,0.0,0.0,0.0,0.0,0.0,0.0,0.0,0.0,0.0,0.0,0.0,0.0,0.0
COC(=O)C1CC(OC(C)=O)C(=O)C2C1(C)CCC1C(=O)OC(c3nc(C)no3)CC12C,0.0,0.0,0.0,0.0,0.0,0.0,7.25,0.0,0.0,0.0,0.0,0.0,0.0,0.0,0.0,0.0,0.0,0.0,0.0,0.0,0.0,0.0,0.0,0.0,0.0,0.0
COC(=O)C1CC(OC(C)=O)C(=O)C2C1(C)CCC1C(=O)OCCC12C,0.0,0.0,0.0,0.0,0.0,0.0,5.47,0.0,0.0,0.0,0.0,0.0,0.0,0.0,0.0,0.0,0.0,0.0,0.0,0.0,0.0,0.0,0.0,0.0,0.0,0.0
COC(=O)C1CC(OC(C)=O)C(=O)C2C3(C)CC(C4(O)C(OC)OC(OC)C4O)CC(=O)C3CCC12C,0.0,0.0,0.0,0.0,0.0,0.0,5.15,0.0,0.0,0.0,0.0,0.0,0.0,0.0,0.0,0.0,0.0,0.0,0.0,0.0,0.0,0.0,0.0,0.0,0.0,0.0
COC(=O)C1CC(OC(C)=O)C(OC(C)=O)C2C1(C)CCC1C(=O)OC(c3ccoc3)CC12C,0.0,0.0,0.0,0.0,0.0,0.0,0.0,0.0,0.0,0.0,0.0,0.0,0.0,0.0,6.19,0.0,0.0,0.0,0.0,0.0,0.0,0.0,0.0,0.0,0.0,0.0
COC(=O)C1CC(OC(N)=O)C(=O)C2C1(C)CCC1C(=O)OC(c3ccoc3)CC12C,0.0,0.0,0.0,0.0,0.0,0.0,8.49,0.0,0.0,0.0,0.0,0.0,0.0,0.0,0.0,0.0,0.0,0.0,0.0,0.0,0.0,0.0,0.0,0.0,0.0,0.0
COC(=O)C1CC(OC)C(=O)C2C1(C)CCC1C(=O)OC(c3ccoc3)CC12C,0.0,0.0,0.0,0.0,0.0,0.0,6.66,0.0,0.0,0.0,0.0,0.0,0.0,0.0,0.0,0.0,0.0,0.0,0.0,0.0,0.0,0.0,0.0,0.0,0.0,0.0
COC(=O)C1CC(OC2CCCCO2)C(=O)C2C1(C)CCC1C(=O)OC(c3ccoc3)CC12C,0.0,0.0,0.0,0.0,0.0,0.0,8.4,0.0,0.0,0.0,0.0,0.0,0.0,0.0,0.0,0.0,0.0,0.0,0.0,0.0,0.0,0.0,0.0,0.0,0.0,0.0
COC(=O)C1CC(OC2CCCO2)C(=O)C2C1(C)CCC1C(=O)OC(c3ccoc3)CC12C,0.0,0.0,0.0,0.0,0.0,0.0,7.12,0.0,0.0,0.0,0.0,0.0,0.0,0.0,0.0,0.0,0.0,0.0,0.0,0.0,0.0,0.0,0.0,0.0,0.0,0.0
COC(=O)C1CC(OC=O)C(=O)C2C1(C)CCC1C(=O)OC(c3ccoc3)CC12C,0.0,0.0,0.0,0.0,0.0,0.0,7.39,0.0,0.0,0.0,0.0,0.0,0.0,0.0,0.0,0.0,0.0,0.0,0.0,0.0,0.0,0.0,0.0,0.0,0.0,0.0
COC(=O)C1CC(OCF)C(=O)C2C1(C)CCC1C(=O)OC(c3ccoc3)CC12C,0.0,0.0,0.0,0.0,0.0,0.0,7.3,0.0,0.0,0.0,0.0,0.0,0.0,0.0,0.0,0.0,0.0,0.0,0.0,0.0,0.0,0.0,0.0,0.0,0.0,0.0
COC(=O)C1CC(OCOC(C)(C)C)C(=O)C2C1(C)CCC1C(=O)OC(c3ccoc3)CC12C,0.0,0.0,0.0,0.0,0.0,0.0,7.46,0.0,0.0,0.0,0.0,0.0,0.0,0.0,0.0,0.0,0.0,0.0,0.0,0.0,0.0,0.0,0.0,0.0,0.0,0.0
COC(=O)C1CC(OCOC(C)C)C(=O)C2C1(C)CCC1C(=O)OC(c3ccoc3)CC12C,0.0,0.0,0.0,0.0,0.0,0.0,8.8,0.0,0.0,0.0,0.0,0.0,0.0,0.0,0.0,0.0,0.0,0.0,0.0,0.0,0.0,0.0,0.0,0.0,0.0,0.0
COC(=O)C1CC(OCOCC(F)(F)F)C(=O)C2C1(C)CCC1C(=O)OC(c3ccoc3)CC12C,0.0,0.0,0.0,0.0,0.0,0.0,7.51,0.0,0.0,0.0,0.0,0.0,0.0,0.0,0.0,0.0,0.0,0.0,0.0,0.0,0.0,0.0,0.0,0.0,0.0,0.0
COC(=O)C1CC(OCOCCF)C(=O)C2C1(C)CCC1C(=O)OC(c3ccoc3)CC12C,0.0,0.0,0.0,0.0,0.0,0.0,8.72,0.0,0.0,0.0,0.0,0.0,0.0,0.0,0.0,0.0,0.0,0.0,0.0,0.0,0.0,0.0,0.0,0.0,0.0,0.0
COC(=O)C1CC(OCOCc2ccccc2)C(=O)C2C1(C)CCC1C(=O)OC(c3ccoc3)CC12C,0.0,0.0,0.0,0.0,0.0,0.0,6.83,0.0,0.0,0.0,0.0,0.0,0.0,0.0,0.0,0.0,0.0,0.0,0.0,0.0,0.0,0.0,0.0,0.0,0.0,0.0
COC(=O)C1CC(OCSC)C(=O)C2C1(C)CCC1C(=O)OC(c3ccoc3)CC12C,0.0,0.0,0.0,0.0,0.0,0.0,7.89,0.0,0.0,0.0,0.0,0.0,0.0,0.0,0.0,0.0,0.0,0.0,0.0,0.0,0.0,0.0,0.0,0.0,0.0,0.0
COC(=O)C1CC(OCc2ccccc2)C(=O)C2C1(C)CCC1C(=O)OC(c3ccoc3)CC12C,0.0,0.0,0.0,0.0,0.0,0.0,7.12,0.0,0.0,0.0,0.0,0.0,0.0,0.0,0.0,0.0,0.0,0.0,0.0,0.0,0.0,0.0,0.0,0.0,0.0,0.0
COC(=O)C1CC(OS(C)(=O)=O)C(=O)C2C1(C)CCC1C(=O)OC(c3ccoc3)CC12C,0.0,0.0,0.0,0.0,0.0,0.0,0.0,0.0,0.0,0.0,0.0,0.0,0.0,0.0,8.64,0.0,0.0,0.0,0.0,0.0,0.0,0.0,0.0,0.0,0.0,0.0
COC(=O)C1CC(O[Si](C)(C)C)C(=O)C2C1(C)CCC1C(=O)OC(c3ccoc3)CC12C,0.0,0.0,0.0,0.0,0.0,0.0,0.0,0.0,0.0,0.0,0.0,0.0,0.0,0.0,5.79,0.0,0.0,0.0,0.0,0.0,0.0,0.0,0.0,0.0,0.0,0.0
COC(=O)C1CC(SC(=O)c2ccccc2)C(=O)C2C1(C)CCC1C(=O)OC(c3ccoc3)CC12C,0.0,0.0,0.0,0.0,0.0,0.0,5.85,0.0,0.0,0.0,0.0,0.0,0.0,0.0,0.0,0.0,0.0,0.0,0.0,0.0,0.0,0.0,0.0,0.0,0.0,0.0
COC(=O)C1CC2(C)C(CCC3(C)C(C(=O)OC)CC(OC(C)=O)C(=O)C32)C(=O)O1,0.0,0.0,0.0,0.0,0.0,0.0,6.81,0.0,0.0,0.0,0.0,0.0,0.0,0.0,6.81,0.0,0.0,0.0,0.0,0.0,0.0,0.0,0.0,0.0,0.0,0.0
COC(=O)C1CCC(=O)C2C1(C)CCC1C(=O)OC(c3ccoc3)CC12C,0.0,0.0,0.0,0.0,0.0,0.0,7.29,0.0,0.0,0.0,0.0,0.0,0.0,0.0,0.0,0.0,0.0,0.0,0.0,0.0,0.0,0.0,0.0,0.0,0.0,0.0
COC(=O)C=CC(=O)OC1CC(C(=O)OC)C2(C)CCC3C(=O)OC(c4ccoc4)CC3(C)C2C1=O,0.0,0.0,0.0,0.0,0.0,0.0,0.0,0.0,0.0,0.0,0.0,0.0,0.0,0.0,7.41,0.0,0.0,0.0,0.0,0.0,0.0,0.0,0.0,0.0,0.0,0.0
COC(=O)CC(=O)OC1CC(C(=O)OC)C2(C)CCC3C(=O)OC(c4ccoc4)CC3(C)C2C1=O,0.0,0.0,0.0,0.0,0.0,0.0,0.0,0.0,0.0,0.0,0.0,0.0,0.0,0.0,8.7,0.0,0.0,0.0,0.0,0.0,0.0,0.0,0.0,0.0,0.0,0.0
COC(=O)CCC(=O)OC1CC(C(=O)OC)C2(C)CCC3C(=O)OC(c4ccoc4)CC3(C)C2C1=O,0.0,0.0,0.0,0.0,0.0,0.0,0.0,0.0,0.0,0.0,0.0,0.0,0.0,0.0,7.44,0.0,0.0,0.0,0.0,0.0,0.0,0.0,0.0,0.0,0.0,0.0
COC(=O)CCCC(=O)OC1CC(C(=O)OC)C2(C)CCC3C(=O)OC(c4ccoc4)CC3(C)C2C1=O,0.0,0.0,0.0,0.0,0.0,0.0,0.0,0.0,0.0,0.0,0.0,0.0,0.0,0.0,6.52,0.0,0.0,0.0,0.0,0.0,0.0,0.0,0.0,0.0,0.0,0.0
COC(=O)CCCCC(=O)OC1CC(C(=O)OC)C2(C)CCC3C(=O)OC(c4ccoc4)CC3(C)C2C1=O,0.0,0.0,0.0,0.0,0.0,0.0,0.0,0.0,0.0,0.0,0.0,0.0,0.0,0.0,6.24,0.0,0.0,0.0,0.0,0.0,0.0,0.0,0.0,0.0,0.0,0.0
COC(=O)CN1CN(c2ccccc2)C2(CCN(C(c3ccccc3Cl)c3ccccc3Cl)CC2)C1=O,0.0,0.0,0.0,0.0,0.0,0.0,5.64,0.0,0.0,0.0,0.0,0.0,0.0,0.0,0.0,0.0,0.0,0.0,0.0,0.0,0.0,0.0,0.0,0.0,0.0,0.0
COC(=O)N1CC2C(N3CCCC3)CCC1CN2C(=O)Cc1ccc(Cl)c(Cl)c1,0.0,0.0,0.0,0.0,0.0,0.0,0.0,0.0,0.0,0.0,0.0,0.0,0.0,0.0,0.0,0.0,0.0,8.22,0.0,0.0,0.0,0.0,0.0,0.0,0.0,0.0
COC(=O)N1CCC(NC(=O)C(N)Cc2c(C)cc(O)cc2C)c2cc(Cc3ccc4ccccc4c3)ccc21,0.0,0.0,0.0,0.0,0.0,0.0,6.72,0.0,0.0,0.0,0.0,0.0,0.0,0.0,0.0,0.0,0.0,0.0,0.0,0.0,0.0,0.0,0.0,0.0,0.0,0.0
COC(=O)N1CCC(NC(=O)C(N)Cc2c(C)cc(O)cc2C)c2cc(Cc3ccccc3)ccc21,0.0,0.0,0.0,0.0,0.0,0.0,7.54,0.0,0.0,0.0,0.0,0.0,0.0,0.0,0.0,0.0,0.0,0.0,0.0,0.0,0.0,0.0,0.0,0.0,0.0,0.0
COC(=O)N1CCN(C(=O)Cc2ccc(Cl)c(Cl)c2)C(CN2CCCC2)C1,0.0,0.0,0.0,0.0,0.0,0.0,9.3,0.0,0.0,0.0,0.0,0.0,0.0,0.0,6.44,0.0,0.0,0.0,0.0,0.0,0.0,0.0,0.0,0.0,0.0,0.0
COC(=O)N1CCN(C(=O)Cc2ccc(Cl)c(Cl)c2)C2C(N3CCCC3)CCCC21,0.0,0.0,0.0,0.0,0.0,0.0,0.0,0.0,0.0,0.0,0.0,0.0,0.0,0.0,8.03,0.0,0.0,0.0,0.0,0.0,0.0,0.0,0.0,0.0,0.0,0.0
COC(=O)N=c1n(CC(N)=O)c2ccccc2n1C1CCN(C2CCCCCCC2)CC1,0.0,0.0,0.0,0.0,0.0,0.0,0.0,0.0,0.0,0.0,0.0,0.0,0.0,0.0,0.0,6.23,0.0,0.0,0.0,0.0,0.0,0.0,0.0,0.0,0.0,0.0
COC(=O)NC(C(=O)N(C)C(CN1CCCC1)c1ccccc1)c1ccccc1,0.0,0.0,0.0,0.0,0.0,0.0,0.0,0.0,0.0,0.0,0.0,0.0,0.0,0.0,6.75,0.0,0.0,0.0,0.0,0.0,0.0,0.0,0.0,0.0,0.0,0.0
COC(=O)NCc1ccc2c(c1)CCC(C(=O)N(C)C(CN1CCC(O)C1)c1ccccc1)O2,0.0,0.0,0.0,0.0,0.0,0.0,0.0,0.0,0.0,0.0,0.0,0.0,0.0,0.0,0.0,0.0,0.0,0.0,0.0,0.0,0.0,0.0,8.59,0.0,0.0,0.0
COC(=O)Nc1ccc2c(c1)CC(C(=O)N(C)C(CN1CCC(O)C1)c1ccccc1)O2,0.0,0.0,0.0,0.0,0.0,0.0,0.0,0.0,0.0,0.0,0.0,0.0,0.0,0.0,0.0,0.0,0.0,0.0,0.0,0.0,0.0,0.0,8.24,0.0,0.0,0.0
COC(=O)Nc1ccc2c(c1)CCC(C(=O)N(C)C(CN1CCC(O)C1)c1ccccc1)O2,0.0,0.0,0.0,0.0,0.0,0.0,0.0,0.0,0.0,0.0,0.0,0.0,0.0,0.0,0.0,0.0,0.0,0.0,0.0,0.0,0.0,0.0,7.51,0.0,0.0,0.0
COC(=O)c1ccc(C(=O)NC2CCC3(O)C4Cc5ccc(O)c6c5C3(CCN4CC3CC3)C2O6)cc1,0.0,0.0,0.0,0.0,0.0,0.0,9.14,0.0,0.0,0.0,0.0,0.0,0.0,0.0,0.0,0.0,0.0,0.0,0.0,0.0,0.0,0.0,0.0,0.0,0.0,0.0
COC(=O)c1ccc(C2=CC3(CCNCC3)Oc3ccccc32)cc1,0.0,0.0,0.0,0.0,0.0,0.0,6.28,0.0,0.0,0.0,0.0,0.0,0.0,0.0,0.0,0.0,0.0,0.0,0.0,0.0,0.0,0.0,0.0,0.0,0.0,0.0
COC(=O)c1ccc(Cn2ccnc2C2(c3ccccc3)CCN(C(=O)c3ccccc3)CC2)cc1,0.0,0.0,0.0,0.0,0.0,0.0,0.0,0.0,0.0,0.0,0.0,0.0,0.0,0.0,7.06,0.0,0.0,0.0,0.0,0.0,0.0,0.0,0.0,0.0,0.0,0.0
COC(=O)c1cccc(CN2CCN3CC(C)C(C)(c4cccc(O)c4)CC3C2)c1,0.0,0.0,0.0,0.0,0.0,0.0,6.85,0.0,0.0,0.0,0.0,0.0,0.0,0.0,0.0,0.0,0.0,0.0,0.0,0.0,0.0,0.0,0.0,0.0,0.0,0.0
COC(=O)c1coc(C2CC3(C)C(CCC4(C)C(C(=O)OC)CC(OC(C)=O)C(=O)C43)C(=O)O2)n1,0.0,0.0,0.0,0.0,0.0,0.0,0.0,0.0,0.0,0.0,0.0,0.0,0.0,0.0,5.07,0.0,0.0,0.0,0.0,0.0,0.0,0.0,0.0,0.0,0.0,0.0
COC1(c2ccccc2)CCN(C(c2ccccc2)c2ccccc2)CC1,0.0,0.0,0.0,0.0,0.0,0.0,6.46,0.0,0.0,0.0,0.0,0.0,0.0,0.0,0.0,0.0,0.0,0.0,0.0,0.0,0.0,0.0,0.0,0.0,0.0,0.0
COC12C=CC3(C4CN(C(=O)C=Cc5ccc(C)cc5)CC41)C1Cc4ccc(O)c5c4C3(CCN1C)C2O5,0.0,0.0,0.0,0.0,0.0,0.0,0.0,0.0,0.0,0.0,0.0,0.0,0.0,0.0,8.85,0.0,0.0,0.0,0.0,0.0,0.0,0.0,0.0,0.0,0.0,0.0
COC12C=CC3(C4CN(C(=O)C=Cc5ccccc5C)CC41)C1Cc4ccc(O)c5c4C3(CCN1C)C2O5,0.0,0.0,0.0,0.0,0.0,0.0,0.0,0.0,0.0,0.0,0.0,0.0,0.0,0.0,9.28,0.0,0.0,0.0,0.0,0.0,0.0,0.0,0.0,0.0,0.0,0.0
COC12C=CC3(CC1(C)C(O)c1ccc(F)cc1)C1Cc4ccc(O)c5c4C3(CCN1CC1CC1)C2O5,0.0,0.0,0.0,0.0,0.0,0.0,10.3,0.0,0.0,0.0,0.0,0.0,0.0,0.0,0.0,0.0,0.0,0.0,0.0,0.0,0.0,0.0,0.0,0.0,0.0,0.0
COC12C=CC3(CC1(C)C(O)c1cccc(C)c1)C1Cc4ccc(O)c5c4C3(CCN1CC1CC1)C2O5,0.0,0.0,0.0,0.0,0.0,0.0,10.4,0.0,0.0,0.0,0.0,0.0,0.0,0.0,0.0,0.0,0.0,0.0,0.0,0.0,0.0,0.0,0.0,0.0,0.0,0.0
COC12C=CC3(CC1(C)C(O)c1ccccc1)C1Cc4ccc(O)c5c4C3(CCN1CC1CC1)C2O5,0.0,0.0,0.0,0.0,0.0,0.0,10.1,0.0,0.0,0.0,0.0,0.0,0.0,0.0,0.0,0.0,0.0,0.0,0.0,0.0,0.0,0.0,0.0,0.0,0.0,0.0
COC12C=CC3(CC1C(C)(O)CCC(C)C)C1Cc4ccc(O)c5c4C3(CCN1CC1CC1)C2O5,0.0,0.0,0.0,0.0,0.0,0.0,10.09,0.0,0.0,0.0,0.0,0.0,0.0,0.0,0.0,0.0,0.0,0.0,0.0,0.0,0.0,0.0,0.0,0.0,0.0,0.0
COC12C=CC3(CC1C(C)(O)CCc1ccccc1)C1Cc4ccc(O)c5c4C3(CCN1C)C2O5,0.0,0.0,0.0,0.0,0.0,0.0,9.92,0.0,0.0,0.0,0.0,0.0,0.0,0.0,0.0,0.0,0.0,0.0,0.0,0.0,0.0,0.0,0.0,0.0,0.0,0.0
COC12C=CC3(CC1C(O)c1ccccc1)C1Cc4ccc(O)c5c4C3(CCN1CC1CC1)C2O5,0.0,0.0,0.0,0.0,0.0,0.0,8.42,0.0,0.0,0.0,0.0,0.0,0.0,0.0,0.0,0.0,0.0,0.0,0.0,0.0,0.0,0.0,0.0,0.0,0.0,0.0
COC12CCC(=O)C3(C)Oc4c(O)ccc5c4C31CCN(C)C2C5,0.0,0.0,0.0,0.0,0.0,0.0,0.0,0.0,0.0,0.0,0.0,0.0,0.0,0.0,7.6,0.0,0.0,0.0,0.0,0.0,0.0,7.82,0.0,0.0,0.0,0.0
COC12CCC(=O)C3Oc4c(O)ccc5c4C31CCN(C)C2C5,0.0,0.0,0.0,0.0,0.0,0.0,0.0,0.0,0.0,0.0,0.0,0.0,0.0,0.0,0.0,0.0,0.0,0.0,0.0,0.0,0.0,8.0,0.0,0.0,0.0,0.0
COC12CCC(=O)CC13CCN(C)C2Cc1ccc(C(=O)NCCc2ccc(-c4c[nH]c(=O)[nH]c4=O)cc2)c(O)c13,0.0,0.0,0.0,0.0,0.0,0.0,0.0,0.0,0.0,0.0,0.0,0.0,0.0,0.0,0.0,0.0,0.0,0.0,0.0,6.07,0.0,0.0,0.0,0.0,0.0,0.0
COC12CCC3(CC1(C)C(O)c1ccc(C)cc1)C1Cc4ccc(O)c5c4C3(CCN1CC1CC1)C2O5,0.0,0.0,0.0,0.0,0.0,0.0,9.8,0.0,0.0,0.0,0.0,0.0,0.0,0.0,0.0,0.0,0.0,0.0,0.0,0.0,0.0,0.0,0.0,0.0,0.0,0.0
COC12CCC3(CC1(C)C(O)c1ccc(F)cc1)C1Cc4ccc(O)c5c4C3(CCN1CC1CC1)C2O5,0.0,0.0,0.0,0.0,0.0,0.0,10.0,0.0,0.0,0.0,0.0,0.0,0.0,0.0,0.0,0.0,0.0,0.0,0.0,0.0,0.0,0.0,0.0,0.0,0.0,0.0
COC12CCC3(CC1(C)C(O)c1cccc(C)c1)C1Cc4ccc(O)c5c4C3(CCN1CC1CC1)C2O5,0.0,0.0,0.0,0.0,0.0,0.0,9.96,0.0,0.0,0.0,0.0,0.0,0.0,0.0,0.0,0.0,0.0,0.0,0.0,0.0,0.0,0.0,0.0,0.0,0.0,0.0
COC12CCC3(CC1(C)C(O)c1cccc(Cl)c1)C1Cc4ccc(O)c5c4C3(CCN1CC1CC1)C2O5,0.0,0.0,0.0,0.0,0.0,0.0,10.03,0.0,0.0,0.0,0.0,0.0,0.0,0.0,0.0,0.0,0.0,0.0,0.0,0.0,0.0,0.0,0.0,0.0,0.0,0.0
COC12CCC3(CC1(C)C(O)c1cccc(F)c1)C1Cc4ccc(O)c5c4C3(CCN1CC1CC1)C2O5,0.0,0.0,0.0,0.0,0.0,0.0,9.89,0.0,0.0,0.0,0.0,0.0,0.0,0.0,0.0,0.0,0.0,0.0,0.0,0.0,0.0,0.0,0.0,0.0,0.0,0.0
COC12CCC3(CC1(C)C(O)c1ccccc1)C1Cc4ccc(O)c5c4C3(CCN1CC1CC1)C2O5,0.0,0.0,0.0,0.0,0.0,0.0,10.4,0.0,0.0,0.0,0.0,0.0,0.0,0.0,0.0,0.0,0.0,0.0,0.0,0.0,0.0,0.0,0.0,0.0,0.0,0.0
COC12CCC3(CC1(C)C(O)c1ccccc1C)C1Cc4ccc(O)c5c4C3(CCN1CC1CC1)C2O5,0.0,0.0,0.0,0.0,0.0,0.0,9.92,0.0,0.0,0.0,0.0,0.0,0.0,0.0,0.0,0.0,0.0,0.0,0.0,0.0,0.0,0.0,0.0,0.0,0.0,0.0
COC12CCC3(CC1(C)C(O)c1ccoc1)C1Cc4ccc(O)c5c4C3(CCN1CC1CC1)C2O5,0.0,0.0,0.0,0.0,0.0,0.0,9.85,0.0,0.0,0.0,0.0,0.0,0.0,0.0,0.0,0.0,0.0,0.0,0.0,0.0,0.0,0.0,0.0,0.0,0.0,0.0
COC12CCC3(CC1C(C)(C)O)C1Cc4ccc(O)c5c4C3(CCN1CC1CC1)C2O5,0.0,0.0,0.0,0.0,0.0,0.0,0.0,0.0,0.0,0.0,0.0,0.0,0.0,0.0,0.0,0.0,0.0,10.7,0.0,0.0,0.0,9.16,0.0,0.0,0.0,0.0
COC12CCC3(CC1C(C)(O)C(C)(C)C)C1Cc4c(Br)cc(O)c5c4C3(CCN1CC1CC1)C2O5,0.0,0.0,0.0,0.0,0.0,0.0,8.0,0.0,0.0,0.0,0.0,0.0,0.0,0.0,0.0,0.0,0.0,0.0,0.0,0.0,0.0,0.0,0.0,0.0,0.0,0.0
COC12CCC3(CC1C(C)(O)C(C)(C)C)C1Cc4c(Cl)cc(O)c5c4C3(CCN1CC1CC1)C2O5,0.0,0.0,0.0,0.0,0.0,0.0,7.34,0.0,0.0,0.0,0.0,0.0,0.0,0.0,0.0,0.0,0.0,0.0,0.0,0.0,0.0,0.0,0.0,0.0,0.0,0.0
COC12CCC3(CC1C(C)(O)C(C)(C)C)C1Cc4cc(Br)c(O)c5c4C3(CCN1CC1CC1)C2O5,0.0,0.0,0.0,0.0,0.0,0.0,7.45,0.0,0.0,0.0,0.0,0.0,0.0,0.0,0.0,0.0,0.0,0.0,0.0,0.0,0.0,0.0,0.0,0.0,0.0,0.0
COC12CCC3(CC1C(C)(O)C(C)(C)C)C1Cc4ccc(C(N)=O)c5c4C3(CCN1CC1CC1)C2O5,0.0,0.0,0.0,0.0,0.0,0.0,8.68,0.0,0.0,0.0,0.0,0.0,0.0,0.0,0.0,0.0,0.0,0.0,0.0,0.0,0.0,0.0,0.0,0.0,0.0,0.0
COC12CCC3(CC1C(C)(O)C(C)(C)C)C1Cc4ccc(O)c5c4C3(CCN1CC1CC1)C2O5,0.0,0.0,0.0,0.0,0.0,0.0,9.21,0.0,0.0,0.0,0.0,0.0,0.0,0.0,9.1,0.0,0.0,10.15,0.0,0.0,0.0,0.0,0.0,0.0,0.0,0.0
COC12CCC3(CC1C(C)(O)C(C)C)C1Cc4ccc(O)c5c4C3(CCN1CC1CC1)C2O5,0.0,0.0,0.0,0.0,0.0,0.0,10.29,0.0,0.0,0.0,0.0,0.0,0.0,0.0,0.0,0.0,0.0,0.0,0.0,0.0,0.0,0.0,0.0,0.0,0.0,0.0
COC12CCC3(CC1C(C)(O)C1CCCC1)C1Cc4ccc(O)c5c4C3(CCN1CC1CC1)C2O5,0.0,0.0,0.0,0.0,0.0,0.0,10.13,0.0,0.0,0.0,0.0,0.0,0.0,0.0,0.0,0.0,0.0,0.0,0.0,0.0,0.0,0.0,0.0,0.0,0.0,0.0
COC12CCC3(CC1C(C)(O)C1CCCCC1)C1Cc4ccc(O)c5c4C3(CCN1CC1CC1)C2O5,0.0,0.0,0.0,0.0,0.0,0.0,10.0,0.0,0.0,0.0,0.0,0.0,0.0,0.0,0.0,0.0,0.0,0.0,0.0,0.0,0.0,0.0,0.0,0.0,0.0,0.0
COC12CCC3(CC1C(C)(O)CC(C)(C)C)C1Cc4ccc(O)c5c4C3(CCN1CC1CC1)C2O5,0.0,0.0,0.0,0.0,0.0,0.0,8.8,0.0,0.0,0.0,0.0,0.0,0.0,0.0,0.0,0.0,0.0,0.0,0.0,0.0,0.0,0.0,0.0,0.0,0.0,0.0
COC12CCC3(CC1C(C)(O)CC(C)(C)c1ccccc1)C1Cc4ccc(O)c5c4C3(CCN1CC1CC1)C2O5,0.0,0.0,0.0,0.0,0.0,0.0,8.38,0.0,0.0,0.0,0.0,0.0,0.0,0.0,0.0,0.0,0.0,0.0,0.0,0.0,0.0,0.0,0.0,0.0,0.0,0.0
COC12CCC3(CC1C(C)(O)CC(C)C)C1Cc4ccc(O)c5c4C3(CCN1CC1CC1)C2O5,0.0,0.0,0.0,0.0,0.0,0.0,10.04,0.0,0.0,0.0,0.0,0.0,0.0,0.0,0.0,0.0,0.0,0.0,0.0,0.0,0.0,0.0,0.0,0.0,0.0,0.0
COC12CCC3(CC1C(C)(O)CC1CC4CCC1C4)C1Cc4ccc(O)c5c4C3(CCN1CC1CC1)C2O5,0.0,0.0,0.0,0.0,0.0,0.0,8.01,0.0,0.0,0.0,0.0,0.0,0.0,0.0,0.0,0.0,0.0,0.0,0.0,0.0,0.0,0.0,0.0,0.0,0.0,0.0
COC12CCC3(CC1C(C)(O)CC1CCCC1)C1Cc4ccc(O)c5c4C3(CCN1CC1CC1)C2O5,0.0,0.0,0.0,0.0,0.0,0.0,10.16,0.0,0.0,0.0,0.0,0.0,0.0,0.0,0.0,0.0,0.0,0.0,0.0,0.0,0.0,0.0,0.0,0.0,0.0,0.0
COC12CCC3(CC1C(C)(O)CC1CCCCC1)C1Cc4ccc(O)c5c4C3(CCN1CC1CC1)C2O5,0.0,0.0,0.0,0.0,0.0,0.0,10.29,0.0,0.0,0.0,0.0,0.0,0.0,0.0,0.0,0.0,0.0,0.0,0.0,0.0,0.0,0.0,0.0,0.0,0.0,0.0
COC12CCC3(CC1C(C)(O)CCC(C)C)C1Cc4ccc(O)c5c4C3(CCN1CC1CC1)C2O5,0.0,0.0,0.0,0.0,0.0,0.0,10.22,0.0,0.0,0.0,0.0,0.0,0.0,0.0,0.0,0.0,0.0,0.0,0.0,0.0,0.0,0.0,0.0,0.0,0.0,0.0
COC12CCC3(CC1C(C)(O)CCC1CCCC1)C1Cc4ccc(O)c5c4C3(CCN1CC1CC1)C2O5,0.0,0.0,0.0,0.0,0.0,0.0,9.92,0.0,0.0,0.0,0.0,0.0,0.0,0.0,0.0,0.0,0.0,0.0,0.0,0.0,0.0,0.0,0.0,0.0,0.0,0.0
COC12CCC3(CC1C(C)(O)CCC1CCCCC1)C1Cc4ccc(O)c5c4C3(CCN1CC1CC1)C2O5,0.0,0.0,0.0,0.0,0.0,0.0,9.8,0.0,0.0,0.0,0.0,0.0,0.0,0.0,0.0,0.0,0.0,0.0,0.0,0.0,0.0,0.0,0.0,0.0,0.0,0.0
COC12CCC3(CC1C(C)(O)CCc1ccccc1)C1Cc4ccc(O)c5c4C3(CCN1CC1CC1)C2O5,0.0,0.0,0.0,0.0,0.0,0.0,10.19,0.0,0.0,0.0,0.0,0.0,0.0,0.0,0.0,0.0,0.0,0.0,0.0,0.0,0.0,0.0,0.0,0.0,0.0,0.0
COC12CCC3(CC1C(C)(O)Cc1ccccc1)C1Cc4ccc(O)c5c4C3(CCN1CC1CC1)C2O5,0.0,0.0,0.0,0.0,0.0,0.0,10.09,0.0,0.0,0.0,0.0,0.0,0.0,0.0,0.0,0.0,0.0,0.0,0.0,0.0,0.0,0.0,0.0,0.0,0.0,0.0
COC12CCC3(CC1C(C)(O)c1ccc(C(C)(C)C)cc1)C1Cc4ccc(O)c5c4C3(CCN1CC1CC1)C2O5,0.0,0.0,0.0,0.0,0.0,0.0,8.05,0.0,0.0,0.0,0.0,0.0,0.0,0.0,0.0,0.0,0.0,0.0,0.0,0.0,0.0,0.0,0.0,0.0,0.0,0.0
COC12CCC3(CC1C(C)(O)c1ccccc1)C1Cc4ccc(O)c5c4C3(CCN1CC1CC1)C2O5,0.0,0.0,0.0,0.0,0.0,0.0,9.31,0.0,0.0,0.0,0.0,0.0,0.0,0.0,0.0,0.0,0.0,0.0,0.0,0.0,0.0,0.0,0.0,0.0,0.0,0.0
COC12CCC3(CC1C(O)C(C)C)C1Cc4ccc(O)c5c4C3(CCN1CC1CC1)C2O5,0.0,0.0,0.0,0.0,0.0,0.0,10.17,0.0,0.0,0.0,0.0,0.0,0.0,0.0,0.0,0.0,0.0,0.0,0.0,0.0,0.0,0.0,0.0,0.0,0.0,0.0
COC12CCC3(CC1C(O)C1CCCC1)C1Cc4ccc(O)c5c4C3(CCN1CC1CC1)C2O5,0.0,0.0,0.0,0.0,0.0,0.0,10.11,0.0,0.0,0.0,0.0,0.0,0.0,0.0,0.0,0.0,0.0,0.0,0.0,0.0,0.0,0.0,0.0,0.0,0.0,0.0
COC12CCC3(CC1C(O)C1CCCCC1)C1Cc4ccc(O)c5c4C3(CCN1CC1CC1)C2O5,0.0,0.0,0.0,0.0,0.0,0.0,10.05,0.0,0.0,0.0,0.0,0.0,0.0,0.0,0.0,0.0,0.0,0.0,0.0,0.0,0.0,0.0,0.0,0.0,0.0,0.0
COC12CCC3(CC1C(O)CC(C)C)C1Cc4ccc(O)c5c4C3(CCN1CC1CC1)C2O5,0.0,0.0,0.0,0.0,0.0,0.0,10.24,0.0,0.0,0.0,0.0,0.0,0.0,0.0,0.0,0.0,0.0,0.0,0.0,0.0,0.0,0.0,0.0,0.0,0.0,0.0
COC12CCC3(CC1C(O)CC1CCCC1)C1Cc4ccc(O)c5c4C3(CCN1CC1CC1)C2O5,0.0,0.0,0.0,0.0,0.0,0.0,10.07,0.0,0.0,0.0,0.0,0.0,0.0,0.0,0.0,0.0,0.0,0.0,0.0,0.0,0.0,0.0,0.0,0.0,0.0,0.0
COC12CCC3(CC1C(O)CC1CCCCC1)C1Cc4ccc(O)c5c4C3(CCN1CC1CC1)C2O5,0.0,0.0,0.0,0.0,0.0,0.0,10.82,0.0,0.0,0.0,0.0,0.0,0.0,0.0,0.0,0.0,0.0,0.0,0.0,0.0,0.0,0.0,0.0,0.0,0.0,0.0
COC12CCC3(CC1C(O)CCC(C)C)C1Cc4ccc(O)c5c4C3(CCN1CC1CC1)C2O5,0.0,0.0,0.0,0.0,0.0,0.0,10.48,0.0,0.0,0.0,0.0,0.0,0.0,0.0,0.0,0.0,0.0,0.0,0.0,0.0,0.0,0.0,0.0,0.0,0.0,0.0
COC12CCC3(CC1C(O)CCC1CCCC1)C1Cc4ccc(O)c5c4C3(CCN1CC1CC1)C2O5,0.0,0.0,0.0,0.0,0.0,0.0,10.21,0.0,0.0,0.0,0.0,0.0,0.0,0.0,0.0,0.0,0.0,0.0,0.0,0.0,0.0,0.0,0.0,0.0,0.0,0.0
COC12CCC3(CC1C(O)CCC1CCCCC1)C1Cc4ccc(O)c5c4C3(CCN1CC1CC1)C2O5,0.0,0.0,0.0,0.0,0.0,0.0,10.72,0.0,0.0,0.0,0.0,0.0,0.0,0.0,0.0,0.0,0.0,0.0,0.0,0.0,0.0,0.0,0.0,0.0,0.0,0.0
COC12CCC3(CC1C(O)CCc1ccccc1)C1Cc4ccc(O)c5c4C3(CCN1CC1CC1)C2O5,0.0,0.0,0.0,0.0,0.0,0.0,10.6,0.0,0.0,0.0,0.0,0.0,0.0,0.0,0.0,0.0,0.0,0.0,0.0,0.0,0.0,0.0,0.0,0.0,0.0,0.0
COC12CCC3(CC1C(O)Cc1ccccc1)C1Cc4ccc(O)c5c4C3(CCN1CC1CC1)C2O5,0.0,0.0,0.0,0.0,0.0,0.0,10.7,0.0,0.0,0.0,0.0,0.0,0.0,0.0,0.0,0.0,0.0,0.0,0.0,0.0,0.0,0.0,0.0,0.0,0.0,0.0
COC12CCC3(CC1C(O)c1ccccc1)C1Cc4ccc(O)c5c4C3(CCN1CC1CC1)C2O5,0.0,0.0,0.0,0.0,0.0,0.0,9.06,0.0,0.0,0.0,0.0,0.0,0.0,0.0,0.0,0.0,0.0,0.0,0.0,0.0,0.0,0.0,0.0,0.0,0.0,0.0
COC12CCC3(CC1CNC(=O)C(C)N)C1Cc4ccc(O)c5c4C3(CCN1CC1CC1)C2O5,0.0,0.0,0.0,0.0,0.0,0.0,0.0,0.0,0.0,0.0,0.0,0.0,0.0,0.0,0.0,9.85,0.0,0.0,0.0,0.0,0.0,0.0,0.0,0.0,0.0,0.0
COC12CCC3(CC1CNC(=O)C(C)NC(C)=O)C1Cc4ccc(O)c5c4C3(CCN1CC1CC1)C2O5,0.0,0.0,0.0,0.0,0.0,0.0,0.0,0.0,0.0,0.0,0.0,0.0,0.0,0.0,0.0,9.46,0.0,0.0,0.0,0.0,0.0,0.0,0.0,0.0,0.0,0.0
COC12CCC3(CC1CNC(=O)C(CC(=O)O)NC(C)=O)C1Cc4ccc(O)c5c4C3(CCN1CC1CC1)C2O5,0.0,0.0,0.0,0.0,0.0,0.0,0.0,0.0,0.0,0.0,0.0,0.0,0.0,0.0,0.0,8.15,0.0,0.0,0.0,0.0,0.0,0.0,0.0,0.0,0.0,0.0
COC12CCC3(CC1CNC(=O)C(CC(C)C)NC(C)=O)C1Cc4ccc(O)c5c4C3(CCN1CC1CC1)C2O5,0.0,0.0,0.0,0.0,0.0,0.0,0.0,0.0,0.0,0.0,0.0,0.0,0.0,0.0,0.0,9.46,0.0,0.0,0.0,0.0,0.0,0.0,0.0,0.0,0.0,0.0
COC12CCC3(CC1CNC(=O)C(CC(N)=O)NC(C)=O)C1Cc4ccc(O)c5c4C3(CCN1CC1CC1)C2O5,0.0,0.0,0.0,0.0,0.0,0.0,0.0,0.0,0.0,0.0,0.0,0.0,0.0,0.0,0.0,9.21,0.0,0.0,0.0,0.0,0.0,0.0,0.0,0.0,0.0,0.0
COC12CCC3(CC1CNC(=O)C(CO)NC(C)=O)C1Cc4ccc(O)c5c4C3(CCN1CC1CC1)C2O5,0.0,0.0,0.0,0.0,0.0,0.0,0.0,0.0,0.0,0.0,0.0,0.0,0.0,0.0,0.0,9.21,0.0,0.0,0.0,0.0,0.0,0.0,0.0,0.0,0.0,0.0
COC12CCC3(CC1CNC(=O)C(Cc1c[nH]cn1)NC(C)=O)C1Cc4ccc(O)c5c4C3(CCN1CC1CC1)C2O5,0.0,0.0,0.0,0.0,0.0,0.0,0.0,0.0,0.0,0.0,0.0,0.0,0.0,0.0,0.0,9.02,0.0,0.0,0.0,0.0,0.0,0.0,0.0,0.0,0.0,0.0
COC12CCC3(CC1CNC(=O)C(Cc1ccc(O)cc1)NC(C)=O)C1Cc4ccc(O)c5c4C3(CCN1CC1CC1)C2O5,0.0,0.0,0.0,0.0,0.0,0.0,0.0,0.0,0.0,0.0,0.0,0.0,0.0,0.0,0.0,9.89,0.0,0.0,0.0,0.0,0.0,0.0,0.0,0.0,0.0,0.0
COC12CCC3(CC1CNC(=O)C(Cc1ccccc1)NC(C)=O)C1Cc4ccc(O)c5c4C3(CCN1CC1CC1)C2O5,0.0,0.0,0.0,0.0,0.0,0.0,0.0,0.0,0.0,0.0,0.0,0.0,0.0,0.0,0.0,9.8,0.0,0.0,0.0,0.0,0.0,0.0,0.0,0.0,0.0,0.0
COC12CCC3(CC1CNC(=O)C(N)CC(=O)O)C1Cc4ccc(O)c5c4C3(CCN1CC1CC1)C2O5,0.0,0.0,0.0,0.0,0.0,0.0,0.0,0.0,0.0,0.0,0.0,0.0,0.0,0.0,0.0,8.52,0.0,0.0,0.0,0.0,0.0,0.0,0.0,0.0,0.0,0.0
COC12CCC3(CC1CNC(=O)C(N)CC(C)C)C1Cc4ccc(O)c5c4C3(CCN1CC1CC1)C2O5,0.0,0.0,0.0,0.0,0.0,0.0,0.0,0.0,0.0,0.0,0.0,0.0,0.0,0.0,0.0,10.22,0.0,0.0,0.0,0.0,0.0,0.0,0.0,0.0,0.0,0.0
COC12CCC3(CC1CNC(=O)C(N)CC(N)=O)C1Cc4ccc(O)c5c4C3(CCN1CC1CC1)C2O5,0.0,0.0,0.0,0.0,0.0,0.0,0.0,0.0,0.0,0.0,0.0,0.0,0.0,0.0,0.0,10.05,0.0,0.0,0.0,0.0,0.0,0.0,0.0,0.0,0.0,0.0
COC12CCC3(CC1CNC(=O)C(N)CO)C1Cc4ccc(O)c5c4C3(CCN1CC1CC1)C2O5,0.0,0.0,0.0,0.0,0.0,0.0,0.0,0.0,0.0,0.0,0.0,0.0,0.0,0.0,0.0,9.74,0.0,0.0,0.0,0.0,0.0,0.0,0.0,0.0,0.0,0.0
COC12CCC3(CC1CNC(=O)C(N)Cc1c[nH]cn1)C1Cc4ccc(O)c5c4C3(CCN1CC1CC1)C2O5,0.0,0.0,0.0,0.0,0.0,0.0,0.0,0.0,0.0,0.0,0.0,0.0,0.0,0.0,0.0,9.6,0.0,0.0,0.0,0.0,0.0,0.0,0.0,0.0,0.0,0.0
COC12CCC3(CC1CNC(=O)C(N)Cc1ccc(O)cc1)C1Cc4ccc(O)c5c4C3(CCN1CC1CC1)C2O5,0.0,0.0,0.0,0.0,0.0,0.0,0.0,0.0,0.0,0.0,0.0,0.0,0.0,0.0,0.0,9.89,0.0,0.0,0.0,0.0,0.0,0.0,0.0,0.0,0.0,0.0
COC12CCC3(CC1CNC(=O)C(N)Cc1ccccc1)C1Cc4ccc(O)c5c4C3(CCN1CC1CC1)C2O5,0.0,0.0,0.0,0.0,0.0,0.0,0.0,0.0,0.0,0.0,0.0,0.0,0.0,0.0,0.0,10.22,0.0,0.0,0.0,0.0,0.0,0.0,0.0,0.0,0.0,0.0
COC12CCC3(CC1CNC(=O)C1=CNC4C=CC=CC14)C1Cc4ccc(O)c5c4C3(CCN1CC1CC1)C2O5,0.0,0.0,0.0,0.0,0.0,0.0,0.0,0.0,0.0,0.0,0.0,0.0,0.0,0.0,0.0,9.96,0.0,0.0,0.0,0.0,0.0,0.0,0.0,0.0,0.0,0.0
COC12CCC3(CC1CNC(=O)C1CCCN1)C1Cc4ccc(O)c5c4C3(CCN1CC1CC1)C2O5,0.0,0.0,0.0,0.0,0.0,0.0,0.0,0.0,0.0,0.0,0.0,0.0,0.0,0.0,0.0,10.15,0.0,0.0,0.0,0.0,0.0,0.0,0.0,0.0,0.0,0.0
COC12CCC3(CC1CNC(=O)C1CCCN1C(C)=O)C1Cc4ccc(O)c5c4C3(CCN1CC1CC1)C2O5,0.0,0.0,0.0,0.0,0.0,0.0,0.0,0.0,0.0,0.0,0.0,0.0,0.0,0.0,0.0,9.8,0.0,0.0,0.0,0.0,0.0,0.0,0.0,0.0,0.0,0.0
COC12CCC3(CC1CNC(=O)C=Cc1ccc(C)cc1)C1Cc4ccc(O)c5c4C3(CCN1C)C2O5,0.0,0.0,0.0,0.0,0.0,0.0,0.0,0.0,0.0,0.0,0.0,0.0,0.0,0.0,8.51,0.0,0.0,0.0,0.0,0.0,0.0,0.0,0.0,0.0,0.0,0.0
COC12CCC3(CC1CNC(=O)C=Cc1ccc(Cl)cc1)C1Cc4ccc(O)c5c4C3(CCN1C)C2O5,0.0,0.0,0.0,0.0,0.0,0.0,0.0,0.0,0.0,0.0,0.0,0.0,0.0,0.0,8.73,0.0,0.0,0.0,0.0,0.0,0.0,0.0,0.0,0.0,0.0,0.0
COC12CCC3(CC1CNC(=O)C=Cc1ccc([N+](=O)[O-])cc1)C1Cc4ccc(O)c5c4C3(CCN1C)C2O5,0.0,0.0,0.0,0.0,0.0,0.0,0.0,0.0,0.0,0.0,0.0,0.0,0.0,0.0,8.76,0.0,0.0,0.0,0.0,0.0,0.0,0.0,0.0,0.0,0.0,0.0
COC12CCC3(CC1CNC(=O)C=Cc1ccccc1)C1Cc4ccc(O)c5c4C3(CCN1C)C2O5,0.0,0.0,0.0,0.0,0.0,0.0,0.0,0.0,0.0,0.0,0.0,0.0,0.0,0.0,8.28,0.0,0.0,0.0,0.0,0.0,0.0,0.0,0.0,0.0,0.0,0.0
COC12CCC3(CC1CNC(=O)C=Cc1ccccc1C)C1Cc4ccc(O)c5c4C3(CCN1C)C2O5,0.0,0.0,0.0,0.0,0.0,0.0,0.0,0.0,0.0,0.0,0.0,0.0,0.0,0.0,8.74,0.0,0.0,0.0,0.0,0.0,0.0,0.0,0.0,0.0,0.0,0.0
COC12CCC3(CC1CNC(=O)C=Cc1ccccc1Cl)C1Cc4ccc(O)c5c4C3(CCN1C)C2O5,0.0,0.0,0.0,0.0,0.0,0.0,0.0,0.0,0.0,0.0,0.0,0.0,0.0,0.0,8.79,0.0,0.0,0.0,0.0,0.0,0.0,0.0,0.0,0.0,0.0,0.0
COC12CCC3(CC1CNC(=O)CCC(=O)O)C1Cc4ccc(O)c5c4C3(CCN1CC1CC1)C2O5,0.0,0.0,0.0,0.0,0.0,0.0,0.0,0.0,0.0,0.0,0.0,0.0,0.0,0.0,0.0,8.58,0.0,0.0,0.0,0.0,0.0,0.0,0.0,0.0,0.0,0.0
COC12CCC3(CC1CNC(=O)CCC(N)=O)C1Cc4ccc(O)c5c4C3(CCN1CC1CC1)C2O5,0.0,0.0,0.0,0.0,0.0,0.0,0.0,0.0,0.0,0.0,0.0,0.0,0.0,0.0,0.0,9.77,0.0,0.0,0.0,0.0,0.0,0.0,0.0,0.0,0.0,0.0
COC12CCC3(CC1CNC(=O)CCCCC(=O)O)C1Cc4ccc(O)c5c4C3(CCN1CC1CC1)C2O5,0.0,0.0,0.0,0.0,0.0,0.0,0.0,0.0,0.0,0.0,0.0,0.0,0.0,0.0,0.0,7.87,0.0,0.0,0.0,0.0,0.0,0.0,0.0,0.0,0.0,0.0
COC12CCC3(CC1CNC(=O)CCCCC(N)=O)C1Cc4ccc(O)c5c4C3(CCN1CC1CC1)C2O5,0.0,0.0,0.0,0.0,0.0,0.0,0.0,0.0,0.0,0.0,0.0,0.0,0.0,0.0,0.0,9.33,0.0,0.0,0.0,0.0,0.0,0.0,0.0,0.0,0.0,0.0
COC12CCC3(CC1CNC(=O)CCc1nnn[nH]1)C1Cc4ccc(O)c5c4C3(CCN1CC1CC1)C2O5,0.0,0.0,0.0,0.0,0.0,0.0,0.0,0.0,0.0,0.0,0.0,0.0,0.0,0.0,0.0,8.94,0.0,0.0,0.0,0.0,0.0,0.0,0.0,0.0,0.0,0.0
COC12CCC3(CC1CNC(=O)CN)C1Cc4ccc(O)c5c4C3(CCN1CC1CC1)C2O5,0.0,0.0,0.0,0.0,0.0,0.0,0.0,0.0,0.0,0.0,0.0,0.0,0.0,0.0,0.0,10.15,0.0,0.0,0.0,0.0,0.0,0.0,0.0,0.0,0.0,0.0
COC12CCC3(CC1CNC(=O)CNC(C)=O)C1Cc4ccc(O)c5c4C3(CCN1CC1CC1)C2O5,0.0,0.0,0.0,0.0,0.0,0.0,0.0,0.0,0.0,0.0,0.0,0.0,0.0,0.0,0.0,9.66,0.0,0.0,0.0,0.0,0.0,0.0,0.0,0.0,0.0,0.0
COC12CCC3(CC1CNC(=O)Nc1cccc(C)c1)C1Cc4ccc(O)c5c4C3(CCN1CC1CC1)C2O5,0.0,0.0,0.0,0.0,0.0,0.0,0.0,0.0,0.0,0.0,0.0,0.0,0.0,0.0,0.0,10.0,0.0,0.0,0.0,0.0,0.0,0.0,0.0,0.0,0.0,0.0
COC12CCC3(CC1CNC(=O)Nc1ccccc1)C1Cc4ccc(O)c5c4C3(CCN1CC1CC1)C2O5,0.0,0.0,0.0,0.0,0.0,0.0,0.0,0.0,0.0,0.0,0.0,0.0,0.0,0.0,0.0,10.1,0.0,0.0,0.0,0.0,0.0,0.0,0.0,0.0,0.0,0.0
COC12CCC3(CC1CNC(=O)c1ccccc1C(=O)O)C1Cc4ccc(O)c5c4C3(CCN1CC1CC1)C2O5,0.0,0.0,0.0,0.0,0.0,0.0,0.0,0.0,0.0,0.0,0.0,0.0,0.0,0.0,0.0,9.49,0.0,0.0,0.0,0.0,0.0,0.0,0.0,0.0,0.0,0.0
COC12CCC3(CC1CNC(=O)c1nccnc1C(=O)O)C1Cc4ccc(O)c5c4C3(CCN1CC1CC1)C2O5,0.0,0.0,0.0,0.0,0.0,0.0,0.0,0.0,0.0,0.0,0.0,0.0,0.0,0.0,0.0,7.82,0.0,0.0,0.0,0.0,0.0,0.0,0.0,0.0,0.0,0.0
COC12CCC3(CC1CNC(=O)c1nccnc1C(N)=O)C1Cc4ccc(O)c5c4C3(CCN1CC1CC1)C2O5,0.0,0.0,0.0,0.0,0.0,0.0,0.0,0.0,0.0,0.0,0.0,0.0,0.0,0.0,0.0,9.32,0.0,0.0,0.0,0.0,0.0,0.0,0.0,0.0,0.0,0.0
COC12CCC3(CC1CNCC=Cc1ccc(Cl)cc1)C1Cc4ccc(O)c5c4C3(CCN1C)C2O5,0.0,0.0,0.0,0.0,0.0,0.0,0.0,0.0,0.0,0.0,0.0,0.0,0.0,0.0,8.0,0.0,0.0,0.0,0.0,0.0,0.0,0.0,0.0,0.0,0.0,0.0
COC12CCC3(CC1CNCC=Cc1ccccc1)C1Cc4ccc(O)c5c4C3(CCN1C)C2O5,0.0,0.0,0.0,0.0,0.0,0.0,0.0,0.0,0.0,0.0,0.0,0.0,0.0,0.0,8.18,0.0,0.0,0.0,0.0,0.0,0.0,0.0,0.0,0.0,0.0,0.0
COC12CCC3(CC1CNS(=O)(=O)C(F)(F)F)C1Cc4ccc(O)c5c4C3(CCN1CC1CC1)C2O5,0.0,0.0,0.0,0.0,0.0,0.0,0.0,0.0,0.0,0.0,0.0,0.0,0.0,0.0,0.0,9.43,0.0,0.0,0.0,0.0,0.0,0.0,0.0,0.0,0.0,0.0
COC12CCC3(CC1CNS(=O)(=O)c1ccc(C)cc1)C1Cc4ccc(O)c5c4C3(CCN1CC1CC1)C2O5,0.0,0.0,0.0,0.0,0.0,0.0,0.0,0.0,0.0,0.0,0.0,0.0,0.0,0.0,0.0,10.15,0.0,0.0,0.0,0.0,0.0,0.0,0.0,0.0,0.0,0.0
COC12CCC3(CC1CNS(=O)(=O)c1ccccc1)C1Cc4ccc(O)c5c4C3(CCN1CC1CC1)C2O5,0.0,0.0,0.0,0.0,0.0,0.0,0.0,0.0,0.0,0.0,0.0,0.0,0.0,0.0,0.0,10.1,0.0,0.0,0.0,0.0,0.0,0.0,0.0,0.0,0.0,0.0
COC12CCC3(CC1CNS(C)(=O)=O)C1Cc4ccc(O)c5c4C3(CCN1CC1CC1)C2O5,0.0,0.0,0.0,0.0,0.0,0.0,0.0,0.0,0.0,0.0,0.0,0.0,0.0,0.0,0.0,9.13,0.0,0.0,0.0,0.0,0.0,0.0,0.0,0.0,0.0,0.0
COC12CCC3(CC1COCc1cc4ccccc4s1)C1Cc4ccc(O)c5c4C3(CC[N+]1(C)CC1CC1)C2O5,0.0,0.0,0.0,0.0,0.0,0.0,0.0,0.0,0.0,0.0,0.0,0.0,0.0,0.0,0.0,9.11,0.0,0.0,0.0,0.0,0.0,0.0,0.0,0.0,0.0,0.0
COC12CCC3(CC1COCc1ccc(C)cc1)C1Cc4ccc(O)c5c4C3(CC[N+]1(C)CC1CC1)C2O5,0.0,0.0,0.0,0.0,0.0,0.0,0.0,0.0,0.0,0.0,0.0,0.0,0.0,0.0,0.0,8.97,0.0,0.0,0.0,0.0,0.0,0.0,0.0,0.0,0.0,0.0
COC12CCC3(CC1COCc1ccc(Cl)cc1)C1Cc4ccc(O)c5c4C3(CC[N+]1(C)CC1CC1)C2O5,0.0,0.0,0.0,0.0,0.0,0.0,0.0,0.0,0.0,0.0,0.0,0.0,0.0,0.0,0.0,9.23,0.0,0.0,0.0,0.0,0.0,0.0,0.0,0.0,0.0,0.0
COC12CCC3(CC1COCc1ccc(F)cc1)C1Cc4ccc(O)c5c4C3(CC[N+]1(C)CC1CC1)C2O5,0.0,0.0,0.0,0.0,0.0,0.0,0.0,0.0,0.0,0.0,0.0,0.0,0.0,0.0,0.0,9.59,0.0,0.0,0.0,0.0,0.0,0.0,0.0,0.0,0.0,0.0
COC12CCC3(CC1COCc1cccc(C)c1)C1Cc4ccc(O)c5c4C3(CC[N+]1(C)CC1CC1)C2O5,0.0,0.0,0.0,0.0,0.0,0.0,0.0,0.0,0.0,0.0,0.0,0.0,0.0,0.0,0.0,9.54,0.0,0.0,0.0,0.0,0.0,0.0,0.0,0.0,0.0,0.0
COC12CCC3(CC1COCc1cccc(Cl)c1)C1Cc4ccc(O)c5c4C3(CC[N+]1(C)CC1CC1)C2O5,0.0,0.0,0.0,0.0,0.0,0.0,0.0,0.0,0.0,0.0,0.0,0.0,0.0,0.0,0.0,9.57,0.0,0.0,0.0,0.0,0.0,0.0,0.0,0.0,0.0,0.0
COC12CCC3(CC1COCc1cccc(F)c1)C1Cc4ccc(O)c5c4C3(CC[N+]1(C)CC1CC1)C2O5,0.0,0.0,0.0,0.0,0.0,0.0,0.0,0.0,0.0,0.0,0.0,0.0,0.0,0.0,0.0,9.6,0.0,0.0,0.0,0.0,0.0,0.0,0.0,0.0,0.0,0.0
COC12CCC3(CC1COCc1ccccc1)C1Cc4ccc(O)c5c4C3(CC[N+]1(C)CC1CC1)C2O5,0.0,0.0,0.0,0.0,0.0,0.0,0.0,0.0,0.0,0.0,0.0,0.0,0.0,0.0,0.0,9.26,0.0,0.0,0.0,0.0,0.0,0.0,0.0,0.0,0.0,0.0
COC12CCC3(CC1COCc1ccccc1C)C1Cc4ccc(O)c5c4C3(CC[N+]1(C)CC1CC1)C2O5,0.0,0.0,0.0,0.0,0.0,0.0,0.0,0.0,0.0,0.0,0.0,0.0,0.0,0.0,0.0,9.33,0.0,0.0,0.0,0.0,0.0,0.0,0.0,0.0,0.0,0.0
COC12CCC3(CC1COCc1ccccc1Cl)C1Cc4ccc(O)c5c4C3(CC[N+]1(C)CC1CC1)C2O5,0.0,0.0,0.0,0.0,0.0,0.0,0.0,0.0,0.0,0.0,0.0,0.0,0.0,0.0,0.0,9.72,0.0,0.0,0.0,0.0,0.0,0.0,0.0,0.0,0.0,0.0
COC12CCC3(CC1COCc1ccccc1F)C1Cc4ccc(O)c5c4C3(CC[N+]1(C)CC1CC1)C2O5,0.0,0.0,0.0,0.0,0.0,0.0,0.0,0.0,0.0,0.0,0.0,0.0,0.0,0.0,0.0,9.7,0.0,0.0,0.0,0.0,0.0,0.0,0.0,0.0,0.0,0.0
COC12CCC3(CC1COCc1ccoc1)C1Cc4ccc(O)c5c4C3(CC[N+]1(C)CC1CC1)C2O5,0.0,0.0,0.0,0.0,0.0,0.0,0.0,0.0,0.0,0.0,0.0,0.0,0.0,0.0,0.0,9.54,0.0,0.0,0.0,0.0,0.0,0.0,0.0,0.0,0.0,0.0
COC12CCC3(CC1COCc1ccsc1)C1Cc4ccc(O)c5c4C3(CC[N+]1(C)CC1CC1)C2O5,0.0,0.0,0.0,0.0,0.0,0.0,0.0,0.0,0.0,0.0,0.0,0.0,0.0,0.0,0.0,9.7,0.0,0.0,0.0,0.0,0.0,0.0,0.0,0.0,0.0,0.0
COC12CCCC3(C)Oc4c(O)ccc5c4C31CCN(C)C2C5,0.0,0.0,0.0,0.0,0.0,0.0,0.0,0.0,0.0,0.0,0.0,0.0,0.0,0.0,0.0,0.0,0.0,0.0,0.0,0.0,0.0,8.1,0.0,0.0,0.0,0.0
COC12CCCC3Oc4c(O)ccc5c4C31CCN(C)C2C5,0.0,0.0,0.0,0.0,0.0,0.0,0.0,0.0,0.0,0.0,0.0,0.0,0.0,0.0,0.0,0.0,0.0,0.0,0.0,0.0,0.0,8.4,0.0,0.0,0.0,0.0
COC12CCCCC13CCN(CC1CCC1)C2Cc1ccc(O)cc13,0.0,0.0,0.0,0.0,0.0,0.0,9.7,0.0,0.0,0.0,0.0,0.0,0.0,0.0,0.0,0.0,0.0,0.0,0.0,0.0,0.0,0.0,0.0,0.0,0.0,0.0
COC12CCCCC13CCN(CC1CCC1)C2Cc1ccc(OC(=O)CCCCCCCCC(=O)OCc2ccccc2)cc13,0.0,0.0,0.0,0.0,0.0,0.0,9.64,0.0,0.0,0.0,0.0,0.0,0.0,0.0,0.0,0.0,0.0,0.0,0.0,0.0,0.0,0.0,0.0,0.0,0.0,0.0
COC12CCCCC13CCN(CC1CCC1)C2Cc1ccc(OC(=O)CCCCCCCCC(=O)Oc2ccc4c(c2)C25CCCCC2(OC)C(C4)N(CC2CCC2)CC5)cc13,0.0,0.0,0.0,0.0,0.0,0.0,9.43,0.0,0.0,0.0,0.0,0.0,0.0,0.0,0.0,0.0,0.0,0.0,0.0,0.0,0.0,0.0,0.0,0.0,0.0,0.0
COC12Cc3cc(-c4ccc(Cl)cc4)cnc3C3Oc4c(O)ccc5c4C31CCN(C)C2C5,0.0,0.0,0.0,0.0,0.0,0.0,7.55,0.0,0.0,0.0,0.0,0.0,0.0,0.0,0.0,0.0,0.0,0.0,0.0,0.0,0.0,0.0,0.0,0.0,0.0,0.0
COC12Cc3cc(-c4ccc(Cl)cc4)cnc3C3Oc4c(O)ccc5c4C31CCN(CC1CC1)C2C5,0.0,0.0,0.0,0.0,0.0,0.0,8.27,0.0,0.0,0.0,0.0,0.0,0.0,0.0,0.0,0.0,0.0,0.0,0.0,0.0,0.0,0.0,0.0,0.0,0.0,0.0
COC1CCCN1S(=O)(=O)c1ccccc1-c1ccc(CNCC(C)C)cc1,0.0,0.0,0.0,0.0,0.0,0.0,8.33,0.0,0.0,0.0,0.0,0.0,0.0,0.0,0.0,0.0,0.0,0.0,0.0,0.0,0.0,0.0,0.0,0.0,0.0,0.0
COC1CCN(Cc2ccc(-c3ccccc3S(=O)(=O)N3CCCC3)cc2)CC1,0.0,0.0,0.0,0.0,0.0,0.0,8.66,0.0,0.0,0.0,0.0,0.0,0.0,0.0,0.0,0.0,0.0,0.0,0.0,0.0,0.0,0.0,0.0,0.0,0.0,0.0
COC1Cc2ccc(O)cc2C(C)(C)C1N,0.0,0.0,0.0,0.0,0.0,0.0,6.83,0.0,0.0,0.0,0.0,0.0,0.0,0.0,0.0,0.0,0.0,0.0,0.0,0.0,0.0,0.0,0.0,0.0,0.0,0.0
COC1Cc2ccc(O)cc2C(C)(C)C1NCC=Cc1ccccc1,0.0,0.0,0.0,0.0,0.0,0.0,8.12,0.0,0.0,0.0,0.0,0.0,0.0,0.0,0.0,0.0,0.0,0.0,0.0,0.0,0.0,0.0,0.0,0.0,0.0,0.0
COCC(=O)N1CCC(NC(=O)C(N)Cc2c(C)cc(O)cc2C)c2cc(Cc3ccccc3)ccc21,0.0,0.0,0.0,0.0,0.0,0.0,7.47,0.0,0.0,0.0,0.0,0.0,0.0,0.0,0.0,0.0,0.0,0.0,0.0,0.0,0.0,0.0,0.0,0.0,0.0,0.0
COCC(=O)N1CCC(c2ccccc2)(c2nccn2Cc2ccc(C(=O)OC)cc2)CC1,0.0,0.0,0.0,0.0,0.0,0.0,0.0,0.0,0.0,0.0,0.0,0.0,0.0,0.0,7.19,0.0,0.0,0.0,0.0,0.0,0.0,0.0,0.0,0.0,0.0,0.0
COCC(=O)N1CCC(c2ccccc2)(c2nccn2Cc2ccccc2)CC1,0.0,0.0,0.0,0.0,0.0,0.0,0.0,0.0,0.0,0.0,0.0,0.0,0.0,0.0,6.21,0.0,0.0,0.0,0.0,0.0,0.0,0.0,0.0,0.0,0.0,0.0
COCC(C)NCc1ccc(-c2ccccc2S(=O)(=O)N2CCCC2)cc1,0.0,0.0,0.0,0.0,0.0,0.0,8.07,0.0,0.0,0.0,0.0,0.0,0.0,0.0,0.0,0.0,0.0,0.0,0.0,0.0,0.0,0.0,0.0,0.0,0.0,0.0
COCC(c1ccccc1)N1CCC(O)(c2ccccc2)CC1,0.0,0.0,0.0,0.0,0.0,0.0,5.75,0.0,0.0,0.0,0.0,0.0,0.0,0.0,0.0,0.0,0.0,0.0,0.0,0.0,0.0,0.0,0.0,0.0,0.0,0.0
COCC1(C)CC(C(=O)OC)C2(C)CCC3C(=O)OC(c4ccoc4)CC3(C)C2C1=O,0.0,0.0,0.0,0.0,0.0,0.0,8.33,0.0,0.0,0.0,0.0,0.0,0.0,0.0,0.0,0.0,0.0,0.0,0.0,0.0,0.0,0.0,0.0,0.0,0.0,0.0
COCC1(CCOCCI)CC(C(=O)OC)C2(C)CCC3C(=O)OC(c4ccoc4)CC3(C)C2C1=O,0.0,0.0,0.0,0.0,0.0,0.0,6.97,0.0,0.0,0.0,0.0,0.0,0.0,0.0,0.0,0.0,0.0,0.0,0.0,0.0,0.0,0.0,0.0,0.0,0.0,0.0
COCC1CC(OC(C)=O)C(=O)C2C1(C)CC(=O)C1COC(c3ccoc3)CC12C,0.0,0.0,0.0,0.0,0.0,0.0,6.11,0.0,0.0,0.0,0.0,0.0,0.0,0.0,0.0,0.0,0.0,0.0,0.0,0.0,0.0,0.0,0.0,0.0,0.0,0.0
COCC1CC2(C)C(CCC3(C)C(C(=O)OC)CC(OC(C)=O)C(=O)C32)C(=O)O1,0.0,0.0,0.0,0.0,0.0,0.0,6.3,0.0,0.0,0.0,0.0,0.0,0.0,0.0,6.3,0.0,0.0,0.0,0.0,0.0,0.0,0.0,0.0,0.0,0.0,0.0
COCCOCC(=O)OCC1CC(OC(C)=O)C(=O)C2C1(C)CCC1C(=O)OC(c3ccoc3)CC12C,0.0,0.0,0.0,0.0,0.0,0.0,6.21,0.0,0.0,0.0,0.0,0.0,0.0,0.0,0.0,0.0,0.0,0.0,0.0,0.0,0.0,0.0,0.0,0.0,0.0,0.0
COCCOCOC1CC(C(=O)OC)C2(C)CCC3C(=O)OC(c4ccoc4)CC3(C)C2C1=O,0.0,0.0,0.0,0.0,0.0,0.0,6.85,0.0,0.0,0.0,0.0,0.0,0.0,0.0,0.0,0.0,0.0,0.0,0.0,0.0,0.0,0.0,0.0,0.0,0.0,0.0
COCOC(=O)C1CC(OC(C)=O)C(=O)C2C1(C)CCC1C(=O)OC(c3ccoc3)CC12C,0.0,0.0,0.0,0.0,0.0,0.0,7.0,0.0,0.0,0.0,0.0,0.0,0.0,0.0,0.0,0.0,0.0,0.0,0.0,0.0,0.0,0.0,0.0,0.0,0.0,0.0
COCOC1CC(C(=O)OC)C2(C)CCC3C(=O)OC(C(=O)N4CCCCC4)CC3(C)C2C1=O,0.0,0.0,0.0,0.0,0.0,0.0,7.23,0.0,0.0,0.0,0.0,0.0,0.0,0.0,0.0,0.0,0.0,0.0,0.0,0.0,0.0,0.0,0.0,0.0,0.0,0.0
COCOC1CC(C(=O)OC)C2(C)CCC3C(=O)OC(c4ccoc4)CC3(C)C2C1=O,0.0,0.0,0.0,0.0,0.0,0.0,9.22,0.0,0.0,0.0,0.0,0.0,0.0,0.0,0.0,0.0,0.0,0.0,0.0,0.0,0.0,0.0,9.4,0.0,0.0,0.0
COCc1ccc(-c2ccc(N(CC(N)C(C)OC)C(=O)C3CC3c3ccccn3)cc2)cc1,0.0,5.64,0.0,0.0,0.0,0.0,0.0,0.0,0.0,0.0,0.0,0.0,0.0,0.0,0.0,0.0,0.0,0.0,0.0,0.0,0.0,0.0,0.0,0.0,0.0,0.0
CONC(=N)N=c1[nH]c2ccccc2n1C1CCN(C2CCCCCCC2)CC1,0.0,0.0,0.0,0.0,0.0,0.0,0.0,0.0,0.0,0.0,0.0,0.0,0.0,0.0,0.0,7.58,0.0,0.0,0.0,0.0,0.0,0.0,0.0,0.0,0.0,0.0
COc1c(C(N)=O)ccc2c1C13CCN(CC4CC4)C(C2)C1(O)CCC(=O)C3,0.0,0.0,0.0,0.0,0.0,0.0,7.64,0.0,0.0,0.0,0.0,0.0,0.0,0.0,0.0,0.0,0.0,0.0,0.0,0.0,0.0,0.0,0.0,0.0,0.0,0.0
COc1c(F)cccc1C(=O)N1CC(C)CCC1CNc1ccc(Br)cn1,0.0,0.0,0.0,0.0,0.0,0.0,0.0,0.0,0.0,0.0,0.0,0.0,0.0,0.0,6.5,0.0,0.0,0.0,0.0,0.0,0.0,0.0,0.0,0.0,0.0,0.0
COc1c(O)ccc2c1C13CCN(C)C(C2)C1(O)Cc1c([nH]c2ccccc12)C3,0.0,0.0,0.0,0.0,0.0,0.0,6.24,0.0,0.0,0.0,0.0,0.0,0.0,0.0,0.0,0.0,0.0,0.0,0.0,0.0,0.0,0.0,0.0,0.0,0.0,0.0
COc1c(O)ccc2c1C13CCN(CC4CC4)C(C2)C1(O)Cc1c([nH]c2ccccc12)C3,0.0,0.0,0.0,0.0,0.0,0.0,7.1,0.0,0.0,0.0,0.0,0.0,0.0,0.0,0.0,0.0,0.0,0.0,0.0,0.0,0.0,0.0,0.0,0.0,0.0,0.0
COc1cc(-c2cnc3c(c2)CC2(OCCCc4ccccc4)C4Cc5ccc(O)c6c5C2(CCN4CC2CC2)C3O6)ccn1,0.0,0.0,0.0,0.0,0.0,0.0,8.18,0.0,0.0,0.0,0.0,0.0,0.0,0.0,0.0,0.0,0.0,0.0,0.0,0.0,0.0,0.0,0.0,0.0,0.0,0.0
COc1cc(CC(=O)N(C)C(CN2CCC(O)C2)c2ccccc2)c(S(=O)(=O)N(C)C)cc1OC,0.0,0.0,0.0,0.0,0.0,0.0,0.0,0.0,0.0,0.0,0.0,0.0,0.0,0.0,0.0,0.0,0.0,0.0,8.8,0.0,0.0,0.0,0.0,0.0,0.0,0.0
COc1cc(CC(=O)N(C)C(CN2CCC(O)C2)c2ccccc2)c(S(=O)(=O)N2CCCC2)cc1OC,0.0,0.0,0.0,0.0,0.0,0.0,0.0,0.0,0.0,0.0,0.0,0.0,0.0,0.0,0.0,0.0,0.0,0.0,8.96,0.0,0.0,0.0,0.0,0.0,0.0,0.0
COc1cc(CC(=O)N(C)C(CN2CCC(O)C2)c2ccccc2)c(S(=O)(=O)N2CCN(C)CC2)cc1OC,0.0,0.0,0.0,0.0,0.0,0.0,0.0,0.0,0.0,0.0,0.0,0.0,0.0,0.0,0.0,0.0,0.0,0.0,8.42,0.0,0.0,0.0,0.0,0.0,0.0,0.0
COc1cc(CC(=O)N(C)C(CN2CCC(O)C2)c2ccccc2)c(S(=O)(=O)N2CCOCC2)cc1OC,0.0,0.0,0.0,0.0,0.0,0.0,0.0,0.0,0.0,0.0,0.0,0.0,0.0,0.0,0.0,0.0,0.0,0.0,8.85,0.0,0.0,0.0,0.0,0.0,0.0,0.0
COc1cc(CC(=O)N(C)C(CN2CCCC2)c2ccccc2)c(S(=O)(=O)N(C)C)cc1OC,0.0,0.0,0.0,0.0,0.0,0.0,0.0,0.0,0.0,0.0,0.0,0.0,0.0,0.0,0.0,0.0,0.0,0.0,9.3,0.0,0.0,0.0,0.0,0.0,0.0,0.0
COc1cc(CC(=O)N(C)C(CN2CCCC2)c2ccccc2)c(S(=O)(=O)N(C)Cc2ccccc2)cc1OC,0.0,0.0,0.0,0.0,0.0,0.0,0.0,0.0,0.0,0.0,0.0,0.0,0.0,0.0,0.0,0.0,0.0,0.0,9.17,0.0,0.0,0.0,0.0,0.0,0.0,0.0
COc1cc(CC(=O)N(C)C(CN2CCCC2)c2ccccc2)c(S(=O)(=O)N2CCCC2)cc1OC,0.0,0.0,0.0,0.0,0.0,0.0,0.0,0.0,0.0,0.0,0.0,0.0,0.0,0.0,0.0,0.0,0.0,0.0,9.51,0.0,0.0,0.0,0.0,0.0,0.0,0.0
COc1cc(CC(=O)N(C)C(CN2CCCC2)c2ccccc2)c(S(=O)(=O)N2CCN(C)CC2)cc1OC,0.0,0.0,0.0,0.0,0.0,0.0,0.0,0.0,0.0,0.0,0.0,0.0,0.0,0.0,0.0,0.0,0.0,0.0,8.89,0.0,0.0,0.0,0.0,0.0,0.0,0.0
COc1cc(CC(=O)N(C)C(CN2CCCC2)c2ccccc2)c(S(=O)(=O)N2CCOCC2)cc1OC,0.0,0.0,0.0,0.0,0.0,0.0,0.0,0.0,0.0,0.0,0.0,0.0,0.0,0.0,0.0,0.0,0.0,0.0,9.26,0.0,0.0,0.0,0.0,0.0,0.0,0.0
COc1cc(CC(N)C(=O)N2CCCC2C(=O)NC(Cc2ccccc2)C(=O)NC(Cc2ccccc2)C(N)=O)cc(OC)c1O,0.0,0.0,0.0,0.0,0.0,0.0,5.35,0.0,0.0,0.0,0.0,0.0,0.0,0.0,0.0,0.0,0.0,0.0,0.0,0.0,0.0,0.0,0.0,0.0,0.0,0.0
COc1cc(CNC2C3C4CC5C6C4CC3C6C52)cc(OC)c1OC,0.0,0.0,0.0,0.0,0.0,0.0,0.0,0.0,0.0,0.0,0.0,0.0,0.0,0.0,5.7,0.0,0.0,0.0,0.0,0.0,0.0,0.0,0.0,0.0,0.0,0.0
COc1cc(NC2(CNC(=O)CNC(=N)N)CCN(Cc3ccccc3)CC2)cc(OC)c1,0.0,0.0,0.0,0.0,0.0,0.0,0.0,0.0,0.0,0.0,0.0,0.0,0.0,0.0,0.0,0.0,0.0,5.43,0.0,0.0,0.0,0.0,0.0,0.0,0.0,0.0
COc1cc(OC)cc(C(=O)NC2CCC3(O)C4Cc5ccc(O)c6c5C3(CCN4CC3CC3)C2O6)c1,0.0,0.0,0.0,0.0,0.0,0.0,9.54,0.0,0.0,0.0,0.0,0.0,0.0,0.0,0.0,0.0,0.0,0.0,0.0,0.0,0.0,0.0,0.0,0.0,0.0,0.0
COc1ccc(-c2ccc(CCNC(=O)c3ccc4c(c3)C3(C)CCN(CC5CC5)C(C4)C3C)cc2)c(C)c1,0.0,0.0,0.0,0.0,0.0,0.0,8.89,0.0,0.0,0.0,0.0,0.0,0.0,0.0,0.0,0.0,0.0,0.0,0.0,0.0,0.0,0.0,0.0,0.0,0.0,0.0
COc1ccc(-c2ccc(CCNC(=O)c3ccc4c(c3)C3(C)CCN(CC5CC5)C(C4)C3C)cc2)cc1,0.0,0.0,0.0,0.0,0.0,0.0,8.82,0.0,0.0,0.0,0.0,0.0,0.0,0.0,0.0,0.0,0.0,0.0,0.0,0.0,0.0,0.0,0.0,0.0,0.0,0.0
COc1ccc(-c2ccc(CCNC(=O)c3ccc4c(c3)C3(C)CCN(CC5CC5)C(C4)C3C)cc2)cc1C,0.0,0.0,0.0,0.0,0.0,0.0,8.77,0.0,0.0,0.0,0.0,0.0,0.0,0.0,0.0,0.0,0.0,0.0,0.0,0.0,0.0,0.0,0.0,0.0,0.0,0.0
COc1ccc(-c2ccc(CCNC(=O)c3ccc4c(c3)C3(C)CCN(CC5CC5)C(C4)C3C)cc2)cc1OC,0.0,0.0,0.0,0.0,0.0,0.0,8.89,0.0,0.0,0.0,0.0,0.0,0.0,0.0,0.0,0.0,0.0,0.0,0.0,0.0,0.0,0.0,0.0,0.0,0.0,0.0
COc1ccc(-c2cnc3c(c2)CC2(OCCCc4ccccc4)C4Cc5ccc(O)c6c5C2(CCN4CC2CC2)C3O6)cc1,0.0,0.0,0.0,0.0,0.0,0.0,6.85,0.0,0.0,0.0,0.0,0.0,0.0,0.0,0.0,0.0,0.0,0.0,0.0,0.0,0.0,0.0,0.0,0.0,0.0,0.0
COc1ccc(C(=O)C2(C)CC34CCC2(OC)C2Oc5c(OC)ccc6c5C23CCN(CC2CC2)C4C6)cc1,0.0,0.0,0.0,0.0,0.0,0.0,7.31,0.0,0.0,0.0,0.0,6.83,0.0,0.0,0.0,0.0,0.0,0.0,0.0,0.0,0.0,0.0,0.0,0.0,0.0,0.0
COc1ccc(C(=O)N2CCCC2C(=O)NC(CCCNC(=N)N)C(=O)NC(CCCNC(=N)N)C(=O)NC(CCC(N)=O)C(=O)NC(CS)C(=O)NC(CC2CCCCC2)C(=O)NC2CSSCC(C(N)=O)NC2=O)cc1,0.0,0.0,0.0,0.0,0.0,0.0,0.0,0.0,0.0,0.0,0.0,0.0,0.0,0.0,0.0,0.0,0.0,0.0,9.23,0.0,0.0,0.0,0.0,0.0,0.0,0.0
COc1ccc(C(=O)NCC(=O)N(C)C(CN2CCC(O)C2)c2ccccc2)cc1,0.0,0.0,0.0,0.0,0.0,0.0,0.0,0.0,0.0,0.0,0.0,0.0,0.0,0.0,7.32,0.0,0.0,0.0,0.0,0.0,0.0,0.0,0.0,0.0,0.0,0.0
COc1ccc(C(=O)Nc2cccc(C3CC45CCC3(OC)C3Oc6c(OC)ccc7c6C34CCN(CC3CC3)C5C7)c2)cc1,0.0,0.0,0.0,0.0,0.0,0.0,0.0,0.0,0.0,0.0,0.0,0.0,0.0,0.0,0.0,0.0,6.57,0.0,0.0,0.0,0.0,0.0,0.0,0.0,0.0,0.0
COc1ccc(C(O)C2(C)CC34CCC2(OC)C2Oc5c(OC)ccc6c5C23CCN(CC2CC2)C4C6)cc1,0.0,0.0,0.0,0.0,0.0,0.0,9.22,0.0,0.0,0.0,0.0,8.21,0.0,0.0,0.0,0.0,0.0,0.0,0.0,0.0,0.0,0.0,0.0,0.0,0.0,0.0
COc1ccc(C(c2ccc(OC)cc2)N2CCC(O)(c3ccccc3)CC2)cc1,0.0,0.0,0.0,0.0,0.0,0.0,5.54,0.0,0.0,0.0,0.0,0.0,0.0,0.0,0.0,0.0,0.0,0.0,0.0,0.0,0.0,0.0,0.0,0.0,0.0,0.0
COc1ccc(C2(O)CCN(C(c3ccccc3)c3ccccc3)CC2)cc1,0.0,0.0,0.0,0.0,0.0,0.0,4.99,0.0,0.0,0.0,0.0,0.0,0.0,0.0,0.0,0.0,0.0,0.0,0.0,0.0,0.0,0.0,0.0,0.0,0.0,0.0
COc1ccc(C2CC=CCN(C(CN3CCCC3)c3ccccc3)C2=O)cc1,0.0,0.0,0.0,0.0,0.0,0.0,0.0,0.0,0.0,0.0,0.0,0.0,0.0,0.0,7.66,0.0,0.0,0.0,0.0,0.0,0.0,0.0,0.0,0.0,0.0,0.0
COc1ccc(C2CCCN2Cc2ccc(Oc3ccc(C(=O)NO)cc3)cc2)cc1,0.0,0.0,0.0,0.0,0.0,0.0,6.75,0.0,0.0,0.0,0.0,0.0,0.0,0.0,0.0,0.0,0.0,0.0,0.0,0.0,0.0,0.0,0.0,0.0,0.0,0.0
COc1ccc(C2CCCN2Cc2ccc(Oc3ccc(C(N)=O)c4ccccc34)cc2)cc1,0.0,0.0,0.0,0.0,0.0,0.0,0.0,0.0,0.0,0.0,0.0,0.0,0.0,0.0,0.0,0.0,0.0,0.0,0.0,0.0,0.0,5.34,0.0,0.0,0.0,0.0
COc1ccc(C=C2CC3(O)C4Cc5ccc(O)c6c5C3(CCN4CC3CC3)C(O6)C2=O)cc1,0.0,0.0,0.0,0.0,0.0,0.0,0.0,0.0,0.0,0.0,0.0,0.0,0.0,0.0,0.0,0.0,0.0,0.0,0.0,0.0,0.0,7.56,0.0,0.0,0.0,0.0
COc1ccc(C=CC(=O)NCC2CC34CCC2(OC)C2Oc5c(OC)ccc6c5C23CCN(C)C4C6)cc1,0.0,0.0,0.0,0.0,0.0,0.0,0.0,0.0,0.0,0.0,0.0,0.0,0.0,0.0,6.96,0.0,0.0,0.0,0.0,0.0,0.0,0.0,0.0,0.0,0.0,0.0
COc1ccc(CC(=O)N(C)C(CN2CCCC2)c2ccccc2)cc1OC,0.0,0.0,0.0,0.0,0.0,0.0,0.0,0.0,0.0,0.0,0.0,0.0,0.0,0.0,0.0,0.0,0.0,0.0,8.55,0.0,0.0,0.0,0.0,0.0,0.0,0.0
COc1ccc(CC(=O)NC2CCC3(O)C4Cc5ccc(O)c6c5C3(CCN4CC3CC3)C2O6)cc1,0.0,0.0,0.0,0.0,0.0,0.0,9.38,0.0,0.0,0.0,0.0,0.0,0.0,0.0,0.0,0.0,0.0,0.0,0.0,0.0,0.0,0.0,0.0,0.0,0.0,0.0
COc1ccc(CC(=O)Oc2ccc3c(c2)C24CCCCC2(O)C(C3)N(CC2CCC2)CC4)cc1,0.0,0.0,0.0,0.0,0.0,0.0,9.68,0.0,0.0,0.0,0.0,0.0,0.0,0.0,0.0,0.0,0.0,0.0,0.0,0.0,0.0,0.0,0.0,0.0,0.0,0.0
COc1ccc(CC2C(=O)CC3CCN(CC4CCCCC4)C4CCCC2C34)cc1,0.0,0.0,0.0,0.0,0.0,5.79,0.0,0.0,0.0,0.0,0.0,0.0,0.0,0.0,0.0,0.0,0.0,0.0,0.0,0.0,0.0,0.0,0.0,0.0,0.0,0.0
COc1ccc(CC2NC(=O)C(Cc3c[nH]c4ccccc34)NC(=O)C(Cc3ccccc3)NC(=O)C3CCCN3C2=O)cc1,0.0,0.0,0.0,0.0,0.0,0.0,0.0,0.0,0.0,0.0,0.0,0.0,0.0,0.0,0.0,0.0,0.0,0.0,0.0,0.0,0.0,7.18,0.0,0.0,0.0,0.0
COc1ccc(CC2NC(=O)C3CCCN3C(=O)C(Cc3ccccc3)NC(=O)C(Cc3c[nH]c4ccccc34)NC2=O)cc1,0.0,0.0,0.0,0.0,0.0,0.0,0.0,0.0,0.0,0.0,0.0,0.0,0.0,0.0,0.0,0.0,0.0,0.0,0.0,0.0,0.0,7.85,0.0,0.0,0.0,0.0
COc1ccc(CCN(CCCc2ccccc2)CCc2ccc3c(c2)OCO3)cc1OC,0.0,0.0,0.0,0.0,0.0,0.0,0.0,0.0,0.0,0.0,0.0,0.0,0.0,0.0,0.0,0.0,0.0,6.44,0.0,0.0,0.0,0.0,0.0,0.0,0.0,0.0
COc1ccc(CN(C)CCCNC(=O)c2ccco2)cc1OC,0.0,0.0,0.0,0.0,0.0,0.0,0.0,0.0,0.0,0.0,0.0,0.0,0.0,0.0,5.38,0.0,0.0,0.0,0.0,0.0,0.0,0.0,0.0,0.0,0.0,0.0
COc1ccc(CN(C)c2ccc3c(c2)C24CCCCC2C(C3)N(CC2CCC2)CC4)cc1,0.0,0.0,0.0,0.0,0.0,0.0,8.07,0.0,0.0,0.0,0.0,0.0,0.0,0.0,0.0,0.0,0.0,0.0,0.0,0.0,0.0,0.0,0.0,0.0,0.0,0.0
COc1ccc(CN(Cc2ccc(OC)cc2)c2ccc3c(c2)C24CCCCC2C(C3)N(CC2CC2)CC4)cc1,0.0,0.0,0.0,0.0,0.0,0.0,8.41,0.0,0.0,0.0,0.0,0.0,0.0,0.0,0.0,0.0,0.0,0.0,0.0,0.0,0.0,0.0,0.0,0.0,0.0,0.0
COc1ccc(CN2C3C4C5CC6C7C5C3C7C2(O)C64)cc1OC,0.0,0.0,0.0,0.0,0.0,0.0,0.0,0.0,0.0,0.0,0.0,0.0,0.0,0.0,5.94,0.0,0.0,0.0,0.0,0.0,0.0,0.0,0.0,0.0,0.0,0.0
COc1ccc(CN2C=C3C4Cc5ccc(OC)cc5C3(CCN4CC3CC3)CC2=O)cc1,0.0,0.0,0.0,0.0,0.0,0.0,0.0,0.0,0.0,0.0,0.0,0.0,0.0,0.0,0.0,0.0,0.0,0.0,0.0,7.88,0.0,0.0,0.0,0.0,0.0,0.0
COc1ccc(CN2CC3C4Cc5ccc(OC)cc5C3(CCN4CC3CC3)CC2=O)cc1,0.0,0.0,0.0,0.0,0.0,0.0,0.0,0.0,0.0,0.0,0.0,0.0,0.0,0.0,0.0,0.0,0.0,0.0,0.0,6.39,0.0,0.0,0.0,0.0,0.0,0.0
COc1ccc(CN2CCC34CCN(CC5CC5)C(Cc5ccc(OC)cc53)C4C2)cc1,0.0,0.0,0.0,0.0,0.0,0.0,0.0,0.0,0.0,0.0,0.0,0.0,0.0,0.0,0.0,0.0,0.0,0.0,0.0,6.69,0.0,0.0,0.0,0.0,0.0,0.0
COc1ccc(CNCC(O)c2cccc(O)c2)cc1Br,0.0,0.0,0.0,0.0,0.0,0.0,0.0,0.0,0.0,0.0,0.0,0.0,0.0,0.0,0.0,0.0,0.0,6.64,0.0,0.0,0.0,0.0,0.0,0.0,0.0,0.0
COc1ccc(CNc2ccc3c(c2)C24CCCCC2C(C3)N(CC2CC2)CC4)cc1,0.0,0.0,0.0,0.0,0.0,0.0,9.29,0.0,0.0,0.0,0.0,0.0,0.0,0.0,0.0,0.0,0.0,0.0,0.0,0.0,0.0,0.0,0.0,0.0,0.0,0.0
COc1ccc(CNc2ccc3c(c2)C24CCCCC2C(C3)N(CC2CCC2)CC4)cc1,0.0,0.0,0.0,0.0,0.0,0.0,8.35,0.0,0.0,0.0,0.0,0.0,0.0,0.0,0.0,0.0,0.0,0.0,0.0,0.0,0.0,0.0,0.0,0.0,0.0,0.0
COc1ccc(CNc2cccc(C3CC45CCC3(OC)C3Oc6c(O)ccc7c6C34CCN(CC3CC3)C5C7)c2)cc1,0.0,0.0,0.0,0.0,0.0,0.0,0.0,0.0,0.0,0.0,0.0,0.0,0.0,0.0,0.0,0.0,10.8,0.0,0.0,0.0,0.0,0.0,0.0,0.0,0.0,0.0
COc1ccc(CNc2cccc(C3CC45CCC3(OC)C3Oc6c(OC)ccc7c6C34CCN(CC3CC3)C5C7)c2)cc1,0.0,0.0,0.0,0.0,0.0,0.0,0.0,0.0,0.0,0.0,0.0,0.0,0.0,0.0,0.0,0.0,8.15,0.0,0.0,0.0,0.0,0.0,0.0,0.0,0.0,0.0
COc1ccc(COCC2CC34CCC2(OC)C2Oc5c(OC)ccc6c5C23CC[N+](C)(CC2CC2)C4C6)cc1,0.0,0.0,0.0,0.0,0.0,0.0,0.0,0.0,0.0,0.0,0.0,0.0,0.0,0.0,0.0,7.24,0.0,0.0,0.0,0.0,0.0,0.0,0.0,0.0,0.0,0.0
COc1ccc(Cc2ccccc2)cc1C(C)NC(=O)C(N)Cc1c(C)cc(O)cc1C,0.0,0.0,0.0,0.0,0.0,0.0,6.48,0.0,0.0,0.0,0.0,0.0,0.0,0.0,0.0,0.0,0.0,0.0,0.0,0.0,0.0,0.0,0.0,0.0,0.0,0.0
COc1ccc(Cc2ccccc2)cc1CNC(=O)C(N)Cc1c(C)cc(O)cc1C,0.0,0.0,0.0,0.0,0.0,0.0,6.21,0.0,0.0,0.0,0.0,0.0,0.0,0.0,0.0,0.0,0.0,0.0,0.0,0.0,0.0,0.0,0.0,0.0,0.0,0.0
COc1ccc(N(CCCCN2CCC(O)(c3ccc(Cl)c(C(F)(F)F)c3)CC2)c2ccc(OC)cc2)cc1,0.0,0.0,0.0,0.0,0.0,0.0,0.0,0.0,0.0,0.0,0.0,0.0,0.0,0.0,0.0,0.0,0.0,0.0,0.0,0.0,0.0,5.0,0.0,0.0,0.0,0.0
COc1ccc(Nc2ccc3c(c2)C24CCCCC2C(C3)N(CC2CC2)CC4)cc1,0.0,0.0,0.0,0.0,0.0,0.0,10.52,0.0,0.0,0.0,0.0,0.0,0.0,0.0,0.0,0.0,0.0,0.0,0.0,0.0,0.0,0.0,0.0,0.0,0.0,0.0
COc1ccc(Nc2ccc3c(c2)C24CCCCC2C(C3)N(CC2CCC2)CC4)cc1,0.0,0.0,0.0,0.0,0.0,0.0,9.23,0.0,0.0,0.0,0.0,0.0,0.0,0.0,0.0,0.0,0.0,0.0,0.0,0.0,0.0,0.0,0.0,0.0,0.0,0.0
COc1ccc2c(c1)C1(CC(N)=O)CCN(CC3CC3)C(C2)C1CO,0.0,0.0,0.0,0.0,0.0,0.0,0.0,0.0,0.0,0.0,0.0,0.0,0.0,0.0,0.0,7.1,0.0,0.0,0.0,0.0,0.0,0.0,0.0,0.0,0.0,0.0
COc1ccc2c(c1)C1(CCO)CCN(CC3CC3)C(C2)C1CO,0.0,0.0,0.0,0.0,0.0,0.0,0.0,0.0,0.0,0.0,0.0,0.0,0.0,0.0,0.0,7.05,0.0,0.0,0.0,0.0,0.0,0.0,0.0,0.0,0.0,0.0
COc1ccc2c(c1)C13CCN(C)C(C2)C1Cc1c([nH]c2ccccc12)C3,6.41,0.0,0.0,0.0,0.0,0.0,0.0,0.0,0.0,0.0,0.0,0.0,0.0,0.0,0.0,0.0,0.0,0.0,0.0,0.0,0.0,0.0,0.0,0.0,0.0,0.0
COc1ccc2c(c1)C13CCN(C)CC1(C2)Cc1c([nH]c2ccccc12)C3,0.0,0.0,0.0,0.0,0.0,0.0,5.29,0.0,0.0,0.0,0.0,0.0,0.0,0.0,0.0,0.0,0.0,0.0,0.0,0.0,0.0,0.0,0.0,0.0,0.0,0.0
COc1ccc2c(c1)C13CCN(C)CC1(C2)Cc1c(n(C)c2ccccc12)C3,0.0,0.0,0.0,0.0,0.0,0.0,5.42,0.0,0.0,0.0,0.0,0.0,0.0,0.0,0.0,0.0,0.0,0.0,0.0,0.0,0.0,0.0,0.0,0.0,0.0,0.0
COc1ccc2c(c1)C13CCN(CC4CC4)C(C2)C1CNC(=O)C3,0.0,0.0,0.0,0.0,0.0,0.0,0.0,0.0,0.0,0.0,0.0,0.0,0.0,0.0,0.0,0.0,0.0,0.0,0.0,8.23,0.0,0.0,0.0,0.0,0.0,0.0
COc1ccc2c(c1)C13CCN(CC4CC4)C(C2)C1Cc1c([nH]c2ccccc12)C3,8.85,0.0,0.0,0.0,0.0,0.0,0.0,0.0,0.0,0.0,0.0,0.0,0.0,0.0,0.0,0.0,0.0,0.0,0.0,0.0,0.0,0.0,0.0,0.0,0.0,0.0
COc1ccc2c(c1)C13CCN(CC4CC4)C(C2)C1Cc1sc(N)nc1C3,0.0,0.0,0.0,0.0,0.0,0.0,8.72,0.0,0.0,0.0,0.0,0.0,0.0,0.0,0.0,0.0,0.0,0.0,0.0,0.0,0.0,0.0,0.0,0.0,0.0,0.0
COc1ccc2c(c1)C13CCN(CC4CC4)C(C2)C1Cc1sc(NC(C)=O)nc1C3,0.0,0.0,0.0,0.0,0.0,0.0,8.05,0.0,0.0,0.0,0.0,0.0,0.0,0.0,0.0,0.0,0.0,0.0,0.0,0.0,0.0,0.0,0.0,0.0,0.0,0.0
COc1ccc2c(c1)C13CCN(CC4CC4)CC1(C2)Cc1c([nH]c2ccccc12)C3,0.0,0.0,0.0,0.0,0.0,0.0,5.59,0.0,0.0,0.0,0.0,0.0,0.0,0.0,0.0,0.0,0.0,0.0,0.0,0.0,0.0,0.0,0.0,0.0,0.0,0.0
COc1ccc2c(c1)C13CCN(CC4CCC4)C(C2)C1Cc1c([nH]c2ccccc12)C3,7.05,0.0,0.0,0.0,0.0,0.0,0.0,0.0,0.0,0.0,0.0,0.0,0.0,0.0,0.0,0.0,0.0,0.0,0.0,0.0,0.0,0.0,0.0,0.0,0.0,0.0
COc1ccc2c(c1)C13CCNCC1C(C2)N(CC1CC1)CC3,0.0,0.0,0.0,0.0,0.0,0.0,0.0,0.0,0.0,0.0,0.0,0.0,0.0,0.0,0.0,0.0,0.0,0.0,0.0,7.43,0.0,0.0,0.0,0.0,0.0,0.0
COc1ccc2c(c1O)C13CCN(C)C(C2)C1(O)Cc1c([nH]c2ccccc12)C3,0.0,0.0,0.0,0.0,0.0,0.0,5.5,0.0,0.0,0.0,0.0,0.0,0.0,0.0,0.0,0.0,0.0,0.0,0.0,0.0,0.0,0.0,0.0,0.0,0.0,0.0
COc1ccc2c(c1O)C13CCN(C)C(C2)C12CC(=C(C)C)C3c1[nH]c3ccccc3c1C2,0.0,0.0,7.55,0.0,0.0,0.0,0.0,0.0,0.0,0.0,0.0,0.0,0.0,0.0,0.0,0.0,0.0,0.0,0.0,0.0,0.0,0.0,0.0,0.0,0.0,0.0
COc1ccc2c(c1O)C13CCN(C)C(C2)C12CC(=C(C)c1ccccc1)C3c1[nH]c3ccccc3c1C2,0.0,0.0,9.21,0.0,0.0,0.0,0.0,0.0,0.0,0.0,0.0,0.0,0.0,0.0,0.0,0.0,0.0,0.0,0.0,0.0,0.0,0.0,0.0,0.0,0.0,0.0
COc1ccc2c(c1O)C13CCN(C)C(C2)C12CC(=Cc1ccccc1)C3c1[nH]c3ccccc3c1C2,0.0,0.0,7.46,0.0,0.0,0.0,0.0,0.0,0.0,0.0,0.0,0.0,0.0,0.0,0.0,0.0,0.0,0.0,0.0,0.0,0.0,0.0,0.0,0.0,0.0,0.0
COc1ccc2c(c1O)C13CCN(C)C(C2)C12CCC(=O)C3C(=C(C)c1ccccc1)C2,0.0,0.0,9.85,0.0,0.0,0.0,0.0,0.0,0.0,0.0,0.0,0.0,0.0,0.0,0.0,0.0,0.0,0.0,0.0,0.0,0.0,0.0,0.0,0.0,0.0,0.0
COc1ccc2c(c1O)C13CCN(C)C(C2)C12CCC(=O)C3C(=Cc1ccccc1)C2,0.0,0.0,9.7,0.0,0.0,0.0,0.0,0.0,0.0,0.0,0.0,0.0,0.0,0.0,0.0,0.0,0.0,0.0,0.0,0.0,0.0,0.0,0.0,0.0,0.0,0.0
COc1ccc2c(c1OC)C13CCN(CC4CC4)C(C2)C1(O)Cc1c([nH]c2ccccc12)C3,0.0,0.0,0.0,0.0,0.0,0.0,5.84,0.0,0.0,0.0,0.0,0.0,0.0,0.0,0.0,0.0,0.0,0.0,0.0,0.0,0.0,0.0,0.0,0.0,0.0,0.0
COc1ccc2c3c1OC1C(=O)CCC4(NC(=O)C#Cc5ccc(Cl)cc5)C(C2)N(CC2CC2)CCC314,0.0,0.0,0.0,0.0,0.0,0.0,7.86,0.0,0.0,0.0,0.0,0.0,0.0,0.0,0.0,0.0,0.0,0.0,0.0,0.0,0.0,0.0,0.0,0.0,0.0,0.0
COc1ccc2c3c1OC1C(=O)CCC4(NC(=O)C#Cc5ccccc5)C(C2)N(CC2CC2)CCC314,0.0,0.0,0.0,0.0,0.0,0.0,8.11,0.0,0.0,0.0,0.0,0.0,0.0,0.0,0.0,0.0,0.0,0.0,0.0,0.0,0.0,0.0,0.0,0.0,0.0,0.0
COc1ccc2c3c1OC1C(=O)CCC4(NC(=O)C=CCc5ccc(Cl)cc5)C(C2)N(CC2CC2)CCC314,0.0,0.0,0.0,0.0,0.0,0.0,7.6,0.0,0.0,0.0,0.0,0.0,0.0,0.0,0.0,0.0,0.0,0.0,0.0,0.0,0.0,0.0,0.0,0.0,0.0,0.0
COc1ccc2c3c1OC1C(=O)CCC4(NC(=O)C=Cc5ccc(C)cc5)C(C2)N(C)CCC314,0.0,0.0,0.0,0.0,0.0,0.0,8.0,0.0,0.0,0.0,0.0,0.0,0.0,0.0,0.0,0.0,0.0,0.0,0.0,0.0,0.0,0.0,0.0,0.0,0.0,0.0
COc1ccc2c3c1OC1C(=O)CCC4(NC(=O)C=Cc5ccc(Cl)cc5)C(C2)N(CC2CC2)CCC314,0.0,0.0,0.0,0.0,0.0,0.0,7.79,0.0,0.0,0.0,0.0,0.0,0.0,0.0,0.0,0.0,0.0,0.0,0.0,0.0,0.0,0.0,0.0,0.0,0.0,0.0
COc1ccc2c3c1OC1C(=O)CCC4(NC(=O)C=Cc5ccccc5C)C(C2)N(C)CCC314,0.0,0.0,0.0,0.0,0.0,0.0,8.64,0.0,0.0,0.0,0.0,0.0,0.0,0.0,0.0,0.0,0.0,0.0,0.0,0.0,0.0,0.0,0.0,0.0,0.0,0.0
COc1ccc2c3c1OC1C(=O)CCC4(NC(=O)C=Cc5ccccc5Cl)C(C2)N(C)CCC314,0.0,0.0,0.0,0.0,0.0,0.0,8.6,0.0,0.0,0.0,0.0,0.0,0.0,0.0,0.0,0.0,0.0,0.0,0.0,0.0,0.0,0.0,0.0,0.0,0.0,0.0
COc1ccc2c3c1OC1C(=O)CCC4(NC(=O)CC=Cc5ccc(Cl)cc5)C(C2)N(CC2CC2)CCC314,0.0,0.0,0.0,0.0,0.0,0.0,7.67,0.0,0.0,0.0,0.0,0.0,0.0,0.0,0.0,0.0,0.0,0.0,0.0,0.0,0.0,0.0,0.0,0.0,0.0,0.0
COc1ccc2c3c1OC1C(=O)CCC4(NC(=O)CCCc5ccc(Cl)cc5)C(C2)N(CC2CC2)CCC314,0.0,0.0,0.0,0.0,0.0,0.0,8.12,0.0,0.0,0.0,0.0,0.0,0.0,0.0,0.0,0.0,0.0,0.0,0.0,0.0,0.0,0.0,0.0,0.0,0.0,0.0
COc1ccc2c3c1OC1C(=O)CCC4(NC(=O)Cc5ccc(Cl)cc5)C(C2)N(CC2CC2)CCC314,0.0,0.0,0.0,0.0,0.0,0.0,8.59,0.0,0.0,0.0,0.0,0.0,0.0,0.0,0.0,0.0,0.0,0.0,0.0,0.0,0.0,0.0,0.0,0.0,0.0,0.0
COc1ccc2c3c1OC1C(=O)CCC4(NCC#Cc5ccc(Cl)cc5)C(C2)N(CC2CC2)CCC314,0.0,0.0,0.0,0.0,0.0,0.0,7.13,0.0,0.0,0.0,0.0,0.0,0.0,0.0,0.0,0.0,0.0,0.0,0.0,0.0,0.0,0.0,0.0,0.0,0.0,0.0
COc1ccc2c3c1OC1C(=O)CCC4(NCC=CCc5ccc(Cl)cc5)C(C2)N(CC2CC2)CCC314,0.0,0.0,0.0,0.0,0.0,0.0,7.59,0.0,0.0,0.0,0.0,0.0,0.0,0.0,0.0,0.0,0.0,0.0,0.0,0.0,0.0,0.0,0.0,0.0,0.0,0.0
COc1ccc2c3c1OC1C(=O)CCC4(NCC=Cc5ccc(Cl)cc5)C(C2)N(CC2CC2)CCC314,0.0,0.0,0.0,0.0,0.0,0.0,7.27,0.0,0.0,0.0,0.0,0.0,0.0,0.0,0.0,0.0,0.0,0.0,0.0,0.0,0.0,0.0,0.0,0.0,0.0,0.0
COc1ccc2c3c1OC1C(=O)CCC4(NCCC=Cc5ccc(Cl)cc5)C(C2)N(CC2CC2)CCC314,0.0,0.0,0.0,0.0,0.0,0.0,7.47,0.0,0.0,0.0,0.0,0.0,0.0,0.0,0.0,0.0,0.0,0.0,0.0,0.0,0.0,0.0,0.0,0.0,0.0,0.0
COc1ccc2c3c1OC1C(=O)CCC4(NCCCCc5ccc(Cl)cc5)C(C2)N(CC2CC2)CCC314,0.0,0.0,0.0,0.0,0.0,0.0,7.38,0.0,0.0,0.0,0.0,0.0,0.0,0.0,0.0,0.0,0.0,0.0,0.0,0.0,0.0,0.0,0.0,0.0,0.0,0.0
COc1ccc2c3c1OC1C(=O)CCC4(NCCc5ccc(Cl)cc5)C(C2)N(CC2CC2)CCC314,0.0,0.0,0.0,0.0,0.0,0.0,7.88,0.0,0.0,0.0,0.0,0.0,0.0,0.0,0.0,0.0,0.0,0.0,0.0,0.0,0.0,0.0,0.0,0.0,0.0,0.0
COc1ccc2c3c1OC1C(=O)CCC4(O)C(C2)N(CC2CC2)CCC314,0.0,0.0,0.0,0.0,0.0,0.0,6.89,0.0,0.0,0.0,0.0,0.0,0.0,0.0,0.0,0.0,0.0,0.0,0.0,0.0,0.0,0.0,0.0,0.0,0.0,0.0
COc1ccc2c3c1OC1C(=O)CCC4(OC(=O)C=Cc5ccc(C)cc5)C(C2)N(CC2CC2)CCC314,0.0,0.0,0.0,0.0,0.0,0.0,7.44,0.0,0.0,0.0,0.0,0.0,0.0,0.0,0.0,0.0,0.0,0.0,0.0,0.0,0.0,0.0,0.0,0.0,0.0,0.0
COc1ccc2c3c1OC1C(=O)CCC4(OC(=O)C=Cc5ccc(Cl)cc5)C(C2)N(CC2CC2)CCC314,0.0,0.0,0.0,0.0,0.0,0.0,7.28,0.0,0.0,0.0,0.0,0.0,0.0,0.0,0.0,0.0,0.0,0.0,0.0,0.0,0.0,0.0,0.0,0.0,0.0,0.0
COc1ccc2c3c1OC1C(=O)CCC4(OC(=O)C=Cc5ccccc5)C(C2)N(CC2CC2)CCC314,0.0,0.0,0.0,0.0,0.0,0.0,8.37,0.0,0.0,0.0,0.0,0.0,0.0,0.0,0.0,0.0,0.0,0.0,0.0,0.0,0.0,0.0,0.0,0.0,0.0,0.0
COc1ccc2c3c1OC1C(=O)CCC4C(C2)N(C)CCC314,0.0,0.0,0.0,0.0,0.0,0.0,6.58,0.0,0.0,0.0,0.0,0.0,0.0,0.0,0.0,0.0,0.0,0.0,0.0,0.0,0.0,0.0,0.0,0.0,0.0,0.0
COc1ccc2c3c1OC1C(N(C)C(=O)C=Cc4ccoc4)CCC4(O)C(C2)N(C(=O)OC(C)(C)C)CCC314,0.0,0.0,0.0,0.0,6.74,0.0,0.0,0.0,0.0,0.0,0.0,0.0,0.0,0.0,0.0,0.0,0.0,0.0,0.0,0.0,0.0,0.0,0.0,0.0,0.0,0.0
COc1ccc2c3c1OC1C4(OC)C=CC5(C(c6ccc([N+](=O)[O-])cc6)C4)C(C2)N(C)CCC315,0.0,0.0,0.0,0.0,0.0,0.0,6.17,0.0,0.0,0.0,0.0,0.0,0.0,0.0,0.0,0.0,0.0,0.0,0.0,0.0,0.0,0.0,0.0,0.0,0.0,0.0
COc1ccc2c3c1OC1C4(OC)C=CC5(C(c6cccc([N+](=O)[O-])c6)C4)C(C2)N(C)CCC315,0.0,0.0,0.0,0.0,0.0,0.0,7.66,0.0,0.0,0.0,0.0,0.0,0.0,0.0,0.0,0.0,0.0,0.0,0.0,0.0,0.0,0.0,0.0,0.0,0.0,0.0
COc1ccc2c3c1OC1C4(OC)C=CC5(CC4C(=O)c4ccccc4)C(C2)N(CC2CC2)CCC315,0.0,0.0,0.0,0.0,0.0,0.0,9.4,0.0,0.0,0.0,0.0,0.0,0.0,0.0,0.0,0.0,0.0,0.0,0.0,0.0,0.0,0.0,0.0,0.0,0.0,0.0
COc1ccc2c3c1OC1C4(OC)C=CC5(CC4c4ccc(N)cc4)C(C2)N(C)CCC315,0.0,0.0,0.0,0.0,0.0,0.0,5.1,0.0,0.0,0.0,0.0,0.0,0.0,0.0,0.0,0.0,0.0,0.0,0.0,0.0,0.0,0.0,0.0,0.0,0.0,0.0
COc1ccc2c3c1OC1C4(OC)C=CC5(CC4c4ccc([N+](=O)[O-])cc4)C(C2)N(C)CCC315,0.0,0.0,0.0,0.0,0.0,0.0,5.0,0.0,0.0,0.0,0.0,0.0,0.0,0.0,0.0,0.0,0.0,0.0,0.0,0.0,0.0,0.0,0.0,0.0,0.0,0.0
COc1ccc2c3c1OC1C4(OC)C=CC5(CC4c4cccc(N)c4)C(C2)N(C)CCC315,0.0,0.0,0.0,0.0,0.0,0.0,4.8,0.0,0.0,0.0,0.0,0.0,0.0,0.0,0.0,0.0,0.0,0.0,0.0,0.0,0.0,0.0,0.0,0.0,0.0,0.0
COc1ccc2c3c1OC1C4(OC)C=CC5(CC4c4ccccc4N)C(C2)N(C)CCC315,0.0,0.0,0.0,0.0,0.0,0.0,5.0,0.0,0.0,0.0,0.0,0.0,0.0,0.0,0.0,0.0,0.0,0.0,0.0,0.0,0.0,0.0,0.0,0.0,0.0,0.0
COc1ccc2c3c1OC1C4(OC)CCC5(CC4(C)C(=O)c4cc(C)cc(C)c4)C(C2)N(CC2CC2)CCC315,0.0,0.0,0.0,0.0,0.0,0.0,0.0,0.0,0.0,0.0,0.0,7.1,0.0,0.0,0.0,0.0,0.0,0.0,0.0,0.0,0.0,0.0,0.0,0.0,0.0,0.0
COc1ccc2c3c1OC1C4(OC)CCC5(CC4(C)C(=O)c4ccc(-c6ccccc6)cc4)C(C2)N(CC2CC2)CCC315,0.0,0.0,0.0,0.0,0.0,0.0,6.58,0.0,0.0,0.0,0.0,6.33,0.0,0.0,0.0,0.0,0.0,0.0,0.0,0.0,0.0,0.0,0.0,0.0,0.0,0.0
COc1ccc2c3c1OC1C4(OC)CCC5(CC4(C)C(=O)c4ccc(C(C)C)cc4)C(C2)N(CC2CC2)CCC315,0.0,0.0,0.0,0.0,0.0,0.0,0.0,0.0,0.0,0.0,0.0,7.48,0.0,0.0,0.0,0.0,0.0,0.0,0.0,0.0,0.0,0.0,0.0,0.0,0.0,0.0
COc1ccc2c3c1OC1C4(OC)CCC5(CC4(C)C(=O)c4ccc(C(F)(F)F)cc4)C(C2)N(CC2CC2)CCC315,0.0,0.0,0.0,0.0,0.0,0.0,7.14,0.0,0.0,0.0,0.0,6.46,0.0,0.0,0.0,0.0,0.0,0.0,0.0,0.0,0.0,0.0,0.0,0.0,0.0,0.0
COc1ccc2c3c1OC1C4(OC)CCC5(CC4(C)C(=O)c4ccc(C)cc4)C(C2)N(CC2CC2)CCC315,0.0,0.0,0.0,0.0,0.0,0.0,0.0,0.0,0.0,0.0,0.0,7.08,0.0,0.0,0.0,0.0,0.0,0.0,0.0,0.0,0.0,0.0,0.0,0.0,0.0,0.0
COc1ccc2c3c1OC1C4(OC)CCC5(CC4(C)C(=O)c4ccc6ccccc6c4)C(C2)N(CC2CC2)CCC315,0.0,0.0,0.0,0.0,0.0,0.0,0.0,0.0,0.0,0.0,0.0,7.06,0.0,0.0,0.0,0.0,0.0,0.0,0.0,0.0,0.0,0.0,0.0,0.0,0.0,0.0
COc1ccc2c3c1OC1C4(OC)CCC5(CC4(C)C(=O)c4ccccc4)C(C2)N(CC2CC2)CCC315,0.0,0.0,0.0,0.0,0.0,0.0,7.48,0.0,0.0,0.0,0.0,7.39,0.0,0.0,0.0,0.0,0.0,0.0,0.0,0.0,0.0,0.0,0.0,0.0,0.0,0.0
COc1ccc2c3c1OC1C4(OC)CCC5(CC4(C)C(O)c4ccc(-c6ccccc6)cc4)C(C2)N(CC2CC2)CCC315,0.0,0.0,0.0,0.0,0.0,0.0,6.52,0.0,0.0,0.0,0.0,0.0,0.0,0.0,0.0,0.0,0.0,0.0,0.0,0.0,0.0,0.0,0.0,0.0,0.0,0.0
COc1ccc2c3c1OC1C4(OC)CCC5(CC4(C)C(O)c4ccc(C(C)C)cc4)C(C2)N(CC2CC2)CCC315,0.0,0.0,0.0,0.0,0.0,0.0,0.0,0.0,0.0,0.0,0.0,6.76,0.0,0.0,0.0,0.0,0.0,0.0,0.0,0.0,0.0,0.0,0.0,0.0,0.0,0.0
COc1ccc2c3c1OC1C4(OC)CCC5(CC4(C)C(O)c4ccc(C(F)(F)F)cc4)C(C2)N(CC2CC2)CCC315,0.0,0.0,0.0,0.0,0.0,0.0,8.04,0.0,0.0,0.0,0.0,10.29,0.0,0.0,0.0,0.0,0.0,0.0,0.0,0.0,0.0,0.0,0.0,0.0,0.0,0.0
COc1ccc2c3c1OC1C4(OC)CCC5(CC4(C)C(O)c4ccc(C)cc4)C(C2)N(CC2CC2)CCC315,0.0,0.0,0.0,0.0,0.0,0.0,0.0,0.0,0.0,0.0,0.0,7.88,0.0,0.0,0.0,0.0,0.0,0.0,0.0,0.0,0.0,0.0,0.0,0.0,0.0,0.0
COc1ccc2c3c1OC1C4(OC)CCC5(CC4(C)C(O)c4ccc(Cl)c(Cl)c4)C(C2)N(CC2CC2)CCC315,0.0,0.0,0.0,0.0,0.0,0.0,0.0,0.0,0.0,0.0,0.0,5.62,0.0,0.0,0.0,0.0,0.0,0.0,0.0,0.0,0.0,0.0,0.0,0.0,0.0,0.0
COc1ccc2c3c1OC1C4(OC)CCC5(CC4(C)C(O)c4ccccc4)C(C2)N(CC2CC2)CCC315,0.0,0.0,0.0,0.0,0.0,0.0,7.42,0.0,0.0,0.0,0.0,8.48,0.0,0.0,0.0,0.0,0.0,0.0,0.0,0.0,0.0,0.0,0.0,0.0,0.0,0.0
COc1ccc2c3c1OC1C4(OC)CCC5(CC4(C)C=O)C(C2)N(CC2CC2)CCC315,0.0,0.0,0.0,0.0,0.0,0.0,8.34,0.0,0.0,0.0,0.0,6.58,0.0,0.0,0.0,0.0,0.0,0.0,0.0,0.0,0.0,0.0,0.0,0.0,0.0,0.0
COc1ccc2c3c1OC1C4(OC)CCC5(CC4(C)CO)C(C2)N(CC2CC2)CCC315,0.0,0.0,0.0,0.0,0.0,0.0,8.57,0.0,0.0,0.0,0.0,8.31,0.0,0.0,0.0,0.0,0.0,0.0,0.0,0.0,0.0,0.0,0.0,0.0,0.0,0.0
COc1ccc2c3c1OC1C4(OC)CCC5(CC4(C)OC(=O)C(C)C)C(C2)N(CC2CC2)CCC315,0.0,0.0,0.0,0.0,0.0,0.0,7.55,0.0,0.0,0.0,0.0,0.0,0.0,0.0,0.0,0.0,0.0,0.0,0.0,0.0,0.0,0.0,0.0,0.0,0.0,0.0
COc1ccc2c3c1OC1C4(OC)CCC5(CC4(C)OC(=O)c4ccc(C(F)(F)F)cc4)C(C2)N(CC2CC2)CCC315,0.0,0.0,0.0,0.0,0.0,0.0,6.77,0.0,0.0,0.0,0.0,0.0,0.0,0.0,0.0,0.0,0.0,0.0,0.0,0.0,0.0,0.0,0.0,0.0,0.0,0.0
COc1ccc2c3c1OC1C4(OC)CCC5(CC4(C)OC(=O)c4ccccc4)C(C2)N(CC2CC2)CCC315,0.0,0.0,0.0,0.0,0.0,0.0,5.9,0.0,0.0,0.0,0.0,0.0,0.0,0.0,0.0,0.0,0.0,0.0,0.0,0.0,0.0,0.0,0.0,0.0,0.0,0.0
COc1ccc2c3c1OC1C4(OC)CCC5(CC4(C)OC(C)=O)C(C2)N(CC2CC2)CCC315,0.0,0.0,0.0,0.0,0.0,0.0,8.05,0.0,0.0,0.0,0.0,0.0,0.0,0.0,0.0,0.0,0.0,0.0,0.0,0.0,0.0,0.0,0.0,0.0,0.0,0.0
COc1ccc2c3c1OC1C4(OC)CCC5(CC4CNC(=O)C(C)N)C(C2)N(CC2CC2)CCC315,0.0,0.0,0.0,0.0,0.0,0.0,0.0,0.0,0.0,0.0,0.0,0.0,0.0,0.0,0.0,7.86,0.0,0.0,0.0,0.0,0.0,0.0,0.0,0.0,0.0,0.0
COc1ccc2c3c1OC1C4(OC)CCC5(CC4CNC(=O)C=Cc4ccc(C)cc4)C(C2)N(C)CCC315,0.0,0.0,0.0,0.0,0.0,0.0,0.0,0.0,0.0,0.0,0.0,0.0,0.0,0.0,6.8,0.0,0.0,0.0,0.0,0.0,0.0,0.0,0.0,0.0,0.0,0.0
COc1ccc2c3c1OC1C4(OC)CCC5(CC4CNC(=O)C=Cc4ccc(Cl)cc4)C(C2)N(C)CCC315,0.0,0.0,0.0,0.0,0.0,0.0,0.0,0.0,0.0,0.0,0.0,0.0,0.0,0.0,6.81,0.0,0.0,0.0,0.0,0.0,0.0,0.0,0.0,0.0,0.0,0.0
COc1ccc2c3c1OC1C4(OC)CCC5(CC4CNC(=O)C=Cc4ccc([N+](=O)[O-])cc4)C(C2)N(C)CCC315,0.0,0.0,0.0,0.0,0.0,0.0,0.0,0.0,0.0,0.0,0.0,0.0,0.0,0.0,7.24,0.0,0.0,0.0,0.0,0.0,0.0,0.0,0.0,0.0,0.0,0.0
COc1ccc2c3c1OC1C4(OC)CCC5(CC4CNC(=O)C=Cc4ccccc4)C(C2)N(C)CCC315,0.0,0.0,0.0,0.0,0.0,0.0,0.0,0.0,0.0,0.0,0.0,0.0,0.0,0.0,7.62,0.0,0.0,0.0,0.0,0.0,0.0,0.0,0.0,0.0,0.0,0.0
COc1ccc2c3c1OC1C4(OC)CCC5(CC4CNC(=O)C=Cc4ccccc4C)C(C2)N(C)CCC315,0.0,0.0,0.0,0.0,0.0,0.0,0.0,0.0,0.0,0.0,0.0,0.0,0.0,0.0,7.68,0.0,0.0,0.0,0.0,0.0,0.0,0.0,0.0,0.0,0.0,0.0
COc1ccc2c3c1OC1C4(OC)CCC5(CC4CNC(=O)C=Cc4ccccc4Cl)C(C2)N(C)CCC315,0.0,0.0,0.0,0.0,0.0,0.0,0.0,0.0,0.0,0.0,0.0,0.0,0.0,0.0,7.65,0.0,0.0,0.0,0.0,0.0,0.0,0.0,0.0,0.0,0.0,0.0
COc1ccc2c3c1OC1C4(OC)CCC5(CC4CNC(=O)C=Cc4ccccc4[N+](=O)[O-])C(C2)N(C)CCC315,0.0,0.0,0.0,0.0,0.0,0.0,0.0,0.0,0.0,0.0,0.0,0.0,0.0,0.0,7.53,0.0,0.0,0.0,0.0,0.0,0.0,0.0,0.0,0.0,0.0,0.0
COc1ccc2c3c1OC1C4(OC)CCC5(CC4CNCC=Cc4ccc(Cl)cc4)C(C2)N(C)CCC315,0.0,0.0,0.0,0.0,0.0,0.0,0.0,0.0,0.0,0.0,0.0,0.0,0.0,0.0,7.17,0.0,0.0,0.0,0.0,0.0,0.0,0.0,0.0,0.0,0.0,0.0
COc1ccc2c3c1OC1C4(OC)CCC5(CC4CNCC=Cc4ccccc4)C(C2)N(C)CCC315,0.0,0.0,0.0,0.0,0.0,0.0,0.0,0.0,0.0,0.0,0.0,0.0,0.0,0.0,7.58,0.0,0.0,0.0,0.0,0.0,0.0,0.0,0.0,0.0,0.0,0.0
COc1ccc2c3c1OC1C4(OC)CCC5(CC4COCc4cc6c(cc4Cl)OCO6)C(C2)[N+](C)(CC2CC2)CCC315,0.0,0.0,0.0,0.0,0.0,0.0,0.0,0.0,0.0,0.0,0.0,0.0,0.0,0.0,0.0,7.18,0.0,0.0,0.0,0.0,0.0,0.0,0.0,0.0,0.0,0.0
COc1ccc2c3c1OC1C4(OC)CCC5(CC4COCc4cc6ccccc6o4)C(C2)[N+](C)(CC2CC2)CCC315,0.0,0.0,0.0,0.0,0.0,0.0,0.0,0.0,0.0,0.0,0.0,0.0,0.0,0.0,0.0,7.76,0.0,0.0,0.0,0.0,0.0,0.0,0.0,0.0,0.0,0.0
COc1ccc2c3c1OC1C4(OC)CCC5(CC4COCc4ccc(C(C)(F)F)cc4)C(C2)[N+](C)(CC2CC2)CCC315,0.0,0.0,0.0,0.0,0.0,0.0,0.0,0.0,0.0,0.0,0.0,0.0,0.0,0.0,0.0,6.95,0.0,0.0,0.0,0.0,0.0,0.0,0.0,0.0,0.0,0.0
COc1ccc2c3c1OC1C4(OC)CCC5(CC4COCc4ccc(C(N)=O)cc4)C(C2)[N+](C)(CC2CC2)CCC315,0.0,0.0,0.0,0.0,0.0,0.0,0.0,0.0,0.0,0.0,0.0,0.0,0.0,0.0,0.0,5.99,0.0,0.0,0.0,0.0,0.0,0.0,0.0,0.0,0.0,0.0
COc1ccc2c3c1OC1C4(OC)CCC5(CC4COCc4ccc(C)cc4)C(C2)[N+](C)(CC2CC2)CCC315,0.0,0.0,0.0,0.0,0.0,0.0,0.0,0.0,0.0,0.0,0.0,0.0,0.0,0.0,0.0,6.93,0.0,0.0,0.0,0.0,0.0,0.0,0.0,0.0,0.0,0.0
COc1ccc2c3c1OC1C4(OC)CCC5(CC4COCc4ccc(Cl)c(Cl)c4)C(C2)[N+](C)(CC2CC2)CCC315,0.0,0.0,0.0,0.0,0.0,0.0,0.0,0.0,0.0,0.0,0.0,0.0,0.0,0.0,0.0,8.3,0.0,0.0,0.0,0.0,0.0,0.0,0.0,0.0,0.0,0.0
COc1ccc2c3c1OC1C4(OC)CCC5(CC4COCc4ccc6ccccc6c4)C(C2)[N+](C)(CC2CC2)CCC315,0.0,0.0,0.0,0.0,0.0,0.0,0.0,0.0,0.0,0.0,0.0,0.0,0.0,0.0,0.0,6.78,0.0,0.0,0.0,0.0,0.0,0.0,0.0,0.0,0.0,0.0
COc1ccc2c3c1OC1C4(OC)CCC5(CC4COCc4ccco4)C(C2)[N+](C)(CC2CC2)CCC315,0.0,0.0,0.0,0.0,0.0,0.0,0.0,0.0,0.0,0.0,0.0,0.0,0.0,0.0,0.0,7.98,0.0,0.0,0.0,0.0,0.0,0.0,0.0,0.0,0.0,0.0
COc1ccc2c3c1OC1C4(OC)CCC5(CC4COCc4ccoc4)C(C2)[N+](C)(CC2CC2)CCC315,0.0,0.0,0.0,0.0,0.0,0.0,0.0,0.0,0.0,0.0,0.0,0.0,0.0,0.0,0.0,7.46,0.0,0.0,0.0,0.0,0.0,0.0,0.0,0.0,0.0,0.0
COc1ccc2c3c1OC1C4(OC)CCC5(CC4COc4ccccc4)C(C2)[N+](C)(CC2CC2)CCC315,0.0,0.0,0.0,0.0,0.0,0.0,0.0,0.0,0.0,0.0,0.0,0.0,0.0,0.0,0.0,6.46,0.0,0.0,0.0,0.0,0.0,0.0,0.0,0.0,0.0,0.0
COc1ccc2c3c1OC1C4(OC)CCC5(CC4c4ccc(N6CCCC6)cc4)C(C2)N(CC2CC2)CCC315,0.0,0.0,0.0,0.0,0.0,0.0,6.51,0.0,0.0,0.0,0.0,0.0,0.0,0.0,0.0,0.0,0.0,0.0,0.0,0.0,0.0,0.0,0.0,0.0,0.0,0.0
COc1ccc2c3c1OC1C4(OC)CCC5(CC4c4ccc(N6CCCCC6)cc4)C(C2)N(CC2CC2)CCC315,0.0,0.0,0.0,0.0,0.0,0.0,7.39,0.0,0.0,0.0,0.0,0.0,0.0,0.0,0.0,0.0,0.0,0.0,0.0,0.0,0.0,0.0,0.0,0.0,0.0,0.0
COc1ccc2c3c1OC1C4(OC)CCC5(CC4c4ccc(N6CCN(C(=O)c7ccccc7)CC6)cc4)C(C2)N(CC2CC2)CCC315,0.0,0.0,0.0,0.0,0.0,0.0,7.05,0.0,0.0,0.0,0.0,0.0,0.0,0.0,0.0,0.0,0.0,0.0,0.0,0.0,0.0,0.0,0.0,0.0,0.0,0.0
COc1ccc2c3c1OC1C4(OC)CCC5(CC4c4ccc(N6CCN(C(C)=O)CC6)cc4)C(C2)N(CC2CC2)CCC315,0.0,0.0,0.0,0.0,0.0,0.0,6.92,0.0,0.0,0.0,0.0,0.0,0.0,0.0,0.0,0.0,0.0,0.0,0.0,0.0,0.0,0.0,0.0,0.0,0.0,0.0
COc1ccc2c3c1OC1C4(OC)CCC5(CC4c4ccc(N6CCN(CC7CC7)CC6)cc4)C(C2)N(CC2CC2)CCC315,0.0,0.0,0.0,0.0,0.0,0.0,7.3,0.0,0.0,0.0,0.0,0.0,0.0,0.0,0.0,0.0,0.0,0.0,0.0,0.0,0.0,0.0,0.0,0.0,0.0,0.0
COc1ccc2c3c1OC1C4(OC)CCC5(CC4c4ccc(N6CCN(S(=O)(=O)c7ccc(C)cc7)CC6)cc4)C(C2)N(CC2CC2)CCC315,0.0,0.0,0.0,0.0,0.0,0.0,5.81,0.0,0.0,0.0,0.0,0.0,0.0,0.0,0.0,0.0,0.0,0.0,0.0,0.0,0.0,0.0,0.0,0.0,0.0,0.0
COc1ccc2c3c1OC1C4(OC)CCC5(CC4c4ccc(N6CCNCC6)cc4)C(C2)N(CC2CC2)CCC315,0.0,0.0,0.0,0.0,0.0,0.0,7.1,0.0,0.0,0.0,0.0,0.0,0.0,0.0,0.0,0.0,0.0,0.0,0.0,0.0,0.0,0.0,0.0,0.0,0.0,0.0
COc1ccc2c3c1OC1C4(OC)CCC5(CC4c4ccc(N=Nc6ccc(O)cc6)cc4)C(C2)N(CC2CC2)CCC315,0.0,0.0,0.0,0.0,0.0,0.0,5.8,0.0,0.0,0.0,0.0,0.0,0.0,0.0,0.0,0.0,0.0,0.0,0.0,0.0,0.0,0.0,0.0,0.0,0.0,0.0
COc1ccc2c3c1OC1C4(OC)CCC5(CC4c4ccc(NC(=O)Cc6ccccc6)cc4)C(C2)N(CC2CC2)CCC315,0.0,0.0,0.0,0.0,0.0,0.0,7.67,0.0,0.0,0.0,0.0,0.0,0.0,0.0,0.0,0.0,0.0,0.0,0.0,0.0,0.0,0.0,0.0,0.0,0.0,0.0
COc1ccc2c3c1OC1C4(OC)CCC5(CC4c4ccc(NC(=O)c6ccccc6)cc4)C(C2)N(CC2CC2)CCC315,0.0,0.0,0.0,0.0,0.0,0.0,9.33,0.0,0.0,0.0,0.0,0.0,0.0,0.0,0.0,0.0,9.33,0.0,0.0,0.0,0.0,0.0,0.0,0.0,0.0,0.0
COc1ccc2c3c1OC1C4(OC)CCC5(CC4c4ccc(NC(C)=O)cc4)C(C2)N(CC2CC2)CCC315,0.0,0.0,0.0,0.0,0.0,0.0,8.11,0.0,0.0,0.0,0.0,0.0,0.0,0.0,0.0,0.0,0.0,0.0,0.0,0.0,0.0,0.0,0.0,0.0,0.0,0.0
COc1ccc2c3c1OC1C4(OC)CCC5(CC4c4ccc(NC=O)cc4)C(C2)N(CC2CC2)CCC315,0.0,0.0,0.0,0.0,0.0,0.0,8.37,0.0,0.0,0.0,0.0,0.0,0.0,0.0,0.0,0.0,0.0,0.0,0.0,0.0,0.0,0.0,0.0,0.0,0.0,0.0
COc1ccc2c3c1OC1C4(OC)CCC5(CC4c4ccc(NCC(N)=O)cc4)C(C2)N(CC2CC2)CCC315,0.0,0.0,0.0,0.0,0.0,0.0,7.79,0.0,0.0,0.0,0.0,0.0,0.0,0.0,0.0,0.0,0.0,0.0,0.0,0.0,0.0,0.0,0.0,0.0,0.0,0.0
COc1ccc2c3c1OC1C4(OC)CCC5(CC4c4ccc(NCC6CC6)cc4)C(C2)N(CC2CC2)CCC315,0.0,0.0,0.0,0.0,0.0,0.0,7.71,0.0,0.0,0.0,0.0,0.0,0.0,0.0,0.0,0.0,0.0,0.0,0.0,0.0,0.0,0.0,0.0,0.0,0.0,0.0
COc1ccc2c3c1OC1C4(OC)CCC5(CC4c4ccc(NCCCN(C)C)cc4)C(C2)N(CC2CC2)CCC315,0.0,0.0,0.0,0.0,0.0,0.0,7.23,0.0,0.0,0.0,0.0,0.0,0.0,0.0,0.0,0.0,0.0,0.0,0.0,0.0,0.0,0.0,0.0,0.0,0.0,0.0
COc1ccc2c3c1OC1C4(OC)CCC5(CC4c4ccc(NCCN(C)C)cc4)C(C2)N(CC2CC2)CCC315,0.0,0.0,0.0,0.0,0.0,0.0,7.89,0.0,0.0,0.0,0.0,0.0,0.0,0.0,0.0,0.0,0.0,0.0,0.0,0.0,0.0,0.0,0.0,0.0,0.0,0.0
COc1ccc2c3c1OC1C4(OC)CCC5(CC4c4ccc(NCc6ccccc6)cc4)C(C2)N(CC2CC2)CCC315,0.0,0.0,0.0,0.0,0.0,0.0,7.76,0.0,0.0,0.0,0.0,0.0,0.0,0.0,0.0,0.0,0.0,0.0,0.0,0.0,0.0,0.0,0.0,0.0,0.0,0.0
COc1ccc2c3c1OC1C4(OC)CCC5(CC4c4cccc(N)c4)C(C2)N(CC2CC2)CCC315,0.0,0.0,0.0,0.0,0.0,0.0,0.0,0.0,0.0,0.0,0.0,0.0,0.0,0.0,0.0,0.0,7.86,0.0,0.0,0.0,0.0,0.0,0.0,0.0,0.0,0.0
COc1ccc2c3c1OC1C4(OC)CCC5(CC4c4cccc(NC(=O)C6CC6)c4)C(C2)N(CC2CC2)CCC315,0.0,0.0,0.0,0.0,0.0,0.0,0.0,0.0,0.0,0.0,0.0,0.0,0.0,0.0,0.0,0.0,6.62,0.0,0.0,0.0,0.0,0.0,0.0,0.0,0.0,0.0
COc1ccc2c3c1OC1C4(OC)CCC5(CC4c4cccc(NC(=O)c6ccc(C)c(C)c6)c4)C(C2)N(CC2CC2)CCC315,0.0,0.0,0.0,0.0,0.0,0.0,0.0,0.0,0.0,0.0,0.0,0.0,0.0,0.0,0.0,0.0,7.43,0.0,0.0,0.0,0.0,0.0,0.0,0.0,0.0,0.0
COc1ccc2c3c1OC1C4(OC)CCC5(CC4c4cccc(NC(=O)c6ccccc6)c4)C(C2)N(CC2CC2)CCC315,0.0,0.0,0.0,0.0,0.0,0.0,0.0,0.0,0.0,0.0,0.0,0.0,0.0,0.0,0.0,0.0,7.33,0.0,0.0,0.0,0.0,0.0,0.0,0.0,0.0,0.0
COc1ccc2c3c1OC1C4(OC)CCC5(CC4c4cccc(NCC(O)COc6cccc7[nH]c8ccccc8c67)c4)C(C2)N(CC2CC2)CCC315,0.0,0.0,0.0,0.0,0.0,0.0,0.0,0.0,0.0,0.0,0.0,0.0,0.0,0.0,0.0,0.0,7.03,0.0,0.0,0.0,0.0,0.0,0.0,0.0,0.0,0.0
COc1ccc2c3c1OC1C4(OC)CCC5(CC4c4cccc(NCC6CC6)c4)C(C2)N(CC2CC2)CCC315,0.0,0.0,0.0,0.0,0.0,0.0,0.0,0.0,0.0,0.0,0.0,0.0,0.0,0.0,0.0,0.0,8.22,0.0,0.0,0.0,0.0,0.0,0.0,0.0,0.0,0.0
COc1ccc2c3c1OC1C4(OC)CCC5(CC4c4cccc(NCC6CCC6)c4)C(C2)N(CC2CC2)CCC315,0.0,0.0,0.0,0.0,0.0,0.0,0.0,0.0,0.0,0.0,0.0,0.0,0.0,0.0,0.0,0.0,8.14,0.0,0.0,0.0,0.0,0.0,0.0,0.0,0.0,0.0
COc1ccc2c3c1OC1C4(OC)CCC5(CC4c4cccc(NCc6ccc(C(F)(F)F)cc6)c4)C(C2)N(CC2CC2)CCC315,0.0,0.0,0.0,0.0,0.0,0.0,0.0,0.0,0.0,0.0,0.0,0.0,0.0,0.0,0.0,0.0,7.29,0.0,0.0,0.0,0.0,0.0,0.0,0.0,0.0,0.0
COc1ccc2c3c1OC1C4(OC)CCC5(CC4c4cccc(NCc6ccc(C)cc6)c4)C(C2)N(CC2CC2)CCC315,0.0,0.0,0.0,0.0,0.0,0.0,0.0,0.0,0.0,0.0,0.0,0.0,0.0,0.0,0.0,0.0,7.34,0.0,0.0,0.0,0.0,0.0,0.0,0.0,0.0,0.0
COc1ccc2c3c1OC1C4(OC)CCC5(CC4c4cccc(NCc6ccc(Cl)nc6)c4)C(C2)N(CC2CC2)CCC315,0.0,0.0,0.0,0.0,0.0,0.0,0.0,0.0,0.0,0.0,0.0,0.0,0.0,0.0,0.0,0.0,8.1,0.0,0.0,0.0,0.0,0.0,0.0,0.0,0.0,0.0
COc1ccc2c3c1OC1C4(OC)CCC5(CC4c4cccc(NCc6ccc(F)cc6)c4)C(C2)N(CC2CC2)CCC315,0.0,0.0,0.0,0.0,0.0,0.0,0.0,0.0,0.0,0.0,0.0,0.0,0.0,0.0,0.0,0.0,8.01,0.0,0.0,0.0,0.0,0.0,0.0,0.0,0.0,0.0
COc1ccc2c3c1OC1C4(OC)CCC5(CC4c4cccc(NCc6ccc(N)cc6)c4)C(C2)N(CC2CC2)CCC315,0.0,0.0,0.0,0.0,0.0,0.0,0.0,0.0,0.0,0.0,0.0,0.0,0.0,0.0,0.0,0.0,8.18,0.0,0.0,0.0,0.0,0.0,0.0,0.0,0.0,0.0
COc1ccc2c3c1OC1C4(OC)CCC5(CC4c4cccc(NCc6ccc(O)cc6)c4)C(C2)N(CC2CC2)CCC315,0.0,0.0,0.0,0.0,0.0,0.0,0.0,0.0,0.0,0.0,0.0,0.0,0.0,0.0,0.0,0.0,7.79,0.0,0.0,0.0,0.0,0.0,0.0,0.0,0.0,0.0
COc1ccc2c3c1OC1C4(OC)CCC5(CC4c4cccc(NCc6ccc(OC(C)=O)cc6)c4)C(C2)N(CC2CC2)CCC315,0.0,0.0,0.0,0.0,0.0,0.0,0.0,0.0,0.0,0.0,0.0,0.0,0.0,0.0,0.0,0.0,7.86,0.0,0.0,0.0,0.0,0.0,0.0,0.0,0.0,0.0
COc1ccc2c3c1OC1C4(OC)CCC5(CC4c4cccc(NCc6ccc(OC(F)(F)F)cc6)c4)C(C2)N(CC2CC2)CCC315,0.0,0.0,0.0,0.0,0.0,0.0,0.0,0.0,0.0,0.0,0.0,0.0,0.0,0.0,0.0,0.0,6.37,0.0,0.0,0.0,0.0,0.0,0.0,0.0,0.0,0.0
COc1ccc2c3c1OC1C4(OC)CCC5(CC4c4cccc(NCc6ccc(OCC7CC7)cc6)c4)C(C2)N(CC2CC2)CCC315,0.0,0.0,0.0,0.0,0.0,0.0,0.0,0.0,0.0,0.0,0.0,0.0,0.0,0.0,0.0,0.0,6.7,0.0,0.0,0.0,0.0,0.0,0.0,0.0,0.0,0.0
COc1ccc2c3c1OC1C4(OC)CCC5(CC4c4cccc(NCc6ccc(OCC7CCC7)cc6)c4)C(C2)N(CC2CC2)CCC315,0.0,0.0,0.0,0.0,0.0,0.0,0.0,0.0,0.0,0.0,0.0,0.0,0.0,0.0,0.0,0.0,6.65,0.0,0.0,0.0,0.0,0.0,0.0,0.0,0.0,0.0
COc1ccc2c3c1OC1C4(OC)CCC5(CC4c4cccc(NCc6ccc([N+](=O)[O-])cc6)c4)C(C2)N(CC2CC2)CCC315,0.0,0.0,0.0,0.0,0.0,0.0,0.0,0.0,0.0,0.0,0.0,0.0,0.0,0.0,0.0,0.0,7.31,0.0,0.0,0.0,0.0,0.0,0.0,0.0,0.0,0.0
COc1ccc2c3c1OC1C4(OC)CCC5(CC4c4cccc(NCc6cccc(C)c6)c4)C(C2)N(CC2CC2)CCC315,0.0,0.0,0.0,0.0,0.0,0.0,0.0,0.0,0.0,0.0,0.0,0.0,0.0,0.0,0.0,0.0,7.25,0.0,0.0,0.0,0.0,0.0,0.0,0.0,0.0,0.0
COc1ccc2c3c1OC1C4(OC)CCC5(CC4c4cccc(NCc6ccccc6)c4)C(C2)N(CC2CC2)CCC315,0.0,0.0,0.0,0.0,0.0,0.0,0.0,0.0,0.0,0.0,0.0,0.0,0.0,0.0,0.0,0.0,6.68,0.0,0.0,0.0,0.0,0.0,0.0,0.0,0.0,0.0
COc1ccc2cc(CCNC(=O)c3ccc4c(c3)C3(C)CCN(CC5CC5)C(C4)C3C)ccc2c1,0.0,0.0,0.0,0.0,0.0,0.0,9.35,0.0,0.0,0.0,0.0,0.0,0.0,0.0,0.0,0.0,0.0,0.0,0.0,0.0,0.0,0.0,0.0,0.0,0.0,0.0
COc1ccc2oc(C(=O)NCC(c3ccco3)N3CCCC3)c(C)c2c1,0.0,0.0,0.0,0.0,0.0,0.0,0.0,0.0,0.0,0.0,0.0,0.0,0.0,0.0,0.0,0.0,0.0,6.15,0.0,0.0,0.0,0.0,0.0,0.0,0.0,0.0
COc1cccc(-c2ccc(CCNC(=O)c3ccc4c(c3)C3(C)CCN(CC5CC5)C(C4)C3C)cc2)c1,0.0,0.0,0.0,0.0,0.0,0.0,9.66,0.0,0.0,0.0,0.0,0.0,0.0,0.0,0.0,0.0,0.0,0.0,0.0,0.0,0.0,0.0,0.0,0.0,0.0,0.0
COc1cccc(-c2ccc3c(c2)CN(Cc2ccccc2)C3)c1,0.0,0.0,0.0,0.0,0.0,0.0,0.0,0.0,0.0,0.0,0.0,0.0,0.0,0.0,0.0,0.0,0.0,0.0,0.0,0.0,0.0,5.5,0.0,0.0,0.0,0.0
COc1cccc(-c2cnc3c(c2)CC2(OCCCc4ccccc4)C4Cc5ccc(O)c6c5C2(CCN4CC2CC2)C3O6)c1,0.0,0.0,0.0,0.0,0.0,0.0,6.99,0.0,0.0,0.0,0.0,0.0,0.0,0.0,0.0,0.0,0.0,0.0,0.0,0.0,0.0,0.0,0.0,0.0,0.0,0.0
COc1cccc(C(=O)C2(C)CC34CCC2(OC)C2Oc5c(OC)ccc6c5C23CCN(CC2CC2)C4C6)c1,0.0,0.0,0.0,0.0,0.0,0.0,7.95,0.0,0.0,0.0,0.0,6.9,0.0,0.0,0.0,0.0,0.0,0.0,0.0,0.0,0.0,0.0,0.0,0.0,0.0,0.0
COc1cccc(C(=O)NC2CCC3(O)C4Cc5ccc(O)c6c5C3(CCN4CC3CC3)C2O6)c1,0.0,0.0,0.0,0.0,0.0,0.0,9.62,0.0,0.0,0.0,0.0,0.0,0.0,0.0,0.0,0.0,0.0,0.0,0.0,0.0,0.0,0.0,0.0,0.0,0.0,0.0
COc1cccc(C(CN2CCCC2)N(C)C(=O)Cc2ccc(C(F)(F)F)cc2)c1,0.0,0.0,0.0,0.0,0.0,0.0,0.0,0.0,0.0,0.0,0.0,0.0,0.0,0.0,0.0,0.0,0.0,0.0,0.0,9.28,0.0,0.0,0.0,0.0,0.0,0.0
COc1cccc(C(O)C2(C)CC34CCC2(OC)C2Oc5c(OC)ccc6c5C23CCN(CC2CC2)C4C6)c1,0.0,0.0,0.0,0.0,0.0,0.0,8.68,0.0,0.0,0.0,0.0,7.78,0.0,0.0,0.0,0.0,0.0,0.0,0.0,0.0,0.0,0.0,0.0,0.0,0.0,0.0
COc1cccc(C2(O)CCCCC2CN(C)C)c1,0.0,0.0,0.0,0.0,0.0,0.0,7.85,0.0,0.0,0.0,0.0,0.0,0.0,0.0,0.0,0.0,0.0,0.0,0.0,0.0,0.0,0.0,0.0,0.0,0.0,0.0
COc1cccc(C2(O)CCN(C(=O)C3(c4ccccc4)CCC3)CC2CN(C)C)c1,0.0,0.0,0.0,0.0,0.0,0.0,6.69,0.0,0.0,0.0,0.0,0.0,0.0,0.0,0.0,0.0,0.0,0.0,0.0,0.0,0.0,0.0,0.0,0.0,0.0,0.0
COc1cccc(C2(O)CCN(C(=O)Cc3c[nH]c4ccccc34)CC2CN(C)C)c1,0.0,0.0,0.0,0.0,0.0,0.0,5.51,0.0,0.0,0.0,0.0,0.0,0.0,0.0,0.0,0.0,0.0,0.0,0.0,0.0,0.0,0.0,0.0,0.0,0.0,0.0
COc1cccc(C2(O)CCN(C(=O)Cc3cc(C(F)(F)F)cc(C(F)(F)F)c3)CC2CN(C)C)c1,0.0,0.0,0.0,0.0,0.0,0.0,5.35,0.0,0.0,0.0,0.0,0.0,0.0,0.0,0.0,0.0,0.0,0.0,0.0,0.0,0.0,0.0,0.0,0.0,0.0,0.0
COc1cccc(C2(O)CCN(C(=O)Cc3ccc(Cl)c(Cl)c3)CC2CN(C)C)c1,0.0,0.0,0.0,0.0,0.0,0.0,6.54,0.0,0.0,0.0,0.0,0.0,0.0,0.0,0.0,0.0,0.0,0.0,0.0,0.0,0.0,0.0,0.0,0.0,0.0,0.0
COc1cccc(C2(O)CCN(C(=O)Cc3ccc4ccccc4c3)CC2CN(C)C)c1,0.0,0.0,0.0,0.0,0.0,0.0,5.58,0.0,0.0,0.0,0.0,0.0,0.0,0.0,0.0,0.0,0.0,0.0,0.0,0.0,0.0,0.0,0.0,0.0,0.0,0.0
COc1cccc(C2(O)CCN(C(=O)Cc3cccc(C(F)(F)F)c3)CC2CN(C)C)c1,0.0,0.0,0.0,0.0,0.0,0.0,5.52,0.0,0.0,0.0,0.0,0.0,0.0,0.0,0.0,0.0,0.0,0.0,0.0,0.0,0.0,0.0,0.0,0.0,0.0,0.0
COc1cccc(C2(O)CCN(C(=O)Cc3cccc(Cl)c3)CC2CN(C)C)c1,0.0,0.0,0.0,0.0,0.0,0.0,6.0,0.0,0.0,0.0,0.0,0.0,0.0,0.0,0.0,0.0,0.0,0.0,0.0,0.0,0.0,0.0,0.0,0.0,0.0,0.0
COc1cccc(C2(O)CCN(C(=O)Cc3cccc(F)c3)CC2CN(C)C)c1,0.0,0.0,0.0,0.0,0.0,0.0,5.63,0.0,0.0,0.0,0.0,0.0,0.0,0.0,0.0,0.0,0.0,0.0,0.0,0.0,0.0,0.0,0.0,0.0,0.0,0.0
COc1cccc(C2(O)CCN(C(=O)Cc3cccc([N+](=O)[O-])c3)CC2CN(C)C)c1,0.0,0.0,0.0,0.0,0.0,0.0,5.7,0.0,0.0,0.0,0.0,0.0,0.0,0.0,0.0,0.0,0.0,0.0,0.0,0.0,0.0,0.0,0.0,0.0,0.0,0.0
COc1cccc(C2(O)CCN(C(=O)Cc3cccc4ccccc34)CC2CN(C)C)c1,0.0,0.0,0.0,0.0,0.0,0.0,5.77,0.0,0.0,0.0,0.0,0.0,0.0,0.0,0.0,0.0,0.0,0.0,0.0,0.0,0.0,0.0,0.0,0.0,0.0,0.0
COc1cccc(C2(O)CCN(C(=O)Cn3ccc4ccccc43)CC2CN(C)C)c1,0.0,0.0,0.0,0.0,0.0,0.0,5.39,0.0,0.0,0.0,0.0,0.0,0.0,0.0,0.0,0.0,0.0,0.0,0.0,0.0,0.0,0.0,0.0,0.0,0.0,0.0
COc1cccc(C2(O)CCN(C(c3ccccc3)c3ccccc3)CC2)c1,0.0,0.0,0.0,0.0,0.0,0.0,5.44,0.0,0.0,0.0,0.0,0.0,0.0,0.0,0.0,0.0,0.0,0.0,0.0,0.0,0.0,0.0,0.0,0.0,0.0,0.0
COc1cccc(C2(O)CCN(CCc3cccc(C(F)(F)F)c3)CC2CN(C)C)c1,0.0,0.0,0.0,0.0,0.0,0.0,6.17,0.0,0.0,0.0,0.0,0.0,0.0,0.0,0.0,0.0,0.0,0.0,0.0,0.0,0.0,0.0,0.0,0.0,0.0,0.0
COc1cccc(CC(=O)NC2CCC3(O)C4Cc5ccc(O)c6c5C3(CCN4CC3CC3)C2O6)c1,0.0,0.0,0.0,0.0,0.0,0.0,9.35,0.0,0.0,0.0,0.0,0.0,0.0,0.0,0.0,0.0,0.0,0.0,0.0,0.0,0.0,0.0,0.0,0.0,0.0,0.0
COc1cccc(CN(C)c2ccc3c(c2)C24CCCCC2C(C3)N(CC2CCC2)CC4)c1,0.0,0.0,0.0,0.0,0.0,0.0,7.6,0.0,0.0,0.0,0.0,0.0,0.0,0.0,0.0,0.0,0.0,0.0,0.0,0.0,0.0,0.0,0.0,0.0,0.0,0.0
COc1cccc(CNc2ccc3c(c2)C24CCCCC2C(C3)N(CC2CC2)CC4)c1,0.0,0.0,0.0,0.0,0.0,0.0,8.82,0.0,0.0,0.0,0.0,0.0,0.0,0.0,0.0,0.0,0.0,0.0,0.0,0.0,0.0,0.0,0.0,0.0,0.0,0.0
COc1cccc(CNc2ccc3c(c2)C24CCCCC2C(C3)N(CC2CCC2)CC4)c1,0.0,0.0,0.0,0.0,0.0,0.0,8.46,0.0,0.0,0.0,0.0,0.0,0.0,0.0,0.0,0.0,0.0,0.0,0.0,0.0,0.0,0.0,0.0,0.0,0.0,0.0
COc1cccc(CNc2ccc3c4c2OC2C(O)C=CC5C(C3)N(C)CCC452)c1,0.0,0.0,0.0,0.0,0.0,0.0,6.3,0.0,0.0,0.0,0.0,0.0,0.0,0.0,0.0,0.0,0.0,0.0,0.0,0.0,0.0,0.0,0.0,0.0,0.0,0.0
COc1cccc(CNc2cccc(C3CC45CCC3(OC)C3Oc6c(OC)ccc7c6C34CCN(CC3CC3)C5C7)c2)c1,0.0,0.0,0.0,0.0,0.0,0.0,0.0,0.0,0.0,0.0,0.0,0.0,0.0,0.0,0.0,0.0,7.93,0.0,0.0,0.0,0.0,0.0,0.0,0.0,0.0,0.0
COc1cccc(CNc2nc3cc4c(cc3s2)CC2C3CCCCC43CCN2CC2CC2)c1,0.0,0.0,0.0,0.0,0.0,0.0,8.32,0.0,0.0,0.0,0.0,0.0,0.0,0.0,0.0,0.0,0.0,0.0,0.0,0.0,0.0,0.0,0.0,0.0,0.0,0.0
COc1cccc(Cn2ccnc2C2(c3ccccc3)CCN(C(=O)Nc3ccccc3)CC2)c1,0.0,0.0,0.0,0.0,0.0,0.0,0.0,0.0,0.0,0.0,0.0,0.0,0.0,0.0,5.69,0.0,0.0,0.0,0.0,0.0,0.0,0.0,0.0,0.0,0.0,0.0
COc1cccc(NC(=O)N2CCC(c3ccccc3)(c3nccn3Cc3ccccc3)CC2)c1,0.0,0.0,0.0,0.0,0.0,0.0,0.0,0.0,0.0,0.0,0.0,0.0,0.0,0.0,6.82,0.0,0.0,0.0,0.0,0.0,0.0,0.0,0.0,0.0,0.0,0.0
COc1cccc2c1OC1CCCC3CN(C)CCC231,0.0,0.0,0.0,0.0,0.0,0.0,6.25,0.0,0.0,0.0,0.0,0.0,0.0,0.0,0.0,0.0,0.0,0.0,0.0,0.0,0.0,0.0,0.0,0.0,0.0,0.0
COc1cccc2c1OC1CCCC3CN(CC4CC4)CCC231,0.0,0.0,0.0,0.0,0.0,0.0,7.39,0.0,0.0,0.0,0.0,0.0,0.0,0.0,0.0,0.0,0.0,0.0,0.0,0.0,0.0,0.0,0.0,0.0,0.0,0.0
COc1cccc2c1OC1CCCC3CN(CCc4ccccc4)CCC231,0.0,0.0,0.0,0.0,0.0,0.0,5.94,0.0,0.0,0.0,0.0,0.0,0.0,0.0,0.0,0.0,0.0,0.0,0.0,0.0,0.0,0.0,0.0,0.0,0.0,0.0
COc1ccccc1-c1ccc(CCNC(=O)c2ccc3c(c2)C2(C)CCN(CC4CC4)C(C3)C2C)cc1,0.0,0.0,0.0,0.0,0.0,0.0,9.42,0.0,0.0,0.0,0.0,0.0,0.0,0.0,0.0,0.0,0.0,0.0,0.0,0.0,0.0,0.0,0.0,0.0,0.0,0.0
COc1ccccc1-c1cnc2c(c1)CC1(OCCCc3ccccc3)C3Cc4ccc(O)c5c4C1(CCN3CC1CC1)C2O5,0.0,0.0,0.0,0.0,0.0,0.0,6.9,0.0,0.0,0.0,0.0,0.0,0.0,0.0,0.0,0.0,0.0,0.0,0.0,0.0,0.0,0.0,0.0,0.0,0.0,0.0
COc1ccccc1C(=O)NCC(=O)N(C)C(CN1CCC(O)C1)c1ccccc1,0.0,0.0,0.0,0.0,0.0,0.0,0.0,0.0,0.0,0.0,0.0,0.0,0.0,0.0,8.7,0.0,0.0,0.0,0.0,0.0,0.0,0.0,0.0,0.0,0.0,0.0
COc1ccccc1C(c1ccccc1)N1CCC(O)(c2ccccc2)CC1,0.0,0.0,0.0,0.0,0.0,0.0,6.29,0.0,0.0,0.0,0.0,0.0,0.0,0.0,0.0,0.0,0.0,0.0,0.0,0.0,0.0,0.0,0.0,0.0,0.0,0.0
COc1ccccc1C(c1ccccc1OC)N1CCC(O)(c2ccccc2)CC1,0.0,0.0,0.0,0.0,0.0,0.0,6.51,0.0,0.0,0.0,0.0,0.0,0.0,0.0,0.0,0.0,0.0,0.0,0.0,0.0,0.0,0.0,0.0,0.0,0.0,0.0
COc1ccccc1C1(O)CCN(C(c2ccccc2)c2ccccc2)CC1,0.0,0.0,0.0,0.0,0.0,0.0,5.38,0.0,0.0,0.0,0.0,0.0,0.0,0.0,0.0,0.0,0.0,0.0,0.0,0.0,0.0,0.0,0.0,0.0,0.0,0.0
COc1ccccc1C=CC(=O)NC1CCC2(O)C3Cc4ccc(O)c5c4C2(CCN3CC2CC2)C1O5,0.0,0.0,0.0,0.0,0.0,0.0,9.47,0.0,0.0,0.0,0.0,0.0,0.0,0.0,0.0,0.0,0.0,0.0,0.0,0.0,0.0,0.0,0.0,0.0,0.0,0.0
COc1ccccc1C=CC(=O)NCC1CC23CCC1(OC)C1Oc4c(OC)ccc5c4C12CCN(C)C3C5,0.0,0.0,0.0,0.0,0.0,0.0,0.0,0.0,0.0,0.0,0.0,0.0,0.0,0.0,7.35,0.0,0.0,0.0,0.0,0.0,0.0,0.0,0.0,0.0,0.0,0.0
COc1ccccc1CN(C)c1ccc2c(c1)C13CCCCC1C(C2)N(CC1CCC1)CC3,0.0,0.0,0.0,0.0,0.0,0.0,7.72,0.0,0.0,0.0,0.0,0.0,0.0,0.0,0.0,0.0,0.0,0.0,0.0,0.0,0.0,0.0,0.0,0.0,0.0,0.0
COc1ccccc1CNc1ccc2c(c1)C13CCCCC1C(C2)N(CC1CC1)CC3,0.0,0.0,0.0,0.0,0.0,0.0,8.89,0.0,0.0,0.0,0.0,0.0,0.0,0.0,0.0,0.0,0.0,0.0,0.0,0.0,0.0,0.0,0.0,0.0,0.0,0.0
COc1ccccc1CNc1ccc2c(c1)C13CCCCC1C(C2)N(CC1CCC1)CC3,0.0,0.0,0.0,0.0,0.0,0.0,8.66,0.0,0.0,0.0,0.0,0.0,0.0,0.0,0.0,0.0,0.0,0.0,0.0,0.0,0.0,0.0,0.0,0.0,0.0,0.0
COc1ccccc1CNc1ccc2c3c1OC1C(O)C=CC4C(C2)N(C)CCC341,0.0,0.0,0.0,0.0,0.0,0.0,6.66,0.0,0.0,0.0,0.0,0.0,0.0,0.0,0.0,0.0,0.0,0.0,0.0,0.0,0.0,0.0,0.0,0.0,0.0,0.0
COc1ccccc1N1CCN(CCCNC(=O)NN(Cc2ccc(F)cc2)c2ccccc2)CC1,0.0,0.0,0.0,0.0,0.0,0.0,0.0,0.0,0.0,0.0,0.0,0.0,0.0,0.0,5.37,0.0,0.0,0.0,0.0,0.0,0.0,0.0,0.0,0.0,0.0,0.0
COc1ccccc1N1CCN(CCCNC(=O)NN(Cc2ccccc2)c2ccccc2)CC1,0.0,0.0,0.0,0.0,0.0,0.0,0.0,0.0,0.0,0.0,0.0,0.0,0.0,0.0,5.41,0.0,0.0,0.0,0.0,0.0,0.0,0.0,0.0,0.0,0.0,0.0
COc1ccccc1NC(=O)N1CCC(c2ccccc2)(c2nccn2Cc2ccccc2)CC1,0.0,0.0,0.0,0.0,0.0,0.0,0.0,0.0,0.0,0.0,0.0,0.0,0.0,0.0,6.11,0.0,0.0,0.0,0.0,0.0,0.0,0.0,0.0,0.0,0.0,0.0
COc1nc(NCCCN2CCOCC2)nc(OC)c1NC(=O)c1ccc(Oc2cc3c(cc2C)CCC3(C)C)o1,0.0,0.0,0.0,0.0,0.0,0.0,0.0,0.0,0.0,0.0,0.0,0.0,0.0,0.0,5.71,0.0,0.0,0.0,0.0,0.0,0.0,0.0,0.0,0.0,0.0,0.0
CS(=O)(=O)N1CCC(c2ccccc2)(c2nccn2Cc2ccccc2)CC1,0.0,0.0,0.0,0.0,0.0,0.0,0.0,0.0,0.0,0.0,0.0,0.0,0.0,0.0,5.7,0.0,0.0,0.0,0.0,0.0,0.0,0.0,0.0,0.0,0.0,0.0
CS(=O)(=O)NCCN1CCC(Cc2nc3ccccc3n2C2CC3CCCC(C2)N3C2CC3CCCCC(C3)C2)C1,0.0,0.0,0.0,0.0,0.0,0.0,0.0,0.0,0.0,0.0,0.0,0.0,0.0,0.0,0.0,7.23,0.0,0.0,0.0,0.0,0.0,0.0,0.0,0.0,0.0,0.0
CS(=O)(=O)NCCN1CCCC1Cc1nc2ccccc2n1C1CC2CCCC(C1)N2C1CC2CCCCC(C2)C1,0.0,0.0,0.0,0.0,0.0,0.0,0.0,0.0,0.0,0.0,0.0,0.0,0.0,0.0,0.0,7.36,0.0,0.0,0.0,0.0,0.0,0.0,0.0,0.0,0.0,0.0
CS(=O)(=O)OC1CCC2(O)C3Cc4ccc(O)c5c4C2(CCN3CC2CC2)C1O5,0.0,0.0,0.0,0.0,0.0,0.0,8.17,0.0,0.0,0.0,0.0,0.0,0.0,0.0,0.0,0.0,0.0,0.0,0.0,0.0,0.0,0.0,0.0,0.0,0.0,0.0
CSCCC(NC(=O)C(Cc1ccccc1)NC(=O)CNC(=O)CNC(=O)C(N)Cc1ccc(C(N)=O)cc1)C(=O)O,0.0,0.0,0.0,0.0,0.0,0.0,0.0,0.0,0.0,0.0,0.0,0.0,0.0,0.0,5.99,0.0,0.0,0.0,0.0,0.0,0.0,0.0,0.0,0.0,0.0,0.0
CSCCC(NC(=O)C(Cc1ccccc1)NC(=O)CNC(=O)CNC(=O)C(N)Cc1ccc(C(N)=O)cc1)C(N)=O,0.0,0.0,0.0,0.0,0.0,0.0,0.0,0.0,0.0,0.0,0.0,0.0,0.0,0.0,6.34,0.0,0.0,0.0,0.0,0.0,0.0,0.0,0.0,0.0,0.0,0.0
CSCCC(NC(=O)C(Cc1ccccc1)NC(=O)CNC(=O)CNC(=O)C(N)Cc1ccc(O)cc1)C(N)=O,0.0,0.0,0.0,0.0,0.0,0.0,0.0,0.0,0.0,0.0,0.0,0.0,0.0,0.0,6.68,0.0,0.0,0.0,0.0,0.0,0.0,0.0,0.0,0.0,0.0,0.0
CSc1ccc(CN(CCO)Cc2ccc(-c3ccn[nH]3)s2)cc1,0.0,0.0,0.0,0.0,0.0,0.0,0.0,0.0,0.0,0.0,0.0,0.0,0.0,0.0,0.0,0.0,0.0,5.52,0.0,0.0,0.0,0.0,0.0,0.0,0.0,0.0
C[N+]1(CC2CC2)CCC23CC(=O)CCC2(O)C1Cc1ccc(C(N)=O)c(O)c13,0.0,0.0,0.0,0.0,0.0,0.0,8.11,0.0,0.0,0.0,0.0,0.0,0.0,0.0,0.0,0.0,0.0,0.0,0.0,0.0,0.0,0.0,0.0,0.0,0.0,0.0
C[N+]1(CC2CC2)CCC23c4c5ccc(C(N)=O)c4OC2C(=O)CCC3(O)C1C5,0.0,0.0,0.0,0.0,0.0,0.0,6.68,0.0,0.0,0.0,0.0,0.0,0.0,0.0,0.0,0.0,0.0,0.0,0.0,0.0,0.0,0.0,0.0,0.0,0.0,0.0
C[N+]1(CC2CC2)CCC23c4c5ccc(O)c4OC2C(=O)CCC3(O)C1C5,0.0,0.0,0.0,0.0,0.0,0.0,8.2,0.0,0.0,0.0,0.0,0.0,0.0,0.0,7.49,0.0,0.0,0.0,0.0,0.0,0.0,0.0,0.0,0.0,0.0,0.0
C[N+]1(CC2c3cc(F)ccc3CCN2C(=O)C2CC(=O)c3ccc(Cl)cc32)CCCC1,0.0,0.0,0.0,0.0,0.0,0.0,6.86,0.0,0.0,0.0,0.0,0.0,0.0,0.0,0.0,0.0,0.0,0.0,0.0,0.0,0.0,0.0,0.0,0.0,0.0,0.0
C[N+]1(CC2c3ccc(O)cc3CCN2C(=O)C2CC(=O)c3ccc(Cl)cc32)CCCC1,0.0,0.0,0.0,0.0,0.0,0.0,6.64,0.0,0.0,0.0,0.0,0.0,0.0,0.0,0.0,0.0,0.0,0.0,0.0,0.0,0.0,0.0,0.0,0.0,0.0,0.0
Cc1[nH]c2ccc(Cl)cc2c1C1CCN(C2Cc3cccc4cccc2c34)CC1,0.0,0.0,0.0,0.0,0.0,0.0,0.0,0.0,0.0,0.0,0.0,0.0,0.0,0.0,0.0,0.0,0.0,6.17,0.0,0.0,0.0,0.0,0.0,0.0,0.0,0.0
Cc1[nH]c2ccc(Cl)cc2c1C1CCN(CC2CCCCCCC2)CC1,0.0,0.0,0.0,0.0,0.0,0.0,0.0,0.0,0.0,0.0,0.0,0.0,0.0,0.0,0.0,0.0,0.0,6.48,0.0,0.0,0.0,0.0,0.0,0.0,0.0,0.0
Cc1[nH]c2ccc(Cl)cc2c1C1CCN(Cc2cccc3ccccc23)CC1,0.0,0.0,0.0,0.0,0.0,0.0,0.0,0.0,0.0,0.0,0.0,0.0,0.0,0.0,0.0,0.0,0.0,6.12,0.0,0.0,0.0,0.0,0.0,0.0,0.0,0.0
Cc1c(C(=O)NCC(c2ccco2)N2CCCC2)oc2ccc(Cl)cc12,0.0,0.0,0.0,0.0,0.0,0.0,0.0,0.0,0.0,0.0,0.0,0.0,0.0,0.0,0.0,0.0,0.0,6.29,0.0,0.0,0.0,0.0,0.0,0.0,0.0,0.0
Cc1cc(C(N)=O)cc(C)c1CC(N)C(=O)NC(C)C(=O)NCC(=O)NC(Cc1ccccc1)C(=O)NC(CC(C)C)C(=O)O,0.0,0.0,0.0,0.0,0.0,0.0,0.0,0.0,0.0,0.0,0.0,0.0,0.0,0.0,5.62,0.0,0.0,0.0,0.0,0.0,0.0,0.0,0.0,0.0,0.0,0.0
Cc1cc(C(N)=O)cc(C)c1CC(N)C(=O)NCC(=O)NCC(=O)NC(Cc1ccccc1)C(=O)NC(CC(C)C)C(=O)O,0.0,0.0,0.0,0.0,0.0,0.0,0.0,0.0,0.0,0.0,0.0,0.0,0.0,0.0,5.89,0.0,0.0,0.0,0.0,0.0,0.0,0.0,0.0,0.0,0.0,0.0
Cc1cc(C)cc(C(=O)N2CCC(c3ccccc3)(c3nccn3Cc3ccccc3)CC2)c1,0.0,0.0,0.0,0.0,0.0,0.0,0.0,0.0,0.0,0.0,0.0,0.0,0.0,0.0,6.55,0.0,0.0,0.0,0.0,0.0,0.0,0.0,0.0,0.0,0.0,0.0
Cc1cc(C)cc(C2CCCN2Cc2ccc(Oc3ccc(C(N)=O)cc3)c(Cl)c2)c1,0.0,0.0,0.0,0.0,0.0,0.0,0.0,0.0,0.0,0.0,0.0,0.0,0.0,0.0,0.0,0.0,0.0,0.0,0.0,0.0,0.0,7.42,0.0,0.0,0.0,0.0
Cc1cc(C)cc(C2CCCN2Cc2ccc(Oc3ccc(C(N)=O)cc3)c(F)c2)c1,0.0,0.0,0.0,0.0,0.0,0.0,0.0,0.0,0.0,0.0,0.0,0.0,0.0,0.0,0.0,0.0,0.0,0.0,0.0,0.0,0.0,7.53,0.0,0.0,0.0,0.0
Cc1cc(C)cc(C2CCCN2Cc2ccc(Oc3ccc(C(N)=O)cc3F)c(Cl)c2)c1,0.0,0.0,0.0,0.0,0.0,0.0,0.0,0.0,0.0,0.0,0.0,0.0,0.0,0.0,0.0,0.0,0.0,0.0,0.0,0.0,0.0,7.8,0.0,0.0,0.0,0.0
Cc1cc(C)cc(C2CCCN2Cc2ccc(Oc3ccc(C(N)=O)cc3F)c(F)c2)c1,0.0,0.0,0.0,0.0,0.0,0.0,0.0,0.0,0.0,0.0,0.0,0.0,0.0,0.0,0.0,0.0,0.0,0.0,0.0,0.0,0.0,7.37,0.0,0.0,0.0,0.0
Cc1cc(C)cc(C2CCCN2Cc2ccc(Oc3ccc(C(N)=O)cc3F)cc2)c1,0.0,0.0,0.0,0.0,0.0,0.0,9.02,0.0,0.0,0.0,0.0,0.0,0.0,0.0,9.1,0.0,0.0,0.0,0.0,0.0,0.0,7.92,0.0,0.0,0.0,0.0
Cc1cc(C)cc(C2CCCN2Cc2ccc(Oc3ccc4c(=O)[nH]oc4c3)cc2)c1,0.0,0.0,0.0,0.0,0.0,0.0,5.85,0.0,0.0,0.0,0.0,0.0,0.0,0.0,0.0,0.0,0.0,0.0,0.0,0.0,0.0,0.0,0.0,0.0,0.0,0.0
Cc1cc(CC(N)C(=O)N2CCCC2C(=O)NC(Cc2ccccc2)C(=O)NC(Cc2ccccc2)C(N)=O)cc(C)c1O,0.0,0.0,0.0,0.0,0.0,0.0,5.33,0.0,0.0,0.0,0.0,0.0,0.0,0.0,0.0,0.0,0.0,0.0,0.0,0.0,0.0,0.0,0.0,0.0,0.0,0.0
Cc1cc(CC(N)C(=O)NC2CCNc3ccc(Cc4ccccc4)cc32)c(C)cc1O,0.0,0.0,0.0,0.0,0.0,0.0,6.14,0.0,0.0,0.0,0.0,0.0,0.0,0.0,0.0,0.0,0.0,0.0,0.0,0.0,0.0,0.0,0.0,0.0,0.0,0.0
Cc1cc(CNC2Cc3ccccc3C2)ccc1N1CCCc2cc(C(N)=O)ccc21,0.0,0.0,0.0,0.0,0.0,0.0,0.0,7.7,0.0,0.0,0.0,0.0,0.0,0.0,0.0,0.0,0.0,0.0,0.0,0.0,0.0,0.0,0.0,0.0,0.0,0.0
Cc1cc(CNCCC2=CCCCC2)ccc1N1CCCc2cc(C(N)=O)ccc21,0.0,0.0,0.0,0.0,0.0,0.0,0.0,6.7,0.0,0.0,0.0,0.0,0.0,0.0,0.0,0.0,0.0,0.0,0.0,0.0,0.0,0.0,0.0,0.0,0.0,0.0
Cc1cc(CSc2nnc(-c3ccccn3)n2Cc2ccco2)ccc1C(F)(F)F,0.0,0.0,0.0,0.0,0.0,0.0,0.0,0.0,0.0,0.0,0.0,0.0,7.51,0.0,0.0,0.0,0.0,0.0,0.0,0.0,0.0,0.0,0.0,0.0,0.0,0.0
Cc1cc(F)ccc1-c1cnc2c(c1)CC1(OCCCc3ccccc3)C3Cc4ccc(O)c5c4C1(CCN3CC1CC1)C2O5,0.0,0.0,0.0,0.0,0.0,0.0,6.89,0.0,0.0,0.0,0.0,0.0,0.0,0.0,0.0,0.0,0.0,0.0,0.0,0.0,0.0,0.0,0.0,0.0,0.0,0.0
Cc1cc(N2CCCc3cc(C(N)=O)ccc32)ccc1CNC1Cc2ccccc2C1,0.0,0.0,0.0,0.0,0.0,0.0,0.0,6.8,0.0,0.0,0.0,0.0,0.0,0.0,0.0,0.0,0.0,0.0,0.0,0.0,0.0,0.0,0.0,0.0,0.0,0.0
Cc1cc(N2CCCc3cc(C(N)=O)ccc32)ccc1CNCCC1=CCCCC1,0.0,0.0,0.0,0.0,0.0,0.0,0.0,6.2,0.0,0.0,0.0,0.0,0.0,0.0,0.0,0.0,0.0,0.0,0.0,0.0,0.0,0.0,0.0,0.0,0.0,0.0
Cc1cc(O)c(Cl)c(C)c1CC(N)C(=O)N1CCCC1C(=O)NC(Cc1ccccc1)C(=O)NC(Cc1ccccc1)C(N)=O,0.0,0.0,0.0,0.0,0.0,0.0,7.43,0.0,0.0,0.0,0.0,0.0,0.0,0.0,0.0,0.0,0.0,0.0,0.0,0.0,0.0,0.0,0.0,0.0,0.0,0.0
Cc1cc(O)cc(C)c1CC(C(=O)N1Cc2ccccc2CC1C(=O)NCCC(=O)OC1=C2OC3C(O)C=CC4C5CC(C=C1)C2C43CCN5C)N(C)C,0.0,0.0,0.0,0.0,0.0,0.0,8.85,0.0,0.0,0.0,0.0,0.0,0.0,0.0,0.0,0.0,0.0,0.0,0.0,0.0,0.0,0.0,0.0,0.0,0.0,0.0
Cc1cc(O)cc(C)c1CC(C(=O)N1Cc2ccccc2CC1C(=O)OC1=C2OC3C(O)C=CC4C5CC(C=C1)C2C43CCN5C)N(C)C,0.0,0.0,0.0,0.0,0.0,0.0,7.92,0.0,0.0,0.0,0.0,0.0,0.0,0.0,0.0,0.0,0.0,0.0,0.0,0.0,0.0,0.0,0.0,0.0,0.0,0.0
Cc1cc(O)cc(C)c1CC(N)C(=O)N1CCC(CCCc2ccccc2)CC1,0.0,0.0,0.0,0.0,0.0,0.0,6.96,0.0,0.0,0.0,0.0,0.0,0.0,0.0,0.0,0.0,0.0,0.0,0.0,0.0,0.0,0.0,0.0,0.0,0.0,0.0
Cc1cc(O)cc(C)c1CC(N)C(=O)N1CCC(Cc2ccccc2)CC1,0.0,0.0,0.0,0.0,0.0,0.0,6.85,0.0,0.0,0.0,0.0,0.0,0.0,0.0,0.0,0.0,0.0,0.0,0.0,0.0,0.0,0.0,0.0,0.0,0.0,0.0
Cc1cc(O)cc(C)c1CC(N)C(=O)N1CCC(Cc2ccccc2)c2ccccc21,0.0,0.0,0.0,0.0,0.0,0.0,6.51,0.0,0.0,0.0,0.0,0.0,0.0,0.0,0.0,0.0,0.0,0.0,0.0,0.0,0.0,0.0,0.0,0.0,0.0,0.0
Cc1cc(O)cc(C)c1CC(N)C(=O)N1CCCC1C(=O)NC(Cc1ccccc1)C(=O)NC(Cc1ccccc1)C(N)=O,0.0,0.0,0.0,0.0,0.0,0.0,6.28,0.0,0.0,0.0,0.0,0.0,0.0,0.0,0.0,0.0,0.0,0.0,0.0,0.0,0.0,0.0,0.0,0.0,0.0,0.0
Cc1cc(O)cc(C)c1CC(N)C(=O)N1CCCc2ccccc21,0.0,0.0,0.0,0.0,0.0,0.0,0.0,0.0,0.0,0.0,0.0,0.0,0.0,0.0,7.44,0.0,0.0,0.0,0.0,0.0,0.0,0.0,0.0,0.0,0.0,0.0
Cc1cc(O)cc(C)c1CC(N)C(=O)N1CCN(CC=CCc2ccccc2)CC1,0.0,0.0,0.0,0.0,0.0,0.0,7.27,0.0,0.0,0.0,0.0,0.0,0.0,0.0,0.0,0.0,0.0,0.0,0.0,0.0,0.0,0.0,0.0,0.0,0.0,0.0
Cc1cc(O)cc(C)c1CC(N)C(=O)N1CCN(CC=Cc2cccc3ccccc23)CC1,0.0,0.0,0.0,0.0,0.0,0.0,6.48,0.0,0.0,0.0,0.0,0.0,0.0,0.0,0.0,0.0,0.0,0.0,0.0,0.0,0.0,0.0,0.0,0.0,0.0,0.0
Cc1cc(O)cc(C)c1CC(N)C(=O)N1CCN(CCC(c2ccccc2)c2ccccc2)CC1,0.0,0.0,0.0,0.0,0.0,0.0,6.82,0.0,0.0,0.0,0.0,0.0,0.0,0.0,0.0,0.0,0.0,0.0,0.0,0.0,0.0,0.0,0.0,0.0,0.0,0.0
Cc1cc(O)cc(C)c1CC(N)C(=O)N1CCN(CCCCc2ccccc2)CC1,0.0,0.0,0.0,0.0,0.0,0.0,7.11,0.0,0.0,0.0,0.0,0.0,0.0,0.0,0.0,0.0,0.0,0.0,0.0,0.0,0.0,0.0,0.0,0.0,0.0,0.0
Cc1cc(O)cc(C)c1CC(N)C(=O)N1CCN(CCCc2cccc3ccccc23)CC1,0.0,0.0,0.0,0.0,0.0,0.0,7.11,0.0,0.0,0.0,0.0,0.0,0.0,0.0,0.0,0.0,0.0,0.0,0.0,0.0,0.0,0.0,0.0,0.0,0.0,0.0
Cc1cc(O)cc(C)c1CC(N)C(=O)N1CCN(CCCc2ccccc2)CC1,0.0,0.0,0.0,0.0,0.0,0.0,6.6,0.0,0.0,0.0,0.0,0.0,0.0,0.0,0.0,0.0,0.0,0.0,0.0,0.0,0.0,0.0,0.0,0.0,0.0,0.0
Cc1cc(O)cc(C)c1CC(N)C(=O)N1Cc2ccccc2CC1C(=O)NCCC(=O)Oc1ccc2c(c1)C13CCCCC1C(C2)N(CC1CCC1)CC3,0.0,0.0,0.0,0.0,0.0,0.0,9.55,0.0,0.0,0.0,0.0,0.0,0.0,0.0,0.0,0.0,0.0,0.0,0.0,0.0,0.0,0.0,0.0,0.0,0.0,0.0
Cc1cc(O)cc(C)c1CC(N)C(=O)NC(C)c1cccc(Cc2ccccc2)c1,0.0,0.0,0.0,0.0,0.0,0.0,6.7,0.0,0.0,0.0,0.0,0.0,0.0,0.0,0.0,0.0,0.0,0.0,0.0,0.0,0.0,0.0,0.0,0.0,0.0,0.0
Cc1cc(O)cc(C)c1CC(N)C(=O)NC(CCCCN)C(=O)NC(Cc1ccccc1)C(=O)NC(Cc1ccccc1)C(=O)NC(CCCCN)C(=O)NC(CCCCN)C(=O)N1CCCC1C(=O)NC(Cc1ccccc1)C(=O)NC(C(=O)NC(CC(C)C)C(=O)O)C(C)(C)C,0.0,0.0,0.0,0.0,0.0,0.0,7.47,0.0,0.0,0.0,0.0,0.0,0.0,0.0,0.0,0.0,0.0,0.0,0.0,0.0,0.0,0.0,0.0,0.0,0.0,0.0
Cc1cc(O)cc(C)c1CC(N)C(=O)NC(CCCNC(=N)N)C(=O)NC1Cc2ccccc2CN(CCC(=O)NC(CCCCN)C(=O)NC(CCCCN)C(=O)N2CCCC2C(=O)N2Cc3ccc(O)cc3CC2C(=O)NC(C(=O)NC(CC(C)C)C(=O)O)C(C)(C)C)C1=O,0.0,0.0,0.0,0.0,0.0,0.0,6.82,0.0,0.0,0.0,0.0,0.0,0.0,0.0,0.0,0.0,0.0,0.0,0.0,0.0,0.0,0.0,0.0,0.0,0.0,0.0
Cc1cc(O)cc(C)c1CC(N)C(=O)NC(CCCNC(=N)N)C(=O)NC1Cc2ccccc2CN(CCC(=O)NC(CCCCN)C(=O)NC(CCCCN)C(=O)N2CCCC2C(=O)NC(Cc2c(C)cc(O)cc2C)C(=O)NC(C(=O)NC(CC(C)C)C(=O)O)C(C)(C)C)C1=O,0.0,0.0,0.0,0.0,0.0,0.0,6.86,0.0,0.0,0.0,0.0,0.0,0.0,0.0,0.0,0.0,0.0,0.0,0.0,0.0,0.0,0.0,0.0,0.0,0.0,0.0
Cc1cc(O)cc(C)c1CC(N)C(=O)NC(CCCNC(=N)N)C(=O)NC1Cc2ccccc2CN(CCC(=O)NC(CCCCN)C(=O)NC(CCCCN)C(=O)N2CCCC2C(=O)NC(Cc2ccc(O)cc2)C(=O)NC(C(=O)NC(CC(C)C)C(=O)O)C(C)(C)C)C1=O,0.0,0.0,0.0,0.0,0.0,0.0,6.7,0.0,0.0,0.0,0.0,0.0,0.0,0.0,0.0,0.0,0.0,0.0,0.0,0.0,0.0,0.0,0.0,0.0,0.0,0.0
Cc1cc(O)cc(C)c1CC(N)C(=O)NC(CCCNC(=N)N)C(=O)NC1Cc2ccccc2CN(CCC(=O)NC(CCCCN)C(=O)NC(CCCCN)C(=O)N2CCCC2C(=O)NC(Cc2cccc(O)c2)C(=O)NC(C(=O)NC(CC(C)C)C(=O)O)C(C)(C)C)C1=O,0.0,0.0,0.0,0.0,0.0,0.0,7.15,0.0,0.0,0.0,0.0,0.0,0.0,0.0,0.0,0.0,0.0,0.0,0.0,0.0,0.0,0.0,0.0,0.0,0.0,0.0
Cc1cc(O)cc(C)c1CC(N)C(=O)NC(CCCNC(=N)N)C(=O)NC1Cc2ccccc2CN(CCC(=O)NC(CCCCN)CC(=O)NC(CCCCN)C(=O)N2CCCC2C(=O)NC(Cc2c(C)cc(O)cc2C)C(=O)NC(C(=O)NC(CC(C)C)C(=O)O)C(C)(C)C)C1=O,0.0,0.0,0.0,0.0,0.0,0.0,6.68,0.0,0.0,0.0,0.0,0.0,0.0,0.0,0.0,0.0,0.0,0.0,0.0,0.0,0.0,0.0,0.0,0.0,0.0,0.0
Cc1cc(O)cc(C)c1CC(N)C(=O)NC(CCCNC(=N)N)C(=O)NC1Cc2ccccc2CN(CCC(=O)NC(CCCNC(=N)N)C(=O)NC(CCCNC(=N)N)C(=O)N2CCCC2C(=O)N2Cc3ccc(O)cc3CC2C(=O)NC(C(=O)NC(CC(C)C)C(=O)O)C(C)(C)C)C1=O,0.0,0.0,0.0,0.0,0.0,0.0,7.65,0.0,0.0,0.0,0.0,0.0,0.0,0.0,0.0,0.0,0.0,0.0,0.0,0.0,0.0,0.0,0.0,0.0,0.0,0.0
Cc1cc(O)cc(C)c1CC(N)C(=O)NC(CCCNC(=N)N)C(=O)NC1Cc2ccccc2CN(CCC(=O)NC(CCCNC(=N)N)C(=O)NC(CCCNC(=N)N)C(=O)N2CCCC2C(=O)NC(Cc2c(C)cc(O)cc2C)C(=O)NC(C(=O)NC(CC(C)C)C(=O)O)C(C)(C)C)C1=O,0.0,0.0,0.0,0.0,0.0,0.0,6.99,0.0,0.0,0.0,0.0,0.0,0.0,0.0,0.0,0.0,0.0,0.0,0.0,0.0,0.0,0.0,0.0,0.0,0.0,0.0
Cc1cc(O)cc(C)c1CC(N)C(=O)NC(CCCNC(=N)N)C(=O)NC1Cc2ccccc2CN(CCC(=O)NC(CCCNC(=N)N)C(=O)NC(CCCNC(=N)N)C(=O)N2CCCC2C(=O)NC(Cc2ccc(O)cc2)C(=O)NC(C(=O)NC(CC(C)C)C(=O)O)C(C)(C)C)C1=O,0.0,0.0,0.0,0.0,0.0,0.0,7.11,0.0,0.0,0.0,0.0,0.0,0.0,0.0,0.0,0.0,0.0,0.0,0.0,0.0,0.0,0.0,0.0,0.0,0.0,0.0
Cc1cc(O)cc(C)c1CC(N)C(=O)NC(CCCNC(=N)N)C(=O)NC1Cc2ccccc2CN(CCC(=O)NC(CCCNC(=N)N)C(=O)NC(CCCNC(=N)N)C(=O)N2CCCC2C(=O)NC(Cc2cccc(O)c2)C(=O)NC(C(=O)NC(CC(C)C)C(=O)O)C(C)(C)C)C1=O,0.0,0.0,0.0,0.0,0.0,0.0,7.7,0.0,0.0,0.0,0.0,0.0,0.0,0.0,0.0,0.0,0.0,0.0,0.0,0.0,0.0,0.0,0.0,0.0,0.0,0.0
Cc1cc(O)cc(C)c1CC(N)C(=O)NC(CCCNC(=N)N)C(=O)NC1Cc2ccccc2CN(CCC(=O)NC(CCCNC(=N)N)C(=O)NC(Cc2ccc(O)cc2)C(=O)NC(Cc2c(C)cc(O)cc2C)C(=O)NC(CCCNC(=N)N)C(=O)NC(Cc2c[nH]c3ccccc23)C(=O)NC(CCCNC(=N)N)C(N)=O)C1=O,0.0,0.0,0.0,0.0,0.0,0.0,0.0,0.0,0.0,0.0,0.0,0.0,0.0,0.0,0.0,0.0,0.0,7.66,0.0,0.0,0.0,0.0,0.0,0.0,0.0,0.0
Cc1cc(O)cc(C)c1CC(N)C(=O)NC(CCCNC(=N)N)C(=O)NC1Cc2ccccc2CN(CCC(=O)NC(CCCNC(=N)N)C(=O)NC(Cc2ccc(O)cc2)C(=O)NC(Cc2ccc(F)cc2)C(=O)NC(CCCNC(=N)N)C(=O)NC(Cc2c[nH]c3ccccc23)C(=O)NC(CCCNC(=N)N)C(N)=O)C1=O,0.0,0.0,0.0,0.0,0.0,0.0,0.0,0.0,0.0,0.0,0.0,0.0,0.0,0.0,0.0,0.0,0.0,7.08,0.0,0.0,0.0,0.0,0.0,0.0,0.0,0.0
Cc1cc(O)cc(C)c1CC(N)C(=O)NC(CCCNC(=N)N)C(=O)NC1Cc2ccccc2CN(CCC(=O)NC(CCCNC(=N)N)C(=O)NC(Cc2ccc(O)cc2)C(=O)NC(Cc2ccc(O)cc2)C(=O)NC(CCCNC(=N)N)C(=O)NC(Cc2c[nH]c3ccccc23)C(=O)NC(CCCNC(=N)N)C(N)=O)C1=O,0.0,0.0,0.0,0.0,0.0,0.0,0.0,0.0,0.0,0.0,0.0,0.0,0.0,0.0,0.0,0.0,0.0,7.33,0.0,0.0,0.0,0.0,0.0,0.0,0.0,0.0
Cc1cc(O)cc(C)c1CC(N)C(=O)NC(CCCNC(=N)N)C(=O)NC1Cc2ccccc2CN(CCC(=O)NC(CCCNC(=N)N)CC(=O)NC(CCCNC(=N)N)C(=O)N2CCCC2C(=O)NC(Cc2c(C)cc(O)cc2C)C(=O)NC(C(=O)NC(CC(C)C)C(=O)O)C(C)(C)C)C1=O,0.0,0.0,0.0,0.0,0.0,0.0,7.55,0.0,0.0,0.0,0.0,0.0,0.0,0.0,0.0,0.0,0.0,0.0,0.0,0.0,0.0,0.0,0.0,0.0,0.0,0.0
Cc1cc(O)cc(C)c1CC(N)C(=O)NC(CCCNC(=N)N)C(=O)NC1Cc2ccccc2CN(CCC(N)=O)C1=O,0.0,0.0,0.0,0.0,0.0,0.0,7.78,0.0,0.0,0.0,0.0,0.0,0.0,0.0,0.0,0.0,0.0,7.52,0.0,0.0,0.0,0.0,0.0,0.0,0.0,0.0
Cc1cc(O)cc(C)c1CC(N)C(=O)NC1CCCc2ccc(CC3CCCCC3)cc21,0.0,0.0,0.0,0.0,0.0,0.0,7.7,0.0,0.0,0.0,0.0,0.0,0.0,0.0,0.0,0.0,0.0,0.0,0.0,0.0,0.0,0.0,0.0,0.0,0.0,0.0
Cc1cc(O)cc(C)c1CC(N)C(=O)NC1CCCc2ccc(Cc3ccc4ccccc4c3)cc21,0.0,0.0,0.0,0.0,0.0,0.0,7.04,0.0,0.0,0.0,0.0,0.0,0.0,0.0,0.0,0.0,0.0,0.0,0.0,0.0,0.0,0.0,0.0,0.0,0.0,0.0
Cc1cc(O)cc(C)c1CC(N)C(=O)NC1CCCc2ccc(Cc3cccc4ccccc34)cc21,0.0,0.0,0.0,0.0,0.0,0.0,7.2,0.0,0.0,0.0,0.0,0.0,0.0,0.0,0.0,0.0,0.0,0.0,0.0,0.0,0.0,0.0,0.0,0.0,0.0,0.0
Cc1cc(O)cc(C)c1CC(N)C(=O)NC1CCCc2ccc(Cc3ccccc3)cc21,0.0,0.0,0.0,0.0,0.0,0.0,7.72,0.0,0.0,0.0,0.0,0.0,0.0,0.0,0.0,0.0,0.0,0.0,0.0,0.0,0.0,0.0,0.0,0.0,0.0,0.0
Cc1cc(O)cc(C)c1CC(N)C(=O)NC1CCN(C(=O)C2CC2)c2ccc(CN3CCc4ccccc4C3)cc21,0.0,0.0,0.0,0.0,0.0,0.0,7.4,0.0,0.0,0.0,0.0,0.0,0.0,0.0,0.0,0.0,0.0,0.0,0.0,0.0,0.0,0.0,0.0,0.0,0.0,0.0
Cc1cc(O)cc(C)c1CC(N)C(=O)NC1CCN(C(=O)C2CC2)c2ccc(Cc3cc4ccccc4o3)cc21,0.0,0.0,0.0,0.0,0.0,0.0,7.01,0.0,0.0,0.0,0.0,0.0,0.0,0.0,0.0,0.0,0.0,0.0,0.0,0.0,0.0,0.0,0.0,0.0,0.0,0.0
Cc1cc(O)cc(C)c1CC(N)C(=O)NC1CCN(C(=O)C2CC2)c2ccc(Cc3ccc4c(c3)OCCO4)cc21,0.0,0.0,0.0,0.0,0.0,0.0,6.38,0.0,0.0,0.0,0.0,0.0,0.0,0.0,0.0,0.0,0.0,0.0,0.0,0.0,0.0,0.0,0.0,0.0,0.0,0.0
Cc1cc(O)cc(C)c1CC(N)C(=O)NC1CCN(C(=O)C2CC2)c2ccc(Cc3ccc4ccccc4c3)cc21,0.0,0.0,0.0,0.0,0.0,0.0,6.93,0.0,0.0,0.0,0.0,0.0,0.0,0.0,0.0,0.0,0.0,0.0,0.0,0.0,0.0,0.0,0.0,0.0,0.0,0.0
Cc1cc(O)cc(C)c1CC(N)C(=O)NC1CCN(C(=O)C2CC2)c2ccc(Cc3ccccc3)cc21,0.0,0.0,0.0,0.0,0.0,0.0,7.6,0.0,0.0,0.0,0.0,0.0,0.0,0.0,0.0,0.0,0.0,0.0,0.0,0.0,0.0,0.0,0.0,0.0,0.0,0.0
Cc1cc(O)cc(C)c1CC(N)C(=O)NC1CCN(C(=O)C2CC2)c2ccc(Cc3cnc4ccccc4c3)cc21,0.0,0.0,0.0,0.0,0.0,0.0,7.08,0.0,0.0,0.0,0.0,0.0,0.0,0.0,0.0,0.0,0.0,0.0,0.0,0.0,0.0,0.0,0.0,0.0,0.0,0.0
Cc1cc(O)cc(C)c1CC(N)C(=O)NC1CCN(C(=O)C2CCC2)c2ccc(Cc3ccccc3)cc21,0.0,0.0,0.0,0.0,0.0,0.0,7.25,0.0,0.0,0.0,0.0,0.0,0.0,0.0,0.0,0.0,0.0,0.0,0.0,0.0,0.0,0.0,0.0,0.0,0.0,0.0
Cc1cc(O)cc(C)c1CC(N)C(=O)NC1CCN(C(=O)c2ccccc2)c2ccc(CN3CCc4ccccc4C3)cc21,0.0,0.0,0.0,0.0,0.0,0.0,6.8,0.0,0.0,0.0,0.0,0.0,0.0,0.0,0.0,0.0,0.0,0.0,0.0,0.0,0.0,0.0,0.0,0.0,0.0,0.0
Cc1cc(O)cc(C)c1CC(N)C(=O)NC1CCN(C(=O)c2ccccc2)c2ccc(Cc3cc4ccccc4o3)cc21,0.0,0.0,0.0,0.0,0.0,0.0,7.0,0.0,0.0,0.0,0.0,0.0,0.0,0.0,0.0,0.0,0.0,0.0,0.0,0.0,0.0,0.0,0.0,0.0,0.0,0.0
Cc1cc(O)cc(C)c1CC(N)C(=O)NC1CCN(C(=O)c2ccccc2)c2ccc(Cc3ccc4c(c3)OCCO4)cc21,0.0,0.0,0.0,0.0,0.0,0.0,6.62,0.0,0.0,0.0,0.0,0.0,0.0,0.0,0.0,0.0,0.0,0.0,0.0,0.0,0.0,0.0,0.0,0.0,0.0,0.0
Cc1cc(O)cc(C)c1CC(N)C(=O)NC1CCN(C(=O)c2ccccc2)c2ccc(Cc3ccc4ccccc4c3)cc21,0.0,0.0,0.0,0.0,0.0,0.0,6.8,0.0,0.0,0.0,0.0,0.0,0.0,0.0,0.0,0.0,0.0,0.0,0.0,0.0,0.0,0.0,0.0,0.0,0.0,0.0
Cc1cc(O)cc(C)c1CC(N)C(=O)NC1CCN(C(=O)c2ccccc2)c2ccc(Cc3ccccc3)cc21,0.0,0.0,0.0,0.0,0.0,0.0,7.41,0.0,0.0,0.0,0.0,0.0,0.0,0.0,0.0,0.0,0.0,0.0,0.0,0.0,0.0,0.0,0.0,0.0,0.0,0.0
Cc1cc(O)cc(C)c1CC(N)C(=O)NC1CCN(C(=O)c2ccccc2)c2ccc(Cc3cnc4ccccc4c3)cc21,0.0,0.0,0.0,0.0,0.0,0.0,7.0,0.0,0.0,0.0,0.0,0.0,0.0,0.0,0.0,0.0,0.0,0.0,0.0,0.0,0.0,0.0,0.0,0.0,0.0,0.0
Cc1cc(O)cc(C)c1CC(N)C(=O)NC1CCN(CC(=O)O)c2ccc(Cc3ccccc3)cc21,0.0,0.0,0.0,0.0,0.0,0.0,6.55,0.0,0.0,0.0,0.0,0.0,0.0,0.0,0.0,0.0,0.0,0.0,0.0,0.0,0.0,0.0,0.0,0.0,0.0,0.0
Cc1cc(O)cc(C)c1CC(N)C(=O)NC1CCN(CC(N)=O)c2ccc(Cc3ccccc3)cc21,0.0,0.0,0.0,0.0,0.0,0.0,8.37,0.0,0.0,0.0,0.0,0.0,0.0,0.0,0.0,0.0,0.0,0.0,0.0,0.0,0.0,0.0,0.0,0.0,0.0,0.0
Cc1cc(O)cc(C)c1CC(N)C(=O)NC1CCN(S(C)(=O)=O)c2ccc(CN3CCc4ccccc4C3)cc21,0.0,0.0,0.0,0.0,0.0,0.0,8.96,0.0,0.0,0.0,0.0,0.0,0.0,0.0,0.0,0.0,0.0,0.0,0.0,0.0,0.0,0.0,0.0,0.0,0.0,0.0
Cc1cc(O)cc(C)c1CC(N)C(=O)NC1CCN(S(C)(=O)=O)c2ccc(Cc3cc4ccccc4o3)cc21,0.0,0.0,0.0,0.0,0.0,0.0,8.1,0.0,0.0,0.0,0.0,0.0,0.0,0.0,0.0,0.0,0.0,0.0,0.0,0.0,0.0,0.0,0.0,0.0,0.0,0.0
Cc1cc(O)cc(C)c1CC(N)C(=O)NC1CCN(S(C)(=O)=O)c2ccc(Cc3ccc4c(c3)OCCO4)cc21,0.0,0.0,0.0,0.0,0.0,0.0,7.34,0.0,0.0,0.0,0.0,0.0,0.0,0.0,0.0,0.0,0.0,0.0,0.0,0.0,0.0,0.0,0.0,0.0,0.0,0.0
Cc1cc(O)cc(C)c1CC(N)C(=O)NC1CCN(S(C)(=O)=O)c2ccc(Cc3ccc4ccccc4c3)cc21,0.0,0.0,0.0,0.0,0.0,0.0,7.57,0.0,0.0,0.0,0.0,0.0,0.0,0.0,0.0,0.0,0.0,0.0,0.0,0.0,0.0,0.0,0.0,0.0,0.0,0.0
Cc1cc(O)cc(C)c1CC(N)C(=O)NC1CCN(S(C)(=O)=O)c2ccc(Cc3ccccc3)cc21,0.0,0.0,0.0,0.0,0.0,0.0,8.1,0.0,0.0,0.0,0.0,0.0,0.0,0.0,0.0,0.0,0.0,0.0,0.0,0.0,0.0,0.0,0.0,0.0,0.0,0.0
Cc1cc(O)cc(C)c1CC(N)C(=O)NC1CCN(S(C)(=O)=O)c2ccc(Cc3cnc4ccccc4c3)cc21,0.0,0.0,0.0,0.0,0.0,0.0,8.15,0.0,0.0,0.0,0.0,0.0,0.0,0.0,0.0,0.0,0.0,0.0,0.0,0.0,0.0,0.0,0.0,0.0,0.0,0.0
Cc1cc(O)cc(C)c1CC(N)C(=O)NC1CCNc2ccc(CC3CCCCC3)cc21,0.0,0.0,0.0,0.0,0.0,0.0,8.21,0.0,0.0,0.0,0.0,0.0,0.0,0.0,0.0,0.0,0.0,0.0,0.0,0.0,0.0,0.0,0.0,0.0,0.0,0.0
Cc1cc(O)cc(C)c1CC(N)C(=O)NC1CCNc2ccc(CC3CCc4ccccc43)cc21,0.0,0.0,0.0,0.0,0.0,0.0,7.72,0.0,0.0,0.0,0.0,0.0,0.0,0.0,0.0,0.0,0.0,0.0,0.0,0.0,0.0,0.0,0.0,0.0,0.0,0.0
Cc1cc(O)cc(C)c1CC(N)C(=O)NC1CCNc2ccc(CC3Cc4ccccc4C3)cc21,0.0,0.0,0.0,0.0,0.0,0.0,8.92,0.0,0.0,0.0,0.0,0.0,0.0,0.0,0.0,0.0,0.0,0.0,0.0,0.0,0.0,0.0,0.0,0.0,0.0,0.0
Cc1cc(O)cc(C)c1CC(N)C(=O)NC1CCNc2ccc(CCc3ccccc3)cc21,0.0,0.0,0.0,0.0,0.0,0.0,7.6,0.0,0.0,0.0,0.0,0.0,0.0,0.0,0.0,0.0,0.0,0.0,0.0,0.0,0.0,0.0,0.0,0.0,0.0,0.0
Cc1cc(O)cc(C)c1CC(N)C(=O)NC1CCNc2ccc(CN3CCc4ccccc4C3)cc21,0.0,0.0,0.0,0.0,0.0,0.0,8.66,0.0,0.0,0.0,0.0,0.0,0.0,0.0,0.0,0.0,0.0,0.0,0.0,0.0,0.0,0.0,0.0,0.0,0.0,0.0
Cc1cc(O)cc(C)c1CC(N)C(=O)NC1CCNc2ccc(Cc3cc4ccccc4o3)cc21,0.0,0.0,0.0,0.0,0.0,0.0,7.4,0.0,0.0,0.0,0.0,0.0,0.0,0.0,0.0,0.0,0.0,0.0,0.0,0.0,0.0,0.0,0.0,0.0,0.0,0.0
Cc1cc(O)cc(C)c1CC(N)C(=O)NC1CCNc2ccc(Cc3ccc4c(c3)OCCO4)cc21,0.0,0.0,0.0,0.0,0.0,0.0,6.94,0.0,0.0,0.0,0.0,0.0,0.0,0.0,0.0,0.0,0.0,0.0,0.0,0.0,0.0,0.0,0.0,0.0,0.0,0.0
Cc1cc(O)cc(C)c1CC(N)C(=O)NC1CCNc2ccc(Cc3cccc4ccccc34)cc21,0.0,0.0,0.0,0.0,0.0,0.0,7.77,0.0,0.0,0.0,0.0,0.0,0.0,0.0,0.0,0.0,0.0,0.0,0.0,0.0,0.0,0.0,0.0,0.0,0.0,0.0
Cc1cc(O)cc(C)c1CC(N)C(=O)NC1CCNc2ccc(Cc3ccccc3)cc21,0.0,0.0,0.0,0.0,0.0,0.0,7.17,0.0,0.0,0.0,0.0,0.0,0.0,0.0,0.0,0.0,0.0,0.0,0.0,0.0,0.0,0.0,0.0,0.0,0.0,0.0
Cc1cc(O)cc(C)c1CC(N)C(=O)NC1CCNc2ccc(Cc3cnc4ccccc4c3)cc21,0.0,0.0,0.0,0.0,0.0,0.0,7.8,0.0,0.0,0.0,0.0,0.0,0.0,0.0,0.0,0.0,0.0,0.0,0.0,0.0,0.0,0.0,0.0,0.0,0.0,0.0
Cc1cc(O)cc(C)c1CC(N)C(=O)NC1CSCCSC(C)(C)C(C(=O)NC(CO)C(=O)O)NC(=O)C2(Cc3ccccc3C2)NC1=O,0.0,0.0,0.0,0.0,0.0,0.0,5.15,0.0,0.0,0.0,0.0,0.0,0.0,0.0,0.0,0.0,0.0,0.0,0.0,0.0,0.0,0.0,0.0,0.0,0.0,0.0
Cc1cc(O)cc(C)c1CC(N)C(=O)NC1CSCCSC(C)(C)C(C(=O)NC(CO)C(N)=O)NC(=O)C2(Cc3ccccc3C2)NC1=O,0.0,0.0,0.0,0.0,0.0,0.0,7.03,0.0,0.0,0.0,0.0,0.0,0.0,0.0,0.0,0.0,0.0,0.0,0.0,0.0,0.0,0.0,0.0,0.0,0.0,0.0
Cc1cc(O)cc(C)c1CC(N)C(=O)NC1CSCCSC(C)(C)C(C(=O)NC(COC2OC(CO)C(O)C(O)C2O)C(N)=O)NC(=O)C2(Cc3ccccc3C2)NC1=O,0.0,0.0,0.0,0.0,0.0,0.0,6.38,0.0,0.0,0.0,0.0,0.0,0.0,0.0,0.0,0.0,0.0,0.0,0.0,0.0,0.0,0.0,0.0,0.0,0.0,0.0
Cc1cc(O)cc(C)c1CC(N)C(=O)NC1CSCCSC(C)(C)C(C(=O)O)NC(=O)C2(Cc3ccccc3C2)NC1=O,0.0,0.0,0.0,0.0,0.0,0.0,6.11,0.0,0.0,0.0,0.0,0.0,0.0,0.0,0.0,0.0,0.0,0.0,0.0,0.0,0.0,0.0,0.0,0.0,0.0,0.0
Cc1cc(O)cc(C)c1CC(N)C(=O)NC1CSCc2ccccc2CSCC(NC(=O)C(N)Cc2c(C)cc(O)cc2C)C(=O)NCC(=O)NC(Cc2ccc(F)cc2)C(=O)NNC(=O)C(Cc2ccc(F)cc2)NC(=O)CNC1=O,0.0,0.0,0.0,0.0,0.0,0.0,7.12,0.0,0.0,0.0,0.0,0.0,0.0,0.0,0.0,0.0,0.0,0.0,0.0,0.0,0.0,0.0,0.0,0.0,0.0,0.0
Cc1cc(O)cc(C)c1CC(N)C(=O)NC1CSSCC(NC(=O)C(N)Cc2c(C)cc(O)cc2C)C(=O)NCC(=O)NC(Cc2ccccc2)C(=O)N2CCN(CC2)C(=O)C(Cc2ccccc2)NC(=O)CNC1=O,0.0,0.0,0.0,0.0,0.0,0.0,0.0,0.0,0.0,0.0,0.0,0.0,0.0,0.0,0.0,0.0,0.0,0.0,0.0,0.0,0.0,8.31,0.0,0.0,0.0,0.0
Cc1cc(O)cc(C)c1CC(N)C(=O)NC1CSSCC(NC(=O)C(N)Cc2c(C)cc(O)cc2C)C(=O)NCC(=O)NC(Cc2ccccc2)C(=O)NCCSSCCNC(=O)C(Cc2ccccc2)NC(=O)CNC1=O,0.0,0.0,0.0,0.0,0.0,0.0,0.0,0.0,0.0,0.0,0.0,0.0,0.0,0.0,0.0,0.0,0.0,0.0,0.0,0.0,0.0,9.06,0.0,0.0,0.0,0.0
Cc1cc(O)cc(C)c1CC(N)C(=O)NCc1cc(Cc2ccccc2)ccc1Cl,0.0,0.0,0.0,0.0,0.0,0.0,6.28,0.0,0.0,0.0,0.0,0.0,0.0,0.0,0.0,0.0,0.0,0.0,0.0,0.0,0.0,0.0,0.0,0.0,0.0,0.0
Cc1cc(O)cc(C)c1CC(N)C(=O)NCc1cc(Cc2ccccc2)ccc1O,0.0,0.0,0.0,0.0,0.0,0.0,6.51,0.0,0.0,0.0,0.0,0.0,0.0,0.0,0.0,0.0,0.0,0.0,0.0,0.0,0.0,0.0,0.0,0.0,0.0,0.0
Cc1cc(O)cc(C)c1CC(N)C(=O)NCc1cc(Cc2ccccc2)ccc1OC(F)(F)F,0.0,0.0,0.0,0.0,0.0,0.0,6.43,0.0,0.0,0.0,0.0,0.0,0.0,0.0,0.0,0.0,0.0,0.0,0.0,0.0,0.0,0.0,0.0,0.0,0.0,0.0
Cc1cc(O)cc(C)c1CC(N)C(=O)NCc1cc(Cc2ccccc2)ccc1OCC1CC1,0.0,0.0,0.0,0.0,0.0,0.0,6.5,0.0,0.0,0.0,0.0,0.0,0.0,0.0,0.0,0.0,0.0,0.0,0.0,0.0,0.0,0.0,0.0,0.0,0.0,0.0
Cc1cc(O)cc(C)c1CC(N)C(=O)NCc1cc(Cc2ccccc2)ccc1OCc1ccccc1,0.0,0.0,0.0,0.0,0.0,0.0,6.24,0.0,0.0,0.0,0.0,0.0,0.0,0.0,0.0,0.0,0.0,0.0,0.0,0.0,0.0,0.0,0.0,0.0,0.0,0.0
Cc1cc(O)cc(C)c1CC(N)C(=O)NCc1cccc(Cc2ccccc2)c1,0.0,0.0,0.0,0.0,0.0,0.0,6.39,0.0,0.0,0.0,0.0,0.0,0.0,0.0,0.0,0.0,0.0,0.0,0.0,0.0,0.0,0.0,0.0,0.0,0.0,0.0
Cc1cc(O)ccc1CC(N)C(=O)NC1CCNc2ccc(Cc3ccccc3)cc21,0.0,0.0,0.0,0.0,0.0,0.0,7.02,0.0,0.0,0.0,0.0,0.0,0.0,0.0,0.0,0.0,0.0,0.0,0.0,0.0,0.0,0.0,0.0,0.0,0.0,0.0
Cc1cc(Oc2nccc3occc23)ccc1-c1c(C)ncc2nccn12,0.0,0.0,0.0,0.0,0.0,0.0,0.0,0.0,0.0,0.0,0.0,0.0,0.0,0.0,5.51,0.0,0.0,0.0,0.0,0.0,0.0,0.0,0.0,0.0,0.0,0.0
Cc1cc(S(=O)(=O)NCC(=O)NC2CCC2NC(C)C)ccc1F,0.0,0.0,0.0,0.0,0.0,0.0,0.0,0.0,0.0,0.0,0.0,0.0,0.0,0.0,0.0,0.0,0.0,5.21,0.0,0.0,0.0,0.0,0.0,0.0,0.0,0.0
Cc1cc2oc(C(=O)NCC(c3ccco3)N3CCCC3)c(C)c2cc1C,0.0,0.0,0.0,0.0,0.0,0.0,0.0,0.0,0.0,0.0,0.0,0.0,0.0,0.0,0.0,0.0,0.0,5.96,0.0,0.0,0.0,0.0,0.0,0.0,0.0,0.0
Cc1ccc(-c2ccccc2CN2CC3CNCC3C2)o1,0.0,0.0,0.0,0.0,0.0,0.0,0.0,0.0,0.0,0.0,0.0,0.0,0.0,0.0,0.0,0.0,0.0,5.52,0.0,0.0,0.0,0.0,0.0,0.0,0.0,0.0
Cc1ccc(-c2cnc3c(c2)CC2(OCCCc4ccccc4)C4Cc5ccc(O)c6c5C2(CCN4CC2CC2)C3O6)cc1,0.0,0.0,0.0,0.0,0.0,0.0,6.99,0.0,0.0,0.0,0.0,0.0,0.0,0.0,0.0,0.0,0.0,0.0,0.0,0.0,0.0,0.0,0.0,0.0,0.0,0.0
Cc1ccc(C(C)C(=O)Oc2ccc3c(c2)C24CCCCC2(O)C(C3)N(CC2CCC2)CC4)cc1,0.0,0.0,0.0,0.0,0.0,0.0,8.89,0.0,0.0,0.0,0.0,0.0,0.0,0.0,0.0,0.0,0.0,0.0,0.0,0.0,0.0,0.0,0.0,0.0,0.0,0.0
Cc1ccc(C(CNC(=O)c2oc3ccc(F)cc3c2C)N2CCCC2)o1,0.0,0.0,0.0,0.0,0.0,0.0,0.0,0.0,0.0,0.0,0.0,0.0,0.0,0.0,0.0,0.0,0.0,6.19,0.0,0.0,0.0,0.0,0.0,0.0,0.0,0.0
Cc1ccc(C(CNC(=O)c2oc3ccccc3c2C)N2CCCC2)o1,0.0,0.0,0.0,0.0,0.0,0.0,0.0,0.0,0.0,0.0,0.0,0.0,0.0,0.0,0.0,0.0,0.0,6.44,0.0,0.0,0.0,0.0,0.0,0.0,0.0,0.0
Cc1ccc(C(c2ccc(C)cc2)N2CCC(O)(c3ccccc3CN)CC2)cc1,0.0,0.0,0.0,0.0,0.0,0.0,5.98,0.0,0.0,0.0,0.0,0.0,0.0,0.0,0.0,0.0,0.0,0.0,0.0,0.0,0.0,0.0,0.0,0.0,0.0,0.0
Cc1ccc(C(c2ccccc2)N2CCC(O)(c3ccccc3)CC2)cc1,0.0,0.0,0.0,0.0,0.0,0.0,5.57,0.0,0.0,0.0,0.0,0.0,0.0,0.0,0.0,0.0,0.0,0.0,0.0,0.0,0.0,0.0,0.0,0.0,0.0,0.0
Cc1ccc(C2(O)CCN(C(c3ccccc3)c3ccccc3)CC2)cc1,0.0,0.0,0.0,0.0,0.0,0.0,5.39,0.0,0.0,0.0,0.0,0.0,0.0,0.0,0.0,0.0,0.0,0.0,0.0,0.0,0.0,0.0,0.0,0.0,0.0,0.0
Cc1ccc(C=CC(=O)NC23CCC(=O)C4Oc5c(O)ccc6c5C42CCN(C)C3C6)cc1,0.0,0.0,0.0,0.0,0.0,0.0,8.82,0.0,0.0,0.0,0.0,0.0,0.0,0.0,0.0,0.0,0.0,0.0,0.0,0.0,0.0,0.0,0.0,0.0,0.0,0.0
Cc1ccc(CC(=O)N2CCC(O)(c3cccc(O)c3)C(CN(C)C)C2)cc1,0.0,0.0,0.0,0.0,0.0,0.0,7.21,0.0,0.0,0.0,0.0,0.0,0.0,0.0,0.0,0.0,0.0,0.0,0.0,0.0,0.0,0.0,0.0,0.0,0.0,0.0
Cc1ccc(CCC(=O)NC23CCC(=O)C4Oc5c(O)ccc6c5C42CCN(C)C3C6)cc1,0.0,0.0,0.0,0.0,0.0,0.0,9.24,0.0,0.0,0.0,0.0,0.0,0.0,0.0,0.0,0.0,0.0,0.0,0.0,0.0,0.0,0.0,0.0,0.0,0.0,0.0
Cc1ccc(CN2CCN3CC(C)C(C)(c4cccc(O)c4)CC3C2)cc1,0.0,0.0,0.0,0.0,0.0,0.0,6.52,0.0,0.0,0.0,0.0,0.0,0.0,0.0,0.0,0.0,0.0,0.0,0.0,0.0,0.0,0.0,0.0,0.0,0.0,0.0
Cc1ccc(Cc2ccccc2)cc1CNC(=O)C(N)Cc1c(C)cc(O)cc1C,0.0,0.0,0.0,0.0,0.0,0.0,6.44,0.0,0.0,0.0,0.0,0.0,0.0,0.0,0.0,0.0,0.0,0.0,0.0,0.0,0.0,0.0,0.0,0.0,0.0,0.0
Cc1ccc(N2CNC(=O)C23CCN(C2Cc4cccc5cccc2c45)CC3)cc1,0.0,0.0,0.0,0.0,0.0,0.0,0.0,0.0,0.0,0.0,0.0,0.0,0.0,0.0,6.7,0.0,0.0,0.0,0.0,0.0,0.0,0.0,0.0,0.0,0.0,0.0
Cc1ccc(NC(=O)C2CC=CC3CCN(Cc4ccccc4F)C(=O)C32)cc1C(F)(F)F,0.0,0.0,0.0,0.0,0.0,0.0,0.0,0.0,0.0,0.0,0.0,0.0,7.07,0.0,0.0,0.0,0.0,0.0,0.0,0.0,0.0,0.0,0.0,0.0,0.0,0.0
Cc1ccc(S(=O)(=O)NCc2ccc(CC(=O)N(C)C(CN3CCC(O)C3)c3ccccc3)cc2)cc1,0.0,0.0,0.0,0.0,0.0,0.0,0.0,0.0,0.0,0.0,0.0,0.0,0.0,0.0,8.77,0.0,0.0,0.0,0.0,0.0,0.0,0.0,0.0,0.0,0.0,0.0
Cc1ccc(S(=O)(=O)OC2CCC3(O)C4Cc5ccc(O)c6c5C3(CCN4CC3CC3)C2O6)cc1,0.0,0.0,0.0,0.0,0.0,0.0,8.78,0.0,0.0,0.0,0.0,0.0,0.0,0.0,0.0,0.0,0.0,0.0,0.0,0.0,0.0,0.0,0.0,0.0,0.0,0.0
Cc1cccc(-c2cnc3c(c2)CC2(OCCCc4ccccc4)C4Cc5ccc(O)c6c5C2(CCN4CC2CC2)C3O6)c1,0.0,0.0,0.0,0.0,0.0,0.0,7.75,0.0,0.0,0.0,0.0,0.0,0.0,0.0,0.0,0.0,0.0,0.0,0.0,0.0,0.0,0.0,0.0,0.0,0.0,0.0
Cc1cccc(C(O)CNC(C)Cn2cc(Br)cn2)c1,0.0,0.0,0.0,0.0,0.0,0.0,0.0,0.0,0.0,0.0,0.0,0.0,0.0,0.0,0.0,0.0,0.0,5.19,0.0,0.0,0.0,0.0,0.0,0.0,0.0,0.0
Cc1cccc(C(c2ccccc2)N2CCC(O)(c3ccccc3)CC2)c1,0.0,0.0,0.0,0.0,0.0,0.0,5.96,0.0,0.0,0.0,0.0,0.0,0.0,0.0,0.0,0.0,0.0,0.0,0.0,0.0,0.0,0.0,0.0,0.0,0.0,0.0
Cc1cccc(C)c1-c1cnc2c(c1)CC1(OCCCc3ccccc3)C3Cc4ccc(O)c5c4C1(CCN3CC1CC1)C2O5,0.0,0.0,0.0,0.0,0.0,0.0,6.87,0.0,0.0,0.0,0.0,0.0,0.0,0.0,0.0,0.0,0.0,0.0,0.0,0.0,0.0,0.0,0.0,0.0,0.0,0.0
Cc1cccc(C)c1CC(N)C(=O)NC1CCNc2ccc(Cc3ccccc3)cc21,0.0,0.0,0.0,0.0,0.0,0.0,6.89,0.0,0.0,0.0,0.0,0.0,0.0,0.0,0.0,0.0,0.0,0.0,0.0,0.0,0.0,0.0,0.0,0.0,0.0,0.0
Cc1cccc(C2(O)CCN(C(c3ccccc3)c3ccccc3)CC2)c1,0.0,0.0,0.0,0.0,0.0,0.0,5.94,0.0,0.0,0.0,0.0,0.0,0.0,0.0,0.0,0.0,0.0,0.0,0.0,0.0,0.0,0.0,0.0,0.0,0.0,0.0
Cc1cccc(C2CCCN2Cc2ccc(Oc3ccc(C(N)=O)c4ccccc34)cc2)c1,0.0,0.0,0.0,0.0,0.0,0.0,0.0,0.0,0.0,0.0,0.0,0.0,0.0,0.0,0.0,0.0,0.0,0.0,0.0,0.0,0.0,5.76,0.0,0.0,0.0,0.0
Cc1cccc(CC(=O)N2CCC(O)(c3cccc(O)c3)C(CN(C)C)C2)c1,0.0,0.0,0.0,0.0,0.0,0.0,7.13,0.0,0.0,0.0,0.0,0.0,0.0,0.0,0.0,0.0,0.0,0.0,0.0,0.0,0.0,0.0,0.0,0.0,0.0,0.0
Cc1cccc(CN2CCN3CC(C)C(C)(c4cccc(O)c4)CC3C2)c1,0.0,0.0,0.0,0.0,0.0,0.0,6.89,0.0,0.0,0.0,0.0,0.0,0.0,0.0,0.0,0.0,0.0,0.0,0.0,0.0,0.0,0.0,0.0,0.0,0.0,0.0
Cc1cccc(Cl)c1-c1nc(CN2CCC(C(=O)NCCCN3CC(C)CC(C)C3)CC2)c(C)o1,0.0,0.0,0.0,0.0,5.92,0.0,0.0,0.0,0.0,0.0,0.0,0.0,0.0,0.0,0.0,0.0,0.0,0.0,0.0,0.0,0.0,0.0,0.0,0.0,0.0,0.0
Cc1cccc(N2CNC(=O)C23CCN(C2Cc4cccc5cccc2c45)CC3)c1,0.0,0.0,0.0,0.0,0.0,0.0,0.0,0.0,0.0,0.0,0.0,0.0,0.0,0.0,7.7,0.0,0.0,0.0,0.0,0.0,0.0,0.0,0.0,0.0,0.0,0.0
Cc1ccccc1-c1cnc2c(c1)CC1(OCCCc3ccccc3)C3Cc4ccc(O)c5c4C1(CCN3CC1CC1)C2O5,0.0,0.0,0.0,0.0,0.0,0.0,6.82,0.0,0.0,0.0,0.0,0.0,0.0,0.0,0.0,0.0,0.0,0.0,0.0,0.0,0.0,0.0,0.0,0.0,0.0,0.0
Cc1ccccc1C(c1ccccc1)N1CCC(O)(c2ccccc2)CC1,0.0,0.0,0.0,0.0,0.0,0.0,6.53,0.0,0.0,0.0,0.0,0.0,0.0,0.0,0.0,0.0,0.0,0.0,0.0,0.0,0.0,0.0,0.0,0.0,0.0,0.0
Cc1ccccc1C(c1ccccc1)N1CCC(O)(c2ccccc2CN)CC1,0.0,0.0,0.0,0.0,0.0,0.0,6.14,0.0,0.0,0.0,0.0,0.0,0.0,0.0,0.0,0.0,0.0,0.0,0.0,0.0,0.0,0.0,0.0,0.0,0.0,0.0
Cc1ccccc1C(c1ccccc1C)N1C2CCC1CC(O)(c1ccccc1)C2,0.0,0.0,0.0,0.0,0.0,0.0,6.88,0.0,0.0,0.0,0.0,0.0,0.0,0.0,0.0,0.0,0.0,0.0,0.0,0.0,0.0,0.0,0.0,0.0,0.0,0.0
Cc1ccccc1C(c1ccccc1C)N1CCC(O)(c2ccccc2)CC1,0.0,0.0,0.0,0.0,0.0,0.0,5.77,0.0,0.0,0.0,0.0,0.0,0.0,0.0,0.0,0.0,0.0,0.0,0.0,0.0,0.0,0.0,0.0,0.0,0.0,0.0
Cc1ccccc1C(c1ccccc1C)N1CCC(O)(c2ccccc2CN)CC1,0.0,0.0,0.0,0.0,0.0,0.0,6.35,0.0,0.0,0.0,0.0,0.0,0.0,0.0,0.0,0.0,0.0,0.0,0.0,0.0,0.0,0.0,0.0,0.0,0.0,0.0
Cc1ccccc1C1(O)CCN(C(c2ccccc2)c2ccccc2)CC1,0.0,0.0,0.0,0.0,0.0,0.0,6.09,0.0,0.0,0.0,0.0,0.0,0.0,0.0,0.0,0.0,0.0,0.0,0.0,0.0,0.0,0.0,0.0,0.0,0.0,0.0
Cc1ccccc1C=CC(=O)NC12CCC(=O)C3Oc4c(O)ccc5c4C31CCN(C)C2C5,0.0,0.0,0.0,0.0,0.0,0.0,9.64,0.0,0.0,0.0,0.0,0.0,0.0,0.0,0.0,0.0,0.0,0.0,0.0,0.0,0.0,0.0,0.0,0.0,0.0,0.0
Cc1ccccc1C=CC(=O)NC12CCC(=O)C3Oc4c(O)ccc5c4C31CCN(CC1CC1)C2C5,0.0,0.0,0.0,0.0,0.0,0.0,8.82,0.0,0.0,0.0,0.0,0.0,0.0,0.0,0.0,0.0,0.0,0.0,0.0,0.0,0.0,0.0,0.0,0.0,0.0,0.0
Cc1ccccc1CC(=O)N1CCC(O)(c2cccc(O)c2)C(CN(C)C)C1,0.0,0.0,0.0,0.0,0.0,0.0,6.64,0.0,0.0,0.0,0.0,0.0,0.0,0.0,0.0,0.0,0.0,0.0,0.0,0.0,0.0,0.0,0.0,0.0,0.0,0.0
Cc1ccccc1CN1CCN2CC(C)C(C)(c3cccc(O)c3)CC2C1,0.0,0.0,0.0,0.0,0.0,0.0,7.52,0.0,0.0,0.0,0.0,0.0,0.0,0.0,0.0,0.0,0.0,0.0,0.0,0.0,0.0,0.0,0.0,0.0,0.0,0.0
Cc1ccsc1C1(O)CCN(C(c2ccccc2)c2ccccc2)CC1,0.0,0.0,0.0,0.0,0.0,0.0,5.59,0.0,0.0,0.0,0.0,0.0,0.0,0.0,0.0,0.0,0.0,0.0,0.0,0.0,0.0,0.0,0.0,0.0,0.0,0.0
Cc1nc(O)cc(C2CCN(Cc3ccc(C4CCCC4)s3)CC2)n1,0.0,0.0,0.0,0.0,0.0,0.0,0.0,0.0,0.0,0.0,0.0,0.0,0.0,0.0,0.0,0.0,0.0,5.09,0.0,0.0,0.0,0.0,0.0,0.0,0.0,0.0
Cc1nc2c3c(ccc2[nH]1)CC1C(C)C3(C)CCN1CC1CC1,0.0,0.0,0.0,0.0,0.0,0.0,9.29,0.0,0.0,0.0,0.0,0.0,0.0,0.0,0.0,0.0,0.0,0.0,0.0,0.0,0.0,0.0,0.0,0.0,0.0,0.0
Cc1nc2cc3c(cc2[nH]1)C1(C)CCN(CC2CC2)C(C3)C1C,0.0,0.0,0.0,0.0,0.0,0.0,10.3,0.0,0.0,0.0,0.0,0.0,0.0,0.0,0.0,0.0,0.0,0.0,0.0,0.0,0.0,0.0,0.0,0.0,0.0,0.0
Cc1ncc2nccn2c1-c1ccc(Oc2nccc3occc23)cc1C(F)(F)F,0.0,0.0,0.0,0.0,0.0,0.0,0.0,0.0,0.0,0.0,0.0,0.0,0.0,0.0,5.14,0.0,0.0,0.0,0.0,0.0,0.0,0.0,0.0,0.0,0.0,0.0
Cc1ncsc1CN1CCCCC1CCc1cccc(O)c1,0.0,0.0,0.0,0.0,0.0,0.0,0.0,0.0,0.0,0.0,0.0,0.0,0.0,0.0,0.0,0.0,0.0,6.46,0.0,0.0,0.0,0.0,0.0,0.0,0.0,0.0
Cc1nnc(-c2cnc3c(c2)CC2(OCCCc4ccccc4)C4Cc5ccc(O)c6c5C2(CCN4CC2CC2)C3O6)o1,0.0,0.0,0.0,0.0,0.0,0.0,7.83,0.0,0.0,0.0,0.0,0.0,0.0,0.0,0.0,0.0,0.0,0.0,0.0,0.0,0.0,0.0,0.0,0.0,0.0,0.0
Cc1nnc(Cc2nc3ccccc3n2C2CC3CCCC(C2)N3C2CC3CCCCC(C3)C2)[nH]1,0.0,0.0,0.0,0.0,0.0,0.0,0.0,0.0,0.0,0.0,0.0,0.0,0.0,0.0,0.0,6.89,0.0,0.0,0.0,0.0,0.0,0.0,0.0,0.0,0.0,0.0
Cc1nocc1-c1cnc2c(c1)CC1(OCCCc3ccccc3)C3Cc4ccc(O)c5c4C1(CCN3CC1CC1)C2O5,0.0,0.0,0.0,0.0,0.0,0.0,7.64,0.0,0.0,0.0,0.0,0.0,0.0,0.0,0.0,0.0,0.0,0.0,0.0,0.0,0.0,0.0,0.0,0.0,0.0,0.0
Clc1ccc(CNc2ccc3c(c2)C24CCCCC2C(C3)N(CC2CCC2)CC4)cc1,0.0,0.0,0.0,0.0,0.0,0.0,8.35,0.0,0.0,0.0,0.0,0.0,0.0,0.0,0.0,0.0,0.0,0.0,0.0,0.0,0.0,0.0,0.0,0.0,0.0,0.0
Clc1ccc(CSc2nnc(-c3ccccn3)n2Cc2ccco2)cc1Cl,0.0,0.0,0.0,0.0,0.0,0.0,0.0,0.0,0.0,0.0,0.0,0.0,7.39,0.0,0.0,0.0,0.0,0.0,0.0,0.0,0.0,0.0,0.0,0.0,0.0,0.0
Clc1ccc2[nH]cc(C3=CCN(Cc4ccccc4)CC3)c2c1,0.0,0.0,0.0,0.0,0.0,0.0,0.0,0.0,0.0,0.0,0.0,0.0,0.0,0.0,0.0,0.0,0.0,6.0,0.0,0.0,0.0,0.0,0.0,0.0,0.0,0.0
Clc1ccc2[nH]cc(C3CCN(Cc4ccccc4)CC3)c2c1,0.0,0.0,0.0,0.0,0.0,0.0,0.0,0.0,0.0,0.0,0.0,0.0,0.0,0.0,0.0,0.0,0.0,6.48,0.0,0.0,0.0,0.0,0.0,0.0,0.0,0.0
Clc1cccc2c(C3CCN(C4Cc5cccc6cccc4c56)CC3)c[nH]c12,0.0,0.0,0.0,0.0,0.0,0.0,0.0,0.0,0.0,0.0,0.0,0.0,0.0,0.0,0.0,0.0,0.0,5.58,0.0,0.0,0.0,0.0,0.0,0.0,0.0,0.0
Clc1cccc2c(C3CCN(CC4CCCCCCC4)CC3)c[nH]c12,0.0,0.0,0.0,0.0,0.0,0.0,0.0,0.0,0.0,0.0,0.0,0.0,0.0,0.0,0.0,0.0,0.0,5.93,0.0,0.0,0.0,0.0,0.0,0.0,0.0,0.0
Clc1ccccc1C(c1ccccc1Cl)N1C2CCC1CC(c1ccccn1)C2,0.0,0.0,0.0,0.0,0.0,0.0,6.29,0.0,0.0,0.0,0.0,0.0,0.0,0.0,0.0,0.0,0.0,0.0,0.0,0.0,0.0,0.0,0.0,0.0,0.0,0.0
Cn1c(N2CCC(c3ccccc3)(c3nccn3Cc3ccccc3)CC2)nc2ccccc21,0.0,0.0,0.0,0.0,0.0,0.0,0.0,0.0,0.0,0.0,0.0,0.0,0.0,0.0,7.4,0.0,0.0,0.0,0.0,0.0,0.0,0.0,0.0,0.0,0.0,0.0
Cn1c2c(c3c1C1Oc4c(O)ccc5c4C14CCN(CC1CC1)C(C5)C4(O)C3)CCCC2,0.0,0.0,0.0,0.0,0.0,0.0,8.39,0.0,0.0,0.0,0.0,0.0,0.0,0.0,0.0,0.0,0.0,0.0,0.0,0.0,0.0,0.0,0.0,0.0,0.0,0.0
Cn1c2c(c3ccccc31)CC13Cc4ccc(O)cc4C1(CCN(CC1CC1)C3)C2,0.0,0.0,0.0,0.0,0.0,0.0,5.82,0.0,0.0,0.0,0.0,0.0,0.0,0.0,0.0,0.0,0.0,0.0,0.0,0.0,0.0,0.0,0.0,0.0,0.0,0.0
Cn1cc(-c2ccccc2)c2c1C1Oc3c(O)ccc4c3C13CCN(CC1CC1)C(C4)C3(O)C2,0.0,0.0,0.0,0.0,0.0,0.0,7.73,0.0,0.0,0.0,0.0,0.0,0.0,0.0,0.0,0.0,0.0,0.0,0.0,0.0,0.0,0.0,0.0,0.0,0.0,0.0
Cn1cc(-c2cnc3c(c2)CC2(OCCCc4ccccc4)C4Cc5ccc(O)c6c5C2(CCN4CC2CC2)C3O6)cn1,0.0,0.0,0.0,0.0,0.0,0.0,8.08,0.0,0.0,0.0,0.0,0.0,0.0,0.0,0.0,0.0,0.0,0.0,0.0,0.0,0.0,0.0,0.0,0.0,0.0,0.0
Cn1cc(C2CCN(C3Cc4cccc5cccc3c45)CC2O)c2cccnc21,0.0,0.0,0.0,0.0,0.0,0.0,0.0,0.0,0.0,0.0,0.0,0.0,0.0,0.0,0.0,0.0,0.0,5.37,0.0,0.0,0.0,0.0,0.0,0.0,0.0,0.0
Cn1cc(Cl)c(-c2nc3ccccc3n2C2CC3CCCC(C2)N3C2CC3CCCCC(C3)C2)n1,0.0,0.0,0.0,0.0,0.0,0.0,0.0,0.0,0.0,0.0,0.0,0.0,0.0,0.0,0.0,7.1,0.0,0.0,0.0,0.0,0.0,0.0,0.0,0.0,0.0,0.0
FC(F)(F)CNc1nc2cc3c(cc2s1)CC1C2CCCCC32CCN1CC1CC1,0.0,0.0,0.0,0.0,0.0,0.0,9.08,0.0,0.0,0.0,0.0,0.0,0.0,0.0,0.0,0.0,0.0,0.0,0.0,0.0,0.0,0.0,0.0,0.0,0.0,0.0
FC(F)(F)c1cc(Oc2nccc3ccsc23)ccc1-c1cccc2nccn12,0.0,0.0,0.0,0.0,0.0,0.0,0.0,0.0,0.0,0.0,0.0,0.0,0.0,0.0,5.5,0.0,0.0,0.0,0.0,0.0,0.0,0.0,0.0,0.0,0.0,0.0
FC(F)(F)c1cc(Oc2nccc3occc23)ccc1-c1cccc2nccn12,0.0,0.0,0.0,0.0,0.0,0.0,0.0,0.0,0.0,0.0,0.0,0.0,0.0,0.0,5.82,0.0,0.0,0.0,0.0,0.0,0.0,0.0,0.0,0.0,0.0,0.0
FC(F)(F)c1ccc(C2=CC3(CCNCC3)Oc3ccccc32)cc1,0.0,0.0,0.0,0.0,0.0,0.0,5.7,0.0,0.0,0.0,0.0,0.0,0.0,0.0,0.0,0.0,0.0,0.0,0.0,0.0,0.0,0.0,0.0,0.0,0.0,0.0
Fc1ccc2[nH]cc(C3CCN(C4Cc5cccc6cccc4c56)CC3)c2c1,0.0,0.0,0.0,0.0,0.0,0.0,0.0,0.0,0.0,0.0,0.0,0.0,0.0,0.0,0.0,0.0,0.0,5.72,0.0,0.0,0.0,0.0,0.0,0.0,0.0,0.0
Fc1ccc2[nH]cc(C3CCN(CC4CCCCCCC4)CC3)c2c1,0.0,0.0,0.0,0.0,0.0,0.0,0.0,0.0,0.0,0.0,0.0,0.0,0.0,0.0,0.0,0.0,0.0,6.75,0.0,0.0,0.0,0.0,0.0,0.0,0.0,0.0
Fc1ccc2[nH]cc(C3CCN(Cc4cccc5ccccc45)CC3)c2c1,0.0,0.0,0.0,0.0,0.0,0.0,0.0,0.0,0.0,0.0,0.0,0.0,0.0,0.0,0.0,0.0,0.0,6.09,0.0,0.0,0.0,0.0,0.0,0.0,0.0,0.0
Ic1ccc(CN(Cc2ccc(I)cc2)c2ccc3c(c2)C24CCCCC2C(C3)N(CC2CCC2)CC4)cc1,0.0,0.0,0.0,0.0,0.0,0.0,7.8,0.0,0.0,0.0,0.0,0.0,0.0,0.0,0.0,0.0,0.0,0.0,0.0,0.0,0.0,0.0,0.0,0.0,0.0,0.0
Ic1ccc(CNc2ccc3c(c2)C24CCCCC2C(C3)N(CC2CC2)CC4)cc1,0.0,0.0,0.0,0.0,0.0,0.0,9.1,0.0,0.0,0.0,0.0,0.0,0.0,0.0,0.0,0.0,0.0,0.0,0.0,0.0,0.0,0.0,0.0,0.0,0.0,0.0
Ic1ccc(CNc2ccc3c(c2)C24CCCCC2C(C3)N(CC2CCC2)CC4)cc1,0.0,0.0,0.0,0.0,0.0,0.0,8.24,0.0,0.0,0.0,0.0,0.0,0.0,0.0,0.0,0.0,0.0,0.0,0.0,0.0,0.0,0.0,0.0,0.0,0.0,0.0
N#CCn1c(=O)c(=O)n(C2CCN(C3CCCCCCC3)CC2)c2ccccc21,0.0,0.0,0.0,0.0,0.0,0.0,0.0,0.0,0.0,0.0,0.0,0.0,0.0,0.0,0.0,0.0,0.0,5.37,0.0,0.0,0.0,0.0,0.0,0.0,0.0,0.0
N#Cc1ccc(C2(O)CCN(C(c3ccccc3)c3ccccc3)CC2)cc1,0.0,0.0,0.0,0.0,0.0,0.0,4.21,0.0,0.0,0.0,0.0,0.0,0.0,0.0,0.0,0.0,0.0,0.0,0.0,0.0,0.0,0.0,0.0,0.0,0.0,0.0
N#Cc1ccc(C=C2CC3(O)C4Cc5ccc(O)c6c5C3(CCN4CC3CC3)C(O6)C2=O)cc1,0.0,0.0,0.0,0.0,0.0,0.0,0.0,0.0,0.0,0.0,0.0,0.0,0.0,0.0,0.0,0.0,0.0,0.0,0.0,0.0,0.0,6.68,0.0,0.0,0.0,0.0
N=C(N)NCC(=O)NCC1(Cc2cccc3ccccc23)CCN(Cc2ccccc2)CC1,0.0,0.0,0.0,0.0,0.0,0.0,0.0,0.0,0.0,0.0,0.0,0.0,0.0,0.0,0.0,0.0,0.0,5.83,0.0,0.0,0.0,0.0,0.0,0.0,0.0,0.0
N=C(N)NCC(=O)NCC1(Cc2ccccc2)CCN(Cc2ccccc2)CC1,0.0,0.0,0.0,0.0,0.0,0.0,0.0,0.0,0.0,0.0,0.0,0.0,0.0,0.0,0.0,0.0,0.0,5.37,0.0,0.0,0.0,0.0,0.0,0.0,0.0,0.0
N=C(N)NCC(=O)NCC1(Nc2cccc3ccccc23)CCN(Cc2ccccc2)CC1,0.0,0.0,0.0,0.0,0.0,0.0,0.0,0.0,0.0,0.0,0.0,0.0,0.0,0.0,0.0,0.0,0.0,6.15,0.0,0.0,0.0,0.0,0.0,0.0,0.0,0.0
N=C(N)NCC(=O)NCC1(Nc2ccccc2)CCN(Cc2ccccc2)CC1,0.0,0.0,0.0,0.0,0.0,0.0,0.0,0.0,0.0,0.0,0.0,0.0,0.0,0.0,0.0,0.0,0.0,5.91,0.0,0.0,0.0,0.0,0.0,0.0,0.0,0.0
N=C(N)NCCCC(N)C(=O)NCC1(Nc2ccccc2)CCN(Cc2ccccc2)CC1,0.0,0.0,0.0,0.0,0.0,0.0,0.0,0.0,0.0,0.0,0.0,0.0,0.0,0.0,0.0,0.0,0.0,8.32,0.0,0.0,0.0,0.0,0.0,0.0,0.0,0.0
N=C(N)NCCCC(NC(=O)C(CCCNC(=N)N)NC(=O)C(CCCNC(=N)N)NC(=O)C1CCCN1C(=O)c1ccccc1)C(=O)NC(CC1CCCCC1)C(=O)NC1CSSCC(C(N)=O)NC1=O,0.0,0.0,0.0,0.0,0.0,0.0,0.0,0.0,0.0,0.0,0.0,0.0,0.0,0.0,0.0,0.0,0.0,0.0,9.64,0.0,0.0,0.0,0.0,0.0,0.0,0.0
N=C(N)NCCCC(NC(=O)C(CCCNC(=N)N)NC(=O)C1CCCN1C(=O)c1ccc(Cl)c(Cl)c1)C(=O)NC(CCC(N)=O)C(=O)NC(CS)C(=O)NC(CC1CCCCC1)C(=O)NC1CSSCC(C(N)=O)NC1=O,0.0,0.0,0.0,0.0,0.0,0.0,0.0,0.0,0.0,0.0,0.0,0.0,0.0,0.0,0.0,0.0,0.0,0.0,9.01,0.0,0.0,0.0,0.0,0.0,0.0,0.0
N=C(N)NCCCC(NC(=O)C(CCCNC(=N)N)NC(=O)C1CCCN1C(=O)c1ccc(Cl)cc1)C(=O)NC(CCC(N)=O)C(=O)NC(CC1CCCCC1)C(=O)NC1CSSCC(C(=O)O)NC1=O,0.0,0.0,0.0,0.0,0.0,0.0,0.0,0.0,0.0,0.0,0.0,0.0,0.0,0.0,0.0,0.0,0.0,0.0,6.1,0.0,0.0,0.0,0.0,0.0,0.0,0.0
N=C(N)NCCCC(NC(=O)C(CCCNC(=N)N)NC(=O)C1CCCN1C(=O)c1ccc(Cl)cc1)C(=O)NC(CCC(N)=O)C(=O)NC(CC1CCCCC1)C(=O)NC1CSSCC(C(N)=O)NC1=O,0.0,0.0,0.0,0.0,0.0,0.0,0.0,0.0,0.0,0.0,0.0,0.0,0.0,0.0,0.0,0.0,0.0,0.0,9.89,0.0,0.0,0.0,0.0,0.0,0.0,0.0
N=C(N)NCCCC(NC(=O)C(CCCNC(=N)N)NC(=O)C1CCCN1C(=O)c1ccc(O)cc1)C(=O)NC(CCC(N)=O)C(=O)NC(CS)C(=O)NC(CC1CCCCC1)C(=O)NC1CSSCC(C(N)=O)NC1=O,0.0,0.0,0.0,0.0,0.0,0.0,0.0,0.0,0.0,0.0,0.0,0.0,0.0,0.0,0.0,0.0,0.0,0.0,8.92,0.0,0.0,0.0,0.0,0.0,0.0,0.0
N=C(N)NCCCC(NC(=O)C(CCCNC(=N)N)NC(=O)C1CCCN1C(=O)c1ccc([N+](=O)[O-])cc1)C(=O)NC(CCC(N)=O)C(=O)NC(CS)C(=O)NC(CC1CCCCC1)C(=O)NC1CSSCC(C(N)=O)NC1=O,0.0,0.0,0.0,0.0,0.0,0.0,0.0,0.0,0.0,0.0,0.0,0.0,0.0,0.0,0.0,0.0,0.0,0.0,8.66,0.0,0.0,0.0,0.0,0.0,0.0,0.0
N=C(N)NCCCC(NC(=O)C(CCCNC(=N)N)NC(=O)C1CCCN1C(=O)c1ccc2ccccc2c1)C(=O)NC(CCC(N)=O)C(=O)NC(CC1CCCCC1)C(=O)NC1CSSCC(C(=O)O)NC1=O,0.0,0.0,0.0,0.0,0.0,0.0,0.0,0.0,0.0,0.0,0.0,0.0,0.0,0.0,0.0,0.0,0.0,0.0,6.64,0.0,0.0,0.0,0.0,0.0,0.0,0.0
N=C(N)NCCCC(NC(=O)C(CCCNC(=N)N)NC(=O)C1CCCN1C(=O)c1ccc2ccccc2c1)C(=O)NC(CCC(N)=O)C(=O)NC(CC1CCCCC1)C(=O)NC1CSSCC(C(N)=O)NC1=O,0.0,0.0,0.0,0.0,0.0,0.0,0.0,0.0,0.0,0.0,0.0,0.0,0.0,0.0,0.0,0.0,0.0,0.0,10.15,0.0,0.0,0.0,0.0,0.0,0.0,0.0
N=C(N)NCCCC(NC(=O)C(CCCNC(=N)N)NC(=O)C1CCCN1C(=O)c1ccccc1)C(=O)NC(CC(=O)O)C(=O)NC(CC1CCCCC1)C(=O)NC1CSSCC(C(N)=O)NC1=O,0.0,0.0,0.0,0.0,0.0,0.0,0.0,0.0,0.0,0.0,0.0,0.0,0.0,0.0,0.0,0.0,0.0,0.0,7.99,0.0,0.0,0.0,0.0,0.0,0.0,0.0
N=C(N)NCCCC(NC(=O)C(CCCNC(=N)N)NC(=O)C1CCCN1C(=O)c1ccccc1)C(=O)NC(CC(N)=O)C(=O)NC(CC1CCCCC1)C(=O)NC1CSSCC(C(N)=O)NC1=O,0.0,0.0,0.0,0.0,0.0,0.0,0.0,0.0,0.0,0.0,0.0,0.0,0.0,0.0,0.0,0.0,0.0,0.0,9.21,0.0,0.0,0.0,0.0,0.0,0.0,0.0
N=C(N)NCCCC(NC(=O)C(CCCNC(=N)N)NC(=O)C1CCCN1C(=O)c1ccccc1)C(=O)NC(CC1CCCCC1)C(=O)NC1CSSCC(C(N)=O)NC1=O,0.0,0.0,0.0,0.0,0.0,0.0,0.0,0.0,0.0,0.0,0.0,0.0,0.0,0.0,0.0,0.0,0.0,0.0,7.22,0.0,0.0,0.0,0.0,0.0,0.0,0.0
N=C(N)NCCCC(NC(=O)C(CCCNC(=N)N)NC(=O)C1CCCN1C(=O)c1ccccc1)C(=O)NC(CCC(=O)O)C(=O)NC(CC1CCCCC1)C(=O)NC1CSSCC(C(N)=O)NC1=O,0.0,0.0,0.0,0.0,0.0,0.0,0.0,0.0,0.0,0.0,0.0,0.0,0.0,0.0,0.0,0.0,0.0,0.0,7.71,0.0,0.0,0.0,0.0,0.0,0.0,0.0
N=C(N)NCCCC(NC(=O)C(CCCNC(=N)N)NC(=O)C1CCCN1C(=O)c1ccccc1)C(=O)NC(CCC(N)=O)C(=O)NC(C(=O)NC1CSSCC(C(N)=O)NC1=O)C1CCCCC1,0.0,0.0,0.0,0.0,0.0,0.0,0.0,0.0,0.0,0.0,0.0,0.0,0.0,0.0,0.0,0.0,0.0,0.0,9.32,0.0,0.0,0.0,0.0,0.0,0.0,0.0
N=C(N)NCCCC(NC(=O)C(CCCNC(=N)N)NC(=O)C1CCCN1C(=O)c1ccccc1)C(=O)NC(CCC(N)=O)C(=O)NC(CC1CCCCC1)C(=O)N1CC2CC1C(=O)NC(C(N)=O)CSS2,0.0,0.0,0.0,0.0,0.0,0.0,0.0,0.0,0.0,0.0,0.0,0.0,0.0,0.0,0.0,0.0,0.0,0.0,6.11,0.0,0.0,0.0,0.0,0.0,0.0,0.0
N=C(N)NCCCC(NC(=O)C(CCCNC(=N)N)NC(=O)C1CCCN1C(=O)c1ccccc1)C(=O)NC(CCC(N)=O)C(=O)NC(CC1CCCCC1)C(=O)N1CCSSCC(C(N)=O)NC(=O)C1,0.0,0.0,0.0,0.0,0.0,0.0,0.0,0.0,0.0,0.0,0.0,0.0,0.0,0.0,0.0,0.0,0.0,0.0,6.7,0.0,0.0,0.0,0.0,0.0,0.0,0.0
N=C(N)NCCCC(NC(=O)C(CCCNC(=N)N)NC(=O)C1CCCN1C(=O)c1ccccc1)C(=O)NC(CCC(N)=O)C(=O)NC(CC1CCCCC1)C(=O)NC1CC(=O)NCC(C(N)=O)NC1=O,0.0,0.0,0.0,0.0,0.0,0.0,0.0,0.0,0.0,0.0,0.0,0.0,0.0,0.0,0.0,0.0,0.0,0.0,6.63,0.0,0.0,0.0,0.0,0.0,0.0,0.0
N=C(N)NCCCC(NC(=O)C(CCCNC(=N)N)NC(=O)C1CCCN1C(=O)c1ccccc1)C(=O)NC(CCC(N)=O)C(=O)NC(CC1CCCCC1)C(=O)NC1CSCSCC(C(N)=O)NC1=O,0.0,0.0,0.0,0.0,0.0,0.0,0.0,0.0,0.0,0.0,0.0,0.0,0.0,0.0,0.0,0.0,0.0,0.0,7.8,0.0,0.0,0.0,0.0,0.0,0.0,0.0
N=C(N)NCCCC(NC(=O)C(CCCNC(=N)N)NC(=O)C1CCCN1C(=O)c1ccccc1)C(=O)NC(CCC(N)=O)C(=O)NC(CC1CCCCC1)C(=O)NC1CSSC2CC(C(N)=O)N(C2)C1=O,0.0,0.0,0.0,0.0,0.0,0.0,0.0,0.0,0.0,0.0,0.0,0.0,0.0,0.0,0.0,0.0,0.0,0.0,6.68,0.0,0.0,0.0,0.0,0.0,0.0,0.0
N=C(N)NCCCC(NC(=O)C(CCCNC(=N)N)NC(=O)C1CCCN1C(=O)c1ccccc1)C(=O)NC(CCC(N)=O)C(=O)NC(CC1CCCCC1)C(=O)NC1CSSCC(C(=O)O)NC1=O,0.0,0.0,0.0,0.0,0.0,0.0,0.0,0.0,0.0,0.0,0.0,0.0,0.0,0.0,0.0,0.0,0.0,0.0,5.67,0.0,0.0,0.0,0.0,0.0,0.0,0.0
N=C(N)NCCCC(NC(=O)C(CCCNC(=N)N)NC(=O)C1CCCN1C(=O)c1ccccc1)C(=O)NC(CCC(N)=O)C(=O)NC(CC1CCCCC1)C(=O)NC1CSSCC(C(N)=O)NC1=O,0.0,0.0,0.0,0.0,0.0,0.0,0.0,0.0,0.0,0.0,0.0,0.0,0.0,0.0,0.0,0.0,0.0,0.0,9.6,0.0,0.0,0.0,0.0,0.0,0.0,0.0
N=C(N)NCCCC(NC(=O)C(CCCNC(=N)N)NC(=O)C1CCCN1C(=O)c1ccccc1)C(=O)NC(CCC(N)=O)C(=O)NC(CC1CCCCC1)C(=O)NC1CSSCCN(CC(N)=O)C1=O,0.0,0.0,0.0,0.0,0.0,0.0,0.0,0.0,0.0,0.0,0.0,0.0,0.0,0.0,0.0,0.0,0.0,0.0,6.33,0.0,0.0,0.0,0.0,0.0,0.0,0.0
N=C(N)NCCCC(NC(=O)C(CCCNC(=N)N)NC(=O)C1CCCN1C(=O)c1ccccc1)C(=O)NC(CCC(N)=O)C(=O)NC(CC1CCCCC1)C(N)=O,0.0,0.0,0.0,0.0,0.0,0.0,0.0,0.0,0.0,0.0,0.0,0.0,0.0,0.0,0.0,0.0,0.0,0.0,4.65,0.0,0.0,0.0,0.0,0.0,0.0,0.0
N=C(N)NCCCC(NC(=O)C(CCCNC(=N)N)NC(=O)C1CCCN1C(=O)c1ccccc1)C(=O)NC(CCC(N)=O)C(=O)NC(CNC1CSSCC(C(N)=O)NC1=O)CC1CCCCC1,0.0,0.0,0.0,0.0,0.0,0.0,0.0,0.0,0.0,0.0,0.0,0.0,0.0,0.0,0.0,0.0,0.0,0.0,6.87,0.0,0.0,0.0,0.0,0.0,0.0,0.0
N=C(N)NCCCC(NC(=O)C(CCCNC(=N)N)NC(=O)C1CCCN1C(=O)c1ccccc1)C(=O)NC(CCCCN)C(=O)NC(CC1CCCCC1)C(=O)NC1CSSCC(C(N)=O)NC1=O,0.0,0.0,0.0,0.0,0.0,0.0,0.0,0.0,0.0,0.0,0.0,0.0,0.0,0.0,0.0,0.0,0.0,0.0,9.23,0.0,0.0,0.0,0.0,0.0,0.0,0.0
N=C(N)NCCCC(NC(=O)C(CCCNC(=N)N)NC(=O)C1CCCN1C(=O)c1ccccc1)C(=O)NC(CO)C(=O)NC(CC1CCCCC1)C(=O)NC1CSSCC(C(N)=O)NC1=O,0.0,0.0,0.0,0.0,0.0,0.0,0.0,0.0,0.0,0.0,0.0,0.0,0.0,0.0,0.0,0.0,0.0,0.0,9.38,0.0,0.0,0.0,0.0,0.0,0.0,0.0
N=C(N)NCCCC(NC(=O)C(CCCNC(=N)N)NC(=O)C1CCCN1C(=O)c1ccccc1)C(=O)NC(Cc1ccccc1)C(=O)NC(CC1CCCCC1)C(=O)NC1CSSCC(C(N)=O)NC1=O,0.0,0.0,0.0,0.0,0.0,0.0,0.0,0.0,0.0,0.0,0.0,0.0,0.0,0.0,0.0,0.0,0.0,0.0,9.23,0.0,0.0,0.0,0.0,0.0,0.0,0.0
N=C(N)NCCCC(NC(=O)C(CCCNC(=N)N)NC(=O)C1CCCN1C(=O)c1ccccc1)C(=O)NCC(=O)NC(CC1CCCCC1)C(=O)NC1CSSCC(C(N)=O)NC1=O,0.0,0.0,0.0,0.0,0.0,0.0,0.0,0.0,0.0,0.0,0.0,0.0,0.0,0.0,0.0,0.0,0.0,0.0,9.8,0.0,0.0,0.0,0.0,0.0,0.0,0.0
N=C(N)NCCCC(NC(=O)C(CCCNC(=N)N)NC(=O)C1NCCc2ccccc21)C(=O)NC(CCC(N)=O)C(=O)NC(CC1CCCCC1)C(=O)NC1CSSCC(C(N)=O)NC1=O,0.0,0.0,0.0,0.0,0.0,0.0,0.0,0.0,0.0,0.0,0.0,0.0,0.0,0.0,0.0,0.0,0.0,0.0,8.93,0.0,0.0,0.0,0.0,0.0,0.0,0.0
N=C(N)NCCCC(NC(=O)C1CCC(=O)N1)C(=O)NC(CCCNC(=N)N)C(=O)NC(CCC(N)=O)C(=O)NC(CC1CCCCC1)C(=O)NC1CCCCN(CC(N)=O)C1=O,0.0,0.0,0.0,0.0,0.0,0.0,0.0,0.0,0.0,0.0,0.0,0.0,0.0,0.0,0.0,0.0,0.0,0.0,4.89,0.0,0.0,0.0,0.0,0.0,0.0,0.0
N=C(N)NCCCC(NC(=O)C1CCC(=O)N1)C(=O)NC(CCCNC(=N)N)C(=O)NC(CCC(N)=O)C(=O)NC(CC1CCCCC1)C(=O)NC1CCSSCC(C(N)=O)NC1=O,0.0,0.0,0.0,0.0,0.0,0.0,0.0,0.0,0.0,0.0,0.0,0.0,0.0,0.0,0.0,0.0,0.0,0.0,6.11,0.0,0.0,0.0,0.0,0.0,0.0,0.0
N=C(N)NCCCC(NC(=O)C1CCC(=O)N1)C(=O)NC(CCCNC(=N)N)C(=O)NC(CCC(N)=O)C(=O)NC(CC1CCCCC1)C(=O)NC1CCSSCCC(C(N)=O)NC1=O,0.0,0.0,0.0,0.0,0.0,0.0,0.0,0.0,0.0,0.0,0.0,0.0,0.0,0.0,0.0,0.0,0.0,0.0,6.62,0.0,0.0,0.0,0.0,0.0,0.0,0.0
N=C(N)NCCCC(NC(=O)C1CCC(=O)N1)C(=O)NC(CCCNC(=N)N)C(=O)NC(CCC(N)=O)C(=O)NC(CC1CCCCC1)C(=O)NC1CSSCC(C(N)=O)NC1=O,0.0,0.0,0.0,0.0,0.0,0.0,0.0,0.0,0.0,0.0,0.0,0.0,0.0,0.0,0.0,0.0,0.0,0.0,8.41,0.0,0.0,0.0,0.0,0.0,0.0,0.0
N=C(N)NCCCC(NC(=O)C1CCC(=O)N1)C(=O)NC(CCCNC(=N)N)C(=O)NC(CCC(N)=O)C(=O)NC(CC1CCCCC1)C(=O)NC1CSSCCC(C(N)=O)NC1=O,0.0,0.0,0.0,0.0,0.0,0.0,0.0,0.0,0.0,0.0,0.0,0.0,0.0,0.0,0.0,0.0,0.0,0.0,5.8,0.0,0.0,0.0,0.0,0.0,0.0,0.0
N=C(N)NCCCC(NC(=O)C1CCC(=O)N1)C(=O)NC(CCCNC(=N)N)C(=O)NC(CCC(N)=O)C(=O)NC(CC1CCCCC1)C(=O)NC1C[Se]SCC(C(N)=O)NC1=O,0.0,0.0,0.0,0.0,0.0,0.0,0.0,0.0,0.0,0.0,0.0,0.0,0.0,0.0,0.0,0.0,0.0,0.0,8.11,0.0,0.0,0.0,0.0,0.0,0.0,0.0
N=C(N)NCCCC(NC(=O)C1CSSCC(NC(=O)C(N)CC(N)=O)C(=O)N1)C(=O)NC(CCCNC(=N)N)C(=O)NC(CCC(N)=O)C(=O)NC(CC1CCCCC1)C(=O)NC1CSSCC(C(N)=O)NC1=O,0.0,0.0,0.0,0.0,0.0,0.0,0.0,0.0,0.0,0.0,0.0,0.0,0.0,0.0,0.0,0.0,0.0,0.0,8.89,0.0,0.0,0.0,0.0,0.0,0.0,0.0
N=C(N)NCCCC(NC(=O)C1CSSCC(NC(=O)C(N)CC(N)=O)C(=O)N1)C(=O)NC(CCCNC(=N)N)C(=O)NC(CCC(N)=O)C(=O)NC(Cc1cccc2ccccc12)C(=O)NC1CSSCC(C(N)=O)NC1=O,0.0,0.0,0.0,0.0,0.0,0.0,0.0,0.0,0.0,0.0,0.0,0.0,0.0,0.0,0.0,0.0,0.0,0.0,8.54,0.0,0.0,0.0,0.0,0.0,0.0,0.0
N=C(N)NCCCC(NC(=O)C1CSSCC(NC(=O)C(N)CC(N)=O)C(=O)N1)C(=O)NC(CCCNC(=N)N)C(=O)NC(CCC(N)=O)C(=O)NC(Cc1ccccc1)C(=O)NC1CSSCC(C(N)=O)NC1=O,0.0,0.0,0.0,0.0,0.0,0.0,0.0,0.0,0.0,0.0,0.0,0.0,0.0,0.0,0.0,0.0,0.0,0.0,7.55,0.0,0.0,0.0,0.0,0.0,0.0,0.0
N=C(N)NCCCC(NC(=O)C1Cc2ccccc2CN1)C(=O)NC(CCCNC(=N)N)C(=O)NC(CCC(N)=O)C(=O)NC(CC1CCCCC1)C(=O)NC1CSSCC(C(N)=O)NC1=O,0.0,0.0,0.0,0.0,0.0,0.0,0.0,0.0,0.0,0.0,0.0,0.0,0.0,0.0,0.0,0.0,0.0,0.0,9.04,0.0,0.0,0.0,0.0,0.0,0.0,0.0
N=C(N)NCCCC(NC(=O)C1Cc2ccccc2CN1)C(=O)NC(CCCNC(=N)N)C(=O)NC(CCC(N)=O)C(=O)NC(CC1CCCCC1)C(=O)NC1C[Se][Se]CC(C(N)=O)NC1=O,0.0,0.0,0.0,0.0,0.0,0.0,0.0,0.0,0.0,0.0,0.0,0.0,0.0,0.0,0.0,0.0,0.0,0.0,8.62,0.0,0.0,0.0,0.0,0.0,0.0,0.0
N=C(N)NCCCC(NC(=O)CC1(CC(=O)N2CCN(C3c4ccccc4NC(=O)c4ccccc43)CC2)CCCC1)C(=O)NCCn1c(=O)n(-c2ccccc2)n(-c2ccccc2)c1=O,0.0,0.0,0.0,0.0,0.0,0.0,0.0,0.0,0.0,0.0,0.0,0.0,0.0,0.0,6.02,0.0,0.0,0.0,0.0,0.0,0.0,0.0,0.0,0.0,0.0,0.0
N=C(N)NCCCC(NC(=O)Cc1ccc(F)cc1)C(=O)NC(CCCNC(=N)N)C(=O)NC(CCC(N)=O)C(=O)NC(CC1CCCCC1)C(=O)NC1CSSCC(C(N)=O)NC1=O,0.0,0.0,0.0,0.0,0.0,0.0,0.0,0.0,0.0,0.0,0.0,0.0,0.0,0.0,0.0,0.0,0.0,0.0,8.92,0.0,0.0,0.0,0.0,0.0,0.0,0.0
N=C(N)NCCCC(NC(=O)Cc1cccc(Br)c1)C(=O)NC(CCCNC(=N)N)C(=O)NC(CCC(N)=O)C(=O)NC(CC1CCCCC1)C(=O)NC1CSSCC(C(N)=O)NC1=O,0.0,0.0,0.0,0.0,0.0,0.0,0.0,0.0,0.0,0.0,0.0,0.0,0.0,0.0,0.0,0.0,0.0,0.0,8.92,0.0,0.0,0.0,0.0,0.0,0.0,0.0
N=C(N)NCCCC(NC(=O)Cc1cccc(Cl)c1)C(=O)NC(CCCNC(=N)N)C(=O)NC(CCC(N)=O)C(=O)NC(CC1CCCCC1)C(=O)NC1CSSCC(C(N)=O)NC1=O,0.0,0.0,0.0,0.0,0.0,0.0,0.0,0.0,0.0,0.0,0.0,0.0,0.0,0.0,0.0,0.0,0.0,0.0,8.68,0.0,0.0,0.0,0.0,0.0,0.0,0.0
N=C(N)NCCCC(NC(=O)c1cc2ccccc2cc1N)C(=O)NC(CCCNC(=N)N)C(=O)NC(CCC(N)=O)C(=O)NC(CC1CCCCC1)C(=O)NC1CSSCC(C(N)=O)NC1=O,0.0,0.0,0.0,0.0,0.0,0.0,0.0,0.0,0.0,0.0,0.0,0.0,0.0,0.0,0.0,0.0,0.0,0.0,9.19,0.0,0.0,0.0,0.0,0.0,0.0,0.0
N=C(N)NCCCC(NC(=O)c1ccc(F)cc1)C(=O)NC(CCCNC(=N)N)C(=O)NC(CCC(N)=O)C(=O)NC(CC1CCCCC1)C(=O)NC1CSSCC(C(N)=O)NC1=O,0.0,0.0,0.0,0.0,0.0,0.0,0.0,0.0,0.0,0.0,0.0,0.0,0.0,0.0,0.0,0.0,0.0,0.0,8.27,0.0,0.0,0.0,0.0,0.0,0.0,0.0
N=C(N)NCCCC(NC(=O)c1cccc(Br)c1)C(=O)NC(CCCNC(=N)N)C(=O)NC(CCC(N)=O)C(=O)NC(CC1CCCCC1)C(=O)NC1CSSCC(C(N)=O)NC1=O,0.0,0.0,0.0,0.0,0.0,0.0,0.0,0.0,0.0,0.0,0.0,0.0,0.0,0.0,0.0,0.0,0.0,0.0,8.28,0.0,0.0,0.0,0.0,0.0,0.0,0.0
N=C(N)NCCCC(NC(=O)c1cccc(Cl)c1)C(=O)NC(CCCNC(=N)N)C(=O)NC(CCC(N)=O)C(=O)NC(CC1CCCCC1)C(=O)NC1CSSCC(C(N)=O)NC1=O,0.0,0.0,0.0,0.0,0.0,0.0,0.0,0.0,0.0,0.0,0.0,0.0,0.0,0.0,0.0,0.0,0.0,0.0,8.17,0.0,0.0,0.0,0.0,0.0,0.0,0.0
N=C(N)NCCCC(NC(=O)c1cnc2ccccc2c1)C(=O)NC(CCCNC(=N)N)C(=O)NC(CCC(N)=O)C(=O)NC(CC1CCCCC1)C(=O)NC1CSSCC(C(N)=O)NC1=O,0.0,0.0,0.0,0.0,0.0,0.0,0.0,0.0,0.0,0.0,0.0,0.0,0.0,0.0,0.0,0.0,0.0,0.0,9.15,0.0,0.0,0.0,0.0,0.0,0.0,0.0
N=C(N)NCCNC(=O)C1(Nc2ccccc2)CCN(Cc2ccccc2)CC1,0.0,0.0,0.0,0.0,0.0,0.0,0.0,0.0,0.0,0.0,0.0,0.0,0.0,0.0,0.0,0.0,0.0,6.65,0.0,0.0,0.0,0.0,0.0,0.0,0.0,0.0
N=C(N)c1ccc(Oc2ccc(CNCCc3ccccc3)cc2)nc1,0.0,0.0,0.0,0.0,0.0,0.0,5.94,0.0,0.0,0.0,0.0,0.0,0.0,0.0,0.0,0.0,0.0,0.0,0.0,0.0,0.0,0.0,0.0,0.0,0.0,0.0
NC(=O)C(Cc1ccccc1)NC(=O)C(Cc1c[nH]c2ccccc12)N1C(=O)OC(CNC(=O)C(N)Cc2ccc(O)cc2)C1=O,0.0,0.0,0.0,0.0,0.0,0.0,0.0,0.0,0.0,0.0,0.0,0.0,0.0,0.0,0.0,0.0,0.0,8.01,0.0,0.0,0.0,0.0,0.0,0.0,0.0,0.0
NC(=O)C(Cc1ccccc1)NC(=O)C(Cc1ccccc1)NC(=O)C1CCCN1C(=O)C(N)Cc1ccc(O)cc1,0.0,0.0,0.0,0.0,0.0,0.0,5.95,0.0,0.0,0.0,0.0,0.0,0.0,0.0,5.28,0.0,0.0,0.0,0.0,0.0,0.0,0.0,0.0,0.0,0.0,0.0
NC(=O)C(Cc1ccccc1)NC(=O)C(Cc1ccccc1)NC(=O)C1CCCN1C(=O)C(N)Cc1cccc(O)c1,0.0,0.0,0.0,0.0,0.0,0.0,5.04,0.0,0.0,0.0,0.0,0.0,0.0,0.0,0.0,0.0,0.0,0.0,0.0,0.0,0.0,0.0,0.0,0.0,0.0,0.0
NC(=O)C1(c2ccc(F)cc2)CC2CCC(C1)N2C(c1ccccc1Cl)c1ccccc1Cl,0.0,0.0,0.0,0.0,0.0,0.0,6.12,0.0,0.0,0.0,0.0,0.0,0.0,0.0,0.0,0.0,0.0,0.0,0.0,0.0,0.0,0.0,0.0,0.0,0.0,0.0
NC(=O)C1(c2ccc(F)cn2)CC2CCC(C1)N2C(c1ccccc1Cl)c1ccccc1Cl,0.0,0.0,0.0,0.0,0.0,0.0,5.79,0.0,0.0,0.0,0.0,0.0,0.0,0.0,0.0,0.0,0.0,0.0,0.0,0.0,0.0,0.0,0.0,0.0,0.0,0.0
NC(=O)C1CC(=O)NCCCCC(NC(=O)C(N)Cc2ccc(O)cc2)C(=O)NC(Cc2c[nH]c3ccccc23)C(=O)NC(Cc2ccccc2)C(=O)N1,0.0,0.0,0.0,0.0,0.0,0.0,0.0,0.0,0.0,0.0,0.0,0.0,0.0,0.0,0.0,0.0,0.0,0.0,0.0,0.0,0.0,0.0,0.0,7.29,0.0,0.0
NC(=O)C1CC(=O)NCCCCC(NC(=O)C(N)Cc2ccc(O)cc2)C(=O)NC(Cc2ccccc2)C(=O)N2CCC(CC2)C(=O)N1,0.0,0.0,0.0,0.0,0.0,0.0,0.0,0.0,0.0,0.0,0.0,0.0,0.0,0.0,0.0,0.0,0.0,0.0,0.0,0.0,0.0,5.26,0.0,0.0,0.0,0.0
NC(=O)C1CC(=O)NCCCCC(NC(=O)C(N)Cc2ccc(O)cc2)C(=O)NC(Cc2ccccc2)C(=O)N2CCCC(C2)C(=O)N1,0.0,0.0,0.0,0.0,0.0,0.0,0.0,0.0,0.0,0.0,0.0,0.0,0.0,0.0,0.0,0.0,0.0,0.0,0.0,0.0,0.0,5.33,0.0,0.0,0.0,0.0
NC(=O)C1CC(=O)NCCCCC(NC(=O)C(N)Cc2ccc(O)cc2)C(=O)NC(Cc2ccccc2)C(=O)N2CCCC2C(=O)N1,0.0,0.0,0.0,0.0,0.0,0.0,0.0,0.0,0.0,0.0,0.0,0.0,0.0,0.0,0.0,0.0,0.0,0.0,0.0,0.0,0.0,6.05,0.0,0.0,0.0,0.0
NC(=O)C1CC(=O)NCCCCC(NC(=O)C(N)Cc2ccc(O)cc2)C(=O)NC(Cc2ccccc2)C(=O)N2CCCCC2C(=O)N1,0.0,0.0,0.0,0.0,0.0,0.0,0.0,0.0,0.0,0.0,0.0,0.0,0.0,0.0,0.0,0.0,0.0,0.0,0.0,0.0,0.0,5.17,0.0,0.0,0.0,0.0
NC(=O)C1CC(=O)NCCCCC(NC(=O)C(N)Cc2ccc(O)cc2)C(=O)NC(Cc2ccccc2)C(=O)NC(Cc2ccccc2)C(=O)N1,0.0,0.0,0.0,0.0,0.0,0.0,0.0,0.0,0.0,0.0,0.0,0.0,0.0,0.0,0.0,0.0,0.0,0.0,0.0,0.0,0.0,8.63,0.0,0.0,0.0,0.0
NC(=O)C1CCC(=O)NCCCCC(NC(=O)C(N)Cc2ccc(O)cc2)C(=O)NC(Cc2c[nH]c3ccccc23)C(=O)NC(Cc2ccccc2)C(=O)N1,0.0,0.0,0.0,0.0,0.0,0.0,0.0,0.0,0.0,0.0,0.0,0.0,0.0,0.0,0.0,0.0,0.0,0.0,0.0,0.0,0.0,0.0,0.0,6.55,0.0,0.0
NC(=O)C1CCCCNC(=O)CCC(NC(=O)C(N)Cc2ccc(O)cc2)C(=O)NC(Cc2ccccc2)C(=O)NC(Cc2ccccc2)C(=O)N1,0.0,0.0,0.0,0.0,0.0,0.0,0.0,0.0,0.0,0.0,0.0,0.0,0.0,0.0,0.0,0.0,0.0,0.0,0.0,0.0,0.0,0.0,0.0,6.62,0.0,0.0
NC(=O)C1CSCSCC(NC(=O)C(N)Cc2ccc(O)cc2)C(=O)NC(Cc2ccc3ccccc3c2)C(=O)NC(Cc2ccccc2)C(=O)N1,0.0,0.0,0.0,0.0,0.0,0.0,7.16,0.0,0.0,0.0,0.0,0.0,0.0,0.0,0.0,0.0,0.0,0.0,0.0,0.0,0.0,0.0,0.0,0.0,0.0,0.0
NC(=O)C1CSCSCC(NC(=O)C(N)Cc2ccc(O)cc2)C(=O)NC(Cc2cccc3ccccc23)C(=O)NC(Cc2ccccc2)C(=O)N1,0.0,0.0,0.0,0.0,0.0,0.0,8.24,0.0,0.0,0.0,0.0,0.0,0.0,0.0,0.0,0.0,0.0,0.0,0.0,0.0,0.0,0.0,0.0,0.0,0.0,0.0
NC(=O)C1CSCSCC(NC(=O)C(N)Cc2ccc(O)cc2)C(=O)NC(Cc2ccccc2)C(=O)NC(Cc2ccc3ccccc3c2)C(=O)N1,0.0,0.0,0.0,0.0,0.0,0.0,8.89,0.0,0.0,0.0,0.0,0.0,0.0,0.0,8.89,0.0,0.0,0.0,0.0,0.0,0.0,0.0,0.0,0.0,0.0,0.0
NC(=O)C1CSCSCC(NC(=O)C(N)Cc2ccc(O)cc2)C(=O)NC(Cc2ccccc2)C(=O)NC(Cc2cccc3ccccc23)C(=O)N1,0.0,0.0,0.0,0.0,0.0,0.0,8.22,0.0,0.0,0.0,0.0,0.0,0.0,0.0,0.0,0.0,0.0,0.0,0.0,0.0,0.0,0.0,0.0,0.0,0.0,0.0
NC(=O)C1CSCSCC(NC(=O)C(N)Cc2ccc(O)cc2)C(=O)NC(Cc2ccccc2)C(=O)NC(Cc2ccccc2)C(=O)N1,0.0,0.0,0.0,0.0,0.0,0.0,8.6,0.0,0.0,0.0,0.0,0.0,0.0,0.0,8.6,0.0,0.0,0.0,0.0,0.0,0.0,0.0,0.0,0.0,0.0,0.0
NC(=O)C1CSSCC(NC(=O)C(N)Cc2ccc(O)cc2)C(=O)NC(Cc2ccc3ccccc3c2)C(=O)NC(Cc2ccccc2)C(=O)N1,0.0,0.0,0.0,0.0,0.0,0.0,6.84,0.0,0.0,0.0,0.0,0.0,0.0,0.0,0.0,0.0,0.0,0.0,0.0,0.0,0.0,0.0,0.0,0.0,0.0,0.0
NC(=O)C1CSSCC(NC(=O)C(N)Cc2ccc(O)cc2)C(=O)NC(Cc2cccc3ccccc23)C(=O)NC(Cc2ccccc2)C(=O)N1,0.0,0.0,0.0,0.0,0.0,0.0,7.68,0.0,0.0,0.0,0.0,0.0,0.0,0.0,0.0,0.0,0.0,0.0,0.0,0.0,0.0,0.0,0.0,0.0,0.0,0.0
NC(=O)C1CSSCC(NC(=O)C(N)Cc2ccc(O)cc2)C(=O)NC(Cc2ccccc2)C(=O)NC(Cc2ccc3ccccc3c2)C(=O)N1,0.0,0.0,0.0,0.0,0.0,0.0,8.23,0.0,0.0,0.0,0.0,0.0,0.0,0.0,0.0,0.0,0.0,0.0,0.0,0.0,0.0,0.0,0.0,0.0,0.0,0.0
NC(=O)C1CSSCC(NC(=O)C(N)Cc2ccc(O)cc2)C(=O)NC(Cc2ccccc2)C(=O)NC(Cc2cccc3ccccc23)C(=O)N1,0.0,0.0,0.0,0.0,0.0,0.0,7.96,0.0,0.0,0.0,0.0,0.0,0.0,0.0,0.0,0.0,0.0,0.0,0.0,0.0,0.0,0.0,0.0,0.0,0.0,0.0
NC(=O)CN1CC2C3Cc4ccc(O)cc4C2(CCN3CC2CC2)CC1=O,0.0,0.0,0.0,0.0,0.0,0.0,0.0,0.0,0.0,0.0,0.0,0.0,0.0,0.0,0.0,0.0,0.0,0.0,0.0,9.26,0.0,0.0,0.0,0.0,0.0,0.0
NC(=O)CN1CCC23CCN(CC4CC4)C(Cc4ccc(O)cc42)C3C1,0.0,0.0,0.0,0.0,0.0,0.0,0.0,0.0,0.0,0.0,0.0,0.0,0.0,0.0,0.0,0.0,0.0,0.0,0.0,9.59,0.0,0.0,0.0,0.0,0.0,0.0
NC(=O)CN1CCCC1c1nc2ccccc2n1C1CC2CCCC(C1)N2C1CC2CCCCC(C2)C1,0.0,0.0,0.0,0.0,0.0,0.0,0.0,0.0,0.0,0.0,0.0,0.0,0.0,0.0,0.0,6.91,0.0,0.0,0.0,0.0,0.0,0.0,0.0,0.0,0.0,0.0
NC(=O)CNC(=O)C1CCC(=O)NCCCCC(NC(=O)C(N)Cc2ccc(O)cc2)C(=O)NC(Cc2c[nH]c3ccccc23)C(=O)NC(Cc2ccccc2)C(=O)N1,0.0,0.0,0.0,0.0,0.0,0.0,0.0,0.0,0.0,0.0,0.0,0.0,0.0,0.0,0.0,0.0,0.0,0.0,0.0,0.0,0.0,0.0,0.0,5.29,0.0,0.0
NC(=O)COc1ccc2c(c1)C13CCCCC1(O)C(C2)N(CC1CCC1)CC3,0.0,0.0,0.0,0.0,0.0,0.0,7.17,0.0,0.0,0.0,0.0,0.0,0.0,0.0,0.0,0.0,0.0,0.0,0.0,0.0,0.0,0.0,0.0,0.0,0.0,0.0
NC(=O)Cn1c(=O)c(=O)n(C2CCN(C3Cc4cccc5cccc3c45)CC2)c2ccccc21,0.0,0.0,0.0,0.0,0.0,0.0,0.0,0.0,0.0,0.0,0.0,0.0,0.0,0.0,0.0,0.0,0.0,5.16,0.0,0.0,0.0,0.0,0.0,0.0,0.0,0.0
NC(=O)N1CCC(c2ccccc2)(c2nccn2Cc2ccccc2)CC1,0.0,0.0,0.0,0.0,0.0,0.0,0.0,0.0,0.0,0.0,0.0,0.0,0.0,0.0,6.48,0.0,0.0,0.0,0.0,0.0,0.0,0.0,0.0,0.0,0.0,0.0
NC(=O)N=c1[nH]c2ccccc2n1C1CCN(C2CCCCCCC2)CC1,0.0,0.0,0.0,0.0,0.0,0.0,0.0,0.0,0.0,0.0,0.0,0.0,0.0,0.0,0.0,7.47,0.0,0.0,0.0,0.0,0.0,0.0,0.0,0.0,0.0,0.0
NC(=O)Nc1ccc2c(c1)C13CCCCC1C(C2)N(CC1CC1)CC3,9.21,0.0,0.0,0.0,0.0,0.0,0.0,0.0,0.0,0.0,0.0,0.0,0.0,0.0,0.0,0.0,0.0,0.0,0.0,0.0,0.0,0.0,0.0,0.0,0.0,0.0
NC(=O)Nc1ccc2c(c1)C13CCCCC1C(C2)N(CC1CCC1)CC3,8.05,0.0,0.0,0.0,0.0,0.0,0.0,0.0,0.0,0.0,0.0,0.0,0.0,0.0,0.0,0.0,0.0,0.0,0.0,0.0,0.0,0.0,0.0,0.0,0.0,0.0
NC(=O)Nc1ccccc1-c1cnc2c(c1)CC1(OCCCc3ccccc3)C3Cc4ccc(O)c5c4C1(CCN3CC1CC1)C2O5,0.0,0.0,0.0,0.0,0.0,0.0,7.87,0.0,0.0,0.0,0.0,0.0,0.0,0.0,0.0,0.0,0.0,0.0,0.0,0.0,0.0,0.0,0.0,0.0,0.0,0.0
NC(=O)c1cc(S(=O)(=O)NC2CCN(Cc3ccccc3)CC2)cs1,0.0,0.0,0.0,0.0,0.0,0.0,0.0,0.0,0.0,0.0,0.0,0.0,0.0,0.0,0.0,0.0,0.0,5.01,0.0,0.0,0.0,0.0,0.0,0.0,0.0,0.0
NC(=O)c1ccc(N2CCCN(Cc3ccc(F)cc3)CC2)nc1,0.0,0.0,0.0,0.0,0.0,0.0,0.0,0.0,0.0,0.0,0.0,0.0,0.0,0.0,0.0,0.0,0.0,0.0,0.0,4.96,0.0,0.0,0.0,0.0,0.0,0.0
NC(=O)c1ccc(Oc2ccc(CCCNCc3ccccc3)cc2)nc1,0.0,0.0,0.0,0.0,0.0,0.0,0.0,7.34,0.0,0.0,0.0,0.0,0.0,0.0,0.0,0.0,0.0,0.0,0.0,0.0,0.0,0.0,0.0,0.0,0.0,0.0
NC(=O)c1ccc(Oc2ccc(CCNCCCc3ccccc3)cc2)nc1,0.0,0.0,0.0,0.0,0.0,0.0,0.0,7.62,0.0,0.0,0.0,0.0,0.0,0.0,0.0,0.0,0.0,0.0,0.0,0.0,0.0,0.0,0.0,0.0,0.0,0.0
NC(=O)c1ccc(Oc2ccc(CCNCCc3ccccc3)cc2)nc1,0.0,0.0,0.0,0.0,0.0,0.0,0.0,7.63,0.0,0.0,0.0,0.0,0.0,0.0,0.0,0.0,0.0,0.0,0.0,0.0,0.0,0.0,0.0,0.0,0.0,0.0
NC(=O)c1ccc(Oc2ccc(CCNCc3ccccc3)cc2)nc1,0.0,0.0,0.0,0.0,0.0,0.0,6.87,7.74,0.0,0.0,0.0,0.0,0.0,0.0,0.0,0.0,0.0,0.0,0.0,0.0,0.0,0.0,0.0,0.0,0.0,0.0
NC(=O)c1ccc(Oc2ccc(CN3CCCC3c3cccc(F)c3)cc2)c(F)c1,0.0,0.0,0.0,0.0,0.0,0.0,9.25,0.0,0.0,0.0,0.0,0.0,0.0,0.0,0.0,0.0,0.0,0.0,0.0,0.0,0.0,0.0,0.0,0.0,0.0,0.0
NC(=O)c1ccc(Oc2ccc(CN3CCCC3c3ccccc3)cc2)nc1,0.0,0.0,0.0,0.0,0.0,0.0,8.04,0.0,0.0,0.0,0.0,0.0,0.0,0.0,0.0,0.0,0.0,0.0,0.0,0.0,0.0,0.0,0.0,0.0,0.0,0.0
NC(=O)c1ccc(Oc2ccc(CN3CCCC3c3cccnc3)cc2)c(Cl)c1,0.0,0.0,0.0,0.0,0.0,0.0,9.21,0.0,0.0,0.0,0.0,0.0,0.0,0.0,0.0,0.0,0.0,0.0,0.0,0.0,0.0,0.0,0.0,0.0,0.0,0.0
NC(=O)c1ccc(Oc2ccc(CN3CCCC3c3cccnc3)cc2)nc1,0.0,0.0,0.0,0.0,0.0,0.0,8.83,0.0,0.0,0.0,0.0,0.0,0.0,0.0,0.0,0.0,0.0,0.0,0.0,0.0,0.0,0.0,0.0,0.0,0.0,0.0
NC(=O)c1ccc(Oc2ccc(CNCCc3ccccc3)cc2)cc1,0.0,0.0,0.0,0.0,0.0,0.0,7.82,8.91,0.0,0.0,0.0,0.0,0.0,0.0,0.0,0.0,0.0,0.0,0.0,0.0,0.0,0.0,0.0,0.0,0.0,0.0
NC(=O)c1ccc(Oc2ccc(CNCCc3ccccc3)cc2)cn1,0.0,0.0,0.0,0.0,0.0,0.0,7.16,8.02,0.0,0.0,0.0,0.0,0.0,0.0,0.0,0.0,0.0,0.0,0.0,0.0,0.0,0.0,0.0,0.0,0.0,0.0
NC(=O)c1ccc(Oc2ccc(CNCCc3ccccc3)cc2)nc1,0.0,0.0,0.0,0.0,0.0,0.0,8.08,8.94,0.0,0.0,0.0,0.0,0.0,0.0,0.0,0.0,0.0,0.0,0.0,0.0,0.0,0.0,0.0,0.0,0.0,0.0
NC(=O)c1ccc(Oc2ccc(CNCc3ccccc3)cc2)nc1,0.0,0.0,0.0,0.0,0.0,0.0,8.75,8.61,0.0,0.0,0.0,0.0,0.0,0.0,0.0,0.0,0.0,0.0,0.0,0.0,0.0,0.0,0.0,0.0,0.0,0.0
NC(=O)c1ccc(Oc2ccc3c(c2)CCCN(CCCC2CCCCC2)C3)nc1,0.0,0.0,0.0,0.0,0.0,0.0,6.15,0.0,0.0,0.0,0.0,0.0,0.0,0.0,0.0,0.0,0.0,0.0,0.0,0.0,0.0,0.0,0.0,0.0,0.0,0.0
NC(=O)c1ccc(Oc2ccc3c(c2)CCCN(CCCN2CCOCC2)C3)nc1,0.0,0.0,0.0,0.0,0.0,0.0,5.49,0.0,0.0,0.0,0.0,0.0,0.0,0.0,0.0,0.0,0.0,0.0,0.0,0.0,0.0,0.0,0.0,0.0,0.0,0.0
NC(=O)c1ccc(Oc2ccc3c(c2)CCCN(CCN2CCOCC2)C3)nc1,0.0,0.0,0.0,0.0,0.0,0.0,6.44,0.0,0.0,0.0,0.0,0.0,0.0,0.0,0.0,0.0,0.0,0.0,0.0,0.0,0.0,0.0,0.0,0.0,0.0,0.0
NC(=O)c1ccc(Oc2ccc3c(c2)CCCN(CCc2ccccc2)C3)nc1,0.0,0.0,0.0,0.0,0.0,0.0,6.44,0.0,0.0,0.0,0.0,0.0,0.0,0.0,0.0,0.0,0.0,0.0,0.0,0.0,0.0,0.0,0.0,0.0,0.0,0.0
NC(=O)c1ccc(Oc2ccc3c(c2)CCN(CCCc2ccccc2)C3)nc1,0.0,0.0,0.0,0.0,0.0,0.0,6.25,0.0,0.0,0.0,0.0,0.0,0.0,0.0,0.0,0.0,0.0,0.0,0.0,0.0,0.0,0.0,0.0,0.0,0.0,0.0
NC(=O)c1ccc(Oc2ccc3c(c2)CCN(CCc2ccccc2)C3)nc1,0.0,0.0,0.0,0.0,0.0,0.0,5.91,0.0,0.0,0.0,0.0,0.0,0.0,0.0,0.0,0.0,0.0,0.0,0.0,0.0,0.0,0.0,0.0,0.0,0.0,0.0
NC(=O)c1ccc(Oc2ccc3c(c2)CCN(Cc2ccccc2)C3)nc1,0.0,0.0,0.0,0.0,0.0,0.0,5.67,0.0,0.0,0.0,0.0,0.0,0.0,0.0,0.0,0.0,0.0,0.0,0.0,0.0,0.0,0.0,0.0,0.0,0.0,0.0
NC(=O)c1ccc(Oc2ccc3c(c2)CCN(Cc2ccccc2)CC3)nc1,0.0,0.0,0.0,0.0,0.0,0.0,5.54,0.0,0.0,0.0,0.0,0.0,0.0,0.0,0.0,0.0,0.0,0.0,0.0,0.0,0.0,0.0,0.0,0.0,0.0,0.0
NC(=O)c1ccc(Oc2ccc3c(c2)CN(CCc2ccccc2)CC3)nc1,0.0,0.0,0.0,0.0,0.0,0.0,5.44,0.0,0.0,0.0,0.0,0.0,0.0,0.0,0.0,0.0,0.0,0.0,0.0,0.0,0.0,0.0,0.0,0.0,0.0,0.0
NC(=O)c1ccc(Oc2ccc3c(c2)CN(Cc2ccccc2)CC3)nc1,0.0,0.0,0.0,0.0,0.0,0.0,5.62,0.0,0.0,0.0,0.0,0.0,0.0,0.0,0.0,0.0,0.0,0.0,0.0,0.0,0.0,0.0,0.0,0.0,0.0,0.0
NC(=O)c1ccc2c(c1)C13CCCCC1(O)C(C2)N(CC1CCC1)CC3,0.0,0.0,0.0,0.0,0.0,0.0,9.41,0.0,0.0,0.0,0.0,0.0,0.0,0.0,0.0,0.0,0.0,0.0,0.0,0.0,0.0,0.0,0.0,0.0,0.0,0.0
NC(=O)c1ccc2c(c1)CCCN2c1cc(F)c(CNC2Cc3ccccc3C2)c(F)c1,0.0,0.0,0.0,0.0,0.0,0.0,0.0,6.2,0.0,0.0,0.0,0.0,0.0,0.0,0.0,0.0,0.0,0.0,0.0,0.0,0.0,0.0,0.0,0.0,0.0,0.0
NC(=O)c1ccc2c(c1)CCCN2c1ccc(CNC2Cc3ccc(F)cc3C2)cc1,0.0,0.0,0.0,0.0,0.0,0.0,0.0,6.9,0.0,0.0,0.0,0.0,0.0,0.0,0.0,0.0,0.0,0.0,0.0,0.0,0.0,0.0,0.0,0.0,0.0,0.0
NC(=O)c1ccc2c(c1)CCCN2c1ccc(CNC2Cc3ccccc3C2)c(C(F)(F)F)c1,0.0,0.0,0.0,0.0,0.0,0.0,0.0,6.2,0.0,0.0,0.0,0.0,0.0,0.0,0.0,0.0,0.0,0.0,0.0,0.0,0.0,0.0,0.0,0.0,0.0,0.0
NC(=O)c1ccc2c(c1)CCCN2c1ccc(CNC2Cc3ccccc3C2)c(Cl)c1,0.0,0.0,0.0,0.0,0.0,0.0,0.0,6.7,0.0,0.0,0.0,0.0,0.0,0.0,0.0,0.0,0.0,0.0,0.0,0.0,0.0,0.0,0.0,0.0,0.0,0.0
NC(=O)c1ccc2c(c1)CCCN2c1ccc(CNC2Cc3ccccc3C2)c(F)c1,0.0,0.0,0.0,0.0,0.0,0.0,0.0,6.7,0.0,0.0,0.0,0.0,0.0,0.0,0.0,0.0,0.0,0.0,0.0,0.0,0.0,0.0,0.0,0.0,0.0,0.0
NC(=O)c1ccc2c(c1)CCCN2c1ccc(CNC2Cc3ccccc3C2)cc1,0.0,0.0,0.0,0.0,0.0,0.0,0.0,7.6,0.0,0.0,0.0,0.0,0.0,0.0,0.0,0.0,0.0,0.0,0.0,0.0,0.0,0.0,0.0,0.0,0.0,0.0
NC(=O)c1ccc2c(c1)CCCN2c1ccc(CNCC2CCCCC2)cc1,0.0,0.0,0.0,0.0,0.0,0.0,0.0,6.5,0.0,0.0,0.0,0.0,0.0,0.0,0.0,0.0,0.0,0.0,0.0,0.0,0.0,0.0,0.0,0.0,0.0,0.0
NC(=O)c1ccc2c(c1)CCCN2c1ccc(CNCCC2=CCCCC2)cc1,0.0,0.0,0.0,0.0,0.0,0.0,0.0,6.5,0.0,0.0,0.0,0.0,0.0,0.0,0.0,0.0,0.0,0.0,0.0,0.0,0.0,0.0,0.0,0.0,0.0,0.0
NC(=O)c1ccc2c(c1)CCCN2c1ccc(CNCCC2CCOCC2)cc1,0.0,0.0,0.0,0.0,0.0,0.0,0.0,6.6,0.0,0.0,0.0,0.0,0.0,0.0,0.0,0.0,0.0,0.0,0.0,0.0,0.0,0.0,0.0,0.0,0.0,0.0
NC(=O)c1ccc2c(c1)CCCN2c1ccc(CNCCc2cccc(F)c2)cc1,0.0,0.0,0.0,0.0,0.0,0.0,0.0,6.1,0.0,0.0,0.0,0.0,0.0,0.0,0.0,0.0,0.0,0.0,0.0,0.0,0.0,0.0,0.0,0.0,0.0,0.0
NC(=O)c1ccc2c(c1)CCCN2c1ccc(CNCCc2cccs2)cc1,0.0,0.0,0.0,0.0,0.0,0.0,0.0,6.2,0.0,0.0,0.0,0.0,0.0,0.0,0.0,0.0,0.0,0.0,0.0,0.0,0.0,0.0,0.0,0.0,0.0,0.0
NC(=O)c1ccc2c(c1)CCCN2c1ccc(CNCc2cccc(F)c2)cc1,0.0,0.0,0.0,0.0,0.0,0.0,0.0,6.2,0.0,0.0,0.0,0.0,0.0,0.0,0.0,0.0,0.0,0.0,0.0,0.0,0.0,0.0,0.0,0.0,0.0,0.0
NC(=O)c1ccc2c(c1)CCCN2c1cccc(CNCCC2=CCCCC2)c1,0.0,0.0,0.0,0.0,0.0,0.0,0.0,5.9,0.0,0.0,0.0,0.0,0.0,0.0,0.0,0.0,0.0,0.0,0.0,0.0,0.0,0.0,0.0,0.0,0.0,0.0
NC(=O)c1ccc2c(c1O)C13CCCCC1(O)C(C2)N(CC1CC1)CC3,0.0,0.0,0.0,0.0,0.0,0.0,9.54,0.0,0.0,0.0,0.0,0.0,0.0,0.0,0.0,0.0,0.0,0.0,0.0,0.0,0.0,0.0,0.0,0.0,0.0,0.0
NC(=O)c1ccc2c(c1O)C13CCN(CC4CC4)C(C2)C1(O)CCC(=O)C3,0.0,0.0,0.0,0.0,0.0,0.0,9.64,0.0,0.0,0.0,0.0,0.0,0.0,0.0,0.0,0.0,0.0,0.0,0.0,0.0,0.0,0.0,0.0,0.0,0.0,0.0
NC(=O)c1ccc2c(c1O)C13CCN(CC4CC4)C(C2)C1(O)Cc1c([nH]c2ccccc12)C3,0.0,0.0,0.0,0.0,0.0,0.0,9.09,0.0,0.0,0.0,0.0,0.0,0.0,0.0,0.0,0.0,0.0,0.0,0.0,0.0,0.0,0.0,0.0,0.0,0.0,0.0
NC(=O)c1ccc2c(c1O)C13CCN(CC4CCC4)C(C2)C1(O)CCC(=O)C3,0.0,0.0,0.0,0.0,0.0,0.0,9.57,0.0,0.0,0.0,0.0,0.0,0.0,0.0,0.0,0.0,0.0,0.0,0.0,0.0,0.0,0.0,0.0,0.0,0.0,0.0
NC(=O)c1ccc2c(c1O)C13CCN(CC4CCC4)C(C2)C1(O)CCC(O)C3,0.0,0.0,0.0,0.0,0.0,0.0,9.47,0.0,0.0,0.0,0.0,0.0,0.0,0.0,0.0,0.0,0.0,0.0,0.0,0.0,0.0,0.0,0.0,0.0,0.0,0.0
NC(=O)c1ccc2c3c1OC1C(O)CCC4(O)C(C2)N(CC2CC2)CCC314,0.0,0.0,0.0,0.0,0.0,0.0,7.52,0.0,0.0,0.0,0.0,0.0,0.0,0.0,0.0,0.0,0.0,0.0,0.0,0.0,0.0,0.0,0.0,0.0,0.0,0.0
NC(=O)c1ccc2c3c1OC1C(O)CCC4(O)C(C2)N(CC2CCC2)CCC314,0.0,0.0,0.0,0.0,0.0,0.0,9.34,0.0,0.0,0.0,0.0,0.0,0.0,0.0,0.0,0.0,0.0,0.0,0.0,0.0,0.0,0.0,0.0,0.0,0.0,0.0
NC(=O)c1ccc2c3c1OC1C4NC5C(CC6(O)C7Cc8ccc(C(N)=O)c9c8C6(CCN7CC6CC6)C5O9)C4CC4(O)C(C2)N(CC2CC2)CCC314,0.0,0.0,0.0,0.0,0.0,0.0,7.68,0.0,0.0,0.0,0.0,0.0,0.0,0.0,0.0,0.0,0.0,0.0,0.0,0.0,0.0,0.0,0.0,0.0,0.0,0.0
NC(=O)c1ccc2c3c1OC1CCCC4(O)C(C2)N(CC2CC2)CCC314,0.0,0.0,0.0,0.0,0.0,0.0,7.8,0.0,0.0,0.0,0.0,0.0,0.0,0.0,0.0,0.0,0.0,0.0,0.0,0.0,0.0,0.0,0.0,0.0,0.0,0.0
NC(=O)c1ccc2c3c1OC1c4[nH]c5ccccc5c4CC4(O)C(C2)N(CC2CC2)CCC314,0.0,0.0,0.0,0.0,0.0,0.0,7.33,0.0,0.0,0.0,0.0,0.0,0.0,0.0,0.0,0.0,0.0,0.0,0.0,0.0,0.0,0.0,0.0,0.0,0.0,0.0
NC(Cc1c(Cl)cc(O)cc1Cl)C(=O)NC1CCNc2ccc(Cc3ccccc3)cc21,0.0,0.0,0.0,0.0,0.0,0.0,7.46,0.0,0.0,0.0,0.0,0.0,0.0,0.0,0.0,0.0,0.0,0.0,0.0,0.0,0.0,0.0,0.0,0.0,0.0,0.0
NC(Cc1ccc(O)cc1)C(=O)N1CCCC1C(=O)NC(Cc1c[nH]c2ccccc12)C(=O)NC(Cc1ccccc1)C(=O)O,0.0,0.0,0.0,0.0,0.0,0.0,0.0,0.0,0.0,0.0,0.0,0.0,0.0,0.0,5.26,0.0,0.0,0.0,0.0,0.0,0.0,0.0,0.0,0.0,0.0,0.0
NC(Cc1ccc(O)cc1)C(=O)NC1CCCCNC(=O)C(Cc2ccccc2)NC(=O)C(Cc2c[nH]c3ccccc23)NC1=O,0.0,0.0,0.0,0.0,0.0,0.0,0.0,0.0,0.0,0.0,0.0,0.0,0.0,0.0,6.61,0.0,0.0,0.0,0.0,0.0,0.0,0.0,0.0,0.0,0.0,0.0
NC(Cc1ccc(O)cc1)C(=O)NC1CSCc2ccccc2CSCC(NC(=O)C(N)Cc2ccc(O)cc2)C(=O)NCC(=O)NC(Cc2ccc(F)cc2)C(=O)N2CCN(CC2)C(=O)C(Cc2ccc(F)cc2)NC(=O)CNC1=O,0.0,0.0,0.0,0.0,0.0,0.0,6.92,0.0,0.0,0.0,0.0,0.0,0.0,0.0,0.0,0.0,0.0,0.0,0.0,0.0,0.0,0.0,0.0,0.0,0.0,0.0
NC(Cc1ccc(O)cc1)C(=O)NC1CSCc2ccccc2CSCC(NC(=O)C(N)Cc2ccc(O)cc2)C(=O)NCC(=O)NC(Cc2ccc(F)cc2)C(=O)NNC(=O)C(Cc2ccc(F)cc2)NC(=O)CNC1=O,0.0,0.0,0.0,0.0,0.0,0.0,6.53,0.0,0.0,0.0,0.0,0.0,0.0,0.0,0.0,0.0,0.0,0.0,0.0,0.0,0.0,0.0,0.0,0.0,0.0,0.0
NC(Cc1ccc(O)cc1)C(=O)NC1CSSCC(NC(=O)C(N)Cc2ccc(O)cc2)C(=O)NCC(=O)NC(Cc2ccc(F)cc2)C(=O)N2CCN(CC2)C(=O)C(Cc2ccc(F)cc2)NC(=O)CNC1=O,0.0,0.0,0.0,0.0,0.0,0.0,6.86,0.0,0.0,0.0,0.0,0.0,0.0,0.0,0.0,0.0,0.0,0.0,0.0,0.0,0.0,0.0,0.0,0.0,0.0,0.0
NC(Cc1ccc(O)cc1)C(=O)NC1CSSCC(NC(=O)C(N)Cc2ccc(O)cc2)C(=O)NCC(=O)NC(Cc2ccccc2)C(=O)N2CCN(CC2)C(=O)C(Cc2ccccc2)NC(=O)CNC1=O,0.0,0.0,0.0,0.0,0.0,0.0,0.0,0.0,0.0,0.0,0.0,0.0,0.0,0.0,0.0,0.0,0.0,0.0,0.0,0.0,0.0,7.73,0.0,0.0,0.0,0.0
NC(Cc1ccc(O)cc1)C(=O)NC1CSSCC(NC(=O)C(N)Cc2ccc(O)cc2)C(=O)NCC(=O)NC(Cc2ccccc2)C(=O)NCCSSCCNC(=O)C(Cc2ccccc2)NC(=O)CNC1=O,0.0,0.0,0.0,0.0,0.0,0.0,0.0,0.0,0.0,0.0,0.0,0.0,0.0,0.0,0.0,0.0,0.0,0.0,0.0,0.0,0.0,7.76,0.0,0.0,0.0,0.0
NC(Cc1ccc2cccc(O)c2c1)C(=O)NC1CCNc2ccc(Cc3ccccc3)cc21,0.0,0.0,0.0,0.0,0.0,0.0,5.6,0.0,0.0,0.0,0.0,0.0,0.0,0.0,0.0,0.0,0.0,0.0,0.0,0.0,0.0,0.0,0.0,0.0,0.0,0.0
NC1CCc2cc(O)ccc2C1,0.0,0.0,0.0,0.0,0.0,0.0,0.0,0.0,0.0,0.0,0.0,0.0,0.0,0.0,0.0,0.0,0.0,5.08,0.0,0.0,0.0,0.0,0.0,0.0,0.0,0.0
NCCCCC(NC(=O)C(Cc1ccccc1)NC(=O)C(CCCN=C(N)N)NC(=O)C(N)Cc1ccc(O)cc1)C(N)=O,0.0,0.0,0.0,0.0,0.0,0.0,0.0,0.0,0.0,0.0,0.0,0.0,0.0,0.0,5.37,0.0,0.0,0.0,0.0,0.0,0.0,0.0,0.0,0.0,0.0,0.0
NCCN1CN(c2ccccc2)C2(CCN(C(c3ccccc3Cl)c3ccccc3Cl)CC2)C1=O,0.0,0.0,0.0,0.0,0.0,0.0,6.07,0.0,0.0,0.0,0.0,0.0,0.0,0.0,0.0,0.0,0.0,0.0,0.0,0.0,0.0,0.0,0.0,0.0,0.0,0.0
NCc1cc2c(cc1O)C13CCCCC1C(C2)N(CC1CCC1)CC3,0.0,0.0,0.0,0.0,0.0,0.0,6.85,0.0,0.0,0.0,0.0,0.0,0.0,0.0,0.0,0.0,0.0,0.0,0.0,0.0,0.0,0.0,0.0,0.0,0.0,0.0
NCc1ccccc1C1(O)CCN(C(c2ccc(Cl)cc2)c2ccc(Cl)cc2)CC1,0.0,0.0,0.0,0.0,0.0,0.0,5.68,0.0,0.0,0.0,0.0,0.0,0.0,0.0,0.0,0.0,0.0,0.0,0.0,0.0,0.0,0.0,0.0,0.0,0.0,0.0
NCc1ccccc1C1(O)CCN(C(c2cccc(F)c2)c2cccc(F)c2)CC1,0.0,0.0,0.0,0.0,0.0,0.0,6.11,0.0,0.0,0.0,0.0,0.0,0.0,0.0,0.0,0.0,0.0,0.0,0.0,0.0,0.0,0.0,0.0,0.0,0.0,0.0
NCc1ccccc1C1(O)CCN(C(c2ccccc2)c2ccccc2)CC1,0.0,0.0,0.0,0.0,0.0,0.0,5.78,0.0,0.0,0.0,0.0,0.0,0.0,0.0,0.0,0.0,0.0,0.0,0.0,0.0,0.0,0.0,0.0,0.0,0.0,0.0
NCc1ccccc1C1(O)CCN(C(c2ccccc2)c2ccccc2Br)CC1,0.0,0.0,0.0,0.0,0.0,0.0,6.55,0.0,0.0,0.0,0.0,0.0,0.0,0.0,0.0,0.0,0.0,0.0,0.0,0.0,0.0,0.0,0.0,0.0,0.0,0.0
NCc1ccccc1C1(O)CCN(C(c2ccccc2)c2ccccc2Cl)CC1,0.0,0.0,0.0,0.0,0.0,0.0,6.37,0.0,0.0,0.0,0.0,0.0,0.0,0.0,0.0,0.0,0.0,0.0,0.0,0.0,0.0,0.0,0.0,0.0,0.0,0.0
NCc1ccccc1C1(O)CCN(C(c2ccccc2Cl)c2ccccc2Cl)CC1,0.0,0.0,0.0,0.0,0.0,0.0,6.13,0.0,0.0,0.0,0.0,0.0,0.0,0.0,0.0,0.0,0.0,0.0,0.0,0.0,0.0,0.0,0.0,0.0,0.0,0.0
NCc1ccccc1C1(O)CCN(C(c2ccccc2F)c2ccccc2F)CC1,0.0,0.0,0.0,0.0,0.0,0.0,6.94,0.0,0.0,0.0,0.0,0.0,0.0,0.0,0.0,0.0,0.0,0.0,0.0,0.0,0.0,0.0,0.0,0.0,0.0,0.0
NCc1ccccc1C1(O)CCN(CC2CCCCCC2)CC1,0.0,0.0,0.0,0.0,0.0,0.0,6.18,0.0,0.0,0.0,0.0,0.0,0.0,0.0,0.0,0.0,0.0,0.0,0.0,0.0,0.0,0.0,0.0,0.0,0.0,0.0
Nc1ccc(C(=O)NC2CCC3(O)C4Cc5ccc(O)c6c5C3(CCN4CC3CC3)C2O6)cc1,0.0,0.0,0.0,0.0,0.0,0.0,9.4,0.0,0.0,0.0,0.0,0.0,0.0,0.0,0.0,0.0,0.0,0.0,0.0,0.0,0.0,0.0,0.0,0.0,0.0,0.0
Nc1ccc(Oc2ccc3c(c2)C24CCCCC2(O)C(C3)N(CC2CCC2)CC4)cc1,0.0,0.0,0.0,0.0,0.0,0.0,8.28,0.0,0.0,0.0,0.0,0.0,0.0,0.0,0.0,0.0,0.0,0.0,0.0,0.0,0.0,0.0,0.0,0.0,0.0,0.0
Nc1ccc2c(c1)C13CCCCC1C(C2)N(CC1CC1)CC3,9.74,0.0,0.0,0.0,0.0,0.0,9.74,0.0,0.0,0.0,0.0,0.0,0.0,0.0,0.0,0.0,0.0,0.0,0.0,0.0,0.0,0.0,0.0,0.0,0.0,0.0
Nc1ccc2c(c1)C13CCCCC1C(C2)N(CC1CCC1)CC3,8.74,0.0,0.0,0.0,0.0,0.0,8.74,0.0,0.0,0.0,0.0,0.0,0.0,0.0,0.0,0.0,0.0,0.0,0.0,0.0,0.0,0.0,0.0,0.0,0.0,0.0
Nc1nc(Cl)cc(NC2CCN(Cc3ccccc3F)CC2)n1,0.0,0.0,0.0,0.0,0.0,0.0,0.0,0.0,0.0,0.0,0.0,0.0,0.0,0.0,0.0,0.0,0.0,0.0,0.0,5.25,0.0,0.0,0.0,0.0,0.0,0.0
Nc1nc(Cl)cc(NCC(O)CN2CCc3ccccc3C2)n1,0.0,0.0,0.0,0.0,0.0,0.0,0.0,0.0,0.0,0.0,0.0,0.0,0.0,0.0,0.0,0.0,0.0,0.0,0.0,5.53,0.0,0.0,0.0,0.0,0.0,0.0
Nc1nc2c(s1)CC1C3Cc4ccc(O)cc4C1(CCN3CC1CC1)C2,10.15,0.0,0.0,0.0,0.0,0.0,0.0,0.0,0.0,0.0,0.0,0.0,0.0,0.0,0.0,0.0,0.0,0.0,0.0,0.0,0.0,0.0,0.0,0.0,0.0,0.0
Nc1nc2c(s1)CC1C3Cc4ccc(O)cc4C1(CCN3CC1CCC1)C2,9.85,0.0,0.0,0.0,0.0,0.0,0.0,0.0,0.0,0.0,0.0,0.0,0.0,0.0,0.0,0.0,0.0,0.0,0.0,0.0,0.0,0.0,0.0,0.0,0.0,0.0
Nc1nc2cc3c(cc2o1)C12CCCCC1C(C3)N(CC1CC1)CC2,7.28,0.0,0.0,0.0,0.0,0.0,7.28,0.0,0.0,0.0,0.0,0.0,0.0,0.0,0.0,0.0,0.0,0.0,0.0,0.0,0.0,0.0,0.0,0.0,0.0,0.0
Nc1nc2cc3c(cc2o1)C12CCCCC1C(C3)N(CC1CCC1)CC2,8.18,0.0,0.0,0.0,0.0,0.0,0.0,0.0,0.0,0.0,0.0,0.0,0.0,0.0,0.0,0.0,0.0,0.0,0.0,0.0,0.0,0.0,0.0,0.0,0.0,0.0
Nc1nc2cc3c(cc2s1)CC1C2CCCCC32CCN1CC1CC1,10.31,0.0,0.0,0.0,0.0,0.0,10.31,0.0,0.0,0.0,0.0,0.0,0.0,0.0,0.0,0.0,0.0,0.0,0.0,0.0,0.0,0.0,0.0,0.0,0.0,0.0
Nc1nc2cc3c(cc2s1)CC1C2CCCCC32CCN1CC1CCC1,9.1,0.0,0.0,0.0,0.0,0.0,9.1,0.0,0.0,0.0,0.0,0.0,0.0,0.0,0.0,0.0,0.0,0.0,0.0,0.0,0.0,0.0,0.0,0.0,0.0,0.0
Nc1nc2cc3c(cc2s1)CC1C2CCCCC32CCN1CC1CCCO1,0.0,0.0,0.0,0.0,0.0,0.0,9.08,0.0,0.0,0.0,0.0,0.0,0.0,0.0,0.0,0.0,0.0,0.0,0.0,0.0,0.0,0.0,0.0,0.0,0.0,0.0
Nc1nc2cc3c(cc2s1)CC1C2CCCCC32CCN1CCCF,0.0,0.0,0.0,0.0,0.0,0.0,9.52,0.0,0.0,0.0,0.0,0.0,0.0,0.0,0.0,0.0,0.0,0.0,0.0,0.0,0.0,0.0,0.0,0.0,0.0,0.0
O=C(C#Cc1ccc(Cl)cc1)NC12CCC(=O)C3Oc4c(O)ccc5c4C31CCN(CC1CC1)C2C5,0.0,0.0,0.0,0.0,0.0,0.0,8.56,0.0,0.0,0.0,0.0,0.0,0.0,0.0,0.0,0.0,0.0,0.0,0.0,0.0,0.0,0.0,0.0,0.0,0.0,0.0
O=C(C#Cc1ccccc1)NC12CCC(=O)C3Oc4c(O)ccc5c4C31CCN(CC1CC1)C2C5,0.0,0.0,0.0,0.0,0.0,0.0,8.95,0.0,0.0,0.0,0.0,0.0,0.0,0.0,0.0,0.0,0.0,0.0,0.0,0.0,0.0,0.0,0.0,0.0,0.0,0.0
O=C(C=CC(=O)Nc1ccc2c(c1)C13CCCCC1C(C2)N(CC1CCC1)CC3)Nc1ccc2c(c1)C13CCCCC1C(C2)N(CC1CCC1)CC3,0.0,0.0,0.0,0.0,0.0,0.0,8.14,0.0,0.0,0.0,0.0,0.0,0.0,0.0,0.0,0.0,0.0,0.0,0.0,0.0,0.0,0.0,0.0,0.0,0.0,0.0
O=C(C=CC(=O)Oc1ccc2c(c1)C13CCCCC1C(C2)N(CC1CCC1)CC3)Oc1ccc2c(c1)C13CCCCC1C(C2)N(CC1CCC1)CC3,0.0,0.0,0.0,0.0,0.0,0.0,10.1,0.0,0.0,0.0,0.0,0.0,0.0,0.0,0.0,0.0,0.0,0.0,0.0,0.0,0.0,0.0,0.0,0.0,0.0,0.0
O=C(C=CC=CC(=O)Oc1ccc2c(c1)C13CCCCC1C(C2)N(CC1CCC1)CC3)Oc1ccc2c(c1)C13CCCCC1C(C2)N(CC1CCC1)CC3,0.0,0.0,0.0,0.0,0.0,0.0,9.21,0.0,0.0,0.0,0.0,0.0,0.0,0.0,0.0,0.0,0.0,0.0,0.0,0.0,0.0,0.0,0.0,0.0,0.0,0.0
O=C(C=CCc1ccccc1)NC1CCC2(O)C3Cc4ccc(O)c5c4C2(CCN3CC2CC2)C1O5,0.0,0.0,0.0,0.0,0.0,0.0,9.04,0.0,0.0,0.0,0.0,0.0,0.0,0.0,0.0,0.0,0.0,0.0,0.0,0.0,0.0,0.0,0.0,0.0,0.0,0.0
O=C(C=Cc1ccc(Cl)cc1)NC12CCC(=O)C3Oc4c(O)ccc5c4C31CCN(CC1CC1)C2C5,0.0,0.0,0.0,0.0,0.0,0.0,8.85,0.0,0.0,0.0,0.0,0.0,0.0,0.0,0.0,0.0,0.0,0.0,0.0,0.0,0.0,0.0,0.0,0.0,0.0,0.0
O=C(C=Cc1cccc([N+](=O)[O-])c1)NC1CCC2(O)C3Cc4ccc(O)c5c4C2(CCN3CC2CC2)C1O5,0.0,0.0,0.0,0.0,0.0,0.0,9.44,0.0,0.0,0.0,0.0,0.0,0.0,0.0,0.0,0.0,0.0,0.0,0.0,0.0,0.0,0.0,0.0,0.0,0.0,0.0
O=C(C=Cc1ccccc1)NC1CCC2(O)C3Cc4ccc(O)c5c4C2(CCN3CC2CC2)C1O5,0.0,0.0,0.0,0.0,0.0,0.0,10.37,0.0,0.0,0.0,0.0,0.0,0.0,0.0,0.0,0.0,0.0,0.0,0.0,0.0,0.0,0.0,0.0,0.0,0.0,0.0
O=C(C=Cc1ccccc1)NC1CCC2(OC(=O)Cc3ccccc3)C3Cc4ccc(O)c5c4C2(CCN3CC2CC2)C1O5,0.0,0.0,0.0,0.0,0.0,0.0,9.59,0.0,0.0,0.0,0.0,0.0,0.0,0.0,0.0,0.0,0.0,0.0,0.0,0.0,0.0,0.0,0.0,0.0,0.0,0.0
O=C(C=Cc1ccccc1)NC1CCC2(OC(=O)c3ccccc3)C3Cc4ccc(O)c5c4C2(CCN3CC2CC2)C1O5,0.0,0.0,0.0,0.0,0.0,0.0,8.96,0.0,0.0,0.0,0.0,0.0,0.0,0.0,0.0,0.0,0.0,0.0,0.0,0.0,0.0,0.0,0.0,0.0,0.0,0.0
O=C(C=Cc1ccccc1)NC1CCC2(OCc3ccccc3)C3Cc4ccc(O)c5c4C2(CCN3CC2CC2)C1O5,0.0,0.0,0.0,0.0,0.0,0.0,9.07,0.0,0.0,0.0,0.0,0.0,0.0,0.0,0.0,0.0,0.0,0.0,0.0,0.0,0.0,0.0,0.0,0.0,0.0,0.0
O=C(C=Cc1ccccc1Cl)NC12CCC(=O)C3Oc4c(O)ccc5c4C31CCN(CC1CC1)C2C5,0.0,0.0,0.0,0.0,0.0,0.0,8.62,0.0,0.0,0.0,0.0,0.0,0.0,0.0,0.0,0.0,0.0,0.0,0.0,0.0,0.0,0.0,0.0,0.0,0.0,0.0
O=C(C=Cc1ccccc1Cl)NC1CCC2(O)C3Cc4ccc(O)c5c4C2(CCN3CC2CC2)C1O5,0.0,0.0,0.0,0.0,0.0,0.0,9.57,0.0,0.0,0.0,0.0,0.0,0.0,0.0,0.0,0.0,0.0,0.0,0.0,0.0,0.0,0.0,0.0,0.0,0.0,0.0
O=C(C=Cc1ccccc1[N+](=O)[O-])NC1CCC2(O)C3Cc4ccc(O)c5c4C2(CCN3CC2CC2)C1O5,0.0,0.0,0.0,0.0,0.0,0.0,9.52,0.0,0.0,0.0,0.0,0.0,0.0,0.0,0.0,0.0,0.0,0.0,0.0,0.0,0.0,0.0,0.0,0.0,0.0,0.0
O=C(CC1OC(CO)C(O)C(O)C1O)NC1CCC2(O)C3Cc4ccc(O)c5c4C2(CCN3CC2CC2)C1O5,0.0,0.0,0.0,0.0,0.0,0.0,8.69,0.0,0.0,0.0,0.0,0.0,0.0,0.0,0.0,0.0,0.0,0.0,0.0,0.0,0.0,0.0,0.0,0.0,0.0,0.0
O=C(CC1OC(COCc2ccccc2)C(OCc2ccccc2)C(OCc2ccccc2)C1OCc1ccccc1)NC1CCC2(O)C3Cc4ccc(O)c5c4C2(CCN3CC2CC2)C1O5,0.0,0.0,0.0,0.0,0.0,0.0,9.29,0.0,0.0,0.0,0.0,0.0,0.0,0.0,0.0,0.0,0.0,0.0,0.0,0.0,0.0,0.0,0.0,0.0,0.0,0.0
O=C(CC=Cc1ccc(Cl)cc1)NC12CCC(=O)C3Oc4c(O)ccc5c4C31CCN(CC1CC1)C2C5,0.0,0.0,0.0,0.0,0.0,0.0,8.31,0.0,0.0,0.0,0.0,0.0,0.0,0.0,0.0,0.0,0.0,0.0,0.0,0.0,0.0,0.0,0.0,0.0,0.0,0.0
O=C(CCC(=O)Nc1ccc2c(c1)C13CCCCC1C(C2)N(CC1CCC1)CC3)Nc1ccc2c(c1)C13CCCCC1C(C2)N(CC1CCC1)CC3,0.0,0.0,0.0,0.0,0.0,0.0,8.42,0.0,0.0,0.0,0.0,0.0,0.0,0.0,0.0,0.0,0.0,0.0,0.0,0.0,0.0,0.0,0.0,0.0,0.0,0.0
O=C(CCC(=O)Oc1ccc2c(c1)C13CCCCC1C(C2)N(CC1CCC1)CC3)Oc1ccc2c(c1)C13CCCCC1C(C2)N(CC1CCC1)CC3,0.0,0.0,0.0,0.0,0.0,0.0,10.12,0.0,0.0,0.0,0.0,0.0,0.0,0.0,0.0,0.0,0.0,0.0,0.0,0.0,0.0,0.0,0.0,0.0,0.0,0.0
O=C(CCCCC(=O)NCc1cc2c(cc1O)C13CCCCC1C(C2)N(CC1CCC1)CC3)NCc1cc2c(cc1O)C13CCCCC1C(C2)N(CC1CCC1)CC3,0.0,0.0,0.0,0.0,0.0,0.0,7.52,0.0,0.0,0.0,0.0,0.0,0.0,0.0,0.0,0.0,0.0,0.0,0.0,0.0,0.0,0.0,0.0,0.0,0.0,0.0
O=C(CCCCCCCCC(=O)Nc1nc2cc3c(cc2s1)CC1C2CCCCC32CCN1CC1CC1)Nc1nc2cc3c(cc2s1)CC1C2CCCCC32CCN1CC1CC1,0.0,0.0,0.0,0.0,0.0,0.0,9.43,0.0,0.0,0.0,0.0,0.0,0.0,0.0,0.0,0.0,0.0,0.0,0.0,0.0,0.0,0.0,0.0,0.0,0.0,0.0
O=C(CCCCCCCCC(=O)Oc1ccc2c(c1)C13CCCCC1(O)C(C2)N(CC1CCC1)CC3)Oc1ccc2c(c1)C13CCCCC1C(C2)N(CC1CCC1)CC3,0.0,0.0,0.0,0.0,0.0,0.0,10.14,0.0,0.0,0.0,0.0,0.0,0.0,0.0,0.0,0.0,0.0,0.0,0.0,0.0,0.0,0.0,0.0,0.0,0.0,0.0
O=C(CCCCCCCCC(=O)Oc1ccc2c(c1)C13CCCCC1C(C2)N(CC1CC1)CC3)Oc1ccc2c(c1)C13CCCCC1C(C2)N(CC1CCC1)CC3,0.0,0.0,0.0,0.0,0.0,0.0,9.64,0.0,0.0,0.0,0.0,0.0,0.0,0.0,0.0,0.0,0.0,0.0,0.0,0.0,0.0,0.0,0.0,0.0,0.0,0.0
O=C(CCCCCCCCC(=O)Oc1ccc2c(c1)C13CCCCC1C(C2)N(CC1CCC1)CC3)Nc1ccc2c(c1)C13CCCCC1C(C2)N(CC1CCC1)CC3,0.0,0.0,0.0,0.0,0.0,0.0,9.42,0.0,0.0,0.0,0.0,0.0,0.0,0.0,0.0,0.0,0.0,0.0,0.0,0.0,0.0,0.0,0.0,0.0,0.0,0.0
O=C(CCCCCCCCC(=O)Oc1ccc2c(c1)C13CCCCC1C(C2)N(CC1CCC1)CC3)Oc1ccc2c(c1)C13CCCCC1C(C2)N(CC1CCC1)CC3,0.0,0.0,0.0,0.0,0.0,0.0,10.31,0.0,0.0,0.0,0.0,0.0,0.0,0.0,0.0,0.0,0.0,0.0,0.0,0.0,0.0,0.0,0.0,0.0,0.0,0.0
O=C(CCCCCCCCC(=O)Oc1ccc2c(c1)C13CCCCC1C(C2)N(CC1CCC1)CC3)Oc1ccccc1,0.0,0.0,0.0,0.0,0.0,0.0,9.52,0.0,0.0,0.0,0.0,0.0,0.0,0.0,0.0,0.0,0.0,0.0,0.0,0.0,0.0,0.0,0.0,0.0,0.0,0.0
O=C(CCCCCCCCC(=O)Oc1ccc2c(c1)C13CCCCC1C(C2)N(CC1CCCO1)CC3)Oc1ccc2c(c1)C13CCCCC1C(C2)N(CC1CCCO1)CC3,0.0,0.0,0.0,0.0,0.0,0.0,8.92,0.0,0.0,0.0,0.0,0.0,0.0,0.0,0.0,0.0,0.0,0.0,0.0,0.0,0.0,0.0,0.0,0.0,0.0,0.0
O=C(CCCCCCCCC(=O)Oc1ccc2c3c1OC1C(=O)CCC4(O)C(C2)N(CC2CC2)CCC314)Oc1ccc2c(c1)C13CCCCC1C(C2)N(CC1CCC1)CC3,0.0,0.0,0.0,0.0,0.0,0.0,9.92,0.0,0.0,0.0,0.0,0.0,0.0,0.0,0.0,0.0,0.0,0.0,0.0,0.0,0.0,0.0,0.0,0.0,0.0,0.0
O=C(CCCCCCCCC(=O)Oc1ccc2c3c1OC1C(O)CCC4(O)C(C2)N(CC2CCC2)CCC314)Oc1ccc2c(c1)C13CCCCC1C(C2)N(CC1CCC1)CC3,0.0,0.0,0.0,0.0,0.0,0.0,9.47,0.0,0.0,0.0,0.0,0.0,0.0,0.0,0.0,0.0,0.0,0.0,0.0,0.0,0.0,0.0,0.0,0.0,0.0,0.0
O=C(CCCc1ccc(Cl)cc1)NC12CCC(=O)C3Oc4c(O)ccc5c4C31CCN(CC1CC1)C2C5,0.0,0.0,0.0,0.0,0.0,0.0,8.53,0.0,0.0,0.0,0.0,0.0,0.0,0.0,0.0,0.0,0.0,0.0,0.0,0.0,0.0,0.0,0.0,0.0,0.0,0.0
O=C(CCc1ccccc1)N1CCC23c4c5ccc(O)c4OC2c2[nH]c4ccccc4c2CC3(O)C1C5,0.0,0.0,0.0,0.0,0.0,0.0,5.67,0.0,0.0,0.0,0.0,0.0,0.0,0.0,0.0,0.0,0.0,0.0,0.0,0.0,0.0,0.0,0.0,0.0,0.0,0.0
O=C(CCc1ccccc1)NC1CC23CCN(CC4CC4)C(Cc4ccc(O)cc42)C32CCC1O2,0.0,0.0,0.0,0.0,0.0,0.0,0.0,0.0,0.0,0.0,0.0,0.0,0.0,0.0,0.0,0.0,9.71,0.0,0.0,0.0,0.0,0.0,0.0,0.0,0.0,0.0
O=C(CCc1ccccc1)NC1CCC2(O)C3Cc4ccc(O)c5c4C2(CCN3CC2CC2)C1O5,0.0,0.0,0.0,0.0,0.0,0.0,10.05,0.0,0.0,0.0,0.0,0.0,0.0,0.0,0.0,0.0,0.0,0.0,0.0,0.0,0.0,0.0,0.0,0.0,0.0,0.0
O=C(CCc1ccccc1)OC12Cc3cc(-c4ccc(Cl)cc4)cnc3C3Oc4c(O)ccc5c4C31CCN(CC1CC1)C2C5,0.0,0.0,0.0,0.0,0.0,0.0,7.92,0.0,0.0,0.0,0.0,0.0,0.0,0.0,0.0,0.0,0.0,0.0,0.0,0.0,0.0,0.0,0.0,0.0,0.0,0.0
O=C(CCc1ccccn1)NC12CCC(=O)C3Oc4c(O)ccc5c4C31CCN(CC1CC1)C2C5,0.0,0.0,0.0,0.0,0.0,0.0,9.77,0.0,0.0,0.0,0.0,0.0,0.0,0.0,0.0,0.0,0.0,0.0,0.0,0.0,0.0,0.0,0.0,0.0,0.0,0.0
O=C(CNC(=O)c1ccccn1)NC12CCC(=O)C3Oc4c(O)ccc5c4C31CCN(CC1CC1)C2C5,0.0,0.0,0.0,0.0,0.0,0.0,9.85,0.0,0.0,0.0,0.0,0.0,0.0,0.0,0.0,0.0,0.0,0.0,0.0,0.0,0.0,0.0,0.0,0.0,0.0,0.0
O=C(COCCF)N1CCN(C(=O)Cc2ccc(Cl)c(Cl)c2)C2C(N3CCCC3)CCCC21,0.0,0.0,0.0,0.0,0.0,0.0,0.0,0.0,0.0,0.0,0.0,0.0,0.0,0.0,0.0,0.0,0.0,0.0,0.0,0.0,0.0,7.11,0.0,0.0,0.0,0.0
O=C(COc1ccccc1)Oc1ccc2c(c1)C13CCCCC1(O)C(C2)N(CC1CCC1)CC3,0.0,0.0,0.0,0.0,0.0,0.0,10.32,0.0,0.0,0.0,0.0,0.0,0.0,0.0,0.0,0.0,0.0,0.0,0.0,0.0,0.0,0.0,0.0,0.0,0.0,0.0
O=C(Cc1ccc(-c2ccccc2)cc1)Oc1ccc2c(c1)C13CCCCC1(O)C(C2)N(CC1CCC1)CC3,0.0,0.0,0.0,0.0,0.0,0.0,9.06,0.0,0.0,0.0,0.0,0.0,0.0,0.0,0.0,0.0,0.0,0.0,0.0,0.0,0.0,0.0,0.0,0.0,0.0,0.0
O=C(Cc1ccc(Cl)c(Cl)c1)N1CC2CCC(N3CCCC3)C1CN2Cc1ccccc1,0.0,0.0,0.0,0.0,0.0,0.0,0.0,0.0,0.0,0.0,0.0,0.0,0.0,0.0,0.0,0.0,0.0,7.16,0.0,0.0,0.0,0.0,0.0,0.0,0.0,0.0
O=C(Cc1ccc(Cl)c(Cl)c1)N1CCN(Cc2ccc(F)cc2)C2CCCC(N3CCCC3)C21,0.0,0.0,0.0,0.0,0.0,0.0,0.0,0.0,0.0,0.0,0.0,0.0,0.0,0.0,0.0,0.0,0.0,0.0,0.0,0.0,0.0,7.38,0.0,0.0,0.0,0.0
O=C(Cc1ccc(Cl)c(Cl)c1)N1CCN(Cc2cccnc2)C2CCCC(N3CCC(O)C3)C21,0.0,0.0,0.0,0.0,0.0,0.0,0.0,0.0,0.0,0.0,0.0,0.0,0.0,0.0,0.0,0.0,0.0,7.51,0.0,0.0,0.0,0.0,0.0,0.0,0.0,0.0
O=C(Cc1ccc(Cl)c(Cl)c1)N1CCN(Cc2cccnc2)C2CCCC(N3CCCC3)C21,0.0,0.0,0.0,0.0,0.0,0.0,0.0,0.0,0.0,0.0,0.0,0.0,0.0,0.0,0.0,0.0,0.0,7.66,0.0,0.0,0.0,0.0,0.0,0.0,0.0,0.0
O=C(Cc1ccc(Cl)c(Cl)c1)N1CCN(Cc2cn(CCF)nn2)C2CCCC(N3CCCC3)C21,0.0,0.0,0.0,0.0,0.0,0.0,0.0,0.0,0.0,0.0,0.0,0.0,0.0,0.0,0.0,0.0,0.0,0.0,0.0,0.0,0.0,7.34,0.0,0.0,0.0,0.0
O=C(Cc1ccc(Cl)c(Cl)c1)N1CCNC2CCCC(N3CCCC3)C21,0.0,0.0,0.0,0.0,0.0,0.0,0.0,0.0,0.0,0.0,0.0,0.0,0.0,0.0,0.0,0.0,0.0,0.0,0.0,0.0,0.0,8.32,0.0,0.0,0.0,0.0
O=C(Cc1ccc(Cl)cc1)NC12CCC(=O)C3Oc4c(O)ccc5c4C31CCN(CC1CC1)C2C5,0.0,0.0,0.0,0.0,0.0,0.0,9.0,0.0,0.0,0.0,0.0,0.0,0.0,0.0,0.0,0.0,0.0,0.0,0.0,0.0,0.0,0.0,0.0,0.0,0.0,0.0
O=C(Cc1ccccc1)N1CCC23c4c5ccc(O)c4OC2c2[nH]c4ccccc4c2CC3(O)C1C5,0.0,0.0,0.0,0.0,0.0,0.0,5.22,0.0,0.0,0.0,0.0,0.0,0.0,0.0,0.0,0.0,0.0,0.0,0.0,0.0,0.0,0.0,0.0,0.0,0.0,0.0
O=C(Cc1ccccc1)NC1CC23CCN(CC4CC4)C(Cc4ccc(O)cc42)C32CCC1O2,0.0,0.0,0.0,0.0,0.0,0.0,0.0,0.0,0.0,0.0,0.0,0.0,0.0,0.0,0.0,0.0,9.71,0.0,0.0,0.0,0.0,0.0,0.0,0.0,0.0,0.0
O=C(Cc1ccccc1)NC1CCC2(O)C3Cc4ccc(O)c5c4C2(CCN3CC2CC2)C1O5,0.0,0.0,0.0,0.0,0.0,0.0,9.37,0.0,0.0,0.0,0.0,0.0,0.0,0.0,0.0,0.0,0.0,0.0,0.0,0.0,0.0,0.0,0.0,0.0,0.0,0.0
O=C(Cc1ccccc1)OC12Cc3cc(-c4ccc(Cl)cc4)cnc3C3Oc4c(O)ccc5c4C31CCN(CC1CC1)C2C5,0.0,0.0,0.0,0.0,0.0,0.0,8.51,0.0,0.0,0.0,0.0,0.0,0.0,0.0,0.0,0.0,0.0,0.0,0.0,0.0,0.0,0.0,0.0,0.0,0.0,0.0
O=C(Cc1ccccc1)Oc1ccc2c(c1)C13CCCCC1(O)C(C2)N(CC1CCC1)CC3,0.0,0.0,0.0,0.0,0.0,0.0,9.32,0.0,0.0,0.0,0.0,0.0,0.0,0.0,0.0,0.0,0.0,0.0,0.0,0.0,0.0,0.0,0.0,0.0,0.0,0.0
O=C(Cc1ccccn1)NC12CCC(=O)C3Oc4c(O)ccc5c4C31CCN(CC1CC1)C2C5,0.0,0.0,0.0,0.0,0.0,0.0,9.72,0.0,0.0,0.0,0.0,0.0,0.0,0.0,0.0,0.0,0.0,0.0,0.0,0.0,0.0,0.0,0.0,0.0,0.0,0.0
O=C(Cc1cccs1)NC1CCC2(O)C3Cc4ccc(O)c5c4C2(CCN3CC2CC2)C1O5,0.0,0.0,0.0,0.0,0.0,0.0,8.92,0.0,0.0,0.0,0.0,0.0,0.0,0.0,0.0,0.0,0.0,0.0,0.0,0.0,0.0,0.0,0.0,0.0,0.0,0.0
O=C(NC12CCC(=O)C3Oc4c(O)ccc5c4C31CCN(CC1CC1)C2C5)c1cc2ccccc2cn1,0.0,0.0,0.0,0.0,0.0,0.0,9.57,0.0,0.0,0.0,0.0,0.0,0.0,0.0,9.57,0.0,0.0,0.0,0.0,0.0,0.0,0.0,0.0,0.0,0.0,0.0
O=C(NC12CCC(=O)C3Oc4c(O)ccc5c4C31CCN(CC1CC1)C2C5)c1ccc2ccccc2c1,0.0,0.0,0.0,0.0,0.0,0.0,9.48,0.0,0.0,0.0,0.0,0.0,0.0,0.0,9.48,0.0,0.0,0.0,0.0,0.0,0.0,0.0,0.0,0.0,0.0,0.0
O=C(NC12CCC(=O)C3Oc4c(O)ccc5c4C31CCN(CC1CC1)C2C5)c1ccc2ccccc2n1,0.0,0.0,0.0,0.0,0.0,0.0,9.59,0.0,0.0,0.0,0.0,0.0,0.0,0.0,9.59,0.0,0.0,0.0,0.0,0.0,0.0,0.0,0.0,0.0,0.0,0.0
O=C(NC12CCC(=O)C3Oc4c(O)ccc5c4C31CCN(CC1CC1)C2C5)c1ccccc1,0.0,0.0,0.0,0.0,0.0,0.0,9.92,0.0,0.0,0.0,0.0,0.0,0.0,0.0,9.92,0.0,0.0,0.0,0.0,0.0,0.0,0.0,0.0,0.0,0.0,0.0
O=C(NC12CCC(=O)C3Oc4c(O)ccc5c4C31CCN(CC1CC1)C2C5)c1ccccn1,0.0,0.0,0.0,0.0,0.0,0.0,9.44,0.0,0.0,0.0,0.0,0.0,0.0,0.0,9.44,0.0,0.0,0.0,0.0,0.0,0.0,0.0,0.0,0.0,0.0,0.0
O=C(NC12CCC(=O)C3Oc4c(O)ccc5c4C31CCN(CC1CC1)C2C5)c1cccnc1,0.0,0.0,0.0,0.0,0.0,0.0,9.8,0.0,0.0,0.0,0.0,0.0,0.0,0.0,9.8,0.0,0.0,0.0,0.0,0.0,0.0,0.0,0.0,0.0,0.0,0.0
O=C(NC12CCC(=O)C3Oc4c(O)ccc5c4C31CCN(CC1CC1)C2C5)c1ccncc1,0.0,0.0,0.0,0.0,0.0,0.0,9.48,0.0,0.0,0.0,0.0,0.0,0.0,0.0,9.48,0.0,0.0,0.0,0.0,0.0,0.0,0.0,0.0,0.0,0.0,0.0
O=C(NC12CCC(=O)C3Oc4c(O)ccc5c4C31CCN(CC1CC1)C2C5)c1cnc2ccccc2c1,0.0,0.0,0.0,0.0,0.0,0.0,9.89,0.0,0.0,0.0,0.0,0.0,0.0,0.0,9.89,0.0,0.0,0.0,0.0,0.0,0.0,0.0,0.0,0.0,0.0,0.0
O=C(NC1CC23CCN(CC4CC4)C(Cc4ccc(O)cc42)C32CCC1O2)c1ccccc1,0.0,0.0,0.0,0.0,0.0,0.0,0.0,0.0,0.0,0.0,0.0,0.0,0.0,0.0,0.0,0.0,9.85,0.0,0.0,0.0,0.0,0.0,0.0,0.0,0.0,0.0
O=C(NC1CCC2(O)C3Cc4ccc(O)c5c4C2(CCN3CC2CC2)C1O5)c1ccc(Cl)c(Cl)c1,0.0,0.0,0.0,0.0,0.0,0.0,10.0,0.0,0.0,0.0,0.0,0.0,0.0,0.0,0.0,0.0,0.0,0.0,0.0,0.0,0.0,0.0,0.0,0.0,0.0,0.0
O=C(NC1CCC2(O)C3Cc4ccc(O)c5c4C2(CCN3CC2CC2)C1O5)c1ccc(Cl)cc1,0.0,0.0,0.0,0.0,0.0,0.0,9.43,0.0,0.0,0.0,0.0,0.0,0.0,0.0,0.0,0.0,0.0,0.0,0.0,0.0,0.0,0.0,0.0,0.0,0.0,0.0
O=C(NC1CCC2(O)C3Cc4ccc(O)c5c4C2(CCN3CC2CC2)C1O5)c1cccc(O)c1,0.0,0.0,0.0,0.0,0.0,0.0,10.22,0.0,0.0,0.0,0.0,0.0,0.0,0.0,0.0,0.0,0.0,0.0,0.0,0.0,0.0,0.0,0.0,0.0,0.0,0.0
O=C(NC1CCC2(O)C3Cc4ccc(O)c5c4C2(CCN3CC2CC2)C1O5)c1cccc([N+](=O)[O-])c1,0.0,0.0,0.0,0.0,0.0,0.0,9.55,0.0,0.0,0.0,0.0,0.0,0.0,0.0,0.0,0.0,0.0,0.0,0.0,0.0,0.0,0.0,0.0,0.0,0.0,0.0
O=C(NC1CCC2(O)C3Cc4ccc(O)c5c4C2(CCN3CC2CC2)C1O5)c1ccccc1,0.0,0.0,0.0,0.0,0.0,0.0,9.8,0.0,0.0,0.0,0.0,0.0,0.0,0.0,0.0,0.0,0.0,0.0,0.0,0.0,0.0,0.0,0.0,0.0,0.0,0.0
O=C(NC1CCC2(O)C3Cc4ccc(O)c5c4C2(CCN3CC2CC2)C1O5)c1ccccn1,0.0,0.0,0.0,0.0,0.0,0.0,9.41,0.0,0.0,0.0,0.0,0.0,0.0,0.0,0.0,0.0,0.0,0.0,0.0,0.0,0.0,0.0,0.0,0.0,0.0,0.0
O=C(NCC(c1ccco1)N1CCCC1)c1cc2ccccc2o1,0.0,0.0,0.0,0.0,0.0,0.0,0.0,0.0,0.0,0.0,0.0,0.0,0.0,0.0,0.0,0.0,0.0,6.04,0.0,0.0,0.0,0.0,0.0,0.0,0.0,0.0
O=C(NCCCN1CCC(c2c(Cl)cccc2Cl)CC1)C1CCCN1Cc1ccccc1,0.0,0.0,0.0,0.0,0.0,0.0,6.5,0.0,0.0,0.0,0.0,0.0,0.0,0.0,0.0,0.0,0.0,0.0,0.0,0.0,0.0,0.0,0.0,0.0,0.0,0.0
O=C(NCCCn1ccnc1)c1cc2nc(-c3ccccc3)cc(-c3ccccc3)n2n1,0.0,0.0,0.0,0.0,0.0,0.0,0.0,0.0,0.0,0.0,0.0,0.0,0.0,0.0,5.93,0.0,0.0,0.0,0.0,0.0,0.0,0.0,0.0,0.0,0.0,0.0
O=C(NCCO)C12CC1C(n1cnc3c(NC4CC5CCC4C5)nc(Cl)nc31)C(O)C2O,0.0,0.0,0.0,0.0,0.0,0.0,0.0,0.0,0.0,0.0,0.0,0.0,0.0,0.0,5.58,0.0,0.0,0.0,0.0,0.0,0.0,0.0,0.0,0.0,0.0,0.0
O=C(NCc1ccccc1)Oc1ccc2c(c1)C13CCCCC1C(C2)N(CC1CC1)CC3,0.0,0.0,0.0,0.0,0.0,0.0,9.85,0.0,0.0,0.0,0.0,0.0,0.0,0.0,0.0,0.0,0.0,0.0,0.0,0.0,0.0,0.0,0.0,0.0,0.0,0.0
O=C(NCc1ccccc1)Oc1ccc2c(c1)C13CCCCC1C(C2)N(CC1CCC1)CC3,0.0,0.0,0.0,0.0,0.0,0.0,9.52,0.0,0.0,0.0,0.0,0.0,0.0,0.0,0.0,0.0,0.0,0.0,0.0,0.0,0.0,0.0,0.0,0.0,0.0,0.0
O=C(NO)c1ccc(Oc2ccc(CN3CCCC3c3cccc(F)c3)cc2)c(F)c1,0.0,0.0,0.0,0.0,0.0,0.0,6.3,0.0,0.0,0.0,0.0,0.0,0.0,0.0,0.0,0.0,0.0,0.0,0.0,0.0,0.0,0.0,0.0,0.0,0.0,0.0
O=C(Nc1c(F)cccc1F)C(c1ccccc1)N1CCC(O)(c2ccccc2)CC1,0.0,0.0,0.0,0.0,0.0,0.0,5.36,0.0,0.0,0.0,0.0,0.0,0.0,0.0,0.0,0.0,0.0,0.0,0.0,0.0,0.0,0.0,0.0,0.0,0.0,0.0
O=C(Nc1ccc(Cl)c(C(F)(F)F)c1)C1CC=CC2CCN(Cc3ccccc3)C(=O)C21,0.0,0.0,0.0,0.0,0.0,0.0,0.0,0.0,0.0,0.0,0.0,0.0,5.88,0.0,0.0,0.0,0.0,0.0,0.0,0.0,0.0,0.0,0.0,0.0,0.0,0.0
O=C(Nc1ccc(F)cc1)N1CCC(c2ccccc2)(c2nccn2Cc2ccccc2)CC1,0.0,0.0,0.0,0.0,0.0,0.0,0.0,0.0,0.0,0.0,0.0,0.0,0.0,0.0,6.83,0.0,0.0,0.0,0.0,0.0,0.0,0.0,0.0,0.0,0.0,0.0
O=C(Nc1ccc(I)cc1)Nc1ccc2c(c1)C13CCCCC1C(C2)N(CC1CC1)CC3,0.0,0.0,0.0,0.0,0.0,0.0,7.92,0.0,0.0,0.0,0.0,0.0,0.0,0.0,0.0,0.0,0.0,0.0,0.0,0.0,0.0,0.0,0.0,0.0,0.0,0.0
O=C(Nc1ccc(I)cc1)Nc1ccc2c(c1)C13CCCCC1C(C2)N(CC1CCC1)CC3,0.0,0.0,0.0,0.0,0.0,0.0,7.55,0.0,0.0,0.0,0.0,0.0,0.0,0.0,0.0,0.0,0.0,0.0,0.0,0.0,0.0,0.0,0.0,0.0,0.0,0.0
O=C(Nc1ccc(I)cc1)Oc1ccc2c(c1)C13CCCCC1C(C2)N(CC1CC1)CC3,0.0,0.0,0.0,0.0,0.0,0.0,9.22,0.0,0.0,0.0,0.0,0.0,0.0,0.0,0.0,0.0,0.0,0.0,0.0,0.0,0.0,0.0,0.0,0.0,0.0,0.0
O=C(Nc1ccc(I)cc1)Oc1ccc2c(c1)C13CCCCC1C(C2)N(CC1CCC1)CC3,0.0,0.0,0.0,0.0,0.0,0.0,9.0,0.0,0.0,0.0,0.0,0.0,0.0,0.0,0.0,0.0,0.0,0.0,0.0,0.0,0.0,0.0,0.0,0.0,0.0,0.0
O=C(Nc1cccc(NC(=O)c2cccc(N3CCCCC3)c2)c1)c1cccc(OC2CCN(CC3CC3)CC2)c1,0.0,0.0,0.0,0.0,0.0,0.0,0.0,0.0,0.0,0.0,0.0,0.0,0.0,0.0,9.3,0.0,0.0,0.0,0.0,0.0,0.0,0.0,0.0,0.0,0.0,0.0
O=C(Nc1ccccc1)N1CC2CC34CCC1C2C31CCN(CC2CC2)C4Cc2ccc(O)cc21,0.0,0.0,0.0,0.0,0.0,0.0,0.0,0.0,0.0,0.0,0.0,0.0,0.0,0.0,0.0,0.0,0.0,0.0,0.0,0.0,0.0,9.47,0.0,0.0,0.0,0.0
O=C(Nc1ccccc1)N1CCC(c2ccccc2)(c2nccn2C(=O)c2ccccc2)CC1,0.0,0.0,0.0,0.0,0.0,0.0,0.0,0.0,0.0,0.0,0.0,0.0,0.0,0.0,5.93,0.0,0.0,0.0,0.0,0.0,0.0,0.0,0.0,0.0,0.0,0.0
O=C(Nc1ccccc1)N1CCC(c2ccccc2)(c2nccn2Cc2ccc(F)cc2)CC1,0.0,0.0,0.0,0.0,0.0,0.0,0.0,0.0,0.0,0.0,0.0,0.0,0.0,0.0,5.67,0.0,0.0,0.0,0.0,0.0,0.0,0.0,0.0,0.0,0.0,0.0
O=C(Nc1ccccc1)N1CCC(c2ccccc2)(c2nccn2Cc2cccc(F)c2)CC1,0.0,0.0,0.0,0.0,0.0,0.0,0.0,0.0,0.0,0.0,0.0,0.0,0.0,0.0,5.73,0.0,0.0,0.0,0.0,0.0,0.0,0.0,0.0,0.0,0.0,0.0
O=C(Nc1ccccc1)N1CCC(c2ccccc2)(c2nccn2Cc2ccccc2)CC1,0.0,0.0,0.0,0.0,0.0,0.0,0.0,0.0,0.0,0.0,0.0,0.0,0.0,0.0,6.9,0.0,0.0,0.0,0.0,0.0,0.0,0.0,0.0,0.0,0.0,0.0
O=C(Nc1ccccc1)N1CCC(c2ccccc2)(c2nccn2Cc2ccccc2F)CC1,0.0,0.0,0.0,0.0,0.0,0.0,0.0,0.0,0.0,0.0,0.0,0.0,0.0,0.0,6.94,0.0,0.0,0.0,0.0,0.0,0.0,0.0,0.0,0.0,0.0,0.0
O=C(Nc1ccccc1)N1CCC(c2ccccc2)(c2nccn2Cc2ccccn2)CC1,0.0,0.0,0.0,0.0,0.0,0.0,0.0,0.0,0.0,0.0,0.0,0.0,0.0,0.0,7.34,0.0,0.0,0.0,0.0,0.0,0.0,0.0,0.0,0.0,0.0,0.0
O=C(Nc1ccccc1)Nc1ccc2c(c1)C13CCCCC1C(C2)N(CC1CC1)CC3,0.0,0.0,0.0,0.0,0.0,0.0,8.8,0.0,0.0,0.0,0.0,0.0,0.0,0.0,0.0,0.0,0.0,0.0,0.0,0.0,0.0,0.0,0.0,0.0,0.0,0.0
O=C(Nc1ccccc1)Oc1ccc2c(c1)C13CCCCC1C(C2)N(CC1CC1)CC3,0.0,0.0,0.0,0.0,0.0,0.0,10.34,0.0,0.0,0.0,0.0,0.0,0.0,0.0,0.0,0.0,0.0,0.0,0.0,0.0,0.0,0.0,0.0,0.0,0.0,0.0
O=C(Nc1ccccc1)Oc1ccc2c(c1)C13CCCCC1C(C2)N(CC1CCC1)CC3,0.0,0.0,0.0,0.0,0.0,0.0,10.29,0.0,0.0,0.0,0.0,0.0,0.0,0.0,0.0,0.0,0.0,0.0,0.0,0.0,0.0,0.0,0.0,0.0,0.0,0.0
O=C(Nc1ccccc1F)N1CCC(c2ccccc2)(c2nccn2Cc2ccccc2)CC1,0.0,0.0,0.0,0.0,0.0,0.0,0.0,0.0,0.0,0.0,0.0,0.0,0.0,0.0,6.5,0.0,0.0,0.0,0.0,0.0,0.0,0.0,0.0,0.0,0.0,0.0
O=C(O)C=C1C2Cc3ccc(O)cc3C1(CCCC(=O)O)CCN2CC1CC1,0.0,0.0,0.0,0.0,0.0,0.0,0.0,0.0,0.0,0.0,0.0,0.0,0.0,0.0,0.0,7.48,0.0,0.0,0.0,0.0,0.0,0.0,0.0,0.0,0.0,0.0
O=C(O)CCCC12CCN(CC3CC3)C(Cc3ccc(O)cc31)C2CC(=O)O,0.0,0.0,0.0,0.0,0.0,0.0,0.0,0.0,0.0,0.0,0.0,0.0,0.0,0.0,0.0,7.19,0.0,0.0,0.0,0.0,0.0,0.0,0.0,0.0,0.0,0.0
O=C(O)CCCCCCCCC(=O)Oc1ccc2c(c1)C13CCCCC1C(C2)N(CC1CCC1)CC3,0.0,0.0,0.0,0.0,0.0,0.0,9.54,0.0,0.0,0.0,0.0,0.0,0.0,0.0,0.0,0.0,0.0,0.0,0.0,0.0,0.0,0.0,0.0,0.0,0.0,0.0
O=C(O)CCN1CCC(Cc2nc3ccccc3n2C2CC3CCCC(C2)N3C2CC3CCCCC(C3)C2)C1,0.0,0.0,0.0,0.0,0.0,0.0,0.0,0.0,0.0,0.0,0.0,0.0,0.0,0.0,0.0,6.21,0.0,0.0,0.0,0.0,0.0,0.0,0.0,0.0,0.0,0.0
O=C(O)CCN1CCC(Cc2nc3ccccc3n2C2CC3CCCC(C2)N3C2CC3CCCCC(C3)C2)CC1,0.0,0.0,0.0,0.0,0.0,0.0,0.0,0.0,0.0,0.0,0.0,0.0,0.0,0.0,0.0,6.08,0.0,0.0,0.0,0.0,0.0,0.0,0.0,0.0,0.0,0.0
O=C(O)CCN1CCCC(c2nc3ccccc3n2C2CC3CCCC(C2)N3C2CC3CCCCC(C3)C2)C1,0.0,0.0,0.0,0.0,0.0,0.0,0.0,0.0,0.0,0.0,0.0,0.0,0.0,0.0,0.0,6.59,0.0,0.0,0.0,0.0,0.0,0.0,0.0,0.0,0.0,0.0
O=C(O)CCN1CCCC1Cc1nc2ccccc2n1C1CC2CCCC(C1)N2C1CC2CCCCC(C2)C1,0.0,0.0,0.0,0.0,0.0,0.0,0.0,0.0,0.0,0.0,0.0,0.0,0.0,0.0,0.0,6.35,0.0,0.0,0.0,0.0,0.0,0.0,0.0,0.0,0.0,0.0
O=C(O)CCN1CCCC1c1nc2ccccc2n1C1CC2CCCC(C1)N2C1CC2CCCCC(C2)C1,0.0,0.0,0.0,0.0,0.0,0.0,0.0,0.0,0.0,0.0,0.0,0.0,0.0,0.0,0.0,6.08,0.0,0.0,0.0,0.0,0.0,0.0,0.0,0.0,0.0,0.0
O=C(O)CN1CC2C3Cc4ccc(O)cc4C2(CCN3CC2CC2)CC1=O,0.0,0.0,0.0,0.0,0.0,0.0,0.0,0.0,0.0,0.0,0.0,0.0,0.0,0.0,0.0,0.0,0.0,0.0,0.0,8.39,0.0,0.0,0.0,0.0,0.0,0.0
O=C(O)CN1CCC23CCN(CC4CC4)C(Cc4ccc(O)cc42)C3C1,0.0,0.0,0.0,0.0,0.0,0.0,0.0,0.0,0.0,0.0,0.0,0.0,0.0,0.0,0.0,0.0,0.0,0.0,0.0,8.6,0.0,0.0,0.0,0.0,0.0,0.0
O=C(O)CN1CCCC(=C2N(CC(=O)O)c3ccccc3N2C2CC3CCCC(C2)N3C2CC3CCCCC(C3)C2)C1,0.0,0.0,0.0,0.0,0.0,0.0,0.0,0.0,0.0,0.0,0.0,0.0,0.0,0.0,0.0,7.38,0.0,0.0,0.0,0.0,0.0,0.0,0.0,0.0,0.0,0.0
O=C(O)CN1CCCC(c2nc3ccccc3n2C2CC3CCCC(C2)N3C2CC3CCCC(C3)C2)C1,0.0,0.0,0.0,0.0,0.0,0.0,0.0,0.0,0.0,0.0,0.0,0.0,0.0,0.0,0.0,6.45,0.0,0.0,0.0,0.0,0.0,0.0,0.0,0.0,0.0,0.0
O=C(O)CN1CCCC(c2nc3ccccc3n2C2CC3CCCC(C2)N3C2CC3CCCCC(C3)C2)C1,0.0,0.0,0.0,0.0,0.0,0.0,0.0,0.0,0.0,0.0,0.0,0.0,0.0,0.0,0.0,6.16,0.0,0.0,0.0,0.0,0.0,0.0,0.0,0.0,0.0,0.0
O=C(O)CN1CCCC1Cc1nc2ccccc2n1C1CC2CCCC(C1)N2C1CC2CCCCC(C2)C1,0.0,0.0,0.0,0.0,0.0,0.0,0.0,0.0,0.0,0.0,0.0,0.0,0.0,0.0,0.0,6.59,0.0,0.0,0.0,0.0,0.0,0.0,0.0,0.0,0.0,0.0
O=C(O)CN1CCCC1c1nc2ccccc2n1C1CC2CCCC(C1)N2C1CC2CCCCC(C2)C1,0.0,0.0,0.0,0.0,0.0,0.0,0.0,0.0,0.0,0.0,0.0,0.0,0.0,0.0,0.0,7.19,0.0,0.0,0.0,0.0,0.0,0.0,0.0,0.0,0.0,0.0
O=C(O)CN1CCCCC1Cc1nc2ccccc2n1C1CC2CCCC(C1)N2C1CC2CCCCC(C2)C1,0.0,0.0,0.0,0.0,0.0,0.0,0.0,0.0,0.0,0.0,0.0,0.0,0.0,0.0,0.0,6.77,0.0,0.0,0.0,0.0,0.0,0.0,0.0,0.0,0.0,0.0
O=C(O)CN1CCCCC1c1nc2ccccc2n1C1CC2CCCC(C1)N2C1CC2CCCCC(C2)C1,0.0,0.0,0.0,0.0,0.0,0.0,0.0,0.0,0.0,0.0,0.0,0.0,0.0,0.0,0.0,7.79,0.0,0.0,0.0,0.0,0.0,0.0,0.0,0.0,0.0,0.0
O=C(O)CN1CCN(Cc2nc3ccccc3n2C2CC3CCCC(C2)N3C2CC3CCCC(C3)C2)CC1,0.0,0.0,0.0,0.0,0.0,0.0,0.0,0.0,0.0,0.0,0.0,0.0,0.0,0.0,0.0,5.17,0.0,0.0,0.0,0.0,0.0,0.0,0.0,0.0,0.0,0.0
O=C(O)CNc1nc2ccccc2n1C1CC2CCCC(C1)N2C1CCCCCCCCC1,0.0,0.0,0.0,0.0,0.0,0.0,0.0,0.0,0.0,0.0,0.0,0.0,0.0,0.0,0.0,6.58,0.0,0.0,0.0,0.0,0.0,0.0,0.0,0.0,0.0,0.0
O=C(O)CON=Cc1nc2ccccc2n1C1CC2CCCC(C1)N2C1CC2CCCC(C2)C1,0.0,0.0,0.0,0.0,0.0,0.0,0.0,0.0,0.0,0.0,0.0,0.0,0.0,0.0,0.0,5.81,0.0,0.0,0.0,0.0,0.0,0.0,0.0,0.0,0.0,0.0
O=C(O)c1ccc(C(=O)NC2CCC3(O)C4Cc5ccc(O)c6c5C3(CCN4CC3CC3)C2O6)cc1,0.0,0.0,0.0,0.0,0.0,0.0,6.82,0.0,0.0,0.0,0.0,0.0,0.0,0.0,0.0,0.0,0.0,0.0,0.0,0.0,0.0,0.0,0.0,0.0,0.0,0.0
O=C(O)c1ccccc1C(c1ccccc1)N1CCC(O)(c2ccccc2)CC1,0.0,0.0,0.0,0.0,0.0,0.0,5.09,0.0,0.0,0.0,0.0,0.0,0.0,0.0,0.0,0.0,0.0,0.0,0.0,0.0,0.0,0.0,0.0,0.0,0.0,0.0
O=C(O)c1nc2ccccc2n(C2CC3CCC(C2)N3C2CC3CCCC(C3)C2)c1=O,0.0,0.0,0.0,0.0,0.0,0.0,0.0,0.0,0.0,0.0,0.0,0.0,0.0,0.0,5.57,0.0,0.0,0.0,0.0,0.0,0.0,0.0,0.0,0.0,0.0,0.0
O=C(O)c1nc2ccccc2n(C2CC3CCC(C2)N3C2CCCCCCCCCC2)c1=O,0.0,0.0,0.0,0.0,0.0,0.0,0.0,0.0,0.0,0.0,0.0,0.0,0.0,0.0,6.19,0.0,0.0,0.0,0.0,0.0,0.0,0.0,0.0,0.0,0.0,0.0
O=C(O)c1nc2ccccc2n(C2CC3CCC(C2)N3C2CCCCCCCCCCC2)c1=O,0.0,0.0,0.0,0.0,0.0,0.0,0.0,0.0,0.0,0.0,0.0,0.0,0.0,0.0,7.12,0.0,0.0,0.0,0.0,0.0,0.0,0.0,0.0,0.0,0.0,0.0
O=C(O)c1nc2ccccc2n(C2CC3CCCC(C2)N3C23CCCC(CCC2)C3)c1=O,0.0,0.0,0.0,0.0,0.0,0.0,0.0,0.0,0.0,0.0,0.0,0.0,0.0,0.0,5.27,0.0,0.0,0.0,0.0,0.0,0.0,0.0,0.0,0.0,0.0,0.0
O=C(O)c1nc2ccccc2n(C2CC3CCCC(C2)N3C2CC3CCCC(C3)C2)c1=O,0.0,0.0,0.0,0.0,0.0,0.0,0.0,0.0,0.0,0.0,0.0,0.0,0.0,0.0,5.64,0.0,0.0,0.0,0.0,0.0,0.0,0.0,0.0,0.0,0.0,0.0
O=C(OC12CCC(=O)C3Oc4c(O)ccc5c4C31CCN(CC1CC1)C2C5)c1ccc2ccccc2c1,0.0,0.0,0.0,0.0,0.0,0.0,7.33,0.0,0.0,0.0,0.0,0.0,0.0,0.0,0.0,0.0,0.0,0.0,0.0,0.0,0.0,0.0,0.0,0.0,0.0,0.0
O=C(OC12CCC(=O)C3Oc4c(O)ccc5c4C31CCN(CC1CC1)C2C5)c1ccc2ccccc2n1,0.0,0.0,0.0,0.0,0.0,0.0,7.17,0.0,0.0,0.0,0.0,0.0,0.0,0.0,0.0,0.0,0.0,0.0,0.0,0.0,0.0,0.0,0.0,0.0,0.0,0.0
O=C(OC12CCC(=O)C3Oc4c(O)ccc5c4C31CCN(CC1CC1)C2C5)c1ccccc1,0.0,0.0,0.0,0.0,0.0,0.0,6.23,0.0,0.0,0.0,0.0,0.0,0.0,0.0,0.0,0.0,0.0,0.0,0.0,0.0,0.0,0.0,0.0,0.0,0.0,0.0
O=C(OC12CCC(=O)C3Oc4c(O)ccc5c4C31CCN(CC1CC1)C2C5)c1ccccn1,0.0,0.0,0.0,0.0,0.0,0.0,7.59,0.0,0.0,0.0,0.0,0.0,0.0,0.0,0.0,0.0,0.0,0.0,0.0,0.0,0.0,0.0,0.0,0.0,0.0,0.0
O=C(OC12CCC(=O)C3Oc4c(O)ccc5c4C31CCN(CC1CC1)C2C5)c1cccnc1,0.0,0.0,0.0,0.0,0.0,0.0,7.32,0.0,0.0,0.0,0.0,0.0,0.0,0.0,0.0,0.0,0.0,0.0,0.0,0.0,0.0,0.0,0.0,0.0,0.0,0.0
O=C(OC12CCC(=O)C3Oc4c(O)ccc5c4C31CCN(CC1CC1)C2C5)c1ccncc1,0.0,0.0,0.0,0.0,0.0,0.0,7.31,0.0,0.0,0.0,0.0,0.0,0.0,0.0,0.0,0.0,0.0,0.0,0.0,0.0,0.0,0.0,0.0,0.0,0.0,0.0
O=C(OC12CCC(=O)C3Oc4c(O)ccc5c4C31CCN(CC1CC1)C2C5)c1cnc2ccccc2c1,0.0,0.0,0.0,0.0,0.0,0.0,6.83,0.0,0.0,0.0,0.0,0.0,0.0,0.0,0.0,0.0,0.0,0.0,0.0,0.0,0.0,0.0,0.0,0.0,0.0,0.0
O=C(OC12Cc3cc(-c4ccc(Cl)cc4)cnc3C3Oc4c(O)ccc5c4C31CCN(CC1CC1)C2C5)c1ccccc1,0.0,0.0,0.0,0.0,0.0,0.0,6.93,0.0,0.0,0.0,0.0,0.0,0.0,0.0,0.0,0.0,0.0,0.0,0.0,0.0,0.0,0.0,0.0,0.0,0.0,0.0
O=C(OC1CCC2(O)C3Cc4ccc(O)c5c4C2(CCN3CC2CC2)C1O5)N(c1ccccc1)c1ccccc1,0.0,0.0,0.0,0.0,0.0,0.0,7.83,0.0,0.0,0.0,0.0,0.0,0.0,0.0,0.0,0.0,0.0,0.0,0.0,0.0,0.0,0.0,0.0,0.0,0.0,0.0
O=C(OC1CCCCC1)N1CCC(c2ccccc2)(c2nccn2Cc2ccccc2)CC1,0.0,0.0,0.0,0.0,0.0,0.0,0.0,0.0,0.0,0.0,0.0,0.0,0.0,0.0,6.92,0.0,0.0,0.0,0.0,0.0,0.0,0.0,0.0,0.0,0.0,0.0
O=C(OCc1ccccc1)N1CCC(c2ccccc2)(c2nccn2Cc2ccccc2)CC1,0.0,0.0,0.0,0.0,0.0,0.0,0.0,0.0,0.0,0.0,0.0,0.0,0.0,0.0,6.92,0.0,0.0,0.0,0.0,0.0,0.0,0.0,0.0,0.0,0.0,0.0
O=C(Oc1ccc2c(c1)C13CCCCC1(O)C(C2)N(CC1CCC1)CC3)c1ccc(-c2ccccc2)cc1,0.0,0.0,0.0,0.0,0.0,0.0,7.75,0.0,0.0,0.0,0.0,0.0,0.0,0.0,0.0,0.0,0.0,0.0,0.0,0.0,0.0,0.0,0.0,0.0,0.0,0.0
O=C(Oc1ccccc1)N1CC2CC34CCC1C2C31CCN(CC2CC2)C4Cc2ccc(O)cc21,0.0,0.0,0.0,0.0,0.0,0.0,0.0,0.0,0.0,0.0,0.0,0.0,0.0,0.0,0.0,0.0,0.0,0.0,0.0,0.0,0.0,9.28,0.0,0.0,0.0,0.0
O=C(c1ccc(C2=CC3(CCNCC3)Oc3ccccc32)cc1)N1Cc2ccccc2C1,0.0,0.0,0.0,0.0,0.0,0.0,6.05,0.0,0.0,0.0,0.0,0.0,0.0,0.0,0.0,0.0,0.0,0.0,0.0,0.0,0.0,0.0,0.0,0.0,0.0,0.0
O=C(c1ccccc1)N1CC2CC34CCC1C2C31CCN(CC2CC2)C4Cc2ccc(O)cc21,0.0,0.0,0.0,0.0,0.0,0.0,0.0,0.0,0.0,0.0,0.0,0.0,0.0,0.0,0.0,0.0,0.0,0.0,0.0,0.0,0.0,9.44,0.0,0.0,0.0,0.0
O=C(c1ccccc1)N1CC2OC34CCC1C2C31CCN(CC2CC2)C4Cc2ccc(O)cc21,0.0,0.0,0.0,0.0,0.0,0.0,0.0,0.0,0.0,0.0,0.0,0.0,0.0,0.0,0.0,0.0,0.0,0.0,0.0,0.0,0.0,8.98,0.0,0.0,0.0,0.0
O=C(c1ccccc1)N1CCC(c2ccccc2)(c2nccn2Cc2ccccc2)CC1,0.0,0.0,0.0,0.0,0.0,0.0,0.0,0.0,0.0,0.0,0.0,0.0,0.0,0.0,6.91,0.0,0.0,0.0,0.0,0.0,0.0,0.0,0.0,0.0,0.0,0.0
O=C(c1ccccn1)N1CC2CC34CCC1C2C31CCN(CC2CC2)C4Cc2ccc(O)cc21,0.0,0.0,0.0,0.0,0.0,0.0,0.0,0.0,0.0,0.0,0.0,0.0,0.0,0.0,0.0,0.0,0.0,0.0,0.0,0.0,0.0,9.25,0.0,0.0,0.0,0.0
O=C(c1ccoc1)N1CC2CC34CCC1C2C31CCN(CC2CC2)C4Cc2ccc(O)cc21,0.0,0.0,0.0,0.0,0.0,0.0,0.0,0.0,0.0,0.0,0.0,0.0,0.0,0.0,0.0,0.0,0.0,0.0,0.0,0.0,0.0,9.66,0.0,0.0,0.0,0.0
O=C1C(=Cc2ccc(Br)cc2)CC2(O)C3Cc4ccc(O)c5c4C2(CCN3CC2CC2)C1O5,0.0,0.0,0.0,0.0,0.0,0.0,0.0,0.0,0.0,0.0,0.0,0.0,0.0,0.0,0.0,0.0,0.0,0.0,0.0,0.0,0.0,7.15,0.0,0.0,0.0,0.0
O=C1C(=Cc2ccc(C(F)(F)F)cc2)CC2(O)C3Cc4ccc(O)c5c4C2(CCN3CC2CC2)C1O5,0.0,0.0,0.0,0.0,0.0,0.0,0.0,0.0,0.0,0.0,0.0,0.0,0.0,0.0,0.0,0.0,0.0,0.0,0.0,0.0,0.0,6.75,0.0,0.0,0.0,0.0
O=C1C(=Cc2ccc(Cl)cc2)CC2(O)C3Cc4ccc(O)c5c4C2(CCN3CC2CC2)C1O5,0.0,0.0,0.0,0.0,0.0,0.0,0.0,0.0,0.0,0.0,0.0,0.0,0.0,0.0,0.0,0.0,0.0,0.0,0.0,0.0,0.0,7.11,0.0,0.0,0.0,0.0
O=C1C(=Cc2ccc(F)cc2)CC2(O)C3Cc4ccc(O)c5c4C2(CCN3CC2CC2)C1O5,0.0,0.0,0.0,0.0,0.0,0.0,0.0,0.0,0.0,0.0,0.0,0.0,0.0,0.0,0.0,0.0,0.0,0.0,0.0,0.0,0.0,6.97,0.0,0.0,0.0,0.0
O=C1C(=Cc2ccc(I)cc2)CC2(O)C3Cc4ccc(O)c5c4C2(CCN3CC2CC2)C1O5,0.0,0.0,0.0,0.0,0.0,0.0,0.0,0.0,0.0,0.0,0.0,0.0,0.0,0.0,0.0,0.0,0.0,0.0,0.0,0.0,0.0,6.9,0.0,0.0,0.0,0.0
O=C1C(=Cc2cccc(F)c2)CC2(O)C3Cc4ccc(O)c5c4C2(CCN3CC2CC2)C1O5,0.0,0.0,0.0,0.0,0.0,0.0,0.0,0.0,0.0,0.0,0.0,0.0,0.0,0.0,0.0,0.0,0.0,0.0,0.0,0.0,0.0,7.31,0.0,0.0,0.0,0.0
O=C1C(=Cc2ccccc2)CC2(O)C3Cc4ccc(O)c5c4C2(CCN3CC2CC2)C1O5,0.0,0.0,0.0,0.0,0.0,0.0,7.55,0.0,0.0,0.0,0.0,0.0,0.0,0.0,0.0,0.0,0.0,0.0,0.0,0.0,0.0,7.48,0.0,0.0,0.0,0.0
O=C1C(=Cc2ccccc2)CC2(O)C3Cc4ccc(O)c5c4C2(CCN3CCCc2ccccc2)C1O5,0.0,0.0,0.0,0.0,0.0,0.0,0.0,0.0,0.0,0.0,0.0,0.0,0.0,0.0,0.0,0.0,0.0,0.0,0.0,0.0,0.0,6.1,0.0,0.0,0.0,0.0
O=C1C(=Cc2ccccc2)CC2(O)C3Cc4ccc(O)c5c4C2(CCN3CCc2ccccc2)C1O5,0.0,0.0,0.0,0.0,0.0,0.0,0.0,0.0,0.0,0.0,0.0,0.0,0.0,0.0,0.0,0.0,0.0,0.0,0.0,0.0,0.0,6.22,0.0,0.0,0.0,0.0
O=C1C(=Cc2ccccc2F)CC2(O)C3Cc4ccc(O)c5c4C2(CCN3CC2CC2)C1O5,0.0,0.0,0.0,0.0,0.0,0.0,0.0,0.0,0.0,0.0,0.0,0.0,0.0,0.0,0.0,0.0,0.0,0.0,0.0,0.0,0.0,7.46,0.0,0.0,0.0,0.0
O=C1C(CCO)CC2=C(C3Oc4c(O)ccc5c4C34CCN(CC3CC3)C(C5)C4(O)C2)N1Cc1ccccc1,0.0,0.0,0.0,0.0,0.0,0.0,8.89,0.0,0.0,0.0,0.0,0.0,0.0,0.0,0.0,0.0,0.0,0.0,0.0,0.0,0.0,0.0,0.0,0.0,0.0,0.0
O=C1C(Oc2ccc(Cl)c(Cl)c2)CC=CCN1C(CN1CCCC1)c1ccccc1,0.0,0.0,0.0,0.0,0.0,0.0,0.0,0.0,0.0,0.0,0.0,0.0,0.0,0.0,8.59,0.0,0.0,0.0,0.0,0.0,0.0,0.0,0.0,0.0,0.0,0.0
O=C1C(c2ccc(C(F)(F)F)cc2)CC=CCN1C(CN1CCCC1)c1ccccc1,0.0,0.0,0.0,0.0,0.0,0.0,0.0,0.0,0.0,0.0,0.0,0.0,0.0,0.0,9.14,0.0,0.0,0.0,0.0,0.0,0.0,0.0,0.0,0.0,0.0,0.0
O=C1C(c2ccc(Cl)c(Cl)c2)CC=CCN1C(CN1CCC(O)C1)c1ccccc1,0.0,0.0,0.0,0.0,0.0,0.0,0.0,0.0,0.0,0.0,0.0,0.0,0.0,0.0,9.7,0.0,0.0,0.0,0.0,0.0,0.0,0.0,0.0,0.0,0.0,0.0
O=C1C(c2ccc(Cl)c(Cl)c2)CC=CCN1C(CN1CCCC1)c1ccccc1,0.0,0.0,0.0,0.0,0.0,0.0,0.0,0.0,0.0,0.0,0.0,0.0,0.0,0.0,7.92,0.0,0.0,0.0,0.0,0.0,0.0,0.0,0.0,0.0,0.0,0.0
O=C1C(c2ccc(Cl)cc2)CC=CCN1C(CN1CCCC1)c1ccccc1,0.0,0.0,0.0,0.0,0.0,0.0,0.0,0.0,0.0,0.0,0.0,0.0,0.0,0.0,7.46,0.0,0.0,0.0,0.0,0.0,0.0,0.0,0.0,0.0,0.0,0.0
O=C1C(c2cccc(S(=O)(=O)N3CCCC3)c2)CC=CCN1C(CN1CCCC1)c1ccccc1,0.0,0.0,0.0,0.0,0.0,0.0,0.0,0.0,0.0,0.0,0.0,0.0,0.0,0.0,5.72,0.0,0.0,0.0,0.0,0.0,0.0,0.0,0.0,0.0,0.0,0.0
O=C1C2CCCC1(c1cccc(O)c1)CCN2CCc1ccccc1,0.0,0.0,0.0,0.0,0.0,0.0,6.82,0.0,0.0,0.0,0.0,0.0,0.0,0.0,0.0,0.0,0.0,0.0,0.0,0.0,0.0,0.0,0.0,0.0,0.0,0.0
O=C1CC(=O)N(C2CCN(C3CCCCCCC3)CC2)c2ccccc2N1,0.0,0.0,0.0,0.0,0.0,0.0,0.0,0.0,0.0,0.0,0.0,0.0,0.0,0.0,0.0,0.0,0.0,6.45,0.0,0.0,0.0,0.0,0.0,0.0,0.0,0.0
O=C1CC(C(=O)N2CCc3ccccc3C2CN2CCCC2)c2cc(Cl)ccc21,0.0,0.0,0.0,0.0,0.0,0.0,10.48,0.0,0.0,0.0,0.0,0.0,0.0,0.0,0.0,0.0,0.0,0.0,0.0,0.0,0.0,0.0,0.0,0.0,0.0,0.0
O=C1CC(C(=O)N2CCc3ccccc3C2C[N+]2(CC3CC3)CCCC2)c2cc(Cl)ccc21,0.0,0.0,0.0,0.0,0.0,0.0,8.45,0.0,0.0,0.0,0.0,0.0,0.0,0.0,0.0,0.0,0.0,0.0,0.0,0.0,0.0,0.0,0.0,0.0,0.0,0.0
O=C1CC23CCN(CC4CC4)C(Cc4ccc(O)cc42)C3(O)CC1=Cc1ccccc1,0.0,0.0,0.0,0.0,0.0,0.0,8.02,0.0,0.0,0.0,0.0,0.0,0.0,0.0,0.0,0.0,0.0,0.0,0.0,0.0,0.0,0.0,0.0,0.0,0.0,0.0
O=C1CC23CCN(CC4CC4)C(Cc4ccc(O)cc42)C3(O)CCC1=Cc1ccccc1,0.0,0.0,0.0,0.0,0.0,0.0,8.04,0.0,0.0,0.0,0.0,0.0,0.0,0.0,0.0,0.0,0.0,0.0,0.0,0.0,0.0,0.0,0.0,0.0,0.0,0.0
O=C1CC23CCN(CC4CC4)C(Cc4ccc(O)cc42)C3=CN1Cc1ccc(O)cc1,0.0,0.0,0.0,0.0,0.0,0.0,0.0,0.0,0.0,0.0,0.0,0.0,0.0,0.0,0.0,0.0,0.0,0.0,0.0,8.9,0.0,0.0,0.0,0.0,0.0,0.0
O=C1CC23CCN(CC4CC4)C(Cc4ccc(O)cc42)C3CN1,0.0,0.0,0.0,0.0,0.0,0.0,0.0,0.0,0.0,0.0,0.0,0.0,0.0,0.0,0.0,0.0,0.0,0.0,0.0,9.74,0.0,0.0,0.0,0.0,0.0,0.0
O=C1CC23CCN(CC4CC4)C(Cc4ccc(O)cc42)C3CN1Cc1ccc(O)cc1,0.0,0.0,0.0,0.0,0.0,0.0,0.0,0.0,0.0,0.0,0.0,0.0,0.0,0.0,0.0,0.0,0.0,0.0,0.0,8.2,0.0,0.0,0.0,0.0,0.0,0.0
O=C1CC2CC(c3cccc(O)c3)(CCN2CCc2ccccc2)C1,0.0,0.0,0.0,0.0,0.0,0.0,6.7,0.0,0.0,0.0,0.0,0.0,0.0,0.0,0.0,0.0,0.0,0.0,0.0,0.0,0.0,0.0,0.0,0.0,0.0,0.0
O=C1CC2CCN(CC3CCCCC3)C3CCCC(C1Cc1ccccc1)C23,0.0,0.0,0.0,0.0,0.0,5.91,0.0,0.0,0.0,0.0,0.0,0.0,0.0,0.0,0.0,0.0,0.0,0.0,0.0,0.0,0.0,0.0,0.0,0.0,0.0,0.0
O=C1CC2CCN(Cc3cccs3)C3CCCC(C1Cc1ccccc1)C23,0.0,0.0,0.0,0.0,0.0,6.2,0.0,0.0,0.0,0.0,0.0,0.0,0.0,0.0,0.0,0.0,0.0,0.0,0.0,0.0,0.0,0.0,0.0,0.0,0.0,0.0
O=C1CC2CCN(Cc3nccs3)C3CCCC(C1Cc1ccccc1)C23,0.0,0.0,0.0,0.0,0.0,5.86,0.0,0.0,0.0,0.0,0.0,0.0,0.0,0.0,0.0,0.0,0.0,0.0,0.0,0.0,0.0,0.0,0.0,0.0,0.0,0.0
O=C1CCC2(NCC#Cc3ccc(Cl)cc3)C3Cc4ccc(O)c5c4C2(CCN3CC2CC2)C1O5,0.0,0.0,0.0,0.0,0.0,0.0,8.54,0.0,0.0,0.0,0.0,0.0,0.0,0.0,0.0,0.0,0.0,0.0,0.0,0.0,0.0,0.0,0.0,0.0,0.0,0.0
O=C1CCC2(NCC=CCc3ccc(Cl)cc3)C3Cc4ccc(O)c5c4C2(CCN3CC2CC2)C1O5,0.0,0.0,0.0,0.0,0.0,0.0,8.43,0.0,0.0,0.0,0.0,0.0,0.0,0.0,0.0,0.0,0.0,0.0,0.0,0.0,0.0,0.0,0.0,0.0,0.0,0.0
O=C1CCC2(NCC=Cc3ccc(Cl)cc3)C3Cc4ccc(O)c5c4C2(CCN3CC2CC2)C1O5,0.0,0.0,0.0,0.0,0.0,0.0,9.04,0.0,9.04,0.0,0.0,0.0,0.0,0.0,0.0,0.0,0.0,0.0,0.0,0.0,0.0,0.0,0.0,0.0,0.0,0.0
O=C1CCC2(NCCC=Cc3ccc(Cl)cc3)C3Cc4ccc(O)c5c4C2(CCN3CC2CC2)C1O5,0.0,0.0,0.0,0.0,0.0,0.0,8.43,0.0,0.0,0.0,0.0,0.0,0.0,0.0,0.0,0.0,0.0,0.0,0.0,0.0,0.0,0.0,0.0,0.0,0.0,0.0
O=C1CCC2(NCCCCc3ccc(Cl)cc3)C3Cc4ccc(O)c5c4C2(CCN3CC2CC2)C1O5,0.0,0.0,0.0,0.0,0.0,0.0,8.28,0.0,0.0,0.0,0.0,0.0,0.0,0.0,0.0,0.0,0.0,0.0,0.0,0.0,0.0,0.0,0.0,0.0,0.0,0.0
O=C1CCC2(NCCc3ccc(Cl)cc3)C3Cc4ccc(O)c5c4C2(CCN3CC2CC2)C1O5,0.0,0.0,0.0,0.0,0.0,0.0,8.81,0.0,0.0,0.0,0.0,0.0,0.0,0.0,0.0,0.0,0.0,0.0,0.0,0.0,0.0,0.0,0.0,0.0,0.0,0.0
O=C1CCC2(O)C3Cc4ccc(O)c(O)c4C2(CCN3CC2CC2)C1,0.0,0.0,0.0,0.0,0.0,0.0,8.66,0.0,0.0,0.0,0.0,0.0,0.0,0.0,0.0,0.0,0.0,0.0,0.0,0.0,0.0,0.0,0.0,0.0,0.0,0.0
O=C1CCC2(O)C3Cc4ccc(O)cc4C2(CCN3CC2CC2)C1,0.0,0.0,0.0,0.0,0.0,0.0,9.19,0.0,0.0,0.0,0.0,0.0,0.0,0.0,0.0,0.0,0.0,0.0,0.0,0.0,0.0,0.0,0.0,0.0,0.0,0.0
O=C1CCC2(OCCCc3ccccc3)C3Cc4ccc(O)c5c4C2(CCN3CC2CC2)C1O5,0.0,0.0,0.0,0.0,0.0,0.0,9.39,0.0,0.0,0.0,0.0,0.0,0.0,0.0,0.0,0.0,0.0,0.0,0.0,0.0,0.0,0.0,0.0,0.0,0.0,0.0
O=C1CCC23Cc4ccc(O)cc4C2(CCN(CC2CC2)C3)C1,0.0,0.0,0.0,0.0,0.0,0.0,0.0,0.0,0.0,0.0,0.0,0.0,0.0,0.0,7.76,0.0,0.0,0.0,0.0,0.0,0.0,0.0,0.0,0.0,0.0,0.0
O=C1CCC2=C(C3Oc4c(O)ccc5c4C34CCN(CC3CC3)C(C5)C4(O)C2)N1CC1CCCCC1,0.0,0.0,0.0,0.0,0.0,0.0,9.48,0.0,0.0,0.0,0.0,0.0,0.0,0.0,0.0,0.0,0.0,0.0,0.0,0.0,0.0,0.0,0.0,0.0,0.0,0.0
O=C1CCC2=C(C3Oc4c(O)ccc5c4C34CCN(CC3CC3)C(C5)C4(O)C2)N1Cc1ccccc1,0.0,0.0,0.0,0.0,0.0,0.0,9.82,0.0,0.0,0.0,0.0,0.0,0.0,0.0,0.0,0.0,0.0,0.0,0.0,0.0,0.0,0.0,0.0,0.0,0.0,0.0
O=C1CCCC2(O)C3Cc4ccc(O)cc4C2(CCN3CC2CC2)C1,0.0,0.0,0.0,0.0,0.0,0.0,9.13,0.0,0.0,0.0,0.0,0.0,0.0,0.0,0.0,0.0,0.0,0.0,0.0,0.0,0.0,0.0,0.0,0.0,0.0,0.0
O=C1CCc2ccccc2N1C1CCN(C2CCCCCCC2)CC1,0.0,0.0,0.0,0.0,0.0,0.0,7.42,0.0,0.0,0.0,0.0,0.0,0.0,0.0,0.0,0.0,0.0,0.0,0.0,0.0,0.0,0.0,0.0,0.0,0.0,0.0
O=C1Cc2ccccc2N1C1CCN(C2C3CCCC2CCC3)CC1,0.0,0.0,0.0,0.0,0.0,0.0,7.5,0.0,0.0,0.0,0.0,0.0,0.0,0.0,0.0,0.0,0.0,0.0,0.0,0.0,0.0,0.0,0.0,0.0,0.0,0.0
O=C1Cc2ccccc2N1C1CCN(C2CCC3CCCc4cccc2c43)CC1,0.0,0.0,0.0,0.0,0.0,0.0,6.17,0.0,0.0,0.0,0.0,0.0,0.0,0.0,0.0,0.0,0.0,0.0,0.0,0.0,0.0,0.0,0.0,0.0,0.0,0.0
O=C1Cc2ccccc2N1C1CCN(C2CCCCCCC2)CC1,0.0,0.0,0.0,0.0,0.0,0.0,7.37,0.0,0.0,0.0,0.0,0.0,0.0,0.0,0.0,0.0,0.0,0.0,0.0,0.0,0.0,0.0,0.0,0.0,0.0,0.0
O=C1Cc2ccccc2N1C1CCN(Cc2ccccc2)CC1,0.0,0.0,0.0,0.0,0.0,0.0,7.07,0.0,0.0,0.0,0.0,0.0,0.0,0.0,0.0,0.0,0.0,0.0,0.0,0.0,0.0,0.0,0.0,0.0,0.0,0.0
O=C1N(CC2CC2)CN(c2ccccc2)C12CCN(C(c1ccccc1)c1ccccc1)CC2,0.0,0.0,0.0,0.0,0.0,0.0,6.2,0.0,0.0,0.0,0.0,0.0,0.0,0.0,0.0,0.0,0.0,0.0,0.0,0.0,0.0,0.0,0.0,0.0,0.0,0.0
O=C1N(CC2CCC2)CN(c2ccccc2)C12CCN(C(c1ccccc1)c1ccccc1)CC2,0.0,0.0,0.0,0.0,0.0,0.0,5.73,0.0,0.0,0.0,0.0,0.0,0.0,0.0,0.0,0.0,0.0,0.0,0.0,0.0,0.0,0.0,0.0,0.0,0.0,0.0
O=C1N(CC2CCCCC2)CN(c2ccccc2)C12CCN(C(c1ccccc1)c1ccccc1)CC2,0.0,0.0,0.0,0.0,0.0,0.0,5.63,0.0,0.0,0.0,0.0,0.0,0.0,0.0,0.0,0.0,0.0,0.0,0.0,0.0,0.0,0.0,0.0,0.0,0.0,0.0
O=C1N(CCCN2CCCC2)CN(c2ccccc2)C12CCN(C(c1ccccc1Cl)c1ccccc1Cl)CC2,0.0,0.0,0.0,0.0,0.0,0.0,7.19,0.0,0.0,0.0,0.0,0.0,0.0,0.0,0.0,0.0,0.0,0.0,0.0,0.0,0.0,0.0,0.0,0.0,0.0,0.0
O=C1N(CCN2CCCC2)CN(c2ccccc2)C12CCN(C(c1ccccc1Cl)c1ccccc1Cl)CC2,0.0,0.0,0.0,0.0,0.0,0.0,6.59,0.0,0.0,0.0,0.0,0.0,0.0,0.0,0.0,0.0,0.0,0.0,0.0,0.0,0.0,0.0,0.0,0.0,0.0,0.0
O=C1N(CCN2CCCC2)CN(c2ccccc2)C12CCN(Cc1c(Cl)cccc1Cl)CC2,0.0,0.0,0.0,0.0,0.0,0.0,7.82,0.0,0.0,0.0,0.0,0.0,0.0,0.0,0.0,0.0,0.0,0.0,0.0,0.0,0.0,0.0,0.0,0.0,0.0,0.0
O=C1N(CCN2CCCCC2)CN(c2ccccc2)C12CCN(C(c1ccccc1Cl)c1ccccc1Cl)CC2,0.0,0.0,0.0,0.0,0.0,0.0,6.55,0.0,0.0,0.0,0.0,0.0,0.0,0.0,0.0,0.0,0.0,0.0,0.0,0.0,0.0,0.0,0.0,0.0,0.0,0.0
O=C1N(CCNC2CC2)CN(c2ccccc2)C12CCN(C(c1ccccc1Cl)c1ccccc1Cl)CC2,0.0,0.0,0.0,0.0,0.0,0.0,5.99,0.0,0.0,0.0,0.0,0.0,0.0,0.0,0.0,0.0,0.0,0.0,0.0,0.0,0.0,0.0,0.0,0.0,0.0,0.0
O=C1N(CCNC2CCC2)CN(c2ccccc2)C12CCN(Cc1c(Cl)cccc1Cl)CC2,0.0,0.0,0.0,0.0,0.0,0.0,7.54,0.0,0.0,0.0,0.0,0.0,0.0,0.0,0.0,0.0,0.0,0.0,0.0,0.0,0.0,0.0,0.0,0.0,0.0,0.0
O=C1N(CCNC2CCCC2)CN(c2ccccc2)C12CCN(C(c1ccccc1Cl)c1ccccc1Cl)CC2,0.0,0.0,0.0,0.0,0.0,0.0,6.61,0.0,0.0,0.0,0.0,0.0,0.0,0.0,0.0,0.0,0.0,0.0,0.0,0.0,0.0,0.0,0.0,0.0,0.0,0.0
O=C1N(CCNC2CCCCC2)CN(c2ccccc2)C12CCN(C(c1ccccc1Cl)c1ccccc1Cl)CC2,0.0,0.0,0.0,0.0,0.0,0.0,6.65,0.0,0.0,0.0,0.0,0.0,0.0,0.0,0.0,0.0,0.0,0.0,0.0,0.0,0.0,0.0,0.0,0.0,0.0,0.0
O=C1N(CCNCC2CC2)CN(c2ccccc2)C12CCN(Cc1c(Cl)cccc1Cl)CC2,0.0,0.0,0.0,0.0,0.0,0.0,7.6,0.0,0.0,0.0,0.0,0.0,0.0,0.0,0.0,0.0,0.0,0.0,0.0,0.0,0.0,0.0,0.0,0.0,0.0,0.0
O=C1N(CCNCC2CCCCC2)CN(c2ccccc2)C12CCN(C(c1ccccc1Cl)c1ccccc1Cl)CC2,0.0,0.0,0.0,0.0,0.0,0.0,6.57,0.0,0.0,0.0,0.0,0.0,0.0,0.0,0.0,0.0,0.0,0.0,0.0,0.0,0.0,0.0,0.0,0.0,0.0,0.0
O=C1N(CCO)CN(c2ccccc2)C12CCN(C(c1ccccc1Cl)c1ccccc1Cl)CC2,0.0,0.0,0.0,0.0,0.0,0.0,5.76,0.0,0.0,0.0,0.0,0.0,0.0,0.0,0.0,0.0,0.0,0.0,0.0,0.0,0.0,0.0,0.0,0.0,0.0,0.0
O=C1NC(Cc2ccc(F)cc2)C(=O)N2CCCC2C(=O)NC(Cc2ccccc2)C(=O)NC1Cc1c[nH]c2ccccc12,0.0,0.0,0.0,0.0,0.0,0.0,0.0,0.0,0.0,0.0,0.0,0.0,0.0,0.0,0.0,0.0,0.0,0.0,0.0,0.0,0.0,7.55,0.0,0.0,0.0,0.0
O=C1NC(Cc2ccc(O)cc2)C(=O)N2CCCC2C(=O)NC(Cc2ccccc2)C(=O)NC1Cc1c[nH]c2ccccc12,0.0,0.0,0.0,0.0,0.0,0.0,0.0,0.0,0.0,0.0,0.0,0.0,0.0,0.0,0.0,0.0,0.0,0.0,0.0,0.0,0.0,6.66,0.0,0.0,0.0,0.0
O=C1NC(Cc2cccc(O)c2)C(=O)N2CCCC2C(=O)NC(Cc2ccccc2)C(=O)NC1Cc1c[nH]c2ccccc12,0.0,0.0,0.0,0.0,0.0,0.0,0.0,0.0,0.0,0.0,0.0,0.0,0.0,0.0,0.0,0.0,0.0,0.0,0.0,0.0,0.0,7.11,0.0,0.0,0.0,0.0
O=C1NC(Cc2ccccc2)C(=O)N2CCCC2C(=O)NC(Cc2ccc(F)cc2)C(=O)NC1Cc1c[nH]c2ccccc12,0.0,0.0,0.0,0.0,0.0,0.0,0.0,0.0,0.0,0.0,0.0,0.0,0.0,0.0,0.0,0.0,0.0,0.0,0.0,0.0,0.0,7.68,0.0,0.0,0.0,0.0
O=C1NC(Cc2ccccc2)C(=O)N2CCCC2C(=O)NC(Cc2ccc(O)cc2)C(=O)NC1Cc1c[nH]c2ccccc12,0.0,0.0,0.0,0.0,0.0,0.0,0.0,0.0,0.0,0.0,0.0,0.0,0.0,0.0,0.0,0.0,0.0,0.0,0.0,0.0,0.0,6.85,0.0,0.0,0.0,0.0
O=C1NC(Cc2ccccc2)C(=O)N2CCCC2C(=O)NC(Cc2cccc(O)c2)C(=O)NC1Cc1c[nH]c2ccccc12,0.0,0.0,0.0,0.0,0.0,0.0,0.0,0.0,0.0,0.0,0.0,0.0,0.0,0.0,0.0,0.0,0.0,0.0,0.0,0.0,0.0,7.7,0.0,0.0,0.0,0.0
O=C1NC(Cc2ccccc2)C(=O)N2CCCC2C(=O)NC(Cc2ccccc2)C(=O)NC1Cc1c[nH]c2ccccc12,0.0,0.0,0.0,0.0,0.0,0.0,0.0,0.0,0.0,0.0,0.0,0.0,0.0,0.0,0.0,0.0,6.45,7.5,0.0,0.0,0.0,8.42,0.0,0.0,0.0,0.0
O=C1NCC(=O)N2CCCC2C(=O)NC(Cc2ccccc2)C(=O)NC1Cc1c[nH]c2ccccc12,0.0,0.0,0.0,0.0,0.0,0.0,0.0,0.0,0.0,0.0,0.0,0.0,0.0,0.0,0.0,0.0,0.0,0.0,0.0,0.0,0.0,6.57,0.0,0.0,0.0,0.0
O=C1NCN(c2ccc(Cl)cc2)C12CCN(C1Cc3cccc4cccc1c34)CC2,0.0,0.0,0.0,0.0,0.0,0.0,0.0,0.0,0.0,0.0,0.0,0.0,0.0,0.0,7.1,0.0,0.0,0.0,0.0,0.0,0.0,0.0,0.0,0.0,0.0,0.0
O=C1NCN(c2ccc(F)cc2)C12CCN(C1Cc3cccc4cccc1c34)CC2,0.0,0.0,0.0,0.0,0.0,0.0,0.0,0.0,0.0,0.0,0.0,0.0,0.0,0.0,7.2,0.0,0.0,0.0,0.0,0.0,0.0,0.0,0.0,0.0,0.0,0.0
O=C1NCN(c2cccc(Br)c2)C12CCN(C1Cc3cccc4cccc1c34)CC2,0.0,0.0,0.0,0.0,0.0,0.0,0.0,0.0,0.0,0.0,0.0,0.0,0.0,0.0,7.1,0.0,0.0,0.0,0.0,0.0,0.0,0.0,0.0,0.0,0.0,0.0
O=C1NCN(c2cccc(Cl)c2)C12CCN(C1Cc3cccc4cccc1c34)CC2,0.0,0.0,0.0,0.0,0.0,0.0,0.0,0.0,0.0,0.0,0.0,0.0,0.0,0.0,7.3,0.0,0.0,0.0,0.0,0.0,0.0,0.0,0.0,0.0,0.0,0.0
O=C1NCN(c2cccc(F)c2)C12CCN(C1Cc3cccc4cccc1c34)CC2,0.0,0.0,0.0,0.0,0.0,0.0,0.0,0.0,0.0,0.0,0.0,0.0,0.0,0.0,7.9,0.0,0.0,0.0,0.0,0.0,0.0,0.0,0.0,0.0,0.0,0.0
O=C1NCN(c2ccccc2)C12CCN(C1CCC3CCCc4cccc1c43)CC2,0.0,0.0,0.0,0.0,0.0,0.0,0.0,0.0,0.0,0.0,0.0,0.0,0.0,0.0,0.0,0.0,0.0,7.05,0.0,0.0,0.0,0.0,0.0,0.0,0.0,0.0
O=C1NCN(c2ccccc2)C12CCN(C1Cc3cccc4cccc1c34)CC2,0.0,0.0,0.0,0.0,0.0,0.0,0.0,0.0,0.0,0.0,0.0,0.0,0.0,0.0,7.7,0.0,0.0,0.0,0.0,0.0,0.0,0.0,0.0,0.0,0.0,0.0
O=C1NCN(c2ccccc2F)C12CCN(C1Cc3cccc4cccc1c34)CC2,0.0,0.0,0.0,0.0,0.0,0.0,0.0,0.0,0.0,0.0,0.0,0.0,0.0,0.0,6.8,0.0,0.0,0.0,0.0,0.0,0.0,0.0,0.0,0.0,0.0,0.0
O=C1c2ccc(O)cc2C23CCCCC2C1N(CC1CCCO1)CC3,0.0,0.0,0.0,0.0,0.0,0.0,0.0,0.0,0.0,0.0,0.0,0.0,0.0,0.0,9.74,0.0,0.0,0.0,0.0,0.0,0.0,0.0,0.0,0.0,0.0,0.0
O=Cc1cc2ccc(C(=O)Nc3cccc4c5c([nH]c34)C3Oc4c(O)ccc6c4C34CCN(CC3CC3)C(C6)C4(O)C5)cc2cc1C=O,0.0,0.0,0.0,0.0,0.0,0.0,0.0,0.0,0.0,0.0,0.0,0.0,0.0,0.0,0.0,0.0,0.0,6.82,0.0,0.0,0.0,0.0,0.0,0.0,0.0,0.0
O=S(=O)(Nc1ccccc1)N1CCC(c2ccccc2)(c2nccn2Cc2ccccc2)CC1,0.0,0.0,0.0,0.0,0.0,0.0,0.0,0.0,0.0,0.0,0.0,0.0,0.0,0.0,6.46,0.0,0.0,0.0,0.0,0.0,0.0,0.0,0.0,0.0,0.0,0.0
O=S(=O)(c1cccc(F)c1)n1ccc2c(N3CCNCC3)nc3ccccc3c21,0.0,0.0,0.0,0.0,0.0,0.0,0.0,0.0,0.0,0.0,0.0,0.0,0.0,0.0,5.49,0.0,0.0,0.0,0.0,0.0,0.0,0.0,0.0,0.0,0.0,0.0
O=S(=O)(c1ccccc1)N1CC2OC34CCC1C2C31CCN(CC2CC2)C4Cc2ccc(O)cc21,0.0,0.0,0.0,0.0,0.0,0.0,0.0,0.0,0.0,0.0,0.0,0.0,0.0,0.0,0.0,0.0,0.0,0.0,0.0,0.0,0.0,9.18,0.0,0.0,0.0,0.0
O=S(=O)(c1ccccc1-c1ccc(CN2CC3CCCC2C3)cc1)N1CCCC1,0.0,0.0,0.0,0.0,0.0,0.0,8.74,0.0,0.0,0.0,0.0,0.0,0.0,0.0,0.0,0.0,0.0,0.0,0.0,0.0,0.0,0.0,0.0,0.0,0.0,0.0
O=S(=O)(c1ccccc1-c1ccc(CN2CC3CCCC2C3)cn1)N1CCCC1,0.0,0.0,0.0,0.0,0.0,0.0,7.08,0.0,0.0,0.0,0.0,0.0,0.0,0.0,0.0,0.0,0.0,0.0,0.0,0.0,0.0,0.0,0.0,0.0,0.0,0.0
O=S(=O)(c1ccccc1-c1ccc(CN2CC3CCCC2C3)nc1)N1CCCC1,0.0,0.0,0.0,0.0,0.0,0.0,7.14,0.0,0.0,0.0,0.0,0.0,0.0,0.0,0.0,0.0,0.0,0.0,0.0,0.0,0.0,0.0,0.0,0.0,0.0,0.0
O=S(=O)(c1ccccc1-c1ccc(CN2CCC(CCO)CC2)c(F)c1)N1CCCCC1,0.0,0.0,0.0,0.0,0.0,0.0,8.06,0.0,0.0,0.0,0.0,0.0,0.0,0.0,0.0,0.0,0.0,0.0,0.0,0.0,0.0,0.0,0.0,0.0,0.0,0.0
O=S(=O)(c1ccccc1-c1ccc(CN2CCC(CCO)CC2)cc1)N1CCCCC1CO,0.0,0.0,0.0,0.0,0.0,0.0,8.96,0.0,0.0,0.0,0.0,0.0,0.0,0.0,0.0,0.0,0.0,0.0,0.0,0.0,0.0,0.0,0.0,0.0,0.0,0.0
O=S(=O)(c1ccccc1-c1ccc(CNC2CCOCC2)cc1)N1CCC(F)(F)C1,0.0,0.0,0.0,0.0,0.0,0.0,7.48,0.0,0.0,0.0,0.0,0.0,0.0,0.0,0.0,0.0,0.0,0.0,0.0,0.0,0.0,0.0,0.0,0.0,0.0,0.0
O=S(=O)(c1ccccc1-c1ccc(CNC2CCOCC2)cc1)N1CCCC1,0.0,0.0,0.0,0.0,0.0,0.0,7.96,0.0,0.0,0.0,0.0,0.0,0.0,0.0,0.0,0.0,0.0,0.0,0.0,0.0,0.0,0.0,0.0,0.0,0.0,0.0
O=S(=O)(c1ccccc1-c1ccc(CNC2c3ccccc3CC2O)cc1)N1CCCCC1,0.0,0.0,0.0,0.0,0.0,0.0,0.0,0.0,0.0,0.0,0.0,0.0,0.0,0.0,8.05,0.0,0.0,0.0,0.0,0.0,0.0,0.0,0.0,0.0,0.0,0.0
O=S(=O)(c1cccnc1-c1ccc(CN2CC3CCCC2C3)cc1)N1CCCC1,0.0,0.0,0.0,0.0,0.0,0.0,7.58,0.0,0.0,0.0,0.0,0.0,0.0,0.0,0.0,0.0,0.0,0.0,0.0,0.0,0.0,0.0,0.0,0.0,0.0,0.0
O=S(=O)(c1ncccc1-c1ccc(CN2CC3CCCC2C3)cc1)N1CCCC1,0.0,0.0,0.0,0.0,0.0,0.0,7.28,0.0,0.0,0.0,0.0,0.0,0.0,0.0,0.0,0.0,0.0,0.0,0.0,0.0,0.0,0.0,0.0,0.0,0.0,0.0
O=[N+]([O-])c1ccc(Oc2ccc3c(c2)C24CCCCC2(O)C(C3)N(CC2CCC2)CC4)cc1,0.0,0.0,0.0,0.0,0.0,0.0,7.55,0.0,0.0,0.0,0.0,0.0,0.0,0.0,0.0,0.0,0.0,0.0,0.0,0.0,0.0,0.0,0.0,0.0,0.0,0.0
O=[N+]([O-])c1cccc(CNc2ccc3c(c2)C24CCCCC2C(C3)N(CC2CCC2)CC4)c1,0.0,0.0,0.0,0.0,0.0,0.0,8.96,0.0,0.0,0.0,0.0,0.0,0.0,0.0,0.0,0.0,0.0,0.0,0.0,0.0,0.0,0.0,0.0,0.0,0.0,0.0
O=c1[nH]c2cc3c(cc2o1)C12CCCCC1C(C3)N(CC1CC1)CC2,7.33,0.0,0.0,0.0,0.0,0.0,0.0,0.0,0.0,0.0,0.0,0.0,0.0,0.0,0.0,0.0,0.0,0.0,0.0,0.0,0.0,0.0,0.0,0.0,0.0,0.0
O=c1[nH]c2cc3c(cc2o1)C12CCCCC1C(C3)N(CC1CCC1)CC2,8.72,0.0,0.0,0.0,0.0,0.0,0.0,0.0,0.0,0.0,0.0,0.0,0.0,0.0,0.0,0.0,0.0,0.0,0.0,0.0,0.0,0.0,0.0,0.0,0.0,0.0
O=c1[nH]c2ccc(N3CCOCC3)cc2n(C2CCN(C3CCCCCCC3)CC2)c1=O,0.0,0.0,0.0,0.0,0.0,0.0,0.0,0.0,0.0,0.0,0.0,0.0,0.0,0.0,0.0,0.0,0.0,6.25,0.0,0.0,0.0,0.0,0.0,0.0,0.0,0.0
O=c1[nH]c2ccccc2n(C2CC3C=CC(C2)N3C2C=CCCCCC2)c1=O,0.0,0.0,0.0,0.0,0.0,0.0,0.0,0.0,0.0,0.0,0.0,0.0,0.0,0.0,0.0,0.0,0.0,6.92,0.0,0.0,0.0,0.0,0.0,0.0,0.0,0.0
O=c1[nH]c2ccccc2n(C2CC3CCCC(C2)N3C2CCCCCCC2)c1=O,0.0,0.0,0.0,0.0,0.0,0.0,0.0,0.0,0.0,0.0,0.0,0.0,0.0,0.0,0.0,0.0,0.0,6.77,0.0,0.0,0.0,0.0,0.0,0.0,0.0,0.0
O=c1[nH]c2ccccc2n(C2CCN(C3CCCCCCC3)CC2)c1=O,0.0,0.0,0.0,0.0,0.0,0.0,0.0,0.0,0.0,0.0,0.0,0.0,0.0,0.0,0.0,0.0,0.0,6.78,0.0,0.0,0.0,0.0,0.0,0.0,0.0,0.0
O=c1[nH]c2ccccc2n(C2CCN(C3Cc4cccc5cccc3c45)CC2)c1=O,0.0,0.0,0.0,0.0,0.0,0.0,0.0,0.0,0.0,0.0,0.0,0.0,0.0,0.0,0.0,0.0,0.0,6.36,0.0,0.0,0.0,0.0,0.0,0.0,0.0,0.0
O=c1[nH]c2ccccc2n1C1CCN(C2(CO)CCCCCCC2)CC1,0.0,0.0,0.0,0.0,0.0,0.0,0.0,0.0,0.0,0.0,0.0,0.0,0.0,0.0,0.0,0.0,0.0,6.62,0.0,0.0,0.0,0.0,0.0,0.0,0.0,0.0
O=c1[nH]c2ncccc2n(C2CCN(C3CCCCCCC3)CC2)c1=O,0.0,0.0,0.0,0.0,0.0,0.0,0.0,0.0,0.0,0.0,0.0,0.0,0.0,0.0,0.0,0.0,0.0,5.88,0.0,0.0,0.0,0.0,0.0,0.0,0.0,0.0
OC(CCC(O)COc1ccc2c(c1)C13CCCCC1C(C2)N(CC1CCC1)CC3)COc1ccc2c(c1)C13CCCCC1C(C2)N(CC1CCC1)CC3,0.0,0.0,0.0,0.0,0.0,0.0,7.92,0.0,0.0,0.0,0.0,0.0,0.0,0.0,0.0,0.0,0.0,0.0,0.0,0.0,0.0,0.0,0.0,0.0,0.0,0.0
OC(CCCC(O)COc1ccc2c(c1)C13CCCCC1C(C2)N(CC1CCC1)CC3)COc1ccc2c(c1)C13CCCCC1C(C2)N(CC1CCC1)CC3,0.0,0.0,0.0,0.0,0.0,0.0,8.01,0.0,0.0,0.0,0.0,0.0,0.0,0.0,0.0,0.0,0.0,0.0,0.0,0.0,0.0,0.0,0.0,0.0,0.0,0.0
OC(CCCCC(O)COc1ccc2c(c1)C13CCCCC1C(C2)N(CC1CCC1)CC3)COc1ccc2c(c1)C13CCCCC1C(C2)N(CC1CCC1)CC3,0.0,0.0,0.0,0.0,0.0,0.0,8.48,0.0,0.0,0.0,0.0,0.0,0.0,0.0,0.0,0.0,0.0,0.0,0.0,0.0,0.0,0.0,0.0,0.0,0.0,0.0
OC(CCCCCC(O)COc1ccc2c(c1)C13CCCCC1C(C2)N(CC1CCC1)CC3)COc1ccc2c(c1)C13CCCCC1C(C2)N(CC1CCC1)CC3,0.0,0.0,0.0,0.0,0.0,0.0,8.41,0.0,0.0,0.0,0.0,0.0,0.0,0.0,0.0,0.0,0.0,0.0,0.0,0.0,0.0,0.0,0.0,0.0,0.0,0.0
OC(CCCCCCC(O)COc1ccc2c(c1)C13CCCCC1C(C2)N(CC1CCC1)CC3)COc1ccc2c(c1)C13CCCCC1C(C2)N(CC1CCC1)CC3,0.0,0.0,0.0,0.0,0.0,0.0,8.85,0.0,0.0,0.0,0.0,0.0,0.0,0.0,0.0,0.0,0.0,0.0,0.0,0.0,0.0,0.0,0.0,0.0,0.0,0.0
OC(COc1ccc(Cc2ccc(OCC(O)COc3ccc4c(c3)C35CCCCC3C(C4)N(CC3CCC3)CC5)cc2)cc1)COc1ccc2c(c1)C13CCCCC1C(C2)N(CC1CCC1)CC3,0.0,0.0,0.0,0.0,0.0,0.0,9.47,0.0,0.0,0.0,0.0,0.0,0.0,0.0,0.0,0.0,0.0,0.0,0.0,0.0,0.0,0.0,0.0,0.0,0.0,0.0
OC(COc1ccc2c(c1)C13CCCCC1C(C2)N(CC1CCC1)CC3)CC(O)COc1ccc2c(c1)C13CCCCC1C(C2)N(CC1CCC1)CC3,0.0,0.0,0.0,0.0,0.0,0.0,9.77,0.0,0.0,0.0,0.0,0.0,0.0,0.0,0.0,0.0,0.0,0.0,0.0,0.0,0.0,0.0,0.0,0.0,0.0,0.0
OC(COc1ccc2c(c1)C13CCCCC1C(C2)N(CC1CCC1)CC3)COc1ccc2c(c1)C13CCCCC1C(C2)N(CC1CCC1)CC3,0.0,0.0,0.0,0.0,0.0,0.0,9.0,0.0,0.0,0.0,0.0,0.0,0.0,0.0,0.0,0.0,0.0,0.0,0.0,0.0,0.0,0.0,0.0,0.0,0.0,0.0
OC(COc1ccccc1)COc1ccc2c(c1)C13CCCCC1C(C2)N(CC1CCC1)CC3,0.0,0.0,0.0,0.0,0.0,0.0,7.66,0.0,0.0,0.0,0.0,0.0,0.0,0.0,0.0,0.0,0.0,0.0,0.0,0.0,0.0,0.0,0.0,0.0,0.0,0.0
OC1(C2CC2)CCN(C(c2ccccc2)c2ccccc2)CC1,0.0,0.0,0.0,0.0,0.0,0.0,4.58,0.0,0.0,0.0,0.0,0.0,0.0,0.0,0.0,0.0,0.0,0.0,0.0,0.0,0.0,0.0,0.0,0.0,0.0,0.0
OC1(C2CCCCC2)CCN(C(c2ccccc2)c2ccccc2)CC1,0.0,0.0,0.0,0.0,0.0,0.0,6.41,0.0,0.0,0.0,0.0,0.0,0.0,0.0,0.0,0.0,0.0,0.0,0.0,0.0,0.0,0.0,0.0,0.0,0.0,0.0
OC1(CCCc2ccccc2)CCN(C(c2ccccc2)c2ccccc2)CC1,0.0,0.0,0.0,0.0,0.0,0.0,5.74,0.0,0.0,0.0,0.0,0.0,0.0,0.0,0.0,0.0,0.0,0.0,0.0,0.0,0.0,0.0,0.0,0.0,0.0,0.0
OC1(Cc2ccccc2)CCN(C(c2ccccc2)c2ccccc2)CC1,0.0,0.0,0.0,0.0,0.0,0.0,5.84,0.0,0.0,0.0,0.0,0.0,0.0,0.0,0.0,0.0,0.0,0.0,0.0,0.0,0.0,0.0,0.0,0.0,0.0,0.0
OC1(c2ccc(Br)cc2)CCN(C(c2ccccc2)c2ccccc2)CC1,0.0,0.0,0.0,0.0,0.0,0.0,5.58,0.0,0.0,0.0,0.0,0.0,0.0,0.0,0.0,0.0,0.0,0.0,0.0,0.0,0.0,0.0,0.0,0.0,0.0,0.0
OC1(c2ccc(Cl)c(C(F)(F)F)c2)CCN(CCCC(c2ccc(F)cc2)c2ccc(F)cc2)CC1,0.0,0.0,0.0,0.0,0.0,0.0,0.0,0.0,0.0,0.0,0.0,0.0,0.0,0.0,0.0,0.0,0.0,0.0,0.0,0.0,0.0,6.0,0.0,0.0,0.0,0.0
OC1(c2ccc(Cl)c(C(F)(F)F)c2)CCN(CCCC(c2ccccc2)c2ccccc2)CC1,0.0,0.0,0.0,0.0,0.0,0.0,0.0,0.0,0.0,0.0,0.0,0.0,0.0,0.0,0.0,0.0,0.0,0.0,0.0,0.0,0.0,5.88,0.0,0.0,0.0,0.0
OC1(c2ccc(Cl)c(C(F)(F)F)c2)CCN(CCCC=C(c2ccc(F)cc2)c2ccc(F)cc2)CC1,0.0,0.0,0.0,0.0,0.0,0.0,0.0,0.0,0.0,0.0,0.0,0.0,0.0,0.0,0.0,0.0,0.0,0.0,0.0,0.0,0.0,5.99,0.0,0.0,0.0,0.0
OC1(c2ccc(Cl)c(C(F)(F)F)c2)CCN(CCCCC(c2ccc(F)cc2)c2ccc(F)cc2)CC1,0.0,0.0,0.0,0.0,0.0,0.0,0.0,0.0,0.0,0.0,0.0,0.0,0.0,0.0,0.0,0.0,0.0,0.0,0.0,0.0,0.0,5.57,0.0,0.0,0.0,0.0
OC1(c2ccc(Cl)c(C(F)(F)F)c2)CCN(CCCCCc2ccc(F)cc2)CC1,0.0,0.0,0.0,0.0,0.0,0.0,0.0,0.0,0.0,0.0,0.0,0.0,0.0,0.0,0.0,0.0,0.0,0.0,0.0,0.0,0.0,5.77,0.0,0.0,0.0,0.0
OC1(c2ccc(Cl)c(C(F)(F)F)c2)CCN(CCCCN(c2ccc(F)cc2)c2ccc(F)cc2)CC1,0.0,0.0,0.0,0.0,0.0,0.0,0.0,0.0,0.0,0.0,0.0,0.0,0.0,0.0,0.0,0.0,0.0,0.0,0.0,0.0,0.0,5.0,0.0,0.0,0.0,0.0
OC1(c2ccc(Cl)c(C(F)(F)F)c2)CCN(CCCN(c2ccc(F)cc2)c2ccc(F)cc2)CC1,0.0,0.0,0.0,0.0,0.0,0.0,0.0,0.0,0.0,0.0,0.0,0.0,0.0,0.0,0.0,0.0,0.0,0.0,0.0,0.0,0.0,6.18,0.0,0.0,0.0,0.0
OC1(c2ccc(Cl)cc2)CCN(C(c2ccccc2)c2ccccc2)CC1,0.0,0.0,0.0,0.0,0.0,0.0,5.77,0.0,0.0,0.0,0.0,0.0,0.0,0.0,0.0,0.0,0.0,0.0,0.0,0.0,0.0,0.0,0.0,0.0,0.0,0.0
OC1(c2ccc(F)cc2)CCN(C(c2ccccc2)c2ccccc2)CC1,0.0,0.0,0.0,0.0,0.0,0.0,6.12,0.0,0.0,0.0,0.0,0.0,0.0,0.0,0.0,0.0,0.0,0.0,0.0,0.0,0.0,0.0,0.0,0.0,0.0,0.0
OC1(c2cccc(F)c2)CCN(C(c2ccccc2)c2ccccc2)CC1,0.0,0.0,0.0,0.0,0.0,0.0,5.7,0.0,0.0,0.0,0.0,0.0,0.0,0.0,0.0,0.0,0.0,0.0,0.0,0.0,0.0,0.0,0.0,0.0,0.0,0.0
OC1(c2ccccc2)CC2CCC(C1)N2C(c1ccccc1Cl)c1ccccc1Cl,0.0,0.0,0.0,0.0,0.0,0.0,6.96,0.0,0.0,0.0,0.0,0.0,0.0,0.0,0.0,0.0,0.0,0.0,0.0,0.0,0.0,0.0,0.0,0.0,0.0,0.0
OC1(c2ccccc2)CCN(C(c2ccc(F)cc2)c2ccc(F)cc2)CC1,0.0,0.0,0.0,0.0,0.0,0.0,6.91,0.0,0.0,0.0,0.0,0.0,0.0,0.0,0.0,0.0,0.0,0.0,0.0,0.0,0.0,0.0,0.0,0.0,0.0,0.0
OC1(c2ccccc2)CCN(C(c2ccccc2)C2CCCC2)CC1,0.0,0.0,0.0,0.0,0.0,0.0,6.51,0.0,0.0,0.0,0.0,0.0,0.0,0.0,0.0,0.0,0.0,0.0,0.0,0.0,0.0,0.0,0.0,0.0,0.0,0.0
OC1(c2ccccc2)CCN(C(c2ccccc2)c2ccc(Br)cc2)CC1,0.0,0.0,0.0,0.0,0.0,0.0,5.61,0.0,0.0,0.0,0.0,0.0,0.0,0.0,0.0,0.0,0.0,0.0,0.0,0.0,0.0,0.0,0.0,0.0,0.0,0.0
OC1(c2ccccc2)CCN(C(c2ccccc2)c2ccc(C(F)(F)F)cc2)CC1,0.0,0.0,0.0,0.0,0.0,0.0,5.37,0.0,0.0,0.0,0.0,0.0,0.0,0.0,0.0,0.0,0.0,0.0,0.0,0.0,0.0,0.0,0.0,0.0,0.0,0.0
OC1(c2ccccc2)CCN(C(c2ccccc2)c2ccc(Cl)cc2)CC1,0.0,0.0,0.0,0.0,0.0,0.0,6.79,0.0,0.0,0.0,0.0,0.0,0.0,0.0,0.0,0.0,0.0,0.0,0.0,0.0,0.0,0.0,0.0,0.0,0.0,0.0
OC1(c2ccccc2)CCN(C(c2ccccc2)c2cccc(C(F)(F)F)c2)CC1,0.0,0.0,0.0,0.0,0.0,0.0,5.18,0.0,0.0,0.0,0.0,0.0,0.0,0.0,0.0,0.0,0.0,0.0,0.0,0.0,0.0,0.0,0.0,0.0,0.0,0.0
OC1(c2ccccc2)CCN(C(c2ccccc2)c2cccc(Cl)c2)CC1,0.0,0.0,0.0,0.0,0.0,0.0,5.71,0.0,0.0,0.0,0.0,0.0,0.0,0.0,0.0,0.0,0.0,0.0,0.0,0.0,0.0,0.0,0.0,0.0,0.0,0.0
OC1(c2ccccc2)CCN(C(c2ccccc2)c2ccccc2Br)CC1,0.0,0.0,0.0,0.0,0.0,0.0,5.94,0.0,0.0,0.0,0.0,0.0,0.0,0.0,0.0,0.0,0.0,0.0,0.0,0.0,0.0,0.0,0.0,0.0,0.0,0.0
OC1(c2ccccc2)CCN(C(c2ccccc2)c2ccccc2C(F)(F)F)CC1,0.0,0.0,0.0,0.0,0.0,0.0,5.87,0.0,0.0,0.0,0.0,0.0,0.0,0.0,0.0,0.0,0.0,0.0,0.0,0.0,0.0,0.0,0.0,0.0,0.0,0.0
OC1(c2ccccc2)CCN(C(c2ccccc2)c2ccccc2Cl)CC1,0.0,0.0,0.0,0.0,0.0,0.0,5.95,0.0,0.0,0.0,0.0,0.0,0.0,0.0,0.0,0.0,0.0,0.0,0.0,0.0,0.0,0.0,0.0,0.0,0.0,0.0
OC1(c2ccccc2)CCN(C(c2ccccc2)c2ccccc2F)CC1,0.0,0.0,0.0,0.0,0.0,0.0,5.83,0.0,0.0,0.0,0.0,0.0,0.0,0.0,0.0,0.0,0.0,0.0,0.0,0.0,0.0,0.0,0.0,0.0,0.0,0.0
OC1(c2ccccc2)CCN(C(c2ccccc2)c2ccccn2)CC1,0.0,0.0,0.0,0.0,0.0,0.0,5.23,0.0,0.0,0.0,0.0,0.0,0.0,0.0,0.0,0.0,0.0,0.0,0.0,0.0,0.0,0.0,0.0,0.0,0.0,0.0
OC1(c2ccccc2)CCN(C(c2ccccc2)c2cccnc2)CC1,0.0,0.0,0.0,0.0,0.0,0.0,5.52,0.0,0.0,0.0,0.0,0.0,0.0,0.0,0.0,0.0,0.0,0.0,0.0,0.0,0.0,0.0,0.0,0.0,0.0,0.0
OC1(c2ccccc2)CCN(C(c2ccccc2)c2cccs2)CC1,0.0,0.0,0.0,0.0,0.0,0.0,6.01,0.0,0.0,0.0,0.0,0.0,0.0,0.0,0.0,0.0,0.0,0.0,0.0,0.0,0.0,0.0,0.0,0.0,0.0,0.0
OC1(c2ccccc2)CCN(C(c2ccccc2Cl)c2ccccc2Cl)CC1,0.0,0.0,0.0,0.0,0.0,0.0,6.2,0.0,0.0,0.0,0.0,0.0,0.0,0.0,0.0,0.0,0.0,0.0,0.0,0.0,0.0,0.0,0.0,0.0,0.0,0.0
OC1(c2ccccc2)CCN(C(c2ccccc2F)c2ccccc2F)CC1,0.0,0.0,0.0,0.0,0.0,0.0,5.93,0.0,0.0,0.0,0.0,0.0,0.0,0.0,0.0,0.0,0.0,0.0,0.0,0.0,0.0,0.0,0.0,0.0,0.0,0.0
OC1(c2ccccc2CN2CCNCC2)CCN(C(c2ccccc2Cl)c2ccccc2Cl)CC1,0.0,0.0,0.0,0.0,0.0,0.0,6.58,0.0,0.0,0.0,0.0,0.0,0.0,0.0,0.0,0.0,0.0,0.0,0.0,0.0,0.0,0.0,0.0,0.0,0.0,0.0
OC1(c2ccccc2CN2CCOCC2)CCN(C(c2ccccc2Cl)c2ccccc2Cl)CC1,0.0,0.0,0.0,0.0,0.0,0.0,6.49,0.0,0.0,0.0,0.0,0.0,0.0,0.0,0.0,0.0,0.0,0.0,0.0,0.0,0.0,0.0,0.0,0.0,0.0,0.0
OC1(c2ccccc2F)CCN(C(c2ccccc2)c2ccccc2)CC1,0.0,0.0,0.0,0.0,0.0,0.0,5.76,0.0,0.0,0.0,0.0,0.0,0.0,0.0,0.0,0.0,0.0,0.0,0.0,0.0,0.0,0.0,0.0,0.0,0.0,0.0
OC1(c2ccccn2)CCN(C(c2ccccc2)c2ccccc2)CC1,0.0,0.0,0.0,0.0,0.0,0.0,4.88,0.0,0.0,0.0,0.0,0.0,0.0,0.0,0.0,0.0,0.0,0.0,0.0,0.0,0.0,0.0,0.0,0.0,0.0,0.0
OC1(c2ccco2)CCN(C(c2ccccc2)c2ccccc2)CC1,0.0,0.0,0.0,0.0,0.0,0.0,5.02,0.0,0.0,0.0,0.0,0.0,0.0,0.0,0.0,0.0,0.0,0.0,0.0,0.0,0.0,0.0,0.0,0.0,0.0,0.0
OC1(c2cccs2)CCN(C(c2ccccc2)c2ccccc2)CC1,0.0,0.0,0.0,0.0,0.0,0.0,5.47,0.0,0.0,0.0,0.0,0.0,0.0,0.0,0.0,0.0,0.0,0.0,0.0,0.0,0.0,0.0,0.0,0.0,0.0,0.0
OC12C3C4CC5C6C4C1C6C(C53)N2Cc1ccc2c(c1)OCO2,0.0,0.0,0.0,0.0,0.0,0.0,0.0,0.0,0.0,0.0,0.0,0.0,0.0,0.0,5.85,0.0,0.0,0.0,0.0,0.0,0.0,0.0,0.0,0.0,0.0,0.0
OC12C3C4CC5C6C4C1C6C(C53)N2Cc1ccccc1,0.0,0.0,0.0,0.0,0.0,0.0,0.0,0.0,0.0,0.0,0.0,0.0,0.0,0.0,6.31,0.0,0.0,0.0,0.0,0.0,0.0,0.0,0.0,0.0,0.0,0.0
OC12CCCCC13CCN(CC1CCC1)C2Cc1ccc(OCCc2ccccc2)cc13,0.0,0.0,0.0,0.0,0.0,0.0,8.05,0.0,0.0,0.0,0.0,0.0,0.0,0.0,0.0,0.0,0.0,0.0,0.0,0.0,0.0,0.0,0.0,0.0,0.0,0.0
OCC1(N2CCC(n3c(N4CC5CN(Cc6ccccc6)CC5C4)nc4ccccc43)CC2)CCCCCCC1,0.0,0.0,0.0,0.0,0.0,0.0,0.0,0.0,0.0,0.0,0.0,0.0,0.0,0.0,0.0,0.0,0.0,7.41,0.0,0.0,0.0,0.0,0.0,0.0,0.0,0.0
OCCCCCCCCCCC(O)c1cc2c(cc1O)C13CCCCC1C(C2)N(CC1CCC1)CC3,0.0,0.0,0.0,0.0,0.0,0.0,7.58,0.0,0.0,0.0,0.0,0.0,0.0,0.0,0.0,0.0,0.0,0.0,0.0,0.0,0.0,0.0,0.0,0.0,0.0,0.0
OCCCOc1ccc2c(c1)C13CCCCC1(O)C(C2)N(CC1CCC1)CC3,0.0,0.0,0.0,0.0,0.0,0.0,8.07,0.0,0.0,0.0,0.0,0.0,0.0,0.0,0.0,0.0,0.0,0.0,0.0,0.0,0.0,0.0,0.0,0.0,0.0,0.0
OCc1cc2c(cc1O)C13CCCCC1C(C2)N(CC1CCC1)CC3,0.0,0.0,0.0,0.0,0.0,0.0,7.07,0.0,0.0,0.0,0.0,0.0,0.0,0.0,0.0,0.0,0.0,0.0,0.0,0.0,0.0,0.0,0.0,0.0,0.0,0.0
OCc1ccccc1C(c1ccccc1)N1CCC(O)(c2ccccc2)CC1,0.0,0.0,0.0,0.0,0.0,0.0,5.93,0.0,0.0,0.0,0.0,0.0,0.0,0.0,0.0,0.0,0.0,0.0,0.0,0.0,0.0,0.0,0.0,0.0,0.0,0.0
OCc1ccccc1C1(O)CCN(C(c2ccccc2)c2ccccc2)CC1,0.0,0.0,0.0,0.0,0.0,0.0,5.56,0.0,0.0,0.0,0.0,0.0,0.0,0.0,0.0,0.0,0.0,0.0,0.0,0.0,0.0,0.0,0.0,0.0,0.0,0.0
OCc1nc2ccccc2n1C1CC2CCCC(C1)N2C1CC2CCCC(C2)C1,0.0,0.0,0.0,0.0,0.0,0.0,0.0,0.0,0.0,0.0,0.0,0.0,0.0,0.0,0.0,6.61,0.0,0.0,0.0,0.0,0.0,0.0,0.0,0.0,0.0,0.0
ON=Cc1cc2c(cc1O)C13CCCCC1C(C2)N(CC1CCC1)CC3,0.0,0.0,0.0,0.0,0.0,0.0,9.21,0.0,0.0,0.0,0.0,0.0,0.0,0.0,0.0,0.0,0.0,0.0,0.0,0.0,0.0,0.0,0.0,0.0,0.0,0.0
Oc1cc2c(cc1C(O)CCCCC(O)c1cc3c(cc1O)C14CCCCC1C(C3)N(CC1CCC1)CC4)CC1C3CCCCC23CCN1CC1CCC1,0.0,0.0,0.0,0.0,0.0,0.0,7.17,0.0,0.0,0.0,0.0,0.0,0.0,0.0,0.0,0.0,0.0,0.0,0.0,0.0,0.0,0.0,0.0,0.0,0.0,0.0
Oc1cc2c(cc1C(O)CCCCCCCCCCC(O)c1cc3c(cc1O)C14CCCCC1C(C3)N(CC1CCC1)CC4)CC1C3CCCCC23CCN1CC1CCC1,0.0,0.0,0.0,0.0,0.0,0.0,7.51,0.0,0.0,0.0,0.0,0.0,0.0,0.0,0.0,0.0,0.0,0.0,0.0,0.0,0.0,0.0,0.0,0.0,0.0,0.0
Oc1cc2c(cc1CNCCCCCCCCNCc1cc3c(cc1O)C14CCCCC1C(C3)N(CC1CCC1)CC4)CC1C3CCCCC23CCN1CC1CCC1,0.0,0.0,0.0,0.0,0.0,0.0,7.4,0.0,0.0,0.0,0.0,0.0,0.0,0.0,0.0,0.0,0.0,0.0,0.0,0.0,0.0,0.0,0.0,0.0,0.0,0.0
Oc1cc2c(cc1CNCCCCCCNCc1cc3c(cc1O)C14CCCCC1C(C3)N(CC1CCC1)CC4)CC1C3CCCCC23CCN1CC1CCC1,0.0,0.0,0.0,0.0,0.0,0.0,7.43,0.0,0.0,0.0,0.0,0.0,0.0,0.0,0.0,0.0,0.0,0.0,0.0,0.0,0.0,0.0,0.0,0.0,0.0,0.0
Oc1cc2c(cc1CNCCCCNCc1cc3c(cc1O)C14CCCCC1C(C3)N(CC1CCC1)CC4)CC1C3CCCCC23CCN1CC1CCC1,0.0,0.0,0.0,0.0,0.0,0.0,8.31,0.0,0.0,0.0,0.0,0.0,0.0,0.0,0.0,0.0,0.0,0.0,0.0,0.0,0.0,0.0,0.0,0.0,0.0,0.0
Oc1ccc(CCC2CCCCN2Cc2ccc(Cl)o2)cc1,0.0,0.0,0.0,0.0,0.0,0.0,0.0,0.0,0.0,0.0,0.0,0.0,0.0,0.0,0.0,0.0,0.0,6.3,0.0,0.0,0.0,0.0,0.0,0.0,0.0,0.0
Oc1ccc(CCN(CCc2cccc(O)c2)CC2CC2)cc1,0.0,0.0,0.0,0.0,0.0,0.0,0.0,0.0,0.0,0.0,0.0,0.0,0.0,0.0,0.0,0.0,0.0,0.0,0.0,0.0,0.0,8.45,0.0,0.0,0.0,0.0
Oc1ccc(CCN(CCc2cccc(O)c2)CC2CCC2)cc1,0.0,0.0,0.0,0.0,0.0,0.0,0.0,0.0,0.0,0.0,0.0,0.0,0.0,0.0,0.0,0.0,0.0,0.0,0.0,0.0,0.0,8.46,0.0,0.0,0.0,0.0
Oc1ccc(CCN(CCc2cccc(O)c2)CC2CCCCC2)cc1,0.0,0.0,0.0,0.0,0.0,0.0,0.0,0.0,0.0,0.0,0.0,0.0,0.0,0.0,0.0,0.0,0.0,0.0,0.0,0.0,0.0,8.73,0.0,0.0,0.0,0.0
Oc1ccc(CCN(CCc2cccc(O)c2F)CC2CCC2)cc1,0.0,0.0,0.0,0.0,0.0,0.0,0.0,0.0,0.0,0.0,0.0,0.0,0.0,0.0,0.0,0.0,0.0,0.0,0.0,0.0,0.0,8.47,0.0,0.0,0.0,0.0
Oc1ccc(CCN(CCc2ccccc2)CC2CC2)cc1,0.0,0.0,0.0,0.0,0.0,0.0,6.66,0.0,0.0,0.0,0.0,0.0,0.0,0.0,0.0,0.0,0.0,0.0,0.0,0.0,0.0,0.0,0.0,0.0,0.0,0.0
Oc1ccc(CCN(CCc2ccccc2)CC2CCC2)cc1,0.0,0.0,0.0,0.0,0.0,0.0,7.44,0.0,0.0,0.0,0.0,0.0,0.0,0.0,0.0,0.0,0.0,0.0,0.0,0.0,0.0,0.0,0.0,0.0,0.0,0.0
Oc1ccc(CN2CCC34CCN(CC5CC5)C(Cc5ccc(O)cc53)C4C2)cc1,0.0,0.0,0.0,0.0,0.0,0.0,0.0,0.0,0.0,0.0,0.0,0.0,0.0,0.0,0.0,0.0,0.0,0.0,0.0,9.01,0.0,0.0,0.0,0.0,0.0,0.0
Oc1ccc(CNc2ccc3c(c2)C24CCCCC2C(C3)N(CC2CC2)CC4)cc1,0.0,0.0,0.0,0.0,0.0,0.0,9.57,0.0,0.0,0.0,0.0,0.0,0.0,0.0,0.0,0.0,0.0,0.0,0.0,0.0,0.0,0.0,0.0,0.0,0.0,0.0
Oc1ccc(CNc2ccc3c(c2)C24CCCCC2C(C3)N(CC2CCC2)CC4)cc1,0.0,0.0,0.0,0.0,0.0,0.0,8.64,0.0,0.0,0.0,0.0,0.0,0.0,0.0,0.0,0.0,0.0,0.0,0.0,0.0,0.0,0.0,0.0,0.0,0.0,0.0
Oc1ccc2c(c1)C1(CCCCCc3ccccc3)CCN(CC3CC3)CC1O2,0.0,0.0,0.0,0.0,0.0,0.0,8.43,0.0,0.0,0.0,0.0,0.0,0.0,0.0,0.0,0.0,0.0,0.0,0.0,0.0,0.0,0.0,0.0,0.0,0.0,0.0
Oc1ccc2c(c1)C1(CCCCCc3ccccc3)CCN(CCc3ccc(C(F)(F)F)cc3)CC1O2,0.0,0.0,0.0,0.0,0.0,0.0,6.53,0.0,0.0,0.0,0.0,0.0,0.0,0.0,0.0,0.0,0.0,0.0,0.0,0.0,0.0,0.0,0.0,0.0,0.0,0.0
Oc1ccc2c(c1)C1(CCCCCc3ccccc3)CCN(CCc3ccc(F)cc3)CC1O2,0.0,0.0,0.0,0.0,0.0,0.0,6.89,0.0,0.0,0.0,0.0,0.0,0.0,0.0,0.0,0.0,0.0,0.0,0.0,0.0,0.0,0.0,0.0,0.0,0.0,0.0
Oc1ccc2c(c1)C1(CCCCCc3ccccc3)CCN(CCc3ccccc3)CC1O2,0.0,0.0,0.0,0.0,0.0,0.0,7.09,0.0,0.0,0.0,0.0,0.0,0.0,0.0,0.0,0.0,0.0,0.0,0.0,0.0,0.0,0.0,0.0,0.0,0.0,0.0
Oc1ccc2c(c1)C1(CCCCCc3ccccc3)CCN(CCc3ccccc3C(F)(F)F)CC1O2,0.0,0.0,0.0,0.0,0.0,0.0,5.95,0.0,0.0,0.0,0.0,0.0,0.0,0.0,0.0,0.0,0.0,0.0,0.0,0.0,0.0,0.0,0.0,0.0,0.0,0.0
Oc1ccc2c(c1)C1(CCCCCc3ccccc3)CCN(CCc3ccccc3F)CC1O2,0.0,0.0,0.0,0.0,0.0,0.0,6.75,0.0,0.0,0.0,0.0,0.0,0.0,0.0,0.0,0.0,0.0,0.0,0.0,0.0,0.0,0.0,0.0,0.0,0.0,0.0
Oc1ccc2c(c1)C1(CCCCc3ccccc3)CCN(CC3CC3)CC1O2,0.0,0.0,0.0,0.0,0.0,0.0,8.8,0.0,0.0,0.0,0.0,0.0,0.0,0.0,0.0,0.0,0.0,0.0,0.0,0.0,0.0,0.0,0.0,0.0,0.0,0.0
Oc1ccc2c(c1)C1(CCCCc3ccccc3)CCN(CCCCc3ccccc3)CC1O2,0.0,0.0,0.0,0.0,0.0,0.0,6.39,0.0,0.0,0.0,0.0,0.0,0.0,0.0,0.0,0.0,0.0,0.0,0.0,0.0,0.0,0.0,0.0,0.0,0.0,0.0
Oc1ccc2c(c1)C1(CCCCc3ccccc3)CCN(CCCc3ccccc3)CC1O2,0.0,0.0,0.0,0.0,0.0,0.0,6.37,0.0,0.0,0.0,0.0,0.0,0.0,0.0,0.0,0.0,0.0,0.0,0.0,0.0,0.0,0.0,0.0,0.0,0.0,0.0
Oc1ccc2c(c1)C1(CCCCc3ccccc3)CCN(CCc3ccc(C(F)(F)F)cc3)CC1O2,0.0,0.0,0.0,0.0,0.0,0.0,6.79,0.0,0.0,0.0,0.0,0.0,0.0,0.0,0.0,0.0,0.0,0.0,0.0,0.0,0.0,0.0,0.0,0.0,0.0,0.0
Oc1ccc2c(c1)C1(CCCCc3ccccc3)CCN(CCc3ccc(F)cc3)CC1O2,0.0,0.0,0.0,0.0,0.0,0.0,6.83,0.0,0.0,0.0,0.0,0.0,0.0,0.0,0.0,0.0,0.0,0.0,0.0,0.0,0.0,0.0,0.0,0.0,0.0,0.0
Oc1ccc2c(c1)C1(CCCCc3ccccc3)CCN(CCc3cccc(C(F)(F)F)c3)CC1O2,0.0,0.0,0.0,0.0,0.0,0.0,5.5,0.0,0.0,0.0,0.0,0.0,0.0,0.0,0.0,0.0,0.0,0.0,0.0,0.0,0.0,0.0,0.0,0.0,0.0,0.0
Oc1ccc2c(c1)C1(CCCCc3ccccc3)CCN(CCc3ccccc3)CC1O2,0.0,0.0,0.0,0.0,0.0,0.0,6.93,0.0,0.0,0.0,0.0,0.0,0.0,0.0,0.0,0.0,0.0,0.0,0.0,0.0,0.0,0.0,0.0,0.0,0.0,0.0
Oc1ccc2c(c1)C1(CCCCc3ccccc3)CCN(CCc3ccccc3C(F)(F)F)CC1O2,0.0,0.0,0.0,0.0,0.0,0.0,5.75,0.0,0.0,0.0,0.0,0.0,0.0,0.0,0.0,0.0,0.0,0.0,0.0,0.0,0.0,0.0,0.0,0.0,0.0,0.0
Oc1ccc2c(c1)C1(CCCCc3ccccc3)CCN(CCc3ccccc3F)CC1O2,0.0,0.0,0.0,0.0,0.0,0.0,6.64,0.0,0.0,0.0,0.0,0.0,0.0,0.0,0.0,0.0,0.0,0.0,0.0,0.0,0.0,0.0,0.0,0.0,0.0,0.0
Oc1ccc2c(c1)C1(CCCc3ccccc3)CCN(CC3CC3)CC1O2,0.0,0.0,0.0,0.0,0.0,0.0,8.85,0.0,0.0,0.0,0.0,0.0,0.0,0.0,0.0,0.0,0.0,0.0,0.0,0.0,0.0,0.0,0.0,0.0,0.0,0.0
Oc1ccc2c(c1)C1(CCCc3ccccc3)CCN(CCCc3ccccc3)CC1O2,0.0,0.0,0.0,0.0,0.0,0.0,7.06,0.0,0.0,0.0,0.0,0.0,0.0,0.0,0.0,0.0,0.0,0.0,0.0,0.0,0.0,0.0,0.0,0.0,0.0,0.0
Oc1ccc2c(c1)C1(CCCc3ccccc3)CCN(CCc3ccc(C(F)(F)F)cc3)CC1O2,0.0,0.0,0.0,0.0,0.0,0.0,6.86,0.0,0.0,0.0,0.0,0.0,0.0,0.0,0.0,0.0,0.0,0.0,0.0,0.0,0.0,0.0,0.0,0.0,0.0,0.0
Oc1ccc2c(c1)C1(CCCc3ccccc3)CCN(CCc3ccc(F)cc3)CC1O2,0.0,0.0,0.0,0.0,0.0,0.0,6.96,0.0,0.0,0.0,0.0,0.0,0.0,0.0,0.0,0.0,0.0,0.0,0.0,0.0,0.0,0.0,0.0,0.0,0.0,0.0
Oc1ccc2c(c1)C1(CCCc3ccccc3)CCN(CCc3cccc(C(F)(F)F)c3)CC1O2,0.0,0.0,0.0,0.0,0.0,0.0,6.04,0.0,0.0,0.0,0.0,0.0,0.0,0.0,0.0,0.0,0.0,0.0,0.0,0.0,0.0,0.0,0.0,0.0,0.0,0.0
Oc1ccc2c(c1)C1(CCCc3ccccc3)CCN(CCc3ccccc3)CC1O2,0.0,0.0,0.0,0.0,0.0,0.0,6.96,0.0,0.0,0.0,0.0,0.0,0.0,0.0,0.0,0.0,0.0,0.0,0.0,0.0,0.0,0.0,0.0,0.0,0.0,0.0
Oc1ccc2c(c1)C1(CCCc3ccccc3)CCN(CCc3ccccc3C(F)(F)F)CC1O2,0.0,0.0,0.0,0.0,0.0,0.0,6.1,0.0,0.0,0.0,0.0,0.0,0.0,0.0,0.0,0.0,0.0,0.0,0.0,0.0,0.0,0.0,0.0,0.0,0.0,0.0
Oc1ccc2c(c1)C1(CCCc3ccccc3)CCN(CCc3ccccc3F)CC1O2,0.0,0.0,0.0,0.0,0.0,0.0,6.8,0.0,0.0,0.0,0.0,0.0,0.0,0.0,0.0,0.0,0.0,0.0,0.0,0.0,0.0,0.0,0.0,0.0,0.0,0.0
Oc1ccc2c(c1)C1(CCc3ccccc3)CCN(CC3CC3)CC1O2,0.0,0.0,0.0,0.0,0.0,0.0,7.8,0.0,0.0,0.0,0.0,0.0,0.0,0.0,0.0,0.0,0.0,0.0,0.0,0.0,0.0,0.0,0.0,0.0,0.0,0.0
Oc1ccc2c(c1)C1(CCc3ccccc3)CCN(CCCc3ccccc3)CC1O2,0.0,0.0,0.0,0.0,0.0,0.0,6.17,0.0,0.0,0.0,0.0,0.0,0.0,0.0,0.0,0.0,0.0,0.0,0.0,0.0,0.0,0.0,0.0,0.0,0.0,0.0
Oc1ccc2c(c1)C1(CCc3ccccc3)CCN(CCc3ccc(C(F)(F)F)cc3)CC1O2,0.0,0.0,0.0,0.0,0.0,0.0,5.61,0.0,0.0,0.0,0.0,0.0,0.0,0.0,0.0,0.0,0.0,0.0,0.0,0.0,0.0,0.0,0.0,0.0,0.0,0.0
Oc1ccc2c(c1)C1(CCc3ccccc3)CCN(CCc3ccc(F)cc3)CC1O2,0.0,0.0,0.0,0.0,0.0,0.0,6.14,0.0,0.0,0.0,0.0,0.0,0.0,0.0,0.0,0.0,0.0,0.0,0.0,0.0,0.0,0.0,0.0,0.0,0.0,0.0
Oc1ccc2c(c1)C1(CCc3ccccc3)CCN(CCc3cccc(C(F)(F)F)c3)CC1O2,0.0,0.0,0.0,0.0,0.0,0.0,6.27,0.0,0.0,0.0,0.0,0.0,0.0,0.0,0.0,0.0,0.0,0.0,0.0,0.0,0.0,0.0,0.0,0.0,0.0,0.0
Oc1ccc2c(c1)C1(CCc3ccccc3)CCN(CCc3ccccc3)CC1O2,0.0,0.0,0.0,0.0,0.0,0.0,6.14,0.0,0.0,0.0,0.0,0.0,0.0,0.0,0.0,0.0,0.0,0.0,0.0,0.0,0.0,0.0,0.0,0.0,0.0,0.0
Oc1ccc2c(c1)C1(CCc3ccccc3)CCN(CCc3ccccc3C(F)(F)F)CC1O2,0.0,0.0,0.0,0.0,0.0,0.0,5.72,0.0,0.0,0.0,0.0,0.0,0.0,0.0,0.0,0.0,0.0,0.0,0.0,0.0,0.0,0.0,0.0,0.0,0.0,0.0
Oc1ccc2c(c1)C1(CCc3ccccc3)CCN(CCc3ccccc3F)CC1O2,0.0,0.0,0.0,0.0,0.0,0.0,6.08,0.0,0.0,0.0,0.0,0.0,0.0,0.0,0.0,0.0,0.0,0.0,0.0,0.0,0.0,0.0,0.0,0.0,0.0,0.0
Oc1ccc2c(c1)C13CCCC(C1)N(CCc1ccccc1)CC3O2,0.0,0.0,0.0,0.0,0.0,0.0,6.25,0.0,0.0,0.0,0.0,0.0,0.0,0.0,0.0,0.0,0.0,0.0,0.0,0.0,0.0,0.0,0.0,0.0,0.0,0.0
Oc1ccc2c(c1)C13CCCCC1(O)C(C2)N(CC1CCC1)CC3,0.0,0.0,0.0,0.0,0.0,0.0,9.92,0.0,0.0,0.0,0.0,0.0,0.0,0.0,0.0,0.0,0.0,0.0,0.0,0.0,0.0,0.0,0.0,0.0,0.0,0.0
Oc1ccc2c(c1)C13CCCCC1C(C2)N(CC1CCC1)CC3,10.1,0.0,0.0,0.0,0.0,0.0,10.1,0.0,0.0,0.0,0.0,0.0,0.0,0.0,10.14,0.0,0.0,0.0,0.0,0.0,0.0,0.0,0.0,0.0,0.0,0.0
Oc1ccc2c(c1)C13CCCCC1C(C2)N(CC1CCCO1)CC3,0.0,0.0,0.0,0.0,0.0,0.0,9.82,0.0,0.0,0.0,0.0,0.0,0.0,0.0,0.0,0.0,0.0,0.0,0.0,0.0,0.0,0.0,0.0,0.0,0.0,0.0
Oc1ccc2c(c1)C13CCN(CC4(O)CC4)CC1(C2)Cc1cc2ccccc2nc1C3,0.0,0.0,0.0,0.0,0.0,0.0,0.0,0.0,0.0,0.0,0.0,0.0,0.0,0.0,6.06,0.0,0.0,0.0,0.0,0.0,0.0,0.0,0.0,0.0,0.0,0.0
Oc1ccc2c(c1)C13CCN(CC4CC4)C(C2)C1(O)CCc1c([nH]c2ccccc12)C3,0.0,0.0,0.0,0.0,0.0,0.0,8.18,0.0,0.0,0.0,0.0,0.0,0.0,0.0,0.0,0.0,0.0,0.0,0.0,0.0,0.0,0.0,0.0,0.0,0.0,0.0
Oc1ccc2c(c1)C13CCN(CC4CC4)C(C2)C1(O)CCc1cc2ccccc2nc1C3,0.0,0.0,0.0,0.0,0.0,0.0,8.37,0.0,0.0,0.0,0.0,0.0,0.0,0.0,0.0,0.0,0.0,0.0,0.0,0.0,0.0,0.0,0.0,0.0,0.0,0.0
Oc1ccc2c(c1)C13CCN(CC4CC4)C(C2)C1(O)Cc1cc2ccccc2nc1C3,0.0,0.0,0.0,0.0,0.0,0.0,8.49,0.0,0.0,0.0,0.0,0.0,0.0,0.0,0.0,0.0,0.0,0.0,0.0,0.0,0.0,0.0,0.0,0.0,0.0,0.0
Oc1ccc2c(c1)C13CCN(CC4CC4)C(C2)C12CCC1C3C(CN1CC1CCCCC1)C2,0.0,0.0,0.0,0.0,0.0,0.0,0.0,0.0,0.0,0.0,0.0,0.0,0.0,0.0,0.0,0.0,0.0,0.0,0.0,0.0,0.0,9.11,0.0,0.0,0.0,0.0
Oc1ccc2c(c1)C13CCN(CC4CC4)C(C2)C12CCC1C3C(CN1Cc1ccccc1)C2,0.0,0.0,0.0,0.0,0.0,0.0,0.0,0.0,0.0,0.0,0.0,0.0,0.0,0.0,0.0,0.0,0.0,0.0,0.0,0.0,0.0,8.37,0.0,0.0,0.0,0.0
Oc1ccc2c(c1)C13CCN(CC4CC4)C(C2)C12CCC1C3C(CN1Cc1ccccc1)O2,0.0,0.0,0.0,0.0,0.0,0.0,0.0,0.0,0.0,0.0,0.0,0.0,0.0,0.0,0.0,0.0,0.0,0.0,0.0,0.0,0.0,8.86,0.0,0.0,0.0,0.0
Oc1ccc2c(c1)C13CCN(CC4CC4)C(C2)C12CCC1C3C(CN1c1ccccc1)C2,0.0,0.0,0.0,0.0,0.0,0.0,0.0,0.0,0.0,0.0,0.0,0.0,0.0,0.0,0.0,0.0,0.0,0.0,0.0,0.0,0.0,8.61,0.0,0.0,0.0,0.0
Oc1ccc2c(c1)C13CCN(CC4CC4)C(C2)C12CCC1C3C(CN1c1cnccn1)C2,0.0,0.0,0.0,0.0,0.0,0.0,0.0,0.0,0.0,0.0,0.0,0.0,0.0,0.0,0.0,0.0,0.0,0.0,0.0,0.0,0.0,9.32,0.0,0.0,0.0,0.0
Oc1ccc2c(c1)C13CCN(CC4CC4)C(C2)C1Cc1c([nH]c2ccccc12)C3,9.19,0.0,0.0,0.0,0.0,0.0,0.0,0.0,0.0,0.0,0.0,0.0,0.0,0.0,0.0,0.0,0.0,0.0,0.0,0.0,0.0,0.0,0.0,0.0,0.0,0.0
Oc1ccc2c(c1)C13CCN(CC4CC4)CC1(C2)Cc1c([nH]c2ccccc12)C3,0.0,0.0,0.0,0.0,0.0,0.0,6.15,0.0,0.0,0.0,0.0,0.0,0.0,0.0,0.0,0.0,0.0,0.0,0.0,0.0,0.0,0.0,0.0,0.0,0.0,0.0
Oc1ccc2c(c1)C13CCN(CC4CC4)CC1(C2)Cc1cc2ccccc2nc1C3,0.0,0.0,0.0,0.0,0.0,0.0,0.0,0.0,0.0,0.0,0.0,0.0,0.0,0.0,7.07,0.0,0.0,0.0,0.0,0.0,0.0,0.0,0.0,0.0,0.0,0.0
Oc1ccc2c(c1)C13CCN(CC4CCC4)C(C2)C1Cc1c([nH]c2ccccc12)C3,9.0,0.0,0.0,0.0,0.0,0.0,0.0,0.0,0.0,0.0,0.0,0.0,0.0,0.0,0.0,0.0,0.0,0.0,0.0,0.0,0.0,0.0,0.0,0.0,0.0,0.0
Oc1ccc2c(c1)C13CCN(CCc4ccccc4)C(CCC1O2)C3,0.0,0.0,0.0,0.0,0.0,0.0,7.11,0.0,0.0,0.0,0.0,0.0,0.0,0.0,0.0,0.0,0.0,0.0,0.0,0.0,0.0,0.0,0.0,0.0,0.0,0.0
Oc1ccc2c(c1)C13CCN(Cc4ccccc4)CC1(C2)Cc1cc2ccccc2nc1C3,0.0,0.0,0.0,0.0,0.0,0.0,0.0,0.0,0.0,0.0,0.0,0.0,0.0,0.0,6.23,0.0,0.0,0.0,0.0,0.0,0.0,0.0,0.0,0.0,0.0,0.0
Oc1ccc2c(c1)C13CCNCC1C(C2)N(CC1CC1)CC3,0.0,0.0,0.0,0.0,0.0,0.0,0.0,0.0,0.0,0.0,0.0,0.0,0.0,0.0,0.0,0.0,0.0,0.0,0.0,9.68,0.0,0.0,0.0,0.0,0.0,0.0
Oc1ccc2c3c1OC1C(O)CCC4(O)C(C2)N(CC2CC2)CCC314,0.0,0.0,0.0,0.0,0.0,0.0,9.32,0.0,0.0,0.0,0.0,0.0,0.0,0.0,0.0,0.0,0.0,0.0,0.0,0.0,0.0,0.0,0.0,0.0,0.0,0.0
Oc1ccc2c3c1OC1C(O)CCC4(O)C(C2)N(CC2CCC2)CCC314,0.0,0.0,0.0,0.0,0.0,0.0,8.66,0.0,0.0,0.0,0.0,0.0,0.0,0.0,0.0,0.0,0.0,0.0,0.0,0.0,0.0,0.0,0.0,0.0,0.0,0.0
Oc1ccc2c3c1OC1CCCC4(O)C(C2)N(CC2CC2)CCC314,0.0,0.0,0.0,0.0,0.0,0.0,9.62,0.0,0.0,0.0,0.0,0.0,0.0,0.0,0.0,0.0,0.0,0.0,0.0,0.0,0.0,0.0,0.0,0.0,0.0,0.0
Oc1ccc2c3c1OC1c4[nH]c5c(c4CC4(O)C(C2)N(CC2CC2)CCC314)CC1(O)C2Cc3ccc(O)c4c3C1(CCN2CC1CC1)C5O4,0.0,0.0,0.0,0.0,0.0,0.0,9.4,0.0,0.0,0.0,0.0,0.0,0.0,0.0,9.82,0.0,0.0,9.47,0.0,0.0,0.0,0.0,0.0,0.0,0.0,0.0
Oc1ccc2c3c1OC1c4[nH]c5ccccc5c4CC4(O)C(C2)N(CC2CC2)CCC314,0.0,0.0,8.0,0.0,0.0,0.0,8.0,0.0,0.0,0.0,0.0,0.0,0.0,0.0,0.0,0.0,0.0,0.0,0.0,0.0,0.0,0.0,0.0,0.0,0.0,0.0
Oc1ccc2c3c1OC1c4[nH]c5ccccc5c4CC4(O)C(C2)N(CCF)CCC314,0.0,0.0,0.0,0.0,0.0,0.0,6.4,0.0,0.0,0.0,0.0,0.0,0.0,0.0,0.0,0.0,0.0,0.0,0.0,0.0,0.0,0.0,0.0,0.0,0.0,0.0
Oc1ccc2c3c1OC1c4c(c(-c5ccccc5)cn4Cc4ccccc4)CC4(O)C(C2)N(CC2CC2)CCC314,0.0,0.0,0.0,0.0,0.0,0.0,6.92,0.0,0.0,0.0,0.0,0.0,0.0,0.0,0.0,0.0,0.0,0.0,0.0,0.0,0.0,0.0,0.0,0.0,0.0,0.0
Oc1ccc2c3c1OC1c4c(c5c(n4CC4CC4)CCCC5)CC4(O)C(C2)N(CC2CC2)CCC314,0.0,0.0,0.0,0.0,0.0,0.0,8.6,0.0,0.0,0.0,0.0,0.0,0.0,0.0,0.0,0.0,0.0,0.0,0.0,0.0,0.0,0.0,0.0,0.0,0.0,0.0
Oc1ccc2c3c1OC1c4c(c5c(n4CC4CCCCC4)CCCC5)CC4(O)C(C2)N(CC2CC2)CCC314,0.0,0.0,0.0,0.0,0.0,0.0,7.6,0.0,0.0,0.0,0.0,0.0,0.0,0.0,0.0,0.0,0.0,0.0,0.0,0.0,0.0,0.0,0.0,0.0,0.0,0.0
Oc1ccc2c3c1OC1c4c(c5c(n4CCc4ccccc4)CCCC5)CC4(O)C(C2)N(CC2CC2)CCC314,0.0,0.0,0.0,0.0,0.0,0.0,8.05,0.0,0.0,0.0,0.0,0.0,0.0,0.0,0.0,0.0,0.0,0.0,0.0,0.0,0.0,0.0,0.0,0.0,0.0,0.0
Oc1ccc2c3c1OC1c4c(c5c(n4Cc4ccccc4)C4Oc6c(O)ccc7c6C46CCN(CC4CC4)C(C7)C6(O)C5)CC4(O)C(C2)N(CC2CC2)CCC314,0.0,0.0,0.0,0.0,0.0,0.0,9.15,0.0,0.0,0.0,0.0,0.0,0.0,0.0,0.0,0.0,0.0,0.0,0.0,0.0,0.0,0.0,0.0,0.0,0.0,0.0
Oc1ccc2c3c1OC1c4c(c5c(n4Cc4ccccc4)CCCC5)CC4(O)C(C2)N(CC2CC2)CCC314,0.0,0.0,0.0,0.0,0.0,0.0,8.2,0.0,0.0,0.0,0.0,0.0,0.0,0.0,0.0,0.0,0.0,0.0,0.0,0.0,0.0,0.0,0.0,0.0,0.0,0.0
Oc1ccc2c3c1OC1c4nc5ccccc5cc4CC4(O)C(C2)N(CC2CC2)CCC314,0.0,0.0,0.0,0.0,0.0,0.0,7.96,0.0,0.0,0.0,0.0,0.0,0.0,0.0,0.0,0.0,0.0,0.0,0.0,0.0,0.0,0.0,0.0,0.0,0.0,0.0
Oc1ccc2c3c1OC1c4nc5ccccc5cc4CC4(O)C(C2)N(CCF)CCC314,0.0,0.0,0.0,0.0,0.0,0.0,6.07,0.0,0.0,0.0,0.0,0.0,0.0,0.0,0.0,0.0,0.0,0.0,0.0,0.0,0.0,0.0,0.0,0.0,0.0,0.0
Oc1ccc2c3c1OC1c4ncc(-c5ccc(Br)cc5)cc4CC4(OCCCc5ccccc5)C(C2)N(CC2CC2)CCC314,0.0,0.0,0.0,0.0,0.0,0.0,7.12,0.0,0.0,0.0,0.0,0.0,0.0,0.0,0.0,0.0,0.0,0.0,0.0,0.0,0.0,0.0,0.0,0.0,0.0,0.0
Oc1ccc2c3c1OC1c4ncc(-c5ccc(Cl)cc5)cc4C=C4C(C2)N(CC2CC2)CCC431,0.0,0.0,0.0,0.0,0.0,0.0,8.22,0.0,0.0,0.0,0.0,0.0,0.0,0.0,0.0,0.0,0.0,0.0,0.0,0.0,0.0,0.0,0.0,0.0,0.0,0.0
Oc1ccc2c3c1OC1c4ncc(-c5ccc(Cl)cc5)cc4CC4(OCC=Cc5ccccc5)C(C2)N(CC2CC2)CCC314,0.0,0.0,0.0,0.0,0.0,0.0,8.48,0.0,0.0,0.0,0.0,0.0,0.0,0.0,0.0,0.0,0.0,0.0,0.0,0.0,0.0,0.0,0.0,0.0,0.0,0.0
Oc1ccc2c3c1OC1c4ncc(-c5ccc(Cl)cc5)cc4CC4(OCCCc5ccccc5)C(C2)N(CC2CC2)CCC314,0.0,0.0,0.0,0.0,0.0,0.0,8.74,0.0,0.0,0.0,0.0,0.0,0.0,0.0,0.0,0.0,0.0,0.0,0.0,0.0,0.0,0.0,0.0,0.0,0.0,0.0
Oc1ccc2c3c1OC1c4ncc(-c5ccc(Cl)cc5)cc4CC4(OCCCc5ccncc5)C(C2)N(CC2CC2)CCC314,0.0,0.0,0.0,0.0,0.0,0.0,7.99,0.0,0.0,0.0,0.0,0.0,0.0,0.0,0.0,0.0,0.0,0.0,0.0,0.0,0.0,0.0,0.0,0.0,0.0,0.0
Oc1ccc2c3c1OC1c4ncc(-c5ccc(Cl)cc5)cc4CC4(OCCOc5ccccc5)C(C2)N(CC2CC2)CCC314,0.0,0.0,0.0,0.0,0.0,0.0,7.67,0.0,0.0,0.0,0.0,0.0,0.0,0.0,0.0,0.0,0.0,0.0,0.0,0.0,0.0,0.0,0.0,0.0,0.0,0.0
Oc1ccc2c3c1OC1c4ncc(-c5ccc(Cl)cc5)cc4CC4(OCc5ccccc5)C(C2)N(CC2CC2)CCC314,0.0,0.0,0.0,0.0,0.0,0.0,8.27,0.0,0.0,0.0,0.0,0.0,0.0,0.0,0.0,0.0,0.0,0.0,0.0,0.0,0.0,0.0,0.0,0.0,0.0,0.0
Oc1ccc2c3c1OC1c4ncc(-c5ccc(F)c(F)c5)cc4CC4(OCCCc5ccccc5)C(C2)N(CC2CC2)CCC314,0.0,0.0,0.0,0.0,0.0,0.0,7.15,0.0,0.0,0.0,0.0,0.0,0.0,0.0,0.0,0.0,0.0,0.0,0.0,0.0,0.0,0.0,0.0,0.0,0.0,0.0
Oc1ccc2c3c1OC1c4ncc(-c5ccc(F)cc5)cc4CC4(OCCCc5ccccc5)C(C2)N(CC2CC2)CCC314,0.0,0.0,0.0,0.0,0.0,0.0,8.18,0.0,0.0,0.0,0.0,0.0,0.0,0.0,0.0,0.0,0.0,0.0,0.0,0.0,0.0,0.0,0.0,0.0,0.0,0.0
Oc1ccc2c3c1OC1c4ncc(-c5ccc(F)cc5F)cc4CC4(OCCCc5ccccc5)C(C2)N(CC2CC2)CCC314,0.0,0.0,0.0,0.0,0.0,0.0,7.45,0.0,0.0,0.0,0.0,0.0,0.0,0.0,0.0,0.0,0.0,0.0,0.0,0.0,0.0,0.0,0.0,0.0,0.0,0.0
Oc1ccc2c3c1OC1c4ncc(-c5ccccc5)cc4CC4(OCCCC5CCCCC5)C(C2)N(CC2CC2)CCC314,0.0,0.0,0.0,0.0,0.0,0.0,7.24,0.0,0.0,0.0,0.0,0.0,0.0,0.0,0.0,0.0,0.0,0.0,0.0,0.0,0.0,0.0,0.0,0.0,0.0,0.0
Oc1ccc2c3c1OC1c4ncc(-c5ccccc5)cc4CC4(OCCCC5CCOCC5)C(C2)N(CC2CC2)CCC314,0.0,0.0,0.0,0.0,0.0,0.0,7.61,0.0,0.0,0.0,0.0,0.0,0.0,0.0,0.0,0.0,0.0,0.0,0.0,0.0,0.0,0.0,0.0,0.0,0.0,0.0
Oc1ccc2c3c1OC1c4ncc(-c5ccccc5)cc4CC4(OCCCCc5ccccc5)C(C2)N(CC2CC2)CCC314,0.0,0.0,0.0,0.0,0.0,0.0,7.24,0.0,0.0,0.0,0.0,0.0,0.0,0.0,0.0,0.0,0.0,0.0,0.0,0.0,0.0,0.0,0.0,0.0,0.0,0.0
Oc1ccc2c3c1OC1c4ncc(-c5ccccc5)cc4CC4(OCCCc5ccc(F)cc5)C(C2)N(CC2CC2)CCC314,0.0,0.0,0.0,0.0,0.0,0.0,7.22,0.0,0.0,0.0,0.0,0.0,0.0,0.0,0.0,0.0,0.0,0.0,0.0,0.0,0.0,0.0,0.0,0.0,0.0,0.0
Oc1ccc2c3c1OC1c4ncc(-c5ccccc5)cc4CC4(OCCCc5ccccc5)C(C2)N(CC2CC2)CCC314,0.0,0.0,0.0,0.0,0.0,0.0,6.88,0.0,0.0,0.0,0.0,0.0,0.0,0.0,0.0,0.0,0.0,0.0,0.0,0.0,0.0,0.0,0.0,0.0,0.0,0.0
Oc1ccc2c3c1OC1c4ncc(-c5ccccc5)cc4CC4(OCCCc5ccccn5)C(C2)N(CC2CC2)CCC314,0.0,0.0,0.0,0.0,0.0,0.0,8.28,0.0,0.0,0.0,0.0,0.0,0.0,0.0,0.0,0.0,0.0,0.0,0.0,0.0,0.0,0.0,0.0,0.0,0.0,0.0
Oc1ccc2c3c1OC1c4ncc(-c5ccccc5)cc4CC4(OCCCc5ccncc5)C(C2)N(CC2CC2)CCC314,0.0,0.0,0.0,0.0,0.0,0.0,7.66,0.0,0.0,0.0,0.0,0.0,0.0,0.0,0.0,0.0,0.0,0.0,0.0,0.0,0.0,0.0,0.0,0.0,0.0,0.0
Oc1ccc2c3c1OC1c4ncc(-c5ccccc5C5CC5)cc4CC4(OCCCc5ccccc5)C(C2)N(CC2CC2)CCC314,0.0,0.0,0.0,0.0,0.0,0.0,6.76,0.0,0.0,0.0,0.0,0.0,0.0,0.0,0.0,0.0,0.0,0.0,0.0,0.0,0.0,0.0,0.0,0.0,0.0,0.0
Oc1ccc2c3c1OC1c4ncc(-c5ccccn5)cc4CC4(OCCCc5ccccc5)C(C2)N(CC2CC2)CCC314,0.0,0.0,0.0,0.0,0.0,0.0,7.72,0.0,0.0,0.0,0.0,0.0,0.0,0.0,0.0,0.0,0.0,0.0,0.0,0.0,0.0,0.0,0.0,0.0,0.0,0.0
Oc1ccc2c3c1OC1c4ncc(-c5cccnc5)cc4CC4(OCCCc5ccccc5)C(C2)N(CC2CC2)CCC314,0.0,0.0,0.0,0.0,0.0,0.0,7.56,0.0,0.0,0.0,0.0,0.0,0.0,0.0,0.0,0.0,0.0,0.0,0.0,0.0,0.0,0.0,0.0,0.0,0.0,0.0
Oc1ccc2c3c1OC1c4ncc(-c5ccncc5)cc4CC4(OCCCc5ccccc5)C(C2)N(CC2CC2)CCC314,0.0,0.0,0.0,0.0,0.0,0.0,7.8,0.0,0.0,0.0,0.0,0.0,0.0,0.0,0.0,0.0,0.0,0.0,0.0,0.0,0.0,0.0,0.0,0.0,0.0,0.0
Oc1ccc2c3c1OC1c4ncc(-c5ccncn5)cc4CC4(OCCCc5ccccc5)C(C2)N(CC2CC2)CCC314,0.0,0.0,0.0,0.0,0.0,0.0,7.51,0.0,0.0,0.0,0.0,0.0,0.0,0.0,0.0,0.0,0.0,0.0,0.0,0.0,0.0,0.0,0.0,0.0,0.0,0.0
Oc1ccc2c3c1OC1c4ncc(-c5cn[nH]c5)cc4CC4(OCCCc5ccccc5)C(C2)N(CC2CC2)CCC314,0.0,0.0,0.0,0.0,0.0,0.0,7.53,0.0,0.0,0.0,0.0,0.0,0.0,0.0,0.0,0.0,0.0,0.0,0.0,0.0,0.0,0.0,0.0,0.0,0.0,0.0
Oc1ccc2c3c1OC1c4ncc(-c5cnccn5)cc4CC4(OCCCc5ccccc5)C(C2)N(CC2CC2)CCC314,0.0,0.0,0.0,0.0,0.0,0.0,7.7,0.0,0.0,0.0,0.0,0.0,0.0,0.0,0.0,0.0,0.0,0.0,0.0,0.0,0.0,0.0,0.0,0.0,0.0,0.0
Oc1ccc2c3c1OC1c4ncc(-c5cncnc5)cc4CC4(OCCCc5ccccc5)C(C2)N(CC2CC2)CCC314,0.0,0.0,0.0,0.0,0.0,0.0,7.61,0.0,0.0,0.0,0.0,0.0,0.0,0.0,0.0,0.0,0.0,0.0,0.0,0.0,0.0,0.0,0.0,0.0,0.0,0.0
Oc1ccc2c3c1OC1c4ncc(-n5cccc5)cc4CC4(OCCCc5ccccc5)C(C2)N(CC2CC2)CCC314,0.0,0.0,0.0,0.0,0.0,0.0,7.86,0.0,0.0,0.0,0.0,0.0,0.0,0.0,0.0,0.0,0.0,0.0,0.0,0.0,0.0,0.0,0.0,0.0,0.0,0.0
Oc1cccc(-c2cnc3c(c2)CC2(OCCCc4ccccc4)C4Cc5ccc(O)c6c5C2(CCN4CC2CC2)C3O6)c1,0.0,0.0,0.0,0.0,0.0,0.0,7.74,0.0,0.0,0.0,0.0,0.0,0.0,0.0,0.0,0.0,0.0,0.0,0.0,0.0,0.0,0.0,0.0,0.0,0.0,0.0
Oc1cccc(C(O)CNCc2c(Cl)cccc2Cl)c1,0.0,0.0,0.0,0.0,0.0,0.0,0.0,0.0,0.0,0.0,0.0,0.0,0.0,0.0,0.0,0.0,0.0,5.58,0.0,0.0,0.0,0.0,0.0,0.0,0.0,0.0
Oc1cccc(C(O)CNCc2ccc(Cl)cc2Cl)c1,0.0,0.0,0.0,0.0,0.0,0.0,0.0,0.0,0.0,0.0,0.0,0.0,0.0,0.0,0.0,0.0,0.0,7.08,0.0,0.0,0.0,6.64,0.0,0.0,0.0,0.0
Oc1cccc(C23CCCC(C2)N(CC2CC2c2ccccc2)CC3)c1,0.0,0.0,0.0,0.0,0.0,0.0,7.14,0.0,0.0,0.0,0.0,0.0,0.0,0.0,0.0,0.0,0.0,0.0,0.0,0.0,0.0,0.0,0.0,0.0,0.0,0.0
Oc1cccc(C23CCCC(C2)N(CC=Cc2ccccc2)CC3)c1,0.0,0.0,0.0,0.0,0.0,0.0,6.91,0.0,0.0,0.0,0.0,0.0,0.0,0.0,0.0,0.0,0.0,0.0,0.0,0.0,0.0,0.0,0.0,0.0,0.0,0.0
Oc1cccc(C23CCCC(C2)N(CCc2ccccc2)CC3O)c1,0.0,0.0,0.0,0.0,0.0,0.0,6.22,0.0,0.0,0.0,0.0,0.0,0.0,0.0,0.0,0.0,0.0,0.0,0.0,0.0,0.0,0.0,0.0,0.0,0.0,0.0
Oc1cccc(C23CCCC(C2O)N(CCc2ccccc2)CC3)c1,0.0,0.0,0.0,0.0,0.0,0.0,6.74,0.0,0.0,0.0,0.0,0.0,0.0,0.0,0.0,0.0,0.0,0.0,0.0,0.0,0.0,0.0,0.0,0.0,0.0,0.0
Oc1cccc(C23CCN(CCc4ccccc4)C(C2)C2CCCCC2C3)c1,0.0,0.0,0.0,0.0,0.0,0.0,7.09,0.0,0.0,0.0,0.0,0.0,0.0,0.0,0.0,0.0,0.0,0.0,0.0,0.0,0.0,0.0,0.0,0.0,0.0,0.0
Oc1cccc(C23CCN(CCc4ccccc4)C(CC(O)C2)C3)c1,0.0,0.0,0.0,0.0,0.0,0.0,6.87,0.0,0.0,0.0,0.0,0.0,0.0,0.0,0.0,0.0,0.0,0.0,0.0,0.0,0.0,0.0,0.0,0.0,0.0,0.0
Oc1cccc(C23CCN(CCc4ccccc4)C(CC(c4ccccc4)C2)C3)c1,0.0,0.0,0.0,0.0,0.0,0.0,8.39,0.0,0.0,0.0,0.0,0.0,0.0,0.0,0.0,0.0,0.0,0.0,0.0,0.0,0.0,0.0,0.0,0.0,0.0,0.0
Oc1cccc(CCN(CCc2cccc(O)c2)CC2CC2)c1,0.0,0.0,0.0,0.0,0.0,0.0,0.0,0.0,0.0,0.0,0.0,0.0,0.0,0.0,0.0,0.0,0.0,0.0,0.0,0.0,0.0,8.34,0.0,0.0,0.0,0.0
Oc1cccc(CCN(CCc2cccc(O)c2)CC2CCC2)c1,0.0,0.0,0.0,0.0,0.0,0.0,0.0,0.0,0.0,0.0,0.0,0.0,0.0,0.0,0.0,0.0,0.0,0.0,0.0,0.0,0.0,9.42,0.0,0.0,0.0,0.0
Oc1cccc(CCN(CCc2cccc(O)c2)CC2CCCC2)c1,0.0,0.0,0.0,0.0,0.0,0.0,0.0,0.0,0.0,0.0,0.0,0.0,0.0,0.0,0.0,0.0,0.0,0.0,0.0,0.0,0.0,9.51,0.0,0.0,0.0,0.0
Oc1cccc(CCN(CCc2cccc(O)c2)CC2CCCCC2)c1,0.0,0.0,0.0,0.0,0.0,0.0,0.0,0.0,0.0,0.0,0.0,0.0,0.0,0.0,0.0,0.0,0.0,0.0,0.0,0.0,0.0,9.85,0.0,0.0,0.0,0.0
Oc1cccc(CCN(CCc2cccc(O)c2F)CC2CCC2)c1,0.0,0.0,0.0,0.0,0.0,0.0,0.0,0.0,0.0,0.0,0.0,0.0,0.0,0.0,0.0,0.0,0.0,0.0,0.0,0.0,0.0,9.92,0.0,0.0,0.0,0.0
Oc1cccc(CCN(CCc2ccccc2)C2CCC2)c1,0.0,0.0,0.0,0.0,0.0,0.0,0.0,0.0,0.0,0.0,0.0,0.0,0.0,0.0,0.0,0.0,0.0,0.0,0.0,0.0,0.0,7.99,0.0,0.0,0.0,0.0
Oc1cccc(CCN(CCc2ccccc2)CC2CC2)c1,0.0,0.0,0.0,0.0,0.0,0.0,8.23,0.0,0.0,0.0,0.0,0.0,0.0,0.0,0.0,0.0,0.0,0.0,0.0,0.0,0.0,0.0,0.0,0.0,0.0,0.0
Oc1cccc(CCN(CCc2ccccc2)CC2CCC2)c1,0.0,0.0,0.0,0.0,0.0,0.0,9.31,0.0,0.0,0.0,0.0,0.0,0.0,0.0,0.0,0.0,0.0,0.0,0.0,0.0,0.0,0.0,0.0,0.0,0.0,0.0
Oc1cccc(CCN(CCc2ccccc2)CC2CCC2)c1F,0.0,0.0,0.0,0.0,0.0,0.0,0.0,0.0,0.0,0.0,0.0,0.0,0.0,0.0,0.0,0.0,0.0,0.0,0.0,0.0,0.0,10.14,0.0,0.0,0.0,0.0
Oc1cccc(CCN(CCc2ccccc2)CC2CCCC2)c1,0.0,0.0,0.0,0.0,0.0,0.0,0.0,0.0,0.0,0.0,0.0,0.0,0.0,0.0,0.0,0.0,0.0,0.0,0.0,0.0,0.0,10.77,0.0,0.0,0.0,0.0
Oc1cccc(CCN(CCc2ccccc2)CC2CCCCC2)c1,0.0,0.0,0.0,0.0,0.0,0.0,0.0,0.0,0.0,0.0,0.0,0.0,0.0,0.0,0.0,0.0,0.0,0.0,0.0,0.0,0.0,10.21,0.0,0.0,0.0,0.0
Oc1cccc(CCN(CCc2ccccc2)CC2CCCCC2)c1F,0.0,0.0,0.0,0.0,0.0,0.0,0.0,0.0,0.0,0.0,0.0,0.0,0.0,0.0,0.0,0.0,0.0,0.0,0.0,0.0,0.0,10.4,0.0,0.0,0.0,0.0
Oc1cccc(CCN(CCc2ccccc2)Cc2ccccc2)c1,0.0,0.0,0.0,0.0,0.0,0.0,0.0,0.0,0.0,0.0,0.0,0.0,0.0,0.0,0.0,0.0,0.0,0.0,0.0,0.0,0.0,9.15,0.0,0.0,0.0,0.0
Oc1cccc(CNCc2cc3ccccc3[nH]2)c1,0.0,0.0,0.0,0.0,0.0,0.0,0.0,0.0,0.0,0.0,0.0,0.0,0.0,0.0,0.0,0.0,0.0,6.17,0.0,0.0,0.0,0.0,0.0,0.0,0.0,0.0
Oc1cccc(CNc2ccc3c(c2)C24CCCCC2C(C3)N(CC2CC2)CC4)c1,0.0,0.0,0.0,0.0,0.0,0.0,9.44,0.0,0.0,0.0,0.0,0.0,0.0,0.0,0.0,0.0,0.0,0.0,0.0,0.0,0.0,0.0,0.0,0.0,0.0,0.0
Oc1cccc(CNc2ccc3c(c2)C24CCCCC2C(C3)N(CC2CCC2)CC4)c1,0.0,0.0,0.0,0.0,0.0,0.0,8.72,0.0,0.0,0.0,0.0,0.0,0.0,0.0,0.0,0.0,0.0,0.0,0.0,0.0,0.0,0.0,0.0,0.0,0.0,0.0
Oc1cccc(CNc2ccc3c(c2)CC2C4CCCCC34CCN2CC2CC2)c1,0.0,0.0,0.0,0.0,0.0,0.0,9.0,0.0,0.0,0.0,0.0,0.0,0.0,0.0,0.0,0.0,0.0,0.0,0.0,0.0,0.0,0.0,0.0,0.0,0.0,0.0
Oc1cccc(CNc2nc3cc4c(cc3s2)CC2C3CCCCC43CCN2CC2CC2)c1,0.0,0.0,0.0,0.0,0.0,0.0,8.46,0.0,0.0,0.0,0.0,0.0,0.0,0.0,0.0,0.0,0.0,0.0,0.0,0.0,0.0,0.0,0.0,0.0,0.0,0.0
Oc1cccc2c1OC1CCC3CC21CCN3CCc1ccccc1,0.0,0.0,0.0,0.0,0.0,0.0,7.58,0.0,0.0,0.0,0.0,0.0,0.0,0.0,0.0,0.0,0.0,0.0,0.0,0.0,0.0,0.0,0.0,0.0,0.0,0.0
Oc1cccc2c1OC1CCCC3CN(CC4CC4)CCC231,0.0,0.0,0.0,0.0,0.0,0.0,10.0,0.0,0.0,0.0,0.0,0.0,0.0,0.0,0.0,0.0,0.0,0.0,0.0,0.0,0.0,0.0,0.0,0.0,0.0,0.0
Oc1cccc2c1OC1CN(CCc3ccccc3)C3CCCC21C3,0.0,0.0,0.0,0.0,0.0,0.0,6.7,0.0,0.0,0.0,0.0,0.0,0.0,0.0,0.0,0.0,0.0,0.0,0.0,0.0,0.0,0.0,0.0,0.0,0.0,0.0
Oc1ccccc1CNc1ccc2c(c1)C13CCCCC1C(C2)N(CC1CC1)CC3,0.0,0.0,0.0,0.0,0.0,0.0,9.59,0.0,0.0,0.0,0.0,0.0,0.0,0.0,0.0,0.0,0.0,0.0,0.0,0.0,0.0,0.0,0.0,0.0,0.0,0.0
Oc1ccccc1CNc1ccc2c(c1)C13CCCCC1C(C2)N(CC1CCC1)CC3,0.0,0.0,0.0,0.0,0.0,0.0,8.77,0.0,0.0,0.0,0.0,0.0,0.0,0.0,0.0,0.0,0.0,0.0,0.0,0.0,0.0,0.0,0.0,0.0,0.0,0.0
c1c2c(cc3sc(NCCCCCCCCCCNc4nc5cc6c(cc5s4)CC4C5CCCCC65CCN4CC4CC4)nc13)CC1C3CCCCC23CCN1CC1CC1,0.0,0.0,0.0,0.0,0.0,0.0,9.57,0.0,0.0,0.0,0.0,0.0,0.0,0.0,0.0,0.0,0.0,0.0,0.0,0.0,0.0,0.0,0.0,0.0,0.0,0.0
c1c2c(cc3sc(NN4CCNCC4)nc13)CC1C3CCCCC23CCN1CC1CC1,0.0,0.0,0.0,0.0,0.0,0.0,6.96,0.0,0.0,0.0,0.0,0.0,0.0,0.0,0.0,0.0,0.0,0.0,0.0,0.0,0.0,0.0,0.0,0.0,0.0,0.0
c1cc2c(cc1CNc1ccc3c(c1)C14CCCCC1C(C3)N(CC1CC1)CC4)OCO2,0.0,0.0,0.0,0.0,0.0,0.0,9.28,0.0,0.0,0.0,0.0,0.0,0.0,0.0,0.0,0.0,0.0,0.0,0.0,0.0,0.0,0.0,0.0,0.0,0.0,0.0
c1cc2c(cc1CNc1ccc3c(c1)C14CCCCC1C(C3)N(CC1CCC1)CC4)OCO2,0.0,0.0,0.0,0.0,0.0,0.0,8.96,0.0,0.0,0.0,0.0,0.0,0.0,0.0,0.0,0.0,0.0,0.0,0.0,0.0,0.0,0.0,0.0,0.0,0.0,0.0
c1cc2c(cc1OCC1CO1)C13CCCCC1C(C2)N(CC1CCC1)CC3,0.0,0.0,0.0,0.0,0.0,0.0,7.44,0.0,0.0,0.0,0.0,0.0,0.0,0.0,0.0,0.0,0.0,0.0,0.0,0.0,0.0,0.0,0.0,0.0,0.0,0.0
c1cc2c(cc1OCCCCCCCCCCOc1ccc3c(c1)C14CCCCC1C(C3)N(CC1CCC1)CC4)C13CCCCC1C(C2)N(CC1CCC1)CC3,0.0,0.0,0.0,0.0,0.0,0.0,6.92,0.0,0.0,0.0,0.0,0.0,0.0,0.0,0.0,0.0,0.0,0.0,0.0,0.0,0.0,0.0,0.0,0.0,0.0,0.0
c1cc2c(cc1OCCCCOc1ccc3c(c1)C14CCCCC1C(C3)N(CC1CCC1)CC4)C13CCCCC1C(C2)N(CC1CCC1)CC3,0.0,0.0,0.0,0.0,0.0,0.0,7.75,0.0,0.0,0.0,0.0,0.0,0.0,0.0,0.0,0.0,0.0,0.0,0.0,0.0,0.0,0.0,0.0,0.0,0.0,0.0
c1cc2c(cc1OCCCOc1ccc3c(c1)C14CCCCC1C(C3)N(CC1CCC1)CC4)C13CCCCC1C(C2)N(CC1CCC1)CC3,0.0,0.0,0.0,0.0,0.0,0.0,8.21,0.0,0.0,0.0,0.0,0.0,0.0,0.0,0.0,0.0,0.0,0.0,0.0,0.0,0.0,0.0,0.0,0.0,0.0,0.0
c1cc2c3c(cccc3c1)C(N1CCC(c3c[nH]c4ncccc34)CC1)C2,0.0,0.0,0.0,0.0,0.0,0.0,0.0,0.0,0.0,0.0,0.0,0.0,0.0,0.0,0.0,0.0,0.0,5.56,0.0,0.0,0.0,0.0,0.0,0.0,0.0,0.0
c1ccc(CCN(CCc2ccccc2)CC2CCC2)cc1,0.0,0.0,0.0,0.0,0.0,0.0,0.0,0.0,0.0,0.0,0.0,0.0,0.0,0.0,0.0,0.0,0.0,0.0,0.0,0.0,0.0,7.1,0.0,0.0,0.0,0.0
c1ccc(CN2CCC(Nc3nc4ccccc4o3)C2)cc1,0.0,0.0,0.0,0.0,0.0,0.0,0.0,0.0,0.0,0.0,0.0,0.0,0.0,0.0,0.0,0.0,0.0,5.59,0.0,0.0,0.0,0.0,0.0,0.0,0.0,0.0
c1ccc(CNC2C3C4CC5C6C4CC3C6C52)cc1,0.0,0.0,0.0,0.0,0.0,0.0,0.0,0.0,0.0,0.0,0.0,0.0,0.0,0.0,5.31,0.0,0.0,0.0,0.0,0.0,0.0,0.0,0.0,0.0,0.0,0.0
c1ccc(CNc2ccc3c(c2)C24CCCCC2C(C3)N(CC2CC2)CC4)cc1,0.0,0.0,0.0,0.0,0.0,0.0,9.47,0.0,0.0,0.0,0.0,0.0,0.0,0.0,0.0,0.0,0.0,0.0,0.0,0.0,0.0,0.0,0.0,0.0,0.0,0.0
c1ccc(CNc2ccc3c(c2)C24CCCCC2C(C3)N(CC2CCC2)CC4)cc1,0.0,0.0,0.0,0.0,0.0,0.0,8.55,0.0,0.0,0.0,0.0,0.0,0.0,0.0,0.0,0.0,0.0,0.0,0.0,0.0,0.0,0.0,0.0,0.0,0.0,0.0
c1ccc(CNc2nc3cc4c(cc3s2)CC2C3CCCCC43CCN2CC2CC2)cc1,0.0,0.0,0.0,0.0,0.0,0.0,8.68,0.0,0.0,0.0,0.0,0.0,0.0,0.0,0.0,0.0,0.0,0.0,0.0,0.0,0.0,0.0,0.0,0.0,0.0,0.0
c1ccc(COC2(c3ccccc3)CCN(C(c3ccccc3)c3ccccc3)CC2)cc1,0.0,0.0,0.0,0.0,0.0,0.0,4.87,0.0,0.0,0.0,0.0,0.0,0.0,0.0,0.0,0.0,0.0,0.0,0.0,0.0,0.0,0.0,0.0,0.0,0.0,0.0
c1ccc(Cn2ccnc2C2(c3ccccc3)CCN(c3ncccn3)CC2)cc1,0.0,0.0,0.0,0.0,0.0,0.0,0.0,0.0,0.0,0.0,0.0,0.0,0.0,0.0,6.3,0.0,0.0,0.0,0.0,0.0,0.0,0.0,0.0,0.0,0.0,0.0
c1ccc(Cn2ccnc2C2(c3ccccc3)CCN(c3nccs3)CC2)cc1,0.0,0.0,0.0,0.0,0.0,0.0,0.0,0.0,0.0,0.0,0.0,0.0,0.0,0.0,5.6,0.0,0.0,0.0,0.0,0.0,0.0,0.0,0.0,0.0,0.0,0.0
c1ccc(Nc2ccc3c(c2)C24CCCCC2C(C3)N(CC2CC2)CC4)cc1,0.0,0.0,0.0,0.0,0.0,0.0,10.33,0.0,0.0,0.0,0.0,0.0,0.0,0.0,0.0,0.0,0.0,0.0,0.0,0.0,0.0,0.0,0.0,0.0,0.0,0.0
c1ccc(Nc2ccc3c(c2)C24CCCCC2C(C3)N(CC2CCC2)CC4)cc1,0.0,0.0,0.0,0.0,0.0,0.0,8.82,0.0,0.0,0.0,0.0,0.0,0.0,0.0,0.0,0.0,0.0,0.0,0.0,0.0,0.0,0.0,0.0,0.0,0.0,0.0
c1ccc(Nc2nc3cc4c(cc3s2)CC2C3CCCCC43CCN2CC2CC2)cc1,0.0,0.0,0.0,0.0,0.0,0.0,7.68,0.0,0.0,0.0,0.0,0.0,0.0,0.0,0.0,0.0,0.0,0.0,0.0,0.0,0.0,0.0,0.0,0.0,0.0,0.0
c1ccc(Nc2nc3cc4c(cc3s2)CC2C3CCCCC43CCN2CC2CC2)nc1,0.0,0.0,0.0,0.0,0.0,0.0,7.02,0.0,0.0,0.0,0.0,0.0,0.0,0.0,0.0,0.0,0.0,0.0,0.0,0.0,0.0,0.0,0.0,0.0,0.0,0.0
c1ccc2c(CN3CCC(c4c[nH]c5ncccc45)CC3)cccc2c1,0.0,0.0,0.0,0.0,0.0,0.0,0.0,0.0,0.0,0.0,0.0,0.0,0.0,0.0,0.0,0.0,0.0,6.15,0.0,0.0,0.0,0.0,0.0,0.0,0.0,0.0
c1ccc2c(c1)CCOC21CCCC(NCC2CCCCC2)C1,0.0,0.0,0.0,0.0,0.0,0.0,0.0,0.0,0.0,0.0,0.0,0.0,0.0,0.0,6.39,0.0,0.0,0.0,0.0,0.0,0.0,0.0,0.0,0.0,0.0,0.0
c1ccc2c(c1)nc(-c1c[nH]cn1)n2C1CC2CCCC(C1)N2C1CC2CCCCC(C2)C1,0.0,0.0,0.0,0.0,0.0,0.0,0.0,0.0,0.0,0.0,0.0,0.0,0.0,0.0,0.0,7.05,0.0,0.0,0.0,0.0,0.0,0.0,0.0,0.0,0.0,0.0
c1ccc2c(c1)nc(-c1cc[nH]n1)n2C1CC2CCCC(C1)N2C1CC2CCCCC(C2)C1,0.0,0.0,0.0,0.0,0.0,0.0,0.0,0.0,0.0,0.0,0.0,0.0,0.0,0.0,0.0,7.29,0.0,0.0,0.0,0.0,0.0,0.0,0.0,0.0,0.0,0.0
c1ccc2c(c1)nc(-c1nnn[nH]1)n2C1CC2CCCC(C1)N2C1CC2CCCCC(C2)C1,0.0,0.0,0.0,0.0,0.0,0.0,0.0,0.0,0.0,0.0,0.0,0.0,0.0,0.0,0.0,6.25,0.0,0.0,0.0,0.0,0.0,0.0,0.0,0.0,0.0,0.0
c1ccc2c(c1)nc(CC1COCCN1)n2C1CC2CCCC(C1)N2C1CC2CCCCC(C2)C1,0.0,0.0,0.0,0.0,0.0,0.0,0.0,0.0,0.0,0.0,0.0,0.0,0.0,0.0,0.0,7.5,0.0,0.0,0.0,0.0,0.0,0.0,0.0,0.0,0.0,0.0
c1ccc2c(c1)nc(Cc1cnccn1)n2C1CC2CCCC(C1)N2C1CC2CCCCC(C2)C1,0.0,0.0,0.0,0.0,0.0,0.0,0.0,0.0,0.0,0.0,0.0,0.0,0.0,0.0,0.0,6.94,0.0,0.0,0.0,0.0,0.0,0.0,0.0,0.0,0.0,0.0
c1cnc2[nH]cc(C3CCN(CC4CCCCCCC4)CC3)c2c1,0.0,0.0,0.0,0.0,0.0,0.0,0.0,0.0,0.0,0.0,0.0,0.0,0.0,0.0,0.0,0.0,0.0,5.41,0.0,0.0,0.0,0.0,0.0,0.0,0.0,0.0
