smiles,pchembl_value
CSc1ccc2c(c1)N(CCC1CCCCN1C)c1ccccc1S2,7.45
CCCc1nn(C)c2c(=O)[nH]c(-c3cc(S(=O)(=O)N4CCN(C)CC4)ccc3OCC)nc12,4.0
CCOC(=O)N1CCC(=C2c3ccc(Cl)cc3CCc3cccnc32)CC1,6.76
COc1ccc(C2Sc3ccccc3N(CCN(C)C)C(=O)C2OC(C)=O)cc1,4.76
O=C(CCCN1CC=C(n2c(=O)[nH]c3ccccc32)CC1)c1ccc(F)cc1,7.49
CC(C)(C)c1ccc(C(O)CCCN2CCC(C(O)(c3ccccc3)c3ccccc3)CC2)cc1,6.69
Cc1cccc(CCN2CCC(C(=O)c3ccc(NS(C)(=O)=O)cc3)CC2)n1,8.11
COc1cc(N)c(Cl)cc1C(=O)NC1CCN(CCCOc2ccc(F)cc2)CC1OC,8.19
COc1ccc(CCN(C)CCCC(C#N)(c2ccc(OC)c(OC)c2)C(C)C)cc1OC,6.84
O=c1[nH]c2ccccc2n1CCCN1CCC(n2c(=O)[nH]c3cc(Cl)ccc32)CC1,6.79
O=C(CCCN1CCC(O)(c2ccc(Cl)cc2)CC1)c1ccc(F)cc1,7.55
CN(C)CCCN1c2ccccc2CCc2ccccc21,5.47
CN(C)CCC(c1ccc(Cl)cc1)c1ccccn1,4.68
O=C1CN2C3CC(OC(=O)C4CNc5ccccc54)CC2CC1C3,5.23
Cc1[nH]cnc1CN1CCc2c(c3ccccc3n2C)C1=O,5.49
CC(C)COCC(CN(Cc1ccccc1)c1ccccc1)N1CCCC1,6.26
CC(=O)N1CCN(c2ccc(OCC3COC(Cn4ccnc4)(c4ccc(Cl)cc4Cl)O3)cc2)CC1,5.72
C1CCC(C(CC2CCCCN2)C2CCCCC2)CC1,5.11
O=C(OC1CC2CC3CC(C1)N2CC3=O)c1c[nH]c2ccccc12,4.92
O=C1Cc2cc(CCN3CCN(c4nsc5ccccc45)CC3)c(Cl)cc2N1,6.92
CCCCc1oc2ccccc2c1C(=O)c1cc(I)c(OCCN(CC)CC)c(I)c1,5.0
OC(c1cc(C(F)(F)F)nc2c(C(F)(F)F)cccc12)C1CCCCN1,5.25
NC1=NCC2c3ccccc3Cc3ccccc3N12,4.0
COCC(=O)OC1(CCN(C)CCCc2nc3ccccc3[nH]2)CCc2cc(F)ccc2C1C(C)C,5.84
CN(C)CCCN1c2ccccc2Sc2ccc(Cl)cc21,5.83
Cc1nccn1CC1CCc2c(c3ccccc3n2C)C1=O,6.09
CC(C)N(CCC(C(N)=O)(c1ccccc1)c1ccccn1)C(C)C,4.04
O=C(NCC1CCCCN1)c1cc(OCC(F)(F)F)ccc1OCC(F)(F)F,5.41
Cc1c(F)c(N2CCNC(C)C2)cc2c1c(=O)c(C(=O)O)cn2C1CC1,4.3
CN(C)CCCC1(c2ccc(F)cc2)OCc2cc(C#N)ccc21,5.4
CNCCCN1c2ccccc2CCc2ccccc21,5.82
CNCCC(Oc1ccc(C(F)(F)F)cc1)c1ccccc1,5.82
CN1CCN(CCCCN2C(=O)CN(N=Cc3ccc(-c4ccc(Cl)cc4)o3)C2=O)CC1,5.85
CCCCCCCN(CC)CCCC(O)c1ccc(NS(C)(=O)=O)cc1,8.0
COc1ccccc1OCCNCC(O)COc1cccc2[nH]c3ccccc3c12,4.98
CN(C)CCOC(c1ccccc1)c1ccccc1,4.57
O=C(O)COCCN1CCN(C(c2ccccc2)c2ccc(Cl)cc2)CC1,4.52
Cc1nc2n(c(=O)c1CCN1CCC(c3noc4cc(F)ccc34)CC1)CCCC2,6.82
COC(=O)C1=C(C)NC(C)=C(C(=O)OC)C1c1ccccc1[N+](=O)[O-],4.3
Clc1ccc2c(c1)N=C(N1CCNCC1)c1ccccc1N2,5.35
CN(C)CCC=C1c2ccccc2CCc2ccccc21,5.0
CN1CCCCC1CCN1c2ccccc2Sc2ccc([S+](C)[O-])cc21,6.49
C=CC1CN2CCC1CC2C(O)c1ccnc2ccc(OC)cc12,6.49
COC(=O)C1C(OC(=O)c2ccccc2)CC2CCC1N2C,5.14
Oc1ccc(CCN2CCC(Nc3nc4ccccc4n3Cc3ccc(F)cc3)CC2)cc1,9.0
CC1CN(c2c(F)c(N)c3c(=O)c(C(=O)O)cn(C4CC4)c3c2F)CC(C)N1,4.74
COc1ccc(C2CCN(CCC3CCOc4ccccc43)CC2)cc1OC,6.7
Cc1cc2c(s1)Nc1ccccc1N=C2N1CCN(C)CC1,6.74
CCCCN(CCCC)CCC(O)c1cc2c(Cl)cc(Cl)cc2c2cc(C(F)(F)F)ccc12,6.7
COc1ccc(C(=O)N2CCN(c3ccc4c(c3)CCC(=O)N4)CC2)cc1OC,5.96
CCC(=O)c1cn(-c2ccc(F)cc2)c2ccc(Cl)cc12,5.71
O=C1NCCN1CCN1CCC(c2cn(-c3ccccc3)c3ccc(Cl)cc23)CC1,7.06
O=C1NCCN1CCN1CCC(c2cn(-c3ccc(F)cc3)c3ccccc23)CC1,8.15
O=C(O)Cc1ccc(-n2cc(C3CCN(CCN4CCNC4=O)CC3)c3cc(Cl)ccc32)cc1,6.24
CCC(O)(CC)c1cn(-c2ccc(F)cc2)c2ccc(Cl)cc12,4.8
O=C1NCCN1CCN1CC=C(c2cn(-c3ccc(F)cc3)c3ccc(Cl)cc23)CC1,8.0
Fc1ccc(-n2cc(C3CCN(CCN4CCN=C4S)CC3)c3ccccc32)cc1,8.21
CCc1cn(-c2ccc(F)cc2)c2ccc(Cl)cc12,5.46
CCCc1cn(-c2ccc(F)cc2)c2ccc(Cl)cc12,4.58
CC(O)c1cn(-c2ccc(F)cc2)c2ccc(Cl)cc12,5.34
COC(=O)c1ccc(-n2cc(C3CCN(CCN4CCNC4=O)CC3)c3cc(Cl)ccc32)cc1,7.44
O=C1NCCN1CCN1CCC(C2CN(c3ccc(F)cc3)c3ccccc32)CC1,7.63
O=C(O)c1ccc(-n2cc(C3CCN(CCN4CCNC4=O)CC3)c3cc(Cl)ccc32)cc1,4.12
CS(=O)(=O)Nc1ccc2c(c1)C(O)CC1(CCN(C3CCc4cc(C#N)ccc4C3)CC1)O2,7.47
CCC(CC)c1cn(-c2ccc(F)cc2)c2ccc(Cl)cc12,5.83
Fc1ccc(-n2cc(C3CCNCC3)c3cc(Cl)ccc32)cc1,6.69
CC(C)(O)c1ccc(C(O)CCCN2CCC(C(O)(c3ccccc3)c3ccccc3)CC2)cc1,6.34
O=C1NCCN1CCN1CCC(c2cn(C3CCCCC3)c3ccc(Cl)cc23)CC1,6.86
CCC(O)c1cn(-c2ccc(F)cc2)c2ccc(Cl)cc12,5.66
COC(=O)Cc1ccc(-n2cc(C3CCN(CCN4CCNC4=O)CC3)c3cc(Cl)ccc32)cc1,6.88
COc1cccc(CN2CCCCCCC2)c1OCc1csc(-c2ccccc2)n1,6.75
Clc1ccc(-c2nc(COc3ccccc3CN3CCCCCCC3)cs2)cc1,7.52
COc1cccc(CN2CCCCCCC2)c1OCc1csc(-c2ccc(Cl)cc2)n1,7.4
COc1cccc(C(=O)N2CCCC2)c1OCc1csc(-c2ccc(Cl)cc2)n1,5.11
NCc1ccc(F)c(C2CCN(C(=O)c3cccc(-c4nc(-c5cccs5)no4)c3)CC2)c1,6.1
NCc1ccc(F)c(C2CCN(C(=O)c3cc(C(=O)O)cc(-c4nc(-c5cccs5)no4)c3)CC2)c1,4.12
NCc1ccc(F)c(C2CCN(C(=O)c3cc(C(N)=O)cc(-c4nc(-c5cccs5)no4)c3)CC2)c1,4.77
O=C(O)C(CC1CCC1)N1CC(CN2CCC(c3cnc4ccccn34)CC2)C(c2cccc(F)c2)C1,5.57
NC(CC(=O)N1CCCC1C(=O)NCc1ccc(C(=O)O)cc1)Cc1ccc(F)c(F)c1,4.1
COC(=O)Cc1ccc(CNC(=O)C2CSCN2C(=O)CC(N)Cc2ccccc2F)cc1,5.01
CC(C)C(Oc1ccc(CNC(=O)C2CCCN2C(=O)CC(N)Cc2cc(F)ccc2F)cc1)C(=O)O,4.12
CC(=O)Nc1cccc(N2CCN(CCCCNS(=O)(=O)CC(C)C)CC2)c1,5.52
CC(=O)Nc1cccc(N2CCN(CCCCNS(=O)(=O)CC3CCCCC3)CC2)c1,5.42
O=C(Nc1cccc(N2CCN(CCCCNS(=O)(=O)CC3CCCCC3)CC2)c1)C1CC1,5.82
CC(=O)Nc1cccc(N2CCN(CCCCN(C)S(=O)(=O)CC(C)C)CC2)c1,5.66
CC(=O)Nc1cccc(N2CCN(CCCCN(C)S(=O)(=O)CC3CCCCC3)CC2)c1,5.4
O=C1NCC(c2ccccc2)C12CCN(C1CCCCC1c1ccccc1)CC2,5.85
O=C1NCC(c2ccccc2)C12CCN(C1CCCCC1(O)c1ccc(F)cc1)CC2,5.75
O=C(NC1CCN(Cc2ccc3cc[nH]c3c2)CC1)c1cc(=O)c2ccc(F)cc2o1,5.6
O=C1COc2ccc(CN3CCC(NC(=O)c4cc(=O)c5ccc(F)cc5o4)CC3)cc2N1,5.24
CCc1nc2ccc(CN3CCC(NC(=O)c4cc(=O)c5ccc(F)cc5o4)CC3)cc2o1,4.57
O=C(NC1CCN(Cc2ccc3[nH]ccc3c2)CC1)c1cc(=O)c2ccc(F)cc2o1,5.22
O=C(NC1CCN(Cc2ccc3oc(=O)oc3c2)CC1)c1cc(=O)c2ccc(F)cc2o1,4.07
O=C(NC1CCN(Cc2ccc3ccc(=O)oc3c2)CC1)c1cc(=O)c2ccc(F)cc2o1,4.29
CCc1nc2cc(CN3CCC(NC(=O)c4cc(=O)c5ccc(F)cc5o4)CC3)ccc2o1,4.7
O=C(NC1CCN(Cc2ccc3ccc(=O)[nH]c3c2)CC1)c1cc(=O)c2ccc(F)cc2o1,4.07
O=C(NC1CCN(Cc2ccc3oc(=O)[nH]c3c2)CC1)c1cc(=O)c2ccc(F)cc2o1,4.6
O=C(NC1CCN(Cc2ccc3occc3c2)CC1)c1cc(=O)c2ccc(F)cc2o1,5.28
O=C(NC1CCN(Cc2ccc3sccc3c2)CC1)c1cc(=O)c2ccc(F)cc2o1,5.86
O=C(NC1CCN(Cc2ccc3ncoc3c2)CC1)c1cc(=O)c2ccc(F)cc2o1,4.46
O=C1COc2cc3c(cc2N1)C(N1CCC(NC(=O)c2cc(=O)c4ccc(F)cc4o2)CC1)CC3,4.84
O=C(NC1CCN(C2CCc3cc4c(cc32)OCO4)CC1)c1cc(=O)c2cc(F)ccc2o1,5.1
O=C(NC1CCN(C2CCc3c2ccc2c3OCO2)CC1)c1cc(=O)c2cc(F)ccc2o1,5.23
O=C(NC1CCN(C2CCc3cc4oc(=O)[nH]c4cc32)CC1)c1cc(=O)c2ccc(F)cc2o1,4.6
O=C(NC1CCN(Cc2ccc3c(c2)OCO3)CC1)c1cc(=O)c2cc(F)ccc2o1,4.82
CC(=O)Nc1ccc2c(c1)C(N1CCC(NC(=O)c3cc(=O)c4ccc(F)cc4o3)CC1)CC2,4.81
CN(C)Cc1ccc2c(c1)CCC(N(C)C(=O)c1ccc(-c3ccc(F)cc3)nc1)C2,5.0
CN(CC(=O)N(C)C)Cc1ccc2c(c1)CCC(N(C)C(=O)c1ccc(-c3ccc(F)cc3)cc1)C2,5.75
CN(C)Cc1ccc2c(c1)CCC(N(C)C(=O)c1ccc(-c3ccc(F)cc3)cc1)C2,5.75
CN(C)Cc1ccc2c(c1)CCC(N(C)C(=O)c1ccc(-c3ccc(Cl)cn3)cc1)C2,4.85
CN(C)Cc1ccc2c(c1)CCC(N(C)C(=O)c1ccc(-c3ccccn3)cc1)C2,4.52
CN(C)Cc1ccc2c(c1)CCC(N(C)C(=O)c1ccc(-c3ccc(F)cc3)cn1)C2,5.28
CN(C)Cc1ccc2c(c1)CCC(N(C)C(=O)c1ccc(-c3ccccc3)cn1)C2,4.7
CN(C)Cc1ccc2c(c1)CCC(N(C)C(=O)c1ccc(-c3ccc(Cl)cc3)cn1)C2,5.58
CCN(CC)Cc1ccc2c(c1)CCC(N1CCN(CCC3CCCS3)CC1=O)C2,4.88
O=C1CN(CCc2ccc(F)cc2)CCN1C1CCc2cc(CN3CCC(C(F)(F)F)CC3)ccc2C1,5.7
CCN(CC)Cc1ccc2c(c1)CCC(N1CCN(CCC3CCCCC3)CC1=O)C2,5.48
CS(=O)(=O)N1CCN(Cc2ccc3c(c2)CCC(N2CCN(CCc4ccc(F)cc4)CC2=O)C3)CC1,4.89
O=C1CN(CCc2ccc(F)cc2)CCN1C1CCc2cc(CN3CCOCC3)ccc2C1,4.96
CN(C)C(=O)C(CO)N(C)Cc1ccc2c(c1)CCC(N1CCN(CCc3ccc(F)cc3)CC1=O)C2,4.6
O=C1CN(CCc2ccc(F)cc2)CCN1C1CCc2cc(Cn3ccnc3)ccc2C1,5.4
CCN(CC)Cc1ccc2c(c1)CCC(N1CCN(CCc3ccc(Cl)cc3)CC1=O)C2,5.48
O=C1CN(CCc2ccc(F)cc2)CCN1C1CCc2cc(CN3CCS(=O)(=O)CC3)ccc2C1,4.62
CCN(CC)Cc1ccc2c(c1)CCC(N1CCN(CCc3cccc(C(F)(F)F)c3)CC1=O)C2,5.77
CCN(CC)Cc1ccc2c(c1)CCC(N1CCN(CCc3ccc(F)cc3)CC1=O)C2,5.09
CS(=O)(=O)c1ccc(-c2noc(C(CC3CC3)C(N)C(=O)N3CCC(F)C3)n2)c(F)c1,4.23
c1ccc(COc2ccc(CCNc3ccncc3)cc2)cc1,6.89
COCC(O)COc1cn2ncnc(Oc3ccc4[nH]c(C)cc4c3F)c2c1C,4.75
Cc1cc2c(F)c(Oc3ncnn4cc(OCC(C)O)c(C)c34)ccc2[nH]1,4.75
Cc1cc2c(F)c(Oc3ncnn4cc(OCCCS(C)(=O)=O)c(C)c34)ccc2[nH]1,4.7
O=C1NCC(c2ccc(F)cc2)C12CCN(C1(c3ccc(F)cc3)CCCCC1)CC2,5.89
CNC1CCN(c2ccc(-n3ncc4cc(-c5ccc(C(F)(F)F)cc5)sc4c3=O)cn2)C1,5.75
Cc1c(Cl)ccc2c1N1C(C)CNCC1C2,5.6
CC1CNCC2Cc3ccc(Cl)nc3N12,4.4
Cc1ccc2c(n1)N1C(C)CNCC1C2,4.68
O=C(NC1CC1)c1cc(NCc2cnc(Nc3ccccn3)s2)c(F)cc1F,4.78
CN(C)C(=O)C(c1ccc(-c2ccn3ncnc3c2)cc1)C(N)C(=O)N1CCC(F)(F)C1,4.8
CN(CCCN)C(=O)N1CC(c2cc(F)ccc2F)=CC1c1ccccc1,5.89
CN(C(=O)N1CC(c2cc(F)ccc2F)=CC1c1ccccc1)C1CCNCC1,5.89
O=C(C(O)C1CC1)N1CC(c2cc(F)ccc2F)=CC1c1ccccc1,4.96
NC(C(=O)N1CC(c2cc(F)ccc2F)=CC1c1ccccc1)C1CC1,5.46
CC(C)(C)C(N)C(=O)N1CC(c2cc(F)ccc2F)=CC1c1ccccc1,5.82
CC(C)C(N)C(=O)N1CC(c2cc(F)ccc2F)=CC1c1ccccc1,5.62
CC(C)(CN)C(=O)N1CC(c2cc(F)ccc2F)=CC1c1ccccc1,5.66
CC(C)C(N)C(=O)N1CC(c2cc(F)ccc2F)=CC1c1cccc(O)c1,5.07
CN(C(=O)N1CC(c2cc(F)ccc2F)=CC1c1cccc(O)c1)C1CCNCC1,5.18
O=C(C(O)C1CC1)N1CC(c2cc(F)ccc2F)=CC1c1cccc(O)c1,4.75
CN(CCO)C(=O)N1CC(c2cc(F)ccc2F)=CC1c1cccc(O)c1,4.82
CC(C)(C)C(O)C(=O)N1CC(c2cc(F)ccc2F)=CC1c1cccc(O)c1,5.11
NC(C(=O)N1CC(c2cc(F)ccc2F)=CC1c1cccc(O)c1)C1CC1,5.25
CN(C)C(=O)N1CC(c2cc(F)ccc2F)=CC1c1cccc(O)c1,4.48
CC(C)(C)C(=O)N1CC(c2cc(F)ccc2F)=CC1c1cccc(O)c1,5.11
CN1CCN(CCCN(C(=O)Nc2ccc(F)c(C(F)(F)F)c2)C2CCC3(c4ccc(C#N)cc4)CC23)CC1,7.28
CN1CCN(CCCN(C(=O)Nc2ccc(F)c(C(F)(F)F)c2)C2CCC3(c4ccc5c(N)noc5c4)CC23)CC1,6.16
CN(C(=O)c1ccc(-c2ccc(C(F)(F)F)cc2)cc1)C1CCN(C(=O)N2CCC(NCCC(C)(C)c3ccc(Cl)cc3)C2)C1,5.58
CN(C(=O)c1ccc(-c2ccc(C(F)(F)F)cc2)cc1)C1CCN(C(=O)N(C)C2CCN(CCCc3ccc(Cl)cc3)C2)C1,6.77
CC(=O)N1N=C(c2cc(F)ccc2F)CC1c1cccc(O)c1,4.58
CN(C)C(=O)N1N=C(c2cc(F)ccc2F)CC1(CCCN)c1ccccc1,4.71
O=c1cc(NC2CCN(Cc3ccc4c(c3)OCO4)CC2)c2cc(Cl)ccc2o1,5.65
CC(C)(C)C1CCC2(CC1)CCN(c1ccc(OC(F)(F)F)cc1)C(=O)N2Cc1ccc(C(=O)Nc2nn[nH]n2)cc1,5.27
O=C(NCCN1CCCCC1)c1ccc(CN2CCC(NC(=O)c3cc(=O)c4ccc(F)cc4o3)CC2)cc1,4.18
O=C(NC1CCN(Cc2ccc(OCC(F)(F)F)c(F)c2)CC1)c1cc(=O)c2ccc(F)cc2o1,5.8
CN(C)CCCOc1ccc(CN2CCC(NC(=O)c3cc(=O)c4ccc(F)cc4o3)CC2)cc1F,4.19
CC(C)CON=CCOc1ccc(CN2CCC(NC(=O)c3cc(=O)c4ccc(F)cc4o3)CC2)cc1F,6.35
O=C(NCCN1CCC(F)(F)CC1)c1ccc(CN2CCC(NC(=O)c3cc(=O)c4ccc(F)cc4o3)CC2)cc1,5.2
O=C(NC1CCN(Cc2ccc(OCCCN3CCCCC3)c(F)c2)CC1)c1cc(=O)c2ccc(F)cc2o1,4.38
O=C(NCCN1CCCC1)c1ccc(CN2CCC(NC(=O)c3cc(=O)c4ccc(F)cc4o3)CC2)c(Cl)c1,4.96
CON=CCOc1ccc(CN2CCC(NC(=O)c3cc(=O)c4ccc(F)cc4o3)CC2)cc1F,5.5
COc1cc(C(=O)NCCN2CCCC2)ccc1CN1CCC(NC(=O)c2cc(=O)c3ccc(F)cc3o2)CC1,5.18
COc1ccc(CN2CCC(NC(=O)c3cc(=O)c4ccc(F)cc4o3)CC2)cc1F,5.08
O=C(NC1CCN(Cc2ccc(OCCCN(C3CC3)C3CC3)c(F)c2)CC1)c1cc(=O)c2ccc(F)cc2o1,6.13
O=C(NC1CCN(Cc2ccc(OCCCN3CCOCC3)c(F)c2)CC1)c1cc(=O)c2ccc(F)cc2o1,4.47
O=C(NC1CCN(Cc2ccc(OCCCN3C(=O)CSC3=O)c(F)c2)CC1)c1cc(=O)c2ccc(F)cc2o1,5.07
O=C(CCN1CCCCC1)Nc1ccc(CN2CCC(NC(=O)c3cc(=O)c4ccc(F)cc4o3)CC2)cc1F,5.04
COC(C)(C)CCOc1ccc(CN2CCC(NC(=O)c3cc(=O)c4ccc(F)cc4o3)CC2)cc1,5.37
CC(C1CCC(N(C)C(=O)c2cccc(F)c2)CC1)C(N)C(=O)N1CCC(F)C1,4.11
NC(C(=O)N1CCC(F)C1)C1CCC(NS(=O)(=O)c2ccc(F)cc2F)CC1,4.31
CC(C1CCC(N(C)C(=O)C2CC2)CC1)C(N)C(=O)N1CCC(F)C1,4.41
NC1CN(c2ccn3cnnc3n2)CCC1c1cc(F)c(F)cc1F,4.0
NC1CN(c2ccc3nc(C(F)(F)F)nn3n2)CCC1c1cc(F)c(F)cc1F,5.09
NC1CN(c2cnc3nccnc3n2)CCC1c1cc(F)c(F)cc1F,5.0
NC1CN(c2ccncn2)CCC1c1cc(F)c(F)cc1F,4.58
Cc1nnc2ccc(N3CCC(c4cc(F)c(F)cc4F)C(N)C3)nn12,4.69
Cc1n[nH]c2ccc(-c3cncc(OCC(N)Cc4ccccc4)c3)cc12,4.87
CC1(C)C2=C3CC4C5=[N+](CCC4OC3CCN2c2ccc(CC(=O)NCCCCCCN(CCOc3ccc(NS(C)(=O)=O)cc3)CCc3ccc(NS(C)(=O)=O)cc3)cc21)c1ccc(S(=O)(=O)[O-])cc1C5(C)C,6.51
CCN(CC)C(C)CCCNc1nccc(NCc2ccc(Cl)cc2Cl)n1,6.52
CCN1CCN(c2ccc(C(C)(C)NC(=O)c3cc4[nH]c5ccccc5c(=O)c4cc3F)cn2)CC1,4.6
CN(C)C(=O)N1CC(c2cc(F)ccc2F)=CC1(CCC(N)C(F)F)c1ccccc1,4.8
CN(C)C(=O)N1CC(c2cc(F)ccc2F)=CC1(CCCN)c1ccccc1,5.15
Cc1ccc2c(-c3nnc(SCCC(C)N4CCc5ccc(-c6cc(C)nn6C)cc5CC4)n3C)cccc2n1,5.9
Cc1cc(-c2ccc3c(c2)CCN(CCCSc2nnc(C4CCCC4)n2C)CC3)no1,6.1
Cc1cc(-c2ccc3c(c2)CCN(CCCSc2nnc(C(C)C)n2C)CC3)no1,5.9
Cc1ccc2c(-c3nnc(SCCCN4CCc5ccc(-c6cc(C)on6)cc5CC4)n3C)cccc2n1,6.3
N#Cc1ccc2c(c1)CCN(CCC1CCC(NC(=O)c3ccnc4ccccc34)CC1)C2,5.7
Cc1cc(-c2ccc3c(c2)CCN(CCCSc2nnc(-c4ccc(C(F)(F)F)cc4)n2C)CC3)no1,7.2
Cc1cc(-c2ccc3c(c2)CCN(CCSc2nnc(-c4ccc(F)c(F)c4)n2C)CC3)n(C)n1,6.3
Cc1ccc2c(-c3nnc(SCCCN4CCc5ccc(-c6cc(C)nn6C)cc5CC4)n3C)cccc2n1,5.7
Cc1cc(-c2ccc3c(c2)CCN(CCCSc2nnc(-c4ccccc4Cl)n2C)CC3)no1,7.2
Cc1cc(-c2ccc3c(c2)CCN(CCCSc2nnc(-c4cccs4)n2C)CC3)no1,6.9
Cc1cc(-c2ccc3c(c2)CCN(CCCSc2nnc(C4CCC(C)CC4)n2C)CC3)no1,6.9
Cc1cnc(-c2ccc3c(c2)CCN(CCCSc2nnc(-c4cccn4C)n2C)CC3)o1,6.3
Cc1cnc(-c2nnc(SCCN3CCc4ccc(-c5cc(C)nn5C)cc4CC3)n2C)cn1,5.7
Cc1cc(-c2ccc3c(c2)CCN(CCCSc2nnc(-c4ccccc4)n2C)CC3)no1,5.7
Cc1cc(-c2ccc3c(c2)CCN(CCCSc2nnc(C(F)(F)F)n2C)CC3)no1,6.5
Cc1cc(-c2ccc3c(c2)CCN(CCCSc2nnc(-c4ccc(Cl)c(Cl)c4)n2C)CC3)no1,8.0
Cc1cc(-c2ccc3c(c2)CCN(CCCSc2nnc(-c4ccccn4)n2C)CC3)no1,6.6
Cc1cc(-c2ccc3c(c2)CCN(CCCSc2nnc(-c4ccc(F)c(F)c4)n2C)CC3)n(C)n1,6.6
Cc1cc(-c2ccc3c(c2)CCN(CCCSc2nnc(-c4cccc(F)c4)n2C)CC3)no1,6.6
Cc1cc(-c2ccc3c(c2)CCN(CCCSc2nnc(-c4cccn4C)n2C)CC3)no1,6.6
Cc1nc(-c2cccc(C(=O)NC3CCC(CCN4CCc5ccc(S(C)(=O)=O)cc5CC4)CC3)c2)no1,5.6
Cc1cc(-c2ccc3c(c2)CCN(CCCSc2nnc(-c4ocnc4C)n2C)CC3)n(C)n1,5.6
Cc1cc(-c2ccc3c(c2)CCN(CCCSc2nnc(-c4ccc(C(F)(F)F)cc4)n2C)CC3)n(C)n1,7.5
Cc1cnc(-c2ccc3c(c2)CCN(CCCSc2nnc(-c4ccc5[nH]ccc5c4)n2C)CC3)o1,7.4
Cc1cc(-c2ccc3c(c2)CCN(CCCSc2nnc(-c4ccc5nc(C)c(C)nc5c4)n2C)CC3)no1,6.5
Cc1cnc(-c2ccc3c(c2)CCN(CCCSc2nnc(-c4cc5ccccc5[nH]4)n2C)CC3)o1,7.3
Cc1cc(-c2ccc3c(c2)CCN(CCCSc2nnc(C4CCOCC4)n2C)CC3)no1,5.4
COc1ccc(-c2nnc(SCCCN3CCc4ccc(-c5cc(C)on5)cc4CC3)n2C)cc1,7.4
COc1ccccc1-c1nnc(SCCCN2CCc3ccc(-c4cc(C)on4)cc3CC2)n1C,7.4
Cc1cc(-c2ccc3c(c2)CCN(CCCSc2nnc(-c4ccncc4)n2C)CC3)no1,6.1
Cc1ccc2c(-c3nnc(SCCCN4CCc5ccc(-c6ncc(C)o6)cc5CC4)n3C)cccc2n1,6.1
COc1ccc(-c2nnc(SCCCN3CCc4ccc(-c5cc(C)on5)cc4CC3)n2C)cn1,6.8
Cc1ccc(-c2nnc(SCCCN3CCc4ccc(-c5cc(C)on5)cc4CC3)n2C)cc1,7.6
Cc1cc(-c2ccc3c(c2)CCN(CCCSc2nnc(-c4cccc(Cl)c4)n2C)CC3)no1,7.1
Cc1cc(-c2ccc3c(c2)CCN(CCCSc2nnc(C(C)(C)C)n2C)CC3)no1,6.4
Cc1cc(-c2ccc3c(c2)CCN(CCCSc2nnc(-c4ccc(Cl)cc4)n2C)CC3)no1,7.6
Cc1cnc(-c2ccc3c(c2)CCN(CCCSc2nnc(-c4cccs4)n2C)CC3)o1,6.5
CN(C(=O)CCC(C1CCCCC1)N1Cc2cc(Oc3ccccc3)ccc2N=C1N)C1CCCCC1,6.85
NCC1CCC2(CC1)OOC1(O2)C2CC3CC(C2)CC1C3,5.75
NC(=O)CNCC1CCC2(CC1)OOC1(O2)C2CC3CC(C2)CC1C3,5.57
CC(c1ccc(-c2ccc(F)cc2)cc1)C(N)C(=O)N1CCC(F)C1,5.96
CN(C)C(=O)C(c1ccc(-c2ccc3ncnn3c2)cc1)C(N)C(=O)N1CCC(F)C1,4.07
CCOc1cc(CN2CCC(Nc3nc4cc(S(N)(=O)=O)ccc4o3)CC2)ccc1OC,5.46
O=C(c1cc(F)cc(F)c1)N1CCN(c2ccc(OC3CCN(C4CCCC4)CC3)cc2)C(=O)C1,5.1
CC1CCCN1CCCOc1ccc(N2CCN(C(=O)c3ccc(F)cc3F)CC2=O)cc1,5.8
O=C(c1cc(F)cc(F)c1)N1CCN(c2ccc(OCCCN3CCCCC3)cc2)C(=O)C1,4.4
N#Cc1ccc(C(=O)N2CCN(c3ccc(OCCCN4CCCCCC4)cc3)C(=O)C2)cc1,4.9
N#Cc1ccc(C(=O)N2CCN(c3ccc(OC4CCN(C5CCC5)CC4)cc3)C(=O)C2)cc1,5.03
O=C(c1ccccc1)N1CCN(c2ccc(OCCCN3CCCCC3)cc2)C(=O)C1,4.2
O=C(c1ccc(F)cc1)N1CCN(c2ccc(OCCCN3CCCCCC3)cc2)C(=O)C1,4.9
O=C(c1ccc(F)cc1)N1CCN(c2ccc(OCCCN3CCCCC3)cc2)C(=O)C1,4.3
Cc1ccc(C(=O)N2CCN(c3ccc(OCCCN4CCCCC4)cc3)C(=O)C2)cc1,4.5
CC1CCCN1CCCOc1ccc(N2CCN(C(=O)c3cc(F)cc(F)c3)CC2=O)cc1,6.3
O=C(c1cc(F)cc(F)c1)N1CCN(c2ccc(OCCCN3CCCCCC3)cc2)C(=O)C1,4.9
O=C(c1ccc(F)cc1F)N1CCN(c2ccc(OC3CCN(C4CCCC4)CC3)cc2)C(=O)C1,4.6
O=C(c1ccc(Cl)cc1)N1CCN(c2ccc(OC3CCN(C4CCC4)CC3)cc2)C(=O)C1,4.5
O=C(c1ccc(F)cc1F)N1CCN(c2ccc(OCCCN3CCCCCC3)cc2)C(=O)C1,4.3
O=C(c1ccc(F)cc1)N1CCN(c2ccc(OC3CCN(C4CCCC4)CC3)cc2)C(=O)C1,4.7
O=C(c1ccc(Cl)cc1)N1CCN(c2ccc(OC3CCN(C4CCCC4)CC3)cc2)C(=O)C1,5.4
CC1CCCN1CCCOc1ccc(N2CCN(C(=O)c3ccc(F)cc3)CC2=O)cc1,4.7
COc1ccc2nccc(C3CN(C4CCN(Cc5ccc(C)c(C)c5)CC4)C(=O)O3)c2c1,5.2
COc1ccc2nccc(C3CN(C4CCN(Cc5cc6ccccc6[nH]5)CC4)C(=O)O3)c2c1,5.8
Fc1cccc(CN(C2CCOCC2)C2CCNC2)c1C(F)(F)F,5.8
Cc1ccccc1CN(C1CCOCC1)C1CCNC1,5.62
Fc1ccc(CN(C2CCOCC2)C2CCNC2)c(F)c1F,5.92
CCc1c(C)[nH]c2c1C(=NNC(=O)Nc1ccccc1)CCC2,4.68
CN1CCN(Cc2ccc3cc(-n4cnc5cc(-c6ccc(Cl)cc6)sc5c4=O)ccc3n2)CC1,4.66
COc1ccc2c(=O)n(CC(CO)NCc3cccnc3)c(C#N)c(-c3ccccc3)c2c1,5.0
COc1ccc2c(=O)n(C)c(CN(C)C)c(-c3ccccc3)c2c1,5.28
COc1ccc2c(NCC(O)CO)nc(C#N)c(-c3ccccc3)c2c1,4.82
COc1ccc2c(=O)n(CC(O)CO)c(C#N)c(-c3cccc(F)c3)c2c1,4.47
COc1ccc2c(-n3cnc(C)c3)nc(C#N)c(-c3cccc(F)c3)c2c1,4.68
COc1ccc2c(=O)n(CCO)c(C#N)c(-c3cccc(F)c3)c2c1,4.21
COc1ccc2c(OCC(O)CO)nc(C#N)c(-c3ccccc3)c2c1,4.69
COc1ccc2c(=O)n(CC(O)CO)c(C#N)c(-c3cccc(C(F)(F)F)c3)c2c1,4.8
CC(=O)c1ccc(CN2CCC(NC(=O)c3cc(=O)c4ccc(F)cc4o3)CC2)cc1,7.69
O=C(NC1CCN(Cc2ccc3c(c2)OCO3)CC1)c1cc(=O)c2ccccc2o1,8.17
O=C(NC1CCN(Cc2cc3c(cc2Cl)OCO3)CC1)c1cc(=O)c2ccc(F)cc2o1,7.87
COc1ccc2c(=O)cc(C(=O)NC3CCN(Cc4ccc5c(c4)OCO5)CC3)oc2c1,7.94
O=C(NC1CCN(Cc2ccc3c(c2)OCO3)CC1)c1cc(=O)c2ccc(Br)cc2o1,8.6
N#Cc1ccc2c(=O)cc(C(=O)NC3CCN(Cc4ccc5c(c4)OCO5)CC3)oc2c1,8.3
O=C(NC1CCN(Cc2ccc3c(c2)OCCO3)CC1)c1cc(=O)c2ccc(F)cc2o1,7.91
COc1cc2oc(C(=O)NC3CCN(Cc4ccc5c(c4)OCO5)CC3)cc(=O)c2cc1F,7.8
O=C(NC1CCN(Cc2ccc3c(c2)OCO3)CC1)c1cc(=O)c2cc(Cl)c(Cl)cc2o1,8.85
O=C(NC1CCN(Cc2ccccc2)CC1)c1cc(=O)c2ccc(F)cc2o1,7.7
CCc1ccc2c(=O)cc(C(=O)NC3CCN(Cc4ccc5c(c4)OCO5)CC3)oc2c1,8.13
O=C(NC1CCN(Cc2cccc(F)c2)CC1)c1cc(=O)c2ccc(F)cc2o1,7.67
COc1ccc(CN2CCC(NC(=O)c3cc(=O)c4ccc(F)cc4o3)CC2)c(F)c1,7.83
O=C(NC1CCN(Cc2ccc3c(c2)OCO3)CC1)c1cc(=O)c2cc(F)c(Cl)cc2o1,7.98
COc1ccc(CN2CCC(NC(=O)c3cc(=O)c4ccc(F)cc4o3)CC2)cc1,8.27
O=C(NC1CCN(Cc2ccc3c(c2)OCO3)CC1)c1cc(=O)c2cc(F)c(F)cc2o1,8.21
O=C(NC1CCN(Cc2ccc3c(c2)OCO3)CC1)c1cc(=O)c2ccc(OC(F)F)cc2o1,8.44
COc1cccc(CN2CCC(NC(=O)c3cc(=O)c4ccc(F)cc4o3)CC2)c1,7.98
O=C(NC1CCN(Cc2ccc3c(c2)OC(F)(F)O3)CC1)c1cc(=O)c2ccc(F)cc2o1,8.25
O=C(NC1CCN(Cc2ccc3c(c2)OCO3)CC1)c1cc(=O)c2ccc(Cl)cc2o1,8.44
O=C(NC1CCN(Cc2ccc3c(c2)OCO3)CC1)c1cc(=O)c2ccc(O)cc2o1,7.2
CCN(CC)c1ccc(NC(=O)C2(N(C)C(=O)OCC(C)C)CCc3cccc(OC)c3C2)cc1,5.21
CN1CCN(Cc2ccc3c(c2)Cc2c(-c4csc(C#CCCc5ccccc5)c4)n[nH]c2-3)CC1,5.32
CC1CCN(Cc2ccc3c(c2)Cc2c(-c4csc(C#CCOc5ccccc5)c4)n[nH]c2-3)CC1,7.1
CN1CCN(CCc2ccc3c(c2)Cc2c(-c4csc(C#CCOc5ccccc5)c4)n[nH]c2-3)CC1,5.23
CN1CCN(Cc2ccc3c(c2)Cc2c(-c4csc(C#CCOc5cccnc5)c4)n[nH]c2-3)CC1,5.47
CN1CCC(Cc2ccc3c(c2)Cc2c(-c4csc(C#CCOc5ccccc5)c4)n[nH]c2-3)CC1,5.68
CN1CCN(c2ccc3c(c2)Cc2c(-c4csc(C#CCOc5ccccc5)c4)n[nH]c2-3)CC1,5.76
COCCOCC#Cc1cc(-c2n[nH]c3c2Cc2cc(CN4CCN(C)CC4)ccc2-3)cs1,5.04
CN1CCN(Cc2ccc3c(c2)Cc2c(-c4csc(C#CCOc5ccccc5Cl)c4)n[nH]c2-3)CC1,6.1
CN1CCN(Cc2ccc3c(c2)Cc2c(-c4csc(C#CCNc5ccccc5)c4)n[nH]c2-3)CC1,5.76
CN1CCN(Cc2ccc3c(c2)Cc2c(-c4csc(C#CCNS(=O)(=O)c5ccccc5)c4)n[nH]c2-3)CC1,5.31
CN1CCN(Cc2ccc3c(c2)Cc2c(-c4csc(C#CCCOc5ccccc5)c4)n[nH]c2-3)CC1,6.35
CN1CCN(C(=O)c2ccc3c(c2)Cc2c(-c4csc(C#CCOc5ccccc5)c4)n[nH]c2-3)CC1,5.76
CN1CCN(Cc2ccc3c(c2)Cc2c(-c4csc(C#CCNC(=O)c5ccccc5)c4)n[nH]c2-3)CC1,5.13
COCC#Cc1cc(-c2n[nH]c3c2Cc2cc(CN4CCN(C)CC4)ccc2-3)cs1,5.29
CC#Cc1cc(-c2n[nH]c3c2Cc2cc(CN4CCN(C)CC4)ccc2-3)cs1,5.85
COCCOCC#Cc1cc(-c2n[nH]c3c2C(=O)c2cc(CN4CCN(C)CC4)ccc2-3)cs1,5.03
CN1CCN(Cc2ccc3c(c2)Cc2c(-c4csc(C#CCOc5ccc(Cl)cc5)c4)n[nH]c2-3)CC1,5.45
CN1CCN(Cc2ccc3c(c2)Cc2c(-c4csc(C#CCOc5ccc(CN6CCOCC6)cc5)c4)n[nH]c2-3)CC1,5.59
C(#Cc1cc(-c2n[nH]c3c2Cc2cc(Cn4ccnc4)ccc2-3)cs1)COc1ccccc1,5.84
CN1CCN(Cc2ccc3c(c2)Cc2c(-c4csc(C#CCOc5cccc(Cl)c5)c4)n[nH]c2-3)CC1,5.59
CN1CCN(Cc2ccc3c(c2)Cc2c(-c4csc(C#CCNC(=O)Nc5ccccc5)c4)n[nH]c2-3)CC1,5.1
Cc1ccc(OCC#Cc2cc(-c3n[nH]c4c3Cc3cc(CN5CCN(C)CC5)ccc3-4)cs2)cc1C,5.6
CN1CCN(Cc2ccc3c(c2)Cc2c(-c4csc(C#CCNC(=O)Oc5ccccc5)c4)n[nH]c2-3)CC1,5.56
CCCCN1CCC2(CC1)OC(OC)c1c2cnn1-c1ccccc1,9.19
COC1OC2(CCN(Cc3ccccc3)CC2)c2cnn(-c3ccccc3)c21,9.39
CC(=O)c1sc(NC(=O)NC2CN(C(C)=O)CCC2CN2CCCC(Cc3ccc(F)cc3)C2)nc1C,5.22
CC(=O)c1cccc(NC(=O)NC2CCCCC2CN2CCCC(Cc3ccc(F)cc3)C2)c1,6.4
CC(C)N1CCN(Cc2cnc(-c3ccc(C(=O)Nc4ccccc4N)cc3)c(Cl)c2)CC1,5.15
CC(C)N1CCN(Cc2cnc(-c3ccc(C(=O)Nc4ccccc4N)cc3)c(C#N)c2)CC1,4.72
Nc1ccccc1NC(=O)c1ccc(-c2ncc(CN3CCC3)cc2Cl)cc1,4.65
CCN1CCN(Cc2cnc(-c3ccc(C(=O)Nc4ccccc4N)cc3)c(Cl)c2)CC1,5.08
Cc1cccc(C)c1C(=O)N1CCC(C)(N2CCC(N(Cc3ccccc3)c3ccccc3)CC2)CC1,6.17
CC1(N2CCC(N(c3ccccc3)c3cccnc3)CC2)CCN(C(=O)c2c(Cl)cncc2Cl)CC1,5.7
Cc1ccnc(C)c1C(=O)N1CCC(C)(N2CCC(N(c3ccccc3)c3ccccc3)CC2)CC1,6.24
Cc1nc[n+]([O-])c(C)c1C(=O)N1CCC(C)(N2CCC(N(c3ccccc3)c3ccccc3)CC2)CC1,5.92
CC1(N2CCC(N(c3ccccc3)c3cccnc3)CC2)CCN(C(=O)c2c(Cl)c[n+]([O-])cc2Cl)CC1,5.36
Cc1cc[n+]([O-])c(C)c1C(=O)N1CCC(C)(N2CCC(N(Cc3ccccc3)c3ccccc3)CC2)CC1,6.26
Cc1cc[n+]([O-])c(C)c1C(=O)N1CCC(C)(N2CCC(N(Cc3cccc(C#N)c3)c3ccccc3)CC2)CC1,5.89
Cc1nc(CN(c2ccccc2)C2CCN(C3(C)CCN(C(=O)c4c(C)cc[n+]([O-])c4C)CC3)CC2)cs1,4.91
Cc1cc2cc(Nc3ncnn4cc(-c5nnc(C)o5)c(C(C)C)c34)cnc2[nH]1,5.18
CNC(=O)C(C)Oc1cccc2ncnc(Nc3ccc(OCc4ccccn4)c(Cl)c3)c12,4.5
CN1CCC(Oc2cccc3ncnc(Nc4ccc(OCc5ccccn5)c(Cl)c4)c23)CC1,5.3
Cc1ccc(Oc2ccc(Nc3ncnc4cccc(OC(C)C(=O)N(C)CCO)c34)cc2C)cn1,4.92
CC(Oc1cccc2ncnc(Nc3ccc(OCc4ccccn4)c(Cl)c3)c12)C(=O)N(C)C,5.0
CC(Oc1cccc2ncnc(Nc3ccc(OCc4ccccn4)c(Cl)c3)c12)C(=O)N1CCOCC1,5.0
Cc1ccc(Oc2ccc(Nc3ncnc4cccc(OC(C)C(=O)N(C)C)c34)cc2C)cn1,5.1
Cc1ccc2c(-c3nnc(SCCCN4CCc5nc6ccc(Cl)cn6c5CC4)n3C)cccc2n1,5.8
Cc1ncoc1-c1nnc(SCCCN2CCc3ccc4nc(C(F)(F)F)oc4c3CC2)n1C,5.3
Cc1ccc2c(-c3nnc(SCCCN4CCc5ccc6oc(C)nc6c5CC4)n3C)cccc2n1,5.6
CCc1nc2c3c(ccc2o1)CCN(CCCSc1nnc(-c2ocnc2C)n1C)CC3,5.3
Cc1nc2c3c(ccc2o1)CCN(CCCSc1nnc(-c2ocnc2C)n1C)CC3,4.9
Cc1cnc(-c2nnc(SCCCN3CCc4ccc5oc(C(F)(F)F)nc5c4CC3)n2C)cn1,5.9
Cc1nc2ccc3c(c2s1)CCN(CCCSc1nnc(-c2ocnc2C)n1C)CC3,4.9
Cc1ccc2c(-c3nnc(SCCCN4CCc5ccc6oc(C(F)(F)F)nc6c5CC4)n3C)cccc2n1,5.7
Cn1c(SCCCN2CCc3ccc4oc(C(F)(F)F)nc4c3CC2)nnc1-c1ccccc1,6.6
Cc1ncoc1-c1nnc(SCCCN2CCc3nc4cc(C(F)(F)F)ccn4c3CC2)n1C,6.1
Cc1ccc2c(-c3nnc(SCCCN4CCc5ccc6oc(C(F)(F)C(F)(F)F)nc6c5CC4)n3C)cccc2n1,6.6
Cc1ccc(-c2nnc(SCCCN3CCc4ccc5oc(C(F)(F)F)nc5c4CC3)n2C)cn1,5.8
Cc1ccc2c(-c3nnc(SCCCN4CCc5nc6cc(C(F)(F)F)ccn6c5CC4)n3C)cccc2n1,6.6
CCc1nc2ccc3c(c2s1)CCN(CCCSc1nnc(-c2cccc4nc(C)ccc24)n1C)CC3,6.8
Cc1ccc2c(-c3nnc(SCCCN4CCc5ccc6nc(C)sc6c5CC4)n3C)cccc2n1,5.5
Cc1ccn2c3c(nc2c1)CCN(CCCSc1nnc(-c2cccc4nc(C)ccc24)n1C)CC3,6.6
Cc1ncoc1-c1nnc(SCCCN2CCc3nc4ccc(C(F)(F)F)cn4c3CC2)n1C,5.7
Cc1ccc2c(-c3nnc(SCCCN4CCc5nc6ccccn6c5CC4)n3C)cccc2n1,5.6
Cc1ccc2c(-c3nnc(SCCCN4CCc5ccc6nc(C(F)(F)F)oc6c5CC4)n3C)cccc2n1,6.0
Cc1ccc2c(-c3nnc(SCCCN4CCc5ccc6nc(C(C)(F)F)oc6c5CC4)n3C)cccc2n1,5.6
Cc1cc(-c2nc3c4c(ccc3o2)CCN(CCCSc2nnc(-c3ocnc3C)n2C)CC4)n(C)n1,6.1
Cc1ccc2c(-c3nnc(SCCCN4CCc5nc6ccc(C(F)(F)F)cn6c5CC4)n3C)cccc2n1,5.3
Cc1ccc2c(-c3nnc(SCCCN4CCc5ccc6oc(-c7cc(C)nn7C)nc6c5CC4)n3C)cccc2n1,6.1
Cc1ccc2c(-c3nnc(SCCCN4CCc5c(Cl)cc6oc(C)nc6c5CC4)n3C)cccc2n1,5.8
Cc1nc(C)c(-c2nnc(SCCCN3CCc4ccc5oc(C(F)(F)F)nc5c4CC3)n2C)s1,6.1
CCc1nc2c3c(ccc2o1)CCN(CCCSc1nnc(-c2cccc4nc(C)ccc24)n1C)CC3,5.2
Cc1ncoc1-c1nnc(SCCCN2CCc3ccc4oc(C(F)(F)F)nc4c3CC2)n1C,5.9
Cc1ncoc1-c1nnc(SCCCN2CCc3ccc4nc(C(C)(F)F)oc4c3CC2)n1C,5.3
Cc1ncoc1-c1nnc(SCCCN2CCc3ccc4oc(C(F)(F)C(F)(F)F)nc4c3CC2)n1C,6.5
Cc1ncccc1-c1nnc(SCCCN2CCc3ccc4oc(C(F)(F)F)nc4c3CC2)n1C,5.4
Cc1ccc2nc3c(n2c1)CCN(CCCSc1nnc(-c2cccc4nc(C)ccc24)n1C)CC3,5.6
Cc1ncoc1-c1nnc(SCCCN2CCc3ccc4oc(C(C)(F)F)nc4c3CC2)n1C,5.6
CCc1nc2ccc3c(c2s1)CCN(CCCSc1nnc(-c2ocnc2C)n1C)CC3,5.5
CN(C)S(=O)(=O)N(C)C1CCCn2c1nc(C(=O)NCc1ccc(F)cc1)c(O)c2=O,4.7
COc1ccc(N2C(=O)C(Cc3ccc(OCCc4nc(-c5ccccc5)oc4C)cc3)C2C(=O)O)cc1,4.27
Cc1oc(-c2ccccc2)nc1CCOc1ccc(CC2C(=O)N(c3ccc(C(C)(C)C)cc3)C2C(=O)O)cc1,4.74
Cc1oc(-c2ccccc2)nc1CCOc1cccc(CC2C(=O)N(c3ccc(C(C)(C)C)cc3)C2C(=O)O)c1,5.21
COc1cccc(-c2nc(CCOc3cccc(CC4C(=O)N(c5ccc(C(C)(C)C)cc5)C4C(=O)O)c3)c(C)o2)c1,5.68
CC(c1nc(-c2ccc(S(C)(=O)=O)cc2Cl)no1)C(N)C(F)=C1CCCC1,4.72
CS(=O)(=O)c1ccc(-c2noc(C(CCO)C(N)C(F)=C3CCCC3)n2)c(Cl)c1,4.33
CS(=O)(=O)c1ccc(-c2noc(C(CC3CC3)C(N)C(F)=C3CCCC3)n2)c(Cl)c1,5.15
CCOC(=O)C(N)c1ccc(C(=O)Nc2cc(-c3cccs3)ccc2N)cc1,5.24
O=c1[nH]ccc2nc(-c3ccc(CN4CCC(c5n[nH]c(-c6ccccn6)n5)CC4)cc3)c(-c3ccccc3)cc12,5.25
Nc1nnc2c3cc(-c4ccccc4)c(-c4ccc(CN5CCC(c6n[nH]c(-c7ccccn7)n6)CC5)cc4)nc3ccn12,5.27
ClCc1nnc2c3cc(-c4ccccc4)c(-c4ccc(CN5CCC(c6n[nH]c(-c7ccccn7)n6)CC5)cc4)nc3ccn12,5.7
Cc1nnc2c3cc(-c4ccccc4)c(-c4ccc(CN5CCC(c6n[nH]c(-c7ccccn7)n6)CC5)cc4)nc3ccn12,5.56
Oc1nnc2c3cc(-c4ccccc4)c(-c4ccc(CN5CCC(c6n[nH]c(-c7ccccn7)n6)CC5)cc4)nc3ccn12,5.28
COc1ccc(CC(C)(C)NCC(O)COc2ccccc2C#N)cc1,5.46
CC(C(O)c1ccc(O)cc1)N1CCC(O)(c2ccccc2)CC1,5.0
CC(C(O)c1ccc2c(c1)CNC(=O)N2)N1CCC(O)(c2ccc(F)cc2)CC1,5.13
CC(C(O)c1ccc2c(c1)COC(=O)N2)N1CCC(O)(c2ccc(F)cc2)CC1,5.62
CC(C(O)c1ccc2c(c1)CN(C)C(=O)N2)N1CCC(O)(c2ccc(F)cc2)CC1,5.51
CC(C(O)c1ccc2[nH]c(=O)oc2c1)N1CCC(O)(c2ccc(F)cc2)CC1,5.58
CC(C(O)c1ccc2c(c1)CCC(=O)N2)N1CCC(O)(c2ccc(F)cc2)CC1,5.07
CC(C(O)c1ccc2c(c1)CCC(=O)N2)N1CCC(O)(c2cccc(F)c2)CC1,5.0
COc1cccc(C2(O)CCN(C(C)C(O)c3ccc4c(c3)CCC(=O)N4)CC2)c1,4.96
CC(C(O)c1ccc2c(c1)OCC(=O)N2)N1CCC(O)(c2ccc(F)cc2)CC1,5.8
CC(C(O)c1ccc2c(c1)CCC(=O)N2)N1CCC(O)(c2ccc3c(c2)COCC3)CC1,4.8
CC(=O)C1=NN(c2cc(C)ccc2F)CC1(CCCN(C)C)c1ccccc1,5.52
Cc1[nH]nc2c1c(=O)n(CC(F)CN)c1cc(C3CCCCC3)c(C3CCCCC3)cc21,4.88
Cc1[nH]nc2c1c(=O)n(CCCN)c1cc(C3CCCCC3)c(C3CCCCC3)cc21,5.28
CC(=O)C1=NN2c3cc(F)ccc3OCC2C1(CCCN(C)C)c1ccccc1,5.23
CC(=O)C1=NN2c3cc(Cl)ccc3OCC2C1(CCCN1CCOCC1)c1ccccc1,5.48
CC(=O)C1=NN2c3cc(Cl)ccc3OCC2C1(CCCN1CCN(C(C)=O)CC1)c1ccccc1,5.25
CC(=O)C1=NN2c3cc(F)ccc3OCC2C1(CCCN1CCC(=O)N(C)CC1)c1ccccc1,5.02
CC(=O)C1=NN2c3cc(F)ccc3OCC2C1(CCCN1CCNC(=O)CC1)c1ccccc1,4.77
CC(=O)C1=NN2c3cc(Cl)ccc3OCC2C1(CCCN(C)C)c1ccccc1,5.7
CC(=O)C1=NN2c3cc(F)ccc3OCC2C1(CCCN1CCOCC1)c1ccccc1,5.21
CC(=O)C1=NN2c3cc(C)ccc3OCC2C1(CCCN1CCOCC1)c1ccccc1,5.2
CC(=O)C1=NN2c3cc(F)ccc3OCC2C1(CCCN)c1ccccc1,6.03
CC(=O)C1=NN2c3cc(F)ccc3OCC2C1(CCCO)c1ccccc1,4.75
CC(=O)C1=NN2c3cc(F)ccc3OCC2C1(CCCN1CCNCC1)c1ccccc1,5.34
Cc1cc(CN2CC(N)C(C(=O)C3CCCC3C#N)C2)cc(C)c1C#N,4.54
Cc1cc(CN2CC(N)C(C(=O)C3CCCC3C#N)C2)ccc1C#N,4.71
N#CC1CCCN1C(=O)C1CN(Cc2ccc(-n3cncn3)cc2)CC1N,5.75
CC(c1ccc(C#N)cc1)N1CC(N)C(C(=O)N2CCCC2C#N)C1,5.0
c1ccc(CC2(c3ccc4sccc4c3)CCNC2)cc1,4.96
N#Cc1cc2cc(C3(Cc4ccccc4)CCNC3)ccc2[nH]1,5.85
CNCCC(c1ccccc1)c1c[nH]c2ccccc12,6.0
CCCCC1(c2ccc3[nH]ccc3c2)CCNC1,5.36
Cn1ccc2cc(C3(Cc4ccccc4)CCNC3)ccc21,5.16
Cc1cccc(NC(=O)c2ccc(-c3ccc(Cl)cc3)o2)c1,4.57
Cc1cccc(NC(=N)c2ccc(-c3ccc(Cl)cc3)o2)c1,5.68
CN1CCCc2cc(NC(=O)c3ccc(-c4ccc(Cl)cc4)o3)ccc21,5.28
Cc1cccc(NC(=O)c2ccc(-c3ccc(C#N)cc3)o2)c1,5.24
CC(NC(=O)c1ccc(-c2ccc(Cl)cc2)o1)C(=O)N1CCN(CCCOc2ccc(C(=O)C3CC3)cc2)CC1,6.1
CC(C)C1(C(=O)NCc2cc(C(F)(F)F)cc(C(F)(F)F)c2)CCC(N2CCC(c3cccc(F)c3)CC2)C1,7.35
CC(C)(O)C1(C(=O)NCc2cc(C(F)(F)F)cc(C(F)(F)F)c2)CCC(N2CCC(c3ccc(F)cc3)CC2)C1,7.27
CC(C)C1(C(=O)NCc2cc(C(F)(F)F)cc(C(F)(F)F)c2)CCC(N2CCC(c3cncnc3)CC2)C1,5.85
CC(C)(O)C1(C(=O)NCc2cc(C(F)(F)F)cc(C(F)(F)F)c2)CCC(N2CCC(c3cccc(C(=O)O)c3)CC2)C1,4.71
CC(C)C1(C(=O)NCc2cc(C(F)(F)F)cc(C(F)(F)F)c2)CCC(N2CCC(c3ccncn3)CC2)C1,6.89
CC(C)C1(C(=O)NCc2cc(C(F)(F)F)cc(C(F)(F)F)c2)CCC(N2CCC(c3ccc(F)cc3)CC2)C1,7.8
CC(C)C1(C(=O)NCc2cc(C(F)(F)F)cc(C(F)(F)F)c2)CCC(N2CCC(c3cccnc3)CC2)C1,6.65
CC(C)(O)C1(C(=O)NCc2cc(C(F)(F)F)cc(C(F)(F)F)c2)CCC(N2CCC(c3cncnc3)CC2)C1,6.07
COc1cccc(C2CCN(C3CCC(C(=O)NCc4cc(C(F)(F)F)cc(C(F)(F)F)c4)(C(C)C)C3)CC2)c1,6.66
CC(C)C1(C(=O)NCc2cc(C(F)(F)F)cc(C(F)(F)F)c2)CCC(N2CCC(c3cccc(O)c3)CC2)C1,7.17
CN(C)CCN1CCN(c2ncc3cc(-c4ccccc4)c(-c4ccc(CN5CCC(c6nnc(-c7cc[n+]([O-])cc7)[nH]6)CC5)cc4)nc3n2)CC1,5.1
O=c1[nH]ccc2nc(-c3ccc(CN4CCC(c5nnc(-c6cnccn6)[nH]5)CC4)cc3)c(-c3ccccc3)cc12,5.07
CN(C)CCN1CCN(c2ncc3cc(-c4ccccc4)c(-c4ccc(CN5CCC(c6nnc(-c7ccc(=O)[nH]c7)[nH]6)CC5)cc4)nc3n2)CC1,6.1
CN1CCN(c2ccc3nc(-c4ccccc4)c(-c4ccc(CN5CCC(c6nnc(-c7ccc(N)nc7)[nH]6)CC5)cc4)nc3n2)CC1,5.33
Nc1ccc(-c2nnc(C3CCN(Cc4ccc(-c5nc6nc(N7CCN(CCO)CC7)ncc6cc5-c5ccccc5)cc4)CC3)[nH]2)cn1,5.13
COc1ccc(-c2nnc(C3CCN(Cc4ccc(-c5nc6cc[nH]c(=O)c6cc5-c5ccccc5)cc4)CC3)[nH]2)cn1,5.91
CN(C)CCN1CCN(c2ccc3nc(-c4ccccc4)c(-c4ccc(CN5CCC(c6nnc(-c7ccccn7)[nH]6)CC5)cc4)nc3n2)CC1,5.22
CN1CCN(c2ncc3cc(-c4ccccc4)c(-c4ccc(CN5CCC(c6nnc(-c7cc[n+]([O-])cc7)[nH]6)CC5)cc4)nc3n2)CC1,5.01
O=c1ccc(-c2nnc(C3CCN(Cc4ccc(-c5nc6nc(N7CCN(CCO)CC7)ncc6cc5-c5ccccc5)cc4)CC3)[nH]2)c[nH]1,5.17
CN1CCN(c2ccc3nc(-c4ccc(CN5CCC(c6nnc(-c7ccccn7)[nH]6)CC5)cc4)c(-c4ccccc4)nc3n2)CC1,5.67
CN1CCN(c2ccc3nc(-c4ccccc4)c(-c4ccc(CN5CCC(c6nnc(-c7ncccn7)[nH]6)CC5)cc4)nc3n2)CC1,5.08
CN(C)CCN1CCN(c2ncc3cc(-c4ccccc4)c(-c4ccc(CN5CCC(c6nnc(-c7ccccn7)[nH]6)CC5)cc4)nc3n2)CC1,5.68
CN1CCN(c2ncc3cc(-c4ccccc4)c(-c4ccc(CN5CCC(c6nnc(-c7ccc(N)nc7)[nH]6)CC5)cc4)nc3n2)CC1,5.21
CN(C)CCN1CCN(c2ncc3cc(-c4ccccc4)c(-c4ccc(CN5CCC(c6nnc(-c7ncccn7)[nH]6)CC5)cc4)nc3n2)CC1,5.32
CN(C)CCN1CCN(c2ncc3cc(-c4ccccc4)c(-c4ccc(CN5CCC(c6nnc(-c7ccc(N)nc7)[nH]6)CC5)cc4)nc3n2)CC1,5.46
CN1CCN(c2ccc3nc(-c4ccccc4)c(-c4ccc(CN5CCC(c6nnc(-c7ccccn7)[nH]6)CC5)cc4)nc3n2)CC1,5.04
Nc1ccc(-c2nnc(C3CCN(Cc4ccc(-c5nc6cc[nH]c(=O)c6cc5-c5ccccc5)cc4)CC3)[nH]2)cn1,5.0
COc1ccccc1Oc1cccc(CN2CCC3(CC2)CCN(C(=O)c2ccc(Cl)cc2)CC3)c1,7.0
COc1ccccc1Oc1cccc(CN2CCC3(CC2)CCN(C(=O)c2cccc[n+]2[O-])CC3)c1,4.82
COc1ccccc1Oc1ccccc1CN1CCC2(CC1)CCN(C(=O)c1ccc(Cl)cc1)CC2,8.6
COc1ccccc1Oc1ccccc1CN1CCC2(CC1)CCN(C(=O)c1cc[n+]([O-])cc1)CC2,6.68
O=C(c1ccc(Cl)cc1)N1CCC2(CCN(Cc3ccccc3Oc3ccccc3)CC2)CC1,8.19
O=C(c1ccncc1)N1CCC2(CCN(Cc3cccc(Oc4ccccc4)c3)CC2)CC1,6.44
O=C(c1ccc(Cl)cc1)N1CCC2(CCN(Cc3cccc(Oc4ccccc4)c3)CC2)CC1,7.09
O=C(c1ccncn1)N1CCC2(CCN(Cc3cccc(Oc4ccccc4)c3)CC2)CC1,5.85
COc1ccccc1Oc1ccccc1CN1CCC2(CC1)CCN(C(=O)c1cccc[n+]1[O-])CC2,5.72
O=C(c1cc[n+]([O-])cc1)N1CCC2(CCN(Cc3cccc(Oc4ccccc4)c3)CC2)CC1,4.85
O=C(c1ccncc1)N1CCC2(CCN(Cc3ccccc3Oc3ccccc3)CC2)CC1,7.68
COc1ccccc1Oc1cccc(CN2CCC3(CC2)CCN(C(=O)c2cc[n+]([O-])cc2)CC3)c1,5.07
Cc1ncoc1-c1nnc(SCCCN2CCc3cc4nc(C(F)(F)C(F)(F)F)oc4cc3CC2)n1C,6.7
CCCc1nc2cc3c(cc2o1)CCN(CCCSc1nnc(-c2cccc4nc(C)ccc24)n1C)CC3,6.2
Cc1noc2cc3c(cc12)CCN(CCCSc1nnc(-c2ccc(C(F)(F)F)cc2)n1C)CC3,6.9
Cc1ccc2c(-c3nnc(SCCN4CCc5cc6nc(C)oc6c(Br)c5CC4)n3C)cccc2n1,5.2
Cc1ccc2c(-c3nnc(SCCCN4CCc5cc6ncoc6cc5CC4)n3C)cccc2n1,5.4
Cc1ccc2c(-c3nnc(SCCC(C)N4CCc5cc6nc(C)oc6c(C)c5CC4)n3C)cccc2n1,4.9
CCc1nc2cc3c(c(C)c2o1)CCN(CCSc1nnc(-c2cccc4nc(C)ccc24)n1C)CC3,5.6
CCc1nc2cc3c(cc2o1)CCN(CCCSc1nnc(-c2ocnc2C)n1C)CC3,5.2
Cc1ccc2c(-c3nnc(SCCCN4CCc5cc6c(cc5CC4)N(C)C(=O)CO6)n3C)cccc2n1,5.3
Cc1ccc2c(-c3nnc(SCCC(C)N4CCc5cc6nc(C(F)(F)F)oc6c(C)c5CC4)n3C)cccc2n1,6.0
Cc1ncoc1-c1nnc(SCCCN2CCc3cc4onc(C)c4cc3CC2)n1C,5.2
Cc1ccc2c(-c3nnc(SCCCN4CCc5cc6nc(C7CC7)oc6cc5CC4)n3C)cccc2n1,6.0
Cc1ncoc1-c1nnc(SCCCN2CCc3cc4c(cc3CC2)N(C)C(=O)CO4)n1C,4.6
Cc1ncoc1-c1nnc(SCCCN2CCc3cc4ncoc4cc3CC2)n1C,5.2
Cc1ccc2c(-c3nnc(SCCCN4CCc5cc6c(cc5CC4)N(S(C)(=O)=O)CCO6)n3C)cccc2n1,5.1
Cc1ccc2c(-c3nnc(SCCN4CCc5cc6nc(C(F)(F)F)oc6c(C)c5CC4)n3C)cccc2n1,6.4
Cc1ccc2c(-c3nnc(SCCCN4CCc5cc6onc(C)c6cc5CC4)n3C)cccc2n1,6.1
Cc1ccc2c(-c3nnc(SCCCN4CCc5cc6nc(CC7CC7)oc6cc5CC4)n3C)cccc2n1,5.9
Cc1nc2cc3c(cc2o1)CCN(CCCSc1nnc(-c2cccnc2)n1C)CC3,4.3
Cc1ccc2c(-c3nnc(SCCCN4CCc5cc6nc(C(C)(C)C)oc6c(Br)c5CC4)n3C)cccc2n1,6.4
CCc1nc2cc3c(c(Br)c2o1)CCN(CCCSc1nnc(-c2cccc4nc(C)ccc24)n1C)CC3,5.9
Cc1ccc2c(-c3nnc(SCCCN4CCc5cc6nc(C(C)(F)F)oc6cc5CC4)n3C)cccc2n1,5.9
Cc1ccc2c(-c3nnc(SCCN4CCc5cc6nc(C)oc6c(C)c5CC4)n3C)cccc2n1,4.9
CCc1nc2cc3c(c(C)c2o1)CCN(C(C)CCSc1nnc(-c2cccc4nc(C)ccc24)n1C)CC3,5.4
Cc1ccc2c(-c3nnc(SCCCCN4CCc5cc6c(cc5CC4)C(=O)N(C)C6)n3C)cccc2n1,4.5
CCc1nc2cc3c(cc2o1)CCN(CCCSc1nnc(-c2ccc(F)c(F)c2)n1C)CC3,5.9
Cc1ccc2c(-c3nnc(SCCCN4CCc5cc6c(cc5CC4)OCCN6)n3C)cccc2n1,6.4
Cc1ccc2c(-c3nnc(SCCCN4CCc5cc6nc(C(C)(C)C)oc6cc5CC4)n3C)cccc2n1,6.1
Cc1ccc2c(-c3nnc(SCCCCN4CCc5cc6nc(C)oc6c(C)c5CC4)n3C)cccc2n1,5.8
Cc1ccc2c(-c3nnc(SCCC(C)N4CCc5cc6c(cc5CC4)C(=O)N(C(C)C)C6)n3C)cccc2n1,5.6
Cc1nc2cc3c(cc2s1)CCN(CCCSc1nnc(-c2ocnc2C)n1C)CC3,5.5
Cc1ncoc1-c1nnc(SCCCN2CCc3cc4c(cc3CC2)OCC(=O)N4)n1C,7.2
CCc1nc2cc3c(c(Br)c2o1)CCN(CCCCSc1nnc(-c2cccc4nc(C)ccc24)n1C)CC3,5.8
Cc1nc2cc3c(cc2o1)CCN(CCCCSc1nnc(-c2ocnc2C)n1C)CC3,4.3
CCc1nc2cc3c(c(C)c2o1)CCN(CCCSc1nnc(-c2cccc4nc(C)ccc24)n1C)CC3,6.3
Cc1ccc2c(-c3nnc(SCCCN4CCc5cc6nc(C(F)(F)C(F)(F)F)oc6cc5CC4)n3C)cccc2n1,7.0
Cc1ncoc1-c1nnc(SCCCN2CCc3cc4nc(C(C)C)oc4cc3CC2)n1C,5.4
CCc1nn(C)c2cc3c(cc12)CCN(CCCSc1nnc(-c2cccc4nc(C)ccc24)n1C)CC3,6.0
Cc1ccc2c(-c3nnc(SCCCCN4CCc5cc6nc(C(F)(F)F)oc6c(C)c5CC4)n3C)cccc2n1,6.6
Cc1ccc2c(-c3nnc(SCCCN4CCc5cc6c(cc5CC4)OCC(=O)N6)n3C)cccc2n1,8.2
Cc1ccc2c(-c3nnc(SCCCN4CCc5cc6nc(CC(F)(F)F)oc6cc5CC4)n3C)cccc2n1,5.6
Cc1ccc2c(-c3nnc(SCCCN4CCc5cc6nc(N7CCCCC7)oc6cc5CC4)n3C)cccc2n1,5.3
Cc1ccc2c(-c3nnc(SCCC(C)N4CCc5cc6c(cc5CC4)C(=O)N(C)C6)n3C)cccc2n1,4.4
Cc1nc2cc3c(cc2o1)CCN(CCCSc1nnc(-c2ccc(C(F)(F)F)cc2)n1C)CC3,5.4
CCc1nc2cc3c(cc2o1)CCN(CCCSc1nnc(-c2ccc(C(F)(F)F)cc2)n1C)CC3,6.6
CCc1nc2cc3c(c(Br)c2o1)CCN(C(C)CCSc1nnc(-c2cccc4nc(C)ccc24)n1C)CC3,5.5
Cc1ccc2c(-c3nnc(SCCCN4CCc5cc6nc(C(F)(F)F)oc6cc5CC4)n3C)cccc2n1,6.0
CCc1nc2cc3c(cc2o1)CCN(CCCSc1nnc(-c2cccnc2)n1C)CC3,4.8
Cc1ncoc1-c1nnc(SCCCN2CCc3cc4nc(CC5CC5)oc4cc3CC2)n1C,6.0
CCc1noc2cc3c(cc12)CCN(CCCSc1nnc(-c2cccc4nc(C)ccc24)n1C)CC3,6.0
Cc1ccc2c(-c3nnc(SCCC(C)N4CCc5cc6nc(C)oc6c(Br)c5CC4)n3C)cccc2n1,5.0
CCc1nc2cc3c(cc2s1)CCN(CCCSc1nnc(-c2cccc4nc(C)ccc24)n1C)CC3,6.6
Cc1ccc2c(-c3nnc(SCCCN4CCc5cc6nc(C)oc6c(C)c5CC4)n3C)cccc2n1,5.3
Cc1nc2cc3c(cc2o1)CCN(CCCSc1nnc(-c2ccc(F)c(F)c2)n1C)CC3,5.0
Cc1ccc2c(-c3nnc(SCCCN4CCc5cc6nc(-c7cc(C)nn7C)oc6cc5CC4)n3C)cccc2n1,6.3
Cc1ccc2c(-c3nnc(SCCCCN4CCc5cc6nc(C(F)(F)F)oc6c(Br)c5CC4)n3C)cccc2n1,6.6
Cc1ccc2c(-c3nnc(SCCCCN4CCc5cc6nc(C)oc6c(Br)c5CC4)n3C)cccc2n1,5.3
CC(=O)N1CCOc2cc3c(cc21)CCN(CCCSc1nnc(-c2cccc4nc(C)ccc24)n1C)CC3,5.0
Cc1ccc2c(-c3nnc(SCCCN4CCc5cc6nc(C(C)(C)C)oc6c(C)c5CC4)n3C)cccc2n1,6.6
Cc1ccc2c(-c3nnc(SCCC(C)N4CCc5cc6nc(C(F)(F)F)oc6c(Br)c5CC4)n3C)cccc2n1,5.7
Cc1ccc2c(-c3nnc(SCCCN4CCc5cc6nc(C)sc6cc5CC4)n3C)cccc2n1,5.6
Cc1ccc2c(-c3nnc(SCCCN4CCc5cc6nc(C(C)C)oc6cc5CC4)n3C)cccc2n1,5.7
Cc1cc2c(-c3nnc(SCCCN4CCc5ccc(-c6cc(C)nn6C)cc5CC4)n3C)cccc2cn1,5.7
CCc1nc2cc3c(cc2s1)CCN(CCCSc1nnc(-c2ocnc2C)n1C)CC3,5.9
Cc1ccc2c(-c3nnc(SCCCCN4CCc5cc6c(cc5CC4)C(=O)N(C(C)C)C6)n3C)cccc2n1,5.4
CCc1nc2cc3c(c(C)c2o1)CCN(CCCCSc1nnc(-c2cccc4nc(C)ccc24)n1C)CC3,5.8
Cc1ccc2c(-c3nnc(SCCCN4CCc5cc6nc(C)oc6c(Br)c5CC4)n3C)cccc2n1,5.6
Cc1ccc2c(-c3nnc(SCCN4CCc5cc6nc(C)oc6cc5CC4)n3C)cccc2n1,4.3
Cc1ccc2c(-c3nnc(SCCCN4CCc5cc6nc(N(C)C)oc6cc5CC4)n3C)cccc2n1,4.7
Cc1ccc2c(-c3nnc(SCCCN4CCc5cc6c(cc5CC4)C(=O)N(C(C)C)C6)n3C)cccc2n1,5.4
CCc1nc2cc3c(cc2o1)CCN(CCCSc1nnc(-c2cccc4nc(C)ccc24)n1C)CC3,5.3
Cc1cc(-c2nc3cc4c(cc3o2)CCN(CCCSc2nnc(-c3ocnc3C)n2C)CC4)n(C)n1,6.0
CNCCC(Oc1ccccc1C)c1ccccc1,5.68
OC1CC(CN2CCC(c3ccccc3)CC2)CCc2cccnc21,4.96
OC1CC(CN2CCC(c3ccc(F)cc3Cl)C(O)C2)CCc2cccnc21,4.89
Cc1ccccc1C1CCN(CC2CCc3c(C)cccc3C(O)C2)CC1,7.07
Cc1ccccc1C1CCN(CC2CCc3cccnc3C(O)C2)CC1CO,4.7
Cc1ccccc1C1CCN(CC2CCc3cccnc3C(O)C2)CC1C,5.04
CC1(c2ccccc2)CCN(CC2CCc3cccnc3C(O)C2)CC1,4.96
Cc1ccccc1C1CCN(CC2CCc3cccnc3C(O)C2)CC1O,4.4
Cc1cc(F)ccc1C1CCN(CC2CCc3cccnc3C(O)C2)CC1O,4.89
Cc1ccccc1N1CCN(CC2CCc3cccnc3C(O)C2)CC1,5.64
OC1CC(CN2CCC(c3c(Cl)cccc3Cl)CC2)CCc2cccnc21,6.03
Cc1cc(C)n(-c2cc(NC(=O)CN3CCCN(C)CC3)nc(-c3ccc(C)o3)n2)n1,6.54
Cc1cc(C)n(-c2cc(NC(=O)CCN3CCC(N(C)C)C3)nc(-c3ccc(C)o3)n2)n1,5.64
Cc1cc(C)n(-c2cc(NC(=O)CN3CCC(CN(C)C)CC3)nc(-c3ccc(C)o3)n2)n1,5.78
CCNC1CCN(CC(=O)Nc2cc(-n3nc(C)cc3C)nc(-c3ccc(C)o3)n2)C1,6.38
Cc1cc(C)n(-c2cc(NC(=O)CN3CCC(CN(C)C)C3)nc(-c3ccc(C)o3)n2)n1,6.0
Cc1cc(C)n(-c2cc(NC(=O)CCN(C)C)nc(-c3ccc(C)o3)n2)n1,6.19
Cc1cc(C)n(-c2cc(NC(=O)CN3CCC(N(C)C)C3)nc(-c3ccc(C)o3)n2)n1,6.22
Cc1cc(C)n(-c2cc(NC(=O)CN3CCN(C)CC3)nc(-c3ccc(C)o3)n2)n1,6.02
CCN(CC)Cc1ccc(Nc2ccnc3cc(Cl)ccc23)cc1O,5.41
CCN(CC)CCCC(C)Nc1ccnc2cc(Cl)ccc12,5.6
CCN(CC)Cc1cc(Nc2ccnc3cc(Cl)ccc23)ccc1O,5.62
CC(=O)Nc1cc(-c2cccc(N3CCN(C)CC3)n2)nc(-n2nc(C)cc2C)n1,6.27
COc1cncc(-c2cc(NC(C)=O)nc(-n3nc(C)cc3C)n2)c1,4.62
CC1(C)CC(CN2CCC(F)(CNC(=O)c3cc(Cl)cc(Cl)c3)CC2)CCO1,5.54
CC(C)(C)CCN1CCC(CNC(=O)Nc2cccc(Cl)c2)(c2ccccc2)CC1,7.06
CC(C)(C)CCN1CCC(CNC(=O)c2cc(Cl)cc(Cl)c2)CC1,5.71
Cc1ccc(CN2CCC(CNC(=O)c3cc(Cl)cc(Cl)c3)CC2)cc1,6.87
CN1C(=O)C(CN2CCCCC2)CC1C#Cc1ccccc1,5.16
Cc1nn(-c2ccccc2)cc1CN1CCC2(CC1)OCc1ccccc12,6.13
Cc1cccnc1-n1cc(CN2CCC3(CC2)OCc2ccccc23)c(C)n1,4.89
Cc1nn(-c2ncccc2Cl)cc1CN1CCC2(CC1)OCc1ccccc12,5.11
Cc1nn(-c2c(Cl)cccc2NS(C)(=O)=O)cc1CN1CCC2(CC1)OCc1ccccc12,4.77
O=C(OC1CC2CC3CC(C1)N2CC3O)c1c[nH]c2ccccc12,5.23
Cn1c(-c2ccc(OC3CCN(C4CCC4)CC3)cc2)nc2ccccc2c1=O,5.25
Cn1c(-c2ccc(OCCCN3CCCCC3)cc2)nc2ccccc2c1=O,5.55
CCn1c(-c2ccc(OCCCN3CCCCC3)cc2)nc2ccccc2c1=O,5.77
O=c1c2ccccc2nc(-c2ccc(OCCCN3CCCCC3)cc2)n1-c1ccccc1,6.34
Cc1cccc2c(=O)n(C)c(-c3ccc(OC4CCN(C5CCC5)CC4)cc3)nc12,5.7
CCCn1c(-c2ccc(OCCCN3CCCCC3)cc2)nc2ccccc2c1=O,5.75
COc1ccc2c(=O)n(C)c(-c3ccc(OC4CCN(C5CCC5)CC4)cc3)nc2c1,5.37
Cn1c(-c2ccc(OC3CCN(C4CCC4)CC3)cc2)nc2c(Cl)cccc2c1=O,5.96
Cc1nc2ccccc2c(=O)n1-c1ccc(OCCCN2CCCCC2)cc1,5.1
Cn1c(-c2ccc(OCCCN3CCCC3)cc2)nc2ccccc2c1=O,5.54
CC(C)n1c(-c2ccc(OCCCN3CCCCC3)cc2)nc2ccccc2c1=O,5.52
Cn1c(-c2ccc(OC3CCN(C4CCCC4)CC3)cc2)nc2ccccc2c1=O,5.54
Cn1c(-c2ccc(OC3CCN(C4CCC4)CC3)cc2)nc2c(C(F)(F)F)cccc2c1=O,6.46
O=c1c2ccccc2nc(-c2ccc(OCCCN3CCCCC3)cc2)n1Cc1ccccc1,6.77
Cn1c(-c2ccc(OC3CCN(C4CCC4)CC3)cc2)nc2c(F)cccc2c1=O,5.1
C1=C(CSC(=NC2CCCCC2)NC2CCCCC2)N2CCN=C2S1,5.07
CC1(C)CN2C(CSC(=NC3CCCCC3)NC3CCCCC3)=CSC2=N1,4.88
CNCc1ccc(Cl)cc1Oc1ccc(C)c(C)c1,5.76
CNCc1cc(C(N)=O)ccc1Oc1ccc(Cl)c(Cl)c1,5.26
CSc1ccc(Oc2ccccc2CN(C)C)cc1,5.52
CNC(C)c1cc(C)ccc1Oc1ccc(Cl)c(Cl)c1,5.57
CNCc1cc(OC)c(OC)cc1Oc1ccc(Cl)c(Cl)c1,5.0
CNCc1cc(C(F)(F)F)ccc1Oc1ccc(C)cc1,4.98
CNCc1cc(C)c(C)cc1Oc1ccc(Cl)c(Cl)c1,5.83
CNCc1ccc(Cl)cc1Oc1ccc(Cl)c(F)c1,5.91
CNCc1cc(F)c(OC)cc1Oc1ccc(Cl)c(Cl)c1,5.67
CNCc1ccc(C(F)(F)F)cc1Oc1ccc(Cl)cc1,5.29
CNCc1ccc(Cl)cc1Oc1ccc(Cl)c(C)c1,5.75
CNCc1ccc(Cl)cc1Oc1ccc(C)c(Cl)c1,5.97
CNCc1ccc(Br)cc1Oc1ccc(Cl)c(Cl)c1,6.01
CNCc1cc(C(F)(F)F)ccc1Oc1ccc(Cl)c(Cl)c1,5.88
CNCc1cc(Br)ccc1Oc1ccc(Cl)c(Cl)c1,5.79
CNCc1cc(Cl)ccc1Oc1ccc(C)c(C)c1,5.28
CCc1cc(Oc2ccc(F)cc2CNC)ccc1Cl,5.34
CNCc1ccc(C#N)cc1Oc1ccc(Cl)c(Cl)c1,5.88
CNCc1cc(F)c(Cl)cc1Oc1ccc(Cl)c(Cl)c1,5.49
COc1ccc(CN(C)C)c(Oc2ccc(Cl)c(Cl)c2)c1,6.63
CNCc1cc(S(=O)(=O)NC)ccc1Oc1ccc(Cl)c(Cl)c1,5.32
CNCc1ccc(Cl)cc1Oc1ccc(F)c(C(F)(F)F)c1,6.06
CN(C)Cc1ccc(C(F)(F)F)cc1Oc1ccc(Cl)c(Cl)c1,5.95
CNC(C)c1cc(F)ccc1Oc1ccc(Cl)cc1,5.28
CNC(C)c1ccc(Cl)cc1Oc1ccc(C)cc1,5.43
CNCc1cc(Cl)ccc1Oc1ccc(Cl)cc1,5.32
CNC(C)c1ccccc1Oc1ccc(Cl)c(Cl)c1,5.42
CNCc1ccc(Cl)cc1Oc1ccc(F)c(C)c1,5.52
CC(c1ccccc1Oc1ccc(Cl)c(Cl)c1)N(C)C,6.05
CNCc1cc(F)ccc1Oc1ccc(C)c(C)c1,4.7
CNCc1cc(F)ccc1Oc1ccc(Cl)c(F)c1,5.33
CNCc1cc(F)ccc1Oc1ccc(Cl)c(Cl)c1,5.25
CNCc1cc(F)ccc1Oc1ccc(F)c(Cl)c1,5.08
CNCc1ccc(Cl)cc1Oc1ccc(Cl)cc1,6.19
CNCc1ccc(Cl)cc1Oc1cccc(Cl)c1,5.68
CNC(C)c1ccc(Cl)cc1Oc1ccc(C)c(C)c1,5.61
CNC(C)c1cc(C(F)(F)F)ccc1Oc1ccc(Cl)c(Cl)c1,5.52
CCc1cc(Oc2cc(Cl)ccc2CNC)ccc1Cl,5.94
Cc1ccc(Oc2ccc(Cl)c(Cl)c2)c(CN(C)C)c1,5.47
CNCc1ccc(Cl)cc1Oc1ccc(C)cc1,5.79
CNCc1ccc(C(F)(F)F)cc1Oc1ccc(Cl)c(Cl)c1,5.92
CNC(C)c1cc(F)ccc1Oc1ccc(Cl)c(Cl)c1,5.17
CNCc1cc(C#N)ccc1Oc1ccc(Cl)c(Cl)c1,5.34
CNCc1ccc(OC)cc1Oc1ccc(Cl)c(Cl)c1,6.16
CNCc1cc(F)ccc1Oc1ccc(Cl)cc1,5.13
CNCc1ccccc1Oc1ccc(Cl)c(Cl)c1,5.41
CNCc1ccc(Cl)cc1Oc1ccc(F)c(Cl)c1,5.68
CNCc1ccc(F)cc1Oc1ccc(Cl)c(Cl)c1,5.52
CNCc1cc(Cl)ccc1Oc1ccc(Cl)c(Cl)c1,5.51
COc1ccc(NC(=O)c2ccc(C(=N)N(C)C)cc2)c(C(=O)Nc2ccc(Cl)cn2)c1,5.05
COc1ccc(NC(=O)c2ccc(C(=N)N(C)C)cc2F)c(C(=O)Nc2ccc(Cl)cn2)c1,5.38
CN(C)C(=N)c1ccc(C(=O)Nc2ccc(Cl)cc2C(=O)Nc2ccc(Cl)cn2)cc1,6.48
CCN1CCN(c2cc3[nH]c(SC4(C)CCC(c5nc(C)no5)CC4)nc3cc2Cl)CC1,6.42
CCN1CCN(c2cc3[nH]c(SC4(C)CCC(c5nnnn5C)CC4)nc3cc2Cl)CC1,5.2
CCOC(=O)N1CCC(C)(Sc2nc3cc(Cl)c(N4CCN(CC)CC4)cc3[nH]2)CC1,5.41
CCN1CCN(c2cc3[nH]c(SC4(C)CCC(NC(=O)OC)CC4)nc3cc2Cl)CC1,5.82
CCN1CCN(c2cc3[nH]c(SC4(C)CCC(c5nnn(C)n5)CC4)nc3cc2Cl)CC1,5.36
CCN1CCN(c2cc3[nH]c(SC4(C)CCC(NC(=O)OC)C4)nc3cc2Cl)CC1,5.7
CC1CN(CCO)CCN1c1cc2[nH]c(SC(C)(C)C)nc2cc1Cl,5.8
CCN1CCN(c2cc3[nH]c(SC(C)(C)C)nc3cc2Cl)C(C)C1,6.0
Cc1ncc(C)c(C(=O)N2CCC(C(N)Cc3cc(F)c(F)cc3F)CC2)n1,4.07
Cc1cc2ncc(C(=O)N3CCC(C(N)Cc4cc(F)c(F)cc4F)CC3)c(C)n2n1,4.75
NC(Cc1cc(F)c(F)cc1F)C1CCN(C(=O)c2cnc3ncccn23)CC1,4.23
Cc1nccnc1C(=O)N1CCC(C(N)Cc2cc(F)c(F)cc2F)CC1,4.26
Fc1ccc(-c2noc(C3CCN(c4cnc5ccc(Cl)cc5c4)CC3)n2)c(Cl)c1,6.3
COC(=O)C(CCCN(C)CCCc1nc2ccccc2[nH]1)(c1ccc(Br)cc1)C(C)C,6.75
CC(C)C(=O)N(Cc1ccc(Cl)cc1Cl)C1CCNC1,4.4
Cc1c(C(=O)c2ccc(Cl)cc2)c2ccc(OC(F)(F)F)cc2n1Cc1cccc(OC(C)C(=O)O)c1,5.49
CS(=O)(=O)N1CCN(Cc2cc3nc(-c4cccc5[nH]ncc45)nc(N4CCOCC4)c3s2)CC1,4.19
Cc1nc2ccc(Cl)cc2c(=O)n1-c1ccc(OC2CCN(C3CCC3)CC2)cc1,5.27
Cc1nc2ccccc2c(=O)n1-c1ccc(OC2CCCN(C3CCCC3)CC2)cc1,5.17
Cc1nc2ccccc2c(=O)n1-c1ccc(OC2CCC(N3CCCC3)CC2)cc1,5.1
Cc1nc2c(Cl)cccc2c(=O)n1-c1ccc(OC2CCN(C3CCC3)CC2)cc1,5.48
Cc1nc2ccccc2c(=O)n1-c1ccc(OC2CCCN(C3CCC3)CC2)cc1,5.14
Cc1nc2ccccc2c(=O)n1-c1ccc(OC2CCC(N3CCCC3)C2)cc1,5.0
O=C1CCCCN1C1CCN(CCOc2ccc(Oc3nc4ccccc4s3)cc2)CC1,5.75
O=C1OCCN1C1CCN(Cc2ccc(Oc3nc4ccccc4s3)cc2)CC1,4.62
c1ccc2oc(Oc3ccc(OCCN4CCCCC4)cc3)nc2c1,6.0
c1ccc2sc(Oc3ccc(CCN4CCCCC4)cc3)nc2c1,5.7
O=C1CCCN1C1CCN(CCc2ccc(Oc3nc4ccccc4s3)cc2)CC1,6.0
CC(=O)NC1CCN(CCc2ccc(Oc3nc4ccccc4s3)cc2)CC1,5.05
OC1CCN(CCc2ccc(Oc3nc4ccccc4s3)cc2)CC1,5.52
O=C1CCCN1C1CCN(Cc2ccc(Oc3nc4ccccc4s3)cc2)CC1,4.82
O=C1OCCN1C1CCN(CCOc2ccc(Oc3nc4ccccc4s3)cc2)CC1,5.57
CC(=O)OCC(=O)NC1CCN(Cc2ccc(Oc3nc4ccccc4s3)cc2)CC1,4.52
CC(=O)OCC(=O)NC1CCN(CCc2ccc(Oc3nc4ccccc4s3)cc2)CC1,5.3
CC(=O)c1cccc(-c2cccc(-n3cc(C(=O)Nc4nccc(Cl)c4Cl)c(=O)c4cccnc43)c2)c1,6.13
CC(=O)c1ccc(-c2cccc(-n3cc(C(=O)NC(C)C)c(=O)c4cccnc43)c2)cc1,5.05
CC(C)NC(=O)c1cn(-c2cccc(Br)c2)c2ncccc2c1=O,4.5
O=C(NC1CC1)c1cn(-c2cccc(C#Cc3ccc[n+]([O-])c3)c2)c2ncccc2c1=O,4.18
CSc1ccc(-c2cccc(-n3cc(C(=O)NC(C)C)c(=O)c4cccnc43)c2)cc1,6.02
CC(=O)c1cccc(-c2cccc(-n3cc(C(=O)NC(C)C)c(=O)c4cccnc43)c2)c1,5.16
O=C(Nc1c(Cl)cncc1Cl)c1cn(-c2ccc(Cl)cc2)c2ncccc2c1=O,6.7
Cc1noc(C(=Cc2cccc(-c3cc(C(C)(C)S(C)(=O)=O)cc4cccnc34)c2)c2ccc(S(C)(=O)=O)cc2)n1,4.3
O=C(NC1CC1)c1cn(-c2cccc(-c3ccncc3)c2)c2ncccc2c1=O,4.73
CC(C)NC(=O)c1cn(-c2ccccc2)c2ncccc2c1=O,4.15
CS(=O)(=O)c1ccc(-c2cccc(-n3cc(C(=O)NC4CC4)c(=O)c4cccnc43)c2)cn1,4.87
CC(C)(O)c1ccc(-c2cccc(-n3cc(C(=O)NC4CC4)c(=O)c4cccnc43)c2)cn1,4.44
O=C(NC1CC1)c1cn(-c2cccc(-c3cccnc3)c2)c2ncccc2c1=O,4.47
CCOc1cccc(-c2cccc(-n3cc(C(=O)NC(C)C)c(=O)c4cccnc43)c2)c1,5.57
CC(C)(O)c1ccc(C#Cc2cccc(-n3cc(C(=O)NC4CC4)c(=O)c4cccnc43)c2)c[n+]1[O-],4.05
Cc1noc(C(=Cc2cccc(-n3cc(C(=O)Nc4c(Cl)cncc4Cl)c(=O)c4cccnc43)c2)c2ccc(S(C)(=O)=O)cc2)n1,6.17
CC(C)(O)c1ccc(-c2cccc(-n3cc(C(=O)NC4CC4)c(=O)c4cccnc43)c2)c[n+]1[O-],4.3
O=C(NC1CC1)c1cn(-c2cccc(C#Cc3cccnc3)c2)c2ncccc2c1=O,4.78
Cc1ncc(-c2ccnc(Nc3ccc(N4CCN(S(=O)(=O)CCN(C)C)CC4)cc3)n2)n1C(C)C,4.75
Cc1ncc(-c2nc(Nc3ccc(N4CCN(C(=O)CO)CC4)cc3)ncc2F)n1C(C)C,4.75
COCCS(=O)(=O)N1CCN(c2ccc(Nc3nccc(-c4cnc(C)n4C(C)C)n3)cc2)CC1,5.08
Cc1ncc(-c2nc(Nc3ccc(N4CCOCC4)cc3)ncc2F)n1C(C)C,4.96
Cc1nc2cccc(Cl)c2c(=O)n1-c1ccc(OCCCN2CCCC2)cc1,5.09
Cc1cccc2nc(C)n(-c3ccc(OCCCN4CCCC4)cc3)c(=O)c12,5.18
Cc1nc2ccccc2c(=O)n1-c1ccc(OCCCN2CCCC(C)C2)cc1,5.28
Cc1nc2cc(F)ccc2c(=O)n1-c1ccc(OCCCN2CCCC2)cc1,5.22
Cc1ccc2c(=O)n(-c3ccc(OCCCN4CCCC4)cc3)c(C)nc2c1,5.17
CC(C)c1nc2ccccc2c(=O)n1-c1ccc(OCCCN2CCCC2)cc1,5.41
Cc1nc2c(C(F)(F)F)cccc2c(=O)n1-c1ccc(OCCCN2CCCC2)cc1,6.46
CCc1nc2ccccc2c(=O)n1-c1ccc(OCCCN2CCCC2)cc1,5.3
O=c1c2ccccc2ncn1-c1ccc(OCCCN2CCCC2)cc1,6.15
O=c1c2ccccc2nc(-c2ccccc2)n1-c1ccc(OCCCN2CCCC2)cc1,5.96
CCCc1nc2ccccc2c(=O)n1-c1ccc(OCCCN2CCCC2)cc1,5.55
Cc1cccc2c(=O)n(-c3ccc(OCCCN4CCCC4)cc3)c(C)nc12,5.8
Cc1nc2ccc(F)cc2c(=O)n1-c1ccc(OCCCN2CCCC2)cc1,5.6
Cc1nc2cc(C(F)(F)F)ccc2c(=O)n1-c1ccc(OCCCN2CCCC2)cc1,5.58
Cc1nc2ccccc2c(=O)n1-c1ccc(OCCCN2CCC(C)C2)cc1,5.19
Cc1nc2ccccc2c(=O)n1-c1ccc(OCCCN2CCCCCC2)cc1,5.18
CCC[S+]([O-])CCCN(CC)CC(O)COc1ccc(C#N)cc1,8.3
COc1cc(NS(C)(=O)=O)ccc1Nc1c2ccccc2nc2ccccc12,6.68
COc1ccc(Cl)cc1C(=O)NCCc1ccc(S(=O)(=O)NC(=O)NC2CCCCC2)cc1,4.13
CN(C)c1cn(-c2ccc(F)cc2)c2ccc(Cl)cc12,7.96
CNC(=O)c1c(NCC2CCC3(CCC3)CC2)nc(C#N)nc1OC1CC(C)(C)NC(C)(C)C1,5.3
CNC(=O)c1c(NCC2CCC3(CCC3)CC2)nc(C#N)nc1OCC1CCNCC1,5.63
CNC(=O)c1c(NCC2CCC3(CCC3)CC2)nc(C#N)nc1OCC1CCN(C(C)C)CC1,6.27
CNC(=O)c1c(NCC2CCC3(CCC3)CC2)nc(C#N)nc1OCCC1CCN(C)CC1,6.38
CNC(=O)c1c(NCC2CCC3(CCC3)CC2)nc(C#N)nc1OCC1CCN(C)CC1,6.15
CNC(=O)c1c(NCC2CCC3(CCC3)CC2)nc(C#N)nc1OCC1CCN(CCO)CC1,6.05
CNC(=O)c1c(NCCC2CCCC2)nc(C#N)nc1OCC1CCN(C)CC1,6.44
C1=C(c2ccccc2)c2ccccc2OC12CCNCC2,6.17
CCN(CC)C(=O)c1ccc(C2=CC3(CCNCC3)Oc3cccc(O)c32)cc1,4.11
CCN1CCC2(C=C(c3ccc(C(=O)N(CC)CC)cc3)c3ccccc3O2)CC1,5.74
FC(F)(F)c1ccc(C2=CC3(CCNCC3)Oc3ccccc32)cc1,6.42
CCN(CC)C(=O)c1cccc(C2=CC3(CCNCC3)Oc3ccccc32)c1,6.52
CCN(CC)C(=O)c1ccc(C2=CC3(CCNCC3)Oc3ccc(O)cc32)cc1,4.7
Cc1ccc(C2=CC3(CCNCC3)Oc3ccccc32)cc1,6.33
CCN(CC)C(=O)c1ccccc1C1=CC2(CCNCC2)Oc2ccccc21,5.19
CCN(CC)C(=O)c1ccc(C2=CC3(CCNCC3)Oc3ccccc32)cc1,5.1
CCN(CC)C(=O)c1ccc(C2=CC3(CCNCC3)Oc3c(O)cccc32)cc1,4.74
COc1ccc(C2=CC3(CCNCC3)Oc3ccccc32)cc1,6.23
Oc1ccc(C2=CC3(CCNCC3)Oc3ccccc32)cc1,6.19
CCN(CC)C(=O)c1ccc(C2=CC3(CCN(C)CC3)Oc3ccccc32)cc1,6.12
CCN(CC)C(=O)c1ccc(C2=CC3(CCN(C(C)=O)CC3)Oc3ccccc32)cc1,4.32
CCN(CC)C(=O)c1ccc(C2=CC3(CCNCC3)Oc3cc(O)ccc32)cc1,4.22
COc1cc(-n2ccnc(CCCc3ccccc3)c2=O)ccc1OCCN1CCCC1,5.14
COc1cc(-n2ccnc(NCCc3ccccc3)c2=O)ccc1OCCN1CCCC1,5.21
CC(C)OC(=O)c1ccc(NC(=O)NC(Cc2ccc(O)cc2)C(=O)NC2CCC[N+](C)(Cc3cccc(O)c3)C2)cc1,5.6
Cc1ncc(-c2c(C)c(CNC3CCC(F)C3)nn2-c2ncccc2Cl)cc1F,4.39
Cc1ccc(-c2c(C)c(CNC3CCCC3)nn2-c2ncccc2Cl)cn1,4.8
Cc1ccc(-c2c(C)c(CNC3CCCC3)nn2-c2ncc(Cl)cc2Cl)cn1,5.92
Cc1c(CNC2CCCC2)nn(-c2ncccc2Cl)c1-c1ccc(Cl)nc1,5.57
Cc1cncc(-c2c(C)c(CNC3CCCC3)nn2-c2ncccc2Cl)c1,5.05
Cc1c(CNC2CCCC2)nn(-c2ccc(Cl)cc2Cl)c1-c1cccnc1,5.54
Cc1ccc(-c2c(C)c(CNC3CCCC3F)nn2-c2ncccc2Cl)cn1,4.52
Cc1ncc(-c2c(C)c(CNC3CCCC3)nn2-c2ncccc2Cl)cc1F,4.64
Cc1ccc(-c2c(C)c(CNC3CCC(F)(F)C3)nn2-c2ncccc2Cl)cn1,4.68
CCCCNc1nccc2[nH]c3ccccc3c12,5.8
CC1CN(Cc2ccc(CC(=O)N3CCC(Nc4cccc(F)c4)CC3)cc2)CCN1,4.8
O=C1CSC(c2cc(C(F)(F)F)cc(S(=O)(=O)N3CCN(C(=O)C4CC4c4ccc(C(F)(F)F)cc4)CC3)c2)=N1,5.4
O=C(C1CC1c1ccc(C(F)(F)F)cc1)N1CCN(S(=O)(=O)c2cc(-c3ccn[nH]3)cc(C(F)(F)F)c2)CC1,6.3
O=C(C1CC1c1ccc(C(F)(F)F)cc1)N1CCN(S(=O)(=O)c2cc(-c3nnc[nH]3)cc(C(F)(F)F)c2)CC1,6.0
O=C(C1CC1c1ccc(C(F)(F)F)cc1)N1CCN(S(=O)(=O)c2cc(-c3ncon3)cc(C(F)(F)F)c2)CC1,5.92
O=C(C1CC1c1ccc(C(F)(F)F)cc1)N1CCN(S(=O)(=O)c2cc(-c3cn[nH]n3)cc(C(F)(F)F)c2)CC1,5.46
CC(C)(O)c1cc(C(F)(F)F)cc(S(=O)(=O)N2CCN(C(=O)C3CC3c3ccc(C(F)(F)F)cc3)CC2)c1,5.92
O=C(C1CC1c1ccc(C(F)(F)F)cc1)N1CCN(S(=O)(=O)c2cc(CCO)cc(C(F)(F)F)c2)CC1,6.05
Cc1n[nH]cc1-c1cc(C(F)(F)F)cc(S(=O)(=O)N2CCN(C(=O)C3CC3c3ccc(C(F)(F)F)cc3)CC2)c1,7.4
Cc1nnc(-c2cc(C(F)(F)F)cc(S(=O)(=O)N3CCN(C(=O)C4CC4c4ccc(C(F)(F)F)cc4)CC3)c2)[nH]1,5.89
O=C(C1CC1c1ccc(C(F)(F)F)cc1)N1CCN(S(=O)(=O)c2cc(C(O)C(F)(F)F)cc(C(F)(F)F)c2)CC1,7.22
CCN1CCN(c2cc3[nH]c(C(=O)C4(CC)CCC(C)(O)CC4)nc3cc2Cl)CC1,4.96
CCN1CCN(c2cc3[nH]c(C(=O)C4(C)CCC(C)(O)CC4)nc3cc2Cl)CC1,5.51
CCN1CCN(c2cc3[nH]c(C(=O)C4(C)CCC(NC(=O)OC)CC4)nc3cc2Cl)CC1,5.31
CCN1CCN(c2cc3[nH]c(C(=O)C4(C)CCC(NC(=O)OC)CC4)nc3cc2C)CC1,5.52
CN1CCN(c2ncnc3c2nc(-c2ccc(Cl)cc2Cl)n3-c2ccc(Cl)cc2)CC1,6.46
Clc1ccc(-n2c(-c3ccc(Cl)cc3Cl)nc3c(NN4CCCCC4)ncnc32)cc1,5.57
CN1CCN(c2ncnc3c2nc(-c2ccccc2Cl)n3-c2ccc(Cl)cc2)CC1,6.2
CC1CN(CC2(c3ccncc3)CC2)CCN1S(=O)(=O)c1ccc(C(C)(O)C(F)(F)F)cc1,6.36
CC1CN(CC2(C(N)=O)CCC2)CCN1S(=O)(=O)c1ccc(C(C)(O)C(F)(F)F)cc1,4.19
CC1CN(CC2(c3ccc(C(N)=O)cc3)CC2)CCN1S(=O)(=O)c1ccc(C(C)(O)C(F)(F)F)cc1,5.19
Cc1nnc(C(C)C)n1C1CCN(C(C)CC(NC(=O)C2CCC(F)(F)CC2)c2ccccc2)CC1,5.68
CN1CC(C)(NC(=O)Nc2cccc(-c3nnnn3C)c2)C(CN2CCCC(Cc3ccc(F)cc3)C2)OC1=O,4.8
CN1CCC(N(C)C(=O)N2CC(c3cc(F)ccc3F)=CC2(CO)c2ccccc2)C(F)C1,4.69
CN(C(=O)N1CC(c2cc(F)ccc2F)=CC1(CO)c1ccccc1)C1CCNCC1,4.72
CN1CCC(N(C)C(=O)N2CC(c3cc(F)ccc3F)=CC2(CO)c2ccccc2)CC1,4.84
CN(C(=O)N1CC(c2cc(F)ccc2F)=CC1(CO)c1ccccc1)C1CCN(C2CC2)CC1,4.82
CN(C(=O)N1CC(c2cc(F)ccc2F)=CC1(CO)c1ccccc1)C1CCN(CCF)CC1,4.86
O=C(Nc1ccc(S(=O)(=O)Nc2ccccc2C(=O)c2ccccc2)cc1)OCC1CCCO1,5.09
O=C(NCCCN1CCCCC1)Nc1ccc(S(=O)(=O)Nc2ccccc2C(=O)c2ccccc2)cc1,6.0
CCCC1NC(c2cc(C#N)ccn2)=NC1(c1ccc(F)cc1)c1ccc(F)cc1,6.31
CC1NC(c2cc(Cl)ccn2)=NC1(c1ccc(F)cc1)c1ccc(F)nc1,5.11
CC1NC(c2cccc(C#N)n2)=NC1(c1ccc(F)cc1)c1ccc(F)nc1,5.16
CCC1NC(c2cc(C#N)ccn2)=NC1(c1ccc(F)cc1)c1ccc(F)cc1,6.31
Fc1ccc(C2(c3ccc(F)cc3)CNC(c3cnccn3)=N2)cc1,5.47
COc1ccnc(C2=NC(c3ccc(F)cc3)(c3ccc(F)nc3)C(C)N2)c1,5.2
N#Cc1ccnc(C2=NC(c3ccc(F)cc3)(c3ccc(F)cc3)CN2)c1,7.0
N#Cc1ccnc(C2=NC(c3ccc(F)cc3)(c3ccc(F)cc3)C(CO)N2)c1,5.21
CC1NC(c2cccc(C#N)c2)=NC1(c1ccc(F)cc1)c1ccc(F)nc1,5.36
CC(C)CNc1nc(C#N)nc(N2CCNCC2)c1N,4.28
CC(C)(C)CNc1nc(C#N)nc(N2CCOCC2)c1N,4.16
O=C(C1CC(N2CCN(c3ncccn3)CC2)CN1)N1CC(F)C(F)C1,4.27
Cc1ncc(-c2nc(Nc3ccc(C(=O)N(C)C)c(F)c3)ncc2F)n1C(C)C,5.22
CNC(=O)c1ccc(Nc2nccc(-c3cnc(C)n3C(C)C)n2)cc1F,4.8
Cc1ncc(-c2ccnc(Nc3ccc(S(C)(=O)=O)cc3)n2)n1C(C)C,5.5
Cc1ncc(-c2nc(Nc3ccc(C(N)=O)cc3)ncc2F)n1C(C)C,4.7
CNC(=O)c1ccc(Nc2ncc(F)c(-c3cnc(C)n3C(C)C)n2)cc1,4.92
Cc1ncc(-c2nc(Nc3ccc(C(N)=O)c(F)c3)ncc2F)n1C(C)C,4.7
Cc1ncc(-c2ccnc(Nc3ccc(C(=O)NC4CC4)cc3)n2)n1C(C)C,5.16
Cc1ncc(-c2ccnc(Nc3ccc(C(N)=O)c(F)c3)n2)n1C(C)C,5.0
Cc1ncc(-c2ccnc(Nc3ccc(C(=O)N(C)C)cc3)n2)n1C(C)C,4.75
Cc1ncc(-c2nc(Nc3ccc(C(=O)N(C)C)cc3)ncc2F)n1C(C)C,4.96
Cc1ncc(-c2ccnc(Nc3ccc(C(N)=O)cc3)n2)n1C(C)C,4.77
CNC(=O)c1ccc(Nc2ncc(F)c(-c3cnc(C)n3C(C)C)n2)cc1F,4.72
CN(C)C(=O)C(c1ccc(C2=CN3N=CNC3C=C2)cc1)C(N)C(=O)N1CCC(F)C1,4.07
Cn1cnc(C(=O)N(Cc2cccc(OC(F)(F)F)c2)CC2C3CN(CC4CC4)CC32)c1,6.28
CN1CC2C(C1)C2CN(Cc1ccc(F)c(Cl)c1)C(=O)c1cn(C)cn1,5.07
CCN1CC2C(C1)C2CN(Cc1cccc(OC(F)(F)F)c1)C(=O)c1cn(C)cn1,5.66
CN1CC2C(C1)C2CN(Cc1cccc(OC(F)(F)F)c1)C(=O)c1cn(C)cn1,5.42
Cn1cnc(C(=O)N(Cc2cccc(OC(F)(F)F)c2)CC2C3CN(CC4CCCC4)CC32)c1,6.34
Cn1cnc(C(=O)N(Cc2cccc(Cl)c2)C2CCC(N)CC2)c1,4.18
Clc1cccc(OC(c2cccnc2)C2CCNCC2)c1Cl,5.71
Clc1cccc(OC(c2ccccn2)C2CCNC2)c1Cl,5.0
Clc1cccc(OC(c2cccnc2)C2CCCNC2)c1Cl,5.18
Clc1cccc(OC(c2ccccc2)C2CCNCC2)c1Cl,6.02
CNc1noc2c(-c3ccc4c(N5CCOCC5C)nncc4c3)c(C)ccc12,4.89
O=c1n(CC(O)CO)c2ccccc2n1C1CCN(CC2C3CCC(C3)C23CC3)CC1,4.6
Cc1cccc(C)c1C(=O)N1CCC(N2CCC(N(Cc3ccccc3)C(=O)C3CC3)C2)CC1,5.01
Cc1cccc(C)c1C(=O)N1CCC(N2CCC(N(Cc3ccccc3)C(=O)C3CCC3)CC2)CC1,5.47
CS(=O)(=O)Nc1ccc(OCC(O)CNCCc2ccc(F)c(F)c2)cc1,5.79
CN(CCc1ccc(Cl)c(Cl)c1)CC(O)COc1ccc(NS(C)(=O)=O)cc1,6.43
CS(=O)(=O)Nc1ccc(OCC(O)CNCCc2ccc(Cl)cc2)cc1,5.86
CS(=O)(=O)Nc1ccc(OCC(O)CNCCc2ccc(Cl)c(F)c2)cc1,5.72
CS(=O)(=O)Nc1ccc(OCC(O)CN(CCc2ccc(Cl)c(Cl)c2)Cc2cccc(O)c2)cc1,6.11
CCN(CCc1ccc(Cl)c(Cl)c1)CC(O)COc1ccc(NS(C)(=O)=O)cc1,6.77
CS(=O)(=O)Nc1ccc(OCC(O)CN(CCc2ccc(Cl)c(Cl)c2)Cc2ccccc2)cc1,6.37
CS(=O)(=O)Nc1ccc(OCC(O)CN(CCc2ccc(Cl)c(Cl)c2)Cc2ccccc2F)cc1,5.92
CS(=O)(=O)Nc1ccc(OCC(O)CNCCc2ccc(Cl)c(Cl)c2)cc1,6.14
CCCCN(CCc1ccc(Cl)c(Cl)c1)CC(O)COc1ccc(NS(C)(=O)=O)cc1,7.16
CS(=O)(=O)Nc1ccc(OCC(O)CN(CCc2ccc(Cl)c(Cl)c2)Cc2ccc(F)c(F)c2F)cc1,5.77
CCCN(CCc1ccc(Cl)c(Cl)c1)CC(O)COc1ccc(NS(C)(=O)=O)cc1,6.89
CS(=O)(=O)Nc1ccc(OCC(O)CN(CCc2ccc(Cl)c(Cl)c2)Cc2ccccc2O)cc1,6.08
Cc1ccc(CCNCC(O)COc2ccc(NS(C)(=O)=O)cc2)cc1C,5.62
Nc1ccc(-c2ccccc2F)cc1NC(=O)c1ccc(CN2CCC3(CCCN3)CC2)cc1,6.74
Nc1ccc(-c2ccsc2)cc1NC(=O)c1ccc(CN2CCC3(CCCN3)CC2)cc1,5.83
Nc1ccc(-c2ccc(F)cc2)cc1NC(=O)c1ccc(CN2CCC3(CCNC3)CC2)cc1,6.62
Nc1ccc(-c2ccsc2)cc1N,5.82
Nc1ccc(-c2cccs2)cc1N,5.8
Nc1ccc(-c2cccs2)cc1NC(=O)c1ccc(C(=O)N2CCC3(CCCN3)CC2)cc1,4.6
Nc1ccc(-c2cccc(F)c2)cc1NC(=O)c1ccc(CN2CCC3(CCCN3)CC2)cc1,6.78
Nc1ccc(-c2ccccc2)cc1NC(=O)c1ccc(C(=O)N2CCC3(CCCN3)CC2)cc1,4.91
COc1ncccc1C(=O)N1CCC(NCc2cncn2Cc2ccc(C#N)cc2)C1=O,4.68
N#Cc1ccc(Cn2cncc2CN(Cc2cccnc2)C2CCN(Cc3ccccc3)C2=O)cc1,6.06
CSc1ncccc1C(=O)N1CCC(NCc2cncn2Cc2ccc(C#N)cc2)C1=O,5.11
N#Cc1ccc(Cn2cncc2CN(CCN2CCNCC2)C2CCN(Cc3ccccc3)C2=O)cc1,5.96
Cc1ncccc1C(=O)N1CCC(NCc2cncn2Cc2ccc(C#N)cc2)C1=O,5.0
N#Cc1ccc(Cn2cncc2CN(CCCN)C2CCN(Cc3ccccc3)C2=O)cc1,6.32
N#Cc1ccc(Cn2cncc2CNC2CCN(Cc3cccc(Cl)c3)C2=O)cc1,6.36
N#Cc1ccc(Cn2cncc2CNC2CCN(c3ccncc3)C2=O)cc1,5.5
Cc1nc2n(c(=O)c1CCN1CCC(c3noc4cc(F)ccc34)CC1)CCCC2O,5.89
N#Cc1ccc(Cn2cncc2CNC2CCN(C(=O)c3cccnc3N)C2=O)cc1,4.3
CC(C)(C)OC(=O)NCCCN(Cc1cncn1Cc1ccc(C#N)cc1)C1CCN(Cc2ccccc2)C1=O,6.96
N#Cc1ccc2cc1Oc1ccc3cccc(c3c1)N1CCC(NC(=O)Cc3cncn3C2)C1=O,5.0
CCSc1ncccc1C(=O)N1CCC(NCc2cncn2Cc2ccc(C#N)cc2)C1=O,4.85
CCCCN(Cc1cncn1Cc1ccc(C#N)cc1)C1CCN(Cc2ccccc2)C1=O,6.72
N#Cc1ccc(Cn2cncc2CNC2CCN(C(=O)c3cccnc3S)C2=O)cc1,4.96
CC1c2ccc(C#N)c(c2)Oc2cccc(c2)CN2CCC(NCc3cncn31)C2=O,5.08
N#Cc1ccc2cc1Oc1cccc(c1)-c1ccccc1N1CCC(NCc3cncn3C2)C1=O,5.58
CN1CCc2cncn2Cc2ccc(C#N)c(c2)Oc2ccc3cccc(c3c2)N2CCC1C2=O,6.75
N#Cc1ccc2cc1Oc1cccc(c1)C(c1ccccc1)N1CCC(NCc3cncn3C2)C1=O,6.5
N#Cc1ccc2cc1Oc1ccc3cccc(c3c1)N1CCC(NCCc3cncn3C2)C1=O,6.68
N#Cc1ccc2cc1Oc1ccc3cccc(c3c1)N1CCC(NCc3cncn3C2)C1=O,5.08
N#Cc1ccc2cc1Oc1ccc(Br)c(c1)CN1CCC(NCc3cncn3C2)C1=O,5.34
CN1Cc2cncn2Cc2ccc(C#N)c(c2)Oc2ccc3cccc(c3c2)N2CCC1C2=O,5.36
CN1Cc2cncn2Cc2ccc(C#N)c(c2)Oc2ccc3c(c2)C(CC3)N2CCC1C2=O,5.58
N#Cc1ccc(Cn2cncc2CN(CCN2CCOCC2)C2CCN(Cc3ccccc3)C2=O)cc1,6.72
N#Cc1ccc(Cn2cncc2CNC2CCN(c3cccc4ncccc34)C2=O)cc1,5.09
N#Cc1ccc(Cn2cncc2CNC2CCN(C(=O)c3cccnc3O)C2=O)cc1,4.3
N#Cc1ccc(Cn2cncc2CN(CCCc2ccccc2)C2CCN(Cc3ccccc3)C2=O)cc1,7.62
N#Cc1ccc(Cn2cncc2CNC2CCN(C(=O)c3cccc(Cl)c3)C2)cc1,5.24
N#Cc1ccc(Cn2cncc2CNC2CCN(C(=O)c3cccc(Cl)c3)C2=O)cc1,5.24
N#Cc1ccc2cc1Oc1cc(Cl)cc(c1)CN1CCC(NCc3cncn3C2)C1=O,6.66
N#Cc1ccc2cc1Oc1ccc3c(c1)C(CCO3)N1CCC(NCc3cncn3C2)C1=O,6.82
N#Cc1ccc2cc1Oc1cccc(c1)CN1CCC(NCc3cncn3C2)C1=O,5.33
N#Cc1ccc2cc1Oc1ccc3c(c1)C(CCC3)N1CCC(NCc3cncn3C2)C1=O,5.16
Cc1cc2c(s1)Nc1ccccc1N=C2N1CCNCC1,4.85
CC(C)(C)CCN1CCC(CNC(=O)Cc2ccc(C(C)(C)C)cc2)CC1,5.99
CC(C)(C)CCN1CCC(CNC(=O)c2ccc(Cl)c(Cl)c2)CC1,5.98
O=C(NCC1CCN(Cc2cccc(C(F)(F)F)c2)CC1)c1cc(Cl)cc(Cl)c1,6.32
O=C(NCC1CCN(Cc2ccc(Br)nc2)CC1)c1cc(Cl)cc(Cl)c1,6.18
CC(C)(C)CCN1CCC(CNC(=O)C2(c3ccc(F)cc3)CCCCC2)CC1,5.43
CCC(C)C(C)CN1CCC(CNC(=O)c2cc(Cl)cc(Cl)c2)CC1,6.05
CC(C)(C)C(O)CN1CCC(CNC(=O)c2cc(Cl)cc(Cl)c2)CC1,5.32
CC(C)(C)CCN1CCC(CNC(=O)c2cc(C(F)(F)F)cc(C(F)(F)F)c2)CC1,5.75
CC(C)(C)OCCN1CCC(CNC(=O)c2cc(Cl)cc(Cl)c2)CC1,5.9
CC(C)(C)CCN1CCC(CNC(=O)c2cc(Cl)cc(Cl)c2)C(F)C1,5.52
CC(CC(C)(C)C)N1CCC(CNC(=O)c2cc(Cl)cc(Cl)c2)CC1,5.66
CC(C)(C)C(=O)CN1CCC(CNC(=O)c2cc(Cl)cc(Cl)c2)CC1,5.69
CC(C)c1noc(C2CCN(C(C)CC(NC(=O)C3CCC3)c3ccccc3)CC2)n1,5.78
Cc1nnc(C)n1C1CCN(C(C)CC(NC(=O)C2CCC2)c2ccccc2)CC1,6.07
CC(CC(NC(=O)C1CCC1)c1ccccc1)N1CCC(n2cc(-c3ccccc3)[nH]c2=O)CC1,8.33
CC(CC(NC(=O)C1CCC1)c1ccccc1)N1CCC(c2nnc(CN(C)C)o2)CC1,5.51
CC(CC(NC(=O)C1CCC1)c1ccccc1)N1CCC(c2[nH]ncc2-c2ccncc2)CC1,6.93
CC1CN(Cc2cccc(-c3cc(CNC(=O)c4cccc(CC5CCNCC5)c4)ccc3F)c2)CCN1,5.0
Cc1cccc(C)c1NC(=O)CC12CCCN1CCC2,4.69
CN1CC(=O)N2C(Cc3c([nH]c4ccccc34)C2c2ccc3c(c2)OCO3)C1=O,4.0
CCOC(=O)C1(c2ccccc2)CCN(C)CC1,4.12
CN1CCN(C2=Nc3ccccc3Nc3sc(CO)cc32)CC1,4.94
CON=C(c1ccc(CN2CCC3(CC2)OCc2cc(F)ncc23)cc1)c1ccc(F)c(F)c1,6.6
Fc1cc2c(cn1)C1(CCN(Cc3ccc(Nc4ccc(F)c(F)c4)cc3)CC1)OC2,7.64
CCON=C(c1ccc(F)c(F)c1)c1ccc(CN2CCC3(CC2)OCc2cc(F)ncc23)cn1,5.75
ON=C(c1ccc(CN2CCC3(CC2)OCc2cc(F)ncc23)cc1)c1ccc(F)c(F)c1,6.55
O=C(c1ccc(CN2CCC3(CC2)OCc2cc(F)ncc23)cc1)c1ccc(F)c(F)c1,7.77
CC(O)(c1ccc(CN2CCC3(CC2)OCc2cc(F)ncc23)cc1)c1ccc(F)c(F)c1,6.28
OC(c1ccc(CN2CCC3(CC2)OCc2cc(F)ncc23)cc1)c1ccc(F)c(F)c1,6.28
Fc1cc2c(cn1)C1(CCN(Cc3ccc(Oc4ccc(F)c(F)c4)cc3)CC1)OC2,7.62
CN(c1ccc(CN2CCC3(CC2)OCc2cc(F)ncc23)cc1)c1ccc(F)c(F)c1,7.6
COCCOc1ccc(C2CN(NS(C)(=O)=O)C(=O)N2CCc2ccc(OC)cc2)cc1,4.48
COc1ccc(CCN2C(=O)N(NS(C)(=O)=O)CC2c2ccc(OC)cc2)cc1,4.82
COc1ccc(CCN2C(=O)N(NS(C)(=O)=O)CC2c2ccc(OC(C)C)cc2)cc1,4.77
COc1ccc(CCN2C(=O)N(NS(=O)(=O)CF)CC2c2ccc(OC)cc2)cc1,4.55
COc1ccc(CCN2C(=O)N(NS(C)(=O)=O)CC2c2ccc(Cl)cc2)cc1,5.06
COc1ccc(CCN2C(=O)N(NS(=O)(=O)CC#N)CC2c2ccc(OC)cc2)cc1,4.48
COc1ccc(CCN2C(=O)N(NS(C)(=O)=O)CC2c2ccc(C)cc2)cc1,4.95
COc1ccc(CCN2C(=O)N(NS(C)(=O)=O)CC2c2ccc(C(F)(F)F)cc2)cc1,5.04
CCOc1ccc(CCN2C(=O)N(NS(C)(=O)=O)CC2c2ccc(OC)cc2)cc1,4.91
COc1ccc(CCN2C(=O)N(NS(=O)(=O)Cc3ccccc3)CC2c2ccc(OC)cc2)cc1,5.36
COc1ccc(CCCN2C(=O)N(NS(C)(=O)=O)CC2c2ccc(OC)cc2)cc1,4.85
COc1ccc(C2CN(NS(C)(=O)=O)C(=O)N2CCc2ccc(OC(F)(F)F)cc2)cc1,5.25
CCc1n[nH]c(CC)c1Oc1cc(C)cc(C#N)c1,4.0
CCc1n[nH]c(CC)c1Oc1cc(C#N)cc(C#N)c1,5.01
CCc1n[nH]c(CC)c1Oc1cc(Cl)cc(C#N)c1,4.41
CCC1OC(=O)C(C)C(=O)C(C)C(OC2OC(C)CC(N(C)C)C2O)C(C)(O)CC(C)C(=O)C(C)C2N(C3CN(C(C)c4ccnc5ncccc45)C3)C(=O)OC12C,4.37
CCC1OC(=O)C(C)C(=O)C(C)C(OC2OC(C)CC(N(C)C)C2O)C(C)(OC)CC(C)C(=O)C(C)C2N(CCCCn3cnc(-c4cccnc4)c3)C(=O)OC12C,4.4
CCC1OC(=O)C(C)C(=O)C(C)C(OC2OC(C)CC(N(C)C)C2O)C(C)(O)CC(C)C(=O)C(C)C2N(C3CN(Cc4ccnc5ncccc45)C3)C(=O)OC12C,4.1
CCC1OC(=O)C(C)C(=O)C(C)C(OC2OC(C)CC(N(C)C)C2O)C(C)(O)CC(C)C(=O)C(C)C2N(C3CN(Cc4c(O)cnc5cccnc45)C3)C(=O)OC12C,4.17
CCCNCc1ccc(CCn2ccc(OCc3ccc(F)cc3)cc2=O)nc1,5.29
CCCNCc1ccc(CCn2ccc(OCc3ccc(F)cc3)cc2=O)cc1,5.38
O=C1N(CCN2CC3CCC2Cc2ccccc2C3)CCN1c1cccc(Cl)c1,7.2
CC1(C)C2CCC13CCN(CCN1CCN(c4cccc(Cl)c4)C1=O)C3C2,6.1
O=C1N(CCN2C3CCCC2CC3)CCN1c1cccc(Cl)c1,5.8
O=C1N(CCN2CCCC(OCc3ccccc3)C2)CCN1c1cccc(Cl)c1,7.1
Cc1cccc(N2CCN(CCN(C)CC34CCC(CC3)C4(C)C)C2=O)c1,5.8
CC12CC(c3ccccc3)CC(C1)N(CCN1CCN(c3cccc(Cl)c3)C1=O)C2,7.2
COc1cccc(CCN(C)CCN2CCN(c3cccc(Cl)c3)C2=O)c1,6.2
CN(CCN1CCN(c2cccc(Cl)c2)C1=O)Cc1cc2ccccc2s1,5.8
O=C1N(CCN2CCC(c3nnc(-c4ccccc4)o3)CC2)CCN1c1cccc(Cl)c1,6.6
CCN(CC)CCN1CCN(c2cccc(Cl)c2)C1=O,5.5
CC1(C)CC2CC(C)(CN2CCN2CCN(c3cccc(Cl)c3)C2=O)C1,5.9
Cc1cc(CN(C)CCN2CCN(c3cccc(Cl)c3)C2=O)on1,4.3
O=C1N(CCN2CC3CCC2C3)CCN1c1cccc(Cl)c1,4.9
COCC1C2CCC1CN(CCN1CCN(c3cccc(Cl)c3)C1=O)C2,6.0
COCC1CCCN1N1CCN(c2cccc(Cl)c2)C1=O,5.3
COc1cccc(C2CCCN(CCN3CCN(c4cccc(Cl)c4)C3=O)C2)c1,6.7
CN(CCN1CCN(c2cccc(C(F)(F)F)c2)C1=O)CC12CCC(CC1)C2(C)C,5.2
COc1ccc(CCN(C)CCN2CCN(c3cccc(Cl)c3)C2=O)cc1OC,5.6
O=C1N(CCN2CCC(c3ccc(Cl)cc3)CC2)CCN1c1cccc(Cl)c1,8.1
O=C1N(CCN2CC3CCC(CC3)C2)CCN1c1cccc(Cl)c1,6.4
CC12CCC(CN(CCN3CCN(c4cccc(Cl)c4)C3=O)C1)C2(C)C,5.9
CN(CCN1CCN(c2ccc(F)cc2)C1=O)CC12CCC(CC1)C2(C)C,5.5
Cc1ccc(N2CCN(CCN(C)CC34CCC(CC3)C4(C)C)C2=O)cc1,5.6
CN(CCN1CCN(c2ccccc2)C1=O)CC12CCC(CC1)C2(C)C,5.4
COc1cccc(N2CCN(CCN(C)CC34CCC(CC3)C4(C)C)C2=O)c1,5.7
COc1ccccc1Oc1ccccc1CN1CCC2(CC1)CCN(C(=O)c1ccncn1)CC2,7.15
COc1ccccc1Oc1ccccc1CN1CCC2(CC1)CCN(C(=O)c1ccc[nH]c1=O)CC2,4.85
CC1(C)Cc2c(CN3CCC4(CC3)CCN(C(=O)c3ccnc(N)c3)CC4)cccc2O1,4.54
CC1(C)Oc2c(CN3CCC4(CC3)CCN(C(=O)c3ccc(N)cn3)CC4)cccc2C1(F)F,4.51
CC1(C)Cc2c(CN3CCC4(CC3)CCN(C(=O)c3ccncc3)CC4)cccc2O1,5.15
CC1(C)Cc2c(CN3CCC4(CC3)CCN(C(=O)c3ccc(N)cn3)CC4)cccc2O1,4.78
CC1(C)C=Cc2cccc(CN3CCC4(CC3)CCN(C(=O)c3ccnc(N)c3)CC4)c2O1,4.42
O=C(c1ccncc1)N1CCC2(CCN(Cc3ccccc3OC(F)(F)C(F)F)CC2)CC1,5.29
CC1(C)CCc2cc(CN3CCC4(CC3)CCN(C(=O)c3ccncn3)CC4)ccc2O1,4.95
CC(C)(C)C1(C)Cc2c(CN3CCC4(CC3)CCN(C(=O)c3ccc(N)cn3)CC4)cccc2O1,4.95
CC1Cc2cccc(CN3CCC4(CC3)CCN(C(=O)c3ccncc3)CC4)c2O1,4.68
CC1(C)Cc2cccc(CN3CCC4(CC3)CCN(C(=O)c3ncccc3N)CC4)c2O1,5.38
CC1(C)Oc2cccc(CN3CCC4(CC3)CCN(C(=O)c3ccnc(N)c3)CC4)c2O1,4.78
CC(C)COc1ccccc1CN1CCC2(CC1)CCN(C(=O)c1ccncn1)CC2,5.31
CC(C)COc1ccccc1CN1CCC2(CC1)CCN(C(=O)c1ccncc1)CC2,5.72
COc1ccccc1Oc1cccc(CN2CCC3(CC2)CCN(C(=O)c2ccncn2)CC3)c1,5.72
CCCC1(CC)Cc2c(CN3CCC4(CC3)CCN(C(=O)c3ccc(N)cn3)CC4)cccc2O1,5.46
O=C(c1ccncn1)N1CCC2(CCN(Cc3ccccc3Oc3ccccc3)CC2)CC1,6.64
C=C(C)COc1ccccc1CN1CCC2(CC1)CCN(C(=O)c1ccncc1)CC2,5.63
CC1CNCCN1c1ccc(=O)n(CCOc2ccccc2C(F)(F)F)n1,5.43
O=C(O)c1ccc(CCCCN2CCC(C(O)(c3ccccc3)c3ccccc3)CC2)cc1,4.96
Cc1ccc(CCCCN2CCC(C(O)(c3ccccc3)c3ccccc3)CC2)cc1,6.4
CC(C1=C(CCN(C)C)Cc2ccccc21)c1cnccn1,5.85
CN(C)CCC1=C(Cc2cnccn2)c2ccccc2C1,5.26
CCOC(=O)CCc1ccc(OCC(O)CNC(C)(C)Cc2ccc3ccccc3c2)c(C#N)c1,8.77
CC(C)(Cc1ccc2ccccc2c1)NCC(O)COc1ccc(CCC(=O)O)cc1,7.42
CC(C)(Cc1ccc2ccccc2c1)NCC(O)COc1ccccc1C#N,8.49
COc1ccc(C(C)NC2CCC(C(=O)N3CCC(C(=O)N4CCCC4)(c4ccccc4)CC3)C(C)(C)C2)cc1,5.33
COc1ccc(C(C)NC2CCC(C(=O)N3CCC(c4ccccc4)(c4ccc(OC)nc4)CC3)C(C)(C)C2)cc1,6.28
COc1ccc(C(C)NC2CCC(C(=O)N3CCC(c4ccccc4)(c4ccc(Cl)nc4)CC3)C(C)(C)C2)cc1,5.68
COc1ccc(C(NC2CCC(C(=O)N3CCC(C(=O)N4CCCC4)(c4ccccc4)CC3)C(C)(C)C2)C(F)(F)F)cc1,5.13
COc1ccc(C(C)NC2CCC(C(=O)N3CCC(c4ccccc4)(c4cccnc4)CC3)C(C)(C)C2)cc1,5.02
COc1ccc(C(C)NC2CCC(C(=O)N3CCC(C(=O)N4CCCCC4)(c4ccccc4)CC3)C(C)(C)C2)cc1,5.05
CC(NC1CCC(C(=O)N2CCC(C(=O)N3CCCC3)(c3ccccc3)CC2)C(C)(C)C1)c1ccc(Cl)cc1,5.89
COc1ccc(C(C)NC2CCC(C(=O)N3CCC(c4ccccc4)(c4ccccc4)CC3)C(C)(C)C2)cc1,6.28
NC1Cn2c(nc3cnccc32)CC1c1cc(F)c(F)cc1F,4.05
NC1Cn2c(nc3ncccc32)CC1c1cc(F)c(F)cc1F,4.05
NC1Cn2c(nc3ccc(F)cc32)CC1c1cc(F)c(F)cc1F,4.77
CS(=O)(=O)c1ccc2c(c1)nc1n2CC(N)C(c2cc(F)c(F)cc2F)C1,4.42
NC1Cn2c(nc3cc(C(F)(F)F)ccc32)CC1c1cc(F)c(F)cc1F,5.12
NC1Cn2c(nc3cnc(C(F)(F)F)cc32)CC1c1cc(F)c(F)cc1F,4.24
Cc1c(NC(=O)OCC2COCCN2)cn2ncnc(Nc3ccc4c(cnn4Cc4cccc(F)c4)c3)c12,5.4
CCC1OC(=O)C(C)C(OC2CC(C)(OC)C(O)C(C)O2)C(C)C(OC2OC(C)CC(N(C)C(C)C)C2O)C(C)(O)CC(C)C(O)C(C)C(O)C1(C)O,8.0
CCC1OC(=O)C(C)C(OC2CC(C)(OC)C(O)C(C)O2)C(C)C(OC2OC(C)CC(N(C)C(C)C)C2O)C(C)(O)CC(C)C(OCC(=O)NC)C(C)C(O)C1(C)O,6.39
CCNc1cc(N2CCOCC2)cc(CCc2nc(C)c(CC)o2)n1,6.4
CCc1oc(CCc2cc(N3CCOCC3)cc(NC(C)=O)n2)nc1C,5.16
CCc1oc(CCc2cc(N3CCOCC3)cc(NCC(F)(F)F)n2)nc1C,5.8
CCc1oc(SCc2cc(N3CCOCC3)cc(NCC#N)n2)nc1C,5.08
CCc1oc(CCc2cc(N3CCOCC3)cc(NCCC#N)n2)nc1C,5.8
CCc1oc(CCc2cc(N3CCOCC3)cc(NC)n2)nc1C,6.08
CCOC(=O)CNc1cc(N2CCOCC2)cc(CCc2nc(C)c(CC)o2)n1,6.04
CCc1sc(CCc2cc(N3CCOCC3)cc(NC(C)c3cc(Cl)cc(NC(=O)OC(C)C)c3)n2)nc1C,7.44
CCCNc1cc(N2CCOCC2)cc(CCc2nc(C)c(CC)o2)n1,6.32
CCc1oc(CCc2cc(N3CCOCC3)cc(NCCOC)n2)nc1C,6.05
CCN(CC)C(=O)c1ccc(C2CC3(CCNCC3)Oc3ccccc32)cc1,5.59
O=C(c1ccc(C2=CC3(CCNCC3)Oc3ccccc32)cc1)N1Cc2ccccc2C1,5.46
CCN(CC)C(=O)c1ccc(C2=CC3(CCNCC3)Oc3ccccc32)c(O)c1,4.25
CCN(CC)C(=O)c1ccc(C2=CC3(CCNCC3)Oc3ccccc32)s1,5.9
CCN(CC)C(=O)c1ccc(C2=CC3(CCCNC3)Oc3ccccc32)cc1,4.9
CCN(CC)C(=O)c1cc(C2=CC3(CCNCC3)Oc3ccccc32)cs1,5.46
CCN(CC)C(=O)c1ccc(C2=CC3(CCNCC3)Oc3ccccc32)nc1,4.14
CCN(CC)C(=O)c1ccc(C2=CC3(CCNCC3)Oc3ccccc32)cc1F,5.42
CCN(CC)C(=O)c1ccc(C2=CC3(CCNCC3)Oc3ccccc32)c(C)c1,5.37
CCN(CC)C(=O)c1ccc(C2=CC3(CCCNCC3)Oc3ccccc32)cc1,4.93
CCN(CC)C(=O)c1ccc(C2=CC3(CCNCC3)Oc3ccccc32)o1,5.29
O=C(c1ccc(C2=CC3(CCNCC3)Oc3ccccc32)cc1)N1CCOCC1,4.27
CC(C)N(C(=O)c1ccc(C2=CC3(CCNCC3)Oc3ccccc32)cc1)C(C)C,5.17
CCN(CC)C(=O)c1ccc(C2=CC3(CCNCC3)Oc3ccccc32)cc1C,5.35
CCN1CCc2cc(C3=CC4(CCNCC4)Oc4ccccc43)ccc2C1=O,4.87
CCN(CC)C(=O)c1ccc(C2=CC3(CCNCC3)Oc3ccccc32)cc1O,4.68
O=C(c1ccc(C2=CC3(CCNCC3)Oc3ccccc32)cc1)N1CCCCC1,5.52
CC(C)CNC(=O)c1ccc(C2=CC3(CCNCC3)Oc3ccccc32)cc1,5.5
CN(Cc1ccccc1)C(=O)c1ccc(C2=CC3(CCNCC3)Oc3ccccc32)cc1,5.8
NC(=O)c1ccc(C2=CC3(CCNCC3)Oc3ccccc32)cc1,4.94
O=C(c1ccc(C2=CC3(CCNCC3)Oc3ccccc32)cc1)N1CCCC1,4.98
CCN(CC)C(=O)c1ccc(C2=CC3(CCNCC3)Oc3ccccc32)cn1,4.36
CN(C)C(=O)c1ccc(C2=CC3(CCNCC3)Oc3ccccc32)cc1,4.64
CCNC(=O)c1ccc(C2=CC3(CCNCC3)Oc3ccccc32)cc1,4.92
CCN(CC)C(=O)c1ccc(C2=CC3(CCNC3)Oc3ccccc32)cc1,5.19
N#Cc1cc(N2CCN(CCN3CCC(C(F)(F)F)CC3)C2=O)ccc1F,5.2
O=C1N(CCN2Cc3ccccc3C2)CCN1Cc1ccccc1,4.6
N#Cc1cc(N2CCN(CCN3Cc4ccccc4C3)C2=O)ccc1F,5.0
O=C1N(CCN2CCC(C(F)(F)F)CC2)CCN1c1cccc(OC(F)(F)F)c1,5.4
O=C1N(CCN2Cc3ccccc3C2)CCN1c1ccc2sccc2c1,5.7
CC(C)N1CCN(CCN2CCN(c3ccc(F)c(C#N)c3)C2=O)CC1,4.8
O=C1N(CCN2Cc3ccccc3C2)CCN1c1ccc(F)c(Cl)c1,5.3
Cc1nc2cc(N3CCN(CCN4Cc5ccccc5C4)C3=O)ccc2s1,5.4
O=C1N(CCN2Cc3ccccc3C2)CCN1Cc1ccccc1Cl,5.7
O=C1N(CCN2Cc3ccccc3C2)CCN1Cc1cccc(C(F)(F)F)c1,5.2
O=C1N(CCN2Cc3ccccc3C2)CCN1Cc1ccc(Cl)cc1,5.7
CC1CCCCN1CCN1CCN(c2cccc(Cl)c2)C1=O,5.7
O=C1N(CCN2CCC(C(F)(F)F)CC2)CCN1c1cccc(I)c1,6.7
N#Cc1cccc(N2CCN(CCN3Cc4ccccc4C3)C2=O)c1,5.5
CC(C)N1CCN(CCN2CCN(c3cccc(Cl)c3F)C2=O)CC1,4.7
CC(C)N1CCN(CCN2CCN(c3cccc(Cl)c3)C2=O)CC1,5.2
CC(C)N1CCN(CCN2CCN(c3cccc(OC(F)(F)F)c3)C2=O)CC1,5.8
O=C1N(CCN2Cc3ccccc3C2)CCN1c1cc(F)cc(Cl)c1,5.5
O=C1N(CCN2Cc3ccccc3C2)CCN1c1cc(Cl)ccc1F,4.7
O=C1N(CCN2Cc3ccccc3C2)CCN1c1cccc(OC(F)(F)F)c1,6.2
O=C1N(CCN2Cc3ccccc3C2)CCN1c1cccc(C(F)(F)F)c1,6.1
O=C1N(CCN2Cc3ccccc3C2)CCN1Cc1ccc(Cl)c(Cl)c1,6.1
CC1CCCN(CCN2CCN(c3cccc(Cl)c3)C2=O)C1,5.5
O=C1N(CCN2Cc3ccccc3C2)CCN1Cc1cccc(Cl)c1,5.6
O=C1N(CCN2CCC(C(F)(F)F)CC2)CCN1c1cccc(O)c1,4.8
O=C1N(CCN2Cc3ccccc3C2)CCN1Cc1cc(Cl)ccc1Cl,6.4
CC1CCN(CCN2CCN(c3cccc(Cl)c3)C2=O)CC1,5.8
O=C1N(CCN2Cc3ccccc3C2)CCN1c1csc2ccccc12,5.1
COc1cccc(N2CCN(CCN3CCN(C(C)C)CC3)C2=O)c1,4.2
Cc1ccc(N2CCN(CCN3Cc4ccccc4C3)C2=O)s1,4.5
O=C1N(CCN2Cc3ccccc3C2)CCN1c1ccc2occc2c1,5.1
COc1cccc(N2CCN(CCN3CCC(C(F)(F)F)CC3)C2=O)c1,4.6
O=C1N(CCN2CCC(C(F)(F)F)CC2)CCN1c1cccc(Cl)c1F,4.9
N#Cc1cccc(N2CCN(CCN3CCC(C(F)(F)F)CC3)C2=O)c1,5.1
CN1CCN(CCN2CCN(c3cccc(Cl)c3)C2=O)CC1,5.4
CC(c1cccc(C(F)(F)F)c1)N1CCN(CCN2Cc3ccccc3C2)C1=O,5.9
CC(C)N1CCN(CCN2CCN(c3cccc(C#N)c3)C2=O)CC1,4.9
CC(C)Oc1cccc(N2CCN(CCN3Cc4ccccc4C3)C2=O)c1,5.4
CC(C)c1cccc(N2CCN(CCN3Cc4ccccc4C3)C2=O)c1,5.3
CC(C)(C)c1ccc(N2CCN(CCN3Cc4ccccc4C3)C2=O)cc1,6.0
O=C1N(CCN2Cc3ccccc3C2)CCN1c1ccc(Cl)c(Cl)c1,6.0
Cc1ccc(N2CCN(CCN3Cc4ccccc4C3)C2=O)cn1,4.5
CC(=O)n1ccc2cc(N3CCN(CCN4Cc5ccccc5C4)C3=O)ccc21,5.0
O=C1N(CCN2Cc3ccccc3C2)CCN1c1cc(Cl)cc(Cl)c1,5.8
O=C1N(CCN2CCC(C(F)(F)F)CC2)CCN1c1cccc(Cl)c1,5.9
Cc1ccc(-n2c(-c3ncccc3Cl)nc(CNC3CCC(F)C3)c2C(C)C)cn1,4.82
Cc1nc(CNC2CCCC2)n(C(C)C)c1-c1ccc(Cl)cc1,5.5
CCc1c(CNC2CCC(F)C2)nc(-c2ncccc2Cl)n1-c1ccc(C)nc1,4.82
Cc1ccc(-n2c(-c3ncccc3Cl)nc(CNC3CCC(F)C3)c2C)cn1,4.51
Cc1ccc(-n2c(-c3ncccc3Cl)nc(CNC3CCCC3)c2C)cn1,4.72
Cc1ccc(-n2c(-c3ncccc3Cl)nc(CNC3CCCC3)c2C(C)C)cn1,5.0
Cc1nc(CNC2CCC(F)C2)c(C(C)C)n1-c1cc(F)cc(F)c1,4.47
COCCc1nc(CNC2CCC(F)C2)n(C(C)C)c1-c1ccc(Cl)cc1,4.8
Cc1c(CNC2CCC(F)C2)nn(CCC#N)c1-c1cc(F)cc(F)c1,5.02
Cc1cnn(C2CCN(c3nc4ccccc4n3Cc3ccc(F)cc3)CC2)c1,6.09
CN(CC1CCOCC1)C1CCN(c2nc3ccccc3n2Cc2ccc(F)cc2)CC1,7.54
COc1ccc2c(c1)OC(c1ccc(OCCCN3CCCC3)cc1)C(C)S2(=O)=O,5.77
COc1cccc2c1OC(c1ccc(OCCCN3CCCC3)cc1)C(C)S2(=O)=O,5.31
c1ccc(C2Sc3ccccc3OC2c2ccc(OCCCN3CCCC3)cc2)cc1,7.92
COc1cccc2c1OC(c1ccc(OCCCN3CCCC3C)cc1)C(C)S2(=O)=O,5.54
COc1cccc2c1S(=O)(=O)C(C)C(c1ccc(OCCCN3CCCC3)cc1)O2,5.2
CC1Sc2ccccc2OC1c1ccc(OCCCN2CCCC2)cc1,8.3
CC1C(c2ccc(OCCCN3CCCC3)cc2)Oc2ccccc2S1(=O)=O,6.36
COc1ccc2c(c1)S(=O)(=O)C(C)C(c1ccc(OCCCN3CCCC3)cc1)O2,6.0
CC1=C(c2ccc(OCCCN3CCCC3)cc2)Oc2ccccc2S1,8.36
COc1cccc2c1OC(c1ccc(OCCCN3CCCC(C)C3)cc1)C(C)S2(=O)=O,5.6
COc1cccc2c1OC(c1ccc(OC3CCN(C4CCC4)CC3)cc1)C(C)S2(=O)=O,4.85
CC1=C(c2ccc(OCCCN3CCCC3)cc2)Oc2ccccc2S1(=O)=O,6.33
CCC1Sc2ccccc2OC1c1ccc(OCCCN2CCCC2)cc1,7.96
COc1cccc2c1OC(c1ccc(OCCCN3CCCCC3)cc1)C(C)S2(=O)=O,5.32
O=C(NC1CCN(Cc2ccn(-c3ccc(C(F)(F)F)cc3)c2)CC1)NC(Cc1cnccn1)c1ccccc1,5.27
O=C(NCC1CCCCC1O)NC1CCN(Cc2ccn(-c3ccc(C(F)(F)F)cc3)c2)CC1,5.4
O=C(NC1CCN(Cc2ccn(-c3ccc(C(F)(F)F)cc3)c2)CC1)N1CCC(O)(Cc2ccccc2)CC1,5.1
CN1CCN(C(=O)NC2CCN(Cc3ccn(-c4ccc(C(F)(F)F)cc4)c3)CC2)C(c2ccccc2)C1,5.33
Cc1cc(C)n(CC(NC(=O)NC2CCN(Cc3ccn(-c4ccc(C(F)(F)F)cc4)c3)CC2)c2ccccc2)n1,5.55
O=C(NCc1cccc(F)c1)NC1CCN(Cc2ccn(-c3ccc(C(F)(F)F)cc3)c2)CC1,5.92
O=C(NC1CCN(Cc2ccn(-c3ccc(C(F)(F)F)cc3)c2)CC1)NC(CN1CCOCC1)c1ccccc1,5.16
O=C(NC1CCN(Cc2ccn(-c3ccc(C(F)(F)F)cc3)c2)CC1)NC(c1ccccc1)c1ncc[nH]1,4.9
O=C(NC1CCN(Cc2ccn(-c3ccc(C(F)(F)F)cc3)c2)CC1)N1CCCC(CO)C1,5.31
CN(CC1(O)CCCCC1)C(=O)NC1CCN(Cc2ccn(-c3ccc(C(F)(F)F)cc3)c2)CC1,5.67
O=C(NC1CCN(Cc2ccn(-c3ccc(C(F)(F)F)cc3)c2)CC1)N1CC(N2CCCOCC2)C1,5.52
O=C(NC1CCN(Cc2ccn(-c3ccc(C(F)(F)F)cc3)c2)CC1)N1CCC(c2ccccc2O)CC1,5.38
O=C(NC1CCN(Cc2ccn(-c3ccc(C(F)(F)F)cc3)c2)CC1)NC(Cn1cccn1)c1ccccc1,5.39
O=C(NC1CCN(Cc2ccn(-c3ccc(C(F)(F)F)cc3)c2)CC1)c1c[nH]c(=O)c(Cl)c1,4.71
O=C(NCc1nc2ccccc2[nH]1)NC1CCN(Cc2ccn(-c3ccc(C(F)(F)F)cc3)c2)CC1,4.83
O=C(NC1CCN(Cc2ccn(-c3ccc(C(F)(F)F)cc3)c2)CC1)N1CCCC1c1cccnc1,5.51
O=C(NC1CCN(Cc2ccn(-c3ccc(C(F)(F)F)cc3)c2)CC1)N1CCCCC1CCO,5.51
COc1ccc(OC2CN(C(=O)NC3CCN(Cc4ccn(-c5ccc(C(F)(F)F)cc5)c4)CC3)C2)cc1,5.69
O=C(NC1CCN(Cc2ccn(-c3ccc(C(F)(F)F)cc3)c2)CC1)N1CCCC1Cc1cccnc1,5.76
O=C(NC1CCN(Cc2ccn(-c3ccc(C(F)(F)F)cc3)c2)CC1)N1CCCC(C(=O)N2CCCC2)C1,4.93
O=C(NC1CCN(Cc2ccn(-c3ccc(C(F)(F)F)cc3)c2)CC1)NC(CO)c1ccccc1,4.62
O=C(NC1CCN(Cc2ccn(-c3ccc(C(F)(F)F)cc3)c2)CC1)N1CCCC1c1ccc(F)cc1,5.74
O=C(Nc1ccc(Cl)cc1CO)NC1CCN(Cc2ccn(-c3ccc(C(F)(F)F)cc3)c2)CC1,5.48
CC(C)C(Cn1ccnc1)NC(=O)NC1CCN(Cc2ccn(-c3ccc(C(F)(F)F)cc3)c2)CC1,4.68
O=C(NC1CCN(Cc2ccn(-c3ccc(C(F)(F)F)cc3)c2)CC1)N1CCn2cccc2C1c1ccccc1,5.89
O=C(NC1CCN(Cc2ccn(-c3ccc(C(F)(F)F)cc3)c2)CC1)N1CC(N2CCC(C(F)(F)F)CC2)C1,5.41
CN(C(=O)c1ccccc1Oc1ccccc1)C1CCNC1,5.04
CC(C)CN(C(=O)c1ccccc1Oc1ccccc1)C1CCNC1,5.97
O=C(c1ccccc1Oc1ccccc1)N(c1ccccc1)C1CCNC1,5.55
CC(C)c1ccccc1C(=O)N(CC1CCCC1)C1CCNC1,5.63
O=C(c1ccccc1Oc1ccccc1)N(C1CCC1)C1CCNC1,5.53
CSc1ccccc1C(=O)N(C1CCCCC1)C1CCNC1,5.64
O=C(c1ccccc1C1CCCC1)N(CC1CCC1)C1CCNC1,5.66
CNCc1cnc(C)cc1Oc1ccccc1Oc1ccccc1,4.95
CC(C)C(=O)N(Cc1ccccc1-c1ccccc1)C1CCNC1,5.52
CCSc1ccccc1C(=O)N(CC1CCC1)C1CCNC1,5.12
CCOC(=O)N(Cc1ccccc1-c1ccccc1)C1CCNC1,5.3
CC(C)CN(C(=O)c1ccccc1-c1ccccc1)C1CCNC1,5.84
CN1CC(N(Cc2ccccc2F)c2ccc(C#N)c(Cl)c2)CC1=O,5.19
CCN1CC(N(Cc2cc(F)ccc2Cl)c2ccc(C#N)c(Cl)c2)CC1=O,5.51
O=C(CC1CCN(Cc2ccn(-c3ccc(C(F)(F)F)cc3)c2)CC1)NC(c1ccc(F)cc1)c1cccnc1,5.66
O=C(CN1CCN(Cc2ccn(-c3ccc(C(F)(F)F)cn3)c2)CC1)NC(c1ccc(F)cc1)c1ccc(F)cc1,6.1
O=C(CC1CCN(Cc2ccc(-c3ccc(Cl)cc3)o2)CC1)N1CCCC(CO)C1,5.63
O=C(CC1CCN(Cc2ccn(-c3ccc(C(F)(F)F)cn3)c2)CC1)NC(c1ccc(F)cc1)c1ccc(F)cc1,6.1
O=C(CC1CCN(Cc2ccc(-c3ccc(Cl)cc3)o2)CC1)NCC(O)C(F)(F)F,5.99
O=C(C1CCCCN1C(=O)CC1CCN(Cc2ccn(-c3ccc(C(F)(F)F)cc3)c2)CC1)N1CCCC1,5.0
Cn1cccc1CNC(=O)CC1CCN(Cc2ccn(-c3ccc(C(F)(F)F)cc3)c2)CC1,5.62
O=C(CC1CCN(Cc2ccn(-c3ccc(C(F)(F)F)cc3)c2)CC1)NC(c1ccccc1)c1ccccn1,5.64
O=C(CC1CCN(Cc2ccn(-c3ccc(C(F)(F)F)cc3)c2)CC1)N1CCN(C(=O)N2CCCC2)CC1,4.85
CN(CCC(=O)N1CCCC1)C(=O)CC1CCN(Cc2ccn(-c3ccc(C(F)(F)F)cc3)c2)CC1,4.55
O=C(CC1CCN(Cc2ccn(-c3ccc(C(F)(F)F)cc3)c2)CC1)N1CCCC(C(=O)N2CCCC2)C1,4.51
Cc1nccn1CC(NC(=O)CC1CCN(Cc2ccn(-c3ccc(C(F)(F)F)cc3)c2)CC1)c1ccccc1,4.58
O=C(NCc1c(O)cc(Cl)cc1Cl)C1CCN(Cc2ccn(-c3ccc(C(F)(F)F)cc3)c2)CC1,5.38
CCCCC(NC(=O)CC1CCN(Cc2ccn(-c3ccc(C(F)(F)F)cc3)c2)CC1)c1ccc(OC)nc1,6.0
CCN(CC)C(=O)C1CCCN(C(=O)CC2CCN(Cc3ccn(-c4ccc(C(F)(F)F)cc4)c3)CC2)C1,4.8
O=C(CC1CCN(Cc2ccn(-c3ccc(C(F)(F)F)cc3)c2)CC1)N(CCCO)Cc1ccc(F)cc1,6.2
COCC(O)CN(Cc1ccc(F)cc1)C(=O)CC1CCN(Cc2ccc(-c3ccc(Cl)cc3)o2)CC1,5.96
O=C(NCCc1ccccn1)C1CCN(Cc2ccn(-c3ccc(C(F)(F)F)cc3)c2)CC1,5.0
COc1ccc(C(NC(=O)CC2CCN(Cc3ccn(-c4ccc(C(F)(F)F)cc4)c3)CC2)c2ccc(F)cc2)cn1,5.76
O=C(NC1CCN(Cc2ccn(-c3ccc(C(F)(F)F)cc3)c2)CC1)NC(c1ccccc1)c1ccccc1,5.42
O=C(NCC1(O)CCCCC1)C1CCN(Cc2ccn(-c3ccc(C(F)(F)F)cc3)c2)CC1,4.93
O=C(CC1CCN(Cc2ccn(-c3ccc(C(F)(F)F)cc3)c2)CC1)NC(c1ccccc1)c1cnc[nH]1,4.94
O=C(NCc1ccc(O)cc1Cl)C1CCN(Cc2ccn(-c3ccc(C(F)(F)F)cc3)c2)CC1,5.81
O=C(NCc1ccc(Cl)cc1O)C1CCN(Cc2ccn(-c3ccc(C(F)(F)F)cc3)c2)CC1,5.81
CC(NC1CCCc2c1[nH]c1ccc(Br)cc21)c1ccccc1,5.77
COc1cccnc1C(=O)N1CCN(c2ccc(NC(=O)C(C)(C)c3ccccc3)cc2Cl)CC1,4.3
COc1cc2c(c(N3CCN(C)CC3)c1)OC(C(=O)Nc1ccc(N3CCOCC3)cc1)CC2,4.72
COC1(c2ccc(NC(=O)c3cc(=O)c4cc(F)cc(-c5c(C)nn(C)c5C)c4o3)cn2)CCOCC1,4.02
CCOCC1C2CNCC21c1ccc(Cl)c(Cl)c1,5.38
O=C(c1cc(Cc2c[nH]c(=O)c3cc(Cl)c(Cl)n23)ccc1F)N1CCC2(CCCN2)CC1,4.92
CNC(C)(C)C(=O)N1CCN(C(=O)c2cc(Cc3c[nH]c(=O)c4cc(Cl)c(Cl)n34)ccc2F)CC1,4.96
Cc1nc2nc(N3CCN4CCC3CC4)oc2cc1Cl,4.79
Brc1cnc2nc(N3CCN4CCC3CC4)oc2c1,5.64
Fc1ccccc1-c1ccc2oc(N3CCN4CCC3CC4)nc2n1,5.55
Fc1cnc2nc(N3CCN4CCC3CC4)oc2c1,5.06
Clc1cnc2oc(N3CCN4CCC3CC4)nc2c1,5.66
Clc1cnc2nc(N3CCN4CCC3CC4)oc2c1,5.48
O=C(c1cc(Cc2c[nH]c(=O)c3cc(Cl)c(Cl)n23)ccc1F)N1CCC(N2CCCC2)CC1,5.1
Cc1ccc(F)cc1COC1CCc2ccc(N3CCNCC3C)nc21,5.41
FC(F)(F)c1cc(Nc2ccccc2)nc(NCc2ccccn2)n1,4.4
Cc1cc(Nc2ccccc2)nc(NCc2ccc3c(c2)OCO3)n1,5.02
Cc1cc(Nc2ccccc2)nc(NCc2ccccn2)n1,4.8
CC(C)OC(=O)C1=CN(C(=O)c2ccc(OCCCN3CCOCC3)cc2)CC(C)(C)c2c1[nH]c1ccccc21,5.24
Cc1occc1-c1nc(N)c(OCC(N)Cc2c[nH]c3ccccc23)cc1-c1cnc2[nH]nc(C)c2n1,4.98
Cc1ccccc1CN(c1ccc(C#N)c(Cl)c1)C1CCN(S(C)(=O)=O)C1,5.55
CCCOCCn1c(=O)c(N2CCNCC2)nc2cnc(-c3ccc(OC)nc3)cc21,6.17
CCCOCCn1c(=O)c(NCCNCCO)nc2cnc(-c3ccc(OC)nc3)cc21,5.35
CCCOCCn1c(=O)c(N2CCN(C(C)C(C)O)CC2)nc2cnc(-c3ccc(OC)nc3)cc21,7.27
CCCOCCn1c(=O)c(N2CCN(CC)CC2)nc2cnc(-c3ccc(OC)nc3)cc21,6.5
CN1CC2CC(N(Cc3ccc(F)c(C(F)(F)F)c3)C(=O)c3cn(C)cn3)CC2C1,5.76
CCN1CC2CC(N(Cc3ccc(F)c(C(F)(F)F)c3)C(=O)c3cn(C)cn3)CC2C1,5.81
Cn1cnc(C(=O)N(Cc2ccc(F)c(C(F)(F)F)c2)C2CC3CNCC3C2)c1,5.36
N#Cc1nc(CCCN2CCCCC2)cc(-c2cccc(C(F)(F)F)c2)n1,6.8
CC(C)(C)NCCCc1cc(-c2cccc(C(F)(F)F)c2)nc(C#N)n1,5.96
CCC(CC)NCCCc1cc(-c2cccc(C(F)(F)F)c2)nc(C#N)n1,6.5
Cc1cnc(Nc2cc(N3CCOCC3)nc(NC(C)c3ccc(F)cn3)n2)s1,4.92
Cc1cnc(Nc2cc(N3CCN(C)CC3)nc(NC(C)c3ccc(F)cn3)n2)s1,4.89
Cc1ccc(S(=O)(=O)CC2CC(N(C)C(C)C)CCC2N2CCC(NC(=O)c3cccc(C(F)(F)F)c3)C2=O)cc1,5.52
CC(C)N(C)C1CCC(N2CCC(NC(=O)c3cccc(C(F)(F)F)c3)C2=O)C(CS(=O)(=O)c2ccccc2)C1,4.52
CC(C)N(C)C1CCC(N2CCC(NC(=O)c3cc(C(F)(F)F)cc(C(F)(F)F)c3)C2=O)C(CS(=O)(=O)c2ccccc2)C1,5.4
Cc1ccc(C(=O)NC2CC2)cc1-c1cc2cnn(-c3c(F)cccc3F)c2n(C)c1=O,4.44
O=C(C1CC(Oc2ccc(F)cc2)CN1)N1CCCN(C2CCCC2)CC1,5.34
O=C(C1CC(Oc2ccc(Cl)cc2)CN1)N1CCCN(C2CCC2)CC1,5.7
O=C(C1CC(Oc2cccc(Cl)c2)CN1)N1CCCN(C2CCC2)CC1,5.14
Cc1nn(CCOCC(F)(F)F)c2c(Nc3ccncn3)nc(N3CCNC(C)C3)nc12,6.05
Cc1cccc(Nc2nc(N3CCNCC3)nc3c(C)nn(CCOCC(F)(F)F)c23)n1,6.25
CCOCCn1nc(C)c2nc(NC3CCNCC3)nc(Nc3cc(C)ccn3)c21,5.55
CCOCCn1nc(CC)c2nc(N3CCC(C(=O)O)CC3)nc(Nc3cc(C)ccn3)c21,5.96
c1ccc(N2CCN(CC3CCCCN3)C2)cc1,4.8
O=C1N(CC2CCCCN2)CCN1c1cccc(Cl)c1,5.1
CC(c1ccc(F)cn1)c1c(CCN(C)C)sc2ccccc12,6.62
CC(c1ncccc1F)c1c(CCN(C)C)sc2ccccc12,6.48
CC(c1cccnc1)c1c(CCN(C)C)sc2ccccc12,6.31
Cc1cccnc1C(C)c1c(CCN(C)C)sc2ccccc12,6.04
COc1cccnc1C(C)c1c(CCN(C)C)sc2ccccc12,5.52
CC(c1c(CCN(C)C)sc2ccccc12)n1cccn1,5.7
CC(c1cccnc1F)c1c(CCN(C)C)sc2ccccc12,5.64
COc1ncccc1C(C)c1c(CCN(C)C)sc2ccccc12,5.75
CC(c1cscn1)c1c(CCN(C)C)sc2ccccc12,5.77
CC(c1cccnc1Cl)c1c(CCN(C)C)sc2ccccc12,5.82
CC(=O)N1CCC(c2[nH]nc(-c3ccc(F)cc3)c2-c2ccncc2)CC1,6.1
Cc1ncoc1-c1nnc(SCCCN2CC3CC3(c3cccc(C(F)(F)F)c3F)C2)n1C,6.0
Cc1ncoc1-c1nnc(SCCCN2CC3CC3(c3ccc(F)c(C(F)(F)F)c3)C2)n1C,6.3
COc1ccc(C23CC2CN(CCCSc2nnc(-c4ocnc4C)n2C)C3)cc1,5.9
COc1cccc(C23CC2CN(CCCSc2nnc(-c4ocnc4C)n2C)C3)c1,5.8
Cc1ncoc1-c1nnc(SCCCN2CC3CC3(c3cccc(Cl)c3)C2)n1C,6.5
Cc1ncoc1-c1nnc(SCCCN2CC3CC3(c3cccc(F)c3)C2)n1C,6.0
Cc1ncoc1-c1nnc(SCCCN2CC3CC3(c3ccccc3)C2)n1C,5.8
Cn1c(SCCCN2CC3CC3(c3ccc(C(F)(F)F)cc3)C2)nnc1-c1ccnnc1,5.4
Cc1nc(C)c(-c2nnc(SCCCN3CC4CC4(c4ccc(C(F)(F)F)cc4)C3)n2C)s1,5.7
Cc1ccc2c(-c3nnc(SCCCN4CC5CC5(c5ccc(Br)cc5)C4)n3C)cccc2n1,6.9
Cc1ncoc1-c1nnc(SCCCN2CC3CC3(c3ccc(C(F)(F)F)c(F)c3)C2)n1C,6.4
COc1ccc(C23CC2CN(CCCSc2nnc(-c4ocnc4C)n2C)C3)cc1Cl,6.1
COc1ccc(C23CC2CN(CCCSc2nnc(-c4ocnc4C)n2C)C3)cc1C(F)(F)F,5.9
Cc1ncoc1-c1nnc(SCCCN2CC3CC3(c3ccccc3C(F)(F)F)C2)n1C,5.2
Cc1ccc2c(-c3nnc(SCCCN4CC5CC5(c5ccc(Cl)c(Cl)c5)C4)n3C)cccc2n1,6.2
COc1ccc(C23CC2CN(CCCSc2nnc(-c4cccc5nc(C)ccc45)n2C)C3)cc1,6.2
Cc1ncoc1-c1nnc(SCCCN2CC3CC3(c3ccc(C(F)(F)F)cc3)C2)n1C,6.2
Cc1ccc2c(-c3nnc(SCCCN4CC5CC5(c5ccc(C#N)cc5)C4)n3C)cccc2n1,6.2
Cc1ncccc1-c1nnc(SCCCN2CC3CC3(c3ccc(C(F)(F)F)cc3)C2)n1C,5.3
Cc1ccc2c(-c3nnc(SCCCN4CC5CC5(c5ccc(C(F)(F)F)cc5)C4)n3C)cccc2n1,6.8
Cc1ccc2c(-c3nnc(SCCCN4CC5CC5(c5ccccc5)C4)n3C)cccc2n1,6.1
Cc1ncoc1-c1nnc(SCCCN2CC3CC3(c3ccc(F)cc3)C2)n1C,6.5
Cc1ncoc1-c1nnc(SCCCN2CC3CC3(c3cccc(OC(F)(F)F)c3)C2)n1C,6.2
Cc1ncoc1-c1nnc(SCCCN2CC3CC3(c3ccc(Cl)cc3F)C2)n1C,6.4
Cc1cc(C(F)(F)F)ccc1C12CC1CN(CCCSc1nnc(-c3ocnc3C)n1C)C2,6.4
Cc1ncoc1-c1nnc(SCCCN2CC3CC3(c3ccc(Cl)cc3)C2)n1C,6.4
Cc1ncoc1-c1nnc(SCCCN2CC3CC3(c3ccc(OC(F)(F)F)cc3)C2)n1C,6.7
Cc1ccoc1-c1nnc(SCCCN2CC3CC3(c3ccc(C(F)(F)F)cc3)C2)n1C,6.7
Cc1ccc2c(-c3nnc(SCCCN4CC5CC5(c5ccc(Cl)cc5)C4)n3C)cccc2n1,6.7
Cc1ncoc1-c1nnc(SCCCN2CC3CC3(c3cccc(C(F)(F)F)c3)C2)n1C,5.6
Cn1c(SCCCN2CC3CC3(c3ccc(C(F)(F)F)cc3)C2)nnc1-c1cncnc1,5.5
Cc1ncoc1-c1nnc(SCCCN2CC3CC3(c3cc(C(F)(F)F)ccc3F)C2)n1C,5.9
Cc1cnc(-c2nnc(SCCCN3CC4CC4(c4ccc(C(F)(F)F)cc4)C3)n2C)cn1,6.1
Cn1c(SCCCN2CC3CC3(c3ccc(C(F)(F)F)cc3)C2)nnc1-c1ccccc1,6.2
Cc1ccc(C23CC2CN(CCCSc2nnc(-c4ocnc4C)n2C)C3)c(F)c1,6.0
Cc1ncoc1-c1nnc(SCCCN2CC3CC3(c3ccc(Br)cc3)C2)n1C,6.4
Cc1ncoc1-c1nnc(SCCCN2CC3CC3(c3ccc(C(C)(C)C)cc3)C2)n1C,6.4
Cc1ncoc1-c1nnc(SCCCN2CC3CC3(c3cc(F)cc(C(F)(F)F)c3)C2)n1C,6.0
Cc1ncoc1-c1nnc(SCCCN2CC3CC3(c3ccc(Cl)c(Cl)c3)C2)n1C,6.3
Cc1ccc(-c2nnc(SCCCN3CC4CC4(c4ccc(C(F)(F)F)cc4)C3)n2C)cn1,6.1
Cc1ccc2c(-c3nnc(SCCCN4CC5CC5(c5ccc(C(C)(C)C)cc5)C4)n3C)cccc2n1,6.6
Cc1ncoc1-c1nnc(SCCCN2CC3CC3(c3ccc(C(F)(F)F)cc3F)C2)n1C,6.3
O=C(NCc1cc(Cl)cc(Cl)c1)N(c1ccc(Br)cc1)C1CCN(C2CCCC2)CC1,7.21
CCN1CCC(N(C(=O)NCc2ccc(F)cc2)c2ccc(Cl)cn2)CC1,5.04
Nc1cc(CN2CCC(N(C(=O)NCc3ccc(F)cc3)c3ccc(Cl)cc3)CC2)ccn1,6.42
O=C(NCc1ccc(F)cc1)N(c1ccc(Br)cc1)C1CCN(C2CCCC2)CC1,6.7
O=C(NCc1ccccc1)N(c1ccc(Br)cc1)C1CCN(Cc2ccnnc2)CC1,4.86
O=C(Nc1ccccc1)N(c1ccc(Br)cc1)C1CCN(C2CCCC2)CC1,6.73
O=C(NCc1ccc(F)cc1)N(c1ccc(Cl)cc1)C1CCN(Cc2ccnnc2)CC1,4.92
O=C(NCc1ccc(F)cc1)N(c1ccc(Cl)cc1)C1CCN(Cc2ccncc2)CC1,5.42
O=C(NCc1ccccc1)N(c1ccc(Br)cc1)C1CCN(Cc2ccncc2)CC1,5.64
O=C(NCc1ccccc1)N(c1ccc(Br)cc1)C1CCN(C2CCCC2)CC1,6.75
CCN1CCC(N(C(=O)NCc2ccc(F)cc2)c2ccc(Cl)cc2)CC1,5.18
CCCCC(N1CCOCC1)C(O)(c1cccnc1)c1cccnc1,4.44
OC(c1cccnc1)(c1cccnc1)C(c1ccccc1)N1CCCOCC1,5.45
COCCN(C)C(c1ccccc1)C(O)(c1cccnc1)c1cccnc1,5.46
OC(c1cccnc1)(c1cccnc1)C(c1ccccc1)N1CCC1,4.82
OC(c1cccnc1)(c1cccnc1)C(c1ccccc1)N1CCCC1,4.7
CC(C)C(N1CCOCC1)C(O)(c1cccnc1)c1cccnc1,4.12
CCCCCCC(N1CCOCC1)C(O)(c1cccnc1)c1cccnc1,4.56
OC(c1cccnc1)(c1cccnc1)C(c1ccccc1)N1CCNCC1,5.64
COc1ccc(Cn2c(N3CCC(N(C)C)C3)nc3ccccc32)cc1,6.31
CCOCCn1c(N2CCC(N(C)C)C2)nc2ccccc21,6.63
Cc1ccc(OC(=O)N(CC(=O)O)Cc2cccc(OCc3nc(-c4ccc(C(F)(F)F)cc4)oc3C)c2)cc1,4.58
Cc1ccc(OC(=O)N(CC(=O)O)Cc2cccc(OCc3nc(-c4ccc(C)cc4)oc3C)c2)cc1,4.59
Cc1ccc(OC(=O)N(CC(=O)O)Cc2cccc(OCc3nc(-c4ccc(Cl)cc4)oc3C)c2)cc1,4.53
Cc1ccc(OC(=O)N(CC(=O)O)Cc2cccc(OCc3nc(-c4ccc(F)cc4)oc3C)c2)cc1,4.42
COc1ccc(-c2nc(COc3cccc(CN(CC(=O)O)C(=O)Oc4ccc(C)cc4)c3)c(C)o2)cc1,5.07
Cc1ccc(OC(=O)N(CC(=O)O)Cc2cccc(OCc3nc(-c4ccc(Cl)cc4)sc3C)c2)cc1,5.0
Cc1ccc(OC(=O)N(CC(=O)O)Cc2cccc(OCc3nc(-c4ccc(C#N)cc4)oc3C)c2)cc1,4.28
Cc1ccc(OC(=O)N(CC(=O)O)Cc2cccc(OCc3oc(-c4ccc(Cl)cc4)nc3C)c2)cc1,4.7
Cc1[nH]c2ccccc2c1CCN1CCc2cc(C=CC(=O)NO)ccc2C1,4.83
Cc1[nH]c2ccccc2c1C1CCCN(Cc2ccc(C=CC(=O)NO)cc2)C1,4.56
O=C(C=Cc1ccc(CN2CCCC(c3c(-c4ccccc4)[nH]c4ccccc34)C2)cc1)NO,4.55
CC(C)(C)c1[nH]c2ccccc2c1C1CCCN(Cc2ccc(C=CC(=O)NO)cc2F)C1,4.52
Cc1[nH]c2ccccc2c1CCN1Cc2ccc(C=CC(=O)NO)cc2C1,5.32
O=C(C=Cc1ccc(CN2CCCC(c3c[nH]c4ccccc34)C2)cc1)NO,4.53
Cc1[nH]c2ccccc2c1C1CCN(Cc2ccc(C=CC(=O)NO)cc2)C1,4.87
Cc1[nH]c2ccccc2c1CC1CCCCN1Cc1ccc(C=CC(=O)NO)cc1,5.04
O=C(C=Cc1ccc(CN(CCO)CCc2c[nH]c3ccccc23)cc1)NO,4.91
CC(C)(C)c1[nH]c2ccccc2c1C1CCCN(Cc2ccc(C=CC(=O)NO)cc2Cl)C1,5.0
O=C(C=Cc1ccc(CN2CCCC(c3c[nH]c4ccccc34)C2)c(F)c1)NO,4.82
Cc1[nH]c2ccccc2c1CCN1CCc2ccc(C=CC(=O)NO)cc2CC1,5.5
Cc1[nH]c2ccccc2c1CCN1CCCC1c1ccc(C=CC(=O)NO)cc1,4.71
CC(C)(C)c1[nH]c2ccccc2c1C1CCCN(Cc2ccc(C=CC(=O)NO)cc2)C1,4.87
CC(C)CN(C(=O)c1ccc(Cl)c(Cl)c1)C1CCNC1,4.76
CC(C)CN(C(=O)c1cccc(C(F)(F)F)c1Cl)C1CCNC1,5.38
CC(C)CN(C(=O)c1ccccc1C(C)C)C1CCNC1,4.89
O=C(c1cccc(Cl)c1Cl)N(C1CCCC1)C1CCNC1,4.99
O=C(c1cccc(Cl)c1Cl)N(CCC1CC1)C1CCNC1,5.15
CC(C)(C)CN(C(=O)c1cccc(Cl)c1Cl)C1CCNC1,4.78
O=C(c1cccc(Cl)c1Cl)N(c1ccccc1)C1CCNC1,5.1
CC(C)CN(C(=O)c1cc(Cl)ccc1Cl)C1CCNC1,4.7
CCC(CC)N(C(=O)c1cccc(Cl)c1Cl)C1CCNC1,5.11
CC(C)CN(C(=O)c1cccc(Cl)c1Cl)C1CCNC1,4.7
CCOc1cc(CN2CCC(Nc3nc4cc(S(=O)(=O)CC)ccc4o3)CC2)ccc1OC,6.75
CCOc1cc(CN2CCC(Nc3nc4cc(C(N)=O)ccc4o3)CC2)cc(OCC)c1F,6.37
CCCCC1CN(CC2CCOCC2)C(=O)OC12CCN(C1(C)CCN(C(=O)c3c(C)ncnc3C)CC1)CC2,4.92
CC(C)(O)C(=O)c1oc2nc(-c3ccccc3Cl)c(-c3ccc(Cl)cc3)cc2c1NC(=O)CO,5.18
COc1nccnc1C(C)C1=C(CCN(C)C)Cc2ccccc21,5.12
Cc1ccc2c(c1)CC(CCN(C)C)=C2Cc1cnccn1,6.28
Cc1csc(C(C)C2=C(CCN(C)C)Cc3ccccc32)n1,5.72
Cc1ccc2c(c1)CC(CCN(C)C)=C2C(C)c1cnccn1,6.44
CN(C)CCC1=C(Cc2cnccn2)c2ccc(Cl)cc2C1,6.96
COc1nccnc1C(C)C1=C(CCN(C)C)Cc2cc(C)ccc21,5.42
Cc1ccc2c(c1)CC(CCN(C)C)=C2C(C)c1nccs1,6.21
CN(C)CCC1=C(Cc2cccnn2)c2ccc(F)cc2C1,6.05
COc1ccc2c(c1)CC(CCN(C)C)=C2Cc1cnccn1,5.68
COc1ccc2c(c1)CC(CCN(C)C)=C2C(C)c1cnccn1,5.47
COc1nccnc1CC1=C(CCN(C)C)Cc2cc(Cl)ccc21,6.64
COc1ccc2c(c1)CC(CCN(C)C)=C2C(C)c1nccnc1OC,5.3
COc1nccnc1CC1=C(CCN(C)C)Cc2ccccc21,5.12
COc1ccc2c(c1)CC(CCN(C)C)=C2C(C)c1nccs1,4.66
COc1nccnc1C(C)C1=C(CCN(C)C)Cc2cc(F)ccc21,5.75
CSc1nn2c3c(c(C)nc2c1S(=O)(=O)c1ccccc1)CCCC3,5.08
O=C(NCCCCN1CCCCC1)Nc1ccc(-c2ccc(F)cc2)nc1,5.89
Cc1cc(CN2CCN(c3c(Br)cnc4[nH]c(N5CCN(C)CC5)nc34)CC2)no1,5.52
COc1cccc(C(=O)Nc2ccc(OCCN3CCOCC3)c(-c3ccnn3C)c2)c1,4.96
Cn1nccc1-c1cc(NC(=O)c2cccc(C(F)(F)F)c2)ccc1OCCN1CCOCC1,6.05
CC(=O)N1CCN(CCOc2ccc(NC(=O)c3cccc(F)c3)cc2-c2ccnn2C)CC1,5.39
Cn1nccc1-c1cc(NC(=O)c2ccc(F)cc2F)ccc1OCCN1CCOCC1,5.39
CC1(C)CC(NC(=O)CCO)c2cc(-c3ccc(Cl)cc3)c(-c3ccc(Cl)cc3Cl)nc2O1,6.42
CN1c2nc(-c3ccc(Cl)cc3Cl)c(-c3ccc(Cl)cc3)cc2C(C(=O)NCO)CC1(C)C,7.4
COc1cccc(F)c1CC(c1ccccc1)N1CCNCC1,5.07
Fc1cccc(C(Cc2ccccc2OC(F)F)N2CCNCC2)c1,5.08
COc1ccccc1CC(c1ccccc1)N1CCNCC1,4.64
Fc1cccc(OC(F)F)c1CC(c1ccccc1)N1CCNCC1,4.98
c1ccc(C(Cc2ccccc2OC2CC2)N2CCNCC2)cc1,5.19
Fc1ccc(C(Cc2ccccc2OC(F)(F)F)N2CCNCC2)cc1,5.3
c1ccc(C(Cc2cccc3c2OCC3)N2CCNCC2)cc1,4.67
Fc1ccccc1C(Cc1ccccc1OC(F)F)N1CCNCC1,5.19
COc1ccccc1CC(c1ccccc1F)N1CCNCC1,4.4
CCCOc1ccccc1CC(c1ccccc1)N1CCNCC1,5.23
Fc1ccc(C(Cc2ccccc2OC(F)F)N2CCNCC2)cc1,5.04
CC(C)Oc1ccccc1CC(c1ccccc1)N1CCNCC1,5.2
COc1ccccc1CC(c1ccc(F)cc1)N1CCNCC1,4.8
Fc1cccc(C(Cc2ccccc2OC(F)(F)F)N2CCNCC2)c1,5.21
FC(F)(F)Oc1ccccc1CC(c1ccccc1)N1CCNCC1,4.96
c1ccc(C(Cc2ccccc2OCC2CC2)N2CCNCC2)cc1,5.53
Fc1ccccc1C(Cc1ccccc1OC(F)(F)F)N1CCNCC1,6.12
COc1c(F)cccc1CC(c1ccccc1)N1CCNCC1,4.68
CNCC(O)CCN1c2ccccc2N(c2ccccc2)S1(=O)=O,5.1
CNCC(O)CCN1c2ccccc2N(c2c(F)cccc2F)S1(=O)=O,4.7
CNCC(O)CCN1c2ccccc2N(c2cc(F)ccc2F)S1(=O)=O,4.89
O=C(CN1CCCN(Cc2nc3ccccc3[nH]2)CC1)Nc1ccc(C(F)(F)F)cc1,5.3
O=C(CNc1ccccc1C(F)(F)F)N1CCCN(Cc2nc3ccccc3[nH]2)CC1,5.88
O=C(O)c1ccccc1Oc1ccc(Cl)cc1NS(=O)(=O)c1ccc(Cl)c(Cl)c1,5.1
Nc1ncc(-c2cnn(C3CCNCC3)c2)cc1-c1nc2ccccc2o1,6.12
O=C(c1ccc(Oc2ccc(F)cc2)cn1)N1CCCN(C2CCC2)CC1,6.05
O=C(c1ccc(Oc2cccc(Cl)c2)nc1)N1CCCN(C2CCC2)CC1,5.8
O=C(c1ccc(Oc2ccc(Cl)cc2)nc1)N1CCCN(C2CCC2)CC1,5.85
O=C(c1ccc(Oc2cccc(F)c2)nc1)N1CCCN(C2CCC2)CC1,5.46
N#Cc1cccc(Oc2ccc(C(=O)N3CCCN(C4CCC4)CC3)cn2)c1,5.27
CC(Oc1ccc(S(C)(=O)=O)cc1C(=O)N1CCN(c2ncc(C(F)(F)F)cc2F)CC1)C(C)(C)C,4.77
CC(C)Oc1ccc(S(C)(=O)=O)cc1C(=O)N1CCN(c2ccc(C#N)cc2F)CC1,5.48
CC(C)COc1ccc(S(C)(=O)=O)cc1C(=O)N1CCN(c2ccc(C#N)cc2F)CC1,6.16
CS(=O)(=O)c1ccc(OCC(F)(F)F)c(C(=O)N2CCN(c3ccc(C#N)cc3F)CC2)c1,5.7
CC(Oc1ccc(S(C)(=O)=O)cc1C(=O)N1CCN(c2ncc(C(F)(F)F)cc2F)CC1)C(F)(F)F,4.7
CC(Oc1ccc(S(C)(=O)=O)cc1C(=O)N1CCN(c2ccc(C#N)cc2)CC1)C(F)(F)F,5.92
CC(Oc1ccc(S(C)(=O)=O)cc1C(=O)N1CCN(c2ccc(C(F)(F)F)cc2F)CC1)C(F)(F)F,5.16
CC(Oc1ccc(S(C)(=O)=O)cc1C(=O)N1CCN(c2ncc(C(F)(F)F)cc2Cl)CC1)C(F)(F)F,5.0
CC(Oc1ccc(S(C)(=O)=O)cc1C(=O)N1CCN(c2ccc(C(F)(F)F)cn2)CC1)C(F)(F)F,4.7
CC(Oc1ccc(S(C)(=O)=O)cc1C(=O)N1CCN(c2ccc(C#N)cc2F)CC1)C(F)(F)F,5.52
Cc1ncoc1-c1nnc(SCCCN2CC3CC3(c3ccc(S(F)(F)(F)(F)F)cc3)C2)n1C,6.4
Cc1ncoc1-c1nnc(SCCCN2CC3CC3(c3cccc(S(F)(F)(F)(F)F)c3)C2)n1C,6.0
O=C(C1CCOC1)N1CC2C(CNc3nc(-c4ccccn4)cs3)C2C1,5.7
Cc1[nH]c(-c2ccccc2)cc1C(=O)NCCCN1CCN(c2cccc(Cl)c2Cl)CC1,7.0
Cc1cccc(N2CCN(CCNC(=O)c3cc(C(C)(C)C)n(C)c3C)CC2)c1C,4.93
CCCn1c(-c2ccccc2)cc(C(=O)NCCCN2CCN(c3cccc(Cl)c3Cl)CC2)c1C,6.27
CCCn1c(-c2ccccn2)cc(C(=O)NCCCN2CCN(c3cccc(Cl)c3Cl)CC2)c1C,6.0
Cc1c(C(=O)N(C)CCCN2CCN(c3cccc(Cl)c3Cl)CC2)cc(-c2ccccc2)n1C,6.3
CCCn1c(-c2ccccc2)cc(C(=O)N(C)CCCN2CCN(c3cccc(C)c3C)CC2)c1C,6.16
Cc1c(C(=O)NCCCN2CCN(c3cccc(Cl)c3Cl)CC2)cc(-c2ccccn2)n1C,5.77
Cc1c(C(=O)NCCCN2CCN(c3cccc(Cl)c3Cl)CC2)cc(-c2cccnc2)n1C,5.17
Cc1c(C(=O)NCCN2CCN(c3cccc(Cl)c3Cl)CC2)cc(C(C)(C)C)n1C,5.16
NC(=O)c1cnc(-c2cnc3c(Nc4ccc(C(F)(F)F)cn4)ccnc3n2)c(C(F)(F)F)c1,5.23
Cn1cc(Cl)c(C(=O)N2CCN(CC(=O)c3ccc(F)cc3)CC2)n1,4.52
Cn1cc(Br)c(C(=O)N2CCN(CC(=O)c3ccc(F)cc3)CC2)n1,4.72
CN(C)CCN(C)C(=O)c1ccc(C2=NN(c3ccc(C#N)cc3)C(c3ccc(F)cc3)C2)cc1,6.77
N#Cc1ccc(N2N=C(c3ccc4[nH]c(=O)oc4c3)CC2c2ccc(F)cc2)cc1,7.54
CCCC1(C(=O)c2ccc(Cl)c(Cl)c2)CCCN1,5.51
CCCC1(C(=O)c2cc(F)c3[nH]ccc3c2)CCCN1,5.23
O=S(=O)(Nc1ccc(C23CNCC2C3)cc1)c1ccc(C(F)(F)F)cc1,6.1
COc1cc(C23CNCC2C3)ccc1NS(=O)(=O)c1ccc(C(C)C)cc1,5.9
CC(C)c1ccc(S(=O)(=O)Cc2ccc(C34CNCC3C4)cc2)cc1,5.9
CCN1CC2CC2(c2ccc(NS(=O)(=O)c3ccc(C(C)C)cc3)cc2)C1,5.9
CCC(C)(C)c1ccc(S(=O)(=O)Nc2ccc(C34CNCC3C4)cc2)cc1,5.9
CC(C)c1ccc(CS(=O)(=O)c2ccc(C34CNCC3C4)cc2)cc1,5.5
O=S(=O)(Nc1ccc(C23CNCC2C3)cc1)c1ccc(OC(F)(F)F)cc1,5.0
CC(C)c1ccc(S(=O)(=O)Nc2ccc(C34CC3CN(C)C4)cc2)cc1,5.8
C=CCN1CC2CC2(c2ccc(NS(=O)(=O)c3ccc(C(C)C)cc3)cc2)C1,7.0
CC(C)c1ccc(S(=O)(=O)Nc2ccc(C34CNCC3C4)cc2)cc1,6.0
NC(=O)c1cc(OC2CC3CCC(C2)N3Cc2ccccc2)ccn1,5.8
NC(=O)c1cccc([S+]([O-])C2CC3CCC(C2)N3Cc2ccccc2)c1,4.7
NC(=O)c1cccc(OC2CC3CCC(C2)N3Cc2ccccc2)n1,6.0
NC(=O)c1ccnc(OC2CC3CCC(C2)N3Cc2ccccc2)c1,6.0
Cc1c(OC2CC3CCC(C2)N3Cc2ccccc2)cccc1C(N)=O,5.96
NC(=O)c1cccc(NC2CC3CCC(C2)N3Cc2ccccc2)c1,5.96
NC(=O)c1cc(F)cc(OC2CC3CCC(C2)N3Cc2ccccc2)c1,6.17
NC(=O)c1cccc(OC2CC3CCC(C2)N3CC2CCCCC2)c1,5.7
NC(=O)c1cccc(CC2CC3CCC(C2)N3Cc2ccccc2)c1,6.6
NC(=O)c1cccc(SC2CC3CCC(C2)N3Cc2ccccc2)c1,5.96
NC(=O)c1ccc(OC2CC3CCC(C2)N3Cc2ccccc2)nc1,5.89
Cc1cc(OC2CC3CCC(C2)N3Cc2ccccc2)cc(C(N)=O)c1,6.18
NC(=O)c1cccc(OC2CC3CCC(C2)N3Cc2ccccc2)c1,6.21
NC(=O)c1ccc(OC2CC3CCC(C2)N3Cc2ccccc2)c(F)c1,5.85
NC(=O)c1cncc(OC2CC3CCC(C2)N3Cc2ccccc2)c1,5.82
NC(=O)c1ccc(OC2CC3CCC(C2)N3Cc2ccccc2)cc1,6.17
NC(=O)c1ccccc1OC1CC2CCC(C1)N2Cc1ccccc1,6.47
Cc1ccc(CN2C3CCC2CC(Oc2cccc(C(N)=O)c2)C3)s1,6.58
NC(=O)c1cncc(OC2CC3CCC(C2)N3Cc2ccccc2)n1,4.82
CC(C)(C)c1nnc(-c2nn(-c3ccccc3Cl)c(-c3ccc(Br)cc3)c2Cn2cncn2)s1,4.98
Cc1c(C(=O)NN2CCCCC2)nn(-c2ccc(Cl)cc2Cl)c1-c1ccc(Cl)cc1,5.32
CC(NC(=O)C(C)(C)Oc1ccc(C(F)(F)F)cn1)C(Cc1ccc(Cl)cc1)c1cccc(C#N)c1,4.85
CC(C)N1CC(C(=O)Nc2ccc(Cl)cn2)C(C(=O)Nc2ccc(-n3ccccc3=O)cc2F)C1,4.92
CCC(CC(=O)NCC1CCCCC1)n1c(N)nc2cc(Cl)ccc21,5.12
CC1Cc2c([nH]c3cc(Cl)c(F)cc23)C2(N1)C(=O)Nc1ccc(Cl)cc12,4.52
CNC(=O)c1ncn2c1COc1c(CCN3CCN(c4cccc5nc(C)ccc45)CC3)cccc1-2,5.8
Cc1ccc2c(N3CCN(CCc4cccc5c4OCc4c(C(=O)N6CCOCC6)ncn4-5)CC3)cccc2n1,6.0
Cc1ccc(CN2C3CCC2CC(Oc2cccc(C(N)=O)c2)C3)cc1,9.85
CC(c1ccnc(Cl)c1)N1C2CCC1CC(Oc1cccc(C(N)=O)c1)C2,7.89
NC(=O)c1cccc(OC2CC3CCC(C2)N3C2CCCc3ccccc32)c1,9.02
Cc1ccc(CN2C3CCC2CC(Oc2cccc(C(N)=O)c2)C3)o1,8.55
NC(=O)c1cccc(OC2CC3CCC(C2)N3Cc2ccccn2)c1,8.72
NC(=O)c1cccc(OC2CC3CCC(C2)N3C2CCCCC2)c1,7.82
Cc1ccc(C(C)N2C3CCC2CC(Oc2cccc(C(N)=O)c2)C3)cn1,8.52
NC(=O)c1cccc(OC2CC3CCC(C2)N3CC(=O)Nc2ccccc2)c1,9.14
NC(=O)c1cccc(OC2CC3CCC(C2)N3Cc2ccncc2)c1,8.82
CC(c1ccc(Cl)nc1)N1C2CCC1CC(Oc1cccc(C(N)=O)c1)C2,8.48
CC(c1ccccc1)N1C2CCC1CC(Oc1cccc(C(N)=O)c1)C2,8.74
NC(=O)c1cccc(OC2CC3CCC(C2)N3CC2CC2)c1,8.14
NC(=O)c1cccc(OC2CC3CCC(C2)N3Cc2cccnc2)c1,8.46
NC(=O)c1cccc(OC2CC3CCC(C2)N3Cc2ccc3c(c2)OCO3)c1,9.21
CC(c1ccncc1)N1C2CCC1CC(Oc1cccc(C(N)=O)c1)C2,8.43
COc1cccc(C(C)N2C3CCC2CC(Oc2cccc(C(N)=O)c2)C3)c1,8.34
NC(=O)c1cccc(OC2CC3CCC(C2)N3CCCc2ccccc2)c1,9.6
Cc1ccc(C(C)N2C3CCC2CC(Oc2cccc(C(N)=O)c2)C3)s1,8.8
NC(=O)c1cccc(OC2CC3CCC(C2)N3CCc2ccccc2)c1,9.42
NC(=O)c1cccc(OC2CC3CCC(C2)N3Cc2cccs2)c1,9.37
CS(=O)(=O)Cc1ccc(CN2C3CCC2CC(Oc2cccc(C(N)=O)c2)C3)cc1,8.18
NC(=O)c1cccc(OC2CC3CCC(C2)N3C2(c3ccccc3)CC2)c1,8.32
Cc1ccccc1CN1C2CCC1CC(Oc1cccc(C(N)=O)c1)C2,9.21
CC(C)(c1ccccc1)N1C2CCC1CC(Oc1cccc(C(N)=O)c1)C2,8.33
Cc1ccccc1C(C)N1C2CCC1CC(Oc1cccc(C(N)=O)c1)C2,8.31
Cn1c(SCCCN2CCC3CC3(c3ccc(C(F)(F)F)cc3)CC2)nnc1-c1ccnnc1,5.3
Cc1ncoc1-c1nnc(SCCCN2CCC3(CCc4cc(F)ccc43)C2)n1C,5.6
Cc1ncoc1-c1nnc(SCCCN2CCC3(CCCc4cc(Br)ccc43)C2)n1C,6.2
Cc1ncoc1-c1nnc(SCCCNC2CC3CC3(c3ccc(C(F)(F)F)cc3F)C2)n1C,6.0
Cc1ncoc1-c1nnc(SCCCN2CCC3(c4ccccc4)CC3C2)n1C,5.3
Cc1ncoc1-c1nnc(SCCCN2CCC3CC3(c3ccccc3)C2)n1C,5.2
Cc1ncoc1-c1nnc(SCCCN2CCC3CC3(c3ccc(C(F)(F)F)cc3)C2)n1C,5.7
Cc1ncoc1-c1nnc(SCCCNC2CCC3(c4ccc(C(F)(F)F)cc4)CC23)n1C,6.6
Cc1ncoc1-c1nnc(SCCCN2CCC3CC3(c3ccc(C(F)(F)F)cc3)CC2)n1C,5.8
Cc1ncoc1-c1nnc(SCCCN2CCC3(CCc4cc(Br)ccc43)C2)n1C,6.5
Cc1ncoc1-c1nnc(SCCCN2CCC3(CCCc4ccc(Br)cc43)C2)n1C,5.9
Cc1nc(C)c(-c2nnc(SCCCN3CCC4CC4(c4ccc(C(F)(F)F)cc4)CC3)n2C)o1,5.9
Cc1ncoc1-c1nnc(SCCCN2CCC3(c4cccc(C(F)(F)F)c4)CC3C2)n1C,6.7
Cc1ncoc1-c1nnc(SCCCN2CCC3(c4ccc(C(F)(F)F)cc4)CC3C2)n1C,6.1
Cc1ncoc1-c1nnc(SCCCN2CCC3(CCOc4ccccc43)C2)n1C,5.2
COc1ccc2c(c1)C1(CCC2)CCN(CCCSc2nnc(-c3ocnc3C)n2C)C1,5.2
Cc1ncoc1-c1nnc(SCCCN2C3CCC2CC(c2ccc(C(F)(F)F)cc2F)C3)n1C,6.3
Cc1nc(C)c(-c2nnc(SCCCN3CCC4(CCc5ccc(F)cc54)C3)n2C)s1,5.2
Cc1ncoc1-c1nnc(SCCCN2C3CCC2CC(c2cccc(C(F)(F)F)c2)C3)n1C,6.3
Cc1ncoc1-c1nnc(SCCCN2CCC3(CCc4ccc(Br)cc43)C2)n1C,6.1
Cc1nc(C)c(-c2nnc(SCCCN3CCC4CC4(c4ccc(C(F)(F)F)cc4)CC3)n2C)s1,6.2
Cc1ncoc1-c1nnc(SCCCN2C3CCC2CC(c2ccc(C(C)(C)C)cc2)C3)n1C,6.0
COc1cccc2c1CCCC21CCN(CCCSc2nnc(-c3ocnc3C)n2C)C1,5.7
COc1ccc2c(c1)CCCC21CCN(CCCSc2nnc(-c3ocnc3C)n2C)C1,5.7
Cc1ncoc1-c1nnc(SCCCN2CCC3CC3(c3cccc(C(F)(F)F)c3)C2)n1C,5.7
Cc1nc(C)c(-c2nnc(SCCCN3CCC4(CCc5ccc(Cl)cc54)C3)n2C)s1,5.6
Cc1ncoc1-c1nnc(SCCCNC2CC3CC3(c3ccccc3)C2)n1C,5.1
Cc1ncoc1-c1nnc(SCCCN2CCC3(CCc4c(Br)cccc43)C2)n1C,6.2
Cc1nc(C)c(-c2nnc(SCCCN3CCC4(CCc5cc(Cl)ccc54)C3)n2C)s1,5.6
Cc1ncoc1-c1nnc(SCCCN2C3CCC2CC(c2ccc(C(F)(F)F)cc2)C3)n1C,6.8
Cc1ncoc1-c1nnc(SCCCNC2CCC3(c4ccc(C(F)(F)F)cc4F)CC23)n1C,6.2
O=C(NCc1cccnc1OCC(F)(F)F)c1cncc(-c2ccc(Cl)cc2)c1,4.72
Cc1cc(C)cc(NC(=O)c2cncc(-c3ccc(C#N)cc3)c2)c1,4.8
Cc1nc(C(=O)NCCCN2CCN(c3cccc(Cl)c3Cl)CC2)cc(C(C)C)n1,5.27
Cc1nc(C(=O)NCCCN2CCN(c3cccc(C)c3C)CC2)cc(C(C)(C)C)n1,5.23
Cc1ncnc(C)c1C(=O)N1CC2CN(CCC(c3cccc(F)c3)C3CCN(S(C)(=O)=O)CC3)CC2C1,4.81
O=C(NO)c1cnc(N2CC3CN(Cc4ccc5ccccc5c4)CC3C2)nc1,5.39
CSc1nn(-c2ccccc2)c2cc(NC(=O)C3CCNCC3)ccc12,5.09
O=C(NC1CN2CCC1CC2)c1cccc2oc(C3CC3)nc12,6.16
Nc1nc2c(C(=O)NC3CN4CCC3CC4)cc(Cl)cc2o1,5.32
COc1ccccc1-c1nc2c(C(=O)NC3CN4CCC3CC4)cccc2o1,6.7
O=C(NC1CN2CCC1CC2)c1cccc2oc(N3CCOCC3)nc12,5.5
CN1C2CCCC1CC(NC(=O)c1cccc3oc(N4CCOCC4)nc13)C2,5.85
COc1ccccc1-c1nc2c(C(=O)NC3CC4CCCC(C3)N4C)cccc2o1,6.4
CC1CNCC(C)N1c1nc2c(C(=O)NC3CC4CCCC(C3)N4C)cccc2o1,5.19
O=C(O)CCNC1CCC2(Cc3ccccc3Cc3ccccc32)C1,4.2
CC(C)C(Nc1nc2cc[nH]c(=O)c2c2cnccc12)C(F)(F)F,5.85
CC(C)C(Nc1nc2cc[nH]c(=O)c2c2cc(F)ccc12)C(F)(F)F,5.46
CCOC1CN(C2CCC(O)(c3ccc(C)cc3)CC2)CC1NC(=O)CNC(=O)c1cccc(C(F)(F)F)c1,4.96
CCOC1CN(C2CCC(O)(c3ccc4c(c3)OCO4)CC2)CC1NC(=O)CNC(=O)c1cccc(C(F)(F)F)c1,4.89
CC(C)S(=O)(=O)NC1CN(C)CC1c1ccc(-c2ccc(F)nc2)cc1,6.0
CCN1CC(NS(=O)(=O)C(C)C)C(c2ccc(-c3ccc(C#N)cc3)cc2)C1,6.4
CC(C)S(=O)(=O)NC1CN(C)CC1c1ccc(-c2cccc(C(F)(F)F)c2)cc1,5.4
CC(C)S(=O)(=O)NC1CN(C)CC1c1ccc(-c2cccnc2F)cc1,5.2
CC(C)S(=O)(=O)NC1CN(c2ccccc2)CC1c1ccc(-c2ccc(C#N)cc2)cc1,6.1
CC(C)S(=O)(=O)NC1COCC1c1ccc(-c2ccc(F)nc2)cc1,4.9
CC(C)S(=O)(=O)NC1CN(C)CC1c1ccc(-c2ccc(C#N)cc2)cc1,5.7
CC(C)S(=O)(=O)NC1CN(C)CC1c1ccc(-c2ccsc2)cc1,5.4
CC(=O)Nc1cccc(-c2ccc(C3CN(C)CC3NS(=O)(=O)C(C)C)cc2)c1,4.9
CC(C)S(=O)(=O)NC1CN(c2ccccc2)CC1c1ccc(-c2ccc(F)nc2)cc1,7.1
CC(C)S(=O)(=O)NC1CN(C)CC1c1ccc(-c2cccc(NS(C)(=O)=O)c2)cc1,4.5
CCN1CC(NS(=O)(=O)C(C)C)C(c2ccc(-c3cccc(NS(C)(=O)=O)c3)cc2)C1,5.6
CC(C)N1CC(NS(=O)(=O)C(C)C)C(c2ccc(-c3cccc(NS(C)(=O)=O)c3)cc2)C1,5.2
CC(C)S(=O)(=O)NC1CN(c2ccccc2)CC1c1ccc(-c2cccc(NS(C)(=O)=O)c2)cc1,5.89
CC(=O)c1cccc(-c2ccc(C3CN(C)CC3NS(=O)(=O)C(C)C)cc2)c1,5.1
N#Cc1ccc(CNC(=O)N(c2cccc(F)c2)C2CCN(CCC3(c4cccc(F)c4)CCN(C(=O)c4ccc(F)cc4O)CC3)CC2)cc1,6.1
CC(C)(O)C(=O)N1CCC(CCN2CCC(N(C(=O)NCc3ccc(C#N)cc3)c3cccc(F)c3)CC2)(c2cccc(F)c2)CC1,5.0
N#Cc1ccc(CNC(=O)N(c2cccc(F)c2)C2CCN(CCC3(c4cccc(F)c4)CCN(C(=O)c4ccc(C#N)cc4)CC3)CC2)cc1,6.4
N#Cc1ccc(CNC(=O)N(c2cccc(F)c2)C2CCN(CCC3(c4cccc(F)c4)CCN(C(=O)c4cccc(C(N)=O)c4)CC3)CC2)cc1,4.7
O=c1cc(OCc2ccccc2)ccn1-c1ccc2c(cnn2CC2=NCCN2)c1,5.07
CN(C)CC(O)Cn1ncc2cc(-n3ccc(OCc4ccccc4)cc3=O)ccc21,4.92
O=c1cc(OCc2ccccc2)ccn1-c1ccc2c(cnn2CCN2CCNCC2)c1,4.79
CN(C)CCCn1ncc2cc(-n3ccc(OCc4ccccc4)cc3=O)ccc21,5.85
COCC1CCCN1CCn1ncc2cc(-n3ccc(OCc4ccccc4)cc3=O)ccc21,6.1
O=c1cc(OCc2ccccc2)ccn1-c1ccc2c(cnn2CC2CCCN2)c1,5.7
O=c1cc(OCc2ccccc2)ccn1-c1ccc2c(cnn2CCN2CCC(O)C2)c1,5.05
CN1CCN=C1Cn1ncc2cc(-n3ccc(OCc4ccccc4)cc3=O)ccc21,5.48
O=c1cc(OCc2ccccc2)ccn1-c1ccc2c(cnn2CCN2CC3CC2CO3)c1,4.8
O=c1cc(OCc2ccccc2)ccn1-c1ccc2c(cnn2CCN2CCCC2CO)c1,5.64
COC1CCN(CCn2ncc3cc(-n4ccc(OCc5ccccc5)cc4=O)ccc32)C1,5.75
O=c1cc(OCc2ccccc2)ccn1-c1ccc2c(cnn2CCN2CCCC2)c1,5.6
O=C1OC2(CCC(c3nc4cc(OC(F)(F)F)ccc4[nH]3)CC2)CN1c1ccccc1F,5.2
O=C1OC2(CCC(c3nc4cc(OC(F)(F)F)ccc4[nH]3)CC2)CN1c1ccccn1,5.6
O=C1OC2(CCC(c3nc4cc(OC(F)(F)F)ccc4[nH]3)CC2)CN1c1cccnc1F,4.8
O=C1OC2(CCC(c3nc4cc(OC(F)(F)F)ccc4[nH]3)CC2)CN1c1cccnc1,5.1
N#Cc1ccc2[nH]c(C3CCC4(CC3)CN(c3ccccn3)C(=O)O4)nc2c1,4.9
O=C1OC2(CCC(c3nc4cc(OC(F)(F)F)ccc4[nH]3)CC2)CN1c1cccc(F)n1,5.4
O=C1OC2(CCC(c3nc4cc(OC(F)(F)F)ccc4[nH]3)CC2)CN1c1ccc(F)cc1,6.1
O=C1OC2(CCC(c3nc4cc(C(F)(F)F)ccc4[nH]3)CC2)CN1c1ccccn1,5.4
O=C1OC2(CCN(c3nc4cc(C(F)(F)F)ccc4[nH]3)CC2)CN1c1ccccc1,5.7
O=C1OC2(CCC(c3nc4cc(C(F)(F)F)ccc4[nH]3)CC2)CN1c1ccccc1,5.4
N#Cc1ccc2[nH]c(C3CCC4(CC3)CN(c3ccccc3)C(=O)O4)nc2c1,5.0
O=C1OC2(CCN(c3nc4ccccc4[nH]3)CC2)CN1c1ccccc1,6.0
Cc1cccc(N2CC3(CCC(c4nc5cc(OC(F)(F)F)ccc5[nH]4)CC3)OC2=O)n1,5.7
N#Cc1ccc2[nH]c(C3CCC4(CC3)CN(c3ccc(F)cc3)C(=O)O4)nc2c1,5.8
COc1cc2c(cc1Nc1ncc(Cl)c(Nc3ccc(N4CCOCC4)cc3OC)n1)CCN(CC(=O)N(C)C)CC2,5.41
Cc1ccc2nc(CN3CCN(C(=O)CC(c4ccccc4)c4ccc(F)cc4)CC3)oc2c1,5.64
COC(=O)c1coc(CN2CCN(C(=O)CC(c3ccc(F)cc3)c3ccc(C(F)(F)F)cc3)CC2)n1,5.42
COc1ccc(C(CC(=O)N2CCN(Cc3nc4ccc(C)cc4o3)CC2)c2ccccc2)cc1,5.94
COC(=O)c1coc(CN2CCN(C(=O)CC(c3ccc(F)cc3)c3ccc(Br)cc3)CC2)n1,5.65
NCCC1Cc2ccccc2C(c2ccc(Cl)c(Cl)c2)C1,5.82
CNC1Cc2ccccc2C(c2ccc(Cl)c(Cl)c2)C1,5.8
CNCC1Cc2ccccc2C(c2ccc(Cl)c(Cl)c2)C1,5.79
CN(C)C1CCN(c2ccc(Cl)c(Cl)c2)c2ccccc21,5.07
NC1CCN(c2ccc(Cl)c(Cl)c2)c2ccccc21,5.46
CNC1CCN(c2ccc(Cl)c(Cl)c2)c2ccccc21,5.49
COc1cc(C=Cc2nc3sc4c(c3c(=O)[nH]2)CCC4)ccc1-n1cnc(C)c1,5.33
COc1cc(C=Cc2nc(N)c3c(n2)oc2ccccc23)ccc1-n1cnc(C)c1,6.29
COc1cc(C=Cc2nc(N)c3c4c(sc3n2)CCCCC4)ccc1-n1cnc(C)c1,6.41
COc1cc(C=Cc2nc3cc(C(F)(F)F)ccc3c(=O)[nH]2)ccc1-n1cnc(C)c1,6.06
COc1cc(C=Cc2nc(NCc3ccccc3)c3c4c(sc3n2)CCC4)ccc1-n1cnc(C)c1,5.95
CCOC(=O)c1sc2nc(C=Cc3ccc(-n4cnc(C)c4)c(OC)c3)nc(N)c2c1C,6.01
COc1cc(C=Cc2nc3ccccc3c(=O)n2-c2ccccc2)ccc1-n1cnc(C)c1,6.0
COc1cc(C=Cc2nc(N)c3ccccc3n2)ccc1-n1cnc(C)c1,6.85
COc1cc(C=Cc2nc3ccccc3[nH]2)ccc1-n1cnc(C)c1,6.17
O=c1cc(OCc2ccccc2F)ccn1-c1ccc(OCCN2CCCC2)cc1,8.37
CCN(CC)CCN(C)c1ccc(-n2ccc(OCc3ccccc3)cc2=O)cc1,8.77
COc1ccc(COc2ccn(-c3ccc(OCCN4CCCC4)cc3)c(=O)c2)cc1,8.92
CN1CCCCC1COc1ccc(-n2ccc(OCc3ccccc3)cc2=O)cc1,8.24
O=c1cc(OCc2ccc(Cl)cc2)ccn1-c1ccc(OCCN2CCCC2)cc1,8.77
O=c1cc(OCc2cccc(Cl)c2)ccn1-c1ccc(OCCN2CCCC2)cc1,8.72
O=c1cc(OCc2ccccc2)ccn1-c1ccc(OCCN2CCCCC2)cc1,8.24
O=c1cc(OCc2ccc(C(F)(F)F)cc2)ccn1-c1ccc(OCCN2CCCC2)cc1,8.62
CC(C)N(CCOc1ccc(-n2ccc(OCc3ccccc3)cc2=O)cc1)C(C)C,8.37
O=c1cc(OCc2cccc(F)c2)ccn1-c1ccc(OCCN2CCCC2)cc1,8.54
O=c1cc(OCc2ccc(F)cc2)ccn1-c1ccc(OCCN2CCCC2)cc1,8.05
CN(CCOc1ccc(-n2ccc(OCc3ccccc3)cc2=O)cc1)Cc1ccccc1,9.09
O=c1cc(OCc2ccccc2)ccn1-c1ccc(OCCN2CCCC2)cc1,8.09
O=c1cc(OCc2ccc3ccccc3c2)ccn1-c1ccc(OCCN2CCCC2)cc1,9.17
CCN(CC)CCNc1ccc(-n2ccc(OCc3ccccc3)cc2=O)cc1,8.15
CCN(CC)CCOc1ccc(-n2ccc(OCc3ccccc3)cc2=O)cc1,8.01
O=C(O)CCNC(=O)c1ccc(Cn2nc(-c3cc(Cl)cc(Cl)c3)cc2-c2ccc(OC(F)(F)F)cc2)cc1,5.29
FC(F)(F)c1ccccc1-c1cc(C(F)(F)F)c2[nH]c(C3=NOC4(CCCCC4)C3)nc2c1,4.8
O=C(O)C1CN(Cc2ccc(-c3cc4cc(Cc5ccccc5)ccc4o3)c(F)c2)C1,4.77
CC(=O)NC(CCN1C2CCC1CC(n1c(C)nc3c1CCN(C(C)=O)C3)C2)c1cccc(F)c1,5.3
Cc1nc(C(C)C)n(C2CC3CCC(C2)N3CCC(NC(=O)C2CCC(F)(F)CC2)c2ccccc2)n1,5.37
CCCC(=O)N1CCc2c(nc(C)n2C2CC3CCC(C2)N3CCC(NC(C)=O)c2cccc(F)c2)C1,5.22
CC(=O)NC(CCN1C2CCC1CC(n1c(C)nc3c1CCN(C(=O)C(C)C)C3)C2)c1cccc(F)c1,4.92
CC(=O)NC(CCN1C2CCC1CC(n1c(C)nc3c1CCN(c1cnccn1)C3)C2)c1cccc(F)c1,6.0
CC(=O)NC(CCN1C2CCC1CC(n1c(C)nc3c1CCN(C(=O)C(C)(C)C)C3)C2)c1cccc(F)c1,5.3
CC(=O)NC(CCN1C2CCC1CC(n1c(C)nc3c1CCN(c1ccncn1)C3)C2)c1cccc(F)c1,8.0
COC(=O)N1CCc2c(nc(C)n2C2CC3CCC(C2)N3CCC(NC(C)=O)c2cccc(F)c2)C1,5.7
CCC(=O)N1CCc2c(nc(C)n2C2CC3CCC(C2)N3CCC(NC(C)=O)c2cccc(F)c2)C1,5.3
O=C(NC1CCC(O)CC1)C(C1CCCCC1)n1c(-c2ccc(Cl)cc2)nc2cc(F)c(F)cc21,5.14
O=C(NC1CCCCC1)C(C1CCCCC1)n1c(-c2ccc(Cl)cc2)nc2cc(F)c(Cl)cc21,5.8
Cc1cc(C(=O)O)ccc1NC(=O)C(C1CCCCC1)n1c(-c2ccc(Cl)cc2)nc2cc(F)c(F)cc21,6.16
O=C(NC1CCCCC1)C(C1CCCCC1)n1c(-c2ccc(Cl)cc2)nc2cc(F)c(F)cc21,5.85
O=C(c1ccc(F)cc1)N1CCN(CCn2c(=O)[nH]c3ccccc3c2=O)CC1,6.97
CCN=C(c1ccc(OC)c(OC)c1)N1CCCc2cc(C3=NNC(=O)SC3C)ccc21,5.18
CCCN1CC(CSC)CC2c3cccc4[nH]cc(c34)CC21,6.92
Cc1cccc(C)c1NC(=O)CN1CCN(CCCC(c2ccc(F)cc2)c2ccc(F)cc2)CC1,7.8
CCCCN1CCCCC1C(=O)Nc1c(C)cccc1C,4.68
c1ccc(-c2[nH]c3ccccc3c2C2CC3CCC(C2)N3c2ccccc2)cc1,7.75
COC12CCC3(CC1C(C)(O)C(C)(C)C)C1Cc4ccc(O)c5c4C3(CCN1CC1CC1)C2O5,5.1
COc1cc2nc(N3CCN(C(=O)C4COc5ccccc5O4)CC3)nc(N)c2cc1OC,6.23
COc1ccc(C2CCN(CCN3CCOc4ccccc43)CC2)cc1OC,6.6
CC(C)(C)N1CCC(c2ccccc2)(c2ccccc2)CC1,6.07
Cc1ccccc1C(OCCN(C)C)c1ccccc1,6.07
CCC1=C(C)CC(C(=O)NCCc2ccc(S(=O)(=O)NC(=O)NC3CCC(C)CC3)cc2)C1=O,4.13
Clc1ccccc1C(c1ccccc1)(c1ccccc1)n1ccnc1,5.52
CCN(CC)CCOc1ccc(C(=C(Cl)c2ccccc2)c2ccccc2)cc1,6.74
O=C(OC1Cc2c(O)cc(O)cc2OC1c1cc(O)c(O)c(O)c1)c1cc(O)c(O)c(O)c1,5.22
O=C1CCc2ccc(OCCCCN3CCN(c4cccc(Cl)c4Cl)CC3)cc2N1,6.2
CC1N=CN=C1CN1CCc2c(c3ccccc3n2C)C1=O,5.5
COC(=O)C1=C(C)NC(C)=C(C(=O)OC(C)C)C1c1cccc2c1NON2,4.3
CC(C)Oc1cc(C(C2=CCC(=O)N=C2)c2ccc(C(C)(C)O)nc2)ccc1OC(F)F,4.25
O=C(NCCO)C1CCC(c2ncc(-c3cccc(C(F)(F)F)c3)[nH]2)CC1,6.3
CCCCN(CCCC)CC(O)c1cc(Cl)cc2c1-c1ccc(Cl)cc1C2=Cc1ccc(Cl)cc1,5.09
OCCOCCN1CCN(C2=Nc3ccccc3Sc3ccccc32)CC1,5.24
O=C(NCCN1CCOCC1)c1ccc(Cl)cc1,4.1
c1ccc(C2=Nc3ccccc3C2C2CCN(c3ccccc3)CC2)cc1,7.1
Cc1cn2c(N)c(Cl)cc(C(=O)NCC3CCN(CC(C)C)CC3)c2n1,5.59
CCC(=O)OC(Cc1ccccc1)(c1ccccc1)C(C)CN(C)C,5.56
CN(C)CCC=C1c2ccccc2COc2ccccc21,5.19
CCCCCCCCC(=O)NCc1ccc(CC(O)CO)c(OC)c1,7.0
COc1ccc(CC(=O)Nc2cc3c(cc2[N+](=O)[O-])OC(C)(C)C(O)C3NC2CC2)cc1,4.36
CC(C(O)c1ccc(O)cc1)N1CCC(Cc2ccccc2)CC1,7.0
COc1cc2nc(N3CCN(C(=O)c4ccco4)CC3)nc(N)c2cc1OC,5.8
COc1cc2nc(N(C)CCCNC(=O)C3CCCO3)nc(C)c2cc1OC,4.08
CC(=O)NC(=O)C1CCC(C2N=CC(c3cccc(Br)c3)=N2)CC1,6.3
CCC(=C(c1ccccc1)c1ccc(OCCN(C)C)cc1)c1ccccc1,5.8
CC(CC(c1ccccc1)c1ccccc1)NC(C)(C)C,5.24
COC(=O)C1=CCC2CCC1N2C,5.05
CCOc1cc(N)c(Cl)cc1C(=O)NCC1CN(Cc2ccc(F)cc2)CCO1,5.32
O=C1CCC(c2ccc(Nc3ccncc3)cc2)=NN1,5.98
CC(C)(CN1CCC(=C2c3ccc(F)cc3COc3ccccc32)CC1)C(=O)O,5.0
Cc1cccc(C)c1OCC(C)N,5.0
CC(C)(C)c1ccc2c(ccn2-c2ccc(F)cc2)c1,5.0
CCOC(=O)C1C(OC(=O)c2ccccc2)CC2CCC1N2C,5.92
CN(C)CCC(c1ccc(Br)cc1)c1ccccn1,6.05
CC(=O)c1cn(-c2ccc(F)cc2)c2ccc(Cl)cc12,5.0
COc1ccc(CC(=O)NCc2ccccc2-c2ccccc2C(=O)NCCc2cccnc2)cc1,5.0
COc1ccc2cc3[n+](cc2c1OC)CCc1cc2c(cc1-3)OCO2,4.18
CC(C)(C)c1ccc(C(=O)CCCN2CCC(OC(c3ccccc3)c3ccccc3)CC2)cc1,6.48
CN1CCc2cccc3c2C1Cc1ccc(O)c(O)c1-3,5.62
CN(C)CCCn1cc(C2=C(c3c[nH]c4ccccc34)C(=O)NC2=O)c2ccccc21,6.0
CC(C)(C)c1ccc(NC(=O)N2CCN(c3ncccc3Cl)CC2)cc1,6.0
COc1cc2c(cc1OC)C(=O)C(CC1CCN(Cc3ccccc3)CC1)C2,5.7
NCCC(Oc1ccc(C(F)(F)F)cc1)c1ccccc1,5.64
CCOP(=O)(Sc1ccccc1)Sc1ccccc1,4.3
CCCC1NC(C)C2C(=O)N=C(c3cc(S(=O)(=O)N4CCN(CC)CC4)ccc3OCC)NN12,4.89
Cc1ccc(C23CNCC2C3)cc1,4.35
CCCCCCC[N+](CC)(CC)CCCCc1ccc(Cl)cc1,7.9
CCCCc1oc2ccc(NS(C)(=O)=O)cc2c1C(=O)c1ccc(OCCCN(CCCC)CCCC)cc1,6.5
COc1ccc(Cc2nccc3cc(OC)c(OC)cc23)cc1OC,5.14
CCC1OC(=O)C(C)C(OC2CC(C)(OC)C(O)C(C)O2)C(C)C(OC2OC(C)CC(N(C)C)C2O)C(C)(O)CC(C)C(=NOCOCCOC)C(C)C(O)C1(C)O,4.44
COc1cc2nc(N3CCN(C(=O)C4CCCO4)CC3)nc(N)c2cc1OC,4.75
CC(C)c1cn(-c2ccc(F)cc2)c2ccc(Cl)cc12,5.0
Cc1cccc(C)c1OCC(=O)NC(Cc1ccccc1)C(O)CC(Cc1ccccc1)NC(=O)C(C(C)C)N1CCCNC1=O,5.07
CCC(C)(C)Cc1c[nH]c(CCc2ccc(-c3ccccn3)cc2)n1,5.92
Cc1c(C(=O)Nc2ccn(C)n2)ncn1Cc1cccc(C(F)(F)F)c1,4.54
CC(CC(CS(=O)(=O)N1CCC(OCc2ccc(Cl)cc2Cl)CC1)N(O)C=O)c1ncc(F)cn1,5.3
CC(CC(C)(CS(=O)(=O)N1CCN(c2ccc(F)cc2)CC1)N(O)C=O)c1ncc(F)cn1,4.68
CC(CC(C)(CS(=O)(=O)N1CCC(OCc2ccc(Cl)cc2Cl)CC1)N(O)C=O)c1ncc(F)cn1,5.1
CC(CC(CS(=O)(=O)N1CCN(c2ccc(F)cc2)CC1)N(O)C=O)c1ncc(F)cn1,4.58
CNC(C)C1(c2ccc(Cl)c(Cl)c2)CCCCC1,4.64
CC(N(C)C)C1(c2ccc3ccccc3c2)CCCCC1,5.37
CC(N(C)C)C1(c2ccc(Cl)c(Cl)c2)CCCCC1,4.4
CCOC1Cc2cc(C(F)(F)F)ccc2C1N1CCN(C2(C)CCN(C(=O)c3c(C)ncnc3C)CC2)CC1C,5.35
N#Cc1ccc(C(=O)N2CCC3(CC2)N=C(N)c2c(F)ccc(F)c2N3)cn1,7.0
CNCCC(Oc1cc(Cl)ccc1C#N)c1ccccc1,5.0
COc1ccc(C2CN(CCc3ccc(OC)c(OC)c3)CC2CC(=O)NCc2cccc(Cl)c2)cc1,7.47
COc1ccc(C2CN(CCCN3CCCC3=O)CC2CC(=O)Nc2cccc(Cl)c2)cc1,5.9
COc1ccc(C2CN(CCc3ccc(OC)c(OC)c3)CC2CCc2cc3ccc(Cl)cc3[nH]2)cc1,7.35
COc1ccc(C2CN(CCc3cccc(OC)c3)CC2CNC(=O)c2cccc(Cl)c2)cc1,7.33
COc1ccc(C2CN(CCc3ccc(OC)c(OC)c3)CC2CC(=O)N(C)c2cccc(Cl)c2)cc1,7.54
COc1ccc(C2CN(CCC3CCOCC3)CC2CNC(=O)c2cccc(Cl)c2)cc1,5.71
COc1ccc(C2CN(Cc3ccc(OC)c(OC)c3)CC2CNC(=O)c2cccc(Cl)c2)cc1,6.22
COc1ccc(C2CN(CCc3ccc(OC)c(OC)c3)CC2CC(=O)Nc2cccc(Cl)c2)cc1,8.7
COc1ccc(C2CN(CCC3CCOCC3)CC2CC(=O)Nc2cccc(Cl)c2)cc1,6.92
COc1ccc(C2CN(CCC3(O)CCOCC3)CC2CC(=O)Nc2cccc(Cl)c2)cc1,5.08
COc1ccc(C2CN(CCc3ccc(OC)c(OC)c3)CC2CCc2nc3ccc(Cl)cc3[nH]2)cc1,7.8
COc1ccc(C2CN(CCCN(C)S(C)(=O)=O)CC2CC(=O)Nc2cccc(Cl)c2)cc1,5.33
COc1ccc(C2CN(CCCC3CCOCC3)CC2CNC(=O)c2cccc(Cl)c2)cc1,5.99
COc1ccc(C2CN(CCC3CCS(=O)(=O)CC3)CC2CC(=O)Nc2cccc(Cl)c2)cc1,6.54
COc1ccc(C2CN(CCCN(C)S(=O)(=O)c3ccccc3)CC2CC(=O)Nc2cccc(Cl)c2)cc1,6.85
COc1ccc(C2CN(CCCC3CCOCC3)CC2CC(=O)Nc2cccc(Cl)c2)cc1,6.43
COc1ccc(C2CN(CCc3ccc(OC)c(OC)c3)CC2CNC(=O)c2cccc(Cl)c2)cc1,6.96
COc1ccc(C2CN(CCCc3ccc(OC)c(OC)c3)CC2CNC(=O)c2cccc(Cl)c2)cc1,6.7
COc1ccc(C2CN(CCCC3CCNCC3)CC2CNC(=O)c2cccc(Cl)c2)cc1,4.69
COc1ccc(C2CN(CCc3ccc(OC)c(OC)c3)CC2Cc2nc3ccc(Cl)cc3[nH]2)cc1,7.55
COc1ccc(C2CN(CCc3ccc(OC)c(OC)c3)CC2CCNC(=O)c2cccc(Cl)c2)cc1,7.25
O=c1c2ccccc2c(Cc2ccc(Cl)cc2)nn1CC1CCCN1CCCCc1ccc(OCCCN2CCCCCC2)cc1,7.3
O=C(NC1CC1)c1ccc(OCC2CC2C2CCN(c3ncc(Cl)cn3)CC2)cc1F,5.82
Cc1cnc(N2CCC(C3CCN(c4cc(C)nc(C#N)n4)CC3)CC2)cn1,4.97
Cc1cnc(N2CCC(C3CCN(c4cc(C#N)nc(C)n4)CC3)CC2)nc1,5.75
O=C(NC1CC1)c1ccc(OCC2CC2CC2CCN(c3ncc(Cl)cn3)CC2)cc1F,5.92
Cc1cnc(N2CCC(C3CCN(c4cc(C#N)nc(C)n4)CC3)CC2)cn1,5.27
Cc1cc(N2CCC(C3CCN(c4ncc(Cl)cn4)CC3)CC2)nc(C#N)n1,6.56
O=C1Nc2ncccc2C2(CCN(C(=O)NC3CCC(c4cccc(F)c4F)Cn4c(CC(F)(F)F)cnc43)CC2)O1,5.48
CC(C)Oc1ccc(F)cc1-c1ccc(N2CCC(CNC(=O)c3ccc(-c4nc5cc(C#N)cc(C(C)C)c5o4)cc3)CC2)nc1,7.25
Cc1cccc(C2CCC(CNC(=O)c3ccc(-c4nc5cc(C#N)cc(C(C)C)c5o4)cc3)CC2)c1,4.95
CC(C)c1cc(C#N)cc2nc(-c3ccc(C(=O)NCC4CN(c5ccc(-c6ccccc6C#N)cn5)C(=O)O4)cc3)oc12,5.92
CC(C)c1cc(C#N)cc2nc(-c3ccc(C(=O)NCC4CN(c5ccc(-c6ccccc6OC(F)(F)F)cn5)C(=O)O4)cc3)oc12,5.45
CC(C)OC(=O)N1CCC(Oc2ncnc3c2cnn3-c2ccc(S(C)(=O)=O)cc2F)CC1,5.52
CC#CC(CC(=O)O)c1ccc(Oc2ccc(C(F)(F)F)cc2OC(F)F)cc1F,4.6
CC#CC(c1ccc(Oc2ccc(C(F)(F)F)cc2OC(F)F)cc1)C1OC(=O)NC1=O,5.47
Cc1c2c(n3c1CCCN1CCCCC1CNc1cc-3ccc1C(N)=O)CC(C)(C)CC2=O,6.05
Cc1c2c(n3c1CCCN1CCOCC1CNc1cc-3ccc1C(N)=O)CC(C)(C)CC2=O,4.9
Cc1c2c(n3c1CCCN1CCC(CNc4cc-3ccc4C(N)=O)C1)CC(C)(C)CC2=O,6.36
CC(=O)N1CCN2CCCc3c(C)c4c(n3-c3ccc(C(N)=O)c(c3)NCC2C1)CC(C)(C)CC4=O,4.61
Cc1c2c(n3c1CCCN1CC(F)CC1CNc1cc-3ccc1C(N)=O)CC(C)(C)CC2=O,4.79
Cc1c2c(n3c1CCCN1CCCCC1C(C)Nc1cc-3ccc1C(N)=O)CC(C)(C)CC2=O,5.82
Cc1c2c(n3c1CCCN1CCCC1CNc1cc-3ccc1C(N)=O)CC(C)(C)CC2=O,5.58
COc1cc(F)ccc1-c1cccc(CNC2CCCC2)n1,5.21
COc1cc(F)ccc1-c1cncc(CNC(=O)c2ccccc2)c1,4.73
COc1cc(F)ccc1-c1cncc(NC2CCCOC2)c1,5.03
COc1cc(F)ccc1-c1cncc(CNCC2CC2)n1,5.72
COc1cc(F)ccc1-c1cncc(CNC2CCCCC2)c1,5.66
COc1cc(F)ccc1-c1cncc(CNC2CCCC2)n1,4.8
COc1cc(F)ccc1-c1cncc(CNC(=O)c2cnccn2)c1,5.15
COc1cc(F)ccc1-c1cncc(CNC(=O)C2CCC2)c1,4.73
COc1cc(F)ccc1-c1cncc(CNC(C)C)c1,5.18
COc1cc(F)ccc1-c1cncc(NCc2ccccc2)c1,5.28
COc1cc(F)ccc1-c1cncc(C2CCCN2)c1,5.06
COc1cc(F)ccc1-c1cc(CNC2CCCC2)ccn1,5.42
COc1cc(F)ccc1-c1cncc(CNC(=O)c2ccccn2)c1,4.57
CCN1C(=O)c2nc(Cc3ccccc3)n(Cc3ccccc3)c2N2CC3(CCc4ccccc43)N=C12,5.64
CCC1OC(=O)C(C)C(OC2CC(C)(OC)CC(C)O2)C(C)C(OC2OC(C)CC(N(C)C(C)C)C2O)C(C)(O)CC(C)C(OCC(=O)NC)C(C)C(O)C1(C)O,4.52
CCOC1COCCC1NC1CCC(C(=O)N2CCN(c3cc(C(F)(F)F)ccn3)CC2)(C(C)C)C1,5.19
COC1COCCC1NC1CCC(C(=O)N2CCN(c3ccnc(C(F)(F)F)n3)CC2)(C(C)C)C1,4.45
COC1COCCC1N(C)C1CCC(C(=O)N2CCN(c3cc(C(F)(F)F)cnn3)CC2)(C(C)C)C1,4.28
COC1COCCC1NC1CCC(C(=O)N2CCN(c3cncc(C(F)(F)F)c3)CC2)(C(C)C)C1,5.68
COC1COCCC1NC1CCC(C(=O)N2CCN(c3cncc(C(F)(F)F)n3)CC2)(C(C)C)C1,5.12
COC1COCCC1NC1CCC(C(=O)N2CCN(c3nccc(C(F)(F)F)n3)CC2)(C(C)C)C1,5.31
CC(C)C1(C(=O)N2CCN(c3cc(C(F)(F)F)ccn3)CC2)CCC(NC2C3CCCC2COC3)C1,5.92
COC1COCCC1N(C)C1CCC(C(=O)N2CCN(c3cc(C(F)(F)F)ccn3)CC2)(C(C)C)C1,4.77
COC1COCCC1NC1CCC(C(=O)N2CCN(c3cc(C(F)(F)F)cnn3)CC2)(C(C)C)C1,4.5
CC(C)C1(C(=O)N2CCN(c3cc(C(F)(F)F)ccn3)CC2)CCC(N2CCC3COCCC32)C1,5.96
COC1COCCC1NC1CCC(C(=O)N2CCN(c3cccc(C(F)(F)F)n3)CC2)(C(C)C)C1,5.41
COC1COCCC1NC1CCC(C(=O)N2CCN(c3cc(C(F)(F)F)ncn3)CC2)(C(C)C)C1,4.37
COC1COCCC1NC1CCC(C(=O)N2CCN(c3nncc(C(F)(F)F)n3)CC2)(C(C)C)C1,5.05
Cc1noc(C)c1CCC1CCN(S(=O)(=O)CC(C)(CC(C)c2ncc(F)cn2)N(O)C=O)CC1,4.19
CN=[S+](C)([O-])c1ccc(Nc2ncc(C(F)(F)F)c(NC3CCCC3N(C)C)n2)cc1,4.69
CN(C)C1CCCC1Nc1nc(Nc2ccc(S(C)(=O)=O)cc2)ncc1C(F)(F)F,5.33
Cc1nc2ccccc2n1C1CC2CCC(C1)N2CCC1(c2cccc(F)c2)CCN(C(=O)c2c(F)ccc(NS(C)(=O)=O)c2F)CC1,4.44
Cc1nc2ccccc2n1C1CC2CCC(C1)N2CCC1(c2cccc(F)c2)CCN(C(=O)c2cc(S(=O)(=O)NC3CCCC3)c(F)cc2Cl)CC1,4.51
Cc1nc2ccccc2n1C1CC2CCC(C1)N2CCC1(c2cccc(F)c2)CCN(C(=O)C2(C(=O)O)CCC2)CC1,4.35
Cc1nc2ccccc2n1C1CC2CCC(C1)N2CCC1(c2cccc(F)c2)CCN(C(=O)c2c(Cl)ccc(S(N)(=O)=O)c2Cl)CC1,4.28
Cc1nc2ccccc2n1C1CC2CCC(C1)N2CCC1(c2cccc(F)c2)CCN(C(=O)c2ccc(NS(C)(=O)=O)cc2Cl)CC1,5.0
Cc1nc2ccccc2n1C1CC2CCC(C1)N2CCC1(c2ccccc2)CCN(C(=O)C(C)(C)CO)CC1,5.22
Cc1nc2ccccc2n1C1CC2CCC(C1)N2CCC1(c2cccc(F)c2)CCN(C(=O)c2cc(S(=O)(=O)NCC(F)(F)F)c(F)cc2Cl)CC1,5.1
Cc1nc2ccccc2n1C1CC2CCC(C1)N2CCC1(c2ccccc2)CCN(C(=O)C(C)(C)C(=O)NS(C)(=O)=O)CC1,4.6
Cc1nc2ccccc2n1C1CC2CCC(C1)N2CCC1(c2ccccc2)CCN(C(=O)c2cccc(C(N)=O)c2)CC1,4.6
Cc1nc2ccccc2n1C1CC2CCC(C1)N2CCC1(c2ccccc2)CCN(C(=O)c2ccccc2)CC1,5.7
Cc1nc2ccccc2n1C1CC2CCC(C1)N2CCC1(c2cccc(F)c2)CCN(C(=O)c2cc(S(N)(=O)=O)ccc2F)CC1,4.38
CCCNS(=O)(=O)c1cc(C(=O)N2CCC(CCN3C4CCC3CC(n3c(C)nc5ccccc53)C4)(c3cccc(F)c3)CC2)c(Cl)cc1F,5.05
Cc1nc2ccccc2n1C1CC2CCC(C1)N2CCC1(c2ccccc2)CCN(C(=O)c2cccc(C(=O)O)c2)CC1,4.3
Cc1nc2ccccc2n1C1CC2CCC(C1)N2CCC1(c2ccccc2)CCN(C(=O)c2ccc(S(N)(=O)=O)cc2)CC1,4.6
Cc1nc2ccccc2n1C1CC2CCC(C1)N2CCC1(c2ccccc2)CCN(C(=O)C(C)(C)c2nnn[nH]2)CC1,4.74
Cc1nc2ccccc2n1C1CC2CCC(C1)N2CCC1(c2ccccc2)CCN(C(=O)C(C)(C)C)CC1,6.0
CNS(=O)(=O)c1cc(C(=O)N2CCC(CCN3C4CCC3CC(n3c(C)nc5ccccc53)C4)(c3cccc(F)c3)CC2)c(Cl)cc1F,4.72
CCNS(=O)(=O)c1cc(C(=O)N2CCC(CCN3C4CCC3CC(n3c(C)nc5ccccc53)C4)(c3cccc(F)c3)CC2)c(Cl)cc1F,4.52
Cc1nc2ccccc2n1C1CC2CCC(C1)N2CCC1(c2cccc(F)c2)CCN(C(=O)c2cc(S(=O)(=O)NC(C)C)c(F)cc2Cl)CC1,4.89
Cc1nc2ccccc2n1C1CC2CCC(C1)N2CCC1(c2ccccc2)CCN(C(=O)c2cccc(S(=O)(=O)N(C)C)c2)CC1,5.7
Cc1nc2ccccc2n1C1CC2CCC(C1)N2CCC1(c2cccc(F)c2)CCN(C(=O)c2cc(NS(C)(=O)=O)c(F)cc2F)CC1,4.0
Cc1nc2ccccc2n1C1CC2CCC(C1)N2CCC1(c2ccccc2)CCN(C(=O)c2cccc(-c3nnn[nH]3)c2)CC1,4.5
COC(=O)c1cccc(C(=O)N2CCC(CCN3C4CCC3CC(n3c(C)nc5ccccc53)C4)(c3ccccc3)CC2)c1,6.1
Cc1nc2ccccc2n1C1CC2CCC(C1)N2CCC1(c2cccc(F)c2)CCN(C(=O)C(C)(C)C)CC1,5.8
Cc1nc2ccccc2n1C1CC2CCC(C1)N2CCC1(c2ccccc2)CCN(C(=O)c2cccc(C(=O)NO)c2)CC1,4.1
Cc1nc2ccccc2n1C1CC2CCC(C1)N2CCC1(c2cccc(F)c2)CCN(C(=O)c2cc(NS(=O)(=O)C(C)C)c(F)cc2F)CC1,5.05
Cc1nc2ccccc2n1C1CC2CCC(C1)N2CCC1(c2cccc(F)c2)CCN(C(=O)c2cc(S(=O)(=O)NC3CC3)c(F)cc2Cl)CC1,4.92
CNS(=O)(=O)c1cccc(C(=O)N2CCC(CCN3C4CCC3CC(n3c(C)nc5ccccc53)C4)(c3ccccc3)CC2)c1,4.2
Cc1nc2ccccc2n1C1CC2CCC(C1)N2CCC1(c2cccc(F)c2)CCN(C(=O)c2cc(NS(C)(=O)=O)c(F)cc2Cl)CC1,4.5
Cc1nc2ccccc2n1C1CC2CCC(C1)N2CCC1(c2cccc(F)c2)CCN(C(=O)C(C)(C)C(=O)O)CC1,4.25
Cc1nc2ccccc2n1C1CC2CCC(C1)N2CCC1(c2ccccc2)CCN(C(=O)c2cccc(S(N)(=O)=O)c2)CC1,4.2
CCS(=O)(=O)c1ccc2c(c1)nc(C(C)(C)C)n2CC1CC1,5.58
CC(C)(N)C(=O)N1CCn2c(nc(-c3cccc(F)c3)c2Nc2ccc(F)cc2)C1,5.24
CC(C)(N)C(=O)N1CCn2c(nc(-c3ccc(F)cc3)c2Nc2ccc(Cl)c(F)c2)C1,5.25
CC(C)(N)C(=O)N1CCn2c(nc(-c3ccc(F)cc3)c2Nc2ccc(F)cc2)C1,5.25
CC(C)(N)C(=O)N1CCn2c(nc(-c3ccc(F)cc3)c2Nc2ccc(Cl)cc2)C1,5.64
CC(C)(N)C(=O)N1CCn2c(nc(-c3ccc(F)cc3)c2Nc2ccc(F)c(F)c2)C1,5.32
NCC(=O)N1CCn2c(nc(-c3ccc(F)cc3)c2Nc2ccc(Cl)c(F)c2)C1,4.68
Cc1ccc(Nc2c(-c3ccc(F)cc3)nc3n2CCN(C(=O)C(C)(C)N)C3)cc1,5.82
COC1CN(c2nnc(C)c3c(C)n(-c4ccc(Cl)cc4OC(F)(F)F)nc23)C1,5.4
Cc1nnc(N2CCC(F)C2)c2nn(-c3ccc(OCC(F)(F)F)cc3)c(C)c12,6.5
CCOc1ccc(-n2nc3c(N4CC(OC)C4)nnc(C)c3c2C)c(F)c1,5.22
COc1cc(CN2CCOCC2)ccc1Nc1ncc(Cl)c(-c2cnc3ccccn23)n1,5.0
COc1cc(N2CCOCC2)ccc1Nc1ncc(Cl)c(-c2cnc3ccccn23)n1,5.5
COc1cc(CC(=O)N2CCOCC2)ccc1Nc1ncc(Cl)c(-c2cnc3ccccn23)n1,5.06
COc1cc(N2CCN(C(=O)CN)CC2)ccc1Nc1ncc(Cl)c(-c2cnc3ccccn23)n1,4.8
COc1cc(N2CCN(CCS(C)(=O)=O)CC2)ccc1Nc1ncc(Cl)c(-c2cnc3ccccn23)n1,5.03
COc1cc(N2CC3CN(CCO)CC(C2)O3)ccc1Nc1ncc(Cl)c(-c2cnc3ccccn23)n1,5.82
COc1ccc(N2CCNCC2)cc1Nc1ncc(Cl)c(-c2cnc3ccccn23)n1,5.32
COc1cc(N2CCN(C(=O)C(C)O)CC2)ccc1Nc1ncc(Cl)c(-c2cnc3ccccn23)n1,5.09
COc1cc(N2CCN(C(=O)C(C)N)CC2)ccc1Nc1ncc(Cl)c(-c2cnc3ccccn23)n1,5.03
COc1cc(N2CCN(CC(=O)N(C)C)CC2)ccc1Nc1ncc(Cl)c(-c2cnc3ccccn23)n1,4.92
COc1cc(N2CCN(CCO)CC2)ccc1Nc1ncc(Cl)c(-c2cnc3ccccn23)n1,5.43
COc1cc(N2CCN(C(=O)CO)CC2)ccc1Nc1ncc(Cl)c(-c2cnc3ccccn23)n1,4.85
COc1cc(N2CCNCC2)ccc1Nc1ncc(Cl)c(-c2cnc3ccccn23)n1,5.34
COc1ccc(C(=O)N2CCOCC2)cc1Nc1ncc(Cl)c(-c2cnc3ccccn23)n1,5.89
COc1cc(OC2CCN(C(C)=O)CC2)ccc1Nc1ncc(Cl)c(-c2cnc3ccccn23)n1,5.0
COc1cc(N2CC3CNCC(C2)O3)ccc1Nc1ncc(Cl)c(-c2cnc3ccccn23)n1,5.28
COc1cc(OC2CCNCC2)ccc1Nc1ncc(Cl)c(-c2cnc3ccccn23)n1,5.32
COc1cc(OC2CNC2)ccc1Nc1ncc(Cl)c(-c2cnc3ccccn23)n1,5.23
CNCC(=O)N1CCN(c2ccc(Nc3ncc(Cl)c(-c4cnc5ccccn45)n3)c(OC)c2)CC1,5.02
COc1cc(N2CCCN(C(C)=O)CC2)ccc1Nc1ncc(Cl)c(-c2cnc3ccccn23)n1,4.96
COc1cc(C(=O)N2CCOCC2)ccc1Nc1ncc(Cl)c(-c2cnc3ccccn23)n1,5.57
COc1ccc(N2CCN(C(C)=O)CC2)cc1Nc1ncc(Cl)c(-c2cnc3ccccn23)n1,5.37
COc1cc(C2CCN(C(C)=O)CC2)ccc1Nc1ncc(Cl)c(-c2cnc3ccccn23)n1,4.92
COc1ccc(N2CCOCC2)cc1Nc1ncc(Cl)c(-c2cnc3ccccn23)n1,5.29
COc1cc(N2CC3COCC(C2)N3)ccc1Nc1ncc(Cl)c(-c2cnc3ccccn23)n1,5.0
O=C(C=Cc1ccc2c(c1)CN(CCC1CCCCC1)C2)NO,4.66
O=C(C=Cc1ccc2c(c1)CN(Cc1ccccc1)C2)NO,4.56
O=C(C=Cc1ccc2c(c1)CN(CCc1cnn3ccccc13)C2)NO,5.28
CC(=O)Nc1cccc(Nc2ncnc(N3CCC(OCc4ccc(C(C)C)cc4)CC3)n2)c1C,6.36
CC(=O)Nc1cccc(Nc2ncnc(N3CCC(Oc4ccc(C(F)(F)F)cc4)CC3)n2)c1C,5.39
CC(=O)Nc1cccc(Nc2ncnc(N3CCc4ccccc4C3)n2)c1,5.42
CC(=O)Nc1cccc(Nc2ncnc(N3CCC(Oc4ccc(OC(F)(F)F)cc4)CC3)n2)c1C,5.58
CC(=O)Nc1cccc(Nc2ncnc(N3CCC(OCc4ccc(C)cc4)CC3)n2)c1C,5.71
CN1CC2CCCCC2(c2ccc(Cl)c(Cl)c2)C1,5.63
Clc1ccc(C23CCCC2CNC3)cc1Cl,5.28
CN1CC2CCCC2(c2ccc(Cl)c(Cl)c2)C1,5.26
CCN1CC2CCCCC2(c2ccc(Cl)c(Cl)c2)C1,5.36
CC1CCCN1CCCOc1ccc(-c2cn[nH]c(=O)c2)cc1,5.02
CC1CCCN1CCCOc1ccc(-c2ccc(=O)n(C)n2)cc1,4.89
CCc1c(C(=O)NC(C)(C)c2nnnn2C)nn(-c2ccc(Cl)cc2Cl)c1-c1ccc(Br)cc1,4.64
CC(C)CNc1nc(N2CCN(CC3CCCOC3)CC2)ncc1C(=O)NCc1ccccc1,6.24
COc1cc(-c2cn(Cc3cc(C(F)(F)F)cc(C(F)(F)F)c3)nn2)ccc1-n1cnc(C)c1,6.41
COc1cc(-c2cn(Cc3cc(C(C)(C)C)cc(C(C)(C)C)c3)nn2)ccc1-n1cnc(C)c1,6.5
COc1cc(-c2cn(Cc3cc(Br)cc(Br)c3)nn2)ccc1-n1cnc(C)c1,7.0
COc1cc(-c2cn(Cc3cccc(OC(F)(F)F)c3)nn2)ccc1-n1cnc(C)c1,6.14
COc1cc(-c2cn(Cc3ccc(-c4noc(C)n4)cc3)nn2)ccc1-n1cnc(C)c1,5.09
COc1cc(-c2cn(Cc3cccc(C(F)(F)F)c3)nn2)ccc1-n1cnc(C)c1,5.9
COc1cc(-c2cn(Cc3ccccc3F)nn2)ccc1-n1cnc(C)c1,5.6
COc1cc(-c2cn(Cc3cccc4cccnc34)nn2)ccc1-n1cnc(C)c1,5.26
COc1cc(-c2cn(Cc3cccc(F)c3)nn2)ccc1-n1cnc(C)c1,5.57
Cc1noc(C)c1-c1[nH]c2ccccc2c1CCNCc1ccc(C=CC(=O)NO)cc1,4.5
CCc1nn2ccccc2c1CCN(Cc1ccc(C=CC(=O)NO)cc1)C(C)C,5.12
CCCN(CCc1c[nH]c2ccccc12)Cc1ccc(C=CC(=O)NO)cc1,5.17
O=C(C=Cc1ccc(CNCCc2c(-c3ccccn3)[nH]c3ccccc23)cc1)NO,5.81
COc1ccncc1-c1[nH]c2ccccc2c1CCNCc1ccc(C=CC(=O)NO)cc1,5.07
CCN(CCc1c[nH]c2ccccc12)Cc1ccc(C=CC(=O)NO)cc1,5.23
O=C(C=Cc1ccc(CNCCc2c(-c3ccccc3)nn3ccccc23)cc1)NO,4.98
O=C(C=Cc1ccc(CNCCc2c[nH]c3ccccc23)cc1)NO,4.56
CC(C)N(CCc1c[nH]c2ccccc12)Cc1ccc(C=CC(=O)NO)cc1,5.23
O=C(C=Cc1ccc(CNCCc2c(-c3ccccc3)[nH]c3ccccc23)cc1)NO,5.83
Cc1nn2ccccc2c1CCN(Cc1ccc(C=CC(=O)NO)cc1)C(C)C,5.0
O=C(C=Cc1ccc(CNCCc2c(-c3cccs3)[nH]c3ccccc23)cc1)NO,6.32
Cc1[nH]c2ccccc2c1CCN(CCF)Cc1ccc(C=CC(=O)NO)cc1,5.24
CC(C)N(CCc1c(-c2ccccc2)nn2ccccc12)Cc1ccc(C=CC(=O)NO)cc1,5.09
CN(C)CCC1CCN(c2cc(C(=O)NCC3CCC(CNC(=O)OCC(C)(C)C)CC3)c3ccccc3n2)CC1,4.85
Cn1c(=O)c2c(cc(N3CCCC(C)(N)C3)n2Cc2cc(F)ccc2C#N)n(C)c1=O,4.52
COc1cc(N2CCN(CC(C)O)CC2)ccc1Nc1ncc2ccc(-c3ccccc3N(C)S(C)(=O)=O)n2n1,5.04
O=C1COc2ccc(CNC3CCN(CCN4C(=O)COc5ccc(-c6ccco6)cc54)CC3)nc2N1,5.89
O=C1COc2ccc(CNC3CCN(CCN4C(=O)COc5ccc(OC(F)(F)F)cc54)CC3)nc2N1,5.85
CS(=O)(=O)c1ccc2c(c1)N(CCN1CCC(NCc3ccc4c(n3)NC(=O)CO4)CC1)C(=O)CO2,4.29
COc1ccc2c(c1)N(CCN1CCC(NCc3ccc4c(n3)NC(=O)CO4)CC1)C(=O)CO2,4.89
CC(=O)c1ccc2c(c1)N(CCN1CCC(NCc3ccc4c(n3)NC(=O)CO4)CC1)C(=O)CO2,4.31
COC(=O)c1ccc2c(c1)N(CCN1CCC(NCc3ccc4c(n3)NC(=O)CO4)CC1)C(=O)CO2,4.83
O=C1COc2ccc(CNC3CCN(CCN4C(=O)COc5ccc([N+](=O)[O-])cc54)CC3)nc2N1,4.61
O=C1COc2ccc(CNC3CCN(CCN4C(=O)COc5ccc(F)cc54)CC3)nc2N1,5.07
CCNC1(CNC(=O)N2CCC(c3nc(-c4ccc5ccccc5n4)no3)CC2)CCCC1,4.62
O=C(NCC1(N2CCCC2)CCCC1)N1CCC(c2nc(-c3ccc4ccccc4n3)no2)CC1,5.15
O=C(NCC1(N2CCOCC2)CCCCC1)N1CCC(c2nc(-c3ccc4ccccc4n3)no2)CC1,5.37
CC(C)(CNC(=O)N1CCC(c2nc(-c3ccc4ccccc4n3)no2)CC1)N1CCOCC1,4.55
O=C(NCC1(N2CCOCC2)CCCC1)N1CCC(c2nc(-c3ccc4ccccc4n3)no2)CC1,5.0
CC(C)N1CCCC1CNC(=O)N1CCC(c2nc(-c3ccc4ccccc4n3)no2)CC1,4.77
CCN(CC)C1(CNC(=O)N2CCC(c3nc(-c4ccc5ccccc5n4)no3)CC2)CCCC1,5.03
CC1CCCN1CCc1ccc(-c2ccc(S(=O)(=O)NCC3CC3)cc2)cc1,5.59
COc1cccc2c(=O)n(-c3ccc(OCCCN4CCCC4)cc3)c(C)nc12,5.0
Cc1n[nH]cc1-c1ccc2cc(CCN3CCCC3C)ccc2n1,4.75
Cc1nc2ccccc2c(=O)n1-c1ccc(OCCCN2CCCC2)cc1,5.0
CC1CCCN1CCc1ccc2nc(-c3csc(-c4ccc(OCC(F)(F)F)nc4)n3)ccc2c1,5.82
Cc1cc(C(F)(F)F)cc(-n2ncc(-c3ccc4cc(CCN5CCCC5C)ccc4n3)c2C)n1,4.78
Cc1c(-c2ccc3cc(CCN4CCCC4C)ccc3n2)cnn1-c1ccc(N(C)C)nn1,4.75
CC1CCCN1CCc1ccc2nc(-c3cnccn3)ccc2c1,4.61
COC(=O)c1cc(-c2ccc3cc(CCN4CCCC4C)ccc3n2)on1,4.78
Cc1nc(N2CCOCC2)sc1-c1ccc2cc(CCN3CCCC3C)ccc2n1,4.69
Cc1nc(C)c(-c2ccc3cc(CCN4CCCC4C)ccc3n2)cc1C#N,5.08
COc1cc(-c2cc3sc(N4CCC(N5CCCCC5)CC4)nc3cn2)ccn1,6.0
Cc1nc(-c2ccncc2)sc1-c1ccc2cc(CCN3CCCC3C)ccc2n1,5.32
CC1CCCN1CCc1ccc(-c2ccc(S(=O)(=O)N3CCOCC3)cc2)cc1,5.44
Cc1ccc(-c2ccc3cc(CCN4CCCC4C)ccc3n2)cn1,4.58
Fc1ncccc1-c1cnc2nc(N3CCC(N4CCCCC4)CC3)sc2c1,5.58
CC1CCCN1CCc1ccc2nc(-c3nc4ccccc4s3)ccc2c1,5.7
N#Cc1cncc(-c2cnc3nc(N4CCC(N5CCCCC5)CC4)sc3c2)c1,5.91
CC1CCCN1CCc1ccc(-c2ccc(S(=O)(=O)NC3CCOCC3)cc2)cc1,4.89
CC1CCCN1CCc1ccc2nc(-c3ccc(Cl)nc3)ccc2c1,5.44
CC1CCCN1CCc1ccc2nc(C3CC3)ccc2c1,4.36
CC1CCCN1CCc1ccc2nc(-c3ccc4c(c3)COCO4)ccc2c1,5.44
O=C(C=Cc1ccc(C(F)(F)F)cc1)N1CCCC1CN1CCCC1,5.43
CC1CCCN1CCc1ccc2nc(-c3ccncc3)ccc2c1,4.55
Cc1c(-c2ccc(Cl)cc2)noc1-c1ccc2cc(CCN3CCCC3C)ccc2n1,5.7
CC1CCCN1CCc1ccc2nc(-c3ccccn3)ccc2c1,4.75
CC1CCCN1CCc1ccc2nc(-c3ccsc3)ccc2c1,5.32
CC1CCCN1CCc1ccc2nc(-c3ccc4nccnc4c3)ccc2c1,5.08
Cc1nc(-c2cccs2)sc1-c1ccc2cc(CCN3CCCC3C)ccc2n1,5.43
Cc1onc(-c2ccccc2)c1-c1ccc2cc(CCN3CCCC3C)ccc2n1,5.19
CN(Cc1ccc(-c2ccccc2)cc1)C(=O)N1CCCC1CN1CCCC1,5.29
CC1CCCN1CCc1ccc2nc(C3=NCCS3)ccc2c1,4.6
Fc1ccc(-c2cnc3nc(N4CCC(N5CCCCC5)CC4)sc3c2)cn1,6.51
COCCNS(=O)(=O)c1ccc(-c2ccc(CCN3CCCC3C)cc2)cc1,5.13
COC(=O)N1CC(Oc2ccc(F)cc2)CC1C(=O)N1CCCN(C2CCC2)CC1,5.0
COC(=O)N1CC(Oc2cccc(F)c2)CC1C(=O)N1CCCN(C2CCC2)CC1,5.0
Cc1nc(-c2nc(-c3ccc4cc(CCN5CCCC5C)ccc4n3)cs2)cs1,4.91
Cc1ccc(-c2ccc(-c3ccc4cc(CCN5CCCC5C)ccc4n3)s2)s1,5.7
N#Cc1ccc(OC2CNC(C(=O)N3CCCN(C4CCC4)CC3)C2)cc1,5.0
Cc1nc2c(F)cccc2c(=O)n1-c1ccc(OCCCN2CCCC2)cc1,5.0
CC1CCCN1CCc1ccc(-c2ccc(S(=O)(=O)Nc3ccccc3)cc2)cc1,6.53
Fc1ncccc1-c1cc2sc(N3CCC(N4CCCCC4)CC3)nc2cn1,5.87
CC1CCCN1CCc1ccc2nc(-c3cnc(-c4ccccc4)s3)ccc2c1,5.87
c1ccc(-c2ccc(OCCCN3CCCCC3)cc2)cc1,6.38
Cc1nc2cccc(C(F)(F)F)c2c(=O)n1-c1ccc(OCCCN2CCCC2)cc1,5.0
CC1CCCN1CCc1ccc2nc(-c3cccs3)ccc2c1,5.61
O=C(C1CC(Oc2ccc(F)cc2)CN1)N1CCCN(C2CCC2)CC1,5.0
N#Cc1cncc(-c2cc3sc(N4CCC(N5CCCCC5)CC4)nc3cn2)c1,5.18
CC1CCCN1CCc1ccc2nc(-c3ccc(C#N)s3)ccc2c1,5.7
Cc1nc2cccc(F)c2c(=O)n1-c1ccc(OCCCN2CCCC2)cc1,5.0
COC1CCN(S(=O)(=O)c2ccc(-c3ccc(CCN4CCCC4C)cc3)cc2)CC1,5.7
CC1CCCN1CCc1ccc2nc(-c3cc(Br)no3)ccc2c1,6.06
CC(=O)Nc1ccc(-c2cc3sc(N4CCC(N5CCCCC5)CC4)nc3cn2)cn1,5.07
CCC(CO)NS(=O)(=O)c1ccc(-c2ccc(CCN3CCCC3C)cc2)cc1,5.29
COc1ccc2c(=O)n(-c3ccc(OCCCN4CCCC4)cc3)c(C)nc2c1,5.0
Cc1nc(C)c(-c2ccc3cc(CCN4CCCC4C)ccc3n2)s1,4.69
CCCNS(=O)(=O)c1ccc(-c2ccc(CCN3CCCC3C)cc2)cc1,5.85
COc1cccc2nc(C)n(-c3ccc(OCCCN4CCCC4)cc3)c(=O)c12,5.0
COc1cccc2nc(-c3ccc(OC4CCN(C5CCC5)CC4)cc3)n(C)c(=O)c12,5.0
COc1nccc2c(=O)n(C)c(-c3ccc(OC4CCN(C5CCC5)CC4)cc3)nc12,5.0
Cc1c(-c2ccc3cc(CCN4CCCC4C)ccc3n2)cnn1-c1ccccn1,4.7
Cc1ccc(-c2ccc3cc(CCN4CCCC4C)ccc3n2)c(C)n1,4.7
CC1CCCN1CCc1ccc2nc(-c3ccc(-n4ccc(=O)cc4)cc3)ccc2c1,4.7
CC(C)N1CCN(C(=O)N2CCC(C(C)(C)C)CC2)CC1,4.17
COc1cccc2c(=O)n(C)c(-c3ccc(OC4CCN(C5CCC5)CC4)cc3)nc12,5.0
CC1CCCN1CCc1ccc2nc(-c3cccnc3)ccc2c1,4.92
Cc1ccc2nc(C)n(-c3ccc(OCCCN4CCCC4)cc3)c(=O)c2c1,5.0
COc1ccc2nc(C)n(-c3ccc(OCCCN4CCCC4)cc3)c(=O)c2c1,5.0
Cc1cc2ncc(-c3ccc4cc(CCN5CCCC5C)ccc4n3)c(C)n2n1,5.06
c1ncc(-c2cnc3nc(N4CCC(N5CCCCC5)CC4)sc3c2)cn1,4.63
Cc1onc(-c2ccc(Cl)cc2)c1-c1ccc2cc(CCN3CCCC3C)ccc2n1,5.8
CCOC(=N)c1ccc(-c2ccc3cc(CCN4CCCC4C)ccc3n2)s1,5.32
Cc1nc2ccccn2c1-c1ccc2cc(CCN3CCCC3C)ccc2n1,5.1
Cc1nc(C)c(-c2ccc3cc(CCN4CCCC4C)ccc3n2)o1,4.4
CC1CCCN1CCc1ccc2nc(-c3ccn[nH]3)ccc2c1,4.4
Fc1ccc(-c2cc3sc(N4CCC(N5CCCCC5)CC4)nc3cn2)cn1,5.02
CC(=O)Nc1ccc(-c2cnc3nc(N4CCC(N5CCCCC5)CC4)sc3c2)cn1,4.4
CC1CCCN1CCc1ccc2nc(-c3cn[nH]c3)ccc2c1,4.4
CC1CCCN1CCc1ccc2nc(-c3cnc4c(c3)OCO4)ccc2c1,4.4
CC1CCCN1CCc1ccc(-c2ccc(S(=O)(=O)N3CCS(=O)(=O)CC3)cc2)cc1,5.02
CC1CCCN1CCc1ccc2nc(-c3c(O)ccnc3C(F)(F)F)ccc2c1,4.4
Cc1cc(-c2nc(-c3ccc4cc(CCN5CCCC5C)ccc4n3)cs2)no1,5.55
CC1CCCN1CCc1ccc2nc(-c3ccc(N4CCCCC4)cc3)ccc2c1,5.55
Cc1nc(C)c(-c2ccc3cc(CCN4CCCC4C)ccc3n2)cc1C(N)=O,4.4
Clc1cc2sc(N3CCC(N4CCCCC4)CC3)nc2cn1,5.16
Cc1nc(-c2ccccn2)sc1-c1ccc2cc(CCN3CCCC3C)ccc2n1,4.95
CC1CCCN1CCc1ccc(-c2ccc(S(=O)(=O)N3C(C)COCC3C)cc2)cc1,5.93
CC1CCCN1CCc1ccc2ncccc2c1,4.4
COC(=O)c1c(C)noc1-c1ccc2cc(CCN3CCCC3C)ccc2n1,5.22
CC1CCCN1CCc1ccc(-c2ccc(S(=O)(=O)N3CCCCC3)cc2)cc1,5.96
Nc1ccc(-c2cnc3nc(N4CCC(N5CCCCC5)CC4)sc3c2)cn1,4.71
Cc1c(-c2ccc3cc(CCN4CCCC4C)ccc3n2)cnn1C,4.4
CC1CCCN1CCc1ccc2nc(-c3cncnc3)ccc2c1,4.4
Fc1cc(-c2cc3sc(N4CCC(N5CCCCC5)CC4)nc3cn2)ccn1,5.75
Cc1n[nH]c(C)c1-c1ccc2cc(CCN3CCCC3C)ccc2n1,4.4
Cc1nc2ncccc2cc1-c1ccc2cc(CCN3CCCC3C)ccc2n1,4.4
CC1CCCN1CCc1ccc2nc(-c3cn4c(n3)SCC4)ccc2c1,4.4
COc1ccc(-c2cc3sc(N4CCC(N5CCCCC5)CC4)nc3cn2)cn1,5.95
Cc1c(-c2ccc3cc(CCN4CCCC4C)ccc3n2)cnn1-c1ccc(Cl)c(Cl)c1,6.22
CC1CCCN1CCc1ccc2nc(-c3ccn4ncnc4n3)ccc2c1,4.68
CC(C)N1CCN(C(=O)N2CCC(c3ccccc3)CC2)CC1,4.28
CC(C)N1CCN(C(=O)N2CCC(Cc3ccccc3)CC2)CC1,4.42
O=C(N1CCN(C2CC2)CC1)N1Cc2ccccc2C1,4.28
N#Cc1ccc(-c2cnc3nc(N4CCC(N5CCCCC5)CC4)sc3c2)cc1,5.95
Cc1c(-c2ccc3cc(CCN4CCCC4C)ccc3n2)sc2nc3ccccc3n12,5.76
CC1CCCN1CCc1ccc(-c2ccc(S(=O)(=O)NCc3ccccc3)cc2)cc1,6.24
Cc1c(-c2ccc3cc(CCN4CCCC4C)ccc3n2)nnn1-c1ccc(F)cc1F,5.55
Cc1nc(-c2cnccn2)sc1-c1ccc2cc(CCN3CCCC3C)ccc2n1,4.5
CC1CCCN1CCc1ccc(-c2ccc(S(N)(=O)=O)cc2)cc1,5.11
CC(C)N1CCN(C(=O)N2CC=C(c3ccccc3)CC2)CC1,4.65
Cc1ccc(-c2cc3sc(N4CCC(N5CCCCC5)CC4)nc3cn2)cn1,5.09
CC1CCCN1CCc1cc2cc(-c3ccc(C#N)cc3)ccc2o1,5.8
Cc1nn(C)cc1-c1ccc2cc(CCN3CCCC3C)ccc2n1,4.61
CC1CCCN1CCc1ccc2nc(-c3csc(-c4ccccc4)n3)ccc2c1,5.8
O=C(N1Cc2ccccc2C1)N1CCCC1CN1CCCC1,4.55
COc1ncc(-c2ccc3cc(CCN4CCCC4C)ccc3n2)cn1,4.65
CC1CCCN1CCc1ccc(-c2ccc(S(=O)(=O)NC3CCC3)cc2)cc1,6.12
CC1CCN(c2ccc3cc(CCN4CCCC4C)ccc3n2)CC1,4.65
C=C(N(C)Cc1ccc(-c2ccccc2)cc1)N1CCN(C(C)C)CC1,5.09
CCNS(=O)(=O)c1ccc(-c2ccc(CCN3CCCC3C)cc2)cc1,5.47
Fc1cc(-c2cnc3nc(N4CCC(N5CCCCC5)CC4)sc3c2)ccn1,6.69
CCOc1ccc(-n2ncc(-c3ccc4cc(CCN5CCCC5C)ccc4n3)c2C)nn1,4.98
Cc1c(-c2ccc3cc(CCN4CCCC4C)ccc3n2)sc2ncnn12,5.55
Cc1cc(-c2ccc3cc(CCN4CCCC4C)ccc3n2)nc(-c2ccccc2)n1,6.92
CC1CCCN1CCc1ccc(-c2ccc(S(=O)(=O)NCc3ccncc3)cc2)cc1,5.09
Cc1nc(-c2cccnc2)sc1-c1ccc2cc(CCN3CCCC3C)ccc2n1,5.22
Nc1cnc(-c2cnc3nc(N4CCC(N5CCCCC5)CC4)sc3c2)cn1,4.4
c1ncc(-c2cc3sc(N4CCC(N5CCCCC5)CC4)nc3cn2)cn1,5.19
COc1cc(-c2cnc3nc(N4CCC(N5CCCCC5)CC4)sc3c2)ccn1,6.69
CC1CCCN1CCc1ccc2nc(-c3c(-c4ccccc4)nn(C)c3Cl)ccc2c1,5.22
N#Cc1cc(-c2cnc3nc(N4CCC(N5CCCCC5)CC4)sc3c2)ccc1F,7.0
CC1CCCN1CCc1ccc2nc(-c3nccs3)ccc2c1,4.94
CC1CCCN1CCc1ccc2nc(-c3ccc(C#N)cc3)ccc2c1,5.5
Cc1nc(N2CCCC2)ncc1-c1ccc2cc(CCN3CCCC3C)ccc2n1,4.98
CC1CCCN1CCc1ccc(-c2ccc(S(=O)(=O)N3CCC(O)C3)cc2)cc1,5.16
Cc1nc(C(=O)NCCCN2CCN(c3cccc(Cl)c3Cl)CC2)c(C)n1-c1ccccc1,5.09
Cc1c(Cl)cccc1N1CCN(CCCNC(=O)c2nc(-c3ccccc3)n(-c3ccccc3)c2Cn2cncn2)CC1,5.01
Cc1cccc(N2CCN(CCCNC(=O)c3nc(C)n(-c4ccc5c(c4)OCCO5)c3C)CC2)c1C,5.06
Cc1c(Cl)cccc1N1CCN(CCCNC(=O)c2nc(-c3ccccc3)n(-c3ccccc3)c2C)CC1,5.89
Nc1ccc(C2CCC(N3CC(NC(=O)CNC(=O)c4cccc(C(F)(F)F)c4)C3)CC2)nc1,4.43
COC(=O)c1ccc(C2CCC(N3CC(NC(=O)CNC(=O)c4cccc(C(F)(F)F)c4)C3)CC2)cc1,5.89
CN(C)c1ncc(C2CCC(N3CC(NC(=O)CNC(=O)c4cccc(C(F)(F)F)c4)C3)CC2)cn1,5.01
O=C(CNC(=O)c1cccc(C(F)(F)F)c1)NC1CN(C2CCC(c3c[nH]c4ccccc34)CC2)C1,5.62
CN(C)c1cccc(C2(O)CCC(N3CC(NC(=O)CNC(=O)c4cccc(C(F)(F)F)c4)C3)CC2)c1,4.6
O=C(CNC(=O)c1cccc(C(F)(F)F)c1)NC1CN(C2CCC(c3ccc(O)cc3)CC2)C1,5.39
O=C(CNC(=O)c1cccc(C(F)(F)F)c1)NC1CN(C2CCC(c3cccnc3)CC2)C1,5.42
Cc1cccc(C)c1C1(O)CCC(N2CC(NC(=O)CNC(=O)c3cccc(C(F)(F)F)c3)C2)CC1,5.12
O=C(CNC(=O)c1ccc(C(F)(F)F)cc1)NC1CN(C2CCC(c3ccc4c(c3)OCO4)CC2)C1,5.82
N#Cc1cccc(C2(O)CCC(N3CC(NC(=O)CNC(=O)c4cccc(C(F)(F)F)c4)C3)CC2)c1,5.82
O=C(CNC(=O)c1cccc(C(F)(F)F)c1)NC1CN(C2CCC(c3ccc(C(=O)O)cc3)CC2)C1,4.64
Nc1cccnc1C1CCC(N2CC(NC(=O)CNC(=O)c3cccc(C(F)(F)F)c3)C2)CC1,4.36
O=C(CNC(=O)c1cccc(C(F)(F)F)c1)NC1CN(C2CCC(c3ccc(O)cn3)CC2)C1,5.0
O=C(CNC(=O)c1cccc(C(F)(F)F)c1)NC1CN(C2CCC(O)(c3ccc4c(c3)OCC4)CC2)C1,4.93
COc1ccc(C2CCC(N3CC(NC(=O)CNC(=O)c4cccc(C(F)(F)F)c4)C3)CC2)cc1,5.52
O=C(CNC(=O)c1cccc(C(F)(F)F)c1)NC1CN(C2CCC(F)(c3ccccc3)CC2)C1,5.48
O=C(CNC(=O)c1cccc(C(F)(F)F)c1)NC1CN(C2CCC(O)(c3ccccc3)CC2)C1,5.0
O=C(CNC(=O)c1cccc(C(F)(F)F)c1)NC1CN(C2CCC(O)(c3ccc4c(c3)OCO4)CC2)C1,4.87
COc1ccc(C2CCC(N3CC(NC(=O)CNC(=O)c4cccc(C(F)(F)F)c4)C3)CC2)cn1,5.55
O=C(CNC(=O)c1cccc(C(F)(F)F)c1)NC1CN(C2CCC(c3ccc4c(c3)OCO4)CC2)C1,5.55
O=C(CNC(=O)c1cccc(C(F)(F)F)c1)NC1CN(C2CCC(O)(c3ccc(F)cc3)CC2)C1,5.55
O=C(CNC(=O)c1ccccc1)NC1CN(C2CCC(c3ccc4c(c3)OCO4)CC2)C1,5.55
COc1cnccc1C1CCC(N2CC(NC(=O)CNC(=O)c3cccc(C(F)(F)F)c3)C2)CC1,5.09
O=C(CNC(=O)c1cccc(C(F)(F)F)c1)NC1CN(C2CCC(c3ccncc3O)CC2)C1,4.64
O=C(CNC(=O)c1cccc(C(F)(F)F)c1)NC1CN(C2CCC(c3ccccc3)CC2)C1,5.4
O=C(CNC(=O)c1cccc(C(F)(F)F)c1)NC1CN(C2CCC(O)(c3cccnc3)CC2)C1,4.46
O=C(CNC(=O)c1cccc(C(F)(F)F)c1)NC1CN(C2CCC(c3ccc(N4CCCC4)cc3)CC2)C1,5.1
COc1cc(C2CCC(N3CC(NC(=O)CNC(=O)c4cccc(C(F)(F)F)c4)C3)CC2)ccn1,5.21
O=C(CNC(=O)c1cccc(C(F)(F)F)c1)NC1CN(C2CCC(c3ccc4[nH]cnc4c3)CC2)C1,5.6
NC1(c2ccccc2)CCC(N2CC(NC(=O)CNC(=O)c3cccc(C(F)(F)F)c3)C2)CC1,5.21
c1ccc(Nc2nc3c(s2)CCc2n[nH]cc2-3)nc1,4.77
c1ccc(Nc2nc3c(s2)CCCc2n[nH]cc2-3)nc1,4.55
c1ccc(Nc2nc(-c3cn[nH]c3)cs2)nc1,4.48
c1cnc(Nc2nc3c(s2)CCCc2n[nH]cc2-3)nc1,4.52
CN1CC(c2c[nH]c3cc(-n4ccc(OCc5ccccc5)cc4=O)ccc23)C1,4.92
CS(=O)(=O)N1Cc2cc(Cl)ccc2-n2c(nnc2C2CCN(c3ccccn3)CC2)C1,4.51
COC(=O)N1Cc2cc(Cl)ccc2-n2c(nnc2C2CCN(c3ccccn3)CC2)C1,4.33
CN1Cc2cc(Cl)ccc2-n2c(nnc2C2CCN(c3ccccn3)CC2)C1,4.75
CCOCC1CCC(N2CC(NC(=O)CNc3nn(C)c4ccc(C(F)(F)F)cc34)C2)CC1,5.25
CCOC(=O)C1CCC(N2CC(NC(=O)CNc3noc4ccc(C(F)(F)F)cc34)C2)CC1,5.25
O=C(CNc1n[nH]c2ccc(C(F)(F)F)cc12)NC1CN(C2CCC(c3ccc4c(c3)OCO4)CC2)C1,5.96
O=C(CNc1noc2ccc(C(F)(F)F)cc12)NC1CN(C2CCC(c3ccc4c(c3)OCO4)CC2)C1,5.72
NC(=O)n1nc(NCC(=O)NC2CN(C3CCC(c4ccc5c(c4)OCO5)CC3)C2)c2cc(C(F)(F)F)ccc21,4.92
NC(=O)Cc1ccc(C2CCC(N3CC(NC(=O)CNc4n[nH]c5ccc(C(F)(F)F)cc45)C3)CC2)cc1,5.02
Cn1nc(NCC(=O)NC2CN(C3CCC(C(N)=O)CC3)C2)c2cc(C(F)(F)F)ccc21,4.5
Cn1nc(NCC(=O)NC2CN(C3CCC(CO)CC3)C2)c2cc(C(F)(F)F)ccc21,4.5
CN(C)c1cccc(C2CCC(N3CC(NC(=O)CNc4nn(C)c5ccc(C(F)(F)F)cc45)C3)CC2)c1,4.92
COc1ccc(C2CCC(N3CC(NC(=O)CNc4nn(C)c5ccc(C(F)(F)F)cc45)C3)CC2)cn1,4.92
CC(C)(C)NC(=O)n1nc(NCC(=O)NC2CN(C3CCC(c4ccc5c(c4)OCO5)CC3)C2)c2cc(C(F)(F)F)ccc21,5.33
CCOC(=O)C1CCC(N2CC(NC(=O)CNc3nn(C)c4ccc(C(F)(F)F)cc34)C2)CC1,5.1
Cn1nc(NCC(=O)NC2CN(C3CCC(C#N)CC3)C2)c2cc(C(F)(F)F)ccc21,4.62
Cn1nc(NCC(=O)NC2CN(C3CCC(C4CCCCC4)CC3)C2)c2cc(C(F)(F)F)ccc21,5.51
O=C(CNc1n[nH]c2ccc(C(F)(F)F)cc12)NC1CN(C2CCC(c3ccccc3)CC2)C1,5.92
CCOC(=O)C1CCC(N2CC(NC(=O)CNc3n[nH]c4ccc(C(F)(F)F)cc34)C2)CC1,5.04
COc1ccc(C2(O)CCC(N3CC(NC(=O)CNc4n[nH]c5ccc(C(F)(F)F)cc45)C3)CC2)cn1,4.5
CCOC1CCC(N2CC(NC(=O)CNc3n[nH]c4ccc(C(F)(F)F)cc34)C2)CC1,5.35
CCOC(=O)C1CCC(N2CC(NC(=O)CNc3nn(C(N)=O)c4ccc(C(F)(F)F)cc34)C2)CC1,4.7
O=C(CNc1n[nH]c2ccc(C(F)(F)F)cc12)NC1CN(C2CCC(n3ccccc3=O)CC2)C1,4.47
CC(C)c1ncc(C2CCC(N3CC(NC(=O)CNc4nn(C)c5ccc(C(F)(F)F)cc45)C3)CC2)s1,4.77
COc1ccc(C2CCC(N3CC(NC(=O)CNc4noc5ccc(C(F)(F)F)cc45)C3)CC2)cn1,8.06
C=CCOC1CCC(N2CC(NC(=O)CNc3n[nH]c4ccc(C(F)(F)F)cc34)C2)CC1,5.13
COc1ccc(C2CCC(N3CC(NC(=O)CNc4n[nH]c5ccc(C(F)(F)F)cc45)C3)CC2)cn1,5.6
Cc1ccc(C2CCC(N3CC(NC(=O)CNc4n[nH]c5ccc(C(F)(F)F)cc45)C3)CC2)cn1,4.57
Cc1ncc(C2CCC(N3CC(NC(=O)CNc4nn(C)c5ccc(C(F)(F)F)cc45)C3)CC2)s1,4.6
CCOC(=O)C1CCC(N2CC(NC(=O)CNc3nn(S(C)(=O)=O)c4ccc(C(F)(F)F)cc34)C2)CC1,4.6
O=C(CNc1noc2ccc(C(F)(F)F)cc12)NC1CN(C2CCC(c3nccs3)CC2)C1,7.96
Cn1nc(NCC(=O)NC2CN(C3CCC(C(=O)O)CC3)C2)c2cc(C(F)(F)F)ccc21,4.6
C=CCOCC1CCC(N2CC(NC(=O)CNc3nn(C)c4ccc(C(F)(F)F)cc34)C2)CC1,5.3
CS(=O)(=O)NC1CCC(N2CC(NC(=O)CNc3n[nH]c4ccc(C(F)(F)F)cc34)C2)CC1,4.64
NC(=O)n1nc(NCC(=O)NC2CN(C3CCC(c4nccs4)CC3)C2)c2cc(C(F)(F)F)ccc21,4.51
CCOC(=O)C1CCC(N2CC(NC(=O)CNc3nn(CC(F)(F)F)c4ccc(C(F)(F)F)cc34)C2)CC1,5.6
Cn1nc(NCC(=O)NC2CN(C3CCC(c4ccccc4)CC3)C2)c2cc(C(F)(F)F)ccc21,5.0
CC(C)C1CCC(N2CC(NC(=O)CNc3n[nH]c4ccc(C(F)(F)F)cc34)C2)CC1,5.21
CCOC(=O)C1CCC(N2CC(NC(=O)CNc3nn(CC)c4ccc(C(F)(F)F)cc34)C2)CC1,5.12
Cn1nc(NCC(=O)NC2CN(C3CCC(c4cccnc4)CC3)C2)c2cc(C(F)(F)F)ccc21,4.62
C=CCn1nc(NCC(=O)NC2CN(C3CCC(C(=O)OCC)CC3)C2)c2cc(C(F)(F)F)ccc21,5.43
Cn1nc(NCC(=O)NC2CN(C3CCC(c4nccs4)CC3)C2)c2cc(C(F)(F)F)ccc21,4.57
O=C(CNc1n[nH]c2ccc(C(F)(F)F)cc12)NC1CN(C2CCC(O)CC2)C1,4.52
O=C(CNc1n[nH]c2ccc(C(F)(F)F)cc12)NC1CN(C2CCC(c3cccnc3)CC2)C1,4.44
O=C(CNc1nn(CCO)c2ccc(C(F)(F)F)cc12)NC1CN(C2CCC(c3ccc4c(c3)OCO4)CC2)C1,5.12
Cn1nc(NCC(=O)NC2CN(C3CCC(c4ccc5c(c4)OCO5)CC3)C2)c2cc(C(F)(F)F)ccc21,6.08
Cn1nc(NCC(=O)NC2CN(C3CCC(c4cncs4)CC3)C2)c2cc(C(F)(F)F)ccc21,4.36
Cc1ccc(C2CCC(N3CC(NC(=O)CNc4nn(C)c5ccc(C(F)(F)F)cc45)C3)CC2)cn1,4.75
O=C(CNc1noc2ccc(C(F)(F)F)cc12)NC1CN(C2CCC(c3cncs3)CC2)C1,7.8
CCOC(=O)C1CCC(N2CC(NC(=O)CNc3nn(C4CCCC4)c4ccc(C(F)(F)F)cc34)C2)CC1,5.39
CCc1ncc(C2CCC(N3CC(NC(=O)CNc4nn(C)c5ccc(C(F)(F)F)cc45)C3)CC2)s1,4.64
CCOC(=O)C1CCC(N2CC(NC(=O)CNC3=NC(Cc4ccccc4)c4ccc(C(F)(F)F)cc43)C2)CC1,5.85
Cc1ccc(Nc2nc(NC3CCCCC3N)ncc2C(N)=O)cc1,4.6
Cc1cccc(Nc2nc(NC3COCC3N)ncc2C(N)=O)c1,5.4
Cc1cccc(Nc2nc(NC3CCC(F)(F)CC3N)ncc2C(N)=O)c1,5.5
Cc1cccc(Nc2nc(NC3CCOCC3N)ncc2C(N)=O)c1,5.4
Cc1cccc(Nc2nc(NCC3CCCCN3)ncc2C(N)=O)c1,5.6
Cc1ccc(Nc2nc(NC3CCOCC3N)ncc2C(N)=O)cc1,4.7
Cc1cccc(Nc2nc(NC3CC(F)(F)CCC3N)ncc2C(N)=O)c1,5.1
Cc1cccc(Nc2nc(NC3COCCC3N)ncc2C(N)=O)c1,5.1
Cc1cccc(Nc2nc(NC3CNC3)ncc2C(N)=O)c1,5.8
Cc1cccc(Nc2nc(NC3CCNC3)ncc2C(N)=O)c1,6.3
Cc1cccc(Nc2nc(NCC3CCCN3)ncc2C(N)=O)c1,6.0
NC(=O)c1cnc(N2CCCC(N)C2)nc1Nc1cccc(C(F)(F)F)c1,6.1
Cc1cccc(Nc2nc(NCCN)ncc2C(N)=O)c1,5.7
CC(C)Oc1ncc(-c2nc(-c3ccc4c(c3)CCNCC4)no2)cc1C#N,5.5
CC(C)Oc1ccc(-c2nc(-c3cccc4c3OCCN(C(CO)CO)C4)no2)cc1C#N,5.17
CC(C)Oc1ccc(-c2nc(-c3ccc4c(c3)CCN(C(CO)CO)C4)no2)cc1C#N,4.7
Cc1c(-c2noc(-c3ccc(OC(C)C)c(C#N)c3)n2)ccc2c1CCN(C(CO)CO)C2,4.89
CCNC(=NS(=O)(=O)c1cccc(Cl)c1)N1CC2(C=N1)CCNCC2,5.1
COC(=O)C1(CNC(=O)c2cc(OC)cc(OC)c2)CCN(Cc2ccc(OC)cc2)CC1,6.32
COc1cc(OC)cc(C(=O)NCC2(C#N)CCN(CCc3ccccc3)CC2)c1,5.8
COC(=O)C1(CNC(=O)c2cc(OC)cc(OC)c2)CCN(Cc2ccccc2OC)CC1,5.72
COC(=O)C1(CNC(=O)c2cc(Cl)cc(Cl)c2)CCN(Cc2cccc(C(F)(F)F)c2)CC1,6.05
COC(=O)C1(CNC(=O)c2cc(OC)cc(OC)c2)CCN(Cc2ccc(C(F)(F)F)cc2)CC1,5.63
COc1cc(OC)cc(C(=O)NCC2(C(=O)O)CCN(Cc3ccc(C(F)(F)F)cc3)CC2)c1,4.92
COC(=O)C1(CNC(=O)c2cc(OC)cc(OC)c2)CCN(Cc2cccc(OC)c2)CC1,6.51
COC(=O)C1(CNC(=O)c2cc(Cl)cc(Cl)c2)CCN(CC2=Cc3ccccc3OC2(C)C)CC1,4.86
COC(=O)C1(CNC(=O)c2cc(Cl)cc(Cl)c2)CCN(Cc2ccccc2OC)CC1,6.8
COc1cc(OC)cc(C(=O)NCC2(C#N)CCN(Cc3ccccc3C(F)(F)F)CC2)c1,5.32
COC(=O)C1(CNC(=O)c2cc(Cl)cc(Cl)c2)CCN(Cc2ccc(C(F)(F)F)cc2)CC1,6.54
COc1cccc(CN2CCC(C#N)(CNC(=O)c3cc(OC)cc(OC)c3)CC2)c1,5.82
COc1ccc(CN2CCC(C#N)(CNC(=O)c3cc(CC(C)C)n(-c4ccccc4)n3)CC2)cc1,5.49
COc1cccc(CN2CCC(C#N)(CNC(=O)c3cc(CC(C)C)n(-c4ccccc4)n3)CC2)c1,5.82
COC(=O)C1(CNC(=O)c2cc(Cl)cc(Cl)c2)CCN(Cc2ccccc2C(F)(F)F)CC1,6.34
CC(C)Cc1cc(C(=O)NCC2(C#N)CCN(Cc3ccccc3C(F)(F)F)CC2)nn1-c1ccccc1,5.32
COC(=O)C1(CNC(=O)c2cc(OC)cc(OC)c2)CCN(Cc2cccc(C(F)(F)F)c2)CC1,5.55
COc1ccc(CN2CCC(C#N)(CNC(=O)c3cc(OC)cc(OC)c3)CC2)cc1,5.49
COc1cc(OC)cc(C(=O)NCC2(C#N)CCN(Cc3ccccc3OC)CC2)c1,6.04
N#CC1(CNC(=O)c2cc(Cl)cc(Cl)c2)CCN(CCc2ccccc2)CC1,6.44
COC(=O)C1(CNC(=O)c2cc(OC)cc(OC)c2)CCN(Cc2ccccc2C(F)(F)F)CC1,5.3
COc1ccccc1CN1CCC(C#N)(CNC(=O)c2cc(CC(C)C)n(-c3ccccc3)n2)CC1,6.04
COC(=O)C1(CNC(=O)c2cc(OC)cc(OC)c2)CCN(CC2=Cc3ccccc3OC2(C)C)CC1,5.89
COC(=O)C1(CNC(=O)c2cc(Cl)cc(Cl)c2)CCN(Cc2cccc(OC)c2)CC1,6.44
Cc1nc2ccccc2n1-c1ccc(C(=O)N(C)C2CCN(C3CCCC3)C2)cc1,5.64
Cc1nc2ccccc2n1-c1ccc(C(=O)N(C)C2CCN(C3CCCCC3)C2)cc1,5.55
CN(C(=O)c1ccc(-n2cccn2)cc1)C1CCN(C2CCC2)C1,4.6
Cc1nc2ccccc2n1-c1ccc(C(=O)N(C)C2CCN(C(C)C)C2)cc1,4.35
NC(=O)c1cnc(NC(C2CC2)C2CC2)c2c1[nH]c1cc(-c3cn[nH]c3)ccc12,6.0
NC(=O)c1cnc(NC(C2CC2)C(F)(F)F)c2c1[nH]c1cc(-c3cn[nH]c3)ccc12,5.52
NC(=O)c1cnc(NC(C2CC2)C(F)(F)F)c2c1[nH]c1cc(-c3ccc(N)nc3)ccc12,6.12
NC(=O)c1cnc(NC(C2CC2)C2CC2)c2c1[nH]c1cc(-c3cnc(N)cn3)ccc12,6.14
NC(=O)c1cnc(NC(C2CC2)C2CC2)c2c1[nH]c1cc(-c3cnc(N)nc3)ccc12,5.09
CC(Nc1ccc(C(N)=O)c2[nH]c3cc(-c4cnn(C)c4)ccc3c12)C(C)(C)C,4.54
Cn1cc(-c2ccc3c(c2)[nH]c2c(C(N)=O)ccc(NC4CCCCC4)c23)cn1,6.21
NC(=O)c1cnc(NC(C2CC2)C(F)(F)F)c2c1[nH]c1cc(-c3cnc(N)nc3)ccc12,4.66
Cc1nc2cn(Cc3ccccc3)cc2c(-c2ccc(Cl)cc2Cl)c1CN,4.85
O=C(CCc1ccccc1)c1ccccc1OCC(O)CN1CCC(c2ccccc2)CC1,5.46
O=C(CCc1ccccc1)c1cc(F)ccc1OCC(O)CN1CCN(C(c2ccccc2)c2ccccc2)CC1,5.32
Cc1ccc(N2CCN(CC(O)COc3ccccc3C(=O)CCc3ccccc3)CC2)cc1,5.37
CC(C)(C)c1cc(C(=O)Nc2nc(CN)cs2)n(Cc2ccccc2)n1,5.43
COc1ccc2c(c1)N(CCN1CCC(NCc3cc4c(cn3)OCCO4)CC1)C(=O)CO2,4.89
COc1ccc2ncc(=O)n(CCN3CCC(NCc4cc5c(cn4)OCCO5)CC3)c2n1,4.51
COc1ccc2ccc(=O)n(CCN3CCC(NCc4cc5c(cn4)OCCO5)CC3)c2n1,4.4
COc1ccc2c(c1)N(CCN1CCC(NCc3ccc4c(n3)NC(=O)CO4)CC1)C(=O)OC2,4.38
COc1ccc2ncc(F)c(CCN3CCC(NCc4ccc5c(n4)NC(=O)CO5)CC3)c2n1,5.4
COc1ccc2ncc(F)c(CCN3CCC(NCc4cc5c(cn4)OCCO5)CC3)c2n1,5.52
COc1ccc2c(C)cc(=O)n(CCN3CCC(NCc4cc5c(cn4)OCCO5)CC3)c2c1,4.64
COc1ccc2ncc(=O)n(CCN3CCC(NCc4cc5c(cn4)OCCO5)CC3)c2c1,4.72
O=C1COc2ccccc2N1CCN1CCC(NCc2cc3c(cn2)OCCO3)CC1,4.7
N#Cc1ccc2c(c1)N(CCN1CCC(NCc3ccc4c(n3)NC(=O)CO4)CC1)C(=O)CO2,4.39
COc1ccc2c(c1)N(CCN1CCC(NCc3cc4c(cn3)OCCO4)CC1)C(=O)CS2,5.22
COc1ccc2c(c1)N(CCN1CCC(NCc3ccc4c(n3)NC(=O)CO4)CC1)C(=O)CC2,4.54
COc1ccc2ccc(=O)n(CCN3CCC(NCc4cc5c(cn4)OCCO5)CC3)c2c1,4.47
COc1ncc2ncc(=O)n(CCN3CCC(NCc4cc5c(cn4)OCCO5)CC3)c2n1,4.09
COCCCc1cc(CN(C(=O)C2CNCCC2(O)c2ccc(F)c(F)c2)C2CC2)cc(OCCOC)c1,5.35
COc1cc(C(=O)NCCN2CCCC2)ccc1Oc1ccc(Cl)cc1NS(=O)(=O)c1ccc(Cl)c(C(F)(F)F)c1,4.6
O=C(NCCN1CCCCC1)c1ccc(Oc2ncc(Cl)cc2NS(=O)(=O)c2ccc(Cl)c(C(F)(F)F)c2)cc1,5.3
CCCCCC(Cc1ccc(C(=O)NCCC(=O)O)cc1)C(=O)c1cc2cc(Cl)ccc2n1-c1cccc(C(F)(F)F)c1,5.43
COc1ccc2ncc(Cl)c(CCN3CCC(NCc4cc5c(cn4)OCCO5)CC3)c2n1,5.7
COc1ccc2ncc(F)c(CCN3CCC(NCc4cc5c(cn4)OCCO5)C(O)C3)c2n1,5.31
COc1ccc2ncc(F)c(C(O)CN3CCC(NCc4cc5c(cn4)OCCO5)CC3)c2n1,4.2
COc1ccc2ncc(C#N)c(CCN3CCC(NCc4cc5c(cn4)OCS5)CC3)c2c1,6.3
COc1ccc2nccc(C(O)CN3CCC(NCc4cc5c(cn4)OCCO5)CC3)c2n1,4.6
COc1ccc2ncc(C#N)c(CCN3CCC(NCc4cc5c(cn4)OCCO5)CC3)c2n1,5.1
COc1ccc2nccc(C(O)CN3CCC(NCc4ccc5c(c4)OCCO5)CC3)c2c1,4.4
COc1ccc2ncc(F)c(CCN3CCC(NCc4cc5c(cn4)OCCO5)CC3)c2c1,5.3
COc1ccc2nccc(NC(=O)C3CCC(NCc4cc5c(cn4)OCCO5)CC3)c2n1,4.54
COc1ccc2nccc(NC(=O)C3(O)CCC(NCc4cc5c(cn4)OCCO5)CC3)c2n1,4.62
COc1ccc2nccc(NC(=O)C3CCC(NCc4ccc5c(c4)OCCO5)CC3)c2c1,4.6
COc1ccc2nccc(NC(=O)C3(O)CCC(NCc4cnc5c(c4)OCCO5)CC3)c2n1,4.28
Cc1ccc2cccc(NC(=O)C3(O)CCC(NCc4cc5c(cn4)OCCO5)CC3)c2n1,5.7
COc1ccc2nccc(NC(=O)C3(O)CCC(NCc4ccc5c(c4)OCCO5)CC3)c2n1,4.6
COCCCS(=O)(=O)c1ccc(-c2ccc(CCN3CCCC3C)cc2)cc1,4.96
COCCS(=O)(=O)c1ccc(-c2ccc(CCN3CCCC3C)cc2)cc1,5.13
CC1CCCN1CCc1ccc(-c2ccc(S(=O)(=O)CCO)cc2)cc1,5.11
CC(=O)NC1CC2(CCN(Cc3ccc4c(c3)c3ccccc3n4C(N)=O)CC2)c2ccccc21,5.7
O=S(=O)(c1cccc(F)c1)c1ccc2c3c(oc2c1)C1(CCCOC1)NCC3,5.02
CC1(C)NCCc2c1oc1cc(S(=O)(=O)c3cccc(F)c3)ccc21,6.0
O=S(=O)(c1cccc(F)c1)c1ccc2c3c(oc2c1)CNCC3,6.0
CC(=O)Nc1cccc(C2CCN(CCCn3nc(-c4ccc(F)c(F)c4)c4ccccc4c3=O)CC2)c1,4.8
CC1CCCN1CCCOc1ccc(C2=NNC(=O)C(C)(C)C2)cc1,4.7
O=S1(=O)CCC(Oc2ccc3c(c2)CCC2(CCN(C4CCC4)CC2)O3)CC1,5.16
CN(C)C(=O)CN1CCCC(c2nc3ccccc3n2CCOc2ccccc2)C1,6.35
Cc1ccc(Cn2c(C3CNCCS3)nc3ccccc32)cc1,6.03
COc1ccc(Cn2c(C3CNCCS3)nc3ccccc32)cc1,5.82
CN1CCCC(c2nc3ccccc3n2Cc2ccc(F)cc2)C1,6.14
Cc1ccc(Cn2c(C3CNCCO3)nc3ccccc32)cc1,5.64
Cc1ccc(Cn2c(C3CNCCO3)nc3ccccc32)cc1C,5.68
Fc1ccc(Cn2c(C3CNCCO3)nc3ccccc32)cc1,5.47
CCN(CC)C(=O)c1ccc(C(c2cccc(NC(=O)OC)c2)N2CCN(Cc3cccnc3)CC2)cc1,4.96
O=C(Nc1cccc(C(c2ccc(C(=O)N3CCC3)cc2)N2CCN(Cc3ccc(F)cc3)CC2)c1)C1CC1,5.44
CCOC(=O)Nc1ccc(C(c2ccc(C(=O)N(CC)CC)cc2)N2CCN(Cc3cscn3)CC2)cc1,5.14
CCN(C)C(=O)c1ccc(C(c2cccc(NC(=O)C3CC3)c2)N2CCN(Cc3nc(C)cs3)CC2)cc1,4.75
CCOC(=O)Nc1ccccc1C(c1ccc(C(=O)N(CC)CC)cc1)N1CCN(Cc2cscn2)CC1,5.06
CCN(C)C(=O)c1ccc(C(c2cccc(NC(=O)C3CC3)c2)N2CCN(CCCOC)CC2)cc1,4.89
CCOC(=O)Nc1ccccc1C(c1ccc(C(=O)N(CC)CC)cc1)N1CCN(Cc2ccccn2)CC1,5.0
CCN(CC)C(=O)c1ccc(C(c2cccc(NC(=O)OC)c2)N2CCN(Cc3cncs3)CC2)cc1,4.85
CN(CCO)C(=O)c1ccc(C(c2cccc(NC(=O)C3CC3)c2)N2CCN(Cc3ccc(F)cc3)CC2)cc1,4.82
CCN(C)C(=O)c1ccc(C(c2cccc(NC(=O)OC)c2)N2CCN(Cc3cscn3)CC2)cc1,4.77
CCN(C)C(=O)c1ccc(C(c2cccc(NC(=O)C3CCC3)c2)N2CCN(Cc3cccnc3)CC2)cc1,4.55
CCOC(=O)Nc1cccc(C(c2ccc(C(=O)N3CCC3)cc2)N2CCN(Cc3cccnc3)CC2)c1,4.96
CCOC(=O)Nc1cccc(C(c2ccc(C(=O)N(CC)CC)cc2)N2CCN(Cc3cscn3)CC2)c1,5.27
CCN(C)C(=O)c1ccc(C(c2cccnc2)N2CCN(Cc3ccccn3)CC2)cc1,4.89
CCN(CC)C(=O)c1ccc(C(=C2CCN(Cc3ccc(F)cc3)CC2)c2cccc(NC(C)=O)c2)cc1,5.52
CCN(CC)C(=O)c1ccc(C(=C2CCNCC2)c2ccccn2)cc1,4.48
CCN(C)C(=O)c1ccc(C(=C2CCN(Cc3ccc(F)cc3)CC2)c2ccccc2NC(C)=O)cc1,4.92
CN(C)C(=O)c1ccc(C(=C2CCN(Cc3cscn3)CC2)c2ccccn2)cc1,4.75
CCN(CC)C(=O)c1ccc(C(=C2CCN(Cc3ccc(F)cc3)CC2)c2ccccc2NC(=O)OC)cc1,5.33
CCN(CC)C(=O)c1ccc(C(=C2CCNCC2)c2cccc(F)c2)cc1,5.52
CCN(CC)C(=O)c1ccc(C(=C2CCN(Cc3ccc(F)cc3)CC2)c2cccnc2)cc1,5.89
CCN(CC)C(=O)c1ccc(C(=C2CCN(Cc3ccc(F)cc3)CC2)c2ccccn2)cc1,5.41
CCN(CC)C(=O)c1ccc(C(=C2CCN(Cc3ccc(F)cc3)CC2)c2ccc(NC(C)=O)cc2)cc1,5.89
CCN(CC)C(=O)c1ccc(C(=C2CCN(Cc3ccc(F)cc3)CC2)c2cccc(NC(=O)OC)c2)cc1,5.96
CCN(CC)C(=O)c1ccc(C(=C2CCN(Cc3ccc(F)cc3)CC2)c2ccc(NC(=O)OC)cc2)cc1,6.05
C[N+](C)(CCCCNC(=O)Cc1ccc(OCc2ccccc2)cc1)CCNC(=O)c1nc(Cl)c(N)nc1N,6.48
Cc1n[nH]c(=O)cc1-c1ccc(OC2CCN(C3CCC3)CC2)cc1,5.16
O=c1cc(-c2ccc(OC3CCN(C4CCC4)CC3)cc2)cn[nH]1,5.7
O=c1ccc(-c2ccc(OC3CCN(C4CCC4)CC3)nc2)n[nH]1,5.05
CC1(C)CC(c2ccc(OC3CCN(C4CCC4)CC3)cc2)=NNC1=O,4.68
CC1CC(=O)NN=C1c1ccc(OC2CCN(C3CCC3)CC2)cc1,4.57
O=c1ccc(-c2ccc(OC3CCN(C4CCC4)CC3)cc2)n[nH]1,5.1
COc1c(Nc2ccc(S(C)(=O)=O)nc2C)ncnc1OC1CCN(C(=O)OC(C)C)CC1,4.89
COc1cc(OC(C)C)cc(S(=O)(=O)c2ccc3c(c2)OC2CNCCC32)c1,5.48
CCCOc1sc(C(=O)N2CCC(c3cccc(CN)c3)CC2)c(C)c1Br,6.0
COc1ccc(C2(O)CCC(N3CCC(NC(=O)CNC(=O)c4cccc(C(F)(F)F)c4)C3)CC2)cn1,4.08
COc1cc(C=C2CCCN(C(C)c3ccc(F)cc3)C2=O)ccc1-n1cnc(C)c1,5.92
COc1cc(C=C2CCCN3C2=NOCC3c2cc(F)c(F)c(F)c2)ccc1-n1cnc(C)c1,6.0
COc1cc(C=C2CCCN3C2=NOC3(C)c2ccc(F)cc2)ccc1-n1cnc(C)c1,6.13
Cc1nn(C)c(C)c1NS(=O)(=O)c1c(Cl)cc(-c2ccnc(N3CCNCC3)c2)cc1Cl,4.55
O=C(N1CCCCC1)N1CC(OC(c2ccc(Cl)cc2)c2cccnc2Cl)C1,4.51
CC#CCn1c(N2CCCC(N)C2)c(C#N)c2c1c(=O)n(Cc1nc(C)c3ccccc3n1)c(=O)n2C,4.66
CC(C)=CCn1c(N2CCCC(N)C2)c(C#N)c2c1c(=O)n(Cc1nc(C)c3ccccc3n1)c(=O)n2C,5.17
CC(C)=CCn1c(N2CCCNCC2)c(C#N)c2c1c(=O)n(Cc1cn3ccccc3n1)c(=O)n2C,5.75
CC#CCn1c(N2CCCNCC2)c(C#N)c2c1c(=O)n(Cc1nc(C)c3ccccc3n1)c(=O)n2C,4.92
CC#CCn1c(N2CCCNCC2)c(C#N)c2c1c(=O)n(Cc1c(C#N)cnc3ccccc13)c(=O)n2C,5.36
CC(C)=CCn1c(N2CCCNCC2)c(C#N)c2c1c(=O)n(Cc1ncc3ccccc3c1C#N)c(=O)n2C,5.75
COc1cccc(C(=O)Cn2c(=O)c3c(c(C#N)c(N4CCCC(N)C4)n3CC=C(C)C)n(C)c2=O)c1,5.8
CC#CCn1c(N2CCCNCC2)c(C#N)c2c1c(=O)n(Cc1ncc3ccccc3c1C#N)c(=O)n2C,4.92
CC#CCn1c(N2CCCNCC2)c(C#N)c2c1c(=O)n(Cc1nccc3ccccc13)c(=O)n2C,5.47
CC(C)=CCn1c(N2CCCNCC2)c(C#N)c2c1c(=O)n(Cc1nc(C)c3ccccc3n1)c(=O)n2C,5.7
CC(C)=CCn1c(N2CCCC(N)C2)c(C#N)c2ncn(Cc3ccnc4ccccc34)c(=O)c21,5.38
CC(C)=CCn1c(N2CCCC(N)C2)c(C#N)c2c1c(=O)n(Cc1cnc3ccccc3n1)c(=O)n2C,5.3
CC(C)=CCn1c(N2CCCNCC2)c(C#N)c2c1c(=O)n(Cc1c(C#N)cnc3ccccc13)c(=O)n2C,6.05
CC(C)=CCn1c(N2CCCNCC2)c(C#N)c2c1c(=O)n(Cc1nccc3ccccc13)c(=O)n2C,5.72
Cn1c(=O)c2c(c(C#N)c(N3CCCC(N)C3)n2Cc2ccccc2)n(C)c1=O,5.37
COc1cccc(C(=O)Cn2c(=O)c3c(c(C#N)c(N4CCCC(N)C4)n3Cc3ccccc3)n(C)c2=O)c1,7.0
Cn1c(=O)n(Cc2nccc3ccccc23)c(=O)c2c1c(C#N)c(N1CCCC(N)C1)n2Cc1ccccc1,5.55
CC#CCn1c(N2CCCC(N)C2)c(C#N)c2c1c(=O)n(CC(=O)c1cccc(OC)c1)c(=O)n2C,5.89
CC#CCn1c(N2CCCC(N)C2)c(C#N)c2c1c(=O)n(Cc1nccc3ccccc13)c(=O)n2C,4.55
COc1cccc(C(=O)Cn2c(=O)c3c(c(C#N)c(N4CCCNCC4)n3CC=C(C)C)n(C)c2=O)c1,5.96
CCCS(=O)(=O)n1c2c(c3cc(C(=O)N4CCC(C)CC4)ccc31)CN(C1CCOC1)CC2,4.89
CCS(=O)(=O)n1c2c(c3cc(C(=O)N4CCC(C)CC4)ccc31)CN(C1CCOC1)CC2,4.6
CCCS(=O)(=O)n1c2c(c3cc(C(=O)N4CCC(C)CC4)ccc31)CN(C1CCOCC1)CC2,5.7
CCS(=O)(=O)n1c2c(c3cc(C(=O)N4CCC(C)CC4)ccc31)CN(C1CCOCC1)CC2,5.51
CCN(C(=O)Cc1ccc(S(C)(=O)=O)cc1)C1CCN(CCC(c2cccc(F)c2)C2CCN(S(C)(=O)=O)CC2)CC1,4.46
CCN(C(=O)Cc1ccc(S(C)(=O)=O)cc1)C1CCN(CCC(c2cc(Cl)cc(Cl)c2)C2CCN(S(C)(=O)=O)CC2)CC1,5.19
CCN(C(=O)Cc1ccc(S(C)(=O)=O)cc1)C1CCN(CCC(c2ccccc2)N2CCN(S(=O)(=O)C(F)(F)F)CC2)CC1,5.5
CCN(C(=O)Cc1ccc(S(C)(=O)=O)cc1)C1CCN(CCC(c2cc(F)cc(Cl)c2)C2CCN(S(C)(=O)=O)CC2)CC1,4.85
CCN(C(=O)Cc1ccc(S(C)(=O)=O)cc1)C1CCN(CCC(c2ccccc2)C2CCN(S(C)(=O)=O)CC2)CC1,4.6
CCN(C(=O)Cc1ccc(S(C)(=O)=O)cc1)C1CCN(CCC(c2ccccc2)C2CCN(S(=O)(=O)C(F)(F)F)CC2)CC1,5.92
CCN(C(=O)Cc1ccc(S(C)(=O)=O)cc1)C1CCN(CCC(c2ccccc2)N2CCN(S(C)(=O)=O)CC2)CC1,4.6
CCN(C(=O)Cc1ccc(S(C)(=O)=O)cc1)C1CCN(CCC(c2ccccc2)N2CCN(S(=O)(=O)CC(F)(F)F)CC2)CC1,5.24
CCN(C(=O)Cc1ccc(S(C)(=O)=O)cc1)C1CCN(CCC(c2ccccc2)N2CCN(c3cccc(F)c3)CC2)CC1,5.5
CCN(C(=O)Cc1ccc(S(C)(=O)=O)cc1)C1CCN(CCC(c2ccccc2)N2CCN(c3ccccc3)CC2)CC1,4.89
CCN(C(=O)Cc1ccc(S(C)(=O)=O)cc1)C1CCN(CCC(c2cc(F)cc(F)c2)C2CCN(S(C)(=O)=O)CC2)CC1,4.62
CCN(C(=O)Cc1ccc(S(C)(=O)=O)cc1)C1CCN(CCC(c2cccc(Cl)c2)C2CCN(S(C)(=O)=O)CC2)CC1,5.1
CCN(C(=O)Cc1ccc(S(C)(=O)=O)cc1)C1CCN(CCC(c2cccc(OC)c2)C2CCN(S(C)(=O)=O)CC2)CC1,4.5
CCN(C(=O)Cc1ccc(S(C)(=O)=O)cc1)C1CCN(CCC(c2cccc(C(F)(F)F)c2)C2CCN(S(C)(=O)=O)CC2)CC1,5.1
CCN(C(=O)Cc1ccc(S(C)(=O)=O)cc1)C1CCN(CCC(c2cc(C)cc(C)c2)C2CCN(S(C)(=O)=O)CC2)CC1,5.4
CN1CCC(CNc2ccc3ncc(-c4cccc(OC(F)(F)F)c4)n3n2)CC1,5.5
COc1cc(NCC2CCNCC2)nc2c1nnn2-c1cccc(N(C)C)c1,4.5
FC(F)(F)Oc1cccc(-n2nnc3ccc(NCC4CCNCC4)nc32)c1,5.0
FC(F)(F)Oc1cccc(-n2nnc3cc(Cl)c(NCC4CCNCC4)nc32)c1,6.4
COc1cc(NCC2CCNCC2)nc2c1nnn2-c1cccc(OC(F)(F)F)c1,5.5
Cc1nc2ncc(Oc3ccc(Br)cc3F)cc2c(=O)n1CC1CCCN(C(C)C)C1,5.89
Cc1nc2cnc(Oc3ccc(F)c4cccnc34)cc2c(=O)n1CC1CCCN(C(C)C)C1,5.03
Cc1nc2ccc(Oc3ccc(Cl)cc3F)nc2c(=O)n1CC1CCCN(C(C)C)C1,5.89
Cc1nc2ccc(Oc3ccc(F)c4cccnc34)nc2c(=O)n1CC1CCCN(C(C)C)C1,6.89
Cc1nc2ncc(Oc3ccc(F)cc3)cc2c(=O)n1CC1CCCN(C(C)C)C1,5.51
Cc1nc2ccc(Oc3ccc(F)cc3)nc2c(=O)n1CC1CCCN(C(C)C)C1,5.5
Cc1nc2ncc(Oc3ccc(F)c4cccnc34)nc2c(=O)n1CC1CCCN(C(C)C)C1,4.48
Cc1nc2ncc(Oc3ccc(Cl)cc3F)nc2c(=O)n1CC1CCCN(C(C)C)C1,4.48
Cc1nc2cnc(Oc3cccc4cccnc34)cc2c(=O)n1CC1CCCN(C(C)C)C1,4.6
COc1ccc2cccc(Oc3ccc4nc(C)n(CC5CCCN(C(C)C)C5)c(=O)c4n3)c2n1,4.87
Cc1nc2ccc(Oc3ccc(F)cc3)cc2c(=O)n1CC1CCCN(C(C)C)C1,5.8
Cc1nc2ncc(Oc3ccc(F)cc3)nc2c(=O)n1CC1CCCN(C(C)C)C1,4.79
Cc1nc2ccc(Oc3ccc4c(c3)OCO4)nc2c(=O)n1CC1CCCN(C(C)C)C1,4.87
CN1CCCC1CCN1CCCc2cc(NC(=N)c3cccs3)ccc21,5.33
CS(=O)(=O)N1CCN(Cc2cn3cc(-c4cccc5[nH]ncc45)nc(N4CCOCC4)c3n2)CC1,4.0
COC(=O)NCCc1ccccc1-c1ccc(C2CNCCC2c2ccn(C)c(=O)c2)c(Cl)c1,4.99
CCOC(=O)NCCc1ccccc1-c1ccc(C2CNCCC2c2ccn(C)c(=O)c2)c(Cl)c1,5.5
CC(=O)NCCc1ccccc1-c1ccc(C(CN)Cc2ccc(OCCOc3c(Cl)cc(C)cc3Cl)cc2)c(C)c1,8.22
CC(=O)NCCc1ccccc1-c1ccc(C2CNCCC2c2ccc(F)c(F)c2)c(Cl)c1,5.96
COCC(F)(F)COCc1ccc(C2(O)CCNCC2c2ccc(-c3ccccc3CCNC(C)=O)cc2C)cc1,5.01
CCC(=O)NCCc1ccccc1-c1ccc(C2CNCCC2c2ccn(C)c(=O)c2)c(Cl)c1,5.55
CC(=O)NCCc1ccccc1-c1ccc(C2CNCCC2(O)c2ccc(F)c(F)c2)c(C)c1,5.38
COCC(C)COCc1ccc(C2(O)CCNCC2c2ccc(-c3ccccc3CCNC(C)=O)cc2C)cc1,5.05
CC(=O)NCCc1ccccc1-c1ccc(C2CNCCC23OCc2cc(F)c(F)cc23)c(C)c1,5.29
CC(=O)NCCc1ccccc1-c1ccc(C2CNCCC23OC(=O)c2cc(F)c(F)cc23)c(C)c1,4.89
O=C(c1cccn2ccnc12)N1CCN(CCc2ccc(F)cc2F)CC1,5.72
Nc1ncnc(Nc2ccc(Oc3ccc(Cl)cc3)cc2)n1,5.82
Nc1cncc(Nc2ccc(Oc3ccc(OC(F)(F)F)cc3)cc2)n1,5.07
COC(CC(CCCCNCc1ccc(F)cc1)C(=O)NO)c1ccc(F)cc1,5.7
Cc1cc(OC(CCCCNCc2ccc(F)cc2)C(=O)NO)cc(C)c1F,6.1
CCC(NCCCCC(CC(OC)c1ccc(F)cc1)C(=O)NO)c1ccc(F)cc1,5.0
Cc1cc(CC(CCCCNCc2ccc(F)cc2)C(=O)NO)cc(C)c1F,5.33
Cc1cc(NC(CCCCNCc2ccc(F)cc2)C(=O)NO)cc(C)c1F,5.91
CCC(NCCCCC(Oc1cc(C)c(F)c(C)c1)C(=O)NO)c1ccc(F)cc1,5.57
c1ccc(Cn2ccc3c(OC4CCN(Cc5cscn5)CC4)ncnc32)cc1,6.12
Cc1c(C)n(Cc2ccccc2)c2ncnc(OC3CCN(Cc4cscn4)CC3)c12,6.29
NC1CN(c2ccc(-n3ccc(OCc4ccccc4)cc3=O)cn2)CC1c1cc(F)ccc1F,5.06
NC1CN(c2ccc(-n3ccc(OCc4ccccc4)cc3=O)cn2)CC1c1cc(F)c(F)cc1F,5.21
Cc1nc2c(C#N)cccc2n1-c1ccc(C(=O)NC2CC2)s1,4.28
Cc1nc2c(OC(F)F)cccc2n1-c1ccc(C(=O)NC2CC2)s1,4.54
CN(C(=O)Cc1ccc(S(C)(=O)=O)cc1)C1CCN(Cc2nc3cc(F)ccc3s2)CC1F,5.16
CNC(=O)c1ccc(CC(=O)N(C)C2CCN(Cc3ccc(C(F)(F)F)cc3)CC2)cc1,5.68
CN(C(=O)Cc1ccc(-n2cnnn2)cc1)C1CCN(Cc2ccc(C(F)(F)F)nc2)CC1F,4.82
CN(C(=O)Cc1ccc(S(C)(=O)=O)cc1)C1CCN(Cc2ccc(C(F)(F)F)cc2)CC1,5.52
CN(C(=O)Cc1ccc(-n2cnnn2)cc1)C1CCN(Cc2ccc(C(F)(F)F)cc2)CC1,5.92
CN(C(=O)Cc1ccc(-n2cnnn2)cc1)C1CCN(Cc2nc3cc(F)ccc3s2)CC1,5.89
CN(C(=O)Cc1ccc(S(C)(=O)=O)cc1)C1CCN(Cc2nc3ccccc3s2)CC1F,4.8
Cc1nc(-c2ccc(CN3CCC(N(C)C(=O)Cc4ccc(-n5cnnn5)cc4)CC3)cc2)no1,5.19
CC(=O)Nc1ccc(CC(=O)N(C)C2CCN(Cc3ccc(C(F)(F)F)cc3)CC2)cc1,5.35
CN(C(=O)Cc1ccc(S(C)(=O)=O)c(F)c1)C1CCN(Cc2ccc(C(F)(F)F)cc2)CC1,5.54
CN(C(=O)Cc1ccc(S(C)(=O)=O)cc1)C1CCN(Cc2ccc(C(F)(F)F)cc2)CC1F,5.38
CN(C(=O)Cc1ccc(-n2cnnn2)cc1)C1CCN(Cc2ccc(C(F)(F)F)cc2)CC1F,5.7
COC1CN(Cc2ccc(C(F)(F)F)cc2)CCC1N(C)C(=O)Cc1ccc(-n2cnnn2)cc1,5.92
CN(C(=O)Cc1ccccc1)C1CCN(Cc2ccc(C(F)(F)F)cc2)CC1,5.8
CN(C(=O)Cc1ccc(-n2cnnn2)cc1)C1CCN(Cc2ccc(C(F)(F)F)c(F)c2)CC1,5.55
CN(C(=O)Cc1ccc(-n2cnnn2)cc1)C1CCN(Cc2ccc(C(F)(F)F)cn2)CC1F,5.0
CN(C(=O)Cc1ccc(-n2cnnn2)cc1)C1CCN(Cc2nc3c(s2)CCCC3)CC1,5.12
CN(C(=O)Cc1ccc(S(C)(=O)=O)cc1F)C1CCN(Cc2ccc(C(F)(F)F)cc2)CC1,5.58
CN(C(=O)Cc1ccc(-n2cnnn2)cc1)C1CCN(Cc2ccc(C(F)(F)F)nc2)CC1,4.89
CC(C)Cn1c2ccc(Nc3ncccn3)cc2c2c3c(c4c(c21)CCc1nn(C)cc1-4)C(=O)NC3,4.7
CC(=O)N1CCC(C(=O)N(CCCN2CCN(Cc3ccc(F)cc3)CC2)c2ccc(C)c(Cl)c2)CC1,5.74
Cc1nc(N2CCC(N3CCCC3=O)CC2)nc2ccc(NC(=O)COc3ccc(OC(F)(F)F)cc3)cc12,5.43
Cc1nc(N2CCC(N3CCCC3)CC2)nc2ccc(NC(=O)COc3ccc(Cl)cc3)cc12,6.35
COc1cc(-c2cn(CC(=O)N(Cc3ccccc3)C(C)c3ccccc3)nn2)ccc1-n1cnc(C)c1,6.37
COc1cc(-c2cn(CC(=O)N(Cc3ccccc3)CC(F)(F)F)nn2)ccc1-n1cnc(C)c1,5.54
COc1cc(-c2cn(CC(=O)N(CC(F)(F)F)c3ccc4c(c3)CCC4)nn2)ccc1-n1cnc(C)c1,5.83
COc1cc(-c2cn(CC(=O)N(C(C)c3ccccc3)C(C)c3ccccc3)nn2)ccc1-n1cnc(C)c1,6.08
COc1cc(-c2cn(C3CC(C(C)(C)C)CCN(CC45CC6CC(CC(C6)C4)C5)C3=O)nn2)ccc1-n1cnc(C)c1,6.06
COc1cc(-c2cn(CC(=O)N(Cc3ccccc3)Cc3ccccc3)nn2)ccc1-n1cnc(C)c1,6.06
COc1cc(-c2cn(C3CCC4CCCCC4NC3=O)nn2)ccc1-n1cnc(C)c1,4.68
COc1cc(-c2cn(CC(=O)NC3C4CC5CC(C4)CC3C5)nn2)ccc1-n1cnc(C)c1,5.39
COc1cc(-c2cn(CC(=O)N(C3CCCCC3)C3CCCCC3)nn2)ccc1-n1cnc(C)c1,5.86
COc1cc(-c2cn(CC(=O)N(c3ccccc3)c3ccccc3)nn2)ccc1-n1cnc(C)c1,5.52
COc1cc(-c2cn(C3CC(c4ccccc4)CCN(CC(F)(F)F)C3=O)nn2)ccc1-n1cnc(C)c1,5.65
COc1cc(-c2cn(C3CC(C(F)(F)F)CCN(CC(F)(F)F)C3=O)nn2)ccc1-n1cnc(C)c1,4.5
COc1cc(-c2cn(CC(=O)N3CCC(c4nc5ccccc5o4)CC3)nn2)ccc1-n1cnc(C)c1,4.99
COc1cc(-c2cn(C3CC([Si](C)(C)C)CCN(Cc4ccccc4)C3=O)nn2)ccc1-n1cnc(C)c1,4.39
COc1cc(-c2cn(C3CC(C(C)(C)C)CCN(CC(C)(C)C)C3=O)nn2)ccc1-n1cnc(C)c1,5.68
COc1cc(-c2cn(CC(=O)N(CC(F)(F)F)c3ccc4ccccc4c3)nn2)ccc1-n1cnc(C)c1,6.2
COc1cc(-c2cn(C3CC([Si](C)(C)C)CCNC3=O)nn2)ccc1-n1cnc(C)c1,5.2
COc1cc(-c2cn(C3CCCCN(CC(F)(F)F)C3=O)nn2)ccc1-n1cnc(C)c1,4.66
COc1cc(-c2cn(C3CC(C(F)(F)F)CCN(Cc4ccccc4)C3=O)nn2)ccc1-n1cnc(C)c1,5.26
COc1cc(-c2cn(C3CCC(c4ccccc4)CN(Cc4ccccc4)C3=O)nn2)ccc1-n1cnc(C)c1,6.7
COc1cc(-c2cn(CC(=O)N(CC(F)(F)F)c3ccc4c(c3)OC(F)(F)O4)nn2)ccc1-n1cnc(C)c1,5.72
COc1cc(-c2cn(CC(=O)N(CC(F)(F)F)c3cccc4ccccc34)nn2)ccc1-n1cnc(C)c1,6.1
COc1cc(-c2cn(C3C(=O)NC4CCC3C4)nn2)ccc1-n1cnc(C)c1,5.27
COc1cc(-c2cn(C3CC(C(F)(F)F)CN(CC(F)(F)F)C3=O)nn2)ccc1-n1cnc(C)c1,4.88
COc1cc(-c2cn(CC(=O)N(c3ccccc3)C3CCCCC3)nn2)ccc1-n1cnc(C)c1,6.1
COc1cc(-c2cn(C3CCCC(C(C)(C)C)NC3=O)nn2)ccc1-n1cnc(C)c1,4.36
COc1cc(-c2cn(C3CC(C(C)(C)C)CCN(CC(F)(F)F)C3=O)nn2)ccc1-n1cnc(C)c1,5.27
COc1cc(-c2cn(C3CCCCNC3=O)nn2)ccc1-n1cnc(C)c1,4.36
COc1cc(-c2cn(CC(=O)N(Cc3ccc(F)cc3)C3C4CC5CC(C4)CC3C5)nn2)ccc1-n1cnc(C)c1,6.6
COc1cc(-c2cn(C3CC(C4CCCCC4)CCNC3=O)nn2)ccc1-n1cnc(C)c1,5.43
COc1cc(-c2cn(C3CC(C)(C)CCNC3=O)nn2)ccc1-n1cnc(C)c1,4.68
Cc1nc(N2CCC(O)CC2)nc2ccc(NC(=O)C=Cc3ccc(OC(F)(F)F)cc3)cc12,5.48
Cc1nc(N2CCC(O)(C3CC3)CC2)nc2ccc(NC(=O)C=Cc3ccc(C(F)F)cc3)cc12,5.6
Cc1nc(N2CCC(O)(C3CC3)CC2)nc2ccc(NC(=O)C=Cc3ccc(Cl)cc3)cc12,5.25
Nc1ncc(-c2cnn(CCO)c2)c2scc(-c3ccc(NC(=O)Nc4cccc(F)c4)cc3)c12,6.0
O=C(Nc1ccc(-c2nnc(NCCCN3CCOCC3)o2)cc1)c1ccccc1F,4.5
O=C(Nc1ccc(-c2nnc(NCCCN3CCCCC3)o2)cc1)c1cccc(F)c1,5.1
Cc1cc(-c2nnc(NCCCN3CCCCC3)o2)ccc1NC(=O)c1ccccc1F,4.8
O=C(Nc1ccc(-c2nnc(NCCCN3CCCC3)o2)cc1)c1ccccc1F,5.1
O=C(Nc1ccc(-c2nnc(NCCCN3CCCCC3)o2)cc1)c1c(F)cccc1F,5.1
O=C(Nc1ccc(-c2nnc(NCCCN3CCCCC3)o2)cc1)C1CCCCCC1,4.7
O=C(Nc1ccc(-c2nnc(NCCCN3CCCCC3)o2)cc1)C1CCCCC1,4.7
O=C(Nc1ccc(-c2nnc(NCCCN3CCCCC3)o2)cc1)c1ccccc1Cl,4.9
O=C(Nc1ccc(-c2nnc(NCCCN3CCCCC3)o2)c(C(F)(F)F)c1)c1ccccc1F,5.3
CCc1cc(NC(=O)c2ccccc2F)ccc1-c1nnc(NCCCN2CCCCC2)o1,5.4
O=C(Nc1ccc(-c2nnc(NCCCN3CCCCC3)o2)cc1)c1ccccc1,4.8
O=C(Nc1ccc(-c2nnc(NCCCN3CCCCC3)o2)c(F)c1)c1ccccc1F,5.0
CCN(CC)CCCNc1nnc(-c2ccc(NC(=O)c3ccccc3F)cc2)o1,4.9
Cc1cc(NC(=O)c2ccccc2F)ccc1-c1nnc(NCCCN2CCCCC2)o1,5.4
O=C(Nc1ccc(-c2nnc(NCCCN3CCCCC3)o2)cc1)C1CCCC1,4.6
COc1cc(NC(=O)c2ccccc2F)ccc1-c1nnc(NCCCN2CCOCC2)o1,4.8
CCOc1cc(NC(=O)c2ccccc2F)ccc1-c1nnc(NCCCN2CCCCC2)o1,4.9
CCc1cc(-c2nnc(NCCCN3CCCCC3)o2)ccc1NC(=O)c1ccccc1F,4.6
O=C(Nc1ccc(-c2nnc(NCCCN3CCCCC3)o2)cc1F)c1ccccc1F,5.2
O=C(Nc1ccc(-c2nnc(NCCCN3CCCCCC3)o2)cc1)c1ccccc1F,5.2
COc1cc(NC(=O)c2ccccc2F)ccc1-c1nnc(NCCCN2CCCCC2)o1,5.3
O=C(Nc1ccc(-c2nnc(NCCCN3CCCCC3)o2)c(Cl)c1)c1ccccc1F,5.4
O=C(Nc1ccc(-c2nnc(NCCCN3CCCCC3)o2)cc1)c1ccc(F)cc1,5.0
Cc1cccc(C(CCCN)(c2ccccc2)c2ccccc2)c1,5.19
Cc1ccc(C(=O)N(CCCN)C(c2nc3cc(Cl)ccc3c(=O)n2Cc2ccccc2)C(C)C)cc1,5.32
c1ccc(-n2cc(-c3ccnc4ccccc34)cn2)cc1,5.6
COc1ccc2c(-c3cnn(-c4ccccc4)c3)ccnc2c1,5.6
CCOc1cc2nccc(Oc3cnc(CC(=O)Nc4n[nH]c(CC)c4C)c(OC)c3)c2cc1OC,4.12
NS(=O)(=O)c1ccc(OCCN2CCCCC2)cc1,4.62
O=C(Nc1ccccc1)NS(=O)(=O)c1ccc(OCCN2CCCCC2)cc1,4.56
CCOC(=O)C1CCN(CCCOc2ccc(S(N)(=O)=O)cc2)CC1,4.12
CCOC(=O)C1CCN(CCCCOc2ccc(S(N)(=O)=O)cc2)CC1,4.73
CCOC(=O)C1CCN(CCOc2ccc(S(N)(=O)=O)cc2)CC1,4.64
CC(C)NC(=O)NS(=O)(=O)c1ccc(OCCN2CCCCC2)cc1,4.58
CCOC(=O)C1CCN(CCCOc2ccc(S(=O)(=O)NC(=O)Nc3ccccc3)cc2)CC1,4.1
NS(=O)(=O)c1ccc(OCCCCN2CCCCC2)cc1,4.87
O=C(Nc1ccc(C(F)(F)F)cc1)NS(=O)(=O)c1ccc(OCCCCN2CCCC2)cc1,4.31
CN1CCN(CCCNc2nnc(-c3ccc(NC(=O)c4ccccc4F)cc3)o2)CC1,4.2
O=C(Nc1ccc(-c2nnc(NCCCCN3CCCCC3)o2)cc1)c1ccccc1,4.7
O=C(Nc1ccc(-c2nnc(NCCCN3CCN4CCC3CC4)o2)cc1)c1ccccc1F,4.9
O=C(Nc1ccc(-c2nnc(NCCCCN3CCOCC3)o2)c(F)c1)c1ccccc1F,4.4
O=C(Nc1ccc(-c2nnc(NCCCN3CCC(F)CC3)o2)cc1)c1ccccc1F,5.1
O=C(Nc1ccc(-c2nnc(NCCCCN3CCCOCC3)o2)cc1)c1ccccc1F,4.9
O=C(Nc1ccc(-c2nnc(NCCCN3CCCOCC3)o2)cc1)c1ccccc1F,4.7
O=C(Nc1ccc(-c2nnc(NCCCCN3CCCC3)o2)cc1)c1ccccc1F,4.9
CC1CCC(C)N1CCCNc1nnc(-c2ccc(NC(=O)c3ccccc3F)cc2)o1,5.1
CCN(CC)CCCCNc1nnc(-c2ccc(NC(=O)c3ccccc3F)cc2)o1,4.7
O=C(Nc1ccc(-c2nnc(NCCCCN3CCOCC3)o2)cc1)c1ccccc1F,4.2
O=C(Nc1ccc(-c2nnc(NCCCCN3CCC(F)CC3)o2)cc1)c1ccccc1F,4.8
O=C(Nc1ccc(-c2nnc(NCCCCN3CCOCC3)o2)c(F)c1)c1ccccc1,4.8
O=C(Nc1ccc(-c2nnc(NCCCN3CC4CCC3C4)o2)cc1)c1ccccc1F,5.2
COc1cc(NC(=O)c2ccccc2F)ccc1-c1nnc(NCCCCN2CCCCC2)o1,4.8
O=C(Nc1ccc(-c2nnc(NCCCCN3CCCCC3)o2)cc1)C1CCCCC1,4.6
O=C(Nc1ccc(-c2nnc(NCCCCN3CCCCC3)o2)c(Cl)c1)c1ccccc1F,5.7
O=C(NCC(=O)N1CCC(NC2CCC(O)(c3ccc(-c4ccncc4)cn3)CC2)C1)c1cccc(C(F)(F)F)c1,4.89
O=C(C1CCN(c2nccc(C(F)(F)F)n2)CC1)N1CCC(NC2CCC(O)(c3ccc(-c4ncccn4)cn3)CC2)C1,4.58
O=C(C1CCN(c2cc(C(F)(F)F)ccn2)CC1)N1CCC(NC2CCC(O)(c3ccc(-c4ncccn4)cn3)CC2)C1,4.55
O=C(C1CCN(c2cccc(C(F)(F)F)c2)CC1)N1CCC(NC2CCC(O)(c3ccc(-c4ncccn4)cn3)CC2)C1,5.05
O=C(NCC(=O)N1CCC(NC2CCC(O)(c3ccc(-c4cccnc4)cn3)CC2)C1)c1cccc(C(F)(F)F)c1,4.52
CC1c2c([nH]c3ccc(C(F)(F)F)cc23)CC2CCN(CCCC3(C(=O)O)CCOCC3)CC21,6.52
CC1c2c([nH]c3ccc(C(F)(F)F)cc23)CC2CCN(CCCC3CCOCC3)CC21,7.52
COc1c(C(C)(C)C)cc(CN2CCC(CNCCCCCC(c3ccc(F)cc3)c3ccc(F)cc3)C2)cc1C(C)(C)C,6.96
CC(C)(C)c1ccc(C(=O)NCC2CCN(C(=O)CCCCC(c3ccc(F)cc3)c3ccc(F)cc3)C2)cc1,6.09
COc1c(C(C)(C)C)cc(C(=O)N2CCN(CCCCCC(c3ccc(F)cc3)c3ccc(F)cc3)CC2)cc1C(C)(C)C,6.18
COc1c(C(C)(C)C)cc(C(=O)N2CCC(CNC(=O)CCCCC(c3ccc(F)cc3)c3ccc(F)cc3)C2)cc1C(C)(C)C,6.19
COc1cc(C(=O)NCC2CCN(CCCCCC(c3ccc(F)cc3)c3ccc(F)cc3)C2)cc(OC)c1OC,7.0
COc1c(C(C)(C)C)cc(C(=O)N2CCN(C(=O)CCCCC(c3ccc(F)cc3)c3ccc(F)cc3)C(C)C2)cc1C(C)(C)C,6.05
COc1c(C(C)(C)C)cc(C(=O)N2CCN(C(=O)CCCCC(c3ccc(F)cc3)c3ccc(F)cc3)CC2C)cc1C(C)(C)C,5.31
COc1cc(CN2CCN(CCCCCC(c3ccc(F)cc3)c3ccc(F)cc3)CC2)cc(OC)c1OC,6.4
CC(C)(C)c1cc(CNCC2CCN(CCCCCC(c3ccc(F)cc3)c3ccc(F)cc3)C2)cc(C(C)(C)C)c1O,6.06
CC(C)(C)c1cc(CN2CCN(CCCCCC(c3ccc(F)cc3)c3ccc(F)cc3)CC2)cc(C(C)(C)C)c1,7.0
COc1c(C(C)(C)C)cc(CN2CCN(CCCCCC(c3ccc(F)cc3)c3ccc(F)cc3)CC2)cc1C(C)(C)C,7.0
O=C(NCC1CCN(CCCCCC(c2ccc(F)cc2)c2ccc(F)cc2)C1)c1cc(C(F)(F)F)cc(C(F)(F)F)c1,7.0
COc1c(C(C)(C)C)cc(C(=O)NCC2CCN(C(=O)CCCCC(c3ccc(F)cc3)c3ccc(F)cc3)C2)cc1C(C)(C)C,5.72
COc1cc(C(=O)N2CCC(CNC(=O)CCCCC(c3ccc(F)cc3)c3ccc(F)cc3)C2)cc(OC)c1OC,6.12
COc1c(C(C)(C)C)cc(CN2CCN(C(=O)CCCCC(c3ccc(F)cc3)c3ccc(F)cc3)CC2)cc1C(C)(C)C,6.89
COc1cc(CNCC2CCN(CCCCCC(c3ccc(F)cc3)c3ccc(F)cc3)C2)cc(OC)c1OC,7.4
CC(C)(C)c1cc(C(=O)N2CCN(CCCCCC(c3ccc(F)cc3)c3ccc(F)cc3)CC2)cc(C(C)(C)C)c1O,6.6
CC(C)(C)c1cc(CNCC2CCN(CCCCCC(c3ccc(F)cc3)c3ccc(F)cc3)C2)cc(C(C)(C)C)c1,6.34
COc1c(C(C)(C)C)cc(C(=O)N2CCN(C(=O)CCCCC(c3ccc(F)cc3)c3ccc(F)cc3)CC2)cc1C(C)(C)C,5.05
CC(C)(C)c1cc(C(=O)NCC2CCN(C(=O)CCCCC(c3ccc(F)cc3)c3ccc(F)cc3)C2)cc(C(C)(C)C)c1,5.7
O=C(NCC1CCN(C(=O)CCCCC(c2ccc(F)cc2)c2ccc(F)cc2)C1)c1cc(C(F)(F)F)cc(C(F)(F)F)c1,6.16
CC(C)(C)c1cc(CN2CCC(CNCCCCCC(c3ccc(F)cc3)c3ccc(F)cc3)C2)cc(C(C)(C)C)c1O,8.0
COc1cc(CN2CCC(CNCCCCCC(c3ccc(F)cc3)c3ccc(F)cc3)C2)cc(OC)c1OC,7.0
CN(C)C(=O)c1ccc(-c2ccc3c(c2)CCN(CCN2CCCC2)C3=O)cc1,4.96
O=C(NC1CC1)c1ccc(-c2ccc3c(c2)CCN(CCN2CCCC2)C3=O)cc1,4.96
CNC(=O)c1ccc(-c2ccc3c(c2)CCN(CCN2CCCC2)C3=O)cc1,4.54
CCNC(=O)c1ccc(-c2ccc3c(c2)CCN(CCN2CCCC2C)C3=O)cc1,5.13
CC1CCCN1CCN1CCc2cc(-c3ccc(C(=O)N4CCCC4)cc3)ccc2C1=O,5.02
CC1CCCN1CCN1CCc2cc(-c3ccc(C#N)cc3)ccc2C1=O,6.85
O=C(NC1CCCC1)c1ccc(-c2ccc3c(c2)CCN(CCN2CCCC2)C3=O)cc1,5.09
CNC(=O)c1ccc(-c2ccc3c(c2)CCN(CCN2CCCC2)C3=O)c(F)c1,5.43
CC(C)NC(=O)c1ccc(-c2ccc3c(c2)CCN(CCN2CCCC2)C3=O)cc1,5.21
CCNC(=O)c1ccc(-c2ccc3c(c2)CCN(CCN2CCCC2)C3=O)cc1,4.8
O=C(c1ccc(-c2ccc3c(c2)CCN(CCN2CCCC2)C3=O)cc1F)N1CCCC1,5.06
O=C(c1ccc(-c2ccc3c(c2)CCN(CCN2CCCC2)C3=O)c(F)c1)N1CCCC1,4.95
CNC(=O)c1ccc(-c2ccc3c(c2)CCN(CCN2CCCC2C)C3=O)cc1,4.77
CN(C)C(=O)c1ccc(-c2ccc3c(c2)CCN(CCN2CCCC2)C3=O)c(F)c1,4.49
O=C(NC1CCC1)c1ccc(-c2ccc3c(c2)CCN(CCN2CCCC2)C3=O)cc1,5.6
O=C(c1ccc(-c2ccc3c(c2)CCN(CCN2CCCC2)C3=O)cc1Cl)N1CCCC1,5.03
CC1CCCN1C(=O)c1ccc(-c2ccc3c(c2)CCN(CCN2CCCC2)C3=O)cc1,4.98
O=C1CC2CCc3cc(OC4CCN(C5CCC5)CC4)ccc3C2=NN1,4.75
CCNC1CCCC(c2c[nH]c3ccc(NC(=N)c4cccs4)cc23)C1,4.79
CNC1CCCC(c2c[nH]c3ccc(NC(=N)c4cccs4)cc23)C1,4.48
CCNC1CCC(c2c[nH]c3ccc(NC(=N)c4cccs4)cc23)CC1,4.64
O=C(Nc1ccc(Cl)c(Cl)c1)N1CCN(CC2CCCN(CCCc3ccccc3)C2)CC1,6.4
O=C(Nc1ccc(C(F)(F)F)c(Cl)c1)N1CCN(CC2CCCN(C3CC3)C2)CC1,6.05
CCN1CCCC(CN2CCN(C(=O)Nc3ccc(Cl)c(Cl)c3)CC2)C1,5.68
O=C(Nc1ccc(Cl)c(Cl)c1)N1CCN(C(=O)C2CN(C3CC3)CCN2)CC1,4.72
CCN1CCOC(CN2CCN(C(=O)Nc3ccc(Cl)c(Cl)c3)CC2)C1,5.1
Cc1ccc(NC(=O)N2CCN(CC3CCCN(C4CC4)C3)CC2)cc1Cl,5.15
CC(C)N1CCCC(CN2CCN(C(=O)Nc3ccc(Cl)c(Cl)c3)CC2)C1,5.89
CC(C)N1CCNC(CN2CCN(C(=O)Nc3ccc(Cl)c(Cl)c3)CC2)C1,5.25
O=C(Nc1ccc(Cl)c(Cl)c1)N1CCN(CC2CCCN(C3CC3)C2)CC1,5.7
O=C(Nc1ccc(Cl)c(Cl)c1)N1CCN(CC2CCCN(Cc3ccccc3)C2)CC1,6.25
O=C(Nc1ccc(Cl)c(C(F)(F)F)c1)N1CCN(CC2CCCN(C3CC3)C2)CC1,5.2
O=C(Nc1cccc(C(F)(F)F)c1)N1CCN(CC2CCCN(C3CC3)C2)CC1,4.89
CN1CCNC(C(=O)N2CCN(C(=O)Nc3ccc(Cl)c(Cl)c3)CC2)C1,4.7
CCN1CCNC(C(=O)N2CCN(C(=O)Nc3ccc(Cl)c(Cl)c3)CC2)C1,5.0
O=C(Nc1ccc(C(F)(F)F)cc1)N1CCN(CC2CCCN(C3CC3)C2)CC1,5.2
CCN1CCOC(C(=O)N2CCN(C(=O)Nc3ccc(Cl)c(Cl)c3)CC2)C1,5.3
O=C(Nc1cccc(Cl)c1)N1CCN(CC2CCCN(C3CC3)C2)CC1,4.55
O=C(Nc1ccc(Cl)c(Cl)c1)N1CCN(CC2CN(C3CC3)CCO2)CC1,4.8
CCN1CCNC(CN2CCN(C(=O)Nc3ccc(Cl)c(Cl)c3)CC2)C1,5.05
CC(C)N1CCNC(C(=O)N2CCN(C(=O)Nc3ccc(Cl)c(Cl)c3)CC2)C1,4.77
CN1CCCC(CN2CCN(C(=O)Nc3ccc(Cl)c(Cl)c3)CC2)C1,5.8
O=C(Nc1ccc(Cl)cc1)N1CCN(CC2CCCN(C3CC3)C2)CC1,4.85
O=C(Nc1ccc(Cl)c(Cl)c1)N1CCN(CC2CCCNC2)CC1,5.8
O=C(Nc1ccc(F)c(Cl)c1)N1CCN(CC2CCCN(C3CC3)C2)CC1,4.85
CC(C)N1CCOC(CN2CCN(C(=O)Nc3ccc(Cl)c(Cl)c3)CC2)C1,5.2
CN1CCN(C)C(C(=O)N2CCN(C(=O)Nc3ccc(Cl)c(Cl)c3)CC2)C1,4.89
CCN1CCCC(C(=O)N2CCN(C(=O)Nc3ccc(Cl)c(Cl)c3)CC2)C1,5.3
C1=CCOCc2cc(ccc2OCCN2CCCC2)Nc2nccc(n2)-c2ccc(s2)COC1,5.14
C1=CCOCc2cc(ccc2OCCN2CCCC2)Nc2nccc(n2)-c2ccnc(c2)OCC1,5.62
COc1ccc(-c2cc(-c3ccc(S(C)(=O)=O)cc3)cnc2N)cn1,5.52
CC(C)(C)Oc1cccc2nc(N)nc(N)c12,4.7
O=C(O)c1cc(CN2CCN(c3ccc(C(F)(F)F)cc3)CC2)c2ccccn2c1=O,7.0
O=C(O)c1cc(CN2CCN(c3ccc(Br)cc3)CC2)c2ccccn2c1=O,5.68
Cc1cccnc1CN1CCC2(CC1)C(=O)N(c1ccc(-c3ccc(C(=O)O)cc3)cc1)C(=O)N2c1cnccn1,4.8
Cc1cccnc1CN1CCC2(CC1)C(=O)N(c1ccc(-c3ccc(-c4ccn[nH]4)cc3)cc1)C(=O)N2c1cc(O)ncn1,5.09
COc1cc(N2C(=O)N(c3ccc(-c4ccc(C(=O)O)cc4)nc3)C(=O)C23CCN(Cc2ncccc2C)CC3)ncn1,4.34
Cc1cccnc1CN1CCC2(CC1)C(=O)N(c1ccc(N3CCC3=O)cc1)C(=O)N2c1cc(O)ncn1,4.57
Cc1nc(C)c(-c2ccc(N3C(=O)N(c4cc(O)ncn4)C4(CCN(Cc5ncccc5C)CC4)C3=O)cc2)s1,6.02
CNC(=O)c1ccc(-c2ccc(N3C(=O)N(c4cc(OC)ncn4)C4(CCN(Cc5ncccc5C)CC4)C3=O)cc2)cc1,5.07
COc1cc(N2C(=O)N(c3ccc(-c4ccc(-c5cc(=O)[nH][nH]5)cc4)cc3)C(=O)C23CCN(Cc2ncccc2C)CC3)ncn1,4.77
Cc1cc(C(=O)O)ccc1-c1ccc(N2C(=O)N(c3ncccn3)C3(CCN(Cc4ncccc4C)CC3)C2=O)cc1,4.64
COc1cc(N2C(=O)N(c3ccc(-c4ccc(C(N)=O)cc4)cc3)C(=O)C23CCN(Cc2ncccc2C)CC3)ncn1,6.19
COc1cc(N2C(=O)N(c3ccc(-c4ccc(C(=O)O)c(C)c4)cc3)C(=O)C23CCN(Cc2ncccc2C)CC3)ncn1,4.64
COc1nccnc1N1C(=O)N(c2ccc(-c3ccc(C(=O)O)cc3C)cc2)C(=O)C12CCN(Cc1ncccc1C)CC2,5.85
COc1cc(N2C(=O)N(c3ccc(-c4ccc(C(=O)O)c(Cl)c4)cc3)C(=O)C23CCN(Cc2ncccc2C)CC3)ncn1,5.24
Cc1cccnc1CN1CCC2(CC1)C(=O)N(c1ccc(-c3ccc(C(=O)O)cc3)cc1)C(=O)N2c1ccncn1,4.51
Cc1nccc(N2C(=O)N(c3ccc(-c4ccc(C(=O)O)cc4C)cc3)C(=O)C23CCN(Cc2ncccc2C)CC3)n1,4.66
Cc1cc(C(=O)O)ccc1-c1ccc(N2C(=O)N(c3ccncn3)C3(CCN(Cc4ncccc4C)CC3)C2=O)cc1,4.66
COc1cc(N2C(=O)N(c3ccc(-c4ccc(C(=O)O)cc4C)nc3)C(=O)C23CCN(Cc2ncccc2C)CC3)ncn1,5.15
Cc1cc(C(=O)O)ccc1-c1ccc(N2C(=O)N(c3cc(C(F)(F)F)ncn3)C3(CCN(Cc4ncccc4C)CC3)C2=O)cc1,4.68
COc1cc(N2C(=O)N(c3ccc(-c4ccc5nc[nH]c5c4)cc3)C(=O)C23CCN(Cc2ncccc2C)CC3)ncn1,4.82
COc1cc(N2C(=O)N(c3ccc(-c4csc(C(=O)O)c4)cc3)C(=O)C23CCN(Cc2ncccc2C)CC3)ncn1,5.1
Cc1cccnc1CN1CCC2(CC1)C(=O)N(c1ccc(-c3ccno3)cc1)C(=O)N2c1cc(O)ncn1,4.66
Cc1cc(N2C(=O)N(c3ccc(-c4ccc(C(=O)O)cc4C)cc3)C(=O)C23CCN(Cc2ncccc2C)CC3)ncn1,4.42
Cc1cccnc1CN1CCC2(CC1)C(=O)N(c1ccc(-n3cccn3)cc1)C(=O)N2c1cc(O)ncn1,5.05
Cc1cc(C(=O)O)ccc1-c1ccc(N2C(=O)N(c3nccnc3C)C3(CCN(Cc4ncccc4C)CC3)C2=O)cc1,5.11
Cc1cc(C(=O)O)ccc1-c1ccc(N2C(=O)N(c3cc(O)ncn3)C3(CCN(Cc4ncccc4C)CC3)C2=O)cn1,4.7
Cc1cccnc1CN1CCC2(CC1)C(=O)N(c1ccc(C3CCCCC3)cc1)C(=O)N2c1cc(O)ncn1,6.0
COc1cc(N2C(=O)N(c3ccc(-c4ccccc4C(=O)O)cc3)C(=O)C23CCN(Cc2ncccc2C)CC3)ncn1,5.62
COc1cc(N2C(=O)N(c3ccc(-c4ccc(C(=O)O)s4)cc3)C(=O)C23CCN(Cc2ncccc2C)CC3)ncn1,4.92
COc1cc(N2C(=O)N(c3ccc(-c4ccc5[nH]ncc5c4)cc3)C(=O)C23CCN(Cc2ncccc2C)CC3)ncn1,5.33
COc1cc(N2C(=O)N(c3ccc(-c4ccc(C(=O)O)cc4F)cc3)C(=O)C23CCN(Cc2ncccc2C)CC3)ncn1,4.27
COc1cc(N2C(=O)N(c3ccc(-c4ccc(C(=O)O)cc4C)cc3)C(=O)C23CCN(Cc2ncccc2C)CC3)ncn1,4.89
Cc1cccnc1CN1CCC2(CC1)C(=O)N(c1ccc(-c3ccc(C(=O)O)cc3)cc1)C(=O)N2c1ncccn1,4.72
Cc1cc(C(=O)O)ccc1-c1ccc(N2C(=O)N(c3cnccn3)C3(CCN(Cc4ncccc4C)CC3)C2=O)cc1,5.14
Cc1cc(C(=O)O)ccc1-c1ccc(N2C(=O)N(c3cnccn3)C3(CCN(Cc4ncccc4C)CC3)C2=O)cn1,5.6
COc1cc(N2C(=O)N(c3ccc(-c4cccc(C(=O)O)c4)cc3)C(=O)C23CCN(Cc2ncccc2C)CC3)ncn1,5.16
COc1cc(N2C(=O)N(c3ccc(-c4ccc(C(=O)N(C)C)cc4)cc3)C(=O)C23CCN(Cc2ncccc2C)CC3)ncn1,5.05
COc1cc(N2C(=O)N(c3ccc(-c4ccc(-c5ccn[nH]5)cc4)cc3)C(=O)C23CCN(Cc2ncccc2C)CC3)ncn1,5.7
Cc1cccnc1CN1CCC2(CC1)C(=O)N(c1ccc(-c3ccccc3)cc1)C(=O)N2c1cc(O)ncn1,6.66
COc1cc(N2C(=O)N(c3ccc(-c4ccc(C(=O)O)cc4)cc3)C(=O)C23CCN(Cc2ncccc2C)CC3)ncn1,5.19
COCc1nc(-c2ccc(N3C(=O)N(c4cc(O)ncn4)C4(CCN(Cc5ncccc5C)CC4)C3=O)cc2)no1,5.11
COc1cc(N2C(=O)N(c3ccc(-c4ccc(C#N)cc4)cc3)C(=O)C23CCN(Cc2ncccc2C)CC3)ncn1,6.43
CC(C)COc1cccc(C=C2SC(=O)NC2=O)c1N1CCCC(N)C1,4.64
c1ccc(CCCNCCN(c2ccccc2)c2ccccc2)cc1,6.24
c1ccc(CCCNCCC(c2ccccc2)c2ccccc2)cc1,7.8
c1ccc(CCNCCC(c2ccccc2)c2ccccc2)cc1,5.55
O=C(CCc1ccccc1)NCCN(c1ccc(F)cc1)c1ccc(F)cc1,6.72
Fc1ccc(N(CCNCCCc2ccccc2)c2ccc(F)cc2)cc1,8.62
Fc1ccc(N(CCNCCc2ccccc2)c2ccc(F)cc2)cc1,7.4
O=C1COc2ccccc2N1CCCN1CCC(n2c(=O)[nH]c3cccnc32)CC1,4.89
O=C1CCc2c(F)cccc2N1CCCN1CCC(n2c(=O)[nH]c3ccccc32)CC1,5.28
O=C1CCc2ccccc2N1CCCN1CCC(n2c(=O)[nH]c3ccccc32)CC1,5.14
O=C1COc2ccccc2N1CCCN1CCC(n2c(=O)[nH]c3ccccc32)CC1,5.18
O=C1COc2ccccc2N1CCCN1CCC(n2c(=O)[nH]c3c(F)cccc32)CC1,5.47
O=C1CCc2cccnc2N1CCCN1CCC(n2c(=O)[nH]c3ccccc32)CC1,5.2
O=C1COc2ccccc2N1CCCN1CCC(n2c(=O)[nH]c3cccc(F)c32)CC1,5.2
O=C(Cc1ccccc1)NC1CCN(CCCN2C(=O)COc3ccccc32)CC1,4.7
O=C1CCc2ccc(F)cc2N1CCCN1CCC(n2c(=O)[nH]c3ccccc32)CC1,5.24
O=C1CCc2ccccc2N1OCCN1CCC(n2c(=O)[nH]c3ccccc32)CC1,5.03
O=C1COc2ccccc2N1CCCN1CCC(n2c(=O)[nH]c3ccc(F)cc32)CC1,5.36
O=C1CCc2cccc(F)c2N1CCCN1CCC(n2c(=O)[nH]c3ccccc32)CC1,5.1
O=C1CCc2ccccc2N1CCCN1CCC(c2ccc3[nH]ccc3c2)CC1,5.36
O=C1COc2ccccc2N1CCCN1CCC(n2c(=O)[nH]c3cnccc32)CC1,4.34
O=c1[nH]c2ccccc2n1C1CCN(CCOc2ccccc2)CC1,5.68
O=C1COc2ccccc2N1CCCN1CCC(n2c(=O)[nH]c3ncccc32)CC1,4.66
O=C1COc2ccccc2N1CCCN1CCC(n2c(=O)[nH]c3cc(F)ccc32)CC1,5.72
CC1(C)c2nc(-c3ccc(F)cc3)c(Nc3ccc(F)cc3)n2CCN1C(=O)CN,4.87
CC(C)(N)C(=O)N1CCn2c(nc(-c3ccc(F)cc3)c2Nc2ccc(F)cc2)C1(C)C,4.66
CC(C)C1c2nc(-c3ccc(F)cc3)c(Nc3ccc(F)c(Cl)c3)n2CCN1C(=O)CN,4.87
CCOCC1(COCC)NC(c2nc(-c3ccccc3)c[nH]2)Cc2c1[nH]c1ccccc21,6.75
CC(=O)N1CCC(C2NC(c3nc(-c4ccccc4)c[nH]3)Cc3c2[nH]c2ccccc32)CC1,5.01
c1ccc(-c2c[nH]c(C3Cc4c([nH]c5ccccc45)C(C4CCOC4)N3)n2)cc1,7.6
O=S1(=O)CCC(C2NC(c3nc(-c4ccccc4)c[nH]3)Cc3c2[nH]c2ccccc32)CC1,7.0
c1ccc(-c2c[nH]c(C3Cc4c([nH]c5ccccc45)C(C4CCOCC4)N3)n2)cc1,6.42
c1ccc(-c2c[nH]c(C3Cc4c([nH]c5ccccc45)C(C4CCCCC4)N3)n2)cc1,7.11
c1ccc(-c2c[nH]c(C3Cc4c([nH]c5ccccc45)C(C4CCSCC4)N3)n2)cc1,6.92
CS(=O)(=O)N1CCC(C2NC(c3nc(-c4ccccc4)c[nH]3)Cc3c2[nH]c2ccccc32)CC1,5.46
[O-][S+]1CCC(C2NC(c3nc(-c4ccccc4)c[nH]3)Cc3c2[nH]c2ccccc32)CC1,7.0
c1ccc(-c2c[nH]c(C3Cc4c([nH]c5ccccc45)C(C4CCNCC4)N3)n2)cc1,5.29
CCCCC1(CCCC)NC(c2nc(-c3ccccc3)c[nH]2)Cc2c1[nH]c1ccccc21,6.82
Cc1cccc(-c2noc(C3CC(=O)N(c4ccc(F)cc4)C3)n2)c1,5.22
O=C1CC(c2nc(-c3cccc(Cl)c3)no2)CN1c1ccc(F)cc1,5.52
O=C(NC1COc2cccc(-c3ccc(CO)nc3)c2C1)c1ccc(OCC(F)(F)F)nc1,5.0
CN1CCN(c2cccc3c2CC(NC(=O)c2ccc(OCCC(F)(F)F)nc2)CO3)CC1,4.9
COc1cnc(-c2cccc3c2CC(NC(=O)c2ccc(COCC(F)(F)F)nc2)CO3)cn1,4.9
Cc1ccc(-n2nc(C)c(C(=O)NC3COc4cccc(N5CCN(C)CC5)c4C3)n2)c(C)c1,5.0
O=C(NC1COc2cccc(-c3ccncc3)c2C1)c1ccc(OCC(F)(F)F)nc1,5.2
COc1ncc(-c2cccc3c2CC(NC(=O)c2ccc(OCC(F)(F)F)nc2)CO3)cn1,5.1
COc1ncc(-c2cccc3c2CC(NC(=O)c2ccc(OCCC(F)(F)F)nc2)CO3)cn1,4.9
CN1CCN(c2cccc3c2CC(NC(=O)c2ccc(OCC(F)(F)F)nc2)CO3)CC1,5.1
O=C(NC1COc2cccc(-c3ccc(CO)nc3)c2C1)c1ccc(OCCOCC(F)(F)F)nc1,4.8
O=C(NC1COc2cccc(-c3ccnc(CO)c3)c2C1)c1ccc(OCC(F)(F)F)nc1,4.8
COc1ncc(-c2cccc3c2CC(NC(=O)c2ccc(COCC(F)(F)F)nc2)CO3)cn1,4.8
CN1CCN(c2cccc3c2CC(NC(=O)c2ccc(OC(F)(F)F)cc2)CO3)CC1,5.1
COc1ncc(-c2cccc3c2CC(NC(=O)c2ccc(OCC(F)(F)F)nc2)CO3)cc1F,4.6
Cc1nn(-c2ccccc2)nc1C(=O)NC1COc2cccc(N3CCN(C)CC3)c2C1,5.1
O=C(NC1COc2cccc(-c3cccnc3)c2C1)c1ccc(OCC(F)(F)F)nc1,4.6
CCCCOc1ccc(C(=O)NC2COc3cccc(N4CCN(C)CC4)c3C2)cc1,5.2
Cc1nn(-c2ccccc2)nc1C(=O)NC1COc2cccc(-c3ccncc3)c2C1,5.4
O=C(NC1COc2cccc(-c3ccncc3)c2C1)c1ccc(OC(F)(F)F)cc1,5.6
c1ccc(-c2nnc(CN3CCN(Cc4nc5ccccc5s4)CC3)o2)cc1,4.52
c1cncc(-c2ccc(-c3noc(C4CN5CCC4CC5)n3)o2)c1,5.19
CC(Oc1nnc(-c2ccncc2)n1C)c1noc(-c2cccc(Cl)c2)n1,4.94
c1ccc(CN2CCN(Cc3nnc(-c4ccccc4)o3)CC2)cc1,4.56
c1ccc(-c2noc(CN3CCN(Cc4nc5ccccc5s4)CC3)n2)cc1,4.89
CN(Cc1nc2ccccc2c(=O)[nH]1)Cc1nc(-c2ccccc2)no1,4.58
c1cncc(-c2ccc(-c3nnc(C4CN5CCC4CC5)o3)o2)c1,4.7
CCOC(=O)N1CCN(Cc2noc(-c3cc(Cl)ccc3F)n2)CC1,4.51
CC(Oc1nnc(-c2ccncc2)n1C)c1nnc(-c2cccc(Cl)c2)o1,4.67
N#CC1(NC(=O)C2CCCCC2C(=O)N2CCN(c3ccc(F)cc3)CC2)CC1,4.5
N#CC1(NC(=O)C2CCCCC2C(=O)N2CCN(c3nc(C(F)(F)F)cs3)CC2)CC1,4.6
N#CC1(NC(=O)C2CCCCC2C(=O)N2CCN(c3nc(-c4ccccc4)cs3)CC2)CC1,4.6
Cc1sc(N2CCN(C(=O)C3CCCCC3C(=O)NC3(C#N)CC3)CC2)nc1C(F)(F)F,4.8
N#CC1(NC(=O)C2CCCCC2C(=O)N2CCN(c3nc4ccccc4s3)CC2)CC1,5.1
C=CCc1ccccc1OC(C)C1=NCCN1,4.77
CC(Oc1ccccc1CC1CC1)C1=NCCN1,5.05
CCN1CCC(Nc2ccc3c(c2)C(=C(c2ccc(Cl)cc2)c2ncc[nH]2)C(=O)N3)CC1,5.47
c1cc2nonc2cc1CCN1CCN(CCc2ccc3nonc3c2)CC1,7.17
CS(=O)(=O)c1cc(CCN2CCN(CCc3ccc4c(c3)COC4=O)CC2)ccc1C#N,5.33
O=C1OCc2cc(CCN3CCN(CCc4ccc5nonc5c4)CC3)ccc21,6.55
O=C1OCc2cc(CCN3CCN(CCc4ccc5c(c4)COC5=O)CC3)ccc21,5.72
CSc1cc(CCN2CCN(CCc3ccc4c(c3)COC4=O)CC2)ccc1C#N,6.34
O=[N+]([O-])c1ccc(CCN2CCN(CCc3ccc(F)cc3)CC2)cc1,7.64
N#Cc1ccc(CCN2CCN(CCc3ccc4c(c3)COC4=O)CC2)cc1Br,6.25
N#Cc1ccc(CCN2CCN(CCc3ccc4c(c3)COC4=O)CC2)cc1,6.37
COc1ccc(CCN2CCN(CCc3ccc([N+](=O)[O-])cc3)CC2)cc1,8.15
N#Cc1ccc(CCN2CCN(CCc3ccc([N+](=O)[O-])cc3)CC2)cc1,8.05
N#Cc1ccc(CCN2CCN(CCc3ccc4c(c3)COC4=O)CC2)cc1OC1CC1,6.33
O=[N+]([O-])c1ccc(CCN2CCNCC2)cc1,6.72
O=[N+]([O-])c1ccc(CCN2CCN(CCc3ccc([N+](=O)[O-])cc3)CC2)cc1,8.3
CCOc1cc(CCN2CCN(CCc3ccc4c(c3)COC4=O)CC2)ccc1C#N,6.17
N#Cc1ccc(CCN2CCN(CCc3ccc4c(c3)COC4=O)CC2)cc1OC(F)(F)F,6.96
CC1CN(CCc2ccc([N+](=O)[O-])cc2)CCN1CCc1ccc([N+](=O)[O-])cc1,9.12
O=[N+]([O-])c1ccc(CCN2CCN(CCc3ccc4nonc4c3)CC2)cc1,7.6
N#Cc1ccc(CCN2CCN(CCc3ccc4c(c3)COC4=O)CC2)cc1F,6.77
N#Cc1cccc(CCN2CCN(CCc3ccc([N+](=O)[O-])cc3)CC2)c1,7.66
N#Cc1ccc(CCN2CCN(CCc3ccc4nonc4c3)CC2)cc1,7.38
CC(Cc1ccc([N+](=O)[O-])cc1)N1CCN(CCc2ccc([N+](=O)[O-])cc2)CC1,8.41
COc1cc(CCN2CCN(CCc3ccc4c(c3)COC4=O)CC2)ccc1C#N,5.8
N#Cc1ccc(CCN2CCN(CCc3ccc(C#N)cc3)CC2)cc1,7.92
CS(=O)(=O)c1ccc(CCN2CCN(CCc3ccc([N+](=O)[O-])cc3)CC2)cc1,6.82
O=C1OCc2c1cccc2-c1ccc(CCN2CCN(CCc3ccc([N+](=O)[O-])cc3)CC2)cc1,6.82
O=[N+]([O-])c1ccc(CCN2CCN(CCc3ccc(-c4ncco4)cc3)CC2)cc1,7.33
CNc1cc(CCN2CCN(CCc3ccc4c(c3)COC4=O)CC2)ccc1C#N,6.17
N#Cc1ccc(CCN2CCN(CCc3ccc4c(c3)COC4=O)CC2)cc1Cl,6.92
CCOC(=O)c1ccc(CCN2CCN(CCc3ccc([N+](=O)[O-])cc3)CC2)cc1,7.72
Cn1c(=O)c2c(nc(N3CCCC(N)C3)n2Cc2ccccc2Cl)c2ccc(C#N)cc21,5.92
COCc1ccc2c3nc(N4CCCC(N)C4)n(Cc4ccccc4Cl)c3c(=O)n(C)c2c1,5.74
COc1ncc(-c2cccc(OC(F)F)c2CCNC(=O)c2ccc(OCCC(F)(F)F)nc2)cn1,5.4
COc1cnc(-c2ccccc2CCNC(=O)c2ccc(OCCC(F)(F)F)nc2)cn1,4.7
COc1ncc(-c2cccc(Cl)c2CCNC(=O)c2ccc(OCCC(F)(F)F)nc2)cn1,5.4
Cc1ncc(-c2ccccc2CCNC(=O)c2ccc(OCCC(F)(F)F)nc2)cn1,4.9
COc1ncc(-c2ccccc2CCNC(=O)c2ccc(OCCC(F)(F)F)nc2)cn1,5.0
COc1cnc(-c2ccccc2C(F)(F)CNC(=O)c2ccc(COCC(F)(F)F)nc2)cn1,4.6
Cc1ncc(-c2ccccc2CCNC(=O)c2ccc(C(=O)NCCCC(F)(F)F)nc2)cn1,4.7
COc1cnc(-c2c(C)ccc(F)c2CCNC(=O)c2ccc(COCC(F)(F)F)nc2)cn1,4.7
COc1ncc(-c2cccc(F)c2CCNC(=O)c2ccc(OCCC(F)(F)F)nc2)cn1,5.1
O=C(NCCc1ccccc1-c1cnc(OC(F)F)cn1)c1ccc(OCCC(F)(F)F)nc1,5.2
O=C(NCCc1ccccc1-c1cccnc1)c1ccc(OCCC(F)(F)F)nc1,5.2
COc1cnc(-c2cccc(F)c2C(F)(F)CNC(=O)c2ccc(COCC(F)(F)F)nc2)cn1,4.7
COc1ncc(-c2cccc(C)c2CCNC(=O)c2ccc(OCCC(F)(F)F)nc2)cn1,5.2
COc1ccc(CCNC(=O)c2ccc(OCCC(F)(F)F)nc2)c(-c2cnc(OC)nc2)c1,5.2
COc1ncc(-c2ccccc2C(F)(F)CNC(=O)c2ccc(COCC(F)(F)F)nc2)cn1,4.7
Cc1ncc(-c2ccccc2CCNC(=O)c2ccc(OCCOCC(F)(F)F)nc2)cn1,4.5
O=c1[nH]c2ccccc2n1C1CCN(CCCOc2ccc(F)cc2)CC1,7.1
Cc1cc2c(cc1F)[nH]c(=O)n2C1CCN(C2CCOCC2)CC1,4.9
Cc1ccc2[nH]c(=O)n(C3CCN(C4CCOCC4)CC3)c2c1,4.6
CN1CCCC1Cn1nc(Cc2ccc(Cl)cc2)c2ccncc2c1=O,5.9
COCCN1CCCC1Cn1nc(Cc2ccc(Cl)cc2)c2ccccc2c1=O,6.6
CCCCN1CCCC1Cn1nc(Cc2ccc(Cl)cc2)c2cccnc2c1=O,7.1
CN1CCCC1Cn1nc(Cc2ccc(Cl)cc2)c2nccnc2c1=O,5.9
CCCCN1CCCC1Cn1nc(Cc2ccc(Cl)cc2)c2ncccc2c1=O,8.4
CN1CCCC1Cn1nc(Cc2ccc(Cl)cc2)c2ccccc2c1=O,6.7
CCCCN1CCCC1Cn1nc(Cc2ccc(Cl)cc2)c2cnccc2c1=O,7.3
CN1CCCC1Cn1nc(Cc2ccc(Cl)cc2)c2ncccc2c1=O,6.8
COCCN1CCCC1Cn1nc(Cc2ccc(Cl)cc2)c2ncccc2c1=O,7.2
O=c1c2ccncc2c(Cc2ccc(Cl)cc2)nn1CC1CCCN1CCCCc1ccc(OCCCN2CCCCCC2)cc1,6.8
COCCN1CCCC1Cn1nc(Cc2ccc(Cl)cc2)c2cccnc2c1=O,5.3
COCCN1CCCC1Cn1nc(Cc2ccc(Cl)cc2)c2cnccc2c1=O,5.9
CN1CCCC1Cn1nc(Cc2ccc(Cl)cc2)c2cnccc2c1=O,5.6
CCCCN1CCCC1Cn1nc(Cc2ccc(Cl)cc2)c2ccccc2c1=O,7.8
CN1CCCC1Cn1nc(Cc2ccc(Cl)cc2)c2cccnc2c1=O,5.6
Cc1cc(C#N)ccc1-c1ccnc(NCc2n[nH]c3nc(F)ccc23)c1,5.57
Cc1cc(C#N)ccc1-c1ccnc(NCc2cc(-c3ccccn3)[nH]n2)c1,5.96
Cc1cc(C#N)ccc1-c1ccnc(NCc2n[nH]c(-c3ccccc3)c2Cl)c1,4.52
c1ccc(C(C(c2ccccc2)N2CCCCC2)N2CCCCC2)cc1,4.6
c1ccc(C(C(c2ccccc2)N2CCCC2)N2CCCC2)cc1,4.5
CC(C)Oc1cc(Nc2nc(NC(C)c3ccc(F)cn3)ncc2Cl)n[nH]1,5.28
CC(C)Oc1cc(-n2cnc3ccc(NC(CO)c4ccc(F)cn4)nc32)n[nH]1,4.28
CCOc1cc(Nc2nc3c(cc2F)ncn3C(CO)c2ccc(F)cn2)n[nH]1,4.5
CNC(=O)c1nc(-c2ccc(Cl)c(S(=O)(=O)Nc3cccc(F)c3F)c2)cnc1N,4.76
c1cc(-c2cnc3c(c2)CC2(CN4CCC2CC4)O3)co1,5.8
O=C(O)COc1ccc(N2CCC(CN3CCC(Oc4ccc(Cl)c(Cl)c4)CC3)CC2)cc1,5.0
O=C(O)Cc1cccc(N2CCC(CN3CCC(Oc4ccc(Cl)c(Cl)c4)CC3)CC2)c1,4.5
O=C(O)C(c1ccccc1)N1CCC(CN2CCC(Oc3ccc(Cl)c(Cl)c3)CC2)CC1,4.8
Cc1c(OC2CCN(CC3CCN(C(Cc4ccc(F)cc4)C(=O)O)CC3)CC2)ccc(C#N)c1Cl,4.8
O=C(O)c1cccc(CN2CCC(CN3CCC(Oc4ccc(Cl)c(Cl)c4)CC3)CC2)c1,4.7
O=C(O)COc1ccccc1N1CCC(CN2CCC(Oc3ccc(Cl)c(Cl)c3)CC2)CC1,4.5
Cc1cccc(CC(C(=O)O)N2CCC(CN3CCC(Oc4ccc(Cl)c(Cl)c4)CC3)CC2)c1,5.2
O=C(O)C(Cc1ccc(Cl)cc1)N1CCC(CN2CCC(Oc3ccc(Cl)c(Cl)c3)CC2)CC1,5.4
O=C(O)c1cccnc1N1CCC(CN2CCC(Oc3ccc(Cl)c(Cl)c3)CC2)CC1,4.5
O=C(O)Cc1ccc(N2CCC(CN3CCC(Oc4ccc(Cl)c(Cl)c4)CC3)CC2)cc1,4.5
O=C(O)c1ccc(N2CCC(CN3CCC(Oc4ccc(Cl)c(Cl)c4)CC3)CC2)cc1,4.5
O=C(O)C(Cc1ccccc1)N1CCC(CN2CCC(Oc3ccc(Cl)c(Cl)c3)CC2)CC1,5.2
COc1ccccc1CC(C(=O)O)N1CCC(CN2CCC(Oc3ccc(Cl)c(Cl)c3)CC2)CC1,5.0
O=C(O)c1ccccc1N1CCC(CN2CCC(Oc3ccc(Cl)c(Cl)c3)CC2)CC1,5.8
Cc1cc(Cl)ccc1OC1CCN(CC2CCN(C(C)(Cc3ccc(F)cc3)C(=O)O)CC2)CC1,4.5
N#Cc1ccc(CC(C(=O)O)N2CCC(CN3CCC(Oc4ccc(Cl)c(Cl)c4)CC3)CC2)cc1,5.3
O=C(O)Cc1ccccc1N1CCC(CN2CCC(Oc3ccc(Cl)c(Cl)c3)CC2)CC1,4.9
O=C(O)c1ccc(CN2CCC(CN3CCC(Oc4ccc(Cl)c(Cl)c4)CC3)CC2)cc1,4.5
O=C(O)COc1cccc(N2CCC(CN3CCC(Oc4ccc(Cl)c(Cl)c4)CC3)CC2)c1,5.0
Cc1ccc(S(=O)(=O)NC(=O)N2CCC(N3CCC(Oc4ccc(Cl)c(Cl)c4)CC3)CC2)cc1,4.6
COc1ccc(CC(C(=O)O)N2CCC(CN3CCC(Oc4ccc(Cl)c(Cl)c4)CC3)CC2)cc1,5.0
O=C(O)C(c1ccccc1)N1CCCC(CN2CCC(Oc3ccc(Cl)c(Cl)c3)CC2)C1,4.6
Cc1ccc(CC(C(=O)O)N2CCC(CN3CCC(Oc4ccc(Cl)c(Cl)c4)CC3)CC2)cc1,5.2
O=C(O)c1cccc(N2CCC(CN3CCC(Oc4ccc(Cl)c(Cl)c4)CC3)CC2)c1,4.5
N#Cc1ccccc1CC(C(=O)O)N1CCC(CN2CCC(Oc3ccc(Cl)c(Cl)c3)CC2)CC1,4.6
O=C(O)c1ccccc1CN1CCC(CN2CCC(Oc3ccc(Cl)c(Cl)c3)CC2)CC1,4.9
COc1ccc2cc(-c3cc(-c4cc(Cl)ccc4Cl)nn3C(C)c3ccc(C(=O)NCCC(=O)O)cc3)ccc2c1,5.01
N#Cc1c[nH]c(C(=O)Nc2ccc(C3CCN(Cc4ccccn4)CC3)cc2C2=CCCCC2)n1,5.11
CCN(CC)CCSc1nc(-c2cc(OC)c(Cl)cc2Cl)c2c(C#N)c[nH]c2n1,5.85
CCN(CC)CCOc1cc(-c2nc(SCC(=O)NC)nc3[nH]cc(C#N)c23)c(Cl)cc1Cl,5.5
CCN(CC)CCOc1cc(-c2nc(SC)nc3[nH]cc(C#N)c23)c(Cl)cc1Cl,5.77
COc1ccc2ncc(=O)n(CCN3CCC(NCc4cc5c(cn4)OCCO5)C(F)C3)c2c1,4.12
COc1ccc2ncc(=O)n(CCN3CCC(NCc4ccc5c(n4)NC(=O)CO5)C(F)C3)c2c1,4.72
COc1ccc2ncc(=O)n(CCN3CCC(NCc4cc5c(cn4)OCCO5)C(O)C3)c2c1,4.82
COc1ccc2ncc(=O)n(CCN3CCC(NCc4ccc5c(n4)NC(=O)CO5)CC3)c2c1,4.46
N#Cc1ccc2ccc(=O)n(CCN3CCC(NCc4cc5c(cn4)OCCO5)CC3)c2c1,4.36
COc1ccc2ncc(=O)n(CCN3CCC(NCc4cc5c(cn4)OCCO5)C(OC)C3)c2c1,4.12
COc1ccc2ncc(=O)n(CCN3CCC(NCc4ccc5c(n4)NC(=O)CO5)C(OC)C3)c2c1,4.57
CS(=O)(=O)c1ccc(C(CC2CCCC2)C(=O)Nc2nccs2)cc1F,4.64
CS(=O)(=O)c1ccc(C(CC2CCCC2)C(=O)Nc2cnccn2)cc1Cl,5.14
CONC(=O)N(Cc1ccsc1)C1CCN(C(C)CCNC(=O)c2c(C)cc(Cl)nc2C)CC1,5.26
COCC(=O)N(Cc1ccsc1)C1CCN(C(C)CCNC(=O)c2c(C)cc(Cl)nc2C)CC1,5.08
CNC(=O)N(Cc1ccsc1)C1CCN(C(C)CCNC(=O)c2c(C)cc(Cl)nc2C)CC1,5.8
Cc1cc(Cl)nc(C)c1C(=O)NCCC(C)N1CCC(N(Cc2ccsc2)C(=O)CC#N)CC1,4.8
CONC(=O)N(Cc1ccsc1)C1CCN(C(C)CCNC(=O)c2c(C)cc(C(=O)NC(C)C)nc2C)CC1,4.48
CONC(=O)N(Cc1ccsc1)C1CCN(C(C)CCNC(=O)c2c(C)cc(Cl)nc2Cl)CC1,6.52
Cc1cccc(CCN2C(=O)c3ccccc3C2C(=O)NCc2ccc(OC(F)(F)F)cc2)n1,5.18
O=C(NCc1ccc(OC(F)(F)F)cc1)C1c2ccccc2C(=O)N1CCC1CCOCC1,4.66
O=C(NCc1ccc(C(F)(F)F)cc1)C1c2ccccc2C(=O)N1CCc1ccccn1,5.07
O=C(NCc1ccc(OC(F)(F)F)cc1)C1c2ccccc2C(=O)N1CCc1ncccn1,4.8
COc1cccc2c1C(C(=O)NCc1ccc(OC(F)(F)F)cc1)N(CCc1ccccn1)C2=O,5.44
O=C(NCc1ccc(OC(F)(F)F)cc1)C1c2ccccc2C(=O)N1CCc1ccc(F)cn1,5.28
O=C(NCc1ccc(OC(F)(F)F)cc1)C1c2ccccc2C(=O)N1CCc1cnccn1,5.04
O=C(NCc1ccc(OC(F)(F)F)cc1)C1c2ccccc2C(=O)N1C1CCC(F)(F)CC1,4.85
CC(C)(C)OC(=O)N1CC(N2C(=O)c3ccccc3C2C(=O)NCc2ccc(OC(F)(F)F)cc2)C1,4.96
O=C(NCc1ccc(OC(F)(F)F)cc1)C1c2ccccc2C(=O)N1CCc1ccncc1,5.29
CC(C)(C)OC(=O)N1CCC(N2C(=O)c3ccccc3C2C(=O)NCc2ccc(OC(F)(F)F)cc2)CC1,4.85
CC(Cc1ccccn1)N1C(=O)c2ccccc2C1C(=O)NCc1ccc(OC(F)(F)F)cc1,5.07
CC1(C(=O)NCc2ccc(OC(F)(F)F)cc2)c2ccccc2C(=O)N1CCc1ccccn1,4.96
O=C(NCc1ccc(OC(F)(F)F)cc1)C1c2ccccc2C(=O)N1CC1CCCO1,4.77
O=C(NCc1ccc(CC(F)(F)F)cc1)C1c2ccccc2C(=O)N1CCc1ccccn1,4.85
O=C(NCc1cccc(OC(F)(F)F)c1)C1c2ccccc2C(=O)N1CCc1ccccn1,4.68
O=C(NCc1ccc(Br)cc1)C1c2ccccc2C(=O)N1CCc1ccccn1,5.03
O=C(NCc1ccc(OCCC(F)(F)F)nc1)C1c2ccccc2C(=O)N1CCc1ccccn1,4.7
O=C(NCc1ccc(OC(F)(F)F)cc1)C1c2ccccc2C(=O)N1CCc1cccnc1,5.26
O=C(NCc1ccc(OC(F)(F)F)cc1)C1c2ccccc2C(=O)N1CCOc1ccccn1,5.31
Cc1cccc2c1C(C(=O)NCc1ccc(OC(F)(F)F)cc1)N(CCc1ccccn1)C2=O,5.25
O=C(NCc1ccc(OC(F)(F)F)cc1)C1c2c(F)cccc2C(=O)N1CCc1ccccn1,5.25
O=C(NCc1ccc(OC(F)(F)F)cc1)C1c2ccccc2C(=O)N1CC(F)(F)c1ccccn1,5.01
O=C(NCc1cccc(OC(F)(F)F)c1)C1c2ccccc2C(=O)N1CCc1ncc(F)cn1,4.62
CC(C)(Cc1ccccn1)N1C(=O)c2ccccc2C1C(=O)NCc1ccc(OC(F)(F)F)cc1,5.37
O=C(NCc1ccc(OCC(F)(F)F)cc1)C1c2ccccc2C(=O)N1CCc1ccccn1,5.05
N#CCCN1C(=O)c2ccccc2C1C(=O)NCc1ccc(OC(F)(F)F)cc1,4.58
O=C(NCc1ccc(OC(F)(F)F)cc1)C1c2cccc(F)c2C(=O)N1CCc1ccccn1,5.09
O=C(NCc1ccc(OC(F)(F)F)cc1)C1c2ccccc2C(=O)N1CCc1ccccn1,5.34
O=C(NCc1ccc(OC(F)(F)F)cc1)C1c2ccccc2C(=O)N1C1CC(F)(F)C1,4.64
CC(NC(=O)C1c2ccccc2C(=O)N1CCc1ccccn1)c1ccc(OCC(F)(F)F)cc1,5.14
O=C(NCc1ccc(OC(F)(F)F)cc1)C1c2ccccc2C(=O)N1Cc1ccc(C(F)(F)F)cn1,5.48
O=C(NCc1ccc(OCC(F)(F)F)nc1)C1c2ccccc2C(=O)N1CCc1ccccn1,4.8
N#Cc1ccc(-c2noc(-c3cc(F)cc(C#N)c3)n2)nc1,5.2
CCN(CCO)C(=O)c1cc2cccnn2c1-c1cccc(C(F)(F)F)c1,4.63
N#Cc1cccc(-c2c(C(=O)N3CCCCC3CO)cc3ccccn23)c1,4.61
N#Cc1ccc(C(=O)N2CCC(c3ccc(C(=O)NC(=N)N)cc3C(F)(F)F)CC2)cc1,5.4
CC(C)(C)C(=O)N1CCC(c2ccc(C(=O)NC(=N)N)cc2C(F)(F)F)CC1,4.57
CC(=O)N1CCC(c2cc(C)c(C(=O)NC(=N)N)cc2C(F)(F)F)CC1,5.16
CCOC(=O)N1CCN(CCOc2cc(C)n(-c3ccc(Cl)c(Cl)c3)n2)CC1,5.39
CC(=O)C1CCN(CCOc2ccn(-c3ccc(Cl)c(Cl)c3)n2)CC1,5.35
Cc1cc(OCCN2CCN(C)CC2)nn1-c1ccc(Cl)c(Cl)c1,5.13
Cc1cc(OCCN2CCOCC2)nn1-c1ccc(Cl)c(Cl)c1,5.46
Cc1cc(OCCN2CC(C)OC(C)C2)nn1-c1ccc2ccccc2c1,5.13
Cc1c(Cl)ccc(OC2CCN(C3CCN(S(=O)(=O)NC(=O)c4ccccc4)CC3)CC2)c1Cl,5.4
O=C(NS(=O)(=O)c1ccc(Cl)cc1)N1CCC(N2CCC(Oc3ccc(Cl)c(Cl)c3)CC2)CC1,4.9
CCCOC(c1ccc(Cl)c(Cl)c1)C1CNC1,5.66
CCCOC(c1ccc2ccccc2c1)C1CNC1,6.01
c1ccc(OC(c2ccc3ccccc3c2)C2CNC2)cc1,6.08
CNc1nn2c3c(cnc2c1S(=O)(=O)c1ccccc1)CN(C)CC3,4.27
CNc1nn2cc3c(nc2c1S(=O)(=O)c1ccccc1)CCN(C)C3,6.3
O=C(NC1C2CCN(CC2)C1Cc1cccnc1)c1cc2ccccc2o1,4.27
CCn1cc(C2(c3cccc(NC(=O)c4ccc(Cl)cn4)c3)N=C(N)c3c(F)cccc32)cc(C)c1=O,5.89
NC1=NC(c2ccnc(C(F)(F)F)c2)(c2ccc(F)c(-c3cncnc3)c2)c2cccc(F)c21,5.1
NC1=NC(c2ccncc2)(c2cccc(-c3cncc(F)c3)c2)c2cccc(F)c21,5.8
Cc1cc(C2(c3cccc(-c4cncnc4)c3)N=C(N)c3c(F)cccc32)cc(C)n1,5.19
NC1=NC(c2ccncc2)(c2cccc(-c3cncnc3)c2)c2ccccc21,4.8
COc1c(C)cc(C2(c3cccc(-c4cncnc4)c3)N=C(N)c3c(F)cccc32)nc1C,5.42
N#Cc1cncc(-c2cccc(C3(c4ccnc(C(F)(F)F)c4)N=C(N)c4c(F)cccc43)c2)c1,5.77
CC#Cc1cncc(-c2cccc(C3(c4cc(C)c(=O)n(CC)c4)N=C(N)c4c(F)cccc43)c2)c1,5.55
NC1=NC(c2cccc(-c3cncnc3)c2)(c2ccnc(C(F)F)c2)c2cccc(F)c21,5.32
CC#Cc1cncc(-c2cccc(C3(c4ccnc(C(F)F)c4)N=C(N)c4c(F)cccc43)c2)c1,5.54
NC1=NC(c2ccncc2)(c2cccc(-c3cncnc3)c2)c2cccc(F)c21,5.51
COc1c(C)cc(C2(c3cccc(-c4cncnc4)c3)N=C(N)c3c(F)cccc32)cc1C#N,5.68
CCn1cc(C2(c3cccc(-c4cncnc4)c3)N=C(N)c3c(F)cccc32)cc(C)c1=O,4.82
NC1=NC(c2cccc(-c3cncnc3)c2)(c2ccnc(C3CC3)c2)c2cccc(F)c21,5.46
CCn1cc(C2(c3cccc(C#CC4CC4)c3)N=C(N)c3c(F)cccc32)cc(C)c1=O,5.07
NC1=NC(c2cccc(-c3cncnc3)c2)(c2ccnc(C(F)(F)F)c2)c2ccccc21,5.26
NC1=NC(c2cccc(-c3cncnc3)c2)(c2ccnc(C(F)(F)F)c2)c2cccc(F)c21,4.96
CCn1cc(C2(c3cccc(-c4cncc(F)c4)c3)N=C(N)c3c(F)cccc32)cc(C)c1=O,5.57
NC1=NC(c2cccc(-c3cncnc3)c2)(c2ccnc(C(F)F)c2)c2cc(F)cc(F)c21,4.72
C=CC(=O)N1CCCC(n2nc(-c3cccc(C(=O)Nc4ccc(C(C)C)cc4)c3)c3c(N)ncnc32)C1,5.96
C=CC(=O)N1CCCC(n2nc(-c3cccc(C(=O)NCc4ccc(C(C)(C)C)cc4)c3)c3c(N)ncnc32)C1,5.75
CC(C)n1nc(C(=O)NCC2CCN(CCc3ccc(N)cc3)CC2)c2ccccc21,4.65
Cn1cc2c(OCC3CCN(CCc4ccc(C(=O)O)cc4)CC3)nc3ccccc3c2c1,5.0
CC(C)n1nc(C(=O)NCC2CCN(CCN3CCOCC3)CC2)c2ccccc21,4.49
Cn1cc2c(OCC3CCN(CCN4CCOCC4)CC3)nc3ccccc3c2c1,5.91
Cn1cc2c(OCC3CCN(CCc4ccc(CO)cc4)CC3)nc3ccccc3c2c1,8.0
COCc1ccc(CCN2CCC(COc3nc4ccccc4c4cn(C)cc34)CC2)cc1,7.7
CC(C)n1nc(C(=O)NCC2CCN(CCNS(C)(=O)=O)CC2)c2ccccc21,5.58
CC(c1nc2c(cnn2C2CCCC2)c(=O)[nH]1)N1CC(c2ncccn2)C1,4.27
CC(C)C(NC(=O)c1ccccc1)C(=O)N1CCC(c2ccc(Cl)cc2)CC1,5.16
CC1=NC(c2cccc(-c3cccnc3)c2)(C2CCCCC2)N=C1N,4.54
CC1=NC(c2cccc(-c3cncc(Cl)c3)c2)(C2CC2)N=C1N,4.91
COc1ccc(C2(c3cccc(-c4cncnc4)c3)N=C(N)C(C(C)C)=N2)cc1,4.57
COc1cccc(-c2cccc(C3(C4CCOCC4)N=C(C)C(N)=N3)c2)c1,4.68
COc1cccc(-c2cccc(C3(C)N=C(C)C(N)=N3)c2)c1,4.78
COc1ccc(C2(c3cccc(-c4cccnc4)c3)N=C(C)C(N)=N2)cc1,4.72
CC#Cc1cncc(-c2cc(C3(C4CC4)N=C(C)C(N)=N3)ccc2O)c1,4.61
CC#Cc1cncc(-c2cccc(C3(c4cc(C)c(OC)c(C)c4)N=C(C)C(N)=N3)c2)c1,4.76
CCCN1CNc2cc(Nc3ccnc4cc(Cl)ccc34)ccc2C1,7.66
COc1nc(Nc2cccc3c2nc(-c2ccc(F)cc2)n3C)ccc1-n1cnc(C)c1,5.07
Cc1cn(-c2ccc(Nc3cccc4c3nc(-c3ccc(F)cc3)n4C)nc2)cn1,5.28
COc1cc(Nc2cccc3c2nc(-c2ccc(F)cc2)n3C)cnc1-n1cnc(C)c1,5.75
COc1cc(Nc2cccc3c2nc(-c2ccc(F)cc2)n3C)ccc1-n1cnc(C)c1,5.7
COC(C)C(=O)NC(Cc1ccc2c(c1)OCO2)C(O)CNC1CC2(CCC2)Oc2ncc(CC(C)(C)C)cc21,4.62
O=C(CCCN1CCCCC1)Nc1cc(-c2cccc(F)c2)n[nH]1,5.89
COc1ccc(-c2cc(NC(=O)CCCN3CCCCC3)[nH]n2)cc1,5.34
O=C(CCCN1CCCCC1)Nc1cc(-c2cncc(F)c2)n[nH]1,4.8
CN1CC(C(=O)Nc2ccc(Cl)cc2)C(c2ccc(C=CC(=O)Nc3ccccc3N)cc2F)C1,5.16
CN1CC(C(=O)Nc2ccc(Cl)cc2)C(c2ccc(C=CC(=O)Nc3ccccc3N)cc2)C1,5.3
Nc1ccccc1NC(=O)C=Cc1ccc(C2CN(CCO)CC2C(=O)Nc2ccc(Cl)cc2)cc1,4.82
Nc1ncc(-c2ccc(C(=O)N3CCNCC3)cc2)cc1-c1ccc(C(F)(F)F)nc1,4.71
COc1ccc(-c2cc(-c3ccc(C(=O)N4CCN(C)CC4)cc3)cnc2N)cn1,4.69
Nc1ncc(-c2ccc(C(=O)N3CCNCC3)cc2)cc1-c1ccc(C(F)(F)F)cc1,5.26
COc1ccc(-c2cc(-c3ccc(S(=O)(=O)N4CCN(C)CC4)cc3)cnc2N)cn1,4.98
COc1ccc(-c2cc(-c3ccc(S(=O)(=O)N(C)C)cc3)cnc2N)cn1,5.01
Nc1ncc(-c2ccc(C(=O)N3CCOCC3)cc2)cc1-c1ccc(C(F)(F)F)nc1,4.7
Nc1ncc(-c2ccc(C(=O)N3CCOCC3)cc2)cc1-c1ccc(C(F)(F)F)cc1,5.52
COc1ccc(-c2cc(-c3ccc(S(=O)(=O)NC4CC4)cc3)cnc2N)cn1,5.68
CN1CCN(C(=O)c2ccc(-c3cnc(N)c(-c4ccc(C(F)(F)F)cc4)c3)cc2)CC1,4.79
CN(C)CCCCc1ccc(C2(C)COC2)cc1,4.46
CN(C)CCCCc1ccc(C(C)(C)C)cc1,5.12
NC(=O)C1CCN(Cc2ccc(Oc3nc4ncccc4s3)cc2)CC1,5.05
CC(=O)NC1CC2CCC(C1)N2CCc1ccc(Oc2nc3ncccc3s2)cc1,5.08
O=C(CO)NC1CCN(Cc2ccc(Oc3nc4ccccc4s3)cc2)CC1,5.0
Cc1ccnc2nc(Oc3ccc(CN4CCCCC4)cc3)sc12,5.09
NC(=O)C1CCN(Cc2ccc(Oc3nc4ccccc4s3)cc2)CC1,5.82
N#Cc1ccc(N2CCN(Cc3cc(C(=O)NC4CCCCC4O)c(=O)n4ccccc34)CC2)cc1,6.41
N#CC1(c2ccccn2)CCN(Cc2cc(C(=O)NC3CCCCC3O)c(=O)n3ccccc23)CC1,4.79
Cc1ccc(N2CCN(Cc3cc(C(=O)NC4CCCCC4O)c(=O)n4ccccc34)CC2)nc1,4.94
O=C(NC1CCCCC1O)c1cc(CN2CCN(c3cc4ccccc4cn3)CC2)c2ccccn2c1=O,5.7
N#CC1(c2ccccc2)CCN(Cc2cc(C(=O)NC3CCCCC3O)c(=O)n3ccccc23)CC1,5.29
Cc1cc(CN2CCN(c3c(Cl)cnc4[nH]c(-c5cccc(N6CCN(C)CC6)c5)nc34)CC2)no1,5.02
Cc1nc(CN2CCN(c3c(Cl)cnc4[nH]c(-c5cn(C)nc5C)nc34)CC2)no1,5.02
Cc1cc(CN2CCN(c3c(Br)cnc4nc(-c5ccc(N6CCN(C)CC6)cc5)[nH]c34)CC2)no1,5.52
Cc1nn(C)cc1-c1nc2c(N3CCN(Cc4ncon4)CC3)c(Cl)cnc2[nH]1,4.96
Cc1cc(CN2CCN(c3c(Cl)cnc4[nH]c(-c5cn(C)nc5C)nc34)CC2)no1,5.2
Cc1cc(CN2CCN(c3c(Cl)cnc4[nH]c(-c5cn(C)nc5C5CC5)nc34)CC2)no1,5.6
N=C(Nc1ccc2c(c1)CCN2C1CCNCC1)c1cccs1,4.89
Cn1cc(C(=O)NCC(O)CN2CCC(Oc3ccc(Cl)c(Cl)c3)CC2)c(C(F)(F)F)cc1=O,4.9
O=C(NCC(O)CN1CCC(Oc2ccc(Cl)c(Cl)c2)CC1)c1c[nH]c(=O)c2cc(S(=O)(=O)N3CCC3)ccc12,6.0
CS(=O)(=O)c1ccc2c(C(=O)NCC(O)CN3CCC(Oc4ccc(Cl)c(Cl)c4)CC3)c[nH]c(=O)c2c1,5.2
O=C(NCC(O)CN1CCC(Oc2ccc(Cl)c(Cl)c2)CC1)c1c[nH]c(=O)c2cc(S(=O)(=O)NC3CC3)ccc12,6.1
O=C(NCC(O)CN1CCC(Oc2ccc(Cl)c(Cl)c2)CC1)c1c[nH]c(=O)c2cc(S(=O)(=O)NCCO)ccc12,5.3
O=C(NCC(O)CN1CCC(Oc2ccc(Cl)c(Cl)c2)CC1)c1c[nH]c(=O)cc1C(F)(F)F,5.3
O=C(NCC(O)CN1CCC(Oc2ccc(Cl)c(Cl)c2)CC1)c1c[nH]c(=O)c2ccc(F)cc12,5.9
CN(C)S(=O)(=O)c1ccc2c(C(=O)NCC(O)CN3CCC(Oc4ccc(Cl)c(Cl)c4)CC3)c[nH]c(=O)c2c1,6.0
Cc1cc(Cl)ccc1OC1CCN(CC(O)CNC(=O)c2c[nH]nc2C(F)(F)F)CC1,5.5
O=C(NCC(O)CN1CCC(Oc2ccc(Cl)c(Cl)c2)CC1)c1c[nH]c(=O)c2c(F)cccc12,5.7
Cc1cc(Cl)ccc1OC1CCN(CC(O)CNC(=O)c2c[nH]c(=O)c3cc(S(C)(=O)=O)ccc23)CC1,5.7
CNS(=O)(=O)c1ccc2c(C(=O)NCC(O)CN3CCC(Oc4ccc(Cl)c(Cl)c4)CC3)c[nH]c(=O)c2c1,5.7
Cc1cc(Cl)ccc1OC1CCN(CC(O)CNC(=O)c2c[nH]c(=O)cc2C(F)(F)F)CC1,5.0
O=C(NCC(O)CN1CCC(Oc2ccc(Cl)c(Cl)c2)CC1)c1c[nH]nc1C1CC1,5.6
Cc1c(Cl)ccc(OC2CCN(CC(O)CNC(=O)c3c[nH]nc3C(F)(F)F)CC2)c1Cl,5.7
Cc1c(Cl)ccc(OC2CCN(CC(O)CNC(=O)c3c[nH]c(=O)cc3C(F)(F)F)CC2)c1Cl,5.3
O=C(NCC(O)CN1CCC(Oc2ccc(Cl)c(Cl)c2)CC1)c1c[nH]nc1C(F)(F)F,5.5
CC1(O)CN(S(=O)(=O)c2ccc3c(C(=O)NCC(O)CN4CCC(Oc5ccc(Cl)c(Cl)c5)CC4)c[nH]c(=O)c3c2)C1,5.5
COCCC(Oc1ncnc2c1cnn2-c1ccccc1Cl)C(=O)Nc1ccc(C)cn1,4.66
O=C(NCC(O)CN1CCC(Oc2ccc(Cl)c(Cl)c2)CC1)c1c[nH]c(=O)c2ccccc12,5.1
O=C(NCC(O)CN1CCC(Oc2ccc(Cl)c(Cl)c2)CC1)n1c(=O)[nH]c2ccccc21,6.3
COc1cc(C(=O)NCC(O)CN2CCC(Oc3ccc(Cl)c(Cl)c3)CC2)ccc1N,6.6
O=C(NCC(O)CN1CCC(Oc2ccc(Cl)c(Cl)c2)CC1)c1n[nH]c(=O)c2ccccc12,6.4
O=C(NCC(O)CN1CCC(Oc2ccc(Cl)c(Cl)c2)CC1)c1cnnc2ccccc12,5.2
O=C(NCC(O)CN1CCC(Oc2ccc(Cl)c(Cl)c2)CC1)c1n[nH]c2ccccc12,6.6
CN(CC(O)CN1CCC(Oc2ccc(Cl)c(Cl)c2)CC1)C(=O)c1c[nH]c(=O)c2ccccc12,5.7
COC(=O)c1cnc(Nc2cnc(C#N)c(OC3CCNC3)n2)cc1N(C)C,4.52
CNc1cc(Nc2cnc(C#N)c(OC3CCNC3)n2)ncc1C(=O)OC,4.8
C#Cc1cnc(Nc2cnc(C#N)c(OC(C)CN(C)C)n2)cc1NC,5.1
COc1cc(Nc2cnc(C#N)c(OC3CCN(C)C3)n2)ncc1-c1cnn(C)c1,4.8
CSc1cc(Nc2cnc(C#N)c(OC(C)CN(C)C)n2)ncc1-c1cnn(C)c1,5.1
CC(CN(C)C)Oc1nc(Nc2cc3cccc(Cl)c3cn2)cnc1C#N,5.3
CNc1cc(Nc2cnc(C#N)c(OC(C)CN(C)C)n2)ncc1C1CC1,5.22
CNc1cc(Nc2cnc(C#N)c(OC3CCN(C)C3)n2)ncc1-c1cnn(C)c1,4.72
CNc1cc(Nc2cnc(C#N)c(OC(C)CN(C)C)n2)ncc1Cl,6.0
COc1cc(Nc2cnc(C#N)c(OC(C)CN(C)C)n2)ncc1-c1cnn(C)c1,5.3
N#Cc1ccc(C2(O)CCC(N3CC(NC(=O)CNC(=O)c4cccc(C(F)(F)F)c4)C3)CC2)cn1,4.9
O=C(CNC(=O)c1cccc(C(F)(F)F)c1)NC1CN(C2CCC(O)(c3ccc(OCC(F)(F)F)nc3)CC2)C1,5.16
COc1ccc(C2(O)CCC(N3CC(NC(=O)CNC(=O)c4cccc(C(F)(F)F)c4)C3)CC2)cn1,4.43
CC(C)Oc1ccc(C2(O)CCC(N3CC(NC(=O)CNC(=O)c4cccc(C(F)(F)F)c4)C3)CC2)cn1,4.95
COc1ccc(C2(O)CCC(N3CC(NC(=O)CNC(=O)c4cccc(C(F)(F)F)c4)C3)CC2)nc1,4.6
CC(C)(C)Oc1ccc(C2(O)CCC(N3CC(NC(=O)CNC(=O)c4cccc(C(F)(F)F)c4)C3)CC2)cn1,5.26
Cc1cnc(C2(O)CCC(N3CC(NC(=O)CNC(=O)c4cccc(C(F)(F)F)c4)C3)CC2)s1,4.55
CC(C)Oc1ncc(C2(O)CCC(N3CC(NC(=O)CNC(=O)c4cccc(C(F)(F)F)c4)C3)CC2)s1,4.55
Cc1ccc(C2(O)CCC(N3CC(NC(=O)CNC(=O)c4cccc(C(F)(F)F)c4)C3)CC2)cn1,4.46
O=C(CNC(=O)c1cccc(C(F)(F)F)c1)NC1CN(C2CCC(O)(c3cccs3)CC2)C1,4.57
O=C(CNC(=O)c1cccc(C(F)(F)F)c1)NC1CN(C2CCC(O)(c3ccc(OC4CCC4)nc3)CC2)C1,5.01
O=C(CNC(=O)c1cccc(C(F)(F)F)c1)NC1CN(C2CCC(O)(c3nccs3)CC2)C1,4.5
O=C(CNC(=O)c1cccc(C(F)(F)F)c1)NC1CN(C2CCC(O)(c3ccc(F)nc3)CC2)C1,5.0
COc1cccc(C2(O)CCC(N3CC(NC(=O)CNC(=O)c4cccc(C(F)(F)F)c4)C3)CC2)n1,4.76
O=C(CNC(=O)c1cccc(C(F)(F)F)c1)NC1CN(C2CCC(O)(c3cncnc3)CC2)C1,4.36
O=C(CNC(=O)c1cccc(C(F)(F)F)c1)NC1CN(C2CCC(O)(c3nc4ccccc4s3)CC2)C1,5.21
Cn1ccnc1C1(O)CCC(N2CC(NC(=O)CNC(=O)c3cccc(C(F)(F)F)c3)C2)CC1,4.82
CSc1ncc(C2(O)CCC(N3CC(NC(=O)CNC(=O)c4cccc(C(F)(F)F)c4)C3)CC2)s1,5.22
COc1ncc(C2(O)CCC(N3CC(NC(=O)CNC(=O)c4cccc(C(F)(F)F)c4)C3)CC2)cc1C,4.67
CCOc1ccc(C2(O)CCC(N3CC(NC(=O)CNC(=O)c4cccc(C(F)(F)F)c4)C3)CC2)cn1,4.84
CN(C)c1ccc(C2(O)CCC(N3CC(NC(=O)CNC(=O)c4cccc(C(F)(F)F)c4)C3)CC2)cn1,4.65
O=C(CNC(=O)c1cccc(C(F)(F)F)c1)NC1CN(C2CCC(O)(c3ccns3)CC2)C1,4.62
COc1cc2c(cc1O)C(Cc1ccc(O)c(Oc3ccc(CC4c5cc(OC)c(OC)cc5CCN4C)cc3)c1)N(C)CC2,5.02
COc1ccc(C#N)cc1-c1ccnc(Nc2ccc(N3CCOCC3)c(OC)c2)c1,5.33
COc1cc(Nc2cc(-c3cccc(C#N)c3)ccn2)ccc1N1CCN(C)CC1,5.89
COc1ccc(Cl)cc1-c1ccnc(Nc2ccc(N3CCOCC3)c(OC)c2)c1,4.7
COc1cc(Nc2cc(-c3cccc(C#N)c3)ccn2)ccc1N1CCOCC1,5.11
COC1COCCC1NC1CC2CCCC2(C(=O)N2CCc3ccc(Cl)cc3C2)C1,4.37
O=C(N1CCc2ncc(C(F)(F)F)cc2C1)C12CCCC1CC(NC1CCCCCC1)C2,4.83
COC1COCCC1NC1CC2CCCC2(C(=O)N2CCc3ncc(Br)cc3C2)C1,4.31
O=C(N1CCc2ncc(C(F)(F)F)cc2C1)C12CCCC1CC(NC1CCSCC1)C2,4.64
O=C(N1CCc2ncc(C(F)(F)F)cc2C1)C12CCCC1CC(NC1CCCCC1)C2,4.47
O=C(N1CCc2ncc(C(F)(F)F)cc2C1)C12CCCC1CC(NCC1CCOCC1)C2,4.33
O=C(N1CCc2ncc(C(F)(F)F)cc2C1)C12CCCC1CC(NC1CCCC1)C2,4.47
COC1COCCC1NC1CC2CCCC2(C(=O)N2CCc3ncc(Cl)cc3C2)C1,4.48
COC1COCCC1NC1CC2CCCC2(C(=O)N2CCc3ccc(OC(F)(F)F)cc3C2)C1,5.13
O=C(N1CCc2ncc(C(F)(F)F)cc2C1)C12CCCCC1CC(NC1CCOCC1)C2,4.41
COC1COCCC1NC1CC2CCCC2(C(=O)N2CCc3ccc(C(F)(F)F)cc3C2)C1,4.56
O=C(N1CCc2ncc(C(F)(F)F)cc2C1)C12CCCC1CC(NC1CCOCC1)C2,4.59
COC1COCCC1NC1CC2CCCC2(C(=O)N2CCc3ccc(C#N)cc3C2)C1,4.47
COC1COCCC1NC1CC2CCCC2(C(=O)N2CCc3ncc(OC(C)C)cc3C2)C1,4.33
COC1COCCC1NC1CC2CCCC2(C(=O)N2CCc3ccc(F)cc3C2)C1,4.63
COC1COCCC1NC1CC2CCCC2(C(=O)N2CCc3ccc(Br)cc3C2)C1,4.69
COc1cnc2c(c1)CN(C(=O)C13CCCC1CC(NC1CCOCC1OC)C3)CC2,4.33
C[S+]([O-])Cc1ccc(C(=O)Nc2nccnc2C(=O)NCC2CCC2)c2ccccc12,4.77
COc1ccc(NC(=O)c2ccc(Cn3ccnn3)c3ccccc23)c(C(=O)NCC2CCOCC2)n1,4.96
COc1ccc(C2(O)CCC(N3CC(NC(=O)CNc4ncnc5ccc(C(F)(F)F)cc45)C3)CC2)cn1,4.54
O=C(CNc1ncnc2ccc(C(F)(F)F)cc12)NC1CN(C2CCC(O)(c3ccns3)CC2)C1,4.55
COc1cnccc1C1CCC(N2CC(NC(=O)CNc3ncnc4ccc(C(F)(F)F)cc34)C2)CC1,4.7
O=C(CNc1ncnc2ccc(C(F)(F)F)cc12)NC1CN(C2CCC(c3cccnc3)CC2)C1,4.8
Cc1nc(NCC(=O)NC2CN(C3CCC(O)(c4cncs4)CC3)C2)c2cc(C(F)(F)F)ccc2n1,4.59
O=C(CNc1ncnc2ccc(C(F)(F)F)cc12)NC1CN(C2CCC(c3ccccc3)CC2)C1,5.28
O=C(CNc1ccnc2ccc(C(F)(F)F)cc12)NC1CN(C2CCC(O)(c3cncs3)CC2)C1,4.95
O=C(CNc1nc(C(F)(F)F)nc2ccc(C(F)(F)F)cc12)NC1CN(C2CCC(O)(c3cncs3)CC2)C1,4.49
O=C(CNc1nccc2ccc(C(F)(F)F)cc12)NC1CN(C2CCC(O)(c3cncs3)CC2)C1,4.48
COc1cccc(C2(O)CCC(N3CC(NC(=O)CNc4ncnc5ccc(C(F)(F)F)cc45)C3)CC2)n1,4.87
O=C(CNc1ncnc2ccc(C(F)(F)F)cc12)NC1CN(C2CCC(c3ccccn3)CC2)C1,5.12
O=C(CNc1ncnc2ccc(C(F)(F)F)cc12)NC1CN(C2CCC(c3ccc(O)cn3)CC2)C1,4.89
Nc1cccnc1C1CCC(N2CC(NC(=O)CNc3ncnc4ccc(C(F)(F)F)cc34)C2)CC1,5.08
CC(C)c1ncc(C2(O)CCC(N3CC(NC(=O)CNc4ncnc5ccc(C(F)(F)F)cc45)C3)CC2)s1,4.43
O=C(CNc1cc(C(F)(F)F)nc2ccc(C(F)(F)F)cc12)NC1CN(C2CCC(O)(c3cncs3)CC2)C1,4.44
O=C(CNc1ncnc2ccc(C(F)(F)F)cc12)NC1CN(C2CCC(c3ccccc3O)CC2)C1,5.18
N#Cc1ccccc1C1CCC(N2CC(NC(=O)CNc3ncnc4ccc(C(F)(F)F)cc34)C2)CC1,5.68
N#Cc1cc(NCC(=O)NC2CN(C3CCC(O)(c4cncs4)CC3)C2)c2cc(C(F)(F)F)ccc2n1,4.46
Nc1cnccc1C1CCC(N2CC(NC(=O)CNc3ncnc4ccc(C(F)(F)F)cc34)C2)CC1,4.34
Cc1cc(C2CC=CCN(C)C2)ccc1Cl,4.58
Cc1cc(C2CC=CCNC2)ccc1Cl,4.58
COCCN1CC=CCC(c2ccc(Cl)c(Cl)c2)C1,5.28
C1=CCC(c2ccc3ccccc3c2)CNC1,4.81
CN1CC=CCC(c2cc3ccccc3o2)C1,4.82
Clc1ccc(C2CCCCNC2)cc1Cl,5.21
C1=CCC(c2cc3ccccc3o2)CNC1,4.72
Fc1ccc(C2CC=CCNC2)cc1Cl,4.64
CN1CCCCC(c2ccc(Cl)c(Cl)c2)C1,5.0
OCCN1CC=CCC(c2ccc(Cl)c(Cl)c2)C1,5.0
Cc1ccc(C(=O)N(CCCN)C(c2oc3cc(Cl)ccc3c(=O)c2Cc2ccccc2)C(C)C)cc1,5.8
COc1ccc(C(CCCN)(c2ccccc2)c2ccccc2)cc1,5.18
CC(C#N)=C1CCN(c2ccc(N3CC(Cn4cc(F)nn4)OC3=O)cc2F)CC1,4.68
N#CC=C1CCN(c2ccc(N3CC(Cn4ccnn4)OC3=O)cc2F)CC1,4.3
N#CC=C1CCN(c2ccc(N3CC(Cn4cc(F)nn4)OC3=O)cc2F)CC1,5.62
COc1cc(N2CCN(C(=O)Cn3nc(C(F)(F)F)c(Cl)c3C)CC2)ccc1Cl,4.8
CN(C)C(=O)c1ccc(CN2CCc3cc4nc(N)sc4cc3CC2)cc1,4.92
Nc1nc2cc3c(cc2s1)CCN(Cc1ccc(F)cc1)CC3,5.44
COc1ccc(CN2CCc3cc4nc(N)sc4cc3CC2)cc1,5.48
Nc1nc2cc3c(cc2s1)CCN(Cc1cccc(F)c1)CC3,5.17
Nc1nc2cc3c(cc2s1)CCN(Cc1ccccc1)CC3,5.11
Nc1nc2cc3c(cc2s1)CCN(C1CC1)CC3,4.89
Nc1nc2cc3c(cc2s1)CCN(Cc1ccccn1)CC3,4.89
COc1cccc(CN2CCc3cc4nc(N)sc4cc3CC2)c1,5.18
Nc1nc2cc3c(cc2s1)CCN(Cc1cscn1)CC3,4.82
CC(=O)NCC1OC(=O)N2c3ccc(-c4ccc(C#N)nc4)cc3OCC12,5.56
N#Cc1ccc(-c2ccc3c(c2)OCC2C(CO)OC(=O)N32)cn1,4.74
CC1COCCN1c1cc(C2(S(C)(=O)=O)CC2)nc(-c2cccc3[nH]ccc23)n1,4.3
c1ccc(OCc2cccc(COc3ccccc3)n2)cc1,7.13
CCCCCCC#Cc1cccc(C#CCCCCCC)[n+]1C,5.7
C[n+]1c(CCc2ccccc2)cccc1CCc1ccccc1,6.33
Cc1ccc(OCCCc2cccc(CCCOc3ccc(C)cc3)[n+]2C)cc1,7.07
C[n+]1c(CCCOc2ccccc2)cccc1CCCOc1ccccc1,6.68
c1ccc(CCc2cccc(CCc3ccccc3)n2)cc1,5.79
Cc1ccc(COCc2cccc(COCc3ccc(C)cc3)[n+]2C)cc1,6.97
C[n+]1c(C#CC2CCCCC2)cccc1C#CC1CCCCC1,5.36
Cc1ccc(CCOCc2cccc(COCCc3ccc(C)cc3)[n+]2C)cc1,6.87
C[n+]1c(C#Cc2ccccc2)cccc1C#Cc1ccccc1,6.26
C[n+]1c(CCCOc2ccc(Cl)cc2)cccc1CCCOc1ccc(Cl)cc1,7.85
Cc1ccc(CCOCC#Cc2cccc(C#CCOCCc3ccc(C)cc3)[n+]2C)cc1,4.84
C[n+]1c(C#Cc2ccccc2Cl)cccc1C#Cc1ccccc1Cl,5.41
CCCCCCCCc1cccc(CCCCCCCC)[n+]1C,7.82
C[n+]1c(C#CCOc2ccccc2)cccc1C#CCOc1ccccc1,4.85
Cc1ccc(OCCCc2cc(N)cc(CCCOc3ccc(C)cc3)n2)cc1,6.77
C[n+]1c(CCCOc2ccccc2Cl)cccc1CCCOc1ccccc1Cl,7.13
Cc1ccc(C#Cc2cccc(C#Cc3ccc(C)cc3)[n+]2C)cc1,6.54
Clc1ccc(OCCCc2cccc(CCCOc3ccc(Cl)cc3)n2)cc1,8.0
C[n+]1c(C#Cc2ccc(-c3ccccc3)cc2)cccc1C#Cc1ccc(-c2ccccc2)cc1,6.53
C[n+]1c(C#CCOc2ccc(Cl)cc2)cccc1C#CCOc1ccc(Cl)cc1,4.51
Cc1ccc(CCN(C)CCOc2ccc(C)cc2)cc1,8.29
Cc1ccc(C#CCOCc2cccc(COCC#Cc3ccc(C)cc3)[n+]2C)cc1,7.4
Cc1ccc(Cc2cc[n+](C)c(COc3ccc(C)cc3)c2)cc1,6.46
C[n+]1c(C#Cc2ccc(Cl)cc2)cccc1C#Cc1ccc(Cl)cc1,5.94
C[n+]1c(COc2ccccc2)cccc1COc1ccccc1,6.12
Cc1ccc(CCc2cccc(CCc3ccc(C)cc3)[n+]2C)cc1,7.62
Cc1ccc(CCCOCc2cccc(COCCCc3ccc(C)cc3)[n+]2C)cc1,7.62
C[n+]1c(CCCOc2cccc(Cl)c2)cccc1CCCOc1cccc(Cl)c1,7.22
COCCCOc1cc(C(=O)N(CC2CNCC2Cc2ccccc2)C(C)C)ccc1OC,4.84
CS(=O)(=O)NCCC(NC(=O)C1(N)CCN(c2ncnc3[nH]ccc23)CC1)c1ccc(Cl)cc1,4.1
NC1(C(=O)NC(CCN2CCCCC2)c2ccc(Cl)cc2)CCN(c2ncnc3[nH]ccc23)CC1,4.53
NC1(C(=O)NC(Cc2ccccc2)c2ccc(Cl)cc2)CCN(c2ncnc3[nH]ccc23)CC1,5.46
NC1(C(=O)NC(CCCO)c2ccc(Cl)cc2)CCN(c2ncnc3[nH]ccc23)CC1,4.24
COCCC(NC(=O)C1(N)CCN(c2ncnc3[nH]ccc23)CC1)c1ccc(Cl)cc1,5.03
NC1(C(=O)NCc2ccc(Cl)cc2)CCN(c2ncnc3[nH]ccc23)CC1,5.28
NC1(C(=O)NC(CCN2CCCC2)c2ccc(Cl)cc2)CCN(c2ncnc3[nH]ccc23)CC1,4.68
NC1(C(=O)NC(c2ccc(Cl)cc2)C2CC2)CCN(c2ncnc3[nH]ccc23)CC1,5.58
CCC(NC(=O)C1(N)CCN(c2ncnc3[nH]ccc23)CC1)c1ccc(Cl)cc1,5.19
CC(NC(=O)C1(N)CCN(c2ncnc3[nH]ccc23)CC1)c1ccc(Cl)cc1,5.17
NC1(C(=O)NC(c2ccccc2)c2ccc(Cl)cc2)CCN(c2ncnc3[nH]ccc23)CC1,5.8
CC1CN(c2nc(N3CCOCC3C)c3ncc(-c4ccccc4)nc3n2)CC(C)O1,4.88
COCC(C)Nc1nc(N2CCOCC2C)c2ccc(-c3ccc(OC)c(CO)c3)nc2n1,4.77
CNCc1cccc(-c2ccc3c(N4CCOCC4)nc(N4CC(C)OC(C)C4)nc3n2)c1,4.76
CC1CN(c2nc(N3CCOCC3)c3ccc(-c4cccc(CNCCO)c4)nc3n2)CC(C)O1,4.89
CNC(=O)c1cc(-c2ccc3c(N4CCOCC4C)nc(N4CCOCC4C)nc3n2)ccc1OC(F)F,4.62
COc1ccc(-c2ccc3c(N4CCOCC4)nc(N4CC(C)OC(C)C4)nc3n2)cc1CNCCO,4.56
COc1ccc(-c2ccc3c(N4CCOCC4C)nc(N4CCOCC4C)nc3n2)cc1CO,4.52
COc1ccc(-c2ccc3c(N4CCOCC4)nc(N4CC(C)OC(C)C4)nc3n2)cc1CO,5.08
COc1ccc(-c2ccc3c(N4CCOCC4C)nc(N4CCC(O)C4)nc3n2)cc1CO,5.1
OC(COc1ccc(F)cc1)CN1CCN(Cc2ccc(Cl)c(Cl)c2)CC1,6.54
OC(COc1ccc(F)cc1)CN1CCN(Cc2ccc(Cl)cc2)CC1,5.87
OC(COc1ccc(C(F)(F)F)cc1)CN1CCN(Cc2c(F)cccc2Cl)CC1,4.86
OC(COc1ccc(C(F)(F)F)cc1)CN1CCN(Cc2ccc(Cl)c(Cl)c2)CC1,5.04
COc1ccccc1N1CCN(CC(O)COc2ccc(C(F)(F)F)cc2)CC1,5.4
OC(COc1ccc(Cl)cc1)CN1CCN(Cc2ccc(Cl)cc2)CC1,6.5
CCNc1nc2c(c(C(N)=O)n1)CN(C(=O)CCc1ccc(OC(F)(F)F)cc1)CC2,5.34
Cc1cn(C2CCCN(S(=O)(=O)c3ccc(O)c(Oc4cccc(Cl)c4)c3)C2)c(=O)[nH]c1=O,4.57
CN1CCC(COCc2cc(C(F)(F)F)cc(N3CCC4CC43)n2)(c2ccc(F)cc2)CC1,4.92
CCN(CC)c1cc(C(F)(F)F)cc(COCC2(c3ccc(F)cc3)CCN(C)CC2)n1,4.85
CN1CCC(COCc2cc(C3CC3)cc(C3CC3)n2)(c2ccc(F)cc2)CC1,4.77
CN1CCC(COCc2cc(C(F)(F)F)cc(C3CC3)n2)(c2ccc(F)cc2)CC1,4.89
CCN(C)c1cc(C(F)(F)F)cc(COCC2(c3ccc(F)cc3)CCN(C)CC2)n1,5.21
CN1CCC(COCc2cc(C(F)(F)F)cc(C3(F)CC3)n2)(c2ccccc2)CC1,4.92
CN1CCC(COCc2cc(C(F)(F)F)cc(C3CCCC3)n2)(c2ccc(F)cc2)CC1,4.92
CN1CCC(COCc2cc(C(F)(F)F)cc(C3CC3)n2)(c2cccc(Cl)c2)CC1,5.04
CC=Cc1cc(C(F)(F)F)cc(COCC2(c3ccc(F)cc3)CCN(C)CC2)n1,4.89
CC(C)c1cc(C(F)(F)F)cc(COCC2(c3ccc(F)cc3)CCN(C)CC2)n1,4.58
CN(C)c1cc(C(F)(F)F)cc(COCC2(c3ccc(F)cc3)CCNCC2)n1,5.08
CN1CCC(COCc2cc(C(F)(F)F)cc(C3CC3)n2)(c2cccc(F)c2)CC1,5.05
CN1CCN(c2cc(C(F)(F)F)cc(COCC3(c4ccccc4)CCNCC3)n2)CC1,4.8
CC(C)CN(CC(C)C)c1cc(C(F)(F)F)cc(COCC2(c3ccc(F)cc3)CCN(C)CC2)n1,5.02
CN1CCC(COCc2cc(C(F)(F)F)cc(N3CCCC3)n2)(c2ccccc2)CC1,5.13
CN1CCC(COCc2cncc(Br)c2)(c2ccccc2)CC1,4.89
FC(F)(F)c1cc(COCC2(c3ccccc3)CCNCC2)nc(C2CC2)c1,5.26
FC(F)(F)c1cc(Cl)cc(COCC2(c3ccccc3)CCNCC2)c1,5.14
CN1CCC(COCc2cc(C#N)cc(C3CC3)n2)(c2ccc(F)cc2)CC1,4.77
CCNc1cc(C(F)(F)F)cc(COCC2(c3ccc(F)cc3)CCN(C)CC2)n1,4.1
FC(F)(F)c1cc(COCC2(c3ccccc3)CCNCC2)nc(N2CCCC2)c1,5.64
CN1CCC(COCc2cc(C(F)(F)F)cc(N3CCC(C#N)C3)n2)(c2ccc(F)cc2)CC1,5.08
CCC(CC)Nc1cc(C(F)(F)F)cc(COCC2(c3ccc(F)cc3)CCN(C)CC2)n1,5.15
CC(C)=Cc1cc(C(F)(F)F)cc(COCC2(c3ccc(F)cc3)CCN(C)CC2)n1,4.75
CN1CCC(COCc2cc(Cl)cc(C(F)(F)F)n2)(c2ccccc2)CC1,4.92
CN1CCC(COCc2cc(C(F)(F)F)cc(N3CC=CC3)n2)(c2ccc(F)cc2)CC1,5.06
CN1CCC(COCc2cc(C(F)(F)F)cc(N3CCC(C#N)CC3)n2)(c2ccc(F)cc2)CC1,5.11
CN1CCC(COCc2cc(C(F)(F)F)cc(C3CC3)n2)(c2ccccc2)CC1,5.05
Clc1cc(COCC2(c3ccccc3)CCNCC2)cc(Cl)n1,4.48
Brc1cncc(COCC2(c3ccccc3)CCNCC2)c1,4.82
CN1CCC(COCc2cc(C(F)(F)F)cc(Cl)n2)(c2ccc(F)cc2)CC1,5.22
CC1CC1c1cc(C(F)(F)F)cc(COCC2(c3ccc(F)cc3)CCN(C)CC2)n1,4.47
FC(F)(F)c1cc(Cl)cc(COCC2(c3ccccc3)CCNCC2)n1,4.6
COc1cc(C(F)(F)F)cc(COCC2(c3ccc(F)cc3)CCN(C)CC2)n1,5.0
CN1CCC(COCc2cc(C(F)(F)F)cc(Cl)n2)(c2ccc(Cl)cc2)CC1,4.64
CN1CCC(COCc2cc(C(F)(F)F)cc(C#N)n2)(c2ccccc2)CC1,4.48
CN1CCC(COCc2cc(C(F)(F)F)cc(C3CC3)n2)(c2ccc(Cl)cc2)CC1,5.51
CN1CCC(COCc2cc(C(F)(F)F)cc(Cl)n2)(c2ccccc2F)CC1,4.37
CC(C)Cc1cc(C(F)(F)F)cc(COCC2(c3ccc(F)cc3)CCN(C)CC2)n1,4.92
Fc1ccc(C2(COCc3cc(C(F)(F)F)cc(Cl)n3)CCNCC2)cc1,4.7
CN1CCC(COCc2cc(C(F)(F)F)cc(C3(F)CC3)n2)(c2ccc(F)cc2)CC1,5.37
CN1CCC(COCc2cc(C(F)(F)F)cc(C3CC3(C)C)n2)(c2ccc(F)cc2)CC1,5.05
COc1cc(N2Cc3ccc(Sc4ccc(F)cc4)nc3C2=O)ccc1OCCN1CCCC1,4.6
CCOC(=O)N1CCC(C)(CN2CCC(N3C(=O)Cc4ccccc43)C2)CC1,5.46
CCOC(=O)N1C2CCC1CC(CN1CCC(N3C(=O)Cc4ccccc43)C1)C2,5.62
CCOC(=O)N1CCC(O)(CN2CCC(N3C(=O)Cc4ccccc43)C2)CC1,5.41
CC(C)(C)NC(=O)NCCN1CCC(NC(=O)c2cc(Cl)cc(Cl)c2)C1,5.18
CC(C)(C)NC(=O)NCCN1CCCC(NC(=O)c2cc(Cl)cc(Cl)c2)C1,5.39
CC(C)(C)NC(=O)NCCN1CCCC(CNC(=O)c2cc(Cl)cc(Cl)c2)C1,5.28
CC(C)(C)NC(=O)NCCN1CC(NC(=O)c2cc(Cl)cc(Cl)c2)C1,4.89
CC(C)(C)NC(=O)NCCN1CCN(CC(=O)Nc2cc(Cl)cc(Cl)c2)CC1,5.8
CC(C)(C)NC(=O)NCCN1CCC(CNC(=O)c2cc(Cl)cc(Cl)c2)C1,5.24
CCNC(=O)Nc1ccc(-c2nc3c(c(N4CCOCC4C)n2)CCN(C(C)C)C3)cc1,5.07
COc1cccc2nc(C#Cc3ccccc3)ccc12,4.21
COc1cccc2nc(C#Cc3cccnc3)ccc12,4.18
Brc1cccc2nc(C#Cc3ccccn3)ccc12,4.64
C(#Cc1ccc2ccccc2n1)c1ccccn1,4.69
CS(=O)(=O)c1ccc(C(CC2CCCC2)C(=O)Nc2cnc(C(O)CO)cn2)cc1Cl,4.16
CC(C)(C)NC(=O)c1c[nH]c2ncc(-c3nn(CCC(O)CO)c4ccc(OC(F)F)cc34)nc12,5.38
CN1CC(Cn2nc(-c3cnc4[nH]cc(C(=O)NC(C)(C)C)c4n3)c3cc(OC(F)F)ccc32)C1,6.53
CC(C)(C)NC(=O)c1c[nH]c2ncc(-c3nn(CCCN4CCOCC4)c4ccc(OC(F)F)cc34)nc12,5.84
CC(C)(C)NC(=O)c1c[nH]c2ncc(-c3nn(CCCN4CC(C#N)C4)c4ccc(OC(F)F)cc34)nc12,6.38
CC(C)(C)NC(=O)c1c[nH]c2ncc(-c3ncn4c3CCCC4)nc12,5.39
CC1CC2C3CCC4=CC(=O)C=CC4(C)C3=CCC2(C)C1(O)C(=O)CO,4.7
Cn1nccc1CCOc1ccc(C2CCN(c3ccc4nnc(C(F)(F)F)n4n3)CC2)cc1,4.75
OC1(c2ccc(F)cc2)CCN(c2ccc3nnc(C(F)(F)F)n3n2)CC1,4.74
N#Cc1ccc(CN2CCN(c3ccc4nnc(C(F)(F)F)n4n3)CC2)cc1,5.65
Fc1ccc(CN2CCN(C3=Nn4c(nnc4C(F)(F)F)CC3)CC2)cc1,4.53
OC1(c2cccnc2)CCN(c2ccc3nnc(C(F)(F)F)n3n2)CC1,4.02
CC1(c2cccc(-c3cncnc3)c2)N=C(N)c2c(F)cccc2O1,5.05
COc1cccc(-c2cccc(C3(C)COCC(N)=N3)c2)c1,5.1
COc1ccc(C2(c3cccc(-c4cncnc4)c3)N=C(N)n3nc(C)cc32)cc1,5.07
CC1(c2cccc(-c3cncnc3)c2)N=C(N)c2ccccc2O1,5.24
COc1cccc(-c2cccc(C3(C)CSCC(N)=N3)c2)c1,5.05
COc1cccc(-c2cccc(C3(c4ccncc4)N=C(N)CS3)c2)c1,4.92
COc1ccc(C2(c3cccc(-c4cncnc4)c3)N=C(N)c3nc(C)sc32)cc1,5.82
CC1(c2cccc(-c3cccc(Cl)c3)c2)N=C(N)CCO1,5.21
CC1(c2cccc(-c3cncnc3)c2)N=C(N)c2ccccc2S1,5.22
COc1ccc(C2(c3cccc(-c4cncnc4)c3)CCC(N)=N2)cc1,4.64
CCC1(c2cccc(-c3cncnc3)c2)N=C(N)c2ccccc2O1,5.8
COc1cccc(-c2cccc(C3(C)CCSC(N)=N3)c2)c1,5.12
COc1ccc(C2(c3cccc(-c4cccnc4)c3)N=C(N)CS2)cc1,5.0
CN(C)Cc1ccccc1-c1ccc(NC(=O)Nc2cccnc2Oc2ccccc2C(C)(C)C)c(F)c1,5.27
CC(C)CN1CCC(COc2ccc(NC(=O)Nc3cccnc3Oc3ccccc3C(C)(C)C)c(F)c2)CC1,5.43
CC1CN(C(=O)OCC(F)(F)F)CCN1c1ncc(OCc2ccncc2C#N)cn1,4.92
N#Cc1cnccc1COc1cnc(N2CCN(C(=O)OCC(F)(F)F)CC2)nc1,5.0
N#Cc1cnccc1COc1cnc(N2CC3CCC(C2)N3C(=O)OCC(F)(F)F)nc1,4.89
COc1ccc2nccc(C(O)CCC3CCN(C4CC(c5ccccc5F)C4)CC3C(=O)O)c2c1,4.91
COc1ccc2ncc(F)c(C(O)CCC3CCN(CCSc4cccs4)CC3C(=O)O)c2c1,4.63
COc1ccc2nccc(C(O)CCC3CCN(C4CC(c5c(F)cccc5F)C4)CC3C(=O)O)c2c1,4.32
COc1ccc2nccc(C(O)CCC3CCN(C4CC(c5ccccc5)C4)CC3C(=O)O)c2c1,4.6
COc1ccc2nccc(C(O)CCC3CCN(C4CC(c5cc(F)ccc5F)C4)CC3C(=O)O)c2c1,5.0
COc1ccc2nccc(C(O)CCC3CCN(C4CC(c5cc(F)cc(F)c5)C4)CC3C(=O)O)c2c1,5.14
COc1ccc2nccc(C(O)CCC3CCN(C4CC(c5cccc(F)c5)C4)CC3C(=O)O)c2c1,4.99
COc1ccc2nccc(C(O)CCC3CCN(C4CC(c5cc(F)cc(F)c5F)C4)CC3C(=O)O)c2c1,4.51
O=C(Nc1c[nH]c2ncc(-c3ccccc3F)cc12)c1cnn2ccc(NCC3CCNCC3F)nc12,5.3
CN(C)C(=O)C1CC1c1ccc(-c2ncn(C)c2Sc2ccc(Cl)cn2)cc1,4.43
Cc1cc(=O)oc2c(Cl)c(OCCCCN3CCC(c4noc5cc(F)ccc45)CC3)ccc12,5.8
O=c1cc(-c2ccccc2)c2ccc(OCCCCN3CCC(c4noc5cc(F)ccc45)CC3)cc2o1,6.09
Cc1cc(=O)oc2cc(OCCCCN3CCC(c4noc5cc(F)ccc45)CC3)ccc12,6.8
Cc1c(C)c2ccc(OCCCCN3CCC(c4noc5cc(F)ccc45)CC3)cc2oc1=O,6.71
COc1ccccc1N1CCN(CCCCOc2ccc3c(C)cc(=O)oc3c2)CC1,7.51
Cc1cc(=O)oc2c(C)c(OCCCCN3CCC(c4noc5cc(F)ccc45)CC3)ccc12,6.65
CC(O)c1nc2cnc3[nH]ccc3c2n1C1CCC(CCC#N)CC1,4.7
COc1cccc(COC(=O)c2c(-c3ccc(OC)c(OC)c3)csc2N)c1,6.0
Cc1cc(N2CCC(N3CCCC3C)C2)ccc1NC(=O)c1cc(F)ccc1C,6.32
Cc1cc(N2CCC(N3CCCC3C)C2)ccc1NC(=O)c1ccccc1F,6.0
O=C(C=Cc1ccc2c(c1)C(=O)CC1(CCN(Cc3ccc(F)cc3)CC1)O2)NO,5.62
O=C(C=Cc1ccc2c(c1)C(=O)CC1(CCN(Cc3ccccc3)CC1)O2)NO,5.42
O=C(NC1CC1)c1ccc(F)cc1OCC(O)CN1CCC2(CC1)Cc1cc(Cl)ccc1O2,7.42
O=C(NC1CC1)c1ccc(O)cc1OCC(O)CN1CCC2(CC1)Cc1cc(Cl)ccc1O2,6.52
O=C(c1ccc(O)cc1OCC(O)CN1CCC2(CC1)Cc1cc(Cl)ccc1O2)N1CCC(O)C1,4.64
O=C(c1ccc(F)cc1OCC(O)CN1CCC2(CC1)Cc1cc(Cl)ccc1O2)N1CCC(O)C1,6.16
O=C(c1cc(Cl)c(O)cc1OCC(O)CN1CCC2(CC1)Cc1cc(Cl)ccc1O2)N1CCC(O)C1,5.08
CC(=O)NCCNC(=O)c1ccc(O)cc1OCC(O)CN1CCC2(CC1)Cc1cc(Cl)ccc1O2,5.92
O=C(c1ccc(O)cc1OCC(O)CN1CCC2(CC1)Cc1cc(Cl)ccc1O2)N1CCC(O)CC1,5.8
O=c1ncn(Cc2c(F)cc(F)cc2F)c2ccc(Oc3ccccc3)cc12,5.43
Cc1ccc(Cn2cnc(=O)c3cc(Oc4ncccc4C(F)(F)F)ccc32)c(F)c1,4.85
Cc1ccc(Cn2cnc(=O)c3cc(Oc4ncccc4C(F)(F)F)ccc32)cc1,4.77
Cc1cc(Nc2ncc(C)c(Nc3ccccc3S(=O)(=O)C(C)C)n2)c(OC(C)C)cc1C1CCN(C)CC1,5.96
Cc1cc(Nc2ncc(Cl)c(Nc3ccccc3S(=O)(=O)C(C)C)n2)c(OC(C)C)cc1C1CCN(CCO)CC1,5.58
CC(C)Oc1nc(C2CCNCC2)ncc1Nc1ncc(Cl)c(Nc2ccccc2S(=O)(=O)C(C)C)n1,6.4
CC(C)Oc1cc(C2CCNCC2)ccc1Nc1ncc(Cl)c(Nc2ccccc2S(=O)(=O)C(C)C)n1,5.28
Cc1cc(Nc2ncc(Cl)c(Nc3ccccc3S(=O)(=O)C(C)C)n2)c(OC(C)C)cc1C1CCNCC1,5.9
Cc1cc(Nc2ncc(Cl)c(Nc3ccccc3S(=O)(=O)C(C)C)n2)c(OC2CCC2)cc1C1CCNCC1,5.52
CC(C)(O)c1nc2cc(Cl)ccc2n1C1CCC(NCC2Cc3ccc(C#N)cc3C2)CC1,7.22
Cc1nc2cc(F)ccc2n1C1CCC(NCC2Cc3ccc(C#N)cc3C2)CC1,7.52
CC(C)(O)c1nc2cc(Cl)ccc2n1C1CCC(NCC2Cc3ccc(Cl)cc3C2)CC1,6.38
CC1(CS(=O)(=O)N2CCC(Oc3ccc(OC(F)(F)C(F)F)cc3)CC2)NC(=O)NC1=O,4.4
CC1(CS(=O)(=O)N2CCN(c3ncc(OCc4ccc(C(F)(F)F)o4)cn3)CC2)NC(=O)NC1=O,4.36
CC(=O)Nc1cc(Nc2cc(NC3CC3)n3ncc(C#N)c3n2)ccc1C,4.68
CC(=O)Nc1cc(Nc2cc(NC3CC3)n3ncc(C#N)c3n2)ncc1C,4.72
CC(=O)Nc1cc(Nc2cc(NC3CC3)n3ncc(C#N)c3n2)ccc1C1CC1,4.72
CC(=O)Nc1cc(Nc2cc(NC3CCC3)n3ncc(C#N)c3n2)c(F)cc1C,4.8
CC(=O)Nc1cc(Nc2cc(NC3CC3)n3ncc(C#N)c3n2)c(F)cc1C,4.8
CC(=O)Nc1cc(Nc2cc(NC3CCC3)n3ncc(C#N)c3n2)ccc1C,4.96
COc1cc2nnc(C(N)=O)c(Nc3ccc(C)cc3F)c2cc1N1CCN(C(C)C)CC1,4.77
CCOc1cc2ncc(C(N)=O)c(Nc3ccc(F)cc3F)c2cc1N1CCC(O)CC1,4.77
COCCN1CCN(c2cc3c(Nc4ccc(C)cc4F)c(C(N)=O)nnc3cc2OC)CC1,4.64
COc1cc2nnc(C(N)=O)c(Nc3ccc(C)cc3F)c2cc1C1CCN(CCO)CC1,4.85
COc1cc2nnc(C(N)=O)c(Nc3ccc(C)cc3F)c2cc1N1CCCN(CCO)CC1,4.85
COc1cc2nnc(C(N)=O)c(Nc3ccc(C)cc3F)c2cc1C1CCN(C(C)C)CC1,4.96
COCCOc1cc2ncc(C(N)=O)c(Nc3ccc(C)cc3F)c2cc1N1CCOCC1,5.05
COc1cc2nnc(C(N)=O)c(Nc3ccc(C)cc3F)c2cc1N1CCC(N(C)C)CC1,4.68
COc1cc2nnc(C(N)=O)c(Nc3ccc(C)cc3F)c2cc1N1CC(C)NC(C)C1,4.7
CCOc1cc2ncc(C(N)=O)c(Nc3ccc(F)cc3F)c2cc1N1CCN(C)CC1,4.64
COc1cc2nnc(C(N)=O)c(Nc3ccc(C)cc3F)c2cc1N1CCCN(C)CC1,5.22
CCOc1cc2ncc(C(N)=O)c(Nc3cccc(Cl)c3Cl)c2cc1C1CCN(C)CC1,5.4
COc1cc2nnc(C(N)=O)c(Nc3ccc(C)cc3F)c2cc1N1CCS(=O)(=O)CC1,4.8
CCOc1cc2ncc(C(N)=O)c(Nc3ccc(F)cc3F)c2cc1N1CCCN(C)CC1,5.22
CCOc1cc2ncc(C(N)=O)c(Nc3ccc(F)cc3F)c2cc1C1CCN(C)CC1,4.96
CCCN1C(=O)CC2(CCN(CC3CCN(C(=O)OCC)CC3)CC2)c2cccnc21,6.17
CCOC(=O)N1CCC(CN2CCC3(CC2)OC(=O)Nc2ncccc23)CC1,6.04
CCOC(=O)N1CCC(CN2CCC3(CC2)CC(=O)N(C)c2ncccc23)CC1,5.59
CCOC(=O)N1CCC(CN2CCC3(CC2)OC(=O)N(C)c2ncccc23)CC1,5.83
CCOC(=O)N1CCC(CN2CCC3(CC2)CC(=O)N(CC)c2ncccc23)CC1,5.54
CCOC(=O)N1CCC(CN2CCC3(CC2)CC(=O)Nc2ncccc23)CC1,5.55
COc1cc(-c2nc3n(n2)CCCC3c2ccc(F)cc2C)ccc1-n1cnc(C)c1,6.1
O=c1cc(N2CCOCC2)oc2c(-c3cccc4c3sc3ccccc34)cccc12,4.85
Nc1nccc(-c2c(-c3ccc(F)cc3)ncn2C2CCCCC2)n1,4.57
CNCc1cc(-c2cn(C)nc2-c2ccc(F)cc2)ccn1,5.4
Cn1cc(-c2ccnc3c2OCCNC3)c(-c2ccc(F)cc2)n1,4.59
Cn1cc(-c2ccnc(C3COCCN3)c2)c(-c2ccc(F)cc2)n1,5.35
COc1ccc(NC(=O)C=CCN(C)C)cc1Nc1ncc(Cl)c(-c2cnn3ccccc23)n1,5.38
O=c1ccc2ncc(F)c3c2n1CC3(F)CN1CCC(NCc2cc3c(cn2)OCCO3)CC1,4.8
O=c1ccc2ncc(F)c3c2n1CC3CN1CCC(NCc2cc3c(cn2)OCCO3)CC1,4.24
CC#CCn1c(N2CCCC(N)C2)cc(=O)n(Cc2ccc3ccc(Cl)cc3n2)c1=O,4.0
CCc1nc2c(Cc3ccc(C(=O)NO)cc3)cccc2c(=O)n1CCc1ccccc1,5.33
NC1CC(N2Cc3cnc(C(F)(F)F)nc3C2)CCC1c1cc(F)c(F)cc1F,5.32
CC1(C)c2nc(-c3ccc(F)cc3)c(Nc3ccc(Cl)cc3)n2CCN1C(=O)CN,5.14
Cc1nc(Oc2ccc(C(N)=O)cc2)ccc1CN1CCC(N2C(=O)N(C3CCOCC3)CC2c2ccccc2)CC1,4.75
Cc1nc(Oc2ccc(C(=O)O)cc2)ccc1CN1CCC(N2C(=O)N(C3CCOCC3)CC2c2cccc(Cl)c2)CC1,5.0
CN1CCN(Cc2ccc(-c3cnc4[nH]cc(-c5ccc6[nH]ccc6c5)c4c3)cc2)CC1,4.68
CNC(C)C(=O)NC1C(=O)N(Cc2c(C)ccc3ccccc23)c2ccc(C#N)cc2N(C(C)=O)C1C,4.45
COc1cc2c(cc1CCN1CCN(C(=O)Cc3ccc(-n4cnnn4)cc3)CC1)COC2=O,5.25
O=C1OCc2c1ccc(CCN1CCN(C(=O)Cc3ccc(-n4cnnn4)cc3)CC1)c2F,4.51
N#Cc1cc(CC(=O)N2CCN(CCc3ccc4c(c3)COC4=O)CC2)ccc1-n1cnnn1,5.15
O=C1OCc2cc(CCN3CCN(C(=O)Cc4ccc(-n5cnnn5)cc4C(F)(F)F)CC3)ccc21,5.16
O=C1OCc2cc(CCN3CCN(C(=O)Cc4ccc(-n5cnnn5)cc4)CC3)cc(Cl)c21,5.47
O=C1OCc2cc(CCN3CCN(C(=O)Cc4ccc(-n5cnnn5)cc4)CC3)c(F)cc21,4.58
Cc1cc(-n2cnnn2)ccc1CC(=O)N1CCN(CCc2ccc3c(c2)COC3=O)CC1,5.85
Cc1c(CCN2CCN(C(=O)Cc3ccc(-n4cnnn4)cc3)CC2)ccc2c1COC2=O,4.7
CCc1c(CCN2CCN(C(=O)Cc3ccc(-n4cnnn4)cc3)CC2)ccc2c1COC2=O,4.57
N#Cc1ccc(CCN2CCN(C(=O)Cc3ccc(-n4cnnn4)cc3)CC2)cc1,6.38
O=C1OCc2ccc(CCN3CCN(C(=O)Cc4ccc(-n5cnnn5)cc4)CC3)cc21,4.5
Cc1cc(CCN2CCN(C(=O)Cc3ccc(-n4cnnn4)cc3)CC2)cc2c1C(=O)OC2,5.0
O=C1OCc2c1ccc(CCN1CCN(C(=O)Cc3ccc(-n4cnnn4)cc3)CC1)c2C1CC1,4.92
O=C(Cc1ccc(-n2cnnn2)cc1)N1CCN(CCc2ccc3c(c2)COC3)CC1,5.6
O=C(Cc1ccc([N+](=O)[O-])cc1)N1CCN(CCc2ccc([N+](=O)[O-])cc2)CC1,7.34
COc1cc(CC(=O)N2CCN(CCc3ccc4c(c3)COC4=O)CC2)ccc1-n1cnnn1,5.09
O=C1CCc2cc(CCN3CCN(C(=O)Cc4ccc(-n5cnnn5)cc4)CC3)ccc21,5.19
O=C1OCc2cc(CCN3CCN(C(=O)Cc4ccc(-n5cnnn5)cc4C4CC4)CC3)ccc21,5.52
O=C1OCCc2cc(CCN3CCN(C(=O)Cc4ccc(-n5cnnn5)cc4)CC3)ccc21,4.37
O=C1OCc2cc(CCN3CCN(C(=O)Cc4ccc(-n5cnnn5)c(C(F)(F)F)c4)CC3)ccc21,5.29
O=[N+]([O-])c1ccc(CCN2CCN(CCc3ccc(-n4cnnn4)cc3)CC2)cc1,7.96
O=C(Cc1ccc(-n2cnnn2)cc1)N1CCN(CCc2ccc([N+](=O)[O-])cc2)CC1,6.8
O=C1OCc2cc(CCN3CCN(C(=O)Cc4ccc(-n5cnnn5)cc4)CC3)ccc21,4.85
Cc1cc2c(cc1CCN1CCN(C(=O)Cc3ccc(-n4cnnn4)cc3)CC1)COC2=O,4.85
O=C1OCc2cc(CC(=O)N3CCN(CCc4ccc([N+](=O)[O-])cc4)CC3)ccc21,5.89
O=C(Cc1ccc(-n2cnnn2)cc1)N1CCN(CCc2ccc3nonc3c2)CC1,5.89
O=C1OCc2cc(CCN3CCN(C(=O)Cc4ccc(-n5cnnn5)c(F)c4)CC3)ccc21,4.57
O=C1OCc2c1ccc(CCN1CCN(C(=O)Cc3ccc(-n4cnnn4)cc3)CC1)c2Cl,4.77
O=C1OCc2cc(CCN3CCN(C(=O)Cc4ccc(-n5cnnn5)cc4)CC3)cc(F)c21,4.89
Cc1cc(N2CCC(N3CCCC3C)C2)ccc1NC(=O)C1CCOCC1,4.72
Cc1ccc(S(=O)(=O)NN=Cc2cn(CC(=O)Nc3ccccc3Cl)c3ccccc23)cc1,4.73
CCCCOc1ccc(S(=O)(=O)NCCc2c[nH]c3ccccc23)cc1,5.5
COC(=O)C(Cc1c[nH]c2ccccc12)NS(=O)(=O)c1ccc(Br)cc1,5.33
Cc1ccc(S(=O)(=O)NN=Cc2cn(CC(=O)Nc3ccc(F)cc3F)c3ccccc23)cc1,4.37
COc1ccc(NC(=O)Cn2cc(CCNS(=O)(=O)c3ccc(OC)cc3)c3ccccc32)cc1,4.99
COC(=O)C(Cc1c[nH]c2ccccc12)NS(=O)(=O)c1ccc(OC2CCCC2)cc1,5.02
c1ccc(C2(CCNCc3cccs3)CCOC3(CCCC3)C2)nc1,5.64
COc1ccsc1CNCCC1(c2ccccn2)CCOC2(CCCC2)C1,5.21
COC(=O)c1ccccc1-c1ccc(CN2CCC(COC(=O)c3c4n(c5ccccc35)CCCO4)CC2)cc1,6.88
O=C(O)c1ccccc1-c1ccc(CN2CCC(COC(=O)c3c4n(c5ccccc35)CCCO4)CC2)cc1,4.32
O=C(OCC1CCN(Cc2ccc(-c3ccccc3-c3nnn[nH]3)cc2)CC1)c1c2n(c3ccccc13)CCCO2,4.56
Cc1cc(N2CCC(N3CCCC3C)C2)ccc1NC(=O)c1c(C)noc1C,4.43
O=C(NC(c1ccc(Cl)cc1)c1ccc(Cl)cc1)C1CCC(N2CCOCC2)CC1c1ccc(Br)cc1,7.41
O=C(NC(c1ccc(Cl)cc1)c1ccncc1Cl)C1CCC(N2CCOCC2)CC1c1ccc(Br)cc1,6.16
CCN(CC)CC(=O)NC1CCC(C(=O)NC(c2ccc(F)cc2)c2ccc(F)cc2)C(c2ccc(Br)cc2)C1,6.11
O=C(NC(c1ccc(F)cc1)c1ccc(F)cc1)C1CCC(N2CCOCC2)CC1c1ccc(Br)cc1,7.0
O=C(C1CCC(N2CCOCC2)CC1c1ccc(Br)cc1)N1CC(c2ccccc2)(c2ccccc2)C1,6.54
O=C(NC(c1ccc(Cl)cc1)c1ncccn1)C1CCC(N2CCOCC2)CC1c1ccc(Br)cc1,5.92
O=C(NC(c1ccc(Cl)cc1)c1cnccn1)C1CCC(N2CCOCC2)CC1c1ccc(Br)cc1,6.0
O=C(NC(c1ccccc1)c1ccccc1)C1CCC(N2CCOCC2)CC1c1ccc(Br)cc1,6.28
O=C(NC(c1ccccc1)c1ccccc1)C1CCC(N2CCOCC2)CC1c1ccccc1,6.77
O=C(NC(c1ccc(Cl)cc1)c1ccnc(F)c1)C1CCC(N2CCOCC2)CC1c1ccc(Br)cc1,6.23
Cc1cc(C(NC(=O)C2CCC(N3CCOCC3)CC2c2ccc(Br)cc2)c2ccc(Cl)cc2)ccn1,5.82
O=C(NC(c1ccncc1)c1ccc(F)cc1)C1CCC(N2CCOCC2)CC1c1ccc(Br)cc1,5.08
O=C(NC(c1ccc(Cl)cc1)c1ccc(F)cn1)C1CCC(N2CCOCC2)CC1c1ccc(Br)cc1,6.75
Cc1ccccc1C1CC(NCc2ccc(Cl)cc2)CCC1C(=O)N1CC(c2ccccc2)(c2ccccc2)C1,8.52
CC(C)CN1CCC(c2ccccc2Oc2ncccc2NC(=O)Nc2ccc(OC(F)(F)F)cc2)CC1,5.22
CC(C)(C)CN1CCC(c2ccccc2Oc2ncccc2NC(=O)Nc2ccc(OC(F)(F)F)cc2)CC1,5.34
CN1Cc2cccc(Oc3ncccc3NC(=O)Nc3ccc(OC(F)(F)F)cc3)c2C1C(C)(C)C,5.14
CCCCCCCN(CC)CCCCc1ccc(Cl)cc1,7.37
CCCCN(CC)CC#CCc1ccc(Cl)cc1,5.58
CCCCCCCN(CC)CC#CCCc1ccccc1,5.36
CCCCN(CC)CC#CCOC(c1ccccc1)c1ccccc1,5.32
CCCCN(CC)CC=CCc1ccc(Cl)cc1,5.95
CCCCCCCN(CC)CC#CCCc1ccc(C)cc1,5.72
CCCCN(CC)CCCCCc1ccc(Cl)cc1,5.6
CCCCN(CC)CC#CC#Cc1ccc(Cl)cc1,5.0
CCCCN(CC)CC#CCCc1ccc(Cl)cc1,5.22
CCCCCCCN(CC)CC#CCOc1ccc(Cl)cc1,5.61
CCCCCCC[N+](CC)(CC)CC#Cc1ccc(Cl)cc1,7.4
CCCCCCCN(CC)CC=CCc1ccc(Cl)cc1,7.31
CCCCCCCN(CC)CC=CCc1ccccc1,6.75
CCCCCCCN(CC)CCCCc1ccccc1,6.3
CCCCN(CC)CC#CCc1ccccc1,5.11
CCCCN(CC)CC#CCOCc1ccc(Cl)cc1,5.13
CCCCCCCN(CC)CC#CCOCc1ccc(Cl)cc1,6.08
CCCCCCCN(CC)CC#CCc1ccc(Cl)cc1,6.06
CCCCCCCN(CC)CC#CC(c1ccccc1)c1ccccc1,6.62
CCCCCCCN1CCC(Cc2ccccc2)CC1,7.24
CCCCN(CC)CC#CCOc1ccc(Cl)cc1,4.84
CCCCCCCN(CC)CC#CCOC(c1ccccc1)c1ccccc1,6.01
CCCCN(CC)CC=Cc1ccc(Cl)cc1,5.98
CCCCCCCN(CC)CC=CCCc1ccc(Cl)cc1,6.62
CCCCCCCN(CC)CC#Cc1ccc(Cl)cc1,5.39
CCCCCCCN(CC)CC=Cc1ccc(Cl)cc1,6.61
CCCCN(CC)CC#CCc1ccc(C)cc1,5.46
CCCCCCCN(CC)CC#CCc1ccccc1,5.45
CCCCN(CC)CC#CCCc1ccc(C)cc1,5.25
CCCCCCCN(CC)CCCCCc1ccc(Cl)cc1,6.91
CCCCN(CC)CC=CCCc1ccc(Cl)cc1,5.73
CCCCCCCN1CCC(C(=O)c2ccccc2)CC1,6.91
CCCCCCCN(CC)CC#CCc1ccc(C)cc1,5.29
CCCCCCC[N+](CC)(CC)CC=CCc1ccc(Cl)cc1,8.82
CC1(C)OC(=O)N(C2CCC(c3cnc(N)c(-c4ncccn4)c3)CC2)C1c1ccccc1,4.96
O=C(Nc1cc(Cl)c(O)cc1OCC(O)CN1CCC2(CC1)Cc1cc(Cl)ccc1O2)NC1CC1,6.0
CNC(=O)Nc1ccc(O)cc1OCC(O)CN1CCC2(CC1)Cc1cc(F)ccc1O2,4.88
O=C(Nc1ccc(O)cc1OCC(O)CN1CCC2(CC1)Cc1cc(F)ccc1O2)NC1CC1,5.42
O=C1CCc2cccc(OCC(O)CN3CCC4(CC3)Cc3cc(Cl)ccc3O4)c2N1,6.3
COc1ccc(NC(=O)NC2CC2)c(OCC(O)CN2CCC3(CC2)Cc2cc(Cl)ccc2O3)c1,6.16
O=c1ccc2cccc(OCC(O)CN3CCC4(CC3)Cc3cc(Cl)ccc3O4)c2[nH]1,6.22
O=C1COc2cccc(OCC(O)CN3CCC4(CC3)Cc3cc(Cl)ccc3O4)c2N1,6.22
NC(COc1cccc2ccc(=O)[nH]c12)CN1CCC2(CC1)Cc1cc(F)ccc1O2,5.92
O=C(Nc1ccc(O)cc1OCC(O)CN1CCC2(CC1)Cc1cc(Cl)ccc1O2)NC1CC1,5.62
CNC(=O)Nc1ccc(O)cc1OCC(O)CN1CCC2(CC1)Cc1cc(Cl)ccc1O2,5.34
NC(COc1cccc2c1NC(=O)CO2)CN1CCC2(CC1)Cc1cc(F)ccc1O2,5.96
NC(=O)Nc1ccccc1OCC(O)CN1CCC2(CC1)Cc1cc(Cl)ccc1O2,6.4
COc1ccc(CNC(=O)c2cc(-c3cc(Cl)cc(Cl)c3)cnc2-c2cccnc2)cc1OC,5.16
COCCOc1ccn2c(-c3ccc4cccc(OC5CCNCC5F)c4n3)cnc2c1,5.41
CC(C)C(CCCN(C)CCCc1nc2ccccc2[nH]1)(C(=O)O)c1ccc(Br)cc1,5.63
COC(=O)C(CCCN1CCC(c2ccccc2OC)CC1)(c1ccc(Br)cc1)C(C)C,6.11
COC(=O)C(CCC(=O)N(C)CCCc1nc2ccccc2[nH]1)(c1ccc(Br)cc1)C(C)C,4.9
COc1ccccc1N1CCN(CCCC(C(=O)O)(c2ccc(Br)cc2)C(C)C)CC1,5.4
COC(=O)C(CCC(=O)N1CCN(c2ccccc2OC)CC1)(c1ccc(Br)cc1)C(C)C,4.78
COC(=O)C(CCCN1CC=C(c2ccccc2OC)CC1)(c1ccc(Br)cc1)C(C)C,5.9
NCC1(c2cccc(Cl)c2)CCC(N2CCc3c(nc(C(F)(F)F)nc3C3CC3)C2=O)CC1,6.58
NCC1(c2cccc(Cl)c2)CCC(n2nc(-c3cccnc3)ccc2=O)CC1,5.36
COC1COCCC1NC1CC2CN(C(=O)C#CC3CC3)CC2(C(=O)N2CCc3ncc(C(F)(F)F)cc3C2)C1,4.3
COC1COCCC1NC1CC2CN(C(=O)C=Cc3ccccc3)CC2(C(=O)N2CCc3ncc(C(F)(F)F)cc3C2)C1,4.62
CCN1CC2CC(NC3CCOCC3OC)CC2(C(=O)N2CCc3ncc(C(F)(F)F)cc3C2)C1,4.37
COC1COCCC1NC1CC2CN(C3CC3)CC2(C(=O)N2CCc3ncc(C(F)(F)F)cc3C2)C1,4.38
COC1COCCC1NC1CC2CN(c3ccccc3)CC2(C(=O)N2CCc3ncc(C(F)(F)F)cc3C2)C1,4.64
Fc1ccccc1-c1nc2ccn(Cc3ccc(-c4ccc(C(F)(F)F)cc4C(F)(F)F)nn3)cc-2n1,6.1
Fc1ccccc1-c1nc2ccn(Cc3cc(-c4ccc(C(F)(F)F)cc4C(F)(F)F)no3)cc-2n1,6.1
O=C1NN=C(c2ccc(OC3CCN(C4CCC4)CC3)cc2)C2CC12,5.22
COC(=O)NC(C(=O)N1CCCC1c1ncc(-c2ccc(-c3ccc(-c4cnc(C5CCCN5C(=O)C(NC(=O)OC)C(C)C)[nH]4)cc3)cc2)[nH]1)C(C)C,4.54
CCN(CC)C(C(=O)N1CCCC1c1ncc(-c2ccc(-c3ccc(-c4cnc(C5CCCN5C(=O)C(C)NC(=O)OC)[nH]4)cc3)cc2)[nH]1)c1ccccc1,5.04
CNc1nc(NCCCN(C)C)c2sc(-c3ccc4nonc4c3)cc2n1,5.7
CNc1nc(NCCCN(C)C)c2sc(-c3ccc(N4CCOCC4)cc3)cc2n1,5.75
CNc1nc(NCCCN(C)C)c2sc(-c3ccc(OC)nc3)cc2n1,5.17
CNc1nc(NCCCN(C)C)c2sc(-c3ccccc3)cc2n1,5.07
CNc1nc(NCCCN(C)C)c2sc(-c3ccc(C(F)(F)F)cc3)cc2n1,5.57
COc1ccc2c(c1)C1CC1(C(=O)N1C3CCC1CN(C)C3)Cn1c-2c(C2CCCCC2)c2ccc(C(=O)NS(=O)(=O)N(C)C)cc21,4.91
CS(=O)(=O)c1ccc(-c2cnc(N)c(-c3ccc(C(F)(F)F)nc3)n2)cc1,5.09
Nc1ncc(-c2ccc(C(=O)N3CCOCC3)cc2)nc1-c1ccc(C(F)(F)F)nc1,4.7
CCS(=O)(=O)c1ccc(-c2cnc(N)c(-c3ccc(C(F)(F)F)nc3)n2)cc1,5.43
Nc1nc2c(s1)CCC2C(=O)Nc1ccc(CC2CCC(C(O)c3cccc(F)c3)N2)cc1,5.4
O=C(Nc1ccc(CC2CCC(C(O)c3cccnc3)N2)cc1)C1CCc2scnc21,5.21
Nc1nc2c(s1)CCC2C(=O)Nc1ccc(CC2CCC(C(O)c3ccccc3)N2)cc1,4.9
Cc1nc2c(s1)CCC2C(=O)Nc1ccc(CC2CCC(C(O)c3cccnc3)N2)cc1,4.92
Nc1nc2c(s1)CCC2C(=O)Nc1ccc(CC2CCC(C(O)c3cccc(Cl)c3)N2)cc1,5.82
Nc1nc2c(s1)CCC2C(=O)Nc1ccc(CC2CCC(C(O)c3ccc(F)cc3)N2)cc1,5.25
CN1C(=O)CCC1CN(Cc1ccc(Cl)cc1)S(=O)(=O)c1cccc(C#N)c1,4.52
N#CC1CC(F)CN1C(=O)C(N)Cc1cc2c(cc1Br)OCO2,4.32
O=C(C1CC12CCN(C1CCCCC1)CC2)N1CCN(C2CCCCC2)CC1,4.68
Cn1ccc(NC(=O)c2cc(Oc3ccc(C(=O)N4CCC4)cc3)cc(OC(CF)CF)c2)n1,4.55
Cn1ccc(NC(=O)c2cc(Oc3ccc(C(=O)N4CCC4)cc3)cc(OC3CCOC3)c2)n1,4.46
COCC(C)Oc1cc(Oc2ccc(C(=O)N3CCC3)nc2)cc(C(=O)Nc2cnc(C)cn2)c1,4.4
COCC(C)Oc1cc(Oc2ncc(C(=O)N3CCC3)cc2Cl)cc(C(=O)Nc2cnc(C)cn2)c1,4.75
Cc1cnc(NC(=O)c2cc(Oc3ccc(C(=O)N4CCC4)cc3)cc(OC(C)CO)c2)cn1,4.42
CCn1ccc(NC(=O)c2cc(Oc3ccc(C(=O)N4CCC4)cc3)cc(OC(C)CO)c2)n1,4.27
CC(CO)Oc1cc(Oc2ccc(C(=O)N3CCC3)cc2)cc(C(=O)Nc2nccs2)c1,5.05
CC(CO)Oc1cc(Oc2ccc(C(=O)N3CCC3)cc2)cc(C(=O)Nc2ccn(C)n2)c1,4.16
CC(CO)Oc1cc(Oc2ccc(C(=O)N3CCC3)cc2)cc(C(=O)Nc2ccn(C(C)C)n2)c1,4.51
COCC(C)Oc1cc(Oc2ccc(C(=O)N3CCC3)cc2)cc(C(=O)Nc2cnc(C)cn2)c1,4.75
CC(C)Oc1cc(Oc2ccc(C(=O)N3CCC3)cc2)cc(C(=O)Nc2ccn(C)n2)c1,4.57
Cc1cnc(NC(=O)c2cc(Oc3ccc(S(C)(=O)=O)cc3)c3cc(C)oc3c2)cn1,4.66
Cc1cnc(NC(=O)c2cc(Oc3ccc(C#N)cc3)c3cc(C)oc3c2)cn1,5.4
Cc1cnc(NC(=O)c2cc(Oc3ccc(C(=O)N(C)C)cc3)c3cc(C)oc3c2)cn1,4.23
COCC(C)Oc1cc(Oc2ccc(S(C)(=O)=O)cc2)cc(C(=O)Nc2nccs2)c1,5.16
COCC(C)Oc1cc(Oc2ccc(S(C)(=O)=O)cc2)cc(C(=O)Nc2nc(C)ns2)c1,5.12
CC(=O)Nc1cccc(C2CCN(Cc3ccc(C(=O)c4nc5ccccc5n4C4CCOCC4)cc3)CC2)c1,5.92
CC(=O)Nc1cccc(C2CCN(Cc3ccc(C(=O)c4nc5ccccc5n4-c4ccc(F)cc4)cc3)CC2)c1,5.71
CC(=O)Nc1cccc(C2CCN(Cc3ccc(C(=O)c4nc(C)c(C)n4-c4ccc(F)cc4)cc3)CC2)c1,5.77
COc1ccc(N2C(=O)C(C)(C)C2c2ccccc2OC)cc1,4.89
CCC1(c2cccc(NS(C)(=O)=O)c2)C2CN(CC3Cc4ccccc4C3)CC21,6.49
CCC1(c2cccc(NS(C)(=O)=O)c2)C2CN(CC3(O)Cc4ccccc4C3)CC21,5.8
CCC1(c2cccc(NS(C)(=O)=O)c2)C2CN(CCCC3(O)CCCCC3)CC21,6.15
CCC1(c2cccc(C(N)=O)c2)C2CN(CC3(O)Cc4ccccc4C3)CC21,5.66
CC(C)c1noc(N2CCN(c3ncc(OCc4ccncc4C#N)cn3)C(C)C2)n1,4.94
CC1CN(c2noc(C(F)(F)F)n2)CCN1c1ncc(OCc2ccncc2C#N)cn1,5.12
CC1CN(c2nnc(C(F)(F)F)o2)CCN1c1ncc(OCc2ccncc2C#N)cn1,4.75
O=C(N1CCOCC1)N1CCN(c2cnc3cc(C(F)(F)F)cc(NCc4cccc([N+](=O)[O-])c4)c3c2)CC1,6.41
CC(=O)c1cccc(CNc2cc(C(F)(F)F)cc3ncc(N4CCN(C)CC4)cc23)c1,4.03
CN(C)CC=CC(=O)N1CCN(c2cnc3cc(C(F)(F)F)cc(NCc4cccc([N+](=O)[O-])c4)c3c2)CC1,4.04
[2H]C(Nc1cc(C(F)(F)F)cc2ncc(N3CCN(C)CC3)cc12)c1cccc([N+](=O)[O-])c1,5.9
CC(N)C(=O)N1CCN(c2cnc3cc(C(F)(F)F)cc(NCc4cccc([N+](=O)[O-])c4)c3c2)CC1,5.89
O=[N+]([O-])c1cccc(CNc2cc(C(F)(F)F)cc3ncc(N4CCN(CCO)CC4)cc23)c1,7.43
O=C(C=CC1CCCN1)N1CCN(c2cnc3cc(C(F)(F)F)cc(NCc4cccc([N+](=O)[O-])c4)c3c2)CC1,4.06
CC(=O)N1CCN(c2cnc3cc(C(F)(F)F)cc(NCc4cccc([N+](=O)[O-])c4)c3c2)CC1,6.34
CCNC(=O)N1CCN(c2cnc3cc(C(F)(F)F)cc(NCc4cccc([N+](=O)[O-])c4)c3c2)CC1,6.68
CN1CCN(c2cnc3cc(C(F)(F)F)cc(NCc4cccc([N+](=O)[O-])c4)c3c2)CC1,7.31
CN1CCN(c2cnc3cc(C(F)(F)F)cc(NCc4cccc5nonc45)c3c2)CC1,6.97
[2H]C(Nc1cc(C(F)(F)F)cc2ncc(N3CCN(CC([2H])([2H])O)CC3)cc12)c1cccc([N+](=O)[O-])c1,6.32
CCNC(=O)Nc1cccc(CNc2cc(C(F)(F)F)cc3ncc(N4CCN(C)CC4)cc23)c1,4.09
CN1CCN(c2cnc3cc(C(F)(F)F)cc(NCc4ccc5cccnc5c4)c3c2)CC1,4.12
CCCNC(=O)N1CCN(c2cnc3cc(C(F)(F)F)cc(NCc4cccc([N+](=O)[O-])c4)c3c2)CC1,5.89
NCC(=O)N1CCN(c2cnc3cc(C(F)(F)F)cc(NCc4cccc([N+](=O)[O-])c4)c3c2)CC1,4.74
CCOCC(Oc1ncnc2c1cnn2-c1ncccc1Cl)C(=O)Nc1cnc(C)cn1,4.8
CCOCC(Oc1ncnc2c1cnn2-c1ccccc1Cl)C(=O)Nc1cnc(C)cn1,4.3
CC(C)OCC(Oc1ncnc2c1cnn2-c1ccccc1Cl)C(=O)Nc1ccc(C#N)cn1,4.9
CC(C)OCC(Oc1ncnc2c1cnn2-c1ncccc1Cl)C(=O)Nc1ccc(Cl)cn1,4.2
Cc1cnc(NC(=O)C(COC2CCC2)Oc2ncnc3c2cnn3-c2ncccc2Cl)cn1,4.4
Cc1cnc(NC(=O)C(COC2CCC2)Oc2ncnc3c2cnn3-c2ccccc2Cl)cn1,4.9
CCOCC(Oc1ncnc2c1cnn2-c1ncccc1Cl)C(=O)Nc1ccc(C#N)cn1,4.7
CCOCC(Oc1ncnc2c1cnn2-c1ncccc1Cl)C(=O)Nc1ccc(C)cn1,4.2
Cc1ccc(NC(=O)C(COC2CCC2)Oc2ncnc3c2cnn3-c2ncccc2Cl)nc1,4.4
COCC(Oc1ncnc2c1cnn2-c1ccccc1Cl)C(=O)Nc1ccc(C)cn1,4.3
COCCC(Oc1ncnc2c1cnn2-c1ncccc1Cl)C(=O)Nc1ccc(C)cn1,4.1
Cc1ccc(NC(=O)C(COC(C)C)Oc2ncnc3c2cnn3-c2ccccc2Cl)nc1,4.5
CCOCC(Oc1ncnc2c1cnn2-c1ncccc1Cl)C(=O)Nc1ccc(F)cn1,4.2
CCOCC(Oc1ncnc2c1cnn2-c1ncccc1Cl)C(=O)Nc1ccc(Cl)cn1,5.0
CC(C)OCC(Oc1ncnc2c1cnn2-c1ncccc1Cl)C(=O)Nc1ccc(C#N)cn1,4.3
CC(C)OCC(Oc1ncnc2c1cnn2-c1ncccc1Cl)C(=O)Nc1ccc(F)cn1,4.1
CC(C)OCC(Oc1ncnc2c1cnn2-c1ccccc1Cl)C(=O)Nc1ccc(F)cn1,4.6
CC(C)OCC(Oc1ncnc2c1cnn2-c1ccccc1Cl)C(=O)Nc1ccccn1,4.2
N#Cc1cccc(Cl)c1-n1ncc2c(OC(COCCO)C(=O)Nc3ccc(F)cn3)ncnc21,4.2
N#Cc1ccc(NC(=O)C(CN2CC(O)C2)Oc2ncnc3c2cnn3-c2c(Cl)cccc2C#N)nc1,5.1
N#Cc1ccc(NC(=O)C(CN2CC(O)C2)Oc2ncnc3c2cnn3-c2c(Cl)cccc2Cl)nc1,5.2
O=C(Nc1ccc(F)cn1)C(CN1CC(O)C1)Oc1ncnc2c1cnn2-c1c(Cl)cccc1Cl,4.72
CC(CO)OCC(Oc1ncnc2c1cnn2-c1ncccc1Cl)C(=O)Nc1ccc(C#N)cn1,4.2
O=C(Nc1ccc(F)cn1)C(CN1CC(O)C1)Oc1ncnc2c1cnn2-c1ccccc1Cl,4.44
Cc1cnc(NC(=O)C(CN2CC(O)C2)Oc2ncnc3c2cnn3-c2c(Cl)cccc2Cl)cn1,4.21
O=C(Nc1ccc(F)cn1)C(COCCO)Oc1ncnc2c1cnn2-c1c(Cl)cccc1Cl,4.7
O=C(Nc1ccc(F)cn1)C(COCCO)Oc1ncnc2c1cnn2-c1c(F)cccc1Cl,4.5
O=C(Nc1ccc(F)cn1)C(CN1CC(O)C1)Oc1ncnc2c1cnn2-c1c(F)cccc1Cl,4.6
O=C(Nc1ccccn1)C(CN1CC(O)C1)Oc1ncnc2c1cnn2-c1c(F)cccc1Cl,4.1
O=C(Nc1ccc(Cl)cn1)C(COCCO)Oc1ncnc2c1cnn2-c1ncccc1Cl,4.3
N#Cc1cccc(Cl)c1-n1ncc2c(OC(CN3CC(O)C3)C(=O)Nc3ccc(F)cn3)ncnc21,4.3
O=C(Nc1ccc(F)cn1)C(COCCO)Oc1ncnc2c1cnn2-c1ccccc1Cl,4.4
N#Cc1ccc(NC(=O)C(COCCO)Oc2ncnc3c2cnn3-c2ncccc2Cl)nc1,4.3
O=C(Nc1ccc(Cl)cn1)C(COCCO)Oc1ncnc2c1cnn2-c1ccccc1Cl,4.8
N#Cc1ccc(NC(=O)C(CN2CC(O)C2)Oc2ncnc3c2cnn3-c2ccccc2Cl)nc1,5.0
O=C(Nc1ccc(Cl)cn1)C(CN1CC(O)C1)Oc1ncnc2c1cnn2-c1ncccc1Cl,4.3
CC(C)OCC(Oc1ncnc2c1cnn2-c1ccccc1Cl)C(=O)Nc1ccc(Cl)cn1,4.8
COc1cccc(-n2cc3nc(CC(C)C)n(CC4CCCN(CC5CCCO5)C4)c(=O)c3n2)c1,5.5
Cc1ccccc1-c1nc2ccc(-c3ccc(Cl)cc3)cc2c(=O)n1CC1CCCN(C(C)C)C1,5.06
CCCOc1cccc(-n2cc3nc(-c4cccnc4C)n(CC4CCCN(CC5CCCO5)C4)c(=O)c3n2)c1,5.14
COc1cccc(-n2cc3nc(-c4cccnc4C)n(CC4CCCN(CC5CCCO5)C4)c(=O)c3n2)c1,4.36
COc1cccc(-n2cc3nc(C)n(CC4CCCN(CC5CCCO5)C4)c(=O)c3n2)c1,5.54
COCCN1CCCC(Cn2c(-c3ccccc3C)nc3cc(-c4ccc(Cl)cc4)sc3c2=O)C1,5.68
CCOc1cccc(-n2cc3nc(-c4cccnc4C)n(CC4CCCN(CC5CCCO5)C4)c(=O)c3n2)c1,4.85
Cc1ncccc1-c1nc2cn(-c3ccccc3)nc2c(=O)n1CC1CCCN(CC2CCCO2)C1,4.92
COCCN1CCCC(Cn2c(-c3ccccc3C)nc3nc(-c4ccc(Cl)cc4)sc3c2=O)C1,5.43
COCCN1CCCC(Cn2c(-c3cccnc3C)nc3cn(-c4ccc(C#N)cc4)nc3c2=O)C1,4.68
Cc1ccccc1-c1nc2cn(-c3ccc(Cl)cc3)nc2c(=O)n1CC1CCCN(C(C)C)C1,5.46
COCCN1CCCC(Cn2c(-c3ccccc3C)nc3cn(-c4ccc(Cl)cc4)nc3c2=O)C1,5.6
Cc1ncccc1-c1nc2cn(-c3cccc(OC(F)F)c3)nc2c(=O)n1CC1CCCN(CC2CCCO2)C1,5.08
COc1ccc(-n2cc3nc(-c4cccnc4C)n(CC4CCCN(CC5CCCO5)C4)c(=O)c3n2)cc1,5.39
COc1ccc(-n2cc3nc(-c4ccccc4C)n(CC4CCCN(C(C)C)C4)c(=O)c3n2)cc1,4.96
Cc1ncccc1-c1nc2cn(-c3cccc(OC(C)C)c3)nc2c(=O)n1CC1CCCN(CC2CCCO2)C1,5.17
COCCN1CCCC(Cn2c(-c3cccnc3C)nc3cn(-c4cccc(OC)c4)nc3c2=O)C1,4.37
Cc1ccccc1-c1nc2cc(-c3ccc(Cl)cc3)sc2c(=O)n1CC1CCCN(C(C)C)C1,5.68
Cc1ccccc1-c1nc2cn(-c3cccc(Cl)c3)nc2c(=O)n1CC1CCCN(C(C)C)C1,5.0
COc1cccc(-n2cc3nc(-c4ccccc4C)n(CC4CCCN(C(C)C)C4)c(=O)c3n2)c1,4.82
Cc1ccccc1-c1nc2cn(-c3cccc(C#N)c3)nc2c(=O)n1CC1CCCN(C(C)C)C1,4.66
NC(=O)c1cc(-c2ccccc2F)sc1Nc1cccc(CN2CCOCC2)n1,6.79
CC(C)(O)COCc1cccc(Nc2sc(-c3c(F)cc(C(C)(C)O)cc3F)cc2C(N)=O)n1,4.92
CC(C)(O)c1ccc(-c2cc(C(N)=O)c(Nc3cccc(CN4CCOCC4)n3)s2)cc1,5.85
CC(O)CN(C)C1CCN(c2ccc(Nc3ncc4c5ccncc5n(C5CCC(C)CC5)c4n3)nn2)CC1,6.04
Fc1nccc2c3cnc(Nc4ccc(N5CCNCC5)cn4)nc3n(C3CCCC3)c12,6.14
Clc1nccc2c3cnc(Nc4ccc(N5CCNCC5)cn4)nc3n(C3CCCC3)c12,5.7
NC(=O)c1nnc(NC2CCCCC2N)cc1Nc1cccc(C2CC2)n1,5.4
CC(C)CC(CN)Nc1cc(Nc2cccc(C(C)(C)C)n2)c(C(N)=O)nn1,5.4
Cc1ccc(Nc2cc(NCCN)nnc2C(N)=O)nc1C(C)C,5.2
CCCc1cccc(Nc2cc(NC3CCCCC3N)nnc2C(N)=O)n1,5.2
Cc1nc(Nc2cc(NC3CCCCC3N)nnc2C(N)=O)ccc1Cl,5.4
CC(C)(C)c1cccc(Nc2cc(NC3CCCCC3N)nnc2C(N)=O)n1,5.9
CCCc1nc(Nc2cc(NC3CCCCC3N)nnc2C(N)=O)ccc1OC,5.4
CCc1cccc(Nc2cc(NC3CCCCC3N)nnc2C(N)=O)n1,5.2
NC(=O)c1nnc(NC2CCCCC2N)cc1Nc1ccc2c(n1)CCC2,5.1
CC(C)c1nc(Nc2cc(NCCN)nnc2C(N)=O)ccc1F,5.1
CC(C)c1cccc(Nc2cc(NC3CCCCC3N)nnc2C(N)=O)n1,5.1
COc1ccc(Nc2cc(NC3CCOCC3N)nnc2C(N)=O)nc1C(C)C,4.8
Cc1ccc(Nc2cc(NC3CCCCC3N)nnc2C(N)=O)nc1C,4.7
Cc1ccc(Nc2cc(NC3CCCCC3N)nnc2C(N)=O)nc1C(C)C,6.0
COc1ccc(Nc2cc(NCCN)nnc2C(N)=O)nc1C(C)C,4.9
COc1ccc(Nc2cc(NC3CCCCC3N)nnc2C(N)=O)nc1OC,5.3
CCCc1nc(Nc2cc(NCCN)nnc2C(N)=O)ccc1OC,5.0
CC(C)c1nc(Nc2cc(NC3CCOCC3N)nnc2C(N)=O)ccc1F,5.1
COc1ccc(Nc2cc(NC3CCCCC3N)nnc2C(N)=O)nc1C(C)C,5.7
Cc1nc(Nc2cc(NC3CCCCC3N)nnc2C(N)=O)ccc1F,4.8
CC(C)N(C)C1CCC(N2CCC(NC(=O)c3cccc(C(C)(C)C)c3)C2=O)C(CS(=O)(=O)C(C)C)C1,4.11
CC(n1cnc2cc(Cl)ccc2c1=O)C(O)(Cn1cncn1)c1ccc(F)cc1F,4.46
CC(c1nc(-c2ccc(C#N)cc2)cs1)C(O)(Cn1cncn1)c1ccc(F)cc1F,4.98
N#Cc1ccc(-c2ccc(CC(C#N)NC(=O)C3(N)CCOCC3)cc2)cc1,4.58
N#Cc1ccc(-c2ccc(CC(C#N)NC(=O)C3(N)CCCCC3)cc2)cc1,5.05
CSc1cc(-c2ccc(CC(C#N)NC(=O)C3CCCCN3)cc2)ccc1C#N,5.57
O=C(N1CCc2ncc(C(F)(F)F)cc2C1)C12CCOC1CC(NC1CCOCC1)C2,4.37
CNC(=O)c1cccc(C2CCN(C3CC4OCCC4(C(=O)N4COc5ccc(C(F)(F)F)cc5C4)C3)CC2)c1,5.51
O=C(O)c1cccc(C2CCN(C3CC4OCCC4(C(=O)N4COc5ccc(C(F)(F)F)cc5C4)C3)CC2)c1,4.54
O=C(N1CCc2ncc(C(F)(F)F)cc2C1)C12CCOC1CC(N1CCC(c3ccccc3)CC1)C2,5.24
COc1ccc(NC(=O)N2CCNCC2COc2cccnc2)cc1,4.51
c1cncc(OCC2CNCCN2c2nc3ncccc3o2)c1,4.14
NC1CCCCC1Nc1cc2nc[nH]c(=O)c2c(Nc2cccc3c(Cl)c[nH]c23)n1,4.7
NC1COCCC1Nc1cc2cc[nH]c(=O)c2c(Nc2cccc3cc[nH]c23)n1,4.6
Cc1c[nH]c2c(Nc3nc(NC4CCCCC4N)cc4cc[nH]c(=O)c34)cccc12,5.09
CC(C)CNCc1ccc(-c2ccccc2S(=O)(=O)N2CCCC2)cc1,5.62
Cc1cccc(-c2[nH]c(CNc3ccccc3F)nc2-c2ccc3ncnn3c2)n1,4.51
CCOC(=O)N1CCC(CN2CCC3(CC2)CN(S(C)(=O)=O)c2ncccc23)CC1,5.72
CCOC(=O)N1CCC(C)(CN2CCC3(CC2)CN(S(C)(=O)=O)c2ncccc23)CC1,5.44
COC(=O)N1CCC(C)(CN2CCC3(CC2)CN(S(C)(=O)=O)c2ncccc23)CC1,4.77
CC(C)OC(=O)N1CCC(C)(CN2CCC3(CC2)CN(S(C)(=O)=O)c2ncccc23)CC1,5.56
Cc1csc(C(=O)NC2CCC(NC(=O)c3cc(F)cnc3Oc3cccc(-c4ccc(CN5CC(C)NC(C)C5)cc4CN4CCOCC4)c3)CC2)n1,4.7
Cc1cc(C(=O)NC2CCC(NC(=O)c3cc(F)cnc3Oc3cccc(-c4ccc(O)cc4CN4CCOCC4)c3)CC2)nn1C,4.5
Cc1ccc(O)c(C(=O)NC2CCC(NC(=O)c3cc(F)cnc3Oc3cccc(-c4ccc(CN5CC(C)NC(C)C5)cc4CN4CCOCC4)c3)CC2)c1,5.2
Cc1ncc(CNC2CCN(CCn3c(=O)ccc4ccc(C#N)cc43)CC2)cc1C#N,4.58
Cc1nc(CNC2CCN(CCn3c(=O)ccc4ccc(C#N)cc43)CC2)ccc1C#N,5.28
Cc1ncc(CNC2CCN(CCn3c(=O)ccc4ncc(F)cc43)CC2)cc1C#N,4.16
COc1cnc2ccc(=O)n(CCN3CCC(NCc4cnc(C)c(C#N)c4)C(F)C3)c2c1,4.05
Cc1ncc(CNC2CCN(CCn3c(=O)ccc4c3ccc(=O)n4C)CC2)cc1C#N,4.48
COc1cnc2ccc(=O)n(CCN3CCC(NCc4cnc(OC)c(C#N)c4)CC3)c2c1,4.92
COc1cnc2ccc(=O)n(CCN3CCC(NCc4cnc(C)c(C#N)n4)CC3)c2c1,4.16
COc1ccc2c(ccc(=O)n2CCN2CCC(NCc3cnc(C)c(C#N)c3)CC2)n1,5.0
COc1ccc2ncc(=O)n(CCN3CCC(NCc4cnc(C)c(C#N)c4)CC3)c2n1,4.89
COc1ccc2ccc(=O)n(CCN3CCC(NCc4ccc5c(n4)NC(=O)CO5)CC3)c2n1,4.68
COc1cnc2ccc(=O)n(CCN3CCC(NC(=O)c4cnc(C)c(C#N)c4)CC3)c2c1,4.13
CC1CN(CC(=O)NC2C3CC4CC2CC(C(N)=O)(C4)C3)S(=O)(=O)N(c2c(Cl)cc(Cl)cc2Cl)C1,4.43
COc1ccc(CC(=O)N2CCC3(CC2)CN(C2CCc4cc(-c5ncccn5)ccc42)C3)cc1,5.54
Cc1cc(-c2ccc3c(c2)CCC3N2CC3(CCN(C(=O)Cc4cn5cc(C)sc5n4)CC3)C2)ncn1,5.16
COc1ccc2ncc(F)c(CCC34CCC(NCc5ccc6c(n5)NC(=O)CO6)(CC3)CO4)c2n1,6.22
COc1ccc2ncc(F)c(CC(O)C34CCC(NCc5ccc6c(n5)NC(=O)CO6)(CC3)CO4)c2n1,4.75
Cc1onc(C(=O)N2C3CCC2CC(Nc2cc(=O)n(C)c4cc(F)c(F)cc24)C3)c1C,4.8
Nc1nccn1CC(O)c1ccc(Cl)cc1F,4.22
Nc1nc(-c2ccc(F)cc2)cn1CC(O)c1ccc(C(F)(F)F)cc1Cl,4.6
Nc1nc(C2CC2)cn1CC(O)c1ccc(Cl)cc1Cl,5.35
Nc1nc2ccc(OC3CCOC3)nc2n1CC(O)c1ccc(C(F)(F)F)cc1Cl,4.78
Nc1nc2ccccc2n1CC(O)c1ccc(Cl)cc1Cl,4.99
Nc1nccn1CC(O)c1cccc(Cl)c1Cl,4.66
Cc1[nH]c(C=C2C(=O)Nc3ccc(F)cc32)c(C)c1NC(=O)CCN1CCN(C)CC1,4.72
CCN(CC)CCNC(=O)c1c(C)[nH]c(C=C2C(=O)Nc3ccc(F)cc32)c1C,6.3
COc1ccc(-n2cnc3c(-c4ccccc4C)csc3c2=O)cc1,5.01
C#CCNc1ccnc2sc3c(=O)n(-c4ccc(OC)cc4)cnc3c12,4.51
COc1ccc(-n2cnc3c(-c4ccccc4)csc3c2=O)cc1,4.97
Fc1cc(C(CC2CNC2)Oc2ccccc2F)ccc1Cl,5.85
Fc1cccc(OC(CC2CNC2)c2ccc(Cl)c(F)c2)c1,5.84
CCOCC(CC(C)C)NC(=O)C1CNCC(C(=O)N(c2cc(OCCCOC)c(C(C)C)cc2F)C2CC2)C1,5.26
CCOCC(CC(C)C)NC(=O)C1CNCC(C(=O)N(c2ccc(C(C)C)c(OCCCOC)n2)C2CC2)C1,5.48
CCOCC(CC(C)C)NC(=O)C1CNCC(C(=O)N(c2ccc(C(C)C)cn2)C2CC2)C1,5.16
N#Cc1ccc2[nH]c(C3CCN(CCn4c(=O)ccc5ncc(Oc6cccnc6)cc54)CC3)nc2c1,5.85
COc1cnc2ccc(=O)n(CCN3CCC(c4nc5cc(Cl)c(C)cc5[nH]4)CC3)c2c1,5.85
COc1cnc2ccc(=O)n(CCN3CCC(c4nc5cc(C#N)ccc5[nH]4)CC3)c2c1,5.35
COc1cnc2ccc(=O)n(CCN3CCN(c4nc5cc(C(F)(F)F)ccc5[nH]4)CC3)c2c1,5.0
COc1cnc2ccc(=O)n(CCN3CCC(c4nc5cc(C#N)c(C)cc5[nH]4)CC3)c2c1,5.0
O=c1ccc2ncc(F)cc2n1CCN1CCN(c2nc3cc(C(F)(F)F)ccc3[nH]2)CC1,6.0
COc1cnc2ccc(=O)n(CCN3CCC(c4nc5cc(Cl)ccc5[nH]4)CC3)c2c1,6.0
COc1cnc2ccc(=O)n(CCN3CCC(c4c[nH]c5cc(C(F)(F)F)ccc45)CC3)c2c1,5.75
COc1cnc2ccc(=O)n(CCN3CCC(c4nc5cc(C(F)(F)F)ccc5[nH]4)CC3)c2c1,6.0
COc1cnc2ccc(=O)n(CCN3CCC(C4C(=O)Nc5ccc(Cl)cc54)CC3)c2c1,5.32
COc1cnc2ncc(=O)n(CCN3CCC(c4nc5cc(Cl)c(C)cc5[nH]4)CC3)c2c1,5.0
Cc1cc2[nH]c(C3CCN(CCn4c(=O)ccc5ncc(F)cc54)CC3)nc2cc1Cl,5.92
COc1cnc2ccc(=O)n(CCN3CCC(c4c[nH]c5ccc(C#N)cc45)CC3)c2c1,5.7
COc1cnc2ccc(=O)n(CCN3CCN(c4nc5ccccc5[nH]4)CC3)c2c1,5.16
COc1cnc2ccc(=O)n(CCN3CCC(c4nc5cc(Cl)c(F)cc5[nH]4)CC3)c2c1,5.92
O=C(OCC1CCN(CC(O)CO)CC1)c1c2n(c3ccccc13)CCCO2,4.09
Cc1cccc(C(=O)Nc2cccc(NC(=O)c3cccc(C)c3)c2)c1,4.91
CN(C)Cc1ccc2c(c1)CCN(C(=O)c1cc3cc(Br)ncc3n1C)C2,4.51
Cc1cc2c(cc1CN(C)C)CCN(C(=O)c1cc3cc(Cl)ccc3n1C)C2,4.89
CN(C)Cc1ccc2c(c1)CCN(C(=O)c1cc3cc(Cl)ccc3n1C)C2,5.31
N#CC1CC2CCCC2N1C(=O)CC(N)Cc1cc(F)c(F)cc1F,4.26
Cc1nc(Nc2nc3cnc(N4CCN(C)CC4)cc3[nH]2)cc(C2CC2)c1F,5.06
CN1CCN(Cc2ccc3nc(Nc4ccc(C(F)(F)F)cn4)[nH]c3c2)CC1,4.67
Cc1ccc(Nc2nc3ccc(N4CCN(C)CC4)cc3[nH]2)nc1,4.9
CN1CCC(c2ccc3nc(Nc4ccc(C(F)(F)F)cn4)[nH]c3c2)CC1,5.37
O=C1NC(=O)C(Cc2coc3ccc(Cl)cc3c2=O)S1,6.87
Cc1ccc(F)cc1C(C)(C)CC(O)(Cc1cc2cc(-c3ccccc3)ncc2[nH]1)C(F)(F)F,5.42
CC(C)(CC(O)(Cc1cc2cc(N3CCOCC3)ncc2[nH]1)C(F)(F)F)c1ccccc1S(C)(=O)=O,4.7
COc1ccc(C(=O)NC(=O)Nc2ccc3c(c2)NC(=O)C3=Cc2[nH]c(C)c(C(=O)NCCN3CCCC3)c2C)c(F)c1,5.01
CN1CCC(CNc2ccn3ncc(-c4cccc(OC(F)(F)F)c4)c3n2)CC1,5.72
O=C(NOCCO)c1ccn2cncc2c1Nc1ccc(I)cc1F,5.68
CC(O)CONC(=O)c1ncc2cncn2c1Nc1ccc(I)cc1F,5.48
O=C(NOCCO)c1ncc2cncn2c1Nc1ccc(I)cc1F,5.48
CN(C)c1ccc(C=Cc2c(F)cccc2F)nc1,4.68
CN(C)c1ccc(C=Cc2c(F)cccc2Cl)cn1,4.22
CNc1ccc(C=Cc2c(F)cccc2Cl)cn1,4.7
CN(C)c1ccc(C=Cc2c(F)cccc2F)cc1,4.49
CNc1ccc(C=Cc2c(F)cccc2F)cc1,4.31
CNc1ccc(C=Cc2c(F)cccc2Cl)cc1,4.3
CN(C)c1ccc(C=Cc2c(F)cccc2Cl)nc1,4.68
CCOC(=O)c1cncc(C2(c3cnn(C)c3)NC(c3nc(-c4ccc(F)cc4)c[nH]3)Cc3c2[nH]c2ccccc32)c1,5.65
Cn1cc(C2(c3cc(C(=O)O)ccn3)NC(c3nc(-c4ccc(F)cc4)c[nH]3)Cc3c2[nH]c2ccccc32)cn1,4.71
CCOC(=O)c1ccnc(C2(c3cnn(C)c3)NC(c3nc(-c4ccc(F)cc4)c[nH]3)Cc3c2[nH]c2ccccc32)c1,5.92
Cn1cc(C2(c3cccc(C(=O)O)n3)NC(c3nc(-c4ccc(F)cc4)c[nH]3)Cc3c2[nH]c2ccccc32)cn1,5.06
Cn1cc(C2(c3cncc(C(=O)O)c3)NC(c3nc(-c4ccc(F)cc4)c[nH]3)Cc3c2[nH]c2ccccc32)cn1,4.92
CCOC(=O)c1cccc(C2(c3cnn(C)c3)NC(c3nc(-c4ccc(F)cc4)c[nH]3)Cc3c2[nH]c2ccccc32)n1,6.2
Cc1nc(C2(c3cnn(C)c3)NC(c3nc(-c4ccc(F)cc4)c[nH]3)Cc3c2[nH]c2ccccc32)no1,5.76
CCOC(=O)c1ccc(C2(c3cnn(C)c3)NC(c3nc(-c4ccc(F)cc4)c[nH]3)Cc3c2[nH]c2ccccc32)nc1,5.79
CN1Cc2cc(N3CCOCC3)ccc2C(c2ccc3sccc3c2)C1,6.0
CC1Cn2ncc(-c3ccc(S(C)(=O)=O)cc3)c2CN1c1ccnc2[nH]ccc12,5.82
CC1Cn2ncc(C3CCN(S(C)(=O)=O)CC3)c2CN1c1cc(Cl)nc2[nH]ccc12,4.9
CCNC(=O)N1CC2(CCN(CC3CCN(C(=O)OCC)CC3)CC2)c2cccnc21,6.64
CCOC(=O)N1CCC(CN2CCC3(CC2)CN(C(=O)N(CC)CC)c2ncccc23)CC1,5.59
CCOC(=O)N1CCC(CN2CCC3(CC2)CN(C(N)=O)c2ncccc23)CC1,6.72
CS(=O)(=O)c1ccc(-c2cnc3ccc(-c4cccc(S(=O)(=O)C5CC5)c4)nn23)cc1,6.4
C[S+]([O-])c1cccc(-c2ccc3ncc(-c4ccc(S(C)(=O)=O)cc4)n3n2)c1,5.4
C[S+]([O-])c1ccc(-c2cnc3ccc(-c4cccc([S+](C)[O-])c4)nn23)cc1,4.92
O=C(CNCC1(O)CCCCCC1)N1CCc2ccccc2C1C1CCCCC1,4.3
COc1ccccc1CCNCC(=O)N1CCc2ccccc2C1C1CCCCC1,5.08
O=C(CNCC1(O)CCCCC1)N1CCc2ccccc2C1C1CCCCC1,4.34
O=C(CNCC1CCCCC1)N1CCc2ccccc2C1C1CCCCC1,4.58
O=C1NC(=O)C(=Cc2ccccc2OCc2nnc(-c3ccccc3)o2)S1,4.39
O=C1NC(=O)C(=Cc2ccccc2OCc2nnc(OCc3c(Cl)cccc3Cl)o2)S1,4.54
CS(=O)(=O)c1ccc(-n2cc(Cl)c(OC3CCN(c4ncc(Cl)cn4)CC3)cc2=O)c(F)c1,5.85
O=C(NCCN1CCC(O)(Cc2ccc(F)cc2)CC1)Nc1ccnc2ccsc12,5.3
Cc1nc(-c2ccc(Cl)cc2)nc(OCCCN2CCCCC2)c1Cl,5.16
Cc1nc(-c2ccccc2)nc(OCCCN2CCCCC2)c1Cl,6.55
Cc1nc(-c2ccc(F)c(F)c2)nc(OCCCN2CCCCC2)c1Cl,5.85
Cc1nc(-c2ccccc2)nc(OCCCN2CCCC2)c1Cl,5.42
Cc1nc(-c2ccc(C(F)(F)F)cc2)nc(OCCCN2CCCCC2)c1Cl,5.58
Cc1ccc(-c2nc(C)c(Cl)c(OCCCN3CCCCC3)n2)cc1,6.02
Cc1nc(-c2ccc(F)cc2)nc(OCCCN2CCCCC2)c1Cl,5.81
CC1CN(C(=O)OC2(C(F)(F)F)COC2)CCN1c1ncc(OCc2ccc(S(C)(=O)=O)cc2F)cn1,4.96
CC1CN(c2nnc(C(F)(F)F)o2)CCN1c1ncc(OCc2ccc(-n3cnnn3)cc2F)cn1,5.24
CC1CN(c2nc(C(F)(F)F)no2)CCN1c1ncc(OCc2ccc(S(C)(=O)=O)cc2F)cn1,5.44
CC(C)c1noc(N2CCN(c3ncc(OCc4ccc(S(C)(=O)=O)cc4F)cn3)C(C)C2)n1,5.13
CC1CN(c2nnc(C(F)(F)F)o2)CCN1c1ncc(OCc2ccc(S(C)(=O)=O)cc2)cn1,5.03
CC1CN(c2nnc(C(F)(F)F)o2)CCN1c1ncc(OCc2ccc(S(C)(=O)=O)cc2C#N)cn1,5.19
CC1CN(c2nnc(C(F)(F)F)o2)CCN1c1ncc(OCc2ccc(S(C)(=O)=O)cc2F)cn1,5.16
CC1CN(c2nnc(C(F)(F)F)o2)CCN1c1ncc(OCc2ccc(C#N)cc2F)cn1,4.96
CC1CN(c2nc(C(F)(F)F)no2)CCN1c1ncc(OCc2ccc(C[S+](C)[O-])cc2F)cn1,4.55
CC1CN(c2nnc(C(F)(F)F)o2)CCN1c1ncc(OCc2ccc(OS(C)(=O)=O)cc2F)cn1,4.77
CC1CN(c2nnc(C(F)(F)F)o2)CCN1c1ncc(OCc2ccc(C#N)cc2C#N)cn1,5.44
O=C(NCCCCN1CCN(c2ccccc2)CC1)c1ccc2ncccc2c1,5.0
O=C(NCC1OC(=O)N2c3ccc(N4CCOCC4=O)cc3OCC12)c1ccc(Cl)s1,4.1
CC(C)(C)n1ncc2c1C(=O)CC1(CCN(C(=O)c3ccc4[nH]ncc4c3)CC1)C2,4.68
CC(C)n1ncc2c1C(=O)CC1(CCN(C(=O)c3ccc4[nH]ncc4c3)CC1)C2,4.64
CC(C)(C)n1cc2c(n1)C(=O)CC1(CCN(C(=O)c3ccc4[nH]ncc4c3)CC1)O2,4.47
CC(C)n1ncc2c1C(=O)CC1(CCN(C(=O)c3cnc4cc[nH]c4c3)CC1)C2,4.54
Clc1ccc(CN(C2CC2)C2CNC2)cc1Cl,5.33
CC(C)N(Cc1ccc(Cl)c(Cl)c1)CC1CNC1,5.26
Clc1cccc(CN(CC2CNC2)c2ccccc2)c1Cl,5.73
Cc1nn(C)c(C)c1N(C(F)F)S(=O)(=O)c1c(Cl)cc(CCCC2CCN(C)CC2)cc1Cl,6.22
C=CC(=O)Nc1cc(Nc2nccc(-c3cn(C)c4ccccc34)n2)c(OC)cc1N(C)CCN(C)C,4.79
C=CC(=O)Nc1cc(Nc2ncc(Cl)c(-c3cnn4ccccc34)n2)c(OC)cc1N1CCN(C)CC1,5.15
C=CC(=O)Nc1cc(Nc2ncc(Cl)c(-c3cnn4ccccc34)n2)c(OC)cc1N1CCC(N(C)C)C1,5.25
C=CC(=O)Nc1cc(Nc2ncc(Cl)c(-c3c[nH]c4ccccc34)n2)c(OC)cc1N(C)CCN(C)C,4.83
C=CC(=O)Nc1cc(Nc2nccc(-c3c[nH]c4ccccc34)n2)c(OC)cc1N(C)CCN(C)C,4.76
C=CC(=O)Nc1cc(Nc2nccc(-c3c[nH]c4ccccc34)n2)c(OC)cc1N1CCN(C)CC1,5.04
C=CC(=O)Nc1cc(Nc2ncc(Cl)c(-c3cn(C)c4ccccc34)n2)c(OC)cc1N(C)CCN(C)C,5.13
C=CC(=O)Nc1cc(Nc2ncc(Cl)c(-c3cnn4ccccc34)n2)c(OC)cc1N1CC(N(C)C)C1,5.4
C=CC(=O)Nc1cc(Nc2ncc(C#N)c(-c3cn(C)c4ccccc34)n2)c(OC)cc1N(C)CCN(C)C,5.37
OC(c1ccccc1)(c1ccccc1)C1CCN(Cc2ccc(-c3ccccc3)cc2)CC1,6.68
COc1ccc(CC(=O)N2CCC3(CC2)CN(C2CCc4cc(-c5cc(C)ncn5)ccc42)C3)c(C(N)=O)c1,4.33
NC(=O)c1ccc(-c2ccc3[nH]nc(-c4cncc(OC5CNCCC56CC6)n4)c3c2)c(F)c1,5.96
CS(=O)(=O)Nc1ccc(-c2ccc3[nH]nc(-c4cncc(OC5CNCCC56CC6)n4)c3c2)c(F)c1,5.64
Fc1cccc(F)c1-c1ccc2[nH]nc(-c3cncc(OC4CNCCC45CC5)n3)c2c1,5.43
Oc1ccc(-c2ccc3[nH]nc(-c4cncc(OC5CNCCC56CC6)n4)c3c2)c(F)c1,6.1
COC(=O)NC(C(=O)N1CC(C)CC1c1ncc(-c2ccc(-c3ccc(-c4cc5[nH]c(C6CC(C)CN6C(=O)C(NC(=O)OC)C(C)C)nc5s4)s3)cc2)[nH]1)C(C)C,4.6
COc1cc(C2CCN(CCO)CC2O)ccc1Nc1ncc2ccc(-c3ccccc3OC)n2n1,5.17
Cc1c(-c2ccc(F)cc2F)noc1-c1ccc2c(c1)CN(C(C)C)C2=O,5.97
CC(C)N1Cc2cc(-c3cc(-c4ccc(Cl)nc4)no3)ccc2C1=O,4.4
COc1ccc(-c2cc(-c3ccc4c(c3)CN(C(C)C)C4=O)on2)cn1,4.92
COC1(CC23CCC(NCc4ccc5c(n4)NC(=O)CO5)(CC2)CO3)Cn2c(=O)ccc3ncc(F)c1c32,5.14
O=C1COc2ccc(CNC34CCC(CC5(F)Cn6c(=O)ccc7ncc(F)c5c76)(CC3)OC4)nc2N1,4.86
COCCCOc1cc(C(=O)N(CC2CNCC2OC(=O)NCc2ccccc2)C(C)C)ccc1OC,4.89
CC(NC(=O)c1cc(F)cc(CN2C(=N)NC(C)(C(C)C)CC2=O)c1)c1ccccc1,5.05
c1ccc(C2CC3(N4CCCC4)CNCC2C(c2ccccc2)C3)cc1,5.58
CC(c1cc(C(=O)N(C)C)cc2c(=O)cc(N3CCOCC3)oc12)N(C)c1cc(F)cc(F)c1,4.72
Cc1nc(C#Cc2ccnc(Cl)c2)c(C)n1-c1ccc(OC(F)(F)F)cc1,6.0
Cc1nc(C#Cc2ccnc(Cl)c2)c(C)n1-c1ccc(F)cc1,5.15
CCOc1nc(NC(=O)C2(NC(=O)c3ccc4c(c3)c(C)c(-c3ccc(F)cn3)n4C3CCCCC3)CCC2)ccc1C=CC(=O)O,5.85
CCOc1nc(NC(=O)C2(NC(=O)c3ccc4c(C5CCCC5)c(-c5ccc(F)cn5)n(C)c4c3)CCC2)ccc1C=CC(=O)O,5.68
NC(=O)c1ccccc1OCCCN1CCN(c2cccc3c2ccn3S(=O)(=O)c2ccccc2)CC1,5.21
CC(=O)c1nn(-c2ccc(C)cc2)c(=Nc2nc(-c3ccccc3)cc(-c3ccccc3)c2C#N)s1,4.54
CC(=O)C1=NN(c2ccccc2)C(=C2SC(=Nc3nc(-c4ccccc4)cc(-c4ccccc4)c3C#N)N(c3ccccc3)C2=O)S1,5.24
N#Cc1c(-c2ccccc2)cc(-c2ccccc2)nc1NC(=S)Nc1ccccc1,4.32
N#Cc1c(-c2ccccc2)cc(-c2ccccc2)nc1N=c1scc(-c2ccccc2)n1-c1ccccc1,5.17
N#Cc1c(-c2ccccc2)cc(-c2ccccc2)nc1N=C1SC(=C2SC(C(=O)Nc3ccccc3)=NN2c2ccccc2)C(=O)N1c1ccccc1,5.47
N#Cc1c(-c2ccccc2)cc(-c2ccccc2)nc1N=c1sc(-c2ccccc2)nn1-c1ccccc1,5.12
CCOC(=O)C1=NN(c2ccccc2)C(=C2SC(=Nc3nc(-c4ccccc4)cc(-c4ccccc4)c3C#N)N(c3ccccc3)C2=O)S1,5.34
CCOC(=O)c1nn(-c2ccc(C)cc2)c(=Nc2nc(-c3ccccc3)cc(-c3ccccc3)c2C#N)s1,5.03
COc1ccc(-n2nc(C(C)=O)sc2=Nc2nc(-c3ccccc3)cc(-c3ccccc3)c2C#N)cc1,4.75
CCOC(=O)c1nn(-c2ccc(Cl)cc2)c(=Nc2nc(-c3ccccc3)cc(-c3ccccc3)c2C#N)s1,5.08
N#Cc1c(-c2ccccc2)cc(-c2ccccc2)nc1N=C1SC(=C2SC(c3ccccc3)=NN2c2ccccc2)C(=O)N1c1ccccc1,5.6
CCOC(=O)c1nn(-c2ccccc2)c(=Nc2nc(-c3ccccc3)cc(-c3ccccc3)c2C#N)s1,4.98
N#Cc1c(-c2ccccc2)cc(-c2ccccc2)nc1N=C1SCC(=O)N1c1ccccc1,4.34
CC(=O)c1nn(-c2ccccc2)c(=Nc2nc(-c3ccccc3)cc(-c3ccccc3)c2C#N)s1,4.49
O=c1cc(-c2ccnc(NC3CCOCC3)n2)ccn1C(CO)c1ccc(Cl)c(F)c1,4.84
CNC(=O)C12CC1C(n1cnc3c(NC)nc(C#Cc4ccc(Cl)s4)nc31)C(O)C2O,4.89
CNC(=O)C12CC1C(n1cnc3c(NC)nc(C#Cc4ccc(F)c(F)c4)nc31)C(O)C2O,4.57
CNC(=O)C12CC1C(n1cnc3c(NC)nc(C#Cc4cccs4)nc31)C(O)C2O,4.94
Cc1cc(C)nc(Nc2cc(NC3CCCCC3N)cnc2C(N)=O)c1,5.8
Cc1nc(Nc2cc(NC3CCCCC3N)cnc2C(N)=O)cc(OCC(C)(C)O)n1,4.75
Cc1cc(C)nc(Nc2cc(NCC(N)CCS(C)(=O)=O)cnc2C(N)=O)c1,4.85
Cc1cc(C)nc(Nc2cc(NCC(N)CC(F)F)cnc2C(N)=O)c1,5.28
Cc1cc(C)nc(Nc2cc(NC3CS(=O)(=O)CCC3N)cnc2C(N)=O)c1,4.54
Cc1cc(CC(C)(C)O)cc(Nc2cc(NC3CCCCC3N)cnc2C(N)=O)n1,5.23
NC(=O)c1ncc(NC2CCCCC2N)cc1Nc1cccc(C(F)(F)F)n1,6.22
Cc1cc(Nc2cc(NC3CCCCC3N)cnc2C(N)=O)nc(C)c1-c1cnn(C)c1,6.0
Cc1cc(Nc2cc(NC3CCCCC3N)cnc2C(N)=O)nc(-n2nccn2)n1,4.36
Cc1cc(C(C)(C)O)cc(Nc2cc(NC3CCCCC3N)cnc2C(N)=O)n1,5.19
COc1cc(C)nc(Nc2cc(NC3CCCCC3N)cnc2C(N)=O)c1,5.77
COc1cccc2[nH]c(-c3nc(NC4CCOCC4N)cnc3C(N)=O)cc12,4.66
COc1ccc(C(=O)Oc2ccc(S(=O)(=O)C3(C(=O)NO)CCC4(CCNCC4)C3)cc2)cc1,4.2
O=C(NO)C1(S(=O)(=O)c2ccc(Oc3ccc(OC(F)(F)F)cc3)cc2)CCC2(CCNCC2)C1,4.0
COc1ccc(Oc2ccc(S(=O)(=O)C3(C(=O)NO)CCC4(CCNCC4)C3)cc2)cc1,4.43
O=C(NO)C1(S(=O)(=O)c2ccc(OCc3ccc(OC(F)(F)F)cc3)cc2)CCC2(CCNCC2)C1,4.3
NC(=O)c1nnc(NC2CCCCC2N)nc1Nc1cccc2[nH]ccc12,5.43
NC(=O)c1nnc(NC2CCCCC2N)nc1Nc1cccc(-n2nccn2)c1,5.43
NC(=O)c1nnc(NC2CCCCC2N)nc1Nc1cccc2cc[nH]c12,4.59
NC(=O)c1ccc(NC2CCCCC2N)nc1Nc1cccc(-n2nccn2)c1,5.07
NC(=O)c1ncc(NC2CCCCC2N)nc1Nc1cccc(-n2nccn2)c1,5.0
NC(=O)c1ncc(NC2CCCCC2N)nc1Nc1cccc2cc[nH]c12,5.09
Fc1cccc(-n2cc(NCCN3CCCCC3)nn2)c1,5.28
Clc1ccc(-n2cc(NCCN3CCCCC3)nn2)cc1,5.51
Clc1ccc(Cn2cc(NCCN3CCCCC3)nn2)cc1Cl,5.66
Clc1ccc(-n2cc(NCCN3CCCCC3)nn2)c(Cl)c1,5.31
Fc1ccc(-n2cc(NCCN3CCCCC3)nn2)cc1F,5.66
CC1CCCC(C)N1CCNc1cn(Cc2ccc(F)cc2)nn1,6.22
C=C(F)COc1ccc(Cl)cc1C1CC1CN,5.4
NCC1CC1c1cc(Cl)ccc1OCCF,5.7
C=CCOc1ccc(Cl)cc1C1CC1CN,6.57
CC(COc1ccc(C2=NNC(=O)C3CC23)cc1)CN1CCCC1C,5.1
Cc1coc(C2CC3C(CF)SC(N)=NC3(c3ccc(F)cc3F)CO2)n1,4.71
Cc1cc(C2CC3C(CF)SC(N)=NC3(c3ccc(F)cc3F)CO2)on1,5.0
Cc1cc(C2CC3CSC(N)=NC3(c3ccc(F)cc3F)CO2)on1,5.8
Cc1cc(C2CC3C(C)SC(N)=NC3(c3ccc(F)cc3F)CO2)on1,5.68
CC1SC(N)=NC2(c3ccc(F)cc3F)COC(c3cnn(C)c3)CC12,5.32
Cn1cc(C2CC3CSC(N)=NC3(c3ccc(F)cc3F)CO2)cn1,5.31
Cc1coc(C2CC3CSC(N)=NC3(c3ccc(F)cc3F)CO2)n1,5.64
Cc1coc(C2CC3C(C)SC(N)=NC3(c3ccc(F)cc3F)CO2)n1,5.32
NC1=NC2(c3ccc(F)cc3F)COC(c3ncco3)CC2CS1,4.97
COc1nc2c(CCC34CCC(NCc5ccc6c(n5)NC(=O)CO6)(CC3)CO4)ccnc2cc1F,8.6
O=C1COc2ccc(CNC34CCC(CCc5ccnc6cc(Cl)cnc56)(CC3)OC4)nc2N1,8.31
COc1cc(C)c2nccc(CCC34CCC(NCc5ccc6c(n5)NC(=O)CO6)(CC3)CO4)c2n1,8.28
COc1cc2nccc(CCC34CCC(NCc5ccc6c(n5)NC(=O)CO6)(CC3)CO4)c2nc1C(=O)O,7.88
COc1ccc2ncc(C)c(CCC34CCC(NCc5ccc6c(n5)NC(=O)CO6)(CC3)CO4)c2n1,4.56
COc1ccc2ncc(S(C)(=O)=O)c(CCC34CCC(NCc5ccc6c(n5)NC(=O)CO6)(CC3)CO4)c2n1,5.81
COc1ccc2ncc(OC)c(CCC34CCC(NCc5ccc6c(n5)NC(=O)CO6)(CC3)CO4)c2n1,5.37
CCOC(=O)c1c(OC)cnc2c(CCC34CCC(NCc5ccc6c(n5)NC(=O)CO6)(CC3)CO4)ccnc12,8.1
Cc1cc(S(C)(=O)=O)nc2c(CCC34CCC(NCc5ccc6c(n5)NC(=O)CO6)(CC3)CO4)ccnc12,8.17
O=C1COc2ccc(CNC34CCC(CCc5c(F)cnc6ccc(O)nc56)(CC3)OC4)nc2N1,8.32
COc1nc2c(CCC34CCC(NCc5ccc6c(n5)NC(=O)CO6)(CC3)CO4)ccnc2cc1Cl,8.38
N#Cc1ccc2ncc(F)c(CCC34CCC(NCc5ccc6c(n5)NC(=O)CO6)(CC3)CO4)c2n1,8.41
COc1ccc2ncc(O)c(CCC34CCC(NCc5ccc6c(n5)NC(=O)CO6)(CC3)CO4)c2n1,5.71
CN(C)c1ccc2ncc(F)c(CCC34CCC(NCc5ccc6c(n5)NC(=O)CO6)(CC3)CO4)c2n1,8.08
O=C1COc2ccc(CNC34CCC(CCc5c(F)cnc6cc(Cl)cnc56)(CC3)OC4)nc2N1,8.48
Nc1ccc2ncc(F)c(CCC34CCC(NCc5ccc6c(n5)NC(=O)CO6)(CC3)CO4)c2n1,8.49
COc1cc(C)c2ncc(F)c(CCC34CCC(NCc5ccc6c(n5)NC(=O)CO6)(CC3)CO4)c2n1,8.54
COc1cc2nccc(CCC34CCC(NCc5ccc6c(n5)NC(=O)CO6)(CC3)CO4)c2nc1C#N,8.71
COC(=O)c1ccc2ncc(F)c(CCC34CCC(NCc5ccc6c(n5)NC(=O)CO6)(CC3)CO4)c2n1,8.06
COc1ccc2ncc(C(F)(F)F)c(CCC34CCC(NCc5ccc6c(n5)NC(=O)CO6)(CC3)CO4)c2n1,6.89
Cc1cc(C#N)nc2c(CCC34CCC(NCc5ccc6c(n5)NC(=O)CO6)(CC3)CO4)ccnc12,8.68
COc1ccc2ncc(C#N)c(CC(O)C34CCC(NCc5ccc6c(n5)NC(=O)CO6)(CC3)CO4)c2n1,8.67
CN(C)c1nc2c(CCC34CCC(NCc5ccc6c(n5)NC(=O)CO6)(CC3)CO4)ccnc2cc1C(F)(F)F,8.64
COc1cc(CCC23CCC(NCc4ccc5c(n4)NC(=O)CO5)(CC2)CO3)c2nc(OC)ccc2n1,8.38
COc1cc(OC)c2nccc(CCC34CCC(NCc5ccc6c(n5)NC(=O)CO6)(CC3)CO4)c2n1,8.75
COc1ccc2ncc(CO)c(CCC34CCC(NCc5ccc6c(n5)NC(=O)CO6)(CC3)CO4)c2n1,5.84
N#Cc1ccc2ncc(C#N)c(CCC34CCC(NCc5ccc6c(n5)NC(=O)CO6)(CC3)CO4)c2n1,8.78
O=C1COc2ccc(CNC34CCC(CCc5ccnc6cc(F)cnc56)(CC3)OC4)nc2N1,7.78
COc1cnc2c(CCC34CCC(NCc5ccc6c(n5)NC(=O)CO6)(CC3)CO4)ccnc2c1,7.81
COc1nc2c(CCC34CCC(NCc5ccc6c(n5)NC(=O)CO6)(CC3)CO4)c(F)cnc2cc1C(F)(F)F,8.77
Cc1nc2c(CCC34CCC(NCc5ccc6c(n5)NC(=O)CO6)(CC3)CO4)ccnc2cc1C#N,9.06
COc1ccc2ncc(Cl)c(CCC34CCC(NCc5ccc6c(n5)NC(=O)CO6)(CC3)CO4)c2n1,6.5
CN(C)c1nc2c(CCC34CCC(NCc5ccc6c(n5)NC(=O)CO6)(CC3)CO4)ccnc2cc1F,8.92
CCOc1cc(C)c2ncc(F)c(CCC34CCC(NCc5ccc6c(n5)NC(=O)CO6)(CC3)CO4)c2n1,8.92
COc1ccc2ncc(C#N)c(CCC34CCC(NCc5ccc6c(n5)NC(=O)CO6)(CC3)CO4)c2n1,6.43
O=C1COc2ccc(CNC34CCC(CCc5ccnc6ccc(C(F)(F)F)nc56)(CC3)OC4)nc2N1,9.0
COc1nc2c(CCC34CCC(NCc5ccc6c(n5)NC(=O)CO6)(CC3)CO4)ccnc2cc1C#N,8.8
O=C1COc2ccc(CNC34CCC(CCc5c(F)cnc6cc(C(F)(F)F)cnc56)(CC3)OC4)nc2N1,9.05
Cc1cc(S(C)(=O)=O)nc2c(CCC34CCC(NCc5ccc6c(n5)NC(=O)CO6)(CC3)CO4)c(F)cnc12,7.91
COc1ccc2ncc(C(F)F)c(CCC34CCC(NCc5ccc6c(n5)NC(=O)CO6)(CC3)CO4)c2n1,5.23
COc1cc2ncc(F)c(CCC34CCC(NCc5ccc6c(n5)NC(=O)CO6)(CC3)CO4)c2nc1OC,7.86
O=C1COc2ccc(CNC34CCC(CCc5ccnc6cc(C(F)(F)F)cnc56)(CC3)OC4)nc2N1,9.41
COc1nc2c(CCC34CCC(NCc5ccc6c(n5)NC(=O)CO6)(CC3)CO4)c(F)cnc2cc1F,9.14
COc1cc2nccc(CCC34CCC(NCc5ccc6c(n5)NC(=O)CO6)(CC3)CO4)c2nc1OC,8.85
CN(C)c1cnc2c(CCC34CCC(NCc5ccc6c(n5)NC(=O)CO6)(CC3)CO4)c(F)cnc2c1,7.74
COc1ccc2nccc(CCC34CCC(NCc5ccc6c(n5)NC(=O)CO6)(CC3)CO4)c2n1,6.25
O=C1COc2ccc(CNC34CCC(CCc5c(F)cnc6ccc(N7CCOCC7)nc56)(CC3)OC4)nc2N1,7.94
CC1c2nnc(-c3csc(-c4ccc(F)cc4F)n3)n2CCN1C(=O)c1ccc(-c2cccs2)cc1,5.85
Cc1noc(-c2nnc3n2CCN(C(=O)c2ccc(-c4cccs4)cc2)C3C)n1,5.29
Cc1cncc(-c2nnc3n2CCN(C(=O)c2ccc(-c4cccs4)cc2)C3C)n1,5.33
Cc1nsc(-c2nnc3n2CCN(C(=O)c2ccc(-c4cccs4)cc2)C3C)n1,5.1
Cc1cccc(-c2nnc3n2CCN(C(=O)c2ccc(-c4cccs4)cc2)C3C)n1,5.14
CC(C)c1nc(-c2nnc3n2CCN(C(=O)c2ccc(-c4cccs4)cc2)C3C)co1,5.14
Cc1nc(-c2nnc3n2CCN(C(=O)c2ccc(-c4cccs4)cc2)C3)cs1,4.57
Cc1nc(-c2nnc3n2CCN(C(=O)c2ccc(-c4cccs4)cc2)C3C)cs1,4.62
O=c1ccc2ncc(F)c3c2n1CC3(O)CC12CCC(NCc3cc(-c4cccs4)on3)(CC1)CO2,7.8
O=c1ccc2ncc(F)c3c2n1CC3(O)CC12CCC(NCc3cc4c(cn3)OCCO4)(CC1)CO2,5.58
O=c1ccc2ncc(F)c3c2n1CC3(O)CC12CCC(NCC=Cc3ccccc3)(CC1)CO2,7.19
O=c1ccc2ncc(F)c3c2n1CC3(O)CC12CCC(NCC=Cc3ccccn3)(CC1)CO2,7.19
O=c1ccc2ncc(F)c3c2n1CC3(O)CC12CCC(NCC(F)=Cc3cc(F)ccc3F)(CC1)CO2,7.8
O=C1COc2cnc(CNC34CCC(CC5(O)Cn6c(=O)ccc7ncc(F)c5c76)(CC3)OC4)cc2N1,4.93
O=c1ccc2ncc(F)c3c2n1CC3(O)CC12CCC(NCC=Cc3ccc(F)cc3)(CC1)CO2,7.19
O=c1ccc2ncc(F)c3c2n1CC3(O)CC12CCC(NCOc3cc(F)ccc3F)(CC1)CO2,7.19
O=c1ccc2ncc(F)c3c2n1CC3(O)CC12CCC(NCC=Cc3cc(F)ccc3F)(CC1)CO2,8.1
O=C1COc2cc(Cl)c(CNC34CCC(CC5(O)Cn6c(=O)ccc7ncc(F)c5c76)(CC3)OC4)nc2N1,4.56
O=c1ccc2ncc(F)c3c2n1CC3(O)CC12CCC(NCCCc3cc(F)ccc3F)(CC1)CO2,7.5
O=c1ccc2ncc(F)c3c2n1CC3(O)CC12CCC(NCC=Cc3c(F)cccc3F)(CC1)CO2,7.5
CC(C)N(C)C1CCC(NC(=O)CNC(=O)c2cccc(C(F)(F)F)c2)C(COc2ccccc2)C1,5.28
CC(C)CCC1CC(N(C)C(C)C)CCC1NC(=O)CNC(=O)c1cccc(C(F)(F)F)c1,5.57
CCCCC1CC(N(C)C(C)C)CCC1NC(=O)CNC(=O)c1cccc(C(F)(F)F)c1,6.44
CC(C)N(C)C1CCC(NC(=O)CNC(=O)c2cccc(C(F)(F)F)c2)C(CCc2ccccc2)C1,5.8
CCCC1CC(N(C)C(C)C)CCC1NC(=O)CNC(=O)c1cccc(C(F)(F)F)c1,4.5
Cc1cn(-c2ccc3n(c2=O)CCN(C(C)COc2ccc(F)cc2C(C)C(F)(F)F)C3=O)cn1,5.04
CNC(=O)c1ccc(-c2cc(F)c3ncc(Cc4ccc5ncccc5c4)n3c2)cc1F,4.03
Cc1nc(C2(c3cn[nH]c3)NC(c3nc(-c4ccc(F)cn4)c[nH]3)Cc3c2[nH]c2ccccc32)no1,5.38
CCn1cc(C2(c3nn(C)c(=O)o3)NC(c3nc(-c4ccc(F)cn4)c[nH]3)Cc3c2[nH]c2ccccc32)cn1,4.57
CCn1cc(C2(c3nn(CC(=O)O)c(=O)o3)NC(c3nc(-c4ccc(F)cn4)c[nH]3)Cc3c2[nH]c2ccccc32)cn1,4.52
CCn1cc(C2(c3nnc(SC)o3)NC(c3nc(-c4ccc(F)cn4)c[nH]3)Cc3c2[nH]c2ccccc32)cn1,5.8
c1ccc(-c2c[nH]c(C3Cc4c([nH]c5ccccc45)C(C4CCCCC4)N3)n2)nc1,6.7
CCn1nc(C2(c3cnn(C)c3)NC(c3nc(-c4ccc(F)cn4)c[nH]3)Cc3c2[nH]c2ccccc32)oc1=O,4.29
CCn1cc(C2(c3nn(CC4CC4)c(=O)o3)NC(c3nc(-c4ccc(F)cn4)c[nH]3)Cc3c2[nH]c2ccccc32)cn1,5.26
CCn1cc(C2(c3noc(C)n3)NC(c3nc(-c4ccc(F)cn4)c[nH]3)Cc3c2[nH]c2ccccc32)cn1,5.14
Cn1cc(C2(c3noc(CN)n3)NC(c3nc(-c4ccc(F)cn4)c[nH]3)Cc3c2[nH]c2ccccc32)cn1,5.43
CCn1cc(C2(c3nnc(S)o3)NC(c3nc(-c4ccc(F)cn4)c[nH]3)Cc3c2[nH]c2ccccc32)cn1,4.98
CCn1cc(C2(c3nnc(N(C)C)o3)NC(c3nc(-c4ccc(F)cn4)c[nH]3)Cc3c2[nH]c2ccccc32)cn1,5.26
Cc1nc(C2(c3cnn(CC4CC4)c3)NC(c3nc(-c4ccc(F)cn4)c[nH]3)Cc3c2[nH]c2ccccc32)no1,5.5
Cc1nnc(C2(c3cnn(C)c3)NC(c3nc(-c4ccc(F)cn4)c[nH]3)Cc3c2[nH]c2ccccc32)o1,5.5
c1ccc2c3c([nH]c2c1)C(C1CCCCC1)NC(c1nc(-c2ccncc2)c[nH]1)C3,7.05
CCn1cc(C2(c3nnc(O)o3)NC(c3nc(-c4ccc(F)cn4)c[nH]3)Cc3c2[nH]c2ccccc32)cn1,4.65
Cn1cc(C2(c3noc(O)n3)NC(c3nc(-c4ccc(F)cn4)c[nH]3)Cc3c2[nH]c2ccccc32)cn1,5.92
Cn1nc(C2(c3cn[nH]c3)NC(c3nc(-c4ccc(F)cn4)c[nH]3)Cc3c2[nH]c2ccccc32)oc1=O,4.67
CCc1nnc(C2(c3cnn(C)c3)NC(c3nc(-c4ccc(F)cn4)c[nH]3)Cc3c2[nH]c2ccccc32)o1,5.37
Cn1cc(C2(c3nnc(N)o3)NC(c3nc(-c4ccc(F)cn4)c[nH]3)Cc3c2[nH]c2ccccc32)cn1,4.45
CCc1nc(C2(c3cnn(C)c3)NC(c3nc(-c4ccc(F)cn4)c[nH]3)Cc3c2[nH]c2ccccc32)no1,5.02
CC(C)n1nc(C2(c3cnn(C)c3)NC(c3nc(-c4ccc(F)cn4)c[nH]3)Cc3c2[nH]c2ccccc32)oc1=O,4.55
Fc1ccc(-c2c[nH]c(C3Cc4c([nH]c5ccccc45)C(C4CCCCC4)N3)n2)nc1,6.77
CCn1cc(C2(c3nn(CCN(C)C)c(=O)o3)NC(c3nc(-c4ccc(F)cn4)c[nH]3)Cc3c2[nH]c2ccccc32)cn1,5.47
Cn1cc(C2(c3nn(C)c(=O)o3)NC(c3nc(-c4ccc(F)cn4)c[nH]3)Cc3c2[nH]c2ccccc32)cn1,4.59
CCn1cc(C2(c3nn(CC(N)=O)c(=O)o3)NC(c3nc(-c4ccc(F)cn4)c[nH]3)Cc3c2[nH]c2ccccc32)cn1,4.46
CCn1cc(C2(c3nn(CC)c(=O)o3)NC(c3nc(-c4ccc(F)cn4)c[nH]3)Cc3c2[nH]c2ccccc32)cn1,5.11
Cc1nc(C2(c3cnn(C)c3)NC(c3nc(-c4ccc(F)cn4)c[nH]3)Cc3c2[nH]c2ccccc32)no1,5.07
c1ccc2c3c([nH]c2c1)C(C1CCCCC1)NC(c1nc(-c2cnccn2)c[nH]1)C3,6.47
CCn1cc(C2(c3nnc(NC)o3)NC(c3nc(-c4ccc(F)cn4)c[nH]3)Cc3c2[nH]c2ccccc32)cn1,5.96
CCn1cc(C2(c3nnc(C)o3)NC(c3nc(-c4ccc(F)cn4)c[nH]3)Cc3c2[nH]c2ccccc32)cn1,5.07
c1cncc(-c2c[nH]c(C3Cc4c([nH]c5ccccc45)C(C4CCCCC4)N3)n2)c1,6.72
CCn1cc(C2(c3nn(C(C)C)c(=O)o3)NC(c3nc(-c4ccc(F)cn4)c[nH]3)Cc3c2[nH]c2ccccc32)cn1,5.11
O=C(NCCCNc1nc2ccccc2[nH]1)c1ccnc(C(F)(F)F)c1,4.65
O=C(NCCCNc1nc2ccccc2[nH]1)c1cc(Cl)cc(Cl)c1,5.93
COC1CCC(N2C(=O)CNc3ncc(-c4ccc(C(C)(C)O)nc4)nc32)CC1,4.48
Cc1cc(C)nc(N2CC3CN(C(=O)c4cccc(F)c4-n4nccn4)CC3C2)n1,5.22
Cc1cc(C)nc(N2CC3CN(C(=O)c4c(C)cccc4-n4nccn4)CC3C2)n1,5.16
COc1ccc(-n2nccn2)c(C(=O)N2CC3CN(c4nc(C)cc(C)n4)CC3C2)c1,5.09
Cc1ncc(OCC2(c3ccc(F)c(F)c3)CC2C(=O)Nc2ccc(F)cn2)c(C)n1,5.66
Cc1ncc(OCC2(c3cccc(F)c3)CC2C(=O)Nc2ccc(F)cn2)c(C)n1,5.21
Cc1ncc(OCC2(c3cc(F)cc(F)c3)CC2C(=O)Nc2ccc(F)cn2)c(C)n1,5.32
Cc1ncc(OCC2(c3ccc(F)cc3)CC2C(=O)Nc2ccc(F)cn2)c(C)n1,5.66
CNC(=O)c1ccc(-c2cc(Cl)cc(Cl)c2Cl)c(N)n1,4.52
O=C(NCCC(O)CN1CCN(c2cccc(Cl)c2Cl)CC1)c1cc2ccccc2[nH]1,6.42
CC1CN(c2ccc(C#N)cn2)CCC1Nc1c(C(N)=O)cnc2[nH]ccc12,4.54
COc1cccc2c1nc(N)n1nc(CN3CCN(c4cnc(C)s4)CC3C)nc21,4.75
COc1cccc2c1nc(N)n1nc(CN3CCN(c4nsnc4Cl)CC3C)nc21,4.61
COc1ccccc1N1CCN(Cc2nc3c4cccc(OC)c4nc(N)n3n2)C(C)C1,4.32
CCn1cc(N2CCN(Cc3nc4c5cccc(OC)c5nc(N)n4n3)C(C)C2)cn1,4.41
COc1cccc2c1nc(N)n1nc(CN3CCN(c4ccccc4F)CC3C)nc21,4.3
COc1cccc2c1nc(N)n1nc(CN3CCN(c4ccc(F)cc4)CC3C)nc21,5.81
COc1cccc2c1nc(N)n1nc(CN3CCN(c4ccncc4)CC3C)nc21,5.66
COc1ccc(N2CCN(Cc3nc4c5cccc(OC)c5nc(N)n4n3)C(C)C2)cc1,4.68
COc1cccc2c1nc(N)n1nc(CN3CCN(c4ccc(F)cn4)CC3C)nc21,4.66
COc1cccc2c1nc(N)n1nc(CN3CCN(c4cccc(F)c4)CC3C)nc21,4.62
COc1cccc2c1nc(N)n1nc(CN3CCN(c4ncc(C)s4)CC3C)nc21,4.33
COc1cccc(N2CCN(Cc3nc4c5cccc(OC)c5nc(N)n4n3)C(C)C2)c1,4.68
COc1cccc2c1nc(N)n1nc(CN3CCN(c4ccccn4)CC3C)nc21,4.59
COc1cc2c(cc1OC(C)C)C(c1ccc(Cl)cc1)N(c1ccc(N(C)CC3CCC(N4CCNC(=O)C4)CC3)cc1)C(=O)C2,4.8
CCC(C)Oc1cc2c(cc1OC)CC(=O)N(c1ccc(N(C)CC3CCC(N(C)C)CC3)cc1)C2c1ccc(Cl)cc1,5.89
COc1ccc(COc2cnn(CC(=O)c3ccc(CN(C)C)cc3C)c(=O)c2)nc1,4.8
O=C1COc2ccc(CNC34CCC(CCc5c(F)cnc6ccc(OCCCCO)nc56)(CC3)OC4)nc2N1,5.62
CCOc1ccc2ncc(F)c(CCC34CCC(NCc5ccc6c(n5)NC(=O)CO6)(CC3)CO4)c2n1,6.4
NCCOc1ccc2ncc(F)c(CCC34CCC(NCc5ccc6c(n5)NC(=O)CO6)(CC3)CO4)c2n1,4.76
O=C1COc2ccc(CNC34CCC(C(O)Cc5c(F)cnc6ccc(OCCO)nc56)(CC3)OC4)nc2N1,4.53
O=C1COc2ccc(CNC34CCC(CCc5c(F)cnc6ccc(OC7CC(O)CC(O)C7)nc56)(CC3)OC4)nc2N1,5.2
COC(=O)C1(COc2ccc3ncc(F)c(CCC45CCC(NCc6ccc7c(n6)NC(=O)CO7)(CC4)CO5)c3n2)CC1,5.8
NC1C(=O)NCC1Oc1ccc2ncc(F)c(CCC34CCC(NCc5ccc6c(n5)NC(=O)CO6)(CC3)CO4)c2n1,4.4
CCOC(=O)CCCOc1ccc2ncc(F)c(CCC34CCC(NCc5ccc6c(n5)NC(=O)CO6)(CC3)CO4)c2n1,6.0
NC1C(=O)NC1COc1ccc2ncc(F)c(CCC34CCC(NCc5ccc6c(n5)NC(=O)CO6)(CC3)CO4)c2n1,4.54
O=C1COc2ccc(CNC34CCC(CCc5c(F)cnc6ccc(OCC7(CO)CC7)nc56)(CC3)OC4)nc2N1,5.57
COC(=O)CCCCOc1ccc2ncc(F)c(CCC34CCC(NCc5ccc6c(n5)NC(=O)CO6)(CC3)CO4)c2n1,6.4
O=C1COc2ccc(CNC34CCC(CCc5c(F)cnc6ccc(OCC7CC(O)C(O)C7)nc56)(CC3)OC4)nc2N1,5.57
O=C1COc2ccc(CNC34CCC(CCc5c(F)cnc6ccc(OCc7cc(=O)c(O)c[nH]7)nc56)(CC3)OC4)nc2N1,5.28
O=C1COc2ccc(CNC34CCC(CCc5c(F)cnc6ccc(OCC(CO)CO)nc56)(CC3)OC4)nc2N1,4.98
N#CCCCOc1ccc2ncc(F)c(CCC34CCC(NCc5ccc6c(n5)NC(=O)CO6)(CC3)CO4)c2n1,5.05
NCCCOc1ccc2ncc(F)c(CCC34CCC(NCc5ccc6c(n5)NC(=O)CO6)(CC3)CO4)c2n1,5.1
NC1COC1COc1ccc2ncc(F)c(CCC34CCC(NCc5ccc6c(n5)NC(=O)CO6)(CC3)CO4)c2n1,5.48
CC(C)CCOc1ccc2ncc(F)c(CCC34CCC(NCc5ccc6c(n5)NC(=O)CO6)(CC3)CO4)c2n1,5.46
O=C1COc2ccc(CNC34CCC(CCc5c(F)cnc6ccc(OCCc7cc(=O)c(O)c[nH]7)nc56)(CC3)OC4)nc2N1,6.05
NCC1(COc2ccc3ncc(F)c(CCC45CCC(NCc6ccc7c(n6)NC(=O)CO7)(CC4)CO5)c3n2)CC1,5.12
O=C(O)CCCCOc1ccc2ncc(F)c(CCC34CCC(NCc5ccc6c(n5)NC(=O)CO6)(CC3)CO4)c2n1,4.36
O=C1COc2ccc(CNC34CCC(CCc5c(F)cnc6ccc(OCC(O)CO)nc56)(CC3)OC4)nc2N1,5.64
CC(C)(O)CCOc1ccc2ncc(F)c(CCC34CCC(NCc5ccc6c(n5)NC(=O)CO6)(CC3)CO4)c2n1,5.16
NC1COCC1Oc1ccc2ncc(F)c(CCC34CCC(NCc5ccc6c(n5)NC(=O)CO6)(CC3)CO4)c2n1,5.55
NC1(COc2ccc3ncc(F)c(CCC45CCC(NCc6ccc7c(n6)NC(=O)CO7)(CC4)CO5)c3n2)CC1,5.43
NCCCCOc1ccc2ncc(F)c(CCC34CCC(NCc5ccc6c(n5)NC(=O)CO6)(CC3)CO4)c2n1,5.1
O=C1COc2ccc(CNC34CCC(CCc5c(F)cnc6ccc(OCCCCCO)nc56)(CC3)OC4)nc2N1,6.16
NC(=O)C(F)(F)CCOc1ccc2ncc(F)c(CCC34CCC(NCc5ccc6c(n5)NC(=O)CO6)(CC3)CO4)c2n1,5.04
O=C1COc2ccc(CNC34CCC(CCc5c(F)cnc6ccc(OC7CCC7)nc56)(CC3)OC4)nc2N1,6.3
O=C1COc2ccc(CNC34CCC(CCc5c(F)cnc6ccc(OCC7(O)COC7)nc56)(CC3)OC4)nc2N1,4.91
CCOC(=O)COc1ccc2ncc(F)c(CCC34CCC(NCc5ccc6c(n5)NC(=O)CO6)(CC3)CO4)c2n1,5.07
NC1CC1COc1ccc2ncc(F)c(CCC34CCC(NCc5ccc6c(n5)NC(=O)CO6)(CC3)CO4)c2n1,6.7
COC(=O)C1CC1COc1ccc2ncc(F)c(CCC34CCC(NCc5ccc6c(n5)NC(=O)CO6)(CC3)CO4)c2n1,6.3
COCCOc1ccc2ncc(F)c(CCC34CCC(NCc5ccc6c(n5)NC(=O)CO6)(CC3)CO4)c2n1,4.76
O=C1COc2ccc(CNC34CCC(CCc5c(F)cnc6ccc(OCC(F)(F)F)nc56)(CC3)OC4)nc2N1,5.96
O=C1COc2ccc(CNC34CCC(CCc5c(F)cnc6ccc(OCCCO)nc56)(CC3)OC4)nc2N1,5.62
O=C1COc2ccc(CNC34CCC(CCc5c(F)cnc6ccc(OC(F)F)nc56)(CC3)OC4)nc2N1,6.16
CCOC(=O)C(F)(F)CCOc1ccc2ncc(F)c(CCC34CCC(NCc5ccc6c(n5)NC(=O)CO6)(CC3)CO4)c2n1,4.59
N#CC1(COc2ccc3ncc(F)c(CCC45CCC(NCc6ccc7c(n6)NC(=O)CO7)(CC4)CO5)c3n2)CC1,5.26
O=C1COc2ccc(CNC34CCC(CCc5c(F)cnc6ccc(OCC7CC7C(=O)O)nc56)(CC3)OC4)nc2N1,4.36
O=C1COc2ccc(CNC34CCC(CCc5c(F)cnc6ccc(OCCO)nc56)(CC3)OC4)nc2N1,4.6
NCC(O)COc1ccc2ncc(F)c(CCC34CCC(NCc5ccc6c(n5)NC(=O)CO6)(CC3)CO4)c2n1,5.48
Cc1cc(NCc2c(F)cccc2C(F)(F)F)c2cccc(C(N)=O)c2n1,6.4
Cc1cc(NCc2c(C)cccc2C)c2cccc(C(N)=O)c2n1,6.3
Cc1cc(NCc2c(Cl)ccc(Cl)c2Cl)c2cccc(C(N)=O)c2n1,6.3
COc1ccc2ncc(F)c(CCC34CCC(NCc5nc6c(c(C)c5C(C)C)OCC(=O)N6)(CC3)CO4)c2n1,5.92
COc1ccc2ncc(F)c(CCC34CCC(NCc5ccc6c(n5)NC(=O)C(C)O6)(CC3)CO4)c2n1,6.1
COC(=O)N(Cc1ccc2c(n1)NC(=O)CO2)C12CCC(CCc3c(F)cnc4ccc(OC)nc34)(CC1)OC2,5.21
COc1ccc2ncc(F)c(CCC34CCC(NCc5ccc6c(n5)N(C)C(=O)CO6)(CC3)CO4)c2n1,6.1
CCOC(=O)C1(C)Oc2ccc(CNC34CCC(CCc5c(F)cnc6ccc(OC)nc56)(CC3)OC4)nc2NC1=O,5.62
COc1ccc2ncc(F)c(CCC34CCC(NCc5nc6c(cc5F)OCC(=O)N6)(CC3)CO4)c2n1,5.89
COc1ccc2ncc(F)c(CC(O)C3CCC(NCc4nc5c(cc4F)OCC(=O)N5)CO3)c2n1,5.62
COc1ccc2ncc(F)c(CCC34CCC(NCc5ccc6c(n5)NC(=O)C(C)(C)O6)(CC3)CO4)c2n1,5.52
COc1ccc2ncc(F)c(CCC34CCC(NCc5nc6c(cc5C)OCC(=O)N6)(CC3)CO4)c2n1,6.0
COc1ccc2ncc(F)c(CCC34CCC(NCc5nc6c(cc5Cl)OCC(=O)N6)(CC3)CO4)c2n1,5.24
COc1ccc2ncc(F)c(CCC34CCC(NCc5nc6c(c(C)c5F)OCC(=O)N6)(CC3)CO4)c2n1,6.05
COc1ccc2ncc(F)c(CCC34CCC(N(C)Cc5ccc6c(n5)NC(=O)CO6)(CC3)CO4)c2n1,5.92
CCc1c(CNC23CCC(CCc4c(F)cnc5ccc(OC)nc45)(CC2)OC3)nc2c(c1C)OCC(=O)N2,6.16
C=Cc1c(CNC23CCC(CCc4c(F)cnc5ccc(OC)nc45)(CC2)OC3)nc2c(c1C)OCC(=O)N2,6.3
COc1ccc2ncc(F)c(CCC34CCC(NCc5cc(C)c6c(n5)NC(=O)CO6)(CC3)CO4)c2n1,6.52
COc1ccc2ncc(F)c(CCC34CCC(NCc5nc6c(c(C)c5C)OCC(=O)N6)(CC3)CO4)c2n1,6.3
Cc1nsc(-c2nnc3n2CCN(C(=O)c2ccc(F)cc2)C3)n1,4.3
Cc1nsc(-c2nnc3n2CCN(C(=O)c2ccc(Cl)cc2)C3C)n1,4.18
CC(C)c1noc(-c2nnc3n2CCN(C(=O)c2ccc(F)cc2)C3C)n1,5.8
Cc1nsc(-c2nnc3n2CCN(C(=O)c2ccccc2)C3C)n1,4.3
Cc1nsc(-c2nnc3n2CCN(C(=O)c2ccc(F)cc2)C3CCO)n1,4.3
O=C1COc2ccc(CNC3CCN(CCn4c(=O)ccc5ncc(Oc6cncc(F)c6)cc54)CC3)nc2N1,4.1
Cc1ncc(CNC2CCN(CCn3c(=O)ccc4ncc(Oc5ccc(S(N)(=O)=O)cc5)cc43)CC2)cc1Cl,4.09
CN(C)CC1CCN(C(=O)Nc2nc3c(s2)-c2nc(C(C)(C)C)sc2CC3)C1C(N)=O,5.24
COc1cc(-c2cn(C3CC(C)c4ccccc4N(CC(F)(F)F)C3=O)nn2)ccc1-n1cnc(C)c1,5.17
COc1cc(-c2cn(C3CCc4c(ccc(Br)c4F)N(CC(F)(F)F)C3=O)nn2)ccc1-n1cnc(C)c1,6.28
COc1cc(-c2cn(C3CCc4ccccc4NC3=O)nn2)ccc1-n1cnc(C)c1,4.75
COc1cc(-c2cn(C3CSc4ccccc4N(CC(F)(F)F)C3=O)nn2)ccc1-n1cnc(C)c1,5.32
COc1cc(-c2cn(C3CCc4ccccc4N(Cc4ccccn4)C3=O)nn2)ccc1-n1cnc(C)c1,5.12
COc1cc(-c2cn(C3CCc4c(ccc5ccccc45)N(CC(F)(F)F)C3=O)nn2)ccc1-n1cnc(C)c1,6.05
COc1cc(-c2cn(C3CCc4ccccc4N(Cc4cccnc4)C3=O)nn2)ccc1-n1cnc(C)c1,5.35
COc1cc(-c2cn(C3CCc4ccccc4N(Cc4ccccc4)C3=O)nn2)ccc1-n1cnc(C)c1,6.0
COc1cc(-c2cn(C3CCc4ccccc4N(C)C3=O)nn2)ccc1-n1cnc(C)c1,5.39
COc1cc(-c2cn(C3CCc4ccccc4N(CC4(C)COC4)C3=O)nn2)ccc1-n1cnc(C)c1,4.74
COc1cc(-c2cn(C3CCc4cc(F)ccc4N(CC(F)(F)F)C3=O)nn2)ccc1-n1cnc(C)c1,5.57
COc1cc(-c2cn(C3CCc4ccccc4N(Cc4ccncc4)C3=O)nn2)ccc1-n1cnc(C)c1,5.21
COc1cc(-c2cn(C3CCc4cccnc4N(CC(F)(F)F)C3=O)nn2)ccc1-n1cnc(C)c1,5.06
COc1cc(-c2cn(C3CCc4c(F)cc(F)cc4N(CC(F)(F)F)C3=O)nn2)ccc1-n1cnc(C)c1,5.74
COc1cc(-c2cn(C3CCC4CCCCC4N(Cc4ccccc4)C3=O)nn2)ccc1-n1cnc(C)c1,5.05
COc1cc(-c2cn(C3CCc4ccccc4N(CC4CC4)C3=O)nn2)ccc1-n1cnc(C)c1,5.8
COc1cc(-c2cn(C3CCc4ccccc4N(CCF)C3=O)nn2)ccc1-n1cnc(C)c1,5.49
COc1cc(-c2cn(C3CCc4ccccc4N(CC(F)(F)F)C3=O)nn2)ccc1-n1cnc(C)c1,5.45
COc1cc(-c2cn(C3CCc4c(F)cccc4N(CC(F)(F)F)C3=O)nn2)ccc1-n1cnc(C)c1,5.58
COc1cc(-c2cn(C3(C)CCc4ccccc4N(CC(F)(F)F)C3=O)nn2)ccc1-n1cnc(C)c1,5.22
COc1cc(-c2cn(C3CCc4ccccc4N(CC(F)F)C3=O)nn2)ccc1-n1cnc(C)c1,5.05
COc1cc(C(O)CN2CCN(CC(O)c3ccc4c(c3C)COC4=O)CC2)ccc1C#N,5.77
Cc1c(C(O)CN2CCN(CC(O)c3ncc(C#N)cc3Cl)CC2)ccc2c1COC2=O,5.24
COc1cc(CCN2CCN(CC(C)c3ccc4c(c3C)COC4=O)CC2)ccc1C#N,5.55
COc1cc(CCN2CCN(CC(OC)c3ccc4c(c3C)COC4=O)CC2)ccc1C#N,5.05
[2H]C([2H])([2H])Oc1cc(C(O)CN2CCN(CC(O)c3ccc4c(c3C)COC4=O)CC2)ncc1C#N,4.7
COc1cc(CCN2CCN(CC(O)c3ccc4c(c3C)COC4=O)CC2)ccc1C#N,5.05
CCOc1cc(C(O)CN2CCN(CC(O)c3ccc4c(c3C)COC4=O)CC2)ncc1C#N,5.11
Cc1c(C(O)CN2CCN(CC(O)c3ccc(C#N)cn3)CC2)ccc2c1COC2=O,4.55
COc1cc(C(O)CN2CCN(CC(O)c3ccc4c(c3C)COC4=O)CC2)nc(C)c1C#N,5.24
COc1cc(CCN2CCN(CC(F)c3ccc4c(c3C)COC4=O)CC2)ccc1C#N,5.62
COc1cc(CC(C)N2CCN(CCc3ccc4c(c3C)COC4=O)CC2)ccc1C#N,5.89
COc1cc(C(C)(C)CN2CCN(CCc3ccc4c(c3C)COC4=O)CC2)ccc1C#N,5.92
COc1cc(C(O)CN2CCN(CC(O)c3ccc4c(c3C)COC4=O)CC2)ncc1C#N,4.77
CCOC(CN1CCN(CCc2ccc(C#N)c(OC)c2)CC1)c1ccc2c(c1C)COC2=O,5.46
Cc1c(C(O)CN2CCN(CC(O)c3cc(C4CC4)c(C#N)cn3)CC2)ccc2c1COC2=O,5.0
COc1cc(C(O)CN2CCN(CCc3ccc4c(c3C)COC4=O)CC2)ccc1C#N,5.66
COc1cc(C(C)CN2CCN(CCc3ccc4c(c3C)COC4=O)CC2)ccc1C#N,5.96
Cc1c(C(O)CN2CCN(CC(O)c3cc(C(F)(F)F)c(C#N)cn3)CC2)ccc2c1COC2=O,5.32
COc1cc(CCN2CCN(CCc3ccc4c(c3C)COC4=O)CC2)ccc1C#N,5.68
Cc1nc(C(O)CN2CCN(CC(O)c3ccc4c(c3C)COC4=O)CC2)ccc1C#N,4.77
O=c1c2cc(-c3ccc(Cl)cc3)cn2ncn1-c1ccc(N2CCC(N3CC(O)C3)C2)nc1,5.7
O=c1c2cc(-c3ccc(Cl)cc3)cn2ncn1-c1ccc(N2CC(O)C2)nc1,5.48
CNC1CCN(c2ccc(-n3cnn4cc(-c5ccc(Cl)cc5)cc4c3=O)cn2)C1,5.52
Nc1nc(NC2CCNCC2)c2sc(-c3ccc(C(F)(F)F)cc3)cc2n1,6.05
Nc1nc(NC2CCOCC2)c2sc(-c3ccc(C(F)(F)F)cc3)cc2n1,6.16
Nc1nc(NC2CCNC2)c2sc(-c3ccc(C(F)(F)F)cc3)cc2n1,5.62
Nc1nc(N2CCC(N)CC2)c2sc(-c3ccc(C(F)(F)F)cc3)cc2n1,5.21
COc1cc2ncnc(Nc3cccc(Cl)c3F)c2cc1CN1CCOCC1,4.77
COCc1cnc(N2CCC(C3CC3COCc3ccc(S(C)(=O)=O)cc3F)CC2)nc1,4.89
Cc1nn(-c2ccnc(Nc3ccc4c(c3)c(Cl)c(C)n4C)n2)cc1CN1CC(O)C1,4.62
Cc1nn(-c2ccnc(Nc3ccc4c(c3)c(C)c(C)n4C)n2)cc1CN1CC(O)C1,4.9
NC1=NC(=O)C2CCCN2c2ccc(cc2)OCCCCCCNCC(=O)Nc2c(Cl)cc(cc2Cl)CN1,4.5
Cc1ncn(-c2cc(Cl)c(C(=O)NCC(c3cccc(F)c3)c3ccc4[nH]c(C)nc4c3)c(Cl)c2)n1,4.7
Cc1ncn(-c2cc(Cl)c(C(=O)NCC(c3cccc(F)c3)c3nc4c(C)cc(Cl)cc4[nH]3)c(Cl)c2)n1,5.52
COc1cc2nc(C(CNC(=O)c3c(Cl)cc(-n4cnc(C)n4)cc3Cl)c3cccc(F)c3)[nH]c2cc1Cl,4.96
Cc1ncn(-c2cc(Cl)c(C(=O)NCC(c3cccc(F)c3)c3nc4ccc(Cl)cc4[nH]3)c(Cl)c2)n1,5.27
CS(=O)(=O)c1ccc(-c2cnc3ccc(-c4cccc(S(C)(=O)=O)c4)nn23)cc1,6.05
CS(=O)(=O)c1ccc(-c2cnn3ccc(-c4cccc(S(=O)(=O)C5CC5)c4)cc23)cc1,5.85
CS(=O)(=O)c1ccc(-c2cnn3ccc(-c4cccc(S(=O)(=O)C5CC5)c4)nc23)cc1,6.3
CS(=O)(=O)c1ccc(-c2cnc3ccc(-c4cccc(S(C)(=O)=O)c4)cn23)cc1,5.32
Fc1ccc2c(C3CCN(CCCOc4ccc(-c5nc6ccccc6o5)cc4)CC3)noc2c1,5.42
Fc1ccc2c(C3CCN(CCCOc4ccc(Cc5nc6ccccc6o5)cc4)CC3)noc2c1,5.22
Fc1ccc2c(C3CCN(CCCOc4ccc(CCc5nc6ccccc6o5)cc4)CC3)noc2c1,6.2
O=C(c1ccc(F)cc1F)C1CCN(CCCOc2ccc(-c3nc4ccccc4o3)cc2)CC1,6.07
CC(c1ccc(OCCCN2CCC(c3noc4cc(F)ccc34)CC2)cc1)c1nc2ccccc2o1,6.0
NC1=NC2(CO1)c1cc(-c3cncc(OCC(F)(F)C(F)F)c3)ccc1OCC21CC1,5.78
NC1=NC2(c3cc(-c4cncnc4)ccc3OCC23CC3)c2cccc(F)c21,5.37
CC#Cc1cncc(-c2ccc3c(c2)C2(COC(N)=N2)C2(COC2)C(CC)O3)c1,5.1
CC#Cc1cncc(-c2ccc3c(c2)C2(COC(N)=N2)C2(COC2)C(CCC)O3)c1,5.27
CC#Cc1cncc(-c2ccc3c(c2)C2(COC(N)=N2)C2(CC2)CO3)c1,5.7
NC1=NC2(CO1)c1cc(-c3cnc4[nH]ccc4c3)ccc1OCC21CC1,5.04
CC#Cc1cncc(-c2cc3c(cc2F)OCC2(CC2)C32COC(N)=N2)c1,5.37
CC#Cc1cncc(-c2ccc3c(c2)C2(CSC(N)=N2)C2(COC2)CO3)c1,5.22
COc1ccnc(-c2ccc3c(c2)C2(COC(N)=N2)C2(COC2)C(C)(C)O3)c1,5.01
CC#Cc1cncc(-c2ccc3c(c2)C2(COC(N)=N2)C2(COC2)CO3)c1,5.03
NC1=NC2(CO1)c1cc(-c3cncc(OC(F)F)c3)ccc1OCC21CC1,5.56
NC1=NC2(CO1)c1cc(Br)ccc1OC(Cc1ccccc1)C21COC1,5.1
CCOc1cncc(-c2ccc3c(c2)C2(COC(N)=N2)C2(CC2)CO3)c1,5.24
NC1=NC2(CO1)c1cc(-c3cncc(C4CC4)c3)ccc1OCC21CC1,5.46
NC1=NC2(CO1)c1cc(-c3cncnc3)ccc1OC(Cc1ccccc1)C21COC1,5.11
NC1=NC2(CO1)c1cc(-c3cncnc3)ccc1OCC21CCC1,5.28
CC#Cc1cncc(-c2ccc3c(c2)C2(COC(N)=N2)C2(COC2)C(CC2CC2)O3)c1,5.28
NC1=NC2(CO1)c1cc(-c3cncc4ccccc34)ccc1OC1(CCC1)C21COC1,5.43
NC1=NC2(CO1)c1cc(-c3cnc4[nH]cc(Cl)c4c3)ccc1OCC21CC1,5.35
NC1=NC2(CO1)c1cc(-c3cncc(OCC(F)F)c3)ccc1OCC21CC1,5.16
COc1cncc(-c2ccc3c(c2)C2(COC(N)=N2)C2(COC2)C2(CCC2)O3)c1,5.08
NC1=NC2(CO1)c1cc(-c3cncc(OCC(F)(F)F)c3)ccc1OCC21CC1,5.24
Cc1cc(Cl)cnc1C(=O)Nc1ccc2c(c1)C1(COC(N)=N1)C1(CC1)CO2,5.31
CC1(C)Oc2ccc(NC(=O)c3ccc(Cl)cn3)cc2C2(COC(N)=N2)C12COC2,4.68
CCc1cncc(-c2ccc3c(c2)C2(COC(N)=N2)C2(CC2)CO3)c1,5.35
NC1=NC2(CO1)c1cc(NC(=O)c3ccc(Cl)cn3)ccc1OCC21CC1,5.66
CC1(C)Oc2ccc(NC(=O)c3ccc(Cl)cn3)cc2C2(COC(N)=N2)C12CC2,5.49
NC1=NC2(CO1)c1cc(-c3cc(Cl)cnc3F)ccc1OCC21CC1,5.49
COc1cncc(-c2ccc3c(c2)C2(COC(N)=N2)C2(CC2)CO3)c1,5.1
CC1(C)Oc2ccc(NC(=O)c3cnc(C(F)F)cn3)cc2C2(COC(N)=N2)C12CC2,4.82
COc1cnc(C(=O)Nc2ccc3c(c2)C2(COC(N)=N2)C2(CC2)C(C)(C)O3)cn1,4.68
Clc1ccc(Cn2c(C=CC3CCN(CC4CCCCC4)C3)nc3cc(Br)ccc32)cc1,5.96
Cc1cc2nc(CC3CCCC3)n(Cc3ccc(Cl)cc3)c2cc1C,5.89
Cc1cc2nc(C(C)Cc3ccncc3)n(Cc3ccc(Cl)cc3)c2cc1C,5.06
Cc1cc2nc(CC3CCCNC3)n(Cc3ccc(Cl)cc3)c2cc1C,6.31
O=C1CCCN1Cc1nc2ccccc2n1Cc1ccc(Cl)cc1,5.16
Cc1cc2nc(CC3CC4CCC(C3)N4)n(Cc3ccc(Cl)cc3)c2cc1C,5.37
Cc1cc2nc(C=CC3CCCN3C)n(Cc3ccc(Cl)cc3)c2cc1C,6.01
Cc1cc2nc(C=Cc3ccccc3)n(Cc3ccc(Cl)cc3)c2cc1C,5.4
Cc1cc2nc(CC3CCNC(C)C3)n(Cc3ccc(Cl)cc3)c2cc1C,6.24
O=c1ccc(-c2nc3cc(Cl)c(Cl)cc3n2Cc2ccc(Cl)c(Cl)c2)c[nH]1,5.3
Cc1ccc2nc(CN3CCCC3)n(Cc3ccc(Cl)cc3)c2c1,6.19
Cc1cc2nc(C=CC3CCNC3)n(Cc3ccc(Cl)cc3)c2cc1C,5.8
COc1ccc2nc(CN3CCCC3CO)n(Cc3ccc(Cl)cc3)c2c1,5.3
Cc1cc2ncn(Cc3ccc(Cl)cc3)c2cc1C,5.16
CCOCC12Cc3cnn(-c4ccc(F)cc4)c3C=C1CCN(S(=O)(=O)c1ccc(C(F)(F)F)cc1)C2,6.1
O=C(c1ccccn1)C12Cc3cnn(-c4ccc(F)cc4)c3C=C1CCN(S(=O)(=O)c1ccc(F)cc1)C2,6.01
O=C(c1ccccn1)C12Cc3cnn(-c4ccc(F)cc4)c3C=C1CCN(S(=O)(=O)c1ccc(C(F)(F)F)cc1)C2,5.3
Cc1noc(C2CC2C(=O)NCc2ccc(-c3cccc(OC(F)(F)F)c3)c3c2CN(C(=O)NC(C)(C)C)CC3)n1,5.63
NC1CC(N2Cc3cn(S(=O)(=O)C4CC4)nc3C2)COC1c1cc(F)ccc1F,4.68
CS(=O)(=O)n1cc2c(n1)CN(C1COC(c3cc(F)ccc3F)C(N)C1)C2,4.41
CC(C)(C)n1nnc2c1CCC(n1cnc(-c3ccc(F)cc3)n1)C2,5.2
Fc1ccc(OCc2cc(OCC3(F)COC3)nc(-c3ccccn3)n2)c(F)c1F,5.2
CC1(C#N)CN(c2cc(COc3ccc(F)c(F)c3F)nc(-c3ccccn3)n2)C1,5.0
O=[N+]([O-])c1ccc(S(=O)(=O)N2CCC(CN3CCC(c4noc5cc(F)ccc45)CC3)CC2)cc1,5.42
O=S(=O)(c1ccc(C(F)(F)F)cc1)N1CCC(CN2CCC(c3noc4cc(F)ccc34)CC2)CC1,5.86
O=C(O)C1CN(Cc2ccc(OCc3ccc(Cl)c(Cl)c3)cc2)C1,4.11
COCCCN1CC2C(CNC(=O)c3nc(C(C)C)n4ccccc34)C2C1,5.29
O=C(c1ccc(Cl)c(C(F)(F)F)c1)N1CCN(c2cc(=O)[nH]c(=O)n2Cc2ccc(OS(=O)(=O)c3cccc4cnccc34)cc2)CC1,4.32
CC1Cc2c(ncnc2Oc2ccc3c(ccn3C(=O)Nc3cccc(C(F)(F)F)c3)c2)CN1,4.97
CC(C)(C)c1cc(NC(=O)n2ccc3cc(Oc4ncnc5c4CCNC5)ccc32)no1,5.16
CNCc1cc(Oc2ccc3c(ccn3C(=O)Nc3ccc(F)c(C(F)(F)F)c3)c2)ncn1,5.24
CC1Cc2c(ncnc2Oc2ccc3c(ccn3C(=O)Nc3cc(C4(C)CC4)[nH]n3)c2)CN1,4.56
CC1Cc2c(ncnc2Oc2ccc3c(ccn3C(=O)Nc3cc(C(C)(C)C)on3)c2)CN1,4.96
CC(C)(C)c1cc(NC(=O)n2ccc3cc(Oc4ncnc5c4CNC5)ccc32)no1,4.63
CC1CC(N)CC(c2ccncc2NC(=O)c2ccc(F)c(-c3c(F)cccc3F)n2)C1,4.92
CCc1nnc(C2C3CN(C(=O)c4ccc(CC5CCC(C(O)c6ccccc6)N5)cc4)CC32)o1,4.44
Cn1nnc(C2C3CN(C(=O)c4ccc(CC5CCC(C(O)c6ccccc6)N5)cc4)CC32)n1,4.77
CCOC(=O)C1C2CN(C(=O)c3ccc(CC4CCC(C(O)c5ccccc5)N4)cc3)CC21,5.16
CC1(C)CC2(CCN(C(=O)c3ccc(CC4CCC(C(O)c5ccccc5)N4)cc3)CC2)C(=O)O1,4.51
O=C(c1ccc(CC2CCC(C(O)c3ccccc3)N2)cc1)N1CCC2(CCOC2=O)CC1,4.34
O=C(c1ccc(CC2CCC(C(O)c3ccccc3)N2)cc1)N1CC2C(C1)C2c1nnco1,4.26
CCOC(=O)C1CCN(C(=O)c2ccc(CC3CCC(C(O)c4ccccc4)N3)cc2)CC1,5.08
Nc1ccc(-c2cnc(N)c(-c3ccc(Cl)cc3)c2)cn1,5.75
COc1ccc2ncc(F)c(CC(OCC(=O)O)C34CCC(NCc5ccc6c(n5)NC(=O)CO6)(CC3)CO4)c2n1,5.52
COc1ccc2ncc(F)c(CC(=O)C34CCC(NCc5ccc6c(n5)NC(=O)CO6)(CC3)CO4)c2n1,5.03
COc1ccc2ncc(F)c(CC(=NO)C34CCC(NCc5ccc6c(n5)NC(=O)CO6)(CC3)CO4)c2n1,5.8
COc1ccc2ncc(F)c(C(=O)CC34CCC(NCc5ccc6c(n5)NC(=O)CO6)(CC3)CO4)c2n1,5.92
COc1ccc2ncc(F)c(CC(N)C34CCC(NCc5ccc6c(n5)NC(=O)CO6)(CC3)CO4)c2n1,5.92
COc1ccc2ncc(F)c(CC(C)(O)C34CCC(NCc5ccc6c(n5)NC(=O)CO6)(CC3)CO4)c2n1,5.21
COc1ccc2ncc(F)c(C3OC(=O)OC3C34CCC(NCc5ccc6c(n5)NC(=O)CO6)(CC3)CO4)c2n1,5.31
COc1ccc2ncc(F)c(CC(OCCO)C34CCC(NCc5ccc6c(n5)NC(=O)CO6)(CC3)CO4)c2n1,5.85
COc1ccc2ncc(F)c(C(O)C(O)C34CCC(NCc5ccc6c(n5)NC(=O)CO6)(CC3)CO4)c2n1,4.44
COc1ccc2ncc(F)c(C(CC34CCC(NCc5ccc6c(n5)NC(=O)CO6)(CC3)CO4)C(=O)O)c2n1,6.0
CCOC(=O)C(CC12CCC(NCc3ccc4c(n3)NC(=O)CO4)(CC1)CO2)c1c(F)cnc2ccc(OC)nc12,5.08
COc1ccc2ncc(F)c(CC(O)(C(F)(F)F)C34CCC(NCc5ccc6c(n5)NC(=O)CO6)(CC3)CO4)c2n1,5.62
COc1ccc2ncc(F)c(CC(NS(C)(=O)=O)C34CCC(NCc5ccc6c(n5)NC(=O)CO6)(CC3)CO4)c2n1,5.48
COc1ccc2ncc(F)c(C(O)CC34CCC(NCc5ccc6c(n5)NC(=O)CO6)(CC3)CO4)c2n1,5.89
CON=C(Cc1c(F)cnc2ccc(OC)nc12)C12CCC(NCc3ccc4c(n3)NC(=O)CO4)(CC1)CO2,5.6
COc1ccc2ncc(F)c(C(CO)CC34CCC(NCc5ccc6c(n5)NC(=O)CO6)(CC3)CO4)c2n1,4.96
COc1ccc2ncc(F)c(C(C)(O)CC34CCC(NCc5ccc6c(n5)NC(=O)CO6)(CC3)CO4)c2n1,5.19
COc1ccc2ncc(F)c(CC(F)C34CCC(NCc5ccc6c(n5)NC(=O)CO6)(CC3)CO4)c2n1,5.5
COc1ccc2ncc(F)c(CC(OC)C34CCC(NCc5ccc6c(n5)NC(=O)CO6)(CC3)CO4)c2n1,5.22
COc1ccc2ncc(F)c(CC(NOC(C)=O)C34CCC(NCc5ccc6c(n5)NC(=O)CO6)(CC3)CO4)c2n1,4.74
Cc1nc(NC(=O)c2cc(CNC(=O)C(C)C)cnc2C(F)F)[nH]c1-c1ccc(C(F)(F)F)cc1,4.08
COc1ccc2c(c1)C1CC1(C(=O)N1C3CCC1CN(C)C3)Cn1c-2c(C2CCCCC2)c2ccc(C(=O)NS(=O)(=O)C3CCC3)cc21,4.42
COc1ccc2c(c1)C1CC1(C(=O)N1C3CCC1CN(C)C3)Cn1c-2c(C2CCCCC2)c2ccc(C(=O)NS(=O)(=O)CC(C)C)cc21,4.78
COc1ccc2c(c1)C1CC1(C(=O)N1C3CCC1CN(C)C3)Cn1c-2c(C2CCCCC2)c2ccc(C(=O)NS(=O)(=O)C(C)C)cc21,4.39
COc1cc(N)c(Cl)cc1C(=O)NC1CCN(CCCn2cccc2)CC1OC,5.17
CCOC(=O)N1CCC(CN2CCC(NC(=O)c3cc(Cl)c(N)cc3OC)C(OC)C2)CC1,5.34
COc1cc(N)c(Cl)cc1C(=O)NC1CCN(CCCn2cncn2)CC1OC,5.11
COC(=O)N1CCC(CN2CCC(NC(=O)c3cc(Cl)c(N)cc3OC)C(OC)C2)CC1,5.0
COc1cc(N)c(Cl)cc1C(=O)NC1CCN(CC2CCN(C(=O)CC(C)C)CC2)CC1OC,5.0
COc1cc(N)c(Cl)cc1C(=O)NC1CCN(CCCn2ccnc2)CC1OC,5.14
COc1cc(N)c(Cl)cc1C(=O)NC1CCN(CCC(=O)N2CCC(Cc3ccccc3)CC2)CC1OC,5.43
COc1cc(N)c(Cl)cc1C(=O)NC1CCN(CC2CCN(C(=O)NC(C)C)CC2)CC1OC,5.12
COc1cc(N)c(Cl)cc1C(=O)NC1CCN(CC2CCN(C(=S)C(C)C)CC2)CC1OC,5.95
CCC(=S)N1CCC(CN2CCC(NC(=O)c3cc(Cl)c(N)cc3OC)C(OC)C2)CC1,5.54
O=S(=O)(Nc1ccc(CCNCC(O)c2cccnc2)cc1)c1ccc(-c2nc(-c3ccc(C(F)(F)F)cc3)cs2)cc1,6.66
O=C(Cn1cnc2ccccc2c1=O)Nc1ccc(CC2CCC(C(O)c3ccccc3)N2)cc1,5.7
CN(C)Cc1cc(C(=O)NC2CCc3ccc(Oc4ccnc5c4CCC(=O)N5)cc3C2)cc(C(F)(F)F)c1,5.2
NCc1cc(C(=O)NC2CCc3ccc(Oc4ccnc5c4CCC(=O)N5)cc3C2)cc(C(F)(F)F)c1,5.18
CC(C)(N)c1cc(C(=O)NC2CCc3ccc(Oc4ccnc5c4CCC(=O)N5)cc3C2)cc(C(F)(F)F)c1,5.13
CNCc1cc(C(=O)NC2CCc3ccc(Oc4ccnc5c4CCC(=O)N5)cc3C2)cc(C(F)(F)F)c1,5.0
O=C1CCc2c(Oc3ccc4c(c3)CC(NC(=O)c3cc(C(F)(F)F)cc(C5(O)CNC5)c3)CC4)ccnc2N1,5.31
NC1(c2cc(C(=O)NC3CCc4ccc(Oc5ccnc6c5CCC(=O)N6)cc4C3)cc(C(F)(F)F)c2)CCC1,5.51
COc1ccccc1N1CCN(CCCCCC(=O)n2c3ccccc3c3ccccc32)CC1,5.55
O=C(O)CN(C1(c2ccc(-c3ccccc3OC(F)(F)F)cc2)CCC1)S(=O)(=O)c1ccc(OC(F)F)cc1,4.82
O=C(O)CN(Cc1cccc(-c2ccccc2OC(F)(F)F)c1)S(=O)(=O)c1ccc(OC(F)F)cc1,4.96
CC1(C)CCc2cc(S(=O)(=O)N(CC(=O)O)Cc3cccc(-c4ccccc4)c3)ccc2O1,4.7
CC1(C)CCc2cc(S(=O)(=O)N(CC(=O)O)C3(c4cccc(-c5cc(Cl)cc(Cl)c5)c4)CCC3)ccc2O1,4.4
CC1=NN(c2ccc(C)c(C)c2)C(=O)C1=NNc1cccc(-c2cccc(C(=O)O)c2)c1O,6.16
C=CCOc1cc(F)c(F)cc1C1CC1CN,5.04
Cn1c(SCCCN2CC3CCN(c4cccc(OC(F)(F)F)c4)C3C2)nnc1-c1cnccn1,6.9
Cn1c(SCCCN2CC3CCN(c4c(F)cccc4F)C3C2)nnc1-c1cnccn1,5.6
Cn1c(SCCCN2CC3CCN(c4ccc(C(F)(F)F)cc4)C3C2)nnc1-c1cccnc1,6.9
Cn1c(SCCCN2CC3CCN(c4ccc(C(F)(F)F)cc4)C3C2)nnc1-c1ccccn1,6.8
Cn1cc(-c2nnc(SCCCN3CC4CCN(c5ccc(C(F)(F)F)cc5)C4C3)n2C)cn1,6.8
Cn1c(SCCCN2CC3CCN(c4ccc(C(F)(F)F)cc4)C3C2)nnc1-c1cccnn1,6.9
Cn1c(SCCCN2CC3CCN(c4ccc(C(F)(F)F)cc4)C3C2)nnc1-c1cncnc1,6.8
Cc1ncoc1-c1nnc(SCCCN2CC3CCN(c4ccc(Cl)cc4Cl)C3C2)n1C,5.9
Cn1c(SCCCN2CC3CCN(c4ccc(F)cc4C(F)(F)F)C3C2)nnc1-c1cnccn1,5.9
Cn1c(SCCCN2CC3CCN(c4ccc(F)cc4)C3C2)nnc1-c1cc[nH]c(=O)c1,5.3
COc1ccc(N2CCC3CN(CCCSc4nnc(-c5cnccn5)n4C)CC32)cc1,6.1
Cc1ncoc1-c1nnc(SCCCN2CC3CCN(c4ccccc4OC(F)(F)F)C3C2)n1C,6.2
Cn1c(SCCCN2CC3CCN(c4ccc(F)cc4)C3C2)nnc1-c1cnccn1,6.5
Cc1ncoc1-c1nnc(SCCCN2CC3CCN(c4c(F)cccc4F)C3C2)n1C,6.0
Cn1c(SCCCN2CC3CCN(c4ccccc4OC(F)(F)F)C3C2)nnc1-c1cnccn1,6.2
Cc1ncoc1-c1nnc(SCCCN2CC3CN(c4ccc(C(F)(F)F)cc4)C3C2)n1C,6.2
Cn1c(SCCCN2CC3CCN(c4ccc(C(F)(F)F)cc4)C3C2)nnc1-c1cc[nH]c(=O)c1,5.9
Cc1ncoc1-c1nnc(SCCCN2CC3CCN(c4ccccc4)C3C2)n1C,5.9
Cn1c(SCCCN2CC3CCN(c4ccccc4F)C3C2)nnc1-c1cnccn1,6.0
Cn1c(SCCCN2CC3CCN(c4c(F)cc(F)cc4F)C3C2)nnc1-c1cnccn1,6.3
Cn1c(SCCCN2CC3CCN(c4ccc(C(F)(F)F)cc4)C3C2)nnc1-c1ccc(=O)[nH]c1,6.0
Cn1c(SCCCN2CC3CCN(c4ccccc4C(F)(F)F)C3C2)nnc1-c1cnccn1,5.9
Cn1c(SCCCN2CC3CCN(c4ccc(F)cc4)C3C2)nnc1-c1ccn(C)c(=O)c1,5.6
Cn1c(SCCCN2CC3CCN(c4ccccc4C(F)(F)F)C3C2)nnc1-c1ccccn1,6.2
Cn1c(SCCCN2CC3CCN(c4ccc(C(F)(F)F)cc4)C3C2)nnc1N1CCOCC1,6.9
COc1cc(N2CCC3CN(CCCSc4nnc(-c5cnccn5)n4C)CC32)ccc1F,6.4
Cn1c(SCCCN2CC3CCN(c4ccc(F)cc4)C3C2)nnc1C1CCCCC1,6.5
Cn1c(SCCCN2CC3CCN(c4ccccc4C(F)(F)F)C3C2)nnc1-c1ccncc1,5.8
CC(C)Oc1ccccc1N1CCC2CN(CCCSc3nnc(-c4cnccn4)n3C)CC21,5.7
Cc1ncoc1-c1nnc(SCCCN2CC3CCN(c4ccc(F)cc4)C3C2)n1C,6.1
COc1ccccc1N1CCC2CN(CCCSc3nnc(-c4cnccn4)n3C)CC21,5.7
Cn1c(SCCCN2CC3CCN(c4ccc(C#N)cc4)C3C2)nnc1-c1cnccn1,6.6
Cn1c(SCCCN2CC3CCN(c4ccc(C(F)(F)F)cc4)C3C2)nnc1-c1cnccn1,6.9
Cc1ccccc1N1CCC2CN(CCCSc3nnc(-c4cnccn4)n3C)CC21,6.5
Cc1ccc(N2CCC3CN(CCCSc4nnc(-c5cnccn5)n4C)CC32)cc1,6.4
Cn1c(SCCCN2CC3CCN(c4ccc(F)cc4)C3C2)nnc1C1CCOCC1,6.1
Cc1ncoc1-c1nnc(SCCCN2CC3CCN(c4cccc(C#N)c4)C3C2)n1C,6.1
Cn1c(SCCCN2CC3CCN(c4ccc(C(F)(F)F)cc4)C3C2)nnc1-c1ccc(=O)n(C)c1,6.6
Cn1c(SCCCN2CC3CCN(c4c(F)cccc4C(F)(F)F)C3C2)nnc1-c1cnccn1,5.8
Cn1c(SCCCN2CC3CCN(c4ccc(C(F)(F)F)cc4)C3C2)nnc1C1CCCC1,6.7
Cn1c(SCCCN2CC3CCN(c4ccc(C(F)(F)F)cc4)C3C2)nnc1C1CCCCC1,6.5
Cn1c(SCCCN2CC3CCN(c4ccc(C(F)(F)F)cc4)C3C2)nnc1-c1ccncn1,7.0
Cn1c(SCCCN2CC3CCN(c4cccc(C#N)c4)C3C2)nnc1-c1cnccn1,7.0
Cc1cccc(N2CCC3CN(CCCSc4nnc(-c5cnccn5)n4C)CC32)c1,6.5
Cc1ncoc1-c1nnc(SCCCN2CC3CCN(c4ccc(C(F)(F)F)cc4)C3C2)n1C,6.7
Cn1c(SCCCN2CC3CCN(c4ccccc4C#N)C3C2)nnc1-c1cnccn1,6.7
Cn1c(SCCCN2CC3CCN(c4ccccc4C(F)(F)F)C3C2)nnc1-c1cccnc1,5.7
COc1cccc(N2CCC3CN(CCCSc4nnc(-c5cnccn5)n4C)CC32)c1,6.1
Cc1ncoc1-c1nnc(SCCCN2CC3CCN(c4cccc(F)c4)C3C2)n1C,6.6
Cn1c(SCCCN2CC3CCN(c4cccc(F)c4)C3C2)nnc1-c1cnccn1,6.7
Cc1ncoc1-c1nnc(SCCCN2CC3CCN(c4ccc(C(F)(F)F)cc4F)C3C2)n1C,6.7
Cn1c(SCCCN2CC3CCN(c4ccc(F)cc4F)C3C2)nnc1-c1cnccn1,6.1
FC(F)(F)c1ccc(-c2c[nH]c(C3Cc4c([nH]c5ccccc45)C(C4CCOCC4)N3)n2)cc1,6.8
COc1cccc(-c2c[nH]c(C3Cc4c([nH]c5ccccc45)C(C4CCOCC4)N3)n2)n1,5.99
c1cncc(-c2c[nH]c(C3Cc4c([nH]c5ccccc45)C(C4CCOCC4)N3)n2)c1,5.57
Clc1ccc(-c2c[nH]c(C3Cc4c([nH]c5ccccc45)C(C4CCOCC4)N3)n2)s1,6.28
c1ccc(-c2c[nH]c(C3Cc4c([nH]c5ccccc45)C(C4CCOCC4)N3)n2)nc1,5.39
CC1(c2nc(-c3ccccc3)c[nH]2)Cc2c([nH]c3ccccc23)C(C2CCOCC2)N1,6.28
COc1cccc(-c2c[nH]c(C3Cc4c([nH]c5ccccc45)C(C4CCOCC4)N3)n2)c1,6.61
Oc1ccc(-c2c[nH]c(C3Cc4c([nH]c5ccccc45)C(C4CCOCC4)N3)n2)cc1,6.33
c1ccc2c3c([nH]c2c1)C(C1CCOCC1)NC(c1nc(C24CC5CC(CC(C5)C2)C4)c[nH]1)C3,6.3
Fc1ccccc1-c1c[nH]c(C2Cc3c([nH]c4ccccc34)C(C3CCOCC3)N2)n1,6.3
Fc1ccc(-c2c[nH]c(C3Cc4c([nH]c5ccccc45)C(C4CCOCC4)N3)n2)cc1F,6.46
Clc1ccc(-c2c[nH]c(C3Cc4c([nH]c5ccccc45)C(C4CCOCC4)N3)n2)nc1,6.33
Fc1cccc(-c2c[nH]c(C3Cc4c([nH]c5ccccc45)C(C4CCOCC4)N3)n2)c1,6.59
c1ccc(-c2ccc(-c3c[nH]c(C4Cc5c([nH]c6ccccc56)C(C5CCOCC5)N4)n3)cc2)cc1,7.77
Cc1nc(C2(c3cnn(C)c3)NC(c3nc(-c4ccccn4)c[nH]3)Cc3c2[nH]c2ccccc32)no1,5.31
O=C(O)c1cccc(-c2c[nH]c(C3Cc4c([nH]c5ccccc45)C(C4CCOCC4)N3)n2)c1,6.08
COc1cccc(-c2c[nH]c(C3Cc4c([nH]c5ccccc45)C(c4cnn(C)c4)(c4noc(C)n4)N3)n2)n1,5.44
FC(F)(F)Oc1cccc(-c2c[nH]c(C3Cc4c([nH]c5ccccc45)C(C4CCOCC4)N3)n2)c1,7.24
Cc1ccc(-c2c[nH]c(C3Cc4c([nH]c5ccccc45)C(C4CCOCC4)N3)n2)cc1,7.0
Fc1ccc(-c2c[nH]c(C3Cc4c([nH]c5ccccc45)C(C4CCOCC4)N3)n2)cc1,6.42
c1ccc2c3c([nH]c2c1)C(C1CCOCC1)NC(c1nc(-c2ccncc2)c[nH]1)C3,5.12
c1ccc2c3c([nH]c2c1)C(C1CCOCC1)NC(c1nc(-c2cscn2)c[nH]1)C3,5.36
FC(F)(F)Oc1ccc(-c2c[nH]c(C3Cc4c([nH]c5ccccc45)C(C4CCOCC4)N3)n2)cc1,6.89
c1ccc2c3c([nH]c2c1)C(C1CCOCC1)NC(c1nc(C2CCCCC2)c[nH]1)C3,6.87
Fc1ccc(-c2c[nH]c(C3Cc4c([nH]c5ccccc45)C(C4CCOCC4)N3)n2)c(F)c1,6.2
COc1ccc(-c2c[nH]c(C3Cc4c([nH]c5ccccc45)C(C4CCOCC4)N3)n2)cc1,7.16
c1ccc2c3c([nH]c2c1)C(C1CCOCC1)NC(c1nc(-c2csc4ccccc24)c[nH]1)C3,7.06
CC(C)(C)c1c[nH]c(C2Cc3c([nH]c4ccccc34)C(C3CCOCC3)N2)n1,5.53
c1ccc2c3c([nH]c2c1)C(C1CCOCC1)NC(c1nc(-c2ccsc2)c[nH]1)C3,6.84
Clc1ccc(-c2c[nH]c(C3Cc4c([nH]c5ccccc45)C(C4CCOCC4)N3)n2)cc1,6.84
Cc1cc(C)n(Cc2ccc(C(=O)NCC3(c4nc(-c5ccccc5)cs4)CCOCC3)cc2)n1,4.35
COc1cc2c(cc1Nc1ncc(Cl)c(Nc3ccccc3S(=O)(=O)C(C)C)n1)CCC(=NN1CCN(C)CC1)C2(C)C,4.62
COc1cc2c(cc1Nc1ncc(Cl)c(Nc3ccccc3S(=O)(=O)C(C)C)n1)CCC(N)C2(C)C,4.36
Nc1ncnc2c1c(-c1cccc(OCC3CCCO3)c1)cn2C1CC(CN2CCC2)C1,5.44
Nc1ncnc2c1c(-c1cccc(OCC34CCC(CC3)O4)c1)cn2C1CC(CN2CCC2)C1,5.96
CC(=O)N1CCN(C2CC(n3cc(-c4cccc(OCC56CCC(CC5)O6)c4)c4c(N)ncnc43)C2)CC1,4.82
Cc1cc(F)ccc1C1CCN(CC2Cc3ccccc3CN2)CC1,6.7
Cc1cc(F)ccc1C1CCN(CC2Cc3c(Cl)ccc(O)c3CN2)CC1,6.01
Oc1ccc(Br)c2c1CNC(CN1CCC3(CCc4ccccc43)CC1)C2,6.0
c1ccc2c(c1)CC(CN1CCC3(CCc4ccccc43)CC1)CO2,5.82
CN1C(=O)c2ccccc2CC1CN1CCC2(CCc3ccccc32)CC1,5.16
CC(=O)N1Cc2ccccc2CC1CN1CCC2(CCc3ccccc32)CC1,6.3
Oc1cccc2c1CNC(CN1CCC3(CCc4ccccc43)CC1)C2,6.03
COc1ccc2c(c1)C(=O)N(Cc1ccccc1-c1ccccc1)C2C(=O)NC(C)(C)C,4.52
Cc1c(O)ccc2c1C(=O)N(Cc1ccccc1-c1ccccc1)C2C(=O)NC(C)(C)C,4.58
Cc1c(O)ccc2c1C(=O)N(Cc1ccccc1-c1ccc(F)c(F)c1)C2C(=O)NC(C)(C)C,4.57
CCCCNC(=O)C1c2ccccc2C(=O)N1CC(C)c1ccc(Cl)cc1,4.5
CC(C)(C)NC(=O)C1c2ccccc2C(=O)N1Cc1ccccc1-c1ccccc1,4.21
Cc1c(OC(F)F)ccc2c1C(=O)N(Cc1ccccc1-c1ccccc1)C2C(=O)NC(C)(C)C,4.66
CC(C)(C)NC(=O)C1c2ccccc2C(=O)N1Cc1ccccc1-c1ccc(F)cc1,4.25
Cc1c(OCF)ccc2c1C(=O)N(Cc1ccccc1-c1ccccc1)C2C(=O)NC(C)(C)C,4.57
CC(C)(C)NC(=O)C1c2ccc(NS(C)(=O)=O)cc2C(=O)N1Cc1ccccc1-c1ccccc1,4.82
CC(C)(C)NC(=O)C1c2c(O)cccc2C(=O)N1Cc1ccccc1-c1ccccc1,4.55
O=C(OC(C(=O)N1N=CCC1C(=O)NCc1cc(Cl)ccc1-n1cnnn1)c1ccc(F)cc1)c1ccccc1,5.25
CCCC(=O)OC(C(=O)N1N=CCC1C(=O)NCc1cc(Cl)ccc1-n1cnnn1)c1ccc(F)cc1,4.82
CCCCC(=O)OC(C(=O)N1N=CCC1C(=O)NCc1cc(Cl)ccc1-n1cnnn1)c1ccc(F)cc1,4.85
C=CC(=O)Nc1cccc(Oc2nc(Nc3ccc(N4CCN(C)CC4)cc3)nc3[nH]ccc23)c1,6.0
COc1ccc(-c2nnc(C(=O)N3CCC(Oc4ccc(CN5CCOCC5)cc4)CC3)o2)cc1,4.8
COc1ccc(-c2nnc(C(=O)N3CC(Oc4ccc(CN5CC6(COC6)C5)cc4)C3)o2)cc1,4.66
COc1ccc(-c2nnc(C(=O)N3CC(Oc4ccc(CN5CC6(CCOC6)C5)cc4)C3)o2)cc1,4.8
COc1ccc(-c2nnc(C(=O)N3CC(Oc4ccc(CN(C)C)c(C)c4)C3)o2)cc1,5.0
O=C(c1nnc(-c2ccccc2)o1)N1CC(Oc2ccc(CN3CC4(CCOC4)C3)cc2)C1,4.8
COc1ccc(-c2nnc(C(=O)N3CC(Oc4ccc(CN5CCCC56COC6)cc4)C3)o2)cc1,4.92
COc1ccc(-c2nnc(C(=O)N3CC(Oc4ccc(CN5CC6(CCCO6)C5)cc4)C3)o2)cc1,4.89
COc1ccc(-c2nnc(C(=O)N3CCC(Oc4ccc(CN5CCN(C)CC5)cc4)CC3)o2)cc1,4.82
O=C(c1nnc(-c2ccccc2)o1)N1CCC(Oc2ccc(CN3CCCC3)cc2)CC1,4.96
COc1ccc(-c2nnc(C(=O)N3CC(Oc4ccc(CN(C)C)c(F)c4)C3)o2)cc1,4.82
COc1ccc(-c2nnc(C(=O)N3CC(Oc4ccc(CN(C)C)cc4)C3)o2)cc1,4.68
COc1ccc(-c2nnc(C(=O)N3CCC(Oc4ccc(CN5CCCC5)cc4)CC3)o2)cc1,4.96
CN(Cc1ccc(OC2CN(C(=O)c3nnc(-c4ccccc4)o3)C2)cc1)CC1(C)COC1,4.85
O=C(c1nnc(-c2ccccc2)o1)N1CC(Oc2ccc(CN3CC4(CCCO4)C3)cc2)C1,5.05
COc1ccc(-c2nnc(C(=O)N3CC(Oc4ccc(CN5CCOCC5)c(OC)c4)C3)o2)cc1,5.01
COc1ccc(-c2nnc(C(=O)N3CC(Oc4ccc(CN(C)CC5(C)COC5)cc4)C3)o2)cc1,4.8
O=C(c1nnc(-c2ccccc2)o1)N1CC(Oc2ccc(CN3CC4(COC4)C3)cc2)C1,4.55
O=C(c1nnc(-c2ccc(Cl)cc2)o1)N1CCC(Oc2ccc(CN3CCCC3)cc2)CC1,5.26
COc1ccc(-c2nnc(C(=O)N3CC(Oc4ccc(CN5CC(OC)C5)cc4)C3)o2)cc1,5.07
O=C(c1cc(-c2ccccc2)on1)N1CCC(Oc2ccc(CN3CCCC3)cc2)CC1,5.48
O=C(c1nnc(-c2ccccc2)o1)N1CCC(Oc2ccc(CN3CCC(O)C3)cc2)CC1,4.51
COc1ccc(-c2nnc(C(=O)N3CCC(Oc4ccc(CN5CCC(O)C5)cc4)CC3)o2)cc1,4.62
Cn1nc(C(=O)N2CCC(Oc3ccc(CN4CCCC4)cc3)CC2)cc1-c1ccccc1,5.13
Cc1cc(CN(C)C)ccc1OC1CN(C(=O)c2nnc(-c3ccccc3)o2)C1,5.07
O=C(c1nnc(-c2ccc(OC(F)F)cc2)o1)N1CCC(Oc2ccc(CN3CCCC3)cc2)CC1,5.38
O=C(c1nnc(-c2ccccc2Cl)o1)N1CCC(Oc2ccc(CN3CCCC3)cc2)CC1,5.28
O=C(c1noc(-c2ccccc2)n1)N1CCC(Oc2ccc(CN3CCCC3)cc2)CC1,5.12
COc1ccc(-c2nnc(C(=O)N3CC(Oc4ccc(CN5CCC(C)(O)C5)cc4)C3)o2)cc1,4.58
Cc1oc(-c2ccccc2)nc1C(=O)N1CCC(Oc2ccc(CN3CCCC3)cc2)CC1,5.52
COc1ccc(-c2nnc(C(=O)N3CC(Oc4ccc(CN5CCCOCC5)cc4)C3)o2)cc1,4.6
COc1ccc(-c2nnc(C(=O)N3CCC(Oc4ccc(CN5CCCC5)nc4)CC3)o2)cc1,4.6
O=C(c1nnc(-c2ccc(F)cc2)o1)N1CCC(Oc2ccc(CN3CCCC3)cc2)CC1,5.21
O=C(c1nc(-c2ccccc2)no1)N1CCC(Oc2ccc(CN3CCCC3)cc2)CC1,5.75
O=c1cnc2ccc(F)c3c2n1CC3CN1CCC(NCc2cc3c(nn2)OCCO3)CC1,4.38
O=C1OCc2cc(CCC3(F)CCN(C(=O)Cc4ccc(-n5cnnn5)cc4)CC3)ccc21,5.68
Cc1c(CCN2CCN(C(=O)Cc3ccc(-n4cnnn4)nc3)CC2)ccc2c1COC2=O,4.54
Cc1c(CCN2CCN(C(=O)Cc3ccc(-n4cnnn4)cn3)CC2)ccc2c1COC2=O,4.48
Cc1cc(-n2cnnn2)ncc1C(C)C(=O)N1CCN(CCc2ccc3c(c2C)COC3=O)CC1,4.38
O=C1OCc2cc(CCN3CCN(C(=O)Cc4ccc(-n5cnnn5)cn4)CC3)ccc21,4.34
Cc1c(CCN2CCN(C(=O)Cc3cncc(-n4cnnn4)c3)CC2)ccc2c1COC2=O,4.68
Cc1c(C(O)CN2CCN(C(=O)Cc3ccc(-n4cnnn4)nc3)CC2)ccc2c1COC2=O,4.48
Cc1nc(-n2cnnn2)ccc1CC(=O)N1CCN(CCc2ccc3c(c2C)COC3=O)CC1,5.07
COc1c(C(O)CN2CCN(C(=O)Cc3ccc(-n4cnnn4)nc3)CC2)ccc2c1COC2=O,4.72
O=C1OCc2cc(CCC3CCN(C(=O)Cc4ccc(-n5cnnn5)cn4)CC3)ccc21,5.1
Cc1cc(-n2cnnn2)ncc1CC(=O)N1CCN(CCc2ccc3c(c2C)COC3=O)CC1,5.04
O=C1OCc2cc(CCC3CCN(C(=O)Cc4ccc(-n5cnnn5)nc4)CC3)ccc21,5.27
O=C1OCc2cc(C=CC3CCN(C(=O)Cc4ccc(-n5cnnn5)cc4)CC3)ccc21,5.75
Cc1c(CCC2CCN(C(=O)Cc3ccc(-n4cnnn4)cc3)CC2)ccc2c1COC2=O,5.23
O=C1OCc2cc(CCN3CCN(C(=O)Cc4ccc(-n5cnnn5)nc4)CC3)ccc21,5.03
O=C1OCc2cc(CCC3(O)CCN(C(=O)Cc4ccc(-n5cnnn5)cc4)CC3)ccc21,5.19
Cc1cc(-n2cnnn2)cnc1CC(=O)N1CCN(CCc2ccc3c(c2C)COC3=O)CC1,4.28
O=C1OCc2nc(CCN3CCN(C(=O)Cc4ccc(-n5cnnn5)cc4)CC3)ccc21,4.58
Cc1c(CCN2CCN(C(=O)Cc3cnc(-n4cnnn4)cn3)CC2)ccc2c1COC2=O,4.92
Cc1c(C(C)CN2CCN(C(=O)Cc3ccc(-n4cnnn4)nc3)CC2)ccc2c1COC2=O,4.31
O=C1OCc2cc(CCC3CCN(C(=O)Cc4ccc(-n5cnnn5)cc4)CC3)ccc21,5.19
O=C1OCc2cc(CCC3C4CN(C(=O)Cc5ccc(-n6cnnn6)cc5)CC34)ccc21,5.3
Cc1nc(-n2cnnn2)ccc1C(C)C(=O)N1CCN(CCc2ccc3c(c2C)COC3=O)CC1,5.47
CC(C)CS(=O)(=O)n1ccc2c(-c3ccc(C(F)(F)F)cc3)cc(N3CCNCC3)nc21,5.85
CC(C)CS(=O)(=O)n1ccc2c(-c3ccc(C(F)(F)F)cc3)cc(N3CCN(C)CC3)nc21,5.68
O=C(CCc1ccccc1)c1ccccc1OCC(O)CN1CCN(C(c2ccccc2)(c2ccccc2)c2ccccc2)CC1,4.33
COc1nc(N2CC3C(=O)N(C)C(=N)NC3(c3ccc(F)cc3F)C2)nc(C)c1F,5.72
CN(C)C(=O)c1cc(CN2CCOc3c(F)cccc32)c2oc(N3CCOCC3)cc(=O)c2c1,4.03
O=C(O)C1CN(Cc2ccc(-c3noc(-c4onc(-c5ccccc5)c4C(F)(F)F)n3)cc2)C1,4.75
CNC(=O)c1cc(Oc2ccc3nc(NC(=O)c4cc(C(F)(F)F)cc(C(F)(F)F)c4)sc3c2)ccn1,4.32
CC1CCN(CCCOc2ccc(=O)n(-c3ccc(Cl)cc3)n2)CC1,5.79
O=c1ccc(OCCCN2CCCCC2)nn1-c1ccc(F)c(F)c1,5.72
CC1CCN(CCCOc2ccc(=O)n(-c3ccc(F)c(F)c3)n2)CC1,5.57
CC1CCN(CCCOc2ccc(=O)n(-c3ccc(F)c(Cl)c3)n2)CC1,5.67
O=c1ccc(OCCCN2CCCCC2)nn1-c1ccc(F)c(Cl)c1,6.01
O=c1ccc(OCCCN2CCCCC2)nn1-c1ccc(Cl)cc1,5.84
COc1cnc(C(=O)Nc2cc(F)c(F)c(C3(C)CC(c4c(C)noc4C)SC(N)=N3)c2)cn1,6.19
CNC(=O)c1cc(OCCCCN2CCC(c3noc4cc(F)ccc34)CC2)ccc1F,6.0
CNC(=O)c1cccc(OCCCCN2CCC(c3noc4cc(F)ccc34)CC2)c1,5.99
NC1CC(N2Cc3cnc4nnc(C5CC5)n4c3C2)CCC1c1cc(F)c(F)cc1F,6.22
Cc1cc2ncc3c(n2n1)CN(C1CCC(c2cc(F)c(F)cc2F)C(N)C1)C3,6.22
Cc1cc2ncc3c(n2n1)CN(C1COC(c2cc(F)c(F)cc2F)C(N)C1)C3,5.19
NC1CC(N2Cc3nn4nccnc4c3C2)COC1c1cc(F)ccc1F,4.64
Cc1ccn2nc3c(c2n1)CN(C1COC(c2cc(F)ccc2F)C(N)C1)C3,4.75
CC(=O)Nc1ccc2c3c(cccc13)C(=O)N(CCCCN1CCC(Nc3nc4ccccc4n3Cc3ccc(F)cc3)CC1)C2=O,6.74
O=[N+]([O-])c1ccc(NCCCCN2CCC(Nc3nc4ccccc4n3Cc3ccc(F)cc3)CC2)c2nonc12,7.6
CCN(CC)c1ccc2cc(C(=O)NCCCCN3CCC(Nc4nc5ccccc5n4Cc4ccc(F)cc4)CC3)c(=O)oc2c1,6.36
O=C1NC(c2cncc(C#Cc3ccccc3)c2)C(c2cc(F)ccc2F)O1,5.44
CC1Cc2c(ncnc2Oc2ccc3ccn(C(=O)Nc4cc(C5(C(F)(F)F)CC5)on4)c3c2)CN1,5.07
CC(C)(C)c1cc(NC(=O)n2ccc3nc(Oc4ncnc5c4CNC5)ccc32)no1,4.58
CC(C)(C)c1cc(NC(=O)n2ccc3ccc(Oc4ncnc5c4CNC5)cc32)no1,4.68
CC(C)(C)c1cc(NC(=O)c2cnc3cc(Oc4ncnc5c4CNC5)ccn23)no1,5.04
CC(C)(C)c1cc(NC(=O)n2ncc3cc(Oc4ncnc5c4CNC5)ccc32)no1,5.11
CC1Cc2c(ncnc2Oc2ccc3c(ccn3C(=O)Nc3cc(C4(C(F)(F)F)CC4)on3)c2)CN1,5.13
CC(C)(C)c1cc(NC(=O)n2ccc3cc(Oc4ncnc5c4CNC5)cnc32)no1,5.24
CC(C)Oc1cc(C(Cc2ccccc2)(NCC(O)CC(F)(F)F)c2cc(F)cc(OC(F)(F)C(F)F)c2)ccc1F,4.64
CN1C(=O)Cn2c1nc1nc(N3CCCC(N)C3)n(Cc3cc(F)ccc3C#N)c1c2=O,4.4
CC(=O)N1CCC(n2cc(Nc3ncc(Cl)c(-c4cnc5ccccn45)n3)cn2)CC1,5.27
COc1nn(C2CCN(C(C)=O)CC2)cc1Nc1ncc(Cl)c(-c2cnc3ccccn23)n1,5.18
Cc1nn(C2CCN(C(=O)C(C)O)CC2)c(C)c1Nc1ncc(Cl)c(-c2cnn3ccccc23)n1,4.64
Cc1nn(C2CCNCC2)cc1Nc1ncc(Cl)c(-c2cnc3ccccn23)n1,4.54
CNC(=O)CN1CCC(n2nc(C)c(Nc3ncc(Cl)c(-c4cnn5ccccc45)n3)c2C)CC1,4.92
CC(=O)N1CCC(n2nc(C)c(Nc3ncc(Cl)c(-c4cnn5ccccc45)n3)c2C)CC1,4.64
Cc1nn(C2CCN(CCO)CC2)c(C)c1Nc1ncc(Cl)c(-c2cnn3ccccc23)n1,5.03
CC(=O)N1CCC(n2cc(Nc3ncc(Cl)c(-c4cnn5ccccc45)n3)c(C)n2)CC1,5.14
CC(=O)N1CCC(n2ncc(Nc3ncc(Cl)c(-c4cnc5ccccn45)n3)c2C)CC1,4.68
CCOc1nn(C2CCN(C(C)=O)CC2)cc1Nc1ncc(Cl)c(-c2cnn3ccccc23)n1,5.19
Cc1nn(C2CCN(C(=O)CO)CC2)c(C)c1Nc1ncc(Cl)c(-c2cnn3ccccc23)n1,4.66
Cc1nn(C2CCNCC2)c(C)c1Nc1ncc(Cl)c(-c2cnn3ccccc23)n1,4.62
COc1nn(C2CCN(C(C)=O)CC2)cc1Nc1ncc(Cl)c(-c2cnn3ccccc23)n1,5.0
Cc1nn(C2CCN(CC(=O)N(C)C)CC2)c(C)c1Nc1ncc(Cl)c(-c2cnn3ccccc23)n1,5.11
COCC(=O)N1CCC(n2nc(C)c(Nc3ncc(Cl)c(-c4cnn5ccccc45)n3)c2C)CC1,4.77
CC(=O)N1CCC(n2cc(Nc3ncc(Cl)c(-c4cnc5ccccn45)n3)c(C)n2)CC1,5.28
CCc1nn(C2CCN(C(C)=O)CC2)cc1Nc1ncc(Cl)c(-c2cnn3ccccc23)n1,5.28
CCc1c(Nc2ncc(Cl)c(-c3cnn4ccccc34)n2)cnn1C1CCN(C(C)=O)CC1,4.77
N#Cc1ccc(Oc2ccc(S(=O)(=O)Nc3ccc(F)cn3)cc2C#N)cc1Cl,4.17
CN1CCN(c2ccccc2CNC(=O)c2ccc(F)c(NC(=O)c3cnc4cc(-c5ccnn5C)ccn34)c2)CC1,5.4
Cn1c(SCCCN2CCC3(CC3c3ccc(C(F)(F)F)cc3)C2)nnc1-c1ccccn1,6.7
Cc1cc(-c2nnc(SCCCN3CCC4(CC4c4ccc(C(F)(F)F)cc4)C3)n2C)on1,6.69
Cn1c(SCCCN2CCC3(CC3c3ccc(C(F)(F)F)cc3)C2)nnc1-c1ccc(S(N)(=O)=O)cc1,6.65
Cn1c(SCCCN2CCC3(CC3c3ccc(C(F)(F)F)cc3)C2)nnc1-c1csnn1,6.95
Cn1c(SCCCN2CCC3(CC3c3ccc(C(F)(F)F)cc3)C2)nnc1-c1ccncc1,6.65
Cn1c(SCCCN2CCC3(CC3c3ccc(C(F)(F)F)cc3)C2)nnc1-c1ccc(=O)n(C)c1,5.5
Cc1ncoc1-c1nnc(SCCCCN2CCC3(CC3c3ccc(C(F)(F)F)cc3)C2)n1C,6.25
Cc1ncoc1-c1nnc(SCCCN2CCC3(CC3c3ccc(F)cc3)C2)n1C,6.22
COc1ncccc1-c1nnc(SCCCN2CCC3(CC3c3ccc(C(F)(F)F)cc3)C2)n1C,6.22
Cn1nccc1-c1nnc(SCCCN2CCC3(CC3c3ccc(C(F)(F)F)cc3)C2)n1C,6.21
CC(=O)NC1CCC(c2nnc(SCCCN3CCC4(CC4c4ccc(C(F)(F)F)cc4)C3)n2C)CC1,5.16
Cn1cc(-c2nnc(SCCCN3CCC4(CC4c4ccc(C(F)(F)F)cc4)C3)n2C)cn1,6.33
Cn1c(SCCCN2CCC3(CC3c3ccc(C(F)(F)F)cc3)C2)nnc1-c1ccc(C(N)=O)nc1,6.18
Cn1c(SCCCN2CCC3(CC3c3ccc(C(F)(F)F)cc3)C2)nnc1-c1nccs1,6.35
Cc1nc(C(N)=O)ccc1-c1nnc(SCCCN2CCC3(CC3c3ccc(C(F)(F)F)cc3)C2)n1C,5.56
Cn1c(SCCCN2CCC3(CC3c3ccc(F)cc3F)C2)nnc1-c1cccnc1,5.56
Cc1ncoc1-c1nnc(SCCCN2CCC3(CC3c3ccc(F)cc3F)C2)n1C,6.12
Cc1ncoc1-c1nnc(SCCCN2CCC3(CC3c3ccc(C(F)(F)F)cc3F)C2)n1C,6.6
Cn1c(SCCCN2CCC3(CC3c3ccc(F)cc3)C2)nnc1-c1cccnc1,5.68
Cc1ncsc1-c1nnc(SCCCN2CCC3(CC3c3ccc(C(F)(F)F)cc3)C2)n1C,6.1
Cn1c(SCCCN2CCC3(CC3c3ccc(C(F)(F)F)cc3)C2)nnc1-c1ccc(CC(N)=O)cc1,5.12
Cc1ncoc1-c1nnc(SCCCN2CCC3(CC3c3ccccc3)C2)n1C,5.54
Cn1c(SCCCN2CCC3(CC3c3ccc(C(F)(F)F)cc3)C2)nnc1-c1ccc(C(N)=O)cc1,6.09
Cc1nc(C(=O)O)ccc1-c1nnc(SCCCN2CCC3(CC3c3ccc(C(F)(F)F)cc3)C2)n1C,5.0
Cc1ncoc1-c1nnc(SCCCN2CCC3(CC3c3ccccc3C(F)(F)F)C2)n1C,6.05
Cc1ncccc1-c1nnc(SCCCN2CCC3(CC3c3ccc(C(F)(F)F)cc3)C2)n1C,5.2
Cn1c(SCCCN2CCC3(CC3c3ccc(C(F)(F)F)cc3)C2)nnc1-c1ccnnc1,5.6
Cn1c(SCCCN2CCC3(CC3c3ccc(C(F)(F)F)cc3F)C2)nnc1-c1cccnc1,6.03
Cn1c(SCCCN2CCC3(CC3c3ccc(C(F)(F)F)cc3)C2)nnc1C1CCCCC1,6.53
Cc1ncoc1-c1nnc(SCCCN2CCC3(CC3c3cc(Cl)cc(Cl)c3)C2)n1C,6.58
Cn1c(SCCCN2CCC3(CC3c3ccc(C(F)(F)F)cc3)C2)nnc1-c1ccn(C)c(=O)c1,5.1
Cn1c(SCCCN2CCC3(CC3c3ccc(C(F)(F)F)cc3)C2)nnc1-c1cccc(C(N)=O)c1,5.55
Cn1c(SCCCN2CCC3(CC3c3ccc(C(F)(F)F)cc3)C2)nnc1C1CCOCC1,5.53
Cc1ccc(-c2nnc(SCCCN3CCC4(CC4c4ccc(C(F)(F)F)cc4)C3)n2C)c(C)n1,6.03
Cn1c(SCCCN2CCC3(CC3c3ccc(C(F)(F)F)cc3)C2)nnc1C1CC2CCC(C1)O2,5.61
Cc1ncoc1-c1nnc(SCCCN2CCC3(CC3c3ccc(F)cc3C(F)(F)F)C2)n1C,5.92
Cn1c(SCCCN2CCC3(CC3c3ccc(C(F)(F)F)cc3)C2)nnc1-c1ccoc1,6.82
Cn1c(SCCCN2CCC3(CC3c3ccc(C(F)(F)F)cc3)C2)nnc1-c1ccc(-c2ncco2)cc1,6.82
Cn1c(SCCCN2CCC3(CC3c3ccc(C(F)(F)F)cc3)C2)nnc1-c1cccnc1,5.92
Cn1c(SCCCN2CCC3(CC3c3ccc(C(F)(F)F)cc3)C2)nnc1C1CCN(C(N)=O)CC1,5.48
Cn1c(SCCCN2CCC3(CC3c3ccc(C(F)(F)F)cc3)C2)nnc1C1=CC=NC(=O)C1,5.46
Cc1ncoc1-c1nnc(SCCN2CCC3(CC3c3ccc(C(F)(F)F)cc3)C2)n1C,6.87
Cc1ncoc1-c1nnc(SCCCN2CCC3(CC3c3ccc(C(F)(F)F)cc3)C2)n1C,6.72
Cn1c(SCCCN2CCC3(CC3c3ccc(C(F)(F)F)cc3)C2)nnc1-c1ccncn1,6.84
Cn1c(SCCCN2CCC3(CC3c3ccc(C(F)(F)F)cc3)C2)nnc1-c1cccnc1C(F)(F)F,5.88
COc1c(Nc2ncc(Cl)c(NC3C4C=CC(C4)C3C(N)=O)n2)ccc2c1CCCC(N1CCN(C)CC1)C2,5.1
COc1c(Nc2ncc(Cl)c(Nc3ccccc3N3CCCS3(=O)=O)n2)ccc2c1CCCC(N1CCN(CCO)CC1)C2,5.57
COc1c(Nc2ncc(Cl)c(Nc3ccccc3S(=O)(=O)N(C)C)n2)ccc2c1CCCC(N1CCN(CCO)CC1)C2,6.62
COc1c(Nc2ncc(Cl)c(Nc3ccccc3-n3cccn3)n2)ccc2c1CCCC(N1CCN(CCO)CC1)C2,5.43
Cc1c(-c2c(F)cc(C(N)=O)c3[nH]c4c(c23)CCC(C(C)(C)O)C4)cccc1-n1c(=O)c2cccc(F)c2n(C)c1=O,5.26
N#Cc1ccc(-c2ccc(CC(C#N)NC(=O)C3CCCCC3N)cc2)cc1,5.27
CCn1c(=O)oc2ccc(-c3ccc(CC(C#N)NC(=O)C4CNCCCO4)cc3)cc21,4.51
N#Cc1ccc(-c2ccc(CC(C#N)NC(=O)C3CCCCCC3N)cc2)cc1,5.44
Cn1c(=O)sc2ccc(-c3ccc(CC(C#N)NC(=O)C4CNCCCO4)cc3)cc21,4.64
CC(Cc1cc2c(c(C(N)=O)c1)N(CCCO)CC2)NCCOc1ccccc1OCC(F)(F)F,5.09
COc1ccc2[nH]c3c(c2c1)CC1c2cc4c(cc2CCN1C3)OCO4,4.88
Cc1ccc2cc(C(=O)c3cnn(-c4ccc5nc(C)[nH]c5c4)c3N)[nH]c2c1,5.16
Cc1nc2ccc(-n3ncc(C(=O)c4cc5ccccc5[nH]4)c3N)cc2[nH]1,5.16
Cc1nc2cc(-n3ncc(C(=O)c4cc5ccc(CN6CCC(F)(F)CC6)cc5[nH]4)c3N)ccc2[nH]1,5.07
COc1cnc(OC2CC(C(=O)NC3(C(=O)NS(=O)(=O)C4CC4)CC3C3CC3)N(C(=O)C(NC(=O)OC(C)C(F)(F)F)C3CCCCC3)C2)c2cc(Cl)ccc12,4.9
CC1CCC(C(C)C(=O)Nc2ccc(Cl)c(-c3ccccn3)c2)c2nc(CN3CCOCC3)ccc21,5.48
CC1CC(N)CN(c2ccncc2Nc2ncc3ccc(-c4c(F)cccc4F)nn23)C1,6.0
NC1CN(c2ccncc2Nc2ncc3ccc(-c4c(F)cccc4F)nn23)CC(N)C1O,4.98
NC1CCCN(c2ccncc2Nc2ncc3ccc(-c4ncccc4F)nn23)C1,5.55
NC1CN(c2ccncc2Nc2ncc3ccc(-c4ncccc4F)nn23)CC(N)C1O,4.94
CC1CCC(N)CN1c1ccncc1Nc1ncc2ccc(-c3c(F)cccc3F)nn12,4.71
CC1(C)c2cc(C3CCN(CC4CCOCC4)CC3)ccc2C(=O)c2c1[nH]c1cc(C#N)ccc21,5.58
CCc1[nH]ncc1Cn1cc(-c2ccc(Cl)c(OC(F)F)c2)cn1,4.46
FC(F)c1cc(-c2cnn(Cc3cc[nH]n3)c2)ccc1Cl,5.32
Cn1ccc(Cn2cc(-c3ccc(Cl)c(C(F)(F)F)c3)cn2)n1,5.46
Cn1ccc(Cn2cc(-c3ccc(Cl)c(OC(F)F)c3)cn2)n1,5.09
Cn1cc(Cn2cc(-c3ccc(Cl)c(OC(F)F)c3)cn2)cn1,4.28
Cc1nccn1-c1ccc(-c2cn(CC(=O)Nc3cccc(Cl)c3Cl)nn2)cn1,5.35
Cc1nccn1-c1ccc(-c2cn(CC(=O)Nc3cccc(Cl)c3Cl)nn2)cc1,5.66
Cc1cn(-c2ccc(-c3cn(CC(=O)Nc4cccc(Cl)c4Cl)nn3)cc2F)cn1,5.47
Cc1cc(-c2cc(OC(F)(F)F)ccc2Cl)cc(C)c1OCCCC(=O)O,4.26
Cc1c(C2CN3CCN(C(=O)Cc4cnc(-n5cnnn5)cn4)CC3CO2)ccc(F)c1C#N,5.0
Cc1c(C2CN3CCN(C(=O)Cc4cnc(-n5cnnn5)nc4)CC3CO2)ccc(F)c1C#N,5.23
Cc1c(C2CN3CCN(C(=O)Cc4ccc(-n5cnnn5)nc4)CC3CO2)ccc(F)c1C#N,5.0
Cc1c(C#N)cccc1C1CN2CCN(C(=O)Cc3ccc(-n4cnnn4)nc3)CC2CO1,4.83
O=C1OCCc2cc(C3CN4CCN(C(=O)Cc5ccc(-n6cnnn6)nc5)CC4CO3)ccc21,4.38
Cc1c(C2CN3CCN(C(=O)Cc4ccc(-n5cnnn5)nc4)CC3CO2)ccc2c1COC2=O,4.71
Cc1c(C2CN3CCN(C(=O)Cc4ccc(-n5cnnn5)nn4)CC3CO2)ccc(F)c1C#N,4.47
O=C(O)c1cc(N2CCN(CCc3ccc(OCCCN4CCCCCC4)cc3)CC2)c2ncccc2c1,4.4
CCc1cc(N2CCN(CCc3ccc(OCCCN4CCCCCC4)cc3)CC2)c2nc(CCC(=O)O)ccc2c1,4.3
O=C(O)CCc1cnc2c(N3CCN(CCc4ccc(OCCCN5CCCCCC5)cc4)CC3)cccc2c1,4.5
O=C(O)c1ccc2cccnc2c1N1CCN(CCc2ccc(OCCCN3CCCCCC3)cc2)CC1,4.5
c1cnc2c(N3CCN(CCCc4ccc(OCCCN5CCCCCC5)cc4)CC3)cccc2c1,6.0
c1cnc2c(N3CCN(CCc4ccc(OCCCN5CCCCCC5)cc4)CC3)cccc2c1,5.1
CCCCc1cc(N2CCN(CCc3ccc(OCCCN4CCCCCC4)cc3)CC2)c2nc(CCC(=O)O)ccc2c1,5.6
O=C(O)c1cnc2c(N3CCN(CCc4ccc(OCCCN5CCCCCC5)cc4)CC3)cccc2c1,4.7
O=C(O)CCc1ccc2cccc(N3CCN(CCc4ccc(OCCCN5CCCCCC5)cc4)CC3)c2n1,4.8
Brc1ccc2c(NC3=NCC4(CN5CCC4CC5)O3)ncnn12,5.6
N=C(N)NN=Cc1ccc(-c2ccc(C=NNc3ccc(F)cc3)cc2)cc1,5.48
N=C(N)NN=Cc1ccc(-c2ccc(C=NNc3ccccc3Br)cc2)cc1,6.36
CC(=NNC(=N)N)c1ccc2c(c1)Cc1cc(C(C)=NNC(=N)N)ccc1-2,5.95
N=C(N)NN=Cc1ccc(-c2ccc(C=NNc3ccc(F)cc3F)cc2)cc1,5.65
CN(C)C(=O)NC1CCC(CCN2CCN(c3cccc(Cl)c3Cl)CC2)CC1,4.68
O=C(NC1CCC(CCN2CCN(c3nsc4ccccc34)CC2)CC1)c1ccco1,5.68
CC(C)Cc1cc(CNS(=O)(=O)c2cccc(F)c2)nn1-c1ccccc1,4.84
CC(C)Cc1cc(CNS(=O)(=O)c2ccc(Cc3ccccc3)cc2)nn1-c1ccccc1,5.18
CC(C)Cc1cc(CNS(=O)(=O)c2ccc(CCc3ccccc3)cc2)nn1-c1ccccc1,5.06
CC(C)Cc1cc(CNS(=O)(=O)c2ccccc2)nn1-c1ccccc1,4.68
FC(F)(F)c1c(OCC2CC2c2ccc(Cl)cc2)ccn2c(CC3CC3)nnc12,6.42
CCN1CCCC1CNC(=O)c1ccc(Cn2c(Cc3c(Cl)cccc3Cl)nc3ccccc32)cc1,5.8
CN(C)CCCNC(=O)c1ccc(Cn2c(Cc3c(Cl)cccc3Cl)nc3ccccc32)cc1,5.34
COc1ccc(OC)c(Cc2nc3ccccc3n2CC(=O)Nc2cc(C(C)(C)C)cc(C(C)(C)C)c2)c1,7.7
COc1ccc2nc(NC3=NCC4(CN5CCC4CC5)O3)sc2c1,5.89
c1ccc2cc(NC3=NCC4(CN5CCC4CC5)O3)ncc2c1,5.49
COc1ccc(CCOC2CCCCC2N2CCC(O)C2)cc1OC,5.16
COc1ccc(-c2cc(=O)c3cc(C)ccc3o2)cc1,4.24
COc1ccc(C(=O)Oc2cc(O)cc3oc(-c4ccc(OC)cc4)cc(=O)c23)cc1,5.39
COc1ccc(-c2cc(=O)c3cc(Cl)ccc3o2)cc1,4.89
COc1ccc2c(c1)CN(C(=O)N1CCN(Cc3ccc4c(c3)OCO4)CC1)CCS2,5.6
COc1ccc2c(c1)CNCCS2,5.15
COc1ccc2c(c1)CN(C(=O)CCN1CCC(Cc3ccccc3)CC1)CCS2,6.33
O=C(N1CCN(Cc2ccc3c(c2)OCO3)CC1)N1CCSc2ccccc2C1,5.36
N#Cc1ccc(OCCCN2CC3CN(CCNS(=O)(=O)c4ccc(F)cc4F)CC(C2)O3)cc1,5.49
CC(C)S(=O)(=O)NCCN1CC2CN(CC(O)COc3ccc(C#N)cc3)CC(C1)O2,5.72
COc1ccccc1OCC(O)CN1CCN(CC(=O)Nc2c(C)cccc2C)CC1,4.87
O=C1c2cc(-c3ccc(OC(F)(F)F)cc3)ccc2OCCN1Cc1ncccn1,5.24
CC(C)(N)c1nc(-c2ccc(OC(F)(F)F)cc2)c[nH]1,5.75
NC(CF)(CF)c1nc(-c2ccc(OC(F)(F)F)cc2)c[nH]1,4.82
CC(N)(CF)c1nc(-c2ccc(OC(F)(F)F)cc2)c[nH]1,4.85
NC1(Cc2nc(-c3ccc(OC(F)(F)F)cc3)c[nH]2)COC1,4.85
c1ccc(-c2cc(NC3=NCC4(CN5CCC4CC5)O3)ncn2)cc1,5.4
O=C(Cc1ccc(OCCC2CC2C2CCN(c3ncc(Cl)cn3)CC2)cc1F)N1CC(O)C1,5.28
COCc1cnc(N2CCC(C3CC3CCOc3cc(F)c(CC(=O)N4CCC4)c(F)c3)CC2)nc1,5.04
CC1(OC(=O)N2CCC(C3CC3CCOc3ccc(CC(=O)N4CCC4)c(F)c3)CC2)CC1,4.64
O=C(Cc1ccc(OCCC2CC2C2CCN(c3ncc(Cl)cn3)CC2)cc1F)N1CCC1,5.48
CCc1cnc(N2CCC(C3CC3CCOc3ccc(CC(=O)N4CCC4)c(F)c3)CC2)nc1,5.5
O=C(Cc1ccc(OCCC2CC2C2CCN(c3ncc(Cl)cn3)CC2)c(F)c1)N1CCC1,5.46
O=C(Cc1ccc(OCCC2CC2C2CCN(c3ncc(Cl)cn3)CC2)cc1F)N1CCCCC1,5.48
O=C(Cc1ccc(OCCC2CC2C2CCN(c3ncc(Cl)cn3)CC2)nc1)N1CCC1,5.68
O=C(Cc1ccc(OCCC2CC2C2CCN(c3ncc(Cl)cn3)CC2)cc1)N1CCC1,5.13
CC(C)c1noc(N2CCC(C3CC3CCOc3ccc(CC(=O)N4CCC4)c(F)c3)CC2)n1,5.16
CC(NC(=O)c1c(CN2CCC(N3CCCCC3)CC2)c(-c2cccc(C(F)(F)F)c2)nc2ccccc12)c1ccccc1,5.92
N=C(N)c1ccc(OCCCCCOc2ccc(C(=N)N)cc2)cc1,4.73
CC1(C(=O)O)CCC(C)(c2nc(-c3ccc(C(=O)Nc4cc(C(F)(F)F)ccn4)cc3)c3c(N)nccn23)C1,4.27
CC1CCC(c2nc(-c3ccc(C(=O)Nc4cc(C(F)(F)F)ccn4)cc3F)c3c(N)nccn23)CN1C(=O)C1CC1,5.37
O=C(c1ccc(CC2CCC(C(O)c3ccccc3)N2)cc1)N1CCN(Cc2nnn(CC(F)(F)F)n2)CC1,4.52
O=C(c1ccc(CC2CCC(C(O)c3ccccc3)N2)cc1)N1CCN(Cc2nnn(CC3CC3)n2)CC1,4.41
O=C(c1ccc(CC2CCC(C(O)c3ccccc3)N2)cc1)N1CCN(Cc2ncn(CC(F)F)n2)CC1,4.47
Cc1c(C(O)CN2CCC3(CC2)CCN(c2cnc(S(C)(=O)=O)cn2)C3)ccc2c1COC2=O,5.05
Cc1c(C(O)CN2CCC3(CC2)CN(c2ccc(C#N)cn2)C3)ccc2c1COC2=O,4.98
Cc1c(C(O)CN2CCC3(CC2)CCN(c2ccc(C#N)cn2)C3)ccc2c1COC2=O,5.62
Cc1c(C(O)CN2CCC3(CC2)CC(=O)N(c2ccc(S(C)(=O)=O)cn2)C3)ccc2c1COC2=O,4.76
Cc1c(C(O)CN2CCC3(CC2)CCN(c2ccc(C#N)cn2)CC3)ccc2c1COC2=O,6.71
CCS(=O)(=O)c1cnc(N2CC3(CCN(CC(O)c4ccc5c(c4C)COC5=O)CC3)CC2=O)cn1,5.21
CSc1ccc(N2CCC3(CCN(CC(O)c4ccc5c(c4C)COC5=O)CC3)C2)cn1,5.34
Cc1c(C(O)CN2CCC3(CC2)CCN(c2ccc(S(C)(=O)=O)cn2)C3)ccc2c1COC2=O,4.84
Cc1nc(N2CCC3(CCN(CC(O)c4ccc5c(c4C)COC5=O)CC3)C2)ccc1S(C)(=O)=O,5.1
COc1ccc(N2CCC3(CCN(CC(O)c4ccc5c(c4C)COC5=O)CC3)C2)cn1,5.48
Cc1c(C(O)CN2CCC3(CC2)CCN(c2ccc([S+](C)[O-])nc2)C3)ccc2c1COC2=O,5.52
Cc1c(C(O)CN2CCC3(CC2)CC(=O)N(c2ccc(C#N)cn2)C3)ccc2c1COC2=O,5.75
Cc1c(C(O)CN2CCC3(CC2)CCN(c2ccc(C(C)(C)O)nc2)C3)ccc2c1COC2=O,4.54
Cc1c(C(O)CN2CCC3(CC2)CCN(c2cncc(C#N)c2)C3)ccc2c1COC2=O,5.62
Cc1c(C(O)CN2CCC3(CC2)CC(=O)N(c2cncc(C#N)c2)C3)ccc2c1COC2=O,5.75
Cc1c(C(O)CN2CCC3(CC2)CCN(c2ccc(C#N)nc2)C3)ccc2c1COC2=O,5.92
Cc1c(C(O)CN2CCC3(CC2)CC(=O)N(c2cnc(S(C)(=O)=O)cn2)C3)ccc2c1COC2=O,4.79
OC(Cc1cccnc1-c1cccc(C(F)(F)F)c1)(c1cccnc1F)c1cccnc1F,5.0
c1cncc(C(Cc2ccccc2-c2ccncc2)c2cccnc2)c1,4.66
Fc1ccc(CC(c2cccnc2)c2cccnc2)c(-c2cccc(C(F)(F)F)c2)c1,5.65
c1cncc(C(Cc2ccccc2-c2cncc3ccccc23)c2cccnc2)c1,4.92
FC(F)(F)Oc1cccc(-c2ncccc2CC(c2cccnc2)c2cccnc2)c1,4.9
N#Cc1cccc(-c2cccc(Cl)c2CC(c2cccnc2)c2cccnc2)c1,5.59
N#Cc1cccc(-c2cc(F)ccc2CC(c2cccnc2)c2cccnc2)c1,4.99
Nc1cccc(C(Cc2cccnc2-c2cc(Cl)cc(Cl)c2)c2cccnc2)n1,4.99
CS(=O)(=O)Nc1cccc(-c2cc(F)ccc2CC(c2cccnc2)c2cccnc2)c1,5.72
Cc1[nH]c(C=C2C(=O)Nc3ccc(F)cc32)c(C)c1NC(=O)C1CCCN1,5.17
COc1nc(C2=NOCC(c3cc4ccccc4o3)N2)ccc1-n1cnc(C)c1,4.82
COc1ccc(Cn2c(=O)n3ncnc3c3c4c(sc32)CN(CC2CCOCC2)CC4)cc1,5.66
O=c1n(Cc2ccc(Cl)cc2)c2sc3c(c2c2ncnn12)CCN(CC1CCOCC1)C3,6.46
CCOC(=O)C1=CC2(CC)CCCN3CCc4c(n1c1ccccc41)C32,7.41
COc1ccc(Cn2c(=O)n3ncnc3c3c4c(sc32)CN(CC2CCOCC2)CC4)c(F)c1,5.57
O=C(C1CC1)N1CCc2c(sc3c2c2ncnn2c(=O)n3Cc2ccc(Cl)cc2)C1,6.31
CN1CCc2c(sc3c2c2ncnn2c(=O)n3Cc2ccc(Cl)cc2)C1,7.16
COc1ccc(Cn2c(=O)n3ncnc3c3c4c(sc32)CN(C(=O)C2CC2(F)F)CC4)cc1,5.31
COc1ccc(Cn2c(=O)n3ncnc3c3c4c(sc32)CN(CC2CCOCC2)CC4(F)F)cc1,5.04
O=c1n(Cc2ccc(Cl)cc2)c2sc3c(c2c2ncnn12)CCCC3,5.2
O=c1n(Cc2ccc(Cl)cc2)c2sc3c(c2c2ncnn12)CCN(CC1CC1)C3,6.8
O=c1n(Cc2ccc(Cl)cc2F)c2sc3c(c2c2ncnn12)CCN(CC1CCOCC1)C3,6.21
O=c1n(Cc2ccccc2)c2sc3c(c2c2ncnn12)CCN(CC1CCOCC1)C3,6.24
CCN(CC)Cc1cc(C=NN=C(N)CC(O)c2cc3c(F)cc(F)cc3c3cc(C(F)(F)F)ccc23)ccc1O,6.41
NC(CC(O)c1cc2c(F)cc(F)cc2c2cc(C(F)(F)F)ccc12)=NN=Cc1ccc(F)cc1,7.17
COc1ccccc1CNCC1CC1c1cc(F)ccc1OC,5.85
O=C(c1cc(C2CCCN2c2cc(F)cc(F)c2)c2oc(N3CCOCC3)cc(=O)c2c1)N1CCOCC1,4.35
NS(=O)(=O)Nc1cncc(-c2nc(NCc3ccccn3)c3c(-c4ccccc4)cccc3n2)c1,6.1
Nc1ncc(-c2nc(NCc3ccccn3)c3c(-c4ccccc4)cccc3n2)cn1,4.1
NC(=O)c1ccc(-c2nc(NCc3ccccn3)c3c(-c4ccccc4)cccc3n2)cn1,5.34
NC(=O)c1ccc(-c2cccc3nc(-c4cncnc4)nc(NCc4ccccn4)c23)cc1,5.89
Oc1ccc(-c2nc(NCc3ccccn3)c3c(-c4ccccc4)cccc3n2)cn1,6.3
CC(=O)Nc1cncc(-c2nc(NCc3ccccn3)c3c(-c4ccccc4)cccc3n2)c1,5.7
NS(=O)(=O)c1cncc(-c2nc(NCc3ccccn3)c3c(-c4ccccc4)cccc3n2)c1,5.72
c1ccc(-c2cccc3nc(-c4cccnc4)nc(NCc4ccccn4)c23)cc1,4.7
NC(=O)Nc1cncc(-c2nc(NCc3ccccn3)c3c(-c4ccccc4)cccc3n2)c1,5.72
NC(=O)Nc1ccc(-c2nc(NCc3ccccn3)c3c(-c4ccccc4)cccc3n2)cn1,5.32
O=C(NCC(F)(F)F)c1ccc(-c2cccc3nc(-c4cncnc4)nc(NCc4ccccn4)c23)cc1,5.31
CNC(=O)c1c(-c2ccc(F)cc2)oc2ccc(-c3cc(C(=O)NC4(c5ccccn5)CC4)ccc3C)cc12,5.24
CNC(=O)c1c(-c2ccc(F)cc2)oc2ccc(-c3cc(C(=O)NC4(c5ncccn5)CC4)ccc3C)cc12,5.32
CNC(=O)c1c(-c2ccc(F)cc2)oc2ccc(-c3cc(C(=O)NC4(c5ncccn5)CC4)ccc3C)c(F)c12,4.62
O=C1CCc2ccc(OCCCCN3CCCN(c4ccc(O)c5[nH]c(=O)ccc45)CC3)cc2N1,4.71
CC(C)Oc1cc2c(OCC3CCC(=O)N3)nccc2cc1C(N)=O,4.52
Cc1[nH]nc2c1C(c1cc(-c3cccnc3)cc(C(F)(F)F)c1)(C(C)C)C(C#N)=C(N)O2,4.54
CC(=O)N1CCN(c2cccc(-c3cc(-c4ccnn4CC(F)(F)F)c4c(N)ncnn34)c2)C(=O)C1(C)C,4.77
COc1cncc(Cc2cc(-c3ccccc3)no2)c1,4.64
CN(C)c1ccc(C(=O)N(CC(=O)NC2CCCCC2)Cc2ccc(C(=O)NO)cc2)cc1,4.67
CN(C)c1ccc(C(=O)N(CCCCCC(=O)NO)CC(=O)NCc2ccccc2)cc1,4.29
O=C(CCCCCN1C(=O)c2ccccc2N(Cc2ccccc2)C(=O)C1Cc1ccccc1)NO,5.65
N=C(NCCCOc1ccc(F)cc1)Nc1ccc(Cl)cc1,6.67
COc1ccc(NC(=N)NCCCOc2ccc(F)cc2)cc1,6.38
N=C(NCCCOc1ccc(F)cc1)Nc1ccc(I)cc1,6.96
N=C(Nc1ccc(I)cc1)NC12CC3CC(CC(C3)C1)C2,6.31
NC1CCC=C(c2ccc(F)cc2)C1COc1cc(F)c(S(=O)(=O)Nc2cscn2)cc1Cl,4.99
O=S(=O)(Nc1cscn1)c1cc(Cl)c(OCC2NCCC=C2c2ccc(F)cc2)cc1F,4.99
CN(CC=Cc1ccc2ccccc2c1)Cc1ccc2c(c1)CCO2,5.17
CN(CC=Cc1ccc(C(F)(F)F)cc1F)Cc1ccc2c(c1)OCCC2,5.5
CN(CC=Cc1ccc(Br)cc1)Cc1ccc2c(c1)OCCC2,5.72
CN(CC=Cc1ccc(C(F)(F)F)c(F)c1)Cc1ccc2c(c1)OCCC2,6.7
CN(CC=Cc1ccc(C(F)F)cc1)Cc1ccc2c(c1)OCCC2,5.72
CN(CC=Cc1ccc(C(F)(F)F)cc1F)Cc1ccc2c(c1)CCO2,5.54
CN(CC=Cc1ccc(-c2ccccc2)cc1)Cc1ccc2c(c1)CCO2,4.95
CN(CC=Cc1ccc2ccccc2c1)Cc1ccc2c(c1)OCCC2,4.79
CN(CC=Cc1ccc(-c2ccccc2)cc1)Cc1ccc2c(c1)OCCC2,4.49
CN(CC=Cc1ccc(C(F)F)cc1)Cc1ccc2c(c1)CCO2,5.89
COc1ccc(C=CCN(C)Cc2ccc3c(c2)OCCC3)c(F)c1,5.51
Cc1ccc(C=CCN(C)Cc2ccc3c(c2)OCCC3)cc1,5.42
CN(CC=Cc1ccc(C(F)(F)F)cc1)Cc1ccc2c(c1)CCCC2,5.85
CN(CC=Cc1ccc(C(F)(F)F)cc1)Cc1ccc2c(c1)OCCC2,5.54
COC(=O)c1ccc(C=CCN(C)Cc2ccc3c(c2)OCCC3)cc1,5.19
COc1ccc(C=CCN(C)Cc2ccc3c(c2)CCCCC3)cc1,5.5
CN(CC=Cc1ccc(C(F)(F)F)cc1)Cc1ccc2c(c1)CCO2,5.66
COc1ccc(CN(CC(=O)N2CCC(CN)CC2)c2ccc(C#N)cc2)cc1F,4.91
COc1ccc(CN(CC(=O)N2CCC3(CC2)CNC3)c2ccc(C#N)cc2)cc1F,4.7
Cc1ccc(-c2ncc(OCC3CCNC3)cc2-c2ccc(C#N)cc2)cc1,5.5
COc1ccc(C=CC(=O)N2CCN(c3ccc(C(=O)Nc4ccccc4N)cc3)CC2)cc1,4.6
Cc1ccc(C=CC(=O)N2CCN(c3ccc(C(=O)Nc4ccccc4N)cc3)CC2)cc1,4.57
Nc1ccccc1NC(=O)c1ccc(N2CCN(C(=O)C=Cc3ccc(F)cc3)CC2)cc1,4.49
Nc1ccc(F)cc1NC(=O)c1ccc(CNC(=O)C=Cc2cccnc2)cc1,4.5
CCc1cc(COc2cc(C(=O)N3CCCC(N)C3)nn2-c2ccc(C#N)cc2)on1,5.3
Cc1ccc(Oc2ccnc3cc(-c4cnn(C5CCNCC5)c4)ccc23)cc1,5.51
COc1ccc(Oc2ccnc3cc(-c4cnn(C5CCNCC5)c4)ccc23)cc1,5.61
Oc1ccc(Oc2ccnc3cc(-c4cnn(C5CCNCC5)c4)ccc23)cc1,5.56
CN(Cc1ccccn1)Cc1ccccc1CNc1ccnc2cc(Cl)ccc12,6.06
Fc1ccc(C(OC2CC3CCC(C2)N3CC2CC2)c2ccc(F)cc2)cc1,5.4
CCOC(=O)C1C(OC(c2ccc(F)cc2)c2ccc(F)cc2)CC2CCC1N2CCc1c[nH]c2ccccc12,4.85
CC(C)C(N)CN1C2CCC1CC(OC(c1ccc(F)cc1)c1ccc(F)cc1)C2,5.36
CN(C)CCN1C2CCC1CC(NC(c1ccc(F)cc1)c1ccc(F)cc1)C2,5.26
CN(CC=Cc1ccc(-c2ccccc2)cc1)Cc1coc2ccccc12,4.46
CCOC(=O)C1=C(CN2CCOCC2)NC(c2nccs2)=NC1c1ccc(F)cc1Cl,5.64
CCOC(=O)C1=C(CN2CCS(=O)(=O)CC2)NC(c2nccs2)=NC1c1ccc(F)cc1Br,5.97
CCOC(=O)C1=C(CN2CCOCC2)NC(c2nncs2)=NC1c1ccc(F)cc1Br,5.46
CCOC(=O)C1=C(CN2CCOCC2)NC(c2nc(CC(=O)OC)cs2)=NC1c1ccc(F)cc1Br,5.79
CCOC(=O)C1=C(CN2CCOCC2)NC(c2ccccn2)=NC1c1ccc(F)cc1Br,5.42
CCOC(=O)C1=C(CNC(Cc2ccccc2)C(=O)O)NC(c2nccs2)=NC1c1ccc(F)cc1Br,5.06
CCOC(=O)C1=C(CN2CCOCC2)NC(c2nccs2)=NC1c1ccc(Cl)cc1Cl,6.52
CCOC(=O)C1=C(CN2CCOCC2)NC(c2ncc(OC)s2)=NC1c1ccc(F)cc1Br,5.38
CCOC(=O)C1=C(CN2CCOCC2)NC(c2nccs2)=NC1c1ccccc1Cl,5.39
CCOC(=O)C1=C(CN2CCOCC2CO)NC(c2nccs2)=NC1c1ccc(F)cc1Br,4.62
CCOC(=O)C1=C(CN2CCOC(CO)C2)NC(c2nccs2)=NC1c1ccc(F)cc1Br,5.13
CCOC(=O)C1=C(CN2CC[S+]([O-])CC2)NC(c2nccs2)=NC1c1ccc(F)cc1Br,5.24
CCOC(=O)C1=C(CN2CCOCC2)NC(c2cccs2)=NC1c1ccc(F)cc1Br,6.05
CCOC(=O)C1=C(CN2CCOCC2)NC(c2nccs2)=NC1c1ccccc1[N+](=O)[O-],6.58
CCOC(=O)C1=C(CN2CCOCC2)NC(c2nccs2)=NC1c1ccc(F)cc1-c1ccccc1,5.3
CCOC(=O)C1=C(CN2CCOCC2)NC(c2nccn2C)=NC1c1ccc(F)cc1Br,6.77
Cc1c(C(O)CN2CCC3(CC2)CC(=O)N(c2ccc(=O)n(C)n2)C3)ccc2c1COC2=O,4.44
Cc1nc(-n2cnnn2)ccc1C(O)CN1CCC2(CC1)CCN(c1ccc(=O)n(C)n1)C2=O,4.76
Cc1c(C(O)CN2CCC3(CC2)CCN(c2ccc(=O)n(C)n2)CC3)ccc2c1COC2=O,4.35
Cc1cnsc1N1CCC2(CCN(CC(O)c3ccc4c(c3C)COC4=O)CC2)C1=O,5.1
Cc1c(C(O)CN2CCC3(CC2)CCN(c2cc(C)c(=O)n(C)n2)C3=O)ccc2c1COC2=O,5.57
Cc1c(C(O)CN2CCC3(CC2)CN(c2ccns2)C(=O)O3)ccc2c1COC2=O,4.92
Cc1nsc(N2CCC3(CCN(CC(O)c4ccc5c(c4C)COC5=O)CC3)C2=O)n1,4.84
Cc1c(C(O)CN2CCC3(CC2)CCN(c2cc(-c4ccccc4)no2)C3=O)ccc2c1COC2=O,7.27
Cc1c(C(O)CN2CCC3(CC2)CCN(c2ccns2)C3=O)ccc2c1COC2=O,5.05
Cc1c(C(O)CN2CCC3(CC2)CCN(c2ccnnc2)C3=O)ccc2c1COC2=O,4.57
Cc1c(C(O)CN2CCC3(CC2)CCN(c2ccc(=O)n(C)n2)C3=O)ccc2c1COC2=O,4.67
Cc1nccc(N2CCC3(CCN(CC(O)c4ccc5c(c4C)COC5=O)CC3)C2=O)n1,4.75
Cc1c(C(O)CN2CCC3(CC2)CCN(c2ccncn2)C3=O)ccc2c1COC2=O,4.66
Cc1c(CCN2CCC3(CC2)CCN(c2ccc(=O)n(C)n2)C3=O)ccc2c1COC2=O,5.33
Cc1c(C(O)CN2CCC3(CC2)CC(=O)N(c2ccns2)C3)ccc2c1COC2=O,5.1
CCn1nc(N2CCC3(CCN(CC(O)c4ccc5c(c4C)COC5=O)CC3)C2=O)ccc1=O,5.12
Cc1c(C(O)CN2CCC3(CC2)CCN(c2ccc(-n4cnnn4)cn2)C3)ccc2c1COC2=O,5.48
Cc1c(C(O)CN2CCC3(CC2)CCN(c2ccns2)C3)ccc2c1COC2=O,5.85
Cc1c(C(O)CN2CCC3(CC2)CCN(c2sncc2Cl)C3=O)ccc2c1COC2=O,5.82
Cc1c(C(O)CN2CCC3(CC2)CCN(c2ccncc2)C3=O)ccc2c1COC2=O,4.98
COc1cc(N2CCC3(CCN(CC(O)c4ccc5c(c4C)COC5=O)CC3)C2=O)ccn1,5.42
Cc1c(C(O)CN2CCC3(CC2)CCN(c2ncns2)C3=O)ccc2c1COC2=O,4.91
Cc1c(C(O)CN2CCC3(CC2)CCN(c2cc(-c4ccccc4)ns2)C3=O)ccc2c1COC2=O,8.02
Cc1nsc(N2CCC3(CCN(CC(O)c4ccc5c(c4C)COC5=O)CC3)C2)n1,5.38
Cc1c(C(O)CN2CCC3(CC2)CN(c2ccc(=O)n(C)n2)C(=O)CO3)ccc2c1COC2=O,4.34
Cc1c(C(O)CN2CCC3(CC2)CCN(c2ccc(=O)n(C4CCCC4)n2)C3=O)ccc2c1COC2=O,4.87
Cc1c(C(O)CN2CCC3(CC2)CCN(c2cnsn2)C3=O)ccc2c1COC2=O,5.21
CNc1nccc(N2CCC3(CCN(CC(O)c4ccc5c(c4C)COC5=O)CC3)C2=O)n1,5.03
Cc1c(C(O)CN2CCC3(CC2)CN(c2ccns2)C3)ccc2c1COC2=O,5.35
Cc1c(C(O)CN2CCC3(CC2)CCN(c2ccc(=O)n(C(F)F)n2)C3=O)ccc2c1COC2=O,4.72
Cc1cc(N2CCC3(CCN(CC(O)c4ccc5c(c4C)COC5=O)CC3)C2=O)sn1,5.13
Cc1cc(=O)n(C)nc1N1CCC2(CCN(CC(O)c3ccc4c(c3C)COC4=O)CC2)C1=O,4.68
Cc1c(C(O)CN2CCC3(CC2)CCN(c2cnn(C)c(=O)c2)C3=O)ccc2c1COC2=O,4.92
Cn1nc(N2CCC3(CCN(CC(O)c4ccc(-n5cnnn5)nn4)CC3)C2=O)ccc1=O,5.51
COc1nccc(N2CCC3(CCN(CC(O)c4ccc5c(c4C)COC5=O)CC3)C2=O)n1,5.1
Cc1c(C(O)CN2CCC3(CC2)CCN(c2ccc(=O)n(C)n2)C3)ccc2c1COC2=O,5.35
COc1nsc(N2CCC3(CCN(CC(O)c4ccc5c(c4C)COC5=O)CC3)C2=O)n1,5.02
Cc1c(C(O)CN2CCC3(CC2)CCN(c2cnsc2)C3=O)ccc2c1COC2=O,5.31
Cn1c([S+](C)[O-])nc(-c2ccc(F)cc2)c1-c1ccnc(N)c1,4.08
CSc1nc(-c2ccc(F)cc2)c(-c2ccnc(NC(C)=O)c2)n1C,4.54
CSc1nc(-c2ccc(F)cc2)c(-c2ccnc(Nc3ccccc3)c2)[nH]1,5.56
Nc1nc(NCc2cc(C3CC3)on2)c2c(ccn2Cc2ccccn2)n1,6.7
Cc1cc(CNc2nc(N)nc3ccn(Cc4ncccc4F)c23)no1,5.68
Cc1cc(CNc2nc(N)nc3ccn(Cc4cc(Cl)ccn4)c23)no1,6.3
Cc1cc(CNc2nc(N)nc3ccn(Cc4ncccc4Cl)c23)no1,6.05
Cc1cc(CNc2nc(N)nc3ccn(Cc4ccccn4)c23)no1,5.92
Cc1cnc(COc2nc(N)nc3ccn(Cc4ccccn4)c23)s1,4.35
COc1cccnc1Cn1ccc2nc(N)nc(OCc3ncc(C)o3)c21,5.66
COc1cccc(Cn2ccc3nc(N)nc(NCc4cc(C)on4)c32)n1,5.64
COc1ccc(Cn2ccc3nc(N)nc(NCc4cc(C)on4)c32)nc1OC,6.16
Cc1cc(CNc2nc(N)nc3ccn(Cc4ccc(C(F)(F)F)cn4)c23)no1,6.3
CN(Cc1ccc(C(F)(F)F)nc1)c1cc(C(=O)Nc2nncs2)ncn1,4.85
CN1CCN(c2ccc(NC(=O)c3cc(N(C)Cc4ccc(C(F)(F)F)cc4)ncn3)cc2)CC1,6.05
CN(Cc1ccc(C(F)(F)F)nc1)c1cc(C(=O)Nc2ccccc2)ncn1,5.25
CC(C)Oc1ccc(NC(=O)c2cc(N(C)Cc3ccc(F)cc3)ncn2)cc1,5.39
CN(C1CCC(n2cc(C(N)=O)c(Nc3ccc(Cl)cc3)n2)C(C#N)C1)C1(C)COC1,4.34
N#CC1CCOCC1n1cc(C(N)=O)c(Nc2ccc(OC(F)F)cc2)n1,4.6
N#CC1CCOCC1n1cc(C(N)=O)c(Nc2ccc(F)cc2)n1,4.4
N#CC1CCOCC1n1cc(C(N)=O)c(Nc2ccc(C3CC3)cc2)n1,4.46
N#CC1CCOCC1n1cc(C(N)=O)c(Nc2ccc(-n3ccnn3)cc2)n1,4.88
N#Cc1ccc(Nc2nn(C3COCCC3C#N)cc2C(N)=O)cc1,4.4
N#CC1CC(N2CCC2)CCC1n1cc(C(N)=O)c(Nc2ccc(C(O)C(F)(F)F)cc2)n1,4.5
N#CC1CCOCC1n1cc(C(N)=O)c(Nc2ccc(Cl)cc2)n1,4.4
CC(c1ccc(OC(F)F)cc1)N1CCC(CCC(N)=O)(c2ccc(F)cc2)OC1=O,5.28
CC(c1ccc(Br)cc1)N1CCC(CCC(N)=O)(c2ccc(F)cc2)OC1=O,5.2
COc1ccc2ncc(F)c(C(O)CCC3CCN(C4CC(c5cc(F)ccc5F)C4)CC3C(=O)O)c2c1,4.07
COc1ccc2ncc(F)c(C(O)CCC3CCN(C4CC(c5cc(F)cc(F)c5)C4)CC3C(=O)O)c2c1,4.85
COc1ccc2ncc(F)c(C(O)CCC3CCN(C4CC(c5ncccc5F)C4)CC3C(=O)O)c2c1,4.97
COc1ccc2ncc(F)c(C(O)CCC3CCN(C4CC(c5cccc(F)c5F)C4)CC3C(=O)O)c2c1,4.6
COc1ccc2ncc(F)c(C(O)CCC3CCN(C4CC(c5cc(F)ccc5F)C4)CC3C(=O)O)c2n1,4.35
COc1ccc2ncc(F)c(C(O)CCC3CCN(C4CC(c5c(F)cccc5F)C4)CC3C(=O)O)c2c1,4.34
CC1OC(OC2CC(O)C3(CO)C4C(O)CC5(C)C(C6=CC(=O)OC6)CCC5(O)C4CCC3(O)C2)C(O)C(O)C1O,5.24
NC(=O)c1cnc(NC2CCCNC2)c2cc(-c3cccc(F)c3)sc12,4.85
CCN(c1ncc(C(N)=O)c2sc(-c3ccccc3)cc12)C1CCCNC1,5.62
NC(=O)c1cnc(NC2CCCNC2)c2cc(-c3ccsc3)sc12,4.55
CC1CCC(Nc2ncc(C(N)=O)c3sc(-c4ccccc4)cc23)C(C)N1,5.08
NC(=O)c1ccc(NC2CCCNC2)c2cc(-c3ccc(F)cc3)[nH]c12,5.17
NC(=O)c1cnc(N(CCc2ccccc2)C2CCCNC2)c2cc(-c3ccccc3)sc12,5.68
NC(=O)c1ccc(NC2CCCNC2)c2cc(-c3ccccc3)[nH]c12,4.94
CN(c1ncc(C(N)=O)c2sc(-c3ccccc3)cc12)C1CCCNC1,5.57
NC(=O)c1cnc(NC2CCCNC2)c2cc(-c3ccccc3)sc12,4.71
NC(=O)c1cnc(SC2CCCNC2)c2cc(-c3ccccc3)sc12,5.31
NC(=O)c1cnc(OC2CCCNC2)c2cc(-c3ccccc3)sc12,5.42
NC(=O)c1ccc(NC2CCCNC2)c2cc(-c3ccc(Cl)cc3)[nH]c12,5.39
Cc1cc(Oc2cncnc2)cc(C(=O)Nc2ccc(F)cn2)n1,4.13
O=C(CN1CCCC2=C1C(=O)N(C1CC1)C2=O)Nc1ccc(-c2cccnc2)nn1,4.32
N#Cc1c(N)ncnc1N1CCCC1c1nc2cccc(C#CCCCC(=O)N3CCOCC3)c2c(=O)n1-c1ccccc1,4.5
CC1(c2cc(CNCC3CC3)c(F)cc2F)CCSC(N)=N1,4.48
CC1CC(C)(c2cc(CNC3(C(F)(F)F)CC3)c(F)cc2F)N=C(N)S1,5.58
CC1(c2cc(CNC3(C#N)CC3)c(F)cc2F)CCSC(N)=N1,4.55
CC1(c2cc(CNCCC(F)(F)F)c(F)cc2F)CCSC(N)=N1,4.69
CC1(c2cc(CNC3(C(F)F)CC3)c(F)cc2F)CCSC(N)=N1,4.86
CC1(c2cc(CNC3(C(F)(F)F)COC3)c(F)cc2F)CCSC(N)=N1,4.78
CC1(c2cc(CNC3CC3)c(F)cc2F)CCSC(N)=N1,4.31
CC1(c2cc(CNCC(F)F)c(F)cc2F)CCSC(N)=N1,4.83
CC1(c2cc(CNCC(F)(F)F)c(F)cc2F)CCSC(N)=N1,5.21
CC1(c2cc(CNC3(C(F)(F)F)CC3)c(F)cc2F)CCSC(N)=N1,5.46
NC1=NC2(c3cc(CNCC(F)(F)F)c(F)cc3F)COC(CF)CC2CS1,5.37
Cc1nc2n(c(=O)c1CCN1CCN(c3cccc4sccc34)CC1)CCCC2(F)F,5.24
Cc1nc2n(c(=O)c1CCN1CCN(c3cccc4sccc34)CC1)CCCC2,5.57
Cc1nc2n(c(=O)c1CCN1CCN(c3cccc4sccc34)CC1)CCCC2F,5.21
Cc1nc2n(c(=O)c1CCN1CCN(c3cccc4sccc34)CC1)CCCC2O,5.39
O=C(c1cccc(F)c1)N1CCc2oc(-c3ccc(F)cn3)nc2C1,4.13
O=C(c1cc(F)cc(Cl)c1)N1CCc2oc(-c3ccc(F)cn3)nc2C1,4.72
O=C(c1ccccc1)N1CCc2oc(-c3ccc(F)cn3)nc2C1,4.19
O=C(c1cc(F)cc(Cl)c1)N1CCn2nc(-c3ccc(F)cn3)cc2C1,4.82
NC(=O)c1cc(Cl)c2c(Cl)c(C#CC3CC3)n(C3CCCNC3)c2n1,6.0
Cc1ccc(C2CN(C(=O)C3CCC(CN)CC3)CC2c2ccc(C#N)cc2)cc1,4.92
CCCCc1cc(OC2CCN(CCCS(=O)(=O)NC(C)(C)C)CC2)c2ncccc2c1,6.55
COCCCC(=O)NCCN1CCCC1Cn1nc(Cc2ccc(Cl)cc2)c2ccccc2c1=O,6.4
CCCCc1cc(OC2CCN(CCCCNS(=O)(=O)CC)CC2)c2ncccc2c1,7.11
CCCCc1cc(OC2CCN(CCCS(=O)(=O)C(C)(C)C)CC2)c2ncccc2c1,6.33
CCCCc1cc(OC2CCN(CCCNS(=O)(=O)CC)CC2)c2ncccc2c1,7.2
CCCCc1cc(OC2CCN(CCCCN(C)S(=O)(=O)CC)CC2)c2ncccc2c1,6.6
CCCCc1cc(OC2CCN(CCCCNS(=O)(=O)CC(C)C)CC2)c2ncccc2c1,7.36
CCCCc1cc(OC2CCN(CCCS(=O)(=O)CC)CC2)c2ncccc2c1,7.12
CCCCc1cc(OC2CCN(CCNS(=O)(=O)CC)CC2)c2ncccc2c1,7.12
CCCCc1cc(OC2CCN(CCCS(=O)(=O)C(C)C)CC2)c2ncccc2c1,7.04
CCCCc1cc(OC2CCN(CCCCS(=O)(=O)C(C)(C)C)CC2)c2ncccc2c1,6.52
CCCCc1cc(OC2CCN(CCCCNS(=O)(=O)CCC)CC2)c2ncccc2c1,7.06
CCCCc1cc(OC2CCN(CCCCS(=O)(=O)NCCC)CC2)c2ncccc2c1,7.02
CCCCc1cc(OC2CCN(CCC(C)S(=O)(=O)CC)CC2)c2ncccc2c1,6.88
CCCCc1cc(OC2CCN(CCS(=O)(=O)CC)CC2)c2ncccc2c1,5.78
CCCCc1cc(OC2CCN(CCS(=O)(=O)NC(C)(C)C)CC2)c2ncccc2c1,6.2
CCCCc1cc(OC2CCN(CCCCNS(C)(=O)=O)CC2)c2ncccc2c1,7.7
CCCCc1cc(OC2CCN(CCCCNS(=O)(=O)C3CCCCC3)CC2)c2ncccc2c1,7.74
NC(=O)c1c(NC(=O)Nc2ccc(Cl)cc2)sc2c1CC[N+]1(CCOCC1)C2,4.91
NC(=O)c1c(NC(=O)Nc2ccc(Cl)cc2)sc2c1CCN(CCCNC(=O)CCc1c[nH]c3ccccc13)C2,4.7
CN1C2CCC1c1c(sc(NC(=O)Nc3ccc(Cl)cc3)c1C(N)=O)C2,5.25
CC[N+]1(C)Cc2sc(NC(=O)Nc3ccc(Cl)cc3)c(C(N)=O)c2C1,5.48
NC(=O)c1c(NC(=O)Nc2ccc(Cl)cc2)sc2c1CC[N+]1(CCCC1)C2,5.46
CCc1ccn2ccnc2c1N1CCCN(CC2CCN(C(=O)C3CC4CCC3O4)CC2)CC1,5.89
CCc1ccn2ccnc2c1N1CCCN(C(CC(N)=O)C2CCN(C(=O)C3CC4CCC3O4)CC2)CC1,5.08
O=C(O)CC1CCC2(CCN(c3ccc(-c4nc5cc(C(F)(F)F)ccc5[nH]4)cn3)CC2)O1,4.8
O=C(O)CN1CCC2(CC1)CCN(c1ccc(-c3nc4cc(C(F)(F)F)ccc4[nH]3)cn1)CC2,5.32
O=C(O)C1CCC2(CCN(c3ccc(-c4nc5cc(C(F)(F)F)ccc5[nH]4)cn3)CC2)OC1,4.83
O=C(O)CC1COC2(CCN(c3ccc(-c4nc5cc(C(F)(F)F)ccc5[nH]4)cn3)CC2)C1,5.36
O=C(O)CC1CCOC2(CCN(c3ccc(-c4nc5cc(C(F)(F)F)ccc5[nH]4)cn3)CC2)C1,5.54
O=C(O)CC1CCC2(CCN(c3ccc(-c4nc5cc(C(F)(F)F)ccc5[nH]4)cn3)CC2)OC1,6.1
COc1ccc2ccc(=O)n(CC(O)C3CCC(NCc4ccc5c(n4)NC(=O)CO5)CO3)c2n1,4.82
COc1ccc2ccc(=O)n(CC(N)C3CCC(NCc4ccc5c(n4)NC(=O)CO5)CO3)c2n1,4.28
COc1ccc2ncc(F)c(CC(N)C3CCC(NCc4ccc5c(n4)NC(=O)CO5)CO3)c2n1,5.3
CCc1nc2c(C)cc(N3CCN(CC(=O)N4CC(O)C4)CC3)cn2c1N(C)c1nc(-c2ccc(F)cc2)c(C#N)s1,4.82
CCc1nc2ccc(C3CCN(CC(=O)N4CC(O)C4)CC3)cn2c1N(C)c1nc(-c2ccc(F)cc2)cs1,5.25
CC1(COc2ccc(OC(F)(F)F)cc2)CCn2cc([N+](=O)[O-])nc2O1,5.42
CC1(COc2ccc(OC(F)(F)F)cc2)Cn2cc([N+](=O)[O-])nc2O1,4.98
C=CC(=O)Nc1cc(Nc2nccc(-c3cn4c5c(cccc35)CCC4)n2)c(OC)cc1N(C)CCN(C)C,5.07
Cc1cccc(-c2cc3c(NC4CCC(C)(N)C4(C)C)c(C(N)=O)cnn3c2)c1,5.11
Cc1ccccc1-c1cc2c(NC3CCC(C)(N)C3(C)C)c(C(N)=O)cnn2c1,5.31
CC1(N)CCC(Nc2c(C(N)=O)cnn3cc(-c4cccc(Cl)c4)cc23)C1(C)C,5.22
CC(C)Oc1ccc(-c2cc3c(NC4CCC(C)(N)C4(C)C)c(C(N)=O)cnn3c2)cn1,5.28
CC1(N)CCC(Nc2c(C(N)=O)cnn3cc(-c4ccc(C#N)nc4)cc23)C1(C)C,5.39
Cc1ccncc1-c1cc2c(NC3CCC(C)(N)C3(C)C)c(C(N)=O)cnn2c1,4.75
CC1(N)CCC(Nc2c(C(N)=O)cnn3cc(-c4ccc(F)nc4)cc23)C1(C)C,4.46
CC1(N)CCC(Nc2c(C(N)=O)cnn3cc(-c4ccccc4)cc23)C1(C)C,5.42
CC1(N)CCC(Nc2c(C(N)=O)cnn3cc(-c4ccccc4F)cc23)C1(C)C,5.02
CC1(N)CCC(Nc2c(C(N)=O)cnn3cc(-c4ccc(F)cc4)cc23)C1(C)C,4.99
CC1(N)CCC(Nc2c(C(N)=O)cnn3cc(-c4ccc(C#N)cc4)cc23)C1(C)C,4.92
CC1(N)CCC(Nc2c(C(N)=O)cnn3cc(-c4cncnc4)cc23)C1(C)C,5.07
CCOc1ccc(-c2cc3c(NC4CCC(C)(N)C4(C)C)c(C(N)=O)cnn3c2)cn1,4.77
CC1(N)CCC(Nc2c(C(N)=O)cnn3cc(-c4cncc(F)c4)cc23)C1(C)C,5.3
CC1(N)CCC(Nc2c(C(N)=O)cnn3cc(-c4ccnc(F)c4)cc23)C1(C)C,4.39
COc1ccc(-c2cc3c(NC4CCC(C)(N)C4(C)C)c(C(N)=O)cnn3c2)cc1,4.86
COc1cccc(-c2cc3c(NC4CCC(C)(N)C4(C)C)c(C(N)=O)cnn3c2)c1,5.14
Cc1ccc(-c2cc3c(NC4CCC(C)(N)C4(C)C)c(C(N)=O)cnn3c2)cn1,5.1
CC1(N)CCC(Nc2c(C(N)=O)cnn3cc(-c4cccc(F)c4)cc23)C1(C)C,5.12
CC(C)c1cc(CN2Cc3ccccc3S2(=O)=O)nn1-c1ccc(F)cc1,4.83
CC(C)c1cc(CN2Cc3ccccc3S2(=O)=O)nn1C(C)(C)C,4.71
CC1(C(=O)N2CC(c3nc(-c4ccc(C(=O)Nc5cc(C(F)(F)F)ccn5)cc4)c4c(N)nccn34)C2)COC1,6.4
CC1(C(=O)N2CCCC(c3nc(-c4ccc(C(=O)Nc5cc(C(F)(F)F)ccn5)cc4)c4c(N)nccn34)C2)COC1,5.46
CC1(C(=O)N2CCOC(c3nc(-c4ccc(C(=O)Nc5cc(C(F)(F)F)ccn5)cc4F)c4c(N)nccn34)C2)CCC1,4.85
CC(C)C(=O)N1CCOC(c2nc(-c3ccc(C(=O)Nc4cc(C(F)(F)F)ccn4)cc3F)c3c(N)nccn23)C1,4.82
COCC(=O)N1CCOC(c2nc(-c3ccc(C(=O)Nc4cc(C(F)(F)F)ccn4)cc3F)c3c(N)nccn23)C1,4.62
CC(=O)N1CCOC(c2nc(-c3ccc(C(=O)Nc4cc(C(F)(F)F)ccn4)cc3F)c3c(N)nccn23)C1,4.72
CC(C)C(=O)N1CCCC(c2nc(-c3ccc(C(=O)Nc4cc(C(F)(F)F)ccn4)cc3F)c3c(N)nccn23)C1,5.55
COCCC(=O)N1CCOC(c2nc(-c3ccc(C(=O)Nc4cc(C(F)(F)F)ccn4)cc3)c3c(N)nccn23)C1,5.24
COCCC(=O)N1CCSC(c2nc(-c3ccc(C(=O)Nc4cc(C(F)(F)F)ccn4)cc3)c3c(N)nccn23)C1,5.75
CC1(C(=O)N2CCOC(c3nc(-c4ccc(C(=O)Nc5cc(C(F)(F)F)ccn5)cc4)c4c(N)nccn34)C2)COC1,4.84
CC1(C(=O)N2CCC(c3nc(-c4ccc(C(=O)Nc5cc(C(F)(F)F)ccn5)cc4)c4c(N)nccn34)C2)COC1,5.6
COCC(=O)N1CCCC(c2nc(-c3ccc(C(=O)Nc4cc(C(F)(F)F)ccn4)cc3F)c3c(N)nccn23)C1,5.35
Nc1nccn2c(C3CN(C4CCOCC4)CCO3)nc(-c3ccc(C(=O)Nc4cc(C(F)(F)F)ccn4)cc3F)c12,5.34
CC(=O)N1CCCC(c2nc(-c3ccc(C(=O)Nc4cc(C(F)(F)F)ccn4)cc3F)c3c(N)nccn23)C1,5.62
CC(C)Cc1cc(CNS(=O)(=O)c2cccc3cccnc23)nn1-c1ccc(F)cc1,5.8
CC(C)Cc1cc(CNS(=O)(=O)c2cccc3cccnc23)nn1-c1ccccc1,5.33
CC12CCC(F)=CC1CC(N1CCCC(N)C1)C2Oc1ccc(C#N)cc1,5.07
CC12CCC(F)(F)CC1CC(N1CCCC(N)C1)C2Oc1ccc(C#N)cc1,4.89
N#Cc1ccc(OC2C3C4CC(CC4=O)C3CC2N2CCCC(N)C2)cc1,4.77
CON=C1CCC2(C)C(C1)CC(N1CCCC(N)C1)C2Oc1ccc(C#N)cc1,4.6
O=C(CCCCc1c[nH]nn1)NC1CCN(C(=O)OCc2cc(Cl)cc(Cl)c2)CC1,5.03
O=C(CCCc1c[nH]nn1)NC1CCN(C(=O)OCc2cc(Cl)cc(Cl)c2)CC1,4.68
CN(CCC1CCN(C(=O)OCc2cc(Cl)cc(Cl)c2)CC1)C(=O)c1c[nH]c(=O)o1,5.14
CC(=O)Nc1nc(C)c(-c2cc3c(c(S(C)(=O)=O)c2)C(=O)N(C(C)C2CC2)C3)s1,4.5
CC(=O)Nc1nc(C)c(-c2cc3c(c(NS(C)(=O)=O)c2)C(=O)N(C(C)C2CC2)C3)s1,4.7
Cc1cnc2c(c1)nnn2-c1ccc(C(=O)N(c2ncccc2Cl)C2CCCNC2)nc1,5.44
CN(C)c1cncc(-c2ccc(C(=O)N(c3ncccc3Cl)C3CCCNC3)cc2)n1,4.37
O=C(c1ccc(-n2nnc3cccnc32)cc1)N(c1ncccc1Cl)C1CCCNC1,5.07
Cc1cncc(-c2ccc(C(=O)N(c3ncccc3Cl)C3CCCNC3)cc2)n1,4.22
O=S(=O)(NCc1ccccc1)c1cccc(Nc2ccc3nccc(-c4ccncc4)c3n2)c1,5.92
O=C1SC(=Cc2ccc3c(cnn3Cc3ccc(Cl)cc3C(F)(F)F)c2)C(=O)N1C1CCNCC1F,4.68
CCc1cc2c(s1)CCN1Cc3ccccc3CC21,4.98
c1ccc(Cc2cc3c(s2)CCN2Cc4ccccc4CC32)cc1,4.67
COc1nc2ccc(CC(C)=O)cc2cc1C(c1ccccc1)C(O)(CCN(C)C)c1cccc2ccccc12,5.0
COc1nc2ccc(Cl)cc2cc1C(c1ccccc1)C(O)(CCN(C)C)c1cccc2ccccc12,5.16
COc1nc2ccc(C(=O)O)cc2cc1C(c1ccccc1)C(O)(CCN(C)C)c1cccc2ccccc12,5.0
COc1nc2ccc(Br)cc2cc1C(c1ccccc1)C(O)(CCN(C)C)c1cccc2ccccc12,5.8
COc1nc2ccccc2cc1C(c1ccccc1)C(O)(CCN(C)C)c1cccc2ccccc12,5.8
COc1nc2ccc(CN)cc2cc1C(c1ccccc1)C(O)(CCN(C)C)c1cccc2ccccc12,5.77
COc1nc2ccc(C(=O)N(C)C)cc2cc1C(c1ccccc1)C(O)(CCN(C)C)c1cccc2ccccc12,5.2
CC#Cc1ccc2nc(OC)c(C(c3ccccc3)C(O)(CCN(C)C)c3cccc4ccccc34)cc2c1,5.1
COC(=O)c1ccc2c(c1)NC(=O)C2=C(Nc1ccc(N(C)C(=O)CN2CCN(C)CC2)cc1)c1ccccc1,8.59
COC(=O)c1ccc2c(c1)NC(=O)C2=C(Nc1ccc(N2C(=O)CCC2CN2CCN(C)CC2)cc1)c1ccccc1,9.02
CC1(c2cc(NC(=O)c3ccc(C#N)cn3)ccc2F)N=C(N)COC1F,5.1
Cc1ccc2[nH]c(C(=O)NC3Cc4ccccc4C3NC(=O)CCN(C)C)cc2c1,5.6
CN(C)CCNC(=O)C1c2ccccc2CC1NC(=O)c1cc2ccccc2[nH]1,4.9
COCCNCCC(=O)NC1c2ccccc2CC1NC(=O)c1cc2ccccc2n1C,5.8
CN(C)CCC(=O)NC1c2ccccc2CC1NC(=O)c1cc2cc(F)c(F)cc2[nH]1,5.4
CCCCC(CCO)Nc1nc(N)nc2cc(F)ccc12,5.31
CCCCC(CCO)Nc1nc(N)nc2ccc(C)cc12,5.27
CCCCC(CCO)Nc1nc(N)nc2ccc(OC)cc12,5.22
CCCC(CCO)Nc1nc(N)nc2cccc(C)c12,5.26
CCCCC(CCO)Nc1nc(N)nc2cc(C)ccc12,5.75
CCCC(CCO)Nc1nc(N)nc2cc(C)ccc12,5.09
CCCCC(CCO)Nc1nc(N)nc2c(F)cccc12,5.35
CCCC(CCO)Nc1nc(N)nc2cc(F)ccc12,5.04
CCCC(CCO)Nc1nc(N)nc2ccc(F)cc12,5.03
CCCC(CCO)Nc1nc(N)nc2ccccc12,5.17
CCCCC(CCO)Nc1nc(N)nc2ccccc12,5.57
CCCCC(CCO)Nc1nc(N)nc2ccc(F)cc12,5.24
CCCC(CCO)Nc1nc(N)nc2cccc(F)c12,5.05
CCCCC(CCO)Nc1nc(N)nc2cccc(C)c12,6.22
O=C(NCC1C2CN(C(=O)CCc3cc(Cl)cc(Cl)c3)CC12)c1ccc2[nH]c(=O)oc2c1,5.09
CC(OC(=O)N1CC2C(CNC(=O)c3ccc4[nH]c(=O)oc4c3)C2C1)c1cc(Cl)cc(Cl)c1,5.07
O=C(CCN1CCN(C(=O)OCc2cc(Cl)cc(Cl)c2)CC1)c1ccc2[nH]c(=O)oc2c1,6.32
O=C(NCC1C2CN(C(=O)C=Cc3cc(Cl)cc(Cl)c3)CC12)c1ccc2[nH]c(=O)oc2c1,5.38
OC1CNCCCC1n1c2ccc(C(F)(F)F)cc2c2cc(C(F)(F)F)ccc21,5.93
CN(CC=CC=Cc1ccc(C(F)(F)F)cc1F)Cc1ccc2c(c1)OCO2,7.85
CN(CC=Cc1ccc(F)cc1C(F)(F)F)Cc1ccc2c(c1)OCO2,8.38
Cc1ccc(CN2CCC(N3CCC(c4ccc(O)cc4)CC3)C2=O)cc1,6.4
O=C1C(N2CCC(c3ccc(O)cc3)CC2)CCN1Cc1ccc(F)cc1,6.21
Cc1ccc(CN2CCC(N3CCC(c4ccc(O)cc4)C(F)C3)C2=O)cc1,5.11
O=S(=O)(CC1CC1)NC1CN(c2ccc3c(c2)C(Cc2ccccc2)C(N2CCC2)CC3)C1,5.36
Cn1cnc(S(=O)(=O)NCCOc2ccc3c(c2)C(Cc2ccccc2)C(N2CCC2)CC3)c1,4.82
O=S(=O)(CC1CC1)NC1CN(c2ccc3c(c2)C(Cc2ccccc2)C(N2CCC2)CO3)C1,4.94
CCCS(=O)(=O)NC1CCN(c2ccc3c(c2)C(Cc2ccccc2)C(N2CCC2)CC3)C1=O,5.35
COC1CC(n2c(=O)n(C)c3cnc4cc(F)c(-c5ccc(NC(=O)CCCN(C)C)nc5)cc4c32)C1,4.75
COCc1ccc(-c2cc3c(cc2F)ncc2c3n(C3CCOCC3)c(=O)n2C)cn1,4.57
COC1CC(n2c(=O)n(C)c3cnc4cc(F)c(-c5ccc(CS(C)(=O)=O)nc5)cc4c32)C1,4.85
COCc1ccc(-c2cc3c(cc2F)ncc2c3n(C3CC(O)C3)c(=O)n2C)cn1,4.82
COC1CC(n2c(=O)n(C)c3cnc4cc(F)c(-c5ccc(OCCCN(C)C)nc5F)cc4c32)C1,4.66
COC1CC(n2c(=O)n(C)c3cnc4cc(F)c(-c5ccc(N(C)CCN(C)C)nc5)cc4c32)C1,5.24
COC1CC(n2c(=O)n(C)c3cnc4cc(F)c(-c5ccc(NCCN(C)C)nc5)cc4c32)C1,4.62
COCc1ccc(-c2cc3c(cc2F)ncc2c3n(C3CCC(OC)CC3)c(=O)n2C)cn1,4.57
NC(=O)c1cnc2ccc(-c3cccnc3)cc2c1NC1CCOCC1,5.68
CN(C)CCCOc1ccc(-c2ccc3ncc4c(c3c2)n(C2CCCOC2)c(=O)n4C)cn1,4.57
COC1CC(n2c(=O)n(C)c3cnc4cc(F)c(-c5ccc(CO)nc5)cc4c32)C1,4.64
COC1CC(n2c(=O)n(C)c3cnc4ccc(-c5ccc(OCCCN6CCCCC6)nc5)cc4c32)C1,4.85
COCc1ccc(-c2cc3c(cc2F)ncc2c3n(C(C)C3CCOCC3)c(=O)n2C)cn1,4.82
NCCCCN(CC1Cc2ccccc2CN1)C1CCCc2cccnc21,5.05
CC1CN(CC(=O)N2CC(C)(C)c3ncc(Cc4ccc(F)cc4)cc32)C(CN2CCOCC2C)CN1,5.05
CC1CN(CC(=O)N2CC(C)(C)c3nc(CO)c(Cc4ccc(F)cc4)cc32)C(CN2CCOCC2C)CN1,4.16
CCOC(=O)CC1Cc2ccccc2C2(CCC(N3CCN(C4CCCCC4)CC3)CC2)O1,5.76
OC1Cc2ccccc2C2(CCC(N3CCN(C4CCCCC4)CC3)CC2)O1,5.49
FCCC1Cc2ccccc2C2(CCC(N3CCN(C4CCCCC4)CC3)CC2)O1,5.58
CCc1nn2c(C)cc(C)nc2c1Cc1ccc(CCC(=O)N2CCNCC2)cc1,4.64
CCc1nn2c(C)cc(C)nc2c1Cc1ccc(CCCC2(O)CCN(C(C)C)CC2)cc1,5.24
CCc1nn2c(C)cc(C)nc2c1Cc1ccc(-c2nnc(C3CCNCC3)o2)cc1,4.72
CCc1nc2c(C)cc(C)nn2c1Cc1ccc(C=CCN2CCN(C(C)C)CC2)cc1,5.64
CCc1nn2c(C)cc(C)nc2c1Cc1ccc(CCC(O)C2CCNCC2)cc1,5.28
CCc1nn2c(C)cc(C)nc2c1Cc1ccc(CCCC2(O)CCNCC2)cc1,4.62
CCc1nn2c(C)cc(C)nc2c1Cc1ccc(C=CCN2CCNCC2=O)cc1,4.6
CCc1nn2c(C)cc(C)nc2c1Cc1ccc(CCCN2CCN(C(C)C)CC2)cc1,5.35
CCNC1CCC=C(c2ccc(F)cc2)C1COc1cc(F)c(S(=O)(=O)Nc2cscn2)cc1Cl,5.36
NC1CCC=C(c2ccc(F)cc2)C1CNc1cc(F)c(S(=O)(=O)Nc2cscn2)cc1Cl,5.34
COc1ccc(CCN2CCC(Nc3nc4ccccc4n3Cc3ccc(F)cc3F)CC2)cc1,6.75
COc1ccc(CCN2CCC(Nc3nc4ccccc4n3CCC(C)C)CC2)cc1,6.67
CCCCCCn1c(NC2CCN(CCc3ccc(OC)cc3)CC2)nc2ccccc21,7.52
CCCCCCCCCCn1c(NC2CCN(CCc3ccc(OC)cc3)CC2)nc2ccccc21,5.68
CCCCCCCCn1c(NC2CCN(CCc3ccc(OC)cc3)CC2)nc2ccccc21,5.49
COc1ccc(CCN2CCC(Nc3nc4ccccc4n3CC3CCCCC3)CC2)cc1,8.48
COc1ccc(CCN2CCC(Nc3nc4ccccc4[nH]3)CC2)cc1,6.79
CC(C)OCc1ccccc1CNC(=O)c1c2c(c(Cl)n1C)CC(C)(C)CC2,4.78
COc1nc2ccc(Br)cc2cc1C(c1ccnc(OC)c1OC)C(O)(CCN(C)C)c1cccc(C)c1,6.28
COc1nc2ccc(Br)cc2cc1C(c1ccc(N(C)C)nc1)C(O)(CCN(C)C)c1cccc(F)c1,6.05
CCSc1ccc(C(c2cc3cc(Br)ccc3nc2OC)C(O)(CCN(C)C)c2cccc(F)c2)cn1,6.34
COc1nc2ccc(Br)cc2cc1C(c1cc(C)c(C)s1)C(O)(CCN(C)C)c1cccc(F)c1,6.06
COc1cc(C(c2cc3cc(Br)ccc3nc2OC)C(O)(CCN(C)C)c2cccc(F)c2)cnc1OC,5.72
COc1ccccc1C12COC(C)CC1CSC(N)=N2,4.07
CC1CC2CSC(N)=NC2(c2ccccc2C(F)(F)F)CO1,4.26
CC1CC2CSC(N)=NC2(c2nc(NC(=O)c3ccc(C(F)(F)F)cn3)cs2)CO1,4.93
CC1CC2CSC(N)=NC2(c2nc(NC(=O)c3ccc(OC(F)F)cn3)cs2)CO1,5.0
Cc1cc(OC(F)F)cnc1C(=O)Nc1csc(C23COC(C)CC2CSC(N)=N3)n1,5.02
COc1cnc(C(=O)Nc2csc(C34COC(C)CC3CSC(N)=N4)n2)cn1,4.37
CC1CC2CSC(N)=NC2(c2ccsc2)CO1,4.4
COc1ccc(C(=O)Nc2csc(C34COC(C)CC3CSC(N)=N4)n2)nc1,4.88
CC1CC2CSC(N)=NC2(c2ccccc2)CO1,4.07
CC1CC2CSC(N)=NC2(c2nc(NC(=O)c3ccc(OC(F)(F)F)cn3)cs2)CO1,5.0
CC1CC2CSC(N)=NC2(c2nc(NC(=O)c3ccc(C#N)cn3)cs2)CO1,4.92
CC1CC2CSC(N)=NC2(c2nc(NC(=O)c3cnc(OC(F)F)cn3)cs2)CO1,4.63
CC1CC2CSC(N)=NC2(c2nc(NC(=O)c3ccc(Cl)cn3)cs2)CO1,5.05
CC1CC2CSC(N)=NC2(c2nc(NC(=O)c3ccc(F)cn3)cs2)CO1,4.97
COc1ccc(C(=O)Nc2csc(C34COC(C)CC3CSC(N)=N4)n2)cc1,4.74
COc1cccc(NC(=O)c2cnc(C34COC(C)CC3CSC(N)=N4)s2)c1,5.21
Cc1cc(F)cnc1C(=O)Nc1csc(C23COC(C)CC2CSC(N)=N3)n1,4.75
CC1CC2CSC(N)=NC2(c2nc(NC(=O)c3ccn(C(F)F)n3)cs2)CO1,5.03
COc1cccc(NC(=O)c2cnc(C34COC(C)CC3CSC(N)=N4)s2)n1,5.32
CCc1cc(C(=O)NCC(C)N(CC)CC)cc(-c2cnn3ccc(-c4cccs4)nc23)n1,5.48
CCN(CC)C(C)CNC(=O)c1cc(-c2cnn3ccc(-c4cccs4)nc23)nc(N2CC(OC)C2)c1,5.38
CCN(CC)CCNC(=O)c1ccnc(-c2cnn3ccc(-c4cccs4)nc23)c1,5.93
CCN(CC)C(C)CNC(=O)c1ccnc(-c2cnn3ccc(-c4cccs4)nc23)c1,6.14
CN(C)C(=O)C(CCN1CCC(O)(c2ccc(Cl)cc2)CC1)(c1ccccc1)c1ccccc1,7.48
CNC(=O)C(CCN1CCC(O)(c2ccc(Cl)cc2)CC1)(c1ccccc1)c1ccccc1,6.61
FCCOc1cccc(CCC2CCN(CCc3ccccc3)CC2)c1,6.12
FCCOc1cccc(CCN2CCN(CCc3ccccc3)CC2)c1,5.37
FCCOc1ccccc1CCC1CCN(CCc2ccccc2)CC1,6.12
COc1ccc(CCN2CCC(CCc3cccc(OCCF)c3)CC2)cc1,6.55
FCCOc1ccccc1CCN1CCN(CCc2ccc(F)cc2)CC1,5.95
FCCOc1ccc(CCN2CCN(CCc3ccccc3)CC2)cc1,5.52
FCCOc1cccc(CCN2CCC(CCc3ccccc3)CC2)c1,6.39
FCCOc1ccc(CCC2CCN(CCc3ccccc3Cl)CC2)cc1,5.66
COc1ccccc1CCN1CCC(CCc2cccc(OCCF)c2)CC1,6.1
FCCOc1ccccc1CCC1CCN(CCc2ccccc2Cl)CC1,6.16
FCCOc1ccc(CCN2CCN(CCc3ccccc3Cl)CC2)cc1,5.85
COc1ccc(CCN2CCC(CCc3ccccc3OCCF)CC2)cc1,6.46
FCCOc1ccccc1CCN1CCN(CCc2ccccc2Cl)CC1,6.07
FCCOc1ccccc1CCN1CCN(CCc2ccccc2)CC1,5.26
FCCOc1ccccc1CCC1CCN(CCc2ccc(F)cc2)CC1,6.42
CCN1CCN(Cc2ccc(Nc3ncc(F)c(-c4cc(F)c5nc(C)n(C(C)C)c5c4)n3)nc2)CC1,4.96
CCN1CCN(Cc2ccc(Nc3ncc(F)c(-c4cc(F)c5nc6n(c5c4)C(C)(C)CC6)n3)nc2)CC1,5.2
CC(C)c1cc2cccc(-c3nnc(C4CCN(CC5CCOCC5)CC4)o3)n2n1,5.72
NC(=O)c1ccc(-c2cc(C(=O)O)cc(-n3cc(-c4ccc(C(F)(F)F)cc4)nn3)c2)cc1,6.78
CS(=O)(=O)N1CCN(C(=O)c2cnc3ccc(F)cc3c2N2CCC(C#N)(c3ccccc3)CC2)CC1,5.26
CS(=O)(=O)N1CCN(C(=O)c2cnc3ccc(F)cc3c2-c2ccc(C3(C#N)CC3)cc2)CC1,4.96
O=C1CN(c2ccncc2)CCN1CCCCCOc1ccc(-c2ccc(Cl)cc2)cc1,6.43
O=C1N(CCCCC2CCc3cc(-c4ccc(Cl)cc4)ccc3O2)CCN1c1ccncc1,5.76
CCON=C1CCc2cc(OCCCCCN3CCN(c4ccnc(N)c4)S3(=O)=O)ccc21,5.22
CCON=Cc1ccc(OCCC(C)CCN2CCN(c3ccnc(N)c3)C2=O)cc1,6.1
CCON=Cc1ccc(OCCCCCN2CCN(c3ccnc(N)c3)S2(=O)=O)cc1,5.05
CC1=CC(CF)(c2cc(NC(=O)c3ccc(C#N)cn3)ccc2F)N=C(N)O1,5.41
CC1(c2cc(NC(=O)c3ccc(C#N)cn3)ccc2F)C=C(CF)OC(N)=N1,5.7
CC(C)(C)Oc1ccc(S(C)(=O)=O)cc1C(=O)N1Cc2cn(-c3ccccc3F)nc2C1,5.09
CS(=O)(=O)c1ccc(-c2cccc(F)c2)c(C(=O)N2Cc3cn(-c4ccccc4F)nc3C2)c1,5.35
Cc1cc(-n2cc3c(n2)CN(C(=O)c2cc(C#N)ccc2OC(C)C(F)(F)F)C3)ccn1,5.0
CS(=O)(=O)c1ccc(N2CCC(F)(F)CC2)c(C(=O)N2Cc3cn(-c4cncc(F)c4)nc3C2)c1,5.17
Cc1cc(-n2cc3c(n2)CN(C(=O)c2cc(C#N)ccc2OC(C)C)C3)ccn1,5.0
Cc1cc(-n2cc3c(n2)CN(C(=O)c2cc(C#N)ccc2-c2cccc(F)c2)C3)ccn1,5.0
CS(=O)(=O)c1ccc(N2CCC(F)(F)CC2)c(C(=O)N2Cc3cn(-c4ccccc4F)nc3C2)c1,5.37
CS(=O)(=O)c1ccc(OCC2CC2)c(C(=O)N2Cc3cn(-c4ccccc4F)nc3C2)c1,5.0
CNC(=O)c1cnc(N)c(OC2CN(C(=O)Cc3ccc(OC(F)(F)F)cc3)CC2(F)F)c1,4.1
CC(C)(O)COc1ccc(C(N)=O)c(OC2CCN(C(=O)Cc3ccc(OC(F)(F)F)cc3)CC2F)c1,4.54
Cn1cnc(-c2ccc(OC3CCN(C(=O)Cc4ccc(OC(F)(F)F)cc4)CC3)c(C(N)=O)c2)c1,4.75
Cn1cc(-c2ccc(OC3CCN(C(=O)Nc4ccc(OC(F)(F)F)cc4)CC3)c(C(N)=O)c2)cn1,5.42
Cn1cnc(-c2cnc(OC3CCN(C(=O)Cc4ccc(OC(F)(F)F)cc4)CC3)c(C(N)=O)c2)c1,5.35
CCNC(=O)c1cnc(N)c(OC2CN(C(=O)Cc3ccc(OC(F)(F)F)cc3)CC2(F)F)c1,4.37
Cn1cc(-c2ccc(OC3CCN(C(=O)Cc4ccc(OC(F)(F)F)cc4)C3)c(C(N)=O)n2)cn1,5.17
CC(C)(CO)Oc1ccc(C(N)=O)c(OC2CCN(C(=O)Cc3ccc(OC(F)(F)F)cc3)CC2F)c1,4.46
Cn1cnc(-c2cnc(N)c(OC3CN(C(=O)Cc4ccc(OC(F)(F)F)cc4)CC3(F)F)c2)c1,4.96
Cn1cnc(-c2cnc(OC3CCN(C(=O)Cc4ccc(OC(F)(F)F)cc4)CC3F)c(C(N)=O)c2)c1,5.16
CC(C(=O)N1CCC(Oc2ccc(-c3cn(C)cn3)cc2C(N)=O)CC1)c1ccc(OC(F)(F)F)cc1,5.38
Cn1cc(-c2ccc(OC3CCN(C(=O)Cc4ccc(OC(F)(F)F)cc4)CC3)c(C(N)=O)n2)cn1,5.28
Cc1ccc(NC(=O)N2CCN(c3nc(N)nc4sc(-c5cccnc5)nc34)CC2)cc1,5.7
COc1ccc(NC(=O)N2CCN(c3nc(N)nc4sc(-c5cccnc5)nc34)CC2)cc1,5.66
COc1ccc(NC(=O)N2CCN(c3nc(N)nc4sncc34)C(C)C2)c(C)c1,5.1
COc1ccc(NC(=O)N2CCN(c3nc(N)nc4scnc34)CC2)cc1,4.55
COc1ccc(NC(=O)N2CCN(c3nc(N)nc4sccc34)C(C)C2)c(C)c1,5.1
CSc1ccc(Cc2cc3c(=O)n(C4CCCCC4O)cnc3c3ccccc23)cn1,5.12
O=c1c2cc(Cc3cccnc3)c3ccccc3c2ncn1C1CCCCC1O,4.92
COc1ccc(Cc2cc3c(=O)n(C4CCCCC4O)cnc3c3ccccc23)cn1,5.19
CC(Nc1c(C(N)=O)nnc2ccc(-c3ccc(OCCCN(C)C)nc3)cc12)C1CCOCC1,4.62
CNC(=O)c1nnc2ccc(-c3ccc(OCCCN(C)C)nc3)cc2c1NC(C)C1CCOCC1,4.82
O=C(Nc1ccc(OC(F)(F)F)cc1)c1ccc(OCCN2CCCC2)c(-c2cncnc2)c1,8.05
O=C(Nc1ccc(SC(F)(F)F)cc1)c1cnc(N2CCC(O)C2)c(-c2cncnc2)c1,4.98
O=C(Nc1ccc(OC(F)(F)F)cc1)c1cnc(NCCCO)c(-c2cncnc2)c1,5.82
CN1CCN(c2ncc(C(=O)Nc3ccc(OC(F)(F)F)cc3)cc2-c2cncnc2)CC1,6.51
O=C(Nc1ccc(OC(F)(F)F)cc1)c1cccc(CN2CCOCC2)c1,5.43
O=C(Nc1ccc(OC(F)(F)F)cc1)c1cnc(N2CCC(O)C2)c(-c2cncnc2)c1,5.02
COc1cncc(NC(C(=O)c2c[nH]c3ccccc23)c2ccccc2)c1,5.46
Cc1c[nH]c2ncnc(OC3CCC(N4CCOC(C)C4)CC3)c12,4.6
CCn1cc(Nc2nc(N)nc(-c3cccc(-n4ccc5cc(C6CC6)cc(F)c5c4=O)c3CO)n2)cc1C#N,5.11
CC(C)n1cc(Nc2nc(N)nc(-c3cccc(-n4ccc5cc(C6CC6)cc(F)c5c4=O)c3CO)n2)cc1C#N,4.52
Cn1cc(Nc2nc(N)nc(-c3cccc(-n4ccc5cc(C6CC6)cc(F)c5c4=O)c3CO)n2)cc1C#N,5.58
Cn1cc(Nc2nc(N)nc(-c3cccc(-n4ccc5cc(C6CC6)cc(F)c5c4=O)c3CO)n2)cn1,4.62
CC(C1CC1)n1cc(Nc2nc(N)nc(-c3cccc(-n4ccc5cc(C6CC6)cc(F)c5c4=O)c3CO)n2)cn1,4.87
N#Cc1cc(Nc2nc(N)nc(-c3cccc(-n4ccc5cc(C6CC6)cc(F)c5c4=O)c3CO)n2)cn1C1CC1,4.52
O=C(Nc1nc2cccc(-c3ccc(CN4CCS(=O)(=O)CC4)cc3)n2n1)C1CC1,4.07
CN(c1ncnc2[nH]ccc12)C1CCN(C(=O)CC#N)C1,4.03
COc1cc2ccc(C#N)cc2cc1C(c1cccc(C)c1)C(O)(CCN(C)C)c1cccc2c1OCO2,6.52
CCOc1cc(C(c2cc3cc(C#N)ccc3cc2OC)C(O)(CCN(C)C)c2cccc3ccoc23)cc(OCC)n1,5.48
CCOc1cc(C(c2cc3cc(Br)ccc3cc2OC)C(O)(CCN(C)C)c2cccc3ccoc23)cc(OC)n1,5.12
COc1cc2ccc(Br)cc2cc1C(c1ccccc1)C(O)(CCN(C)C)c1cccc2ccoc12,6.1
COc1cc2ccc(Br)cc2cc1C(c1cccc(C)c1)C(O)(CCN(C)C)c1cccc2c1OCO2,6.3
COc1cc2ccc(Br)cc2cc1C(c1ccnc(OC)c1OC)C(O)(CCN(C)C)c1cc2ccccc2o1,6.1
COc1cc2ccc(Br)cc2cc1C(c1ccnc(OC)c1OC)C(O)(CCN(C)C)c1cccc2ccoc12,6.05
COc1cc2ccc(Br)cc2cc1C(c1cccc(OC)c1F)C(O)(CCN(C)C)c1cccc2c1CCC2,5.52
COc1cc2ccc(C#N)cc2cc1C(c1cccc(F)c1)C(O)(CCN(C)C)c1cc2ccccc2o1,6.05
COc1cc2ccc(Br)cc2cc1C(c1ccccc1)C(O)(CCN(C)C)c1cccc2c1CCN2C,5.89
COc1cc2ccc(Br)cc2cc1C(c1ccccc1)C(O)(CCN(C)C)c1cccc2c1CCC2,5.42
COc1cc2ccc(Br)cc2cc1C(c1ccnc(OC)c1OC)C(O)(CCN(C)C)c1ccc2occc2c1,6.22
COc1cc2ccc(C#N)cc2cc1C(c1cccc(F)c1)C(O)(CCN(C)C)c1cccc2ccoc12,6.22
COc1cc2ccc(Br)cc2cc1C(c1ccnc(OC)c1OC)C(O)(CCN(C)C)c1cccc2occc12,6.0
COc1cc2ccc(Br)cc2cc1C(c1ccccc1)C(O)(CCN(C)C)c1ccc2occc2c1,6.4
COc1cc2ccc(C#N)cc2cc1C(c1cccc(OC)c1OC)C(O)(CCN(C)C)c1cccc2c1CCC2,6.0
COc1cc2ccc(Br)cc2cc1C(c1cnc(OC)c(OC)c1)C(O)(CCN(C)C)c1cccc2ccoc12,6.0
CC1c2n[nH]cc2CN1C1=NC(NCc2c(F)cccc2C(F)(F)F)c2cccc(C(N)=O)c2N1,5.5
Cc1n[nH]c2c1CN(C1=NC(NCc3c(F)cccc3C(F)(F)F)c3cccc(C(N)=O)c3N1)C2,4.9
N#Cc1cnccc1COc1cnc(N2CCN(c3nc(C(F)(F)F)no3)CC2)nc1,5.2
N#Cc1cnccc1COc1cnc(N2CCN(c3noc(C(F)(F)F)n3)CC2)nc1,5.2
N#Cc1cnccc1COc1cnc(N2CCN(c3nnc(C(F)(F)F)o3)CC2)nc1,4.7
COc1ccc(-n2cc(Cn3ccc4nc(-c5ccccc5F)nc-4c3)nn2)cc1,5.2
COc1ccc2nccc(CCC3OCC(NCc4cc5c(cn4)OCCO5)CO3)c2c1,5.02
COc1ccc2nccc(CCC3CCC(NCc4cc5c(cn4)OCCO5)CC3)c2c1,6.03
COc1ccc2nccc(CCC3CCC(NCc4ccc5c(c4)OCCO5)CC3)c2c1,6.58
COc1ccc2nccc(CCN3CCC(NCc4ccc5c(n4)NC(=O)CO5)CC3)c2c1,5.42
COc1ccc2nccc(CCC3CCC(NCc4ccc5c(n4)NC(=O)CO5)CC3)c2c1,6.39
COc1ccc2nccc(CCN3CCC(NCc4ccc(Cl)c(Cl)c4)CC3)c2c1,6.0
COc1ccc2nccc(CCC3OCC(NCc4cc5c(cn4)OCCC5)CO3)c2c1,4.92
COc1ccc2nccc(CCC3OCC(NCc4ccc5c(n4)NC(=O)CO5)CO3)c2c1,5.6
COc1ccc2nccc(CCN3CCC(NCc4ccc5c(c4)OCCO5)CC3)c2c1,6.09
COc1ccc2nccc(CCC3OCC(NCc4ccc5c(n4)NC(=O)CS5)CO3)c2c1,5.89
COc1ccc2nccc(CCC3OCC(NCc4ccc(Cl)cc4)CO3)c2c1,5.7
COc1ccc2nccc(CCC3OCC(NCc4ccc(Cl)c(Cl)c4)CO3)c2c1,5.32
COc1ccc2nccc(CCC3OCC(NCc4ccc5c(c4)OCCO5)CO3)c2c1,5.29
COc1cc(OC)cc(C(=O)NC2CCC(Nc3nc(C)cc(N(C)C)n3)CC2)c1,5.4
COc1cc(Nc2nc(C)cc(N(C)C)n2)ccc1F,5.3
CC(C)Cc1ccc2nn(C)cc2c1N(C(F)F)S(=O)(=O)c1ccc(CCCCC2CCN(C)CC2)cc1,5.22
CC(C)Cc1ccc2ncccc2c1NS(=O)(=O)c1ccc(CCCOC2CC3CCC(C2)N3C)cc1,5.8
CC(C)Cc1ccc2nn(C)cc2c1NS(=O)(=O)c1ccc(CCCCC2CCN(C)CC2)cc1,5.43
CC(C)Cc1ccc2nn(C)cc2c1NS(=O)(=O)c1ccc(CCCOCC2COCCN2C)cc1,5.51
CC(C)Cc1ccc2nn(C)cc2c1NS(=O)(=O)c1ccc(CCCOCC2CCCN2C)cc1,5.52
CC(C)Cc1ccc2ncccc2c1NS(=O)(=O)c1ccc(CCCN2CCN3CCCC3C2)cc1,5.89
O=C(O)CC(CN1CCC(CCc2ccc3c(n2)NCCC3)C1)c1cccc(C2CCOC2)c1,4.9
Cc1cnn(C)c1-c1cccc(C(CC(=O)O)CN2CCC(CCc3ccc4c(n3)NCCC4)C2)c1,4.9
Cc1cc(-c2cccc(C(CC(=O)O)CN3CCC(CCc4ccc5c(n4)NCCC5)C3)c2)[nH]n1,4.6
Cc1ccnn1-c1cccc(C(CC(=O)O)CN2CCC(CCc3ccc4c(n3)NCCC4)C2)c1,4.6
O=C(O)CC(CN1CCC(CCc2ccc3c(n2)NCCC3)C1)c1cccc(OC2CCOC2)c1,4.8
O=C(O)CC(CN1CCC(CCc2ccc3c(n2)NCCC3)C1)c1cccc(OC2CCOCC2)c1,5.1
O=C(O)CC(CN1CCC(CCc2ccc3c(n2)NCCC3)C1)c1cccc(-n2cccn2)c1,6.1
Cc1ccn(-c2cccc(C(CC(=O)O)CN3CCC(CCc4ccc5c(n4)NCCC5)C3)c2)n1,5.0
Cc1nnc(C(C)C)n1C1CC2CCC(C1)N2CCC(NC(=O)C1CCCCC1)c1cccs1,5.69
Cc1ccc(C(CCN2C3CCC2CC(n2c(C)nnc2C(C)C)C3)NC(=O)C2CCC(F)(F)CC2)s1,5.47
Cc1nnc(C(C)C)n1C1CC2CCC(C1)N2CCC(NC(=O)C1CCC(F)(F)CC1)c1cccs1,5.46
Cc1nnc(C(C)C)n1C1CC2CCC(C1)N2CCC(NC(=O)C1CCCC1)c1cccs1,5.82
Cc1cn(-c2ccc3n(c2=O)CCN(CC24CC2C(C)(C)Oc2ccc(C(F)(F)F)cc24)C3=O)cn1,4.81
Fc1ccc(N2CCN(CCCc3c[nH]c4ccc(F)cc34)CC2)c(-c2ccccc2)c1,4.78
CCC1(C)CC(=O)N(CCCCN2CCN(c3cccc4sccc34)CC2)C(=O)C1,5.21
O=C1C2C3C=CC(C3)C2C(=O)N1CCCCN1CCN(c2cccc3sccc23)CC1,5.11
O=C1C2C3CCC(C3)C2C(=O)N1CCCCN1CCN(c2cccc3sccc23)CC1,5.12
Cc1c(CN2CCOCC2)cc(-c2ccc(C(C)C)cc2)n1CC(C)C,4.8
Cc1c(CN2CCOCC2)cc(-c2ccc(C(C)C)cc2)n1-c1ccc(F)cn1,5.1
Cc1c(CN2CCOCC2)cc(-c2ccc(C(C)C)cc2)n1C1CCCOC1,5.0
Cc1c(CN2CCOCC2)cc(-c2ccc(C(C)C)cc2)n1C1CC1,5.1
Cc1c(CN2CCOCC2)cc(-c2ccc(C(C)C)cc2)n1C1CCC1,5.1
Cc1c(CN2CCOCC2)cc(-c2ccc(C(C)C)cc2)n1C1CCCCC1,4.3
Cc1c(CN2CCOCC2)cc(-c2ccc(C(C)C)cc2)n1-c1ccc(F)cc1,5.0
Cc1c(CN2CCOCC2)cc(-c2ccc(C(C)C)cc2)n1C(C)C,4.8
Cc1ccc(C=CCN(C)Cc2ccc3c(c2)OCCO3)cc1,5.34
CN(CC=CC=CC=Cc1ccc(C(F)(F)F)cc1)Cc1ccc2c(c1)OCCO2,5.06
CN(CC=CC=Cc1ccc(C(F)(F)F)cc1)Cc1ccc2c(c1)OCCO2,4.92
O=C(NCc1ccc(OC(F)(F)F)c(Cl)c1)c1ccc(S(=O)(=O)Nc2nccs2)c(F)c1,4.75
Cc1cc(-c2ccc3c(c2)CCC3N2CCC(N(C)C(=O)NC(C)c3ccc(C#CC4CC4)c(Cl)c3Cl)CC2)ncn1,5.5
COc1ccccc1-n1nc(C2CC(C)(C)OC(C)(C)C2)cc1-c1ccc(Cl)cc1,4.7
COc1ccccc1-n1nc(C2CC(C)(C)OC(C)(C)C2)cc1-c1csc(Cl)c1,4.58
CC1(C)CC(Nc2ccc(-c3ccc4ccccc4c3)nn2)CC(C)(C)N1,5.82
Oc1cc(-n2cccn2)ccc1-c1ccc(OC2CCNCC2)nn1,5.22
CN(c1ccc(-c2cc3ccccc3s2)nn1)C1CC(C)(C)NC(C)(C)C1,6.96
CN(c1ccc(-c2ccc(-n3cc(CO)cn3)cc2O)nn1)C1CC(C)(C)NC(C)(C)C1,4.8
Oc1cc(-c2cn[nH]c2)ccc1-c1ccc(N2CC3CNCC3C2)nn1,5.6
CC1(C)CC(Oc2ccc(-c3ccc(-n4cccn4)cc3O)nn2)CC(C)(C)N1,6.64
CC1(C)CC(Oc2ccc(-c3ccc(-c4cn[nH]c4)cc3O)nn2)CC(C)(C)N1,5.2
CN(c1ccc(-c2cc3ccccc3cc2O)nn1)C1CC(C)(C)NC(C)(C)C1,7.1
CC1(C)CC(Cc2ccc(-c3ccc(-c4cn[nH]c4)cc3O)nn2)CC(C)(C)N1,4.77
Oc1cc(-c2cn[nH]c2)ccc1-c1ccc(N2CCC3(CCCNC3)C2)nn1,6.57
CN(c1ccc(-c2cc3cccnc3cc2O)nn1)C1CC(C)(C)NC(C)(C)C1,5.35
CN(c1ccc(-c2ccc(F)cc2O)nn1)C1CC(C)(C)NC(C)(C)C1,5.66
CN(c1ccc(-c2ccc(C#N)cc2O)nn1)C1CC(C)(C)NC(C)(C)C1,6.52
CN(c1ccc(-c2ccc(-n3ccc(N)n3)cc2O)nn1)C1CC(C)(C)NC(C)(C)C1,4.8
CC1(C)CC(Nc2ccc(-c3cc4ccccc4s3)nn2)CC(C)(C)N1,6.22
CN(c1ccc(-c2cc3cnccc3cc2O)nn1)C1CC(C)(C)NC(C)(C)C1,4.85
Cc1cc(Oc2nccc3occc23)ccc1-c1c(C)ncc2nccn12,4.92
Brc1ccc(Nc2ccc(CN3CCC4(CC3)OCCc3sccc34)cc2)cc1,5.1
FC(F)(F)Oc1ccc(Oc2ccc(N3CCC4(CC3)OCCc3sccc34)cc2)cc1,5.0
CC(C)(C)c1ccc(CN2CCC3(CCCCO3)CC2)cc1,4.8
FC(F)(F)Oc1ccc(Oc2ccc(CN3CCC4(CCCCO4)CC3)cc2)cc1,5.6
NC1=NC2(CO1)c1cc(NC(=O)c3ccc(Cl)cn3)ccc1Oc1cnc(C3=CCCOC3)cc12,6.05
C=CC(=O)NC1CCN(c2ccc(C(N)=O)c(Nc3ccc(N4CCCCC4)nc3)n2)C1,6.58
C=CC(=O)NC1CCN(c2ccc(C(N)=O)c(Nc3ccc(N4CCOCC4)nc3)n2)C1,5.82
C=CC(=O)NC1CCN(c2ccc(C(N)=O)c(Nc3ccc(N4CCCCC4)cc3)n2)C1,5.48
C=CC(=O)NC1CCN(c2ccc(C(N)=O)c(Nc3ccc(N4CC(C)OC(C)C4)nc3)n2)C1,5.0
C=CC(=O)N1CCCC(n2nc(-c3ccc(Oc4ccccc4)cc3)c3c(N)ncnc32)C1,5.96
CCCC(CCO)Nc1nc(N)nc2c1CN(C(=O)c1cccs1)CC2,5.12
CCCCNc1nc(N)nc2c1CN(C(=O)c1csc(C)n1)CC2,5.89
CCCCNc1nc(N)nc2c1CN(C(=O)c1cccs1)CC2,6.05
CCCC(CCO)Nc1nc(N)nc2c1CN(C(=O)c1csc(C)n1)CC2,4.66
CCCCC(CCO)Nc1nc(N)nc2c1CN(C(=O)c1cccs1)CC2,5.16
CCCCc1nc(C(C)C)c(CC(=S)N2CCCC2)c(=O)n1Cc1ccc(-c2ccccc2-c2noc(=O)[nH]2)cc1,5.16
CC(C)(C)S(=O)(=O)c1ccc2nccc(Nc3n[nH]c4ncc(F)cc34)c2c1,4.92
CC(C)(C)S(=O)(=O)c1ccc2nccc(Nc3n[nH]c4ccc(F)cc34)c2c1,5.13
COCCOc1cc2nccc(Nc3n[nH]c(C)c3C)c2cc1S(=O)(=O)C(C)(C)C,4.52
CC(C)(C)S(=O)(=O)c1ccc2nccc(Nc3cc[nH]n3)c2c1,5.08
CCc1cc2nccc(Nc3n[nH]c(C)c3C)c2cc1S(=O)(=O)C(C)(C)C,4.62
CC(C)(C)S(=O)(=O)c1ccc2nccc(Nc3n[nH]c4c3CCCC4)c2c1,5.06
Cc1cc(Nc2ccnc3ccc(S(=O)(=O)C(C)(C)C)cc23)n[nH]1,5.2
CNc1nc2ccccc2n1-c1nc(N2CCOCC2C)cc(C2(S(C)(=N)=O)CC2)n1,4.82
CC1COCCN1c1cc(C2(S(C)(=O)=O)CC2)nc(-c2cncc3[nH]ccc23)n1,4.82
CNc1nc2ccccc2n1-c1nc(N2CCOCC2C)cc(C2(S(C)(=O)=O)CC2)n1,5.34
CCOc1cc(CN2CCC3(CC2)CC(=O)N(c2ccc(C(=O)O)cc2)C3)cc(OCC)c1-c1ccc(F)cc1,4.35
CCOc1cc(CN2CCC(C3CCN(S(=O)(=O)c4ccccc4)CC3)CC2)cc(OCC)c1-c1ccc(F)cc1,6.66
CCOc1cc(CN2CCC(COc3cccc4cccnc34)CC2)cc(OCC)c1-c1ccc(F)cc1,6.68
CCOc1cc(CN2CCC3(CC2)CCN(S(=O)(=O)c2cccnc2)CC3)cc(OCC)c1-c1ccc(F)cc1,6.68
CCOc1cc(CN2CCC(c3ncc(-c4ccc(F)cc4)[nH]3)CC2)cc(OCC)c1-c1ccc(F)cc1,6.58
CCOc1cc(CN2CCC3C(Nc4nc5ccc(C(=O)O)cc5o4)CCC32)cc(OCC)c1-c1ccc(F)cc1,4.82
CCOc1cc(CN2CCC3(CC2)CC(Cc2ccc(F)cc2)C(=O)O3)cc(OCC)c1-c1ccc(F)cc1,6.02
O=C(Nc1ccc(Cl)c(Cl)c1)Nc1nccnc1OCc1ccccc1,4.95
O=C1SC(=Cc2ccc(Oc3ccc(Br)cc3)cc2)C(=O)N1c1ccc(OCCCCN2CCN(CC3CC3)CC2)cc1,4.56
O=C1SC(=Cc2ccc(Oc3ccc([N+](=O)[O-])cc3)cc2)C(=O)N1c1ccc(OCCCCN2CCN(CC3CC3)CC2)cc1,4.26
O=C1SC(=Cc2ccc(Oc3ccc(F)cc3)cc2)C(=O)N1c1ccc(OCCCCN2CCN(CC3CC3)CC2)cc1,5.47
O=C(CCCN1CCC(c2noc3cc(F)ccc23)CC1)c1cc2c3c(c1)CCN3C(=O)CC2,6.08
O=C(CCCCN1CCC(c2noc3cc(F)ccc23)CC1)c1cc2c3c(c1)CCN3C(=O)CC2,5.54
O=C1CCc2cc(C(O)CCCN3CCC(c4noc5cc(F)ccc45)CC3)cc3c2N1CC3,5.72
Cc1ccc(-c2cc(S(C)(=O)=O)cc(S(=O)(=O)c3ccc(CN)s3)c2)cc1,5.34
Cc1ccc(-c2cc(S(=O)(=O)c3ccc(CN)s3)ccc2S(C)(=O)=O)cc1,4.17
Cc1nc2c(F)cc(-c3nc(Nc4ccc5c(n4)CCN(CCN(C)C)C5)ncc3F)cc2n1C(C)C,5.0
CC(C)c1ccc(-c2cc(CN3CCN(c4ccccn4)CC3)nn2-c2ccc(F)cc2)cc1,4.6
COC1CCN(Cc2cc(-c3ccc(C(C)C)cc3)n(-c3ccc(F)cc3)n2)CC1,5.2
CC(C)c1ccc(-c2cc(CN3CC[Si](C)(C)CC3)nn2-c2ccc(F)cc2)cc1,5.7
C[Si]1(C)CCN(Cc2cc(-c3ccc(C(F)(F)F)cc3)n(-c3ccc(F)cc3)n2)CC1,5.9
CC(C)c1ccc(-c2cc(CN3CC[Si](C)(C)CC3)nn2C2CCCCC2)cc1,5.1
C[Si]1(C)CCN(Cc2cc(-c3ccc(C(F)(F)F)cc3)n(C3CCCCC3)n2)CC1,5.6
COC1CCN(Cc2cc(-c3ccc(C(F)(F)F)cc3)n(-c3ccc(F)cc3)n2)CC1,5.5
FC(F)(F)c1cccc(Nc2cc3[nH]c(Nc4ccc(N5CCOCC5)cn4)nc3cn2)c1,6.3
CC1CN(C(=O)c2ccnc(Nc3nc4cnc(Nc5ccc(F)c(C(F)(F)F)c5)cc4[nH]3)c2)CC(C)O1,5.28
CC1CN(C(=O)c2ccnc(Nc3nc4cnc(Nc5ccc(F)c(C(F)(F)F)c5)cc4[nH]3)c2)CC(C)N1,4.89
FC(F)(F)c1cccc(Nc2cc3[nH]c(Nc4ccc(N5CCNCC5)cn4)nc3cn2)c1,4.52
CC(=O)NCCN(CCc1ccc(Cl)cc1)C1CCN(c2nc(N)n[nH]2)CC1,5.48
CNS(=O)(=O)CCN(CCc1ccc(Cl)cc1)C1CCN(c2nc(N)n[nH]2)CC1,4.8
Nc1n[nH]c(N2CCC(N3CCCC3Cc3ccc(Cl)cc3)CC2)n1,5.4
COC1CC(Cc2ccc(Cl)cc2)N(C2CCN(c3nc(N)n[nH]3)CC2)C1,4.8
Nc1n[nH]c(N2CCC(N3CCCCC3Cc3ccc(Cl)cc3)CC2)n1,5.08
COC1CN(C2CCN(c3nc(N)n[nH]3)CC2)C1Cc1ccc(Cl)cc1,6.47
Nc1n[nH]c(N2CCC(N(CCO)CCc3ccc(Cl)cc3)CC2)n1,5.2
Nc1n[nH]c(N2CCC(N(CCc3ccc(Cl)cc3)CC3CCCO3)CC2)n1,4.82
Nc1n[nH]c(N2CCC(N3CC(O)CC3Cc3ccc(Cl)cc3)CC2)n1,4.88
Nc1n[nH]c(N2CCC(N(CCc3ccc(Cl)cc3)CC3CCCCO3)CC2)n1,4.96
CS(=O)(=O)NCCN(CCc1ccc(Cl)cc1)C1CCN(c2nc(N)n[nH]2)CC1,5.14
CNC(=O)NCCN(CCc1ccc(Cl)cc1)C1CCN(c2nc(N)n[nH]2)CC1,5.75
CC(C)(O)CN(CCc1ccc(Cl)cc1)C1CCN(c2nc(N)n[nH]2)CC1,4.72
COC(C)(C)CN(CCc1ccc(Cl)cc1)C1CCN(c2nc(N)n[nH]2)CC1,5.46
Nc1n[nH]c(N2CCC(N(CCc3ccc(Cl)cc3)C3COC3)CC2)n1,5.36
COC(C)CN(CCc1ccc(Cl)cc1)C1CCN(c2nc(N)n[nH]2)CC1,5.19
CNC(=O)CN(CCc1ccc(Cl)cc1)C1CCN(c2nc(N)n[nH]2)CC1,5.58
Nc1n[nH]c(N2CCC(N3CCOCC3Cc3ccc(Cl)cc3)CC2)n1,4.41
CC(O)CN(CCc1ccc(Cl)cc1)C1CCN(c2nc(N)n[nH]2)CC1,5.21
Nc1n[nH]c(N2CCC(N(CCc3ccc(Cl)cc3)CC(=O)O)CC2)n1,5.1
COCCN(CCc1ccc(Cl)cc1)C1CCN(c2nc(N)n[nH]2)CC1,5.55
Cc1c(C(=O)CC#N)oc2ccc(Br)cc12,7.52
Cc1c(C(=O)CC#N)oc2ccccc12,7.52
Cc1ccc2oc(-c3c4c(N)n[nH]c(=O)c4nn3-c3ccc(NC(=O)C=CCN(C)C)cc3)c(C)c2c1,4.48
Cc1ccc2oc(C(=O)CC#N)c(C)c2c1,7.52
Cc1c(C(=O)CC#N)oc2ccc(Cl)cc12,7.52
COc1ccc(-c2nn(-c3cccc(NC(=O)c4cccc(C(F)(F)F)c4)c3)cc2-c2ccncc2)cc1Cl,4.88
CC(C)C(=O)c1c(Nc2ccc(F)c(F)c2F)[nH]c2c(F)cc(F)cc2c1=O,5.16
Cc1ccc(N(C)C(=O)c2ccc3c(c2)CC(c2ccc(Cl)cc2)OC3=O)cc1C,5.54
O=C(CCCS(=O)(=O)c1ccccc1)Nc1cc[nH]c(=O)n1,4.17
O=C(CSc1nc2cc([N+](=O)[O-])ccc2[nH]1)Nc1ccc(Oc2ccccc2)cc1,5.08
O=C(CCCS(=O)(=O)c1ccccc1)Nc1nc(=O)[nH]cc1F,4.39
CCCCCCCc1[nH]c2ccc([N+](=O)[O-])cc2c(=O)c1CO,4.89
O=C(CCCC(=O)c1cccc([N+](=O)[O-])c1)NC1CCCC1,4.69
CCC(C)c1ccc(OCCOc2ccc(Cl)cc2CNn2cnnc2)cc1,5.85
O=C(c1cn(CCCNCc2ccc(Oc3ccc(Cl)cc3)cc2)nn1)N1CCOCC1,6.17
Cc1ccc(NC(=O)c2ccc3c(c2)CC(c2ccc(Cl)cc2)OC3=O)cc1C,5.17
CCCCOc1ccc(Cl)c(OCCCC)c1N=Nc1c(O)ccc2ccccc12,6.42
CCCCOc1cc(Cl)c(N=Nc2c(O)ccc3ccccc23)c(OCCCC)c1,6.4
CCCCOc1cc(Cl)cc(OCCCC)c1N=Nc1c(O)ccc2ccccc12,6.4
Cn1ncc(NC(=O)c2nc(-c3c(F)cccc3F)sc2N)c1N1CCC(N)C(F)CC1,5.57
O=C1OCc2cc(C3CN4CCN(C(=O)Cc5ccc(-n6cnnn6)cc5)CC4CO3)ccc21,4.68
O=C1OCCc2cc(C3CN4CCN(C(=O)Cc5ccc(-n6cnnn6)cc5)CC4CO3)ccc21,4.12
Cc1c(C#N)cccc1C1CN2CCN(C(=O)Cc3ccc(-n4cnnn4)cc3)CC2CO1,4.83
N#Cc1ccc(OC2CN(S(=O)(=O)c3ccc(Cl)cn3)CC2(O)CN)cc1F,4.7
CC1SC(N)=NC(C)(c2cc(NC(=O)c3cnc(OCF)cn3)ccc2F)C1F,5.29
O=C(Nc1ccc(Oc2ccc(F)cc2)cc1)N1CCc2ncccc2C1c1ccc(Cl)cc1,5.52
O=C(Nc1cnc(Oc2ccc(F)cc2)nc1)N1CCc2ncccc2C1c1ccc(F)cc1,4.97
Cc1cnc(Nc2ccc(N3CCC(N(C)CCO)CC3)c(F)c2)nc1-c1cnn(C(C)C)c1,4.55
Cc1cnc(Nc2ccnn2C)nc1-c1cn2c(n1)C(=O)N(Cc1ccc(F)c(F)c1)CC2,4.64
COCC1Cn2cc(-c3nc(Nc4ccnn4C)ncc3C)nc2C(=O)N1Cc1ccc(F)c(F)c1,4.96
C[S+]([O-])c1ccc(-c2cnc3ccc(NC4CCS(=O)(=O)CC4)nn23)cc1,4.54
CCN(CC)Cc1cc(-c2ccc3ncc(-c4ccc([S+](C)[O-])cc4)n3n2)ccc1F,6.23
C[S+]([O-])c1ccc(-c2cnc3ccc(Nc4cccc(S(C)(=O)=O)c4)nn23)cc1,5.63
C[S+]([O-])c1ccc(-c2cnc3ccc(Nc4ccc(S(C)(=O)=O)cc4)nn23)cc1,4.58
C[S+]([O-])c1ccc(-c2cnc3ccc(NC4CCN(S(C)(=O)=O)CC4)nn23)cc1,4.59
C[S+]([O-])c1ccc(-c2ccc3ncc(-c4cccc([S+](C)[O-])c4)n3n2)cc1,4.68
CS(=O)(=O)c1cccc(-c2ccc3ncc(-c4cccc(S(C)(=O)=O)c4)n3n2)c1,5.63
C[S+]([O-])c1ccc(-c2ccc3ncc(-c4ccc(S(C)(=O)=O)cc4)n3n2)cc1,4.75
C[S+]([O-])c1ccc(-c2cnc3ccc(Nc4cccc([S+](C)[O-])c4)nn23)cc1,4.74
CCN(CC)Cc1ccc(-c2ccc3ncc(-c4ccc(S(C)(=O)=O)cc4)n3n2)cc1F,5.28
CCN(CC)Cc1cc(Nc2ccc3ncc(-c4ccc([S+](C)[O-])cc4)n3n2)ccc1O,5.11
C[S+]([O-])c1ccc(Nc2ccc3ncc(-c4ccc([S+](C)[O-])cc4)n3n2)cc1,4.49
C[S+]([O-])c1ccc(-c2cnc3ccc(Nc4cnccn4)nn23)cc1,5.11
CS(=O)(=O)c1ccc(-c2ccc3ncc(-c4cccc(S(C)(=O)=O)c4)n3n2)cc1,5.4
C[S+]([O-])c1cccc(-c2ccc3ncc(-c4cccc([S+](C)[O-])c4)n3n2)c1,5.07
CN(CCOc1ccc(CC2SC(=O)NC2=O)cc1)c1ccccn1,4.53
O=[N+]([O-])c1ccc2c(c1)ncn2Cc1ccc(O)c2ncccc12,4.66
Oc1ccc(Cn2c(-c3cscn3)nc3ccccc32)c2cccnc12,4.75
CC(C)(C)c1ccc2[nH]c(C(C)(C)N)nc2c1,4.39
CCCCc1nc(C(C)C)c(CC(=O)OCC)c(=O)n1Cc1ccc(-c2ccccc2-c2noc(=O)[nH]2)cc1,5.09
CS(=O)(=O)c1cc(C2(NC(=O)c3cncc4c3cnn4-c3ccc(F)cc3)CC2)ccn1,4.17
CS(=O)(=O)c1cc(CNC(=O)c2cncc3c2cnn3-c2ccc(F)cc2)ccn1,4.52
O=C(c1ccc(-c2ccc(F)c(F)c2)o1)N1CCN(Cc2ccc(OC3CCNCC3)c(Cl)c2)CC1,5.4
CC1=C(c2cccc(O)c2)C(c2ccc(OCCN3CC(CF)C3)cc2)Oc2ccc(O)cc21,5.34
Nc1cc(F)c(S(=O)(=O)N2CCC(O)CC2)cc1C(=O)Nc1cc(F)c(F)c(F)c1,4.96
O=C(Cn1ccc2ncc(-c3cccc(C(F)(F)F)c3)cc21)N1CCC1,5.28
CN1CCOc2c1cnn1c(-c3ccc4ccc(Cl)c(NCC5(F)CCNCC5)c4n3)nnc21,5.68
CN1CCOc2c1cnn1c(-c3ccc4cccc(NC5CCCCC5)c4c3)nnc21,5.22
CN1CCOc2c1cnn1c(-c3ccc4cccc(NCC5(F)CCNCC5)c4n3)nnc21,4.71
CN1CCOc2c1cnn1c(-c3ccc4ccnc(NC5CCCCC5)c4c3)nnc21,5.4
Cc1sc(-c2ccccc2Cl)cc1C(=O)NC(CN)c1ccccc1,5.17
NCC(Oc1noc2ccc(-c3ccccc3Cl)nc12)c1ccccc1,5.44
N=C(N)NCC(Oc1noc2ccc(-c3ccccc3Cl)cc12)c1ccccc1,5.02
NCC(Oc1noc2ccc(-c3ccccc3Cl)cc12)c1ccccc1,4.64
CC1CC2CSC(N)=NC2(c2cc(NC(=O)c3ccc(OC(F)F)cn3)ccc2F)CO1,6.4
CC1CC2CSC(N)=NC2(c2ncc(NC(=O)c3ccc(OC(F)F)cn3)s2)CO1,4.92
C#CCOc1cnc(C(=O)Nc2cc(F)c(F)c(C3(C)N=C(N)SC4(COC)CC43)c2)cn1,5.16
COc1cc(NC(=O)C2CCCCC2C(=O)c2ccc(-c3cc[nH]n3)cc2)ncn1,4.9
CCn1cnc2c(-c3ccc(F)c(-c4ccc(S(=O)(=O)CC)cc4OC)c3)cnnc21,4.57
CNCc1ccc(-c2cc(-c3nc(-c4ccc(S(=O)(=O)C(C)C)cc4)cnc3N)on2)cc1,5.52
O=S1(=O)CCCN1CCNc1nonc1C(=NO)Nc1ccc(F)c(Br)c1,4.76
O=C1OCCN1CCNc1nonc1C(=NO)Nc1ccc(F)c(Br)c1,4.51
COCCN1CCN(CCNc2nonc2C(=NO)Nc2ccc(F)c(Br)c2)S1(=O)=O,4.78
Cc1ccc2c(c1)nc(CCN1C(=O)c3cccc4cccc(c34)C1=O)n2-c1ccncc1,5.33
O=C1C(CO)OC2(CCN(CCc3ccccc3)CC2)CN1c1ccccc1,5.96
CC1OC2(CCN(CCc3ccccc3F)CC2)CN(c2cnccc2C(F)(F)F)C1=O,5.2
CC1OC2(CCN(CCc3ccccc3)CC2)CN(c2cncc(F)c2)C1=O,5.96
CC(C)C1OC2(CCN(CCc3ccccc3)CC2)CN(c2ccccc2)C1=O,5.92
CC1OC2(CCN(CCc3ccccc3)CC2)CN(c2ncccc2C(F)(F)F)C1=O,5.09
COc1cccc(N2CC3(CCN(CCc4ccccc4)CC3)OC(C)C2=O)c1,6.0
CC1OC2(CCN(CCc3cccc(F)c3)CC2)CN(c2ccccc2)C1=O,6.22
CCC1OC2(CCN(CCc3ccccc3)CC2)CN(c2ccccc2)C1=O,6.4
CC1OC2(CCN(CCc3ccc(F)cc3)CC2)CN(c2ccccc2)C1=O,7.0
CC1OC2(CCN(CCc3ccccc3)CC2)CN(c2ncccc2F)C1=O,5.92
CC1OC2(CCN(CCc3ccccc3F)CC2)CN(c2ccccc2)C1=O,6.1
CC1OC2(CCN(CCc3ccccc3)CC2)CN(c2ccccc2Cl)C1=O,6.0
O=C1C(COCc2ccccc2)OC2(CCN(CCc3ccccc3)CC2)CN1c1ccccc1,7.0
CC1OC2(CCN(CCc3ccccc3)CC2)CN(c2cccnc2C(F)(F)F)C1=O,5.42
O=C1N(c2ccccc2)CC2(CCN(CCc3ccccc3)CC2)OC12CC2,5.92
CC1OC2(CCN(CCc3cccc(C#N)c3)CC2)CN(c2ccccc2)C1=O,6.22
CC1OC2(CCN(CCc3ccccc3)CC2)CN(c2ccccc2F)C1=O,5.92
CC1(C)OC2(CCN(CCc3ccccc3)CC2)CN(c2ccccc2)C1=O,7.0
CC1OC2(CCN(CCc3ccccc3)CC2)CN(c2cnccn2)C1=O,7.0
CC1OC2(CCN(CCc3ccccc3F)CC2)CN(c2ncccc2C(F)(F)F)C1=O,5.18
COCC1OC2(CCN(CCc3ccccc3)CC2)CN(c2ccccc2)C1=O,5.72
CC1OC2(CCN(CCc3ccccn3)CC2)CN(c2ccccc2)C1=O,5.7
COC(=O)CC1OC2(CCN(CCc3ccccc3)CC2)CN(c2ccccc2)C1=O,6.7
CC1OC2(CCN(CCc3ccccc3)CC2)CN(c2cncc(C(F)(F)F)c2)C1=O,6.3
CCC(=O)N(C)CCOc1c(N)ncnc1-c1cc(F)cc(NC(=O)c2ccc(C3CC3)cc2F)c1C,5.54
C=CC(=O)N(C)CCOc1c(N)ncnc1-c1cc(F)cc(NC(=O)c2ccc(C3CC3)cc2F)c1C,5.85
Cc1cc(C=CC#N)cc(C)c1Oc1nc(NC2CCN(Cc3ccc(S(N)(=O)=O)cc3)CC2)nc2sccc12,6.01
Cc1cc(C#N)cc(C)c1Oc1nc(NC2CCN(Cc3ccc(S(N)(=O)=O)cc3)CC2)nc2ccsc12,6.89
Cc1cc(C=CC#N)cc(C)c1Nc1ccnc(Nc2ccc(C#N)cc2)n1,6.3
CC(C)(C)c1cc(NC(=O)Cc2ccc(-n3cnc4cc(-c5ccc(S(C)(=O)=O)cc5)ccc43)cc2)no1,5.12
COc1nc(NC(C)c2cc3cc(Cl)ccc3[nH]c2=O)ncc1C#N,5.5
CCON=C1CCC(CN2CCN(c3nc(=O)c4cc(C(F)(F)F)cc([N+](=O)[O-])c4s3)CC2)CC1,4.41
CON=C1CCC(CN2CCN(c3nc(=O)c4cc(C(F)(F)F)cc([N+](=O)[O-])c4s3)CC2)CC1,4.32
CNC(C(=O)NC(Cc1ccccc1)(c1ccc(F)cc1)c1cc(F)cc(C(F)(F)F)c1)C(O)(C(F)(F)F)C(F)(F)F,4.89
CN(C)C(C(=O)NC(Cc1ccccc1)(c1ccc(F)cc1)c1cc(F)cc(C(F)(F)F)c1)C(O)(C(F)(F)F)C(F)(F)F,4.8
CC(C)NC(C(=O)NC(Cc1ccccc1)(c1ccc(F)cc1)c1cc(F)cc(C(F)(F)F)c1)C(O)(C(F)(F)F)C(F)(F)F,4.2
O=C(CC(O)(C(F)(F)F)C(F)(F)F)NC(Cc1ccccc1)(c1cc(F)cc(C(F)(F)F)c1)c1ccc(Cl)cn1,4.66
CC(C)Oc1cc(C(Cc2ccccc2)(NCC(O)C(O)(C(F)(F)F)C(F)(F)F)c2cc(F)cc(OC(F)(F)C(F)F)c2)ccc1F,4.92
CC(C)Oc1cc(C(Cc2ccccc2)(NC(=O)C(O)C(O)(C(F)(F)F)C(F)(F)F)c2cc(F)cc(OC(F)(F)C(F)F)c2)ccc1F,4.96
CCOCc1nnc(N2CC3CC3(c3ccc(F)cc3Cl)C2)n1-c1ccc(OC)nc1,5.21
COCc1nnc(N2CC3CC3(c3ccc(F)cc3Cl)C2)n1-c1ccc(OC)nc1,4.8
COc1ccccc1-c1n[nH]c2nc(NC3CCC(NS(=O)(=O)CCC(F)(F)F)CC3)nc(OC)c12,4.76
CC(C)(O)c1cccc(-c2ccc3nc(-c4ccc(Cl)cc4)cn3c2)c1,5.82
COCCN1CCN(c2ccc(OCc3ccccc3)c(C(=O)Nc3ccnnc3)c2)CC1,5.1
NC(=O)c1cc(Cl)c2c(Cl)c(C#CC3CCCO3)n(C3CCCNC3)c2n1,8.3
NC(=O)c1cc(Cl)c2c(Cl)c(C#CC3CNCCO3)n(C3CCCNC3)c2n1,8.22
CC1(CC#Cc2c(Cl)c3c(Cl)cc(C(N)=O)nc3n2C2CCCNC2)COC1,8.3
COC(C)(C)CC#Cc1c(Cl)c2c(Cl)cc(C(N)=O)nc2n1C1CCCNC1,8.4
CC1(C#Cc2c(Cl)c3c(Cl)cc(C(N)=O)nc3n2C2CCCNC2)COC1,8.52
CC(C)(C#N)CC#Cc1c(Cl)c2c(Cl)cc(C(N)=O)nc2n1C1CCCNC1,8.52
COCCC#Cc1c(Cl)c2c(Cl)cc(C(N)=O)nc2n1C1CCCNC1,8.52
NC(=O)c1cc(Cl)c2c(Cl)c(C#CC3COCCO3)n(C3CCCNC3)c2n1,8.85
COCC(C)(C)C#Cc1c(Cl)c2c(Cl)cc(C(N)=O)nc2n1C1CCCNC1,8.96
COc1cc(F)cc2c1nnc1c2c(-c2ccncc2C)nn1C,4.76
CNC(=O)c1cnc(Nc2ccc(C(F)(F)F)cn2)cc1Nc1cccc(-c2ncn(C)n2)c1OC,4.8
CNC(=O)c1cnc(Nc2ccc(C#N)cn2)cc1Nc1cccc(-c2ncn(C)n2)c1OC,5.17
CC(c1ccnc(Nc2nc3ccc(-c4cc(N(C)C)ncn4)cc3[nH]2)c1)N1CCN(C(=O)CC(F)(F)F)CC1,5.33
CN(C)C(=O)CNCCc1cccc(OCCCC(C)(F)F)c1,5.12
CCCCCOc1cccc(CCNCC(=O)N(C)C)c1,5.75
CN(C)C(=O)CNCCc1cccc(OCCCC(F)(F)F)c1,4.75
CCCCOc1cccc(CCNCC(=O)N(C)C)c1,5.03
Cc1cc(C=CC#N)cc(C)c1Oc1nc(Nc2ccc(C#N)cc2F)nc2sccc12,6.75
CCc1nc(C)cn2nc(-c3cc(=O)n4cc(C5CCN(C)CC5)cc(C)c4n3)cc12,5.75
O=C(NNC(=S)Nc1ccc(Cl)c(Cl)c1)c1ccccc1O,7.1
COc1ccc(Oc2nc(Nc3ccc(N4CCOCC4)nc3)ncc2NC(=O)c2cc(OC)cc(OC)c2)cc1,4.77
CC1(c2ccc(C#N)cc2)NC(=O)N(CC(=O)c2ccc(F)cc2F)C1=O,4.6
CC1(c2ccc(OC(F)F)cc2)NC(=O)N(CC(=O)c2ccc(F)cc2F)C1=O,5.3
CC1(c2ccc(-n3cnnn3)cc2)NC(=O)N(CC(=O)c2ccc(F)cc2F)C1=O,5.2
CC1(c2ccc(NS(C)(=O)=O)cc2)NC(=O)N(CC(=O)c2ccc(F)cc2F)C1=O,4.4
N#Cc1ccc(S(=O)(=O)N2CC(S(=O)(=O)c3ccc(Cl)cn3)C(O)(CN)C2)c(Cl)c1,5.1
N#Cc1ccc(S(=O)(=O)N2CC(S(=O)(=O)c3ccc(Cl)cc3)C(O)(CN)C2)c(Cl)c1,5.28
CCC#CCC(C)C(O)C=CC1CC(F)(F)C(=O)N1CCCCCCC(=O)O,4.59
CCC#CCC(C)C(O)C=CC1CCC(=O)N1CCCCCCC(=O)O,4.54
COC(=O)c1ccc(COc2ccc3nc(N)sc3c2)cc1,5.0
Nc1nc2ccc(SC(F)(F)F)cc2s1,5.0
COc1c(C#N)ccc2[nH]c(-c3cn4c(n3)C(c3cccc(F)c3C)OCC4)cc12,5.28
CNC(=O)c1c(-c2ccc(F)cc2)oc2cc(N(c3ccc(B(O)O)c(Cl)c3)S(C)(=O)=O)c(C3CC3)cc12,5.8
CNC(=O)c1c(-c2ccc(F)cc2)oc2cc(N(c3cc(Cl)c4c(c3)COB4O)S(C)(=O)=O)c(C3CC3)cc12,4.8
CCN(CC)c1ccc(CNC(=O)C2CNCC2c2ccc(C(F)(F)F)cc2)cc1,5.32
CN(C)c1ccc(CNC(=O)C2CNCC2c2ccc(C(F)(F)F)c(Cl)c2)cc1,5.12
CN(C)c1ccc(CNC(=O)C2CNCC2c2ccc(C(F)(F)F)nc2)cc1,4.66
CN(C)c1ccc(CNC(=O)C2CNCC2c2ccc(C(F)(F)F)c(F)c2)cc1,5.07
CN(C)c1ccc(CNC(=O)C2CNCC2c2ccc(C(F)(F)F)cc2)cc1,5.03
Cc1ccc(CNC(=O)C2CNCC2c2ccc(C(F)(F)F)cc2)cc1,5.05
CCCN(CCC)C(c1ccccn1)C(c1ccccn1)N(CCC)CCC,5.2
COC(=O)C1=C(C)NC(C)=C(C(=O)NCC2CCN(CCc3ccc(C)c(C(F)(F)F)c3)C2)C1c1cccc([N+](=O)[O-])c1,5.57
COC(=O)C1=C(C)NC(C)=C(C(=O)NCC2CCN(CCc3ccc(C(F)(F)F)cc3)C2)C1c1cccc([N+](=O)[O-])c1,5.83
COC(=O)C1=C(C)NC(C)=C(C(=O)NCC2CCN(CCc3ccc(Cl)c(Cl)c3)C2)C1c1cccc([N+](=O)[O-])c1,6.19
CC(C)c1cc(C(=O)NCC2CCN(CCc3ccc(OC(F)(F)F)c(F)c3)C2)on1,6.8
CC(C)c1cc(C(=O)NCC2CCN(CCc3ccc(C(F)(F)F)cc3)C2)on1,6.39
Cc1ccc(CCN2CCC(CNC(=O)c3cc(C(C)C)no3)C2)cc1C(F)(F)F,5.72
CC(C)c1cc(C(=O)NCC2CCN(CCc3ccc(Cl)c(Cl)c3)C2)on1,5.82
CC(C)c1cc(C(=O)NCC2CCN(CCc3ccc(Cl)c(F)c3)C2)on1,5.82
COC(=O)C1=C(C)NC(C)=C(C(=O)NCC2CCN(CCc3ccc(OC(F)(F)F)c(F)c3)C2)C1c1cccc([N+](=O)[O-])c1,5.83
COc1cccc(OCCCN)c1-c1cc(Nc2cnc(C#N)cn2)n[nH]1,4.7
Cc1cnc(NC(=O)Nc2cc(Br)c(C)cc2OCC2CNCCO2)cn1,4.55
FC(CCN1CCc2ccccc2CC1)Cc1ccccc1,5.93
COc1ccc2c(c1)CCN(CCC(F)Cc1ccccc1)CC2,6.26
CC(C)CC(NC(=O)C(CCc1ccccc1)NC(=O)CN1CCOCC1)C(=O)NC(Cc1ccccc1)C(=O)NC(CC(C)C)C(=O)C1(C)CO1,4.04
NCC1(c2cccc(-c3ccnc4[nH]nc(C(F)(F)F)c34)c2)CCC1,5.52
Cc1cc(-c2ccnc3[nH]nc(C(F)(F)F)c23)cc(C2(CN)CCC2)c1,6.16
CCNC(=O)C1CC(OC)C2(C)CCC3c4ccc(OCCCN5CCCC5C)cc4CCC3C12,4.94
CC1CCCN1CCCOc1ccc2c(c1)CCC1C2CCC2(C)CCC(C(=O)NCC3CC3)C12,5.39
CCNC(=O)C1CC(=O)C2(C)CCC3c4ccc(OCCCN5CCCC5C)cc4CCC3C12,4.76
CCNC(=O)C1CCC2(C)CCC3c4ccc(OCCCN5CCCC5C)cc4CCC3C12,5.39
CCc1cc(-c2cnn(C)c2)cc(S(=O)(=O)c2cnc(CN)s2)c1,4.33
CCc1cc(-c2cnn(C)c2)cc(S(=O)(=O)c2csc(CN)n2)c1,4.54
Cn1cc(-c2cc(F)cc(S(=O)(=O)c3cnc(CN)s3)c2)cn1,4.18
CS(=O)(=O)c1cc(-c2ccccc2)cc(S(=O)(=O)c2cnc(CN)s2)c1,5.0
NCc1ncc(S(=O)(=O)c2ccc3ccccc3c2)s1,4.29
Cc1ccc(-c2cc(S(C)(=O)=O)cc(S(=O)(=O)c3cnc(CN)s3)c2)cc1,5.5
COc1nn(C)cc1Nc1ncc(Cl)c(-c2c[nH]c3c(NC(=O)C(C)N4CCN(C)CC4)cccc23)n1,4.66
Cc1cnc(Nc2cccnc2F)nc1-c1c[nH]c2c(NC(=O)C(C)N3CCN(C)CC3)cccc12,5.0
COc1nn(C)cc1Nc1ncc(Br)c(-c2c[nH]c3c(NC(=O)C(C)N4CCN(C)CC4)cccc23)n1,4.82
Cn1c(C(N)=O)ccc1-c1cccc(OC(=O)NCCN2CCN(c3ccccc3)CC2)c1,5.19
Cc1cc(C(N)=O)c(-c2cccc(OC(=O)NCCN3CCN(c4ccccc4)CC3)c2)s1,6.55
Cc1cc(C(N)=O)c(-c2cccc(OC(=O)NCCCN3CCN(c4ccccc4)CC3)c2)o1,5.97
O=C1c2ccccc2C(Cc2ccnc(F)c2)(Cc2ccnc(F)c2)c2ccccc21,4.5
O=C1c2ccccc2C(Cc2c(F)cncc2F)(Cc2c(F)cncc2F)c2ccccc21,4.92
CCOc1c(C(C)n2nc(C)c3c(N)ncnc32)cc(Cl)c(F)c1C1CNC(=O)C1,4.12
O=C1CN(c2cn[nH]c(=O)c2Cl)CCN1Cc1ccccc1C(F)(F)F,5.06
CCN1CCN(c2ccc(C(=C(CCCO)c3ccccc3)c3ccc(C)cc3)cc2)CC1,4.77
CC(C)N1CCN(c2ccc(C(=C(CCCO)c3ccccc3)c3ccc(O)cc3)cc2)CC1,4.73
Cc1ccc(C(=C(CCCO)c2ccccc2)c2ccc(N3CCN(C)CC3)cc2)cc1,4.72
CC(C)N1CCN(c2ccc(C(=C(CCCO)c3ccccc3)c3cccc(O)c3)cc2)CC1,4.61
CC(C)N1CCN(c2ccc(C(=C(CCCO)c3ccccc3)c3ccc(Br)cc3)cc2)CC1,4.82
Cc1ccc(C(=C(CCCO)c2ccccc2)c2ccc(N3CCNCC3)cc2)cc1,5.15
Cn1c(N2CCC(C)(CN)CC2)nc(N)c(Sc2cccc(Cl)c2Cl)c1=O,5.22
CC1OCC2(CCN(c3nc(N)c(Sc4ccnc(C5CC5)c4Cl)c(=O)n3C)CC2)C1N,5.01
CC1OCC2(CCN(c3nc(N)c(Sc4cccc(Cl)c4Cl)c(=O)n3C)CC2)C1N,5.4
CC1OCC2(CCN(c3nc4[nH]nc(-c5ccnc(Cl)c5Cl)c4c(=O)n3C)CC2)C1N,5.92
Cn1c(N2CCC3(CC2)COCC3N)nc2[nH]nc(-c3cccc(Cl)c3Cl)c2c1=O,6.03
Cc1nc(N)ccc1-c1n[nH]c2nc(N3CCC4(CC3)COC(C)C4N)n(C)c(=O)c12,5.18
CC1OCC2(CCN(c3nc4[nH]nc(-c5ccnc(NC6CCC6)c5Cl)c4c(=O)n3C)CC2)C1N,5.72
CC1OCC2(CCN(c3cnc4c(-c5cccc(Cl)c5Cl)n[nH]c4n3)CC2)C1N,8.4
Cn1c(N2CCC3(CCCC3N)CC2)nc2[nH]nc(-c3cccc(Cl)c3Cl)c2c1=O,6.6
Cn1c(N2CCC(C)(CN)CC2)nc2[nH]nc(-c3cccc(Cl)c3Cl)c2c1=O,6.01
CC1OCC2(CCN(c3cnc4c(-c5cccc(Cl)c5Cl)c[nH]c4n3)CC2)C1N,8.15
CNC(=O)c1cnc(Nc2ccc(F)cn2)cc1Nc1ccccc1S(C)(=O)=O,4.6
CNC(=O)c1cnc(Nc2ccc(OC)cn2)cc1Nc1ccccc1S(C)(=O)=O,4.77
CNC(=O)c1cnc(Nc2ccc(N3CCOCC3)cn2)cc1Nc1ccccc1S(C)(=O)=O,4.4
CNC(=O)c1cnc(Nc2cc(C)ccn2)cc1Nc1ccccc1S(C)(=O)=O,4.8
CNC(=O)c1cnc(Nc2ccc(C)nn2)cc1Nc1ccccc1S(C)(=O)=O,4.37
CN(Cc1cccc(F)c1CNc1cc(F)c(S(=O)(=O)Nc2cscn2)c(F)c1)C(C)(C)C,4.58
CC1(C)CCN1Cc1cccc(F)c1CNc1cc(F)c(S(=O)(=O)Nc2cscn2)c(F)c1,4.65
CN1CCC(c2nc(-c3ccc(F)c(NS(C)(=O)=O)c3)c(-c3ccnc(NCC4CC4)n3)s2)CC1,5.87
Fc1ccc(-c2nc(C3CCNCC3)sc2-c2ccnc(Nc3ccncn3)n2)cc1,6.22
Nc1nc(-c2ccc(F)cc2)c(-c2ccnc(Nc3ccc(N4CCNCC4)cc3)n2)s1,4.45
Fc1ccc(-c2nc(C3CCNCC3)sc2-c2ccnc(Nc3nncs3)n2)cc1,5.6
Fc1ccc(-c2nc(N3CCCC3)sc2-c2ccnc(Nc3ccc(N4CCNCC4)cc3)n2)cc1,5.25
CN1CCN(c2ccc(Nc3nccc(-c4sc(C5CCNCC5)nc4-c4ccc(F)cc4)n3)cc2)CC1,4.88
Fc1ccc(-c2nc(C3CCNCC3)sc2-c2ccnc(NCc3ccncc3)n2)cc1,5.82
CN1CCC(C(=O)Nc2nc(-c3ccc(F)cc3)c(-c3ccnc(Nc4ccc(N5CCNCC5)cc4)n3)s2)CC1,4.3
CN1CCC(c2nc(-c3ccc(F)cc3)c(-c3ccnc(Nc4ccc(N5CCNCC5)cc4)n3)s2)CC1,4.55
Cc1cc(Nc2nccc(-c3sc(C4CCNCC4)nc3-c3ccc(F)cc3)n2)cc(C)n1,5.82
Cc1cc(Nc2nccc(-c3sc(C4CCNCC4)nc3C3CC3)n2)ccn1,5.38
Fc1ccc(-c2nc(N3CCOCC3)sc2-c2ccnc(Nc3ccc(N4CCNCC4)cc3)n2)cc1,5.27
OC(CNc1nccc(-c2sc(C3CCNCC3)nc2-c2ccc(F)cc2)n1)c1ccncc1,4.55
CCc1cc(F)c2nc(N3CCC(NC4CCOCC4)CC3)c(-c3nc(C)no3)c(C)c2c1,9.0
O=C(O)CC1CCCN(CC(O)c2ccc(-c3noc(-c4onc(-c5ccccc5)c4C(F)(F)F)n3)cc2)C1,5.39
Cc1c(C(F)CN2CCN(CC(F)c3ccc4c(c3C)COC4=O)CC2)ccc2c1COC2=O,4.4
Cc1c(C(C)CN2CCN(C(=O)Cc3ccc(-n4cnnn4)cc3)CC2)ccc2c1COC2=O,4.22
Cc1c(C(F)CN2CCN(C(=O)Cc3ccc(-n4cnnn4)cc3)CC2)ccc2c1COC2=O,4.17
Cc1c(C(O)CN2CCN(CC(O)c3ccc4c(c3C)COC4=O)CC2)ccc2c1COC2=O,4.64
Cc1c(CCN2CCN(CC(O)c3ccc4c(c3C)COC4=O)CC2)ccc2c1COC2=O,5.28
COc1cc(C(=O)N2CC(n3cc(C4CC4)nn3)CC2C(=O)N2CCC(c3ccccc3)C2)ccc1CN,4.85
COc1cc(C(=O)N2CC(n3cc(C4CC4)nn3)CC2C(=O)NC2CCCCC2c2ccccc2)ccc1CN,4.92
CNC(=O)C1CC(N2CCc3c(cccc3OCCc3ccccc3)C2)CN1C(=O)c1ccc(CN)c(OC)c1,5.4
CNC(=O)C1CC(N2CCc3c(cccc3OCCC3CC3)C2)CN1C(=O)c1ccc(CN)c(OC)c1,4.96
NCc1ccc(C(=O)N2CC(n3cc(C4CC4)nn3)CC2C(=O)NCC(c2ccccc2)c2ccccc2)cc1,6.3
CN1CCCC(CNC(=O)c2nn(C)cc2NC(=O)c2cccc(-c3ccnc(NCC4CC4)c3)n2)C1,4.92
Cn1cc(NC(=O)c2cccc(-c3ccnc(NCC4CC4)c3)c2)c(C(N)=O)n1,5.21
Cn1cc(NC(=O)c2cccc(-c3ccnc(NCC4CC4)c3)n2)c(C(=O)N2CC(CN)C2)n1,4.4
Cn1cc(NC(=O)c2cccc(-c3ccnc(N)c3)n2)c(C(N)=O)n1,4.6
Cn1cc(NC(=O)c2ccnc(-c3ccnc(NCC4CC4)c3)n2)c(C(N)=O)n1,5.72
Cc1c(-c2ccc(C(N)=O)c3[nH]c4cc(C(C)(C)O)ccc4c23)cccc1-n1cnc2ccccc2c1=O,5.0
Cc1cncc(Nc2cc(NC3CCN(c4ccc(C#N)cn4)CC3)c(C(N)=O)cn2)n1,5.27
N#Cc1ccc(N2CCC(Nc3cc(Nc4ccccn4)ncc3C(N)=O)CC2)nc1,6.44
Cc1nccc(Nc2cc(NC3CCN(c4ccc(C#N)cn4)CC3)c(C(N)=O)cn2)n1,5.09
N#Cc1ccc(N2CCC(Nc3cc(Nc4ccncn4)ncc3C(N)=O)CC2)nc1,4.77
N#Cc1ccc(N2CCC(Nc3cc(Nc4cnccn4)ncc3C(N)=O)CC2)nc1,5.11
Cc1nc2cc(Nc3cc(NC4CCN(c5ccc(C#N)cn5)CC4)c(C(N)=O)cn3)ccc2o1,5.18
CC(NC(=O)c1ccc(C(F)(F)F)cc1Cl)C1(N2CCN(S(=O)(=O)c3cn(C)nn3)CC2)CCC(F)(F)CC1,4.7
COc1ccc(-c2ccc3ncnc(-c4cccc(C(=O)N5CCN(C)CC5)c4)c3c2)cc1OC,5.72
COc1ncc(-c2ccc3ncnc(-c4cccc(C(=O)N5CCN(C)CC5)c4)c3c2)cc1C#N,4.96
COc1ccc(-c2ccc3ncnc(-c4cccc(C(=O)N5CCN(C)CC5)c4)c3c2)cn1,4.92
CN1CCN(C(=O)c2cccc(-c3ncnc4ccc(-c5cnc6ccccc6c5)cc34)c2)CC1,5.58
COc1ncc(-c2ccc3ncnc(-c4cccc(C(=O)N5CCN(C)CC5)c4)c3c2)cc1C(F)(F)F,5.8
CC(C)Cc1cc(CNC(=O)C2C3CN(CCC(C)(C)C)CC32)nn1-c1ccccc1,5.58
CC(C)Cc1cc(C(=O)NCC2C3CN(CCC(C)(C)C)CC23)nn1-c1ccccc1,5.5
CC(C)Cc1cc(CNC(=O)C2C3CN(C(=O)c4ccccc4)CC32)nn1-c1ccccc1,4.82
CC(C)Cc1cc(CNC(=O)C2C3CN(C(=O)Cc4ccccc4)CC32)nn1-c1ccccc1,4.68
c1ccc(-c2cccc3nc(-c4cncs4)nc(NCc4ccccn4)c23)cc1,5.21
COc1cncc(-c2nc(NCc3ccccn3)c3c(-c4ccccc4)cccc3n2)c1,5.08
CN(C)c1nc(NCc2ccccn2)c2c(-c3ccccc3)cccc2n1,5.6
FC(F)(F)c1nc(NCc2ccccn2)c2c(-c3ccccc3)cccc2n1,5.0
Cc1noc(C)c1-c1nc(NCc2ccccn2)c2c(-c3ccccc3)cccc2n1,5.51
Cn1cncc1-c1nc(NCc2ccccn2)c2c(-c3ccccc3)cccc2n1,5.57
Cc1nc(NCc2ccccn2)c2c(-c3ccccc3)cccc2n1,5.34
CN1CCC(Cn2nc(-c3ccc4cc(OCC5CC5)ccc4c3)c3c(N)ncnc32)CC1,6.05
CCOc1ccc2cc(-c3nn(CC4CNC4)c4ncnc(N)c34)ccc2c1,5.77
CN1CCC(Cn2nc(-c3ccc4nc(OCC(F)(F)F)ccc4c3)c3c(N)ncnc32)CC1,6.3
CCOc1ccc2cc(-c3nn(CC4CCN(C)CC4)c4ncnc(N)c34)ccc2n1,5.0
CN1CCC(Cn2nc(-c3ccc4cc(OC5CCC5)ccc4c3)c3c(N)ncnc32)CC1,6.7
CCOc1ccc2cc(-c3nn(CC4CCN(C)CC4)c4ncnc(N)c34)ccc2c1,6.4
CCOc1ccc2cc(-c3nn(CC4CCN(C(C)C)CC4)c4ncnc(N)c34)ccc2c1,6.52
CN(C)CC(C)(C)Cn1nc(-c2ccc3nc(OC4CC4)ccc3c2)c2c(N)ncnc21,7.09
CCOc1ccc2cc(-c3nn(CC4CN(C)C4)c4ncnc(N)c34)ccc2c1,5.85
CN1CCC(Cn2nc(-c3ccc4nc(OC5CC5)ccc4c3)c3c(N)ncnc32)CC1,5.77
CC(C)Cn1nc(-c2ccc3nc(OC4CC4)ccc3c2)c2c(N)ncnc21,5.0
O=c1c(O)c(-c2cccc(O)c2)oc2ccc(O)cc12,4.0
CC(C)=CCn1c(N2CCCC(N)C2)nc2c1c(=O)n(CC(=O)c1ccccc1)c(=O)n2C,6.7
CCNC(=O)Nc1ccc(-c2nc(N3CCOCC3C)c3c(n2)C(C)(C)S(=O)(=O)C3)cc1,4.32
CN(C)c1ccc(-c2cc3nccnc3c(NCCCCN)n2)cn1,4.4
Cc1ccc(-c2cc3nccnc3c(NCC3CCCNC3)n2)o1,4.7
Cc1ccc(-c2cc3nccnc3c(NCC3CCCNC3)n2)s1,5.3
CN(C)c1ccc(-c2cc(NCC3CCCNC3)c3cccnc3c2)cn1,4.4
O=C1CN(c2cc3nccnc3c(NCC3CCCNC3)n2)CCN1,4.3
CN(C)c1ccc(-c2cc3nccnc3c(OCC3CCCNC3)n2)cn1,5.0
Cc1ccc(-c2cc3nc[nH]c(=O)c3c(NCC3CCCNC3)n2)cc1,5.1
CN(C)c1ccc(-c2cc3nccnc3c(NCC3CNCCC3(F)F)n2)cn1,5.1
Cn1cc(-c2cc3nccnc3c(OCC3CNCCC3(F)F)n2)cn1,4.6
Cc1ccc(-c2cc3ncn(C)c(=O)c3c(NCC3CCCNC3)n2)cc1,4.6
Cc1ccc(-c2cc3nccnc3c(NCCCCN)n2)cc1,4.8
Cc1ccc(-c2cc3ncncc3c(NCC3CCCNC3)n2)cc1,5.0
Cc1ccc(-c2cc3ncccc3c(NCC3CCCNC3)n2)cc1,4.8
CN(C)c1ccc(-c2cc3nccnc3c(NCC3CNCCN3C)n2)cn1,4.8
Cn1cc(-c2cc3nccnc3c(NCC3CNCCC3(F)F)n2)cn1,4.6
CN(C)c1ccc(-c2cc3nccnc3c(CCC3CCCNC3)n2)cn1,4.8
c1ccc(-c2ccc(OCCCCCN3CCCCC3)cc2)cc1,5.76
c1ccc(-c2ccc(OCCCCCN3CCCCCC3)cc2)cc1,5.69
Clc1ccc(CCCOCCCN2CCCCC2)cc1,5.77
NC(=O)c1cnc2c(Cl)cc(-c3cccnc3)cc2c1NC1CCOCC1,5.96
CCC(CC)CNc1c(C(N)=O)cnc2ccc(-c3ccc(C)nc3)cc12,5.48
NC(=O)c1cnc2ccc(-c3cccnc3)c(F)c2c1NC1CCOCC1,4.89
CCC(CC)CNc1c(C(N)=O)cnc2ccc(-c3ccnnc3)cc12,5.8
CCC(CC)CNc1c(C(N)=O)cnc2ccc(-c3cnn(C)c3)cc12,5.92
COCc1ccc(-c2ccc3ncc(C(N)=O)c(NC(C)c4ccn(C)n4)c3c2)c(F)n1,4.85
COCc1ccc(-c2cc3c(NC(C)c4ccn(C)n4)c(C(N)=O)cnc3cc2F)c(F)n1,4.62
NC(=O)c1cnc2ccc(-c3cccnc3)cc2c1NCC1CCCCC1,6.08
CCC(CC)CNc1c(C(N)=O)cnc2ccc(-c3cncnc3)cc12,6.12
NC(=O)c1cnc2ccc(-c3cccnc3)cc2c1SC1CCCC1,5.29
CCC(CC)COc1c(C(N)=O)cnc2ccc(-c3cccnc3)cc12,5.68
CCC(CC)CNc1c(C(N)=O)cnc2ccc(-c3cccnc3)cc12,6.17
COCc1ccc(-c2cc3c(NC(C)C4CCOCC4)c(C(N)=O)cnc3cc2F)cn1,5.05
CCC(CC)CNc1c(C(N)=O)cnc2ccc(-c3ccc(CO)nc3)cc12,5.51
CC(Nc1c(C(N)=O)cnc2ccc(-c3cccnc3)cc12)C1CCOCC1,5.44
CCC(CC)CNc1c(C(N)=O)cnc2ccc(-c3ccc(COC)cc3)cc12,4.75
COCc1ccc(-c2cc3c(NC(C)c4ccn(C)n4)c(C(N)=O)cnc3cc2F)cn1,4.66
CC(Nc1c(C(N)=O)cnc2ccc(-c3cccnc3)cc12)c1ccn(C)n1,5.55
CCC(CC)CNc1c(C(N)=O)cnc2c(C)cc(-c3cccnc3)cc12,6.44
COCc1ccc(-c2cc3c(NC(C)c4nn(C)cc4C)c(C(N)=O)cnc3cc2F)cn1,4.77
CCC(CC)CNc1c(C(N)=O)cnc2ccc(-c3ccc(COC)nc3)cc12,5.6
NC(=O)c1cnc2c(F)cc(-c3cccnc3)cc2c1NC1CCOCC1,5.0
CCC(CC)CNc1c(C(N)=O)c(C)nc2ccc(-c3cccnc3)cc12,6.17
CCC(CC)CNc1c(C(N)=O)cnc2ccc(C#N)cc12,5.64
CCC(CC)CNc1c(C(N)=O)cnc2ccc(-c3cccnn3)cc12,5.64
NC(=O)c1cnc2cc(Cl)c(-c3cccnc3)cc2c1NC1CCOCC1,5.92
CCC(CC)CNc1c(C(N)=O)cnc2ccc(-c3ccncc3)cc12,6.21
CCC(CC)CNc1c(C(N)=O)cnc2ccc(-c3ccc(CS(C)(=O)=O)nc3)cc12,5.72
NC(=O)c1cnc2ccc(-c3cccnc3)cc2c1NC1CCCC1,6.24
COCc1ccc(-c2ccc3ncc(C(N)=O)c(NC(C)C4CCOCC4)c3c2)cn1,5.35
CCC(CC)CNc1c(C(N)=O)cnc2ccc(-c3ccc(CS(C)(=O)=O)cc3)cc12,5.68
NC(=O)c1cnc2cc(F)c(-c3cccnc3)cc2c1NC1CCOCC1,5.7
CCc1c(-c2ccc(N3CCC(N(C)C)C3)cc2)[nH]c(=O)c2c(=O)[nH]sc12,4.7
COc1cc(C(O)(CCN(C)C)C(c2cc3cc(Br)ccc3nc2OC)c2ccnc(OC)c2OC)c(OC)nc1OC,5.57
COc1cccc(C(c2cc3cc(Br)ccc3nc2OC)C(O)(CCN(C)C)c2cnc(C)cc2C)c1OC,5.41
COc1cccc(C(c2cc3cc(Br)ccc3nc2OC)C(O)(CCN(C)C)c2cc(C)cnc2C)c1OC,5.96
COc1nc2ccc(C#N)cc2cc1C(c1cccc(C)c1)C(O)(CCN(C)C)c1cccnc1OC,6.52
COc1cccc(C(O)(CCN(C)C)C(c2cc3cc(Br)ccc3nc2OC)c2cccc3c2OCO3)n1,6.62
COc1nc2ccc(Br)cc2cc1C(c1cccc(C)c1)C(O)(CCN(C)C)c1cccnc1OC,6.35
COc1cccc(C(c2cc3cc(C#N)ccc3nc2OC)C(O)(CCN(C)C)c2cc(C)nc(C)c2)c1OC,5.28
COc1cc(C(O)(CCN(C)C)C(c2cc3cc(Br)ccc3nc2OC)c2ccnc(OC)c2OC)cnc1OC,5.44
CCOc1cc(C(O)(CCN(C)C)C(c2cc3cc(Br)ccc3nc2OC)c2ccnc(OC)c2OC)cc(OC(C)C)n1,5.11
COc1cc(C(O)(CCN(C)C)C(c2cc3cc(Br)ccc3nc2OC)c2cccc(OC)c2F)c(OC)cn1,5.77
COc1cnc(OC)c(C(O)(CCN(C)C)C(c2cc3cc(Br)ccc3nc2OC)c2cccc(OC)c2F)c1,5.54
CCOc1cc(C(O)(CCN(C)C)C(c2cc3cc(C#N)ccc3nc2OC)c2cccc3c2OCCO3)cc(OCC)n1,5.35
COc1cc(C(O)(CCN(C)C)C(c2cc(OC)nc(N(C)C)c2)c2cc3cc(C#N)ccc3nc2OC)cc(OC)n1,5.03
COc1cnc(OC)c(C(c2cc3cc(C#N)ccc3nc2OC)C(O)(CCN(C)C)c2cc(OC)nc(OC)c2)c1,5.51
COc1cc(C(O)(CCN(C)C)C(c2cc3cc(Br)ccc3nc2OC)c2cccc(OC)c2F)cc(OC)n1,4.89
COc1cc(C(O)(CCN(C)C)C(c2cc3cc(Br)ccc3nc2OC)c2ccnc(OC)c2OC)cc(OC)n1,5.58
COc1cc(C(O)(CCN(C)C)C(c2cc(OC)nc(OC(C)C)c2)c2cc3cc(C#N)ccc3nc2OC)cc(OC)n1,4.97
COc1cc(C(O)(CCN(C)C)C(c2cc3cc(C#N)ccc3nc2OC)c2cccc3c2OCO3)cc(OC)n1,5.8
COc1cc(C(O)(CCN(C)C)C(c2cc3cc(C#N)ccc3nc2OC)c2cccc3c2CCC3)cc(OC)n1,5.35
CCOc1cc(C(O)(CCN(C)C)C(c2cc3cc(Br)ccc3nc2OC)c2cccc(OC)c2F)cc(OCC)n1,5.0
COc1cc(C(O)(CCN(C)C)C(c2cc(OC(C)C)cnc2OC)c2cc3cc(C#N)ccc3nc2OC)cc(OC)n1,5.62
CCOc1cc(C(O)(CCN(C)C)C(c2ccc(N(CC)CC)nc2)c2cc3cc(Br)ccc3nc2OC)cc(OCC)n1,5.0
COc1cc(C(O)(CCN(C)C)C(c2cc3cc(C#N)ccc3nc2OC)c2cccc3c2OCCO3)cc(OC)n1,5.36
COc1cc(C(O)(CCN(C)C)C(c2cccnc2OC)c2cc3cc(Br)ccc3nc2OC)cc(OC)n1,5.77
COc1cc(C(O)(CCn2ccnc2)C(c2cc3cc(Br)ccc3nc2OC)c2cccc(OC)c2OC)cc(OC)n1,4.96
COc1cnc(OC)c(C(c2cc3cc(Br)ccc3nc2OC)C(O)(CCN(C)C)c2cc(OC)nc(OC)c2)c1,5.66
CCOc1cc(C(O)(CCN(C)C)C(c2cc3cc(Br)ccc3nc2OC)c2cccc(OC)c2OC)cc(OCC)n1,5.26
COc1cc(C(O)(CCn2ccnc2)C(c2cc3cc(Br)ccc3nc2OC)c2ccnc(OC)c2OC)cc(OC)n1,5.24
COc1cc(C(O)(CCN(C)C)C(c2cc(OC)c(OC)nc2OC)c2cc3cc(Br)ccc3nc2OC)cc(OC)n1,5.23
CCOc1cc(C(O)(CCN(C)C)C(c2cc3cc(Br)ccc3nc2OC)c2cccc3c2OCCO3)cc(OCC)n1,4.88
CC1CC1C(=O)N1CCN(c2cnc(C#N)c(-c3cnn(C)c3)n2)CC1C,4.64
Nc1cc(-c2cn(-c3ccccc3)c3cnccc23)ccn1,6.23
c1cc(-c2cn(CC3CC3)c3cnccc23)ccn1,4.81
O=C(Nc1cc(-c2cn(C3CCOCC3)c3cnccc23)ccn1)NC1CC1,5.34
c1ccc(Cn2cc(-c3ccncc3)c3ccncc32)cc1,5.24
CC(C)Cn1cc(-c2ccncc2)c2ccncc21,4.52
CC1(C)CN(C(=O)Nc2cc(-c3cn(C4CCOCC4)c4cnccc34)ccn2)C1,5.42
O=C(Nc1cc(-c2cn(C3CCOCC3)c3cnccc23)ccn1)N1CCOCC1,4.96
CC1CN(C(=O)Nc2cc(-c3cn(C4CCOCC4)c4cnccc34)ccn2)CC(C)O1,4.62
COc1nn(C)cc1C(=O)Nc1cccc(-c2nncn2C(C)C)n1,4.52
COc1nn(C)cc1C(=O)Nc1cccc(-c2cncn2C(C)C)n1,4.82
Cc1ccc(C(=O)Nc2ccc(CN3CCN(CCO)CC3)c(Cl)c2)cc1C#Cc1cnc2cccnn12,7.0
Cc1ccc(C(=O)Nc2ccc(CN3CCC4C=NNC4C3)c(Cl)c2)cc1C#Cc1cnc2cccnn12,5.3
Cc1ccc(C(=O)Nc2ccc(CN3Cc4ccc(O)cc4C3)c(Cl)c2)cc1C#Cc1cnc2cccnn12,6.11
Cc1ccc(C(=O)Nc2ccc(CN3CCN(C)CC3)c(C(F)(F)F)c2)cc1C#Cc1cnc2cccnn12,6.11
Cc1ccc(C(=O)Nc2ccc(CN3Cc4cn[nH]c4C3)c(Cl)c2)cc1C#Cc1cnc2cccnn12,4.92
Cc1cn(-c2cc(NC(=O)c3ccc(C)c(Nc4nccc(-c5cccnc5)n4)c3)cc(C(F)(F)F)c2)cn1,6.35
COCCN1CCN(Cc2ccc(NC(=O)c3ccc(C)c(C#Cc4cnc5cccnn45)c3)cc2C2CC2)CC1,7.1
COc1ccc(-c2cnn3c(N)c(-c4ccccc4)c(NC4CC(C)(C)N(C)C(C)(C)C4)nc23)cc1OC,5.92
COC(=O)N1CCN(C(=O)c2ccc(-c3cnn4c(N)c(-c5ccccc5)c(NC5CC(C)(C)N(C)C(C)(C)C5)nc34)cc2)CC1,5.12
CN1C(C)(C)CC(Nc2nc3c(-c4ccc(C(=O)N5CC6CC5CO6)cc4)cnn3c(N)c2-c2ccccc2)CC1(C)C,5.33
CN1C(C)(C)CC(Nc2nc3c(-c4ccc(C(=O)N5CCN(S(C)(=O)=O)CC5)cc4)cnn3c(N)c2-c2ccccc2)CC1(C)C,4.85
Cc1cc(Cl)cc(-c2ccnc3cc(CN4C(=O)C5CC5C4=O)sc23)c1CC1CNCCO1,5.1
Cc1cc(Cl)cc(-c2ccnc3cc(CN4C(=O)CCC4=O)sc23)c1CN1C(C)CNCC1C,5.57
Cc1cc(Cl)cc(-c2ccnc3cc(CN4C(=O)C5C(C4=O)C5(C)C)sc23)c1OC1CCNCC1C,6.4
Cc1cc(Cl)cc(-c2ccnc3cc(CN4C(=O)C5C(C4=O)C5(C)C)sc23)c1CC1CNCCO1,5.38
O=C(CCCCCCC(=O)Nc1ccccc1)NOC(c1ccccc1)(c1ccccc1)c1ccccc1,4.02
COc1cc(C(O)(CCN(C)C)C(c2cc3cc(Br)ccc3nc2OC)c2ccnc(OC)c2OC)cc(OC(C)C)n1,4.77
CCSc1cc(C(O)(CCN(C)C)C(c2cc3cc(Br)ccc3nc2OC)c2ccnc(OC)c2OC)cc(SCC)n1,5.04
CCOc1cc(C(O)(CCN(C)C)C(c2cc3cc(Br)ccc3nc2OC)c2ccnc(OC)c2OC)cc(OC)n1,5.48
COc1nc2ccc(C#N)cc2cc1C(c1cccc2c1OCO2)C(O)(CCN(C)C)c1cc(SC)nc(SC)c1,5.23
COc1cc(C(O)(CCN(C)C)C(c2cc3cc(C#N)ccc3nc2OC)c2ccnc(OC)c2OC)cc(OC(F)F)n1,5.16
COc1cc(C(O)(CCN(C)C)C(c2cc3cc(Br)ccc3nc2OC)c2cccc(OC)c2F)cc(S(C)(=O)=O)n1,5.75
COc1cc(C(O)(CCN(C)C)C(c2cc3cc(C#N)ccc3nc2OC)c2cccc(OC)c2F)cc(OC(F)F)n1,5.28
COc1cc(C(O)(CCN(C)C)C(c2cc3cc(C#N)ccc3nc2OC)c2ccnc(OC)c2OC)cc(N(C)C)n1,5.47
CCSc1cc(C(O)(CCN(C)C)C(c2cc3cc(C#N)ccc3nc2OC)c2ccnc(OC)c2OC)cc(SCC)n1,5.82
COc1cc(C(O)(CCN(C)C)C(c2cc3cc(C#N)ccc3nc2OC)c2cccc3c2OCO3)cc(OC(F)F)n1,5.32
COc1nc2ccc(Br)cc2cc1C(c1ccnc(OC)c1OC)C(O)(CCN(C)C)c1cc(SC)nc(SC)c1,5.55
CCCOc1cc(C(O)(CCN(C)C)C(c2cc3cc(Br)ccc3nc2OC)c2ccnc(OC)c2OC)cc(OC)n1,5.11
COc1cccc(C(c2cc3cc(C#N)ccc3nc2OC)C(O)(CCN(C)C)c2cc(SC)nc(SC)c2)c1F,5.29
Cc1cc(C)c(-c2cn(C)cn2)cc1NC(=O)c1ccc(OCc2ccccn2)cc1,4.68
Cc1ncc(-c2cc(NC(=O)c3ccc(OCc4ccccn4)cc3)c(C)cc2C)[nH]1,4.92
Cc1cnc(-c2ccc(OC(F)(F)F)cc2)n1Cc1ccccc1OCCCC(C)CC(=O)O,5.0
Cc1cnc(-c2ccc(-c3ccco3)cc2)n1Cc1ccccc1OCCCCCC(=O)O,5.26
CCS(=O)(=O)Nc1cc(-c2cn(C)c3c(=O)[nH]ccc23)cc2c1ccn2C(C)(c1ccccn1)c1ccccn1,4.53
CS(=O)(=O)c1ccc(-c2cc(N3CCOCC3)nc3c(-c4ccn[nH]4)nccc23)cc1,5.24
CC(Nc1nc2c(cnn2C(C)(C)C)c(=O)n1Cc1ccc(F)cc1)c1ccc(Cl)cc1,4.96
CC(O)CN1C(C)CN(CCSC(c2ccc(F)cc2)c2ccc(F)cc2)CC1C,6.2
CC(O)CN1C(C)CN(CC[S+]([O-])C(c2ccc(F)cc2)c2ccc(F)cc2)CC1C,5.14
CC1CN(CC[S+]([O-])C(c2ccc(F)cc2)c2ccc(F)cc2)CC(C)N1CC(O)Cc1ccccc1,7.04
Cc1cc(Br)c(NC2=NCCN2)c2ccccc12,5.15
COC1CCN(Cc2c(C)cc(C)c3[nH]ccc23)C(CO)C1,4.85
COCc1cncc(-c2ccc3[nH]nc(C(=O)NCC4CCOCC4)c3c2)c1,5.24
O=C(NCC1CCOC1)c1n[nH]c2ccc(-c3cccc(F)c3F)cc12,5.37
COCc1ccncc1-c1ccc2[nH]nc(C(=O)NCC3CCOCC3)c2c1,4.33
O=C(NCC1CCCO1)c1n[nH]c2ccc(-c3cccc(F)c3F)cc12,4.96
COCCN1CCC(CNC(=O)c2n[nH]c3ccc(-c4cccc(F)c4F)cc23)CC1,7.36
O=C(NC1CCCOC1)c1n[nH]c2ccc(-c3cccc(F)c3F)cc12,5.18
O=C(NC1CCOC1)c1n[nH]c2ccc(-c3cccc(F)c3F)cc12,4.88
O=C(NCC1CCOCC1)c1n[nH]c2ccc(-c3cccnc3)cc12,4.31
O=C(NC1CCS(=O)(=O)C1)c1n[nH]c2ccc(-c3cccc(F)c3F)cc12,4.84
O=C(NCC1CCCOC1)c1n[nH]c2ccc(-c3cccc(F)c3F)cc12,4.65
O=C(NC1CCOCC1)c1n[nH]c2ccc(-c3cccc(F)c3F)cc12,5.75
CC(C)Oc1cncc(-c2ccc3[nH]nc(C(=O)NCC4CCOCC4)c3c2)c1,6.07
O=C(NCC1CCOCC1)c1n[nH]c2ccc(-c3cnccc3CO)cc12,4.38
CC#CC(=O)NC1CCCN(c2c(F)cc(C(N)=O)c3[nH]c(C)c(C)c23)C1,4.96
Nc1nc(N2CCC(N3Cc4cc(Cl)cc(Cl)c4OCC3Cc3ccc(Cl)cc3)CC2)n[nH]1,5.22
Nc1nc(N2CCC(N3Cc4cc(F)ccc4OCC3Cc3ccc(Cl)cc3)CC2)n[nH]1,5.17
Nc1nc(N2CCC(N(CCc3ccc(Cl)cc3)Cc3cccc(O)c3)CC2)n[nH]1,6.82
N#Cc1ccc2c(c1)CN(C1CCN(c3n[nH]c(N)n3)CC1)C(Cc1ccc(Cl)cc1)CO2,4.64
Nc1nc(N2CCC(N(Cc3ccccc3)C(CO)Cc3ccc(Cl)cc3)CC2)n[nH]1,5.54
Nc1nc(N2CCC(N(CCc3ccc(Cl)cc3)Cc3ccncc3Cl)CC2)n[nH]1,5.19
Nc1nc(N2CCC(N(CCc3ccc(Cl)cc3)Cc3ccc(F)cc3Cl)CC2)n[nH]1,5.4
Nc1nc(N2CCC(N3Cc4ccccc4OCC3Cc3ccc(Cl)cc3)CC2)n[nH]1,4.66
Nc1nc(N2CCC(N3Cc4cc(Cl)ccc4OCC3Cc3ccc(Cl)cc3)CC2)n[nH]1,5.17
Nc1nc(N2CCC(N(CCc3ccc(Cl)cc3)Cc3ccc(Cl)cc3)CC2)n[nH]1,6.4
Nc1nc(N2CCC(N(CCc3ccc(Cl)cc3)Cc3cccc(Cl)c3)CC2)n[nH]1,5.43
Nc1nc(N2CCC(N(CCc3ccc(Cl)cc3)Cc3ccccc3O)CC2)n[nH]1,7.0
CN1CC(Cc2ccc(Cl)cc2)N(C2CCN(c3n[nH]c(N)n3)CC2)Cc2ccccc21,5.5
Nc1nc(N2CCC(N3Cc4cnccc4OCC3Cc3ccc(Cl)cc3)CC2)n[nH]1,4.77
Nc1n[nH]c(N2CCC(N(CCc3ccc(Cl)cc3)Cc3ccccc3Cl)CC2)n1,5.7
Nc1nc(N2CCC(N3Cc4ccncc4OCC3Cc3ccc(Cl)cc3)CC2)n[nH]1,4.3
CN1CC(Cc2ccc(Cl)cc2)N(C2CCN(c3n[nH]c(N)n3)CC2)Cc2cc(Cl)ccc21,6.1
Cc1cc(N2CC3CCC(C2)C3Nc2nc3n(n2)CCCN3c2cc(F)cc(F)c2)ncn1,6.16
COc1cc(N2CC3CCC(C2)C3Nc2nc3n(n2)CCCCC3c2ccc(F)c(F)c2F)ncn1,6.26
Cc1cc(N2CC3CCC(C2)C3Nc2nc3n(n2)CCCCC3c2ccc(F)c(F)c2F)ncn1,5.85
CC(CNC(C(=O)Nc1ccc(-c2cnn(C)c2)cn1)c1ccccc1)c1ccc(C#N)cc1,4.98
O=c1n(CCCCN2CCN(c3cccc4sccc34)CC2)nc2ccccn12,5.52
O=c1n(CCCCN2CCN(c3cccc4sccc34)CC2)nc2c(F)cccn12,5.66
N#Cc1ccc2nn(CCCCN3CCN(c4cccc5sccc45)CC3)c(=O)n2c1,5.98
CC(C)c1cc(COc2ccccc2CC(=O)O)cc(-c2ccc3c(c2)C(N)CO3)c1,4.62
CNC(=O)C(C)Cn1cnc2ccc(-c3cnc(OC)c(NS(=O)(=O)c4ccc(F)cc4Cl)c3)cc2c1=O,4.56
Cc1noc(N2CC3CCC(C2)C3Nc2nc3c(OCC(F)(F)F)ccc(C(F)(F)F)n3n2)n1,5.06
Cc1cc(N2CC3CCC(C2)C3Nc2nc3c(OCC(F)(F)F)cccn3n2)sn1,5.54
Cc1cc(N2CC3CCC(C2)C3Nc2nc3c(OCC(F)F)ccc(C(F)(F)F)n3n2)ncn1,5.35
O=C(O)c1cc(-c2ccc(C34CCN(CC3)CC4)cc2)c2ccc(-c3ccc(C(F)(F)F)cc3)cc2c1,4.79
O=C(O)c1cc(-c2ccc(C34CCN(CC3)CC4)cc2)cc(-n2cc(-c3ccc(C(F)(F)F)cc3)nn2)c1,4.78
Cn1cc(-c2cc(F)cc(-n3ncc4cc(C(C)(C)C)cc(F)c4c3=O)c2CO)cc(NC(=O)C2CC2F)c1=O,5.8
Cn1cc(-c2ccnc(-n3ncc4cc(C(C)(C)C)cc(F)c4c3=O)c2CO)cc(NC(=O)C2CC2F)c1=O,5.89
Cc1cc(S(=O)(=O)Nc2ccncn2)c(F)cc1OC1CCCCC1c1ccnn1C,4.05
Cn1nccc1C1CCCCC1Oc1cc(F)c(S(=O)(=O)Nc2cscn2)cc1F,4.03
NCCCCn1cc(-c2ccc3cc[nH]c3c2)c(C(F)(F)F)n1,5.72
NCc1ccc(-n2cc(-c3ccc4cc[nH]c4c3)c(C(F)(F)F)n2)cc1,5.4
NC1CCC(n2cc(-c3ccc4cc[nH]c4c3)c(C(F)(F)F)n2)C1,4.77
CN(C)Cc1ccc(-n2cc(-c3ccc4cc[nH]c4c3)c3c(Cl)ccnc32)cc1,5.77
Nc1ncnc2c1c(-c1ccc3cc[nH]c3c1)cn2-c1ccc(OCCNCCO)cc1,5.55
CN1CCN(Cc2cnc(NC(=O)C(=NN3CCCC3)c3ccc(S(=O)(=O)C4CC4)cc3)s2)CC1,4.77
O=C(Nc1ncc(Cl)s1)C(=NN1CCCC1)c1ccc(S(=O)(=O)C2CC2)cc1,4.78
O=C(Nc1nccs1)C(=NN1CCCC1)c1ccc(S(=O)(=O)C2CC2)cc1,4.76
O=C(Nc1ncns1)C(=NN1CCCC1)c1ccc(S(=O)(=O)C2CC2)cc1,5.28
COc1c(S(C)(=O)=O)ccc(OC(C)C(F)(F)F)c1C(=O)N1CC(c2ccc(C(F)(F)F)cc2)C1,5.62
CC(Oc1ccc(S(C)(=O)=O)cc1C(=O)N1CC(c2ccc(C(F)(F)F)cc2)C1)C(F)(F)F,5.23
COc1c(S(C)(=O)=O)ccc(OC(C)C(F)(F)F)c1C(=O)N1CC(c2ccccc2)C1,5.17
COc1cc(-c2cncc(-c3ccc(N4CCNCC4)cc3)c2C)cc(OC)c1OC,5.08
COc1cc(-c2cncc(-c3ccc(N4CCNCC4)cc3)c2C#N)cc(OC)c1OC,5.22
COc1cc(-c2cncc(-c3ccc(N4CCNCC4)cc3)c2C)cc(OC)c1F,5.6
COc1cc(-c2cncc(-c3ccc(N4CCNCC4)cc3)c2Cl)cc(OC)c1OC,5.57
COc1cc(-c2cncc(-c3ccc(C4=CCNCC4)cc3)c2C)cc(OC)c1OC,5.47
COc1cc(-c2cncc(-c3ccc(OC4CCNCC4)cc3)c2C)cc(OC)c1OC,5.09
COc1cc(-c2cncc(-c3ccc(N4CCN(C(C)C)CC4)cc3)c2C)cc(OC)c1OC,5.51
COc1cc(-c2cncc(-c3ccc(C4CCN(C)CC4)cc3)c2C)cc(OC)c1OC,5.32
N#Cc1cccc(COc2ccc(C3CCC(C(N)=O)N3)cc2)c1,4.9
NC(=O)C1CCC(c2ccc(OCc3ccccc3F)cc2F)N1,4.9
N#Cc1ccccc1COc1ccc(C2CCC(C(N)=O)N2)cc1,4.8
NC(=O)C1CCC(c2ccc(OCc3ccccc3F)cn2)N1,4.8
CNC(=O)C1CCC(c2ccc(OCc3ccccc3F)cc2)N1,4.6
NC(=O)C1CCC(c2ccc(Oc3ccc(F)cc3)cc2)N1,5.3
NC(=O)C1CCC(c2ccc(OCc3cccc(F)c3)cc2)N1,5.5
NC(=O)C1CCC(c2cccc(OCc3ccccc3)c2)N1,4.6
NC(=O)C1CCCC(c2ccc(OCc3cccc(F)c3)cc2)N1,5.5
NC(=O)C1CCC(c2ccc(Oc3ccccc3)cc2)N1,4.9
N#Cc1ccc(COc2ccc(C3CCC(C(N)=O)N3)cc2)cc1,5.1
NC(=O)C1CCC(c2ccc(Oc3cccc(F)c3)cc2)N1,5.1
NC(=O)C1CCC(c2cccc(Oc3ccccc3)c2)N1,4.2
NC(=O)C1CCC(c2ccc(OCc3ccccc3)cc2)N1,5.1
CN1C(C(N)=O)CCC1c1ccc(OCc2ccccc2F)cc1,4.3
CC(Oc1ccc(C2CCC(C(N)=O)N2)cc1)c1ccccc1,5.4
NC(=O)C1CCC(c2ccc(OCc3ccc(F)cc3)cc2)N1,5.1
COc1cc(C2CCC(C(N)=O)N2)ccc1OCc1ccccc1F,5.4
N#Cc1ccccc1Oc1ccc(C2CCC(C(N)=O)N2)cc1,5.4
NC(=O)C1CSCC(c2ccc(OCc3cccc(F)c3)cc2)N1,4.6
CC(C)c1cc(Nc2nc(N3CCCC(N)C3)ncc2C(N)=O)cc(C(C)C)n1,5.43
CC(C)(C#N)c1cc(Nc2nc(N3CCCC(N)C3)ncc2C(N)=O)cc(C(C)(C)C#N)c1,5.15
COc1cc(C2=CC3=NOC(c4cc(F)c(F)c(F)c4)CN3CCC2)ccc1-n1cnc(C)c1,5.47
COc1cc(C2=CC3=NOCC(c4cc(F)c(F)c(F)c4)N3CCC2)ccc1-n1cnc(C)c1,5.58
COc1cc(C=C2CCCN3C2=NOC(c2cc(F)cc(F)c2)C3C)ccc1-n1cnc(C)c1,5.7
Cc1noc(C)c1-c1ccc2nc(-c3cnn(CC(C)(C)O)c3)nc(N3CCOCC3c3ccccc3)c2c1,5.19
CN(C)c1ccc(CC(=O)NC2CNCC2c2ccc(C(F)(F)F)cc2)cc1,5.23
CN(C)c1ccc(CC(=O)NC2CNCC2c2ccc(C(C)(F)F)cc2)cc1,5.55
CN(C)c1ccc(CC(=O)NC2CNCC2c2ccc(S(F)(F)(F)(F)F)cc2)cc1,5.59
CN(c1cnn(-c2ccnc3[nH]c(-c4cccc5c4ccn5C)nc23)c1)C1CCOCC1N,5.04
Cc1nn(-c2ccnc3[nH]c(-c4cccc5c4ccn5C)nc23)cc1CN1CCC(O)C1,4.57
Cc1nn(-c2ccnc3[nH]c(-c4cccc5c4ccn5C)nc23)cc1CN(C)C,5.58
Cc1cc(C2CCC(c3nnc4n3-c3ccc(Cl)cc3CC4)CC2)no1,5.12
Clc1ccc2c(c1)CCc1nnc(C3CCC(Oc4ccccn4)CC3)n1-2,5.14
Cc1cc(Cl)cc(N2C=Nc3cc(C)c(-c4cc(F)cc(C#N)c4)cc3C2C(=O)N(C)CC2CCCN2)c1,5.8
Cc1cc(Cl)cc(N2C=Nc3cc(C)c(-c4cc(O)ccc4F)cc3C2C(=O)N(C)CC2CCCN2)c1,6.3
Cc1cc(Cl)cc(N2C=Nc3cc(C)c(-c4cccc(F)c4O)cc3C2C(=O)N(C)CC2CCCN2)c1,5.3
Cc1cc(Cl)cc(-c2cnc3ncn(-c4cc(O)cc(F)c4)c(=O)c3c2CN(C)CC2CCCN2)c1,5.5
Cc1ccc2c(c1)C(C1=CC(C)N(C)CC1)=Nc1cc(Cl)ccc1N2,6.1
CC1C=C(C2=Nc3cc(Cl)ccc3Nc3ccc(F)cc32)CCN1C,5.92
Cc1ccc2c(c1)N=C(C1=CC(C)N(C)CC1)c1cc(F)ccc1N2,5.8
CCc1ccc2c(c1)C(C1=CC(C)N(C)CC1)=Nc1cc(Cl)ccc1N2,5.96
CCc1ccc2c(c1)C(C1=CC(C)N(C)CC1)=Nc1ccccc1N2,6.22
CC1C=C(C2=Nc3cc(Cl)ccc3Nc3ccc(C#N)cc32)CCN1C,6.22
Cc1ccc2c(c1)N=C(C1=CC(C)N(C)CC1)c1cc(Cl)ccc1N2,5.96
CC1C=C(C2=Nc3cc(Cl)ccc3Nc3ccc(OC(F)(F)F)cc32)CCN1C,5.72
COc1ccc2c(c1)C(C1=CC(C)N(C)CC1)=Nc1cc(Cl)ccc1N2,5.82
CC1C=C(C2=Nc3ccccc3Nc3ccc(Cl)cc32)CCN1C,6.22
CCOc1ccc2c(c1)C(C1=CC(C)N(C)CC1)=Nc1cc(Cl)ccc1N2,6.05
CC1(C)C(=O)Nc2nc(-n3nc(CCCC(F)(F)F)c4cc(Cl)ccc43)nc(N)c21,5.39
COC(=O)N(C)c1c(N)nc(-n2nc(Cc3ccccc3F)c3cc(C#N)ccc32)nc1N,5.13
COC(=O)N(C)c1c(N)nc(-n2nc(Cc3c(F)ccc(F)c3F)c3cc(Cl)ccc32)nc1N,5.41
COC(=O)N(C)c1c(N)nc(-n2nc(Cc3cc(F)cc(F)c3F)c3ccccc32)nc1N,4.55
CC1(C)C(=O)Nc2nc(-n3nc(Cc4ccccc4F)c4ccccc43)nc(N)c21,5.31
CCCc1nn(-c2nc(N)c3c(n2)NC(=O)C3(C)C)c2ccc(Cl)cc12,5.02
COC(=O)N(C)c1c(N)nc(-n2nc(Cc3cc(F)ccc3F)c3ccccc32)nc1N,5.47
CCCCCc1nn(-c2nc(N)c3c(n2)NC(=O)C3(C)C)c2ccc(Cl)cc12,5.05
CC1(C)C(=O)Nc2nc(-n3nc(Cc4c(F)ccc(F)c4F)c4cc(Cl)ccc43)nc(N)c21,5.85
CC1(C)C(=O)Nc2nc(-n3nc(Cc4ccccc4F)c4cc(Cl)ccc43)nc(N)c21,5.82
CCCCc1nn(-c2nc(N)c3c(n2)NC(=O)C3(C)C)c2ccc(Cl)cc12,4.91
COC(=O)N(C)c1c(N)nc(-c2nc(Cc3ccccc3F)n3ncccc23)nc1N,4.79
COC(=O)N(C)c1c(N)nc(-n2nc(Cc3ccccc3Cl)c3ccccc32)nc1N,4.96
CC1(C)C(=O)Nc2nc(-n3nc(Cc4c(F)ccc(F)c4F)c4ccccc43)nc(N)c21,5.66
COC(=O)N(C)c1c(N)nc(-n2nc(Cc3ccccc3F)c3cc(F)ccc32)nc1N,4.82
COC(=O)N(C)c1c(N)nc(-c2nc(Cc3ccccc3F)n3ccccc23)nc1N,6.4
CC(C)(CO)n1nc(-c2ccc3cc(OC4CC4)ccc3c2)c(C(N)=O)c1N,4.52
CC(C)(CCO)n1nc(-c2ccc3nc(OC4CC4)ccc3c2)c(C(N)=O)c1N,4.52
CC(C)(CO)Cn1nc(-c2ccc3cc(OC4CC4)ccc3c2)c(C(N)=O)c1N,4.89
CC(C)(CCO)n1nc(-c2ccc3cc(OC4CC4)ccc3c2)c(C(N)=O)c1N,5.35
CCOc1ccc2cc(-c3nn(CC(C)(C)CO)c(N)c3C(N)=O)ccc2c1,4.52
CC(C)(C)n1nc(-c2ccc3cc(OC4CC4)ccc3c2)c(C(N)=O)c1N,4.57
CCOc1ccc2cc(-c3nn(CC4CC4)c(N)c3C(N)=O)ccc2c1,4.8
CNC(=O)c1nn(C)c2ccc(Nc3nccc(-n4cc(CN(C)C)cn4)n3)cc12,5.35
CNC(=O)c1ncn2ccc(Nc3nccc(-n4cc(CN(C)C)cn4)n3)cc12,5.14
CNC(=O)c1nc(C)n2ccc(Nc3nccc(-n4cc(C5CC(O)CN5C)cn4)n3)cc12,4.85
CNC(=O)c1nn(C)c2ccc(Nc3nccc(-n4cc(CN5CC(O)C5)c(C)n4)n3)cc12,4.92
CNC(=O)c1nn(C)c2c(C)cc(Nc3nccc(-n4cc(CN(C)C)cn4)n3)cc12,5.31
CNC(=O)c1nn(C)c2ccc(Nc3nccc(-n4cc(CN(C)C)c(F)n4)n3)cc12,4.96
COC(=O)c1nn(C)c2c(C)cc(Nc3nccc(-c4cc(CN(C)C)n(C)n4)n3)cc12,4.64
Cc1nnc(-c2nn(C)c3ccc(Nc4nccc(-c5cc(CN(C)C)n(C)n5)n4)cc23)o1,5.66
CNC(=O)c1nn(C)c2ccc(Nc3nccc(-n4cc(CN(C)C)c(OC)n4)n3)cc12,5.44
CNC(=O)c1nc(C)n2ccc(Nc3nccc(-n4cc(C5CC(F)CN5C)cn4)n3)cc12,5.0
CC1Cc2c(ccc3[nH]ncc23)C(c2ccc(N(C)C3CN(CCCF)C3)cn2)N1CC(F)(F)F,5.11
CC1Cc2c(ccc3[nH]ncc23)C(C)(c2ccc(NC3CN(CCCF)C3)cn2)N1CC(F)F,4.89
COc1cc(NC2CN(CCCF)C2)ccc1C1c2ccc3[nH]ncc3c2CC(C)N1CC1(F)CC1,5.04
CC1N(S(=O)(=O)c2ccc(F)cc2)c2ccc(C(=O)NCc3ccccc3Cl)cc2C12CCNCC2,5.96
CC1OC2(CCN(CCc3ccccc3)CC2)CN(C(C)C)C1=O,5.41
CCN1CC2(CCN(CCc3ccccc3)CC2)OC(C)C1=O,5.51
CN1CC2(CCN(CCc3ccccc3)CC2)OC2(CC2)C1=O,5.44
CC1OC2(CCN(CCc3ccccc3)CC2)CN(Cc2ccccc2)C1=O,7.0
CC(C)C1OC2(CCN(CCc3ccccc3)CC2)CN(C)C1=O,5.21
CC1OC2(CCN(CCc3ccccc3)CC2)CN(C2CC2)C1=O,5.35
CCN1CC2(CCN(CCc3cccc(F)c3)CC2)OC(C)C1=O,5.18
CCN1CC2(CCN(CCc3ccc(F)cc3)CC2)OC(C)C1=O,5.82
CCN1CC2(CCN(CCc3ccccc3F)CC2)OC(C)C1=O,5.4
CC1OC2(CCN(CCc3ccccc3)CC2)CN(CCc2ccccc2)C1=O,6.7
CCC1OC2(CCN(CCc3ccccc3)CC2)CN(C)C1=O,5.18
CCN1CC2(CCN(CCc3ccc(F)cc3F)CC2)OC(C)C1=O,5.6
Cc1noc(C2CCN(C(=O)C=Cc3ccc(C(F)(F)F)cc3Cn3nnc(C)n3)CC2)n1,4.85
Cc1cc(CN2CCN(C(=O)C=Cc3ccc(Cl)cc3Cn3nnc(C)n3)CC2=O)on1,4.77
Cc1nnn(Cc2cc(C(F)(F)F)ccc2C=CC(=O)N2CCC(C#N)CC2)n1,4.6
Cc1nnn(Cc2cc(Cl)ccc2C=CC(=O)N2CCN(Cc3cnn(C)c3)CC2)n1,4.82
Cc1nnn(Cc2cc(Cl)ccc2C=CC(=O)N2CCC(Cc3ncc(C)o3)CC2)n1,5.28
Cc1nnn(Cc2cc(C(F)(F)F)ccc2C=CC(=O)N2CCC(C(F)(F)F)CC2)n1,4.72
Cc1ncn(C2CCN(C(=O)C=Cc3ccc(C(F)(F)F)cc3Cn3nnc(C)n3)CC2)n1,4.6
Cc1nnn(Cc2cc(Cl)ccc2C=CC(=O)N2CCN(Cc3coc(C)n3)CC2)n1,4.64
Cc1nnn(Cc2cc(C(F)(F)F)ccc2C=CC(=O)N2CCC(c3nnc(C)o3)CC2)n1,4.64
CC1CN(CCC2CCC(NC(=O)N(C)C)CC2)CCc2ccc(Cl)cc21,5.91
CN(C)CCn1cc2cc(NC(=O)c3cccc(C(F)(F)F)n3)c(C(C)(C)O)cc2n1,4.78
COc1cc(NC(=O)c2cccc(C(F)(F)F)n2)cc2cn(C3CCN(C)CC3)nc12,5.16
NC(=O)c1cc(Cl)c2cc(-c3cc4c(s3)CNCC4)cnn12,4.95
NC(=O)c1cc(Cl)c2cc(-c3cc4c(s3)CCNC4)cnn12,5.88
CC1COCCN1c1c(NC(=O)Nc2cnc(OC3CCN(C)CC3)c(Cl)c2)cnc2ccc(F)cc12,4.8
COc1ncc(NC(=O)Nc2cnc3ccc(F)cc3c2N(C)C2CCCN(C)C2)cc1Cl,5.05
Cc1nc(NC(=O)NCCc2cn(CC(F)F)cn2)sc1C#Cc1cccnc1,4.89
Cc1cncc(C#Cc2sc(NC(=O)NCC(C)OCC3CC3)nc2C)c1,4.55
CCC(C)n1c(=O)c(NCc2ccc(S(=O)(=O)CC)cn2)nc2cnc(-c3c(OC)ncnc3C3CC3)nc21,5.32
CCS(=O)(=O)c1ccc(CNc2nc3cnc(-c4c(OC)ncnc4C4CC4)nc3n(C(C)C)c2=O)nc1,4.89
CCS(=O)(=O)c1cnc(CNc2nc3cnc(-c4c(C)ncnc4C4CC4)nc3n(C(C)C3CC3)c2=O)nc1,5.06
CNS(=O)(=O)c1ccc(CNc2nc3cnc(-c4c(C)ncnc4C4CC4)nc3n(C(C)C3CC3)c2=O)nc1,4.92
CCS(=O)(=O)c1ccc(CNc2nc3cnc(-c4c(C)ncnc4C4CC4)nc3n(C(C)C)c2=O)nc1,4.96
CCS(=O)(=O)c1ccc(CNc2nc3cnc(-c4c(OC)ncnc4C4CC4)nc3n(C(C)C(F)(F)F)c2=O)nc1,5.33
Cc1ncnc(C2CC2)c1-c1ncc2nc(NCc3ccc(S(C)(=O)=O)cn3)c(=O)n(C(C)C3CC3)c2n1,4.8
CCS(=O)(=O)c1ccc(CNc2nc3cnc(-c4c(OC)ncnc4C4CC4)nc3n(C(C)C3CC3)c2=O)nc1,5.51
N#Cc1ccc(N2C3CCC2CN(C(=O)CCS(=O)(=O)c2cccc4ncsc24)C3)nc1,5.25
O=C(NCCN1CCCC1)c1cc(-c2ccc(CN3CCOCC3)cc2)nc2ccc(F)cc12,4.8
O=C(NCCN1CCCC1)c1cc(-c2ccc(S(=O)(=O)N3CCOCC3)cc2)nc2ccc(F)cc12,4.96
O=C(O)C1CN(Cc2ccc3c(c2)CCc2c-3noc2-c2onc(-c3ccccc3)c2C(F)(F)F)C1,5.7
CC(C)n1cc(C(=O)c2cncc(NC(=O)Cn3ccc(C(F)(F)F)n3)c2)c2cnccc21,5.8
CC(C)n1cc(C(=O)c2cncc(NC(=O)Cc3ccc(Cl)cc3)c2)c2c(N)ncnc21,5.11
CC1CN(c2ccc(S(C)(=O)=O)cc2F)CCN1c1nccc(C(=O)NC2C3CC4CC2CC(O)(C4)C3)n1,5.1
CN1CCCC1CCOc1ccc(C(=C(CCCO)c2ccccc2)c2ccc(Br)cc2)cc1,5.77
CN1CCCC1COc1ccc(C(=C(CCCO)c2ccccc2)c2ccc(Br)cc2)cc1,5.33
CN1CCCC1COc1ccc(C(=C(CCCO)c2ccccc2)c2ccc(O)cc2)cc1,4.75
CN1CCCC1CCOc1ccc(C(=C(CCCO)c2ccccc2)c2ccc(O)cc2)cc1,5.27
CC(C)(Oc1ccc(-c2cnc(N)c(-c3ccc(Cl)cc3)c2)cc1)C(=O)O,4.0
CC#CCn1c(N2CCCC(N)C2)nc2c1c(=O)n(CCCN1CCN(c3nc(-c4ccccc4)no3)CC1)c(=O)n2C,5.31
CN1CCC(CNC2=NC(=O)C(=Cc3csc(-c4ccc(OC(F)(F)F)cc4)n3)S2)CC1,5.31
Cc1nc2cc(F)c(-c3cnc(C(C)(C)O)nc3)nc2c(NC(C)c2cc(C#N)ccc2F)c1Cl,5.25
CN1CCC(c2noc(-c3cnc(Nc4ccc5c(c4)C(C)(C)OC5=O)nc3NC(CO)c3ccccc3)n2)CC1,5.6
CC1(C)OC(=O)c2ccc(Nc3ncc(-c4nc(C56CCN(CC5)CC6)no4)c(NC(CO)c4ccccc4)n3)cc21,6.24
O=C(NCc1ccc2c(c1)CCCN2C(=O)c1cccc(Cl)c1)c1ccc(Cl)cc1,4.96
CC(NC(=O)c1ccc(F)cc1)c1ccc2c(n1)CCCN2c1ccncn1,4.7
CC(NC(=O)c1ccc(F)cc1)c1ccc2c(n1)CCCN2c1ncccn1,4.7
CCOC(=O)N1CCCc2nc(C(C)NC(=O)c3ccc(F)cc3)ccc21,4.22
Cc1cc(N2CCCc3nc(C(C)NC(=O)c4ccc(F)cc4)ccc32)ccn1,6.14
CC(NC(=O)c1ccc(F)cc1)c1ccc2c(n1)CCCN2C(=O)OC1CC1,4.7
CCCNC(=O)C1(c2ccc(NC(=O)c3cccc(Cl)c3)cc2)CCC1,4.22
CC(NC(=O)c1ccc(Cl)cc1)c1cc2c(cn1)N(C(=O)c1cccc(Cl)c1)CCC2,4.8
Cc1nccc(N2CCCc3nc(C(C)NC(=O)c4ccc(F)cc4)ccc32)n1,4.75
CC(NC(=O)c1ccc(Cl)cc1)c1ccc2c(c1)CCCN2C(=O)c1cccc(Cl)c1,6.0
CC(NC(=O)c1ccc(Cl)cc1)c1ccc2c(c1)OCCN2C(=O)c1cccc(Cl)c1,5.16
CC(NC(=O)c1ccc(F)cc1)c1ccc2c(n1)CCCN2c1ccnc(C(F)(F)F)n1,4.6
CC(C)CC(=O)N1CCCc2cc(CNC(=O)c3ccsc3)ccc21,4.62
CC(NC(=O)c1ccc(F)cc1)c1ccc2c(n1)CCCN2C(=O)c1cccc(Cl)c1,4.64
CC(C)CC(=O)N1CCCc2cc(CNC(=O)c3ccc(Cl)cc3)ccc21,4.66
COC(=O)N1CCCc2nc(C(C)NC(=O)c3ccc(F)cc3)ccc21,4.22
Cc1c(-c2cnc3[nH]ncc3c2)ccc2c3oc(CN)nc3c(=O)n(C3CC3)c12,4.35
Cc1c(-c2ccc3[nH]ncc3c2)ccc2c3oc(CN)nc3c(=O)n(C3CC3)c12,5.21
Cc1c(-c2cc(F)c(N)cc2F)ccc2c3oc(CN)nc3c(=O)n(C3CC3)c12,5.1
Cc1nc2c(=O)n(C3CC3)c3c(Cl)c(N4CCC(C(C)N)C4)c(F)cc3c2o1,4.54
CNc1nc(Nc2ccc(-n3cnc(Cl)c3)c(OC)c2)nc2c1CCC2c1ccccc1,6.7
CNc1nc(Nc2ccc(-n3cnc(C)n3)c(OC)c2)nc2c1CCC2c1ccc(F)cc1,5.92
FC(F)Oc1ccc(-c2nnc3cncc(OCCc4ccccc4)n23)cc1,5.13
FC(F)Oc1ccc(-c2nnc3cncc(OCCC45C6C7C8C6C4C8C75)n23)cc1,5.37
CNC(=O)c1nn(C)c2ccc(Nc3nccc(-n4cc(NCC5(N)CC5)c(C)n4)n3)cc12,4.96
CNC(=O)c1nc(C)n2ccc(Nc3nccc(-n4cc(CN(C)C)cn4)n3)cc12,5.15
Cc1nnc(-c2nn(C)c3ccc(Nc4nccc(-n5cc(NC6CCOCC6N)c(C)n5)n4)cc23)o1,4.96
CNC(=O)c1nn(C)c2ccc(Nc3nccc(-n4cc(NC5CCOCC5N)c(C)n4)n3)cc12,4.77
Cc1nn(-c2ccnc(Nc3ccc4c(c3)c(C(=O)C(F)(F)F)cn4C)n2)cc1NC1CCOCC1N,5.33
CNC(=O)c1nn(C)c2ccc(Nc3nccc(-n4cc(OC5CCNC5)c(C)n4)n3)cc12,5.28
CNC(=O)c1nn(C)c2ccc(Nc3nccc(-n4cc(OC5CNCC5F)c(C)n4)n3)cc12,5.43
CNC(=O)c1nn(C)c2ccc(Nc3nccc(-n4cc(NC5CNCC5F)c(C)n4)n3)cc12,4.72
Cn1ccc2c(-c3nc4c(-n5cc(NC6CCOCC6N)cn5)ccnc4[nH]3)cccc21,5.04
CNC(=O)c1nn(C)c2ccc(Nc3nccc(-n4cc(OC5CCCNC5)c(C)n4)n3)cc12,5.6
CC1CC(C(=O)O)CCC1C(=O)N1CCC2(S(=O)(=O)c3ccccc3)c3cc(F)c(C(F)(C(F)(F)F)C(F)(F)F)cc3CCC12,4.75
Cc1c(F)c(Nc2ccc(-c3cn(C)cn3)cn2)cc2c1ncn2CC1CC1,4.96
CC1(N)CCN(c2cnc(Sc3cccc(Cl)c3Cl)c(N)n2)CC1,5.55
CC1(N)CCN(c2cnc(Sc3cccnc3C(F)(F)F)c(N)n2)CC1,4.76
CC1(N)CCN(c2cnc(-c3cccc(Cl)c3Cl)c(N)n2)CC1,5.23
CC1(N)CCN(c2cnc(Sc3ccccc3Cl)c(N)n2)CC1,5.21
CC1(CN)CCN(c2cnc(Sc3cccnc3C(F)(F)F)c(N)n2)CC1,4.91
CC1(CN)CCN(c2cnc(-c3cccc(Cl)c3Cl)c(N)n2)CC1,5.77
CCn1nc(C(F)(F)F)cc1Nc1nc(-c2ccc(-n3cnc(C)c3)c(OC)n2)cs1,4.72
COc1nc(-c2csc(Nc3c4c(nn3C(C)(C)C)CCCC4)n2)ccc1-n1cnc(C)c1,5.14
COc1nc(-c2csc(Nc3c4c(nn3C)CCC4)n2)ccc1-n1cnc(C)c1,6.04
COc1nc(-c2csc(Nc3c4c(nn3CC(F)(F)F)CCC4)n2)ccc1-n1cnc(C)c1,6.04
COc1nc(-c2csc(Nc3c4c(nn3CCF)CCCC4)n2)ccc1-n1cnc(C)c1,4.94
CCn1nc(C2(C)CC2)cc1Nc1nc(-c2ccc(-n3cnc(C)c3)c(OC)n2)cs1,4.91
COc1nc(-c2csc(Nc3c4c(nn3CCF)CCC4)n2)ccc1-n1cnc(C)c1,5.54
CCn1nc2c(c1Nc1nc(-c3ccc(-n4cnc(C)c4)c(OC)n3)cs1)CCC2,5.92
CCn1nc2c(c1Nc1nc(-c3ccc(-n4cnc(C)c4)c(OC)n3)cs1)CCCC2,5.07
CNc1cc(F)cc2cc(C(=O)Nc3ccc(CO)cc3CN(CCO)C3CCCCC3)c(=O)[nH]c12,5.62
CCCCCN(CCCCC)Cc1cc(C(=O)O)ccc1NC(=O)c1cc2cc(F)cc(NC)c2[nH]c1=O,4.92
COc1ccc(-c2c(-c3ccc(C#N)c(F)c3)nc(N3CCC(N)CC3)n(C)c2=O)cc1F,5.47
Nc1n[nH]c(N2CCC(N3CC(=O)NCC3Cc3ccc(Cl)cc3)CC2)n1,4.1
CCC1CN(C2CCN(c3nc(N)n[nH]3)CC2)C(Cc2ccc(Cl)cc2)CO1,4.48
CC(C)C1CN(C2CCN(c3nc(N)n[nH]3)CC2)C(Cc2ccc(Cl)cc2)CO1,4.47
CC(C)CN1CC(Cc2ccc(Cl)cc2)N(C2CCN(c3n[nH]c(N)n3)CC2)CC1C,5.62
COCC1CN(C2CCN(c3nc(N)n[nH]3)CC2)C(Cc2ccc(Cl)cc2)CO1,4.0
Nc1n[nH]c(N2CCC(N3CC(CO)OCC3Cc3ccc(Cl)cc3)CC2)n1,4.14
CC(C)CC1CN(C2CCN(c3nc(N)n[nH]3)CC2)C(Cc2ccc(Cl)cc2)CO1,5.07
Cc1cn(C(C)C2(F)CCNC2)c2nc(C(N)=O)cc(Cl)c12,4.66
Cc1cn(C(C)C2CCNCC2F)c2nc(C(N)=O)cc(Cl)c12,5.22
CN1CCCN(c2nccc3[nH]c(-c4cc(F)cc(F)c4)nc23)CC1,6.4
CN1CCN(CC2CCN(c3nccc4[nH]c(-c5cc(F)cc(F)c5)cc34)CC2)CC1,5.3
CN1CCN(C2CCN(c3nccc4[nH]c(-c5cc(F)cc(F)c5)cc34)CC2)CC1,5.4
Fc1ccc(-c2nc3c(N4CCNCC4)nccc3[nH]2)cc1F,5.47
CN1CCN(C(=O)C2CCN(c3nccc4[nH]c(-c5ccc(F)c(F)c5)cc34)CC2)CC1,5.52
CCC(c1nc2cccc(F)c2c(=O)n1C1CC1)n1nc(-c2ccc(OC)c(F)c2)c2c(N)ncnc21,4.86
Cc1cc(COCCN2CCCC2)nn1-c1ccc(Cl)c(Cl)c1,5.29
CC(=O)N1CCN(CCCOCc2cc(C)n(-c3ccc(Cl)c(Cl)c3)n2)CC1,5.39
CC(c1cc(OCC(F)F)ccn1)n1cnc2c(N)nc(Cl)nc21,4.75
CCCN1CCC(NC(=O)c2cc(-c3ccc(F)cc3F)on2)C(C(=O)NC2(c3ncccn3)CC2)C1,5.36
CC(C)(NC(=O)C1CN(C2CCCCC2)CCC1NC(=O)c1cc(-c2ccc(F)cc2F)on1)c1ccccn1,5.82
O=C(NC1CCN(C2CCCCC2)CC1)c1cc(-c2ccc(F)cc2F)on1,5.82
O=C(NC1CCN(C2CCCCC2)CC1)c1nnc(-c2ccc(F)cc2F)o1,5.57
O=C(NC1CCN(C2CCCCC2)CC1)c1noc(-c2ccc(F)cc2F)n1,5.57
CC(NC(=O)C1CN(C2CCCCC2)CCC1NC(=O)c1cc(-c2ccc(F)cc2F)on1)c1ccccn1,5.47
O=C(NC1CCN(C2CCCCC2)CC1C(=O)NC(CO)c1ccccc1)c1cc(-c2ccc(F)cc2F)on1,5.14
O=C(NC1CCN(CC2CCC2)CC1C(=O)NC1(c2ncccn2)CC1)c1cc(-c2ccc(F)cc2F)on1,5.85
O=C(NC1CCN(CC2CC2)CC1C(=O)NC1(c2ncccn2)CC1)c1cc(-c2ccc(F)cc2F)on1,5.24
CC1(CN2CCC(NC(=O)c3cc(-c4ccc(F)cc4F)on3)C(C(=O)NC3(c4ncccn4)CC3)C2)CC1,4.96
O=C(NC1CCN(C2CCCC2)CC1C(=O)NC1(c2ncccn2)CC1)c1cc(-c2ccc(F)cc2F)on1,5.02
O=C(NC1CCN(C2CCCCC2)CC1C(=O)NCCc1ccccn1)c1cc(-c2ccc(F)cc2F)on1,6.02
Cc1cc(NC2Cc3cc(F)c(F)cc3C2)n2nc(C(C)(F)F)nc2n1,5.77
Cc1cc(NC2CCc3cc(Br)ccc3C2)n2nc(C(C)(F)F)nc2n1,6.3
Cc1cc(NC2CCc3cc(F)ccc3C2)n2nc(C(C)(F)F)nc2n1,6.16
Cc1cc(NC2CCc3ccc(Cl)cc3C2)n2nc(C(C)(F)F)nc2n1,5.82
Cc1cc(Nc2ccc(S(F)(F)(F)(F)F)cc2)n2nc(C(C)(F)F)nc2n1,5.8
Cc1cc(NC2CCc3ccc(Br)cc3C2)n2nc(C(C)(F)F)nc2n1,5.96
N#Cc1cnc(Nc2cc(NCC3CNCCO3)c(C3CC3)cn2)cn1,5.18
N#Cc1cnc(Nc2cc(NCC3CNCCO3)c(-c3cccc(F)c3)cn2)cn1,5.09
N#Cc1cnc(Nc2cc(NCC3CNCCO3)c(Cl)cn2)cn1,5.21
C#Cc1cnc(Nc2cnc(C#N)cn2)cc1NCC1CNCCO1,5.09
N#Cc1cnc(Nc2cc(NCC3CNCCO3)c(C(F)(F)F)cn2)cn1,5.21
N#Cc1cnc(Nc2cc(NCC3CNCCO3)c(C#CC3(O)CCCC3)cn2)cn1,4.8
Cn1cc2cc(-c3cnc(Nc4cnc(C#N)cn4)cc3NCC3CNCCO3)ccc2n1,4.8
Cc1cnc(-c2cnc(Nc3cnc(C#N)cn3)cc2NCC2CNCCO2)s1,4.25
CC(C)(O)C#Cc1cnc(Nc2cnc(C#N)cn2)cc1NCC1CNCCO1,4.58
COc1ccc(-c2nc(N3CCOCC3)c3sc(CN(C)c4ncc(C(=O)NO)cn4)cc3n2)cn1,4.1
Cc1nc(CN(C)C2CCCc3cccnc32)cc(N2CCN(C)CC2)n1,5.1
CC(C)N1CCC(c2ccc(C(=C(CCCO)c3ccc(F)cc3F)c3ccc(O)cc3)cc2)CC1,4.7
CC(C)N1CC=C(c2ccc(C(=C(CCCO)c3ccccc3)c3cccc(O)c3)cc2)CC1,4.99
CC(C)N1CCC(c2ccc(C(=C(CCCO)c3ccccc3)c3ccc(O)cc3)cc2)CC1,4.66
OCCCC(=C(c1ccc(O)cc1)c1ccc(C2CCNCC2)cc1)c1ccccc1,4.9
CC(C)N1CC=C(c2ccc(C(=C(CCCO)c3ccccc3)c3ccc(O)cc3)cc2)CC1,5.09
Cc1cccn(-c2ccc(-c3ccc4c(C(=O)NCc5ccncc5)n[nH]c4c3)c(Cl)c2)c1=O,4.39
CCNC(=O)c1n[nH]c2cc(-c3ccc(-n4cccc(C)c4=O)cc3Cl)ccc12,4.8
CNC1CC2OC(C)(C1OC)n1c3ccccc3c3c4c(c5c6ccccc6n2c5c31)C(=O)NC4,4.04
Cc1cccn(-c2ccc(-c3ccc4c(C(=O)NCC5CC5)n[nH]c4c3)c(Cl)c2)c1=O,4.08
Cc1nc(Nc2n[nH]c3c2CN(C(=O)NC(CN(C)C)c2ccccc2)C3(C)C)c2sccc2n1,4.38
CNC(=O)c1n[nH]c2cc(-c3ccc(-n4cccc(C)c4=O)cc3Cl)ccc12,4.68
Cn1ccc2ccc(OCCCN3CCC(c4noc5cc(F)ccc45)CC3)cc2c1=O,6.22
CN1CCc2ccc(OCCCN3CCC(c4noc5cc(F)ccc45)CC3)cc2C1=O,5.64
COc1ccccc1S(=O)(=O)C=Cc1ccccc1Cl,4.92
O=C1CCC(N2Cc3cc(CNC(=O)C(F)(F)c4ccc(Cl)cc4)ccc3C2=O)C(=O)N1,5.28
CC(NC(=O)c1cc(C(F)(F)F)nn1C)c1nc(-c2ccnc(C(F)(F)F)c2)no1,4.92
Cn1cc(-c2nc3c(-c4ccnc(OC5CC5)c4)cnn3cc2OCCC(C)(C)O)cn1,4.64
Cc1cc(Nc2nc(Nc3ccccc3S(=O)(=O)C(C)C)c3cc[nH]c3n2)c(OC(C)C)cc1C1CCNCC1,5.96
Cc1cc(Nc2nc(Nc3ccccc3S(=O)(=O)C(C)C)c3cc[nH]c3n2)c(OC(C)C)cc1C1CCN(C)CC1,5.77
Cc1cc(Nc2nc(Nc3ccccc3S(=O)(=O)C(C)C)c3c(C)[nH]nc3n2)c(OC(C)C)cc1C1CCN(C)CC1,4.68
Cc1cc(Nc2nc(Nc3ccccc3S(=O)(=O)C(C)C)c3cn[nH]c3n2)c(OC(C)C)cc1C1CCN(C)CC1,6.0
Cc1cc(-c2ccc3c(c2)-c2nnc(Oc4cccc(OC(F)(F)F)c4)n2CCO3)ccn1,6.16
Cc1cc(-c2ccc3c(c2)-c2nnc(Cc4cccc(Cl)c4)n2CCO3)ccn1,5.41
Cc1cc(-c2ccc3c(c2)-c2nnc(Nc4cccc(OC(F)(F)F)c4)n2CCO3)ccn1,6.63
Cc1cc(-c2ccc3c(c2)-c2nnc(Nc4cccc(Cl)c4)n2CCO3)ccn1,6.37
FC(F)(F)c1cccc(Nc2nnc3n2CCOc2ccc(-c4ccncc4)cc2-3)c1,6.25
FC(F)(F)Oc1cccc(Nc2nnc3n2CCOc2ccc(-c4ccncc4)cc2-3)c1,6.22
CCc1cc(-c2ccc3c(c2)-c2nnc(Nc4cccc(C(F)(F)F)c4)n2CCO3)ccn1,6.48
Cc1cc(-c2ccc3c(c2)-c2nnc(Oc4ccccc4Cl)n2CCO3)ccn1,5.46
Cc1cc(-c2ccc3c(c2)-c2nnc(Oc4cccc(Cl)c4F)n2CCO3)ccn1,5.62
Cc1cc(-c2ccc3c(c2)-c2nnc(Oc4cccc(Cl)c4)n2CCO3)ccn1,6.03
CCOc1ccccc1-c1cc2c(NC(CCO)c3ccccc3)ncnc2[nH]1,4.96
OCCC(Nc1ncnc2[nH]c(-c3ccccc3)cc12)c1ccccc1,4.66
Nc1ncc(-c2ccc(C(=O)N3CCC(N)C3)cc2)nc1-c1ccc(C(F)(F)F)cc1,5.0
CN1CCCN(C(=O)c2ccc(-c3cnc(N)c(-c4ccc(C(F)(F)F)cc4)n3)cc2)CC1,5.3
CC(C)(C)N1CCN(C(=O)c2ccc(-c3cnc(N)c(-c4ccc(C(F)(F)F)cc4)n3)cc2)CC1,5.7
Nc1ncc(-c2ccc(C(=O)N3CCNCC3)cc2)nc1-c1ccc(C(F)(F)F)cc1,5.0
C=CC(=O)N1CCC(Cn2cc(-c3ccc4c(c3)OCO4)c3c(N)ncnc32)CC1,4.96
NCC(NC(=O)c1ccc(-c2cc(F)c(Cl)c(F)c2)[nH]1)c1nc(CO)cs1,6.05
NCC(NC(=O)c1ccc(-c2ccc(C(F)(F)F)c(F)c2)[nH]1)c1nc(CO)cs1,5.52
COc1cnc(-n2cnc(C)n2)c2[nH]cc(C(=O)C(=O)N3CCN(C(=O)c4ccccc4)CC3)c12,4.66
COCCOc1cc(NC(=O)N2CCCc3cc(C4CCN(CC(F)(F)F)CC4)c(C=O)nc32)ncc1C#N,6.3
COCCOc1cc(NC(=O)N2CCCc3cc(CN(C)C(=O)CN(C)C)c(C=O)nc32)ncc1C#N,5.17
CN(C)CC(C)(O)CNc1cc(NC(=O)N2CCCc3cc(CO)c(C=O)nc32)ncc1C#N,4.6
COCCOc1cc(NC(=O)N2CCCc3cc(CN(CCN(C)C)S(C)(=O)=O)c(C=O)nc32)ncc1C#N,4.7
COCCOc1cc(NC(=O)N2CCCc3cc(CN4CC(C)NC(C)C4)c(C=O)nc32)ncc1C#N,4.89
CN(C)CC(C)(C)COc1cc(NC(=O)N2CCCc3cc(C(F)F)c(C=O)nc32)ncc1C#N,4.92
COCCOc1cc(NC(=O)N2CCCc3cc(CN4CCN(C)C(=O)C4)c(C=O)nc32)ncc1C#N,4.66
COCCOc1cc(NC(=O)N2CCCc3cc(CN4CCC(N(C)C)C4=O)c(C=O)nc32)ncc1C#N,5.07
COCCOc1cc(NC(=O)N2CCCc3cc(C4CCN(C5COC5)CC4)c(C=O)nc32)ncc1C#N,4.55
O=C(NO)c1ccc(CCCN2CCC(CNC3CC3c3ccccc3)CC2)cc1,5.25
CCOc1cc(C(=O)N2CCC(N3CCCC3)CC2)ccc1Nc1cc2c(cn1)N(C)C(=O)c1ccccc1N2C,6.5
Nc1cc(F)c(S(=O)(=O)N2CCC(O)CC2)cc1C(=O)Nc1ccc(F)c(F)c1,4.3
CNCCOc1ccccc1C(C)(C)Nc1nccn(-c2cc(C(=O)NC3CC3)ccc2C)c1=O,4.57
COc1ccc2c3c([nH]c2c1)C1N(CC3)C(=O)c2c(OC)cccc2N1C,4.7
CC(=O)Nc1ccc(OCCCCN2CCC(c3noc4cc(F)ccc34)CC2)cc1,6.43
CC(=O)Nc1ccc(OCCCN2CCC(c3noc4cc(F)ccc34)CC2)cc1,5.53
C=CC(=O)N1CCCC(n2nc(-c3ccc(Oc4ccccc4)cc3)c3c(N)n[nH]c(=O)c32)C1,5.25
COc1nc2ccccc2cc1-c1nnc(C(CCCCNC(=O)c2ccccc2SC)NC(=O)c2cncs2)o1,4.89
CSc1ccccc1C(=O)NCCCCC(NC(=O)c1cncs1)c1ncc(-c2ccc3ccccc3c2)[nH]1,7.8
COc1nc2ccccc2cc1-c1cnc(C(CCCCNC(=O)c2ccccc2SC)NC(=O)c2cncs2)[nH]1,5.88
O=C(COc1ccc(C(=O)c2cc(Cl)ccc2Br)cc1)Nc1ccc(Cl)c(C(=O)NCC2CC2)c1,7.75
Cc1cc(NC(=O)COc2ccc(C(=O)c3cc(Cl)ccc3Br)cc2)ccn1,7.22
N#Cc1cncc(NC(=O)COc2ccc(C(=O)c3cc(Cl)ccc3Br)cc2)c1,7.72
Cc1ccc(C#N)cc1NC(=O)COc1ccc(C(=O)c2cc(Cl)ccc2Br)cc1,7.89
N#Cc1cccc(NC(=O)COc2ccc(C(=O)c3cc(Cl)ccc3Br)cc2)c1F,7.9
O=C(COc1ccc(C(=O)c2cc(Cl)ccc2Br)cc1)Nc1cccc(C(=O)NC2CC2)c1,7.95
NC(=O)c1cccc2cc(C(=O)N3CCN(c4nc(-c5cnc(NC(=O)CN6CCOCC6)cc5C(F)(F)F)nc(N5CCOCC5)n4)CC3)oc12,4.53
O=C1NCCC12CCN(c1c(Cl)cncc1-c1cc3ccccc3s1)CC2,4.83
O=C1NCCC12CCN(c1c(Cl)cncc1-c1cc3ccccc3o1)CC2,4.96
Oc1ccc(CN2CC(CNc3ccccc3)C3(C2)CN(c2ccccc2)C3)cc1,5.66
NC(C(=O)N1CC(CNc2ccc(F)cc2)C2(C1)CN(c1cc(F)cc(F)c1)C2)c1ccc(O)cc1,5.8
N=C(N)NC(=O)c1nc(-c2cc3ccccc3o2)c(N)nc1N,5.16
N=C(N)NC(=O)c1nc(Cl)c(N2CCCCCC2)nc1N,5.48
CC(=O)N1CCc2nc(N3CCC(Oc4ccc(F)cc4F)CC3)c(NC3CCOC3)nc2C1,6.3
COc1cc(C)[nH]c(=O)c1CNC(=O)c1c(C)n(C(C)C2CCN(CC(F)(F)F)CC2)c2ccccc12,4.67
Cc1ccc(NC(=O)c2cccc(C(F)(F)F)c2)cc1C#Cc1nn(C2CCC(O)CC2)c2ncnc(N)c12,4.58
Cc1ccc(NC(=O)c2cccc(C(F)(F)F)c2)cc1C#Cc1nn(CC2CCN(C)CC2)c2ncnc(N)c12,5.25
Cc1ccc(NC(=O)c2cccc(C(F)(F)F)c2)cc1C#Cc1nn(C2CCN(C)CC2)c2ncnc(N)c12,6.22
Cc1ccc(NC(=O)c2cccc(C(F)(F)F)c2)cc1C#Cc1nn(CC2CCN(C)C2)c2ncnc(N)c12,5.62
COc1ccc(C(NC(=O)c2cnc(-n3cccn3)nc2O)c2ccc(OC)cc2)cc1,6.05
COc1ccc2ncc(F)c(CCC3OCC(NCc4cc5c(cn4)OCCO5)CO3)c2n1,4.82
COc1ccc2ncc(F)c(CCC3(O)COC4C(NCc5ccc(C)cc5)COC43)c2n1,5.38
COc1ccc2ncc(F)c(CCC3(O)COC4C(NCc5ccc6c(c5)OCCO6)COC43)c2n1,4.7
COc1ccc2ncc(F)c(CCC3(O)CCC(NCc4ccc(Cl)c(Cl)c4)CC3)c2n1,5.42
COc1ccc2ncc(F)c(CCC3OCC(NCc4ccc5c(c4)OCCO5)CO3)c2n1,5.1
COc1ccc2ncc(F)c(CCC3OCC(NCc4ccc(Cl)c(Cl)c4)CO3)c2n1,5.1
COc1ccc2ncc(F)c(CCC3(O)COC4C(NCc5cc6c(cn5)OCCO6)COC43)c2n1,4.18
COc1ccc2ncc(F)c(CCC3(O)CCC(NCc4ccc5c(c4)OCCO5)CC3)c2n1,5.66
COc1ccc2ncc(F)c(CCC3(O)COC4C(NCc5ccc(Cl)c(Cl)c5)COC43)c2n1,5.21
COc1ccc2ncc(F)c(CCC3(O)COC4C(NCc5ccc6c(n5)NC(=O)CO6)COC43)c2n1,4.92
COc1ccc(-c2ccccc2C2CCN(CC(O)COc3ccc(-c4cn5ccccc5n4)cc3)CC2)cc1,5.73
COc1ccc(-c2ccccc2N2CCN(CC(O)COc3ccc(-c4cn5ccccc5n4)cc3)CC2)cc1,5.72
COc1ccc(-c2ccccc2N2CCN(CCCCOc3ccc4c(c3)NC(=O)C(C)O4)CC2)cc1,6.35
COc1cc(F)ccc1-c1nc(Nc2ccc3c(N4CCOCC4)c(C(C)=O)c(=O)oc3c2)ncc1F,5.0
O=C(CCCCCCC(=O)Nc1ccccc1)NO,6.49
CN(C)CCOc1ccc(-c2cc(=O)c3c(O)cc(OCCCCCC(=O)NO)cc3o2)cc1,5.92
Nc1n[nH]c2cccc(C#Cc3cccc(NC(=O)c4ccc(N5CCOCC5)c(C(F)(F)F)c4)c3)c12,5.47
CC(C)n1c(=O)n(C)c2cnc3cc(F)c(-c4ccc(OCCCN5CCCCC5)nc4)cc3c21,5.18
CC(Oc1cc2cc(F)ccc2nc1N)c1[nH]c(=O)ccc1-n1cccn1,4.37
Cc1nc(Nc2ncc(C(=O)Nc3c(C)cccc3Cl)s2)cc(N2CCN(CCO)CC2)n1,4.84
Cc1c(N2CCC(C3(N)CC3)C2)c(F)cc2cc(-c3ncon3)c(=O)n(C3CC3)c12,4.92
Cc1c(N2CCC(C3(N)CC3)C2)c(F)cc2c(-c3noc(=S)[nH]3)cc(=O)n(C3CC3)c12,4.75
Cc1c(N2CCC(C3(N)CC3)C2)c(F)cc2c(-c3n[nH]c(=O)o3)cc(=O)n(C3CC3)c12,4.89
Cc1c(N2CCC(C3(N)CC3)C2)c(F)cc2cc(C(N)=O)c(=O)n(C3CC3)c12,5.0
Cc1c(N2CCC(C3(N)CC3)C2)c(F)cc2c(-c3cc(O)no3)cc(=O)n(C3CC3)c12,4.77
Cc1c(N2CCC(C3(N)CC3)C2)c(F)cc2cc(-c3nnco3)c(=O)n(C3CC3)c12,5.1
Cc1c(N2CCC(C3(N)CC3)C2)c(F)cc2cc(-c3noc(=O)[nH]3)c(=O)n(C3CC3)c12,4.54
Cc1c(N2CCC(C3(N)CC3)C2)c(F)cc2cc(-c3n[nH]c(=O)o3)c(=O)n(C3CC3)c12,5.0
CC1(c2cc(NC(=O)c3ccc(C#N)cn3)ccc2F)C=CSC(N)=N1,6.3
Cc1c(C2(c3ccc(C(F)(F)F)c(C#N)c3)CC2)c[nH]c1C(=O)NC(C)c1nc[nH]n1,4.69
COc1cc2c(cc1OC)C(=O)C(CC1(F)CCN(Cc3ccccc3F)CC1)C2,5.04
O=C(Oc1ccc(OCc2ccccc2)cc1)N(Cc1ccccc1)S(=O)(=O)c1ccc(Cl)cc1,5.28
O=C(Oc1ccc(OCc2ccccc2)cc1)N(Nc1ccccc1)S(=O)(=O)c1ccc(Cl)cc1,5.02
CC(C)(O)C(=O)NC1CCC2(S(=O)(=O)c3ccc(F)cc3)c3ccc(C(F)(C(F)(F)F)C(F)(F)F)cc3CCC12,4.72
CN1CCN(Cc2ccc(OCCCCN3CCC(c4noc5cc(F)ccc45)CC3)cc2)CC1,5.98
CN1CCN(Cc2ccc(OCCCN3CCC(c4noc5cc(F)ccc45)CC3)cc2)CC1,5.81
Fc1ccc2c(C3CCN(CCCOc4ccc(CCN5CCOCC5)cc4)CC3)noc2c1,5.62
Cn1cc(-c2nc3c(-c4ccc(CN5CCc6cc(C(C)(C)C)ccc6C5=O)c(F)c4)ccnc3[nH]2)cn1,5.58
CN1CCN(c2ccc(Nc3cc(-c4cccc(-n5ccc6cc(C7CC7)cc(F)c6c5=O)c4CO)cn(C)c3=O)nc2)CC1,5.85
Cn1cc(-c2nc3c(-c4ccc5c(c4)CCCC5NC(=O)c4nc(C(C)(C)C)no4)ccnc3[nH]2)cn1,5.2
CCC(NC(=O)c1ccc(OC)nc1)C1CCC(c2ccnc(OC)c2C(F)F)CC1,4.76
NC(=O)c1c(N)ncnc1N1CCC(c2nc(-c3ccc(F)c(C(F)(F)F)c3)cn2CCN2CCC2)CC1,4.76
C=Cc1c(N)ncnc1N1CCC(c2nc(-c3ccc(F)c(C(F)(F)F)c3)cn2CCN2CCC2)CC1,6.03
Cn1cc(-c2ccc(F)c(C(F)(F)F)c2)nc1C1CCN(c2ncnc(N)c2-c2ccc(F)cc2)CC1,5.75
CCc1c(N)ncnc1N1CCC(c2nc(-c3ccc(F)c(C(F)(F)F)c3)cn2CCN(C)C)CC1,5.89
CCc1c(N)ncnc1N1CCC(c2nc(-c3ccc(F)c(C(F)(F)F)c3)cn2CCN2CCC2)CC1,5.8
CC(C)c1c(N)ncnc1N1CCC(c2nc(-c3ccc(F)c(C(F)(F)F)c3)cn2CCN2CCC2)CC1,5.75
CN(C)CCn1cc(-c2ccc(F)c(C(F)(F)F)c2)nc1C1CCN(c2ncnc(N)c2C#N)CC1,5.8
Nc1ncnc(N2CCC(c3nc(-c4ccc(F)c(C(F)(F)F)c4)cn3CCN3CCC3)CC2)c1C1CCC1,5.89
Nc1ncnc(N2CCC(c3nc(-c4ccc(F)c(C(F)(F)F)c4)cn3CCN3CCC3)CC2)c1-c1ccc(F)cc1,5.89
CN(C)CCn1cc(-c2ccc(F)c(C(F)(F)F)c2)nc1C1CCN(c2ncnc(N)c2-c2ccc(F)cc2)CC1,5.92
Cn1cc(-c2ccc(F)c(C(F)(F)F)c2)nc1C1CCN(c2ncnc(N)c2C#N)CC1,5.46
Cn1cc(-c2ccc(F)c(C(F)(F)F)c2)nc1C1CCN(c2ncnc(N)c2C(N)=O)CC1,5.72
CN(C)CCn1cc(-c2ccc(F)c(C(F)(F)F)c2)nc1C1CCN(c2ncnc(N)c2C2CC2)CC1,6.08
Nc1ncnc(N2CCC(c3nc(-c4ccc(F)c(C(F)(F)F)c4)cn3CCN3CCCC3)CC2)c1-c1ccc(F)cc1,5.82
Nc1ncnc(N2CCC(c3nc(-c4ccc(F)c(C(F)(F)F)c4)cn3CCN3CCC3)CC2)c1Cl,5.72
CN(C)CCn1cc(-c2ccc(F)c(C(F)(F)F)c2)nc1C1CCN(c2ncnc(N)c2C(N)=O)CC1,5.4
CN(C)c1ccc(N=Nc2ccccn2)c(O)c1,6.96
Oc1ccc2ccccc2c1N=Nc1nccs1,6.51
CS(=O)(=O)c1nc(Nc2ccc(F)c(Cl)c2)cc(NC2CCC(N)CC2)n1,4.7
O=C(NCc1ccc2[nH]ccc2c1)N1CC(COc2ccc(C(F)(F)F)cc2)C1,5.34
Cc1ccc(CN2CCN(C(=O)C(=O)Nc3ccc4c(ccn4C)c3)CC2)cc1,5.12
CC1Cc2c([nH]c3ccccc23)C(c2c(F)cc(NC3CN(CCCF)C3)cc2F)N1CC(F)(F)CO,5.21
CC1Cc2c([nH]c3ccc(F)cc23)C(c2c(F)cc(NC3CN(CCCF)C3)cc2F)N1CC(F)(F)CO,5.55
COc1cc2c(cc1OC)C1CC(OC(=O)C(N)C(C)C)C(CC(C)C)CN1CC2,5.77
COc1cc2c(cc1OCC(F)(F)F)CCN1CC(CC(C)C)C(O)CC21,5.19
CS(=O)(=O)c1nccc(-c2c(-c3cccc(OCc4ccccc4)c3)nc3sccn23)n1,4.91
c1ccc(COc2cccc(-c3nc4sccn4c3-c3ccncn3)c2)cc1,4.89
Cc1cc(C=CC#N)cc(C)c1Oc1nc(Nc2ccc(C#N)cc2)nc2c1CSCC2,4.7
CCS(=O)(=O)c1ccc2c(c1)CN(C(C)=O)C2C(=O)Nc1ccc(C(O)(C(F)(F)F)C(F)(F)F)cc1,4.82
CC(=O)N1Cc2cc(S(=O)(=O)CC3CC3)ccc2C1C(=O)Nc1ccc(C(O)(C(F)(F)F)C(F)(F)F)cc1,4.75
CCS(=O)(=O)c1ccc(C(NC(=O)Cc2nccs2)C(=O)Nc2ccc(C(O)(C(F)(F)F)C(F)(F)F)cc2)nc1,5.26
COCC(=O)N1Cc2cc(S(=O)(=O)CC3CC3)ccc2C1C(=O)Nc1ccc(C(O)(C(F)(F)F)C(F)(F)F)cc1,4.75
CCS(=O)(=O)c1ccc(C(CC(=O)N(C)C)C(=O)Nc2ccc(C(O)(C(F)(F)F)C(F)(F)F)cc2)cc1,5.1
CCS(=O)(=O)c1ccc(C(NC(=O)Cc2ccccn2)C(=O)Nc2ccc(C(O)(C(F)(F)F)C(F)(F)F)cc2)nc1,5.39
CCS(=O)(=O)c1ccc(C(NC(=O)CC2CC2)C(=O)Nc2ccc(C(O)(C(F)(F)F)C(F)(F)F)cc2)nc1,4.47
CCS(=O)(=O)c1ccc(C(NC(=O)Cc2ccccc2)C(=O)Nc2ccc(C(O)(C(F)(F)F)C(F)(F)F)cc2)nc1,4.8
CCS(=O)(=O)c1ccc(C(Cn2cccn2)C(=O)Nc2ccc(C(O)(C(F)(F)F)C(F)(F)F)cc2)cc1,5.62
COC(=O)N1Cc2cc(S(C)(=O)=O)ccc2C1C(=O)Nc1ccc(C(O)(C(F)(F)F)C(F)(F)F)cc1,4.83
CC(=O)N1CCN(C2CC(n3cc(-c4ccc(Cl)c(N)c4)c4c(N)ncnc43)C2)CC1,5.1
COC(=O)NC1CCC(n2cc(-c3ccc(Cl)c(N)c3)c3c(N)ncnc32)CC1,5.28
COC(=O)NC12CCC(n3cc(-c4ccc(Cl)c(N)c4)c4c(N)ncnc43)(CC1)CC2,5.52
COC(=O)NC12CCC(n3cc(-c4cc(N)c(Cl)cc4F)c4c(N)ncnc43)(CC1)CC2,5.22
NCCn1nnc(-c2ccc(Oc3ccc(Cl)cc3)cc2)n1,5.07
NCCCn1nnc(-c2ccc(Oc3ccc(Cl)cc3)cc2)n1,5.32
Cc1ccc(Oc2ccc(-c3nnn(CCN)n3)cc2)cc1,5.24
CC(Oc1ccc(C(=O)NC2CC2)cc1-c1cn(C)nn1)c1ccccn1,4.4
CCNC(=O)c1cc(Cc2cccc3[nH]ccc23)nc(-c2cn(C)nn2)c1,4.5
Cc1cc(C#N)cc(C)c1Oc1nc(NC2CCN(Cc3ccc(C(N)=O)cc3)CC2)ncc1-c1ccncc1,5.92
COc1ccc(-c2ccc(COC3CC(N=C=S)C3)nc2)cc1F,4.72
CC(=O)NCC1OC(=O)N2Cc3cc(-c4ccc(C#N)nc4)c(F)cc3OC12,4.75
CCN1CCN(c2ccc(Nc3ncc4scc(-c5cccc(NS(C)(=O)=O)c5)c4n3)cc2)CC1,5.57
N#Cc1ccc(CCN2CCC(Nc3nc4ccccc4[nH]3)CC2)cc1,7.05
N#Cc1ccc(CCN2CCC(Nc3nc4ccccc4n3Cc3ccc(C(=O)O)cc3)CC2)cc1,5.38
N#Cc1ccc(CCN2CCC(Nc3nc4ccccc4n3Cc3ccc(C#N)cc3)CC2)cc1,7.3
N#Cc1ccc(CCN2CCC(Nc3nc4ccccc4n3Cc3ccc(C#N)c(F)c3)CC2)cc1,7.3
N#Cc1ccc(CCN2CCC(Nc3nc4ccccc4n3Cc3ccc(C(F)(F)F)nc3)CC2)cc1,6.01
O=C(c1ccc(CCN2CCC(Nc3nc4ccccc4n3Cc3ccc(F)cc3)CC2)cc1)N1CCNCC1,5.07
COc1ccc(CCNCCCNc2nc3ccccc3n2Cc2ccc(F)cc2)cc1,6.39
CS(=O)(=O)c1ccc(Cn2c(NC3CCN(CCc4ccc(C#N)cc4)CC3)nc3ccccc32)cc1,6.96
Fc1cc(F)c(F)c(-c2ccc(NC3CC4CN(CC5CCOCC5)CC4C3)nn2)c1,6.37
COc1nc(C2=NOC(C3CC3)C(c3ccc(Cl)cc3)N2)ccc1-n1cnc(C)c1,4.92
COc1ccc2ncc(F)c(C(O)CC3OCC(NCc4ccc5c(c4)OCCO5)CO3)c2c1,5.1
CNC(=O)c1cc(-n2ncc3cc(Nc4c(F)cccc4Cl)cnc32)cs1,5.05
Cc1nc2c(cnn2-c2csc(C(=O)NC3COC3)c2)cc1Nc1c(F)cccc1Cl,5.0
CNC(=O)c1cc(-n2ncc3cc(Oc4ccccc4Cl)ccc32)cs1,4.8
Cc1cc(C)cc(CNc2cncc(-c3cc(C)cc(C)c3)c2N2CCC(N)CC2)c1,5.77
COc1cc(OC)cc(-c2cncc(-c3nc4cc(C)ccc4[nH]3)c2N2CCC(N)CC2)c1,5.07
Cc1cc(F)cc(-c2cncc(-c3nc4cc(F)ccc4[nH]3)c2N2CCC(N)CC2)c1,5.24
NC1CCN(c2c(NC(=O)c3cn4ccccc4n3)cncc2-c2cc(Cl)cc(Cl)c2)CC1,5.72
Cc1cc(C)cc(NC(=O)c2cncc(-c3cc(C)cc(C)c3)c2N2CCC(N)CC2)c1,6.1
NC1CCN(c2c(-c3cc(F)cc(Cl)c3)cncc2-c2nc3cc(F)ccc3[nH]2)CC1,5.31
Cc1cc(C(=O)Nc2cncc(-c3cc(Cl)cc(Cl)c3)c2N2CCC(N)CC2)n(C)n1,5.31
Cc1cc(C)cc(-c2cncc(-c3nc4ccccc4[nH]3)c2N2CCC(N)CC2)c1,5.52
COc1cc(F)cc(-c2cncc(-c3nc4cc(C)ccc4[nH]3)c2N2CCC(N)CC2)c1,5.08
COc1cc(F)cc(-c2cncc(-c3nc4cc(F)ccc4[nH]3)c2N2CCC(N)CC2)c1,5.12
Cc1cc(C)cc(-c2cncc(-c3nc4cc(C)ccc4[nH]3)c2N2CCC(N)CC2)c1,6.0
Cc1cc(C)cc(OCc2cncc(-c3cc(C)cc(C)c3)c2N2CCC(N)CC2)c1,5.77
Cc1cc(C)cc(-c2cncc(-c3nc4cc(F)ccc4[nH]3)c2N2CCC(N)CC2)c1,5.43
Cc1cc(C)cc(C(=O)Nc2cncc(-c3cc(C)cc(C)c3)c2N2CCC(N)CC2)c1,5.77
NC1CCN(c2c(NC(=O)c3ccccc3)cncc2-c2cc(Cl)cc(Cl)c2)CC1,6.05
Cc1cc(C)cc(-c2cncc(-c3nc4cc(Cl)ccc4[nH]3)c2N2CCC(N)CC2)c1,5.77
Cc1cc(C)cc(-c2cncc(-c3nc4cc(C)cc(C)c4[nH]3)c2N2CCC(N)CC2)c1,5.7
Cn1ncc(C(=O)Nc2cncc(-c3cc(Cl)cc(Cl)c3)c2N2CCC(N)CC2)c1C(F)(F)F,5.14
CCC(NC(=O)c1ccc(C#N)cc1)C1C2CC(n3cnc4ccc(C#N)cc43)CC21,5.92
CCC(NC(=O)c1ccc(Cl)c(F)c1)C1C2CC(n3cnc4cc(F)c(F)cc43)CC21,5.6
CCC(NC(=O)c1ccc(Cl)cc1)C1C2CC(n3cnc4cccc(F)c43)CC21,5.68
CCC(NC(=O)c1ccc(Cl)cc1)C1C2CC(n3c(C)nc4ccc(F)cc43)CC21,5.69
CCC(NC(=O)c1ccc(Cl)cc1)C1C2CC(n3cnc4cc(F)c(F)cc43)CC21,5.62
CC(NC(=O)c1ccc(C#N)cc1)C1C2CC(n3cnc4cc(F)c(F)cc43)CC21,5.89
CCC(NC(=O)C12CC(F)(C1)C2)C1C2CC(n3cnc4cc(F)c(F)cc43)CC21,4.32
CCC(NC(=O)c1ccc(Cl)cc1)C1C2CC(n3cnc4cccnc43)CC21,4.96
CCC(NC(=O)c1ccc(Cl)cc1)C1C2CC(n3cnc4ccncc43)CC21,5.92
CCC(NC(=O)c1ccc(Cl)cc1)C1C2CC(n3cnc4ccc(Cl)cc43)CC21,5.64
CCC(NC(=O)c1ccc(Cl)cc1)C1C2CC(n3cnc4cc(Cl)c(Cl)cc43)CC21,5.02
CCC(NC(=O)c1ccc(Cl)cc1)C1C2CC(n3cnc4cc(F)cnc43)CC21,5.68
CCC(NC(=O)c1ccc(C#N)cc1)C1C2CC(n3cnc4cc(F)c(F)cc43)CC21,5.96
CCC(NC(=O)c1ccc(Cl)cc1)C1C2CC(n3cnc4c(F)cc(F)cc43)CC21,5.72
Fc1cc2ncn(C3CC4C(CNC(c5ccc(Cl)cc5)C(F)(F)F)C4C3)c2cc1F,6.34
CCC(NC(=O)c1ccc(Cl)cc1)C1C2CC(n3cnc4cnccc43)CC21,7.23
CCC(NC(=O)c1ccc(Cl)cc1)C1C2CC(n3cnc4ccc(F)c(F)c43)CC21,5.27
CCC(NC(=O)c1ccc(Cl)cc1)C1C2CC(n3cnc4ccc(F)cc43)CC21,5.27
CCC(NC(=O)c1ccc(Cl)cc1)C1C2CC(n3cnc4cc(C#N)ccc43)CC21,6.82
CCC(NC(=O)c1ccc(Cl)cc1)C1C2CC(n3cnc4cc(F)ccc43)CC21,6.75
CCC(NC(=O)c1ccc(Cl)cc1)C1C2CC(n3cnc4ccc(C#N)cc43)CC21,5.28
CCC(NC(=O)c1ccc(Cl)cc1)C1C2CC(n3cnc4ncc(C#N)cc43)CC21,5.28
O=C(NCC1C2CC(n3cnc4cc(F)c(F)cc43)CC12)c1ccc(Cl)cc1,5.32
CC(NC(=O)c1ccc(Cl)cc1)C1C2CC(n3cnc4cc(F)c(F)cc43)CC21,6.28
CCC(NC(=O)c1ccc(Cl)cc1)C1C2CC(n3cnc4cc(F)cc(F)c43)CC21,6.24
CCC(NC(=O)c1ccc(Cl)cc1)C1C2CC(n3cnc4cc(C#N)cnc43)CC21,6.16
CCC(NC(=O)c1ccc(Cl)cc1)C1C2CC(n3cnc4ccccc43)CC21,6.11
CCC(NC(=O)c1ccc(C#N)cc1)C1C2CC(n3cnc4ccc(Cl)cc43)CC21,6.3
CCC(NC(=O)c1ccc(Cl)cc1)C1C2CC(n3cnc4c(F)cccc43)CC21,6.0
COc1ccc(-c2ccc(C(=O)O)cc2C)cc1-c1cnc(N2CC(F)C2)nc1CN1C(=O)OC(c2cc(C(F)(F)F)cc(C(F)(F)F)c2)C1C,4.72
CCc1ncc(-c2cc(-c3ccc(C(=O)O)cc3C)ccc2OC)c(CN2C(=O)OC(c3cc(C(F)(F)F)cc(C(F)(F)F)c3)C2C)n1,4.72
Cc1cc(C(=O)O)ccc1-c1ccc(Cl)c(-c2ccc(C(F)(F)F)cc2CN2C(=O)OC(c3cc(C(F)(F)F)cc(C(F)(F)F)c3)C2C)c1,5.3
COc1ccc(-c2ccc(C(=O)O)cc2C)cc1-c1cnc(N(C)C)nc1CN1C(=O)OC(c2cccc(OC(F)(F)F)c2)C1C,4.77
COc1ncc(-c2ccc(C(=O)O)cc2C)cc1-c1ccc(C(F)(F)F)cc1CN1C(=O)OC(c2cc(C(F)(F)F)cc(C(F)(F)F)c2)C1C,6.36
COc1ccc(-c2ccc(C(=O)O)cc2C)cc1-c1cnc(N2CCOCC2)nc1CN1C(=O)OC(c2cc(C(F)(F)F)cc(C(F)(F)F)c2)C1C,4.96
COc1ccc(-c2ccc(C(=O)O)cc2C)cc1-c1cnc(N(C)C)nc1CN1C(=O)OC(c2ccc(OC(F)(F)F)cc2)C1C,5.42
COc1ccc(-c2ccc(C(=O)O)cc2C)cc1-c1cnc(N(C)C)nc1CN1C(=O)OC(c2cc(Cl)cc(Cl)c2)C1C,4.8
COc1ccc(-c2ccc(C(=O)O)cc2C)cc1-c1cnc(N(C)C)nc1CN1C(=O)OC(c2cc(Cl)cc(C(F)(F)F)c2)C1C,4.7
COc1ccc(-c2ccc(C(=O)O)cc2C)cc1-c1cnc(N(C)C)nc1CN1C(=O)OC(c2cc(C(F)(F)F)cc(C(F)(F)F)c2)C1C,4.8
COc1ccc(-c2ccc(C(=O)O)cc2C)cc1-c1cnc(N(C)C)nc1CN1C(=O)OC(c2cccc(C(F)(F)F)c2)C1C,5.02
COc1ccc(-c2ccc(C(=O)O)cc2C)cc1-c1cnc(N(C)C)nc1CN1C(=O)OC(c2cc(F)cc(C(F)(F)F)c2)C1C,4.6
COc1ccc(-c2ccc(C(=O)O)cc2C)cc1-c1cnc(N(C)C)nc1CN1C(=O)OC(c2cc(F)cc(F)c2)C1C,4.96
COc1ccc(-c2ccc(C(=O)O)cc2C)cc1-c1cnc(N(C)C)nc1CN1C(=O)OC(c2cccc(Cl)c2)C1C,4.82
NC(=O)c1ccn(-c2ccc(NCC3(c4ncccc4F)CCC3)nn2)c1,4.01
CN1CCN(Nc2cccc3c2CC(CN(C)C2CCCc4cccnc42)NC3)CC1,5.17
CC1CCC(Cn2c(N3CCOC4CCCC43)nc3cc(-c4noc(=O)[nH]4)nc(-c4cncc(Cl)c4)c32)CC1,4.92
CCCC(N)C(=O)NCCc1ccc(-c2ccc(Cl)c(Cl)c2)cc1,4.4
COc1cc(OC)cc(-c2nn(CCCCCN3CCN(C(=O)C=CC(F)(F)F)CC3)c3ncnc(N)c23)c1,5.49
CCC(=O)N(CC1(N2CC3CN(Cc4ccccc4)CC3C2)CCOCC1)c1cccc(C(F)(F)F)n1,5.47
CCC(=O)N(CC1(N2CCN(CCOc3ccccc3)CC2)CCOCC1)c1cccc(C(F)(F)F)n1,5.64
CCC(=O)N(CC1(N2CCN(Cc3ccccc3)CC2)CC1)c1ccccc1F,5.58
CCCCN1CCN(C2(CN(C(=O)CC)c3cccc(C(F)(F)F)n3)CCOCC2)CC1,5.66
CCCOCCN1CCN(C2(CN(C(=O)CC)c3cccc(C(F)(F)F)n3)CCOCC2)CC1,5.47
CCC(=O)N(CC1(N2CCN(Cc3ccccc3)CC2)CC1)c1cccc(C(F)(F)F)n1,5.46
CCC(=O)N(CC1(N2CCN(Cc3ccccc3)CC2)CCOCC1)c1cccc(C(F)(F)F)n1,5.17
CCC(=O)N(CC1(N2CCN(Cc3ccccc3)CC2)COC1)c1ccccc1,5.54
CCC(=O)N(CC1(C2CCN(Cc3ccccc3)CC2)CCOCC1)c1cccc(C(F)(F)F)n1,5.32
CCC(=O)N(CC1(N2CCN(CCOCC(C)C)CC2)CCOCC1)c1cccc(C(F)(F)F)n1,5.02
CCC(=O)N(CC1(N2CCN(Cc3ccccc3)CC2)CCSCC1)c1cccc(C(F)(F)F)n1,5.44
CCC(=O)N(CC1(N2CCN(CCOCC(F)(F)F)CC2)CCOCC1)c1cccc(C(F)(F)F)n1,5.06
CCC(=O)N(CC1(N2CCN(Cc3ccccc3)CC2)CC1)c1cccc(F)c1,5.92
O=C1c2nc3cccc(Br)c3n2CCN1Cc1ccccc1F,4.8
O=C1c2nc3cccc(-c4ccccc4)c3n2CCN1CC1CC1,4.85
O=C1c2nc3cccc(-c4cccc(F)c4)c3n2CCN1CC1CC1,5.04
O=C1c2nc3cccc(Br)c3n2CCN1Cc1ccc(Cl)cc1F,5.25
O=C1c2nc3cccc(-c4ccc(Cl)cc4)c3n2CCN1CC1CC1,5.02
O=C1c2nc3cccc(C(F)(F)F)c3n2CCN1CC1CC1,4.52
O=C1c2nc3cccc(Br)c3n2CCN1Cc1ccc(Cl)cc1,5.33
O=C1c2nc3cccc(Br)c3n2CCN1CC1CCC1,4.52
O=C1c2nc3cccc(Br)c3n2CCN1Cc1ccccc1,4.82
O=C1c2nc3cccc(Br)c3n2CCN1Cc1ccc(F)cc1,5.07
O=C1c2nc3cccc(C(F)(F)F)c3n2CCN1CC1CC2CCC1C2,5.52
O=C1c2nc3cccc(-c4ccc(F)cc4)c3n2CCN1CC1CC1,5.02
O=C1c2nc3cccc(C(F)(F)F)c3n2CCN1Cc1ccc(Cl)cc1,5.52
O=C1c2nc3cccc(C(F)(F)F)c3n2CCN1CC1CCC1,4.6
NC1=NC2(c3cc(NC(=O)c4ncc(F)cc4F)ccc3F)CN(c3ncc(F)cn3)CC2CS1,5.96
NC1=NC2(c3cc(NC(=O)c4ccc(F)cn4)ccc3F)CN(c3ncc(F)cn3)CC2CS1,6.75
COc1cnc(C(=O)Nc2ccc(F)c(C34CN(c5ncc(F)cn5)CC3CSC(N)=N4)c2)cn1,5.58
COC1(C)CC(OC2C(C)C(=O)NC(C(C)C)C(=O)NC(Cc3ccc(NC(=O)C(Cc4ccccc4Cl)NC(=O)Nc4ccccc4)cc3)CC(=O)N(C)CC(C)CC(C)(O)C(OC3OC(C)CC(N(C)C)C3O)C2C)OC(C)C1O,5.0
O=C1NC2(CC2)COc2ncc(F)cc2C2CNCCN2c2ccn3ncc1c3n2,5.17
O=C1NC2(CC2)COc2ncc(F)cc2C2COCCN2c2ccn3ncc1c3n2,4.89
C=CC(=O)N1C(=O)CC(c2ccc(F)cc2)Sc2ccccc21,4.43
O=c1ccc2c([nH]1)CCC(NCCCNc1c3c(nc4cc(Cl)ccc14)CCCC3)C2,5.05
O=c1ccc2c([nH]1)CCC(NCCCCNc1c3c(nc4cc(Cl)ccc14)CCCC3)C2,5.09
Nc1c2c(nc3ccccc13)CCCC2,4.84
O=c1ccc2c([nH]1)CCC(NCCCCCCCNc1c3c(nc4cc(Cl)ccc14)CCCC3)C2,5.2
O=c1ccc2c([nH]1)CCC(NCCNc1c3c(nc4cc(Cl)ccc14)CCCC3)C2,5.62
O=c1ccc2c([nH]1)CCC(NCCCCCCCCCNc1c3c(nc4cc(Cl)ccc14)CCCC3)C2,5.56
O=c1ccc2c([nH]1)CCC(NCCCCCCCCCCNc1c3c(nc4cc(Cl)ccc14)CCCC3)C2,5.56
O=c1ccc2c([nH]1)CCC(NCCCCCCNc1c3c(nc4cc(Cl)ccc14)CCCC3)C2,4.93
O=C(c1c(-c2ccc(O)cc2)oc2ccc(O)c(CN3CCC4(COC4)C3)c12)N1CC(F)C1,5.0
CNC(=O)c1c(-c2ccc3[nH]ccc3c2)oc2ccc(O)c(CN3CCC4(COC4)C3)c12,5.04
CNC(=O)c1c(-c2ccc(O)cc2)oc2ccc(O)c(CN3CC4(CCO4)C3)c12,4.67
CNC(=O)c1c(-c2ccc(O)cc2)oc2ccc(O)c(CN3CC4(CCOC4)C3)c12,4.63
CC(=O)c1c(-c2ccc(O)cc2)oc2ccc(O)c(CN3CCC4(COC4)C3)c12,5.58
CC(=O)c1c(-c2ccc(O)cn2)oc2ccc(O)c(CN3CCCC3)c12,4.69
CNC(=O)c1c(-c2ccc(O)c(C)c2)oc2ccc(O)c(CN3CCC4(COC4)C3)c12,4.78
CNC(=O)c1c(-c2ccccc2)oc2ccc(O)c(CN3CCC4(COC4)C3)c12,5.41
O=C(c1c(-c2ccc(O)cn2)oc2ccc(O)c(CN3CCCCC3)c12)N1CC(F)C1,5.13
CNC(=O)c1c(-c2ccc(OC)cc2)oc2ccc(O)c(CN3CCC4(COC4)C3)c12,5.75
O=C(c1c(-c2ccc(O)cn2)oc2ccc(O)c(CN3CCCCC3)c12)N1CCC1,4.88
O=C(c1c(-c2ccc(O)cc2)oc2ccc(O)c(CN3CCC4(COC4)C3)c12)N1CCC1,5.16
CNC(=O)c1c(-c2ccc(O)c(F)c2)oc2ccc(O)c(CN3CCC4(COC4)C3)c12,5.57
CC(=O)c1c(-c2cc(C)c(O)cn2)oc2ccc(O)c(CN3CCC3)c12,4.91
CNC(=O)c1c(-c2ccc(O)cc2)oc2ccc(O)c(CN3CCCCC3)c12,5.16
CN(C)C(=O)c1c(-c2ccc(O)cc2)oc2ccc(O)c(CN3CCC4(COC4)C3)c12,4.97
Oc1ccc(-c2cc3c(CN4CCC5(COC5)C4)c(O)ccc3o2)cc1,5.37
CNC(=O)c1c(-c2ccc(O)cc2C)oc2ccc(O)c(CN3CCC4(COC4)C3)c12,4.52
CNC(=O)c1c(-c2ccc(O)cc2)oc2ccc(O)c(CN3CCCC3)c12,4.82
CNCCNC(=O)c1cc2c([nH]c3c(C)cccc32)c(-c2ccc(Cl)c(Cl)c2)n1,6.29
O=C(NC1CNC1)c1cccn2c(=O)c3ccc4ccccc4c3nc12,5.4
CN(C)CCNC(=O)c1cccn2c(=O)c3ccc4ccccc4c3nc12,5.34
O=C(NCCCN1CCCC1)c1cccn2c(=O)c3ccc4ccccc4c3nc12,5.35
O=C(NCCN1CCCC1)c1cccn2c(=O)c3ccc4ccccc4c3nc12,5.44
CN1CCC(NC(=O)c2cccn3c(=O)c4ccc5ccccc5c4nc23)CC1,5.13
O=C(NCCN1CCCCC1)c1cccn2c(=O)c3ccc4ccccc4c3nc12,5.43
CCN(CC)CCNC(=O)c1cccn2c(=O)c3ccc4ccccc4c3nc12,5.42
CC(=O)N1C=Cc2nc(N3CCC(Oc4ccc(F)cc4F)CC3)c(NC(C)C)nc2C1,5.21
CC1=C(N2CCC3(CCN(CC(O)c4ccc5c(c4C)COC5=O)CC3)C2=O)CCC1=O,4.66
Cc1c(C(O)CN2CCC3(CC2)CCN(C2=CC(=O)OC2)C3=O)ccc2c1COC2=O,4.51
CCC1=C(N2CCC3(CCN(CC(O)c4ccc5c(c4C)COC5=O)CC3)C2=O)COC1=O,4.64
CC1=C(N2CCC3(CCN(CC(O)c4ccc5c(c4C)COC5=O)CC3)C2=O)C(C)OC1=O,4.7
Cc1c(C(O)CN2CCC3(CC2)CC(=O)N(C2=CC(=O)OC2)C3)ccc2c1COC2=O,4.05
Cc1c(C(O)CN2CCC3(CC2)CCN(C2=CC(=O)OC2)C3)ccc2c1COC2=O,4.05
CC1=C(N2CCC3(CCN(CC(O)c4ccc5c(c4C)COC5=O)CC3)C2=O)COC1=O,4.47
Cc1c(C(O)CN2CCC3(CC2)CCN(C2=CC(=O)CC2)C3=O)ccc2c1COC2=O,4.08
Cc1c(C(O)CN2CCC3(CC2)CCN(C2=C(Cl)C(=O)OC2)C3=O)ccc2c1COC2=O,4.48
CC1=C(N2C(=O)C3(CCN(CC(O)c4ccc5c(c4C)COC5=O)CC3)CC2C)COC1=O,4.75
Cc1c(C(O)CN2CCC3(CC2)CCN(C2=CC(=O)OC2C)C3=O)ccc2c1COC2=O,4.72
Cc1ccc(F)c2cc(C(=O)NC3CCCC(N4CCC(N(C)S(C)(=O)=O)C4)C3)[nH]c12,5.35
Cc1ccc(NC(=O)c2cc(C(F)(F)F)cnn2)cc1-c1ccc2c(c1)OC1(CCOCC1)CC(=O)N2,4.71
Cc1ccc(NC(=O)c2ccnc(C(F)(F)F)c2)cc1-c1ccc2c(c1)OC1(CCOCC1)CC(=O)N2,5.52
CC(C)CC1NC(=O)CNC(=O)C(CCC(=O)O)NC(=O)C2CSSCC(NC(=O)C(N)Cc3ccc(O)cc3)C(=O)NC(CCC(N)=O)C(=O)NC(CCCCN)C(=O)NC(Cc3ccccc3)C(=O)NC(CC(C)C)C(=O)NC(C)C(=O)N3CCCC3C(=O)NC3CSSCC(NC(=O)C(C(C)C)NC1=O)C(=O)NC(CCCNC(=N)N)C(=O)NC(CC(C)C)C(=O)NC(Cc1c[nH]c4ccccc14)C(=O)NC(C(=O)NC(CCCCN)C(=O)NC(CCCCN)C(=O)NC(CCCCN)C(=O)NC(CC(C)C)C(=O)NC(Cc1c[nH]c4ccccc14)C(N)=O)CSSCC(NC(=O)C(CCCCN)NC(=O)C(CCCNC(=N)N)NC(=O)C(CCC(=O)O)NC(=O)C(CO)NC(=O)C(CC(=O)O)NC3=O)C(=O)N2,6.11
CSCCC1NC(=O)CNC(=O)C(CCC(=O)O)NC(=O)C2CSSCC(NC(=O)C(N)Cc3ccc(O)cc3)C(=O)NC(CCC(N)=O)C(=O)NC(CCCCN)C(=O)NC(Cc3c[nH]c4ccccc34)C(=O)NC(CCSC)C(=O)NC(Cc3c[nH]c4ccccc34)C(=O)NC(C(C)O)C(=O)NC3CSSCC(NC(=O)C(C(C)C)NC1=O)C(=O)NC(CCCNC(=N)N)C(=O)NC(CC(C)C)C(=O)NC(Cc1c[nH]c4ccccc14)C(=O)NC(C(=O)NC(CCCCN)C(=O)NC(CCCCN)C(=O)NC(CCCCN)C(=O)NC(CC(C)C)C(=O)NC(Cc1c[nH]c4ccccc14)C(N)=O)CSSCC(NC(=O)C(CCCCN)NC(=O)C(CCCNC(=N)N)NC(=O)C(CCC(=O)O)NC(=O)C(CO)NC(=O)C(CC(=O)O)NC3=O)C(=O)N2,7.66
CC1(c2cc(NC(=O)c3ccc(C#N)cn3)ccc2F)Cn2cc(C#N)nc2C(N)=N1,5.18
CC1(c2cc(NC(=O)c3ccc(OC(F)F)cn3)ccc2F)Cn2nc(C#N)cc2C(N)=N1,5.18
CC1(c2cc(NC(=O)c3ccc(C#N)cn3)ccc2F)Cn2ccnc2C(N)=N1,5.38
CC1(c2cccc(NC(=O)c3ccc(C#N)cn3)c2)Cn2nccc2C(N)=N1,5.75
CC1(c2cc(NC(=O)c3ccc(F)cn3)ccc2F)Cn2nc(C#N)cc2C(N)=N1,5.48
CC1(c2cc(NC(=O)c3ccc(C#N)cn3)ccc2F)Cn2nc(C#N)cc2C(N)=N1,5.34
COc1cnc2ccc(=O)n(CCN3CCC(NCc4ccc(Cl)c(Cl)c4)CC3)c2c1,5.88
Fc1ccc(C2(CCNCc3cccc(Cl)c3)CCOC3(CCOC3)C2)nc1,4.64
FC1CNCCC1c1cc2nc(Nc3cnn(C4CC4(F)F)c3Cl)ncc2cc1Cl,6.24
Cc1c(Nc2ncc3cc(Cl)c(C4CCN(C5COCC5O)CC4)cc3n2)cnn1C1CC1(F)F,5.21
Clc1cc2cnc(Nc3cnn(C4CC4)c3Cl)nc2cc1C1CCN(C2COC2)CC1,5.34
CC(C)(O)Cn1ncc(Nc2ncc3cc(Cl)c(C4CCN(C5COC5)CC4)cc3n2)c1Cl,4.64
FC1CN(C2COCC2F)CCC1c1cc2nc(Nc3cnn(C4CC4(F)F)c3Cl)ncc2cc1Cl,5.07
Cc1c(Nc2ncc3cc(Cl)c(C4CCN(C5COC5)CC4)cc3n2)cnn1C1CC1,4.82
Clc1cc2cnc(Nc3cnn(C4CC4)c3Cl)nc2cc1N1CCN(C2COC2)CC1,4.62
FC1CN(C2COC2)CCC1c1cc2nc(Nc3cnn(C4CC4)c3Cl)ncc2cc1Cl,4.85
OC1COCC1N1CCC(c2cc3nc(Nc4cnn(C5CC5(F)F)c4Cl)ncc3cc2Cl)C(F)C1,5.01
Cc1cccc(-c2ccc(C=CC3C(C)C(F)(F)CC4(O)C(=O)OC(C)C34)nc2)c1C#N,5.05
CNC(=O)N1CC2C(C)C(C)C(C=Cc3ccc(-c4ccccc4C#N)cn3)C3C(C)OC(=O)C23C1,4.3
CCNC(=O)N1CC2C(C)C(C)C(C=Cc3ccc(-c4ccccc4C#N)cn3)C3C(C)OC(=O)C23C1,5.04
CC1OC(=O)C2(O)CC(F)(F)C(C)C(C=Cc3ccc(-c4cccc(F)c4)cn3)C12,4.54
CC1OC(=O)C23CN(C)CC2C(C)C(C)C(C=Cc2ccc(-c4ccccc4C#N)cn2)C13,4.83
CC1OC(=O)C23CNCC2C(C)C(C)C(C=Cc2ccc(-c4ccccc4C#N)cn2)C13,5.89
CC1NC(=O)C2(N)CC(F)(F)C(C)C(C=Cc3ccc(-c4ccccc4C#N)cn3)C12,4.48
CC(C(=O)O)n1nc(Cn2cc3cc(OCC4CC4)c(Cl)cc3n2)c2ccccc2c1=O,4.45
N#Cc1ccc2[nH]cc(CCCCN3CCN(c4ccc5oc(C(N)=O)cc5c4)CC3)c2c1,5.26
CN(CCCCN(CC1Cc2ncccc2CN1)C1CCCc2cccnc21)C1CCC(F)(F)CC1,4.77
c1cnc2c(c1)CNC(CN(CCCC1CCNCC1)C1CCCc3cccnc31)C2,5.03
c1cnc2c(c1)CNC(CN(CCCCN1CCOCC1)C1CCCc3cccnc31)C2,4.96
c1cnc2c(c1)CNC(CN(CCCCNC1COC1)C1CCCc3cccnc31)C2,4.96
NCCCCN(CC1Cc2cccnc2CN1)C1CCCc2cccnc21,5.27
NCCCCN(Cc1nc2ccccc2[nH]1)C1CCCc2cccnc21,5.28
CCOP(=O)(Cc1csc(NC(=O)c2cc(Oc3ccc(S(C)(=O)=O)cc3)cc(OC(C)COC)c2)n1)OCC,4.3
CCOP(=O)(Cn1ccc(NC(=O)c2cc(Oc3ccc(S(=O)(=O)C(C)C)cc3)cc(OC(C)C)c2)n1)OCC,4.52
CCOP(=O)(Cn1ccc(NC(=O)c2cc(Oc3ccc(S(C)(=O)=O)cc3)cc(OC(CF)CF)c2)n1)OCC,4.36
CCOP(=O)(Cn1ccc(NC(=O)c2cc(Oc3ccc(S(=O)(=O)N4CCC4)cc3)cc(OC(C)C)c2)n1)OCC,4.48
Cc1nc(C)c(C(OC(C)(C)C)C(=O)O)c(N2CCC(C)(C)CC2)c1-c1ccc(OCCc2ccc(F)cc2)cc1,6.17
CC(C)CC(C)(N)COc1ccc(-c2ccnc(C(F)F)c2)nc1C(F)F,5.85
c1ccc2oc(-c3csc(C4CCN(Cc5nc6ncccc6[nH]5)CC4)n3)cc2c1,5.52
c1ccc2oc(-c3csc(C4CCN(Cc5nc6cnccc6[nH]5)CC4)n3)cc2c1,5.75
Cc1nccc(-c2cc3[nH]nc(NC4CCNCC4F)c3cc2C2CC2)c1F,4.72
Cc1nccc(-c2cc3[nH]nc(NC4CCN(C)CC4)c3cc2C2CC2)c1F,4.96
Cc1cnc(Nc2ccnn2C)nc1-c1cc2n(c1)C(=O)N(C(CO)c1cccc(Cl)c1)C2,7.85
CC(C)c1ccc(CC(=O)NC(C)c2ccc(OCC(F)(F)F)cn2)cc1,5.06
Cc1nnn(C)c1-c1cnc2c3ccc(C(C)(C)O)cc3n(C(c3ccccc3)C3CCOCC3)c2c1,4.55
CC1(c2nc(NC(=O)c3ncc(C(F)(F)F)cc3Cl)ccc2F)COC(C)(C(F)(F)F)C(N)=N1,5.5
CNc1cc(F)cc2c1[nH]c1nc(Oc3cnc(C)nc3)nc(N3CCC(=C(F)CN)CC3)c12,4.74
CNc1cc(F)cc2c1[nH]c1nc(Oc3cnc(C)nc3)nc(N3CC4CCNC4C3)c12,4.91
CCCC(CN)=C1CN(c2nc(Oc3cnc(C)nc3)nc3[nH]c4c(NC)cc(F)cc4c23)C1,4.29
NC1CCCC12CCN(c1cnc3c(-c4cccc(Cl)c4Cl)n[nH]c3n1)CC2,7.22
NC1COCC12CCN(c1cnc3c(-c4cccc(Cl)c4Cl)n[nH]c3n1)CC2,7.0
CC1OCC2(CCN(c3nc4[nH]nc(-c5cccc(Cl)c5Cl)c4nc3CO)CC2)C1N,6.64
CCCNc1nccc(-c2n[nH]c3nc(N4CCC5(CC4)COC(C)C5N)c(CO)nc23)c1Cl,5.8
CCNc1nccc(-c2n[nH]c3nc(N4CCC5(CC4)COC(C)C5N)cnc23)c1Cl,4.89
CNc1nccc(-c2n[nH]c3nc(N4CCC(C)(N)CC4)cnc23)c1Cl,5.46
O=C1NCCCCn2cc(cn2)-c2cnc3ccc(cc3c2)CCn2nc(ccc2=O)-c2ccc1c(C(F)(F)F)c2,4.56
Clc1ccc(Nc2nc3ccccc3c3[nH]c(C4CCC=CCC4)nc23)cc1Cl,5.22
COc1ccc(NC(=O)N2CCCCN3C(CN(C)C)C(c4ccc(C#Cc5ccccc5)cc4)C3C2)cc1,5.68
Cc1nc(Nc2ncc(N3CCN(C)C(C)C3)c(Nc3cc(C)n(C)n3)n2)cc(C2CC2)c1F,4.48
C=CC(=O)N1CC=C(c2c[nH]c3ncnc(-c4ccc(CNC(=O)c5ccccc5)c(F)c4)c23)CC1,5.36
O=c1oc2cc(O)ccc2c2oc3ccc4c(c3c12)CN(C1CCCC1)CO4,6.28
O=c1oc2cc(O)ccc2c2oc3ccc(O)c(CN4CCC(F)CC4)c3c12,5.61
Cn1cc(-c2cccc(C(=O)Nc3cc(N4CCC(C(C)(C)O)C4)ncc3C(F)(F)F)n2)cn1,5.12
CC(c1ccc(N2CC3CC2CN3C)cc1)c1ccc2c(c1)Nc1ccccc1S2,5.7
C=C(c1ccc(N2CCC(N(C)C)C2)cc1)c1ccc2c(c1)Nc1ccccc1S2,5.3
C=C(c1ccc(NC(C)=O)cc1)c1ccc2c(c1)Nc1ccccc1S2,4.66
C=C(c1ccc(N2CC3CC2CN3C)cc1)c1ccc2c(c1)Nc1ccccc1S2,4.92
CC1CC(N2C(=N)NC(C)(c3cccc(Nc4ccc(C5CC5)nc4)c3Cl)CC2=O)CCO1,4.85
COc1cccc(CNCc2c(C(=O)O)n(Cc3ccc(C)cc3)c3cc(C(C)C)ccc23)c1,4.46
Cc1ccc(F)c2[nH]c(-c3cncc(-c4cc(F)cc(C#N)c4)c3N3CCC(N)C3)nc12,6.55
Cc1cccc2[nH]c(-c3cncc(-c4cc(F)cc(C#N)c4)c3N3CCC(N)C3)nc12,5.68
CNCCC(O)(c1cccc2ccccc12)C(c1ccccc1)c1ccc(-c2ccc(Cl)cc2)nc1OC,5.72
CNCCC(O)(c1cccc2ccccc12)C(c1ccccc1)c1cc2cc(Br)ccc2nc1OC,5.76
CC1(COc2ccc(N3CCC(Oc4ccc(OC(F)(F)F)cc4)CC3)cc2)CN=C(N)O1,7.09
CC1(CN2Cc3nc(-c4ccc(F)cc4)sc3C2)Cn2cc([N+](=O)[O-])nc2O1,5.77
Cn1c(Cn2ccc(C(F)(F)F)c(Oc3cc(Cl)cc(C#N)c3)c2=O)n[nH]c1=O,4.06
Cc1cn(C2=CCC3C4CC=C5CC(NC(=O)c6ccncc6)CCC5(C)C4CCC23C)cn1,5.19
CC12CCC(NC(=O)c3ccncc3)CC1=CCC1C2CCC2(C)C(n3ccnc3)=CCC12,5.3
COc1cc(Nc2ncc(CCc3c(F)c(OC)cc(OC)c3F)cn2)ccc1N1CCN(C2CCN(C)CC2)CC1,5.35
COc1cc(Nc2ncc(OCc3c(F)c(OC)cc(OC)c3F)cn2)cnc1N1CCC(N2CCN(C)CC2)CC1,5.09
COc1cc(OC)c(F)c(COc2cnc(Nc3ccc(N4CCC(N5CCN(C)CC5)CC4)c(F)c3)nc2)c1F,5.12
COc1cc(OC)c(F)c(COc2cnc(Nc3cnn(CCN4CCNCC4)c3)nc2)c1F,4.05
COc1cc(Nc2ncc(CCc3c(F)c(OC)cc(OC)c3F)cn2)ccc1N1CCC(N2CCN(C)CC2)CC1,5.0
COc1cc(OC)c(F)c(COc2cnc(Nc3cnn(CCNC4CCN(C)CC4)c3)nc2)c1F,4.08
CC(F)Cn1ccc2nc(Nc3cnn(C4CC5(C4)CN(C)C5)c3)nc(NC3(C)CC3)c2c1=O,5.38
O=C(NO)c1ccc(CN2CCN(Cc3ccccc3)CC2)cc1,4.14
O=C(NO)c1ccc(CN2CCN(C(c3ccccc3)c3ccccc3)CC2)cc1,6.18
CCOc1ncc(-c2nc(C(F)(F)F)sc2N2CCN(C(=O)Cn3cc(Cl)cn3)C(C)C2)cn1,5.55
CC1CN(c2sc(Br)nc2-c2nc3ccccc3[nH]2)CCN1C(=O)Cn1cnc2cccnc21,6.47
CCOc1ncc(-c2nc(C(F)(F)F)sc2N2CCN(C(=O)Cn3ccc4cccnc43)C(C)C2)cn1,5.38
CCOc1ncc(-c2nc(C(F)(F)F)sc2N2CCN(C(=O)Cn3cnc4ccccc43)C(C)C2)cn1,5.33
CCOc1ncc(-c2nc(C(F)(F)F)sc2N2CCN(C(=O)CN3C(=O)Cc4ccccc43)C(C)C2)cn1,5.52
CCOc1ncc(-c2nc(C(F)(F)F)sc2N2CCN(C(=O)Cn3ccc(C(F)(F)F)n3)C(C)C2)cn1,5.29
COc1ccc(-c2nc(C(F)(F)F)sc2N2CCN(C(=O)Cn3cnc4cccnc43)C(C)C2)cc1,5.06
Cc1ncc(-c2nc(C(F)(F)F)sc2N2CCN(C(=O)Cn3cnc4cccnc43)C(C)C2)cn1,4.82
CCOc1ncc(-c2nc(C(F)(F)F)sc2N2CCN(C(=O)Cn3ncc4cccnc43)C(C)C2)cn1,4.82
CCc1nc(-c2nc3ccccc3[nH]2)c(N2CCN(C(=O)Cn3cnc4cccnc43)C(C)C2)s1,6.02
CCC1CN(c2scnc2-c2nc3ccccc3[nH]2)CCN1C(=O)Cn1cnc2cccnc21,6.12
CC1CN(c2sc(CN(C)C)nc2-c2nc3ccccc3[nH]2)CCN1C(=O)Cn1cnc2cccnc21,4.7
CC1CN(c2sc(CO)nc2-c2nc3ccccc3[nH]2)CCN1C(=O)Cn1cnc2cccnc21,4.72
CCOc1ncc(-c2nc(C(F)(F)F)sc2N2CCN(C(=O)Cn3cccn3)C(C)C2)cn1,4.72
CCOc1ncc(-c2nc(C(F)(F)F)sc2N2CCN(C(=O)Cn3nc(C)cc3C)C(C)C2)cn1,4.89
CCOc1ncc(-c2nc(C(F)(F)F)sc2N2CCN(C(=O)Cn3ccc(C)n3)C(C)C2)cn1,4.89
CCOc1ncc(-c2nc(C(F)(F)F)sc2N2CCN(C(=O)Cn3cnc4cccnc43)C(C)C2)cn1,4.89
CC1CN(c2scnc2-c2nc3ccccc3[nH]2)CCN1C(=O)Cn1cnc2cccnc21,6.2
CC(C)c1nc(-c2nc3ccccc3[nH]2)c(N2CCN(C(=O)Cn3cnc4cccnc43)C(C)C2)s1,5.89
CCOc1ncc(-c2nc(C(F)(F)F)sc2N2CCN(C(=O)Cn3nccc3C)C(C)C2)cn1,5.25
Cc1nc(C)n(CC(=O)N2CCN(c3sc(C(F)(F)F)nc3-c3cnc(C4CC4)nc3)CC2C)n1,4.89
COc1ccc(-c2nc(C(F)(F)F)sc2N2CCN(C(=O)Cn3cnc4cccnc43)C(C)C2)cn1,5.05
Cc1nc(C)n(CC(=O)N2CCN(c3sc(C(F)(F)F)nc3-c3ccc(C(F)(F)F)nc3)CC2C)n1,5.28
CCOc1ncc(-c2nc(C(F)(F)F)sc2N2CCN(C(=O)Cn3c(=O)oc4ccccc43)C(C)C2)cn1,5.66
CC1CN(c2sc(C(F)(F)F)nc2-c2nc3ccccc3[nH]2)CCN1C(=O)Cn1cnc2cccnc21,5.76
Cc1nc(-c2nc3ccccc3[nH]2)c(N2CCN(C(=O)Cn3cnc4cccnc43)C(C)C2)s1,5.58
CC1CN(c2sc(C3COC3)nc2-c2nc3ccccc3[nH]2)CCN1C(=O)Cn1cnc2cccnc21,5.36
Cc1nc(C)n(CC(=O)N2CCN(c3sc(C(F)(F)F)nc3-c3nc4ccc(-c5noc(C)n5)cc4[nH]3)CC2C)n1,4.75
CC(N)c1cc(Cl)ccc1Cn1c(=S)[nH]c(=O)c2[nH]cnc21,4.64
CNCc1cc(Cl)ccc1Cn1c(=S)[nH]c(=O)c2[nH]ccc21,5.0
CC(N)c1cc(Cl)ccc1Cn1c(=S)[nH]c(=O)c2[nH]ccc21,4.68
CC1(c2nc(NC(=O)c3ccc(C#N)cn3)ccc2F)CS(=O)(=O)C(C)(C)C(=N)N1,4.8
COc1cnc(C(=O)Nc2ccc(F)c(C3(C)CS(=O)(=O)C(C)(CF)C(=N)N3)c2)cn1,4.83
CC1(c2nc(NC(=O)c3ccc(C#N)cn3)ccc2F)CS(=O)(=O)C(C)(C(F)F)C(=N)N1,5.62
Cc1cc(C#N)cnc1C(=O)Nc1ccc(F)c(C2(C)CS(=O)(=O)C(C)(C(F)F)C(=N)N2)n1,4.41
NC(=S)c1ccc(C(=O)NC2CCN(Cc3ccccc3)CC2)cc1,5.17
CN1CCC(N(Cc2ccc(F)cn2)C(=O)NCc2ccc3c(c2)CC(C)(C)O3)CC1,5.44
CN1CCC(N(Cc2ccc(F)cn2)C(=O)NCc2ccc(OCC(F)(F)F)cc2)CC1,5.96
CC(C)COc1ccc(CNC(=O)N(Cc2ccc(F)cc2)C2CCN(C)CC2)cc1,6.39
O=C1COc2ccc(CNC3COC(CC4Cn5c(=O)ccc6ncc(F)c4c65)OC3)nc2N1,4.01
O=c1ccc2ncc(F)c3c2n1CC3CC1OCC(NCc2ccc3c(c2)OCCO3)CO1,4.0
O=c1ccc2ccc(F)c3c2n1CC3CC1OCC(NCc2cc3c(cn2)OCCC3)CO1,4.28
O=C1CSc2ccc(CNC3COC(CC4Cn5c(=O)ccc6ncc(F)c4c65)OC3)nc2N1,4.26
O=c1ccc2ccc(F)c3c2n1CC3CC1OCC(NCc2ccc3c(c2)OCCO3)CO1,4.46
O=C1COc2ccc(CNC3COC(CC4Cn5c(=O)ccc6ccc(F)c4c65)OC3)nc2N1,4.52
NC1CC1c1cc(F)c(Br)cc1F,5.14
NC1CC1c1ccc(Br)c(F)c1,4.8
NC1CC1c1ccc(Br)cc1,4.89
NC1CC1c1ccc(Br)c(F)c1F,4.82
CCCCNC(=O)c1c(O)c2sccc2n(Cc2ccccc2)c1=O,4.63
COC(=O)NC(C(=O)NC(Cc1ccccc1)C(CN(Cc1ccc(-c2ccccn2)cc1)NC(=O)C(NC(=O)OC)C(C)(C)C)OC(=O)OC(OC(=O)C(N)C(C)C)C(C)C)C(C)(C)C,5.06
Cc1cccnc1Nc1nc(-c2ccc(OC3CC4(C3)CN(C3CC3)C4)cn2)ns1,6.69
Cc1cccnc1Nc1nc(-c2ccc(OC3CCN(C4CC4)CC3)cn2)ns1,5.46
COCCN1CCC(n2c(=O)n(C)c3cnc(Nc4cc5cccnc5cc4C)nc32)C1,4.7
Cc1cc2nccnc2cc1Nc1ncc2c(n1)n(C1CCN(C)CC1)c(=O)n2C,5.64
Cc1cc2ncccc2cc1Nc1ncc2c(n1)n(C1CCN(C)C1)c(=O)n2C,5.02
Cc1cc2ncccc2cc1Nc1ncc2c(n1)n(C1CN(C)CC1F)c(=O)n2C,4.62
Cc1cc2ncccc2cc1Nc1ncc2c(n1)n(C1CNCC1F)c(=O)n2C,4.12
Cc1cc2ncccc2cc1Nc1ncc2c(n1)n(C1CCN(CCO)C1)c(=O)n2C,4.52
FC(F)(F)c1nccc(NC2CCC(Nc3ccc4nnc(Cl)n4n3)CC2)n1,4.62
COc1cnc2ccc(=O)n(CCNC3CCC4C(C3)OC(=O)N4c3ccc4c(n3)NC(=O)CO4)c2n1,5.05
COc1ccc2ncc(=O)n(CCNC3CCC4C(C3)OC(=O)N4c3ccc4c(n3)NC(=O)CO4)c2n1,5.16
COc1ccc2ccc(=O)n(CCNC3CCC4C(C3)OC(=O)N4c3ccc4c(n3)NC(=O)CO4)c2n1,5.52
COc1ccc2ccc(=O)n(CCNC3CCC4C(C3)OC(=O)N4c3ccc4c(n3)NC(=O)CS4)c2n1,5.4
N#Cc1ccc2ccc(=O)n(CCCNC3CCC4C(C3)OC(=O)N4c3ccc4c(n3)NC(=O)CO4)c2c1,5.16
N#Cc1cnc2ccc(=O)n(CCNC3CCC4C(C3)OC(=O)N4c3ccc4c(n3)NC(=O)CS4)c2c1,4.7
O=C1COc2ccc(N3C(=O)OC4CC(NCCCn5c(=O)cnc6ccc(F)cc65)CCC43)nc2N1,4.89
Cc1ccc(NC(=O)c2ccnc(C(F)(F)F)c2)cc1-c1ccc2c(c1)OC1(CCOCC1)NC2=O,5.23
Cc1ccc(NC(=O)c2ccnc(C(F)(F)F)c2)cc1-c1ccc2c(c1)OC1(CCOCC1)CC2=O,5.47
O=C1CN(C(=O)COc2ccc3cc(Oc4ccccn4)ccc3n2)CCN1,4.52
N#Cc1ccc(Oc2ccc3nc(OCC(=O)N4CCNC(=O)C4)ccc3c2)cc1,5.58
O=C(NC1CC(F)(F)C1)c1ccc2cc(Oc3ccc(C(F)(F)F)cn3)ccc2n1,4.52
O=C(NC1CCOC1=O)c1ccc2cc(Oc3ccc(C(F)(F)F)cn3)ccc2n1,4.52
CS(=O)(=O)CCNC(=O)c1ccc2cc(Oc3ccc(C(F)(F)F)cn3)ccc2n1,4.52
O=C(NC1CC(O)C1)c1ccc2cc(Oc3ccc(C(F)(F)F)cn3)ccc2n1,4.7
CS(=O)(=O)C1CN(C(=O)c2ccc3cc(Oc4ccc(C(F)(F)F)cn4)ccc3n2)C1,4.63
CN1CCN(C(=O)COc2ccc3cc(Oc4ccccn4)ccc3n2)CC1,4.52
O=C(c1ccc2cc(Oc3ccc(C(F)(F)F)cn3)ccc2n1)N1CCNC(C(F)(F)F)C1,4.52
N#Cc1ccc(Oc2ccc3nc(OCC(=O)N4CCNCC4)ccc3c2)cc1,5.75
O=C(NC1CCC1)c1ccc2cc(Oc3ccc(C(F)(F)F)cn3)ccc2n1,4.52
N#Cc1ccc(Oc2ccc3nc(C(=O)N4CCNCC4)ccc3c2)cc1,5.28
O=C(NC1CCOC1)c1ccc2cc(Oc3ccc(C(F)(F)F)cn3)ccc2n1,5.06
CN1CCN(C(=O)COc2ccc3cc(Oc4ccc(C(F)(F)F)cn4)ccc3n2)CC1,4.71
O=C(c1ccc2cc(Oc3ccc(OC(F)(F)F)cn3)ccc2n1)N1CCNCC1,4.89
O=C(c1ccc2cc(Oc3cnc(C(F)(F)F)cn3)ccc2n1)N1CCNCC1,4.73
O=C(COc1ccc2cc(Oc3ccc(C(F)(F)F)cn3)ccc2n1)N1CCCCC1,4.66
O=C(c1ccc2cc(Oc3ccc(S(=O)(=O)C(F)(F)F)cc3)ccc2n1)N1CCNCC1,5.37
O=C(c1ccc2cc(Oc3cccc(C(F)(F)F)n3)ccc2n1)N1CCNCC1,4.89
O=C(c1ccc2cc(Oc3ccc(C(F)(F)F)cn3)ccc2n1)N1CCN(CC(F)(F)F)CC1,4.72
O=C(c1ccc2cc(Oc3ccc(C(F)(F)F)cc3)ccc2n1)N1CCNCC1,5.23
O=C(c1ccc2cc(Oc3ccc(F)cn3)ccc2n1)N1CCNCC1,4.77
O=C(c1ccc2cc(Oc3ccc(C(F)F)cn3)ccc2n1)N1CCNCC1,4.53
CN1CCN(C(=O)COc2ccc3cc(Oc4ccc(C#N)cc4)ccc3n2)CC1,5.31
O=C1CN(C(=O)COc2ccc3cc(Oc4ccc(C(F)(F)F)cn4)ccc3n2)CCN1,4.52
N#Cc1ccc(COc2ccc3nc(C(=O)N4CCNCC4)ccc3c2)cc1,5.25
NC(=O)CNC(=O)COc1ccc2cc(Oc3ccccn3)ccc2n1,4.52
CN1CCN(C(=O)c2ccc3cc(Oc4ccccn4)ccc3n2)CC1,4.78
N#Cc1ccc(Oc2ccc3nc(OCC(=O)N4CCOCC4)ccc3c2)cc1,5.17
N#Cc1ccc(-c2ccc3c(ccc(=O)n3CC(=O)N3CCCCC3)c2)cc1,4.77
CC(=O)c1ccc(Oc2ccc3nc(C(=O)N4CCNCC4)ccc3c2)cc1,4.63
O=C(COc1ccc2cc(Oc3ccccn3)ccc2n1)N1CCNCC1,4.52
O=C(c1ccc2cc(Oc3ccc(C(F)(F)F)cn3)ccc2n1)N1CCCC1,4.52
O=C(c1ccc2cc(Oc3ccc(C(F)(F)F)cn3)ccc2n1)N1CC(F)(F)C1,4.52
O=C(c1ccc2cc(Oc3cc(C(F)(F)F)ccn3)ccc2n1)N1CCNCC1,5.14
O=C(COc1ccc2cc(Oc3ccccn3)ccc2n1)N1CCCCC1,4.52
O=C(c1ccc2cc(Oc3ccc(C(F)(F)F)cn3)ccc2n1)N1CCC(F)C1,4.64
O=C(c1ccc2cc(Oc3ccc(C(F)(F)F)cn3)ccc2n1)N1CCC1,4.58
O=C(c1ccc2cc(Oc3ccc(C(F)(F)F)cn3)ccc2n1)N1CCNCC1,4.89
O=C(NC1CC(F)C1)c1ccc2cc(Oc3ccc(C(F)(F)F)cn3)ccc2n1,4.52
CC(C)(O)c1ccc(-c2cccc(N(CC34CCC(c5noc(C(C)(C)F)n5)(CC3)CC4)C(=O)C3CC(O)(C(F)(F)F)C3)c2)cc1,5.35
O=c1[nH]c(CCCN2CC=C(c3ccc(F)cc3)CC2)nc2c(Cl)cccc12,5.58
CCc1cc2ccc(CN3CCN(c4ccc(C(=O)NC)nc4)CC3)cc2[nH]c1=O,4.68
Cc1cnc(N2CCN(CCCc3nc4c(Cl)cccc4c(=O)[nH]3)CC2)n1C,5.82
Cc1cnc(N2CCN(Cc3ccc4c(c3)[nH]c(=O)c3cccnc34)CC2)n1C,4.96
CCc1cc2ccc(CN3CCN(c4ccc(C(=O)NC)cc4)CC3)cc2[nH]c1=O,5.08
O=c1[nH]c(CCCN2CCN(c3ccc(F)cc3F)CC2)nc2c(Cl)cccc12,5.85
CCc1cc2ccc(CN3CCN(c4ccc(F)cc4F)CC3)cc2[nH]c1=O,5.64
Cc1cnc(N2CCN(Cc3ccc4c5c(c(=O)[nH]c4c3)CCCN5)CC2)n1C,4.52
Cc1cnc(N2CCN(Cc3ccc4c(c3)[nH]c(=O)c3ccccc34)CC2)n1C,5.41
CC(c1cn(-c2ccc(Cl)cc2F)nn1)C(O)(Cn1cncn1)c1ccc(F)cc1F,4.95
COCC(Cc1ccccc1)NCC(O)c1cc(C(F)(F)F)nc2c(C(F)(F)F)cccc12,4.76
CCCCCCCNCC(O)c1cc(C(F)(F)F)nc2c(C(F)(F)F)cccc12,5.16
CCCCCNCC(O)c1cc(C(F)(F)F)nc2c(C(F)(F)F)cccc12,5.25
CNC(=O)C12CC1C(n1cnc3c(NCCc4ccc(OC)c(O)c4)nc(OCC(C)C)nc31)C(O)C2O,4.78
COc1cc(CCNc2nc(C#Cc3ccccc3)nc3c2ncn3C2C(O)C(O)C3CC32)ccc1O,5.27
CN(C)C(=O)C1(C)CCC(CF)(c2cc(-c3ccc(F)cn3)ccc2F)N=C1N,5.08
CC1CCC(CF)(c2cc(-c3cc4c(cn3)OC(F)(F)O4)ccc2F)N=C1N,5.28
CN(C)S(=O)(=O)C1(C)CCC(CF)(c2cc(-c3ccc(F)cn3)ccc2F)N=C1N,5.16
COC(=O)NC(=O)c1ccsc1NC(=O)c1ccc(S(=O)(=O)N2CCC(OC)CC2)cc1,5.05
COC(=O)NC(=O)c1ccsc1NC(=O)c1ccc(S(=O)(=O)N2CCCCC2)cc1,5.48
Cc1ccnc(NC(=O)c2ccsc2NC(=O)c2ccc(S(=O)(=O)N3CCCCC3)cc2)n1,5.77
O=S(=O)(c1ccccc1)N1CCc2cc(C3CC3NCC3CCNCC3)ccc21,5.08
COc1cc(F)ccc1-c1cnc2sc(N3CCC(C)(N)CC3)nn12,5.62
CCOc1nc(C(C)C)ccc1-c1cnc2sc(N3CCC(O)(CN)CC3)nn12,4.91
COc1cc(F)ccc1-c1cnc2sc(N3CCC(O)(CN)CC3)nn12,4.73
COc1cc(F)ccc1-c1cnc2sc(N3CCC(N)C(O)C3)nn12,4.67
COc1nc(C)ccc1-c1cnc2sc(N3CCC(O)(CN)CC3)nn12,4.56
COc1cc(F)ccc1-c1cnc2sc(N3CCC(O)C(N)C3)nn12,5.04
COc1cc(F)ccc1-c1cnc2sc(N3CCC(O)(CN)C3)nn12,4.75
COc1cc(F)ccc1-c1cnc2sc(N3CCC(N)(CO)C3)nn12,4.55
CC(C)(N)CNc1nn2c(-c3ccc(F)cc3F)cnc2s1,4.66
COc1nc(C(C)C)ccc1-c1cnc2sc(N3CCC(O)(CN)CC3)nn12,4.64
COc1cc(F)ccc1-c1cnc2sc(N3CCC(N)C(F)C3)nn12,5.06
COC(=O)Nc1cc(-c2ccc(OCC(C)(N)CC(C)C)c(C)n2)ccn1,5.23
CC(C)CC(C)(N)COc1cnc(-c2ccnc(C(F)F)c2)cc1C(F)F,5.89
CCOc1ccc(-c2cncnc2-c2cc(OC)c(OC)c(OC)c2)cc1Cl,4.65
COc1cc(Oc2c(-c3ccc(F)cc3C(C)(F)F)sc3c2ccc2[nH]ncc23)ccc1NC1CN(CCCF)C1,4.94
CC(C)(F)c1cc(F)ccc1-c1sc2c(ccc3[nH]ncc32)c1Oc1ccc(NC2CN(CCCF)C2)cc1,5.21
CC(F)(F)c1cc(F)c(F)cc1-c1sc2c(ccc3[nH]ncc32)c1Oc1ccc(NC2CN(CCCF)C2)cc1,5.13
COc1cc(Oc2c(-c3cc(F)c(F)cc3C(C)(F)F)sc3c2ccc2[nH]ncc23)ccc1NC1CN(CCCF)C1,4.81
CC(F)(F)c1cc(F)ccc1-c1sc2c(ccc3[nH]ncc32)c1Oc1ccc(NC2CN(CCCF)C2)c(F)c1,4.56
CCCCc1sc(C2CCN(CCCCc3cn(C)c4ccc(C#N)cc34)CC2)nc1-c1ccc(Oc2ccc(Cl)cc2)cc1,5.14
CN1CCN(c2ncc(NC(=O)c3cc(C(=O)c4c(Cl)ccc(Cl)c4F)c[nH]3)cn2)CC1,5.58
Cc1onc(-c2ccc(F)cc2)c1COc1ccc2c(n1)CCN(Cc1ccno1)C2=O,5.6
CC(=O)N1Cc2ccc(OCc3c(C)nnn3-c3ccc(F)cc3)nc2C1,4.52
Cc1onc(-c2ccc(F)cc2)c1COc1ccc2c(n1)CCN(C(=O)N(C)C)C2,5.08
Cc1nnn(-c2ccc(F)cc2)c1COc1ccc2c(n1)CCN(CCS(C)(=O)=O)C2=O,4.52
Cc1onc(-c2ccc(F)cc2)c1COc1ccc2c(n1)CCN(C(=O)CS(C)(=O)=O)C2,5.21
Cc1onc(-c2ccc(F)cc2)c1COc1ccc2c(n1)CCN(C(=O)c1ccno1)C2,5.19
Cc1onc(-c2ccc(F)cc2)c1COc1ccc2c(n1)CCN(CC1CCCS1(=O)=O)C2=O,5.75
Cc1onc(-c2ccc(F)cc2)c1COc1ccc2c(n1)CCN(C(C)C)C2=O,5.36
Cc1nnn(-c2ccc(F)cc2)c1COc1ccc2c(n1)CCN(C(=O)C1CCOC1)C2,4.52
Cc1nnn(-c2ccc(F)cc2)c1COc1ccc2c(n1)CCN(C(=O)NC1CCOC1)C2,4.68
Cc1onc(-c2ccc(F)cc2)c1COc1ccc2c(n1)CCN(CC1CCCO1)C2=O,5.54
Cc1onc(-c2ccc(F)cc2)c1COc1ccc2c(n1)CCN(C(=O)C1CCOCC1)C2,5.24
Cc1onc(-c2ccc(F)cc2)c1COc1ccc2c(n1)CCN(C(=O)C1CC1)C2,5.24
Cc1onc(-c2ccc(F)cc2)c1COc1ccc2c(n1)CCNC2=O,5.0
Cc1onc(-c2ccc(F)cc2)c1COc1ccc2c(n1)CCN(CCS(C)(=O)=O)C2=O,5.96
Cc1onc(-c2ccc(F)cc2)c1COc1ccc2c(n1)CCN(Cc1ccco1)C2=O,5.46
Cc1onc(-c2ccc(F)cc2)c1COc1ccc2c(n1)CCN(C(=O)CCS(C)(=O)=O)C2,5.38
Cc1onc(-c2ccc(F)cc2)c1COc1ccc2c(n1)CCN(C(=O)N1CCCCC1)C2,5.0
Cc1onc(-c2ccc(F)cc2)c1COc1ccc2c(n1)CCN(C(=O)C1CCS(=O)(=O)CC1)C2,5.54
Cc1onc(-c2ccc(F)cc2)c1COc1ccc2c(n1)CCN(C)C2=O,5.42
Cc1onc(-c2ccc(F)cc2)c1COc1ccc2c(n1)CCN(C(=O)N1CCOCC1)C2,5.04
Cc1onc(-c2ccc(F)cc2)c1COc1ccc2c(n1)CCN(C1CCOC1)C2=O,5.5
Cc1nnn(-c2ccc(F)cc2)c1COc1ccc2c(n1)CCN(C(=O)C1CC(=O)N(C)C1)C2,4.52
Cc1onc(-c2ccc(F)cc2)c1COc1ccc2c(n1)CCN(C(=O)N1CCCC1)C2,5.0
Cc1ccccc1CN1C(=O)C2=C(CCN(Cc3ccccc3)C2)N2CCN=C12,5.43
O=c1nc2n(c3c1CN(Cc1ccccc1)CC3)CCN2Cc1ccc(F)c(Br)c1,5.31
Cn1c(CN2CCC(c3cccc(OCc4ccc(Cl)cc4F)n3)CC2)nc2ccncc21,5.25
N#Cc1ccc(COc2cccc(C3CCN(Cc4nc5ccc(C(=O)O)cc5n4CC4CCO4)CC3)n2)c(F)c1,5.37
Cn1c(CN2CCC(c3nc(OCc4ccc(Cl)cc4F)ncc3F)CC2)nc2ccccc21,5.27
COc1ccc(N=C(N)CC(O)c2cc3c(F)cc(F)cc3c3cc(C(F)(F)F)ccc23)cc1,6.72
CCC(=O)CCCCCC(NC(=O)C1CC12CCN(C)CC2)c1ncc(-c2cc3ccc(C)nc3cc2F)[nH]1,4.62
CCC(=O)CCCCCC(NC(=O)C1CC12CCN(C)CC2)c1ncc(-c2ccc(-c3ccncc3)cc2)[nH]1,5.22
CCC(=O)CCCCCC(NC(=O)C1CC12CCN(C)CC2)c1ncc(-c2ccc3nc(CC)ccc3c2)[nH]1,4.72
CCC(=O)CCCCCC(NC(=O)C1CC12CCN(C)CC2)c1ncc(-c2ccc3nc(C4CC4)ccc3c2)[nH]1,5.32
CCC(=O)CCCCCC(NC(=O)C1CC12CCN(CC)CC2)c1ncc(-c2cc3nccnc3cc2OC)[nH]1,4.6
CCC(=O)CCCCCC(NC(=O)C1CC12CCN(C)CC2)c1ncc(-c2cc3ccc(C4CC4)nc3cc2OC)[nH]1,4.96
CCC(=O)CCCCCC(NC(=O)C1CC12CCN(C)CC2)c1ncc(-c2ccc3nc(N4CCCC4)ccc3c2)[nH]1,4.55
CCC(=O)CCCCCC(NC(=O)C1CC12CCN(CC)CC2)c1ncc(-c2cc3ccc(C)nc3cc2OC)o1,4.29
CCC(=O)CCCCCC(NC(=O)C1CC12CCN(C)CC2)c1ncc(-c2cc3cccnc3cc2OC)[nH]1,4.29
CCC(=O)CCCCCC(NC(=O)C1CC12CCN(C)CC2)c1ncc(-c2ccc(-c3cccnc3)cc2)[nH]1,5.4
CCC(=O)CCCCCC(NC(=O)C1CC12CCN(C)CC2)c1ncc(-c2cc3ccc(C)nc3cc2F)o1,4.52
CCC(=O)CCCCCC(NC(=O)C1CC12CCN(C)CC2)c1ncc(-c2ccc3nc(OC)ccc3c2)[nH]1,5.48
CCC(=O)CCCCCC(NC(=O)C1CC12CCN(C)CC2)c1ncc(-c2cc3ccc(C)nc3cc2OC)[nH]1,4.8
CCC(=O)CCCCCC(NC(=O)C1CC12CCN(C)CC2)c1ncc(-c2ccc3nc(-n4cccn4)ccc3c2)[nH]1,5.92
CCC(=O)CCCCCC(NC(=O)C1CC12CCN(C1CCC1)CC2)c1ncc(-c2cc3ccc(C)nc3cc2OC)[nH]1,5.05
CCC(=O)CCCCCC(NC(=O)C1CC12CCN(CC)CC2)c1ncc(-c2ccc(-c3ccccc3)[nH]c2=O)[nH]1,5.52
CCC(=O)CCCCCC(NC(=O)C1CC12CCN(C)CC2)c1ncc(-c2cc3ccc(C)nc3cc2Cl)[nH]1,5.0
CCC(=O)CCCCCC(NC(=O)C1CC12CCN(C)CC2)c1ncc(-c2cc3ccc(C)nc3cc2OC)o1,4.47
CCC(=O)CCCCCC(NC(=O)C1CC12CCN(C)CC2)c1ncc(-c2ccc3nc(C)ccc3c2)[nH]1,4.37
CCC(=O)CCCCCC(NC(=O)C1CC12CCN(CC)CC2)c1ncc(-c2cc3ccc(C)nc3cc2OC)[nH]1,4.38
CCC(=O)CCCCCC(NC(=O)C1CC12CCN(C)CC2)c1ncc(C2=CC3SC=NC3C=C2)[nH]1,4.4
CCC(=O)CCCCCC(NC(=O)C1CC12CCN(C)CC2)c1ncc(-c2ccc(-c3cnccn3)cc2)[nH]1,4.68
CCC(=O)CCCCCC(NC(=O)C1CC12CCN(CC)CC2)c1ncc(-c2cc3ccncc3nc2OC)o1,4.4
CCC(=O)CCCCCC(NC(=O)C1CC12CCN(CC)CC2)c1ncc(-c2cc3cccnc3nc2OC)o1,4.92
CCC(=O)CCCCCC(NC(=O)C1CC12CCN(C)CC2)c1ncc(-c2cc3ccc(C)nc3cc2CC)[nH]1,4.68
CCC(=O)CCCCCC(NC(=O)C1CC12CCN(CC)CC2)c1ncc(-c2ccc3cnccc3c2)[nH]1,4.92
CCC(=O)CCCCCC(NC(=O)C1CC12CCN(C)CC2)c1ncc(-c2cc3ccccc3n(C)c2=O)[nH]1,4.96
CCC(=O)CCCCCC(NC(=O)C1CC12CCN(C)CC2)c1ncc(-c2cnc3ccccc3c2)[nH]1,4.96
CCC(=O)CCCCCC(NC(=O)C1CC12CCN(C)CC2)c1ncc(-c2ccc3nc(-c4ncco4)ccc3c2)[nH]1,4.82
CCC(=O)CCCCCC(NC(=O)C1CC12CCN(C)CC2)c1ncc(-c2ccc(-c3cccnc3)cc2)o1,5.39
CCC(=O)CCCCCC(NC(=O)C1CC12CCN(C)CC2)c1ncc(-c2cc3ccc(C4CC4)nc3cc2F)o1,5.48
CCC(=O)CCCCCC(NC(=O)C1CC12CCN(C)CC2)c1ncc(C2=CC3OC=NC3C=C2)[nH]1,4.24
CCC(=O)CCCCCC(NC(=O)C1CC12CCN(CC1CC1)CC2)c1ncc(-c2cc3ccc(C)nc3cc2OC)[nH]1,5.08
CCC(=O)CCCCCC(NC(=O)C1CC12CCN(C)CC2)c1ncc(-c2cc3ccccc3[nH]c2=O)[nH]1,4.55
O=C(Nc1ccc(-c2ccc(F)cn2)cc1)c1cc2sc(NCCN3CCOCC3)nc2s1,4.56
COCCCN1CCC(c2nc(-c3nn(C(C)C)c4ccccc34)no2)CC1,5.55
CC(C)n1nc(-c2nnc(C3CCN(C4CCC4)CC3)o2)c2ccccc21,5.62
COCCCN1CCC(O)(NC(=O)c2nn(C(C)C)c3ccccc23)CC1,5.82
CC(C)n1nc(-c2nnc(C3CCN(CC4CCOCC4)CC3)o2)c2ccccc21,5.07
COCC(C)(C)CN1CCC(c2nnc(-c3nn(C(C)C)c4ccccc34)o2)CC1,5.85
CC(C)n1nc(-c2nnc(C3CCN(CC4(O)CCCC4)CC3)o2)c2ccccc21,5.96
CC(C)n1c(=O)c(C(=O)NCCCN2CCCCC2)c(O)c2ccsc21,5.89
COCCCN1CCC(c2noc(-c3nn(C(C)C)c4ccccc34)n2)CC1,6.02
O=C1COc2ccc(CNC34CCC(CCc5c(Cl)cnc6ccc(=O)n(CCO)c56)(CC3)OC4)nc2N1,5.42
N#Cc1cc(F)cc(-c2ccc3ncc(-c4cc(F)cc(F)c4)c(N4CCC(N)CC4)c3c2)c1O,5.0
NC1CCN(c2c(-c3cc(F)cc(F)c3)cnc3ccc(-c4cccc(F)c4O)cc23)CC1,6.0
O=C(N1CCN2CCC1CC2)n1nc(-c2ccc(F)cc2)c2c1COCC2,5.7
O=C(N1CCN2CCC1CC2)n1nc(-n2cc(C(F)(F)F)cn2)c2c1COCC2,5.39
NC1c2ccccc2CC12CCN(c1nc3nc(Sc4cccnc4C(F)(F)F)cnc3[nH]1)CC2,5.75
NC1c2ccccc2CC12CCN(c1nc3nc(Sc4ccncc4Cl)cnc3[nH]1)CC2,5.51
CNc1nccc(Sc2cnc3[nH]c(N4CCC5(CC4)Cc4ccccc4C5N)nc3n2)c1Cl,5.38
N#Cc1ccc(Cn2cncc2CCC2CCN(Cc3cccc(Cl)c3)C2=O)cc1,6.36
N#Cc1ccc2cc1Oc1ccc3c(c1)C(CCC3)N1CCC(C1)NCc1cncn1-2,5.16
Fc1ccc(C2c3ccccc3CCN2C2=NCC(C3CNC3)O2)cc1,5.66
Fc1ccc(C2c3ccccc3CCN2C2=NCC3CNCC3O2)cc1,5.29
Fc1ccc(C2c3ccccc3CCN2C2=NCC3CNCCC3O2)cc1,5.51
O=C(OC1CN2CCC1CC2)N1CCc2ccccc2C1c1ccccc1,6.57
Fc1ccc(C2c3ccccc3CCN2C2=NCC(C3(F)CNC3)O2)cc1,5.44
CN(C)C1CC2(CN=C(N3CCc4ccccc4C3c3ccc(F)cc3)O2)C1,5.16
Fc1ccc(C2c3ccccc3CCN2C2=NCC3(CCNC3)O2)cc1,5.32
O=C(OC1CN2CCC1CC2)N1CCc2ccccc2C1c1ccc(F)cc1,6.47
OCCN1CCC2(CN=C(N3CCc4ccccc4C3c3ccc(F)cc3)O2)C1,5.36
CN(C)C1CCC2(CN=C(N3CCc4ccccc4C3c3ccc(F)cc3)O2)C1,5.44
OCCCN1CCC2(CN=C(N3CCc4ccccc4C3c3ccc(F)cc3)O2)C1,5.32
Fc1ccc(C2c3ccccc3CCN2C2=NC(C3(F)CNC3)CO2)cc1,5.51
Fc1ccc(C2c3ccccc3CCN2C2=NCC(C3CCNC3)O2)cc1,5.64
Fc1ccc(C2c3ccccc3CCN2C2=NC3CNCC3CO2)cc1,5.48
NC1CCC2(CN=C(N3CCc4ccccc4C3c3ccc(F)cc3)O2)C1,5.06
COc1cc2nc(C)nc(NC(C)c3cc(N)cc(C(F)(F)F)c3)c2cc1OC1CCOC1,5.85
Cc1nc(NC(C)c2cccc(C(F)F)c2F)c2cc3c(cc2n1)OCC1CN(C(=O)C2CCOC2)CCN31,5.66
Cc1noc(-c2ccc(CCN3CCC(Nc4nc5ccccc5n4CC4CCCCC4)CC3)cc2)n1,6.05
N#Cc1ccc(Cn2c(NC3CCN(CCc4ccc(-c5nc(C(F)(F)F)no5)cc4)CC3)nc3ccccc32)cc1,6.33
Cc1noc(-c2ccc(CCN3CCC(Nc4nc5ccccc5n4Cc4ccc(C(F)(F)F)nc4)CC3)cc2)n1,6.6
COC(=O)c1ccc2c(c1)nc(NC1CCN(CCc3ccc(-c4nc(C)no4)cc3)CC1)n2C,6.31
Cn1c(NC2CCN(CCc3ccc(-c4nc(C(F)(F)F)no4)cc3)CC2)nc2ccccc21,6.07
Cn1c(NC2CCN(CCc3ccc(-c4nc(C(C)(C)C)no4)cc3)CC2)nc2ccccc21,5.87
Cc1noc(-c2ccc(CCN3CCC(Nc4nc5ccccc5n4Cc4ccc(C#N)cc4)C3)cc2)n1,6.89
Cc1noc(-c2ccc(CCN3CCC(Nc4nc5cc(F)ccc5n4C)CC3)cc2)n1,4.54
FC(F)(F)c1noc(-c2ccc(CCN3CCC(Nc4nc5ccccc5[nH]4)CC3)cc2)n1,6.2
Cc1noc(-c2ccc(CCN3CCC(Nc4nc5ccccc5n4Cc4ccc(C#N)cc4)CC3)cc2)n1,7.0
Cc1noc(-c2ccc(CCN3CCC(Nc4nc5ccccc5n4C)CC3)cc2)n1,6.46
O=C(O)c1cccc(CN2CN(C3CCCCC3)C3(CCN(CCCC(=O)c4ccccc4)CC3)C2O)c1,4.81
N#CC1CC(F)CN1C(=O)C(N)Cc1cc(Cl)c(Cl)cc1Cl,4.01
COc1ccccc1N1CCN(CCCCNC(=O)c2ccc(-c3ccccc3)cc2)CC1,7.38
COc1ccccc1N1CCN(CCCCNC(=O)c2ccc(B3C=CC=CN3)cc2)CC1,6.77
CCC(=O)CCCCCC(NC(=O)C1CN(C)C1)c1ncc(-c2cc3ccccc3nc2OC)[nH]1,5.52
CCC(=O)CCCCCC(NC(=O)C12CCN(CC1)CC2)c1ncc(-c2cc3ccccc3nc2OC)o1,6.72
CCC(=O)CCCCCC(NC(=O)C1(F)CN(C)C1)c1ncc(-c2cc3ccccc3nc2OC)o1,4.87
CCC(=O)CCCCCC(NC(=O)C1CN(C)C1)c1ncc(-c2cc3ccccc3nc2OC)o1,5.44
C=CC(=O)N1CCC(n2nc3c(=O)[nH]nc(N)c3c2-c2oc3ccc(C)cc3c2C)CC1,5.95
Cc1ncn(CC(=O)N2CCN(c3sc(C(F)(F)F)nc3-c3cnc(C(F)(F)F)nc3)CC2CCO)n1,7.58
CCc1nc(C)n(CC(=O)N2CCN(c3sc(C(F)(F)F)nc3-c3cnc(C(F)(F)F)nc3)CC2C)n1,8.06
O=C(Cn1cnc(C2CC2)n1)N1CCN(c2sc(C(F)(F)F)nc2-c2cnc(C(F)(F)F)nc2)CC1CCO,8.14
CCc1ncnn1CC(=O)N1CCN(c2sc(C(F)(F)F)nc2-c2cnc(C(F)(F)F)nc2)CC1C,7.89
CC(C)c1ncn(CC(=O)N2CCN(c3sc(C(F)(F)F)nc3-c3cnc(C(F)(F)F)nc3)CC2C)n1,8.15
O=C(Cn1cnc(C2CC2)n1)N1CCN(c2sc(C(F)(F)F)nc2-c2cnc(C(F)(F)F)nc2)CC1CO,7.51
CCc1ncn(CC(=O)N2CCN(c3sc(C(F)(F)F)nc3-c3cnc(C(F)(F)F)nc3)CC2CCO)n1,8.01
COCc1ncn(CC(=O)N2CCN(c3sc(C(F)(F)F)nc3-c3cnc(C(F)(F)F)nc3)CC2C)n1,7.75
Cc1ncn(CC(=O)N2CCN(c3sc(C(F)(F)F)nc3-c3cnc(C(F)(F)F)nc3)CC2C)n1,7.77
CC(C)c1ncn(CC(=O)N2CCN(c3sc(C(F)(F)F)nc3-c3cnc(C(F)(F)F)nc3)CC2CCO)n1,8.24
Cc1ccn(CC(=O)N2CCN(c3sc(C(F)(F)F)nc3-c3cnc(C(F)(F)F)nc3)CC2C)n1,8.29
CC1CN(c2sc(C(F)(F)F)nc2-c2cnc(C(F)(F)F)nc2)CCN1C(=O)Cn1cnc(C(C)(C)C)n1,8.12
Cc1ccn(CC(=O)N2CCN(c3sc(C(F)(F)F)nc3-c3cnc(C(F)(F)F)nc3)CC2CCO)n1,8.3
CC(C)c1ncn(CC(=O)N2CCN(c3sc(C(F)(F)F)nc3-c3cnc(C(F)(F)F)nc3)CC2CO)n1,7.77
CC1CN(c2sc(C(F)(F)F)nc2-c2cnc(C(F)(F)F)nc2)CCN1C(=O)Cn1cnc(C(F)(F)F)n1,8.41
CCc1ccn(CC(=O)N2CCN(c3sc(C(F)(F)F)nc3-c3cnc(C(F)(F)F)nc3)CC2CCO)n1,8.54
CCc1ncn(CC(=O)N2CCN(c3sc(C(F)(F)F)nc3-c3cnc(C(F)(F)F)nc3)CC2C)n1,7.92
Cc1ncnn1CC(=O)N1CCN(c2sc(C(F)(F)F)nc2-c2cnc(C(F)(F)F)nc2)CC1C,7.8
CCc1ncn(CC(=O)N2CCN(c3sc(C(F)(F)F)nc3-c3cnc(C(F)(F)F)nc3)CC2CO)n1,7.28
CC1CN(c2sc(C(F)(F)F)nc2-c2cnc(C(F)(F)F)nc2)CCN1C(=O)Cn1cnc(C#N)n1,8.59
Cc1ccn(CC(=O)N2CCN(c3sc(C(F)(F)F)nc3-c3cnc(C(F)(F)F)nc3)CC2CO)n1,7.89
CCc1nc(C)nn1CC(=O)N1CCN(c2sc(C(F)(F)F)nc2-c2cnc(C(F)(F)F)nc2)CC1C,7.92
CCc1ccn(CC(=O)N2CCN(c3sc(C(F)(F)F)nc3-c3cnc(C(F)(F)F)nc3)CC2CO)n1,8.07
COc1ccc(NC(=O)COc2cc(C)nc3ccc(OC)cc23)cc1,5.2
COc1ccc2nc(C)cc(OCC(=O)Nc3ccc(Cl)cc3)c2c1,5.3
Cc1cc(C)cc(NC(=O)COc2cc(C)nc3ccc(C)cc23)c1,5.0
COc1ccc2nc(C)cc(OCC(=O)Nc3cc(C)ccc3OC)c2c1,5.3
Nc1c(C(=O)Nc2cccc(F)c2)nnn1Cc1ccc(CN2CCOCC2)cc1,5.16
COc1cc(NC(=O)c2nnn(Cc3ccc(CN4CCOCC4)cc3)c2N)cc(OC)c1,4.64
Nc1c(C(=O)Nc2cccc(Cl)c2)nnn1Cc1ccc(CN2CCOCC2)cc1,4.75
Cc1noc(C)c1-c1noc(-c2nnn(Cc3ccc(CN4CCOCC4)cc3)c2N)n1,5.22
COc1cc(NC(=O)c2nnn(Cc3ccc(CN4CCOCC4)cc3)c2N)ncn1,5.3
C=CC(=O)N1CCC(Oc2cc3c(Nc4ccc(Cl)c(Cl)c4F)ncnc3cc2OC)CC1,6.04
CN(C)CC=CC(=O)Nc1cc2c(Nc3ccc(F)c(Cl)c3)ncnc2cc1OC1CCOC1,5.66
C=CC(=O)N1CCC(Oc2cc3c(Nc4ccc(Cl)c(Cl)c4F)ncnc3cc2OC2CCOC2)CC1,5.95
O=C(Cn1c(=O)[nH]c2ccccc21)N1CCN(c2ncc(Cl)cc2-c2cnc(N3CCC(O)CC3)nc2)CC1,4.5
CC1CN(S(=O)(=O)CC23CCC(CC2O)C3(C)C)CCN1C1NCC(C(F)(F)F)CC1F,4.2
Cc1cc(C)n(CC(=O)N2CCN(c3ccccc3-c3ccccc3)CC2)n1,4.5
O=C(NCc1ccc(Cl)cc1)c1cn2c(CCO)cc3cc(CN4CCOCC4)cc(c1=O)c32,5.68
NCCc1cc2cc(CN3CCOCC3)cc3c(=O)c(C(=O)NCc4ccc(Cl)cc4)cn1c23,5.07
CS(=O)(=O)NCCc1cc2cc(CN3CCOCC3)cc3c(=O)c(C(=O)NCc4ccc(Cl)cc4)cn1c23,5.28
CC1(C)CN(C(=O)C2CC(=O)N(c3cccc(C#N)c3)C2)c2cc(Cl)c(Cn3ccnc3)cc21,5.66
Cn1cc(C(=O)NCc2ccc(Cl)cc2)c(=O)c2cc(CN3CCOCC3)sc21,5.03
Cc1c(CN(C)CC(O)c2ccc(O)cc2)sc2c(=O)c(C(=O)NCc3ccc(Cl)cc3)cn(C)c12,5.8
NS(=O)(=O)NCCc1cc2cc(CN3CCOCC3)cc3c(=O)c(C(=O)NCc4ccc(Cl)cc4)cn1c23,4.92
CC1(C)CN(C(=O)Cn2c(=O)c(C(=O)NCc3ccc(Cl)cc3)cc3cccnc32)C1,5.28
Cc1ccc(NC(=O)Nc2cc(-c3ccccc3-c3nn[nH]n3)ccc2OC(C(C)C)C(C)C)cc1,4.75
Cc1ccc(NC(=O)Nc2cc(-c3ccccc3-c3nn[nH]n3)cc3c2OCC=CC3c2ccccc2)cc1,4.16
CCCOc1c(CCC)cc(-c2ccccc2-c2nn[nH]n2)cc1NC(=O)Nc1ccc(C)cc1,4.4
Cn1cc2c(Cl)c(-c3n[nH]c4nc(N5CC6C(C5)C6(CN)c5ccccn5)cnc34)ccc2n1,5.05
Cn1cc2c(Cl)c(-c3n[nH]c4nc(N5CC6C(C5)C6(CN)c5nccs5)cnc34)ccc2n1,4.87
Cc1csc(C2(CN)C3CCN(c4cnc5c(-c6cccc(Cl)c6Cl)n[nH]c5n4)CC32)n1,7.24
Cc1csc(C2(CN)C3CCN(c4cnc5c(-c6cccnc6C(F)(F)F)n[nH]c5n4)CC32)n1,5.3
NCC1(c2ccccn2)C2CCN(c3cnc4c(-c5cccc(Cl)c5Cl)n[nH]c4n3)CC21,7.38
Cc1csc(C2(CN)C3CCN(c4cnc5c(-c6ccc7nn(C)cc7c6Cl)n[nH]c5n4)CC32)n1,6.97
NCC1(c2ccsc2)C2CCN(c3cnc4c(-c5cccc(Cl)c5Cl)n[nH]c4n3)CC21,6.96
NCC1(c2ccsc2)C2CCN(c3cnc4c(-c5cccnc5C(F)(F)F)n[nH]c4n3)CC21,5.25
Cc1csc(C2(CN)C3CCN(c4cnc5c(-c6ccc7nc(C)sc7c6Cl)n[nH]c5n4)CC32)n1,7.62
Cn1cc2c(Cl)c(-c3n[nH]c4nc(N5CC6C(C5)C6(CN)c5nc(Cl)cs5)cnc34)ccc2n1,4.91
NCC1(c2ccccc2)C2CCN(c3cnc4c(-c5cccc(Cl)c5Cl)n[nH]c4n3)CC21,6.41
Cc1csc(C2(CN)C3CN(c4cnc5c(-c6ccn7nccc7c6Cl)n[nH]c5n4)CC32)n1,6.63
Cn1cc2c(Cl)c(-c3n[nH]c4nc(N5CC6C(C5)C6(CN)c5ccccc5)cnc34)ccc2n1,5.27
Cc1nc(N2CCC3(CC2)COC(C)C3N)c(CO)nc1-c1cccc(Cl)c1Cl,5.47
Cc1csc(C2(CN)C3CN(c4cnc5c(-c6ccc7nc(C)sc7c6Cl)n[nH]c5n4)CC32)n1,5.78
Cc1cccc(C2(CN)C3CN(c4cnc5c(-c6ccc7nn(C)cc7c6Cl)n[nH]c5n4)CC32)n1,5.23
Cc1csc(C2(CN)C3CCN(c4cnc5c(-c6ccn7nccc7c6Cl)n[nH]c5n4)CC32)n1,7.92
CCCNC(=O)CCCN1CCCC1Cn1nc(Cc2ccc(Cl)cc2)c2ccccc2c1=O,8.8
CCCC(=O)NCCN1CCCC1Cn1nc(Cc2ccc(Cl)cc2)c2ccccc2c1=O,7.2
COCC(=O)NCCN1CCCC1Cn1nc(Cc2ccc(Cl)cc2)c2ccccc2c1=O,6.7
O=C(NCCN1CCCC1Cn1nc(Cc2ccc(Cl)cc2)c2ccccc2c1=O)C1CCCC1,7.3
CCC(=O)NCCN1CCCC1Cn1nc(Cc2ccc(Cl)cc2)c2ccccc2c1=O,6.7
COCCCC(=O)N(C)CCN1CCCC1Cn1nc(Cc2ccc(Cl)cc2)c2ccccc2c1=O,6.4
COCCNC(=O)CCCN1CCCC1Cn1nc(Cc2ccc(Cl)cc2)c2ccccc2c1=O,7.4
CC(C)C(=O)NCCN1CCCC1Cn1nc(Cc2ccc(Cl)cc2)c2ccccc2c1=O,6.4
O=C(NCCN1CCCC1Cn1nc(Cc2ccc(Cl)cc2)c2ccccc2c1=O)C1CCOCC1,6.1
COCc1nc2cnc3cc(-c4c(C)noc4C)c(OCC4CCNC4)cc3c2n1C(C)c1ccccc1,4.4
