smiles,pchembl_value
COc1cccc2c(C(=O)N(Cc3c(F)cccc3Cl)C(C)C)nn(CCN3CCOCC3)c12,tensor([7.1600])
COc1cccc2c(C(=O)NC3C4(C)CCC(C4)C3(C)C)c(C)n(CCN3CCOCC3)c12,tensor([7.5400])
COc1cccc2c(C(=O)NC3C4(C)CCC(C4)C3(C)C)cn(CCN3CCOCC3)c12,tensor([7.9600])
COc1cccc2c3c(=O)n(C4C5(C)CCC(C5)C4(C)C)ccc3n(CCN3CCOCC3)c12,tensor([9.])
COc1cccc2c(C(=O)NC(c3ccccc3)c3ccccn3)nn(CCN3CCOCC3)c12,tensor([6.8400])
COc1ccccc1CNC(=O)c1nn(CCN2CCOCC2)c2c(OC)cccc12,tensor([7.1100])
CCc1c(C(=O)NC2C3(C)CCC(C3)C2(C)C)c2cccc(OC)c2n1CCN1CCOCC1,tensor([6.9600])
COc1ccccc1Cn1ccc2c(c1=O)c1cccc(OC)c1n2CCN1CCOCC1,tensor([7.1700])
CCCCCn1c(C)c(C(=O)Cc2ccc(Br)cc2)c2ccccc21,tensor([5.5700])
CCCCCn1c(C)c(C(=O)Cc2ccccc2C)c2ccccc21,tensor([7.7200])
CCCCCn1c(C)c(C(=O)Cc2ccc(Cl)cc2)c2ccccc21,tensor([5.4300])
CCCCCn1c(C)c(C(=O)Cc2cccc(F)c2)c2ccccc21,tensor([6.7400])
CCCCCn1cc(C(=O)Cc2ccccc2Cl)c2ccccc21,tensor([8.1500])
CCCCCn1c(C)c(C(=O)Cc2ccccc2F)c2ccccc21,tensor([7.1200])
CCCCCn1cc(C(=O)Cc2ccc(OC)cc2)c2ccccc21,tensor([6.3500])
CCCCCn1cc(C(=O)Cc2cccc(F)c2)c2ccccc21,tensor([7.0400])
CCCCCn1cc(C(=O)Cc2ccccc2OC)c2ccccc21,tensor([7.4800])
CCCCCn1cc(C(=O)Cc2ccccc2C)c2ccccc21,tensor([6.8400])
Cc1c(C(=O)c2cccc3ccccc23)c2cccc3c2n1C(CN1CCOCC1)CO3,tensor([9.5500])
CCCCCn1c(C)c(C(=O)Cc2ccc(OC)cc2)c2ccccc21,tensor([6.1900])
CCCCCn1cc(C(=O)Cc2ccccc2Br)c2ccccc21,tensor([7.7000])
CCCCCn1c(C)c(C(=O)Cc2ccc(C)cc2)c2ccccc21,tensor([5.8700])
CCCCCn1c(C)c(C(=O)Cc2ccccc2Br)c2ccccc21,tensor([7.5400])
CCCCCn1c(C)c(C(=O)Cc2cccc(Cl)c2)c2ccccc21,tensor([6.8600])
CCCCCn1c(C)c(C(=O)Cc2ccccc2)c2ccccc21,tensor([6.7500])
CCCCCn1cc(C(=O)Cc2ccc(Cl)cc2)c2ccccc21,tensor([6.3000])
CCCCCn1cc(C(=O)Cc2ccccc2)c2ccccc21,tensor([6.8000])
CCCCCn1c(C)c(C(=O)Cc2ccc(F)cc2)c2ccccc21,tensor([6.1100])
CCCCCn1cc(C(=O)Cc2ccc(C)cc2)c2ccccc21,tensor([6.2400])
CCCCCn1cc(C(=O)Cc2ccc(F)cc2)c2ccccc21,tensor([6.4400])
CCCCCn1cc(C(=O)Cc2ccccc2F)c2ccccc21,tensor([7.4100])
CCCCCn1c(C)c(C(=O)Cc2ccccc2Cl)c2ccccc21,tensor([7.6000])
CCCCCn1c(C)c(C(=O)Cc2ccccc2OC)c2ccccc21,tensor([7.0900])
CCCCCn1cc(C(=O)Cc2ccc(Br)cc2)c2ccccc21,tensor([6.1800])
CCCCCn1c(C)c(C(=O)Cc2cccc(OC)c2)c2ccccc21,tensor([7.0800])
CCCCCc1cc(O)c2c(c1)OC(C)(C)C1CCC(C)=CC21,tensor([7.4400])
CCCCCn1cc(C(=O)Cc2cccc(Cl)c2)c2ccccc21,tensor([6.9700])
Cc1c(C(=O)NN2CCCCC2)nc(-c2ccc(Cl)cc2Cl)n1-c1ccc(Br)cc1,tensor([6.3100])
O=C(NN1CCCCC1)c1nc(-c2ccc(Cl)cc2Cl)n(-c2ccc(Cl)cc2)c1Cl,tensor([6.0800])
Cc1c(C(=O)N2CCc3ccccc3C2)nc(-c2ccc(Cl)cc2Cl)n1-c1ccc(Cl)cc1,tensor([6.1600])
O=C(NN1CCCCC1)c1nc(-c2ccc(Cl)cc2Cl)n(-c2ccc(Cl)cc2)c1Br,tensor([6.1300])
CCN(CC)C(=O)c1nc(-c2ccc(Cl)cc2Cl)n(-c2ccc(Cl)cc2)c1C,tensor([5.6000])
COc1ccc(-n2c(-c3ccc(Cl)cc3Cl)nc(C(=O)NN3CCCCC3)c2C)cc1,tensor([6.4900])
O=C(NN1CCCCC1)c1cn(-c2ccc(Cl)cc2)c(-c2ccc(Cl)cc2Cl)n1,tensor([6.2700])
Cc1c(C(=O)NN2CCOCC2)nc(-c2ccc(Cl)cc2Cl)n1-c1ccc(Cl)cc1,tensor([5.4800])
Cc1c(C(=O)OC(C)(C)C)nc(-c2ccc(Cl)cc2Cl)n1-c1ccc(Cl)cc1,tensor([6.0900])
N#Cc1c(C(=O)NN2CCCCC2)nc(-c2ccc(Cl)cc2Cl)n1-c1ccc(Cl)cc1,tensor([5.8000])
Cc1c(C(=O)NN2CC3CCCC3C2)nc(-c2ccc(Cl)cc2Cl)n1-c1ccc(Cl)cc1,tensor([5.8500])
O=C(NN1CCCCC1)c1nc(-c2ccc(Cl)cc2Cl)n(-c2ccc(Cl)cc2)c1CF,tensor([6.0400])
Cc1c(C(=O)NCc2ccc(C(F)(F)F)cc2)nc(-c2ccc(Cl)cc2Cl)n1-c1ccc(Cl)cc1,tensor([5.7000])
O=C(NN1CCCCC1)c1nc(-c2ccc(Cl)cc2Cl)c(-c2ccc(Cl)cc2)s1,tensor([5.2300])
Cc1c(C(=O)NN2CCCCC2)nn(-c2ccc(Cl)cc2Cl)c1-c1ccc(Cl)cc1,tensor([5.8000])
Cc1c(C(=O)NC2CCC(O)CC2)nc(-c2ccc(Cl)cc2Cl)n1-c1ccc(Cl)cc1,tensor([5.4600])
Cc1c(C(=O)NN2CCCCC2)nc(-c2ccc(Cl)cc2Cl)n1-c1ccc(F)cc1,tensor([6.1200])
Cc1c(C(=O)NOC(C)(C)C)nc(-c2ccc(Cl)cc2Cl)n1-c1ccc(Cl)cc1,tensor([6.6200])
Cc1c(C(=O)NC2CCCC2)nc(-c2ccc(Cl)cc2Cl)n1-c1ccc(Cl)cc1,tensor([6.4500])
Cc1c(C(=O)NN2CCCC2)nc(-c2ccc(Cl)cc2Cl)n1-c1ccc(Cl)cc1,tensor([6.1100])
O=C(NN1CCCCC1)c1nc(-c2ccc(Cl)cc2)c(-c2ccc(Cl)cc2Cl)s1,tensor([5.3300])
Cc1c(C(=O)NN2CCCCC2)nc(-c2ccc(Cl)cc2Cl)n1-c1ccc(Cl)cn1,tensor([6.1200])
Cc1c(C(=O)NN2CCCCC2)nc(-c2ccc(Cl)cc2Cl)n1-c1ccc(C(F)(F)F)cc1,tensor([6.2000])
Cc1c(C(=O)NN2CCCCCC2)nc(-c2ccc(Cl)cc2Cl)n1-c1ccc(Cl)cc1,tensor([6.3000])
Cc1c(C(=O)N2CCC(O)CC2)nc(-c2ccc(Cl)cc2Cl)n1-c1ccc(Cl)cc1,tensor([5.4000])
CCc1c(C(=O)NN2CCCCC2)nc(-c2ccc(Cl)cc2Cl)n1-c1ccc(Cl)cc1,tensor([6.3700])
O=C(NN1CCCCC1)c1nc(-c2ccc(Cl)cc2)n(-c2ccc(Cl)cc2Cl)n1,tensor([5.2600])
O=C(NN1CCCCC1)c1nc(-c2ccc(Cl)cc2Cl)n(-c2ccc(Cl)cc2)n1,tensor([5.4500])
Cc1c(C(=O)NN2CCCCC2)nc(-c2ccc(Cl)cc2Cl)n1-c1ccc(Cl)cc1,tensor([6.2200])
Cc1c(C(=O)NC2CC3CCC2C3)nc(-c2ccc(Cl)cc2Cl)n1-c1ccc(Cl)cc1,tensor([7.2700])
Cc1c(C(=O)NC2CCCCCC2)nc(-c2ccc(Cl)cc2Cl)n1-c1ccc(Cl)cc1,tensor([6.4600])
CCCn1c(C)c(C(=O)c2cccc3ccccc23)c2ccccc21,tensor([7.4400])
CCCn1c(C)c(C(=O)c2cc(NC(=O)CN)cc3ccccc23)c2ccccc21,tensor([6.3800])
CCCn1c(C)c(C(=O)c2cc([N+](=O)[O-])cc3ccccc23)c2ccccc21,tensor([6.8400])
CCCn1c(C)c(C(=O)c2cc(N)cc3ccccc23)c2ccccc21,tensor([6.7200])
COc1ccc(C(=O)c2c(C)n(CCN3CCOCC3)c3cc(I)ccc23)cc1,tensor([7.5100])
CCCCCn1cc(C(=O)NCCc2ccc3c(c2)OCO3)c(=O)c2ccccc21,tensor([6.3700])
CCCCCn1cc(C(=O)NC2C3CC4CC(C3)CC2C4)c(=O)c2ccccc21,tensor([7.8700])
CCCCCn1cc(C(=O)NC2CCCc3ccccc32)c(=O)c2ccccc21,tensor([7.2200])
CCCCCn1cc(C(=O)NCCc2ccccc2)c(=O)c2ccccc21,tensor([6.7000])
CCCCCCn1cc(C(=O)Nc2cccc3ccccc23)c(=O)c2ccccc21,tensor([6.0700])
CCCCCn1cc(C(=O)Nc2cccc3ccccc23)c(=O)c2ccccc21,tensor([6.4300])
CC12CC3CC(C)(C1)CC(NC(=O)c1cn(Cc4ccccc4)c4ccccc4c1=O)(C3)C2,tensor([6.1800])
CCCCCn1cc(C(=O)NC(C)c2ccccc2)c(=O)c2ccccc21,tensor([7.4300])
CCCC(C)(C)c1ccc2c(c1)OC(C)(C)C1CC=C(C)CC21,tensor([7.6900])
CCCCCn1cc(C(=O)NC(C)c2ccc3ccccc3c2)c(=O)c2ccccc21,tensor([6.2300])
Cc1ccc(Cn2nc(C(=O)NC3C4(C)CCC(C4)C3(C)C)cc2-c2ccc(Cl)c(C)c2)cc1,tensor([7.2900])
CCCCCn1cc(C(=O)NC23CC4CC(C)(CC(C)(C4)C2)C3)c(=O)c2ccccc21,tensor([7.8000])
CCCCCn1cc(C(=O)NC(C)c2cccc3ccccc23)c(=O)c2ccccc21,tensor([6.9000])
CCCCn1cc(C(=O)Nc2cccc3ccccc23)c(=O)c2ccccc21,tensor([6.3400])
CCCCCn1cc(C(=O)Nc2ccc(C#N)cc2)c(=O)c2ccccc21,tensor([6.1100])
CCCCCC=CCC=CCC=CCC=CCCCC(=O)NCc1ccc(OC)cc1OC,tensor([5.4000])
CCCCCC=CCC=CCC=CCC=CCCCC(=O)Nc1ccc(OC)cc1,tensor([5.4000])
CCCCCC=CCC=CCC=CCC=CCCCC(=O)NCc1cc(OC)ccc1OC,tensor([5.3900])
CCCCCC=CCC=CCC=CCC=CCCCC(=O)NCc1ccc(OC)cc1,tensor([5.3500])
CCCCCC=CCC=CCC=CCC=CCCCC(=O)NCCO,tensor([6.7500])
CCCCCCCCC=CC(=O)Nc1ccc(OC)cc1,tensor([5.6000])
CCCCCCCCC=CC(=O)NCCc1cc(OC)cc(OC)c1,tensor([5.2800])
CCCCCC=CCC=CCC=CCC=CCCCC(=O)Nc1ccc(N2CCOCC2)cc1,tensor([5.3700])
CCCCCC=CCC=CCC=CCC=CCCCC(=O)NCCc1ccc(OC)cc1OC,tensor([5.4000])
CCCCCC=CCC=CCC=CCC=CCCCC(=O)N1CCN(c2ccc(C)c(C)c2)CC1,tensor([5.3800])
CCCCCC=CCC=CCC=CCC=CCCCC(=O)N(O)CCO,tensor([5.7200])
CCCCCC=CCC=CCC=CCC=CCCCC(=O)ONCCO,tensor([5.6200])
CCCCCCCCC=CCCCCCCCC(=O)N(O)CCO,tensor([5.2700])
CCCCCCCCC=CCCCCCCCC(=O)NOCCO,tensor([5.4200])
CCCCCCCCC=CCCCCCCCC(=O)ONCCO,tensor([5.0700])
CCCCCC=CCC=CCC=CCC=CCCCC(=O)NOCCO,tensor([7.0900])
CC(CO)NC(=O)CCCC=CCC=CCC=CCC=CCCOC(=O)c1cc(I)ccc1N=[N+]=[N-],tensor([6.6600])
CC(NS(C)(=O)=O)c1ccc(S(=O)(=O)c2ccc(C(F)(F)F)cc2S(=O)(=O)c2ccc(Cl)cc2)cc1,tensor([8.1000])
CC(NS(C)(=O)=O)c1ccc(S(=O)(=O)c2ccccc2S(=O)(=O)c2ccc(Cl)cc2)cc1,tensor([7.2400])
CC(NS(C)(=O)=O)c1ccc(Cc2ccc(C(F)(F)F)cc2S(=O)(=O)c2cccc(F)c2)cc1,tensor([8.4600])
CC(NS(C)(=O)=O)c1ccc(S(=O)(=O)c2ccc(O)cc2S(=O)(=O)c2ccc(Cl)cc2)cc1,tensor([7.8900])
CC(NS(C)(=O)=O)c1ccc(S(=O)(=O)c2ccc(Cl)cc2S(=O)(=O)c2cccc(Cl)c2)cc1,tensor([7.6400])
COc1ccc(S(=O)(=O)c2cc(OC)ccc2S(=O)(=O)c2ccc(CNS(C)(=O)=O)cc2)cc1,tensor([8.8900])
CC(NS(C)(=O)=O)c1ccc(S(=O)(=O)c2ccc(OC3CCCC3)cc2S(=O)(=O)c2ccc(Cl)cc2)cc1,tensor([6.6300])
CC(NS(C)(=O)=O)c1ccc(S(=O)(=O)c2ccc(Cl)cc2Oc2ccc(Cl)cc2)cc1,tensor([6.0100])
CC(NS(C)(=O)=O)c1ccc(C(=O)c2ccc(OC(F)(F)F)cc2S(=O)(=O)c2ccccc2F)cc1,tensor([6.7500])
CC(NS(C)(=O)=O)c1ccc(S(=O)(=O)c2ccc(Cl)cc2C(C)(O)c2ccc(Cl)cc2)cc1,tensor([6.6400])
Cc1ccc(S(=O)(=O)c2ccc(C(C)NS(C)(=O)=O)cc2)c(S(=O)(=O)c2ccccc2F)c1,tensor([9.3000])
CC(NS(C)(=O)=O)c1ccc(S(=O)(=O)c2ccc(Cl)cc2C(C)(O)c2ccccc2F)cc1,tensor([7.1100])
C=C(c1ccc(C(C)NS(C)(=O)=O)cc1)c1ccc(OC(F)(F)F)cc1S(=O)(=O)c1ccccc1F,tensor([7.0700])
CC(NS(C)(=O)=O)c1ccc(S(=O)(=O)c2ccc(Cl)cc2S(=O)(=O)c2ccc(Cl)cc2)cc1,tensor([8.])
CC(NS(C)(=O)=O)c1ccc(C(=O)c2ccc(Cl)cc2S(=O)(=O)c2ccc(Cl)cc2)cc1,tensor([6.3900])
CCC(c1ccc(C(C)NS(C)(=O)=O)cc1)c1ccc(Cl)cc1S(=O)(=O)c1ccc(Cl)cc1,tensor([7.1200])
COc1ccc(S(=O)(=O)c2ccc(C(C)NS(C)(=O)=O)cc2)c(S(=O)(=O)c2ccc(Cl)cc2)c1,tensor([9.0500])
CC(NS(C)(=O)=O)c1ccc(Cc2ccc(OC(F)(F)F)cc2S(=O)(=O)c2ccccc2F)cc1,tensor([9.4000])
COc1ccc(S(=O)(=O)c2ccc(C(C)NS(C)(=O)=O)cc2)c(S(=O)(=O)c2ccccc2)c1,tensor([9.2200])
CC(NS(C)(=O)=O)c1ccc(S(=O)(=O)c2ccccc2S(=O)(=O)c2ccccc2F)cc1,tensor([8.0500])
CC(NS(C)(=O)=O)c1ccc(S(=O)(=O)c2ccc(Cl)cc2S(=O)(=O)c2ccccc2)cc1,tensor([8.7000])
C=C(c1ccccc1F)c1cc(Cl)ccc1S(=O)(=O)c1ccc(C(C)NS(C)(=O)=O)cc1,tensor([6.6100])
CC(NS(C)(=O)=O)c1ccc(S(=O)(=O)c2ccc(Cl)cc2C(=O)c2ccc(Cl)cc2)cc1,tensor([6.7200])
CC(NS(C)(=O)=O)c1ccc(S(=O)(=O)c2ccc(Cl)cc2S(=O)(=O)c2ccccc2OC(F)(F)F)cc1,tensor([6.8900])
CC(NS(C)(=O)=O)c1ccc(S(=O)(=O)c2ccc(C(F)(F)F)cc2S(=O)(=O)c2ccccc2F)cc1,tensor([9.0500])
CC(NS(C)(=O)=O)c1ccc(S(=O)(=O)c2ccc(Cl)cc2Cc2ccc(Cl)cc2)cc1,tensor([6.7900])
CC(NS(C)(=O)=O)c1ccc(S(=O)(=O)c2ccc(Cl)cc2S(=O)(=O)c2ccccc2Cl)cc1,tensor([8.2200])
CON=C(c1ccc(C(C)NS(C)(=O)=O)cc1)c1ccc(Cl)cc1S(=O)(=O)c1ccc(Cl)cc1,tensor([6.3900])
CC(NS(C)(=O)=O)c1ccc(Cc2ccc(OC(F)(F)F)cc2S(=O)(=O)c2ccccc2OC(F)(F)F)cc1,tensor([7.8000])
CC(NS(C)(=O)=O)c1ccc(S(=O)(=O)c2ccc(Cl)cc2Nc2ccc(Cl)cc2)cc1,tensor([6.5600])
COc1ccc(S(=O)(=O)c2cc(OC)ccc2C(=O)c2ccc(C(C)NS(C)(=O)=O)cc2)cc1,tensor([7.3600])
CC(NS(C)(=O)=O)c1ccc(Cc2ccc(Cl)cc2S(=O)(=O)c2ccc(Cl)cc2)cc1,tensor([8.1700])
COc1ccc(S(=O)(=O)c2cc(OC)ccc2S(=O)(=O)c2ccc(C(C)(C)NS(C)(=O)=O)cc2)cc1,tensor([8.2200])
CC(NS(C)(=O)=O)c1ccc(Cc2ccc(OC(F)(F)F)cc2S(=O)(=O)c2cccc(C(F)(F)F)c2)cc1,tensor([7.4600])
CC(NS(C)(=O)=O)c1ccc(Cc2ccc(C(F)(F)F)cc2S(=O)(=O)c2c(F)cccc2F)cc1,tensor([8.7400])
COc1ccc(S(=O)(=O)c2cc(OC)ccc2S(=O)(=O)c2ccc(C(C)NS(C)(=O)=O)cc2)cc1,tensor([9.4000])
CN=C(NS(=O)(=O)N1CCSCC1)N1CC(c2ccccc2)C(c2ccc(Cl)cc2)=N1,tensor([5.4500])
CCN(C)S(=O)(=O)NC(=NC)N1CC(c2ccccc2)C(c2ccc(Cl)cc2)=N1,tensor([5.7300])
CNC(=NS(=O)(=O)c1ccc(Cl)cc1)N1CC(c2ccccc2)C(c2ccc(Cl)cc2)=N1,tensor([5.1200])
CNC(=NS(=O)(=O)N1CCCCC1)N1CC(c2ccccc2)C(c2ccc(Cl)cc2)=N1,tensor([5.8800])
CCN=C(NS(=O)(=O)N(CC)CC)N1CC(c2ccccc2)C(c2ccc(Cl)cc2)=N1,tensor([5.5400])
CN=C(NS(=O)(=O)N1CCCCCCC1)N1CC(c2ccccc2)C(c2ccc(Cl)cc2)=N1,tensor([5.5900])
CCN(CC)S(=O)(=O)NC(=NC)N1CC(c2ccccc2)C(c2ccc(Cl)cc2)=N1,tensor([5.4900])
CN=C(NS(=O)(=O)N1CCOCC1)N1CC(c2ccccc2)C(c2ccc(Cl)cc2)=N1,tensor([5.2700])
CN=C(NS(=O)(=O)N1CCCCCC1)N1CC(c2ccccc2)C(c2ccc(Cl)cc2)=N1,tensor([5.9900])
CN=C(NS(=O)(=O)N(C)C(C)C)N1CC(c2ccccc2)C(c2ccc(Cl)cc2)=N1,tensor([5.9500])
CN=C(NS(=O)(=O)N(C)C)N1CC(c2ccccc2)C(c2ccc(Cl)cc2)=N1,tensor([5.4200])
CN=C(NS(=O)(=O)N1CCCC1)N1CC(c2ccccc2)C(c2ccc(Cl)cc2)=N1,tensor([5.8000])
CCN(CC)S(=O)(=O)NC(=NC)N1CC(c2cccnc2)C(c2ccc(Cl)cc2)=N1,tensor([5.0400])
O=C(NC1CCCCC1O)c1cn(-c2ccc(Cl)cc2)c(-c2ccccc2Cl)n1,tensor([5.2800])
O=C(NC1CCCCC1)c1cn(-c2ccc(Cl)cc2)c(-c2ccccc2Cl)n1,tensor([5.6400])
CCc1c(C(=O)NC2CCCCC2O)nc(-c2ccccc2Cl)n1-c1ccc(Cl)cc1,tensor([5.6400])
O=C(NC1CCCCC1O)c1cn(-c2ccc(Cl)cc2)c(-c2ccc(Cl)cc2Cl)n1,tensor([5.9600])
O=C(NC1c2ccccc2CC1O)c1cn(-c2ccc(Cl)cc2)c(-c2ccccc2Cl)n1,tensor([5.9200])
O=C(NC1CCCC1O)c1cn(-c2ccc(Cl)cc2)c(-c2ccccc2Cl)n1,tensor([5.2000])
CCc1c(C(=O)NC2CCCCC2O)nc(-c2ccccc2Cl)n1-c1ccc(Br)cc1,tensor([5.5700])
O=C(NC1CCCCC1)c1cn(-c2ccc(Cl)cc2)c(-c2ccc(Cl)cc2Cl)n1,tensor([6.6200])
CSC(=S)N1CC(C)(C)CSC1=Nc1cccc(C(C)C)c1,tensor([7.4800])
CSC(=S)N1CC(C)(C)CSC1=Nc1ccccc1Br,tensor([6.4300])
CCOC(=O)N1CC(C)(C)CSC1=Nc1ccccc1C(C)C,tensor([6.3700])
CC(C)SC(=S)N1CC(C)(C)CSC1=Nc1ccccc1C(C)C,tensor([6.5600])
CSC(=S)N1CC(C)CSC1=Nc1ccccc1C(C)C,tensor([7.0100])
CCSC(=O)N1CC(C)(C)CSC1=Nc1ccccc1C(C)C,tensor([7.3200])
CSC(=S)N1CC(C)(C)CSC1=Nc1ccccc1C,tensor([6.7000])
COc1ccccc1N=C1SCC(C)(C)CN1C(=S)SC,tensor([7.7500])
CCc1ccccc1N=C1SCC(C)(C)CN1C(=S)SC,tensor([7.2700])
CC(C)c1ccccc1N=C1SCC(C)(C)CN1Cc1ccccc1,tensor([5.8700])
CSC(=S)N1CC(C)(C)CSC1=Nc1ccccc1C(C)(C)C,tensor([6.5000])
CCSC(=S)N1CC(C)(C)CSC1=Nc1ccccc1C(C)C,tensor([7.4600])
CSC(=S)N1CC(C)(C)CSC1=Nc1ccccc1Oc1ccccc1,tensor([5.5400])
CCC(=O)N1CC(C)(C)CSC1=Nc1ccccc1C(C)C,tensor([5.6800])
CCOC(=S)N1CC(C)(C)CSC1=Nc1ccccc1C(C)C,tensor([6.6400])
CCN1CC(C)(C)CSC1=Nc1ccccc1C(C)C,tensor([5.3100])
CSC(=S)N1CC(C)(C)CSC1=Nc1ccccc1,tensor([6.5000])
CSC(=S)N1CCCSC1=Nc1ccccc1C(C)C,tensor([5.8000])
CSC(=S)N1CC(C)(C)CSC1=Nc1ccccc1Cl,tensor([6.1400])
CSC(=S)N1CC(C)(C)CSC1=Nc1ccc(C(C)C)cc1,tensor([7.6600])
CCCN1CC(C)(C)CSC1=Nc1ccccc1C(C)C,tensor([6.0400])
CSC(=S)N1CC(C)(C)CSC1=Nc1ccccc1F,tensor([6.6000])
CCOc1ccccc1N=C1SCC(C)(C)CN1C(=S)SC,tensor([7.0800])
CCCSC(=S)N1CC(C)(C)CSC1=Nc1ccccc1C(C)C,tensor([6.9200])
CCCc1ccccc1N=C1SCC(C)(C)CN1C(=S)SC,tensor([7.2400])
CSC(=S)N1CC(C)(C)CSC1=Nc1ccccc1C(F)(F)F,tensor([6.8500])
CSC(=S)N1CC(C)(C)CSC1=Nc1ccccc1-c1ccccc1,tensor([6.])
CCCCOC(=O)c1cc(O)c(-c2cc(C)cc(C)c2)c(O)c1,tensor([5.5000])
COc1cc(C(=O)O)cc(OC)c1-c1cc(C)cc(C)c1,tensor([5.])
COC(=O)c1cc(O)c(-c2cc(C)cc(C)c2)c(O)c1,tensor([5.3500])
CCCCCOC(=O)c1cc(O)c(-c2cc(C)cc(C)c2)c(O)c1,tensor([5.9600])
CCCCCOC(=O)c1cc(O)c(-c2ccccc2)c(O)c1,tensor([5.4000])
COC(=O)c1cc(O)c(-c2cc(C)cc(C)c2)c(OC)c1,tensor([5.1900])
Cc1nc(-c2ccccc2)c(-c2ccccc2)n1CCCCCCNC(=O)Oc1ccccc1F,tensor([4.5500])
CSC(=S)N1CC2(CCCCC2)CSC1=Nc1ccccc1C(F)(F)F,tensor([8.9600])
COc1ccc(N=C2SCC3(CCCCC3)CN2C(=S)SC)cc1,tensor([8.4200])
CSC(=S)N1CC2(CCCCC2)CSC1=Nc1cccc2c1CCCN2C,tensor([8.9600])
CCc1ccc(N=C2SCC3(CCCCC3)CN2C(=S)SC)cc1,tensor([8.9200])
COc1ccccc1N=C1SCC2(CCCCC2)CN1C(=S)SC,tensor([8.9600])
CSC(=S)N1CC2(CCCCC2)CSC1=Nc1ccc(C(F)(F)F)cc1,tensor([7.7500])
CSC(=S)N1CC2(CCCCC2)CSC1=Nc1cccc2nsnc12,tensor([8.8900])
CSC(=S)N1CC2(CCCCC2)CSC1=Nc1ccc2c(c1)CCCC2,tensor([7.6200])
CSC(=S)N1CC2(CCCCC2)CSC1=Nc1ccc(C(C)C)cc1,tensor([7.6400])
CCC1(CC)CSC(=Nc2ccccc2C(C)C)N(C(=S)SC)C1,tensor([8.0500])
CSC(=S)N1CC2(CCCCC2)CSC1=Nc1ccc(C#N)cc1,tensor([8.6400])
CSC(=S)N1CC2(CCCCC2)CSC1=Nc1cccc2c1CCCC2,tensor([9.7000])
CSC(=S)N1CC2(CCCCC2)CSC1=Nc1cccc(C(C)C)c1,tensor([8.6000])
COc1cccc(N=C2SCC3(CCCCC3)CN2C(=S)SC)c1,tensor([9.])
CSC(=S)N1CC2(CCCCC2)CSC1=Nc1ccccc1OC(F)(F)F,tensor([7.9200])
CSC(=S)N1CC2(CCCC2)CSC1=Nc1ccccc1C(C)C,tensor([9.])
CSC(=S)N1CC2(CCCCC2)CSC1=Nc1cccc2nonc12,tensor([9.0500])
CSC(=S)N1CC2(CCCCC2)CSC1=Nc1cccc(C)c1C,tensor([9.])
CCOc1ccccc1N=C1SCC2(CCCCC2)CN1C(=S)SC,tensor([8.2000])
CSC(=S)N1CC2(CCCCC2)CSC1=Nc1cccc2ncccc12,tensor([7.9600])
CCCc1ccc(N=C2SCC3(CCCCC3)CN2C(=S)SC)cc1,tensor([8.1500])
CSC(=S)N1CC2(CC2)CSC1=Nc1ccccc1C(C)C,tensor([7.1900])
CSC(=S)N1CC2(CCCCC2)CSC1=Nc1cccc2c1CCC2,tensor([8.3000])
CSC(=S)N1CC2(CCCCC2)CSC1=Nc1ccc(OC(F)(F)F)cc1,tensor([8.2200])
CSC(=S)N1CC2(CCCCC2)CSC1=Nc1cccc2ccccc12,tensor([8.2200])
CNC(=O)CCC(C)(C)c1ccc(-c2cc(C)cc(C)c2)c(O)c1,tensor([6.8500])
CCCCCCC(C)(C)c1ccc(-c2cccc(OC)c2OC)c(O)c1,tensor([8.1100])
CCCCCCC(C)(C)c1ccc(-c2cc(C)cc(C)c2)c(COC(=O)CN2CCOCC2)c1,tensor([9.0900])
CCCCCCC(C)(C)c1ccc(-c2ccc(OC)c(OC)c2)c(O)c1,tensor([5.7700])
CCCCCCC(C)(C)c1ccc(-c2cc(C)ccc2C)c(O)c1,tensor([8.1800])
CCCCCCC(C)(C)c1ccc(-c2cccc(C)c2C)c(O)c1,tensor([7.7000])
COC(=O)CCCCC(C)(C)c1ccc(-c2cc(C)cc(C)c2)c(O)c1,tensor([7.8500])
CCCCCCC(C)(C)c1ccc(-c2cccnc2)c(O)c1,tensor([7.7000])
CCCCCCC(C)(C)c1ccc(-c2cc(C)cc(C)c2)c(N)c1,tensor([7.2900])
CCCCCCC(C)(C)c1ccc(-c2cc(C)cc(C)c2)cc1,tensor([5.6700])
Cc1cc(C)cc(-c2ccc(C(C)(C)CCCO)cc2O)c1,tensor([7.2500])
CCCCCCC(C)(C)c1ccc(-c2cccc(N)c2)c(O)c1,tensor([7.3600])
CCCCCCC1(c2ccc(-c3cc(C)cc(C)c3)c(O)c2)CCCC1,tensor([8.2600])
CCCCCCC1(c2ccc(-c3cc(C)cc(C)c3)c(O)c2)CCCCC1,tensor([8.7700])
CCCCCCC(C)(C)c1ccc(-c2cc(C)cc(C)c2)c(CO)c1,tensor([6.3200])
CCCCCCC(C)(C)c1ccc(-c2ccc(C)c(C)c2)c(O)c1,tensor([6.0800])
CCCCCCC(C)(C)c1ccc(-c2cc(C)cc(C)c2)c(C(=O)OC)c1,tensor([8.6400])
CNC(=O)CCCCC(C)(C)c1ccc(-c2cc(C)cc(C)c2)c(O)c1,tensor([7.4100])
COC(=O)CCC(C)(C)c1ccc(-c2cc(C)cc(C)c2)c(O)c1,tensor([8.2500])
CCCCCCC1(c2ccc(-c3cc(C)cc(C)c3)c(O)c2)CC1,tensor([7.2600])
CCCCCCC(C)(C)c1ccc(-c2ccc(N)cc2)c(O)c1,tensor([6.])
CCCCCCC(C)(C)c1ccc(-c2cc(C)cc(C)c2)c(CN2CCOCC2)c1,tensor([6.1800])
Cc1cc(C)cc(-c2ccc(C(C)(C)CO)cc2O)c1,tensor([6.2200])
CCCCCCC(C)(C)c1ccc(-c2c(C)cccc2C)c(O)c1,tensor([7.7500])
CCCCCCC(C)(C)c1ccc(-c2cccc(C#N)c2)c(O)c1,tensor([7.3500])
CCCCCCC(C)(C)c1ccc(-c2cc(C)cc(C)c2)c(OC)c1,tensor([7.4700])
Cc1cc(C)cc(-c2ccc(C(C)(C)CCCCCO)cc2O)c1,tensor([8.4400])
COC(=O)C(C)(C)c1ccc(-c2cc(C)cc(C)c2)c(O)c1,tensor([7.8000])
CCCCCCC(C)(C)c1ccc(-c2cc(C)cc(C)c2)c(C(N)=O)c1,tensor([6.5000])
CCCCCCC(C)(C)c1ccc(-c2cc(C)cc(C)c2)c(CN)c1,tensor([6.4200])
CCCCCCC(C)(C)c1ccc(-c2ccccc2N)c(O)c1,tensor([7.7700])
CCCCCCC(C)(C)c1ccc(-c2cccc(OC)c2)c(O)c1,tensor([6.2400])
CCCCCCC(C)(C)c1ccc(-c2ccccc2OC)c(O)c1,tensor([9.])
CC1OC(=O)C2CC3CCCCC3C(C=Cc3ccc(N4CCCC4)cn3)C12,tensor([6.3100])
CC1OC(=O)C2CC3CCCCC3C(C=Cc3ccc(-c4cccnc4)cn3)C12,tensor([4.8900])
CCCCCn1cc(C(=O)c2ccccc2)c(=O)c2ccccc21,tensor([6.3500])
CC12CC3CC(C)(C1)CC(NC(=O)c1cn(CCN4CCOCC4)c4ccccc4c1=O)(C3)C2,tensor([6.6600])
CCCCCn1c(C)c(C(=O)NC(C)c2ccccc2)c(=O)c2ccccc21,tensor([6.1800])
CC12CC3CC(C)(C1)CC(NC(=O)c1cn(CCCc4ccccc4)c4ccccc4c1=O)(C3)C2,tensor([6.8000])
CCCCCn1cc(C(=O)c2cccc3ccccc23)c(=O)c2ccccc21,tensor([6.8100])
CCCCCn1cc(C(=O)NC(C)C23CC4CC(CC(C4)C2)C3)c(=O)c2ccccc21,tensor([7.8500])
CCCCCn1cc(C(=O)NC23CC4CC(C)(CC(C)(C4)C2)C3)c(=O)c2ncccc21,tensor([6.5900])
CCCCCn1cc(C(=O)NC23CC4CC(C)(CC(C)(C4)C2)C3)c(=O)c2ccc(Cl)cc21,tensor([8.2800])
CCCCCn1cc(C(=O)NC2CCCc3ccccc32)c(=O)c2cc(Cl)ccc21,tensor([6.9200])
O=C(c1cn(Cc2ccc(F)cc2)c2ccccc2c1=O)c1cccc2ccccc12,tensor([6.6500])
CCCCCn1cc(C(=O)NC23CC4CC(C)(CC(C)(C4)C2)C3)c(=O)c2cccnc21,tensor([7.6300])
CCCCCn1cc(C(=O)NC23CC4CC(C)(CC(C)(C4)C2)C3)c(=S)c2ccccc21,tensor([7.7400])
CCCCCn1nc(C(=O)NC23CC4CC(C)(CC(C)(C4)C2)C3)c(=O)c2ccccc21,tensor([7.0300])
CCCCCn1cc(C(=O)c2c3ccccc3cc3ccccc23)c(=O)c2ccccc21,tensor([5.8200])
CCCCCCn1cc(C(=O)c2cccc3ccccc23)c(=O)c2ccccc21,tensor([6.2400])
CCCCCn1cc(NC(=O)c2cccc3ccccc23)c(=O)c2ccccc21,tensor([6.5800])
CCCCCn1cc(NC(=O)CCc2ccccc2)c(=O)c2ccccc21,tensor([5.9500])
O=C(c1cn(Cc2ccc(Cl)cc2)c2ccccc2c1=O)c1cccc2ccccc12,tensor([5.9500])
CC12CC3CC(C)(C1)CC(NC(=O)c1cn(Cc4ccc(F)cc4)c4ccccc4c1=O)(C3)C2,tensor([7.0800])
CCCCCn1cc(C(=O)NC23CC4CC(C)(CC(C)(C4)C2)C3)c(=O)c2cccc(Cl)c21,tensor([7.5600])
CCCCn1cc(C(=O)c2cccc3ccccc23)c(=O)c2ccccc21,tensor([5.8100])
CC12CC3CC(C)(C1)CC(NC(=O)c1cn(CCc4ccccc4)c4ccccc4c1=O)(C3)C2,tensor([6.4800])
O=C(c1cn(CCC2CCCCC2)c2ccccc2c1=O)c1cccc2ccccc12,tensor([5.7800])
CCCCCn1c(C)c(C(=O)NC23CC4CC(C)(CC(C)(C4)C2)C3)c(=O)c2ccccc21,tensor([6.7000])
CCCCCn1cc(C(=O)NC(C)C23CC4CC(CC(C4)C2)C3)c(=O)c2ccc(Cl)cc21,tensor([7.5800])
CCCCCn1cc(CNC23CC4CC(CC(C4)C2)C3)c(=O)c2ccccc21,tensor([5.7800])
CCCCCn1cc(C(=O)NC23CC4CC(C)(CC(C)(C4)C2)C3)c(=O)c2cnccc21,tensor([7.5100])
CCCCCn1cc(C(=O)NCC23CC4CC(CC(C4)C2)C3)c(=O)c2ccccc21,tensor([7.3000])
CCCCCn1cc(C(=O)NC23CC4CC(C)(CC(C)(C4)C2)C3)c(=O)c2cc(Cl)ccc21,tensor([7.2600])
CCCCCn1cc(NC(=O)C23CC4CC(CC(C4)C2)C3)c(=O)c2ccccc21,tensor([7.5900])
CCCCCn1cc(C(=O)c2ccc3ccccc3c2)c(=O)c2ccccc21,tensor([5.8900])
CCCCCn1cc(C(=O)NC(C)C23CC4CC(CC(C4)C2)C3)c(=O)c2cc(Cl)ccc21,tensor([6.8400])
O=C(NC12CC3CC(CC(C3)C1)C2)c1cn(CCN2CCOCC2)c2ccccc2c1=O,tensor([6.8200])
CCCCCn1c(-c2ccccc2)c(C(=O)NC23CC4CC(C)(CC(C)(C4)C2)C3)c(=O)c2ccccc21,tensor([6.9200])
CCCCCn1c(-c2ccccc2)c(C(=O)NC23CC4CC(CC(C4)C2)C3)c(=O)c2ccccc21,tensor([6.4700])
O=C(c1cn(Cc2ccccc2)c2ccccc2c1=O)c1cccc2ccccc12,tensor([6.1800])
O=C(c1cn(Cc2ccc(Br)cc2)c2ccccc2c1=O)c1cccc2ccccc12,tensor([6.0100])
O=C(NN1CCOCC1)C1=NN(c2ccc(Cl)cc2Cl)C(c2ccc(Cl)cc2)C1,tensor([4.6600])
CCCCCCCC=CC=CC(=O)NCC(C)C,tensor([7.2800])
Cc1c2c(n(-c3ccc(Cl)cc3Cl)c1-c1ccc(Cl)cc1)CCN(C1CCCCC1)C2=O,tensor([5.0800])
COc1ccc(-c2c(C)c3c(n2-c2ccccc2Cl)CCN(N2CCCCC2)C3=O)cc1,tensor([6.0700])
Cc1c2c(n(-c3ccc(Cl)cc3Cl)c1-c1ccc(Cl)cc1)CCN(N1CCCCC1)C2=O,tensor([5.8900])
Cc1c2c(n(-c3ccccc3Cl)c1-c1ccc(Cl)cc1)CCN(N1CCCCC1)C2=O,tensor([5.9600])
CCCCCCc1c(O)cccc1OCCCCCCCCCCC(=O)NCc1ccc(OC)c(O)c1,tensor([5.6800])
CCCCCCc1c(O)cccc1OCCCCCCCC(=O)NCCO,tensor([5.4100])
CCCCCCc1ccc(OCCCCCCCCCCCC(=O)NC2CC2)cc1O,tensor([5.4100])
CCCCCCc1c(O)cccc1OCCCCCCCC(=O)NC1CC1,tensor([5.7500])
CCCCCc1cc(O)cc(OCCCCCCCCCCCC(=O)NC2CC2)c1,tensor([6.5100])
CCCCCc1cc(O)cc(OCCCCCCCCCCC(=O)NCC2CC2)c1,tensor([7.1000])
CCCCCCc1ccc(OCCCCCCCCCCC(=O)NCC2CC2)cc1O,tensor([5.5400])
CCCCCCc1c(O)cccc1OCCCCCCCCCCC(=O)NCC1CC1,tensor([6.3300])
CCCCCc1cc(O)cc(OCCCCCCCC(=O)NC2CC2)c1,tensor([7.4100])
CCCCCc1ccc(OCCCCCCCCCCC(=O)NC2CC2)cc1O,tensor([7.8900])
CCCCCCc1c(O)cccc1OCCCCCCCCCCC(=O)NCCc1ccc(O)c(O)c1,tensor([5.1000])
CCCCCc1cc(O)cc(OCCCCCCCCCCCC(=O)NCCO)c1,tensor([7.4100])
CCCCCCc1c(O)cccc1OCCCCCCCCCCCC(=O)NCCO,tensor([5.8500])
CCCCCc1cc(O)cc(OCCCCCCCCCCC(=O)NCc2ccc(OC)c(O)c2)c1,tensor([5.7800])
CCCCCCc1c(O)cccc1OCCCCCCCCCCCC(=O)NC1CC1,tensor([7.4100])
CCCCCCc1ccc(OCCCCCCCC(=O)NC2CC2)cc1O,tensor([6.5500])
CCCCCc1cc(O)cc(OCCCCCCCC(=O)NCCO)c1,tensor([6.4100])
CCCCCn1cc(C(=O)c2cccc3ccccc23)cc1-c1cccc([N+](=O)[O-])c1,tensor([7.3900])
CCCCCn1cc(C(=O)c2cccc3ccccc23)cc1-c1ccc(C(F)(F)F)cc1,tensor([7.2800])
CCCCCn1cc(C(=O)c2cccc3ccccc23)cc1-c1ccc(OC)cc1,tensor([7.3900])
CCCCCn1cc(C(=O)c2cccc3ccccc23)cc1-c1ccc(Cl)cc1,tensor([7.6000])
CCCCCCn1cc(C(=O)c2cccc3ccccc23)cc1-c1ccccc1,tensor([8.1500])
CCCCCn1cc(C(=O)c2cccc3ccccc23)cc1-c1cccc(C)c1,tensor([7.4100])
CCCCCn1cc(C(=O)c2cccc3ccccc23)cc1-c1cccnc1,tensor([7.6200])
CCCCCCCn1cc(C(=O)c2cccc3ccccc23)cc1-c1ccccc1,tensor([7.2100])
CCCCCn1cc(C(=O)c2cccc3ccccc23)cc1-c1ccccc1C,tensor([8.4000])
CCCCCn1cc(C(=O)c2cccc3ccccc23)cc1-c1ccc(C)cc1,tensor([7.7500])
CCCCCn1cc(C(=O)c2cccc3ccccc23)cc1-c1cccc(C(F)(F)F)c1,tensor([7.1500])
CCCCCn1cc(C(=O)c2cccc3ccccc23)cc1-c1ccccc1CCCC,tensor([7.1600])
CCCCn1cc(C(=O)c2cccc3ccccc23)cc1-c1ccccc1,tensor([7.8200])
CCCCCn1cc(C(=O)c2cccc3ccccc23)cc1-c1ccccc1CC,tensor([8.4700])
CCCCCn1cc(C(=O)c2cccc3ccccc23)cc1-c1cccc2ccccc12,tensor([7.3100])
CCCCCn1cc(C(=O)c2cccc3ccccc23)cc1-c1ccccc1F,tensor([8.4800])
CCCCCn1cc(C(=O)c2cccc3ccccc23)cc1-c1ccccc1OC,tensor([7.7000])
CCCCCn1cc(C(=O)c2cccc3ccccc23)cc1-c1cccc(Cl)c1,tensor([7.8000])
CCCn1cc(C(=O)c2cccc3ccccc23)cc1-c1ccccc1,tensor([6.9800])
CCCCCn1cc(C(=O)c2cccc3ccccc23)cc1-c1cccc(OC)c1,tensor([7.6400])
CCCCCn1cc(C(=O)c2cccc3ccccc23)cc1-c1ccc(F)cc1,tensor([7.4800])
CCCCCn1cc(C(=O)c2cccc3ccccc23)cc1-c1ccccc1Cl,tensor([8.2800])
CCCCCn1cc(C(=O)c2cccc3ccccc23)cc1-c1ccccc1C(F)(F)F,tensor([8.0900])
CCCCCn1cc(C(=O)c2cccc3ccccc23)cc1-c1ccc(CCCC)cc1,tensor([7.1900])
CCCCCn1cc(C(=O)c2cccc3ccccc23)cc1-c1ccc(CC)cc1,tensor([7.5400])
CCCCCn1cc(C(=O)c2cccc3ccccc23)cc1-c1ccccc1,tensor([8.1900])
CCCCCn1cc(C(=O)c2cccc3ccccc23)cc1-c1cccc(F)c1,tensor([8.0400])
CCCCCn1cc(C(=O)c2cccc3ccccc23)cc1-c1ccc2ccccc2c1,tensor([6.7700])
CCCCCCc1ccc(OCCCCCC(=O)NC2CC2)cc1O,tensor([6.2700])
CCCCCc1cc(O)cc(OCCCCCCCCCCC(=O)NCCO)c1,tensor([6.8000])
CCCCCCc1ccc(O)cc1OCCCCCCCCCCC(=O)NCCO,tensor([6.3800])
O=C(CCCCCCCCCCCCCCCOc1cccc(O)c1)Nc1ccc(O)cc1,tensor([5.])
CCCCCCc1ccc(O)cc1OCCCCCCCCCCC(=O)Nc1ccc(O)cc1,tensor([5.6800])
CCCCCCc1ccc(OCCCCCC(=O)NCCO)cc1O,tensor([5.1900])
CCCCCCc1ccc(OCCCCCCCCCCC(=O)NC2CC2)cc1O,tensor([6.4600])
CCCCCc1cc(O)cc(OCCCCCCCCCCC(=O)NC2CC2)c1,tensor([7.8900])
CCCCCCc1ccc(O)cc1OCCCCCCCCCCC(=O)NC1CC1,tensor([7.5200])
CCCCCCc1ccc(O)cc1OCCCCCCCCCCCCCCCC(=O)NC1CC1,tensor([5.6000])
CCCCCc1cc(O)cc(OCCCCCCCCCCC(=O)Nc2ccc(O)cc2)c1,tensor([5.8500])
CCCCCCc1ccc(OCCCCCCCCCCC(=O)NCCO)cc1O,tensor([5.5700])
CCCCCc1cc(O)cc(OCCCCCC(=O)NC2CC2)c1,tensor([6.0200])
CCCCCCc1ccc(O)cc1OCCCCCC(=O)NC1CC1,tensor([5.4500])
O=C(CCCCCCCCCCOc1cccc(O)c1)NC1CC1,tensor([5.2700])
CCCC(C)(C)c1ccc(C2CC(O)CCC2CCCO)cc1,tensor([5.7500])
CCCCCC(C)(C)c1ccc(C2CC(O)CCC2CCCO)cc1,tensor([6.6600])
CCCCCCCC(C)(C)c1ccc(C2CCCC(O)C2)cc1,tensor([6.8100])
CCCCCCCC(C)(C)c1ccc(C2CC(O)CCC2CCCO)cc1,tensor([6.7600])
CCCC(C)(C)c1ccc(C2CCCC(O)C2)cc1,tensor([5.8200])
CCC(C)(C)c1ccc(C2CC(O)CCC2CCCO)cc1,tensor([5.8700])
CCCCCCC(C)(C)c1ccc(C2CC(O)CCC2CCCO)cc1,tensor([6.6200])
CCCCCCCCC(C)(C)c1ccc(C2CC(O)CCC2CCCO)cc1,tensor([6.3800])
CCCCC(C)(C)c1ccc(C2CCCC(O)C2)cc1,tensor([6.2600])
CCCCCCC(C)(C)c1ccc(C2CCCC(O)C2)cc1,tensor([6.7500])
CCC(C)(C)c1ccc(C2CCCC(O)C2)cc1,tensor([5.4200])
CCCCC(C)(C)c1ccc(C2CC(O)CCC2CCCO)cc1,tensor([6.1600])
CCCCCCCCC(C)(C)c1ccc(C2CCCC(O)C2)cc1,tensor([5.9700])
CCS(=O)(=O)n1c2c(c3cc(C(=O)N4CCC(C)CC4)ccc31)CN(C1CCCC1)C2,tensor([8.1500])
CCCN1Cc2c(n(S(=O)(=O)CC)c3ccc(C(=O)N4CCC(C)CC4)cc23)C1,tensor([7.9600])
CCS(=O)(=O)n1c2c(c3cc(C(=O)N4CCC(OC)CC4)ccc31)CN(C1CCCC1)C2,tensor([7.5600])
CCCS(=O)(=O)n1c2c(c3cc(C(=O)N4CCC(C)CC4)ccc31)CN(C1CCCC1)C2,tensor([7.6500])
CCCCN(C)C(=O)c1ccc2c(c1)c1c(n2S(=O)(=O)CC)CN(C2CCCC2)C1,tensor([7.6500])
CC1CCN(C(=O)c2ccc3c(c2)c2c(n3C)CN(C3CCCC3)C2)CC1,tensor([7.0700])
CCS(=O)(=O)n1c2c(c3cc(C(=O)N4CCC(F)CC4)ccc31)CN(C1CCCC1)C2,tensor([7.3600])
C=CCN1Cc2c(n(S(=O)(=O)CC)c3ccc(C(=O)N4CCC(C)CC4)cc23)C1,tensor([8.1900])
CC1CCN(C(=O)c2ccc3[nH]c4c(c3c2)CN(C2CCCC2)C4)CC1,tensor([5.3300])
CCS(=O)(=O)n1c2c(c3cc(C(=O)N4CCC(C)CC4)ccc31)CN(CC1CC1)C2,tensor([8.2000])
CC1CCN(C(=O)c2ccc3c(c2)c2c(n3S(C)(=O)=O)CN(C3CCCC3)C2)CC1,tensor([8.1000])
CCS(=O)(=O)n1c2c(c3cc(C(=O)N4CCC(C)CC4)ccc31)CN(CCC1CCCCC1)C2,tensor([5.7000])
CCCCCc1cc(O)c2c(c1)CC(C)(C)C1CCC(C)=CC21,tensor([6.8500])
CCS(=O)(=O)n1c2c(c3cc(C(=O)N4CCC(C)CC4)ccc31)CN(C(C)C)C2,tensor([8.0500])
CCS(=O)(=O)n1c2c(c3cc(C(=O)N4CCC(C)CC4)ccc31)CN(Cc1ccccc1)C2,tensor([7.4300])
CCCCN1Cc2c(n(S(=O)(=O)CC)c3ccc(C(=O)N4CCC(C)CC4)cc23)C1,tensor([7.7800])
CC1CCN(C(=O)c2ccc3c(c2)c2c(n3S(=O)(=O)C(C)C)CN(C3CCCC3)C2)CC1,tensor([8.3800])
CCS(=O)(=O)n1c2c(c3cc(C(=O)N4CCC(C)CC4)ccc31)CN(CC1CCCCC1)C2,tensor([6.0300])
CCS(=O)(=O)n1c2c(c3cc(C(=O)N4CCCCC4)ccc31)CN(C1CCCC1)C2,tensor([7.7600])
CC1CCN(C(=O)c2ccc3c(c2)c2c(n3S(=O)(=O)c3ccccc3)CN(C3CCCC3)C2)CC1,tensor([7.7500])
CCS(=O)(=O)n1c2c(c3cc(C(=O)N4CCC(C)CC4)ccc31)CN(C1CCCCO1)C2,tensor([7.7500])
CCS(=O)(=O)n1c2c(c3cc(C(=O)N4CCOCC4)ccc31)CN(C1CCCC1)C2,tensor([6.5100])
CCS(=O)(=O)n1c2c(c3cc(C(=O)N(C)C(C)C)ccc31)CN(C1CCCC1)C2,tensor([6.9700])
C=CCn1c2c(c3cc(C(=O)N4CCC(C)CC4)ccc31)CN(C1CCCC1)C2,tensor([7.6300])
CCS(=O)(=O)n1c2c(c3cc(C(=O)N(C)CCC(C)C)ccc31)CN(C1CCCC1)C2,tensor([7.4200])
CCS(=O)(=O)n1c2c(c3cc(C(=O)N4CCC(C)CC4)ccc31)CN(C1CCOCC1)C2,tensor([6.6700])
CC(=O)n1c2c(c3cc(C(=O)N4CCC(C)CC4)ccc31)CN(C1CCCC1)C2,tensor([7.0500])
CC1CCN(C(=O)c2ccc3c(c2)c2c(n3S(=O)(=O)C3CC3)CN(C3CCCC3)C2)CC1,tensor([8.0300])
CC1CCN(C(=O)c2ccc3c(c2)c2c(n3Cc3ccccc3)CN(C3CCCC3)C2)CC1,tensor([6.9700])
CCCCCCC(C)(C)c1ccc(OCCC=CCC=CCCCC(=O)NC(C)CO)cc1,tensor([7.1100])
CC(CO)NC(=O)CCCC=CCC=CCCOc1cccc(C(C)(C)CCCC#N)c1,tensor([8.5000])
CC(CO)NC(=O)CCCC=CCC=CCCOc1cccc(C(C)(C)CCCCO)c1,tensor([7.9600])
CC(CO)NC(=O)CCCC=CCC=CCCOc1cccc(C(C)(C)CCCCN=[N+]=[N-])c1,tensor([8.6000])
CCCCCCC(C)(C)c1cccc(OCCC=CCC=CCCCC(=O)NC(C)CO)c1,tensor([7.6700])
CCCCCCC(C)(C)c1cccc(OCCC=CCC=CCC=CCCCC(=O)NC(C)CO)c1,tensor([6.7200])
CC(CO)NC(=O)CCCC=CCC=CCCOc1cccc(C(C)(C)CCCCBr)c1,tensor([8.1300])
CCCCCCC(C)(C)c1ccccc1C=CCC=CCC=CCCCC(=O)NC(C)CO,tensor([6.5900])
Cc1ccc(C(=O)Oc2cccc3cccnc23)cc1S(=O)(=O)N1CCCCC1,tensor([8.4000])
CC12CCC(C1)C(C)(C)C2NC(=O)c1ccc(Br)c(S(=O)(=O)N2CCCCC2)c1,tensor([7.8900])
Cc1ccc(C(=O)NC2CC3CCC2(C)C3(C)C)cc1S(=O)(=O)N1CCOCC1,tensor([8.0900])
Cc1ccc(C(=O)NCC(C)(C)C)cc1S(=O)(=O)N1CCOCC1,tensor([6.4100])
CC12CCC(C1)C(C)(C)C2NC(=O)c1ccc(Br)c(S(=O)(=O)N2CCCC2)c1,tensor([8.0300])
O=C(NCc1cccnc1)c1ccc(Br)c(S(=O)(=O)N2CCCCC2)c1,tensor([6.5000])
CN(Cc1ccccc1)S(=O)(=O)c1cc(C(=O)NCC(C)(C)C)ccc1Br,tensor([6.3700])
Cc1ccc(C(=O)NC(C)C(C)(C)C)cc1S(=O)(=O)N1CCOCC1,tensor([6.7500])
CC(C)(C)CNC(=O)c1ccc(Br)c(S(=O)(=O)N2CCOCC2)c1,tensor([6.3500])
CC(C)CNC(=O)c1ccc(Br)c(S(=O)(=O)N2CCCCC2)c1,tensor([6.3900])
CC12CCC(C1)C(C)(C)C2NC(=O)c1ccc(Br)c(S(=O)(=O)N2CCOCC2)c1,tensor([8.4600])
Cc1ccc(C(=O)NCC23CC4CC(CC(C4)C2)C3)cc1S(=O)(=O)N1CCOCC1,tensor([8.])
CC(C)(C)CNC(=O)c1ccc(Br)c(S(=O)(=O)N2CCCC2)c1,tensor([6.4000])
Cc1ccc(C(=O)NC2C(C)CCCC2C)cc1S(=O)(=O)N1CCOCC1,tensor([7.0400])
COc1cccc(CNC(=O)c2ccc(Br)c(S(=O)(=O)N3CCCCC3)c2)c1,tensor([6.7000])
Cc1ccc(C(=O)NC23CC4CC(CC(C4)C2)C3)cc1S(=O)(=O)N1CCOCC1,tensor([7.7200])
CN(Cc1ccccc1)S(=O)(=O)c1cc(C(=O)NC2C3(C)CCC(C3)C2(C)C)ccc1Br,tensor([7.9600])
CC(C)CNC(=O)c1ccc(Br)c(S(=O)(=O)N(C)Cc2ccccc2)c1,tensor([6.4700])
Cc1ccc(C(=O)NC(C(C)(C)C)C(C)(C)C)cc1S(=O)(=O)N1CCOCC1,tensor([7.4700])
O=C(NCc1ccccc1)c1ccc(Br)c(S(=O)(=O)N2CCCCC2)c1,tensor([6.4400])
CC(C)(C)CNC(=O)c1ccc(Br)c(S(=O)(=O)N2CCCCC2)c1,tensor([7.])
Cc1ccc(C(=O)NC2C3(C)CCC(C3)C2(C)C)cc1S(=O)(=O)N1CCOCC1,tensor([8.4100])
Cc1ccc(C(=O)NC(C)C23CC4CC(CC(C4)C2)C3)cc1S(=O)(=O)N1CCOCC1,tensor([8.2000])
CC1(C)C(C(=O)c2cn(CC3CCOCC3)c3cc(OCc4ccccc4)ccc23)C1(C)C,tensor([9.0600])
CC1(C)C(C(=O)c2cn(CC3CCOCC3)c3cc(O)ccc23)C1(C)C,tensor([8.0700])
CC1(C)C(C(=O)c2cn(CC3CCOCC3)c3c(OCc4ccccc4)cccc23)C1(C)C,tensor([8.5200])
CC1(C)C(C(=O)c2cn(CC3CCOCC3)c3ccc(OCCCCO)cc23)C1(C)C,tensor([6.5800])
CC1(C)C(C(=O)c2cn(CC3CCOCC3)c3ccc(Cl)cc23)C1(C)C,tensor([8.5200])
CC1(C)C(C(=O)c2cn(CCN3CCOCC3)c3cc(O)ccc23)C1(C)C,tensor([6.9600])
COC(=O)c1ccc2c(c1)c(C(=O)C1C(C)(C)C1(C)C)cn2CC1CCOCC1,tensor([6.6200])
COC(=O)c1ccc2c(C(=O)C3C(C)(C)C3(C)C)cn(CC3CCOCC3)c2c1,tensor([8.8600])
COc1cc2c(cc1O)c(C(=O)C1C(C)(C)C1(C)C)cn2CC1CCOCC1,tensor([9.1600])
CC1(C)C(C(=O)c2cn(CC3CCOCC3)c3cc(S(C)(=O)=O)ccc23)C1(C)C,tensor([8.5300])
CC1(C)C(C(=O)c2cn(CC3CCOCC3)c3ccc(O)cc23)C1(C)C,tensor([8.7200])
CC1(C)C(C(=O)c2cn(CC3CCOCC3)c3cc(O)c(O)cc23)C1(C)C,tensor([7.6800])
CC1(C)C(C(=O)c2cn(CC3CCOCC3)c3cc(Br)ccc23)C1(C)C,tensor([9.1900])
CC1(C)C(C(=O)c2cn(CC3CCOCC3)c3ccc(CO)cc23)C1(C)C,tensor([6.9500])
COCc1ccc2c(c1)c(C(=O)C1C(C)(C)C1(C)C)cn2CC1CCOCC1,tensor([7.5900])
CC1(C)C(C(=O)c2cn(CC3CCOCC3)c3ccc(C#N)cc23)C1(C)C,tensor([7.5200])
CC1(C)C(C(=O)c2cn(CCN3CCOCC3)c3cccc([N+](=O)[O-])c23)C1(C)C,tensor([6.5300])
CC1(C)C(C(=O)c2cn(CCN3CCOCC3)c3ccc(O)cc23)C1(C)C,tensor([7.0400])
COc1cccc2c(C(=O)C3C(C)(C)C3(C)C)cn(CC3CCOCC3)c12,tensor([9.9200])
CC1(C)C(C(=O)c2cn(CC3CCOCC3)c3ccc(OCc4ccccc4)cc23)C1(C)C,tensor([8.9000])
CC1(C)C(C(=O)c2cn(CCN3CCOCC3)c3ccccc23)C1(C)C,tensor([8.3600])
CC1(C)C(C(=O)c2cn(CC3CCOCC3)c3cc(C(F)(F)F)ccc23)C1(C)C,tensor([8.4600])
Cc1ccc2c(C(=O)C3C(C)(C)C3(C)C)cn(CC3CCOCC3)c2c1,tensor([9.8300])
CC1(C)C(C(=O)c2cn(CC3CCOCC3)c3cc(C#N)ccc23)C1(C)C,tensor([8.3000])
CC1(C)C(C(=O)c2cn(CC3CCOCC3)c3cccc(O)c23)C1(C)C,tensor([8.4100])
CC1(C)C(C(=O)c2cn(CCN3CCOCC3)c3cccc(N)c23)C1(C)C,tensor([7.5000])
COc1cccc2c1c(C(=O)C1C(C)(C)C1(C)C)cn2CC1CCOCC1,tensor([8.4800])
CC1(C)C(C(=O)c2cn(CC3CCOCC3)c3ccc(N)cc23)C1(C)C,tensor([8.0300])
CC1(C)C(C(=O)c2cn(CC3CCOCC3)c3cc4c(cc23)OCO4)C1(C)C,tensor([9.])
CC1(C)C(C(=O)c2cn(CC3CCOCC3)c3c(O)cccc23)C1(C)C,tensor([8.5000])
CC1(C)C(C(=O)c2cn(CC3CCOCC3)c3c(F)c(F)c(F)c(F)c23)C1(C)C,tensor([8.3100])
CC1(C)C(C(=O)c2cn(CC3CCOCC3)c3cccc(OCc4ccccc4)c23)C1(C)C,tensor([8.0300])
COc1ccc2c(c1)c(C(=O)C1C(C)(C)C1(C)C)cn2CC1CCOCC1,tensor([8.3400])
CC1(C)C(C(=O)c2cn(CC3CCOCC3)c3ccc(OCCCCBr)cc23)C1(C)C,tensor([7.1400])
Cc1c(C(=O)C2C(C)(C)C2(C)C)c2ccccc2n1CCN1CCOCC1,tensor([7.5700])
CC1(C)C(C(=O)c2cn(CC3CCOCC3)c3cc(-c4ccccc4)ccc23)C1(C)C,tensor([9.3900])
COc1ccc2c(C(=O)C3C(C)(C)C3(C)C)cn(CC3CCOCC3)c2c1,tensor([9.2900])
CC1(C)C(C(=O)c2cn(CC3CCOCC3)c3cc(CN)ccc23)C1(C)C,tensor([7.2100])
CC1(C)C(C(=O)c2cn(CC3CCOCC3)c3ccc(-c4ccccc4)cc23)C1(C)C,tensor([7.2400])
COc1ccc2c(C(=O)C3C(C)(C)C3(C)C)cn(CCN3CCOCC3)c2c1,tensor([8.8000])
CN1CCCCC1Cn1cc(C(=O)c2cc([N+](=O)[O-])ccc2I)c2ccccc21,tensor([7.9400])
CC1(C)C(C(=O)c2cn(CC3CCOCC3)c3ccc(Br)cc23)C1(C)C,tensor([8.1800])
CC1(C)C(C(=O)c2cn(CCN3CCOCC3)c3cc(OCc4ccccc4)ccc23)C1(C)C,tensor([8.5400])
CC1(C)C(C(=O)c2cn(CC3CCOCC3)c3ccc(F)cc23)C1(C)C,tensor([8.8000])
COc1ccc2c(c1)c(C(=O)C1C(C)(C)C1(C)C)cn2CCN1CCOCC1,tensor([6.6300])
COc1cc2c(cc1OCc1ccccc1)c(C(=O)C1C(C)(C)C1(C)C)cn2CC1CCOCC1,tensor([8.7500])
CC1(C)C(C(=O)c2cn(CC3CCOCC3)c3cc(Cl)ccc23)C1(C)C,tensor([8.6000])
Cc1c(C(=O)NCC2CCCCC2)nn(-c2ccc(Cl)cc2)c1-n1cccc1,tensor([6.4100])
Cc1c(C(=O)NN2CCCCC2)nn(-c2ccc(Cl)c(Cl)c2)c1-n1cccc1,tensor([7.7000])
Cc1c(C(=O)NCc2ccc(Cl)c(Cl)c2)nn(-c2ccc(Cl)c(Cl)c2)c1-n1cccc1,tensor([6.8200])
Cc1c(C(=O)NN2CCCCC2)nn(-c2c(Cl)cc(Cl)cc2Cl)c1-n1c(C)ccc1C,tensor([5.4100])
Cc1c(C(=O)NC2CCCCC2)nn(-c2ccc(F)cc2F)c1-n1cccc1,tensor([7.1900])
N#Cc1c(C(=O)NCc2ccc(Cl)c(Cl)c2)nn(-c2ccccc2)c1-n1cccc1,tensor([5.4100])
Cc1c(C(=O)NC2CCCCC2)nn(-c2ccc(Cl)cc2Cl)c1-n1cccc1,tensor([7.1900])
Cc1c(C(=O)NN2CCCCC2)nn(-c2ccc(Cl)cc2Cl)c1-n1c(C)ccc1C,tensor([6.0100])
Cc1c(C(=O)NCc2ccc(Cl)c(Cl)c2)nn(-c2ccc(F)cc2F)c1-n1c(C)ccc1C,tensor([5.4100])
Cc1c(C(=O)NN2CCCCC2)nn(-c2ccc(F)cc2F)c1-n1cccc1,tensor([5.6200])
Cc1c(C(=O)NC2CCCCC2)nn(-c2ccc(Cl)c(Cl)c2)c1-n1c(C)ccc1C,tensor([8.8900])
Cc1c(C(=O)NN2CCCCC2)nn(-c2ccc(F)cc2F)c1-n1c(C)ccc1C,tensor([5.4100])
Cc1c(C(=O)NC2CCCCC2)nn(-c2ccc(Cl)cc2Cl)c1-n1c(C)ccc1C,tensor([7.0600])
Cc1c(C(=O)NN2CCCCC2)nn(-c2ccc(Cl)cc2Cl)c1-n1cccc1,tensor([5.7600])
Cc1c(C(=O)NCc2ccc(Cl)c(Cl)c2)nn(-c2ccc(Cl)c(Cl)c2)c1-n1c(C)ccc1C,tensor([5.8600])
Cc1c(C(=O)NN2CCCCC2)nn(-c2ccc(Cl)cc2Cl)c1-c1ccc(I)cc1,tensor([6.9500])
Cc1c(C(=O)NN2CCCCC2)nn(-c2ccc(Cl)cc2)c1-n1cccc1,tensor([5.6600])
Cc1c(C(=O)NC2CCCCC2)nn(-c2ccc(F)cc2F)c1-n1c(C)ccc1C,tensor([6.2400])
Cc1c(C(=O)NCc2ccc(Cl)c(Cl)c2)nn(-c2ccc(Cl)cc2Cl)c1-n1cccc1,tensor([6.2900])
Cc1c(C(=O)NN2CCCCC2)nn(-c2ccc(Cl)c(Cl)c2)c1-n1c(C)ccc1C,tensor([7.5400])
O=C(NC1CCCCC1)c1cc(-n2cccc2)n(-c2ccc(Cl)cc2)n1,tensor([5.7600])
Cc1c(C(=O)NC2CCCCC2)nn(-c2ccc(Cl)c(Cl)c2)c1-n1cccc1,tensor([8.7700])
Cc1c(C(=O)NCc2ccc(Cl)c(Cl)c2)nn(-c2ccc(Cl)cc2Cl)c1-n1c(C)ccc1C,tensor([5.4100])
Cc1c(C(=O)NC2CCCCC2)nn(-c2c(Cl)cc(Cl)cc2Cl)c1-n1c(C)ccc1C,tensor([6.4100])
COc1ccc(C2C(Cc3cc4ccccc4o3)C(=O)N2c2ccccc2)cc1,tensor([6.7100])
COc1ccc(C2C(CCCc3cccnc3)C(=O)N2c2ccccc2)cc1,tensor([5.9600])
COc1ccc(C2C(CCS(=O)(=O)c3ccccc3)C(=O)N2c2ccccc2)cc1,tensor([5.9100])
CC(=O)SC(CCc1ccccc1)C1C(=O)N(c2ccc(F)cc2)C1c1ccc(O)cc1,tensor([6.5500])
COC(=O)Cn1nnc(Cc2ccc(-c3ccccc3)cc2)n1,tensor([5.0900])
CC(=O)Cn1nnc(Cc2ccc(-c3ccccc3)cc2)n1,tensor([5.2800])
CC(C)Cn1nnc(Cc2ccc(-c3ccccc3)cc2)n1,tensor([5.3300])
CC(C)Cn1nnnc1Cc1ccc(-c2ccccc2)cc1,tensor([5.1100])
CC(CO)NC(=O)CCCC=CCC=CCC=CCC=CCCOC(=O)c1cccc2c1OC(C)(C(C)(C)C)O2,tensor([5.9900])
Nc1ccc2c(=O)cc(C(=O)NC3CCCCC3)n(Cc3ccccc3)c2n1,tensor([5.1000])
O=C(NC1CCCCCC1)c1cn(CCN2CCOCC2)c2ccccc2c1=O,tensor([7.5500])
COc1ccc2c(=O)c(C(=O)NC3CCCCC3)cn(Cc3ccccc3)c2n1,tensor([7.9600])
CCCCCC=CCC=CCC=CCC=CCCCC(=O)NCCCl,tensor([7.0200])
CN(C)c1ccc2c(=O)c(C(=O)NC3CCCCC3)cn(CCN3CCOCC3)c2n1,tensor([7.0300])
COc1ccc2c(=O)c(C(=O)NC3CCCCC3)cn(CCN3CCOCC3)c2c1,tensor([7.1000])
O=c1c2cn(CCN3CCOCC3)c3ccccc3c-2nn1-c1ccccc1,tensor([5.6400])
O=C(NC1CCCCCC1)c1cn(Cc2ccccc2)c2ccccc2c1=O,tensor([8.1900])
O=c1c2cn(Cc3ccccc3)c3ccccc3c-2nn1C1CCCCC1,tensor([6.1000])
COc1ccc2c(=O)c(C(=O)NC3CCCCC3)cn(Cc3ccccc3)c2c1,tensor([7.1000])
O=c1c2cn(Cc3ccccc3)c3cc(Cl)ccc3c-2nn1C1CCCCC1,tensor([5.7900])
CCC(CC)(CC)c1cc(N=C2OCC3(CCCCC3)CN2C(=S)SC)on1,tensor([9.])
CSC(=S)N1CC2(CCCCC2)COC1=Nc1ccc([N+](=O)[O-])c2ccccc12,tensor([8.6200])
CSC(=S)N1CC2(CCCCC2)COC1=Nc1cc(C(C)(C)C)no1,tensor([9.])
CSC(=S)N1CC2(CCCCC2)COC1=Nc1cc(C(C)(C)C)on1,tensor([8.3300])
CSC(=S)N1CC2(CCCCC2)COC1=Nc1nc(C(C)(C)C)cs1,tensor([9.])
CSC(=S)N1CC2(CCCCC2)COC1=Nc1ccc(Cl)c2ccccc12,tensor([9.0500])
CSC(=S)N1CC2(CCCCC2)COC1=Nc1cccc2c1CCCC2,tensor([9.])
COc1ccccc1N=C1OCC2(CCCCC2)CN1C(=S)SC,tensor([9.0500])
CSC(=S)N1CC2(CCCCC2)COC1=Nc1cccc2nonc12,tensor([8.1700])
CSC(=S)N1CC2(CCCCC2)COC1=Nc1ccc(C#N)c2ccccc12,tensor([8.7400])
CSC(=S)N1CC2(CCCCC2)COC1=Nc1ccc(N(C)C)c2ccccc12,tensor([8.1800])
CSC(=O)N1CC2(CCCCC2)CSC1=Nc1cccc2ccccc12,tensor([8.8200])
CSC(=O)N1CC2(CCCCC2)CNC1=Nc1cccc2ccccc12,tensor([6.8100])
CSC(=O)N1CC2(CCCCC2)COC1=Nc1cccc2ccccc12,tensor([8.2400])
CSC(=S)N1CC2(CCCCC2)COC1=Nc1ccccc1,tensor([7.9600])
CSC(=S)N1CC2(CCCCC2)COC1=Nc1ccc(Cl)c2c1CCCC2,tensor([8.2400])
CSC(=S)N1CC2(CCCCC2)COC1=Nc1ccc(F)c2ccccc12,tensor([9.1000])
CSC(=S)N1CC2(CCCCC2)COC1=Nc1ccc(C#N)c2c1CCCC2,tensor([8.7200])
COc1ccccc1CNC(=O)c1oc2ccc(S(=O)(=O)N3CC(C)CC(C)C3)cc2c1C,tensor([4.6400])
Cc1ccc(CNC(=O)c2oc3ccc(S(=O)(=O)N4CC(C)CC(C)C4)cc3c2C)cc1,tensor([4.7200])
Cc1c(C(=O)N2CCCCCC2)oc2ccc(S(=O)(=O)N3CC(C)CC(C)C3)cc12,tensor([5.3100])
CCOc1ccccc1CNC(=O)c1oc2ccc(S(=O)(=O)N3CC(C)CC(C)C3)cc2c1C,tensor([5.])
CCN(Cc1ccccc1)C(=O)c1oc2ccc(S(=O)(=O)N3CC(C)CC(C)C3)cc2c1C,tensor([5.5100])
Cc1c(C(=O)NCc2ccccc2)oc2ccc(S(=O)(=O)N3CC(C)CC(C)C3)cc12,tensor([5.1800])
Cc1c(C(=O)NC2CCCCC2)oc2ccc(S(=O)(=O)N3CC(C)CC(C)C3)cc12,tensor([4.7600])
Cc1c(C(=O)NCCc2ccccc2)oc2ccc(S(=O)(=O)N3CC(C)CC(C)C3)cc12,tensor([5.2200])
Cc1c(C(=O)NCc2ccc(F)cc2)oc2ccc(S(=O)(=O)N3CC(C)CC(C)C3)cc12,tensor([5.4000])
Cc1c(C(=O)NCc2ccccc2Cl)oc2ccc(S(=O)(=O)N3CC(C)CC(C)C3)cc12,tensor([5.3200])
Cc1c(C(=O)N(C)Cc2ccccc2)oc2ccc(S(=O)(=O)N3CC(C)CC(C)C3)cc12,tensor([5.1800])
CCCCNC(=O)c1oc2ccc(S(=O)(=O)N3CC(C)CC(C)C3)cc2c1C,tensor([5.0300])
Cc1c(C(=O)NC2CCCC2)oc2ccc(S(=O)(=O)N3CC(C)CC(C)C3)cc12,tensor([5.1300])
CCOc1ccc(Cc2nc3cc(C(=O)N(CC)CC)ccc3n2CC2CCCN2C)cc1,tensor([7.9200])
CCOc1ccc(Cc2nc3cc(C(=O)N(CC)CC)ccc3n2CC2CCCC2)cc1,tensor([9.])
CCOc1ccc(Cc2nc3cc(C(=O)N(CC)CC)ccc3n2Cc2ccncc2)cc1,tensor([7.8000])
CCOc1ccc(Cc2nc3cc(N(C)C(=O)N(CC)CC)ccc3n2CC2CC2)cc1,tensor([8.2300])
CCOc1ccc(Cc2nc3cc(C(=O)N(CC)CC)ccc3n2Cc2ccccc2)cc1,tensor([7.9200])
CCOc1ccc(Cc2nc3cc(N(C)C(=O)N(C)C)ccc3n2CC2CC2)cc1,tensor([7.3900])
CCOc1ccc(Cc2nc3cc(C(=O)N(CC)CC)ccc3n2CC2CC2)cc1,tensor([8.3900])
CCOc1ccc(Cc2nc3cc(C(=O)N(C)C4CCCCC4)ccc3n2CC2CC2)cc1,tensor([7.9600])
CCCN(C)C(=O)c1ccc2c(c1)nc(Cc1ccc(OCC)cc1)n2CC1CC1,tensor([8.1200])
CCNC(=O)c1ccc2c(c1)nc(Cc1ccc(OCC)cc1)n2CC1CC1,tensor([7.2000])
CCOc1ccc(Cc2nc3cc(C(=O)N(CC)CC)ccc3n2CCC(C)C)cc1,tensor([8.3500])
CCOc1ccc(Cc2nc3cc(C(=O)N(CC)CC)ccc3n2Cc2ccccn2)cc1,tensor([7.4100])
CCOc1ccc(Cc2nc3cc(C(=O)N(CC)CC)ccc3n2CCN(C)C)cc1,tensor([7.4400])
CCOc1ccc(Cc2nc3cc(N(C)C(=O)c4cccs4)ccc3n2CC2CC2)cc1,tensor([8.3000])
CCOc1ccc(Cc2nc3cc(C(=O)N(CC)CC)ccc3n2Cc2ccco2)cc1,tensor([7.9600])
CCOc1ccc(Cc2nc3cc(C(=O)N4CCCC4)ccc3n2CC2CC2)cc1,tensor([7.8500])
CCN(CC)C(=O)c1ccc2c(c1)nc(Cc1ccc(OCC3CC3)cc1)n2CCC(C)C,tensor([7.2800])
CCOc1ccc(Cc2nc3cc(C(=O)N(CC)CC)ccc3n2CC2CCCO2)cc1,tensor([7.8200])
CCOc1ccc(C(O)c2nc3cc(C(=O)N(CC)CC)ccc3n2CCC(C)C)cc1,tensor([7.2400])
CCN(CC)C(=O)c1ccc2c(c1)nc(Cc1ccc(Oc3ccccc3)cc1)n2CCC(C)C,tensor([8.3100])
CCN(CC)C(=O)c1ccc2c(c1)nc(Cc1ccc(OC3CCCC3)cc1)n2CCC(C)C,tensor([7.3700])
CCOc1ccc(Cc2nc3cc(C(=O)N4CCCCC4)ccc3n2CC2CC2)cc1,tensor([8.1600])
CCOc1ccc(Cc2nc3cc(C(=O)N(CC(F)(F)F)CC(F)(F)F)ccc3n2CC2CC2)cc1,tensor([8.2500])
CCN(CC)C(=O)c1ccc2c(c1)nc(Cc1ccc(O)cc1)n2CCC(C)C,tensor([6.1000])
CCN(CC)C(=O)c1ccc2c(c1)nc(Cc1ccc(OCC(F)(F)F)cc1)n2CCC(C)C,tensor([7.2400])
CCOc1ccc(Cc2nc3cc(C(=O)N(CC)CC)ccc3n2CC2CCCCN2)cc1,tensor([7.4600])
CCN(CC)C(=O)c1ccc2c(c1)nc(Cc1ccc(OC(C)C)cc1)n2CCC(C)C,tensor([8.3500])
CCN(CC)C(=O)c1ccc2c(c1)nc(Cc1ccc(OC3CCC3)cc1)n2CCC(C)C,tensor([7.3600])
CCOc1ccc(Cc2nc3cc(C(=O)N(CC)CC)ccc3n2CC2CCCCN2C)cc1,tensor([8.0500])
CCOc1ccc(Cc2nc3cc(N(C)C(=O)NC(C)C)ccc3n2CC2CC2)cc1,tensor([8.2400])
CCN(CC)C(=O)c1ccc2c(c1)nc(Cc1ccc(OC3CCCCC3)cc1)n2CCC(C)C,tensor([6.2800])
CCN(CC)C(=O)c1ccc2c(c1)nc(Cc1ccc(OC)cc1)n2CCC(C)C,tensor([7.7700])
CCOc1ccc(C(=O)c2nc3cc(C(=O)N(CC)CC)ccc3n2CCC(C)C)cc1,tensor([7.4600])
CCOc1ccc(Cc2nc3cc(C(=O)N(CC)CC)ccc3n2Cc2cc[n+]([O-])cc2)cc1,tensor([6.2300])
CCOc1ccc(Cc2nc3cc(C(=O)N(CC)CC)ccc3n2CC2CCCCC2)cc1,tensor([8.4300])
CCOc1ccc(Cc2nc3cc(C(=O)N(CC)CC)ccc3n2CC2CCOCC2)cc1,tensor([8.4100])
CCOc1ccc(Cc2nc3cc(NC)ccc3n2CC2CC2)cc1,tensor([5.3600])
CCOc1ccc(Cc2nc3cc(C(=O)N(CC)CC)ccc3n2CC2CC2)cn1,tensor([6.8800])
CCOc1ccc(Cc2nc3cc(C(=O)N(CC)CC)ccc3n2CC2CCC2)cc1,tensor([8.8000])
CCOc1ccc(Cc2nc3cc(N(C)C(C)=O)ccc3n2CC2CC2)cc1,tensor([5.8700])
CCOc1ccc(Cc2nc3cc(N(C)C(=O)N4CCCCC4)ccc3n2CC2CC2)cc1,tensor([8.4000])
CCOc1ccc(Cc2nc3cc(N(C)C(=O)CC(C)C)ccc3n2CC2CC2)cc1,tensor([8.4000])
CCOc1ccc(Cc2nc3cc(C(=O)N(CC)CC)ccc3n2CC23CC4CC(CC(C4)C2)C3)cc1,tensor([8.5500])
CCOc1ccc(Cc2nc3cc(C(=O)N(CC)CC)ccc3n2CC2CC2)nc1,tensor([7.5700])
CCN(CC)C(=O)c1ccc2c(c1)nc(Cc1ccc(OC(F)(F)F)cc1)n2CCC(C)C,tensor([7.6000])
CCCN(CCC)C(=O)c1ccc2c(c1)nc(Cc1ccc(OCC)cc1)n2CC1CC1,tensor([8.5500])
O=S1(=O)CCN(c2cnc(-c3ccc(C(F)(F)F)cc3)c(-c3ccncc3Cl)n2)CC1,tensor([5.7200])
CC(C)C(=O)NC1CCN(c2cnc(-c3ccc(C(F)(F)F)cc3)c(-c3ccncc3Cl)n2)CC1,tensor([5.3100])
Cc1c(C(=O)NN2CCCCC2)nn(-c2c(Cl)cc(Cl)cc2Cl)c1-c1ccc(Cl)cc1Cl,tensor([5.9600])
Cc1cc(Cl)cc(C)c1-c1c(C)c(C(=O)NN2CCCCC2)nn1-c1ccc(Cl)cc1Cl,tensor([6.1200])
Cc1cc(Cl)ccc1-c1c(C)c(C(=O)NN2CCCCC2)nn1-c1ccc(Cl)cc1Cl,tensor([5.9500])
Cc1cc(Cl)ccc1-c1c(C)c(C(=O)NN2CCCCC2)nn1-c1c(Cl)cc(Cl)cc1Cl,tensor([5.7500])
O=C(NN1CCCCC1)c1nn(-c2ccc(Cl)cc2Cl)c2c1CCCCc1cc(Cl)ccc1-2,tensor([6.3100])
COc1ccccc1Cc1cc2c(OC)cc(C)cc2oc1=O,tensor([5.9900])
COc1cc(C)cc2oc(=O)c(Cc3ccc(Cl)cc3)cc12,tensor([5.0300])
COc1ccccc1Cc1cc2c(OC)cccc2oc1=O,tensor([5.4600])
COc1cc(C)cc2oc(=O)c(Cc3ccc(C)cc3)cc12,tensor([5.3200])
COc1ccccc1Cc1cc2c(OC)ccc(C)c2oc1=O,tensor([5.4400])
COc1ccccc1Cc1cc2c(ccc3ccccc32)oc1=O,tensor([5.6900])
Cc1ccc(C(C)C)c2cc(Cc3ccccc3)c(=O)oc12,tensor([5.3700])
COc1ccccc1Cc1cc2c(C(C)C)ccc(C)c2oc1=O,tensor([5.2500])
COc1cc(C)cc2oc(=O)c(Cc3ccccc3Cl)cc12,tensor([5.8100])
COc1cc(C)cc2oc(=O)c(Cc3ccccc3O)cc12,tensor([5.2800])
COc1ccc(Cc2cc3c(OC)cc(C)cc3oc2=O)c(OC)c1,tensor([5.5600])
Cc1c(C(=O)NN2CCOCC2)nn(-c2ccc(Cl)cc2Cl)c1-c1ccc(I)cc1,tensor([5.3800])
COc1cccc(Cc2cc3c(OC)cc(C)cc3oc2=O)c1,tensor([5.4700])
COc1ccc(Cc2cc3c(OC)cc(C)cc3oc2=O)cc1,tensor([5.2400])
CCCCCCC(C)(C)c1cc(O)cc(OCCCCCCCCCCC(=O)NCC2CC2)c1,tensor([7.5000])
CCCCCCC(C)(C)c1cc(O)cc(OCCCCCCCCCCC(=O)NCCO)c1,tensor([7.5200])
CCCCCCCOc1cc(O)cc(OCCCCCCCCCCC(=O)NC2CC2)c1,tensor([6.7000])
O=C(CCCCCCCCCCOc1cc(O)cc(O)c1)NCCO,tensor([5.])
CCCCCCC(C)(C)c1cc(O)cc(OCCCCCCCCCCC(=O)NCCc2ccc(O)c(O)c2)c1,tensor([5.3000])
CCCCCCC(C)(C)c1cc(O)cc(OCCCCCCCCCCCC(=O)NCCO)c1,tensor([7.1000])
CCCCCCC(C)(C)c1cc(O)cc(OCCCCCCCCCCCC(=O)NCC2CC2)c1,tensor([6.2200])
CCCCCCC(C)(C)c1cc(O)cc(OCCCCCCCC(=O)NCC2CC2)c1,tensor([7.5000])
CC(C)CCOc1cc(O)cc(OCCCCCCCCCCC(=O)NCCO)c1,tensor([6.2400])
CCCCOc1cc(O)cc(OCCCCCCCCCCC(=O)NCCO)c1,tensor([5.8000])
CC(C)CCOc1cc(O)cc(OCCCCCCCCCCC(=O)NC2CC2)c1,tensor([6.9000])
CCCCCCC(C)(C)c1cc(O)cc(OCCCCCCCCCCC(=O)NCc2ccc(O)c(OC)c2)c1,tensor([6.2900])
CCCCCCC(C)(C)c1cc(O)cc(OCCCCCCCCCCC(=O)NC2CC2)c1,tensor([8.1000])
CCCCCCC(C)(C)c1cc(O)cc(OCCCCCCCC(=O)NC2CC2)c1,tensor([8.1000])
CC(C)CCOc1cc(O)cc(OCCCCCCCCCCC(=O)NCC2CC2)c1,tensor([6.7000])
CCCCCCC(C)(C)c1cc(O)cc(OCCCCCCCCCCCC(=O)NC2CC2)c1,tensor([7.7000])
CCCCOc1cc(O)cc(OCCCCCCCCCCC(=O)NC2CC2)c1,tensor([6.9200])
O=C(CCCCCCCCCCOc1cc(O)cc(O)c1)NC1CC1,tensor([5.])
CCCCCCC(C)(C)c1cc(O)cc(OCCCCCCCC(=O)NCCO)c1,tensor([6.8000])
O=C(CCCCCCCCCCOc1cc(O)cc(O)c1)NCC1CC1,tensor([5.])
CN1CCN(NC(=O)c2cnn(-c3ccc(Cl)cc3Cl)c2-c2ccc(Br)cc2)CC1,tensor([4.5200])
O=C(NC1CC1)c1cnn(-c2ccc(Cl)cc2Cl)c1-c1ccc(Cl)cc1,tensor([4.6800])
O=C(NN1CCCCC1)c1cnn(-c2ccc(Cl)cc2Cl)c1-c1ccc(I)cc1,tensor([5.7200])
CC1=CCC2C(C1)c1c(O)cc(C(C)(C)c3ccc(Cl)cc3)cc1OC2(C)C,tensor([8.7800])
CC1=CCC2C(C1)c1c(O)cc(C(C)(C)c3ccccc3C)cc1OC2(C)C,tensor([7.9700])
CCc1ccc(C(C)(C)c2cc(O)c3c(c2)OC(C)(C)C2CC=C(C)CC32)cc1,tensor([9.1700])
CC1=CCC2C(C1)c1c(O)cc(C(C)(C)c3ccc(Br)cc3)cc1OC2(C)C,tensor([8.8100])
CC1=CCC2C(C1)c1c(O)cc(C(C)(C)c3ccc(C)cc3)cc1OC2(C)C,tensor([9.0600])
CC1=CCC2C(C1)c1c(O)cc(C(C)(C)c3cccc(Cl)c3)cc1OC2(C)C,tensor([8.4500])
CC1=CCC2C(C1)c1c(O)cc(C(C)(C)c3cccc(F)c3)cc1OC2(C)C,tensor([9.0500])
CCCc1ccc(C(C)(C)c2cc(O)c3c(c2)OC(C)(C)C2CC=C(C)CC32)cc1,tensor([8.1100])
CC1=CCC2C(C1)c1c(O)cc(C(C)(C)c3cccc(C)c3)cc1OC2(C)C,tensor([8.9500])
CC1=CCC2C(C1)c1c(O)cc(C(C)(C)c3cccc(Br)c3)cc1OC2(C)C,tensor([9.2700])
CC1=CCC2C(C1)c1c(O)cc(C(C)(C)c3cccs3)cc1OC2(C)C,tensor([9.5700])
CC1=CCC2C(C1)c1c(O)cc(C(C)(C)c3ccccc3)cc1OC2(C)C,tensor([9.0400])
CC1=CCC2C(C1)c1c(O)cc(C(C)(C)c3cccc(C#N)c3)cc1OC2(C)C,tensor([9.0400])
CC1=CCC2C(C1)c1c(O)cc(C(C)(C)c3ccc(F)cc3)cc1OC2(C)C,tensor([7.9100])
CCCCCc1cc(O)c2c(c1)OC(C)(C)C1CC=C(C)CC21,tensor([7.6000])
CC1=CCC2C(C1)c1c(O)cc(C(C)(C)c3cc(C)cc(C)c3)cc1OC2(C)C,tensor([8.1300])
CC1=CCC2C(C1)c1c(O)cc(C(C)(C)c3ccc(C(N)=O)cc3)cc1OC2(C)C,tensor([7.8700])
O=C(Cc1ccc(Br)cc1)NCCC(c1ccccc1)c1ccccc1,tensor([5.8900])
Cc1ccc(C(C(=O)NCCC(c2ccccc2)c2ccccc2)c2ccccc2)cc1,tensor([6.1900])
O=C(Cc1ccc(Cl)cc1)NCCC(c1ccccc1)c1ccccc1,tensor([5.6200])
O=C(NCCCc1ccccc1)C(c1ccccc1)c1ccc(Cl)cc1,tensor([5.6200])
O=C(NCCCc1ccccc1)C(c1ccccc1)c1ccc(Br)cc1,tensor([5.7500])
CC(C(=O)NCCC(c1ccccc1)c1ccccc1)(c1ccccc1)c1ccccc1,tensor([6.5400])
O=C(NCCC(c1ccccc1)c1ccccc1)C(c1ccccc1)c1ccccc1,tensor([5.1000])
O=C(NCCC(c1ccccc1)c1ccccc1)C(Cl)(c1ccccc1)c1ccccc1,tensor([5.8500])
O=C(NCCC(c1ccccc1)c1ccccc1)C(O)(c1ccccc1)c1ccccc1,tensor([5.6400])
O=C(NCCC(c1ccccc1)c1ccccc1)C(c1ccccc1)c1ccc(O)cc1,tensor([5.9600])
COc1ccc(C(C(=O)NCCC(c2ccccc2)c2ccccc2)c2ccccc2)cc1,tensor([6.1000])
O=C(NCCC(c1ccccc1)c1ccccc1)C(c1ccccc1)c1ccc([N+](=O)[O-])cc1,tensor([6.1000])
CCCCCCCCCCCC(CC1OC(=O)C1CCCCCC)OC(=O)CCNC=O,tensor([5.1900])
CCCCCCCCCCCC(CC1OC(=O)C1CCCCCC)OC(=O)C1CCCN1C=O,tensor([5.1300])
CCCCCCCCCCCCCCCC(=O)NC1CC1O,tensor([5.7900])
CCCCCC=CCC=CCC=CCC=CCCCC(=O)NC1CC1O,tensor([6.8200])
O=C(Nc1cccc2ccccc12)N1Cc2ccccc2N(CCN2CCOCC2)C1=O,tensor([7.3900])
O=C(NC1CCCCC1O)n1c(=O)n(CCN2CCOCC2)c2ccccc21,tensor([6.3200])
CC(C)(C)C(NC(=O)n1c(=O)n(CC2CCCO2)c2ccccc21)C(N)=O,tensor([8.2200])
CN(C)C(=O)C(NC(=O)n1c(=O)n(CCN2CCOCC2)c2ccccc21)C(C)(C)C,tensor([7.6000])
CC(C)(C)C(NC(=O)n1c(=O)n(CCC2(O)CCOCC2)c2ccccc21)C(N)=O,tensor([6.8400])
CC(C)(C)C(NC(=O)n1c(=O)n(CCN2CCCC2)c2ccccc21)C(N)=O,tensor([6.6200])
O=C(NC1CCCc2ccccc21)N1Cc2ccccc2N(CCN2CCOCC2)C1=O,tensor([8.0500])
CC(C)(O)Cn1c(=O)n(C(=O)NC(C(N)=O)C(C)(C)C)c2ccccc21,tensor([6.7100])
CC(C)(O)CCn1c(=O)n(C(=O)NC(C(N)=O)C(C)(C)C)c2ccccc21,tensor([8.1000])
CC(C)(C)C(NC(=O)n1c(=O)n(CCC2CCOCC2)c2ccccc21)C(N)=O,tensor([8.4000])
CC(C)(C)C(NC(=O)n1c(=O)n(CC2(O)CCOCC2)c2ccccc21)C(N)=O,tensor([7.0400])
Cc1noc(C(NC(=O)n2c(=O)n(CCN3CCOCC3)c3ccccc32)C(C)(C)C)n1,tensor([7.8200])
CC(NC(=O)n1c(=O)n(CCN2CCOCC2)c2ccccc21)c1ccc(F)cc1,tensor([6.6300])
CC(C)(C)C(CO)NC(=O)n1c(=O)n(CCN2CCOCC2)c2ccccc21,tensor([7.8200])
CC(C)(C)C(NC(=O)n1c(=O)n(CCN2CCOCC2)c2ccccc21)C(N)=O,tensor([8.3000])
CC(C)(C)C(C#N)NC(=O)n1c(=O)n(CCN2CCOCC2)c2ccccc21,tensor([8.3000])
CCC(C)C(NC(=O)n1c(=O)n(CCN2CCOCC2)c2ccccc21)C(N)=O,tensor([7.1700])
Cn1nnc(C(NC(=O)n2c(=O)n(CCN3CCOCC3)c3ccccc32)C(C)(C)C)n1,tensor([8.3000])
O=C(NC1CCCc2ccccc21)n1c(=O)n(CCN2CCOCC2)c2ccccc21,tensor([8.1500])
CC(C)CCn1c(=O)n(C(=O)NC(C(N)=O)C(C)(C)C)c2ccccc21,tensor([9.])
CNC(=O)C(NC(=O)n1c(=O)n(CCN2CCOCC2)c2ccccc21)C(C)(C)C,tensor([7.7000])
O=C(NC1CCOc2ccccc21)n1c(=O)n(CCN2CCOCC2)c2ccccc21,tensor([7.1300])
O=C(NC1c2ccccc2CCC1O)n1c(=O)n(CCN2CCOCC2)c2ccccc21,tensor([7.2900])
O=C(Nc1cccc2ccccc12)n1c(=O)n(CCN2CCOCC2)c2ccccc21,tensor([8.1000])
O=C(NC1CCCCC1)c1cc2cccnc2n(CCN2CCOCC2)c1=O,tensor([8.1000])
O=C(NC1CCCCCC1)c1cc2cccnc2n(CCN2CCOCC2)c1=O,tensor([8.5200])
O=C(NC1CCCCC1)c1cc2cccnc2n(Cc2ccc(F)cc2)c1=O,tensor([8.6600])
O=C(NC1CCCCCC1)c1cc2cccnc2n(Cc2ccccc2)c1=O,tensor([7.6600])
CC1CCC(NC(=O)c2cc3cccnc3n(CCN3CCOCC3)c2=O)CC1,tensor([8.7200])
CCCCn1c(=O)c(C(=O)NC2CCCCC2)cc2cccnc21,tensor([7.1600])
CC1CCC(NC(=O)c2cc3cccnc3n(Cc3ccccc3)c2=O)CC1,tensor([8.2400])
O=C(NC1CCCCC1)c1cc2cccnc2n(Cc2ccccc2)c1=O,tensor([7.5100])
O=C(NCCc1ccc(F)cc1)c1cc2cccnc2n(Cc2ccccc2)c1=O,tensor([7.1600])
CC1CCC(NC(=O)c2cc3cccnc3n(Cc3ccc(F)cc3)c2=O)CC1,tensor([9.1500])
O=C(NCc1cccc(Cl)c1)c1ccc2c(c1)N=C(N1CCC(F)(F)CC1)c1ccccc1S2,tensor([5.9000])
CCCCNC(=O)c1ccc2c(c1)N=C(c1ccccc1Cl)c1ccccc1S2,tensor([5.3000])
CCCCNC(=O)c1ccc2c(c1)N=C(c1ccc(F)c(Cl)c1)c1ccccc1S2,tensor([6.])
O=C(NN=C1C(=O)N(CCC2CCCCC2)c2ccccc21)c1ccccc1,tensor([7.2300])
O=C(NN=C1C(=O)N(Cc2ccccc2)c2ccccc21)c1ccccc1,tensor([7.7300])
CCCCCCN1C(=O)C(=NNC(=O)OC(C)(C)C)c2ccccc21,tensor([7.8600])
CCCCCCN1C(=O)C(=NNC(=O)c2ccccc2)c2ccccc21,tensor([7.3500])
CCCCN1C(=O)C(=NNC(=O)c2ccccc2)c2ccccc21,tensor([7.7100])
CCCCCn1cc(C(=O)NC23CC4CC(CC(C4)C2)C3)c(=O)c2cc(F)c(-n3cccc3)cc21,tensor([8.4400])
C=CCCCn1cc(C(=O)NC23CC4CC(CC(C4)C2)C3)c(=O)c2cc(Br)ccc21,tensor([8.0300])
CCCCCn1cc(C(=O)NC23CC4CC(CC(C4)C2)C3)c(=O)c2c(OC)ccc(OC)c21,tensor([7.2800])
CCCCCn1cc(C(=O)NC23CC4CC(CC(C4)C2)C3)c(=O)c2cc(C=Cc3ccc(OC)cc3)ccc21,tensor([7.2500])
CCCCCn1cc(C(=O)NC23CC4CC(CC(C4)C2)C3)c(=O)c2cc(Sc3ccccc3)ccc21,tensor([8.4700])
CCCCCn1cc(C(=O)NC23CC4CC(CC(C4)C2)C3)c(=O)c2cc(-c3ccccc3)ccc21,tensor([8.4200])
CCCCCn1cc(C(=O)NC23CC4CC(CC(C4)C2)C3)c(=O)c2cc(C(C)C)ccc21,tensor([8.2000])
CCCCCn1cc(C(=O)NC23CC4CC(CC(C4)C2)C3)c(=O)c2ccc(Cl)c(C)c21,tensor([7.5900])
C=CCn1cc(C(=O)NC23CC4CC(CC(C4)C2)C3)c(=O)c2c(OC)ccc(OC)c21,tensor([8.0400])
CCCCCn1cc(C(=O)NC23CC4CC(CC(C4)C2)C3)c(=O)c2cc(C(F)(F)F)ccc21,tensor([7.9400])
CCCCCn1cc(C(=O)NC23CC4CC(CC(C4)C2)C3)c(=O)c2ccc(S(=O)(=O)c3ccccc3)cc21,tensor([9.0500])
CCCCCn1cc(C(=O)NC(C)c2ccccc2)c(=O)c2ccc(OCC)cc21,tensor([7.6200])
CCCCCn1cc(C(=O)NC(C)c2ccccc2)c(=O)c2ccc(F)cc21,tensor([7.9700])
CCCCCn1cc(C(=O)NC23CC4CC(CC(C4)C2)C3)c(=O)c2cc(Br)ccc21,tensor([7.8400])
CCCCCn1cc(C(=O)NC23CC4CC(CC(C4)C2)C3)c(=O)c2ccc(Sc3ccccc3)cc21,tensor([8.8000])
CCCCCn1cc(C(=O)NC(C)c2ccccc2)c(=O)c2ccc(N3CCCC3)cc21,tensor([7.7700])
CCCCCn1cc(C(=O)NC23CC4CC(CC(C4)C2)C3)c(=O)c2cc(Oc3ccc(F)c(Cl)c3)ccc21,tensor([7.7900])
CCCCCn1cc(C(=O)NC23CC4CC(CC(C4)C2)C3)c(=O)c2ccc([S+]([O-])c3ccccc3)cc21,tensor([8.4600])
CCCCCn1cc(C(=O)NC23CC4CC(CC(C4)C2)C3)c(=O)c2ccc(F)cc21,tensor([9.1000])
C=CCCn1cc(C(=O)NC23CC4CC(CC(C4)C2)C3)c(=O)c2cc(Br)ccc21,tensor([7.6200])
CCCCCC=CCC=CCC=CCC=CCCCC(=O)NCc1ccc(O)cc1,tensor([7.])
CCCCCC=CCC=CCC=CCC=CCCCC(=O)Nc1ccc(O)c(OC)c1,tensor([6.])
CCCCCC=CCC=CCC=CCC=CCCCC(=O)Nc1ccc2[nH]ncc2c1,tensor([6.])
CCCCCC=CCC=CCC=CCC=CCCCC(=O)Nc1ccc(O)cc1,tensor([5.8900])
O=C(c1ccccc1)c1cc(O)c(-c2cc(Cl)cc(Cl)c2)c(O)c1,tensor([8.5300])
CC(C)(c1ccccc1)c1cc(O)c(-c2cc(Cl)cc(Cl)c2)c(O)c1,tensor([8.9700])
COc1cc(C(O)c2ccccc2)cc(OC)c1-c1cc(Cl)cc(Cl)c1,tensor([8.7800])
CCCCCCc1cc(O)c2c(c1)OC(C)(C)C1=C2CCN(C)C1,tensor([8.7500])
CCCCCCC(C)(C)c1cc(OC)c(C2(O)CCOCC2)c(OC)c1,tensor([6.4700])
COc1ccc2c(c1)c(CN1CCOCC1)c(C)n2C(=O)c1cccc(Cl)c1Cl,tensor([7.6600])
CCc1ccccc1NC(=O)CSc1nnc(-c2ccccc2OC)n1-c1ccccc1,tensor([8.6800])
CCCCCCC(C)(C)c1cc(O)c2c(c1)oc(=O)c1ccc(O)cc12,tensor([9.0900])
COc1ccc2c(c1)c(CC(=O)N1CCOCC1)c(C)n2C(=O)c1cccc(Cl)c1Cl,tensor([7.8500])
CCCCCCC(C)(C)c1cc(OC)c(C2(O)CCCC(C)C2)c(OC)c1,tensor([7.6400])
CCCCCn1c(C)c(C(=O)c2c(OC)ccc3ccccc23)c2ccccc21,tensor([7.4000])
CCCn1cc(C(=O)c2ccc(C)c3ccccc23)c2ccccc21,tensor([8.2100])
CCCCCC(C)(C)c1cc(OC)c2c(c1)OC(C)(C)C1CCC(C)=CC21,tensor([7.7500])
CCCn1c(C)c(C(=O)c2cccc3cc(OC)ccc23)c2ccccc21,tensor([7.5200])
COc1ccc(OC)c(N(CC(=O)NCc2ccncc2)S(=O)(=O)c2ccc(C)cc2)c1,tensor([8.8700])
CCCCCn1cc(C(=O)c2ccc(OCC)c3ccccc23)c2ccccc21,tensor([7.9800])
CCCn1cc(C(=O)c2c(OC)ccc3ccccc23)c2ccccc21,tensor([7.1000])
CCCCCn1c(C)c(C(=O)c2cccc3ccc(OC)cc23)c2ccccc21,tensor([7.9800])
CCCCCn1cc(C(=O)c2cccc3cc(OC)ccc23)c2ccccc21,tensor([8.7200])
CCCCCn1c(C)c(C(=O)c2ccc(OCC)c3ccccc23)c2ccccc21,tensor([7.6000])
CCCCc1ccc(C(=O)c2c(C)n(CCC)c3ccccc23)c2ccccc12,tensor([7.3100])
CCCn1c(C)c(C(=O)c2cccc3ccc(C)cc23)c2ccccc21,tensor([7.8000])
CCCCCn1c(C)c(C(=O)c2ccc(OC)c3ccccc23)c2ccccc21,tensor([8.7200])
CCCn1cc(C(=O)c2ccc(OCC)c3ccccc23)c2ccccc21,tensor([7.1300])
CCCCCn1cc(C(=O)c2ccc(CCC)c3ccccc23)c2ccccc21,tensor([8.9600])
CCCn1c(C)c(C(=O)c2cccc3ccc(CC)cc23)c2ccccc21,tensor([6.6200])
CCCn1cc(C(=O)c2ccc(CC)c3ccccc23)c2ccccc21,tensor([8.])
CCCCCn1cc(C(=O)c2ccc(C)c3ccccc23)c2ccccc21,tensor([8.9200])
CCCn1cc(C(=O)c2cccc3ccc(OC)cc23)c2ccccc21,tensor([7.1500])
CCCCc1ccc(C(=O)c2cn(CCC)c3ccccc23)c2ccccc12,tensor([7.2800])
CCCc1ccc(C(=O)c2cn(CCC)c3ccccc23)c2ccccc12,tensor([8.0200])
CCCCCn1cc(C(=O)c2cccc3ccc(CC)cc23)c2ccccc21,tensor([8.4200])
CCCn1cc(C(=O)c2cccc3cc(OC)ccc23)c2ccccc21,tensor([6.8600])
CCCn1c(C)c(C(=O)c2ccc(OC)c3ccccc23)c2ccccc21,tensor([7.0100])
CCCCCn1cc(C(=O)c2c(OC)ccc3ccccc23)c2ccccc21,tensor([8.1400])
CCCn1cc(C(=O)c2ccc(OC)c3ccccc23)c2ccccc21,tensor([7.5000])
CCCn1c(C)c(C(=O)c2ccc(C)c3ccccc23)c2ccccc21,tensor([7.8500])
CCCCCn1c(C)c(C(=O)c2ccc(C)c3ccccc23)c2ccccc21,tensor([9.1400])
CCCn1cc(C(=O)c2cccc3ccccc23)c2ccccc21,tensor([6.7700])
CCCn1c(C)c(C(=O)c2cccc3ccc(OC)cc23)c2ccccc21,tensor([6.3600])
CCCn1c(C)c(C(=O)c2ccc(OCC)c3ccccc23)c2ccccc21,tensor([6.6600])
CCCCCn1cc(C(=O)c2cccc3ccccc23)c2ccccc21,tensor([8.5400])
CCCCCn1cc(C(=O)c2ccc(CC)c3ccccc23)c2ccccc21,tensor([9.1600])
CCCCCn1c(C)c(C(=O)c2cccc3ccc(CC)cc23)c2ccccc21,tensor([8.2500])
CCCn1c(C)c(C(=O)c2ccc(CC)c3ccccc23)c2ccccc21,tensor([7.9200])
CCCc1ccc(C(=O)c2c(C)n(CCC)c3ccccc23)c2ccccc12,tensor([7.9200])
CCCCCn1cc(C(=O)c2ccc(OC)c3ccccc23)c2ccccc21,tensor([7.9100])
CCCCCn1c(C)c(C(=O)c2cccc3ccc(C)cc23)c2ccccc21,tensor([9.3100])
CCCCCn1c(C)c(C(=O)c2ccc(CCCC)c3ccccc23)c2ccccc21,tensor([8.1900])
CCCCCn1c(C)c(C(=O)c2ccc(CCC)c3ccccc23)c2ccccc21,tensor([9.2100])
CCCCCn1cc(C(=O)c2ccc(CCCC)c3ccccc23)c2ccccc21,tensor([8.1400])
CCCCCn1cc(C(=O)c2cccc3ccc(OC)cc23)c2ccccc21,tensor([8.1600])
CCCCCn1c(C)c(C(=O)c2cccc3cc(OC)ccc23)c2ccccc21,tensor([7.9600])
CCCCCn1c(C)c(C(=O)c2ccc(CC)c3ccccc23)c2ccccc21,tensor([9.3800])
CCCn1cc(C(=O)c2cccc3ccc(C)cc23)c2ccccc21,tensor([6.9700])
Clc1cccc(-c2ccc(CN3CCOC(c4ccccc4)C3)cc2)c1Cl,tensor([6.9800])
Clc1ccc(Nc2ccc(CN3CCOC(c4ccccc4)C3)cn2)c(Cl)c1,tensor([5.5800])
Cc1ccc(-c2n[nH]c(CC(C)(C)C)n2)cc1S(=O)(=O)N1CCOCC1,tensor([7.0700])
Cc1ccc(-c2n[nH]c(CC3CCCCC3)n2)cc1S(=O)(=O)N1CCOCC1,tensor([7.5700])
Cc1ccc(-c2noc(CC3CCCCC3)n2)cc1S(=O)(=O)N1CCOCC1,tensor([6.8900])
Cc1ccc(NC(=O)C(C)(C)C)cc1S(=O)(=O)N1CCOCC1,tensor([6.2700])
Cc1ccc(NC(=O)C2C3(C)CCC(C3)C2(C)C)cc1S(=O)(=O)N1CCOCC1,tensor([8.7700])
Cc1ccc(-c2cc(CC3CCCCC3)[nH]n2)cc1S(=O)(=O)N1CCOCC1,tensor([7.0600])
Cc1ccc(-c2noc(CC(C)(C)C)n2)cc1S(=O)(=O)N1CCOCC1,tensor([7.2300])
Cc1ccc(-c2nc(C(C)(C)C)cs2)cc1S(=O)(=O)N1CCOCC1,tensor([8.2400])
Cc1ccc(NC(=O)c2ccc(Cl)cc2)cc1S(=O)(=O)N1CCOCC1,tensor([5.5400])
Cc1ccc(NC(=O)C(C)(C(F)(F)F)C(F)(F)F)cc1S(=O)(=O)N1CCOCC1,tensor([7.6400])
Cc1ccc(-c2noc(C(C)(C)C)n2)cc1S(=O)(=O)N1CCOCC1,tensor([7.1200])
Cc1ccc(NC(=O)C2C(C)(C)C2(C)C)cc1S(=O)(=O)N1CCOCC1,tensor([7.6400])
Cc1ccc(-c2cc(CC(C)(C)C)[nH]n2)cc1S(=O)(=O)N1CCOCC1,tensor([7.1200])
Cc1ccc(-c2nnn(CC(C)(C)C)n2)cc1S(=O)(=O)N1CCOCC1,tensor([7.7700])
Cc1ccc(-c2nc(CC(C)(C)C)c[nH]2)cc1S(=O)(=O)N1CCOCC1,tensor([7.4400])
Cc1ccc(-c2nc(C(C)(C)C)c[nH]2)cc1S(=O)(=O)N1CCOCC1,tensor([7.6400])
Cc1ccc(-c2nnn(CC3CCCCC3)n2)cc1S(=O)(=O)N1CCOCC1,tensor([7.0900])
Cc1ccc(NC(=O)C2CCCCC2(C)C)cc1S(=O)(=O)N1CCOCC1,tensor([7.9600])
Cc1ccc(NC(=O)c2cccc(Cl)c2)cc1S(=O)(=O)N1CCOCC1,tensor([6.9200])
Cc1ccc(NC(=O)C2CCCCC2)cc1S(=O)(=O)N1CCOCC1,tensor([6.9200])
Cc1ccc(NC(=O)C(C(C)(C)C)C(C)(C)C)cc1S(=O)(=O)N1CCOCC1,tensor([7.9600])
Cc1ccc(-c2n[nH]c(C(C)(C)C)n2)cc1S(=O)(=O)N1CCOCC1,tensor([7.])
Cc1ccc(-c2nc(CC(C)(C)C)cs2)cc1S(=O)(=O)N1CCOCC1,tensor([8.2800])
Cc1ccc(NC(=O)C2CCCCC2C)cc1S(=O)(=O)N1CCOCC1,tensor([7.8500])
Cc1ccc(NC(=O)C2CC3(C)CCC2(C)O3)cc1S(=O)(=O)N1CCOCC1,tensor([6.1800])
Cc1ccc(NC(=O)C2(C)CCCCC2)cc1S(=O)(=O)N1CCOCC1,tensor([7.4600])
Cc1ccc(-c2cc(C(C)(C)C)[nH]n2)cc1S(=O)(=O)N1CCOCC1,tensor([6.8000])
Cc1ccc(-c2nc(CC3CCCCC3)cs2)cc1S(=O)(=O)N1CCOCC1,tensor([7.6400])
Cc1ccc(-c2cnc(C(C)(C)C)[nH]2)cc1S(=O)(=O)N1CCOCC1,tensor([7.0900])
Cc1ccc(NC(=O)c2ccccc2Cl)cc1S(=O)(=O)N1CCOCC1,tensor([6.7700])
CC1(C)C(C(=O)c2cn(CCO)c3ccccc23)C1(C)C,tensor([7.2500])
CC1(C)C(C(=O)c2cn(CCN3CCCCCC3)c3ccccc23)C1(C)C,tensor([7.5900])
CC1(C)C(C(=O)c2cn(Cc3cccnc3)c3ccccc23)C1(C)C,tensor([7.5200])
CC1(C(=O)c2cn(CC3CCOCC3)c3ccccc23)CC(F)(F)C1(F)F,tensor([7.3300])
CCC1CCC(C(=O)c2cn(CCN3CCOCC3)c3ccccc23)CC1,tensor([7.8000])
Cc1ncsc1CCn1cc(C(=O)C2C(C)(C)C2(C)C)c2ccccc21,tensor([7.7500])
CC1(C)C(C(=O)c2cn(CCc3ccccn3)c3ccccc23)C1(C)C,tensor([7.1700])
O=C(c1cn(CCN2CCOCC2)c2ccccc12)C1CC12CCCCC2,tensor([7.4600])
CC1(C)C(C(=O)c2cn(CCc3cccnc3)c3ccccc23)C1(C)C,tensor([7.7100])
CC1(C)C(C(=O)c2cn(CCc3ccncc3)c3ccccc23)C1(C)C,tensor([7.5100])
O=C(c1cn(CCN2CCOCC2)c2ccccc12)C1CCCCCC1,tensor([7.9600])
O=C(c1cn(CC2CCOCC2)c2ccccc12)C1CCCC1,tensor([7.9600])
CCCn1cc(C(=O)C2C(C)(C)C2(C)C)c2ccccc21,tensor([8.0400])
CC1(C)C(C(=O)c2cn(CCN3CCCC3=O)c3ccccc23)C1(C)C,tensor([7.2700])
CC1(C)C(C(=O)c2cn(CCn3cccc3)c3ccccc23)C1(C)C,tensor([8.7500])
CSCCCCn1cc(C(=O)C2C(C)(C)C2(C)C)c2ccccc21,tensor([9.4000])
O=C(c1cn(CC2CCOCC2)c2ccccc12)C12CC3CC(CC(C3)O1)C2,tensor([8.2300])
CC1(C)C(C(=O)c2cn(CCN3C(=O)CCC3=O)c3ccccc23)C1(C)C,tensor([6.7700])
CN1CCCCC1Cn1cc(C(=O)C2C(C)(C)C2(C)C)c2ccccc21,tensor([9.3200])
CC1(C)C(C(=O)c2cn(CCC(N)=O)c3ccccc23)C1(C)C,tensor([6.6600])
CC(C)C1CCC(C(=O)c2cn(CCN3CCOCC3)c3ccccc23)CC1,tensor([6.7200])
CC1(C)C(C(=O)c2cn(CCc3cccs3)c3ccccc23)C1(C)C,tensor([8.5600])
CC1(C)C(C(=O)c2cn(CCc3nsc(Cl)n3)c3ccccc23)C1(C)C,tensor([8.0800])
CC(=O)CCCCn1cc(C(=O)C2C(C)(C)C2(C)C)c2ccccc21,tensor([9.])
CC1(C)C(C(=O)c2cn(CCc3ccsc3)c3ccccc23)C1(C)C,tensor([8.7500])
CC1(C)C(C(=O)c2cn(Cc3ccccc3)c3ccccc23)C1(C)C,tensor([8.0900])
COCCCn1cc(C(=O)C2C(C)(C)C2(C)C)c2ccccc21,tensor([8.8900])
CC1(C)C(C(=O)c2cn(CCCCCO)c3ccccc23)C1(C)C,tensor([9.1500])
CC1(C)C(C(=O)c2cn(CCN3CCCC3)c3ccccc23)C1(C)C,tensor([8.2400])
CC1(C)C(C(=O)c2cn(Cc3ccncc3)c3ccccc23)C1(C)C,tensor([8.4400])
CCCCCn1cc(C(=O)C2C(C)(C)C2(C)C)c2ccccc21,tensor([8.7400])
CN(C)CCn1cc(C(=O)C2C(C)(C)C2(C)C)c2ccccc21,tensor([8.7200])
CC1(C)C(C(=O)c2cn(CCC3CCOCC3)c3ccccc23)C1(C)C,tensor([8.5600])
CC1(C)C(C(=O)c2cn(CCCO)c3ccccc23)C1(C)C,tensor([8.6800])
CC1(C)C(C(=O)c2cn(CCCC(F)(F)F)c3ccccc23)C1(C)C,tensor([10.0700])
CC1(C)C(C(=O)c2cn(CC3CCOC3)c3ccccc23)C1(C)C,tensor([9.8500])
CC1(C)C(C(=O)c2cn(CCN3CCOC3=O)c3ccccc23)C1(C)C,tensor([9.7400])
CC1(C)C(C(=O)c2cn(CC3OCCO3)c3ccccc23)C1(C)C,tensor([9.])
CC1(C)C(C(=O)c2cn(CCN3CCCCC3)c3ccccc23)C1(C)C,tensor([8.6500])
CC1(C)C(C(=O)c2cn(CCCCO)c3ccccc23)C1(C)C,tensor([8.6600])
CC1(C(=O)c2cn(CC3CCOCC3)c3ccccc23)CC1(Cl)Cl,tensor([6.7400])
Cn1ccnc1CCn1cc(C(=O)C2C(C)(C)C2(C)C)c2ccccc21,tensor([6.8100])
COCCn1cc(C(=O)C2C(C)(C)C2(C)C)c2ccccc21,tensor([8.5100])
COC(=O)CCn1cc(C(=O)C2C(C)(C)C2(C)C)c2ccccc21,tensor([8.5400])
O=C(c1cn(CCN2CCOCC2)c2ccccc12)C1CCCCC1,tensor([6.8600])
O=C(c1cn(CC2CCOCC2)c2ccccc12)C12CC3CC(CC1C3)C2,tensor([8.6800])
O=C(c1cn(CC2CCOCC2)c2ccccc12)C1CC12CCCCC2,tensor([8.5900])
CC1(C)C(C(=O)c2cn(CC3CCCO3)c3ccccc23)C1(C)C,tensor([8.4800])
CCCCn1cc(C(=O)C2C(C)(C)C2(C)C)c2ccccc21,tensor([8.7000])
CCC(C)(C)C(=O)Nc1cc(CN2CCOCC2)c(C)cc1F,tensor([6.9200])
CCC(C)(C)C(=O)Nc1ccc(C)c(CN2CCOCC2)c1,tensor([6.9200])
Cc1ccc(C(=O)NC2C3(C)CCC(C3)C2(C)C)cc1CN1CCOCC1,tensor([7.7200])
Cc1cc(F)c(NC(=O)C2CCCCC2C)cc1CN1CCOCC1,tensor([7.4300])
Cc1cc(C)c(NC(=O)C2CCCCC2C)cc1CN1CCOCC1,tensor([6.3600])
Cc1ccc(C(=O)NC2C3(C)CCC(C3)C2(C)C)cc1C(=O)N1CCOCC1,tensor([5.9200])
Cc1ccc(C(=O)NC2C3(C)CCC(C3)C2(C)C)cc1N1CCOCC1,tensor([6.5200])
CCC(C)(C)C(=O)Nc1cc(CN2CCOCC2)c(C)cc1C,tensor([6.2800])
CC(C(=O)Nc1ccc2c(c1)C(N1CCOCC1)CCC2)(C(F)(F)F)C(F)(F)F,tensor([8.6400])
Cc1ccc(NC(=O)C2CCCCC2C)cc1CN1CCOCC1,tensor([7.1600])
Cc1c(CN2CCOCC2)cc(NC(=O)C2CCCCC2C)cc1C(F)(F)F,tensor([7.7700])
Cc1cc(NC(=O)C(C)(C(F)(F)F)C(F)(F)F)cc(CN2CCOCC2)c1C,tensor([8.5700])
Cc1cc(NC(=O)C2CCCCC2C)cc(CN2CCOCC2)c1C,tensor([8.0700])
Cc1ccc(C(=O)NC2C3(C)CCC(C3)C2(C)C)cc1CCCN1CCOCC1,tensor([7.2100])
Cc1ccc(C(=O)NC2C3(C)CCC(C3)C2(C)C)cc1CCC(=O)N1CCOCC1,tensor([7.0800])
Cc1ccc(C(=O)NC2C3(C)CCC(C3)C2(C)C)cc1CC(=O)N1CCOCC1,tensor([6.1600])
Cc1ccc(NC(=O)C(C)(C(F)(F)F)C(F)(F)F)cc1CN1CCOCC1,tensor([7.8000])
Cc1ccc(C(=O)NC2C3(C)CCC(C3)C2(C)C)cc1CCN1CCOCC1,tensor([7.3500])
O=S1(=O)CCN(C(=NS(=O)(=O)c2ccc(Cl)cc2)N2CC(c3ccccc3)C(c3ccc(Cl)cc3)=N2)CC1,tensor([6.2400])
Cc1c(C(=O)NC2CCCC2)nn(-c2ccc(F)cc2F)c1-n1cccc1,tensor([5.9600])
COc1ccc(CCNC(=O)c2nn(-c3ccc(Cl)cc3Cl)c(-n3c(C)ccc3C)c2C)cc1Cl,tensor([5.4600])
Cc1c(C(=O)Nc2ccc(Cl)cc2)nn(-c2ccc(Cl)cc2Cl)c1-n1cccc1,tensor([7.1000])
Cc1c(C(=O)NC2CCCCCC2)nn(-c2ccc(Cl)c(Cl)c2)c1-n1cccc1,tensor([8.8900])
COc1cc(CNC(=O)c2nn(-c3ccc(Cl)cc3Cl)c(-n3cccc3)c2C)c(Br)c(OC)c1OC,tensor([6.2100])
COc1ccc(CCNC(=O)c2nn(-c3ccc(F)cc3F)c(-n3cccc3)c2C)cc1Cl,tensor([5.7100])
Cc1c(C(=O)NC(C)C2CCCCC2)nn(-c2ccc(Cl)c(Cl)c2)c1-n1cccc1,tensor([8.8000])
Cc1c(C(=O)NCCc2ccc(Cl)cc2)nn(-c2ccc(Cl)c(Cl)c2)c1-n1cccc1,tensor([5.9200])
Cc1c(C(=O)NC2CCCCCC2)nn(-c2ccc(Cl)cc2Cl)c1-n1c(C)ccc1C,tensor([7.1000])
Cc1c(C(=O)NCCc2ccc(Cl)cc2Cl)nn(-c2ccc(F)cc2F)c1-n1cccc1,tensor([6.1800])
Cc1c(C(=O)NC2CCCC2)nn(-c2ccc(Cl)c(Cl)c2)c1-n1c(C)ccc1C,tensor([7.9200])
Cc1c(C(=O)NCc2ccc(Cl)cc2)nn(-c2ccc(Cl)c(Cl)c2)c1-n1cccc1,tensor([7.])
Cc1c(C(=O)Nc2ccc(Cl)cc2)nn(-c2ccc(Cl)c(Cl)c2)c1-n1cccc1,tensor([6.1000])
COc1cc(CNC(=O)c2nn(-c3ccc(F)cc3F)c(-n3c(C)ccc3C)c2C)c(Br)c(OC)c1OC,tensor([6.4300])
Cc1c(C(=O)NC2CCCCCC2)nn(-c2ccc(F)cc2F)c1-n1c(C)ccc1C,tensor([6.9600])
Cc1c(C(=O)NC2CCCC2)nn(-c2ccc(Cl)cc2Cl)c1-n1cccc1,tensor([6.7700])
COc1cc(CNC(=O)c2nn(-c3ccc(F)cc3F)c(-n3cccc3)c2C)c(Br)c(OC)c1OC,tensor([6.1300])
Cc1c(C(=O)NCCc2ccc(Cl)cc2Cl)nn(-c2ccc(F)cc2F)c1-n1c(C)ccc1C,tensor([6.1400])
COc1cc(CNC(=O)c2nn(-c3ccc(Cl)cc3Cl)c(-n3c(C)ccc3C)c2C)c(Br)c(OC)c1OC,tensor([6.2600])
Cc1c(C(=O)NCc2ccc(Cl)cc2)nn(-c2ccc(Cl)cc2Cl)c1-n1cccc1,tensor([6.0300])
Cc1c(C(=O)NC2CCCCCC2)nn(-c2ccc(Cl)c(Cl)c2)c1-n1c(C)ccc1C,tensor([8.3800])
COc1ccc(CCNC(=O)c2nn(-c3ccc(Cl)cc3Cl)c(-n3cccc3)c2C)cc1Cl,tensor([5.5400])
Cc1c(C(=O)NC2CCCC2)nn(-c2ccc(Cl)cc2Cl)c1-n1c(C)ccc1C,tensor([6.5100])
Cc1c(C(=O)NC23CC4CC(CC(C4)C2)C3)nn(-c2ccc(Cl)c(Cl)c2)c1-n1c(C)ccc1C,tensor([7.9200])
Cc1c(C(=O)NC2CCCC2)nn(-c2ccc(F)cc2F)c1-n1c(C)ccc1C,tensor([6.0500])
Cc1c(C(=O)NC2CCCCCC2)nn(-c2ccc(F)cc2F)c1-n1cccc1,tensor([6.7000])
Cc1c(C(=O)NC2CCCCCC2)nn(-c2ccc(Cl)cc2Cl)c1-n1cccc1,tensor([7.7000])
Cc1c(C(=O)NC23CC4CC(CC(C4)C2)C3)nn(-c2ccc(Cl)c(Cl)c2)c1-n1cccc1,tensor([7.7000])
Cc1c(C(=O)NC(C)c2ccccc2)nn(-c2ccc(Cl)c(Cl)c2)c1-n1c(C)ccc1C,tensor([8.2400])
Cc1c(C(=O)NC2CCCC2)nn(-c2ccc(Cl)c(Cl)c2)c1-n1cccc1,tensor([7.9200])
Cc1c(C(=O)NCc2ccc(Cl)cc2)nn(-c2ccc(F)cc2F)c1-n1cccc1,tensor([5.4700])
CCC(C)(C)C(=O)Nc1cc(CN2CCOCC2)c(N)cn1,tensor([6.0600])
Cc1cnc(NC(=O)C(C)(C)C)cc1CN1CCOCC1,tensor([7.0900])
CCc1cnc(NC(=O)C(C)(C)CC)cc1CN1CCOCC1,tensor([8.1000])
CCC(C)(C)C(=O)Nc1cc(CN2CCOCC2)c(C#N)cn1,tensor([7.])
CCC(C)(C)C(=O)Nc1cc(CN2CCOCC2)cc(C)n1,tensor([7.1700])
Cc1cnc(NC(=O)C2(C)CCCCC2C)cc1CN1CCOCC1,tensor([8.7200])
CCC1(C(=O)Nc2cc(CN3CCOCC3)c(C)cn2)CCC1,tensor([7.3500])
CCC1(C(=O)Nc2cc(CN3CCOCC3)c(C)cn2)CCCC1,tensor([7.8900])
CCC1(C(=O)Nc2cc(CN3CCOCC3)c(C)cn2)CCCCC1,tensor([8.1500])
CCC(C)(C)C(=O)Nc1ccc(C)c(CN2CCOCC2)n1,tensor([5.7500])
CCC(C)(C)C(=O)Nc1cc(CN2CCOCC2)c(C)cn1,tensor([7.6200])
CCCC(C)(C)C(=O)Nc1cc(CN2CCOCC2)c(C)cn1,tensor([8.2800])
CNC(=NS(=O)(=O)N1CCC(F)(F)CC1)N1CC(c2ccccc2)C(c2ccc(Cl)cc2)=N1,tensor([6.6600])
CNC(=NS(=O)(=O)N1CCCCC1)N1CCC(c2ccccc2)C(c2ccc(Cl)cc2)=N1,tensor([6.2400])
CNC(=NS(=O)(=O)N1CCC(F)(F)CC1)N1CCC(c2ccccc2)C(c2ccc(Cl)cc2)=N1,tensor([6.6100])
CNC(=NS(=O)(=O)c1ccc(Cl)cc1)N1CCC(c2ccccc2)C(c2ccc(Cl)cc2)=N1,tensor([6.5000])
CC(NC(=O)C(C)(C)Oc1ccc(C(F)(F)F)cn1)C(Cc1ccc(Cl)cc1)c1cccc(C#N)c1,tensor([6.5400])
COc1ccc(C2c3cccn3-c3ccccc3N2C(=O)CN(C(=O)NC(C)(C)C)C(C)C)cc1,tensor([5.3000])
COc1ccccc1NC(=O)C(C)Sc1nc(-c2ccc(C)cc2)nc2c1COC(C)(C)C2,tensor([5.])
O=C(Nc1ccccc1Oc1ccccc1)c1ccc(S(=O)(=O)N2CCc3ccccc32)cc1,tensor([5.])
Cc1ccc(C2c3cccn3-c3ccccc3N2C(=O)CN(C(=O)C2CCCC2)C2CC2)cc1,tensor([5.])
CCOC(=O)N1CCN(C(=O)c2cc(-c3ccccc3Cl)nn2-c2ccc(C)cc2C)CC1,tensor([5.9700])
CC1CC(C)CN(S(=O)(=O)c2ccc(F)c(C(=O)NC(c3ccccc3)c3ccccc3)c2)C1,tensor([5.])
Cc1cc(C)c(OCC(=O)Nc2sc3c(c2C(=O)NC2CCS(=O)(=O)C2)CCCC3)c(C)c1,tensor([7.2400])
COc1cccc(N2C(C(C)=O)=NN(c3ccc(Cl)cc3)C2c2ccc(N3CCOCC3)cc2)c1,tensor([5.4100])
O=C(N1CCCCC1)N1CC(OC(c2ccc(Cl)cc2)c2cccnc2Cl)C1,tensor([5.1400])
O=C(NC12CC3CC(CC(C3)C1)C2)c1nc(Cl)n(-c2ccccc2)c1Cl,tensor([7.3000])
Cc1nc(C(=O)NC2C3CC4CC(C3)C2C4)c(C)n1-c1ccccc1,tensor([8.0100])
CCCCc1c(C(=O)NC23CC4CC(CC(C4)C2)C3)nc(C)n1-c1ccccc1,tensor([8.0100])
Cc1nc(C(=O)NC2C3CC4CC(C3)CC2C4)c(C)n1-c1ccccc1,tensor([7.8600])
Cc1nc(C(=O)NCc2ccccc2C(F)(F)F)c(C)n1-c1ccccc1,tensor([8.4600])
CSc1c(C(=O)NC23CC4CC(CC(C4)C2)C3)nc(C)n1-c1ccccc1,tensor([8.])
Cc1c(C(=O)NCC2CC3CC(C2)C3(C)C)ncn1-c1ccccc1,tensor([6.7600])
Cc1nc(C(=O)NC23CC4CC(CC(C4)C2)C3)c(C)n1C1CCCCC1,tensor([7.7000])
Cc1nc(C(=O)NC23CC4CC(CC(C4)C2)C3)c(Br)n1-c1ccccc1,tensor([8.0800])
CCc1nc(C(=O)NC23CC4CC(CC(C4)C2)C3)cn1-c1ccccc1,tensor([7.9000])
CCc1c(C(=O)NC23CC4CC(CC(C4)C2)C3)nc(C)n1-c1ccccc1,tensor([8.9900])
Cc1nc(C(=O)NC23CC4CC(CC(C4)C2)C3)c(Cl)n1-c1ccccc1,tensor([7.6200])
CCc1nc(C(=O)NC23CC4CC(CC(C4)C2)C3)c(C)n1-c1ccccc1,tensor([8.8000])
Cc1nc(C(=O)NC23CC4CC(CC(C4)C2)C3)c(C)n1-c1ccccc1,tensor([8.5700])
O=C(NCc1ccc(Cl)cc1)C1CCC(c2ccc(Cl)cc2Cl)N(c2ccc(Cl)cc2)C1,tensor([5.7300])
O=C(NC1CCC1)C1CCC(c2ccc(Cl)cc2Cl)N(c2ccc(Cl)cc2)C1,tensor([5.8600])
N#Cc1ccc(C(=O)NCC2CCC(c3ccc(Cl)cc3Cl)N(c3ccc(Cl)cc3)C2)cc1,tensor([5.8500])
CC(C)CNC(=O)C1CCC(c2ccc(Cl)cc2Cl)N(c2ccc(Cl)cc2)C1,tensor([5.8000])
O=S(=O)(NC1CCCCC1)C1CCC(c2ccc(Cl)cc2Cl)N(c2ccc(Cl)cc2)C1,tensor([6.4300])
CC(C)CCNS(=O)(=O)C1CCC(c2ccc(Cl)cc2Cl)N(c2ccc(Cl)cc2)C1,tensor([5.8600])
O=C1C(Cc2ccc(F)c(F)c2)CCC(c2ccc(Cl)cc2)N1c1ccc(Cl)cc1,tensor([6.2400])
CC(C)CNS(=O)(=O)C1CCC(c2ccc(Cl)cc2Cl)N(c2ccc(Cl)cc2)C1,tensor([5.8000])
O=C(NC1CCCCC1)C1CCC(c2ccc(Cl)cc2Cl)N(c2ccc(Cl)cc2)C1,tensor([6.4300])
O=S(=O)(c1ccccc1F)c1cc(Cl)ccc1S(=O)(=O)N1CCC2(CC1)CCN(S(=O)(=O)C(F)(F)F)C2,tensor([6.1200])
O=S(=O)(NC1CCC(CNS(=O)(=O)C(F)(F)F)CC1)c1ccc(Cl)cc1S(=O)(=O)c1ccccc1F,tensor([7.3700])
CC(O)C1(CNS(=O)(=O)C(F)(F)F)CCN(S(=O)(=O)c2ccc(Cl)cc2S(=O)(=O)c2ccccc2F)CC1,tensor([8.2900])
O=S(=O)(c1ccccc1F)c1cc(Cl)ccc1S(=O)(=O)N1CCC(CNS(=O)(=O)C(F)(F)F)CC1,tensor([8.2600])
CCCC1(CNS(=O)(=O)C(F)(F)F)CCN(S(=O)(=O)c2ccc(Cl)cc2S(=O)(=O)c2ccccc2F)CC1,tensor([8.2700])
O=S(=O)(c1ccccc1F)c1cc(Cl)ccc1S(=O)(=O)N1CCC(CNS(=O)(=O)C(F)(F)F)(c2ccccc2)CC1,tensor([6.4600])
C=CCOC(=O)NCC1(CNS(=O)(=O)C(F)(F)F)CCN(S(=O)(=O)c2ccc(Cl)cc2S(=O)(=O)c2ccccc2F)CC1,tensor([5.6100])
CCC1(CNS(=O)(=O)C(F)(F)F)CCN(S(=O)(=O)c2ccc(Cl)cc2S(=O)(=O)c2ccccc2F)CC1,tensor([9.7000])
O=S(=O)(NCCCCNS(=O)(=O)C(F)(F)F)c1ccc(Cl)cc1S(=O)(=O)c1ccccc1F,tensor([6.7500])
O=S(=O)(c1ccccn1)c1ccccc1S(=O)(=O)N1CCC2(CC1)CC2NS(=O)(=O)C(F)(F)F,tensor([7.9600])
O=S(=O)(c1ccccn1)c1ccc(C(F)(F)F)cc1S(=O)(=O)N1CCC2(CC1)CC2NS(=O)(=O)C(F)(F)F,tensor([8.3000])
CC1(CNS(=O)(=O)C(F)(F)F)CCN(S(=O)(=O)c2ccc(Cl)cc2S(=O)(=O)c2ccccc2F)CC1,tensor([9.4100])
O=S(=O)(c1ccccc1F)c1ccc(C(F)(F)F)cc1S(=O)(=O)N1CCC2(CC1)CC2NS(=O)(=O)C(F)(F)F,tensor([8.7000])
COc1ccc(S(=O)(=O)c2ccc(Cl)cc2S(=O)(=O)N2CCC3(CC2)CC3NS(=O)(=O)C(F)(F)F)cc1,tensor([9.1900])
CC(C)C1(CNS(=O)(=O)C(F)(F)F)CCN(S(=O)(=O)c2ccc(Cl)cc2S(=O)(=O)c2ccccc2F)CC1,tensor([7.6800])
O=S(=O)(c1ccccn1)c1ccc(Cl)cc1S(=O)(=O)N1CCC2(CC1)CC2NS(=O)(=O)C(F)(F)F,tensor([8.8000])
NCC1(CNS(=O)(=O)C(F)(F)F)CCN(S(=O)(=O)c2ccc(Cl)cc2S(=O)(=O)c2ccccc2F)CC1,tensor([6.6900])
CS(=O)(=O)NC1CC12CCN(S(=O)(=O)c1cc(Cl)ccc1S(=O)(=O)c1ccccc1F)CC2,tensor([8.9600])
O=S(=O)(NC1CCC(NS(=O)(=O)C(F)(F)F)CC1)c1ccc(Cl)cc1S(=O)(=O)c1ccccc1F,tensor([6.6300])
N#CC1(CNS(=O)(=O)C(F)(F)F)CCN(S(=O)(=O)c2ccc(Cl)cc2S(=O)(=O)c2ccccc2F)CC1,tensor([7.4300])
O=S(=O)(c1ccccc1F)c1cc(Cl)ccc1S(=O)(=O)N1CC(CCNS(=O)(=O)C(F)(F)F)C1,tensor([7.0400])
CC(NS(=O)(=O)C(F)(F)F)c1ccc(S(=O)(=O)c2ccc(Cl)cc2S(=O)(=O)c2ccccc2F)cc1,tensor([9.1500])
O=S(=O)(c1ccccc1F)c1cc(Cl)ccc1S(=O)(=O)N1CC2C(C1)C2NS(=O)(=O)C(F)(F)F,tensor([8.8200])
CC1CC(CNS(=O)(=O)C(F)(F)F)CCN1S(=O)(=O)c1ccc(Cl)cc1S(=O)(=O)c1ccccc1F,tensor([8.1000])
O=S(=O)(c1ccccc1F)c1cc(Cl)ccc1S(=O)(=O)N1CCC(NS(=O)(=O)C(F)(F)F)C1,tensor([5.5300])
O=S(=O)(c1ccccc1F)c1cc(Cl)ccc1S(=O)(=O)N1CCC(CO)(CNS(=O)(=O)C(F)(F)F)CC1,tensor([8.5200])
CC1CN(S(=O)(=O)c2ccc(Cl)cc2S(=O)(=O)c2ccccc2F)CCC1CNS(=O)(=O)C(F)(F)F,tensor([8.1500])
O=S(=O)(c1ccccc1F)c1cc(Cl)ccc1S(=O)(=O)N1CCC(F)(CNS(=O)(=O)C(F)(F)F)CC1,tensor([8.1200])
O=S(=O)(c1ccccc1F)c1cc(Cl)ccc1S(=O)(=O)N1CCC2(CC1)CC2NS(=O)(=O)C(F)(F)F,tensor([8.7700])
O=S(=O)(c1ccccn1)c1ccc(OC(F)(F)F)cc1S(=O)(=O)N1CCC2(CC1)CC2NS(=O)(=O)C(F)(F)F,tensor([9.0500])
CCC(C)(C)C(=O)Nc1cc2c(c(S(=O)(=O)N3CCOCC3)c1)CCCC2,tensor([7.8500])
CCCCC(C)(C)C(=O)Nc1cc(C)c(C)c(S(=O)(=O)N2CCOCC2)c1,tensor([8.9600])
CCC(C)(C)C(=O)Nc1cc(C)c(C)c(S(=O)(=O)N2CCC(O)C2)c1,tensor([7.0500])
Cc1cc(NC(=O)C(C)(C)C)cc(S(=O)(=O)N2CCOCC2)c1C,tensor([7.4000])
CCC(C)(C)C(=O)Nc1cc(C)c(C)c(S(=O)(=O)NCC2CC2)c1,tensor([7.1800])
CCC(C)(C)C(=O)Nc1cc(C)c(C)c(S(=O)(=O)NC2CCCC2)c1,tensor([7.0300])
CCC(C)(C)C(=O)Nc1cc(C)c(C)c(S(=O)(=O)N2CCCCC2)c1,tensor([8.5700])
CCC(C)(C)C(=O)Nc1cc(S(=O)(=O)N2CCOCC2)c(C)c(C)c1C,tensor([6.3900])
Cc1cc(NC(=O)C2C(C)(C)C2(C)C)cc(S(=O)(=O)N2CCOCC2)c1C,tensor([7.8000])
CCC(C)(C)C(=O)Nc1cc(C)c(C)c(S(=O)(=O)N2CCCC2CO)c1,tensor([7.3700])
CCC(C)(C)C(=O)Nc1cc(C)c(C)c(S(=O)(=O)N2CCOCC2)c1,tensor([7.7700])
CCC(C)(C)C(=O)Nc1cc(S(=O)(=O)N2CCOCC2)c(C)cc1C,tensor([6.1200])
CCC(C)(C)C(=O)Nc1cc(C)c(C)c(S(=O)(=O)N2CCCCCC2)c1,tensor([8.0500])
Cc1cc(NC(=O)C(C)(C)c2ccccc2)cc(S(=O)(=O)N2CCOCC2)c1C,tensor([6.9200])
CCC(C)(C)C(=O)Nc1cc(C)c(C)c(S(=O)(=O)N2CCSC2)c1,tensor([8.1600])
Cc1cc(NC(=O)C(C)(C)O)cc(S(=O)(=O)N2CCOCC2)c1C,tensor([5.6800])
Cc1cc(NC(=O)C(C)(C(F)(F)F)C(F)(F)F)cc(S(=O)(=O)N2CCOCC2)c1C,tensor([8.1800])
COCCC(C)(C)C(=O)Nc1cc(C)c(C)c(S(=O)(=O)N2CCOCC2)c1,tensor([6.9600])
CCC(C)(C)C(=O)Nc1cc(C)c(C)c(S(=O)(=O)N2CCS(=O)(=O)CC2)c1,tensor([8.0800])
CCCC(C)(C)C(=O)Nc1cc(C)c(C)c(S(=O)(=O)N2CCOCC2)c1,tensor([8.0100])
CCC(C)(C)C(=O)Nc1cc2c(c(S(=O)(=O)N3CCOCC3)c1)CCC2,tensor([7.9200])
CNC(=NS(=O)(=O)c1ccc(Cl)cc1)C1=NN(c2ccc(Cl)cc2Cl)C(c2ccccc2)C1,tensor([6.6100])
CNC(=NS(=O)(=O)N1CCC(C(F)(F)F)CC1)C1=NN(c2ccc(Cl)cc2)C(c2ccccc2)C1,tensor([6.2300])
CNC(=NS(=O)(=O)c1ccc(C(F)(F)F)cc1)C1=NN(c2ccc(Cl)cc2Cl)C(c2ccccc2)C1,tensor([6.7500])
CNC(=NS(=O)(=O)N1CCCCC1)C1=NN(c2ccc(Cl)cc2)C(c2ccccc2)C1,tensor([5.9600])
CCCCOc1c(O[11CH3])ccc2cc(C(=O)NC3CCCCC3)c(=O)[nH]c12,tensor([8.0200])
CCCCOc1c(OCC[18F])ccc2cc(C(=O)NC3CCCCC3)c(=O)[nH]c12,tensor([7.4500])
COc1ccc(S(=O)(=O)c2ccc(C(C)NS(C)(=O)=O)cc2)c(S(=O)(=O)c2ccc(O[11CH3])cc2)c1,tensor([8.3500])
O=C(NN1CCCCC1)c1nc(-c2ccc(Cl)cc2Cl)n(-c2ccc(Cl)cc2)c1CO,tensor([5.1200])
O=C(NN1CCCCC1)c1nc(-c2ccc(Cl)cc2Cl)n(-c2ccc(Cl)cc2)c1I,tensor([5.7400])
C[S+]([O-])c1c(C(=O)NN2CCCCC2)nn(-c2ccc(Cl)cc2Cl)c1-c1ccc(Cl)cc1,tensor([6.4000])
CSc1c(C(=O)NN2CCCCC2)nn(-c2ccc(Cl)cc2Cl)c1-c1ccc(Cl)cc1,tensor([6.0900])
CSc1c(C(=O)NN2CCCCCC2)nc(-c2ccc(Cl)cc2Cl)n1-c1ccc(Cl)cc1,tensor([6.4900])
CSc1c(C(=O)NN2CCCC2)nn(-c2ccc(Cl)cc2Cl)c1-c1ccc(Cl)cc1,tensor([6.2000])
CSc1c(C(=O)NN2CCCCCC2)nn(-c2ccc(Cl)cc2Cl)c1-c1ccc(Cl)cc1,tensor([6.4300])
CSc1c(C(=O)NN2CCCCC2)nc(-c2ccc(Cl)cc2Cl)n1-c1ccc(Cl)cc1,tensor([5.9700])
O=C(NC1CCCCC1)N1CCN(C(c2ccccc2)c2cc(Cl)ccc2Cl)CC1,tensor([6.0500])
CCCCNC(=O)N1CCN(C(c2ccccc2)c2ccccc2)CC1,tensor([5.5500])
O=C(NC1CCCCC1)N1CCN(C(c2ccccc2)c2ccc(Cl)cc2Cl)CC1,tensor([6.3700])
O=C(N1CCOCC1)N1CCN(C(c2ccccc2)c2ccc(Cl)cc2Cl)CC1,tensor([6.2100])
COc1ccc(C(c2ccc(Cl)cc2Cl)N2CCN(C(=O)NC3CCCCC3)CC2)cc1,tensor([6.5400])
O=C(NC1CCCCC1)N1CCN(C(c2ccc(F)cc2)c2ccc(Cl)cc2Cl)CC1,tensor([6.8000])
O=C(NC1CCCCC1)N1CCN(C(c2ccc(C(F)(F)F)cc2)c2ccc(Cl)cc2Cl)CC1,tensor([6.5600])
O=C(C1CCC1)N1CCN(C(c2ccccc2)c2ccc(Cl)cc2Cl)CC1,tensor([5.6700])
O=C(N1CCCCC1)N1CCN(C(c2ccccc2)c2ccc(Cl)cc2Cl)CC1,tensor([6.0100])
O=C(C1CCCCC1)N1CCN(C(c2ccccc2)c2ccccc2)CC1,tensor([5.5200])
O=C(C1CCCCC1)N1CCN(C(c2ccccc2)c2ccc(Cl)cc2Cl)CC1,tensor([5.5300])
O=C(N1CCN(C(c2ccccc2)c2ccc(Cl)cc2Cl)CC1)C12CC3CC(CC(C3)C1)C2,tensor([7.6000])
O=C(NC1CCCCC1)N1CCN(C(c2cccc(Cl)c2)c2ccc(Cl)cc2Cl)CC1,tensor([6.3900])
O=C(NN1CCCCC1)N1CCN(C(c2ccccc2)c2ccc(Cl)cc2Cl)CC1,tensor([5.9800])
O=C(C1CCCC1)N1CCN(C(c2ccccc2)c2ccc(Cl)cc2Cl)CC1,tensor([5.3100])
O=C(NC1CCCCC1)N1CCN(C(c2ccc(Cl)cc2)c2ccc(Cl)cc2Cl)CC1,tensor([7.5800])
CCCCNC(=O)N1CCN(C(c2ccccc2)c2ccc(Cl)cc2Cl)CC1,tensor([6.0400])
S=C(NC1CCCCC1)N1CCN(C(c2ccccc2)c2ccccc2)CC1,tensor([5.7300])
Cc1ccc(C(c2ccc(Cl)cc2Cl)N2CCN(C(=O)NN3CCCCC3)CC2)cc1,tensor([6.5000])
O=C(NC1CCCCC1)N1CCN(C(c2ccccc2)c2c(Cl)cccc2Cl)CC1,tensor([6.0800])
O=C(NC1CCCCC1)N1CCN(C(c2ccccc2)c2ccc(Cl)cc2F)CC1,tensor([6.2800])
O=C(NC1CCCCC1)N1CCN(C(c2ccccc2)c2ccc(Br)cc2F)CC1,tensor([6.4900])
Cc1ccc(C(c2ccc(Cl)cc2Cl)N2CCN(C(=O)NC3CCCCC3)CC2)cc1,tensor([6.4800])
S=C(NC1CCCCC1)N1CCN(C(c2ccccc2)c2ccc(Cl)cc2Cl)CC1,tensor([6.1700])
O=C(NC1CCCCC1)N1CCN(C(c2ccc(Oc3ccccc3)cc2)c2ccc(Cl)cc2Cl)CC1,tensor([7.2800])
O=C(NC1CCCCC1)N1CCN(C(c2ccccc2)c2ccc(Cl)c(Cl)c2)CC1,tensor([6.4500])
O=C(NC1CCCCC1)N1CCN(C(c2ccccc2)c2ccccc2)CC1,tensor([5.6200])
C=C(C)C1CCC(C)=CC1c1c(O)cc(CCCCC)cc1O,tensor([5.])
CCN1CCN(C(=O)c2cn3c4c(cccc24)OCC3C2CCCCC2)CC1,tensor([8.4000])
CC1CN(C(=O)c2cn3c4c(cccc24)OCC3C2CCCCC2)CCN1C,tensor([9.4000])
CC1(C)Oc2cc(CNC3C4CC5CC(C4)CC3C5)cc(O)c2C2CC(O)CCC21,tensor([4.7000])
CC1(C)Oc2cc(C(=O)NC3C4CC5CC(C4)CC3C5)cc(O)c2C2CC(O)CCC21,tensor([5.5700])
CC1(C)Oc2cc(C(=O)N3C4CC5CC3CC(C4)O5)cc(O)c2C2CC(O)CCC21,tensor([4.7000])
CC1(C)Oc2cc(CN3C4CC5CC3CC(C4)O5)cc(O)c2C2CC(O)CCC21,tensor([5.3000])
CC1(C)Oc2cc(N3C4CC5CC3CC(C4)O5)cc(O)c2C2CC(O)CCC21,tensor([5.7500])
CC1(C)Oc2cc(C34CC5CC(CC(C5)O3)C4)cc(O)c2C2CC(O)CCC21,tensor([7.7200])
CC1(C)Oc2cc(CNC34CC5CC(CC(C5)C3)C4)cc(O)c2C2CC(O)CCC21,tensor([5.])
CC1(C)Oc2cc(C(=O)NC34CC5CC(CC(C5)C3)C4)cc(O)c2C2CC(O)CCC21,tensor([5.0600])
CCCCCn1cc(C(=O)NC23CC4CC(CC(C4)C2)C3)c(=O)c2cc(-n3ccnc3)ccc21,tensor([8.1000])
CCCCCn1cc(C(=O)NC23CC4CC(CC(C4)C2)C3)c(=O)c2cc(S(=O)(=O)c3ccccc3)ccc21,tensor([7.1800])
C=CCn1cc(C(=O)NC23CC4CC(CC(C4)C2)C3)c(=O)c2cc(-c3ccco3)ccc21,tensor([7.2300])
CCCCCn1cc(C(=O)NC23CC4CC(CC(C4)C2)C3)c(=O)c2cc(-c3ccc(Cl)cc3)ccc21,tensor([7.9600])
C#CCn1cc(C(=O)NC23CC4CC(CC(C4)C2)C3)c(=O)c2cc(Br)ccc21,tensor([7.3000])
CCCCCn1cc(C(=O)NC23CC4CC(CC(C4)C2)C3)c(=O)c2cc(-c3cccs3)ccc21,tensor([8.6400])
CCCCCn1cc(C(=O)NC23CC4CC(CC(C4)C2)C3)c(=O)c2cc(C=Cc3ccccc3)ccc21,tensor([7.1800])
CCCCCn1cc(C(=O)NC23CC4CC(CC(C4)C2)C3)c(=O)c2cc(-c3cnn(CC(C)C)c3)ccc21,tensor([7.2900])
CCCCCn1cc(C(=O)NC2C3(C)CCC(C3)C2(C)C)c(=O)c2cc(Br)ccc21,tensor([8.3000])
CCCCCn1cc(C(=O)NC23CC4CC(CC(C4)C2)C3)c(=O)c2cc(-c3ccc(F)cc3F)ccc21,tensor([7.8000])
CCCCCn1cc(C(=O)NC23CC4CC(CC(C4)C2)C3)c(=O)c2cc(Cc3ccc(Cl)cc3Cl)ccc21,tensor([5.4100])
C#Cc1ccc2c(c1)c(=O)c(C(=O)NC13CC4CC(CC(C4)C1)C3)cn2CCCCC,tensor([8.0600])
CCCCCn1cc(C(=O)NC23CC4CC(CC(C4)C2)C3)c(=O)c2cc(-c3ccc4cc(OC)ccc4c3)ccc21,tensor([7.2800])
CCCCCn1cc(C(=O)NC23CC4CC(CC(C4)C2)C3)c(=O)c2cc(-c3cc(C)c(OC)c(C)c3)ccc21,tensor([7.6700])
CCCCCn1cc(C(=O)NC23CC4CC(CC(C4)C2)C3)c(=O)c2cc(CCc3ccccc3)ccc21,tensor([7.2500])
CCCCCn1cc(C(=O)NC23CC4CC(CC(C4)C2)C3)c(=O)c2cc(I)ccc21,tensor([7.6900])
CCCCCn1cc(C(=O)NC23CC4CC(CC(C4)C2)C3)c(=O)c2cc(C#Cc3ccccc3)ccc21,tensor([6.4600])
CCCCCn1cc(C(=O)NC23CC4CC(CC(C4)C2)C3)c(=O)c2cc(-n3cccc3)ccc21,tensor([9.1500])
CCCCCn1cc(C(=O)NN2CCCCC2)c(=O)c2cc(Br)ccc21,tensor([6.4000])
CCCCCn1cc(C(=O)NC23CC4CC(CC(C4)C2)C3)c(=O)c2cc(-c3ccc(OC)nc3)ccc21,tensor([7.2300])
CCCCCn1cc(C(=O)NC23CC4CC(CC(C4)C2)C3)c(=O)c2cc(C3CCCCC3)ccc21,tensor([8.1400])
CCCCCn1cc(C(=O)NC23CC4CC(CC(C4)C2)C3)c(=O)c2cc(-c3ccc(-c4ccccc4)cc3)ccc21,tensor([6.7400])
CCCCCn1cc(C(=O)NC23CC4CC(CC(C4)C2)C3)c(=O)c2cc(C3=CCCCC3)ccc21,tensor([8.0800])
CCCCCn1cc(C(=O)NC23CC4CC(CC(C4)C2)C3)c(=O)c2cc(-c3ccc(C#N)cc3)ccc21,tensor([7.3800])
CCCCCn1cc(C(=O)NC23CC4CC(CC(C4)C2)C3)c(=O)c2cc(-c3ccc(O)cc3)ccc21,tensor([8.3800])
CCCCCn1cc(C(=O)NC23CC4CC(CC(C4)C2)C3)c(=O)c2cc(C=CC(C)(C)C)ccc21,tensor([7.1400])
CCCCCn1cc(C(=O)NC23CC4CC(CC(C4)C2)C3)c(=O)c2cc(-c3ccc(Cl)s3)ccc21,tensor([7.3500])
CCCCCn1cc(C(=O)NC2CCCCC2)c(=O)c2cc(Br)ccc21,tensor([6.0500])
CCCCCn1cc(C(=O)NC23CC4CC(CC(C4)C2)C3)c(=O)c2cc([S+]([O-])c3ccccc3)ccc21,tensor([7.1300])
CCCCCn1cc(C(=O)NC23CC4CC(CC(C4)C2)C3)c(=O)c2cc(CC)ccc21,tensor([7.7700])
C=CCCn1cc(C(=O)NC23CC4CC(CC(C4)C2)C3)c(=O)c2cc(-c3ccco3)ccc21,tensor([8.3600])
CCCCCn1cc(C(=O)NC23CC4CC(CC(C4)C2)C3)c(=O)c2cc(-c3c(C)noc3C)ccc21,tensor([6.9000])
CCCCCn1cc(C(=O)NC23CC4CC(CC(C4)C2)C3)c(=O)c2cc(-c3ccco3)ccc21,tensor([9.1500])
CCCCCCC(C)(C)c1ccc(C2CCCC(O)C2)c(OC)c1,tensor([6.0900])
CCCCCC(C)(C)c1ccc(C2CCCC(O)C2)c(OC)c1,tensor([6.2600])
CCCCC1=NN(C(=O)NC(C)(C)c2ccccc2)C(C)(C)C1c1ccccc1,tensor([7.9200])
CCCCC1=NN(C(=O)NC(C)(C)c2ccc(F)cc2)CC1c1ccccc1F,tensor([7.0500])
CCCCCC1=NN(C(=O)Nc2cccc3ccccc23)CC1c1ccccc1,tensor([7.4400])
CCCCCC1=NN(C(=O)NC2CCCCCC2)CC1c1ccccc1,tensor([7.7000])
CCCCCC1=NN(C(=O)NC2CCCCCCC2)CC1c1ccccc1,tensor([7.5800])
CCCCCN1N=C(C(=O)NC2C3CC4CC(C3)CC2C4)CC1c1ccccc1,tensor([8.1500])
CCCCCN1N=C(C(=O)NC2CC3CCC2(C)C3(C)C)CC1c1ccccc1,tensor([7.7000])
CCCCCC1=NN(C(=O)NCC2CCCCC2)CC1c1ccccc1,tensor([7.2800])
CCCCCC1=NN(C(=O)NCc2ccccc2)CC1c1ccccc1,tensor([6.5800])
CCCCCC1=NN(C(=O)NC2CCCCC2)CC1c1ccccc1,tensor([7.1000])
CCCCCC1=NN(C(=O)NCC23CC4CC(CC(C4)C2)C3)CC1c1ccccc1,tensor([8.1000])
CCCCCC1=NN(C(=O)NC2C3CC4CC(C3)CC2C4)CC1c1ccccc1,tensor([8.2000])
CCCCC1=NN(C(=O)NC(C)(C)c2ccc(F)cc2)CC1c1cccc(F)c1,tensor([7.1300])
CCCCC1=NN(C(=O)NC2CC3CCC2(C)C3(C)C)C(C)(C)C1c1ccccc1,tensor([8.4700])
CCCCC1=NN(C(=O)NC(C)(C)c2ccccc2)CC1c1ccccc1,tensor([7.4500])
CCCCCN1N=C(C(=O)NC(C)(C)c2ccc(F)cc2)CC1c1ccccc1,tensor([6.9200])
CCCCC1=NN(C(=O)NC(C)(C)c2ccccc2)CC1c1ccsc1,tensor([7.2100])
CCCCCC1=NN(C(=O)NC2CCCc3ccccc32)CC1c1ccccc1,tensor([7.6500])
CCCCCC1=NN(C(=O)NC2CC3CCC2(C)C3(C)C)CC1c1ccccc1,tensor([8.2800])
CCCCCC1=NN(C(=O)c2cccc3ccccc23)CC1c1ccccc1,tensor([6.9900])
CCCCCC1=NN(C(=O)NC23CC4CC(CC(C4)C2)C3)CC1c1ccccc1,tensor([7.8300])
CCCCCC1=NN(C(=O)NCC2CCC3CC2C3(C)C)CC1c1ccccc1,tensor([7.8800])
CCCCCC1=NN(C(=O)Nc2ccccc2C(F)(F)F)CC1c1ccccc1,tensor([7.8200])
CCCCCCC1(c2cc(O)c3c(c2)OC(C)(C)C2CCC(=O)CC32)SCCS1,tensor([7.4900])
CC1(C)Oc2cc(C3(CCCCCCBr)CCCC3)cc(O)c2C2CC(=O)CCC21,tensor([8.5200])
CCCCC=CC1(c2cc(O)c3c(c2)OC(C)(C)C2CCC(=O)CC32)CCC1,tensor([7.8200])
CC1(C)Oc2cc(C3(CCCCCBr)CCCC3)cc(O)c2C2CC(=O)CCC21,tensor([8.8800])
CCCCCCC1(c2cc(O)c3c(c2)OC(C)(C)C2CCC(O)CC32)CCC1,tensor([8.2900])
CCCCCCC1(c2cc(O)c3c(c2)OC(C)(C)C2CCC(=O)CC32)CCCC1,tensor([8.4800])
CCCCCCC1(c2cc(O)c3c(c2)OC(C)(C)C2CCC(=O)CC32)CCC1,tensor([7.9200])
CC1(C)Oc2cc(C3(CCCCCBr)CCC3)cc(O)c2C2CC(O)CCC21,tensor([8.7900])
CC1(C)Oc2cc(C3(CCCCCBr)CCC3)cc(O)c2C2CC(=O)CCC21,tensor([8.2300])
CCCCC=CC1(c2cc(O)c3c(c2)OC(C)(C)C2CCC(=O)CC32)CCCC1,tensor([8.1500])
Cc1c(C(=O)NCCCNCCCNC(=O)c2nn(-c3ccc(Cl)cc3Cl)c(-c3ccc(Cl)cc3)c2C)nn(-c2ccc(Cl)cc2Cl)c1-c1ccc(Cl)cc1,tensor([6.3000])
Cc1c(C(=O)NCCCCCCCNCCCCCCCN)nn(-c2ccc(Cl)cc2Cl)c1-c1ccc(Cl)cc1,tensor([6.2100])
Cc1c(C(=O)NCCCCCNCCCCCNC(=O)c2nn(-c3ccc(Cl)cc3Cl)c(-c3ccc(Cl)cc3)c2C)nn(-c2ccc(Cl)cc2Cl)c1-c1ccc(Cl)cc1,tensor([6.3500])
Cc1c(C(=O)NCCCCCCCCCN(C)CCCCCCCCCN)nn(-c2ccc(Cl)cc2Cl)c1-c1ccc(Cl)cc1,tensor([6.5800])
Cc1c(C(=O)NCCCCCCCCCCCN(C)CCCCCCCCCCCN)nn(-c2ccc(Cl)cc2Cl)c1-c1ccc(Cl)cc1,tensor([6.3700])
Cc1c(C(=O)NCCCCCCCCCCCNCCCCCCCCCCCN)nn(-c2ccc(Cl)cc2Cl)c1-c1ccc(Cl)cc1,tensor([6.5200])
Cc1c(C(=O)NCCNCCNC(=O)c2nn(-c3ccc(Cl)cc3Cl)c(-c3ccc(Cl)cc3)c2C)nn(-c2ccc(Cl)cc2Cl)c1-c1ccc(Cl)cc1,tensor([5.8900])
Cc1c(C(=O)NCCCCCCCNCCCCCCCNC(=O)c2nn(-c3ccc(Cl)cc3Cl)c(-c3ccc(Cl)cc3)c2C)nn(-c2ccc(Cl)cc2Cl)c1-c1ccc(Cl)cc1,tensor([6.2600])
Cc1c(C(=O)NCCCCCCCN(C)CCCCCCCN)nn(-c2ccc(Cl)cc2Cl)c1-c1ccc(Cl)cc1,tensor([5.7100])
Cc1c(C(=O)NCCCCCN(C)CCCCCNC(=O)c2nn(-c3ccc(Cl)cc3Cl)c(-c3ccc(Cl)cc3)c2C)nn(-c2ccc(Cl)cc2Cl)c1-c1ccc(Cl)cc1,tensor([5.9800])
Cc1c(C(=O)NCCCCCCCCCNCCCCCCCCCN)nn(-c2ccc(Cl)cc2Cl)c1-c1ccc(Cl)cc1,tensor([6.3800])
Cc1c(C(=O)NCCCCCCCN(C)CCCCCCCNC(=O)c2nn(-c3ccc(Cl)cc3Cl)c(-c3ccc(Cl)cc3)c2C)nn(-c2ccc(Cl)cc2Cl)c1-c1ccc(Cl)cc1,tensor([6.1700])
CCCC(C)(C)c1cc(Br)c2c(c1)OC(C)(C)C1CC=C(C)CC21,tensor([6.5800])
CCCCCCC(C)(C)c1cc(Br)c2c(c1)OC(C)(C)C1CC=C(C)CC21,tensor([7.4700])
CCCCCc1cc(Br)c2c(c1)OC(C)(C)C1CC=C(C)CC21,tensor([6.2600])
CCCCCC(C)(C)c1cc(Br)c2c(c1)OC(C)(C)C1CC=C(C)CC21,tensor([7.5500])
CCCCC(C)(C)c1cc(Br)c2c(c1)OC(C)(C)C1CC=C(C)CC21,tensor([7.1500])
COc1cccc2c(C(=O)N3CCN4CCCCC4C3)cn(CC3CCCCC3)c12,tensor([8.4000])
O=C(c1cn2c3c(cccc13)OCC2C1CCCCC1)N1CCN2CCCCC2C1,tensor([9.4000])
O=C(C=Cc1ccc2ccccc2c1)CCC(=O)NCCO,tensor([5.9900])
O=C(C=Cc1ccc2ccccc2c1)CCCC(=O)NC1CC1,tensor([5.6900])
O=C(CCC(=O)NCCO)CCc1ccc(-c2ccccc2)cc1,tensor([5.6500])
O=C(C=Cc1ccc2ccccc2c1)CCCC(=O)NCCO,tensor([5.9900])
CCOC(=O)CNC(=O)CCC(=O)C=Cc1ccc2ccccc2c1,tensor([5.6000])
CCCCCn1cc(C(=O)NC(C)C23CC4CC(CC(C4)C2)C3)c(=O)cc1-c1ccccc1,tensor([7.8400])
CCCCCn1cc(C(=O)NCC23CC4CC(CC(C4)C2)C3)c(=O)cc1-c1ccccc1,tensor([7.6300])
CCCCCn1cc(C(=O)NC23CC4CC(CC(C4)C2)C3)c(=O)cc1C,tensor([7.7000])
CCCCCn1cc(C(=O)NC23CC4CC(CC(C4)C2)C3)c(=O)cc1-c1ccccc1,tensor([8.4000])
CCCCCn1cc(NC(=O)C2CCCCC2)c(=O)cc1-c1ccccc1,tensor([7.2900])
CCCCCn1cc(C(=O)NC23CC4CC(CC(C4)C2)C3)c(=O)cc1-c1ccc(C)cc1,tensor([7.8800])
CCCCCn1cc(C(=O)NN2CCCCC2)c(=O)cc1-c1ccccc1,tensor([7.0400])
CCCCCn1cc(C(=O)NC23CC4CC(CC(C4)C2)C3)c(=S)cc1-c1ccccc1,tensor([7.7300])
CCCCCn1cc(C(=O)NC23CC4CC(CC(C4)C2)C3)c(=O)cc1-c1ccccc1Cl,tensor([9.1500])
CCCCCn1cc(C(=O)NC23CC4CC(CC(C4)C2)C3)c(=O)cc1-c1ccc(Cl)cc1,tensor([7.1000])
CCn1cc(C(=O)NC(C)C23CC4CC(CC(C4)C2)C3)c(=O)cc1-c1ccccc1,tensor([6.3800])
CCCCCCn1cc(C(=O)NC23CC4CC(CC(C4)C2)C3)c(=O)cc1-c1ccccc1,tensor([7.8700])
CCCCCn1cc(C(=O)NC2CCCCC2)c(=O)cc1C(C)(C)C,tensor([7.5400])
CCCCCn1cc(C(=O)Nc2cccc(C(F)(F)F)c2)c(=O)cc1-c1ccccc1,tensor([7.5900])
CCCCCn1cc(C(=O)NC2CCCc3ccccc32)c(=O)cc1-c1ccccc1,tensor([8.])
CCCCCn1cc(C(=O)NCC23CC4CC(C)(CC(C)(C4)C2)C3)c(=O)cc1-c1ccccc1,tensor([8.1800])
CCCCn1cc(C(=O)NC23CC4CC(CC(C4)C2)C3)c(=O)cc1-c1ccccc1,tensor([7.7400])
CCCCCn1cc(C(=O)NC23CC4CC(CC(C4)C2)C3)c(=O)cc1C(C)(C)C,tensor([7.5400])
CCCCCn1cc(C(=O)NC2CCCCC2)c(=S)cc1-c1ccccc1,tensor([7.3200])
CCCC(C)(C)c1ccc2c(c1)OC(C)(C)C1CC=C(O)CC21,tensor([7.6900])
CCCCCn1cc(C(=O)NC23CC4CC(CC(C4)C2)C3)c(=O)cc1-c1ccc(OC)cc1,tensor([7.0400])
CCCCCn1cc(C(=O)NC2CCCCC2)c(=O)cc1-c1ccc(Cl)cc1,tensor([7.1100])
CCCCCn1cc(C(=O)NC23CC4CC(CC(C4)C2)C3)c(=O)cc1-c1cccc(Cl)c1,tensor([8.7400])
CCCCCn1cc(NC(=O)OC(C)(C)C)c(=O)cc1-c1ccccc1,tensor([6.6800])
FC(F)(F)c1cccc(-c2c[nH]c(-c3cccc(CN4CCOCC4)c3)n2)c1,tensor([7.3800])
CC1=CCC2C(C1)c1c(O)cc(C3(C#N)CCCCC3)cc1OC2(C)C,tensor([8.4100])
Cc1c(C(C)(C)C)sc(=NC(=O)c2ccc(OC(F)(F)F)cc2)n1CC1CC1,tensor([8.2400])
COCCn1c(C)c(C)sc1=NC(=O)C1C(C)(C)C1(C)C,tensor([9.1900])
Cc1c(C(C)(C)C)sc(=NS(=O)(=O)c2cccc3ccccc23)n1C1CC1,tensor([7.8000])
CCCCCn1cc(C(=O)NC23CC4CC(CC(C4)C2)C3)c(=O)c2cccc(C)c21,tensor([8.3100])
CC(C)CN1CCc2c(nn(-c3ccccc3Cl)c2-c2ccc(Cl)cc2)C1=O,tensor([5.7500])
COCCn1c(C)c(C(C)(C)C)sc1=NC(=O)c1ccc(C(F)(F)F)cc1,tensor([8.])
O=S(=O)(CCCC(F)(F)F)Oc1cccc(Oc2cccc3c2CC(CO)C3)c1,tensor([8.3700])
CCCCCCC1CCCc2c1cc1c(c2O)C2CC(C)=CCC2C(C)(C)O1,tensor([8.2700])
Cc1c(C(C)(C)C)sc(=NC(=O)c2ccc(Br)cc2)n1CC1CC1,tensor([8.9200])
Cc1ccc2c(c1)Cc1c(C(=O)NC3CCCCC3)nn(-c3ccc(Cl)cc3Cl)c1-2,tensor([8.1200])
CC1=CCC2C(C1)c1c(O)cc(C3(C4CCCCC4)SCCS3)cc1OC2(C)C,tensor([8.9800])
CCCCCCn1cc(C(=O)NC2CCCCC2)c(=O)c2ccc(C)nc21,tensor([8.1000])
CC1=CCC2C(C1)c1c(OC(=O)CCCN3CCOCC3)cc(C(C)(C)CCCCC#N)cc1OC2(C)C,tensor([8.1000])
COc1ccc(-c2oc3cc(OC)ccc3c2C(=O)c2ccc(C#N)cc2)cc1,tensor([4.8300])
CC1=CCC2C(C1)c1c(O)cc(-c3cccc4ccccc34)cc1OC2(C)C,tensor([8.0300])
CCCCCCNC(=O)c1cn(CCCCC)c2ccc(Br)cc2c1=O,tensor([6.0500])
Cc1nc(C(=O)NC23CC4CC(CC2C4)C3)c(C)n1-c1ccccc1,tensor([8.0100])
CCCCCCC1(c2cc(O)c3c(c2)OC(C)(C)C2CC=C(C)CC32)CC1(Cl)Cl,tensor([8.8900])
COc1ccc2c(c1)c(CCN1CCOCC1)c(C)n2C(=O)c1cccc(Cl)c1Cl,tensor([7.9200])
CC1=CCC2C(C1)c1c(O)cc(C34CC5CC(CC(C5)C3)C4)cc1OC2(C)C,tensor([7.2800])
CCC(C)(C)C(=O)Cc1cc(C)c(C)c(S(=O)(=O)N2CCCCC2)c1,tensor([8.5700])
CCC(C)(C)C(=O)Cc1cc(C)c(C)c(S(=O)(=O)N2CCCCCC2)c1,tensor([8.0500])
CC1=CCC2C(C1)c1c(O)cc(C(C)(C)C3CCCCCC3)cc1OC2(C)C,tensor([9.6600])
CCCCCn1c(C)c(C(=O)c2ccc(CCCC)c3ccc(C)cc23)c2ccccc21,tensor([8.1900])
CCCCCCC(C)(C)c1cc(OC)c(C2C=C(CO)C3CC2C3(C)C)c(OC)c1,tensor([7.6400])
CCCCCCC(C)(C)c1cc(OC)c2c(c1)OC(C)(C)C1CC=C(C)CC21,tensor([8.1900])
Cc1nc(C(=O)Nc2ccccc2C(F)(F)F)c(C)n1-c1ccccc1,tensor([8.4600])
Cc1c(Cl)ccc2c(=O)c(C(=O)NC34CC5CC(CC(C5)C3)C4)c[nH]c12,tensor([7.5900])
CC1(Cc2ccccc2)COc2cc(C(=O)N3CCCCC3)ccc21,tensor([6.3800])
Cc1ccc2c(c1)Cc1c(C(=O)NN3CCCCC3)nn(-c3ccc(Cl)cc3Cl)c1-2,tensor([10.4000])
Cc1ccc2c(=O)c(C(=O)NC3CCCC3)cn(CCN3CCOCC3)c2n1,tensor([7.3000])
CCCCCCC1(c2cc(O)c3c(c2)OC(C)(C)C2CC=C(C)CC32)OCCO1,tensor([9.7000])
COc1ccc(OC)c2c(=O)c(C(=O)NC34CC5CC(CC(C5)C3)C4)c[nH]c12,tensor([7.2800])
COc1cccc2c(C(=O)N3CC(C)N(C)C(C)C3)cn(CC3CCCCC3)c12,tensor([9.1000])
CN(CC(N)=O)Cc1nc(-c2cn(CC3CCOCC3)c3c(Cl)cccc23)no1,tensor([8.2000])
C#CCCCC(=O)OCC(CO)OCCCCC=CCC=CCC=CCC=CCCCCC,tensor([7.0700])
CCCCCC=CCC=CCC=CCC=CCCCCOC(CO)COC(=O)CCCCCNC(=O)CCCCC1SCC2NC(=O)NC21,tensor([6.3500])
Cc1cc(-c2cc(C(=O)NC3C4(C)CCC(C4)C3(C)C)nn2Cc2ccc(CNCCCCCCN)cc2)ccc1Cl,tensor([6.5800])
CCCCCC=CCC=CCC=CCC=CCCCC(=O)OC(CO)CO,tensor([5.8900])
CCCCCC=CCC=CCC=CCC=CCCCC(=O)OC(CO)COC(=O)CCCCCNC(=O)CCCCC1SCC2NC(=O)NC21,tensor([6.4200])
Cc1c(CCN2CCOCC2)c2cc(OCC[18F])ccc2n1C(=O)c1cccc(Cl)c1Cl,tensor([7.5700])
CCCCCn1c(=O)c(C(=O)NC23CC4CC(CC(C4)C2)C3)c(O)c2cc(-c3ccco3)ccc21,tensor([7.8200])
CCCCCn1cc(C(=O)NC23CC4CC(CC(C4)C2)C3)c(=O)c2cc(-c3ccccc3)cc(OC)c21,tensor([6.3700])
CCCCCn1c(=O)c(C(=O)NC23CC4CC(CC(C4)C2)C3)cc2ccccc21,tensor([9.7000])
CCCCc1[nH]c2ccc(-c3ccco3)cc2c(=O)c1C(=O)NC12CC3CC(CC(C3)C1)C2,tensor([6.8800])
CCCCCn1cc(C(=O)NC23CC4CC(CC(C4)C2)C3)c(=O)c2cccc(OC)c21,tensor([9.2200])
CCCCCn1cc(C(=O)NC23CC4CC(CC(C4)C2)C3)c(=O)c2cc(-c3ccco3)cc(OC)c21,tensor([8.0700])
CCCCc1[nH]c2ccc(Br)cc2c(=O)c1C(=O)NC12CC3CC(CC(C3)C1)C2,tensor([5.9300])
CCCCCn1cc(C(=O)NC23CC4CC(CC(C4)C2)C3)c(=O)c2cccc([N+](=O)[O-])c21,tensor([9.])
COc1cccc2c(=O)c(C(=O)NC34CC5CC(CC(C5)C3)C4)c[nH]c12,tensor([5.4600])
CCCCCOc1cccc2c(=O)c(C(=O)NC34CC5CC(CC(C5)C3)C4)c[nH]c12,tensor([7.2200])
CCC1COc2cccc3c(=O)c(C(=O)NC45CC6CC(CC(C6)C4)C5)cn1c23,tensor([8.1600])
CCCCCn1cc(C(=O)NC23CC4CC(CC(C4)C2)C3)c(=O)c2cc(Br)cc(OC)c21,tensor([7.6400])
O=C(NC12CC3CC(CC(C3)C1)C2)c1c[nH]c2c(-c3ccccc3)cccc2c1=O,tensor([6.6600])
CCCCCn1c(=O)c(C(=O)NC23CC4CC(CC(C4)C2)C3)c(O)c2cc(Br)ccc21,tensor([7.5300])
CCCCOc1c(OC)ccc2cc(C(=O)NCCc3cn(CCF)nn3)c(=O)[nH]c12,tensor([5.6200])
CCCCOc1c(OC)ccc2cc(C(=O)NCCCF)c(=O)[nH]c12,tensor([7.2400])
CCCCOc1c(OC)ccc2cc(C(=O)NCc3ccc(F)cc3)c(=O)[nH]c12,tensor([8.5500])
CCCCOc1c(OC)ccc2cc(C(=O)NCCF)c(=O)[nH]c12,tensor([6.3100])
CCCCOc1c(OC)c([N+](=O)[O-])cc2cc(C(=O)NCCc3ccc(F)cc3)c(=O)[nH]c12,tensor([8.8500])
CCCCOc1c(OC)ccc2cc(C(=O)NCC(F)c3ccccc3)c(=O)[nH]c12,tensor([9.1000])
COc1ccc2cc(C(=O)NCC(F)c3ccccc3)c(=O)[nH]c2c1OC,tensor([7.6600])
CCCCOc1c(OC)ccc2cc(C(=O)NCc3cn(CCF)nn3)c(=O)[nH]c12,tensor([6.2100])
COc1ccc2cc(C(=O)NCCc3ccc(F)cc3)c(=O)[nH]c2c1OC,tensor([8.3000])
CCCCOc1c(OC)ccc2cc(C(=O)NCCc3ccc(F)cc3)c(=O)[nH]c12,tensor([8.6200])
CCCCCc1cc(O)c(CC=C(C)CCC=C(C)C)c(O)c1,tensor([6.0600])
CCCCCc1cc(O)c(CC=C(C)CCC=C(C)CCC=C(C)C)c(O)c1,tensor([6.7500])
CCCCCn1cc(C(=O)c2cccc(-c3ccccc3)c2)c2ccccc21,tensor([7.2000])
COCCn1cc(C(=O)Nc2ccc3ccccc3c2)c2ccccc21,tensor([6.5000])
COCCn1cc(C(=O)c2cccc3ccccc23)c2cccnc21,tensor([6.7000])
COCCn1cc(C(=O)c2cccc3ccccc23)c2ccncc21,tensor([7.6000])
COCCn1cc(C(=O)c2ccccc2-c2ccccc2)c2ccccc21,tensor([6.2000])
CCCCCn1cc(C(=O)c2ccc(-c3ccccc3)cc2)c2ccccc21,tensor([7.4000])
CCCCCn1cc(C(=O)Nc2cccc3ccccc23)c2ccccc21,tensor([7.])
CCCCCn1cc(C(=O)c2cccc3ccccc23)c2cnccc21,tensor([7.3000])
CCCCCn1cc(C(=O)c2cccc3ccccc23)c2ccncc21,tensor([6.3000])
CCCCCn1cc(C(=O)c2ccccc2-c2ccccc2)c2ccccc21,tensor([8.1000])
CCCCCn1cc(C(=O)c2cccc3ccccc23)c2cccnc21,tensor([7.3000])
COCCn1cc(C(=O)Nc2cccc3ccccc23)c2ccccc21,tensor([6.6000])
CCCCCn1cc(C(=O)Nc2ccc3ccccc3c2)c2ccccc21,tensor([6.2000])
CCCCCN1C(=O)C(=NNC(=O)CN(C)c2ccc([N+](=O)[O-])c3nonc23)c2ccc(OC)cc21,tensor([6.4100])
CCOC(=O)C(=Cc1cn(CCN2CCOCC2)c2ccccc12)C(=O)c1ccccc1,tensor([5.8000])
N#CC(=Cc1cn(CCN2CCCCC2)c2ccccc12)S(=O)(=O)c1ccccc1,tensor([8.1200])
CC1(C)C(C(=O)c2cn(CC3CCOCC3)c3c(CC4CCOCC4)c4c(cc23)OCO4)C1(C)C,tensor([8.9900])
N#CC(=Cc1cn(CCN2CCOCC2)c2ccccc12)S(=O)(=O)c1ccccc1,tensor([7.9900])
CCOC(=O)C(=Cc1cn(CCN2CCCCC2)c2ccccc12)C(=O)c1ccccc1,tensor([5.8600])
Cc1c(C(=O)Nc2cc[n+]([O-])cc2)nn(-c2ccc(Cl)cc2Cl)c1-c1ccc(Cl)cc1,tensor([5.3400])
Cc1ccc(NC(=O)c2nn(-c3ccc(Cl)cc3Cl)c(-c3ccc(Cl)cc3)c2C)cn1,tensor([5.4000])
Cc1c(C(=O)NCC2CCC(CNS(C)(=O)=O)CC2)nn(-c2ccc(Cl)cc2Cl)c1-c1ccc(Cl)cc1,tensor([6.0500])
Cc1c(C(=O)Nc2ccc(C)[n+](C)c2)nn(-c2ccc(Cl)cc2Cl)c1-c1ccc(Cl)cc1,tensor([5.6400])
Cc1c(C(=O)Nc2ccncc2)nn(-c2ccc(Cl)cc2Cl)c1-c1ccc(Cl)cc1,tensor([5.7600])
Cc1c(C(=O)NCC2CCC(CNS(N)(=O)=O)CC2)nn(-c2ccc(Cl)cc2Cl)c1-c1ccc(Cl)cc1,tensor([5.7500])
Cc1c(C(=O)NCCCCCCCNS(N)(=O)=O)nn(-c2ccc(Cl)cc2Cl)c1-c1ccc(Cl)cc1,tensor([6.])
Cc1c(C(=O)NCCCCCCCNS(C)(=O)=O)nn(-c2ccc(Cl)cc2Cl)c1-c1ccc(Cl)cc1,tensor([6.1100])
N#Cc1c(C(F)(F)F)ccc2c1oc1ccc(OS(=O)(=O)CCCC(F)(F)F)cc12,tensor([5.4800])
N#Cc1c(C(F)(F)F)ccc2c1oc1cccc(OS(=O)(=O)CCCC(F)(F)F)c12,tensor([5.7400])
N#Cc1c(C(F)(F)F)ccc2c1oc1cc(OS(=O)(=O)CCCC(F)(F)F)ccc12,tensor([6.5000])
N#Cc1c(C(F)(F)F)ccc2c1oc1c(OS(=O)(=O)CCCC(F)(F)F)cccc12,tensor([6.6000])
N#Cc1c(C(F)(F)F)ccc2c1Oc1c(cccc1OS(=O)(=O)CCCC(F)(F)F)C2,tensor([5.9400])
Cc1c(C(=O)NCc2ccc(Cl)c(Cl)c2)nn(-c2ccc(Cl)c(Cl)c2)c1-n1cccc1Cl,tensor([7.2700])
CCc1c(C(=O)NCc2ccc(Cl)c(Cl)c2)nn(-c2ccc(Cl)cc2Cl)c1-n1c(C)ccc1C,tensor([7.2500])
Cc1c(C(=O)NCc2ccc(Cl)c(Cl)c2)nn(-c2ccc(Cl)cc2Cl)c1-n1c(Cl)ccc1Cl,tensor([6.8700])
CCc1c(C(=O)NC2CCCCC2)nn(-c2ccc(Cl)cc2Cl)c1-n1c(C)ccc1C,tensor([6.1200])
CCc1c(C(=O)NC2CCCCC2)nn(-c2ccc(Cl)c(Cl)c2)c1-n1cccc1,tensor([9.2900])
Cc1c(C(=O)NC2CCCCC2)nn(-c2ccc(Cl)cc2Cl)c1-n1cc2c(c1)CCCC2,tensor([6.4200])
CCc1ccc(CC)n1-c1c(C)c(C(=O)NC2CCCCC2)nn1-c1ccc(Cl)c(Cl)c1,tensor([6.3900])
CCc1c(C(=O)NC2CCCCC2)nn(-c2ccc(Cl)c(Cl)c2)c1-n1c(C)ccc1C,tensor([8.7700])
Cc1c(C(=O)NCc2ccc(Cl)c(Cl)c2)nn(-c2ccc(Cl)cc2Cl)c1-n1cc2c(c1)CCCC2,tensor([7.1400])
Cc1c(C(=O)NC2CCCCC2)nn(-c2ccc(Cl)c(Cl)c2)c1-n1c(Cl)ccc1Cl,tensor([8.8900])
CCc1c(C(=O)NC2CCCCC2)nn(-c2ccc(Cl)cc2Cl)c1-n1cccc1,tensor([7.8000])
CCc1c(C(=O)NCc2ccc(Cl)c(Cl)c2)nn(-c2ccc(Cl)c(Cl)c2)c1-n1cccc1,tensor([7.5300])
Cc1c(C(=O)NC2CCCCC2)nn(-c2ccc(Cl)c(Cl)c2)c1-n1cccc1Cl,tensor([9.0500])
Cc1c(C(=O)NCc2ccc(Cl)c(Cl)c2)nn(-c2ccc(Cl)cc2Cl)c1-n1cccc1Cl,tensor([7.0100])
Cc1c(C(=O)NC2CCCCC2)nn(-c2ccc(Cl)cc2Cl)c1-n1c(Cl)ccc1Cl,tensor([7.7200])
CCc1c(C(=O)NCc2ccc(Cl)c(Cl)c2)nn(-c2ccc(Cl)cc2Cl)c1-n1cccc1,tensor([6.3400])
Cc1c(C(=O)NCc2ccc(Cl)c(Cl)c2)nn(-c2ccc(Cl)c(Cl)c2)c1-n1c(Cl)ccc1Cl,tensor([6.7900])
CCc1c(C(=O)NCc2ccc(Cl)c(Cl)c2)nn(-c2ccc(Cl)c(Cl)c2)c1-n1c(C)ccc1C,tensor([6.9400])
Cc1c(C(=O)NC2CCCCC2)nn(-c2ccc(Cl)cc2Cl)c1-n1cccc1Cl,tensor([7.7400])
CCCCCc1cc(O)cc(OCCCCCCOC(CO)CO)c1,tensor([6.0400])
CCCCCCC(C)(C)c1cc(O)cc(OCCCCCCCCOC(CO)CO)c1,tensor([6.9600])
CCCCCCC(C)(C)c1cc(O)cc(OCCCCCCCCCCCC(=O)OC(CO)CO)c1,tensor([6.1000])
CCCCCCC(C)(C)c1cc(O)cc(OCCCCCCCC(=O)OC(CO)CO)c1,tensor([6.1000])
CCCCCCC(C)(C)c1cc(O)cc(OCCCCCCOC(CO)CO)c1,tensor([6.7200])
CCCCCc1cc(O)cc(OCCCCCCCCOC(CO)CO)c1,tensor([5.9400])
CCCCCCc1ccc(OCCCCCCOC(CO)CO)cc1O,tensor([5.9500])
CCCCCCC(C)(C)c1cc(O)cc(OCCCCCCCCCCOC(CO)CO)c1,tensor([6.4200])
CCCCCCC(C)(C)c1cc(O)cc(OCCCCCCCCCCC(=O)OC(CO)CO)c1,tensor([6.1000])
CCCCCCc1ccc(OCCCCCCCCCCOC(CO)CO)cc1O,tensor([5.6200])
CCCCCCc1ccc(O)cc1OCCCCCCCCCCC(=O)OC(CO)CO,tensor([5.7500])
CCCCCCc1ccc(O)cc1OCCCCCCCCCCC(=O)OCC(O)CO,tensor([5.3200])
CCCCCCC(C)(C)c1cc(O)cc(OCCCCCCCCCCC(=O)OCC(O)CO)c1,tensor([6.5100])
CCCCCCc1ccc(O)cc1OCCCCCCCC(=O)OC(CO)CO,tensor([5.7500])
CCCCCCC(C)(C)c1cc(O)cc(OCCCCCCCCCCCCOC(CO)CO)c1,tensor([5.7800])
CCCCCc1cc(O)cc(OCCCCCCCCCCC(=O)OC(CO)CO)c1,tensor([6.0600])
CCCCCc1cc(O)cc(OCCCCCCCC(=O)OC(CO)CO)c1,tensor([5.1000])
CCCCCCc1ccc(OCCCCCCCCCCC(=O)OCC(O)CO)cc1O,tensor([4.9800])
CCCCCc1cc(O)cc(OCCCCCCCCCCC(=O)OCC(O)CO)c1,tensor([5.1000])
CCCCCCc1ccc(OCCCCCCCC(=O)OC(CO)CO)cc1O,tensor([5.1000])
CCCCCCc1ccc(OCCCCCCCCCCC(=O)OC(CO)CO)cc1O,tensor([5.1000])
CCCCCC=CCC=CCC=CCC=CCCCC(=O)N(C)c1c(C)n(C)n(-c2ccccc2)c1=O,tensor([5.5200])
CCCCCC=CCC=CCC=CCC=CCCCC(=O)Nc1c(C)n(C)n(-c2ccccc2)c1=O,tensor([5.2700])
CCCCCOc1ccc(C(=O)c2cccc3ccccc23)c2ccccc12,tensor([7.7200])
C=CCn1c2c(c3cc(C(=O)N4CCC(C)CC4)ccc31)CN(CC1CC1)CC2,tensor([7.8500])
CCOc1ccc(Cc2nc3cc(N(C)S(=O)(=O)c4cccs4)ccc3n2CC2CCCCC2)nc1,tensor([9.2500])
CN(Cc1ccccc1)C(=O)N1CC(OC(c2ccc(Cl)cc2)c2cccnc2Cl)C1,tensor([6.3100])
CCCNC(=O)c1c(NC(=O)C2C(C)(C)C2(C)C)sc2c1CCOC2,tensor([7.0400])
O=C(c1c(NC(=O)C23CC4CC(CC2C4)C3)sc2c1CCOC2)N1CC(F)(F)C1,tensor([8.2500])
CCCNC(=O)c1c(NC(=O)C23CC4CC(CC(C4)O2)C3)sc2c1CCOC2,tensor([6.5900])
O=C(c1c(NC(=O)C23CC4CC(CC2C4)C3)sc2c1CCOC2)N1CCOCC1,tensor([7.0400])
CCCNC(=O)c1c(NC(=O)C23CC4CC(CC2C4)C3)sc2c1CCN(C)C2,tensor([7.0400])
CCCNC(=O)c1c(NC(=O)C23CC4CC(CC2C4)C3)sc2c1CCOC2,tensor([7.6800])
CCNC(=O)c1c(NC(=O)C23CC4CC(CC2C4)C3)sc2c1CCOC2,tensor([6.6700])
CCCNC(=O)c1c(NC(=O)C23CC4CC(CC(C4)C2)C3)sc2c1CCOC2,tensor([7.4700])
CCCNC(=O)c1c(NC(=O)c2c(F)cccc2C(F)(F)F)sc2c1CCOC2,tensor([6.9800])
COCCNC(=O)c1c(NC(=O)C23CC4CC(CC2C4)C3)sc2c1CCOC2,tensor([6.9200])
CCCNC(=O)c1c(NC(=O)C2CC3CCC2C3)sc2c1CCOC2,tensor([6.9800])
COc1cccc2c(-c3nsc(CN4CCN(CC(N)=O)CC4)n3)cn(CC3CCOCC3)c12,tensor([7.8000])
NC(=O)CN1CCN(Cc2nc(-c3cn(CC4CCOCC4)c4c(Cl)cccc34)no2)CC1,tensor([7.3000])
O=C(NCCO)C1CCCN(Cc2nc(-c3cn(CC4CCS(=O)(=O)CC4)c4c(Cl)cccc34)ns2)C1,tensor([7.7000])
CCCCn1c2c(cc(C(=O)NC3(C(=O)O)CCCCC3)c1=O)CCCCCC2,tensor([7.2500])
O=C(NC1(C(=O)O)CCCCC1)c1cc2c(n(Cc3ccc(F)cc3)c1=O)CCCCCC2,tensor([7.8000])
CCN1CCCC1Cn1c2c(cc(C(=O)NC3(C(=O)O)CCCCC3)c1=O)CCCCCC2,tensor([5.6700])
O=C(NC1(C(=O)O)CCCCC1)c1cc2c(n(CC3CCCCC3)c1=O)CCCCCC2,tensor([8.1700])
CC(C)(NC(=O)c1cc2c(n(CC3CCCCC3)c1=O)CCCCCC2)C(=O)O,tensor([6.4600])
CCCCn1c(CC)c(C)cc(C(=O)NC2(C(=O)O)CCCCC2)c1=O,tensor([6.4600])
O=C(NC(C(=O)O)C1CCCCC1)c1cc2c(n(CC3CCCCC3)c1=O)CCCCCC2,tensor([6.9600])
O=C(NC1(C(=O)O)CCCCC1)c1cc2c(n(CC3CCCO3)c1=O)CCCCCC2,tensor([6.6100])
O=C(NC1(C(=O)O)CCCCCCC1)c1cc2c(n(CC3CCCCC3)c1=O)CCCCCC2,tensor([8.2100])
CCc1c(C)cc(C(=O)NC2(C(=O)O)CCCCC2)c(=O)n1Cc1ccc(F)cc1,tensor([7.4400])
COCCn1c2c(cc(C(=O)NC3(C(=O)O)CCCCC3)c1=O)CCCCCC2,tensor([6.5300])
CCCCn1c(CCC)c(Br)cc(C(=O)NC2(C(=O)O)CCCCC2)c1=O,tensor([6.4200])
CCCc1c(CC)cc(C(=O)NC2(C(=O)O)CCCCC2)c(=O)n1Cc1ccc(F)cc1,tensor([6.5800])
N#Cc1ccc(Cn2c3c(cc(C(=O)NC4(C(=O)O)CCCCC4)c2=O)CCCCCC3)cc1,tensor([6.8400])
CC(C)(NC(=O)c1cc2c(n(CC3CCCCC3)c1=O)CCCCCC2)C(=O)NN,tensor([8.5500])
CC(C)(NC(=O)c1cc2c(n(CC3CCCCC3)c1=O)CCCCCC2)C(=O)NCCCCCO,tensor([8.9200])
CC(=O)NCCNC(=O)C(C)(C)NC(=O)c1cc2c(n(CC3CCCCC3)c1=O)CCCCCC2,tensor([8.6000])
CC(C)(NC(=O)c1cc2c(n(CC3CCCCC3)c1=O)CCCCCC2)C(=O)N1CCC(C(N)=O)CC1,tensor([8.5200])
CN(C)CCNC(=O)C(C)(C)NC(=O)c1cc2c(n(CC3CCCCC3)c1=O)CCCCCC2,tensor([7.0900])
CC(C)(NC(=O)c1cc2c(n(CC3CCCCC3)c1=O)CCCCCC2)C(=O)NCC(=O)O,tensor([5.5500])
CC(C)(NC(=O)c1cc2c(n(CC3CCCCC3)c1=O)CCCCCC2)C(=O)N1CCC(O)CC1,tensor([8.9600])
CC(C)(NC(=O)c1cc2c(n(CC3CCCCC3)c1=O)CCCCCC2)C(=O)NCC(N)=O,tensor([8.2200])
COC(=O)C(C)(C)NC(=O)c1cc2c(n(CC3CCCCC3)c1=O)CCCCCC2,tensor([9.5200])
CC(C)(NC(=O)c1cc2c(n(CC3CCCCC3)c1=O)CCCCCC2)C(=O)NCCCO,tensor([9.])
CC(C)(NC(=O)c1cc2c(n(CC3CCCCC3)c1=O)CCCCCC2)C(=O)N1CCC(C(=O)NS(C)(=O)=O)CC1,tensor([6.8900])
CC(C)(NC(=O)c1cc2c(n(CC3CCCCC3)c1=O)CCCCCC2)C(=O)NNS(C)(=O)=O,tensor([8.1400])
CN(CCO)C(=O)C(C)(C)NC(=O)c1cc2c(n(CC3CCCCC3)c1=O)CCCCCC2,tensor([9.2200])
CC(C)(NC(=O)c1cc2c(n(CC3CCCCC3)c1=O)CCCCCC2)C(=O)NCCOCCO,tensor([9.2200])
CC(C)(NC(=O)c1cc2c(n(CC3CCCCC3)c1=O)CCCCCC2)C(=O)N1CCC(C(=O)O)CC1,tensor([6.4200])
CC(C)(NC(=O)c1cc2c(n(CC3CCCCC3)c1=O)CCCCCC2)C(=O)N1CCC(NS(C)(=O)=O)CC1,tensor([8.3600])
O=C(O)Cc1cnc(NC(=O)c2cc3c(n(CC4CCCCC4)c2=O)CCCCCC3)s1,tensor([8.3400])
O=C(NC(C(=O)O)c1ccccc1)c1cc2c(n(CC3CCCCC3)c1=O)CCCCCC2,tensor([8.9200])
CC(C)C(NC(=O)c1cc2c(n(CC3CCCCC3)c1=O)CCCCCC2)C(=O)O,tensor([6.9400])
O=C(O)c1cnc(NC(=O)c2cc3c(n(CC4CCCCC4)c2=O)CCCCCC3)s1,tensor([6.0500])
O=C(O)Cc1csc(NC(=O)c2cc3c(n(CC4CCCCC4)c2=O)CCCCCC3)n1,tensor([7.6600])
O=C(O)c1ccc(NC(=O)c2cc3c(n(CC4CCCCC4)c2=O)CCCCCC3)cc1,tensor([6.9700])
O=C(O)c1cccc(NC(=O)c2cc3c(n(CC4CCCCC4)c2=O)CCCCCC3)c1,tensor([6.2100])
O=C(O)Cc1cccc(NC(=O)c2cc3c(n(CC4CCCCC4)c2=O)CCCCCC3)c1,tensor([6.9200])
O=C(O)CCc1csc(NC(=O)c2cc3c(n(CC4CCCCC4)c2=O)CCCCCC3)n1,tensor([7.7500])
O=C(NC(Cc1ccccc1)C(=O)O)c1cc2c(n(CC3CCCCC3)c1=O)CCCCCC2,tensor([7.4800])
O=C(O)Cc1ccc(NC(=O)c2cc3c(n(CC4CCCCC4)c2=O)CCCCCC3)cc1,tensor([7.1300])
O=C(O)Cc1ccccc1NC(=O)c1cc2c(n(CC3CCCCC3)c1=O)CCCCCC2,tensor([7.3400])
O=C(O)c1ccc(CNC(=O)c2cc3c(n(CC4CCCCC4)c2=O)CCCCCC3)cc1,tensor([6.0400])
O=C(O)c1ccccc1NC(=O)c1cc2c(n(CC3CCCCC3)c1=O)CCCCCC2,tensor([6.7400])
O=C(NC1CCCCCC1)c1cccn(Cc2ccc(F)cc2)c1=O,tensor([8.1100])
O=C(NC1CCCCC1)c1cc2ccccc2nc1OCc1ccc(F)cc1,tensor([6.8900])
O=C(NC1CCCCC1)c1cccn(CCN2CCOCC2)c1=O,tensor([5.1000])
O=C(NC1CCCCC1)c1cccn(Cc2ccc(F)cc2)c1=O,tensor([7.7000])
O=C(NC1CCCCC1)c1cc2ccccc2n(CCN2CCOCC2)c1=O,tensor([8.0500])
O=C(NC1CCCCC1)c1c(O)c2cccnc2n(CCN2CCOCC2)c1=O,tensor([8.6200])
O=C(NC1CCCCC1)c1c(O)c2cccnc2n(Cc2ccccc2)c1=O,tensor([7.1000])
O=C(NC1CCCCCC1)c1c(O)c2cccnc2n(CCN2CCOCC2)c1=O,tensor([8.7400])
O=C(NC1CCCCCC1)c1cccn(CCN2CCOCC2)c1=O,tensor([6.1000])
O=C(NC1CCCCCC1)c1cccnc1OCc1ccc(F)cc1,tensor([7.6000])
O=C(NC1CCCCCC1)c1cc2ccccc2n(CCN2CCOCC2)c1=O,tensor([8.7000])
O=C(NC1CCCCC1)c1cc2ccccc2n(Cc2ccc(F)cc2)c1=O,tensor([8.5400])
O=C(NC1CCCCC1)c1cccnc1OCc1ccccc1,tensor([6.0400])
O=C(NC1CCCCC1)c1cc2ccccc2n(Cc2ccccc2)c1=O,tensor([7.8000])
O=C(NC1CCCCCC1)c1cc2ccccc2n(Cc2ccc(F)cc2)c1=O,tensor([9.6000])
O=C(NC1CCCCC1)c1cccnc1OCc1ccc(F)cc1,tensor([6.6000])
O=C(NC1CCCCC1)c1cccn(Cc2ccccc2)c1=O,tensor([6.7000])
CNC(=O)CCCN(C)C(=O)c1ccc2c(c1)c1c(n2C)CCC(C2CCOCC2)C1,tensor([7.8100])
CN(CC(=O)NC1CC1)C(=O)c1ccc2c(c1)c1c(n2C)CCC(C2CCOCC2)C1,tensor([7.6700])
CCN1CCN(c2nc(C)nc3sc(-c4ccccc4)cc23)CC1,tensor([7.0900])
Cc1nc(N2CCN(C)CC2)c2nc(-c3ccccc3Cl)n(C3CCOC3)c2n1,tensor([7.7000])
CC1(C)Oc2cc(C(=O)c3cc4ccccc4o3)cc(O)c2C2CC(O)CCC21,tensor([6.6800])
Cn1cc(C(=O)c2cc(O)c3c(c2)OC(C)(C)C2CCC(O)CC32)c2ccccc21,tensor([5.5200])
CC1(C)Oc2cc(C(=O)c3ccccc3)cc(O)c2C2CC(O)CCC21,tensor([6.2300])
CC1(C)Oc2cc(C(=O)c3coc4ccccc34)cc(O)c2C2CC(O)CCC21,tensor([6.9300])
CC1(C)Oc2cc(C(=O)c3cccc(C(F)(F)F)c3)cc(O)c2C2CC(O)CCC21,tensor([7.4300])
CC1(C)Oc2cc(C(=O)c3ccsc3)cc(O)c2C2CC(O)CCC21,tensor([5.8100])
CC1(C)Oc2cc(C(=O)c3csc4ccccc34)cc(O)c2C2CC(O)CCC21,tensor([6.9000])
CC1(C)Oc2cc(C(=O)c3c[nH]c4ccccc34)cc(O)c2C2CC(O)CCC21,tensor([6.8000])
CC1(C)Oc2cc(C(=O)c3cc4ccccc4s3)cc(O)c2C2CC(O)CCC21,tensor([6.9500])
CS(=O)(=O)CC(=O)NC1CCCOc2c1nn(-c1ccccc1Cl)c2-c1ccc(Cl)cc1,tensor([4.2300])
O=C(NC1CCCOc2c1nn(-c1ccccc1Cl)c2-c1ccc(Cl)cc1)C1CCOCC1,tensor([4.8200])
CCNC(=O)NC1CCCOc2c1nn(-c1ccccc1Cl)c2-c1ccc(Cl)cc1,tensor([4.8300])
CC(C)C(=O)NC1CCCOc2c1nn(-c1ccccc1Cl)c2-c1ccc(Cl)cc1,tensor([5.4800])
O=C(NC1CCCOc2c1nn(-c1ccccc1Cl)c2-c1ccc(Cl)cc1)c1ccno1,tensor([4.9200])
COCC(=O)NC1CCCOc2c1nn(-c1ccccc1Cl)c2-c1ccc(Cl)cc1,tensor([4.8100])
CC(=O)NC1CCCOc2c1nn(-c1ccccc1Cl)c2-c1ccc(Cl)cc1,tensor([4.6900])
N#CC1(C(=O)NC2CCCOc3c2nn(-c2ccccc2Cl)c3-c2ccc(Cl)cc2)CC1,tensor([4.6700])
O=C(NC1CCCOc2c1nn(-c1ccccc1Cl)c2-c1ccc(Cl)cc1)C1CCCCC1,tensor([6.0200])
O=C(NC1CCCOc2c1nn(-c1ccccc1Cl)c2-c1ccc(Cl)cc1)c1ccon1,tensor([4.7700])
CCOCC(=O)NC1CCCOc2c1nn(-c1ccccc1Cl)c2-c1ccc(Cl)cc1,tensor([5.1800])
CCC(=O)NC1CCCOc2c1nn(-c1ccccc1Cl)c2-c1ccc(Cl)cc1,tensor([4.7800])
CC(C)C(=O)N(C)C1CCCOc2c1nn(-c1ccccc1Cl)c2-c1ccc(Cl)cc1,tensor([5.0600])
C=CCn1cc(C(=O)C(=O)NC23CC4CC(CC(C4)C2)C3)c2cc(-c3ccccc3)ccc21,tensor([7.5900])
CCCCCn1cc(CC(=O)NC23CC4CC(CC(C4)C2)C3)c2cc(Br)ccc21,tensor([6.7700])
CCCCCn1cc(CC(=O)NC23CC4CC(CC(C4)C2)C3)c2cc(-c3ccccc3)ccc21,tensor([7.1600])
C=CCn1cc(C(=O)NC23CC4CC(CC(C4)C2)C3)c2cc(-c3ccc(O)cc3)ccc21,tensor([7.6500])
CCCCCn1cc(C(=O)NC23CC4CC(CC(C4)C2)C3)c2cc(-c3cccs3)ccc21,tensor([8.2000])
O=C(Cc1c[nH]c2ccc(-c3ccccc3)cc12)NC12CC3CC(CC(C3)C1)C2,tensor([7.1500])
C=CCn1cc(CC(=O)NC2CCCCCC2)c2cc(-c3ccco3)ccc21,tensor([6.4200])
C=CCn1cc(C(=O)NC23CC4CC(CC(C4)C2)C3)c2cc(-c3ccco3)ccc21,tensor([8.2400])
CCCCCn1cc(C(=O)NC23CC4CC(CC(C4)C2)C3)c2cc(-c3ccco3)ccc21,tensor([8.6100])
CCn1cc(CC(=O)NC23CC4CC(CC(C4)C2)C3)c2cc(-c3ccccc3)ccc21,tensor([7.1700])
CCCCn1cc(CC(=O)NC23CC4CC(CC(C4)C2)C3)c2cc(-c3ccccc3)ccc21,tensor([7.6900])
CCCCCn1cc(C(=O)NC23CC4CC(CC(C4)C2)C3)c2ccc(-c3ccccc3)cc21,tensor([8.4500])
CCCCCn1cc(CC(=O)NC23CC4CC(CC(C4)C2)C3)c2cc(-c3ccco3)ccc21,tensor([6.9600])
CCCCCn1cc(C(=O)C(=O)NC23CC4CC(CC(C4)C2)C3)c2cc(-c3ccccc3)ccc21,tensor([7.9000])
C=CCn1cc(CC(=O)NC23CC4CC(CC(C4)C2)C3)c2cc(-c3ccccc3)ccc21,tensor([7.3000])
CCCCCn1cc(C(=O)C(=O)NC2CCCCC2)c2cc(-c3ccccc3)ccc21,tensor([7.9500])
C=CCn1cc(CC(=O)NC23CC4CC(CC(C4)C2)C3)c2cc(Br)ccc21,tensor([5.9600])
C=CCn1cc(CC(=O)NC2CCCCC2)c2cc(OCc3cccc(OC)c3)ccc21,tensor([6.4000])
C=CCn1cc(C(=O)NC23CC4CC(CC(C4)C2)C3)c2cc(-c3ccccc3)ccc21,tensor([8.7400])
CCCn1cc(CC(=O)NC23CC4CC(CC(C4)C2)C3)c2cc(-c3ccccc3)ccc21,tensor([7.9300])
CCCCCn1cc(C(=O)C(=O)NC23CC4CC(CC(C4)C2)C3)c2cc(-c3ccco3)ccc21,tensor([9.4300])
Cn1cc(CC(=O)NC23CC4CC(CC(C4)C2)C3)c2cc(-c3ccccc3)ccc21,tensor([7.0100])
C=CCCn1cc(CC(=O)NC23CC4CC(CC(C4)C2)C3)c2cc(-c3ccccc3)ccc21,tensor([7.7500])
C=CCn1cc(C(=O)C(=O)NC23CC4CC(CC(C4)C2)C3)c2cc(-c3ccco3)ccc21,tensor([7.9900])
O=C(Cc1cn(Cc2ccccc2)c2ccc(-c3ccccc3)cc12)NC12CC3CC(CC(C3)C1)C2,tensor([6.7200])
CCCCCn1cc(C(=O)NC23CC4CC(CC(C4)C2)C3)c2cc(-c3ccccc3)ccc21,tensor([7.9400])
Cc1ccc(CC2CN(C(=O)NC3CCCCC3)N=C2c2ccc(Cl)c(C)c2)cc1,tensor([6.4200])
O=C(NC1CCCCC1)N1CC(Cc2ccccc2)C(c2ccccc2)=N1,tensor([6.3000])
Cc1cc(C2=NN(C(=O)NC3C4(C)CCC(C4)C3(C)C)CC2Cc2ccccc2)ccc1Cl,tensor([6.1600])
Cc1cc(C2=NN(C(=O)NC3CCCCC3)CC2C2CCCC2)ccc1Cl,tensor([5.4400])
CCCCCn1cc(C(=O)NN(C)C)c(=O)c2ccc(Sc3ccccc3)cc21,tensor([7.1100])
CCCn1cc(C(=O)NC2C3(C)CCC(C3)C2(C)C)c(=O)c2ccc(Sc3ccccc3)cc21,tensor([9.4000])
CC12CCC(C1)C(C)(C)C2NC(=O)c1c[nH]c2cc(F)ccc2c1=O,tensor([6.0200])
CCn1cc(C(=O)NC2C3(C)CCC(C3)C2(C)C)c(=O)c2ccc(F)cc21,tensor([8.1400])
CCCCCn1cc(C(=O)NN2CCCCC2)c(=O)c2ccc(Sc3ccccc3)cc21,tensor([7.8800])
CN(C)CCn1cc(C(=O)NC2C3(C)CCC(C3)C2(C)C)c(=O)c2ccc(F)cc21,tensor([8.1000])
Cc1cccc(Cn2cc(C(=O)NC3C4(C)CCC(C4)C3(C)C)c(=O)c3ccc(Sc4ccccc4)cc32)c1,tensor([6.8600])
CC12CCC(C1)C(C)(C)C2NC(=O)c1cn(CCCCO)c2cc(Sc3ccccc3)ccc2c1=O,tensor([8.6000])
CCCCCn1cc(C(=O)NCCN2CCOCC2)c(=O)c2ccc(Sc3ccccc3)cc21,tensor([6.9300])
COCCn1cc(C(=O)NC2C3(C)CCC(C3)C2(C)C)c(=O)c2ccc(Sc3ccccc3)cc21,tensor([8.9600])
Cc1cccc(Cn2cc(C(=O)NC3C4(C)CCC(C4)C3(C)C)c(=O)c3ccc(F)cc32)c1,tensor([7.5000])
CCCCCn1cc(C(=O)NCc2ccc(Cl)c(Cl)c2)c(=O)c2ccc(Br)cc21,tensor([6.8900])
CCCCn1cc(C(=O)NC2C3(C)CCC(C3)C2(C)C)c(=O)c2ccc(F)cc21,tensor([9.1000])
CCCCCn1cc(C(=O)N2CCCC2C(N)=O)c(=O)c2ccc(Sc3ccccc3)cc21,tensor([6.6400])
CCCCCn1cc(C(=O)NOC)c(=O)c2ccc(Sc3ccccc3)cc21,tensor([6.4700])
CCCn1cc(C(=O)NC2C3(C)CCC(C3)C2(C)C)c(=O)c2ccc(F)cc21,tensor([8.5400])
CCCCCn1cc(C(=O)NOCc2ccccc2)c(=O)c2ccc(Sc3ccccc3)cc21,tensor([7.7100])
CCCCCn1cc(C(=O)NC2C3(C)CCC(C3)C2(C)C)c(=O)c2ccc(Sc3ccccc3)cc21,tensor([10.0500])
CC12CCC(C1)C(C)(C)C2NC(=O)c1cn(CCCCO)c2cc(F)ccc2c1=O,tensor([7.8200])
CCCCCn1cc(C(=O)NC2C3(C)CCC(C3)C2(C)C)c(=O)c2ccc(F)cc21,tensor([9.5200])
CCCCCn1cc(C(=O)NC(CC)CO)c(=O)c2ccc(Sc3ccccc3)cc21,tensor([7.7000])
C=Cn1cc(C(=O)NC2C3(C)CCC(C3)C2(C)C)c(=O)c2ccc(F)cc21,tensor([7.8200])
CCn1cc(C(=O)NC2C3(C)CCC(C3)C2(C)C)c(=O)c2ccc(Sc3ccccc3)cc21,tensor([8.3600])
CCCCCn1cc(C(=O)NC(C)C)c(=O)c2ccc(Sc3ccccc3)cc21,tensor([7.8300])
CN(C)CCn1cc(C(=O)NC2C3(C)CCC(C3)C2(C)C)c(=O)c2ccc(Sc3ccccc3)cc21,tensor([8.8900])
CCCCn1cc(C(=O)NC2C3(C)CCC(C3)C2(C)C)c(=O)c2ccc(Sc3ccccc3)cc21,tensor([10.])
COCCn1cc(C(=O)NC2C3(C)CCC(C3)C2(C)C)c(=O)c2ccc(F)cc21,tensor([8.2600])
Cn1cc(C(=O)NC2C3(C)CCC(C3)C2(C)C)c(=O)c2ccc(Sc3ccccc3)cc21,tensor([7.8000])
CCCCCn1cc(C(=O)NC2CN3CCC2CC3)c(=O)c2ccc(Sc3ccccc3)cc21,tensor([7.0500])
Cn1cc(C(=O)NC2C3(C)CCC(C3)C2(C)C)c(=O)c2ccc(F)cc21,tensor([7.0300])
CC12CCC(C1)C(C)(C)C2NC(=O)c1cn(CCCCSc2ccccc2)c2cc(Sc3ccccc3)ccc2c1=O,tensor([8.1900])
CCN(CC)Cc1ccc(C(=O)c2c(-c3ccc(OCCCCCCCN(C)Cc4ccccc4)cc3)oc3ccccc23)cc1,tensor([5.9500])
CCN(CC)CCOc1cccc(C(=O)c2c(-c3ccc(OCCCCCCCN(C)Cc4ccccc4)cc3)oc3ccccc23)c1,tensor([6.1600])
CCN(CC)CCOc1ccc(C(=O)c2c(-c3ccc(OCCCCCCCN(C)Cc4ccccc4)cc3)oc3ccccc23)cc1,tensor([5.9300])
CN(CCCCCCCOc1ccc(-c2oc3ccccc3c2C(=O)c2ccc(-c3ccccc3)cc2)cc1)Cc1ccccc1,tensor([5.7500])
CN(CCCCCCCOc1ccc(-c2oc3ccccc3c2C(=O)c2ccc(OCCN3CCOCC3)cc2)cc1)Cc1ccccc1,tensor([6.2400])
CC1Oc2cccc3c(=O)c(C(=O)NC4CCCCC4)cn(c23)C1c1ccccc1,tensor([6.2700])
CCC1COc2cccc3c(=O)c(C(=O)NC(C)CCC(C)C)cn1c23,tensor([7.8000])
Cc1cc2c3c(c1)c(=O)c(C(=O)NC1CCCCC1)cn3C(c1ccccc1)CO2,tensor([7.7400])
CC1COc2cccc3c(=O)c(C(=O)NC4CCCCC4)cn1c23,tensor([7.6200])
CC1COc2cccc3c(=O)c(C(=O)NC45CC6CC(CC(C6)C4)C5)cn1c23,tensor([7.3300])
CCC1COc2cccc3c(=O)c(C(=O)Nc4nccs4)cn1c23,tensor([6.5800])
O=C(NC1CCCCC1)c1cn2c3c(cccc3c1=O)OCC2C1CC1,tensor([7.8200])
CCCC1COc2cccc3c(=O)c(C(=O)NC45CC6CC(C)(CC(C)(C6)C4)C5)cn1c23,tensor([8.4400])
O=C(NC12CC3CC(CC(C3)C1)C2)c1cn2c3c(cccc3c1=O)OCC2C1CC1,tensor([8.0500])
Cc1ccc(C2COc3cccc4c(=O)c(C(=O)NC5CCCCC5)cn2c34)cc1,tensor([6.3300])
CC1(C)COc2cccc3c(=O)c(C(=O)NC45CC6CC(CC(C6)C4)C5)cn1c23,tensor([7.2500])
CCCC1COc2ccc(C)c3c(=O)c(C(=O)NC45CC6CC(CC(C6)C4)C5)cn1c23,tensor([7.9800])
CCC1COc2cccc3c(=O)c(C(=O)NC4CCCCCC4)cn1c23,tensor([8.3800])
O=C(NC1CCCCCC1)c1cn2c3c(cccc3c1=O)OCC2c1ccccc1,tensor([9.0900])
CC(C)CC1COc2cccc3c(=O)c(C(=O)NC45CC6CC(CC(C6)C4)C5)cn1c23,tensor([8.0300])
CCC1COc2c(F)c(F)cc3c(=O)c(C(=O)NC45CC6CC(CC(C6)C4)C5)cn1c23,tensor([7.4800])
O=C(NC1CCCC1)c1cn2c3c(cccc3c1=O)OCC2c1ccccc1,tensor([7.0100])
CCC1COc2c(N3CCCC3)ccc3c(=O)c(C(=O)NC45CC6CC(CC(C6)C4)C5)cn1c23,tensor([8.0900])
CC1Oc2cccc3c(=O)c(C(=O)NC45CC6CC(CC(C6)C4)C5)cn(c23)C1c1ccccc1,tensor([6.4800])
O=C(NC12CC3CC(CC(C3)C1)C2)c1cn2c3c(cccc3c1=O)OCC2Cc1ccccc1,tensor([8.4300])
CCC1COc2c(F)ccc3c(=O)c(C(=O)NC45CC6CC(CC(C6)C4)C5)cn1c23,tensor([8.1300])
CC12CC3CC(C)(C1)CC(NC(=O)c1cn4c5c(cccc5c1=O)OCC4c1ccccc1)(C3)C2,tensor([8.4600])
CCC1COc2cccc3c(=O)c(C(=O)Nc4ccncc4)cn1c23,tensor([6.8200])
CCCC1COc2ccc(C)c3c(=O)c(C(=O)NC4CCCCC4)cn1c23,tensor([7.4200])
CC(C)C1COc2cccc3c(=O)c(C(=O)NC45CC6CC(CC(C6)C4)C5)cn1c23,tensor([8.9100])
CCCC1COc2cccc3c(=O)c(C(=O)NC45CC6CC(CC(C6)C4)C5)cn1c23,tensor([8.6300])
CCC1COc2c(N3CCN(C)CC3)ccc3c(=O)c(C(=O)NC45CC6CC(CC(C6)C4)C5)cn1c23,tensor([7.3800])
O=C(NC1CCCCC1)c1cn2c3c(cccc3c1=O)OCC2c1ccccc1,tensor([8.6000])
Cc1ccc(C2COc3cccc4c(=O)c(C(=O)NC56CC7CC(CC(C7)C5)C6)cn2c34)cc1,tensor([6.3800])
CC1COc2cccc3c(=O)c(C(=O)NC4CCCCCC4)cn1c23,tensor([7.4200])
O=C(NC12CC3CC(CC(C3)C1)C2)c1cn2c3c(cccc3c1=O)OCC2c1ccccc1,tensor([7.8500])
CCCC1COc2cccc3c(=O)c(C(=O)NC4CCCCC4)cn1c23,tensor([9.4900])
CCC1COc2c(OC)ccc3c(=O)c(C(=O)NC45CC6CC(CC(C6)C4)C5)cn1c23,tensor([8.1700])
CCC1COc2cccc3c(=O)c(C(=O)NC4C5CC6CC(C5)CC4C6)cn1c23,tensor([7.8800])
CCC1COc2cccc3c(=O)c(C(=O)NC4CCCCC4)cn1c23,tensor([7.6600])
CCC1COc2cccc3c(=O)c(C(=O)N(C(C)C)C(C)C)cn1c23,tensor([7.0700])
CCCCCn1cc(C(=O)NCC23CC4CC(CC(C4)C2)C3)c(=O)cc1C(C)(C)C,tensor([7.9900])
CCCCCn1cc(C(=O)NCC2CC2)c(=O)cc1C(C)(C)C,tensor([7.8500])
CCCCCn1cc(C(=O)NC2C3CC4CC(C3)CC2C4)c(=O)cc1C(C)(C)C,tensor([8.0200])
CCCCCn1cc(C(=O)NC(C)C23CC4CC(CC(C4)C2)C3)c(=O)cc1C,tensor([8.1900])
CCCCCn1cc(C(=O)NC23CC4CC(CC(C4)C2)C3)c(=O)c(-c2ccc(CC)cc2)c1C,tensor([7.2600])
CCCCCn1cc(C(=O)Nc2ccccc2)c(=O)cc1C(C)(C)C,tensor([8.0400])
Cc1cc(=O)c(C(=O)NC23CC4CC(CC(C4)C2)C3)cn1CCC1CCOCC1,tensor([6.7100])
CCCCCn1cc(C(=O)NC2CCCCC2)c(=O)cc1C,tensor([7.6100])
CCCCCn1cc(C(=O)NC2C3CC4CC(C3)CC2C4)c(=O)cc1C,tensor([9.5900])
CCCCCn1cc(C(=O)NC23CC4CC(CC(C4)C2)C3)c(=O)c(-c2ccncc2)c1C,tensor([7.4400])
CCCCCn1cc(C(=O)NC23CC4CC(CC(C4)C2)C3)c(=O)c(-c2ccccc2)c1C,tensor([6.7200])
Cc1cc(=O)c(C(=O)NC23CC4CC(CC(C4)C2)C3)cn1CC1CCOCC1,tensor([7.6200])
Cc1cc(=O)c(C(=O)NC23CC4CC(CC(C4)C2)C3)cn1CCCC(F)(F)F,tensor([9.5500])
CCCCCn1cc(C(=O)NCC23CC4CC(CC(C4)C2)C3)c(=O)cc1C,tensor([7.8200])
CCCCCn1cc(C(=O)NC23CC4CC(CC(C4)C2)C3)c(=O)c(C2CC2)c1C,tensor([7.8700])
CCCCCn1cc(C(=O)NC23CC4CC(CC(C4)C2)C3)c(=O)c(I)c1C,tensor([7.6800])
CCCCCn1cc(C(=O)NC(C)C23CC4CC(CC(C4)C2)C3)c(=O)cc1C(C)(C)C,tensor([8.0500])
O=C(Cc1ccccc1)NC(C=Cc1ccccc1)NC(=O)Cc1ccccc1,tensor([5.2500])
O=C(Cc1ccccc1)NC(NC(=O)Cc1ccccc1)c1ccc(C(F)(F)F)cc1,tensor([6.2200])
O=C(Cc1ccccc1)NC(NC(=O)Cc1ccccc1)c1ccc(N2CCCCC2)cc1,tensor([6.2200])
CCOc1ccc(C(NC(=O)Cc2ccccc2)NC(=O)Cc2ccccc2)cc1,tensor([5.8200])
O=C(Cc1ccc(Cl)cc1)NC(NC(=O)Cc1ccc(Cl)cc1)c1ccc(C(F)(F)F)cc1,tensor([7.])
CCCN(CCC)c1ccc(C(NC(=O)Cc2ccccc2)NC(=O)Cc2ccccc2)cc1,tensor([7.6600])
CCCCCC(=O)NC(NC(=O)CCCCC)c1ccc(N(CC)CC)cc1,tensor([7.6000])
CC(C)c1ccc(C(NC(=O)Cc2ccccc2)NC(=O)Cc2ccccc2)cc1,tensor([7.0700])
CCCCC(=O)NC(NC(=O)CCCC)c1ccc(N(CC)CC)cc1,tensor([6.7400])
CCCCCCCCCC(=O)NC(NC(=O)CCCCCCCCC)c1ccc(N(CC)CC)cc1,tensor([6.8000])
Nc1ccc(C(NC(=O)Cc2ccccc2)NC(=O)Cc2ccccc2)cc1,tensor([4.9000])
O=C(Cc1ccccc1)NC(NC(=O)Cc1ccccc1)c1cccc(F)c1,tensor([4.9000])
CCN(CC)c1ccc(C(NC(=O)CCc2ccccc2)NC(=O)CCc2ccccc2)cc1,tensor([6.6700])
Cc1ccc(C(NC(=O)Cc2ccccc2)NC(=O)Cc2ccccc2)cc1,tensor([6.3100])
O=C(Cc1ccccc1)NC(NC(=O)Cc1ccccc1)c1ccc(N2CCCC2)cc1,tensor([7.1500])
O=C(Cc1ccccc1)NC(NC(=O)Cc1ccccc1)c1ccccc1C(F)(F)F,tensor([4.9300])
O=C(Cc1ccc(Cl)cc1)NC(NC(=O)Cc1ccc(Cl)cc1)c1ccccc1F,tensor([4.9600])
CCCCCC(NC(=O)Cc1ccccc1)NC(=O)Cc1ccccc1,tensor([4.7400])
CCN(CC)c1ccc(C(NC(=O)C(C)(C)C)NC(=O)C(C)(C)C)cc1,tensor([5.4500])
O=C(Cc1ccccc1)NC(NC(=O)Cc1ccccc1)c1ccc(F)cc1,tensor([4.9600])
O=C(Cc1ccccc1)NC(NC(=O)Cc1ccccc1)c1ccc(Br)cc1,tensor([5.6500])
CC(C)Oc1ccc(C(NC(=O)Cc2ccccc2)NC(=O)Cc2ccccc2)cc1,tensor([6.5000])
CCCCCCCC(=O)NC(NC(=O)CCCCCCC)c1ccc(N(CC)CC)cc1,tensor([6.8400])
O=C(Cc1ccccc1)NC(NC(=O)Cc1ccccc1)c1ccc(Cl)cc1,tensor([5.5100])
O=C(Cc1ccccc1)NC(NC(=O)Cc1ccccc1)c1ccccc1,tensor([5.])
O=C(Cc1ccccc1)NC(NC(=O)Cc1ccccc1)c1ccccc1F,tensor([4.4500])
COc1ccc(C(NC(=O)Cc2ccc(Cl)cc2)NC(=O)Cc2ccc(Cl)cc2)cc1,tensor([6.5100])
CCN(CC)c1ccc(C(NC(=O)C(C)C)NC(=O)C(C)C)cc1,tensor([5.5800])
O=C(Cc1ccccc1)NC(NC(=O)Cc1ccccc1)c1ccc(N(Cc2ccccc2)Cc2ccccc2)cc1,tensor([6.6900])
Cc1ccc(C(NC(=O)Cc2ccc(Cl)cc2)NC(=O)Cc2ccc(Cl)cc2)cc1,tensor([6.3300])
CCCCC(NC(=O)Cc1ccccc1)NC(=O)Cc1ccccc1,tensor([4.4400])
O=C(Cc1ccc(Cl)cc1)NC(NC(=O)Cc1ccc(Cl)cc1)c1ccccc1C(F)(F)F,tensor([6.8000])
O=C(Cc1ccccc1)NC(CCc1ccccc1)NC(=O)Cc1ccccc1,tensor([5.0300])
CN(C)c1ccc(C(NC(=O)Cc2ccccc2)NC(=O)Cc2ccccc2)cc1,tensor([6.1100])
CCN(CC)c1ccc(C(NC(=O)c2ccccc2)NC(=O)c2ccccc2)cc1,tensor([6.1600])
COc1ccc(C(NC(=O)Cc2ccccc2)NC(=O)Cc2ccccc2)cc1,tensor([6.1100])
CCCCN(CCCC)c1ccc(C(NC(=O)Cc2ccccc2)NC(=O)Cc2ccccc2)cc1,tensor([6.6600])
CCN(CC)c1ccc(C(NC(=O)C=Cc2ccccc2)NC(=O)C=Cc2ccccc2)cc1,tensor([6.7800])
O=S(=O)(NC1CCN(c2ncnc3c2nc(-c2ccccc2Cl)n3-c2ccc(Cl)cc2)CC1)c1ccccc1,tensor([5.2300])
CC(C)(C)OC(=O)N1CCC(Nc2ncnc3c2nc(-c2ccccc2Cl)n3-c2ccc(Cl)cc2)CC1,tensor([4.8500])
CC(C)(C)NC(=O)NC1(c2ccccc2)CCN(c2ncnc3c2nc(-c2ccccc2Cl)n3-c2ccc(Cl)cc2)CC1,tensor([4.7000])
CCCCNC(=O)NC1CCN(c2ncnc3c2nc(-c2ccccc2Cl)n3-c2ccc(Cl)cc2)CC1,tensor([5.8100])
CC(C)(C)OC(=O)NC1(c2ccccc2)CCN(c2ncnc3c2nc(-c2ccccc2Cl)n3-c2ccc(Cl)cc2)CC1,tensor([4.8600])
CCCNC(=O)NC1CCN(c2ncnc3c2nc(-c2ccccc2Cl)n3-c2ccc(Cl)cc2)CC1,tensor([6.8200])
Cc1c(C(=O)N2CCC(C(N)=O)(c3ccccc3)CC2)nn(-c2ccc(Cl)cc2Cl)c1-c1ccc(Cl)cc1,tensor([5.2600])
CC(C)(C)OC(=O)NC1CCN(c2ncnc3c2nc(-c2ccccc2Cl)n3-c2ccc(Cl)cc2)CC1,tensor([5.7700])
CS(=O)(=O)NC1CCN(c2ncnc3c2nc(-c2ccccc2Cl)n3-c2ccc(Cl)cc2)CC1,tensor([5.9700])
CCNC(=O)NC1(c2ccccc2)CCN(c2ncnc3c2nc(-c2ccccc2Cl)n3-c2ccc(Cl)cc2)CC1,tensor([5.3300])
CC(C)NC(=O)NC1(c2ccccc2)CCN(c2ncnc3c2nc(-c2ccccc2Cl)n3-c2ccc(Cl)cc2)CC1,tensor([5.0500])
CS(=O)(=O)NC1(c2ccccc2)CCN(c2ncnc3c2nc(-c2ccccc2Cl)n3-c2ccc(Cl)cc2)CC1,tensor([6.0200])
CC(C)NC(=O)NC1CCN(c2ncnc3c2nc(-c2ccccc2Cl)n3-c2ccc(Cl)cc2)CC1,tensor([5.6100])
NC1(c2ccccc2)CCN(c2ncnc3c2nc(-c2ccccc2Cl)n3-c2ccc(Cl)cc2)CC1,tensor([5.7800])
NC(=O)C1(c2ccccc2)CCN(c2ncnc3c2nc(-c2ccccc2Cl)n3-c2ccc(Cl)cc2)CC1,tensor([5.2600])
CCCNC(=O)NC1(c2ccccc2)CCN(c2ncnc3c2nc(-c2ccccc2Cl)n3-c2ccc(Cl)cc2)CC1,tensor([5.1100])
CCCCCc1cc(O)c2cc(Cc3ccccc3O)c(=O)oc2c1,tensor([5.3200])
CCCCCc1cc(OC)c2cc(Cc3ccccc3Cl)c(=O)oc2c1,tensor([6.7300])
CCCCCc1cc(O)c2cc(Cc3cccc(Cl)c3)c(=O)oc2c1,tensor([5.6600])
CCCCC1(c2cc(O)c3cc(Cc4ccccc4O)c(=O)oc3c2)CCCCC1,tensor([7.3100])
CCCCCCC(C)(C)c1cc(O)c2cc(Cc3ccccc3)c(=O)oc2c1,tensor([6.3300])
CCCCCc1cc(OC)c2cc(Cc3ccccc3C)c(=O)oc2c1,tensor([6.3900])
CCCCCc1cc(OC)c2cc(Cc3cccc(Cl)c3)c(=O)oc2c1,tensor([6.4600])
CCCCCCC(C)(C)c1cc(OC)c2cc(Cc3ccccc3OC)c(=O)oc2c1,tensor([5.5200])
CCCCCc1cc(O)c2cc(Cc3cccc(O)c3)c(=O)oc2c1,tensor([5.2900])
COc1cccc(Cc2cc3c(OC)cc(Br)cc3oc2=O)c1,tensor([5.6100])
CCCCCCC(C)(C)c1cc(OC)c2cc(Cc3ccccc3)c(=O)oc2c1,tensor([5.3800])
CCCCCc1cc(OC)c2cc(Cc3ccccc3)c(=O)oc2c1,tensor([6.5700])
CCCCCc1cc(O)c2cc(Cc3ccccc3C)c(=O)oc2c1,tensor([5.4500])
CCCCCc1cc(O)c2cc(Cc3cccc(C)c3)c(=O)oc2c1,tensor([5.7500])
CCCCCCCC(C)(C)c1cc(OC)c2cc(Cc3ccccc3OC)c(=O)oc2c1,tensor([5.])
CCCCCc1cc(OC)c2cc(Cc3cccc(OC)c3)c(=O)oc2c1,tensor([6.8400])
CCCCCCCC(C)(C)c1cc(O)c2cc(Cc3ccccc3O)c(=O)oc2c1,tensor([6.5400])
CCCCC1(c2cc(OC)c3cc(Cc4ccccc4OC)c(=O)oc3c2)CCCC1,tensor([5.9400])
CCCCCc1cc(O)c2cc(Cc3ccccc3)c(=O)oc2c1,tensor([5.7800])
COc1cccc(Cc2cc3c(OC)cc(CBr)cc3oc2=O)c1,tensor([4.8800])
CCCCCc1cc(O)c2cc(Cc3ccccc3Cl)c(=O)oc2c1,tensor([5.7100])
CCCCCCC(C)(C)c1cc(O)c2cc(Cc3ccccc3O)c(=O)oc2c1,tensor([6.6800])
CCCCCc1cc(OC)c2cc(Cc3cccc(C)c3)c(=O)oc2c1,tensor([6.4100])
CCCn1cc(C(=O)c2ccc(F)c3ccccc23)c2ccccc21,tensor([7.4800])
CCCn1c(C)c(C(=O)c2cccc3cccc(I)c23)c2ccccc21,tensor([6.2700])
CCCn1c(C)c(C(=O)c2ccc(Br)c3ccccc23)c2ccccc21,tensor([7.5100])
CCCCCn1cc(C(=O)c2ccc(Cl)c3ccccc23)c2ccccc21,tensor([8.5500])
CCCCCn1c(C)c(C(=O)c2ccc(Br)c3ccccc23)c2ccccc21,tensor([8.5500])
CCCn1cc(C(=O)c2cccc3cccc(Cl)c23)c2ccccc21,tensor([6.8700])
CCCCCn1c(C)c(C(=O)c2ccc(I)c3ccccc23)c2ccccc21,tensor([8.6800])
CCCCCn1cc(C(=O)c2cccc3cccc(Cl)c23)c2ccccc21,tensor([8.])
CCCn1cc(C(=O)c2ccc(Br)c3ccccc23)c2ccccc21,tensor([7.5700])
CCCn1cc(C(=O)c2cccc3cccc(Br)c23)c2ccccc21,tensor([6.7200])
CCCCCn1c(C)c(C(=O)c2ccc(F)c3ccccc23)c2ccccc21,tensor([8.6600])
CCCCCn1cc(C(=O)c2ccc(Br)c3ccccc23)c2ccccc21,tensor([8.9600])
CCCCCn1c(C)c(C(=O)c2cccc3cccc(Br)c23)c2ccccc21,tensor([8.])
CCCn1c(C)c(C(=O)c2ccc(I)c3ccccc23)c2ccccc21,tensor([7.7000])
CCCCCn1c(C)c(C(=O)c2ccc(Cl)c3ccccc23)c2ccccc21,tensor([8.6400])
CCCCCn1cc(C(=O)c2ccc(I)c3ccccc23)c2ccccc21,tensor([8.8900])
CCCn1c(C)c(C(=O)c2cccc3cccc(Br)c23)c2ccccc21,tensor([6.5600])
CCCCCn1cc(C(=O)c2cccc3cccc(Br)c23)c2ccccc21,tensor([8.2700])
CCCn1c(C)c(C(=O)c2ccc(F)c3ccccc23)c2ccccc21,tensor([7.4200])
CCCCCn1cc(C(=O)c2cccc3cccc(I)c23)c2ccccc21,tensor([8.4800])
CCCCCn1cc(C(=O)c2ccc(F)c3ccccc23)c2ccccc21,tensor([8.4900])
CCCn1c(C)c(C(=O)c2ccc(Cl)c3ccccc23)c2ccccc21,tensor([7.6600])
CCCCCn1c(C)c(C(=O)c2cccc3cccc(Cl)c23)c2ccccc21,tensor([7.7200])
CCCn1cc(C(=O)c2ccc(I)c3ccccc23)c2ccccc21,tensor([8.1800])
CCCn1c(C)c(C(=O)c2cccc3cccc(Cl)c23)c2ccccc21,tensor([6.7600])
CCCCCn1c(C)c(C(=O)c2cccc3cccc(I)c23)c2ccccc21,tensor([7.8900])
CCCn1cc(C(=O)c2ccc(Cl)c3ccccc23)c2ccccc21,tensor([7.3600])
O=C(Nc1sc2c(c1C(=O)N1CC(F)(F)C1)CCOC2)c1c(F)cccc1C(F)(F)F,tensor([6.3500])
O=C(Nc1sc2c(c1C(=O)N1CCCCC1)CCOC2)c1ccccc1C(F)(F)F,tensor([6.6200])
O=C(Nc1sc2c(c1C(=O)N1CC(F)(F)C1)CCOC2)c1ccccc1OC(F)(F)F,tensor([6.6200])
COCCNC(=O)c1c(NC(=O)c2ccccc2C(F)(F)F)sc2c1CCOC2,tensor([6.])
O=C(Nc1sc2c(c1C(=O)N1CC(F)(F)C1)CCOC2)c1ccccc1C(F)(F)F,tensor([7.0900])
COC1CN(C(=O)c2c(NC(=O)c3ccccc3C(F)(F)F)sc3c2CCOC3)C1,tensor([6.0500])
O=C(Nc1sc2c(c1C(=O)N1CCCCC1)CCOC2)c1ccccc1OC(F)(F)F,tensor([6.4600])
CCCCCn1cc(C(=O)NC(C)CCC(C)C)c(=O)c2c(C)nn(C)c21,tensor([6.6700])
CCCCCn1cc(C(=O)NC2CCCCC2)c(=O)c2c(CC)nn(C)c21,tensor([6.3300])
CCCCCn1cc(C(=O)NC23CC4CC(CC(C4)C2)C3)c(=O)n2ncnc12,tensor([7.7000])
CCCCCn1cc(C(=O)NC23CC4CC(CC(C4)C2)C3)c(=O)n2nc(-c3ccccc3)nc12,tensor([8.4500])
CCCCCn1cc(C(=O)NC2CCCCC2)c(=O)c2c(-c3ccc(Cl)cc3)nn(C)c21,tensor([5.4400])
CCCCCn1cc(C(=O)NC23CC4CC(CC(C4)C2)C3)c(=O)c2c(C)nn(C)c21,tensor([8.0200])
CCCCCn1cc(C(=O)NC23CC4CC(CC(C4)C2)C3)c(=O)c2c(C)csc21,tensor([8.9500])
CCCCCn1cc(C(=O)NC23CC4CC(CC(C4)C2)C3)c(=O)c2c(C)noc21,tensor([7.6800])
CCCCCn1cc(C(=O)NCC2CCCCC2)c(=O)c2c(C)nn(C)c21,tensor([6.4300])
CCCCCn1cc(C(=O)NC2CCCCCC2)c(=O)c2cnn(C)c21,tensor([6.9900])
CCCCCn1cc(C(=O)NC23CC4CC(C)(CC(C)(C4)C2)C3)c(=O)c2c(C)nn(C)c21,tensor([8.0100])
CCCCCn1cc(C(=O)NC2CCCCCC2)c(=O)c2c(C)csc21,tensor([8.1600])
CCCCCn1cc(C(=O)NC2CCCCC2)c(=O)c2c(C)csc21,tensor([7.9100])
CCCCCn1cc(C(=O)Nc2ccccc2)c(=O)c2c(C)nn(C)c21,tensor([6.2800])
Cc1nn(C)c2c1c(=O)c(C(=O)NC1CCCCC1)cn2Cc1ccccc1,tensor([6.0200])
CCCCCn1cc(C(=O)NC2CCCCC2)c(=O)c2c(C(C)(C)C)nn(C)c21,tensor([5.4500])
CCCCCn1cc(C(=O)NC23CC4CC(CC(C4)C2)C3)c(=O)c2cnn(C)c21,tensor([7.9400])
CCCCCn1cc(C(=O)NC2CCCCC2)c(=O)c2c(C)noc21,tensor([8.0600])
CCCCCn1cc(C(=O)NC2CCCCCC2)c(=O)c2c(C)nn(C)c21,tensor([7.9500])
CCCCCn1cc(C(=O)NC2CCC(C)CC2)c(=O)c2c(C)nn(C)c21,tensor([7.9700])
CCCCCn1cc(C(=O)NC2CCCCC2)c(=O)c2c(C)nn(C)c21,tensor([7.0700])
CCCCCCn1cc(C(=O)NC2CCCCC2)c(=O)c2c(C)nn(C)c21,tensor([6.4900])
CCCCn1cc(C(=O)NC2CCCCC2)c(=O)c2c(C)nn(C)c21,tensor([6.8600])
CCCCCn1cc(C(=O)NC23CC4CC(CC(C4)C2)C3)c(=O)c2c(CC)nn(C)c21,tensor([7.4300])
CCCCCn1cc(C(=O)NC23CC4CC(CC(C4)C2)C3)c(=O)c2c(C(C)(C)C)nn(C)c21,tensor([6.4400])
CCCCCn1cc(C(=O)NC23CC4CC(CC(C4)C2)C3)c(=O)c2c(C)c(C)sc21,tensor([8.4800])
CCCn1cc(C(=O)NC2CCCCC2)c(=O)c2c(C)nn(C)c21,tensor([6.3800])
CCCCCn1cc(C(=O)NC2CCCCCC2)c(=O)c2c(-c3ccc(Cl)cc3)nn(C)c21,tensor([5.5500])
CCCCCn1cc(C(=O)NCc2ccccc2)c(=O)c2c(C)nn(C)c21,tensor([5.4400])
CCCCCn1cc(C(=O)NC2CCCCCC2)c(=O)c2c(C)noc21,tensor([7.7300])
CCCCCn1cc(C(=O)NC2CCCCC2)c(=O)c2cnn(C)c21,tensor([6.6200])
CCCCCCCN(Cc1ccc(N(CC)CC)cc1)C(=O)Cc1ccccc1,tensor([5.8800])
CCCCCCCC(=O)N(Cc1ccc(N(CC)CC)cc1)C12CC3CC(CC(C3)C1)C2,tensor([6.2000])
CCCCCCCN(Cc1ccc(N(CC)CC)cc1)S(=O)(=O)c1ccc(Cl)cc1,tensor([5.1700])
CCN(CC)c1ccc(CN(c2ccc(C)cc2)S(=O)(=O)c2ccccc2)cc1,tensor([8.4700])
CCCCCCCN(Cc1ccc(N(CC)CC)cc1)S(=O)(=O)c1ccc(F)cc1,tensor([5.9600])
CCN(CC)c1ccc(CN(c2ccc(Cl)cc2)S(=O)(=O)c2ccccc2)cc1,tensor([7.9000])
CCCCCCCN(Cc1ccc(N(CC)CC)cc1)S(=O)(=O)CCCC,tensor([6.1700])
CCN(CC)c1ccc(CN(c2ccc(C)cc2)S(=O)(=O)c2ccc(F)cc2)cc1,tensor([8.2500])
CCN(CC)c1ccc(CN(c2ccc(Cl)cc2)S(=O)(=O)c2cccc(C)c2)cc1,tensor([8.5500])
CCN(CC)c1ccc(CN(c2ccc(Cl)cc2)S(=O)(=O)c2ccc(C(C)C)cc2)cc1,tensor([6.6500])
CCCCCCCN(Cc1ccc(N(CC)CC)cc1)S(=O)(=O)c1ccc(C(C)C)cc1,tensor([4.8900])
CCN(CC)c1ccc(CN(C23CC4CC(CC(C4)C2)C3)S(=O)(=O)c2ccc(F)cc2)cc1,tensor([7.6000])
CCCCCCCN(Cc1ccc(N(CC)CC)cc1)C(=O)C1CCCCC1,tensor([6.6700])
CCN(CC)c1ccc(CN(C(=O)C2CCCCC2)c2ccc(C)cc2)cc1,tensor([6.6500])
CCN(CC)c1ccc(CN(C(=O)Cc2ccc(Cl)cc2)c2ccc(Cl)cc2)cc1,tensor([6.8700])
CCN(CC)c1ccc(CN(c2ccc(C)cc2)S(=O)(=O)c2cccc(C)c2)cc1,tensor([8.2400])
CCCCCCCN(Cc1ccc(N(CC)CC)cc1)C(=O)Cc1ccc(Cl)cc1,tensor([6.1600])
CCCCCCCN(Cc1ccc(N(CC)CC)cc1)S(=O)(=O)c1ccc(C)cc1,tensor([5.5600])
CCN(CC)c1ccc(CNC23CC4CC(CC(C4)C2)C3)cc1,tensor([4.7000])
CCN(CC)c1ccc(CN(c2ccc(Cl)cc2)S(=O)(=O)c2ccc(F)cc2)cc1,tensor([7.1400])
CCCCCCCN(Cc1ccc(N(CC)CC)cc1)S(=O)(=O)c1cccc(C)c1,tensor([5.6400])
CCN(CC)c1ccc(CN(C(=O)Cc2ccccc2)c2ccc(C)cc2)cc1,tensor([7.1400])
CCCCCCCN(Cc1ccc(N(CC)CC)cc1)S(=O)(=O)c1ccc(OC)cc1,tensor([5.2900])
CCN(CC)c1ccc(CN(C(=O)Cc2ccc(Cl)cc2)C23CC4CC(CC(C4)C2)C3)cc1,tensor([7.4200])
CCN(CC)c1ccc(CNc2ccc(Cl)cc2)cc1,tensor([5.1700])
CCN(CC)c1ccc(CN(C23CC4CC(CC(C4)C2)C3)S(=O)(=O)c2ccc(C(C)C)cc2)cc1,tensor([6.3400])
CCN(CC)c1ccc(CN(c2ccc(Cl)cc2)S(=O)(=O)c2ccc(OC)cc2)cc1,tensor([7.8500])
CCCCCCCN(Cc1ccc(N(CC)CC)cc1)C(=O)c1ccc(N(C)C)cc1,tensor([5.8900])
Cc1ccc(S(=O)(=O)N(CCc2ccc(Cl)cc2)S(=O)(=O)c2ccc(C)cc2)cc1,tensor([6.7200])
CCN(CC)c1ccc(CN(C(=O)C2CCCCC2)C23CC4CC(CC(C4)C2)C3)cc1,tensor([7.4600])
CCN(CC)c1ccc(CN(C23CC4CC(CC(C4)C2)C3)S(=O)(=O)c2cccc(C)c2)cc1,tensor([7.7200])
CCN(CC)c1ccc(CN(C(=O)Cc2ccc(Cl)cc2)c2ccc(C)cc2)cc1,tensor([6.9700])
CCN(CC)c1ccc(CN(c2ccc(C)cc2)S(=O)(=O)c2ccc(C(C)C)cc2)cc1,tensor([8.3700])
CCN(CC)c1ccc(CN(c2ccc(Cl)cc2)S(=O)(=O)c2ccc(Cl)cc2)cc1,tensor([7.4400])
CCN(CC)c1ccc(CN(c2ccc(C)cc2)S(=O)(=O)c2ccc(OC)cc2)cc1,tensor([9.3000])
CCN(CC)c1ccc(CN(C23CC4CC(CC(C4)C2)C3)S(=O)(=O)c2ccc(Cl)cc2)cc1,tensor([6.7600])
CCN(CC)c1ccc(CN(C(=O)Cc2ccccc2)C23CC4CC(CC(C4)C2)C3)cc1,tensor([7.2200])
CCN(CC)c1ccc(CN(C23CC4CC(CC(C4)C2)C3)S(=O)(=O)c2ccc(OC)cc2)cc1,tensor([6.8600])
CCN(CC)c1ccc(CN(c2ccc(Cl)cc2)S(=O)(=O)c2ccc(C)cc2)cc1,tensor([7.4300])
CCCCCCCN(Cc1ccc(N(CC)CC)cc1)S(=O)(=O)Cc1ccccc1,tensor([6.5600])
CCN(CC)c1ccc(CN(c2ccc(C)cc2)S(=O)(=O)c2ccc(C)cc2)cc1,tensor([8.2700])
CCN(CC)c1ccc(CN(C23CC4CC(CC(C4)C2)C3)S(=O)(=O)c2ccc(C)cc2)cc1,tensor([7.3300])
CCN(CC)c1ccc(CN(C23CC4CC(CC(C4)C2)C3)S(=O)(=O)c2ccccc2)cc1,tensor([7.0800])
CCN(CC)c1ccc(CN(c2ccccc2)S(=O)(=O)c2ccc(C(C)C)cc2)cc1,tensor([7.5200])
CCN(CC)c1ccc(CNS(=O)(=O)c2ccc(C)cc2)cc1,tensor([5.4400])
CCN(CC)c1ccc(CN(Cc2ccco2)S(=O)(=O)c2ccc(C(C)C)cc2)cc1,tensor([7.5100])
C=CCN(Cc1ccc(N(CC)CC)cc1)S(=O)(=O)c1ccc(C)cc1,tensor([7.1800])
COc1ccc(S(=O)(=O)N(Cc2ccc(N3CCCCC3)cc2)c2ccccc2)cc1,tensor([7.5000])
C=CCc1ccc(CN(Cc2ccccc2)S(=O)(=O)c2ccc(C)cc2)cc1,tensor([6.8900])
Cc1ccc(S(=O)(=O)N(Cc2ccc(N3CCCCC3)cc2)c2ccccc2)cc1,tensor([6.5100])
CCN(CC)c1ccc(CN(Cc2ccccc2)Cc2ccccc2)cc1,tensor([6.8200])
CCN(CC)c1ccc(CN(Cc2ccccc2)S(=O)(=O)c2ccc(Cl)cc2)cc1,tensor([7.1400])
CCCc1ccc(CN(Cc2ccccc2)S(=O)(=O)c2ccc(C)cc2)cc1,tensor([6.8900])
Cc1ccc(S(=O)(=O)N(Cc2ccccc2)Cc2ccc(N(C)C)cc2)cc1,tensor([6.1700])
CCN(CC)c1ccc(CN(C2CCCCC2)S(=O)(=O)c2ccc(OC)cc2)cc1,tensor([7.1200])
CCN(CC)c1ccc(CN(CCc2ccccc2)S(=O)(=O)c2ccc(C)cc2)cc1,tensor([6.9200])
CCN(CC)c1ccc(CN(Cc2ccc(Cl)c(Cl)c2)S(=O)(=O)c2ccc(C)cc2)cc1,tensor([6.4100])
CCN(CC)c1ccc(CN(Cc2ccco2)S(=O)(=O)c2ccc(C)cc2)cc1,tensor([8.0200])
CCN(CC)c1ccc(CN(C2CCCCC2)S(=O)(=O)c2ccc(C(C)C)cc2)cc1,tensor([7.2600])
CCN(CC)c1ccc(CN(Cc2ccc(F)cc2)S(=O)(=O)c2ccc(C)cc2)cc1,tensor([6.9200])
CCN(CC)c1ccc(CN(Cc2ccccc2)S(=O)(=O)c2ccc(OC(C)C)cc2)cc1,tensor([7.0300])
CCN(CC)c1ccc(CN(C2CCCCC2)S(=O)(=O)c2ccc(C)cc2)cc1,tensor([7.7500])
CCN(CC)c1ccc(CN(Cc2ccccc2)S(=O)(=O)c2ccc(OC(F)(F)F)cc2)cc1,tensor([6.2400])
CCN(CC)c1ccc(CN(Cc2ccc(Cl)cc2)S(=O)(=O)c2ccc(C)cc2)cc1,tensor([6.6800])
CCN(CC)c1ccc(CN(Cc2ccccc2)S(=O)(=O)Cc2ccccc2)cc1,tensor([6.5800])
O=S(=O)(c1ccc(Cl)cc1)N(Cc1ccc(N2CCCCC2)cc1)c1ccccc1,tensor([6.8500])
CCN(CC)c1ccc(CN(Cc2ccccc2)S(=O)(=O)c2ccc(C)cc2)cc1,tensor([7.2800])
CCN(CC)c1ccc(CN(Cc2ccccc2)S(=O)(=O)c2ccc(F)cc2)cc1,tensor([6.9900])
CCN(CC)c1ccc(CN(C2CCCC2)S(=O)(=O)c2ccc(C)cc2)cc1,tensor([7.4400])
CCN(CC)c1ccc(CN(Cc2cccs2)S(=O)(=O)c2ccc(C)cc2)cc1,tensor([7.8500])
CCN(CC)c1ccc(CN(Cc2ccccc2)S(=O)(=O)c2ccc3ccccc3c2)cc1,tensor([6.7200])
CCN(CC)c1ccc(CN(c2ncc(C)s2)S(=O)(=O)c2ccc(C)cc2)cc1,tensor([7.8500])
CCN(CC)c1ccc(CN(CC2CCCCC2)S(=O)(=O)c2ccc(C)cc2)cc1,tensor([7.4700])
CCN(CC)c1ccc(CN(Cc2ccccc2)S(=O)(=O)c2ccc(C(C)C)cc2)cc1,tensor([7.1500])
Cc1ccc(S(=O)(=O)N(Cc2ccccc2)Cc2ccc(OC(C)C)cc2)cc1,tensor([6.7600])
CCN(CC)c1ccc(CN(c2ccccc2)S(=O)(=O)c2ccc(OC)cc2)cc1,tensor([8.2700])
CCOc1ccc(CN(Cc2ccccc2)S(=O)(=O)c2ccc(C)cc2)cc1,tensor([6.6400])
CCN(CC)c1ccc(CN(Cc2ccccc2)S(=O)(=O)c2ccc(NC(C)=O)cc2)cc1,tensor([6.3300])
Cc1ccc(S(=O)(=O)N(Cc2ccccc2)Cc2ccc(C(C)C)cc2)cc1,tensor([6.6400])
CCCCc1ccc(CN(Cc2ccccc2)S(=O)(=O)c2ccc(C)cc2)cc1,tensor([6.5500])
CCN(CC)c1ccc(CN(c2ccccc2)S(=O)(=O)c2ccc(C)cc2)cc1,tensor([8.2600])
CCN(CC)c1ccc(CN(Cc2ccccc2)S(=O)(=O)c2ccccc2)cc1,tensor([6.7700])
CCN(CC)c1ccc(CN(Cc2ccccc2)S(=O)(=O)c2ccc(OC)cc2)cc1,tensor([7.3400])
Cc1ccc(S(=O)(=O)N(Cc2ccccc2)Cc2ccc(N(CCCl)CCCl)cc2)cc1,tensor([6.7800])
CCN(CC)c1ccc(CN(Cc2ccccc2)S(=O)(=O)c2ccc(-c3ccccc3)cc2)cc1,tensor([6.7800])
Cc1ccc(S(=O)(=O)N(Cc2ccccc2)Cc2ccc(N3CCCCC3)cc2)cc1,tensor([7.3600])
CCN(CC)c1ccc(CN(Cc2ccco2)S(=O)(=O)c2ccc(OC)cc2)cc1,tensor([7.7000])
CCN(CC)c1ccc(CN(c2ncc(C)s2)S(=O)(=O)c2ccc(OC)cc2)cc1,tensor([8.4000])
CCCc1ccc(O)c(-c2cc(CCC)ccc2O)c1,tensor([6.3800])
C=CCc1ccc(O)c(-c2ccc(OC)c(CC=C)c2)c1,tensor([7.3600])
CC=Cc1ccc(O)c(-c2cc(C=CC)ccc2O)c1,tensor([5.5000])
C=CCc1ccc(O)c(-c2cc(CC=C)ccc2O)c1,tensor([5.8400])
C=CCc1ccc(O)c(-c2ccc(O)c(CC=C)c2)c1,tensor([5.2500])
O=C(N1CCc2ccccc21)C12CC3CC(CC(C3)C1)C2,tensor([6.3400])
COC1CCN(C(=O)C23CC4CC(CC(C4)C2)C3)c2ccccc21,tensor([6.1100])
O=C(N1CCc2ccccc21)C12CC3CC(CC1C3)C2,tensor([6.3000])
Cc1cccc2c1N(C(=O)C13CC4CC(CC(C4)C1)C3)CC2,tensor([6.2200])
O=C(N1CCc2ccc(C(F)(F)F)cc21)C12CC3CC(CC(C3)C1)C2,tensor([5.6000])
CN1CCN(C(=O)C23CC4CC(CC(C4)C2)C3)c2ccccc21,tensor([6.3000])
Cc1cccc2c1CCN2C(=O)C12CC3CC(CC(C3)C1)C2,tensor([6.7700])
O=C(NC12CC3CC(CC(C3)C1)C2)N1Cc2ccccc2C1,tensor([6.5700])
O=C(N1Cc2ccccc2C1)C12CC3CC(CC(C3)C1)C2,tensor([6.3000])
O=C(C1C2CC3CC(C2)CC1C3)N1CCc2ccccc21,tensor([6.5000])
O=C(N1CCc2cc(F)ccc21)C12CC3CC(CC(C3)C1)C2,tensor([6.7000])
CC1(C)CN(C(=O)C23CC4CC(CC(C4)C2)C3)c2ccccc21,tensor([6.3000])
COCCOC1CCN(C(=O)C23CC4CC(CC(C4)C2)C3)c2ccccc21,tensor([6.4600])
CCOC1CCN(C(=O)C23CC4CC(CC(C4)C2)C3)c2ccccc21,tensor([6.])
OC1C(=Cc2cn(Cc3ccccc3)c3ccccc23)N2CCC1CC2,tensor([7.2600])
COC(=O)c1ccc(Cn2cc(C=C3C(=O)C4CCN3CC4)c3ccccc32)cc1,tensor([6.2300])
COC(=O)c1ccc2c(C=C3C(=O)C4CCN3CC4)cn(Cc3ccccc3)c2c1,tensor([8.6000])
O=C1C(=Cc2cn(Cc3ccc(F)cc3)c3ccccc23)N2CCC1CC2,tensor([8.8800])
N#Cc1ccc(Cn2cc(C=C3C(=O)C4CCN3CC4)c3ccccc32)cc1,tensor([6.9400])
OC1C(=Cc2cn(Cc3ccc(Cl)cc3)c3ccccc23)N2CCC1CC2,tensor([6.9500])
O=C1C(=Cc2cn(Cc3ccccc3Br)c3ccccc23)N2CCC1CC2,tensor([6.4800])
ON=C1C(=Cc2cn(Cc3ccc(Cl)cc3)c3ccccc23)N2CCC1CC2,tensor([6.9700])
O=C1C(=Cc2cn(Cc3ccc(Cl)cc3)c3ccccc23)N2CCC1CC2,tensor([7.6900])
ON=C1C(=Cc2cn(Cc3ccccc3)c3ccccc23)N2CCC1CC2,tensor([7.1600])
CCCCn1c(C)c(C)cc(NC(=O)c2ccc3ccccc3c2)c1=O,tensor([6.1200])
CCCCn1c(C)c(C)cc(NC(=O)c2cccc(C)c2)c1=O,tensor([7.3800])
CCCCn1cccc(Oc2nc3ccccc3o2)c1=S,tensor([6.3100])
CCN1C(=O)C(Sc2nc3ccccc3o2)c2ccccc2C1C,tensor([7.3800])
CCCCCn1c(C)c(C)cc(Oc2nc3ccccc3o2)c1=S,tensor([6.6700])
CCCCn1cc(C)cc(Oc2nc3ccccc3o2)c1=S,tensor([6.6300])
CCCCn1c(C)c(C)cc(Oc2nc3ccccc3o2)c1=O,tensor([6.0100])
CCCCn1c(C)c(C)cc(NC(=O)c2ccc(C)cc2)c1=O,tensor([7.1400])
CCCCn1c(C)c(C)cc(NC(=O)c2ccccc2)c1=O,tensor([7.0500])
CCCCn1c(C)c(C)cc(Oc2nc3ccccc3o2)c1=S,tensor([7.])
CCCCn1c(C)c(C)cc(NC(=O)c2ccccc2F)c1=O,tensor([7.0600])
CCCCn1ccc(C)c(Oc2nc3ccccc3o2)c1=S,tensor([6.6300])
CCn1c(C)c(C)cc(Oc2nc3ccccc3o2)c1=S,tensor([5.4100])
CCCCn1c(C)c(C)cc(NC(=O)c2ccccc2Cl)c1=O,tensor([7.8000])
CCCCn1c(C)c(C)cc(NC(=O)Cc2ccccc2)c1=O,tensor([5.8800])
CCCn1c(C)c(C)cc(Oc2nc3ccccc3o2)c1=S,tensor([6.5600])
CCCCn1c(C)c(C)cc(NC(=O)c2cccc3ccccc23)c1=O,tensor([7.9200])
CCCCn1c(C)c(C)cc(NC(=O)c2ccccc2C)c1=O,tensor([7.8500])
Cc1c(C(=O)NN2CCCCC2)nn(-c2ccccc2)c1-c1ccccc1,tensor([4.7400])
CCCCCc1cc(-c2ccccc2)n(-c2ccccc2)n1,tensor([5.5300])
O=C(NN1CCCCC1)c1cc(-c2ccccc2)n(-c2ccccc2)n1,tensor([4.5500])
CCCCCc1cc(-c2ccc(Cl)cc2)n(-c2ccc(Cl)cc2Cl)n1,tensor([6.3400])
CCCCCCc1nc(-c2ccc(Cl)cc2)n(-c2ccc(Cl)cc2Cl)n1,tensor([5.5100])
CC(C)(C)C(=O)OCC1=CCC2C(C1)c1c(O)cc(C34CC5CC(CC(C5)C3)C4)cc1OC2(C)C,tensor([7.3100])
CC1(C)Oc2cc(C34CC5CC(CC(C5)C3)C4)cc(O)c2-c2cc(CO)ccc21,tensor([7.3300])
COc1ccc2c(c1)-c1c(O)cc(C34CC5CC(CC(C5)C3)C4)cc1OC2(C)C,tensor([6.4700])
CC1(C)Oc2cc(C34CC5CC(CC(C5)C3)C4)cc(O)c2C2CC(CO)CCC21,tensor([7.9500])
CC1(C)Oc2cc(C34CC5CC(CC(C5)C3)C4)cc(O)c2C2CC(C=O)CCC21,tensor([8.2600])
CC1(C)Oc2cc(C34CC5CC(CC(C5)C3)C4)cc(O)c2C2CC(CC#N)CCC21,tensor([7.])
CC1(C)Oc2cc(C34CC5CC(CC(C5)C3)C4)cc(O)c2C2CC(=O)CCC21,tensor([6.4700])
CC1(C)Oc2cc(C34CC5CC(CC(C5)C3)C4)cc(O)c2C2CC(CO)=CCC21,tensor([7.8500])
CC1(C)Oc2cc(C34CC5CC(CC(C5)C3)C4)cc(O)c2C2CC(CC=O)CCC21,tensor([8.1100])
COC=CC1CCC2C(C1)c1c(O)cc(C34CC5CC(CC(C5)C3)C4)cc1OC2(C)C,tensor([7.1700])
CC1(C)Oc2cc(C34CC5CC(CC(C5)C3)C4)cc(O)c2C2CC(CI)CCC21,tensor([6.5800])
Cc1ccc2c(c1)-c1c(O)cc(C34CC5CC(CC(C5)C3)C4)cc1OC2(C)C,tensor([7.2000])
CC1(C)Oc2cc(C34CC5CC(CC(C5)C3)C4)cc(O)c2C2CC(CCO)CCC21,tensor([7.4800])
CCCCn1cc(C(=O)c2cccc3ccccc23)c2cccc(OC)c21,tensor([9.0900])
CCCCn1cc(-c2ccc3ccccc3c2)c2cccc(OC)c21,tensor([7.5800])
CCCCn1cc(C(=O)c2cccc3ccccc23)c2ccccc21,tensor([8.0100])
CCCCn1cc(C(=O)Cc2ccc(F)cc2)c2cccc(OC)c21,tensor([6.5500])
CCCCn1cc(C(=O)c2cccc3ccccc23)c2cccc(O)c21,tensor([7.1100])
CCCCn1cc(Cc2cccc3ccccc23)c2cccc(OC)c21,tensor([7.9600])
Cc1c(C(=O)c2ccc3ccccc3c2)c2cccc3c2n1C(CN1CCOCC1)CO3,tensor([8.3400])
CCCCCn1cc(C(=O)NC23CC4CC(CC(C4)C2)C3)c(=O)n2nc(-c3c(Cl)cccc3Cl)cc12,tensor([7.0100])
CCCCCn1cc(C(=O)NC23CC4CC(CC(C4)C2)C3)c(=O)n2nc(C)cc12,tensor([7.9000])
CCCCCn1cc(C(=O)NC2CCCCC2)c(=O)n2nc(C(C)(C)C)cc12,tensor([7.9100])
CCCCCn1cc(C(=O)NC23CC4CC(CC(C4)C2)C3)c(=O)n2nc(C)c(-c3ccccc3)c12,tensor([6.7400])
CCCCCn1cc(C(=O)NCc2ccccc2)c(=O)n2nc(C)cc12,tensor([6.4500])
CCCCCn1cc(C(=O)NC2CCC(C)CC2)c(=O)n2nc(C)cc12,tensor([6.9700])
CCCCCn1cc(C(=O)NC2CCCCC2)c(=O)n2nc(-c3ccc(C)cc3)cc12,tensor([7.2400])
CCCCCn1cc(C(=O)NC23CC4CC(CC(C4)C2)C3)c(=O)n2nc(-c3ccco3)cc12,tensor([8.3100])
CCCCCn1cc(C(=O)NC23CC4CC(CC(C4)C2)C3)c(=O)n2nc(-c3cc(C)cs3)cc12,tensor([7.8200])
CCCCCn1cc(C(=O)NC2CCCCCC2)c(=O)n2nc(CC)cc12,tensor([8.2800])
CCCCCn1cc(C(=O)NC2CCCCC2)c(=O)n2nc(-c3ccc(Cl)cc3Cl)cc12,tensor([7.2800])
CCCCCn1cc(C(=O)NC23CC4CC(CC(C4)C2)C3)c(=O)n2nc(C(C)(C)C)cc12,tensor([8.3000])
CCCCCn1cc(C(=O)NC2CCCCC2)c(=O)n2nc(-c3ccccc3Cl)cc12,tensor([7.3300])
CCCCCn1cc(C(=O)NC2CCCCC2)c(=O)n2nc(C)cc12,tensor([7.6600])
CCCCCn1cc(C(=O)NC2CCCCCC2)c(=O)n2nc(-c3ccc(Cl)cc3Cl)cc12,tensor([7.4300])
CCCCCn1cc(C(=O)NC23CC4CC(CC(C4)C2)C3)c(=O)n2nc(-c3ccc(Cl)cc3Cl)cc12,tensor([7.5200])
CCCCCn1cc(C(=O)NC2CCCCCC2)c(=O)n2nc(C(C)(C)C)cc12,tensor([8.1400])
CCCCCn1cc(C(=O)NC2CCCCCC2)c(=O)n2nc(-c3ccccc3C)cc12,tensor([8.0500])
CCCCCn1cc(C(=O)NC23CC4CC(CC(C4)C2)C3)c(=O)n2nc(C)c(Br)c12,tensor([6.6600])
CCCCCn1cc(C(=O)NC2CCCCCC2)c(=O)n2nc(-c3ccccc3)cc12,tensor([7.5100])
CCCCCn1cc(C(=O)NC23CC4CC(CC(C4)C2)C3)c(=O)n2nc(-c3ccccc3C)cc12,tensor([8.5400])
CCCCCn1cc(C(=O)NC2CCCCC2)c(=O)n2nc(-c3ccco3)cc12,tensor([8.0200])
CCCCCn1cc(C(=O)NC2CCCCC2)c(=O)n2nc(-c3ccccc3C)cc12,tensor([7.4000])
CCCCCn1cc(C(=O)NC2CCCCCC2)c(=O)n2nc(-c3ccco3)cc12,tensor([8.1800])
CCCCCn1cc(C(=O)NC23CC4CC(CC(C4)C2)C3)c(=O)n2nc(-c3ccc(C)s3)cc12,tensor([7.9400])
CCCCCn1cc(C(=O)NC2CCCCCC2)c(=O)n2nc(-c3ccc(Cl)cc3)cc12,tensor([8.2000])
CCCCCn1cc(C(=O)NC2CCCCC2)c(=O)n2nc(-c3ccccc3)cc12,tensor([7.3800])
CCCCCn1cc(C(=O)NC23CC4CC(CC(C4)C2)C3)c(=O)n2nc(-c3ccoc3)cc12,tensor([8.])
CCCCCn1cc(C(=O)NC2CCCCCC2)c(=O)n2nc(C)cc12,tensor([7.9900])
CCCCCn1cc(C(=O)NC2CCCCC2)c(=O)n2nc(-c3ccc(Cl)cc3)cc12,tensor([7.2600])
CCCCCn1cc(C(=O)NC2CCCCCC2)c(=O)n2nc(-c3ccc(C)cc3)cc12,tensor([7.9900])
CCCCCn1cc(C(=O)NC23CC4CC(CC(C4)C2)C3)c(=O)n2nc(-c3ccccc3)cc12,tensor([8.5900])
CCCCCn1cc(C(=O)NC23CC4CC(CC(C4)C2)C3)c(=O)n2nc(-c3ccc(Cl)cc3)cc12,tensor([8.4100])
CCCCCn1cc(C(=O)NC23CC4CC(CC(C4)C2)C3)c(=O)n2nc(-c3ccc(C)cc3)cc12,tensor([8.4700])
CCCCCn1cc(C(=O)NC23CC4CC(CC(C4)C2)C3)c(=O)n2nc(-c3ccccc3Cl)cc12,tensor([8.2100])
CCCCCn1cc(C(=O)NC23CC4CC(CC(C4)C2)C3)c(=O)n2nc(CC)cc12,tensor([9.0800])
CCCCCn1cc(C(=O)NC2CCCCC2)c(=O)n2nc(CC)cc12,tensor([7.9800])
CCCCCn1cc(C(=O)NC23CC4CC(CC(C4)C2)C3)c(=O)n2nc(C)c(-c3ccc(OC)cc3)c12,tensor([6.4600])
CCCCCn1cc(C(=O)NC23CC4CC(CC(C4)C2)C3)c(=O)n2nc(-c3cccs3)cc12,tensor([8.2100])
CCCCCn1cc(C(=O)NC2CCCCCC2)c(=O)n2nc(-c3ccccc3Cl)cc12,tensor([7.9900])
COc1ccccc1Cc1cc2c(C)c(OC)c(C)c(C)c2oc1=O,tensor([6.4700])
CCCCCc1cc(OC)c2cc(Cc3ccc(Br)cc3)c(=O)oc2c1,tensor([6.2400])
COc1c(C)c(C)c2oc(=O)c(Cc3ccc(F)cc3)cc2c1C,tensor([5.8300])
COc1c(C)c(C)c2oc(=O)c(Cc3ccccc3C)cc2c1C,tensor([6.1800])
COc1ccccc1Cc1cc2c(C)ccc(C)c2oc1=O,tensor([5.1700])
COc1c(C)c(C)c2oc(=O)c(Cc3ccccc3)cc2c1C,tensor([5.7500])
Cc1c(O)c(C)c2cc(Cc3ccc(F)cc3)c(=O)oc2c1C,tensor([6.3500])
CCCCCc1cc(OC)c2cc(Cc3ccc(Cl)cc3)c(=O)oc2c1,tensor([6.2400])
COc1ccccc1Cc1cc2c(C)ccc(C(C)C)c2oc1=O,tensor([6.1000])
Cc1ccccc1Cc1cc2c(C)c(O)c(C)c(C)c2oc1=O,tensor([5.8100])
CCCCn1c2c(cc(C(=O)NCc3ccccc3)c1=O)CCCCCC2,tensor([8.8200])
CCCCn1c2c(cc(C(=O)NC(C)C)c1=O)CCCCCC2,tensor([8.4000])
CCCCn1c2c(cc(C(=O)NC(C)(C)c3ccccc3)c1=O)CCCCCC2,tensor([10.])
CCCCn1c2c(cc(C(=O)NCc3ccccc3)c1=O)COCC2,tensor([6.6900])
CCCCn1c2c(cc(C(=O)NC3CCCCC3)c1=O)CCCCCC2,tensor([9.7000])
CC(C)CCn1c2c(cc(C(=O)NCc3ccccc3)c1=O)CCCCCC2,tensor([9.0500])
O=C(NCc1ccccc1)c1cc2c(n(CCCN3CCOCC3)c1=O)CCCCCC2,tensor([6.6800])
CCCCn1c2c(cc(C(=O)NCCc3ccccc3)c1=O)CCCCCC2,tensor([8.8000])
COCCn1c2c(cc(C(=O)NCc3ccccc3)c1=O)CCCCCC2,tensor([8.1000])
CCCCn1c2c(cc(C(=O)NCc3ccccc3)c1=O)CCC2,tensor([7.8000])
CCCCn1c2c(cc(C(N)=O)c1=O)CCCCCC2,tensor([7.4000])
CCCCn1c2c(cc(C(=O)NCc3ccccc3)c1=O)CCCC2,tensor([7.7700])
CCCCn1c2c(cc(C(=O)NC3CCN(C)CC3)c1=O)CCCCCC2,tensor([6.8300])
CCCCn1c(CC)c(C)cc(C(=O)NCc2ccccc2)c1=O,tensor([7.7000])
CCCCCOc1ccccc1-c1cc(C(=O)NC2CCCCCC2)no1,tensor([7.2200])
CCCCCOc1ccccc1-c1cc(C(=O)NC2CCC2)no1,tensor([6.3800])
CCCCOc1ccccc1-c1cc(C(=O)NC23CC4CC(CC(C4)C2)C3)no1,tensor([6.4300])
CCCOc1ccccc1-c1cc(C(=O)NC23CC4CC(CC(C4)C2)C3)no1,tensor([7.1000])
CCCCCOc1ccccc1-c1cc(C(=O)NN2CCCCC2)no1,tensor([6.2200])
CCCCCOc1ccccc1-c1cc(C(=O)N(CC(C)C)CC(C)C)no1,tensor([7.6600])
CCCCCOc1ccccc1-c1cc(C(=O)NC2CCCCC2)no1,tensor([7.6400])
CCCCCOc1ccccc1-c1cc(C(=O)NC2CCCCCCC2)no1,tensor([7.1300])
CCCCCOc1ccccc1-c1cc(C(=O)NC2C3CC4CC(C3)CC2C4)no1,tensor([7.2200])
COc1ccccc1-c1cc(C(=O)NC23CC4CC(CC(C4)C2)C3)no1,tensor([7.1500])
CCCCCOc1ccccc1-c1cc(C(=O)NC23CC4CC(CC2C4)C3)no1,tensor([8.0500])
CCCCCOc1ccccc1-c1cc(C(=O)NC23CC4CC(CC(C4)C2)C3)no1,tensor([7.4400])
CCCCCCOc1ccccc1-c1cc(C(=O)NC23CC4CC(CC(C4)C2)C3)no1,tensor([7.5200])
Cc1ccc(Cn2cc(C=CC3C4(C)CCC(C4)C3(C)C)cc2-c2ccc(Cl)c(C)c2)cc1,tensor([5.9100])
Cc1cc(-c2cc(C(=O)NC3C4(C)CCC(C4)C3(C)C)nn2-c2ccccc2)ccc1Cl,tensor([7.0300])
Cc1ccc(Cn2nc(C(=O)NC3CC4CCC3(C)C4(C)C)cc2-c2ccc(Cl)c(C)c2)cc1,tensor([7.5400])
Cc1ccc(Cn2nc(C=CC3C4(C)CCC(C4)C3(C)C)cc2-c2ccc(Cl)c(C)c2)cc1,tensor([6.2800])
CCOC(=O)NC1CCN(c2ncnc3c2nc(-c2ccccc2Cl)n3-c2ccc(Cl)cc2)CC1,tensor([6.3700])
O=C(CC1CCCC1)NC1CCN(c2ncnc3c2nc(-c2ccccc2Cl)n3-c2ccc(Cl)cc2)CC1,tensor([6.2500])
O=C(CC1CCCCC1)NC1CCN(c2ncnc3c2nc(-c2ccccc2Cl)n3-c2ccc(Cl)cc2)CC1,tensor([5.6300])
O=C(NC1CCN(c2ncnc3c2nc(-c2ccccc2Cl)n3-c2ccc(Cl)cc2)CC1)Oc1ccccc1,tensor([4.9700])
CC(C)CCC(=O)NC1CCN(c2ncnc3c2nc(-c2ccccc2Cl)n3-c2ccc(Cl)cc2)CC1,tensor([6.6700])
CCCCC(=O)NC1CCN(c2ncnc3c2nc(-c2ccccc2Cl)n3-c2ccc(Cl)cc2)CC1,tensor([5.9800])
O=C(NC1CCN(c2ncnc3c2nc(-c2ccccc2Cl)n3-c2ccc(Cl)cc2)CC1)C1CCCCC1,tensor([6.0800])
CC(C)CC(=O)NC1CCN(c2ncnc3c2nc(-c2ccccc2Cl)n3-c2ccc(Cl)cc2)CC1,tensor([7.0500])
O=S(=O)(NC1CCN(c2ncnc3c2nc(-c2ccccc2Cl)n3-c2ccc(Cl)cc2)CC1)C(F)(F)F,tensor([5.3500])
O=C(NC1CCN(c2ncnc3c2nc(-c2ccccc2Cl)n3-c2ccc(Cl)cc2)CC1)C1CCCC1,tensor([7.2200])
CCCCCn1c2ccccc2c2cc(C(=O)NCCc3ccc(Cl)cc3)ccc21,tensor([5.4400])
CCCCCn1c2ccccc2c2cc(C(=O)N3CCS(=O)(=O)CC3)ccc21,tensor([6.6500])
CCCCCn1c2ccccc2c2cc(CN3CCN(C)CC3)ccc21,tensor([6.1300])
CCCCCn1c2ccccc2c2cc(C(=O)NN3CCCCC3)ccc21,tensor([5.7900])
CCCCCn1c2ccccc2c2cc(C(=O)OCC)ncc21,tensor([5.8600])
CCCn1c2ccccc2c2cc(C(=O)N3CCCCC3)ccc21,tensor([6.2800])
O=C(c1ccc2c(c1)c1ccccc1n2Cc1cccnc1)N1CCCCC1,tensor([6.2200])
CCCCCCn1c2ccccc2c2cc(C(=O)N3CCCCC3)ccc21,tensor([7.0200])
CCCCCn1c2ccccc2c2cc(C(=O)N3CCCCC3)ncc21,tensor([7.4500])
CCCCCn1c2ccccc2c2cc(C(=O)N3CCN(C)CC3)ccc21,tensor([7.4500])
CCCCCn1c2ccccc2c2cc(C(=O)N3CCCCC3)ccc21,tensor([7.1400])
O=C(OCCCn1c2ccccc2c2cc(C(=O)N3CCCCC3)ccc21)N1CCS(=O)(=O)CC1,tensor([7.1400])
CCCCCCCn1c2ccccc2c2cc(C(=O)N3CCCCC3)ccc21,tensor([6.0800])
CS(=O)(=O)NCCCn1c2ccccc2c2cc(C(=O)N3CCCCC3)ccc21,tensor([7.2100])
CCCCCn1c2ccccc2c2cc(C(=O)NCC(C)(C)C)ncc21,tensor([7.5800])
CCCCCn1c2ccccc2c2cc(C(=O)CN3CCN(C)CC3)ccc21,tensor([6.4000])
CCCCCn1c2ccccc2c2cc(C(=O)OCc3ccncc3)ccc21,tensor([5.8600])
CCCCCn1c2ccccc2c2cc(C(=O)NC34CC5CC(CC(C5)C3)C4)ccc21,tensor([6.5400])
COCCCn1c2ccccc2c2cc(C(=O)N3CCCCC3)ccc21,tensor([7.0800])
CCCCCn1c2ccccc2c2cc(C(=O)N3CCOCC3)ccc21,tensor([7.0700])
O=C(c1ccc2c(c1)c1ccccc1n2CCCCl)N1CCCCC1,tensor([7.0600])
CN(C)CCCn1c2ccccc2c2cc(C(=O)N3CCCCC3)ccc21,tensor([6.3900])
O=C(c1ccc2c(c1)c1ccccc1n2CC1CCOCC1)N1CCCCC1,tensor([7.7000])
O=C(c1ccc2c(c1)c1ccccc1n2Cc1ccncc1)N1CCCCC1,tensor([7.0400])
O=C(c1ccc2c(c1)c1ccccc1n2CCCN1CCS(=O)(=O)CC1)N1CCCCC1,tensor([6.6000])
CCCCCn1c2ccccc2c2cc(C(=O)CN3CCCCC3)ccc21,tensor([5.9600])
O=C(c1ccc2c(c1)c1ccccc1n2CCCl)N1CCCCC1,tensor([6.2900])
CCOC(=O)CCn1c2ccccc2c2cc(C(=O)N3CCCCC3)ccc21,tensor([5.8800])
O=C(c1ccc2c(c1)c1ccccc1n2Cc1ccccn1)N1CCCCC1,tensor([6.6700])
COC(=O)CCCn1c2ccccc2c2cc(C(=O)N3CCCCC3)ccc21,tensor([6.6800])
CCCCCn1c2ccccc2c2cc(C(=O)NN3CCCCC3)ncc21,tensor([6.7700])
CCCCCn1c2ccc(C(=O)N3CCCCC3)cc2c2ccc(OC)cc21,tensor([8.1200])
CCOC(=O)CCn1c2ccccc2c2cc(C(=O)N3CCN(C)CC3)ccc21,tensor([5.4700])
CCCCCn1c2ccccc2c2cc(C(=O)N(CC)CC)ccc21,tensor([7.2900])
CCCCCn1c2ccccc2c2cc(C(=O)CN3CCS(=O)(=O)CC3)ccc21,tensor([6.3000])
O=C(c1ccc2c(c1)c1ccccc1n2CCCN1CCCCC1)N1CCCCC1,tensor([5.6600])
CC(C)(C)OC(=O)NCCCn1c2ccccc2c2cc(C(=O)N3CCCCC3)ccc21,tensor([5.5700])
CCCCCn1c2ccccc2c2cc(CN3CCCCC3)ccc21,tensor([6.4300])
CCCCCn1c2ccccc2c2cc(C(=O)N3CCNCC3)ccc21,tensor([5.5500])
CCCCCn1c2ccccc2c2cc(C(=O)OCc3ccccn3)ccc21,tensor([5.7100])
CCCCCCC(C)(C)C1=CC(=O)C2=C(OC(C)(C)c3cn(CC)nc32)C1=O,tensor([5.4400])
CCCCCCC(C)(C)C1=CC(=O)C2=C(OC(C)(C)c3c[nH]nc32)C1=O,tensor([6.8700])
CCCCCCC(C)(C)C1=CC(=O)C2=C(OC(C)(C)c3cn(C)nc32)C1=O,tensor([6.1700])
Cc1nc(N2CCN(C)CC2)c2nc(-c3ccccc3Cl)n(C3CC3)c2n1,tensor([7.8600])
COCCn1c(-c2ccccc2Cl)nc2c(N3CCN4C(=O)CCC4C3)nc(C)nc21,tensor([8.2800])
Cc1nc(N2CCN(C)CC2)c2nc(-c3ccccc3Cl)n(C3CCOCC3)c2n1,tensor([7.3900])
Cc1nc(N2CCN(C)CC2)c2nc(-c3ccccc3C)n(C3CCOCC3)c2n1,tensor([6.9800])
CCN1CCN(c2nc(C)nc3c2nc(-c2ccccc2Cl)n3CCOC)CC1,tensor([7.8900])
CCN1CCN(c2nc(C)nc3[nH]c(-c4ccccc4Cl)nc23)CC1,tensor([7.8000])
COCCn1c(-c2ccccc2Cl)nc2c(N3CCN(CCF)CC3)nc(C)nc21,tensor([8.0400])
COCCn1c(-c2ccccc2Cl)nc2c(N3CCN(C(C)=O)CC3)nc(C)nc21,tensor([7.6900])
CCc1ccccc1-c1nc2c(N3CCN(C)CC3)nc(C)nc2n1C1CCOCC1,tensor([7.5000])
Cc1nc(N2CCN(C)CC2)c2nc(-c3ccccc3C3CC3)n(C3CCOCC3)c2n1,tensor([7.2500])
Cc1nc(N2CCN(C)CC2)c2nc(-c3ccccc3Cl)n(CCN3CCCC3=O)c2n1,tensor([6.3400])
Cc1nc(N2CCN(C)CC2)c2nc(-c3ccccc3Cl)n(CCS(C)(=O)=O)c2n1,tensor([7.4300])
CCN1CCN(c2nc(C)nc3c2nc(-c2ccccc2Cl)n3C)CC1,tensor([8.0700])
Cc1nc(N2CCN(C)CC2)c2nc(-c3ccccc3C(F)(F)F)n(C3CCOCC3)c2n1,tensor([7.2000])
O=C(CCc1nc(-c2ccc(F)cc2)no1)Nc1ccc2c(c1)c1ccccc1n2CCCO,tensor([6.7100])
O=C(CCc1nc(-c2ccc(F)cc2Br)no1)Nc1ccc2c(c1)c1ccccc1n2CCCCO,tensor([7.0200])
N#Cc1cc(F)ccc1-c1noc(CCC(=O)Nc2ccc3c(c2)c2ccccc2n3CCO)n1,tensor([6.3100])
O=C(CCc1nc(-c2ccc(F)cc2Br)no1)Nc1ccc2c(c1)c1ccccc1n2CCF,tensor([8.2400])
O=C(CCc1nc(-c2ccc(F)cc2)no1)Nc1ccc2c(c1)c1ccccc1n2CCO,tensor([5.9600])
O=C(CCc1nc(-c2ccc(F)cc2Br)no1)Nc1ccc2c(c1)c1ccccc1n2CCO,tensor([6.4300])
N#Cc1cc(F)ccc1-c1noc(CCC(=O)Nc2ccc3c(c2)c2ccccc2n3CCF)n1,tensor([6.0700])
O=C(CCc1nc(-c2ccc(Br)cc2F)no1)Nc1ccc2c(c1)c1ccccc1n2CCF,tensor([6.3200])
CCn1c2ccccc2c2cc(NC(=O)CCc3nc(-c4ccc(F)cc4C#N)no3)ccc21,tensor([8.1600])
O=C(CCc1nc(-c2ccc(Cl)cc2)no1)Nc1ccc2c(c1)c1ccccc1n2CCF,tensor([6.5400])
O=C(CCCc1nc(-c2ccc(Cl)cc2)no1)Nc1ccc2c(c1)c1ccccc1n2CCO,tensor([6.2300])
O=C(CCc1nc(-c2ccc(F)cc2)no1)Nc1ccc2c(c1)c1ccccc1n2CCF,tensor([7.3900])
O=C(CCc1nc(-c2ccc(Cl)cc2)no1)Nc1ccc2c(c1)c1ccccc1n2CCO,tensor([6.])
O=C(CCc1nc(-c2ccc(F)cc2Br)no1)Nc1ccc2c(c1)c1ccccc1n2CCCF,tensor([5.7500])
O=C(CCCc1nc(-c2ccc(F)cc2Br)no1)Nc1ccc2c(c1)c1ccccc1n2CCF,tensor([6.2500])
O=C(CCc1nc(-c2ccc(F)cc2Br)no1)Nc1ccc2c(c1)c1ccccc1n2CCCO,tensor([7.4800])
Cc1ccc(-c2noc(CCC(=O)Nc3ccc4c(c3)c3ccccc3n4CCF)n2)cc1,tensor([6.4200])
CCCCOC(=O)C(C)(C)c1cc(O)c2c(c1)OC(C)(C)C1CC=C(C)CC21,tensor([8.7700])
CCCCOC(=O)C1(c2cc(O)c3c(c2)OC(C)(C)C2CC=C(C)CC32)CCC1,tensor([8.5200])
CCCCOC(=O)C(C)c1cc(O)c2c(c1)OC(C)(C)C1CC=C(C)CC21,tensor([8.4300])
CCCCOC(=O)Cc1cc(O)c2c(c1)OC(C)(C)C1CC=C(C)CC21,tensor([7.2900])
O=C(NC1CCCCC1O)c1cnc(OCC2CC2)c(-c2ccc(Cl)cc2)c1,tensor([5.5800])
O=C(NC1CCCCC1O)c1cnc(OCC2CC2)c(-c2cc(C(F)(F)F)ccc2Cl)c1,tensor([5.6800])
O=C(NC1CCCCC1O)c1cnc(OCC2CC2)c(-c2ccc(Cl)cc2)n1,tensor([6.1000])
O=C(NC1CCCCC1O)c1cnc(OCC2CC2)c(-c2ccc(Cl)c(Cl)c2)c1,tensor([5.9000])
O=C(NC1CCCCC1O)c1cc(-c2ccc(Cl)cc2)c(OCC2CC2)cn1,tensor([5.8200])
CC(C)N(CCn1nc(OCc2cccc3ccccc23)c2ccccc21)C(C)C,tensor([5.2700])
c1ccc2c(c1)c(OCC1CCCCC1)nn2CC1CCCCC1,tensor([5.8900])
O=[N+]([O-])c1ccc2c(c1)c(OCc1ccccc1)nn2Cc1ccccc1,tensor([6.4000])
COc1ccc(COc2nn(Cc3ccc(OC)cc3)c3ccccc23)cc1,tensor([6.0500])
COc1ccc(COc2nn(CCN(C(C)C)C(C)C)c3ccc([N+](=O)[O-])cc23)cc1,tensor([5.0500])
CCCCCOc1nn(CCCCC)c2ccc([N+](=O)[O-])cc12,tensor([6.1700])
O=[N+]([O-])c1ccc2c(c1)c(OCC1CCCCC1)nn2Cc1ccccc1,tensor([7.0500])
COc1ccc(COc2nn(CCN(C(C)C)C(C)C)c3ccccc23)cc1,tensor([5.1100])
CCCCCn1nc(OCc2ccc(OC)cc2)c2cc([N+](=O)[O-])ccc21,tensor([6.3100])
c1ccc2c(COc3nn(CCN4CCCC4)c4ccccc34)cccc2c1,tensor([6.4000])
c1ccc(COc2nn(Cc3ccccc3)c3ccccc23)cc1,tensor([5.4600])
c1ccc2c(COc3nn(CCN4CCCCC4)c4ccccc34)cccc2c1,tensor([6.6200])
Brc1ccc2c(c1)c(OCc1ccc3ccccc3c1)nn2CCN1CCCCC1,tensor([5.7500])
Nc1ccc2c(c1)c(OCc1ccccc1)nn2Cc1ccccc1,tensor([5.8000])
O=[N+]([O-])c1ccc2c(c1)c(OCc1ccc3ccccc3c1)nn2CCN1CCOCC1,tensor([6.3000])
O=[N+]([O-])c1ccc2c(c1)c(OCc1cccc3ccccc13)nn2Cc1cccc2ccccc12,tensor([6.6200])
CCCCCn1nc(OCc2ccc3ccccc3c2)c2cc([N+](=O)[O-])ccc21,tensor([5.8600])
Nc1ccc2c(c1)c(OCc1cccc3ccccc13)nn2CCN1CCCC1,tensor([5.3000])
c1ccc2cc(COc3nn(CCN4CCCCC4)c4ccccc34)ccc2c1,tensor([5.7000])
O=[N+]([O-])c1ccc2c(c1)c(OCc1ccc3ccccc3c1)nn2CCN1CCCCC1,tensor([6.3000])
Nc1ccc2c(c1)c(OCc1ccc3ccccc3c1)nn2CCN1CCCCC1,tensor([5.7000])
O=[N+]([O-])c1ccc2c(c1)c(OCc1cccc3ccccc13)nn2CCN1CCCC1,tensor([6.8900])
CCOC(=O)C=Cc1cc(C(=O)NC2CCCCCC2)c(=O)n(Cc2ccc(F)cc2)c1,tensor([7.8600])
CCCCn1cc(Br)cc(C(=O)NC2CCCCCC2)c1=O,tensor([8.2900])
O=C(NC1CCCCCC1)c1cccn(Cc2ccccc2)c1=O,tensor([8.1000])
O=C(NC1CCCCCC1)c1cccn(Cc2ccc(Cl)cc2)c1=O,tensor([8.3800])
COc1ccc(-c2cc(C(=O)NC3CCCCCC3)c(=O)n(Cc3ccc(F)cc3)c2)cc1,tensor([9.])
O=C(NC1CCCCCC1)c1cc(Br)cn(Cc2ccc(F)cc2)c1=O,tensor([8.6600])
CCCCOc1ncc(Br)cc1C(=O)NC1CCCCCC1,tensor([6.4000])
CCCCn1cccc(C(=O)NC2CCC(C)CC2)c1=O,tensor([6.9800])
O=C(NC1CCCCCC1)c1cccnc1OCc1ccccc1,tensor([6.3200])
CC1CCC(NC(=O)c2cccnc2OCc2ccc(F)cc2)CC1,tensor([7.1000])
O=C(NC1CCCCCC1)c1cc(-c2ccc(F)cc2)cn(CCN2CCOCC2)c1=O,tensor([7.2000])
O=C(NC1CCCCCC1)c1cccn(Cc2cccc(I)c2)c1=O,tensor([6.4000])
O=C(NC1CCCCCC1)c1cc(Br)cn(CCN2CCOCC2)c1=O,tensor([7.1900])
CC1CCC(NC(=O)c2cccnc2OCc2ccccc2)CC1,tensor([6.2300])
O=C(NC1CCCCCC1)c1cc(-c2ccc(F)cc2)cn(Cc2ccc(F)cc2)c1=O,tensor([8.5500])
O=C(NC1CCCCCC1)c1cccn(Cc2ccc(I)cc2)c1=O,tensor([6.7300])
O=C(NC1CCCCCC1)c1cc(-c2ccccc2)cn(Cc2ccc(F)cc2)c1=O,tensor([8.9200])
CCCn1cccc(C(=O)NC2CCC(C)CC2)c1=O,tensor([6.2300])
CCOC(=O)CCCn1cccc(C(=O)NC2CCCCCC2)c1=O,tensor([5.7400])
CC1CCC(NC(=O)c2cccn(Cc3ccccc3)c2=O)CC1,tensor([7.2800])
CC1CCC(NC(=O)c2cccn(Cc3ccc(F)cc3)c2=O)CC1,tensor([8.3200])
O=C(NC1CCCCCC1)c1cc(C=Cc2ccccc2)cn(Cc2ccc(F)cc2)c1=O,tensor([8.1000])
CC(C)=CCCC1(C)C(O)CCC2(C)C1CCC1Cc3c([nH]c4ccccc34)C12C,tensor([5.6500])
CC(C)=CC1CC2(C)C(CCC3(C)C2CCC2Cc4c([nH]c5ccccc45)C23C)O1,tensor([5.3200])
CC(C)=CCCC1(C)C(OC2OC(CO)C(O)C(O)C2O)CCC2(C)C1CCC1Cc3c([nH]c4ccccc34)C12C,tensor([4.9700])
O=C1C(=Cc2cccc(OCc3ccc(Cl)cc3)c2)N=C2SCCCCN12,tensor([5.3800])
Cc1ccc(C(=O)Oc2cccc(C=C3N=C4SCCCCN4C3=O)c2)cc1,tensor([5.5900])
CN(C)c1ccc(C=C2N=C3SCCCN3C2=O)cc1,tensor([4.7800])
O=C1C(=Cc2cccc(OCc3ccc(F)cc3)c2)N=C2SCCCCN12,tensor([5.8100])
O=C1C(=Cc2cccc(OCc3ccccc3Cl)c2)N=C2SCCCCN12,tensor([6.0100])
O=C1C(=Cc2cccc(OCc3ccc(Cl)cc3Cl)c2)N=C2SCCCN12,tensor([6.0200])
O=C1C(=Cc2cccc(OCc3ccccc3)c2)N=C2SCCCN12,tensor([5.9600])
COc1ccc(C=C2N=C3SCCCN3C2=O)c(OC)c1,tensor([5.5900])
O=C1C(=Cc2cccc(OCc3ccc(Cl)cc3Cl)c2)N=C2SCCCCN12,tensor([5.7800])
O=C1C(=Cc2cccc(OCc3ccccc3)c2)N=C2SCCCCN12,tensor([5.7400])
O=C1C(=Cc2ccc(-c3ccccc3)cc2)N=C2SCCCCN12,tensor([5.2600])
CCCCCCC(C)(C)c1cc(O)c(C2CC(=O)C3CC2C3(C)C)c(OC(=O)C=CC(=O)O)c1,tensor([8.0500])
CCCCCCC(C)(C)c1cc(O)c2c(c1)OC(C)(C)C1CC=C(OO)CC21,tensor([10.4900])
CCCCCCC(C)(C)c1cc(O)c2c(c1)OC(C)(C)C1CC=C(C)CC21,tensor([9.3100])
CCCCCc1ccc2c(c1)OC(C)(C)C1CC=C(C)CC21,tensor([7.5000])
CCCCCCC(C)(C)c1cc(O)c2c(c1)OC(C)(C)C1CC=C(C(=O)O)CC21,tensor([6.7700])
CCCCCC=CCC=CCC=CCC=CCCCCOC(CO)CO,tensor([5.5200])
CCCCCCC(C)(C)c1cc(O)c2c(c1)OC(C)(C)C1CCOC(=O)CC21,tensor([7.0300])
CCCCCCC(C)(C)c1cc(O)c2c(c1)OC(C)(C)C1CCC(=O)OCC21,tensor([7.2800])
CCCCCCC(C)(C)c1cc(OC(C)=O)c2c(c1)OC(C)(C)C1CC=C(C(=O)O)CC21,tensor([7.2900])
CCCCCC=CCC=CCCCCCCCC(=O)NCc1ccccc1,tensor([5.3900])
CC#CC#CCC=CCCCC=CC=CC(=O)NCC(C)C,tensor([4.6500])
CCC=CCC=CCC=CCCCCCCCC(=O)NCc1ccccc1,tensor([4.3600])
CCCC=CC#CC=CC=CCCC=CC=CC(=O)NCC(C)C,tensor([5.0400])
CCCC=CCC=CCCCC=CC=CC(=O)NCC(C)CC,tensor([5.9200])
Cc1cc(O)c2c(c1)OC(C)(C)C1=C2CC(C)CC1,tensor([6.1800])
Cc1c(O)ccc2c1OC1=C(CCC(C)C1)C2(C)C,tensor([6.])
CCCCCc1cc(O)c2c(c1)OC1=C(CCC(C)C1)C2(C)C,tensor([6.7500])
CCc1cc2c(cc1O)OC1=C(CCC(C)C1)C2(C)C,tensor([6.2900])
CC1CCC2=C(C1)Oc1cc(O)ccc1C2(C)C,tensor([5.3800])
C=C1CCC=CCCC2C1CC2(C)C,tensor([6.1100])
N#Cc1ccccc1CSc1nnc2c(n1)[nH]c1ccccc12,tensor([6.4500])
COC(=O)CCC(=O)n1c2ccccc2c2nnc(SCc3ccccc3C#N)nc21,tensor([6.4400])
N#Cc1ccccc1CSc1nnc2c3ccccc3n(C(=O)C3CCCC3)c2n1,tensor([6.5000])
N#Cc1ccccc1CSc1nnc2c3ccccc3n(Cc3ccccc3)c2n1,tensor([7.9600])
N#Cc1ccccc1CSc1nnc2c3ccccc3n(C(=O)c3ccc(OC(F)(F)F)cc3)c2n1,tensor([6.4200])
Fc1ccccc1CSc1nnc2c3ccccc3n(Cc3ccccc3)c2n1,tensor([6.6700])
N#Cc1ccccc1CSc1nnc2c3ccccc3n(C(=O)c3ccccc3)c2n1,tensor([6.5200])
N#Cc1ccccc1CSc1nnc2c3ccccc3n(C(=O)C3CCCCC3)c2n1,tensor([7.5200])
N#Cc1ccccc1CSc1nnc2c3ccccc3n(C(=O)c3ccco3)c2n1,tensor([6.3100])
N#Cc1ccccc1CSc1nnc2c(n1)[nH]c1cccc(Br)c12,tensor([7.6500])
N#Cc1ccccc1CSc1nnc2c3ccccc3n(C(=O)c3ccno3)c2n1,tensor([6.3500])
O=C(c1ccccc1)n1c2ccccc2c2nnc(SCc3ccccc3[N+](=O)[O-])nc21,tensor([6.6300])
O=[N+]([O-])c1ccccc1CSc1nnc2c(n1)[nH]c1ccccc12,tensor([6.8100])
Cc1c(C(=O)NCCCCNCc2ccccc2)nn(-c2ccc(Cl)cc2Cl)c1-c1ccc(Cl)cc1,tensor([4.9000])
Cc1c(C(=O)NCCCCCCCCNCc2ccccc2)nn(-c2ccc(Cl)cc2Cl)c1-c1ccc(Cl)cc1,tensor([4.5100])
Cc1c(C(=O)NCCCCNCc2ccc(CNCCCCNC(=O)c3nn(-c4ccc(Cl)cc4Cl)c(-c4ccc(Cl)cc4)c3C)cc2)nn(-c2ccc(Cl)cc2Cl)c1-c1ccc(Cl)cc1,tensor([5.6200])
C=CCNC(=O)CCCCCCCOc1cc(O)cc(C(C)(C)CCCCCC)c1,tensor([8.1300])
CCCCCc1cc(O)cc(OCCCCCCCCCCCNC2CC2)c1,tensor([5.7200])
C=CCNCCCCCCCCCCCOc1cc(O)cc(CCCCC)c1,tensor([5.7300])
CCCCCc1cc(O)cc(OCCCCCCCCCCC(=O)Nc2ccccc2)c1,tensor([6.8900])
CCCCCc1cc(O)cc(OCCCCCCCC(=O)NC(C)CO)c1,tensor([6.9200])
CCCCCc1cc(O)cc(OCCCCCCCCCCC(=O)NC(CO)CO)c1,tensor([6.2700])
CCCCCc1cc(O)cc(OCCCCCCCCCCC(=O)NCc2ccccc2)c1,tensor([6.6900])
CCCCCCC(C)(C)c1cc(O)cc(OCCCCCCCC(=O)NC(C)CO)c1,tensor([7.3000])
CCCCCc1cc(O)cc(OCCCCCCCCCNC(C)CO)c1,tensor([5.8200])
CCCCCc1cc(O)cc(OCCCCCCCCCCC(=O)NN2CCCCC2)c1,tensor([6.1700])
CCCCCCC(C)(C)c1cc(O)cc(OCCCCCCCCCCCNC(=O)C2CC2)c1,tensor([6.1900])
CCCCCCC(C)(C)c1cc(O)cc(OCCCCCCCC(=O)NCC(F)(F)F)c1,tensor([7.5500])
CCCCCc1cc(O)cc(OCCCCCCCCCCCNCc2ccccc2)c1,tensor([6.0800])
CCCCCCC(C)(C)c1cc(O)cc(OCCCCCCCCCCC(=O)NC(C)CO)c1,tensor([7.6700])
CCCCCc1cc(O)cc(OCCCCCCCCCCC(=O)NN(C)C)c1,tensor([6.7400])
CCCCCCC(C)(C)c1cc(O)cc(OCCCCCCCCCCC(=O)NC(CO)CO)c1,tensor([6.6400])
CCCCCc1cc(O)cc(OCCCCCCCCCCCNC(=O)C2CC2)c1,tensor([6.3400])
CCCCCc1cc(O)cc(OCCCCCCCCCCC(=O)NCC(F)(F)F)c1,tensor([7.0200])
C=CCNC(=O)CCCCCCCCCCOc1cc(O)cc(CCCCC)c1,tensor([7.7900])
CCCCCCC(C)(C)c1cc(O)cc(OCCCCCCCC(=O)NC(CO)CO)c1,tensor([6.0900])
CCCCCc1cc(O)cc(OCCCCCCCCCCC(=O)NC(C)CO)c1,tensor([7.0100])
CCCCCCc1ccc(O)cc1OCCCCCCCCCCCNC(=O)C1CC1,tensor([6.6000])
CC1CCC(NC(=O)c2cc3cccnc3n(CCCCC(=O)O)c2=O)CC1,tensor([5.8700])
CC1CCC(NC(=O)c2cc3cccnc3n(CCC(=O)O)c2=O)CC1,tensor([5.8600])
CC1CCC(NC(=O)c2cc3cccnc3n(CCCC(=O)O)c2=O)CC1,tensor([5.6100])
CC1CCC(NC(=O)c2cc3cccnc3n(CCO)c2=O)CC1,tensor([5.6800])
CCOC(=O)CCCn1c(=O)c(C(=O)NC2CCC(C)CC2)cc2cccnc21,tensor([7.2000])
CC1CCC(NC(=O)c2cc3cccnc3n(CCCO)c2=O)CC1,tensor([6.8900])
CC1CCC(NC(=O)c2cc3cccnc3n(CCCCCF)c2=O)CC1,tensor([9.2500])
COC(=O)CCCCn1c(=O)c(C(=O)NC2CCC(C)CC2)cc2cccnc21,tensor([7.5700])
CCOC(=O)CCn1c(=O)c(C(=O)NC2CCC(C)CC2)cc2cccnc21,tensor([6.7500])
CC1CCC(NC(=O)c2cc3cc(-c4ccco4)cnc3n(CCN3CCOCC3)c2=O)CC1,tensor([9.4600])
CC1CCC(NC(=O)c2cc3cc(-c4ccco4)cnc3n(Cc3ccc(F)cc3)c2=O)CC1,tensor([9.5700])
CC1CCC(NC(=O)c2cc3cccnc3n(CCCCCCO)c2=O)CC1,tensor([7.7500])
CC1CCC(NC(=O)c2cc3cc(-c4cccs4)cnc3n(CCN3CCOCC3)c2=O)CC1,tensor([9.7700])
CC1CCC(NC(=O)c2cc3cccnc3n(CCCCO)c2=O)CC1,tensor([7.2700])
CC1CCC(NC(=O)c2cc3cc(-c4cccs4)cnc3n(Cc3ccc(F)cc3)c2=O)CC1,tensor([9.0200])
CC1CCC(NC(=O)c2cc3cc(-c4ccc(F)cc4)cnc3n(CCN3CCOCC3)c2=O)CC1,tensor([9.1700])
CC1CCC(NC(=O)c2cc3cc(Br)cnc3n(Cc3ccc(F)cc3)c2=O)CC1,tensor([9.9200])
CC1CCC(NC(=O)c2cc3cccnc3n(CCCCF)c2=O)CC1,tensor([8.8700])
CC1CCC(NC(=O)c2cc3cccnc3n(CCCCCCF)c2=O)CC1,tensor([8.8400])
COc1ccc(-c2cnc3c(c2)cc(C(=O)NC2CCC(C)CC2)c(=O)n3CCN2CCOCC2)cc1,tensor([8.8300])
CC1CCC(NC(=O)c2cc3cc(-c4ccc(F)cc4)cnc3n(Cc3ccc(F)cc3)c2=O)CC1,tensor([8.6600])
CCCCn1c(=O)c(C(=O)NC2CCC(C)CC2)cc2cccnc21,tensor([8.4100])
COc1ccc(-c2cnc3c(c2)cc(C(=O)NC2CCC(C)CC2)c(=O)n3Cc2ccc(F)cc2)cc1,tensor([8.4200])
CC1CCC(NC(=O)c2cc3cccnc3n(CCCCCO)c2=O)CC1,tensor([8.4400])
CCCCCn1c(=O)c(C(=O)NC2CCC(C)CC2)cc2cccnc21,tensor([8.5500])
CC1CCC(NC(=O)c2cc3cc(Br)cnc3n(CCN3CCOCC3)c2=O)CC1,tensor([8.9000])
COc1cccc2c(C(=O)N3CCN(C)C(C)C3)cn(CC3CCCCC3)c12,tensor([8.8000])
CCCCc1cc(-c2ccc(OC)cc2)cc(C(=O)NC2CCCCCC2)c1OC,tensor([7.9400])
CCCCc1cc(-c2ccc(OC)cc2)cc(C(=O)NC2CCC(C)CC2)c1OC,tensor([7.6600])
COc1c(C)cc(-c2ccccc2)cc1C(=O)NC1CCCCCC1,tensor([7.])
COc1c(C)cc(-c2ccccc2)cc1C(=O)NC1CCC(C)CC1,tensor([7.0500])
COc1c(C)cc(-c2ccc(F)cc2)cc1C(=O)NC1CCCCCC1,tensor([7.2200])
COc1c(C)cc(-c2ccc(F)cc2)cc1C(=O)NC1CCC(C)CC1,tensor([7.2200])
CCCCCOc1cc(C=CC(=O)NCCc2ccncc2)ccc1OC,tensor([7.3600])
CCCCCOc1c(OC)ccc2cc(C(=O)N3CCCc4ccccc4C3)c(=O)[nH]c12,tensor([6.9300])
CCCCCOc1c(OC)ccc2c(=O)n(CCc3ccc(O)cc3)ccc12,tensor([8.4300])
CCCCCOc1c(OC)ccc2cc(C(=O)N3CCCC(C(=O)OCC)C3)c(=O)[nH]c12,tensor([7.])
CCCCCOc1cc(C=CC(=O)NCCc2ccc(O)cc2)ccc1OC,tensor([8.3200])
CCCCCOc1cc(C(=O)NCCc2ccncc2)ccc1OC,tensor([7.1400])
CCCCCOc1c(OC)ccc2c1C(=O)N(CCc1ccc(O)cc1)C2=O,tensor([8.1400])
CCCCCOc1c(OC)ccc2c(=O)n(CCc3ccncc3)ccc12,tensor([8.0800])
CCCCCOc1cc(C(=O)NC2CCc3cc(O)c(O)cc3C2)ccc1OC,tensor([7.7500])
CCCCCOc1c(OC)ccc2c1CN(CCc1ccc(O)cc1)C2=O,tensor([7.9600])
CCCCCOc1c(OC)ccc2c1CN(CCc1ccc(N)cc1)C2=O,tensor([7.8500])
CCCCCOc1c(OC)ccc2cc(C(=O)NCCc3ccc(F)cc3)c(=O)[nH]c12,tensor([10.7200])
CCCCCOc1c(OC)ccc2cc(C(=O)NCCc3ccncc3)c(=O)n(C)c12,tensor([9.1200])
CCCCCOc1c(OC)ccc2cc(C(=O)NCCc3ccc(O)cc3)c(O)nc12,tensor([9.3200])
CCCCCOc1ccc(C(=O)NCCc2ccc(O)cc2)cc1OCCCCC,tensor([9.3600])
CCCCOc1c(OC)ccc2cc(C(=O)NCCc3ccccc3)c(=O)[nH]c12,tensor([9.4800])
CCCCCOc1c(OC)ccc2cc(C(=O)NCc3ccc4c(c3)OCO4)c(=O)n(C)c12,tensor([9.6600])
CCCCCOc1c(OC)ccc2cc(C(=O)NCCc3ccccc3F)c(=O)[nH]c12,tensor([9.7400])
CCCCCOc1ccc(C(=O)NCCc2ccc(N)cc2)cc1SCCCCC,tensor([8.7200])
CCCCCOc1c(OC)ccc2cc(C(=O)NCCc3ccc(O)c(OC)c3)c(=O)[nH]c12,tensor([9.0100])
CCCCCOc1ccc2c(c1OCCCCC)CN(CCc1ccc(N)cc1)C2=O,tensor([9.9600])
CCCCCSc1cc(C=CC(=O)NCCc2ccc(O)cc2)ccc1OC,tensor([8.9600])
CCCCCOc1c(OC)ccc2cc(C(=O)NCc3ccc4c(c3)OCO4)c(=O)oc12,tensor([10.0600])
CCCCCNc1c(OC)ccc2c1CN(CCc1ccc(O)cc1)C2=O,tensor([10.0600])
CCCCCOc1c(OC)ccc2cc(C(=O)NCCN3CCOCC3)c(=O)n(C)c12,tensor([10.0700])
CCOc1c(OC)ccc2cc(C(=O)NCc3ccc4c(c3)OCO4)c(=O)[nH]c12,tensor([10.2800])
CCCCCOc1ccc2cc(C(=O)NCCc3ccc(F)cc3)c(=O)[nH]c2c1OCCCCC,tensor([10.5900])
CCCCCOc1cc(C(=O)NCCc2ccc(O)cc2)ccc1OC,tensor([8.6000])
CCCCCOc1c(OC)ccc2cc(C(=O)NCCc3ccc(F)cc3)c(=O)n(C)c12,tensor([10.6800])
CCOc1c(OC)ccc2cc(C(=O)NCCc3ccncc3)c(=O)[nH]c12,tensor([10.7000])
CCCOc1c(OC)ccc2cc(C(=O)NCCc3ccccc3)c(=O)[nH]c12,tensor([10.0500])
CCCCn1cc(C(=O)NCC2CC2)c(=O)c2cccc(OC)c21,tensor([7.1000])
COc1cccc2c(=O)c(C(=O)NC(C)(C)C)cn(CCCF)c12,tensor([6.1200])
CCOCCn1cc(C(=O)NCCc2ccccc2)c(=O)c2cccc(OC)c21,tensor([6.4400])
CCOCCn1cc(C(=O)NC23CC4CC(CC(O)(C4)C2)C3)c(=O)c2cccc(OC)c21,tensor([9.1000])
CCCCn1cc(C(=O)NC23CC4CC(CC(C4)C2)C3)c(=O)c2cccc(OC)c21,tensor([8.4800])
CCOCCn1cc(C(=O)NC23CC4CC(CC(C4)C2)C3)c(=O)c2cccc(OC)c21,tensor([9.1500])
CCCCCCC(C)(C)C1=CC2=C(C(=O)C1=O)c1[nH]ncc1C(C)(C)O2,tensor([6.4000])
CCCCCCC(C)(C)C1=CC2=C(C(=O)C1=O)c1nn(C)cc1C(C)(C)O2,tensor([6.2200])
COC(=O)NC12CC3CC(C1)CC(c1cc(O)c4c(c1)OC(C)(C)C1CCC(O)CC41)(C3)C2,tensor([8.0800])
CC1(C)Oc2cc(C34CC5CC(CC(C#N)(C5)C3)C4)cc(O)c2C2CC(O)CCC21,tensor([8.3800])
CC1(C)Oc2cc(C34CC5CC(CC(C(N)=O)(C5)C3)C4)cc(O)c2C2CC(O)CCC21,tensor([6.4700])
CC1(C)Oc2cc(C34CC5CC(CC(N=[N+]=[N-])(C5)C3)C4)cc(O)c2C2CC(O)CCC21,tensor([7.6100])
CC1(C)Oc2cc(C34CC5CC(CC(CN=[N+]=[N-])(C5)C3)C4)cc(O)c2C2CC(O)CCC21,tensor([8.0200])
CC1(C)Oc2cc(C34CC5CC(CC(CN=C=S)(C5)C3)C4)cc(O)c2C2CC(O)CCC21,tensor([7.9900])
CC1(C)Oc2cc(C34CC5CC(CC(CC#N)(C5)C3)C4)cc(O)c2C2CC(O)CCC21,tensor([8.3400])
CC1(C)Oc2cc(C34CC5CC(CC(N=C=S)(C5)C3)C4)cc(O)c2C2CC(O)CCC21,tensor([7.8800])
CCCCCn1c(=O)c(C(=O)NC2CCC(C)CC2)cc2ccccc21,tensor([8.8200])
CC1CCC(NC(=O)c2c(O)c3cccnc3n(CCCO)c2=O)CC1,tensor([6.6700])
CCCCn1c(=O)c(C(=O)NC2CCC(C)CC2)c(O)c2cccnc21,tensor([7.9500])
CC1CCC(NC(=O)c2cc3ccccc3n(Cc3ccc(F)cc3)c2=O)CC1,tensor([9.1200])
CC1CCC(NC(=O)c2cc3ccccc3n(CCCO)c2=O)CC1,tensor([7.4400])
CCCn1c(=O)c(C(=O)NC2CCC(C)CC2)cc2ccccc21,tensor([7.5900])
CC1CCC(NC(=O)c2cc3ccccc3n(CCN3CCOCC3)c2=O)CC1,tensor([8.3800])
CCCCn1c(=O)c(C(=O)NC2CCC(C)CC2)cc2ccccc21,tensor([7.7000])
CC1CCC(NC(=O)c2c(O)c3cccnc3n(Cc3ccc(F)cc3)c2=O)CC1,tensor([9.1200])
CCCCCCn1nc2c3ccccc3n(CCCCC)cc-2c1=O,tensor([8.1100])
CCCCCn1cc2c(=O)n(CC34CC5CC(CC(C5)C3)C4)nc-2c2ccccc21,tensor([9.4100])
CCCCCn1cc2c(=O)n(-c3cccc(C(F)(F)F)c3)nc-2c2ccccc21,tensor([7.5400])
CCCCCn1cc2c(=O)n(C3CCCCC3)nc-2c2ccccc21,tensor([7.7300])
CCCCCn1cc2c(=O)n(CCC34CC5CC(CC(C5)C3)C4)nc-2c2ccccc21,tensor([7.5800])
CCCCCn1nc2c3ccccc3n(CCCCC)cc-2c1=O,tensor([8.3700])
CCCCCn1cc2c(=O)n(CC3CCCCC3)nc-2c2ccccc21,tensor([9.2100])
CCCCCn1cc2c(=O)n(CCC3CCCCC3)nc-2c2ccccc21,tensor([8.1000])
CCCCCn1cc2c(=O)n(-c3ccccc3)nc-2c2ccccc21,tensor([5.8700])
CC(C)(C)c1cc(-c2csc(C3(N4CCCCC4)CCOCC3)n2)cc(C(C)(C)C)c1O,tensor([7.3000])
CCN(CC)C1(c2nc(-c3cc(C(C)(C)C)c(O)c(C(C)(C)C)c3)cs2)CCOCC1,tensor([7.1100])
CN(C)C1(c2nc(-c3cc(C(C)(C)C)c(O)c(C(C)(C)C)c3)cs2)CCSCC1,tensor([7.0900])
CN(C)C1(c2nc(-c3cc(C(C)(C)C)c(O)c(C(C)(C)C)c3)co2)CCOCC1,tensor([7.2900])
CC(C)(C)c1cc(-c2csc(C3(N)CCOCC3)n2)cc(C(C)(C)C)c1O,tensor([5.5700])
CN(C)C1(c2nc(-c3cc(C(C)(C)C)c(O)c(C(C)(C)C)c3)cs2)CCOCC1,tensor([7.5300])
CC(C)(C)c1cc(-c2csc(C3(N4CCOCC4)CCOCC3)n2)cc(C(C)(C)C)c1O,tensor([6.7500])
CN(C)C1(c2nc(-c3cc(C(C)(C)C)cc(C(C)(C)C)c3)cs2)CCOCC1,tensor([6.9000])
CN(C)Cc1nc(-c2cc(C(C)(C)C)c(O)c(C(C)(C)C)c2)cs1,tensor([5.2100])
CC(C)(Cc1nnc(-c2ccc(F)cc2)o1)NC(=O)c1ccc(C2CCCC2)c(OCC2CC2)n1,tensor([6.3800])
CC(C)(Cc1nnc(-c2ccc(F)cc2)o1)NC(=O)c1ccc(N2CC(F)(F)C2)c(OCC2CC2)n1,tensor([5.5200])
CCOC(=O)C(CC)(CC)NC(=O)c1ccc(N2CC(O[11CH3])C2)c(OCC2CC2)n1,tensor([8.6000])
CCOC(=O)C(CC)(CC)NC(=O)c1ccc(N2CC(OC)C2)c(OCC2CC2)n1,tensor([8.6000])
CC(C)(NC(=O)c1ccc(N2CC(F)(F)C2)c(OCC2CC2)n1)c1nnc(-c2ccccc2)o1,tensor([5.4000])
COC1CN(c2ccc(C(=O)NCC3(O)CCCCC3)nc2OCC2CC2)C1,tensor([5.5400])
CC(C)(OC(=O)c1ccc(C2CCCC2)c(OCC2CC2)n1)c1cc(N)on1,tensor([6.4500])
CCC(CC)(NC(=O)c1ccc(N2CC(OC)C2)c(OCC2CC2)n1)C(=O)NCCF,tensor([6.0400])
CCC(CC)(NC(=O)c1ccc(N2CC(OC)C2)c(OCC2CC2)n1)C(=O)NCCCF,tensor([5.6800])
CCOCCOCC(C)(C)c1cc(NC(=O)c2ccc(C3CCCC3)c(OCC3CC3)n2)on1,tensor([6.5800])
CCC(CC)(NC(=O)c1ccc(N2CC(F)(F)C2)c(OCC2CC2)n1)C(=O)NCCF,tensor([6.1100])
COCCOCC(C)(C)c1cc(NC(=O)c2ccc(C3CCCC3)c(OCC3CC3)n2)on1,tensor([6.5300])
CCOC(=O)C(CC)(CC)NC(=O)c1ccc(C2CCCC2)c(OCC2CC2)n1,tensor([7.7900])
CCC(CC)(NC(=O)c1ccc(N2CC(OC)C2)c(OCC2CC2)n1)C(=O)N1CC(F)C1,tensor([7.7400])
CCC(CC)(NC(=O)c1ccc(N2CC(OC)C2)c(OCC2CC2)n1)C(=O)NC,tensor([6.7700])
COC1CN(c2ccc(C(=O)NC(C)(C)Cc3nnc(-c4ccc(F)cc4)o3)nc2OCC2CC2)C1,tensor([6.3300])
COC1CN(c2ccc(C(=O)NC3(CC(N)=O)COC3)nc2OCC2CC2)C1,tensor([5.9900])
CCCCCc1cc(O)c2c(c1)OC(C)(C)C1CCC(C)(O)C(O)C21,tensor([5.6700])
CCCCCc1cc(O)c2c(c1)OC(C)(C)C1CC(O)C(C)=CC21,tensor([7.0600])
CCCCCc1cc2c(c(O)c1C(=O)O)C1C=C(COC(C)=O)CCC1C(C)(C)O2,tensor([6.0400])
C=C1CCC2C(c3c(O)cc(CCCCC)cc3OC2(C)C)C1O,tensor([6.8900])
CCCCCc1cc(O)c2c(c1)OC(C)(C)C1CCC3(C)OC3C21,tensor([6.4700])
CCNC(=O)NCCCCCSc1ccc2ccccc2c1,tensor([6.2500])
O=C(C=CC=Cc1ccc2ccccc2c1)NCCO,tensor([5.9000])
CCOC(=O)CNC(=O)C=CC=Cc1ccc2c(c1)OCCO2,tensor([5.5900])
CCS(=O)(=O)NCCCCCSc1ccc2ccccc2c1,tensor([5.8800])
COCC(COC(C)=O)N(C)C(=O)CCC=CCCCCC(Cl)CCCCCCCl,tensor([5.9900])
COCC(COC(C)=O)N(C)C(=O)CCC=CCCCCC(Cl)CCCCCC(Cl)Cl,tensor([6.0700])
Cc1ccc(C(=O)c2cc(O)c(-c3cc(Cl)cc(Cl)c3)c(O)c2)cc1,tensor([6.5900])
CCCCc1ccc(C(=O)c2cc(O)c(-c3cc(Cl)cc(Cl)c3)c(O)c2)cc1,tensor([6.3300])
CCc1cccc(C(=O)c2cc(O)c(-c3cc(Cl)cc(Cl)c3)c(O)c2)c1,tensor([5.7600])
CCCc1ccc(C(=O)c2cc(O)c(-c3cc(Cl)cc(Cl)c3)c(O)c2)cc1,tensor([7.2200])
CCc1ccc(C(=O)c2cc(O)c(-c3cc(Cl)cc(Cl)c3)c(O)c2)cc1,tensor([7.4200])
O=C(c1cc(O)c(-c2cc(Cl)cc(Cl)c2)c(O)c1)C1CCCCC1,tensor([5.8000])
O=C(c1ccc(Cl)cc1)c1cc(O)c(-c2cc(Cl)cc(Cl)c2)c(O)c1,tensor([6.9200])
CC(C)(C)c1ccc(C(=O)c2cc(O)c(-c3cc(Cl)cc(Cl)c3)c(O)c2)cc1,tensor([5.5000])
Cc1cccc(C(=O)c2cc(O)c(-c3cc(Cl)cc(Cl)c3)c(O)c2)c1,tensor([5.5800])
CC(C)c1ccc(C(=O)c2cc(O)c(-c3cc(Cl)cc(Cl)c3)c(O)c2)cc1,tensor([6.7900])
Cc1ccc(Cn2cc(C(=O)NC3CC(C)CCC3C(C)C)cc2-c2ccc(Cl)c(C)c2)cc1,tensor([5.9600])
Cc1ccc(Cn2cc(C(=O)NC3CCCCC3)cc2-c2ccc(Cl)c(C)c2)cc1,tensor([6.6100])
Cc1ccc(Cn2cc(C(=O)N3CCN(c4ccccc4Cl)CC3)cc2-c2ccc(Cl)c(C)c2)cc1,tensor([5.7700])
Cc1ccc(Cn2cc(C(=O)NC(C)C3CCCCC3)cc2-c2ccc(Cl)c(C)c2)cc1,tensor([6.3100])
Cc1ccc(Cn2cc(C(=O)NC3C4(C)CCC(C4)C3(C)C)c3c2-c2ccc(Cl)c(C)c2C3)cc1,tensor([6.4600])
Cc1ccc(Cn2cc(C(=O)NCC3CCC4CC3C4(C)C)cc2-c2ccc(Cl)c(C)c2)cc1,tensor([7.1400])
Cc1ccc(Cn2cc(C(=O)NC3CC4CCC3(C)C4(C)C)cc2-c2ccc(Cl)c(C)c2)cc1,tensor([6.7900])
Cc1ccc(Cn2cc(C(=O)N3CCCCC3)cc2-c2ccc(Cl)c(C)c2)cc1,tensor([6.9700])
Cc1ccc(Cn2cc(C(=O)NN3CCCCCC3)cc2-c2ccc(Cl)c(C)c2)cc1,tensor([6.2400])
Cc1ccc(Cn2cc(CNC3C4(C)CCC(C4)C3(C)C)cc2-c2ccc(Cl)c(C)c2)cc1,tensor([6.4600])
CC(C)Cn1cc(C(C)(C)C)sc1=NC(=O)c1cc(C#N)ccc1OC1CCC1,tensor([7.0200])
CN1CCCC1COc1ccc(C(F)(F)F)cc1C(=O)N=c1sc(C(C)(C)C)cn1CC1(O)CCC1,tensor([7.0200])
CC(C)Cn1cc(C(C)(C)C)sc1=NC(=O)c1cc(C(F)(F)F)ccc1OCCN1CCCC1,tensor([7.5000])
CC(C)(O)COc1ccc(C(F)(F)F)cc1C(=O)N=c1sc2ccncc2n1CC1CCC1,tensor([8.6000])
CC(C)Cn1cc(C(C)(C)C)sc1=NC(=O)c1cc(C(F)(F)F)ccc1OCCn1ccnc1,tensor([7.0200])
CCCCn1c(=NC(=O)c2cc(C(F)(F)F)ccc2OCC(C)O)sc2ncccc21,tensor([8.8500])
CC(C)Cn1cc(C(C)(C)C)sc1=NC(=O)c1cc(Br)ccc1OCC1CCCN1C,tensor([7.5700])
CCCCn1c(=NC(=O)c2cc(C(F)(F)F)ccc2OCC(C)O)sc2ccncc21,tensor([8.7000])
CCCCn1c(=NC(=O)c2cc(C(F)(F)F)ccc2OCCNC(C)=O)sc2ccncc21,tensor([8.8200])
CCCCn1c(=NC(=O)c2cc(C(F)(F)F)ccc2OCC(C)(C)O)sc2ncccc21,tensor([7.8200])
C#CCCn1cc(C(C)(C)C)sc1=NC(=O)c1cc(C(F)(F)F)ccc1ONC(C)(C)C,tensor([7.8200])
CC(=O)OCCOc1ccc(C(F)(F)F)cc1C(=O)N=c1sc(C(C)(C)C)cn1CC(C)C,tensor([7.8000])
CC(C)(C)c1cn(CCC(F)(F)F)c(=NC(=O)c2cc(C#N)ccc2OC2CCC2)s1,tensor([7.2800])
CCCCn1cc(C(C)(C)C)sc1=NC(=O)c1cc(C(F)(F)F)ccc1NNC(=O)c1cccnc1,tensor([8.8000])
Cc1sc(=NC(=O)c2cc(C(F)(F)F)ccc2OCC2CCCN2C)n(CC2CC2)c1C,tensor([7.5200])
CC(C)Cn1cc(C(C)(C)C)sc1=NC(=O)c1cc(Cl)ccc1OCC1CCO1,tensor([8.0500])
CC(C)Cn1cc(C(C)(C)C)sc1=NC(=O)c1cc(Cl)ccc1OC1CC1,tensor([8.])
C=C=CCn1cc(C(C)(C)C)sc1=NC(=O)c1cc(C(F)(F)F)ccc1ONC(C)(C)C,tensor([7.7700])
CC(C)Cn1cc(C(C)(C)C)sc1=NC(=O)c1cc(C(F)(F)F)ccc1OCCO,tensor([9.1400])
CCCCn1c(C(=O)OC)c(C(C)C)sc1=NC(=O)c1cc(C(F)(F)F)ccc1NC(C)(C)C,tensor([6.8900])
CC(C)Cn1cc(C(C)(C)C)sc1=NC(=O)c1cc(C(F)(F)F)ccc1OCC1CCN1,tensor([7.3600])
CC(C)Cn1cc(C(C)(C)C)sc1=NC(=O)c1cc(C(F)(F)F)ccc1OCC1CCOC1,tensor([8.3000])
CCCCn1cc(C(C)(C)C)sc1=NC(=O)c1cc(C(F)(F)F)ccc1OCC(C)(C)O,tensor([9.0900])
CCCCn1c(=NC(=O)c2cc(C(F)(F)F)ccc2OCC(C)(C)O)sc2ccncc21,tensor([8.2700])
CC(C)Cn1cc(C(C)(C)C)sc1=NC(=O)c1cc(C(F)(F)F)ccc1OCC1CCCN1C,tensor([7.4100])
CC(C)Cn1cc(C(C)(C)C)sc1=NC(=O)c1cc(C(F)(F)F)ccc1OCC1CCN1C,tensor([7.4300])
CC(C)Cn1cc(C(C)(C)C)sc1=NC(=O)c1cc(C(F)(F)F)ccc1OC1CCN(C)C1,tensor([6.9600])
CCCCn1c(=NC(=O)c2cc(C(F)(F)F)ccc2OCCC(C)(C)O)sc2ccncc21,tensor([7.4600])
CCCCn1cc(C(C)(C)C)sc1=NC(=O)c1cc(Cl)ccc1OCC(N)=O,tensor([8.5100])
CC(C)Cn1cc(C(C)(C)C)sc1=NC(=O)c1ccccc1OCC1CCCN1C,tensor([6.5300])
CCCCn1c(=NC(=O)c2cc(C(F)(F)F)ccc2ONC(C)(C)C)sc2ccncc21,tensor([7.2100])
CCCCn1cc(C(C)(C)C)sc1=NC(=O)c1cc(C(F)(F)F)ccc1NNC(=O)c1ccncc1,tensor([8.9600])
CCCCn1c(=NC(=O)c2cc(C(F)(F)F)ccc2OCC2CCCN2C)sc2ccncc21,tensor([7.4700])
CC(C)(O)COc1ccc(C(F)(F)F)cc1C(=O)N=c1sc2ccncc2n1CCCC(F)(F)F,tensor([8.0800])
CC(C)Cn1cc(C(C)(C)C)sc1=NC(=O)c1cc(C(F)(F)F)ccc1OCc1ccco1,tensor([8.1300])
CN1CCCC1COc1ccc(C(F)(F)F)cc1C(=S)N=c1sc(C(C)(C)C)cn1CC1CCCO1,tensor([8.8900])
CC(C)(C)c1cn(CC2CCCO2)c(=NC(=O)c2cc(C(F)(F)F)ccc2OCc2ccccn2)s1,tensor([7.7000])
CC(C)(C)c1cn(CC2CCCO2)c(=NC(=O)c2cc(C(F)(F)F)ccc2OCC2CNCCO2)s1,tensor([7.6800])
CCN(CC)Oc1ccc(C(F)(F)F)cc1C(=O)N=c1sc(C(C)(C)C)cn1CC1CCCO1,tensor([7.6600])
COCCn1cc(C(C)(C)C)sc1=NC(=O)c1cc(C(F)(F)F)ccc1OCc1cnccn1,tensor([7.3500])
CC(=O)NOc1ccc(C(F)(F)F)cc1C(=O)N=c1sc(C(C)(C)C)cn1CC1CCCO1,tensor([8.9200])
CN1C(=O)CCC1COc1ccc(C(F)(F)F)cc1C(=O)N=c1sc(C(C)(C)C)cn1CC1CCCO1,tensor([7.2100])
CC(C)(C)c1cn(CC2CCCO2)c(=NC(=O)c2cc(C(F)(F)F)ccc2OCC2CCC[N+]2(C)[O-])s1,tensor([7.6200])
CC(C)(C)c1cn(CC2CCCO2)c(=NC(=O)c2cc(C(F)(F)F)ccc2ON=C2CCCC2)s1,tensor([9.3000])
CC(C)(O)CCOc1ccc(C(F)(F)F)cc1C(=O)N=c1sc(C(C)(C)C)cn1CC1CCCO1,tensor([8.8900])
CC(C)(C)c1cn(CC2CCCO2)c(=NC(=O)c2cc(C(F)(F)F)ccc2OCCNCCO)s1,tensor([7.4700])
CC(C)(C)c1cn(CC2CCCO2)c(=NC(=O)c2cc(C(F)(F)F)ccc2OCC2CCCO2)s1,tensor([9.3000])
CN1CCC(COc2ccc(C(F)(F)F)cc2C(=O)N=c2sc(C(C)(C)C)cn2CC2CCCO2)CC1,tensor([6.])
CN1CCN(C)C(COc2ccc(C(F)(F)F)cc2C(=O)N=c2sc(C(C)(C)C)cn2CC2CCCO2)C1,tensor([7.6000])
CN1CCCCC1COc1ccc(C(F)(F)F)cc1C(=O)N=c1sc(C(C)(C)C)cn1CC1CCCO1,tensor([9.1500])
CC(C)(C)c1cn(CC2CCCO2)c(=NC(=O)c2cc(C(F)(F)F)ccc2OCCCN=COC2CCCCO2)s1,tensor([7.6000])
CN1CCCC1CNc1ccc(C(F)(F)F)cc1C(=O)N=c1sc(C(C)(C)C)cn1CC1CCCO1,tensor([7.4400])
CC(C)(C)c1cn(CC2CCCO2)c(=NC(=O)c2cc(C(F)(F)F)ccc2OCc2cnco2)s1,tensor([7.5800])
CC(C)(C)c1cn(CC2CCCO2)c(=NC(=O)c2cc(C(F)(F)F)ccc2OCC(C)(C)n2cccc2)s1,tensor([7.4700])
CC(O)COc1ccc(C(F)(F)F)cc1C(=O)N=c1sc(C(C)(C)C)cn1CC1CCCO1,tensor([8.9600])
CN1CCCC1COc1ccc(C(F)(F)F)cc1C(=O)N=c1scc(C(C)(C)C)n1CC1CCCO1,tensor([6.5400])
CC(C)(C)c1cn(CC2CCCO2)c(=NC(=O)c2cc(C(F)(F)F)ccc2OCC2CCCCN2)s1,tensor([9.1500])
CC(C)(C)C(=O)COc1ccc(C(F)(F)F)cc1C(=O)N=c1sc(C(C)(C)C)cn1CC1CCCO1,tensor([9.0500])
CC(CN1CCCC1COc1ccc(C(F)(F)F)cc1C(=O)N=c1sc(C(C)(C)C)cn1CC1CCCO1)=NO,tensor([7.0700])
Cn1ccnc1COc1ccc(C(F)(F)F)cc1C(=O)N=c1sc(C(C)(C)C)cn1CC1CCCO1,tensor([7.2800])
CN1CCC(COc2ccc(C(F)(F)F)cc2C(=O)N=c2sc(C(C)(C)C)cn2CC2CCCO2)C1,tensor([7.0400])
CC(C)(C)C(COc1ccc(C(F)(F)F)cc1C(=O)N=c1sc(C(C)(C)C)cn1CC1CCCO1)=NO,tensor([8.2700])
CC(C)(C)c1cn(CC2CCCO2)c(=NC(=O)c2cc(C(F)(F)F)ccc2OCc2nccs2)s1,tensor([8.2600])
CN1CC(COc2ccc(C(F)(F)F)cc2C(=O)N=c2sc(C(C)(C)C)cn2CC2CCCO2)C1,tensor([6.6800])
CN1CC(F)CC1COc1ccc(C(F)(F)F)cc1C(=O)N=c1sc(C(C)(C)C)cn1CC1CCCO1,tensor([8.7000])
CC(C)(C)c1cn(CC2CCCO2)c(=NC(=O)c2cc(C(F)(F)F)ccc2OCc2ccccc2)s1,tensor([8.2200])
CC(=O)C(C)=NOc1ccc(C(F)(F)F)cc1C(=O)N=c1sc(C(C)(C)C)cn1CC1CCCO1,tensor([8.4800])
CC(C)(C)c1cn(CC2CCCO2)c(=NC(=O)c2cc(C(F)(F)F)ccc2OCc2ccn[nH]2)s1,tensor([7.9600])
Cn1cncc1COc1ccc(C(F)(F)F)cc1C(=O)N=c1sc(C(C)(C)C)cn1CC1CCCO1,tensor([6.9400])
CC(COc1ccc(C(F)(F)F)cc1C(=O)N=c1sc(C(C)(C)C)cn1CC1CCCO1)=NO,tensor([8.7400])
CCN1CCCC1COc1ccc(C(F)(F)F)cc1C(=O)N=c1sc(C(C)(C)C)cn1CC1CCCO1,tensor([8.0900])
CC(C)N1CCCC1COc1ccc(C(F)(F)F)cc1C(=O)N=c1sc(C(C)(C)C)cn1CC1CCCO1,tensor([6.9900])
CC(C)(C)c1cn(CC2CCCO2)c(=NC(=O)c2cc(C(F)(F)F)ccc2OCC(N)CO)s1,tensor([8.1300])
CC(=O)N1CCCC1COc1ccc(C(F)(F)F)cc1C(=O)N=c1sc(C(C)(C)C)cn1CC1CCCO1,tensor([6.9700])
CN1CCC1COc1ccc(C(F)(F)F)cc1C(=O)N=c1sc(C(C)(C)C)cn1CC1CCCO1,tensor([8.1300])
CC(C)(C)c1cn(CC2CCCO2)c(=NC(=O)c2cc(C(F)(F)F)ccc2OCc2cccnc2)s1,tensor([7.8900])
CC(C)(C)c1cn(CC2CCCO2)c(=NC(=O)c2cc(C(F)(F)F)ccc2OCc2cccc[n+]2[O-])s1,tensor([6.6800])
CC(C)NOc1ccc(C(F)(F)F)cc1C(=O)N=c1sc(C(C)(C)C)cn1CC1CCCO1,tensor([9.5200])
CC(C)(C)c1cn(CC2CCCO2)c(=NC(=O)c2cc(C(F)(F)F)ccc2OCc2cnccn2)s1,tensor([8.3000])
CC(C)(C)OC(=O)NNc1ccc(C(F)(F)F)cc1C(=O)N=c1sc(C(C)(C)C)cn1CC1CCCO1,tensor([9.4000])
CC(=NOc1ccc(C(F)(F)F)cc1C(=O)N=c1sc(C(C)(C)C)cn1CC1CCCO1)C(F)(F)F,tensor([8.3600])
CC(C)(C)NOc1ccc(C(F)(F)F)cc1C(=O)N=c1sc(C(C)(C)C)cn1CC1CCCO1,tensor([8.7400])
CC(C)(C)c1cn(CC2CCCO2)c(=NC(=O)c2cc(C(F)(F)F)ccc2OCC2CCCN2)s1,tensor([8.3400])
CN(CCOc1ccc(C(F)(F)F)cc1C(=O)N=c1sc(C(C)(C)C)cn1CC1CCCO1)c1ccccc1,tensor([7.8500])
CC(C)(C)NNc1ccc(C(F)(F)F)cc1C(=O)N=c1sc(C(C)(C)C)cn1CC1CCCO1,tensor([8.4300])
CC(C)(C)COC=NCCCOc1ccc(C(F)(F)F)cc1C(=O)N=c1sc(C(C)(C)C)cn1CC1CCCO1,tensor([8.3100])
CN1CCCC1COc1ccc(C(F)(F)F)cc1C(=O)N=c1sc(C(C)(C)C)cn1CC1CCCO1,tensor([8.3400])
O=C(CCCOc1ccc(Cl)cc1Cl)NNC=C1C=CC=CC1=O,tensor([8.4400])
CC(C)(C)c1cn(CC2CCCO2)c(=NC(=O)c2cc(C(F)(F)F)ccc2OCC2CCN2)s1,tensor([7.8200])
CC(C)(C)c1cn(CC2CCCO2)c(=NC(=O)c2cc(C(F)(F)F)ccc2OCC2CCCN2S(C)(=O)=O)s1,tensor([7.8000])
COCCn1nc(C(C)(C)C)sc1=NC(=O)c1cc(C(F)(F)F)ccc1ONC(C)(C)C,tensor([7.4100])
CCCCn1nc(C(C)(C)C)sc1=NC(=O)c1cc(C(F)(F)F)ccc1ON=C(C)C(F)(F)F,tensor([7.2800])
CCCCn1nc(C(C)(C)C)sc1=NC(=O)c1cc(C(F)(F)F)ccc1ON=C(N)CC,tensor([8.2900])
CC(C)(C)NOc1ccc(C(F)(F)F)cc1C(=O)N=c1sc(C(C)(C)C)nn1CCCCF,tensor([8.2100])
CC(C)(C)NOc1ccc(C(F)(F)F)cc1C(=O)N=c1sc(C(C)(C)C)nn1CCCC#N,tensor([8.3700])
CCCCn1nc(C(C)(C)C)sc1=NC(=O)c1cc(C(F)(F)F)ccc1ON=C(CC)C(=O)ON,tensor([8.2100])
CCCCn1nc(C(C)(C)C)sc1=NC(=O)c1cc(C(F)(F)F)ccc1ONC(C)=O,tensor([9.])
CCCCn1nc(C(C)(C)C)sc1=NC(=O)c1cc(C(F)(F)F)ccc1N=NC(C)(C)C,tensor([8.2100])
CCCCn1nc(C(C)(C)C)sc1=NC(=O)c1cc(C(F)(F)F)ccc1NNC(=O)OC(C)(C)C,tensor([9.])
CCCCn1nc(C(C)(C)C)sc1=NC(=O)c1cc(C(F)(F)F)ccc1ON=C(N)C(C)C,tensor([8.2800])
CCCCn1nc(C(C)(C)C)sc1=NC(=O)c1cc(C(F)(F)F)ccc1NNC(=O)c1ccncc1,tensor([9.1000])
CCCCn1nc(C(C)(C)C)sc1=NC(=O)c1cc(C(F)(F)F)ccc1NNCc1ccccc1,tensor([7.3700])
CCCCn1nc(C(C)(C)C)sc1=NC(=O)c1cc(C(F)(F)F)ccc1N(N=Cc1cccc(C)n1)C(=O)OC(C)(C)C,tensor([7.3600])
CCCCn1nc(C(C)(C)C)sc1=NC(=O)c1cc(C(F)(F)F)ccc1NNC(N)=O,tensor([7.3300])
CCCCn1nc(C(C)(C)C)sc1=NC(=O)c1cc(C(F)(F)F)ccc1NNC(=O)c1cccnc1,tensor([8.9600])
CCCCn1nc(C(C)(C)C)sc1=NC(=O)c1cc(C(F)(F)F)ccc1ON=C(C)C(C)=O,tensor([7.7500])
CCCCn1nc(C(C)(C)C)sc1=NC(=O)c1cc(C(F)(F)F)ccc1ON=C(C)C(C)(C)C,tensor([6.6700])
CCCCn1nc(C(C)(C)C)sc1=NC(=O)c1cc(C(F)(F)F)ccc1ON=C(N)c1ccccn1,tensor([7.7500])
CC(C)(C)NOc1ccc(C(F)(F)F)cc1C(=O)N=c1sc(C(C)(C)C)nn1CC1CCCCO1,tensor([8.7700])
CCCCn1nc(C(C)(C)C)sc1=NC(=O)c1cc(C(F)(F)F)ccc1ON=C1CCCC1,tensor([8.7700])
CCCCn1nc(C(C)(C)C)sc1=NC(=O)c1cc(C(F)(F)F)ccc1ON(C)C,tensor([7.6800])
CC(C)(C)NOc1ccc(C(F)(F)F)cc1C(=O)N=c1sc(C(C)(C)C)nn1CCCC(F)(F)F,tensor([8.7400])
CCCCn1nc(C(C)(C)C)sc1=NC(=O)c1cc(C(F)(F)F)ccc1ON=C(N)c1ccc(F)cc1,tensor([7.6800])
CCCCn1nc(C(C)(C)C)sc1=NC(=O)c1cc(C(F)(F)F)ccc1ON=C1CCCCCN1,tensor([8.8000])
CC(C)(C)NOc1ccc(C(F)(F)F)cc1C(=O)N=c1sc(C(C)(C)C)nn1CC1CC1,tensor([7.8000])
CCCCn1c(=NC(=O)c2cc(C(F)(F)F)ccc2ONC(C)C)cc(C(C)(C)C)n1C,tensor([7.8000])
CCCCn1nc(C(C)(C)C)sc1=NC(=O)c1cc(C(F)(F)F)ccc1ON=C(C)N,tensor([7.8000])
Cn1c(C(C)(C)C)cc(=NC(=O)c2cc(C(F)(F)F)ccc2ONC(C)(C)C)n1CC1CCCO1,tensor([7.6200])
CCCCn1nc(C2(C)CC2)sc1=NC(=O)c1cc(C(F)(F)F)ccc1ONC(C)(C)C,tensor([7.8000])
CC(C)(C)NOc1ccc(C(F)(F)F)cc1C(=O)N=c1sc(C(C)(C)C)nn1CC1CCO1,tensor([7.8200])
CCCCn1nc(C(C)(C)C)sc1=NC(=O)c1cc(C(F)(F)F)ccc1N(C)N(C)C(=O)OC(C)(C)C,tensor([6.5500])
CCCCn1c(=NC(=O)c2cc(C(F)(F)F)ccc2ON=C(C)C(F)(F)F)cc(C(C)(C)C)n1C,tensor([7.9200])
CCCCn1nc(C(C)(C)C)sc1=NC(=O)c1cc(C(F)(F)F)ccc1ON=C(C)C,tensor([7.9200])
Cn1c(C(C)(C)C)cc(=NC(=O)c2cc(C#N)ccc2ONC(C)(C)C)n1CC1CCCO1,tensor([6.6800])
Cn1c(C(C)(C)C)cc(=NC(=O)c2cc(C(F)(F)F)ccc2ONC(C)(C)C)n1CC1CCC1,tensor([7.5700])
CC(C)Cn1nc(C(C)(C)C)sc1=NC(=O)c1cc(C(F)(F)F)ccc1ONC(C)(C)C,tensor([7.5400])
CCCCn1nc(C(C)(C)C)sc1=NC(=O)c1cc(C(F)(F)F)ccc1ONC(C)(C)C,tensor([7.9600])
CC(C)(C)NOc1ccc(C(F)(F)F)cc1C(=O)N=c1sc(C(C)(C)C)nn1CC1CCCO1,tensor([8.])
CCCCn1nc(C(C)(C)C)sc1=NC(=O)c1cc(C(F)(F)F)ccc1ON=C(N)C1CC1,tensor([8.6000])
CCCCn1c(=NC(=O)c2cc(C(F)(F)F)ccc2NNC(=O)c2cccnc2)cc(C(C)(C)C)n1C,tensor([8.6000])
CC(C)(C)NOc1ccc(C(F)(F)F)cc1C(=O)N=c1sc(C(C)(C)C)nn1CC1CCC1,tensor([8.5500])
CCCCn1nc(C(C)(C)C)sc1=NC(=O)c1cc(C(F)(F)F)ccc1NN=C(C)C,tensor([6.6100])
CCCCn1nc(C(C)(C)C)sc1=NC(=O)c1cc(Cl)ccc1ONC(C)(C)C,tensor([8.0700])
CCCCn1nc(C(C)(C)C)sc1=NC(=O)c1cc(C(F)(F)F)ccc1NN=Cc1cccc(C)n1,tensor([6.7300])
Cn1c(C(C)(C)C)cc(=NC(=O)c2cc(Cl)ccc2ONC(C)(C)C)n1CC1CCCO1,tensor([7.2800])
CCCCn1nc(C(C)(C)C)sc1=NC(=O)c1cc(C(F)(F)F)ccc1ON=C(N)C(C)(C)C,tensor([7.1900])
CCCCn1nc(C(C)(C)C)sc1=NC(=O)c1cc(C(F)(F)F)ccc1ONC(=O)C(C)(C)C,tensor([9.2200])
CCCCn1nc(C(C)(C)C)sc1=NC(=O)c1cc(C(F)(F)F)ccc1ON=C(N)c1ccncc1,tensor([7.1700])
Cn1c(C(C)(C)C)cc(=NC(=O)c2cc(C(F)(F)F)ccc2ONC(C)(C)C)n1CCC(F)(F)F,tensor([7.1700])
CCCCn1nc(C(C)(C)C)sc1=NC(=O)c1cc(C(F)(F)F)ccc1ONC(C)C,tensor([9.2200])
CCCCn1c(=NC(=O)c2cc(C(F)(F)F)ccc2ONC(C)(C)C)cc(C(C)(C)C)n1C,tensor([7.1100])
CCCCn1nc(C(C)(C)C)sc1=NC(=O)c1cc(C(F)(F)F)ccc1NNC(=O)C(C)(C)C,tensor([9.4000])
CCCCn1c(=NC(=O)c2cc(C(F)(F)F)ccc2NNC(=O)C(C)(C)C)cc(C(C)(C)C)n1C,tensor([9.4000])
CCCCn1c(=NC(=O)c2cc(C(F)(F)F)ccc2NNC(=O)c2ccncc2)cc(C(C)(C)C)n1C,tensor([9.1500])
CCCCn1cc(C(C)(C)C)ccc1=NC(=O)c1cc(C(F)(F)F)ccc1ONC(C)(C)C,tensor([7.0600])
CCCCn1nc(C(C)(C)C)sc1=NC(=O)c1cc(C(F)(F)F)ccc1ON=C(N)c1cccnc1,tensor([7.0600])
CCCCn1nc(C(C)(C)C)sc1=NC(=O)c1cc(C(F)(F)F)ccc1ONC(=O)OC(C)(C)C,tensor([9.4900])
Cn1c(C(C)(C)C)cc(=NC(=O)c2cc(C(F)(F)F)ccc2ONC(C)(C)C)n1CC1CC1,tensor([7.2700])
CCCCn1nc(C(C)(C)C)sc1=NC(=O)c1ccc(C(F)(F)F)cc1ONC(C)(C)C,tensor([6.9000])
CCCCn1ccc(C(C)(C)C)cc1=NC(=O)c1cc(C(F)(F)F)ccc1ONC(C)(C)C,tensor([6.8900])
CCCCn1nc(C(C)(C)C)sc1=NC(=O)c1cc(C(F)(F)F)ccc1NNC(=O)OC,tensor([9.1500])
CCCOC(=O)N1CCC(NC(=O)c2nn(-c3ccc(Cl)cc3Cl)c(-c3ccc(Cl)cc3)c2C)CC1,tensor([5.8100])
Cc1c(C(=O)NC2CCN(S(=O)(=O)CCC(F)(F)F)CC2)nn(-c2ccc(Cl)cc2Cl)c1-c1ccc(Cl)cc1,tensor([5.3300])
Cc1c(C(=O)NC2CCN(C(=O)c3ccccc3)CC2)nn(-c2ccc(Cl)cc2Cl)c1-c1ccc(Cl)cc1,tensor([5.7600])
CCCCC(=O)N1CCC(NC(=O)c2nn(-c3ccc(Cl)cc3Cl)c(-c3ccc(Cl)cc3)c2C)CC1,tensor([5.7500])
Cc1c(C(=O)NC2CCN(C(=O)CC(C)C)CC2)nn(-c2ccc(Cl)cc2Cl)c1-c1ccc(Cl)cc1,tensor([5.7400])
Cc1c(C(=O)NC2CCN(C(=O)OC(C)C)CC2)nn(-c2ccc(Cl)cc2Cl)c1-c1ccc(Cl)cc1,tensor([5.7100])
Cc1c(C(=O)NC2CCN(C(=O)C3CCCC3)CC2)nn(-c2ccc(Cl)cc2Cl)c1-c1ccc(Cl)cc1,tensor([5.6000])
Cc1c(C(=O)NC2CCN(C(=O)C(F)(F)F)CC2)nn(-c2ccc(Cl)cc2Cl)c1-c1ccc(Cl)cc1,tensor([5.9800])
Cc1c(C(=O)NC2CCN(S(=O)(=O)CC(C)C)CC2)nn(-c2ccc(Cl)cc2Cl)c1-c1ccc(Cl)cc1,tensor([5.2100])
CCS(=O)(=O)N1CCC(NC(=O)c2nn(-c3ccc(Cl)cc3Cl)c(-c3ccc(Cl)cc3)c2C)CC1,tensor([5.3600])
CCCCCn1cc(C(=O)NC23CC4CC(CC(C4)C2)C3)c(=O)n2nc(-c3ccc(C)cc3)nc12,tensor([8.1700])
C=CCN(CC=C)c1nc2n(CCCCC)cc(C(=O)NC34CC5CC(CC(C5)C3)C4)c(=O)n2n1,tensor([6.8000])
CCCCCn1cc(C(=O)NC23CC4CC(C)(CC(C)(C4)C2)C3)c(=O)n2nc(-c3ccccc3)nc12,tensor([8.0800])
CCCCCn1cc(C(=O)NC2CCCCC2)c(=O)n2nc(C)nc12,tensor([6.1700])
CCCCCn1cc(C(=O)NC2CCCCCC2)c(=O)n2ncnc12,tensor([6.2900])
CCCCCn1cc(C(=O)NC23CC4CC(CC(C4)C2)C3)c(=O)n2nc(-c3ccco3)nc12,tensor([7.3500])
CCCCCn1cc(C(=O)NC23CC4CC(CC(C4)C2)C3)c(=O)n2nc(-c3ccc(Cl)cc3)nc12,tensor([7.9500])
CCCCCn1cc(C(=O)NC2CCCCC2)c(=O)n2nc(-c3ccc(OC)cc3)nc12,tensor([7.0200])
CCCCCn1cc(C(=O)NC2CCCCC2)c(=O)n2nc(SC)nc12,tensor([6.1400])
CCCCCn1cc(C(=O)NC2CCCCC2)c(=O)n2nc(-c3ccc(C)cc3)nc12,tensor([7.5100])
CCCCCn1cc(C(=O)NC23CC4CC(C)(CC(C)(C4)C2)C3)c(=O)n2ncnc12,tensor([7.6000])
CCCCCn1cc(C(=O)NC23CC4CC(CC(C4)C2)C3)c(=O)n2nc(N3CCOCC3)nc12,tensor([7.2800])
CCCCCn1cc(C(=O)NC2CCCCC2)c(=O)n2nc(-c3ccc(Cl)cc3)nc12,tensor([6.9300])
CCCCCn1cc(C(=O)NC2CCCCCC2)c(=O)n2nc(N3CCN(C)CC3)nc12,tensor([6.0100])
CCCCCn1cc(C(=O)NC2CCCCCC2)c(=O)n2nc(-c3ccccc3)nc12,tensor([7.3200])
CCCCCn1cc(C(=O)NC2CCCCC2)c(=O)n2nc(-c3ccccc3)nc12,tensor([7.3700])
CCCCCn1cc(C(=O)NC23CC4CC(CC(C4)C2)C3)c(=O)n2nc(C)nc12,tensor([6.4200])
CCCCCn1cc(C(=O)NC2CCCCCC2)c(=O)n2nc(-c3ccc(C)cc3)nc12,tensor([7.6600])
CCCCCn1cc(C(=O)NC23CC4CC(CC(C4)C2)C3)c(=O)n2nc(-c3ccc(OC)cc3)nc12,tensor([7.3300])
CCCCCn1cc(C(=O)NC2CCCCCC2)c(=O)n2nc(N3CCOCC3)nc12,tensor([6.2500])
CCCCCn1cc(C(=O)NC2CCCCC2)c(=O)n2nc(N(C)Cc3ccccc3)nc12,tensor([5.8800])
C=CCN(CC=C)c1nc2n(CCCCC)cc(C(=O)NC3CCCCC3)c(=O)n2n1,tensor([5.8700])
CCCCCn1cc(C(=O)NC23CC4CC(CC(C4)C2)C3)c(=O)n2nc(SC)nc12,tensor([7.3300])
CCCCCn1cc(C(=O)NC23CC4CC(CC(C4)C2)C3)c(=O)n2nc(N(C)Cc3ccccc3)nc12,tensor([7.6800])
CCCCCn1cc(C(=O)NC23CC4CC(CC(C4)C2)C3)c(=O)n2nc(-c3cccnc3)nc12,tensor([6.6400])
CC12CCC(C1)C(C)(C)C2NC(=O)c1nn(-c2ccc(Cl)cc2Cl)c2c1Cc1cc(C3CC3)ccc1-2,tensor([8.2200])
O=C(NC12CC3CC(CC(C3)C1)C2)c1nn(-c2ccc(Cl)cc2Cl)c2c1Cc1cc(C3CC3)ccc1-2,tensor([8.4000])
CC1(C)C2CCC1(C)C(NC(=O)c1nn(-c3ccc(Cl)cc3Cl)c3c1Cc1cc(C4CC4)ccc1-3)C2,tensor([7.4200])
O=C(NN1CCCCC1)c1nn(-c2ccc(Cl)cc2Cl)c2c1Cc1cc(C3CCCCC3)ccc1-2,tensor([6.2900])
O=C(NN1CCCC1)c1nn(-c2ccc(Cl)cc2Cl)c2c1Cc1cc(C3CCCCC3)ccc1-2,tensor([6.2900])
O=C(NN1CCCC1)c1nn(-c2ccc(Cl)cc2Cl)c2c1Cc1cc(C3CC3)ccc1-2,tensor([6.8200])
O=C(NN1CCOCC1)c1nn(-c2ccc(Cl)cc2Cl)c2c1Cc1cc(C3CC3)ccc1-2,tensor([6.7000])
O=C(NN1CCCCC1)c1nn(-c2ccc(Cl)cc2Cl)c2c1Cc1cc(C3CC3)ccc1-2,tensor([7.1600])
CC12CCC(C1)C(C)(C)C2NC(=O)c1nn(-c2ccc(Cl)cc2Cl)c2c1CCc1cc(C3CC3)ccc1-2,tensor([5.2600])
O=C(NN1CCCCC1)c1nn(-c2ccc(Cl)cc2Cl)c2c1CCc1cc(C3CC3)ccc1-2,tensor([6.8400])
O=C(NN1CCCCC1)c1nn(-c2ccc(Cl)cc2Cl)c2c1ccc1cc(C3CC3)ccc12,tensor([6.0800])
O=C(c1nn(-c2ccc(Cl)cc2Cl)c2c1Cc1cc(C3CC3)ccc1-2)N1CCCCC1,tensor([6.3800])
COc1ccc2c(c1)OC(C)(C)c1cn(CCN3CCN(C(=O)C4CCCO4)CC3)nc1-2,tensor([5.9700])
COc1ccc2c(c1)OC(C)(C)c1cn(CCN3CCN(C(=O)c4ccccc4)CC3)nc1-2,tensor([5.4400])
COc1ccc2c(c1)OC(C)(C)c1cn(CCN3CCN(C(=O)c4cccs4)CC3)nc1-2,tensor([7.8100])
COc1ccc2c(c1)OC(C)(C)c1cn(CCN3CCN(C(=O)C4CCCCC4)CC3)nc1-2,tensor([6.2800])
COc1ccc2c(c1)OC(C)(C)c1cn(CCN3CCN(C(=O)c4ccco4)CC3)nc1-2,tensor([6.1600])
COc1ccc2c(c1)OC(C)(C)c1cn(CCN3CCN(C(=O)C(C)(C)C)CC3)nc1-2,tensor([5.1900])
COc1ccc2c(c1)OC(C)(C)c1cnn(CNC(=O)CN3CCN(c4ccccc4)CC3)c1-2,tensor([5.3100])
COc1c(Cc2ccc(F)cc2)cc(-c2ccc(F)cc2)cc1C(=O)NC1CCCCCC1,tensor([6.5800])
COc1c(Cc2ccc(F)cc2)cc(-c2ccc(F)cc2)cc1C(=O)NC1CCC(C)CC1,tensor([6.4700])
C=CCc1ccc(OCCCC)c(-c2ccc(OCCCC)c(CC=C)c2)c1,tensor([5.7500])
COc1c(Cc2ccccc2)cc(-c2ccccc2)cc1C(=O)NC1CCCCCC1,tensor([6.2300])
COc1c(Cc2ccc(F)cc2)cc(-c2ccccc2)cc1C(=O)NC1CCC(C)CC1,tensor([5.9600])
COc1c(Cc2ccc(F)cc2)cc(-c2ccccc2)cc1C(=O)NC1CCCCCC1,tensor([7.0800])
CCCCc1cc(-c2ccc(F)cc2)cc(C(=O)NC2CCC(C)CC2)c1OC,tensor([5.8500])
C=CCc1ccc(OC)c(-c2ccc(OC)c(CC=C)c2)c1,tensor([5.8600])
COc1ccc(-c2cc(C)c(OC)c(C(=O)NC3CCCCCC3)c2)cc1,tensor([5.5600])
COc1ccc(-c2cc(Cc3ccc(F)cc3)c(OC)c(C(=O)NC3CCC(C)CC3)c2)cc1,tensor([6.7100])
COc1c(Cc2ccccc2)cc(-c2ccccc2)cc1C(=O)NC1CCC(C)CC1,tensor([5.5700])
CCCCc1cc(-c2ccccc2)cc(C(=O)NC2CCCCCC2)c1OC,tensor([6.4500])
CCCCc1cc(-c2ccc(F)cc2)cc(C(=O)NC2CCCCCC2)c1OC,tensor([6.7800])
OC(CC1CCCCC1)c1nn(-c2ccc(Cl)cc2Cl)c2c1CCCc1cc(Cl)ccc1-2,tensor([7.6200])
O=C(NC1CCCCC1)c1nn(-c2ccc(Cl)cc2Cl)c2c1CCCc1cc(Cl)ccc1-2,tensor([7.7500])
O=C(NN1CCCCCC1)c1nn(-c2ccc(Cl)cc2Cl)c2c1CCCc1cc(Cl)ccc1-2,tensor([7.5500])
Cc1ccc(Cn2nc(C(=O)NCC3CCC4CC3C4(C)C)c3c2-c2cc(Cl)ccc2CCC3)cc1,tensor([7.2900])
O=C(NCC1CCCO1)c1nn(-c2ccc(Cl)cc2Cl)c2c1CCCc1cc(Cl)ccc1-2,tensor([7.2800])
CC1(C)C2CCC(CNC(=O)c3nn(-c4ccc(Cl)cc4Cl)c4c3CCCc3cc(Cl)ccc3-4)C1C2,tensor([7.7100])
Cc1ccc(Cn2nc(C(=O)NCC3CCC4CC3C4(C)C)c3c2-c2ccc(Cl)cc2CCC3)cc1,tensor([8.0200])
O=C(NCC1CCCCC1)c1nn(-c2ccc(Cl)cc2Cl)c2c1CCCc1cc(Cl)ccc1-2,tensor([7.5000])
O=C(NN1CCCC1)c1nn(-c2ccc(Cl)cc2Cl)c2c1CCCc1cc(Cl)ccc1-2,tensor([6.7400])
O=C(NN1CCCCC1)c1nn(-c2ccc(Cl)cc2Cl)c2c1CCCc1cc(Cl)ccc1-2,tensor([7.2500])
CC1(C)C2CCC(CNC(=O)c3nn(-c4ccc(Cl)cc4Cl)c4c3CCCc3ccc(Cl)cc3-4)C1C2,tensor([7.8700])
O=C(CC1CCCCC1)c1nn(-c2ccc(Cl)cc2Cl)c2c1CCCc1cc(Cl)ccc1-2,tensor([6.4900])
CCOC(=O)c1c(NC(=O)C23CC4CC(CC(C4)C2)C3)sc2c1CCCC2,tensor([8.6700])
CCOC(=O)c1c(NC(=O)c2cccc3ccccc23)sc2c1CCCC2,tensor([7.7800])
CCc1c(C(=O)NCCc2ccccc2)cc(C)n1-c1ccccc1,tensor([6.1400])
CCOC(=O)c1c(NC(=O)c2ccc3ccccc3c2)sc2c1CCCC2,tensor([5.7500])
Cc1cc(C(=O)Nc2cccc3ccccc23)c(C)n1-c1ccccc1,tensor([7.0800])
CCc1c(C(=O)Nc2cccc3ccccc23)cc(C)n1-c1ccccc1,tensor([7.7000])
Cc1cc(C(=O)Nc2ccc3ccccc3c2)c(C)n1-c1ccccc1,tensor([7.2300])
CCc1c(C(=O)NC2CCCCC2)cc(C)n1-c1ccccc1,tensor([6.7700])
CCOC(=O)c1cc(-c2ccccc2)sc1NC(=O)c1cccc2ccccc12,tensor([7.2200])
CCOC(=O)c1c(NS(=O)(=O)c2cccc3ccccc23)sc2c1CCCC2,tensor([6.1000])
Cc1cc(C(=O)NC(C)c2ccccc2)c(C)n1-c1ccccc1,tensor([6.2600])
CCOC(=O)c1c(NS(=O)(=O)c2ccccc2)sc2c1CCCC2,tensor([5.7000])
Cc1cc(C(=O)NCCc2ccccc2)c(C)n1-c1ccccc1,tensor([6.2300])
CCOC(=O)c1c(NC(=O)CCc2ccccc2)sc2c1CCCC2,tensor([6.9500])
CCc1c(C(=O)NC23CC4CC(CC(C4)C2)C3)cc(C)n1-c1ccccc1,tensor([8.2100])
Cc1cc(C(=O)NC2CCCCC2)c(C)n1-c1ccccc1,tensor([6.7800])
CCc1c(C(=O)NC(C)c2ccccc2)cc(C)n1-c1ccccc1,tensor([6.2700])
CCCc1sc2ccccc2c1C(=O)c1ccc(OC)cc1,tensor([6.5200])
O=C(c1cccc2ccccc12)n1c(C2CCC2)nc2ccccc21,tensor([5.8500])
CCCCc1nc2ccccc2n1C(=O)c1ccc(OC)cc1,tensor([5.8000])
CC(C)Cc1sc2ccccc2c1C(=O)c1cccc2ccccc12,tensor([6.3000])
COc1ccc(C(=O)n2c(C(C)(C)C)nc3ccccc32)cc1,tensor([6.2200])
CC(C)(C)c1nc2ccccc2n1C(=O)c1cccc2ccccc12,tensor([7.1000])
COc1ccc(C(=O)n2c(-c3ccc(OC)cc3)nc3ccccc32)cc1,tensor([5.8200])
CCc1sc2ccccc2c1C(=O)c1ccc(OC)cc1,tensor([5.8000])
CC(C)c1nc2ccccc2n1C(=O)c1cccc2ccccc12,tensor([6.3000])
O=C(c1cccc2ccccc12)c1csc2ccccc12,tensor([6.7000])
CCCc1nc2ccccc2n1C(=O)c1ccc(OC)cc1,tensor([5.7200])
COc1ccc(C(=O)n2c(C3CCCCC3)nc3ccccc32)cc1,tensor([6.1600])
CCCCc1nc2ccccc2n1C(=O)c1cccc2ccccc12,tensor([6.4000])
COc1ccc(-c2sc3ccccc3c2C(=O)c2cccc3ccccc23)cc1,tensor([6.5200])
COc1ccc(C(=O)n2c(C3CCCC3)nc3ccccc32)cc1,tensor([6.3000])
O=C(c1cccc2ccccc12)n1c(C2CCCCC2)nc2ccccc21,tensor([6.4000])
O=C(c1cccc2ccccc12)n1c(C2CCCC2)nc2ccccc21,tensor([6.1600])
O=C(c1cc2ccccc2s1)c1cccc2ccccc12,tensor([6.])
CCCc1sc2ccccc2c1C(=O)c1cccc2ccccc12,tensor([6.])
CCc1sc2ccccc2c1C(=O)c1cccc2ccccc12,tensor([6.1600])
COc1ccc(C(=O)n2c(C3CCC3)nc3ccccc32)cc1,tensor([6.0500])
COc1ccc(C(=O)n2c(C(C)C)nc3ccccc32)cc1,tensor([6.1000])
COc1ccc(C(=O)c2c(-c3ccc(OC)cc3)sc3ccccc23)cc1,tensor([7.])
CCCCCc1sc2ccccc2c1C(=O)c1ccc(OC)cc1,tensor([6.5200])
CC(C)Cc1nc2ccccc2n1C(=O)c1cccc2ccccc12,tensor([7.])
CCCCCc1sc2ccccc2c1C(=O)c1cccc2ccccc12,tensor([6.5200])
COc1ccc(Cn2c(-c3ccc(OC)cc3)nc3ccccc32)cc1,tensor([6.1600])
O=C(NC1CCCCCC1)c1cc(-c2ccccc2)nn(Cc2ccc(F)cc2)c1=O,tensor([7.8000])
Cc1cc(-c2cc(C(=O)NC34CC5CC(CC(C5)C3)C4)c(=O)n(Cc3ccc(F)cc3)n2)ccc1Cl,tensor([8.4700])
CC1CCC(NC(=O)c2cc(-c3ccccc3)nn(Cc3ccc(F)cc3)c2=O)CC1,tensor([8.2400])
Cc1cc(-c2cc(C(=O)NC3CCCCCC3)c(=O)n(Cc3ccc(F)cc3)n2)ccc1Cl,tensor([8.3100])
O=C(NC1CCCCC1)c1cc(-c2ccccc2)nn(Cc2ccc(F)cc2)c1=O,tensor([7.3600])
O=C(NC12CC3CC(CC(C3)C1)C2)c1cc(-c2ccccc2)nn(C2CCCC2)c1=O,tensor([8.3600])
Cc1cc(-c2cc(C(=O)NC3CCCCC3)c(=O)n(Cc3ccc(F)cc3)n2)ccc1Cl,tensor([8.3300])
Cc1ccc(-c2cc(C(=O)NC34CC5CC(CC(C5)C3)C4)c(=O)n(C3CCCC3)n2)cc1Cl,tensor([8.1200])
O=C(NC1CCCCCC1)c1cc(-c2ccccc2)nn(C2CCCC2)c1=O,tensor([7.8900])
Cc1cc(-c2cc(C(=O)NC3C4(C)CCC(C4)C3(C)C)c(=O)n(Cc3ccc(F)cc3)n2)ccc1Cl,tensor([8.5900])
Cc1cc(-c2cc(C(=O)NCCN3CCOCC3)c(=O)n(Cc3ccc(F)cc3)n2)ccc1Cl,tensor([6.5100])
Cc1cc(-c2cc(C(=O)NC3CCC(C)CC3)c(=O)n(Cc3ccc(F)cc3)n2)ccc1Cl,tensor([8.7000])
CC1=CCC2C(C1)c1c(O)cc(C(C)(C)C(=O)OCCCC#N)cc1OC2(C)C,tensor([8.8500])
CC1=CCC2C(C1)c1c(O)cc(C(C)(C)C(=O)OCCCCBr)cc1OC2(C)C,tensor([9.1000])
CC1=CCC2C(C1)c1c(O)cc(C(C)(C)C(=O)OCCCCC#N)cc1OC2(C)C,tensor([9.0500])
CC1=CCC2C(C1)c1c(O)cc(C3(C(=O)OCCCCBr)CCC3)cc1OC2(C)C,tensor([9.1500])
CCCCC(=O)OCC(C)(C)c1cc(O)c2c(c1)OC(C)(C)C1CC=C(C)CC21,tensor([9.])
COC(=O)C(C)(C)c1cc(O)c2c(c1)OC(C)(C)C1CC=C(C)CC21,tensor([7.4600])
CC1=CCC2C(C1)c1c(O)cc(C3(C(=O)OCCCCC#N)CCC3)cc1OC2(C)C,tensor([8.7400])
CC1=CCC2C(C1)c1c(O)cc(C(C)(C)C(=O)OCCCCn3ccnc3)cc1OC2(C)C,tensor([8.1100])
CC1=CCC2C(C1)c1c(O)cc(C(C)(C)C(=O)OCCCBr)cc1OC2(C)C,tensor([9.1500])
CCCSC(=O)C(C)(C)c1cc(O)c2c(c1)OC(C)(C)C1CC=C(C)CC21,tensor([9.1500])
CC1=CCC2C(C1)c1c(O)cc(C(C)(C)C(=O)OCCCn3ccnc3)cc1OC2(C)C,tensor([8.8900])
CCOC(=O)C(C)(C)c1cc(O)c2c(c1)OC(C)(C)C1CC=C(C)CC21,tensor([8.8200])
CC1=CCC2C(C1)c1c(O)cc(C(C)(C)C(=O)OCCCCCBr)cc1OC2(C)C,tensor([9.2200])
CC1=CCC2C(C1)c1c(O)cc(CC(=O)OCCCCC#N)cc1OC2(C)C,tensor([8.9200])
CC1=CCC2C(C1)c1c(O)cc(C(C)(C)C(=O)OCCBr)cc1OC2(C)C,tensor([8.5400])
CC1=CCC2C(C1)c1c(O)cc(CC(=O)OCCCCBr)cc1OC2(C)C,tensor([8.1500])
CCCCCNC(=O)C(C)(C)c1cc(O)c2c(c1)OC(C)(C)C1CC=C(C)CC21,tensor([8.5500])
CCOc1ccc(Nc2nc3cc(C(=O)N(CC)CC)ccc3n2CCN2CCCCC2)cc1,tensor([4.9800])
CCOc1ccc(Cc2nc3cc(C(=O)Nc4ccccc4)ccc3n2CCC(C)C)cc1,tensor([4.8400])
CCOc1ccc(Cc2nc3cc(C(=O)N(CC)CC)ccc3n2CCCCN2CCCCC2)cc1,tensor([5.3200])
CCOc1ccc(Cc2nc3cc(C(=O)NCCC(C)C)ccc3n2CCC(C)C)cc1,tensor([6.1200])
CCOc1ccc(Cc2nc3cc(C(=O)NC45CC6CC(CC(C6)C4)C5)ccc3n2CCC(C)C)cc1,tensor([5.3300])
CCN(CC)C(=O)c1ccc2c(c1)nc(Nc1ccc(Oc3ccccc3)cc1)n2CCN1CCCCC1,tensor([5.0500])
CCCCCCNC(=O)c1ccc2c(c1)nc(Cc1ccc(OCC)cc1)n2CCC(C)C,tensor([5.7200])
CCOc1ccc(Cc2nc3cc(N)ccc3n2CCC(C)C)cc1,tensor([4.6800])
CCOc1ccc(Nc2nc3cc(C(=O)N(CC)CC)ccc3n2CCC(C)C)cc1,tensor([5.7200])
CCN(CC)C(=O)c1ccc2c(c1)nc(Nc1ccc(Oc3ccccc3)cc1)n2CCC(C)C,tensor([6.3700])
CCOc1ccc(Cc2nc3cc(C(=O)N4CCCCC4)ccc3n2CCC(C)C)cc1,tensor([6.4200])
CCOc1ccc(CNc2nc3cc(C(=O)N(CC)CC)ccc3n2CCC(C)C)cc1,tensor([6.4500])
CCOc1ccc(Cc2nc3cc([N+](=O)[O-])ccc3n2CCC(C)C)cc1,tensor([6.0200])
CCOc1ccc(Cc2nc3cc(C(=O)N(CC)CC)ccc3n2CCN2CCCCC2)cc1,tensor([6.7300])
CCOc1ccc(Cc2nc3cc(C(=O)N(CC)CC)ccc3n2CCCCCCN2CCCCC2)cc1,tensor([6.])
CCOc1ccc(Cc2nc3cc(NC(=O)c4ccccc4)ccc3n2CCC(C)C)cc1,tensor([5.3700])
CCCc1sc(NC(=O)C23CC4CC(CC(C4)C2)C3)c(C(=O)O[11CH3])c1C,tensor([8.3700])
[11CH3]OC(=O)c1c(NC(=O)C23CC4CC(CC(O)(C4)C2)C3)sc2c1CCCC2,tensor([8.4800])
CCOCCn1cc(C(=O)NC23CC4CC(CC(C4)C2)C3)c(=O)c2cccc(O[11CH3])c21,tensor([9.1500])
COc1cccc2c(=O)c(C(=O)NC34CC5CC(CC(C5)C3)C4)cn(CCOCC[18F])c12,tensor([8.9200])
Cc1nc(N2CCN(C)CC2)c2nc(-c3ccccc3Cl)oc2n1,tensor([7.5600])
CC(=O)N1CCN(c2ncnc3oc(-c4ccccc4Cl)nc23)CC1,tensor([6.1700])
CC(=O)N1CCN(c2ncnc3oc(-c4ccccc4C(F)(F)F)nc23)CC1,tensor([6.5900])
CCN1CCN(c2ncnc3oc(-c4ccccc4C(F)(F)F)nc23)CC1,tensor([7.0200])
CN1CCN(c2ncnc3oc(-c4ccccc4Cl)nc23)CC1,tensor([6.4600])
CCN1CCN(c2ncnc3oc(-c4ccccc4Cl)nc23)CC1,tensor([6.4800])
CCN1CCN(c2nc(C)nc3oc(-c4ccccc4Cl)nc23)CC1,tensor([7.6400])
Cc1c(Br)cn(Cc2ccc(F)cc2)c(=O)c1C(=O)NC1CCCCCC1,tensor([8.4600])
Cc1ccn(Cc2ccc(F)cc2)c(=O)c1C(=O)NC1CCCCCC1,tensor([8.2300])
Cc1c(-c2ccccc2)cn(Cc2ccc(F)cc2)c(=O)c1C(=O)NC1CCCCCC1,tensor([8.1600])
COc1ccc(-c2cn(Cc3ccc(F)cc3)c(=O)c(C(=O)NC3CCCCCC3)c2C)cc1,tensor([8.1000])
O=C(NC1CCCCCC1)c1c(-c2ccccc2)c(Br)cn(Cc2ccc(F)cc2)c1=O,tensor([6.3600])
O=C(NC1CCCCCC1)c1c(-c2ccccc2)ccn(Cc2ccc(F)cc2)c1=O,tensor([6.7300])
Cc1ccnc(OCc2ccc(F)cc2)c1C(=O)NC1CCCCCC1,tensor([7.3300])
CSC1=NC(=O)C(=Cc2cccc(OCc3ccc(Cl)cc3)c2)N1,tensor([6.2300])
CN1C(=N)NC(=O)C1=Cc1cccc(OCc2ccc(Cl)cc2)c1,tensor([4.6400])
O=C(Nc1ccc(Cl)cc1)Nc1cccc(Nc2cccc(N3CCCC3)n2)c1,tensor([4.2800])
O=C(Nc1ccc(Cl)cc1)Nc1cccc(-c2cccc(N3CCCC3)c2)c1,tensor([4.3000])
Cc1ccc(Cn2nc(-c3ccc(C)cc3)cc(S(=O)(=O)NC3CCCCCC3)c2=O)cc1,tensor([5.5900])
CCCCCC=CCC=CCC=CC(C)C=CCCCC(=O)NC(C)CO,tensor([7.8900])
C#CCNC(=O)CCCC=CCC=CCC=CC(C)C=CCCCCC,tensor([7.9500])
CCCCCC=CCC=CCC=CC(C)C=CCCCC(=O)NCCO,tensor([7.6100])
CCCCCC=CC(C)C=CCC=CCC=CCCCC(=O)NC1CCCC1,tensor([6.8600])
CC(C=CCC=CCC=CCCCC(=O)NC1CC1)C=CCCCCCN=C=S,tensor([7.6600])
CCCCCC=CC(C)C=CCC=CCC=CCCCC(=O)NC1CC1,tensor([8.3700])
CCCCCC=CC(C)C=CCC=CCC=CCCCC(=O)NC(C)CO,tensor([6.7500])
CC(C=CCC=CCC=CCCCC(=O)NC1CC1)C=CCCCCCN=[N+]=[N-],tensor([8.0700])
CCCCCC=CC(C)C=CCC=CCC=CCCCC(=O)NCCO,tensor([7.3000])
CCCCCC=CC(C)C=CCC=CCC=CCCCC(=O)NC1CCC1,tensor([8.1700])
CC(C=CCC=CCC=CCCCC(=O)NC(C)CO)C=CCCCOc1ccccc1,tensor([6.5400])
CCCCCC=CC(C)C=CCC=CCC=CCCCC(=O)NCCCl,tensor([7.9800])
Cc1nc(CN2CCN(c3ncnc4c3nc(-c3ccccc3Cl)n4-c3ccc(Cl)cc3)CC2)no1,tensor([5.4400])
Fc1ccc(N2CCN(c3ncnc4c3nc(-c3ccccc3Cl)n4-c3ccc(Cl)cc3)CC2)cc1,tensor([5.2900])
N#CC(c1ccccc1)N1CCN(c2ncnc3c2nc(-c2ccccc2Cl)n3-c2ccc(Cl)cc2)CC1,tensor([6.3400])
Clc1ccc(-n2c(-c3ccccc3Cl)nc3c(N4CCN(CCc5ccncc5)CC4)ncnc32)cc1,tensor([6.2000])
CC(c1ccncc1)N1CCN(c2ncnc3c2nc(-c2ccccc2Cl)n3-c2ccc(Cl)cc2)CC1,tensor([5.9600])
Clc1ccc(-n2c(-c3ccccc3Cl)nc3c(N4CCN(C5CCCCC5)CC4)ncnc32)cc1,tensor([6.9600])
Clc1ccc(-n2c(-c3ccccc3Cl)nc3c(N4CCN(CCc5ccccc5)CC4)ncnc32)cc1,tensor([5.6800])
Clc1ccc(-n2c(-c3ccccc3Cl)nc3c(N4CCN(Cc5ccncc5)CC4)ncnc32)cc1,tensor([5.7700])
Fc1ccccc1CN1CCN(c2ncnc3c2nc(-c2ccccc2Cl)n3-c2ccc(Cl)cc2)CC1,tensor([5.6400])
Cc1ccccc1CN1CCN(c2ncnc3c2nc(-c2ccccc2Cl)n3-c2ccc(Cl)cc2)CC1,tensor([5.3400])
CC(c1ccccc1)N1CCN(c2ncnc3c2nc(-c2ccccc2Cl)n3-c2ccc(Cl)cc2)CC1,tensor([5.8900])
Clc1ccc(-n2c(-c3ccccc3Cl)nc3c(N4CCN(Cc5ccccc5)CC4)ncnc32)cc1,tensor([6.3700])
Clc1ccc(-n2c(-c3ccccc3Cl)nc3c(N4CCN(c5ccccn5)CC4)ncnc32)cc1,tensor([5.8500])
Cc1c(CN2CCN(c3ncnc4c3nc(-c3ccccc3Cl)n4-c3ccc(Cl)cc3)CC2)cnn1C,tensor([6.])
COc1ccccc1N1CCN(c2ncnc3c2nc(-c2ccccc2Cl)n3-c2ccc(Cl)cc2)CC1,tensor([5.3000])
CCNC1(C(N)=O)CCN(c2ncnc3c2nc(-c2ccccc2Cl)n3-c2ccc(Cl)cc2)CC1,tensor([5.1100])
O=C(Nc1ccc(F)cc1)N1CCN(c2ncnc3c2nc(-c2ccccc2Cl)n3-c2ccc(Cl)cc2)CC1,tensor([5.7000])
O=C(C1COc2ccccc2O1)N1CCN(c2ncnc3c2nc(-c2ccccc2Cl)n3-c2ccc(Cl)cc2)CC1,tensor([6.2100])
O=S(=O)(CC1CCOCC1)N1CCN(c2ncnc3c2nc(-c2ccccc2Cl)n3-c2ccc(Cl)cc2)CC1,tensor([5.5200])
O=C(C1CCSCC1)N1CCN(c2ncnc3c2nc(-c2ccccc2Cl)n3-c2ccc(Cl)cc2)CC1,tensor([6.2800])
CC(C)S(=O)(=O)N1CCN(c2ncnc3c2nc(-c2ccccc2Cl)n3-c2ccc(Cl)cc2)CC1,tensor([6.0100])
CCCS(=O)(=O)N1CCN(c2ncnc3c2nc(-c2ccccc2Cl)n3-c2ccc(Cl)cc2)CC1,tensor([6.0700])
CCS(=O)(=O)N1CCN(c2ncnc3c2nc(-c2ccccc2Cl)n3-c2ccc(Cl)cc2)CC1,tensor([6.0100])
CC(C(=O)N1CCN(c2ncnc3c2nc(-c2ccccc2Cl)n3-c2ccc(Cl)cc2)CC1)c1ccccc1,tensor([6.2500])
CC(C)CS(=O)(=O)N1CCN(c2ncnc3c2nc(-c2ccccc2Cl)n3-c2ccc(Cl)cc2)CC1,tensor([5.5500])
CS(=O)(=O)N1CCN(c2ncnc3c2nc(-c2ccccc2Cl)n3-c2ccc(Cl)cc2)CC1,tensor([5.7700])
O=C(CC1CCOC1)N1CCN(c2ncnc3c2nc(-c2ccccc2Cl)n3-c2ccc(Cl)cc2)CC1,tensor([5.5200])
O=C(Nc1ccccc1F)N1CCN(c2ncnc3c2nc(-c2ccccc2Cl)n3-c2ccc(Cl)cc2)CC1,tensor([5.8900])
O=C(Nc1ccc(F)c(F)c1)N1CCN(c2ncnc3c2nc(-c2ccccc2Cl)n3-c2ccc(Cl)cc2)CC1,tensor([5.3800])
O=S(=O)(CCC(F)(F)F)N1CCN(c2ncnc3c2nc(-c2ccccc2Cl)n3-c2ccc(Cl)cc2)CC1,tensor([6.3000])
O=C(NCC1CCCCC1)N1CCN(c2ncnc3c2nc(-c2ccccc2Cl)n3-c2ccc(Cl)cc2)CC1,tensor([6.1300])
CCCCS(=O)(=O)N1CCN(c2ncnc3c2nc(-c2ccccc2Cl)n3-c2ccc(Cl)cc2)CC1,tensor([6.3000])
O=C(NC1CCCC1)N1CCN(c2ncnc3c2nc(-c2ccccc2Cl)n3-c2ccc(Cl)cc2)CC1,tensor([6.1300])
O=C(OCC1CCC1)N1CCN(c2ncnc3c2nc(-c2ccccc2Cl)n3-c2ccc(Cl)cc2)CC1,tensor([5.3400])
O=C(Nc1ccccc1)N1CCN(c2ncnc3c2nc(-c2ccccc2Cl)n3-c2ccc(Cl)cc2)CC1,tensor([5.6200])
O=C(Nc1ccc(F)cc1F)N1CCN(c2ncnc3c2nc(-c2ccccc2Cl)n3-c2ccc(Cl)cc2)CC1,tensor([5.5000])
CC(C)(C)OC(=O)N1CCN(c2ncnc3c2nc(-c2ccccc2Cl)n3-c2ccc(Cl)cc2)CC1,tensor([5.4700])
O=C(N1CCN(c2ncnc3c2nc(-c2ccccc2Cl)n3-c2ccc(Cl)cc2)CC1)C(F)(F)F,tensor([6.8900])
O=S(=O)(C1CC1)N1CCN(c2ncnc3c2nc(-c2ccccc2Cl)n3-c2ccc(Cl)cc2)CC1,tensor([5.6400])
O=C(OC1CCC1)N1CCN(c2ncnc3c2nc(-c2ccccc2Cl)n3-c2ccc(Cl)cc2)CC1,tensor([5.4700])
CCCCC(=O)N1CCN(c2ncnc3c2nc(-c2ccccc2Cl)n3-c2ccc(Cl)cc2)CC1,tensor([6.4000])
O=C(Nc1ccccn1)N1CCN(c2ncnc3c2nc(-c2ccccc2Cl)n3-c2ccc(Cl)cc2)CC1,tensor([5.1500])
CC(C)(C)CC(=O)N1CCN(c2ncnc3c2nc(-c2ccccc2Cl)n3-c2ccc(Cl)cc2)CC1,tensor([5.3000])
O=C(CN1CCCCC1)N1CCN(c2ncnc3c2nc(-c2ccccc2Cl)n3-c2ccc(Cl)cc2)CC1,tensor([5.3000])
O=S(=O)(CC1CCCCC1)N1CCN(c2ncnc3c2nc(-c2ccccc2Cl)n3-c2ccc(Cl)cc2)CC1,tensor([7.0400])
O=C(NC1(C(F)(F)F)CCCC1)N1CCN(c2ncnc3c2nc(-c2ccccc2Cl)n3-c2ccc(Cl)cc2)CC1,tensor([5.8900])
CC1=CCC2C(C1)c1c(O)cc(C(C)=NOCCCc3ccccc3)cc1OC2(C)C,tensor([8.5700])
CC1=CCC2C(C1)c1c(O)cc(C(C)=NOCCN3CCOCC3)cc1OC2(C)C,tensor([9.1500])
CC1=CCC2C(C1)c1c(O)cc(C(C)=NOCCCC(F)(F)F)cc1OC2(C)C,tensor([8.5200])
CC1=CCC2C(C1)c1c(O)cc(C(C)=NOCCN3CCCCC3)cc1OC2(C)C,tensor([8.6000])
CC1=CCC2C(C1)c1c(O)cc(C(C)=NOCCN3CCCC3)cc1OC2(C)C,tensor([8.0800])
CC1=CCC2C(C1)c1c(O)cc(C(C)=NOCCCCF)cc1OC2(C)C,tensor([8.0100])
CC1=CCC2C(C1)c1c(O)cc(C(C)=NOCCCC#N)cc1OC2(C)C,tensor([9.4000])
CCCC(C)ON=C(C)c1cc(O)c2c(c1)OC(C)(C)C1CC=C(C)CC21,tensor([8.2100])
CC1=CCC2C(C1)c1c(O)cc(C(C)=NOCCOc3ccccc3)cc1OC2(C)C,tensor([8.2100])
CCCCON=C(C)c1cc(O)c2c(c1)OC(C)(C)C1CC=C(C)CC21,tensor([7.7700])
CC1=CCC2C(C1)c1c(O)cc(C(C)=NOCCCn3ccnc3)cc1OC2(C)C,tensor([8.4300])
CCCCCc1cc(O)c2c(c1)OC(C)(C)C1=C2C(OC(C)=O)C(C)(OC)CC1,tensor([6.])
CCCCCc1cc2c(c(OS(=O)(=O)c3ccc(C)cc3)c1)C1C(OO)C(C)=CCC1C(C)(C)O2,tensor([6.3700])
CCCCCc1cc2c(c(OS(=O)(=O)c3ccc(C)cc3)c1)C1CC(C)(OO)C=CC1C(C)(C)O2,tensor([6.6800])
CCCCCc1cc(OC(C)=O)c2c(c1)OC(C)(C)C1=C2C2OC2(C)CC1,tensor([6.3300])
CCCCCc1cc(O)c2c(c1)OC(C)(C)C1=C2C(O)C(C)(OC)CC1,tensor([6.5200])
C=C1CC2c3c(cc(CCCCC)cc3OS(=O)(=O)c3ccc(C)cc3)OC(C)(C)C2CC1OO,tensor([5.9900])
CCCCCc1cc(O)c2c(c1)OC(C)(C)C1C=CC(C)(O)CC21,tensor([8.0200])
CCCCCC1=CC(=O)C2=C(OC(C)(C)C3CCC(C)(OCC)C=C23)C1=O,tensor([5.6900])
CCCCCc1cc2c(c(OS(=O)(=O)c3ccc(C)cc3)c1)C1C(O)C(C)=CCC1C(C)(C)O2,tensor([6.2600])
CCCCCc1cc(OC(C)=O)c2c(c1)OC(C)(C)C1CC=C(C)CC21,tensor([6.8000])
O=C(c1cccc2ccccc12)c1cn(CCN2CCOCC2)c2ccc(O)cc12,tensor([6.7700])
COc1ccc(C(=O)c2cn(CC3CCOCC3)c3c(OCCCCCCNC(C)=O)cccc23)cc1,tensor([5.7100])
O=C(c1cn(CCN2CCOCC2)c2ccc(O)cc12)C1CCCCC1,tensor([6.0500])
COc1ccc(C(=O)c2cn(CC3CCOCC3)c3ccc(O)cc23)cc1,tensor([6.9200])
CCCOc1cccc2c(C(=O)c3ccc(OC)cc3)cn(CC3CCOCC3)c12,tensor([8.2400])
COc1ccc(C(=O)c2cn(CC3CCOCC3)c3c(O)cccc23)cc1,tensor([7.2700])
COc1ccc(C(=O)c2cn(CCN3CCOCC3)c3ccc(O)cc23)cc1,tensor([6.1300])
COc1ccc(C(=O)c2cn(CC3CCOCC3)c3c(OCCCCC(=O)O)cccc23)cc1,tensor([5.8800])
COC(=O)CCCCOc1cccc2c(C(=O)c3ccc(OC)cc3)cn(CC3CCOCC3)c12,tensor([6.7000])
CCCOc1ccc2c(c1)c(C(=O)c1ccc(OC)cc1)cn2CC1CCOCC1,tensor([5.8700])
COc1ccc(C(=O)c2cn(CC3CCOCC3)c3ccc(OCC(=O)O)cc23)cc1,tensor([5.7800])
COc1ccc(C(=O)c2cn(CC3CCOCC3)c3c(OCC(=O)O)cccc23)cc1,tensor([6.2400])
O=C(c1cccc2ccccc12)c1cn(CC2CCOCC2)c2ccc(O)cc12,tensor([6.5600])
O=C(CCc1nnc(-c2ccc(F)cc2Br)o1)Nc1ccc2c(c1)c1ccccc1n2CCF,tensor([7.6000])
N#Cc1cc(F)ccc1-c1nnc(CCC(=O)Nc2ccc3c(c2)c2ccccc2n3CCF)o1,tensor([6.6600])
CCc1c(C)sc(NC(=O)C23CC4CC(CC(C4)C2)C3)c1C(=O)OC,tensor([8.6100])
COC(=O)c1c(NC(=O)N2CCOCC2)sc2c1CCCC2,tensor([5.6000])
COC(=O)c1c(NC(=O)C23CC4CC(CC(C4)C2)C3)sc2c1CCS(=O)(=O)C2,tensor([5.7800])
COC(=O)c1c(NC(=O)C23CC4CC(CC(C4)C2)C3)sc2c1CCSC2,tensor([7.2900])
COC(=O)c1cc(C)sc1NC(=O)C12CC3CC(CC(C3)C1)C2,tensor([7.6400])
COC(=O)c1c(NC(=O)NC23CC4CC(CC(C4)C2)C3)sc2c1CCCC2,tensor([7.6800])
COC(=O)c1cccnc1NC(=O)C12CC3CC(CC(C3)C1)C2,tensor([5.9100])
COC(=O)c1c(NC(=O)Oc2ccccc2)sc2c1CCCC2,tensor([6.6100])
COC(=O)c1cc(-c2ccccc2)sc1NC(=O)C12CC3CC(CC(C3)C1)C2,tensor([8.1900])
CCc1sc(NC(=O)C23CC4CC(CC(C4)C2)C3)c(C(=O)OC)c1C,tensor([8.2300])
COC(=O)c1c(-c2ccccc2)csc1NC(=O)C12CC3CC(CC(C3)C1)C2,tensor([7.4600])
CCc1c(C)sc(NC(=O)c2ccc(F)cc2)c1C(=O)OC,tensor([6.3000])
COC(=O)c1[nH]ccc1NC(=O)C12CC3CC(CC(C3)C1)C2,tensor([5.6700])
CCc1c(C)sc(NC(=O)c2ccc(Cl)cc2)c1C(=O)OC,tensor([6.2100])
COC(=O)c1c(C)noc1NC(=O)C12CC3CC(CC(C3)C1)C2,tensor([7.1900])
CCCCCc1sc(NC(=O)C23CC4CC(CC(C4)C2)C3)c(C(=O)OC)c1-c1ccccc1,tensor([8.1000])
COC(=O)c1nn(C)cc1NC(=O)C12CC3CC(CC(C3)C1)C2,tensor([6.0700])
COC(=O)c1c(NC(=O)N2CCCCC2)sc2c1CCCC2,tensor([6.7100])
COC(=O)c1ccsc1NC(=O)C12CC3CC(CC(C3)C1)C2,tensor([5.8800])
COC(=O)c1c(NC(=O)C23CC4CC(CC(C4)C2)C3)sc(C)c1C,tensor([8.0300])
COC(=O)c1c(NC(=O)C23CC4CC(CC(C4)C2)C3)cnn1C,tensor([5.9700])
CCCc1c(C)sc(NC(=O)C23CC4CC(CC(C4)C2)C3)c1C(=O)OC,tensor([8.3700])
CCCCc1sc(NC(=O)C23CC4CC(CC(C4)C2)C3)c(C(=O)OC)c1C,tensor([8.7600])
CCCc1cc(C(=O)OC)c(NC(=O)C23CC4CC(CC(C4)C2)C3)s1,tensor([8.1400])
CCCCCCN1C(=O)C2C3c4ccccc4C(C)(c4ccccc43)C2C1=O,tensor([6.])
CCCCCCCN1C(=O)C2C3c4ccccc4C(c4ccccc43)C2C1=O,tensor([5.7000])
CCCCCCN1C(=O)C2C3c4ccccc4C(c4ccccc43)C2C1=O,tensor([5.6900])
CCCCCCCOCC12c3ccccc3C(c3ccccc31)C1C(=O)NC(=O)C12,tensor([6.6400])
CCCCCCCN1C(=O)C2C3c4ccccc4C(Cl)(c4ccccc43)C2C1=O,tensor([5.6000])
CCCCCCCN1C(=O)C2C3c4ccccc4C(c4cc(Cl)ccc43)C2C1=O,tensor([5.7600])
CCCCCCCCN1C(=O)C2C3c4ccccc4C(c4ccccc43)C2C1=O,tensor([5.6500])
CCCCCCCNCC12c3ccccc3C(c3ccccc31)C1C(=O)NC(=O)C12,tensor([6.])
CCCCc1cc(O)c2c(c1)OC(C)(C)C1CCC(C)=CC21,tensor([7.2900])
CC(C)(C)c1nc2cc(NS(C)(=O)=O)ccc2n1CC1CCC(F)(F)CC1,tensor([9.0600])
CCOc1ccc(Cc2nc3cc(C(=O)N(CC)CC)ccc3n2CCCCCNc2c3c(nc4ccccc24)CCCC3)cc1,tensor([5.1400])
CCOc1ccc(Cc2nc3cc(C(=O)NCCOCCOCCNc4c5c(nc6ccccc46)CCCC5)ccc3n2CCC(C)C)cc1,tensor([4.7600])
CCOc1ccc(Cc2nc3cc(C(=O)NCCCCNc4c5c(nc6ccccc46)CCCC5)ccc3n2CCC(C)C)cc1,tensor([5.6200])
CCOc1ccc(Cc2nc3cc(C(=O)N(CC)CC)ccc3n2CCCNc2c3c(nc4ccccc24)CCCC3)cc1,tensor([4.5100])
CCOc1ccc(Cc2nc3cc(C(=O)NCCNc4c5c(nc6ccccc46)CCCC5)ccc3n2CCC(C)C)cc1,tensor([5.6000])
CCOc1ccc(Cc2nc3cc(C(=O)N(CC)CC)ccc3n2CCNc2c3c(nc4ccccc24)CCCC3)cc1,tensor([7.4200])
CCOc1ccc(Cc2nc3cc(C(=O)N(CC)CCCCNc4c5c(nc6ccccc46)CCCC5)ccc3n2CCC(C)C)cc1,tensor([5.5200])
CCOc1ccc(Cc2nc3cc(C(=O)NCCCNc4c5c(nc6ccccc46)CCCC5)ccc3n2CCC(C)C)cc1,tensor([5.3000])
CCOc1ccc(Cc2nc3cc(C(=O)N(CC)CC)ccc3n2CCOCCOCCNc2c3c(nc4ccccc24)CCCC3)cc1,tensor([4.5400])
CCOc1ccc(Cc2nc3cc(C(=O)NCCCCCCNc4c5c(nc6ccccc46)CCCC5)ccc3n2CCC(C)C)cc1,tensor([5.0200])
CCOc1ccc(Cc2nc3cc(C(=O)N(CC)CC)ccc3n2CCCCNc2c3c(nc4ccccc24)CCCC3)cc1,tensor([4.5700])
CCOc1ccc(Cc2nc3cc(C(=O)NCCCCCNc4c5c(nc6ccccc46)CCCC5)ccc3n2CCC(C)C)cc1,tensor([5.4000])
CCOc1ccc(Cc2nc3cc(C(=O)NCCSSCCNc4c5c(nc6ccccc46)CCCC5)ccc3n2CCC(C)C)cc1,tensor([5.1700])
CCOc1ccc(Cc2nc3cc(C(=O)N(CC)CC)ccc3n2CCCCCCNc2c3c(nc4ccccc24)CCCC3)cc1,tensor([5.3700])
CC1(NS(=O)(=O)NC2CCCCC2)CCN(c2ncnc3c2nc(-c2ccccc2Cl)n3-c2ccc(Cl)cc2)CC1,tensor([6.1300])
O=C(NCC1CCCC1)NC1CCN(c2ncnc3c2nc(-c2ccccc2Cl)n3-c2ccc(Cl)cc2)CC1,tensor([5.5000])
CCCN(CC(F)(F)F)C(=O)NC1CCN(c2ncnc3c2nc(-c2ccccc2Cl)n3-c2ccc(Cl)cc2)CC1,tensor([5.5500])
CC(C)CN(C)C(=O)NC1CCN(c2ncnc3c2nc(-c2ccccc2Cl)n3-c2ccc(Cl)cc2)CC1,tensor([6.2200])
O=C(NC1CCCCC1)NC1CCN(c2ncnc3c2nc(-c2ccccc2Cl)n3-c2ccc(Cl)cc2)CC1,tensor([5.3400])
O=C(NCc1ccccc1F)NC1CCN(c2ncnc3c2nc(-c2ccccc2Cl)n3-c2ccc(Cl)cc2)CC1,tensor([6.6600])
CC1(NC(=O)NCc2ccccc2F)CCN(c2ncnc3c2nc(-c2ccccc2Cl)n3-c2ccc(Cl)cc2)CC1,tensor([5.9600])
CC1(NC(=O)NC2CCN(c3ncnc4c3nc(-c3ccccc3Cl)n4-c3ccc(Cl)cc3)CC2)CCC(F)(F)CC1,tensor([5.1200])
O=C(NCC1CCCCC1)NC1CCN(c2ncnc3c2nc(-c2ccccc2Cl)n3-c2ccc(Cl)cc2)CC1,tensor([5.1200])
O=C(Nc1ccc(F)cc1)NC1CCN(c2ncnc3c2nc(-c2ccccc2Cl)n3-c2ccc(Cl)cc2)CC1,tensor([5.1900])
COCCN(C)C(=O)NC1CCN(c2ncnc3c2nc(-c2ccccc2Cl)n3-c2ccc(Cl)cc2)CC1,tensor([5.6400])
CCCN(C)C(=O)NC1CCN(c2ncnc3c2nc(-c2ccccc2Cl)n3-c2ccc(Cl)cc2)CC1,tensor([6.2000])
O=C(NC1CCN(c2ncnc3c2nc(-c2ccccc2Cl)n3-c2ccc(Cl)cc2)CC1)N1CCCCC1,tensor([6.4000])
COc1ccc(-c2oc3ccccc3c2C(=O)c2ccc(N(C)Cc3ccc(F)cc3)cc2)cc1,tensor([8.5700])
COc1ccc(-c2oc3ccccc3c2C(=O)c2ccc(NCc3ccccn3)cc2)cc1,tensor([5.8700])
COc1ccc(-c2oc3ccccc3c2C(=O)c2ccc(NCc3ccccc3)cc2)cc1,tensor([6.7700])
COc1ccc(-c2oc3ccccc3c2C(=O)c2ccc(N(Cc3ccccc3)Cc3ccccc3)cc2)cc1,tensor([6.0400])
CCCCCNc1ccc(C(=O)c2c(-c3ccc(OC)cc3)oc3ccccc23)cc1,tensor([7.1600])
COc1ccc(-c2oc3ccccc3c2C(=O)c2ccc(OCCN(C)Cc3ccccc3)cc2)cc1,tensor([6.1600])
COc1ccc(-c2oc3ccccc3c2C(=O)c2ccc(N(Cc3ccc(F)cc3)Cc3ccc(F)cc3)cc2)cc1,tensor([6.3700])
COc1ccc(-c2oc3ccccc3c2C(=O)c2ccc(NCC3CC3)cc2)cc1,tensor([6.9600])
COc1ccc(-c2oc3ccccc3c2C(=O)c2ccc(NCc3ccc(F)cc3)cc2)cc1,tensor([7.7000])
COc1ccc(-c2oc3ccccc3c2C(=O)c2ccc(NCc3ccc(C#N)cc3)cc2)cc1,tensor([7.7000])
COc1ccc(CNc2ccc(C(=O)c3c(-c4ccc(OC)cc4)oc4ccccc34)cc2)cc1,tensor([5.9900])
COc1ccc(-c2oc3ccccc3c2C(=O)c2ccc(NCc3cc(F)cc(F)c3)cc2)cc1,tensor([6.5200])
CCCCCCCNc1ccc(C(=O)c2c(-c3ccc(OC)cc3)oc3ccccc23)cc1,tensor([6.3900])
CCCCCn1c(=NC(=O)c2cccc(C(F)(F)F)c2)sc2ccccc21,tensor([6.3400])
CCCCCn1c(=NC(=O)C23CC4CC(CC(C4)C2)C3)sc2ccccc21,tensor([7.9200])
O=C(NC1CCCc2ccccc21)c1nc2ccccc2s1,tensor([5.9700])
CCCCCn1c(=NC(=O)c2cccc3ccccc23)sc2ccccc21,tensor([8.7000])
COCCn1c(Cc2ccc(Cl)c(Cl)c2)nc2cc(C(F)(F)F)ccc21,tensor([5.])
CCOc1ccc(Cc2nc3cc(C(C)=O)ccc3n2CCN(CC)CC)cc1,tensor([6.0200])
CCN(CC)CCn1c(Cc2ccccc2)nc2cc(C(F)(F)F)ccc21,tensor([5.8000])
CCOc1ccc(Cc2nc3cc(C(F)(F)F)ccc3n2CCN(CC)CC)cc1,tensor([6.3800])
CCN(CC)CCn1c(Cc2ccc(OC)cc2)nc2cc(C(F)(F)F)ccc21,tensor([5.6800])
CCCCn1c(Cc2ccc(Cl)c(Cl)c2)nc2cc(C(F)(F)F)ccc21,tensor([6.4300])
CN(C)CCn1c(Cc2ccc(Cl)c(Cl)c2)nc2cc(C(F)(F)F)ccc21,tensor([6.0100])
O=C(NC1CCN(c2ncnc3c2nc(-c2ccccc2Cl)n3-c2ccc(Cl)cc2)CC1)C1CCSCC1,tensor([5.7200])
CCCCCS(=O)(=O)NC1CCN(c2ncnc3c2nc(-c2ccccc2Cl)n3-c2ccc(Cl)cc2)CC1,tensor([6.2400])
O=C(NC1CCN(c2ncnc3c2nc(-c2ccccc2Cl)n3-c2ccc(Cl)cc2)CC1)OC1CCC1,tensor([5.9800])
O=C(NC1CCN(c2ncnc3c2nc(-c2ccccc2Cl)n3-c2ccc(Cl)cc2)CC1)c1ccc(F)c(F)c1,tensor([5.2300])
Clc1ccc(-n2c(-c3ccccc3Cl)nc3c(N4CCC(c5nc6ccccc6[nH]5)CC4)ncnc32)cc1,tensor([6.0800])
O=S(=O)(NC1CCN(c2ncnc3c2nc(-c2ccccc2Cl)n3-c2ccc(Cl)cc2)CC1)c1ccc(F)cc1,tensor([5.0500])
O=C(NC1CCN(c2ncnc3c2nc(-c2ccccc2Cl)n3-c2ccc(Cl)cc2)CC1)c1ccccc1F,tensor([5.2200])
O=S(=O)(NC1CCN(c2ncnc3c2nc(-c2ccccc2Cl)n3-c2ccc(Cl)cc2)CC1)c1ccccc1F,tensor([5.0700])
O=S(=O)(CCC(F)(F)F)NC1CCN(c2ncnc3c2nc(-c2ccccc2Cl)n3-c2ccc(Cl)cc2)CC1,tensor([6.3800])
CC(C)(C)CC(=O)NC1CCN(c2ncnc3c2nc(-c2ccccc2Cl)n3-c2ccc(Cl)cc2)CC1,tensor([7.8200])
CCCCC(=O)NC1CCN(c2ncnc3c2nc(-c2ccccc2Cl)n3-c2ccc(C(F)(F)F)nc2)CC1,tensor([6.3800])
Clc1ccc(-n2c(-c3ccccc3Cl)nc3c(N4CCC(Nc5ccccn5)CC4)ncnc32)cc1,tensor([5.5100])
O=C(NC1CCN(c2ncnc3c2nc(-c2ccccc2Cl)n3-c2ccc(Cl)cc2)CC1)OCc1ccccc1,tensor([6.1500])
CN(Cc1ccccc1)C1CCN(c2ncnc3c2nc(-c2ccccc2Cl)n3-c2ccc(Cl)cc2)CC1,tensor([5.5700])
CC(C(=O)NC1CCN(c2ncnc3c2nc(-c2ccccc2Cl)n3-c2ccc(Cl)cc2)CC1)c1ccccc1,tensor([6.8200])
O=S(=O)(NC1CCN(c2ncnc3c2nc(-c2ccccc2Cl)n3-c2ccc(OC(F)F)nc2)CC1)c1ccc(F)c(F)c1,tensor([6.0700])
CC(C)(C)OCCC(=O)NC1CCN(c2ncnc3c2nc(-c2ccccc2Cl)n3-c2ccc(Cl)cc2)CC1,tensor([5.3100])
O=C(NC1CCN(c2ncnc3c2nc(-c2ccccc2Cl)n3-c2ccc(C(F)(F)F)nc2)CC1)c1ccccc1,tensor([6.1300])
O=S(=O)(NC1CCN(c2ncnc3c2nc(-c2ccccc2Cl)n3-c2ccc(OC(F)F)nc2)CC1)c1ccccc1F,tensor([6.7200])
O=C(NC1CCN(c2ncnc3c2nc(-c2ccccc2Cl)n3-c2ccc(Cl)cc2)CC1)c1ccc(F)cc1,tensor([5.])
O=S(=O)(NC1CCN(c2ncnc3c2nc(-c2ccccc2Cl)n3-c2ccc(C(F)(F)F)nc2)CC1)c1ccccc1F,tensor([6.4000])
O=S(=O)(NC1CCCCC1)NC1CCN(c2ncnc3c2nc(-c2ccccc2Cl)n3-c2ccc(Cl)cc2)CC1,tensor([6.4800])
C=C1CCC=C(C)CCC2C1CC2(C)C,tensor([6.8200])
C=C(C)C1CCC(C)=CC1c1c(O)cc(CCC)cc1O,tensor([6.2400])
CCCCCc1cc2c(c(O)c1C(=O)O)C1C=C(C)CCC1C(C)(C)O2,tensor([7.2500])
CCCCCc1cc(O)c2c(c1)OC(C)(C)c1ccc(C)cc1-2,tensor([7.8000])
CCCCCc1cc(O)c2c(c1)OC(C)(CCC=C(C)C)C=C2,tensor([6.5900])
CCCCCCC(C)(C)c1cc(O)c2c(c1)OC(C)(C)c1cnn(-c3ccc(Cl)c(Cl)c3)c1-2,tensor([6.5700])
CCCCCCC(C)(C)c1cc(OCCO)c2c(c1)OC(C)(C)c1cn[nH]c1-2,tensor([8.4400])
CCCCCCC(C)(C)c1cc(OCc2ccccc2)c2c(c1)OC(C)(C)c1cnn(-c3ccc(Cl)c(Cl)c3)c1-2,tensor([5.4300])
CCCCCCC(C)(C)c1cc(OCC)c2c(c1)OC(C)(C)c1cnn(-c3ccc(Cl)c(Cl)c3)c1-2,tensor([5.4500])
CCCCCCC(C)(C)c1cc(OCc2ccccc2)c2c(c1)OC(C)(C)c1cnn(CC)c1-2,tensor([6.5300])
CCCCCCC(C)(C)c1cc(O)c2c(c1)OC(C)(C)c1cnn(CCO)c1-2,tensor([6.4400])
CCCCCCC(C)(C)c1cc(OCCCO)c2c(c1)OC(C)(C)c1cn[nH]c1-2,tensor([7.5800])
CCCCCCC(C)(C)c1cc(OCCCBr)c2c(c1)OC(C)(C)c1cn(C)nc1-2,tensor([7.1100])
CCCCCCC(C)(C)c1cc(OCCBr)c2c(c1)OC(C)(C)c1cn(CC)nc1-2,tensor([7.1000])
CCCCCCC(C)(C)c1cc(OC)c2c(c1)OC(C)(C)c1cn[nH]c1-2,tensor([7.0600])
CCCCCCC(C)(C)c1cc(OC)c2c(c1)OC(C)(C)c1cnn(-c3ccc(Cl)c(Cl)c3)c1-2,tensor([5.6500])
CCCCCCC(C)(C)c1cc(O)c2c(c1)OC(C)(C)c1cnoc1-2,tensor([8.2800])
CCCCCCC(C)(C)c1cc(OCCCBr)c2c(c1)OC(C)(C)c1cn(CC)nc1-2,tensor([7.0600])
CCCCCCC(C)(C)c1cc(OCCCO)c2c(c1)OC(C)(C)c1cnn(CC)c1-2,tensor([6.3600])
CCCCCCC(C)(C)c1cc(OCc2ccccc2)c2c(c1)OC(C)(C)c1cn(C)nc1-2,tensor([6.6800])
CCCCCCC(C)(C)c1cc(O)c2c(c1)OC(C)(C)c1cn(CO)nc1-2,tensor([7.2300])
CCCCCCC(C)(C)c1cc(O)c2c(c1)OC(C)(C)c1cnn(C3CCCCC3)c1-2,tensor([7.2700])
CCCCCCC(C)(C)c1cc(OCCCO)c2c(c1)OC(C)(C)c1cn(C)nc1-2,tensor([6.4400])
CCCCCCC(C)(C)c1cc(OCCCO)c2c(c1)OC(C)(C)c1cnoc1-2,tensor([7.1800])
CCCCCCC(C)(C)c1cc(OCc2ccccc2)c2c(c1)OC(C)(C)c1cn[nH]c1-2,tensor([7.0300])
CCCCCCC(C)(C)c1cc(OC)c2c(c1)OC(C)(C)c1cnoc1-2,tensor([7.8900])
CCCCCCC(C)(C)c1cc(OCCCO)c2c(c1)OC(C)(C)c1cn(CC)nc1-2,tensor([7.0100])
CCCCCCC(C)(C)c1cc(OCc2ccccc2)c2c(c1)OC(C)(C)c1cn(CC)nc1-2,tensor([6.6700])
CCCCCCC(C)(C)c1cc(O)c2c(c1)OC(C)(C)c1cnn(-c3cccc(OC)c3)c1-2,tensor([6.2500])
CCCCCCC(C)(C)c1cc2c(c3c1CCCO3)-c1c(cnn1CC)C(C)(C)O2,tensor([6.2500])
CCCCCCC(C)(C)c1cc(OC)c2c(c1)OC(C)(C)c1cnn(CC)c1-2,tensor([6.8000])
CCCCCCC(C)(C)c1cc(OC)c2c(c1)OC(C)(C)c1cnn(-c3ccc(Cl)cc3Cl)c1-2,tensor([5.8300])
CCCCCCC(C)(C)c1cc2c(c3c1CCCO3)-c1nn(CC)cc1C(C)(C)O2,tensor([6.9200])
CCCCCCC(C)(C)c1cc(OCCO)c2c(c1)OC(C)(C)c1cn(C)nc1-2,tensor([7.4000])
CCCCCCC(C)(C)c1cc(O)c2c(c1)OC(C)(C)c1cn(CCO)nc1-2,tensor([7.4000])
CCCCCCC(C)(C)c1cc(OCCO)c2c(c1)OC(C)(C)c1cn(CC)nc1-2,tensor([6.6800])
CCCCCCC(C)(C)c1cc(OC)c2c(c1)OC(C)(C)c1cn(CC)nc1-2,tensor([7.0300])
CCCCOC(=O)C(C)(C)c1cc(O)c2c(c1)OC(C)(C)C1CCC(CO)CC21,tensor([8.5100])
CCCCOC(=O)Cc1cc(O)c2c(c1)OC(C)(C)C1CCC(O)CC21,tensor([6.3700])
CCCCOC(=O)C(C)(C)c1cc(O)c2c(c1)OC(C)(C)C1CC=C(CO)CC21,tensor([9.1000])
CCCCOC(=O)C(C)(C)c1cc(O)c2c(c1)OC(C)(C)C1CCC(O)CC21,tensor([9.7000])
Cc1ccc(-c2cc3ncccc3c3cc(C(=O)NC45CC6CC(CC(C6)C4)C5)nn23)cc1,tensor([7.4800])
Cc1ccc(-c2cc3ncccc3c3cc(C(=O)NCC4CCC5CC4C5(C)C)nn23)cc1,tensor([6.9200])
Cc1ccc(-c2cc3ncccc3c3cc(C(=O)NC4C(C)CC5CC4C5(C)C)nn23)cc1,tensor([6.6200])
Cc1ccc(-c2cc3ncccc3c3cc(C(=O)NC4C5(C)CCC(C5)C4(C)C)nn23)cc1,tensor([6.1000])
Cc1ccc(-c2cc3ncccc3c3cc(C(=O)NC4C5CC6CC(C5)CC4C6)nn23)cc1,tensor([6.8800])
Cc1ccc(-c2cc3ncccc3c3cc(C(=O)NC4CCCCC4)nn23)cc1,tensor([5.6700])
Cc1ccc(-c2cc3ncccc3c3cc(C(=O)NC4CC5CCC4(C)C5(C)C)nn23)cc1,tensor([7.2800])
CC1=C(C(=O)c2cccc3ccccc23)C2C=CC=C3OCC(CN4CCOCC4)N1C32,tensor([8.6000])
Cc1ccc(-c2cc3ncccc3c3cc(C(=O)NC4CC(C)CCC4C(C)C)nn23)cc1,tensor([6.5500])
C(=C1C=C(CCN2CCOCC2)c2ccccc21)c1cccc2ccccc12,tensor([8.2500])
CCCCCn1cc(C(=O)c2cccc3ccccc23)c2cc(F)ccc21,tensor([7.1900])
CCCCCn1cc(C(=O)c2cccc3ccccc23)c2cccc(F)c21,tensor([8.5700])
C(=C1C=C(CCN2CCOCC2)c2ccccc21)c1ccc2c3c(cccc13)CC2,tensor([8.3800])
CCc1ccc(C=C2C=C(CCN3CCOCC3)c3ccccc32)c2ccccc12,tensor([9.1000])
COc1ccc(C=C2C=C(CCN3CCOCC3)c3ccccc32)c2ccccc12,tensor([8.3900])
CCCCCn1cc(C(=O)c2cccc3ccccc23)c2c(F)cccc21,tensor([7.4500])
CCCCCn1cc(C(=O)c2cccc3ccccc23)c2ccc(F)cc21,tensor([7.7900])
CCCCCn1c(=O)sc2cc(C(O)C34CC5CC(CC(C5)C3)C4)ccc21,tensor([6.5700])
CCCCCn1c(=O)sc2cc(C(=NOC)C34CC5CC(CC(C5)C3)C4)ccc21,tensor([6.3600])
CCCCCn1c(=O)sc2cc(C(=O)C34CC5CC(CC(C5)C3)C4)ccc21,tensor([7.8700])
CC(C)n1c(=O)sc2cc(C(=O)C34CC5CC(CC(C5)C3)C4)ccc21,tensor([6.5500])
CCCCCn1c(=O)sc2cc(C(=O)C3CCCC3)ccc21,tensor([6.6800])
CCCCCn1c(=O)sc2cc(C(=NO)C34CC5CC(CC(C5)C3)C4)ccc21,tensor([6.6000])
CCCCn1c(=O)sc2cc(C(=O)C34CC5CC(CC(C5)C3)C4)ccc21,tensor([7.5800])
CCCCCCn1c(=O)sc2cc(C(=O)C34CC5CC(CC(C5)C3)C4)ccc21,tensor([7.4100])
CCCCCn1c(=O)sc2cc(C(OC)C34CC5CC(CC(C5)C3)C4)ccc21,tensor([6.4600])
CC(Cn1c(=O)sc2cc(C(=O)C34CC5CC(CC(C5)C3)C4)ccc21)N(C)C,tensor([6.3000])
CCCCCn1c(=O)sc2cc(C(=O)C3CCCCC3)ccc21,tensor([7.3000])
CCCCCn1c(=O)sc2cc(CC34CC5CC(CC(C5)C3)C4)ccc21,tensor([6.8400])
O=C(NN1CCCCC1)c1cn(-c2ccc(Cl)cc2Cl)c(-c2ccc(C#Cc3ccc(C(F)(F)F)cc3)s2)c1CNS(=O)(=O)N1CCCC1,tensor([7.6800])
Cn1cc2c(n1)c(O)c(C(=O)NC13CC4CC(CC(C4)C1)C3)c(=O)n2CCCCF,tensor([8.6800])
CCCCN1C(=O)C(C(=O)NC23CC4CC(CC(O)(C4)C2)C3)=C(O)C2C1C=NN2C,tensor([7.7100])
CCCCn1c(=O)c(C(=O)NC23CC4CC(CC(C4)C2)C3)c(O)c2nn(CCO)cc21,tensor([7.7400])
CCCCCn1c(=O)c(C(=O)NC23CC4CC(CC(C4)C2)C3)c(O)c2nn(CCO)cc21,tensor([8.3200])
CCCCCn1c(=O)c(C(=O)NC23CC4CC(CC(C4)C2)C3)c(O)c2nn(C)cc21,tensor([9.7400])
CC(=O)OCCCCn1c(=O)c(C(=O)NC23CC4CC(CC(C4)C2)C3)c(O)c2nn(C)cc21,tensor([7.7600])
CCCCN1C(=O)C(C(=O)NC23CC4CC(CC(C4)C2)C3)=C(O)C2C1C=NN2C,tensor([8.7400])
CN1N=CC2C1C(O)=C(C(=O)NC13CC4CC(CC(O)(C4)C1)C3)C(=O)N2CCCCF,tensor([7.7200])
CCCn1c(=O)c(C(=O)NC23CC4CC(CC(C4)C2)C3)c(O)c2nn(CCOC(C)=O)cc21,tensor([6.7300])
CCCCn1c(=O)c(C(=O)NC23CC4CC(CC(O)(C4)C2)C3)c(O)c2nn(C)cc21,tensor([7.9700])
CCCn1c(=O)c(C(=O)NC23CC4CC(CC(C4)C2)C3)c(O)c2nn(CCO)cc21,tensor([6.8000])
CCCCCN1C(=O)C(C(=O)NC23CC4CC(CC(C4)C2)C3)=C(O)C2C1C=NN2C,tensor([9.0500])
CCCCn1c(=O)c(C(=O)NC23CC4CC(CC(C4)C2)C3)c(O)c2c1cnn2CCO,tensor([7.5700])
CCCCn1c(=O)c(C(=O)NC23CC4CC(CC(C4)C2)C3)c(O)c2nn(C)cc21,tensor([8.6000])
CN1N=CC2C1C(O)=C(C(=O)NC13CC4CC(CC(C4)C1)C3)C(=O)N2CCCCF,tensor([8.8500])
Cn1cc2c(n1)c(O)c(C(=O)NC13CC4CC(CC(C4)C1)C3)c(=O)n2CCCCO,tensor([7.8400])
Cn1cc2c(n1)c(O)c(C(=O)NC13CC4CC(CC(O)(C4)C1)C3)c(=O)n2CCCCF,tensor([8.2100])
CCCCCc1cc(OCCCC)cc(OCCCCCCCCCCC(=O)NC2CC2)c1,tensor([7.6700])
CCCCCCC(C)(C)c1cc(OC)cc(OCCCCCCCCCCC(=O)NC2CC2)c1,tensor([7.5800])
CCCCCCc1ccc(OC)cc1OCCCCCCCCCCC(=O)NCC1CC1,tensor([7.2000])
CCCCCc1cc(OC)cc(OCCCCCCCCCCC(=O)NCC(F)(F)F)c1,tensor([7.6400])
CCCCCc1cc(OC)cc(OCCCCCCCCCCC(=O)NC(CO)CO)c1,tensor([6.2200])
CCCCCc1cc(OC)cc(OCCCCCCCCCCC(=O)NC2CC2)c1,tensor([8.9200])
C=CCNC(=O)CCCCCCCOc1cc(OC)cc(C(C)(C)CCCCCC)c1,tensor([7.5100])
CCCCCCc1ccc(OCCCCCCCCCCC(=O)NCC2CC2)cc1OC,tensor([7.3100])
CCCCCCC(C)(C)c1cc(OC)cc(OCCCCCCCC(=O)NCC(F)(F)F)c1,tensor([7.0300])
CCCCCCC(C)(C)c1cc(OC)cc(OCCCCCCCCCCC(=O)NCCO)c1,tensor([6.9800])
CCCCCc1cc(OC)cc(OCCCCCCCCCCC(=O)NCCO)c1,tensor([7.4800])
CCCCCc1cc(OC)cc(OCCCCCCCC(=O)NCCO)c1,tensor([7.3800])
CCCCCc1cc(OC)cc(OCCCCCCCCCCC(=O)Nc2ccccc2)c1,tensor([6.5100])
CCCCCCC(C)(C)c1cc(OC)cc(OCCCCCCCCCCC(=O)NC(CO)CO)c1,tensor([5.8600])
CCCCCCC(C)(C)c1cc(OC)cc(OCCCCCCCCCCC(=O)NCC2CC2)c1,tensor([6.4900])
CCCCCCC(C)(C)c1cc(OC)cc(OCCCCCCCC(=O)NCCO)c1,tensor([6.8900])
CCCCCc1cccc(OCCCCCCCCCCC(=O)NC2CC2)c1,tensor([8.4600])
C=CCNC(=O)CCCCCCCCCCOc1cc(CCCCC)cc(OC)c1,tensor([8.1700])
CCCCCc1cc(OCC)cc(OCCCCCCCCCCC(=O)NC2CC2)c1,tensor([8.1700])
CCCCCc1cc(OC)cc(OCCCCCCCCCCC(=O)NCC2CC2)c1,tensor([7.9900])
C=CCOc1cc(CCCCC)cc(OCCCCCCCCCCC(=O)NC2CC2)c1,tensor([8.3300])
CCCCCc1cc(OCCCCCCCCCCC(=O)NC2CC2)cc(OC(C)C)c1,tensor([8.5700])
CCCCCCC(C)(C)c1cc(OC)cc(OCCCCCCCC(=O)NC2CC2)c1,tensor([8.3800])
CCCc1cc(O)c2c(c1)OC(C)(C)C1CC(O)C(C)=CC21,tensor([6.8900])
CCCc1cc(O)c2c(c1)OC(C)(C)C1CCC(C(=O)O)=CC21,tensor([6.2300])
CCCc1cc(O)c2c(c1)OC(C)(C)C1CCC(C)=CC21,tensor([8.5500])
CCCc1cc(O)c2c(c1)OC(C)(C)C1CCC(CO)=CC21,tensor([8.3300])
O=C1C(=Cc2cn(Cc3ccc(Cl)cc3)c3ncccc23)N2CCC1CC2,tensor([6.9400])
O=C1C(=Cc2cn(Cc3ccccc3)c3ncccc23)N2CCC1CC2,tensor([6.9600])
O=C1C(=Cc2cn(Cc3ccc(Br)cc3)c3ncccc23)N2CCC1CC2,tensor([6.2000])
O=C1C(=Cc2cn(Cc3ccc(F)cc3)c3ncccc23)N2CCC1CC2,tensor([7.6200])
Cc1nc(OCc2ccc(F)cc2)c(C(=O)NC2CCCCCC2)cc1Br,tensor([8.8200])
Cc1c(F)cc(C(=O)NC2CCCCCC2)c(=O)n1Cc1ccc(F)cc1,tensor([8.2400])
Cc1ccc(C(=O)NC2CCCCCC2)c(=O)n1Cc1ccc(F)cc1,tensor([8.3300])
Cc1c(Cl)cc(C(=O)NC2CCCCCC2)c(=O)n1Cc1ccc(F)cc1,tensor([8.3700])
COc1ccc(-c2cc(C(=O)NC3CCCCCC3)c(OCc3ccc(F)cc3)nc2C)cc1,tensor([6.0400])
Cc1ccc(C(=O)NC2CCCCCC2)c(OCc2ccc(F)cc2)n1,tensor([7.4700])
Cc1c(-c2ccc(F)cc2)cc(C(=O)NC2CCCCCC2)c(=O)n1Cc1ccc(F)cc1,tensor([7.5400])
Cc1nc(OCc2ccc(F)cc2)c(C(=O)NC2CCCCCC2)cc1-c1ccc(F)cc1,tensor([6.2800])
COc1ccc(-c2cc(C(=O)NC3CCCCCC3)c(=O)n(Cc3ccc(F)cc3)c2C)cc1,tensor([7.5800])
Cc1c(-c2ccccc2)cc(C(=O)NC2CCCCCC2)c(=O)n1Cc1ccc(F)cc1,tensor([8.2400])
CC1(C)Oc2cc(C34CC5CC(CC(CN=[N+]=[N-])(C5)O3)C4)cc(O)c2C2CC(O)CCC21,tensor([8.5100])
CC1(C)Oc2cc(C34CC5CC(CC(CN=[N+]=[N-])(C5)O3)C4)cc(O)c2C2CC(CO)CCC21,tensor([8.6600])
CC1(C)Oc2cc(C34CC5CC(CC(C#N)(C5)O3)C4)cc(O)c2C2CC(O)CCC21,tensor([7.5000])
CC1(C)Oc2cc(C34CC5CC(CC(CN=C=S)(C5)O3)C4)cc(O)c2C2CC(O)CCC21,tensor([8.4400])
CC1(C)Oc2cc(C34CC5CC(CC(C(N)=O)(C5)O3)C4)cc(O)c2C2CC(O)CCC21,tensor([6.4300])
CC1(C)Oc2cc(C34CC5CC(CC(CN=C=S)(C5)O3)C4)cc(O)c2C2CC(CO)CCC21,tensor([8.3300])
CC1(C)Oc2cc(C34CC5CC(CC(C(N)=O)(C5)O3)C4)cc(O)c2C2CC(CO)CCC21,tensor([7.0400])
O=C(c1cc(O)c(-c2cc(C(F)(F)F)cc(C(F)(F)F)c2)c(O)c1)c1cccs1,tensor([6.7300])
O=C(c1cc(O)c(-c2cc(Cl)ccc2Cl)c(O)c1)c1cccs1,tensor([6.3500])
Cc1cccc(-c2c(O)cc(C(=O)c3cccs3)cc2O)c1,tensor([6.0100])
O=C(c1ccccc1)c1cc(O)c(-c2cccc(C(F)(F)F)c2)c(O)c1,tensor([6.6900])
O=C(c1ccccc1)c1cc(O)c(-c2ccc3c(c2)OCCO3)c(O)c1,tensor([5.3200])
O=C(c1ccccc1)c1cc(O)c(-c2ccoc2)c(O)c1,tensor([5.8800])
N#Cc1cc(-c2c(O)cc(C(=O)c3ccccc3)cc2O)ccc1F,tensor([5.7400])
O=C(c1cc(O)c(-c2cccc(CO)c2)c(O)c1)c1cccs1,tensor([5.0800])
O=C(c1ccccc1)c1cc(O)c(-c2cc(C(F)(F)F)cc(C(F)(F)F)c2)c(O)c1,tensor([6.6700])
O=C(c1ccccc1)c1cc(O)c(-c2cc(Cl)ccc2Cl)c(O)c1,tensor([6.6300])
O=C(c1ccccc1)c1cc(O)c(-c2cccc(CO)c2)c(O)c1,tensor([5.6000])
O=C(c1ccccc1)c1cc(O)c(-c2cc(F)cc(F)c2)c(O)c1,tensor([5.7900])
Cc1cccc(-c2c(O)cc(C(=O)c3ccccc3)cc2O)c1,tensor([6.5000])
Cn1nc(OCc2ccc3ccccc3c2)c2ccccc21,tensor([5.])
Cn1nc(OCc2ccc3ccccc3c2)c2cc([N+](=O)[O-])ccc21,tensor([5.4600])
CCCn1nc(OCc2ccc3ccccc3c2)c2cc(N)ccc21,tensor([5.5400])
O=[N+]([O-])c1ccc2[nH]nc(OCc3cccc4ccccc34)c2c1,tensor([6.0500])
c1ccc2cc(COc3n[nH]c4ccccc34)ccc2c1,tensor([5.1600])
COc1ccc(COc2n[nH]c3ccccc23)cc1,tensor([5.3500])
Cn1nc(OCCc2ccccc2)c2cc([N+](=O)[O-])ccc21,tensor([5.9200])
Cn1nc(OCc2cccc3ccccc23)c2cc([N+](=O)[O-])ccc21,tensor([6.6000])
COc1ccc(COc2n[nH]c3ccc([N+](=O)[O-])cc23)cc1,tensor([5.7500])
O=[N+]([O-])c1ccc2[nH]nc(OCc3ccc4ccccc4c3)c2c1,tensor([5.3000])
CCCn1nc(OCc2ccc3ccccc3c2)c2cc([N+](=O)[O-])ccc21,tensor([6.3300])
CCCCCn1cc(-c2nnc(C34CC5CC(CC(C5)C3)C4)o2)c(=O)c2cc(-c3ccco3)ccc21,tensor([8.1900])
CCCCCn1cc(-c2cn(C34CC5CC(CC(C5)C3)C4)nn2)c(=O)c2cc(-c3ccco3)ccc21,tensor([8.9200])
CCCCCn1cc(-c2nc(C34CC5CC(CC(C5)C3)C4)no2)c(=O)c2cc(-c3ccco3)ccc21,tensor([9.4000])
Cn1c(C(C)(C)C)cc(=NC(=O)c2cc(C(F)(F)F)ccc2OCC(C)(C)O)n1CC1CCCO1,tensor([8.2300])
CC(C)(O)COc1ccc(C(F)(F)F)cc1-c1nnc2c(C(C)(C)C)nn(CC3CCCO3)c2n1,tensor([7.7700])
C#CCCCn1cc(C(=O)c2ccc3c(c2)CC(C)(C)C3)c2ccccc21,tensor([7.6200])
C#CCCCn1c(C)c(C(=O)c2ccc3c(c2)CC(C)(C)C3)c2ccccc21,tensor([7.2000])
CCCn1cc(C(=O)c2ccc3c(c2)CC(C)(C)C3)c2ccccc21,tensor([6.8900])
CCCCCn1cc(C(=O)c2ccc3c(c2)CC(C)(C)C3)c2ccccc21,tensor([8.3100])
CCCCCn1cc(C(=O)c2cccc3c2CC(C)(C)C3)c2ccccc21,tensor([8.8700])
C=CCCCn1cc(C(=O)c2ccc3c(c2)CC(C)(C)C3)c2ccccc21,tensor([7.8100])
CCCCC1(c2cc(O)c3cc(CCC)c(=O)oc3c2)CCCC1,tensor([7.7300])
CCCCC1(c2cc(O)c3cc(CCC)c(=O)oc3c2)CCCCC1,tensor([8.1900])
CCCCCc1cc(OC)c2cc(Cc3cccnc3)c(=O)oc2c1,tensor([7.2500])
CCCCC1(c2cc(O)c3cc(CC)c(=O)oc3c2)CCCC1,tensor([7.2200])
CCCCC1(c2cc(O)c3cc(C)c(=O)oc3c2)CCCC1,tensor([6.])
CCCCCCC(C)(C)c1cc(O)c2cc(Cc3ccccc3C)c(=O)oc2c1,tensor([6.6500])
CCCCC1(c2cc(O)c3cc(Cc4ccccn4)c(=O)oc3c2)CCCCC1,tensor([7.1400])
CCCCc1cc2c(O)cc(C3(CCCC)CCCC3)cc2oc1=O,tensor([7.8600])
CCCCCc1cc(OC)c2cc(Cc3ccccn3)c(=O)oc2c1,tensor([7.0800])
CCCCC1(c2cc(O)c3cc(CC)c(=O)oc3c2)CCCCC1,tensor([7.4100])
CCCCc1cc2c(O)cc(C3(CCCC)CCCCC3)cc2oc1=O,tensor([7.9000])
CCCCC(C)(C)c1cc(OC)c2cc(Cc3ccccc3OC)c(=O)oc2c1,tensor([6.6400])
CCCCC1(c2cc(O)c3cc(C)c(=O)oc3c2)CCCCC1,tensor([6.9800])
CCCCC1(c2cc(O)c3cc(Cc4cccnc4)c(=O)oc3c2)CCCC1,tensor([6.5100])
CCCCCCC(C)(C)c1cc(O)c2c(c1)OC(C)(C)C1CCC(CO)CC21,tensor([8.6800])
CC1(C)Oc2cc(C3(CCCCCCCC#N)CCCC3)cc(O)c2C2CC(CN=[N+]=[N-])CCC21,tensor([9.5200])
CC1(C)Oc2cc(C3(CCCCCCCC#N)CCCC3)cc(O)c2C2CC(CN=C=S)CCC21,tensor([9.2200])
CC1(C)Oc2cc(C3(CCCCCCCC#N)CCCC3)cc(O)c2C2CC(CO)CCC21,tensor([9.4000])
CC(C)(CCCCCCC#N)c1cc(O)c2c(c1)OC(C)(C)C1CCC(CO)CC21,tensor([9.4000])
CC1(C)Oc2cc(C3(CCCCCCCN=C=S)CCCC3)cc(O)c2C2CC(CN=C=S)CCC21,tensor([8.3800])
CC1(C)Oc2cc(C3(CCCCCCCN=[N+]=[N-])CCCC3)cc(O)c2C2CC(CO)CCC21,tensor([8.8200])
CC(C)(CCCCCCN=C=S)c1cc(O)c2c(c1)OC(C)(C)C1CCC(CO)CC21,tensor([8.5000])
CC1(C)Oc2cc(C3(CCCCCCCN=[N+]=[N-])CCCC3)cc(O)c2C2CC(CN=[N+]=[N-])CCC21,tensor([8.8200])
CC(C)(CCCCCCN=[N+]=[N-])c1cc(O)c2c(c1)OC(C)(C)C1CCC(CO)CC21,tensor([8.8500])
CC1(C)Oc2cc(C3(CCCCCCCN=C=S)CCCC3)cc(O)c2C2CC(CO)CCC21,tensor([9.])
CC1(C)Oc2cc(C3(CCCCCCN=[N+]=[N-])CCCC3)cc(O)c2C2CC(CO)CCC21,tensor([9.1000])
CC1(C)Oc2cc(C3(CCCCCCC#N)CCCC3)cc(O)c2C2CC(CO)CCC21,tensor([8.8500])
CC1(C)Oc2cc(C3(CCCCCCN=C=S)CCCC3)cc(O)c2C2CC(CO)CCC21,tensor([8.8900])
CCN(CC)S(=O)(=O)N=C(N=C(N)c1ccc(Cl)cc1)N1CC(c2ccccc2)C(c2ccc(Cl)cc2)=N1,tensor([7.1600])
CCN(CC)S(=O)(=O)N=C(N=C(C)N)N1CC(c2ccccc2)C(c2ccc(Cl)cc2)=N1,tensor([7.1800])
NC(=NC(=NS(=O)(=O)N1CCCCC1)N1CC(c2ccccc2)C(c2ccc(Cl)cc2)=N1)c1ccc(Cl)cc1,tensor([7.7700])
NC(=NC(=NS(=O)(=O)N1CCC(F)(F)CC1)N1CC(c2ccccc2)C(c2ccc(Cl)cc2)=N1)c1ccc(F)cc1,tensor([7.5500])
NC(=NC(=NS(=O)(=O)N1CCC(C(F)(F)F)CC1)N1CC(c2ccccc2)C(c2ccc(Cl)cc2)=N1)c1ccc(Cl)cc1,tensor([7.7000])
NC(=NC(=NS(=O)(=O)N1CCC(C(F)(F)F)CC1)N1CC(c2ccccc2)C(c2ccc(Cl)cc2)=N1)c1ccc(F)cc1,tensor([7.8500])
CCN(CC)S(=O)(=O)N=C(N=C(N)SC)N1CC(c2ccccc2)C(c2ccc(Cl)cc2)=N1,tensor([7.1600])
NC(=NC(=NS(=O)(=O)N1CCCCC1)N1CC(c2ccccc2)C(c2ccc(Cl)cc2)=N1)c1ccc(F)cc1,tensor([7.4400])
CC(N)=NC(=NS(=O)(=O)N1CCCCC1)N1CC(c2ccccc2)C(c2ccc(Cl)cc2)=N1,tensor([7.3700])
CSC(N)=NC(=NS(=O)(=O)N1CCC(C(F)(F)F)CC1)N1CC(c2ccccc2)C(c2ccc(Cl)cc2)=N1,tensor([6.4800])
CCCCCC[Si](C)(C)c1cc(O)c(C2CCCCC2)c(O)c1,tensor([8.0400])
CCCCCC[Si](C)(C)c1cc(O)c(C2C=C(CO)C3CC2C3(C)C)c(O)c1,tensor([7.9400])
CCCC[Si](C)(C)c1cc(O)c(C2CCCC2)c(O)c1,tensor([6.4300])
CCCCCC[Si](C)(C)c1cc(O)c(C2CCCC2)c(OC)c1,tensor([6.7800])
CCCCCC[Si](C)(C)c1cc(O)c(C2CCCCCC2)c(O)c1,tensor([8.1900])
CCCC[Si](C)(C)c1cc(O)c(C2CCCCC2)c(OC)c1,tensor([6.4000])
C=C(C)C1CCC(C)=CC1c1c(O)cc([Si](C)(C)CCCC)cc1O,tensor([8.1400])
CCCC[Si](C)(C)c1cc(O)c2c(c1)OC(C)(C)c1ccc(C)cc1-2,tensor([8.3000])
CCCC[Si](C)(C)c1cc(O)c(C2CCCC2)c(OC)c1,tensor([6.0400])
C=C(C)C1CCC(C)=CC1c1c(O)cc([Si](C)(C)CCCCCC)cc1O,tensor([8.3300])
CCCC[Si](C)(C)c1cc(OC)c(C2C=C(CO)C3CC2C3(C)C)c(OC)c1,tensor([6.6400])
CCCCCC[Si](C)(C)c1cc(O)c2c(c1)OC(C)(C)C1CC=C(CO)CC21,tensor([9.0100])
CCCCCC[Si](C)(C)c1cc(OC)c(C2C=C(CO)C3CC2C3(C)C)c(OC)c1,tensor([5.3100])
CCCCCC[Si](C)(C)c1cc(O)c(C2CCCC2)c(O)c1,tensor([7.3700])
CC[Si](C)(C)c1cc(O)c2c(c1)OC(C)(C)C1CCC(C)=CC21,tensor([5.9700])
CCCC[Si](C)(C)c1cc(O)c2c(c1)OC(C)(C)c1ccc(CO)cc1-2,tensor([8.4600])
CCCC[Si](C)(C)c1cc(O)c2c(c1)OC(C)(C)C1CC=C(CO)CC21,tensor([9.1900])
CCCCCC[Si](C)(C)c1cc(O)c(C2CCCCC2)c(OC)c1,tensor([6.7800])
CCCC[Si](C)(C)c1cc(O)c(C2CCCCCC2)c(O)c1,tensor([7.2000])
CCCC[Si](C)(C)c1cc(O)c2c(c1)OC(C)(C)C1CCC(C)=CC21,tensor([8.8300])
CCCC[Si](C)(C)c1cc(O)c(C2CCCCC2)c(O)c1,tensor([7.5000])
CCCCCC[Si](C)(C)c1cc(O)c2c(c1)OC(C)(C)c1ccc(C)cc1-2,tensor([8.6600])
CCCCCC[Si](C)(C)c1cc(O)c(C2CCCCCC2)c(OC)c1,tensor([7.1700])
CCCCCC[Si](C)(C)c1cc(O)c2c(c1)OC(C)(C)c1ccc(CO)cc1-2,tensor([8.9000])
CCCCn1cc(C(=O)NC(C(N)=O)C(C)(C)C)c2ccccc21,tensor([8.8800])
CCCCn1nc(C(=O)NC(C(N)=O)C(C)C)c2ccccc21,tensor([8.1900])
CCCCCn1cc(C(=O)NC(Cc2ccccc2)C(N)=O)c2cccnc21,tensor([6.1000])
CCCCCn1cc(C(=O)NC(C(N)=O)C(C)(C)C)c2cccnc21,tensor([7.6900])
CCCCn1cc(C(=O)NC(C(N)=O)C(C)C)c2cccnc21,tensor([6.0500])
CCCCn1nc(C(=O)NC(C(N)=O)C(C)(C)C)c2ccccc21,tensor([9.0400])
CCCCn1cc(C(=O)NC(Cc2ccccc2)C(N)=O)c2ccccc21,tensor([6.8300])
CCCCn1nc(C(=O)NC(Cc2ccccc2)C(N)=O)c2ccccc21,tensor([7.4000])
CCCCCn1cc(C(=O)NC(C(N)=O)C(C)C)c2cccnc21,tensor([6.6000])
CCCCn1cc(C(=O)NC(C(N)=O)C(C)(C)C)c2cccnc21,tensor([7.3900])
CCCCn1cc(C(=O)NC(C(N)=O)C(C)C)c2ccccc21,tensor([7.1100])
CN(C)CCn1cc(C(=O)NC23CC4CC(CC(C4)C2)C3)c(=O)c2ccc(F)cc21,tensor([7.2200])
CCCCCn1c(=O)c(C(=O)NC23CC4CC(CC(C4)C2)C3)c(O)c2ccc(F)cc21,tensor([9.1000])
[2H]C([2H])([18F])C([2H])([2H])C([2H])([2H])OC(=O)C(CC)(CC)NC(=O)c1ccc(N2CC(OC)C2)c(OCC2CC2CO)n1,tensor([9.2200])
Cc1c(Br)cn(Cc2ccc(F)cc2)c(=O)c1NC(=O)C1CCCCCC1,tensor([7.7200])
Cc1nc(OCCCCCn2cc(CCCn3cc(Br)c(C)c(NC(=O)C4CCCCCC4)c3=O)nn2)c(C(=O)NC2CCCCCC2)cc1Br,tensor([8.7200])
Cc1c(Br)cn(CCCc2cn(CCCCCn3c(C)c(Br)cc(C(=O)NC4CCCCCC4)c3=O)nn2)c(=O)c1NC(=O)C1CCCCCC1,tensor([8.8500])
CCCCOc1c(OC)ccc2cc(C(=O)NC3CCCCC3)c(=O)[nH]c12,tensor([8.0200])
CCCCCCC(C)(C)c1cc(O)c2c(c1)oc(=O)c1ccc(C)cc12,tensor([8.5100])
CCCCCCC(C)(C)c1cc(O)c2c(c1)oc(=O)c1ccc(OC)cc12,tensor([8.1700])
