smiles,pchembl_value
c1cc(Cc2cnc[nH]2)ccn1,9.07
c1ccc(CCc2c[nH]cn2)nc1,5.93
c1cncc(CCc2c[nH]cn2)c1,6.85
c1nc(CCCC2CCNCC2)c[nH]1,8.35
c1cc(CCc2c[nH]cn2)ccn1,8.16
c1cc(CCCc2c[nH]cn2)ccn1,7.81
CC(=O)c1ccc(OCCCc2c[nH]cn2)cc1,7.06
Ic1ccc(COCCCc2c[nH]cn2)cc1,7.39
CC(=O)c1ccc(SCCc2c[nH]cn2)cc1,8.96
O=C(c1ccc(OCCCc2c[nH]cn2)cc1)C1CC1,7.34
c1ccc(OCCCc2c[nH]cn2)cc1,7.57
CC(=O)c1ccc(SCCCc2c[nH]cn2)cc1,7.75
c1ccc(COCCCc2c[nH]cn2)cc1,8.57
COc1ccc(OCCCc2c[nH]cn2)cc1,7.33
CC(=O)c1ccc(OCCCCc2c[nH]cn2)cc1,7.72
N=C(NCc1ccc(Cl)cc1)SCCCc1c[nH]cn1,8.62
CC(=O)c1ccc(OCCc2c[nH]cn2)cc1,7.38
c1ccc(CCCCc2c[nH]cn2)cc1,8.68
c1ccc2c(Nc3ccc(OCCCN4CCCCC4)cc3)ccnc2c1,10.0
Clc1ccc2c(NCCc3ccc(OCCCN4CCCCC4)cc3)ccnc2c1,9.3
c1ccc2c(NCCCc3ccc(OCCCN4CCCCC4)cc3)c3c(nc2c1)CCCC3,8.9
c1ccc2c(NCCCCc3ccc(OCCCN4CCCCC4)cc3)ccnc2c1,8.8
Clc1ccc2c(Nc3ccc(OCCCN4CCCCC4)cc3)ccnc2c1,10.1
N#Cc1ccc(-c2ccc(OCCCN3CCC(O)C3)cc2)cc1,8.08
N#Cc1ccc(-c2ccc(OCCCN3CCC(N)CC3)cc2)cc1,6.7
N#Cc1ccc(-c2ccc(OCCCN3CCC(N)C3)cc2)cc1,8.21
N#Cc1ccc(-c2ccc(OCCCN3CCCC3)cc2)cc1,8.14
O=C(NCc1ccc(Oc2ccccc2)cc1)N1CCN(C2CCCC2)CC1,7.42
O=C(NCc1ccc(C(F)(F)F)cc1)N1CCCC1CN1CCCC1,6.79
CC(C)N1CCN(C(=O)NC2Cc3ccccc3C2)CC1,7.52
CC(C)N1CCN(C(=O)N2CCC(Cc3ccccc3)CC2)CC1,7.85
O=C(N1CCN(C2CCCC2)CC1)N1Cc2ccccc2C1,7.64
O=C(NC1Cc2ccccc2C1)N1CCCC1CN1CCCC1,7.28
CCN1CCN(C(=O)NC2CC2c2ccccc2)CC1,7.4
CC(C)N1CCN(C(=O)N(C)Cc2ccc(-c3ccccc3)cc2)CC1,7.43
O=C(C=Cc1ccc(Cl)cc1)N1CCCC1CN1CCCC1,7.95
CN(Cc1ccc(-c2ccccc2)cc1)C(=O)N1CCCC1CN1CCCC1,6.55
CC(C)N1CCN(C(=O)N2CCC(c3ccccc3)CC2)CC1,7.07
CC(C)N1CCN(C(=O)NCc2ccc(Cl)c(Cl)c2)CC1,7.7
O=C(C=Cc1ccc(C(F)(F)F)cc1)N1CCCC1CN1CCCC1,8.33
O=C(NCC1CCCCC1)N1CCCC1CN1CCCC1,6.34
O=C(C=Cc1ccc(OC(F)(F)F)cc1)N1CCCC1CN1CCCC1,7.87
CC(C)N1CCN(C(=O)N2CCC(C(=O)OC(C)(C)C)CC2)CC1,7.6
O=C(NCc1ccccc1)N1CCCC1CN1CCCC1,6.71
O=C(NCc1ccc(Cl)cc1)N1CCCC1CN1CCCC1,6.78
O=C(C=Cc1ccc(-c2ccccc2)cc1)N1CCCC1CN1CCCC1,8.43
O=C(N1CCN(C2CC2)CC1)N1Cc2ccccc2C1,7.35
CCN1CCN(C(=O)NC2Cc3ccccc3C2)CC1,7.36
NCc1ccc(CNC(=O)N2CCCC2CN2CCCC2)cc1,6.96
O=C(NC1Cc2ccccc2C1)N1CCN(C2CCCC2)CC1,7.54
O=C(NCc1ccc(-c2ccccc2)cc1)N1CCCC1CN1CCCC1,7.06
O=C(NCc1ccc(OC(F)(F)F)cc1)N1CCCC1CN1CCCC1,6.92
COc1cccc(CNC(=O)N2CCCC2CN2CCCC2)c1,6.73
O=C(NCCc1ccccc1)N1CCCC1CN1CCCC1,6.65
O=C(NCc1ccc(Oc2ccccc2)cc1)N1CCCC1CN1CCCC1,7.47
CC(C)N1CCN(C(=O)N2CCC(C(=O)N3CC4CCC(CC4)C3)CC2)CC1,7.85
NCc1cccc(CNC(=O)N2CCCC2CN2CCCC2)c1,7.11
COc1ccc(CNC(=O)N2CCCC2CN2CCCC2)cc1,6.53
O=C(NCc1ccc(Cl)c(Cl)c1)N1CCN(C2CCCC2)CC1,7.82
CC(C)N1CCN(C(=O)NCc2ccc(Oc3ccccc3)cc2)CC1,7.47
COc1cc2c(cc1OC)CN(C(=O)N1CCN(C(C)C)CC1)CC2,7.8
O=C(NCc1ccc(Cl)c(Cl)c1)N1CCCC1CN1CCCC1,7.33
CC(C)N1CCN(C(=O)N2CC=C(c3ccccc3)CC2)CC1,7.57
CC(C)N1CCN(C(=O)N2CCC(NC(=O)C3CCCC3)CC2)CC1,7.77
S=C(NC1CCCCC1)N1CCC(c2cnc[nH]2)CC1,7.14
CC1CCCN1CCc1cc2cc(C(=O)c3ccccc3)ccc2o1,9.66
Cc1cc(C(=O)c2ccc3oc(CCN4CCCC4C)cc3c2)ccc1Cl,9.46
CC(NC(=O)c1ccco1)C(=O)N1CCN(CCCOc2ccc(C(=O)C3CC3)cc2)CC1,7.03
Cc1cc(C(=O)c2ccc3oc(CCN4CCCC4C)cc3c2)ccc1F,9.68
Cc1ccc(C(=O)c2ccc3oc(CCN4CCCC4C)cc3c2)cc1,9.68
CC1CCCN1CCc1cc2cc(-c3cccc(C(C)(C)O)c3)ccc2o1,9.6
CC(C)(C)CCC#CC1CC1c1c[nH]cn1,8.67
CC1CCCN1CCc1cc2cc(-c3ccc(C(=O)C4CC4)cc3)ccc2o1,9.59
CC1CCCN1CCc1cc2cc(-c3ccc(CO)cc3)ccc2o1,9.06
CC1CCCN1CCc1cc2cc(-c3cccc(C(=O)C4CC4)c3)ccc2o1,9.68
CCC(=O)c1cccc(-c2ccc3oc(CCN4CCCC4C)cc3c2)c1,9.64
CC1CCCN1CCc1cc2cc(-c3cccc(C#N)c3)ccc2o1,9.57
CC(=O)c1cccc(-c2ccc3oc(CCN4CCCC4C)cc3c2)c1,10.1
CC1CCCN1CCc1cc2cc(C(=O)c3ccc(N(C)C)cc3)ccc2o1,9.28
CC1CCCN1CCc1cc2cc(-c3cccc(CO)c3)ccc2o1,9.31
CC(N)C(=O)N1CCN(CCCOc2ccc(C(=O)C3CC3)cc2)CC1,6.12
CC1CCCN1CCc1cc2cc(C(=O)c3cc(F)cc(F)c3)ccc2o1,10.05
CC1CCCN1CCc1cc2cc(C(=O)c3ccc(Cl)cc3)ccc2o1,9.72
CC1CCCN1CCc1cc2cc(C(=O)c3cccc(Cl)c3)ccc2o1,9.72
CC1CCCN1CCc1cc2cc(C(=O)c3ccc(F)cc3)ccc2o1,9.57
CC1CCCN1CCc1cc2cc(C(=O)c3ccccc3F)ccc2o1,9.29
CC1CCCN1CCc1cc2cc(C(=O)c3cccc(F)c3)ccc2o1,10.0
CC(O)c1cccc(-c2ccc3oc(CCN4CCCC4C)cc3c2)c1,9.36
CC1CCC(C)N1CCCOc1ccc(-c2ccc(C(=O)N3CCOCC3)cc2)cc1,9.39
COc1ccc(C(=O)c2ccc3oc(CCN4CCCC4C)cc3c2)cc1,9.28
O=C(c1ccc2nc(N3CCN(C4CC4)CC3)ccc2c1)C1CC1,8.74
CCC(CC)N1CCN(c2ccc3ccccc3n2)CC1,8.54
N#Cc1ccc2nc(N3CCN(C4CC4)CC3)ccc2c1,8.32
c1ccc2nc(N3CCN(C4CC4)CC3)ccc2c1,7.89
COc1ccc2nc(N3CCN(C4CC4)CC3)ccc2c1,8.52
Clc1cc(Cl)c2ccc(N3CCN(C4CC4)CC3)nc2c1,6.52
c1cc2nc(N3CCN(C4CC4)CC3)ccc2cc1C1CCCCC1,7.48
CCN1CCN(c2ccc3ccccc3n2)CC1,8.22
Cc1ccn2cc(-c3ccc(OCCCN4CCCCC4)cc3)nc2c1,8.7
CN1CCN(C2=Nc3cc(Cl)ccc3Nc3ccccc32)CC1,6.2
Clc1ccc2ccc(N3CCN(C4CC4)CC3)nc2c1,6.49
CCC(CC)N1CCN(C(=O)CCC(=O)c2ccc(OC)c(OC)c2)CC1,9.42
c1cnn(-c2ccc3nc(N4CCN(C5CC5)CC4)ccc3c2)c1,8.96
c1ccc2nc(N3CCN4CCCCC4C3)ccc2c1,7.75
FC(F)(F)c1ccc2nc(N3CCN(C4CC4)CC3)ccc2c1,7.28
CC(C)N1CCN(c2ccc3ccccc3n2)CC1,8.17
Clc1ccc2nc(N3CCN(C4CC4)CC3)ccc2c1,7.62
CC(C)N1CCC(Oc2ccc(CN3CCCC3)cc2)CC1,8.71
CC(C)N1CCC(Oc2ccc(CN3CCCCCC3)cc2)CC1,8.77
CCN(CC)Cc1ccc(OC2CCN(C(C)C)CC2)cc1,8.91
CN1CCC(Oc2ccc(C#N)cc2)CC1,5.37
CCCN1CCC(Oc2ccc(C#N)cc2)CC1,6.97
N#Cc1ccc(OCCCCCN2CCCC2)cc1,7.72
CC(C)N1CCC(Oc2ccc(CN3CCCCC3)cc2)CC1,9.2
CCC(C)N1CCC(Oc2ccc(C#N)cc2)CC1,7.82
CC(C)N1CCC(Oc2ccc(CN3CCN(c4ccccc4)CC3)cc2)CC1,8.7
CC(C)N1CCC(Oc2ccc(CNC3CC3)cc2)CC1,8.79
CC(C)N1CCC(Oc2ccc(CN3CCN(C)CC3)cc2)CC1,9.13
N#Cc1ccc(OC2CCN(C3CCCCC3)CC2)cc1,7.49
CC(C)N1CCC(Oc2ccc(CN3CCN(Cc4ccccc4)CC3)cc2)CC1,8.7
CC(C)N1CCC(Oc2ccc(CN3CCOCC3)cc2)CC1,8.67
CC(CO)N1CCC(Oc2ccc(C#N)cc2)CC1,6.12
CC(C)N1CCC(Oc2ccc(CNc3ccccn3)cc2)CC1,8.65
CCN1CCC(Oc2ccc(C#N)cc2)CC1,7.09
CC(C)N1CCC(Oc2ccc(CNc3ccccc3)cc2)CC1,8.26
CC(C)N1CCC(Oc2ccc(CN3CCC(CO)CC3)cc2)CC1,9.0
CC(C)N1CCC(Oc2ccc(CN3CCC(Cc4ccccc4)CC3)cc2)CC1,8.84
CC(C)CN1CCC(Oc2ccc(C#N)cc2)CC1,7.18
CCCCN(C)Cc1ccc(OC2CCN(C(C)C)CC2)cc1,8.83
CCC(CC)N1CCN(C(=O)CCC(=O)c2ccc(Cl)cc2)CC1,9.06
c1cc(CN2CCCCC2)ccc1COc1ccc(CN2CCCCC2)cc1,8.55
CC(C)N1CCC(Oc2ccc(CN(C)C)cc2)CC1,8.52
N#Cc1ccc(OCCCN2CCCCC2)cc1,7.6
CC(C)N1CCC(Oc2ccc(CN(C)CCN(C)C)cc2)CC1,8.94
N#Cc1ccc(OC2CCN(C3CCCC3)CC2)cc1,7.89
CC(C)N1CCC(Oc2ccc(C#N)cc2)CC1,7.55
c1ccc(CCCN2CCC(Cc3c[nH]cn3)CC2)cc1,7.4
CC(C)N1CCC(Cc2c[nH]cn2)CC1,7.2
c1ccc(CN2CCC(CCc3c[nH]cn3)CC2)cc1,7.1
C(=C1CCN(Cc2ccccc2)CC1)c1c[nH]cn1,6.4
CCN1CCC(CCc2c[nH]cn2)CC1,7.2
CCN1CCC(Cc2c[nH]cn2)CC1,7.8
c1ccc(CCN2CCC(Cc3c[nH]cn3)CC2)cc1,8.0
c1nc(CCC2CCNCC2)c[nH]1,7.7
CC(C)N1CCC(=Cc2c[nH]cn2)CC1,7.2
CCN1CCC(=Cc2c[nH]cn2)CC1,7.3
C(=C1CCN(C2CCCCC2)CC1)c1c[nH]cn1,7.5
c1nc(CCC2CCN(C3CCCCC3)CC2)c[nH]1,6.8
CN1CCC(Cc2c[nH]cn2)CC1,9.0
CC(C)N1CCC(CCc2c[nH]cn2)CC1,7.0
c1ccc(CCN2CCC(CCc3c[nH]cn3)CC2)cc1,7.4
CN1CCC(CCc2c[nH]cn2)CC1,7.3
c1nc(CC2CCN(C3CCCCC3)CC2)c[nH]1,7.8
CN(C)CCNC(=O)c1nc2cc(Cl)ccc2[nH]1,4.6
O=C(c1cc2cc(Cl)ccc2[nH]1)N1CCCCC1,5.2
CN1CCN(C(=O)c2cc3cc(I)ccc3[nH]2)CC1,5.6
CN(C)CCNC(=O)c1cc2cc(Cl)ccc2[nH]1,5.3
CN1CCN(C(=O)c2nc3ccc(Cl)cc3[nH]2)CC1,5.4
CN1CCC(C(O)c2cc3cc(Cl)ccc3[nH]2)CC1,5.8
CN1CCN(C(=O)c2cc3cc(Br)ccc3[nH]2)CC1,5.5
CN1CCC(C(=O)c2cc3cc(Cl)ccc3[nH]2)CC1,5.5
CN(C)CCOc1ccc(CCN(C)C)cc1,7.4
CN(C)CCCOc1c(Br)cc(CCN(C)C)cc1Br,7.52
CN(C)CCc1ccc(OCCCN2CCCCC2)cc1,9.3
CN(C)CCCOc1c(Br)cc(CN(C)C)cc1Br,7.44
CN(C)CCc1ccc(OCCN2CCCCC2)cc1,7.85
Brc1cc(CN2CCCCC2)cc(Br)c1OCCCN1CCCCC1,8.1
CCCCN(CCCC)CCCOc1ccc(-c2cn3c(C)cccc3n2)cc1,5.4
CN(C)CCCOc1ccc(CCN(C)C)cc1,8.22
CN(C)CCCOc1ccc(CN(C)C)cc1,7.75
CN(C)CCCOc1ccc(CN2CCCCC2)cc1,8.52
O=C(CCN1CCC(Cc2c[nH]cn2)CC1)Nc1ccc(Cl)cc1,8.77
O=C(CCN1CCC(Cc2c[nH]cn2)CC1)Nc1cccc(F)c1,8.72
O=C(CCN1CCC(Cc2c[nH]cn2)CC1)Nc1cccc(Cl)c1,9.4
c1nc(CCCCCN2CCCC2)c[nH]1,7.5
c1nc(CCCCNC2CCCCC2)c[nH]1,7.5
CCCCNCCCCCc1c[nH]cn1,8.4
NCCCCCc1c[nH]cn1,8.3
c1nc(CCCCN2CCCCCC2)c[nH]1,7.4
c1nc(CCCCN2CCCC2)c[nH]1,7.4
c1nc(CCCCCNC2CCCC2)c[nH]1,8.4
CC(C)(C)NCCCCc1c[nH]cn1,6.2
CCCNCCCCc1c[nH]cn1,8.1
CC(C)CNCCCCc1c[nH]cn1,8.5
Clc1ccc(CNCCCCc2c[nH]cn2)cc1,7.8
Clc1ccc(CNCCCCCc2c[nH]cn2)cc1,8.6
CCCCNCCCCc1c[nH]cn1,8.2
c1nc(CCCCCN2CCCCCC2)c[nH]1,7.8
CCNCCCCCc1c[nH]cn1,8.1
c1nc(CCCCCN2CCCCC2)c[nH]1,8.1
c1nc(CCCCNC2CCCCCC2)c[nH]1,7.4
CCN(CC)CCCCCc1c[nH]cn1,7.2
c1nc(CCCCNC2CCCC2)c[nH]1,7.4
c1nc(CCCCN2CCCCC2)c[nH]1,7.7
CC(C)NCCCCc1c[nH]cn1,7.1
CC(C)CNCCCCCc1c[nH]cn1,8.8
CCNCCCCc1c[nH]cn1,7.6
CCCNCCCCCc1c[nH]cn1,8.3
CN(C)CCCCCc1c[nH]cn1,7.8
CCN(CC)CCCCc1c[nH]cn1,7.0
c1nc(CCCCCNC2CCCCCC2)c[nH]1,8.5
CC(C)NCCCCCc1c[nH]cn1,7.9
c1nc(CCCCCNC2CCCCC2)c[nH]1,8.0
CN(C)CCCCc1c[nH]cn1,8.5
CC(C)(C)NCCCCCc1c[nH]cn1,7.4
N#Cc1c2ccccc2cn1CCCN1CCCCC1,6.46
O=[N+]([O-])c1ccc(NCCCCCN2CCCCC2)c2nonc12,7.96
N#Cc1c2ccccc2cn1CCCCCN1CCCCC1,7.51
O=[N+]([O-])c1ccc(NCCCCN2CCCCC2)c2nonc12,6.77
N#Cc1c2ccccc2cn1CCCCCCN1CCCCC1,7.51
O=S(=O)(c1ccccc1)N1CCCc2cc(OCCCN3CCCCC3)ccc21,7.75
c1cc2c(cc1OCCCN1CCCCC1)N(CC1CCCCC1)CCC2,6.73
O=C(c1cccs1)N1CCc2ccc(OCCCN3CCCCC3)cc2C1,8.09
CCN1CCc2cc(OCCCN3CCCCC3)ccc2C1,9.27
c1cc2c(cc1OCCCN1CCCCC1)CCCN2CC1CCCCC1,7.51
CC(C)NC(=O)N1CCCc2cc(OCCCN3CCCCC3)ccc2C1,7.77
c1cc2c(cc1OCCCN1CCCCC1)CNCC2,9.22
CC(C)N1CCc2ccc(OCCCN3CCCCC3)cc2C1,9.77
CC(C)NC(=O)N1CCc2ccc(OCCCN3CCCCC3)cc2C1,8.31
c1cc2c(cc1OCCCN1CCCCC1)CCN(CC1CCCCC1)CC2,9.28
c1cc2c(cc1OCCCN1CCCCC1)NCCC2,6.89
O=C(c1cccs1)N1CCCc2ccc(OCCCN3CCCCC3)cc21,7.65
CCN1CCc2cccc(OCCCN3CCCCC3)c2C1,7.02
c1cc2c(cc1OCCCN1CCCCC1)CCCN2,7.27
CCN1CCc2c(cccc2OCCCN2CCCCC2)C1,7.08
c1cc2c(cc1OCCCN1CCCCC1)CCN(CC1CCCCC1)C2,9.0
CS(=O)(=O)N1CCCc2cc(OCCCN3CCCCC3)ccc2C1,8.54
O=S(=O)(c1ccccc1)N1CCc2ccc(OCCCN3CCCCC3)cc2C1,9.28
CC(C)N1CCc2ccc(OCCCN3CCCCC3)cc2CC1,9.14
CCN1CCCc2ccc(OCCCN3CCCCC3)cc21,6.81
CC(=O)N1CCc2ccc(OCCCN3CCCCC3)cc2CC1,7.94
CCN1CCCc2cc(OCCCN3CCCCC3)ccc2C1,9.47
CCN1CCc2ccc(OCCCN3CCCCC3)cc2C1,9.47
c1cc2c(c(OCCCN3CCCCC3)c1)CCN(CC1CCCCC1)C2,7.81
CS(=O)(=O)N1CCc2ccc(OCCCN3CCCCC3)cc2C1,7.62
O=C(c1cccs1)N1CCc2cc(OCCCN3CCCCC3)ccc2C1,8.68
CC(=O)N1CCc2ccc(OCCCN3CCCCC3)cc2C1,7.71
CC(C)N1CCCc2cc(OCCCN3CCCCC3)ccc2C1,9.7
c1cc(OCCCN2CCCCC2)c2c(c1)N(CC1CCCCC1)CCC2,6.85
O=S(=O)(c1ccccc1)N1CCCc2ccc(OCCCN3CCCCC3)cc21,8.14
CCN1CCCc2cc(OCCCN3CCCCC3)ccc21,7.39
O=S(=O)(c1ccccc1)N1CCc2cc(OCCCN3CCCCC3)ccc2C1,8.13
CS(=O)(=O)N1CCc2ccc(OCCCN3CCCCC3)cc2CC1,7.92
c1cc2c(cc1OCCCN1CCCCC1)CN(CC1CCCCC1)CC2,9.46
CCN1CCc2ccc(OCCCN3CCCCC3)cc2CC1,9.59
CC(C)NC(=O)N1CCc2ccc(OCCCN3CCCCC3)cc2CC1,7.37
c1ccc(CN2CCCc3cc(OCCCN4CCCCC4)ccc3C2)cc1,9.7
c1cc2c(c(OCCCN3CCCCC3)c1)CNCC2,6.81
CC(=O)N1CCN(Cc2ccc(-c3ccc(CN4CCCCC4)cc3)cc2)CC1,8.2
c1cc(CN2CCCCC2)ccc1CN1CCCCC1,5.91
c1cc(-c2ccc(CN3CCOCC3)cc2)ccc1CN1CCOCC1,7.91
CC1CCN(Cc2ccc(-c3ccc(CN4CCC(C)CC4)cc3)cc2)CC1,8.21
c1cc(-c2ccc(CN3CCCCC3)cc2)ccc1CN1CCCCC1,9.47
c1cc(-c2ccc(CNC3CCCCC3)cc2)ccc1CNC1CCCCC1,6.25
c1cc(-c2ccc(CCN3CCCCC3)cc2)ccc1CCN1CCCCC1,8.93
O=C1CCCCN1Cc1ccc(-c2ccc(CN3CCCCC3)cc2)cc1,7.33
c1cc(-c2ccc(CN3CCCCC3)cc2)ccc1CNC1CCCCC1,8.77
CCCCCNCc1ccc(-c2ccc(CNCCCCC)cc2)cc1,6.12
CC(=O)N1CCN(Cc2ccc(-c3ccc(CN4CCN(C(C)=O)CC4)cc3)cc2)CC1,5.85
CN(Cc1ccc(-c2ccc(CN(C)C3CCCCC3)cc2)cc1)C1CCCCC1,7.43
CC1CC(C)CN(Cc2ccc(-c3ccc(CN4CC(C)CC(C)C4)cc3)cc2)C1,6.4
O=C(c1cc2cc(C(F)(F)F)ccc2o1)N1CCCC1CN1CCCC1,8.4
CCN(CC)CC1CCCN1C(=O)c1cc2ccc(C(F)(F)F)cc2o1,7.34
CCOc1cccc2cc(C(=O)N3CCCC3CN3CCCC3)oc12,8.15
N#Cc1ccc2oc(C(=O)N3CCCC3CN3CCCC3)cc2c1,8.3
O=C(c1cc2cc(OC(F)(F)F)ccc2o1)N1CCCC1CN1CCCC1,7.96
O=C(c1sc2ccccc2c1Cl)N1CCCC1CN1CCCC1,7.92
O=C(c1cc2cc(C(F)(F)F)ccc2o1)N1CCCC1CN1CCCCC1,8.15
O=C(c1cc2ccccc2s1)N1CCCC1CN1CCCC1,8.4
O=C(c1cc2cc(Cl)ccc2o1)N1CCCC1CN1CCCC1,8.3
O=C(c1cc2ccc(C(F)(F)F)cc2o1)N1CCCC1CN1CCCCC1,7.66
O=C(c1cc2ccc(C(F)(F)F)cc2o1)N1CCCC1CN1CCCC1,7.82
CCN(CC)CC1CCCN1C(=O)c1cc2cc(C(F)(F)F)ccc2o1,7.85
CN1CCN(C2=Nc3ccc(Cl)cc3Oc3ccccc32)CC1,5.04
CN(CCCCc1c[nH]cn1)CCC(c1ccc(Cl)cc1)c1ccccn1,7.82
CC1CCCN1CCc1cc2cc(CNc3ncccc3[N+](=O)[O-])ccc2o1,9.37
CCc1cnc(Nc2ccc3oc(CCN4CCCC4C)cc3c2)nc1,9.21
CC1CCCN1CCc1cc2cc(CNc3ncccn3)ccc2o1,9.08
CC1CCCN1CCc1cc2cc(CNc3ncccc3C#N)ccc2o1,9.13
CC1CCCN1CCc1cc2cc(Nc3cncnc3)ccc2o1,10.1
CC1CCCN1CCc1cc2cc(CNc3nccnc3C#N)ccc2o1,8.98
CC1CCCN1CCc1cc2cc(CNc3ccc([N+](=O)[O-])cc3)ccc2o1,9.13
CC1CCCN1CCc1cc2cc(CNc3cccc(C#N)c3)ccc2o1,9.4
CC1CCCN1CCc1cc2cc(CNc3ncc([N+](=O)[O-])cc3[N+](=O)[O-])ccc2o1,9.15
CC1CCCN1CCc1cc2cc(CNc3ccc([N+](=O)[O-])cn3)ccc2o1,9.52
CC1CCCN1CCc1cc2cc(CNc3ccccc3[N+](=O)[O-])ccc2o1,9.51
CCc1cnc(NCc2ccc3oc(CCN4CCCC4C)cc3c2)nc1,9.48
CC1CCCN1CCc1cc2cc(Nc3cnccn3)ccc2o1,9.96
CC1CCCN1CCc1cc2cc(CNc3ccc(C#N)cn3)ccc2o1,9.47
CC1CCCN1CCc1cc2cc(CNc3ncc(Br)cn3)ccc2o1,8.91
CC1CCCN1CCc1cc2cc(CNc3ccc(Cl)nn3)ccc2o1,9.51
CC1CCCN1CCc1cc2cc(Nc3ccccc3[N+](=O)[O-])ccc2o1,9.66
CC1CCCN1CCc1cc2cc(Nc3ncccc3[N+](=O)[O-])ccc2o1,9.85
CC1CCCN1CCc1cc2cc(CNc3cc(C#N)nc(C#N)c3)ccc2o1,9.89
CC1CCCN1CCc1cc2cc(Nc3ccc([N+](=O)[O-])cn3)ccc2o1,10.3
CC1CCCN1CCc1cc2cc(Nc3ncccn3)ccc2o1,9.51
CC1CCCN1CCc1cc2cc(CNc3ccc(C(=O)C(F)(F)F)cc3)ccc2o1,9.13
CC1CCCN1CCc1cc2cc(Nc3ccc(C#N)cc3)ccc2o1,9.57
Cc1ccc(C#N)c(Nc2ccc3oc(CCN4CCCC4C)cc3c2)n1,8.53
CC1CCCN1CCc1cc2cc(CNc3ncc([N+](=O)[O-])s3)ccc2o1,9.72
CC1CCCN1CCc1cc2cc(Nc3ccc(C(F)(F)F)cn3)ccc2o1,9.27
CC1CCCN1CCc1cc2cc(CNc3cncnc3)ccc2o1,9.16
CC1CCCN1CCc1cc2cc(CNc3cnccn3)ccc2o1,9.54
CC1CCCN1CCc1cc2cc(Nc3cccc(C#N)c3)ccc2o1,9.54
Cc1ccc(C2CN(C)Cc3cc(OCCCN4CCC(F)CC4)ccc32)cc1,8.08
CN1Cc2cc(OCCCN3CCC(F)CC3)ccc2C(c2ccc(S(C)(=O)=O)cc2)C1,8.7
CN1Cc2cc(OCCCN3CCC(F)CC3)ccc2C(c2ccc(Cl)c(Cl)c2)C1,7.51
COc1ccc(C2CN(C)Cc3cc(OCCCN4CCCCC4)ccc32)cc1,8.7
CNCCC(Oc1ccc(C(F)(F)F)cc1)c1ccccc1,5.14
CN1Cc2cc(OCCCN3CCC(F)CC3)ccc2C(c2ccc(SC(F)(F)F)cc2)C1,7.34
CN1Cc2cc(OCCCN3CCC(F)CC3)ccc2C(c2ccc(C(F)(F)F)cc2)C1,7.75
COc1ccc(C2CN(C)Cc3cc(OCCCN4CCOCC4)ccc32)cc1,8.42
CN1Cc2cc(OCCCN3CCC(F)CC3)ccc2C(c2ccc(OC(F)F)cc2)C1,8.0
COc1ccc(C2CN(C)Cc3cc(OCCCN4CCOCC4C)ccc32)cc1,8.25
CN1Cc2cc(OCCCN3CCC(F)CC3)ccc2C(c2ccccc2Cl)C1,8.25
CSc1ccc(C2CN(C)Cc3cc(OCCCN4CCOCC4)ccc32)cc1,8.0
CN1Cc2cc(OCCCN3CCC(F)CC3)ccc2C(c2ccc(Cl)cc2)C1,8.08
CSc1ccc(C2CN(C)Cc3cc(OCCCN4CCC(F)CC4)ccc32)cc1,8.19
COc1cccc(C2CN(C)Cc3cc(OCCCN4CCC(F)CC4)ccc32)c1,8.7
CN1Cc2cc(OCCCN3CCC(F)CC3)ccc2C(c2cc(Cl)ccc2Cl)C1,8.03
CN1Cc2cc(OCCCN3CCC(F)CC3)ccc2C(c2ccccc2)C1,8.48
COc1ccc(C2CN(C)Cc3cc(OCCCN4CCC(F)CC4)ccc32)cc1,8.7
CN1Cc2cc(OCCCN3CCC(F)CC3)ccc2C(c2cccc(C(F)(F)F)c2)C1,7.96
CCOc1ccc(C2CN(C)Cc3cc(OCCCN4CCC(F)CC4)ccc32)cc1,8.14
COc1ccc(C2CN(C)Cc3cc(OCCCN4CCC(F)CC4)ccc32)cc1Cl,8.01
CN1Cc2cc(OCCCN3CCC(F)CC3)ccc2C(c2ccc(C#N)cc2)C1,8.46
CC(C)CC1CCCN1CCc1ccc2cc(-c3ccc(C#N)cc3)ccc2c1,6.56
CN(C)CCc1ccc2cc(-c3ccc(C#N)cc3)ccc2c1,8.58
C(#Cc1ccc(CN2CCCCC2)cc1)CCN1CCCCC1,8.8
CC1CCCN1CCCOc1ccc(-c2ccc(C#N)cc2)cc1,9.66
CCC1CCCN1CCc1ccc2cc(-c3ccc(C#N)cc3)ccc2c1,8.06
N#Cc1ccc(-c2ccc3cc(CCN4CCCC4CO)ccc3c2)cc1,9.36
CC1CCCN1CCc1ccc2cc(-c3ccc(C#N)cc3)ccc2c1,9.92
CNC(O)Cc1ccc2cc(-c3ccc(C#N)cc3)ccc2c1,7.98
CN(CCc1ccc2cc(-c3ccc(C#N)cc3)ccc2c1)C(C)(C)C,8.96
N#Cc1ccc(-c2ccc3cc(CCN4CCC(O)C4)ccc3c2)cc1,8.81
CC1CCCCN1CCc1ccc2cc(-c3ccc(C#N)cc3)ccc2c1,8.06
N#Cc1ccc(-c2ccc3cc(CCN4CCCC4)ccc3c2)cc1,9.31
CN(C)C1CCN(CCc2ccc3cc(-c4ccc(C#N)cc4)ccc3c2)C1,7.7
N#Cc1ccc(-c2ccc3cc(CCC4CCNC4)ccc3c2)cc1,8.48
N#Cc1ccc(-c2ccc3cc(CCN4CCCC4CF)ccc3c2)cc1,9.09
CC(C)C1CCCN1CCc1ccc2cc(-c3ccc(C#N)cc3)ccc2c1,7.56
CN(C)CCC(Oc1ccc(Cl)cc1)c1ccc(OCCCN2CCCCC2)cc1,8.77
CN(C)CCC(Oc1ccc(Cl)c(Cl)c1)c1ccc(OCCCN2CCCCC2)cc1,9.05
CC(C)N1CCN(C(=O)c2ccc(C(CCN(C)C)Oc3ccccc3)cc2)CC1,9.1
COc1cccc(OC(CCN(C)C)c2ccc(OCCCN3CCCCC3)cc2)c1,9.15
Cc1ccc(OC(CCN(C)C)c2ccc(OCCCN3CCCCC3)cc2)cc1,9.15
CN(C)CCC(Oc1cccc(Cl)c1)c1ccc(OCCCN2CCCCC2)cc1,9.05
CN(C)CCC(Oc1ccc([N+](=O)[O-])cc1)c1ccc(OCCCN2CCCCC2)cc1,9.05
CN(C)CCC(Oc1cccc(OCCCN2CCCCC2)c1)c1ccccc1,9.15
CSc1ccc(OC(CCN(C)C)c2ccc(OCCCN3CCCCC3)cc2)cc1,9.05
CN(C)CCC(Oc1cccc(Br)c1)c1ccc(OCCCN2CCCCC2)cc1,9.0
COc1ccc(OC(CCN(C)C)c2ccc(OCCCN3CCCCC3)cc2)cc1,9.0
CN(C)CCC(Oc1ccc(OCCCN2CCCCC2)cc1)c1ccccc1,9.0
CN(C)CCC(Oc1ccc(C#N)cc1)c1ccc(OCCCN2CCCCC2)cc1,9.7
CN(C)CCC(Oc1ccc(C(F)(F)F)cc1)c1ccc(OCCCN2CCCCC2)cc1,8.57
CN(C)CCC(Oc1ccccc1)c1ccc(OCCCN2CCCCC2)cc1,9.22
CN(C)CCC(Oc1ccc(C(F)(F)F)cc1)c1ccccc1,5.18
CN(C)CCC(Oc1ccccc1)c1cccc(OCCCN2CCCCC2)c1,8.48
CN(C)CCC(Oc1ccc(Br)cc1)c1ccc(OCCCN2CCCCC2)cc1,8.77
CN(C)CCC(Oc1ccc(F)cc1)c1ccc(OCCCN2CCCCC2)cc1,9.0
COc1ccc(C2CNCc3cc(OCCCN4CCCCC4)ncc32)cc1,8.4
COc1cccc(C2CN(C)Cc3cc(OCCCN4CCCCC4)ncc32)c1,8.1
CN1Cc2cc(OCCCN3CCCCC3)ncc2C(c2ccc(Cl)cc2)C1,7.82
Clc1ccccc1C1CNCc2cc(OCCCN3CCCCC3)ncc21,9.0
COc1ccc(C2CN(C)Cc3cc(OCCCN4CCOCC4)ncc32)cc1,7.05
CCN(CC)CCCOc1cc2c(cn1)C(c1ccc(OC)cc1)CNC2,7.64
CN1Cc2cc(OCCCN3CCCCC3)ncc2C(c2ccccc2)C1,8.3
Clc1ccc(C2CNCc3cc(OCCCN4CCCCC4)ncc32)cc1,8.7
Clc1ccc(C2CNCc3cc(OCCCN4CCCCC4)ncc32)cc1Cl,8.3
COc1ccc(C2CN(C)Cc3cc(OCCCN4CCCCC4)ncc32)cc1,7.92
CCN(CC)CCCOc1cc2c(cn1)C(c1ccccc1)CN(C)C2,8.4
CCN(CC)CCCOc1cc2c(cn1)C(c1ccc(Cl)c(Cl)c1)CN(C)C2,7.8
CCN(CC)CCCOc1cc2c(cn1)C(c1ccc(OC)cc1)CN(C)C2,7.89
CC(C)N1CCC(COc2cc3c(cn2)C(c2ccc(Cl)c(Cl)c2)CN(C)C3)CC1,7.89
c1ccc(C2CNCc3cc(OCCCN4CCCCC4)ncc32)cc1,9.0
CN1Cc2cc(OCCCN3CCCCC3)ncc2C(c2ccc(Cl)c(F)c2)C1,8.15
CN1Cc2cc(OCCCN3CCCCC3)ncc2C(c2ccccc2F)C1,8.7
COc1ccc(C2CNCc3cc(OCC4CCN(C(C)C)CC4)ncc32)cc1,8.4
CC(C)N1CCC(COc2cc3c(cn2)C(c2ccc(Cl)c(Cl)c2)CNC3)CC1,7.89
c1ccc(C2CNCc3cc(OCCCN4CCOCC4)ncc32)cc1,7.89
CN1Cc2cc(OCCCN3CCCCC3)ncc2C(c2ccc(Cl)c(Cl)c2)C1,7.75
COc1ccc(C2CN(C)Cc3cc(OCC4CCN(C(C)C)CC4)ncc32)cc1,7.89
CN1Cc2cc(OCCCN3CCCCC3)ncc2C(c2ccc(F)cc2)C1,8.05
CCN(CC)CCCOc1cc2c(cn1)C(c1ccc(Cl)c(Cl)c1)CNC2,8.15
Clc1ccc(C2CN3CCCC3c3cc(OCCCN4CCCCC4)ccc32)cc1,8.66
FC(F)(F)Oc1ccc(C2CN3CCCC3c3cc(OCCCN4CCCCC4)ccc32)cc1,8.4
Clc1ccccc1C1CN2CCCC2c2cc(OCCCN3CCCCC3)ccc21,8.64
c1ccc(C2CN3CCCC3c3cc(OCCCN4CCCCC4)ccc32)cc1,9.05
Clc1cccc(C2CN3CCCC3c3cc(OCCCN4CCCCC4)ccc32)c1,8.92
N#Cc1ccc(C2CN3CCCC3c3cc(OCCCN4CCCCC4)ccc32)cc1,8.92
CSc1ccc(C2CN3CCCC3c3cc(OCCCN4CCCCC4)ccc32)cc1,8.6
COc1ccccc1C1CN2CCCC2c2cc(OCCCN3CCCCC3)ccc21,8.89
C#Cc1ccc(C2CN3CCCC3c3cc(OCCCN4CCCCC4)ccc32)cc1,8.4
CN(C)c1ccc(C2CN3CCCC3c3cc(OCCCN4CCCCC4)ccc32)cc1,8.8
O=[N+]([O-])c1ccc(C2CN3CCCC3c3cc(OCCCN4CCCCC4)ccc32)cc1,8.89
Oc1ccccc1C1CN2CCCC2c2cc(OCCCN3CCCCC3)ccc21,8.43
FC(F)(F)c1cccc(C2CN3CCCC3c3cc(OCCCN4CCCCC4)ccc32)c1,8.7
Fc1ccc(C2CN3CCCC3c3cc(OCCCN4CCCCC4)ccc32)cc1,8.77
C#Cc1cccc(C2CN3CCCC3c3cc(OCCCN4CCCCC4)ccc32)c1,8.7
Oc1cccc(C2CN3CCCC3c3cc(OCCCN4CCCCC4)ccc32)c1,9.15
COc1cccc(C2CN3CCCC3c3cc(OCCCN4CCCCC4)ccc32)c1,8.77
FC(F)(F)c1ccc(C2CN3CCCC3c3cc(OCCCN4CCCCC4)ccc32)cc1,8.33
Cc1ccc(C2CN3CCCC3c3cc(OCCCN4CCCCC4)ccc32)cc1,8.7
Oc1ccc(C2CN3CCCC3c3cc(OCCCN4CCCCC4)ccc32)cc1,8.77
CN(C)CCCOc1ccc(Oc2ncnc3ccccc23)c(C(=O)N(C)C)c1,5.99
CN(C)Cc1cc(OCCCN2CCCCC2)ccc1OCc1ccccc1Cl,8.62
COc1ccccc1COc1ccc(OCCCN2CCOCC2)cc1C(=O)N(C)C,5.86
CN(C)C(=O)c1cc(OCCC2CCCN2C)ccc1OCc1ccccc1Cl,5.74
CN(C)CCCOc1ccc(Nc2ncnc3ccccc23)c(CN(C)C)c1,7.75
CN(C)Cc1cc(OCCCN2CCCCC2)ccc1Nc1ncnc2ccccc12,9.52
CN(C)Cc1cc(OCC2CCCN(C)C2)ccc1OCc1ccccc1Cl,6.82
COc1ccc(C2CN(C)Cc3cc(OCCCN4CCN(C(C)C)CC4)ccc32)cc1,8.01
COc1ccc(C2CN(C)Cc3cc(OCCCN4CCCC(F)(F)C4)ccc32)cc1,7.85
COc1ccc(C2CN(C)Cc3cc(OCCCN4CCC(F)(F)CC4)ccc32)cc1,8.06
COc1ccc(C2CN(C)Cc3cc(OCCCN4CCC(O)CC4)ccc32)cc1,7.96
COc1ccc(C2CN(C)Cc3cc(OCCCN4CCN(C(C)=O)CC4)ccc32)cc1,6.57
COc1ccc(C2CN(C)Cc3cc(OCCCN4CCC4)ccc32)cc1,8.4
CCN(CC)CCCOc1ccc2c(c1)CN(C)CC2c1ccc(OC)cc1,8.77
COc1ccc(C2CN(C)Cc3cc(OCCCN4CCN(C(=O)c5cccn5C)CC4)ccc32)cc1,5.58
COc1ccc(C2CN(C)Cc3cc(OCCCN4CCS(=O)(=O)CC4)ccc32)cc1,6.97
COc1ccc(C2CN(C)Cc3cc(OCCCN4CCN(c5ccc(C#N)cc5)CC4)ccc32)cc1,6.84
COc1ccc(C2CN(C)Cc3cc(OCCCN4CCN(c5ccncc5)CC4)ccc32)cc1,8.48
CCN1CCN(CCCOc2ccc3c(c2)CN(C)CC3c2ccc(OC)cc2)CC1,7.92
COc1ccc(C2CN(C)Cc3cc(OCCCN4CCN(C5CC5)CC4)ccc32)cc1,7.52
COc1ccc(C2CN(C)Cc3cc(OCCCN4CCC(F)(F)C4)ccc32)cc1,8.02
COc1ccc(C2CN(C)Cc3cc(OCCCN4CCC(CO)CC4)ccc32)cc1,8.02
COc1ccc(C2CN(C)Cc3cc(OCCCN4CCN(c5ccc(C(F)(F)F)cc5)CC4)ccc32)cc1,5.84
COc1ccc(C2CN(C)Cc3cc(OCCCN4CCN(c5ccccc5O)CC4)ccc32)cc1,5.96
COc1ccc(C2CN(C)Cc3cc(OCCCNC4CC4)ccc32)cc1,7.42
COc1ccc(C2CN(C)Cc3cc(OCCCN4CCC(C#N)CC4)ccc32)cc1,8.13
COc1ccc(C2CN(C)Cc3cc(OCCCN4CCN(C(=O)C(C)C)CC4)ccc32)cc1,6.29
CCNCCCOc1ccc2c(c1)CN(C)CC2c1ccc(OC)cc1,7.33
COc1ccc(C2CN(C)Cc3cc(OCCCN4CCN(c5nccs5)CC4)ccc32)cc1,6.57
COc1ccc(C2CN(C)Cc3cc(OCCCN(C4CC4)C4CC4)ccc32)cc1,8.13
COc1ccc(C2CN(C)Cc3cc(OCCCN4CCC(C(F)(F)F)CC4)ccc32)cc1,7.4
COc1ccc(C2CN(C)Cc3cc(OCCCN4CCN(C(=O)c5ccncc5)CC4)ccc32)cc1,5.55
COc1ccc(C2CN(C)Cc3cc(OCCCN4CC(F)(F)C4)ccc32)cc1,7.16
CNCc1cc(C#CCCN2CCCN(C(C)C)CC2)ccc1Oc1ccc(SC)cc1,7.03
CNCc1cc(CCCCN2CCSCC2)ccc1Oc1ccc(SC)cc1,8.01
CNCc1cc(C#CCCN(C)C2CC2)ccc1Oc1ccc(Cl)c(Cl)c1,8.01
CNCc1cc(CCCCN2CCN(C(C)C)CC2)ccc1Oc1ccc(SC)cc1,8.28
CNCc1cc(C#CCCN2CCSCC2)ccc1Oc1ccc(SC)cc1,8.27
C(#Cc1cccc(CN2CCOCC2)c1)CCN1CCCCC1,8.89
CNCc1cc(C#CCCN2CCOCC2)ccc1Oc1ccc(F)cc1Cl,8.22
CNCc1ccc(C#CCCN2CCOCC2)cc1Oc1ccc(SC)cc1,6.37
CNCc1cc(C#CCCN2CCC(F)CC2)ccc1Oc1ccc(SC)cc1,8.22
CNCc1cc(C#CCCN2CCNC(=O)C2)ccc1Oc1ccc(SC)cc1,6.06
CNCc1cc(Br)ccc1Oc1ccc(SC)cc1,5.05
CNCc1cc(C#CCCN(C)C2CC2)ccc1Oc1ccc(SC)cc1,8.21
CNCc1cc(C#CCCN2CCOCC2)ccc1Oc1ccc(Cl)cc1,8.15
CNCc1cc(C#CCCN2CCC(F)CC2)ccc1Oc1ccc(Cl)c(Cl)c1,7.85
CNCc1cc(C#CCCN2CCN(C3CC3)CC2)ccc1Oc1ccc(SC)cc1,7.28
CNCc1cc(C#CCCN2CCOCC2)ccc1Oc1cccc(Cl)c1,8.52
CNCc1cc(C#CCCN2CCOCC2)ccc1Oc1cccc(F)c1,8.52
CNCc1cc(C#CCCN2CCOCC2)ccc1Oc1ccc(Cl)c(C(F)(F)F)c1,7.89
CNCc1cc(C#CCCN2CCOCC2)ccc1Oc1ccc(C(F)(F)F)cc1,8.14
CNCc1cc(C#CCCN2CCOCC2)ccc1Oc1ccc(SC)cc1,7.96
CNCc1cc(C#CCCN2CCOCC2)ccc1Oc1ccccc1,8.24
CNCc1cc(C#CCCN2CCSCC2)ccc1Oc1ccc(Cl)c(Cl)c1,7.89
CNCc1cc(CCCCN2CCN(C3CC3)CC2)ccc1Oc1ccc(SC)cc1,8.33
CNCc1cc(C#CCCN2CCN(C(C)C)CC2)ccc1Oc1ccc(SC)cc1,7.51
CNCc1cc(C#CCCNC2CC2)ccc1Oc1ccc(Cl)c(Cl)c1,7.77
CNCc1cc(C#CCCN2CCN(C(C)C)C(=O)C2)ccc1Oc1ccc(SC)cc1,5.73
CNCc1cc(C#CCCN2CCOCC2)ccc1Oc1ccc(Cl)c(Cl)c1,7.96
Cc1c(-c2ccc3cc(CCN4CCCC4C)ccc3n2)cnn1-c1ccccn1,9.59
Cc1nc(N2CCCC2)ncc1-c1ccc2cc(CCN3CCCC3C)ccc2n1,9.54
Cc1nc2ncccc2cc1-c1ccc2cc(CCN3CCCC3C)ccc2n1,9.47
Cc1nn(C)cc1-c1ccc2cc(CCN3CCCC3C)ccc2n1,9.35
CC(C)N1CCC(Oc2ccc(N3CCN(C(=O)c4ccc(F)cc4)CC3=O)cc2)CC1,8.4
O=C(c1ccc(F)cc1)N1CCN(c2ccc(OCCCN3CCCCCC3)cc2)C(=O)C1,8.4
O=C(c1ccccc1)N1CCN(c2ccc(OCCCN3CCCCC3)cc2)C(=O)C1,8.4
O=C(c1cnn2cccnc12)N1CCN(c2ccc(OCCCN3CCCCC3)cc2)C(=O)C1,8.4
CC(C)N1CCC(Oc2ccc(N3CCN(C(=O)c4ccc(F)cc4F)CC3=O)cc2)CC1,8.4
O=C(c1ccc(F)cc1)N1CCN(c2ccc(OCCCN3CCCCC3)cc2)C(=O)C1,8.8
CS(=O)(=O)c1ccc(C(=O)N2CCN(c3ccc(OCCCN4CCCCC4)cc3)C(=O)C2)cc1,8.6
O=C(c1ccc(F)cc1F)N1CCN(c2ccc(OCCCN3CCCCC3)cc2)C(=O)C1,8.6
CC(C)N1CCC(Oc2ccc(N3CCN(C(=O)c4cc(F)cc(F)c4)CC3=O)cc2)CC1,8.7
O=C(c1cc(F)cc(F)c1)N1CCN(c2ccc(OC3CCN(C4CCCC4)CC3)cc2)C(=O)C1,8.6
N#Cc1ccc(C(=O)N2CCN(c3ccc(OCCCN4CCCCCC4)cc3)C(=O)C2)cc1,8.5
N#Cc1ccc(C(=O)N2CCN(c3ccc(OCCCN4CCCCC4)cc3)C(=O)C2)cc1,8.8
O=C(C1CC1)N1CCN(c2ccc(OCCCN3CCCCC3)cc2)C(=O)C1,8.6
O=C(c1ccc(F)cc1)N1CCN(c2ccc(OC3CCN(C4CCCC4)CC3)cc2)C(=O)C1,8.6
O=C(c1cc(F)cc(F)c1)N1CCN(c2ccc(OCCCN3CCCC3)cc2)C(=O)C1,8.7
CC(C)(C)C(=O)N1CCN(c2ccc(OCCCN3CCCCC3)cc2)C(=O)C1,8.5
O=C(c1ccccc1)N1CCN(c2ccc(OC3CCN(C4CCC4)CC3)cc2)C(=O)C1,8.5
O=C(c1ccc(Cl)cc1)N1CCN(c2ccc(OC3CCN(C4CCCC4)CC3)cc2)C(=O)C1,8.5
CS(=O)(=O)c1cccc(C(=O)N2CCN(c3ccc(OCCCN4CCCCC4)cc3)C(=O)C2)c1,8.5
O=C(c1ccc(Cl)cc1)N1CCN(c2ccc(OCCCN3CCCCC3)cc2)C(=O)C1,8.7
CS(=O)(=O)c1ccc(C(=O)N2CCN(c3ccc(OC4CCN(C5CCC5)CC4)cc3)C(=O)C2)cc1,8.9
CC(C)N1CCC(Oc2ccc(N3CCN(C(=O)c4ccc(Cl)cc4)CC3=O)cc2)CC1,8.6
O=C(c1cc(F)cc(F)c1)N1CCN(c2ccc(OCCCN3CCCCC3)cc2)C(=O)C1,8.7
O=C(c1ccc(F)cc1F)N1CCN(c2ccc(OC3CCN(C4CCC4)CC3)cc2)C(=O)C1,8.8
O=C(c1ccc(C(=O)N2CCN(c3ccc(OC4CCN(C5CCC5)CC4)cc3)C(=O)C2)cc1)N1CCC1,9.5
O=C(c1cc(F)cc(F)c1)N1CCN(c2ccc(OCCCN3CCCCCC3)cc2)C(=O)C1,8.3
N#Cc1ccc(C(=O)N2CCN(c3ccc(OC4CCN(C5CCC5)CC4)cc3)C(=O)C2)cc1,9.0
O=C(c1ccc(C(=O)N2CCN(c3ccc(OCCCN4CCCCC4)cc3)C(=O)C2)cc1)N1CCC1,9.2
O=C(c1ccc(Cl)cc1)N1CCN(c2ccc(OC3CCN(C4CCC4)CC3)cc2)C(=O)C1,9.2
O=C(c1ccc(F)cc1F)N1CCN(c2ccc(OCCCN3CCCCCC3)cc2)C(=O)C1,8.1
O=C(c1ccc(F)cc1)N1CCN(c2ccc(OC3CCN(C4CCC4)CC3)cc2)C(=O)C1,9.2
O=C(c1ccc(F)cc1)N1CCN(c2ccc(OCCCN3CCCC3)cc2)C(=O)C1,9.1
CC1CCCN1CCCOc1ccc(N2CCN(C(=O)c3cc(F)cc(F)c3)CC2=O)cc1,9.2
N#Cc1ccc(C(=O)N2CCN(c3ccc(OCCCN4CCCC4)cc3)C(=O)C2)cc1,8.2
CC1CCCN1CCCOc1ccc(N2CCN(C(=O)c3ccc(C#N)cc3)CC2=O)cc1,9.3
CC1CCCN1CCCOc1ccc(N2CCN(C(=O)c3ccc(F)cc3)CC2=O)cc1,9.2
O=C(c1cc(F)cc(F)c1)N1CCN(c2ccc(OC3CCN(C4CCC4)CC3)cc2)C(=O)C1,9.1
Cc1ccc(C(=O)N2CCN(c3ccc(OC4CCN(C5CCC5)CC4)cc3)C(=O)C2)cc1,9.0
CS(=O)(=O)c1cccc(C(=O)N2CCN(c3ccc(OC4CCN(C5CCCC5)CC4)cc3)C(=O)C2)c1,8.0
CS(=O)(=O)c1ccc(C(=O)N2CCN(c3ccc(OC4CCN(C5CCCC5)CC4)cc3)C(=O)C2)cc1,9.1
N#Cc1ccc(C(=O)N2CCN(c3ccc(OC4CCN(C5CCCC5)CC4)cc3)C(=O)C2)cc1,9.1
CC(C)N1CCC(Oc2ccc(N3CCN(C(=O)c4ccc(C#N)cc4)CC3=O)cc2)CC1,9.1
Cc1ccc(C(=O)N2CCN(c3ccc(OCCCN4CCCCC4)cc3)C(=O)C2)cc1,9.1
O=C(c1ccncc1)N1CCN(c2ccc(OCCCN3CCCCC3)cc2)C(=O)C1,8.1
CC1CCCN1CCCOc1ccc(N2CCN(C(=O)c3ccc(F)cc3F)CC2=O)cc1,9.2
N=C(N)NCCSC(=N)N,6.0
c1nc(C2CC2CCNCC2CCCCC2)c[nH]1,8.28
c1nc(C2CC2CNCC2CCCCC2)c[nH]1,7.46
Clc1ccc(CNCC2CC2c2c[nH]cn2)cc1,7.06
c1csc(C2CN3CCCC3c3cc(OCCCN4CCOCC4)ccc32)n1,8.48
c1cnn(-c2ccc(C3CN4CCCC4c4cc(OCCCN5CCOCC5)ccc43)cc2)c1,8.28
c1cncc(C2CN3CCCC3c3cc(OCCCN4CCCCC4)ccc32)c1,9.1
c1ccc(C2CN3CCCC3c3cc(OCCCN4CCCCC4)ccc32)nc1,9.1
c1csc(C2CN3CCCC3c3cc(OCCCN4CCOCC4)ccc32)c1,8.52
c1cncc(C2CN3CCCC3c3cc(OCCCN4CCOCC4)ccc32)c1,8.8
c1ccc(C2CN3CCCC3c3cc(OCCCN4CCOCC4)ccc32)nc1,8.57
c1cnc(C2CN3CCCC3c3cc(OCCCN4CCOCC4)ccc32)cn1,8.4
c1cc(C2CN3CCCC3c3cc(OCCCN4CCOCC4)ccc32)[nH]n1,8.4
c1cn(-c2ccc(C3CN4CCCC4c4cc(OCCCN5CCOCC5)ccc43)cc2)cn1,8.24
c1csc(C2CN3CCCC3c3cc(OCCCN4CCCCC4)ccc32)c1,9.0
c1cc(C2CN3CCCC3c3cc(OCCCN4CCOCC4)ccc32)cs1,8.52
c1cc(C2CN3CCCC3c3cc(OCCCN4CCCCC4)ccc32)ccn1,9.0
CCN(CCCN(C)C)CCN1CCN(Cc2cccc3ccccc23)C1=C(C#N)C#N,7.08
CC1CCCN1CCN1CCN(CCN2CCCC2C)C1=C(C#N)C#N,9.48
N#CC(C#N)=C1N(CCCN2CCCCC2)CCN1Cc1cccc2ccccc12,7.44
N#CC(C#N)=C1N(CCCCN2CCCCC2)CCN1CCN1CCCCC1,7.8
CC1CCCN1CCN1CCN(CCN2CCCCC2)C1=C(C#N)C#N,9.42
N#CC(C#N)=C1N(CCCN2CCCCC2)CCN1CCCN1CCCCC1,8.62
N#CC(C#N)=C1N(CCN2CCCCC2)CCN1CCN1CCCCC1,7.62
N#CC(C#N)=C1N(CCCN2CCCCC2)CCN1CCN1CCCCC1,8.18
CC1CCCN1CCc1ccns1,7.77
COc1cccc(CCN2CCCC2)c1,6.58
Cc1oc(-c2ccccc2)nc1CCN1CCCC1C,8.46
c1ccc(COc2ccc(CCN3CCCC3)cc2)cc1,8.3
CC1CCCN1CCc1cccnc1,6.52
CC1CCCN1CCc1ccncc1,7.16
COc1ccc(CCN2CCCC2)cc1,7.39
CCc1ccc(CCN2CCCC2)nc1,6.64
COc1ccc2[nH]c(CCN3CCCC3)cc2c1,6.64
CC1CCCN1CCc1ccc([N+](=O)[O-])cc1,7.7
COc1ccccc1CCN1CCCC1C,7.51
Cc1cccc(CCN2CCCC2)c1,6.7
c1ccc2[nH]c(CCN3CCCC3)cc2c1,6.66
CC1CCCN1CCc1ccccn1,6.7
CC1CCCN1CCc1cc2ccccc2[nH]1,7.75
c1ccc2cc(CCN3CCCC3)ccc2c1,7.52
O=[N+]([O-])c1ccc(CCN2CCCC2)cc1,6.44
Cc1cc(C)c(CCN2CCCC2)c(C)c1,6.4
CC1CCCN1CCc1ccccc1O,7.68
CCc1ccc(CCN2CCCC2C)nc1,7.47
COc1ccccc1CCN1CCCC1,6.47
CC1CCCN1CCc1ccc(OCc2ccccc2)cc1,9.41
Cc1ccc(CCN2CCCC2C)cc1,8.3
COc1ccc(CCN2CCCC2C)cc1,8.64
c1cc(CCN2CCCC2)sn1,6.72
Cc1cccc(CCN2CCCC2C)c1,8.3
Cc1cc(C)c(CCN2CCCC2C)c(C)c1,8.0
COc1cccc(CCN2CCCC2C)c1,7.8
CC1CCCN1CCc1ccc(N(C)C)cc1,8.22
Oc1ccccc1CCN1CCCC1,6.57
c1cc(CCN2CCCC2)ccn1,6.46
Cc1oc(-c2ccccc2)nc1CCN1CCCC1,7.58
CC1CCCN1CCc1cccs1,7.47
COc1ccc2[nH]c(CCN3CCCC3C)cc2c1,7.82
C1=C(c2ccc(CCN3CCCC3)cc2)C2CN(CC3CC3)CC2C1,9.0
CC1CCCN1CCc1ccc(C2=CCC3CN(C(=O)C4CCOCC4)CC23)cc1,8.4
CNCc1cc(C(=O)N2CCN(C3CC3)CC2)ccc1Oc1cccc(F)c1,7.82
CNCc1cc(C(=O)N2CCN(C(C)C)CC2)ccc1Oc1ccc(SC)cc1,8.66
CNCc1cc(C(=O)N2CCN(C3CCC3)CC2)ccc1Oc1ccc(Cl)cc1,8.62
CNCc1cc(C(=O)N2CCCN(C3CC3)CC2)ccc1Oc1ccc(Cl)c(Cl)c1,8.74
CNCc1cc(C(=O)N2CCN(C3CC3)CC2)ccc1Oc1ccc(C(F)(F)F)cc1,7.43
CNCc1cc(C(=O)N2CCN(C3CCCC3)CC2)ccc1Oc1ccc(Cl)cc1,8.47
CNCc1cc(C(=O)N2CCCN(C3CC3)CC2)ccc1Oc1ccc(C(F)(F)F)cc1,8.7
CNCc1cc(C(=O)N2CCCN(C3CC3)CC2)ccc1Oc1ccccc1C(F)(F)F,8.7
CNCc1cc(C(=O)N2CCN(C(C)C)CC2)ccc1Oc1ccc(Cl)c(Cl)c1,8.62
CNCc1cc(C(=O)N2CCN(C3CCC3)CC2)ccc1Oc1ccc(Cl)c(Cl)c1,8.11
CNCc1cc(C(=O)N2CCCN(C(C)C)CC2)ccc1Oc1ccc(Cl)cc1,9.3
CNCc1cc(C(=O)N2CCCN(C3CC3)CC2)ccc1Oc1ccc(Cl)cc1F,8.85
CNCc1cc(C(=O)N2CCN(C3CC3)CC2)ccc1Oc1ccc(SC)cc1,7.54
CNCc1cc(C(=O)N2CCCN(C3CC3)CC2)ccc1Oc1ccccc1,9.1
CNCc1cc(C(=O)N2CCCN(C3CC3)CC2)ccc1Oc1cccc(F)c1,9.0
CNCc1cc(C(=O)N2CCCN(C3CC3)CC2)ccc1Oc1ccccc1F,9.0
CNCc1cc(C(=O)N2CCCN(C3CC3)CC2)ccc1Oc1ccc(C#N)cc1,8.96
CNCc1cc(C(=O)N2CCCN(C3CC3)CC2)ccc1Oc1ccccc1C#N,9.0
CNCc1cc(C(=O)N2CCCN(C(C)C)CC2)ccc1Oc1ccc(Cl)c(Cl)c1,8.92
CNCc1cc(C(=O)N2CCN(C(C)C)CC2)ccc1Oc1ccc(SC)c(C)c1,8.37
CNCc1cc(C(=O)N2CCCN(C(C)C)CC2)ccc1Oc1ccc(SC)cc1,8.96
CNCc1cc(C(=O)N2CCN(C3CC3)CC2)ccc1Oc1ccc(Cl)c(Cl)c1,7.64
CNCc1cc(C(=O)N2CCCN(C(C)C)CC2)ccc1Oc1cccc(Cl)c1,9.0
CNCc1cc(C(=O)N2CCCN(C3CC3)CC2)ccc1Oc1ccc(F)c(Cl)c1,8.82
CNCc1cc(C(=O)N2CCCN(C3CC3)CC2)ccc1Oc1ccc(F)cc1,9.1
CNCc1cc(C(=O)N2CCCN(C3CC3)CC2)ccc1Oc1cccc(OC)c1,9.0
CNCc1cc(C(=O)N2CCN(C3CCCC3)CC2)ccc1Oc1ccc(Cl)c(Cl)c1,7.7
CNCc1cc(C(=O)N2CCCN(C3CC3)CC2)ccc1Oc1cccc(Cl)c1,9.05
CNCc1cc(C(=O)N2CCCN(C3CC3)CC2)ccc1Oc1ccc(SC)cc1,8.85
CNCc1cc(C(=O)N2CCCN(C3CC3)CC2)ccc1Oc1ccc(Cl)cc1,8.96
CNCc1cc(C(=O)N2CCCN(C3CC3)CC2)ccc1Oc1ccc(SC)c(C)c1,8.39
CNCc1cc(C(=O)N2CCN(C(C)C)CC2)ccc1Oc1ccc(Cl)cc1,8.96
CNCc1cc(C(=O)N2CCN(C3CC3)CC2)ccc1Oc1ccc(SC)c(C)c1,7.68
CNCc1cc(C(=O)N2CCN(C(C)C)CC2)ccc1Oc1cccc(OC)c1,8.96
Nc1nc2c(c(N3CCNCC3)n1)CCC1=C2C2CCCCC2O1,6.03
CC(C)(C)C#Cc1cccc(Cc2c[nH]cn2)c1,8.35
Brc1ccc(Cc2c[nH]cn2)cc1,6.38
C(#Cc1cccc(Cc2c[nH]cn2)c1)c1ccccc1,8.74
Nc1ccc(Cc2c[nH]cn2)cc1,6.59
CC(C)(C)CC(=O)c1cccc(Cc2c[nH]cn2)c1,7.49
C(#Cc1cccc2ccccc12)c1cccc(Cc2c[nH]cn2)c1,5.76
c1ccc(-c2cccc(Cc3c[nH]cn3)c2)cc1,7.48
CC1(C)COC(c2ccc(Cc3c[nH]cn3)cc2)=N1,5.6
c1ccc(Cc2c[nH]cn2)cc1,6.79
CC(N)Cc1c[nH]cn1,8.7
c1ccc(CC2COC(c3cccc(Cc4c[nH]cn4)c3)=N2)cc1,7.05
CC1(C)CN=C(c2cccc(Cc3c[nH]cn3)c2)OC1,5.6
CC(C)(C)C#Cc1ccc(Cc2c[nH]cn2)cc1,6.27
c1cc(Cc2c[nH]cn2)cc(C2=NCC3(CCCCC3)O2)c1,7.25
c1cc(Cc2c[nH]cn2)cc(-c2ccncc2)c1,6.37
CC1(C)COC(c2cccc(Cc3c[nH]cn3)c2)=N1,8.4
c1ccc(-c2cccc(Cc3c[nH]cn3)c2)nc1,7.39
c1cc(Cc2c[nH]cn2)cc(C2=NC(CC3CCCCC3)CO2)c1,6.15
CC1CC(C)(C)N=C(c2cccc(Cc3c[nH]cn3)c2)O1,8.9
N#Cc1ccc(Cc2c[nH]cn2)cc1,6.09
CCCC#Cc1cccc(Cc2c[nH]cn2)c1,8.5
c1cc(Cc2c[nH]cn2)cc(C2=NC3(CCCC3)CO2)c1,7.4
CC(C)(C)c1ccc(OCCCOCCCN2CCCCCC2)cc1,8.62
CC1CCN(CCCOCCCOc2ccc(C(C)(C)C)cc2)CC1,8.11
COc1cccc(OCCOCCCN2CCCCCC2)c1,7.21
COc1cccc(OCCCOCCCN2CCCCCC2)c1,8.49
Clc1ccc(CCCOCCCN2CCCCC2)cc1,7.83
CC1CCCCN(CCCOCCCOc2ccc(Cl)cc2)C1,7.89
COc1cccc(OCCOCCCN2CCCC(C)C2)c1,7.9
CC1CCN(CCCOCCCOc2ccc(Cl)cc2)CC1,8.46
CC1CCCN(CCCOCCCOc2ccc(C(C)(C)C)cc2)C1,7.29
CC1CCCN(CCCOCCCOc2ccc(Cl)cc2)C1,7.55
COc1c(OCCF)cccc1C(=O)C1CCN(CCc2ccc(C)cc2)CC1,5.04
c1ccc(CCCOCCCN2CCc3ccccc3C2)cc1,6.25
CC(C)(C)c1ccc(OCCCN2CCC(N3CCCCC3)CC2)cc1,7.0
FC(F)(F)c1cccc(OCCN2CCC(N3CCCCC3)CC2)c1,6.79
Clc1ccc(OCCCN2CCC(N3CCCCC3)CC2)cc1,6.78
c1ccc(CCCOCCCN2CCC3CCCCC3C2)cc1,6.41
Clc1ccc(OCCN2CCC(N3CCCCC3)CC2)cc1,6.75
c1ccc(CCCOCCCN2CCCCC2)cc1,8.5
Clc1cccc(OCCN2CCC(N3CCCCC3)CC2)c1,6.63
Cc1ccc(OCCN2CCC(N3CCCCC3)CC2)cc1,6.52
CNC(C(=O)N(C)C1CCC2(C)C(=CCC3C2CCC24CN(C)C(C)C2CCC34)C1)C(C)C,9.68
CCC(C)C(N)C(=O)N(C)C1CCC2(C)C(=CCC3C2CCC24CN(C)C(C)C2CCC34)C1,9.66
CN1CC23CCC4C(CC=C5CC(N(C)C)CCC54C)C2CCC3C1=O,6.26
CNC1CCC2(C)C(=CCC3C2CCC24CN(C)C(=O)C2CCC34)C1,7.42
CC1C2CCC3C4CC=C5CC(N(C)C(=O)Cc6cccs6)CCC5(C)C4CCC32CN1C,8.48
CC1C2CCC3C4CC=C5CC(N(C)C(=O)c6ccc(C#N)cc6)CCC5(C)C4CCC32CN1C,7.4
CC1C2CCC3C4CC=C5CC(N(C)S(=O)(=O)c6ccccc6)CCC5(C)C4CCC32CN1C,8.11
CC1C2CCC3C4CC=C5CC(N(C)C(=O)OCC(Cl)(Cl)Cl)CCC5(C)C4CCC32CN1C,7.71
CC1C2CCC3C4CC=C5CC(N(C)C(=O)N(C)C)CCC5(C)C4CCC32CN1C,7.3
CC(=O)N(C)C1CCC2(C)C(=CCC3C2CCC24CN(C)C(C)C2CCC34)C1,6.96
CC1C2CCC3C4CC=C5CC(N(C)C(=O)c6ccncc6)CCC5(C)C4CCC32CN1C,7.79
CC(=O)NC(Cc1ccccc1)C(=O)N(C)C1CCC2(C)C(=CCC3C2CCC24CN(C)C(C)C2CCC34)C1,8.94
CC1C2CCC3C4CC=C5CC(N(C)S(=O)(=O)c6ccc(C#N)cc6)CCC5(C)C4CCC32CN1C,7.72
CC1C2CCC3C4CC=C5CC(N(C)c6ccc(C#N)cc6)CCC5(C)C4CCC32CN1C,8.78
CC1C2CCC3C4CC=C5CC(N(C)C(=O)c6ccccc6)CCC5(C)C4CCC32CN1C,7.91
CC1C2CCC3C4CC=C5CC(N(C)S(=O)(=O)N(C)C)CCC5(C)C4CCC32CN1C,7.51
CC1C2CCC3C4CC=C5CC(N(C)C(=O)C6CC6)CCC5(C)C4CCC32CN1C,7.22
CC(=O)NC(CC(C)C)C(=O)N(C)C1CCC2(C)C(=CCC3C2CCC24CN(C)C(C)C2CCC34)C1,8.79
CS(=O)(=O)OC1CCN(Cc2ccc(OCCCN3CCCCC3)cc2)CC1,9.08
FC1CCN(Cc2ccc(OCCCN3CCCCC3)cc2)CC1,10.03
FCc1ccc(OCCCN2CCCCC2)cc1,7.76
FC1CCN(Cc2ccc(OCCCN3CCCC3)cc2)CC1,9.59
FC1(F)CCN(Cc2ccc(OCCCN3CCCCC3)cc2)CC1,9.62
BrC1CCN(Cc2ccc(OCCCN3CCCCC3)cc2)CC1,9.7
FC1CCN(CCCOc2ccc(CN3CCCC3)cc2)CC1,9.0
FC1CCN(Cc2ccc(OCCCN3CCCC3)cc2)C1,9.51
FCCc1ccc(OCCCN2CCCCC2)cc1,7.37
ClC1CCN(Cc2ccc(OCCCN3CCCCC3)cc2)CC1,10.17
FC1CCN(Cc2ccc(OCCCN3CCCCC3)cc2)C1,9.55
Cc1nc2cccc(F)c2c(=O)n1-c1ccc(OC2CCN(C3CCC3)CC2)cc1,8.17
Cc1cccc2nc(C)n(-c3ccc(OC4CCN(C5CCC5)CC4)cc3)c(=O)c12,8.77
Cc1nc2cccc(C(F)(F)F)c2c(=O)n1-c1ccc(OC2CCN(C3CCC3)CC2)cc1,8.44
CN(Cc1ccc(-c2ccc(CN3CCCCC3)cc2)cc1)C1CCCCC1,8.56
CC1CCN(Cc2ccc(-c3ccc(CN4CCCCC4)cc3)cc2)CC1,8.62
N#Cc1ccc(OCc2ccc(-c3ccc(CN4CCCCC4)cc3)cc2)cc1,7.12
CN(C)Cc1ccc(-c2ccc(CN3CCCCC3)cc2)cc1,8.66
CCCN(CCC)Cc1ccc(-c2ccc(CN(CCC)CCC)cc2)cc1,8.03
c1cc(-c2ccc(CN3CCOCC3)cc2)ccc1CN1CCCCC1,7.71
CCCN(CCC)Cc1ccc(-c2ccc(CC(=O)N3CCCCC3)cc2)cc1,6.6
CCCN(CCC)Cc1ccc(-c2ccc(CN3CCCCC3)cc2)cc1,8.76
C(CCCCN1CCCCC1)CCCCN1CCCCC1,8.35
CCN(CC)Cc1ccc(-c2ccc(CN3CCCCC3)cc2)cc1,8.71
c1cc(-c2ccc(CN3CCCCC3)cc2)ccc1CCN1CCCCC1,8.7
CCCN(CCC)C(=O)Cc1ccc(-c2ccc(CN3CCCCC3)cc2)cc1,8.07
CN(C)CCc1ccc(-c2ccc(CCN(C)C)cc2)cc1,8.29
CC1CC(C)CN(Cc2ccc(-c3ccc(CN4CCCCC4)cc3)cc2)C1,9.06
Cc1nc2cccc(C(F)(F)F)c2c(=O)n1-c1ccc(OCCCN2CCCC2)cc1,8.17
CC(C)N1CCC(Oc2ccc3cc(C(=O)NC4CCCCC4)ccc3c2)CC1,7.06
O=C(c1ccc2cc(OCCCN3CCCCC3)ccc2c1)N1CCCC1,8.4
CC(C)N1CCC(Oc2ccc3cc(C(=O)N4CCCC4)ccc3c2)CC1,7.24
c1cc(OCC2CN(C3CCCC3)CCO2)ccc1CN1CCCCC1,8.6
CCN1CCOC(COc2ccc(CN3CCOCC3)cc2)C1,6.78
CC(C)N1CCOC(COc2cccc(CN3CCOCC3)c2)C1,6.99
c1cc(CN2CCOCC2)cc(OCC2CN(C3CC3)CCO2)c1,6.25
CC(C)N1CCOC(COc2ccccc2)C1,5.32
c1cc(CN2CCOCC2)cc(OCC2CN(C3CCC3)CCO2)c1,7.43
c1cc(OCC2CN(C3CCCC3)CCO2)ccc1CN1CCCC1,8.66
CCOc1ccccc1OCC1CN(C2CCCC2)CCO1,5.28
CCOc1ccccc1OCC1CN(C(C)C)CCO1,5.05
c1cc(OCC2CN(C3CCC3)CCO2)ccc1CN1CCOCC1,7.75
CN1CCOC(COc2ccc(CN3CCOCC3)cc2)C1,5.68
CC(C)N1CCOC(COc2ccc(CN3CCOCC3)cc2)C1,7.31
CN1CCN(CCCOc2ccc(-n3c(-c4ccccn4)nc4cc(F)ccc43)cc2)CC1,7.89
Fc1ccc2c(c1)nc(-c1ccccn1)n2-c1ccc(OCCCN2CCCCC2)cc1,8.92
CCSC1Nc2cc(F)ccc2N1c1ccc(OCCCN2CCCCC2)cc1,8.59
Fc1ccc2c(c1)nc(-c1ccccn1)n2-c1ccc(OCCCN2CCCCCC2)cc1,8.28
Fc1ccc2c(c1)nc(-c1ccccn1)n2-c1ccc(OCCCN2CCSC2)cc1,7.7
CC1CC(C)CN(CCCOc2ccc(-n3c(-c4ccccn4)nc4cc(F)ccc43)cc2)C1,7.96
NC(=O)C1CCCN(CCCOc2ccc(-n3c(-c4ccccn4)nc4cc(F)ccc43)cc2)C1,7.96
Fc1ccc2c(c1)[nH]c(=S)n2-c1ccc(OCCCN2CCCCC2)cc1,8.1
CNCCCOc1ccc(-n2c(-c3ccccn3)nc3cc(F)ccc32)cc1,7.0
Fc1ccc2c(c1)nc(-c1ccccn1)n2-c1ccc(OCCCN2Cc3cccc4cccc(c34)C2)cc1,6.15
CC1CCC(C)N1CCCOc1ccc(-n2c(-c3ccccn3)nc3cc(F)ccc32)cc1,8.29
COC(=O)C1CCN(CCCOc2ccc(-n3c(-c4ccccn4)nc4cc(F)ccc43)cc2)CC1,7.8
Fc1ccc2c(c1)nc(-c1ccccn1)n2-c1ccc(OCCCN2CCOCC2)cc1,8.47
NC(=O)C1CCN(CCCOc2ccc(-n3c(-c4ccccn4)nc4cc(F)ccc43)cc2)CC1,7.7
CN1CCCN(CCCOc2ccc(-n3c(-c4ccccn4)nc4cc(F)ccc43)cc2)CC1,8.44
Fc1ccc2c(c1)nc(-c1ccccn1)n2-c1ccc(OCCCN2CCC(Cc3ccccc3)CC2)cc1,8.7
O=c1[nH]c2cc(F)ccc2n1-c1ccc(OCCCN2CCCCC2)cc1,8.06
CCOC1Nc2cc(F)ccc2N1c1ccc(OCCCN2CCCCC2)cc1,7.82
CC(C)C1CCN(CCCOc2ccc(-n3c(-c4ccccn4)nc4cc(F)ccc43)cc2)C1,8.32
Fc1ccc2c(c1)nc(-c1ccccn1)n2-c1ccc(OCCCN2CCc3ccccc3C2)cc1,6.97
OC1CCN(CCCOc2ccc(-n3c(-c4ccccn4)nc4cc(F)ccc43)cc2)CC1,8.74
CC(C)N1CCC(Oc2ccc3c(c2)cc(C(=O)N2CCC(F)(F)CC2)n3S(=O)(=O)c2ccc(F)cc2)CC1,8.7
CC(C)N1CCC(Oc2ccc3c(c2)cc(C(=O)N2CCC(F)(F)CC2)n3C(C)C)CC1,8.15
CC(C)N1CCC(Oc2ccc3[nH]c(C(=O)N4CCOCC4)cc3c2)CC1,8.3
Cc1[nH]c2ccc(OC3CCN(C(C)C)CC3)cc2c1C(=O)N1CCOCC1,7.07
CC(C)N1CCC(Oc2ccc3c(c2)cc(C(=O)N2CCC(F)(F)CC2)n3CC#N)CC1,8.52
CC(C)N1CCC(Oc2cc3[nH]c(C(=O)N4CCOCC4)cc3cc2F)CC1,6.44
CC(C)N1CCC(Oc2ccc3cc(C(=O)N4CCOCC4)[nH]c3c2)CC1,7.48
COC1CCN(C(=O)c2cc3cc(OC4CCN(C(C)C)CC4)ccc3[nH]2)CC1,8.05
CC(C)N1CCC(Oc2ccc3c(c2)cc(C(=O)N2CCC(F)(F)CC2)n3CC(F)(F)F)CC1,8.52
CC(C)N1CCC(Oc2ccc3[nH]c(C(=O)N4CCCC(F)(F)C4)cc3c2)CC1,8.7
CC(C)N1CCC(Oc2ccc3[nH]c(C(=O)N4CCC(F)(F)CC4)cc3c2)CC1,8.7
O=C(c1ccc2c(c1)cc(C(=O)N1CCOCC1)n2CC(F)(F)F)N1CCN(C2CCC2)CC1,8.15
CC(C)N1CCC(Oc2ccc3[nH]c(C(=O)N4CCS(=O)(=O)CC4)cc3c2)CC1,8.15
CC(=O)n1c(C(=O)N2CCC(F)(F)CC2)cc2cc(OC3CCN(C(C)C)CC3)ccc21,7.89
CC(C)N1CCC(Oc2ccc3c(c2)cc(C(=O)N2CCC(F)(F)CC2)n3S(C)(=O)=O)CC1,8.52
CC(C)N1CCC(Oc2ccc3c(c2)cc(C(=O)N2CCS(=O)(=O)CC2)n3CC(F)(F)F)CC1,7.96
O=C(c1cc2cc(OCCCN3CCCCC3)ccc2[nH]1)N1CCOCC1,7.15
CCOC(=O)c1cc2cc(C(=O)O)ccc2[nH]1,8.7
O=C(c1cc2cc(OC3CCN(C4CC4)CC3)ccc2[nH]1)N1CCOCC1,8.7
CC(C)N1CCC(Oc2ccc3[nH]c(C(=O)N4CCCCCC4)cc3c2)CC1,8.22
CC(C)N1CCC(Oc2ccc3c(c2)cc(C(=O)N2CCC(F)(F)CC2)n3-c2ccc(Cl)c(Cl)c2)CC1,9.0
CC(C)N1CCC(Oc2ccc3[nH]c(C(=O)N4CCC(O)C4)cc3c2)CC1,8.1
CC(C)(C)N1CCC(Oc2ccc3[nH]c(C(=O)N4CCOCC4)cc3c2)CC1,8.4
O=C(c1cc2cc(OC3CCN(C4CCC4)CC3)ccc2n1CC(F)(F)F)N1CCOCC1,9.0
O=C(c1cc2cc(OC3CCN(C4CC4)CC3)ccc2n1CC(F)(F)F)N1CCOCC1,8.7
O=C(c1cc2cc(OC3CCN(C4COC4)CC3)ccc2n1CC(F)(F)F)N1CCOCC1,7.64
CNC(=O)C(CCN1CCC(O)(c2ccc(Cl)cc2)CC1)(c1ccccc1)c1ccccc1,8.03
N#Cc1ccc(-c2cc(N3CCNCC3)nc(N)n2)cc1,6.03
CN(CCC=C1c2ccccc2CCc2ccccc21)C(=O)Cc1ccc(OCCCN2CCCCC2)cc1,8.31
CN(CCC=C1c2ccccc2CCc2ccccc21)C(=O)c1ccc(OCCCN2CCCCC2)cc1,8.46
Clc1ccc2c(c1)N=C(N1CCN(Cc3ccc(OCCCN4CCCCC4)cc3)CC1)c1ccccc1N2,8.48
CN(CCCC12CCC(c3ccccc31)c1ccccc12)Cc1ccc(OCCCN2CCCCC2)cc1,9.45
CN(CCC=C1c2ccccc2Sc2ccc(Cl)cc21)Cc1ccc(OCCCN2CCCCC2)cc1,8.81
CN(CCCN1c2ccccc2Sc2ccc(Cl)cc21)Cc1ccc(OCCCN2CCCCC2)cc1,8.92
O=C(OCCN1CCN(CCCN2c3ccccc3Sc3ccc(C(F)(F)F)cc32)CC1)c1ccc(OCCCN2CCCCC2)cc1,10.38
CN(CCC=C1c2ccccc2CCc2ccccc21)Cc1ccc(OCCCN2CCCCC2)cc1,9.6
CC1CCCN1CCOc1ccc(CCNC(=O)c2cc(Br)cs2)cc1Br,6.51
O=C(NCCc1ccc(OCCN2CCCC2)c(Br)c1)c1ccc[nH]1,6.82
O=C(NCCc1ccc(OCCN2CCCC2)c(Br)c1)c1cccc(Br)c1,6.68
CN(C)CCCOc1ccc(CCNC(=O)c2cc(Br)c[nH]2)cc1Br,5.98
CN(C)CCCOc1ccc(CCNC(=O)c2ccc[nH]2)cc1Br,5.87
CN1CCCC(COc2ccc(CCNC(=O)c3cccn3C)cc2Br)C1,5.78
O=C(NCCc1ccc(OCCN2CCCC2)c(Br)c1)c1cnco1,7.52
O=C(NCCc1ccc(OCCN2CCCC2)c(Br)c1)c1nccs1,7.52
O=C(NCCc1ccc(OCCN2CCC(F)C2)c(Br)c1)c1cc(Br)cs1,5.96
CN(C)CCOc1ccc(CCNC(=O)c2cc(Br)c[nH]2)cc1Br,5.79
O=C(NCCc1ccc(OCCN2CCOCC2)c(Br)c1)c1ccc(Br)o1,4.49
Cn1cccc1C(=O)NCCc1ccc(OCCN2CCCC2)c(Br)c1,6.89
O=C(NCCc1ccc(OCCN2CCCC2)c(Br)c1)c1ccc(Br)o1,6.77
CN(C)CCCOc1ccc(CCNC(=O)c2cc(Br)cs2)cc1Br,5.79
CN(C)CCOc1ccc(CCNC(=O)c2ccc[nH]2)cc1Br,5.81
CN1CCCC(COc2ccc(CCNC(=O)c3ccc[nH]3)cc2Br)C1,5.82
CN(C)CCOc1ccc(CCNC(=O)c2ccc(Br)o2)cc1Br,5.57
CN1CCCC(COc2ccc(CCNC(=O)c3cc(Br)cs3)cc2Br)C1,5.9
Cn1cccc1C(=O)NCCc1ccc(OCCN2CCOCC2)c(Br)c1,4.75
O=C(NCCc1ccc(OCCN2CCCC2)c(Br)c1)c1cc(Br)c[nH]1,6.72
CN(C)CCCOc1ccc(CCNC(=O)c2ccc(Br)o2)cc1Br,5.64
O=C(NCCc1ccc(OCCN2CCCC2)c(Br)c1)c1cc(Br)cs1,7.1
O=C(NCCc1ccc(OCCN2CCOCC2)c(Br)c1)c1cc(Br)c[nH]1,4.89
O=C(NCCc1ccc(OCCN2CCOCC2)c(Br)c1)c1cc(Br)cs1,4.87
O=C(NCCc1ccc(OCCN2CCCC2)c(Br)c1)c1cccc(C(F)(F)F)n1,6.57
CN(C)CCOc1ccc(CCNC(=O)c2cccn2C)cc1Br,5.67
CN1CCCC(COc2ccc(CCNC(=O)c3ccc(Br)o3)cc2Br)C1,5.68
O=C(NCCc1ccc(OCCN2CCCC2)c(Br)c1)c1cccc(C(F)(F)F)c1,6.36
CN(C)CCCOc1ccc(CCNC(=O)c2cccn2C)cc1Br,5.75
O=C(NCCc1ccc(OCCN2CCCC2)c(Br)c1)c1cccc(Cl)c1,6.6
O=C(NCCc1ccc(OCCN2CCCC2)c(Br)c1)c1nnc[nH]1,6.37
CN(C)CCOc1ccc(CCNC(=O)c2cc(Br)cs2)cc1Br,6.17
N=C(NCc1ccc(I)cc1)SCCCc1c[nH]cn1,8.5
N=C(NCc1cccc(Cl)c1)SCCCc1c[nH]cn1,8.1
N=C(NCc1ccccc1)SCCCc1c[nH]cn1,8.1
Cc1ccc(CNC(=N)SCCCc2c[nH]cn2)cc1,8.2
N=C(NCc1ccccc1Cl)SCCCc1c[nH]cn1,8.1
N=C(NC=C(c1ccccc1)c1ccccc1)NCCCc1c[nH]cn1,6.5
N=C(NCCc1ccc(I)cc1)SCCCc1c[nH]cn1,8.1
COc1ccc(CNC(=N)SCCCc2c[nH]cn2)cc1,8.1
N=C(NCCCc1ccccc1)SCCCc1c[nH]cn1,8.0
N=C(NCc1ccc(F)cc1)SCCCc1c[nH]cn1,8.3
N=C(NCc1ccc(Cl)c(Cl)c1)SCCCc1c[nH]cn1,8.2
Cc1ccc(CCNC(=N)SCCCc2c[nH]cn2)cc1,7.9
N=C(NCCCCc1ccccc1)SCCCc1c[nH]cn1,7.7
N=C(NCCC(c1ccccc1)c1ccccc1)SCCCc1c[nH]cn1,7.5
N=C(N)SCCc1c[nH]cn1,8.8
N=C(NCCCc1c[nH]cn1)NCc1ccccc1,7.1
N=C(NCCc1ccccc1)SCCCc1c[nH]cn1,7.7
N=C(NCc1ccc(Br)cc1)SCCCc1c[nH]cn1,8.6
N=C(N)SCCCc1c[nH]cn1,8.6
COc1ccc(CCNC(=N)SCCCc2c[nH]cn2)cc1,7.7
CN1CC2CCC3c4ccc(-c5ccc(C#N)cc5)cc4CCC23C1,7.84
CC(C)N1CC2CCN(c3ccc(-c4ccc(C#N)cc4)cc3)C2C1,7.37
CN1CC2CCN(c3ccc(-c4ccc(F)cc4)cc3)C2C1,7.97
CN1CC2CCN(c3ccc(Oc4ccccc4)cc3)C2C1,7.6
CCCN1CC2CCN(c3ccc(-c4ccc(C#N)cc4)cc3)C2C1,7.15
CC(=O)c1ccc(-c2ccc(N3CCC4CN(C)CC43)cc2)cc1,8.49
CN1CC2CCN(c3ccc(-c4cccc(C#N)c4)cc3)C2C1,8.31
CN1CC2CCN(c3ccc(Cc4ccccc4)cc3)C2C1,7.58
CC(=O)c1cccc(-c2ccc3c(c2)CCC24CN(C)CC2CCC34)c1,7.81
CN1CC2CCN(c3ccc(-c4ccc(C#N)cc4)cc3)C2C1,9.27
CN1CC2CCN(c3cccc(-c4ccccc4)c3)C2C1,6.29
CN1CC2CN(c3ccc(-c4ccc(C#N)cc4)cc3)CC21,7.05
CN1CC2CCN(c3ccc4cc(Br)ccc4c3)C2C1,6.74
COc1ccc(-c2ccc(N3CCC4CN(C)CC43)cc2)cc1,8.82
CCCCN1CC2CCN(c3ccc(-c4ccc(C#N)cc4)cc3)C2C1,6.26
CN1CC2CCN(c3ccc4cc(-c5ccc(F)cc5)ccc4c3)C2C1,7.69
CN1CCC2CN(c3ccc(-c4ccc(C#N)cc4)cc3)CC21,7.21
CN1CC2CCN(c3ccc(-c4ccccc4)cc3)C2C1,7.88
N#Cc1ccc(-c2ccc(N3CCC4CNCC43)cc2)cc1,6.49
CN1CC2CCN(c3ccc(Br)cc3)C2C1,7.0
N#Cc1ccc(-c2ccc(N3CCC4CN(CC5CC5)CC43)cc2)cc1,7.26
CC(C)CN1CC2CCN(c3ccc(-c4ccc(C#N)cc4)cc3)C2C1,6.64
CCN1CC2CCN(c3ccc(-c4ccc(C#N)cc4)cc3)C2C1,8.18
CN1CC2CCN(c3ccc(-c4ccc(Br)cc4)cc3)C2C1,7.91
CC(C)N1CCC(Sc2ncc(C(=O)c3ccc(Cl)cc3)n2C)CC1,8.7
CC(C)N1CCC(CCOc2ncc(C(=O)c3ccc(Cl)cc3)n2C)CC1,7.16
CC(C)N1CCC(COc2ncc(C(=O)c3ccccc3Cl)n2C)CC1,9.0
CC(C)N1CCC(Oc2ncc(C(=O)c3ccc(Cl)cc3)n2C)CC1,8.0
CC(C)N1CCC(COc2ncc(C(=O)c3ccc([N+](=O)[O-])cc3)n2C)CC1,8.4
CC(C)N1CCC(COc2ncc(C(=O)c3cc(Cl)cc(Cl)c3)n2C)CC1,8.4
c1cc(Sc2ccc(C3CCC4CCCCN43)cc2)ccn1,7.92
CN(C)CCCSc1ncc(C(=O)c2ccc(Cl)cc2)n1C,8.3
CC(C)N1CCC(COc2ncc(C(=O)c3ccc(C(F)(F)F)cc3)n2C)CC1,8.4
Cn1c(C(=O)c2ccc(Cl)cc2)cnc1OCCCN1CCCCC1,7.85
CN(C)CCSc1ncc(Cc2ccc(Cl)cc2)n1C,7.15
Cn1c(C(=O)c2ccc(Cl)cc2)cnc1SCCCN1CCCCC1,8.22
CC(C)N1CCC(COc2ncc(C(=O)c3cccc(Cl)c3)n2C)CC1,8.3
Cn1c(C(=O)c2ccc(Cl)cc2)cnc1NCCCN1CCCCC1,7.3
CC(C)c1ccc(C(=O)c2cnc(OCC3CCN(C(C)C)CC3)n2C)cc1,8.05
CC(C)N1CCC(COc2ncc(C(=O)c3ccccc3)n2C)CC1,9.0
Cn1c(C(=O)c2ccc(Cl)cc2)cnc1CCCCN1CCCCC1,7.62
CN(C)CCCSc1ncc(Cc2ccc(Cl)cc2)n1C,7.7
C(#Cc1ccc(CN2CCCC2)cc1)CCN1CCCCC1,9.21
CN(C)Cc1ccc(C#CCCN2CCCCC2)cc1,9.04
CN1CCN(Cc2ccc(C#CCCN3CCCCC3)cc2)CC1,9.01
NC(=O)C1CCN(Cc2cccc(C#CCCN3CCCCC3)c2)CC1,9.26
C(#Cc1ccc(CN2CCOCC2)cc1)CCN1CCCCC1,8.76
C(#Cc1cccc(CN2CCCC2)c1)CCN1CCCCC1,7.09
NC(=O)C1CCN(Cc2ccc(C#CCCN3CCCCC3)cc2)CC1,9.12
C(#Cc1ccc(CN2CCN(Cc3ccccc3)CC2)cc1)CCN1CCCCC1,8.72
CCN(CC)CCC#Cc1ccc(CN2CCCCC2)cc1,8.87
C(#Cc1cccc(CN2CCCCC2)c1)CCN1CCCCC1,9.11
C(#Cc1ccccc1)CCN1CCCCC1,7.25
C(#Cc1ccc(CN2CCCCC2)cc1)CCN1CCCC1,9.17
C(#Cc1ccc(CN2CCC(Cc3ccccc3)CC2)cc1)CCN1CCCCC1,8.46
CC(C)N1CCN(Cc2ccc(C#CCCN3CCCCC3)cc2)CC1,9.06
C(#Cc1ccccc1N1CCCCC1)CCN1CCCCC1,7.08
OC1CCN(Cc2ccc(C#CCCN3CCCCC3)cc2)CC1,9.05
C(#Cc1cccc(CN2CCCCC2)c1)CCN1CCOCC1,7.84
CN1CCN(CCC#Cc2ccc(CN3CCCCC3)cc2)CC1,8.28
CN1CCN(Cc2cccc(C#CCCN3CCCCC3)c2)CC1,9.14
C(#Cc1ccc(CN2CCCCC2)cc1)CCN1CCOCC1,8.3
C(#Cc1ccc(CN2CCCCC2)cc1)CCN1CCSCC1,8.42
c1ncc(-c2cnc3nc(N4CCC(N5CCCCC5)CC4)sc3c2)cn1,7.6
Fc1ncccc1-c1cc2sc(N3CCC(N4CCCCC4)CC3)nc2cn1,7.7
c1ncc(-c2cc3sc(N4CCC(N5CCCCC5)CC4)nc3cn2)cn1,7.6
COc1cc(-c2cnc3nc(N4CCC(N5CCCCC5)CC4)sc3c2)ccn1,8.4
COc1ccc(-c2cc3sc(N4CCC(N5CCCCC5)CC4)nc3cn2)cn1,7.03
Clc1cc2sc(N3CCC(N4CCCCC4)CC3)nc2cn1,8.0
CC(=O)Nc1ccc(-c2cnc3nc(N4CCC(N5CCCCC5)CC4)sc3c2)cn1,8.0
N#Cc1cncc(-c2cc3sc(N4CCC(N5CCCCC5)CC4)nc3cn2)c1,7.66
N#Cc1ccc(-c2cnc3nc(N4CCC(N5CCCCC5)CC4)sc3c2)cc1,7.55
Nc1ccc(-c2cc3sc(N4CCC(N5CCCCC5)CC4)nc3cn2)cn1,7.6
N#Cc1cncc(-c2cnc3nc(N4CCC(N5CCCCC5)CC4)sc3c2)c1,7.8
N#Cc1cc(-c2cnc3nc(N4CCC(N5CCCCC5)CC4)sc3c2)ccc1F,7.64
Nc1cnc2nc(N3CCC(N4CCCCC4)CC3)sc2c1,7.1
CC(=O)c1cccc(-c2cc3sc(N4CCC(N5CCCCC5)CC4)nc3cn2)c1,7.1
CC(=O)Nc1cnc2nc(N3CCC(N4CCCCC4)CC3)sc2c1,7.51
Oc1ccc(-c2cc3sc(N4CCC(N5CCCCC5)CC4)nc3cn2)cn1,8.1
Nc1cc2sc(N3CCC(N4CCCCC4)CC3)nc2cn1,7.14
Oc1ccc(-c2cnc3nc(N4CCC(N5CCCCC5)CC4)sc3c2)cn1,7.38
Fc1ncccc1-c1cnc2nc(N3CCC(N4CCCCC4)CC3)sc2c1,7.38
Fc1cc(-c2cc3sc(N4CCC(N5CCCCC5)CC4)nc3cn2)ccn1,7.36
c1cc2sc(N3CCC(N4CCCCC4)CC3)nc2cn1,6.89
N#Cc1cc(-c2cc3sc(N4CCC(N5CCCCC5)CC4)nc3cn2)ccc1F,7.34
COc1cc(-c2cc3sc(N4CCC(N5CCCCC5)CC4)nc3cn2)ccn1,7.19
Clc1cnc2nc(N3CCC(N4CCCCC4)CC3)sc2c1,6.9
N#Cc1ccc(-c2cc3sc(N4CCC(N5CCCCC5)CC4)nc3cn2)cc1,6.9
COc1cccc(-c2cc3sc(N4CCC(N5CCCCC5)CC4)nc3cn2)c1,6.64
CC(=O)Nc1cc2sc(N3CCC(N4CCCCC4)CC3)nc2cn1,7.28
Cc1ccc(-c2cnc3nc(N4CCC(N5CCCCC5)CC4)sc3c2)cn1,6.88
N#Cc1cnc2nc(N3CCC(N4CCCCC4)CC3)sc2c1,7.44
Nc1cnc(-c2cnc3nc(N4CCC(N5CCCCC5)CC4)sc3c2)cn1,7.18
Oc1ccc(-c2cc3sc(N4CCC(N5CCCCC5)CC4)nc3cn2)cc1,6.67
Clc1ccc2nc(N3CCC(N4CCCCC4)CC3)sc2n1,5.77
Nc1cnc(-c2cc3sc(N4CCC(N5CCCCC5)CC4)nc3cn2)cn1,7.77
CC(=O)c1cccc(-c2cnc3nc(N4CCC(N5CCCCC5)CC4)sc3c2)c1,7.48
Brc1cnc2nc(N3CCC(N4CCCCC4)CC3)sc2c1,6.85
Fc1ccc(-c2cnc3nc(N4CCC(N5CCCCC5)CC4)sc3c2)cn1,7.2
Oc1ccc(-c2cnc3nc(N4CCC(N5CCCCC5)CC4)sc3c2)cc1,7.23
COc1cccc(-c2cnc3nc(N4CCC(N5CCCCC5)CC4)sc3c2)c1,6.85
Nc1ccc(-c2cnc3nc(N4CCC(N5CCCCC5)CC4)sc3c2)cn1,7.8
Fc1ccc(-c2cc3sc(N4CCC(N5CCCCC5)CC4)nc3cn2)cn1,7.46
COc1ccc(-c2cnc3nc(N4CCC(N5CCCCC5)CC4)sc3c2)cn1,7.46
N#Cc1cc2sc(N3CCC(N4CCCCC4)CC3)nc2cn1,7.46
CN1CCN(c2cc(NCc3c(Cl)cccc3Cl)nc(N)n2)CC1,6.29
CN1CCN(c2cc(NCc3ccc(F)cc3)nc(N)n2)CC1,6.49
CN1CCN(c2cc(NCc3ccccc3Cl)nc(N)n2)CC1,6.46
Cc1ccccc1CNc1cc(N2CCN(C)CC2)nc(N)n1,6.35
CCNS(=O)(=O)c1ccc(-c2ccc(CCN3CCCC3C)cc2)cc1,8.1
CC1CCCN1CCc1ccc(-c2ccc(S(=O)(=O)N3CCOCC3)cc2)cc1,8.52
CC1CCCN1CCc1ccc(-c2ccc(S(=O)(=O)NC3CCOCC3)cc2)cc1,8.15
CC1CCN(C(=O)c2ccc3cc(OCCCN4CCCCC4)ccc3n2)CC1,6.52
COC1CCN(C(=O)c2ccc3cc(OC4CCN(C(C)C)CC4)ccc3c2)CC1,7.21
CC(C)N1C2CCC(Oc3ccc4nc(C(=O)N5CCOCC5)ccc4c3)CC1C2,7.52
CC(C)N1CCC(Oc2ccc3nc(C(=O)N4CCOCC4)ccc3c2)CC1,6.62
CC(C)CN1CCC(Oc2ccc3cc(C(=O)N4CCC(C)CC4)ccc3c2)CC1,7.44
CC1CCN(C(=O)c2ccc3cc(OC4CCN(C(C)C)CC4)ccc3c2)CC1,7.47
CC(C)N1CCC(Oc2ccc3nc(C(=O)N4CCCC4C#N)ccc3c2)CC1,7.06
CC1CCN(C(=O)c2ccc3cc(OCCCN4CCOCC4)ccc3c2)CC1,5.7
COC1CCN(C(=O)c2ccc3cc(OCCCN4CCCCC4)ccc3c2)CC1,7.52
CC1CCN(C(=O)c2ccc3cc(OC4CCN(C(C)C)C4)ccc3c2)CC1,6.63
CC(C)N1CCC(Oc2ccc3cc(C(=O)N4CCOCC4)ccc3c2)CC1,7.4
CC(C)N1CCC(Oc2ccc3nc(C(=O)N4CCC4)ccc3c2)CC1,7.21
CC1CCN(C(=O)c2ccc3cc(OCCCN4CCCCC4)ccc3c2)CC1,8.15
CC(C)N1CCC(Oc2ccc3cc(C(=O)N4CCCC4C)ccc3c2)CC1,7.82
CC(C)N1CCC(Oc2ccc3cc(C(=O)N4CCC(CO)CC4)ccc3c2)CC1,6.81
CC1CCN(C(=O)c2ccc3cc(OCCC4CCCN4C)ccc3c2)CC1,6.24
O=C(c1ccc2cc(OCCCN3CCCCC3)ccc2n1)N1CCC1,6.92
COC1CCN(C(=O)c2ccc3cc(OC4CCN(C(C)C)CC4)ccc3n2)CC1,6.9
Cn1c(-c2ccc(OCCCN3CCCC3)cc2)nc2ccccc2c1=O,8.38
COc1cccc2c1OC(c1ccc(OCCCN3CCCC3)cc1)C(C)S2(=O)=O,9.0
O=C(c1ccc(Cn2ccc3ccccc32)cc1)N1CCC(N2CCCC2)C1,7.82
O=C(c1cccc(Cn2cnc3ccccc32)c1)N1CCC(N2CCCC2)C1,6.4
O=C(c1ccc(Cn2c(-c3ccccc3)nc3ccccc32)cc1)N1CCC(N2CCCC2)C1,8.0
CN(C)C1CCN(C(=O)c2ccc(Cn3c(-c4ccccn4)nc4ccccc43)cc2)C1,6.63
O=C(c1ccc(Cn2ccc3ccc(Cl)cc32)cc1)N1CCC(N2CCCC2)C1,6.82
Cc1nc2ccccc2n1Cc1ccc(C(=O)N2CCC(N(C)C)C2)cc1,7.77
O=C(c1ccc(Cn2ccc3cccc(Cl)c32)cc1)N1CCC(N2CCCC2)C1,8.6
CN(C)C1CCN(C(=O)c2ccc(Cn3c(-c4ccccc4)nc4ccccc43)cc2)C1,7.19
CN(C)C1CCN(C(=O)c2ccc(Cn3cnc4ccccc43)cc2)C1,6.41
O=C(c1ccc(Cn2ccc3cc(Cl)ccc32)cc1)N1CCC(N2CCCC2)C1,6.89
O=C(c1ccc(Cn2cnc3ccccc32)cc1)N1CCC(N2CCCC2)C1,8.0
Cc1nc2ccccc2n1Cc1ccc(C(=O)N2CCC(N3CCCC3)C2)cc1,8.52
Cc1[nH]cnc1C1CC1CCNCc1ccc(Cl)cc1,7.41
O=C1NC(=O)C(=Cc2ccc(OCCCN3CCCCC3)cc2)S1,8.1
c1cc(C2=NCCN2)ccc1OCCCN1CCCCC1,8.1
O=C(O)C1CSC(c2ccc(OCCCN3CCCCC3)cc2)N1,8.0
COC(=O)C1CSC(c2ccc(OCCCN3CCCCC3)cc2)N1,8.4
O=C(O)c1cn(C2CC2)c2cc(N3CCN(Cc4ccc(OCCCN5CCCCC5)cc4)CC3)c(F)cc2c1=O,8.7
O=C1NC(=S)SC1=Cc1ccc(OCCCN2CCCCC2)cc1,8.3
O=C1NC(=O)C(Cc2ccc(OCCCN3CCCCC3)cc2)S1,7.3
CCCCCC(C)NC(=O)OCCCc1c[nH]cn1,7.39
CCCCC(CC)CNC(=O)OCCCc1c[nH]cn1,7.43
CCCC(C)NC(=O)OCCCc1c[nH]cn1,7.82
CCCC(C)CNC(=O)OCCCc1c[nH]cn1,8.08
CC(C)CCC(C)NC(=O)OCCCc1c[nH]cn1,7.52
CC(C)CCCNC(=O)OCCCc1c[nH]cn1,7.89
CCCCCCC(C)NC(=O)OCCCc1c[nH]cn1,7.04
CC(C)CCCC(C)NC(=O)OCCCc1c[nH]cn1,7.12
CCC(C)NC(=O)OCCCc1c[nH]cn1,7.92
CCC(C)CCNC(=O)OCCCc1c[nH]cn1,7.89
CCC(C)CNC(=O)OCCCc1c[nH]cn1,8.33
CCCCC(C)NC(=O)OCCCc1c[nH]cn1,7.72
N#CN=C(NCCCCc1c[nH]cn1)NCCSc1ccccc1,6.28
CC(=O)N1CC(Oc2ccccn2)CC1C(=O)N1CCCN(C2CCC2)CC1,8.27
O=C(C1CC(Oc2ccc(Cl)cc2)CN1)N1CCCN(C2CCC2)CC1,8.7
O=C(N1CCCN(C2CCC2)CC1)C1(Cc2ccc(F)cc2)CCCN1,7.8
COc1cccc(OC2CNC(C(=O)N3CCCN(C4CCC4)CC3)C2)c1,8.3
CC(=O)N1CC(Oc2cccc(F)c2)CC1C(=O)N1CCCN(C(C)C)CC1,7.29
CC(=O)N1CC(Oc2cccc(F)c2)CC1C(=O)N1CCCN(C)CC1,6.34
CCOC(=O)N1CC(Oc2cccc(F)c2)CC1C(=O)N1CCCN(C2CCC2)CC1,7.8
O=C(N1CCCN(C2CCC2)CC1)C1(Cc2ccc(C(F)(F)F)cc2)CCCN1,6.7
O=C(C1CC(Oc2ccc(F)cc2)CN1C1CCC1)N1CCCN(C2CCC2)CC1,7.77
O=C(C1CC(Oc2ccc(F)cc2)CN1C1CC1)N1CCCN(C2CCC2)CC1,7.89
O=C(C1CC(Cc2ccccc2)CN1)N1CCCN(C2CCC2)CC1,6.58
CC(=O)N1CC(Oc2cccc(F)c2)CC1C(=O)N1CCCNCC1,5.71
CC(=O)N1CC(Oc2ccsc2)CC1C(=O)N1CCCN(C2CCC2)CC1,8.57
CC(C)N1CC(Oc2ccc(F)cc2)CC1C(=O)N1CCCN(C2CCC2)CC1,7.92
Cc1ccccc1OC1CNC(C(=O)N2CCCN(C3CCC3)CC2)C1,8.55
O=C(C1CC(Cc2cccc(F)c2)CN1)N1CCCN(C2CCC2)CC1,6.46
O=C(N1CCCN(C2CCC2)CC1)C1(Cc2cccc(F)c2)CCCN1,7.36
CC(=O)N1CC(Oc2cccc(F)c2)CC1C(=O)N1CCCN(CC(C)C)CC1,7.89
Cc1cccc(OC2CNC(C(=O)N3CCCN(C4CCC4)CC3)C2)c1,8.28
O=C(C1CC(Oc2ccccc2)CN1)N1CCCN(C2CCC2)CC1,8.28
N#Cc1ccc(OC2CNC(C(=O)N3CCCN(C4CCC4)CC3)C2)cc1,8.62
O=C(C1CC(Oc2ccsc2)CN1)N1CCCN(C2CCC2)CC1,8.28
O=C(C1CC(Oc2cccc(F)c2)CN1C(=O)C1CC1)N1CCCN(C2CCC2)CC1,8.12
CC(=O)N1CC(Oc2cccnc2)CC1C(=O)N1CCCN(C2CCC2)CC1,8.22
CC(=O)N1CC(Oc2cccc(F)c2)CC1C(=O)N1CCCN(C2CCCCO2)CC1,7.16
CC(=O)N1CC(Oc2cccc(F)c2)CC1C(=O)N1CCCN(C2CCCC2)CC1,8.66
CSc1ccc(OC2CC(C(=O)N3CCCN(C4CCC4)CC3)N(C(C)=O)C2)cc1,7.3
O=C(C1CC(Oc2cccc(F)c2)CN1CC1CC1)N1CCCN(C2CCC2)CC1,8.15
O=C(C1CC(Oc2cccc(Cl)c2)CN1)N1CCCN(C2CCC2)CC1,8.6
CSc1ccc(OC2CNC(C(=O)N3CCCN(C4CCC4)CC3)C2)cc1,8.55
O=C(C1CC(Oc2cccnc2)CN1)N1CCCN(C2CCC2)CC1,8.59
Cc1ccc(OC2CNC(C(=O)N3CCCN(C4CCC4)CC3)C2)cc1,8.33
CS(=O)(=O)N1CC(Oc2ccc(F)cc2)CC1C(=O)N1CCCN(C2CCC2)CC1,8.92
N#Cc1ccc(OC2CNC(C(=O)N3CCCN(C4CCCC4)CC3)C2)cc1,8.49
CC(=O)N1CC(Oc2ccc(F)cc2)CC1C(=O)N1CCCN(C2CCC2)CC1,8.82
O=C(C1CC(Cc2ccc(F)cc2)CN1)N1CCCN(C2CCC2)CC1,6.52
O=C(C1CC(Oc2ccc(F)cc2)CN1)N1CCCN(C2CCC2)CC1,8.8
O=C(C1CC(Oc2ccc(F)cc2)CN1)N1CCCN(C2CCCC2)CC1,8.39
O=C(C1CC(Oc2ccc(C(F)(F)F)cc2)CN1)N1CCCN(C2CCC2)CC1,8.39
CC(=O)N1CC(Oc2cccc(F)c2)CC1C(=O)N1CCCN(C2CCC2)CC1,8.8
CC(=O)N1CC(Oc2cccc(F)c2)CC1C(=O)N1CCCN(Cc2ccccc2)CC1,6.82
CC(=O)N1CC(Oc2cccs2)CC1C(=O)N1CCCN(C2CCC2)CC1,8.43
CN1CC(Oc2ccc(F)cc2)CC1C(=O)N1CCCN(C2CCC2)CC1,8.74
O=C(C1CC(Oc2ccccn2)CN1)N1CCCN(C2CCC2)CC1,8.34
Cc1cc(OC2CNC(C(=O)N3CCCN(C4CCC4)CC3)C2)ccc1Cl,8.89
O=C(N1CCCN(C2CCC2)CC1)C1(Cc2ccccc2)CCCN1,7.96
Nc1cc(CN2CCC(N(C(=O)NCc3ccc(F)cc3)c3ccc(Cl)cc3)CC2)ccn1,8.52
O=C(NCc1ccccc1)N(c1ccc(Br)cc1)C1CCN(C2CCCC2)CC1,8.0
O=C(NCc1ccc(F)cc1)N(c1ccc(Br)cc1)C1CCN(CCO)CC1,7.17
CS(=O)(=O)N1CCC(N(C(=O)NCc2ccc(F)cc2)c2ccc(Cl)cc2)CC1,6.07
O=C(NCc1ccc(F)cc1)N(c1ccc(Br)cc1)C1CCN(C2CCCC2)CC1,8.15
O=C(NCc1ccccc1)N(c1ccc(Br)cc1)C1CCN(Cc2ccnnc2)CC1,8.0
O=C(NCc1cc(Cl)cc(Cl)c1)N(c1ccc(Br)cc1)C1CCN(C2CCCC2)CC1,7.44
CCN1CCC(N(C(=O)NCc2ccc(F)cc2)c2ccc(F)cc2)CC1,6.35
O=C(NCc1ccc(Cl)c(Cl)c1)N(c1ccc(Br)cc1)C1CCN(C2CCCC2)CC1,6.72
CCN1CCC(N(C(=O)NCc2ccc(F)cc2)c2ccc(Cl)cc2)CC1,8.15
O=C(Nc1ccccc1)N(c1ccc(Br)cc1)C1CCN(C2CCCC2)CC1,7.85
O=C(NCc1ccccc1)N(c1ccc(Br)cc1)C1CCN(Cc2ccncc2)CC1,8.7
O=C(NCc1ccc(F)cc1)N(c1ccc(Cl)cc1)C1CCN(Cc2ccncc2)CC1,7.8
O=C(NCc1ccc(F)cc1)N(c1ccc(Cl)cc1)C1CCN(Cc2ccnc(O)c2)CC1,6.21
COc1ccc(CNC(=O)N(c2ccc(Br)cc2)C2CCN(C3CCCC3)CC2)cc1,7.33
CCN1CCC(N(C(=O)NCc2ccc(F)cc2)c2ccc(CO)cc2)CC1,6.25
O=C(NCc1ccc(F)cc1)N(c1ccc(Cl)cc1)C1CCN(Cc2ccnnc2)CC1,7.31
c1nc(CCNc2ccc(C3CCCCC3)cc2)c[nH]1,8.39
NCCc1c[nH]cn1,8.28
Cc1ccc(NCCc2c[nH]cn2)cc1C,8.0
CC(C)(C)c1ccc(SCCc2c[nH]cn2)cc1,9.77
COc1ccc(SCCc2c[nH]cn2)cc1,7.62
c1ccc(NCCc2c[nH]cn2)cc1,7.25
CC(C)(C)c1cccc(NCCc2c[nH]cn2)c1,8.66
CC(C)(C)c1ccc(NCCc2c[nH]cn2)cc1,9.05
c1nc(CCNC2CCCCC2)c[nH]1,5.8
Cc1ccc(NCCc2c[nH]cn2)cc1,7.85
Nc1nc(N2CCC(N)C2)c2c(n1)C1(CCCC1)CCC2,6.53
CNC1CN(c2nc(N)nc3c2CCCC32CCCC2)C1,7.2
CNC1CCN(c2nc(N)nc3c2CCCC32CCCC2)C1,6.98
CNC1CCN(c2nc(N)nc3c2CCCC(c2ccccc2)C3)C1,6.65
Nc1nc2c(c(N3CCNCC3)n1)CCCCC2c1ccccc1,5.65
Cc1c(-c2ccc3cc(CCN4CCCC4C)ccc3n2)cnn1C,9.8
CC1CCCN1CCc1ccc2nc(-c3cccs3)ccc2c1,9.0
CC1CCCN1CCc1ccc2nc(-c3ccc(C#N)cc3)ccc2c1,9.16
CC1CCCN1CCc1ccc2nc(-c3ccncc3)ccc2c1,9.66
CC1CCCN1CCc1ccc2nc(-c3ccc(C#N)s3)ccc2c1,9.49
CC1CCCN1CCc1ccc2nc(-c3csc(-c4ccc(OCC(F)(F)F)nc4)n3)ccc2c1,7.6
CC1CCCN1CCc1ccc2nc(-c3ccccn3)ccc2c1,9.12
CCOC(=O)c1c(C)noc1-c1ccc2cc(CCN3CCCC3C)ccc2n1,9.15
Cc1nc(-c2ccncc2)sc1-c1ccc2cc(CCN3CCCC3C)ccc2n1,9.49
Cc1c(-c2ccc3cc(CCN4CCCC4C)ccc3n2)nnn1-c1ccc(F)cc1F,9.54
Cc1c(-c2ccc3cc(CCN4CCCC4C)ccc3n2)cnn1-c1ccc(Cl)c(Cl)c1,9.13
Cc1c(-c2ccc3cc(CCN4CCCC4C)ccc3n2)cnn1-c1ccc(N(C)C)nn1,9.72
CC1CCCN1CCc1ccc2nc(C3CC3)ccc2c1,8.13
CC1CCCN1CCc1ccc2nc(-c3ccn4ncnc4n3)ccc2c1,9.16
CC1CCCN1CCc1ccc2ncccc2c1,8.13
CC1CCCN1CCc1ccc2nc(-c3c(O)ccnc3C(F)(F)F)ccc2c1,6.64
Cc1nc(C)c(-c2ccc3cc(CCN4CCCC4C)ccc3n2)s1,9.72
CC1CCCN1CCc1ccc2nc(-c3cnc(-c4ccccc4)s3)ccc2c1,8.96
Cc1onc(-c2ccc(Cl)cc2)c1-c1ccc2cc(CCN3CCCC3C)ccc2n1,9.8
Cc1nc(C)c(-c2ccc3cc(CCN4CCCC4C)ccc3n2)cc1C#N,9.55
Cc1c(-c2ccc(Cl)cc2)noc1-c1ccc2cc(CCN3CCCC3C)ccc2n1,8.11
CC1CCCN1CCc1ccc2nc(-c3ccc(N4CCCCC4)cc3)ccc2c1,9.0
COc1ncc(-c2ccc3cc(CCN4CCCC4C)ccc3n2)cn1,9.64
CC1CCCN1CCc1ccc2nc(-c3ccc(Cl)nc3)ccc2c1,9.6
CC1CCCN1CCc1ccc2nc(-c3ccsc3)ccc2c1,8.6
Cc1ccc2cc(CCN3CCCC3C)ccc2n1,7.92
CCOC(=N)c1ccc(-c2ccc3cc(CCN4CCCC4C)ccc3n2)s1,9.19
CC1CCCN1CCc1ccc2nc(C3=NCCS3)ccc2c1,8.42
CC1CCCN1CCc1ccc2nc(-c3ccn[nH]3)ccc2c1,8.49
CC1CCCN1CCc1ccc2nc(-c3csc(-c4cc(Cl)nc(Cl)c4)n3)ccc2c1,7.55
CC1CCCN1CCc1ccc2nc(-c3cccnc3)ccc2c1,9.96
CC1CCCN1CCc1ccc2nc(-c3cn[nH]c3)ccc2c1,9.05
Cc1ccc(-c2ccc(-c3ccc4cc(CCN5CCCC5C)ccc4n3)s2)s1,7.68
Cc1cc(C(F)(F)F)cc(-n2ncc(-c3ccc4cc(CCN5CCCC5C)ccc4n3)c2C)n1,8.96
CC1CCCN1CCc1ccc2nc(-c3cncnc3)ccc2c1,9.72
CC1CCCN1CCc1ccc2nc(-c3cn4c(n3)SCC4)ccc2c1,9.07
CC1CCCN1CCc1ccc2nc(-c3nc4ccccc4s3)ccc2c1,8.54
Cc1nc(C)c(-c2ccc3cc(CCN4CCCC4C)ccc3n2)o1,9.25
CC1CCCN1CCc1ccc2nc(-c3cnc4c(c3)OCO4)ccc2c1,9.08
Cc1onc(-c2ccccc2)c1-c1ccc2cc(CCN3CCCC3C)ccc2n1,10.0
Cc1n[nH]cc1-c1ccc2cc(CCN3CCCC3C)ccc2n1,9.7
Cc1nc(N2CCOCC2)sc1-c1ccc2cc(CCN3CCCC3C)ccc2n1,9.25
CCOC(=O)c1cc(-c2ccc3cc(CCN4CCCC4C)ccc3n2)on1,8.46
Cc1c(-c2ccc3cc(CCN4CCCC4C)ccc3n2)sc2ncnn12,10.0
CC1CCCN1CCc1ccc2nc(-c3csc(-c4ccccc4)n3)ccc2c1,8.17
CC1CCCN1CCc1ccc2nc(-c3cc(Br)no3)ccc2c1,8.74
CC1CCCN1CCc1ccc2nc(-c3nccs3)ccc2c1,9.36
CC1CCCN1CCc1ccc2nc(-c3c(-c4ccccc4)nn(C)c3Cl)ccc2c1,9.39
Cc1nc(C)c(-c2ccc3cc(CCN4CCCC4C)ccc3n2)cc1C(N)=O,9.01
Cc1nc(-c2cnccn2)sc1-c1ccc2cc(CCN3CCCC3C)ccc2n1,9.46
Cc1c(-c2ccc3cc(CCN4CCCC4C)ccc3n2)sc2nc3ccccc3n12,9.44
Cc1ccc(-c2ccc3cc(CCN4CCCC4C)ccc3n2)c(C)n1,9.44
CC1CCN(c2ccc3cc(CCN4CCCC4C)ccc3n2)CC1,10.3
CC1CCCN1CCc1ccc2nc(-c3ccc4nccnc4c3)ccc2c1,9.43
Cc1nc(-c2cccs2)sc1-c1ccc2cc(CCN3CCCC3C)ccc2n1,9.02
CC1CCCN1CCc1ccc2nc(-c3ccc4c(c3)COCO4)ccc2c1,9.4
CC1CCCN1CCc1ccc2nc(C(C)(C)C)ccc2c1,7.96
Cc1nc(-c2nc(-c3ccc4cc(CCN5CCCC5C)ccc4n3)cs2)cs1,8.77
Cc1ccc(-c2ccc3cc(CCN4CCCC4C)ccc3n2)cn1,9.82
Cc1nc2ccccn2c1-c1ccc2cc(CCN3CCCC3C)ccc2n1,9.92
CC1CCCN1CCc1ccc2nc(-c3ccoc3)ccc2c1,8.29
Cc1n[nH]c(C)c1-c1ccc2cc(CCN3CCCC3C)ccc2n1,9.03
CC1CCCN1CCc1ccc2nc(-c3ccc(-n4ccc(=O)cc4)cc3)ccc2c1,9.92
Cc1cc(-c2ccc3cc(CCN4CCCC4C)ccc3n2)nc(-c2ccccc2)n1,8.77
CC1CCCN1CCc1ccc2nc(-c3cnccn3)ccc2c1,9.96
Cc1cc(-c2nc(-c3ccc4cc(CCN5CCCC5C)ccc4n3)cs2)no1,9.05
Cc1nc(-c2ccccn2)sc1-c1ccc2cc(CCN3CCCC3C)ccc2n1,9.47
Cc1nc(-c2cccnc2)sc1-c1ccc2cc(CCN3CCCC3C)ccc2n1,9.46
CC(C)N1CCN(C(=O)c2ccc(Oc3cccc(Cl)c3)nc2)CC1,7.0
O=C(c1ccc(Oc2ccc(F)cc2)cn1)N1CCCN(C2CCC2)CC1,8.54
O=C(c1cccc(Oc2ccc(Cl)c(Cl)c2)n1)N1CCCN(C2CCC2)CC1,6.8
O=C(c1ccc(Oc2ccc(F)cc2)nc1)N1CCCN(C2CCC2)CC1,8.85
CN1CCCN(C(=O)c2ccc(Oc3ccc(F)cc3)nc2)CC1,6.07
O=C(c1ccc(Oc2ccc(Cl)cc2)nc1)N1CCCN(C2CCC2)CC1,7.23
O=C(c1ccc(Oc2ccccc2)nc1)N1CCCN(C2CC2)CC1,8.0
O=C(c1ccc(Oc2ccc(Cl)cc2)nc1)N1CCCN(C2CC2)CC1,7.89
O=C(c1ccc(Oc2cccc(Cl)c2)cn1)N1CCCN(C2CCC2)CC1,8.33
CC(C)N1CCCN(C(=O)c2ccc(Oc3ccc(Cl)c(Cl)c3)cn2)CC1,8.82
O=C(c1ccc(Oc2ccccc2F)cn1)N1CCCN(C2CCC2)CC1,8.37
O=C(c1ccc(Sc2ccccc2)nc1)N1CCCN(C2CCC2)CC1,8.64
CC(C)N1CCN(C(=O)c2ccc(Oc3ccc(F)cc3)nc2)CC1,7.1
O=C(c1ccc(Oc2ccccc2)nc1)N1CCCN(C2CCC2)CC1,8.36
CC(C)N1CCCN(C(=O)c2ccc(Oc3ccc(Cl)c(Cl)c3)nc2)CC1,7.75
O=C(c1ccc(Sc2ccc(F)cc2)nc1)N1CCCN(C2CCC2)CC1,7.54
O=C(c1ccc(Oc2cccc(F)c2)nc1)N1CCCN(C2CC2)CC1,7.8
CCN1CCCN(C(=O)c2ccc(Oc3ccc(F)cc3)nc2)CC1,7.47
N#Cc1cccc(Oc2ccc(C(=O)N3CCCN(C4CCC4)CC3)cn2)c1,8.74
O=C(c1ccc(Sc2ccc(F)cc2)cn1)N1CCCN(C2CCC2)CC1,8.34
O=C(c1cncc(Oc2ccccc2)c1)N1CCCN(C2CCC2)CC1,7.96
CC(C)N1CCN(C(=O)c2ccc(Oc3cccc(C#N)c3)nc2)CC1,6.96
O=C(c1cncc(Oc2ccc(F)cc2)c1)N1CCCN(C2CCC2)CC1,7.77
O=C(c1ccc(Oc2cccc(Cl)c2)nc1)N1CCCN(C2CC2)CC1,7.77
CC(C)N1CCN(C(=O)c2ccc(Oc3ccccc3)nc2)CC1,6.58
O=C(c1ccc(Oc2ccccc2Cl)nc1)N1CCCN(C2CCC2)CC1,7.77
CC(C)N1CCN(C(=O)c2ccc(Oc3ccccc3Cl)nc2)CC1,7.51
O=C(c1ccc(Oc2ccccc2Cl)nc1)N1CCN(C2CCCC2)CC1,7.4
O=C(c1ccc(Oc2ccc(F)cc2)nc1)N1CCCN(C2CC2)CC1,7.6
CC(C)N1CCN(C(=O)c2ccc(Oc3ccc(Cl)c(Cl)c3)nc2)CC1,7.11
O=C(c1cc(Oc2ccccc2)ccn1)N1CCCN(C2CCC2)CC1,7.39
O=C(c1ccc(Oc2ccc(Cl)c(Cl)c2)cn1)N1CCCN(C2CC2)CC1,8.0
CSc1ccc(Oc2ccc(C(=O)N3CCN(C(C)C)CC3)cn2)cc1,6.64
O=C(c1ccc(Oc2ccc(F)cc2)nc1)N1CCCNCC1,5.05
O=C(c1ccc(Oc2cccc(Cl)c2)nc1)N1CCCN(C2CCC2)CC1,9.0
N#Cc1cccc(Oc2ccc(C(=O)N3CCCN(C4CC4)CC3)cn2)c1,7.92
O=C(c1ccc(Sc2ccccc2)cn1)N1CCCN(C2CCC2)CC1,8.43
O=C(c1cc(Oc2ccc(F)cc2)ccn1)N1CCCN(C2CCC2)CC1,8.24
CC(C)N1CCCN(C(=O)c2cccc(Oc3ccc(Cl)c(Cl)c3)n2)CC1,6.37
O=C(c1ccc(Oc2cccc(F)c2)nc1)N1CCCN(C2CCC2)CC1,8.39
O=C(c1ccc(Oc2cccc(F)c2)cn1)N1CCCN(C2CCC2)CC1,8.26
O=C(c1ccc(Oc2ccc(Cl)cc2)cn1)N1CCCN(C2CCC2)CC1,8.26
O=C(c1ccc(Oc2ccc(F)cc2)nc1)N1CCN(C2CC2)CC1,6.37
CC(C)N1CCN(C(=O)c2ccc(Oc3ccc(Cl)cc3)nc2)CC1,7.14
O=C(c1cccc(Oc2ccc(Cl)c(Cl)c2)n1)N1CCCN(C2CC2)CC1,5.98
c1ccc2cc(N3CCC(Cc4c[nH]cn4)CC3)ccc2c1,7.8
CC(C)c1ccc(N2CCC(Cc3c[nH]cn3)CC2)cc1,7.85
Fc1ccc(N2CCC(Cc3c[nH]cn3)CC2)cc1,7.92
c1ccc(N2CCC(Cc3c[nH]cn3)CC2)cc1,7.52
CC(C)(C)c1ccc(N2CCC(Cc3c[nH]cn3)CC2)cc1,7.85
c1cncc(N2CCC(Cc3c[nH]cn3)CC2)c1,6.9
O=[N+]([O-])c1ccc(N2CCC(Cc3c[nH]cn3)CC2)cc1,7.7
c1ccc(-c2ccc(N3CCC(Cc4c[nH]cn4)CC3)cc2)cc1,7.21
FC(F)(F)c1ccc(N2CCC(Cc3c[nH]cn3)CC2)cc1,8.74
CN(C)c1ccc(N2CCC(Cc3c[nH]cn3)CC2)cc1,8.85
COc1ccc(N2CCC(Cc3c[nH]cn3)CC2)cc1,8.27
FC(F)(F)c1cccc(N2CCC(Cc3c[nH]cn3)CC2)c1,9.0
CNc1ccc(N2CCC(Cc3c[nH]cn3)CC2)cc1,8.8
CC(C)c1cccc(N2CCC(Cc3c[nH]cn3)CC2)c1,9.0
CC(C)(C)c1ccc(SCC(c2c[nH]cn2)C2CCNCC2)cc1,6.28
FC(F)(F)c1ccc(SCC(c2cccnc2)c2c[nH]cn2)cc1,6.92
CC(C)(C)c1ccc(SCC(c2ccncc2)c2c[nH]cn2)cc1,6.89
FC(F)(F)c1ccc(SCC(c2c[nH]cn2)C2CCNCC2)cc1,7.85
CC(C)(C)c1ccc(SCC(c2ccccn2)c2c[nH]cn2)cc1,7.8
CC(C)(C)c1ccc(SCC(c2cccnc2)c2c[nH]cn2)cc1,7.19
Brc1nc(OCCCN2CCCCC2)sc1-c1ccccc1,7.03
CN(C)CCCOc1nc2c(s1)CCCC2=O,6.82
CC(=O)c1nc(OCCCN2CCCCC2)sc1C,6.81
c1ccc(-c2nc(OCCCN3CCCCC3)sc2-c2ccccc2)cc1,7.95
c1ccc(CN2CCc3sc(OCCCN4CCCCC4)nc3C2)cc1,6.58
C1CCN(CCCOc2nc3c(s2)CCOC3)CC1,6.46
Cc1nc(OCCCN2CCCCC2)sc1-c1ccccc1,7.39
C1CCN(CCCOc2nc3c(s2)CCCC3)CC1,6.45
CN(C)CCCOc1nc2c(s1)CCN(C)C2,6.59
CC(C)N1CCC(Oc2cc3cc4n(c3cc2Br)C(C)CNC4=O)CC1,8.4
CC(C)N1CCC(Oc2ccc3c(c2)cc2n3CCCN(CC3CC3)C2=O)CC1,7.77
CC(C)N1CCC(Oc2ccc3c(c2)cc2n3CCN(Cc3cccnc3)C2=O)CC1,8.3
O=C1NCCn2c1cc1cc(OCCCN3CCCCC3)ccc12,7.75
COCCN1CCn2c(cc3cc(OC4CCN(C(C)C)CC4)ccc32)C1=O,7.72
CC(C)N1CCC(Oc2ccc3c(c2)cc2n3C(C)CNC2=O)CC1,7.58
CC(C)N1CCC(Oc2ccc3c(c2)cc2n3CCN(Cc3cccc(F)c3)C2=O)CC1,7.85
CC1Cn2c(cc3cc(OC4CCN(C(C)C)CC4)ccc32)C(=O)N1,8.22
CC1CCC(C)N1CCCOc1ccc2c(c1)cc1n2CCNC1=O,7.96
CC(C)N1CCC(Oc2ccc3c(c2)cc2n3CCN(Cc3ccccc3F)C2=O)CC1,8.22
O=C1NCCn2c1cc1cc(OC3CCN(CC4CC4)CC3)ccc12,6.89
CC(C)N1CCC(Oc2ccc3c(c2)cc2n3CCN(C(C)C)C2=O)CC1,7.57
CC(C)N1CCC(Oc2ccc3c(c2)cc2n3CCN(CC(F)(F)F)C2=O)CC1,7.47
CC(C)N1CCC(Oc2ccc3c(c2)cc2n3CCN(Cc3ccccn3)C2=O)CC1,8.22
CC(C)N1CCC(Oc2cc3cc4n(c3cc2Br)C(C)CN(CC2CC2)C4=O)CC1,8.7
CC(C)N1CCC(Oc2ccc3c(c2)cc2n3CCN(Cc3ccncc3)C2=O)CC1,8.3
CC(C)N1CCC(Oc2ccc3c(c2)cc2n3CCN(C)C2=O)CC1,7.51
CC(C)N1CCC(Oc2ccc3c(c2)cc2n3CCN(CC3CC3)C2=O)CC1,8.05
CC(C)N1CCC(Oc2ccc3c(c2)cc2n3CCN(CCO)C2=O)CC1,7.34
CC(C)N1CCC(Oc2ccc3c(c2)cc2n3CC(C)N(CC3CC3)C2=O)CC1,8.3
CC(C)N1CCC(Oc2ccc3c(c2)cc2n3CCN(Cc3ccc(F)cc3)C2=O)CC1,8.15
CC1CCCN1CCCOc1ccc2c(c1)cc1n2CCNC1=O,8.15
c1cncc(-c2noc(CCCCN3CCCCC3)n2)c1,6.96
c1ccc(-c2nc(SCCCN3CCCCC3)oc2-c2ccccc2)cc1,7.5
C1CCN(CCCOc2nc3c(s2)CN(CCCN2CCCCC2)CC3)CC1,7.7
c1ccc(-c2nc(SCCCN3CCCCC3)sc2-c2ccccc2)cc1,8.13
c1ccc(-c2cnc(CCCCN3CCCCC3)o2)cc1,7.2
c1cc(-c2nnc(SCCCN3CCCCC3)o2)ccn1,6.73
CC(C)N1CCN(C(=O)c2ccc3scc(CN4CCCCC4)c3c2)CC1,7.3
O=C(c1cccc2c(CN3CCOCC3)c[nH]c12)N1CCN(C2CCC2)CC1,8.31
CC(C)N1CCN(C(=O)c2ccc3[nH]cc(CN4CCOCC4)c3c2)CC1,6.75
CC(C)N1CCN(C(=O)c2cccc3[nH]cc(CN4CCOCC4)c23)CC1,5.31
O=C(c1ccc2c(CN3CCN(C4CCC4)CC3)c[nH]c2c1)N1CCOCC1,7.37
CC(C)N1CCN(C(=O)c2ccc3[nH]cc(CN4CCCCC4)c3c2)CC1,7.06
CC(C)N1CCN(C(=O)c2ccc3c(CN4CCCCC4)c[nH]c3c2)CC1,8.55
O=C(c1cccc2c(CN3CCN(C4CCC4)CC3)c[nH]c12)N1CCCCC1,6.62
CC(C)N1CCN(C(=O)c2ccc3c(CN4CCOCC4)cn(C)c3c2)CC1,7.82
CC(C)N1CCN(C(=O)c2cccc3c(CN4CCOCC4)c[nH]c23)CC1,7.92
CC(C)N1CCN(Cc2c[nH]c3cc(C(=O)N4CCCCC4)ccc23)CC1,7.06
CC(C)N1CCN(C(=O)c2ccc3c(CN4CCOCC4)c[nH]c3c2)CC1,8.68
O=C(c1ccc2scc(C(=O)N3CCCCC3)c2c1)N1CCN(C2CCC2)CC1,6.28
O=C(c1ccc2c(CN3CCOCC3)c[nH]c2c1)N1CCN(C2CC2)CC1,8.7
O=C(c1cccc2c(CN3CCCCC3)c[nH]c12)N1CCN(C2CCC2)CC1,8.8
CC(C)N1CCN(C(=O)c2ccc3c(CN4CCCCC4)cn(S(C)(=O)=O)c3c2)CC1,8.72
CC(C)N1CCCN(C(=O)c2ccc3c(CN4CCOCC4)cn(C)c3c2)CC1,9.05
CNC(=O)c1ccc(Oc2ccc3c(c2)CCN(C2CCC2)CC3)nc1,9.59
CNCCCN(c1ccccc1)c1ccc(OCCN2CCCC2)cc1,9.55
CNCCC(c1ccccc1)c1ccc(OCCN2CCCC2)cc1,8.85
CN=C(NC#N)NCC1CCC(c2c[nH]cn2)O1,5.7
NCCCc1c[nH]cn1,7.3
Cc1nc[nH]c1CCN,5.2
CNCCc1cnc[nH]1,8.4
NCC1CCC(c2c[nH]cn2)O1,6.7
c1ccc(COCC2CCC(c3c[nH]cn3)O2)cc1,6.6
N=C(NCc1ccc(Cl)cc1)SCCCCc1c[nH]cn1,8.6
COc1cccc(-c2nnc(N3CCC(N4CCCCC4)CC3)s2)n1,8.46
COc1cc(C#N)cc(-c2nnc(N3CCC(N4CCCCC4)CC3)s2)c1,7.92
COc1ccc(-c2nnc(N3CCC(N4CCCCC4)CC3)s2)cc1,7.4
COc1ccccc1-c1nnc(N2CCC(N3CCCCC3)CC2)s1,7.4
COc1cc(OC)cc(-c2nnc(N3CCC(N4CCCCC4)CC3)s2)c1,7.82
Cc1ccc(-c2nnc(N3CCC(N4CCCCC4)CC3)s2)cc1,6.79
Clc1ccc(-c2nnc(N3CCC(N4CCCCC4)CC3)s2)cc1,6.79
CCN1CCN(c2nnc(-c3ccc(OC)cc3)s2)CC1,6.79
c1ccc(-c2nnc(N3CCC(N4CCCCC4)CC3)s2)cc1,7.1
N#Cc1cc(C#N)cc(-c2nnc(N3CCC(N4CCCCC4)CC3)s2)c1,7.64
CC(=O)c1cccc(-c2nnc(N3CCC(N4CCCCC4)CC3)s2)c1,8.4
Fc1ccc(-c2nnc(N3CCC(N4CCCCC4)CC3)s2)cc1,7.41
c1cnc(-c2nnc(N3CCC(N4CCCCC4)CC3)s2)nc1,6.99
COc1cccc(-c2nnc(N3CCC(N4CCCCC4)CC3)s2)c1,7.5
Cc1ccccc1-c1nnc(N2CCC(N3CCCCC3)CC2)s1,7.44
COc1ncc(-c2nnc(N3CCC(N4CCCCC4)CC3)s2)s1,7.55
N#Cc1ccc(-c2nnc(N3CCC(N4CCCCC4)CC3)s2)cc1,7.44
Fc1ccccc1-c1nnc(N2CCC(N3CCCCC3)CC2)s1,7.44
c1ccc(-c2nnc(N3CCC(N4CCCCC4)CC3)s2)nc1,7.52
COc1ccc(-c2nnc(N3CCC(N4CCCC4)CC3)s2)cc1,6.22
c1n[nH]cc1-c1nnc(N2CCC(N3CCCCC3)CC2)s1,6.72
Cc1cccc(-c2nnc(N3CCC(N4CCCCC4)CC3)s2)c1,7.22
CC(=O)c1ccc(-c2nnc(N3CCC(N4CCCCC4)CC3)s2)cc1,7.19
Fc1cc(F)cc(-c2nnc(N3CCC(N4CCCCC4)CC3)s2)c1,7.3
COc1ccc(-c2nnc(N3CCN(C4CCCC4)CC3)s2)cc1,6.74
Cc1cccc(-c2nnc(N3CCC(N4CCCCC4)CC3)s2)n1,8.21
N#Cc1cccc(-c2nnc(N3CCC(N4CCCCC4)CC3)s2)c1,7.37
CC(=O)c1ccccc1-c1nnc(N2CCC(N3CCCCC3)CC2)s1,8.08
Clc1cc(Cl)cc(-c2nnc(N3CCC(N4CCCCC4)CC3)s2)c1,7.14
O=C(Nc1nnc(N2CCC(N3CCCCC3)CC2)s1)NC1CCCC1,7.31
Clc1cccc(-c2nnc(N3CCC(N4CCCCC4)CC3)s2)c1,7.31
Fc1cccc(-c2nnc(N3CCC(N4CCCCC4)CC3)s2)c1,7.21
Clc1ccccc1-c1nnc(N2CCC(N3CCCCC3)CC2)s1,7.16
c1nc(CCCn2cc(C3CCCCC3)nn2)c[nH]1,7.15
c1c(CC2CCCCC2)nnn1CCCN1CCOCC1,4.73
c1nc(CCCn2cc(CC3CCCCCC3)nn2)c[nH]1,6.95
CC(c1cn(CCCc2c[nH]cn2)nn1)C1CCCCC1,7.22
CC(C)(C)c1cn(CCCc2c[nH]cn2)nn1,6.72
c1c(CC2CCCCC2)nnn1CCCN1CCCCC1,6.31
c1nc(CCCCn2cc(CC3CCCCC3)nn2)c[nH]1,6.49
c1nc(CCCn2cc(CC3CCCCC3)nn2)c[nH]1,6.9
c1ccc(Cc2cn(CCCc3c[nH]cn3)nn2)cc1,7.09
c1nc(CCn2cc(CC3CCCC3)nn2)c[nH]1,6.94
c1nc(CCCn2cc(CN3CCCCC3)nn2)c[nH]1,6.42
CCCCCc1cn(CCCc2c[nH]cn2)nn1,6.98
c1cn(CCCn2cc(CC3CCCCC3)nn2)cn1,5.2
CCCCCCCc1cn(CCCc2c[nH]cn2)nn1,7.01
CC(c1cn(CCc2c[nH]cn2)nn1)C1CCCCC1,7.12
c1ccc(Cc2cn(CCc3c[nH]cn3)nn2)cc1,6.42
c1nc(CCCn2cc(CC3CCCC3)nn2)c[nH]1,7.04
c1c(CN2CCCCC2)nnn1CCCN1CCCCC1,6.92
CN1CCN(CCCn2cc(CC3CCCCC3)nn2)CC1,6.1
c1ccc(Cc2cn(CCCCc3c[nH]cn3)nn2)cc1,6.23
COc1ccc(Cc2nn(CC3CCCN3C)c(=O)c3ccccc23)cc1,7.1
CN1CCC(n2nc(Cc3ccc(Cl)cc3)c3ccccc3c2=O)CC1,6.9
CN1CCCC(n2nc(Cc3ccc(Cl)cc3)c3ccccc3c2=O)CC1,6.8
CN1CCCC1Cn1nc(CC2CCCCC2)c2ccccc2c1=O,6.7
COc1ccc(Cc2nn(CC3CCCN3CCCCc3ccc(OCCCN4CCCCCC4)cc3)c(=O)c3ccccc23)cc1,9.5
O=c1c2ccccc2c(Cc2ccc(Cl)cc2)nn1C1CCCN(Cc2ccc(OCCCN3CCCCCC3)cc2)CC1,9.3
CCOc1ccc(Cc2nn(CC3CCCN3C)c(=O)c3ccccc23)cc1,6.5
CN1CCCC1Cn1nc(Cc2cccc(F)c2)c2ccccc2c1=O,6.7
CN1CCCC1Cn1nc(Cc2ccc(O)cc2)c2ccccc2c1=O,6.6
CN(CCCCc1ccc(OCCCN2CCCCCC2)cc1)CCn1nc(Cc2ccc(Cl)cc2)c2ccccc2c1=O,8.1
O=c1c2ccccc2c(Cc2ccc(Cl)cc2)nn1CC1CCCN1CCCCc1ccc(OCCCN2CCCCCC2)cc1,9.6
O=c1c2ccccc2c(Cc2ccc(Cl)cc2)nn1C1CCCN(CCCc2ccc(OCCCN3CCCCCC3)cc2)CC1,9.6
O=c1c2ccccc2c(Cc2ccc(Cl)cc2)nn1C1CCCN(CCc2ccc(OCCCN3CCCCCC3)cc2)CC1,8.4
O=c1c2ccccc2c(Cc2ccc(Cl)cc2)nn1CC1CCCN1CCCCCc1ccc(OCCCN2CCCCCC2)cc1,9.4
Cc1cccc(Cc2nn(CC3CCCN3C)c(=O)c3ccccc23)c1,6.6
O=c1c2ccccc2c(Cc2ccc(Cl)cc2)nn1CCNCCCCc1ccc(OCCCN2CCCCCC2)cc1,9.4
O=c1c2ccccc2c(Cc2ccc(O)cc2)nn1CC1CCCN1CCCCc1ccc(OCCCN2CCCCCC2)cc1,9.4
CN(C)CCCn1nc(Cc2ccc(Cl)cc2)c2ccccc2c1=O,6.9
O=c1c2ccccc2c(Cc2ccc(Cl)cc2)nn1C1CCCN(CCCCc2ccc(OCCCN3CCCCCC3)cc2)CC1,8.7
CN1CCCC1Cn1nc(Cc2ccc(Cl)cc2)c2ccccc2c1=O,6.4
CN1CCCC1CCn1nc(Cc2ccc(Cl)cc2)c2ccccc2c1=O,7.1
O=C(NCCCC1CCCCC1)OCCCc1c[nH]cn1,7.07
O=C(NCCC1=CCCCC1)OCCCc1c[nH]cn1,7.58
CCCC=CCNC(=O)OCCCc1c[nH]cn1,7.62
C=CCCNC(=O)OCCCc1c[nH]cn1,7.26
O=C(NCCC1CCCCC1)OCCCc1c[nH]cn1,7.6
O=C(NCCCCC1CCCCC1)OCCCc1c[nH]cn1,6.71
O=C(NCCC1CC1)OCCCc1c[nH]cn1,7.77
CCC=CCNC(=O)OCCCc1c[nH]cn1,7.57
CC(C)=CCCC(C)=CCNC(=O)OCCCc1c[nH]cn1,7.7
CCC=CCCNC(=O)OCCCc1c[nH]cn1,7.58
CC=CCNC(=O)OCCCc1c[nH]cn1,7.27
C=CCCCNC(=O)OCCCc1c[nH]cn1,7.85
CC(C)N1CCN(C(=O)c2ccc(CN3CCCCC3)o2)CC1,8.47
CC(C)N1CCN(C(=O)c2csc(CN3CCOCC3)n2)CC1,6.17
CC(C)N1CCN(C(=O)c2cnc(CN3CCOCC3)cn2)CC1,7.64
O=C(CCC(=O)N1CCN(C2CCCC2)CC1)c1ccc(Cl)cc1,8.92
CC(C)N1CCN(C(=O)c2ccc(CN3CCCCC3)cc2)CC1,9.1
COCCNCc1nc(C(=O)N2CCN(C(C)C)CC2)cs1,6.45
CC(C)N1CCN(C(=O)c2ccc(CN3CCOCC3)nc2)CC1,7.82
CC(C)N1CCN(C(=O)c2ccc(CN3CCCCC3)s2)CC1,7.92
CC(C)N1CCN(C(=O)c2coc(CN3CCOCC3)n2)CC1,6.16
c1cc(OCCCN2CCCCC2)ncc1CN1CCCCC1,9.15
CC(C)N1CCN(C(=O)c2csc(CN3CCCCC3)c2)CC1,8.49
CC(C)N1CCN(C(=O)c2coc(CN3CCCCC3)n2)CC1,6.7
CNC(=O)c1cnc(Oc2ccc3c(c2)CCN(C2CCC2)CC3)cn1,9.68
CC(C)N1CCN(C(=O)c2cc(CN3CCCCC3)cn2C)CC1,7.5
CC(C)N1CCN(C(=O)c2cc(CN3CCOCC3)cn2C)CC1,6.85
c1c(OCCCN2CCCCC2)noc1CN1CCOCC1,7.07
COCCNCc1nc(C(=O)N2CCN(C(C)C)CC2)co1,6.34
c1cc(CN2CCCCC2)ncc1OCCCN1CCCCC1,9.05
CC(C)N1CCN(C(=O)c2ccc(CN3CCCCC3)nc2)CC1,8.96
COCCNCc1ccc(C(=O)N2CCN(C(C)C)CC2)s1,8.36
c1cc(CN2CCOCC2)ncc1OCCCN1CCCCC1,8.16
CC(C)N1CCN(C(=O)c2csc(CN3CCOCC3)c2)CC1,7.43
c1c(OCCCN2CCCCC2)noc1CN1CCCCC1,8.39
CC(C)N1CCN(C(=O)c2csc(CN3CCCCC3)n2)CC1,6.96
CC(C)N1CCN(C(=O)c2ccc(CN3CCOCC3)o2)CC1,7.27
COCCNCc1cc(OCCCN2CCCCC2)no1,7.1
CC(C)N1CCN(C(=O)c2ccc(CN3CCCCC3)cn2)CC1,8.82
COCCNCc1ccc(C(=O)N2CCN(C(C)C)CC2)o1,7.46
CC(C)N1CCN(C(=O)c2ccc(CN3CCOCC3)s2)CC1,7.58
CC(C)N1CCN(C(=S)c2ccc(CN3CCCCC3)nc2)CC1,8.24
CC1CCCN1CCCOc1ccc(-c2ccc(=O)[nH]n2)cc1,8.7
O=c1ccc(-c2ccc(OCCCN3CCCC3)cc2)n[nH]1,7.8
CC1CCCN1CCCOc1ccc(-c2cn[nH]c(=O)c2)cc1,8.55
O=c1ccc(-c2ccc(OCCCN3CCOCC3)cc2)n[nH]1,6.12
CC1CCCN1CCCOc1ccc(-n2ncccc2=O)cc1,7.09
CC1CCCN1CCCOc1ccc(-c2ccc(=O)n(Cc3ccccc3)n2)cc1,8.16
Cn1nc(-c2ccc(OCCCN3CCCCC3)cc2)ccc1=O,7.68
CC1CCCN1CCCOc1ccc(-c2ccc(=O)n(-c3ccccc3)n2)cc1,8.6
O=c1ccc(-c2ccc(OCCCN3CCCCC3)cc2)n[nH]1,8.06
Cn1nc(-c2ccc(C(=O)N3CCCC3CN3CCCC3)cc2)ccc1=O,8.0
O=C(c1ccc(-c2ccc(=O)n(-c3ccc(F)cc3)n2)cc1)N1CCCC1CN1CCCC1,7.8
CC(C)N1CCN(c2ccc(-c3ccc(=O)n(C)n3)cc2)CC1,6.96
Cn1nc(-c2ccc(OC3CCN(C4CCCC4)CC3)cc2)ccc1=O,8.52
Cn1nc(-c2ccc(OC3CCN(C4CCC4)CC3)cc2)ccc1=O,8.52
Cn1nc(-c2ccc(N3CCN(C4CCCC4)CC3)cc2)ccc1=O,7.03
Cn1nc(-c2ccc(N3CCN4CCCC4C3)cc2)ccc1=O,6.51
Cn1nc(-c2ccc(C(=O)N3CCN(C4CCCC4)CC3)cc2)ccc1=O,6.87
CNC1CCC(c2ccc(OCCCN3CCCCC3)cc2)CC1,8.49
c1ccc2c(c1)CN(C1CCC(c3ccc(OCCCN4CCCCC4)cc3)CC1)C2,9.77
O=C1CCC(c2ccc(OCCCN3CCCCC3)cc2)CC1,8.77
c1ccc(CNC2CCC(c3ccc(OCCCN4CCCCC4)cc3)CC2)cc1,9.59
c1cc(C2CCC(N3CCCCC3)CC2)ccc1OCCCN1CCCCC1,9.19
c1cc(C2CCC(N3CCOCC3)CC2)ccc1OCCCN1CCCCC1,9.39
c1cc(C2CCC(N3CCC3)CC2)ccc1OCCCN1CCCCC1,9.6
c1cc(C2CCC(N3CCCC3)CC2)ccc1OCCCN1CCCCC1,9.6
CN(C)C1CCC(c2ccc(OCCCN3CCCCC3)cc2)CC1,9.68
CN(C1CCC(c2ccc(OCCCN3CCCCC3)cc2)CC1)S(=O)(=O)c1ccccc1,8.26
CN1CCN(C2CCC(c3ccc(OCCCN4CCCCC4)cc3)CC2)CC1,9.49
CCCCNC1CCC(c2ccc(OCCCN3CCCCC3)cc2)CC1,9.28
CC1CCN(C2CCC(c3ccc(OCCCN4CCCCC4)cc3)CC2)CC1,9.25
OC1CCN(C2CCC(c3ccc(OCCCN4CCCCC4)cc3)CC2)CC1,9.24
COc1cccc2c(=O)n(C)c(-c3ccc(OC4CCN(C5CCC5)CC4)cc3)nc12,9.81
CCCn1c(-c2ccc(OCCCN3CCCCC3)cc2)nc2ccccc2c1=O,9.81
Cc1nc2ccccc2c(=O)n1-c1ccc(OCCCN2CCCC2)cc1,8.96
O=c1c2ccccc2ncn1-c1ccc(OCCCN2CCCC2)cc1,8.96
Cc1cccc2nc(C)n(-c3ccc(OCCCN4CCCC4)cc3)c(=O)c12,9.51
CC1CCCN1CCc1ccc(-c2ccc(S(=O)(=O)N3CCCCC3)cc2)cc1,8.8
COc1nccc2c(=O)n(C)c(-c3ccc(OC4CCN(C5CCC5)CC4)cc3)nc12,10.03
Cn1c(-c2ccc(OC3CCN(C4CCC4)CC3)cc2)nc2c(F)cccc2c1=O,10.11
O=C(c1ccccc1-c1ccc(OCCCN2CCCCC2)cc1)N1CCCCC1,8.8
Cn1c(-c2ccc(OC3CCN(C4CCC4)CC3)cc2)nc2ccccc2c1=O,10.16
Cn1c(-c2ccc(OC3CCN(C4CCC4)CC3)cc2)nc2c(Cl)cccc2c1=O,10.2
Cn1nccc1-c1ccc(OCCCN2CCCCC2)cc1,8.74
Cc1cccc2c(=O)n(C)c(-c3ccc(OC4CCN(C5CCC5)CC4)cc3)nc12,10.51
COc1ccc2nc(-c3ccc(OC4CCN(C5CCC5)CC4)cc3)n(C)c(=O)c2c1,10.03
COc1cccc2nc(-c3ccc(OC4CCN(C5CCC5)CC4)cc3)n(C)c(=O)c12,9.81
Cc1ccc2nc(C)n(-c3ccc(OCCCN4CCCC4)cc3)c(=O)c2c1,8.9
c1csc(-c2ccc(OCCCN3CCCCC3)cc2)c1,8.85
C1=C(c2ccc(OCCCN3CCCCC3)cc2)CCC1,8.8
O=c1c2ccccc2nc(-c2ccc(OCCCN3CCCCC3)cc2)n1Cc1ccccc1,10.01
COC(=O)N1CC(Oc2ccc(F)cc2)CC1C(=O)N1CCCN(C2CCC2)CC1,8.82
CC1=C(c2ccc(OCCCN3CCCC3)cc2)Oc2ccccc2S1(=O)=O,9.05
COc1cccc2nc(C)n(-c3ccc(OCCCN4CCCC4)cc3)c(=O)c12,9.39
Cc1nc2cccc(Cl)c2c(=O)n1-c1ccc(OCCCN2CCCC2)cc1,9.39
CCn1c(-c2ccc(OCCCN3CCCCC3)cc2)nc2ccccc2c1=O,9.55
Cc1nc2c(F)cccc2c(=O)n1-c1ccc(OCCCN2CCCC2)cc1,9.33
CC(C)n1c(-c2ccc(OCCCN3CCCCC3)cc2)nc2ccccc2c1=O,9.55
C=C(N(C)Cc1ccc(-c2ccccc2)cc1)N1CCN(C(C)C)CC1,7.43
O=c1c2ccccc2nc(-c2ccc(OCCCN3CCCCC3)cc2)n1-c1ccccc1,9.3
CCc1nc2ccccc2c(=O)n1-c1ccc(OCCCN2CCCC2)cc1,9.3
COc1cccc2c1S(=O)(=O)C(C)C(c1ccc(OCCCN3CCCC3)cc1)O2,9.3
Cc1nc2ccc(F)cc2c(=O)n1-c1ccc(OCCCN2CCCC2)cc1,9.3
Cc1nc2cc(C(F)(F)F)ccc2c(=O)n1-c1ccc(OCCCN2CCCC2)cc1,9.51
COc1ccc2nc(C)n(-c3ccc(OCCCN4CCCC4)cc3)c(=O)c2c1,9.51
Cc1ccc2c(=O)n(-c3ccc(OCCCN4CCCC4)cc3)c(C)nc2c1,9.51
CC1CCCN1CCc1ccc(-c2ccc(S(=O)(=O)NCc3ccccc3)cc2)cc1,9.5
COc1cccc2c1OC(c1ccc(OCCCN3CCCCC3)cc1)C(C)S2(=O)=O,9.47
Cn1c(-c2ccc(OCCCN3CCCCC3)cc2)nc2ccccc2c1=O,9.43
COc1ccc2c(c1)S(=O)(=O)C(C)C(c1ccc(OCCCN3CCCC3)cc1)O2,9.4
CC(C)c1nc2ccccc2c(=O)n1-c1ccc(OCCCN2CCCC2)cc1,9.6
CC1CCCN1CCc1ccc(-c2ccc(S(=O)(=O)N3CCS(=O)(=O)CC3)cc2)cc1,9.0
COc1cccc2c1OC(c1ccc(OCCCN3CCCC3C)cc1)C(C)S2(=O)=O,9.7
Cc1nc2cc(F)ccc2c(=O)n1-c1ccc(OCCCN2CCCC2)cc1,9.2
Cc1cccc2c(=O)n(-c3ccc(OCCCN4CCCC4)cc3)c(C)nc12,9.2
Cc1nc2c(C(F)(F)F)cccc2c(=O)n1-c1ccc(OCCCN2CCCC2)cc1,9.16
Cc1nc2cccc(F)c2c(=O)n1-c1ccc(OCCCN2CCCC2)cc1,9.16
COC(=O)c1c(C)noc1-c1ccc2cc(CCN3CCCC3C)ccc2n1,9.15
COc1ccc2c(=O)n(-c3ccc(OCCCN4CCCC4)cc3)c(C)nc2c1,9.14
O=c1c2ccccc2nc(-c2ccccc2)n1-c1ccc(OCCCN2CCCC2)cc1,9.66
CCCc1nc2ccccc2c(=O)n1-c1ccc(OCCCN2CCCC2)cc1,9.66
CCCNS(=O)(=O)c1ccc(-c2ccc(CCN3CCCC3C)cc2)cc1,8.37
c1cc(N2CCCCC2)ccc1OCCCN1CCCCC1,8.31
c1ccc(-c2ccc(OCCCN3CCCCC3)cc2)cc1,8.52
COc1ccccc1-c1ccc(OCCCN2CCCCC2)cc1,8.66
c1cc(C2CCOCC2)ccc1OCCCN1CCCCC1,8.08
c1coc(-c2ccc(OCCCN3CCCCC3)cc2)c1,8.3
CC1CCCN1CCc1ccc(-c2ccc(S(N)(=O)=O)cc2)cc1,8.3
CCOC(=O)c1ccc(-c2ccc(OCCCN3CCCCC3)cc2)cc1,7.98
COCC1CCCN1S(=O)(=O)c1ccc(-c2ccc(CCN3CCCC3C)cc2)cc1,8.3
CC1Sc2ccccc2OC1c1ccc(OCCCN2CCCC2)cc1,8.7
c1cc(-c2ccc3c(c2)OCO3)ccc1OCCCN1CCCCC1,8.44
COC(=O)c1cc(-c2ccc3cc(CCN4CCCC4C)ccc3n2)on1,8.46
c1cc(C2CCCCO2)ccc1OCCCN1CCCCC1,8.28
CC1CCCN1CCc1ccc(-c2ccc(S(=O)(=O)Nc3ccccc3)cc2)cc1,8.7
c1cc(C2CCCO2)ccc1OCCCN1CCCCC1,8.05
CC1C(c2ccc(OCCCN3CCCC3)cc2)Oc2ccccc2S1(=O)=O,8.4
CC1CCCN1CCc1ccc(-c2ccc(S(=O)(=O)NCC3CC3)cc2)cc1,8.6
c1cc(C2CCCCC2)ccc1OCCCN1CCCCC1,8.55
CC1CCCN1CCc1ccc(-c2ccc(S(=O)(=O)NC3CCC3)cc2)cc1,8.6
CC1=C(c2ccc(OCCCN3CCCC3)cc2)Oc2ccccc2S1,8.05
c1cc(C2=NCCO2)ccc1OCCCN1CCCCC1,8.44
CC1CCCN1CCc1ccc(-c2ccc(S(=O)(=O)N3CCC(O)C3)cc2)cc1,8.6
c1ncc(-c2ccc(OCCCN3CCCCC3)cc2)o1,8.6
c1c[nH]c(-c2ccc(OCCCN3CCCCC3)cc2)n1,8.32
CCC1Sc2ccccc2OC1c1ccc(OCCCN2CCCC2)cc1,8.22
COCCNS(=O)(=O)c1ccc(-c2ccc(CCN3CCCC3C)cc2)cc1,8.5
CCC(CO)NS(=O)(=O)c1ccc(-c2ccc(CCN3CCCC3C)cc2)cc1,8.2
CC1CCCN1CCc1ccc(-c2ccc(S(=O)(=O)N3C(C)COCC3C)cc2)cc1,8.2
CC1CCCN1CCCOc1ccc(-c2ccc(=O)n(CCO)n2)cc1,8.52
COc1cc(OCCCN2CCCC2C)ccc1-c1ccc(=O)[nH]n1,6.82
CC1CCCN1CCCOc1ccc(-c2ccc(=O)n(-c3ncccn3)n2)cc1,8.85
CC1CCCN1CCCOc1ccc(-c2ccc(=O)[nH]n2)cn1,7.46
CC(COc1ccc(-c2ccc(=O)n(C)n2)cc1)CN1CCCC1C,8.62
CC1CCCN1CCCOc1ccc(-c2ccc(=O)n(-c3ccccn3)n2)cc1,8.0
CC1CCCN1CCCOc1ccc(-c2n[nH]c(=O)cc2-c2ccccn2)cc1,7.92
Cc1cc(=O)[nH]nc1-c1ccc(OCCCN2CCCC2C)cc1,8.54
CC1CCCN1CCCOc1ccc(-c2cc(-c3ccccn3)c(=O)[nH]n2)cc1,8.51
CC1CCCN1CCCOc1ccc(-c2ccc(=O)n(CC(F)(F)F)n2)cc1,8.24
CC1CCCN1CCCOc1ccc(-c2ccc(=O)[nH]n2)c(F)c1,7.8
CC1CCCN1CCCOc1c(F)cc(-c2ccc(=O)n(C)n2)cc1F,7.96
CC1CCCN1CCCOc1ccc(-c2ccc(=O)[nH]n2)cc1C#N,7.42
CC1CCCN1CCCOc1ccc(-c2ccc(=O)n(CCF)n2)cc1,8.47
CC1CCCN1CCCOc1ccc(-c2ccc(=O)n(C)n2)cc1Cl,8.36
CC1CCCN1CCCOc1c(F)cc(-c2ccc(=O)[nH]n2)cc1F,8.15
Cc1cc(-c2ccc(OCCCN3CCCC3C)cc2)n[nH]c1=O,8.47
CC1CCCN1CCCOc1ccc(-c2ccc(=O)n(C)n2)cc1F,8.24
Cn1nc(-c2ccc(OCCCN3CCCCC3)cc2)c2c(c1=O)CCC2,9.3
CC1CCCN1CCCOc1ccc(-c2nn(C)c(=O)c3c2CCC3)cc1,9.4
CCCn1nc(-c2ccc(OCCCN3CCC(C)CC3)cc2)c2sccc2c1=O,7.64
CC(C)n1nc(-c2ccc(OCCCN3CCCC3)cc2)c2sccc2c1=O,8.4
CC1CCCN1CCCOc1ccc(-c2nn(Cc3ccc(Cl)cc3)c(=O)c3ccsc23)cc1,8.62
CN1N=C(c2ccc(OCCCN3CCCCC3)cc2)C2CCCC2C1=O,8.64
CC1CCCN1CCCOc1ccc(-c2nn(Cc3ccc(Cl)cc3)c(=O)c3ccccc23)cc1,8.34
CCN(CC)CCCOc1ccc(-c2nn(C(C)C)c(=O)c3ccsc23)cc1,7.64
CC1CCCN1CCCOc1ccc(-c2nn(C(C)C)c(=O)c3ccsc23)cc1,8.59
CC1CCCN1CCCOc1ccc(C2=NN(C)C(=O)C3CCCC23)cc1,8.8
COCC1CCCN1CCCOc1ccc(-c2nn(C(C)C)c(=O)c3ccsc23)cc1,7.3
O=c1c2ccccc2c(-c2ccc(OCCCN3CCCCC3)cc2)nn1Cc1ccc(Cl)cc1,7.96
Cn1nc(-c2ccc(OCCCN3CCCCC3)cc2)c2ccccc2c1=O,9.1
O=c1c2ccsc2c(-c2ccc(OCCCN3CCCCC3)cc2)nn1Cc1ccc(Cl)cc1,7.32
CCCn1nc(-c2ccc(OCCCN3CCCC3C)cc2)c2sccc2c1=O,8.82
Cn1nc(-c2ccc(OCCCN3CCCCC3)cc2)c2c(c1=O)CCCC2,8.82
Cn1nc(-c2ccc(OCCCN3CCCCCC3)cc2)c2ccccc2c1=O,8.85
Cn1nc(-c2ccc(OCCCN3CCCC3)cc2)c2ccccc2c1=O,8.77
CC1CCCN1CCCOc1ccc(-c2nn(C)c(=O)c3ccccc23)cc1,9.1
CC1CCCN1CCCOc1ccc(-c2nn(C)c(=O)c3c2CCCC3)cc1,9.1
CC(C)n1nc(-c2ccc(OCCCN3CCCCC3)cc2)c2sccc2c1=O,8.72
Cn1nc(-c2ccc(OCCN3CCCCC3)cc2)c2ccccc2c1=O,7.08
CN(C(=O)c1ccc(Cn2cnc3ccccc32)cc1)C1CCN(C2CCCC2)C1,7.82
Cc1nc2ccccc2n1-c1ccc(C(=O)N(C)C2CCN(C3CCCC3)C2)cc1,8.46
CC(C)N1CCC(N(C)C(=O)c2ccc(Cn3cnc4ccccc43)cc2)C1,8.4
CN(C(=O)c1ccc(Cn2cccn2)cc1)C1CCN(C2CCCC2)C1,6.68
CC(C)N1CCC(N(C)C(=O)c2ccc(-n3cccn3)cc2)C1,8.15
Cc1nc2ccccc2n1-c1ccc(C(=O)N(C)C2CCN(C3CCC3)C2)cc1,8.17
CN(C(=O)c1ccc(-n2cccn2)cc1)C1CCN(C2CCC2)C1,8.74
CN(C(=O)c1ccc(Cn2cccn2)cc1)C1CCN(C2CCC2)C1,6.84
CCCN1CCC(N(C)C(=O)c2ccc(-n3c(C)nc4ccccc43)cc2)C1,7.77
CCN(C(=O)c1ccc(-n2c(C)nc3ccccc32)cc1)C1CCN(C2CCCC2)C1,7.58
Cc1nc2ccccc2n1-c1ccc(C(=O)N(C)C2CCN(C(C)C)C2)cc1,8.38
Cc1nc2ccccc2n1-c1ccc(C(=O)N(C)C2CCN(C)C2)cc1,6.6
CN(C(=O)c1ccc(Cn2cnc3ccccc32)cc1)C1CCN(C2CCC2)C1,8.14
Cc1nc2ccccc2n1-c1ccc(C(=O)N(C)C2CCN(C3CCCCCC3)C2)cc1,7.5
Cc1nc2ccccc2n1Cc1ccc(C(=O)N(C)C2CCN(C(C)C)C2)cc1,8.8
CC(C)N1CCC(N(C)C(=O)c2ccc(Cn3cccn3)cc2)C1,6.74
Cc1nc2ccccc2n1Cc1ccc(C(=O)N(C)C2CCN(C3CCC3)C2)cc1,8.57
Cc1nc2ccccc2n1-c1ccc(C(=O)NC2CCN(C3CCCC3)C2)cc1,6.71
CN(C(=O)c1ccc(-n2cccn2)cc1)C1CCN(C2CCCC2)C1,8.44
CCN(C(=O)c1ccc(-n2c(C)nc3ccccc32)cc1)C1CCN(C2CCC2)C1,7.82
Cc1nc2ccccc2n1-c1ccc(C(=O)NC2CCN(C(C)C)C2)cc1,6.76
CCN1CCC(N(C)C(=O)c2ccc(-n3c(C)nc4ccccc43)cc2)C1,7.82
Cc1nc2ccccc2n1-c1ccc(C(=O)N(C)C2CCN(C3CCCCC3)C2)cc1,8.33
CN(C)C1CCN(c2cc(NCC(C)(C)C)ncn2)C1,7.27
CN1CCN(c2cc(NCC(C)(C)C)ncn2)CC1,6.08
Cc1ccc2cc(-c3ccc(OCCCN4CCCCC4)cc3)cn2c1,7.55
Cc1ccn2cc(-c3ccc(OCCCN4CCCCC4)cc3)cc2c1,7.4
Cc1cc(OCCCN2CCCCC2)ccc1-c1cn2ccccc2c1C,7.96
Cc1cccn2cc(-c3ccc(OCCCN4CCCCC4)cc3)cc12,7.4
Cc1cccc2cc(-c3ccc(OCCCN4CCCCC4)cc3)cn12,7.34
c1ccc(-c2c(-c3ccc(OCCCN4CCCCC4)cc3)cn3ccccc23)cc1,7.4
c1ccn2cc(-c3ccc(OCCCN4CCCCC4)cc3)cc2c1,7.89
c1ccc(CCc2c(-c3ccc(OCCCN4CCCCC4)cc3)cn3ccccc23)cc1,7.43
CCc1c(-c2ccc(OCCCN3CCCCC3)cc2)cc2ccccn12,8.3
CCc1c(-c2ccc(OCCCN3CCCCC3)cc2)cn2ccccc12,7.72
Cc1cc(OCCCN2CCCCC2)ccc1-c1cc2ccccn2c1,6.82
Cc1c(-c2ccc(OCCCN3CCCCC3)cc2)cn2ccccc12,7.8
c1cc(OCCCN2CCCCC2)cc(-c2cc3ccccn3c2)c1,6.51
Cc1c(-c2ccc(OCCCN3CCCCC3)cc2)cc2ccccn12,8.7
c1ccc(-c2cc3ccccn3c2)c(OCCCN2CCCCC2)c1,6.63
CC1CCCN1CCc1ccc(-c2ccc(=O)n(-c3ccc(F)cc3)n2)cc1,7.89
Cn1nc(-c2ccc(CCN3CCCC3)cc2)ccc1=O,7.08
CC1CCCN1CCc1ccc(-c2ccc(=O)n(Cc3ccccc3)n2)cc1,8.3
CC1CCCN1CCc1ccc(-c2ccc(=O)[nH]n2)cc1,7.51
CC1CCCN1CCc1ccc(-c2ccc(=O)n(C)n2)cc1,8.15
CC1CCCN1CCc1ccc(-c2ccc(=O)n(-c3ccc(Cl)cc3)n2)cc1,8.1
CC1CCCN1CCc1ccc(-c2ccc(=O)n(-c3ccccn3)n2)cc1,7.33
CC1CCCN1CCc1ccc(-c2ccc(=O)n(-c3ccccc3)n2)cc1,7.47
Clc1ccc(CN=C(NCc2ccccc2)SCCCc2c[nH]cn2)cc1Cl,7.49
O=[N+]([O-])c1ccc(CN=C(NC2CCCCC2)SCCCc2c[nH]cn2)cc1,8.94
CCCCNC(=NCc1ccc(Cl)c(Cl)c1)SCCCc1c[nH]cn1,8.33
CCCCNC(=NCc1ccc(Cl)cc1)SCCCc1c[nH]cn1,8.31
c1ccc(CNC(=NC2CCCCC2)SCCCc2c[nH]cn2)cc1,8.01
CCCCNC(=NC1CCCC1)SCCCc1c[nH]cn1,7.33
CC(C)(C)NC(=NC1CCCC1)SCCCc1c[nH]cn1,7.17
c1ccc(CNC(=NC2CCCC2)SCCCc2c[nH]cn2)cc1,7.37
N#Cc1ccc(CN=C(NC2CCCCC2)SCCCc2c[nH]cn2)cc1,8.79
c1nc(CCCSC(=NC2CCCC2)NC2CCCCC2)c[nH]1,7.73
Clc1ccc(CNC(=NC2CCCCC2)SCCCc2c[nH]cn2)cc1,8.98
Clc1ccc(CN=C(NC2CCCCC2)SCCCc2c[nH]cn2)cc1Cl,8.99
CC1CCCN1CCCOc1ccc(-c2cccn(C)c2=O)cc1,7.75
CC1CCCN1CCCOc1ccc(-c2ccn(C)c(=O)c2)cc1,8.49
CC1CCCN1CCCOc1ccc(-c2cn(C)c(=O)c3ccccc23)cc1,9.05
CC1CCCN1CCCOc1ccc(-c2ccc(=O)n(-c3ccc(F)cc3)c2)cc1,8.33
CC1CCCN1CCCOc1ccc(-c2cc(C#N)c(=O)n(C)c2)cc1,8.47
CC1CCCN1CCCOc1ccc(-c2ccc(=O)[nH]c2)cc1,8.11
CC1CCCN1CCCOc1ccc(-c2ccc(=O)n(Cc3ccccc3)c2)cc1,8.7
CC1CCCN1CCCOc1ccc(-c2ccc(=O)n(-c3ccccc3)c2)cc1,8.74
CC1CCCN1CCCOc1ccc(-c2cc(-c3ccccc3)c(=O)n(C)c2)cc1,8.46
CC1CCCN1CCCOc1cccc(-c2ccc(=O)n(C)c2)c1,6.95
CC1CCCN1CCCOc1ccc(-c2ccc(=O)n(C)c2)cc1,9.15
CC1CCCN1CCCOc1ccc(-c2cccc(=O)n2C)cc1,8.31
c1ccc2c(c1)nc1n(CCN3CCCCC3)cnn21,6.22
c1cc2c(cc1OCC1CCCO1)CCC1(CCN(C3CCC3)CC1)O2,7.8
c1cc2c(cc1OCC1CCSCC1)CCC1(CCN(C3CCC3)CC1)O2,7.92
CCC(O)COc1ccc2c(c1)CCC1(CCN(C3CCC3)CC1)O2,7.82
CC(C)(O)COc1ccc2c(c1)CCC1(CCN(C3CCC3)CC1)O2,7.75
CS(=O)(=O)CCOc1ccc2c(c1)CCC1(CCN(C3CCC3)CC1)O2,7.41
O=S1(=O)CCC(COc2ccc3c(c2)CCC2(CCN(C4CCC4)CC2)O3)CC1,8.4
OCCOc1ccc2c(c1)CCC1(CCN(C3CCC3)CC1)O2,6.9
O=S1(=O)CCC(Oc2ccc3c(c2)CCC2(CCN(C4CCC4)CC2)O3)CC1,8.15
CSCCOc1ccc2c(c1)CCC1(CCN(C3CCC3)CC1)O2,7.42
CC(O)COc1ccc2c(c1)CCC1(CCN(C3CCC3)CC1)O2,7.6
c1cc2c(cc1OC1CCSC1)CCC1(CCN(C3CCC3)CC1)O2,7.77
CS(=O)(=O)CCCOc1ccc2c(c1)CCC1(CCN(C3CCC3)CC1)O2,8.0
COCCOc1ccc2c(c1)CCC1(CCN(C3CCC3)CC1)O2,7.38
CSCCCOc1ccc2c(c1)CCC1(CCN(C3CCC3)CC1)O2,7.82
c1cc2c(cc1OC1CCOCC1)CCC1(CCN(C3CCC3)CC1)O2,7.82
c1cc2c(cc1OC1CCSCC1)CCC1(CCN(C3CCC3)CC1)O2,7.64
O=S1(=O)CCC(Oc2ccc3c(c2)CCC2(CCN(C4CCC4)CC2)O3)C1,7.64
COCCCS(=O)(=O)c1ccc(-c2ccc(CCN3CCCC3C)cc2)cc1,8.38
CN1CCN(c2nc(N)nc3cc(-c4ccco4)ccc23)CC1,7.01
CN1CCN(c2nc(N)nc3cc(-c4ccoc4)ccc23)CC1,6.73
CN1CCN(c2nc(N)nc3cc(-c4ccsc4)ccc23)CC1,7.2
CN(C)C(Cc1ccccc1)c1ccc(-c2ccc(CN3CCCCC3)cc2)cc1,7.78
COCCCC(c1ccc(-c2ccc(CN3CCCCC3)cc2)cc1)N1CCCC1C,9.06
c1ccc(CC(c2ccc(-c3ccc(CN4CCCCC4)cc3)cc2)N2CCCCC2)cc1,7.72
CCCCC(c1ccc(-c2ccc(CN3CCCCC3)cc2)cc1)N1CCCCC1C,8.61
COc1ccc(OCCCC(c2ccc(-c3ccc(CN4CCCCC4)cc3)cc2)N2CCCC2C)cc1,8.9
CCCCCc1ccc(-c2ccc(CN3CCCCC3)cc2)cc1,4.89
CCCCC(c1ccc(-c2ccc(CN3CCCCC3)cc2)cc1)N1CCCCC1,8.89
CC1CCCN1Cc1ccc(-c2ccc(CN3CCCCC3)cc2)cc1,9.18
CC1CCCN1C(CCCOc1ccccc1)c1ccc(-c2ccc(CN3CCCCC3)cc2)cc1,9.29
CC1CCCN1Cc1ccc(-c2ccc(C(Cc3ccccc3)N3CCCCC3)cc2)cc1,8.25
CC1CCCN1CCCOc1ccc(C2=NNC(=O)C(c3ccccn3)C2)cc1,8.06
CC1CCCN1CCCOc1ccc(C2=NN(C)C(=O)CC2)cc1,8.3
CC1CCCN1CCCOc1ccc(C2=NN(CC(F)(F)F)C(=O)CC2)cc1,8.3
CC1CC(=O)NN=C1c1ccc(OCCCN2CCCC2C)cc1,8.33
O=C1CCC(c2ccc(OCCCN3CCCC3)cc2)=NN1,7.13
O=C1CCC(c2ccc(OCCCN3CCCCC3)cc2)=NN1CC(F)(F)F,7.42
CC1CCCN1CCCOc1ccc(C2=NNC(=O)CC2c2ccccn2)cc1,8.0
CC1CCCN1CCCOc1ccc(C2=NN(c3ccccc3)C(=O)CC2)cc1,8.0
CC1CCCN1CCCOc1ccc(C2=NN(C(C)C)C(=O)CC2)cc1,8.05
CC1CC(c2ccc(OCCCN3CCCC3C)cc2)=NNC1=O,8.72
CC1CCCN1CCCOc1ccc(C2=NNC(=O)C(C)(C)C2)cc1,8.37
CC1CCCN1CCCOc1ccc(C2=NNC(=O)CC2(C)C)cc1,7.7
CC1CCCN1CCCOc1ccc(C2=NN(Cc3ccccc3)C(=O)CC2)cc1,8.7
CC1CC(=O)NN=C1c1ccc(OCCCN2CCCC2)cc1,7.08
CC1CCCN1CCCOc1ccc(C2=NN(c3ccccn3)C(=O)CC2)cc1,7.92
CC1CCCN1CCCOc1ccc(C2=NNC(=O)CC2)cc1,8.49
CC1CC(=O)NN=C1c1ccc(OCCCN2CCCCC2)cc1,7.68
CN1CC2CN(C(=N)c3nc4ccccc4[nH]3)CC2C1,5.42
CN1CC2CN(C(=N)c3nc4cc(F)ccc4[nH]3)CC2C1,5.92
CN1CC2CN(C(=O)c3cc4cc(Cl)ccc4[nH]3)CC2C1,5.06
CN1CCN(C(=O)c2cn3cc(Cl)ccc3n2)CC1,4.54
CN1CCN(C(=O)c2cc3cccnc3[nH]2)CC1,4.44
Cc1cccnc1-n1nc(C)c(-c2ccc(OC3CCN(C4CCC4)CC3)cc2)cc1=O,8.22
Cc1nn(-c2ccccn2)c(=O)cc1-c1ccc(OC2CCN(C3CCC3)CC2)cc1,8.52
CC1=NNC(=O)CC1c1ccc(OC2CCN(C3CCC3)CC2)cc1,7.82
O=c1cc(-c2ccc(OC3CCN(C4CCC4)CC3)cc2)cn[nH]1,8.7
Cc1n[nH]c(=O)cc1-c1ccc(OC2CCN(C3CCC3)CC2)cc1,8.3
Cc1cccc(-n2nc(C)c(-c3ccc(OC4CCN(C5CCC5)CC4)cc3)cc2=O)n1,8.4
Cc1nn(-c2ccsc2)c(=O)cc1-c1ccc(OC2CCN(C3CCC3)CC2)cc1,8.52
Cc1nn(C)c(=O)cc1-c1ccc(OC2CCN(C3CCC3)CC2)cc1,8.4
CC1(C)CC(c2ccc(OC3CCN(C4CCC4)CC3)nc2)=NNC1=O,7.92
CC1(C)CC(c2ccc(OC3CCN(C4CCC4)CC3)cc2)=NNC1=O,8.57
O=C1CCC(c2ccc(OC3CCN(C4CCC4)CC3)cc2)=NN1,8.43
CC1CC(=O)NN=C1c1ccc(OC2CCN(C3CCC3)CC2)cc1,8.25
Cn1nc(-c2ccc(OC3CCN(C4CCCC4)CC3)nc2)ccc1=O,8.23
O=c1ccc(-c2ccc(OC3CCN(C4CCCC4)CC3)cc2)n[nH]1,8.29
CC1(C)CC(c2ccc(OC3CCN(C4CCC4)CC3)c(F)c2)=NNC1=O,8.15
O=c1ccc(-c2ccc(OC3CCN(C4CCCC4)CC3)nc2)n[nH]1,7.58
CC(C)N1CCC(Oc2ccc(-c3ccc(=O)n(C)n3)cc2)CC1,8.04
O=c1ccc(-c2ccc(OC3CCN(C4CCC4)CC3)cc2)n[nH]1,8.72
O=c1ccc(-c2ccc(OC3CCN(C4CCC4)CC3)cc2)nn1-c1ccccn1,8.01
O=c1ccc(-c2ccc(OC3CCN(C4CCC4)CC3)nc2)n[nH]1,8.2
Cn1nc(-c2ccc(OC3CCNCC3)cc2)ccc1=O,6.16
O=c1ccc(-c2ccc(OC3CCN(C4CCC4)CC3)nc2)nn1-c1ccccn1,7.47
CC(C)N1CCC(Oc2ccc(-c3ccc(=O)[nH]n3)cn2)CC1,7.82
Cn1nc(-c2ccc(OC3CCN(C4CCC4)CC3)nc2)ccc1=O,8.74
Cc1cc(=O)[nH]nc1-c1ccc(OC2CCN(C3CCC3)CC2)cc1,8.36
CC1CCCN1CCCOc1ccc(C(=O)CN2CCOCC2)cc1,8.27
Cc1cc(OCCCN2CCCC2C)ccc1C(=O)CN1CCOCC1,7.72
O=C(CN1CCOCC1)c1ccc(OCCCN2CCCCC2)cc1,7.18
O=C(CN1CCCCC1)c1ccc(OCCCN2CCCC2)cc1,7.5
CC1CCCN1CCCOc1ccc(C(=O)C(C)(C)N2CCOCC2)cc1,8.05
O=C(CN1CCOCC1)c1ccc(OCCCN2CCCC2)cc1,6.97
CC1CN(CC(=O)c2ccc(OCCCN3CCCC3C)cc2)CC(C)O1,8.0
CC1CCCN1CCCOc1ccc(C(=O)C(C)N2CCOCC2)cc1,8.1
COCC1CCCN1CCCOc1ccc(C(=O)CN2CCOCC2)cc1,5.93
FC(F)(F)c1ccc(-c2cnc3nc(N4CCC(N5CCCCC5)CC4)oc3c2)cc1,6.62
c1cncc(-c2cnc3nc(N4CCC(N5CCCCC5)CC4)oc3c2)c1,7.02
Cc1cccc(-c2cnc3nc(N4CCC(N5CCCCC5)CC4)oc3c2)n1,7.82
O=c1ccnc2ccc(-c3cnc4nc(N5CCC(N6CCCCC6)CC5)oc4c3)cn12,6.92
O=c1ccnc2c(-c3cnc4nc(N5CCC(N6CCCCC6)CC5)oc4c3)cccn12,7.6
COc1cc(-c2cnc3nc(N4CCC(N5CCCCC5)CC4)oc3c2)ccn1,7.37
OCc1cccc(-c2cnc3nc(N4CCC(N5CCCCC5)CC4)oc3c2)c1,6.6
Nc1ccc(-c2cnc3nc(N4CCC(N5CCCCC5)CC4)oc3c2)cn1,6.56
N#Cc1cncc(-c2cnc3nc(N4CCC(N5CCCCC5)CC4)oc3c2)c1,6.6
CC(=O)Nc1cnc2nc(N3CCC(N4CCCCC4)CC3)oc2c1,6.18
c1cc2c(c(-c3cnc4nc(N5CCC(N6CCCCC6)CC5)oc4c3)c1)OCCO2,6.93
Fc1ccc(-c2cnc3nc(N4CCC(N5CCCCC5)CC4)oc3c2)cn1,7.16
c1ccc(-c2cnc3nc(N4CCC(N5CCCCC5)CC4)oc3c2)nc1,7.33
Cc1cccnc1-c1cnc2nc(N3CCC(N4CCCCC4)CC3)oc2c1,7.82
NC(=O)c1ccc(-c2cnc3nc(N4CCC(N5CCCCC5)CC4)oc3c2)cc1,6.54
Clc1cccc(-c2cnc3nc(N4CCC(N5CCCCC5)CC4)oc3c2)n1,7.43
Brc1cnc2nc(N3CCC(N4CCCCC4)CC3)oc2c1,5.4
COc1ccnc2c(-c3cnc4nc(N5CCC(N6CCCCC6)CC5)oc4c3)cccc12,7.1
Cc1nnc2ccc(-c3cnc4nc(N5CCC(N6CCCCC6)CC5)oc4c3)cn12,7.48
CC(=O)Nc1ccccc1-c1cnc2nc(N3CCC(N4CCCCC4)CC3)oc2c1,5.82
O=C1Cc2cc(-c3cnc4nc(N5CCC(N6CCCCC6)CC5)oc4c3)ccc2N1,6.96
FC(F)(F)c1cccc(-c2cnc3nc(N4CCC(N5CCCCC5)CC4)oc3c2)n1,6.84
c1cn2c(-c3cnc4nc(N5CCC(N6CCCCC6)CC5)oc4c3)cnc2cn1,7.75
O=Cc1cccc(-c2cnc3nc(N4CCC(N5CCCCC5)CC4)oc3c2)c1,7.24
COc1cccc(-c2cnc3nc(N4CCC(N5CCCCC5)CC4)oc3c2)n1,7.64
c1cnc(N2CCC(c3cnc4nc(N5CCC(N6CCCCC6)CC5)oc4c3)CC2)nc1,6.45
c1cnc2c(-c3cnc4nc(N5CCC(N6CCCCC6)CC5)oc4c3)cccc2c1,7.46
Cc1cc(-c2cnc3nc(N4CCC(N5CCCCC5)CC4)oc3c2)ccn1,6.71
CC(=O)Nc1ccc(-c2cnc3nc(N4CCC(N5CCCCC5)CC4)oc3c2)cc1,6.63
N#Cc1cc(-c2cnc3nc(N4CCC(N5CCCCC5)CC4)oc3c2)ccc1F,7.44
O=c1nc[nH]c2cc(-c3cnc4nc(N5CCC(N6CCCCC6)CC5)oc4c3)ccc12,6.82
CC1CCCN1c1cnc2nc(N3CCC(N4CCCCC4)CC3)oc2c1,6.82
c1ccc2c(c1)CN(c1cnc3nc(N4CCC(N5CCCCC5)CC4)oc3c1)C2,6.58
C=Cc1cnc2nc(N3CCC(N4CCCCC4)CC3)oc2c1,6.43
c1cc(-c2cnc3nc(N4CCC(N5CCCCC5)CC4)oc3c2)ccn1,7.43
c1cnc2nc(N3CCC(N4CCCCC4)CC3)oc2c1,5.92
c1cc(-c2cnc3nc(N4CCC(N5CCCCC5)CC4)oc3c2)n2nccc2c1,8.4
CCc1cccc(-c2cnc3nc(N4CCC(N5CCCCC5)CC4)oc3c2)n1,7.1
CC(=O)N1CCC(Oc2ccc3c(c2)CCC2(CCN(C4CCC4)CC2)O3)CC1,8.4
O=S(=O)(C1CC1)N1CCC(Oc2ccc3c(c2)CCC2(CCN(C4CCC4)CC2)O3)CC1,8.05
CS(=O)(=O)N1CCC(Oc2ccc3c(c2)CCC2(CCN(C4CCC4)CC2)O3)CC1,8.15
c1cc2c(cc1OC1CCNCC1)CCC1(CCN(C3CCC3)CC1)O2,8.52
O=C(C1CC1)N1CCC(Oc2ccc3c(c2)CCC2(CCN(C4CCC4)CC2)O3)CC1,8.22
CCS(=O)(=O)N1CCC(Oc2ccc3c(c2)CCC2(CCN(C4CCC4)CC2)O3)CC1,8.15
CC(C)S(=O)(=O)N1CCC(Oc2ccc3c(c2)CCC2(CCN(C4CCC4)CC2)O3)CC1,8.15
CC(C)C(=O)N1CCC(Oc2ccc3c(c2)CCC2(CCN(C4CCC4)CC2)O3)CC1,8.7
CC1CCCN1CCc1cc2cc(C(=O)c3ccc([N+](=O)[O-])cc3)ccc2o1,9.4
CN(C)C(=O)c1cccc(-c2nnc(N3CCC(N4CCCCC4)CC3)s2)c1,6.72
O=c1cccnn1-c1cccc(-c2nnc(N3CCC(N4CCCCC4)CC3)s2)c1,7.92
O=C(c1cccc(-c2nnc(N3CCC(N4CCCCC4)CC3)s2)n1)N1CCC1,8.36
Cc1nnc2ccc(-c3nnc(N4CCC(N5CCCCC5)CC4)s3)cn12,8.47
O=c1ccnc2c(-c3nnc(N4CCC(N5CCCCC5)CC4)s3)cccn12,8.68
c1cnc2c(-c3nnc(N4CCC(N5CCCCC5)CC4)s3)cccc2c1,8.34
Cc1nnc(-c2cccc(-c3nnc(N4CCC(N5CCCCC5)CC4)s3)c2)o1,7.64
c1cc(-c2nnc(N3CCC(N4CCCCC4)CC3)s2)n2nccc2c1,8.49
Cc1cc(=O)c2cc(-c3nnc(N4CCC(N5CCCCC5)CC4)s3)ccc2o1,7.08
O=C1COc2ccc(-c3nnc(N4CCC(N5CCCCC5)CC4)s3)cc2N1,7.66
c1cc(-c2nnc(N3CCC(N4CCCCC4)CC3)s2)c2ccncc2c1,7.75
O=c1ccoc2ccc(-c3nnc(N4CCC(N5CCCCC5)CC4)s3)cc12,7.9
O=c1ccc2ccc(-c3nnc(N4CCC(N5CCCCC5)CC4)s3)cc2[nH]1,7.45
O=C(c1cccc(-c2nnc(N3CCC(N4CCCCC4)CC3)s2)c1)N1CCC1,7.1
O=c1ccnc2ccc(-c3nnc(N4CCC(N5CCCCC5)CC4)s3)cn12,7.89
O=c1ccc2c(-c3nnc(N4CCC(N5CCCCC5)CC4)s3)cccc2[nH]1,7.7
O=c1ccc2cc(-c3nnc(N4CCC(N5CCCCC5)CC4)s3)ccc2[nH]1,8.0
CC(O)c1cccc(-c2nnc(N3CCC(N4CCCCC4)CC3)s2)c1,7.54
O=C1Cc2cc(-c3nnc(N4CCC(N5CCCCC5)CC4)s3)ccc2N1,7.19
CC(=O)Nc1cccc(-c2nnc(N3CCC(N4CCCCC4)CC3)s2)c1,7.78
Cc1nc2cc(-c3nnc(N4CCC(N5CCCCC5)CC4)s3)ccc2o1,7.61
N#Cc1ccc(-c2ccc3c(c2)CCN(CCCN2CCCCC2)C3=O)cc1,7.75
NC(=O)c1ccc(-c2ccc3c(c2)CCN(CCN2CCCC2)C3=O)cc1,8.22
CC1CCCN1C(=O)c1ccc(-c2ccc3c(c2)CCN(CCN2CCCC2)C3=O)cc1,8.77
CNC(=O)c1ccc(-c2ccc3c(c2)CCN(CCN2CCCC2)C3=O)cc1,8.89
O=C1c2ccc(-c3cc(F)cc(F)c3)cc2CCN1CCN1CCCC1,8.05
CC1CCCN1CCN1CCc2cc(-c3ccc(C(=O)N4CCCC4)cc3)ccc2C1=O,9.7
O=C1c2ccc(-c3ccncc3)cc2CCN1CCN1CCCC1,8.11
O=C1c2ccc(-c3ccc(F)cc3F)cc2CCN1CCN1CCCC1,8.09
CC1CCCN1CCN1CCc2c(cccc2-c2ccc(C#N)cc2)C1=O,7.66
O=C1c2ccc(-c3ccc(F)cc3)cc2CCN1CCN1CCCCC1,8.11
N#Cc1ccc(-c2ccc3c(c2)CCN(CCCN2CCCC2)C3=O)cc1,8.16
O=C(NC1CCC1)c1ccc(-c2ccc3c(c2)CCN(CCN2CCCC2)C3=O)cc1,8.68
O=C1c2ccc(-c3ccc(F)c(F)c3)cc2CCN1CCN1CCCC1,8.11
O=C(NC1CCCC1)c1ccc(-c2ccc3c(c2)CCN(CCN2CCCC2)C3=O)cc1,8.72
O=C(c1ccc(-c2ccc3c(c2)CCN(CCN2CCCC2)C3=O)cc1)C1CC1,8.22
O=C1c2ccc(-c3cccc(C(F)(F)F)c3)cc2CCN1CCN1CCCC1,8.19
O=C(c1ccc(-c2ccc3c(c2)CCN(CCN2CCCC2)C3=O)cc1Cl)N1CCCC1,8.8
O=C(c1ccc(-c2ccc3c(c2)CCN(CCN2CCCC2)C3=O)cc1F)N1CCCC1,8.89
O=C1c2ccc(-c3ccc(F)cc3)cc2CCN1CCN1CCCCCC1,8.24
O=C1c2ccc(-c3ccccc3)cc2CCN1CCN1CCCC1,7.94
CC1CCCN1CCN1CCc2cc(Oc3ccc(C#N)nc3)ccc2C1=O,9.52
O=C(c1ccc(-c2ccc3c(c2)CCN(CCN2CCCC2)C3=O)cc1)N1CCCC1,8.62
O=C1c2ccc(-c3ccc(OC(F)(F)F)cc3)cc2CCN1CCN1CCCC1,7.83
O=C1c2ccc(-c3ccccc3F)cc2CCN1CCN1CCCC1,7.85
CCNC(=O)c1ccc(-c2ccc3c(c2)CCN(CCN2CCCC2C)C3=O)cc1,9.0
O=C(NC1CC1)c1ccc(-c2ccc3c(c2)CCN(CCN2CCCC2)C3=O)cc1,8.57
CNC(=O)c1ccc(-c2ccc3c(c2)CCN(CCN2CCCC2C)C3=O)cc1,9.0
N#Cc1ccc(-c2ccc3c(c2)CCN(CCN2CCCC2)C3=O)cc1,8.41
O=C1c2ccc(-c3ccc(F)cc3)cc2CCN1CCN1CCCC1,7.96
O=C1c2ccc(-c3cccc(OC(F)(F)F)c3)cc2CCN1CCN1CCCC1,7.55
CN(C)C(=O)c1ccc(-c2ccc3c(c2)CCN(CCN2CCCC2)C3=O)cc1,9.05
CC1CCCN1CCN1CCc2cc(-c3ccc(C#N)cc3)ccc2C1=O,9.1
O=C1c2ccc(-n3cnc4ccccc43)cc2CCN1CCN1CCCC1,9.1
N#Cc1cccc(-c2ccc3c(c2)CCN(CCN2CCCC2)C3=O)c1,8.47
CN(C)C(=O)c1ccc(-c2ccc3c(c2)CCN(CCN2CCCC2)C3=O)c(F)c1,8.51
CC1CCCN1CCN1CCc2cc(Oc3ccc(C#N)cc3)ccc2C1=O,9.22
O=C1c2ccc(-c3cccc(F)c3)cc2CCN1CCN1CCCC1,7.94
O=C(c1ccc(-c2ccc3c(c2)CCN(CCN2CCCC2)C3=O)c(F)c1)N1CCCC1,8.49
CCNC(=O)c1ccc(-c2ccc3c(c2)CCN(CCN2CCCC2)C3=O)cc1,8.92
CC1CCCN1CCN1Cc2c(cccc2-c2ccc(C#N)cc2)C1=O,7.62
O=C1c2ccc(-c3ccc(C(F)(F)F)cc3)cc2CCN1CCN1CCCC1,8.03
CC1CCCN1CCN1CCc2cc(Oc3ccc(C#N)cn3)ccc2C1=O,8.92
O=C1CC2CCc3cc(OC4CCN(C5CCC5)CC4)ccc3C2=NN1,7.77
CC1CCCN1CCCOc1ccc2c(c1)CCC1CC(=O)NN=C21,7.82
CC1CCCN1CCCOc1ccc2c(c1)CCc1n[nH]c(=O)cc1-2,8.21
CC1CCCN1CCCOc1ccc2c(c1)CCc1cc(=O)n(C(C)C)nc1-2,8.38
CC1CCCN1CCCOc1ccc2c(c1)CCc1cc(=O)[nH]nc1-2,8.37
CC1CCCN1CCCOc1ccc2c(c1)CCc1cc(=O)n(-c3ccccc3)nc1-2,7.8
CC1CCCN1CCCOc1ccc2c(c1)CCc1cc(=O)n(C)nc1-2,8.44
O=c1cc2c(nn1Cc1ccccc1)-c1ccc(OCCCN3CCCCC3)cc1CC2,6.98
COCn1ncc(-c2ccc(OCCCN3CCCC3C)cc2)cc1=O,8.4
COc1cn[nH]c(=O)c1-c1ccc(OCCCN2CCCC2C)cc1,7.7
COCn1ncc(-c2ccc(OCCCN3CCCC3C)cc2)c(OC)c1=O,8.3
COCn1ncc(OC)c(-c2ccc(OCCCN3CCCC3C)cc2)c1=O,8.0
CC(COc1ccc(-c2cn[nH]c(=O)c2)cc1)CN1CCCC1C,8.52
CC1CCCN1CCCOc1ccc(C(=O)CN2CCN(C(=O)Oc3ccc(F)cc3)CC2)cc1,8.52
CC1CCCN1CCCOc1ccc(C(=O)CN2CCCC(F)(F)C2)cc1,8.05
CC(C)COC(=O)N1CCN(CC(=O)c2ccc(OCCCN3CCCC3C)cc2)CC1,8.34
CCOC(=O)N1CCN(CC(=O)c2ccc(OCCCN3CCCC3C)cc2)CC1,8.4
CC(=O)N1CCN(CC(=O)c2ccc(OCCCN3CCCC3C)cc2)CC1,8.55
CC1CCCN1CCCOc1ccc(C(=O)CN2CCN(C(=O)c3cccn3C)CC2)cc1,9.05
CC1CCCN1CCCOc1ccc(C(=O)CN2CCN(C(=O)Oc3ccccc3)CC2)cc1,8.41
CC1CCCN1CCCOc1ccc(C(=O)CN2CCC(F)(F)C2)cc1,8.47
CC1CCCN1CCCOc1ccc(C(=O)CN2CCN(C(=O)c3ccco3)CC2)cc1,8.7
CC1CCCN1CCCOc1ccc(C(=O)CN2CCN(S(C)(=O)=O)CC2)cc1,8.47
CC1CCCN1CCCOc1ccc(C(=O)CN2CCC(C(F)(F)F)CC2)cc1,8.6
CC1CCCN1CCCOc1ccc(C(=O)CN2CCC(F)(F)CC2)cc1,7.96
CC1CCCN1CCCOc1ccc(C(=O)CN2CCC(C#N)CC2)cc1,8.2
CC1CCCN1CCCOc1ccc(C(=O)CN2CCN(C(=O)c3cc4ccccc4s3)CC2)cc1,8.92
CC1CCCN1CCCOc1ccc(C(=O)CN2CCN(C(=O)c3ccccc3)CC2)cc1,8.72
CC1CCCN1CCCOc1ccc(C(=O)CN2CCN(C(=O)c3ccc(F)cc3)CC2)cc1,9.22
CC1CCCN1CCCOc1ccc(C(=O)CN2CCN(C(=O)C(F)(F)F)CC2)cc1,8.68
CC1CCCN1CCCOc1ccc(C(=O)CN2CCN(C(=O)c3cccs3)CC2)cc1,8.38
COC(=O)N1CCN(CC(=O)c2ccc(OCCCN3CCCC3C)cc2)CC1,8.49
OC1CCCN(c2nnc(N3CCC(N4CCCCC4)CC3)s2)C1,7.34
CC1CN(c2nnc(N3CCC(N4CCCCC4)CC3)s2)CC(C)O1,7.28
OC1(c2ccccn2)CCCN(c2nnc(N3CCC(N4CCCCC4)CC3)s2)C1,7.28
COC1CCCN(c2nnc(N3CCC(N4CCCCC4)CC3)s2)C1,7.43
FC1(F)CCN(c2nnc(N3CCC(N4CCCCC4)CC3)s2)C1,7.21
c1ccc(C2CN(c3nnc(N4CCC(N5CCCCC5)CC4)s3)CCO2)nc1,8.52
O=C1N(c2nnc(N3CCC(N4CCCCC4)CC3)s2)CCN1C1CCCC1,7.47
FC1(F)CCN(c2nnc(N3CCC(N4CCCCC4)CC3)s2)CC1,7.82
COC1(c2ccccn2)CCCN(c2nnc(N3CCC(N4CCCCC4)CC3)s2)C1,7.96
O=C1N(c2ccccc2)CCCN1c1nnc(N2CCC(N3CCCCC3)CC2)s1,7.52
C1=C(c2ccccn2)CCCN1c1nnc(N2CCC(N3CCCCC3)CC2)s1,8.52
C1=C(c2ccccn2)CN(c2nnc(N3CCC(N4CCCCC4)CC3)s2)CC1,7.92
FC1(c2ccccn2)CCCN(c2nnc(N3CCC(N4CCCCC4)CC3)s2)C1,8.4
C1=C(c2ncccn2)CN(c2nnc(N3CCC(N4CCCCC4)CC3)s2)CC1,7.85
FC1CCCN(c2nnc(N3CCC(N4CCCCC4)CC3)s2)C1,7.18
c1cnc(C2CN(c3nnc(N4CCC(N5CCCCC5)CC4)s3)CCO2)cn1,8.1
OC1(c2ncccn2)CCCN(c2nnc(N3CCC(N4CCCCC4)CC3)s2)C1,7.17
c1ccc(C2CCCN(c3nnc(N4CCC(N5CCCCC5)CC4)s3)C2)cc1,7.12
O=C1CCCCN1c1nnc(N2CCC(N3CCCCC3)CC2)s1,6.92
CCCCN1CCCC1Cn1nc(Cc2ccc(Cl)cc2)c2cnccc2c1=O,6.2
O=c1c2ccncc2c(Cc2ccc(Cl)cc2)nn1CC1CCCN1CCCCc1ccc(OCCCN2CCCCCC2)cc1,9.25
CN1CCCC1Cn1nc(Cc2ccc(Cl)cc2)c2ccncc2c1=O,6.4
CCCCN1CCCC1Cn1nc(Cc2ccc(Cl)cc2)c2ccccc2c1=O,6.36
CN1CCCC1Cn1nc(Cc2ccc(Cl)cc2)c2ncccc2c1=O,6.5
CN1CCCC1Cn1nc(Cc2ccc(Cl)cc2)c2cnccc2c1=O,6.4
CN1CCCC1Cn1nc(Cc2ccc(Cl)cc2)c2nccnc2c1=O,6.2
COCCN1CCCC1Cn1nc(Cc2ccc(Cl)cc2)c2ncccc2c1=O,6.2
COCCN1CCCC1Cn1nc(Cc2ccc(Cl)cc2)c2cccnc2c1=O,6.2
CCCCN1CCCC1Cn1nc(Cc2ccc(Cl)cc2)c2ncccc2c1=O,6.2
CN1CCCC1Cn1nc(Cc2ccc(Cl)cc2)c2cccnc2c1=O,6.6
CCCCN1CCCC1Cn1nc(Cc2ccc(Cl)cc2)c2cccnc2c1=O,6.2
CC(C)N1CCCN(C(=O)C2CCN(c3ccc(C(F)(F)F)nc3)CC2)CC1,9.5
CC1(C)CCCN(CCCOc2ccc(C3CCN(C(=O)c4ccc(CCC(=O)O)c5ccccc45)CC3)cc2)C1,7.3
CCNC(=O)C1CC(F)(c2ccc(CN3CCCC3)c(F)c2)C1,8.64
CC(C)CNC(=O)C1CC(F)(c2ccc(CN3CCCC3)c(F)c2)C1,8.85
CC(=O)N(C)CC1CC(c2ccc(CN3CCCC3)c(Cl)c2)C1,7.89
CCN(C)C(=O)C1CC(c2ccc(CN3CCCC3)c(F)c2)C1,8.4
c1cnc(OCC2CC(c3ccc(CN4CCCC4)cc3)C2)nc1,8.06
c1cc(C2CC(CN3CCOCC3)C2)ccc1CN1CCCC1,8.66
COc1ccccc1N1CCN(Cc2cc(CN3CCN(C)CC3)c3cccccc2-3)CC1,5.26
CN1CCN(c2cc(N)nc(N)n2)CC1,5.97
CC1=CC(C)=[N+]2C1=C(c1ccc(OCCCN3CCCCC3)cc1)c1c(C)cc(C)n1[B-]2(F)F,8.19
CC(C)(O)c1ccc(OCCCN2CCCCC2)cc1,8.17
OC1CCC(Cc2ccc(OCCCN3CCCCC3)cc2)CC1,8.72
OCCc1ccc(OCCCN2CCCCC2)cc1,7.5
OCc1ccc(OCCCN2CCCCC2)cc1,7.64
OC1(c2ccc(OCCCN3CCCCC3)cc2)CCCC1,9.09
C=CC(O)c1ccc(OCCCN2CCCCC2)cc1,8.07
CCC(O)(CC)c1ccc(OCCCN2CCCCC2)cc1,8.85
CCCC(O)(CCC)c1ccc(OCCCN2CCCCC2)cc1,9.13
OC1CCC(c2ccc(OCCCN3CCCCC3)cc2)CC1,8.59
OC(c1ccc(OCCCN2CCCCC2)cc1)C1CCCCC1,8.54
C=CCC(O)(CC=C)c1ccc(OCCCN2CCCCC2)cc1,9.27
OCC#Cc1ccc(OCCCN2CCCCC2)cc1,7.82
CC(O)CCc1ccc(OCCCN2CCCCC2)cc1,8.48
OC(c1ccc(OCCCN2CCCCC2)cc1)C1CCOCC1,7.89
OC1(c2ccc(OCCCN3CCCCC3)cc2)CCCCC1,8.41
OCCC#Cc1ccc(OCCCN2CCCCC2)cc1,7.72
C=CCC(O)c1ccc(OCCCN2CCCCC2)cc1,8.16
CC(C)(O)CCc1ccc(OCCCN2CCCCC2)cc1,8.4
OC1(c2ccc(OCCCN3CCCCC3)cc2)CCC1,7.75
OC1(c2ccc(OCCCN3CCCCC3)cc2)CCOCC1,8.39
CNC1CCN(c2nc(N)nc3cc(C4CC4)cnc23)C1,6.0
CNC1CCN(c2cc(NCC3CC3)nc(N)n2)C1,6.73
Nc1nc(N2CCNCC2)c2ccc(C3CC3)cc2n1,6.81
CNC1CN(c2nc(N)nc3cc(C4CCCC4)cnc23)C1,6.82
CC(C)(C)c1ccc2c(N3CCNCC3)nc(N)nc2c1,6.07
CNC1CCN(c2nc(N)nc3cc(C(C)C)cnc23)C1,6.84
CCc1cnc2c(N3CCN(C)CC3)nc(N)nc2c1,6.67
CNC1CN(c2nc(N)nc3cc(C(C)(C)C)ccc23)C1,6.31
CCc1ccc2c(N3CCNCC3)nc(N)nc2c1,6.66
CNC1CCN(c2nc(N)nc3cc(C4CC4)ccc23)C1,6.75
CNC1CN(c2nc(N)nc3cc(C#N)cnc23)C1,5.02
CCc1cnc2c(N3CCC(NC)C3)nc(N)nc2c1,5.82
CCc1cnc2c(N3CC(NC)C3)nc(N)nc2c1,6.11
CNC1CN(c2nc(N)nc3cc(C4CC4)cnc23)C1,6.2
CNC1CN(c2nc(N)nc3cc(C(C)C)cnc23)C1,6.08
CNC1CN(c2nc(N)nc3cc(C4CCCC4)ccc23)C1,6.8
Cc1c(Cl)cc(NC(=O)Nc2ccc(OCCCN3CCCCC3)cc2)cc1Cl,6.95
O=C(Nc1ccc(OCCCN2CCCCC2)cc1)Nc1ccc(F)cc1F,7.28
CCN(CC)CCOc1ccc(NC(=S)Nc2ccc(OCC(C)C)cc2)cc1,7.78
Cc1cc(N2CCC(N3CCCC3C)C2)ccc1NC(=O)c1cc(F)ccc1C,8.07
Cc1cc(N2CCC(N3CCCC3C)C2)ccc1NC(=O)c1ccccc1F,7.86
O=C(OCCN1CCCC1)N1c2ccccc2Sc2ccccc21,5.22
CCN(CC)CCCOC(=O)N1c2ccccc2Sc2ccccc21,6.02
O=C(NCCc1ccc(Cl)cc1)OCCCc1c[nH]cn1,6.37
O=C(NCCCOc1ccccc1)OCCCc1c[nH]cn1,5.89
c1ccc2c(CCNc3ccc(CN4CCOCC4)cc3)c[nH]c2c1,8.37
CN(CCCc1cccc(F)c1)C1C2C3CC4C2C(=O)C2C4C3C21,5.69
Nc1cc(CN2CCC(F)(C(=O)N3CCC(N4Cc5cccnc5C4)CC3)CC2)ccn1,8.15
Cc1nnc2n1-c1sccc1C(=O)N(C1CCN(C(=O)C3(F)CCN(Cc4ccnc(N)c4)CC3)CC1)C2,7.57
Nc1cc(CN2CCC(F)(C(=O)N3CCC(N4c5ccccc5Sc5ccc(C(F)(F)F)cc54)CC3)CC2)ccn1,7.96
Nc1cc(CN2CCC(F)(C(=O)N3CCC(N4c5ccccc5Sc5cccnc54)CC3)CC2)ccn1,8.15
Nc1cc(CN2CCC(F)(C(=O)N3CCC(N4Cc5ccccc5Cc5ccccc54)CC3)CC2)ccn1,8.4
Nc1cc(CN2CCC(F)(C(=O)N3CCC(N4CCCc5ccccc5C4)CC3)CC2)ccn1,7.44
Nc1cc(CN2CCC(F)(C(=O)N3CCC(N4CCc5ccccc5CC4)CC3)CC2)ccn1,9.0
Nc1cc(CN2CCC(F)(C(=O)N3CCC(N4CCNc5ccccc5C4)CC3)CC2)ccn1,9.0
COc1ccc2c(c1)CCCN(C1CCN(C(=O)C3(F)CCN(Cc4ccnc(N)c4)CC3)CC1)C2,9.0
Cc1nnc2n1-c1sccc1CN(C1CCN(C(=O)C3(F)CCN(Cc4ccnc(N)c4)CC3)CC1)C2,9.0
Nc1cc(CN2CCC(F)(C(=O)N3CCC(N4Cc5ccccc5-c5ccccc5C4)CC3)CC2)ccn1,8.7
COc1ccc2c(c1)CN(C1CCN(C(=O)C3(F)CCN(Cc4ccnc(N)c4)CC3)CC1)CCC2,8.7
Nc1cc(CN2CCC(F)(C(=O)N3CCC(N4CCc5ccccc5C4)CC3)CC2)ccn1,8.7
N#Cc1ccc2c(c1)CN(C1CCN(C(=O)C3(F)CCN(Cc4ccnc(N)c4)CC3)CC1)CC2,8.7
Nc1cc(CN2CCC(F)(C(=O)N3CCC(N4Cc5ccccc5C4)CC3)CC2)ccn1,8.7
Cc1cc(N2CCC(N3CCCC3C)C2)ccc1NC(=O)C1CCOCC1,9.0
COc1cc2c(NC3CCN(C(C)C)CC3)nc(N3CCC(F)(F)CC3)nc2cc1OCCCN1CCCC1,7.35
Cc1cc(N2CCC(N3CCCC3C)C2)ccc1NC(=O)c1c(C)noc1C,10.0
c1cc2c(cc1OCCCN1CCCCC1)CCN(CC1CC1)CC2,9.3
O=C(c1ccc(Cl)cc1)N1CCC(Oc2ccc3c(c2)CCN(C2CCC2)CC3)CC1,9.3
Cn1c(=O)ccc2cc(COc3ccc4c(c3)CCN(C3CCC3)CC4)ccc21,9.4
c1cc2c(cc1OC1CCNCC1)CCN(C1CCC1)CC2,9.5
c1ccc(COc2ccc3c(c2)CCN(C2CCC2)CC3)cc1,9.6
CC(C)N1CCc2ccc(OCc3ccccc3)cc2CC1,7.7
CN(C)CCCOc1ccc2c(c1)CCNCC2,7.0
c1cc2c(cc1OCCCN1CCOCC1)CCNCC2,7.0
c1cc2c(cc1OCCCN1CCCCC1)CCN2,7.8
c1cc2c(cc1OCCCN1CCCCC1)CCN(CC1CCCO1)CC2,9.3
c1cc2c(cc1OCCN1CCCCC1)CCN(CC1CC1)CC2,9.1
c1ccc(COc2ccc3c(c2)CCN(C2CCCC2)CC3)cc1,9.1
c1cc2c(cc1OCCCN1CCCCC1)CCNCC2,8.4
c1ccc(COc2ccc3c(c2)CCN(C2CC2)CC3)cc1,8.3
CN1CCc2ccc(OCc3ccccc3)cc2CC1,6.5
c1cc2c(cc1OCCCN1CCCCC1)CCNC2,8.6
CC(C)N1CCC(Oc2ccc3c(c2)CCNCC3)CC1,8.6
c1ccc(COc2ccc3c(c2)CCN(C2CCCCC2)CC3)cc1,8.0
c1ccc(COc2ccc3c(c2)CCN(CC2CC2)CC3)cc1,8.0
c1ccc(N2CCc3ccc(OCCCN4CCCCC4)cc3CC2)cc1,8.0
Cc1cc(C(=O)N2CCC(Oc3ccc4c(c3)CCN(C3CCC3)CC4)CC2)no1,8.8
c1cc2c(cc1OCC1CCNCC1)CCN(C1CCC1)CC2,9.3
O=C(N1CCOCC1)N1CCC(Oc2ccc3c(c2)CCN(C2CCC2)CC3)CC1,9.0
O=C(NC1CCN(Cc2ccc(OCCCN3CCCCC3)cc2)C1)c1ccc2c(c1)OCO2,10.6
CC(C)CN1CCc2ccc(OCc3ccccc3)cc2CC1,7.6
Cc1nc(Oc2ccc3c(c2)CCN(C2CCC2)CC3)ccc1C#N,9.7
CNC(=O)c1ccc(Oc2ccc3c(c2)CCN(C2CCC2)CC3)nn1,8.9
O=C1CC(O)CN1c1ccc(Oc2ccc3c(c2)CCN(C2CCC2)CC3)nc1,9.7
Cc1noc(C)c1-c1ccc(Oc2ccc3c(c2)CCN(C2CCC2)CC3)nc1,9.3
O=C(c1ccc(Oc2ccc3c(c2)CCN(C2CCC2)CC3)nc1)N1CCCC1,9.6
c1cc(-c2ccc(Oc3ccc4c(c3)CCN(C3CCC3)CC4)nc2)[nH]n1,9.6
CCN(C)C(=O)c1ccc(Oc2ccc3c(c2)CCN(C2CCC2)CC3)nc1,9.2
O=C1CCCCN1c1ccc(Oc2ccc3c(c2)CCN(C2CCC2)CC3)nc1,9.5
NC(=O)c1ccc(Oc2ccc3c(c2)CCN(C2CCC2)CC3)nc1,9.3
CC1CCC(=O)N1c1ccc(Oc2ccc3c(c2)CCN(C2CCC2)CC3)nc1,9.5
CNC(=O)c1ccc(Oc2ccc3c(c2)CCN(C2CCC2)CC3)cc1,9.3
CNC(=O)c1ccc(Oc2ccc3c(c2)CCN(C2CCC2)CC3)cn1,9.3
CNC(=O)c1ccc(Oc2ccc3c(c2)CCN(C2CCCC2)CC3)nc1,9.3
CC(=O)Nc1ccc(Oc2ccc3c(c2)CCN(C2CCC2)CC3)nc1,9.7
c1cnn(-c2ccc(Oc3ccc4c(c3)CCN(C3CCC3)CC4)nc2)c1,9.3
Cc1nnc(-c2ccc(Oc3ccc4c(c3)CCN(C3CCC3)CC4)nc2)o1,9.8
c1cncc(Oc2ccc3c(c2)CCN(C2CCC2)CC3)c1,8.6
O=C1CCCN1c1ccc(Oc2ccc3c(c2)CCN(C2CCC2)CC3)nc1,10.0
O=C1CCCN1c1ccc(Oc2ccc3c(c2)CCN(C2CCCC2)CC3)nc1,9.9
CC(C)NC(=O)c1ccc(Oc2ccc3c(c2)CCN(C2CCC2)CC3)nc1,9.9
CN1CCN(c2ccc(Oc3ccc4c(c3)CCN(C3CCC3)CC4)nc2)C1=O,10.0
CC(=O)c1ccc(Oc2ccc3c(c2)CCN(C2CCC2)CC3)cn1,10.0
c1ccc(Oc2ccc3c(c2)CCN(C2CCC2)CC3)cc1,8.5
c1cnc(Oc2ccc3c(c2)CCN(C2CCC2)CC3)nc1,8.6
O=C1OCCN1c1ccc(Oc2ccc3c(c2)CCN(C2CCC2)CC3)nc1,9.8
O=C1CCN1c1ccc(Oc2ccc3c(c2)CCN(C2CCC2)CC3)nc1,10.1
c1cnc(Oc2ccc3c(c2)CCN(C2CCC2)CC3)cn1,8.8
CCN1CCC(Oc2ccc(C3=NNC(=O)C4CC34)cc2)CC1,6.76
CN1N=C(c2ccc(OC3CCN(C4CCC4)CC3)cc2)C2CC2C1=O,8.4
CC(C)N1CCC(Oc2ccc(C3=NNC(=O)C4CC34)cc2)CC1,8.04
CC(C)N1N=C(c2ccc(OC3CCN(C4CCC4)CC3)cc2)C2CC2C1=O,8.16
CCN1N=C(c2ccc(OC3CCN(C4CCC4)CC3)cc2)C2CC2C1=O,8.35
CC(C)N1CCC(Oc2ccc(C3=NN(C)C(=O)C4CC34)cc2)CC1,8.4
O=C1NN=C(c2ccc(OC3CCN(C4CCC4)CC3)cc2)C2CC12,8.42
CN1N=C(c2ccc(OC3CCN(C4CCCC4)CC3)cc2)C2CC2C1=O,8.44
O=C1C2CC2C(c2ccc(OC3CCN(C4CCC4)CC3)cc2)=NN1c1ccc(F)cc1,8.46
O=C(C1CC12CCN(C1CCC1)CC2)N1CCN(C2CCOCC2)CC1,7.17
O=C(C1CC12CCN(C1CCOCC1)CC2)N1CCN(C2CCCCCC2)CC1,7.19
O=C(C1CC12CCN(c1ccncc1)CC2)N1CCN(C2CCCCC2)CC1,7.26
O=C(C1CC12CCN(C1CCOCC1)CC2)N1CCCN(C2CCC2)CC1,8.52
CC(C)N1CCC2(CC1)CC2C(=O)N1CCN(C2CCCCC2)CC1,7.33
O=C(C1CC12CCN(C1CCOCC1)CC2)N1CCN(C2CCCC2)CC1,8.85
O=C(C1CC12CCNCC2)N1CCN(C2CCCCC2)CC1,6.36
O=C(C1CC12CCN(C1CCOCC1)CC2)N1CCN(C2CCC2)CC1,8.89
O=C(C1CC12CCN(C1CCOCC1)CC2)N1CCN(c2ccncc2)CC1,8.08
O=C(C1CC12CCN(C1CCOCC1)CC2)N1CCN(C2CC2)CC1,7.96
CC(C)N1CCN(C(=O)C2CC23CCN(C2CCOCC2)CC3)CC1,9.1
O=C(C1CC12CCN(CCc1ccccc1)CC2)N1CCN(C2CCCCC2)CC1,7.68
O=C(C1CC12CCN(Cc1ccccc1)CC2)N1CCN(C2CCCCC2)CC1,6.99
O=C(C1CC12CCN(C1CCCCC1)CC2)N1CCN(C2CCCCC2)CC1,7.72
CC(C)N1CCN(C(=O)C2CC3(CCN(C4CCOCC4)CC3)C2)CC1,9.52
CC(C)N1CCN(C(=O)N2CC3(CCN(C4CCOCC4)CC3)C2)CC1,7.01
CC(C)N1CCC(Oc2ccc(C3(C(N)=O)CCOCC3)cc2)CC1,9.08
COC(=O)c1oc(-c2ccc(OC3CC(N4CCCCC4)C3)cc2)nc1C,8.7
c1cc(-c2nc(CN3CCCCC3)co2)ccc1OC1CC(N2CCCCC2)C1,8.9
CC1(C)COC(c2ccc(OC3CC(N4CCCCC4)C3)cc2)=N1,8.1
c1cc(C2=NC3(CCCCC3)CO2)ccc1OCCCN1CCCCC1,7.1
CC1(C)COC(c2ccc(OCCCN3CCCCC3)cc2)=N1,6.8
c1cc(C2=NC3(CCCCC3)CO2)ccc1OC1CC(N2CCCCC2)C1,8.7
c1cc(-c2nc(CN3CCCCC3)co2)ccc1OCCCN1CCCCC1,8.2
Nc1nc(C2CCCC2)cc(N2CCNCC2)n1,7.62
CCc1cc(N2CCC(NC)C2)nc(N)n1,6.17
CC(C)c1cc(N2CCC(N)C2)nc(N)n1,5.98
O=C1NC(c2ccccc2)(c2ccccc2)C(=O)N1CCCN1CCCCC1,6.25
O=C1NC(c2ccccc2)(c2ccccc2)C(=O)N1Cc1ccc(OCCCN2CCCCC2)cc1,7.12
Cc1nnc(C)n1-c1ccc(OCCCN2CCCCC2)cc1,9.03
Cc1nnc(-c2cccnc2)n1-c1ccc(OCCCN2CCCCC2)cc1,9.62
CC(NCc1ccc(OCCCN2CCCCC2)cc1)C(N)=O,7.37
O=C(O)C1CCN(Cc2ccc(OCCCN3CCCCC3)cc2)CC1,7.89
CCOC(=O)C1CCN(Cc2ccc(OCCCN3CCCCC3)cc2)CC1,9.64
Cc1nnc(C2CCN(Cc3ccc(OCCCN4CCCCC4)cc3)CC2)o1,9.32
OCC1CCN(Cc2ccc(OCCCN3CCCCC3)cc2)CC1,9.17
OC1CCN(Cc2ccc(OCCCN3CCCCC3)cc2)CC1,9.23
CN1CCN(c2nc(N)nc(-c3ccc(Br)cc3)n2)CC1,4.82
CN1CCN(c2nc(N)nc(-c3ccc(Cl)cc3)n2)CC1,4.88
c1cc2c(cc1OCCCN1CCCCC1)CN1CCCC1=N2,7.12
O=c1ccn(CCCN2CCCCC2)c(=O)[nH]1,5.15
Cc1c(C)n(Cc2ccc(OCCCN3CCCCC3)cc2)c(=O)n(C(=O)c2ccccc2)c1=O,7.46
O=C(c1ccccc1)n1c(=O)ccn(CCCN2CCCCC2)c1=O,5.94
Cc1cn(C(=O)OC(C)(C)C)c(=O)n(Cc2ccc(OCCCN3CCCCC3)cc2)c1=O,7.33
Cc1c(C)n(Cc2ccc(OCCCN3CCCCC3)cc2)c(=O)[nH]c1=O,7.75
CC(C)(C)OC(=O)n1ccc(=O)n(Cc2ccc(OCCCN3CCCCC3)cc2)c1=O,7.3
O=c1ccn(Cc2ccc(OCCCN3CCCCC3)cc2)c(=O)[nH]1,7.89
Cc1cn(Cc2ccc(OCCCN3CCCCC3)cc2)c(=O)[nH]c1=O,8.15
O=c1cc[nH]c(=O)n1Cc1ccc(OCCCN2CCCCC2)cc1,7.54
O=C(c1ccccc1)n1c(=O)ccn(Cc2ccc(OCCCN3CCCCC3)cc2)c1=O,8.14
Cc1c(C)n(C(=O)OC(C)(C)C)c(=O)n(Cc2ccc(OCCCN3CCCCC3)cc2)c1=O,7.42
Cc1c[nH]c(=O)n(Cc2ccc(OCCCN3CCCCC3)cc2)c1=O,7.2
Cc1cn(Cc2ccc(OCCCN3CCCCC3)cc2)c(=O)n(C(=O)c2ccccc2)c1=O,7.5
CN(C)C1Cc2ccccc2C(c2ccc(C(F)(F)F)cc2)C1,6.64
CN(C)C1Cc2ccccc2C(c2ccc(Br)cc2)C1,6.28
CN(C)C1Cc2ccccc2C(c2cccc(C(F)(F)F)c2)C1,6.64
CN(C)C1Cc2ccccc2C(c2cccc(F)c2)C1,8.52
CN(C)C1Cc2ccccc2C(C2CCCCC2)C1,8.7
CN(C)C1Cc2ccccc2C(c2cccc([N+](=O)[O-])c2)C1,6.1
CN(C)C1Cc2ccccc2C(c2ccccc2)C1,8.7
CN(C)C1Cc2ccccc2C(c2cccc(Cl)c2)C1,8.0
CN(C)C1Cc2ccccc2C(c2cccc(Br)c2)C1,7.52
CN(C)C1Cc2ccccc2C(C2CCCCCCC2)C1,6.37
CN(C)C1Cc2ccccc2C(c2cccc(-c3ccccc3)c2)C1,6.7
CN(C)C1Cc2ccccc2C(c2ccccc2Br)C1,5.58
CN(C)C1Cc2ccccc2C(c2ccc(Cl)cc2)C1,8.22
Cc1ccccc1C1CC(N(C)C)Cc2ccccc21,6.92
CC(COc1ccc(C2=NNC(=O)C3CC23)cc1)CN1CCCC1C,8.64
Cc1cc(OCCCN2CCCC2C)ccc1C1=NNC(=O)C2CC12,8.15
Cc1cc(OCCCN2CCCCC2)ccc1C1=NNC(=O)C2CC12,7.41
O=C1NN=C(c2ccc(OCCCN3CCCCC3)cc2)C2CC12,7.72
CC1CCCN1CCCOc1ccc(C2=NNC(=O)C3CC23)cc1,8.51
CCN(CC)Cc1ccc(C(=O)N2CCN(C(C)C)CC2)cc1,8.22
O=C(c1ccc(CN2CCC(F)CC2)cc1)N1CCN(C2CCC2)CC1,9.15
CN1CCN(C(=O)c2ccc(CN3CCCCC3)cc2)CC1,7.62
O=C(c1ccc(CN2CCOCC2)cc1)N1CCN(C2CC2)CC1,8.27
O=C(c1ccc(CN2CCC(F)CC2)cc1)N1CCN(C2CC2)CC1,8.7
CC(C)N1CCN(C(=O)c2ccc(CN3CCC(F)CC3)cc2)CC1,8.82
O=C(c1ccc(CN2CCOCC2)cc1)N1CCN(C2CCC2)CC1,8.89
CC(C)N1CCN(C(=O)c2ccc(CN(C)C)cc2)CC1,8.3
CC(C)N1CCN(C(=O)c2ccc(CN3CCCCCC3)cc2)CC1,9.0
CC(C)N1CCN(C(=O)c2ccc(CN3CCCC3)cc2)CC1,9.0
CN1CCN(C(=O)c2ccc(CN3CCOCC3)cc2)CC1,7.66
O=C(OC1CCN(c2cc[nH]c(=O)c2)CC1)N1CCN(C2CCC2)CC1,7.6
CCn1nc(N2CCC(OC(=O)N3CCN(C(C)C)CC3)CC2)ccc1=O,7.36
O=C(OC1CCN(c2ccc(=O)[nH]n2)CC1)N1CCN(C2CCC2)CC1,7.58
CC(C)N1CCN(C(=O)OC2CCN(c3ccc(=O)n(C)n3)CC2)CC1,7.51
CC(C)N1CCN(C(=O)OC2CCN(c3cc[nH]c(=O)c3)CC2)CC1,7.92
CC(C)N1CCN(C(=O)OC2CCN(c3ccn(C)c(=O)c3)CC2)CC1,7.7
Cn1nc(N2CCC(OC(=O)N3CCN(C4CCC4)CC3)CC2)ccc1=O,7.6
c1cc2nc(N3CCN(C4CC4)CC3)sc2cc1CNC1CC1,9.05
c1cc2nc(N3CCN(C4CC4)CC3)sc2cc1CN1CCCC1,8.74
Nc1nccc(N2CCCN(Cc3ccccc3)CCC2)n1,6.79
CN(CCCN)c1ccnc(N)n1,6.5
Nc1nccc(N2CCNCC2)n1,7.62
CCC(N)CCNc1ccnc(N)n1,6.75
Nc1nccc(N2CC3CN(Cc4ccccc4)CC3C2)n1,6.8
Nc1nccc(NC2CNC2)n1,7.48
Nc1nccc(N2CCC(N)CC2)n1,6.52
Nc1nccc(NC2CCN(Cc3ccccc3)CC2)n1,7.14
Nc1nccc(N2CCC3(CC2)CNC3)n1,7.17
CNCCCNc1ccnc(N)n1,7.55
Nc1nccc(NC2CCNCC2)n1,6.49
CC1CCCN(CCCCCCOc2cccc(Cl)c2)C1,6.76
Clc1cccc(OCCCCCCN2CCCCC2)c1,6.59
CC1CCCN(CCCCCCCOc2cccc(Cl)c2)C1,6.33
CC1CCN(CCCCCCCOc2ccc(Cl)cc2)CC1,6.33
Clc1cccc(OCCCCCCCN2CCCCC2)c1,6.48
CC1CCN(CCCCCCOc2cccc(Cl)c2)CC1,6.38
CC1CCN(CCCCCOc2ccc(Cl)cc2)CC1,6.1
Clc1ccc(OCCCCCN2CCCCCC2)cc1,6.43
CC1CCN(CCCCCCCOc2cccc(Cl)c2)CC1,6.09
Clc1ccc(OCCCCCCCN2CCCCC2)cc1,6.89
Clc1ccc(OCCCCCCN2CCCCCC2)cc1,6.62
Clc1ccc(OCCCCCCN2CCCCC2)cc1,6.58
Clc1cccc(OCCCCCCN2CCCCCC2)c1,6.53
Clc1ccc(OCCCCCCCN2CCCCCC2)cc1,6.69
CC1CCCN(CCCCCCCOc2ccc(Cl)cc2)C1,6.75
Clc1ccc(OCCCCCN2CCCCC2)cc1,6.37
CC1CCCN(CCCCCOc2ccc(Cl)cc2)C1,6.88
CC1CCN(CCCCCCOc2ccc(Cl)cc2)CC1,6.72
CC1CCCN(CCCCCCOc2ccc(Cl)cc2)C1,6.69
CC(C)N1CCC(Oc2ccc(C(=O)NC3CCN(C(C)C)C3)cc2)CC1,8.24
CC(C)N1CCC(Oc2ccc(C(=O)NC3CCN(C4CCC4)C3)c(F)c2)CC1,8.24
CC(C)N1CCC(Oc2ccc(C(=O)NC3CCN(C4CCC4)C3)cc2)CC1,8.6
CC(C)N1CCC(NC(=O)c2ccc(OC3CCN(C(C)C)CC3)cc2)CC1,8.08
Cc1cc(C(=O)NC2CCN(C3CCC3)C2)ccc1OC1CCN(C(C)C)CC1,6.42
CC(C)N1CCC(Oc2ccc(C(=O)NC3CCN(C4CCC4)C3)cc2F)CC1,8.14
CC(C)N1CCC(NC(=O)c2ccc(OC3CCN(C4CCCC4)CC3)cc2)C1,8.07
CC(C)N1CCC(NC(=O)c2ccc(OC3CCN(C4CCC4)CC3)cc2Cl)CC1,8.15
O=C(NC1CCN(C2CCC2)CC1)c1ccc(OC2CCN(C3CCC3)CC2)cc1Cl,8.17
CC(C)N1CCC(Oc2ccc3c(c2)CCN(C2CCN(C(C)C)C2)C3=O)CC1,8.68
CC(C)N1CCC(NC(=O)c2ccc(OC3CCOCC3)cc2)C1,6.99
CC(C)N1CCC(Oc2ccc(C(=O)NC3CCN(C4CCC4)C3)c(Cl)c2)CC1,7.74
CC(C)N1CCC(NC(=O)c2ccc(OC3CCN(C4CCC4)CC3)cc2)C1,7.57
O=C1c2ccc(OC3CCN(C4CCC4)CC3)cc2CCN1C1CCN(C2CCC2)CC1,9.1
Cc1cc(OC2CCN(C(C)C)CC2)ccc1C(=O)NC1CCN(C2CCC2)C1,8.04
CC(C)CN1CCC(NC(=O)c2ccc(OC3CCN(C(C)C)CC3)cc2)C1,9.0
CC(C)N1CCC(NC(=O)c2ccc(OC3CCN(C(C)C)CC3)cc2F)CC1,7.94
CC(C)N1CCC(Oc2ccc3c(c2)CCN(C2CCN(C4CCC4)C2)C3=O)CC1,8.92
CC(C)N1CCC(Oc2ccc(C(=O)NC3CCN(C4CCC4)CC3)c(F)c2)CC1,7.98
Cc1cc(C(=O)NC2CCN(C(C)C)C2)ccc1OC1CCN(C(C)C)CC1,5.87
CC(C)N1CCC(Oc2ccc3c(c2)CCN(C2CCN(C4CCC4)CC2)C3=O)CC1,8.74
CN1CCN(c2cc(-c3ccccc3)nc(NCc3ccccc3)n2)CC1,5.6
CN1CCN(c2nc(N)nc3c2CCc2ccccc2-3)CC1,5.01
CN1CCN(c2nc(NCc3ccccc3)nc3c2CCc2ccccc2-3)CC1,5.22
C=CCN(CC=C)CCc1c[nH]c2ccc(Cl)cc12,5.8
c1nc(CCCC2CCCNC2)c[nH]1,7.08
c1nc(CCC2CCCNC2)c[nH]1,6.74
c1nc(CC2CCCNC2)c[nH]1,7.17
N#CN=C(NCCSc1ccccc1)NCC1CCC(c2c[nH]cn2)C1,6.23
CNC(=NC#N)NCC1CCC(c2c[nH]cn2)C1,6.32
CNCCN1CCC(OCc2ccccc2)CC1,7.06
c1ccc(C(OCCCc2c[nH]cn2)c2ccccc2)cc1,7.77
c1ccc(C(OCCCc2c[nH]cn2)c2nc3ccccc3s2)cc1,7.47
CN1CCC2CC(=O)C(Cc3ccccc3)C3CCCC1C23,6.09
O=C(O)c1ccc2cccc(N3CCN(CCc4ccc(OCCCN5CCCCCC5)cc4)CC3)c2n1,9.3
c1cnc2c(N3CCN(CCCc4ccc(OCCCN5CCCCCC5)cc4)CC3)cccc2c1,9.4
O=C(O)CCc1ccc2cc(Cc3ccccc3)cc(N3CCN(CCc4ccc(OCCCN5CCCCCC5)cc4)CC3)c2n1,9.5
O=C(O)C=Cc1ccc2cccc(N3CCN(CCc4ccc(OCCCN5CCCCCC5)cc4)CC3)c2n1,8.8
c1cnc2c(N3CCN(CCc4ccc(OCCCN5CCCCCC5)cc4)CC3)cccc2c1,9.3
O=C(O)CCc1ccc2cccc(N3CCN(CCc4ccc(OCCCN5CCCCCC5)cc4)CC3)c2n1,8.8
c1cnc2c(N3CCN(CCCCc4ccc(OCCCN5CCCCCC5)cc4)CC3)cccc2c1,9.2
CCCCc1cc(N2CCN(CCc3ccc(OCCCN4CCCCCC4)cc3)CC2)c2nc(CCC(=O)O)ccc2c1,9.1
O=C(O)c1cc(N2CCN(CCc3ccc(OCCCN4CCCCCC4)cc3)CC2)c2ncccc2c1,8.7
O=C(O)CCc1cnc2c(N3CCN(CCc4ccc(OCCCN5CCCCCC5)cc4)CC3)cccc2c1,8.9
O=C(O)c1ccc2cccnc2c1N1CCN(CCc2ccc(OCCCN3CCCCCC3)cc2)CC1,8.9
N#Cc1ccc(N2CCN(CCc3ccc(OCCCN4CCCCCC4)cc3)CC2)c2ncccc12,8.5
O=C(O)c1cnc2c(N3CCN(CCc4ccc(OCCCN5CCCCCC5)cc4)CC3)cccc2c1,8.8
CCc1cc(N2CCN(CCc3ccc(OCCCN4CCCCCC4)cc3)CC2)c2nc(CCC(=O)O)ccc2c1,8.7
O=C(O)c1ccnc2c(N3CCN(CCc4ccc(OCCCN5CCCCCC5)cc4)CC3)cccc12,8.8
O=c1cc(OCc2ccc(F)cc2)ccn1-c1ccc(OCCN2CCCC2)cc1,6.29
COc1cc(-n2cnc3cc(-c4ccc(Cl)cc4)sc3c2=O)ccc1OCCN1CCCC1,6.68
CCN1CCN(c2cc(C)c3cc(NC(=O)C=Cc4ccc(OC)cc4)ccc3n2)CC1,7.97
c1ccc(-c2ccc(CCCOCCCc3c[nH]cn3)cc2)cc1,6.93
Brc1ccc(C(OCCCc2c[nH]cn2)c2ccc3ccccc3c2)cc1,7.33
O=[N+]([O-])c1cccc(C(OCCCc2c[nH]cn2)c2ccccc2)c1,8.02
O=C(C=Cc1ccccc1)c1ccc(OCCCc2c[nH]cn2)cc1,8.08
CC(=O)c1ccc(OCc2ccc(CN3CCCC(C)C3)cc2)cc1,7.66
Ic1ccc(C(OCCCc2c[nH]cn2)c2ccccc2)cc1,7.85
Nc1ccc(NCCc2ccc(OCCCN3CCCCC3)cc2)nc1,8.32
O=C(CCCc1ccc(I)cc1)OCCCc1c[nH]cn1,7.39
c1ccc2cc(OCCCCCCN3CCCCCC3)ccc2c1,7.16
c1ccc2cc(OCCCCCN3CCCCCC3)ccc2c1,7.24
CC1CCCN(CCCCCCOc2ccc3ccccc3c2)C1,7.25
c1ccc2c(OCCCCCCN3CCCCCC3)cccc2c1,7.16
CC1CCCN(CCCCCCOc2cccc3ccccc23)C1,7.32
c1ccc2c(OCCCCCN3CCCCC3)cccc2c1,7.27
c1ccc2cc(OCCCCCN3CCCCC3)ccc2c1,7.27
c1ccc2c(OCCCCCCN3CCCCC3)cccc2c1,7.28
CC1CCN(CCCCCOc2cccc3ccccc23)CC1,7.36
CC1CCN(CCCCCCOc2ccc3ccccc3c2)CC1,7.04
c1ccc2cc(OCCCCCCN3CCCCC3)ccc2c1,7.21
CC1CCN(CCCCCOc2ccc3ccccc3c2)CC1,7.02
CC1CCCN(CCCCCOc2cccc3ccccc23)C1,7.48
c1ccc2c(OCCCCCN3CCCCCC3)cccc2c1,7.66
CC1CCN(CCCCCCOc2cccc3ccccc23)CC1,6.9
C#CCN(C)Cc1cc2cc(OCCCN3CCCCC3)ccc2n1C,7.97
CN1CCN(c2ccc3c(c2)CN(C(=O)OCc2ccccc2)C3)CC1,6.32
C=C(C)CN1CCN(c2ccc3c(c2)CN(C(=O)OCc2ccccc2)C3)CC1,5.99
CCOC(=O)CCN1CCN(c2ccc3c(c2)CN(C(=O)OCc2ccccc2)C3)CC1,6.45
O=C(OCc1ccccc1)N1CCc2ccc(N3CCN(C4CCCC4)CC3)cc2C1,6.52
CCC(C)(C)c1ccc(OCCCN2CCN(c3ccccn3)CC2)cc1,5.28
CCC(C)(C)c1ccc(OCCCN2CCN(c3cnccn3)CC2)cc1,5.21
CCC(C)(C)c1ccc(OCCCCN2CCN(c3ncccn3)CC2)cc1,5.64
CCC(C)(C)c1ccc(OCCCN2CCCCC2)cc1,8.08
CC(C)(C)c1ccc(OCCCN2CCN(c3ncccn3)CC2)cc1,5.42
CC(C)(C)c1ccc(OCCCCN2CCN(c3cccnc3)CC2)cc1,5.47
CC(C)(C)c1ccc(OCCCCN2CCN(c3ccccn3)CC2)cc1,5.53
CCC(C)(C)c1ccc(OCCCN2CCN(c3ccncc3)CC2)cc1,7.51
CCC(C)(C)c1ccc(OCCCN2CCN(c3ncccn3)CC2)cc1,5.27
CC(C)(C)c1ccc(OCCCN2CCN(c3cnccn3)CC2)cc1,5.06
CCC(C)(C)c1ccc(OCCCCN2CCN(c3ccccn3)CC2)cc1,6.32
CC(C)(C)c1ccc(OCCCCN2CCN(c3ccncc3)CC2)cc1,7.42
CCC(C)(C)c1ccc(OCCCN2CCN(c3cccnc3)CC2)cc1,5.44
CC(C)(C)c1ccc(OCCCN2CCN(c3cccnc3)CC2)cc1,5.09
CCC(C)(C)c1ccc(OCCCCN2CCN(c3cnccn3)CC2)cc1,6.17
CC(C)(C)c1ccc(OCCCN2CCCCC2)cc1,7.66
CCC(C)(C)c1ccc(OCCCCN2CCN(c3ccncc3)CC2)cc1,6.92
CC(C)(C)c1ccc(OCCCCN2CCN(c3cnccn3)CC2)cc1,5.26
CC(C)(C)OC(=O)NCCCCCCn1cc(CCCCN2CCC(c3ccc(-c4cc(C(=O)O)cc5cc(-c6ccc(C(F)(F)F)cc6)ccc45)cc3)CC2)nn1,5.56
O=C1C(=Cc2ccccc2)Cc2ccc(OCCCN3CCCCC3)cc21,7.41
O=C1CCc2ccc(OCCCN3CCCCC3)cc21,6.52
O=C1CCc2cc(OCCCN3CCCCC3)ccc21,6.8
O=C1C(=Cc2ccccc2)Cc2cc(OCCCN3CCCCC3)ccc21,8.41
O=C1C(=Cc2ccc(OCCCN3CCCCC3)cc2)Cc2cc(OCc3ccc(Br)cc3)ccc21,8.19
O=C1C(=Cc2ccccc2)Cc2ccc(OCCN3CCCCC3)cc21,6.16
O=C(c1ccc(OCCCN2CCCCC2)cc1)C1CC1,7.96
O=C1C(=Cc2ccc(OCCCN3CCCCC3)cc2)Cc2ccccc21,8.68
O=C1CCc2ccc(OCCN3CCCC3)cc21,5.21
COc1ccc2c(c1)C(=O)C(=Cc1ccc(OCCCN3CCCCC3)cc1)C2,7.96
O=C1C(=Cc2ccc(OCCCN3CCCCC3)cc2)Cc2cc(F)ccc21,8.66
COc1ccc2c(c1)CC(=Cc1ccc(OCCCN3CCCCC3)cc1)C2=O,7.48
O=C1C(=Cc2ccc(OCCCN3CCCCC3)cc2)Cc2ccc(OCc3ccc(Br)cc3)cc21,7.5
CCC(C)(C)c1ccc(OCCCCCCCCN2CCCC(C)C2)cc1,6.92
CCC(C)(C)c1ccc(OCCCCCCCCN2CCCCC2)cc1,6.49
CCC(C)(C)c1ccc(OCCCCCCCN2CCC(C)CC2)cc1,7.19
CCC(C)(C)c1ccc(OCCCCCN2CCCCCC2)cc1,7.67
CCC(C)(C)c1ccc(OCCCCCCCN2CCCCC2)cc1,7.26
CCC(C)(C)c1ccc(OCCCCCN2CCC(C)CC2)cc1,7.63
CCC(C)(C)c1ccc(OCCCCCCCCN2CCC(C)CC2)cc1,6.51
CCC(C)(C)c1ccc(OCCCCCN2CCCCC2)cc1,8.06
CCC(C)(C)c1ccc(OCCCCCCN2CCCC(C)C2)cc1,7.47
CCC(C)(C)c1ccc(OCCCCCCN2CCCCC2)cc1,7.33
CCC(C)(C)c1ccc(OCCCCCN2CCCC(C)C2)cc1,7.87
CCC(C)(C)c1ccc(OCCCCCCCCN2CCCCCC2)cc1,6.74
CCC(C)(C)c1ccc(OCCCCCCCN2CCCC(C)C2)cc1,7.44
CCC(C)(C)c1ccc(OCCCCCCCN2CCCCCC2)cc1,6.89
CCC(C)(C)c1ccc(OCCCCCCN2CCCCCC2)cc1,7.38
COc1ccc(Nc2nnc(CCN3CCCCC3)o2)cc1,5.8
Cc1sc(-c2ccc(C#N)cc2)nc1OCc1ccc(CN2CCCCC2)cc1,6.35
Cc1sc(-c2ccc(Cl)cc2)nc1OCCCN1CCCC1,6.35
Cc1sc(-c2ccc3c(c2)COC3=O)nc1OCCCN1CCCCC1,7.06
CCc1sc(-c2ccc(Cl)cc2)nc1OCCCN1CCCC1,6.77
Cc1sc(-c2cccc(Cl)c2)nc1OCCCN1CCCC1,6.37
Cc1sc(-c2ccncc2)nc1OCCCN1CCCC1,6.39
CCc1sc(-c2ccccc2)nc1OCCCN1CCCCC1,6.42
Clc1ccc(Nc2nnc(CCN3CCCCC3)o2)cc1,5.8
Cc1sc(-c2ccc(Cl)cc2)nc1OC(=O)N1CCC(N2CCCCC2)CC1,7.27
Cc1sc(-c2ccc(C#N)cc2)nc1OCc1ccc(CN2CCCC2)cc1,6.72
Cc1sc(-c2cccc(Cl)c2)nc1OCCCN1CCCCC1,6.52
Cc1sc(-c2ccncc2)nc1OCCN1CCCC1,7.0
Cc1sc(-c2ccc(Cl)cc2)nc1OCCCN(C)C,6.55
Cc1sc(-c2ccc(C#N)cc2)nc1OCCCN1CCCCC1,7.68
COc1cc(Nc2nnc(CCN3CCCCC3)o2)cc(OC)c1,5.96
Cc1sc(-c2ccccc2)nc1OCCN1CCCC1,7.33
Cc1sc(-c2ccc(Cl)cc2)nc1OCCCN1CCCCC1,6.03
Cc1sc(-c2cnccn2)nc1OCCN1CCCC1,5.68
Cc1sc(-c2ccccc2)nc1OCCCN1CCCCC1,6.06
Cc1sc(-c2cnccn2)nc1OCCCN1CCCCC1,5.96
Cc1sc(-c2ccncc2)nc1OCCCN(C)C,6.96
Cc1sc(-c2cnccn2)nc1OCc1ccc(CN2CCCCC2)cc1,8.15
Cc1sc(-c2ccc(Cl)cc2)nc1OCCN1CCCC1,7.66
Cc1sc(-c2ccc(Cl)cc2)nc1OCCN1CCCCC1,7.36
CCc1sc(-c2ccc(Cl)cc2)nc1OCCCN1CCCCC1,6.7
Cc1sc(-c2ccccc2)nc1OC(=O)N1CCN(C)CC1,5.24
Cc1sc(-c2ccncc2)nc1OCCN1CCCCC1,7.24
FC(F)(F)Oc1ccc(Nc2nnc(CCN3CCCCC3)o2)cc1,5.89
Cc1sc(-c2cnccn2)nc1OCc1ccc(CN2CCCC2)cc1,7.14
Cc1sc(-c2ccncc2)nc1OCCCN1CCCCC1,6.89
Cc1sc(-c2ccccc2)nc1OCCCN(C)C,5.39
Cc1sc(-c2cccc(Cl)c2)nc1OCCN1CCCCC1,6.22
Cc1sc(-c2ccc(C#N)cc2)nc1OCCN1CCCC1,8.38
Cc1sc(-c2cccc(Cl)c2)nc1OC(=O)N1CCC(N2CCCCC2)CC1,7.01
Cc1sc(-c2ccccc2)nc1OC(=O)N1CCC(N2CCCCC2)CC1,8.27
Cc1sc(-c2ccc(C#N)cc2)nc1OC(=O)N1CCC(N2CCCCC2)CC1,7.38
Cc1sc(-c2ccccc2)nc1OCCN1CCCCC1,6.7
Cc1sc(-c2cnccn2)nc1OCCCN(C)C,5.23
Clc1nc(N2CCC(N3CCCCC3)CC2)c2ccn(Cc3ccc4ccccc4c3)c2n1,6.9
Clc1nc(N2CCC(N3CCCCC3)CC2)c2ccn(Cc3cccc4ccccc34)c2n1,6.83
Clc1nc(N2CCC(N3CCOCC3)CC2)c2ccn(Cc3ccccc3)c2n1,5.97
Clc1nc(N2CCC(N3CCCCC3)CC2)c2ccn(Cc3ccccc3)c2n1,6.31
CCC1c2ccccc2N(c2ccccc2)CC1(C)N,5.4
Cc1nn(CCOCCOCCNC(=O)C2C(C(=O)O)C(C(=O)O)C2C(=O)O)cc1-c1ccc2cc(CCN3CCCC3C)ccc2n1,7.59
Cc1nn(CCOCCOCCN)cc1-c1ccc2cc(CCN3CCCC3C)ccc2n1,9.15
c1ccc2[nH]c(CC3CC3c3c[nH]cn3)nc2c1,6.73
CCC(C)(C)c1ccc(OCCCN2CCCC2)cc1,7.2
CCC(C)(C)c1ccc(OCCCN2CCCC(C)C2)cc1,7.0
CCC(C)(C)c1ccc(OCCCN2CCCCCC2)cc1,6.53
CCC(C)(C)c1ccc(OCCCN2CC(C)CC(C)C2)cc1,6.12
CCC(C)(C)c1ccc(OCCCN2CCC(C)CC2)cc1,6.83
CCC(C)(C)c1ccc(OCCCN2CCCCC2C)cc1,6.36
CCC(C)(C)c1ccc(OCCCN2C(C)CCCC2C)cc1,6.85
O=c1c2cc(OCCCN3CCCCC3)ccc2nc2n1CCC2,5.6
C#CCN(C)Cc1cc2cc(OCCCC3CCN(Cc4ccccc4)CC3)ccc2n1C,7.08
CNC1CCN(c2ccnc(NCC(C)(C)C)n2)C1,7.56
CC(C)(C)CNc1nccc(N2CCc3nc[nH]c3C2)n1,8.48
CC(C)(C)CNc1nccc(NC2CCNC2)n1,6.69
CC(C)(C)CNc1nccc(NC2CCNCC2)n1,5.46
CN(C)C1CCN(c2ccnc(NCC(C)(C)C)n2)C1,6.84
CN1CCCN(c2ccnc(NCC(C)(C)C)n2)CC1,5.62
CC(C)(C)CNc1nccc(N2CCC(NC(=N)N)C2)n1,5.95
CN1CCN(c2ccnc(NCC(C)(C)C)n2)CC1,5.26
CC(C)(C)CNc1nccc(N2CCN(C(=N)N)CC2)n1,5.22
CC(C)(C)CNc1nccc(NCCN)n1,6.16
N#Cc1ccc(Cn2ccc3c(N4CCC(N5CCCCC5)CC4)nc(Cl)nc32)cc1,7.75
Nc1nc(N2CCC(N3CCOCC3)CC2)c2ccn(CCN3CCOCC3)c2n1,6.07
Clc1ccc(Cn2ccc3c(N4CCC(N5CCCCC5)CC4)ncnc32)cc1,7.58
Clc1nc(N2CCC(N3CCCCC3)CC2)c2ccn(CCN3CCOCC3)c2n1,7.66
Fc1ccc(Cn2ccc3c(N4CCC(N5CCCCC5)CC4)nc(Cl)nc32)cc1,7.52
c1nc(N2CCC(N3CCOCC3)CC2)c2ccn(CCN3CCOCC3)c2n1,6.43
Clc1cccc(Cl)c1Cn1ccc2c(N3CCC(N4CCCCC4)CC3)ncnc21,8.22
Clc1nc(N2CCC(N3CCCCC3)CC2)c2ccn(Cc3c(Cl)cccc3Cl)c2n1,7.27
Fc1ccc(Cn2ccc3c(N4CCC(N5CCCCC5)CC4)ncnc32)cc1,7.46
Clc1ccc(Cn2ccc3c(N4CCC(N5CCCCC5)CC4)nc(Cl)nc32)cc1,7.38
CCN(CC)C1CN(c2ccnc(N)n2)C1,7.2
Nc1nccc(N2CC(N3CCCC3)C2)n1,7.4
CCNC1CN(c2ccnc(N)n2)C1,8.0
CCCNC1CN(c2ccnc(N)n2)C1,8.5
CC(C)CNC1CN(c2ccnc(N)n2)C1,7.4
CNC1CN(c2cc(C)nc(N)n2)C1,7.5
CCc1cc(N2CC(NC)C2)nc(N)n1,7.3
CCNC1CN(c2cc(CC)nc(N)n2)C1,6.9
CNC1CN(c2ccnc(N)n2)C1,8.2
CC(C)NC1CN(c2ccnc(N)n2)C1,7.4
CCNC1CN(c2cc(C(C)C)nc(N)n2)C1,7.0
Cc1cc(N2CC(N(C)C)C2)nc(N)n1,6.5
CCc1cc(N2CC(N(C)C)C2)nc(N)n1,6.6
CCC(C)NC1CN(c2ccnc(N)n2)C1,7.9
CC(C)c1cc(N2CC(N(C)C)C2)nc(N)n1,6.9
CC(C)c1cc(N2CC(N)C2)nc(N)n1,6.7
Cc1cc(N2CC(N)C2)nc(N)n1,7.3
CN(C)C1CN(c2ccnc(N)n2)C1,7.3
Nc1nccc(N2CC(N)C2)n1,7.8
CCCCNC1CN(c2ccnc(N)n2)C1,7.8
COC(=O)c1ncn(C2C(O)C(O)C3(CO)CC23)n1,5.34
O=C(CN1CCOCC1)Nc1ccc(OC2CCN(C3CCC3)CC2)cc1F,7.83
CC(C)N1CCC(Oc2ccc(C(=O)NCCN3CCCC3)cc2)CC1,7.98
O=C(CN1CCCCC1)Nc1ccc(OC2CCN(C3CCCC3)CC2)cc1,8.39
O=C(CN1CCCN(C2CCC2)CC1)Nc1ccc(OC2CCN(C3CCC3)CC2)cc1C(F)(F)F,8.79
Cc1cc(OC2CCN(C3CCC3)CC2)ccc1NC(=O)CN1CCCC1,8.72
Cc1cc(OC2CCN(C3CCC3)CC2)ccc1NC(=O)CN1CCCCC1,8.48
O=C(CN1CCCCC1)Nc1ccc(OC2CCN(C3CCC3)CC2)cc1C(F)(F)F,7.83
O=C(CN1CCOCC1)Nc1cccc(OC2CCN(C3CCC3)CC2)c1,6.67
O=C(CN1CCCCC1)Nc1ccc(OC2CCN(C3CCC3)CC2)cc1,8.32
CC1CCCN1CC(=O)Nc1ccc(N2CCOCC2)cc1,5.84
O=C(CN1CCOCC1)Nc1ccc(OC2CCN(C3CCC3)CC2)c(F)c1,7.21
CC(C)N1CCCN(CC(=O)Nc2ccc(OC3CCN(C4CCC4)CC3)cc2C(F)(F)F)CC1,9.02
CN(C)CC(=O)Nc1ccc(OC2CCN(C3CCC3)CC2)cc1,8.22
CC(=O)N1CCN(CC(=O)Nc2ccc(OC3CCN(C4CCC4)CC3)cc2)CC1,8.27
CCN(CC)CC(=O)Nc1ccc(OC2CCN(C3CCC3)CC2)cc1,7.93
O=C(CN1CCCC1)Nc1ccc(OC2CCN(C3CCC3)CC2)cc1C(F)(F)F,7.57
CCN(C(=O)CN1CCOCC1)c1ccc(OC2CCN(C3CCC3)CC2)cc1,7.97
O=C(CN1CCOC(CO)C1)Nc1ccc(OC2CCN(C3CCC3)CC2)cc1,8.39
O=C(CN1CCCC1)Nc1ccc(OC2CCN(C3CCC3)CC2)cc1,8.96
CN(C(=O)CN1CCOCC1)c1ccc(OC2CCN(C3CCC3)CC2)cc1,8.31
O=C(CN1CCCC1CO)Nc1ccc(OC2CCN(C3CCC3)CC2)cc1,8.92
O=C(CN1CCC(F)CC1)Nc1ccc(OC2CCN(C3CCCC3)CC2)cc1,7.96
O=C(CN1CCOCC1)Nc1ccc(CN2CCCC2)cc1,6.94
O=C(CN1CCC(O)CC1)Nc1ccc(OC2CCN(C3CCC3)CC2)cc1,8.19
CC1CCCN1CC(=O)Nc1ccc(CN2CCOCC2)cc1,6.04
CCOC(=O)N1CCN(CC(=O)Nc2ccc(OC3CCN(C4CCC4)CC3)cc2)CC1,8.97
O=C(CN1CCOCC1)Nc1ccc(OC2CCN(C3CCCC3)CC2)cc1,7.52
O=C(CN1CCOCC1)Nc1ccc(OC2CCN(C3CCC3)CC2)cc1C(F)(F)F,7.12
O=C(NCCN1CCOCC1)c1ccc(OC2CCN(C3CCC3)CC2)cc1,8.55
O=C(CN1CCS(=O)(=O)CC1)Nc1ccc(OC2CCN(C3CCC3)CC2)cc1,8.04
O=C(NCCN1CCCC1)c1ccc(OC2CCN(C3CCC3)CC2)cc1,8.54
O=C(CN1CCOCC1)Nc1ccc(OC2CCN(C3CCC3)CC2)cc1,8.06
CC(C)N1CCC(Oc2ccc(NC(=O)CN3CCCCC3)cc2)CC1,8.42
Cc1cc(OC2CCN(C3CCC3)CC2)ccc1NC(=O)CN1CCCC1C,8.62
O=C(Cc1cccnc1)Nc1ccc(OC2CCN(C3CCC3)CC2)cc1,7.8
O=C(CN1CCCC1)Nc1ccc(OC2CCN(C3CCCC3)CC2)cc1,8.42
O=C(CN1CCOCC1)Nc1ccc(N2CCN(C3CCC3)CC2)cc1,6.27
O=C(NCCN1CCCCC1)c1ccc(OC2CCN(C3CCC3)CC2)cc1,8.49
O=C(CN1CCC(F)(F)CC1)Nc1ccc(OC2CCN(C3CCC3)CC2)cc1,7.63
O=C(NCCN1CCCC1)c1ccc(OC2CCN(C3CCCC3)CC2)cc1,8.62
CC(C)N1CCC(Oc2ccc(C(=O)NCCN3CCCCC3)cc2)CC1,8.02
CC(C)N1CCC(Oc2ccc(NC(=O)CN3CCOCC3)cc2)CC1,8.08
CC1CCCN1Cc1ccc(NC(=O)CN2CCOCC2)cc1,5.45
O=C(Cc1ccncc1)Nc1ccc(OC2CCN(C3CCC3)CC2)cc1,8.02
O=C(CN1CCCCCC1)Nc1ccc(OC2CCN(C3CCC3)CC2)cc1,8.59
CC1CCCN1CC(=O)Nc1ccc(OC2CCN(C3CCC3)CC2)cc1,8.59
Cc1ccc2oc(-c3ccc(OCCCCCCN4CCCC(C)C4)cc3)cc(=O)c2c1,7.22
Cc1ccc2oc(-c3ccc(OCCCCCCN4CCCCC4)cc3)cc(=O)c2c1,6.64
Cc1ccc2oc(-c3ccc(OCCCCCCN4CCCCCC4)cc3)cc(=O)c2c1,6.8
CC1CCCN(CCCCCCOc2ccc3c(c2)C(=O)CC(c2ccccc2)O3)C1,6.28
CCc1ccc(OCCCCCCN2CCC(C)CC2)cc1,6.74
CCc1ccc(OCCCCCCN2CCCCCC2)cc1,7.07
CCOC(=O)C1=C(C)NC(C)=C(C(=O)OCC)C1c1ccc(OCCCCCN2CCCCC2)cc1,6.25
CCOC(=O)C1=C(C)NC(C)=C(C(=O)OCC)C1c1ccc(OCCCN2CCCCC2)c(OCC)c1,5.79
CCOC(=O)C1=C(C)NC(C)=C(C(=O)OCC)C1c1ccc(OCCCCCN2CCCC2)cc1,6.37
COc1ccc2[nH]cc(CCNC(C)=O)c2c1,9.3
CCOC(=O)C1=C(C)NC(C)=C(C(=O)OCC)C1c1ccc(OCCCN2CCCC2)cc1,7.08
CCOC(=O)C1=C(C)NC(C)=C(C(=O)OCC)C1c1ccc(OCCCCN2CCCC2)cc1,7.22
CCOC(=O)C1=C(C)NC(C)=C(C(=O)OCC)C1c1ccc(OCCCN2CCCCC2)cc1,7.4
c1ccc(CNc2ccnc(Nc3ccc(OCCN4CCCCC4)cc3)n2)cc1,8.35
Cc1ccc(C2(O)CCN(c3nc(C)nc4ccsc34)CC2)nc1,8.22
COc1ccccc1N1CCC2(CCN(CCCSc3nnc(-c4ccccc4)n3C)CC2)CC1,6.29
C#CCNC1CCc2ccc(OCCCN3CCCCC3)cc21,8.17
C#CCNC1CCc2cc(OCCCN3CCCCC3)ccc21,8.59
CC1CCCN1CCCOc1ccc2c(c1)CCC1C2CCC2(C)CCC(C(=O)NCC3CCC3)C12,8.3
CC12CCC3c4ccc(OCCCN5CCCC5)cc4CCC3C1CCC2N1CCCC1,9.22
CC(=O)NC1CC(=O)C2(C)CCC3c4ccc(OCCCN5CCCC5C)cc4CCC3C12,8.0
CC1CCCN1CCCOc1ccc2c(c1)CCC1C2CCC2(C)C(C(=O)N3CCCC3)CCC12,8.7
CCNC(=O)C1CC(=O)C2(C)CCC3c4ccc(OCCCN5CCC(F)(F)CC5)cc4CCC3C12,5.86
CCN(CC)C(=O)C1CC(=O)C2(C)CCC3c4ccc(OCCCN5CCCC5C)cc4CCC3C12,7.47
CCNC(=O)C1CC(=O)C2(C)CCC3c4ccc(OCCN5CCCC5C)cc4CCC3C12,6.58
CC1CCCN1CCCOc1ccc2c(c1)CCC1C2CCC2(C)CCC(C(=O)NCC3CC3)C12,8.05
CCNC(=O)C1CC(=O)C2(C)CCC3c4ccc(OCCCCN5CCCC5C)cc4CCC3C12,6.63
CC1CCCN1CCCOc1ccc2c(c1)CCC1C2CCC2(C)C(=O)CC(C(=O)N3CCCC3)C12,7.52
CCNC(=O)C1CC(=O)C2(C)CCC3c4ccc(OCCCN5CCCC5C)cc4CCC3C12,8.52
CCNC(=O)C1CC(OC)C2(C)CCC3c4ccc(OCCCN5CCCC5C)cc4CCC3C12,8.05
CCNC(=O)C1CCC2(C)CCC3c4ccc(OCCCN5CCCC5C)cc4CCC3C12,8.05
CCNC(=O)C1CC(=O)C2(C)CCC3c4ccc(OCCCN5CCC(F)C5)cc4CCC3C12,6.64
CCCN(CCC1(O)CC(NC(=O)c2ccc3ccccc3c2)C1)C1CCc2nc(N)sc2C1,6.05
CCCN(CCC)CCCOc1ccc(-c2cn3cccc(C)c3n2)cc1C,7.85
c1cc(-c2cn3c(n2)CCCC3)ccc1OCCCN1CCCCC1,9.12
Cc1ccn2cc(-c3ccc(OCCCN4CCCCCC4)cc3C)nc2c1,9.3
c1ccc(-c2ccc(OCCCCCN3CCCCC3)cc2)cc1,7.6
c1ccc(-c2ccc(OCCCCCCN3CCCCCC3)cc2)cc1,6.82
CC1CCN(CCCCCOc2ccc(-c3ccccc3)cc2)CC1,7.05
CC1CCN(CCCCCCOc2cccc(-c3ccccc3)c2)CC1,6.8
c1ccc(-c2ccc(OCCCCCN3CCCCCC3)cc2)cc1,7.47
CC1CCN(CCCCCCOc2ccc(-c3ccccc3)cc2)CC1,6.58
c1ccc(-c2ccc(OCCCCCCN3CCCCC3)cc2)cc1,7.04
c1ccc(-c2cccc(OCCCCCCN3CCCCCC3)c2)cc1,7.75
CCN1CCN(c2ccc3c(c2)CN(S(=O)(=O)c2ccccc2)C3)CC1,6.53
CCN1CCN(c2ccc3c(c2)CCN3S(=O)(=O)c2ccccc2)CC1,6.55
CCN1CCC(c2ccc3c(c2)CN(S(=O)(=O)c2ccccc2)C3)CC1,6.52
O=S(=O)(c1ccccc1)N1CCc2c(C3CCN(C4CCC4)CC3)cccc21,6.67
O=S(=O)(c1ccccc1)N1Cc2ccc(N3CCN(C4CCC4)CC3)cc2C1,6.4
O=S(=O)(c1ccccc1)N1CCc2c(N3CCN(C4CCC4)CC3)cccc21,6.24
CN1CCC(c2ccc3c(c2)CCN3S(=O)(=O)c2ccccc2)CC1,6.52
N=C(N)N(CCCCN1CCN(CCCCCCCOc2ccccc2)CC1)Cc1ccc(Cl)cc1,6.56
N=C(N)N(CCCCN1CCN(CCCCCCCOc2ccccc2)CC1)Cc1ccccc1,6.8
N=C(N)N(CCCCN1CCN(CCCCCCCOc2ccccc2)CC1)Cc1ccc([N+](=O)[O-])cc1,6.84
Cc1cc(OCCCNC(=O)CCCCCNC(=O)COc2ccc(C=CC3=[N+]4C(=Cc5ccc(-c6ccc[nH]6)n5[B-]4(F)F)C=C3)cc2)ccc1-c1nc2c(C)c(F)ccc2[nH]1,6.3
Cc1cc(C=CC=Cc2ccc(N(C)C)cc2)cc(C)[n+]1CCCCc1c[nH]cn1,8.6
Cc1cc(OCCC[n+]2c(C)cc(C=Cc3cc4c5c(c3)CCCN5CCC4)cc2C)ccc1-c1nc2c(C)c(F)ccc2[nH]1,4.69
Cc1cc(C=CC=Cc2ccc(N(C)C)cc2)cc(C)[n+]1CCCc1c[nH]cn1,7.93
Cc1cc(C=CC=Cc2ccc(N(C)C)cc2)cc(C)[n+]1CCc1c[nH]cn1,6.07
Cc1cc(C=CC=Cc2ccc(N(C)C)cc2)cc(C)[n+]1CCCN1CCc2nc[nH]c2C1,6.34
Cc1cc(OCCCNC(=O)CCCCCN2C(=CC=CC=CC3=[N+](CCCCS(=O)(=O)[O-])c4ccccc4C3(C)C)C(C)(C)c3ccccc32)ccc1-c1nc2c(C)c(F)ccc2[nH]1,5.62
O=C(c1ccccc1)c1cccc(OCCCCCCN2CCCCCC2)c1,7.39
Fc1ccc(OCCCCCCN2CCCCCC2)cc1,6.86
COc1cc(NC2(c3cccc(Cl)c3)C(=O)N(C(C)(C)C)C(=O)C2=Cc2ccccc2)cc(OC)c1OC,5.5
C=C(C)C1CCC(C)=CC1c1c(O)cc(CCCCC)cc1O,5.51
C=CCN1CCN(CC2Cc3cc(-c4ccccc4)ccc3O2)CC1,8.4
CN1CCN(CC2Cc3cc(C(C)(C)C)ccc3O2)CC1,6.1
COc1ccc2c(c1)CC(CN1CCN(C)CC1)O2,6.1
C=CCN1CCN(CC2Cc3cc(C(C)(C)C)ccc3O2)CC1,7.8
C=CCN1CCN(CC2Cc3cc(OC)ccc3O2)CC1,8.2
CN1CCN(CC2Cc3cc(Cl)ccc3O2)CC1,6.1
CC1CCCN(CCCCCOc2ccc3oc4cc(Cl)ccc4c(=O)c3c2)C1,7.25
CC1CCN(CCCCCOc2ccc3oc4ccccc4c(=O)c3c2)CC1,6.96
CC1CCCN(CCCCCOc2ccc3oc4ccccc4c(=O)c3c2)C1,6.81
CC1CCCN(CCCCCCOc2ccc3oc4ccccc4c(=O)c3c2)C1,7.0
CC1CCCN(CCCCCOc2ccc3oc4ccc(Cl)cc4c(=O)c3c2)C1,6.83
O=c1c2cc(Cl)ccc2oc2ccc(OCCCCCN3CCCCC3)cc12,6.82
O=c1c2cc(Cl)ccc2oc2ccc(OCCCCCN3CCCCCC3)cc12,7.0
O=c1c2ccc(Cl)cc2oc2ccc(OCCCCCCN3CCCCCC3)cc12,6.22
CC1CCN(CCCCCCOc2ccc3oc4ccccc4c(=O)c3c2)CC1,7.01
CC1CCN(CCCCCCOc2ccc3oc4cc(Cl)ccc4c(=O)c3c2)CC1,6.28
O=c1c2ccc(Cl)cc2oc2ccc(OCCCCCN3CCCCCC3)cc12,7.07
CC1CCN(CCCCCCOc2ccc3oc4ccc(Cl)cc4c(=O)c3c2)CC1,6.33
CC1CCCN(CCCCCCOc2ccc3oc4ccc(Cl)cc4c(=O)c3c2)C1,6.36
O=c1c2ccccc2oc2ccc(OCCCCCN3CCCCCC3)cc12,6.77
O=c1c2ccccc2oc2ccc(OCCCCCN3CCCCC3)cc12,6.76
O=c1c2cc(Cl)ccc2oc2ccc(OCCCCCCN3CCCCC3)cc12,6.55
O=c1c2ccc(Cl)cc2oc2ccc(OCCCCCCN3CCCCC3)cc12,6.69
O=c1c2cc(Cl)ccc2oc2ccc(OCCCCCCN3CCCCCC3)cc12,6.62
CC1CCN(CCCCCOc2ccc3oc4cc(Cl)ccc4c(=O)c3c2)CC1,6.35
O=c1c2ccccc2oc2ccc(OCCCCCCN3CCCCCC3)cc12,6.3
CC1CCN(CCCCCOc2ccc3oc4ccc(Cl)cc4c(=O)c3c2)CC1,6.85
O=c1c2ccccc2oc2ccc(OCCCCCCN3CCCCC3)cc12,5.97
CC1CCCN(CCCCCCOc2ccc3oc4cc(Cl)ccc4c(=O)c3c2)C1,5.96
c1ccc(Oc2ccc(OCCCN3CCN(c4ccncc4)CC3)cc2)cc1,7.69
O=C(c1ccc(OCCCN2CCN(c3ccncc3)CC2)cc1)C1CC1,8.5
O=C(c1ccc(Cl)cc1)c1ccc(OCCCN2CCN(c3ccncc3)CC2)cc1,7.64
c1ccc(Nc2ccc(OCCCN3CCN(c4ccncc4)CC3)cc2)cc1,8.07
O=C(c1ccc(OCCCN2CCC(c3ccncc3)CC2)cc1)C1CC1,8.11
Clc1cccc(-c2ccc(OCCCN3CCN(c4ccncc4)CC3)cc2)c1,6.96
c1ccc2cc(OCCCN3CCN(c4ccncc4)CC3)ccc2c1,7.17
Fc1ccc(-c2ccc(OCCCN3CCN(c4ccncc4)CC3)cc2)cc1,7.22
O=C(c1ccc(F)cc1)c1ccc(OCCCN2CCN(c3ccncc3)CC2)cc1,8.23
c1ccc(Cc2ccc(OCCCN3CCN(c4ccncc4)CC3)cc2)cc1,7.75
Clc1ccc(-c2ccc(OCCCN3CCN(c4ccncc4)CC3)cc2)cc1,6.86
Cc1nc(N)sc1CCCNC(N)=NC(=O)NC(c1ccccc1)C(C)C,4.72
Cc1nc(N)sc1CCCNC(N)=NC(=O)NCc1ccccc1,4.71
CCC(NC(=O)N=C(N)NCCCc1sc(N)nc1C)c1ccccc1,4.66
Cc1nc(N)sc1CCCNC(N)=NC(=S)NC(C)c1ccccc1,4.19
Cc1nc(N)sc1CCCNC(N)=NC(=O)NC(C)c1cccs1,4.23
Cc1nc(N)sc1CCCNC(N)=NC(=O)NC(C)c1ccc(F)cc1,4.59
Cc1ccc(C(C)NC(=O)N=C(N)NCCCc2sc(N)nc2C)cc1,4.58
Cc1nc(N)sc1CCCNC(N)=NC(=S)NCC(c1ccccc1)c1ccccc1,4.33
Cc1nc(N)sc1CCCNC(N)=NC(=O)NC(C)c1ccccc1F,4.51
Cc1nc(N)sc1CCCNC(N)=NC(=O)NC(c1ccccc1)C(F)(F)F,4.5
CCCNC(=O)N=C(N)NCCCc1sc(N)nc1C,4.35
Cc1nc(N)sc1CCCNC(N)=NC(=O)NCC(C)CC1CCCCC1,5.13
Cc1nc(N)sc1CCCNC(N)=NC(=O)NC(C)c1ccccc1,4.48
COc1ccc(C(C)NC(=O)N=C(N)NCCCc2sc(N)nc2C)cc1,4.48
Cc1nc(N)sc1CCCNC(N)=NC(=O)NC(C)c1cccc(F)c1,4.41
Cc1nc(N)sc1CCCNC(N)=NC(=O)NC(C)c1ccco1,4.36
CCCCCCNC(=O)N=C(N)NC1CCc2nc(N)sc2C1,5.82
Cc1nc(N)sc1CCCNC(N)=NC(=O)NCC(C)C1CCCCC1,5.0
Cc1nc(N)sc1CCCNC(N)=NC(=O)NC(c1ccccc1)c1ccccc1,5.04
Cc1nc(N)sc1CCCNC(N)=NC(=O)NC(C)c1ccc(Cl)cc1,4.75
Cc1nc(N)sc1CCCNC(N)=NC(=O)NCC(c1ccccc1)c1ccccc1,5.0
CCCCCNC(=O)N=C(N)NCCCc1sc(N)nc1C,4.98
Cc1nc(N)sc1CCCNC(N)=NC(=O)NCC(C)CCCc1ccccc1,5.64
CCCCCCNC(=O)N=C(N)Nc1cccc(-c2csc(N)n2)c1,4.96
Cc1nc(N)sc1CCCNC(N)=NC(=O)NCC(c1ccccc1)C(C)C,4.93
Cc1nc(N)sc1CCCNC(N)=NC(=O)NC(C)c1ccc(Br)cc1,4.89
Cc1nc(N)sc1CCCNC(N)=NC(=O)NC(C)c1ccc(OC(F)(F)F)cc1,4.84
Cc1nc(N)sc1CCCNC(N)=NC(=O)NCc1ccco1,4.13
CCC(CNC(=O)N=C(N)NCCCc1sc(N)nc1C)c1ccccc1,4.78
Cc1nc(N)sc1CCCNC(N)=NC(=O)NCC(C)CCc1ccccc1,5.04
NC(=NC(=O)NCc1ccccc1)NC1CCc2nc(N)sc2C1,5.48
Cc1nc(N)sc1CCCNC(N)=NC(=O)NCC(C)c1ccc(C(C)C)cc1,5.1
Cc1ccc(CC(C)CNC(=O)N=C(N)NCCCc2sc(N)nc2C)cc1,5.49
Cc1nc(N)sc1CCCNC(N)=NC(=O)NCC(C)c1ccccc1,4.77
Fc1ccc2c(C3CCN(CCCOc4ccc(CN5CCOCC5)c(F)c4)CC3)noc2c1,6.73
Fc1ccc2c(C3CCN(CCCOc4ccc(CN5CCOCC5)cc4)CC3)noc2c1,6.78
CN1CCN(Cc2ccc(OCCCCN3CCC(c4noc5cc(F)ccc45)CC3)cc2)CC1,8.04
O=C1CCc2ccc(OCCCCN3CCN(c4cccc(Cl)c4Cl)CC3)cc2N1,5.63
Fc1ccc2c(C3CCN(CCCOc4ccc(CCN5CCOCC5)cc4)CC3)noc2c1,7.85
COc1cc(CN2CCOCC2)ccc1OCCCN1CCC(c2noc3cc(F)ccc23)CC1,6.83
Fc1ccc2c(C3CCN(CCCOc4ccc(CN5CCOCC5)cc4Cl)CC3)noc2c1,6.83
Fc1ccc2c(C3CCN(CCCOc4ccc(CCN5CCCCC5)cc4)CC3)noc2c1,7.87
Cc1cc(OCCCN2CCC(c3noc4cc(F)ccc34)CC2)ccc1CN1CCCC1,6.95
Fc1ccc2c(C3CCN(CCCOc4ccc(CN5CCCCC5)cc4)CC3)noc2c1,6.57
CC1CCN(CCc2ccc(OCCCCN3CCC(c4noc5cc(F)ccc45)CC3)cc2)CC1,7.8
COc1cc(CN2CCCC2)ccc1OCCCN1CCC(c2noc3cc(F)ccc23)CC1,6.82
Fc1ccc2c(C3CCN(CCCOc4ccc(CN5CCCCC5)cc4F)CC3)noc2c1,6.57
Cc1nc2n(c(=O)c1CCN1CCC(c3noc4cc(F)ccc34)CC1)CCCC2,5.96
Cc1cc(OCCCN2CCC(c3noc4cc(F)ccc34)CC2)ccc1CN1CCOCC1,6.79
Fc1ccc2c(C3CCN(CCCOc4ccc(CN5CCCC5)cc4Cl)CC3)noc2c1,6.9
Fc1ccc2c(C3CCN(CCCOc4ccc(CN5CCOCC5)cc4F)CC3)noc2c1,6.71
CC1CCN(CCc2ccc(OCCCN3CCC(c4noc5cc(F)ccc45)CC3)cc2)CC1,7.92
CN1CCN(Cc2ccc(OCCCN3CCC(c4noc5cc(F)ccc45)CC3)cc2)CC1,8.09
Fc1ccc2c(C3CCN(CCCOc4ccc(CN5CCCC5)cc4)CC3)noc2c1,7.03
Fc1ccc2c(C3CCN(CCCOc4ccc(CN5CCOCC5)c(Cl)c4)CC3)noc2c1,6.79
Fc1ccc2c(C3CCN(CCCOc4ccc(CN5CCCCC5)c(F)c4)CC3)noc2c1,6.5
CN1CCN(c2ccnc(NCCc3ccccc3)n2)CC1,7.09
CC1CN(c2ncc(Cl)c(Nc3ccc4c(c3)n(CCC(C)(C)O)c(=O)n4C)n2)CC(C)C1(F)F,5.69
Nc1nc(-c2ccc(OCCCN3CCCCC3)cc2)c2c(n1)-c1ccccc1C2=O,9.55
Nc1nc(-c2ccc(OCCCN3CCCCC3)cc2)c2c(n1)-c1ccc(OCCCN3CCCCC3)cc1C2=O,9.51
Nc1nc(-c2ccccc2)c2c(n1)-c1cc(OCCCN3CCCCC3)ccc1C2=O,7.28
Nc1nc(-c2ccccc2)c2c(n1)-c1cc(OCCCN3CCCC3)ccc1C2,7.96
Nc1nc(-c2ccc(OCCCN3CCCCC3)cc2)c2c(n1)-c1ccc(OCCCN3CCCCC3)cc1C2,9.22
Nc1nc(-c2ccccc2)c2c(n1)-c1ccc(OCCCN3CCCC3)cc1C2=O,7.51
Nc1nc(-c2ccccc2)c2c(n1)-c1ccc(OCCCN3CCCCC3)cc1C2=O,7.44
Nc1nc(-c2ccccc2)c2c(n1)-c1ccc(OCCCN3CCCCC3)cc1C2,8.64
Nc1nc(-c2ccccc2)c2c(n1)-c1cc(OCCCN3CCCCC3)ccc1C2,8.35
Nc1nc(-c2ccccc2)c2c(n1)-c1cc(OCCCN3CCCC3)ccc1C2=O,7.77
Nc1nc(-c2ccc(OCCCN3CCCCC3)cc2)c2c(n1)-c1ccccc1C2,9.31
CCN1CCN(C(=O)c2ccc(-c3nc4ccccc4s3)s2)CC1,7.71
CN(C)c1ccc2c(-c3ccc(C(=O)NCCOCCOCCOCCNC(=O)C4CCN(Cc5ccc(OCCCN6CCCCC6)cc5)CC4)cc3C(=O)[O-])c3ccc(=[N+](C)C)cc-3oc2c1,9.8
O=C1CN(C(=O)c2ccc(OCCCN3CCCCC3)cc2)CCN1,8.55
CC(C)C1NC(=O)C(Cc2ccc(OCCCN3CCCCC3)cc2)NC1=O,6.66
O=C1CN(Cc2ccc(OCCCN3CCCCC3)cc2)CCN1Cc1ccccc1,7.95
O=c1[nH]c(=Cc2ccc(OCCCN3CCCCC3)cc2)c(=O)[nH]c1=Cc1ccccc1,8.42
O=C1CN(C(=O)c2ccc(OCCCN3CCCCC3)cc2)CCN1Cc1ccccc1,8.31
O=C1CN(Cc2ccc(OCCCN3CCCCC3)cc2)C(=O)CN1,8.31
CC1NC(=O)C(Cc2ccc(OCCCN3CCCCC3)cc2)NC1=O,6.8
O=C1CNC(=O)C(Cc2ccc(OCCCN3CCCCC3)cc2)N1,7.13
O=C1NC(Cc2ccc(OCCCN3CCCCC3)cc2)C(=O)NC1Cc1ccccc1,7.41
O=C1CNC(=O)C(=Cc2ccc(OCCCN3CCCCC3)cc2)N1,7.65
c1cc(OCCCN2CCCCC2)ccc1CC1CNCCN1,8.7
O=C1NC(Cc2ccccc2)C(=O)NC1=Cc1ccc(OCCCN2CCCCC2)cc1,8.7
CC(=O)N1CC(=O)NC(=Cc2ccc(OCCCN3CCCCC3)cc2)C1=O,8.42
CC(=O)N1C(=O)C(=Cc2ccc(OCCCN3CCCCC3)cc2)NC(=O)C1Cc1ccccc1,8.36
c1ccc(CC2CNC(Cc3ccc(OCCCN4CCCCC4)cc3)CN2)cc1,8.96
Cc1ccc(CC(C)CNC(=O)N=C(N)NCCCc2nnc(N)o2)cc1,5.04
Cc1ccc(CC(C)CNC(=O)N=C(N)NCCCc2cnc(N)s2)cc1,5.32
CC(CCCc1ccccc1)CNC(=O)N=C(N)NCCCc1nnc(N)s1,5.4
CCCCCNC(=O)N=C(N)NCC1CCc2nc(N)sc2C1,5.18
NC(=NC(=O)NCCCCCCCCNC(=O)N=C(N)NCCCc1nnc(N)s1)NCCCc1nnc(N)s1,5.16
CC(CNC(=O)N=C(N)NCCCc1nnc(N)s1)C1CCCCC1,5.56
Cc1ccc(CC(C)CNC(=O)N=C(N)NCCCc2nnc(N)s2)cc1,5.63
Cc1nc(N)sc1-c1ccc(NC(N)=NC(=O)NCC(C)CCCc2ccccc2)cc1,5.1
Cc1nc(N)sc1-c1ccc(NC(N)=NC(=O)NCCCCCCNC(=O)N=C(N)Nc2ccc(-c3sc(N)nc3C)cc2)cc1,5.71
Cc1nc(N)oc1CCCNC(N)=NC(=O)NCC(C)C1CCCCC1,5.08
Cc1nc(N)sc1-c1ccc(NC(N)=NC(=O)NCc2ccccc2)cc1,5.07
CC(NC(=O)N=C(N)NCCCc1c[nH]cn1)c1ccccc1,8.77
Cc1nc(N)sc1-c1cccc(NC(N)=NC(=O)NCCCCCCNC(=O)N=C(N)Nc2cccc(-c3sc(N)nc3C)c2)c1,6.15
CC(CCCc1ccccc1)CNC(=O)N=C(N)NCC1CCc2nc(N)sc2C1,5.76
CCCCCNC(=O)N=C(N)Nc1ccc(-c2sc(N)nc2C)cc1,4.94
CCCCCNC(=O)N=C(N)Nc1cccc(-c2sc(N)nc2C)c1,5.02
Cc1nnc(CCCNC(N)=NC(=O)NCCCCCCCCN)s1,4.93
NC(=NC(=O)NCCCCCCNC(=O)N=C(N)NCCCc1nnc(N)s1)NCCCc1nnc(N)s1,5.0
Cc1ccc(CC(C)CNC(=O)N=C(N)Nc2cccc(-c3sc(N)nc3C)c2)cc1,4.89
Cc1nc(N)sc1-c1cccc(NC(N)=NC(=O)NCC(C)CCCc2ccccc2)c1,4.97
CC(NC(=O)N=C(N)NCCCn1cc(CN(C)C)nn1)c1ccccc1,4.99
CN(C)CC#Cc1ccc(OCCCc2sc(N3CCc4cccc(C(=O)Nc5nc6ccccc6s5)c4C3)nc2C(=O)O)c(F)c1,5.74
O=c1cc(CNCc2ccc(OCCCN3CCCCC3)cc2)occ1O,7.5
O=c1cc(CN(Cc2ccc(OCCCN3CCCCC3)cc2)Cc2cc(=O)c(O)co2)occ1O,8.0
O=C(OCCCN1CCN(c2ccncc2)CC1)c1cc2ccccc2o1,6.57
CN1CCN(CCCOC(=O)c2cc3ccccc3o2)CC1,5.48
CN1CCN(CCOC(=O)c2ccc3ccccc3c2)CC1,5.66
CN1CCN(CCCOC(=O)c2cccc3ccccc23)CC1,5.43
CN1CCN(CCCOC(=O)c2ccc3ccccc3c2)CC1,5.96
CN1CCN(CCCOc2ccc3ccccc3c2)CC1,5.55
O=C(NCCCN1CCN(c2ccncc2)CC1)c1cc2ccccc2o1,6.04
CC1CCCN1CCCOc1ccc2c(c1)CCC1C2CCC2(C)C1CCC2N1CCCC1,9.52
CC12CCC3c4ccc(OCCCN5CCC(O)CC5)cc4CCC3C1CCC2N1CCCC1,8.3
CC12CCC3c4ccc(OCCCN5CCC(O)C5)cc4CCC3C1CCC2N1CCCC1,8.28
CC12CCC3c4ccc(OCc5ccccc5)cc4CCC3C1CCC2N1CCCC1,6.67
CC12CCC3c4ccc(OCCCCN5CCCC5)cc4CCC3C1CCC2N1CCCC1,9.1
CC12CCC3c4ccc(OCc5cccnc5)cc4CCC3C1CCC2N1CCCC1,8.52
CC(=O)C1CCN(CCCOc2ccc3c(c2)CCC2C3CCC3(C)C2CCC3N2CCCC2)CC1,8.57
CC12CCC3c4ccc(OCCCN5CCNC(=O)C5)cc4CCC3C1CCC2N1CCCC1,9.22
CC12CCC3c4ccc(OCc5ccccn5)cc4CCC3C1CCC2N1CCCC1,8.66
CC12CCC3c4ccc(OCc5ccncc5)cc4CCC3C1CCC2N1CCCC1,9.06
CCC12CCC3c4ccc(OCCCN5CCCC5)cc4CCC3C1CCC2N1CCCC1,9.1
CN1CCCC2C3CCC4CC(OC(=O)CCN5CCCC5)CCC4(C)C3CCC21C,8.0
CC12CCC3c4ccc(OCCN5CCCC5)cc4CCC3C1CCC2N1CCCC1,8.72
CC1Cc2cc(OCCCN3CCCC3)ccc2C2CCC3(C)C(CCC3N3CCCC3)C12,8.92
CC12CCC3c4ccc(OCc5ccc(Cl)cn5)cc4CCC3C1CCC2N1CCCC1,8.8
CC12CCC(OCCCN3CCCC3)CC1=CCC1C2CCC2(C)C1CCC2N1CCCC1,8.37
CC12CCC3c4ccc(OCCCN5CCCCCC5)cc4CCC3C1CCC2N1CCCC1,9.22
