smiles,pchembl_value
Cc1c(C(=O)NOC(C)(C)C)nc(-c2ccc(Cl)cc2Cl)n1-c1ccc(Cl)cc1,tensor([6.4800])
Cc1c(C(=O)NN2CCOCC2)nc(-c2ccc(Cl)cc2Cl)n1-c1ccc(Cl)cc1,tensor([6.7100])
Cc1c(C(=O)NN2CC3CCCC3C2)nc(-c2ccc(Cl)cc2Cl)n1-c1ccc(Cl)cc1,tensor([7.4000])
O=C(NN1CCCCC1)c1nc(-c2ccc(Cl)cc2Cl)n(-c2ccc(Cl)cc2)c1CF,tensor([7.4400])
O=C(NN1CCCCC1)c1nc(-c2ccc(Cl)cc2Cl)n(-c2ccc(Cl)cc2)c1Cl,tensor([7.5700])
O=C(NN1CCCCC1)c1nc(-c2ccc(Cl)cc2Cl)n(-c2ccc(Cl)cc2)c1Br,tensor([7.6400])
Cc1c(C(=O)NN2CCCC2)nc(-c2ccc(Cl)cc2Cl)n1-c1ccc(Cl)cc1,tensor([7.5700])
Cc1c(C(=O)NN2CCCCC2)nc(-c2ccc(Cl)cc2Cl)n1-c1ccc(Cl)cc1,tensor([7.5200])
N#Cc1c(C(=O)NN2CCCCC2)nc(-c2ccc(Cl)cc2Cl)n1-c1ccc(Cl)cc1,tensor([7.5200])
Cc1c(C(=O)OC(C)(C)C)nc(-c2ccc(Cl)cc2Cl)n1-c1ccc(Cl)cc1,tensor([7.0300])
Cc1c(C(=O)NC2CCCCC2)nc(-c2ccc(Cl)cc2Cl)n1-c1ccc(Cl)cc1,tensor([7.4600])
O=C(NN1CCCCC1)c1nc(-c2ccc(Cl)cc2Cl)c(-c2ccc(Cl)cc2)s1,tensor([6.6400])
Cc1c(C(=O)NN2CCCCC2)nc(-c2ccc(Cl)cc2Cl)n1-c1ccc(C(F)(F)F)cc1,tensor([7.5400])
O=C(NN1CCCCC1)c1nc(-c2ccc(Cl)cc2Cl)n(-c2ccc(Cl)cc2)n1,tensor([6.4500])
Cc1c(C(=O)N2CCc3ccccc3C2)nc(-c2ccc(Cl)cc2Cl)n1-c1ccc(Cl)cc1,tensor([7.4700])
Cc1c(C(=O)NN2CCCCC2)nc(-c2ccc(Cl)cc2)n1-c1ccc(Cl)cc1Cl,tensor([6.3900])
Cc1c(C(=O)NCc2ccc(C(F)(F)F)cc2)nc(-c2ccc(Cl)cc2Cl)n1-c1ccc(Cl)cc1,tensor([6.7700])
COc1ccc(-n2c(-c3ccc(Cl)cc3Cl)nc(C(=O)NN3CCCCC3)c2C)cc1,tensor([6.9700])
O=C(NN1CCCCC1)c1nc(-c2ccc(Cl)cc2)n(-c2ccc(Cl)cc2Cl)n1,tensor([6.4200])
CCN(CC)C(=O)c1nc(-c2ccc(Cl)cc2Cl)n(-c2ccc(Cl)cc2)c1C,tensor([6.0800])
Cc1c(C(=O)NC2CC3CCC2C3)nc(-c2ccc(Cl)cc2Cl)n1-c1ccc(Cl)cc1,tensor([7.7200])
CCc1c(C(=O)NN2CCCCC2)nc(-c2ccc(Cl)cc2Cl)n1-c1ccc(Cl)cc1,tensor([7.8500])
Cc1c(C(=O)NN2CCCCC2)nc(-c2ccc(Cl)cc2Cl)n1-c1ccc(F)cc1,tensor([7.2800])
Cc1c(C(=O)NC2CCC(O)CC2)nc(-c2ccc(Cl)cc2Cl)n1-c1ccc(Cl)cc1,tensor([6.4000])
Cc1c(C(=O)N2CCC(O)CC2)nc(-c2ccc(Cl)cc2Cl)n1-c1ccc(Cl)cc1,tensor([6.7600])
Cc1c(C(=O)NN2CCCCCC2)nc(-c2ccc(Cl)cc2Cl)n1-c1ccc(Cl)cc1,tensor([7.1900])
Cc1c(C(=O)NN2CCCCC2)nc(-c2ccc(Cl)cc2Cl)n1-c1ccc(Cl)cn1,tensor([7.2600])
Cc1c(C(=O)NN2CCCCC2)nc(-c2ccc(Cl)cc2Cl)n1-c1ccc(Br)cc1,tensor([7.2200])
COc1ccc(S(=O)(=O)c2cc(OC)ccc2S(=O)(=O)c2ccc(C(C)NS(=O)(=O)c3ccc(Cl)c(Cl)c3)cc2)cc1,tensor([6.9300])
COc1ccc(S(=O)(=O)c2cc(OC)ccc2S(=O)(=O)c2ccc(C(C)NC(C)=O)cc2)cc1,tensor([5.7500])
COc1ccc(S(=O)(=O)c2cc(OC)ccc2S(=O)(=O)c2ccc(C(C)NC(=O)Nc3ccc(F)cc3)cc2)cc1,tensor([5.7500])
COc1ccc(S(=O)(=O)c2cc(OC)ccc2S(=O)(=O)c2ccc(C(C)NS(=O)(=O)c3ccc(C)cc3)cc2)cc1,tensor([5.7200])
CCS(=O)(=O)NC(C)c1ccc(S(=O)(=O)c2ccc(OC)cc2S(=O)(=O)c2ccc(OC)cc2)cc1,tensor([5.7100])
COc1ccc(S(=O)(=O)c2cc(OC)ccc2S(=O)(=O)c2ccc(C(C)NC(=O)C(C)(C)C)cc2)cc1,tensor([5.6400])
CCCNC(=O)NC(C)c1ccc(S(=O)(=O)c2ccc(OC)cc2S(=O)(=O)c2ccc(OC)cc2)cc1,tensor([4.1400])
COc1ccc(S(=O)(=O)c2cc(OC)ccc2S(=O)(=O)c2ccc(C(C)NC(=O)Nc3ccc(C)cc3)cc2)cc1,tensor([4.])
COc1ccc(S(=O)(=O)c2cc(OC)ccc2S(=O)(=O)c2ccc(C(C)NC(=O)C(F)(F)F)cc2)cc1,tensor([6.6300])
COc1ccc(S(=O)(=O)c2cc(OC)ccc2S(=O)(=O)c2ccc(C(C)NS(C)(=O)=O)cc2)cc1,tensor([6.0400])
COc1ccc(S(=O)(=O)c2cc(OC)ccc2S(=O)(=O)c2ccc(C(C)NC(=O)C3CC3)cc2)cc1,tensor([4.9700])
COc1ccc(S(=O)(=O)c2cc(OC)ccc2S(=O)(=O)c2ccc(C(C)NC(=O)c3ccc(Cl)c(Cl)c3)cc2)cc1,tensor([7.0800])
COc1ccc(S(=O)(=O)c2cc(OC)ccc2S(=O)(=O)c2ccc(C(C)NS(=O)(=O)c3ccccc3)cc2)cc1,tensor([6.0700])
COc1ccc(S(=O)(=O)c2cc(OC)ccc2S(=O)(=O)c2ccc(C(C)NC(=O)c3ccc(C)cc3)cc2)cc1,tensor([6.0500])
COc1ccc(S(=O)(=O)c2cc(OC)ccc2S(=O)(=O)c2ccc(C(C)NS(=O)(=O)Cc3ccccc3)cc2)cc1,tensor([7.1000])
CCCCS(=O)(=O)NC(C)c1ccc(S(=O)(=O)c2ccc(OC)cc2S(=O)(=O)c2ccc(OC)cc2)cc1,tensor([5.9500])
CCCC(=O)NC(C)c1ccc(S(=O)(=O)c2ccc(OC)cc2S(=O)(=O)c2ccc(OC)cc2)cc1,tensor([5.9300])
COc1ccc(S(=O)(=O)c2cc(OC)ccc2S(=O)(=O)c2ccc(C(C)NC(=O)Cc3ccccc3)cc2)cc1,tensor([6.3200])
COc1ccc(C(=O)NC(C)c2ccc(S(=O)(=O)c3ccc(OC)cc3S(=O)(=O)c3ccc(OC)cc3)cc2)cc1,tensor([5.9300])
CCCCN1C(=O)NC(c2ccc(I)cc2)(c2ccc(I)cc2)C1=O,tensor([5.7400])
CCCCN1C(=O)C(c2ccc(I)cc2)(c2ccc(I)cc2)NC1=S,tensor([6.1400])
CC(C)N1C(=O)C(c2ccc(Br)cc2)(c2ccc(Br)cc2)NC1=S,tensor([5.4400])
Cc1c(C(=O)c2cccc3ccccc23)c2cccc3c2n1C(CN1CCOCC1)CO3,tensor([5.4200])
CCCCN1C(=O)C(c2ccc(Br)cc2)(c2ccc(Br)cc2)NC1=S,tensor([5.8500])
C=CCN1C(=O)C(c2ccc(I)cc2)(c2ccc(I)cc2)NC1=S,tensor([6.2300])
CCCCN1C(=O)NC(c2ccc(Br)cc2)(c2ccc(Br)cc2)C1=O,tensor([5.2600])
C=CCN1C(=O)NC(c2ccc(I)cc2)(c2ccc(I)cc2)C1=O,tensor([5.7600])
CCN1C(=O)C(c2ccc(Br)cc2)(c2ccc(Br)cc2)NC1=S,tensor([5.6600])
O=C1NC(c2ccc(Br)cc2)(c2ccc(Br)cc2)C(=O)N1Cc1ccccc1,tensor([5.4600])
CC(C)CN1C(=O)C(c2ccc(Br)cc2)(c2ccc(Br)cc2)NC1=S,tensor([5.7500])
CC(C)CN1C(=O)C(c2ccc(Cl)cc2)(c2ccc(Cl)cc2)NC1=S,tensor([5.6800])
O=C1N(Cc2ccccc2)C(=S)NC1(c1ccc(Br)cc1)c1ccc(Br)cc1,tensor([6.])
O=C1N(Cc2ccccc2)C(=S)NC1(c1ccc(Cl)cc1)c1ccc(Cl)cc1,tensor([5.6600])
Cc1c(C=CN2CCCCC2)nn(-c2ccc(Cl)cc2Cl)c1-c1ccc(Cl)cc1,tensor([6.6500])
Cc1c(C=CC2CCCCC2)nn(-c2ccc(Cl)cc2Cl)c1-c1ccc(Cl)cc1,tensor([7.2200])
Cc1c(C=NN2CCCCC2)nn(-c2ccc(Cl)cc2Cl)c1-c1ccc(Cl)cc1,tensor([7.7200])
Cc1c(C(=O)N(C)C2CCCCC2)nn(-c2ccc(Cl)cc2Cl)c1-c1ccc(Cl)cc1,tensor([6.9700])
Cc1c(C(=O)NC2CCCCC2)nn(-c2ccc(Cl)cc2Cl)c1-c1ccc(Cl)cc1,tensor([8.4300])
CCCCCn1cc(C(=O)NC2CCCc3ccccc32)c(=O)c2ccccc21,tensor([5.9800])
CCCCCn1cc(C(=O)NC(C)c2ccccc2)c(=O)c2ccccc21,tensor([5.9400])
CCCCCn1cc(C(=O)Nc2cccc3ccccc23)c(=O)c2ccccc21,tensor([5.3900])
O=c1c2nn(-c3ccc(Cl)cc3)c(-c3ccccc3Cl)c2ncn1C1CCCCC1,tensor([7.4200])
O=C1C2N=C(c3ccccc3Cl)N(c3ccc(Cl)cc3)C2N=CN1CC(F)(F)F,tensor([9.])
CC(C)n1cnc2c(-c3ccc(Cl)cc3)n(-c3ccccc3Cl)nc2c1=O,tensor([7.6800])
CCn1cnc2c(-c3ccc(Cl)cc3)n(-c3ccccc3Cl)nc2c1=O,tensor([8.4000])
CCc1nc2c(-c3ccc(Cl)cc3)n(-c3ccccc3Cl)nc2c(=O)n1CC(F)(F)F,tensor([9.])
O=c1c2nn(-c3ccccc3Cl)c(-c3ccc(Cl)cc3)c2ncn1N1CCCCC1,tensor([7.9200])
CC(F)(F)Cn1cnc2c(-c3ccc(Cl)cc3)n(-c3ccccc3Cl)nc2c1=O,tensor([9.7000])
CC(C)c1nc2c(-c3ccc(Cl)cc3)n(-c3ccccc3Cl)nc2c(=O)n1CC(F)(F)F,tensor([8.2200])
CCC(CC)n1cnc2c(-c3ccc(Cl)cc3)n(-c3ccccc3Cl)nc2c1=O,tensor([7.5800])
CCCn1cnc2c(-c3ccc(Cl)cc3)n(-c3ccccc3Cl)nc2c1=O,tensor([8.7000])
O=c1c2nn(-c3ccccc3Cl)c(-c3ccc(Cl)cc3)c2ncn1C1CCCCC1,tensor([7.7000])
O=c1c2nn(-c3ccccc3Cl)c(-c3ccc(Cl)cc3)c2ncn1Cc1ccccc1,tensor([8.3000])
O=c1c2nn(-c3ccccc3Cl)c(-c3ccc(Cl)cc3)c2cnn1CC(F)(F)F,tensor([8.1000])
O=c1c2nn(-c3ccccc3Cl)c(-c3ccc(Cl)cc3)c2ncn1CC(F)F,tensor([9.2200])
O=c1c2nn(-c3ccccc3Cl)c(-c3ccc(Cl)cc3)c2ncn1CCC(F)(F)F,tensor([8.7400])
O=c1c2nn(-c3ccccc3Cl)c(-c3ccc(Cl)cc3)c2ncn1CC(F)(F)F,tensor([9.5200])
Cc1nc2c(-c3ccc(Cl)cc3)n(-c3ccccc3Cl)nc2c(=O)n1CC(F)(F)F,tensor([9.2200])
O=c1c2nn(-c3ccccc3Cl)c(-c3ccc(Cl)cc3)c2ncn1CCF,tensor([8.5200])
CCCCCCCCC=CC(=O)Nc1ccc(OC)cc1,tensor([5.3100])
CCCCCCCCC=CCCCCCCCCCCCC(=O)Nc1ccc(N2CCOCC2)cc1,tensor([5.1900])
CCCCCC=CCC=CCC=CCC=CCCCC(=O)Nc1ccc(O)cc1,tensor([5.7500])
CCCCCCCCC=CCCCCCCCC(=O)NCCc1cc(OC)cc(OC)c1,tensor([5.8900])
CCCCCCCCC=CC(=O)NCCc1cc(OC)cc(OC)c1,tensor([5.5500])
CCCCCCCCC=CC(=O)NCCc1ccc(OC)cc1,tensor([5.6200])
CCCCCC=CCC=CCC=CCC=CCCCC(=O)NCCc1ccc(OC)cc1OC,tensor([6.3000])
CCCCCCCCC=CCCCCCCCC(=O)NCCc1ccc(OC)cc1,tensor([6.4000])
CCCCCC=CCC=CCC=CCC=CCCCC(=O)Nc1ccc(OC)cc1,tensor([6.3000])
CCCCCCCCC=CCCCCCCCC(=O)NCc1ccc(OC)cc1,tensor([6.3000])
CCCCCCCCC=CCCCCCCCC(=O)NCCc1ccc(OC)cc1OC,tensor([6.1000])
CCCCCC=CCC=CCC=CCC=CCCCC(=O)NCc1cc(OC)ccc1OC,tensor([6.3000])
CCCCCC=CCC=CCC=CCC=CCCCC(=O)N1CCN(c2ccc(C)c(C)c2)CC1,tensor([6.4000])
CCCCCC=CCC=CCC=CCC=CCCCC(=O)NCCc1ccc(OC)cc1,tensor([5.6200])
CCCCCC=CCC=CCC=CCC=CCCCC(=O)Nc1ccc(N2CCOCC2)cc1,tensor([6.8200])
CCCCCCCCC=CCCCCCCCC(=O)Nc1ccc(OC)cc1,tensor([5.8000])
CCCCCC=CCC=CCC=CCC=CCCCC(=O)NCc1ccc(OC)cc1OC,tensor([6.7000])
CCCCCC=CCC=CCC=CCC=CCCCC(=O)N1CCN(c2ccc(Cl)cc2)CC1,tensor([6.2200])
CCCCCC=CCC=CCC=CCC=CCCCC(=O)N1CCN(c2ccc(F)cc2)CC1,tensor([6.5200])
CCCCCCCCC=CCCCCCCCCCCCC(=O)NCCc1ccc(OC)cc1OC,tensor([5.4300])
CCCCCC=CCC=CCC=CCC=CCCCC(=O)NOCCO,tensor([6.3300])
CCCCCCCCC=CCCCCCCCC(=O)NCCO,tensor([5.9600])
CCCCCC=CCC=CCC=CCC=CCCCC(=O)N(O)CCO,tensor([5.4100])
CCCCCC=CCC=CCC=CCC=CCCCC(=O)ONCCO,tensor([5.4600])
CC(CO)NC(=O)CCCC=CCC=CCC=CCC=CCCOC(=O)c1cc(I)ccc1N=[N+]=[N-],tensor([6.2400])
O=C1C(c2ccccc2)N(c2ccc(Cl)cc2)C(=S)N1c1ccc(Cl)cc1,tensor([5.6700])
O=C1C(c2ccccc2)N(c2ccc(Br)cc2)C(=S)N1c1ccc(Br)cc1,tensor([5.8400])
O=C1C(c2ccc(Br)cc2)N(c2ccccc2)C(=O)N1c1ccccc1,tensor([5.3900])
O=C1C(c2ccccc2)N(c2ccc(Cl)c(Cl)c2)C(=S)N1c1ccc(Cl)c(Cl)c1,tensor([5.7000])
Cc1ccc(N2C(=O)C(c3ccccc3)N(c3ccc(C)cc3)C2=S)cc1,tensor([5.3000])
O=C1C(c2ccccc2)N(c2cccc(I)c2)C(=S)N1c1cccc(I)c1,tensor([6.1600])
O=C1C(c2ccccc2)N(c2cccc(Cl)c2)C(=O)N1c1cccc(Cl)c1,tensor([5.6800])
O=C1C(c2ccc(Cl)cc2)N(c2ccccc2)C(=O)N1c1ccccc1,tensor([5.1800])
COc1ccc(N2C(=O)C(c3ccccc3)N(c3ccc(OC)cc3)C2=O)cc1,tensor([5.1900])
COc1ccc(N2C(=O)C(c3ccccc3)N(c3ccc(OC)cc3)C2=S)cc1,tensor([5.1500])
O=C1C(c2ccccc2)N(c2ccc(Br)cc2)C(=O)N1c1ccc(Br)cc1,tensor([6.6100])
O=C1C(c2ccc(Br)cc2)N(c2ccccc2)C(=S)N1c1ccccc1,tensor([5.2000])
O=C1C(c2ccc(Cl)cc2)N(c2ccc(Cl)cc2)C(=O)N1c1ccc(Cl)cc1,tensor([5.7300])
O=C1C(c2ccc(Cl)cc2)N(c2cccc(Cl)c2)C(=O)N1c1cccc(Cl)c1,tensor([5.4800])
O=C1C(c2ccccc2)N(c2ccc(Cl)cc2)C(=O)N1c1ccc(Cl)cc1,tensor([6.4500])
CCN=C(NS(=O)(=O)N(CC)CC)N1CC(c2ccccc2)C(c2ccc(Cl)cc2)=N1,tensor([6.6800])
CN=C(NS(=O)(=O)N1CCCCCCC1)N1CC(c2ccccc2)C(c2ccc(Cl)cc2)=N1,tensor([6.9000])
CN=C(NS(=O)(=O)N1CCOCC1)N1CC(c2ccccc2)C(c2ccc(Cl)cc2)=N1,tensor([7.1200])
CN=C(NS(=O)(=O)N(C)C(C)C)N1CC(c2ccccc2)C(c2ccc(Cl)cc2)=N1,tensor([7.5000])
CN=C(NS(=O)(=O)N1CCSCC1)N1CC(c2ccccc2)C(c2ccc(Cl)cc2)=N1,tensor([7.6200])
CNC(=NS(=O)(=O)N1CCCCC1)N1CC(c2ccccc2)C(c2ccc(Cl)cc2)=N1,tensor([7.2400])
CCN(CC)S(=O)(=O)NC(=NC)N1CC(c2ccccc2)C(c2ccc(Cl)cc2)=N1,tensor([7.5200])
CN=C(NS(=O)(=O)N1CCS(=O)(=O)CC1)N1CC(c2ccccc2)C(c2ccc(Cl)cc2)=N1,tensor([6.0800])
CCN(C)S(=O)(=O)NC(=NC)N1CC(c2ccccc2)C(c2ccc(Cl)cc2)=N1,tensor([6.9300])
CCN(CC)S(=O)(=O)NC(=NC(C)C)N1CC(c2ccccc2)C(c2ccc(Cl)cc2)=N1,tensor([7.2200])
CN=C(NS(=O)(=O)N1CCCCCC1)N1CC(c2ccccc2)C(c2ccc(Cl)cc2)=N1,tensor([6.8100])
CN=C(NS(=O)(=O)N1CCCC1)N1CC(c2ccccc2)C(c2ccc(Cl)cc2)=N1,tensor([6.6400])
CN=C(NS(=O)(=O)N(C)C)N1CC(c2ccccc2)C(c2ccc(Cl)cc2)=N1,tensor([6.6500])
Cc1ccc(-c2ncc(C(=O)NCCC(C)C)nc2-c2ccc(C)cc2)cc1,tensor([6.7500])
Cc1ccc(-c2ncc(C(=O)NC(CO)CC(C)C)nc2-c2ccc(C)cc2)cc1,tensor([7.3500])
Cc1ccc(-c2ncc(C(=O)NCC3CC3)nc2-c2ccc(C)cc2)cc1,tensor([6.7500])
Cc1ccc(-c2ncc(C(=O)NN3CCCCC3)nc2-c2ccc(C)cc2)cc1,tensor([7.2800])
CCC(COCc1ccccc1)NC(=O)c1cnc(-c2ccc(C)cc2)c(-c2ccc(C)cc2)n1,tensor([6.6900])
Cc1ccc(-c2ncc(C(=O)NC(C)COc3c(C)cccc3C)nc2-c2ccc(C)cc2)cc1,tensor([7.4100])
Cc1ccc(-c2ncc(C(=O)NC(CO)C(C)C)nc2-c2ccc(C)cc2)cc1,tensor([6.6200])
CCNC(=O)c1cnc(-c2ccc(C)cc2)c(-c2ccc(C)cc2)n1,tensor([5.6200])
Cc1ccc(-c2ncc(C(=O)NC(C(N)=O)c3ccccc3)nc2-c2ccc(C)cc2)cc1,tensor([6.6200])
Cc1ccc(-c2ncc(C(=O)NC(C)CCc3ccccc3)nc2-c2ccc(C)cc2)cc1,tensor([8.3000])
Cc1ccc(-c2ncc(C(=O)NC3CCCCC3CO)nc2-c2ccc(C)cc2)cc1,tensor([7.3000])
CCCC(CO)NC(=O)c1cnc(-c2ccc(C)cc2)c(-c2ccc(C)cc2)n1,tensor([6.8000])
Cc1ccc(-c2ncc(C(=O)NCCO)nc2-c2ccc(C)cc2)cc1,tensor([5.0700])
Cc1c(C(=O)NN2CCCCC2)nn(-c2ccc(Cl)cc2Cl)c1-c1ccc(I)cc1,tensor([8.5200])
Cc1ccc(-c2ncc(C(=O)NC3CCCCC3O)nc2-c2ccc(C)cc2)cc1,tensor([6.5200])
Cc1ccc(-c2ncc(C(=O)NC(C)C)nc2-c2ccc(C)cc2)cc1,tensor([6.1800])
CNC(=O)c1cnc(-c2ccc(C)cc2)c(-c2ccc(C)cc2)n1,tensor([5.4200])
CC(C)CC(CO)NC(=O)c1cnc(-c2ccc(Cl)cc2)c(-c2ccc(Cl)cc2)n1,tensor([7.8500])
Cc1ccc(-c2ncc(C(=O)NC3Cc4ccccc4C3O)nc2-c2ccc(C)cc2)cc1,tensor([7.4800])
Cc1ccc(-c2ncc(C(=O)Nc3ccccc3)nc2-c2ccc(C)cc2)cc1,tensor([6.2900])
Cc1ccc(-c2ncc(C(=O)NCCOc3ccccc3)nc2-c2ccc(C)cc2)cc1,tensor([6.2000])
Cc1ccc(-c2ncc(C(=O)NC(CC(C)C)C(N)=O)nc2-c2ccc(C)cc2)cc1,tensor([6.9800])
Cc1ccc(-c2ncc(C(=O)N(C)Cc3ccccc3)nc2-c2ccc(C)cc2)cc1,tensor([6.9600])
Cc1ccc(-c2ncc(C(=O)NCCCc3ccccc3)nc2-c2ccc(C)cc2)cc1,tensor([7.7500])
COc1ccc(-n2cc(C(=O)NC3CCCCC3)nc2-c2ccc(Cl)cc2Cl)cc1,tensor([8.3100])
O=C(NC1CCCCC1)c1cn(-c2ccc(Cl)cc2)c(-c2cc(Cl)ccc2Cl)n1,tensor([7.6000])
CN(C(=O)c1cn(-c2ccc(Cl)cc2)c(-c2ccccc2Cl)n1)C1CCCCC1,tensor([7.4700])
Cc1ccc(-n2cc(C(=O)NC3CCCCC3)nc2-c2ccc(Cl)cc2Cl)cc1,tensor([8.7200])
COc1ccccc1-c1nc(C(=O)NC2CCCCC2)cn1-c1ccc(Cl)cc1,tensor([7.0200])
O=C(NC1Cc2ccccc2C1O)c1cn(-c2ccc(Cl)cc2)c(-c2ccccc2Cl)n1,tensor([7.7700])
NC1CCCCC1NC(=O)c1cn(-c2ccc(Cl)cc2)c(-c2ccc(Cl)cc2Cl)n1,tensor([6.5700])
Cc1c(C(=O)NC2CCCCC2O)nc(-c2ccccc2Cl)n1-c1ccc(Cl)cc1,tensor([8.1600])
O=C(NC1CCCCC1)c1cn(-c2ccc(Cl)cc2)c(-c2ccccc2Cl)n1,tensor([8.6600])
CCCc1c(C(=O)NC2CCCCC2O)nc(-c2ccccc2Cl)n1-c1ccc(Cl)cc1,tensor([8.2400])
Cc1ccc(-n2cc(C(=O)NC3CCCCC3)nc2-c2ccccc2Cl)cc1,tensor([8.3400])
O=C(NC1c2ccccc2CC1O)c1cn(-c2ccc(Cl)cc2)c(-c2ccccc2Cl)n1,tensor([8.2000])
O=C(NC1CCCCC1)c1cn(-c2ccc(F)cc2)c(-c2ccccc2Cl)n1,tensor([7.7000])
CNC1CCCCC1NC(=O)c1cn(-c2ccc(Cl)cc2)c(-c2ccc(Cl)cc2Cl)n1,tensor([6.2100])
O=C(NC1CCCCC1O)c1nc(-c2ccccc2Cl)n(-c2ccc(Cl)cc2)c1Br,tensor([7.7200])
Cc1ccccc1-c1nc(C(=O)NC2CCCCC2)cn1-c1ccc(Cl)cc1,tensor([7.6800])
CC1CCC(n2cc(C(=O)NC3CCCCC3)nc2-c2ccccc2Cl)CC1,tensor([7.7700])
O=C(NC1CCCCC1)c1cn(-c2cccnc2)c(-c2ccccc2Cl)n1,tensor([5.9600])
O=C(NC1CCCCC1)c1cn(-c2ccc(Cl)cc2)c(-c2ccccc2)n1,tensor([6.8900])
O=C(NC1CCCCC1)c1cn(-c2ccc(Cl)cc2)c(-c2ccc(F)cc2F)n1,tensor([7.4400])
CCc1c(C(=O)NC2CCCCC2O)nc(-c2ccccc2Cl)n1-c1ccc(Cl)cc1,tensor([8.3000])
O=C(NC1CCCCC1O)c1cn(-c2ccc(Cl)cc2)c(-c2ccccc2Cl)n1,tensor([7.5400])
CCCCc1c(C(=O)NC2CCCCC2O)nc(-c2ccccc2Cl)n1-c1ccc(Cl)cc1,tensor([8.])
O=C(NC1CCCCC1)c1cn(-c2ccc(Cl)cc2)c(-c2ccc(Cl)cc2Cl)n1,tensor([8.4100])
Cc1ccc(-c2nc(C(=O)NC3CCCCC3)cn2-c2ccc(Cl)cc2)c(C)c1,tensor([8.1400])
CC(C)c1c(C(=O)NC2CCCCC2O)nc(-c2ccccc2Cl)n1-c1ccc(Cl)cc1,tensor([7.7500])
O=C(NN1CCCCC1)c1cc(-c2ccc(Cl)cc2)n(-c2ccc(Cl)cc2Cl)n1,tensor([8.1100])
O=C(NC1CCCCC1)c1cn(-c2ccc(F)cc2)c(-c2ccc(Cl)cc2Cl)n1,tensor([8.0900])
O=C(NC1CCCCC1O)c1cn(-c2ccc(Cl)cc2)c(-c2ccc(Cl)cc2Cl)n1,tensor([7.6600])
O=C(NC1CCCC1O)c1cn(-c2ccc(Cl)cc2)c(-c2ccccc2Cl)n1,tensor([7.5400])
CCCCOC(=O)c1cc(O)c(-c2cc(C)cc(C)c2)c(O)c1,tensor([5.5800])
CCCCCOC(=O)c1cc(O)c(-c2cc(C)cc(C)c2)c(O)c1,tensor([5.7000])
CCCCCOC(=O)c1cc(O)c(-c2cc(C)cc(C)c2)c(OC)c1,tensor([5.8500])
Cc1nc(-c2ccccc2)c(-c2ccccc2)n1CCCCCCNC(=O)Oc1ccccc1F,tensor([4.6400])
CSC(=S)N1CC2(CCCCC2)CSC1=Nc1cccc2nonc12,tensor([6.6100])
COc1ccccc1N=C1SCC2(CCCCC2)CN1C(=S)SC,tensor([7.8900])
CCCc1ccc(N=C2SCC3(CCCCC3)CN2C(=S)SC)cc1,tensor([6.2900])
CSC(=S)N1CC2(CCCC2)CSC1=Nc1ccccc1C(C)C,tensor([6.2700])
CSC(=S)N1CC2(CCCCC2)CSC1=Nc1ccc(C#N)cc1,tensor([6.7600])
CSC(=S)N1CC2(CCCCC2)CSC1=Nc1cccc2c1CCC2,tensor([6.6100])
COc1cccc(N=C2SCC3(CCCCC3)CN2C(=S)SC)c1,tensor([6.9700])
CSC(=S)N1CC2(CCCCC2)CSC1=Nc1cccc(C)c1C,tensor([6.9400])
CSC(=S)N1CC2(CCCCC2)CSC1=Nc1cccc2c1CCCN2C,tensor([7.0700])
CSC(=S)N1CC2(CCCCC2)CSC1=Nc1ccc2c(c1)CCCC2,tensor([6.4000])
COc1ccc(N=C2SCC3(CCCCC3)CN2C(=S)SC)cc1,tensor([6.1700])
CSC(=S)N1CC2(CCCCC2)CSC1=Nc1ccc(C(F)(F)F)cc1,tensor([5.7600])
CSC(=S)N1CC2(CCCCC2)CSC1=Nc1ccccc1C(C)C,tensor([6.9100])
CSC(=S)N1CC2(CCCCC2)CSC1=Nc1cccc2ncccc12,tensor([6.1200])
CCOc1ccccc1N=C1SCC2(CCCCC2)CN1C(=S)SC,tensor([6.4500])
CCc1ccc(N=C2SCC3(CCCCC3)CN2C(=S)SC)cc1,tensor([7.0200])
CSC(=S)N1CC2(CCCCC2)CSC1=Nc1ccc(OC(F)(F)F)cc1,tensor([5.8200])
CCCCCc1cc(O)c2c(c1)OC(C)(C)C1CCC(C)=CC21,tensor([7.7700])
CSC(=S)N1CC2(CCCCC2)CSC1=Nc1ccc(C(C)C)cc1,tensor([5.9000])
CSC(=S)N1CC2(CCCCC2)CSC1=Nc1ccccc1C(F)(F)F,tensor([6.3800])
CSC(=S)N1CC2(CCCCC2)CSC1=Nc1cccc(C(C)C)c1,tensor([7.])
CSC(=S)N1CC2(CCCCC2)CSC1=Nc1ccccc1OC(F)(F)F,tensor([6.1500])
CSC(=S)N1CC2(CCCCC2)CSC1=Nc1cccc2c1CCCC2,tensor([7.8200])
CCCCCCC(C)(C)c1ccc(-c2cc(C)cc(C)c2)c(COC(=O)CN2CCOCC2)c1,tensor([6.4300])
CCCCCCC(C)(C)c1ccc(-c2ccccc2OC)c(O)c1,tensor([8.7700])
CCCCCCC1(c2ccc(-c3cc(C)cc(C)c3)c(O)c2)CC1,tensor([7.8900])
CCCCCCC(C)(C)c1ccc(-c2cc(C)cc(C)c2)c(CN)c1,tensor([5.8200])
CCCCCCC(C)(C)c1ccc(-c2cc(C)cc(C)c2)c(C(=O)OC)c1,tensor([8.5700])
CCCCCCC(C)(C)c1ccc(-c2cc(C)ccc2C)c(O)c1,tensor([8.3400])
CCCCCCC(C)(C)c1ccc(-c2cc(C)cc(C)c2)c(CN2CCOCC2)c1,tensor([5.4100])
Cc1cc(C)cc(-c2ccc(C(C)(C)CCCO)cc2O)c1,tensor([5.9600])
CCCCCCC(C)(C)c1ccc(-c2c(C)cccc2C)c(O)c1,tensor([8.7700])
CCCCCCC(C)(C)c1ccc(-c2ccc(N)cc2)c(O)c1,tensor([6.5000])
CCCCCCC(C)(C)c1ccc(-c2cccc(N)c2)c(O)c1,tensor([7.8200])
Cc1cc(C)cc(-c2ccc(C(C)(C)CCCCCO)cc2O)c1,tensor([7.4100])
CCCCCCC(C)(C)c1ccc(-c2ccccc2N)c(O)c1,tensor([8.2800])
CCCCCCC(C)(C)c1ccc(-c2cccc(OC)c2OC)c(O)c1,tensor([7.4700])
CNC(=O)CCC(C)(C)c1ccc(-c2cc(C)cc(C)c2)c(O)c1,tensor([6.0800])
COC(=O)C(C)(C)c1ccc(-c2cc(C)cc(C)c2)c(O)c1,tensor([6.8000])
Cc1cc(C)cc(-c2ccc(C(C)(C)CO)cc2O)c1,tensor([5.6600])
CCCCCCC(C)(C)c1ccc(-c2cc(C)cc(C)c2)c(N)c1,tensor([7.1000])
COC(=O)CCC(C)(C)c1ccc(-c2cc(C)cc(C)c2)c(O)c1,tensor([6.9200])
CCCCCCC1(c2ccc(-c3cc(C)cc(C)c3)c(O)c2)CCCC1,tensor([8.5400])
CCCCCCC(C)(C)c1ccc(-c2cc(C)cc(C)c2)c(OC)c1,tensor([6.5000])
CCCCCCC(C)(C)c1ccc(-c2ccc(OC)c(OC)c2)c(O)c1,tensor([5.8500])
CNC(=O)CCCCC(C)(C)c1ccc(-c2cc(C)cc(C)c2)c(O)c1,tensor([7.0200])
CCCCCCC(C)(C)c1ccc(-c2cc(C)cc(C)c2)c(C(N)=O)c1,tensor([6.4300])
CCCCCCC(C)(C)c1ccc(-c2ccc(C)c(C)c2)c(O)c1,tensor([6.2200])
COC(=O)CCCCC(C)(C)c1ccc(-c2cc(C)cc(C)c2)c(O)c1,tensor([7.6200])
CCCCCCC(C)(C)c1ccc(-c2cccc(C)c2C)c(O)c1,tensor([7.3100])
CCCCCCC(C)(C)c1ccc(-c2cccc(OC)c2)c(O)c1,tensor([7.0400])
CCCCCCC(C)(C)c1ccc(-c2cccnc2)c(O)c1,tensor([7.6400])
CCCCCCC1(c2ccc(-c3cc(C)cc(C)c3)c(O)c2)CCCCC1,tensor([8.7400])
CCCCCCC(C)(C)c1ccc(-c2cccc(C#N)c2)c(O)c1,tensor([7.5700])
CCCCCCC(C)(C)c1ccc(-c2cc(C)cc(C)c2)c(CO)c1,tensor([6.4400])
O=C(NN1CCOCC1)C1=NN(c2ccc(Cl)cc2Cl)C(c2ccc(Cl)cc2)C1,tensor([6.8200])
Cc1c2c(n(-c3ccc(Cl)cc3Cl)c1-c1ccc(C(F)(F)F)cc1)CCN(C1CCCCC1)C2=O,tensor([8.3900])
Cc1c2c(n(-c3ccc(Cl)cc3Cl)c1-c1cccnc1)CCN(C1CCCCC1)C2=O,tensor([6.4100])
Cc1cn(-c2ccc(Cl)cc2Cl)c2c1C(=O)N(C1CCCCC1)CC2,tensor([6.6200])
C=Cc1ccc(-c2c(C)c3c(n2-c2ccc(Cl)cc2Cl)CCN(C2CCCCC2)C3=O)cc1,tensor([8.0100])
Cc1c2c(n(-c3ccc(Cl)cc3Cl)c1-c1ccc(Cl)cc1)CCN(N1CCCCC1)C2=O,tensor([8.6600])
COc1ccc(-c2c(C)c3c(n2-c2ccccc2C)CCN(N2CCCCC2)C3=O)cc1,tensor([7.1300])
COc1ccc(-c2c(C)c3c(n2-c2ccccc2Cl)CCN(N2CCCCC2)C3=O)cc1,tensor([7.7000])
Cc1c2c(n(-c3ccccc3Cl)c1-c1ccc(Cl)cc1)CCN(N1CCCCC1)C2=O,tensor([8.4600])
Cc1c2c(n(-c3ccc(Cl)cc3Cl)c1-c1cccc(N)c1)CCN(C1CCCCC1)C2=O,tensor([6.3500])
COc1ccc(-c2c(C)c3c(n2-c2ccccc2Cl)CCN(C2CCCCC2)C3=O)cc1,tensor([8.1200])
Cc1c2c(n(-c3ccccc3Cl)c1-c1ccc(Cl)cc1)CCN(C1CCCCC1)C2=O,tensor([8.5500])
Cc1c2c(n(-c3c(Cl)cccc3Cl)c1-c1ccc(Cl)cc1)CCN(C1CCCCC1)C2=O,tensor([6.7000])
Cc1c2c(n(-c3ccc(Cl)cc3Cl)c1-c1ccc(F)cc1)CCN(C1CCCCC1)C2=O,tensor([8.2200])
Cc1c2c(n(-c3ccc(Cl)cc3Cl)c1-c1ccc(Cl)cc1)CCN(C1CCCCC1)C2=O,tensor([8.1200])
Cc1ccc(-c2c(C)c3c(n2-c2ccc(Cl)cc2Cl)CCN(C2CCCCC2)C3=O)cc1,tensor([8.])
COc1ccc(-c2c(C)c3c(n2-c2ccc(Cl)cc2Cl)CCN(C2CCCCC2)C3=O)cc1OC,tensor([8.2600])
CCCCCc1cc(O)cc(OCCCCCCCC(=O)NCCO)c1,tensor([6.8900])
CCCCCc1cc(O)cc(OCCCCCCCCCCCC(=O)NC2CC2)c1,tensor([6.1200])
CCCCCCc1c(O)cccc1OCCCCCCCCCCC(=O)NCCc1ccc(O)c(O)c1,tensor([5.6800])
CCCCCc1cc(O)cc(OCCCCCCCC(=O)NC2CC2)c1,tensor([7.8000])
CCCCCc1ccc(OCCCCCCCCCCC(=O)NC2CC2)cc1O,tensor([8.2800])
CCCCCCc1c(O)cccc1OCCCCCCCC(=O)NC1CC1,tensor([6.5100])
CCCCCc1cc(O)cc(OCCCCCCCCCCCC(=O)NCCO)c1,tensor([7.2200])
CCCCCCc1c(O)cccc1OCCCCCCCC(=O)NCCO,tensor([6.5800])
CCCCCc1cc(O)cc(OCCCCCCCCCCC(=O)NCC2CC2)c1,tensor([6.2900])
CCCCCCc1c(O)cccc1OCCCCCCCCCCCC(=O)NC1CC1,tensor([7.8900])
CCCCCc1cc(O)cc(OCCCCCCCCCCC(=O)NCCc2ccc(O)c(O)c2)c1,tensor([6.2500])
CCCCCCc1c(O)cccc1OCCCCCCCCCCC(=O)NCc1ccc(OC)c(O)c1,tensor([5.5500])
CCCCCCc1c(O)cccc1OCCCCCCCCCCC(=O)NCC1CC1,tensor([6.1200])
CCCCCCc1ccc(OCCCCCCCC(=O)NC2CC2)cc1O,tensor([7.2500])
CCCCCc1cc(O)cc(OCCCCCCCCCCC(=O)NCc2ccc(OC)c(O)c2)c1,tensor([5.6800])
CCCCCCc1ccc(OCCCCCCCC(=O)NCCO)cc1O,tensor([6.7200])
CCCCCCc1c(O)cccc1OCCCCCCCCCCCC(=O)NCCO,tensor([6.7700])
O=C(CCCCCCCCCCCCCCCOc1cccc(O)c1)Nc1ccc(O)cc1,tensor([5.3000])
CCCCCc1cc(O)cc(OCCCCCCCCCCC(=O)NC2CC2)c1,tensor([8.2800])
CCCCCCc1ccc(OCCCCCC(=O)NC2CC2)cc1O,tensor([6.7500])
CCCCCc1cc(O)cc(OCCCCCCCCCCCCCCCC(=O)NCCO)c1,tensor([4.9000])
CCCCCCc1ccc(O)cc1OCCCCCCCCCCCCCCCC(=O)Nc1ccc(O)cc1,tensor([5.5200])
CCCCCc1cc(O)cc(OCCCCCCCCCCC(=O)Nc2ccc(O)cc2)c1,tensor([5.5200])
CCCCCCc1ccc(O)cc1OCCCCCCCCCCC(=O)Nc1ccc(O)cc1,tensor([5.4800])
CCCCCCc1ccc(O)cc1OCCCCCCCCCCC(=O)NCCO,tensor([5.9500])
O=C(CCCCCCCCCCCCCCCOc1cccc(O)c1)NC1CC1,tensor([5.3700])
CCCCCCc1ccc(O)cc1OCCCCCCCCCCCCCCCC(=O)NC1CC1,tensor([5.2600])
CCCCCc1cc(O)cc(OCCCCCC(=O)NC2CC2)c1,tensor([5.8900])
CCCCCc1cc(O)cc(OCCCCCCCCCCC(=O)NCCO)c1,tensor([6.1000])
O=C(Nc1ccc(Br)cc1)NC(c1ccc(I)cc1)c1ccc(I)cc1,tensor([6.1200])
S=C(Nc1ccc(Cl)cc1)NC(c1ccc(Cl)cc1)c1ccc(Cl)cc1,tensor([5.7200])
O=C(Nc1ccc(Br)cc1)NC(c1ccc(Br)cc1)c1ccc(Br)cc1,tensor([6.3000])
S=C(Nc1ccccc1)NC(c1ccc(Br)cc1)c1ccc(Br)cc1,tensor([5.7500])
O=C1N(c2ccc(Cl)cc2)C(=S)NC1(c1ccc(Br)cc1)c1ccc(Br)cc1,tensor([5.5600])
O=C(Nc1ccc(Cl)cc1)NC(c1ccc(Br)cc1)c1ccc(Br)cc1,tensor([6.1900])
S=C(Nc1ccc(Cl)cc1)NC(c1ccc(Br)cc1)c1ccc(Br)cc1,tensor([5.8200])
O=C(Nc1ccccc1)NC(c1ccc(Br)cc1)c1ccc(Br)cc1,tensor([5.5400])
S=C(Nc1ccccc1)NC(c1ccc(Cl)cc1)c1ccc(Cl)cc1,tensor([5.5400])
O=C(Nc1ccccc1)NC(c1ccc(Cl)cc1)c1ccc(Cl)cc1,tensor([5.1500])
O=C(Nc1ccc(Cl)cc1)NC(c1ccc(Cl)cc1)c1ccc(Cl)cc1,tensor([5.9600])
O=C1N(c2ccccc2)C(=S)NC1(c1ccc(Br)cc1)c1ccc(Br)cc1,tensor([5.4600])
CC(CO)NC(=O)CCCC=CCC=CCCOc1cccc(C(C)(C)CCCC#N)c1,tensor([8.2600])
CCCCCCC(C)(C)c1ccc(OCCC=CCC=CCCCC(=O)NC(C)CO)cc1,tensor([6.7100])
CC(CO)NC(=O)CCCC=CCC=CCCOc1cccc(C(C)(C)CCCCN=[N+]=[N-])c1,tensor([8.5600])
CCCCCCC(C)(C)c1cccc(OCCC=CCC=CCC=CCCCC(=O)NC(C)CO)c1,tensor([6.8800])
CCCCCCC(C)(C)c1ccccc1C=CCC=CCC=CCCCC(=O)NC(C)CO,tensor([7.0600])
CCCCCCC(C)(C)c1cccc(OCCC=CCC=CCCCC(=O)NC(C)CO)c1,tensor([8.0700])
CC(CO)NC(=O)CCCC=CCC=CCCOc1cccc(C(C)(C)CCCCBr)c1,tensor([8.0500])
CC(CO)NC(=O)CCCC=CCC=CCCOc1cccc(C(C)(C)CCCCO)c1,tensor([7.1000])
CC1CCN(C(=O)c2ccc3c(c2)c2c(n3S(=O)(=O)c3ccccc3)CN(C3CCCC3)C2)CC1,tensor([6.5900])
CCS(=O)(=O)n1c2c(c3cc(C(=O)N4CCC(C)CC4)ccc31)CN(Cc1ccccc1)C2,tensor([5.8900])
CCS(=O)(=O)n1c2c(c3cc(C(=O)N4CCC(C)CC4)ccc31)CN(C1CCCCO1)C2,tensor([5.2100])
CC1CCN(C(=O)c2ccc3c(c2)c2c(n3S(C)(=O)=O)CN(C3CCCC3)C2)CC1,tensor([6.5500])
C=CCN1Cc2c(n(S(=O)(=O)CC)c3ccc(C(=O)N4CCC(C)CC4)cc23)C1,tensor([6.5800])
CC1CCN(C(=O)c2ccc3c(c2)c2c(n3S(=O)(=O)C(C)C)CN(C3CCCC3)C2)CC1,tensor([6.8200])
CCS(=O)(=O)n1c2c(c3cc(C(=O)N4CCC(C)CC4)ccc31)CN(C(C)C)C2,tensor([6.3800])
CCCS(=O)(=O)n1c2c(c3cc(C(=O)N4CCC(C)CC4)ccc31)CN(C1CCCC1)C2,tensor([6.7100])
CCS(=O)(=O)n1c2c(c3cc(C(=O)N(C)C(C)C)ccc31)CN(C1CCCC1)C2,tensor([5.1400])
CCS(=O)(=O)n1c2c(c3cc(C(=O)N4CCC(C)CC4)ccc31)CN(C1CCOCC1)C2,tensor([5.5200])
CCS(=O)(=O)n1c2c(c3cc(C(=O)N4CCC(C)CC4)ccc31)CN(CC1CC1)C2,tensor([6.7500])
CCS(=O)(=O)n1c2c(c3cc(C(=O)N4CCC(F)CC4)ccc31)CN(C1CCCC1)C2,tensor([5.5400])
CCS(=O)(=O)n1c2c(c3cc(C(=O)N4CCC(OC)CC4)ccc31)CN(C1CCCC1)C2,tensor([5.6700])
CC1CCN(C(=O)c2ccc3c(c2)c2c(n3Cc3ccccc3)CN(C3CCCC3)C2)CC1,tensor([6.1800])
CCCCCc1cc(O)c2c(c1)CC(C)(C)C1CCC(C)=CC21,tensor([7.7000])
CC(=O)n1c2c(c3cc(C(=O)N4CCC(C)CC4)ccc31)CN(C1CCCC1)C2,tensor([5.6300])
CCS(=O)(=O)n1c2c(c3cc(C(=O)N4CCCCC4)ccc31)CN(C1CCCC1)C2,tensor([6.0900])
C=CCn1c2c(c3cc(C(=O)N4CCC(C)CC4)ccc31)CN(C1CCCC1)C2,tensor([6.1600])
CCCCN(C)C(=O)c1ccc2c(c1)c1c(n2S(=O)(=O)CC)CN(C2CCCC2)C1,tensor([6.1100])
CC1CCN(C(=O)c2ccc3c(c2)c2c(n3S(=O)(=O)C3CC3)CN(C3CCCC3)C2)CC1,tensor([6.8600])
CCCN1Cc2c(n(S(=O)(=O)CC)c3ccc(C(=O)N4CCC(C)CC4)cc23)C1,tensor([6.2200])
CC1CCN(C(=O)c2ccc3c(c2)c2c(n3C)CN(C3CCCC3)C2)CC1,tensor([5.7400])
CCS(=O)(=O)n1c2c(c3cc(C(=O)N4CCC(C)CC4)ccc31)CN(CCC1CCCCC1)C2,tensor([5.5600])
CCS(=O)(=O)n1c2c(c3cc(C(=O)N4CCC(C)CC4)ccc31)CN(C1CCOC1)C2,tensor([6.0100])
CCS(=O)(=O)n1c2c(c3cc(C(=O)N4CCC(C)CC4)ccc31)CN(C1CCCC1)C2,tensor([7.1800])
CCS(=O)(=O)n1c2c(c3cc(C(=O)N4CCC(C)CC4)ccc31)CN(CC1CCCCC1)C2,tensor([6.4700])
CCCCN1Cc2c(n(S(=O)(=O)CC)c3ccc(C(=O)N4CCC(C)CC4)cc23)C1,tensor([6.4700])
Cc1ccc(C(=O)Oc2cccc3cccnc23)cc1S(=O)(=O)N1CCCCC1,tensor([8.5200])
O=C(NCc1cccnc1)c1ccc(Br)c(S(=O)(=O)N2CCCCC2)c1,tensor([5.7500])
CC12CCC(C1)C(C)(C)C2NC(=O)c1ccc(Br)c(S(=O)(=O)N2CCCCC2)c1,tensor([7.0300])
Cc1ccc(C(=O)NC2C3CC4CC(C3)CC2C4)cc1S(=O)(=O)N1CCOCC1,tensor([7.4800])
COc1cccc(CNC(=O)c2ccc(Br)c(S(=O)(=O)N3CCCCC3)c2)c1,tensor([5.8500])
Cc1ccc(C(=O)NC2CC3CCC2(C)C3(C)C)cc1S(=O)(=O)N1CCOCC1,tensor([7.3000])
Cc1ccc(C(=O)NC(C)C(C)(C)C)cc1S(=O)(=O)N1CCOCC1,tensor([5.8900])
CC(C)(C)CNC(=O)c1ccc(Br)c(S(=O)(=O)N2CCOCC2)c1,tensor([5.8900])
Cc1ccc(C(=O)NC2C3(C)CCC(C3)C2(C)C)cc1S(=O)(=O)N1CCOCC1,tensor([6.8900])
CC(C)(C)CNC(=O)c1ccc(Br)c(S(=O)(=O)N2CCCCC2)c1,tensor([5.8900])
Cc1ccc(C(=O)NC(C(C)(C)C)C(C)(C)C)cc1S(=O)(=O)N1CCOCC1,tensor([6.5100])
O=C(NCc1ccccc1)c1ccc(Br)c(S(=O)(=O)N2CCCCC2)c1,tensor([5.9600])
Cc1ccc(C(=O)NCC23CC4CC(CC(C4)C2)C3)cc1S(=O)(=O)N1CCOCC1,tensor([7.0400])
CC(C)(C)CNC(=O)c1ccc(Br)c(S(=O)(=O)N2CCCC2)c1,tensor([5.7000])
Cc1ccc(C(=O)NC23CC4CC(CC(C4)C2)C3)cc1S(=O)(=O)N1CCOCC1,tensor([6.5800])
Cc1ccc(C(=O)NC2C(C)CCCC2C)cc1S(=O)(=O)N1CCOCC1,tensor([6.3300])
CC1(C)C(C(=O)c2cn(CC3CCOCC3)c3cc4c(cc23)OCO4)C1(C)C,tensor([7.5500])
CN1CCCCC1Cn1cc(C(=O)c2cc([N+](=O)[O-])ccc2I)c2ccccc21,tensor([5.9000])
CC1(C)C(C(=O)c2cn(CC3CCOCC3)c3cc(C(F)(F)F)ccc23)C1(C)C,tensor([7.1600])
Cc1ccc2c(C(=O)C3C(C)(C)C3(C)C)cn(CC3CCOCC3)c2c1,tensor([7.5600])
CC1(C)C(C(=O)c2cn(CC3CCOCC3)c3c(F)c(F)c(F)c(F)c23)C1(C)C,tensor([7.1800])
CC1(C)C(C(=O)c2cn(CC3CCOCC3)c3ccc(F)cc23)C1(C)C,tensor([5.9200])
CC1(C)C(C(=O)c2cn(CC3CCOCC3)c3ccc(C#N)cc23)C1(C)C,tensor([5.4800])
CC1(C)C(C(=O)c2cn(CC3CCOCC3)c3ccc(Cl)cc23)C1(C)C,tensor([6.3000])
COc1ccc2c(C(=O)C3C(C)(C)C3(C)C)cn(CCN3CCOCC3)c2c1,tensor([5.8900])
CC1(C)C(C(=O)c2cn(CC3CCOCC3)c3cc(Br)ccc23)C1(C)C,tensor([7.8900])
CC1(C)C(C(=O)c2cn(CC3CCOCC3)c3cc(S(C)(=O)=O)ccc23)C1(C)C,tensor([5.9000])
COc1cc2c(cc1OCc1ccccc1)c(C(=O)C1C(C)(C)C1(C)C)cn2CC1CCOCC1,tensor([5.5500])
CC1(C)C(C(=O)c2cn(CC3CCOCC3)c3cc(Cl)ccc23)C1(C)C,tensor([7.8600])
COc1cccc2c1c(C(=O)C1C(C)(C)C1(C)C)cn2CC1CCOCC1,tensor([5.9600])
COc1cc2c(cc1O)c(C(=O)C1C(C)(C)C1(C)C)cn2CC1CCOCC1,tensor([6.1100])
CC1(C)C(C(=O)c2cn(CC3CCOCC3)c3cc(-c4ccccc4)ccc23)C1(C)C,tensor([6.6400])
COCc1ccc2c(c1)c(C(=O)C1C(C)(C)C1(C)C)cn2CC1CCOCC1,tensor([5.7700])
CC1(C)C(C(=O)c2cn(CC3CCOCC3)c3cc(OCc4ccccc4)ccc23)C1(C)C,tensor([7.4800])
COC(=O)c1ccc2c(C(=O)C3C(C)(C)C3(C)C)cn(CC3CCOCC3)c2c1,tensor([7.6000])
COc1ccc2c(c1)c(C(=O)C1C(C)(C)C1(C)C)cn2CC1CCOCC1,tensor([6.5500])
CC1(C)C(C(=O)c2cn(CCN3CCOCC3)c3cc(OCc4ccccc4)ccc23)C1(C)C,tensor([6.0100])
CC1(C)C(C(=O)c2cn(CC3CCOCC3)c3ccc(OCc4ccccc4)cc23)C1(C)C,tensor([6.6200])
CC1(C)C(C(=O)c2cn(CC3CCOCC3)c3cc(C#N)ccc23)C1(C)C,tensor([7.5100])
CC1(C)C(C(=O)c2cn(CC3CCOCC3)c3ccc(-c4ccccc4)cc23)C1(C)C,tensor([5.7300])
CC1(C)C(C(=O)c2cn(CC3CCOCC3)c3ccc(O)cc23)C1(C)C,tensor([6.6900])
CC1(C)C(C(=O)c2cn(CC3CCOCC3)c3ccc(Br)cc23)C1(C)C,tensor([5.7200])
COc1ccc2c(C(=O)C3C(C)(C)C3(C)C)cn(CC3CCOCC3)c2c1,tensor([7.4000])
CC1(C)C(C(=O)c2cn(CC3CCOCC3)c3c(O)cccc23)C1(C)C,tensor([6.6100])
CC1(C)C(C(=O)c2cn(CCN3CCOCC3)c3cccc(NS(C)(=O)=O)c23)C1(C)C,tensor([5.3900])
CC1(C)C(C(=O)c2cn(CC3CCOCC3)c3cc(O)c(O)cc23)C1(C)C,tensor([6.4000])
CC1(C)C(C(=O)c2cn(CC3CCOCC3)c3cccc(O)c23)C1(C)C,tensor([6.4100])
CC1(C)C(C(=O)c2cn(CC3CCOCC3)c3c(OCc4ccccc4)cccc23)C1(C)C,tensor([5.9600])
CC1(C)C(C(=O)c2cn(CCN3CCOCC3)c3ccccc23)C1(C)C,tensor([6.0700])
COc1cccc2c(C(=O)C3C(C)(C)C3(C)C)cn(CC3CCOCC3)c12,tensor([7.3500])
O=S(=O)(c1cc2c(cc1F)OC(c1ccc(F)cc1)(c1ccc(Cl)cc1Cl)O2)N1CCOCC1,tensor([8.0500])
O=C(c1cc2c(cc1F)OC(c1ccc(F)cc1F)(c1ccc(F)cc1F)O2)N1CCOCC1,tensor([8.1500])
O=S(=O)(c1cc2c(cc1F)OC(c1ccc(F)cc1F)(c1ccc(F)cc1F)O2)N1CCOCC1,tensor([7.6000])
O=C(c1cc2c(cn1)OC(c1ccccc1)(c1ccccc1)O2)N1CCCCC1,tensor([7.8900])
N#Cc1cc2c(cc1C(=O)N1CCOCC1)OC(c1ccccc1)(c1ccccc1)O2,tensor([6.5600])
O=C(c1cc2c(cc1Br)OC(c1ccccc1)(c1ccccc1)O2)N1CCOCC1,tensor([6.0600])
O=C(c1cc2c(cc1F)OC(c1ccc(F)cc1F)(c1ccc(F)cc1F)O2)N1CCC(F)(F)CC1,tensor([8.2200])
O=C(c1cc2c(cc1F)OC(c1ccc(F)cc1)(c1ccc(F)cc1)O2)N1CCOCC1,tensor([7.7500])
O=C(c1cc2c(cc1F)OC(c1ccccc1)(c1ccccc1)O2)N1CCOCC1,tensor([7.8200])
Cc1cc2c(cc1C(=O)N1CCOCC1)OC(c1ccccc1)(c1ccccc1)O2,tensor([6.2900])
O=S(=O)(c1ccc2c(c1)OC(c1ccccc1)(c1ccccc1)O2)N1CC=C(c2ccc(F)cc2)CC1,tensor([7.8900])
O=C(c1cc2c(cc1F)OC(c1ccc(F)cc1)(c1ccc(Cl)cc1Cl)O2)N1CCCCC1,tensor([8.4000])
O=C(c1ccc2c(c1)OC(c1ccc(F)cc1)(c1ccc(Cl)cc1Cl)O2)N1CCOCC1,tensor([7.5200])
CCCCCn1cc(C(=O)c2ccc3ccccc3c2)c2ccc(S(C)(=O)=O)cc21,tensor([6.9600])
O=C(c1cc2c(cc1F)OC(c1ccccc1F)(c1ccc(Cl)cc1Cl)O2)N1CCOCC1,tensor([8.4000])
O=C(c1cc2c(cc1F)OC(c1ccc(F)cc1F)(c1ccc(F)cc1F)O2)N1CCCCC1,tensor([9.])
COc1ccc(C2(c3ccc(Cl)cc3Cl)Oc3cc(F)c(C(=O)N4CCCCC4)cc3O2)cc1,tensor([8.7000])
O=C(CC(c1ccccc1)c1ccccc1)N1CC=C(c2ccc(Cl)cc2)CC1,tensor([5.8200])
O=S(=O)(c1ccc2c(c1)OC(c1ccccc1)(c1ccccc1)O2)N1CCCCC1,tensor([7.4200])
O=C(c1cc2c(cc1Cl)OC(c1ccccc1)(c1ccccc1)O2)N1CCOCC1,tensor([6.6700])
O=C(c1cc2c(cc1F)OC(c1ccc(F)cc1)(c1ccc(Cl)cc1Cl)O2)N1CCOCC1,tensor([8.4800])
O=C(c1ccc2c(c1)OC(c1ccccc1)(c1ccccc1)O2)N1CCOCC1,tensor([7.3000])
O=C(c1ccc2c(c1)OC(c1ccccc1)(c1ccccc1)O2)N1CCCCC1,tensor([7.5500])
O=S(=O)(c1cc2c(cc1F)OC(c1ccc(F)cc1F)(c1ccc(F)cc1F)O2)N1CCC(F)(F)CC1,tensor([8.5200])
COC1CCCN1C(=O)c1cc2c(cc1F)OC(c1ccc(F)cc1F)(c1ccc(F)cc1F)O2,tensor([7.3400])
Cc1c(C(=O)NCc2ccc(Cl)c(Cl)c2)nn(-c2ccc(Cl)c(Cl)c2)c1-n1c(C)ccc1C,tensor([6.5500])
Cc1c(C(=O)NC2CCCCC2)nn(-c2ccc(Cl)cc2Cl)c1-n1c(C)ccc1C,tensor([7.3800])
Cc1nn(-c2ccc(Cl)cc2)c(-n2cccc2)c1C(=O)NCc1ccc(Cl)c(Cl)c1,tensor([5.5500])
Cc1c(C(=O)NC2CCCCC2)nn(-c2ccc(Cl)cc2Cl)c1-n1cccc1,tensor([7.2500])
Cc1c(C(=O)NCC2CCCCC2)nn(-c2ccc(Cl)cc2)c1-n1cccc1,tensor([6.9600])
Cc1c(C(=O)NCc2ccc(Cl)c(Cl)c2)nn(-c2ccc(F)cc2F)c1-n1cccc1,tensor([5.5500])
Cc1c(C(=O)NC2CCCCC2)nn(-c2ccc(F)cc2F)c1-n1cccc1,tensor([5.8000])
Cc1c(C(=O)NN2CCCCC2)nn(-c2ccc(F)cc2F)c1-n1c(C)ccc1C,tensor([5.8000])
Cc1c(C(=O)NN2CCCCC2)nn(-c2ccc(F)cc2F)c1-n1cccc1,tensor([5.5500])
Cc1c(C(=O)NN2CCCCC2)nn(-c2ccc(Cl)cc2Cl)c1-n1c(C)ccc1C,tensor([7.4200])
Cc1c(C(=O)NC2CCCCC2)nn(-c2ccc(F)cc2F)c1-n1c(C)ccc1C,tensor([7.4600])
Cc1c(C(=O)NCc2ccc(Cl)c(Cl)c2)nn(-c2ccc(Cl)cc2Cl)c1-n1cccc1,tensor([7.4300])
Cc1c(C(=O)NCc2ccc(Cl)c(Cl)c2)nn(-c2ccc(Cl)c(Cl)c2)c1-n1cccc1,tensor([7.4600])
Cc1c(C(=O)NN2CCCCC2)nn(-c2ccc(Cl)cc2Cl)c1-n1cccc1,tensor([5.7300])
N#Cc1c(C(=O)NN2CCCCC2)nn(-c2ccc(Cl)cc2)c1-n1cccc1,tensor([5.5500])
Cc1c(C(=O)NN2CCCCC2)nn(-c2c(Cl)cc(Cl)cc2Cl)c1-n1cccc1,tensor([5.7500])
Cc1c(C(=O)NCc2ccc(Cl)c(Cl)c2)nn(-c2ccc(F)cc2F)c1-n1c(C)ccc1C,tensor([7.4600])
Cc1c(C(=O)NC2CCCCC2)nn(-c2ccc(Cl)c(Cl)c2)c1-n1c(C)ccc1C,tensor([7.8500])
Cc1c(C(=O)NN2CCCCC2)nn(-c2c(Cl)cc(Cl)cc2Cl)c1-n1c(C)ccc1C,tensor([6.9600])
Cc1c(C(=O)NC2CCCCC2)nn(-c2ccc(Cl)c(Cl)c2)c1-n1cccc1,tensor([8.2500])
Cc1c(C(=O)NN2CCCCC2)nn(-c2ccc(Cl)cc2)c1-n1cccc1,tensor([6.9600])
O=C(NN1CCCCC1)c1cc(-n2cccc2)n(-c2ccc(Cl)cc2)n1,tensor([5.5500])
Cc1c(C(=O)NC2CCCCC2)nn(-c2c(Cl)cc(Cl)cc2Cl)c1-n1c(C)ccc1C,tensor([7.5500])
Cc1c(C(=O)NN2CCCCC2)nn(-c2ccc(Cl)c(Cl)c2)c1-n1cccc1,tensor([7.5200])
Cc1c(C(=O)NN2CCCCC2)nn(-c2ccc(Cl)c(Cl)c2)c1-n1c(C)ccc1C,tensor([7.5500])
N#Cc1c(C(=O)NCc2ccc(Cl)c(Cl)c2)nn(-c2ccccc2)c1-n1cccc1,tensor([6.5500])
Cc1c(C(=O)NCc2ccc(Cl)c(Cl)c2)nn(-c2c(Cl)cc(Cl)cc2Cl)c1-n1cccc1,tensor([6.5500])
O=C(NC1CCCCC1)c1cc(-n2cccc2)n(-c2ccc(Cl)cc2)n1,tensor([6.5500])
O=C1C(CCC(O)c2ccc(F)cc2)C(c2ccc(O)cc2)N1c1ccc(F)cc1,tensor([6.5200])
COc1ccc(C2C(CCCc3cccnc3)C(=O)N2c2ccccc2)cc1,tensor([6.6100])
COc1ccc(C2C(CCS(=O)(=O)c3ccccc3)C(=O)N2c2ccccc2)cc1,tensor([6.3400])
CC(=O)SC(CCc1ccccc1)C1C(=O)N(c2ccc(F)cc2)C1c1ccc(O)cc1,tensor([7.2800])
COc1ccc(C2C(Cc3cc4ccccc4o3)C(=O)N2c2ccccc2)cc1,tensor([6.0800])
CC(C)Cn1nnc(Cc2ccc(-c3ccccc3)cc2)n1,tensor([5.8000])
O=C(NC1CCCCCC1)c1cn(Cc2ccccc2)c2ccccc2c1=O,tensor([7.7700])
CCCCCC=CCC=CCC=CCC=CCCCC(=O)NCCCl,tensor([8.2800])
O=C(NC1CCCCCC1)c1cn(CCN2CCOCC2)c2ccccc2c1=O,tensor([6.5400])
COc1ccc2c(=O)c(C(=O)NC3CCCCC3)cn(Cc3ccccc3)c2n1,tensor([6.2500])
COc1ccc2c(=O)c(C(=O)NC3CCCCC3)cn(CCN3CCOCC3)c2c1,tensor([5.5400])
COc1ccc(C(=O)c2c(C)n(CCN3CCOCC3)c3cc(I)ccc23)cc1,tensor([6.0800])
O=c1c2cn(CCN3CCOCC3)c3ccccc3c-2nn1-c1ccccc1,tensor([5.5500])
COc1ccc2c(=O)c(C(=O)NC3CCCCC3)cn(Cc3ccccc3)c2c1,tensor([6.7700])
O=c1c2cn(Cc3ccccc3)c3ccccc3c-2nn1C1CCCCC1,tensor([6.2100])
Nc1ccc2c(=O)cc(C(=O)NC3CCCCC3)n(Cc3ccccc3)c2n1,tensor([5.2500])
O=c1c2cn(Cc3ccccc3)c3cc(Cl)ccc3c-2nn1C1CCCCC1,tensor([6.2500])
CSC(=S)N1CC2(CCCCC2)COC1=Nc1cccc2ccccc12,tensor([8.0300])
CSC(=O)N1CC2(CCCCC2)CSC1=Nc1cccc2ccccc12,tensor([7.3100])
CSC(=S)N1CC2(CCCCC2)COC1=Nc1cc(C(C)(C)C)on1,tensor([7.7700])
COc1ccccc1N=C1OCC2(CCCCC2)CN1C(=S)SC,tensor([7.2300])
CSC(=S)N1CC2(CCCCC2)COC1=Nc1cccc2nonc12,tensor([6.8200])
CSC(=O)N1CC2(CCCCC2)COC1=Nc1cccc2ccccc12,tensor([7.5100])
CSC(=S)N1CC2(CCCCC2)COC1=Nc1cccc2c1CCCC2,tensor([7.8500])
CSC(=S)N1CC2(CCCCC2)COC1=Nc1ccc(F)c2ccccc12,tensor([8.3100])
CSC(=S)N1CC2(CCCCC2)COC1=Nc1ccc(Cl)c2c1CCCC2,tensor([7.1200])
CSC(=S)N1CC2(CCCCC2)COC1=Nc1ccc([N+](=O)[O-])c2ccccc12,tensor([7.8500])
CSC(=S)N1CC2(CCCCC2)COC1=Nc1cc(C(C)(C)C)no1,tensor([9.0500])
CSC(=S)N1CC2(CCCCC2)COC1=Nc1ccc(Cl)c2ccccc12,tensor([8.4700])
CSC(=S)N1CC2(CCCCC2)COC1=Nc1ccc(C#N)c2c1CCCC2,tensor([7.])
CCC(CC)(CC)c1cc(N=C2OCC3(CCCCC3)CN2C(=S)SC)on1,tensor([9.])
CSC(=O)N1CC2(CCCCC2)CNC1=Nc1cccc2ccccc12,tensor([6.2100])
CSC(=S)N1CC2(CCCCC2)COC1=Nc1ccccc1,tensor([6.2900])
CSC(=S)N1CC2(CCCCC2)COC1=Nc1ccc(N(C)C)c2ccccc12,tensor([8.3100])
Cc1c(C(=O)N(C)Cc2ccccc2)oc2ccc(S(=O)(=O)N3CC(C)CC(C)C3)cc12,tensor([7.2300])
CCCCNC(=O)c1oc2ccc(S(=O)(=O)N3CC(C)CC(C)C3)cc2c1C,tensor([7.0300])
Cc1ccc(CNC(=O)c2oc3ccc(S(=O)(=O)N4CC(C)CC(C)C4)cc3c2C)cc1,tensor([7.1000])
Cc1c(C(=O)N(C)CCc2ccccc2)oc2ccc(S(=O)(=O)N3CC(C)CC(C)C3)cc12,tensor([6.7600])
Cc1c(C(=O)NC2CCCCC2)oc2ccc(S(=O)(=O)N3CC(C)CC(C)C3)cc12,tensor([6.9700])
Cc1c(C(=O)NCc2ccccc2)oc2ccc(S(=O)(=O)N3CC(C)CC(C)C3)cc12,tensor([7.1100])
Cc1c(C(=O)NCc2ccc(F)cc2)oc2ccc(S(=O)(=O)N3CC(C)CC(C)C3)cc12,tensor([7.2100])
Cc1c(C(=O)NC2CCCC2)oc2ccc(S(=O)(=O)N3CC(C)CC(C)C3)cc12,tensor([7.0500])
Cc1c(C(=O)NCCc2ccccc2)oc2ccc(S(=O)(=O)N3CC(C)CC(C)C3)cc12,tensor([6.7000])
Cc1c(C(=O)NCc2ccccc2Cl)oc2ccc(S(=O)(=O)N3CC(C)CC(C)C3)cc12,tensor([7.2400])
COc1ccccc1CNC(=O)c1oc2ccc(S(=O)(=O)N3CC(C)CC(C)C3)cc2c1C,tensor([7.2400])
CCN(Cc1ccccc1)C(=O)c1oc2ccc(S(=O)(=O)N3CC(C)CC(C)C3)cc2c1C,tensor([7.0400])
CCOc1ccccc1CNC(=O)c1oc2ccc(S(=O)(=O)N3CC(C)CC(C)C3)cc2c1C,tensor([7.0100])
CCN(CC)C(=O)c1ccc2c(c1)nc(Cc1ccc(Oc3ccccc3)cc1)n2CCC(C)C,tensor([5.6200])
CCN(CC)C(=O)c1ccc2c(c1)nc(Cc1ccc(OCC3CC3)cc1)n2CCC(C)C,tensor([5.3800])
CCOc1ccc(Cc2nc3cc(C(=O)N(CC)CC)ccc3n2CC2CCOCC2)cc1,tensor([5.9200])
CCOc1ccc(Cc2nc3cc(C(=O)N(CC)CC)ccc3n2CC2CCCCN2C)cc1,tensor([5.3700])
CCOc1ccc(Cc2nc3cc(N(C)C(=O)c4cccs4)ccc3n2CC2CC2)cc1,tensor([5.6100])
CCCN(CCC)C(=O)c1ccc2c(c1)nc(Cc1ccc(OCC)cc1)n2CC1CC1,tensor([5.5800])
CCOc1ccc(Cc2nc3cc(C(=O)N(CC)CC)ccc3n2CC23CC4CC(CC(C4)C2)C3)cc1,tensor([6.3900])
CCOc1ccc(Cc2nc3cc(C(=O)N(CC)CC)ccc3n2CC2CCC2)cc1,tensor([5.5100])
CCOc1ccc(Cc2nc3cc(N(C)C(=O)N4CCCCC4)ccc3n2CC2CC2)cc1,tensor([5.4600])
CCOc1ccc(Cc2nc3cc(C(=O)N(CC)CC)ccc3n2CC2CCCC2)cc1,tensor([6.3100])
CCOc1ccc(Cc2nc3cc(C(=O)N(CC(F)(F)F)CC(F)(F)F)ccc3n2CC2CC2)cc1,tensor([5.3400])
CCN(CC)C(=O)c1ccc2c(c1)nc(Cc1ccc(OC(C)C)cc1)n2CCC(C)C,tensor([5.3300])
CCNC1(C(N)=O)CCN(c2cnc(-c3ccc(Cl)cc3)c(-c3ccnc(Cl)c3)n2)CC1,tensor([9.1700])
CC(=O)NC1CCN(c2cnc(-c3ccc(C(F)(F)F)cc3)c(-c3ccncc3Cl)n2)CC1,tensor([8.7100])
CC(C)C(=O)NC1CCN(c2cnc(-c3ccc(C(F)(F)F)cc3)c(-c3ccncc3Cl)n2)CC1,tensor([9.6200])
CCNC1(C(N)=O)CCN(c2cnc(-c3ccc(OCC)cc3)c(-c3ccc(OCC)cc3)n2)CC1,tensor([8.5500])
CCNC1(C(N)=O)CCN(c2cnc(-c3ccc(OCC)cc3)c(-c3ccccc3Cl)n2)CC1,tensor([7.8300])
CCNC1(C(N)=O)CCN(c2cnc(-c3ccc(Cl)cc3)c(-c3ccccc3Cl)n2)CC1,tensor([8.7800])
CCNC1(C(N)=O)CCN(c2cnc(-c3ccc(Cl)cc3)c(-c3ccc(Cl)cc3Cl)n2)CC1,tensor([9.0400])
CCC(=O)NC1CCN(c2cnc(-c3ccc(C(F)(F)F)cc3)c(-c3ccncc3Cl)n2)CC1,tensor([9.1000])
CCNC1(C(N)=O)CCN(c2cnc(-c3ccc(Cl)cc3)c(-c3ccncc3)n2)CC1,tensor([8.0100])
O=S1(=O)CCN(c2cnc(-c3ccc(C(F)(F)F)cc3)c(-c3ccncc3Cl)n2)CC1,tensor([9.0800])
CCNC1(C(N)=O)CCN(c2cnc(-c3ccc(Cl)cc3)c(-c3ccc(C#N)cc3)n2)CC1,tensor([7.4900])
CCNC1(C(N)=O)CCN(c2cnc(-c3ccc(F)cc3)c(-c3ccc(Cl)cc3Cl)n2)CC1,tensor([8.7600])
O=C(NN1CCCCC1)c1nn(-c2ccc(Cl)cc2Cl)c2c1CCCc1cc(Cl)ccc1-2,tensor([7.7400])
Cc1cc(Cl)ccc1-c1c(C)c(C(=O)NN2CCCCC2)nn1-c1ccc(Cl)cc1Cl,tensor([7.7900])
Cc1c(C(=O)NN2CCCCC2)nn(-c2c(Cl)cc(Cl)cc2Cl)c1-c1ccc(Cl)cc1Cl,tensor([6.5800])
Cc1cc(Cl)cc(C)c1-c1c(C)c(C(=O)NN2CCCCC2)nn1-c1ccc(Cl)cc1Cl,tensor([6.7100])
Cc1cc(Cl)ccc1-c1c(C)c(C(=O)NN2CCCCC2)nn1-c1c(Cl)cc(Cl)cc1Cl,tensor([6.6000])
O=C(NN1CCCCC1)c1nn(-c2ccc(Cl)cc2Cl)c2c1CCCCc1cc(Cl)ccc1-2,tensor([7.3900])
Cc1c(C(=O)NN2CCCCC2)nn(-c2ccc(Cl)cc2Cl)c1-c1ccc(Cl)cc1Cl,tensor([7.4700])
CCCCCCC(C)(C)c1cc(O)cc(OCCCCCCCCCCCC(=O)NCCO)c1,tensor([6.1000])
CCCCCCC(C)(C)c1cc(O)cc(OCCCCCCCCCCCC(=O)NCC2CC2)c1,tensor([5.3000])
CC(C)CCOc1cc(O)cc(OCCCCCCCCCCC(=O)NC2CC2)c1,tensor([6.7000])
CC(C)CCOc1cc(O)cc(OCCCCCCCCCCC(=O)NCCO)c1,tensor([5.5400])
CCCCCCCOc1cc(O)cc(OCCCCCCCCCCC(=O)NC2CC2)c1,tensor([5.7000])
CCCCCCC(C)(C)c1cc(O)cc(OCCCCCCCCCCC(=O)NCC2CC2)c1,tensor([6.])
CCCCCCC(C)(C)c1cc(O)cc(OCCCCCCCCCCC(=O)NCc2ccc(O)c(OC)c2)c1,tensor([5.5500])
CCCCCCC(C)(C)c1cc(O)cc(OCCCCCCCCCCC(=O)NCCO)c1,tensor([6.5100])
CCCCCCC(C)(C)c1cc(O)cc(OCCCCCCCCCCC(=O)NCCc2ccc(O)c(O)c2)c1,tensor([5.4700])
CCCCCCC(C)(C)c1cc(O)cc(OCCCCCCCC(=O)NC2CC2)c1,tensor([8.3000])
CCCCOc1cc(O)cc(OCCCCCCCCCCC(=O)NC2CC2)c1,tensor([6.6000])
O=C(CCCCCCCCCCOc1cc(O)cc(O)c1)NC1CC1,tensor([5.])
CCCCOc1cc(O)cc(OCCCCCCCCCCC(=O)NCCO)c1,tensor([5.6200])
CCCCCCC(C)(C)c1cc(O)cc(OCCCCCCCC(=O)NCCO)c1,tensor([7.3000])
CC(C)CCOc1cc(O)cc(OCCCCCCCCCCC(=O)NCC2CC2)c1,tensor([5.6400])
O=C(CCCCCCCCCCOc1cc(O)cc(O)c1)NCCO,tensor([5.])
O=C(CCCCCCCCCCOc1cc(O)cc(O)c1)NCC1CC1,tensor([5.])
CCCCCCC(C)(C)c1cc(O)cc(OCCCCCCCCCCC(=O)NC2CC2)c1,tensor([7.7000])
CCCCCCC(C)(C)c1cc(O)cc(OCCCCCCCCCCCC(=O)NC2CC2)c1,tensor([6.8000])
CCCCCCC(C)(C)c1cc(O)cc(OCCCCCCCC(=O)NCC2CC2)c1,tensor([7.])
CN1CCN(NC(=O)c2cnn(-c3ccc(Cl)cc3Cl)c2-c2ccc(Br)cc2)CC1,tensor([5.5800])
O=C(NC1CC1)c1cnn(-c2ccc(Cl)cc2Cl)c1-c1ccc(I)cc1,tensor([6.6800])
CN1CCN(NC(=O)c2cnn(-c3ccc(Cl)cc3Cl)c2-c2ccc(Cl)cc2)CC1,tensor([4.8000])
O=C(NC1CCCCCC1)c1cnn(-c2ccc(Cl)cc2Cl)c1-c1ccc(I)cc1,tensor([5.9600])
O=C(NC1CCCCCC1)c1cnn(-c2ccc(Cl)cc2Cl)c1-c1ccc(Br)cc1,tensor([5.9600])
O=C(NC1CC1)c1cnn(-c2ccc(Cl)cc2Cl)c1-c1ccc(Br)cc1,tensor([6.])
O=C(NN1CCCCC1)c1cnn(-c2ccc(Cl)cc2Cl)c1-c1ccc(I)cc1,tensor([5.8900])
O=C(NC1CC1)c1cnn(-c2ccc(Cl)cc2Cl)c1-c1ccc(Cl)cc1,tensor([6.0700])
N#Cc1c(C(=O)NN2CCOCC2)nn(-c2ccc(Cl)cc2Cl)c1-c1ccc(I)cc1,tensor([6.8800])
N#Cc1c(C(=O)NN2CCCCC2)nn(-c2ccc(Cl)cc2Cl)c1-c1ccc(OCF)cc1,tensor([7.9900])
COc1ccc(-c2c(C#N)c(C(=O)NN3CCCC3)nn2-c2ccc(Cl)cc2Cl)cc1,tensor([8.7000])
N#Cc1c(C(=O)NN2CCCCC2)nn(-c2ccc(Cl)cc2Cl)c1-c1ccc(Cl)cc1,tensor([7.6200])
N#Cc1c(C(=O)NN2CCCCC2)nn(-c2ccc(Cl)cc2Cl)c1-c1ccc(I)cc1,tensor([7.4800])
COc1ccc(-c2c(C#N)c(C(=O)NN3CCCCC3)nn2-c2ccc(F)cc2Cl)cc1,tensor([7.8900])
COc1ccc(-c2c(C#N)c(C(=O)NN3CCCCC3)nn2-c2ccc(Cl)cc2Cl)cc1,tensor([7.9600])
COc1ccc(-c2c(C#N)c(C(=O)NN3CCCCC3)nn2-c2ccccc2Br)cc1,tensor([8.3300])
N#Cc1c(C(=O)NN2CCCCC2)nn(-c2ccc(Cl)cc2Cl)c1-c1ccc(Br)cc1,tensor([7.8500])
Cc1c(C(=O)NN2CCOCC2)nn(-c2ccc(Cl)cc2Cl)c1-c1ccc(I)cc1,tensor([6.3800])
COc1ccc(-c2c(C#N)c(C(=O)NN3CCCCC3)nn2-c2ccc(F)cc2Br)cc1,tensor([7.5000])
CCc1ccc(C(C)(C)c2cc(O)c3c(c2)OC(C)(C)C2CC=C(C)CC32)cc1,tensor([8.7300])
CC1=CCC2C(C1)c1c(O)cc(C(C)(C)c3ccc(C(N)=O)cc3)cc1OC2(C)C,tensor([7.8600])
CC1=CCC2C(C1)c1c(O)cc(C(C)(C)c3ccccc3)cc1OC2(C)C,tensor([7.9100])
CC1=CCC2C(C1)c1c(O)cc(C(C)(C)c3ccc(C#N)cc3)cc1OC2(C)C,tensor([8.0300])
CC1=CCC2C(C1)c1c(O)cc(C(C)(C)c3ccc(Br)cc3)cc1OC2(C)C,tensor([8.3000])
CC1=CCC2C(C1)c1c(O)cc(C(C)(C)c3cccc(F)c3)cc1OC2(C)C,tensor([8.2800])
CC1=CCC2C(C1)c1c(O)cc(C(C)(C)c3cccs3)cc1OC2(C)C,tensor([8.9700])
CC1=CCC2C(C1)c1c(O)cc(C(C)(C)c3ccc(Cl)cc3)cc1OC2(C)C,tensor([7.7300])
CC1=CCC2C(C1)c1c(O)cc(C(C)(C)c3ccccc3C)cc1OC2(C)C,tensor([7.4600])
CC1=CCC2C(C1)c1c(O)cc(C(C)(C)c3cccc(C#N)c3)cc1OC2(C)C,tensor([8.5600])
CC1=CCC2C(C1)c1c(O)cc(C(C)(C)c3ccc(C)cc3)cc1OC2(C)C,tensor([8.5000])
CCCc1ccc(C(C)(C)c2cc(O)c3c(c2)OC(C)(C)C2CC=C(C)CC32)cc1,tensor([8.7500])
CC1=CCC2C(C1)c1c(O)cc(C(C)(C)c3cccc(C)c3)cc1OC2(C)C,tensor([8.6000])
CC1=CCC2C(C1)c1c(O)cc(C(C)(C)c3cccc(Br)c3)cc1OC2(C)C,tensor([8.8000])
CC1=CCC2C(C1)c1c(O)cc(C(C)(C)c3cc(C)cc(C)c3)cc1OC2(C)C,tensor([7.9600])
CC1=CCC2C(C1)c1c(O)cc(C(C)(C)c3ccc(F)cc3)cc1OC2(C)C,tensor([7.1200])
CC1=CCC2C(C1)c1c(O)cc(C(C)(C)c3cccc(Cl)c3)cc1OC2(C)C,tensor([8.5500])
N#Cc1ccc(S(=O)(=O)N=C(N)N2CC(c3ccccc3)C(c3ccc(Cl)cc3)=N2)cc1,tensor([9.3000])
NC(=NS(=O)(=O)c1ccc(I)cc1)N1CC(c2ccccc2)C(c2ccc(Cl)cc2)=N1,tensor([9.5200])
Nc1ccc(C(C(=O)NCCC(c2ccccc2)c2ccccc2)c2ccccc2)cc1,tensor([6.0500])
COc1ccc(C(C(=O)NCCC(c2ccccc2)c2ccccc2)c2ccccc2)cc1,tensor([6.2500])
O=C(NCCC(c1ccccc1)c1ccccc1)C(c1ccccc1)c1ccc(O)cc1,tensor([6.2500])
O=C(Cc1ccc(Br)cc1)NCCC(c1ccccc1)c1ccccc1,tensor([6.1000])
O=C(NCCC(c1ccccc1)c1ccccc1)C(O)(c1ccccc1)c1ccccc1,tensor([5.6600])
O=C(NCCC(c1ccccc1)c1ccccc1)C(c1ccccc1)c1ccc(Cl)cc1,tensor([6.2500])
O=C(NCCCc1ccccc1)C(c1ccccc1)c1ccccc1,tensor([5.4700])
O=C(NCCC(c1ccccc1)c1ccccc1)C(Cl)(c1ccccc1)c1ccccc1,tensor([6.5500])
O=C(Cc1ccc(Cl)cc1)NCCC(c1ccccc1)c1ccccc1,tensor([5.8000])
O=C(NCCC(c1ccccc1)c1ccccc1)C(c1ccccc1)c1ccc([N+](=O)[O-])cc1,tensor([6.2500])
O=C(NCCCc1ccccc1)C(c1ccccc1)c1ccc(Br)cc1,tensor([5.7200])
CC(C(=O)NCCC(c1ccccc1)c1ccccc1)(c1ccccc1)c1ccccc1,tensor([6.2500])
O=C(NCCC(c1ccccc1)c1ccccc1)C(c1ccccc1)c1ccc(Br)cc1,tensor([6.6600])
O=C(NCCCc1ccccc1)C(c1ccccc1)c1ccc(Cl)cc1,tensor([5.6600])
O=C(Cc1ccccc1)NCCC(c1ccccc1)c1ccccc1,tensor([6.2500])
CCCCCCCCCCCC(CC1OC(=O)C1CCCCCC)OC(=O)C1CCC(=O)N1,tensor([5.5800])
CCCCCCCCCCCC(CC1OC(=O)C1CCCCCC)OC(=O)C(NC(C)=O)C(C)C,tensor([5.0800])
CCCCCCCCCCCC(CC1OC(=O)C1CCCCCC)OC(=O)CNC(C)=O,tensor([5.6400])
CCCCCCCCCCCC(CC1OC(=O)C1CCCCCC)OC(=O)C(CC(C)C)NC=O,tensor([5.6000])
CCCCCCCCCCCC(CC1OC(=O)C1CCCCCC)OC(=O)C(NC=O)C(C)C,tensor([5.2400])
CCCCCCCCCCCC(CC1OC(=O)C1CCCCCC)OC(=O)C(C)NC=O,tensor([5.5100])
CCCCCCCCCCCC(CC1OC(=O)C1CCCCCC)OC(=O)C(NC=O)C(C)CC,tensor([5.2200])
CCCCCCCCCCCC(CC1OC(=O)C1CCCCCC)OC(=O)CCNC=O,tensor([5.7200])
CCCCCCCCCCCC(CC1OC(=O)C1CCCCCC)OC(=O)C1CCCN1C=O,tensor([5.7700])
COC(C)(C)CN1CCc2c(nn(-c3ccccc3Cl)c2-c2ccc(Cl)cc2)C1=O,tensor([7.8900])
CC(C)N1CCc2c(nn(-c3ccccc3Cl)c2-c2ccc(Cl)cc2)C1=O,tensor([8.2600])
O=C1c2nn(-c3ccccc3Cl)c(-c3ccc(Cl)cc3)c2CCN1CC(F)(F)F,tensor([8.5100])
O=C1c2nn(-c3ccccc3Cl)c(-c3ccc(Cl)cc3)c2OCCN1CC(F)(F)F,tensor([8.8200])
CCN1CCc2c(nn(-c3ccccc3Cl)c2-c2ccc(Cl)cc2)C1=O,tensor([7.6000])
CC(C)(C)N1CCc2c(nn(-c3ccccc3Cl)c2-c2ccc(Cl)cc2)C1=O,tensor([7.9600])
CC(F)(F)CN1CCc2c(nn(-c3ccccc3Cl)c2-c2ccc(Cl)cc2)C1=O,tensor([9.1000])
CC(C)CN1CCc2c(nn(-c3ccccc3Cl)c2-c2ccc(Cl)cc2)C1=O,tensor([8.0100])
CC(F)(F)CN1CCOc2c(nn(-c3ccccc3Cl)c2-c2ccc(Cl)cc2)C1=O,tensor([9.0900])
CCC(F)(F)CN1CCOc2c(nn(-c3ccccc3Cl)c2-c2ccc(Cl)cc2)C1=O,tensor([9.1500])
CCCCCCCCCCCCCCCC(=O)NC1CC1O,tensor([6.0900])
CCCCCCCCC=CCCCCCCCC(=O)NC1CC1O,tensor([6.2400])
CCCCCC=CCC=CCC=CCC=CCCCC(=O)NC1CC1O,tensor([7.9600])
CC(C)CCn1c(=O)n(C(=O)NC(C(N)=O)C(C)(C)C)c2ccccc21,tensor([7.1600])
CC(C)(C)C(NC(=O)n1c(=O)n(CC2(O)CCOCC2)c2ccccc21)C(N)=O,tensor([5.5200])
O=C(NC1CCOc2ccccc21)n1c(=O)n(CCN2CCOCC2)c2ccccc21,tensor([5.6800])
O=C(NC1CCCc2ccccc21)n1c(=O)n(CCN2CCOCC2)c2ccccc21,tensor([5.7600])
CC(C)(C)C(NC(=O)n1c(=O)n(CC2CCCO2)c2ccccc21)C(N)=O,tensor([5.8800])
CC(C)(O)CCn1c(=O)n(C(=O)NC(C(N)=O)C(C)(C)C)c2ccccc21,tensor([5.8400])
Cn1nnc(C(NC(=O)n2c(=O)n(CCN3CCOCC3)c3ccccc32)C(C)(C)C)n1,tensor([5.8300])
CC(C)(C)C(NC(=O)n1c(=O)n(CCC2CCOCC2)c2ccccc21)C(N)=O,tensor([5.8300])
O=C(NC1CCCc2ccccc21)N1Cc2ccccc2N(CCN2CCOCC2)C1=O,tensor([5.8200])
O=C(NC1CCCCC1)c1cc2cccnc2n(Cc2ccccc2)c1=O,tensor([6.2500])
CCCC(C)(C)c1ccc2c(c1)OC(C)(C)C1CC=C(C)CC21,tensor([6.1700])
O=C(NC1CCCCCC1)c1cc2cccnc2n(CCN2CCOCC2)c1=O,tensor([7.7500])
Cc1ccc(Cn2nc(C(=O)NC3C4(C)CCC(C4)C3(C)C)cc2-c2ccc(Cl)c(C)c2)cc1,tensor([6.3600])
CC1CCC(NC(=O)c2cc3cccnc3n(CCN3CCOCC3)c2=O)CC1,tensor([6.])
CC1CCC(NC(=O)c2cc3cccnc3n(Cc3ccccc3)c2=O)CC1,tensor([5.8200])
O=C(NC1CCCCC1)c1cc2cccnc2n(Cc2ccc(F)cc2)c1=O,tensor([7.2500])
O=C(NC1CCCCCC1)c1cc2cccnc2n(Cc2ccccc2)c1=O,tensor([6.0200])
CCCCn1c(=O)c(C(=O)NC2CCCCC2)cc2cccnc21,tensor([5.2500])
O=C(NCCc1ccc(F)cc1)c1cc2cccnc2n(Cc2ccccc2)c1=O,tensor([5.1600])
O=C(NC1CCCCC1)c1cc2cccnc2n(CCN2CCOCC2)c1=O,tensor([6.2500])
O=C(NCc1cccc(Cl)c1)c1ccc2c(c1)N=C(N1CCC(F)(F)CC1)c1ccccc1S2,tensor([9.1000])
CCCCNC(=O)c1ccc2c(c1)N=C(c1ccc(Cl)cc1)c1ccccc1S2,tensor([9.7000])
O=C(NCc1cccc(Cl)c1)c1ccc2c(c1)N=C(N1CCCCC1)c1ccccc1S2,tensor([9.5000])
CC(C)CCNC(=O)c1ccc2c(c1)N=C(c1ccccn1)c1ccccc1S2,tensor([8.8000])
O=C(NN1CCCCC1)c1ccc2c(c1)N=C(C1CCCCC1)c1ccccc1S2,tensor([8.6000])
CCCCNC(=O)c1ccc2c(c1)N=C(c1ccc(F)c(Cl)c1)c1ccccc1S2,tensor([9.7000])
CCCC(=O)c1ccc2c(c1)N=C(c1ccc(Cl)cc1)c1ccccc1S2,tensor([7.4000])
CCCCNC(=O)c1ccc2c(c1)N=C(c1ccccc1Cl)c1ccccc1S2,tensor([7.6000])
CCCCCn1cc(C(=O)NC(C)c2ccccc2)c(=O)c2ccc(N3CCCC3)cc21,tensor([6.8000])
CCCCCn1cc(C(=O)NC23CC4CC(CC(C4)C2)C3)c(=O)c2ccc(F)cc21,tensor([7.5200])
CCCCCn1cc(C(=O)NC23CC4CC(CC(C4)C2)C3)c(=O)c2c(OC)ccc(OC)c21,tensor([5.6800])
CCCCCn1cc(C(=O)NC23CC4CC(CC(C4)C2)C3)c(=O)c2ccc(S(=O)(=O)c3ccccc3)cc21,tensor([8.2100])
CCCCCn1cc(C(=O)NC(C)c2ccccc2)c(=O)c2ccc(OCC)cc21,tensor([7.5300])
CCCCCn1cc(C(=O)NC23CC4CC(CC(C4)C2)C3)c(=O)c2ccc(Sc3ccccc3)cc21,tensor([8.2800])
CCCCCn1cc(C(=O)NC23CC4CC(CC(C4)C2)C3)c(=O)c2cc(Sc3ccccc3)ccc21,tensor([6.1900])
CCCCCn1cc(C(=O)NC23CC4CC(CC(C4)C2)C3)c(=O)c2cc(Oc3ccc(F)c(Cl)c3)ccc21,tensor([6.1300])
C=CCCCn1cc(C(=O)NC23CC4CC(CC(C4)C2)C3)c(=O)c2cc(Br)ccc21,tensor([6.1600])
CCCCCn1cc(C(=O)NC23CC4CC(CC(C4)C2)C3)c(=O)c2cc(C(F)(F)F)ccc21,tensor([5.6000])
CCCCCn1cc(C(=O)NC(C)c2ccccc2)c(=O)c2ccc(F)cc21,tensor([7.8400])
CCCCCn1cc(C(=O)NC23CC4CC(CC(C4)C2)C3)c(=O)c2cc(F)c(-n3cccc3)cc21,tensor([6.8500])
CCCCCn1cc(C(=O)NC23CC4CC(CC(C4)C2)C3)c(=O)c2ccc([S+]([O-])c3ccccc3)cc21,tensor([7.5500])
CCCCCn1cc(C(=O)NC23CC4CC(CC(C4)C2)C3)c(=O)c2cc(C(C)C)ccc21,tensor([5.9100])
C=CCCn1cc(C(=O)NC23CC4CC(CC(C4)C2)C3)c(=O)c2cc(Br)ccc21,tensor([5.5700])
CCCCCn1cc(C(=O)NC23CC4CC(CC(C4)C2)C3)c(=O)c2cc(C=Cc3ccc(OC)cc3)ccc21,tensor([5.5800])
CCCCCn1cc(C(=O)NC23CC4CC(CC(C4)C2)C3)c(=O)c2cc(Br)ccc21,tensor([6.])
CCCCCC=CCC=CCC=CCC=CCCCC(=O)Nc1ccc(O)c(OC)c1,tensor([5.8500])
CCCCCC=CCC=CCC=CCC=CCCCC(=O)NCc1ccc(O)cc1,tensor([6.7000])
CCCCCC=CCC=CCC=CCC=CCCCC(=O)Nc1ccc2[nH]ncc2c1,tensor([6.5200])
O=C(c1ccccc1)c1cc(O)c(-c2cc(Cl)cc(Cl)c2)c(O)c1,tensor([7.5700])
Clc1ccc(-n2c(-c3ccc(Cl)cc3Cl)nc3c(NN4CCCCC4)ncnc32)cc1,tensor([8.1300])
Clc1ccc(-n2c(-c3ccc(Cl)cc3Cl)nc3c(NC4CCCCC4)ncnc32)cc1,tensor([8.1500])
CCNC1(C(N)=O)CCN(c2ncnc3c2nc(-c2ccccc2Cl)n3-c2ccc(Cl)cc2)CC1,tensor([9.1500])
Clc1ccc(-n2c(-c3ccc(Cl)cc3Cl)nc3c(N4CCCCC4)ncnc32)cc1,tensor([8.2100])
CN1CCN(c2ncnc3c2nc(-c2ccc(Cl)cc2Cl)n3-c2ccc(Cl)cc2)CC1,tensor([8.2800])
CN1CCN(c2ncnc3c2nc(-c2ccccc2Cl)n3-c2ccc(Cl)cc2)CC1,tensor([8.5500])
Clc1ccc(-n2c(-c3ccccc3Cl)nc3c(N4CCCCC4)ncnc32)cc1,tensor([8.6400])
CCCCCC(C)(C)c1cc(OC)c2c(c1)OC(C)(C)C1CCC(C)=CC21,tensor([5.5000])
COc1ccc2c(c1)c(CC(=O)N1CCOCC1)c(C)n2C(=O)c1cccc(Cl)c1Cl,tensor([5.6900])
CCCn1cc(C(=O)c2ccc(C)c3ccccc23)c2ccccc21,tensor([5.9800])
CCCCCn1c(C)c(C(=O)c2c(OC)ccc3ccccc23)c2ccccc21,tensor([5.8600])
COc1ccc2c(c1)c(CN1CCOCC1)c(C)n2C(=O)c1cccc(Cl)c1Cl,tensor([5.4700])
CCCCCCC(C)(C)c1cc(OC)c(C2(O)CCCC(C)C2)c(OC)c1,tensor([5.3000])
CCCCCCC(C)(C)c1cc(O)c2c(c1)oc(=O)c1ccc(O)cc12,tensor([6.4000])
Cc1ccc(NC(=O)C2(C)CCCCC2)cc1S(=O)(=O)N1CCOCC1,tensor([5.9200])
Cc1ccc(-c2nc(CC3CCCCC3)cs2)cc1S(=O)(=O)N1CCOCC1,tensor([6.4100])
Cc1ccc(NC(=O)C2CCCCC2(C)C)cc1S(=O)(=O)N1CCOCC1,tensor([6.1000])
Cc1ccc(-c2cc(C(C)(C)C)[nH]n2)cc1S(=O)(=O)N1CCOCC1,tensor([5.1600])
Cc1ccc(-c2nc(CC(C)(C)C)c[nH]2)cc1S(=O)(=O)N1CCOCC1,tensor([5.9600])
Cc1ccc(-c2nc(C(C)(C)C)c[nH]2)cc1S(=O)(=O)N1CCOCC1,tensor([5.9600])
Cc1ccc(-c2cnc(C(C)(C)C)[nH]2)cc1S(=O)(=O)N1CCOCC1,tensor([6.1100])
Cc1ccc(NC(=O)c2ccccc2Cl)cc1S(=O)(=O)N1CCOCC1,tensor([5.9600])
Cc1ccc(-c2cc(CC(C)(C)C)[nH]n2)cc1S(=O)(=O)N1CCOCC1,tensor([6.1200])
Cc1ccc(-c2n[nH]c(CC3CCCCC3)n2)cc1S(=O)(=O)N1CCOCC1,tensor([6.5100])
Cc1ccc(NC(=O)C2CC3(C)CCC2(C)O3)cc1S(=O)(=O)N1CCOCC1,tensor([5.5400])
Cc1ccc(NC(=O)C2C(C)(C)C2(C)C)cc1S(=O)(=O)N1CCOCC1,tensor([5.4700])
Cc1ccc(-c2nnn(CC(C)(C)C)n2)cc1S(=O)(=O)N1CCOCC1,tensor([6.8900])
Cc1ccc(-c2n[nH]c(C(C)(C)C)n2)cc1S(=O)(=O)N1CCOCC1,tensor([6.2800])
Cc1ccc(-c2noc(C(C)(C)C)n2)cc1S(=O)(=O)N1CCOCC1,tensor([6.2900])
Cc1ccc(-c2n[nH]c(CC(C)(C)C)n2)cc1S(=O)(=O)N1CCOCC1,tensor([6.8500])
Cc1ccc(-c2nc(CC(C)(C)C)cs2)cc1S(=O)(=O)N1CCOCC1,tensor([6.7000])
Cc1ccc(NC(=O)C2CCCCC2)cc1S(=O)(=O)N1CCOCC1,tensor([5.7200])
Cc1ccc(NC(=O)C2CCCCC2C)cc1S(=O)(=O)N1CCOCC1,tensor([5.7500])
Cc1ccc(NC(=O)C(C(C)(C)C)C(C)(C)C)cc1S(=O)(=O)N1CCOCC1,tensor([5.9200])
Cc1ccc(NC(=O)C2C3(C)CCC(C3)C2(C)C)cc1S(=O)(=O)N1CCOCC1,tensor([6.1900])
Cc1ccc(-c2noc(CC(C)(C)C)n2)cc1S(=O)(=O)N1CCOCC1,tensor([6.5700])
Cc1ccc(-c2nnn(CC3CCCCC3)n2)cc1S(=O)(=O)N1CCOCC1,tensor([6.2500])
Cc1ccc(-c2noc(CC3CCCCC3)n2)cc1S(=O)(=O)N1CCOCC1,tensor([6.1300])
Cc1ccc(-c2nc(C(C)(C)C)cs2)cc1S(=O)(=O)N1CCOCC1,tensor([6.5800])
Cc1ccc(NC(=O)c2cccc(Cl)c2)cc1S(=O)(=O)N1CCOCC1,tensor([6.5700])
O=S(=O)(N=C(NCCCCCCCNc1c2c(nc3ccccc13)CCCC2)N1CC(c2ccccc2)C(c2ccc(Cl)cc2)=N1)c1ccc(Cl)cc1,tensor([7.2700])
CC(C)(O)CNC(=NS(=O)(=O)c1ccc(Cl)cc1)N1CC(c2ccccc2)C(c2ccc(Cl)cc2)=N1,tensor([7.3700])
O=S(=O)(N=C(NCCCCNc1c2c(nc3ccccc13)CCCC2)N1CC(c2ccccc2)C(c2ccc(Cl)cc2)=N1)c1ccc(Cl)cc1,tensor([7.3800])
CN(C)CCCNC(=NS(=O)(=O)c1ccc(Cl)cc1)N1CC(c2ccccc2)C(c2ccc(Cl)cc2)=N1,tensor([8.5100])
O=S1(=O)CCN(C(=NS(=O)(=O)c2ccc(Cl)cc2)N2CC(c3ccccc3)C(c3ccc(Cl)cc3)=N2)CC1,tensor([7.5100])
CCc1c(C(=O)NCCCCNc2c3c(nc4ccccc24)CCCC3)nc(-c2ccccc2Cl)n1-c1ccc(Cl)cc1,tensor([7.3200])
O=S(=O)(N=C(NCCCCN1CCCC1)N1CC(c2ccccc2)C(c2ccc(Cl)cc2)=N1)c1ccc(Cl)cc1,tensor([7.5700])
CCc1c(C(=O)NCCCCCCCNc2c3c(nc4ccccc24)CCCC3)nc(-c2ccccc2Cl)n1-c1ccc(Cl)cc1,tensor([7.0600])
CCc1c(C(=O)NN2CCCCC2)nc(-c2ccccc2Cl)n1-c1ccc(Cl)cc1,tensor([7.8500])
CN1CCC(NC(=NS(=O)(=O)c2ccc(Cl)cc2)N2CC(c3ccccc3)C(c3ccc(Cl)cc3)=N2)CC1,tensor([7.7200])
CN(C)CCN1CCN(C(=NS(=O)(=O)c2ccc(Cl)cc2)N2CC(c3ccccc3)C(c3ccc(Cl)cc3)=N2)CC1,tensor([8.0200])
CC1(C)C(C(=O)c2cn(CCc3nsc(Cl)n3)c3ccccc23)C1(C)C,tensor([5.3800])
CC1(C)C(C(=O)c2cn(CCCO)c3ccccc23)C1(C)C,tensor([5.6700])
CC1(C)C(C(=O)c2cn(CCc3ccccn3)c3ccccc23)C1(C)C,tensor([5.7200])
COCCCn1cc(C(=O)C2C(C)(C)C2(C)C)c2ccccc21,tensor([6.1800])
CC1(C)C(C(=O)c2cn(CCCCCO)c3ccccc23)C1(C)C,tensor([6.1700])
Cc1ncsc1CCn1cc(C(=O)C2C(C)(C)C2(C)C)c2ccccc21,tensor([5.7000])
CSCCCCn1cc(C(=O)C2C(C)(C)C2(C)C)c2ccccc21,tensor([7.4100])
O=C(c1cn(CC2CCOCC2)c2ccccc12)C12CC3CC(CC(C3)O1)C2,tensor([6.2700])
CC1(C)C(C(=O)c2cn(CCc3cccs3)c3ccccc23)C1(C)C,tensor([6.1600])
CC1(C)C(C(=O)c2cn(CCN3CCCCCC3)c3ccccc23)C1(C)C,tensor([6.1000])
CC1(C(=O)c2cn(CC3CCOCC3)c3ccccc23)CC1(Cl)Cl,tensor([5.4700])
CC1(C)C(C(=O)c2cn(Cc3ccncc3)c3ccccc23)C1(C)C,tensor([7.3200])
CC1(C)C(C(=O)c2cn(CCn3cccc3)c3ccccc23)C1(C)C,tensor([6.5100])
O=C(c1cn(CC2CCOCC2)c2ccccc12)C1CC12CCCCC2,tensor([7.2100])
CC1(C)C(C(=O)c2cn(Cc3cccnc3)c3ccccc23)C1(C)C,tensor([5.6900])
CC(=O)CCCCn1cc(C(=O)C2C(C)(C)C2(C)C)c2ccccc21,tensor([6.4200])
CC1(C)C(C(=O)c2cn(CCN3CCOC3=O)c3ccccc23)C1(C)C,tensor([6.4600])
CC1(C)C(C(=O)c2cn(CC3CCOC3)c3ccccc23)C1(C)C,tensor([6.2000])
CCCn1cc(C(=O)C2C(C)(C)C2(C)C)c2ccccc21,tensor([5.3700])
CCCCCn1cc(C(=O)C2C(C)(C)C2(C)C)c2ccccc21,tensor([6.8400])
CC1(C)C(C(=O)c2cn(CCCC(F)(F)F)c3ccccc23)C1(C)C,tensor([7.8300])
O=C(c1cn(CCN2CCOCC2)c2ccccc12)C1CCCCC1,tensor([5.7900])
CC1(C)C(C(=O)c2cn(CCN3CCCCC3)c3ccccc23)C1(C)C,tensor([6.2500])
CCC1CCC(C(=O)c2cn(CCN3CCOCC3)c3ccccc23)CC1,tensor([6.2100])
CC1(C)C(C(=O)c2cn(CCC3CCOCC3)c3ccccc23)C1(C)C,tensor([7.0400])
CC1(C)C(C(=O)c2cn(CCc3ccsc3)c3ccccc23)C1(C)C,tensor([6.8300])
CCCCn1cc(C(=O)C2C(C)(C)C2(C)C)c2ccccc21,tensor([7.0400])
CC1(C)C(C(=O)c2cn(CC3OCCO3)c3ccccc23)C1(C)C,tensor([6.5500])
COCCn1cc(C(=O)C2C(C)(C)C2(C)C)c2ccccc21,tensor([6.1500])
O=C(c1cn(CCN2CCOCC2)c2ccccc12)C1CC12CCCCC2,tensor([5.5100])
CN1CCN(CCn2cc(C(=O)C3C(C)(C)C3(C)C)c3ccccc32)CC1,tensor([5.6700])
CC1(C(=O)c2cn(CC3CCOCC3)c3ccccc23)CC(F)(F)C1(F)F,tensor([5.8400])
CN1CCCCC1Cn1cc(C(=O)C2C(C)(C)C2(C)C)c2ccccc21,tensor([8.2600])
O=C(c1cn(CCN2CCOCC2)c2ccccc12)C1CCCCCC1,tensor([6.4400])
CC1(C)C(C(=O)c2cn(CC3CCCO3)c3ccccc23)C1(C)C,tensor([6.6700])
CC1(C)C(C(=O)c2cn(Cc3ccccc3)c3ccccc23)C1(C)C,tensor([6.6800])
O=C(c1cn(CC2CCOCC2)c2ccccc12)C1CCCC1,tensor([6.8800])
O=C(c1cn(CC2CCOCC2)c2ccccc12)C12CC3CC(CC1C3)C2,tensor([7.1400])
CC1(C)C(C(=O)c2cn(CCc3ccncc3)c3ccccc23)C1(C)C,tensor([5.6600])
Cc1ccc(C(=O)NC2C3(C)CCC(C3)C2(C)C)cc1CN1CCOCC1,tensor([5.9600])
Cc1cc(NC(=O)C2CCCCC2C)cc(CN2CCOCC2)c1C,tensor([6.2700])
Cc1ccc(C(=O)NC2C3(C)CCC(C3)C2(C)C)cc1CCCN1CCOCC1,tensor([5.6800])
Cc1ccc(NC(=O)C2CCCCC2C)cc1CN1CCOCC1,tensor([5.8000])
Cc1cc(NC(=O)C(C)(C(F)(F)F)C(F)(F)F)cc(CN2CCOCC2)c1C,tensor([6.3000])
Cc1ccc(C(=O)NC2C3(C)CCC(C3)C2(C)C)cc1CCC(=O)N1CCOCC1,tensor([5.7700])
Cc1ccc(C(=O)NC2C3(C)CCC(C3)C2(C)C)cc1N1CCOCC1,tensor([5.0500])
Cc1c(CN2CCOCC2)cc(NC(=O)C2CCCCC2C)cc1C(F)(F)F,tensor([6.9600])
CC(C(=O)Nc1ccc2c(c1)C(N1CCOCC1)CCC2)(C(F)(F)F)C(F)(F)F,tensor([5.8900])
Cc1ccc(C(=O)NC2C3(C)CCC(C3)C2(C)C)cc1CC(=O)N1CCOCC1,tensor([5.4100])
Cc1ccc(NC(=O)C(C)(C(F)(F)F)C(F)(F)F)cc1CN1CCOCC1,tensor([5.2000])
Cc1ccc(C(=O)NC2C3(C)CCC(C3)C2(C)C)cc1CCN1CCOCC1,tensor([5.8500])
Cc1c(-c2cn(C(C)(C)c3ccccc3)cn2)nn(-c2ccccc2Cl)c1-c1ccc(Cl)cc1,tensor([10.])
Cc1c(-c2cn(C(C)(C)c3ccccc3)cn2)nn(-c2ccc(Cl)cc2Cl)c1-c1ccc(Cl)cc1,tensor([10.])
Cc1c(-c2cn(-c3ccccc3)cn2)nn(-c2ccccc2Cl)c1-c1ccc(Cl)cc1,tensor([8.4200])
Cc1c(-c2ncn(C(C)C)c2C)nn(-c2ccc(Cl)cc2Cl)c1-c1ccc(Cl)cc1,tensor([8.0500])
Cc1c(-c2cn(C3CCCCC3)cn2)nn(-c2ccc(Cl)cc2Cl)c1-c1ccc(Cl)cc1,tensor([8.3300])
Cc1c(-c2cnc(C(C)C)[nH]2)nn(-c2ccc(Cl)cc2Cl)c1-c1ccc(Cl)cc1,tensor([8.0200])
Cc1c(-c2cn(C(C)C)cn2)nn(-c2ccc(Cl)cc2Cl)c1-c1ccc(Cl)cc1,tensor([8.0500])
Cc1c(-c2ncc(C(C)C)[nH]2)nn(-c2ccc(Cl)cc2Cl)c1-c1ccc(Cl)cc1,tensor([8.2800])
Cc1c(-c2cn(C(C)C)cn2)nn(-c2ccccc2Cl)c1-c1ccc(Cl)cc1,tensor([8.1200])
Cc1c(-c2cn(C3CCC3)cn2)nn(-c2ccc(Cl)cc2Cl)c1-c1ccc(Cl)cc1,tensor([8.3000])
Cc1c(-c2cn(C3CC3)cn2)nn(-c2ccccc2Cl)c1-c1ccc(Cl)cc1,tensor([8.1000])
Cc1c(C(=O)Nc2ccc(Cl)cc2)nn(-c2ccc(Cl)c(Cl)c2)c1-n1cccc1,tensor([5.8900])
Cc1c(C(=O)NCCc2ccc(Cl)cc2Cl)nn(-c2ccc(Cl)cc2Cl)c1-n1c(C)ccc1C,tensor([6.8100])
Cc1c(C(=O)NC2CCCCCC2)nn(-c2ccc(Cl)c(Cl)c2)c1-n1c(C)ccc1C,tensor([7.9200])
Cc1c(C(=O)Nc2ccc(Cl)cc2)nn(-c2ccc(F)cc2F)c1-n1cccc1,tensor([5.6800])
Cc1c(C(=O)NC23CC4CC(CC(C4)C2)C3)nn(-c2ccc(Cl)c(Cl)c2)c1-n1c(C)ccc1C,tensor([8.2500])
Cc1c(C(=O)NC23CC4CC(CC(C4)C2)C3)nn(-c2ccc(Cl)c(Cl)c2)c1-n1cccc1,tensor([7.5100])
Cc1c(C(=O)NCCc2ccc(Cl)c(Cl)c2)nn(-c2ccc(Cl)cc2Cl)c1-n1cccc1,tensor([6.8000])
Cc1c(C(=O)NCCc2ccc(Cl)cc2Cl)nn(-c2ccc(Cl)cc2Cl)c1-n1cccc1,tensor([6.6600])
Cc1c(C(=O)NCCc2ccc(Cl)cc2)nn(-c2ccc(Cl)cc2Cl)c1-n1c(C)ccc1C,tensor([7.5200])
Cc1c(C(=O)NC2CCCCCC2)nn(-c2ccc(Cl)c(Cl)c2)c1-n1cccc1,tensor([8.2500])
COc1cc(CNC(=O)c2nn(-c3ccc(F)cc3F)c(-n3c(C)ccc3C)c2C)c(Br)c(OC)c1OC,tensor([6.7800])
Cc1c(C(=O)NC2CCCC2)nn(-c2ccc(Cl)c(Cl)c2)c1-n1c(C)ccc1C,tensor([7.4400])
COc1cc(CNC(=O)c2nn(-c3ccc(Cl)cc3Cl)c(-n3cccc3)c2C)c(Br)c(OC)c1OC,tensor([6.6400])
Cc1c(C(=O)NC(C)C2CCCCC2)nn(-c2ccc(Cl)c(Cl)c2)c1-n1cccc1,tensor([8.4700])
Cc1c(C(=O)NCCc2ccc(Cl)cc2Cl)nn(-c2ccc(F)cc2F)c1-n1c(C)ccc1C,tensor([7.3900])
COc1ccc(CCNC(=O)c2nn(-c3ccc(Cl)cc3Cl)c(-n3c(C)ccc3C)c2C)cc1Cl,tensor([6.9500])
COc1ccc(CCNC(=O)c2nn(-c3ccc(F)cc3F)c(-n3cccc3)c2C)cc1Cl,tensor([6.0200])
Cc1c(C(=O)NC2CCCCCC2)nn(-c2ccc(F)cc2F)c1-n1c(C)ccc1C,tensor([7.2500])
Cc1c(C(=O)NCc2ccc(Cl)cc2)nn(-c2ccc(F)cc2F)c1-n1c(C)ccc1C,tensor([7.2500])
Cc1c(C(=O)NC2CCCCCC2)nn(-c2ccc(Cl)cc2Cl)c1-n1c(C)ccc1C,tensor([7.2500])
Cc1c(C(=O)Nc2ccc(Cl)cc2)nn(-c2ccc(Cl)cc2Cl)c1-n1cccc1,tensor([6.9200])
Cc1c(C(=O)NCCc2ccc(Cl)c(Cl)c2)nn(-c2ccc(Cl)cc2Cl)c1-n1c(C)ccc1C,tensor([6.9300])
COc1ccc(CCNC(=O)c2nn(-c3ccc(F)cc3F)c(-n3c(C)ccc3C)c2C)cc1Cl,tensor([7.])
Cc1c(C(=O)NCCc2ccc(Cl)c(Cl)c2)nn(-c2ccc(F)cc2F)c1-n1cccc1,tensor([6.5100])
COc1cc(CNC(=O)c2nn(-c3ccc(F)cc3F)c(-n3cccc3)c2C)c(Br)c(OC)c1OC,tensor([6.4600])
Cc1c(C(=O)NCCc2ccc(Cl)cc2Cl)nn(-c2ccc(F)cc2F)c1-n1cccc1,tensor([6.4200])
Cc1c(C(=O)NCc2ccc(Cl)cc2)nn(-c2ccc(Cl)c(Cl)c2)c1-n1cccc1,tensor([7.1600])
Cc1c(C(=O)NC2CCCC2)nn(-c2ccc(F)cc2F)c1-n1c(C)ccc1C,tensor([6.0800])
Cc1c(C(=O)NCc2ccc(Cl)cc2)nn(-c2ccc(Cl)c(Cl)c2)c1-n1c(C)ccc1C,tensor([7.])
Cc1c(C(=O)Nc2ccc(Cl)cc2)nn(-c2ccc(F)cc2F)c1-n1c(C)ccc1C,tensor([6.2500])
Cc1c(C(=O)NCCc2ccc(Cl)cc2)nn(-c2ccc(Cl)c(Cl)c2)c1-n1c(C)ccc1C,tensor([6.4100])
Cc1c(C(=O)NCCc2ccc(Cl)cc2)nn(-c2ccc(Cl)cc2Cl)c1-n1cccc1,tensor([7.1600])
Cc1c(C(=O)NCCc2ccc(Cl)c(Cl)c2)nn(-c2ccc(F)cc2F)c1-n1c(C)ccc1C,tensor([7.2700])
Cc1c(C(=O)NCCc2ccc(Cl)cc2)nn(-c2ccc(Cl)c(Cl)c2)c1-n1cccc1,tensor([6.6200])
Cc1c(C(=O)NC2CCCC2)nn(-c2ccc(Cl)cc2Cl)c1-n1cccc1,tensor([7.0800])
Cc1c(C(=O)NC2CCCC2)nn(-c2ccc(F)cc2F)c1-n1cccc1,tensor([5.6200])
Cc1c(C(=O)NC2CCCC2)nn(-c2ccc(Cl)cc2Cl)c1-n1c(C)ccc1C,tensor([6.8200])
Cc1c(C(=O)NCc2ccc(Cl)cc2)nn(-c2ccc(Cl)cc2Cl)c1-n1c(C)ccc1C,tensor([7.0500])
COc1cc(CNC(=O)c2nn(-c3ccc(Cl)cc3Cl)c(-n3c(C)ccc3C)c2C)c(Br)c(OC)c1OC,tensor([6.8400])
Cc1c(C(=O)NC2CCCCCC2)nn(-c2ccc(Cl)cc2Cl)c1-n1cccc1,tensor([7.7000])
Cc1c(C(=O)NC(C)c2ccccc2)nn(-c2ccc(Cl)c(Cl)c2)c1-n1c(C)ccc1C,tensor([7.1000])
COc1ccc(CCNC(=O)c2nn(-c3ccc(Cl)cc3Cl)c(-n3cccc3)c2C)cc1Cl,tensor([6.4300])
Cc1c(C(=O)NCc2ccc(Cl)cc2)nn(-c2ccc(F)cc2F)c1-n1cccc1,tensor([6.4700])
Cc1c(C(=O)NCCc2ccc(Cl)cc2)nn(-c2ccc(F)cc2F)c1-n1cccc1,tensor([7.1000])
Cc1c(C(=O)NC2CCCC2)nn(-c2ccc(Cl)c(Cl)c2)c1-n1cccc1,tensor([7.3000])
Cc1c(C(=O)NCc2ccc(Cl)cc2)nn(-c2ccc(Cl)cc2Cl)c1-n1cccc1,tensor([6.8500])
Cc1c(C(=O)Nc2ccc(Cl)cc2)nn(-c2ccc(Cl)cc2Cl)c1-n1c(C)ccc1C,tensor([7.0200])
Cc1c(C(=O)NCCc2ccc(Cl)cc2)nn(-c2ccc(F)cc2F)c1-n1c(C)ccc1C,tensor([7.3000])
CCC(C)(C)C(=O)Nc1cc(CN2CCOCC2)c(C)cn1,tensor([5.4200])
CCC1(C(=O)Nc2cc(CN3CCOCC3)c(C)cn2)CCCC1,tensor([5.9600])
CCc1cnc(NC(=O)C(C)(C)CC)cc1CN1CCOCC1,tensor([5.3700])
CCCC(C)(C)C(=O)Nc1cc(CN2CCOCC2)c(C)cn1,tensor([5.7500])
CNC(=NS(=O)(=O)N1CCCCC1)N1CCC(c2ccccc2)C(c2ccc(Cl)cc2)=N1,tensor([7.1300])
CNC(=NS(=O)(=O)N1CCC(F)(F)CC1)N1CCC(c2ccccc2)C(c2ccc(Cl)cc2)=N1,tensor([7.3300])
CNC(=NS(=O)(=O)c1ccc(Cl)cc1)N1CCC(c2ccccc2)C(c2ccc(Cl)cc2)=N1,tensor([7.3700])
CNC(=NS(=O)(=O)N1CCC(F)(F)CC1)N1CC(c2ccccc2)C(c2ccc(Cl)cc2)=N1,tensor([7.9100])
COc1ccc(C2C(C(=O)Nc3cccc(C)n3)c3ccccc3C(=O)N2C2CCCCC2)cc1,tensor([5.6200])
COc1cccc(N2C(C(C)=O)=NN(c3ccc(Cl)cc3)C2c2ccc(N3CCOCC3)cc2)c1,tensor([6.6400])
CC(C)NC(=O)C(C)Sc1nnc2c3ccccc3n(Cc3ccccc3)c2n1,tensor([5.6400])
CC(C)(C)c1ccc(C(=O)N2C(C(=O)NCc3ccccn3)CSC2c2cccc(F)c2)cc1,tensor([5.1300])
Cc1ccc(C(=O)n2cc(C=NNc3nc(N4CCOCC4)nc(N4CCOCC4)n3)c3ccccc32)cc1,tensor([5.6400])
COc1ccccc1N1CCN(C(=O)C(C)Sc2nc(-c3ccccc3)cc(C(F)(F)F)n2)CC1,tensor([5.6400])
CC1CC(C)CN(S(=O)(=O)c2ccc(F)c(C(=O)NC(c3ccccc3)c3ccccc3)c2)C1,tensor([6.2100])
COc1ccc(-c2cc(C(=O)N3CCN(C(C)=O)CC3)n(-c3cccc(C)c3)n2)c(OC)c1,tensor([5.7100])
CC(NC(=O)C(C)(C)Oc1ccc(C(F)(F)F)cn1)C(Cc1ccc(Cl)cc1)c1cccc(C#N)c1,tensor([9.5200])
Cc1ccc(Cc2nsc(N3CCCN(C(=O)Nc4c(C(C)C)cccc4C(C)C)CC3)n2)cc1,tensor([5.7500])
Cc1ccc(C2c3cccn3-c3ccccc3N2C(=O)CN(C(=O)C2CCCC2)C2CC2)cc1,tensor([6.2800])
Cc1cc(-c2ccccc2)n(Cc2ccccc2)c(=O)c1S(=O)(=O)c1ccccc1,tensor([5.5700])
Cc1cccc(C)c1N(C(=O)c1ccccc1Cl)C(=O)C(c1ccc([N+](=O)[O-])cc1)N1CCOCC1,tensor([5.5500])
CCCNC(=O)N1CCN(c2nc(Cc3ccccc3)c3c(c2C#N)CC(C)(C)OC3)CC1,tensor([5.4000])
COc1ccc(C2c3ccsc3CCN2C(=O)CN(C(=O)C2CCCCC2)C(C)C)cc1,tensor([5.5900])
CC(C(=O)N1c2ccccc2C(C)(c2ccc(Cl)cc2)CC1(C)C)N1C(=O)C2CCCCC2C1=O,tensor([6.2800])
COC(=O)c1c(C)oc(C)c1S(=O)(=O)N1CCN(C2c3ccccc3-c3ccccc32)CC1,tensor([5.7900])
COc1ccc(C2c3cccn3-c3ccccc3N2C(=O)CN(C(=O)NC(C)(C)C)C(C)C)cc1,tensor([6.5100])
CCOC(=O)CN1C(c2ccc(F)cc2)Nc2ccc(Br)cc2C1c1ccccc1,tensor([6.5600])
CC1CN(c2ncnc(NC(c3ccccc3)c3ccccc3)c2[N+](=O)[O-])CC(C)O1,tensor([5.9300])
CCOC(=O)N1CC=C2C(C1)C1(C(=O)N(Cc3ccccc3)c3ccccc31)C(C#N)=C(N)C2(C#N)C#N,tensor([5.9600])
O=C(Nc1ccccc1Oc1ccccc1)c1ccc(S(=O)(=O)N2CCc3ccccc32)cc1,tensor([6.5900])
CCOC(=O)N1CCN(C(=O)c2cc(-c3ccccc3Cl)nn2-c2ccc(C)cc2C)CC1,tensor([6.5400])
O=C(c1ccc(-n2cnnn2)cc1)N(c1ccccc1)C1(C(=O)Nc2ccccc2)CCCCC1,tensor([5.9800])
CC(C)N(CC(=O)N1c2ccccc2-n2cccc2C1c1ccc(F)cc1)C(=O)CC(C)(C)C,tensor([5.9900])
CSC(=NS(=O)(=O)c1ccc(-n2nc(C(F)(F)F)cc2-c2cccs2)cc1)N1CCCC1,tensor([6.])
Cc1cc(C)c(OCC(=O)Nc2sc3c(c2C(=O)NC2CCS(=O)(=O)C2)CCCC3)c(C)c1,tensor([6.4900])
Cc1ccc(C(C(=O)Nc2ccc3c(c2)OCCO3)N(C)C(=O)C=Cc2ccc3c(c2)OCO3)cc1,tensor([5.8300])
COc1ccccc1NC(=O)C(C)Sc1nc(-c2ccc(C)cc2)nc2c1COC(C)(C)C2,tensor([6.5800])
CC(C)CN(CC(=O)N1CCc2sccc2C1c1ccc(F)cc1)C(=O)c1ccco1,tensor([6.0600])
O=C(N1CCCCC1)N1CC(OC(c2ccc(Cl)cc2)c2cccnc2Cl)C1,tensor([6.2500])
CCCCCOc1c(OC)ccc2cc(C(=O)NCc3ccc4c(c3)OCO4)c(=O)[nH]c12,tensor([5.4100])
Cc1nc(C(=O)NCC2CC3CC(C2)C3(C)C)c(C)n1-c1ccccc1,tensor([5.4000])
CCc1nc(C(=O)NC23CC4CC(CC(C4)C2)C3)c(C)n1-c1ccccc1,tensor([5.3800])
Cc1nc(C(=O)NCc2ccccc2C(F)(F)F)c(C)n1-c1ccccc1,tensor([5.8500])
CCCCc1c(C(=O)NC23CC4CC(CC(C4)C2)C3)nc(C)n1-c1ccccc1,tensor([5.7000])
Cc1nc(C(=O)NC2C3CC4CC(C3)CC2C4)c(C)n1-c1ccccc1,tensor([5.5200])
CC(NS(C)(=O)=O)c1ccc(S(=O)(=O)c2ccc(Cl)cc2S(=O)(=O)c2ccccc2F)cc1,tensor([5.4500])
Cc1nc(C(=O)NC2C3CC4CC(C3)C2C4)c(C)n1-c1ccccc1,tensor([5.2600])
CC(C)(C)OC(=O)N1CCN(CC2CCC(c3ccc(Cl)cc3Cl)N(c3ccc(Cl)cc3)C2)CC1,tensor([8.1000])
CC(C)CNS(=O)(=O)C1CCC(c2ccc(Cl)cc2Cl)N(c2ccc(Cl)cc2)C1,tensor([8.2000])
O=S(=O)(NCCC1CCC(c2ccc(Cl)cc2Cl)N(c2ccc(Cl)cc2)C1)c1cccnc1,tensor([8.2400])
O=S(=O)(NCC1CCC(c2ccc(Cl)cc2Cl)N(c2ccc(Cl)cc2)C1)c1cccc2ccccc12,tensor([8.6400])
CC(C)CCNS(=O)(=O)C1CCC(c2ccc(Cl)cc2Cl)N(c2ccc(Cl)cc2)C1,tensor([8.0400])
NCCC1CCC(c2ccc(Cl)cc2Cl)N(c2ccc(Cl)cc2)C1,tensor([7.2100])
CC(=O)N1CCN(CC2CCC(c3ccc(Cl)cc3Cl)N(c3ccc(Cl)cc3)C2)CC1,tensor([6.3500])
NCC1CCC(c2ccc(Cl)cc2Cl)N(c2ccc(Cl)cc2)C1,tensor([6.8800])
O=S(=O)(C1CCC(c2ccc(Cl)cc2Cl)N(c2ccc(Cl)cc2)C1)N1CCCCC1,tensor([7.8000])
O=C(NCC1CCC(c2ccc(Cl)cc2Cl)N(c2ccc(Cl)cc2)C1)C1CC1,tensor([6.9500])
N#Cc1ccc(C(=O)NCC2CCC(c3ccc(Cl)cc3Cl)N(c3ccc(Cl)cc3)C2)cc1,tensor([8.3000])
O=C(NC1CCCCC1)C1CCC(c2ccc(Cl)cc2Cl)N(c2ccc(Cl)cc2)C1,tensor([7.7500])
N#Cc1ccc(C(=O)NCCC2CCC(c3ccc(Cl)cc3Cl)N(c3ccc(Cl)cc3)C2)cc1,tensor([8.2900])
CC(=O)NCCC1CCC(c2ccc(Cl)cc2Cl)N(c2ccc(Cl)cc2)C1,tensor([7.3800])
O=S(=O)(NCC1CCC(c2ccc(Cl)cc2Cl)N(c2ccc(Cl)cc2)C1)c1cccnc1,tensor([8.2200])
O=S(=O)(NCC1CCC(c2ccc(Cl)cc2Cl)N(c2ccc(Cl)cc2)C1)C1CC1,tensor([6.8000])
N#Cc1ccc(S(=O)(=O)NCCC2CCC(c3ccc(Cl)cc3Cl)N(c3ccc(Cl)cc3)C2)cc1,tensor([8.3800])
CCCS(=O)(=O)NCC1CCC(c2ccc(Cl)cc2Cl)N(c2ccc(Cl)cc2)C1,tensor([7.3200])
CS(=O)(=O)N1CCN(CC2CCC(c3ccc(Cl)cc3Cl)N(c3ccc(Cl)cc3)C2)CC1,tensor([6.1600])
O=C1C(Cc2ccc(F)c(F)c2)CCC(c2ccc(Cl)cc2Cl)N1c1ccc(Cl)cc1,tensor([6.9600])
O=S(=O)(C1CC1)N1CCN(CC2CCC(c3ccc(Cl)cc3Cl)N(c3ccc(Cl)cc3)C2)CC1,tensor([7.3600])
O=C(NC1CCC1)C1CCC(c2ccc(Cl)cc2Cl)N(c2ccc(Cl)cc2)C1,tensor([7.4800])
O=S(=O)(NC1CCCCC1)C1CCC(c2ccc(Cl)cc2Cl)N(c2ccc(Cl)cc2)C1,tensor([7.4600])
O=C(NCc1ccc(Cl)cc1)C1CCC(c2ccc(Cl)cc2Cl)N(c2ccc(Cl)cc2)C1,tensor([7.2000])
O=S(=O)(NCCC1CCC(c2ccc(Cl)cc2Cl)N(c2ccc(Cl)cc2)C1)C1CC1,tensor([8.4700])
Clc1ccc(N2CC(CN3CCNCC3)CCC2c2ccc(Cl)cc2Cl)cc1,tensor([6.2600])
CC(C)CNC(=O)C1CCC(c2ccc(Cl)cc2Cl)N(c2ccc(Cl)cc2)C1,tensor([7.4800])
Fc1ccc(CC2CCC(c3ccc(Cl)cc3)N(c3ccc(Cl)cc3Cl)C2)cc1F,tensor([6.3300])
O=C1C(Cc2ccc(F)c(F)c2)CCC(c2ccc(Cl)cc2)N1c1ccc(Cl)cc1,tensor([6.3500])
CC(C)(C)CC(=O)N1CCN(CC2CCC(c3ccc(Cl)cc3Cl)N(c3ccc(Cl)cc3)C2)CC1,tensor([7.8900])
Fc1ccc(CC2CCC(c3ccc(Cl)cc3)N(c3ccc(Cl)cc3)C2)cc1F,tensor([7.1400])
O=S(=O)(NC1CCC(NS(=O)(=O)C(F)(F)F)CC1)c1ccc(Cl)cc1S(=O)(=O)c1ccccc1F,tensor([5.7900])
O=S(=O)(c1ccccc1F)c1cc(Cl)ccc1S(=O)(=O)N1CC2C(C1)C2NS(=O)(=O)C(F)(F)F,tensor([5.6600])
O=S(=O)(c1ccccc1F)c1cc(Cl)ccc1S(=O)(=O)N1CCC2(CC1)CC2NS(=O)(=O)C(F)(F)F,tensor([5.6000])
CC(NS(=O)(=O)C(F)(F)F)c1ccc(S(=O)(=O)c2ccc(Cl)cc2S(=O)(=O)c2ccccc2F)cc1,tensor([5.8000])
O=S(=O)(c1ccccc1F)c1cc(Cl)ccc1S(=O)(=O)N1CC(CCNS(=O)(=O)C(F)(F)F)C1,tensor([5.6000])
O=S(=O)(c1ccccc1F)c1cc(Cl)ccc1S(=O)(=O)N1CCC(NS(=O)(=O)C(F)(F)F)C1,tensor([5.])
O=S(=O)(NCCCCNS(=O)(=O)C(F)(F)F)c1ccc(Cl)cc1S(=O)(=O)c1ccccc1F,tensor([6.0500])
CC1CN(S(=O)(=O)c2ccc(Cl)cc2S(=O)(=O)c2ccccc2F)CCC1CNS(=O)(=O)C(F)(F)F,tensor([5.6000])
CC1(CNS(=O)(=O)C(F)(F)F)CCN(S(=O)(=O)c2ccc(Cl)cc2S(=O)(=O)c2ccccc2F)CC1,tensor([5.3900])
CCC(C)(C)C(=O)Nc1cc(C)c(C)c(S(=O)(=O)N2CCOCC2)c1,tensor([5.6000])
CCC(C)(C)C(=O)Nc1cc(C)c(C)c(S(=O)(=O)NC2CCCC2)c1,tensor([5.4700])
Cc1cc(NC(=O)C(C)(C(F)(F)F)C(F)(F)F)cc(S(=O)(=O)N2CCOCC2)c1C,tensor([6.1100])
CCC(C)(C)C(=O)Nc1cc2c(c(S(=O)(=O)N3CCOCC3)c1)CCC2,tensor([5.7700])
CCC(C)(C)C(=O)Nc1cc(C)c(C)c(S(=O)(=O)N2CCSC2)c1,tensor([5.6800])
CCC(C)(C)C(=O)Nc1cc(C)c(C)c(S(=O)(=O)N2CCCCC2)c1,tensor([6.1900])
Cc1cc(NC(=O)C2C(C)(C)C2(C)C)cc(S(=O)(=O)N2CCOCC2)c1C,tensor([5.9600])
CCCCC(C)(C)C(=O)Nc1cc(C)c(C)c(S(=O)(=O)N2CCOCC2)c1,tensor([6.8500])
CCCC(C)(C)C(=O)Nc1cc(C)c(C)c(S(=O)(=O)N2CCOCC2)c1,tensor([6.0800])
CCC(C)(C)C(=O)Nc1cc2c(c(S(=O)(=O)N3CCOCC3)c1)CCCC2,tensor([5.8500])
Cc1cc(NC(=O)C(C)(C)C)cc(S(=O)(=O)N2CCOCC2)c1C,tensor([5.5100])
CCC(C)(C)C(=O)Nc1cc(C)c(C)c(S(=O)(=O)NCC2CC2)c1,tensor([5.4200])
CNC(=NS(=O)(=O)N1CCC(F)(F)CC1)C1=NN(c2ccc(Cl)cc2)C(c2ccccc2)C1,tensor([8.0400])
CNC(=NS(=O)(=O)N1CCC(C(F)(F)F)CC1)C1=NN(c2ccc(Cl)cc2)C(c2ccccc2)C1,tensor([8.7000])
CNC(=NS(=O)(=O)c1ccc(Cl)cc1)C1=NN(c2ccc(Cl)cc2Cl)C(c2ccccc2)C1,tensor([7.4300])
CNC(=NS(=O)(=O)c1ccc(C(F)(F)F)cc1)C1=NN(c2ccc(Cl)cc2Cl)C(c2ccccc2)C1,tensor([7.9500])
CNC(=NS(=O)(=O)N1CCCCC1)C1=NN(c2ccc(Cl)cc2)C(c2ccccc2)C1,tensor([6.8500])
CNC(=NS(=O)(=O)N1CCC(F)CC1)N1CC(c2ccccc2)C(c2ccc(Cl)cc2)=N1,tensor([8.1200])
CNC(=NS(=O)(=O)c1ccc(Cl)cc1)C1=NN(c2ccc(Cl)cc2)C(c2ccccc2)C1,tensor([7.0800])
CNC(=NS(=O)(=O)N1CCC(F)CC1)C1=NN(c2ccc(Cl)cc2)C(c2ccccc2)C1,tensor([7.2600])
CNC(=NS(=O)(=O)N1CCC(C(F)(F)F)CC1)N1CC(c2ccccc2)C(c2ccc(Cl)cc2)=N1,tensor([8.3300])
CNC(=NS(=O)(=O)c1ccc(F)cc1)C1=NN(c2ccc(Cl)cc2)C(c2ccccc2)C1,tensor([7.6600])
CSc1c(C(=O)NN2CCCCC2)nn(-c2ccc(Cl)cc2Cl)c1-c1ccc(Cl)cc1,tensor([7.8900])
O=C(NN1CCCCC1)c1nc(-c2ccc(Cl)cc2Cl)n(-c2ccc(Cl)cc2)c1I,tensor([8.])
CCSc1c(C(=O)NN2CCCCC2)nc(-c2ccc(Cl)cc2Cl)n1-c1ccc(Cl)cc1,tensor([7.2900])
C[S+]([O-])c1c(C(=O)NN2CCCCC2)nn(-c2ccc(Cl)cc2Cl)c1-c1ccc(Cl)cc1,tensor([7.7000])
C[S+]([O-])c1c(C(=O)NN2CCCCC2)nc(-c2ccc(Cl)cc2Cl)n1-c1ccc(Cl)cc1,tensor([7.8900])
CSc1c(C(=O)NN2CCCCCC2)nn(-c2ccc(Cl)cc2Cl)c1-c1ccc(Cl)cc1,tensor([7.5700])
CSc1c(C(=O)NN2CCCCC2)nc(-c2ccc(Cl)cc2Cl)n1-c1ccc(Cl)cc1,tensor([7.9100])
CSc1c(C(=O)NN2CCCC2)nc(-c2ccc(Cl)cc2Cl)n1-c1ccc(Cl)cc1,tensor([8.0500])
CSc1c(C(=O)NN2CCCC2)nn(-c2ccc(Cl)cc2Cl)c1-c1ccc(Cl)cc1,tensor([8.5200])
O=C(NN1CCCCC1)c1nc(-c2ccc(Cl)cc2Cl)n(-c2ccc(Cl)cc2)c1CO,tensor([7.4700])
CS(=O)(=O)c1c(C(=O)NN2CCCCC2)nc(-c2ccc(Cl)cc2Cl)n1-c1ccc(Cl)cc1,tensor([7.9200])
CSc1c(C(=O)NN2CCCCCC2)nc(-c2ccc(Cl)cc2Cl)n1-c1ccc(Cl)cc1,tensor([7.9200])
O=C(N1CCN(C(c2ccccc2)c2ccc(Cl)cc2Cl)CC1)C12CC3CC(CC(C3)C1)C2,tensor([8.2300])
CCCCNC(=O)N1CCN(C(c2ccccc2)c2ccc(Cl)cc2Cl)CC1,tensor([6.9900])
O=C(NC1CCCCC1)N1CCN(C(c2ccccc2)c2ccc(Cl)cc2F)CC1,tensor([8.5100])
O=C(C1CCC1)N1CCN(C(c2ccccc2)c2ccc(Cl)cc2Cl)CC1,tensor([6.5400])
O=C(NC1CCCCC1)N1CCN(C(c2ccccc2)c2ccc(Br)cc2F)CC1,tensor([8.7400])
S=C(NC1CCCCC1)N1CCN(C(c2ccccc2)c2ccccc2)CC1,tensor([6.9700])
O=C(NC1CCCCC1)N1CCN(C(c2ccc(C(F)(F)F)cc2)c2ccc(Cl)cc2Cl)CC1,tensor([8.9200])
O=C(N1CCOCC1)N1CCN(C(c2ccccc2)c2ccc(Cl)cc2Cl)CC1,tensor([6.9600])
O=C(NC1CCCCC1)N1CCN(C(c2ccccc2)c2cc(Cl)ccc2Cl)CC1,tensor([8.2300])
COc1ccc(C(c2ccc(Cl)cc2Cl)N2CCN(C(=O)NC3CCCCC3)CC2)cc1,tensor([8.5900])
O=C(N1CCCCC1)N1CCN(C(c2ccccc2)c2ccc(Cl)cc2Cl)CC1,tensor([7.2500])
O=C(NC1CCCCC1)N1CCN(C(c2ccccc2)c2ccccc2)CC1,tensor([7.2800])
O=C(NC1CCCCC1)N1CCN(C(c2ccccc2)c2ccc(Cl)c(Cl)c2)CC1,tensor([7.2200])
O=C(NC1CCCCC1)N1CCN(C(c2ccc(F)cc2)c2ccc(Cl)cc2Cl)CC1,tensor([8.6000])
Cc1ccc(C(c2ccc(Cl)cc2Cl)N2CCN(C(=O)NN3CCCCC3)CC2)cc1,tensor([8.5200])
O=C(NC1CCCCC1)N1CCN(C(c2ccc(Oc3ccccc3)cc2)c2ccc(Cl)cc2Cl)CC1,tensor([8.9600])
O=C(NC1CCCCC1)N1CCN(C(c2ccccc2)c2ccc(Cl)cc2Cl)CC1,tensor([8.8000])
O=C(NC1CCCCC1)N1CCN(C(c2cccc(Cl)c2)c2ccc(Cl)cc2Cl)CC1,tensor([8.6400])
O=C(C1CCCCC1)N1CCN(C(c2ccccc2)c2ccc(Cl)cc2Cl)CC1,tensor([8.2400])
O=C(C1CCCCC1)N1CCN(C(c2ccccc2)c2ccccc2)CC1,tensor([6.7900])
O=C(NC1CCCCC1)N1CCN(C(c2ccccc2)c2c(Cl)cccc2Cl)CC1,tensor([8.6600])
CCCCNC(=O)N1CCN(C(c2ccccc2)c2ccccc2)CC1,tensor([6.6200])
Cc1ccc(C(c2ccc(Cl)cc2Cl)N2CCN(C(=O)NC3CCCCC3)CC2)cc1,tensor([9.8200])
S=C(NC1CCCCC1)N1CCN(C(c2ccccc2)c2ccc(Cl)cc2Cl)CC1,tensor([9.7000])
O=C(C1CCCC1)N1CCN(C(c2ccccc2)c2ccc(Cl)cc2Cl)CC1,tensor([6.1300])
O=C(NC1CCCCC1)N1CCN(C(c2ccc(Cl)cc2)c2ccc(Cl)cc2Cl)CC1,tensor([9.6400])
C=C(C)C1CCC(C)=CC1c1c(O)cc(CCCCC)cc1O,tensor([5.6200])
CCN1CCN(C(=O)c2cn3c4c(cccc24)OCC3C2CCCCC2)CC1,tensor([7.9000])
CC1CN(C(=O)c2cn3c4c(cccc24)OCC3C2CCCCC2)CCN1C,tensor([8.7000])
CCCCCn1cc(C(=O)NC23CC4CC(CC(C4)C2)C3)c(=O)c2cc(I)ccc21,tensor([5.6800])
CCCCCn1cc(C(=O)NC23CC4CC(CC(C4)C2)C3)c(=O)c2cc(-c3cnn(CC(C)C)c3)ccc21,tensor([6.6100])
CCCCCn1cc(C(=O)NC2C3(C)CCC(C3)C2(C)C)c(=O)c2cc(Br)ccc21,tensor([8.5500])
CCCCCn1cc(C(=O)NC23CC4CC(CC(C4)C2)C3)c(=O)c2cc(-n3cccc3)ccc21,tensor([7.5300])
CCCCCn1cc(C(=O)NC2CCCCC2)c(=O)c2cc(Br)ccc21,tensor([5.7700])
CCCCCn1cc(C(=O)NC23CC4CC(CC(C4)C2)C3)c(=O)c2cc(-c3cc(C)c(OC)c(C)c3)ccc21,tensor([6.2900])
CCCCCn1cc(C(=O)NC2C3(C)CCC(C3)C2(C)C)c(=O)c2cc(-c3ccco3)ccc21,tensor([6.3200])
C#CCn1cc(C(=O)NC23CC4CC(CC(C4)C2)C3)c(=O)c2cc(Br)ccc21,tensor([5.4900])
CCCCCn1cc(C(=O)NC23CC4CC(CC(C4)C2)C3)c(=O)c2cc(-c3ccc4cc(OC)ccc4c3)ccc21,tensor([6.4400])
CCCCCn1cc(C(=O)NC23CC4CC(CC(C4)C2)C3)c(=O)c2cc(CC)ccc21,tensor([6.0500])
CCCCCn1cc(C(=O)NC23CC4CC(CC(C4)C2)C3)c(=O)c2cc([S+]([O-])c3ccccc3)ccc21,tensor([6.3400])
CCCCCn1cc(C(=O)NN2CCCCC2)c(=O)c2cc(Br)ccc21,tensor([5.7200])
CCCCC1=NN(C(=O)NC(C)(C)c2ccccc2)CC1c1ccccc1,tensor([7.8500])
CCCCC1=NN(C(=O)NC2CC3CCC2(C)C3(C)C)C(C)(C)C1c1ccccc1,tensor([7.7900])
CCCCCC1=NN(C(=O)Nc2ccccc2C(F)(F)F)CC1c1ccccc1,tensor([7.1600])
CCCCCC1=NN(C(=O)NC2C3CC4CC(C3)CC2C4)CC1c1ccccc1,tensor([8.1900])
CCCCCC1=NN(C(=O)NCC23CC4CC(CC(C4)C2)C3)CC1c1ccccc1,tensor([7.7900])
CCCCC1=NN(C(=O)NC(C)(C)c2ccccc2)C(C)(C)C1c1ccccc1,tensor([8.0500])
CCCCCC1=NN(C(=O)NC23CC4CC(CC(C4)C2)C3)CC1c1ccccc1,tensor([7.1700])
CCCCCC1=NN(C(=O)NC2CC3CCC2(C)C3(C)C)CC1c1ccccc1,tensor([8.0800])
CCCCCC1=NN(C(=O)NC2CCCc3ccccc32)CC1c1ccccc1,tensor([7.4800])
CCCCCC1=NN(C(=O)Nc2cccc3ccccc23)CC1c1ccccc1,tensor([8.1300])
CCCCC1=NN(C(=O)NC(C)(C)c2ccccc2)CC1c1ccsc1,tensor([7.7100])
CCCCCN1N=C(C(=O)NC(C)(C)c2ccc(F)cc2)CC1c1ccccc1,tensor([6.9300])
CCCCCN1N=C(C(=O)NC2CC3CCC2(C)C3(C)C)CC1c1ccccc1,tensor([8.3300])
CCCCC1=NN(C(=O)NC(C)(C)c2ccc(F)cc2)CC1c1ccccc1F,tensor([7.5000])
CCCCCC1=NN(C(=O)NCC2CCCCC2)CC1c1ccccc1,tensor([7.8200])
CCCCCC1=NN(C(=O)NCc2ccccc2)CC1c1ccccc1,tensor([7.2900])
CCCCCC1=NN(C(=O)NC2CCCCCCC2)CC1c1ccccc1,tensor([7.9200])
CCCCCC1=NN(C(=O)NC2CCCCC2)CC1c1ccccc1,tensor([7.2800])
CCCCCC1=NN(C(=O)NC2CCCCCC2)CC1c1ccccc1,tensor([7.8200])
CCCCCN1N=C(C(=O)NC2C3CC4CC(C3)CC2C4)CC1c1ccccc1,tensor([8.0400])
CCCCCC1=NN(C(=O)c2cccc3ccccc23)CC1c1ccccc1,tensor([6.7900])
CCCCC1=NN(C(=O)NC(C)(C)c2ccc(F)cc2)CC1c1cccc(F)c1,tensor([7.3500])
Cc1c(C(=O)NCCCCCCCNCCCCCCCN)nn(-c2ccc(Cl)cc2Cl)c1-c1ccc(Cl)cc1,tensor([7.3300])
Cc1c(C(=O)NCCCCCCCCCN(C)CCCCCCCCCNC(=O)c2nn(-c3ccc(Cl)cc3Cl)c(-c3ccc(Cl)cc3)c2C)nn(-c2ccc(Cl)cc2Cl)c1-c1ccc(Cl)cc1,tensor([6.6100])
Cc1c(C(=O)NCCCCCN(C)CCCCCN)nn(-c2ccc(Cl)cc2Cl)c1-c1ccc(Cl)cc1,tensor([6.7900])
Cc1c(C(=O)NCCCCCCCN(C)CCCCCCCN)nn(-c2ccc(Cl)cc2Cl)c1-c1ccc(Cl)cc1,tensor([7.4300])
Cc1c(C(=O)NCCCCCCCCCCCN(C)CCCCCCCCCCCNC(=O)c2nn(-c3ccc(Cl)cc3Cl)c(-c3ccc(Cl)cc3)c2C)nn(-c2ccc(Cl)cc2Cl)c1-c1ccc(Cl)cc1,tensor([5.7200])
Cc1c(C(=O)NCCCCCCCCCCCNCCCCCCCCCCCN)nn(-c2ccc(Cl)cc2Cl)c1-c1ccc(Cl)cc1,tensor([8.3400])
Cc1c(C(=O)NCCNCCNC(=O)c2nn(-c3ccc(Cl)cc3Cl)c(-c3ccc(Cl)cc3)c2C)nn(-c2ccc(Cl)cc2Cl)c1-c1ccc(Cl)cc1,tensor([6.6400])
Cc1c(C(=O)NCCCCCNCCCCCNC(=O)c2nn(-c3ccc(Cl)cc3Cl)c(-c3ccc(Cl)cc3)c2C)nn(-c2ccc(Cl)cc2Cl)c1-c1ccc(Cl)cc1,tensor([7.1700])
Cc1c(C(=O)NCCNCCN)nn(-c2ccc(Cl)cc2Cl)c1-c1ccc(Cl)cc1,tensor([5.9100])
Cc1c(C(=O)NCCCNCCCNC(=O)c2nn(-c3ccc(Cl)cc3Cl)c(-c3ccc(Cl)cc3)c2C)nn(-c2ccc(Cl)cc2Cl)c1-c1ccc(Cl)cc1,tensor([6.7600])
Cc1c(C(=O)NCCCCCCCCCN(C)CCCCCCCCCN)nn(-c2ccc(Cl)cc2Cl)c1-c1ccc(Cl)cc1,tensor([8.])
Cc1c(C(=O)NCCCCCNCCCCCN)nn(-c2ccc(Cl)cc2Cl)c1-c1ccc(Cl)cc1,tensor([6.4600])
Cc1c(C(=O)NCCCCCCCCCCCNCCCCCCCCCCCNC(=O)c2nn(-c3ccc(Cl)cc3Cl)c(-c3ccc(Cl)cc3)c2C)nn(-c2ccc(Cl)cc2Cl)c1-c1ccc(Cl)cc1,tensor([7.])
Cc1c(C(=O)NCCCCCCCCCCCN(C)CCCCCCCCCCCN)nn(-c2ccc(Cl)cc2Cl)c1-c1ccc(Cl)cc1,tensor([7.8300])
Cc1c(C(=O)NCCCCCCCCCNCCCCCCCCCN)nn(-c2ccc(Cl)cc2Cl)c1-c1ccc(Cl)cc1,tensor([7.8500])
Cc1c(C(=O)NCCCCCCCN(C)CCCCCCCNC(=O)c2nn(-c3ccc(Cl)cc3Cl)c(-c3ccc(Cl)cc3)c2C)nn(-c2ccc(Cl)cc2Cl)c1-c1ccc(Cl)cc1,tensor([7.7600])
Cc1c(C(=O)NCCCCCCCCCNCCCCCCCCCNC(=O)c2nn(-c3ccc(Cl)cc3Cl)c(-c3ccc(Cl)cc3)c2C)nn(-c2ccc(Cl)cc2Cl)c1-c1ccc(Cl)cc1,tensor([7.2700])
Cc1c(C(=O)NCCCCCN(C)CCCCCNC(=O)c2nn(-c3ccc(Cl)cc3Cl)c(-c3ccc(Cl)cc3)c2C)nn(-c2ccc(Cl)cc2Cl)c1-c1ccc(Cl)cc1,tensor([7.4100])
Cc1c(C(=O)NCCCCCCCNCCCCCCCNC(=O)c2nn(-c3ccc(Cl)cc3Cl)c(-c3ccc(Cl)cc3)c2C)nn(-c2ccc(Cl)cc2Cl)c1-c1ccc(Cl)cc1,tensor([7.9100])
COc1cccc2c(C(=O)N3CCN4CCCCC4C3)cn(CC3CCCCC3)c12,tensor([8.6000])
CCCCCCC(C)NC(=O)c1nn(-c2ccc(Cl)cc2Cl)c(-n2cccc2)c1C,tensor([6.8000])
Cc1c(C(=O)NCCC(C)(C)C)nn(-c2ccc(Cl)cc2Cl)c1-n1cccc1,tensor([7.3400])
CCCCCCNC(=O)c1nn(-c2ccc(Cl)cc2Cl)c(-n2cccc2)c1C,tensor([6.9100])
CCCNC(=O)c1nn(-c2ccc(Cl)cc2Cl)c(-n2c(C)ccc2C)c1C,tensor([6.5400])
Cc1c(C(=O)NCCCCCO)nn(-c2ccc(Cl)cc2Cl)c1-n1c(C)ccc1C,tensor([6.4300])
Cc1c(C(=O)NC(C)C)nn(-c2ccc(Cl)cc2Cl)c1-n1cccc1,tensor([6.2900])
CCCCCNC(=O)c1nn(-c2ccc(Cl)cc2Cl)c(-n2c(C)ccc2C)c1C,tensor([6.7400])
Cc1c(C(=O)NCCC(C)(C)C)nn(-c2ccc(F)cc2F)c1-n1c(C)ccc1C,tensor([7.0400])
CCCCNC(=O)c1nn(-c2ccc(Cl)cc2Cl)c(-n2cccc2)c1C,tensor([6.5600])
CCC(C)(C)NC(=O)c1nn(-c2ccc(Cl)cc2Cl)c(-n2cccc2)c1C,tensor([7.3200])
CCCCCCCNC(=O)c1nn(-c2ccc(Cl)cc2Cl)c(-n2c(C)ccc2C)c1C,tensor([7.0100])
CCCCCCC(C)NC(=O)c1nn(-c2ccc(Cl)cc2Cl)c(-n2c(C)ccc2C)c1C,tensor([6.9800])
CCCNC(=O)c1nn(-c2ccc(Cl)cc2Cl)c(-n2cccc2)c1C,tensor([6.2600])
Cc1c(C(=O)NC(C)(C)C)nn(-c2ccc(Cl)cc2Cl)c1-n1c(C)ccc1C,tensor([6.8200])
CCC(C)(C)NC(=O)c1nn(-c2ccc(Cl)cc2Cl)c(-n2c(C)ccc2C)c1C,tensor([6.7100])
Cc1c(C(=O)NC(C)C)nn(-c2ccc(Cl)cc2Cl)c1-n1c(C)ccc1C,tensor([6.6300])
Cc1c(C(=O)NC(C)(C)C)nn(-c2ccc(Cl)cc2Cl)c1-n1cccc1,tensor([7.0500])
CCCCCCCNC(=O)c1nn(-c2ccc(F)cc2F)c(-n2c(C)ccc2C)c1C,tensor([6.4300])
CCCCCNC(=O)c1nn(-c2ccc(Cl)cc2Cl)c(-n2cccc2)c1C,tensor([7.0900])
CCCCCCNC(=O)c1nn(-c2ccc(F)cc2F)c(-n2c(C)ccc2C)c1C,tensor([6.5100])
CCCCNC(=O)c1nn(-c2ccc(Cl)cc2Cl)c(-n2c(C)ccc2C)c1C,tensor([6.9100])
CCCCCCCNC(=O)c1nn(-c2ccc(Cl)cc2Cl)c(-n2cccc2)c1C,tensor([6.6800])
Cc1c(C(=O)NCCC(C)(C)C)nn(-c2ccc(Cl)cc2Cl)c1-n1c(C)ccc1C,tensor([7.4300])
Cc1c(C(=O)NCCCCCO)nn(-c2ccc(Cl)cc2Cl)c1-n1cccc1,tensor([6.2700])
CCCCCn1cc(C(=O)NC23CC4CC(CC(C4)C2)C3)c(=O)cc1-c1ccccc1Cl,tensor([7.4600])
CCCCCn1cc(C(=O)NC23CC4CC(CC(C4)C2)C3)c(=O)cc1-c1cccc(Cl)c1,tensor([7.2900])
CCCCCn1cc(C(=O)NC2CCCCC2)c(=O)cc1-c1ccccc1,tensor([6.0300])
CCCCCn1cc(C(=O)NCC23CC4CC(C)(CC(C)(C4)C2)C3)c(=O)cc1-c1ccccc1,tensor([6.3400])
CCCCCn1cc(C(=O)NC2CCCc3ccccc32)c(=O)cc1-c1ccccc1,tensor([6.8800])
CCCCCn1cc(C(=O)NCC23CC4CC(CC(C4)C2)C3)c(=O)cc1-c1ccccc1,tensor([6.2000])
CCCCCn1cc(C(=O)NC23CC4CC(CC(C4)C2)C3)c(=O)cc1-c1ccc(C)cc1,tensor([6.8700])
CCCCCCn1cc(C(=O)NC23CC4CC(CC(C4)C2)C3)c(=O)cc1-c1ccccc1,tensor([6.2200])
CCCCCn1cc(C(=O)NC23CC4CC(CC(C4)C2)C3)c(=O)cc1-c1ccc(OC)cc1,tensor([6.4200])
CCCCCn1cc(C(=O)NC23CC4CC(CC(C4)C2)C3)c(=O)cc1-c1ccccc1,tensor([6.2300])
CCCCCn1cc(C(=O)NC(C)C23CC4CC(CC(C4)C2)C3)c(=O)cc1-c1ccccc1,tensor([6.4300])
FC(F)(F)c1cccc(-c2c[nH]c(-c3cccc(CN4CCOCC4)c3)n2)c1,tensor([6.])
Cc1c(C(C)(C)C)sc(=NC(=O)c2ccc(OC(F)(F)F)cc2)n1CC1CC1,tensor([5.9600])
Cc1c(C(C)(C)C)sc(=NS(=O)(=O)c2cccc3ccccc23)n1C1CC1,tensor([5.7700])
COCCn1c(C)c(C)sc1=NC(=O)C1C(C)(C)C1(C)C,tensor([6.5700])
COc1ccc2c(c1)c(CCN1CCOCC1)c(C)n2C(=O)c1cccc(Cl)c1Cl,tensor([5.7200])
Cc1nc(C(=O)Nc2ccccc2C(F)(F)F)c(C)n1-c1ccccc1,tensor([5.8500])
CC1(C)C(C(=O)c2cn(CCN3CCOCC3)c3cccc(N)c23)C1(C)C,tensor([5.4600])
CC1(C)C(C(=O)c2cn(CC3CCOCC3)c3cc(O)ccc23)C1(C)C,tensor([5.5300])
CC1(C)C(C(=O)c2cn(CC3CCOCC3)c3ccc(N)cc23)C1(C)C,tensor([6.])
C=C1CCC2C(C1)c1c(OC)cc(C(C)(C)CCCCCC)cc1OC2(C)C,tensor([5.3100])
Cc1ccc2c(c1)Cc1c(C(=O)NN3CCCCC3)nn(-c3ccc(Cl)cc3Cl)c1-2,tensor([6.4400])
CCC(C)(C)C(=O)Cc1cc(C)c(C)c(S(=O)(=O)N2CCCCCC2)c1,tensor([5.7500])
CCCCCCC(C)(C)c1cc(OC)c2c(c1)OC(C)(C)C1CC=C(C)CC21,tensor([5.9800])
COCCn1c(C)c(C(C)(C)C)sc1=NC(=O)c1ccc(C(F)(F)F)cc1,tensor([5.3900])
COc1ccc(OC)c2c(=O)c(C(=O)NC34CC5CC(CC(C5)C3)C4)c[nH]c12,tensor([5.6800])
CCC(C)(C)C(=O)Cc1cc(C)c(C)c(S(=O)(=O)N2CCCCC2)c1,tensor([6.1900])
Cc1ccc2c(=O)c(C(=O)NC3CCCC3)cn(CCN3CCOCC3)c2n1,tensor([6.])
CCCCCCC1(c2cc(O)c3c(c2)OC(C)(C)C2CC=C(C)CC32)CC1,tensor([9.])
CC1=CCC2C(C1)c1c(O)cc(C3(C4CCCCC4)SCCS3)cc1OC2(C)C,tensor([8.7300])
CCCCCCC1(c2cc(O)c3c(c2)OC(C)(C)C2CC=C(C)CC32)CC1(Cl)Cl,tensor([8.7400])
CC1=CCC2C(C1)c1c(O)cc(C3(C#N)CCCCC3)cc1OC2(C)C,tensor([8.0800])
CC1=CCC2C(C1)c1c(OC(=O)CCCN3CCOCC3)cc(C(C)(C)CCCCC#N)cc1OC2(C)C,tensor([8.0800])
CCCCCn1c(C)c(C(=O)c2cccc3ccccc23)c2ccccc21,tensor([8.0200])
CCCCCCC1CCCc2c1cc1c(c2O)C2CC(C)=CCC2C(C)(C)O1,tensor([7.6500])
CCCCCCC1(c2cc(O)c3c(c2)OC(C)(C)C2CC=C(C)CC32)OCCO1,tensor([9.3000])
Cc1c(C(C)(C)C)sc(=NC(=O)c2ccc(Br)cc2)n1CC1CC1,tensor([7.2800])
CCCCCn1c(C)c(C(=O)c2ccc(CCC)c3ccccc23)c2ccccc21,tensor([8.8900])
CC1=CCC2C(C1)c1c(O)cc(-c3cccc4ccccc34)cc1OC2(C)C,tensor([7.9300])
CC1=CCC2C(C1)c1c(O)cc(C(C)(C)C3CCCCCC3)cc1OC2(C)C,tensor([9.0300])
N#Cc1c(Oc2cccc(OS(=O)(=O)CCCC(F)(F)F)c2)cccc1C(F)(F)F,tensor([7.3200])
CC1(C)C(C(=O)c2cn(CC3CCOCC3)c3c(COc4ccccc4)cccc23)C1(C)C,tensor([7.5500])
CCCCCn1c(C)c(C(=O)c2ccc(CCCC)c3ccc(C)cc23)c2ccccc21,tensor([7.3800])
CN(CC(N)=O)Cc1nc(-c2cn(CC3CCOCC3)c3c(Cl)cccc23)no1,tensor([8.4000])
COc1cccc2c(C(=O)N3CC(C)N(C)C(C)C3)cn(CC3CCCCC3)c12,tensor([8.9000])
CC(C)(O)CCNC(=O)c1cc2cc(C#N)ccc2n1Cc1cccc(OC(F)(F)F)c1,tensor([8.3000])
CC(C)(CO)CNC(=O)c1cc2cc(C#N)ccc2n1Cc1cccc(OC(F)(F)F)c1,tensor([9.1000])
COc1ccc(C(F)(F)F)cc1Cn1c(C(=O)NCC(C)(C)O)cc2cc(C#N)ccc21,tensor([8.1200])
COc1ccc(OC(F)(F)F)cc1Cn1c(C(=O)NCC(C)(C)O)cc2cc(C#N)ccc21,tensor([8.2600])
Cc1ccc(C(F)(F)F)cc1Cn1c(C(=O)NCCC(C)(C)O)cc2cc(C#N)ccc21,tensor([8.3600])
C#CCCCC(=O)OCC(C)NC(=O)CCCC=CCC=CCC=CCC=CCCCCC,tensor([5.7000])
C#CCCCC(=O)NC(Cc1ccc(C(=O)c2ccccc2)cc1)C(=O)OCC(C)NC(=O)CCCC=CCC=CCC=CCC=CCCCCC,tensor([5.7000])
C#CCCCC(=O)OCC(CO)OCCCCC=CCC=CCC=CCC=CCCCCC,tensor([7.0700])
CCCCCC=CCC=CCC=CCC=CCCCCOC(CO)CO,tensor([7.6000])
CCCCCC=CCC=CCC=CCC=CCCCC(=O)OC(CO)CO,tensor([6.3200])
CC(CO)NC(=O)CCCC=CCC=CCC=CCC=CCCCCOC(=O)CCCCCNC(=O)CCCCC1SCC2NC(=O)NC21,tensor([5.7000])
CCCCCC=CCC=CCC=CCC=CCCCCOC(CO)COC(=O)CCCCCNC(=O)CCCCC1SCC2NC(=O)NC21,tensor([6.6600])
CCCCCC=CCC=CCC=CCC=CCCCC(=O)NC(C)COC(=O)CCCCCNC(=O)CCCCC1SCC2NC(=O)NC21,tensor([5.7000])
COc1cc(C(=O)NC2(C(=O)NC(C)c3ccc(-n4ccc(-c5ccccc5)n4)cc3F)CC2)on1,tensor([6.2100])
CC(NC(=O)C1(NC(=O)c2ccc(Br)nc2)CC1)c1ccc(-n2nc(Cl)c3ccccc32)cc1F,tensor([9.3100])
Cc1ccc(C(=O)NC2(C(=O)NC(C)c3ccc(-n4nc(Cl)c5ccccc54)cc3F)CC2)cn1,tensor([8.8500])
COc1cc(C(=O)NC2(C(=O)NC(C)c3ccc(-n4cccn4)cc3F)CC2)on1,tensor([6.6600])
COC(=O)c1c(F)cccc1-c1ccc(CNC(=O)C2(NC(=O)C(F)(F)F)CC2)c(F)c1,tensor([8.8200])
Cc1cncc(C(=O)NC2(C(=O)NC(C)c3ccc(-n4nc(Cl)c5ccccc54)cc3F)CC2)c1,tensor([9.3300])
CC(NC(=O)C1(NC(=O)c2cncc(Cl)c2)CC1)c1ccc(-n2nc(Cl)c3ccccc32)cc1F,tensor([9.7000])
COc1cc(C(=O)NC2(C(=O)NC(C)c3ccc(-n4[nH]c(=O)c5ccccc54)cc3F)CC2)on1,tensor([6.4700])
COc1cc(C(=O)NC2(C(=O)NC(C)c3ccc(-n4cc(-c5ccccc5)cn4)cc3F)CC2)on1,tensor([6.2900])
CC(NC(=O)C1(NC(=O)c2cn[nH]c2)CC1)c1ccc(-n2nc(Cl)c3ccccc32)cc1F,tensor([9.4200])
COc1ncc(C(=O)NC2(C(=O)NC(C)c3ccc(-n4nc(Cl)c5ccccc54)cc3F)CC2)s1,tensor([9.5400])
CC(NC(=O)C1(NC(=O)c2cncc(F)c2)CC1)c1ccc(-n2nc(Cl)c3ccccc32)cc1F,tensor([9.4300])
Cc1ncsc1C(=O)NC1(C(=O)NC(C)c2ccc(-n3nc(Cl)c4ccccc43)cc2F)CC1,tensor([8.0900])
COc1cc(C(=O)NC2(C(=O)NC(C)c3ccc(-n4nc(C)c5c4CCCC5)cc3F)CC2)on1,tensor([8.])
CC(NC(=O)C1(NC(=O)c2cccnc2)CC1)c1ccc(-n2nc(Cl)c3ccccc32)cc1F,tensor([8.8200])
CC(NC(=O)C1(NC(=O)c2cncc(Br)c2)CC1)c1ccc(-n2nc(Cl)c3ccccc32)cc1F,tensor([9.9200])
CC(NC(=O)C1(NC(=O)c2cncs2)CC1)c1ccc(-n2nc(Cl)c3ccccc32)cc1F,tensor([9.2700])
COc1cc(C(=O)NC2(C(=O)NC(C)c3ccc(-n4nc(C)c5ccccc54)cc3F)CC2)on1,tensor([8.8900])
CC(NC(=O)C1(NC(=O)C(F)(F)F)CC1)c1ccc(-n2nc(Cl)c3ccccc32)cc1F,tensor([7.9600])
COc1cc(C(=O)NC2(C(=O)NC(C)c3ccc(-n4nc(C#N)c5ccccc54)cc3F)CC2)on1,tensor([8.6200])
COc1cc(C(=O)NC2(C(=O)NC(C)c3ccc(-n4nc(Br)c5ccccc54)cc3F)CC2)on1,tensor([9.0900])
COc1cc(C(=O)NC2(C(=O)NC(C)c3ccc(-n4ncc5ccccc54)cc3F)CC2)on1,tensor([7.9600])
CCc1nn(-c2ccc(C(C)NC(=O)C3(NC(=O)c4cc(OC)no4)CC3)c(F)c2)c2ccccc12,tensor([7.7200])
COc1cc(C(=O)NC2(C(=O)NC(C)c3ccc(-n4ncc5c4CCCC5)cc3F)CC2)on1,tensor([7.5700])
CC(NC(=O)C1(NC(=O)c2cncc(Cl)n2)CC1)c1ccc(-n2nc(Cl)c3ccccc32)cc1F,tensor([8.9200])
Cc1nnsc1C(=O)NC1(C(=O)NC(C)c2ccc(-n3nc(Cl)c4ccccc43)cc2F)CC1,tensor([9.1500])
COc1cc(C(=O)NC2(C(=O)NC(C)c3ccc(-n4nc(Cl)c5ccccc54)cc3F)CC2)on1,tensor([9.1700])
CC(NC(=O)C1(NC(=O)c2ccnnc2)CC1)c1ccc(-n2nc(Cl)c3ccccc32)cc1F,tensor([9.1900])
CC(NC(=O)C1(NC(=O)c2cnccn2)CC1)c1ccc(-n2nc(Cl)c3ccccc32)cc1F,tensor([7.7800])
COc1cc(C(=O)NC2(C(=O)NC(C)c3ccc(-n4nc(-c5ccccc5)c5ccccc54)cc3F)CC2)on1,tensor([7.0900])
CC(NC(=O)C1(NC(=O)c2cncnc2)CC1)c1ccc(-n2nc(Cl)c3ccccc32)cc1F,tensor([9.7400])
COc1cc(C(=O)NC2(C(=O)NC(C)c3ccc(-n4nc(OC)c5ccccc54)cc3F)CC2)on1,tensor([7.6800])
COc1cc(C(=O)NC2(C(=O)NC(C)c3ccc(-n4nc(C5CC5)c5ccccc54)cc3F)CC2)on1,tensor([7.4800])
Cc1c(CCN2CCOCC2)c2cc(OCC[18F])ccc2n1C(=O)c1cccc(Cl)c1Cl,tensor([5.])
CCCCCOc1cccc2c(=O)c(C(=O)NC34CC5CC(CC(C5)C3)C4)c[nH]c12,tensor([6.5800])
CCC1COc2cccc3c(=O)c(C(=O)NC45CC6CC(CC(C6)C4)C5)cn1c23,tensor([6.])
CCCCCn1cc(C(=O)NC23CC4CC(CC(C4)C2)C3)c(=O)c2cccc([N+](=O)[O-])c21,tensor([6.7000])
CCCCCn1c(=O)c(C(=O)NC23CC4CC(CC(C4)C2)C3)c(O)c2cc(-c3ccco3)ccc21,tensor([6.5700])
CCCCCn1c(=O)c(C(=O)NC23CC4CC(CC(C4)C2)C3)cc2ccccc21,tensor([7.5000])
CCCCCc1cc(O)c(CC=C(C)CCC=C(C)CCC=C(C)C)c(O)c1,tensor([6.1200])
CCCCCc1cc(O)c(CC=C(C)CCC=C(C)C)c(O)c1,tensor([6.1200])
COCCn1cc(C(=O)c2cccc3ccccc23)c2cccnc21,tensor([6.3000])
CCCCCn1cc(C(=O)c2cccc3ccccc23)c2ccncc21,tensor([6.8000])
CCCCCn1cc(C(=O)c2ccc(-c3ccccc3)cc2)c2ccccc21,tensor([7.5000])
COCCn1cc(C(=O)c2cccc(-c3ccccc3)c2)c2ccccc21,tensor([6.6000])
CCCCCn1cc(C(=O)c2ccccc2-c2ccccc2)c2ccccc21,tensor([8.2000])
CCCCCn1cc(C(=O)c2cccc(-c3ccccc3)c2)c2ccccc21,tensor([8.1000])
CCCCCn1cc(C(=O)Nc2cccc3ccccc23)c2ccccc21,tensor([8.9000])
CCCCCn1cc(C(=O)Nc2ccc3ccccc3c2)c2ccccc21,tensor([7.2000])
CCCCCn1cc(C(=O)c2cccc3ccccc23)c2ccccc21,tensor([8.7000])
CCCCCn1cc(C(=O)c2cccc3ccccc23)c2cccnc21,tensor([7.9000])
COCCn1cc(C(=O)c2ccccc2-c2ccccc2)c2ccccc21,tensor([6.6000])
CCCCCn1cc(C(=O)c2cccc3ccccc23)c2cnccc21,tensor([6.5000])
N#CC(=Cc1cn(CCN2CCOCC2)c2ccccc12)S(=O)(=O)c1ccccc1,tensor([7.2100])
Cc1c(C(=O)NCCCCCCCNS(C)(=O)=O)nn(-c2ccc(Cl)cc2Cl)c1-c1ccc(Cl)cc1,tensor([6.8000])
Cc1c(C(=O)NCC2CCC(CNS(C)(=O)=O)CC2)nn(-c2ccc(Cl)cc2Cl)c1-c1ccc(Cl)cc1,tensor([7.4400])
Cc1c(C(=O)NCC2CCC(CNS(N)(=O)=O)CC2)nn(-c2ccc(Cl)cc2Cl)c1-c1ccc(Cl)cc1,tensor([6.9700])
Cc1c(C(=O)Nc2ccncc2)nn(-c2ccc(Cl)cc2Cl)c1-c1ccc(Cl)cc1,tensor([7.2500])
Cc1c(C(=O)NCCCCCCCNS(N)(=O)=O)nn(-c2ccc(Cl)cc2Cl)c1-c1ccc(Cl)cc1,tensor([7.3100])
Cc1ccc(NC(=O)c2nn(-c3ccc(Cl)cc3Cl)c(-c3ccc(Cl)cc3)c2C)cn1,tensor([6.9900])
Cc1c(C(=O)Nc2cc[n+]([O-])cc2)nn(-c2ccc(Cl)cc2Cl)c1-c1ccc(Cl)cc1,tensor([6.5300])
Cc1c(C(=O)Nc2ccc(C)[n+](C)c2)nn(-c2ccc(Cl)cc2Cl)c1-c1ccc(Cl)cc1,tensor([5.7700])
Cc1c(C(=O)NC2CCCCC2)nn(-c2ccc(Cl)cc2Cl)c1-n1c(Cl)ccc1Cl,tensor([8.0300])
Cc1c(C(=O)NC2CCCCC2)nn(-c2ccc(Cl)cc2Cl)c1-n1cc2c(c1)CCCC2,tensor([8.6400])
CCc1c(C(=O)NCc2ccc(Cl)c(Cl)c2)nn(-c2ccc(Cl)cc2Cl)c1-n1cccc1,tensor([7.3100])
CCc1c(C(=O)NC2CCCCC2)nn(-c2ccc(Cl)cc2Cl)c1-n1c(C)ccc1C,tensor([8.1700])
CCc1c(C(=O)NC2CCCCC2)nn(-c2ccc(Cl)cc2Cl)c1-n1cccc1,tensor([8.5200])
Cc1c(C(=O)NC2CCCCC2)nn(-c2ccc(Cl)c(Cl)c2)c1-n1c(Cl)ccc1Cl,tensor([8.2500])
CCc1c(C(=O)NC2CCCCC2)nn(-c2ccc(Cl)c(Cl)c2)c1-n1c(C)ccc1C,tensor([7.3200])
Cc1c(C(=O)NCc2ccc(Cl)c(Cl)c2)nn(-c2ccc(Cl)c(Cl)c2)c1-n1c(Cl)ccc1Cl,tensor([7.2500])
Cc1c(C(=O)NCc2ccc(Cl)c(Cl)c2)nn(-c2ccc(Cl)cc2Cl)c1-n1cc2c(c1)CCCC2,tensor([7.3400])
Cc1c(C(=O)NC2CCCCC2)nn(-c2ccc(Cl)cc2Cl)c1-n1cccc1Cl,tensor([8.1100])
Cc1c(C(=O)NCc2ccc(Cl)c(Cl)c2)nn(-c2ccc(Cl)cc2Cl)c1-n1cccc1Cl,tensor([7.6000])
CCc1ccc(CC)n1-c1c(C)c(C(=O)NC2CCCCC2)nn1-c1ccc(Cl)c(Cl)c1,tensor([6.8700])
CCc1c(C(=O)NCc2ccc(Cl)c(Cl)c2)nn(-c2ccc(Cl)c(Cl)c2)c1-n1c(C)ccc1C,tensor([6.0100])
Cc1c(C(=O)NCc2ccc(Cl)c(Cl)c2)nn(-c2ccc(Cl)cc2Cl)c1-n1c(Cl)ccc1Cl,tensor([7.1800])
CCc1c(C(=O)NCc2ccc(Cl)c(Cl)c2)nn(-c2ccc(Cl)c(Cl)c2)c1-n1cccc1,tensor([6.3400])
Cc1c(C(=O)NC2CCCCC2)nn(-c2ccc(Cl)c(Cl)c2)c1-n1cccc1Cl,tensor([8.0700])
Cc1c(C(=O)NCc2ccc(Cl)c(Cl)c2)nn(-c2ccc(Cl)c(Cl)c2)c1-n1cccc1Cl,tensor([7.1300])
CCCCCCc1ccc(O)cc1OCCCCCCCC(=O)OC(CO)CO,tensor([6.1000])
CCCCCCC(C)(C)c1cc(O)cc(OCCCCCCOC(CO)CO)c1,tensor([6.7700])
CCCCCc1cc(O)cc(OCCCCCCCCCCC(=O)OC(CO)CO)c1,tensor([5.2500])
CCCCCCC(C)(C)c1cc(O)cc(OCCCCCCCCCCC(=O)OC(CO)CO)c1,tensor([8.])
CCCCCCC(C)(C)c1cc(O)cc(OCCCCCCCCCCOC(CO)CO)c1,tensor([5.5300])
CCCCCCC(C)(C)c1cc(O)cc(OCCCCCCCCCCCCOC(CO)CO)c1,tensor([5.9800])
CCCCCCc1ccc(O)cc1OCCCCCCCCCCC(=O)OC(CO)CO,tensor([7.2200])
CCCCCc1cc(O)cc(OCCCCCCOC(CO)CO)c1,tensor([6.3700])
CCCCCCC(C)(C)c1cc(O)cc(OCCCCCCCCCCCC(=O)OC(CO)CO)c1,tensor([5.5700])
CCCCCCC(C)(C)c1cc(O)cc(OCCCCCCCC(=O)OC(CO)CO)c1,tensor([5.9500])
CCCCCc1cc(O)cc(OCCCCCCCCCCCCOC(CO)CO)c1,tensor([5.4200])
CCCCCc1cc(O)cc(OCCCCCCCC(=O)OC(CO)CO)c1,tensor([5.2500])
CCCCCCC(C)(C)c1cc(O)cc(OCCCCCCCCOC(CO)CO)c1,tensor([6.5700])
CCCCCc1cc(O)cc(OCCCCCCCCOC(CO)CO)c1,tensor([5.7300])
CCCCCCCCCCCCCC=CCCC(=O)N(C)C(CO)COC,tensor([5.8900])
CCCCCC=CCC=CCC=CCC=CCCCC(=O)N(C)c1c(C)n(C)n(-c2ccccc2)c1=O,tensor([5.1100])
CCCCCC=CCC=CCC=CCC=CCCCC(=O)Nc1c(C)n(C)n(-c2ccccc2)c1=O,tensor([5.5400])
CCOc1ccc(Cc2nc3cc(N(C)S(=O)(=O)c4cccs4)ccc3n2CC2CCCCC2)nc1,tensor([8.5200])
CCS(=O)(=O)n1c2c(c3cc(C(=O)N4CCC(C)CC4)ccc31)CN(C1CCCC1)CC2,tensor([7.7700])
CCCC(=O)n1c2c(c3cc(C(=O)N4CCC(C)CC4)ccc31)CN(C1CCOCC1)CC2,tensor([6.9900])
CCS(=O)(=O)n1c2c(c3cc(C(=O)N4CCC(C)CC4)ccc31)CN(C1CCOC1)CC2,tensor([6.7100])
CC1CCN(C(=O)c2ccc3c(c2)c2c(n3S(=O)(=O)C(C)C)CCN(C3CCOCC3)C2)CC1,tensor([6.7700])
CC1CCN(C(=O)c2ccc3[nH]c4c(c3c2)CN(C2CCCC2)CC4)CC1,tensor([6.5800])
CC1CCN(C(=O)c2ccc3c(c2)c2c(n3S(=O)(=O)N(C)C)CCN(C3CCCC3)C2)CC1,tensor([7.6600])
CCS(=O)(=O)n1c2c(c3cc(C(=O)N4CCC(C)CC4)ccc31)CN(C1CCOCC1)CC2,tensor([6.9200])
CC1CCN(C(=O)c2ccc3c(c2)c2c(n3S(=O)(=O)N(C)C)CCN(C3CCOCC3)C2)CC1,tensor([6.9600])
CCn1c2c(c3cc(C(=O)N4CCC(C)CC4)ccc31)CN(C1CCCC1)CC2,tensor([7.4700])
CCNS(=O)(=O)n1c2c(c3cc(C(=O)N4CCC(C)CC4)ccc31)CN(C1CCOCC1)CC2,tensor([6.3700])
Cn1c2c(c3cc(C(=O)N4CCCCC4)ccc31)CN(C1CCOCC1)CC2,tensor([6.6500])
CC1CCN(C(=O)c2ccc3c(c2)c2c(n3C)CCN(C3CCOCC3)C2)CC1,tensor([7.1200])
CCCn1c2c(c3cc(C(=O)N4CCC(C)CC4)ccc31)CN(C1CCOCC1)CC2,tensor([7.2400])
C=CCn1c2c(c3cc(C(=O)N4CCC(C)CC4)ccc31)CN(C1CCCCC1)CC2,tensor([7.2500])
CCCCCOc1ccc(C(=O)c2cccc3ccccc23)c2ccccc12,tensor([7.4600])
CCCn1c2c(c3cc(C(=O)N4CCC(C)CC4)ccc31)CN(C1CCCC1)CC2,tensor([7.8200])
CC1CCN(C(=O)c2ccc3c(c2)c2c(n3C(=O)N(C)C)CCN(C3CCOCC3)C2)CC1,tensor([5.6200])
CCCS(=O)(=O)n1c2c(c3cc(C(=O)N4CCC(C)CC4)ccc31)CN(C1CCOC1)CC2,tensor([6.5000])
CC1CCN(C(=O)c2ccc3c(c2)c2c(n3C)CCN(C3CCCC3)C2)CC1,tensor([7.5000])
C=CCn1c2c(c3cc(C(=O)N4CCC(C)CC4)ccc31)CN(CC1CC1)CC2,tensor([6.8400])
CCOc1ccc(Cn2c3c(c4cc(C(=O)N5CCC(C)CC5)ccc42)CN(C2CCOCC2)CC3)cc1,tensor([7.2900])
CCCS(=O)(=O)n1c2c(c3cc(C(=O)N4CCC(C)CC4)ccc31)CN(C1CCOCC1)CC2,tensor([6.9400])
CC1CCN(C(=O)c2ccc3c(c2)c2c(n3S(=O)(=O)c3ccccc3)CCN(C3CCOCC3)C2)CC1,tensor([7.5100])
CC1CCN(C(=O)c2ccc3c(c2)c2c(n3S(C)(=O)=O)CCN(C3CCCC3)C2)CC1,tensor([7.4400])
C=CCn1c2c(c3cc(C(=O)N4CCC(C)CC4)ccc31)CN(C1CCCC1)CC2,tensor([8.0500])
CC1CCN(C(=O)c2ccc3c(c2)c2c(n3S(=O)(=O)n3ccnc3)CCN(C3CCOCC3)C2)CC1,tensor([6.2300])
CC1CCN(C(=O)c2ccc3c(c2)c2c(n3S(C)(=O)=O)CCN(C3CCOCC3)C2)CC1,tensor([6.6200])
CN(Cc1ccccc1)C(=O)N1CC(OC(c2ccc(Cl)cc2)c2cccnc2Cl)C1,tensor([8.8200])
CCCNC(=O)c1c(NC(=O)C23CC4CC(CC2C4)C3)sc2c1CCOC2,tensor([5.8100])
O=C(c1c(NC(=O)C23CC4CC(CC2C4)C3)sc2c1CCOC2)N1CC(F)(F)C1,tensor([5.4700])
O=C(NCCO)C1CCN(Cc2nc(-c3cn(CC4CCOCC4)c4c(Cl)cccc34)no2)CC1,tensor([8.4000])
O=C(NCCO)C1CCCN(Cc2nc(-c3cn(CC4CCS(=O)(=O)CC4)c4c(Cl)cccc34)ns2)C1,tensor([7.5000])
NC(=O)CN1CCN(Cc2nc(-c3cn(CC4CCOCC4)c4c(Cl)cccc34)no2)CC1,tensor([7.7000])
O=C(NC(C(=O)O)C1CCCCC1)c1cc2c(n(CC3CCCCC3)c1=O)CCCCCC2,tensor([5.5100])
O=C(NC1(C(=O)O)CCCCC1)c1cc2c(n(CC3CCCCC3)c1=O)CCCCCC2,tensor([6.7400])
O=C(NC1(C(=O)O)CCCC1)c1cc2c(n(CC3CCCCC3)c1=O)CCCCCC2,tensor([6.5900])
CC(C)(NC(=O)c1cc2c(n(CC3CCCCC3)c1=O)CCCCCC2)C(=O)O,tensor([5.8700])
O=C(NC1(C(=O)O)CCCCC1)c1cc2c(n(Cc3ccc(F)cc3)c1=O)CCCCCC2,tensor([6.5800])
CCc1c(C)cc(C(=O)NC2(C(=O)O)CCCCC2)c(=O)n1Cc1ccc(F)cc1,tensor([5.3900])
O=C(O)CNC(=O)c1cc2c(n(CC3CCCCC3)c1=O)CCCCCC2,tensor([5.9800])
O=C(NC1(C(=O)O)CCCCCCC1)c1cc2c(n(CC3CCCCC3)c1=O)CCCCCC2,tensor([6.1000])
N#Cc1ccc(Cn2c3c(cc(C(=O)NC4(C(=O)O)CCCCC4)c2=O)CCCCCC3)cc1,tensor([5.4000])
CC(=O)NCCNC(=O)C(C)(C)NC(=O)c1cc2c(n(CC3CCCCC3)c1=O)CCCCCC2,tensor([8.3300])
CC(C)(NC(=O)c1cc2c(n(CC3CCCCC3)c1=O)CCCCCC2)C(=O)N1CCC(C(N)=O)CC1,tensor([8.3100])
CC(C)(NC(=O)c1cc2c(n(CC3CCCCC3)c1=O)CCCCCC2)C(=O)NNS(C)(=O)=O,tensor([7.5000])
CC(C)(NC(=O)c1cc2c(n(CC3CCCCC3)c1=O)CCCCCC2)C(=O)NCCCO,tensor([8.2000])
COC(=O)C(C)(C)NC(=O)c1cc2c(n(CC3CCCCC3)c1=O)CCCCCC2,tensor([8.7700])
CC(C)(NC(=O)c1cc2c(n(CC3CCCCC3)c1=O)CCCCCC2)C(=O)NN,tensor([7.5200])
CC(C)(NC(=O)c1cc2c(n(CC3CCCCC3)c1=O)CCCCCC2)C(=O)N1CCC(C(=O)O)CC1,tensor([5.5300])
CC(C)(NC(=O)c1cc2c(n(CC3CCCCC3)c1=O)CCCCCC2)C(=O)NCCOCCO,tensor([8.4700])
CC(C)(NC(=O)c1cc2c(n(CC3CCCCC3)c1=O)CCCCCC2)C(=O)N1CCC(O)CC1,tensor([8.1000])
CC(C)(NC(=O)c1cc2c(n(CC3CCCCC3)c1=O)CCCCCC2)C(=O)NCCCCCO,tensor([8.2400])
CC(C)(NC(=O)c1cc2c(n(CC3CCCCC3)c1=O)CCCCCC2)C(=O)N1CCC(C(=O)NS(C)(=O)=O)CC1,tensor([6.6600])
CN(CCO)C(=O)C(C)(C)NC(=O)c1cc2c(n(CC3CCCCC3)c1=O)CCCCCC2,tensor([8.5400])
CC(C)(NC(=O)c1cc2c(n(CC3CCCCC3)c1=O)CCCCCC2)C(=O)N1CCC(NS(C)(=O)=O)CC1,tensor([7.4100])
CC(C)(NC(=O)c1cc2c(n(CC3CCCCC3)c1=O)CCCCCC2)C(=O)NCC(N)=O,tensor([7.9600])
CN(C)CCNC(=O)C(C)(C)NC(=O)c1cc2c(n(CC3CCCCC3)c1=O)CCCCCC2,tensor([6.6200])
O=C(O)c1ccc(NC(=O)c2cc3c(n(CC4CCCCC4)c2=O)CCCCCC3)cc1,tensor([6.4300])
O=C(O)Cc1ccc(NC(=O)c2cc3c(n(CC4CCCCC4)c2=O)CCCCCC3)cc1,tensor([5.4000])
O=C(O)Cc1ccccc1NC(=O)c1cc2c(n(CC3CCCCC3)c1=O)CCCCCC2,tensor([6.2600])
O=C(O)Cc1cnc(NC(=O)c2cc3c(n(CC4CCCCC4)c2=O)CCCCCC3)s1,tensor([6.6300])
O=C(O)Cc1cccc(NC(=O)c2cc3c(n(CC4CCCCC4)c2=O)CCCCCC3)c1,tensor([5.5400])
O=C(O)c1cccc(NC(=O)c2cc3c(n(CC4CCCCC4)c2=O)CCCCCC3)c1,tensor([5.8100])
O=C(NC(C(=O)O)c1ccccc1)c1cc2c(n(CC3CCCCC3)c1=O)CCCCCC2,tensor([7.4700])
CC(C)C(NC(=O)c1cc2c(n(CC3CCCCC3)c1=O)CCCCCC2)C(=O)O,tensor([5.7300])
O=C(O)c1ccccc1NC(=O)c1cc2c(n(CC3CCCCC3)c1=O)CCCCCC2,tensor([5.6000])
O=C(O)Cc1csc(NC(=O)c2cc3c(n(CC4CCCCC4)c2=O)CCCCCC3)n1,tensor([6.3700])
O=C(NC(Cc1ccccc1)C(=O)O)c1cc2c(n(CC3CCCCC3)c1=O)CCCCCC2,tensor([6.1300])
O=C(O)CCc1csc(NC(=O)c2cc3c(n(CC4CCCCC4)c2=O)CCCCCC3)n1,tensor([6.2400])
C=CC(C)(C)C12CC3C(=O)N4C(CC5(C(C)(C)C=C)c6ccccc6NC45)C(=O)N3C1Nc1ccccc12,tensor([6.7500])
O=C(NC1CCCCCC1)c1cc2ccccc2n(Cc2ccc(F)cc2)c1=O,tensor([7.9400])
O=C(NC1CCCCCC1)c1cccn(CCN2CCOCC2)c1=O,tensor([6.0200])
O=C(NC1CCCCCC1)c1cccnc1OCc1ccc(F)cc1,tensor([7.])
O=C(NC1CCCCC1)c1cc2ccccc2n(Cc2ccccc2)c1=O,tensor([7.1700])
O=C(NC1CCCCCC1)c1cc2ccccc2n(CCN2CCOCC2)c1=O,tensor([6.6900])
O=C(NC1CCCCC1)c1cccn(Cc2ccc(F)cc2)c1=O,tensor([7.1600])
O=C(NC1CCCCC1)c1cc2ccccc2n(CCN2CCOCC2)c1=O,tensor([6.5200])
O=C(NC1CCCCC1)c1cccnc1OCc1ccc(F)cc1,tensor([5.7400])
O=C(NC1CCCCC1)c1c(O)c2cccnc2n(CCN2CCOCC2)c1=O,tensor([7.1900])
O=C(NC1CCCCCC1)c1c(O)c2cccnc2n(CCN2CCOCC2)c1=O,tensor([6.6300])
O=C(NC1CCCCC1)c1c(O)c2cccnc2n(Cc2ccccc2)c1=O,tensor([6.2500])
O=C(NC1CCCCC1)c1cccn(Cc2ccccc2)c1=O,tensor([6.1000])
O=C(NC1CCCCCC1)c1cccn(Cc2ccc(F)cc2)c1=O,tensor([7.3700])
O=C(NC1CCCCC1)c1cc2ccccc2nc1OCc1ccc(F)cc1,tensor([5.9200])
O=C(NC1CCCCC1)c1cc2ccccc2n(Cc2ccc(F)cc2)c1=O,tensor([7.7800])
CCN(CC(=O)NC1CC1)C(=O)c1ccc2c(c1)c1c(n2C)CCC(C2CCOCC2)C1,tensor([8.3800])
CN(CCC(=O)NC1CC1)C(=O)c1ccc2c(c1)c1c(n2C)CCC(C2CCOCC2)C1,tensor([6.1800])
CN(CC(=O)NC1CC1)C(=O)c1ccc2c(c1)c1c(n2C)CCC(C2CCOCC2)C1,tensor([7.6100])
CCN(CCCC(=O)NC1CC1)C(=O)c1ccc2c(c1)c1c(n2C)CCC(C2CCOCC2)C1,tensor([8.5500])
CNC(=O)CCCN(C)C(=O)c1ccc2c(c1)c1c(n2C)CCC(C2CCOCC2)C1,tensor([7.5300])
Cn1c2c(c3cc(C(=O)NCCCC(=O)NC4CC4)ccc31)CC(C1CCOCC1)CC2,tensor([5.8400])
Cc1c(C(=O)NC2CCCN(C(=O)OC(C)(C)C)C2)nn(-c2ccc(Cl)cc2Cl)c1-c1ccc(Cl)cc1,tensor([7.6500])
Cc1c(C(=O)N2CCC(NC(=O)NC3CCCCC3)(c3ccccc3)CC2)nn(-c2ccc(Cl)cc2Cl)c1-c1ccc(Cl)cc1,tensor([6.1000])
CCCCNC(=O)N1CCC(NC(=O)c2nn(-c3ccc(Cl)cc3Cl)c(-c3ccc(Cl)cc3)c2C)CC1,tensor([6.7300])
Cc1c(C(=O)N2CCC(NC(=O)Nc3ccc(F)cc3)(c3ccccc3)CC2)nn(-c2ccc(Cl)cc2Cl)c1-c1ccc(Cl)cc1,tensor([6.2100])
Cc1c(C(=O)N2CCC(C(N)=O)(c3ccccc3)CC2)nn(-c2ccc(Cl)cc2Cl)c1-c1ccc(Cl)cc1,tensor([8.4700])
CC(=O)NC1(c2ccccc2)CCN(C(=O)c2nn(-c3ccc(Cl)cc3Cl)c(-c3ccc(Cl)cc3)c2C)CC1,tensor([7.2000])
Cc1c(C(=O)NC2CCN(C(=O)OC(C)(C)C)CC2)nn(-c2ccc(Cl)cc2Cl)c1-c1ccc(Cl)cc1,tensor([8.5400])
CCNC(=O)N1CCC(NC(=O)c2nn(-c3ccc(Cl)cc3Cl)c(-c3ccc(Cl)cc3)c2C)CC1,tensor([6.7800])
Cc1c(C(=O)NC2CCCN(C(=O)NC(C)C)C2)nn(-c2ccc(Cl)cc2Cl)c1-c1ccc(Cl)cc1,tensor([7.0100])
CCNC1(C(N)=O)CCN(C(=O)c2nn(-c3ccc(Cl)cc3Cl)c(-c3ccc(Cl)cc3)c2C)CC1,tensor([7.1100])
CCCCCCNC(=O)NC1(c2ccccc2)CCN(C(=O)c2nn(-c3ccc(Cl)cc3Cl)c(-c3ccc(Cl)cc3)c2C)CC1,tensor([7.4100])
CC(=O)N1CCC(NC(=O)c2nn(-c3ccc(Cl)cc3Cl)c(-c3ccc(Cl)cc3)c2C)CC1,tensor([7.1800])
Cc1c(C(=O)N2CCC(NC(=O)NC(C)C)(c3ccccc3)CC2)nn(-c2ccc(Cl)cc2Cl)c1-c1ccc(Cl)cc1,tensor([7.8700])
Cc1c(C(=O)N2CCC(NC(=O)NC(C)(C)C)(c3ccccc3)CC2)nn(-c2ccc(Cl)cc2Cl)c1-c1ccc(Cl)cc1,tensor([7.3300])
Cc1c(C(=O)NC2CCN(C(=O)NC(C)(C)C)CC2)nn(-c2ccc(Cl)cc2Cl)c1-c1ccc(Cl)cc1,tensor([7.8300])
CC(=O)N1CCCC(NC(=O)c2nn(-c3ccc(Cl)cc3Cl)c(-c3ccc(Cl)cc3)c2C)C1,tensor([7.4100])
Cc1c(C(=O)N2CCC(NC(=O)NCc3ccccc3)(c3ccccc3)CC2)nn(-c2ccc(Cl)cc2Cl)c1-c1ccc(Cl)cc1,tensor([7.3700])
Cc1c(C(=O)NC2CCCN(S(C)(=O)=O)C2)nn(-c2ccc(Cl)cc2Cl)c1-c1ccc(Cl)cc1,tensor([7.9300])
Cc1c(C(=O)N2CCC(NC(=O)Nc3ccc(N(C)C)cc3)(c3ccccc3)CC2)nn(-c2ccc(Cl)cc2Cl)c1-c1ccc(Cl)cc1,tensor([5.8300])
CCOC(=O)N1CCCC(NC(=O)c2nn(-c3ccc(Cl)cc3Cl)c(-c3ccc(Cl)cc3)c2C)C1,tensor([7.7600])
Cc1c(C(=O)N2CCC(NC(=O)OC(C)(C)C)(c3ccccc3)CC2)nn(-c2ccc(Cl)cc2Cl)c1-c1ccc(Cl)cc1,tensor([7.3700])
Cc1c(C(=O)N2CCC(NS(C)(=O)=O)(c3ccccc3)CC2)nn(-c2ccc(Cl)cc2Cl)c1-c1ccc(Cl)cc1,tensor([8.1400])
Cc1c(C(=O)N2CCC(N)(c3ccccc3)CC2)nn(-c2ccc(Cl)cc2Cl)c1-c1ccc(Cl)cc1,tensor([6.9800])
CCCNC(=O)N1CCC(NC(=O)c2nn(-c3ccc(Cl)cc3Cl)c(-c3ccc(Cl)cc3)c2C)CC1,tensor([6.7400])
Cc1c(C(=O)NC2CCN(C(=O)NC(C)C)CC2)nn(-c2ccc(Cl)cc2Cl)c1-c1ccc(Cl)cc1,tensor([7.0700])
CCCNC(=O)NC1(c2ccccc2)CCN(C(=O)c2nn(-c3ccc(Cl)cc3Cl)c(-c3ccc(Cl)cc3)c2C)CC1,tensor([8.1200])
CCCCNC(=O)NC1(c2ccccc2)CCN(C(=O)c2nn(-c3ccc(Cl)cc3Cl)c(-c3ccc(Cl)cc3)c2C)CC1,tensor([7.8100])
CCCCNC(=O)N1CCCC(NC(=O)c2nn(-c3ccc(Cl)cc3Cl)c(-c3ccc(Cl)cc3)c2C)C1,tensor([6.9000])
CCOC(=O)N1CCC(NC(=O)c2nn(-c3ccc(Cl)cc3Cl)c(-c3ccc(Cl)cc3)c2C)CC1,tensor([8.0400])
CCNC(=O)NC1(c2ccccc2)CCN(C(=O)c2nn(-c3ccc(Cl)cc3Cl)c(-c3ccc(Cl)cc3)c2C)CC1,tensor([7.8200])
CCCNC(=O)N1CCCC(NC(=O)c2nn(-c3ccc(Cl)cc3Cl)c(-c3ccc(Cl)cc3)c2C)C1,tensor([6.8700])
O=C1CCCN1C1CCCOc2c1nn(-c1ccccc1Cl)c2-c1ccc(Cl)cc1,tensor([9.])
CC(=O)NC1CCCOc2c1nn(-c1ccccc1Cl)c2-c1ccc(Cl)cc1,tensor([9.1200])
N#CC1(C(=O)NC2CCCOc3c2nn(-c2ccccc2Cl)c3-c2ccc(Cl)cc2)CC1,tensor([9.8900])
CC(C)C(=O)NC1CCCOc2c1nn(-c1ccccc1Cl)c2-c1ccc(Cl)cc1,tensor([9.8500])
O=C(NC1CCCOc2c1nn(-c1ccccc1Cl)c2-c1ccc(Cl)cc1)c1cnon1,tensor([8.7700])
COC(=O)NC1CCCOc2c1nn(-c1ccccc1Cl)c2-c1ccc(Cl)cc1,tensor([9.6000])
COCC(=O)NC1CCCOc2c1nn(-c1ccccc1Cl)c2-c1ccc(Cl)cc1,tensor([8.8500])
CCC(=O)NC1CCCOc2c1nn(-c1ccccc1Cl)c2-c1ccc(Cl)cc1,tensor([9.3900])
O=C(NC1CCCOc2c1nn(-c1ccccc1Cl)c2-c1ccc(Cl)cc1)C1CCCCC1,tensor([9.2300])
NC1CCCOc2c1nn(-c1ccccc1Cl)c2-c1ccc(Cl)cc1,tensor([7.2400])
O=C(NC1CCCOc2c1nn(-c1ccccc1Cl)c2-c1ccc(Cl)cc1)C1CCOCC1,tensor([10.0500])
CC(C)C(=O)N(C)C1CCCOc2c1nn(-c1ccccc1Cl)c2-c1ccc(Cl)cc1,tensor([8.3500])
CS(=O)(=O)CC(=O)NC1CCCOc2c1nn(-c1ccccc1Cl)c2-c1ccc(Cl)cc1,tensor([9.2700])
O=C(NC1CCCOc2c1nn(-c1ccccc1Cl)c2-c1ccc(Cl)cc1)c1ccon1,tensor([8.8000])
CC(C)OC(=O)NC1CCCOc2c1nn(-c1ccccc1Cl)c2-c1ccc(Cl)cc1,tensor([9.5900])
CNC1CCCOc2c1nn(-c1ccccc1Cl)c2-c1ccc(Cl)cc1,tensor([7.3400])
CCOCC(=O)NC1CCCOc2c1nn(-c1ccccc1Cl)c2-c1ccc(Cl)cc1,tensor([9.2500])
CCNC(=O)NC1CCCOc2c1nn(-c1ccccc1Cl)c2-c1ccc(Cl)cc1,tensor([9.9200])
O=C(NC1CCCOc2c1nn(-c1ccccc1Cl)c2-c1ccc(Cl)cc1)c1ccno1,tensor([9.2600])
CCn1cc(CC(=O)NC23CC4CC(CC(C4)C2)C3)c2cc(-c3ccccc3)ccc21,tensor([6.1600])
CCCCCn1cc(CC(=O)NC23CC4CC(CC(C4)C2)C3)c2cc(-c3ccccc3)ccc21,tensor([5.6200])
Cn1cc(CC(=O)NC23CC4CC(CC(C4)C2)C3)c2cc(-c3ccccc3)ccc21,tensor([6.3100])
CCCCCn1cc(C(=O)NC23CC4CC(CC(C4)C2)C3)c2ccc(-c3ccccc3)cc21,tensor([8.6900])
C=CCn1cc(C(=O)NC23CC4CC(CC(C4)C2)C3)c2cc(-c3ccco3)ccc21,tensor([5.5500])
C=CCn1cc(C(=O)C(=O)NC23CC4CC(CC(C4)C2)C3)c2cc(-c3ccccc3)ccc21,tensor([5.4100])
CCCCCn1cc(CC(=O)NC23CC4CC(CC(C4)C2)C3)c2cc(Br)ccc21,tensor([5.2600])
CCCCCn1cc(CC(=O)NC23CC4CC(CC(C4)C2)C3)c2cc(-c3ccco3)ccc21,tensor([5.7800])
C=CCn1cc(C(=O)NC23CC4CC(CC(C4)C2)C3)c2cc(-c3ccccc3)ccc21,tensor([7.3200])
CCCCCn1cc(C(=O)NC23CC4CC(CC(C4)C2)C3)c2cc(-c3ccccc3)ccc21,tensor([5.9800])
C=CCn1cc(CC(=O)NC23CC4CC(CC(C4)C2)C3)c2cc(-c3ccco3)ccc21,tensor([6.2500])
CCCCCn1cc(C(=O)NC23CC4CC(CC(C4)C2)C3)c2cc(-c3ccco3)ccc21,tensor([6.4700])
CCCn1cc(CC(=O)NC23CC4CC(CC(C4)C2)C3)c2cc(-c3ccccc3)ccc21,tensor([5.8200])
CCCCCn1cc(C(=O)NC23CC4CC(CC(C4)C2)C3)c2cc(-c3cccs3)ccc21,tensor([5.4400])
CCCCCn1cc(C(=O)C(=O)NC23CC4CC(CC(C4)C2)C3)c2cc(-c3ccco3)ccc21,tensor([6.4600])
C=CCn1cc(C(=O)C(=O)NC23CC4CC(CC(C4)C2)C3)c2cc(-c3ccco3)ccc21,tensor([5.4400])
C=CCCn1cc(CC(=O)NC23CC4CC(CC(C4)C2)C3)c2cc(-c3ccccc3)ccc21,tensor([5.7400])
CCCn1cc(C(=O)NC2C3(C)CCC(C3)C2(C)C)c(=O)c2ccc(Sc3ccccc3)cc21,tensor([7.9600])
CCCCn1cc(C(=O)NC2C3(C)CCC(C3)C2(C)C)c(=O)c2ccc(F)cc21,tensor([7.8400])
Cc1cccc(Cn2cc(C(=O)NC3C4(C)CCC(C4)C3(C)C)c(=O)c3ccc(Sc4ccccc4)cc32)c1,tensor([6.1700])
CCCCCn1cc(C(=O)NC2C3(C)CCC(C3)C2(C)C)c(=O)c2ccc(F)cc21,tensor([8.4000])
CCn1cc(C(=O)NC2C3(C)CCC(C3)C2(C)C)c(=O)c2ccc(F)cc21,tensor([6.0200])
Cn1cc(C(=O)NC2C3(C)CCC(C3)C2(C)C)c(=O)c2ccc(Sc3ccccc3)cc21,tensor([5.7300])
COCCn1cc(C(=O)NC2C3(C)CCC(C3)C2(C)C)c(=O)c2ccc(Sc3ccccc3)cc21,tensor([7.6200])
CCCCCn1cc(C(=O)NC(C)C)c(=O)c2ccc(Sc3ccccc3)cc21,tensor([7.6800])
CCCCCn1cc(C(=O)NCc2ccc(Cl)c(Cl)c2)c(=O)c2ccc(Sc3ccccc3)cc21,tensor([6.3800])
CCCCCn1cc(C(=O)NOC)c(=O)c2ccc(Sc3ccccc3)cc21,tensor([6.3100])
CCCCCn1cc(C(=O)NOCc2ccccc2)c(=O)c2ccc(Sc3ccccc3)cc21,tensor([7.8900])
COCCn1cc(C(=O)NC2C3(C)CCC(C3)C2(C)C)c(=O)c2ccc(F)cc21,tensor([6.5300])
CC12CCC(C1)C(C)(C)C2NC(=O)c1cn(CCCCO)c2cc(F)ccc2c1=O,tensor([6.4000])
CCCCCn1cc(C(=O)N2CCCC2C(N)=O)c(=O)c2ccc(Sc3ccccc3)cc21,tensor([5.8300])
CCCCCn1cc(C(=O)NCc2ccc(Cl)c(Cl)c2)c(=O)c2ccc(-c3ccccc3)cc21,tensor([6.4100])
CCCCCn1cc(C(=O)NCc2ccc(Cl)c(Cl)c2)c(=O)c2ccc(Br)cc21,tensor([6.1800])
CCCCCn1cc(C(=O)NC2CN3CCC2CC3)c(=O)c2ccc(Sc3ccccc3)cc21,tensor([6.8200])
C=Cn1cc(C(=O)NC2C3(C)CCC(C3)C2(C)C)c(=O)c2ccc(F)cc21,tensor([5.4500])
CCCCCn1cc(C(=O)NC(CC)CO)c(=O)c2ccc(Sc3ccccc3)cc21,tensor([7.2400])
CCCCCn1cc(C(=O)NCCN2CCOCC2)c(=O)c2ccc(Sc3ccccc3)cc21,tensor([7.2000])
CN(C)CCn1cc(C(=O)NC2C3(C)CCC(C3)C2(C)C)c(=O)c2ccc(F)cc21,tensor([6.7500])
CN(C)CCn1cc(C(=O)NC2C3(C)CCC(C3)C2(C)C)c(=O)c2ccc(Sc3ccccc3)cc21,tensor([7.5400])
CCn1cc(C(=O)NC2C3(C)CCC(C3)C2(C)C)c(=O)c2ccc(Sc3ccccc3)cc21,tensor([6.7400])
CCCCCn1cc(C(=O)NC2C3(C)CCC(C3)C2(C)C)c(=O)c2ccc(Sc3ccccc3)cc21,tensor([8.6100])
CCCCCn1cc(C(=O)NN2CCCCC2)c(=O)c2ccc(Sc3ccccc3)cc21,tensor([7.5400])
CCCn1cc(C(=O)NC2C3(C)CCC(C3)C2(C)C)c(=O)c2ccc(F)cc21,tensor([6.7100])
CCCCCn1cc(C(=O)NN(C)C)c(=O)c2ccc(Sc3ccccc3)cc21,tensor([7.0600])
CN(CCCCCCCOc1ccc(-c2oc3ccccc3c2C(=O)c2ccccc2)cc1)Cc1ccccc1,tensor([6.5000])
CN(CCCCCCCOc1ccc(-c2oc3ccccc3c2C(=O)c2ccc(-c3ccccc3)cc2)cc1)Cc1ccccc1,tensor([5.5100])
CCN(CC)CCOc1cccc(C(=O)c2c(-c3ccc(OCCCCCCCN(C)Cc4ccccc4)cc3)oc3ccccc23)c1,tensor([5.5900])
CN(CCCCCCCOc1ccc(-c2oc3ccccc3c2C(=O)c2ccc(OCCN3CCOCC3)cc2)cc1)Cc1ccccc1,tensor([6.2600])
CCC1COc2c(F)ccc3c(=O)c(C(=O)NC45CC6CC(CC(C6)C4)C5)cn1c23,tensor([6.4100])
CCC1COc2cccc3c(=O)c(C(=O)Nc4ccncc4)cn1c23,tensor([5.9400])
CCCC1COc2ccc(C)c3c(=O)c(C(=O)NC45CC6CC(CC(C6)C4)C5)cn1c23,tensor([6.3500])
CCCC1COc2cccc3c(=O)c(C(=O)NC45CC6CC(CC(C6)C4)C5)cn1c23,tensor([6.6700])
O=C(NC1CCCCCC1)c1cn2c3c(cccc3c1=O)OCC2c1ccccc1,tensor([6.5100])
CC1Oc2cccc3c(=O)c(C(=O)NC45CC6CC(CC(C6)C4)C5)cn(c23)C1c1ccccc1,tensor([5.6100])
CCCC1COc2cccc3c(=O)c(C(=O)NC45CC6CC(C)(CC(C)(C6)C4)C5)cn1c23,tensor([6.7000])
CC1Oc2cccc3c(=O)c(C(=O)NC4CCCCC4)cn(c23)C1c1ccccc1,tensor([5.5000])
CCC1COc2cccc3c(=O)c(C(=O)Nc4nccs4)cn1c23,tensor([5.8700])
CCC1COc2c(F)c(F)cc3c(=O)c(C(=O)NC45CC6CC(CC(C6)C4)C5)cn1c23,tensor([5.7600])
Cc1cc2c3c(c1)c(=O)c(C(=O)NC1CCCCC1)cn3C(c1ccccc1)CO2,tensor([5.8700])
O=C(NC12CC3CC(CC(C3)C1)C2)c1cn2c3c(cccc3c1=O)OCC2C1CC1,tensor([6.4100])
CCC1COc2cccc3c(=O)c(C(=O)NC4C5CC6CC(C5)CC4C6)cn1c23,tensor([6.4100])
O=C(NC1CCCCC1)c1cn2c3c(cccc3c1=O)OCC2c1ccccc1,tensor([6.3800])
CC12CC3CC(C)(C1)CC(NC(=O)c1cn4c5c(cccc5c1=O)OCC4c1ccccc1)(C3)C2,tensor([6.3400])
CC(C)C1COc2cccc3c(=O)c(C(=O)NC45CC6CC(CC(C6)C4)C5)cn1c23,tensor([7.0600])
CC1(C)COc2cccc3c(=O)c(C(=O)NC45CC6CC(CC(C6)C4)C5)cn1c23,tensor([6.6600])
CCCC1COc2cccc3c(=O)c(C(=O)NC4CCCCC4)cn1c23,tensor([7.9900])
O=C(NC1CCCCCC1)c1cn2c3c(cccc3c1=O)OCC2C1CC1,tensor([7.0400])
CCCC1COc2ccc(C)c3c(=O)c(C(=O)NC4CCCCC4)cn1c23,tensor([6.1200])
CC1COc2cccc3c(=O)c(C(=O)NC4CCCCC4)cn1c23,tensor([5.6700])
O=C(NC12CC3CC(CC(C3)C1)C2)c1cn2c3c(cccc3c1=O)OCC2c1ccccc1,tensor([6.5800])
CCC1COc2cccc3c(=O)c(C(=O)NC4CCCCCC4)cn1c23,tensor([6.9800])
CCC1COc2cccc3c(=O)c(C(=O)NC4CCCCC4)cn1c23,tensor([6.0900])
O=C(NC12CC3CC(CC(C3)C1)C2)c1cn2c3c(cccc3c1=O)OCC2Cc1ccccc1,tensor([6.9800])
CCC1COc2c(OC)ccc3c(=O)c(C(=O)NC45CC6CC(CC(C6)C4)C5)cn1c23,tensor([6.2800])
O=C(NC1CCCC1)c1cn2c3c(cccc3c1=O)OCC2c1ccccc1,tensor([6.8800])
Cc1ccc(C2COc3cccc4c(=O)c(C(=O)NC5CCCCC5)cn2c34)cc1,tensor([5.3900])
Cc1ccc(C2COc3cccc4c(=O)c(C(=O)NC56CC7CC(CC(C7)C5)C6)cn2c34)cc1,tensor([5.4100])
CCCCCn1cc(C(=O)NC2C3CC4CC(C3)CC2C4)c(=O)cc1C(C)(C)C,tensor([6.2500])
CCCCCn1cc(C(=O)NC23CC4CC(CC(C4)C2)C3)c(=O)c(C2CC2)c1C,tensor([6.9800])
CCCCCn1cc(C(=O)NCC2CC2)c(=O)cc1C(C)(C)C,tensor([6.7500])
CCCCCn1cc(C(=O)NC(C)C23CC4CC(CC(C4)C2)C3)c(=O)cc1C(C)(C)C,tensor([6.2600])
CCCCCn1cc(C(=O)NC23CC4CC(CC(C4)C2)C3)c(=O)c(I)c1C,tensor([6.7100])
Cc1ccc(C(NC(=O)Cc2ccccc2)NC(=O)Cc2ccccc2)cc1,tensor([6.9600])
NC1(c2ccccc2)CCN(c2ncnc3c2nc(-c2ccccc2Cl)n3-c2ccc(Cl)cc2)CC1,tensor([7.9600])
CCCNC(=O)NC1(c2ccccc2)CCN(c2ncnc3c2nc(-c2ccccc2Cl)n3-c2ccc(Cl)cc2)CC1,tensor([6.6600])
CCCCNC(=O)N1CCC(Nc2ncnc3c2nc(-c2ccccc2Cl)n3-c2ccc(Cl)cc2)CC1,tensor([5.4800])
O=S(=O)(NC1CCN(c2ncnc3c2nc(-c2ccccc2Cl)n3-c2ccc(Cl)cc2)CC1)c1ccccc1,tensor([8.9200])
CCNC(=O)NC1(c2ccccc2)CCN(c2ncnc3c2nc(-c2ccccc2Cl)n3-c2ccc(Cl)cc2)CC1,tensor([6.7100])
CS(=O)(=O)NC1(c2ccccc2)CCN(c2ncnc3c2nc(-c2ccccc2Cl)n3-c2ccc(Cl)cc2)CC1,tensor([8.2100])
CC(C)NC(=O)NC1CCN(c2ncnc3c2nc(-c2ccccc2Cl)n3-c2ccc(Cl)cc2)CC1,tensor([7.8500])
CC(C)(C)OC(=O)NC1(c2ccccc2)CCN(c2ncnc3c2nc(-c2ccccc2Cl)n3-c2ccc(Cl)cc2)CC1,tensor([8.1500])
CC(C)NC(=O)NC1(c2ccccc2)CCN(c2ncnc3c2nc(-c2ccccc2Cl)n3-c2ccc(Cl)cc2)CC1,tensor([6.4700])
CCCNC(=O)NC1CCN(c2ncnc3c2nc(-c2ccccc2Cl)n3-c2ccc(Cl)cc2)CC1,tensor([7.5500])
NC(=O)C1(c2ccccc2)CCN(c2ncnc3c2nc(-c2ccccc2Cl)n3-c2ccc(Cl)cc2)CC1,tensor([8.7500])
CS(=O)(=O)NC1CCN(c2ncnc3c2nc(-c2ccccc2Cl)n3-c2ccc(Cl)cc2)CC1,tensor([7.5400])
CCCCNC(=O)NC1(c2ccccc2)CCN(c2ncnc3c2nc(-c2ccccc2Cl)n3-c2ccc(Cl)cc2)CC1,tensor([6.5700])
CC(C)(C)OC(=O)NC1CCN(c2ncnc3c2nc(-c2ccccc2Cl)n3-c2ccc(Cl)cc2)CC1,tensor([8.8200])
CC(C)(C)OC(=O)N1CCC(Nc2ncnc3c2nc(-c2ccccc2Cl)n3-c2ccc(Cl)cc2)CC1,tensor([7.6200])
CCCCNC(=O)NC1CCN(c2ncnc3c2nc(-c2ccccc2Cl)n3-c2ccc(Cl)cc2)CC1,tensor([7.6000])
CC(C)(C)NC(=O)NC1(c2ccccc2)CCN(c2ncnc3c2nc(-c2ccccc2Cl)n3-c2ccc(Cl)cc2)CC1,tensor([7.5900])
CCCCCc1cc(OC)c2cc(Cc3ccccc3OC)c(=O)oc2c1,tensor([7.5000])
CCCCCc1cc(OC)c2cc(Cc3cccc(OC)c3)c(=O)oc2c1,tensor([7.3500])
CCCCCCCC(C)(C)c1cc(OC)c2cc(Cc3ccccc3OC)c(=O)oc2c1,tensor([5.])
CCCCCCC(C)(C)c1cc(OC)c2cc(Cc3ccccc3)c(=O)oc2c1,tensor([5.8400])
CCCCCc1cc(O)c2cc(Cc3cccc(Cl)c3)c(=O)oc2c1,tensor([5.1900])
CCCCC1(c2cc(OC)c3cc(Cc4ccccc4OC)c(=O)oc3c2)CCCC1,tensor([6.2200])
CCCCCc1cc(O)c2cc(Cc3cccc(C)c3)c(=O)oc2c1,tensor([5.6600])
CCCCCCC(C)(C)c1cc(O)c2cc(Cc3ccccc3O)c(=O)oc2c1,tensor([6.6100])
CCCCCc1cc(OC)c2cc(Cc3cccc(C)c3)c(=O)oc2c1,tensor([6.1500])
CCCCCc1cc(O)c2cc(Cc3ccccc3Cl)c(=O)oc2c1,tensor([4.7200])
COc1cccc(Cc2cc3c(OC)cccc3oc2=O)c1,tensor([4.6800])
CCCCC1(c2cc(O)c3cc(Cc4ccccc4O)c(=O)oc3c2)CCCC1,tensor([5.8000])
CCCCCCC(C)(C)c1cc(OC)c2cc(Cc3ccccc3OC)c(=O)oc2c1,tensor([5.9900])
CCCCCCCC(C)(C)c1cc(O)c2cc(Cc3ccccc3O)c(=O)oc2c1,tensor([5.9300])
CCCCCc1cc(O)c2cc(Cc3ccccc3)c(=O)oc2c1,tensor([5.9000])
CCCCCc1cc(OC)c2cc(Cc3ccccc3Cl)c(=O)oc2c1,tensor([7.4800])
CCCCCc1cc(OC)c2cc(Cc3ccccc3C)c(=O)oc2c1,tensor([7.6600])
CCCCCCC(C)(C)c1cc(O)c2cc(Cc3ccccc3)c(=O)oc2c1,tensor([5.5800])
CCCCCc1cc(O)c2cc(Cc3cccc(O)c3)c(=O)oc2c1,tensor([4.7900])
COc1cccc(Cc2cc3c(OC)cc(CBr)cc3oc2=O)c1,tensor([5.3200])
CCCCCc1cc(O)c2cc(Cc3ccccc3C)c(=O)oc2c1,tensor([5.7900])
CCCCCc1cc(OC)c2cc(Cc3cccc(Cl)c3)c(=O)oc2c1,tensor([6.2000])
CCCn1c(C)c(C(=O)c2ccc(I)c3ccccc23)c2ccccc21,tensor([6.3000])
CCCCCn1c(C)c(C(=O)c2cccc3cccc(Br)c23)c2ccccc21,tensor([7.2700])
CCCCCn1c(C)c(C(=O)c2ccc(I)c3ccccc23)c2ccccc21,tensor([7.8500])
CCCn1c(C)c(C(=O)c2cccc3cccc(I)c23)c2ccccc21,tensor([5.3700])
CCCCCn1c(C)c(C(=O)c2cccc3cccc(I)c23)c2ccccc21,tensor([6.2800])
CCCCCn1c(C)c(C(=O)c2cccc3cccc(Cl)c23)c2ccccc21,tensor([6.9400])
CCCCCn1c(C)c(C(=O)c2ccc(Cl)c3ccccc23)c2ccccc21,tensor([8.0500])
CCCCCn1cc(C(=O)c2cccc3cccc(I)c23)c2ccccc21,tensor([7.1400])
CCCCCn1c(C)c(C(=O)c2ccc(Br)c3ccccc23)c2ccccc21,tensor([7.8500])
CCCCCn1c(C)c(C(=O)c2ccc(F)c3ccccc23)c2ccccc21,tensor([7.8500])
CCCCCn1cc(C(=O)c2ccc(F)c3ccccc23)c2ccccc21,tensor([8.1400])
CCCn1cc(C(=O)c2ccc(F)c3ccccc23)c2ccccc21,tensor([6.6200])
CCCn1cc(C(=O)c2ccc(Br)c3ccccc23)c2ccccc21,tensor([6.7900])
CCCn1c(C)c(C(=O)c2ccc(Cl)c3ccccc23)c2ccccc21,tensor([6.7300])
CCCCCn1cc(C(=O)c2ccc(I)c3ccccc23)c2ccccc21,tensor([8.6000])
CCCn1cc(C(=O)c2ccc(I)c3ccccc23)c2ccccc21,tensor([6.8500])
CCCCCn1cc(C(=O)c2cccc3cccc(Br)c23)c2ccccc21,tensor([7.6800])
CCCn1c(C)c(C(=O)c2ccc(F)c3ccccc23)c2ccccc21,tensor([6.2800])
CCCCCn1cc(C(=O)c2ccc(Br)c3ccccc23)c2ccccc21,tensor([8.9200])
CCCn1cc(C(=O)c2ccc(Cl)c3ccccc23)c2ccccc21,tensor([7.0300])
CCCCCn1cc(C(=O)c2ccc(Cl)c3ccccc23)c2ccccc21,tensor([8.6400])
CCCn1cc(C(=O)c2cccc3cccc(I)c23)c2ccccc21,tensor([5.5300])
CCCn1c(C)c(C(=O)c2ccc(Br)c3ccccc23)c2ccccc21,tensor([6.4300])
CCCCCn1cc(C(=O)c2cccc3cccc(Cl)c23)c2ccccc21,tensor([7.6400])
O=C(Nc1sc2c(c1C(=O)N1CCCCC1)CCOC2)c1ccccc1OC(F)(F)F,tensor([4.7100])
O=C(Nc1sc2c(c1C(=O)N1CCCCC1)CCOC2)c1ccccc1C(F)(F)F,tensor([4.9300])
O=C(Nc1sc2c(c1C(=O)N1CC(F)(F)C1)CCOC2)c1c(F)cccc1C(F)(F)F,tensor([4.9600])
CCCCCn1cc(C(=O)NC23CC4CC(CC(C4)C2)C3)c(=O)c2cnn(C)c21,tensor([5.3200])
CCCCCn1cc(C(=O)NC2CCCCC2)c(=O)c2c(C)nn(C)c21,tensor([6.3000])
CCCCCn1cc(C(=O)NC2CCCCCC2)c(=O)c2c(C)csc21,tensor([7.2800])
CCCCCn1cc(C(=O)NC2CCCCC2)c(=O)c2c(C)noc21,tensor([6.8100])
CCCCCn1cc(C(=O)NC2CCCCCC2)c(=O)c2c(C)nn(C)c21,tensor([6.6000])
CCCCCn1cc(C(=O)NCC2CCCCC2)c(=O)c2c(C)nn(C)c21,tensor([5.9500])
CCCCCn1cc(C(=O)NC2CCCCC2)c(=O)c2c(CC)nn(C)c21,tensor([6.0200])
CCCCCCn1cc(C(=O)NC2CCCCC2)c(=O)c2c(C)nn(C)c21,tensor([5.4100])
Cc1nn(C)c2c1c(=O)c(C(=O)NC1CCCCC1)cn2Cc1ccccc1,tensor([5.3700])
CCCCCn1cc(C(=O)NC23CC4CC(CC(C4)C2)C3)c(=O)c2c(C(C)(C)C)nn(C)c21,tensor([5.4300])
CCCCCn1cc(C(=O)NC23CC4CC(CC(C4)C2)C3)c(=O)c2c(C)nn(C)c21,tensor([6.1000])
CCCCCn1cc(C(=O)NC23CC4CC(C)(CC(C)(C4)C2)C3)c(=O)c2c(C)nn(C)c21,tensor([5.9800])
CCCCCn1cc(C(=O)NC23CC4CC(CC(C4)C2)C3)c(=O)c2c(C)c(C)sc21,tensor([7.3700])
CCCn1cc(C(=O)NC2CCCCC2)c(=O)c2c(C)nn(C)c21,tensor([6.1200])
CCCCCn1cc(C(=O)NC23CC4CC(CC(C4)C2)C3)c(=O)n2ncnc12,tensor([6.1500])
CCCCCn1cc(C(=O)NC23CC4CC(CC(C4)C2)C3)c(=O)c2c(C)noc21,tensor([5.8300])
CCCCCn1cc(C(=O)NC2CCCCCC2)c(=O)c2c(C)noc21,tensor([6.8400])
CCCCCn1cc(C(=O)NC2CCC(C)CC2)c(=O)c2c(C)nn(C)c21,tensor([6.1400])
CCCCCn1cc(C(=O)NC23CC4CC(CC(C4)C2)C3)c(=O)c2c(C)csc21,tensor([7.8600])
CCCCCn1cc(C(=O)NC2CCCCC2)c(=O)c2c(C)csc21,tensor([7.0700])
CCCCCn1cc(C(=O)Nc2ccccc2)c(=O)c2c(C)nn(C)c21,tensor([6.0600])
CCCCCn1cc(C(=O)NC(C)CCC(C)C)c(=O)c2c(C)nn(C)c21,tensor([5.7500])
CCCCCn1cc(C(=O)NC2CCCCC2)c(=O)c2cnn(C)c21,tensor([5.2900])
CCCCCn1cc(C(=O)NC23CC4CC(CC(C4)C2)C3)c(=O)n2nc(-c3ccccc3)nc12,tensor([6.2800])
CCCCn1cc(C(=O)NC2CCCCC2)c(=O)c2c(C)nn(C)c21,tensor([5.9000])
CCCCCn1cc(C(=O)NC23CC4CC(CC(C4)C2)C3)c(=O)c2c(CC)nn(C)c21,tensor([6.3600])
CCN(CC)c1ccc(CN(C23CC4CC(CC(C4)C2)C3)S(=O)(=O)c2ccccc2)cc1,tensor([4.9600])
CCN(CC)c1ccc(CN(c2ccc(C)cc2)S(=O)(=O)c2ccccc2)cc1,tensor([6.2900])
CCN(CC)c1ccc(CN(C23CC4CC(CC(C4)C2)C3)S(=O)(=O)c2cccc(C)c2)cc1,tensor([5.0800])
CCN(CC)c1ccc(CN(c2ccc(Cl)cc2)S(=O)(=O)c2cccc(C)c2)cc1,tensor([6.0600])
CCN(CC)c1ccc(CN(c2ccc(Cl)cc2)S(=O)(=O)c2ccc(Cl)cc2)cc1,tensor([5.1800])
CCN(CC)c1ccc(CN(C23CC4CC(CC(C4)C2)C3)S(=O)(=O)c2ccc(F)cc2)cc1,tensor([5.3700])
CCN(CC)c1ccc(CN(c2ccc(C)cc2)S(=O)(=O)c2ccc(F)cc2)cc1,tensor([6.0700])
CCN(CC)c1ccc(CN(c2ccc(Cl)cc2)S(=O)(=O)c2ccc(C)cc2)cc1,tensor([6.8600])
CCN(CC)c1ccc(CN(C23CC4CC(CC(C4)C2)C3)S(=O)(=O)c2ccc(OC)cc2)cc1,tensor([5.1400])
CCN(CC)c1ccc(CN(c2ccc(C)cc2)S(=O)(=O)c2cccc(C)c2)cc1,tensor([6.6600])
CCN(CC)c1ccc(CN(c2ccc(C)cc2)S(=O)(=O)c2ccc(C(C)C)cc2)cc1,tensor([5.4700])
CCN(CC)c1ccc(CN(C(=O)C2CCCCC2)c2ccc(C)cc2)cc1,tensor([6.7000])
CCN(CC)c1ccc(CN(c2ccc(Cl)cc2)S(=O)(=O)c2ccc(F)cc2)cc1,tensor([5.9500])
CCN(CC)c1ccc(CN(c2ccc(Cl)cc2)S(=O)(=O)c2ccccc2)cc1,tensor([5.7500])
CCN(CC)c1ccc(CN(C(=O)Cc2ccc(Cl)cc2)c2ccc(C)cc2)cc1,tensor([5.5000])
CCN(CC)c1ccc(CN(c2ccc(C)cc2)S(=O)(=O)c2ccc(C)cc2)cc1,tensor([6.3600])
CCN(CC)c1ccc(CN(c2ccc(C)cc2)S(=O)(=O)c2ccc(Cl)cc2)cc1,tensor([6.3800])
CCN(CC)c1ccc(CN(c2ccc(C)cc2)S(=O)(=O)c2ccc(OC)cc2)cc1,tensor([5.8900])
CCN(CC)c1ccc(CN(c2ccccc2)S(=O)(=O)c2ccc(C(C)C)cc2)cc1,tensor([5.7000])
CCN(CC)c1ccc(CN(c2ncc(C)s2)S(=O)(=O)c2ccc(C)cc2)cc1,tensor([6.4700])
CCN(CC)c1ccc(CN(c2ccccc2)S(=O)(=O)c2ccc(OC)cc2)cc1,tensor([6.3000])
CCN(CC)c1ccc(CN(Cc2ccco2)S(=O)(=O)c2ccc(OC)cc2)cc1,tensor([6.0800])
CCN(CC)c1ccc(CN(Cc2ccccc2)S(=O)(=O)c2ccc(F)cc2)cc1,tensor([6.0300])
CCN(CC)c1ccc(CN(Cc2ccc(F)cc2)S(=O)(=O)c2ccc(C)cc2)cc1,tensor([5.6500])
CCN(CC)c1ccc(CN(Cc2ccccc2)S(=O)(=O)c2ccc(Cl)cc2)cc1,tensor([6.3700])
CCN(CC)c1ccc(CN(Cc2ccccc2)S(=O)(=O)c2ccc(C(C)C)cc2)cc1,tensor([6.2800])
CCN(CC)c1ccc(CN(Cc2ccccc2)S(=O)(=O)c2ccc(OC)cc2)cc1,tensor([6.1600])
CCN(CC)c1ccc(CN(c2ccccc2)S(=O)(=O)c2ccc(C)cc2)cc1,tensor([7.0900])
Cc1ccc(S(=O)(=O)N(Cc2ccccc2)Cc2ccc(N3CCCCC3)cc2)cc1,tensor([5.8900])
CCN(CC)c1ccc(CN(C2CCCC2)S(=O)(=O)c2ccc(C)cc2)cc1,tensor([6.3000])
COc1ccc(S(=O)(=O)N(Cc2ccc(N3CCCCC3)cc2)c2ccccc2)cc1,tensor([6.2300])
CCN(CC)c1ccc(CN(C2CCCCC2)S(=O)(=O)c2ccc(C)cc2)cc1,tensor([6.6800])
CCN(CC)c1ccc(CN(Cc2ccco2)S(=O)(=O)c2ccc(C)cc2)cc1,tensor([6.2400])
CCN(CC)c1ccc(CN(C2CCCCC2)S(=O)(=O)c2ccc(C(C)C)cc2)cc1,tensor([5.8500])
CCN(CC)c1ccc(CN(Cc2ccco2)S(=O)(=O)c2ccc(C(C)C)cc2)cc1,tensor([5.8900])
CCN(CC)c1ccc(CN(c2ncc(C)s2)S(=O)(=O)c2ccc(OC)cc2)cc1,tensor([6.2200])
CCN(CC)c1ccc(CN(C2CCCCC2)S(=O)(=O)c2ccc(OC)cc2)cc1,tensor([6.1800])
CCN(CC)c1ccc(CN(Cc2cccs2)S(=O)(=O)c2ccc(C)cc2)cc1,tensor([6.2100])
CCN(CC)c1ccc(CN(CC2CCCCC2)S(=O)(=O)c2ccc(C)cc2)cc1,tensor([6.2500])
CCN(CC)c1ccc(CN(Cc2ccccc2)S(=O)(=O)c2ccc(C)cc2)cc1,tensor([5.6400])
CCCc1ccc(O)c(-c2cc(CCC)ccc2O)c1,tensor([5.6500])
C=CCc1ccc(O)c(-c2ccc(O)c(CC=C)c2)c1,tensor([5.1900])
C=CCc1ccc(O)c(-c2cc(CC=C)ccc2O)c1,tensor([5.5000])
O=C(NC12CC3CC(CC(C3)C1)C2)c1nn(CCN2CCOCC2)c2ccccc12,tensor([8.1700])
COc1cccc2c3c(=O)n(C4C5(C)CCC(C5)C4(C)C)ccc3n(CCN3CCOCC3)c12,tensor([7.8000])
CCCCCCc1nc(-c2ccc(Cl)cc2)n(-c2ccc(Cl)cc2Cl)n1,tensor([6.0800])
Cc1c(C(=O)NN2CCCCC2)nn(-c2ccccc2)c1-c1ccccc1,tensor([5.0100])
CCCCCc1cc(-c2ccccc2)n(-c2ccccc2)n1,tensor([5.2100])
CCCCCn1cc(C(=O)NC2CCCCC2)c(=O)n2nc(CC)cc12,tensor([6.3800])
CCCCCn1cc(C(=O)NC2CCCCCC2)c(=O)n2nc(-c3ccccc3)cc12,tensor([6.0800])
CCCCCn1cc(C(=O)NC2CCC(C)CC2)c(=O)n2nc(C)cc12,tensor([5.6100])
Cc1c(C(=O)c2ccc3ccccc3c2)c2cccc3c2n1C(CN1CCOCC1)CO3,tensor([7.9100])
CCCCCn1cc(C(=O)NC2CCCCCC2)c(=O)n2nc(CC)cc12,tensor([6.7000])
CCCCCn1cc(C(=O)NC2CCCCCC2)c(=O)n2nc(C)cc12,tensor([6.2800])
CCCCCn1cc(C(=O)NC2CCCCC2)c(=O)n2nc(-c3ccccc3)cc12,tensor([6.1500])
CCCCCn1cc(C(=O)NC2CCCCCC2)c(=O)n2nc(C(C)(C)C)cc12,tensor([6.2200])
CCCCCn1cc(C(=O)NC2CCCCC2)c(=O)n2nc(C(C)(C)C)cc12,tensor([6.1700])
CCCCCn1cc(C(=O)NCc2ccccc2)c(=O)n2nc(C)cc12,tensor([5.4800])
CCCCCn1cc(C(=O)NC2CCCCC2)c(=O)n2nc(C)cc12,tensor([5.8900])
CCCCCn1cc(C(=O)NC23CC4CC(CC(C4)C2)C3)c(=O)n2nc(C(C)(C)C)cc12,tensor([6.2100])
CCCCCn1cc(C(=O)NC23CC4CC(CC(C4)C2)C3)c(=O)n2nc(CC)cc12,tensor([6.9200])
CCCCCn1cc(C(=O)NC23CC4CC(CC(C4)C2)C3)c(=O)n2nc(C)cc12,tensor([5.9500])
COc1c(C)c(C)c2oc(=O)c(Cc3ccccc3C)cc2c1C,tensor([5.1100])
COc1c(C)c(C)c2oc(=O)c(Cc3ccc(F)cc3)cc2c1C,tensor([5.])
CCCCCc1cc(OC)c2cc(Cc3ccc(Cl)cc3)c(=O)oc2c1,tensor([6.2100])
COc1ccccc1Cc1cc2c(C)c(OC)c(C)c(C)c2oc1=O,tensor([5.4400])
CCCCCc1cc(OC)c2cc(Cc3ccc(Br)cc3)c(=O)oc2c1,tensor([4.9900])
CCCCn1c2c(cc(C(=O)NC(C)C)c1=O)CCCCCC2,tensor([6.2300])
CCCCn1c2c(cc(C(=O)NCc3ccccc3)c1=O)CCCCCC2,tensor([6.0500])
CCCCn1c(C)c(C)cc(C(=O)NCc2ccccc2)c1=O,tensor([6.2200])
CCCCn1c2c(cc(C(=O)NCCc3ccccc3)c1=O)CCCCCC2,tensor([6.0400])
CCCCn1c(CC)c(C)cc(C(=O)NCc2ccccc2)c1=O,tensor([6.4900])
CCCCn1c2c(cc(C(=O)NCc3ccccc3)c1=O)CCCC2,tensor([6.1300])
CC(C)CCn1c2c(cc(C(=O)NCc3ccccc3)c1=O)CCCCCC2,tensor([8.0500])
COCCn1c2c(cc(C(=O)NCc3ccccc3)c1=O)CCCCCC2,tensor([5.7500])
CCCCn1c2c(cc(C(=O)NCc3ccccc3)c1=O)CCC2,tensor([6.8400])
CCCCn1c2c(cc(C(=O)NC(C)(C)c3ccccc3)c1=O)CCCCCC2,tensor([9.])
O=C(CC1CCCCC1)NC1CCN(c2ncnc3c2nc(-c2ccccc2Cl)n3-c2ccc(Cl)cc2)CC1,tensor([8.7100])
CCCCC(=O)NC1CCN(c2ncnc3c2nc(-c2ccccc2Cl)n3-c2ccc(Cl)cc2)CC1,tensor([7.7100])
CCOC(=O)NC1CCN(c2ncnc3c2nc(-c2ccccc2Cl)n3-c2ccc(Cl)cc2)CC1,tensor([8.4500])
O=S(=O)(NC1CCN(c2ncnc3c2nc(-c2ccccc2Cl)n3-c2ccc(Cl)cc2)CC1)C(F)(F)F,tensor([8.2100])
CC(C)CCC(=O)NC1CCN(c2ncnc3c2nc(-c2ccccc2Cl)n3-c2ccc(Cl)cc2)CC1,tensor([8.5700])
O=C(NC1CCN(c2ncnc3c2nc(-c2ccccc2Cl)n3-c2ccc(Cl)cc2)CC1)Oc1ccccc1,tensor([8.5900])
CC(C)CC(=O)NC1CCN(c2ncnc3c2nc(-c2ccccc2Cl)n3-c2ccc(Cl)cc2)CC1,tensor([8.4000])
O=C(NC1CCN(c2ncnc3c2nc(-c2ccccc2Cl)n3-c2ccc(Cl)cc2)CC1)C1CCCCC1,tensor([8.4700])
O=C(CC1CCCC1)NC1CCN(c2ncnc3c2nc(-c2ccccc2Cl)n3-c2ccc(Cl)cc2)CC1,tensor([8.7000])
O=C(NC1CCN(c2ncnc3c2nc(-c2ccccc2Cl)n3-c2ccc(Cl)cc2)CC1)C1CCCC1,tensor([8.8100])
Cc1c(C(=O)NN2CCCCC2)nn(C2CCCCC2)c1-c1ccccc1,tensor([6.2200])
CCCCCn1nc(C(=O)NN2CCCCC2)cc1-c1ccccc1,tensor([6.5900])
Cc1c(C(=O)NCC23CC4CC(CC(C4)C2)C3)nn(CCCCCCl)c1-c1ccccc1,tensor([8.2200])
Cc1c(C(=O)NN2CCCCC2)nn(-c2ccc(Cl)cc2Cl)c1-c1ccc(N)cc1,tensor([7.0900])
O=C(NN1CCCCC1)c1nn(-c2ccc(Cl)cc2Cl)c2c1CCCc1cc([N+](=O)[O-])ccc1-2,tensor([7.2000])
CCCCCCCn1nc(C(=O)NN2CCCCC2)c(C)c1-c1ccccc1,tensor([6.6900])
Cc1ccc(Cn2nc(C(=O)NC3CC4CCC3(C)C4(C)C)c(C)c2-c2ccc(Cl)c(C)c2)cc1,tensor([6.4000])
COc1ccc(-c2c(F)c(C(=O)NN3CCCCC3)nn2-c2ccc(Cl)cc2Cl)cc1,tensor([7.7400])
Cc1c(C(=O)NN2CCOCC2)nn(-c2ccc(Cl)cc2Cl)c1-c1ccccc1Br,tensor([7.9300])
Cc1c(C(=O)NN2CCCCC2)nn(-c2ccc(Cl)cc2Cl)c1-c1ccccc1,tensor([6.9100])
CCCn1nc(C(=O)NN2CCCCC2)c(C)c1-c1ccccc1,tensor([5.4500])
Cc1c(C(=O)NN)nn(-c2ccc(Cl)cc2Cl)c1-c1ccc(Cl)cc1,tensor([6.4300])
Cc1c(C(=O)NN2CCCCC2)nn(C)c1-c1ccc(Cl)cc1,tensor([4.4600])
Cc1c(C(=O)Nc2ccc(-c3ccsc3)cc2)nn(CCCCCCl)c1-c1ccccc1,tensor([7.7000])
CCCCCCCn1nc(C(=O)NN2CCCCC2)cc1-c1ccccc1,tensor([6.4900])
Cc1c(C(=O)NN2CCCCC2)nn(-c2ccc(Cl)cc2)c1-c1ccc(Cl)cc1,tensor([7.2200])
COCc1c(C(=O)NC2CCCCC2)nn(-c2ccc(Cl)cc2Cl)c1C1C2(C)CCC(C2)C1(C)C,tensor([6.6200])
CCCCCn1nc(C(=O)NN2CCCCC2)c(C)c1-c1ccc(Br)cc1,tensor([7.0900])
Cc1c(C(=O)N(C)c2ccccc2)nn(-c2ccc(Cl)cc2Cl)c1-c1ccc(Br)cc1,tensor([7.5100])
O=C(NN1CCCCC1)c1nn(-c2ccc(Cl)cc2Cl)c2c1CCCc1c-2cccc1[N+](=O)[O-],tensor([7.])
O=C(NC1CCCCC1)c1nn(-c2ccc(Cl)cc2Cl)c(-c2ccc(Br)cc2)c1CO,tensor([8.2200])
Cc1c(NC(=O)N2CCCCC2)nn(-c2ccc(Cl)cc2Cl)c1-c1ccc(Br)cc1,tensor([7.3300])
Cc1c(C(=O)NCCO)nn(-c2ccc(Cl)cc2Cl)c1-c1ccc(Br)cc1,tensor([5.9500])
Cc1c(C(=O)NN2CCCCC2)nn(-c2ccc(Cl)cc2Cl)c1-c1ccc(Br)cc1,tensor([7.1200])
CCCCCCC(C)(C)C1=CC(=O)C2=C(OC(C)(C)c3c[nH]nc32)C1=O,tensor([6.4900])
CCCCCCC(C)(C)C1=CC(=O)C2=C(OC(C)(C)c3cn(CC)nc32)C1=O,tensor([5.0700])
CCCCCCC(C)(C)C1=CC(=O)C2=C(OC(C)(C)c3cn(C)nc32)C1=O,tensor([4.8500])
Cc1sc(=NC(=O)C2C(C)(C)C2(C)C)n(CCO[11CH3])c1C,tensor([6.5700])
Cc1c(CCN2CCOCC2)c2cc(O[11CH3])ccc2n1C(=O)c1cccc(Cl)c1Cl,tensor([5.2200])
O=C(NC1CCCCC1O)c1cnc(Oc2ccccc2)c(-c2ccc(Cl)cc2)c1,tensor([5.7800])
Cc1cc(COc2ncc(C(=O)NC3CCCCC3O)cc2-c2ccc(Cl)cc2)on1,tensor([7.9700])
O=C(NC1CCCCC1O)c1cnc(OCC2CC2)c(-c2ccc(Cl)cc2)c1,tensor([7.9400])
O=C(NC1CCCCC1O)c1cnc(OCc2ccccc2)c(-c2ccc(Cl)cc2)c1,tensor([7.4000])
O=C(NC1CCCCC1O)c1cnc(OC2CCC2)c(-c2ccc(Cl)cc2)c1,tensor([6.6800])
CC(O)(CNC(=O)c1cnc(OCC2CC2)c(-c2ccc(Cl)cc2)c1)C1CC1,tensor([7.4600])
O=C(NC1CCCCC1O)c1cnc(CCC2CC2)c(-c2ccc(Cl)cc2)c1,tensor([7.7800])
O=C(NC1CCCCC1O)c1cnc(OC2CCCC2)c(-c2ccc(Cl)cc2)c1,tensor([6.4300])
CC(C)Oc1ncc(C(=O)NC2CCCCC2O)cc1-c1ccc(Cl)cc1,tensor([5.9700])
O=C(NC1CCCCC1O)c1cnc(OCC2CC2)c(-c2ccc(Cl)c(Cl)c2)c1,tensor([6.5200])
O=C(NC1CCCCC1O)c1cnc(OCc2ncccn2)c(-c2ccc(Cl)cc2)c1,tensor([7.2900])
CN(CC1CC1)c1ncc(C(=O)NC2CCCCC2O)cc1-c1ccc(Cl)cc1,tensor([7.2900])
O=C(NC1CCCCC1O)c1cnc(OCc2ccccn2)c(-c2ccc(Cl)cc2)c1,tensor([6.8600])
O=C(NC1CCCCC1O)c1ccc(OCC2CC2)c(-c2ccc(Cl)cc2)n1,tensor([5.7400])
O=C(NC1CCCCC1O)c1cnc(OCC2CC2)c(-c2ccc(OC(F)(F)F)cc2)c1,tensor([7.6300])
O=C(NC1CCCCC1O)c1cnc(OCC2CC2)c(-c2cccc(Cl)c2)c1,tensor([6.8900])
O=C(NC1CCCCC1O)c1cnc(OCC2CC2)c(-c2ccc(Cl)cc2Cl)c1,tensor([6.9100])
O=C(NC1CCCCC1O)c1cnc(OCc2cccnc2)c(-c2ccc(Cl)cc2)c1,tensor([7.6300])
O=C(NC1CCCCC1O)c1cnc(OCc2ccncc2)c(-c2ccc(Cl)cc2)c1,tensor([7.2300])
CCCCOc1ncc(C(=O)NC2CCCCC2O)cc1-c1ccc(Cl)cc1,tensor([7.3600])
N#Cc1ccc(-c2cc(C(=O)NC3CCCCC3O)cnc2OCC2CC2)cc1,tensor([7.6300])
COCCOc1ncc(C(=O)NC2CCCCC2O)cc1-c1ccc(Cl)cc1,tensor([8.2900])
O=C(NC1CCCCC1O)c1cnc(OCC2CC2)c(-c2ccc(F)cc2)c1,tensor([7.3700])
CS(=O)(=O)Nc1ccc(-c2cc(C(=O)NC3CCCCC3O)cnc2OCC2CC2)cc1,tensor([5.7200])
COc1ccc(-c2cc(C(=O)NC3CCCCC3O)cnc2OCC2CC2)cc1,tensor([7.1800])
O=C(NC1CCCCC1O)c1cnc(OCC2CC2)c(-c2cc(C(F)(F)F)ccc2Cl)c1,tensor([7.1700])
O=C(NN1CCCCC1)c1cnc(OCC2CC2)c(-c2ccc(Cl)cc2)c1,tensor([6.2500])
O=C(NC1CCCCC1O)c1cnc(OCC(F)(F)F)c(-c2ccc(Cl)cc2)c1,tensor([7.9100])
O=C(NC1CCCCC1O)c1cnc(OC2CCCCC2)c(-c2ccc(Cl)cc2)c1,tensor([5.5200])
O=C(NC1CCCCC1O)c1cnc(OCC2CC2)c(-c2ccc(Cl)cc2)n1,tensor([7.5900])
O=C(NC1CCCCC1O)c1cnc(OCC2CC2)c(-c2ccc(C(F)(F)F)cc2)c1,tensor([7.7300])
CCCCCC=CCC=CCCCCCCCC(=O)NC(CO)Cc1ccc(O)cc1,tensor([6.0900])
OCCCCCCCCCCCCCCCNC(CO)Cc1ccc(O)cc1,tensor([6.2800])
c1ccc(COc2nn(Cc3ccccc3)c3ccccc23)cc1,tensor([5.5800])
Brc1ccc2c(c1)c(OCc1ccc3ccccc3c1)nn2CCN1CCCCC1,tensor([5.7700])
Nc1ccc2c(c1)c(OCc1ccccc1)nn2Cc1ccccc1,tensor([5.4000])
CCCCCn1nc(OCc2ccc(OC)cc2)c2cc([N+](=O)[O-])ccc21,tensor([6.1000])
O=[N+]([O-])c1ccc2c(c1)c(OCc1ccc3ccccc3c1)nn2CCN1CCOCC1,tensor([5.8600])
O=[N+]([O-])c1ccc2c(c1)c(OCc1cccc3ccccc13)nn2CCN1CCCC1,tensor([6.2200])
COc1ccc(COc2nn(Cc3ccc(OC)cc3)c3ccccc23)cc1,tensor([5.6200])
Nc1ccc2c(c1)c(OCc1cccc3ccccc13)nn2CCN1CCCC1,tensor([4.9600])
c1ccc2c(COc3nn(CCN4CCCCC4)c4ccccc34)cccc2c1,tensor([5.5200])
CCCCCOc1nn(CCCCC)c2ccc([N+](=O)[O-])cc12,tensor([5.8900])
c1ccc2c(c1)c(OCC1CCCCC1)nn2CC1CCCCC1,tensor([6.7000])
c1ccc2c(COc3nn(CCN4CCCC4)c4ccccc34)cccc2c1,tensor([6.2500])
O=[N+]([O-])c1ccc2c(c1)c(OCc1cccc3ccccc13)nn2Cc1cccc2ccccc12,tensor([5.4200])
CCCCCn1nc(OCc2ccc3ccccc3c2)c2cc([N+](=O)[O-])ccc21,tensor([5.8000])
c1ccc2cc(COc3nn(CCN4CCCCC4)c4ccccc34)ccc2c1,tensor([5.8500])
O=C(NC1CCCCCC1)c1cc(C=Cc2ccccc2)cn(Cc2ccc(F)cc2)c1=O,tensor([7.6200])
O=C(NC1CCCCCC1)c1cc(Br)cn(CCN2CCOCC2)c1=O,tensor([6.6100])
O=C(NC1CCCCCC1)c1cccn(Cc2ccc(Cl)cc2)c1=O,tensor([7.2600])
O=C(NC1CCCCCC1)c1cccn(Cc2ccc(I)cc2)c1=O,tensor([5.9000])
CCCCn1cccc(C(=O)NC2CCC(C)CC2)c1=O,tensor([5.7900])
O=C(NC1CCCCCC1)c1cccnc1OCc1ccccc1,tensor([5.7200])
CC1CCC(NC(=O)c2cccn(Cc3ccccc3)c2=O)CC1,tensor([6.4100])
CC1CCC(NC(=O)c2cccnc2OCc2ccc(F)cc2)CC1,tensor([6.0500])
O=C(NC1CCCCCC1)c1cc(-c2ccc(F)cc2)cn(CCN2CCOCC2)c1=O,tensor([5.5600])
O=C(NC1CCCCCC1)c1cc(-c2ccc(F)cc2)cn(Cc2ccc(F)cc2)c1=O,tensor([7.6200])
O=C(NC1CCCCCC1)c1cc(-c2ccccc2)cn(Cc2ccc(F)cc2)c1=O,tensor([7.4600])
O=C(NC1CCCCCC1)c1cccn(Cc2ccccc2)c1=O,tensor([7.2500])
CC1CCC(NC(=O)c2cccnc2OCc2ccccc2)CC1,tensor([5.5100])
CCOC(=O)C=Cc1cc(C(=O)NC2CCCCCC2)c(=O)n(Cc2ccc(F)cc2)c1,tensor([7.6100])
O=C(NC1CCCCCC1)c1cccn(Cc2cccc(I)c2)c1=O,tensor([5.7400])
O=C(NC1CCCCCC1)c1cc(Br)cn(Cc2ccc(F)cc2)c1=O,tensor([8.0600])
COc1ccc(-c2cc(C(=O)NC3CCCCCC3)c(=O)n(Cc3ccc(F)cc3)c2)cc1,tensor([7.2000])
CC1CCC(NC(=O)c2cccn(Cc3ccc(F)cc3)c2=O)CC1,tensor([7.1600])
CC(C)=CCCC1(C)C(O)CCC2(C)C1CCC1Cc3c([nH]c4ccccc34)C12C,tensor([5.1500])
CC(C)=CC1CC2(C)C(CCC3(C)C2CCC2Cc4c([nH]c5ccccc45)C23C)O1,tensor([5.3600])
CC(C)=CCCC1(C)C(OC2OC(CO)C(O)C(O)C2O)CCC2(C)C1CCC1Cc3c([nH]c4ccccc34)C12C,tensor([4.9700])
CCOc1ccc(Cc2nc3cc(C(=O)N(C)CC)ccc3n2CCC(C)C)cc1,tensor([5.5000])
O=C1N2CCCCSC2=NC1(c1ccccc1)c1ccccc1,tensor([5.8700])
O=C1C(=Cc2cccc(Oc3ccccc3)c2)N=C2SCCCCN12,tensor([5.8000])
O=C1C(=Cc2cccc(OCc3ccc(F)cc3)c2)N=C2SCCCCN12,tensor([6.0700])
O=C1C(=Cc2cccc(OCc3ccccc3)c2)N=C2SCCCCN12,tensor([5.6700])
O=C1N2CCSC2=NC1(c1ccccc1)c1ccccc1,tensor([4.6800])
O=C1C(=Cc2cccc(OCc3ccc(Cl)cc3Cl)c2)N=C2SCCCCN12,tensor([5.5000])
O=C1C(=Cc2cccc(OCc3ccccc3Cl)c2)N=C2SCCCCN12,tensor([5.6400])
CCOC(=O)COc1cccc(C=C2N=C3SCCCCN3C2=O)c1,tensor([5.3200])
O=C1C(=Cc2cccc(OCc3cccc(Cl)c3)c2)N=C2SCCCCN12,tensor([5.6700])
CCCCCCC(C)(C)c1cc(O)c(C2CC(=O)C3CC2C3(C)C)c(OC(=O)C=CC(=O)O)c1,tensor([6.4800])
CCCCCCC(C)(C)c1cc(O)c2c(c1)OC(C)(C)C1CC=C(C(=O)O)CC21,tensor([7.4900])
CCCCCCC(C)(C)c1cc(O)c2c(c1)OC(C)(C)C1CC=C(C)CC21,tensor([9.0800])
O=c1n(Cc2ccc(C(F)(F)F)nc2)nc2c(-c3ccncc3)c(-c3ccc(Cl)cc3)cnn12,tensor([7.9200])
CCn1nc2c(-c3ccc(Cl)cc3)c(-c3ccncc3)c(=O)n(Cc3ccc(C(F)(F)F)nc3)n2c1=O,tensor([7.8200])
Cn1nc2c(-c3ccc(Cl)cc3)c(-c3ccncc3)c(=O)n(Cc3ccc(C#N)cc3)n2c1=O,tensor([7.5400])
CCCn1nc2c(-c3ccc(Cl)cc3)c(-c3ccc(C#N)cc3)c(=O)n(Cc3ccc(C(F)(F)F)nc3C)n2c1=O,tensor([8.7700])
COc1nn2c(=O)n(Cc3ccc(C(F)(F)F)nc3)nc2c(-c2ccncc2)c1-c1ccc(Cl)cc1,tensor([8.])
Cc1nn2c(=O)n(Cc3ccc(C(F)(F)F)nc3)nc2c(-c2ccncc2)c1-c1ccc(Cl)cc1,tensor([6.6800])
CCn1nc2c(-c3ccc(Cl)cc3)c(-c3ccc(CO)nc3)c(=O)n(Cc3ccc(C(F)(F)F)nc3C)n2c1=O,tensor([8.3000])
CCn1nc2c(-c3ccc(Cl)cc3)c(-c3ccc(C#N)c(C)c3)c(=O)n(Cc3ccc(C(F)(F)F)nc3C)n2c1=O,tensor([8.5200])
N#Cc1ccc(Cn2nc3c(-c4ccncc4)c(-c4ccc(Cl)cc4)c(=O)n(Cc4ccc(C#N)cc4)n3c2=O)cc1,tensor([8.3800])
CCn1nc2c(-c3ccc(Cl)cc3)c(-c3cnn(C)c3)c(=O)n(Cc3ccc(C#N)cc3)n2c1=O,tensor([7.0400])
Cn1nc2c(-c3ccc(Cl)cc3)c(-c3ccncc3)c(=O)n(Cc3ccc(C(F)(F)F)nc3)n2c1=O,tensor([7.5500])
Cn1c(=O)c(-c2ccc(Cl)cc2)c(-c2ccncc2)c2nn(Cc3ccc(C(F)(F)F)nc3)c(=O)n21,tensor([7.7500])
CCn1nc2c(-c3ccc(Cl)cc3)c(-c3ccncc3F)c(=O)n(Cc3ccc(C(F)(F)F)nc3C)n2c1=O,tensor([8.4900])
Cc1nc(C(F)(F)F)ccc1Cn1c(=O)c(-c2ccncc2)c(-c2ccc(Cl)cc2)c2nn(C)c(=O)n21,tensor([8.0500])
Cc1nc(C(F)(F)F)ccc1Cn1c(=O)c(-c2ccc(C#N)cc2)c(-c2ccc(Cl)cc2)c2nn(C(C)C)c(=O)n21,tensor([8.7200])
CCn1nc2c(-c3ccc(Cl)cc3)c(-c3ccc(C#N)cc3)c(=O)n(Cc3ccc(C(F)(F)F)nc3C)n2c1=O,tensor([8.8500])
Cn1nc2c(-c3ccncc3)c(-c3ccc(Cl)cc3)c(=O)n(Cc3ccc(C#N)cc3)n2c1=O,tensor([6.6700])
CCn1nc2c(-c3ccc(C)cc3)c(-c3ccc(C#N)cc3)c(=O)n(Cc3ccc(C(F)(F)F)nc3C)n2c1=O,tensor([8.5400])
CCc1nc(C(F)(F)F)ccc1Cn1c(=O)c(-c2ccc(C#N)cc2)c(-c2ccc(Cl)cc2)c2nn(CC)c(=O)n21,tensor([8.8000])
O=c1[nH]n2c(=O)n(Cc3ccc(C(F)(F)F)nc3)nc2c(-c2ccncc2)c1-c1ccc(Cl)cc1,tensor([5.4000])
CCn1nc2c(-c3ccc(Cl)cc3)c(-c3cnc(N(C)C)nc3)c(=O)n(Cc3ccc(C#N)cc3)n2c1=O,tensor([7.1100])
CCn1nc2c(-c3ccc(Cl)cc3)c(-c3ccncc3C)c(=O)n(Cc3ccc(C(F)(F)F)nc3C)n2c1=O,tensor([8.0800])
CCn1nc2c(-c3ccc(Cl)cc3)c(-c3ccc(C#N)cc3)c(=O)n(Cc3ccc(C#N)cc3)n2c1=O,tensor([8.3000])
CCn1nc2c(-c3ccc(Cl)cc3)c(-c3ccc(C#N)cc3)c(=O)n(Cc3ccc(C)cc3)n2c1=O,tensor([7.9200])
CCCCCCC(C)(C)c1cc(OC(C)=O)c2c(c1)OC(C)(C)C1CC=C(C(=O)O)CC21,tensor([6.2000])
CCCC=CCC=CCCCC=CC=CC(=O)NCC(C)CC,tensor([6.5100])
CCC=CCC=CCC=CCCCCCCCC(=O)NCc1cccc(OC)c1,tensor([5.0600])
CCCC=CC#CC=CC=CCCC=CC=CC(=O)NCC(C)C,tensor([5.0700])
CCC=CCC=CCC=CCCCCCCCC(=O)NCc1ccccc1,tensor([5.0500])
CCCCCC=CCC=CCCCCCCCC(=O)NCc1ccccc1,tensor([6.3200])
CC1(C)C(=O)N(c2ccc(F)c(C(F)(F)F)c2)C(=O)C1Cc1ccc(F)cc1NC(=O)Nc1ccc(S(N)(=O)=O)cc1,tensor([8.0500])
Cc1cc(O)c2c(c1)OC(C)(C)C1=C2CC(C)CC1,tensor([6.])
CCCCCc1cc(O)c2c(c1)OC1=C(CCC(C)C1)C2(C)C,tensor([5.9600])
N#Cc1ccccc1CSc1nnc2c(n1)[nH]c1cccc(Br)c12,tensor([5.5000])
Fc1ccccc1CSc1nnc2c3ccccc3n(Cc3ccccc3)c2n1,tensor([6.5600])
N#Cc1ccccc1CSc1nnc2c3ccccc3n(Cc3ccccc3)c2n1,tensor([7.2100])
C=CCNC(=O)CCCCCCCCCCOc1cc(O)cc(CCCCC)c1,tensor([6.8700])
CCCCCCC(C)(C)c1cc(O)cc(OCCCCCCCC(=O)NC(C)CO)c1,tensor([7.7600])
CCCCCCc1ccc(O)cc1OCCCCCCCCCCCNC(=O)C1CC1,tensor([6.0500])
C=CCNC(=O)CCCCCCCOc1cc(O)cc(C(C)(C)CCCCCC)c1,tensor([8.1400])
C=CCNCCCCCCCCCCCOc1cc(O)cc(CCCCC)c1,tensor([5.9400])
CCCCCc1cc(O)cc(OCCCCCCCCCCCCNC2CC2)c1,tensor([6.0800])
CCCCCCC(C)(C)c1cc(O)cc(OCCCCCCCCCCCNC(=O)C2CC2)c1,tensor([5.6800])
CCCCCCC(C)(C)c1cc(O)cc(OCCCCCCCCCCC(=O)NC(C)CO)c1,tensor([6.8800])
CCCCCCC(C)(C)c1cc(O)cc(OCCCCCCCC(=O)NCC(F)(F)F)c1,tensor([6.4000])
CCCCCc1cc(O)cc(OCCCCCCCCCCCNC(=O)C2CC2)c1,tensor([5.5600])
CCCCCc1cc(O)cc(OCCCCCCCC(=O)NC(C)CO)c1,tensor([7.8900])
CCCCCCC(C)(C)c1cc(O)cc(OCCCCCCCCCCC(=O)NC(CO)CO)c1,tensor([5.7200])
CCCCCc1cc(O)cc(OCCCCCCCCCCC(=O)NC(C)CO)c1,tensor([6.5800])
CCCCCc1cc(O)cc(OCCCCCCCCCCC(=O)NN(C)C)c1,tensor([6.0700])
CCCCCc1cc(O)cc(OCCCCCCCCCCC(=O)NN2CCCCC2)c1,tensor([5.7500])
CCCCCc1cc(O)cc(OCCCCCCCCCNC(C)CO)c1,tensor([5.9700])
CCCCCc1cc(O)cc(OCCCCCCCCCCCNCc2ccccc2)c1,tensor([5.9100])
CCCCCc1cc(O)cc(OCCCCCCCCCCCNC2CC2)c1,tensor([5.6800])
CCCCCCC(C)(C)c1cc(O)cc(OCCCCCCCC(=O)NC(CO)CO)c1,tensor([6.7500])
CCCCCc1cc(O)cc(OCCCCCCCCCCC(=O)NCC(F)(F)F)c1,tensor([6.3600])
CCCCn1c(=O)c(C(=O)NC2CCC(C)CC2)cc2cccnc21,tensor([5.6400])
CC1CCC(NC(=O)c2cc3cc(-c4ccco4)cnc3n(Cc3ccc(F)cc3)c2=O)CC1,tensor([5.4600])
CC1CCC(NC(=O)c2cc3cc(-c4cccs4)cnc3n(CCN3CCOCC3)c2=O)CC1,tensor([7.4900])
COc1ccc(-c2cnc3c(c2)cc(C(=O)NC2CCC(C)CC2)c(=O)n3Cc2ccc(F)cc2)cc1,tensor([5.4900])
CC1CCC(NC(=O)c2cc3cc(-c4cccs4)cnc3n(Cc3ccc(F)cc3)c2=O)CC1,tensor([6.3700])
CC1CCC(NC(=O)c2cc3cccnc3n(CCCCCCF)c2=O)CC1,tensor([7.4500])
CC1CCC(NC(=O)c2cc3cccnc3n(CCCCF)c2=O)CC1,tensor([6.])
CC1CCC(NC(=O)c2cc3cccnc3n(CCCCCF)c2=O)CC1,tensor([7.6500])
CC1CCC(NC(=O)c2cc3cc(Br)cnc3n(CCN3CCOCC3)c2=O)CC1,tensor([6.1200])
CC1CCC(NC(=O)c2cc3cc(-c4ccc(F)cc4)cnc3n(CCN3CCOCC3)c2=O)CC1,tensor([7.1800])
CCCCCn1c(=O)c(C(=O)NC2CCC(C)CC2)cc2cccnc21,tensor([6.0400])
CC1CCC(NC(=O)c2cc3cc(Br)cnc3n(Cc3ccc(F)cc3)c2=O)CC1,tensor([7.0200])
COc1cccc2c(C(=O)N3CCN(C)C(C)C3)cn(CC3CCCCC3)c12,tensor([8.9000])
COc1c(C)cc(-c2ccccc2)cc1C(=O)NC1CCCCCC1,tensor([6.0600])
CCCCc1cc(-c2ccc(OC)cc2)cc(C(=O)NC2CCCCCC2)c1OC,tensor([5.8300])
COc1c(C)cc(-c2ccc(F)cc2)cc1C(=O)NC1CCC(C)CC1,tensor([6.7500])
COc1c(C)cc(-c2ccccc2)cc1C(=O)NC1CCC(C)CC1,tensor([5.9600])
CCCCc1cc(-c2ccc(OC)cc2)cc(C(=O)NC2CCC(C)CC2)c1OC,tensor([5.8100])
CCCCn1c(=O)c(C(=O)NC2CCC(C)CC2)c(O)c2cccnc21,tensor([6.1500])
CCCCn1c(=O)c(C(=O)NC2CCC(C)CC2)cc2ccccc21,tensor([6.2600])
CC1CCC(NC(=O)c2c(O)c3cccnc3n(CCN3CCOCC3)c2=O)CC1,tensor([6.2000])
CCCCCn1c(=O)c(C(=O)NC2CCC(C)CC2)cc2ccccc21,tensor([6.6400])
CCCn1c(=O)c(C(=O)NC2CCC(C)CC2)cc2ccccc21,tensor([5.5800])
CC1CCC(NC(=O)c2c(O)c3cccnc3n(Cc3ccc(F)cc3)c2=O)CC1,tensor([6.8600])
CC1CCC(NC(=O)c2cc3ccccc3n(Cc3ccc(F)cc3)c2=O)CC1,tensor([7.7100])
CC1CCC(NC(=O)c2cc3ccccc3n(CCN3CCOCC3)c2=O)CC1,tensor([6.1000])
CN(C)C1(c2nc(-c3cc(C(C)(C)C)c(O)c(C(C)(C)C)c3)cs2)CCSCC1,tensor([5.6300])
CN(C)C1(c2nc(-c3cc(C(C)(C)C)c(O)c(C(C)(C)C)c3)co2)CCOCC1,tensor([6.0900])
CN(C)C1(c2nc(-c3cc(C(C)(C)C)cc(C(C)(C)C)c3)cs2)CCOCC1,tensor([5.3300])
CCN(CC)C1(c2nc(-c3cc(C(C)(C)C)c(O)c(C(C)(C)C)c3)cs2)CCOCC1,tensor([5.4800])
CC(C)(C)c1cc(-c2csc(C3(N4CCCCC4)CCOCC3)n2)cc(C(C)(C)C)c1O,tensor([5.6600])
CNC1(c2nc(-c3cc(C(C)(C)C)c(O)c(C(C)(C)C)c3)cs2)CCOCC1,tensor([5.6400])
CC(C)(C)c1cc(-c2csc(C3(N)CCOCC3)n2)cc(C(C)(C)C)c1O,tensor([5.1600])
C=C1CCC2C(c3c(O)cc(CCCCC)cc3OC2(C)C)C1O,tensor([6.9300])
CCCCCc1cc(O)c2c(c1)OC(C)(C)C1CC(O)C(C)=CC21,tensor([7.1900])
CCCCCc1cc(O)c2c(c1)OC(C)(C)C1CC=C(C)C(O)C21,tensor([7.5100])
CCCCCc1cc2c(c(O)c1C(=O)O)C1C=C(COC(C)=O)CCC1C(C)(C)O2,tensor([7.3300])
CCCCCc1cc(O)c2c(c1)OC(C)(C)C1CCC3(C)OC3C21,tensor([6.6500])
CCCCCc1cc(O)c2c(c1)OC(C)(C)C1CCC(C)(O)C(O)C21,tensor([5.2500])
COCC(COC(C)=O)N(C)C(=O)CCC=CCCCCC(Cl)CCCCCC(Cl)Cl,tensor([6.3900])
COCC(COC(C)=O)N(C)C(=O)CCC=CCCCCC(Cl)CCCCCCCl,tensor([6.2300])
C=CCCCC=CC=C(C)CCCCC=CCCC=CC(=O)NC(CO)CO,tensor([6.3300])
CC(C)(C)c1ccc(C(=O)c2cc(O)c(-c3cc(Cl)cc(Cl)c3)c(O)c2)cc1,tensor([5.6000])
CCc1ccc(C(=O)c2cc(O)c(-c3cc(Cl)cc(Cl)c3)c(O)c2)cc1,tensor([5.9400])
O=C(c1cccc(C(F)(F)F)c1)c1cc(O)c(-c2cc(Cl)cc(Cl)c2)c(O)c1,tensor([5.3800])
CC(C)c1ccc(C(=O)c2cc(O)c(-c3cc(Cl)cc(Cl)c3)c(O)c2)cc1,tensor([5.4800])
O=C(c1cc(O)c(-c2cc(Cl)cc(Cl)c2)c(O)c1)C1CCCCC1,tensor([6.5300])
O=C(c1ccc(Cl)cc1)c1cc(O)c(-c2cc(Cl)cc(Cl)c2)c(O)c1,tensor([5.3300])
Cc1ccc(Cn2cc(C(=O)NC3C4(C)CCC(C4)C3(C)C)cc2-c2ccc(Cl)c(C)c2)cc1,tensor([5.8300])
Cc1ccc(Cn2cc(C(=O)N3CCCCC3)cc2-c2ccc(Cl)c(C)c2)cc1,tensor([5.5100])
Cc1ccc(Cn2cc(C(=O)NC3CC4CCC3(C)C4(C)C)cc2-c2ccc(Cl)c(C)c2)cc1,tensor([6.4300])
Cc1c(C(=O)NC2CCN(C(=O)c3ccccc3)CC2)nn(-c2ccc(Cl)cc2Cl)c1-c1ccc(Cl)cc1,tensor([8.1200])
CCS(=O)(=O)N1CCC(NC(=O)c2nn(-c3ccc(Cl)cc3Cl)c(-c3ccc(Cl)cc3)c2C)CC1,tensor([7.3500])
Cc1c(C(=O)NC2CCN(S(=O)(=O)CC(C)C)CC2)nn(-c2ccc(Cl)cc2Cl)c1-c1ccc(Cl)cc1,tensor([7.3600])
CCCCC(=O)N1CCC(NC(=O)c2nn(-c3ccc(Cl)cc3Cl)c(-c3ccc(Cl)cc3)c2C)CC1,tensor([7.8400])
Cc1c(C(=O)NC2CCN(S(=O)(=O)c3ccccc3)CC2)nn(-c2ccc(Cl)cc2Cl)c1-c1ccc(Cl)cc1,tensor([7.3700])
Cc1c(C(=O)NC2CCN(C(=O)C3CCCC3)CC2)nn(-c2ccc(Cl)cc2Cl)c1-c1ccc(Cl)cc1,tensor([8.0400])
Cc1c(C(=O)NC2CCN(C(=O)C(F)(F)F)CC2)nn(-c2ccc(Cl)cc2Cl)c1-c1ccc(Cl)cc1,tensor([8.7200])
CCCOC(=O)N1CCC(NC(=O)c2nn(-c3ccc(Cl)cc3Cl)c(-c3ccc(Cl)cc3)c2C)CC1,tensor([8.0500])
Cc1c(C(=O)NC2CCN(C(=O)OC(C)C)CC2)nn(-c2ccc(Cl)cc2Cl)c1-c1ccc(Cl)cc1,tensor([8.1900])
Cc1c(C(=O)NC2CCN(S(=O)(=O)CCC(F)(F)F)CC2)nn(-c2ccc(Cl)cc2Cl)c1-c1ccc(Cl)cc1,tensor([8.0200])
Cc1c(C(=O)NC2CCN(C(=O)CC(C)C)CC2)nn(-c2ccc(Cl)cc2Cl)c1-c1ccc(Cl)cc1,tensor([7.5400])
CCCCCn1cc(C(=O)NC23CC4CC(CC(C4)C2)C3)c(=O)n2nc(-c3ccc(C)cc3)nc12,tensor([5.8200])
CCCCCn1cc(C(=O)NC23CC4CC(C)(CC(C)(C4)C2)C3)c(=O)n2nc(-c3ccccc3)nc12,tensor([6.1800])
CCCCCn1cc(C(=O)NC23CC4CC(CC(C4)C2)C3)c(=O)n2nc(-c3ccco3)nc12,tensor([5.9300])
CCCCCn1cc(C(=O)NC23CC4CC(CC(C4)C2)C3)c(=O)n2nc(C)nc12,tensor([6.3300])
CCCCCn1cc(C(=O)NC23CC4CC(CC(C4)C2)C3)c(=O)n2nc(-c3ccc(OC)cc3)nc12,tensor([5.4300])
CCCCCn1cc(C(=O)NC2CCCCCC2)c(=O)n2nc(-c3ccccc3)nc12,tensor([5.6100])
CCCCCn1cc(C(=O)NC2CCCCCC2)c(=O)n2ncnc12,tensor([6.1400])
CCCCCn1cc(C(=O)NC2CCCCCC2)c(=O)n2nc(-c3ccc(C)cc3)nc12,tensor([5.2000])
CCCCCn1cc(C(=O)NC2CCCCC2)c(=O)n2nc(-c3ccc(OC)cc3)nc12,tensor([5.2300])
CCCCCn1cc(C(=O)NC23CC4CC(CC(C4)C2)C3)c(=O)n2nc(-c3ccc(Cl)cc3)nc12,tensor([5.2800])
CCCCCn1cc(C(=O)NC2CCCCC2)c(=O)n2nc(-c3ccccc3)nc12,tensor([5.4900])
CCCCCn1cc(C(=O)NC23CC4CC(C)(CC(C)(C4)C2)C3)c(=O)n2ncnc12,tensor([6.2100])
CCCCCn1cc(C(=O)NC2CCCCC2)c(=O)n2nc(-c3ccc(Cl)cc3)nc12,tensor([5.3300])
CCCCCn1cc(C(=O)NC2CCCCC2)c(=O)n2nc(C)nc12,tensor([6.3100])
O=C(NN1CCOCC1)c1nn(-c2ccc(Cl)cc2Cl)c2c1Cc1cc(C3CC3)ccc1-2,tensor([5.3900])
O=C(NN1CCCCC1)c1nn(-c2ccc(Cl)cc2Cl)c2c1Cc1cc(C3CC3)ccc1-2,tensor([5.7300])
O=C(NN1CCCC1)c1nn(-c2ccc(Cl)cc2Cl)c2c1Cc1cc(C3CC3)ccc1-2,tensor([5.3800])
COc1c(Cc2ccccc2)cc(-c2ccccc2)cc1C(=O)NC1CCCCCC1,tensor([5.8100])
CCCCc1cc(-c2ccccc2)cc(C(=O)NC2CCCCCC2)c1OC,tensor([5.7300])
COc1ccc(-c2cc(Cc3ccc(F)cc3)c(OC)c(C(=O)NC3CCC(C)CC3)c2)cc1,tensor([6.4200])
COc1c(Cc2ccc(F)cc2)cc(-c2ccc(F)cc2)cc1C(=O)NC1CCCCCC1,tensor([5.5500])
COc1c(Cc2ccc(F)cc2)cc(-c2ccccc2)cc1C(=O)NC1CCC(C)CC1,tensor([6.0800])
COc1c(Cc2ccc(F)cc2)cc(-c2ccc(F)cc2)cc1C(=O)NC1CCC(C)CC1,tensor([5.9700])
CCCCc1cc(-c2ccc(F)cc2)cc(C(=O)NC2CCCCCC2)c1OC,tensor([5.2100])
C=CCc1ccc(O)c(-c2ccc(OCCCC)c(CC=C)c2)c1,tensor([6.2100])
COc1c(Cc2ccc(F)cc2)cc(-c2ccccc2)cc1C(=O)NC1CCCCCC1,tensor([6.0400])
COc1ccc(-c2cc(C)c(OC)c(C(=O)NC3CCCCCC3)c2)cc1,tensor([4.7800])
CCCCc1cc(-c2ccc(F)cc2)cc(C(=O)NC2CCC(C)CC2)c1OC,tensor([5.6000])
COc1c(Cc2ccccc2)cc(-c2ccccc2)cc1C(=O)NC1CCC(C)CC1,tensor([5.6000])
CCCCCCC(C)(C)c1ccc(-c2cc(C)ccc2C(C)C)c(O)c1,tensor([7.4800])
CCCCCCC(C)(C)c1cc(O)c(C2CCCCC2)c(O)c1,tensor([7.9600])
CCOC(=O)c1c(NC(=O)c2cccc3ccccc23)sc2c1CCCC2,tensor([5.8600])
CCc1c(C(=O)NC2CCCCC2)cc(C)n1-c1ccccc1,tensor([5.3400])
Cc1cc(C(=O)NCCc2ccccc2)c(C)n1-c1ccccc1,tensor([5.2300])
Cc1cc(C(=O)Nc2cccc3ccccc23)c(C)n1-c1ccccc1,tensor([6.5000])
CCc1c(C(=O)Nc2ccc3ccccc3c2)cc(C)n1-c1ccccc1,tensor([6.2000])
CCc1c(C(=O)NC23CC4CC(CC(C4)C2)C3)cc(C)n1-c1ccccc1,tensor([5.9200])
Cc1cc(C(=O)NC23CC4CC(CC(C4)C2)C3)c(C)n1-c1ccccc1,tensor([6.2900])
Cc1cc(C(=O)Nc2ccc3ccccc3c2)c(C)n1-c1ccccc1,tensor([6.5500])
CCc1c(C(=O)NC(C)c2ccccc2)cc(C)n1-c1ccccc1,tensor([5.4300])
CCc1c(C(=O)Nc2cccc3ccccc23)cc(C)n1-c1ccccc1,tensor([6.3000])
COc1ccc(-c2sc3ccccc3c2C(=O)c2cccc3ccccc23)cc1,tensor([5.2900])
CC(C)Cc1sc2ccccc2c1C(=O)c1cccc2ccccc12,tensor([6.1600])
CCCc1sc2ccccc2c1C(=O)c1cccc2ccccc12,tensor([6.2200])
O=C(c1cc2ccccc2s1)c1cccc2ccccc12,tensor([5.5700])
CCCCc1nc2ccccc2n1C(=O)c1cccc2ccccc12,tensor([5.2300])
O=C(c1cccc2ccccc12)n1c(C2CCCCC2)nc2ccccc21,tensor([5.5400])
O=C(c1cccc2ccccc12)n1c(C2CCC2)nc2ccccc21,tensor([5.2400])
CCCCCc1sc2ccccc2c1C(=O)c1cccc2ccccc12,tensor([6.3000])
COc1ccc(C(=O)c2c(-c3ccc(OC)cc3)sc3ccccc23)cc1,tensor([6.1600])
COc1ccc(C(=O)c2c(CC(C)C)sc3ccccc23)cc1,tensor([5.3400])
CCc1sc2ccccc2c1C(=O)c1cccc2ccccc12,tensor([5.2900])
COc1ccc(-c2nc3ccccc3n2C(=O)c2cccc3ccccc23)cc1,tensor([5.3100])
O=C(NC1CCCCCC1)c1cc(-c2ccccc2)nn(C2CCCC2)c1=O,tensor([6.4400])
O=C(NC1CCCCC1)c1cc(-c2ccccc2)nn(Cc2ccc(F)cc2)c1=O,tensor([6.3300])
CC1CCC(NC(=O)c2cc(-c3ccccc3)nn(Cc3ccc(F)cc3)c2=O)CC1,tensor([6.9400])
O=C(NC1CCCCCC1)c1cc(-c2ccccc2)nn(Cc2ccc(F)cc2)c1=O,tensor([7.4800])
O=C(NC12CC3CC(CC(C3)C1)C2)c1cc(-c2ccccc2)nn(C2CCCC2)c1=O,tensor([6.6100])
Cc1ccc(-c2cc(C(=O)NC34CC5CC(CC(C5)C3)C4)c(=O)n(C3CCCC3)n2)cc1Cl,tensor([7.6000])
Cc1c(C(=O)NC2CCCCC2N(C)C)nc(-c2ccc(Cl)cc2Cl)n1-c1ccc(OS(=O)(=O)CCC(F)(F)F)cc1,tensor([8.6000])
Cc1c(C(=O)Nc2ccc(F)nc2)nc(-c2ccc(Cl)cc2Cl)n1-c1ccc(OS(=O)(=O)CCC(F)(F)F)cc1,tensor([10.])
Cc1c(C(=O)NN2CCCCC2)nc(-c2ccc(Cl)cc2Cl)n1-c1ccc(OCCCF)cc1,tensor([10.])
Cc1c(C(=O)NC2CCCC(O)C2)nc(-c2ccc(Cl)cc2Cl)n1-c1ccc(OS(=O)(=O)CCC(F)(F)F)cc1,tensor([10.])
Cc1c(C(=O)NN2CCCCC2)nc(-c2ccc(Cl)cc2Cl)n1-c1ccc(OS(=O)(=O)CCC(F)(F)F)cc1,tensor([9.9600])
Cc1c(C(=O)NN2CCCCC2)nc(-c2ccc(Cl)cc2Cl)n1-c1ccc(OS(=O)(=O)CCCC(F)(F)F)cc1,tensor([10.2100])
Cc1c(C(=O)NN2CCCCC2)nc(-c2ccc(Cl)cc2Cl)n1-c1ccc(OS(=O)(=O)CCC(C)(C)C)cc1,tensor([9.3000])
Cc1ccc(NC(=O)c2nc(-c3ccc(Cl)cc3Cl)n(-c3ccc(OS(=O)(=O)CCC(F)(F)F)cc3)c2C)nc1,tensor([9.9000])
Cc1c(C(=O)Nc2ccc(C(F)(F)F)cn2)nc(-c2ccc(Cl)cc2Cl)n1-c1ccc(OS(=O)(=O)CCC(F)(F)F)cc1,tensor([9.9000])
Cc1c(C(=O)NN2CCCCC2)nc(-c2ccc(Cl)cc2Cl)n1-c1ccc(OCCCC(F)(F)F)cc1,tensor([9.7000])
Cc1c(C(=O)NN2CCCCC2)nc(-c2ccc(Cl)cc2Cl)n1-c1ccc(OS(=O)(=O)CCC(C)C)cc1,tensor([9.7000])
Cc1c(C(=O)Nc2ccc(OC(F)(F)F)cc2)nc(-c2ccc(Cl)cc2Cl)n1-c1ccc(OS(=O)(=O)CCC(F)(F)F)cc1,tensor([9.6600])
CCCS(=O)(=O)Oc1ccc(-n2c(-c3ccc(Cl)cc3Cl)nc(C(=O)NN3CCCCC3)c2C)cc1,tensor([9.6000])
Cc1c(C(=O)Nc2ccc(C(F)(F)F)nc2)nc(-c2ccc(Cl)cc2Cl)n1-c1ccc(OS(=O)(=O)CCC(F)(F)F)cc1,tensor([9.5100])
Cc1c(C(=O)NN2CCCCC2)nc(-c2ccc(Cl)cc2Cl)n1-c1ccc(OS(=O)(=O)CCCF)cc1,tensor([9.5000])
Cc1c(C(=O)NC2CCCCC2N)nc(-c2ccc(Cl)cc2Cl)n1-c1ccc(OS(=O)(=O)CCC(F)(F)F)cc1,tensor([9.5000])
Cc1c(C(=O)NN2CCCCC2)nc(-c2ccc(Cl)cc2Cl)n1-c1ccc(OCCC(F)(F)F)cc1,tensor([9.1000])
CCCCS(=O)(=O)Oc1ccc(-n2c(-c3ccc(Cl)cc3Cl)nc(C(=O)NN3CCCCC3)c2C)cc1,tensor([9.9000])
Cc1c(C(=O)NN2CCCC(O)C2)nc(-c2ccc(Cl)cc2Cl)n1-c1ccc(OS(=O)(=O)CCC(F)(F)F)cc1,tensor([9.6000])
Cc1c(C(=O)NC2CCCCC2O)nc(-c2ccc(Cl)cc2Cl)n1-c1ccc(OS(=O)(=O)CCC(F)(F)F)cc1,tensor([11.])
Cc1c(C(=O)NN2CCCCC2)nc(-c2ccc(Cl)cc2Cl)n1-c1ccc(OCc2ccccc2)cc1,tensor([8.2000])
CCOc1ccc(Cc2nc3cc(C(=O)N4CCCCC4)ccc3n2CCC(C)C)cc1,tensor([4.7700])
[11CH3]OC(=O)c1c(NC(=O)C23CC4CC(CC(O)(C4)C2)C3)sc2c1CCCC2,tensor([6.])
CCCc1sc(NC(=O)C23CC4CC(CC(C4)C2)C3)c(C(=O)O[11CH3])c1C,tensor([5.9600])
CCCCCCCCCCCC(=O)c1c(O)c(-c2ccc(O)cc2)c[nH]c1=O,tensor([6.])
CCN1CCN(c2nc(C)nc3oc(-c4ccccc4Cl)nc23)CC1,tensor([6.5300])
Cc1ccnc(OCc2ccc(F)cc2)c1C(=O)NC1CCCCCC1,tensor([6.8800])
Cc1ccn(Cc2ccc(F)cc2)c(=O)c1C(=O)NC1CCCCCC1,tensor([7.9300])
Cc1c(Br)cnc(OCc2ccc(F)cc2)c1C(=O)NC1CCCCCC1,tensor([6.9500])
COc1ccc(-c2cn(Cc3ccc(F)cc3)c(=O)c(C(=O)NC3CCCCCC3)c2C)cc1,tensor([7.5100])
Cc1c(-c2ccccc2)cn(Cc2ccc(F)cc2)c(=O)c1C(=O)NC1CCCCCC1,tensor([7.6400])
Cc1c(Br)cn(Cc2ccc(F)cc2)c(=O)c1C(=O)NC1CCCCCC1,tensor([8.6400])
O=C1N=C2SCCN2C1=Cc1cccc(OCc2ccc(Cl)cc2)c1,tensor([5.7800])
CSC1=NC(=O)C(=Cc2cccc(OCc3ccc(Cl)cc3)c2)N1,tensor([5.6600])
O=C1NC(=O)C(=Cc2cccc(OCc3ccc(Cl)cc3)c2)S1,tensor([5.3000])
O=C(OC1Cc2c(O)cc(O)cc2OC1c1cc(O)c(O)c(O)c1)c1cc(O)c(O)c(O)c1,tensor([4.4700])
Cc1ccc(-c2cc(SNC3CC4CCC3(C)C4(C)C)nnc2-c2ccc(C)cc2)cc1,tensor([7.3500])
Cc1ccc(Cn2nc(-c3ccc(C)cc3)cc(S(=O)(=O)NC3CCCCCC3)c2=O)cc1,tensor([5.9200])
Cc1ccc(-c2cc(S(=O)(=O)NC3CCCCC3)nnc2-c2ccc(C)cc2)cc1,tensor([5.4400])
Cc1ccc(-c2cc(SNCC3C4(C)CCC(C4)C3(C)C)nnc2-c2ccc(C)cc2)cc1,tensor([6.6100])
Cc1ccc(-c2cc(S(=O)(=O)NC3CCCC3)nnc2-c2ccc(C)cc2)cc1,tensor([5.8300])
Cc1ccc(-c2cc(SNCC3CCC4CC3C4(C)C)nnc2-c2ccc(C)cc2)cc1,tensor([5.9000])
Cc1ccc(-c2cc(SNC3CC4CC(C3C)C4(C)C)nnc2-c2ccc(C)cc2)cc1,tensor([7.1200])
Cc1ccc(-c2cc(SNC3CC(C)CCC3C(C)C)nnc2-c2ccc(C)cc2)cc1,tensor([6.1500])
Cc1ccc(-c2cc(SNCC34CC5CC(CC(C5)C3)C4)nnc2-c2ccc(C)cc2)cc1,tensor([6.0700])
Cc1ccc(-c2cc(S(=O)(=O)NC3CC4CC(C3C)C4(C)C)nnc2-c2ccc(C)cc2)cc1,tensor([7.1300])
Cc1ccc(-c2cc(SNC3CCCC3)nnc2-c2ccc(C)cc2)cc1,tensor([6.1400])
Cc1ccc(-c2cc(S(=O)(=O)NC3CCCCCC3)nnc2-c2ccc(C)cc2)cc1,tensor([6.1000])
Cc1ccc(-c2cc(S(=O)(=O)NC3CC4CCC3(C)C4(C)C)nnc2-c2ccc(C)cc2)cc1,tensor([5.8900])
Cc1nc(CN2CCN(c3ncnc4c3nc(-c3ccccc3Cl)n4-c3ccc(Cl)cc3)CC2)no1,tensor([7.6200])
COc1ccc(N2CCN(c3ncnc4c3nc(-c3ccccc3Cl)n4-c3ccc(Cl)cc3)CC2)cc1,tensor([8.5200])
Fc1ccc(N2CCN(c3ncnc4c3nc(-c3ccccc3Cl)n4-c3ccc(Cl)cc3)CC2)cc1,tensor([8.7000])
N#Cc1ccccc1CN1CCN(c2ncnc3c2nc(-c2ccccc2Cl)n3-c2ccc(Cl)cc2)CC1,tensor([8.5200])
Clc1ccc(-n2c(-c3ccccc3Cl)nc3c(N4CCN(CCc5ccccc5)CC4)ncnc32)cc1,tensor([8.7000])
Clc1ccc(-n2c(-c3ccccc3Cl)nc3c(N4CCN(c5ccccn5)CC4)ncnc32)cc1,tensor([8.7000])
N#Cc1ccccc1N1CCN(c2ncnc3c2nc(-c2ccccc2Cl)n3-c2ccc(Cl)cc2)CC1,tensor([8.7000])
Clc1ccc(-n2c(-c3ccccc3Cl)nc3c(N4CCN(Cc5ccncc5Cl)CC4)ncnc32)cc1,tensor([8.5200])
COc1ccccc1N1CCN(c2ncnc3c2nc(-c2ccccc2Cl)n3-c2ccc(Cl)cc2)CC1,tensor([8.7000])
Oc1cccc(N2CCN(c3ncnc4c3nc(-c3ccccc3Cl)n4-c3ccc(Cl)cc3)CC2)c1,tensor([7.6000])
Clc1ccc(-n2c(-c3ccccc3Cl)nc3c(N4CCN(C5CCCCC5)CC4)ncnc32)cc1,tensor([8.7000])
FC(F)(F)c1ccccc1CN1CCN(c2ncnc3c2nc(-c2ccccc2Cl)n3-c2ccc(Cl)cc2)CC1,tensor([8.3000])
FC(F)(F)Oc1ccccc1CN1CCN(c2ncnc3c2nc(-c2ccccc2Cl)n3-c2ccc(Cl)cc2)CC1,tensor([8.7000])
N#Cc1ccc(N2CCN(c3ncnc4c3nc(-c3ccccc3Cl)n4-c3ccc(Cl)cc3)CC2)cc1,tensor([8.7000])
Clc1ccc(-n2c(-c3ccccc3Cl)nc3c(N4CCN(c5ccccc5)CC4)ncnc32)cc1,tensor([8.7000])
Fc1ccccc1CN1CCN(c2ncnc3c2nc(-c2ccccc2Cl)n3-c2ccc(Cl)cc2)CC1,tensor([8.1500])
Fc1ccc(CN2CCN(c3ncnc4c3nc(-c3ccccc3Cl)n4-c3ccc(Cl)cc3)CC2)cc1,tensor([8.4000])
Cc1ccc(CN2CCN(c3ncnc4c3nc(-c3ccccc3Cl)n4-c3ccc(Cl)cc3)CC2)cc1,tensor([8.1000])
Clc1ccc(-n2c(-c3ccccc3Cl)nc3c(N4CCN(Cc5ccccc5Cl)CC4)ncnc32)cc1,tensor([8.1000])
Clc1ccc(-n2c(-c3ccccc3Cl)nc3c(N4CCN(Cc5cccc(Cl)c5)CC4)ncnc32)cc1,tensor([9.0500])
Clc1ccc(CN2CCN(c3ncnc4c3nc(-c3ccccc3Cl)n4-c3ccc(Cl)cc3)CC2)cc1,tensor([9.])
Clc1ccc(-n2c(-c3ccccc3Cl)nc3c(N4CCN(Cc5ccccc5)CC4)ncnc32)cc1,tensor([8.4000])
CC(c1ccccc1)N1CCN(c2ncnc3c2nc(-c2ccccc2Cl)n3-c2ccc(Cl)cc2)CC1,tensor([8.9600])
N#CC(c1ccccc1)N1CCN(c2ncnc3c2nc(-c2ccccc2Cl)n3-c2ccc(Cl)cc2)CC1,tensor([8.1500])
Cc1ccccc1CN1CCN(c2ncnc3c2nc(-c2ccccc2Cl)n3-c2ccc(Cl)cc2)CC1,tensor([8.4000])
Cc1c(CN2CCN(c3ncnc4c3nc(-c3ccccc3Cl)n4-c3ccc(Cl)cc3)CC2)cnn1C,tensor([8.1000])
CC(c1ccncc1)N1CCN(c2ncnc3c2nc(-c2ccccc2Cl)n3-c2ccc(Cl)cc2)CC1,tensor([7.9200])
Clc1ccc(-n2c(-c3ccccc3Cl)nc3c(N4CCN(CCc5ccncc5)CC4)ncnc32)cc1,tensor([7.9200])
COc1ccc(CN2CCN(c3ncnc4c3nc(-c3ccccc3Cl)n4-c3ccc(Cl)cc3)CC2)cc1,tensor([7.9200])
Clc1ccc(-n2c(-c3ccccc3Cl)nc3c(N4CCN(Cc5ccncc5)CC4)ncnc32)cc1,tensor([7.6600])
CCCCCc1cc2c(c(OS(=O)(=O)c3ccc(C)cc3)c1)C1C(OO)C(C)=CCC1C(C)(C)O2,tensor([6.2900])
CCCCCc1cc(OC(C)=O)c2c(c1)OC(C)(C)C1CC=C(C)CC21,tensor([7.3600])
CCCCCc1cc(O)c2c(c1)OC(C)(C)C1=C2C(OC(C)=O)C(C)(OC)CC1,tensor([5.8500])
CCCCCC1=CC(=O)C2=C(OC(C)(C)C3CCC(C)(OCC)C=C23)C1=O,tensor([6.0400])
CCCCCc1cc(O)c2c(c1)OC(C)(C)C1=C2C(O)C(C)(OC)CC1,tensor([6.2700])
CCCCCc1cc(OC(C)=O)c2c(c1)OC(C)(C)C1=C2C2OC2(C)CC1,tensor([6.5400])
C=C1CC2c3c(cc(CCCCC)cc3OS(=O)(=O)c3ccc(C)cc3)OC(C)(C)C2CC1OO,tensor([5.5400])
CCCCCc1cc(O)c2c(c1)OC(C)(C)C1C=CC(C)(O)CC21,tensor([6.3300])
CCCCCc1cc2c(c(OS(=O)(=O)c3ccc(C)cc3)c1)C1CC(C)(OO)C=CC1C(C)(C)O2,tensor([6.8600])
CCCCCc1cc2c(c(OS(=O)(=O)c3ccc(C)cc3)c1)C1C(O)C(C)=CCC1C(C)(C)O2,tensor([6.1900])
COc1ccc(C(=O)c2cn(CC3CCOCC3)c3ccc(O)cc23)cc1,tensor([5.8500])
COC(=O)CCCCOc1cccc2c(C(=O)c3ccc(OC)cc3)cn(CC3CCOCC3)c12,tensor([5.8000])
COc1ccc(C(=O)c2cn(CC3CCOCC3)c3c(OCCCCCCNC(C)=O)cccc23)cc1,tensor([5.4100])
O=C(c1cccc2ccccc12)c1cn(CC2CCOCC2)c2ccc(O)cc12,tensor([6.0800])
COc1ccc(C(=O)c2cn(CC3CCOCC3)c3c(O)cccc23)cc1,tensor([5.4500])
CCCOc1cccc2c(C(=O)c3ccc(OC)cc3)cn(CC3CCOCC3)c12,tensor([6.3000])
CCCOc1ccc2c(c1)c(C(=O)c1ccc(OC)cc1)cn2CC1CCOCC1,tensor([5.3400])
O=C(c1cccc2ccccc12)c1cn(CCN2CCOCC2)c2ccc(O)cc12,tensor([5.5500])
CCCCCc1sc(NC(=O)C23CC4CC(CC(C4)C2)C3)c(C(=O)OC)c1-c1ccccc1,tensor([6.2900])
CCc1sc(NC(=O)C23CC4CC(CC(C4)C2)C3)c(C(=O)OC)c1C,tensor([5.6700])
CCc1c(C)sc(NC(=O)C23CC4CC(CC(C4)C2)C3)c1C(=O)OC,tensor([6.7300])
CCCc1c(C)sc(NC(=O)C23CC4CC(CC(C4)C2)C3)c1C(=O)OC,tensor([5.9600])
CCCc1cc(C(=O)OC)c(NC(=O)C23CC4CC(CC(C4)C2)C3)s1,tensor([5.8700])
CCCCc1sc(NC(=O)C23CC4CC(CC(C4)C2)C3)c(C(=O)OC)c1C,tensor([7.2300])
CCCCCCCN1C(=O)C2C3c4ccccc4C(c4ccccc43)C2C1=O,tensor([5.4200])
CCCCc1cc(O)c2c(c1)OC(C)(C)C1CCC(C)=CC21,tensor([7.8200])
CC(C)(C)c1nc2cc(NS(C)(=O)=O)ccc2n1CC1CCC(F)(F)CC1,tensor([7.9300])
O=C(NCc1ccc(F)cc1)NC1CCN(c2ncnc3c2nc(-c2ccccc2Cl)n3-c2ccc(Cl)cc2)CC1,tensor([8.5200])
O=C(NC1CCN(c2ncnc3c2nc(-c2ccccc2Cl)n3-c2ccc(Cl)cc2)CC1)NC1(C(F)(F)F)CCCC1,tensor([8.2000])
O=C(Nc1ccc(OC(F)F)nc1)NC1CCN(c2ncnc3c2nc(-c2ccccc2Cl)n3-c2ccc(Cl)cc2)CC1,tensor([7.6600])
O=C(Nc1ccc(C(F)(F)F)nc1)NC1CCN(c2ncnc3c2nc(-c2ccccc2Cl)n3-c2ccc(Cl)cc2)CC1,tensor([7.2900])
O=C(NC1CCN(c2ncnc3c2nc(-c2ccccc2Cl)n3-c2ccc(Cl)cc2)CC1)N1CCCCC1,tensor([8.9200])
O=C(NCC1CCCCC1)NC1CCN(c2ncnc3c2nc(-c2ccccc2Cl)n3-c2ccc(Cl)cc2)CC1,tensor([9.0500])
O=C(NC1CCN(c2ncnc3c2nc(-c2ccccc2Cl)n3-c2ccc(Cl)cc2)CC1)NC1CCC(F)(F)CC1,tensor([7.7500])
CCCN(C)C(=O)NC1CCN(c2ncnc3c2nc(-c2ccccc2Cl)n3-c2ccc(Cl)cc2)CC1,tensor([9.0500])
O=C(NCC1CCCC1)NC1CCN(c2ncnc3c2nc(-c2ccccc2Cl)n3-c2ccc(Cl)cc2)CC1,tensor([7.7200])
CC1(NC(=O)NCc2ccccc2F)CCN(c2ncnc3c2nc(-c2ccccc2Cl)n3-c2ccc(Cl)cc2)CC1,tensor([7.8200])
CCCN(CC(F)(F)F)C(=O)NC1CCN(c2ncnc3c2nc(-c2ccccc2Cl)n3-c2ccc(Cl)cc2)CC1,tensor([8.9600])
CC(C)CN(C)C(=O)NC1CCN(c2ncnc3c2nc(-c2ccccc2Cl)n3-c2ccc(Cl)cc2)CC1,tensor([9.1000])
O=C(Nc1ccccc1)NC1CCN(c2ncnc3c2nc(-c2ccccc2Cl)n3-c2ccc(Cl)cc2)CC1,tensor([8.1500])
CC1(NC(=O)Nc2ccccc2F)CCN(c2ncnc3c2nc(-c2ccccc2Cl)n3-c2ccc(Cl)cc2)CC1,tensor([8.4000])
CC1(NC(=O)Nc2ccc(F)cc2F)CCN(c2ncnc3c2nc(-c2ccccc2Cl)n3-c2ccc(Cl)cc2)CC1,tensor([8.2200])
O=C(Nc1ccc(F)cc1)NC1CCN(c2ncnc3c2nc(-c2ccccc2Cl)n3-c2ccc(Cl)cc2)CC1,tensor([7.6600])
O=C(Nc1ccccc1F)NC1CCN(c2ncnc3c2nc(-c2ccccc2Cl)n3-c2ccc(Cl)cc2)CC1,tensor([8.4000])
O=C(Nc1ccc(F)cc1F)NC1CCN(c2ncnc3c2nc(-c2ccccc2Cl)n3-c2ccc(Cl)cc2)CC1,tensor([7.8500])
CC1(NC(=O)NC2CCC(F)(F)CC2)CCN(c2ncnc3c2nc(-c2ccccc2Cl)n3-c2ccc(Cl)cc2)CC1,tensor([7.7700])
O=C(NCC1CCC(F)(F)CC1)NC1CCN(c2ncnc3c2nc(-c2ccccc2Cl)n3-c2ccc(Cl)cc2)CC1,tensor([7.5800])
COCCN(C)C(=O)NC1CCN(c2ncnc3c2nc(-c2ccccc2Cl)n3-c2ccc(Cl)cc2)CC1,tensor([9.5900])
O=C(NC1CCN(c2ncnc3c2nc(-c2ccccc2Cl)n3-c2ccc(Cl)cc2)CC1)NS(=O)(=O)c1ccccc1F,tensor([6.4200])
CC1(NC(=O)Nc2ccc(OC(F)F)nc2)CCN(c2ncnc3c2nc(-c2ccccc2Cl)n3-c2ccc(Cl)cc2)CC1,tensor([7.0900])
O=C(NCC1CCCCC1)NC1CCN(c2ncnc3c2nc(-c2ccccc2Cl)n3-c2ccc(C(F)(F)F)nc2)CC1,tensor([6.1400])
CC1(NS(=O)(=O)NC2CCCCC2)CCN(c2ncnc3c2nc(-c2ccccc2Cl)n3-c2ccc(Cl)cc2)CC1,tensor([8.0500])
CC1(NC(=O)NC2CCN(c3ncnc4c3nc(-c3ccccc3Cl)n4-c3ccc(Cl)cc3)CC2)CCC(F)(F)CC1,tensor([8.3000])
O=C(NC1CCCC1)NC1CCN(c2ncnc3c2nc(-c2ccccc2Cl)n3-c2ccc(Cl)cc2)CC1,tensor([8.5200])
O=C(NCc1ccccc1F)NC1CCN(c2ncnc3c2nc(-c2ccccc2Cl)n3-c2ccc(Cl)cc2)CC1,tensor([8.6200])
CC1(NC(=O)NS(=O)(=O)c2ccccc2F)CCN(c2ncnc3c2nc(-c2ccccc2Cl)n3-c2ccc(Cl)cc2)CC1,tensor([6.9200])
CC1(NC(=O)NC2CCCCC2)CCN(c2ncnc3c2nc(-c2ccccc2Cl)n3-c2ccc(Cl)cc2)CC1,tensor([7.8900])
COc1ccc(-c2oc3ccccc3c2C(=O)c2ccc(OCCCCCN(C)Cc3ccccc3)cc2)cc1,tensor([5.7500])
COc1ccc(-c2oc3ccccc3c2C(=O)c2ccc(OCCCN(C)Cc3ccccc3)cc2)cc1,tensor([6.3000])
COc1ccc(-c2oc3ccccc3c2C(=O)c2ccc(NCc3ccc(F)cc3)cc2)cc1,tensor([6.1100])
COc1ccc(-c2oc3ccccc3c2C(=O)c2ccc(N(C)Cc3ccc(F)cc3)cc2)cc1,tensor([7.7000])
CCCCCNc1ccc(C(=O)c2c(-c3ccc(OC)cc3)oc3ccccc23)cc1,tensor([7.1000])
COc1ccc(-c2oc3ccccc3c2C(=O)c2ccc(OCCN(C)Cc3ccccc3)cc2)cc1,tensor([6.3700])
COc1ccc(-c2oc3ccccc3c2C(=O)c2ccc(NCc3ccc(C#N)cc3)cc2)cc1,tensor([5.5800])
COc1ccc(-c2oc3ccccc3c2C(=O)c2ccc(NCC3CC3)cc2)cc1,tensor([6.3300])
CCCCCCCNc1ccc(C(=O)c2c(-c3ccc(OC)cc3)oc3ccccc23)cc1,tensor([5.7800])
CCCCCn1c(=NC(=O)c2cccc3ccccc23)sc2ccccc21,tensor([9.9600])
O=C(NC1CCCc2ccccc21)c1nc2ccccc2s1,tensor([6.5400])
Cc1nc(-c2ccccc2)sc1C(=O)N1CCOCC1,tensor([5.5400])
CCCCCn1c(=NC(=O)C23CC4CC(CC(C4)C2)C3)sc2ccccc21,tensor([10.])
O=C(NCc1ccccc1Cl)c1nc2ccccc2s1,tensor([5.9600])
O=C(Nc1nc2ccccc2s1)c1cccc2ccccc12,tensor([5.8900])
CCCCCn1c(=NC(=O)c2ccc(C(F)(F)F)cc2)sc2ccccc21,tensor([7.6000])
O=C(NC12CC3CC(CC(C3)C1)C2)c1nc2ccccc2s1,tensor([7.0900])
Cc1nc(-c2ccccc2)sc1C(=O)NC12CC3CC(CC(C3)C1)C2,tensor([6.3500])
Cc1nc(C)c(C(=O)NC23CC4CC(CC(C4)C2)C3)s1,tensor([5.8200])
CCCCCn1c(=NC(=O)c2cccc(C(F)(F)F)c2)sc2ccccc21,tensor([9.])
Cc1nc(-c2ccccc2)sc1C(=O)NC1CCCc2ccccc21,tensor([5.6400])
Cc1nc(C(C)(C)C)sc1C(=O)NC12CC3CC(CC(C3)C1)C2,tensor([6.4000])
O=C(NCC1CCCCC1)c1nc2ccccc2s1,tensor([5.8800])
O=C(Nc1nc2ccccc2s1)C12CC3CC(CC(C3)C1)C2,tensor([6.5700])
Cc1c(C(=O)NN2CCCCC2)nn(-c2ccc(Cl)cc2Cl)c1-c1ccc(C#CCCOC(=O)CCCCCNC(=O)OC(C)(C)C)cc1,tensor([6.9700])
Cc1c(C(=O)NN2CCCCC2)nn(-c2ccc(Cl)cc2Cl)c1-c1ccc(C#CCCOC(=O)CCCCCCCCCCN)cc1,tensor([7.0100])
CC(=O)OCCC#Cc1ccc(-c2c(C)c(C(=O)NN3CCCCC3)nn2-c2ccc(Cl)cc2Cl)cc1,tensor([7.9600])
Cc1c(C(=O)NN2CCCCC2)nn(-c2ccc(Cl)cc2Cl)c1-c1ccc(C#CCCOC(=O)CCCCCN)cc1,tensor([5.7400])
COC(=O)CCCCCNC(=O)c1nn(-c2ccc(Cl)cc2Cl)c(-c2ccc(Cl)cc2)c1C,tensor([7.8900])
Cc1c(C(=O)NN2CCCCC2)nn(-c2ccc(Cl)cc2Cl)c1-c1ccc(C#CCCO)cc1,tensor([6.7500])
Cc1c(C(=O)NN2CCCCC2)nn(-c2ccc(Cl)cc2Cl)c1-c1ccc(C#CCCOC(=O)CCCCCNC(=S)c2ccc3c(c2)C(=O)OC32c3ccc(O)cc3Oc3cc(O)ccc32)cc1,tensor([6.5800])
COC(=O)c1ccc(-c2ccc(-c3c(C)c(C(=O)NN4CCCCC4)nn3-c3ccc(Cl)cc3Cl)cc2)cc1,tensor([6.8800])
Cc1c(C(=O)NN2CCCCC2)nn(-c2ccc(Cl)cc2Cl)c1-c1ccc(C#CCCOC(=O)CCCCCCCCCCNC(=S)c2ccc3c(c2)C(=O)OC32c3ccc(O)cc3Oc3cc(O)ccc32)cc1,tensor([5.6800])
Cc1c(C(=O)NN2CCCCC2)nn(-c2ccc(Cl)cc2Cl)c1-c1ccc(C#CCCOC(=O)CCCCC(=O)OC(C)(C)C)cc1,tensor([7.3500])
CCOC(=O)c1ccc(CNC(=O)c2nn(-c3ccc(Cl)cc3Cl)c(-c3ccc(Cl)cc3)c2C)cc1,tensor([8.0900])
CCCCn1c(Cc2ccc(Cl)c(Cl)c2)nc2cc(C(F)(F)F)ccc21,tensor([5.])
O=[N+]([O-])CC(c1ccccc1F)c1c(-c2cccc(F)c2)[nH]c2cc(F)ccc12,tensor([8.3200])
O=[N+]([O-])CC(c1ccccc1F)c1c(-c2cccc(F)c2)[nH]c2c(F)cccc12,tensor([8.2800])
O=[N+]([O-])CC(c1ccccc1)c1c(-c2ccccc2)[nH]c2ccccc12,tensor([6.8000])
O=[N+]([O-])CC(c1ncccc1F)c1c(-c2ccccc2)[nH]c2ccccc12,tensor([5.6400])
COCCOC(=O)NC1CCN(c2ncnc3c2nc(-c2ccccc2Cl)n3-c2ccc(Cl)cc2)CC1,tensor([7.7700])
O=S(=O)(CC1CCCCC1)NC1CCN(c2ncnc3c2nc(-c2ccccc2Cl)n3-c2ccc(Cl)cc2)CC1,tensor([8.0500])
O=C(NC1CCN(c2ncnc3c2nc(-c2ccccc2Cl)n3-c2ccc(C(F)(F)F)nc2)CC1)c1ccccc1,tensor([8.1000])
CCCCCS(=O)(=O)NC1CCN(c2ncnc3c2nc(-c2ccccc2Cl)n3-c2ccc(Cl)cc2)CC1,tensor([8.0500])
O=S(=O)(CCC(F)(F)F)NC1CCN(c2ncnc3c2nc(-c2ccccc2Cl)n3-c2ccc(Cl)cc2)CC1,tensor([8.4000])
O=C(NC1CCN(c2ncnc3c2nc(-c2ccccc2Cl)n3-c2ccc(Cl)cc2)CC1)OCc1ccccc1,tensor([8.4000])
O=S(=O)(NC1CCN(c2ncnc3c2nc(-c2ccccc2Cl)n3-c2ccc(C(F)(F)F)nc2)CC1)c1ccc(F)c(F)c1,tensor([8.])
CC(C)(C)CC(=O)NC1CCN(c2ncnc3c2nc(-c2ccccc2Cl)n3-c2ccc(Cl)cc2)CC1,tensor([9.7000])
O=C(NC1CCN(c2ncnc3c2nc(-c2ccccc2Cl)n3-c2ccc(Cl)cc2)CC1)OC1CCC1,tensor([9.2200])
O=S(=O)(NC1CCN(c2ncnc3c2nc(-c2ccccc2Cl)n3-c2ccc(Cl)cc2)CC1)c1ccccc1F,tensor([9.4200])
O=C(NC1CCN(c2ncnc3c2nc(-c2ccccc2Cl)n3-c2ccc(Cl)cc2)CC1)c1ccccc1F,tensor([9.0100])
Clc1ccc(-n2c(-c3ccccc3Cl)nc3c(N4CCC(c5nc6ccccc6[nH]5)CC4)ncnc32)cc1,tensor([7.3300])
O=S(=O)(NC1CCN(c2ncnc3c2nc(-c2ccccc2Cl)n3-c2ccc(C(F)(F)F)nc2)CC1)c1ccccc1F,tensor([8.4000])
CN(Cc1ccccc1)C1CCN(c2ncnc3c2nc(-c2ccccc2Cl)n3-c2ccc(Cl)cc2)CC1,tensor([7.3800])
N=C(NC1CCN(c2ncnc3c2nc(-c2ccccc2Cl)n3-c2ccc(Cl)cc2)CC1)c1ccc(F)cc1,tensor([6.1100])
CCCCC(=O)NC1CCN(c2ncnc3c2nc(-c2ccccc2Cl)n3-c2ccc(C(F)(F)F)nc2)CC1,tensor([8.5200])
O=C(NC1CCN(c2ncnc3c2nc(-c2ccccc2Cl)n3-c2ccc(Cl)cc2)CC1)c1ccc(F)c(F)c1,tensor([8.5200])
O=S(=O)(NC1CCN(c2ncnc3c2nc(-c2ccccc2Cl)n3-c2ccc(OC(F)F)nc2)CC1)c1ccccc1F,tensor([8.8000])
CC(C(=O)NC1CCN(c2ncnc3c2nc(-c2ccccc2Cl)n3-c2ccc(Cl)cc2)CC1)c1ccccc1,tensor([8.5200])
O=C(NC1CCN(c2ncnc3c2nc(-c2ccccc2Cl)n3-c2ccc(Cl)cc2)CC1)c1ccc(F)cc1F,tensor([8.7000])
O=S(=O)(NC1CCN(c2ncnc3c2nc(-c2ccccc2Cl)n3-c2ccc(Cl)cc2)CC1)c1ccc(F)cc1,tensor([8.4800])
O=C(NC1CCN(c2ncnc3c2nc(-c2ccccc2Cl)n3-c2ccc(Cl)cc2)CC1)C1CCSCC1,tensor([8.5200])
O=S(=O)(NC1CCCCC1)NC1CCN(c2ncnc3c2nc(-c2ccccc2Cl)n3-c2ccc(Cl)cc2)CC1,tensor([8.3000])
O=S(=O)(NC1CCN(c2ncnc3c2nc(-c2ccccc2Cl)n3-c2ccc(Cl)cc2)CC1)c1ccc(F)cc1F,tensor([8.7000])
O=S(=O)(NC1CCN(c2ncnc3c2nc(-c2ccccc2Cl)n3-c2ccc(F)cc2)CC1)c1ccccc1F,tensor([8.5900])
O=S(=O)(NC1CCN(c2ncnc3c2nc(-c2ccccc2Cl)n3-c2ccc(OC(F)F)nc2)CC1)c1ccc(F)c(F)c1,tensor([8.5200])
CC(C)(C)OCCC(=O)NC1CCN(c2ncnc3c2nc(-c2ccccc2Cl)n3-c2ccc(Cl)cc2)CC1,tensor([8.2200])
O=S(=O)(NC1CCN(c2ncnc3c2nc(-c2ccccc2Cl)n3-c2ccc(Cl)cc2)CC1)c1ccc(F)c(F)c1,tensor([8.7700])
Clc1ccc(-n2c(-c3ccccc3Cl)nc3c(N4CCC(Nc5ccccn5)CC4)ncnc32)cc1,tensor([8.6200])
Clc1ccc(-n2c(-c3ccccc3Cl)nc3c(N4CCC(Nc5ccccc5)CC4)ncnc32)cc1,tensor([8.2200])
O=C(NC1CCN(c2ncnc3c2nc(-c2ccccc2Cl)n3-c2ccc(Cl)cc2)CC1)c1ccc(F)cc1,tensor([8.7000])
ON=C(c1ccc(F)cc1)C1CCN(c2ncnc3c2nc(-c2ccccc2Cl)n3-c2ccc(Cl)cc2)CC1,tensor([8.3000])
Cc1cc(-n2c(-c3ccccc3Cl)nc3c(N4CCC(NS(=O)(=O)c5ccc(F)c(F)c5)CC4)ncnc32)no1,tensor([6.3800])
CCCCCc1cc(O)c2c(c1)OC(C)(C)c1ccc(C)cc1-2,tensor([7.8900])
CCCCCc1cc(O)c2c(c1)OC(C)(CCC=C(C)C)C=C2,tensor([6.1500])
C=C(C)C1CCC(C)=CC1c1c(O)cc(CCC)cc1O,tensor([4.8300])
CCCCCCC(C)(C)c1cc(OCCO)c2c(c1)OC(C)(C)c1cn(C)nc1-2,tensor([5.9600])
CCCCCCC(C)(C)c1cc(O)c2c(c1)OC(C)(C)c1cn(CC)nc1-2,tensor([7.7300])
CCCCCCC(C)(C)c1cc(OC)c2c(c1)OC(C)(C)c1cn(CC)nc1-2,tensor([5.5300])
CCCCCCC(C)(C)c1cc(OCc2ccccc2)c2c(c1)OC(C)(C)c1cn(C)nc1-2,tensor([6.1500])
CCCCCCC(C)(C)c1cc(OCCCO)c2c(c1)OC(C)(C)c1cnoc1-2,tensor([6.4800])
CCCCCCC(C)(C)c1cc(O)c2c(c1)OC(C)(C)c1cnoc1-2,tensor([7.8100])
CCCCCCC(C)(C)c1cc(OC)c2c(c1)OC(C)(C)c1cnn(-c3ccc(Cl)cc3Cl)c1-2,tensor([5.7700])
CCCCCCC(C)(C)c1cc(OC)c2c(c1)OC(C)(C)c1cnn(CC)c1-2,tensor([5.3000])
CCCCCCC(C)(C)c1cc(OCCCO)c2c(c1)OC(C)(C)c1cn[nH]c1-2,tensor([6.3500])
CCCCCCC(C)(C)c1cc(O)c2c(c1)OC(C)(C)c1cnn(CCO)c1-2,tensor([7.7200])
CCCCCCC(C)(C)c1cc(OC)c2c(c1)OC(C)(C)c1cn(C)nc1-2,tensor([5.3800])
CCCCCCC(C)(C)c1cc(OC)c2c(c1)OC(C)(C)c1cn[nH]c1-2,tensor([6.5700])
CCCCCCC(C)(C)c1cc(OCc2ccccc2)c2c(c1)OC(C)(C)c1cn[nH]c1-2,tensor([7.6500])
CCCCCCC(C)(C)c1cc(O)c2c(c1)OC(C)(C)c1cnn(CC)c1-2,tensor([8.3500])
CCCCCCC(C)(C)c1cc(OCCBr)c2c(c1)OC(C)(C)c1cn(CC)nc1-2,tensor([5.8800])
CCCCCCC(C)(C)c1cc(O)c2c(c1)OC(C)(C)c1cn(C)nc1-2,tensor([7.8500])
CCCCCCC(C)(C)c1cc(O)c2c(c1)OC(C)(C)c1cnn(-c3ccc(Cl)cc3Cl)c1-2,tensor([8.2800])
CCCCCCC(C)(C)c1cc(O)c2c(c1)OC(C)(C)c1cn(CO)nc1-2,tensor([6.6600])
CCCCCCC(C)(C)c1cc(OCc2ccccc2)c2c(c1)OC(C)(C)c1cn(CC)nc1-2,tensor([6.1700])
CCCCCCC(C)(C)c1cc(OCCO)c2c(c1)OC(C)(C)c1cn(CC)nc1-2,tensor([5.1900])
CCCCCCC(C)(C)c1cc(O)c2c(c1)OC(C)(C)c1cnn(-c3ccc(Cl)c(Cl)c3)c1-2,tensor([6.2900])
CCCCCCC(C)(C)c1cc(O)c2c(c1)OC(C)(C)c1cnn(-c3cccc(OC)c3)c1-2,tensor([5.1900])
CCCCCCC(C)(C)c1cc(OCc2ccccc2)c2c(c1)OC(C)(C)c1cnn(CC)c1-2,tensor([6.2100])
CCCCCCC(C)(C)c1cc(O)c2c(c1)OC(C)(C)c1cnn(C3CCCCC3)c1-2,tensor([5.9400])
CCCCCCC(C)(C)c1cc(OCCCO)c2c(c1)OC(C)(C)c1cnn(CC)c1-2,tensor([5.7900])
CCCCCCC(C)(C)c1cc(O)c2c(c1)OC(C)(C)c1cn[nH]c1-2,tensor([7.5400])
CCCCCCC(C)(C)c1cc(OCCO)c2c(c1)OC(C)(C)c1cn[nH]c1-2,tensor([7.1900])
CCCCCCC(C)(C)c1cc(OC)c2c(c1)OC(C)(C)c1cnn(-c3ccc(Cl)c(Cl)c3)c1-2,tensor([5.6300])
CCCCCCC(C)(C)c1cc(OCCCBr)c2c(c1)OC(C)(C)c1cn(CC)nc1-2,tensor([6.1800])
CCCCCCC(C)(C)c1cc(OCCCBr)c2c(c1)OC(C)(C)c1cn(C)nc1-2,tensor([5.8300])
Cc1ccc(-c2cc3ncccc3c3cc(C(=O)NC4C5(C)CCC(C5)C4(C)C)nn23)cc1,tensor([5.6600])
Cc1ccc(-c2cc3ncccc3c3cc(C(=O)NC45CC6CC(CC(C6)C4)C5)nn23)cc1,tensor([5.2400])
Cc1ccc(-c2cc3ncccc3c3cc(C(=O)NC4CC(C)CCC4C(C)C)nn23)cc1,tensor([5.4800])
CC1=C(C(=O)c2cccc3ccccc23)C2C=CC=C3OCC(CN4CCOCC4)N1C32,tensor([7.8900])
Cc1ccc(C(=O)c2cn(CC[N+]3(C)CCOCC3)c3ccccc23)c2ccccc12,tensor([5.3800])
COc1ccc(C(=O)c2cn(CC[N+]3(C)CCOCC3)c3ccccc23)c2ccccc12,tensor([5.3900])
CCCCCCC1=CC(=Cc2cccc3ccccc23)c2ccccc21,tensor([6.3600])
COc1ccccc1C=C1C=C(CCN2CCOCC2)c2ccccc21,tensor([6.8300])
C(=C1C=C(CCN2CCOCC2)c2ccccc21)c1cccc2ccc3ccccc3c12,tensor([7.6400])
CCCCCn1cc(C(=O)c2ccc(C(=O)CC)c3ccccc23)c2ccccc21,tensor([8.2400])
COC(=O)c1ccc(C(=O)c2cn(CCN3CCOCC3)c3ccccc23)c2ccccc12,tensor([7.2800])
C(=C1C=C(CCN2CCOCC2)c2ccccc21)c1ccc2ccccc2c1,tensor([6.8700])
CCCCCn1cc(C(=O)c2ccc(C(=O)OCC)c3ccccc23)c2ccccc21,tensor([6.9400])
CCCCCCC1=CC(=Cc2ccccc2)c2ccccc21,tensor([5.3600])
COc1ccc(C(=O)c2cn(CCN3CCOCC3)c3ccccc23)c2ccccc12,tensor([7.0600])
CCOC(=O)CCCCn1cc(C(=O)c2cccc3ccccc23)c2ccccc21,tensor([5.8300])
C(=C1C=C(CCN2CCOCC2)c2ccccc21)c1ccccc1-c1ccccc1,tensor([7.0800])
O=C(c1cccc2ccccc12)c1cn(CCCCCF)c2cccc(F)c12,tensor([8.3600])
Brc1ccccc1C=C1C=C(CCN2CCOCC2)c2ccccc21,tensor([6.1900])
O=C(c1cccc2ccccc12)c1cn(CCN2CCOCC2)c2ccccc12,tensor([7.0900])
C(=C1C=C(CCN2CCOCC2)c2ccccc21)c1ccccc1,tensor([5.8900])
Cc1ccccc1C=C1C=C(CCN2CCOCC2)c2ccccc21,tensor([6.2100])
CCCCCn1cc(C(=O)c2ccc(C(=O)OC)c3ccccc23)c2ccccc21,tensor([7.7000])
C(=C1C=C(CCN2CCOCC2)c2ccccc21)c1cccs1,tensor([5.0700])
CCCCCn1cc(C(=O)c2ccc(C(N)=O)c3ccccc23)c2ccccc21,tensor([7.0100])
CC1=C(CCN2CCOCC2)c2ccccc2C1=Cc1cccc2ccccc12,tensor([8.5500])
C(=C1C=C(CCN2CCOCC2)c2ccccc21)c1cccc2cc[nH]c12,tensor([6.9700])
CCCc1ccc(C(=O)c2cn(CCCCCF)c3cccc(F)c23)c2ccccc12,tensor([8.5900])
CCCCCn1cc(C(=O)c2cccc3ccccc23)c2cc(F)ccc21,tensor([8.0100])
Ic1ccccc1C=C1C=C(CCN2CCOCC2)c2ccccc21,tensor([6.2200])
C(=C1C=C(CCN2CCOCC2)c2ccccc21)c1ccnc2ccccc12,tensor([7.6300])
COc1ccc(C=C2C=C(CCN3CCOCC3)c3ccccc32)c2ccccc12,tensor([8.6100])
CCCCCn1cc(C(=O)c2cccc3ccccc23)c2ccc(F)cc21,tensor([8.6300])
CCCCCn1cc(C(=O)c2ccc(C(=O)NC)c3ccccc23)c2ccccc21,tensor([6.9000])
Clc1ccccc1C=C1C=C(CCN2CCOCC2)c2ccccc21,tensor([6.0600])
CCc1ccc(C=C2C=C(CCN3CCOCC3)c3ccccc32)c2ccccc12,tensor([9.0700])
CC1=C(CC[N+]2(C)CCOCC2)c2ccccc2C1=Cc1cccc2ccccc12,tensor([5.7900])
CCCCCC1=CC(=Cc2cccc3ccccc23)c2ccccc21,tensor([7.7600])
O=C(c1cccc2ccccc12)c1cn(CCN2CCOCC2)c2cccc(F)c12,tensor([6.6200])
CCCCCn1cc(C(=O)c2cccc3ccccc23)c2cccc(F)c21,tensor([8.4400])
Fc1ccccc1C=C1C=C(CCN2CCOCC2)c2ccccc21,tensor([6.])
CCCCCn1cc(C(=O)c2cccc3ccccc23)c2c(F)cccc21,tensor([8.1900])
C(=C1C=C(CCN2CCOCC2)c2ccccc21)c1ccc2c3c(cccc13)CC2,tensor([7.8000])
C(=C1C=C(CCN2CCOCC2)c2ccccc21)c1cccc(-c2ccccc2)c1,tensor([5.5800])
CCCc1ccc(C=C2C=C(CCN3CCOCC3)c3ccccc32)c2ccccc12,tensor([8.9300])
C(=C1C=C(CCN2CCOCC2)c2ccccc21)c1cccc2cnccc12,tensor([6.3400])
CCCCCn1c(=O)sc2cc(C(=O)C34CC5CC(CC(C5)C3)C4)ccc21,tensor([6.2000])
CCCCCn1c(=O)sc2cc(CC34CC5CC(CC(C5)C3)C4)ccc21,tensor([6.2300])
CCCCn1c(=O)sc2cc(C(=O)C34CC5CC(CC(C5)C3)C4)ccc21,tensor([6.1100])
O=C(NN1CCCCC1)c1cn(-c2ccc(Cl)cc2Cl)c(-c2ccc(C#Cc3ccc(C(F)(F)F)cc3)s2)c1CNS(=O)(=O)N1CCCC1,tensor([9.5200])
CCCCCn1c(=O)c(C(=O)NC23CC4CC(CC(C4)C2)C3)c(O)c2nn(C)cc21,tensor([7.4700])
CCCCCn1c(=O)c(C(=O)NC23CC4CC(CC(C4)C2)C3)c(O)c2nn(CCO)cc21,tensor([6.9700])
CCCCCN1C(=O)C(C(=O)NC23CC4CC(CC(C4)C2)C3)=C(O)C2C1C=NN2C,tensor([7.2500])
CN1N=CC2C1C(O)=C(C(=O)NC13CC4CC(CC(O)(C4)C1)C3)C(=O)N2CCCCF,tensor([6.7900])
CCCCN1C(=O)C(C(=O)NC23CC4CC(CC(C4)C2)C3)=C(O)C2C1C=NN2C,tensor([7.1600])
CCCCn1c(=O)c(C(=O)NC23CC4CC(CC(C4)C2)C3)c(O)c2nn(C)cc21,tensor([6.6400])
CCCCN1C(=O)C(C(=O)NC23CC4CC(CC(O)(C4)C2)C3)=C(O)C2C1C=NN2C,tensor([7.0600])
CN1N=CC2C1C(O)=C(C(=O)NC13CC4CC(CC(C4)C1)C3)C(=O)N2CCCCF,tensor([7.4100])
Cn1cc2c(n1)c(O)c(C(=O)NC13CC4CC(CC(C4)C1)C3)c(=O)n2CCCCF,tensor([6.2700])
CCCCCc1cc(OC)cc(OCCCCCCCC(=O)NCCO)c1,tensor([7.1200])
CCCCCCc1ccc(OC)cc1OCCCCCCCCCCC(=O)NCC1CC1,tensor([6.1600])
CCCCCc1cc(OCC)cc(OCCCCCCCCCCC(=O)NC2CC2)c1,tensor([7.9300])
CCCCCc1cc(OC)cc(OCCCCCCCCCCC(=O)NC(CO)CO)c1,tensor([6.4600])
CCCCCCC(C)(C)c1cc(OC)cc(OCCCCCCCCCCC(=O)NCC2CC2)c1,tensor([5.5000])
CCCCCCC(C)(C)c1cc(OC)cc(OCCCCCCCC(=O)NCC(F)(F)F)c1,tensor([7.2700])
CCCCCCC(C)(C)c1cc(OC)cc(OCCCCCCCC(=O)NC2CC2)c1,tensor([8.9600])
CCCCCCC(C)(C)c1cc(OC)cc(OCCCCCCCCCCC(=O)NCCO)c1,tensor([5.5000])
CCCCCc1cc(OC)cc(OCCCCCCCCCCC(=O)Nc2ccccc2)c1,tensor([6.0700])
CCCCCCC(C)(C)c1cc(OC)cc(OCCCCCCCCCCC(=O)NC2CC2)c1,tensor([6.5500])
C=CCOc1cc(CCCCC)cc(OCCCCCCCCCCC(=O)NC2CC2)c1,tensor([7.8700])
CCCCCCc1ccc(OCCCCCCCCCCC(=O)NCC2CC2)cc1OC,tensor([5.4900])
CCCCCc1cc(OC)cc(OCCCCCCCCCCC(=O)NCC(F)(F)F)c1,tensor([7.1200])
CCCCCc1cc(OCCCCCCCCCCC(=O)NC2CC2)cc(OC(C)C)c1,tensor([7.6800])
CCCCCc1cc(OC)cc(OCCCCCCCCCCC(=O)NCC2CC2)c1,tensor([6.5300])
CCCCCc1cc(OCCCC)cc(OCCCCCCCCCCC(=O)NC2CC2)c1,tensor([7.9500])
CCCCCc1cc(OC)cc(OCCCCCCCCCCC(=O)NC2CC2)c1,tensor([8.4600])
CCCCCc1cccc(OCCCCCCCCCCC(=O)NC2CC2)c1,tensor([8.2300])
C=CCNC(=O)CCCCCCCOc1cc(OC)cc(C(C)(C)CCCCCC)c1,tensor([8.1200])
C=CCNC(=O)CCCCCCCCCCOc1cc(CCCCC)cc(OC)c1,tensor([7.6200])
CCCCCCC(C)(C)c1cc(OC)cc(OCCCCCCCC(=O)NCCO)c1,tensor([7.0500])
CCCCCc1cc(OC)cc(OCCCCCCCCCCC(=O)NCCO)c1,tensor([7.0600])
CCCc1cc(O)c2c(c1)OC(C)(C)C1CC(O)C(C)=CC21,tensor([7.5900])
CCCc1cc(O)c2c(c1)OC(C)(C)C1CCC(C)=CC21,tensor([8.8200])
CCCc1cc(O)c2c(c1)OC(C)(C)C1CCC(C(=O)O)=CC21,tensor([6.7300])
CCCc1cc(O)c2c(c1)OC(C)(C)C1CCC(CO)=CC21,tensor([8.6000])
O=C1C(=Cc2cn(Cc3ccc(Cl)cc3)c3ncccc23)N2CCC1CC2,tensor([6.1500])
O=C1C(=Cc2cn(Cc3ccc(Br)cc3)c3ncccc23)N2CCC1CC2,tensor([5.9600])
O=C1C(=Cc2cn(Cc3ccccc3)c3ncccc23)N2CCC1CC2,tensor([5.5400])
O=C1C(=Cc2cn(Cc3ccc(F)cc3)c3ncccc23)N2CCC1CC2,tensor([6.6600])
Cc1ccc(C(=O)NC2CCCCCC2)c(=O)n1Cc1ccc(F)cc1,tensor([7.4200])
Cc1ccc(C(=O)NC2CCCCCC2)c(OCc2ccc(F)cc2)n1,tensor([7.7800])
COc1ccc(-c2cc(C(=O)NC3CCCCCC3)c(=O)n(Cc3ccc(F)cc3)c2C)cc1,tensor([8.0100])
Cc1nc(OCc2ccc(F)cc2)c(C(=O)NC2CCCCCC2)cc1Br,tensor([7.1200])
Cc1nc(OCc2ccc(F)cc2)c(C(=O)NC2CCCCCC2)cc1-c1ccc(F)cc1,tensor([5.3400])
Cc1c(-c2ccccc2)cc(C(=O)NC2CCCCCC2)c(=O)n1Cc1ccc(F)cc1,tensor([6.7500])
Cc1c(Cl)cc(C(=O)NC2CCCCCC2)c(=O)n1Cc1ccc(F)cc1,tensor([8.4300])
Cc1c(F)cc(C(=O)NC2CCCCCC2)c(=O)n1Cc1ccc(F)cc1,tensor([8.3100])
Cc1c(-c2ccc(F)cc2)cc(C(=O)NC2CCCCCC2)c(=O)n1Cc1ccc(F)cc1,tensor([7.3100])
Cc1c(Br)cc(C(=O)NC2CCCCCC2)c(=O)n1Cc1ccc(F)cc1,tensor([8.5400])
O=C(c1cc(O)c(-c2cc(C(F)(F)F)cc(C(F)(F)F)c2)c(O)c1)c1cccs1,tensor([5.4300])
O=C(c1ccccc1)c1cc(O)c(-c2cc(F)cc(F)c2)c(O)c1,tensor([5.9700])
O=C(c1ccccc1)c1cc(O)c(-c2cc(C(F)(F)F)cc(C(F)(F)F)c2)c(O)c1,tensor([5.7200])
Cc1cccc(-c2c(O)cc(C(=O)c3cccs3)cc2O)c1,tensor([5.0200])
Cc1cccc(-c2c(O)cc(C(=O)c3ccccc3)cc2O)c1,tensor([5.4000])
COc1ccc(COc2n[nH]c3ccccc23)cc1,tensor([4.6800])
c1ccc2cc(COc3n[nH]c4ccccc34)ccc2c1,tensor([4.6600])
CCCn1nc(OCc2ccc3ccccc3c2)c2cc([N+](=O)[O-])ccc21,tensor([6.4500])
CCCn1nc(OCc2ccc3ccccc3c2)c2cc(N)ccc21,tensor([5.8000])
c1ccc2c(COc3n[nH]c4ccccc34)cccc2c1,tensor([5.8000])
c1ccc2cc(COc3nn(CCC4CCCCC4)c4ccccc34)ccc2c1,tensor([6.8200])
O=[N+]([O-])c1ccc2[nH]nc(OCc3ccc4ccccc4c3)c2c1,tensor([4.8700])
Cn1nc(OCc2ccc3ccccc3c2)c2ccccc21,tensor([5.4000])
CCCCCCCc1cn(Cc2cc(OC)c(O)cc2I)nn1,tensor([6.3600])
C=CCCCn1cc(C(=O)c2ccc3c(c2)CC(C)(C)C3)c2ccccc21,tensor([6.8200])
CCCn1cc(C(=O)c2ccc3c(c2)CC(C)(C)C3)c2ccccc21,tensor([5.5900])
C#CCCCn1c(C)c(C(=O)c2ccc3c(c2)CC(C)(C)C3)c2ccccc21,tensor([5.7200])
CCCCCn1cc(C(=O)c2ccc3c(c2)CC(C)(C)C3)c2ccccc21,tensor([7.4100])
CCCCCn1cc(C(=O)c2cccc3c2CC(C)(C)C3)c2ccccc21,tensor([8.8400])
CCCCCCC(C)(C)c1cc(O)c2cc(Cc3ccccc3C(F)(F)F)c(=O)oc2c1,tensor([6.])
CCCCC(C)(C)c1cc(OC)c2cc(Cc3ccccc3OC)c(=O)oc2c1,tensor([6.7100])
CCCCC(C)(C)c1cc(OC)c2cc(Cc3ccccc3)c(=O)oc2c1,tensor([6.3100])
CCCCC1(c2cc(O)c3cc(CCC)c(=O)oc3c2)CCCCC1,tensor([6.8000])
CCCCCc1cc(OC)c2cc(Cc3cccnc3)c(=O)oc2c1,tensor([6.7700])
CCCCCc1cc(OC)c2cc(Cc3ccccn3)c(=O)oc2c1,tensor([7.1500])
CCCCc1cc2c(O)cc(C3(CCCC)CCCC3)cc2oc1=O,tensor([6.])
CCCCC(C)(C)c1cc(OC)c2cc(Cc3ccccc3C)c(=O)oc2c1,tensor([6.6600])
NC(=NC(=NS(=O)(=O)N1CCC(C(F)(F)F)CC1)N1CC(c2ccccc2)C(c2ccc(Cl)cc2)=N1)c1ccc(F)cc1,tensor([7.7000])
NC(=NC(=NS(=O)(=O)N1CCCC1)N1CC(c2ccccc2)C(c2ccc(Cl)cc2)=N1)c1ccc(Cl)cc1,tensor([7.1200])
CCN(CC)S(=O)(=O)N=C(N=C(C)N)N1CC(c2ccccc2)C(c2ccc(Cl)cc2)=N1,tensor([8.9200])
CC(C)(C)C(N)=NC(=NS(=O)(=O)N1CCC(F)(F)CC1)N1CC(c2ccccc2)C(c2ccc(Cl)cc2)=N1,tensor([7.6800])
NC(=NC(=NS(=O)(=O)N1CCCCC1)N1CC(c2ccccc2)C(c2ccc(Cl)cc2)=N1)c1ccc(F)cc1,tensor([8.1900])
NC(=NC(=NS(=O)(=O)N1CCOCC1)N1CC(c2ccccc2)C(c2ccc(Cl)cc2)=N1)c1ccc(Cl)cc1,tensor([7.7200])
CC(N)=NC(=NS(=O)(=O)N1CCC(C(F)(F)F)CC1)N1CC(c2ccccc2)C(c2ccc(Cl)cc2)=N1,tensor([8.4100])
CCN(CC)S(=O)(=O)N=C(N=C(N)C(C)(C)C)N1CC(c2ccccc2)C(c2ccc(Cl)cc2)=N1,tensor([8.])
NC(=NC(=NS(=O)(=O)N1CCCC1)N1CC(c2ccccc2)C(c2ccc(Cl)cc2)=N1)c1ccc(F)cc1,tensor([7.9800])
CCN(CC)S(=O)(=O)N=C(N=C(N)c1ccc(Cl)cc1)N1CC(c2ccccc2)C(c2ccc(Cl)cc2)=N1,tensor([7.9700])
CC(N)=NC(=NS(=O)(=O)N1CCCCC1)N1CC(c2ccccc2)C(c2ccc(Cl)cc2)=N1,tensor([8.8000])
NC(=NC(=NS(=O)(=O)N1CCCCC1)N1CC(c2ccccc2)C(c2ccc(Cl)cc2)=N1)c1ccc(Cl)cc1,tensor([8.1100])
NC(=NC(=NS(=O)(=O)N1CCC(F)(F)CC1)N1CC(c2ccccc2)C(c2ccc(Cl)cc2)=N1)c1ccc(F)cc1,tensor([8.4800])
NC(=NC(=NS(=O)(=O)N1CCC(F)(F)CC1)N1CC(c2ccccc2)C(c2ccc(Cl)cc2)=N1)c1ccc(Cl)cc1,tensor([8.2600])
CSC(N)=NC(=NS(=O)(=O)N1CCCC1)N1CC(c2ccccc2)C(c2ccc(Cl)cc2)=N1,tensor([7.6400])
CSC(N)=NC(=NS(=O)(=O)N1CCC(C(F)(F)F)CC1)N1CC(c2ccccc2)C(c2ccc(Cl)cc2)=N1,tensor([9.1500])
CSC(N)=NC(=NS(=O)(=O)N1CCC(F)(F)CC1)N1CC(c2ccccc2)C(c2ccc(Cl)cc2)=N1,tensor([7.8500])
CC(N)=NC(=NS(=O)(=O)N1CCOCC1)N1CC(c2ccccc2)C(c2ccc(Cl)cc2)=N1,tensor([7.5100])
CC(N)=NC(=NS(=O)(=O)N1CCC(F)(F)CC1)N1CC(c2ccccc2)C(c2ccc(Cl)cc2)=N1,tensor([8.4700])
CC(C)(C)C(N)=NC(=NS(=O)(=O)N1CCCCC1)N1CC(c2ccccc2)C(c2ccc(Cl)cc2)=N1,tensor([7.6400])
CSC(N)=NC(=NS(=O)(=O)N1CCCCC1)N1CC(c2ccccc2)C(c2ccc(Cl)cc2)=N1,tensor([7.8200])
CC(N)=NC(=NS(=O)(=O)N1CCCC1)N1CC(c2ccccc2)C(c2ccc(Cl)cc2)=N1,tensor([8.1300])
CCN(CC)S(=O)(=O)N=C(N=C(N)SC)N1CC(c2ccccc2)C(c2ccc(Cl)cc2)=N1,tensor([7.8900])
CC(C)(C)C(N)=NC(=NS(=O)(=O)N1CCC(C(F)(F)F)CC1)N1CC(c2ccccc2)C(c2ccc(Cl)cc2)=N1,tensor([8.9600])
NC(=NC(=NS(=O)(=O)N1CCOCC1)N1CC(c2ccccc2)C(c2ccc(Cl)cc2)=N1)c1ccc(F)cc1,tensor([7.4000])
CSC(N)=NC(=NS(=O)(=O)N1CCOCC1)N1CC(c2ccccc2)C(c2ccc(Cl)cc2)=N1,tensor([7.3900])
NC(=NC(=NS(=O)(=O)N1CCC(C(F)(F)F)CC1)N1CC(c2ccccc2)C(c2ccc(Cl)cc2)=N1)c1ccc(Cl)cc1,tensor([8.2600])
CCN(CC)S(=O)(=O)N=C(N=C(N)c1ccc(F)cc1)N1CC(c2ccccc2)C(c2ccc(Cl)cc2)=N1,tensor([8.2600])
O=[N+]([O-])CC(c1ccccc1)c1c(-c2ccsc2)[nH]c2ccccc12,tensor([7.3700])
CCCCCCCc1cc(O)c2c(c1)OC(C)(C)C1CCC(C)=CC21,tensor([6.8900])
CCCCCC[Si](C)(C)c1cc(O)c(C2CCCC2)c(OC)c1,tensor([7.1300])
CCCC[Si](C)(C)c1cc(O)c(C2CCCCC2)c(O)c1,tensor([6.6200])
CCCCCC[Si](C)(C)c1cc(O)c2c(c1)OC(C)(C)C1CC=C(CO)CC21,tensor([9.3700])
CCCCCC[Si](C)(C)c1cc(O)c(C2C=C(CO)C3CC2C3(C)C)c(O)c1,tensor([7.8400])
C=C(C)C1CCC(C)=CC1c1c(O)cc([Si](C)(C)CCCC)cc1O,tensor([7.8200])
CCCCCC[Si](C)(C)c1cc(O)c2c(c1)OC(C)(C)c1ccc(C)cc1-2,tensor([9.1000])
CCCCCC[Si](C)(C)c1cc(O)c(C2CCCCC2)c(OC)c1,tensor([6.3500])
CCCCCC[Si](C)(C)c1cc(O)c(C2CCCCCC2)c(O)c1,tensor([7.7500])
CCCC[Si](C)(C)c1cc(O)c(C2CCCCC2)c(OC)c1,tensor([6.1700])
C=C(C)C1CCC(C)=CC1c1c(O)cc([Si](C)(C)CCCCCC)cc1O,tensor([8.8100])
CCCC[Si](C)(C)c1cc(O)c(C2CCCCCC2)c(O)c1,tensor([6.8500])
CCCCCC[Si](C)(C)c1cc(O)c(C2CCCCCC2)c(OC)c1,tensor([6.7400])
CCCCCC[Si](C)(C)c1cc(O)c2c(c1)OC(C)(C)c1ccc(CO)cc1-2,tensor([9.4600])
CCCC[Si](C)(C)c1cc(O)c2c(c1)OC(C)(C)c1ccc(C)cc1-2,tensor([8.2900])
CCCCCC[Si](C)(C)c1cc(OC)c(C2C=C(CO)C3CC2C3(C)C)c(OC)c1,tensor([5.5400])
CCCC[Si](C)(C)c1cc(O)c2c(c1)OC(C)(C)C1CCC(C)=CC21,tensor([8.6300])
CCCC[Si](C)(C)c1cc(OC)c(C2C=C(CO)C3CC2C3(C)C)c(OC)c1,tensor([6.3400])
CCCC[Si](C)(C)c1cc(O)c2c(c1)OC(C)(C)c1ccc(CO)cc1-2,tensor([8.5500])
CCCCCC[Si](C)(C)c1cc(O)c(C2CCCC2)c(O)c1,tensor([7.1900])
CCCC[Si](C)(C)c1cc(O)c2c(c1)OC(C)(C)C1CC=C(CO)CC21,tensor([8.6400])
CCCC[Si](C)(C)c1cc(O)c(C2CCCC2)c(O)c1,tensor([6.3300])
CC[Si](C)(C)c1cc(O)c2c(c1)OC(C)(C)C1CCC(C)=CC21,tensor([7.7100])
CCCC[Si](C)(C)c1cc(O)c(C2CCCC2)c(OC)c1,tensor([6.2200])
CCCCCC[Si](C)(C)c1cc(O)c(C2CCCCC2)c(O)c1,tensor([7.7500])
CCCCn1nc(C(=O)NC(Cc2ccccc2)C(N)=O)c2ccccc21,tensor([7.6000])
CCCCn1cc(C(=O)NC(C(N)=O)C(C)C)c2cccnc21,tensor([6.3000])
CCCCn1cc(C(=O)NC(C(N)=O)C(C)(C)C)c2cccnc21,tensor([7.8100])
CCCCn1nc(C(=O)NC(C(N)=O)C(C)(C)C)c2ccccc21,tensor([9.5200])
CCCCCn1cc(C(=O)NC(C(N)=O)C(C)C)c2cccnc21,tensor([7.3100])
CCCCn1cc(C(=O)NC(C(N)=O)C(C)(C)C)c2ccccc21,tensor([8.8700])
CCCCn1nc(C(=O)NC(C(N)=O)C(C)C)c2ccccc21,tensor([8.9300])
CCCCn1cc(C(=O)NC(C(N)=O)C(C)C)c2ccccc21,tensor([7.9100])
CCCCn1cc(C(=O)NC(Cc2ccccc2)C(N)=O)c2cccnc21,tensor([6.2700])
CCCCn1cc(C(=O)NC(Cc2ccccc2)C(N)=O)c2ccccc21,tensor([6.5100])
CCCCCn1cc(C(=O)NC(C(N)=O)C(C)(C)C)c2cccnc21,tensor([8.4000])
CC1CCC(NC(=O)c2cc3cccnc3n(CCCF)c2=O)CC1,tensor([6.9400])
CC1CCC(NC(=O)c2cc3cccnc3n(CCOCCF)c2=O)CC1,tensor([7.8900])
CC1CCC(NC(=O)c2cc3cc(-c4ccco4)cnc3n(Cc3ccccc3F)c2=O)CC1,tensor([7.1900])
O=C(NCc1ccc(F)cc1)c1cc2cccnc2n(CCCCF)c1=O,tensor([5.9600])
CC1CCC(NC(=O)c2cc3cc(-c4ccco4)cnc3n(Cc3cccc(F)c3)c2=O)CC1,tensor([8.5400])
O=C(NC12CC3CC(CC(C3)C1)C2)c1cc2cccnc2n(Cc2ccc(F)cc2)c1=O,tensor([8.8200])
CC1CCC(NC(=O)c2cc3cc(Br)cnc3n(CCCCF)c2=O)CC1,tensor([8.3200])
O=C(NC12CC3CC(CC(C3)C1)C2)c1cc2cccnc2n(CCOCCF)c1=O,tensor([8.4100])
CC1CCC(NC(=O)c2cc3cc(-c4ccco4)cnc3n(CCCF)c2=O)CC1,tensor([7.5500])
O=C(Nc1ccccc1)c1cc2cccnc2n(CCCCF)c1=O,tensor([5.6600])
O=C(Nc1ccc(F)cc1)c1cc2cccnc2n(CCCCF)c1=O,tensor([5.4100])
O=C(NC12CC3CC(CC(C3)C1)C2)c1cc2cccnc2n(CCCCF)c1=O,tensor([9.2200])
CC1CCC(NC(=O)c2cc3cc(-c4ccco4)cnc3n(CCCCF)c2=O)CC1,tensor([8.4800])
COC(=O)c1c(NC(=O)C23CC4CC(CC(O)(C4)C2)C3)sc2c1CCCC2,tensor([6.])
Cc1c(C(=O)NC23CC4CC(CC(C4)C2)C3)nn(CCCCCO)c1-c1ccccc1,tensor([7.8900])
O=C(c1ccc2ccccc2c1)c1cn2c3c(cccc13)OCC2CN1CCOCC1,tensor([7.2100])
