smiles,pchembl_value
Nc1ncnc2c1nc(C=CC(=O)c1ccccc1)n2C1OC(CO)C(O)C1O,tensor([4.3300])
CCn1c(C#Cc2ccccc2)nc2c(N)ncnc21,tensor([6.2200])
Nc1ncnc2c1ncn2C1C(O)C(O)C2(CO)CC12,tensor([4.6500])
CCNC(=O)C1OC(n2cnc3c(NCCNc4ccc([N+](=O)[O-])c5nonc45)ncnc32)C(O)C1O,tensor([5.1700])
CCNC(=O)C1OC(n2cnc3c(NCCCCCCCCCCNc4ccc([N+](=O)[O-])c5nonc45)ncnc32)C(O)C1O,tensor([5.2100])
CCNC(=O)C1OC(n2cnc3c(NCCCCCCNc4ccc([N+](=O)[O-])c5nonc45)ncnc32)C(O)C1O,tensor([5.2200])
CCNC(=O)C1OC(n2cnc3c(NCCCCCCCCNc4ccc([N+](=O)[O-])c5nonc45)ncnc32)C(O)C1O,tensor([5.2900])
O=C(C=Cc1c(-c2ccccc2)nn2ccccc12)N1CCCCC1CCO,tensor([5.8900])
CCCn1c(=O)c2c(nc(C=Cc3ccc(OC)c(OC)c3)n2C)n(CCC)c1=O,tensor([7.1500])
NC(=O)N=NNc1nc(N)c2ncn(C3OC(CO)C(O)C3O)c2n1,tensor([7.0600])
Nc1nc(N=NNC(=O)NC2CCCCC2)nc2c1ncn2C1OC(CO)C(O)C1O,tensor([7.6000])
Nc1nc(N=Nc2ccccc2)nc2c1ncn2C1OC(CO)C(O)C1O,tensor([6.7500])
CCNC(=O)N=NNc1nc(N)c2ncn(C3OC(CO)C(O)C3O)c2n1,tensor([7.7200])
Nc1nc(N=O)nc2c1ncn2C1OC(CO)C(O)C1O,tensor([6.1400])
Nc1nc(N=NNC(=O)Nc2ccccc2)nc2c1ncn2C1OC(CO)C(O)C1O,tensor([7.6000])
Nc1nc2nn(CCc3ccccc3)cc2c2nc(-c3ccco3)nn12,tensor([9.5100])
O=C(Cc1ccccc1)Nc1nc2nn(CCCc3ccccc3)cc2c2nc(-c3ccco3)nn12,tensor([7.2200])
CC(C)CCn1cc2c(nc(NC(=O)Cc3ccccc3)n3nc(-c4ccco4)nc23)n1,tensor([7.2400])
O=C(Cc1cccc2ccccc12)Nc1nc2nn(CCc3ccccc3)cc2c2nc(-c3ccco3)nn12,tensor([7.2600])
O=C(COc1ccccc1)Nc1nc2nn(CCCc3ccccc3)cc2c2nc(-c3ccco3)nn12,tensor([7.3500])
CC(C)CCn1cc2c(nc(NC(=O)Cc3cccc4ccccc34)n3nc(-c4ccco4)nc23)n1,tensor([7.3800])
O=C(COc1ccccc1)Nc1nc2nn(CCc3ccccc3)cc2c2nc(-c3ccco3)nn12,tensor([7.4000])
CC(C)CCn1cc2c(nc(NC(=O)COc3ccccc3)n3nc(-c4ccco4)nc23)n1,tensor([7.4200])
Cn1cc2c(nc(NC(=O)Nc3ccccc3)n3nc(-c4ccco4)nc23)n1,tensor([6.4200])
O=C(Cc1cccc2ccccc12)Nc1nc2nn(CCCc3ccccc3)cc2c2nc(-c3ccco3)nn12,tensor([6.1000])
O=C(Cc1ccccc1)Nc1nc2nn(CCc3ccccc3)cc2c2nc(-c3ccco3)nn12,tensor([7.2200])
C#CCn1c(=O)c2c(nc(C=Cc3cccc(OC)c3)n2C)n(CCCO)c1=O,tensor([8.3000])
NCC1OC(n2cnc3c(N)ncnc32)C(O)C1O,tensor([6.2200])
NCC1C(CO)OC(n2cnc3c(NCc4cccc(I)c4)ncnc32)C1O,tensor([7.1700])
NCCNC(=O)C1OC(n2cnc3c(N)ncnc32)C(O)C1O,tensor([7.3900])
Nc1nc2ccc(Cl)cc2c2nc(-c3ccco3)nn12,tensor([9.])
NC1C(CO)OC(n2cnc3c(NCc4cccc(I)c4)ncnc32)C1O,tensor([7.0600])
COc1cc(OC)cc(C(CNc2ncnc3c2ncn3C2OC(CO)C(O)C2O)c2ccccc2C)c1,tensor([7.4200])
O=c1c(O)c(-c2ccccc2)oc2cc(O)cc(O)c12,tensor([4.7800])
CCCn1c(=O)c2[nH]c(-c3ccc(OCC(=O)NCCN)cc3)nc2n(CCC)c1=O,tensor([8.1000])
N=C(N)NC(=O)c1nc(Cl)c(N)nc1N,tensor([4.9200])
CNC(=O)C1OC(n2cnc3c(NCc4cccc(I)c4)ncnc32)C(O)C1O,tensor([6.4300])
CCCn1c(=O)c2[nH]c(C3CCCC3)nc2n(CCC)c1=O,tensor([6.6500])
CNC(=O)C1OC(n2cnc3c(NCc4cccc(I)c4)nc(Cl)nc32)C(O)C1O,tensor([5.2700])
CNC(=O)C1SC(n2cnc3c(N)nc(Cl)nc32)C(O)C1O,tensor([6.8000])
CNC(=O)C1SC(n2cnc3c(NCc4cccc(I)c4)nc(Cl)nc32)C(O)C1O,tensor([6.6500])
CCNC(=O)C1OC(n2cnc3c(N)nc(NCCc4ccc(CCC(=O)O)cc4)nc32)C(O)C1O,tensor([7.5700])
CCn1cc2c(nc(NC(=O)Nc3ccc(OC)cc3)n3nc(-c4ccco4)nc23)n1,tensor([5.9800])
CCCn1cc2c(nc(NC(=O)Nc3ccc(OC)cc3)n3nc(-c4ccco4)nc23)n1,tensor([6.8500])
Nc1nc2c(cnn2CCCc2ccc(O)cc2)c2nc(-c3ccco3)nn12,tensor([8.8200])
COc1ccc(CCCn2ncc3c2nc(N)n2nc(-c4ccco4)nc32)cc1OC,tensor([8.5700])
Nc1nc2c(cnn2CCCc2ccc3c(c2)OCO3)c2nc(-c3ccco3)nn12,tensor([8.4800])
CCNc1nc(NC(=O)CC2CCCCC2)nc2c1ncn2C1OC(CO)C(O)C1O,tensor([5.1100])
OCC1OC(n2cnc3c(NC4CCCC4)nc(Cl)nc32)C(O)C1O,tensor([5.6400])
Nc1nc(NC(=O)CC2CCCCC2)nc2c1ncn2C1OC(CO)C(O)C1O,tensor([5.6200])
O=C(CCC1CCCC1)Nc1nc(NC2CCCC2)c2ncn(C3OC(CO)C(O)C3O)c2n1,tensor([5.6600])
Nc1nc(NC(=O)C=Cc2ccccc2)nc2c1ncn2C1OC(CO)C(O)C1O,tensor([5.3900])
O=C(CCc1ccccc1)Nc1nc(NC2CCCC2)c2ncn(C3OC(CO)C(O)C3O)c2n1,tensor([5.2500])
Nc1nc(NC(=O)CCC2CCCC2)nc2c1ncn2C1OC(CO)C(O)C1O,tensor([5.7000])
CCNC(=O)C1OC(n2cnc3c(N)nc(NC(=O)CCC4CCCC4)nc32)C(O)C1O,tensor([4.9700])
Nc1nc(NC(=O)C2CCCCC2)nc2c1ncn2C1OC(CO)C(O)C1O,tensor([5.7500])
Nc1nc(NC(=O)CCc2ccccc2)nc2c1ncn2C1OC(CO)C(O)C1O,tensor([5.3400])
Nc1nc(NC(=O)CCCC2CCCCC2)nc2c1ncn2C1OC(CO)C(O)C1O,tensor([5.7100])
CCn1cc2c(nc(NC(=O)Nc3cccc(Cl)c3)n3nc(-c4ccco4)nc23)n1,tensor([6.7300])
COc1ccc(NC(=O)Nc2nc3nn(CCCc4ccccc4)cc3c3nc(-c4ccco4)nn23)cc1,tensor([5.9900])
O=C(Nc1cccc(Cl)c1)Nc1nc2nn(CCCc3ccccc3)cc2c2nc(-c3ccco3)nn12,tensor([6.7000])
CCCn1cc2c(nc(N)n3nc(-c4ccco4)nc23)n1,tensor([8.5900])
Nc1nc2nn(CCCc3ccccc3)cc2c2nc(-c3ccco3)nn12,tensor([9.7400])
COc1ccc(NC(=O)Nc2nc3nn(CCc4ccccc4)cc3c3nc(-c4ccco4)nn23)cc1,tensor([6.9100])
O=C(Nc1cccc(Cl)c1)Nc1nc2nn(CCc3ccccc3)cc2c2nc(-c3ccco3)nn12,tensor([6.9600])
CCn1cc2c(nc(N)n3nc(-c4ccco4)nc23)n1,tensor([8.7200])
CCn1c(=O)c2c(nc3ccccn32)n(Cc2ccccc2)c1=O,tensor([6.2300])
CCCn1c(=O)c2c(nc3ccccn32)n(Cc2ccccc2)c1=O,tensor([6.9200])
C=CCn1c(=O)c2c(nc3ccccn32)n(Cc2ccccc2)c1=O,tensor([6.7900])
CCCn1c(=O)c2c(nc3cc(C(C)(C)C)ccn32)n(Cc2ccccc2)c1=O,tensor([6.4200])
C#CCn1c(=O)c2c(nc3ccccn32)n(Cc2ccccc2)c1=O,tensor([7.0200])
O=c1c2c(nc3ccccn32)n(Cc2ccccc2)c(=O)n1CC1CC1,tensor([6.6200])
O=c1c2c(nc3ccccn32)n(Cc2ccccc2)c(=O)n1Cc1ccccc1,tensor([4.5900])
COc1ccc(NC(=O)Nc2nc3nn(C)cc3c3nc(-c4ccco4)nn23)cc1,tensor([5.8600])
CCCCn1cc2c(nc(NC(=O)Nc3ccc(OC)cc3)n3nc(-c4ccco4)nc23)n1,tensor([7.1000])
Nc1ncnc2c1ncn2C12CC1C(CO)C(O)C2O,tensor([4.])
Nc1nc2c(cnn2CCCc2ccc([N+](=O)[O-])cc2)c2nc(-c3ccco3)nn12,tensor([9.])
N#Cc1ccc(CCCn2ncc3c2nc(N)n2nc(-c4ccco4)nc32)cc1,tensor([7.0700])
Nc1nc2c(cnn2CCc2ccc(S(=O)(=O)N(CCCl)CCCl)cc2)c2nc(-c3ccco3)nn12,tensor([9.2300])
Nc1ccc(CCCn2ncc3c2nc(N)n2nc(-c4ccco4)nc32)cc1,tensor([9.6600])
Nc1nc2c(cnn2CCc2ccccc2)c2nc(-c3ccco3)nn12,tensor([8.9600])
NC(=NO)c1ccc(CCCn2ncc3c2nc(N)n2nc(-c4ccco4)nc32)cc1,tensor([8.2200])
Nc1nc2c(cnn2CCc2ccc(S(=O)(=O)O)cc2)c2nc(-c3ccco3)nn12,tensor([7.])
Nc1ccc(CCn2ncc3c2nc(N)n2nc(-c4ccco4)nc32)cc1,tensor([7.2600])
Nc1nc2c(cnn2CCc2ccc(S(N)(=O)=O)cc2)c2nc(-c3ccco3)nn12,tensor([8.8800])
NC(=NO)c1ccc(CCn2ncc3c2nc(N)n2nc(-c4ccco4)nc32)cc1,tensor([9.7400])
CCOC(=O)COc1ccc(CCn2ncc3c2nc(N)n2nc(-c4ccco4)nc32)cc1,tensor([9.3700])
NCc1ccc(CCCn2ncc3c2nc(N)n2nc(-c4ccco4)nc32)cc1,tensor([9.8900])
CC(=O)Nc1ccc(CCn2ncc3c2nc(N)n2nc(-c4ccco4)nc32)cc1,tensor([8.3200])
Nc1nc2c(cnn2CCCc2ccccc2)c2nc(-c3ccco3)nn12,tensor([8.9200])
Nc1nc2c(cnn2CCCc2ccc(N(CCO)CCO)cc2)c2nc(-c3ccco3)nn12,tensor([8.9600])
N=C(N)c1ccc(CCCn2ncc3c2nc(N)n2nc(-c4ccco4)nc32)cc1,tensor([8.3600])
Nc1nc2c(cnn2CCCc2ccc(C(=O)O)cc2)c2nc(-c3ccco3)nn12,tensor([8.3300])
Nc1nc2c(cnn2CCc2ccc(N(CCO)CCO)cc2)c2nc(-c3ccco3)nn12,tensor([9.9200])
CCOC(=O)c1ccc(CCCn2ncc3c2nc(N)n2nc(-c4ccco4)nc32)cc1,tensor([8.4000])
O=C(Nc1cccc(Cl)c1)Nc1nc2ccc(Cl)cc2c2nc(-c3ccco3)nn12,tensor([8.0200])
CCCn1cc2c(nc(NC(=O)Nc3ccc([N+](=O)[O-])cc3)n3nc(-c4ccco4)nc23)n1,tensor([5.9500])
CCn1cc2c(nc(NC(=O)Nc3ccc([N+](=O)[O-])cc3)n3nc(-c4ccco4)nc23)n1,tensor([6.2100])
Cn1cc2c(nc(NC(=O)Nc3ccc([N+](=O)[O-])cc3)n3nc(-c4ccco4)nc23)n1,tensor([6.1600])
CCCCn1cc2c(nc(NC(=O)Nc3ccc([N+](=O)[O-])cc3)n3nc(-c4ccco4)nc23)n1,tensor([6.3000])
CCn1cc2c(nc(NC(=O)Cc3ccccc3)n3nc(-c4ccco4)nc23)n1,tensor([6.4700])
N#Cc1c(N)nc(SCc2ncc[nH]2)c(C#N)c1-c1cccc(O)c1,tensor([7.6800])
COc1ccc(-c2c(C#N)c(N)nc(SCc3ncc[nH]3)c2C#N)cc1,tensor([6.6700])
N#Cc1c(N)nc(SCc2ncc[nH]2)c(C#N)c1-c1ccccc1,tensor([7.5500])
COc1cccc(-c2c(C#N)c(N)nc(SCc3ncc[nH]3)c2C#N)c1,tensor([6.9800])
N#Cc1c(N)nc(SCc2ncc[nH]2)c(C#N)c1-c1ccc(O)cc1,tensor([7.5500])
Cn1cc2c(nc(NC(=O)Nc3ccncc3)n3nc(-c4ccco4)nc23)n1,tensor([7.2200])
Cn1cc2c(nc(NC(=O)Nc3ccc(S(=O)(=O)O)cc3)n3nc(-c4ccco4)nc23)n1,tensor([6.2300])
CCCCc1nc2[nH]cnc2c2nc(-c3ccc(C(F)(F)F)cc3)nn12,tensor([7.5100])
CCCCc1nc2[nH]cnc2c2nc(-c3ccc(N(C)C)cc3)nn12,tensor([7.3100])
CCCCc1nc2[nH]cnc2c2nc(-c3ccc(OCCC)cc3)nn12,tensor([7.3100])
Cc1[nH]c2nc(-c3ccccc3)nc(NC3CCCCNC3=O)c2c1C,tensor([6.0200])
CC(=O)NCCNc1[nH]c(-c2ccccc2)nc2nc(C)c(C)c1-2,tensor([7.6400])
Cc1nc2nc(-c3ccccc3)[nH]c(NC(CO)CC(C)C)c-2c1C,tensor([5.9500])
Cc1[nH]c2nc(-c3ccccc3)nc(NCCN3CCNC3=O)c2c1C,tensor([6.6700])
Cc1[nH]c2nc(-c3ccccc3)nc(NCc3ccncc3)c2c1C,tensor([6.0900])
Cn1c(=O)c2c(nc(C=Cc3cccc(Cl)c3)n2[11CH3])n(C)c1=O,tensor([7.2700])
CCCn1c(=O)c2c(nc(C=Cc3ccc(OC)c(OC)c3)n2[11CH3])n(CCC)c1=O,tensor([9.])
CCCn1c(=O)c2nc(-c3ccc(OCC(=O)Nc4ccc(C(=O)OC)cc4)cc3)[nH]c2n(CCC)c1=O,tensor([5.5100])
CCCSc1c2c(nc(N)n3nc(-c4ccco4)nc23)nn1C,tensor([8.6800])
Cn1nc(C(F)(F)F)c(CN2CCN(c3nc(N)n4nc(-c5ccco5)nc4n3)CC2)c1Cl,tensor([7.])
CCNC(=O)C1OC(n2cnc3c(NC(=O)Nc4ccc(S(N)(=O)=O)cc4)ncnc32)C(O)C1O,tensor([7.0200])
Nc1nc(-c2ccco2)c2ncn(Cc3ccc(C(F)(F)F)c(F)c3)c2n1,tensor([8.0600])
Nc1nc(-c2ccco2)c2ncn(CCc3ccccc3)c2n1,tensor([6.5700])
COc1ccc(Cn2cnc3c(-c4ccco4)nc(N)nc32)cc1,tensor([8.1100])
Nc1nc(-c2ccco2)c2ncn(Cc3c(Cl)cccc3Cl)c2n1,tensor([8.1500])
Nc1nc(-c2ccco2)c2ncn(-c3ccccc3)c2n1,tensor([7.1600])
Nc1nc(-c2ccco2)c2ncn(CCCc3ccccc3)c2n1,tensor([8.1700])
Nc1nc(-c2ccco2)c2ncn(Cc3ccc4ccccc4c3)c2n1,tensor([8.8500])
CC(c1ccccc1)n1cnc2c(-c3ccco3)nc(N)nc21,tensor([6.4200])
Nc1nc(-c2ccco2)c2ncn(Cc3ccccc3CS(=O)(=O)c3ccccc3)c2n1,tensor([8.5100])
Nc1nc(-c2ccco2)c2ncn(Cc3cccc4ccccc34)c2n1,tensor([8.2500])
Nc1nc(-c2ccco2)c2ncn(Cc3ccc(Cl)cc3)c2n1,tensor([7.6700])
COc1ccccc1Cn1cnc2c(-c3ccco3)nc(N)nc21,tensor([7.6600])
Nc1nc(-c2ccco2)c2ncn(Cc3c(F)cc(F)cc3F)c2n1,tensor([7.5800])
Nc1nc(-c2ccco2)c2ncn(Cc3c(F)cccc3F)c2n1,tensor([8.3500])
Nc1nc(-c2ccco2)c2ncn(Cc3ccc(C(F)(F)F)cc3F)c2n1,tensor([8.5500])
COc1cccc(Cn2cnc3c(-c4ccco4)nc(N)nc32)c1,tensor([7.9100])
Nc1nc(-c2ccco2)c2ncn(Cc3ccc(C(F)(F)F)cc3)c2n1,tensor([7.6900])
Nc1nc(-c2ccco2)c2ncn(Cc3cc4c(cc3Cl)OCO4)c2n1,tensor([8.2000])
Nc1nc(-c2ccco2)c2ncn(Cc3ccccc3)c2n1,tensor([7.4600])
CNC(=O)C12CC1C(n1cnc3c(NCc4cccc(Br)c4)nc(Cl)nc31)C(O)C2O,tensor([5.8900])
CNC(=O)C12CC1C(n1cnc3c(NCc4ccc(N)c(I)c4)nc(Cl)nc31)C(O)C2O,tensor([5.9600])
COc1ccc(Cl)cc1CNc1ncnc2c1ncn2C1OC(CO)C(O)C1O,tensor([6.4000])
CNC(=O)C12CC1C(n1cnc3c(NCc4cccc(F)c4)nc(Cl)nc31)C(O)C2O,tensor([5.2900])
Cc1ccccc1CNc1ncnc2c1ncn2C1OC(CO)C(O)C1O,tensor([6.1200])
CNC(=O)C12CC1C(n1cnc3c(NCc4cccc(I)c4)nc(Cl)nc31)C(O)C2O,tensor([6.1100])
OCC1OC(n2cnc3c(NCc4cccc(I)c4)ncnc32)C(O)C1O,tensor([6.8500])
CNC(=O)C12CC1C(n1cnc3c(NCc4cc(I)ccc4OC)nc(Cl)nc31)C(O)C2O,tensor([6.3700])
CNC(=O)C12CC1C(n1cnc3c(NCc4cc(Cl)ccc4OCc4ccccc4)nc(Cl)nc31)C(O)C2O,tensor([6.0700])
OCC12CC1C(n1cnc3c(NCc4cccc(I)c4)ncnc31)C(O)C2O,tensor([6.0700])
CNC(=O)C12CC1C(n1cnc3c(NCc4cc(Cl)ccc4Cl)nc(Cl)nc31)C(O)C2O,tensor([5.8900])
CNC(=O)C12CC1C(n1cnc3c(NCc4cc(Cl)ccc4OC)nc(Cl)nc31)C(O)C2O,tensor([5.9200])
CNC(=O)C12CC1C(n1cnc3c(NCc4cccc(I)c4)ncnc31)C(O)C2O,tensor([5.2100])
CNC(=O)C12CC1C(n1cnc3c(NCc4cccc(C)c4)nc(Cl)nc31)C(O)C2O,tensor([5.4300])
OCC12CC1C(n1cnc3c(NCc4cccc(I)c4)nc(Cl)nc31)C(O)C2O,tensor([5.8000])
CNC(=O)C12CC1C(n1cnc3c(NCc4cc(Cl)ccc4OCC(N)=O)nc(Cl)nc31)C(O)C2O,tensor([6.1000])
CNC(=O)C12CC1C(n1cnc3c(NCc4cc(I)ccc4Cl)nc(Cl)nc31)C(O)C2O,tensor([6.3200])
CNC(=O)C12CC1C(n1cnc3c(NC4CC4c4ccccc4)nc(Cl)nc31)C(O)C2O,tensor([5.3200])
OCC1OC(n2cnc3c(NC4CC4c4ccccc4)ncnc32)C(O)C1O,tensor([5.6000])
CNC(=O)C12CC1C(n1cnc3c(NCC(c4ccccc4)c4ccccc4)nc(Cl)nc31)C(O)C2O,tensor([5.8000])
OCC1OC(n2cnc3c(NCC(c4ccccc4)c4ccccc4)ncnc32)C(O)C1O,tensor([6.2900])
OCC1OC(n2cnc3c(NCc4cccc(Cl)c4)ncnc32)C(O)C1O,tensor([5.8500])
OCC1OC(n2cnc3c(NCc4cccnc4)ncnc32)C(O)C1O,tensor([5.6400])
CNC(=O)C12CC1C(n1cnc3c(NCc4cccc(Cl)c4)nc(Cl)nc31)C(O)C2O,tensor([5.6400])
N#Cc1cccc(-c2nc(NC(=O)O)sc2-n2cncn2)c1,tensor([5.2500])
Cc1nccn1-c1sc(Nc2cnccn2)nc1-c1cccc(C#N)c1,tensor([5.7800])
N#Cc1cccc(-c2nc(Nc3cnccn3)sc2-n2ccnc2)c1,tensor([6.4600])
N#Cc1cccc(-c2nc(Nc3cnccn3)sc2-n2cncn2)c1,tensor([5.4500])
Cc1cccnc1Nc1nc(-c2cccc(C#N)c2)c(-n2ccnc2)s1,tensor([5.5700])
N#Cc1cccc(-c2nc(Nc3cccnc3)sc2-n2ccnc2)c1,tensor([5.5700])
N#Cc1cccc(-c2nc(Nc3cccnc3)sc2-n2cncn2)c1,tensor([5.5900])
N#Cc1cccc(-c2nc(Nc3ccncc3)sc2-n2cncn2)c1,tensor([5.3800])
N#Cc1cccc(-c2nc(Nc3ccccn3)sc2-n2cncn2)c1,tensor([5.7000])
OCC1OC(n2cnc3c(NC4CCCC4)ncnc32)C(O)C1O,tensor([6.1000])
CCCn1c(=O)c2nc(-c3ccc(OCc4nc(-c5ccccc5C(F)(F)F)no4)cc3)[nH]c2n(CCC)c1=O,tensor([5.5000])
CCCn1c(=O)c2nc(-c3ccc(OCc4noc(-c5ccccc5OC)n4)cc3)[nH]c2n(CCC)c1=O,tensor([5.5300])
CCCn1c(=O)c2nc(-c3ccc(OCc4noc(-c5ccc(C)cc5)n4)cc3)[nH]c2n(CCC)c1=O,tensor([6.])
CCCn1c(=O)c2nc(-c3ccc(OCc4noc(-c5ccc(C(F)(F)F)cc5)n4)cc3)[nH]c2n(CCC)c1=O,tensor([5.3100])
CCCn1c(=O)c2nc(-c3ccc(OCc4nc(-c5cccc(Cl)c5)no4)cc3)[nH]c2n(CCC)c1=O,tensor([6.3900])
c1ccc(Nc2nc3ncnc-3c(NC3CCCCCC3)[nH]2)cc1,tensor([5.3800])
c1ccc(Nc2nc(NC3CC4CCC3C4)c3nc[nH]c3n2)cc1,tensor([5.1100])
Cn1cnc2c(NC3CCCCC3)nc(Nc3ccccc3)nc21,tensor([5.9200])
c1ccc(Oc2nc3ncnc-3c(NC3CCCCC3)[nH]2)cc1,tensor([4.8000])
CN(C)c1ccc(Nc2nc(NC3CCCCC3)c3[nH]cnc3n2)cc1,tensor([5.2100])
c1nc2nc(Nc3ccc(N4CCOCC4)cc3)nc(NC3CC4CCC3C4)c2[nH]1,tensor([4.4100])
c1ccc(Nc2nc3ncnc-3c(NC3CCCCC3)[nH]2)cc1,tensor([5.7700])
Cn1cnc2c(NC3CCCCCC3)nc(Nc3ccccc3)nc21,tensor([5.5300])
c1ccc(Sc2nc3ncnc-3c(NC3CCCCC3)[nH]2)cc1,tensor([4.8500])
CCn1nnc(C2OC(n3cnc4c(N)nc(NC(CO)Cc5ccc(Cl)cc5)nc43)C(O)C2O)n1,tensor([6.5700])
CCn1nnc(C2OC(n3cnc4c(N)nc(NC(CO)Cc5ccc(Br)cc5)nc43)C(O)C2O)n1,tensor([8.3000])
CCn1nnc(C2OC(n3cnc4c(N)nc(NC(CO)Cc5ccc(O)cc5)nc43)C(O)C2O)n1,tensor([8.3000])
CCn1nnc(C2OC(n3cnc4c(N)nc(NC(C)Cc5ccc(OC)cc5)nc43)C(O)C2O)n1,tensor([9.])
CCn1nnc(C2OC(n3cnc4c(N)nc(NC(CO)Cc5ccc([N+](=O)[O-])cc5)nc43)C(O)C2O)n1,tensor([7.3200])
CCn1nnc(C2OC(n3cnc4c(N)nc(NC(CO)Cc5ccccc5)nc43)C(O)C2O)n1,tensor([7.3400])
CCn1nnc(C2OC(n3cnc4c(N)nc(NC(CO)Cc5ccc(OC)cc5)nc43)C(O)C2O)n1,tensor([7.4200])
OC1OC(n2cnc3c(NC4CCCC4)nc(Cl)nc32)C(O)C1O,tensor([5.6400])
CC1(O)C(O)C(CO)OC1n1cnc2c(NC3CCCC3)nc(Cl)nc21,tensor([5.0200])
Cc1ccc(Nc2[nH]c3ccccc3c3nc(C4CCCC4)nc2-3)cc1,tensor([5.2800])
c1ccc(Nc2[nH]c3ccccc3c3nc(C4CCCC4)nc2-3)cc1,tensor([5.5000])
Cn1c(=O)c2[nH]cnc2n(C)c1=O,tensor([5.1000])
CNC(=O)C12CC1C(n1cnc3c(NC4CCCC4)ncnc31)C(O)C2O,tensor([5.1900])
CNC(=O)C12CC1C(n1cnc3c(NC4CCCC4)nc(Cl)nc31)C(O)C2O,tensor([5.4900])
c1ccc2nc(-c3nc4ccccc4[nH]3)cnc2c1,tensor([6.2500])
CCc1nc2c([nH]1)c1nc(CC)[nH]c1c1nc(CC)[nH]c21,tensor([6.1400])
CSc1cccc2[nH]c(-c3cnc4ccccc4n3)nc12,tensor([5.5200])
Cc1cccc2[nH]c(-c3cnc4ccccc4n3)nc12,tensor([6.0800])
CCSc1cccc2[nH]c(-c3cnc4ccccc4n3)nc12,tensor([5.4600])
CCc1nc2c([nH]1)c1nc(C)[nH]c1c1nc(CC)[nH]c12,tensor([6.4800])
CCNC(=O)C1OC(n2cnc3c(NCC)nc(C#CC(O)c4ccccc4OC)nc32)C(O)C1O,tensor([6.3000])
CCNC(=O)C1OC(n2cnc3c(NCC)nc(C#CC4=CCCCC4)nc32)C(O)C1O,tensor([5.1700])
CCNC(=O)C1OC(n2cnc3c(NCC)nc(C#CCc4ccccc4)nc32)C(O)C1O,tensor([6.1900])
CCNC(=O)C1OC(n2cnc3c(NCC)nc(C#CC4(N)CCCCC4)nc32)C(O)C1O,tensor([5.1300])
CCNC(=O)C1OC(n2cnc3c(NCC)nc(C#CCCCCO)nc32)C(O)C1O,tensor([5.9600])
CCNC(=O)C1OC(n2cnc3c(NCC)nc(C#CC4(O)CCCC4)nc32)C(O)C1O,tensor([6.0300])
CCNC(=O)C1OC(n2cnc3c(NCC)nc(C#CC(O)C4CCCC4)nc32)C(O)C1O,tensor([6.8200])
CCCCCC(O)C#Cc1nc(NCC)c2ncn(C3OC(C(=O)NCC)C(O)C3O)c2n1,tensor([6.3300])
CCNC(=O)C1OC(n2cnc3c(NCC)nc(C#CC(O)C4CCCCC4)nc32)C(O)C1O,tensor([7.2300])
CCNC(=O)C1OC(n2cnc3c(NCC)nc(C#CC(O)c4cccc(C(=O)OC)c4)nc32)C(O)C1O,tensor([6.8400])
CCNC(=O)C1OC(n2cnc3c(NCC)nc(C#CC(O)c4cccc([N+](=O)[O-])c4)nc32)C(O)C1O,tensor([6.4000])
CCNC(=O)C1OC(n2cnc3c(NCC)nc(C#CCCO)nc32)C(O)C1O,tensor([6.1900])
CCNC(=O)C1OC(n2cnc3c(NCC)nc(C#CC(O)c4cccc(C(=O)O)c4)nc32)C(O)C1O,tensor([5.4200])
CCNC(=O)C1OC(n2cnc3c(NCC)nc(C#Cc4ccc(OC)cc4)nc32)C(O)C1O,tensor([5.3000])
CCNC(=O)C1OC(n2cnc3c(NCC)nc(C#CCCCc4ccccc4)nc32)C(O)C1O,tensor([6.4900])
CCNC(=O)C1OC(n2cnc3c(NCC)nc(C#CC(C)O)nc32)C(O)C1O,tensor([6.1100])
CCNC(=O)C1OC(n2cnc3c(NCC)nc(I)nc32)C(O)C1O,tensor([5.7100])
CCCCC#Cc1nc(NCC)c2ncn(C3OC(C(=O)NCC)C(O)C3O)c2n1,tensor([6.2600])
CCNC(=O)C1OC(n2cnc3c(NCC)nc(C#CC(O)c4ccc(OC)cc4)nc32)C(O)C1O,tensor([6.1500])
CCCCCCC#Cc1nc(NCC)c2ncn(C3OC(C(=O)NCC)C(O)C3O)c2n1,tensor([6.2400])
CCNC(=O)C1OC(n2cnc3c(NCC)nc(C#CC(O)c4ccccc4[N+](=O)[O-])nc32)C(O)C1O,tensor([6.4300])
CCNC(=O)C1OC(n2cnc3c(NCC)nc(C#CCC(C)O)nc32)C(O)C1O,tensor([5.6100])
CCNC(=O)C1OC(n2cnc3c(NCC)nc(C#CC(O)c4cccc(OC)c4)nc32)C(O)C1O,tensor([6.6800])
CCNC(=O)C1OC(n2cnc3c(NCC)nc(C#CC4(O)CCCCC4)nc32)C(O)C1O,tensor([6.4600])
CCNC(=O)C1OC(n2cnc3c(NCC)nc(C#CC(O)c4ccccc4)nc32)C(O)C1O,tensor([6.8900])
CCCn1c(=O)c2[nH]c(-c3ccc(OC(C)C(=O)O)cc3)cc2n(CCC)c1=O,tensor([6.])
CCCn1c(=O)c2nc(-c3ccc(OCC(=O)Nc4ccc(I)cc4)cc3)[nH]c2n(CCC)c1=O,tensor([5.2300])
CCCn1c(=O)c2[nH]c(-c3ccc(OC(C)(C)C(=O)Nc4ccccc4)cc3)cc2n(CCC)c1=O,tensor([7.2700])
CCn1c(=O)c2[nH]c(-c3ccc(OCC(=O)Nc4ccccc4)cc3)cc2n(CC)c1=O,tensor([6.7300])
COc1cc(OCC(=O)NCc2ccc(Cl)cc2)ccc1-c1cc2c([nH]1)c(=O)n(C)c(=O)n2C,tensor([6.7300])
CCCn1c(=O)c2nc(-c3cc(OCC(=O)c4ccc(F)cc4)n(C)n3)[nH]c2n(CCC)c1=O,tensor([6.7300])
CCCn1c(=O)c2nc(-c3cc(OCC(=O)c4ccc(C(C)=O)cc4)nn3C)[nH]c2n(CCC)c1=O,tensor([7.0600])
CCCn1c(=O)c2[nH]c(-c3ccc(OCC(=O)Nc4ccc([N+](C)(C)C)cc4)cc3)cc2n(CCC)c1=O,tensor([6.1500])
Cn1c(=O)c2[nH]c(-c3ccc(OCC(=O)NCc4ccccc4)cc3)cc2n(C)c1=O,tensor([6.7400])
CCCn1c(=O)n(C)c(=O)c2[nH]c(-c3ccc(OCC(=O)Nc4ccc(F)cc4)cc3)cc21,tensor([6.9500])
CCOC(=O)COc1ccc(-c2cc3c([nH]2)c(=O)n(CC)c(=O)n3CCCOC)cc1,tensor([6.3500])
CCCn1c(=O)c2[nH]c(-c3ccc(OCC(=O)Nc4ccc(CS(=O)(=O)N5CCCC5)cc4)cc3)cc2n(CCC)c1=O,tensor([7.2800])
CCCn1c(=O)c2[nH]c(-c3ccc(OCC(=O)NCc4ccccc4)cc3)cc2n(CCC)c1=O,tensor([7.0500])
COCCCn1c(=O)n(C)c(=O)c2[nH]c(-c3ccc(OCC(=O)NC4CCCC4)cc3)cc21,tensor([6.3700])
COc1cc(OCC(=O)Nc2ccc(F)cc2)ccc1-c1cc2c([nH]1)c(=O)n(C)c(=O)n2C,tensor([7.0200])
Cn1c(=O)c2[nH]c(-c3cccc(OCC(=O)Nc4ccccc4)c3)cc2n(C)c1=O,tensor([6.6900])
CCCn1c(=O)c2[nH]c(-c3ccc(OCC(=O)Nc4ccc(C(=O)OCC)cc4)cc3)cc2n(CCC)c1=O,tensor([7.])
CCCn1c(=O)c2nc(-c3cc(OCC(=O)c4ccc(Br)cc4)n(C)n3)[nH]c2n(CCC)c1=O,tensor([7.0300])
CCCn1c(=O)c2[nH]c(-c3ccc(OCC(=O)NCc4ccc(F)cc4)cc3)c(Cl)c2n(CCC)c1=O,tensor([7.3100])
CCCn1c(=O)c2[nH]c(-c3ccc(OCC(=O)Nc4ccc(C5=NC(C)(C)CO5)cc4)cc3)cc2n(CCC)c1=O,tensor([7.0400])
CCCn1c(=O)c2[nH]c(-c3ccc(OC(C)C(=O)Nc4ccccc4)cc3)cc2n(CCC)c1=O,tensor([6.9800])
CN(Cc1ccccc1)C(=O)COc1ccc(-c2cc3c([nH]2)c(=O)n(C)c(=O)n3C)cc1,tensor([5.9900])
CCCn1c(=O)c2[nH]c(-c3ccc(OCC(=O)Nc4cc(OC)nc(OC)n4)cc3)cc2n(CCC)c1=O,tensor([7.0500])
Cn1c(=O)c2[nH]c(-c3ccc(OCC(=O)NC4CCCC4)cc3)cc2n(C)c1=O,tensor([6.1600])
CCCn1c(=O)c2[nH]c(-c3ccc(OCC(=O)Nc4ccc(C(=O)NCCc5ccc(OC)cc5)cc4)cc3)cc2n(CCC)c1=O,tensor([6.3700])
CCCn1c(=O)c2[nH]c(-c3ccc(OCC(=O)Nc4ccc(OC)nc4)cc3)cc2n(CCC)c1=O,tensor([6.9700])
CCCn1c(=O)c2[nH]c(-c3ccc(OCC(=O)Nc4ccc(Cl)cc4)cc3)c(Cl)c2n(CCC)c1=O,tensor([7.0500])
CCCn1c(=O)c2[nH]c(-c3ccc(OCC(=O)Nc4ccc(OC(F)(F)F)cc4)cc3)cc2n(CCC)c1=O,tensor([6.9700])
CCCn1c(=O)n(C)c(=O)c2[nH]c(-c3ccc(OCC(=O)Nc4ccccc4)cc3)cc21,tensor([6.7100])
CCCn1c(=O)c2nc(-c3ccc(OCC(=O)Nc4ccc(Cl)cc4)cc3)[nH]c2n(CCC)c1=O,tensor([6.7200])
COc1cc(-c2cc3c([nH]2)c(=O)n(C)c(=O)n3C)ccc1OCC(=O)Nc1ccc(C#N)cc1,tensor([6.2400])
Cn1c(=O)c2[nH]c(-c3cccc(OCC(=O)Nc4ccc(Br)cc4)c3)cc2n(C)c1=O,tensor([7.1700])
CCCn1c(=O)c2[nH]c(-c3ccc(OCC(=O)Nc4ccc(O)cc4)cc3)cc2n(CCC)c1=O,tensor([7.2500])
CCCn1c(=O)c2[nH]c(-c3ccc(OCC(=O)O)cc3)c(Br)c2n(CCC)c1=O,tensor([6.3100])
Cn1c(=O)c2[nH]c(-c3ccc(OCC(=O)Nc4ccccc4)cc3)cc2n(C)c1=O,tensor([6.1100])
CCCn1c(=O)c2[nH]c(-c3ccc(OCC(=O)Nc4ccc(Br)cc4)cc3)c(Cl)c2n(CCC)c1=O,tensor([6.9000])
CCN(Cc1ccccc1)C(=O)COc1ccc(-c2cc3c([nH]2)c(=O)n(C)c(=O)n3C)cc1,tensor([6.0500])
COc1cc(-c2cc3c([nH]2)c(=O)n(C)c(=O)n3C)ccc1OCC(=O)NCc1ccc(Cl)cc1,tensor([6.8000])
CCCn1c(=O)c2[nH]c(-c3ccc(OCC(=O)Nc4ccc(NC(C)=O)cc4)cc3)cc2n(CCC)c1=O,tensor([7.2000])
CCCn1c(=O)c2[nH]c(-c3ccc(OCC(=O)NCc4ccccc4)cc3)c(Cl)c2n(CCC)c1=O,tensor([7.2200])
CCCn1c(=O)c2nc(-c3ccc(OCC(=O)O)cc3)[nH]c2n(CCC)c1=O,tensor([6.0700])
CCCn1c(=O)c2[nH]c(-c3ccc(OCC(=O)Nc4ccc(C=O)cc4)cc3)cc2n(CCC)c1=O,tensor([6.3100])
CCCn1c(=O)c2[nH]c(-c3ccc(OCC(=O)Nc4ccccc4)cc3)c(Cl)c2n(CCC)c1=O,tensor([7.1300])
CCCn1c(=O)c2[nH]c(-c3ccc(OCC(=O)Nc4ccc(OC)nc4)cc3)cc2n(C)c1=O,tensor([6.8800])
COc1cc(OCC(=O)Nc2ccc(Br)cc2)ccc1-c1cc2c([nH]1)c(=O)n(C)c(=O)n2C,tensor([5.3100])
CCCn1c(=O)c2[nH]c(-c3ccc(OCC(=O)Nc4ccc(F)cc4)cc3)cc2n(C)c1=O,tensor([7.1800])
Cn1c(=O)c2[nH]c(-c3ccc(OCC(=O)Nc4ccc(F)cc4)cc3)cc2n(C)c1=O,tensor([7.1900])
CCCn1c(=O)c2[nH]c(-c3ccc(OCC(=O)O)cc3)cc2n(CCC)c1=O,tensor([6.9100])
CCCn1c(=O)c2[nH]c(-c3ccc(OCC(=O)Nc4ccc(I)cc4)cc3)cc2n(CCC)c1=O,tensor([6.8000])
CCCn1c(=O)n(C)c(=O)c2[nH]c(-c3ccc(OCC(=O)O)cc3)cc21,tensor([6.1100])
CCn1c(=O)c2[nH]c(-c3ccc(OCC(=O)O)cc3)cc2n(CCCOC)c1=O,tensor([6.0300])
CCCn1c(=O)c2[nH]c(-c3ccc(OCC(=O)Nc4ccc(-c5ccccc5)cc4)cc3)cc2n(CCC)c1=O,tensor([7.1600])
CCCn1c(=O)c2[nH]c(-c3ccc(OCC(=O)O)cc3)cc2n(C)c1=O,tensor([5.3900])
COc1cc(-c2cc3c([nH]2)c(=O)n(C)c(=O)n3C)ccc1OCC(=O)Nc1ccc(Br)cc1,tensor([7.0900])
Cn1c(=O)c2[nH]c(-c3ccc(OCC(=O)Nc4ccc([N+](=O)[O-])cc4)cc3)cc2n(C)c1=O,tensor([7.0900])
CCCn1c(=O)c2[nH]c(-c3ccc(OC(C)C(=O)Nc4ccc(F)cc4)cc3)cc2n(CCC)c1=O,tensor([7.2300])
CCCn1c(=O)c2[nH]c(-c3ccc(OCC(=O)Nc4ccc(C(C)(C)C)cc4)cc3)cc2n(CCC)c1=O,tensor([7.1000])
Cn1c(=O)c2[nH]c(-c3ccc(OCC(=O)O)cc3)cc2n(C)c1=O,tensor([5.3800])
CCCn1c(=O)c2nc(-c3ccc(OCC(N)=O)cc3)[nH]c2n(CCC)c1=O,tensor([6.7700])
CCCn1c(=O)c2nc(-c3ccc(OCC(=O)Nc4ccccc4)cc3)[nH]c2n(CCC)c1=O,tensor([8.6500])
Cn1c(=O)c2[nH]c(-c3ccc(OCC(=O)Nc4ccc(CCN)cc4)cc3)cc2n(C)c1=O,tensor([6.7800])
CCn1c(=O)c2[nH]c(-c3ccc(OCC(=O)Nc4ccc(C#N)cc4)cc3)cc2n(CC)c1=O,tensor([6.9200])
COCCCn1c(=O)n(C)c(=O)c2[nH]c(-c3ccc(OCC(=O)Nc4ccccc4)cc3)cc21,tensor([6.9200])
CCCn1c(=O)c2[nH]c(-c3ccc(OCC(=O)c4c(NC(=O)O)n(C)c(=O)n(C)c4=O)cc3)cc2n(CCC)c1=O,tensor([7.1000])
CCCn1c(=O)c2[nH]c(-c3ccc(OCC(=O)Nc4ccccc4F)cc3)c(Cl)c2n(CCC)c1=O,tensor([6.1400])
CCCn1c(=O)c2nc(-c3ccc(OCC(=O)c4ccc(I)cc4)cc3)[nH]c2n(CCC)c1=O,tensor([8.6700])
CCCn1c(=O)c2[nH]c(-c3ccc(OCC(=O)Nc4ccc(C(C)=O)cc4)cc3)c(Cl)c2n(CCC)c1=O,tensor([7.0700])
Cn1c(=O)c2[nH]c(-c3ccc(OCC(=O)NC4CCc5ccccc54)cc3)cc2n(C)c1=O,tensor([6.6700])
Cn1c(=O)c2[nH]c(-c3ccc(OCC(=O)NCc4ccc(Cl)cc4)cc3)cc2n(C)c1=O,tensor([7.6900])
Cn1c(=O)c2[nH]c(-c3ccc(OCC(=O)Nc4ccc(Br)cc4)cc3)cc2n(C)c1=O,tensor([5.9100])
CCCn1c(=O)c2nc(-c3ccc(OCC(=O)NCc4ccccc4)cc3)[nH]c2n(CCC)c1=O,tensor([7.7000])
CCCn1c(=O)c2[nH]c(-c3ccc(OCC(=O)Nc4cccc(F)c4)cc3)c(Cl)c2n(CCC)c1=O,tensor([6.6100])
CCCn1c(=O)c2[nH]c(-c3ccc(OCC(=O)Nc4ccccn4)cc3)cc2n(CCC)c1=O,tensor([6.5100])
CC(NC(=O)COc1ccc(-c2cc3c([nH]2)c(=O)n(C)c(=O)n3C)cc1)c1ccccc1,tensor([6.6100])
CCCn1c(=O)c2[nH]c(-c3ccc(OCC(=O)Nc4ccc(OC)cc4)cc3)cc2n(CCC)c1=O,tensor([7.7000])
CCCn1c(=O)c2[nH]c(-c3ccc(OCC(=O)O)cc3)c(Cl)c2n(CCC)c1=O,tensor([6.4000])
CC(Oc1ccc(-c2cc3c([nH]2)c(=O)n(C)c(=O)n3C)cc1)C(=O)Nc1ccc(Br)cc1,tensor([7.5700])
CCCn1c(=O)c2[nH]c(-c3ccc(OC(C)C(=O)Nc4ccc(OC)cc4)cc3)cc2n(CCC)c1=O,tensor([7.4100])
CCCn1c(=O)c2[nH]c(-c3ccc(OCC(=O)Nc4ccc(F)cc4)cc3)c(Br)c2n(CCC)c1=O,tensor([7.7000])
CCCn1c(=O)c2[nH]c(-c3ccc(OCC(=O)Nc4ccc(CC#N)cc4)cc3)cc2n(CCC)c1=O,tensor([7.4000])
CCOC(=O)COc1ccc(-c2cc3c([nH]2)c(=O)n(C)c(=O)n3CCCOC)cc1,tensor([5.7300])
CCCn1c(=O)c2[nH]c(-c3ccc(OC(CC)C(=O)Nc4ccc(F)cc4)cc3)cc2n(CCC)c1=O,tensor([7.7200])
CCCn1c(=O)c2[nH]c(-c3ccc(OCC(=O)Nc4ccc(F)cc4)cc3)c(Cl)c2n(CCC)c1=O,tensor([7.3900])
Cn1c(=O)c2[nH]c(-c3ccc(OCC(=O)NCc4ccco4)cc3)cc2n(C)c1=O,tensor([6.5000])
CCCn1c(=O)c2[nH]c(-c3ccc(OCC(=O)Nc4ccc(CC(=O)OCC)cc4)cc3)cc2n(CCC)c1=O,tensor([6.6200])
CCCn1c(=O)c2[nH]c(-c3ccc(OCC(=O)Nc4ccc(C(=O)OCC)cc4)cc3)cc2n(C)c1=O,tensor([5.5800])
CCCn1c(=O)c2[nH]c(-c3ccc(N(C=O)CC(=O)Nc4ccc(Br)cc4)cc3)cc2n(CCC)c1=O,tensor([7.4500])
CCCn1c(=O)c2[nH]c(-c3ccc(OCC(=O)NCc4ccncc4)cc3)cc2n(CCC)c1=O,tensor([6.5200])
CCCn1c(=O)c2[nH]c(-c3ccc(OCC(=O)n4ccc(N)n4)cc3)cc2n(CCC)c1=O,tensor([7.5800])
CCCn1c(=O)c2[nH]c(-c3ccc(OCC(=O)Nc4ccc(S(=O)(=O)c5ccccc5)cc4)cc3)cc2n(CCC)c1=O,tensor([6.5500])
CCCn1c(=O)c2[nH]c(-c3ccc(OC(CC)C(=O)Nc4ccccc4)cc3)cc2n(CCC)c1=O,tensor([7.5900])
CCCn1c(=O)c2[nH]c(-c3ccc(OCC(=O)Nc4ccc(C)cn4)cc3)cc2n(CCC)c1=O,tensor([6.5600])
CCCn1c(=O)c2[nH]c(-c3ccc(OCC(=O)Nc4ccc(Br)cc4)cc3)cc2n(CCC)c1=O,tensor([7.5100])
CC(Oc1ccc(-c2cc3c([nH]2)c(=O)n(C)c(=O)n3C)cc1)C(=O)Nc1ccccc1,tensor([7.3200])
CCCn1c(=O)c2nc(-c3cc(OCC(=O)c4ccc(Br)cc4)nn3C)[nH]c2n(CCC)c1=O,tensor([7.6000])
CCCn1c(=O)c2nc(-c3ccc(OCC(=O)c4ccc(I)cc4)cn3)[nH]c2n(CCC)c1=O,tensor([7.9600])
CCCn1c(=O)c2[nH]c(-c3ccc(OCC(=O)Nc4ccc(Cl)cc4)cc3)cc2n(CCC)c1=O,tensor([7.5000])
CCCn1c(=O)c2nc(-c3cc(OCC(=O)c4ccc(C(=O)OCC)cc4)nn3C)[nH]c2n(CCC)c1=O,tensor([7.4900])
COc1cc(-c2cc3c([nH]2)c(=O)n(C)c(=O)n3C)ccc1OCC(=O)Nc1ccccc1,tensor([6.5200])
CCCn1c(=O)c2[nH]c(-c3ccc(OCC(=O)Nc4ccccc4O)cc3)cc2n(CCC)c1=O,tensor([7.4900])
CCCn1c(=O)c2nc(-c3ccc(OCC(=O)Nc4ccc(Br)cc4)cc3)[nH]c2n(CCC)c1=O,tensor([5.7800])
CCCn1c(=O)c2[nH]c(-c3ccc(OCC(=O)Nc4ccc(C)cc4)cc3)c(Cl)c2n(CCC)c1=O,tensor([7.4900])
CCCn1c(=O)c2[nH]c(-c3ccc(OCC(=O)Nc4ccc(C(N)=O)cc4)cc3)cc2n(CCC)c1=O,tensor([7.6200])
CCCn1c(=O)c2[nH]c(-c3ccc(OCC(=O)Nc4ccccc4Cl)cc3)c(Cl)c2n(CCC)c1=O,tensor([6.5800])
CCCn1c(=O)c2[nH]c(-c3ccc(OC(CC)C(=O)Nc4ccc(Br)cc4)cc3)cc2n(CCC)c1=O,tensor([7.5000])
CCCn1c(=O)c2nc(-c3cc(OCC(=O)c4ccc(C)cc4)nn3C)[nH]c2n(CCC)c1=O,tensor([7.7200])
CCCn1c(=O)c2[nH]c(-c3ccc(OCC(=O)Nc4ccc(-c5ccccc5)cc4)cc3)cc2n(C)c1=O,tensor([5.5800])
CCCn1c(=O)c2[nH]c(-c3ccc(OCC(=O)Nc4ccc(OCc5ccccc5)cc4)cc3)cc2n(CCC)c1=O,tensor([7.7300])
CCCn1c(=O)c2[nH]c(-c3ccc(OCC(=O)c4c(NC(=O)O)[nH]c(=O)n(C)c4=O)cc3)cc2n(CCC)c1=O,tensor([7.8000])
CCOC(=O)COc1ccc(-c2cc3c([nH]2)c(=O)n(C)c(=O)n3C)cc1OC,tensor([5.4300])
COc1cc(-c2cc3c([nH]2)c(=O)n(C)c(=O)n3C)ccc1OCC(=O)Nc1ccc(F)cc1,tensor([7.3400])
CCCn1c(=O)c2[nH]c(-c3ccc(OCC(=O)Nc4ccc(OC)cc4)cc3)c(Cl)c2n(CCC)c1=O,tensor([7.3500])
CCCn1c(=O)c2[nH]c(-c3ccc(OCC(=O)Nc4ccc(F)cc4)cc3)cc2n(CCC)c1=O,tensor([7.9200])
Cn1c(=O)c2[nH]c(-c3ccc(OCC(=O)Nc4nncs4)cc3)cc2n(C)c1=O,tensor([7.7900])
CCCn1c(=O)c2[nH]c(-c3ccc(OCC(=O)Nc4ccc(CC(=O)O)cc4)cc3)cc2n(CCC)c1=O,tensor([6.6500])
COc1cccc(CNC(=O)COc2ccc(-c3cc4c([nH]3)c(=O)n(C)c(=O)n4C)cc2)c1,tensor([6.4800])
CCCn1c(=O)c2[nH]c(-c3ccc(OCC(=O)Nc4ccccc4)cc3)cc2n(CCC)c1=O,tensor([6.6500])
COc1cc(OCC(=O)Nc2ccccc2)ccc1-c1cc2c([nH]1)c(=O)n(C)c(=O)n2C,tensor([5.9800])
Cn1c(=O)c2[nH]c(-c3ccc(OCC(=O)Nc4ccc(C#N)cc4)cc3)cc2n(C)c1=O,tensor([7.3400])
Cn1c(=O)c2[nH]c(-c3ccc(OCC(=O)NCc4ccc(F)cc4)cc3)cc2n(C)c1=O,tensor([7.3600])
CCCn1c(=O)c2nc(-c3ccc(OCC(=O)Nc4ccc(F)cc4)cc3)[nH]c2n(CCC)c1=O,tensor([7.7800])
CCOC(=O)COc1ccc(-c2cc3c([nH]2)c(=O)n(C)c(=O)n3C)cc1,tensor([5.7100])
CCCn1c(=O)c2[nH]c(-c3ccc(OCC(=O)Nc4ccccc4)cc3)c(Br)c2n(CCC)c1=O,tensor([7.3700])
CCCn1c(=O)c2[nH]c(-c3ccc(OC(C)C(=O)NCc4ccc(Cl)cc4)cc3)cc2n(CCC)c1=O,tensor([7.3300])
COCCCn1c(=O)n(C)c(=O)c2[nH]c(-c3ccc(OCC(=O)O)cc3)cc21,tensor([4.9400])
CCCn1c(=O)c2nc(-c3cc(OCC(=O)c4ccc(F)cc4)nn3C)[nH]c2n(CCC)c1=O,tensor([7.9000])
CCCn1c(=O)c2[nH]c(-c3ccc(OCC(=O)Nc4ncccc4O)cc3)cc2n(CCC)c1=O,tensor([6.4900])
CCCn1c(=O)c2[nH]c(-c3ccc(OC(C)(C)C(=O)Nc4ccc(F)cc4)cc3)cc2n(CCC)c1=O,tensor([7.7700])
O=C(COc1ccc(-c2cc3c([nH]2)c(=O)n(CC2CC2)c(=O)n3CC2CC2)cc1)Nc1ccccc1,tensor([7.8100])
Cn1cc2c(nc(NC(=O)Nc3cc4ccccc4o3)n3nc(-c4ccco4)nc23)n1,tensor([7.2200])
Cn1cc2c(nc(NC(=O)Nc3cc[n+](C)cc3)n3nc(-c4ccco4)nc23)n1,tensor([6.5500])
Cn1cc2c(nc(NC(=O)Nc3cccnc3)n3nc(-c4ccco4)nc23)n1,tensor([6.9000])
Cn1cc2c(nc(NC(=O)Nc3cc[n+]([O-])cc3)n3nc(-c4ccco4)nc23)n1,tensor([6.8200])
Cn1cc2c(nc(NC(=O)Nc3ccc[n+]([O-])c3)n3nc(-c4ccco4)nc23)n1,tensor([7.1200])
Cn1cc2c(nc(NC(=O)Nc3ccc[n+](C)c3)n3nc(-c4ccco4)nc23)n1,tensor([7.3800])
Cc1ccc(NC(=O)Nc2nc3nn(C)cc3c3nc(-c4ccco4)nn23)s1,tensor([6.0400])
Cn1cc2c(nc(NC(=O)Nc3ccc4ccccc4n3)n3nc(-c4ccco4)nc23)n1,tensor([6.0900])
Cn1cc2c(nc(NC(=O)Nc3ccoc3)n3nc(-c4ccco4)nc23)n1,tensor([6.4000])
Cn1cc2c(nc(NC(=O)Nc3ccco3)n3nc(-c4ccco4)nc23)n1,tensor([6.4600])
Cn1cc2c(nc(NC(=O)Nc3ccccn3)n3nc(-c4ccco4)nc23)n1,tensor([6.8500])
Cn1cc2c(nc(NC(=O)Nc3cccc[n+]3C)n3nc(-c4ccco4)nc23)n1,tensor([7.1900])
Cc1sccc1NC(=O)Nc1nc2nn(C)cc2c2nc(-c3ccco3)nn12,tensor([6.3900])
Cn1cc2c(nc(NC(=O)Nc3cccc[n+]3[O-])n3nc(-c4ccco4)nc23)n1,tensor([6.9600])
CC(=O)Nc1nc2c(N)cccc2n2c(=O)n(-c3ccccc3)nc12,tensor([6.4300])
Nc1cccc2c1nc(NC(=O)C(c1ccccc1)c1ccccc1)c1nn(-c3ccccc3)c(=O)n12,tensor([6.2000])
O=C(Nc1nc2ccccc2n2c(=O)n(-c3ccccc3)nc12)c1ccccc1,tensor([7.0500])
Nc1cccc2c1nc(NC(=O)c1ccccc1)c1nn(-c3ccccc3)c(=O)n12,tensor([5.3100])
COc1ccc(-n2nc3c(NC(=O)c4ccccc4)nc4ccccc4n3c2=O)cc1,tensor([5.4500])
COc1ccc(-n2nc3c(NC(C)=O)nc4c(N)cccc4n3c2=O)cc1,tensor([5.9600])
O=C(NCC1CC1)C1SC(n2cnc3c(NCc4cccc(I)c4)nc(Cl)nc32)C(O)C1O,tensor([5.6500])
O=C(NC1CC1)C1SC(n2cnc3c(NC4CC4)nc(Cl)nc32)C(O)C1O,tensor([6.4900])
CCNC(=O)C1SC(n2cnc3c(NCc4cccc(I)c4)nc(Cl)nc32)C(O)C1O,tensor([6.5400])
CNC(=O)C1SC(n2cnc3c(NC4CCCC4)nc(Cl)nc32)C(O)C1O,tensor([6.0400])
CCNC(=O)C1SC(n2cnc3c(NC4CCCC4)nc(Cl)nc32)C(O)C1O,tensor([6.8300])
CCNC(=O)C1SC(n2cnc3c(NC4CC4)nc(Cl)nc32)C(O)C1O,tensor([6.2200])
Cc1ccccc1CNc1nc(Cl)nc2c1ncn2C1SC(C(=O)NCC2CC2)C(O)C1O,tensor([5.4100])
CNC(=O)C1SC(n2cnc3c(NC4CC4)nc(Cl)nc32)C(O)C1O,tensor([5.3100])
CCNC(=O)C1SC(n2cnc3c(NCc4ccccc4C)nc(Cl)nc32)C(O)C1O,tensor([6.3700])
CNc1nc(Cl)nc2c1ncn2C1SC(C(=O)NC2CC2)C(O)C1O,tensor([5.5600])
O=C(NC1CCC1)C1SC(n2cnc3c(NCc4cccc(I)c4)nc(Cl)nc32)C(O)C1O,tensor([6.2600])
O=C(NC1CC1)C1SC(n2cnc3c(NCc4cccc(I)c4)nc(Cl)nc32)C(O)C1O,tensor([6.4900])
CNC(=O)C1SC(n2cnc3c(NCc4ccccc4C)nc(Cl)nc32)C(O)C1O,tensor([5.8800])
Cc1ccccc1CNc1nc(Cl)nc2c1ncn2C1SC(C(=O)NC2CC2)C(O)C1O,tensor([6.7000])
CCCn1c(=O)[nH]c2[nH]c(-c3ccc(S(=O)(=O)NCc4ccccc4)cc3)nc2c1=O,tensor([6.7900])
Cn1c(=O)c2nc(-c3ccc(S(=O)(=O)NCCc4ccccc4)cc3)[nH]c2n(C)c1=O,tensor([7.4900])
CCCn1c(=O)[nH]c2[nH]c(-c3ccc(S(=O)(=O)NCCc4ccccc4)cc3)nc2c1=O,tensor([6.1100])
c1ccc(-c2nc(-c3ccccc3)c3[nH]c(-c4ccccc4)nc3n2)cc1,tensor([7.1800])
c1ccc(-c2nc(-c3ccccc3)c3nc(C4CCCC4)nc-3[nH]2)cc1,tensor([7.2600])
c1ccc(-c2nc(-c3ccccc3)c3nc(C4CCCCC4)nc-3[nH]2)cc1,tensor([6.9300])
Clc1ccc(-c2nc(-c3ccccc3)c3[nH]cnc3n2)cc1,tensor([6.5000])
c1ccc(-c2nc(-c3ccccc3)c3[nH]cnc3n2)cc1,tensor([7.2800])
CC(C)c1nc2[nH]c(-c3ccccc3)nc(-c3ccccc3)c-2n1,tensor([6.8300])
CCCc1nc2[nH]c(-c3ccccc3)nc(-c3ccccc3)c-2n1,tensor([6.7800])
Cc1ccc(-c2nc(-c3ccccc3)c3[nH]cnc3n2)cc1,tensor([6.5400])
CCCn1c(=O)c2nc(-c3cnn(Cc4ccc(F)cc4)c3)[nH]c2n(CCC)c1=O,tensor([6.9200])
CCCn1c(=O)c2nc(-c3cnn(Cc4cccc(Cl)c4)c3)[nH]c2n(CCC)c1=O,tensor([7.1000])
CCCn1c(=O)[nH]c(=O)c2nc[nH]c21,tensor([4.0900])
CCCn1c(=O)c2nc(-c3cnn(-c4ccccc4)c3)[nH]c2n(CCC)c1=O,tensor([6.2500])
CCn1c(=O)c2nc(-c3cnn(Cc4cccc(F)c4)c3)[nH]c2n(CC)c1=O,tensor([6.5400])
CCCn1c(=O)c2[nH]c(-c3cnn(Cc4ccccc4)c3)nc2n(CCC)c1=O,tensor([6.5400])
CCCn1c(=O)c2nc(-c3cnn(Cc4ccc(C)cc4)c3)[nH]c2n(CCC)c1=O,tensor([7.1000])
CCCn1c(=O)c2nc(-c3cnn(CCc4ccccc4)c3)[nH]c2n(CCC)c1=O,tensor([6.2400])
Cn1c(=O)c2nc(-c3cnn(Cc4cccc(C(F)(F)F)c4)c3)[nH]c2n(C)c1=O,tensor([6.1600])
CCCn1c(=O)c2nc(-c3cnn(Cc4ccc(Cl)cc4)c3)[nH]c2n(CCC)c1=O,tensor([7.0600])
CCn1c(=O)c2nc(-c3cnn(Cc4ccccc4)c3)[nH]c2n(CC)c1=O,tensor([6.9200])
CCCn1c(=O)c2nc(-c3cnn(Cc4cc(C(F)(F)F)ccc4Cl)c3)[nH]c2n(CCC)c1=O,tensor([5.8500])
Cn1c(=O)c2[nH]c(-c3cnn(Cc4cccc(F)c4)c3)nc2n(C)c1=O,tensor([6.7000])
CCCn1c(=O)c2nc(-c3cnn(Cc4ccc(OC)cc4)c3)[nH]c2n(CCC)c1=O,tensor([7.2100])
CCCn1c(=O)c2nc(-c3cnn(CCCc4ccccc4)c3)[nH]c2n(CCC)c1=O,tensor([6.6600])
CCCCn1c(=O)c2nc(-c3cnn(Cc4ccccc4)c3)[nH]c2n(CCCC)c1=O,tensor([6.0500])
CCCn1c(=O)c2nc(-c3cnn(Cc4ccccc4C)c3)[nH]c2n(CCC)c1=O,tensor([7.2900])
CC(C)Cn1c(=O)c2nc(-c3cnn(Cc4cccc(C(F)(F)F)c4)c3)[nH]c2n(CC(C)C)c1=O,tensor([5.3700])
CC(C)Cn1c(=O)c2nc(-c3cnn(Cc4cccc(F)c4)c3)[nH]c2n(CC(C)C)c1=O,tensor([5.8900])
CCCn1c(=O)c2nc(-c3cnn(Cc4ccccc4F)c3)[nH]c2n(CCC)c1=O,tensor([7.2200])
CCCn1c(=O)c2[nH]c(-c3cnn(Cc4cccc(C(F)(F)F)c4)c3)nc2n(CCC)c1=O,tensor([6.4000])
Cn1c(=O)c2nc(-c3cnn(Cc4ccccc4)c3)[nH]c2n(C)c1=O,tensor([5.4600])
CCCn1c(=O)c2nc(-c3cnn(Cc4cccc(C)c4F)c3)[nH]c2n(CCC)c1=O,tensor([6.3400])
CCCn1c(=O)c2nc(-c3cn[nH]c3)[nH]c2n(CCC)c1=O,tensor([6.6400])
CCCn1c(=O)c2nc(-c3cnn(Cc4ccccc4C(F)(F)F)c3)[nH]c2n(CCC)c1=O,tensor([6.6400])
CCn1c(=O)c2nc(-c3cnn(Cc4cccc(C(F)(F)F)c4)c3)[nH]c2n(CC)c1=O,tensor([6.3500])
CC(C)Cn1c(=O)c2nc(-c3cnn(Cc4ccccc4)c3)[nH]c2n(CC(C)C)c1=O,tensor([5.9600])
CCCn1c(=O)c2nc(-c3cnn(Cc4cccc(Cl)c4F)c3)[nH]c2n(CCC)c1=O,tensor([6.0600])
CCCn1c(=O)c2nc(-c3cnn(Cc4ccccc4Cl)c3)[nH]c2n(CCC)c1=O,tensor([7.3100])
CCCn1c(=O)c2[nH]c(-c3cnn(Cc4cccc(F)c4)c3)nc2n(CCC)c1=O,tensor([6.6400])
CCCn1c(=O)c2nc(-c3cnn(Cc4ccc(F)c(F)c4)c3)[nH]c2n(CCC)c1=O,tensor([6.5500])
CCCn1c(=O)c2nc(-c3cnn(Cc4ccc(C(F)(F)F)cc4)c3)[nH]c2n(CCC)c1=O,tensor([6.8200])
CCCn1c(=O)c2nc(-c3cnn(Cc4ccccc4OC)c3)[nH]c2n(CCC)c1=O,tensor([6.8500])
CCCn1c(=O)c2nc(-c3cnn(Cc4cc(Cl)ccc4Cl)c3)[nH]c2n(CCC)c1=O,tensor([7.1600])
CCCn1c(=O)c2nc(-c3cnn(Cc4cccc(C)c4)c3)[nH]c2n(CCC)c1=O,tensor([7.1800])
CCCn1c(=O)c2nc(-c3cnn(Cc4cccc(OC)c4)c3)[nH]c2n(CCC)c1=O,tensor([7.1600])
CCCn1c(=O)c2nc(-c3cnn(Cc4nc(-c5ccc(C)cc5)no4)c3)[nH]c2n(CCC)c1=O,tensor([5.5200])
CCCn1c(=O)c2nc(-c3cnn(Cc4cc(-c5ccccc5Cl)on4)c3)[nH]c2n(CCC)c1=O,tensor([5.5700])
CCCn1c(=O)c2nc(-c3cnn(Cc4noc(-c5ccccc5OC)n4)c3)[nH]c2n(CCC)c1=O,tensor([5.4700])
CCCn1c(=O)c2[nH]c(-c3cnn(Cc4noc(-c5ccccc5)n4)c3)nc2n(CCC)c1=O,tensor([5.7500])
CCCn1c(=O)c2nc(-c3cnn(CC(=O)Nc4ccccc4Cl)c3)[nH]c2n(CCC)c1=O,tensor([5.8200])
CCCn1c(=O)c2nc(-c3cnn(Cc4nc(-c5ccccc5OC)no4)c3)[nH]c2n(CCC)c1=O,tensor([5.8000])
CCCn1c(=O)c2nc(-c3cnn(Cc4nc(-c5ccc(Cl)cc5)no4)c3)[nH]c2n(CCC)c1=O,tensor([5.7500])
CCCn1c(=O)c2nc(-c3cnn(Cc4nc(-c5ccccc5)no4)c3)[nH]c2n(CCC)c1=O,tensor([5.9600])
CCCn1c(=O)c2nc(-c3cnn(Cc4noc(-c5ccccc5Cl)n4)c3)[nH]c2n(CCC)c1=O,tensor([5.6000])
CCCn1c(=O)c2[nH]c(-c3cnn(Cc4cc(-c5ccccc5)on4)c3)nc2n(CCC)c1=O,tensor([6.3800])
CCCn1c(=O)c2nc(-c3cnn(Cc4cc(-c5ccc(C(F)(F)F)cc5)on4)c3)[nH]c2n(CCC)c1=O,tensor([5.7700])
CCCn1c(=O)c2nc(-c3cnn(Cc4nc(-c5ccccc5Cl)no4)c3)[nH]c2n(CCC)c1=O,tensor([5.6000])
CCCn1c(=O)c2nc(-c3cnn(Cc4cc(-c5ccc(Cl)cc5)on4)c3)[nH]c2n(CCC)c1=O,tensor([5.9200])
CNc1nc(C#Cc2ccccc2)nc2c1ncn2C1OC(CO)C(O)C1O,tensor([5.0700])
CNc1nc(-n2cc(-c3cccnc3)cn2)nc2c1ncn2C1OC(CO)C(O)C1O,tensor([5.3900])
CNC(=O)c1cnn(-c2nc(N)c3ncn(C4OC(CO)C(O)C4O)c3n2)c1,tensor([6.5300])
COc1ccc(-c2cnn(-c3nc(N)c4ncn(C5OC(CO)C(O)C5O)c4n3)c2)cc1,tensor([6.7200])
CNc1nc(-n2cc(C(=O)NCc3ccc(Cl)cc3)cn2)nc2c1ncn2C1OC(CO)C(O)C1O,tensor([5.4000])
CCNc1nc(-n2cc(-c3ccc(OC)cc3)cn2)nc2c1ncn2C1OC(CO)C(O)C1O,tensor([5.4000])
CCNc1nc(-n2cc(-c3ccccn3)cn2)nc2c1ncn2C1OC(CO)C(O)C1O,tensor([5.7500])
COc1ccc(-c2cnn(-c3nc(NCc4cccc(I)c4)c4ncn(C5OC(CO)C(O)C5O)c4n3)c2)cc1,tensor([5.4000])
CNc1nc(-n2cc(-c3nc4ccccc4o3)cn2)nc2c1ncn2C1OC(CO)C(O)C1O,tensor([5.6000])
Nc1nc(C#Cc2ccccc2)nc2c1ncn2C1OC(CO)C(O)C1O,tensor([6.4400])
Nc1nc(-c2cnn(Cc3ccccc3)c2)nc2c1ncn2C1OC(CO)C(O)C1O,tensor([8.8200])
OCC1OC(n2cnc3c(NCc4cccc(I)c4)nc(-n4cc(-c5nccc6ccccc56)cn4)nc32)C(O)C1O,tensor([7.2800])
CCCNc1nc(-n2cc(-c3ccc(OC)cc3)cn2)nc2c1ncn2C1OC(CO)C(O)C1O,tensor([5.4800])
Cn1c(-n2nccn2)nc2c(N)ncnc21,tensor([7.3300])
Nc1nc(NCCc2ccc(O)cc2)nc2nc(-c3ccco3)nn12,tensor([10.])
CCCCc1nc(N)c2nc(-n3nccn3)n(C)c2n1,tensor([8.1800])
CCCCCc1nc(N)c2nc(-n3nccn3)n(C)c2n1,tensor([8.4800])
Cn1c(-n2nccn2)nc2c(N)nccc21,tensor([7.2900])
CCn1c(=O)c2c(nc(C=Cc3ccc(OC)c(OC)c3)n2C)n(CC)c1=O,tensor([8.6600])
O=c1[nH]c(=O)c2nc3ccccc3nc2[nH]1,tensor([6.0300])
CCCc1nc(N)c2nc(-n3nccn3)n(C)c2n1,tensor([7.0800])
Cc1nc(N)c2nc(-n3nccn3)n(C)c2n1,tensor([7.1500])
Cn1c(-n2nccn2)nc2c(N)nc(CCc3ccccc3)nc21,tensor([8.3300])
Cc1cc2c(nc(-n3nccn3)n2C)c(N)n1,tensor([6.9200])
Cc1ccc2c(S)c(Cc3ccccc3)cnc2n1,tensor([5.0400])
Cc1ccc2c(N=[N+]=[N-])c(Cc3ccccc3)cnc2n1,tensor([5.2700])
Cc1ccc2c(O)c(C(=O)NCc3ccc(F)cc3)cnc2n1,tensor([6.9400])
Cc1ccc2c(O)c(C(=O)NC3CCCCC3)cnc2n1,tensor([6.0800])
Nc1ccc2c(O)c(C(=O)NCc3ccc(Cl)cc3)cnc2n1,tensor([6.3000])
Cc1ccc2c(O)c(C(=O)NCCC(C)C)cnc2n1,tensor([6.1900])
COc1ccc(CNC(=O)c2cnc3nc(C)ccc3c2O)cc1,tensor([5.6200])
Cc1ccc2c(O)c(C(=O)NCCc3ccccc3)cnc2n1,tensor([6.8200])
Cc1ccc2c(O)c(C(=O)NCc3ccc(Cl)cc3)cnc2n1,tensor([6.8200])
Cc1ccc2c(O)c(C(=O)NN3CCN(C)CC3)cnc2n1,tensor([5.7600])
Nc1ccc2c(O)c(C(=O)NCc3ccccc3)cnc2n1,tensor([6.8000])
Cc1ccc(CNC(=O)c2cnc3nc(C)ccc3c2O)cc1,tensor([6.8000])
Cc1ccc2c(O)c(C(=O)NCc3ccco3)cnc2n1,tensor([7.4600])
Cc1ccc2c(O)c(C(=O)NC3CCC(C)CC3)cnc2n1,tensor([6.4400])
Cc1ccc2c(O)c(Cc3ccccc3)cnc2n1,tensor([5.4800])
Cc1ccc2c(O)c(C(=O)NC(C)c3ccccc3)cnc2n1,tensor([6.9400])
Cc1ccc2c(O)c(Cc3ccccc3Cl)cnc2n1,tensor([6.0100])
Cc1ccc2c(O)c(CC(=O)NC3CCCCC3)cnc2n1,tensor([5.1500])
Cc1ccc2c(O)c(CC(=O)NCc3ccccc3)cnc2n1,tensor([6.0600])
COc1ccccc1CN1CCCn2c1nc1c2c(=O)n(C)c(=O)n1C,tensor([4.9500])
CNc1nc(Cl)nc2c1ncn2C1SCC(O)C1O,tensor([7.3500])
OC1CSC(n2cnc3c(NCc4ccccc4Cl)nc(Cl)nc32)C1O,tensor([5.8000])
OC1CSC(n2cnc3c(NCc4cccc(I)c4)nc(Cl)nc32)C1O,tensor([6.4700])
O=C1NCCC12OC(n1cnc3c(NCc4cccc(I)c4)ncnc31)C(O)C2O,tensor([4.5300])
OCc1cnn(-c2nc(Nc3ccccn3)c3ncn(C4OC(CO)C(O)C4O)c3n2)c1,tensor([5.9300])
OCc1cnn(-c2nc(Nc3ccncc3)c3ncn(C4OC(CO)C(O)C4O)c3n2)c1,tensor([5.8300])
CNC(=O)c1cnn(-c2nc(NC3CCCO3)c3ncn(C4OC(CO)C(O)C4O)c3n2)c1,tensor([6.1400])
OCc1cnn(-c2nc(Nc3ncc4ccccc4n3)c3ncn(C4OC(CO)C(O)C4O)c3n2)c1,tensor([6.4500])
CCOC(=O)c1cnn(-c2nc(NC3CCCO3)c3ncn(C4OC(CO)C(O)C4O)c3n2)c1,tensor([5.6200])
OCc1cnn(-c2nc(Nc3ccc4ccccc4n3)c3ncn(C4OC(CO)C(O)C4O)c3n2)c1,tensor([6.6200])
OCc1cnn(-c2nc(Nc3cnccn3)c3ncn(C4OC(CO)C(O)C4O)c3n2)c1,tensor([5.9300])
CCNC(=O)c1cnn(-c2nc(NC3CCCO3)c3ncn(C4OC(CO)C(O)C4O)c3n2)c1,tensor([5.8500])
Cc1ccc(Nc2nc(-n3cc(CO)cn3)nc3c2ncn3C2OC(CO)C(O)C2O)cc1,tensor([5.6300])
CC(=O)Nc1nc2ccccc2c2cn(-c3ccc(C)cc3)nc12,tensor([5.8200])
Nc1nc2ccccc2c2cn(-c3ccccc3)nc12,tensor([7.0400])
COc1ccc(-n2cc3c(n2)c(N)nc2ccccc23)cc1,tensor([5.9700])
Cc1ccc(-n2cc3c(n2)c(N)nc2ccccc23)cc1,tensor([6.4800])
COc1cccc(-n2cc3c(n2)c(N)nc2ccccc23)c1,tensor([6.3100])
Cc1cccc(-n2cc3c(n2)c(NC(=O)c2ccccc2)nc2ccccc23)c1,tensor([5.5400])
Cn1c(=O)c2c(nc3n2CCCN3CCc2ccc(O)cc2)n(C)c1=O,tensor([6.2000])
Cn1c(=O)c2c(nc3n2CCCN3CCc2c[nH]c3ccccc23)n(C)c1=O,tensor([5.3400])
O=C(NCc1ccccc1)Nc1nc2ccccc2n2c(=O)c(-c3ccccc3)nn12,tensor([6.9200])
Nc1nc2ccc(Cl)cc2n2c(=O)c(-c3ccc(Cl)cc3)nn12,tensor([7.1700])
Nc1nc2ccccc2n2c(=O)c(-c3ccc(F)cc3)nn12,tensor([7.7000])
Cc1ccc(-c2nn3c(N)nc4ccccc4n3c2=O)cc1,tensor([7.3000])
COc1ccc(NC(=O)Nc2nc3ccccc3n3c(=O)c(-c4ccccc4)nn23)cc1,tensor([6.5800])
COc1ccc(-c2nn3c(N)nc4ccccc4n3c2=O)cc1,tensor([8.0500])
Nc1nc2ccccc2n2c(=O)c(-c3ccc(Cl)cc3)nn12,tensor([6.3100])
Cc1ccc(-c2nn3c(N)nc4ccc(Cl)cc4n3c2=O)cc1,tensor([8.6400])
Nc1nc2ccc(Cl)cc2n2c(=O)c(-c3ccccc3)nn12,tensor([8.3300])
O=C(Nc1nc2ccccc2n2c(=O)c(-c3ccccc3)nn12)c1ccccc1,tensor([5.9900])
O=C(Nc1ccccc1)Nc1nc2ccccc2n2c(=O)c(-c3ccccc3)nn12,tensor([6.3400])
O=C(c1ccccc1)N(C(=O)c1ccccc1)c1nc2ccccc2n2c(=O)c(-c3ccccc3)nn12,tensor([5.3200])
O=C(Nc1cccc(Cl)c1)Nc1nc2ccccc2n2c(=O)c(-c3ccccc3)nn12,tensor([6.2000])
OCC1OC(n2cnc3c(NC4CC5CCC4N5)ncnc32)C(O)C1O,tensor([5.1100])
CC(C)(C)OC(=O)N1C2CCC1C(Nc1ncnc3c1ncn3C1OC(CO)C(O)C1O)C2,tensor([4.4600])
OCC1OC(n2cnc3c(NC4CCSC4)ncnc32)C(O)C1O,tensor([5.0100])
OCC1OC(n2cnc3c(NC4CC[Se]C4)ncnc32)C(O)C1O,tensor([5.2600])
COc1ccc(N2CCN(CCn3cnc4c3nc(N)n3nc(-c5ccco5)nc43)CC2)cc1,tensor([10.])
Nc1nc2c(ncn2Cc2ccccc2C(F)(F)F)c2nc(-c3ccco3)nn12,tensor([8.3400])
Nc1nc2c(ncn2CCc2ccccc2)c2nc(-c3ccco3)nn12,tensor([8.3900])
CCCn1cnc2c1nc(N)n1nc(-c3ccco3)nc21,tensor([8.2300])
COCCOc1ccc(N2CCN(CCn3cnc4c3nc(N)n3nc(-c5ccccc5F)nc43)CC2)cc1,tensor([8.0300])
Nc1nc2c(ncn2CCN2CCC(c3ccc(F)cc3)CC2)c2nc(-c3ccco3)nn12,tensor([9.0500])
Nc1nc2c(ncn2CCN2CCN(c3nccs3)CC2)c2nc(-c3ccco3)nn12,tensor([8.7700])
Nc1nc2c(ncn2CCN2CCN(c3ccccc3)CC2)c2nc(-c3ccco3)nn12,tensor([8.7700])
COCCOc1ccc(N2CCN(CCn3cnc4c3nc(N)n3nc(-c5ccccn5)nc43)CC2)cc1,tensor([7.9000])
Cc1ccc(N2CCN(CCn3cnc4c3nc(N)n3nc(-c5ccco5)nc43)CC2)nc1,tensor([9.])
COCCOc1ccc(N2CCN(CCn3cnc4c3nc(N)n3nc(-c5ccco5)nc43)CC2)c(F)c1,tensor([9.1000])
COCCOc1ccc(N2CCN(CCn3cnc4c3nc(N)n3nc(-c5ccccc5)nc43)CC2)cc1,tensor([8.4300])
COCCOc1ccc(N2CCN(CCn3cnc4c3nc(N)n3nc(-c5ccccc5C)nc43)CC2)cc1,tensor([7.6900])
COCCOc1ccc(N2CCN(CCn3cnc4c3nc(N)n3nc(-c5ccccc5C(F)(F)F)nc43)CC2)cc1,tensor([8.])
Nc1nc2c(ncn2CCN2CCN(c3ccc(Cl)cn3)CC2)c2nc(-c3ccco3)nn12,tensor([9.0500])
COCCOc1ccc(N2CCN(CCn3cnc4c3nc(N)n3nc(-c5ccco5)nc43)CC2)cc1,tensor([9.0500])
Nc1nc2c(ncn2CCN2CCN(c3ncc(F)cn3)CC2)c2nc(-c3ccco3)nn12,tensor([8.8500])
Nc1nc2c(ncn2Cc2ccccc2Br)c2nc(-c3ccco3)nn12,tensor([8.3400])
Nc1nc2c(ncn2Cc2ccccc2)c2nc(-c3ccco3)nn12,tensor([8.8200])
COCCOc1ccc(N2CCN(CCn3cnc4c3nc(N)n3nc(-c5cccc[n+]5[O-])nc43)CC2)cc1,tensor([7.0500])
COCCOc1ccc(C2CCN(CCn3cnc4c3nc(N)n3nc(-c5ccco5)nc43)CC2)cc1,tensor([9.1500])
Nc1nc2c(ncn2CCN2CCN(c3ccc(Cl)cc3F)CC2)c2nc(-c3ccco3)nn12,tensor([9.5200])
Nc1nc2c(ncn2CCN2CCN(c3cccc(Cl)c3)CC2)c2nc(-c3ccco3)nn12,tensor([9.4000])
COCCOc1ccc(N2CCN(CCn3cnc4c3nc(N)n3nc(-c5cccc(F)c5)nc43)CC2)cc1,tensor([8.7000])
COCCOc1ccc(N2CCN(CCn3cnc4c3nc(N)n3nc(-c5ccco5)nc43)CC2)c(C(F)(F)F)c1,tensor([9.4000])
Nc1nc2c(ncn2CCN2CCN(c3ccc(F)cc3F)CC2)c2nc(-c3ccco3)nn12,tensor([9.1500])
Nc1nc2c(ncn2CCN2CCOCC2)c2nc(-c3ccco3)nn12,tensor([8.2000])
Nc1nc2c(cnn2CCN2CCN(c3ccc(F)cc3F)CC2)c2nc(-c3ccco3)nn12,tensor([9.2200])
COC(C)COc1ccc(N2CCN(CCn3ncc4c3nc(N)n3nc(-c5ccco5)nc43)CC2)cc1,tensor([8.8000])
COCCCOc1ccc(N2CCN(CCn3ncc4c3nc(N)n3nc(-c5ccco5)nc43)CC2)cc1,tensor([9.2200])
Nc1nc2c(cnn2CCN2CCN(c3c(F)cc(F)cc3F)CC2)c2nc(-c3ccco3)nn12,tensor([8.9600])
Nc1nc2c(cnn2CCN2CCN(c3ccc(OCCO)cc3)CC2)c2nc(-c3ccco3)nn12,tensor([9.2200])
CC(=O)COc1ccc(N2CCN(CCn3ncc4c3nc(N)n3nc(-c5ccco5)nc43)CC2)cc1,tensor([9.1000])
N#Cc1ccc(N2CCN(CCn3ncc4c3nc(N)n3nc(-c5ccco5)nc43)CC2)cc1,tensor([8.6800])
C[S+]([O-])COc1ccc(N2CCN(CCn3ncc4c3nc(N)n3nc(-c5ccco5)nc43)CC2)cc1,tensor([8.6600])
Nc1nc2c(cnn2CCN2CCN(c3ccccc3)CC2)c2nc(-c3ccco3)nn12,tensor([8.8000])
Nc1nc2c(cnn2CCN2CCN(c3ccc(F)cc3)CC2)c2nc(-c3ccco3)nn12,tensor([9.])
CCOc1ccc(N2CCN(CCn3ncc4c3nc(N)n3nc(-c5ccco5)nc43)CC2)cc1,tensor([8.8500])
Nc1nc2c(cnn2CCN2CCN(c3ccc(Cl)cc3)CC2)c2nc(-c3ccco3)nn12,tensor([9.3000])
Nc1nc2c(cnn2CCN2CCN(c3ccc(F)c(F)c3)CC2)c2nc(-c3ccco3)nn12,tensor([8.8500])
COCCOc1ccc(N2CCN(CCn3ncc4c3nc(N)n3nc(-c5ccco5)nc43)CC2)c(F)c1,tensor([9.4000])
Nc1nc2c(cnn2CCN2CCN(c3ccc(F)c(F)c3F)CC2)c2nc(-c3ccco3)nn12,tensor([9.2200])
Nc1nc2c(cnn2CCN2CCN(c3ccccc3F)CC2)c2nc(-c3ccco3)nn12,tensor([9.2200])
Nc1nc2c(cnn2CCN2CCN(c3ccc(OCCOC4CC4)cc3)CC2)c2nc(-c3ccco3)nn12,tensor([9.2200])
Nc1nc2c(cnn2CCN2CCN(c3ccc(O)cc3)CC2)c2nc(-c3ccco3)nn12,tensor([8.8900])
CC(C)(C)c1nc2c(-c3ccccc3)cc(-c3ccccc3)nc2[nH]1,tensor([5.9800])
c1ccc(-c2cc(-c3ccccc3)c3nc[nH]c3n2)cc1,tensor([7.4100])
CC(C)Cc1nc2c(-c3ccccc3)cc(-c3ccccc3)nc2[nH]1,tensor([6.7200])
CC(C)c1nc2c(-c3ccccc3)cc(-c3ccccc3)nc2[nH]1,tensor([6.6400])
CCc1nc2c(-c3ccccc3)cc(-c3ccccc3)nc2[nH]1,tensor([6.7500])
Oc1nc2c(-c3ccccc3)cc(-c3ccccc3)nc2[nH]1,tensor([6.7200])
CCC(CC)c1nc2c(-c3ccccc3)cc(-c3ccccc3)nc2[nH]1,tensor([6.6100])
c1ccc(-c2cc(-c3ccccc3)c3nc(C4CCCCC4)[nH]c3n2)cc1,tensor([6.7100])
Cc1nc2c(-c3ccccc3)cc(-c3ccccc3)nc2[nH]1,tensor([6.4300])
CCCn1c(=O)c2nc(C34CCC(C=CC(=O)O)(CC3)CC4)[nH]c2n(CCC)c1=O,tensor([5.4800])
CCCn1c(=O)c2nc(C34CCC(CCC(=O)O)(CC3)CC4)[nH]c2n(CCC)c1=O,tensor([5.1900])
CCCn1c(=O)c2nc(C3CC4CC3C3OC43)[nH]c2n(CCC)c1=O,tensor([5.7800])
CCCCNC(=O)C1CCC(c2nc3c(=O)n(CCC)c(=O)n(CCC)c3[nH]2)CC1,tensor([5.6500])
CCCn1c(=O)c2nc(C34CCC(C(=O)NCCN(C)C)(CC3)CC4)[nH]c2n(CCC)c1=O,tensor([6.8800])
CCCn1c(=O)c2nc(C34CCC(C=O)(CC3)CC4)[nH]c2n(CCC)c1=O,tensor([6.1000])
CCCn1c(=O)c2nc(C3CCC(NC(=O)OCc4ccccc4)CC3)[nH]c2n(CCC)c1=O,tensor([5.5300])
CCCn1c(=O)c2nc(C34CCC(CO)(CC3)CC4)[nH]c2n(CCC)c1=O,tensor([6.3800])
CCCn1c(=O)c2nc(C34CC5CC(C3)C(C5)C4)[nH]c2n(CCC)c1=O,tensor([6.1700])
CCCn1c(=O)c2nc(C34CCC(C(=O)NCCC(=O)OC)(CC3)CC4)[nH]c2n(CCC)c1=O,tensor([5.8500])
CCCn1c(=O)c2nc(C3CCC(CO)CC3)[nH]c2n(CCC)c1=O,tensor([6.5000])
CCCn1c(=O)c2nc(C3CCC(C(=O)NCCN(C)C)CC3)[nH]c2n(CCC)c1=O,tensor([6.7800])
CCCn1c(=O)c2nc(C34CCC(C(=O)NCC(=O)OC)(CC3)CC4)[nH]c2n(CCC)c1=O,tensor([6.1700])
CCCn1c(=O)c2nc(C34CCC(C(=O)NCC(=O)O)(CC3)CC4)[nH]c2n(CCC)c1=O,tensor([5.1000])
CCCn1c(=O)c2nc(C34CCC(C(=O)O)(CC3)CC4)[nH]c2n(CCC)c1=O,tensor([5.9700])
CCCn1c(=O)c2nc(C34CCC(C(=O)OC)(CC3)CC4)[nH]c2n(CCC)c1=O,tensor([6.0400])
CCCn1c(=O)c2nc(C3CCC(COCc4ccccc4)CC3)[nH]c2n(CCC)c1=O,tensor([5.5700])
CCCn1c(=O)c2nc(C34CCC(C(=O)N5CCC(C(=O)O)CC5)(CC3)CC4)[nH]c2n(CCC)c1=O,tensor([5.1100])
COc1ccc(Cl)c(CNc2nc(-n3cc(CC4CCCC4)nn3)nc3c2ncn3C2OC(CO)C(O)C2O)c1,tensor([5.2200])
COc1ccc(Cl)c(CNc2nc(N=[N+]=[N-])nc3c2ncn3C2OC(CO)C(O)C2O)c1,tensor([5.7500])
CCCn1c(=O)c2nc(C34CCC(O)(CC3)CC4)[nH]c2n(CCC)c1=O,tensor([6.2600])
CCCN1C(=O)N2CC(C(C)C)N=C2c2[nH]c(C34CCC(O)(CC3)CC4)nc21,tensor([5.8000])
CCCN1C(=O)N2CC(C(C)C)N=C2c2[nH]c(C34CCC(CCC(=O)O)(CC3)CC4)nc21,tensor([4.7500])
CCCN1C(=O)N2CC(CC)N=C2c2[nH]c(C34CCC(O)(CC3)CC4)nc21,tensor([5.3600])
CCNC(=O)C1OC(n2cnc3c(NNC(=O)c4ccc(C)s4)ncnc32)C(O)C1O,tensor([5.6800])
CCNC(=O)C1OC(n2cnc3c(NNC(=O)c4ccc(C)s4)nc(Cl)nc32)C(O)C1O,tensor([5.3900])
CCNC(=O)C1OC(n2cnc3c(NNC(=O)c4ccc[nH]4)nc(Cl)nc32)C(O)C1O,tensor([5.5000])
CCNC(=O)C1OC(n2cnc3c(NNC(=O)Cc4cccs4)nc(Cl)nc32)C(O)C1O,tensor([6.2000])
CCNC(=O)C1OC(n2cnc3c(NNC(=O)c4ccc(C)o4)ncnc32)C(O)C1O,tensor([5.8000])
CCNC(=O)C1OC(n2cnc3c(NNC(=O)c4ccco4)ncnc32)C(O)C1O,tensor([5.8100])
CCNC(=O)C1OC(n2cnc3c(NNC(=O)c4ccco4)nc(Cl)nc32)C(O)C1O,tensor([5.3000])
CCNC(=O)C1OC(n2cnc3c(NNC(=O)c4ccsc4)nc(Cl)nc32)C(O)C1O,tensor([5.4800])
CCNC(=O)C1OC(n2cnc3c(NNC(=O)c4ccc(Br)o4)ncnc32)C(O)C1O,tensor([5.9200])
CCNC(=O)C1OC(n2cnc3c(NNC(=O)c4sccc4C)nc(Cl)nc32)C(O)C1O,tensor([5.4200])
CCNC(=O)C1OC(n2cnc3c(NNC(=O)c4cccs4)nc(Cl)nc32)C(O)C1O,tensor([5.7700])
CSc1nc(N)nc(-c2cccc(-c3ccc4[nH]ccc4c3)c2)n1,tensor([7.5100])
Fc1ccc(CNc2nc(-c3ccc(Cl)cc3)cc(C(F)(F)F)n2)cc1,tensor([6.3400])
CCSc1nc(N)nc(-c2ccccc2)n1,tensor([8.3000])
N#Cc1c(-c2ccc(Cl)cc2)cc(-c2ccccc2Cl)nc1N,tensor([6.3900])
COc1ccc(-c2cccc(-c3nc(N)nc(SC)n3)c2)cn1,tensor([7.6400])
Fc1ccc(CNc2nc(-c3ccccc3)cc(C(F)(F)F)n2)cc1,tensor([6.5400])
N#Cc1c(-c2ccc(F)cc2)cc(C2CC2)nc1N,tensor([6.9700])
COc1cc(-c2cc(-c3ccc(O)cc3)nc(N)c2C#N)ccc1O,tensor([6.8200])
N#Cc1c(-c2ccc(Cl)c(Cl)c2)cc(-c2cccnc2)nc1N,tensor([6.6800])
Fc1ccc(CNc2nc(-c3cccs3)cc(C(F)(F)F)n2)cc1,tensor([6.5400])
N#Cc1c(-c2ccccc2Cl)cc(-c2ccccc2)nc1N,tensor([7.0500])
CCOc1cc(-c2cc(-c3ccc(O)cc3)nc(N)c2C#N)ccc1O,tensor([6.5700])
COc1cccc(-c2cc(C(F)(F)F)nc(NCc3ccc(F)cc3)n2)c1,tensor([6.5400])
N#Cc1c(-c2ccc(Cl)cc2)cc(-c2ccccc2)nc1N,tensor([6.7000])
N#Cc1c(N)nc2c(c1-c1ccc(F)cc1)CCC2,tensor([6.6300])
N#Cc1c(-c2ccc(F)cc2)cc(-c2ccccc2)nc1N,tensor([7.0600])
CNC(=O)C1OC(n2cnc3c(NOC)nc(C#Cc4ccccc4)nc32)C(O)C1O,tensor([4.7900])
CCNC(=O)C1OC(n2cnc3c(NOC)nc(I)nc32)C(O)C1O,tensor([5.2800])
CONc1nc(C#Cc2cccc(C(F)(F)F)c2)nc2c1ncn2C1OC(CO)C(O)C1O,tensor([5.0800])
CONc1nc(C#Cc2cccnc2)nc2c1ncn2C1OC(CO)C(O)C1O,tensor([4.9000])
CONc1nc(C#CCC(C)O)nc2c1ncn2C1OC(CO)C(O)C1O,tensor([6.1200])
CCNC(=O)C1OC(n2cnc3c(N)nc(C#Cc4ccccc4)nc32)C(O)C1O,tensor([6.2100])
CNC(=O)C1OC(n2cnc3c(NOC)nc(C#Cc4ccc(C)cc4)nc32)C(O)C1O,tensor([4.8300])
CONc1nc(C#CC2CCCCC2O)nc2c1ncn2C1OC(CO)C(O)C1O,tensor([7.0400])
CONc1nc(C#C[Si](C)(C)C)nc2c1ncn2C1OC(CO)C(O)C1O,tensor([5.2400])
CONc1nc(C#Cc2ccc(CC#N)cc2)nc2c1ncn2C1OC(CO)C(O)C1O,tensor([5.5100])
CONc1nc(C#Cc2ccc(C(N)=O)cc2)nc2c1ncn2C1OC(CO)C(O)C1O,tensor([5.5000])
CCCCCc1ccc(C#Cc2nc(NOC)c3ncn(C4OC(C(=O)NC)C(O)C4O)c3n2)cc1,tensor([4.5000])
CCC(=O)C1OC(n2cnc3c(N)nc(C#Cc4ccccc4)nc32)C(O)C1O,tensor([5.7500])
CONc1nc(C#Cc2ccc(F)cc2)nc2c1ncn2C1OC(CO)C(O)C1O,tensor([5.4000])
CCCCC#Cc1nc(NOC)c2ncn(C3OC(CO)C(O)C3O)c2n1,tensor([6.5700])
CNC(=O)C1OC(n2cnc3c(NOC)nc(C#Cc4ccc(F)cc4)nc32)C(O)C1O,tensor([4.7300])
C#Cc1nc(NOC)c2ncn(C3OC(CO)C(O)C3O)c2n1,tensor([5.5000])
CCNC(=O)C1OC(n2cnc3c(NOC)nc(C#Cc4ccccn4)nc32)C(O)C1O,tensor([5.1900])
CONc1nc(C#Cc2ccccn2)nc2c1ncn2C1OC(CO)C(O)C1O,tensor([5.5300])
CCNC(=O)C1OC(n2cnc3c(NOC)nc(C#Cc4ccc(F)cc4)nc32)C(O)C1O,tensor([5.2000])
CCCCCc1ccc(C#Cc2nc(NOC)c3ncn(C4OC(CO)C(O)C4O)c3n2)cc1,tensor([5.1900])
CONc1nc(C#Cc2ccc(C(C)=O)cc2)nc2c1ncn2C1OC(CO)C(O)C1O,tensor([5.5700])
CONc1nc(C#Cc2ccncc2)nc2c1ncn2C1OC(CO)C(O)C1O,tensor([5.2000])
CCNC(=O)C1OC(n2cnc3c(NOC)nc(C#Cc4ccc(C)cc4)nc32)C(O)C1O,tensor([5.3400])
CONc1nc(C#CCCCC#N)nc2c1ncn2C1OC(CO)C(O)C1O,tensor([5.7400])
CNC(=O)C1OC(n2cnc3c(NOC)nc(C#Cc4ccc(C(C)=O)cc4)nc32)C(O)C1O,tensor([4.9800])
CCNC(=O)C1OC(n2cnc3c(NOC)nc(C#Cc4ccccc4)nc32)C(O)C1O,tensor([5.1800])
CCCCCc1ccc(C#Cc2nc(NOC)c3ncn(C4OC(C(=O)NCC)C(O)C4O)c3n2)cc1,tensor([4.5700])
CONc1nc(C#Cc2ccc(OC)cc2)nc2c1ncn2C1OC(CO)C(O)C1O,tensor([5.7500])
CNC(=O)C1OC(n2cnc3c(NOC)nc(C#Cc4ccccn4)nc32)C(O)C1O,tensor([4.7500])
CONc1nc(C#Cc2ccccc2)nc2c1ncn2C1OC(CO)C(O)C1O,tensor([5.3700])
CONc1nc(C#Cc2ccc(C)cc2)nc2c1ncn2C1OC(CO)C(O)C1O,tensor([4.4600])
CONc1nc(I)nc2c1ncn2C1OC(CO)C(O)C1O,tensor([4.9100])
CNC(=O)C1OC(n2cnc3c(NOC)nc(I)nc32)C(O)C1O,tensor([4.9200])
CCNC(=O)C1OC(n2cnc3c(NOC)nc(C#Cc4ccc(C(C)=O)cc4)nc32)C(O)C1O,tensor([5.3800])
O=C(Nc1cc(-c2ccccc2)nc(-c2ccccc2)n1)C1CCCCC1,tensor([6.6800])
O=C(Nc1cc(-c2ccccc2)nc(-c2ccccc2)n1)C1CC1,tensor([6.7200])
CC(=O)Nc1cc(-c2ccccc2)nc(-c2ccccc2)n1,tensor([6.3100])
CC(C)CC(=O)Nc1cc(-c2ccccc2)nc(-c2ccccc2)n1,tensor([6.8000])
CCCC(=O)Nc1cc(-c2ccccc2)nc(-c2ccccc2)n1,tensor([6.9100])
O=C(Nc1nc(-c2ccccc2)cc(-c2ccccc2)n1)C1CC1,tensor([6.6400])
CCC(C)C(=O)Nc1cc(-c2ccccc2)nc(-c2ccccc2)n1,tensor([6.0500])
CCC(=O)Nc1cc(-c2ccccc2)nc(-c2ccccc2)n1,tensor([7.0900])
CC(C)C(=O)Nc1cc(-c2ccccc2)nc(-c2ccccc2)n1,tensor([6.4200])
CCC(CC)C(=O)Nc1cc(-c2ccccc2)nc(-c2ccccc2)n1,tensor([6.4200])
O=C(Nc1cc(-c2ccccc2)nc(-c2ccccc2)n1)C1CCC1,tensor([6.7500])
NNc1nc(OCCc2c[nH]c3cc(Br)ccc23)nc2c1ncn2C1OC(CO)C(O)C1O,tensor([5.6900])
O=C(COc1ccc(Nc2nc(OCCc3c[nH]c4cc(Br)ccc34)nc3c2ncn3C2OC(CO)C(O)C2O)cc1)Nc1ccccc1,tensor([5.9400])
Nc1nc(-c2ccco2)c2ncn(C(=O)NCc3ccc(F)cc3)c2n1,tensor([9.])
Nc1nc(-c2ccco2)c2cnn(Cc3ccco3)c2n1,tensor([7.4400])
CSc1nc(-c2ccco2)c2ncn(C(=O)NCc3ccccc3)c2n1,tensor([7.8900])
Nc1nc(-c2ccco2)c2ncn(C(=O)NCc3cccs3)c2n1,tensor([9.])
Nc1nc(-c2ccco2)c2cnn(Cc3cccc(Cl)c3)c2n1,tensor([9.])
Nc1nc(-c2ccco2)c2cnn(C(=O)NCc3ccccc3)c2n1,tensor([9.])
Nc1nc(-c2ccco2)c2sccc2n1,tensor([7.8500])
Nc1nc(-c2cccs2)c2ncn(C(=O)NCc3ccccc3)c2n1,tensor([7.8900])
Nc1nc(-c2ccccc2)c2ncn(C(=O)NCc3ccccc3)c2n1,tensor([7.7700])
COc1nc(-c2ccco2)c2ncn(C(=O)NCc3ccccc3)c2n1,tensor([8.1000])
CN(C)c1nc(-c2ccco2)c2ncn(C(=O)NCc3ccccc3)c2n1,tensor([7.6400])
Nc1cccc(Cn2cnc3c(-c4ccco4)nc(N)nc32)c1,tensor([7.6400])
Cc1ccc(CNC(=O)n2cnc3c(-c4ccco4)nc(N)nc32)cc1,tensor([9.])
Cn1ccnc1-c1nc(N)nc2c1cnn2Cc1ccccc1F,tensor([5.7900])
CN(C)c1nc(-c2ccco2)c2cnn(CCc3ccccc3)c2n1,tensor([5.7200])
Nc1nc(-c2ccco2)c2ncn(Cc3ccc([N+](=O)[O-])cc3)c2n1,tensor([6.4300])
Nc1nc(-c2ccco2)c2cnn(Cc3ccccc3[N+](=O)[O-])c2n1,tensor([7.5800])
Nc1nc(-c2ncc[nH]2)c2cnn(Cc3ccccc3F)c2n1,tensor([5.6800])
Nc1nc(-c2ccco2)c2cnn(Cc3cccnc3)c2n1,tensor([7.5500])
Nc1nc(-c2nccs2)c2cnn(Cc3ccccc3F)c2n1,tensor([7.7700])
CS(=O)(=O)c1ccc(Cn2ncc3c(-c4ccco4)nc(N)nc32)cc1,tensor([6.4700])
Nc1nc(-c2cccs2)c2cnn(Cc3ccccc3F)c2n1,tensor([8.0500])
Nc1nc(-c2ccccn2)c2cnn(Cc3ccccc3F)c2n1,tensor([7.9200])
Nc1nc(-c2ccco2)c2cnn(Cc3ccccc3Cl)c2n1,tensor([8.0500])
Nc1nc(-c2cc[nH]n2)c2cnn(Cc3ccccc3F)c2n1,tensor([7.8000])
Nc1nc(-c2ccco2)c2ncn(C(=O)NCc3ccccc3Cl)c2n1,tensor([9.])
Nc1nc(-c2ccco2)c2ccn(Cc3ccccc3F)c2n1,tensor([7.8000])
Nc1nc(-c2ccco2)c2cnn(Cc3cccc(C(=O)O)c3)c2n1,tensor([5.8800])
Nc1nc(-c2ccco2)c2ncn(C(=O)NCc3ccccc3)c2n1,tensor([9.])
Nc1nc(-c2ccco2)c2nc[nH]c2n1,tensor([6.5800])
Nc1nc(-c2ccco2)c2cnn(Cc3ccccc3N)c2n1,tensor([8.1000])
Nc1nc(-c2ccco2)c2ncn(Cc3cccc(Cl)c3)c2n1,tensor([8.1000])
Nc1nc(-c2ccco2)c2cc[nH]c2n1,tensor([6.6200])
COC(=O)c1cccc(Cn2cnc3c(-c4ccco4)nc(N)nc32)c1,tensor([7.3500])
Cc1cccc(Cn2ncc3c(-c4ccco4)nc(N)nc32)c1,tensor([8.5200])
Nc1nc(-c2ccco2)c2cnn(Cc3ccc(C(F)(F)F)cc3)c2n1,tensor([8.2200])
Nc1cccc(Cn2ncc3c(-c4ccco4)nc(N)nc32)c1,tensor([8.4000])
Nc1nc(-c2ccco2)c2ncn(Cc3ccccc3F)c2n1,tensor([8.3000])
Nc1nc(-c2ccco2)c2ncn(C(=O)NCc3ccco3)c2n1,tensor([8.7000])
Nc1nc(-n2ccnn2)c2cnn(Cc3ccccc3F)c2n1,tensor([7.1500])
OCCNc1nc(-c2ccco2)c2cnn(CCc3ccccc3)c2n1,tensor([6.8700])
Nc1nc(-c2ccco2)c2ncn(C(=O)NCCc3ccccc3)c2n1,tensor([8.2200])
Cc1cccc(Cn2cnc3c(-c4ccco4)nc(N)nc32)c1,tensor([8.2200])
CC(NC(=O)n1cnc2c(-c3ccco3)nc(N)nc21)c1ccccc1,tensor([8.7000])
Nc1nc(-c2ccco2)c2ncn(Cc3cccc(C(=O)O)c3)c2n1,tensor([5.3900])
Nc1nc(-c2ccco2)c2cn[nH]c2n1,tensor([7.3200])
Nc1nc(-c2ccco2)c2ncn(C(=O)Nc3ccccc3)c2n1,tensor([6.6900])
Nc1nc(-c2ccco2)c2cnn(CCc3ccccc3)c2n1,tensor([6.9600])
Nc1nc(-c2cncs2)c2ncn(C(=O)NCc3ccccc3)c2n1,tensor([7.2500])
Nc1nc(-c2ccco2)c2cnn(CC3CCCCC3)c2n1,tensor([7.3500])
Nc1nc(-c2ccco2)c2cnn(Cc3cccc([N+](=O)[O-])c3)c2n1,tensor([8.4000])
Nc1nc(-c2ccco2)c2cnn(Cc3ccccc3)c2n1,tensor([8.5200])
COc1cccc(Cn2ncc3c(-c4ccco4)nc(N)nc32)c1,tensor([8.7000])
Cc1nc(-c2ccco2)c2ncn(C(=O)NCc3ccccc3)c2n1,tensor([6.9900])
CS(=O)(=O)c1ccc(Cn2cnc3c(-c4ccco4)nc(N)nc32)cc1,tensor([6.1100])
COC(=O)c1cccc(Cn2ncc3c(-c4ccco4)nc(N)nc32)c1,tensor([8.4000])
Nc1nc(-c2ccco2)c2ncn(Cc3cccc([N+](=O)[O-])c3)c2n1,tensor([7.0700])
Nc1nc(-c2ccco2)c2cnn(CCCc3ccccc3)c2n1,tensor([8.4000])
Nc1nc(-c2ccco2)c2cnn(Cc3c(F)cccc3F)c2n1,tensor([8.7000])
Nc1nc(-c2ccco2)c2cnn(Cc3ccc([N+](=O)[O-])cc3)c2n1,tensor([6.9200])
Nc1nc(-c2ccco2)c2cnn(Cc3ccccc3F)c2n1,tensor([8.4000])
Nc1cc(-c2ccc3c(c2)OCO3)nc(-c2ccccc2)n1,tensor([6.2500])
N#Cc1c(-c2ccccc2)nc(NC(=O)C2CCCC2)nc1-c1ccc2c(c1)OCO2,tensor([7.5700])
Nc1nc(-c2ccccc2)cc(-c2ccc3c(c2)OCO3)n1,tensor([6.4200])
N#Cc1c(NC(=O)C2CCCC2)nc(-c2ccccc2)nc1-c1ccccc1,tensor([6.5500])
N#Cc1c(N)nc(-c2ccccc2)nc1-c1ccccc1,tensor([7.7200])
N#Cc1c(NC(=O)C2CC2)nc(-c2ccccc2)nc1-c1ccccc1,tensor([7.3000])
CCC(CC)C(=O)Nc1nc(-c2ccccc2)c(C#N)c(-c2ccccc2)n1,tensor([7.2600])
COc1ccc(C(=O)Nc2nc(-c3ccccc3)c(C#N)c(-c3ccccc3)n2)cc1,tensor([6.5200])
N#Cc1c(-c2ccccc2)nc(N)nc1-c1ccc2c(c1)OCO2,tensor([8.2800])
N#Cc1c(-c2ccccc2)nc(NC(=O)C2CCCC2)nc1-c1ccccc1,tensor([6.8000])
Cc1ccc(C(=O)Nc2nc(-c3ccccc3)c(C#N)c(-c3ccccc3)n2)cc1,tensor([6.8000])
O=C(Nc1cc(-c2ccc3c(c2)OCO3)nc(-c2ccccc2)n1)C1CC1,tensor([7.1600])
N#Cc1c(N)nc(-c2ccccc2)nc1-c1ccc2c(c1)OCO2,tensor([7.3500])
CCCC(=O)Nc1nc(-c2ccccc2)c(C#N)c(-c2ccccc2)n1,tensor([7.3200])
CC(C)C(=O)Nc1nc(-c2ccccc2)c(C#N)c(-c2ccccc2)n1,tensor([7.4500])
CCCC(=O)Nc1nc(-c2ccccc2)nc(-c2ccccc2)c1C#N,tensor([7.1600])
Nc1cc(-c2ccccc2)nc(-c2ccccc2)n1,tensor([6.7700])
O=C(Nc1cc(-c2ccc3c(c2)OCO3)nc(-c2ccccc2)n1)C1CCCC1,tensor([6.4700])
Nc1nc(-c2ccccc2)cc(-c2ccccc2)n1,tensor([6.3900])
CCCC(=O)Nc1nc(-c2ccccc2)c(C#N)c(-c2ccc3c(c2)OCO3)n1,tensor([7.6700])
CCC(CC)C(=O)Nc1cc(-c2ccc3c(c2)OCO3)nc(-c2ccccc2)n1,tensor([6.2400])
N#Cc1c(-c2ccccc2)nc(NC(=O)c2ccc(Cl)cc2)nc1-c1ccccc1,tensor([7.4800])
N#Cc1c(-c2ccccc2)nc(NC(=O)C2CC2)nc1-c1ccccc1,tensor([7.3400])
CNC(=S)OCC1OC(n2cnc3c(NC4CCOC4)nc(Cl)nc32)C(C)(O)C1O,tensor([4.8000])
OCC1OC(n2cnc3c(NC4CCOC4)ncnc32)C(O)C1O,tensor([5.1900])
OCC1OC(n2cnc3c(NC4CCOC4)nc(Cl)nc32)C(O)C1O,tensor([5.3400])
CNC(=S)OCC1OC(n2cnc3c(NC4CCCC4)nc(Cl)nc32)C(C)(O)C1O,tensor([5.0600])
CC1(O)C(O)C(CO)OC1n1cnc2c(NC3CCCC3)ncnc21,tensor([4.9800])
CNC(=O)OCC1OC(n2cnc3c(NC4CCCC4)nc(Cl)nc32)C(C)(O)C1O,tensor([4.9800])
Cc1ccc(-c2nc(NC(=O)COc3cccc(C#N)c3)cc(-c3nccs3)n2)o1,tensor([8.1700])
COc1cccc(CN(C)C)c1OCC(=O)Nc1cc(-n2nc(C)cc2C)nc(-c2ccc(C)o2)n1,tensor([8.2400])
O=C(COc1cccc(F)c1)Nc1cc(-c2nccs2)nc(-c2ccccn2)n1,tensor([8.4400])
Cc1cc(C)n(-c2cc(NC(=O)COc3cccc(CCN4CCOCC4)c3)nc(-c3ccc(C)o3)n2)n1,tensor([8.6400])
N#Cc1cccc(OCC(=O)Nc2cc(-c3nccs3)nc(-c3ccccn3)n2)c1,tensor([8.7400])
COc1cc(CN(C)C)ccc1OCC(=O)Nc1cc(-n2nc(C)cc2C)nc(-c2ccc(C)o2)n1,tensor([9.7000])
Cc1ccc(OCC(=O)Nc2cc(-c3nccs3)nc(-c3ccc(C)o3)n2)cc1,tensor([7.4400])
Cc1ccc(-c2nc(NC(=O)COc3ccccc3)cc(-c3nccs3)n2)o1,tensor([8.1300])
Cc1ccc(-c2nc(NC(=O)COc3cccc(Cl)c3)cc(-c3nccs3)n2)o1,tensor([7.8500])
COc1ccc(OCC(=O)Nc2cc(-n3nc(C)cc3C)nc(-c3ccc(C)o3)n2)c(CN(C)C)c1,tensor([9.0500])
Cc1cc(C)n(-c2cc(NC(=O)COc3cccc(F)c3)nc(-c3ccc(C)o3)n2)n1,tensor([8.4300])
Cc1cc(C)n(-c2cc(NC(=O)COc3ccccc3CCN3CCOCC3)nc(-c3ccc(C)o3)n2)n1,tensor([8.9200])
Cc1cc(C)n(-c2cc(NC(=O)COc3cccc(CN4CCOCC4)c3)nc(-c3ccc(C)o3)n2)n1,tensor([8.9200])
Cc1cc(C)nc(OCC(=O)Nc2cc(-n3nc(C)cc3C)nc(-c3ccc(C)o3)n2)n1,tensor([8.4300])
Cc1ccc(OCC(=O)Nc2cc(-n3nc(C)cc3C)nc(-c3ccc(C)o3)n2)c(CN(C)C)c1,tensor([9.])
CCN(C)Cc1cccc(OCC(=O)Nc2cc(-n3nc(C)cc3C)nc(-c3ccc(C)o3)n2)c1,tensor([9.5200])
Cc1ccc(-c2nc(NC(=O)COc3ccccc3F)cc(-c3nccs3)n2)o1,tensor([8.1200])
Cc1cc(C)n(-c2cc(NC(=O)COc3cccc(CN(C)C)c3)nc(-c3ccc(C)o3)n2)n1,tensor([9.4000])
Cc1cc(C)n(-c2cc(NC(=O)COc3cc(F)cc(CN4CCOCC4)c3)nc(-c3ccc(C)o3)n2)n1,tensor([8.8500])
Cc1cc(C)n(-c2cc(NC(=O)COc3cccc(CN)c3)nc(-c3ccc(C)o3)n2)n1,tensor([9.1500])
Cc1cc(C)n(-c2cc(NC(=O)COc3ccccc3CN(C)C)nc(-c3ccc(C)o3)n2)n1,tensor([9.])
Cc1ccc(-c2nc(NC(=O)COc3cccc(F)c3)cc(-c3nccs3)n2)o1,tensor([7.9600])
Cc1cc(C)n(-c2cc(NC(=O)COc3ccc(CN(C)C)cc3)nc(-c3ccc(C)o3)n2)n1,tensor([9.5200])
Cc1cc(C)n(-c2cc(NC(=O)COc3cc(F)cc(CN4CCCC4)c3)nc(-c3ccc(C)o3)n2)n1,tensor([9.3000])
CCNCc1cccc(OCC(=O)Nc2cc(-n3nc(C)cc3C)nc(-c3ccc(C)o3)n2)c1,tensor([9.5200])
Cc1cc(OCC(=O)Nc2cc(-n3nc(C)cc3C)nc(-c3ccc(C)o3)n2)cc(C)n1,tensor([9.1500])
COc1cc(OCC(=O)Nc2cc(-n3nc(C)cc3C)nc(-c3ccc(C)o3)n2)ccc1CN(C)C,tensor([9.5200])
Cc1cc(C)n(-c2cc(NC(=O)COc3cc(F)cc(CN(C)C)c3)nc(-c3ccc(C)o3)n2)n1,tensor([9.3000])
Cc1cc(C)cc(CC(=O)Nc2cc(-n3nc(C)cc3C)nc(-c3ccccn3)n2)c1,tensor([8.5200])
COc1ccc(CC(=O)Nc2cc(-n3nc(C)cc3C)nc(-c3ccc(C)o3)n2)cc1C,tensor([8.5200])
COc1ccc(CC(=O)Nc2cc(-n3cccn3)nc(-c3ccc(C)o3)n2)cc1,tensor([8.])
COc1ccc(CC(=O)Nc2cc(-n3nc(C)cc3C)nc(-c3ccccn3)n2)cc1,tensor([9.])
Cc1cc(C)n(-c2cc(NC(=O)Cc3ccc(CN(C)C)cc3)nc(-c3ccc(C)o3)n2)n1,tensor([9.7000])
Cc1cc(C)n(-c2cc(NC(=O)Cc3ccc(F)c(F)c3)nc(-c3ccc(C)o3)n2)n1,tensor([8.3000])
Cc1cc(C)n(-c2cc(NC(=O)Cc3cc(F)cc(F)c3)nc(-c3ccc(C)o3)n2)n1,tensor([8.3000])
Cc1cc(C)n(-c2cc(NC(=O)Cc3ccc(NS(C)(=O)=O)cc3)nc(-c3ccc(C)o3)n2)n1,tensor([8.3000])
COc1cc(CC(=O)Nc2cc(-n3nc(C)cc3C)nc(-c3ccccn3)n2)cc(OC)c1,tensor([9.])
CCOc1ccc(CC(=O)Nc2cc(-n3nc(C)cc3C)nc(-c3ccccn3)n2)cc1OC,tensor([9.])
COc1ccc(CC(=O)Nc2cc(-n3nc(C)cc3C)nc(-c3ccc(C)o3)n2)cc1,tensor([8.4000])
Cc1cc(C)n(-c2cc(NC(=O)Cc3ccc(S(C)(=O)=O)cc3)nc(-c3ccccn3)n2)n1,tensor([9.])
COc1ccc(CC(=O)Nc2cc(-n3nc(C)cc3C)nc(-c3ccc(C)o3)n2)cc1F,tensor([8.5200])
COc1ccc(CC(=O)Nc2cc(-c3nccs3)nc(-c3ccccn3)n2)cc1,tensor([9.])
Cc1cc(C)n(-c2cc(NC(=O)Cc3ccc(CN4CCOCC4)cc3)nc(-c3ccc(C)o3)n2)n1,tensor([9.1000])
COc1cc(CC(=O)Nc2cc(-n3nc(C)cc3C)nc(-c3ccc(C)o3)n2)cc(OC)c1,tensor([8.7000])
Cc1cc(C)n(-c2cc(NC(=O)Cc3ccc(N(C)C)cc3)nc(-c3ccc(C)o3)n2)n1,tensor([8.7000])
COc1ccc(CC(=O)Nc2cc(-n3nc(C)cc3C)nc(-c3ccc(C)o3)n2)cc1OC,tensor([8.7000])
O=C(c1cccs1)c1nc(NCCO)nc2ccsc12,tensor([8.3700])
CCc1nc(C(=O)c2cccs2)c2sccc2n1,tensor([7.8000])
OC(c1ccccc1)c1nc(C(F)(F)F)nc2ccsc12,tensor([5.5100])
O=C(c1ccc[nH]1)c1nc(C(F)(F)F)nc2ccsc12,tensor([6.9300])
CN(C)c1nc(C(=O)c2cccs2)c2sccc2n1,tensor([7.3100])
O=C(c1ccco1)c1nc(C(F)(F)F)nc2ccsc12,tensor([7.4800])
O=C(c1ccsc1)c1nc(C(F)(F)F)nc2ccsc12,tensor([7.2500])
COc1nc(C(=O)c2cccs2)c2sccc2n1,tensor([7.1000])
O=C(c1ccoc1)c1nc(C(F)(F)F)nc2ccsc12,tensor([7.5200])
O=C(c1cccnc1)c1nc(C(F)(F)F)nc2ccsc12,tensor([6.3600])
O=C(c1ccncc1)c1nc(C(F)(F)F)nc2ccsc12,tensor([5.8600])
O=C(c1cccs1)c1nc(NCCCO)nc2ccsc12,tensor([8.0900])
Cc1nc(C(=O)c2cccs2)c2sccc2n1,tensor([7.5400])
OC(c1ccccc1)c1cc(C(F)(F)F)nc2ccccc12,tensor([5.0200])
OC(c1cc(C(F)(F)F)nc2c(C(F)(F)F)cccc12)C1CCCCN1,tensor([7.2100])
O=C(c1cccs1)c1nc(NCc2ccccc2)nc2ccsc12,tensor([7.6000])
Cc1ccc(C(=O)c2nc(C(F)(F)F)nc3ccsc23)o1,tensor([7.6600])
CCNc1nc(C(=O)c2cccs2)c2sccc2n1,tensor([7.6000])
O=C(c1ccccc1)c1nc(C(F)(F)F)nc2ccsc12,tensor([7.0400])
O=C(c1ccccn1)c1nc(C(F)(F)F)nc2ccsc12,tensor([5.2400])
Nc1nc(C(=O)c2cccs2)c2sccc2n1,tensor([7.6400])
NNc1nc(C(=O)c2cccs2)c2sccc2n1,tensor([7.2200])
OC(c1ccccc1)c1nc(C(F)(F)F)nc2ccccc12,tensor([5.1900])
O=C(c1nccs1)c1nc(C(F)(F)F)nc2ccsc12,tensor([6.4700])
CC(C)c1nc(-c2nccs2)c2sccc2n1,tensor([8.8500])
Nc1nc(-c2nccs2)c2sccc2n1,tensor([7.4600])
OCCNc1nc(-c2nccs2)c2sccc2n1,tensor([7.7500])
CNc1nc(-c2ccco2)c2sccc2n1,tensor([7.4000])
CCc1nc(-n2nccn2)c2sccc2n1,tensor([6.1100])
CCc1nc(-c2ccoc2)c2sccc2n1,tensor([6.1700])
CCc1nc(-c2cccc(C)n2)c2sccc2n1,tensor([7.9200])
CN(C)c1nc(-c2cnccn2)c2sccc2n1,tensor([7.0900])
CN(C)c1nc(-c2nccn2C)c2sccc2n1,tensor([7.8500])
CN(C)c1nc(-c2ccoc2)c2sccc2n1,tensor([6.1300])
OCCNc1nc(-c2ccco2)c2sccc2n1,tensor([6.6900])
c1csc(-c2nc(C3CC3)nc3ccsc23)n1,tensor([8.4800])
CCc1nc(-c2nccs2)c2sccc2n1,tensor([8.8000])
CCc1nc(-c2ccco2)c2sccc2n1,tensor([7.5200])
Clc1nc(-c2cccs2)c2sccc2n1,tensor([6.4100])
CN(C)c1nc(-c2cc3ccccc3s2)c2sccc2n1,tensor([5.8800])
CC(C)(C)c1nc(-c2nccs2)c2sccc2n1,tensor([8.5100])
Cc1nc(-c2nc(N(C)C)nc3ccsc23)sc1C,tensor([8.1800])
CCNc1nc(-c2cccs2)c2sccc2n1,tensor([6.8100])
Cc1cnc(-c2nc(N(C)C)nc3ccsc23)s1,tensor([8.2400])
CCc1nc(-c2ncc[nH]2)c2sccc2n1,tensor([6.8500])
CN(C)c1nc(-c2ccco2)c2sccc2n1,tensor([7.2200])
CN(C)c1nc(-c2ncc[nH]2)c2sccc2n1,tensor([6.5200])
OCC1CCCN1c1nc(-c2nccs2)c2sccc2n1,tensor([8.5500])
Cc1ccc(-c2nc(N(C)C)nc3ccsc23)nc1,tensor([7.7200])
Cc1csc(-c2nc(N(C)C)nc3ccsc23)n1,tensor([8.8900])
CCNc1nc(-c2ccco2)c2sccc2n1,tensor([7.2400])
CN(C)c1nc(-c2cn[nH]c2)c2sccc2n1,tensor([5.5100])
OCCNc1nc(-c2cccs2)c2sccc2n1,tensor([6.7600])
CN(C)c1nc(-c2ccccn2)c2sccc2n1,tensor([7.5800])
CCc1nc(-c2nc(C)cs2)c2sccc2n1,tensor([8.6800])
CCc1nc(-c2ccccn2)c2sccc2n1,tensor([7.8900])
CN(C)c1nc(-c2cccs2)c2sccc2n1,tensor([7.2600])
COc1nc(-c2cccs2)c2sccc2n1,tensor([6.3500])
Clc1nc(-c2nccs2)c2sccc2n1,tensor([7.7000])
CCn1c(=O)n(CC(C)C)c(=O)c2[nH]c(-c3cn[nH]c3)nc21,tensor([5.9100])
CCCCn1c(=O)c2[nH]c(-c3cnn(Cc4cccc(C(F)(F)F)c4)c3)nc2n(C)c1=O,tensor([6.3200])
CCCn1c(=O)c2[nH]c(-c3cnn(Cc4cc(-c5ccc(Cl)cc5)on4)c3)nc2n(CC)c1=O,tensor([6.1100])
CCCn1c(=O)c2[nH]c(-c3cnn(Cc4ccccc4)c3)nc2n(C)c1=O,tensor([6.9000])
CCCn1c(=O)c2[nH]c(-c3cnn(-c4ccc[n+]([O-])c4)c3)nc2n(CC)c1=O,tensor([5.7100])
CCCn1c(=O)c2[nH]c(-c3cnn(-c4ccccn4)c3)nc2n(CC)c1=O,tensor([6.3900])
CCn1c(=O)n(CC(C)C)c(=O)c2[nH]c(-c3cnn(Cc4cccc(C(F)(F)F)c4)c3)nc21,tensor([5.9600])
CCCCn1c(=O)c2[nH]c(-c3cnn(Cc4ccccc4)c3)nc2n(C)c1=O,tensor([6.6100])
CCCn1c(=O)c2[nH]c(-c3cnn(Cc4cccc(C(F)(F)F)c4)c3)nc2n(CC)c1=O,tensor([5.4800])
CCn1c(=O)c2[nH]c(-c3cnn(Cc4ccccc4)c3)nc2n(C)c1=O,tensor([7.1400])
CCn1c(=O)c2[nH]c(-c3cnn(Cc4cccc(F)c4)c3)nc2n(C)c1=O,tensor([6.6400])
CCCn1c(=O)c2[nH]c(-c3cnn(Cc4cc(-c5ccc(C(F)(F)F)cc5)on4)c3)nc2n(CC)c1=O,tensor([5.6200])
CCn1c(=O)c2[nH]c(-c3cnn(Cc4cccc(C(F)(F)F)c4)c3)nc2n(C)c1=O,tensor([6.6300])
CCCn1c(=O)c2[nH]c(-c3cn[nH]c3)nc2n(CC)c1=O,tensor([6.3000])
CCCn1c(=O)c2[nH]c(-c3cnn(-c4ccc(C)nc4)c3)nc2n(CC)c1=O,tensor([6.1700])
CC(C)Cn1c(=O)c2[nH]c(-c3cnn(Cc4cccc(C(F)(F)F)c4)c3)nc2n(C)c1=O,tensor([6.2000])
CCn1c(=O)n(CC(C)C)c(=O)c2[nH]c(-c3cnn(-c4ccc(C(F)(F)F)nc4)c3)nc21,tensor([5.2700])
CCn1c(=O)n(CC2CC2)c(=O)c2[nH]c(-c3cn[nH]c3)nc21,tensor([6.6300])
Cn1c(=O)n(CC2CC2)c(=O)c2[nH]c(-c3cnn(Cc4cccc(F)c4)c3)nc21,tensor([7.1400])
CC(C)Cn1c(=O)c2[nH]c(-c3cnn(Cc4ccccc4)c3)nc2n(C)c1=O,tensor([6.3900])
CCCn1c(=O)c2[nH]c(-c3cnn(Cc4cccc(C(F)(F)F)c4)c3)nc2n(C)c1=O,tensor([6.3500])
CCn1c(=O)n(CC2CC2)c(=O)c2[nH]c(-c3cnn(-c4ccc(C(F)(F)F)nc4)c3)nc21,tensor([5.6400])
CCCn1c(=O)c2[nH]c(-c3cnn(Cc4ccccc4)c3)nc2n(CC)c1=O,tensor([6.5800])
Cn1c(=O)n(CC2CC2)c(=O)c2[nH]c(-c3cnn(Cc4ccccc4)c3)nc21,tensor([6.8300])
CCCn1c(=O)c2[nH]c(-c3cnn(Cc4cccc(F)c4)c3)nc2n(CC)c1=O,tensor([5.6000])
CCCn1c(=O)c2[nH]c(-c3cnn(Cc4nc(-c5ccc(Cl)cc5)no4)c3)nc2n(CC)c1=O,tensor([5.4200])
CC(C)Cn1c(=O)c2[nH]c(-c3cnn(Cc4cccc(F)c4)c3)nc2n(C)c1=O,tensor([6.5200])
CCCn1c(=O)c2[nH]c(-c3cnn(-c4ccc(C(F)(F)F)nc4)c3)nc2n(CC)c1=O,tensor([5.6500])
CCn1c(=O)n(CC2CC2)c(=O)c2[nH]c(-c3cnn(Cc4ccccc4)c3)nc21,tensor([6.7400])
CCn1c(=O)n(CC2CC2)c(=O)c2[nH]c(-c3cnn(Cc4cccc(C(F)(F)F)c4)c3)nc21,tensor([6.5700])
CCn1c(=O)n(CC(C)C)c(=O)c2[nH]c(-c3cnn(Cc4cccc(F)c4)c3)nc21,tensor([5.4200])
CC(C)Cn1c(=O)c2[nH]c(-c3cn[nH]c3)nc2n(C)c1=O,tensor([5.8600])
CCCCn1c(=O)c2[nH]c(-c3cnn(Cc4cccc(F)c4)c3)nc2n(C)c1=O,tensor([6.6600])
Cn1c(=O)n(CC2CC2)c(=O)c2[nH]c(-c3cnn(Cc4cccc(C(F)(F)F)c4)c3)nc21,tensor([6.5100])
CCCn1c(=O)c2[nH]c(-c3cnn(Cc4cccc(F)c4)c3)nc2n(C)c1=O,tensor([6.8600])
CNC(=O)C12CC1C(n1cnc3c(NCc4cccc(Cl)c4)nc(SC)nc31)C(O)C2O,tensor([5.])
CNC(=O)C12CC1C(n1cnc3c(NCc4cc(OC)ccc4OC)nc(Cl)nc31)C(O)C2O,tensor([5.])
COc1ccc(-c2ccc(CCn3ncc4c3nc(N)n3nc(-c5ccco5)nc43)cc2)cc1,tensor([9.3000])
Cc1ccc(-c2ccc(CCn3ncc4c3nc(N)n3nc(-c5ccco5)nc43)cc2)cn1,tensor([9.2200])
Nc1nc2c(cnn2CCc2ccc(-c3cnccn3)cc2)c2nc(-c3ccco3)nn12,tensor([9.0500])
Nc1nc2c(cnn2CCc2ccc(-c3cccnc3)cc2)c2nc(-c3ccco3)nn12,tensor([8.8200])
COc1ccc(-c2ccc(CCn3ncc4c3nc(N)n3nc(-c5ccco5)nc43)cc2)cn1,tensor([8.7200])
COCCOC(C)c1ccc2cc(CCn3ncc4c3nc(N)n3nc(-c5ccco5)nc43)ccc2n1,tensor([8.8200])
Nc1nc2c(cnn2CCc2ccc3nc(C(=O)N4CCOCC4)ccc3c2)c2nc(-c3ccco3)nn12,tensor([8.8000])
Nc1nc2c(cnn2CCc2ccc(-c3cccnc3)cn2)c2nc(-c3ccco3)nn12,tensor([7.9400])
CC(c1ccc2cc(CCn3ncc4c3nc(N)n3nc(-c5ccco5)nc43)ccc2n1)N1CCOCC1,tensor([8.8900])
Nc1nc2c(cnn2CCc2ccc(-c3ccc(OC(F)(F)F)cc3)cc2)c2nc(-c3ccco3)nn12,tensor([8.1100])
Nc1nc2c(cnn2CCc2ccc(-c3ccccc3)cc2)c2nc(-c3ccco3)nn12,tensor([8.9600])
Nc1nc2c(cnn2CCc2cccc(-c3cccnc3)c2)c2nc(-c3ccco3)nn12,tensor([8.2600])
Cc1ccc2cc(CCn3ncc4c3nc(N)n3nc(-c5ccco5)nc43)ccc2n1,tensor([8.6200])
Nc1nc2c(cnn2CCc2ccc3nc(N4CCOCC4)ccc3c2)c2nc(-c3ccco3)nn12,tensor([8.7400])
COCCOCc1ccc2cc(CCn3ncc4c3nc(N)n3nc(-c5ccco5)nc43)ccc2n1,tensor([8.5500])
Nc1nc2c(cnn2CCc2ccc3nc(CN4CCOCC4)ccc3c2)c2nc(-c3ccco3)nn12,tensor([8.6400])
CCc1ccc2cc(CCn3ncc4c3nc(N)n3nc(-c5ccco5)nc43)ccc2n1,tensor([8.5700])
CC(=O)Nc1cc(-c2cccc(OC3CCCN(C)C3)c2)nc(-n2nc(C)cc2C)n1,tensor([9.])
Cc1cc(C)n(-c2nc(NC(=O)CN3CCN(C)CC3)cc(-c3nccs3)n2)n1,tensor([7.5700])
CC(=O)Nc1cc(-c2cc(C)cc(C)c2)nc(-n2nc(C)cc2C)n1,tensor([8.1000])
COc1ccccc1-c1cc(NC(C)=O)nc(-n2nc(C)cc2C)n1,tensor([8.7000])
COc1c(F)cccc1-c1cc(NC(C)=O)nc(-n2nc(C)cc2C)n1,tensor([8.5200])
COc1cccc(-c2cc(NC(C)=O)nc(-n3nc(C)cc3C)n2)c1,tensor([9.])
CCN1CCC(Oc2cccc(-c3cc(NC(C)=O)nc(-n4nc(C)cc4C)n3)c2)C1,tensor([8.5200])
CC(=O)Nc1cc(-c2cccc(C(F)(F)F)c2)nc(-n2nc(C)cc2C)n1,tensor([8.7000])
CC(=O)Nc1cc(-c2cccc(OCCN(C)C)c2)nc(-n2nc(C)cc2C)n1,tensor([8.3000])
CC(=O)Nc1cc(-c2cccc(CC#N)c2)nc(-n2nc(C)cc2C)n1,tensor([8.7000])
CC(=O)Nc1cc(-c2cccc(O)c2)nc(-n2nc(C)cc2C)n1,tensor([8.7000])
COc1cc(OC)cc(-c2cc(NC(C)=O)nc(-n3nc(C)cc3C)n2)c1,tensor([9.7000])
COc1ccc(-c2cc(NC(C)=O)nc(-n3nc(C)cc3C)n2)cc1,tensor([7.7700])
CC(=O)Nc1cc(-c2cccc(OC3CCN(C)C3)c2)nc(-n2nc(C)cc2C)n1,tensor([8.7000])
CC(=O)Nc1cc(-c2cc(O)cc(F)c2)nc(-n2nc(C)cc2C)n1,tensor([8.7000])
CC(=O)Nc1cc(-c2cccc(COC3CCN(C)C3)c2)nc(-n2nc(C)cc2C)n1,tensor([7.1700])
CC(=O)Nc1cc(-n2cccn2)nc(-c2ccco2)n1,tensor([9.2200])
CC(=O)Nc1cc(-c2cccc(OC3CCN(C)CC3)c2)nc(-n2nc(C)cc2C)n1,tensor([8.2200])
CC(=O)Nc1cc(-c2cc(C)ccc2C)nc(-n2nc(C)cc2C)n1,tensor([7.7200])
CC(=O)Nc1cc(-c2cccc(C#N)c2)nc(-n2nc(C)cc2C)n1,tensor([8.7000])
CC(=O)Nc1cc(-c2cc(F)cc(F)c2)nc(-n2nc(C)cc2C)n1,tensor([8.4000])
CN1CCN(CC(=O)Nc2cc(-n3cccn3)nc(-c3ccco3)n2)CC1,tensor([8.5200])
CC(=O)Nc1cc(-c2cc(F)cc(OC3CCN(C)C3)c2)nc(-n2nc(C)cc2C)n1,tensor([9.])
CC(=O)Nc1cc(-c2cccc(OC3CCN(C(C)C)C3)c2)nc(-n2nc(C)cc2C)n1,tensor([8.5200])
CC(=O)Nc1cc(-c2cccc(C)c2)nc(-n2nc(C)cc2C)n1,tensor([8.1500])
Cc1ccc(N2CCN(C(=O)C(C)Oc3ccc(-c4cc5c([nH]4)c(=O)n(C)c(=O)n5C)cc3)CC2)cc1,tensor([6.4100])
Cn1c(=O)c2[nH]c(-c3ccc(OCC(=O)N4CCN(c5ccc(C(F)(F)F)cc5)CC4)cc3)cc2n(C)c1=O,tensor([6.8800])
COc1cc(-c2cc3c([nH]2)c(=O)n(C)c(=O)n3C)ccc1OCC(=O)N1CCc2ccccc2C1,tensor([5.1700])
Cn1c(=O)c2[nH]c(-c3ccc(OCC(=O)N4CCN(c5ccc(Br)cc5)CC4)cc3)cc2n(C)c1=O,tensor([6.9400])
CCCn1c(=O)c2[nH]c(-c3ccc(OCC(=O)N4CCN(c5cccc(Cl)c5)CC4)cc3)cc2n(CCC)c1=O,tensor([6.9400])
CCCn1c(=O)n(C)c(=O)c2[nH]c(-c3ccc(OCC(=O)N4CCN(c5cccc(Cl)c5)CC4)cc3)cc21,tensor([6.3200])
COc1cc(-c2cc3c([nH]2)c(=O)n(C)c(=O)n3C)ccc1OCC(=O)N1CCN(c2ccccc2)CC1,tensor([5.8400])
CCCn1c(=O)c2[nH]c(-c3ccc(OCC(=O)N4CCN(Cc5ccccc5)CC4)cc3)cc2n(CCC)c1=O,tensor([6.5900])
Cn1c(=O)c2[nH]c(-c3ccc(OCC(=O)N4CCN(c5ccccc5)CC4)cc3)cc2n(C)c1=O,tensor([6.9700])
Cn1c(=O)c2[nH]c(-c3ccc(OCC(=O)N4CCN(Cc5ccccc5)CC4)cc3)cc2n(C)c1=O,tensor([5.8100])
CC(Oc1ccc(-c2cc3c([nH]2)c(=O)n(C)c(=O)n3C)cc1)C(=O)N1CCN(c2ccccc2Cl)CC1,tensor([6.1300])
CCCn1c(=O)c2[nH]c(-c3ccc(OCC(=O)N4CCN(c5nc6ccc(Cl)cc6s5)CC4)cc3)cc2n(CCC)c1=O,tensor([6.0900])
CCCn1c(=O)c2[nH]c(-c3ccc(OC(C)C(=O)N4CCc5ccccc5C4)cc3)cc2n(CCC)c1=O,tensor([6.8000])
CCCn1c(=O)n(C)c(=O)c2[nH]c(-c3ccc(OCC(=O)N4CCN(c5c(Cl)cncc5Cl)CC4)cc3)cc21,tensor([6.1900])
CCCn1c(=O)n(C)c(=O)c2[nH]c(-c3ccc(OCC(=O)N4CCN(c5ccc(F)cc5)CC4)cc3)cc21,tensor([6.3300])
CCCn1c(=O)n(C)c(=O)c2[nH]c(-c3ccc(OC(C)(C)C(=O)N4CCN(c5ccccc5)CC4)cc3)cc21,tensor([6.2500])
CC(Oc1ccc(-c2cc3c([nH]2)c(=O)n(C)c(=O)n3C)cc1)C(=O)N1CCN(c2ccccc2)CC1,tensor([6.4500])
Cn1c(=O)c2[nH]c(-c3ccc(OCC(=O)N4CCN(c5ccc(C#N)cc5)CC4)cc3)cc2n(C)c1=O,tensor([6.4500])
Cn1c(=O)c2[nH]c(-c3ccc(OCC(=O)N4CCN(c5ccccc5Cl)CC4)cc3)cc2n(C)c1=O,tensor([6.4500])
COc1ccc(C2CCN(C(=O)COc3ccc(-c4cc5c([nH]4)c(=O)n(C)c(=O)n5C)cc3OC)CC2)cc1,tensor([6.0600])
CC(Oc1ccc(-c2cc3c([nH]2)c(=O)n(C)c(=O)n3C)cc1)C(=O)N1CCN(c2ccc(Br)cc2)CC1,tensor([6.5700])
CCCn1c(=O)c2[nH]c(-c3ccc(OCC(=O)N4CCN(C(c5ccccc5)c5ccccc5)CC4)cc3)cc2n(CCC)c1=O,tensor([5.8000])
CCCn1c(=O)c2[nH]c(-c3ccc(OCC(=O)N4CCN(c5ccccc5)CC4)cc3)cc2n(C)c1=O,tensor([6.5000])
Cn1c(=O)c2[nH]c(-c3ccc(OC(C)(C)C(=O)N4CCN(c5ccccc5)CC4)cc3)cc2n(C)c1=O,tensor([6.7600])
Cn1c(=O)c2[nH]c(-c3ccc(OCC(=O)N4CCc5ccccc5C4)cc3)cc2n(C)c1=O,tensor([6.3700])
CCCn1c(=O)n(C)c(=O)c2[nH]c(-c3ccc(OCC(=O)N4CCN(c5nc6ccc(Cl)cc6s5)CC4)cc3)cc21,tensor([6.2000])
CCCn1c(=O)c2[nH]c(-c3ccc(OC(C)(C)C(=O)N4CCN(c5ccccc5)CC4)cc3)cc2n(CCC)c1=O,tensor([6.5800])
CCCn1c(=O)c2[nH]c(-c3ccc(OCC(=O)N4CCc5ccccc5C4)cc3)cc2n(CCC)c1=O,tensor([7.0300])
Cn1c(=O)c2[nH]c(-c3ccc(OCC(=O)N4CCN(c5ccc(F)cc5)CC4)cc3)cc2n(C)c1=O,tensor([6.4900])
COc1cc(OCC(=O)N2CCN(c3ccccc3)CC2)ccc1-c1cc2c([nH]1)c(=O)n(C)c(=O)n2C,tensor([5.1500])
CCCn1c(=O)n(C)c(=O)c2[nH]c(-c3ccc(OCC(=O)N4CCN(c5ccc(C(F)(F)F)cc5)CC4)cc3)cc21,tensor([6.4900])
CCCn1c(=O)c2[nH]c(-c3ccc(OCC(=O)N4CCC(c5ccccc5)CC4)cc3)cc2n(CCC)c1=O,tensor([6.2300])
CCCn1c(=O)c2[nH]c(-c3ccc(OCC(=O)N4CCN(c5ccccc5Cl)CC4)cc3)cc2n(CCC)c1=O,tensor([7.4200])
CCCn1c(=O)c2[nH]c(-c3ccc(OCC(=O)N4CCN(C(=O)OCc5ccccc5)CC4)cc3)cc2n(CCC)c1=O,tensor([6.8200])
Cn1c(=O)c2[nH]c(-c3ccc(OCC(=O)N4CCC(C(=O)c5ccc(F)cc5)CC4)cc3)cc2n(C)c1=O,tensor([6.5200])
Cn1c(=O)c2[nH]c(-c3ccc(OCC(=O)N4CCN(c5ccc(Cl)cc5)CC4)cc3)cc2n(C)c1=O,tensor([6.4000])
CCCn1c(=O)n(C)c(=O)c2[nH]c(-c3ccc(OCC(=O)N4CCC(c5ccccc5OC)CC4)cc3)cc21,tensor([6.3900])
COc1ccccc1N1CCN(C(=O)COc2ccc(-c3cc4c([nH]3)c(=O)n(C)c(=O)n4C)cc2)CC1,tensor([5.6300])
Cn1c(=O)c2[nH]c(-c3ccc(OCC(=O)N4CCN(c5c(Cl)cncc5Cl)CC4)cc3)cc2n(C)c1=O,tensor([6.4900])
CCCn1c(=O)n(C)c(=O)c2[nH]c(-c3ccc(OCC(=O)N4CCC(c5ccccc5)CC4)cc3)cc21,tensor([5.9900])
O=C(COc1ccc(-c2cc3c([nH]2)c(=O)n(CC2CC2)c(=O)n3CC2CC2)cc1)N1CCN(c2ccccc2)CC1,tensor([7.3100])
Cn1c(=O)c2[nH]c(-c3ccc(OCC(=O)N4CCN(c5nc6cc(Cl)ccc6s5)CC4)cc3)cc2n(C)c1=O,tensor([6.7400])
Cn1c(=O)c2[nH]c(-c3ccc(OC(C)(C)C(=O)N4CCN(c5nc6cc(Cl)ccc6s5)CC4)cc3)cc2n(C)c1=O,tensor([5.])
Cn1c(=O)c2[nH]c(-c3ccc(OCC(=O)N4CCN(c5cccc(Cl)c5)CC4)cc3)cc2n(C)c1=O,tensor([6.8100])
CCCn1c(=O)c2[nH]c(-c3ccc(OCC(=O)N4CCN(C(=O)Oc5ccccc5)CC4)cc3)cc2n(CCC)c1=O,tensor([6.8100])
CN1CCN(C(=O)COc2ccc(-c3cc4c([nH]3)c(=O)n(C)c(=O)n4C)cc2)CC1,tensor([6.1000])
CCCn1c(=O)n(C)c(=O)c2[nH]c(-c3ccc(OCC(=O)N4CCC(c5ccccc5)(c5ccccc5)CC4)cc3)cc21,tensor([5.4500])
CCCn1c(=O)c2[nH]c(-c3ccc(OCC(=O)N4CCC(O)(c5ccccc5)CC4)cc3)cc2n(CCC)c1=O,tensor([5.9400])
CCCn1c(=O)n(C)c(=O)c2[nH]c(-c3ccc(OCC(=O)N4CCN(c5ccccc5Cl)CC4)cc3)cc21,tensor([5.9600])
COc1cc(OCC(=O)N2CCc3ccccc3C2)ccc1-c1cc2c([nH]1)c(=O)n(C)c(=O)n2C,tensor([4.9200])
O=C(COc1ccc(-c2cc3c([nH]2)c(=O)n(CC2CC2)c(=O)n3CC2CC2)cc1)N1CCc2ccccc2C1,tensor([6.6200])
COc1ccc(N2CCN(C(=O)COc3ccc(-c4cc5c([nH]4)c(=O)n(C)c(=O)n5C)cc3)CC2)cc1,tensor([6.7700])
CCCn1c(=O)n(C)c(=O)c2[nH]c(-c3ccc(OCC(=O)N4CCC(c5ccc(OC)cc5)CC4)cc3)cc21,tensor([6.4000])
CCCn1c(=O)c2[nH]c(-c3ccc(OCC(=O)N4CCN(c5ccccc5)CC4)cc3)cc2n(CCC)c1=O,tensor([6.7900])
COCCn1c(=O)c2[nH]c(-c3ccc(OCC(=O)N4CCN(c5ccccc5)CC4)cc3)cc2n(CCOC)c1=O,tensor([6.4000])
Cn1c(=O)c2[nH]c(-c3ccc(OCC(=O)N4CCC(c5ccccc5)CC4)cc3)cc2n(C)c1=O,tensor([6.1000])
Cn1c(=O)c2[nH]c(-c3ccc(OCC(=O)N4CCC(O)(c5ccc(Cl)cc5)CC4)cc3)cc2n(C)c1=O,tensor([6.4900])
CCCn1c(=O)c2[nH]c(-c3ccc(OCC(=O)N4CCN(c5ccccc5Cl)CC4)cc3)cc2n(C)c1=O,tensor([6.6500])
Cn1c(=O)c2[nH]c(-c3ccc(OCC(=O)N4CCN(c5ccccn5)CC4)cc3)cc2n(C)c1=O,tensor([6.1500])
Cn1c(=O)c2[nH]c(-c3ccc(OCC(=O)N4CCN(c5ncccn5)CC4)cc3)cc2n(C)c1=O,tensor([6.3800])
CCCn1c(=O)n(C)c(=O)c2[nH]c(-c3ccc(OCC(=O)N4CCN(c5ccccc5)CC4)cc3)cc21,tensor([6.1500])
CCn1c(=O)c2[nH]c(-c3ccc(OCC(=O)N4CCN(c5ccccc5)CC4)cc3)cc2n(CC)c1=O,tensor([6.1600])
CCCn1c(=O)c2[nH]c(-c3ccc(OC(C)C(=O)N4CCN(c5ccccc5)CC4)cc3)cc2n(CCC)c1=O,tensor([6.6200])
Cn1c(=O)c2[nH]c(-c3ccc(OCC(=O)N4CCN(c5ccc(O)cc5)CC4)cc3)cc2n(C)c1=O,tensor([6.2100])
CCCn1c(=O)n(C)c(=O)c2[nH]c(-c3ccc(OCC(=O)N4CCc5ccccc5C4)cc3)cc21,tensor([6.6800])
CCCn1c(=O)c2[nH]c(-c3ccc(OCC(=O)N4CCC(c5ccccc5)(c5ccccc5)CC4)cc3)cc2n(CCC)c1=O,tensor([5.9800])
CCCn1c(=O)c2[nH]c(-c3ccc(OCC(=O)N4CCN(c5c(Cl)cncc5Cl)CC4)cc3)cc2n(CCC)c1=O,tensor([7.1300])
CCCn1c(=O)c2[nH]c(-c3ccc(OCC(=O)N4CCN(c5ccc(C(F)(F)F)cc5)CC4)cc3)cc2n(CCC)c1=O,tensor([6.7600])
O=C(Cc1ccccc1)Nc1nc2ccccc2n2nc(-c3ccco3)nc12,tensor([6.8000])
c1ccc(Nc2nc3ccccc3n3nc(-c4ccco4)nc23)cc1,tensor([7.1900])
O=C(Nc1nc2ccccc2n2nc(-c3ccco3)nc12)c1ccco1,tensor([6.4000])
CC(=O)Nc1nc2ccccc2n2nc(-c3ccco3)nc12,tensor([6.7000])
COCCNc1nc2ccccc2n2nc(-c3ccco3)nc12,tensor([5.5100])
c1ccc(CNc2nc3ccccc3n3nc(-c4ccco4)nc23)cc1,tensor([6.5200])
CC(O)CNc1nc2ccccc2n2nc(-c3ccco3)nc12,tensor([7.3200])
OCCNc1nc2ccccc2n2nc(-c3ccco3)nc12,tensor([7.2000])
O=C(CCc1ccccc1)Nc1nc2ccccc2n2nc(-c3ccco3)nc12,tensor([7.2000])
COCCCNc1nc2ccccc2n2nc(-c3ccco3)nc12,tensor([6.4300])
c1coc(CNc2nc3ccccc3n3nc(-c4ccco4)nc23)c1,tensor([6.3100])
OCCN(CCO)c1nc2ccccc2n2nc(-c3ccco3)nc12,tensor([6.9600])
COc1nc2ccccc2n2nc(-c3ccco3)nc12,tensor([6.4000])
c1ccc(CCNc2nc3ccccc3n3nc(-c4ccco4)nc23)cc1,tensor([7.2900])
CN(C)c1nc2ccccc2n2nc(-c3ccco3)nc12,tensor([6.5100])
c1coc(-c2nc3c(OCc4ccoc4)nc4ccccc4n3n2)c1,tensor([6.2400])
Nc1nc2ccccc2n2nc(-c3ccco3)nc12,tensor([7.9500])
CN1CCN(CC(=O)Nc2cc(-c3nccs3)nc(-c3ccco3)n2)CC1,tensor([9.0500])
CN(C)CC(=O)Nc1cc(-n2cccn2)nc(-c2ccco2)n1,tensor([8.2800])
O=C(CN1CCOCC1)Nc1cc(-n2cccn2)nc(-c2ccco2)n1,tensor([8.8000])
Nc1cc(-n2cccn2)nc(-c2ccco2)n1,tensor([8.5400])
CCCCn1c(=O)[nH]c2nc(-c3cnn(Cc4ccccc4)c3)[nH]c2c1=O,tensor([5.4700])
CCn1c(=O)[nH]c2nc(-c3cnn(Cc4ccccc4)c3)[nH]c2c1=O,tensor([5.4200])
O=c1[nH]c2nc(-c3cnn(Cc4ccccc4)c3)[nH]c2c(=O)n1CC1CC1,tensor([5.5600])
O=c1[nH]c2nc(-c3cnn(Cc4cccc(F)c4)c3)[nH]c2c(=O)n1CC1CC1,tensor([7.])
CN1C(=O)C2C(c3ccncc3N2C)N(C)C1=O,tensor([5.3800])
CN1C(=O)C2Nc3cnccc3C2N(C)C1=O,tensor([5.])
CN1C(=O)C2C(c3ncccc3N2C)N(C)C1=O,tensor([5.1600])
Oc1c(Br)cc2[nH]c3cnccc3c2c1Br,tensor([5.3100])
Cn1c(=O)c2c(ncn2C)n(C)c1=O,tensor([4.7400])
CN1C(=O)C2Nc3cccnc3C2N(C)C1=O,tensor([6.0500])
CCn1c(=O)[nH]c2nc(-c3ccc(S(=O)(=O)N4CCN(c5ccc(Cl)cc5)CC4)cc3)[nH]c2c1=O,tensor([7.3200])
CCCn1c(=O)[nH]c2nc(-c3ccc(S(=O)(=O)N4CCN(c5ccc(OC)cc5)CC4)cc3)[nH]c2c1=O,tensor([5.4300])
CCn1c(=O)[nH]c2nc(-c3ccc(S(=O)(=O)N4CCN(Cc5ccc(OC)cc5)CC4)cc3)[nH]c2c1=O,tensor([6.6300])
CCn1c(=O)[nH]c2nc(-c3ccc(S(=O)(=O)N4CCN(Cc5cccc(C(F)(F)F)c5)CC4)cc3)[nH]c2c1=O,tensor([7.1600])
CCCn1c(=O)[nH]c2nc(-c3ccc(S(=O)(=O)N4CCN(Cc5ccc(C(F)(F)F)cc5)CC4)cc3)[nH]c2c1=O,tensor([6.8400])
CCCn1c(=O)[nH]c2nc(-c3ccc(S(=O)(=O)N4CCN(Cc5ccc6c(c5)OCO6)CC4)cc3)[nH]c2c1=O,tensor([6.9500])
CCn1c(=O)[nH]c2nc(-c3ccc(S(=O)(=O)N4CCN(Cc5ccc6c(c5)OCO6)CC4)cc3)[nH]c2c1=O,tensor([6.9900])
CCn1c(=O)[nH]c2nc(-c3ccc(S(=O)(=O)N4CCN(Cc5ccccc5)CC4)cc3)[nH]c2c1=O,tensor([6.8200])
CCCn1c(=O)[nH]c2nc(-c3ccc(S(=O)(=O)N4CCN(CCc5ccccc5)CC4)cc3)[nH]c2c1=O,tensor([6.5700])
CCn1c(=O)[nH]c2nc(-c3ccc(S(=O)(=O)N4CCN(Cc5ccc(C(F)(F)F)cc5)CC4)cc3)[nH]c2c1=O,tensor([7.6400])
CCCn1c(=O)[nH]c2nc(-c3ccc(S(=O)(=O)N4CCN(Cc5cccc(F)c5)CC4)cc3)[nH]c2c1=O,tensor([6.5600])
CCn1c(=O)[nH]c2nc(-c3ccc(S(=O)(=O)N4CCN(Cc5ccc(Cl)cc5)CC4)cc3)[nH]c2c1=O,tensor([8.1900])
CCCn1c(=O)[nH]c2nc(-c3ccc(S(=O)(=O)NC4CCN(Cc5ccccc5)CC4)cc3)[nH]c2c1=O,tensor([7.0300])
CCn1c(=O)[nH]c2nc(-c3ccc(S(=O)(=O)N4CCN(Cc5cccc(F)c5)CC4)cc3)[nH]c2c1=O,tensor([6.8400])
CCCn1c(=O)[nH]c2nc(-c3ccc(S(=O)(=O)N4CCN(Cc5cccc(C(F)(F)F)c5)CC4)cc3)[nH]c2c1=O,tensor([6.5100])
CCCn1c(=O)[nH]c2nc(-c3ccc(S(=O)(=O)N4CCN(Cc5cccc(Cl)c5)CC4)cc3)[nH]c2c1=O,tensor([6.7900])
CCCn1c(=O)[nH]c2nc(-c3ccc(S(=O)(=O)N4CCN(Cc5ccc(Cl)cc5)CC4)cc3)[nH]c2c1=O,tensor([6.4800])
CCCn1c(=O)[nH]c2nc(-c3ccc(S(=O)(=O)N4CCN(Cc5ccc(OC)cc5)CC4)cc3)[nH]c2c1=O,tensor([6.4800])
CN1CCN(CC(=O)Nc2cc(-n3cccn3)nc(-c3nccs3)n2)CC1,tensor([7.7700])
Cc1ccc(-c2nc(NC(=O)CN3CCN(C)CC3)cc(-n3cccn3)n2)o1,tensor([6.8700])
CN1CCN(CC(=O)Nc2cc(-n3cccn3)nc(-c3ccccn3)n2)CC1,tensor([7.2700])
Cc1cc(C)n(-c2cc(NC(=O)CN3CCN(C)CC3)nc(-c3ccccn3)n2)n1,tensor([7.5900])
Cc1cc(C)n(-c2nc(NC(=O)CN3CCN(C)CC3)cc(-c3ocnc3C)n2)n1,tensor([6.7200])
Cc1cc(C)n(-c2nc(NC(=O)CN3CCN(C)CC3)cc(-c3cnco3)n2)n1,tensor([6.])
Cc1ccc(-c2nc(NC(=O)CN3CCN(C)CC3)cc(-c3nccs3)n2)o1,tensor([7.2900])
CN1CCN(CC(=O)Nc2cc(-n3cccn3)nc(-n3cccn3)n2)CC1,tensor([6.8800])
Cc1cc(C)n(-c2cc(NC(=O)CN3CCN(C)CC3)nc(-c3ccc(C)o3)n2)n1,tensor([7.9200])
CN1CCN(CC(=O)Nc2cc(-c3ccccn3)nc(-c3cccs3)n2)CC1,tensor([7.6200])
Cc1ccc(-c2nc(NC(=O)CN3CCN(C)CC3)cc(-n3nccc3C)n2)o1,tensor([7.8500])
Cc1cc(C)n(-c2cc(NC(=O)CN3CCN(C)CC3)nc(-c3nccs3)n2)n1,tensor([8.0500])
Cc1cc(C)n(-c2cc(NC(=O)CN3CCCC3)nc(-c3ccc(C)o3)n2)n1,tensor([8.0700])
CCN(CC)C1CCN(CC(=O)Nc2cc(-n3nc(C)cc3C)nc(-c3ccc(C)o3)n2)C1,tensor([8.3600])
CCNC1CCN(CC(=O)Nc2cc(-n3nc(C)cc3C)nc(-c3ccc(C)o3)n2)C1,tensor([8.6000])
CC(=O)N1CCN(CC(=O)Nc2cc(-n3nc(C)cc3C)nc(-c3ccc(C)o3)n2)CC1,tensor([8.4400])
Cc1cc(C)n(-c2cc(NC(=O)CC3CCN(C)CC3)nc(-c3ccc(C)o3)n2)n1,tensor([8.2700])
Cc1cc(C)n(-c2cc(NC(=O)CN3CCC(CN(C)C)C3)nc(-c3ccc(C)o3)n2)n1,tensor([8.6800])
Cc1cc(C)n(-c2cc(NC(=O)CN3CCCN(C)CC3)nc(-c3ccc(C)o3)n2)n1,tensor([8.])
Cc1cc(C)n(-c2cc(NC(=O)CCN3CCC(N(C)C)C3)nc(-c3ccc(C)o3)n2)n1,tensor([8.6200])
COC1CCN(CC(=O)Nc2cc(-n3nc(C)cc3C)nc(-c3ccc(C)o3)n2)CC1,tensor([7.8200])
Cc1cc(C)n(-c2cc(NC(=O)CN3CCCOCC3)nc(-c3ccc(C)o3)n2)n1,tensor([8.2200])
CCN1CCN(CC(=O)Nc2cc(-n3nc(C)cc3C)nc(-c3ccc(C)o3)n2)CC1,tensor([7.9600])
Cc1cc(C)n(-c2cc(NC(=O)CN3CCC(CN(C)C)CC3)nc(-c3ccc(C)o3)n2)n1,tensor([8.5400])
Cc1cc(C)n(-c2cc(NC(=O)CN3CCC(OC(C)C)C3)nc(-c3ccc(C)o3)n2)n1,tensor([7.0700])
Cc1cc(C)n(-c2cc(NC(=O)CCN(C)C)nc(-c3ccc(C)o3)n2)n1,tensor([8.6800])
Cc1cc(C)n(-c2cc(NC(=O)CN3CCOCC3)nc(-c3ccc(C)o3)n2)n1,tensor([8.2400])
Cc1cc(C)n(-c2cc(NC(=O)CN3CCC(N(C)C)C3)nc(-c3ccc(C)o3)n2)n1,tensor([8.4300])
Cc1cc(C)n(-c2cc(NC(=O)CN3CCCC(CN(C)C)C3)nc(-c3ccc(C)o3)n2)n1,tensor([8.8200])
CCCSc1nc(NC(C)=O)cc(OCc2ccccc2Cl)n1,tensor([5.3800])
CCCOc1cc(NC(=O)CC)nc(SCCC)n1,tensor([7.1500])
CCCOc1cc(NC(=O)CC)nc(SC)n1,tensor([6.4000])
CCCOc1cc(NC(C)=O)nc(SC)n1,tensor([5.9500])
CC(=O)Nc1cc(-c2cccc(N3CCN(C)CC3)n2)nc(-n2nc(C)cc2C)n1,tensor([9.1500])
COc1cncc(-c2cc(NC(=O)CN3CCOCC3)nc(-n3nc(C)cc3C)n2)c1,tensor([8.4000])
CCC(=O)Nc1cc(-c2cncc(OC)c2)nc(-n2nc(C)cc2C)n1,tensor([8.7400])
COCCOc1cncc(-c2cc(NC(C)=O)nc(-n3nc(C)cc3C)n2)c1,tensor([8.5100])
CC(=O)Nc1cc(-c2cccnc2)nc(-n2nc(C)cc2C)n1,tensor([6.9200])
COCCN(C)c1cccc(-c2cc(NC(C)=O)nc(-n3nc(C)cc3C)n2)n1,tensor([9.1400])
CC(=O)Nc1cc(-c2cccc(N)n2)nc(-n2nc(C)cc2C)n1,tensor([8.1000])
CC(=O)Nc1cc(-c2cc(N3CCOCC3)ccn2)nc(-n2nc(C)cc2C)n1,tensor([7.0600])
CC(=O)Nc1cc(-c2cccc(N3CCOCC3)n2)nc(-n2nc(C)cc2C)n1,tensor([9.0800])
CC(=O)Nc1cc(-c2cccc(N3CCCCC3)n2)nc(-n2nc(C)cc2C)n1,tensor([9.2500])
CC(=O)Nc1cc(-c2cccc(N3CCC(O)CC3)n2)nc(-n2nc(C)cc2C)n1,tensor([8.7200])
COc1cccc(-c2cc(NC(C)=O)nc(-n3nc(C)cc3C)n2)c1F,tensor([9.2200])
CC(=O)Nc1cc(-c2cccc(N(C)C)n2)nc(-n2nc(C)cc2C)n1,tensor([9.2100])
COc1cncc(-c2cc(NC(C)=O)nc(-n3nc(C)cc3C)n2)c1,tensor([8.6400])
CC(=O)Nc1cc(-c2cncc(O)c2)nc(-n2nc(C)cc2C)n1,tensor([8.5400])
CC(=O)Nc1cc(-c2cncc(N3CCOCC3)c2)nc(-n2nc(C)cc2C)n1,tensor([8.5200])
COC(=O)Nc1cc(-c2cncc(OC)c2)nc(-n2nc(C)cc2C)n1,tensor([8.1300])
CC(=O)Nc1cc(-c2ccncc2)nc(-n2nc(C)cc2C)n1,tensor([7.4000])
CCOC(=O)Nc1cc(-c2cncc(OC)c2)nc(-n2nc(C)cc2C)n1,tensor([8.1100])
COC1CCN(c2cccc(-c3cc(NC(C)=O)nc(-n4nc(C)cc4C)n3)n2)CC1,tensor([9.3600])
CC(=O)Nc1cc(-c2cccc(N3CCCC3)n2)nc(-n2nc(C)cc2C)n1,tensor([9.5900])
CC(=O)Nc1cc(-c2ccnc(N3CCOCC3)c2)nc(-n2nc(C)cc2C)n1,tensor([7.9200])
CC(=O)Nc1cc(-c2cccc(N3CCCOCC3)n2)nc(-n2nc(C)cc2C)n1,tensor([8.6400])
COC1CN(c2cccc(-c3cc(NC(C)=O)nc(-n4nc(C)cc4C)n3)n2)C1,tensor([9.3300])
CCn1c(Br)nc2c(N)ncnc21,tensor([7.2800])
Nc1ncnc2c1nc(Br)n2CC(O)CO,tensor([5.4000])
CCC(C)n1c(Br)nc2c(N)ncnc21,tensor([6.4100])
C=CCn1c(Br)nc2c(N)ncnc21,tensor([6.1400])
CCCCn1c(Br)nc2c(N)ncnc21,tensor([6.1400])
Nc1ncnc2nc(Br)[nH]c12,tensor([5.5000])
Cn1c(Br)nc2c(N)ncnc21,tensor([6.9200])
C=CCCn1c(Br)nc2c(N)ncnc21,tensor([5.8000])
CC(C)n1cnc2c(N)ncnc21,tensor([5.3900])
Nc1ncnc2c1ncn2C1CCCCCC1,tensor([4.9600])
Nc1ncnc2c1nc(Br)n2CCCO,tensor([7.0700])
CC(C)Cn1c(Br)nc2c(N)ncnc21,tensor([5.2200])
CCCn1cnc2c(N)ncnc21,tensor([5.0200])
Nc1ncnc2c1ncn2C1CC1,tensor([5.6400])
Nc1ncnc2c1nc(Br)n2C1CCC1,tensor([6.1800])
CC(C)n1cnc2ncnc(N)c21,tensor([4.9200])
Nc1ncnc2c1ncn2CCCO,tensor([5.4100])
Nc1ncnc2c1ncn2C1CCCC1,tensor([5.7500])
Nc1ncnc2c1nc(Br)n2CCO,tensor([6.2100])
CC(C)n1c(Br)nc2c(N)ncnc21,tensor([7.1300])
CCCn1cnc2ncnc(N)c21,tensor([4.7500])
Nc1ncnc2c1ncn2CC(O)CO,tensor([5.0700])
C=CCCn1cnc2c(N)ncnc21,tensor([5.0700])
Nc1ncnc2c1ncn2Cc1ccccc1,tensor([5.0700])
Nc1ncnc2c1nc(Br)n2C1CCCC1,tensor([5.7200])
CCn1cnc2ncnc(N)c21,tensor([4.5200])
Nc1ncnc2c1nc(Br)n2Cc1ccccc1,tensor([5.2100])
CC(O)Cn1c(Br)nc2c(N)ncnc21,tensor([5.9600])
Nc1ncnc2c1ncn2CCO,tensor([4.9600])
CCCCn1cnc2c(N)ncnc21,tensor([5.1100])
Nc1ncnc2c1ncn2C1CCC1,tensor([5.3200])
Nc1ncnc2c1nc(Br)n2C1CCCCC1,tensor([4.8200])
Nc1ncnc2c1ncn2CCc1ccccc1,tensor([5.0200])
Cn1cnc2c(N)ncnc21,tensor([5.1600])
Nc1ncnc2c1nc(Br)n2CCc1ccccc1,tensor([5.3100])
CCC(C)n1cnc2c(N)ncnc21,tensor([4.8000])
CC(O)Cn1cnc2c(N)ncnc21,tensor([5.5100])
COc1ccc(-n2nc3c(NC(=O)c4ccncc4)nc4ccccc4n3c2=O)cc1,tensor([6.4000])
O=C(Nc1nc2ccccc2n2c(=O)n(-c3ccccc3)nc12)c1ccncc1,tensor([6.7300])
O=C(NCc1ccccc1)Nc1nc2ccccc2n2c(=O)n(-c3ccccc3)nc12,tensor([6.8000])
Cc1cc2c(c(C)c1O)c1ccncc1n2C,tensor([4.0900])
Cc1cc2c(c(C)c1O)c1ncccc1n2C,tensor([4.3600])
Cc1cc2[nH]c3cccnc3c2c(C)c1O,tensor([4.6000])
Cn1c(=O)c2[nH]c(-c3ccc(COC(=O)N4CCc5ccccc5C4)cc3)cc2n(C)c1=O,tensor([7.3600])
CCCn1c(=O)c2[nH]c(-c3ccc(COC(=O)Nc4cnccn4)cc3)cc2n(CCC)c1=O,tensor([7.4500])
Cn1c(=O)c2[nH]c(-c3ccc(COC(=O)Nc4ccco4)cc3)cc2n(C)c1=O,tensor([7.7400])
Cn1c(=O)c2[nH]c(-c3ccc(COC(=O)Nc4ccccc4)cc3)cc2n(C)c1=O,tensor([7.4600])
Cn1c(=O)c2[nH]c(-c3ccc(COC(=O)Nc4cccs4)cc3)cc2n(C)c1=O,tensor([7.8200])
CCCn1c(=O)c2[nH]c(-c3ccc(COC(=O)N4CCN(c5cccc(Cl)c5)CC4)cc3)cc2n(CCC)c1=O,tensor([7.5500])
Cn1c(=O)c2[nH]c(-c3ccc(COC(=O)NCc4ccccc4)cc3)cc2n(C)c1=O,tensor([6.])
Cn1c(=O)c2[nH]c(-c3ccc(COC(=O)Nc4ccc(F)cc4)cc3)cc2n(C)c1=O,tensor([7.1400])
CCCn1c(=O)c2[nH]c(-c3ccc(COC(=O)Nc4ccon4)cc3)cc2n(CCC)c1=O,tensor([7.6600])
CCCn1c(=O)c2[nH]c(-c3ccc(COC(=O)Nc4ccc(F)cc4)cc3)cc2n(CCC)c1=O,tensor([6.9300])
CCCn1c(=O)c2[nH]c(-c3ccc(COC(=O)Nc4ccccc4)cc3)cc2n(CCC)c1=O,tensor([7.5400])
Cn1c(=O)c2[nH]c(-c3ccc(COC(=O)Nc4ccccn4)cc3)cc2n(C)c1=O,tensor([6.3100])
CCCn1c(=O)c2[nH]c(-c3ccc(COC(=O)Nc4cccs4)cc3)cc2n(CCC)c1=O,tensor([5.6500])
CCCn1c(=O)c2[nH]c(-c3ccc(COC(=O)Nc4cc[nH]n4)cc3)cc2n(CCC)c1=O,tensor([8.])
CCCn1c(=O)c2[nH]c(-c3ccc(COC(=O)N4CCN(c5ccccc5)CC4)cc3)cc2n(CCC)c1=O,tensor([6.3500])
Cn1c(=O)c2[nH]c(-c3ccc(COC(=O)Nc4ccsc4)cc3)cc2n(C)c1=O,tensor([7.9800])
CCCn1c(=O)c2[nH]c(-c3ccc(COC(=O)N4CCN(c5ccc(F)cc5)CC4)cc3)cc2n(CCC)c1=O,tensor([7.3000])
CCCn1c(=O)c2[nH]c(-c3ccc(COC(=O)Nc4ccsc4)cc3)cc2n(CCC)c1=O,tensor([5.4800])
OC1C(O)C(n2cnc3c(NCc4cccc(I)c4)nc(Cl)nc32)C2CC12,tensor([5.9700])
OC1C(O)C(n2cnc3c(NCc4cccc5ccccc45)nc(Cl)nc32)C2CC12,tensor([5.8200])
COc1ccc(O)c(CNc2nc(Cl)nc3c2ncn3C2C(O)C(O)C3CC32)c1,tensor([5.1600])
OC1C(O)C(n2cnc3c(NCc4cccc(Cl)c4)nc(Cl)nc32)C2CC12,tensor([5.3500])
CONC(=O)C1OC(n2cnc3c(NCc4cccc(I)c4)nc(Cl)nc32)C(O)C1O,tensor([5.7800])
COC(=O)C1OC(n2cnc3c(NCc4cccc(I)c4)nc(Cl)nc32)C(O)C1O,tensor([5.3200])
COc1ccc(OC)c(CNc2nc(Cl)nc3c2ncn3C2C(O)C(O)C3CC32)c1,tensor([5.5800])
OC1C(O)C(n2cnc3c(NC4CC4c4ccccc4)nc(Cl)nc32)C2CC12,tensor([5.7000])
OC1C(O)C(n2cnc3c(NCc4cccc(Br)c4)nc(Cl)nc32)C2CC12,tensor([5.8000])
Nc1nc2c(cnn2CCN2CCc3ncncc3C2)c2nc(-c3ccco3)nn12,tensor([8.2100])
Nc1nc2c(cnn2CCN2CCc3ccc(Br)cc3CC2)c2nc(-c3ccco3)nn12,tensor([8.9600])
Nc1nc2c(cnn2CCN2CCc3ccccc3CC2)c2nc(-c3ccco3)nn12,tensor([8.7000])
Nc1nc2c(cnn2CCN2Cc3ccccc3C2)c2nc(-c3ccco3)nn12,tensor([7.8300])
Nc1nc2c(cnn2CCN2CCc3ncc(-c4ccccc4)cc3C2)c2nc(-c3ccco3)nn12,tensor([7.7500])
COc1ccc2c(c1)CCN(CCn1ncc3c1nc(N)n1nc(-c4ccco4)nc31)C2,tensor([8.6000])
COCCOc1ccc2c(c1)CN(CCn1ncc3c1nc(N)n1nc(-c4ccco4)nc31)CC2,tensor([8.2900])
COc1ccc2c(c1)CN(CCn1ncc3c1nc(N)n1nc(-c4ccco4)nc31)CC2,tensor([8.4900])
Nc1nc2c(cnn2CCN2CCc3ncc(Br)cc3C2)c2nc(-c3ccco3)nn12,tensor([8.8000])
Nc1nc2c(cnn2CCN2CCc3ccccc3C2)c2nc(-c3ccco3)nn12,tensor([8.3900])
Nc1nc2c(cnn2CCN2CCc3nc(C(F)(F)F)ccc3C2)c2nc(-c3ccco3)nn12,tensor([8.3000])
COc1cc2c(cc1OC)C(Cc1ccccc1)N(CCn1ncc3c1nc(N)n1nc(-c4ccco4)nc31)CC2,tensor([8.6400])
Nc1nc2c(cnn2CCN2CCc3ccc(Cl)cc3CC2)c2nc(-c3ccco3)nn12,tensor([8.4800])
COCCOc1ccc2c(c1)CCN(CCn1ncc3c1nc(N)n1nc(-c4ccco4)nc31)CC2,tensor([8.7000])
COc1ccc2c(c1)CN(CCn1ncc3c1nc(N)n1nc(-c4ccco4)nc31)C2,tensor([8.2700])
COc1cccc2c1CN(CCn1ncc3c1nc(N)n1nc(-c4ccco4)nc31)C2,tensor([8.2200])
COCCOc1cnc2c(c1)CN(CCn1ncc3c1nc(N)n1nc(-c4ccco4)nc31)CC2,tensor([8.5100])
Cc1cnc2c(c1)CN(CCn1ncc3c1nc(N)n1nc(-c4ccco4)nc31)CC2,tensor([8.7000])
Nc1nc2c(cnn2CCN2CCc3ncc(C4CC4)cc3C2)c2nc(-c3ccco3)nn12,tensor([8.7200])
COCCOc1cccc2c1CN(CCn1ncc3c1nc(N)n1nc(-c4ccco4)nc31)C2,tensor([8.1500])
Nc1nc2c(cnn2CCN2CCc3ccc([N+](=O)[O-])cc3CC2)c2nc(-c3ccco3)nn12,tensor([9.1500])
COc1cc2c(cc1OC)CN(CCn1ncc3c1nc(N)n1nc(-c4ccco4)nc31)C(C)C2,tensor([8.7200])
COCCOc1cccc2c1CN(CCn1ncc3c1nc(N)n1nc(-c4ccco4)nc31)CC2,tensor([8.8200])
Nc1nc2c(cnn2CCN2CCc3ncccc3C2)c2nc(-c3ccco3)nn12,tensor([8.3200])
COc1ccc2c(c1)CCN(CCn1ncc3c1nc(N)n1nc(-c4ccco4)nc31)CC2,tensor([8.7200])
CC(=O)Nc1cc(N2CCOCC2)nc(-n2nc(C)cc2C)n1,tensor([6.5000])
CC(=O)Nc1cc(N2CCN(C)CC2)nc(-n2nc(C)cc2C)n1,tensor([5.7300])
CC(=O)Nc1cc(N2CCCCC2)nc(-n2nc(C)cc2C)n1,tensor([7.1100])
COCCC1CCCCN1c1cc(NC(C)=O)nc(-n2nc(C)cc2C)n1,tensor([6.5600])
COCC1CCCN1c1cc(NC(C)=O)nc(-c2ccccn2)n1,tensor([7.3400])
COCC1CCCN1c1cc(NC(=O)NC(C)C)nc(-n2nc(C)cc2C)n1,tensor([7.3700])
COCC1CCC(C)N1c1cc(NC(C)=O)nc(-n2nc(C)cc2C)n1,tensor([7.3300])
COCC1CC(OC)CN1c1cc(NC(C)=O)nc(-n2nc(C)cc2C)n1,tensor([8.1200])
COC(=O)C1CCCN1c1cc(NC(C)=O)nc(-n2nc(C)cc2C)n1,tensor([6.6900])
COCC1CCCN1c1cc(NC(C)=O)nc(-n2nc(C)cc2C)n1,tensor([8.3300])
CC(=O)Nc1cc(N2CCCC2)nc(-n2nc(C)cc2C)n1,tensor([6.9600])
CCOCC1CCCN1c1cc(NC(C)=O)nc(-n2nc(C)cc2C)n1,tensor([6.3400])
COCC1CCCN1c1cc(NC(C)=O)nc(-c2nccs2)n1,tensor([7.8200])
CC(=O)Nc1cc(N2CCCC2COc2ccccn2)nc(-n2nc(C)cc2C)n1,tensor([7.4000])
CC(=O)Nc1cc(-c2ccccc2O)nc(-n2nc(C)cc2C)n1,tensor([8.7200])
COCC1CCCN1c1cc(NC(=O)CC(C)C)nc(-n2nc(C)cc2C)n1,tensor([7.3000])
CC(=O)Nc1cc(N2CCCC2CO)nc(-n2nc(C)cc2C)n1,tensor([7.5900])
COCC1CCCN1c1cc(NC(=O)OC)nc(-n2nc(C)cc2C)n1,tensor([7.7200])
CC(=O)Nc1cc(N2CCc3ccccc3C2)nc(-n2nc(C)cc2C)n1,tensor([8.3800])
CCN(CC)c1cc(NC(C)=O)nc(-n2nc(C)cc2C)n1,tensor([7.0400])
CC(=O)Nc1cc(N2CCCC2C)nc(-n2nc(C)cc2C)n1,tensor([7.5500])
COCC1CCCN1c1cc(N)nc(-n2nc(C)cc2C)n1,tensor([6.5800])
CC(=O)Nc1cc(N2CCCC2=O)nc(-n2nc(C)cc2C)n1,tensor([7.9200])
COCC1CCCN1c1cc(NC(C)=O)nc(-c2ccc(C)o2)n1,tensor([8.5700])
CCC(=O)Nc1cc(N2CCCC2COC)nc(-n2nc(C)cc2C)n1,tensor([8.2300])
CCCC1CCN(c2cc(NC(C)=O)nc(-n3nc(C)cc3C)n2)C1,tensor([7.5800])
COCC1CCCN1c1cc(NC(C)=O)nc(-c2cccs2)n1,tensor([7.5700])
Nc1ccc(Nc2nc(-c3ccccc3)nc3c2ncn3Cc2ccccc2)cc1,tensor([5.2400])
Nc1ccc(Nc2nc(-c3ccccc3)nc3c2nnn3Cc2ccccc2)cc1,tensor([5.8900])
O=[N+]([O-])c1ccc(Nc2nc(-c3ccccc3)nc3c2ncn3Cc2ccccc2)cc1,tensor([5.7200])
N#Cc1c(-c2ccccc2)cc(-c2ccccc2)nc1N,tensor([6.8900])
N#Cc1c(-c2cccs2)cc(-c2cccs2)nc1N,tensor([7.5000])
N#Cc1c(-c2cccs2)cc(-c2ccccc2)nc1N,tensor([7.2700])
Cc1cccc(-c2cc(-c3ccco3)nc(N)c2C#N)c1,tensor([6.8500])
N#Cc1c(-c2ccco2)cc(-c2ccccc2)nc1N,tensor([7.7200])
COc1ccc(-c2cc(-c3ccco3)nc(N)c2C#N)cc1,tensor([7.3900])
Cc1cccc(-c2cc(-c3ccccc3)nc(N)c2C#N)c1,tensor([6.8900])
COc1ccc(-c2cc(-c3ccco3)nc(N)c2C#N)cc1OC,tensor([7.0400])
N#Cc1c(-c2ccc(Cl)cc2)cc(-c2ccco2)nc1N,tensor([6.8500])
N#Cc1c(-c2ccc3c(c2)OCO3)cc(-c2ccco2)nc1N,tensor([7.5800])
N#Cc1c(-c2ccccc2)cc(-c2ccc[nH]2)nc1N,tensor([6.1900])
N#Cc1c(-c2ccc(Cl)c(Cl)c2)cc(-c2ccco2)nc1N,tensor([6.7200])
N#Cc1c(-c2ccco2)cc(-c2cccs2)nc1N,tensor([7.9200])
COc1ccc(-c2cc(-c3ccccc3)nc(N)c2C#N)cc1OC,tensor([6.8000])
N#Cc1c(-c2ccco2)cc(-c2ccco2)nc1N,tensor([9.])
Cc1ccc(-c2cc(-c3ccco3)nc(N)c2C#N)o1,tensor([7.8200])
N#Cc1c(-c2cccc(OC(F)(F)F)c2)cc(-c2ccccc2)nc1N,tensor([7.2400])
N#Cc1c(-c2ccccc2)cc(-c2cccs2)nc1N,tensor([7.0600])
N#Cc1c(-c2cccs2)cc(-c2ccco2)nc1N,tensor([8.8500])
N#Cc1c(-c2ccc(O)cc2)cc(-c2ccco2)nc1N,tensor([7.3900])
O=C(Nc1nc(-c2ccccc2)nc2c1nnn2Cc1ccccc1)c1ccoc1,tensor([6.7900])
Nc1nc(-c2ccccc2)nc2c1nnn2Cc1ccccc1,tensor([6.8300])
O=C(Nc1nc(-c2ccccc2)nc2c1nnn2Cc1ccccc1)C1CC1,tensor([6.9600])
Nc1ccccc1C(=O)Nc1nc(-c2ccccc2)nc2c1nnn2Cc1ccccc1,tensor([6.5300])
O=C(Nc1nc(-c2ccccc2)nc2c1nnn2Cc1ccccc1)c1cccs1,tensor([6.5200])
O=C(Nc1nc(-c2ccccc2)nc2c1nnn2Cc1ccccc1)c1ccco1,tensor([6.2400])
O=c1n(-c2ccccc2)nc2c(NC3CCCC3)nc3ncccc3n12,tensor([6.6800])
O=C(Cc1ccccc1)Nc1nc2ncccc2n2c(=O)n(-c3ccccc3)nc12,tensor([6.6800])
O=c1n(-c2ccccc2)nc2c(NC3CCCCC3)nc3ncccc3n12,tensor([6.6800])
CCN(CC)CCOc1cc(-c2nc3c([nH]2)c(=O)n(C)c(=O)n3C)ccc1OC,tensor([6.2200])
COc1cc(-c2nc3c([nH]2)c(=O)n(C)c(=O)n3C)ccc1OCCN1CCCC1,tensor([6.])
COc1ccc(-c2nc3c([nH]2)c(=O)n(C)c(=O)n3C)cc1OCCN1CCCCC1,tensor([5.5700])
CN(C)CCOc1cccc(-c2nc3c([nH]2)c(=O)n(C)c(=O)n3C)c1,tensor([6.4000])
COc1cc(-c2nc3c([nH]2)c(=O)n(C)c(=O)n3C)ccc1OCCN1CCCCC1,tensor([6.1600])
COc1cc(-c2nc3c([nH]2)c(=O)n(C)c(=O)n3C)ccc1OCCN1CCOCC1,tensor([4.])
CCN(CC)CCOc1ccc(-c2nc3c([nH]2)c(=O)n(C)c(=O)n3C)cc1OC,tensor([5.9600])
Cn1c(=O)c2[nH]c(-c3cccc(OCCN4CCOCC4)c3)nc2n(C)c1=O,tensor([5.8500])
COc1cc(-c2nc3c([nH]2)c(=O)n(C)c(=O)n3C)ccc1OCCN(C)C,tensor([6.2200])
COc1ccc(-c2nc3c([nH]2)c(=O)n(C)c(=O)n3C)cc1OCCN(C)C,tensor([6.4000])
Cn1c(=O)c2[nH]c(-c3cccc(OCCN4CCCCC4)c3)nc2n(C)c1=O,tensor([6.1000])
Cn1c(=O)c2[nH]c(-c3cccc(OCCN4CCCC4)c3)nc2n(C)c1=O,tensor([6.4000])
COc1ccc(-c2nc3c([nH]2)c(=O)n(C)c(=O)n3C)cc1OCCN1CCOCC1,tensor([7.])
CCN(CC)CCOc1cccc(-c2nc3c([nH]2)c(=O)n(C)c(=O)n3C)c1,tensor([7.])
OC1C(CSc2ccccc2F)OC(n2cnc3c(NC4CCCC4)nc(Cl)nc32)C1O,tensor([5.6600])
OCC1OC(n2cnc3c(NC4CC5CCC4C5)ncnc32)C(O)C1O,tensor([5.9000])
OC1C(CSc2ccccc2F)OC(n2cnc3c(NC4CCOC4)ncnc32)C1O,tensor([4.7200])
OC1C(CSc2ccccc2F)OC(n2cnc3c(NC4CCCC4)ncnc32)C1O,tensor([5.2900])
CC1(O)C(O)C(CO)OC1n1cnc2c(NC3CC4CCC3C4)nc(Cl)nc21,tensor([4.9300])
OC1C(CCl)OC(n2cnc3c(NC4CCCC4)nc(Cl)nc32)C1O,tensor([5.6700])
CC1(O)C(O)C(CCl)OC1n1cnc2c(NC3CC4CCC3C4)nc(Cl)nc21,tensor([4.5000])
OC1C(CCl)OC(n2cnc3c(NC4CC5CCC4C5)nc(Cl)nc32)C1O,tensor([5.6900])
CC1(O)C(O)C(CCl)OC1n1cnc2c(NC3CCCC3)nc(Cl)nc21,tensor([4.7900])
CC1(O)C(O)C(CO)OC1n1cnc2c(NC3CC4CCC3C4)ncnc21,tensor([5.0600])
OCC1OC(n2cnc3c(NC4CC5CCC4C5)nc(Cl)nc32)C(O)C1O,tensor([6.1000])
OC1C(CCl)OC(n2cnc3c(NC4CCCC4)ncnc32)C1O,tensor([6.0800])
CC1(O)C(O)C(CCl)OC1n1cnc2c(NC3CC4CCC3C4)ncnc21,tensor([4.6200])
OC1C(CCl)OC(n2cnc3c(NC4CC5CCC4C5)ncnc32)C1O,tensor([5.8700])
COc1cccc(-n2c(=O)n(Cc3c(F)cccc3F)c3cnc(NCCN(C)C)nc32)c1,tensor([6.5800])
COc1cccc(-n2c(=O)n(Cc3c(F)cccc3F)c3cnc(NC4CCCC4)nc32)c1,tensor([6.6700])
COc1cccc(-n2c(=O)n(-c3ccccc3OC)c3cnc(NC4CC4)nc32)c1,tensor([5.2900])
COc1cccc(-n2c(=O)n(Cc3c(F)cccc3F)c3cnc(NCc4ccncc4)nc32)c1,tensor([7.3000])
COc1cccc(-n2c(=O)n(Cc3c(F)cccc3F)c3cnc(NC(C)C)nc32)c1,tensor([7.2200])
COc1cccc(-n2c(=O)n(Cc3c(F)cccc3F)c3cnc(NCC4CC4)nc32)c1,tensor([6.3000])
COc1cccc(-n2c(=O)n(Cc3c(F)cccc3F)c3cnc(NCc4ccccc4)nc32)c1,tensor([7.1400])
CNc1ncc2c(n1)n(-c1cccc(OC)c1)c(=O)n2Cc1c(F)cccc1F,tensor([7.6400])
COc1ccccc1Cn1c(=O)n(-c2ccccc2)c2nc(NC3CC3)ncc21,tensor([6.3900])
COc1cccc(-n2c(=O)n(C(C)c3ccccc3)c3cnc(NC4CC4)nc32)c1,tensor([6.4500])
COc1cccc(-n2c(=O)n(Cc3ccccc3F)c3cnc(NC4CC4)nc32)c1,tensor([7.4800])
COc1cccc(-n2c(=O)n(Cc3c(F)cccc3F)c3cnc(NCc4ccccn4)nc32)c1,tensor([7.9200])
COc1ccccc1Cn1c(=O)n(-c2ccccc2OC)c2nc(NC3CC3)ncc21,tensor([5.8100])
COc1cccc(-n2c(=O)n(Cc3ccccc3OC)c3cnc(NC4CC4)nc32)c1,tensor([7.6200])
COc1cccc(-n2c(=O)n(Cc3c(F)cccc3F)c3cnc(NCCc4ccccn4)nc32)c1,tensor([7.1100])
COc1cccc(-n2c(=O)n(Cc3ccccc3)c3cnc(NC4CC4)nc32)c1,tensor([7.2700])
COc1cccc(-n2c(=O)n(Cc3c(F)cccc3F)c3cnc(NCCN4CCOCC4)nc32)c1,tensor([6.5900])
CCNc1ncc2c(n1)n(-c1cccc(OC)c1)c(=O)n2Cc1c(F)cccc1F,tensor([7.5100])
COc1cccc(-n2c(=O)n(Cc3c(F)cccc3OC)c3cnc(NC4CC4)nc32)c1,tensor([8.2200])
COc1cccc(-n2c(=O)n(C)c3cnc(NC4CC4)nc32)c1,tensor([5.5800])
COc1cc(OC)cc(-n2c(=O)n(Cc3ccccc3OC)c3cnc(NC4CC4)nc32)c1,tensor([7.1200])
COc1ccccc1Cn1c(=O)n(-c2cccc(F)c2)c2nc(NC3CC3)ncc21,tensor([7.0500])
COCCNc1ncc2c(n1)n(-c1cccc(OC)c1)c(=O)n2Cc1c(F)cccc1F,tensor([6.9700])
COc1ccccc1Cn1c(=O)n(-c2cccc(C)c2)c2nc(NC3CC3)ncc21,tensor([6.5000])
COc1cccc(Cn2c(=O)n(Cc3ccccc3OC)c3cnc(NC4CC4)nc32)c1,tensor([5.0400])
COc1ccccc1Cn1c(=O)n(-c2cccc(OC(F)(F)F)c2)c2nc(NC3CC3)ncc21,tensor([6.6900])
COc1cccc(-n2c(=O)n(Cc3ccccc3Cl)c3cnc(NC4CC4)nc32)c1,tensor([7.0700])
COc1ccccc1Cn1c(=O)n(-c2cccc(C#N)c2)c2nc(NC3CC3)ncc21,tensor([5.5900])
COc1cccc(-n2c(=O)n(Cc3c(F)cccc3F)c3cnc(Nc4cccnc4)nc32)c1,tensor([6.9600])
COc1cccc(-n2c(=O)n(Cc3c(F)cccc3F)c3cnc(NCCc4cccs4)nc32)c1,tensor([8.0500])
COc1cccc(-n2c(=O)n(Cc3c(F)cccc3F)c3cnc(NCc4cccnc4)nc32)c1,tensor([7.1800])
COc1cccc(Cn2nnc3c(-c4ccco4)nc(N)nc32)c1,tensor([8.7400])
CC(C)NC(=O)c1cccc(Cn2nnc3c(-c4ccco4)nc(N)nc32)c1,tensor([7.9700])
Nc1nc(-c2ccco2)c2nnn(Cc3ccccc3F)c2n1,tensor([8.5700])
N#Cc1ccc(Cn2nnc3c(-c4ccco4)nc(N)nc32)cc1,tensor([7.1400])
Nc1nc(-c2ncco2)c2nnn(Cc3ccccc3F)c2n1,tensor([7.3900])
Cc1csc(-c2nc(N)nc3c2nnn3Cc2ccccc2F)n1,tensor([8.6600])
N#Cc1cccc(Cn2nnc3c(-c4ccco4)nc(N)nc32)c1,tensor([8.4100])
Nc1ccc(Cn2nnc3c(-c4ccco4)nc(N)nc32)cc1,tensor([8.8200])
Nc1nc(-c2ccco2)c2nnn(Cc3cccc(C(F)(F)F)c3)c2n1,tensor([8.6600])
Nc1ccc(Cn2nnc3c(-c4ccco4)nc(N)nc32)c(F)c1,tensor([8.4600])
Nc1nc(-c2ccco2)c2nnn(Cc3ccccc3[N+](=O)[O-])c2n1,tensor([8.1800])
Nc1nc(-c2ccco2)c2nnn(Cc3cccs3)c2n1,tensor([8.6400])
Nc1nc(-c2ccco2)c2nnn(Cc3ccc([N+](=O)[O-])cc3)c2n1,tensor([7.5500])
Nc1nc(-c2ccco2)c2nnn(Cc3cccc(Cl)c3)c2n1,tensor([8.6400])
Cc1ccc(-c2nc(N)nc3c2nnn3Cc2ccccc2F)o1,tensor([8.6800])
Nc1nc(-c2ccco2)c2nnn(Cc3ccc4[nH]ccc4c3)c2n1,tensor([8.9600])
Nc1nc(-c2ccco2)c2nnn(Cc3cccc(O)c3)c2n1,tensor([8.4000])
Nc1nc(-c2ccco2)c2nnn(Cc3c(F)cccc3F)c2n1,tensor([8.7200])
NC(=O)c1cccc(Cn2nnc3c(-c4ccco4)nc(N)nc32)c1,tensor([7.9600])
COC(=O)c1cccc(Cn2nnc3c(-c4ccco4)nc(N)nc32)c1,tensor([8.3900])
Cc1cc(Cn2nnc3c(-c4ccco4)nc(N)nc32)ccc1N,tensor([8.8900])
Nc1nc(-c2cc[nH]n2)c2nnn(Cc3ccccc3F)c2n1,tensor([6.6200])
Nc1nc(-c2ccco2)c2nnn(Cc3ccccc3N)c2n1,tensor([8.7000])
Nc1nc(-c2ccco2)c2nnn(Cc3cc(F)ccc3F)c2n1,tensor([8.6600])
COc1ccccc1Cn1nnc2c(-c3ccco3)nc(N)nc21,tensor([8.2700])
CC(C)c1cc(Cn2nnc3c(-c4ccco4)nc(N)nc32)ccc1N,tensor([8.8200])
Nc1nc(-c2ccco2)c2nn[nH]c2n1,tensor([6.7100])
Nc1nc(-c2ccco2)c2nnn(CC3CCCCC3)c2n1,tensor([8.0700])
Cc1cnc(-c2nc(N)nc3c2nnn3Cc2ccccc2F)s1,tensor([8.0700])
Nc1nc(-c2ccco2)c2nnn(Cc3ccc(F)cc3F)c2n1,tensor([8.7000])
Cc1cccc(Cn2nnc3c(-c4ccco4)nc(N)nc32)c1,tensor([8.5200])
Nc1nc(-c2ccco2)c2nnn(Cc3cccc(C(=O)O)c3)c2n1,tensor([6.0800])
Nc1nc(-c2cccs2)c2nnn(Cc3ccccc3F)c2n1,tensor([8.0900])
Nc1nc(-c2ccco2)c2nnn(Cc3ccc(N)c(F)c3)c2n1,tensor([9.1500])
Nc1nc(-c2ccco2)c2nnn(Cc3ccc(N)c(O)c3)c2n1,tensor([8.8000])
Nc1nc(-c2ccco2)c2nnn(Cc3ccc4[nH]ncc4c3)c2n1,tensor([8.0700])
Nc1nc(-c2ccco2)c2nnn(Cc3cccc([N+](=O)[O-])c3)c2n1,tensor([8.4300])
Nc1nc(-c2ccco2)c2nnn(Cc3cnccn3)c2n1,tensor([6.9100])
Nc1cccc(Cn2nnc3c(-c4ccco4)nc(N)nc32)c1,tensor([8.6000])
Nc1nc(-c2ccco2)c2nnn(Cc3ccco3)c2n1,tensor([8.0600])
CC(=O)Nc1ccc(Cn2nnc3c(-c4ccco4)nc(N)nc32)cc1,tensor([6.9400])
Nc1nc(-c2cnn[nH]2)c2nnn(Cc3ccccc3F)c2n1,tensor([6.4000])
CC(C)N(C)C(=O)c1cccc(Cn2nnc3c(-c4ccco4)nc(N)nc32)c1,tensor([7.6600])
Nc1nc(-c2ccco2)c2nnn(Cc3cccc(F)c3F)c2n1,tensor([8.6400])
NCc1ccc(Cn2nnc3c(-c4ccco4)nc(N)nc32)cc1,tensor([6.6200])
Nc1nc(-c2ccco2)c2nnn(Cc3ccsc3)c2n1,tensor([8.7200])
CCc1cc(Cn2nnc3c(-c4ccco4)nc(N)nc32)ccc1N,tensor([9.])
Nc1nc(-c2ccco2)c2nnn(Cc3ccc4[nH]nnc4c3)c2n1,tensor([7.9200])
Nc1nc(-c2cncs2)c2nnn(Cc3ccccc3F)c2n1,tensor([7.5100])
Cc1ccccc1Cn1nnc2c(-c3ccco3)nc(N)nc21,tensor([8.5200])
Nc1nc(-c2ccco2)c2nnn(Cc3ccccn3)c2n1,tensor([7.9200])
Nc1nc(-c2ccco2)c2nnn(Cc3cccnc3)c2n1,tensor([7.8400])
CNc1ccc(Cn2nnc3c(-c4ccco4)nc(N)nc32)cc1,tensor([8.8000])
OC1COC(n2cnc3c(NCc4cccc(Br)c4)ncnc32)C1O,tensor([5.8500])
OC1COC(n2cnc3c(NCc4cccc(Cl)c4)nc(Cl)nc32)C1O,tensor([5.4400])
OC1COC(n2cnc3c(NCc4cccc(I)c4)ncnc32)C1O,tensor([6.])
OC1COC(n2cnc3c(NCc4cccc(Cl)c4)ncnc32)C1O,tensor([5.4700])
OC1COC(n2cnc3c(NCc4cccc(F)c4)ncnc32)C1O,tensor([5.1800])
CCn1c(=O)c2[nH]c(-c3ccc(OCC(=O)Nc4ccc(C#N)cc4)cc3)nc2n(CCCOC)c1=O,tensor([6.9500])
CCn1c(=O)c2[nH]c(-c3ccc(OCC(=O)NC4CCCC4)cc3)nc2n(CCCOC)c1=O,tensor([7.0200])
CCn1c(=O)c2[nH]c(-c3ccc(OCC(=O)Nc4ccon4)cc3)nc2n(CCCOC)c1=O,tensor([6.6700])
CCn1c(=O)c2[nH]c(-c3ccc(OCC(=O)Nc4ccc(N(C)C)cc4)cc3)nc2n(CCCOC)c1=O,tensor([5.7500])
CCn1c(=O)c2[nH]c(-c3ccc(OCC(=O)Nc4cccnc4)cc3)nc2n(CCCOC)c1=O,tensor([6.1200])
CCn1c(=O)c2[nH]c(-c3ccc(-c4ccccc4)cc3)nc2n(CCCOC)c1=O,tensor([6.2800])
CCCn1c(=O)c2[nH]c(-c3ccc[nH]3)nc2n(CCCOC)c1=O,tensor([6.4000])
CCn1c(=O)c2[nH]c(-c3ccc(OCC(=O)Nc4ccc(F)cc4)cc3)nc2n(CCCOC)c1=O,tensor([7.2500])
CCn1c(=O)c2[nH]c(-c3ccc(OCC(=O)NN4CCc5ccccc5C4)cc3)nc2n(CCCOC)c1=O,tensor([6.6400])
CCn1c(=O)c2[nH]c(-c3ccco3)nc2n(CCCOC)c1=O,tensor([6.3100])
CCn1c(=O)c2[nH]c(-c3ccc(OCC(=O)Nc4ccccc4)cc3)nc2n(CCCOC)c1=O,tensor([7.0600])
CCn1c(=O)c2[nH]c(-c3ccc(OCC(=O)Nc4ccc(C(C)=O)cc4)cc3)nc2n(CCCOC)c1=O,tensor([6.8300])
CCn1c(=O)c2[nH]c(-c3ccc(OCC(=O)Nc4ccc(O)cc4)cc3)nc2n(CCCOC)c1=O,tensor([6.3800])
CCSCCn1c(=O)c2[nH]c(-c3ccco3)nc2n(CCCOC)c1=O,tensor([5.3000])
CCn1c(=O)c2[nH]c(-c3ccc(OCC(=O)Nc4nc5ccccc5[nH]4)cc3)nc2n(CCCOC)c1=O,tensor([6.6900])
CCn1c(=O)c2[nH]c(-c3ccc[nH]3)nc2n(CCCOC)c1=O,tensor([6.6800])
CCCn1c(=O)c2[nH]c(-c3ccccc3)nc2n(CCCOC)c1=O,tensor([6.4700])
CCn1c(=O)c2[nH]c(-c3ccc(OCC(=O)Nc4ccc(Br)cc4)cc3)nc2n(CCCOC)c1=O,tensor([7.0100])
CCn1c(=O)c2[nH]c(-c3ccc(OCC(=O)Nc4ccccn4)cc3)nc2n(CCCOC)c1=O,tensor([6.7700])
Cc1nccnc1-c1nc2cc(N(C)CCN3CCN(c4ccc(F)cc4F)CC3)nc(N)n2n1,tensor([9.5200])
CN(CCN1CCN(c2ccc(F)cc2F)CC1)c1cc2nc(-c3cnco3)nn2c(N)n1,tensor([9.5200])
CN(CCc1ccc(F)cc1)c1cc2nc(-c3ccco3)nn2c(N)n1,tensor([8.7000])
COCCOc1ccc(N2CCN(CCN(C)c3cc4nc(-c5cccc(C#N)c5)nn4c(N)n3)CC2)cc1,tensor([9.1500])
Nc1nc(OCCN2CCN(c3ccc(F)cc3F)CC2)cc2nc(-c3ccco3)nn12,tensor([8.2200])
COc1ccc(CCN(C)c2cc3nc(-c4ccco4)nn3c(N)n2)cc1,tensor([8.7400])
COCCOc1ccc(N2CCN(CCN(CCOC)c3cc4nc(-c5ccco5)nn4c(N)n3)CC2)cc1,tensor([9.1500])
COc1ccc(CCCN(C)c2cc3nc(-c4ccco4)nn3c(N)n2)cc1,tensor([8.2400])
COc1ccc(CN(C)c2cc3nc(-c4ccco4)nn3c(N)n2)cc1,tensor([7.3400])
Nc1nc(N(CCN2CCN(c3ccc(F)cc3F)CC2)CC2CC2)cc2nc(-c3ccco3)nn12,tensor([9.5200])
COc1ccc(CCNc2cc3nc(-c4ccco4)nn3c(N)n2)cc1,tensor([8.2400])
COCCOc1ccc(N2CCN(CCN(C)c3cc4nc(-c5ccco5)nn4c(N)n3)CC2)cc1,tensor([8.6000])
CCN(CCN1CCN(c2ccc(OCCOC)cc2)CC1)c1cc2nc(-c3ccco3)nn2c(N)n1,tensor([8.8200])
Nc1nc(SCCN2CCN(c3ccc(F)cc3F)CC2)cc2nc(-c3ccco3)nn12,tensor([8.8500])
CN(CCN1CCN(c2ccc(F)cc2F)CC1)c1cc2nc(-c3cccc(C#N)c3)nn2c(N)n1,tensor([8.7400])
Nc1nc(NCCN2CCN(c3ccc(F)cc3F)CC2)cc2nc(-c3ccco3)nn12,tensor([8.8200])
COCCN(CCN1CCN(c2ccc(F)cc2F)CC1)c1cc2nc(-c3ccco3)nn2c(N)n1,tensor([9.3000])
COc1ccc(CCSc2cc3nc(-c4ccco4)nn3c(N)n2)cc1,tensor([8.8000])
CCN(CCc1ccc(F)cc1)c1cc2nc(-c3ccco3)nn2c(N)n1,tensor([8.5200])
COCCOc1ccc(N2CCN(CCSc3cc4nc(-c5ccco5)nn4c(N)n3)CC2)cc1,tensor([8.8200])
COCCOc1ccc(N2CCN(CCN(C)c3cc4nc(-c5ccccc5)nn4c(N)n3)CC2)cc1,tensor([7.6000])
COCCOc1ccc(N2CCN(CCOc3cc4nc(-c5ccc(Cl)o5)nn4c(N)n3)CC2)cc1,tensor([7.4000])
COCCN(CCc1ccc(F)cc1)c1cc2nc(-c3ccco3)nn2c(N)n1,tensor([9.])
COc1ccc(CCCc2cc3nc(-c4ccco4)nn3c(N)n2)cc1,tensor([7.9400])
COCCOc1ccc(N2CCN(CCOc3cc4nc(-c5ccco5)nn4c(N)n3)CC2)cc1,tensor([8.5500])
COc1ccc(CCOc2cc3nc(-c4ccco4)nn3c(N)n2)cc1,tensor([8.5500])
COCCOc1ccc(N2CCN(CCN(CC3CC3)c3cc4nc(-c5ccco5)nn4c(N)n3)CC2)cc1,tensor([9.1000])
CN(CCN1CCN(c2ccc(F)cc2F)CC1)c1cc2nc(-c3ccco3)nn2c(N)n1,tensor([9.])
COCCOc1ccc(N2CCN(CCNc3cc4nc(-c5ccco5)nn4c(N)n3)CC2)cc1,tensor([8.0200])
OC1CSC(n2cnc3c(NCc4cccc(F)c4)ncnc32)C1O,tensor([5.9000])
OC1CSC(n2cnc3c(NCc4cccc(Br)c4)ncnc32)C1O,tensor([6.3800])
OC1CSC(n2cnc3c(NCc4cccc(Cl)c4)ncnc32)C1O,tensor([6.3600])
OC1CSC(n2cnc3c(NCc4cccc(I)c4)ncnc32)C1O,tensor([6.6400])
O=C(c1ccccc1)c1sc(NCCc2cccs2)nc1-c1ccco1,tensor([7.9200])
CN(CCc1cccs1)c1nc(-c2ccco2)c(C(=O)c2ccccc2)s1,tensor([5.0900])
CC(C)CNc1nc(-c2ccco2)c(C(=O)c2ccccc2)s1,tensor([7.0500])
O=C(c1ccccc1)c1sc(N(CCc2cccs2)Cc2ccccc2)nc1-c1ccco1,tensor([5.1500])
CC(=O)NCCNc1nc(-c2ccco2)c(C(=O)c2ccccc2)s1,tensor([6.5500])
COC(C)CNc1nc(-c2ccco2)c(C(=O)c2ccccc2)s1,tensor([6.8100])
O=C(c1ccccc1)c1sc(NCc2cccs2)nc1-c1ccco1,tensor([7.2700])
O=C(c1ccccc1)c1sc(NCc2ccco2)nc1-c1ccco1,tensor([7.3700])
COCCNc1nc(-c2ccco2)c(C(=O)c2ccccc2)s1,tensor([6.7100])
O=C(c1ccccc1)c1sc(NCCCc2ccccc2)nc1-c1ccco1,tensor([6.9800])
CN(Cc1ccco1)c1nc(-c2ccco2)c(C(=O)c2ccccc2)s1,tensor([6.8000])
O=C(c1ccccc1)c1sc(NCCc2ccc3c(c2)OCO3)nc1-c1ccco1,tensor([7.2100])
CN(C)c1nc(-c2ccco2)c(C(=O)c2ccccc2)s1,tensor([5.1700])
O=C(c1ccccc1)c1sc(NCc2ccc(F)c(F)c2)nc1-c1ccco1,tensor([7.1900])
CC(=O)N1CCC(Nc2nc(-c3ccco3)c(C(=O)c3ccccc3)s2)CC1,tensor([6.3400])
O=C(c1ccccc1)c1sc(N(Cc2ccccc2)Cc2ccco2)nc1-c1ccco1,tensor([7.0600])
CN(Cc1ccccc1)c1nc(-c2ccco2)c(C(=O)c2ccccc2)s1,tensor([5.5500])
O=C(c1ccccc1)c1sc(NC2CCN(Cc3ccccc3F)CC2)nc1-c1ccco1,tensor([6.9800])
Nc1nc(NC(=O)c2ccccc2)c([N+](=O)[O-])c(-c2ccco2)n1,tensor([6.5100])
Nc1nc(C(=O)NCc2ccc(Cl)cc2)cc(-c2ccco2)n1,tensor([7.7600])
COc1ccc(CNC(=O)c2cc(-c3ccco3)nc(N)n2)cc1,tensor([7.1000])
Nc1nc(C(=O)NCc2cccnc2)cc(-c2ccco2)n1,tensor([8.0300])
Nc1nc(C(=O)NCc2cccc(Cl)c2)cc(-c2ccco2)n1,tensor([8.4300])
Nc1nc(NC(=O)c2ccncc2)c([N+](=O)[O-])c(-c2ccco2)n1,tensor([6.8200])
COc1cccc(CNC(=O)c2cc(-c3ccco3)nc(N)n2)c1,tensor([8.2100])
Nc1nc(NC(=O)c2ccccc2F)c([N+](=O)[O-])c(-c2ccco2)n1,tensor([7.6400])
Cc1cccc(CNC(=O)c2cc(-c3ccco3)nc(N)n2)c1,tensor([8.5900])
Nc1nc(C(=O)NCc2ccncc2)cc(-c2ccco2)n1,tensor([6.4100])
Nc1nc(C(=O)NCc2ccccn2)cc(-c2ccco2)n1,tensor([8.3700])
COc1ccccc1CC(=O)Nc1nc(N)nc(-c2ccco2)c1[N+](=O)[O-],tensor([8.])
Nc1nc(C(=O)NCc2ccccc2Cl)cc(-c2ccco2)n1,tensor([8.5900])
Cc1ccc(CNC(=O)c2cc(-c3ccco3)nc(N)n2)cc1,tensor([8.0200])
Nc1nc(C(=O)NCc2ccc(F)cc2)cc(-c2ccco2)n1,tensor([7.7000])
Nc1nc(C(=O)NCc2cccc(F)c2)cc(-c2ccco2)n1,tensor([8.3200])
Nc1nc(C(=O)NCc2ccccc2F)cc(-c2ccco2)n1,tensor([8.4600])
Nc1nc(NC(=O)c2cccnc2)c([N+](=O)[O-])c(-c2ccco2)n1,tensor([6.6600])
COc1ccccc1C(=O)Nc1nc(N)nc(-c2ccco2)c1[N+](=O)[O-],tensor([6.7700])
Nc1nc(C(=O)NCc2ccco2)cc(-c2ccco2)n1,tensor([7.8500])
Cc1ccccc1CNC(=O)c1cc(-c2ccco2)nc(N)n1,tensor([8.6600])
Nc1nc(C(=O)NCc2ccccc2)cc(-c2ccco2)n1,tensor([8.1200])
COCc1cccc(CNC(=O)c2cc(-c3ccco3)nc(N)n2)n1,tensor([8.7700])
Nc1cccc(CNC(=O)c2cc(-c3ccco3)nc(N)n2)n1,tensor([8.1500])
COc1ccccc1CNC(=O)c1cc(-c2ccco2)nc(N)n1,tensor([8.4600])
CCCn1c(=O)c2[nH]c(-c3ccc([N+](=O)[O-])cc3)c(O)c2n(CCC)c1=O,tensor([6.8400])
CCCn1c(=O)c2c(cc(-c3ccc(C)cc3)n2O)n(CCC)c1=O,tensor([6.4000])
CCCn1c(=O)c2[nH]c(-c3ccc(C)cc3)cc2n(CCC)c1=O,tensor([6.2000])
CCCn1c(=O)c2[nH]c(-c3ccc(N)cc3)c(O)c2n(CCC)c1=O,tensor([6.7800])
CCCn1c(=O)c2c(cc(-c3ccc(OC)cc3)n2O)n(CCC)c1=O,tensor([6.2000])
Cc1ccc(-c2cc3c([nH]2)c(=O)n(C)c(=O)n3C)cc1,tensor([6.9000])
CCCn1c(=O)c2[nH]c(-c3ccc(C)cc3)c(O)c2n(CCC)c1=O,tensor([7.0500])
CCCn1c(=O)c2[nH]c(-c3ccco3)c(OS(=O)(=O)O)c2n(CCC)c1=O,tensor([6.3900])
CCCn1c(=O)c2c(cc(-c3ccc(O)cc3)n2O)n(CCC)c1=O,tensor([6.9900])
CCCn1c(=O)c2[nH]c(-c3ccc(C(C)=O)cc3)c(O)c2n(CCC)c1=O,tensor([6.4900])
CCCn1c(=O)c2[nH]c(-c3ccccc3)cc2n(CCC)c1=O,tensor([6.1900])
CCCn1c(=O)c2[nH]c(-c3ccc(N)cc3)cc2n(CCC)c1=O,tensor([6.7900])
CCCn1c(=O)c2[nH]c(-c3ccc(O)cc3)cc2n(CCC)c1=O,tensor([7.3200])
CCCn1c(=O)c2[nH]c(-c3ccc(C(=O)O)cc3)c(O)c2n(CCC)c1=O,tensor([6.0300])
Cn1c(=O)c2[nH]c(-c3ccc(S(C)(=O)=O)cc3)c(O)c2n(C)c1=O,tensor([6.1600])
CCCn1c(=O)c2[nH]c(-c3ccc(OCC(=O)N4CCN(Cc5ccccc5)CC4)cc3)c(O)c2n(CCC)c1=O,tensor([7.0400])
CCCn1c(=O)c2[nH]c(-c3ccc(OC)cc3)cc2n(CCC)c1=O,tensor([6.7000])
CCCn1c(=O)c2[nH]c(-c3ccc(OCC(=O)Nc4ccc(Br)cc4)cc3)c(O)c2n(CCC)c1=O,tensor([7.])
Cn1c(=O)c2[nH]c(-c3ccccc3)c(O)c2n(C)c1=O,tensor([5.8300])
CCCn1c(=O)c2c(cc(-c3ccc(N)cc3)n2O)n(CCC)c1=O,tensor([6.6200])
CCCn1c(=O)c2[nH]c(-c3ccc(OC)cc3)c(O)c2n(CCC)c1=O,tensor([6.8300])
Cn1c(=O)c2[nH]c(-c3ccccc3)cc2n(C)c1=O,tensor([6.3200])
CCCn1c(=O)c2[nH]c(-c3ccc(S(C)(=O)=O)cc3)c(O)c2n(CCC)c1=O,tensor([7.5500])
Cc1ccc(-c2[nH]c3c(=O)n(C)c(=O)n(C)c3c2O)cc1,tensor([5.6100])
CCCn1c(=O)c2[nH]c(-c3ccccc3)c(O)c2n(CCC)c1=O,tensor([7.3000])
CCCn1c(=O)c2[nH]c(-c3ccc(S(C)(=O)=O)cc3)c(O)c2n(C)c1=O,tensor([6.3300])
CCCn1c(=O)c2[nH]c(-c3ccco3)c(O)c2n(CCC)c1=O,tensor([6.9800])
CCn1cc2c(nc(NC(=O)Cc3ccsc3)n3nc(-c4ccco4)nc23)n1,tensor([7.6400])
Nc1nc2nn(CCc3c(Br)cc(Br)cc3Br)cc2c2nc(-c3ccco3)nn12,tensor([6.4600])
CC(C)CCn1cc2c(nc(NC(=O)Cc3ccc(Cl)cc3)n3nc(-c4ccco4)nc23)n1,tensor([8.5600])
CC(C)CCn1cc2c(nc(NC(=O)Cc3ccc(-c4ccccc4)cc3)n3nc(-c4ccco4)nc23)n1,tensor([8.0400])
CCCn1cc2c(nc(NC(=O)Nc3ccccc3)n3nc(-c4ccco4)nc23)n1,tensor([7.2100])
CCCCn1cc2c(nc(NC(=O)Nc3ccc(Cl)c(Cl)c3)n3nc(-c4ccco4)nc23)n1,tensor([6.3000])
CCCCn1cc2c(nc(NC(=O)Nc3ccc(C)cc3)n3nc(-c4ccco4)nc23)n1,tensor([7.6200])
Cn1cc2c(nc(NC(=O)COc3ccccc3)n3nc(-c4ccco4)nc23)n1,tensor([7.8200])
CCCn1cc2c(nc(NC(=O)Nc3ccccc3OC)n3nc(-c4ccco4)nc23)n1,tensor([7.])
Nc1nc2c(cnn2CCCc2ccc3c(c2)OC(C(=O)O)(C(=O)O)O3)c2nc(-c3ccco3)nn12,tensor([6.9200])
O=C(Cc1ccsc1)Nc1nc2nn(CCc3ccccc3)cc2c2nc(-c3ccco3)nn12,tensor([7.8900])
CC(C)CCn1cc2c(nc(NC(=O)Cc3ccc(C(F)(F)F)cc3)n3nc(-c4ccco4)nc23)n1,tensor([8.2700])
CC(C)(C)OC(=O)NCCCC(=O)Nc1nc2nn(CCc3ccccc3)cc2c2nc(-c3ccco3)nn12,tensor([6.5400])
O=C(Nc1nc2nn(CCCc3ccccc3)cc2c2nc(-c3ccco3)nn12)C(c1ccccc1)c1ccccc1,tensor([6.4900])
CCCCn1cc2c(nc(NC(=O)Nc3ccc4c(c3)OCO4)n3nc(-c4ccco4)nc23)n1,tensor([6.4200])
CCOC(=O)c1ccc(CCn2ncc3c2nc(N)n2nc(-c4ccco4)nc32)cc1,tensor([8.4000])
CC(C)CCn1cc2c(nc(NC(=O)C(c3ccccc3)c3ccccc3)n3nc(-c4ccco4)nc23)n1,tensor([6.8000])
CCCCn1cc2c(nc(NC(=O)Nc3ccccc3)n3nc(-c4ccco4)nc23)n1,tensor([6.8300])
COc1ccc(CC(=O)Nc2nc3nn(C)cc3c3nc(-c4ccco4)nn23)cc1,tensor([7.2000])
CCCn1cc2c(nc(NC(=O)Nc3ccccc3Cl)n3nc(-c4ccco4)nc23)n1,tensor([6.9200])
Nc1nc2c(cnn2CCc2ccc(S(=O)(=O)N(CCO)CCO)cc2)c2nc(-c3ccco3)nn12,tensor([9.1000])
CCCCn1cc2c(nc(NC(=O)Nc3ccc(Br)cc3)n3nc(-c4ccco4)nc23)n1,tensor([7.1800])
Cn1cc2c(nc(NC(=O)Nc3ccc(F)cc3)n3nc(-c4ccco4)nc23)n1,tensor([6.9200])
CCn1cc2c(nc(NC(=O)Nc3cccc(OC)c3)n3nc(-c4ccco4)nc23)n1,tensor([6.8500])
CCCn1cc2c(nc(NC(=O)Nc3ccc(Cl)cc3)n3nc(-c4ccco4)nc23)n1,tensor([6.8500])
Cn1cc2c(nc(NC(=O)Nc3ccc(C(F)(F)F)cc3)n3nc(-c4ccco4)nc23)n1,tensor([6.8500])
O=C(Cc1ccc(Cl)cc1)Nc1nc2nn(CCCc3ccccc3)cc2c2nc(-c3ccco3)nn12,tensor([7.0500])
COc1ccc(CC(=O)Nc2nc3nn(C)c(SC)c3c3nc(-c4ccco4)nn23)cc1,tensor([7.8200])
CCCCn1cc2c(nc(NC(=O)Nc3ccccc3OC)n3nc(-c4ccco4)nc23)n1,tensor([7.0400])
CC(C)CCn1cc2c(nc(NC(=O)COc3ccc(Cl)cc3)n3nc(-c4ccco4)nc23)n1,tensor([7.7900])
Cn1cc2c(nc(NC(=O)Nc3ccc(Cl)c(Cl)c3)n3nc(-c4ccco4)nc23)n1,tensor([6.8400])
O=C(Cc1c(Cl)cccc1Cl)Nc1nc2nn(CCCc3ccccc3)cc2c2nc(-c3ccco3)nn12,tensor([6.7300])
C=Cn1cc2c(nc(NC(=O)Nc3ccc(OC)cc3)n3nc(-c4ccco4)nc23)n1,tensor([6.7500])
Cn1cc2c(nc(NC(=O)Nc3ccc4c(c3)OCO4)n3nc(-c4ccco4)nc23)n1,tensor([6.1700])
CCCn1cc2c(nc(NC(=O)Cc3ccccc3)n3nc(-c4ccco4)nc23)n1,tensor([6.5100])
Cn1cc2c(nc(NC(=O)Nc3ccc(Cl)cc3)n3nc(-c4ccco4)nc23)n1,tensor([6.7500])
CCn1cc2c(nc(NC(=O)Cc3cccs3)n3nc(-c4ccco4)nc23)n1,tensor([7.8000])
Cn1cc2c(nc(NC(=O)Cc3ccc4ccccc4c3)n3nc(-c4ccco4)nc23)n1,tensor([7.1100])
CC(C)CCn1cc2c(nc(NC(=O)Cc3c(Cl)cccc3Cl)n3nc(-c4ccco4)nc23)n1,tensor([7.7300])
CC(C)CCn1cc2c(nc(NC(=O)Cc3ccc4ccccc4c3)n3nc(-c4ccco4)nc23)n1,tensor([7.8000])
CCn1cc2c(nc(NC(=O)Cc3ccc4ccccc4c3)n3nc(-c4ccco4)nc23)n1,tensor([7.7400])
Cn1cc2c(nc(NC(=O)Cc3cccc4ccccc34)n3nc(-c4ccco4)nc23)n1,tensor([7.0900])
CCn1cc2c(nc(NC(=O)Nc3ccc(Cl)c(Cl)c3)n3nc(-c4ccco4)nc23)n1,tensor([6.4500])
CCn1cc2c(nc(NC(=O)C(c3ccccc3)c3ccccc3)n3nc(-c4ccco4)nc23)n1,tensor([6.8800])
Nc1nc2c(cnn2CCCc2ccc(S(=O)(=O)O)cc2)c2nc(-c3ccco3)nn12,tensor([6.8500])
COc1ccc(NC(=O)Nc2nc3nn(CCc4c(Br)cc(Br)cc4Br)cc3c3nc(-c4ccco4)nn23)cc1,tensor([5.6900])
CCCCn1cc2c(nc(NC(=O)Cc3cccc4ccccc34)n3nc(-c4ccco4)nc23)n1,tensor([7.9300])
CCCn1cc2c(nc(NC(=O)Nc3ccc(C)cc3)n3nc(-c4ccco4)nc23)n1,tensor([7.9200])
Nc1nc2c(cnn2CCCc2ccc3c(c2)OC(CO)(CO)O3)c2nc(-c3ccco3)nn12,tensor([9.7200])
CCCCn1cc2c(nc(NC(=O)Nc3ccc(S(=O)(=O)O)cc3)n3nc(-c4ccco4)nc23)n1,tensor([6.4500])
CCCCn1cc2c(nc(NC(=O)Nc3ccccc3Cl)n3nc(-c4ccco4)nc23)n1,tensor([7.])
CC(C)CCn1cc2c(nc(NC(=O)Cc3ccsc3)n3nc(-c4ccco4)nc23)n1,tensor([8.4100])
CC(C)CCn1cc2c(nc(NC(=O)Cc3ccc(F)cc3)n3nc(-c4ccco4)nc23)n1,tensor([8.4300])
CCn1cc2c(nc(NC(=O)Nc3ccccc3OC)n3nc(-c4ccco4)nc23)n1,tensor([6.8800])
CC(C)CCn1cc2c(nc(NC(=O)CCCNC(=O)OC(C)(C)C)n3nc(-c4ccco4)nc23)n1,tensor([6.5300])
CCCCn1cc2c(nc(NC(=O)Nc3cccc(OC)c3)n3nc(-c4ccco4)nc23)n1,tensor([7.0200])
CC(C)CCn1cc2c(nc(NC(=O)Cc3cccs3)n3nc(-c4ccco4)nc23)n1,tensor([8.6900])
CCCn1cc2c(nc(NC(=O)Nc3ccc4c(c3)OCO4)n3nc(-c4ccco4)nc23)n1,tensor([6.1800])
COc1cccc(NC(=O)Nc2nc3nn(C)cc3c3nc(-c4ccco4)nn23)c1,tensor([6.8000])
CN1CCN(S(=O)(=O)c2ccc(CCn3ncc4c3nc(N)n3nc(-c5ccco5)nc43)cc2)CC1,tensor([8.4200])
COc1ccc(NC(=O)Nc2nc3n[nH]cc3c3nc(-c4ccco4)nn23)cc1,tensor([6.2800])
COc1ccc(NC(=O)Nc2nc3nn(C(C)(C)C)cc3c3nc(-c4ccco4)nn23)cc1,tensor([6.2600])
CCCn1cc2c(nc(NC(=O)Nc3ccc(S(=O)(=O)O)cc3)n3nc(-c4ccco4)nc23)n1,tensor([6.5200])
O=C(Cc1cccc(Cl)c1)Nc1nc2nn(CCCc3ccccc3)cc2c2nc(-c3ccco3)nn12,tensor([6.7400])
CC(C)(C)n1cc2c(nc(NC(=O)Nc3cccc(Cl)c3)n3nc(-c4ccco4)nc23)n1,tensor([6.1000])
CCn1cc2c(nc(NC(=O)Cc3cccc4ccccc34)n3nc(-c4ccco4)nc23)n1,tensor([7.1300])
O=C(Cc1ccc2ccccc2c1)Nc1nc2nn(CCCc3ccccc3)cc2c2nc(-c3ccco3)nn12,tensor([7.1300])
CCCCn1cc2c(nc(NC(=O)Cc3cccs3)n3nc(-c4ccco4)nc23)n1,tensor([8.3800])
Nc1nc2c(cnn2CCCc2ccc3c(c2S(=O)(=O)O)OCO3)c2nc(-c3ccco3)nn12,tensor([7.1200])
CCCCn1cc2c(nc(NC(=O)Nc3cccc(Cl)c3)n3nc(-c4ccco4)nc23)n1,tensor([7.0200])
Nc1nc2n[nH]cc2c2nc(-c3ccco3)nn12,tensor([7.7000])
Cn1cc2c(nc(NC(=O)Cc3ccc(C(F)(F)F)cc3)n3nc(-c4ccco4)nc23)n1,tensor([7.1200])
COc1ccccc1NC(=O)Nc1nc2nn(C)cc2c2nc(-c3ccco3)nn12,tensor([6.7500])
CCn1cc2c(nc(NC(=O)Cc3ccc(-c4ccccc4)cc3)n3nc(-c4ccco4)nc23)n1,tensor([7.1500])
CC(C)(C)n1cc2c(nc(N)n3nc(-c4ccco4)nc23)n1,tensor([7.3500])
Cn1cc2c(nc(N)n3nc(-c4ccco4)nc23)n1,tensor([8.5500])
CCn1cc2c(nc(NC(=O)Nc3ccccc3)n3nc(-c4ccco4)nc23)n1,tensor([7.4000])
COc1ccc(NC(=O)Nc2nc3nn(CC=C(C)C)cc3c3nc(-c4ccco4)nn23)cc1,tensor([5.9900])
CC(C)=CCn1cc2c(nc(N)n3nc(-c4ccco4)nc23)n1,tensor([9.1000])
CC(C)CCn1cc2c(nc(NC(=O)Nc3cccc(Cl)c3)n3nc(-c4ccco4)nc23)n1,tensor([6.9400])
CCn1cc2c(nc(NC(=O)Nc3ccc(C)cc3)n3nc(-c4ccco4)nc23)n1,tensor([7.5200])
O=C(Cc1cccs1)Nc1nc2nn(CCc3ccccc3)cc2c2nc(-c3ccco3)nn12,tensor([8.0600])
Cc1ccc(NC(=O)Nc2nc3nn(C)cc3c3nc(-c4ccco4)nn23)cc1,tensor([6.9600])
Cn1cc2c(nc(NC(=O)Cc3ccc(F)cc3)n3nc(-c4ccco4)nc23)n1,tensor([7.2700])
Cn1cc2c(nc(NC(=O)Cc3cccc(Cl)c3)n3nc(-c4ccco4)nc23)n1,tensor([7.5200])
O=C(Nc1cccc(Cl)c1)Nc1nc2n[nH]cc2c2nc(-c3ccco3)nn12,tensor([6.6100])
Cn1cc2c(nc(NC(=O)Cc3ccc(Cl)cc3)n3nc(-c4ccco4)nc23)n1,tensor([6.8100])
CCn1cc2c(nc(NC(=O)Nc3ccccc3Cl)n3nc(-c4ccco4)nc23)n1,tensor([6.8200])
CCCCn1cc2c(nc(NC(=O)Cc3ccc(-c4ccccc4)cc3)n3nc(-c4ccco4)nc23)n1,tensor([7.4000])
O=C(Cc1cccc(Cl)c1)Nc1nc2nn(CCc3ccccc3)cc2c2nc(-c3ccco3)nn12,tensor([8.2400])
CCn1cc2c(nc(NC(=O)Nc3ccc4c(c3)OCO4)n3nc(-c4ccco4)nc23)n1,tensor([6.2400])
Cn1cc2c(nc(NC(=O)Cc3cccs3)n3nc(-c4ccco4)nc23)n1,tensor([7.2500])
Cn1cc2c(nc(NC(=O)COc3ccc(Cl)cc3)n3nc(-c4ccco4)nc23)n1,tensor([7.4100])
COc1ccc(CC(=O)Nc2nc3nn(CCC(C)C)cc3c3nc(-c4ccco4)nn23)cc1,tensor([8.7100])
Cn1cc2c(nc(NC(=O)Nc3ccccc3Cl)n3nc(-c4ccco4)nc23)n1,tensor([6.7000])
CCCCn1cc2c(nc(NC(=O)C(c3ccccc3)c3ccccc3)n3nc(-c4ccco4)nc23)n1,tensor([6.9400])
Cn1cc2c(nc(NC(=O)Cc3ccsc3)n3nc(-c4ccco4)nc23)n1,tensor([7.5000])
CCCn1cc2c(nc(NC(=O)Cc3cccc4ccccc34)n3nc(-c4ccco4)nc23)n1,tensor([7.4100])
CCCCn1cc2c(nc(NC(=O)Nc3ccc(Cl)cc3)n3nc(-c4ccco4)nc23)n1,tensor([6.9600])
CC(C)CCn1cc2c(nc(N)n3nc(-c4ccco4)nc23)n1,tensor([9.1100])
CCCn1cc2c(nc(NC(=O)Nc3cccc(OC)c3)n3nc(-c4ccco4)nc23)n1,tensor([6.9500])
CCCCn1cc2c(nc(NC(=O)Nc3ccc(F)cc3)n3nc(-c4ccco4)nc23)n1,tensor([7.3000])
CSc1c2c(nc(NC(=O)Cc3ccc(OCC(C)C)cc3)n3nc(-c4ccco4)nc23)nn1C,tensor([7.3000])
Nc1nc2c(cnn2CCc2ccc(S(=O)(=O)NCC(=O)O)cc2)c2nc(-c3ccco3)nn12,tensor([7.3000])
CCCn1cc2c(nc(NC(=O)Nc3ccc(Br)cc3)n3nc(-c4ccco4)nc23)n1,tensor([7.3000])
CCn1cc2c(nc(NC(=O)Nc3ccc(S(=O)(=O)O)cc3)n3nc(-c4ccco4)nc23)n1,tensor([6.6000])
CCOC(=O)COc1ccc(CCCn2ncc3c2nc(N)n2nc(-c4ccco4)nc32)cc1,tensor([9.3700])
Cn1cc2c(nc(NC(=O)C(c3ccccc3)c3ccccc3)n3nc(-c4ccco4)nc23)n1,tensor([6.6700])
CCCCn1cc2c(nc(NC(=O)Nc3ccc(C(F)(F)F)cc3)n3nc(-c4ccco4)nc23)n1,tensor([7.5100])
CCn1cc2c(nc(NC(=O)Nc3ccc(Br)cc3)n3nc(-c4ccco4)nc23)n1,tensor([7.4000])
CCCn1cc2c(nc(NC(=O)Nc3ccc(Cl)c(Cl)c3)n3nc(-c4ccco4)nc23)n1,tensor([6.4000])
O=C(COc1ccc(Cl)cc1)Nc1nc2nn(CCc3ccccc3)cc2c2nc(-c3ccco3)nn12,tensor([7.5000])
CCCCn1cc2c(nc(NC(=O)Cc3ccsc3)n3nc(-c4ccco4)nc23)n1,tensor([8.5000])
O=C(Cc1ccc2ccccc2c1)Nc1nc2nn(CCc3ccccc3)cc2c2nc(-c3ccco3)nn12,tensor([7.3800])
Cn1cc2c(nc(NC(=O)Cc3ccc(-c4ccccc4)cc3)n3nc(-c4ccco4)nc23)n1,tensor([6.7100])
Nc1nc2c(cnn2CCCc2ccc3c(c2)OC(C(=O)O)O3)c2nc(-c3ccco3)nn12,tensor([7.2300])
CC(C)=CCn1cc2c(nc(NC(=O)Nc3cccc(Cl)c3)n3nc(-c4ccco4)nc23)n1,tensor([6.9600])
CCOC(=O)C1Oc2ccc(CCCn3ncc4c3nc(N)n3nc(-c5ccco5)nc43)cc2O1,tensor([8.2600])
CCn1cc2c(nc(NC(=O)Nc3ccc(C(F)(F)F)cc3)n3nc(-c4ccco4)nc23)n1,tensor([7.2800])
CCn1cc2c(nc(NC(=O)Nc3ccc(Cl)cc3)n3nc(-c4ccco4)nc23)n1,tensor([6.8000])
Cn1cc2c(nc(NC(=O)Nc3cccc(Cl)c3)n3nc(-c4ccco4)nc23)n1,tensor([5.9200])
O=C(COc1ccc(Cl)cc1)Nc1nc2nn(CCCc3ccccc3)cc2c2nc(-c3ccco3)nn12,tensor([7.5700])
CCCn1cc2c(nc(NC(=O)Cc3ccc(-c4ccccc4)cc3)n3nc(-c4ccco4)nc23)n1,tensor([7.2800])
CCCn1cc2c(nc(NC(=O)Nc3cccc(Cl)c3)n3nc(-c4ccco4)nc23)n1,tensor([5.9100])
CCCCn1cc2c(nc(NC(=O)Cc3ccccc3)n3nc(-c4ccco4)nc23)n1,tensor([6.4000])
CCCCn1cc2c(nc(N)n3nc(-c4ccco4)nc23)n1,tensor([8.8000])
CCn1cc2c(nc(NC(=O)Nc3ccc(F)cc3)n3nc(-c4ccco4)nc23)n1,tensor([7.2200])
CCCn1cc2c(nc(NC(=O)Nc3ccc(F)cc3)n3nc(-c4ccco4)nc23)n1,tensor([7.3800])
O=C(Cc1ccc(F)cc1)Nc1nc2nn(CCCc3ccccc3)cc2c2nc(-c3ccco3)nn12,tensor([6.6800])
O=C(Cc1ccc(-c2ccccc2)cc1)Nc1nc2nn(CCCc3ccccc3)cc2c2nc(-c3ccco3)nn12,tensor([6.5900])
CCCCn1cc2c(nc(NC(=O)Cc3ccc4ccccc4c3)n3nc(-c4ccco4)nc23)n1,tensor([8.1000])
O=C(Nc1nc2nn(CCc3ccccc3)cc2c2nc(-c3ccco3)nn12)C(c1ccccc1)c1ccccc1,tensor([7.2800])
CC(C)CCn1cc2c(nc(NC(=O)Cc3cccc(Cl)c3)n3nc(-c4ccco4)nc23)n1,tensor([8.7300])
O=C(Cc1ccc(-c2ccccc2)cc1)Nc1nc2nn(CCc3ccccc3)cc2c2nc(-c3ccco3)nn12,tensor([7.3300])
Cn1cc2c(nc(NC(=O)Nc3ccc(Br)cc3)n3nc(-c4ccco4)nc23)n1,tensor([7.])
COc1ccc(CC(=O)Nc2nc3nn(CCCc4ccccc4)cc3c3nc(-c4ccco4)nn23)cc1,tensor([8.0500])
CCCn1cc2c(nc(NC(=O)Nc3ccc(C(F)(F)F)cc3)n3nc(-c4ccco4)nc23)n1,tensor([7.4700])
O=C(Nc1cccc(Cl)c1)Nc1nc2nn(CCc3c(Br)cc(Br)cc3Br)cc2c2nc(-c3ccco3)nn12,tensor([5.4400])
CCCn1cc2c(nc(NC(=O)C(c3ccccc3)c3ccccc3)n3nc(-c4ccco4)nc23)n1,tensor([7.3300])
COc1ccc(NC(=O)Nc2nc3nn(Cc4cccc5ccccc45)cc3c3nc(-c4ccco4)nn23)cc1,tensor([5.4900])
CCCn1cc2c(nc(NC(=O)Cc3ccc4ccccc4c3)n3nc(-c4ccco4)nc23)n1,tensor([8.1000])
Cn1cc2c(nc(NC(=O)Cc3c(Cl)cccc3Cl)n3nc(-c4ccco4)nc23)n1,tensor([7.3400])
CNC(=O)C12CC1C(n1cnc3c(NCc4cccc(Cl)c4)nc(C#CCCC(=O)NCCNCCN)nc31)C(O)C2O,tensor([6.0500])
CNC(=O)C12CC1C(n1cnc3c(NCc4cccc(Cl)c4)nc(C#CCCC(=O)NCCCN)nc31)C(O)C2O,tensor([6.0100])
OC1C(O)C(n2cnc3c(NC4CCCC4)nc(Cl)nc32)C2CC12,tensor([5.7900])
OC1C(O)C(n2cnc3c(NCc4cccc(I)c4)nc(F)nc32)C2CC12,tensor([5.4000])
CNC(=O)C12CC1C(n1cnc3c(NCc4cccc(Cl)c4)nc(C#CCCCCC(=O)NCCN)nc31)C(O)C2O,tensor([6.5600])
CNC(=O)C12CC1C(n1cnc3c(NCc4cccc(Cl)c4)nc(C#CCCC(=O)NCCN)nc31)C(O)C2O,tensor([6.2600])
CNC(=O)C12CC1C(n1cnc3c(NCc4cccc(Cl)c4)nc(C#CCCC(=O)NCCCCN)nc31)C(O)C2O,tensor([6.1200])
CCN1C(=CC=CC=CC2=[N+](CCCCCC(=O)NCCNC(=O)CCC#Cc3nc(NCc4cccc(Cl)c4)c4ncn(C5C(O)C(O)C6(C(=O)NC)CC56)c4n3)c3ccccc3C2(C)C)C(C)(C)c2cc(S(=O)(=O)[O-])ccc21,tensor([5.3300])
OC1C(O)C(n2cnc3c(NCc4cccc(Cl)c4)ncnc32)C2CC12,tensor([5.3400])
OC1C(O)C(n2cnc3c(NCc4cccc(I)c4)ncnc32)C2CC12,tensor([5.3400])
CNC(=O)C12CC1C(n1cnc3c(NCc4cccc(Cl)c4)nc(C#CCCCCC(=O)OC)nc31)C(O)C2O,tensor([5.4500])
CNC(=O)C1OC(n2cnc3c(NOC)nc(C#Cc4ccc(OC)cc4)nc32)C(O)C1O,tensor([4.9800])
CNC(=O)C1OC(n2cnc3c(NC)nc(C#Cc4ccccn4)nc32)C(O)C1O,tensor([4.6100])
CNC(=O)C1OC(n2cnc3c(NC)nc(C#Cc4ccc(OC)cc4)nc32)C(O)C1O,tensor([5.1500])
CNC(=O)C1OC(n2cnc3c(NC)nc(C#Cc4ccc(F)cc4)nc32)C(O)C1O,tensor([4.9000])
CNC(=O)C1OC(n2cnc3c(NC)nc(C#Cc4ccccc4)nc32)C(O)C1O,tensor([4.3800])
CCCn1c(=O)c2[nH]c3cccnc3c2n(CCC)c1=O,tensor([6.2400])
Cn1c(=O)c2[nH]c3cnccc3c2n(C)c1=O,tensor([5.])
CCCOc1cncc2[nH]c3c(=O)n(CCC)c(=O)n(CCC)c3c12,tensor([6.7900])
CCCOc1cnc2c(c1)[nH]c1c(=O)n(CCC)c(=O)n(CCC)c12,tensor([5.8300])
CCCn1c(=O)c2[nH]c3cnccc3c2n(CCC)c1=O,tensor([5.4400])
Cn1c(=O)c2[nH]c3cccnc3c2n(C)c1=O,tensor([6.0500])
CNC(=O)C12CC1C(n1cnc3c(NCc4cccc(Cl)c4)nc(C#CCCCCc4cn(-c5cccc([N+](=O)[O-])c5)nn4)nc31)C(O)C2O,tensor([5.1700])
C#CCCCCC#Cc1nc(NCc2cccc(Cl)c2)c2ncn(C3C(O)C(O)C4(C(=O)NC)CC34)c2n1,tensor([5.1500])
CNC(=O)C12CC1C(n1cnc3c(NCc4cccc(Cl)c4)nc(C#CCCCCc4cn(-c5ccc(N)cc5)nn4)nc31)C(O)C2O,tensor([5.2600])
C#CCCCC#Cc1nc(NCc2cccc(Cl)c2)c2ncn(C3C(O)C(O)C4(C(=O)NC)CC34)c2n1,tensor([5.3600])
CNC(=O)C12CC1C(n1cnc3c(NCc4cccc(Cl)c4)nc(C#CCCCCc4cn(CCCCNC(C)=O)nn4)nc31)C(O)C2O,tensor([5.1400])
CCN1C(=CC=CC=CC2=[N+](CCCCCC(=O)NCCNC(=O)CCC#Cc3nc(NCc4cccc(Cl)c4)c4ncn(C5C(O)C(O)C6(C(=O)NC)CC56)c4n3)c3ccc(S(=O)(=O)[O-])cc3C2(C)C)C(C)(C)c2cc(S(=O)(=O)O)ccc21,tensor([5.3300])
CNC(=O)C12CC1C(n1cnc3c(NCc4cccc(Cl)c4)nc(C#CCCCCc4cn(CCNC(C)=O)nn4)nc31)C(O)C2O,tensor([5.6100])
CNC(=O)C12CC1C(n1cnc3c(NCc4cccc(Cl)c4)nc(C#CCCCCc4cn(C56CC7CC(CC(C7)C5)C6)nn4)nc31)C(O)C2O,tensor([5.4800])
CNC(=O)C12CC1C(n1cnc3c(NCc4cccc(Cl)c4)nc(C#CCCCCc4cn(CCCCN)nn4)nc31)C(O)C2O,tensor([5.7900])
CNC(=O)C12CC1C(n1cnc3c(NCc4cccc(Cl)c4)nc(C#CCCCCc4cn(C(Br)C(=O)c5ccccc5)nn4)nc31)C(O)C2O,tensor([5.2400])
C=CCCCCCCCCCCOCCOCCOCCOCCOc1ccc(-c2nc3c([nH]2)c(=O)n(C)c(=O)n3C)cc1,tensor([7.])
CCCn1c(=O)c2c(nc(Cc3ccco3)n2C)n(Cc2ccco2)c1=O,tensor([6.5100])
CCn1c(=O)c2[nH]c(Cc3ccccc3)nc2n(Cc2ccco2)c1=O,tensor([5.9800])
COCCn1c(=O)c2c(nc(Cc3cccs3)n2C)n(Cc2ccco2)c1=O,tensor([6.1600])
CCCn1c(=O)c2c(nc(Cc3ccccc3)n2C)n(Cc2ccco2)c1=O,tensor([6.3100])
CCn1c(=O)c2[nH]c(Cc3ccco3)nc2n(Cc2ccco2)c1=O,tensor([6.2800])
C#CCn1c(=O)c2[nH]c(Cc3c(F)cccc3F)nc2n(Cc2ccco2)c1=O,tensor([6.3400])
CCn1c(=O)c2c(nc(Cc3ccccc3)n2C)n(Cc2ccco2)c1=O,tensor([7.0500])
CSCCn1c(=O)c2[nH]c(Cc3cccs3)nc2n(Cc2ccco2)c1=O,tensor([5.6800])
CCCn1c(=O)c2c(nc(Cc3cccs3)n2C)n(Cc2ccco2)c1=O,tensor([6.6200])
CCn1c(=O)c2c(nc(Cc3cccs3)n2C)n(Cc2ccco2)c1=O,tensor([7.0800])
COCCn1c(=O)c2c(nc(Cc3c(F)cccc3F)n2C)n(Cc2ccco2)c1=O,tensor([6.3100])
CCn1c(=O)c2c(nc(Cc3ccco3)n2C)n(Cc2ccco2)c1=O,tensor([6.9800])
C=CCn1c(=O)c2c(nc(Cc3cccs3)n2C)n(Cc2ccco2)c1=O,tensor([6.5100])
CCCn1c(=O)c2[nH]c(Cc3ccccc3)nc2n(Cc2ccco2)c1=O,tensor([6.3800])
CSCCn1c(=O)c2[nH]c(Cc3c(F)cccc3F)nc2n(Cc2ccco2)c1=O,tensor([5.9100])
Cn1c(Cc2c(F)cccc2F)nc2c1c(=O)n(CC1CC1)c(=O)n2Cc1ccco1,tensor([5.7400])
C=CCn1c(=O)c2[nH]c(Cc3cccs3)nc2n(Cc2ccco2)c1=O,tensor([5.8400])
C=CCn1c(=O)c2c(nc(Cc3c(F)cccc3F)n2C)n(Cc2ccco2)c1=O,tensor([6.4200])
COCCn1c(=O)c2c(nc(Cc3ccccc3)n2C)n(Cc2ccco2)c1=O,tensor([6.0400])
Cn1c(=O)c2c(nc(Cc3ccco3)n2C)n(Cc2ccco2)c1=O,tensor([6.8300])
Cn1c(Cc2cccs2)nc2c1c(=O)n(CC1CC1)c(=O)n2Cc1ccco1,tensor([6.3100])
Cn1c(=O)c2[nH]c(Cc3ccco3)nc2n(Cc2ccco2)c1=O,tensor([6.3700])
CCSCCn1c(=O)c2c(nc(Cc3cccs3)n2C)n(Cc2ccco2)c1=O,tensor([6.0500])
CCn1c(=O)c2[nH]c(Cc3cccs3)nc2n(Cc2ccco2)c1=O,tensor([6.4400])
O=C(NC1CC1)C1SC(n2cnc3c(NCc4cccc(I)c4)ncnc32)C(O)C1O,tensor([7.8200])
O=C(NC1CCC1)C1SC(n2cnc3c(NCc4cccc(I)c4)ncnc32)C(O)C1O,tensor([6.9100])
CCNC(=O)C1SC(n2cnc3c(NCc4cccc(I)c4)ncnc32)C(O)C1O,tensor([7.2400])
CNc1ncnc2c1ncn2C1SC(C(=O)NC2CC2)C(O)C1O,tensor([6.7900])
CNC(=O)C1SC(n2cnc3c(NCc4cccc(I)c4)ncnc32)C(O)C1O,tensor([6.3200])
CNc1ncnc2c1ncn2C1SC(C(=O)NC2CCC2)C(O)C1O,tensor([6.9700])
O=C(NCC1CC1)C1SC(n2cnc3c(NCc4cccc(I)c4)ncnc32)C(O)C1O,tensor([5.8000])
CCn1c(=O)c2c(nc(Cc3cccs3)n2C)n(Cc2cccs2)c1=O,tensor([6.9100])
CCn1c(=O)c2c(nc(Cc3cccs3)n2C)n(Cc2ccccc2)c1=O,tensor([6.1200])
CCCn1c(=O)c2[nH]c(-c3ccccc3)nc2n(CCSCC)c1=O,tensor([5.8400])
CCn1c(=O)c2[nH]c(Cc3cccs3)nc2n(Cc2cccs2)c1=O,tensor([5.4000])
CCn1c(=O)c2c(nc(Cc3c(F)cccc3F)n2C)n(Cc2cccs2)c1=O,tensor([6.7500])
CCn1c(=O)c2c(nc(Cc3ccco3)n2C)n(Cc2cccs2)c1=O,tensor([6.6600])
Nc1ccc(N)c2c1C(=O)c1ccccc1C2=O,tensor([6.5000])
COc1ccc(-n2ccnc2SCC(=O)c2c(N)n(C3CC3)c(=O)[nH]c2=O)cc1,tensor([4.6000])
Cn1c(=O)cc2c3c(c(N)ccc31)C(=O)c1ccccc1-2,tensor([6.1900])
Nc1c(C(=O)Nc2ccc([N+](=O)[O-])cc2)sc2nc3c(cc12)CCCC3,tensor([4.8200])
COc1ccc(Nc2nc(N)nc(CSc3nnc(N)s3)n2)cc1,tensor([4.8500])
CC(=O)c1snc(Nc2cc(Cl)ccc2F)c1N,tensor([4.3900])
Cc1ccc(Nc2nc(N)nc(CN3C(=O)NC4(CCCCC4)C3=O)n2)cc1,tensor([5.5500])
COc1ccc(N)c2c1C(=O)c1ccccc1C2=O,tensor([6.2800])
Cc1ccc(Nc2nc(N)nc(CSC(C)C(=O)N3CCCCCC3)n2)cc1,tensor([4.4800])
CN1CCc2sc3nc(C(=O)Nc4ccc(F)cc4)c(N)cc3c2C1,tensor([5.6600])
Nc1nc(CSc2nnc(N)s2)nc(Nc2ccc(F)cc2)n1,tensor([4.8900])
Nc1c(C(=O)Nc2ccc(Cl)cc2)sc2ncccc12,tensor([5.1600])
Nc1c(Sc2ccccc2)cc(Sc2ccccc2)c2c1C(=O)c1ccccc1C2=O,tensor([5.7200])
Cc1ccc(N2C(=O)c3cccc(N)c3C2=O)cc1,tensor([5.5400])
Nc1c(C(=O)c2ccccc2)oc2ccc(Br)cc12,tensor([5.6600])
N#Cc1c(N)nc2c(C(N)=O)c(Nc3ccccc3)sc2c1-c1ccccc1,tensor([6.2000])
CCCc1ccc2c(N)c(C(=O)c3ccccc3)sc2n1,tensor([5.8900])
Nc1c(C(=O)Nc2nccs2)sc2nc3c(cc12)C(=O)CCC3,tensor([6.])
Nc1c(Oc2ccccc2)ccc2c1C(=O)c1ccccc1C2=O,tensor([6.])
Nc1ccc(Cl)c2c1C(=O)c1ccccc1C2=O,tensor([6.6000])
N#Cc1c(N)nc2c(oc3ccccc32)c1-c1ccccc1,tensor([7.2200])
CC(=O)Oc1cccc(-c2nc(C(N)=O)c(N)o2)c1,tensor([4.4400])
Cc1cccc(NC2=C(N)C(=O)c3ccccc3C2=O)c1,tensor([6.1000])
CN1CCc2nc3sc(C(=O)Nc4ccc(Cl)cc4)c(N)c3cc2C1,tensor([5.5700])
NC1=C(Nc2cccc(C(F)(F)F)c2)C(=O)c2ccccc2C1=O,tensor([6.2500])
COCCOC(=O)c1sc(N)c(C#N)c1C,tensor([4.7700])
N#CC1=C(NC(=O)CSc2ncc(C#N)c(N)n2)SC2CCCCC12,tensor([5.2100])
COc1ccc(Cl)cc1Nc1nc(N)nc(-c2oc3ccccc3c2C)n1,tensor([7.5000])
Cc1ccc(Nc2nc(N)nc(CSC(C)C(=O)NCc3ccccc3Cl)n2)cc1,tensor([5.2200])
Nc1c(C(=O)Nc2ccccc2F)sc2nc3c(cc12)C(=O)CCC3,tensor([6.5200])
CCc1nc2sc(C(=O)c3cccc(Cl)c3)c(N)c2cc1C,tensor([5.0400])
CCC(=O)NC1CC(n2cnc3c(NCC(c4ccccc4)c4ccccc4)nc(NCCc4c[nH]cn4)nc32)C(O)C1O,tensor([8.2800])
CCC(CC)CNc1nc(NCCc2cn(CC)cn2)nc2c1ncn2C1CC(n2cc(CO)cn2)C(O)C1O,tensor([8.2700])
CC(C)n1cnc(CCNc2nc(NCC(c3ccccc3)c3ccccc3)c3ncn(C4CC(NC(=O)C(C)(C)C)C(O)C4O)c3n2)c1,tensor([6.4200])
Nc1nc(NC(CO)Cc2ccccc2)nc2c1ncn2C1CC(n2ncc3ccccc32)C(O)C1O,tensor([5.2700])
CCC(=O)NC1CC(n2cnc3c(NCC(c4ccccc4)c4ccccc4)nc(NCCc4cn(CC)cn4)nc32)C(O)C1O,tensor([8.2800])
CC(C)C(=O)NC1CC(n2cnc3c(NCC(c4ccccc4)c4ccccc4)nc(NCCc4cn(C(C)C)cn4)nc32)C(O)C1O,tensor([7.5700])
Cc1cnn(C2CC(n3cnc4c(N)nc(NC(CO)Cc5ccccc5)nc43)C(O)C2O)c1,tensor([6.6400])
CC(C)n1cnc(CCNc2nc(NCC(c3ccccc3)c3ccccc3)c3ncn(C4CC(NC(=O)CCc5ccccc5)C(O)C4O)c3n2)c1,tensor([5.2600])
Nc1nc(NC(CO)Cc2ccccc2)nc2c1ncn2C1CC(n2cccn2)C(O)C1O,tensor([6.1500])
CCc1cn(C2CC(n3cnc4c(NCC(CC)CC)nc(NCCc5cn(CC)cn5)nc43)C(O)C2O)nn1,tensor([7.3200])
CCC(=O)NC1CC(n2cnc3c(NC(CC)CC)nc(NCCc4cn(C(C)C)cn4)nc32)C(O)C1O,tensor([8.1000])
CCC(=O)NC1CC(n2cnc3c(NCC(c4ccccc4)c4ccccc4)nc(NCCc4cn(C)cn4)nc32)C(O)C1O,tensor([8.3400])
CCc1cnn(C2CC(n3cnc4c(NCC(CC)CC)nc(NCCc5cn(CC)cn5)nc43)C(O)C2O)c1,tensor([7.4700])
CCCCC#Cc1nc(N)c2ncn(C3CC(NC(=O)CC)C(O)C3O)c2n1,tensor([7.7500])
CCc1cnn(C2CC(n3cnc4c(N)nc(NC(CO)Cc5ccccc5)nc43)C(O)C2O)c1,tensor([6.7400])
Cc1nnnn1C1CC(n2cnc3c(NCC(c4ccccc4)c4ccccc4)nc(NCCc4cn(C(C)C)cn4)nc32)C(O)C1O,tensor([7.4200])
CCCC(=O)NC1CC(n2cnc3c(NCC(c4ccccc4)c4ccccc4)nc(NCCc4cn(C(C)C)cn4)nc32)C(O)C1O,tensor([7.4100])
Nc1nc(NC(CO)Cc2ccccc2)nc2c1ncn2C1CC(n2ccccc2=O)C(O)C1O,tensor([5.2600])
CC(C)n1cnc(CCNc2nc(NCC(c3ccccc3)c3ccccc3)c3ncn(C4CC(NC(=O)Cc5ccccc5)C(O)C4O)c3n2)c1,tensor([5.7800])
CCC(=O)NC1CC(n2cnc3c(NCC(c4ccccc4)c4ccccc4)nc(NCCc4cn(CC(=O)O)cn4)nc32)C(O)C1O,tensor([7.0100])
CC(C)n1cnc(CCNc2nc(NCC(c3ccccc3)c3ccccc3)c3ncn(C4CC(NC(=O)C5CCC5)C(O)C4O)c3n2)c1,tensor([8.1000])
CC(C)n1cnc(CCNc2nc(NCC(c3ccccc3)c3ccccc3)c3ncn(C4CC(NC(=O)C5CC5)C(O)C4O)c3n2)c1,tensor([7.8000])
CCC(=O)NC1CC(n2cnc3c(NC(CC)CC)nc(NCCc4cn(CC)cn4)nc32)C(O)C1O,tensor([8.2700])
Cc1ccc(-c2nc(N)nc(C(=O)NCc3ncccc3C)c2C)o1,tensor([6.8100])
Cc1ccc(-c2cc(C(=O)NCc3ncccc3C)nc(N)n2)o1,tensor([8.5200])
Cc1cccc(CNC(=O)c2cc(-c3ccc(C)o3)nc(N)n2)n1,tensor([8.6000])
Cc1cccnc1CNC(=O)c1cc(N)nc(-c2ccco2)c1,tensor([6.9000])
Cc1csc(-c2cc(C(=O)NCc3ncccc3C)nc(N)n2)n1,tensor([6.2300])
Cc1ccc(-c2cc(C(=O)NCc3cccn3C)nc(N)n2)o1,tensor([8.6000])
CCn1ccnc1CNC(=O)c1cc(-c2ccc(C)o2)nc(N)n1,tensor([8.4600])
Cc1ccc(-c2cc(C(=O)NCc3ccccn3)ncn2)o1,tensor([7.0100])
COc1ccc(-c2cc(C(=O)NCc3ccccn3)nc(N)n2)cc1,tensor([6.8200])
Cc1ccc(-c2cc(C(=O)NCc3ccc(C)c(C)n3)nc(N)n2)o1,tensor([8.5200])
N#Cc1cccc(-c2cc(C(=O)NCc3ccccn3)nc(N)n2)c1,tensor([6.8900])
CCc1ccccc1-c1cc(C(=O)NCc2ccccn2)nc(N)n1,tensor([7.0400])
Cc1cccnc1CNC(=O)c1cc(-c2ccccc2C#N)nc(N)n1,tensor([6.9100])
COc1ccc(-c2cc(C(=O)NCc3ncccc3C)nc(N)n2)cc1,tensor([6.8100])
CCOc1ccccc1-c1cc(C(=O)NCc2ncccc2C)nc(N)n1,tensor([6.9700])
Cc1ccc(C)c(CNC(=O)c2cc(-c3ccc(C)o3)nc(N)n2)n1,tensor([8.5200])
CCc1ccccc1-c1cc(C(=O)NCc2ncccc2C)nc(N)n1,tensor([6.9700])
Cc1cccnc1CNC(=O)c1cc(-c2ccco2)nc(N)n1,tensor([8.5500])
Nc1nc(C(=O)NCc2ccncc2)nc(-c2ccco2)n1,tensor([6.3800])
Nc1nc(C(=O)NCc2ccccn2)cc(-c2ccccc2F)n1,tensor([7.7700])
COc1ccccc1-c1cc(C(=O)NCc2ncccc2C)nc(N)n1,tensor([7.5200])
Nc1nc(C(=O)NCc2ccccc2Cl)nc(-c2ccco2)n1,tensor([8.3100])
COCc1cccc(CNC(=O)c2nc(N)nc(-c3ccco3)n2)n1,tensor([8.0600])
Cc1ccc(-c2cc(C(=O)NCc3ccc[nH]3)nc(N)n2)o1,tensor([8.7000])
N#Cc1ccccc1-c1cc(C(=O)NCc2ccccn2)nc(N)n1,tensor([6.5900])
Cc1cc(CNC(=O)c2cc(-c3ccc(C)o3)nc(N)n2)no1,tensor([8.0700])
Nc1nc(C(=O)NCc2ccccn2)cc(-c2ccccc2Cl)n1,tensor([7.5100])
CCOc1ccccc1-c1cc(C(=O)NCc2ccccn2)nc(N)n1,tensor([6.6000])
Nc1nc(C(=O)NCc2ccccn2)cc(-c2ccccc2)n1,tensor([7.8500])
Nc1nc(C(=O)NCc2ccccn2)cc(-c2cccc(Cl)c2)n1,tensor([7.5100])
COc1cc(C(=O)NCc2ccccn2)nc(N)n1,tensor([5.4800])
Cc1ccc(-c2nc(N)nc(C(=O)NCc3ccccn3)c2C)o1,tensor([7.9200])
Cc1ccc(-c2cc(C(=O)NCc3ccccn3)nc(N)n2)cc1,tensor([7.4400])
Cc1cccc(CNC(=O)c2nc(N)nc(-c3ccco3)n2)c1,tensor([8.1200])
Cc1cccnc1CNC(=O)c1cc(-c2ccccc2F)nc(N)n1,tensor([7.8500])
Cc1nc(C(=O)NCc2ccccn2)cc(-c2ccc(C)o2)n1,tensor([5.9500])
CNc1nc(C(=O)NCc2ccccn2)cc(-c2ccc(C)o2)n1,tensor([7.2000])
Cc1ccc(-c2cc(C(=O)NCc3ncccc3C)nc(N)n2)cc1,tensor([7.8000])
Cc1ccccc1CNC(=O)c1nc(N)nc(-c2ccco2)n1,tensor([7.9100])
Cc1ccc(-c2cc(C(=O)NCc3ncc[nH]3)nc(N)n2)o1,tensor([9.])
Cc1csc(-c2cc(C(=O)NCc3ccccn3)nc(N)n2)n1,tensor([7.3300])
Cc1ccc(-c2cc(C(=O)NCc3nccn3C(C)C)nc(N)n2)o1,tensor([8.2600])
Cc1ccccc1-c1cc(C(=O)NCc2ccccn2)nc(N)n1,tensor([7.3100])
Cc1ccc(-c2cc(C(=O)NCc3cscn3)nc(N)n2)o1,tensor([8.1900])
COc1ccccc1CNC(=O)c1nc(N)nc(-c2ccco2)n1,tensor([8.1900])
COc1ccccc1-c1cc(C(=O)NCc2ccccn2)nc(N)n1,tensor([7.2400])
Cc1cccnc1CNC(=O)c1cc(-c2ccccc2)nc(N)n1,tensor([8.2200])
CCCn1ccnc1CNC(=O)c1cc(-c2ccc(C)o2)nc(N)n1,tensor([8.2200])
CCc1c(C(=O)NCc2ncccc2C)nc(N)nc1-c1ccc(C)o1,tensor([6.7400])
COc1cc(C(=O)NCc2ncccc2C)nc(N)n1,tensor([5.6100])
Cc1ccc(-c2cc(C(=O)NCc3ccc(C)n3C)nc(N)n2)o1,tensor([8.3000])
Cc1cccnc1CNC(=O)c1cc(-c2cccc(F)c2)nc(N)n1,tensor([8.0500])
CCc1c(C(=O)NCc2ccccn2)nc(N)nc1-c1ccc(C)o1,tensor([7.6000])
Cc1cccnc1CNC(=O)c1cc(-c2cccc(C#N)c2)nc(N)n1,tensor([7.5400])
COc1cccc(-c2cc(C(=O)NCc3ncccc3C)nc(N)n2)c1,tensor([7.6200])
Cc1cccc(-c2cc(C(=O)NCc3ccccn3)nc(N)n2)c1,tensor([7.7500])
Nc1nc(C(=O)NCc2ccccn2)cc(-c2cccc(F)c2)n1,tensor([7.7500])
Cc1cccnc1CNC(=O)c1cc(-c2ccccc2Cl)nc(N)n1,tensor([7.6200])
Cc1cccc(-c2cc(C(=O)NCc3ncccc3C)nc(N)n2)c1,tensor([8.0500])
Cc1cc(C)nc(CNC(=O)c2cc(-c3ccc(C)o3)nc(N)n2)c1,tensor([8.0200])
Cc1ccccc1-c1cc(C(=O)NCc2ncccc2C)nc(N)n1,tensor([7.5500])
COc1cccc(-c2cc(C(=O)NCc3ccccn3)nc(N)n2)c1,tensor([7.5500])
Cc1cccnc1CNC(=O)c1cc(-c2cccc(Cl)c2)nc(N)n1,tensor([7.6400])
Nc1nc(C(=O)NCc2cccnc2)nc(-c2ccco2)n1,tensor([7.0600])
Cc1ccc(-c2cc(C(=O)NCc3ccccn3)nc(C(C)C)n2)o1,tensor([5.7600])
Cc1ccc(-c2cc(C(=O)NCc3ccccn3)nc(N(C)C)n2)o1,tensor([5.7500])
Nc1nc(C(=O)NCc2ccccn2)nc(-c2ccco2)n1,tensor([7.6000])
OC1CCC(Nc2nc(-c3ccccc3)nc3[nH]ccc23)CC1,tensor([6.4000])
Cn1c(=O)[nH]c2nc(-c3ccco3)c(-c3ccncn3)cc21,tensor([5.6700])
O=c1[nH]c(=O)c2cc(-c3ccncn3)c(-c3ccco3)nc2[nH]1,tensor([6.7400])
c1coc(-c2nc3[nH]ccc3cc2-c2ccncn2)c1,tensor([6.2100])
c1coc(-c2nc3[nH]cnc3cc2-c2ccncn2)c1,tensor([5.4400])
O=c1[nH]c2cc(-c3ccncn3)c(-c3ccco3)nc2[nH]1,tensor([6.1100])
O=c1[nH][nH]c2nc(-c3ccco3)c(-c3ccncn3)cc12,tensor([6.7500])
O=C(Nc1ccc(-c2ccncn2)c(-c2ccco2)n1)C1CC1,tensor([6.6200])
Nc1n[nH]c2nc(-c3ccco3)c(-c3ccncn3)cc12,tensor([6.0700])
O=C(Nc1ccc(C2N=NN=N2)c(-c2ccco2)n1)C1CC1,tensor([5.7900])
O=C(Nc1ccc(-c2ccncc2)c(-c2nccs2)n1)C1CC1,tensor([6.5200])
Cc1ccc(-c2nc(NC(=O)C3CC3)ccc2-c2ccncc2)o1,tensor([7.9600])
O=C(Nc1ccc(-c2ccncc2)c(-c2cccc(F)c2)n1)C1CC1,tensor([7.2400])
O=C(Nc1ccc(-c2ccncc2F)c(-c2ccco2)n1)C1CC1,tensor([6.8200])
O=C(Nc1ccc(-c2ccncc2)c(-n2cccn2)n1)C1CC1,tensor([5.8400])
CC(=O)Nc1ccc(-c2ccncc2)c(-c2ccco2)n1,tensor([6.6800])
O=C(Nc1ccc(-c2ccncc2)c(-c2cccnc2)n1)C1CC1,tensor([5.8300])
O=C(Nc1ccc(Br)c(-c2ccco2)n1)C1CC1,tensor([7.4600])
O=C(Nc1ccc(-c2ccncc2)c(-c2ccncc2)n1)C1CC1,tensor([6.7900])
O=C(Nc1ccc(-c2ccncc2)c(-c2cocn2)n1)C1CC1,tensor([5.8600])
O=C(Nc1ccc(-c2ccncc2)c(-c2ccccc2F)n1)C1CC1,tensor([7.2100])
O=C(Nc1ccc(-c2ccncc2)c(-c2ncco2)n1)C1CC1,tensor([5.8700])
O=C(Nc1ccc(-c2ccncc2)c(-c2ccco2)n1)C1CC1,tensor([7.5200])
O=C(Nc1ccc(-c2ccncc2)c(-c2cncs2)n1)C1CC1,tensor([6.0900])
N#Cc1ccc(NC(=O)C2CC2)nc1-c1ccco1,tensor([7.9200])
O=C(Nc1ccc(-c2ccncc2)c(-c2cnco2)n1)C1CC1,tensor([6.2000])
O=C(Nc1ccc(-c2ccncc2Cl)c(-c2ccco2)n1)C1CC1,tensor([6.8300])
O=C(Nc1ccc(-c2ccncc2)c(-c2ccc(F)cc2)n1)C1CC1,tensor([7.4100])
O=C(Nc1ccc(-c2ccncc2)c(-c2ccccn2)n1)C1CC1,tensor([6.0600])
CC(=O)Nc1ccc(-c2ccncc2)c(-c2cccc(F)c2)n1,tensor([6.5400])
CCn1c(=S)sc2c1ncn1nc(-c3ccco3)nc21,tensor([8.4500])
S=c1sc2c(ncn3nc(-c4ccco4)nc23)n1-c1cccc(Cl)c1,tensor([10.4200])
S=c1sc2c(ncn3nc(-c4ccco4)nc23)n1-c1ccc(I)cc1,tensor([9.2400])
S=c1sc2c(ncn3nc(-c4ccco4)nc23)n1-c1ccccc1,tensor([8.9600])
S=c1sc2c(ncn3nc(-c4ccco4)nc23)n1-c1ccc(Cl)cc1,tensor([9.8200])
C=CCn1c(=S)sc2c1ncn1nc(-c3ccco3)nc21,tensor([10.8000])
CCCCn1c(=S)sc2c1ncn1nc(-c3ccco3)nc21,tensor([9.9200])
S=c1sc2c(ncn3nc(-c4ccco4)nc23)n1-c1ccccc1I,tensor([9.1500])
Fc1ccc(-n2c(=S)sc3c2ncn2nc(-c4ccco4)nc32)cc1,tensor([8.7000])
Cc1ccc(-c2nc(C(=O)Nc3ccccn3)c3n2CCCCC3)cc1,tensor([5.1000])
Cn1cc2c(nc(NC(=O)Cc3ccccc3)n3nc(-c4ccc([N+](=O)[O-])cc4)nc23)n1,tensor([4.6200])
COc1ccc(-c2nc3c4cn(C)nc4nc(N)n3n2)cc1,tensor([5.9200])
Nc1nc2nn(CCc3ccccc3)cc2c2nc(-c3ccc(Cl)cc3)nn12,tensor([5.6600])
Cn1cc2c(nc(NC(=O)c3ccccc3)n3nc(-c4ccccc4)nc23)n1,tensor([6.4900])
Cn1cc2c(nc(NC(=O)Cc3ccccc3)n3nc(-c4ccc(Cl)cc4)nc23)n1,tensor([5.0800])
Nc1nc2nn(CCc3ccccc3)cc2c2nc(-c3ccccc3)nn12,tensor([6.7100])
CCn1ncc2c1nc(N)n1nc(-c3ccc(Cl)cc3)nc21,tensor([7.0800])
Cn1cc2c(nc(NC(=O)Cc3ccccc3)n3nc(-c4ccc(F)cc4)nc23)n1,tensor([5.5900])
COc1ccc(-c2nc3c4cn(CCc5ccccc5)nc4nc(N)n3n2)cc1,tensor([5.8500])
Nc1nc2c(cnn2CCc2ccccc2)c2nc(-c3ccc(Cl)cc3)nn12,tensor([5.2200])
Cn1cc2c(nc(N)n3nc(-c4ccc(Br)cc4)nc23)n1,tensor([5.8200])
O=C(Nc1nc2nn(CCc3ccccc3)cc2c2nc(-c3ccccc3)nn12)c1ccccc1,tensor([6.0200])
Cn1cc2c(nc(N)n3nc(-c4ccc(Cl)cc4)nc23)n1,tensor([5.7000])
Cn1cc2c(nc(N)n3nc(-c4ccccc4)nc23)n1,tensor([6.9200])
Cn1cc2c(nc(NC(=O)Cc3ccccc3)n3nc(-c4ccccc4)nc23)n1,tensor([6.1100])
Nc1nc2nn(CCc3ccccc3)cc2c2nc(-c3ccc(F)cc3)nn12,tensor([6.9000])
Cn1cc2c(nc(N)n3nc(-c4ccc([N+](=O)[O-])cc4)nc23)n1,tensor([5.0100])
Cn1cc2c(nc(N)n3nc(-c4ccc(F)cc4)nc23)n1,tensor([6.4500])
Cc1cc(C)nc(NC(=N)NCCc2c[nH]c3ccccc23)n1,tensor([6.4000])
N=C(NCCc1c[nH]c2ccccc12)Nc1ncccn1,tensor([5.2300])
CNc1ccccc1C(=O)N=C(N)Nc1nc(C)c2ccccc2n1,tensor([5.0600])
Cc1ccc2nc(Nc3nc(C)cc(C)n3)[nH]c2c1,tensor([5.8900])
Cc1cc(C)nc(NC(=N)NCCc2ccsc2)n1,tensor([6.4000])
COc1ccc2c(CCNC(=N)Nc3nc(C)cc(C)n3)c[nH]c2c1,tensor([6.2200])
COc1ccc(-c2cc(=O)[nH]c(Nc3ccccc3)n2)cc1OC,tensor([5.4400])
Cc1cccc(Nc2nc3c([nH]2)c(=O)n(C)c(=O)n3C)c1,tensor([5.9200])
Cc1cccc(OC(C)C(=O)Nc2nc(-c3ccccc3)n[nH]2)c1,tensor([6.7000])
COc1ccc2c(c1)oc1c(-c3ccncc3)c(C#N)c(N)c(C#N)c12,tensor([5.5700])
COc1ccc(CCNC(=N)Nc2nc(C)cc(C)n2)cc1,tensor([6.0500])
Cn1cc2c(NC(=O)c3cccc(Cl)c3)nc(-c3ccccc3)nc2n1,tensor([6.0500])
O=C(Nc1nc(-c2ccccc2)nc2nn(CCc3ccccc3)cc12)c1cccc(Cl)c1,tensor([6.5000])
Nc1nc(-c2ccccc2)nc2nn(Cc3ccccc3)cc12,tensor([6.9200])
COc1ccc(C(=O)Nc2nc(-c3ccccc3)nc3nn(C)cc23)cc1,tensor([5.5000])
Nc1nc(-c2ccccc2)nc2nn(CCc3ccccc3)cc12,tensor([6.])
O=C(Nc1ncnc2nn(Cc3ccccc3)cc12)c1cccc(Cl)c1,tensor([5.3100])
CNC(=O)OCC1OC(n2cnc3c(NCc4cccc(I)c4)nc(Cl)nc32)C(O)C1O,tensor([5.6800])
O=C(Nc1ccccc1)Nc1nc(-c2ccccc2)nc2nn(CCc3ccccc3)cc12,tensor([7.0200])
Cn1cc2c(NC(=O)c3ccccc3)nc(-c3ccccc3)nc2n1,tensor([6.1400])
O=C(Nc1nc(-c2ccccc2)nc2nn(CCc3ccccc3)cc12)c1ccccc1,tensor([6.6400])
O=C(Nc1nc(-c2ccccc2)nc2nn(Cc3ccccc3)cc12)c1ccccc1,tensor([6.7400])
COc1ccc(C(=O)Nc2nc(-c3ccccc3)nc3nn(CCc4ccccc4)cc23)cc1,tensor([5.9500])
CCCn1c(=O)[nH]c2cc(-c3ccc(OCC(=O)Nc4ccc(F)cc4)cc3)[nH]c2c1=O,tensor([5.1900])
COc1cc(OCc2nc(-c3ccc(Br)cc3)no2)ccc1-c1cc2c([nH]1)c(=O)n(C)c(=O)n2C,tensor([6.1500])
CCN(C(C)=O)c1ccc(Cl)c2nc(NC(=O)c3ccc(F)cc3)sc12,tensor([7.8200])
CCN(C(C)=O)c1ccc(OC)c2nc(NC(=O)c3ccc(C(=O)N4CCN(C)CC4)cc3)sc12,tensor([7.0500])
CCN(C(C)=O)c1ccc(OC)c2nc(NC(=O)c3ccc(C(=O)NC)cc3)sc12,tensor([7.0800])
CCN(C(C)=O)c1ccc(OC)c2nc(NC(=O)c3ccc(C(=O)N4CCCC4)cc3)sc12,tensor([7.1700])
CNC(=O)CN(C(C)=O)c1ccc(OC)c2nc(NC(=O)c3ccc(F)cc3)sc12,tensor([6.4800])
CCN(C(C)=O)c1ccc(OC)c2nc(NC(=O)c3ccc(CN4CCCC4=O)cc3)sc12,tensor([7.5700])
CCN(C(C)=O)c1ccc(OC)c2nc(NC(=O)c3cc[nH]c3)sc12,tensor([7.7500])
COC(=O)CN(C(C)=O)c1ccc(OC)c2nc(NC(=O)c3ccc(F)cc3)sc12,tensor([8.3000])
COc1ccc(N(CC(N)=O)C(C)=O)c2sc(NC(=O)c3ccc(F)cc3)nc12,tensor([6.8000])
COc1ccc(N(CCCO)C(C)=O)c2sc(NC(=O)c3ccc(F)cc3)nc12,tensor([7.5400])
CCN(C(C)=O)c1ccc(OC)c2nc(NC(=O)c3ccc(CN(C)S(C)(=O)=O)cc3)sc12,tensor([7.1500])
CCN(C(C)=O)c1ccc(OC)c2nc(NC(=O)c3ccnn3C)sc12,tensor([7.2900])
CCN(C(C)=O)c1ccc(OC)c2nc(NC(=O)c3ccc(-n4ccnc4)cc3)sc12,tensor([7.1100])
CCN(C(C)=O)c1ccc(OC)c2nc(NC(=O)c3ccc(C(=O)N4CCOCC4)cc3)sc12,tensor([7.1200])
CCN(C(C)=O)c1ccc(OC)c2nc(NC(=O)c3ccc(-n4cnnn4)cc3)sc12,tensor([7.1000])
CCN(C(C)=O)c1ccc(OC)c2nc(NC(=O)c3ccc(C#N)cc3)sc12,tensor([7.3000])
COc1ccc(NC(C)=O)c2sc(NC(=O)c3ccc(F)cc3)nc12,tensor([6.6000])
COc1ccc(N(C)C(C)=O)c2sc(NC(=O)c3ccc(F)cc3)nc12,tensor([7.4100])
CCN(C(C)=O)c1ccc(OC)c2nc(NC(=O)c3ccc(S(C)(=O)=O)cc3)sc12,tensor([7.0400])
CCN(C(C)=O)c1ccc(OC)c2nc(NC(=O)c3ccc(-n4cccn4)cc3)sc12,tensor([7.1800])
COCCN(C(C)=O)c1ccc(OC)c2nc(NC(=O)c3ccc(F)cc3)sc12,tensor([7.4200])
CCN(C(C)=O)c1ccc(OC)c2nc(NC(=O)c3cnn(Cc4cccc(F)c4)c3)sc12,tensor([8.5200])
CCN(C(C)=O)c1ccc(OC)c2nc(NC(=O)c3ccc(C(=O)N(C)CCOC)cc3)sc12,tensor([7.5800])
COc1ccc(N(CCO)C(C)=O)c2sc(NC(=O)c3ccc(F)cc3)nc12,tensor([7.0100])
COc1ccc(N(CC(=O)N(C)C)C(C)=O)c2sc(NC(=O)c3ccc(F)cc3)nc12,tensor([6.3200])
COc1ccc(N(CC(=O)O)C(C)=O)c2sc(NC(=O)c3ccc(F)cc3)nc12,tensor([5.6600])
CCN(C(C)=O)c1ccc(OC)c2nc(NC(=O)c3ccc(C(=O)OC)cc3)sc12,tensor([6.7700])
CCN(C(C)=O)c1ccc(OC)c2nc(NC(=O)c3ccc(NS(C)(=O)=O)cc3)sc12,tensor([7.3400])
CCN(C(C)=O)c1ccc(OC)c2nc(NC(=O)c3cnn(Cc4cccc(C(F)(F)F)c4)c3)sc12,tensor([8.5200])
COc1ccc(N(CC(C)C)C(C)=O)c2sc(NC(=O)c3ccc(F)cc3)nc12,tensor([8.5200])
COc1ccc(N(CC(F)(F)F)C(C)=O)c2sc(NC(=O)c3ccc(F)cc3)nc12,tensor([7.4600])
CCN(C(C)=O)c1ccc(OC)c2nc(NC(=O)c3cnn(C)c3)sc12,tensor([7.3900])
COc1ccc(N(C(C)=O)C(F)F)c2sc(NC(=O)c3ccc(F)cc3)nc12,tensor([7.2100])
CCN(C(C)=O)c1ccc(OC)c2nc(NC(=O)c3ccc(F)cc3)sc12,tensor([7.6600])
CCN(C(C)=O)c1ccc(OC)c2nc(NC(=O)c3ccc(C(=O)N4CCCCC4)cc3)sc12,tensor([7.])
CC(=O)NCCNc1nc(-c2ccccc2)nc2[nH]c(C(=O)N3CCN(CCCc4ccccc4)CC3)cc12,tensor([6.4800])
CCCn1c(=O)c2nc(-c3ccc(OCC(=O)Nc4ccc(C(C)=O)cc4)cc3)[nH]c2n(CCC)c1=O,tensor([6.9500])
Nc1nc(-n2cncn2)c2nnn(Cc3ccccc3F)c2n1,tensor([6.4000])
CCn1nnc(-c2sc(NC(=O)Cc3ccccc3)nc2-c2ccccc2)n1,tensor([6.3400])
O=C(Cc1ccccc1)Nc1nc(-c2ccccc2)c(-c2ncon2)s1,tensor([6.1500])
O=C(Nc1nc(-c2ccccc2)c(-c2ncon2)s1)c1ccccc1,tensor([6.4800])
Cc1nc(-c2sc(NC(=O)Cc3ccccc3)nc2-c2ccccc2)no1,tensor([7.6000])
N#Cc1sc(NC(=O)c2ccco2)nc1-c1ccccc1,tensor([6.5400])
Cc1nc(-c2sc(NC(=O)c3ccccc3)nc2-c2ccccc2)no1,tensor([7.0800])
CCOC(=O)c1sc(NC(=O)c2ccco2)nc1-c1ccccc1,tensor([7.8900])
O=C(Nc1nc(-c2ccccc2)c(-c2ncon2)s1)C1CC1,tensor([6.9200])
Cc1noc(-c2sc(NC(=O)c3ccco3)nc2-c2ccccc2)n1,tensor([6.7000])
CCOCc1sc(NC(=O)c2ccco2)nc1-c1ccccc1,tensor([6.7200])
CCCC(=O)c1sc(NC(=O)c2ccco2)nc1-c1ccccc1,tensor([7.2100])
CCn1nnc(-c2sc(NC(=O)Cc3ccc(OC)c(OC)c3)nc2-c2ccccc2)n1,tensor([7.3500])
CC(=O)Nc1nc(-c2ccccc2)c(-c2nc(C)no2)s1,tensor([6.9600])
CCn1nnc(-c2sc(NC(=O)c3ccccc3)nc2-c2ccccc2)n1,tensor([6.6600])
O=C(Nc1nc(-c2ccccc2)c(-c2ncon2)s1)c1ccco1,tensor([6.3900])
Cc1noc(-c2sc(NC(=O)CC(C)C)nc2-c2ccccc2)n1,tensor([7.3200])
CC(=O)Nc1nc(-c2ccccc2)c(-c2noc(C)n2)s1,tensor([6.7200])
Cc1noc(-c2sc(NC(=O)c3ccccc3)nc2-c2ccccc2)n1,tensor([6.7200])
Cc1nc(-c2sc(NC(=O)CC(C)C)nc2-c2ccccc2)no1,tensor([7.4800])
Cc1noc(-c2sc(NC(=O)C3CC3)nc2-c2ccccc2)n1,tensor([7.9200])
Cc1noc(-c2sc(NC(=O)Cc3ccccc3)nc2-c2ccccc2)n1,tensor([7.2400])
CCn1nnc(-c2sc(NC(=O)c3ccco3)nc2-c2ccccc2)n1,tensor([7.0300])
CCn1nnc(-c2sc(NC(=O)C3CC3)nc2-c2ccccc2)n1,tensor([7.1100])
CC(C)CC(=O)Nc1nc(-c2ccccc2)c(-c2ncon2)s1,tensor([6.4700])
Cc1nc(-c2sc(NC(=O)C3CC3)nc2-c2ccccc2)no1,tensor([7.5500])
Nc1nc2c(cnn2CCCc2ccc(OCCO)cc2)c2nc(-c3ccco3)nn12,tensor([7.6200])
Nc1nc2c(cnn2CCCc2ccc(OC=Cc3ccccc3)cc2)c2nc(-c3ccco3)nn12,tensor([6.5100])
C=CCCOc1ccc(CCCn2ncc3c2nc(N)n2nc(-c4ccco4)nc32)cc1,tensor([7.8400])
CCC(C)Oc1ccc(CCCn2ncc3c2nc(N)n2nc(-c4ccco4)nc32)cc1,tensor([7.6600])
CS(=O)(=O)OCCOc1ccc(CCCn2ncc3c2nc(N)n2nc(-c4ccco4)nc32)cc1,tensor([7.3400])
CCOc1ccc(CCCn2ncc3c2nc(N)n2nc(-c4ccco4)nc32)cc1,tensor([7.3600])
COc1ccc(CCCn2ncc3c2nc(N)n2nc(-c4ccco4)nc32)cc1,tensor([8.3900])
CCCOc1ccc(CCCn2ncc3c2nc(N)n2nc(-c4ccco4)nc32)cc1,tensor([7.9300])
C=CCOc1ccc(CCCn2ncc3c2nc(N)n2nc(-c4ccco4)nc32)cc1,tensor([8.0500])
Nc1nc2c(cnn2CCCc2ccc(OCCF)cc2)c2nc(-c3ccco3)nn12,tensor([7.9100])
CC(C)Oc1ccc(CCCn2ncc3c2nc(N)n2nc(-c4ccco4)nc32)cc1,tensor([7.8800])
Nc1nc2c(cnn2CCCc2ccc(OCCc3ccccc3)cc2)c2nc(-c3ccco3)nn12,tensor([7.1000])
CCN(C)C(=O)c1ccc2nc(NC(=O)c3cccc(C#N)c3)n(CCCOC)c2n1,tensor([7.9200])
N#Cc1cccc(C(=O)Nc2nc3cc(C(=O)N4CCCCC4)cnc3n2Cc2ccc(F)cc2)c1,tensor([5.5900])
CCN(CC)C(=O)c1cnc2c(c1)nc(NC(=O)c1cccc(C#N)c1)n2CCCOC,tensor([7.8000])
COCCCn1c(NC(=O)c2cccc(OC)c2)nc2cc(C(=O)NCc3cccc(OC)c3)ccc21,tensor([5.6200])
COCCCn1c(NC(=O)c2cccc(C#N)c2)nc2ccc(C(=O)N3CCCCC3)cc21,tensor([7.7700])
COCCCn1c(NC(=O)c2cccc(C#N)c2)nc2cc(C(N)=O)cnc21,tensor([5.6100])
COc1cccc(-n2c(NC(=O)c3cccc(C#N)c3)nc3cc(C(=O)N4CCCCC4)cnc32)c1,tensor([6.4900])
COCCCn1c(NC(=O)c2cccc(C#N)c2)nc2cc(C(=O)N3CCCCC3C)cnc21,tensor([8.1100])
CCOCCCn1c(NC(=O)c2cccc(C#N)c2)nc2cc(C(=O)N3CCOCC3)cnc21,tensor([5.9600])
N#Cc1cccc(C(=O)Nc2nc3cc(C(=O)N4CCCCC4)cnc3n2Cc2cccnc2)c1,tensor([6.6300])
CCCCNC(=O)c1cnc2c(c1)nc(NC(=O)c1cccc(C#N)c1)n2CCCOC,tensor([7.4000])
COCCCn1c(NC(=O)c2cccc(C#N)c2)nc2ccc(C(=O)N(C)C(C)C)nc21,tensor([8.6000])
COCCCn1c(NC(=O)c2cccc(C#N)c2)nc2cc(C(=O)NCc3cccc(OC)c3)ccc21,tensor([7.3400])
CCCCNC(=O)c1ccc2c(c1)nc(NC(=O)c1cccc(C#N)c1)n2CCCOC,tensor([7.3200])
CC(=O)NCCn1c(NC(=O)c2cccc(C#N)c2)nc2cc(C(=O)N3CCCCC3)cnc21,tensor([7.4300])
COCCCn1c(NC(=O)c2cccc(F)c2)nc2cc(C(=O)NCc3cccc(OC)c3)ccc21,tensor([6.6800])
COCCCn1c(N)nc2cc(C(=O)NCc3cccc(OC)c3)ccc21,tensor([5.1700])
CCCCCn1c(NC(=O)c2cccc(C#N)c2)nc2cc(C(=O)N3CCCCC3)cnc21,tensor([6.0400])
COCCCn1c(NC(=O)c2cccc(Cl)c2)nc2cc(C(=O)NCc3cccc(OC)c3)ccc21,tensor([6.3600])
COCCCn1c(NC(=O)c2ccccc2Cl)nc2cc(C(=O)NCc3cccc(OC)c3)ccc21,tensor([5.3300])
N#Cc1cccc(C(=O)Nc2nc3cc(C(=O)N4CCCCC4)cnc3n2C2CCOCC2)c1,tensor([6.7500])
COCCCn1c(NC(=O)c2cccc(C#N)c2)nc2cc(C(=O)N3CCOCC3)cnc21,tensor([7.0400])
N#Cc1cccc(C(=O)Nc2nc3cc(C(=O)N4CCCCC4)cnc3n2CCCO)c1,tensor([7.2900])
CCOCCn1c(NC(=O)c2cccc(C#N)c2)nc2cc(C(=O)N3CCOCC3)cnc21,tensor([5.4800])
COCCCn1c(NC(=O)c2cccc(C#N)c2)nc2cc(C(=O)N(C)C(C)C)cnc21,tensor([7.8900])
COc1ccc(Cn2c(NC(=O)c3cccc(C#N)c3)nc3cc(C(=O)N4CCCCC4)cnc32)cc1,tensor([5.9100])
CCN(CC)C(=O)c1ccc2nc(NC(=O)c3cccc(C#N)c3)n(CCCOC)c2c1,tensor([8.5100])
Cn1c(NC(=O)c2cccc(C#N)c2)nc2cc(C(=O)N3CCCCC3)cnc21,tensor([6.8300])
N#Cc1cccc(C(=O)Nc2nc3cc(C(=O)N4CCCCC4)cnc3n2Cc2ccncc2)c1,tensor([7.4600])
COCCCn1c(NC(=O)c2cccc(C#N)c2)nc2cc(C(=O)N(C)C)cnc21,tensor([6.9100])
COCCCn1c(NC(=O)c2cccc(C#N)c2)nc2cc(C(=O)N3CCCCC3)cnc21,tensor([8.0200])
COCCCn1c(NC(=O)c2ccc(C#N)cc2)nc2cc(C(=O)NCc3cccc(OC)c3)ccc21,tensor([5.7800])
CCN(C)C(=O)c1cnc2c(c1)nc(NC(=O)c1cccc(C#N)c1)n2CCCOC,tensor([7.6000])
CCc1nc2c(=O)n(Cc3ccccc3)nc(-c3ccncc3)c2c2cc(-c3ccccc3)nn12,tensor([5.6000])
Cc1nc2c(=O)n(Cc3ccccc3)nc(-c3ccncc3)c2c2cc(-c3ccccc3)nn12,tensor([6.3000])
Cc1nc2c(=S)n(Cc3ccccc3)nc(-c3ccncc3)c2c2cc(-c3ccccc3)nn12,tensor([6.2400])
Cc1nc2c(=O)n(Cc3ccccc3)nc(Cl)c2c2cc(-c3ccccc3)nn12,tensor([5.5000])
O=c1c2ncn3nc(-c4ccccc4)cc3c2c(-c2cccnc2)nn1Cc1ccccc1,tensor([6.0900])
CCCc1nc2c(=O)n(Cc3ccccc3)nc(-c3ccncc3)c2c2cc(-c3ccccc3)nn12,tensor([6.1100])
Cc1nc2c(=O)n(Cc3ccccc3)nc(-c3cccnc3)c2c2cc(-c3ccccc3)nn12,tensor([5.6700])
CC(C)c1nc2c(=O)n(Cc3ccccc3)nc(-c3ccncc3)c2c2cc(-c3ccccc3)nn12,tensor([5.2900])
Cc1nn(Cc2ccccc2)c(=O)c2ncn3nc(-c4ccsc4)cc3c12,tensor([5.1300])
O=c1c2ncn3nc(-c4ccccc4)cc3c2c(-c2ccncc2)nn1Cc1ccccc1,tensor([7.1700])
CNC(=O)C1OC(n2cnc3c(N)nc(C#Cc4ccccc4)nc32)C(O)C1O,tensor([5.7500])
CCC(NC(=O)COc1ccc2[nH]c(=O)c(-c3nccs3)c(CCc3ccccc3)c2c1)c1ccccc1,tensor([5.8400])
CC(NC(=O)COc1ccc2[nH]c(=O)c(-c3nccs3)c(CCc3ccccc3)c2c1)c1ccccc1,tensor([5.6100])
O=C(COc1ccc2[nH]c(=O)c(-c3nccs3)c(CCc3ccccc3)c2c1)NC(CO)c1ccccc1,tensor([5.7200])
CC(C)(NC(=O)COc1ccc2[nH]c(=O)c(-c3nccs3)c(CCC(F)(F)F)c2c1)c1ccccc1,tensor([6.0600])
CC(C)CCc1c(-c2nccs2)c(=O)[nH]c2ccc(OCC(=O)NC(C)(C)c3ccccc3)cc12,tensor([5.9700])
Cc1cc(-c2c(CCc3ccccc3)c3cc(OCC(=O)NC(C)(C)c4ccccc4)ccc3[nH]c2=O)on1,tensor([5.5500])
CCCC(=O)Nc1cc(-c2cccs2)nc(-c2cccs2)n1,tensor([6.8200])
CCCC(=O)Nc1cc(-c2ccccc2F)nc(-c2ccccc2F)n1,tensor([6.8500])
CCCC(=O)Nc1nc(-c2cccs2)cc(-c2cccs2)n1,tensor([6.7000])
O=C(Nc1nc(-c2ccccc2)cc(-c2ccccc2)n1)C1CCCC1,tensor([6.7100])
CCC(=O)Nc1nc(-c2ccccc2F)cc(-c2ccccc2F)n1,tensor([6.3700])
CCC(=O)Nc1nc(-c2ccc(SC)cc2)cc(-c2ccc(SC)cc2)n1,tensor([6.7400])
CCC(=O)Nc1cc(-c2ccc(F)cc2)nc(-c2ccc(F)cc2)n1,tensor([6.3700])
CC(=O)Nc1cc(-c2ccsc2)nc(-c2ccsc2)n1,tensor([7.4000])
CCC(=O)Nc1cc(-c2ccsc2)nc(-c2ccsc2)n1,tensor([7.2000])
CC(=O)Nc1cc(-c2ccco2)nc(-c2ccco2)n1,tensor([8.0900])
CCCC(=O)Nc1nc(-c2ccsc2)cc(-c2ccsc2)n1,tensor([5.3400])
CC(=O)Nc1cc(-c2ccc(F)cc2)nc(-c2ccc(F)cc2)n1,tensor([5.8800])
CC(=O)Nc1cc(-c2ccccc2F)nc(-c2ccccc2F)n1,tensor([7.1300])
CCC(=O)Nc1cc(-c2ccco2)nc(-c2ccco2)n1,tensor([8.1900])
CCC(=O)Nc1cc(-c2ccc3c(c2)OCO3)nc(-c2ccc3c(c2)OCO3)n1,tensor([5.5900])
CCCC(=O)Nc1cc(-c2ccoc2)nc(-c2ccoc2)n1,tensor([6.2600])
CCCC(=O)Nc1nc(-c2ccccc2F)cc(-c2ccccc2F)n1,tensor([6.1900])
CC(=O)Nc1cc(-c2ccc3c(c2)OCO3)nc(-c2ccc3c(c2)OCO3)n1,tensor([5.4800])
CCC(=O)Nc1cc(-c2cccs2)nc(-c2cccs2)n1,tensor([6.9400])
CCCC(=O)Nc1cc(-c2ccc(F)cc2)nc(-c2ccc(F)cc2)n1,tensor([5.7400])
CCC(=O)Nc1cc(-c2ccccc2F)nc(-c2ccccc2F)n1,tensor([6.9900])
CCC(=O)Nc1cc(-c2ccoc2)nc(-c2ccoc2)n1,tensor([7.0800])
CC(=O)Nc1cc(-c2cccs2)nc(-c2cccs2)n1,tensor([7.6100])
CCCC(=O)Nc1cc(-c2ccco2)nc(-c2ccco2)n1,tensor([8.2400])
CCC(=O)Nc1nc(-c2ccsc2)cc(-c2ccsc2)n1,tensor([5.7200])
O=C(Nc1cnc(-c2ccncn2)c(-c2ccco2)n1)C1CC1,tensor([6.9600])
O=C(Nc1cnc(-c2ccncc2)c(-c2cnco2)n1)C1CC1,tensor([6.2000])
O=C(CC1CCCC1)Nc1cnc(-c2ccncc2)c(-c2ccco2)n1,tensor([6.9800])
O=C(Nc1cnc(-c2ccncc2)c(-c2ncco2)n1)C1CC1,tensor([6.0600])
O=C(Nc1cnc(-c2ccncc2F)c(-c2ncco2)n1)C1CC1,tensor([6.3900])
O=C(Nc1cnc(-c2ccncc2F)c(-c2ccccc2F)n1)C1CC1,tensor([7.])
O=C(Nc1cnc(-c2ccncc2F)c(-c2ccncc2)n1)C1CC1,tensor([5.8800])
O=C(Nc1cnc(-c2ccncc2)c(-c2ccccn2)n1)C1CC1,tensor([6.5100])
O=C(Nc1cnc(-c2ccncc2)c(-c2cccnc2)n1)C1CC1,tensor([6.5100])
Cc1ccc(-c2nc(NC(=O)C3CC3)cnc2-c2ccncc2)o1,tensor([8.9200])
O=C(Nc1cnc(-c2ccncc2)c(-c2ccco2)n1)C1CCC1,tensor([6.8500])
CCC(=O)Nc1cnc(-c2ccncc2)c(-c2ccco2)n1,tensor([7.2600])
O=C(Nc1cnc(-c2ccncc2)c(-c2ccccc2F)n1)C1CC1,tensor([7.2900])
CC(=O)Nc1cnc(-c2ccncc2)c(-c2ccco2)n1,tensor([6.1400])
O=C(Nc1cnc(-c2ccncc2)c(-c2ccco2)n1)C1CCCC1,tensor([6.8400])
O=C(Nc1cnc(-c2ccncc2)c(-c2ccncc2)n1)C1CC1,tensor([6.5100])
CC(C)C(=O)Nc1cnc(-c2ccncc2)c(-c2ccco2)n1,tensor([6.7100])
CCC(=O)Nc1ccc(C(=O)Nc2nccs2)cc1,tensor([6.0500])
CCCC(=O)Nc1ccc(C(=O)Nc2nccs2)cc1,tensor([6.4600])
Cc1cc(C(=O)Nc2nccs2)ccc1NC(=O)CC(C)(C)C,tensor([7.7200])
CC(C)(C)CC(=O)Nc1ccc(C(=O)Nc2ncc(Cl)s2)cc1,tensor([7.5500])
CC(C)(C)CNC(=O)c1ccc(C(=O)Nc2nccs2)cc1,tensor([6.9600])
CC(C)(C)CC(=O)Nc1c(F)cc(C(=O)Nc2nccs2)cc1F,tensor([8.2300])
CC(C)(C)CC(=O)Nc1ccc(C(=O)Nc2nccs2)c(Cl)c1,tensor([6.7500])
CCCCC(=O)Nc1ccc(C(=O)Nc2nccs2)cc1,tensor([6.7200])
COc1c(C(=O)Nc2nccs2)ccc(NC(=O)CC(C)(C)C)c1F,tensor([7.9200])
CC(C)(C)CC(=O)Nc1ccc(C(=O)Nc2nccs2)cc1Cl,tensor([7.6600])
CC(C)(C)CC(=O)Nc1ccc(C(=O)Nc2nccs2)cc1F,tensor([8.0400])
CC(C)C(=O)Nc1ccc(C(=O)Nc2nccs2)cc1,tensor([6.5200])
Cc1cnc(NC(=O)c2ccc(NC(=O)CC(C)(C)C)cc2)s1,tensor([6.9200])
CC(C)CC(=O)Nc1ccc(C(=O)Nc2nccs2)cc1,tensor([7.0500])
Cc1nc(NC(=O)c2ccc(NC(=O)CC(C)(C)C)cc2)sc1C,tensor([6.6600])
Cc1cc(NC(=O)CC(C)(C)C)ccc1C(=O)Nc1nccs1,tensor([6.7000])
Cc1ccccc1C(=O)Nc1ccc(C(=O)Nc2nccs2)cc1,tensor([6.6600])
COc1cc(C(=O)Nc2nccs2)ccc1NC(=O)CC(C)(C)C,tensor([7.7700])
CC(C)(C)CC(=O)Nc1ccc(C(=O)Nc2nccs2)cc1,tensor([7.4400])
COc1cc(NC(=O)CC(C)(C)C)ccc1C(=O)Nc1nccs1,tensor([7.3000])
Cc1cc(C(=O)Nc2nccs2)cc(Cl)c1NC(=O)CC(C)(C)C,tensor([7.5000])
CCCCC#Cc1nc(N)c2ncn(C3SCC(O)C3O)c2n1,tensor([8.1400])
CCCCC=Cc1nc(N)c2ncn(C3SCC(O)C3O)c2n1,tensor([7.1400])
Nc1nc(-c2cccnc2)cc2nn(Cc3ccccc3)c(=O)n12,tensor([6.1000])
C=Cn1ncc2c1nc(N)n1c(=O)n(Cc3cccc(Cl)c3)nc21,tensor([9.4000])
Nc1nc2c(cnn2CCN2CCOCC2)c2nn(CC3CC3)c(=O)n12,tensor([6.4200])
CS(=O)(=O)N1CCN(CCn2ncc3c2nc(N)n2c(=O)n(Cc4cccc(Cl)c4)nc32)CC1,tensor([7.9800])
Nc1nc2c(cnn2CCN2CCN(c3ccc(F)cc3F)CC2)c2nn(Cc3cccc(Cl)c3)c(=O)n12,tensor([7.6300])
Nc1nc2c(cnn2CCN2CCC(N3CCOCC3)CC2)c2nn(Cc3cccc(Cl)c3)c(=O)n12,tensor([8.1700])
Nc1nc(-c2ccccc2)cc2nn(Cc3ccccc3)c(=O)n12,tensor([9.])
Nc1nc(-c2cccc(CO)c2)cc2nn(Cc3ccccc3)c(=O)n12,tensor([5.7700])
COc1ccc(-c2cc3nn(Cc4ccccc4)c(=O)n3c(N)n2)cc1,tensor([6.2000])
Nc1nc2c(cnn2CCN2CCN(c3cnccn3)CC2)c2nn(Cc3cccc(Cl)c3)c(=O)n12,tensor([7.8900])
Nc1nc(-c2ccccc2)cc2nc(-c3ccco3)nn12,tensor([8.1500])
CC(C)(C)OC(=O)N1CCN(CCn2ncc3c2nc(N)n2c(=O)n(Cc4cccc(Cl)c4)nc32)CC1,tensor([6.2500])
CN(C)CCn1ncc2c1nc(N)n1c(=O)n(Cc3cccc(Cl)c3)nc21,tensor([8.2800])
Nc1nc2c(cnn2CCN2CCOCC2)c2nn(Cc3cccc(Cl)c3)c(=O)n12,tensor([7.8500])
C=Cn1ncc2c1nc(N)n1c(=O)n(CC3CC3)nc21,tensor([7.5600])
COCCOc1ccc(N2CCN(CCn3ncc4c3nc(N)n3c(=O)n(Cc5cccc(Cl)c5)nc43)CC2)c(F)c1,tensor([7.8100])
Nc1nc2c(cnn2CCN2CCC3(CC2)OCCO3)c2nn(Cc3ccccc3)c(=O)n12,tensor([8.0600])
Nc1nc2c(cnn2CCN2CCC3(CC2)OCCO3)c2nn(Cc3cccc(Cl)c3)c(=O)n12,tensor([7.9600])
Nc1nc2c(c3nn(Cc4ccccc4)c(=O)n13)CCc1ccccc1-2,tensor([9.3000])
Nc1nc2c(cnn2CCN2CCN(c3cnccn3)CC2)c2nn(Cc3ccccc3)c(=O)n12,tensor([7.9000])
Nc1nc2c(cnn2CCN2CCOCC2)c2nn(Cc3ccccc3)c(=O)n12,tensor([8.0500])
Nc1nc2c(cnn2CCN2CCC(N3CCOCC3)CC2)c2nn(Cc3ccccc3)c(=O)n12,tensor([7.5500])
CS(=O)(=O)N1CCN(CCn2ncc3c2nc(N)n2c(=O)n(Cc4ccccc4)nc32)CC1,tensor([8.0500])
CCN(C(C)=O)c1ccc(OC)c2nc(NC(=O)N3CCC(S(=O)(=O)c4cccc(C(F)(F)F)c4)CC3)sc12,tensor([6.2800])
CCN(C(C)=O)c1ccc(OC)c2nc(NC(=O)N3CCC(O)(c4cccc(C(F)(F)F)c4)CC3)sc12,tensor([6.6800])
CCN(C(C)=O)c1ccc(OC)c2nc(NC(=O)C3CCN(C(=O)c4cccc(C(F)(F)F)c4)C3)sc12,tensor([6.1500])
CCN(C(C)=O)c1ccc(OC)c2nc(NC(=O)C3CCC(NC(=O)c4cccc(C(F)(F)F)c4)C3)sc12,tensor([7.5100])
CCN(C(C)=O)c1ccc(OC)c2nc(NC(=O)C3CCC(NCc4cccc(C(F)(F)F)c4)C3)sc12,tensor([6.7500])
CCN(C(C)=O)c1ccc(OC)c2nc(NC(=O)C3CCC(NC(=O)c4cccc(C(F)(F)F)c4)CC3)sc12,tensor([7.2800])
CCN(C(C)=O)c1ccc(OC)c2nc(NC(=O)C3CCN(C(=O)c4cccc(C(F)(F)F)c4)CC3)sc12,tensor([6.6400])
CCN(C(C)=O)c1ccc(OC)c2nc(NC(=O)C3CCN(Cc4cccc(C(F)(F)F)c4)CC3)sc12,tensor([6.])
CCN(C(C)=O)c1ccc(OC)c2nc(NC(=O)C3CCC(NS(=O)(=O)c4cccc(C(F)(F)F)c4)CC3)sc12,tensor([6.9600])
CCN(C(C)=O)c1ccc(OC)c2nc(NC(=O)C3CCC(NCc4cccc(C(F)(F)F)c4)CC3)sc12,tensor([6.5500])
CCN(C(C)=O)c1ccc(OC)c2nc(NC(=O)C3CCN(S(=O)(=O)c4cccc(C(F)(F)F)c4)C3)sc12,tensor([6.2200])
CCN(C(C)=O)c1ccc(OC)c2nc(NC(=O)C3CCN(S(=O)(=O)c4cccc(C(F)(F)F)c4)CC3)sc12,tensor([5.9800])
COC(=O)COc1ccc(CCCn2ncc3c2nc(N)n2nc(-c4ccco4)nc32)cc1,tensor([7.0200])
Nc1nc2c(cnn2CCCc2ccc(OCC(=O)NCCNCCNC(=O)CCCCCNC(=O)COc3ccc(C=CC4=[N+]5C(=Cc6ccc(-c7ccc[nH]7)n6[B-]5(F)F)C=C4)cc3)cc2)c2nc(-c3ccco3)nn12,tensor([7.8200])
CC(=O)NCCn1cc(CCCCC(=O)NCCNC(=O)COc2ccc(CCCn3ncc4c3nc(N)n3nc(-c5ccco5)nc43)cc2)nn1,tensor([6.6600])
Nc1nc2c(cnn2CCCc2ccc(OCCCF)cc2)c2nc(-c3ccco3)nn12,tensor([7.2700])
CN(C)c1ccc2c(-c3ccc(C(=O)NCCNC(=O)COc4ccc(CCCn5ncc6c5nc(N)n5nc(-c7ccco7)nc65)cc4)cc3C(=O)[O-])c3ccc(=[N+](C)C)cc-3oc2c1,tensor([6.4500])
C#CCCCCC(=O)NCCNC(=O)COc1ccc(CCCn2ncc3c2nc(N)n2nc(-c4ccco4)nc32)cc1,tensor([7.1200])
NCCNC(=O)COc1ccc(CCCn2ncc3c2nc(N)n2nc(-c4ccco4)nc32)cc1,tensor([8.1700])
NCCNCCNC(=O)COc1ccc(CCCn2ncc3c2nc(N)n2nc(-c4ccco4)nc32)cc1,tensor([7.9700])
Nc1nc2c(cnn2CCCc2ccc(OCC(=O)NCCNC(=O)CCCCc3cn(CCCCCCC(=O)CCOCCOCCOCCOCCNC(=O)CCCCC4SCC5NC(=O)NC54)nn3)cc2)c2nc(-c3ccco3)nn12,tensor([6.4800])
N=c1ccc2c(-c3ccc(C(=O)NCCNC(=O)COc4ccc(CCCn5ncc6c5nc(N)n5nc(-c7ccco7)nc65)cc4)cc3C(=O)O)c3ccc(N)c(S(=O)(=O)O)c3oc-2c1S(=O)(=O)O,tensor([6.9600])
Nc1nc2c(cnn2CCCc2ccc(OCC(=O)O)cc2)c2nc(-c3ccco3)nn12,tensor([7.9900])
Cn1cc2c(n1)c(N)nc1c(OCc3ccccc3)cccc12,tensor([6.1200])
CCC1CN2C(=O)N(Cc3ccccc3)c3nc(-c4cc(OCc5ccccc5)nn4C)[nH]c3C2=N1,tensor([5.6700])
C=CCN1C(=O)N2CC(CC)N=C2c2[nH]c(-c3cc(OC)no3)nc21,tensor([5.8200])
CC1CN2C(=O)N(Cc3ccccc3)c3nc(-c4cc(OCc5ccccc5)nn4C)[nH]c3C2=N1,tensor([5.7000])
Nc1nc(-c2ccccc2O)nc(N2Cc3ccc(F)cc3C2)n1,tensor([7.9000])
CN1CCN(C(=O)c2cccc(-c3nc(N)nc(-c4ccccc4O)n3)c2)CC1,tensor([9.])
Nc1nc(Oc2ccccc2)nc2nc(-c3ccco3)nn12,tensor([7.7500])
O=C(Cc1ccccc1)Nc1nc2nn(CCc3ccccc3)cc2c2nc(-c3ccccc3)nn12,tensor([6.2100])
O=C(Nc1nc2nn(CCc3ccccc3)cc2c2nc(-c3ccc(Cl)cc3)nn12)c1ccccc1,tensor([4.7100])
COc1ccc(NC(=O)Nc2nc3nn(C)cc3c3nc(-c4ccc(Cl)cc4)nn23)cc1,tensor([5.8400])
O=C(Cc1ccccc1)Nc1nc2nn(CCc3ccccc3)cc2c2nc(-c3ccc(F)cc3)nn12,tensor([6.2400])
Cn1cc2c(nc(NC(=O)Nc3ccccc3)n3nc(-c4ccc(Br)cc4)nc23)n1,tensor([5.6300])
COc1ccc(NC(=O)Nc2nc3nn(C)cc3c3nc(-c4ccc(Br)cc4)nn23)cc1,tensor([5.0800])
Cn1cc2c(nc(NC(=O)Nc3ccccc3)n3nc(-c4ccc(C(F)(F)F)cc4)nc23)n1,tensor([4.4400])
COc1ccc(-c2nc3c4cn(CCc5ccccc5)nc4nc(NC(=O)c4ccccc4)n3n2)cc1,tensor([4.6000])
Cn1cc2c(nc(N)n3nc(-c4ccc(C(F)(F)F)cc4)nc23)n1,tensor([5.1600])
Cn1cc2c(nc(NC(=O)Nc3ccc(F)cc3)n3nc(-c4ccc(Cl)cc4)nc23)n1,tensor([5.9700])
O=C(Nc1nc2nn(CCc3ccccc3)cc2c2nc(-c3ccc(F)cc3)nn12)c1ccccc1,tensor([5.3900])
O=C(Cc1ccccc1)Nc1nc2nn(CCc3ccccc3)cc2c2nc(-c3ccc(Cl)cc3)nn12,tensor([5.5100])
Cn1cc2c(nc(NC(=O)Nc3ccccc3)n3nc(-c4ccc(Cl)cc4)nc23)n1,tensor([6.0100])
Cn1cc2c(nc(NC(=O)Nc3ccc(F)cc3)n3nc(-c4ccc(Br)cc4)nc23)n1,tensor([5.2300])
COC(=O)CCC(=O)N1CCN(c2nc(N)n3nc(-c4ccco4)nc3n2)CC1,tensor([7.1800])
CC(C)(C)OC(=O)NCC1CCC(CNc2nc(N)n3nc(-c4ccco4)nc3n2)CC1,tensor([7.1600])
CC(C)(C)OC(=O)NCCNc1nc(NCCNC(=O)OC(C)(C)C)n2nc(-c3ccco3)nc2n1,tensor([5.3600])
Nc1nc(N2CCN(Cc3ccc(F)cc3)CC2)nc2nc(-c3ccco3)nn12,tensor([7.2800])
CC(C)(C)CC(=O)N1CCN(c2nc(N)n3nc(-c4ccco4)nc3n2)CC1,tensor([7.9600])
Nc1nc(N2CCCC2)nc2nc(-c3ccco3)nn12,tensor([7.2300])
O=C(Nc1nc(Oc2ccccc2)nc2nc(-c3ccco3)nn12)c1ccccc1,tensor([6.])
CC(C)(C)OC(=O)N1CCN(c2nc(N)n3nc(-c4ccco4)nc3n2)CC1,tensor([7.6800])
Nc1nc(O)nc2nc(-c3ccco3)nn12,tensor([6.7000])
CC(C)(C)C(=O)N1CCN(c2nc(N)n3nc(-c4ccco4)nc3n2)CC1,tensor([7.2300])
NCCNc1nc(NCCN)n2nc(-c3ccco3)nc2n1,tensor([4.4200])
Nc1nc(N)n2nc(-c3ccco3)nc2n1,tensor([6.8000])
Nc1nc(N2CCN(C(=O)c3cccc4ccccc34)CC2)nc2nc(-c3ccco3)nn12,tensor([5.1200])
Nc1nc(N2CCN(Cc3ccc(Br)cc3)CC2)nc2nc(-c3ccco3)nn12,tensor([7.5600])
CCCCC(=O)N1CCN(c2nc(N)n3nc(-c4ccco4)nc3n2)CC1,tensor([6.9100])
NCCNc1nc(N)n2nc(-c3ccco3)nc2n1,tensor([6.2500])
NCCCNc1nc(N)n2nc(-c3ccco3)nc2n1,tensor([6.5700])
Nc1nc(N2CCN(C(=O)Cc3ccc(Cl)cc3)CC2)nc2nc(-c3ccco3)nn12,tensor([7.4100])
CC(C)(C)OC(=O)NCCCNc1nc(N)n2nc(-c3ccco3)nc2n1,tensor([7.4100])
CC(C)(C)OC(=O)NCCNc1nc(N)n2nc(-c3ccco3)nc2n1,tensor([7.3900])
Nc1nc(N2CCNCC2)nc2nc(-c3ccco3)nn12,tensor([6.8200])
Nc1nc(NC(=O)c2ccccc2)n2nc(-c3ccco3)nc2n1,tensor([7.3600])
NCCOCCOCCNc1nc(N)n2nc(-c3ccco3)nc2n1,tensor([7.9400])
CC(C)(C)OC(=O)NCCCCCNc1nc(N)n2nc(-c3ccco3)nc2n1,tensor([7.3500])
Nc1nc(N2CCN(C(=O)Cc3ccccc3)CC2)nc2nc(-c3ccco3)nn12,tensor([7.0200])
Nc1nc(N2CCN(C(=O)c3ccccc3)CC2)nc2nc(-c3ccco3)nn12,tensor([6.4600])
Nc1nc(N2CCN(C(=O)c3ccc([N+](=O)[O-])cc3)CC2)nc2nc(-c3ccco3)nn12,tensor([6.6700])
Nc1nc(N2CCN(C(=O)C(Cl)Cl)CC2)nc2nc(-c3ccco3)nn12,tensor([6.5500])
Nc1nc(N2CCN(Cc3ccccc3)CC2)nc2nc(-c3ccco3)nn12,tensor([7.6900])
Nc1nc(N2CCN(Cc3cccc(Cl)c3)CC2)nc2nc(-c3ccco3)nn12,tensor([7.2900])
NCCCCCNc1nc(N)n2nc(-c3ccco3)nc2n1,tensor([7.0400])
NCC1CCC(CNc2nc(N)n3nc(-c4ccco4)nc3n2)CC1,tensor([7.7700])
O=C(Nc1nc(O)nc2nc(-c3ccco3)nn12)c1ccccc1,tensor([5.7600])
Nc1nc(N2CCN(C(=O)Cc3ccc(Br)cc3)CC2)nc2nc(-c3ccco3)nn12,tensor([7.0600])
Nc1nc(N2CCN(C(=O)C(c3ccccc3)c3ccccc3)CC2)nc2nc(-c3ccco3)nn12,tensor([7.0300])
CC(C)(C)OC(=O)NCCOCCOCCNc1nc(N)n2nc(-c3ccco3)nc2n1,tensor([7.7500])
Nc1nc2cn(CCCc3ccccc3)nc2c2nc(-c3ccco3)nn12,tensor([7.9600])
CCCn1cc2nc(NC(=O)Nc3ccc(OC)cc3)n3nc(-c4ccco4)nc3c2c1,tensor([6.7000])
Nc1nc2cn(CCc3ccccc3)nc2c2nc(-c3ccco3)nn12,tensor([8.0400])
COc1ccc(NC(=O)Nc2nc3cn(CCc4ccccc4)cc3c3nc(-c4ccco4)nn23)cc1,tensor([6.8300])
COc1ccc(NC(=O)Nc2nc3cnn(C)c3c3nc(-c4ccco4)nn23)cc1,tensor([7.1700])
COc1ccc(NC(=O)Nc2nc3cn(C)cc3c3nc(-c4ccco4)nn23)cc1,tensor([6.3000])
Cn1cc2nc(N)n3nc(-c4ccco4)nc3c2c1,tensor([7.7000])
CCCn1ncc2nc(NC(=O)Nc3ccc(OC)cc3)n3nc(-c4ccco4)nc3c21,tensor([7.7000])
Nc1nc2cnn(CCCc3ccccc3)c2c2nc(-c3ccco3)nn12,tensor([6.9100])
CCCn1cc2nc(N)n3nc(-c4ccco4)nc3c2c1,tensor([7.5200])
COc1ccc(NC(=O)Nc2nc3cn(CCCc4ccccc4)cc3c3nc(-c4ccco4)nn23)cc1,tensor([6.8900])
CCCn1cc2nc(NC(=O)Nc3ccc(OC)cc3)n3nc(-c4ccco4)nc3c2n1,tensor([6.6800])
Nc1nc2cn(CCc3ccccc3)cc2c2nc(-c3ccco3)nn12,tensor([8.4100])
CCCn1cc2nc(N)n3nc(-c4ccco4)nc3c2n1,tensor([7.7700])
COc1ccc(NC(=O)Nc2nc3cnn(CCc4ccccc4)c3c3nc(-c4ccco4)nn23)cc1,tensor([6.2000])
COc1ccc(NC(=O)Nc2nc3cn(C)nc3c3nc(-c4ccco4)nn23)cc1,tensor([6.6500])
COc1ccc(NC(=O)Nc2nc3cn(CCc4ccccc4)nc3c3nc(-c4ccco4)nn23)cc1,tensor([6.1700])
Cn1ncc2nc(N)n3nc(-c4ccco4)nc3c21,tensor([8.4400])
Nc1nc2cn(CCCc3ccccc3)cc2c2nc(-c3ccco3)nn12,tensor([7.3000])
CCCn1ncc2nc(N)n3nc(-c4ccco4)nc3c21,tensor([7.9200])
Nc1nc2cnn(CCc3ccccc3)c2c2nc(-c3ccco3)nn12,tensor([7.3800])
CCCCC#Cc1nc(NCc2cccc(I)c2)c2ncn(C3SCC(O)C3O)c2n1,tensor([5.3100])
CCCCC#Cc1nc(N)c2ncn(C3OCC(O)C3O)c2n1,tensor([7.2000])
CCCCC#Cc1nc(NCc2cccc(Cl)c2)c2ncn(C3SCC(O)C3O)c2n1,tensor([5.4300])
CCCCC#Cc1nc(NCc2cccc(Br)c2)c2ncn(C3SCC(O)C3O)c2n1,tensor([5.4100])
CCCCC=Cc1nc(N)c2ncn(C3OCC(O)C3O)c2n1,tensor([6.7500])
CCCCCCc1nc(N)c2ncn(C3OCC(O)C3O)c2n1,tensor([5.6700])
CCNC(=O)C1OC(n2cnc3c(N)nc(NCCc4ccc(CCC(=O)NC(CCCNC(=N)N)C(=O)O)cc4)nc32)C(O)C1O,tensor([7.3000])
CCNC(=O)C1OC(n2cnc3c(N)nc(NCCc4ccc(CCC(=O)NC(Cc5ccccc5)C(=O)O)cc4)nc32)C(O)C1O,tensor([7.4700])
CCNC(=O)C1OC(n2cnc3c(N)nc(NCCc4ccc(CCC(=O)NC(Cc5c[nH]cn5)C(=O)O)cc4)nc32)C(O)C1O,tensor([7.4000])
CCNC(=O)C1OC(n2cnc3c(N)nc(NCCc4ccc(CCC(=O)NC(Cc5ccccc5)C(=O)OC)cc4)nc32)C(O)C1O,tensor([7.0700])
CCNC(=O)C1OC(n2cnc3c(N)nc(NCCc4ccc(CCC(=O)NC(CC(=O)O)C(=O)O)cc4)nc32)C(O)C1O,tensor([6.9600])
CCNC(=O)C1OC(n2cnc3c(N)nc(NCCc4ccc(CCC(=O)NC(Cc5c[nH]c6ccccc56)C(=O)OC)cc4)nc32)C(O)C1O,tensor([7.0600])
CCNC(=O)C1OC(n2cnc3c(N)nc(NCCc4ccc(CCC(=O)NC(Cc5c[nH]c6ccccc56)C(=O)O)cc4)nc32)C(O)C1O,tensor([7.1400])
CCC(CC)Nc1nc(Cl)nc2c1ncn2C1C(O)C(O)C2CC21,tensor([5.4300])
OC1C(O)C(n2cnc3c(NC4CCCCC4)nc(Cl)nc32)C2CC12,tensor([5.5700])
COc1cc(F)c(F)cc1CNc1nc(Cl)nc2c1ncn2C1C(O)C(O)C2CC21,tensor([5.1200])
OC1C(O)C(n2cnc3c(NC(C4CC4)C4CC4)nc(Cl)nc32)C2CC12,tensor([5.4000])
Nc1nc(Cl)nc2c1ncn2C1C(O)C(O)C2CC21,tensor([5.5000])
OC1C(O)C(n2cnc3c(NC4CCCCCC4)nc(Cl)nc32)C2CC12,tensor([5.4100])
OC1C(O)C(n2cnc3c(NC4CC4)nc(Cl)nc32)C2CC12,tensor([5.4300])
OC1C(O)C(n2cnc3c(NC4CC5CCC4C5)nc(Cl)nc32)C2CC12,tensor([5.6100])
OC1C(O)C(n2cnc3c(NCC4CC4)nc(Cl)nc32)C2CC12,tensor([5.3600])
OC1C(O)C(n2cnc3c(NC4CCC4)nc(Cl)nc32)C2CC12,tensor([5.5200])
Cc1cc(-c2nnc(N)nc2-c2ccccc2)cc(C)n1,tensor([8.1100])
Cc1cc(-c2nnc(N)nc2-c2cccc(F)c2)cc(C)n1,tensor([7.9800])
Cc1cc(-c2nnc(N)nc2-c2ccccc2)cc(C)c1O,tensor([8.3900])
Nc1nnc(-c2cccc(Cl)c2)c(-c2ccccc2)n1,tensor([7.2900])
Nc1nnc(-c2ccccc2)c(-c2ccccc2)n1,tensor([6.9300])
Cc1cc(-c2nnc(N)nc2-c2ccc(F)cc2)cc(C)n1,tensor([7.8100])
Cc1cc(-c2nnc(N)nc2-c2ccc(F)cc2)cc(C(F)(F)F)n1,tensor([8.3400])
Nc1nnc(-c2ccc(O)c(Cl)c2)c(-c2ccccc2)n1,tensor([8.8500])
Cc1cc(-c2nnc(N)nc2-c2ccccc2)cc(C(F)(F)F)n1,tensor([8.4600])
Cc1cc(C)cc(-c2nnc(N)nc2-c2ccccc2)c1,tensor([7.6700])
Cc1cc(-c2nnc(N)nc2-c2cc(F)cc(F)c2)cc(C)n1,tensor([7.5600])
CSc1nc2nc3c(c(O)n2n1)CN(Cc1ccccc1)CC3,tensor([6.1500])
CCc1cc2c(=O)c(-c3nc(C)cs3)coc2cc1OCC(=O)OC(C)C,tensor([7.8200])
COC1CCN(c2cccc(-c3nc(N)nc(-c4ccccc4O)n3)c2)CC1,tensor([8.8000])
CC(=O)Oc1cc(C)c2c(=O)c(-c3nc(C)cs3)coc2c1,tensor([7.4700])
NC(c1csc(Nc2nncc3ccccc23)n1)c1ccccc1Cl,tensor([5.6200])
CCCc1cc2c(=O)c(-c3nc(C)cs3)coc2cc1OC(C)=O,tensor([8.5100])
CC1CC(c2ccccc2)n2nc(N3C(=O)C4CC=CCC4C3=O)nc2N1,tensor([5.7000])
Nc1cccc(CC2SC(=O)NC2=O)c1,tensor([5.1500])
O=C(c1ccc(F)cc1)c1c[nH]c(C(=O)NCCCn2ccnc2)c1,tensor([5.3300])
Cc1csc(-c2coc3cc(OCC(=O)O)cc(C)c3c2=O)n1,tensor([5.6500])
Cc1cc(O)c(C(C)C)cc1N=C1CSC(=O)N1,tensor([5.7500])
COCCN1C(=O)c2[nH]nc(-c3ccccc3O)c2C1c1ccc(F)cc1,tensor([5.9100])
Cc1ccsc1C=Cc1nc(N)nc(-c2ccccc2O)n1,tensor([8.4600])
CC(C)c1nc(N)nc(-c2ccccc2O)n1,tensor([7.9100])
COc1ccc(N2CC(C(=O)NC(Cc3ccccc3)C(=O)O)CC2=O)cc1,tensor([5.5300])
O=c1c(-c2ccco2)nnc2n(-c3ccc(Cl)cc3)c3ccccc3n12,tensor([7.3000])
O=c1c(-c2ccco2)nnc2n(Cc3ccccc3)c3ccccc3n12,tensor([6.8100])
O=c1c(-c2ccco2)nnc2n(-c3ccccc3)c3ccccc3n12,tensor([5.4900])
O=c1c(-c2ccco2)nnc2n(CCc3ccccc3)c3ccccc3n12,tensor([7.8000])
Oc1c(-c2ccco2)nnc2nc3ccccc3n12,tensor([7.4800])
COc1cccc2cc(C(=O)NCCCOCCCCOCCCNC(=O)c3cc4cccc(OC)c4oc3=N)c(=N)oc12,tensor([6.4000])
COc1cccc2cc(C(=O)Nc3c(C#N)ncn3-c3ccccc3)c(=N)oc12,tensor([6.])
COc1cccc2cc(C(=O)NC3CCCC3)c(=N)oc12,tensor([6.4000])
COc1cccc2cc(C(=O)NCCCO)c(=N)oc12,tensor([6.2000])
COc1cccc2cc(C(=O)NC3CCCCC3)c(=N)oc12,tensor([6.4000])
COc1cccc2cc(C(=O)NCCc3ccc(O)cc3)c(=N)oc12,tensor([6.9000])
COc1cccc2cc(C(=O)Nc3c(C#N)ncn3-c3ccc(F)cc3)c(=N)oc12,tensor([6.2000])
COc1cccc2cc(C(=O)NCCCCCO)c(=N)oc12,tensor([6.])
COCCNC(=O)c1cc2cccc(OC)c2oc1=N,tensor([6.3000])
COc1cccc2cc(C(=O)NCC(O)c3ccccc3)c(=N)oc12,tensor([6.3000])
CCOC(CNC(=O)c1cc2cccc(OC)c2oc1=N)OCC,tensor([5.8000])
COc1cccc2cc(C(=O)NCCCNC(=O)c3cc4cccc(OC)c4oc3=N)c(=N)oc12,tensor([6.4000])
COc1cccc2cc(C(N)=O)c(=N)oc12,tensor([7.1000])
COc1cccc2cc(C(=O)NCCO)c(=N)oc12,tensor([6.])
COC(=O)C(C#N)=Cc1cccc(OC)c1O,tensor([6.5000])
COc1cccc2cc(C(=O)NCCCN3CCN(CCCNC(=O)c4cc5cccc(OC)c5oc4=N)CC3)c(=N)oc12,tensor([6.5000])
Nc1nc(SCCc2ccc(S(=O)(=O)O)cc2)nc2c1ncn2C1OC(CO)C(O)C1O,tensor([6.4400])
CCNC(=O)C1OC(n2cnc3c(N)nc(C#CCC4CCC(C(=O)OC)CC4)nc32)C(O)C1O,tensor([9.3000])
CNC(=O)C12CC1C(n1cnc3c(NCc4cccc(Cl)c4)nc(C#Cc4ccc5ccc6cccc7ccc4c5c67)nc31)C(O)C2O,tensor([5.5100])
CNC(=O)C12CC1C(n1cnc3c(NC)nc(C#Cc4ccc(C(C)=O)cc4)nc31)C(O)C2O,tensor([5.2800])
CNC(=O)C12CC1C(n1cnc3c(NC)nc(C#Cc4cccc(Cl)c4)nc31)C(O)C2O,tensor([5.9000])
CNC(=O)C12CC1C(n1cnc3c(NCc4cccc(Cl)c4)nc(C#Cc4cccc(Cl)c4)nc31)C(O)C2O,tensor([5.7600])
CCCNC(=O)C1OC(n2cnc3c(N)ncnc32)C(O)C1O,tensor([6.6800])
Nc1ncnc2c1ncn2C1OC(C(=O)NC2CCCC2)C(O)C1O,tensor([6.1900])
Nc1ncnc2c1ncn2C1OC(C(=O)NC2CCC2)C(O)C1O,tensor([7.4700])
Nc1ncnc2c1ncn2C1OC(C(=O)NCCO)C(O)C1O,tensor([6.3000])
Nc1ncnc2c1ncn2C1OC(C(=O)NC2CC2)C(O)C1O,tensor([7.3000])
Nc1ncnc2c1ncn2C1OC(C(=O)NCC(F)(F)F)C(O)C1O,tensor([6.7500])
Nc1ccc(C(=O)Nc2ccc(O)c(-c3nc4ccccc4[nH]3)c2)cc1,tensor([5.8000])
CC1=C(C(=O)Nc2nc3ccccc3s2)C(c2ccco2)C(C#N)=C(SCC(N)=O)N1,tensor([5.2000])
COCC1=CC(O)N=C(Nc2nc(C)c3ccccc3n2)N1,tensor([6.2000])
NC(=NC(=O)CN1C(=O)C2CCCCC2C1=O)Nc1nc2ccccc2s1,tensor([5.3000])
CC1CCN(C(=O)c2ccc3c(=O)[nH]c4c(-c5ccccc5)nnn4c3c2)CC1,tensor([5.6000])
Cc1cc(NC(=O)CSc2nc3ccccc3c3nc4ccccc4n23)n[nH]1,tensor([6.2000])
N#CC(=NNc1ccc(S(N)(=O)=O)cc1)c1nc2ccccc2[nH]1,tensor([5.3000])
Cc1n[nH]c(C)c1S(=O)(=O)N1CCC(C(=O)Nc2nc3c(C)cccc3s2)CC1,tensor([6.])
COc1cc(C=NNc2ncnc3sc4c(c23)CCCC4)ccc1O,tensor([5.3000])
CCCc1nn(C)c2c(=O)[nH]c(-c3cc(S(=O)(=O)N4CCN(C)CC4)ccc3OCC)nc12,tensor([6.7000])
O=C1c2ccccc2C(=O)c2cc(OCC(O)CN3CCCCC3)ccc21,tensor([5.3000])
N#CCSc1nc2cc(C(=O)N3CCC(C(N)=O)CC3)ccc2c2nc3ccccc3n12,tensor([6.])
Cc1cccc2sc(NC(=O)CNS(=O)(=O)c3cccs3)nc12,tensor([5.8000])
Cc1[nH]c2nc3ccccc3n2c(=O)c1CCOC(=O)C1CCCCC1,tensor([5.6000])
N=C(NC(=O)C(Cc1ccccc1)N1C(=O)c2ccccc2C1=O)Nc1nc2ccccc2o1,tensor([5.4000])
O=C(CCN1C(=O)c2ccccc2C1=O)Nc1nc2ccccc2s1,tensor([5.3000])
CCOC(=O)c1nc[nH]c1N=Nc1c(O)ccc2ccccc12,tensor([5.9000])
Cc1ccc2[nH]c3nc(SCC(=O)Nc4ncc(C)s4)nnc3c2c1,tensor([5.4000])
C#CCN1CCC(NC(=O)Nc2nc3nn(C)cc3c3nc(-c4ccco4)nn23)CC1,tensor([6.1000])
CCOC(=O)CN1CCC(NC(=O)Nc2nc3nn(C)cc3c3nc(-c4ccco4)nn23)CC1,tensor([5.9600])
CCCN1CCC(NC(=O)Nc2nc3nn(C)cc3c3nc(-c4ccco4)nn23)CC1,tensor([5.9200])
Cn1cc2c(nc(NC(=O)NC3CCN(C(=O)NCc4ccc(F)cc4)CC3)n3nc(-c4ccco4)nc23)n1,tensor([5.4900])
Cn1cc2c(nc(NC(=O)NC3CCN(C(=O)NCCCc4ccccc4)CC3)n3nc(-c4ccco4)nc23)n1,tensor([5.7900])
Cn1cc2c(nc(NC(=O)NC3CCN(Cc4ccc(C#N)cc4)CC3)n3nc(-c4ccco4)nc23)n1,tensor([5.6500])
Cn1cc2c(nc(NC(=O)NC3CCN(C(=O)NCCc4ccccc4)CC3)n3nc(-c4ccco4)nc23)n1,tensor([5.7400])
Cn1cc2c(nc(NC(=O)NC3CCN(Cc4ccccc4)CC3)n3nc(-c4ccco4)nc23)n1,tensor([6.2800])
C=CCN1CCC(NC(=O)Nc2nc3nn(C)cc3c3nc(-c4ccco4)nn23)CC1,tensor([5.8500])
Cn1cc2c(nc(NC(=O)NC3CCN(C(=O)NCc4ccc(Cl)cc4)CC3)n3nc(-c4ccco4)nc23)n1,tensor([5.9400])
Cc1ccc(CNC(=O)N2CCC(NC(=O)Nc3nc4nn(C)cc4c4nc(-c5ccco5)nn34)CC2)cc1,tensor([5.5500])
CN1CCN(C(=O)N2CCC(NC(=O)Nc3nc4nn(C)cc4c4nc(-c5ccco5)nn34)CC2)CC1,tensor([5.8900])
Cn1cc2c(nc(NC(=O)NC3CCN(C(=O)Nc4ccncc4)CC3)n3nc(-c4ccco4)nc23)n1,tensor([5.7300])
OC1C(O)C(n2cnc3c(NCc4cccc(Cl)c4)nc(C#Cc4ccc(F)c(F)c4)nc32)C2CC12,tensor([5.8700])
OC1C(O)C(n2cnc3c(NCc4cccc(Cl)c4)nc(C#Cc4cccc(Cl)c4)nc32)C2CC12,tensor([5.7500])
OC1C(O)C(n2cnc3c(NCc4cccc(Cl)c4)nc(C#Cc4ccccc4)nc32)C2CC12,tensor([6.1700])
Cn1c(=O)c2c(nc3n2CCCN3C2CCCCCCC2)n(C)c1=O,tensor([5.8200])
CC(=O)OC1CCC(N2CCCn3c2nc2c3c(=O)n(C)c(=O)n2C)CC1,tensor([4.6600])
Cn1c(=O)c2c(nc3n2CCN3C2CCC(O)CC2)n(C)c1=O,tensor([5.4900])
Cn1c(=O)c2c(nc3n2CCCN3CCC2=CCCCC2)n(C)c1=O,tensor([6.0300])
Cn1c(=O)c2c(nc3n2CCN3C2CCCCC2)n(C)c1=O,tensor([5.7900])
Cn1c(=O)c2c(nc3n2CCCN3C2CCC(O)CC2)n(C)c1=O,tensor([4.7200])
Cn1c(=O)c2c(nc3n2CCCN3C2CCCCCC2)n(C)c1=O,tensor([5.9400])
Cn1c(=O)c2c(nc3n2CCCCN3C2CCCCCCC2)n(C)c1=O,tensor([5.6200])
Cn1c(=O)c2c(nc3n2CCCN3C2CCCCC2)n(C)c1=O,tensor([5.7900])
CC1CCC(N2CCCn3c2nc2c3c(=O)n(C)c(=O)n2C)CC1,tensor([6.2100])
Cn1c(=O)c2c(nc3n2CCCN3C2CCC2)n(C)c1=O,tensor([6.0700])
Cn1c(=O)c2c(nc3n2CCN3C2CCCCCCC2)n(C)c1=O,tensor([6.5100])
Cn1c(=O)c2c(nc3n2CCCN3CC2CC2)n(C)c1=O,tensor([6.3800])
Cc1ccccc1OCC(=O)Nc1nc(-c2ccccc2)n[nH]1,tensor([5.7700])
COc1ccc(CC(=O)Nc2nc(-c3ccccc3)n[nH]2)cc1,tensor([6.])
CC(Oc1ccccc1)C(=O)Nc1nc(-c2ccccc2)n[nH]1,tensor([6.])
CC(Oc1cccc(Cl)c1)C(=O)Nc1nc(-c2ccccc2)n[nH]1,tensor([6.])
CC(Oc1ccc(Cl)cc1)C(=O)Nc1nc(-c2ccccc2)n[nH]1,tensor([5.4000])
O=C(COc1ccc2c(c1)CCC2)Nc1nc(-c2ccccc2)n[nH]1,tensor([5.4100])
Cc1ccc(OC(C)C(=O)Nc2nc(-c3ccccc3)n[nH]2)cc1,tensor([5.1900])
O=C(Nc1nc(-c2ccccc2)n[nH]1)c1ccc(Cl)cc1,tensor([5.5500])
CC(Sc1ccccc1)C(=O)Nc1nc(-c2ccccc2)n[nH]1,tensor([5.6600])
O=C(COCc1ccccc1)Nc1nc(-c2ccccc2)n[nH]1,tensor([5.3000])
CC(C)(Oc1ccc(Cl)cc1)C(=O)Nc1nc(-c2ccccc2)n[nH]1,tensor([5.0600])
CCC(Oc1ccccc1)C(=O)Nc1nc(-c2ccccc2)n[nH]1,tensor([5.8500])
Cc1cccc(-c2n[nH]c(NC(=O)C(C)Oc3ccccc3)n2)c1,tensor([5.7500])
Cc1cc(C)cc(OCC(=O)Nc2nc(-c3ccccc3)n[nH]2)c1,tensor([5.5000])
CCC(=O)Nc1nc(-c2ccccc2)n[nH]1,tensor([5.6000])
Cc1ccc(-c2n[nH]c(NC(=O)COc3ccccc3)n2)cc1,tensor([5.4400])
O=C(Nc1nc(-c2ccccc2)n[nH]1)C1CCCO1,tensor([5.2300])
CC(Oc1ccccc1F)C(=O)Nc1nc(-c2ccccc2)n[nH]1,tensor([6.])
Cc1ccc(C(=O)Nc2nc(-c3ccccc3)n[nH]2)cc1,tensor([6.5200])
Cc1cccc(OCC(=O)Nc2nc(-c3ccccc3)n[nH]2)c1,tensor([5.7000])
CCCC(=O)Nc1nc(-c2ccccc2)n[nH]1,tensor([5.9600])
O=C(COc1ccccc1)Nc1nc(-c2ccc(F)cc2)n[nH]1,tensor([5.4600])
O=C(COc1ccccc1)Nc1nc(-c2ccccc2)n[nH]1,tensor([5.7500])
COc1ccccc1NC(=O)Nc1nc(-c2ccccc2)n[nH]1,tensor([6.7000])
Cc1cccc(C)c1OCC(=O)Nc1nc(-c2ccccc2)n[nH]1,tensor([5.7700])
O=C(CCc1ccccc1)Nc1nc(-c2ccccc2)n[nH]1,tensor([5.4700])
COc1ccccc1C(=O)Nc1nc(-c2ccccc2)n[nH]1,tensor([6.7000])
CC1CCC(C)N1Cc1ccc2c(c1)-c1nc(N)nc(-c3ccccc3)c1C2=O,tensor([7.8800])
Nc1nc(-c2ccccc2)c2c(n1)-c1cc(Cc3cccnc3)ccc1C2=O,tensor([9.5200])
Nc1nc(-c2ccccc2)c2c(n1)-c1cc(C(F)(F)c3cccnc3)ccc1C2=O,tensor([8.8000])
Nc1nc(-c2ccccc2)c2c(n1)-c1cc(OCCN3CCOCC3)ccc1C2=O,tensor([8.1900])
Nc1nc(-c2ccccc2)c2c(n1)-c1cc(Cc3ccncc3F)ccc1C2=O,tensor([9.1500])
Nc1nc(-c2ccccc2)c2c(n1)-c1cc(Cc3cncc(F)c3)ccc1C2=O,tensor([8.8900])
Nc1nc(-c2ccccc2)c2c(n1)-c1cc(C(=O)c3cccnc3)ccc1C2=O,tensor([9.3000])
CC(C)n1cc(-c2ncc(N)nc2-c2ccc(F)cc2)ccc1=O,tensor([8.7400])
CN1CCN(C(=O)c2ccc3c(c2)-c2nc(N)nc(-c4ccccc4)c2C3=O)CC1,tensor([8.0900])
N#Cc1cncc(Cc2ccc3c(c2)-c2nc(N)nc(-c4ccccc4)c2C3=O)c1,tensor([8.8500])
Nc1nc(-c2ccccc2)c2c(n1)-c1cc(CN3C4CCC3CC4)ccc1C2=O,tensor([8.5100])
Nc1nc(-c2ccccc2)c2c(n1)-c1cc(CN3CCCC3)ccc1C2=O,tensor([8.3900])
Nc1nc(-c2ccccc2)c2c(n1)-c1cc(Cc3cnccc3Cl)ccc1C2=O,tensor([10.])
O=P(O)(O)OCC1OC(n2cnc3c(NC4CCCC4)nc(Cl)nc32)C(O)C1O,tensor([5.8000])
COP(=O)(OC)OCC1OC(n2cnc3c(NC4CCCC4)nc(Cl)nc32)C(O)C1O,tensor([5.3300])
COc1nc(N)c(C#N)c(-c2ccc3c(c2)OCO3)c1C#N,tensor([4.5100])
O=C(Cc1ccccc1)Nc1nn2c(-c3ccco3)nnc2s1,tensor([5.2900])
COCc1cc(C)nc2sc(-c3nc(N)nc(N(C)C)n3)c(N)c12,tensor([5.8000])
N#Cc1cnc(N)nc1-c1ccccc1,tensor([6.8000])
OC1C(O)C(n2cnc3c(NC(CC4CC4)C4CC4)nc(Cl)nc32)C2CC12,tensor([5.5900])
CC(C)C(Nc1nc(Cl)nc2c1ncn2C1C(O)C(O)C2CC21)C1CC1,tensor([5.8000])
COC(=O)c1cnn(-c2nc(NC(C3CC3)C3CC3)c3ncn(C4C(O)C(O)C5CC54)c3n2)c1,tensor([5.3900])
OC1C(O)C(n2cnc3c(NC(C4CC4)C4CC4)nc(I)nc32)C2CC12,tensor([5.6500])
NCCNC(=O)Cc1ccc(NC(=O)Cc2ccc(Nc3ncnc4c3ncn4C3OC(CO)C(O)C3O)cc2)cc1,tensor([6.4300])
CCC(Nc1nc(Cl)nc2c1ncn2C1C(O)C(O)C2CC21)C1CC1,tensor([5.4400])
OC1C(O)C(n2cnc3c(NC(C4CCC4)C4CC4)nc(Cl)nc32)C2CC12,tensor([5.2600])
OCC1OC(n2cnc3c(NC4CC4c4cccc(C(F)(F)F)c4)ncnc32)C(O)C1O,tensor([5.6200])
Cc1ccc(-c2nc(NC(=O)Nc3ccc(F)cc3)c3nnn(Cc4ccccc4F)c3n2)cc1,tensor([5.0900])
OCC1OC(n2cnc3c(NCC4c5ccccc5-c5ccccc54)ncnc32)C(O)C1O,tensor([6.8400])
CCCN1C(=O)N2CCN=C2c2[nH]c(-c3ccc(Br)cc3)nc21,tensor([6.3300])
O=C(Cc1ccccc1)Nc1nc2ccc(Cl)cc2c2nc(-c3ccco3)nn12,tensor([7.6000])
Cn1cc2c(nc(N3CCOCC3)n3nc(-c4ccco4)nc23)n1,tensor([5.7800])
Cn1cc2c(nc(N3CCCCC3)n3nc(-c4ccco4)nc23)n1,tensor([6.4500])
Cn1cc2c(nc(NC3CCCCCCC3)n3nc(-c4ccco4)nc23)n1,tensor([6.5500])
CNc1nc2nn(C)cc2c2nc(-c3ccco3)nn12,tensor([6.4300])
Cn1cc2c(nc(NC3CCCCCC3)n3nc(-c4ccco4)nc23)n1,tensor([6.4700])
CN(c1nc2nn(C)cc2c2nc(-c3ccco3)nn12)C1CCCCC1,tensor([5.5600])
CCN(CCO)c1nc2nn(C)cc2c2nc(-c3ccco3)nn12,tensor([5.1900])
CN(C)c1nc2nn(C)cc2c2nc(-c3ccco3)nn12,tensor([5.9900])
Cc1ccc(CNc2nc3nn(C)cc3c3nc(-c4ccco4)nn23)cc1,tensor([6.9300])
CN(Cc1ccccc1)c1nc2nn(C)cc2c2nc(-c3ccco3)nn12,tensor([5.9700])
Cn1cc2c(nc(NC3CC3)n3nc(-c4ccco4)nc23)n1,tensor([6.9500])
Cn1cc2c(nc(NCCc3ccccc3)n3nc(-c4ccco4)nc23)n1,tensor([7.3400])
Cn1cc2c(nc(NCCCCCCO)n3nc(-c4ccco4)nc23)n1,tensor([6.9600])
Cn1cc2c(nc(NCc3ccc(-c4ccccc4)cc3)n3nc(-c4ccco4)nc23)n1,tensor([6.2300])
Cn1cc2c(nc(NCCCO)n3nc(-c4ccco4)nc23)n1,tensor([6.8100])
COCCNc1nc2nn(C)cc2c2nc(-c3ccco3)nn12,tensor([6.3900])
Cn1cc2c(nc(NC(CO)CO)n3nc(-c4ccco4)nc23)n1,tensor([6.2200])
CN1CCN(c2nc3nn(C)cc3c3nc(-c4ccco4)nn23)CC1,tensor([5.1100])
CCC(CO)Nc1nc2nn(C)cc2c2nc(-c3ccco3)nn12,tensor([6.6800])
CCNc1nc2nn(C)cc2c2nc(-c3ccco3)nn12,tensor([6.6800])
Cn1cc2c(nc(Cl)n3nc(-c4ccco4)nc23)n1,tensor([4.5200])
Cn1cc2c(nc(NCCO)n3nc(-c4ccco4)nc23)n1,tensor([6.8000])
CC(CCc1ccccc1)Nc1nc2nn(C)cc2c2nc(-c3ccco3)nn12,tensor([6.8300])
Cn1cc2c(nc(NC(c3ccccc3)c3ccccc3)n3nc(-c4ccco4)nc23)n1,tensor([6.0500])
Cn1cc2c(nc(NCc3ccccc3)n3nc(-c4ccco4)nc23)n1,tensor([7.0400])
CCCCCN(CCCCC)c1nc2nn(C)cc2c2nc(-c3ccco3)nn12,tensor([5.1300])
Cn1cc2c(nc(NC3C4CC5CC(C4)CC3C5)n3nc(-c4ccco4)nc23)n1,tensor([6.0700])
CCCCCNc1nc2nn(C)cc2c2nc(-c3ccco3)nn12,tensor([6.7800])
COc1ccc(CNc2nc3nn(C)cc3c3nc(-c4ccco4)nn23)cc1OC,tensor([7.1900])
Cn1cc2c(nc(NCC3CCCCC3)n3nc(-c4ccco4)nc23)n1,tensor([6.0900])
Cn1cc2c(nc(NCc3ccc(F)cc3)n3nc(-c4ccco4)nc23)n1,tensor([7.0600])
CONc1nc2nn(C)cc2c2nc(-c3ccco3)nn12,tensor([6.7300])
CCCCCCC(C)Nc1nc2nn(C)cc2c2nc(-c3ccco3)nn12,tensor([6.1500])
Cn1cc2c(nc(NC3CCC3)n3nc(-c4ccco4)nc23)n1,tensor([7.0800])
CCCCCC(C)Nc1nc2nn(C)cc2c2nc(-c3ccco3)nn12,tensor([6.3500])
CCN(CC)c1nc2nn(C)cc2c2nc(-c3ccco3)nn12,tensor([6.1000])
Cn1cc2c(nc(NCc3ccc(Cl)cc3)n3nc(-c4ccco4)nc23)n1,tensor([7.1200])
Cn1cc2c(nc(NCCc3c[nH]c4ccccc34)n3nc(-c4ccco4)nc23)n1,tensor([7.1100])
COc1ccc(CCNc2nc3nn(C)cc3c3nc(-c4ccco4)nn23)cc1OC,tensor([7.0300])
Cn1cc2c(nc(NC3CCCCC3)n3nc(-c4ccco4)nc23)n1,tensor([6.6300])
COc1ccc(CNc2nc3nn(C)cc3c3nc(-c4ccco4)nn23)cc1,tensor([6.7500])
CC(C)Nc1nc2nn(C)cc2c2nc(-c3ccco3)nn12,tensor([6.4100])
CCCCN(C)c1nc2nn(C)cc2c2nc(-c3ccco3)nn12,tensor([5.8600])
Cn1cc2c(nc(NCCOc3ccccc3)n3nc(-c4ccco4)nc23)n1,tensor([6.9200])
Cn1cc2c(nc(N3CCCC3)n3nc(-c4ccco4)nc23)n1,tensor([6.8800])
Cn1cc2c(nc(NCc3ccc(C(F)(F)F)cc3)n3nc(-c4ccco4)nc23)n1,tensor([6.6100])
CC(Nc1nc2nn(C)cc2c2nc(-c3ccco3)nn12)c1ccccc1,tensor([7.4200])
Cn1cc2c(nc(NC(C)(C)C(C)(C)C)n3nc(-c4ccco4)nc23)n1,tensor([5.4900])
CCCCC(CC)CNc1nc2nn(C)cc2c2nc(-c3ccco3)nn12,tensor([6.2900])
Cn1cc2c(nc(N(Cc3ccccc3)Cc3ccccc3)n3nc(-c4ccco4)nc23)n1,tensor([5.9400])
CC(O)CNc1nc2nn(C)cc2c2nc(-c3ccco3)nn12,tensor([6.8700])
CCOc1nc2nn(C)cc2c2nc(-c3ccco3)nn12,tensor([5.2100])
Cn1cc2c(nc(NCCCCO)n3nc(-c4ccco4)nc23)n1,tensor([6.6000])
Cn1cc2c(nc(NC3CCCC3)n3nc(-c4ccco4)nc23)n1,tensor([6.8900])
Cn1cc2c(nc(NCCCCCO)n3nc(-c4ccco4)nc23)n1,tensor([6.9100])
CCC(C)Nc1nc2nn(C)cc2c2nc(-c3ccco3)nn12,tensor([6.6100])
COc1cccc(-c2cc(NC(C)=O)nc(-c3cccc(OC)c3OC)n2)c1OC,tensor([6.4300])
COc1cccc(-c2cc(NC(C)=O)nc(-c3cccc(OC)c3)n2)c1,tensor([7.3100])
Cn1c(=O)c2c(nc(C=Cc3cccc(Cl)c3)n2C)n(C)c1=O,tensor([6.6900])
CC(=O)c1ccc(C=Cc2cc3c(c(=O)n(C)c(=O)n3C)n2C)cc1,tensor([7.0300])
Cn1c(=O)c2c(cc(C=Cc3ccc(F)cc3)n2C)n(C)c1=O,tensor([6.3700])
COc1ccc(C=Cc2cc3c(c(=O)n(C)c(=O)n3C)n2C)cc1,tensor([6.6100])
Cn1c(=O)c2c(cc(C=Cc3cccc(N)n3)n2C)n(C)c1=O,tensor([6.0500])
CCCOc1ccc(C=Cc2cc3c(c(=O)n(C)c(=O)n3C)n2C)cc1,tensor([6.5100])
COc1cccc(C=Cc2cc3c(c(=O)n(C)c(=O)n3C)n2C)c1,tensor([6.4100])
Cn1c(=O)c2c(cc(C=Cc3ccc(C(F)(F)F)cc3)n2C)n(C)c1=O,tensor([6.2800])
Cn1c(=O)c2c(cc(C=Cc3ccc(Cl)cc3)n2C)n(C)c1=O,tensor([6.5800])
Cn1c(=O)c2c(cc(C=Cc3ccccc3O)n2C)n(C)c1=O,tensor([5.9400])
Cn1c(=O)c2c(nc(C=Cc3ccc(Cl)cc3)n2C)n(C)c1=O,tensor([6.8500])
Cn1c(=O)c2c(cc(C=Cc3ccc4c(c3)OCO4)n2C)n(C)c1=O,tensor([6.3300])
Cn1c(=O)c2c(cc(C=Cc3ccccc3)n2C)n(C)c1=O,tensor([6.7700])
Nc1nc2ccccc2c2cc(-c3ccco3)nn12,tensor([7.1000])
Nc1nc(NN=CC2CCCCC2)nc2c1ncn2C1OC(CO)C(O)C1O,tensor([6.5700])
COc1ccc(C=NNc2nc(N)c3ncn(C4OC(CO)C(O)C4O)c3n2)cc1,tensor([6.1600])
Nc1nc2c(cnn2CCN2CCN(c3ccc(OCC(=O)O)cc3)CC2)c2nc(-c3ccco3)nn12,tensor([8.8500])
Nc1nc(-c2ccccc2)nc2cn(-c3ccccc3)nc12,tensor([6.4900])
Nc1nc(Cc2ccccc2)nc2cn(-c3ccccc3)nc12,tensor([6.9600])
Cc1nc(N)c2nn(-c3ccccc3)cc2n1,tensor([6.6100])
COc1ccccc1Cc1cc2c(N)nc(-c3nc(C)cs3)nc2s1,tensor([7.8800])
N#Cc1cccc(-c2nc(N)c3cc(Cc4ccccc4)sc3n2)c1,tensor([7.9400])
Nc1nc(-c2ccccc2)nc2sccc12,tensor([6.3000])
Nc1nc(C2CCCO2)nc2sc(Cc3ccccc3)cc12,tensor([6.1700])
CC(C)c1ccc(-c2nc(N)c3cc(Cc4ccccc4)sc3n2)o1,tensor([6.7800])
Nc1nc(-c2ncccn2)nc2sc(Cc3ccccc3)cc12,tensor([7.7700])
Cc1csc(-c2nc(N)c3cc(Cc4ccccc4)sc3n2)n1,tensor([7.7900])
Cc1ccc(-c2nc(N)c3cc(Cc4ccccc4F)sc3n2)o1,tensor([8.4300])
Cc1csc(-c2nc(N)c3cc(C(C)c4ccccc4)sc3n2)n1,tensor([7.])
Nc1nc(-c2cnccn2)nc2sc(Cc3ccccc3)cc12,tensor([8.6200])
Cc1csc(-c2nc(N)c3cc(C4(c5ccccc5)CC4)sc3n2)n1,tensor([6.9700])
Cn1cnc(-c2nc(N)c3cc(Cc4ccccc4)sc3n2)c1,tensor([6.2700])
Nc1nc(-c2cccc(Cl)n2)nc2sc(Cc3ccccc3)cc12,tensor([6.7600])
Cc1ccc(-c2nc(N)c3ccsc3n2)o1,tensor([6.9600])
Nc1nc(-c2ccccn2)nc2sc(Cc3ccccc3)cc12,tensor([6.2300])
CC(c1ccccc1)c1cc2c(N)nc(-c3cccc(C#N)c3)nc2s1,tensor([6.4700])
COc1cccc(-c2nc(N)c3cc(Cc4ccccc4)sc3n2)c1,tensor([6.9300])
COc1ccccc1Cc1cc2c(N)nc(-c3ccc(C(F)F)o3)nc2s1,tensor([7.8800])
Nc1nc(-c2cccc(C(F)(F)F)c2)nc2sc(Cc3ccccc3)cc12,tensor([5.9900])
Nc1nc(-c2cccnc2)nc2sc(Cc3ccccc3)cc12,tensor([6.6700])
COc1ccccc1Cc1cc2c(N)nc(-c3cccc(C#N)c3)nc2s1,tensor([8.2100])
Cc1nc(-c2nc(N)c3cc(Cc4ccccc4)sc3n2)cs1,tensor([7.2400])
CCc1ccc(-c2nc(N)c3cc(Cc4ccccc4)sc3n2)o1,tensor([7.3100])
N#Cc1cccc(-c2nc(N)c3cc(C4(c5ccccc5)CC4)sc3n2)c1,tensor([6.6500])
Cc1csc(-c2nc(N)c3cc(Cc4ccccc4Cl)sc3n2)n1,tensor([8.1600])
N#Cc1ccc(-c2nc(N)c3cc(Cc4ccccc4)sc3n2)o1,tensor([6.5200])
Cc1csc(-c2nc(N)c3cc(Cc4ccccc4F)sc3n2)n1,tensor([8.0100])
N#Cc1cccc(-c2nc(N)c3cc(Cc4ccccc4F)sc3n2)c1,tensor([8.1400])
C=C(c1ccccc1)c1cc2c(N)nc(-c3cccc(C#N)c3)nc2s1,tensor([7.2000])
Nc1nc(-c2ccccc2)nc2sc(-c3ccccc3)cc12,tensor([6.6800])
Cc1ccc(-c2nc(N)c3cc(C(C)c4ccccc4)sc3n2)o1,tensor([7.4000])
Nc1nc(-c2cccc(F)c2)nc2sc(Cc3ccccc3)cc12,tensor([7.3800])
Cc1ccc(-c2nc(N)c3cc(CCc4ccccc4)sc3n2)o1,tensor([6.6900])
N#Cc1cccc(-c2nc(N)c3cc(Cc4ccccc4Cl)sc3n2)c1,tensor([8.8500])
Nc1nc(-c2ccc(C(F)F)o2)nc2sc(Cc3ccccc3)cc12,tensor([7.6000])
Cc1ccc(-c2nc(N)c3cc(-c4ccccc4)sc3n2)o1,tensor([7.1700])
COc1ccccc1Cc1cc2c(N)nc(-c3ccc(C)o3)nc2s1,tensor([7.9600])
Nc1nc(-c2cnco2)nc2sc(Cc3ccccc3)cc12,tensor([8.0500])
N#Cc1cccc(-c2nc(N)c3cc(Cc4ccccc4)sc3n2)n1,tensor([7.5800])
Nc1nc(-c2ccncc2)nc2sc(Cc3ccccc3)cc12,tensor([7.1700])
C=C(c1ccccc1)c1cc2c(N)nc(-c3nc(C)cs3)nc2s1,tensor([7.5100])
Cc1ccc(-c2nc(N)c3cc(Cc4ccccc4)sc3n2)o1,tensor([7.9600])
Nc1nc(-c2ccc(C3CC3)o2)nc2sc(Cc3ccccc3)cc12,tensor([6.5800])
Nc1nc(-c2ncco2)nc2sc(Cc3ccccc3)cc12,tensor([8.3300])
O=C(CCCc1ccccc1)Nc1nc2ccccc2c(=O)s1,tensor([7.4000])
O=C(CC=Cc1ccccc1)Nc1nc2ccccc2c(=O)s1,tensor([6.9300])
O=C(Nc1nc2ccccc2c(=O)s1)c1ccc(C(=O)N2CCN(Cc3ccc(Cl)cc3)CC2)cc1,tensor([7.3500])
COc1cccc(CCCC(=O)Nc2nc3ccccc3c(=O)s2)c1,tensor([6.9400])
COc1cccc(CCC(=O)Nc2nc3ccccc3c(=O)s2)c1,tensor([7.1900])
COc1cccc(C=CC(=O)Nc2nc3ccccc3c(=O)s2)c1,tensor([7.2100])
COc1cccc(C=CCC(=O)Nc2nc3ccccc3c(=O)s2)c1,tensor([7.0400])
O=C(Nc1nc2ccccc2c(=O)s1)c1ccc(C(=O)N2CCN(Cc3cccc(Cl)c3)CC2)cc1,tensor([7.2300])
O=C(CCCc1ccccc1)Nc1nc2sccc2c(=O)s1,tensor([7.0800])
O=C(Nc1nc(-c2ccccc2)c(-c2ccccn2)s1)c1ccco1,tensor([6.7100])
Nc1nc(-c2sc(NC(=O)c3ccco3)nc2-c2ccccc2)nc2sc3c(c12)CCCC3,tensor([4.8400])
O=C(Nc1nc(-c2ccccc2)c(C(=O)c2cccnc2)s1)c1ccco1,tensor([6.2600])
COc1ccc(C(=O)Nc2nc(-c3ccccc3)c(C(=O)c3nc(N)nc(N(C)C)n3)s2)cc1,tensor([5.7000])
Cc1sc2nc(-c3sc(NC(=O)c4ccccc4)nc3-c3ccccc3)nc(N)c2c1C,tensor([5.3100])
Cc1ccc(C(=O)Nc2nc(-c3ccccc3)c(-c3nc(N)nc(N(C)C)n3)s2)cc1,tensor([6.2500])
O=C(Nc1nc(-c2ccccc2)c(-c2nc3ccccc3c(=O)[nH]2)s1)c1ccco1,tensor([5.0600])
O=C(Nc1nc(-c2ccccc2)c(C(=O)c2ccccn2)s1)c1ccco1,tensor([7.1300])
Cc1sc2nc(-c3sc(NC(=O)c4ccco4)nc3-c3ccccc3)nc(N)c2c1C,tensor([5.2200])
CN(C)c1nc(N)nc(-c2sc(NC(=O)c3ccccc3)nc2-c2ccccc2)n1,tensor([6.4900])
CN(C)c1nc(N)nc(-c2sc(NC(=O)c3ccco3)nc2-c2ccccc2)n1,tensor([6.7500])
COc1ccc(C(=O)Nc2nc(-c3ccccc3)c(C(=O)c3ccccn3)s2)cc1,tensor([6.8900])
O=C(Nc1nc(-c2ccccc2)c(-c2ccncc2)s1)c1ccco1,tensor([8.1800])
CCNC(=O)C1OC(N2CNc3c(N)nc(NCCc4ccc(CCC(=O)O)cc4)nc32)C(O)C1O,tensor([7.1000])
CCC(O)Cc1nc(N)c2nc(-n3nccn3)n(C)c2n1,tensor([7.1900])
CC(O)CCc1nc(N)c2nc(-n3nccn3)n(C)c2n1,tensor([8.1200])
CCCC(O)c1nc(N)c2nc(-n3nccn3)n(C)c2n1,tensor([7.6600])
Cn1c(-n2nccn2)nc2c(N)nc(CCCCO)nc21,tensor([7.2800])
CC(=O)CCc1nc(N)c2nc(-n3nccn3)n(C)c2n1,tensor([7.9200])
Cc1nc2ccc(NC(=O)Nc3ccnc4cccnc34)cc2o1,tensor([6.1700])
CCn1c(N=Cc2ccc(Br)cc2)c(C#N)sc1=S,tensor([11.])
CCCn1c(N=Cc2ccc(Cl)cc2)c(C#N)sc1=S,tensor([7.2600])
CCCCn1c(N=Cc2ccc(F)cc2)c(C#N)sc1=S,tensor([10.5700])
CCCn1c(N=Cc2ccc(F)cc2)c(C#N)sc1=S,tensor([10.5200])
CCn1c(N=Cc2ccc(Cl)cc2)c(C#N)sc1=S,tensor([8.8400])
CCCCn1c(N=Cc2ccc(Br)cc2)c(C#N)sc1=S,tensor([8.1200])
N#Cc1sc(=S)n(CCc2ccccc2)c1N=Cc1ccc(F)cc1,tensor([8.5800])
N#Cc1sc(=S)n(-c2ccccc2)c1N=Cc1ccc(Cl)cc1,tensor([9.8500])
N#Cc1sc(=S)n(CCc2ccccc2)c1N=Cc1ccc(Br)cc1,tensor([10.1700])
CCCCn1c(N=Cc2ccc(Cl)cc2)c(C#N)sc1=S,tensor([8.0200])
CCn1c(N=Cc2ccc(F)cc2)c(C#N)sc1=S,tensor([7.9600])
O=C1CC(c2ccccc2)Cc2[nH]c(=O)c(S(=O)(=O)c3ccccc3)cc21,tensor([5.1600])
CC(C)(C)C(=O)c1cc2c([nH]c1=O)CC(c1ccccc1)CC2=O,tensor([4.8000])
OC1C(CF)OC(n2cnc3c(NC4CCOCC4)ncnc32)C1O,tensor([5.3000])
OCC1OC(n2cnc3c(NC4CCCC4O)ncnc32)C(O)C1O,tensor([4.6000])
Cn1c(-c2ccco2)nc2c(NC(=O)Cc3ccccc3)ncnc21,tensor([6.9600])
Cc1ccc(NC(=O)Nc2ncnc3c2nc(-c2ccco2)n3C)cc1,tensor([6.9700])
Nc1ncnc2c1nc(-c1ccco1)n2CCCO,tensor([7.8200])
CCn1c(-c2ccco2)nc2c(N)ncnc21,tensor([8.4300])
CCCn1c(-c2ccco2)nc2c(N)ncnc21,tensor([7.7500])
Nc1ncnc2c1nc(-c1ccco1)n2CCO,tensor([7.4800])
Cn1c(-c2ccco2)nc2c(NC(=O)c3ccc(-c4ccccc4)cc3)ncnc21,tensor([5.9000])
Cc1ccc(COc2ccc(CC(=O)Nc3ncnc4c3nc(-c3ccco3)n4C)cc2)cc1,tensor([7.0500])
Cn1c(-c2ccco2)nc2c(NC(=O)Nc3ccccc3)ncnc21,tensor([7.2400])
Cn1c(-c2ccco2)nc2c(NC(=O)C(c3ccccc3)c3ccccc3)ncnc21,tensor([7.2300])
Cn1c(-c2ccco2)nc2c(NC(=O)Cc3ccc(OCc4ccccc4)cc3)ncnc21,tensor([7.3000])
Cn1c(=O)c2c(nc3n2CCCN3CCc2ccc(Cl)c(Cl)c2)n(C)c1=O,tensor([5.2800])
C#CCn1c(=O)c2c(nc3n2CCCN3Cc2cccc(OC)c2)n(C)c1=O,tensor([6.4900])
C#CCn1c(=O)c2c(nc3n2CCCN3C2CCC2)n(C)c1=O,tensor([6.6400])
C#CCn1c(=O)c2c(nc3n2CCCN3CCc2cccs2)n(C)c1=O,tensor([6.5000])
C#CCn1c(=O)c2c(nc3n2CCCN3CCc2ccccc2)n(C)c1=O,tensor([5.9200])
C#CCn1c(=O)c2c(nc3n2CCCN3C2CCN(Cc3ccccc3)CC2)n(C)c1=O,tensor([6.2000])
C#CCn1c(=O)c2c(nc3n2CCCN3Cc2cccs2)n(C)c1=O,tensor([6.2000])
Cn1c(=O)c2c(nc3n2CCCN3c2ccc(F)cc2)n(C)c1=O,tensor([5.9300])
C#CCn1c(=O)c2c(nc3n2CCCN3CCc2ccc(O)cc2)n(C)c1=O,tensor([6.4600])
C#CCn1c(=O)c2c(nc3n2CCCN3Cc2ccccc2OC)n(C)c1=O,tensor([6.3800])
Cn1c(=O)c2c(nc3n2CCCN3CCc2cccc(Cl)c2)n(C)c1=O,tensor([5.8700])
C#CCn1c(=O)c2c(nc3n2CCCN3CCc2ccc(OC)cc2)n(C)c1=O,tensor([6.2900])
Cn1c(=O)c2c(nc3n2CCCN3CCc2ccc(Cl)cc2)n(C)c1=O,tensor([5.2500])
Cn1c(=O)c2c(nc3n2CCCN3Cc2cccc(Cl)c2)n(C)c1=O,tensor([5.6900])
Cn1c(=O)c2c(nc3n2CCCN3c2cc(Cl)cc(Cl)c2)n(C)c1=O,tensor([5.3400])
C#CCn1c(=O)c2c(nc3n2CCCN3Cc2ccccc2)n(C)c1=O,tensor([6.6000])
Cn1c(=O)c2c(nc3n2CCCN3Cc2cc(Cl)cc(Cl)c2)n(C)c1=O,tensor([5.4200])
C#CCn1c(=O)c2c(nc3n2CCCN3c2cccc(Br)c2)n(C)c1=O,tensor([6.5500])
C#CCn1c(=O)c2c(nc3n2CCCN3C2CCCCC2)n(C)c1=O,tensor([6.5100])
C#CCn1c(=O)c2c(nc3n2CCCN3CC2CCCO2)n(C)c1=O,tensor([5.9600])
C#CCn1c(=O)c2c(nc3n2CCCN3CC2CCCCC2)n(C)c1=O,tensor([6.2900])
CCn1c(=O)c2c(nc3n2CCCN3CCc2ccc(OC)cc2)n(CC)c1=O,tensor([5.6000])
CCCC1=C(C(=O)OCC)C(c2ccco2)NC(=O)N1,tensor([6.2200])
Cc1cc(C)n(-c2nc(Nc3cnccn3)cc(N3CCc4ccccc4C3)n2)n1,tensor([8.9600])
COCC1CCCN1c1cc(NCC(F)(F)F)nc(-n2nc(C)cc2C)n1,tensor([7.6200])
COCC1CCCN1c1cc(Nc2cnccn2)nc(-n2nc(C)cc2C)n1,tensor([7.1600])
Cc1cc(C)n(-c2nc(NCC(F)(F)F)cc(-n3cccn3)n2)n1,tensor([7.2800])
COCC1CCCN1c1cc(Nc2nccs2)nc(-n2nc(C)cc2C)n1,tensor([8.0200])
Cc1cc(C)n(-c2nc(Nc3nccs3)cc(N3CCc4ccccc4C3)n2)n1,tensor([7.1800])
Cc1cc(C)n(-c2nc(Nc3cnccn3)cc(-n3cccn3)n2)n1,tensor([7.3700])
Cc1cc(C)n(-c2nc(Nc3ccccn3)cc(-n3cccn3)n2)n1,tensor([8.0400])
Cc1cc(C)n(-c2nc(Nc3ccccn3)cc(N3CCc4ccccc4C3)n2)n1,tensor([7.1900])
CC(C)n1cc2c(Cl)nc(NC(=O)c3ccc(C(F)(F)F)cc3)nc2n1,tensor([5.5700])
O=C(c1ccccc1)N(C(=O)c1ccccc1)c1nc(Cl)c2cn(CCc3ccccc3)nc2n1,tensor([5.2700])
Cc1ccc(C(=O)Nc2nc(Cl)c3cn(CCc4ccccc4)nc3n2)cc1,tensor([5.])
CC(C)n1cc2c(Cl)nc(NC(=O)Cc3ccccc3)nc2n1,tensor([5.3300])
CC(C)n1cc2c(Cl)nc(NC(=O)c3ccccc3)nc2n1,tensor([5.3400])
CC(C)(C)Cn1cc2c(Cl)nc(N)nc2n1,tensor([5.3900])
CC(C)(C)Cn1cc2c(Cl)nc(NC(=O)c3ccccc3)nc2n1,tensor([5.4600])
Nc1nc(Cl)c2cn(CCc3ccccc3)nc2n1,tensor([5.4300])
Cc1ccc(C(=O)Nc2nc(Cl)c3cn(CC(C)(C)C)nc3n2)cc1,tensor([5.6800])
O=C(Cc1ccccc1)Nc1nc(Cl)c2cn(CCc3ccccc3)nc2n1,tensor([5.0700])
CC(C)n1cc2c(Cl)nc(N)nc2n1,tensor([5.4800])
O=C(Nc1nc(Cl)c2cn(CCc3ccccc3)nc2n1)c1ccccc1,tensor([5.5100])
Cn1cc2c(Cl)nc(N)nc2n1,tensor([5.0400])
Cc1ccc(C(=O)Nc2nc(Cl)c3cn(C)nc3n2)cc1,tensor([4.9200])
CC(C)(C)Cn1cc2c(Cl)nc(NC(=O)c3ccc(F)cc3)nc2n1,tensor([5.6600])
Cn1cc2c(Cl)nc(NC(=O)c3ccc(F)cc3)nc2n1,tensor([4.6900])
Cc1ccc(C(=O)Nc2nc(Cl)c3cn(C(C)C)nc3n2)cc1,tensor([5.9600])
O=C(Nc1nc(Cl)c2cn(CCc3ccccc3)nc2n1)c1ccc(C(F)(F)F)cc1,tensor([4.7900])
Cn1cc2c(Cl)nc(NC(=O)c3ccccc3)nc2n1,tensor([4.6200])
Cn1cc2c(Cl)nc(N(C(=O)c3ccccc3)C(=O)c3ccccc3)nc2n1,tensor([4.7600])
Cn1cc2c(Cl)nc(NC(=O)c3ccc(C(F)(F)F)cc3)nc2n1,tensor([4.5900])
CC(C)n1cc2c(Cl)nc(NC(=O)c3ccc(F)cc3)nc2n1,tensor([5.8000])
CC(C)n1cc2c(Cl)nc(N(C(=O)c3ccccc3)C(=O)c3ccccc3)nc2n1,tensor([6.1000])
CC(C)(C)Cn1cc2c(Cl)nc(NC(=O)Cc3ccccc3)nc2n1,tensor([4.6300])
Cn1cc2c(Cl)nc(NC(=O)Cc3ccccc3)nc2n1,tensor([4.5200])
Cn1c(=O)c2[nH]c(Cc3ccc(OCCCn4ccnc4)cc3)nc2n(C)c1=O,tensor([8.5000])
Cn1c(=O)c2[nH]c(-c3ccc(OCCC4CCNCC4)cc3)nc2n(C)c1=O,tensor([9.5400])
Cn1c(=O)c2[nH]c(-c3ccc(OCCN4CCOCC4)cc3)nc2n(C)c1=O,tensor([9.5100])
Cn1c(=O)c2[nH]c(-c3ccc(OC4CCCC4)cc3)nc2n(C)c1=O,tensor([10.1400])
Cn1c(=O)c2[nH]c(-c3ccc(OCCCN4CCN(Cc5ccccc5Cl)CC4)cc3)nc2n(C)c1=O,tensor([9.9200])
CN(C)CCOc1ccc(-c2nc3c([nH]2)c(=O)n(C)c(=O)n3C)cc1,tensor([9.4000])
Cn1c(=O)c2[nH]c(-c3ccc(OCCCn4ccnc4)cc3)nc2n(C)c1=O,tensor([10.3800])
CCN(CC)CCOc1ccc(-c2nc3c([nH]2)c(=O)n(C)c(=O)n3C)cc1,tensor([9.6000])
Cn1c(=O)c2[nH]c(-c3ccc(OCCN4CCCC4)cc3)nc2n(C)c1=O,tensor([9.7000])
Cn1c(=O)c2[nH]c(Cc3ccc(OCCCN4CCC5(CC4)OCCO5)cc3)nc2n(C)c1=O,tensor([8.0900])
Cc1ccncc1-c1nn(C)c2nc(OCc3ccccn3)cnc12,tensor([5.2100])
CCCCC#Cc1nc(NC2CC2)c2ncn(C3C(O)C(O)C4CC43)c2n1,tensor([5.6600])
CCCCC#Cc1nc(N)c2ncn(C3C(O)C(O)C4CC43)c2n1,tensor([7.])
CCCCC#Cc1nc(NCc2cccc(I)c2)c2ncn(C3C(O)C(O)C4CC43)c2n1,tensor([5.6000])
CCCCC#Cc1nc(NC2CCCC2)c2ncn(C3C(O)C(O)C4CC43)c2n1,tensor([5.7500])
CCCCC#Cc1nc(NC)c2ncn(C3C(O)C(O)C4CC43)c2n1,tensor([5.1300])
CCCCC#Cc1nc(NCc2cccc(Br)c2)c2ncn(C3C(O)C(O)C4CC43)c2n1,tensor([5.5000])
CCCCC#Cc1nc(NCc2cccc(Cl)c2)c2ncn(C3C(O)C(O)C4CC43)c2n1,tensor([5.4800])
Cc1csc(-c2c(C)oc3cc(O)ccc3c2=O)n1,tensor([5.1000])
CCCc1cc2c(=O)c(-c3csc(C)n3)coc2cc1O,tensor([7.5000])
CCOC(=O)COc1cc(C)c2c(=O)c(-c3nc(C)cs3)coc2c1,tensor([7.])
CCOc1cc2occ(-c3nc(C)cs3)c(=O)c2cc1CC,tensor([7.4000])
C#CCCCOc1cc(C)c2c(=O)c(-c3nc(C)cs3)coc2c1,tensor([7.6000])
Cc1csc(-c2coc3cc(O)ccc3c2=O)n1,tensor([5.7000])
Cc1csc(-c2coc3cccc(C)c3c2=O)n1,tensor([6.5000])
Cc1csc(-c2coc3cc(OCC4CC4)cc(C)c3c2=O)n1,tensor([7.1000])
Cc1csc(-c2coc3cc(OCCN(C)C)cc(C)c3c2=O)n1,tensor([5.8000])
CCc1cc2c(=O)c(-c3cscn3)coc2cc1O,tensor([5.8000])
CCc1cc2c(=O)c(-c3csc(C)n3)coc2cc1O,tensor([7.3000])
CCCc1cc2c(=O)c(-c3nc(C)cs3)coc2cc1O,tensor([7.6000])
CCCCCc1cc2c(=O)c(-c3nc(C)cs3)coc2cc1O,tensor([7.7000])
CC1CCCC(C)N1Cc1cc2c(N)nc(-c3cccc(C#N)c3)nc2s1,tensor([7.1900])
Nc1nc(-c2ccon2)nc2sc(CN3CCOCC3)cc12,tensor([6.])
Nc1nc(-c2ccco2)nc2sc(CN3CCC(F)(F)C3)cc12,tensor([8.0600])
N#Cc1ccc(-c2nc(N)c3cc(CN4CC=CCC4)sc3n2)cc1,tensor([6.7500])
CC1CCCC(C)N1Cc1cc2c(N)nc(-c3ccon3)nc2s1,tensor([6.8900])
Nc1nc(-c2ccc(C(F)F)o2)nc2sc(CN3CCCC(F)(F)C3)cc12,tensor([7.3700])
Nc1nc(-c2ccc(C3CC3)o2)nc2sc(CN3CCOCC3)cc12,tensor([6.0200])
Nc1nc(-c2ccc(Cl)o2)nc2sc(CN3CCCC(F)(F)C3)cc12,tensor([8.0400])
Nc1nc(-c2ccco2)nc2sc(CN3CCCC(F)(F)C3)cc12,tensor([8.1800])
N#Cc1cccc(-c2nc(N)c3cc(CN4CCCC(F)(F)C4)sc3n2)c1,tensor([7.4100])
Nc1nc(-c2ccco2)nc2sc(CN3CC=CC3)cc12,tensor([8.1400])
CCN(CC)Cc1cc2c(N)nc(-c3ccco3)nc2s1,tensor([7.2600])
Nc1nc(-c2ccccc2)nc2sc(CN3CCOCC3)cc12,tensor([6.])
CN(C)Cc1cc2c(N)nc(-c3ccco3)nc2s1,tensor([6.8500])
CC1CCCC(C)N1Cc1cc2c(N)nc(-c3ccco3)nc2s1,tensor([8.2800])
Nc1nc(-c2ccc(Cl)o2)nc2sc(CN3CCOCC3)cc12,tensor([7.3400])
Nc1nc(-c2ccc(C(F)F)o2)nc2sc(CN3CCC(F)CC3)cc12,tensor([7.3800])
Nc1nc(-c2ccco2)nc2sc(CN3CC=CCC3)cc12,tensor([8.1900])
Nc1nc(-c2cccc([N+](=O)[O-])c2)nc2sc(CN3CCC(F)CC3)cc12,tensor([5.4200])
Nc1nc(-c2ccco2)nc2sc(CNC3CCCCC3)cc12,tensor([6.7700])
CC1CN(Cc2cc3c(N)nc(-c4cccc(C#N)c4)nc3s2)CC(C)O1,tensor([6.8200])
Nc1nc(-c2ccco2)nc2sc(CNC3CC3)cc12,tensor([7.4400])
Nc1nc(-c2ccco2)nc2sc(CN3CCSCC3)cc12,tensor([8.0400])
Nc1nc(-c2ccco2)nc2sc(CN3CCC(F)(F)CC3)cc12,tensor([7.3000])
COc1cccc(-c2nc(N)c3cc(CN4CCCC(F)(F)C4)sc3n2)c1,tensor([7.0100])
CC1CCCC(C)N1Cc1cc2c(N)nc(-c3ccc(C(F)F)o3)nc2s1,tensor([7.5400])
CN(C)C(=O)c1cccc(-c2nc(N)c3cc(CN4CCC(F)CC4)sc3n2)c1,tensor([5.6500])
Nc1nc(-c2ccc(Cl)o2)nc2sc(CN3CCC(F)(F)C3)cc12,tensor([7.8000])
N#Cc1ccc(-c2nc(N)c3cc(CN4CC=CC4)sc3n2)cc1,tensor([7.1000])
Nc1nc(-c2ccco2)nc2sc(CN3CCCC3)cc12,tensor([7.5500])
Cc1ccc(-c2nc(N)c3cc(CN4CCCCC4)sc3n2)o1,tensor([7.5400])
CC(C)c1ccc(-c2nc(N)c3cc(CN4C(C)CCCC4C)sc3n2)o1,tensor([7.7700])
Nc1nc(-c2ccco2)nc2sc(CN3CCCCCC3)cc12,tensor([7.5600])
Nc1nc(-c2ccco2)nc2sc(CN3CCC(F)CC3)cc12,tensor([7.7100])
Cc1csc(-c2nc(N)c3cc(CN4C(C)CCCC4C)sc3n2)n1,tensor([7.0500])
Nc1nc(-c2ccc(Br)o2)nc2sc(CN3CCCC3)cc12,tensor([7.6500])
Nc1nc(-c2ccc(Cl)o2)nc2sc(CN3CCCC3)cc12,tensor([7.6500])
N#Cc1cccc(-c2nc(N)c3cc(CN4CC=CC4)sc3n2)c1,tensor([7.0800])
CCc1ccc(-c2nc(N)c3cc(CN4CCOCC4)sc3n2)o1,tensor([7.1000])
N#Cc1cccc(-c2nc(N)c3cc(CN4CCSCC4)sc3n2)c1,tensor([7.2900])
Nc1nc(-c2ccco2)nc2sc(CN3CCOCC3)cc12,tensor([7.5400])
Nc1nc(-c2ccc(Br)o2)nc2sc(CN3CCOCC3)cc12,tensor([7.5200])
Nc1nc(-c2ccc(Cl)o2)nc2sc(CN3CCC(F)CC3)cc12,tensor([7.4300])
Nc1nc(-c2cccc(Cl)c2)nc2sc(CN3CCOCC3)cc12,tensor([6.9200])
Nc1nc(-c2ccc(Cl)o2)nc2sc(CN3CC=CC3)cc12,tensor([8.])
Nc1nc(-c2ccco2)nc2sc(CN3CCC(F)C3)cc12,tensor([7.9900])
N#Cc1cccc(-c2nc(N)c3cc(CN4CCOCC4)sc3n2)c1,tensor([7.4400])
Nc1nc(-c2ccc(Cl)o2)nc2sc(CN3CC=CCC3)cc12,tensor([7.9600])
CCc1ccc(-c2nc(N)c3cc(CN4C(C)CCCC4C)sc3n2)o1,tensor([7.6000])
N#Cc1ccccc1-c1nc(N)c2cc(CN3CCC(F)CC3)sc2n1,tensor([5.9900])
Nc1nc(-c2cccs2)nc2sc(CN3CCCC3)cc12,tensor([6.9600])
CC1CCCC(C)N1Cc1cc2c(N)nc(-c3ccc(C4CC4)o3)nc2s1,tensor([6.9600])
Nc1nc(-c2ccc(Cl)o2)nc2sc(CN3CCCCCC3)cc12,tensor([7.4800])
Nc1nc(-c2cccc(F)c2)nc2sc(CN3CCOCC3)cc12,tensor([6.9600])
Cc1ccc(-c2nc(N)c3cc(CN4CCOCC4)sc3n2)o1,tensor([7.4800])
CC1CCCC(C)N1Cc1cc2c(N)nc(-c3ccc(Br)o3)nc2s1,tensor([7.9200])
Nc1nc(-c2ccc(C(F)F)o2)nc2sc(CN3CCC(F)(F)CC3)cc12,tensor([6.2100])
N#Cc1cccc(-c2nc(N)c3cc(CN4CC=CCC4)sc3n2)c1,tensor([7.8800])
Nc1nc(-c2ccc(C(F)F)o2)nc2sc(CN3CCOCC3)cc12,tensor([7.5100])
Nc1nc(-c2cccs2)nc2sc(CN3CCOCC3)cc12,tensor([6.9000])
Nc1nc(-c2cccc(C(F)(F)F)c2)nc2sc(CN3CC=CC3)cc12,tensor([5.9700])
N#Cc1cccc(-c2nc(N)c3cc(CN4CCC(F)CC4)sc3n2)c1,tensor([7.2600])
Cc1ccc(-c2nc(N)c3cc(CN4CCc5ccccc5C4)sc3n2)o1,tensor([6.7000])
Nc1nc(-c2ncco2)nc2sc(CN3CC=CC3)cc12,tensor([6.6200])
Nc1nc(-c2cocn2)nc2sc(CN3CC=CC3)cc12,tensor([6.6200])
Nc1nc(-c2nccs2)nc2sc(CN3CCOCC3)cc12,tensor([6.6000])
N#Cc1ccc(-c2nc(N)c3cc(CN4CCC(F)CC4)sc3n2)cc1,tensor([6.4100])
Nc1nc(-c2ccco2)nc2sc(CN3CCC(=O)CC3)cc12,tensor([6.6400])
Nc1nc(-c2ncco2)nc2sc(CN3CC=CCC3)cc12,tensor([6.6200])
COc1cccc(-c2nc(N)c3cc(CN4CCOCC4)sc3n2)c1,tensor([6.4300])
COc1cccc(-c2nc(N)c3cc(CN4CCC(F)CC4)sc3n2)c1,tensor([6.5200])
Nc1nc(-c2ccco2)nc2sc(CN3CCC(O)CC3)cc12,tensor([6.5200])
Nc1nc(-c2cocn2)nc2sc(CN3CC=CCC3)cc12,tensor([6.6200])
Nc1nc(-c2ncco2)nc2sc(CN3CCOCC3)cc12,tensor([6.4400])
Nc1nc(-c2cc(F)cc(F)c2)nc2sc(CN3CCOCC3)cc12,tensor([6.4600])
Nc1nc(-c2ccc(F)c(F)c2)nc2sc(CN3CCOCC3)cc12,tensor([6.4400])
Nc1nc(-c2cc3ccccc3o2)nc2sc(CN3CCC(F)CC3)cc12,tensor([6.4600])
Cc1csc(-c2nc(N)c3cc(CN4CCOCC4)sc3n2)n1,tensor([6.6800])
COCC1CCCN1C(=O)c1ccc2c(-c3cnc4ccc(C#N)cn34)nn(C)c2c1,tensor([8.5200])
CC1(C)CCCN(c2nnc(N)nc2-c2ccccc2)C1,tensor([7.3900])
COc1ccc(C2CCOCC2)c2oc(NC(=O)c3ccnc(N4CCOCC4)c3)nc12,tensor([7.6000])
CC1CN(c2nnc(N)nc2-c2ccccc2)CC(C)O1,tensor([7.8000])
COc1ccc(N2CCOCC2)c2sc(NC(=O)N3CCC(C)(O)CC3)nc12,tensor([8.3000])
COc1cnc(N2CCOCC2)c2sc(NC(=O)c3ccc(F)cc3)nc12,tensor([8.3000])
O=C(c1ccc2c(-c3cnc4ccc(F)cn34)noc2c1)N1CCCCCC1,tensor([8.4000])
C#CCn1c(Br)nc2c(N)nc(C#CCCCCCC)nc21,tensor([9.2500])
CNC(=O)C12CC1C(n1cnc3c(N)nc(C#Cc4ccccc4)nc31)C(O)C2O,tensor([5.9200])
OCC1OC(n2cnc3c(NC4CC4c4ccccc4)nc(C#Cc4ccccc4)nc32)C(O)C1O,tensor([5.6000])
CCNc1ncc(C(=O)OCC)c2nc(-c3ccco3)nn12,tensor([7.3000])
CCOC(=O)c1cnc(NC2CCCC2)n2nc(-c3ccco3)nc12,tensor([7.3600])
CCOC(=O)c1cnc(NC(C)C)n2nc(-c3ccco3)nc12,tensor([6.9900])
CCOC(=O)c1cnc(NC)n2nc(-c3ccco3)nc12,tensor([6.9800])
CCOC(=O)c1cnc(N)n2nc(-c3ccco3)nc12,tensor([8.4800])
CNC(=O)c1cnc(NC(=O)Cc2ccccc2)n2nc(-c3ccco3)nc12,tensor([7.9100])
O=C(O)c1cnc(NC2CC2)n2nc(-c3ccco3)nc12,tensor([6.2200])
CCOC(=O)c1cnc(NC2CCCCCC2)n2nc(-c3ccco3)nc12,tensor([6.6300])
CCOC(=O)c1cnc(NC2CCCCC2)n2nc(-c3ccco3)nc12,tensor([7.2300])
Nc1ncc(C(=O)NCCc2ccccc2)c2nc(-c3ccco3)nn12,tensor([7.9600])
CCOC(=O)c1cnc(N2CCCCC2)n2nc(-c3ccco3)nc12,tensor([5.0900])
CCOC(=O)c1cnc(NCc2ccc(OC)c(OC)c2)n2nc(-c3ccco3)nc12,tensor([6.9400])
CCCCC(CC)CNc1ncc(C(=O)O)c2nc(-c3ccco3)nn12,tensor([4.4700])
C=C(CCC)C1=CC=C(CC2CCCCCCC2)C2C=C(C3=CC=CC3)C=C12,tensor([6.4600])
CCOC(=O)c1cnc(NCC2CCCCC2)n2nc(-c3ccco3)nc12,tensor([6.9200])
O=C(O)c1cnc(NCC2CCCCC2)n2nc(-c3ccco3)nc12,tensor([4.4700])
CC(C)Nc1ncc(C(=O)O)c2nc(-c3ccco3)nn12,tensor([5.1200])
CCOC(=O)c1cnc(NCc2ccc(C)cc2)n2nc(-c3ccco3)nc12,tensor([6.9100])
CCCCC(CC)CNc1ncc(C(=O)OCC)c2nc(-c3ccco3)nn12,tensor([6.6700])
CCCCCNc1ncc(C(=O)OCC)c2nc(-c3ccco3)nn12,tensor([7.3000])
CCOC(=O)c1cnc(NCC(C)C)n2nc(-c3ccco3)nc12,tensor([7.3500])
CCOC(=O)c1cnc(NCc2ccc(C(F)(F)F)cc2)n2nc(-c3ccco3)nc12,tensor([6.6800])
Cc1ccc(CNc2ncc(C(=O)O)c3nc(-c4ccco4)nn23)cc1,tensor([5.9200])
O=C(O)c1cnc(NCc2ccc(C(F)(F)F)cc2)n2nc(-c3ccco3)nc12,tensor([4.7500])
C=C(OCC)c1cnc(NC(=O)NC2CCCCC2)n2nc(-c3ccco3)nc12,tensor([6.7400])
CCOC(=O)c1cnc(NCc2ccc(Cl)cc2)n2nc(-c3ccco3)nc12,tensor([7.1300])
CCOC(=O)c1cnc(N2CCOCC2)n2nc(-c3ccco3)nc12,tensor([4.7500])
CCOC(=O)c1cnc(NCc2ccccc2)n2nc(-c3ccco3)nc12,tensor([7.5000])
CCOC(=O)c1cnc(NCCOC)n2nc(-c3ccco3)nc12,tensor([6.5400])
CCOC(=O)c1cnc(NC2CCC2)n2nc(-c3ccco3)nc12,tensor([7.5400])
O=C(Cc1ccccc1)Nc1ncc(C(=O)NCCc2ccccc2)c2nc(-c3ccco3)nn12,tensor([7.5500])
COc1ccc(CNc2ncc(C(=O)NCCc3ccccc3)c3nc(-c4ccco4)nn23)cc1OC,tensor([7.1900])
CNC(=O)c1cnc(NC(=O)NC2CCCCC2)n2nc(-c3ccco3)nc12,tensor([5.8200])
COc1ccc(CNc2ncc(C(=O)O)c3nc(-c4ccco4)nn23)cc1,tensor([4.9100])
O=C(Nc1ncc(C(=O)NCCc2ccccc2)c2nc(-c3ccco3)nn12)NC1CCCCC1,tensor([6.1100])
CCOC(=O)c1cnc(NCc2ccc(F)cc2)n2nc(-c3ccco3)nc12,tensor([7.4100])
CCOC(=O)c1cnc(NC(c2ccccc2)c2ccccc2)n2nc(-c3ccco3)nc12,tensor([6.4200])
CNC(=O)c1cnc(NCc2ccc(OC)c(OC)c2)n2nc(-c3ccco3)nc12,tensor([7.5900])
O=C(Nc1ncc(C(=O)O)c2nc(-c3ccco3)nn12)NC1CCCCC1,tensor([4.6100])
CCOC(=O)c1cnc(NCc2ccc(-c3ccccc3)cc2)n2nc(-c3ccco3)nc12,tensor([6.7300])
CCOC(=O)c1cnc(N2CCCC2)n2nc(-c3ccco3)nc12,tensor([4.9900])
CCOC(=O)c1cnc(NC(=O)Nc2ccccc2)n2nc(-c3ccco3)nc12,tensor([8.3200])
CCCCCNc1ncc(C(=O)O)c2nc(-c3ccco3)nn12,tensor([4.5700])
CCOC(=O)c1cnc(SC)n2nc(-c3ccco3)nc12,tensor([5.0200])
COc1ccc(CNc2ncc(C(=O)O)c3nc(-c4ccco4)nn23)cc1OC,tensor([5.2700])
O=C(Nc1ccccc1)Nc1ncc(C(=O)NCCc2ccccc2)c2nc(-c3ccco3)nn12,tensor([7.2900])
CCOC(=O)c1cnc(NC2CC2)n2nc(-c3ccco3)nc12,tensor([7.4300])
O=C(O)c1cnc(NCc2ccccc2)n2nc(-c3ccco3)nc12,tensor([5.4400])
CCNc1ncc(C(=O)O)c2nc(-c3ccco3)nn12,tensor([5.4300])
CCOC(=O)c1cnc(NC(=O)Cc2ccccc2)n2nc(-c3ccco3)nc12,tensor([4.3700])
CCOC(=O)c1cnc(NOC)n2nc(-c3ccco3)nc12,tensor([6.6800])
O=C(O)c1cnc(NC2CCCC2)n2nc(-c3ccco3)nc12,tensor([4.4300])
O=C(O)c1cnc(NCc2ccc(F)cc2)n2nc(-c3ccco3)nc12,tensor([5.1900])
CNC(=O)c1cnc(NC(=O)Nc2ccccc2)n2nc(-c3ccco3)nc12,tensor([8.2400])
CCOC(=O)c1cnc(N(C)C)n2nc(-c3ccco3)nc12,tensor([5.1900])
CCOC(=O)c1cnc(NCc2ccc(OC)cc2)n2nc(-c3ccco3)nc12,tensor([6.8500])
Cc1ccc2ncc3nc(-c4ccccc4)nn3c2c1,tensor([5.6200])
Nc1nc(CCCc2cccc(O)c2)nc2cn(-c3ccccc3)nc12,tensor([6.8400])
COc1cccc(CCCc2nc(N)c3nn(-c4ccccc4)cc3n2)c1,tensor([6.8300])
Nc1ncnc2cn(-c3ccccc3)nc12,tensor([6.3900])
Nc1nc(CCCc2ccccc2O)nc2cn(-c3ccccc3)nc12,tensor([6.9900])
Nc1nc(Cc2cccc(O)c2)nc2cn(-c3ccccc3)nc12,tensor([6.2800])
Nc1nc(Cc2ccccc2O)nc2cn(-c3ccccc3)nc12,tensor([7.0500])
Nc1nc(CCCc2ccccc2)nc2cn(-c3ccccc3)nc12,tensor([7.2600])
COc1ccc(CCCc2nc(N)c3nn(-c4ccccc4)cc3n2)cc1,tensor([6.1000])
Nc1nc(CCCc2ccc(O)cc2)nc2cn(-c3ccccc3)nc12,tensor([6.1400])
Nc1nc(Cc2ccccc2F)nc2cn(-c3ccccc3)nc12,tensor([6.8100])
COc1ccccc1CCCc1nc(N)c2nn(-c3ccccc3)cc2n1,tensor([6.8200])
COc1ccccc1Cc1nc(N)c2nn(-c3ccccc3)cc2n1,tensor([6.6700])
CCc1nc2c(=O)n(Cc3ccccc3)nc(C3CCCC3)c2c2cc(-c3ccccc3)nn12,tensor([6.1800])
O=c1c2ncn3nc(-c4ccccc4)cc3c2c(-c2ccsc2)nn1Cc1ccccc1,tensor([7.1600])
O=c1c2ncn3nc(-c4ccccc4)cc3c2c(C2CCCC2)nn1Cc1ccccc1,tensor([7.1200])
O=c1c2ncn3nc(-c4ccccc4)cc3c2c(-c2cccs2)nn1Cc1ccccc1,tensor([7.2900])
O=C(O)C1CCC(OC2CCN(c3ccc(-c4nc5cc(Cl)ccc5[nH]4)cn3)CC2)CC1,tensor([5.4600])
O=C(O)C1CCC(OC2CCN(c3ccc(-c4nc5cc(F)ccc5[nH]4)cn3)CC2)CC1,tensor([5.0100])
O=C(O)C1CCC(OC2CCN(c3ccc(-c4nc5cc(C(F)(F)F)ccc5[nH]4)cn3)CC2)CC1,tensor([5.3400])
CCNC(=O)C1OC(n2cnc3c(N)nc(NCCc4ccc(CCC(=O)Nc5ccc(OC(=O)CCCCN=[N+]=[N-])c([N+](=O)[O-])c5)cc4)nc32)C(O)C1O,tensor([5.3600])
CCNC(=O)C1OC(n2cnc3c(N)nc(NCCc4ccc(CCC(=O)Nc5ccc(OC(C)=O)c([N+](=O)[O-])c5)cc4)nc32)C(O)C1O,tensor([7.6400])
CCNC(=O)C1OC(n2cnc3c(N)nc(NCCc4ccc(CCC(=O)Nc5ccc(OC(=O)CCCCC6SCC7NC(=O)NC76)c([N+](=O)[O-])c5)cc4)nc32)C(O)C1O,tensor([5.4800])
CCOC(=O)c1c(NC(=O)c2sc(Nc3ccccc3)nc2N(C)C)sc2c1CCCC2,tensor([5.1900])
CCOC(=O)c1c(NC(=O)c2sc(Nc3ccc(C)cc3)nc2N(C)C)sc2c1CCCC2,tensor([4.7500])
CCOC(=O)c1c(NC(=O)c2sc(Nc3ccccc3)nc2-c2ccc(C)cc2)sc2c1CCCC2,tensor([4.5500])
CCOC(=O)c1c(NC(=O)c2sc(Nc3ccc(OC)cc3)nc2N(C)C)sc(C(=O)OC)c1C,tensor([5.0100])
Cc1ccc(-c2nc(Nc3ccccc3)sc2C(=O)Nc2sc3c(c2C(N)=O)CCCC3)cc1,tensor([5.4600])
Cc1ccc(Nc2nc(C)c(C(=O)Nc3sc4c(c3C#N)CCCC4)s2)cc1,tensor([5.2500])
CCOC(=O)c1c(NC(=O)c2sc(Nc3ccc(C)cc3)nc2N(C)C)sc(C(=O)OC)c1C,tensor([4.5800])
CCN(CC)CCCCCC(=O)Nc1ccc(C(=O)Nc2nccs2)cc1,tensor([6.6200])
CCN(CC)CCCCC(=O)Nc1ccc(C(=O)Nc2nccs2)cc1,tensor([6.0800])
CC(C)CCNc1ccc(C(=O)Nc2nccs2)cc1,tensor([6.1400])
CC(C)(C)CC(=O)Nc1ccc(C(=O)Nc2nccs2)nc1,tensor([6.5200])
CC(CCN1CCOCC1)CC(=O)Nc1ccc(C(=O)Nc2nccs2)cc1,tensor([6.9600])
CCN(CC)CCC(C)CC(=O)Nc1ccc(C(=O)Nc2nccs2)cc1,tensor([6.9600])
CCN(CC)CCCCCCCC(=O)Nc1ccc(C(=O)Nc2nccs2)cc1,tensor([6.8900])
O=C(CC1CCCN1)Nc1ccc(C(=O)Nc2nccs2)cc1,tensor([5.1800])
O=C(CC1CCCC1)Nc1ccc(C(=O)Nc2nccs2)cc1,tensor([7.1700])
NC(=O)c1nc(N)nc2nn(CCc3ccccc3)cc12,tensor([4.8000])
CCOC(=O)c1nc(N)nc2nn(C)cc12,tensor([5.7000])
CCOC(=O)c1nc(NC(=O)Cc2ccccc2)nc2nn(CCc3ccccc3)cc12,tensor([5.6200])
CCOC(=O)c1nc(NC(=O)Cc2ccccc2)nc2nn(C(C)C)cc12,tensor([5.0600])
CCOC(=O)c1nc(NC(=O)c2ccccc2)nc2nn(CCc3ccccc3)cc12,tensor([5.4300])
CCOC(=O)c1nc(N)nc2nn(CCc3ccccc3)cc12,tensor([5.3200])
CC(C)n1cc2c(C(N)=O)nc(N)nc2n1,tensor([5.0400])
CCOC(=O)c1nc(NC(=O)c2ccc(F)cc2)nc2nn(CCc3ccccc3)cc12,tensor([5.2100])
CCOC(=O)c1nc(NC(=O)c2ccc(C)cc2)nc2nn(C(C)C)cc12,tensor([5.6400])
CCOC(=O)c1nc(NC(=O)Cc2ccccc2)nc2nn(CC(C)(C)C)cc12,tensor([5.2400])
CCOC(=O)c1nc(NC(=O)c2ccc(F)cc2)nc2nn(C(C)C)cc12,tensor([5.5500])
CCOC(=O)c1nc(NC(=O)c2ccc(C(F)(F)F)cc2)nc2nn(CCc3ccccc3)cc12,tensor([5.1200])
CCOC(=O)c1nc(NC(=O)c2ccc(C)cc2)nc2nn(C)cc12,tensor([4.9300])
CCOC(=O)c1nc(NC(=O)c2ccccc2)nc2nn(C(C)C)cc12,tensor([5.4800])
CCOC(=O)c1nc(NC(=O)c2ccccc2)nc2nn(C)cc12,tensor([4.7900])
CCOC(=O)c1nc(NC(=O)c2ccc(C)cc2)nc2nn(CCc3ccccc3)cc12,tensor([5.2200])
Cn1cc2c(C(N)=O)nc(N)nc2n1,tensor([5.5200])
CCOC(=O)c1nc(NC(=O)c2ccc(Br)cc2)nc2nn(CCc3ccccc3)cc12,tensor([5.3800])
CCOC(=O)c1nc(NC(=O)Cc2ccccc2)nc2nn(C)cc12,tensor([5.1400])
CCOC(=O)c1nc(N)nc2nn(CC(C)(C)C)cc12,tensor([5.3000])
CCOC(=O)c1nc(NC(=O)c2ccc(F)cc2)nc2nn(CC(C)(C)C)cc12,tensor([5.2400])
CCOC(=O)c1nc(NC(=O)c2ccc(F)cc2)nc2nn(C)cc12,tensor([4.9400])
CCNC(=O)C1OC(n2cnc3c(N)nc(NCCN4CCN(c5ccc(Cl)cc5)CC4)nc32)C(O)C1O,tensor([7.6000])
CCNC(=O)C1OC(n2cnc3c(N)nc(NCCN4CCN(Cc5ccccc5)CC4)nc32)C(O)C1O,tensor([6.1800])
CCNC(=O)C1OC(n2cnc3c(N)nc(N4CCN(c5ccc(OCCCc6ccccc6)cc5)CC4)nc32)C(O)C1O,tensor([7.7900])
CCNC(=O)C1OC(n2cnc3c(N)nc(NCCN4CCN(c5ccc([N+](=O)[O-])cc5)CC4)nc32)C(O)C1O,tensor([7.6200])
CCNC(=O)C1OC(n2cnc3c(N)nc(N4CCN(c5ccc(OCc6ccc(C(F)(F)F)cc6)cc5)CC4)nc32)C(O)C1O,tensor([7.6200])
CCNC(=O)C1OC(n2cnc3c(N)nc(NCCN4CCN(c5ccccc5OC)CC4)nc32)C(O)C1O,tensor([6.5600])
CCNC(=O)C1OC(n2cnc3c(N)nc(NCCN4CCN(c5ccc(Br)cc5)CC4)nc32)C(O)C1O,tensor([7.5400])
CCNC(=O)C1OC(n2cnc3c(N)nc(N4CCN(c5ccc(OCc6ccccc6)cc5)CC4)nc32)C(O)C1O,tensor([6.1300])
CCNC(=O)C1OC(n2cnc3c(N)nc(NCCN4CCN(c5ccc(CC(=O)O)cc5)CC4)nc32)C(O)C1O,tensor([7.0800])
CCNC(=O)C1OC(n2cnc3c(N)nc(NCCN4CCN(c5cccc(F)c5F)CC4)nc32)C(O)C1O,tensor([8.2600])
CCNC(=O)C1OC(n2cnc3c(N)nc(NCCN4CCN(c5ccc(CC(=O)O)cc5Br)CC4)nc32)C(O)C1O,tensor([7.6200])
CCNC(=O)C1OC(n2cnc3c(N)nc(NCCN4CCN(c5ccc(Cl)cc5F)CC4)nc32)C(O)C1O,tensor([8.3200])
CCNC(=O)C1OC(n2cnc3c(N)nc(NCCN4CCN(c5ccc(Cl)c(Cl)c5)CC4)nc32)C(O)C1O,tensor([7.5800])
CCNC(=O)C1OC(n2cnc3c(N)nc(N4CCN(c5ccc(OCC(=O)OCC)cc5)CC4)nc32)C(O)C1O,tensor([7.2800])
CCNC(=O)C1OC(n2cnc3c(N)nc(NCCN4CCN(c5ccccc5Cl)CC4)nc32)C(O)C1O,tensor([7.7400])
CCNC(=O)C1OC(n2cnc3c(N)nc(NCCN4CCN(c5ccc(C)cc5)CC4)nc32)C(O)C1O,tensor([7.0600])
CCNC(=O)C1OC(n2cnc3c(N)nc(NCCN4CCN(c5cccc(Cl)c5)CC4)nc32)C(O)C1O,tensor([7.6400])
CCNC(=O)C1OC(n2cnc3c(N)nc(N4CCN(c5ccc(OCCOC)cc5)CC4)nc32)C(O)C1O,tensor([6.1700])
CCNC(=O)C1OC(n2cnc3c(N)nc(NCCN4CCN(c5ccc(OCCOC)cc5)CC4)nc32)C(O)C1O,tensor([7.2500])
CCNC(=O)C1OC(n2cnc3c(N)nc(NCCN4CCN(c5ccc(I)cc5)CC4)nc32)C(O)C1O,tensor([7.0400])
CCNC(=O)C1OC(n2cnc3c(N)nc(NCCN4CCN(c5ccc(OC)cc5)CC4)nc32)C(O)C1O,tensor([7.3700])
CCNC(=O)C1OC(n2cnc3c(N)nc(NCCN4CCN(c5ccc(C(=O)O)cc5)CC4)nc32)C(O)C1O,tensor([7.5200])
CCNC(=O)C1OC(n2cnc3c(N)nc(NCCN4CCN(c5ccccc5F)CC4)nc32)C(O)C1O,tensor([8.1100])
CCNC(=O)C1OC(n2cnc3c(N)nc(NCCN4CCN(c5ccccc5C(F)(F)F)CC4)nc32)C(O)C1O,tensor([7.0200])
CCNC(=O)C1OC(n2cnc3c(N)nc(NCCN4CCN(c5ccc(F)cc5)CC4)nc32)C(O)C1O,tensor([7.0100])
CCNC(=O)C1OC(n2cnc3c(N)nc(NCCN4CCN(c5ccc(F)c(Cl)c5)CC4)nc32)C(O)C1O,tensor([7.4700])
CCNC(=O)C1OC(n2cnc3c(N)nc(NCCN4CCN(c5cc(Cl)cc(Cl)c5)CC4)nc32)C(O)C1O,tensor([7.4800])
CCNC(=O)C1OC(n2cnc3c(N)nc(NCCN4CCN(c5cccc(C(=O)O)c5)CC4)nc32)C(O)C1O,tensor([7.1400])
CCNC(=O)C1OC(n2cnc3c(N)nc(NCCCN4CCN(c5ccccc5)CC4)nc32)C(O)C1O,tensor([6.6200])
CCNC(=O)C1OC(n2cnc3c(N)nc(N4CCN(c5ccc(OCc6ccc(Cl)cc6)cc5)CC4)nc32)C(O)C1O,tensor([7.4800])
CCNC(=O)C1OC(n2cnc3c(N)nc(NCCN4CCN(CCc5ccccc5)CC4)nc32)C(O)C1O,tensor([6.0100])
CCNC(=O)C1OC(n2cnc3c(N)nc(NCCN4CCN(c5ccc(C(F)(F)F)cc5)CC4)nc32)C(O)C1O,tensor([7.4400])
CCNC(=O)C1OC(n2cnc3c(N)nc(N4CCN(c5ccc(OCc6ccc(F)cc6)cc5)CC4)nc32)C(O)C1O,tensor([6.6300])
CCNC(=O)C1OC(n2cnc3c(N)nc(NCCN4CCN(c5ccccc5)CC4)nc32)C(O)C1O,tensor([7.2600])
CCn1nnc(C2OC(n3cnc4c(NCc5ccccc5I)nc(Cl)nc43)C(O)C2O)n1,tensor([6.9700])
CCn1nnc(C2OC(n3cnc4c(NC5CC5)ncnc43)C(O)C2O)n1,tensor([7.0300])
CCn1nnc(C2OC(n3cnc4c(N)nc(Cl)nc43)C(O)C2O)n1,tensor([7.6800])
CCn1nnc(C2OC(n3cnc4c(NC)ncnc43)C(O)C2O)n1,tensor([6.1100])
CCn1nnc(C2OC(n3cnc4c(NC5CC6CCC5C6)nc(Cl)nc43)C(O)C2O)n1,tensor([6.7900])
CCn1nnc(C2OC(n3cnc4c(NC5CCCO5)ncnc43)C(O)C2O)n1,tensor([6.2600])
CCn1nnc(C2OC(n3cnc4c(NC5CCCO5)nc(Cl)nc43)C(O)C2O)n1,tensor([6.0600])
CCn1nnc(C2OC(n3cnc4c(NC)nc(Cl)nc43)C(O)C2O)n1,tensor([5.4700])
CCn1nnc(C2OC(n3cnc4c(N)ncnc43)C(O)C2O)n1,tensor([8.0900])
CCn1nnc(C2OC(n3cnc4c(Nc5ccc(Cl)cc5F)nc(Cl)nc43)C(O)C2O)n1,tensor([6.6500])
CCn1nnc(C2OC(n3cnc4c(NC5CC6CCC5C6)ncnc43)C(O)C2O)n1,tensor([7.1900])
CCn1nnc(C2OC(n3cnc4c(NC5CC5)nc(Cl)nc43)C(O)C2O)n1,tensor([7.2100])
CCn1nnc(C2OC(n3cnc4c(Nc5ccc(Cl)cc5F)ncnc43)C(O)C2O)n1,tensor([7.1100])
COc1cccc2c1nc(N)n1nc(CN3CCN(c4cccc(F)c4)CC3C)nc21,tensor([8.2800])
COc1cccc2c1nc(N)n1nc(CN3CCN(c4cccnc4)CC3C)nc21,tensor([7.4000])
COc1cccc2c1nc(N)n1nc(CN3CCN(c4ncccn4)CC3C)nc21,tensor([7.5800])
COc1cccc2c1nc(N)n1nc(CN3CCN(c4ccccc4)CC3C)nc21,tensor([8.])
COc1cccc2c1nc(N)n1nc(CN3CCN(c4cnn(C(C)(C)C)c4)CC3C)nc21,tensor([8.0300])
COc1cccc2c1nc(N)n1nc(CN3CCN(c4ccccc4F)CC3C)nc21,tensor([8.0700])
COc1cccc2c1nc(N)n1nc(CN3CCN(c4nsnc4Cl)CC3C)nc21,tensor([8.2800])
COc1cccc2c1nc(N)n1nc(CN3CCN(c4sc(C)nc4C)CC3C)nc21,tensor([8.8500])
COc1ccccc1N1CCN(Cc2nc3c4cccc(OC)c4nc(N)n3n2)C(C)C1,tensor([8.0500])
COc1cccc2c1nc(N)n1nc(CN3CCN(c4ccc(F)cn4)CC3C)nc21,tensor([7.8800])
COc1cccc2c1nc(N)n1nc(CN3CCN(c4ccc(F)cc4)CC3C)nc21,tensor([8.2600])
CCn1cc(N2CCN(Cc3nc4c5cccc(OC)c5nc(N)n4n3)C(C)C2)cn1,tensor([7.7000])
COc1ccc(N2CCN(Cc3nc4c5cccc(OC)c5nc(N)n4n3)C(C)C2)cc1,tensor([8.3200])
COc1cccc2c1nc(N)n1nc(CN3CCN(c4cnn(C)c4)CC3C)nc21,tensor([7.6100])
COc1cccc(N2CCN(Cc3nc4c5cccc(OC)c5nc(N)n4n3)C(C)C2)c1,tensor([8.1100])
COc1cccc2c1nc(N)n1nc(CN3CCN(c4ccncc4)CC3C)nc21,tensor([7.0300])
COc1cccc2c1nc(N)n1nc(CN3CCN(c4ccccn4)CC3C)nc21,tensor([7.4300])
COc1cccc2c1nc(N)n1nc(CN3CCN(c4cnc(C)s4)CC3C)nc21,tensor([8.1700])
Nc1nc(-n2cccn2)nc(NCC2CC2)c1Br,tensor([8.])
Nc1nc(-c2nccs2)nc(-c2nccs2)c1Br,tensor([9.])
Nc1nc(-n2cccn2)nc(N2CCCC2)c1Br,tensor([7.9600])
Nc1nc(-n2cccn2)nc(-n2cccn2)c1Br,tensor([7.9200])
CNc1nc(-n2cccn2)nc(N)c1Br,tensor([7.8000])
Nc1nc(-n2cccn2)nc(NC2CCCC2)c1Br,tensor([8.2200])
CCSc1nc(-n2cccn2)nc(N)c1Br,tensor([8.1000])
Nc1nc(-n2cccn2)nc(NC2CC2)c1Br,tensor([7.7500])
N#Cc1c(N)nc(-n2cccn2)nc1-n1cccn1,tensor([8.1500])
Nc1nc(-n2cccn2)nc(N2CCCCC2)c1Br,tensor([7.8500])
Nc1nc(-n2cccn2)nc(N2CCC2)c1Br,tensor([7.4800])
CN(C)c1nc(-n2cccn2)nc(N)c1Br,tensor([7.4600])
Nc1nc(-n2cccn2)nc(OCC(F)(F)F)c1Br,tensor([7.8500])
Nc1nc(-n2cccn2)nc(NC2CCC2)c1Br,tensor([7.6800])
Nc1nc(-n2cccn2)nc(-n2cccn2)c1Cl,tensor([7.7700])
CC(C)Sc1nc(-n2cccn2)nc(N)c1Br,tensor([8.1500])
Cn1nc(-c2cnc3ccc(C(F)(F)F)cn23)c2ccc(C(=O)N3CCCCCC3)cc21,tensor([6.7500])
CN1CCN(C(=O)n2nc(-c3cnc4ccc(F)cn34)c3ccc(C(=O)N4CCCCCC4)cc32)CC1,tensor([6.5400])
O=C(c1ccc2c(-c3cnc4ccc(F)cn34)nn(Cc3ccccc3)c2c1)N1CCCCCC1,tensor([7.4700])
O=C(c1ccc2c(c1)nnn2-c1cnc2ccc(F)cn12)N1CCCCCC1,tensor([7.1400])
CCN(C(=O)c1ccc(C(=O)c2cnc3ccc(F)cn23)cc1Cl)C1CCCCC1,tensor([7.4700])
CCN(C(=O)c1ccc(C(=O)c2cnc3ccc(Cl)nn23)cc1)C1CCCCC1,tensor([6.3400])
[C-]#[N+]c1ccc2ncc(-c3noc4cc(C(=O)N5CCOCC5)ccc34)n2c1,tensor([6.8300])
Nc1nc(-c2cnc3ccc(F)cn23)c2ccc(C(=O)N3CCCCCC3)cc2n1,tensor([7.0800])
[C-]#[N+]c1ccc2ncc(C(=O)c3ccc(C(=O)N(CC)C4CCCCC4)cc3)n2c1,tensor([6.7700])
CCN(C(=O)c1ccc(C(=O)c2cnc3ccc(Br)cn23)cc1)C1CCCCC1,tensor([6.9700])
O=C(c1ccc(C(=O)N2CCCc3ccccc32)cc1)c1cnc2ccccn12,tensor([6.7700])
Nc1cc(C(=O)N2CCCCCC2)ccc1C(=O)c1cnc2ccc(F)cn12,tensor([6.9900])
O=C(c1ccc2c(-c3cnc4ccc(F)cn34)c[nH]c2c1)N1CCCCCC1,tensor([6.4600])
CCN(C(=O)c1ccc(C(=O)c2cnc3ccccn23)cc1)c1ccccc1,tensor([6.7300])
Cn1nc(-c2cnc3ccc(F)cn23)c2ccc(C(=O)N3CCCCCCC3)cc21,tensor([8.5200])
O=C(c1ccc(C(=O)N(C2CCCCC2)C2CCCCC2)cc1)c1cnc2ccccn12,tensor([6.8600])
CCN(C(=O)c1ccc2nc(-c3cnc4ccccn34)oc2c1)C1CCCCC1,tensor([6.5900])
Cn1nc(-c2cnc3ccc(F)cn23)c2ccc(C(=O)N3CCCCCC3)cc21,tensor([8.4000])
OC1CSC(n2cnc3c(NCc4cccc5ccccc45)nc(Cl)nc32)C1O,tensor([7.6100])
OC1CSC(n2cnc3c(NCc4cccc(F)c4)nc(Cl)nc32)C1O,tensor([8.1300])
OC1COC(n2cnc3c(NCc4cccc(I)c4)nc(Cl)nc32)C1O,tensor([7.3700])
OC1CSC(n2cnc3c(NCc4cccc(Br)c4)nc(Cl)nc32)C1O,tensor([8.0500])
OC1CSC(n2cnc3c(NCc4cccc(Cl)c4)nc(Cl)nc32)C1O,tensor([8.7800])
COc1ccccc1CNc1nc(Cl)nc2c1ncn2C1SCC(O)C1O,tensor([7.7000])
OC1COC(n2cnc3c(NCc4cccc(Br)c4)nc(Cl)nc32)C1O,tensor([7.8900])
CC(Cc1ccccc1)Nc1nc(N)c2ncn(C3OC(CO)C(O)C3O)c2n1,tensor([7.0700])
CCn1nnc(C2OC(n3cnc4c(N)nc(NC(C)Cc5ccc(C(F)(F)F)cc5)nc43)C(O)C2O)n1,tensor([7.7900])
CCn1nnc(C2OC(n3cnc4c(N)nc(NC(C)Cc5ccc(Br)cc5)nc43)C(O)C2O)n1,tensor([8.1600])
CCn1nnc(C2OC(n3cnc4c(N)nc(NC(C)Cc5ccccc5)nc43)C(O)C2O)n1,tensor([8.0400])
CCn1nnc(C2OC(n3cnc4c(N)nc(NC(C)Cc5ccc(F)cc5)nc43)C(O)C2O)n1,tensor([7.9300])
CCn1nnc(C2OC(n3cnc4c(N)nc(NC(C)Cc5cccc(OC)c5)nc43)C(O)C2O)n1,tensor([7.6800])
CCn1nnc(C2OC(n3cnc4c(N)nc(NC(C)Cc5ccc(Cl)cc5)nc43)C(O)C2O)n1,tensor([7.7900])
CCn1nnc(C2OC(n3cnc4c(N)nc(N(C)C)nc43)C(O)C2O)n1,tensor([5.4300])
CCCn1cnc2c(NCCc3ccccc3)ncnc21,tensor([4.9200])
CCCn1c(Br)nc2c(N)nc(NCc3ccccc3)nc21,tensor([7.4400])
CCCn1c(Br)nc2c(NCc3ccccc3)ncnc21,tensor([5.9300])
CCCn1c(Br)nc2c(NCCCc3ccccc3)ncnc21,tensor([5.9900])
CCCn1c(-c2ccco2)nc2c(N)nc(NCCCc3ccccc3)nc21,tensor([6.9500])
CCCn1c(-c2ccco2)nc2c(N)nc(NCc3ccccc3)nc21,tensor([8.1800])
CCCn1c(-c2ccco2)nc2c(N)nc(NCCc3ccccc3)nc21,tensor([7.8500])
CCCn1cnc2c(N)nc(NCCCc3ccccc3)nc21,tensor([5.0400])
CCCn1cnc2c(N)nc(NCCc3ccccc3)nc21,tensor([6.1300])
CCCn1c(Br)nc2c(N)nc(NCCc3ccccc3)nc21,tensor([7.5700])
CCCn1cnc2c(NCc3ccccc3)ncnc21,tensor([4.6500])
CCCn1cnc2c(N)nc(NCc3ccccc3)nc21,tensor([5.8500])
CCCn1c(-c2ccco2)nc2c(NCCCc3ccccc3)ncnc21,tensor([6.7400])
CCCn1c(-c2ccco2)nc2c(NCCc3ccccc3)ncnc21,tensor([6.2600])
CCCn1c(Br)nc2c(NCCc3ccccc3)ncnc21,tensor([6.3000])
CCCn1c(Br)nc2c(N)nc(NCCCc3ccccc3)nc21,tensor([6.5500])
CCCn1c(-c2ccco2)nc2c(NCc3ccccc3)ncnc21,tensor([7.1000])
N=C1N(CCCCc2ccccc2)CC2Cc3ccccc3CN12,tensor([4.4600])
O=C1C2Cc3ccccc3CN2C(=O)N1Cc1ccccc1,tensor([4.3600])
N=C1N(Cc2ccccc2)CC2Cc3ccccc3CN12,tensor([4.1900])
CNC(=O)C12CC1C(n1cnc3c(NCCc4ccccc4)nc(N=[N+]=[N-])nc31)C(O)C2O,tensor([5.9600])
CNC(=O)C12CC1C(n1cnc3c(NCc4cccc(Cl)c4)nc(N=[N+]=[N-])nc31)C(O)C2O,tensor([5.5600])
O=C(Nc1nc(C2CC2)cs1)c1cc2ccccc2s1,tensor([5.5400])
Nc1nc(-c2cccs2)nc2cn(-c3ccccc3)nc12,tensor([6.9400])
Fc1ccc(CNc2nc(NCc3ccc(F)cc3)n3nc(-c4ccco4)nc3n2)cc1,tensor([7.3600])
CNc1nc(N)n2nc(-c3ccco3)nc2n1,tensor([7.3100])
O=C(Nc1nc(NC2CCCCC2)nc2nc(-c3ccco3)nn12)c1ccccc1,tensor([5.9900])
CNc1nc(NC(=O)Cc2ccccc2)n2nc(-c3ccco3)nc2n1,tensor([6.5200])
CC(C)Nc1nc(N)n2nc(-c3ccco3)nc2n1,tensor([7.1900])
Fc1ccc(CNc2nc(Oc3ccccc3)nc3nc(-c4ccco4)nn23)cc1,tensor([6.0400])
CNc1nc(NC(=O)c2ccccc2)n2nc(-c3ccco3)nc2n1,tensor([6.7100])
CC(C)Nc1nc(NCc2ccccc2)n2nc(-c3ccco3)nc2n1,tensor([6.4100])
c1ccc(CNc2nc(Oc3ccccc3)nc3nc(-c4ccco4)nn23)cc1,tensor([6.2500])
c1ccc(Oc2nc(NC3CCCCC3)n3nc(-c4ccco4)nc3n2)cc1,tensor([6.9500])
Nc1nc(NC2CCCCC2)nc2nc(-c3ccco3)nn12,tensor([8.4500])
CNc1nc(NCc2ccc(F)cc2)n2nc(-c3ccco3)nc2n1,tensor([6.6300])
CC(C)Nc1nc(NC2CCCCC2)n2nc(-c3ccco3)nc2n1,tensor([6.4000])
c1coc(-c2nc3nc(NC4CCCCC4)nc(NC4CCCCC4)n3n2)c1,tensor([6.7500])
CNc1nc(NC(=O)Nc2ccccc2)n2nc(-c3ccco3)nc2n1,tensor([7.])
O=C(Nc1ccccc1)Nc1nc(NCc2ccccc2)nc2nc(-c3ccco3)nn12,tensor([8.8400])
c1ccc(CNc2nc(NC3CCCCC3)n3nc(-c4ccco4)nc3n2)cc1,tensor([7.8200])
CC(C)Nc1nc(NC(=O)c2ccccc2)n2nc(-c3ccco3)nc2n1,tensor([5.6700])
O=C(Nc1nc(NCc2ccccc2)nc2nc(-c3ccco3)nn12)c1ccccc1,tensor([7.0200])
Fc1ccc(CNc2nc(NC3CCCCC3)nc3nc(-c4ccco4)nn23)cc1,tensor([6.9500])
CNc1nc(NCc2ccccc2)n2nc(-c3ccco3)nc2n1,tensor([6.7600])
O=C(Nc1ccccc1)Nc1nc(NC2CCCCC2)nc2nc(-c3ccco3)nn12,tensor([8.1000])
CNc1nc(NC2CCCCC2)n2nc(-c3ccco3)nc2n1,tensor([6.8400])
O=C(Cc1ccccc1)Nc1nc(NC2CCCCC2)nc2nc(-c3ccco3)nn12,tensor([7.6300])
CC(C)Nc1nc(NC(=O)Nc2ccccc2)n2nc(-c3ccco3)nc2n1,tensor([7.0600])
CC(C)Nc1nc(NC(=O)Cc2ccccc2)n2nc(-c3ccco3)nc2n1,tensor([6.4100])
O=C(Cc1ccccc1)Nc1nc(NCc2ccccc2)nc2nc(-c3ccco3)nn12,tensor([8.2700])
Fc1ccc(CNc2nc(NCc3ccccc3)nc3nc(-c4ccco4)nn23)cc1,tensor([7.6600])
c1ccc(CNc2nc(NCc3ccccc3)n3nc(-c4ccco4)nc3n2)cc1,tensor([7.6900])
CCn1cnc2c(CNC(=O)c3nc(N)nc4c(F)cccc34)cccc21,tensor([8.5100])
Nc1nc(C(=O)NCc2nccc3ccccc23)c2cccc(F)c2n1,tensor([8.1700])
CC(NC(=O)c1nc(N)nc2c(F)cccc12)c1cccc2cccnc12,tensor([8.1700])
Nc1nc(C(=O)NCc2cccc3c2C(=O)NC3)c2cccc(F)c2n1,tensor([8.7400])
Nc1nc(C(=O)NCc2cccc3cccnc23)c2cccc(I)c2n1,tensor([8.5100])
Nc1nc(C(=O)NCc2cccc3cc(C(=O)NCCCCCc4ccccc4)cnc23)c2cccc(F)c2n1,tensor([8.1600])
Nc1nc(C(=O)NCc2ccccc2)c2cccc(F)c2n1,tensor([8.2700])
Nc1nc(C(=O)NCc2cccc3cccnc23)c2cccc(C(F)(F)F)c2n1,tensor([8.6400])
Nc1nc(C(=O)NCc2cccc3cc(C(=O)N4CCN(c5ccccn5)CC4)cnc23)c2cccc(F)c2n1,tensor([8.5700])
Cc1cccc(CNC(=O)c2nc(N)nc3c(F)cccc23)c1,tensor([8.0800])
Nc1nc(C(=O)NCc2cccc3c2NCCC3)c2cccc(F)c2n1,tensor([8.1200])
Nc1nc(C(=O)NCc2cccc3cc[nH]c23)c2cccc(F)c2n1,tensor([8.0900])
Nc1nc(C(=O)NCc2cccc3cccnc23)c2cccc(OC(F)(F)F)c2n1,tensor([9.7000])
Nc1nc(C(=O)NCc2cccc3cccnc23)c2cccc(Cl)c2n1,tensor([8.5200])
CSc1cccc2c(C(=O)NCc3cccc4cccnc34)nc(N)nc12,tensor([8.1100])
Nc1nc(C(=O)NCc2cccc3cccnc23)c2cc(F)ccc2n1,tensor([8.3600])
COc1cccc2c(C(=O)NCc3cccc4cccnc34)nc(N)nc12,tensor([9.7000])
Nc1nc(C(=O)NCc2cccc3cccnc23)c2cccc(F)c2n1,tensor([9.3000])
Nc1nc(C(=O)NCc2cccc3cc(C(=O)N4CCCc5ccccc54)cnc23)c2cccc(F)c2n1,tensor([8.3600])
Nc1nc(C(=O)NCc2cccc3cccnc23)c2cccc(Br)c2n1,tensor([9.1500])
Nc1nc(C(=O)NCc2cccc3cccnc23)c2cc(F)c(F)cc2n1,tensor([8.4400])
Nc1nc(C(=O)NCc2cccc3c(C(=O)N4CCN(c5ccccc5)CC4)ccnc23)c2cccc(F)c2n1,tensor([5.8100])
Nc1nc(C(=O)NCc2cncc3ccccc23)c2cccc(F)c2n1,tensor([7.5700])
N#Cc1cccc2c(C(=O)NCc3cccc4cccnc34)nc(N)nc12,tensor([7.6200])
COCCOc1ccc(N2CCN(C(=O)c3cnc4c(CNC(=O)c5nc(N)nc6c(F)cccc56)cccc4c3)CC2)cc1,tensor([8.3200])
Nc1nc(C(=O)NCc2cccc3ccccc23)c2cccc(F)c2n1,tensor([8.])
Nc1nc(C(=O)NCc2cccc3c2OCCN3)c2cccc(F)c2n1,tensor([7.6700])
Nc1nc(C(=O)NCc2cccc3c2OCCO3)c2cccc(F)c2n1,tensor([7.7000])
Nc1nc(C(=O)NCc2cccc3cccnc23)c2ccccc2n1,tensor([8.9600])
Nc1nc(C(=O)NCc2ccc3ccccc3n2)c2cccc(F)c2n1,tensor([7.8200])
Nc1nc(C(=O)NCC2CCCCC2)c2cccc(F)c2n1,tensor([7.3500])
Nc1nc(C(=O)NCCc2ccccn2)c2cccc(F)c2n1,tensor([7.8500])
Cc1ccccc1CNC(=O)c1nc(N)nc2c(F)cccc12,tensor([7.8700])
CN(CCCc1ccccn1)C(=O)c1cnc2c(CNC(=O)c3nc(N)nc4c(F)cccc34)cccc2c1,tensor([7.9200])
Nc1nc(C(=O)NCc2cccc3cccnc23)c2ccc(F)cc2n1,tensor([9.5200])
Cn1nccc1-c1cccc2c(C(=O)NCc3cccc4cccnc34)nc(N)nc12,tensor([5.9900])
Nc1nc(C(=O)NCc2cccc3[nH]cnc23)c2cccc(F)c2n1,tensor([7.6000])
Nc1nc(C(=O)NCc2cccc3cccnc23)c2cccc(-c3cncnc3)c2n1,tensor([6.8000])
CCCCOc1ccnc2c(CNC(=O)c3nc(N)nc4c(F)cccc34)cccc12,tensor([6.6100])
Nc1cc(C(=O)NCc2cccc3cccnc23)c2ccccc2n1,tensor([6.0800])
Nc1nc(C(=O)NCc2ccnc3ccccc23)c2cccc(F)c2n1,tensor([6.0300])
CS(=O)(=O)c1cccc2c(C(=O)NCc3cccc4cccnc34)nc(N)nc12,tensor([7.0700])
Nc1nc(C(=O)NCCc2ccccc2)c2cccc(F)c2n1,tensor([6.8000])
CCOc1ccnc2c(CNC(=O)c3nc(N)nc4c(F)cccc34)cccc12,tensor([7.1300])
N#CCCCCC#Cc1nc(N)c2ncn(C3OC(CO)C(O)C3O)c2n1,tensor([7.3100])
COc1ccccc1-n1cc2nc(CCCc3ccccc3)nc(N)c2n1,tensor([6.1900])
COc1cccc(Cn2cc3nc(-c4ccc(C)o4)nc(N)c3n2)c1,tensor([8.2800])
COc1ccccc1Cn1cc2nc(-c3ccco3)nc(N)c2n1,tensor([8.2700])
Cc1ccc(-c2nc(N)c3nn(Cc4cccc(F)c4)cc3n2)o1,tensor([7.2900])
Nc1nc(-c2ccco2)nc2cn(Cc3ccccc3)nc12,tensor([6.5000])
Nc1nc(-c2ccco2)nc2cn(Cc3ccccc3O)nc12,tensor([7.7700])
COc1ccccc1-n1cc2nc(-c3ccco3)nc(N)c2n1,tensor([6.4400])
Cc1ccc(-c2nc(N)c3nn(Cc4ccccc4F)cc3n2)o1,tensor([7.2400])
COc1ccccc1Cn1cc2nc(-c3ccc(C)o3)nc(N)c2n1,tensor([8.4400])
Nc1nc(-c2ccco2)nc2cn(-c3ccccc3)nc12,tensor([6.7100])
Nc1nc(CCCc2ccccc2)nc2cn(-c3ccccc3O)nc12,tensor([6.6200])
Nc1nc(-c2ccco2)nc2cn(-c3ccccc3O)nc12,tensor([7.0500])
Nc1nc(-c2cccs2)nc2cn(-c3ccccc3O)nc12,tensor([6.3800])
Cc1ccc(-c2nc(N)c3nn(Cc4cccc(O)c4)cc3n2)o1,tensor([7.8500])
Cc1ccc(-c2nc(N)c3nn(Cc4ccccc4Cl)cc3n2)o1,tensor([8.2100])
Cc1ccc(-c2nc(N)c3nn(-c4ccccc4O)cc3n2)o1,tensor([6.8300])
Cc1ccc(-c2nc(N)c3nn(Cc4ccccc4)cc3n2)o1,tensor([8.0400])
Cc1ccc(-c2nc(N)c3nn(Cc4ccccc4O)cc3n2)o1,tensor([7.4200])
COc1ccccc1-n1cc2nc(-c3ccc(C)o3)nc(N)c2n1,tensor([6.2900])
CC(=O)Oc1cccc2cc(-c3cccs3)c(=O)oc12,tensor([4.7300])
O=c1oc2c(O)c(O)ccc2cc1-c1cc(Br)cs1,tensor([4.9100])
O=c1oc2c(O)c(O)ccc2cc1-c1ccsc1,tensor([4.8300])
O=c1oc2c(O)cccc2cc1-c1cccs1,tensor([5.1300])
O=c1oc2c(O)cccc2cc1-c1ccsc1,tensor([5.0100])
CC(=O)Oc1cccc2cc(-c3ccsc3)c(=O)oc12,tensor([4.8300])
CC(=O)Oc1ccc2cc(-c3ccsc3)c(=O)oc2c1OC(C)=O,tensor([4.6900])
CCCCn1c(=O)c2c(nc3n2CCCN3CCc2ccc(OCCN(CC)CC)cc2)n(CCCC)c1=O,tensor([6.2600])
CCCn1c(=O)c2c(nc3n2CCCN3c2ccc(OCCN3CCCC3)cc2)n(CCC)c1=O,tensor([5.6200])
CCCCn1c(=O)c2c(nc3n2CCCN3c2ccc(OCCN3CCCC3)cc2)n(CCCC)c1=O,tensor([6.1800])
CCCCn1c(=O)c2c(nc3n2CCCN3c2ccc(OCCN(C)C)cc2)n(CCCC)c1=O,tensor([5.9900])
CCN(CC)CCOc1ccc(CCN2CCCn3c2nc2c3c(=O)n(C)c(=O)n2C)cc1,tensor([6.2500])
CCn1c(=O)c2c(nc3n2CCCN3CCc2ccc(O)cc2)n(CC)c1=O,tensor([5.6600])
CCCCn1c(=O)c2c(nc3n2CCCN3c2ccc(OCCN(CC)CC)cc2)n(CCCC)c1=O,tensor([6.])
CCCCn1c(=O)c2c(nc3n2CCCN3c2ccc(OCCN3CCCCC3)cc2)n(CCCC)c1=O,tensor([6.0400])
COc1ccc(Nc2nc3c(Cl)ncnc3s2)cc1,tensor([5.4500])
CCN(CC)c1ncnc2sc(Nc3ccc(Cl)cc3)nc12,tensor([4.9500])
Clc1ccc(Nc2nc3c(Cl)ncnc3s2)cc1,tensor([5.5700])
S=C(NCc1ccccc1)N(Cc1ccccc1)c1nc2c(Cl)ncnc2s1,tensor([5.7300])
OCC1CCCN1c1ncnc2sc(Nc3cccc(Br)c3)nc12,tensor([6.8200])
CN1CCN(c2ncnc3sc(Nc4ccccc4)nc23)CC1,tensor([5.5500])
Clc1ncnc2sc(Nc3cccc(Br)c3)nc12,tensor([5.5300])
O=[N+]([O-])c1ccc(Nc2nc3c(N4CCCC4)ncnc3s2)cc1,tensor([5.5000])
CN(C)c1ncnc2sc(Nc3ccccc3)nc12,tensor([5.9000])
Clc1ccc(Nc2nc3c(N4CCCCC4)ncnc3s2)cc1,tensor([4.8800])
COc1cc(Nc2nc3c(N4CCCC4)ncnc3s2)cc(OC)c1OC,tensor([6.9900])
OCC1CCCN1c1ncnc2sc(Nc3ccccc3)nc12,tensor([6.7000])
Fc1cccc(F)c1Nc1nc2c(N3CCCC3)ncnc2s1,tensor([5.6500])
Brc1cccc(Nc2nc3c(N4CCCC4)ncnc3s2)c1,tensor([6.6100])
CCN(CC)c1ncnc2sc(Nc3ccccc3)nc12,tensor([5.6600])
Clc1ncnc2sc(Nc3ccccc3)nc12,tensor([5.8200])
c1ccc(Nc2nc3c(N4CCNCC4)ncnc3s2)cc1,tensor([5.0400])
CCN1CCN(c2ncnc3sc(Nc4ccccc4)nc23)CC1,tensor([5.0800])
Fc1cccc(F)c1Nc1nc2c(Cl)ncnc2s1,tensor([5.0900])
OCC1CCCN1c1ncnc2sc(Nc3ccc(Cl)cc3)nc12,tensor([6.3300])
Cc1ccc(Nc2nc3c(Cl)ncnc3s2)cc1,tensor([5.3100])
Clc1ccc(Nc2nc3c(N4CCOCC4)ncnc3s2)cc1,tensor([5.8500])
Clc1ccc(Nc2nc3c(N4CCCC4)ncnc3s2)cc1,tensor([5.6900])
OCC1CCCN1c1ncnc2sc(Nc3c(F)cccc3F)nc12,tensor([5.4900])
c1ccc(Nc2nc3c(N4CCOCC4)ncnc3s2)cc1,tensor([6.4800])
COc1ccc(Nc2nc3c(N4CCCC4CO)ncnc3s2)cc1,tensor([5.9600])
COc1cc(Nc2nc3c(N4CCCC4CO)ncnc3s2)cc(OC)c1OC,tensor([6.4800])
Cc1ccc(Nc2nc3c(N4CCCC4CO)ncnc3s2)cc1,tensor([6.5000])
Cc1ccc(Nc2nc3c(N4CCCC4)ncnc3s2)cc1,tensor([6.0100])
c1ccc(Nc2nc3c(N4CCCCC4)ncnc3s2)cc1,tensor([6.0100])
COc1cc(Nc2nc3c(Cl)ncnc3s2)cc(OC)c1OC,tensor([5.9800])
CC(C)C(Nc1nc(Cl)nc2c1ncn2C1C(O)C(O)C2(CO)CC12)C1CC1,tensor([5.8200])
OCC12CC1C(n1cnc3c(NC(C4CC4)C4CC4)nc(Cl)nc31)C(O)C2O,tensor([5.6600])
CCOC(=O)C12CC1C(n1cnc3c(NC(C4CC4)C4CC4)nc(Cl)nc31)C(O)C2O,tensor([5.8000])
CNC(=O)C12CC1C(n1cnc3c(NC(C4CC4)C4CC4)nc(Cl)nc31)C(O)C2O,tensor([5.3700])
CCC(CC)Nc1nc(Cl)nc2c1ncn2C1C(O)C(O)C2(CO)CC12,tensor([5.7600])
CCC(Nc1nc(Cl)nc2c1ncn2C1C(O)C(O)C2(CO)CC12)C1CC1,tensor([5.7300])
OCC12CC1C(n1cnc3c(NC(C4CCC4)C4CC4)nc(Cl)nc31)C(O)C2O,tensor([5.5700])
COc1ccc(CNC(=O)c2nc(N)nc3c(OC)cccc23)nc1,tensor([8.1100])
COc1ccc(C(C)(C)O)nc1CNC(=O)c1nc(N)nc2c(OC)cccc12,tensor([8.])
COc1cccc2c(C(=O)NCc3cccc(Cc4cccnc4)n3)nc(N)nc12,tensor([8.3000])
COc1cccc2c(C(=O)NCc3cccc(COc4ccccc4F)n3)nc(N)nc12,tensor([9.7000])
COc1cccc2c(C(=O)NCc3cccc(C(C)C)n3)nc(N)nc12,tensor([9.7000])
COc1cccc2c(C(=O)NCc3cccc(F)n3)nc(N)nc12,tensor([8.8200])
COc1cccc2c(C(=O)NCc3nc(C(C)(C)O)ccc3C)nc(N)nc12,tensor([9.2200])
COc1cccc2c(C(=O)NCc3cccc(C(F)(F)F)n3)nc(N)nc12,tensor([9.4000])
COc1cccc2c(C(=O)NCc3cccc(CO)n3)nc(N)nc12,tensor([8.3400])
COc1cccc2c(C(=O)NCc3cccc(C(C)(C)O)n3)nc(N)nc12,tensor([9.4000])
COc1cccc2c(C(=O)NCc3cccc(COC4CCCC4)n3)nc(N)nc12,tensor([9.3000])
COc1cccnc1CNC(=O)c1nc(N)nc2c(OC)cccc12,tensor([8.5200])
COc1cccc(CNC(=O)c2nc(N)nc3c(OC)cccc23)n1,tensor([9.1000])
COc1cccc2c(C(=O)NCc3cccc(C4CCC4)n3)nc(N)nc12,tensor([9.7000])
CC(C)OCc1cccc(CNC(=O)c2nc(N)nc3c(F)cccc23)n1,tensor([9.])
COc1cccc2c(C(=O)NC3CCCc4cccnc43)nc(N)nc12,tensor([6.7500])
[2H]C([2H])(NC(=O)c1nc(N)nc2c(OC)cccc12)c1cccc(C([2H])([2H])c2cncc(OCCOC)c2)n1,tensor([8.7000])
COc1cccc2c(C(=O)NCc3cccc(C)n3)nc(N)nc12,tensor([9.3000])
Nc1nc(C(=O)NCc2cccc(CO)n2)c2cccc(F)c2n1,tensor([8.0200])
Oc1ccc(-c2cnc(NC3CCC(O)CC3)nc2-c2ccccc2)cc1Cl,tensor([8.1400])
COc1ccc(-c2cnc(N)nc2-c2ccccc2)cc1Cl,tensor([6.6000])
Nc1ncc(-c2ccc(O)c(O)c2)c(-c2ccccc2)n1,tensor([8.3300])
OC1CCC(Nc2ncc(-c3ccc4ccccc4c3)c(-c3ccccc3)n2)CC1,tensor([5.8600])
Nc1ncc(-c2ccc(O)cc2)c(-c2ccccc2)n1,tensor([8.8900])
Nc1ncc(-c2cccc(Cl)c2)c(-c2ccccc2)n1,tensor([6.9200])
COc1cccc(-c2cnc(N)nc2-c2ccccc2)c1,tensor([6.8100])
OC1CCC(Nc2ncc(-c3ccnc(C4CC4)c3)c(-c3ccccc3)n2)CC1,tensor([7.1900])
Nc1ncc(-c2cccc(C(F)(F)F)c2)c(-c2ccccc2)n1,tensor([7.0100])
Nc1ncc(-c2ccc3ccccc3c2)c(-c2ccccc2)n1,tensor([6.8900])
Nc1ncc(-c2ccnc(C3CC3)c2)c(-c2ccccc2)n1,tensor([7.4400])
Nc1ncc(-c2ccncc2)c(-c2ccccc2)n1,tensor([6.9700])
Nc1nc(NCCc2ccc(O)c(O)c2)nc2sc(-c3ccco3)nc12,tensor([7.4000])
COc1ccc(CCNc2nc(N)c3nc(-c4ccco4)sc3n2)cc1,tensor([7.5000])
Nc1nc(NCc2ccccc2)nc2sc(-c3ccco3)nc12,tensor([7.6600])
CCCNc1nc(N)c2nc(-c3ccco3)sc2n1,tensor([7.7700])
Nc1nc(NCCc2cccc(O)c2)nc2sc(-c3ccco3)nc12,tensor([7.8000])
COc1cccc(CCNc2nc(N)c3nc(-c4ccco4)sc3n2)c1,tensor([7.7700])
COc1ccc(CCNc2nc(N)c3nc(-c4ccco4)sc3n2)cc1OC,tensor([7.0400])
COc1ccc(CNc2nc(N)c3nc(-c4ccco4)sc3n2)cc1,tensor([6.7700])
Nc1nc(NCCCc2ccccc2)nc2sc(-c3ccco3)nc12,tensor([7.2400])
Nc1nc(NCCc2ccc(O)cc2)nc2sc(-c3ccco3)nc12,tensor([7.7500])
Nc1nc(NCc2cccc(O)c2)nc2sc(-c3ccco3)nc12,tensor([7.7000])
CCCCNc1nc(N)c2nc(-c3ccco3)sc2n1,tensor([8.0900])
Nc1nc(NCc2cccc(F)c2)nc2sc(-c3ccco3)nc12,tensor([9.0900])
Nc1nc(Nc2ccccc2)nc2sc(-c3ccco3)nc12,tensor([6.1100])
CCCn1c(Oc2cccnc2C)nc2nc(C3CCCC3)[nH]c2c1=O,tensor([5.7000])
CCCn1c(=O)c2[nH]c(-c3cnn(CC4CC(=O)N(c5ccc(OC)cc5)C4)c3)nc2n(CC)c1=O,tensor([6.3100])
CCCn1c(=O)c2[nH]c(-c3cnn(CC4CCN(c5ccc(OC(F)(F)F)cc5)C4=O)c3)nc2n(CCC)c1=O,tensor([7.4400])
CCCn1c(=O)c2[nH]c(-c3cc(OCC4CC(=O)N(c5ccc(C(F)(F)F)cc5)C4)no3)nc2n(CCC)c1=O,tensor([5.5400])
CCCn1c(=O)c2[nH]c(-c3ccc(OCC4CC(=O)N(c5ccc(C(F)(F)F)cc5)C4)nc3)nc2n(CCC)c1=O,tensor([7.2800])
CCCn1c(=O)c2[nH]c(-c3cnn(CC4CC(=O)N(c5ccc(C(F)(F)F)cc5)C4)c3)nc2n(CCC)c1=O,tensor([6.9100])
CCCn1c(=O)c2[nH]c(-c3cnn(CC4CC(=O)N(c5ccc(F)cc5)C4)c3)nc2n(CC)c1=O,tensor([6.7200])
CCCn1c(=O)c2[nH]c(-c3cnn(CC(=O)N4CCN(c5cccc(C(F)(F)F)c5)CC4)c3)nc2n(CCC)c1=O,tensor([7.2400])
CCCn1c(=O)c2[nH]c(-c3cnn(CC4CC(=O)N(c5ccc(C(F)(F)F)cc5)C4)c3)nc2n(CC)c1=O,tensor([6.3400])
COc1ccc(N2CCOCC2)c2sc(NC(=O)C(C)(C)Oc3ccc(F)c(F)c3)nc12,tensor([8.1900])
COCCOc1cccc(OC(C)(C)C(=O)Nc2nc3c(OC)ccc(N4CCOCC4)c3s2)c1,tensor([7.6600])
COc1ccc(N2CCOCC2)c2sc(NC(=O)C3(C)CCC(O)(C(C)C)CC3)nc12,tensor([7.7700])
COc1cnc(N2CCOCC2)c2sc(NC(=O)C(C)(C)Oc3ccc(F)cc3F)nc12,tensor([7.8900])
COc1ccc(N2CCOCC2)c2sc(NC(=O)C(C)(C)Oc3ccc(C(F)(F)F)cc3)nc12,tensor([7.1200])
COc1ccc(N2CCOCC2)c2sc(NC(=O)C(C)(C)Oc3cccc(F)c3)nc12,tensor([8.5500])
COc1cnc(N2CCOCC2)c2sc(NC(=O)C(C)(C)Oc3ccc(Cl)cc3)nc12,tensor([7.5400])
COc1ccc(N2CCOCC2)c2sc(NC(=O)C(C)(C)Oc3ccc(F)cc3)nc12,tensor([7.8900])
COc1cnc(N2CCOCC2)c2sc(NC(=O)C(C)(C)Oc3ccccc3F)nc12,tensor([7.6800])
CCC1(O)CCC(C)(C(=O)Nc2nc3c(OC)ccc(N4CCOCC4)c3s2)CC1,tensor([7.6000])
COc1cnc(N2CCOCC2)c2sc(NC(=O)C(C)(C)Oc3ccc(F)c(F)c3)nc12,tensor([7.9200])
COc1cnc(N2CCOCC2)c2sc(NC(=O)C(C)(C)Oc3ccc(F)cc3)nc12,tensor([8.4700])
COCCOc1cccc(OC(C)(C)C(=O)Nc2nc3c(OC)cnc(N4CCOCC4)c3s2)c1,tensor([7.8500])
COc1ccc(N2CCOCC2)c2sc(NC(=O)C3(C)CCC(C)(O)CC3)nc12,tensor([8.0700])
COc1ccc(N2CCOCC2)c2sc(NC(=O)C(C)(C)Oc3ccc(Cl)cc3)nc12,tensor([7.2900])
COc1ccc(OC(C)(C)C(=O)Nc2nc3c(OC)ccc(N4CCOCC4)c3s2)cc1OC,tensor([7.7200])
COc1cnc(N2CCOCC2)c2sc(NC(=O)C(C)(C)Oc3cccc(C(F)(F)F)c3)nc12,tensor([7.6200])
COc1cnc(N2CCOCC2)c2sc(NC(=O)C(C)(C)Oc3c(F)cccc3F)nc12,tensor([7.8200])
CCN(CC)C1CCC(C)(C(=O)Nc2nc3c(OC)ccc(N4CCOCC4)c3s2)CC1,tensor([8.6800])
COc1ccc(N2CCOCC2)c2sc(NC(=O)C(C)(C)Oc3ccc(C)cc3)nc12,tensor([8.2700])
COc1ccc(N2CCOCC2)c2sc(NC(=O)C(C)(C)Oc3c(F)cccc3F)nc12,tensor([8.1000])
COc1ccc(N2CCOCC2)c2sc(NC(=O)C(C)(C)Oc3ccc(C#N)cc3)nc12,tensor([7.2400])
COc1cnc(N2CCOCC2)c2sc(NC(=O)C(C)(C)Oc3cccc(F)c3)nc12,tensor([7.8500])
COc1ccc(N2CCOCC2)c2sc(NC(=O)C(C)(C)Oc3ccc4c(c3)OCO4)nc12,tensor([7.7700])
COc1cnc(N2CCOCC2)c2sc(NC(=O)C(C)(C)Oc3ccc(C)cc3)nc12,tensor([7.2600])
COc1ccc(N2CCOCC2)c2sc(NC(=O)C(C)(C)Oc3ccc(C(C)(C)C)cc3)nc12,tensor([6.3000])
COc1cccc(OC(C)(C)C(=O)Nc2nc3c(OC)cnc(N4CCOCC4)c3s2)c1,tensor([7.3800])
COc1ccc(N2CCOCC2)c2sc(NC(=O)C3(C)CCC(O)CC3)nc12,tensor([8.2300])
COc1cnc(N2CCOCC2)c2sc(NC(=O)C(C)(C)Oc3ccc4c(c3)OCO4)nc12,tensor([7.3800])
CNC(=O)C1[Se]C(n2cnc3c(NCc4cccc(I)c4)ncnc32)C(O)C1O,tensor([5.9700])
CNC(=O)C1[Se]C(n2cnc3c(NC4CC4c4ccccc4)ncnc32)C(O)C1O,tensor([5.6100])
CNC(=O)C1[Se]C(n2cnc3c(NC4CCCC4)nc(Cl)nc32)C(O)C1O,tensor([5.9500])
CNC(=O)C1[Se]C(n2cnc3c(NC4CCC4)nc(Cl)nc32)C(O)C1O,tensor([6.0500])
CNC(=O)C1[Se]C(n2cnc3c(NCc4ccccc4Cl)ncnc32)C(O)C1O,tensor([5.9400])
CNC(=O)C1[Se]C(n2cnc3c(NCc4cccc(F)c4)ncnc32)C(O)C1O,tensor([5.8700])
CNC(=O)C1[Se]C(n2cnc3c(NC4CCCC4)ncnc32)C(O)C1O,tensor([5.9600])
CNC(=O)C1[Se]C(n2cnc3c(NCc4cccc(I)c4)nc(Cl)nc32)C(O)C1O,tensor([5.9200])
CNC(=O)C1[Se]C(n2cnc3c(NCc4ccccc4OC)ncnc32)C(O)C1O,tensor([5.9000])
CNC(=O)C1[Se]C(n2cnc3c(NCc4cccc(Br)c4)nc(Cl)nc32)C(O)C1O,tensor([5.9100])
CNC(=O)C1[Se]C(n2cnc3c(NCc4ccc5ccccc5c4)ncnc32)C(O)C1O,tensor([6.7100])
CNC(=O)C1[Se]C(n2cnc3c(NCc4cccc(Cl)c4)ncnc32)C(O)C1O,tensor([6.2600])
CNC(=O)C1[Se]C(n2cnc3c(NCc4cccc(Cl)c4)nc(Cl)nc32)C(O)C1O,tensor([6.6200])
CNC(=O)C1[Se]C(n2cnc3c(NCc4cccc(Br)c4)ncnc32)C(O)C1O,tensor([6.2500])
Nc1nc(-c2ccc(OCc3ccccc3)cc2)cn2c(=O)n(-c3ccccc3)nc12,tensor([6.1500])
COc1ccc(-n2nc3c(N)nc(C)cn3c2=O)cc1,tensor([5.9800])
COc1cccc(-c2cn3c(=O)n(-c4ccccc4)nc3c(N)n2)c1,tensor([8.1700])
CC(C)Oc1ccc(-c2cn3c(=O)n(-c4ccccc4)nc3c(N)n2)cc1,tensor([8.1300])
COc1ccc(-c2cn3c(=O)n(-c4ccccc4)nc3c(N)n2)cc1,tensor([8.1400])
Nc1nc(-c2ccccc2)cn2c(=O)n(-c3ccc([N+](=O)[O-])cc3)nc12,tensor([6.4000])
Nc1nc(-c2cccc(O)c2)cn2c(=O)n(-c3ccccc3)nc12,tensor([8.4600])
COc1ccccc1-n1nc2c(N)nc(-c3ccccc3)cn2c1=O,tensor([6.5100])
Cc1cn2c(=O)n(-c3ccccc3)nc2c(N)n1,tensor([6.3100])
CCOc1ccc(-c2cn3c(=O)n(-c4ccccc4)nc3c(N)n2)cc1,tensor([8.5400])
C#CCOc1cccc(-c2cn3c(=O)n(-c4ccccc4)nc3c(N)n2)c1,tensor([8.2900])
C#CCOc1ccc(-c2cn3c(=O)n(-c4ccccc4)nc3c(N)n2)cc1,tensor([7.9700])
Nc1ccc(-n2nc3c(=O)[nH]c(-c4ccccc4)cn3c2=O)cc1,tensor([6.3800])
Nc1nc(-c2ccccc2)cn2c(=O)n(-c3ccc(O)cc3)nc12,tensor([6.8600])
O=c1[nH]c(-c2cccc(O)c2)cn2c(=O)n(-c3ccccc3)nc12,tensor([5.3900])
Nc1ccc(-n2nc3c(N)nc(-c4ccccc4)cn3c2=O)cc1,tensor([5.4600])
COc1ccc(-n2nc3c(N)nc(-c4ccccc4)cn3c2=O)cc1,tensor([7.1100])
Cc1cn2c(=O)n(-c3ccc(O)cc3)nc2c(N)n1,tensor([5.8800])
Nc1nc(-c2ccc(O)cc2)cn2c(=O)n(-c3ccccc3)nc12,tensor([7.3500])
O=c1[nH]c(-c2ccccc2)cn2c(=O)n(-c3ccc(O)cc3)nc12,tensor([6.4100])
Cc1cc(C)n(CC2OC(n3cnc4c(NC5CCOC5)ncnc43)C(O)C2O)n1,tensor([4.5400])
Cc1cc(C)cc(-c2nc(Nc3ccc(Cl)cc3F)c3ncn(C4OC(Cn5nc(C)cc5C)C(O)C4O)c3n2)c1,tensor([5.3700])
Cc1cc(C)n(CC2OC(n3cnc4c(NC5CCCC5)ncnc43)C(O)C2O)n1,tensor([4.8400])
Cc1cc(C)cc(-c2nc(NC3CCOC3)c3ncn(C4OC(Cn5nc(C)cc5C)C(O)C4O)c3n2)c1,tensor([5.2900])
Cc1cc(C)n(CC2OC(n3cnc4c(NC5CCCC5)nc(Cl)nc43)C(O)C2O)n1,tensor([4.9900])
Cc1cc(C)cc(-c2nc(NC3CCCC3)c3ncn(C4OC(Cn5nc(C)cc5C)C(O)C4O)c3n2)c1,tensor([5.2300])
OC1C(CCl)OC(n2cnc3c(NC4CCOC4)ncnc32)C1O,tensor([4.9800])
Cc1cc(C)cc(-c2nc(NC3CC4CCC3C4)c3ncn(C4OC(Cn5nc(C)cc5C)C(O)C4O)c3n2)c1,tensor([4.9800])
OC1C(CCl)OC(n2cnc3c(Nc4ccc(Cl)cc4F)nc(Cl)nc32)C1O,tensor([5.7100])
Cc1cc(C)n(CC2OC(n3cnc4c(NC5CC6CCC5C6)nc(Cl)nc43)C(O)C2O)n1,tensor([5.0300])
OC1C(CCl)OC(n2cnc3c(NC4CCOC4)nc(Cl)nc32)C1O,tensor([5.0600])
Cc1cc(C)n(CC2OC(n3cnc4c(Nc5ccc(Cl)cc5F)ncnc43)C(O)C2O)n1,tensor([5.1700])
Cc1cc(C)n(CC2OC(n3cnc4c(NC5CCOC5)nc(Cl)nc43)C(O)C2O)n1,tensor([4.9200])
OC1C(CCl)OC(n2cnc3c(Nc4ccc(Cl)cc4F)ncnc32)C1O,tensor([5.8700])
Nc1nc2c(cnn2Cc2ccc(C3(C(F)(F)F)N=N3)cc2)c2nc(-c3ccco3)nn12,tensor([5.8200])
Nc1nc2nn(Cc3ccc(C4(C(F)(F)F)N=N4)cc3)cc2c2nc(-c3ccco3)nn12,tensor([7.4000])
COc1cccc(-c2cc(NC(C)=O)nc(-c3cccc(OC)c3OC)c2)c1OC,tensor([6.4500])
Nc1nc(-c2ccco2)cn2cc(-c3ccco3)nc12,tensor([6.0700])
Nc1nc(-c2ccccc2)cn2cc(-c3ccccc3)nc12,tensor([6.5100])
Nc1nc(Br)cn2cc(-c3ccco3)nc12,tensor([6.5800])
Nc1nc(-c2ccccc2)cn2cc(-c3ccco3)nc12,tensor([6.2800])
Cc1ccc(-n2nc(C)c3cnc(-c4ccc(C5CC5C(=O)O)cc4F)cc32)nc1,tensor([5.7700])
CCn1nnc(C2OC(n3cnc4c(NCc5cccc(F)c5)ncnc43)C(O)C2O)n1,tensor([7.1300])
CCn1nnc(C2OC(n3cnc4c(NCc5cccc(Br)c5)nc(Cl)nc43)C(O)C2O)n1,tensor([7.2400])
CCn1nnc(C2OC(n3cnc4c(NCc5cccc(I)c5)ncnc43)C(O)C2O)n1,tensor([7.7800])
CCn1nnc(C2OC(n3cnc4c(NCc5ccc(Cl)cc5F)nc(Cl)nc43)C(O)C2O)n1,tensor([6.0500])
CCn1nnc(C2OC(n3cnc4c(NCc5cccs5)nc(Cl)nc43)C(O)C2O)n1,tensor([6.5400])
CCn1nnc(C2OC(n3cnc4c(NCc5cccs5)ncnc43)C(O)C2O)n1,tensor([7.0100])
CCn1nnc(C2OC(n3cnc4c(NCc5ccc(Cl)cc5F)ncnc43)C(O)C2O)n1,tensor([6.6000])
CCn1nnc(C2OC(n3cnc4c(NCc5ccco5)nc(Cl)nc43)C(O)C2O)n1,tensor([6.1800])
CCn1nnc(C2OC(n3cnc4c(NCC5CC5)nc(Cl)nc43)C(O)C2O)n1,tensor([6.4800])
CCn1nnc(C2OC(n3cnc4c(NCc5cccc(Br)c5)ncnc43)C(O)C2O)n1,tensor([7.6100])
CCn1nnc(C2OC(n3cnc4c(NCc5cccc(F)c5)nc(Cl)nc43)C(O)C2O)n1,tensor([6.6200])
CCn1nnc(C2OC(n3cnc4c(NCc5cccc(Cl)c5)nc(Cl)nc43)C(O)C2O)n1,tensor([6.9600])
CCn1nnc(C2OC(n3cnc4c(NCc5ccco5)ncnc43)C(O)C2O)n1,tensor([6.4700])
CCn1nnc(C2OC(n3cnc4c(NCC5CC5)ncnc43)C(O)C2O)n1,tensor([6.9500])
CCn1nc(-c2nccs2)c2sccc2c1=O,tensor([5.6000])
CCc1nn(CC)c(=O)c2cc(-c3ccccc3)sc12,tensor([5.5000])
CCn1nc(-c2ccccn2)c2sccc2c1=O,tensor([5.5400])
O=c1[nH]nc(-c2nccs2)c2sccc12,tensor([5.4700])
COc1ccc(-c2cn3cc(-c4ccco4)cc(N)c3n2)cc1OC,tensor([6.9300])
c1coc(-c2ccc3nc(-c4ccco4)cn3c2)c1,tensor([5.7900])
COc1ccc(-c2cn3cc(-c4ccco4)ccc3n2)cc1OC,tensor([6.6200])
Nc1cc(-c2ccco2)cn2cc(-c3ccccc3)nc12,tensor([6.3800])
COc1cccc2nc(NC(=O)c3ccccc3)[nH]c12,tensor([6.2800])
Nc1nn(-c2ccccc2)nc1C(=O)NCc1ccccc1,tensor([7.6400])
Cc1ccc(COC(=O)c2nn(-c3ccccc3)nc2N)cc1,tensor([6.8200])
COc1cccc(COC(=O)c2nn(-c3ccccc3)nc2N)c1,tensor([7.7200])
CC1Oc2ccc(Nc3ncnc4c3oc3ccccc34)cc2NC1=O,tensor([5.9200])
Cc1ccccc1COC(=O)c1nn(-c2ccccc2)nc1N,tensor([7.3100])
Nc1nn(-c2ccccc2Cl)nc1C(=O)CCc1ccccc1,tensor([6.2000])
O=C(Nc1nc2ccccc2[nH]1)c1ccccc1,tensor([5.5700])
Cc1cccc(-n2nc(N)c(C(=O)CCc3ccccc3)n2)c1,tensor([6.6000])
O=C(Nc1nc2cccc(Cl)c2[nH]1)c1ccccc1,tensor([7.])
Nc1nn(-c2ccccc2)nc1C(=O)OCc1ccccc1,tensor([7.5100])
COc1cccc(CNc2nc(N)c3nc(C)sc3n2)c1,tensor([6.6700])
Cc1nc2c(N)nc(NCc3ccccc3)nc2s1,tensor([6.2700])
COc1ccccc1CNc1nc(N)c2nc(C)sc2n1,tensor([6.8700])
Cc1nc2c(N)nc(Nc3ccccc3)nc2s1,tensor([6.2200])
COc1cccc(CNc2nc(N)c3nc(-c4cnccn4)sc3n2)c1,tensor([6.0100])
Nc1nc(NCc2cccs2)nc2sc(-c3ccccc3)nc12,tensor([7.5500])
Nc1nc(NCCc2ccccc2)nc2sc(-c3ccccc3)nc12,tensor([6.3900])
Nc1nc(NCc2cccs2)nc2sc(-c3cnccn3)nc12,tensor([6.6600])
Nc1nc(NCCc2ccc(O)cc2)nc2sc(-c3ccccc3)nc12,tensor([7.0200])
Cc1nc2c(N)nc(NCCc3ccccc3)nc2s1,tensor([7.1100])
COc1ccccc1CNc1nc(N)c2nc(-c3ccccc3)sc2n1,tensor([8.3300])
COc1ccccc1CNc1nc(N)c2nc(-c3cnccn3)sc2n1,tensor([7.1000])
COc1cccc(CNc2nc(N)c3nc(-c4ccccc4)sc3n2)c1,tensor([7.3800])
Nc1nc(NCc2ccccc2)nc2sc(-c3ccccc3)nc12,tensor([6.9400])
Cc1nc2c(N)nc(NCCc3cccs3)nc2s1,tensor([7.2100])
COc1ccc(CCNc2nc(N)c3nc(-c4ccccc4)sc3n2)cc1,tensor([6.3900])
Cc1nc2c(N)nc(NCc3cccs3)nc2s1,tensor([6.5000])
Nc1nc(NCCCNC(=O)c2ccc(S(=O)(=O)F)cc2)nc2nc(-c3ccco3)nn12,tensor([8.2700])
Nc1nc(NCCCCNC(=O)c2ccc(S(=O)(=O)F)cc2)nc2nc(-c3ccco3)nn12,tensor([8.2000])
C#CCN(CCCCCNc1nc(N)n2nc(-c3ccco3)nc2n1)C(=O)c1ccc(S(=O)(=O)F)cc1,tensor([8.4100])
Nc1nc(NCCCCCNC(=O)c2ccc(S(=O)(=O)F)cc2)nc2nc(-c3ccco3)nn12,tensor([8.5600])
Cc1cccc(-c2nc3c(NC4CCCC4)ncnc3n2C)c1,tensor([6.3500])
CCn1c(-c2ccccc2)nc2c(NC3CCOC3)ncnc21,tensor([5.9900])
CCCn1c(-c2ccccc2)nc2c(NC3CCCC3)ncnc21,tensor([6.2000])
Cn1c(-c2ccc(Cl)cc2)nc2c(NC3CCCC3)ncnc21,tensor([5.7400])
CCCn1c(-c2ccccc2)nc2c(NC3CCCCC3)ncnc21,tensor([5.9700])
CCn1c(-c2ccccc2)nc2c(NC3CCCC3)ncnc21,tensor([6.4800])
CCn1c(-c2ccccc2)nc2c(NC3CCCCC3)ncnc21,tensor([6.5100])
CCn1c(-c2ccccc2)nc2c(N)ncnc21,tensor([6.6700])
CCn1c(-c2ccccc2)nc2c(NC3CCC3)ncnc21,tensor([6.4200])
Cn1c(-c2cccc(Cl)c2)nc2c(NC3CCCC3)ncnc21,tensor([6.5700])
Cn1c(-c2ccccc2)nc2c(N)ncnc21,tensor([6.4200])
Cc1ccccc1-c1nc2c(NC3CCCC3)ncnc2n1C,tensor([5.1600])
CCCn1c(-c2ccccc2)nc2c(NC3CCOC3)ncnc21,tensor([5.7700])
Cn1c(-c2ccccc2Cl)nc2c(NC3CCCC3)ncnc21,tensor([5.5100])
Cn1c(-c2ccc(F)cc2)nc2c(NC3CCCC3)ncnc21,tensor([5.6200])
Cn1c(-c2ccc(O)cc2)nc2c(NC3CCCC3)ncnc21,tensor([6.2700])
Cc1ccc(-c2nc3c(NC4CCCC4)ncnc3n2C)cc1,tensor([5.7500])
Cn1c(-c2cccnc2)nc2c(NC3CCCC3)ncnc21,tensor([5.2000])
CCCn1c(-c2ccccc2)nc2c(N)ncnc21,tensor([6.3100])
COc1ccc(-c2nc3c(NC4CCCC4)ncnc3n2C)cc1,tensor([5.7500])
Cn1c(-c2ccccc2)nc2c(NC3CCC3)ncnc21,tensor([6.5200])
Cn1c(-c2ccccc2)nc2c(NC3CCOC3)ncnc21,tensor([5.7400])
Cn1c(-c2ccccc2)nc2c(NC3CCCCC3)ncnc21,tensor([6.2800])
Cn1c(-c2ccccc2)nc2c(NC3CCCC3)ncnc21,tensor([6.3000])
COc1ccccc1CNc1nc(N)c2nc(-c3ccc(C)o3)sc2n1,tensor([7.7000])
Cc1ccc(-c2nc3c(N)nc(NCc4cccs4)nc3s2)o1,tensor([7.4700])
Nc1nc(NCc2cccs2)nc2sc(-c3cccs3)nc12,tensor([8.])
Nc1nc(NCCc2cccnc2)nc2sc(-c3ccco3)nc12,tensor([9.6200])
Nc1nc(NCc2ccccn2)nc2sc(-c3ccco3)nc12,tensor([9.3800])
Nc1nc(NCc2cnccn2)nc2sc(-c3ccco3)nc12,tensor([8.2900])
COc1ccccc1CNc1nc(N)c2nc(-c3cccs3)sc2n1,tensor([8.6500])
Nc1nc(NCCc2ccco2)nc2sc(-c3ccco3)nc12,tensor([8.6700])
COc1cccc(CNc2nc(N)c3nc(-c4ccc(C)o4)sc3n2)c1,tensor([6.8400])
Nc1nc(NCc2ccsc2)nc2sc(-c3ccco3)nc12,tensor([9.6000])
Nc1nc(NCc2ccncc2)nc2sc(-c3ccco3)nc12,tensor([7.9200])
CCCn1c(=O)[nH]c2nc(-c3ccc(OCC(=O)NCCCCCCCCCCC4=C5C(C)=CC(C)=[N+]5[B-](F)(F)n5c(C)cc(C)c54)cc3)[nH]c2c1=O,tensor([5.8000])
CCCn1c(=O)[nH]c2nc(-c3ccc(OCC(=O)NCCCCCC4=C5C(C)=CC(C)=[N+]5[B-](F)(F)n5c(C)cc(C)c54)cc3)[nH]c2c1=O,tensor([7.2300])
Cn1c(=O)n(CCN2CCN(c3ccc(C(F)(F)F)cc3)CC2)c2nc(N)n3nc(-c4ccco4)nc3c21,tensor([8.5100])
COCCOc1cccc(N2CCN(CCn3c(=O)n(C)c4c3nc(N)n3nc(-c5ccco5)nc43)CC2)c1,tensor([9.3000])
Cn1c(=O)n(CCN2CCN(c3ccc(OC4CCOC4)cc3)CC2)c2nc(N)n3nc(-c4ccco4)nc3c21,tensor([9.7000])
COCCOc1c(F)cc(N2CCN(CCn3c(=O)n(C)c4c3nc(N)n3nc(-c5ccco5)nc43)CC2)cc1F,tensor([9.2200])
Cn1c(=O)n(CCN2CCN(c3ccc(C#N)c(F)c3)CC2)c2nc(N)n3nc(-c4ccco4)nc3c21,tensor([9.3000])
COCC(C)(C)Oc1ccc(N2CCN(CCn3c(=O)n(C)c4c3nc(N)n3nc(-c5ccco5)nc43)CC2)cc1,tensor([9.3000])
COCC(C)Oc1ccc(N2CCN(CCn3c(=O)n(C)c4c3nc(N)n3nc(-c5ccco5)nc43)CC2)cc1,tensor([9.4000])
COCCOc1ccc(N2CCN(CCn3c(=O)n(C)c4c3nc(N)n3nc(-c5nccs5)nc43)CC2)cc1,tensor([8.1900])
Cn1c(=O)n(CCN2CCN(c3ccc(C#N)cc3)CC2)c2nc(N)n3nc(-c4ccco4)nc3c21,tensor([9.2200])
COc1ccc(N2CCN(CCn3c(=O)n(C)c4c3nc(N)n3nc(-c5ccco5)nc43)CC2)c(F)c1,tensor([9.4000])
Cc1nc2cc(N3CCN(CCn4c(=O)n(C)c5c4nc(N)n4nc(-c6ccco6)nc54)CC3)c(F)cc2o1,tensor([9.4000])
Cn1c(=O)n(CCN2CCN(c3ccc(OC4CC4)cc3)CC2)c2nc(N)n3nc(-c4ccco4)nc3c21,tensor([9.5200])
COCCOc1cc(F)c(N2CCN(CCn3c(=O)n(C)c4c3nc(N)n3nc(-c5ccco5)nc43)CC2)cc1F,tensor([9.0500])
COCCOc1ccc(N2CCN(CCn3c(=O)n(C)c4c3nc(N)n3nc(-c5ccco5)nc43)CC2)cc1,tensor([8.7000])
COc1ccc(N2CCN(CCn3c(=O)n(C)c4c3nc(N)n3nc(-c5ccco5)nc43)CC2)cc1,tensor([9.])
Cn1c(=O)n(CCN2CCN(c3ccc(OCCOC4CC4)cc3)CC2)c2nc(N)n3nc(-c4ccco4)nc3c21,tensor([8.7000])
Cn1c(=O)n(CCN2CCN(c3ccc(F)cc3F)CC2)c2nc(N)n3nc(-c4ccco4)nc3c21,tensor([9.])
Cn1c(=O)n(CCN2CCN(c3ccc(OC(F)F)cc3)CC2)c2nc(N)n3nc(-c4ccco4)nc3c21,tensor([8.7200])
Cc1ccc(N2CCN(CCn3c(=O)n(C)c4c3nc(N)n3nc(-c5ccco5)nc43)CC2)nc1,tensor([8.7700])
Cn1c(=O)n(CCN2CCN(c3nc(C(F)(F)F)cs3)CC2)c2nc(N)n3nc(-c4ccco4)nc3c21,tensor([8.9200])
COCCOc1ccc(N2CCN(CCn3c(=O)n(C)c4c3nc(N)n3nc(-c5nccs5)nc43)CC2)cc1F,tensor([8.8200])
Cn1c(=O)n(CCN2CCN(c3ccc(OC4CCOCC4)cc3)CC2)c2nc(N)n3nc(-c4ccco4)nc3c21,tensor([9.5200])
COc1ccc(N2CCN(CCn3c(=O)n(C)c4c3nc(N)n3nc(-c5ccco5)nc43)CC2)cn1,tensor([8.3500])
Cc1ccc(N2CCN(CCn3c(=O)n(C)c4c3nc(N)n3nc(-c5ccco5)nc43)CC2)cc1,tensor([8.8500])
CC(=O)Nc1ccc(-c2c(C#N)c(N)nc(SCC(N)=O)c2C#N)cc1,tensor([6.2400])
N#Cc1c(N)nc(SCc2cccnc2)c(C#N)c1-c1ccc(OCC2CC2)cc1,tensor([6.3700])
N#Cc1c(N)nc(SCc2ncc[nH]2)c(C#N)c1-c1ccc(OCC2CC2)cc1,tensor([6.1200])
CC(C)COc1ccc(-c2c(C#N)c(N)nc(SCC(N)=O)c2C#N)cc1,tensor([6.5100])
Nc1cc(-c2ccccc2)c2oc(-c3ccco3)nc2c1,tensor([6.7000])
Nc1cc(NC(=O)CN2CCCCC2)cc2nc(-c3ccco3)oc12,tensor([6.3200])
O=C(CN1CCCCC1)Nc1ccc2oc(-c3ccco3)nc2c1,tensor([6.])
O=C(CN1CCCCC1)Nc1cc(-c2ccco2)c2oc(-c3ccco3)nc2c1,tensor([6.6800])
Nc1ccc2oc(-c3ccco3)nc2c1,tensor([5.])
Nc1cc(-c2cccs2)c2oc(-c3ccco3)nc2c1,tensor([7.1500])
Nc1cc(-c2ccccn2)c2oc(-c3ccco3)nc2c1,tensor([6.8700])
Nc1cc(-c2ccc(F)cc2)c2oc(-c3ccco3)nc2c1,tensor([6.3600])
O=C(CCN1CCCCC1)Nc1cc(-c2ccco2)c2oc(-c3ccco3)nc2c1,tensor([7.0900])
O=C(CCN1CCc2ccccc2C1)Nc1cc(-c2ccco2)c2oc(-c3ccco3)nc2c1,tensor([7.5200])
COc1ccc(-c2cc(N)cc3nc(-c4ccco4)oc23)cc1OC,tensor([7.0500])
O=C(CCN1CCOCC1)Nc1cc(-c2ccco2)c2oc(-c3ccco3)nc2c1,tensor([7.0500])
O=C(CCCN1CCCCC1)Nc1cc(-c2ccco2)c2oc(-c3ccco3)nc2c1,tensor([7.0100])
Cc1nc(Nc2ccccc2)sc1C(=O)c1cnc(N)n1-c1ccc(F)cc1,tensor([5.0900])
Cc1ccc(-n2c(C(=O)c3sc(N4CCOCC4)nc3-c3ccccc3)cnc2N)cc1,tensor([4.4700])
CN(C)c1nc(NC(=O)c2ccccc2)sc1C(=O)c1cnc(N)n1-c1ccc(C(F)(F)F)cc1,tensor([4.7800])
COc1ccc(-n2c(C(=O)c3sc(Nc4ccc(Cl)cc4)nc3C)cnc2N)cc1,tensor([4.9900])
Nc1ncc(C(=O)c2sc(Nc3ccccc3)nc2-c2ccccc2)n1-c1ccc(F)cc1,tensor([5.1300])
Cc1nc(Nc2ccccc2)sc1C(=O)c1cnc(N)n1-c1ccc(Cl)cc1,tensor([4.9500])
CN(C)c1nc(NC(=O)c2ccccc2)sc1C(=O)c1cnc(N)n1-c1ccc(Cl)cc1,tensor([4.9300])
COc1ccc(-n2c(C(=O)c3sc(Nc4ccccc4)nc3C)cnc2N)cc1,tensor([4.8700])
Cc1nc(Nc2ccc(Cl)cc2)sc1C(=O)c1cnc(N)n1-c1ccc(F)cc1,tensor([4.8900])
Cc1ccc(Nc2nc(C)c(C(=O)c3cnc(N)n3-c3ccc(F)cc3)s2)cc1,tensor([4.9100])
CCCn1c(=O)c2nc(C34CC5CC(CC3C5)C4)[nH]c2n(CCC)c1=O,tensor([6.9700])
CCCCn1c(=O)c2nc(C34CC5CC(CC3C5)C4)[nH]c2n(CCCC)c1=O,tensor([6.0100])
Nc1nc2c(cnn2CCCc2ccc(OCc3ccc(S(=O)(=O)O)cc3)cc2)c2nc(-c3ccco3)nn12,tensor([8.2100])
NCCCCCCNC(=O)COc1ccc(CCCn2ncc3c2nc(N)n2nc(-c4ccco4)nc32)cc1,tensor([7.6400])
NCCCCNC(=O)COc1ccc(CCCn2ncc3c2nc(N)n2nc(-c4ccco4)nc32)cc1,tensor([8.1900])
CC1(C)C(C=CC=CC=C2N(CCCS(=O)(=O)O)c3ccc(S(=O)(=O)O)cc3C2(C)CCCCCC(=O)NCCNC(=O)COc2ccc(CCCn3ncc4c3nc(N)n3nc(-c5ccco5)nc43)cc2)=[N+](CCCS(=O)(=O)O)c2ccc(S(=O)(=O)[O-])cc21,tensor([6.4800])
NCCCNC(=O)COc1ccc(CCCn2ncc3c2nc(N)n2nc(-c4ccco4)nc32)cc1,tensor([8.0300])
NCCCCCNC(=O)COc1ccc(CCCn2ncc3c2nc(N)n2nc(-c4ccco4)nc32)cc1,tensor([8.2000])
CC1(C)C(C=CC=CC=C2N(CCCS(=O)(=O)O)c3ccc(S(=O)(=O)O)cc3C2(C)CCCCCC(=O)NCCCCNC(=O)COc2ccc(CCCn3ncc4c3nc(N)n3nc(-c5ccco5)nc43)cc2)=[N+](CCCS(=O)(=O)O)c2ccc(S(=O)(=O)[O-])cc21,tensor([6.5300])
Nc1nc2c(cnn2CCCc2ccc(OCC(=O)NCCCCNC(=O)CCCCCNC(=O)COc3ccc(C=CC4=[N+]5C(=Cc6ccc(-c7cccs7)n6[B-]5(F)F)C=C4)cc3)cc2)c2nc(-c3ccco3)nn12,tensor([7.6100])
CC(C)(C)OC(=O)NCCNc1ncc(C(=O)O)c2nc(-c3ccco3)nn12,tensor([4.6500])
CCOC(=O)c1cnc(NCCN)n2nc(-c3ccco3)nc12,tensor([6.0800])
CNc1ncc(C(=O)OCc2ccc(F)cc2)c2nc(-c3ccco3)nn12,tensor([7.1500])
CNc1ncc(C(=O)OCc2ccccc2)c2nc(-c3ccco3)nn12,tensor([6.9400])
CNc1ncc(C(=O)NCc2ccc(C(F)(F)F)cc2)c2nc(-c3ccco3)nn12,tensor([5.5300])
CNc1ncc(C(=O)NCc2ccc(OC)cc2)c2nc(-c3ccco3)nn12,tensor([7.0900])
CNc1ncc(C(=O)OCc2ccc(Cl)cc2)c2nc(-c3ccco3)nn12,tensor([7.1400])
COc1ccc(CNc2ncc(C(=O)NC(c3ccccc3)c3ccccc3)c3nc(-c4ccco4)nn23)cc1OC,tensor([6.8600])
CNc1ncc(C(=O)OCc2ccccc2C)c2nc(-c3ccco3)nn12,tensor([7.4300])
CNc1ncc(C(=O)OCc2ccccc2Cl)c2nc(-c3ccco3)nn12,tensor([7.5000])
CNc1ncc(C(=O)NCCc2ccccc2)c2nc(-c3ccco3)nn12,tensor([7.5300])
CNc1ncc(C(=O)NCc2ccc(F)cc2)c2nc(-c3ccco3)nn12,tensor([7.3200])
CCOC(=O)c1cnc(NCCNC(=O)OC(C)(C)C)n2nc(-c3ccco3)nc12,tensor([6.4200])
CNc1ncc(C(=O)OC(C)c2ccccc2)c2nc(-c3ccco3)nn12,tensor([7.9600])
CCOC(=O)c1cnc(NNC(=O)OC(C)(C)C)n2nc(-c3ccco3)nc12,tensor([6.0800])
CNc1ncc(C(=O)NCc2ccc(-c3ccccc3)cc2)c2nc(-c3ccco3)nn12,tensor([5.0300])
CNc1ncc(C(=O)NCc2ccc(OC)c(OC)c2)c2nc(-c3ccco3)nn12,tensor([6.8500])
CCOC(=O)CNC(=O)c1cnc(NCC(=O)OCC)n2nc(-c3ccco3)nc12,tensor([5.8100])
CNc1ncc(C(=O)OCc2cccc(F)c2)c2nc(-c3ccco3)nn12,tensor([7.4900])
CNc1ncc(C(=O)NNc2ccccc2)c2nc(-c3ccco3)nn12,tensor([6.4700])
CCOC(=O)c1cnc(OCC)n2nc(-c3ccco3)nc12,tensor([5.7300])
CCc1ccc(COC(=O)c2cnc(NC)n3nc(-c4ccco4)nc23)cc1,tensor([7.6800])
CNc1ncc(C(=O)NCCOc2ccccc2)c2nc(-c3ccco3)nn12,tensor([7.4200])
CNc1ncc(C(=O)OC(c2ccccc2)c2ccccc2)c2nc(-c3ccco3)nn12,tensor([6.7100])
CNc1ncc(C(=O)NCc2ccc(C)cc2)c2nc(-c3ccco3)nn12,tensor([7.])
CCOC(=O)c1cnc(NN)n2nc(-c3ccco3)nc12,tensor([7.2000])
CNc1ncc(C(=O)OCc2cccc(OC)c2)c2nc(-c3ccco3)nn12,tensor([7.8300])
CNc1ncc(C(=O)OCc2cccc(C)c2)c2nc(-c3ccco3)nn12,tensor([7.6800])
CNc1ncc(C(=O)NCc2ccccc2)c2nc(-c3ccco3)nn12,tensor([7.7300])
CNc1ncc(C(=O)OCc2ccc(C)cc2)c2nc(-c3ccco3)nn12,tensor([7.2100])
CNc1ncc(C(=O)NC(c2ccccc2)c2ccccc2)c2nc(-c3ccco3)nn12,tensor([7.2100])
CCOC(=O)c1cnc(NNc2ccccc2)n2nc(-c3ccco3)nc12,tensor([7.3800])
CNc1ncc(C(=O)OCc2cccc(Cl)c2)c2nc(-c3ccco3)nn12,tensor([7.8000])
CNc1ncc(C(=O)NCCc2ccc(OC)c(OC)c2)c2nc(-c3ccco3)nn12,tensor([6.7700])
CNc1ncc(C(=O)OCc2ccc(OC)cc2)c2nc(-c3ccco3)nn12,tensor([6.7100])
CNc1ncc(C(=O)NC(C)(C)Cc2ccccc2)c2nc(-c3ccco3)nn12,tensor([8.2100])
CNc1ncc(C(=O)OCc2ccccc2Br)c2nc(-c3ccco3)nn12,tensor([7.6100])
CNc1ncc(C(=O)OC(C)C)c2nc(-c3ccco3)nn12,tensor([7.0600])
CNc1ncc(C(=O)NCc2ccc(Cl)cc2)c2nc(-c3ccco3)nn12,tensor([7.2300])
CNc1ncc(C(=O)OCc2ccccc2OC)c2nc(-c3ccco3)nn12,tensor([7.8800])
NCCC(=O)Nc1ccc(-c2cn3c(=O)n(-c4ccccc4)nc3c(N)n2)cc1,tensor([9.2300])
COc1cc(-c2cn3c(=O)n(-c4ccccc4)nc3c(N)n2)cc(OC)c1OC,tensor([8.4600])
COc1ccc(-c2cn3c(=O)n(-c4ccccc4)nc3c(N)n2)c(OC)c1,tensor([8.6200])
NCCOc1ccc(-c2cn3c(=O)n(-c4ccccc4)nc3c(N)n2)cc1,tensor([7.8300])
C=CC(=O)Nc1ccc(-c2cn3c(=O)n(-c4ccccc4)nc3c(N)n2)cc1,tensor([8.7400])
Cc1cc(-c2cn3c(=O)n(-c4ccccc4)nc3c(N)n2)cc(C)c1O,tensor([8.6000])
COc1c(C(C)(C)C)cc(-c2cn3c(=O)n(-c4ccccc4)nc3c(N)n2)cc1C(C)(C)C,tensor([6.8500])
Nc1nc(-c2ccc(O)c(O)c2)cn2c(=O)n(-c3ccccc3)nc12,tensor([8.2800])
Nc1ccc(-c2cn3c(=O)n(-c4ccccc4)nc3c(N)n2)cc1,tensor([7.6400])
Nc1nc(-c2ccc(OCCNC(=O)CCCCC3CCSS3)cc2)cn2c(=O)n(-c3ccccc3)nc12,tensor([8.6200])
Nc1nc(-c2cc(O)c(O)c(O)c2)cn2c(=O)n(-c3ccccc3)nc12,tensor([7.0300])
COc1c(C)cc(-c2cn3c(=O)n(-c4ccccc4)nc3c(N)n2)cc1C,tensor([9.7700])
COc1ccc(-c2cn3c(=O)n(-c4ccccc4)nc3c(N)n2)cc1OC,tensor([8.2400])
N#CCOc1ccc(-c2cn3c(=O)n(-c4ccccc4)nc3c(N)n2)cc1,tensor([8.0900])
Nc1nc(-c2ccc(NC(=O)CCNC(=O)CCCCC3CCSS3)cc2)cn2c(=O)n(-c3ccccc3)nc12,tensor([7.4400])
Nc1nc(-c2ccc3c(c2)OCO3)cn2c(=O)n(-c3ccccc3)nc12,tensor([8.1300])
CC(C)(C)c1cc(C(=O)NCCC(=O)Nc2ccc(-c3cn4c(=O)n(-c5ccccc5)nc4c(N)n3)cc2)cc(C(C)(C)C)c1O,tensor([7.2600])
CC(C)(C)c1cc(C(=O)NCCOc2ccc(-c3cn4c(=O)n(-c5ccccc5)nc4c(N)n3)cc2)cc(C(C)(C)C)c1O,tensor([4.8300])
CC(C)(C)c1cc(-c2cn3c(=O)n(-c4ccccc4)nc3c(N)n2)ccc1O,tensor([8.0700])
Nc1nc(-c2ccc(NC(=O)CCCCC3CCSS3)cc2)cn2c(=O)n(-c3ccccc3)nc12,tensor([8.3000])
COc1cc(O)ccc1-c1cn2c(=O)n(-c3ccccc3)nc2c(N)n1,tensor([7.7800])
NC(=O)COc1ccc(-c2cn3c(=O)n(-c4ccccc4)nc3c(N)n2)cc1,tensor([7.5800])
COc1cccc(-c2nc(N)c3nc(-c4ccco4)sc3n2)c1,tensor([8.7200])
Nc1nc(-c2cccc(O)c2)nc2sc(-c3ccccc3)nc12,tensor([8.3000])
COc1cccc(-c2nc(N)c3nc(-c4ccccc4)sc3n2)c1,tensor([6.9600])
COc1ccc(-c2nc(N)c3nc(-c4ccccc4)sc3n2)cc1,tensor([6.9400])
Nc1nc(-c2ccc(CO)cc2)nc2sc(-c3ccco3)nc12,tensor([8.1100])
Nc1nc(-c2ccccc2)nc2sc(-c3ccccc3)nc12,tensor([7.7200])
Nc1nc(-c2cccc(O)c2)nc2sc(-c3ccco3)nc12,tensor([8.7900])
Nc1nc(-c2ccco2)nc2sc(-c3ccccc3)nc12,tensor([8.7700])
Nc1nc(-c2ccccc2)nc2sc(-c3ccco3)nc12,tensor([8.5200])
O=C(Nc1nc(-c2ccccc2)nc2sc(-c3ccccc3)nc12)c1ccccc1,tensor([6.9800])
Nc1nc(-c2ccc(CO)cc2)nc2sc(-c3ccccc3)nc12,tensor([7.0900])
O=C(Nc1nc(-c2ccccc2)nc2sc(-c3ccco3)nc12)c1ccco1,tensor([6.3700])
O=C(Nc1nc(-c2ccccc2)nc2sc(-c3ccco3)nc12)c1ccccc1,tensor([5.9400])
Nc1nc(-c2cccc(CO)c2)nc2sc(-c3ccco3)nc12,tensor([8.6800])
O=C(Nc1nc(-c2ccccc2)nc2sc(-c3ccccc3)nc12)c1ccco1,tensor([5.4000])
Cc1nc(N)c2nc(-c3ccccc3)sc2n1,tensor([6.6100])
Cc1ccc(-c2nc(N)c3nc(-c4ccccc4)sc3n2)o1,tensor([7.6500])
Nc1nc(-c2cccc(CO)c2)nc2sc(-c3ccccc3)nc12,tensor([7.2800])
COc1ccc(-c2nc(N)c3nc(-c4ccco4)sc3n2)cc1,tensor([7.9500])
N#Cc1cccc(-c2nc(N)c3nc(-c4ccco4)sc3n2)c1,tensor([8.1100])
Nc1nc(-c2ccco2)nc2sc(-c3ccco3)nc12,tensor([8.4700])
Cc1nc(NC(=O)c2ccccc2)c2nc(-c3ccccc3)sc2n1,tensor([5.7100])
Cc1sc2nc(NC(=O)c3ccccc3)[nH]c(=O)c2c1C,tensor([6.1900])
Cc1sc2nc(N)nc(-n3cncn3)c2c1C,tensor([5.2500])
Nc1nc(-n2ccnc2)c2c3c(sc2n1)CCCC3,tensor([5.3900])
CCCn1c(=O)[nH]c2nc(-c3ccc(S(=O)(=O)N4CCN(c5ccccc5C)CC4)cc3)[nH]c2c1=O,tensor([6.8500])
CCCn1c(=O)[nH]c2nc(-c3ccc(S(=O)(=O)N4CCN(c5ccc(OCCO)cc5)CC4)cc3)[nH]c2c1=O,tensor([6.7800])
CCCn1c(=O)[nH]c2nc(-c3ccc(S(=O)(=O)N4CCN(Cc5cccc(C)c5)CC4)cc3)[nH]c2c1=O,tensor([6.7200])
CCCn1c(=O)[nH]c2nc(-c3ccc(S(=O)(=O)N4CCN(Cc5cc(F)cc(OC)c5)CC4)cc3)[nH]c2c1=O,tensor([6.8000])
CCCn1c(=O)[nH]c2nc(-c3ccc(S(=O)(=O)N4CCN(Cc5ccc(OCCOCCOC)cc5)CC4)cc3)[nH]c2c1=O,tensor([6.5000])
CCCn1c(=O)[nH]c2nc(-c3ccc(S(=O)(=O)N4CCN(c5cccc(OC)c5)CC4)cc3)[nH]c2c1=O,tensor([6.7100])
CCCn1c(=O)[nH]c2nc(-c3ccc(S(=O)(=O)N4CCN(Cc5ccc(F)c(OC)c5)CC4)cc3)[nH]c2c1=O,tensor([6.8700])
CCCn1c(=O)[nH]c2nc(-c3ccc(S(=O)(=O)N4CCN(c5ccccc5)C(C)C4)cc3)[nH]c2c1=O,tensor([6.5300])
CCCn1c(=O)c2[nH]c(-c3ccc(S(=O)(=O)N4CCN(c5ccc(Cl)cc5)CC4)cc3)nc2n(CC)c1=O,tensor([6.4900])
CCCn1c(=O)[nH]c2nc(-c3ccc(S(=O)(=O)N4CCN(Cc5ccc(N=[N+]=[N-])cc5)CC4)cc3)[nH]c2c1=O,tensor([6.6800])
CCCn1c(=O)[nH]c2nc(-c3ccc(S(=O)(=O)N4CCN(Cc5ccc(OCCO)cc5)CC4)cc3)[nH]c2c1=O,tensor([6.6200])
CCCn1c(=O)[nH]c2nc(-c3ccc(S(=O)(=O)N(C)CCc4ccccc4)cc3)[nH]c2c1=O,tensor([6.4500])
CCCn1c(=O)[nH]c2nc(-c3ccc(S(=O)(=O)N4CCN(C(=O)c5ccccc5)CC4)cc3)[nH]c2c1=O,tensor([6.8400])
CCCn1c(=O)[nH]c2nc(-c3ccc(S(=O)(=O)N4CCN(Cc5ccc(OC)c(F)c5)CC4)cc3)[nH]c2c1=O,tensor([6.6100])
CCCn1c(=O)[nH]c2nc(-c3ccc(S(=O)(=O)N4CCN(C)CC4)cc3)[nH]c2c1=O,tensor([6.8500])
CCCn1c(=O)[nH]c2nc(-c3ccc(S(=O)(=O)N4CCN(c5ccccc5Cl)CC4)cc3)[nH]c2c1=O,tensor([6.6900])
CCCn1c(=O)[nH]c2nc(-c3ccc(S(=O)(=O)N4CCN(Cc5ccc(Br)c(F)c5)CC4)cc3)[nH]c2c1=O,tensor([6.3900])
CCCn1c(=O)[nH]c2nc(-c3ccc(S(=O)(=O)N4CCN(Cc5cccc(OC)c5)CC4)cc3)[nH]c2c1=O,tensor([6.8800])
CCCn1c(=O)[nH]c2nc(-c3ccc(S(=O)(=O)N4CCN(c5ccc(I)cc5)CC4)cc3)[nH]c2c1=O,tensor([5.5200])
CCCn1c(=O)[nH]c2nc(-c3ccc(S(=O)(=O)N4CCN(c5ccc(O)cc5)CC4)cc3)[nH]c2c1=O,tensor([7.0100])
CCCn1c(=O)[nH]c2nc(-c3ccc(S(=O)(=O)N4CCN(c5ccc(Cl)c(OC)c5)CC4)cc3)[nH]c2c1=O,tensor([7.4500])
CCCn1c(=O)[nH]c2nc(-c3ccc(S(=O)(=O)N4CCN(Cc5cccc(Br)c5)CC4)cc3)[nH]c2c1=O,tensor([7.0300])
CCCn1c(=O)[nH]c2nc(-c3ccc(S(=O)(=O)N(C)C)cc3)[nH]c2c1=O,tensor([7.2800])
CCCn1c(=O)[nH]c2nc(-c3ccc(S(=O)(=O)N4CCN(c5ccc(O)c(Cl)c5)CC4)cc3)[nH]c2c1=O,tensor([7.0300])
CCCn1c(=O)[nH]c2nc(-c3ccc(S(=O)(=O)N4CCN(c5ccccc5)CC4)cc3)[nH]c2c1=O,tensor([6.9100])
CCCn1c(=O)[nH]c2nc(-c3ccc(S(=O)(=O)N4CCN(Cc5ccc(Br)cc5)CC4)cc3)[nH]c2c1=O,tensor([7.1100])
CCCn1c(=O)[nH]c2nc(-c3ccc(S(=O)(=O)N4CCN(Cc5ccc(C(=O)O)cc5)CC4)cc3)[nH]c2c1=O,tensor([5.9400])
CCCn1c(=O)[nH]c2nc(-c3ccc(S(=O)(=O)N4CCN(c5ccc(F)cc5)CC4)cc3)[nH]c2c1=O,tensor([6.9700])
CCCn1c(=O)[nH]c2nc(-c3ccc(S(=O)(=O)N4CCN(c5ccccc5Br)CC4)cc3)[nH]c2c1=O,tensor([7.0500])
CCCn1c(=O)[nH]c2nc(-c3ccc(S(=O)(=O)N4CCN(c5ccc(Cl)c(O)c5)CC4)cc3)[nH]c2c1=O,tensor([7.3900])
CCCn1c(=O)[nH]c2nc(-c3ccc(S(=O)(=O)N4CCN(c5cccc(Cl)c5)CC4)cc3)[nH]c2c1=O,tensor([6.])
COc1cc(C=NNc2nc(N)c3ncn(C4OC(CO)C(O)C4O)c3n2)ccc1OCc1ccccc1,tensor([7.])
CC(C=NNc1nc(N)c2ncn(C3OC(CO)C(O)C3O)c2n1)Cc1ccc(C(C)C)cc1,tensor([8.2000])
Nc1nc(NN=Cc2ccc(OCc3ccccc3)c(OCc3ccccc3)c2)nc2c1ncn2C1OC(CO)C(O)C1O,tensor([8.7400])
Nc1nc(NN=Cc2ccc(OCc3ccc(F)cc3)cc2)nc2c1ncn2C1OC(CO)C(O)C1O,tensor([8.2600])
CCCOc1ccc(C=NNc2nc(N)c3ncn(C4OC(CO)C(O)C4O)c3n2)cc1,tensor([6.6500])
Nc1nc(NN=Cc2ccc(C(F)(F)F)cc2)nc2c1ncn2C1OC(CO)C(O)C1O,tensor([7.2100])
COc1ccc(C=NNc2nc(N)c3ncn(C4OC(CO)C(O)C4O)c3n2)cn1,tensor([5.8400])
Nc1nc(NN=Cc2ccc(N3CCOCC3)cc2)nc2c1ncn2C1OC(CO)C(O)C1O,tensor([6.1000])
CCOc1cc(C=NNc2nc(N)c3ncn(C4OC(CO)C(O)C4O)c3n2)ccc1O,tensor([5.7900])
CC(=O)Nc1ccc(C=NNc2nc(N)c3ncn(C4OC(CO)C(O)C4O)c3n2)cc1,tensor([5.8800])
CN(C)c1ccc(C=NNc2nc(N)c3ncn(C4OC(CO)C(O)C4O)c3n2)cc1,tensor([8.1900])
N#Cc1ccccc1C=NNc1nc(N)c2ncn(C3OC(CO)C(O)C3O)c2n1,tensor([5.8800])
Nc1nc(NN=Cc2ccc(Cl)c(C(F)(F)F)c2)nc2c1ncn2C1OC(CO)C(O)C1O,tensor([6.1000])
Nc1nc(NN=Cc2ccc3ncccc3c2)nc2c1ncn2C1OC(CO)C(O)C1O,tensor([8.1900])
Nc1nc(NN=Cc2cncs2)nc2c1ncn2C1OC(CO)C(O)C1O,tensor([7.1500])
Nc1nc(NN=Cc2ccc(Br)cn2)nc2c1ncn2C1OC(CO)C(O)C1O,tensor([6.6200])
Nc1nc(NN=Cc2ccc(-n3ccnc3)cc2)nc2c1ncn2C1OC(CO)C(O)C1O,tensor([6.6700])
Nc1nc(NN=Cc2ccc(N(c3ccccc3)c3ccccc3)cc2)nc2c1ncn2C1OC(CO)C(O)C1O,tensor([7.1700])
COc1cc(C=NNc2nc(N)c3ncn(C4OC(CO)C(O)C4O)c3n2)cc(OC)c1OC,tensor([5.2600])
Nc1nc(NN=Cc2ccc(N3CCCC3)cc2)nc2c1ncn2C1OC(CO)C(O)C1O,tensor([5.1800])
CCCCCC=CC=CC=NNc1nc(N)c2ncn(C3OC(CO)C(O)C3O)c2n1,tensor([7.7600])
Nc1nc(NN=Cc2ccc(-c3ccccc3)cc2)nc2c1ncn2C1OC(CO)C(O)C1O,tensor([7.7000])
N#Cc1ccc(C=NNc2nc(N)c3ncn(C4OC(CO)C(O)C4O)c3n2)cc1,tensor([8.0700])
Nc1nc(NN=Cc2cccnc2Cl)nc2c1ncn2C1OC(CO)C(O)C1O,tensor([8.0600])
Nc1nc(NN=Cc2ccc[nH]2)nc2c1ncn2C1OC(CO)C(O)C1O,tensor([8.0800])
Nc1nc(NN=Cc2ccc(C(F)(F)F)cc2C(F)(F)F)nc2c1ncn2C1OC(CO)C(O)C1O,tensor([5.2000])
Nc1nc(NN=Cc2cccc(OCc3ccccc3)c2)nc2c1ncn2C1OC(CO)C(O)C1O,tensor([6.7600])
Nc1nc(NN=CC2CCCC2)nc2c1ncn2C1OC(CO)C(O)C1O,tensor([8.3900])
Nc1nc(NN=Cc2ccc(-c3ccccn3)cc2)nc2c1ncn2C1OC(CO)C(O)C1O,tensor([6.6800])
CCCCc1nc(C=NNc2nc(N)c3ncn(C4OC(CO)C(O)C4O)c3n2)c(Cl)[nH]1,tensor([7.7500])
OC1CCCC1Nc1nc(C#Cc2ccc(Cl)s2)nc2[nH]cnc12,tensor([5.1500])
CC#Cc1nc(NC(C2CC2)C2CC2)c2nc[nH]c2n1,tensor([5.4900])
Clc1ccc(C#Cc2nc(NC3CCOC3)c3nc[nH]c3n2)s1,tensor([5.6200])
Clc1ccc(C#Cc2nc(NC3CCCC3)c3nc[nH]c3n2)s1,tensor([5.8700])
OCC1OC(n2cnc3c(NCCc4ccccc4)ncnc32)C(O)C1O,tensor([6.1700])
OC1C(CCl)OC(n2cnc3c(NC(C4CCC4)C4CCC4)ncnc32)C1O,tensor([5.2800])
O=C(NCCO)C12CC1C(n1cnc3c(NC4CC5CCC4C5)nc(Cl)nc31)C(O)C2O,tensor([5.2700])
OCC1OC(n2cnc3c(NC(C4CCC4)C4CCC4)ncnc32)C(O)C1O,tensor([5.4500])
OCC1OC(n2cnc3c(NC(C4CCC4)C4CCC4)nc(Cl)nc32)C(O)C1O,tensor([5.5900])
CNC(=O)C1OC(n2cnc3c(N)ncnc32)C(O)C1O,tensor([6.3300])
O=C(NC1CC1)C12CC1C(n1cnc3c(NC4CC5CCC4C5)nc(Cl)nc31)C(O)C2O,tensor([6.2800])
Nc1nc(Cl)nc2c1ncn2C1C(O)C(O)C2(CCl)CC12,tensor([5.7600])
OCC12CC1C(n1cnc3c(NC4CC5CCC4C5)nc(Cl)nc31)C(O)C2O,tensor([5.3700])
Cn1cc2c(nc(NCCCNC(=O)OC(C)(C)C)n3nc(-c4ccco4)nc23)n1,tensor([6.7100])
Cn1cc2c(nc(NCCN)n3nc(-c4ccco4)nc23)n1,tensor([6.1200])
Cn1cc2c(nc(NCCCN)n3nc(-c4ccco4)nc23)n1,tensor([6.6000])
Cn1cc2c(nc(NNC(=O)OC(C)(C)C)n3nc(-c4ccco4)nc23)n1,tensor([5.4100])
Cn1cc2c(nc(NCC3CCC(CN)CC3)n3nc(-c4ccco4)nc23)n1,tensor([6.1700])
Cn1cc2c(nc(NCCOCCOCCNC(=O)OC(C)(C)C)n3nc(-c4ccco4)nc23)n1,tensor([5.9000])
Cn1cc2c(nc(N3CCNCC3)n3nc(-c4ccco4)nc23)n1,tensor([4.8900])
Cn1cc2c(nc(NCCCCN)n3nc(-c4ccco4)nc23)n1,tensor([6.7700])
Cn1cc2c(nc(NCC3CCC(CNC(=O)OC(C)(C)C)CC3)n3nc(-c4ccco4)nc23)n1,tensor([5.6600])
Cn1cc2c(nc(NCCNC(=O)OC(C)(C)C)n3nc(-c4ccco4)nc23)n1,tensor([6.2100])
Cn1cc2c(nc(NN)n3nc(-c4ccco4)nc23)n1,tensor([6.6300])
Cn1cc2c(nc(NCCCOCCOCCOCCCNC(=O)OC(C)(C)C)n3nc(-c4ccco4)nc23)n1,tensor([6.1700])
Cn1cc2c(nc(NCCOCCOCCN)n3nc(-c4ccco4)nc23)n1,tensor([6.5000])
Cn1cc2c(nc(NCCCCNC(=O)OC(C)(C)C)n3nc(-c4ccco4)nc23)n1,tensor([6.5000])
Cn1cc2c(nc(NCCCCCNC(=O)OC(C)(C)C)n3nc(-c4ccco4)nc23)n1,tensor([6.4600])
Cn1cc2c(nc(NCCCOCCOCCOCCCN)n3nc(-c4ccco4)nc23)n1,tensor([6.4600])
Cn1cc2c(nc(N3CCN(C(=O)OC(C)(C)C)CC3)n3nc(-c4ccco4)nc23)n1,tensor([4.6700])
Cn1cc2c(nc(NCCCCCN)n3nc(-c4ccco4)nc23)n1,tensor([7.2800])
COc1ccc(-c2cc3cccc(C)c3oc2=O)cc1OC,tensor([4.5900])
O=c1oc2c(O)c(O)ccc2cc1-c1ccc(O)c(O)c1,tensor([4.5900])
O=c1oc2c(O)c(O)ccc2cc1-c1ccccc1,tensor([4.9200])
CC(=O)COc1cccc2cc(-c3ccccc3)c(=O)oc12,tensor([4.7900])
COc1cc(-c2cc3cccc(C)c3oc2=O)cc(OC)c1OC,tensor([4.4800])
CC(=O)Oc1ccc2cc(-c3ccccc3)c(=O)oc2c1OC(C)=O,tensor([4.6800])
Cc1cccc2cc(-c3ccccc3)c(=O)oc12,tensor([4.3800])
O=c1oc2c(O)cccc2cc1-c1ccccc1,tensor([4.3700])
O=c1oc2c(O)c(O)ccc2cc1-c1ccc(O)cc1,tensor([4.2600])
CCOc1cccc2cc(-c3ccccc3)c(=O)oc12,tensor([4.2600])
COc1cccc2cc(-c3ccc([N+](=O)[O-])cc3)c(=O)oc12,tensor([4.2300])
CC(=O)Oc1ccc(-c2cc3cccc(OC(C)=O)c3oc2=O)cc1OC(C)=O,tensor([4.1900])
O=c1oc2c(O)cccc2cc1-c1ccc(O)c(O)c1,tensor([4.8500])
CCOC(=O)c1nc(N)c(=O)n(-c2ccccc2)n1,tensor([5.3100])
Nc1nc(-c2ccccc2)nn1C(=O)c1ccco1,tensor([6.8900])
Oc1cccc(-c2nc(N3CCCCC3)c3nc[nH]c3n2)c1,tensor([6.5000])
Oc1ccc(-c2nc(N3CCCCC3)c3nc[nH]c3n2)cc1,tensor([7.])
Clc1ccc(-c2nc(N3CCCCC3)c3nc[nH]c3n2)cc1,tensor([5.5000])
CCCn1c(=O)c2c(nc3cc(OC)ccn32)n(CCCNC(=O)c2ccc(S(C)(=O)=O)cc2)c1=O,tensor([5.2000])
CCCn1c(=O)c2c(nc3cc(OC)ccn32)n(CCCNC(=O)c2ccc(S(=O)(=O)F)cc2)c1=O,tensor([5.9000])
COc1cc(CCNc2nc(C#Cc3ccccc3F)nc3c2ncn3C2C(O)C(O)C3CC32)ccc1O,tensor([5.2300])
Nc1nc(NCc2ccc(Cl)cc2)nc(-c2ccccc2CO)n1,tensor([5.7700])
N#Cc1c(N)nc(SCc2cccc(C(N)=O)c2)c(C#N)c1-c1ccco1,tensor([7.1700])
COC(=O)c1cccc(CSc2nc(N)c(C#N)c(-c3cccs3)c2C#N)c1,tensor([6.1600])
N#Cc1c(N)nc(SCc2cccc(CO)c2)c(C#N)c1-c1ccco1,tensor([7.5100])
N#Cc1c(N)nc(SCc2cccnc2)c(C#N)c1-c1ccco1,tensor([7.6200])
N#Cc1cccc(CSc2nc(N)c(C#N)c(-c3ccco3)c2C#N)c1,tensor([7.0300])
N#Cc1c(N)nc(SCc2cccc(C(=O)O)c2)c(C#N)c1-c1ccco1,tensor([6.2400])
COC(=O)c1cccc(CSc2nc(N)c(C#N)c(-c3ccoc3)c2C#N)c1,tensor([7.0200])
N#Cc1c(N)nc(SCC(=O)c2ccccc2)c(C#N)c1-c1ccco1,tensor([6.6500])
N#Cc1c(NCc2ccccc2)nc(SCCO)c(C#N)c1-c1ccco1,tensor([6.3400])
N#Cc1c(N)nc(SCc2ccccn2)c(C#N)c1-c1ccco1,tensor([6.9700])
COC(=O)c1cccc(CSc2nc(N)c(C#N)c(-c3ccco3)c2C#N)c1,tensor([7.1700])
N#CCSc1nc(N)c(C#N)c(-c2ccco2)c1C#N,tensor([6.0500])
COC(=O)c1cccc(CSc2nc(N)c(C#N)c(-c3cccnc3)c2C#N)c1,tensor([6.2000])
CCn1c(=O)c2nc(C3CCCC3)[nH]c2n(CC)c1=O,tensor([6.8000])
CC1=C(C(=O)OC(C)C)C(c2ccco2)n2c(nc3ccccc32)N1,tensor([7.5500])
COc1ccc(-c2cc(-c3cccc(Br)c3)c(C#N)c(N)n2)cc1,tensor([4.4200])
O=C(Cn1cc(-c2ccccc2)c2ncn(C3CC3)c(=O)c21)NCc1ccc(F)cc1,tensor([4.4400])
Nc1nc(NCCN2CCC(c3ccccc3)CC2)nc2nc(-c3ccco3)nn12,tensor([8.4200])
CN1CCN(CCNc2nc(N)n3nc(-c4ccco4)nc3n2)CC1,tensor([7.5100])
Nc1nc(NCCCN2CCN(c3ccccc3)CC2)nc2nc(-c3ccco3)nn12,tensor([8.8900])
Nc1nc(NCCN2CCN(c3ccc(F)cc3F)CC2)nc2nc(-c3ccco3)nn12,tensor([9.4800])
Cn1c(=O)c2c(nc3n2CCN(Cc2csc(-c4cccc(Cl)c4)n2)C3)n(C)c1=O,tensor([6.4400])
Cn1c(=O)c2c(nc3n2CCN(CCCc2cccc(Br)c2)C3)n(C)c1=O,tensor([6.2900])
Cn1c(=O)c2c(nc3n2CCN(Cc2csc(-c4cccs4)n2)C3)n(C)c1=O,tensor([6.6900])
Cn1c(=O)c2c(nc3n2CCN(c2cccc(Cl)c2)C3)n(C)c1=O,tensor([5.0500])
Cn1c(=O)c2c(nc3n2CCN(Cc2csc(-c4ccc(Cl)cc4)n2)C3)n(C)c1=O,tensor([6.4600])
Cn1c(=O)c2c(nc3n2CCN(C2CCCc4ccccc42)C3)n(C)c1=O,tensor([6.2200])
Cn1c(=O)c2c(nc3n2CCN(Cc2csc(-c4ccc(C(F)(F)F)cc4)n2)C3)n(C)c1=O,tensor([6.6600])
Cn1c(=O)c2c(nc3n2CCCCN3Cc2ccccc2Br)n(C)c1=O,tensor([6.1200])
Cn1c(=O)c2c(nc3n2CCCN3Cc2cccc(Br)c2)n(C)c1=O,tensor([5.7700])
Cn1c(=O)c2c(nc3n2CCCN3Cc2ccccc2F)n(C)c1=O,tensor([5.9200])
Cc1ccccc1CN1CCCn2c1nc1c2c(=O)n(C)c(=O)n1C,tensor([5.9900])
Cn1c(=O)c2c(nc3n2CCCN3Cc2cccs2)n(C)c1=O,tensor([5.7000])
Cn1c(=O)c2c(nc3n2CCCN3Cc2ccccc2Br)n(C)c1=O,tensor([5.7900])
COc1ccc(Cl)c(CN2CCCn3c2nc2c3c(=O)n(C)c(=O)n2C)c1F,tensor([6.2000])
Cn1c(=O)c2c(nc3n2CCCN3Cc2ccc(Cl)cc2F)n(C)c1=O,tensor([5.0500])
Cn1c(=O)c2c(nc3n2CCCCN3Cc2ccccc2Cl)n(C)c1=O,tensor([6.0500])
Cn1c(=O)c2c(nc3n2CCCN3Cc2c(F)cccc2Cl)n(C)c1=O,tensor([6.7200])
COc1ccccc1CN1CCn2c1nc1c2c(=O)n(C)c(=O)n1C,tensor([6.1100])
COc1ccccc1CN1CCCCn2c1nc1c2c(=O)n(C)c(=O)n1C,tensor([6.0200])
Cn1c(=O)c2c(nc3n2CCN3Cc2cccc(Br)c2)n(C)c1=O,tensor([6.4300])
COc1ccc(CN2CCCn3c2nc2c3c(=O)n(C)c(=O)n2C)cc1Cl,tensor([5.1000])
Cn1c(=O)c2c(nc3n2CCCCN3Cc2ccc(Cl)cc2Cl)n(C)c1=O,tensor([5.8000])
Cn1c(=O)c2c(nc3n2CCCN3CCc2cccnc2)n(C)c1=O,tensor([5.5200])
Cn1c(=O)c2c(nc3n2CCCN3Cc2ccc(F)c(Br)c2)n(C)c1=O,tensor([5.0800])
Cn1c(=O)c2c(nc3n2CCN3Cc2ccccc2Br)n(C)c1=O,tensor([6.0500])
CCOC(=O)C1=C(C)Nc2nc3ccccc3n2C1c1ncc[nH]1,tensor([8.3000])
CCOC(=O)C1=C(C)Nc2nc3ccccc3n2C1c1cnco1,tensor([6.5500])
CC1=C(C(=O)OC(C)C)C(c2ncco2)n2c(nc3ccccc32)N1,tensor([9.])
CCOC(=O)C1=C(C)Nc2nc3ccccc3n2C1c1nccs1,tensor([8.5200])
CCOC(=O)c1ccc(N2CCN(c3nc(N)c4nc(-c5ccco5)sc4n3)CC2)cc1,tensor([6.5500])
Nc1nc(NCc2ccc(S(N)(=O)=O)cc2)nc2sc(-c3ccco3)nc12,tensor([7.0600])
Nc1nc(NCCc2ccc(S(N)(=O)=O)cc2)nc2sc(-c3ccco3)nc12,tensor([6.5300])
Nc1nc(NCC2CCN(CC(=O)Nc3ccc(S(N)(=O)=O)cc3)CC2)nc2sc(-c3ccco3)nc12,tensor([8.7000])
Nc1nc(NCC2CCN(CC(=O)NCCc3ccc(S(N)(=O)=O)cc3)CC2)nc2sc(-c3ccco3)nc12,tensor([7.2200])
Nc1nc(NCCN2CCN(c3ccc(S(N)(=O)=O)cc3)CC2)nc2sc(-c3ccco3)nc12,tensor([7.0700])
Nc1nc(N2CCC(CNC(=O)CCN3C(=O)c4ccccc4S3(=O)=O)CC2)nc2sc(-c3ccco3)nc12,tensor([6.1900])
Nc1nc(NCC2CCN(CC(=O)NCc3ccc(S(N)(=O)=O)cc3)CC2)nc2sc(-c3ccco3)nc12,tensor([7.2400])
Nc1nc(N2CCC(CNC(=O)c3ccc(S(N)(=O)=O)cc3)CC2)nc2sc(-c3ccco3)nc12,tensor([6.3100])
Nc1nc(N2CCC(CNC(=O)CN3C(=O)c4ccccc4S3(=O)=O)CC2)nc2sc(-c3ccco3)nc12,tensor([6.3100])
Nc1nc(N2CCN(c3ccc(S(N)(=O)=O)cc3)CC2)nc2sc(-c3ccco3)nc12,tensor([8.2400])
Nc1nc(-c2ccc(NC(=O)CCN3CCCC3)cc2)cn2c(=O)n(-c3ccccc3)nc12,tensor([8.3700])
Nc1nc(-c2ccc(OCCN3CCOCC3)cc2)cn2c(=O)n(-c3ccccc3)nc12,tensor([6.7600])
Nc1nc(-c2ccc(OCC(O)CN3CCOCC3)cc2)cn2c(=O)n(-c3ccccc3)nc12,tensor([6.7100])
Nc1nc(-c2ccc(OCCO)cc2)cn2c(=O)n(-c3ccccc3)nc12,tensor([6.6000])
Nc1nc(-c2ccc(OCC(O)CN3CCCCC3)cc2)cn2c(=O)n(-c3ccccc3)nc12,tensor([7.0400])
CN1CCN(CCC(=O)Nc2ccc(-c3cn4c(=O)n(-c5ccccc5)nc4c(N)n3)cc2)CC1,tensor([7.9600])
Nc1nc(-c2ccc(NC(=O)CCN3CCOCC3)cc2)cn2c(=O)n(-c3ccccc3)nc12,tensor([8.4400])
Nc1nc(-c2ccc(OCC(O)CO)cc2)cn2c(=O)n(-c3ccccc3)nc12,tensor([6.4500])
CN1CCN(CCOc2ccc(-c3cn4c(=O)n(-c5ccccc5)nc4c(N)n3)cc2)CC1,tensor([7.0700])
NCC1CCN(CCC(=O)Nc2ccc(-c3cn4c(=O)n(-c5ccccc5)nc4c(N)n3)cc2)CC1,tensor([6.9100])
Nc1nc(-c2ccc(NC(=O)CCN3CCN(c4ccccc4)CC3)cc2)cn2c(=O)n(-c3ccccc3)nc12,tensor([7.9300])
Nc1nc(-c2ccc(OCCN3CCCC3)cc2)cn2c(=O)n(-c3ccccc3)nc12,tensor([6.6400])
Nc1nc(-c2ccc(OCCN3CCCCC3)cc2)cn2c(=O)n(-c3ccccc3)nc12,tensor([7.3400])
Nc1nc(-c2ccc(NC(=O)CCN3CCN(CCO)CC3)cc2)cn2c(=O)n(-c3ccccc3)nc12,tensor([8.1400])
Nc1nc(-c2ccc(NC(=O)CCN3CCCCC3)cc2)cn2c(=O)n(-c3ccccc3)nc12,tensor([8.2900])
NC(=O)C1CCN(CCC(=O)Nc2ccc(-c3cn4c(=O)n(-c5ccccc5)nc4c(N)n3)cc2)CC1,tensor([7.1000])
CCOC(=O)C(Cc1ccccc1)Nc1nc2nn(C)cc2c2nc(-c3ccco3)nn12,tensor([5.8900])
CCOC(=O)C(Nc1nc2nn(C)cc2c2nc(-c3ccco3)nn12)C(O)c1ccccc1,tensor([6.4200])
CCOC(=O)C(Cc1ccc(O)cc1)Nc1nc2nn(C)cc2c2nc(-c3ccco3)nn12,tensor([5.8800])
CCCCC(Nc1nc2nn(C)cc2c2nc(-c3ccco3)nn12)C(=O)OCC,tensor([6.2600])
CCOC(=O)CCC(Nc1nc2nn(C)cc2c2nc(-c3ccco3)nn12)C(=O)OCC,tensor([5.5700])
CCOC(=O)C(C)Nc1nc2nn(C)cc2c2nc(-c3ccco3)nn12,tensor([6.0900])
CCOC(=O)C(Nc1nc2nn(C)cc2c2nc(-c3ccco3)nn12)C(C)C,tensor([5.9000])
CCOC(=O)C(CO)Nc1nc2nn(C)cc2c2nc(-c3ccco3)nn12,tensor([6.4600])
CCOC(=O)C(CC(C)C)Nc1nc2nn(C)cc2c2nc(-c3ccco3)nn12,tensor([6.4000])
COC(=O)C1CCCN1c1nc2nn(C)cc2c2nc(-c3ccco3)nn12,tensor([6.3700])
CCOC(=O)C(Cc1cc2ccccc2[nH]1)Nc1nc2nn(C)cc2c2nc(-c3ccco3)nn12,tensor([6.0500])
CCOC(=O)CCCNc1nc2nn(C)cc2c2nc(-c3ccco3)nn12,tensor([6.6400])
CCOC(=O)C(Nc1nc2nn(C)cc2c2nc(-c3ccco3)nn12)c1ccccc1,tensor([6.0700])
CCOC(=O)CC(Nc1nc2nn(C)cc2c2nc(-c3ccco3)nn12)C(=O)OCC,tensor([6.3500])
O=C(Nc1nc(-c2ccccc2)c(C(=O)c2ccc(F)cc2F)s1)c1ccccc1,tensor([7.1100])
Cc1ccc(C(=O)c2sc(NC(=O)c3ccco3)nc2-c2ccccc2)cc1,tensor([5.9200])
Cc1ccc(C(=O)c2sc(NC(=O)c3ccccc3)nc2-c2ccccc2)cc1,tensor([5.2000])
O=C(Nc1nc(-c2ccccc2)c(-c2ccccn2)s1)c1ccccc1,tensor([7.0800])
O=C(Nc1nc(-c2ccccc2)c(C(=O)c2ccc(Cl)cc2)s1)c1ccccc1,tensor([7.4100])
CCCCn1c(=O)c2[nH]c(C34CC5CC(CC3C5)C4)nc2n(CCCO)c1=O,tensor([6.0100])
CCCOC(=O)c1c(-c2ccccc2)nc(CC)c(C(=O)SCC)c1CCC,tensor([5.4400])
CCC1CN2C(=O)N(C)c3nc(-c4cc(Cl)cc(Cl)c4Cl)[nH]c3C2=N1,tensor([5.5700])
O=C(Nc1nc(-c2ccccc2)c(C(=O)c2ccc(F)cc2F)s1)c1ccco1,tensor([6.8800])
COc1ccc(C(=O)Nc2ccc(-c3cn4c(=O)n(-c5ccccc5)nc4c(N)n3)cc2)cc1OC,tensor([7.6900])
Nc1nc(-c2ccc(NC(=O)c3ccc(C(=O)NO)cc3)cc2)cn2c(=O)n(-c3ccccc3)nc12,tensor([7.4400])
Nc1nc(-c2ccc(NC(=O)c3ccc(O)c(O)c3)cc2)cn2c(=O)n(-c3ccccc3)nc12,tensor([8.0500])
Nc1nc(-c2ccc(S(N)(=O)=O)cc2)cn2c(=O)n(-c3ccccc3)nc12,tensor([6.0700])
Nc1nc(-c2ccc(NC(=O)CCNC(=O)c3cccc(S(N)(=O)=O)c3)cc2)cn2c(=O)n(-c3ccccc3)nc12,tensor([8.0400])
Nc1nc(-c2ccc(NC(=O)c3ccc(O)cc3)cc2)cn2c(=O)n(-c3ccccc3)nc12,tensor([7.3800])
Nc1nc(-c2ccc(NC(=O)c3ccc(S(N)(=O)=O)cc3)cc2)cn2c(=O)n(-c3ccccc3)nc12,tensor([8.1900])
Nc1nc(-c2ccc(NC(=O)CCNC(=O)c3ccc(S(N)(=O)=O)cc3)cc2)cn2c(=O)n(-c3ccccc3)nc12,tensor([6.9700])
Nc1nc(-c2ccc(NC(=O)CCC(=O)O)cc2)cn2c(=O)n(-c3ccccc3)nc12,tensor([6.2400])
CN(C)c1nc(-c2ccc(S(N)(=O)=O)cc2)cn2c(=O)n(-c3ccccc3)nc12,tensor([5.4100])
COc1ccc(C(=O)Nc2ccc(-c3cn4c(=O)n(-c5ccccc5)nc4c(N)n3)cc2)cc1,tensor([9.1500])
CCOC(=O)CNc1ccc(-c2cn3c(=O)n(-c4ccccc4)nc3c(N)n2)cc1,tensor([5.2000])
CCOC(=O)c1ccc(C(=O)Nc2ccc(-c3cn4c(=O)n(-c5ccccc5)nc4c(N)n3)cc2)cc1,tensor([5.8700])
Nc1nc(-c2ccc(OCCNC(=O)c3ccc(S(N)(=O)=O)cc3)cc2)cn2c(=O)n(-c3ccccc3)nc12,tensor([8.1700])
Nc1nc(-c2ccc(NC(=O)c3cccc(S(N)(=O)=O)c3)cc2)cn2c(=O)n(-c3ccccc3)nc12,tensor([7.8700])
Nc1nc(-c2ccc(OCCNCCc3ccc(S(N)(=O)=O)cc3)cc2)cn2c(=O)n(-c3ccccc3)nc12,tensor([7.0600])
Nc1nc(-c2ccc(NC(=O)CCNCc3ccc(S(N)(=O)=O)cc3)cc2)cn2c(=O)n(-c3ccccc3)nc12,tensor([7.0200])
Nc1nc(-c2ccc(NCC(=O)c3ccc(S(N)(=O)=O)cc3)cc2)cn2c(=O)n(-c3ccccc3)nc12,tensor([7.5800])
Nc1nc(-c2ccc(NCc3ccc(S(N)(=O)=O)cc3)cc2)cn2c(=O)n(-c3ccccc3)nc12,tensor([7.5500])
Nc1nc(-c2ccc(NC(=O)c3ccc(C(=O)O)cc3)cc2)cn2c(=O)n(-c3ccccc3)nc12,tensor([7.0900])
Nc1nc(-c2ccc(NC(=O)CCNCCc3ccc(S(N)(=O)=O)cc3)cc2)cn2c(=O)n(-c3ccccc3)nc12,tensor([7.9700])
Cn1cc2c(nc(NC(=O)Nc3ccc(CC(=O)OCCCCCNC(=O)OC(C)(C)C)cc3)n3nc(-c4ccco4)nc23)n1,tensor([6.4200])
Cn1cc2c(nc(NC(=O)Nc3ccc(CC(=O)OCCOCCOCCNC(=O)OC(C)(C)C)cc3)n3nc(-c4ccco4)nc23)n1,tensor([6.3400])
C#CCCCNC(=O)Nc1nc2nn(C)cc2c2nc(-c3ccco3)nn12,tensor([6.7000])
C#CCCCCNC(=O)Nc1nc2nn(C)cc2c2nc(-c3ccco3)nn12,tensor([6.8200])
Cn1cc2c(nc(NC(=O)CCCc3cn(CCCCCCNC(=O)c4ccc(-c5c6ccc(=N)c(S(=O)(=O)O)c-6oc6c(S(=O)(=O)O)c(N)ccc56)c(C(=O)O)c4)nn3)n3nc(-c4ccco4)nc23)n1,tensor([7.0500])
Cn1cc2c(nc(NC(=O)Nc3ccc(CC(=O)OCCCCNC(=O)OC(C)(C)C)cc3)n3nc(-c4ccco4)nc23)n1,tensor([6.5200])
Cn1cc2c(nc(NC(=O)Nc3ccc(CC(=O)OCCCNC(=O)OC(C)(C)C)cc3)n3nc(-c4ccco4)nc23)n1,tensor([6.8200])
Cn1cc2c(nc(NC(=O)Nc3ccc(CC(=O)OCCCNC(=S)Nc4ccc(-c5c6ccc(=O)cc-6oc6cc(O)ccc56)c(C(=O)O)c4)cc3)n3nc(-c4ccco4)nc23)n1,tensor([6.9600])
Cn1cc2c(nc(NC(=O)Nc3ccc(CC(=O)OCCCCCN)cc3)n3nc(-c4ccco4)nc23)n1,tensor([6.6900])
Cn1cc2c(nc(NC(=O)Nc3ccc(CC(=O)OCCOCCOCCN)cc3)n3nc(-c4ccco4)nc23)n1,tensor([6.5700])
Cn1cc2c(nc(NC(=O)Nc3ccc(CC(=O)OCCCCCNC(=S)Nc4ccc(-c5c6ccc(=O)cc-6oc6cc(O)ccc56)c(C(=O)O)c4)cc3)n3nc(-c4ccco4)nc23)n1,tensor([6.9700])
Cn1cc2c(nc(NC(=O)Nc3ccc(CC(=O)OCCCCN)cc3)n3nc(-c4ccco4)nc23)n1,tensor([6.7600])
Cn1cc2c(nc(NC(=O)Nc3ccc(CC(=O)OCCCN)cc3)n3nc(-c4ccco4)nc23)n1,tensor([6.7600])
Cn1cc2c(nc(NC(=O)Nc3ccc(CC(=O)OCCCCNC(=S)Nc4ccc(-c5c6ccc(=O)cc-6oc6cc(O)ccc56)c(C(=O)O)c4)cc3)n3nc(-c4ccco4)nc23)n1,tensor([7.2200])
Cn1cc2c(nc(NC(=O)Nc3ccc(CC(=O)OCCCOCCOCCOCCCNC(=O)OC(C)(C)C)cc3)n3nc(-c4ccco4)nc23)n1,tensor([6.4900])
Cn1cc2c(nc(NC(=O)Nc3ccc(CC(=O)O)cc3)n3nc(-c4ccco4)nc23)n1,tensor([6.])
Cn1cc2c(nc(NC(=O)Nc3ccc(CC(=O)OCCCOCCOCCOCCCN)cc3)n3nc(-c4ccco4)nc23)n1,tensor([6.4800])
C#CCCCCCNC(=O)Nc1nc2nn(C)cc2c2nc(-c3ccco3)nn12,tensor([6.3200])
C#CCCNC(=O)Nc1nc2nn(C)cc2c2nc(-c3ccco3)nn12,tensor([6.8800])
Cn1cc2c(nc(NC(=O)Nc3ccc(CC(=O)OCCCOCCOCCOCCCNC(=S)Nc4ccc(-c5c6ccc(=O)cc-6oc6cc(O)ccc56)c(C(=O)O)c4)cc3)n3nc(-c4ccco4)nc23)n1,tensor([7.0400])
Cn1cc2c(nc(NC(=O)Nc3ccc(CC(=O)OCCOCCOCCNC(=S)Nc4ccc(-c5c6ccc(=O)cc-6oc6cc(O)ccc56)c(C(=O)O)c4)cc3)n3nc(-c4ccco4)nc23)n1,tensor([7.0200])
CCCNc1nc(C#Cc2ccc(F)s2)nc2c1ncn2C1OC(C(=O)NC)C(O)C1O,tensor([5.6100])
CNC(=O)C12CC1C(n1cnc3c(NC)nc(C#Cc4ccc(F)s4)nc31)C(O)C2O,tensor([5.3300])
CCCNc1nc(C#Cc2ccc(F)s2)nc2c1ncn2C1C(O)C(O)C2(C(=O)NC)CC12,tensor([6.0800])
COc1ccc(N2CCOCC2)c2sc(NC(=O)N3CC=CCC3)nc12,tensor([8.6200])
COc1ccc(N2CCOCC2)c2sc(NC(=O)N3CCC(O)(CCF)CC3)nc12,tensor([8.0300])
COc1ccc(N2CCOCC2)c2sc(NC(=O)N3CCC(O)CC3)nc12,tensor([8.4200])
COc1ccc(N2CCOCC2)c2sc(NC(=O)N3CCC(OCCF)CC3)nc12,tensor([7.6200])
COc1ccc(N2CCOCC2)c2sc(NC(=O)N3CCC(F)CC3)nc12,tensor([8.3100])
COc1ccc(N2CCOCC2)c2sc(NC(=O)N3CCCCC3)nc12,tensor([8.2200])
COc1ccc(N2CCOCC2)c2sc(NC(=O)N3CCC(F)(CO)CC3)nc12,tensor([8.4400])
COc1ccc(N2CCOCC2)c2sc(NC(=O)N3CCC(CF)CC3)nc12,tensor([8.4400])
COc1ccc(N2CCOCC2)c2sc(NC(=O)N3CCC(OC)CC3)nc12,tensor([7.4800])
CC1(O)CCN(C(=O)Nc2nc3c(OCCF)ccc(N4CCOCC4)c3s2)CC1,tensor([6.4400])
COc1ccc(N2CCOCC2)c2sc(NC(=O)N3CCC(O)(CF)CC3)nc12,tensor([8.5500])
COc1ccc(N2CCOCC2)c2sc(NC(=O)N3CCCC(F)C3)nc12,tensor([8.1900])
COc1ccc(N2CCOCC2)c2sc(NC(=O)N3CCC(C(C)(O)CF)CC3)nc12,tensor([7.4200])
COc1ccc(N2CCOCC2)c2sc(NC(=O)N3CCC(C(O)CF)CC3)nc12,tensor([8.1900])
COc1ccc(N2CCOCC2)c2sc(NC(=O)N3CCC(COCCF)CC3)nc12,tensor([7.4600])
CCNC(=O)C1OC(n2cnc3c(NCCCCc4ccccc4)ncnc32)C(O)C1O,tensor([5.1500])
Nc1ncnc2c1nc(C#Cc1ccccc1)n2C1CC(O)C(CO)O1,tensor([5.7000])
OCC1OC(n2cnc3c(NCCCc4ccccc4)ncnc32)C(O)C1O,tensor([5.6900])
NC1CSC(n2cnc3c(NCc4cccc(I)c4)ncnc32)C1O,tensor([5.6400])
NC1CSC(n2cnc3c(NCc4cccc(I)c4)nc(Cl)nc32)C1O,tensor([5.6200])
Nc1ccccc1NC(=O)c1ccc(CNc2nc(N)n3nc(-c4ccco4)nc3n2)cc1,tensor([7.4600])
Nc1nc(NCCc2ccc(OCCCCC(=O)NO)cc2)nc2nc(-c3ccco3)nn12,tensor([8.2400])
Nc1nc(NCc2ccc(C=CC(=O)NO)cc2)nc2nc(-c3ccco3)nn12,tensor([7.5700])
Nc1nc2c(cnn2CCN2CCc3ccc(C(=O)NO)cc3C2)c2nc(-c3ccco3)nn12,tensor([8.2500])
Nc1nc2c(cnn2CCCCC(=O)NO)c2nc(-c3ccco3)nn12,tensor([7.0800])
Nc1nc(NCCCc2ccc(C(=O)NO)cc2)nc2nc(-c3ccco3)nn12,tensor([8.0800])
Nc1nc2c(cnn2CCCCCC(=O)NO)c2nc(-c3ccco3)nn12,tensor([7.1100])
Nc1cc(F)ccc1NC(=O)c1ccc(CCCn2ncc3c2nc(N)n2nc(-c4ccco4)nc32)cc1,tensor([8.])
Nc1nc(NCCc2ccc(C=CC(=O)NO)cc2)nc2nc(-c3ccco3)nn12,tensor([7.4200])
Nc1ccccc1NC(=O)c1ccc(CCCNc2nc(N)n3nc(-c4ccco4)nc3n2)cc1,tensor([8.4100])
Nc1ccccc1NC(=O)c1ccc(CCn2ccc3c2nc(N)n2nc(-c4ccco4)nc32)cc1,tensor([9.0600])
Nc1nc2c(cnn2CCCCCCC(=O)NO)c2nc(-c3ccco3)nn12,tensor([8.])
Nc1nc(NCCc2ccc(OCCCCCC(=O)NO)cc2)nc2nc(-c3ccco3)nn12,tensor([9.0200])
Nc1nc(NCCc2ccc(NC(=O)CCCCCCC(=O)NO)cc2)nc2nc(-c3ccco3)nn12,tensor([7.9500])
Nc1nc(NCCOc2ccc(C(=O)NO)cc2)nc2nc(-c3ccco3)nn12,tensor([7.9900])
Nc1nc(NCCc2ccc(C(=O)NO)cc2)nc2nc(-c3ccco3)nn12,tensor([8.2000])
Nc1nc2c(cnn2CCN2Cc3ccc(C(=O)NO)cc3C2)c2nc(-c3ccco3)nn12,tensor([7.2200])
Nc1ccccc1NC(=O)c1ccc(OCCn2ncc3c2nc(N)n2nc(-c4ccco4)nc32)cc1,tensor([7.3600])
Nc1cc(F)ccc1NC(=O)c1ccc(CCNc2nc(N)n3nc(-c4ccco4)nc3n2)cc1,tensor([8.0200])
N#Cc1cccc(-c2nc3c4cnn(CCc5ccc(C(=O)Nc6ccccc6N)cc5)c4nc(N)n3n2)c1,tensor([8.1900])
Nc1nc(NCCc2ccc(OCCCC(=O)NO)cc2)nc2nc(-c3ccco3)nn12,tensor([8.2200])
Nc1nc2c(cnn2CCc2ccc(OCCCCCC(=O)NO)cc2)c2nc(-c3ccco3)nn12,tensor([8.7000])
Nc1ccccc1NC(=O)c1ccc(Cn2ncc3c2nc(N)n2nc(-c4ccco4)nc32)cc1,tensor([7.0600])
Nc1ccccc1NC(=O)c1ccc(CCn2ncc3c2nc(N)n2nc(-c4ccco4)nc32)cc1,tensor([8.6600])
Nc1nc2c(cnn2CCc2ccc(NC(=O)CCCCCCC(=O)NO)cc2)c2nc(-c3ccco3)nn12,tensor([8.3100])
Nc1ccccc1NC(=O)c1ccc(OCCNc2nc(N)n3nc(-c4ccco4)nc3n2)cc1,tensor([8.3100])
CCN(CCc1ccc(C(=O)NO)cc1)c1nc(N)n2nc(-c3ccco3)nc2n1,tensor([8.6200])
Cc1ccc(-c2nc3c4cnn(CCc5ccc(C(=O)Nc6ccccc6N)cc5)c4nc(N)n3n2)o1,tensor([7.7300])
Nc1nc(N2CCN(CCc3ccc(C(=O)NO)cc3)CC2)nc2nc(-c3ccco3)nn12,tensor([8.3800])
Nc1nc2c(cnn2CCN2CCC(c3ccc(C(=O)NO)cc3)CC2)c2nc(-c3ccco3)nn12,tensor([8.4300])
Nc1nc2c(cnn2CCc2ccc(C(=O)NO)cc2)c2nc(-c3ccco3)nn12,tensor([8.3700])
CN(CCOc1ccc(C(=O)NO)cc1)c1nc(N)n2nc(-c3ccco3)nc2n1,tensor([7.8000])
Nc1nc(NCCCCCCC(=O)NO)nc2nc(-c3ccco3)nn12,tensor([7.6700])
Nc1nc(NCc2ccc(OCCCCC(=O)NO)cc2)nc2nc(-c3ccco3)nn12,tensor([7.7000])
Nc1ccccc1NC(=O)c1ccc(CCCn2ncc3c2nc(N)n2nc(-c4ccco4)nc32)cc1,tensor([8.4800])
Nc1nc(NCc2ccc(C(=O)NO)cc2)nc2nc(-c3ccco3)nn12,tensor([7.0700])
CN(CCc1ccc(C(=O)NO)cc1)c1nc(N)n2nc(-c3ccco3)nc2n1,tensor([8.3600])
Nc1cc(F)ccc1NC(=O)c1ccc(CCn2ncc3c2nc(N)n2nc(-c4ccco4)nc32)cc1,tensor([8.5500])
Nc1ccccc1NC(=O)c1ccc(CCNc2nc(N)n3nc(-c4ccco4)nc3n2)cc1,tensor([8.4100])
Nc1nc(-c2ccc(OCCCN3CCCCC3)cc2)c2c(n1)-c1ccccc1C2=O,tensor([7.4500])
Nc1nc(-c2ccccc2)c2c(n1)-c1ccc(OCCCN3CCCCC3)cc1C2=O,tensor([6.8500])
Nc1nc(-c2ccccc2)c2c(n1)-c1cc(OCCCN3CCCC3)ccc1C2,tensor([8.1400])
Nc1nc(-c2ccccc2)c2c(n1)-c1cc(OCCCN3CCCCC3)ccc1C2,tensor([8.3100])
Nc1nc(-c2ccccc2)c2c(n1)-c1ccc(OCCCN3CCCC3)cc1C2=O,tensor([6.9800])
Nc1nc(-c2ccccc2)c2c(n1)-c1cc(OCCCN3CCCC3)ccc1C2=O,tensor([8.2100])
Nc1nc(-c2ccc(OCCCN3CCCCC3)cc2)c2c(n1)-c1ccc(OCCCN3CCCCC3)cc1C2=O,tensor([6.6900])
Nc1nc(-c2ccc(OCCCN3CCCCC3)cc2)c2c(n1)-c1ccc(OCCCN3CCCCC3)cc1C2,tensor([6.0300])
Nc1nc(-c2ccc(OCCCN3CCCCC3)cc2)c2c(n1)-c1ccccc1C2,tensor([6.1400])
C#CCCCCNC(=O)C12CCC(c3nc4c(=O)n(CCCC)c(=O)n(CCCNC(=O)c5ccc(S(=O)(=O)F)cc5)c4[nH]3)(CC1)CC2,tensor([7.1500])
CCCCn1c(=O)c2nc(C34CCC(C(=O)NCCCCN=[N+]=[N-])(CC3)CC4)[nH]c2n(CCCNC(=O)c2ccc(S(=O)(=O)F)cc2)c1=O,tensor([6.7800])
CCCCn1c(=O)c2nc(C34CCC(C(=O)NCCCN=[N+]=[N-])(CC3)CC4)[nH]c2n(CCCNC(=O)c2ccc(S(=O)(=O)F)cc2)c1=O,tensor([7.4200])
CCCCn1c(=O)c2nc(C34CCC(C(=O)NCCOCCOCCN=[N+]=[N-])(CC3)CC4)[nH]c2n(CCCNC(=O)c2ccc(S(=O)(=O)F)cc2)c1=O,tensor([7.5000])
CCCCn1c(=O)c2nc(C34CCC(C(=O)NCCOCCOCCOCCN=[N+]=[N-])(CC3)CC4)[nH]c2n(CCCNC(=O)c2ccc(S(=O)(=O)F)cc2)c1=O,tensor([7.4400])
N#Cc1c(-c2ccccc2)cc(SCc2ncc[nH]2)nc1N,tensor([6.4200])
N#Cc1c(-c2ccccc2)cc(N)nc1SCc1ncc[nH]1,tensor([5.9900])
Nc1nc(SCc2ncc[nH]2)nc(-c2ccccc2)n1,tensor([6.2500])
N#Cc1c(SCc2ncc[nH]2)nc(N)nc1-c1ccccc1,tensor([8.])
N#Cc1c(N)nc(SCc2ncc[nH]2)nc1-c1ccccc1,tensor([7.1700])
Cc1cc(F)cc(-c2nc(NC(=O)c3cccnc3)sc2-c2ccncc2)c1,tensor([5.4500])
Cc1cc(C)cc(-c2nc(NC(=O)c3cccnc3)sc2-c2ccncc2)c1,tensor([6.9200])
N#Cc1c(-c2ccc(F)cc2)nc(N)nc1-c1ccc2c(c1)OCO2,tensor([7.2100])
CNc1nc(-c2ccccc2)c(C#N)c(-c2cc(OC)cc(OC)c2)n1,tensor([7.9400])
COc1cccc(-c2nc(Nc3ccccc3)nc(-c3ccccc3)c2C#N)c1,tensor([6.8800])
N#Cc1c(-c2ccccc2)nc(N)nc1-c1ccc(Br)cc1,tensor([7.6600])
CNc1nc(-c2ccccc2)c(C#N)c(-c2ccccc2)n1,tensor([6.1500])
N#Cc1c(-c2ccccc2)nc(N)nc1-c1cccc(Cl)c1,tensor([7.8100])
N#Cc1c(-c2ccccc2)nc(N)nc1-c1cccc(F)c1,tensor([7.7100])
N#Cc1c(-c2ccccc2)nc(N)nc1-c1ccc(F)cc1,tensor([7.7900])
N#Cc1c(-c2ccccc2)nc(N)nc1-c1ccc(F)cc1F,tensor([7.8100])
COc1cc(-c2nc(N)nc(-c3ccccc3)c2C#N)cc(OC)c1OC,tensor([9.0200])
N#Cc1c(-c2ccccc2)nc(N)nc1-c1ccncc1,tensor([6.1700])
N#Cc1c(-c2ccccc2)nc(N)nc1-c1cccs1,tensor([7.6000])
Cc1ccc(-c2nc(N)nc(-c3ccccc3)c2C#N)cc1,tensor([8.0500])
CNc1nc(-c2ccccc2)c(C#N)c(-c2cccc(OC)c2)n1,tensor([7.0800])
N#Cc1c(-c2ccccc2)nc(N)nc1-c1cccnc1,tensor([7.4400])
N#Cc1c(-c2ccccc2)nc(N)nc1-c1ccsc1,tensor([7.6900])
COc1cccc(-c2nc(N)nc(-c3ccccc3)c2C#N)c1,tensor([8.1600])
CCNc1nc(-c2ccccc2)c(C#N)c(-c2cccc(Cl)c2)n1,tensor([6.5300])
N#Cc1c(-c2cccc(Cl)c2)nc(N)nc1-c1cccc(Cl)c1,tensor([7.4500])
COc1ccccc1-c1nc(N)nc(-c2ccccc2)c1C#N,tensor([7.7500])
N#Cc1c(-c2ccccc2)nc(Nc2ccccc2)nc1-c1ccoc1,tensor([6.4300])
N#Cc1cccc(-c2nc(N)nc(-c3ccccc3)c2C#N)c1,tensor([7.0800])
N#Cc1c(-c2ccccc2)nc(Nc2ccccc2)nc1-c1cccc(O)c1,tensor([7.1500])
N#Cc1c(-c2ccccc2)nc(N)nc1-c1ccccc1F,tensor([7.7500])
COc1cc(-c2nc(Nc3ccccc3)nc(-c3ccccc3)c2C#N)cc(OC)c1OC,tensor([7.8000])
Cc1ccc(-c2nc(Nc3ccccc3)nc(-c3ccccc3)c2C#N)cc1,tensor([6.8000])
CCNc1nc(-c2ccccc2)c(C#N)c(-c2ccc3c(c2)OCO3)n1,tensor([6.0500])
N#Cc1c(-c2ccccc2)nc(Nc2ccccc2)nc1-c1ccccc1F,tensor([7.2800])
N#Cc1c(-c2cccc(Cl)c2)nc(N)nc1-c1cc(Cl)cc(Cl)c1,tensor([6.7200])
N#Cc1c(-c2ccccc2)nc(Nc2ccccc2)nc1-c1cccc(Cl)c1,tensor([7.3300])
N#Cc1c(-c2ccccc2)nc(N)nc1-c1ccoc1,tensor([7.2800])
CNc1nc(-c2ccccc2)c(C#N)c(-c2cc(OC)c(OC)c(OC)c2)n1,tensor([8.4400])
COc1ccc(-c2nc(N)nc(-c3ccccc3)c2C#N)cc1,tensor([7.3400])
COc1ccc(-c2nc(N)nc(-c3ccccc3)c2C#N)c(OC)c1,tensor([7.9900])
N#Cc1c(-c2ccccc2)nc(Nc2ccccc2)nc1-c1cccs1,tensor([6.4800])
CNc1nc(-c2ccccc2)c(C#N)c(-c2ccco2)n1,tensor([6.4000])
N#Cc1c(-c2ccccc2)nc(N)nc1-c1cccc(O)c1,tensor([7.9900])
N#Cc1c(-c2ccc(F)cc2)nc(N)nc1-c1ccco1,tensor([8.2400])
N#Cc1c(-c2ccccc2)nc(N)nc1-c1ccco1,tensor([8.])
N#Cc1c(-c2ccccc2)nc(Nc2ccccc2)nc1-c1ccccc1,tensor([7.2600])
COc1cc(OC)cc(-c2nc(Nc3ccccc3)nc(-c3ccccc3)c2C#N)c1,tensor([7.7600])
CCNc1nc(-c2ccccc2)c(C#N)c(-c2ccccc2)n1,tensor([6.4500])
CCNc1nc(-c2ccccc2)c(C#N)c(-c2cccc(C#N)c2)n1,tensor([6.8100])
COc1cc(OC)cc(-c2nc(N)nc(-c3ccccc3)c2C#N)c1,tensor([8.7600])
CNc1nc(-c2ccccc2)c(C#N)c(-c2cccc(O)c2)n1,tensor([6.9800])
COc1ccc(-c2nc(Nc3ccccc3)nc(-c3ccccc3)c2C#N)cc1,tensor([7.2900])
N#Cc1c(-c2ccccc2)nc(N)nc1-c1cc(Cl)cc(Cl)c1,tensor([7.0200])
N#Cc1c(-c2ccccc2)nc(Nc2ccccc2)nc1-c1ccco1,tensor([8.6700])
N#Cc1c(-c2ccccc2)nc(Nc2ccccc2)nc1-c1cccnc1,tensor([7.5700])
N#Cc1c(-c2ccccc2)nc(Nc2ccccc2)nc1-c1ccc2c(c1)OCO2,tensor([7.5500])
CCNc1nc(-c2ccccc2)c(C#N)c(-c2cccnc2)n1,tensor([6.4700])
N#Cc1c(-c2ccccc2)nc(N)nc1-c1ccc(O)cc1,tensor([7.5800])
N#Cc1c(-c2cccc(Cl)c2)nc(N)nc1-c1ccc2c(c1)OCO2,tensor([7.])
N#Cc1c(-c2ccccc2)nc(Nc2ccccc2)nc1-c1ccsc1,tensor([6.9900])
CNc1nc(-c2ccccc2)c(C#N)c(-c2cccc(C#N)c2)n1,tensor([7.1100])
N#Cc1c(-c2ccccc2)nc(N)nc1-c1ccc2ccccc2c1,tensor([8.2400])
Cn1cc(-c2cnc(N)nc2-c2ccco2)ccc1=O,tensor([7.5700])
Cc1csc(-c2nc3c(-c4ccc(=O)n(C)c4)cnc(N)n3n2)n1,tensor([5.9900])
Cc1cccc(-c2nc3c(-c4ccc(=O)n(C)c4)cnc(N)n3n2)n1,tensor([5.4200])
Cc1ccc(-c2nc3c(-c4ccc(=O)n(C)c4)cnc(N)n3n2)o1,tensor([6.3500])
Cn1cc(-c2cnc(N)n3nc(-c4ccco4)nc23)ccc1=O,tensor([8.2500])
Cn1nccc1-c1nc2c(-c3ccc(=O)n(C)c3)cnc(N)n2n1,tensor([6.1000])
Cc1cnc(-c2nc3c(-c4ccc(=O)n(C)c4)cnc(N)n3n2)s1,tensor([7.3600])
Cn1ccc(-c2nc3c(-c4ccc(=O)n(C)c4)cnc(N)n3n2)n1,tensor([5.4600])
Cn1cc(-c2cnc(N)n3nc(-c4nccs4)nc23)ccc1=O,tensor([7.0700])
N#Cc1cccc(-c2nc(N)nc3ccccc23)c1,tensor([6.2300])
Nc1nc(-c2ccccc2N)c2ccccc2n1,tensor([5.7000])
Cc1ccccc1-c1nc(N)nc2ccccc12,tensor([5.4800])
Nc1nc(-c2cccc(F)c2)c2ccccc2n1,tensor([6.7600])
Nc1nc(-c2ccccc2)c2ccccc2n1,tensor([6.7000])
Nc1nc(-c2ccco2)c2cc(Br)ccc2n1,tensor([7.7000])
Nc1nc(-c2ccccc2F)c2ccccc2n1,tensor([6.3400])
COc1cccc(-c2nc(N)nc3ccccc23)c1,tensor([6.1500])
COc1ccccc1-c1nc(N)nc2ccccc12,tensor([6.1900])
C(#Cc1ncnc2ccccc12)c1ccccc1,tensor([5.4000])
Cc1ccc(-c2nc(N)nc3ccccc23)cc1,tensor([5.8200])
Nc1nc(-c2ccoc2)c2ccccc2n1,tensor([6.1600])
Nc1nccc(-c2ccccc2)n1,tensor([5.6600])
Cc1ccc2nc(N)nc(-c3ccco3)c2c1,tensor([7.6600])
Nc1nc(-c2ccc(F)cc2)c2ccccc2n1,tensor([7.1000])
c1ccc(-c2ncnc3ccccc23)cc1,tensor([5.6400])
Nc1nc(-c2cccs2)c2ccccc2n1,tensor([6.7700])
COc1ccc(-c2nc(N)nc3ccccc23)cc1,tensor([6.1300])
Cc1ccc(-c2cc(-c3cccc(C(=O)N4CCCCC4)c3)nc(N)n2)o1,tensor([8.0200])
CCn1c(=O)c2c(nc(COc3ccc(OC)cc3)n2C)n(CC)c1=O,tensor([6.6200])
Nc1nc(-c2cccc(Cl)c2)cn2c(=O)n(-c3ccccc3)nc12,tensor([8.4300])
Nc1nc(Nc2ccco2)nc2sc(Cc3cccnc3)nc12,tensor([7.9700])
Cn1c(=O)c2c(nc(C=Cc3cccc(Br)c3)n2C)n(C)c1=O,tensor([7.5500])
CC1=C(C)C2C(=O)NC(NC(=O)c3ccccc3)=NC2S1,tensor([6.1900])
Cc1ccc(-c2cn3c(=O)n(Cc4ccccc4)nc3c(N)n2)o1,tensor([8.3400])
CN(CCN1CCN(c2ccc(F)cc2F)CC1)c1nc(N)n2nc(-c3ccco3)nc2n1,tensor([8.4000])
Cc1cccc(Nc2nc(NCCCO)nc3c2cnn3-c2ccccc2)c1,tensor([7.2700])
Nc1nc(N2CCN3CCCC3C2)cc2nc(-c3ccco3)nn12,tensor([7.2000])
COCC1CCCN1c1cc(Nc2ccccn2)nc(-n2cccn2)n1,tensor([9.6600])
Nc1nc(Nc2ccccc2)nc2c1ncn2C1OC(CO)C(O)C1O,tensor([7.1200])
Nc1ncnc2c1ncn2C1OC(CO)C(O)C1O,tensor([6.8200])
CCCCC#Cc1nc(N)c2nc(-c3cccs3)n(C3OCC(O)C3O)c2n1,tensor([7.7400])
Cc1ccc(NC(=O)c2cn3c(nc4ccccc43)c(N)n2)cc1,tensor([8.4000])
Nc1nc(C(=O)NCc2cccc(Cl)c2)cn2c1nc1ccccc12,tensor([7.5500])
COc1ccc(CCNC(=O)c2cn3c(nc4ccccc43)c(N)n2)cc1,tensor([7.5700])
Nc1nc(C(=O)NCc2ccncc2)cn2c1nc1ccccc12,tensor([8.8200])
Nc1nc(C(=O)Nc2ccc(Cl)cc2)cn2c1nc1ccccc12,tensor([8.3300])
CC(C)CNC(=O)c1cn2c(nc3ccccc32)c(N)n1,tensor([8.5500])
Nc1nc(C(=O)NCc2ccccc2)cn2c1nc1ccccc12,tensor([8.3600])
CC(CO)NC(=O)c1cn2c(nc3ccccc32)c(N)n1,tensor([8.2600])
Nc1nc(C(=O)Nc2ccccn2)cn2c1nc1ccccc12,tensor([8.2700])
Nc1nc(C(=O)NCCc2ccncc2)cn2c1nc1ccccc12,tensor([8.4800])
Cc1cc(-c2nnc(N)nc2-c2ccc(F)cc2)cc(Cl)n1,tensor([8.7600])
Nc1nc(C(=O)NCCc2ccccn2)cn2c1nc1ccccc12,tensor([8.7500])
Nc1nc(C(=O)NCCCO)cn2c1nc1ccccc12,tensor([8.0900])
CC(O)CNC(=O)c1cn2c(nc3ccccc32)c(N)n1,tensor([8.2700])
Nc1nc(C(=O)NCc2ccccn2)cn2c1nc1ccccc12,tensor([10.0900])
Nc1nc(C(=O)NCCc2cccnc2)cn2c1nc1ccccc12,tensor([8.5100])
Nc1nc(C(=O)NCCc2ccc3c(c2)OCO3)cn2c1nc1ccccc12,tensor([8.0800])
Nc1nc(C(=O)Nc2cccnc2)cn2c1nc1ccccc12,tensor([8.6800])
Nc1nc(C(=O)NCc2cccnc2)cn2c1nc1ccccc12,tensor([9.0700])
Nc1nc(C(=O)Nc2ccccc2)cn2c1nc1ccccc12,tensor([7.8300])
Nc1nc(C(=O)NCc2ccco2)cn2c1nc1ccccc12,tensor([8.6500])
COc1cccc(NC(=O)c2cn3c(nc4ccccc43)c(N)n2)c1,tensor([8.1900])
CCCCCCNC(=O)c1cn2c(nc3ccccc32)c(N)n1,tensor([8.3500])
COCCNC(=O)c1cn2c(nc3ccccc32)c(N)n1,tensor([8.4500])
Nc1nc(C(=O)NCC(F)F)cn2c1nc1ccccc12,tensor([8.4600])
Nc1nc(C(=O)NCCc2cccc(Cl)c2)cn2c1nc1ccccc12,tensor([7.4000])
Nc1nc(C(=O)NCCc2ccc(O)cc2)cn2c1nc1ccccc12,tensor([7.7800])
CNC(=O)C12CC1C(n1cnc3c(NCc4ccc(O)c(OC)c4)nc(C#Cc4ccc(Cl)s4)nc31)C(O)C2O,tensor([5.0900])
CNC(=O)C12CC1C(n1cnc3c(NCCc4ccc(OC)c(O)c4)nc(OCC4CC4)nc31)C(O)C2O,tensor([5.3300])
CNC(=O)C12CC1C(n1cnc3c(NCCc4ccc(OC)c(O)c4)nc(OCC(C)C)nc31)C(O)C2O,tensor([6.2300])
OC1C(O)C(n2cnc3c(NCCc4ccccc4)nc(I)nc32)C2CC12,tensor([5.2300])
CNC(=O)C12CC1C(n1cnc3c(NCCc4ccc(OC)c(O)c4)nc(OC)nc31)C(O)C2O,tensor([4.9900])
COc1cc(CCNc2nc(OCC(C)C)nc3c2ncn3C2C(O)C(O)C3CC32)ccc1O,tensor([5.3000])
CNC(=O)C12CC1C(n1cnc3c(NCCc4ccc(OC)c(O)c4)nc(OCCC(C)C)nc31)C(O)C2O,tensor([5.3100])
Nc1nc(-c2ccco2)c2cnn(Cc3ccc(C=CC(=O)NO)cc3)c2n1,tensor([5.4500])
Nc1nc(-c2ccco2)c2cnn(CCCCCCCC(=O)NO)c2n1,tensor([6.5600])
Cc1ccc(-c2nc(N)nc3c2cnn3Cc2cccc(OCCCCCCC(=O)NO)c2)o1,tensor([7.2800])
Nc1nc(-c2ccco2)c2cnn(Cc3ccc(N)c(OCCCCCCC(=O)NO)c3)c2n1,tensor([7.8200])
Nc1nc(-c2ccco2)c2cnn(Cc3cccc(OCCCCCCC(=O)NO)n3)c2n1,tensor([7.8300])
Nc1nc(-c2ccco2)c2cnn(CCCc3ccc(C(=O)NO)cc3)c2n1,tensor([6.0600])
Cc1ccc(-c2nc(N)nc3c2cnn3Cc2cccc(OCCCCCC(=O)NO)c2)o1,tensor([7.9100])
Cc1ccc(-c2nc(N)nc3c2cnn3Cc2cccc(OCCCCC(=O)NO)c2)o1,tensor([7.5900])
Nc1nc(-c2ccco2)c2cnn(Cc3cccc(C=CC(=O)Nc4ccccc4N)c3)c2n1,tensor([7.4500])
Cc1ccc(-c2nc(N)nc3c2cnn3CCc2ccc(C(=O)NO)cc2)o1,tensor([6.5300])
Cc1ccc(-c2nc(N)nc3c2cnn3CCCOc2ccc(C(=O)Nc3ccccc3N)cc2)o1,tensor([6.9700])
Cc1ccc(-c2nc(N)nc3c2cnn3Cc2cccc(C=CC(=O)Nc3ccccc3N)c2)o1,tensor([7.6000])
Nc1nc(-c2ccco2)c2cnn(Cc3cccc(C=CC(=O)NO)c3)c2n1,tensor([6.8800])
Cc1ccc(-c2nc(N)nc3c2cnn3Cc2ccc(C(=O)NO)cc2)o1,tensor([5.6000])
Cc1ccc(-c2nc(N)nc3c2cnn3CCc2ccc(C(=O)Nc3ccccc3N)cc2)o1,tensor([6.9000])
Cc1ccc(-c2nc(N)nc3c2cnn3CCCCCCC(=O)NO)o1,tensor([6.4800])
Nc1nc(-c2ccco2)c2cnn(CCOc3ccc(C(=O)Nc4ccccc4N)cc3)c2n1,tensor([6.0100])
Nc1nc(-c2ccco2)c2cnn(CCc3ccc(C(=O)Nc4ccccc4N)cc3)c2n1,tensor([6.7900])
Cc1ccc(-c2nc(N)nc3c2cnn3Cc2cccc(OCCCCCC(=O)NO)n2)o1,tensor([7.1400])
Cc1ccc(-c2nc(N)nc3c2cnn3Cc2cccc(OCCCCC(=O)NO)n2)o1,tensor([7.1400])
Cc1ccc(-c2nc(N)nc3c2cnn3CCCCC(=O)NO)o1,tensor([5.7400])
Nc1nc(-c2ccco2)c2cnn(CCCCCC(=O)NO)c2n1,tensor([6.1100])
Nc1nc(-c2ccco2)c2cnn(CCCOc3ccc(C(=O)Nc4ccccc4N)cc3)c2n1,tensor([6.8300])
Nc1nc(-c2ccco2)c2cnn(CCCc3ccc(C(=O)Nc4ccccc4N)cc3)c2n1,tensor([6.8500])
Cc1ccc(-c2nc(N)nc3c2cnn3Cc2ccc(N)c(OCCCCCCC(=O)NO)c2)o1,tensor([7.1300])
Nc1nc(-c2ccco2)c2cnn(CCc3ccc(C(=O)NO)cc3)c2n1,tensor([6.3600])
Cc1ccc(-c2nc(N)nc3c2cnn3Cc2cccc(C=CC(=O)NO)c2)o1,tensor([6.4200])
Nc1nc(-c2ccco2)c2cnn(CCCCC(=O)NO)c2n1,tensor([5.8100])
Nc1nc(-c2ccco2)c2cnn(Cc3cccc(OCCCCCCC(=O)NO)c3)c2n1,tensor([7.9900])
Cc1ccc(-c2nc(N)nc3c2cnn3CCCCCC(=O)NO)o1,tensor([6.2100])
Nc1nc(-c2ccco2)c2cnn(Cc3cccc(OCCCCCC(=O)NO)c3)c2n1,tensor([7.9600])
Cc1ccc(-c2nc(N)nc3c2cnn3Cc2cccc(OCCCCCCC(=O)NO)n2)o1,tensor([6.8000])
Nc1nc(-c2ccco2)c2cnn(Cc3cccc(OCCCCCC(=O)NO)n3)c2n1,tensor([7.1700])
Cc1ccc(-c2nc(N)nc3c2cnn3CCCCCCCC(=O)NO)o1,tensor([6.2300])
Nc1nc(-c2ccco2)c2cnn(Cc3cccc(OCCCCC(=O)NO)c3)c2n1,tensor([8.1400])
Nc1nc(-c2ccco2)c2cnn(Cc3cccc(OCCCCC(=O)NO)n3)c2n1,tensor([7.2900])
Nc1nc(-c2ccco2)c2cnn(Cc3ccc(C(=O)Nc4ccccc4N)cc3)c2n1,tensor([5.7600])
Nc1nc(-c2ccco2)c2cnn(CCCCCCC(=O)NO)c2n1,tensor([6.5200])
Clc1cc2c(NC3CCCC3)nnc(-c3ccncc3)c2cc1Cl,tensor([7.5500])
