smiles,00e49f4a5b87ac6b1a245a55f34269b8,11a630e068f62a4f18608f7f3cfe6555,1a33912155e314f336ba9600c12736e5,3c201c7b515ba38b493832d7d6ce9bd5,5b0fe37d404cd3c110d464704646dcec,620b5ed985061392ed8aae9f9528d061,647f8503dc05a8ce2e32ee1f93b0974d,658848c2fe1947b8ff9da135943a3927,692032d52cbe34014e2d4d2e71dca8b4,6ca673946935809de97f788926b01dd0,6fa320bfcd6509c7afae3ec8401badd8,78d09c9bdd2584d3854a898d227d641f,7f73c5dd89b7b6d8ca56c162eee39ae0,80121ad0b332d2951073b235cff9295a,91e9bd6661782b788a135a4bc8134548,950edee628a799c6d21b79616a3c2922,9a0ea9c5d064d5578aba12a00c1e51d1,a3b4b77ef67142678f8130a5086704ad,a5b892fbb8ba3b9c9ac5e14566a57987,aab458b586520ad6a82e21e396e745fa,c0db50ee265eed4f605cce27bcb440ed,c6eb716f36a79621c8c73c735dd764f1,d1b1844310e3b37dda8ce304154b160a,d2bb6d3d58b1bcb29df748e0c133c4f1,de4ea86d93119b0ed700c0fefbdba03a,efc372c7ca16a5c6683e34d1eb239f0d,fdec110d610fe1b09f58d831c373b615
BrC1CCN(Cc2ccc(OCCCN3CCCCC3)cc2)CC1,0.0,0.0,0.0,0.0,0.0,0.0,0.0,0.0,0.0,0.0,0.0,0.0,0.0,0.0,0.0,9.7,0.0,0.0,0.0,0.0,0.0,0.0,0.0,0.0,0.0,0.0,0.0
Brc1cc(CN2CCCCC2)cc(Br)c1OCCCN1CCCCC1,0.0,8.1,0.0,0.0,0.0,0.0,0.0,0.0,0.0,0.0,0.0,0.0,0.0,0.0,0.0,0.0,0.0,0.0,0.0,0.0,0.0,0.0,0.0,0.0,0.0,0.0,0.0
Brc1ccc(C(OCCCc2c[nH]cn2)c2ccc3ccccc3c2)cc1,0.0,0.0,0.0,0.0,0.0,0.0,0.0,0.0,0.0,0.0,0.0,0.0,7.33,0.0,0.0,0.0,0.0,0.0,0.0,0.0,0.0,0.0,0.0,0.0,0.0,0.0,0.0
Brc1ccc(Cc2c[nH]cn2)cc1,0.0,0.0,0.0,0.0,6.38,0.0,0.0,0.0,0.0,0.0,0.0,0.0,0.0,0.0,0.0,0.0,0.0,0.0,0.0,0.0,0.0,0.0,0.0,0.0,0.0,0.0,0.0
Brc1cnc2nc(N3CCC(N4CCCCC4)CC3)oc2c1,0.0,0.0,0.0,0.0,0.0,0.0,0.0,0.0,0.0,0.0,0.0,0.0,0.0,0.0,0.0,5.4,0.0,0.0,0.0,0.0,0.0,0.0,0.0,0.0,0.0,0.0,0.0
Brc1cnc2nc(N3CCC(N4CCCCC4)CC3)sc2c1,0.0,0.0,0.0,0.0,0.0,0.0,0.0,0.0,0.0,0.0,0.0,0.0,0.0,0.0,0.0,6.85,0.0,0.0,0.0,0.0,0.0,0.0,0.0,0.0,0.0,0.0,0.0
Brc1nc(OCCCN2CCCCC2)sc1-c1ccccc1,0.0,0.0,0.0,0.0,0.0,0.0,0.0,0.0,0.0,0.0,0.0,0.0,7.03,0.0,0.0,0.0,0.0,0.0,0.0,0.0,0.0,0.0,0.0,0.0,0.0,0.0,0.0
C#CCN(C)Cc1cc2cc(OCCCC3CCN(Cc4ccccc4)CC3)ccc2n1C,0.0,0.0,0.0,0.0,0.0,0.0,0.0,0.0,0.0,0.0,0.0,0.0,7.08,0.0,0.0,7.08,0.0,0.0,0.0,0.0,0.0,0.0,0.0,0.0,0.0,0.0,0.0
C#CCN(C)Cc1cc2cc(OCCCN3CCCCC3)ccc2n1C,0.0,0.0,0.0,0.0,0.0,0.0,0.0,0.0,0.0,0.0,0.0,0.0,7.97,0.0,0.0,7.97,0.0,0.0,0.0,0.0,0.0,0.0,0.0,0.0,0.0,0.0,0.0
C#CCNC1CCc2cc(OCCCN3CCCCC3)ccc21,0.0,0.0,0.0,0.0,0.0,0.0,0.0,0.0,0.0,0.0,0.0,0.0,0.0,0.0,0.0,8.59,0.0,0.0,0.0,0.0,0.0,0.0,0.0,0.0,0.0,0.0,0.0
C#CCNC1CCc2ccc(OCCCN3CCCCC3)cc21,0.0,0.0,0.0,0.0,0.0,0.0,0.0,0.0,0.0,0.0,0.0,0.0,0.0,0.0,0.0,8.17,0.0,0.0,0.0,0.0,0.0,0.0,0.0,0.0,0.0,0.0,0.0
C#Cc1ccc(C2CN3CCCC3c3cc(OCCCN4CCCCC4)ccc32)cc1,8.4,7.8,0.0,0.0,0.0,0.0,0.0,0.0,0.0,0.0,0.0,0.0,0.0,0.0,0.0,0.0,0.0,0.0,0.0,0.0,0.0,0.0,0.0,0.0,0.0,0.0,0.0
C#Cc1cccc(C2CN3CCCC3c3cc(OCCCN4CCCCC4)ccc32)c1,8.7,7.84,0.0,0.0,0.0,0.0,0.0,0.0,0.0,0.0,0.0,0.0,0.0,0.0,0.0,0.0,0.0,0.0,0.0,0.0,0.0,0.0,0.0,0.0,0.0,0.0,0.0
C(#Cc1ccc(-c2ccc(OCCCN3CCCCC3)cc2)cc1)CN1CCCCC1,0.0,0.0,0.0,0.0,9.17,0.0,0.0,0.0,0.0,0.0,0.0,0.0,0.0,0.0,0.0,0.0,0.0,0.0,0.0,0.0,0.0,0.0,0.0,0.0,0.0,0.0,0.0
C(#Cc1ccc(CN2CCC(Cc3ccccc3)CC2)cc1)CCN1CCCCC1,0.0,8.46,0.0,0.0,0.0,0.0,0.0,0.0,0.0,0.0,0.0,0.0,0.0,0.0,0.0,0.0,0.0,0.0,0.0,0.0,0.0,0.0,0.0,0.0,0.0,0.0,0.0
C(#Cc1ccc(CN2CCCC2)cc1)CCN1CCCCC1,0.0,9.21,0.0,0.0,0.0,0.0,0.0,0.0,0.0,0.0,0.0,0.0,0.0,0.0,0.0,0.0,0.0,0.0,0.0,0.0,0.0,0.0,0.0,0.0,0.0,0.0,0.0
C(#Cc1ccc(CN2CCCCC2)cc1)CCN1CCCC1,0.0,9.17,0.0,0.0,0.0,0.0,0.0,0.0,0.0,0.0,0.0,0.0,0.0,0.0,0.0,0.0,0.0,0.0,0.0,0.0,0.0,0.0,0.0,0.0,0.0,0.0,0.0
C(#Cc1ccc(CN2CCCCC2)cc1)CCN1CCCCC1,0.0,9.29,0.0,0.0,0.0,0.0,8.8,0.0,0.0,0.0,0.0,0.0,0.0,0.0,0.0,0.0,0.0,0.0,0.0,0.0,0.0,0.0,0.0,0.0,0.0,0.0,0.0
C(#Cc1ccc(CN2CCCCC2)cc1)CCN1CCOCC1,0.0,8.3,0.0,0.0,0.0,0.0,0.0,0.0,0.0,0.0,0.0,0.0,0.0,0.0,0.0,0.0,0.0,0.0,0.0,0.0,0.0,0.0,0.0,0.0,0.0,0.0,0.0
C(#Cc1ccc(CN2CCCCC2)cc1)CCN1CCSCC1,0.0,8.42,0.0,0.0,0.0,0.0,0.0,0.0,0.0,0.0,0.0,0.0,0.0,0.0,0.0,0.0,0.0,0.0,0.0,0.0,0.0,0.0,0.0,0.0,0.0,0.0,0.0
C(#Cc1ccc(CN2CCN(Cc3ccccc3)CC2)cc1)CCN1CCCCC1,0.0,8.72,0.0,0.0,0.0,0.0,0.0,0.0,0.0,0.0,0.0,0.0,0.0,0.0,0.0,0.0,0.0,0.0,0.0,0.0,0.0,0.0,0.0,0.0,0.0,0.0,0.0
C(#Cc1ccc(CN2CCOCC2)cc1)CCN1CCCCC1,0.0,8.76,0.0,0.0,0.0,0.0,0.0,0.0,0.0,0.0,0.0,0.0,0.0,0.0,0.0,0.0,0.0,0.0,0.0,0.0,0.0,0.0,0.0,0.0,0.0,0.0,0.0
C(#Cc1cccc(CN2CCCC2)c1)CCN1CCCCC1,0.0,7.09,0.0,0.0,0.0,0.0,0.0,0.0,0.0,0.0,0.0,0.0,0.0,0.0,0.0,0.0,0.0,0.0,0.0,0.0,0.0,0.0,0.0,0.0,0.0,0.0,0.0
C(#Cc1cccc(CN2CCCCC2)c1)CCN1CCCCC1,0.0,9.11,0.0,0.0,0.0,0.0,0.0,0.0,0.0,0.0,0.0,0.0,0.0,0.0,0.0,0.0,0.0,0.0,0.0,0.0,0.0,0.0,0.0,0.0,0.0,0.0,0.0
C(#Cc1cccc(CN2CCCCC2)c1)CCN1CCOCC1,0.0,7.84,0.0,0.0,0.0,0.0,0.0,0.0,0.0,0.0,0.0,0.0,0.0,0.0,0.0,0.0,0.0,0.0,0.0,0.0,0.0,0.0,0.0,0.0,0.0,0.0,0.0
C(#Cc1cccc(CN2CCOCC2)c1)CCN1CCCCC1,0.0,8.93,0.0,0.0,0.0,0.0,0.0,0.0,0.0,0.0,0.0,0.0,8.89,0.0,0.0,0.0,0.0,0.0,0.0,0.0,0.0,0.0,0.0,0.0,0.0,0.0,0.0
C(#Cc1cccc(Cc2c[nH]cn2)c1)c1ccccc1,0.0,0.0,0.0,0.0,8.74,0.0,0.0,0.0,0.0,0.0,0.0,0.0,0.0,0.0,0.0,0.0,0.0,0.0,0.0,0.0,0.0,0.0,0.0,0.0,0.0,0.0,0.0
C(#Cc1cccc2ccccc12)c1cccc(Cc2c[nH]cn2)c1,0.0,0.0,0.0,0.0,5.76,0.0,0.0,0.0,0.0,0.0,0.0,0.0,0.0,0.0,0.0,0.0,0.0,0.0,0.0,0.0,0.0,0.0,0.0,0.0,0.0,0.0,0.0
C(#Cc1ccccc1)CCN1CCCCC1,0.0,7.25,0.0,0.0,0.0,0.0,0.0,0.0,0.0,0.0,0.0,0.0,0.0,0.0,0.0,0.0,0.0,0.0,0.0,0.0,0.0,0.0,0.0,0.0,0.0,0.0,0.0
C(#Cc1ccccc1N1CCCCC1)CCN1CCCCC1,0.0,7.08,0.0,0.0,0.0,0.0,0.0,0.0,0.0,0.0,0.0,0.0,0.0,0.0,0.0,0.0,0.0,0.0,0.0,0.0,0.0,0.0,0.0,0.0,0.0,0.0,0.0
C(=C1CCN(C2CCCCC2)CC1)c1c[nH]cn1,0.0,7.5,0.0,0.0,0.0,0.0,0.0,0.0,0.0,0.0,0.0,0.0,0.0,0.0,0.0,0.0,0.0,0.0,0.0,0.0,0.0,0.0,0.0,0.0,0.0,0.0,0.0
C(=C1CCN(CCc2ccccc2)CC1)c1c[nH]cn1,0.0,7.2,0.0,0.0,0.0,0.0,0.0,0.0,0.0,0.0,0.0,0.0,0.0,0.0,0.0,0.0,0.0,0.0,0.0,0.0,0.0,0.0,0.0,0.0,0.0,0.0,0.0
C(=C1CCN(Cc2ccccc2)CC1)c1c[nH]cn1,0.0,6.4,0.0,0.0,0.0,0.0,0.0,0.0,0.0,0.0,0.0,0.0,0.0,0.0,0.0,0.0,0.0,0.0,0.0,0.0,0.0,0.0,0.0,0.0,0.0,0.0,0.0
C(=C1CCNCC1)c1c[nH]cn1,0.0,8.2,0.0,0.0,0.0,0.0,0.0,0.0,0.0,0.0,0.0,0.0,0.0,0.0,0.0,0.0,0.0,0.0,0.0,0.0,0.0,0.0,0.0,0.0,0.0,0.0,0.0
C(=Cc1ccc(-c2ccc(OCCCN3CCCCC3)cc2)cc1)CN1CCCCC1,0.0,0.0,0.0,0.0,10.24,0.0,0.0,0.0,0.0,0.0,0.0,0.0,0.0,0.0,0.0,0.0,0.0,0.0,0.0,0.0,0.0,0.0,0.0,0.0,0.0,0.0,0.0
C(=Cc1ccccc1)CN1CCN(CCCOCCCc2ccccc2)CC1,0.0,0.0,0.0,0.0,0.0,0.0,0.0,0.0,0.0,0.0,0.0,0.0,0.0,0.0,0.0,0.0,0.0,0.0,0.0,0.0,0.0,6.16,0.0,0.0,0.0,0.0,0.0
C(CCCCN1CCCCC1)CCCCN1CCCCC1,0.0,8.35,0.0,0.0,0.0,0.0,0.0,0.0,0.0,0.0,0.0,0.0,0.0,0.0,0.0,0.0,0.0,0.0,0.0,0.0,0.0,0.0,0.0,0.0,0.0,0.0,0.0
C1=C(c2ccc(CCN3CCCC3)cc2)C2CN(CC3CC3)CC2C1,0.0,0.0,0.0,0.0,0.0,0.0,0.0,0.0,0.0,0.0,9.05,0.0,0.0,0.0,0.0,0.0,0.0,0.0,0.0,0.0,0.0,0.0,0.0,0.0,0.0,0.0,0.0
C1=C(c2ccc(OCCCN3CCCCC3)cc2)CCC1,0.0,0.0,0.0,0.0,0.0,0.0,0.0,0.0,0.0,0.0,0.0,0.0,8.8,0.0,0.0,0.0,0.0,0.0,0.0,0.0,0.0,0.0,0.0,0.0,0.0,0.0,0.0
C1=C(c2ccccn2)CCCN1c1nnc(N2CCC(N3CCCCC3)CC2)s1,0.0,0.0,0.0,0.0,0.0,0.0,0.0,0.0,0.0,0.0,0.0,0.0,8.52,0.0,0.0,0.0,0.0,0.0,0.0,0.0,0.0,0.0,0.0,0.0,0.0,0.0,0.0
C1=C(c2ccccn2)CN(c2nnc(N3CCC(N4CCCCC4)CC3)s2)CC1,0.0,0.0,0.0,0.0,0.0,0.0,0.0,0.0,0.0,0.0,0.0,0.0,7.92,0.0,0.0,0.0,0.0,0.0,0.0,0.0,0.0,0.0,0.0,0.0,0.0,0.0,0.0
C1=C(c2ncccn2)CN(c2nnc(N3CCC(N4CCCCC4)CC3)s2)CC1,0.0,0.0,0.0,0.0,0.0,0.0,0.0,0.0,0.0,0.0,0.0,0.0,7.85,0.0,0.0,0.0,0.0,0.0,0.0,0.0,0.0,0.0,0.0,0.0,0.0,0.0,0.0
C1CCN(CCCOc2nc3c(s2)CCCC3)CC1,0.0,0.0,0.0,0.0,0.0,0.0,0.0,0.0,0.0,0.0,0.0,0.0,6.45,0.0,0.0,0.0,0.0,0.0,0.0,0.0,0.0,0.0,0.0,0.0,0.0,0.0,0.0
C1CCN(CCCOc2nc3c(s2)CCN(CCCN2CCCCC2)C3)CC1,0.0,0.0,0.0,0.0,0.0,0.0,0.0,0.0,0.0,0.0,0.0,0.0,7.7,0.0,0.0,0.0,0.0,0.0,0.0,0.0,0.0,0.0,0.0,0.0,0.0,0.0,0.0
C1CCN(CCCOc2nc3c(s2)CCOC3)CC1,0.0,0.0,0.0,0.0,0.0,0.0,0.0,0.0,0.0,0.0,0.0,0.0,6.46,0.0,0.0,0.0,0.0,0.0,0.0,0.0,0.0,0.0,0.0,0.0,0.0,0.0,0.0
C1CCN(CCCOc2nc3c(s2)CN(CCCN2CCCCC2)CC3)CC1,0.0,0.0,0.0,0.0,0.0,0.0,0.0,0.0,0.0,0.0,0.0,0.0,0.0,0.0,0.0,7.7,0.0,0.0,0.0,0.0,0.0,0.0,0.0,0.0,0.0,0.0,0.0
C=C(C)C1CCC(C)=CC1c1c(O)cc(CCCCC)cc1O,0.0,0.0,0.0,0.0,0.0,0.0,0.0,0.0,0.0,0.0,0.0,0.0,5.51,0.0,0.0,0.0,0.0,0.0,0.0,0.0,0.0,0.0,0.0,0.0,0.0,0.0,0.0
C=C(C)CN1CCN(c2ccc3c(c2)CN(C(=O)OCc2ccccc2)C3)CC1,0.0,0.0,0.0,0.0,0.0,0.0,0.0,0.0,0.0,0.0,0.0,0.0,0.0,0.0,0.0,0.0,0.0,0.0,0.0,0.0,0.0,5.99,0.0,0.0,0.0,0.0,0.0
C=C(C)CN1CCN(c2ccc3c(c2)CN(C(=O)OCc2ccccc2)CC3)CC1,0.0,0.0,0.0,0.0,0.0,0.0,0.0,0.0,0.0,0.0,0.0,0.0,0.0,0.0,0.0,0.0,0.0,0.0,0.0,0.0,0.0,5.55,0.0,0.0,0.0,0.0,0.0
C=C(N(C)Cc1ccc(-c2ccccc2)cc1)N1CCN(C(C)C)CC1,0.0,0.0,0.0,0.0,0.0,0.0,0.0,0.0,0.0,0.0,0.0,0.0,7.43,0.0,0.0,0.0,0.0,0.0,0.0,0.0,0.0,0.0,0.0,0.0,0.0,0.0,0.0
C=CC(O)c1ccc(OCCCN2CCCCC2)cc1,0.0,0.0,0.0,0.0,0.0,0.0,0.0,0.0,0.0,0.0,0.0,0.0,0.0,0.0,0.0,8.07,0.0,0.0,0.0,0.0,0.0,0.0,0.0,0.0,0.0,0.0,0.0
C=CCC(O)(CC=C)c1ccc(OCCCN2CCCCC2)cc1,0.0,0.0,0.0,0.0,0.0,0.0,0.0,0.0,0.0,0.0,0.0,0.0,0.0,0.0,0.0,9.27,0.0,0.0,0.0,0.0,0.0,0.0,0.0,0.0,0.0,0.0,0.0
C=CCC(O)c1ccc(OCCCN2CCCCC2)cc1,0.0,0.0,0.0,0.0,0.0,0.0,0.0,0.0,0.0,0.0,0.0,0.0,0.0,0.0,0.0,8.16,0.0,0.0,0.0,0.0,0.0,0.0,0.0,0.0,0.0,0.0,0.0
C=CCCCNC(=O)OCCCc1c[nH]cn1,0.0,0.0,0.0,0.0,0.0,0.0,0.0,0.0,0.0,0.0,0.0,0.0,0.0,0.0,0.0,0.0,7.85,0.0,0.0,0.0,0.0,0.0,0.0,0.0,0.0,0.0,0.0
C=CCCNC(=O)OCCCc1c[nH]cn1,0.0,0.0,0.0,0.0,0.0,0.0,0.0,0.0,0.0,0.0,0.0,0.0,0.0,0.0,0.0,0.0,7.26,0.0,0.0,0.0,0.0,0.0,0.0,0.0,0.0,0.0,0.0
C=CCN(CC=C)CCc1c[nH]c2ccc(Br)cc12,0.0,0.0,0.0,0.0,0.0,0.0,0.0,0.0,0.0,0.0,0.0,0.0,5.83,0.0,0.0,0.0,0.0,0.0,0.0,0.0,0.0,0.0,0.0,0.0,0.0,0.0,0.0
C=CCN(CC=C)CCc1c[nH]c2ccc(Cl)cc12,0.0,0.0,0.0,0.0,0.0,0.0,0.0,0.0,0.0,0.0,0.0,0.0,5.8,0.0,0.0,0.0,0.0,0.0,0.0,0.0,0.0,0.0,0.0,0.0,0.0,0.0,0.0
C=CCN(CC=C)CCc1c[nH]c2ccc(F)cc12,0.0,0.0,0.0,0.0,0.0,0.0,0.0,0.0,0.0,0.0,0.0,0.0,5.68,0.0,0.0,0.0,0.0,0.0,0.0,0.0,0.0,0.0,0.0,0.0,0.0,0.0,0.0
C=CCN(CC=C)CCc1c[nH]c2ccc(OC)cc12,0.0,0.0,0.0,0.0,0.0,0.0,0.0,0.0,0.0,0.0,0.0,0.0,5.77,0.0,0.0,0.0,0.0,0.0,0.0,0.0,0.0,0.0,0.0,0.0,0.0,0.0,0.0
C=CCN1CCN(CC2Cc3cc(-c4ccccc4)ccc3O2)CC1,0.0,0.0,0.0,0.0,0.0,0.0,0.0,0.0,0.0,0.0,0.0,0.0,0.0,0.0,0.0,0.0,0.0,0.0,8.4,0.0,0.0,0.0,0.0,0.0,0.0,0.0,0.0
C=CCN1CCN(CC2Cc3cc(C(C)(C)C)ccc3O2)CC1,0.0,0.0,0.0,0.0,0.0,0.0,0.0,0.0,0.0,0.0,0.0,0.0,0.0,0.0,0.0,0.0,0.0,0.0,7.8,0.0,0.0,0.0,0.0,0.0,0.0,0.0,0.0
C=CCN1CCN(CC2Cc3cc(OC)ccc3O2)CC1,0.0,0.0,0.0,0.0,0.0,0.0,0.0,0.0,0.0,0.0,0.0,0.0,0.0,0.0,0.0,0.0,0.0,0.0,8.2,0.0,0.0,0.0,0.0,0.0,0.0,0.0,0.0
C=CCN1CCN(CC2Cc3ccccc3O2)CC1,0.0,0.0,0.0,0.0,0.0,0.0,0.0,0.0,0.0,0.0,0.0,0.0,0.0,0.0,0.0,0.0,0.0,0.0,6.4,0.0,0.0,0.0,0.0,0.0,0.0,0.0,0.0
C=Cc1cnc2nc(N3CCC(N4CCCCC4)CC3)oc2c1,0.0,0.0,0.0,0.0,0.0,0.0,0.0,0.0,0.0,0.0,0.0,0.0,0.0,0.0,0.0,6.43,0.0,0.0,0.0,0.0,0.0,0.0,0.0,0.0,0.0,0.0,0.0
CC(=O)C1CCN(CCCOc2ccc3c(c2)CCC2C3CCC3(C)C2CCC3N2CCCC2)CC1,0.0,0.0,0.0,0.0,0.0,0.0,0.0,0.0,0.0,0.0,0.0,0.0,0.0,0.0,0.0,0.0,8.57,0.0,0.0,0.0,0.0,0.0,0.0,0.0,0.0,0.0,0.0
CC(=O)N(C)C1CCC2(C)C(=CCC3C2CCC24CN(C)C(C)C2CCC34)C1,0.0,0.0,0.0,0.0,0.0,0.0,6.96,0.0,0.0,0.0,0.0,0.0,0.0,0.0,0.0,0.0,0.0,0.0,0.0,0.0,0.0,0.0,0.0,0.0,0.0,0.0,0.0
CC(=O)N(C)CC1CC(c2ccc(CN3CCCC3)c(Cl)c2)C1,0.0,0.0,0.0,0.0,0.0,0.0,0.0,0.0,0.0,0.0,0.0,0.0,0.0,0.0,0.0,0.0,0.0,0.0,0.0,7.89,0.0,0.0,0.0,8.48,0.0,0.0,0.0
CC(=O)N1C(=O)C(=Cc2ccc(OCCCN3CCCCC3)cc2)NC(=O)C1Cc1ccccc1,0.0,0.0,0.0,0.0,0.0,0.0,0.0,0.0,0.0,0.0,0.0,0.0,0.0,0.0,0.0,8.36,0.0,0.0,0.0,0.0,0.0,0.0,0.0,0.0,0.0,0.0,0.0
CC(=O)N1CC(=O)NC(=Cc2ccc(OCCCN3CCCCC3)cc2)C1=O,0.0,0.0,0.0,0.0,0.0,0.0,0.0,0.0,0.0,0.0,0.0,0.0,0.0,0.0,0.0,8.42,0.0,0.0,0.0,0.0,0.0,0.0,0.0,0.0,0.0,0.0,0.0
CC(=O)N1CC(Oc2ccc(F)cc2)CC1C(=O)N1CCCN(C2CCC2)CC1,0.0,0.0,0.0,0.0,0.0,0.0,0.0,0.0,0.0,0.0,0.0,0.0,8.82,0.0,0.0,0.0,0.0,0.0,0.0,0.0,0.0,0.0,0.0,0.0,0.0,0.0,0.0
CC(=O)N1CC(Oc2cccc(F)c2)CC1C(=O)N1CCCN(C(C)C)CC1,0.0,0.0,0.0,0.0,0.0,0.0,0.0,0.0,0.0,0.0,0.0,0.0,7.29,0.0,0.0,0.0,0.0,0.0,0.0,0.0,0.0,0.0,0.0,0.0,0.0,0.0,0.0
CC(=O)N1CC(Oc2cccc(F)c2)CC1C(=O)N1CCCN(C)CC1,0.0,0.0,0.0,0.0,0.0,0.0,0.0,0.0,0.0,0.0,0.0,0.0,6.34,0.0,0.0,0.0,0.0,0.0,0.0,0.0,0.0,0.0,0.0,0.0,0.0,0.0,0.0
CC(=O)N1CC(Oc2cccc(F)c2)CC1C(=O)N1CCCN(C2CCC2)CC1,0.0,0.0,0.0,0.0,0.0,0.0,0.0,0.0,0.0,0.0,0.0,0.0,8.8,0.0,0.0,0.0,0.0,0.0,0.0,0.0,0.0,0.0,0.0,0.0,0.0,0.0,0.0
CC(=O)N1CC(Oc2cccc(F)c2)CC1C(=O)N1CCCN(C2CCCC2)CC1,0.0,0.0,0.0,0.0,0.0,0.0,0.0,0.0,0.0,0.0,0.0,0.0,8.66,0.0,0.0,0.0,0.0,0.0,0.0,0.0,0.0,0.0,0.0,0.0,0.0,0.0,0.0
CC(=O)N1CC(Oc2cccc(F)c2)CC1C(=O)N1CCCN(C2CCCCO2)CC1,0.0,0.0,0.0,0.0,0.0,0.0,0.0,0.0,0.0,0.0,0.0,0.0,7.16,0.0,0.0,0.0,0.0,0.0,0.0,0.0,0.0,0.0,0.0,0.0,0.0,0.0,0.0
CC(=O)N1CC(Oc2cccc(F)c2)CC1C(=O)N1CCCN(CC(C)C)CC1,0.0,0.0,0.0,0.0,0.0,0.0,0.0,0.0,0.0,0.0,0.0,0.0,7.89,0.0,0.0,0.0,0.0,0.0,0.0,0.0,0.0,0.0,0.0,0.0,0.0,0.0,0.0
CC(=O)N1CC(Oc2cccc(F)c2)CC1C(=O)N1CCCN(Cc2ccccc2)CC1,0.0,0.0,0.0,0.0,0.0,0.0,0.0,0.0,0.0,0.0,0.0,0.0,6.82,0.0,0.0,0.0,0.0,0.0,0.0,0.0,0.0,0.0,0.0,0.0,0.0,0.0,0.0
CC(=O)N1CC(Oc2cccc(F)c2)CC1C(=O)N1CCCNCC1,0.0,0.0,0.0,0.0,0.0,0.0,0.0,0.0,0.0,0.0,0.0,0.0,5.71,0.0,0.0,0.0,0.0,0.0,0.0,0.0,0.0,0.0,0.0,0.0,0.0,0.0,0.0
CC(=O)N1CC(Oc2ccccn2)CC1C(=O)N1CCCN(C2CCC2)CC1,0.0,0.0,0.0,0.0,0.0,0.0,0.0,0.0,0.0,0.0,0.0,0.0,8.27,0.0,0.0,0.0,0.0,0.0,0.0,0.0,0.0,0.0,0.0,0.0,0.0,0.0,0.0
CC(=O)N1CC(Oc2cccnc2)CC1C(=O)N1CCCN(C2CCC2)CC1,0.0,0.0,0.0,0.0,0.0,0.0,0.0,0.0,0.0,0.0,0.0,0.0,8.22,0.0,0.0,0.0,0.0,0.0,0.0,0.0,0.0,0.0,0.0,0.0,0.0,0.0,0.0
CC(=O)N1CC(Oc2cccs2)CC1C(=O)N1CCCN(C2CCC2)CC1,0.0,0.0,0.0,0.0,0.0,0.0,0.0,0.0,0.0,0.0,0.0,0.0,8.43,0.0,0.0,0.0,0.0,0.0,0.0,0.0,0.0,0.0,0.0,0.0,0.0,0.0,0.0
CC(=O)N1CC(Oc2ccsc2)CC1C(=O)N1CCCN(C2CCC2)CC1,0.0,0.0,0.0,0.0,0.0,0.0,0.0,0.0,0.0,0.0,0.0,0.0,8.57,0.0,0.0,0.0,0.0,0.0,0.0,0.0,0.0,0.0,0.0,0.0,0.0,0.0,0.0
CC(=O)N1CCC(Oc2ccc3c(c2)CCC2(CCN(C4CCC4)CC2)O3)CC1,0.0,0.0,0.0,0.0,8.4,0.0,0.0,0.0,0.0,0.0,0.0,0.0,0.0,0.0,0.0,0.0,0.0,0.0,0.0,0.0,0.0,0.0,0.0,0.0,0.0,0.0,0.0
CC(=O)N1CCN(CC(=O)Nc2ccc(OC3CCN(C4CCC4)CC3)cc2)CC1,0.0,0.0,0.0,0.0,0.0,0.0,0.0,0.0,0.0,0.0,0.0,0.0,0.0,0.0,0.0,0.0,8.27,0.0,0.0,0.0,0.0,0.0,0.0,0.0,0.0,0.0,0.0
CC(=O)N1CCN(CC(=O)c2ccc(OCCCN3CCCC3C)cc2)CC1,0.0,0.0,0.0,0.0,8.55,0.0,0.0,0.0,0.0,0.0,0.0,0.0,0.0,0.0,0.0,0.0,0.0,0.0,0.0,0.0,0.0,0.0,0.0,0.0,0.0,0.0,0.0
CC(=O)N1CCN(Cc2ccc(-c3ccc(CN4CCCCC4)cc3)cc2)CC1,0.0,8.2,0.0,0.0,0.0,0.0,0.0,0.0,0.0,0.0,0.0,0.0,0.0,0.0,0.0,0.0,0.0,0.0,0.0,0.0,0.0,0.0,0.0,0.0,0.0,0.0,0.0
CC(=O)N1CCN(Cc2ccc(-c3ccc(CN4CCN(C(C)=O)CC4)cc3)cc2)CC1,0.0,5.85,0.0,0.0,0.0,0.0,0.0,0.0,0.0,0.0,0.0,0.0,0.0,0.0,0.0,0.0,0.0,0.0,0.0,0.0,0.0,0.0,0.0,0.0,0.0,0.0,0.0
CC(=O)N1CCc2ccc(OCCCN3CCCCC3)cc2C1,0.0,0.0,0.0,0.0,0.0,0.0,0.0,0.0,0.0,0.0,0.0,0.0,7.71,0.0,0.0,0.0,0.0,0.0,0.0,0.0,0.0,0.0,0.0,0.0,0.0,0.0,0.0
CC(=O)N1CCc2ccc(OCCCN3CCCCC3)cc2CC1,0.0,0.0,0.0,0.0,0.0,0.0,0.0,0.0,0.0,0.0,7.8,0.0,7.94,0.0,0.0,0.0,0.0,0.0,0.0,0.0,0.0,0.0,0.0,0.0,0.0,0.0,0.0
CC(=O)NC(CC(C)C)C(=O)N(C)C1CCC2(C)C(=CCC3C2CCC24CN(C)C(C)C2CCC34)C1,0.0,0.0,0.0,0.0,0.0,0.0,8.79,0.0,0.0,0.0,0.0,0.0,0.0,0.0,0.0,0.0,0.0,0.0,0.0,0.0,0.0,0.0,0.0,0.0,0.0,0.0,0.0
CC(=O)NC(Cc1ccccc1)C(=O)N(C)C1CCC2(C)C(=CCC3C2CCC24CN(C)C(C)C2CCC34)C1,0.0,0.0,0.0,0.0,0.0,0.0,8.94,0.0,0.0,0.0,0.0,0.0,0.0,0.0,0.0,0.0,0.0,0.0,0.0,0.0,0.0,0.0,0.0,0.0,0.0,0.0,0.0
CC(=O)NC1CC(=O)C2(C)CCC3c4ccc(OCCCN5CCCC5C)cc4CCC3C12,0.0,0.0,0.0,0.0,0.0,0.0,0.0,0.0,0.0,0.0,0.0,0.0,0.0,0.0,0.0,0.0,0.0,0.0,0.0,0.0,0.0,8.0,0.0,0.0,0.0,0.0,0.0
CC(=O)Nc1cc2sc(N3CCC(N4CCCCC4)CC3)nc2cn1,0.0,0.0,0.0,0.0,0.0,0.0,0.0,0.0,0.0,0.0,0.0,0.0,0.0,0.0,0.0,7.28,0.0,0.0,0.0,0.0,0.0,0.0,0.0,0.0,0.0,0.0,0.0
CC(=O)Nc1ccc(-c2cnc3nc(N4CCC(N5CCCCC5)CC4)sc3c2)cn1,0.0,0.0,0.0,0.0,0.0,0.0,0.0,0.0,0.0,0.0,0.0,0.0,8.0,0.0,0.0,8.0,0.0,0.0,0.0,0.0,0.0,0.0,0.0,0.0,0.0,0.0,0.0
CC(=O)Nc1ccc(Oc2ccc3c(c2)CCN(C2CCC2)CC3)nc1,0.0,0.0,0.0,0.0,0.0,0.0,0.0,0.0,0.0,0.0,9.7,0.0,0.0,0.0,0.0,0.0,0.0,0.0,0.0,0.0,0.0,0.0,0.0,0.0,0.0,0.0,0.0
CC(=O)Nc1cccc(-c2nnc(N3CCC(N4CCCCC4)CC3)s2)c1,0.0,0.0,0.0,0.0,0.0,0.0,0.0,0.0,0.0,0.0,0.0,0.0,0.0,0.0,0.0,7.78,0.0,0.0,0.0,0.0,0.0,0.0,0.0,0.0,0.0,0.0,0.0
CC(=O)Nc1ccccc1-c1cnc2nc(N3CCC(N4CCCCC4)CC3)oc2c1,0.0,0.0,0.0,0.0,0.0,0.0,0.0,0.0,0.0,0.0,0.0,0.0,0.0,0.0,0.0,5.82,0.0,0.0,0.0,0.0,0.0,0.0,0.0,0.0,0.0,0.0,0.0
CC(=O)Nc1cnc2nc(N3CCC(N4CCCCC4)CC3)oc2c1,0.0,0.0,0.0,0.0,0.0,0.0,0.0,0.0,0.0,0.0,0.0,0.0,0.0,0.0,0.0,6.18,0.0,0.0,0.0,0.0,0.0,0.0,0.0,0.0,0.0,0.0,0.0
CC(=O)Nc1cnc2nc(N3CCC(N4CCCCC4)CC3)sc2c1,0.0,0.0,0.0,0.0,0.0,0.0,0.0,0.0,0.0,0.0,0.0,0.0,0.0,0.0,0.0,7.51,0.0,0.0,0.0,0.0,0.0,0.0,0.0,0.0,0.0,0.0,0.0
CC(=O)c1ccc(-c2ccc(N3CCC4CN(C)CC43)cc2)cc1,0.0,0.0,0.0,0.0,0.0,0.0,8.49,0.0,0.0,0.0,0.0,0.0,0.0,0.0,0.0,0.0,0.0,0.0,0.0,0.0,0.0,0.0,0.0,0.0,0.0,0.0,0.0
CC(=O)c1ccc(-c2nnc(N3CCC(N4CCCCC4)CC3)s2)cc1,0.0,0.0,0.0,0.0,0.0,0.0,0.0,0.0,0.0,0.0,0.0,0.0,0.0,0.0,0.0,7.19,0.0,0.0,0.0,0.0,0.0,0.0,0.0,0.0,0.0,0.0,0.0
CC(=O)c1ccc(OCCCCN2CCN(c3ccccn3)CC2)cc1,0.0,0.0,0.0,0.0,0.0,0.0,0.0,0.0,0.0,0.0,0.0,0.0,5.43,0.0,0.0,5.43,0.0,0.0,0.0,0.0,0.0,0.0,0.0,0.0,0.0,0.0,0.0
CC(=O)c1ccc(OCCCCN2CCN(c3cccnc3)CC2)cc1,0.0,0.0,0.0,0.0,0.0,0.0,0.0,0.0,0.0,0.0,0.0,0.0,6.04,0.0,0.0,6.04,0.0,0.0,0.0,0.0,0.0,0.0,0.0,0.0,0.0,0.0,0.0
CC(=O)c1ccc(OCCCCN2CCN(c3ccncc3)CC2)cc1,0.0,0.0,0.0,0.0,0.0,0.0,0.0,0.0,0.0,0.0,0.0,0.0,0.0,0.0,0.0,6.94,0.0,0.0,0.0,0.0,0.0,0.0,0.0,0.0,0.0,0.0,0.0
CC(=O)c1ccc(OCCCCc2c[nH]cn2)cc1,0.0,0.0,0.0,0.0,0.0,0.0,0.0,0.0,0.0,0.0,0.0,0.0,0.0,0.0,0.0,0.0,7.72,0.0,0.0,0.0,0.0,0.0,0.0,0.0,0.0,0.0,0.0
CC(=O)c1ccc(OCCCN2CCN(C3CCCO3)CC2)cc1,0.0,0.0,0.0,0.0,0.0,0.0,0.0,0.0,0.0,0.0,0.0,0.0,0.0,0.0,0.0,5.31,0.0,0.0,0.0,0.0,0.0,0.0,0.0,0.0,0.0,0.0,0.0
CC(=O)c1ccc(OCCCN2CCN(c3ccccn3)CC2)cc1,0.0,0.0,0.0,0.0,0.0,0.0,0.0,0.0,0.0,0.0,0.0,0.0,6.5,0.0,0.0,6.5,0.0,0.0,0.0,0.0,0.0,0.0,0.0,0.0,0.0,0.0,0.0
CC(=O)c1ccc(OCCCN2CCN(c3cccnc3)CC2)cc1,0.0,0.0,0.0,0.0,0.0,0.0,0.0,0.0,0.0,0.0,0.0,0.0,0.0,0.0,0.0,6.3,0.0,0.0,0.0,0.0,0.0,0.0,0.0,0.0,0.0,0.0,0.0
CC(=O)c1ccc(OCCCN2CCN(c3ccncc3)CC2)cc1,0.0,0.0,0.0,0.0,0.0,0.0,0.0,0.0,0.0,0.0,0.0,0.0,7.99,0.0,0.0,7.99,0.0,0.0,0.0,0.0,0.0,0.0,0.0,0.0,0.0,0.0,0.0
CC(=O)c1ccc(OCCCN2CCN(c3cnccn3)CC2)cc1,0.0,0.0,0.0,0.0,0.0,0.0,0.0,0.0,0.0,0.0,0.0,0.0,0.0,0.0,0.0,5.61,0.0,0.0,0.0,0.0,0.0,0.0,0.0,0.0,0.0,0.0,0.0
CC(=O)c1ccc(OCCCN2CCN(c3ncccn3)CC2)cc1,0.0,0.0,0.0,0.0,0.0,0.0,0.0,0.0,0.0,0.0,0.0,0.0,5.63,0.0,0.0,5.63,0.0,0.0,0.0,0.0,0.0,0.0,0.0,0.0,0.0,0.0,0.0
CC(=O)c1ccc(OCCCc2c[nH]cn2)cc1,0.0,0.0,0.0,0.0,0.0,0.0,0.0,0.0,0.0,0.0,0.0,0.0,0.0,0.0,0.0,0.0,7.06,0.0,0.0,0.0,0.0,0.0,0.0,0.0,0.0,0.0,0.0
CC(=O)c1ccc(OCCc2c[nH]cn2)cc1,0.0,0.0,0.0,0.0,0.0,0.0,0.0,0.0,0.0,0.0,0.0,0.0,0.0,0.0,0.0,0.0,7.38,0.0,0.0,0.0,0.0,0.0,0.0,0.0,0.0,0.0,0.0
CC(=O)c1ccc(OCc2ccc(CN3CCCC(C)C3)cc2)cc1,0.0,0.0,0.0,0.0,0.0,0.0,0.0,0.0,0.0,0.0,0.0,0.0,7.66,0.0,0.0,0.0,0.0,0.0,0.0,0.0,0.0,0.0,0.0,0.0,0.0,0.0,0.0
CC(=O)c1ccc(Oc2ccc3c(c2)CCN(C2CCC2)CC3)cn1,0.0,0.0,0.0,0.0,0.0,0.0,0.0,0.0,0.0,0.0,10.0,0.0,0.0,0.0,0.0,0.0,0.0,0.0,0.0,0.0,0.0,0.0,0.0,0.0,0.0,0.0,0.0
CC(=O)c1ccc(SCCCc2c[nH]cn2)cc1,0.0,0.0,0.0,0.0,0.0,0.0,0.0,0.0,0.0,0.0,0.0,0.0,0.0,0.0,0.0,0.0,7.75,0.0,0.0,0.0,0.0,0.0,0.0,0.0,0.0,0.0,0.0
CC(=O)c1ccc(SCCc2c[nH]cn2)cc1,0.0,0.0,0.0,0.0,0.0,0.0,0.0,0.0,0.0,0.0,0.0,0.0,0.0,0.0,0.0,0.0,8.96,0.0,0.0,0.0,0.0,0.0,0.0,0.0,0.0,0.0,0.0
CC(=O)c1cccc(-c2cc3sc(N4CCC(N5CCCCC5)CC4)nc3cn2)c1,0.0,0.0,0.0,0.0,0.0,0.0,0.0,0.0,0.0,0.0,0.0,0.0,0.0,0.0,0.0,7.1,0.0,0.0,0.0,0.0,0.0,0.0,0.0,0.0,0.0,0.0,0.0
CC(=O)c1cccc(-c2ccc(N3CCC4CN(C)CC43)cc2)c1,0.0,0.0,0.0,0.0,0.0,0.0,8.23,0.0,0.0,0.0,0.0,0.0,0.0,0.0,0.0,0.0,0.0,0.0,0.0,0.0,0.0,0.0,0.0,0.0,0.0,0.0,0.0
CC(=O)c1cccc(-c2ccc3c(c2)CCC24CN(C)CC2CCC34)c1,0.0,0.0,0.0,0.0,0.0,0.0,7.81,0.0,0.0,0.0,0.0,0.0,0.0,0.0,0.0,0.0,0.0,0.0,0.0,0.0,0.0,0.0,0.0,0.0,0.0,0.0,0.0
CC(=O)c1cccc(-c2ccc3oc(CCN4CCCC4C)cc3c2)c1,0.0,0.0,0.0,0.0,0.0,0.0,10.1,0.0,0.0,0.0,0.0,0.0,0.0,0.0,0.0,0.0,0.0,0.0,0.0,0.0,0.0,0.0,0.0,0.0,0.0,0.0,0.0
CC(=O)c1cccc(-c2cnc3nc(N4CCC(N5CCCCC5)CC4)sc3c2)c1,0.0,0.0,0.0,0.0,0.0,0.0,0.0,0.0,0.0,0.0,0.0,0.0,0.0,0.0,0.0,7.48,0.0,0.0,0.0,0.0,0.0,0.0,0.0,0.0,0.0,0.0,0.0
CC(=O)c1cccc(-c2nnc(N3CCC(N4CCCCC4)CC3)s2)c1,0.0,0.0,0.0,0.0,0.0,0.0,0.0,0.0,0.0,0.0,0.0,0.0,0.0,0.0,0.0,8.4,0.0,0.0,0.0,0.0,0.0,0.0,0.0,0.0,0.0,0.0,0.0
CC(=O)c1ccccc1-c1nnc(N2CCC(N3CCCCC3)CC2)s1,0.0,0.0,0.0,0.0,0.0,0.0,0.0,0.0,0.0,0.0,0.0,0.0,0.0,0.0,0.0,8.08,0.0,0.0,0.0,0.0,0.0,0.0,0.0,0.0,0.0,0.0,0.0
CC(=O)c1nc(OCCCN2CCCCC2)sc1C,0.0,0.0,0.0,0.0,0.0,0.0,0.0,0.0,0.0,0.0,0.0,0.0,6.81,0.0,0.0,0.0,0.0,0.0,0.0,0.0,0.0,0.0,0.0,0.0,0.0,0.0,0.0
CC(=O)n1c(C(=O)N2CCC(F)(F)CC2)cc2cc(OC3CCN(C(C)C)CC3)ccc21,0.0,0.0,0.0,0.0,7.89,0.0,0.0,0.0,0.0,0.0,0.0,0.0,0.0,0.0,0.0,0.0,0.0,0.0,0.0,0.0,0.0,0.0,0.0,0.0,0.0,0.0,0.0
CC(C)(C)C#Cc1ccc(Cc2c[nH]cn2)cc1,0.0,0.0,0.0,0.0,6.27,0.0,0.0,0.0,0.0,0.0,0.0,0.0,0.0,0.0,0.0,0.0,0.0,0.0,0.0,0.0,0.0,0.0,0.0,0.0,0.0,0.0,0.0
CC(C)(C)C#Cc1cccc(Cc2c[nH]cn2)c1,0.0,0.0,0.0,0.0,8.35,0.0,0.0,0.0,0.0,0.0,0.0,0.0,0.0,0.0,0.0,0.0,0.0,0.0,0.0,0.0,0.0,0.0,0.0,0.0,0.0,0.0,0.0
CC(C)(C)C(=O)N1CCN(c2ccc(OCCCN3CCCCC3)cc2)C(=O)C1,0.0,0.0,0.0,0.0,0.0,8.5,0.0,0.0,0.0,0.0,0.0,0.0,0.0,0.0,0.0,0.0,0.0,0.0,0.0,0.0,0.0,0.0,0.0,0.0,0.0,0.0,0.0
CC(C)(C)CC(=O)c1cccc(Cc2c[nH]cn2)c1,0.0,0.0,0.0,0.0,7.49,0.0,0.0,0.0,0.0,0.0,0.0,0.0,0.0,0.0,0.0,0.0,0.0,0.0,0.0,0.0,0.0,0.0,0.0,0.0,0.0,0.0,0.0
CC(C)(C)CCC#CC1CC1c1c[nH]cn1,0.0,0.0,0.0,0.0,8.4,0.0,8.67,0.0,0.0,0.0,0.0,0.0,0.0,0.0,0.0,0.0,0.0,0.0,0.0,0.0,0.0,0.0,0.0,0.0,0.0,0.0,0.0
CC(C)(C)CNc1nccc(N2CCC(N)C2)n1,0.0,0.0,0.0,0.0,0.0,0.0,0.0,0.0,0.0,0.0,0.0,0.0,0.0,7.86,0.0,0.0,0.0,0.0,0.0,0.0,0.0,0.0,0.0,0.0,0.0,0.0,0.0
CC(C)(C)CNc1nccc(N2CCC(NC(=N)N)C2)n1,0.0,0.0,0.0,0.0,0.0,0.0,0.0,0.0,0.0,0.0,0.0,0.0,0.0,5.95,0.0,0.0,0.0,0.0,0.0,0.0,0.0,0.0,0.0,0.0,0.0,0.0,0.0
CC(C)(C)CNc1nccc(N2CCN(C(=N)N)CC2)n1,0.0,0.0,0.0,0.0,0.0,0.0,0.0,0.0,0.0,0.0,0.0,0.0,0.0,5.22,0.0,0.0,0.0,0.0,0.0,0.0,0.0,0.0,0.0,0.0,0.0,0.0,0.0
CC(C)(C)CNc1nccc(N2CCc3nc[nH]c3C2)n1,0.0,0.0,0.0,0.0,0.0,0.0,0.0,0.0,0.0,0.0,0.0,0.0,0.0,8.48,0.0,0.0,0.0,0.0,0.0,0.0,0.0,0.0,0.0,0.0,0.0,0.0,9.27
CC(C)(C)CNc1nccc(NC2CCNC2)n1,0.0,0.0,0.0,0.0,0.0,0.0,0.0,0.0,0.0,0.0,0.0,0.0,0.0,6.69,0.0,0.0,0.0,0.0,0.0,0.0,0.0,0.0,0.0,0.0,0.0,0.0,0.0
CC(C)(C)CNc1nccc(NC2CCNCC2)n1,0.0,0.0,0.0,0.0,0.0,0.0,0.0,0.0,0.0,0.0,0.0,0.0,0.0,5.46,0.0,0.0,0.0,0.0,0.0,0.0,0.0,0.0,0.0,0.0,0.0,0.0,0.0
CC(C)(C)CNc1nccc(NCCCN)n1,0.0,0.0,0.0,0.0,0.0,0.0,0.0,0.0,0.0,0.0,0.0,0.0,0.0,5.25,0.0,0.0,0.0,0.0,0.0,0.0,0.0,0.0,0.0,0.0,0.0,0.0,0.0
CC(C)(C)CNc1nccc(NCCN)n1,0.0,0.0,0.0,0.0,0.0,0.0,0.0,0.0,0.0,0.0,0.0,0.0,0.0,6.16,0.0,0.0,0.0,0.0,0.0,0.0,0.0,0.0,0.0,0.0,0.0,0.0,0.0
CC(C)(C)N1CCC(Oc2ccc3[nH]c(C(=O)N4CCOCC4)cc3c2)CC1,0.0,0.0,0.0,0.0,8.4,0.0,0.0,0.0,0.0,0.0,0.0,0.0,0.0,0.0,0.0,0.0,0.0,0.0,0.0,0.0,0.0,0.0,0.0,0.0,0.0,0.0,0.0
CC(C)(C)NC(=NC1CCCC1)SCCCc1c[nH]cn1,0.0,0.0,0.0,0.0,0.0,0.0,0.0,0.0,0.0,0.0,0.0,0.0,0.0,0.0,0.0,7.17,0.0,0.0,0.0,0.0,0.0,0.0,0.0,0.0,0.0,0.0,0.0
CC(C)(C)NCCCCCc1c[nH]cn1,0.0,7.4,0.0,0.0,0.0,0.0,0.0,0.0,0.0,0.0,0.0,0.0,0.0,0.0,0.0,0.0,0.0,0.0,0.0,0.0,0.0,0.0,0.0,0.0,0.0,0.0,0.0
CC(C)(C)NCCCCc1c[nH]cn1,0.0,6.2,0.0,0.0,0.0,0.0,0.0,0.0,0.0,0.0,0.0,0.0,0.0,0.0,0.0,0.0,0.0,0.0,0.0,0.0,0.0,0.0,0.0,0.0,0.0,0.0,0.0
CC(C)(C)OC(=O)N1CCC(Oc2ccc3c(c2)CCC2(CCN(C4CCC4)CC2)O3)CC1,0.0,0.0,0.0,0.0,7.33,0.0,0.0,0.0,0.0,0.0,0.0,0.0,0.0,0.0,0.0,0.0,0.0,0.0,0.0,0.0,0.0,0.0,0.0,0.0,0.0,0.0,0.0
CC(C)(C)OC(=O)NCCCCCCn1cc(CCCCN2CCC(c3ccc(-c4cc(C(=O)O)cc5cc(-c6ccc(C(F)(F)F)cc6)ccc45)cc3)CC2)nn1,0.0,0.0,0.0,0.0,0.0,0.0,0.0,0.0,0.0,0.0,0.0,0.0,0.0,0.0,0.0,0.0,0.0,0.0,0.0,0.0,0.0,5.56,0.0,0.0,0.0,0.0,0.0
CC(C)(C)OC(=O)n1ccc(=O)n(Cc2ccc(OCCCN3CCCCC3)cc2)c1=O,0.0,0.0,0.0,0.0,0.0,0.0,0.0,0.0,0.0,0.0,0.0,0.0,0.0,0.0,0.0,7.3,0.0,0.0,0.0,0.0,0.0,0.0,0.0,0.0,0.0,0.0,0.0
CC(C)(C)c1ccc(N2CCC(Cc3c[nH]cn3)CC2)cc1,0.0,0.0,0.0,0.0,7.85,0.0,0.0,0.0,0.0,0.0,0.0,0.0,0.0,0.0,0.0,0.0,0.0,0.0,0.0,0.0,0.0,0.0,0.0,0.0,0.0,0.0,0.0
CC(C)(C)c1ccc(NCCc2c[nH]cn2)cc1,0.0,0.0,0.0,0.0,9.05,0.0,0.0,0.0,0.0,0.0,0.0,0.0,0.0,0.0,0.0,0.0,0.0,0.0,0.0,0.0,0.0,0.0,0.0,0.0,0.0,0.0,0.0
CC(C)(C)c1ccc(OCCCCCCN2CCCCCC2)cc1,0.0,0.0,0.0,0.0,0.0,0.0,0.0,0.0,0.0,0.0,0.0,0.0,6.08,0.0,0.0,0.0,0.0,0.0,0.0,0.0,0.0,0.0,0.0,0.0,0.0,0.0,0.0
CC(C)(C)c1ccc(OCCCCN2CCN(c3ccccn3)CC2)cc1,0.0,0.0,0.0,0.0,0.0,0.0,0.0,0.0,0.0,0.0,0.0,0.0,5.53,0.0,0.0,5.53,0.0,0.0,0.0,0.0,0.0,0.0,0.0,0.0,0.0,0.0,0.0
CC(C)(C)c1ccc(OCCCCN2CCN(c3cccnc3)CC2)cc1,0.0,0.0,0.0,0.0,0.0,0.0,0.0,0.0,0.0,0.0,0.0,0.0,5.47,0.0,0.0,5.47,0.0,0.0,0.0,0.0,0.0,0.0,0.0,0.0,0.0,0.0,0.0
CC(C)(C)c1ccc(OCCCCN2CCN(c3ccncc3)CC2)cc1,0.0,0.0,0.0,0.0,0.0,0.0,0.0,0.0,0.0,0.0,0.0,0.0,7.42,0.0,0.0,7.42,0.0,0.0,0.0,0.0,0.0,0.0,0.0,0.0,0.0,0.0,0.0
CC(C)(C)c1ccc(OCCCCN2CCN(c3cnccn3)CC2)cc1,0.0,0.0,0.0,0.0,0.0,0.0,0.0,0.0,0.0,0.0,0.0,0.0,5.26,0.0,0.0,5.26,0.0,0.0,0.0,0.0,0.0,0.0,0.0,0.0,0.0,0.0,0.0
CC(C)(C)c1ccc(OCCCCN2CCN(c3ncccn3)CC2)cc1,0.0,0.0,0.0,0.0,0.0,0.0,0.0,0.0,0.0,0.0,0.0,0.0,6.05,0.0,0.0,6.05,0.0,0.0,0.0,0.0,0.0,0.0,0.0,0.0,0.0,0.0,0.0
CC(C)(C)c1ccc(OCCCN2CCC(N3CCCCC3)CC2)cc1,0.0,0.0,0.0,0.0,0.0,0.0,0.0,0.0,0.0,0.0,0.0,0.0,0.0,0.0,0.0,0.0,7.0,0.0,0.0,0.0,0.0,0.0,0.0,0.0,0.0,0.0,0.0
CC(C)(C)c1ccc(OCCCN2CCN(c3cccnc3)CC2)cc1,0.0,0.0,0.0,0.0,0.0,0.0,0.0,0.0,0.0,0.0,0.0,0.0,0.0,0.0,0.0,5.09,0.0,0.0,0.0,0.0,0.0,0.0,0.0,0.0,0.0,0.0,0.0
CC(C)(C)c1ccc(OCCCN2CCN(c3ccncc3)CC2)cc1,0.0,0.0,0.0,0.0,0.0,0.0,0.0,0.0,0.0,0.0,0.0,0.0,0.0,0.0,0.0,7.8,0.0,0.0,0.0,0.0,0.0,0.0,0.0,0.0,0.0,0.0,0.0
CC(C)(C)c1ccc(OCCCN2CCN(c3cnccn3)CC2)cc1,0.0,0.0,0.0,0.0,0.0,0.0,0.0,0.0,0.0,0.0,0.0,0.0,0.0,0.0,0.0,5.06,0.0,0.0,0.0,0.0,0.0,0.0,0.0,0.0,0.0,0.0,0.0
CC(C)(C)c1ccc(OCCCN2CCN(c3ncccn3)CC2)cc1,0.0,0.0,0.0,0.0,0.0,0.0,0.0,0.0,0.0,0.0,0.0,0.0,5.42,0.0,0.0,5.42,0.0,0.0,0.0,0.0,0.0,0.0,0.0,0.0,0.0,0.0,0.0
CC(C)(C)c1ccc(SCC(c2c[nH]cn2)C2CCNCC2)cc1,0.0,0.0,0.0,0.0,6.28,0.0,0.0,0.0,0.0,0.0,0.0,0.0,0.0,0.0,0.0,0.0,0.0,0.0,0.0,0.0,0.0,0.0,0.0,0.0,0.0,0.0,0.0
CC(C)(C)c1ccc(SCC(c2ccccn2)c2c[nH]cn2)cc1,0.0,0.0,0.0,0.0,7.8,0.0,0.0,0.0,0.0,0.0,0.0,0.0,0.0,0.0,0.0,0.0,0.0,0.0,0.0,0.0,0.0,0.0,0.0,0.0,0.0,0.0,0.0
CC(C)(C)c1ccc(SCC(c2cccnc2)c2c[nH]cn2)cc1,0.0,0.0,0.0,0.0,7.19,0.0,0.0,0.0,0.0,0.0,0.0,0.0,0.0,0.0,0.0,0.0,0.0,0.0,0.0,0.0,0.0,0.0,0.0,0.0,0.0,0.0,0.0
CC(C)(C)c1ccc(SCC(c2ccncc2)c2c[nH]cn2)cc1,0.0,0.0,0.0,0.0,6.89,0.0,0.0,0.0,0.0,0.0,0.0,0.0,0.0,0.0,0.0,0.0,0.0,0.0,0.0,0.0,0.0,0.0,0.0,0.0,0.0,0.0,0.0
CC(C)(C)c1ccc(SCCc2c[nH]cn2)cc1,0.0,0.0,0.0,0.0,9.77,0.0,0.0,0.0,0.0,0.0,0.0,0.0,0.0,0.0,0.0,0.0,0.0,0.0,0.0,0.0,0.0,0.0,0.0,0.0,0.0,0.0,0.0
CC(C)(C)c1ccc2c(N3CCNCC3)nc(N)nc2c1,0.0,0.0,0.0,0.0,0.0,0.0,0.0,0.0,0.0,0.0,0.0,0.0,0.0,0.0,0.0,6.07,0.0,0.0,0.0,0.0,0.0,0.0,0.0,0.0,0.0,0.0,0.0
CC(C)(C)c1cccc(NCCc2c[nH]cn2)c1,0.0,0.0,0.0,0.0,8.66,0.0,0.0,0.0,0.0,0.0,0.0,0.0,0.0,0.0,0.0,0.0,0.0,0.0,0.0,0.0,0.0,0.0,0.0,0.0,0.0,0.0,0.0
CC(C)(C)c1cn(CCCc2c[nH]cn2)nn1,0.0,0.0,0.0,0.0,0.0,0.0,0.0,0.0,0.0,0.0,0.0,0.0,0.0,0.0,0.0,6.72,0.0,0.0,0.0,0.0,0.0,0.0,0.0,0.0,0.0,0.0,0.0
CC(C)(O)CCc1ccc(OCCCN2CCCCC2)cc1,0.0,0.0,0.0,0.0,0.0,0.0,0.0,0.0,0.0,0.0,0.0,0.0,0.0,0.0,0.0,8.4,0.0,0.0,0.0,0.0,0.0,0.0,0.0,0.0,0.0,0.0,0.0
CC(C)(O)COc1ccc2c(c1)CCC1(CCN(C3CCC3)CC1)O2,0.0,0.0,0.0,0.0,0.0,0.0,0.0,0.0,0.0,0.0,0.0,0.0,7.75,0.0,0.0,0.0,0.0,0.0,0.0,0.0,0.0,0.0,0.0,0.0,0.0,0.0,0.0
CC(C)(O)c1ccc(OCCCN2CCCCC2)cc1,0.0,0.0,0.0,0.0,0.0,0.0,0.0,0.0,0.0,0.0,0.0,0.0,0.0,0.0,0.0,8.17,0.0,0.0,0.0,0.0,0.0,0.0,0.0,0.0,0.0,0.0,0.0
CC(C)=CCCC(C)=CCNC(=O)OCCCc1c[nH]cn1,0.0,0.0,0.0,0.0,0.0,0.0,0.0,0.0,0.0,0.0,0.0,0.0,0.0,0.0,0.0,0.0,7.7,0.0,0.0,0.0,0.0,0.0,0.0,0.0,0.0,0.0,0.0
CC(C)C(=O)N1CCC(Oc2ccc3c(c2)CCC2(CCN(C4CCC4)CC2)O3)CC1,0.0,0.0,0.0,0.0,8.7,0.0,0.0,0.0,0.0,0.0,0.0,0.0,0.0,0.0,0.0,0.0,0.0,0.0,0.0,0.0,0.0,0.0,0.0,0.0,0.0,0.0,0.0
CC(C)C(O)c1cccc(-c2cnc3nc(N4CCC(N5CCCCC5)CC4)oc3c2)c1,0.0,0.0,0.0,0.0,0.0,0.0,0.0,0.0,0.0,0.0,0.0,0.0,0.0,0.0,0.0,6.42,0.0,0.0,0.0,0.0,0.0,0.0,0.0,0.0,0.0,0.0,0.0
CC(C)C1CCCN1CCc1ccc2cc(-c3ccc(C#N)cc3)ccc2c1,0.0,0.0,0.0,0.0,0.0,0.0,7.56,0.0,0.0,0.0,0.0,0.0,0.0,0.0,0.0,0.0,0.0,0.0,0.0,0.0,0.0,0.0,0.0,0.0,0.0,0.0,0.0
CC(C)C1NC(=O)C(Cc2ccc(OCCCN3CCCCC3)cc2)NC1=O,0.0,0.0,0.0,0.0,0.0,0.0,0.0,0.0,0.0,0.0,0.0,0.0,0.0,0.0,0.0,6.66,0.0,0.0,0.0,0.0,0.0,0.0,0.0,0.0,0.0,0.0,0.0
CC(C)CC1CCCN1CCc1ccc2cc(-c3ccc(C#N)cc3)ccc2c1,0.0,0.0,0.0,0.0,0.0,0.0,6.56,0.0,0.0,0.0,0.0,0.0,0.0,0.0,0.0,0.0,0.0,0.0,0.0,0.0,0.0,0.0,0.0,0.0,0.0,0.0,0.0
CC(C)CCC(C)NC(=O)OCCCc1c[nH]cn1,0.0,0.0,0.0,0.0,0.0,0.0,0.0,0.0,0.0,0.0,0.0,0.0,0.0,0.0,0.0,0.0,7.52,0.0,0.0,0.0,0.0,0.0,0.0,0.0,0.0,0.0,0.0
CC(C)CCCC(C)NC(=O)OCCCc1c[nH]cn1,0.0,0.0,0.0,0.0,0.0,0.0,0.0,0.0,0.0,0.0,0.0,0.0,0.0,0.0,0.0,0.0,7.12,0.0,0.0,0.0,0.0,0.0,0.0,0.0,0.0,0.0,0.0
CC(C)CCCNC(=O)OCCCc1c[nH]cn1,0.0,0.0,0.0,0.0,0.0,0.0,0.0,0.0,0.0,0.0,0.0,0.0,0.0,0.0,0.0,0.0,7.89,0.0,0.0,0.0,0.0,0.0,0.0,0.0,0.0,0.0,0.0
CC(C)CN1CC2CCN(c3ccc(-c4ccc(C#N)cc4)cc3)C2C1,0.0,0.0,0.0,0.0,0.0,0.0,6.64,0.0,0.0,0.0,0.0,0.0,0.0,0.0,0.0,0.0,0.0,0.0,0.0,0.0,0.0,0.0,0.0,0.0,0.0,0.0,0.0
CC(C)CN1CCC(NC(=O)c2ccc(OC3CCN(C(C)C)CC3)cc2)C1,0.0,0.0,0.0,0.0,0.0,0.0,0.0,0.0,0.0,0.0,0.0,0.0,9.0,0.0,0.0,0.0,0.0,0.0,0.0,0.0,0.0,0.0,0.0,0.0,0.0,0.0,0.0
CC(C)CN1CCC(Oc2ccc(C#N)cc2)CC1,0.0,0.0,0.0,0.0,0.0,0.0,0.0,0.0,0.0,0.0,0.0,0.0,7.18,0.0,0.0,0.0,0.0,0.0,0.0,0.0,0.0,0.0,0.0,0.0,0.0,0.0,0.0
CC(C)CN1CCC(Oc2ccc3cc(C(=O)N4CCC(C)CC4)ccc3c2)CC1,0.0,0.0,0.0,0.0,7.44,0.0,0.0,0.0,0.0,0.0,0.0,0.0,0.0,0.0,0.0,0.0,0.0,0.0,0.0,0.0,0.0,0.0,0.0,0.0,0.0,0.0,0.0
CC(C)CN1CCc2ccc(OCc3ccccc3)cc2CC1,0.0,0.0,0.0,0.0,0.0,0.0,0.0,0.0,0.0,0.0,7.6,0.0,0.0,0.0,0.0,0.0,0.0,0.0,0.0,0.0,0.0,0.0,0.0,0.0,0.0,0.0,0.0
CC(C)CNC(=O)C1CC(F)(c2ccc(CN3CCCC3)c(F)c2)C1,0.0,0.0,0.0,0.0,0.0,0.0,0.0,0.0,0.0,0.0,0.0,0.0,0.0,0.0,0.0,0.0,0.0,0.0,0.0,8.85,0.0,0.0,0.0,8.98,0.0,0.0,0.0
CC(C)CNC1CN(c2ccnc(N)n2)C1,0.0,0.0,0.0,0.0,0.0,0.0,0.0,0.0,0.0,0.0,0.0,0.0,0.0,0.0,0.0,0.0,0.0,0.0,0.0,0.0,0.0,7.4,0.0,0.0,0.0,0.0,0.0
CC(C)CNCCCCCc1c[nH]cn1,0.0,8.8,0.0,0.0,0.0,0.0,0.0,0.0,0.0,0.0,0.0,0.0,0.0,0.0,0.0,0.0,0.0,0.0,0.0,0.0,0.0,0.0,0.0,0.0,0.0,0.0,0.0
CC(C)CNCCCCc1c[nH]cn1,0.0,8.5,0.0,0.0,0.0,0.0,0.0,0.0,0.0,0.0,0.0,0.0,0.0,0.0,0.0,0.0,0.0,0.0,0.0,0.0,0.0,0.0,0.0,0.0,0.0,0.0,0.0
CC(C)COC(=O)N1CCN(CC(=O)c2ccc(OCCCN3CCCC3C)cc2)CC1,0.0,0.0,0.0,0.0,8.34,0.0,0.0,0.0,0.0,0.0,0.0,0.0,0.0,0.0,0.0,0.0,0.0,0.0,0.0,0.0,0.0,0.0,0.0,0.0,0.0,0.0,0.0
CC(C)N1C2CCC(Oc3ccc4nc(C(=O)N5CCOCC5)ccc4c3)CC1C2,0.0,0.0,0.0,0.0,7.52,0.0,0.0,0.0,0.0,0.0,0.0,0.0,0.0,0.0,0.0,0.0,0.0,0.0,0.0,0.0,0.0,0.0,0.0,0.0,0.0,0.0,0.0
CC(C)N1CC(Oc2ccc(F)cc2)CC1C(=O)N1CCCN(C2CCC2)CC1,0.0,0.0,0.0,0.0,0.0,0.0,0.0,0.0,0.0,0.0,0.0,0.0,7.92,0.0,0.0,0.0,0.0,0.0,0.0,0.0,0.0,0.0,0.0,0.0,0.0,0.0,0.0
CC(C)N1CC2CCN(c3ccc(-c4ccc(C#N)cc4)cc3)C2C1,0.0,0.0,0.0,0.0,0.0,0.0,7.37,0.0,0.0,0.0,0.0,0.0,0.0,0.0,0.0,0.0,0.0,0.0,0.0,0.0,0.0,0.0,0.0,0.0,0.0,0.0,0.0
CC(C)N1CCC(=Cc2c[nH]cn2)CC1,0.0,7.2,0.0,0.0,0.0,0.0,0.0,0.0,0.0,0.0,0.0,0.0,0.0,0.0,0.0,0.0,0.0,0.0,0.0,0.0,0.0,0.0,0.0,0.0,0.0,0.0,0.0
CC(C)N1CCC(CCOc2ncc(C(=O)c3ccc(Cl)cc3)n2C)CC1,0.0,0.0,0.0,0.0,0.0,0.0,0.0,0.0,0.0,0.0,0.0,0.0,7.16,0.0,0.0,0.0,0.0,0.0,0.0,0.0,0.0,0.0,0.0,0.0,0.0,0.0,0.0
CC(C)N1CCC(CCc2c[nH]cn2)CC1,0.0,7.0,0.0,0.0,0.0,0.0,0.0,0.0,0.0,0.0,0.0,0.0,0.0,0.0,0.0,0.0,0.0,0.0,0.0,0.0,0.0,0.0,0.0,0.0,0.0,0.0,0.0
CC(C)N1CCC(COc2cc3c(cn2)C(c2ccc(Cl)c(Cl)c2)CN(C)C3)CC1,0.0,7.89,0.0,0.0,0.0,0.0,0.0,0.0,0.0,0.0,0.0,0.0,0.0,0.0,0.0,0.0,0.0,0.0,0.0,0.0,0.0,0.0,0.0,0.0,0.0,0.0,0.0
CC(C)N1CCC(COc2cc3c(cn2)C(c2ccc(Cl)c(Cl)c2)CNC3)CC1,0.0,7.89,0.0,0.0,0.0,0.0,0.0,0.0,0.0,0.0,0.0,0.0,0.0,0.0,0.0,0.0,0.0,0.0,0.0,0.0,0.0,0.0,0.0,0.0,0.0,0.0,0.0
CC(C)N1CCC(COc2ncc(C(=O)c3cc(Cl)cc(Cl)c3)n2C)CC1,0.0,0.0,0.0,0.0,0.0,0.0,0.0,0.0,0.0,0.0,0.0,0.0,8.4,0.0,0.0,0.0,0.0,0.0,0.0,0.0,0.0,0.0,0.0,0.0,0.0,0.0,0.0
CC(C)N1CCC(COc2ncc(C(=O)c3ccc(Br)cc3)n2C)CC1,0.0,0.0,0.0,0.0,0.0,0.0,0.0,0.0,0.0,0.0,0.0,0.0,8.52,0.0,0.0,0.0,0.0,0.0,0.0,0.0,0.0,0.0,0.0,0.0,0.0,0.0,0.0
CC(C)N1CCC(COc2ncc(C(=O)c3ccc(C(F)(F)F)cc3)n2C)CC1,0.0,0.0,0.0,0.0,0.0,0.0,0.0,0.0,0.0,0.0,0.0,0.0,8.4,0.0,0.0,0.0,0.0,0.0,0.0,0.0,0.0,0.0,0.0,0.0,0.0,0.0,0.0
CC(C)N1CCC(COc2ncc(C(=O)c3ccc(Cl)cc3)n2C)CC1,0.0,0.0,0.0,0.0,0.0,0.0,0.0,0.0,0.0,0.0,0.0,0.0,8.52,0.0,0.0,0.0,0.0,0.0,0.0,0.0,0.0,0.0,0.0,0.0,0.0,0.0,0.0
CC(C)N1CCC(COc2ncc(C(=O)c3ccc(F)cc3)n2C)CC1,0.0,0.0,0.0,0.0,0.0,0.0,0.0,0.0,0.0,0.0,0.0,0.0,8.52,0.0,0.0,0.0,0.0,0.0,0.0,0.0,0.0,0.0,0.0,0.0,0.0,0.0,0.0
CC(C)N1CCC(COc2ncc(C(=O)c3ccc([N+](=O)[O-])cc3)n2C)CC1,0.0,0.0,0.0,0.0,0.0,0.0,0.0,0.0,0.0,0.0,0.0,0.0,8.4,0.0,0.0,0.0,0.0,0.0,0.0,0.0,0.0,0.0,0.0,0.0,0.0,0.0,0.0
CC(C)N1CCC(COc2ncc(C(=O)c3cccc(Cl)c3)n2C)CC1,0.0,0.0,0.0,0.0,0.0,0.0,0.0,0.0,0.0,0.0,0.0,0.0,8.3,0.0,0.0,0.0,0.0,0.0,0.0,0.0,0.0,0.0,0.0,0.0,0.0,0.0,0.0
CC(C)N1CCC(COc2ncc(C(=O)c3ccccc3)n2C)CC1,0.0,0.0,0.0,0.0,0.0,0.0,0.0,0.0,0.0,0.0,0.0,0.0,9.0,0.0,0.0,0.0,0.0,0.0,0.0,0.0,0.0,0.0,0.0,0.0,0.0,0.0,0.0
CC(C)N1CCC(COc2ncc(C(=O)c3ccccc3Cl)n2C)CC1,0.0,0.0,0.0,0.0,0.0,0.0,0.0,0.0,0.0,0.0,0.0,0.0,9.0,0.0,0.0,0.0,0.0,0.0,0.0,0.0,0.0,0.0,0.0,0.0,0.0,0.0,0.0
CC(C)N1CCC(Cc2c[nH]cn2)CC1,0.0,7.2,0.0,0.0,0.0,0.0,0.0,0.0,0.0,0.0,0.0,0.0,0.0,0.0,0.0,0.0,0.0,0.0,0.0,0.0,0.0,0.0,0.0,0.0,0.0,0.0,0.0
CC(C)N1CCC(N(C)C(=O)c2ccc(-n3cccn3)cc2)C1,0.0,0.0,0.0,0.0,0.0,0.0,0.0,0.0,0.0,0.0,0.0,0.0,0.0,0.0,0.0,0.0,0.0,0.0,0.0,0.0,0.0,0.0,0.0,0.0,0.0,0.0,8.15
CC(C)N1CCC(N(C)C(=O)c2ccc(Cn3cccn3)cc2)C1,0.0,0.0,0.0,0.0,0.0,0.0,0.0,0.0,0.0,0.0,0.0,0.0,0.0,0.0,0.0,0.0,0.0,0.0,0.0,0.0,0.0,0.0,0.0,0.0,0.0,0.0,6.74
CC(C)N1CCC(N(C)C(=O)c2ccc(Cn3cnc4ccccc43)cc2)C1,0.0,0.0,0.0,0.0,0.0,0.0,0.0,0.0,0.0,0.0,0.0,0.0,0.0,0.0,0.0,0.0,0.0,0.0,0.0,0.0,0.0,0.0,0.0,0.0,0.0,0.0,8.4
CC(C)N1CCC(NC(=O)c2ccc(OC3CCN(C(C)C)CC3)cc2)CC1,0.0,0.0,0.0,0.0,0.0,0.0,0.0,0.0,0.0,0.0,0.0,0.0,8.08,0.0,0.0,0.0,0.0,0.0,0.0,0.0,0.0,0.0,0.0,0.0,0.0,0.0,0.0
CC(C)N1CCC(NC(=O)c2ccc(OC3CCN(C(C)C)CC3)cc2F)CC1,0.0,0.0,0.0,0.0,0.0,0.0,0.0,0.0,0.0,0.0,0.0,0.0,7.94,0.0,0.0,0.0,0.0,0.0,0.0,0.0,0.0,0.0,0.0,0.0,0.0,0.0,0.0
CC(C)N1CCC(NC(=O)c2ccc(OC3CCN(C4CCC4)CC3)cc2)C1,0.0,0.0,0.0,0.0,0.0,0.0,0.0,0.0,0.0,0.0,0.0,0.0,7.57,0.0,0.0,0.0,0.0,0.0,0.0,0.0,0.0,0.0,0.0,0.0,0.0,0.0,0.0
CC(C)N1CCC(NC(=O)c2ccc(OC3CCN(C4CCC4)CC3)cc2)CC1,0.0,0.0,0.0,0.0,0.0,0.0,0.0,0.0,0.0,0.0,0.0,0.0,8.8,0.0,0.0,0.0,0.0,0.0,0.0,0.0,0.0,0.0,0.0,0.0,0.0,0.0,0.0
CC(C)N1CCC(NC(=O)c2ccc(OC3CCN(C4CCC4)CC3)cc2Cl)CC1,0.0,0.0,0.0,0.0,0.0,0.0,0.0,0.0,0.0,0.0,0.0,0.0,8.15,0.0,0.0,0.0,0.0,0.0,0.0,0.0,0.0,0.0,0.0,0.0,0.0,0.0,0.0
CC(C)N1CCC(NC(=O)c2ccc(OC3CCN(C4CCCC4)CC3)cc2)C1,0.0,0.0,0.0,0.0,0.0,0.0,0.0,0.0,0.0,0.0,0.0,0.0,8.07,0.0,0.0,0.0,0.0,0.0,0.0,0.0,0.0,0.0,0.0,0.0,0.0,0.0,0.0
CC(C)N1CCC(NC(=O)c2ccc(OC3CCOCC3)cc2)C1,0.0,0.0,0.0,0.0,0.0,0.0,0.0,0.0,0.0,0.0,0.0,0.0,6.99,0.0,0.0,0.0,0.0,0.0,0.0,0.0,0.0,0.0,0.0,0.0,0.0,0.0,0.0
CC(C)N1CCC(Nc2ccc3[nH]c(C(=O)N4CCOCC4)cc3c2)CC1,0.0,0.0,0.0,0.0,7.19,0.0,0.0,0.0,0.0,0.0,0.0,0.0,0.0,0.0,0.0,0.0,0.0,0.0,0.0,0.0,0.0,0.0,0.0,0.0,0.0,0.0,0.0
CC(C)N1CCC(Oc2cc3[nH]c(C(=O)N4CCOCC4)cc3cc2F)CC1,0.0,0.0,0.0,0.0,6.44,0.0,0.0,0.0,0.0,0.0,0.0,0.0,0.0,0.0,0.0,0.0,0.0,0.0,0.0,0.0,0.0,0.0,0.0,0.0,0.0,0.0,0.0
CC(C)N1CCC(Oc2cc3cc4n(c3cc2Br)C(C)CN(CC2CC2)C4=O)CC1,0.0,0.0,0.0,0.0,0.0,0.0,0.0,0.0,0.0,0.0,0.0,0.0,8.7,0.0,0.0,0.0,0.0,0.0,0.0,0.0,0.0,0.0,0.0,0.0,0.0,0.0,0.0
CC(C)N1CCC(Oc2cc3cc4n(c3cc2Br)C(C)CNC4=O)CC1,0.0,0.0,0.0,0.0,0.0,0.0,0.0,0.0,0.0,0.0,0.0,0.0,8.4,0.0,0.0,0.0,0.0,0.0,0.0,0.0,0.0,0.0,0.0,0.0,0.0,0.0,0.0
CC(C)N1CCC(Oc2ccc(-c3ccc(=O)[nH]n3)cn2)CC1,0.0,0.0,0.0,0.0,7.82,0.0,0.0,0.0,0.0,0.0,0.0,0.0,0.0,0.0,0.0,0.0,0.0,0.0,0.0,0.0,0.0,0.0,0.0,0.0,0.0,0.0,0.0
CC(C)N1CCC(Oc2ccc(-c3ccc(=O)n(C)n3)cc2)CC1,0.0,0.0,0.0,0.0,8.04,0.0,0.0,0.0,0.0,0.0,0.0,0.0,0.0,0.0,0.0,0.0,0.0,0.0,0.0,0.0,0.0,0.0,0.0,0.0,0.0,0.0,0.0
CC(C)N1CCC(Oc2ccc(C#N)cc2)CC1,0.0,0.0,0.0,0.0,0.0,0.0,0.0,0.0,0.0,0.0,0.0,0.0,7.55,0.0,0.0,0.0,0.0,0.0,0.0,0.0,0.0,0.0,0.0,0.0,0.0,0.0,0.0
CC(C)N1CCC(Oc2ccc(C(=O)NC3CCN(C(C)C)C3)cc2)CC1,0.0,0.0,0.0,0.0,0.0,0.0,0.0,0.0,0.0,0.0,0.0,0.0,8.24,0.0,0.0,0.0,0.0,0.0,0.0,0.0,0.0,0.0,0.0,0.0,0.0,0.0,0.0
CC(C)N1CCC(Oc2ccc(C(=O)NC3CCN(C4CCC4)C3)c(Cl)c2)CC1,0.0,0.0,0.0,0.0,0.0,0.0,0.0,0.0,0.0,0.0,0.0,0.0,7.74,0.0,0.0,0.0,0.0,0.0,0.0,0.0,0.0,0.0,0.0,0.0,0.0,0.0,0.0
CC(C)N1CCC(Oc2ccc(C(=O)NC3CCN(C4CCC4)C3)c(F)c2)CC1,0.0,0.0,0.0,0.0,0.0,0.0,0.0,0.0,0.0,0.0,0.0,0.0,8.24,0.0,0.0,0.0,0.0,0.0,0.0,0.0,0.0,0.0,0.0,0.0,0.0,0.0,0.0
CC(C)N1CCC(Oc2ccc(C(=O)NC3CCN(C4CCC4)C3)cc2)CC1,0.0,0.0,0.0,0.0,0.0,0.0,0.0,0.0,0.0,0.0,0.0,0.0,8.6,0.0,0.0,0.0,0.0,0.0,0.0,0.0,0.0,0.0,0.0,0.0,0.0,0.0,0.0
CC(C)N1CCC(Oc2ccc(C(=O)NC3CCN(C4CCC4)C3)cc2F)CC1,0.0,0.0,0.0,0.0,0.0,0.0,0.0,0.0,0.0,0.0,0.0,0.0,8.14,0.0,0.0,0.0,0.0,0.0,0.0,0.0,0.0,0.0,0.0,0.0,0.0,0.0,0.0
CC(C)N1CCC(Oc2ccc(C(=O)NC3CCN(C4CCC4)CC3)c(F)c2)CC1,0.0,0.0,0.0,0.0,0.0,0.0,0.0,0.0,0.0,0.0,0.0,0.0,7.98,0.0,0.0,0.0,0.0,0.0,0.0,0.0,0.0,0.0,0.0,0.0,0.0,0.0,0.0
CC(C)N1CCC(Oc2ccc(C(=O)NCCN3CCCC3)cc2)CC1,0.0,0.0,0.0,0.0,0.0,0.0,0.0,0.0,0.0,0.0,0.0,0.0,0.0,0.0,0.0,0.0,7.98,0.0,0.0,0.0,0.0,0.0,0.0,0.0,0.0,0.0,0.0
CC(C)N1CCC(Oc2ccc(C(=O)NCCN3CCCCC3)cc2)CC1,0.0,0.0,0.0,0.0,0.0,0.0,0.0,0.0,0.0,0.0,0.0,0.0,0.0,0.0,0.0,0.0,8.02,0.0,0.0,0.0,0.0,0.0,0.0,0.0,0.0,0.0,0.0
CC(C)N1CCC(Oc2ccc(C(CCN(C)C)Oc3ccccc3)cc2)CC1,0.0,0.0,0.0,0.0,0.0,0.0,0.0,0.0,0.0,0.0,0.0,0.0,9.1,0.0,0.0,0.0,0.0,0.0,0.0,0.0,0.0,0.0,0.0,0.0,0.0,0.0,0.0
CC(C)N1CCC(Oc2ccc(C3(C(N)=O)CCOCC3)cc2)CC1,0.0,0.0,0.0,0.0,0.0,0.0,0.0,0.0,0.0,0.0,0.0,0.0,0.0,0.0,0.0,8.02,0.0,0.0,0.0,0.0,0.0,0.0,0.0,9.08,0.0,0.0,0.0
CC(C)N1CCC(Oc2ccc(C3=NN(C)C(=O)C4CC34)cc2)CC1,0.0,0.0,0.0,0.0,8.4,0.0,0.0,0.0,0.0,0.0,0.0,0.0,0.0,0.0,0.0,0.0,0.0,0.0,0.0,0.0,0.0,0.0,0.0,0.0,0.0,0.0,0.0
CC(C)N1CCC(Oc2ccc(C3=NNC(=O)C4CC34)cc2)CC1,0.0,0.0,0.0,0.0,8.04,0.0,0.0,0.0,0.0,0.0,0.0,0.0,0.0,0.0,0.0,0.0,0.0,0.0,0.0,0.0,0.0,0.0,0.0,0.0,0.0,0.0,0.0
CC(C)N1CCC(Oc2ccc(CN(C)C)cc2)CC1,0.0,0.0,0.0,0.0,0.0,0.0,0.0,0.0,0.0,0.0,0.0,0.0,8.52,0.0,0.0,0.0,0.0,0.0,0.0,0.0,0.0,0.0,0.0,0.0,0.0,0.0,0.0
CC(C)N1CCC(Oc2ccc(CN(C)CCN(C)C)cc2)CC1,0.0,0.0,0.0,0.0,0.0,0.0,0.0,0.0,0.0,0.0,0.0,0.0,8.94,0.0,0.0,0.0,0.0,0.0,0.0,0.0,0.0,0.0,0.0,0.0,0.0,0.0,0.0
CC(C)N1CCC(Oc2ccc(CN3CCC(CO)CC3)cc2)CC1,0.0,0.0,0.0,0.0,0.0,0.0,0.0,0.0,0.0,0.0,0.0,0.0,9.0,0.0,0.0,0.0,0.0,0.0,0.0,0.0,0.0,0.0,0.0,0.0,0.0,0.0,0.0
CC(C)N1CCC(Oc2ccc(CN3CCC(Cc4ccccc4)CC3)cc2)CC1,0.0,0.0,0.0,0.0,0.0,0.0,0.0,0.0,0.0,0.0,0.0,0.0,8.84,0.0,0.0,0.0,0.0,0.0,0.0,0.0,0.0,0.0,0.0,0.0,0.0,0.0,0.0
CC(C)N1CCC(Oc2ccc(CN3CCC(O)CC3)cc2)CC1,0.0,0.0,0.0,0.0,0.0,0.0,0.0,0.0,0.0,0.0,0.0,0.0,8.85,0.0,0.0,0.0,0.0,0.0,0.0,0.0,0.0,0.0,0.0,0.0,0.0,0.0,0.0
CC(C)N1CCC(Oc2ccc(CN3CCCC3)cc2)CC1,0.0,0.0,0.0,0.0,0.0,0.0,0.0,0.0,0.0,0.0,0.0,0.0,8.71,0.0,0.0,0.0,0.0,0.0,0.0,0.0,0.0,0.0,0.0,0.0,0.0,0.0,0.0
CC(C)N1CCC(Oc2ccc(CN3CCCCC3)cc2)CC1,0.0,0.0,0.0,0.0,0.0,0.0,0.0,0.0,0.0,0.0,0.0,0.0,9.2,0.0,0.0,0.0,0.0,0.0,0.0,0.0,0.0,0.0,0.0,0.0,0.0,0.0,0.0
CC(C)N1CCC(Oc2ccc(CN3CCCCCC3)cc2)CC1,0.0,0.0,0.0,0.0,0.0,0.0,0.0,0.0,0.0,0.0,0.0,0.0,8.77,0.0,0.0,0.0,0.0,0.0,0.0,0.0,0.0,0.0,0.0,0.0,0.0,0.0,0.0
CC(C)N1CCC(Oc2ccc(CN3CCCN(C)CC3)cc2)CC1,0.0,0.0,0.0,0.0,0.0,0.0,0.0,0.0,0.0,0.0,0.0,0.0,9.0,0.0,0.0,0.0,0.0,0.0,0.0,0.0,0.0,0.0,0.0,0.0,0.0,0.0,0.0
CC(C)N1CCC(Oc2ccc(CN3CCN(C)CC3)cc2)CC1,0.0,0.0,0.0,0.0,0.0,0.0,0.0,0.0,0.0,0.0,0.0,0.0,9.13,0.0,0.0,0.0,0.0,0.0,0.0,0.0,0.0,0.0,0.0,0.0,0.0,0.0,0.0
CC(C)N1CCC(Oc2ccc(CN3CCN(Cc4ccccc4)CC3)cc2)CC1,0.0,0.0,0.0,0.0,0.0,0.0,0.0,0.0,0.0,0.0,0.0,0.0,8.7,0.0,0.0,0.0,0.0,0.0,0.0,0.0,0.0,0.0,0.0,0.0,0.0,0.0,0.0
CC(C)N1CCC(Oc2ccc(CN3CCN(c4ccccc4)CC3)cc2)CC1,0.0,0.0,0.0,0.0,0.0,0.0,0.0,0.0,0.0,0.0,0.0,0.0,8.7,0.0,0.0,0.0,0.0,0.0,0.0,0.0,0.0,0.0,0.0,0.0,0.0,0.0,0.0
CC(C)N1CCC(Oc2ccc(CN3CCOCC3)cc2)CC1,0.0,8.68,0.0,0.0,0.0,0.0,0.0,0.0,0.0,0.0,0.0,0.0,8.67,0.0,0.0,0.0,0.0,0.0,0.0,0.0,0.0,0.0,0.0,0.0,0.0,0.0,0.0
CC(C)N1CCC(Oc2ccc(CNC3CC3)cc2)CC1,0.0,0.0,0.0,0.0,0.0,0.0,0.0,0.0,0.0,0.0,0.0,0.0,8.79,0.0,0.0,0.0,0.0,0.0,0.0,0.0,0.0,0.0,0.0,0.0,0.0,0.0,0.0
CC(C)N1CCC(Oc2ccc(CNc3ccccc3)cc2)CC1,0.0,0.0,0.0,0.0,0.0,0.0,0.0,0.0,0.0,0.0,0.0,0.0,8.26,0.0,0.0,0.0,0.0,0.0,0.0,0.0,0.0,0.0,0.0,0.0,0.0,0.0,0.0
CC(C)N1CCC(Oc2ccc(CNc3ccccn3)cc2)CC1,0.0,0.0,0.0,0.0,0.0,0.0,0.0,0.0,0.0,0.0,0.0,0.0,8.65,0.0,0.0,0.0,0.0,0.0,0.0,0.0,0.0,0.0,0.0,0.0,0.0,0.0,0.0
CC(C)N1CCC(Oc2ccc(N3CCN(C(=O)c4cc(F)cc(F)c4)CC3=O)cc2)CC1,0.0,0.0,0.0,0.0,0.0,8.7,0.0,0.0,0.0,0.0,0.0,0.0,0.0,0.0,0.0,0.0,0.0,0.0,0.0,0.0,0.0,0.0,0.0,0.0,0.0,0.0,0.0
CC(C)N1CCC(Oc2ccc(N3CCN(C(=O)c4ccc(C#N)cc4)CC3=O)cc2)CC1,0.0,0.0,0.0,0.0,0.0,9.1,0.0,0.0,0.0,0.0,0.0,0.0,0.0,0.0,0.0,0.0,0.0,0.0,0.0,0.0,0.0,0.0,0.0,0.0,0.0,0.0,0.0
CC(C)N1CCC(Oc2ccc(N3CCN(C(=O)c4ccc(Cl)cc4)CC3=O)cc2)CC1,0.0,0.0,0.0,0.0,0.0,8.6,0.0,0.0,0.0,0.0,0.0,0.0,0.0,0.0,0.0,0.0,0.0,0.0,0.0,0.0,0.0,0.0,0.0,0.0,0.0,0.0,0.0
CC(C)N1CCC(Oc2ccc(N3CCN(C(=O)c4ccc(F)cc4)CC3=O)cc2)CC1,0.0,0.0,0.0,0.0,0.0,8.4,0.0,0.0,0.0,0.0,0.0,0.0,0.0,0.0,0.0,0.0,0.0,0.0,0.0,0.0,0.0,0.0,0.0,0.0,0.0,0.0,0.0
CC(C)N1CCC(Oc2ccc(N3CCN(C(=O)c4ccc(F)cc4F)CC3=O)cc2)CC1,0.0,0.0,0.0,0.0,0.0,8.4,0.0,0.0,0.0,0.0,0.0,0.0,0.0,0.0,0.0,0.0,0.0,0.0,0.0,0.0,0.0,0.0,0.0,0.0,0.0,0.0,0.0
CC(C)N1CCC(Oc2ccc(NC(=O)CN3CCCCC3)cc2)CC1,0.0,0.0,0.0,0.0,0.0,0.0,0.0,0.0,0.0,0.0,0.0,0.0,0.0,0.0,0.0,0.0,8.42,0.0,0.0,0.0,0.0,0.0,0.0,0.0,0.0,0.0,0.0
CC(C)N1CCC(Oc2ccc(NC(=O)CN3CCOCC3)cc2)CC1,0.0,0.0,0.0,0.0,0.0,0.0,0.0,0.0,0.0,0.0,0.0,0.0,0.0,0.0,0.0,0.0,8.08,0.0,0.0,0.0,0.0,0.0,0.0,0.0,0.0,0.0,0.0
CC(C)N1CCC(Oc2ccc(OCc3ccccc3Cl)c(CN(C)C)c2)C1,0.0,0.0,0.0,0.0,0.0,0.0,0.0,0.0,0.0,0.0,0.0,0.0,7.06,0.0,0.0,0.0,0.0,0.0,0.0,0.0,0.0,0.0,0.0,0.0,0.0,0.0,0.0
CC(C)N1CCC(Oc2ccc3[nH]c(C(=O)N4CCC(F)(F)CC4)cc3c2)CC1,0.0,0.0,0.0,0.0,8.7,0.0,0.0,0.0,0.0,0.0,0.0,0.0,0.0,0.0,0.0,0.0,0.0,0.0,0.0,0.0,0.0,0.0,0.0,0.0,0.0,0.0,0.0
CC(C)N1CCC(Oc2ccc3[nH]c(C(=O)N4CCC(O)C4)cc3c2)CC1,0.0,0.0,0.0,0.0,8.1,0.0,0.0,0.0,0.0,0.0,0.0,0.0,0.0,0.0,0.0,0.0,0.0,0.0,0.0,0.0,0.0,0.0,0.0,0.0,0.0,0.0,0.0
CC(C)N1CCC(Oc2ccc3[nH]c(C(=O)N4CCCC(F)(F)C4)cc3c2)CC1,0.0,0.0,0.0,0.0,8.7,0.0,0.0,0.0,0.0,0.0,0.0,0.0,0.0,0.0,0.0,0.0,0.0,0.0,0.0,0.0,0.0,0.0,0.0,0.0,0.0,0.0,0.0
CC(C)N1CCC(Oc2ccc3[nH]c(C(=O)N4CCCCCC4)cc3c2)CC1,0.0,0.0,0.0,0.0,8.22,0.0,0.0,0.0,0.0,0.0,0.0,0.0,0.0,0.0,0.0,0.0,0.0,0.0,0.0,0.0,0.0,0.0,0.0,0.0,0.0,0.0,0.0
CC(C)N1CCC(Oc2ccc3[nH]c(C(=O)N4CCOCC4)cc3c2)CC1,0.0,0.0,0.0,0.0,8.3,0.0,0.0,0.0,0.0,0.0,0.0,0.0,0.0,0.0,0.0,0.0,0.0,0.0,0.0,0.0,0.0,0.0,0.0,0.0,0.0,0.0,0.0
CC(C)N1CCC(Oc2ccc3[nH]c(C(=O)N4CCS(=O)(=O)CC4)cc3c2)CC1,0.0,0.0,0.0,0.0,8.15,0.0,0.0,0.0,0.0,0.0,0.0,0.0,0.0,0.0,0.0,0.0,0.0,0.0,0.0,0.0,0.0,0.0,0.0,0.0,0.0,0.0,0.0
CC(C)N1CCC(Oc2ccc3c(c2)CCN(C2CCN(C(C)C)C2)C3=O)CC1,0.0,0.0,0.0,0.0,0.0,0.0,0.0,0.0,0.0,0.0,0.0,0.0,8.68,0.0,0.0,0.0,0.0,0.0,0.0,0.0,0.0,0.0,0.0,0.0,0.0,0.0,0.0
CC(C)N1CCC(Oc2ccc3c(c2)CCN(C2CCN(C4CCC4)C2)C3=O)CC1,0.0,0.0,0.0,0.0,0.0,0.0,0.0,0.0,0.0,0.0,0.0,0.0,8.92,0.0,0.0,0.0,0.0,0.0,0.0,0.0,0.0,0.0,0.0,0.0,0.0,0.0,0.0
CC(C)N1CCC(Oc2ccc3c(c2)CCN(C2CCN(C4CCC4)CC2)C3=O)CC1,0.0,0.0,0.0,0.0,0.0,0.0,0.0,0.0,0.0,0.0,0.0,0.0,8.74,0.0,0.0,0.0,0.0,0.0,0.0,0.0,0.0,0.0,0.0,0.0,0.0,0.0,0.0
CC(C)N1CCC(Oc2ccc3c(c2)CCNCC3)CC1,0.0,0.0,0.0,0.0,0.0,0.0,0.0,0.0,0.0,0.0,8.6,0.0,0.0,0.0,0.0,0.0,0.0,0.0,0.0,0.0,0.0,0.0,0.0,0.0,0.0,0.0,0.0
CC(C)N1CCC(Oc2ccc3c(c2)cc(C(=O)N2CCC(F)(F)CC2)n3-c2ccc(Cl)c(Cl)c2)CC1,0.0,0.0,0.0,0.0,9.0,0.0,0.0,0.0,0.0,0.0,0.0,0.0,0.0,0.0,0.0,0.0,0.0,0.0,0.0,0.0,0.0,0.0,0.0,0.0,0.0,0.0,0.0
CC(C)N1CCC(Oc2ccc3c(c2)cc(C(=O)N2CCC(F)(F)CC2)n3C(C)C)CC1,0.0,0.0,0.0,0.0,8.15,0.0,0.0,0.0,0.0,0.0,0.0,0.0,8.7,0.0,0.0,0.0,0.0,0.0,0.0,0.0,0.0,0.0,0.0,0.0,0.0,0.0,0.0
CC(C)N1CCC(Oc2ccc3c(c2)cc(C(=O)N2CCC(F)(F)CC2)n3CC#N)CC1,0.0,0.0,0.0,0.0,8.52,0.0,0.0,0.0,0.0,0.0,0.0,0.0,0.0,0.0,0.0,0.0,0.0,0.0,0.0,0.0,0.0,0.0,0.0,0.0,0.0,0.0,0.0
CC(C)N1CCC(Oc2ccc3c(c2)cc(C(=O)N2CCC(F)(F)CC2)n3CC(F)(F)F)CC1,0.0,0.0,0.0,0.0,8.52,0.0,0.0,0.0,0.0,0.0,0.0,0.0,0.0,0.0,0.0,0.0,0.0,0.0,0.0,0.0,0.0,0.0,0.0,0.0,0.0,0.0,0.0
CC(C)N1CCC(Oc2ccc3c(c2)cc(C(=O)N2CCC(F)(F)CC2)n3S(=O)(=O)c2ccc(F)cc2)CC1,0.0,0.0,0.0,0.0,8.7,0.0,0.0,0.0,0.0,0.0,0.0,0.0,0.0,0.0,0.0,0.0,0.0,0.0,0.0,0.0,0.0,0.0,0.0,0.0,0.0,0.0,0.0
CC(C)N1CCC(Oc2ccc3c(c2)cc(C(=O)N2CCC(F)(F)CC2)n3S(C)(=O)=O)CC1,0.0,0.0,0.0,0.0,8.52,0.0,0.0,0.0,0.0,0.0,0.0,0.0,0.0,0.0,0.0,0.0,0.0,0.0,0.0,0.0,0.0,0.0,0.0,0.0,0.0,0.0,0.0
CC(C)N1CCC(Oc2ccc3c(c2)cc(C(=O)N2CCOCC2)n3CC(F)(F)F)CC1,0.0,0.0,0.0,0.0,8.52,0.0,0.0,0.0,0.0,0.0,0.0,0.0,0.0,0.0,0.0,0.0,0.0,0.0,0.0,0.0,0.0,0.0,0.0,0.0,0.0,0.0,0.0
CC(C)N1CCC(Oc2ccc3c(c2)cc(C(=O)N2CCS(=O)(=O)CC2)n3CC(F)(F)F)CC1,0.0,0.0,0.0,0.0,7.96,0.0,0.0,0.0,0.0,0.0,0.0,0.0,0.0,0.0,0.0,0.0,0.0,0.0,0.0,0.0,0.0,0.0,0.0,0.0,0.0,0.0,0.0
CC(C)N1CCC(Oc2ccc3c(c2)cc2n3C(C)CNC2=O)CC1,0.0,0.0,0.0,0.0,0.0,0.0,0.0,0.0,0.0,0.0,0.0,0.0,7.58,0.0,0.0,0.0,0.0,0.0,0.0,0.0,0.0,0.0,0.0,0.0,0.0,0.0,0.0
CC(C)N1CCC(Oc2ccc3c(c2)cc2n3CC(C)N(CC3CC3)C2=O)CC1,0.0,0.0,0.0,0.0,0.0,0.0,0.0,0.0,0.0,0.0,0.0,0.0,8.3,0.0,0.0,0.0,0.0,0.0,0.0,0.0,0.0,0.0,0.0,0.0,0.0,0.0,0.0
CC(C)N1CCC(Oc2ccc3c(c2)cc2n3CCCN(CC3CC3)C2=O)CC1,0.0,0.0,0.0,0.0,0.0,0.0,0.0,0.0,0.0,0.0,0.0,0.0,7.77,0.0,0.0,0.0,0.0,0.0,0.0,0.0,0.0,0.0,0.0,0.0,0.0,0.0,0.0
CC(C)N1CCC(Oc2ccc3c(c2)cc2n3CCCNC2=O)CC1,0.0,0.0,0.0,0.0,0.0,0.0,0.0,0.0,0.0,0.0,0.0,0.0,7.77,0.0,0.0,0.0,0.0,0.0,0.0,0.0,0.0,0.0,0.0,0.0,0.0,0.0,0.0
CC(C)N1CCC(Oc2ccc3c(c2)cc2n3CCN(C(C)C)C2=O)CC1,0.0,0.0,0.0,0.0,0.0,0.0,0.0,0.0,0.0,0.0,0.0,0.0,7.57,0.0,0.0,0.0,0.0,0.0,0.0,0.0,0.0,0.0,0.0,0.0,0.0,0.0,0.0
CC(C)N1CCC(Oc2ccc3c(c2)cc2n3CCN(C)C2=O)CC1,0.0,0.0,0.0,0.0,0.0,0.0,0.0,0.0,0.0,0.0,0.0,0.0,7.51,0.0,0.0,0.0,0.0,0.0,0.0,0.0,0.0,0.0,0.0,0.0,0.0,0.0,0.0
CC(C)N1CCC(Oc2ccc3c(c2)cc2n3CCN(CC(F)(F)F)C2=O)CC1,0.0,0.0,0.0,0.0,0.0,0.0,0.0,0.0,0.0,0.0,0.0,0.0,7.47,0.0,0.0,0.0,0.0,0.0,0.0,0.0,0.0,0.0,0.0,0.0,0.0,0.0,0.0
CC(C)N1CCC(Oc2ccc3c(c2)cc2n3CCN(CC3CC3)C2=O)CC1,0.0,0.0,0.0,0.0,0.0,0.0,0.0,0.0,0.0,0.0,0.0,0.0,8.05,0.0,0.0,0.0,0.0,0.0,0.0,0.0,0.0,0.0,0.0,0.0,0.0,0.0,0.0
CC(C)N1CCC(Oc2ccc3c(c2)cc2n3CCN(CCO)C2=O)CC1,0.0,0.0,0.0,0.0,0.0,0.0,0.0,0.0,0.0,0.0,0.0,0.0,7.34,0.0,0.0,0.0,0.0,0.0,0.0,0.0,0.0,0.0,0.0,0.0,0.0,0.0,0.0
CC(C)N1CCC(Oc2ccc3c(c2)cc2n3CCN(Cc3ccc(F)cc3)C2=O)CC1,0.0,0.0,0.0,0.0,0.0,0.0,0.0,0.0,0.0,0.0,0.0,0.0,8.15,0.0,0.0,0.0,0.0,0.0,0.0,0.0,0.0,0.0,0.0,0.0,0.0,0.0,0.0
CC(C)N1CCC(Oc2ccc3c(c2)cc2n3CCN(Cc3cccc(F)c3)C2=O)CC1,0.0,0.0,0.0,0.0,0.0,0.0,0.0,0.0,0.0,0.0,0.0,0.0,7.85,0.0,0.0,0.0,0.0,0.0,0.0,0.0,0.0,0.0,0.0,0.0,0.0,0.0,0.0
CC(C)N1CCC(Oc2ccc3c(c2)cc2n3CCN(Cc3ccccc3F)C2=O)CC1,0.0,0.0,0.0,0.0,0.0,0.0,0.0,0.0,0.0,0.0,0.0,0.0,8.22,0.0,0.0,0.0,0.0,0.0,0.0,0.0,0.0,0.0,0.0,0.0,0.0,0.0,0.0
CC(C)N1CCC(Oc2ccc3c(c2)cc2n3CCN(Cc3ccccn3)C2=O)CC1,0.0,0.0,0.0,0.0,0.0,0.0,0.0,0.0,0.0,0.0,0.0,0.0,8.22,0.0,0.0,0.0,0.0,0.0,0.0,0.0,0.0,0.0,0.0,0.0,0.0,0.0,0.0
CC(C)N1CCC(Oc2ccc3c(c2)cc2n3CCN(Cc3cccnc3)C2=O)CC1,0.0,0.0,0.0,0.0,0.0,0.0,0.0,0.0,0.0,0.0,0.0,0.0,8.3,0.0,0.0,0.0,0.0,0.0,0.0,0.0,0.0,0.0,0.0,0.0,0.0,0.0,0.0
CC(C)N1CCC(Oc2ccc3c(c2)cc2n3CCN(Cc3ccncc3)C2=O)CC1,0.0,0.0,0.0,0.0,0.0,0.0,0.0,0.0,0.0,0.0,0.0,0.0,8.3,0.0,0.0,0.0,0.0,0.0,0.0,0.0,0.0,0.0,0.0,0.0,0.0,0.0,0.0
CC(C)N1CCC(Oc2ccc3c(c2)cc2n3CCNC2=O)CC1,0.0,0.0,0.0,0.0,0.0,0.0,0.0,0.0,0.0,0.0,0.0,0.0,7.6,0.0,0.0,0.0,0.0,0.0,0.0,0.0,0.0,0.0,0.0,0.0,0.0,0.0,0.0
CC(C)N1CCC(Oc2ccc3cc(C(=O)N4CCC(CO)CC4)ccc3c2)CC1,0.0,0.0,0.0,0.0,6.81,0.0,0.0,0.0,0.0,0.0,0.0,0.0,0.0,0.0,0.0,0.0,0.0,0.0,0.0,0.0,0.0,0.0,0.0,0.0,0.0,0.0,0.0
CC(C)N1CCC(Oc2ccc3cc(C(=O)N4CCCC4)ccc3c2)CC1,0.0,0.0,0.0,0.0,7.24,0.0,0.0,0.0,0.0,0.0,0.0,0.0,0.0,0.0,0.0,0.0,0.0,0.0,0.0,0.0,0.0,0.0,0.0,0.0,0.0,0.0,0.0
CC(C)N1CCC(Oc2ccc3cc(C(=O)N4CCCC4C)ccc3c2)CC1,0.0,0.0,0.0,0.0,7.82,0.0,0.0,0.0,0.0,0.0,0.0,0.0,0.0,0.0,0.0,0.0,0.0,0.0,0.0,0.0,0.0,0.0,0.0,0.0,0.0,0.0,0.0
CC(C)N1CCC(Oc2ccc3cc(C(=O)N4CCOCC4)[nH]c3c2)CC1,0.0,0.0,0.0,0.0,7.48,0.0,0.0,0.0,0.0,0.0,0.0,0.0,0.0,0.0,0.0,0.0,0.0,0.0,0.0,0.0,0.0,0.0,0.0,0.0,0.0,0.0,0.0
CC(C)N1CCC(Oc2ccc3cc(C(=O)N4CCOCC4)ccc3c2)CC1,0.0,0.0,0.0,0.0,7.4,0.0,0.0,0.0,0.0,0.0,0.0,0.0,0.0,0.0,0.0,0.0,0.0,0.0,0.0,0.0,0.0,0.0,0.0,0.0,0.0,0.0,0.0
CC(C)N1CCC(Oc2ccc3cc(C(=O)NC4CCCCC4)ccc3c2)CC1,0.0,0.0,0.0,0.0,7.06,0.0,0.0,0.0,0.0,0.0,0.0,0.0,0.0,0.0,0.0,0.0,0.0,0.0,0.0,0.0,0.0,0.0,0.0,0.0,0.0,0.0,0.0
CC(C)N1CCC(Oc2ccc3nc(C(=O)N4CCC4)ccc3c2)CC1,0.0,0.0,0.0,0.0,7.21,0.0,0.0,0.0,0.0,0.0,0.0,0.0,0.0,0.0,0.0,0.0,0.0,0.0,0.0,0.0,0.0,0.0,0.0,0.0,0.0,0.0,0.0
CC(C)N1CCC(Oc2ccc3nc(C(=O)N4CCCC4C#N)ccc3c2)CC1,0.0,0.0,0.0,0.0,7.06,0.0,0.0,0.0,0.0,0.0,0.0,0.0,0.0,0.0,0.0,0.0,0.0,0.0,0.0,0.0,0.0,0.0,0.0,0.0,0.0,0.0,0.0
CC(C)N1CCC(Oc2ccc3nc(C(=O)N4CCOCC4)ccc3c2)CC1,0.0,0.0,0.0,0.0,6.62,0.0,0.0,0.0,0.0,0.0,0.0,0.0,0.0,0.0,0.0,0.0,0.0,0.0,0.0,0.0,0.0,0.0,0.0,0.0,0.0,0.0,0.0
CC(C)N1CCC(Oc2ncc(C(=O)c3ccc(Cl)cc3)n2C)CC1,0.0,0.0,0.0,0.0,0.0,0.0,0.0,0.0,0.0,0.0,0.0,0.0,8.0,0.0,0.0,0.0,0.0,0.0,0.0,0.0,0.0,0.0,0.0,0.0,0.0,0.0,0.0
CC(C)N1CCC(Sc2ncc(C(=O)c3ccc(Cl)cc3)n2C)CC1,0.0,0.0,0.0,0.0,0.0,0.0,0.0,0.0,0.0,0.0,0.0,0.0,8.7,0.0,0.0,0.0,0.0,0.0,0.0,0.0,0.0,0.0,0.0,0.0,0.0,0.0,0.0
CC(C)N1CCC2(CC1)CC2C(=O)N1CCN(C2CCCCC2)CC1,0.0,0.0,0.0,0.0,0.0,0.0,0.0,0.0,0.0,0.0,0.0,0.0,0.0,0.0,0.0,0.0,7.33,0.0,0.0,0.0,0.0,0.0,0.0,0.0,0.0,0.0,0.0
CC(C)N1CCCN(C(=O)C2CCN(c3ccc(C(F)(F)F)nc3)CC2)CC1,0.0,0.0,0.0,0.0,0.0,0.0,0.0,0.0,0.0,0.0,0.0,0.0,9.5,0.0,0.0,9.9,0.0,0.0,0.0,0.0,0.0,0.0,0.0,0.0,0.0,0.0,0.0
CC(C)N1CCCN(C(=O)c2ccc(Oc3ccc(Cl)c(Cl)c3)cn2)CC1,0.0,8.82,0.0,0.0,0.0,0.0,0.0,0.0,0.0,0.0,0.0,0.0,0.0,0.0,0.0,0.0,0.0,0.0,0.0,0.0,0.0,0.0,0.0,0.0,0.0,0.0,0.0
CC(C)N1CCCN(C(=O)c2ccc(Oc3ccc(Cl)c(Cl)c3)nc2)CC1,0.0,7.75,0.0,0.0,0.0,0.0,0.0,0.0,0.0,0.0,0.0,0.0,0.0,0.0,0.0,0.0,0.0,0.0,0.0,0.0,0.0,0.0,0.0,0.0,0.0,0.0,0.0
CC(C)N1CCCN(C(=O)c2ccc3c(CN4CCOCC4)cn(C)c3c2)CC1,0.0,9.05,0.0,0.0,0.0,0.0,0.0,0.0,0.0,0.0,0.0,0.0,0.0,0.0,0.0,0.0,0.0,0.0,0.0,0.0,0.0,0.0,0.0,0.0,0.0,0.0,0.0
CC(C)N1CCCN(C(=O)c2cccc(Oc3ccc(Cl)c(Cl)c3)n2)CC1,0.0,6.37,0.0,0.0,0.0,0.0,0.0,0.0,0.0,0.0,0.0,0.0,0.0,0.0,0.0,0.0,0.0,0.0,0.0,0.0,0.0,0.0,0.0,0.0,0.0,0.0,0.0
CC(C)N1CCCN(CC(=O)Nc2ccc(OC3CCN(C4CCC4)CC3)cc2C(F)(F)F)CC1,0.0,0.0,0.0,0.0,0.0,0.0,0.0,0.0,0.0,0.0,0.0,0.0,0.0,0.0,0.0,0.0,9.02,0.0,0.0,0.0,0.0,0.0,0.0,0.0,0.0,0.0,0.0
CC(C)N1CCCc2cc(OCCCN3CCCCC3)ccc2C1,0.0,0.0,0.0,0.0,0.0,0.0,0.0,0.0,0.0,0.0,0.0,0.0,9.7,0.0,0.0,0.0,0.0,0.0,0.0,0.0,0.0,0.0,0.0,0.0,0.0,0.0,0.0
CC(C)N1CCN(C(=O)C2CC23CCN(C2CCOCC2)CC3)CC1,0.0,0.0,0.0,0.0,0.0,0.0,0.0,0.0,0.0,0.0,0.0,0.0,0.0,0.0,0.0,0.0,9.1,0.0,0.0,0.0,0.0,0.0,0.0,0.0,0.0,0.0,0.0
CC(C)N1CCN(C(=O)C2CC3(CCN(C4CCOCC4)CC3)C2)CC1,0.0,0.0,0.0,0.0,0.0,0.0,0.0,0.0,0.0,0.0,0.0,0.0,0.0,0.0,0.0,0.0,9.52,0.0,0.0,0.0,0.0,0.0,0.0,0.0,0.0,0.0,0.0
CC(C)N1CCN(C(=O)N(C)Cc2ccc(-c3ccccc3)cc2)CC1,0.0,0.0,0.0,0.0,0.0,0.0,0.0,0.0,0.0,0.0,0.0,0.0,0.0,0.0,0.0,0.0,0.0,0.0,0.0,0.0,0.0,0.0,0.0,0.0,7.43,0.0,0.0
CC(C)N1CCN(C(=O)N2CC3(CCN(C4CCOCC4)CC3)C2)CC1,0.0,0.0,0.0,0.0,0.0,0.0,0.0,0.0,0.0,0.0,0.0,0.0,0.0,0.0,0.0,0.0,7.01,0.0,0.0,0.0,0.0,0.0,0.0,0.0,0.0,0.0,0.0
CC(C)N1CCN(C(=O)N2CC=C(c3ccccc3)CC2)CC1,0.0,0.0,0.0,0.0,0.0,0.0,0.0,0.0,0.0,0.0,0.0,0.0,7.57,0.0,0.0,0.0,0.0,0.0,0.0,0.0,0.0,0.0,0.0,0.0,7.57,0.0,0.0
CC(C)N1CCN(C(=O)N2CCC(C(=O)N3CC4CCC(CC4)C3)CC2)CC1,0.0,0.0,0.0,0.0,0.0,0.0,0.0,0.0,0.0,0.0,0.0,0.0,7.85,0.0,0.0,0.0,0.0,0.0,0.0,0.0,0.0,0.0,0.0,0.0,7.85,0.0,0.0
CC(C)N1CCN(C(=O)N2CCC(C(=O)OC(C)(C)C)CC2)CC1,0.0,0.0,0.0,0.0,0.0,0.0,0.0,0.0,0.0,0.0,0.0,0.0,7.6,0.0,0.0,0.0,0.0,0.0,0.0,0.0,0.0,0.0,0.0,0.0,7.6,0.0,0.0
CC(C)N1CCN(C(=O)N2CCC(C(C)(C)C)CC2)CC1,0.0,0.0,0.0,0.0,0.0,0.0,0.0,0.0,0.0,0.0,0.0,0.0,7.33,0.0,0.0,0.0,0.0,0.0,0.0,0.0,0.0,0.0,0.0,0.0,7.33,0.0,0.0
CC(C)N1CCN(C(=O)N2CCC(Cc3ccccc3)CC2)CC1,0.0,0.0,0.0,0.0,0.0,0.0,0.0,0.0,0.0,0.0,0.0,0.0,7.85,0.0,0.0,0.0,0.0,0.0,0.0,0.0,0.0,0.0,0.0,0.0,7.85,0.0,0.0
CC(C)N1CCN(C(=O)N2CCC(NC(=O)C3CCCC3)CC2)CC1,0.0,0.0,0.0,0.0,0.0,0.0,0.0,0.0,0.0,0.0,0.0,0.0,7.77,0.0,0.0,0.0,0.0,0.0,0.0,0.0,0.0,0.0,0.0,0.0,7.77,0.0,0.0
CC(C)N1CCN(C(=O)N2CCC(c3ccccc3)CC2)CC1,0.0,0.0,0.0,0.0,0.0,0.0,0.0,0.0,0.0,0.0,0.0,0.0,7.07,0.0,0.0,0.0,0.0,0.0,0.0,0.0,0.0,0.0,0.0,0.0,7.07,0.0,0.0
CC(C)N1CCN(C(=O)N2CCc3ccccc3C2)CC1,0.0,0.0,0.0,0.0,0.0,0.0,0.0,0.0,0.0,0.0,0.0,0.0,7.14,0.0,0.0,0.0,0.0,0.0,0.0,0.0,0.0,0.0,0.0,0.0,7.14,0.0,0.0
CC(C)N1CCN(C(=O)N2Cc3ccccc3C2)CC1,0.0,0.0,0.0,0.0,0.0,0.0,0.0,0.0,0.0,0.0,0.0,0.0,7.23,0.0,0.0,0.0,0.0,0.0,0.0,0.0,0.0,0.0,0.0,0.0,7.23,0.0,0.0
CC(C)N1CCN(C(=O)NC2Cc3ccccc3C2)CC1,0.0,0.0,0.0,0.0,0.0,0.0,0.0,0.0,0.0,0.0,0.0,0.0,0.0,0.0,0.0,0.0,0.0,0.0,0.0,0.0,0.0,0.0,0.0,0.0,7.52,0.0,0.0
CC(C)N1CCN(C(=O)NCc2ccc(Cl)c(Cl)c2)CC1,0.0,0.0,0.0,0.0,0.0,0.0,0.0,0.0,0.0,0.0,0.0,0.0,0.0,0.0,0.0,0.0,0.0,0.0,0.0,0.0,0.0,0.0,0.0,0.0,7.7,0.0,0.0
CC(C)N1CCN(C(=O)NCc2ccc(Oc3ccccc3)cc2)CC1,0.0,0.0,0.0,0.0,0.0,0.0,0.0,0.0,0.0,0.0,0.0,0.0,0.0,0.0,0.0,0.0,0.0,0.0,0.0,0.0,0.0,0.0,0.0,0.0,7.47,0.0,0.0
CC(C)N1CCN(C(=O)OC2CCN(c3cc[nH]c(=O)c3)CC2)CC1,0.0,0.0,0.0,0.0,0.0,9.05,0.0,0.0,0.0,0.0,0.0,0.0,0.0,0.0,0.0,0.0,0.0,0.0,0.0,7.92,0.0,0.0,0.0,0.0,0.0,0.0,0.0
CC(C)N1CCN(C(=O)OC2CCN(c3ccc(=O)[nH]c3)CC2)CC1,0.0,0.0,0.0,0.0,0.0,8.8,0.0,0.0,0.0,0.0,0.0,0.0,0.0,0.0,0.0,0.0,0.0,0.0,0.0,8.92,0.0,0.0,0.0,0.0,0.0,0.0,0.0
CC(C)N1CCN(C(=O)OC2CCN(c3ccc(=O)[nH]n3)CC2)CC1,0.0,0.0,0.0,0.0,0.0,8.92,0.0,0.0,0.0,0.0,0.0,0.0,0.0,0.0,0.0,0.0,0.0,0.0,0.0,8.0,0.0,0.0,0.0,0.0,0.0,0.0,0.0
CC(C)N1CCN(C(=O)OC2CCN(c3ccc(=O)n(C)n3)CC2)CC1,0.0,0.0,0.0,0.0,0.0,8.62,0.0,0.0,0.0,0.0,0.0,0.0,0.0,0.0,0.0,0.0,0.0,0.0,0.0,7.51,0.0,0.0,0.0,0.0,0.0,0.0,0.0
CC(C)N1CCN(C(=O)OC2CCN(c3ccn(C)c(=O)c3)CC2)CC1,0.0,0.0,0.0,0.0,0.0,8.51,0.0,0.0,0.0,0.0,0.0,0.0,0.0,0.0,0.0,0.0,0.0,0.0,0.0,7.7,0.0,0.0,0.0,0.0,0.0,0.0,0.0
CC(C)N1CCN(C(=O)c2cc(CN3CCCCC3)cn2C)CC1,0.0,7.5,0.0,0.0,0.0,0.0,0.0,0.0,0.0,0.0,0.0,0.0,0.0,0.0,0.0,0.0,0.0,0.0,0.0,0.0,0.0,0.0,0.0,0.0,0.0,0.0,0.0
CC(C)N1CCN(C(=O)c2cc(CN3CCOCC3)cn2C)CC1,0.0,6.85,0.0,0.0,0.0,0.0,0.0,0.0,0.0,0.0,0.0,0.0,0.0,0.0,0.0,0.0,0.0,0.0,0.0,0.0,0.0,0.0,0.0,0.0,0.0,0.0,0.0
CC(C)N1CCN(C(=O)c2ccc(-c3ccc(=O)n(C)n3)cc2)CC1,0.0,0.0,0.0,0.0,0.0,0.0,0.0,0.0,0.0,0.0,0.0,0.0,6.78,0.0,0.0,0.0,0.0,0.0,0.0,0.0,0.0,0.0,0.0,0.0,0.0,0.0,0.0
CC(C)N1CCN(C(=O)c2ccc(C(CCN(C)C)Oc3ccc(C(F)(F)F)cc3)cc2)CC1,0.0,0.0,0.0,0.0,0.0,0.0,0.0,0.0,0.0,0.0,0.0,0.0,8.64,0.0,0.0,0.0,0.0,0.0,0.0,0.0,0.0,0.0,0.0,0.0,0.0,0.0,0.0
CC(C)N1CCN(C(=O)c2ccc(C(CCN(C)C)Oc3ccccc3)cc2)CC1,0.0,0.0,0.0,0.0,0.0,0.0,0.0,0.0,0.0,0.0,0.0,0.0,9.1,0.0,0.0,0.0,0.0,0.0,0.0,0.0,0.0,0.0,0.0,0.0,0.0,0.0,0.0
CC(C)N1CCN(C(=O)c2ccc(CN(C)C)cc2)CC1,0.0,8.3,0.0,0.0,0.0,0.0,0.0,0.0,0.0,0.0,0.0,0.0,0.0,0.0,0.0,0.0,0.0,0.0,0.0,0.0,0.0,0.0,0.0,0.0,0.0,0.0,0.0
CC(C)N1CCN(C(=O)c2ccc(CN3CCC(F)CC3)cc2)CC1,0.0,8.82,0.0,0.0,0.0,0.0,0.0,0.0,0.0,0.0,0.0,0.0,0.0,0.0,0.0,0.0,0.0,0.0,0.0,0.0,0.0,0.0,0.0,0.0,0.0,0.0,0.0
CC(C)N1CCN(C(=O)c2ccc(CN3CCCC3)cc2)CC1,0.0,9.0,0.0,0.0,0.0,0.0,0.0,0.0,0.0,0.0,0.0,0.0,0.0,0.0,0.0,0.0,0.0,0.0,0.0,0.0,0.0,0.0,0.0,0.0,0.0,0.0,0.0
CC(C)N1CCN(C(=O)c2ccc(CN3CCCCC3)cc2)CC1,0.0,9.1,0.0,0.0,0.0,0.0,0.0,0.0,0.0,0.0,0.0,0.0,0.0,0.0,0.0,0.0,0.0,0.0,0.0,0.0,0.0,0.0,0.0,0.0,0.0,0.0,0.0
CC(C)N1CCN(C(=O)c2ccc(CN3CCCCC3)cn2)CC1,0.0,8.82,0.0,0.0,0.0,0.0,0.0,0.0,0.0,0.0,0.0,0.0,0.0,0.0,0.0,0.0,0.0,0.0,0.0,0.0,0.0,0.0,0.0,0.0,0.0,0.0,0.0
CC(C)N1CCN(C(=O)c2ccc(CN3CCCCC3)nc2)CC1,0.0,8.96,0.0,0.0,0.0,0.0,0.0,0.0,0.0,0.0,0.0,0.0,0.0,0.0,0.0,0.0,0.0,0.0,0.0,0.0,0.0,0.0,0.0,0.0,0.0,0.0,0.0
CC(C)N1CCN(C(=O)c2ccc(CN3CCCCC3)o2)CC1,0.0,8.47,0.0,0.0,0.0,0.0,0.0,0.0,0.0,0.0,0.0,0.0,0.0,0.0,0.0,0.0,0.0,0.0,0.0,0.0,0.0,0.0,0.0,0.0,0.0,0.0,0.0
CC(C)N1CCN(C(=O)c2ccc(CN3CCCCC3)s2)CC1,0.0,7.92,0.0,0.0,0.0,0.0,0.0,0.0,0.0,0.0,0.0,0.0,0.0,0.0,0.0,0.0,0.0,0.0,0.0,0.0,0.0,0.0,0.0,0.0,0.0,0.0,0.0
CC(C)N1CCN(C(=O)c2ccc(CN3CCCCCC3)cc2)CC1,0.0,9.0,0.0,0.0,0.0,0.0,0.0,0.0,0.0,0.0,0.0,0.0,0.0,0.0,0.0,0.0,0.0,0.0,0.0,0.0,0.0,0.0,0.0,0.0,0.0,0.0,0.0
CC(C)N1CCN(C(=O)c2ccc(CN3CCOCC3)cc2)CC1,0.0,8.6,0.0,0.0,0.0,0.0,0.0,0.0,0.0,0.0,0.0,0.0,0.0,0.0,0.0,0.0,0.0,0.0,0.0,0.0,0.0,0.0,0.0,0.0,0.0,0.0,0.0
CC(C)N1CCN(C(=O)c2ccc(CN3CCOCC3)nc2)CC1,0.0,7.82,0.0,0.0,0.0,0.0,0.0,0.0,0.0,0.0,0.0,0.0,0.0,0.0,0.0,0.0,0.0,0.0,0.0,0.0,0.0,0.0,0.0,0.0,0.0,0.0,0.0
CC(C)N1CCN(C(=O)c2ccc(CN3CCOCC3)o2)CC1,0.0,7.27,0.0,0.0,0.0,0.0,0.0,0.0,0.0,0.0,0.0,0.0,0.0,0.0,0.0,0.0,0.0,0.0,0.0,0.0,0.0,0.0,0.0,0.0,0.0,0.0,0.0
CC(C)N1CCN(C(=O)c2ccc(CN3CCOCC3)s2)CC1,0.0,7.58,0.0,0.0,0.0,0.0,0.0,0.0,0.0,0.0,0.0,0.0,0.0,0.0,0.0,0.0,0.0,0.0,0.0,0.0,0.0,0.0,0.0,0.0,0.0,0.0,0.0
CC(C)N1CCN(C(=O)c2ccc(Oc3ccc(Cl)c(Cl)c3)nc2)CC1,0.0,7.11,0.0,0.0,0.0,0.0,0.0,0.0,0.0,0.0,0.0,0.0,0.0,0.0,0.0,0.0,0.0,0.0,0.0,0.0,0.0,0.0,0.0,0.0,0.0,0.0,0.0
CC(C)N1CCN(C(=O)c2ccc(Oc3ccc(Cl)cc3)nc2)CC1,0.0,7.14,0.0,0.0,0.0,0.0,0.0,0.0,0.0,0.0,0.0,0.0,0.0,0.0,0.0,0.0,0.0,0.0,0.0,0.0,0.0,0.0,0.0,0.0,0.0,0.0,0.0
CC(C)N1CCN(C(=O)c2ccc(Oc3ccc(F)cc3)nc2)CC1,0.0,7.1,0.0,0.0,0.0,0.0,0.0,0.0,0.0,0.0,0.0,0.0,0.0,0.0,0.0,0.0,0.0,0.0,0.0,0.0,0.0,0.0,0.0,0.0,0.0,0.0,0.0
CC(C)N1CCN(C(=O)c2ccc(Oc3cccc(C#N)c3)nc2)CC1,0.0,6.96,0.0,0.0,0.0,0.0,0.0,0.0,0.0,0.0,0.0,0.0,0.0,0.0,0.0,0.0,0.0,0.0,0.0,0.0,0.0,0.0,0.0,0.0,0.0,0.0,0.0
CC(C)N1CCN(C(=O)c2ccc(Oc3cccc(Cl)c3)nc2)CC1,0.0,7.0,0.0,0.0,0.0,0.0,0.0,0.0,0.0,0.0,0.0,0.0,0.0,0.0,0.0,0.0,0.0,0.0,0.0,0.0,0.0,0.0,0.0,0.0,0.0,0.0,0.0
CC(C)N1CCN(C(=O)c2ccc(Oc3ccccc3)nc2)CC1,0.0,6.58,0.0,0.0,0.0,0.0,0.0,0.0,0.0,0.0,0.0,0.0,0.0,0.0,0.0,0.0,0.0,0.0,0.0,0.0,0.0,0.0,0.0,0.0,0.0,0.0,0.0
CC(C)N1CCN(C(=O)c2ccc(Oc3ccccc3Cl)nc2)CC1,0.0,7.51,0.0,0.0,0.0,0.0,0.0,0.0,0.0,0.0,0.0,0.0,0.0,0.0,0.0,0.0,0.0,0.0,0.0,0.0,0.0,0.0,0.0,0.0,0.0,0.0,0.0
CC(C)N1CCN(C(=O)c2ccc3[nH]cc(CN4CCCCC4)c3c2)CC1,0.0,7.06,0.0,0.0,0.0,0.0,0.0,0.0,0.0,0.0,0.0,0.0,0.0,0.0,0.0,0.0,0.0,0.0,0.0,0.0,0.0,0.0,0.0,0.0,0.0,0.0,0.0
CC(C)N1CCN(C(=O)c2ccc3[nH]cc(CN4CCOCC4)c3c2)CC1,0.0,6.75,0.0,0.0,0.0,0.0,0.0,0.0,0.0,0.0,0.0,0.0,0.0,0.0,0.0,0.0,0.0,0.0,0.0,0.0,0.0,0.0,0.0,0.0,0.0,0.0,0.0
CC(C)N1CCN(C(=O)c2ccc3c(CN4CCCCC4)c[nH]c3c2)CC1,0.0,8.55,0.0,0.0,0.0,0.0,0.0,0.0,0.0,0.0,0.0,0.0,0.0,0.0,0.0,0.0,0.0,0.0,0.0,0.0,0.0,0.0,0.0,0.0,0.0,0.0,0.0
CC(C)N1CCN(C(=O)c2ccc3c(CN4CCCCC4)cn(S(C)(=O)=O)c3c2)CC1,0.0,8.72,0.0,0.0,0.0,0.0,0.0,0.0,0.0,0.0,0.0,0.0,0.0,0.0,0.0,0.0,0.0,0.0,0.0,0.0,0.0,0.0,0.0,0.0,0.0,0.0,0.0
CC(C)N1CCN(C(=O)c2ccc3c(CN4CCOCC4)c[nH]c3c2)CC1,0.0,8.68,0.0,0.0,0.0,0.0,0.0,0.0,0.0,0.0,0.0,0.0,0.0,0.0,0.0,0.0,0.0,0.0,0.0,0.0,0.0,0.0,0.0,0.0,0.0,0.0,0.0
CC(C)N1CCN(C(=O)c2ccc3c(CN4CCOCC4)cn(C)c3c2)CC1,0.0,7.82,0.0,0.0,0.0,0.0,0.0,0.0,0.0,0.0,0.0,0.0,0.0,0.0,0.0,0.0,0.0,0.0,0.0,0.0,0.0,0.0,0.0,0.0,0.0,0.0,0.0
CC(C)N1CCN(C(=O)c2ccc3scc(C(=O)N4CCCCC4)c3c2)CC1,0.0,5.48,0.0,0.0,0.0,0.0,0.0,0.0,0.0,0.0,0.0,0.0,0.0,0.0,0.0,0.0,0.0,0.0,0.0,0.0,0.0,0.0,0.0,0.0,0.0,0.0,0.0
CC(C)N1CCN(C(=O)c2ccc3scc(CN4CCCCC4)c3c2)CC1,0.0,7.3,0.0,0.0,0.0,0.0,0.0,0.0,0.0,0.0,0.0,0.0,0.0,0.0,0.0,0.0,0.0,0.0,0.0,0.0,0.0,0.0,0.0,0.0,0.0,0.0,0.0
CC(C)N1CCN(C(=O)c2cccc3[nH]cc(CN4CCOCC4)c23)CC1,0.0,5.31,0.0,0.0,0.0,0.0,0.0,0.0,0.0,0.0,0.0,0.0,0.0,0.0,0.0,0.0,0.0,0.0,0.0,0.0,0.0,0.0,0.0,0.0,0.0,0.0,0.0
CC(C)N1CCN(C(=O)c2cccc3c(CN4CCCCC4)c[nH]c23)CC1,0.0,7.57,0.0,0.0,0.0,0.0,0.0,0.0,0.0,0.0,0.0,0.0,0.0,0.0,0.0,0.0,0.0,0.0,0.0,0.0,0.0,0.0,0.0,0.0,0.0,0.0,0.0
CC(C)N1CCN(C(=O)c2cccc3c(CN4CCOCC4)c[nH]c23)CC1,0.0,7.92,0.0,0.0,0.0,0.0,0.0,0.0,0.0,0.0,0.0,0.0,0.0,0.0,0.0,0.0,0.0,0.0,0.0,0.0,0.0,0.0,0.0,0.0,0.0,0.0,0.0
CC(C)N1CCN(C(=O)c2cnc(CN3CCCCC3)cn2)CC1,0.0,8.96,0.0,0.0,0.0,0.0,0.0,0.0,0.0,0.0,0.0,0.0,0.0,0.0,0.0,0.0,0.0,0.0,0.0,0.0,0.0,0.0,0.0,0.0,0.0,0.0,0.0
CC(C)N1CCN(C(=O)c2cnc(CN3CCOCC3)cn2)CC1,0.0,7.64,0.0,0.0,0.0,0.0,0.0,0.0,0.0,0.0,0.0,0.0,0.0,0.0,0.0,0.0,0.0,0.0,0.0,0.0,0.0,0.0,0.0,0.0,0.0,0.0,0.0
CC(C)N1CCN(C(=O)c2coc(CN3CCCCC3)n2)CC1,0.0,6.7,0.0,0.0,0.0,0.0,0.0,0.0,0.0,0.0,0.0,0.0,0.0,0.0,0.0,0.0,0.0,0.0,0.0,0.0,0.0,0.0,0.0,0.0,0.0,0.0,0.0
CC(C)N1CCN(C(=O)c2coc(CN3CCOCC3)n2)CC1,0.0,6.16,0.0,0.0,0.0,0.0,0.0,0.0,0.0,0.0,0.0,0.0,0.0,0.0,0.0,0.0,0.0,0.0,0.0,0.0,0.0,0.0,0.0,0.0,0.0,0.0,0.0
CC(C)N1CCN(C(=O)c2csc(CN3CCCCC3)c2)CC1,0.0,8.49,0.0,0.0,0.0,0.0,0.0,0.0,0.0,0.0,0.0,0.0,0.0,0.0,0.0,0.0,0.0,0.0,0.0,0.0,0.0,0.0,0.0,0.0,0.0,0.0,0.0
CC(C)N1CCN(C(=O)c2csc(CN3CCCCC3)n2)CC1,0.0,6.96,0.0,0.0,0.0,0.0,0.0,0.0,0.0,0.0,0.0,0.0,0.0,0.0,0.0,0.0,0.0,0.0,0.0,0.0,0.0,0.0,0.0,0.0,0.0,0.0,0.0
CC(C)N1CCN(C(=O)c2csc(CN3CCOCC3)c2)CC1,0.0,7.43,0.0,0.0,0.0,0.0,0.0,0.0,0.0,0.0,0.0,0.0,0.0,0.0,0.0,0.0,0.0,0.0,0.0,0.0,0.0,0.0,0.0,0.0,0.0,0.0,0.0
CC(C)N1CCN(C(=O)c2csc(CN3CCOCC3)n2)CC1,0.0,6.17,0.0,0.0,0.0,0.0,0.0,0.0,0.0,0.0,0.0,0.0,0.0,0.0,0.0,0.0,0.0,0.0,0.0,0.0,0.0,0.0,0.0,0.0,0.0,0.0,0.0
CC(C)N1CCN(C(=S)c2ccc(CN3CCCCC3)nc2)CC1,0.0,8.24,0.0,0.0,0.0,0.0,0.0,0.0,0.0,0.0,0.0,0.0,0.0,0.0,0.0,0.0,0.0,0.0,0.0,0.0,0.0,0.0,0.0,0.0,0.0,0.0,0.0
CC(C)N1CCN(Cc2c[nH]c3cc(C(=O)N4CCCCC4)ccc23)CC1,0.0,7.06,0.0,0.0,0.0,0.0,0.0,0.0,0.0,0.0,0.0,0.0,0.0,0.0,0.0,0.0,0.0,0.0,0.0,0.0,0.0,0.0,0.0,0.0,0.0,0.0,0.0
CC(C)N1CCN(Cc2ccc(C#CCCN3CCCCC3)cc2)CC1,0.0,9.06,0.0,0.0,0.0,0.0,0.0,0.0,0.0,0.0,0.0,0.0,0.0,0.0,0.0,0.0,0.0,0.0,0.0,0.0,0.0,0.0,0.0,0.0,0.0,0.0,0.0
CC(C)N1CCN(c2ccc(-c3ccc(=O)n(C)n3)cc2)CC1,0.0,0.0,0.0,0.0,0.0,0.0,0.0,0.0,0.0,0.0,0.0,0.0,6.96,0.0,0.0,0.0,0.0,0.0,0.0,0.0,0.0,0.0,0.0,0.0,0.0,0.0,0.0
CC(C)N1CCN(c2ccc3ccccc3n2)CC1,0.0,0.0,0.0,0.0,0.0,0.0,0.0,0.0,0.0,0.0,0.0,0.0,0.0,0.0,0.0,0.0,0.0,0.0,0.0,0.0,0.0,0.0,0.0,0.0,8.17,0.0,0.0
CC(C)N1CCOC(COc2ccc(CN3CCOCC3)cc2)C1,0.0,7.31,0.0,0.0,0.0,0.0,0.0,0.0,0.0,0.0,0.0,0.0,0.0,0.0,0.0,0.0,0.0,0.0,0.0,0.0,0.0,0.0,0.0,0.0,0.0,0.0,0.0
CC(C)N1CCOC(COc2cccc(CN3CCOCC3)c2)C1,0.0,6.99,0.0,0.0,0.0,0.0,0.0,0.0,0.0,0.0,0.0,0.0,0.0,0.0,0.0,0.0,0.0,0.0,0.0,0.0,0.0,0.0,0.0,0.0,0.0,0.0,0.0
CC(C)N1CCOC(COc2ccccc2)C1,0.0,5.32,0.0,0.0,0.0,0.0,0.0,0.0,0.0,0.0,0.0,0.0,0.0,0.0,0.0,0.0,0.0,0.0,0.0,0.0,0.0,0.0,0.0,0.0,0.0,0.0,0.0
CC(C)N1CCc2ccc(OCCCN3CCCCC3)cc2C1,0.0,0.0,0.0,0.0,0.0,0.0,0.0,0.0,0.0,0.0,0.0,0.0,9.77,0.0,0.0,0.0,0.0,0.0,0.0,0.0,0.0,0.0,0.0,0.0,0.0,0.0,0.0
CC(C)N1CCc2ccc(OCCCN3CCCCC3)cc2CC1,0.0,0.0,0.0,0.0,0.0,0.0,0.0,0.0,0.0,0.0,0.0,0.0,9.14,0.0,0.0,0.0,0.0,0.0,0.0,0.0,0.0,0.0,0.0,0.0,0.0,0.0,0.0
CC(C)N1CCc2ccc(OCc3ccccc3)cc2CC1,0.0,0.0,0.0,0.0,0.0,0.0,0.0,0.0,0.0,0.0,7.7,0.0,0.0,0.0,0.0,0.0,0.0,0.0,0.0,0.0,0.0,0.0,0.0,0.0,0.0,0.0,0.0
CC(C)N1N=C(c2ccc(OC3CCN(C4CCC4)CC3)cc2)C2CC2C1=O,0.0,0.0,0.0,0.0,8.16,0.0,0.0,0.0,0.0,0.0,0.0,0.0,0.0,0.0,0.0,0.0,0.0,0.0,0.0,0.0,0.0,0.0,0.0,0.0,0.0,0.0,0.0
CC(C)NC(=O)N1CCCc2cc(OCCCN3CCCCC3)ccc2C1,0.0,0.0,0.0,0.0,0.0,0.0,0.0,0.0,0.0,0.0,0.0,0.0,7.77,0.0,0.0,0.0,0.0,0.0,0.0,0.0,0.0,0.0,0.0,0.0,0.0,0.0,0.0
CC(C)NC(=O)N1CCc2ccc(OCCCN3CCCCC3)cc2C1,0.0,0.0,0.0,0.0,0.0,0.0,0.0,0.0,0.0,0.0,0.0,0.0,8.31,0.0,0.0,0.0,0.0,0.0,0.0,0.0,0.0,0.0,0.0,0.0,0.0,0.0,0.0
CC(C)NC(=O)N1CCc2ccc(OCCCN3CCCCC3)cc2CC1,0.0,0.0,0.0,0.0,0.0,0.0,0.0,0.0,0.0,0.0,0.0,0.0,7.37,0.0,0.0,0.0,0.0,0.0,0.0,0.0,0.0,0.0,0.0,0.0,0.0,0.0,0.0
CC(C)NC(=O)c1ccc(-c2ccc3c(c2)CCN(CCN2CCCC2)C3=O)cc1,0.0,0.0,0.0,0.0,0.0,0.0,0.0,0.0,0.0,0.0,0.0,0.0,0.0,0.0,0.0,0.0,0.0,0.0,0.0,0.0,0.0,0.0,0.0,0.0,0.0,0.0,8.72
CC(C)NC(=O)c1ccc(Oc2ccc3c(c2)CCN(C2CCC2)CC3)nc1,0.0,0.0,0.0,0.0,0.0,0.0,0.0,0.0,0.0,0.0,9.9,0.0,0.0,0.0,0.0,0.0,0.0,0.0,0.0,0.0,0.0,0.0,0.0,0.0,0.0,0.0,0.0
CC(C)NC1CN(c2ccnc(N)n2)C1,0.0,0.0,0.0,0.0,0.0,0.0,0.0,0.0,0.0,0.0,0.0,0.0,0.0,0.0,0.0,0.0,0.0,0.0,0.0,0.0,0.0,7.4,0.0,0.0,0.0,0.0,0.0
CC(C)NCCCCCc1c[nH]cn1,0.0,7.9,0.0,0.0,0.0,0.0,0.0,0.0,0.0,0.0,0.0,0.0,0.0,0.0,0.0,0.0,0.0,0.0,0.0,0.0,0.0,0.0,0.0,0.0,0.0,0.0,0.0
CC(C)NCCCCc1c[nH]cn1,0.0,7.1,0.0,0.0,0.0,0.0,0.0,0.0,0.0,0.0,0.0,0.0,0.0,0.0,0.0,0.0,0.0,0.0,0.0,0.0,0.0,0.0,0.0,0.0,0.0,0.0,0.0
CC(C)S(=O)(=O)N1CCC(Oc2ccc3c(c2)CCC2(CCN(C4CCC4)CC2)O3)CC1,0.0,0.0,0.0,0.0,8.15,0.0,0.0,0.0,0.0,0.0,0.0,0.0,0.0,0.0,0.0,0.0,0.0,0.0,0.0,0.0,0.0,0.0,0.0,0.0,0.0,0.0,0.0
CC(C)c1cc(N2CC(N(C)C)C2)nc(N)n1,0.0,0.0,0.0,0.0,0.0,0.0,0.0,0.0,0.0,0.0,0.0,0.0,0.0,0.0,0.0,0.0,0.0,0.0,0.0,0.0,0.0,6.9,0.0,0.0,0.0,0.0,0.0
CC(C)c1cc(N2CC(N)C2)nc(N)n1,0.0,0.0,0.0,0.0,0.0,0.0,0.0,0.0,0.0,0.0,0.0,0.0,0.0,0.0,0.0,0.0,0.0,0.0,0.0,0.0,0.0,6.7,0.0,0.0,0.0,0.0,0.0
CC(C)c1cc(N2CCC(N)C2)nc(N)n1,0.0,5.98,0.0,0.0,0.0,0.0,0.0,0.0,0.0,0.0,0.0,0.0,0.0,0.0,0.0,0.0,0.0,0.0,0.0,0.0,0.0,0.0,0.0,0.0,0.0,0.0,0.0
CC(C)c1ccc(C(=O)c2cnc(OCC3CCN(C(C)C)CC3)n2C)cc1,0.0,0.0,0.0,0.0,0.0,0.0,0.0,0.0,0.0,0.0,0.0,0.0,8.05,0.0,0.0,0.0,0.0,0.0,0.0,0.0,0.0,0.0,0.0,0.0,0.0,0.0,0.0
CC(C)c1ccc(N2CCC(Cc3c[nH]cn3)CC2)cc1,0.0,0.0,0.0,0.0,7.85,0.0,0.0,0.0,0.0,0.0,0.0,0.0,0.0,0.0,0.0,0.0,0.0,0.0,0.0,0.0,0.0,0.0,0.0,0.0,0.0,0.0,0.0
CC(C)c1cccc(N2CCC(Cc3c[nH]cn3)CC2)c1,0.0,0.0,0.0,0.0,9.0,0.0,0.0,0.0,0.0,0.0,0.0,0.0,0.0,0.0,0.0,0.0,0.0,0.0,0.0,0.0,0.0,0.0,0.0,0.0,0.0,0.0,0.0
CC(C)c1nc2ccccc2c(=O)n1-c1ccc(OCCCN2CCCC2)cc1,0.0,0.0,0.0,0.0,0.0,0.0,0.0,0.0,0.0,0.0,0.0,0.0,9.6,0.0,0.0,0.0,0.0,0.0,0.0,0.0,0.0,0.0,0.0,0.0,0.0,0.0,0.0
CC(C)n1c(-c2ccc(OCCCN3CCCCC3)cc2)nc2ccccc2c1=O,0.0,0.0,0.0,0.0,0.0,0.0,0.0,0.0,0.0,0.0,0.0,0.0,9.55,0.0,0.0,0.0,0.0,0.0,0.0,0.0,0.0,0.0,0.0,0.0,0.0,0.0,0.0
CC(C)n1nc(-c2ccc(OC3CCN(C4CCC4)CC3)nc2)ccc1=O,0.0,0.0,0.0,0.0,8.19,0.0,0.0,0.0,0.0,0.0,0.0,0.0,0.0,0.0,0.0,0.0,0.0,0.0,0.0,0.0,0.0,0.0,0.0,0.0,0.0,0.0,0.0
CC(C)n1nc(-c2ccc(OCCCN3CCCC3)cc2)c2sccc2c1=O,0.0,0.0,0.0,0.0,8.4,0.0,0.0,0.0,0.0,0.0,0.0,0.0,0.0,0.0,0.0,0.0,0.0,0.0,0.0,0.0,0.0,0.0,0.0,0.0,0.0,0.0,0.0
CC(C)n1nc(-c2ccc(OCCCN3CCCCC3)cc2)c2sccc2c1=O,0.0,0.0,0.0,0.0,8.72,0.0,0.0,0.0,0.0,0.0,0.0,0.0,0.0,0.0,0.0,0.0,0.0,0.0,0.0,0.0,0.0,0.0,0.0,0.0,0.0,0.0,0.0
CC(CCCc1ccccc1)CNC(=O)N=C(N)NCC1CCc2nc(N)sc2C1,0.0,0.0,0.0,0.0,0.0,0.0,0.0,5.76,0.0,0.0,0.0,0.0,0.0,0.0,0.0,0.0,0.0,0.0,0.0,0.0,0.0,0.0,0.0,0.0,0.0,0.0,0.0
CC(CCCc1ccccc1)CNC(=O)N=C(N)NCCCc1nnc(N)s1,0.0,0.0,0.0,0.0,0.0,0.0,0.0,5.4,0.0,0.0,0.0,0.0,0.0,0.0,0.0,0.0,0.0,0.0,0.0,0.0,0.0,0.0,0.0,0.0,0.0,0.0,0.0
CC(CNC(=O)N=C(N)NCCCc1nnc(N)s1)C1CCCCC1,0.0,0.0,0.0,0.0,0.0,0.0,0.0,5.56,0.0,0.0,0.0,0.0,0.0,0.0,0.0,0.0,0.0,0.0,0.0,0.0,0.0,0.0,0.0,0.0,0.0,0.0,0.0
CC(CO)N1CCC(Oc2ccc(C#N)cc2)CC1,0.0,0.0,0.0,0.0,0.0,0.0,0.0,0.0,0.0,0.0,0.0,0.0,6.12,0.0,0.0,0.0,0.0,0.0,0.0,0.0,0.0,0.0,0.0,0.0,0.0,0.0,0.0
CC(COc1ccc(-c2ccc(=O)n(C)n2)cc1)CN1CCCC1C,0.0,0.0,0.0,0.0,8.62,0.0,0.0,0.0,0.0,0.0,0.0,0.0,0.0,0.0,0.0,0.0,0.0,0.0,0.0,0.0,0.0,0.0,0.0,0.0,0.0,0.0,0.0
CC(COc1ccc(-c2cn[nH]c(=O)c2)cc1)CN1CCCC1C,0.0,0.0,0.0,0.0,8.52,0.0,0.0,0.0,0.0,0.0,0.0,0.0,0.0,0.0,0.0,0.0,0.0,0.0,0.0,0.0,0.0,0.0,0.0,0.0,0.0,0.0,0.0
CC(COc1ccc(-c2cn[nH]c(=O)c2)cc1)CN1CCCCC1,0.0,0.0,0.0,0.0,7.6,0.0,0.0,0.0,0.0,0.0,0.0,0.0,0.0,0.0,0.0,0.0,0.0,0.0,0.0,0.0,0.0,0.0,0.0,0.0,0.0,0.0,0.0
CC(COc1ccc(C2=NNC(=O)C3CC23)cc1)CN1CCCC1C,0.0,0.0,0.0,0.0,0.0,0.0,0.0,0.0,0.0,0.0,0.0,0.0,8.64,0.0,0.0,0.0,0.0,0.0,0.0,0.0,0.0,0.0,0.0,0.0,0.0,0.0,0.0
CC(N)C(=O)N1CCN(CCCOc2ccc(C(=O)C3CC3)cc2)CC1,0.0,0.0,0.0,0.0,0.0,0.0,6.12,0.0,0.0,0.0,0.0,0.0,6.1,0.0,0.0,0.0,0.0,0.0,0.0,0.0,0.0,0.0,0.0,0.0,0.0,0.0,0.0
CC(N)Cc1c[nH]cn1,0.0,8.2,0.0,0.0,8.7,0.0,0.0,0.0,0.0,0.0,0.0,0.0,0.0,0.0,0.0,7.2,8.96,0.0,8.2,0.0,0.0,0.0,0.0,0.0,0.0,0.0,0.0
CC(NC(=O)N=C(N)NCCCc1c[nH]cn1)c1ccccc1,0.0,0.0,0.0,0.0,0.0,0.0,0.0,8.77,0.0,0.0,0.0,0.0,0.0,0.0,0.0,0.0,0.0,0.0,0.0,0.0,0.0,0.0,0.0,0.0,0.0,0.0,0.0
CC(NC(=O)N=C(N)NCCCn1cc(CN(C)C)nn1)c1ccccc1,0.0,0.0,0.0,0.0,0.0,0.0,0.0,4.99,0.0,0.0,0.0,0.0,0.0,0.0,0.0,0.0,0.0,0.0,0.0,0.0,0.0,0.0,0.0,0.0,0.0,0.0,0.0
CC(NC(=O)c1ccco1)C(=O)N1CCN(CCCOc2ccc(C(=O)C3CC3)cc2)CC1,0.0,0.0,0.0,0.0,0.0,0.0,7.03,0.0,0.0,0.0,0.0,0.0,7.0,0.0,0.0,0.0,0.0,0.0,0.0,0.0,0.0,0.0,0.0,0.0,0.0,0.0,0.0
CC(NCc1ccc(OCCCN2CCCCC2)cc1)C(N)=O,0.0,0.0,0.0,0.0,0.0,0.0,0.0,0.0,0.0,0.0,0.0,0.0,0.0,0.0,0.0,7.37,0.0,0.0,0.0,0.0,0.0,0.0,0.0,0.0,0.0,0.0,0.0
CC(O)CCc1ccc(OCCCN2CCCCC2)cc1,0.0,0.0,0.0,0.0,0.0,0.0,0.0,0.0,0.0,0.0,0.0,0.0,0.0,0.0,0.0,8.48,0.0,0.0,0.0,0.0,0.0,0.0,0.0,0.0,0.0,0.0,0.0
CC(O)COc1ccc2c(c1)CCC1(CCN(C3CCC3)CC1)O2,0.0,0.0,0.0,0.0,0.0,0.0,0.0,0.0,0.0,0.0,0.0,0.0,7.6,0.0,0.0,0.0,0.0,0.0,0.0,0.0,0.0,0.0,0.0,0.0,0.0,0.0,0.0
CC(O)c1cccc(-c2ccc3oc(CCN4CCCC4C)cc3c2)c1,0.0,0.0,0.0,0.0,0.0,0.0,9.36,0.0,0.0,0.0,0.0,0.0,0.0,0.0,0.0,0.0,0.0,0.0,0.0,0.0,0.0,0.0,0.0,0.0,0.0,0.0,0.0
CC(O)c1cccc(-c2nnc(N3CCC(N4CCCCC4)CC3)s2)c1,0.0,0.0,0.0,0.0,0.0,0.0,0.0,0.0,0.0,0.0,0.0,0.0,0.0,0.0,0.0,7.54,0.0,0.0,0.0,0.0,0.0,0.0,0.0,0.0,0.0,0.0,0.0
CC(c1cn(CCCc2c[nH]cn2)nn1)C1CCCCC1,0.0,0.0,0.0,0.0,0.0,0.0,0.0,0.0,0.0,0.0,0.0,0.0,0.0,0.0,0.0,7.22,0.0,0.0,0.0,0.0,0.0,0.0,0.0,0.0,0.0,0.0,0.0
CC(c1cn(CCc2c[nH]cn2)nn1)C1CCCCC1,0.0,0.0,0.0,0.0,0.0,0.0,0.0,0.0,0.0,0.0,0.0,0.0,0.0,0.0,0.0,7.12,0.0,0.0,0.0,0.0,0.0,0.0,0.0,0.0,0.0,0.0,0.0
CC1(C)CC(c2ccc(OC3CCN(C4CCC4)CC3)c(F)c2)=NNC1=O,0.0,0.0,0.0,0.0,8.15,0.0,0.0,0.0,0.0,0.0,0.0,0.0,0.0,0.0,0.0,0.0,0.0,0.0,0.0,0.0,0.0,0.0,0.0,0.0,0.0,0.0,0.0
CC1(C)CC(c2ccc(OC3CCN(C4CCC4)CC3)cc2)=NNC1=O,0.0,0.0,0.0,0.0,8.57,0.0,0.0,0.0,0.0,0.0,0.0,0.0,0.0,0.0,0.0,0.0,0.0,0.0,0.0,0.0,0.0,0.0,0.0,0.0,0.0,0.0,0.0
CC1(C)CC(c2ccc(OC3CCN(C4CCC4)CC3)nc2)=NNC1=O,0.0,0.0,0.0,0.0,7.92,0.0,0.0,0.0,0.0,0.0,0.0,0.0,0.0,0.0,0.0,0.0,0.0,0.0,0.0,0.0,0.0,0.0,0.0,0.0,0.0,0.0,0.0
CC1(C)CCCN(CCCOc2ccc(C3CCN(C(=O)c4ccc(CCC(=O)O)c5ccccc45)CC3)cc2)C1,0.0,0.0,0.0,0.0,0.0,0.0,0.0,0.0,0.0,0.0,0.0,0.0,7.3,0.0,0.0,0.0,0.0,0.0,0.0,0.0,0.0,0.0,0.0,0.0,0.0,0.0,0.0
CC1(C)CN=C(c2cccc(Cc3c[nH]cn3)c2)OC1,0.0,0.0,0.0,0.0,5.6,0.0,0.0,0.0,0.0,0.0,0.0,0.0,0.0,0.0,0.0,0.0,0.0,0.0,0.0,0.0,0.0,0.0,0.0,0.0,0.0,0.0,0.0
CC1(C)COC(c2ccc(Cc3c[nH]cn3)cc2)=N1,0.0,0.0,0.0,0.0,5.6,0.0,0.0,0.0,0.0,0.0,0.0,0.0,0.0,0.0,0.0,0.0,0.0,0.0,0.0,0.0,0.0,0.0,0.0,0.0,0.0,0.0,0.0
CC1(C)COC(c2ccc(OC3CC(N4CCCCC4)C3)cc2)=N1,0.0,0.0,0.0,0.0,8.1,0.0,0.0,0.0,0.0,0.0,0.0,0.0,0.0,0.0,0.0,0.0,0.0,0.0,0.0,0.0,0.0,0.0,0.0,0.0,0.0,0.0,0.0
CC1(C)COC(c2ccc(OCCCN3CCCCC3)cc2)=N1,0.0,0.0,0.0,0.0,6.8,0.0,0.0,0.0,0.0,0.0,0.0,0.0,0.0,0.0,0.0,0.0,0.0,0.0,0.0,0.0,0.0,0.0,0.0,0.0,0.0,0.0,0.0
CC1(C)COC(c2cccc(Cc3c[nH]cn3)c2)=N1,0.0,0.0,0.0,0.0,8.4,0.0,0.0,0.0,0.0,0.0,0.0,0.0,0.0,0.0,0.0,0.0,0.0,0.0,0.0,0.0,0.0,0.0,0.0,0.0,0.0,0.0,0.0
CC12CCC(OCCCN3CCCC3)CC1=CCC1C2CCC2(C)C1CCC2N1CCCC1,0.0,0.0,0.0,0.0,0.0,0.0,0.0,0.0,0.0,0.0,0.0,0.0,0.0,0.0,0.0,0.0,8.37,0.0,0.0,0.0,0.0,0.0,0.0,0.0,0.0,0.0,0.0
CC12CCC3c4ccc(OCCCCN5CCCC5)cc4CCC3C1CCC2N1CCCC1,0.0,0.0,0.0,0.0,0.0,0.0,0.0,0.0,0.0,0.0,0.0,0.0,0.0,0.0,0.0,0.0,9.1,0.0,0.0,0.0,0.0,0.0,0.0,0.0,0.0,0.0,0.0
CC12CCC3c4ccc(OCCCN5CCC(C(N)=O)CC5)cc4CCC3C1CCC2N1CCCC1,0.0,0.0,0.0,0.0,0.0,0.0,0.0,0.0,0.0,0.0,0.0,0.0,0.0,0.0,0.0,0.0,8.15,0.0,0.0,0.0,0.0,0.0,0.0,0.0,0.0,0.0,0.0
CC12CCC3c4ccc(OCCCN5CCC(O)C5)cc4CCC3C1CCC2N1CCCC1,0.0,0.0,0.0,0.0,0.0,0.0,0.0,0.0,0.0,0.0,0.0,0.0,0.0,0.0,0.0,0.0,8.28,0.0,0.0,0.0,0.0,0.0,0.0,0.0,0.0,0.0,0.0
CC12CCC3c4ccc(OCCCN5CCC(O)CC5)cc4CCC3C1CCC2N1CCCC1,0.0,0.0,0.0,0.0,0.0,0.0,0.0,0.0,0.0,0.0,0.0,0.0,0.0,0.0,0.0,0.0,8.3,0.0,0.0,0.0,0.0,0.0,0.0,0.0,0.0,0.0,0.0
CC12CCC3c4ccc(OCCCN5CCCC5)cc4CCC3C1CCC2N1CCCC1,0.0,0.0,0.0,0.0,0.0,0.0,0.0,0.0,0.0,0.0,0.0,0.0,0.0,0.0,0.0,0.0,9.22,0.0,0.0,0.0,0.0,9.22,0.0,0.0,0.0,0.0,0.0
CC12CCC3c4ccc(OCCCN5CCCC5=O)cc4CCC3C1CCC2N1CCCC1,0.0,0.0,0.0,0.0,0.0,0.0,0.0,0.0,0.0,0.0,0.0,0.0,0.0,0.0,0.0,0.0,0.0,0.0,0.0,0.0,0.0,8.05,0.0,0.0,0.0,0.0,0.0
CC12CCC3c4ccc(OCCCN5CCCCCC5)cc4CCC3C1CCC2N1CCCC1,0.0,0.0,0.0,0.0,0.0,0.0,0.0,0.0,0.0,0.0,0.0,0.0,0.0,0.0,0.0,0.0,9.22,0.0,0.0,0.0,0.0,0.0,0.0,0.0,0.0,0.0,0.0
CC12CCC3c4ccc(OCCCN5CCNC(=O)C5)cc4CCC3C1CCC2N1CCCC1,0.0,0.0,0.0,0.0,0.0,0.0,0.0,0.0,0.0,0.0,0.0,0.0,0.0,0.0,0.0,0.0,9.22,0.0,0.0,0.0,0.0,0.0,0.0,0.0,0.0,0.0,0.0
CC12CCC3c4ccc(OCCN5CCCC5)cc4CCC3C1CCC2N1CCCC1,0.0,0.0,0.0,0.0,0.0,0.0,0.0,0.0,0.0,0.0,0.0,0.0,0.0,0.0,0.0,0.0,8.72,0.0,0.0,0.0,0.0,0.0,0.0,0.0,0.0,0.0,0.0
CC12CCC3c4ccc(OCc5ccc(Cl)cn5)cc4CCC3C1CCC2N1CCCC1,0.0,0.0,0.0,0.0,0.0,0.0,0.0,0.0,0.0,0.0,0.0,0.0,0.0,0.0,0.0,0.0,8.8,0.0,0.0,0.0,0.0,0.0,0.0,0.0,0.0,0.0,0.0
CC12CCC3c4ccc(OCc5ccccc5)cc4CCC3C1CCC2N1CCCC1,0.0,0.0,0.0,0.0,0.0,0.0,0.0,0.0,0.0,0.0,0.0,0.0,0.0,0.0,0.0,0.0,6.67,0.0,0.0,0.0,0.0,0.0,0.0,0.0,0.0,0.0,0.0
CC12CCC3c4ccc(OCc5ccccn5)cc4CCC3C1CCC2N1CCCC1,0.0,0.0,0.0,0.0,0.0,0.0,0.0,0.0,0.0,0.0,0.0,0.0,0.0,0.0,0.0,0.0,8.66,0.0,0.0,0.0,0.0,0.0,0.0,0.0,0.0,0.0,0.0
CC12CCC3c4ccc(OCc5cccnc5)cc4CCC3C1CCC2N1CCCC1,0.0,0.0,0.0,0.0,0.0,0.0,0.0,0.0,0.0,0.0,0.0,0.0,0.0,0.0,0.0,0.0,8.52,0.0,0.0,0.0,0.0,0.0,0.0,0.0,0.0,0.0,0.0
CC12CCC3c4ccc(OCc5ccncc5)cc4CCC3C1CCC2N1CCCC1,0.0,0.0,0.0,0.0,0.0,0.0,0.0,0.0,0.0,0.0,0.0,0.0,0.0,0.0,0.0,0.0,9.06,0.0,0.0,0.0,0.0,0.0,0.0,0.0,0.0,0.0,0.0
CC1=C(c2ccc(OCCCN3CCCC3)cc2)Oc2ccccc2S1,0.0,0.0,0.0,0.0,0.0,0.0,0.0,0.0,0.0,0.0,0.0,0.0,8.05,0.0,0.0,0.0,0.0,0.0,0.0,0.0,0.0,0.0,0.0,0.0,0.0,0.0,0.0
CC1=C(c2ccc(OCCCN3CCCC3)cc2)Oc2ccccc2S1(=O)=O,0.0,0.0,0.0,0.0,0.0,0.0,0.0,0.0,0.0,0.0,0.0,0.0,9.05,0.0,0.0,0.0,0.0,0.0,0.0,0.0,0.0,0.0,0.0,0.0,0.0,0.0,0.0
CC1=CC(C)=[N+]2C1=C(c1ccc(OCCCN3CCCCC3)cc1)c1c(C)cc(C)n1[B-]2(F)F,0.0,0.0,0.0,0.0,0.0,0.0,0.0,0.0,0.0,0.0,0.0,0.0,0.0,0.0,0.0,8.19,0.0,0.0,0.0,0.0,0.0,0.0,0.0,0.0,0.0,0.0,0.0
CC1=NNC(=O)CC1c1ccc(OC2CCN(C3CCC3)CC2)cc1,0.0,0.0,0.0,0.0,7.82,0.0,0.0,0.0,0.0,0.0,0.0,0.0,0.0,0.0,0.0,0.0,0.0,0.0,0.0,0.0,0.0,0.0,0.0,0.0,0.0,0.0,0.0
CC1C(c2ccc(OCCCN3CCCC3)cc2)Oc2ccccc2S1(=O)=O,0.0,0.0,0.0,0.0,0.0,0.0,0.0,0.0,0.0,0.0,0.0,0.0,8.4,0.0,0.0,0.0,0.0,0.0,0.0,0.0,0.0,0.0,0.0,0.0,0.0,0.0,0.0
CC1C2CCC3C4CC=C5CC(N(C)C(=O)C6CC6)CCC5(C)C4CCC32CN1C,0.0,0.0,0.0,0.0,0.0,0.0,7.22,0.0,0.0,0.0,0.0,0.0,0.0,0.0,0.0,0.0,0.0,0.0,0.0,0.0,0.0,0.0,0.0,0.0,0.0,0.0,0.0
CC1C2CCC3C4CC=C5CC(N(C)C(=O)Cc6cccs6)CCC5(C)C4CCC32CN1C,0.0,0.0,0.0,0.0,0.0,0.0,8.48,0.0,0.0,0.0,0.0,0.0,0.0,0.0,0.0,0.0,0.0,0.0,0.0,0.0,0.0,0.0,0.0,0.0,0.0,0.0,0.0
CC1C2CCC3C4CC=C5CC(N(C)C(=O)N(C)C)CCC5(C)C4CCC32CN1C,0.0,0.0,0.0,0.0,0.0,0.0,7.3,0.0,0.0,0.0,0.0,0.0,0.0,0.0,0.0,0.0,0.0,0.0,0.0,0.0,0.0,0.0,0.0,0.0,0.0,0.0,0.0
CC1C2CCC3C4CC=C5CC(N(C)C(=O)OCC(Cl)(Cl)Cl)CCC5(C)C4CCC32CN1C,0.0,0.0,0.0,0.0,0.0,0.0,7.71,0.0,0.0,0.0,0.0,0.0,0.0,0.0,0.0,0.0,0.0,0.0,0.0,0.0,0.0,0.0,0.0,0.0,0.0,0.0,0.0
CC1C2CCC3C4CC=C5CC(N(C)C(=O)c6ccc(C#N)cc6)CCC5(C)C4CCC32CN1C,0.0,0.0,0.0,0.0,0.0,0.0,7.4,0.0,0.0,0.0,0.0,0.0,0.0,0.0,0.0,0.0,0.0,0.0,0.0,0.0,0.0,0.0,0.0,0.0,0.0,0.0,0.0
CC1C2CCC3C4CC=C5CC(N(C)C(=O)c6ccccc6)CCC5(C)C4CCC32CN1C,0.0,0.0,0.0,0.0,0.0,0.0,7.91,0.0,0.0,0.0,0.0,0.0,0.0,0.0,0.0,0.0,0.0,0.0,0.0,0.0,0.0,0.0,0.0,0.0,0.0,0.0,0.0
CC1C2CCC3C4CC=C5CC(N(C)C(=O)c6ccncc6)CCC5(C)C4CCC32CN1C,0.0,0.0,0.0,0.0,0.0,0.0,7.79,0.0,0.0,0.0,0.0,0.0,0.0,0.0,0.0,0.0,0.0,0.0,0.0,0.0,0.0,0.0,0.0,0.0,0.0,0.0,0.0
CC1C2CCC3C4CC=C5CC(N(C)C)CCC5(C)C4CCC32CN1C,0.0,0.0,0.0,0.0,0.0,0.0,8.27,0.0,0.0,0.0,0.0,0.0,0.0,0.0,0.0,0.0,8.3,0.0,0.0,8.46,0.0,0.0,0.0,0.0,0.0,0.0,0.0
CC1C2CCC3C4CC=C5CC(N(C)S(=O)(=O)N(C)C)CCC5(C)C4CCC32CN1C,0.0,0.0,0.0,0.0,0.0,0.0,7.51,0.0,0.0,0.0,0.0,0.0,0.0,0.0,0.0,0.0,0.0,0.0,0.0,0.0,0.0,0.0,0.0,0.0,0.0,0.0,0.0
CC1C2CCC3C4CC=C5CC(N(C)S(=O)(=O)c6ccc(C#N)cc6)CCC5(C)C4CCC32CN1C,0.0,0.0,0.0,0.0,0.0,0.0,7.72,0.0,0.0,0.0,0.0,0.0,0.0,0.0,0.0,0.0,0.0,0.0,0.0,0.0,0.0,0.0,0.0,0.0,0.0,0.0,0.0
CC1C2CCC3C4CC=C5CC(N(C)S(=O)(=O)c6ccccc6)CCC5(C)C4CCC32CN1C,0.0,0.0,0.0,0.0,0.0,0.0,8.11,0.0,0.0,0.0,0.0,0.0,0.0,0.0,0.0,0.0,0.0,0.0,0.0,0.0,0.0,0.0,0.0,0.0,0.0,0.0,0.0
CC1C2CCC3C4CC=C5CC(N(C)c6ccc(C#N)cc6)CCC5(C)C4CCC32CN1C,0.0,0.0,0.0,0.0,0.0,0.0,8.78,0.0,0.0,0.0,0.0,0.0,0.0,0.0,0.0,0.0,0.0,0.0,0.0,0.0,0.0,0.0,0.0,0.0,0.0,0.0,0.0
CC1CC(=O)NN=C1c1ccc(OC2CCN(C3CCC3)CC2)cc1,0.0,0.0,0.0,0.0,8.25,0.0,0.0,0.0,0.0,0.0,0.0,0.0,0.0,0.0,0.0,0.0,0.0,0.0,0.0,0.0,0.0,0.0,0.0,0.0,0.0,0.0,0.0
CC1CC(=O)NN=C1c1ccc(OCCCN2CCCC2)cc1,0.0,0.0,0.0,0.0,7.08,0.0,0.0,0.0,0.0,0.0,0.0,0.0,0.0,0.0,0.0,0.0,0.0,0.0,0.0,0.0,0.0,0.0,0.0,0.0,0.0,0.0,0.0
CC1CC(=O)NN=C1c1ccc(OCCCN2CCCC2C)cc1,0.0,0.0,0.0,0.0,8.33,0.0,0.0,0.0,0.0,0.0,0.0,0.0,0.0,0.0,0.0,0.0,0.0,0.0,0.0,0.0,0.0,0.0,0.0,0.0,0.0,0.0,0.0
CC1CC(=O)NN=C1c1ccc(OCCCN2CCCCC2)cc1,0.0,0.0,0.0,0.0,7.68,0.0,0.0,0.0,0.0,0.0,0.0,0.0,0.0,0.0,0.0,0.0,0.0,0.0,0.0,0.0,0.0,0.0,0.0,0.0,0.0,0.0,0.0
CC1CC(C)(C)N=C(c2cccc(Cc3c[nH]cn3)c2)O1,0.0,0.0,0.0,0.0,8.9,0.0,0.0,0.0,0.0,0.0,0.0,0.0,0.0,0.0,0.0,0.0,0.0,0.0,0.0,0.0,0.0,0.0,0.0,0.0,0.0,0.0,0.0
CC1CC(C)CN(Cc2ccc(-c3ccc(CN4CC(C)CC(C)C4)cc3)cc2)C1,0.0,6.4,0.0,0.0,0.0,0.0,0.0,0.0,0.0,0.0,0.0,0.0,0.0,0.0,0.0,0.0,0.0,0.0,0.0,0.0,0.0,0.0,0.0,0.0,0.0,0.0,0.0
CC1CC(C)CN(Cc2ccc(-c3ccc(CN4CCCCC4)cc3)cc2)C1,0.0,9.06,0.0,0.0,0.0,0.0,0.0,0.0,0.0,0.0,0.0,0.0,0.0,0.0,0.0,0.0,0.0,0.0,0.0,0.0,0.0,0.0,0.0,0.0,0.0,0.0,0.0
CC1CC(c2ccc(OCCCN3CCCC3C)cc2)=NNC1=O,0.0,0.0,0.0,0.0,8.72,0.0,0.0,0.0,0.0,0.0,0.0,0.0,0.0,0.0,0.0,0.0,0.0,0.0,0.0,0.0,0.0,0.0,0.0,0.0,0.0,0.0,0.0
CC1CCC(=O)N1c1ccc(Oc2ccc3c(c2)CCN(C2CCC2)CC3)nc1,0.0,0.0,0.0,0.0,0.0,0.0,0.0,0.0,0.0,0.0,9.5,0.0,0.0,0.0,0.0,0.0,0.0,0.0,0.0,0.0,0.0,0.0,0.0,0.0,0.0,0.0,0.0
CC1CCC(C)N1CCCOc1ccc(-c2ccc(C(=O)N3CCOCC3)cc2)cc1,0.0,0.0,0.0,0.0,7.92,0.0,9.39,0.0,0.0,0.0,0.0,0.0,9.31,0.0,0.0,0.0,0.0,0.0,0.0,0.0,0.0,0.0,0.0,0.0,0.0,0.0,0.0
CC1CCC(C)N1CCCOc1ccc2c(c1)cc1n2CCNC1=O,0.0,0.0,0.0,0.0,0.0,0.0,0.0,0.0,0.0,0.0,0.0,0.0,7.96,0.0,0.0,0.0,0.0,0.0,0.0,0.0,0.0,0.0,0.0,0.0,0.0,0.0,0.0
CC1CCCCN(CCCOCCCOc2ccc(Cl)cc2)C1,0.0,0.0,0.0,0.0,0.0,0.0,0.0,0.0,0.0,0.0,0.0,0.0,0.0,0.0,0.0,7.89,0.0,0.0,0.0,0.0,0.0,0.0,0.0,0.0,0.0,0.0,0.0
CC1CCCCN1CCc1ccc2cc(-c3ccc(C#N)cc3)ccc2c1,0.0,0.0,0.0,0.0,0.0,0.0,8.06,0.0,0.0,0.0,0.0,0.0,0.0,0.0,0.0,0.0,0.0,0.0,0.0,0.0,0.0,0.0,0.0,0.0,0.0,0.0,0.0
CC1CCCN(CCCCCCCOc2ccc(Cl)cc2)C1,0.0,0.0,0.0,0.0,0.0,0.0,0.0,0.0,0.0,0.0,0.0,0.0,0.0,0.0,0.0,6.75,0.0,0.0,0.0,0.0,0.0,0.0,0.0,0.0,0.0,0.0,0.0
CC1CCCN(CCCCCCOc2ccc3c(c2)C(=O)CC(c2ccccc2)O3)C1,0.0,0.0,0.0,0.0,0.0,0.0,0.0,0.0,0.0,0.0,0.0,0.0,0.0,0.0,0.0,6.28,0.0,0.0,0.0,0.0,0.0,0.0,0.0,0.0,0.0,0.0,0.0
CC1CCCN(CCCCCCOc2ccc3ccccc3c2)C1,0.0,0.0,0.0,0.0,0.0,0.0,0.0,0.0,0.0,0.0,0.0,0.0,0.0,0.0,0.0,7.25,0.0,0.0,0.0,0.0,0.0,0.0,0.0,0.0,0.0,0.0,0.0
CC1CCCN(CCCCCCOc2ccc3oc4cc(Cl)ccc4c(=O)c3c2)C1,0.0,0.0,0.0,0.0,0.0,0.0,0.0,0.0,0.0,0.0,0.0,0.0,0.0,0.0,0.0,0.0,5.96,0.0,0.0,0.0,0.0,0.0,0.0,0.0,0.0,0.0,0.0
CC1CCCN(CCCCCCOc2ccc3oc4ccc(Cl)cc4c(=O)c3c2)C1,0.0,0.0,0.0,0.0,0.0,0.0,0.0,0.0,0.0,0.0,0.0,0.0,0.0,0.0,0.0,0.0,6.36,0.0,0.0,0.0,0.0,0.0,0.0,0.0,0.0,0.0,0.0
CC1CCCN(CCCCCCOc2ccc3oc4ccccc4c(=O)c3c2)C1,0.0,0.0,0.0,0.0,0.0,0.0,0.0,0.0,0.0,0.0,0.0,0.0,0.0,0.0,0.0,0.0,7.0,0.0,0.0,0.0,0.0,0.0,0.0,0.0,0.0,0.0,0.0
CC1CCCN(CCCCCCOc2cccc(Cl)c2)C1,0.0,0.0,0.0,0.0,0.0,0.0,0.0,0.0,0.0,0.0,0.0,0.0,0.0,0.0,0.0,6.76,0.0,0.0,0.0,0.0,0.0,0.0,0.0,0.0,0.0,0.0,0.0
CC1CCCN(CCCCCCOc2cccc3ccccc23)C1,0.0,0.0,0.0,0.0,0.0,0.0,0.0,0.0,0.0,0.0,0.0,0.0,0.0,0.0,0.0,7.32,0.0,0.0,0.0,0.0,0.0,0.0,0.0,0.0,0.0,0.0,0.0
CC1CCCN(CCCCCOc2ccc(Cl)cc2)C1,0.0,0.0,0.0,0.0,0.0,0.0,0.0,0.0,0.0,0.0,0.0,0.0,0.0,0.0,0.0,6.88,0.0,0.0,0.0,0.0,0.0,0.0,0.0,0.0,0.0,0.0,0.0
CC1CCCN(CCCCCOc2ccc3ccccc3c2)C1,0.0,0.0,0.0,0.0,0.0,0.0,0.0,0.0,0.0,0.0,0.0,0.0,0.0,0.0,0.0,7.37,0.0,0.0,0.0,0.0,0.0,0.0,0.0,0.0,0.0,0.0,0.0
CC1CCCN(CCCCCOc2ccc3oc4cc(Cl)ccc4c(=O)c3c2)C1,0.0,0.0,0.0,0.0,0.0,0.0,0.0,0.0,0.0,0.0,0.0,0.0,0.0,0.0,0.0,0.0,7.25,0.0,0.0,0.0,0.0,0.0,0.0,0.0,0.0,0.0,0.0
CC1CCCN(CCCCCOc2ccc3oc4ccc(Cl)cc4c(=O)c3c2)C1,0.0,0.0,0.0,0.0,0.0,0.0,0.0,0.0,0.0,0.0,0.0,0.0,0.0,0.0,0.0,0.0,6.83,0.0,0.0,0.0,0.0,0.0,0.0,0.0,0.0,0.0,0.0
CC1CCCN(CCCCCOc2ccc3oc4ccccc4c(=O)c3c2)C1,0.0,0.0,0.0,0.0,0.0,0.0,0.0,0.0,0.0,0.0,0.0,0.0,0.0,0.0,0.0,0.0,6.81,0.0,0.0,0.0,0.0,0.0,0.0,0.0,0.0,0.0,0.0
CC1CCCN(CCCCCOc2cccc3ccccc23)C1,0.0,0.0,0.0,0.0,0.0,0.0,0.0,0.0,0.0,0.0,0.0,0.0,0.0,0.0,0.0,7.48,0.0,0.0,0.0,0.0,0.0,0.0,0.0,0.0,0.0,0.0,0.0
CC1CCCN(CCCOCCCOc2ccc(C(C)(C)C)cc2)C1,0.0,0.0,0.0,0.0,0.0,0.0,0.0,0.0,0.0,0.0,0.0,0.0,0.0,0.0,0.0,7.29,0.0,0.0,0.0,0.0,0.0,0.0,0.0,0.0,0.0,0.0,0.0
CC1CCCN(CCCOCCCOc2ccc(Cl)cc2)C1,0.0,0.0,0.0,0.0,0.0,0.0,0.0,0.0,0.0,0.0,0.0,0.0,0.0,0.0,0.0,7.55,0.0,0.0,0.0,0.0,0.0,0.0,0.0,0.0,0.0,0.0,0.0
CC1CCCN(CCCOCCOc2ccc(C(C)(C)C)cc2)C1,0.0,0.0,0.0,0.0,0.0,0.0,0.0,0.0,0.0,0.0,0.0,0.0,0.0,0.0,0.0,7.56,0.0,0.0,0.0,0.0,0.0,0.0,0.0,0.0,0.0,0.0,0.0
CC1CCCN1C(=O)c1ccc(-c2ccc3c(c2)CCN(CCN2CCCC2)C3=O)cc1,0.0,0.0,0.0,0.0,0.0,0.0,0.0,0.0,0.0,0.0,0.0,0.0,0.0,0.0,0.0,0.0,0.0,0.0,0.0,0.0,0.0,0.0,0.0,0.0,0.0,0.0,8.77
CC1CCCN1C(CCCOc1ccccc1)c1ccc(-c2ccc(CN3CCCCC3)cc2)cc1,0.0,9.29,0.0,0.0,0.0,0.0,0.0,0.0,0.0,0.0,0.0,0.0,0.0,0.0,0.0,0.0,0.0,0.0,0.0,0.0,0.0,0.0,0.0,0.0,0.0,0.0,0.0
CC1CCCN1C1CC(c2ccc(-c3ccc(C#N)cc3)cc2)C1,0.0,0.0,0.0,0.0,0.0,0.0,0.0,0.0,0.0,0.0,0.0,0.0,9.77,0.0,0.0,0.0,0.0,0.0,0.0,0.0,0.0,0.0,0.0,0.0,0.0,0.0,0.0
CC1CCCN1CC(=O)Nc1ccc(CN2CCOCC2)cc1,0.0,0.0,0.0,0.0,0.0,0.0,0.0,0.0,0.0,0.0,0.0,0.0,0.0,0.0,0.0,0.0,6.04,0.0,0.0,0.0,0.0,0.0,0.0,0.0,0.0,0.0,0.0
CC1CCCN1CC(=O)Nc1ccc(N2CCOCC2)cc1,0.0,0.0,0.0,0.0,0.0,0.0,0.0,0.0,0.0,0.0,0.0,0.0,0.0,0.0,0.0,0.0,5.84,0.0,0.0,0.0,0.0,0.0,0.0,0.0,0.0,0.0,0.0
CC1CCCN1CC(=O)Nc1ccc(OC2CCN(C3CCC3)CC2)cc1,0.0,0.0,0.0,0.0,0.0,0.0,0.0,0.0,0.0,0.0,0.0,0.0,0.0,0.0,0.0,0.0,8.59,0.0,0.0,0.0,0.0,0.0,0.0,0.0,0.0,0.0,0.0
CC1CCCN1CCCOc1c(F)cc(-c2ccc(=O)[nH]n2)cc1F,0.0,0.0,0.0,0.0,8.15,0.0,0.0,0.0,0.0,0.0,0.0,0.0,0.0,0.0,0.0,0.0,0.0,0.0,0.0,0.0,0.0,0.0,0.0,0.0,0.0,0.0,0.0
CC1CCCN1CCCOc1c(F)cc(-c2ccc(=O)n(C)n2)cc1F,0.0,0.0,0.0,0.0,7.96,0.0,0.0,0.0,0.0,0.0,0.0,0.0,0.0,0.0,0.0,0.0,0.0,0.0,0.0,0.0,0.0,0.0,0.0,0.0,0.0,0.0,0.0
CC1CCCN1CCCOc1ccc(-c2cc(-c3ccccc3)c(=O)n(C)c2)cc1,0.0,0.0,0.0,0.0,8.46,0.0,0.0,0.0,0.0,0.0,0.0,0.0,0.0,0.0,0.0,0.0,0.0,0.0,0.0,0.0,0.0,0.0,0.0,0.0,0.0,0.0,0.0
CC1CCCN1CCCOc1ccc(-c2cc(-c3ccccn3)c(=O)[nH]n2)cc1,0.0,0.0,0.0,0.0,8.51,0.0,0.0,0.0,0.0,0.0,0.0,0.0,0.0,0.0,0.0,0.0,0.0,0.0,0.0,0.0,0.0,0.0,0.0,0.0,0.0,0.0,0.0
CC1CCCN1CCCOc1ccc(-c2cc(C#N)c(=O)n(C)c2)cc1,0.0,0.0,0.0,0.0,8.47,0.0,0.0,0.0,0.0,0.0,0.0,0.0,0.0,0.0,0.0,0.0,0.0,0.0,0.0,0.0,0.0,0.0,0.0,0.0,0.0,0.0,0.0
CC1CCCN1CCCOc1ccc(-c2ccc(=O)[nH]c2)cc1,0.0,0.0,0.0,0.0,8.11,0.0,0.0,0.0,0.0,0.0,0.0,0.0,0.0,0.0,0.0,0.0,0.0,0.0,0.0,0.0,0.0,0.0,0.0,0.0,0.0,0.0,0.0
CC1CCCN1CCCOc1ccc(-c2ccc(=O)[nH]n2)c(F)c1,0.0,0.0,0.0,0.0,7.8,0.0,0.0,0.0,0.0,0.0,0.0,0.0,0.0,0.0,0.0,0.0,0.0,0.0,0.0,0.0,0.0,0.0,0.0,0.0,0.0,0.0,0.0
CC1CCCN1CCCOc1ccc(-c2ccc(=O)[nH]n2)cc1,0.0,0.0,0.0,0.0,8.7,0.0,0.0,0.0,0.0,0.0,0.0,0.0,8.7,0.0,0.0,0.0,0.0,0.0,0.0,0.0,0.0,0.0,0.0,0.0,0.0,0.0,0.0
CC1CCCN1CCCOc1ccc(-c2ccc(=O)[nH]n2)cc1C#N,0.0,0.0,0.0,0.0,7.42,0.0,0.0,0.0,0.0,0.0,0.0,0.0,0.0,0.0,0.0,0.0,0.0,0.0,0.0,0.0,0.0,0.0,0.0,0.0,0.0,0.0,0.0
CC1CCCN1CCCOc1ccc(-c2ccc(=O)[nH]n2)cn1,0.0,0.0,0.0,0.0,7.46,0.0,0.0,0.0,0.0,0.0,0.0,0.0,0.0,0.0,0.0,0.0,0.0,0.0,0.0,0.0,0.0,0.0,0.0,0.0,0.0,0.0,0.0
CC1CCCN1CCCOc1ccc(-c2ccc(=O)n(-c3ccc(F)cc3)c2)cc1,0.0,0.0,0.0,0.0,8.33,0.0,0.0,0.0,0.0,0.0,0.0,0.0,0.0,0.0,0.0,0.0,0.0,0.0,0.0,0.0,0.0,0.0,0.0,0.0,0.0,0.0,0.0
CC1CCCN1CCCOc1ccc(-c2ccc(=O)n(-c3ccccc3)c2)cc1,0.0,0.0,0.0,0.0,8.74,0.0,0.0,0.0,0.0,0.0,0.0,0.0,0.0,0.0,0.0,0.0,0.0,0.0,0.0,0.0,0.0,0.0,0.0,0.0,0.0,0.0,0.0
CC1CCCN1CCCOc1ccc(-c2ccc(=O)n(-c3ccccc3)n2)cc1,0.0,0.0,0.0,0.0,8.6,0.0,0.0,0.0,0.0,0.0,0.0,0.0,0.0,0.0,0.0,0.0,0.0,0.0,0.0,0.0,0.0,0.0,0.0,0.0,0.0,0.0,0.0
CC1CCCN1CCCOc1ccc(-c2ccc(=O)n(-c3ccccn3)n2)cc1,0.0,0.0,0.0,0.0,8.0,0.0,0.0,0.0,0.0,0.0,0.0,0.0,0.0,0.0,0.0,0.0,0.0,0.0,0.0,0.0,0.0,0.0,0.0,0.0,0.0,0.0,0.0
CC1CCCN1CCCOc1ccc(-c2ccc(=O)n(-c3ncccn3)n2)cc1,0.0,0.0,0.0,0.0,8.85,0.0,0.0,0.0,0.0,0.0,0.0,0.0,0.0,0.0,0.0,0.0,0.0,0.0,0.0,0.0,0.0,0.0,0.0,0.0,0.0,0.0,0.0
CC1CCCN1CCCOc1ccc(-c2ccc(=O)n(C(C)C)n2)cc1,0.0,0.0,0.0,0.0,8.32,0.0,0.0,0.0,0.0,0.0,0.0,0.0,0.0,0.0,0.0,0.0,0.0,0.0,0.0,0.0,0.0,0.0,0.0,0.0,0.0,0.0,0.0
CC1CCCN1CCCOc1ccc(-c2ccc(=O)n(C)c2)cc1,0.0,0.0,0.0,0.0,9.15,0.0,0.0,0.0,0.0,0.0,0.0,0.0,0.0,0.0,0.0,0.0,0.0,0.0,0.0,0.0,0.0,0.0,0.0,0.0,0.0,0.0,0.0
CC1CCCN1CCCOc1ccc(-c2ccc(=O)n(C)n2)cc1,0.0,0.0,0.0,0.0,8.85,0.0,0.0,0.0,0.0,0.0,0.0,0.0,9.0,0.0,0.0,0.0,0.0,0.0,0.0,0.0,0.0,0.0,0.0,0.0,0.0,0.0,0.0
CC1CCCN1CCCOc1ccc(-c2ccc(=O)n(C)n2)cc1Cl,0.0,0.0,0.0,0.0,8.36,0.0,0.0,0.0,0.0,0.0,0.0,0.0,0.0,0.0,0.0,0.0,0.0,0.0,0.0,0.0,0.0,0.0,0.0,0.0,0.0,0.0,0.0
CC1CCCN1CCCOc1ccc(-c2ccc(=O)n(C)n2)cc1F,0.0,0.0,0.0,0.0,8.24,0.0,0.0,0.0,0.0,0.0,0.0,0.0,0.0,0.0,0.0,0.0,0.0,0.0,0.0,0.0,0.0,0.0,0.0,0.0,0.0,0.0,0.0
CC1CCCN1CCCOc1ccc(-c2ccc(=O)n(CC(F)(F)F)n2)cc1,0.0,0.0,0.0,0.0,8.24,0.0,0.0,0.0,0.0,0.0,0.0,0.0,0.0,0.0,0.0,0.0,0.0,0.0,0.0,0.0,0.0,0.0,0.0,0.0,0.0,0.0,0.0
CC1CCCN1CCCOc1ccc(-c2ccc(=O)n(CCF)n2)cc1,0.0,0.0,0.0,0.0,8.47,0.0,0.0,0.0,0.0,0.0,0.0,0.0,0.0,0.0,0.0,0.0,0.0,0.0,0.0,0.0,0.0,0.0,0.0,0.0,0.0,0.0,0.0
CC1CCCN1CCCOc1ccc(-c2ccc(=O)n(CCO)n2)cc1,0.0,0.0,0.0,0.0,8.52,0.0,0.0,0.0,0.0,0.0,0.0,0.0,0.0,0.0,0.0,0.0,0.0,0.0,0.0,0.0,0.0,0.0,0.0,0.0,0.0,0.0,0.0
CC1CCCN1CCCOc1ccc(-c2ccc(=O)n(Cc3ccccc3)c2)cc1,0.0,0.0,0.0,0.0,8.7,0.0,0.0,0.0,0.0,0.0,0.0,0.0,0.0,0.0,0.0,0.0,0.0,0.0,0.0,0.0,0.0,0.0,0.0,0.0,0.0,0.0,0.0
CC1CCCN1CCCOc1ccc(-c2ccc(=O)n(Cc3ccccc3)n2)cc1,0.0,0.0,0.0,0.0,8.16,0.0,0.0,0.0,0.0,0.0,0.0,0.0,0.0,0.0,0.0,0.0,0.0,0.0,0.0,0.0,0.0,0.0,0.0,0.0,0.0,0.0,0.0
CC1CCCN1CCCOc1ccc(-c2ccc(C#N)cc2)cc1,0.0,0.0,0.0,0.0,0.0,0.0,9.66,0.0,0.0,0.0,0.0,0.0,0.0,0.0,0.0,0.0,0.0,0.0,0.0,0.0,0.0,0.0,0.0,0.0,0.0,0.0,0.0
CC1CCCN1CCCOc1ccc(-c2cccc(=O)n2C)cc1,0.0,0.0,0.0,0.0,8.31,0.0,0.0,0.0,0.0,0.0,0.0,0.0,0.0,0.0,0.0,0.0,0.0,0.0,0.0,0.0,0.0,0.0,0.0,0.0,0.0,0.0,0.0
CC1CCCN1CCCOc1ccc(-c2cccn(C)c2=O)cc1,0.0,0.0,0.0,0.0,7.75,0.0,0.0,0.0,0.0,0.0,0.0,0.0,0.0,0.0,0.0,0.0,0.0,0.0,0.0,0.0,0.0,0.0,0.0,0.0,0.0,0.0,0.0
CC1CCCN1CCCOc1ccc(-c2ccn(C)c(=O)c2)cc1,0.0,0.0,0.0,0.0,8.49,0.0,0.0,0.0,0.0,0.0,0.0,0.0,0.0,0.0,0.0,0.0,0.0,0.0,0.0,0.0,0.0,0.0,0.0,0.0,0.0,0.0,0.0
CC1CCCN1CCCOc1ccc(-c2cn(C)c(=O)c3ccccc23)cc1,0.0,0.0,0.0,0.0,9.05,0.0,0.0,0.0,0.0,0.0,0.0,0.0,0.0,0.0,0.0,0.0,0.0,0.0,0.0,0.0,0.0,0.0,0.0,0.0,0.0,0.0,0.0
CC1CCCN1CCCOc1ccc(-c2cn[nH]c(=O)c2)cc1,0.0,0.0,0.0,0.0,8.55,0.0,0.0,0.0,0.0,0.0,0.0,0.0,0.0,0.0,0.0,0.0,0.0,0.0,0.0,0.0,0.0,0.0,0.0,0.0,0.0,0.0,0.0
CC1CCCN1CCCOc1ccc(-c2cnn(-c3ccccn3)c(=O)c2)cc1,0.0,0.0,0.0,0.0,0.0,0.0,0.0,0.0,0.0,0.0,0.0,0.0,8.77,0.0,0.0,0.0,0.0,0.0,0.0,0.0,0.0,0.0,0.0,0.0,0.0,0.0,0.0
CC1CCCN1CCCOc1ccc(-c2n[nH]c(=O)cc2-c2ccccn2)cc1,0.0,0.0,0.0,0.0,7.92,0.0,0.0,0.0,0.0,0.0,0.0,0.0,0.0,0.0,0.0,0.0,0.0,0.0,0.0,0.0,0.0,0.0,0.0,0.0,0.0,0.0,0.0
CC1CCCN1CCCOc1ccc(-c2nn(C(C)C)c(=O)c3ccsc23)cc1,0.0,0.0,0.0,0.0,8.59,0.0,0.0,0.0,0.0,0.0,0.0,0.0,0.0,0.0,0.0,0.0,0.0,0.0,0.0,0.0,0.0,0.0,0.0,0.0,0.0,0.0,0.0
CC1CCCN1CCCOc1ccc(-c2nn(C)c(=O)c3c2CCC3)cc1,0.0,0.0,0.0,0.0,9.4,0.0,0.0,0.0,0.0,0.0,0.0,0.0,0.0,0.0,0.0,0.0,0.0,0.0,0.0,0.0,0.0,0.0,0.0,0.0,0.0,0.0,0.0
CC1CCCN1CCCOc1ccc(-c2nn(C)c(=O)c3c2CCCC3)cc1,0.0,0.0,0.0,0.0,9.1,0.0,0.0,0.0,0.0,0.0,0.0,0.0,0.0,0.0,0.0,0.0,0.0,0.0,0.0,0.0,0.0,0.0,0.0,0.0,0.0,0.0,0.0
CC1CCCN1CCCOc1ccc(-c2nn(C)c(=O)c3ccccc23)cc1,0.0,0.0,0.0,0.0,9.1,0.0,0.0,0.0,0.0,0.0,0.0,0.0,0.0,0.0,0.0,0.0,0.0,0.0,0.0,0.0,0.0,0.0,0.0,0.0,0.0,0.0,0.0
CC1CCCN1CCCOc1ccc(-c2nn(Cc3ccc(Cl)cc3)c(=O)c3ccccc23)cc1,0.0,0.0,0.0,0.0,8.34,0.0,0.0,0.0,0.0,0.0,0.0,0.0,0.0,0.0,0.0,0.0,0.0,0.0,0.0,0.0,0.0,0.0,0.0,0.0,0.0,0.0,0.0
CC1CCCN1CCCOc1ccc(-c2nn(Cc3ccc(Cl)cc3)c(=O)c3ccsc23)cc1,0.0,0.0,0.0,0.0,8.62,0.0,0.0,0.0,0.0,0.0,0.0,0.0,0.0,0.0,0.0,0.0,0.0,0.0,0.0,0.0,0.0,0.0,0.0,0.0,0.0,0.0,0.0
CC1CCCN1CCCOc1ccc(-n2ncccc2=O)cc1,0.0,0.0,0.0,0.0,7.09,0.0,0.0,0.0,0.0,0.0,0.0,0.0,0.0,0.0,0.0,0.0,0.0,0.0,0.0,0.0,0.0,0.0,0.0,0.0,0.0,0.0,0.0
CC1CCCN1CCCOc1ccc(C(=O)C(C)(C)N2CCOCC2)cc1,0.0,0.0,0.0,0.0,0.0,0.0,0.0,0.0,0.0,0.0,0.0,0.0,8.05,0.0,0.0,0.0,0.0,0.0,0.0,0.0,0.0,0.0,0.0,0.0,0.0,0.0,0.0
CC1CCCN1CCCOc1ccc(C(=O)C(C)N2CCOCC2)cc1,0.0,0.0,0.0,0.0,0.0,0.0,0.0,0.0,0.0,0.0,0.0,0.0,8.1,0.0,0.0,0.0,0.0,0.0,0.0,0.0,0.0,0.0,0.0,0.0,0.0,0.0,0.0
CC1CCCN1CCCOc1ccc(C(=O)CN2CCC(C#N)CC2)cc1,0.0,0.0,0.0,0.0,8.2,0.0,0.0,0.0,0.0,0.0,0.0,0.0,0.0,0.0,0.0,0.0,0.0,0.0,0.0,0.0,0.0,0.0,0.0,0.0,0.0,0.0,0.0
CC1CCCN1CCCOc1ccc(C(=O)CN2CCC(C(F)(F)F)CC2)cc1,0.0,0.0,0.0,0.0,8.6,0.0,0.0,0.0,0.0,0.0,0.0,0.0,0.0,0.0,0.0,0.0,0.0,0.0,0.0,0.0,0.0,0.0,0.0,0.0,0.0,0.0,0.0
CC1CCCN1CCCOc1ccc(C(=O)CN2CCC(F)(F)C2)cc1,0.0,0.0,0.0,0.0,8.47,0.0,0.0,0.0,0.0,0.0,0.0,0.0,0.0,0.0,0.0,0.0,0.0,0.0,0.0,0.0,0.0,0.0,0.0,0.0,0.0,0.0,0.0
CC1CCCN1CCCOc1ccc(C(=O)CN2CCC(F)(F)CC2)cc1,0.0,0.0,0.0,0.0,7.96,0.0,0.0,0.0,0.0,0.0,0.0,0.0,0.0,0.0,0.0,0.0,0.0,0.0,0.0,0.0,0.0,0.0,0.0,0.0,0.0,0.0,0.0
CC1CCCN1CCCOc1ccc(C(=O)CN2CCCC(F)(F)C2)cc1,0.0,0.0,0.0,0.0,8.05,0.0,0.0,0.0,0.0,0.0,0.0,0.0,0.0,0.0,0.0,0.0,0.0,0.0,0.0,0.0,0.0,0.0,0.0,0.0,0.0,0.0,0.0
CC1CCCN1CCCOc1ccc(C(=O)CN2CCN(C(=O)C(F)(F)F)CC2)cc1,0.0,0.0,0.0,0.0,8.68,0.0,0.0,0.0,0.0,0.0,0.0,0.0,0.0,0.0,0.0,0.0,0.0,0.0,0.0,0.0,0.0,0.0,0.0,0.0,0.0,0.0,0.0
CC1CCCN1CCCOc1ccc(C(=O)CN2CCN(C(=O)Oc3ccc(F)cc3)CC2)cc1,0.0,0.0,0.0,0.0,8.52,0.0,0.0,0.0,0.0,0.0,0.0,0.0,0.0,0.0,0.0,0.0,0.0,0.0,0.0,0.0,0.0,0.0,0.0,0.0,0.0,0.0,0.0
CC1CCCN1CCCOc1ccc(C(=O)CN2CCN(C(=O)Oc3ccccc3)CC2)cc1,0.0,0.0,0.0,0.0,8.41,0.0,0.0,0.0,0.0,0.0,0.0,0.0,0.0,0.0,0.0,0.0,0.0,0.0,0.0,0.0,0.0,0.0,0.0,0.0,0.0,0.0,0.0
CC1CCCN1CCCOc1ccc(C(=O)CN2CCN(C(=O)c3cc4ccccc4s3)CC2)cc1,0.0,0.0,0.0,0.0,8.92,0.0,0.0,0.0,0.0,0.0,0.0,0.0,0.0,0.0,0.0,0.0,0.0,0.0,0.0,0.0,0.0,0.0,0.0,0.0,0.0,0.0,0.0
CC1CCCN1CCCOc1ccc(C(=O)CN2CCN(C(=O)c3ccc(F)cc3)CC2)cc1,0.0,0.0,0.0,0.0,9.22,0.0,0.0,0.0,0.0,0.0,0.0,0.0,0.0,0.0,0.0,0.0,0.0,0.0,0.0,0.0,0.0,0.0,0.0,0.0,0.0,0.0,0.0
CC1CCCN1CCCOc1ccc(C(=O)CN2CCN(C(=O)c3ccccc3)CC2)cc1,0.0,0.0,0.0,0.0,8.72,0.0,0.0,0.0,0.0,0.0,0.0,0.0,0.0,0.0,0.0,0.0,0.0,0.0,0.0,0.0,0.0,0.0,0.0,0.0,0.0,0.0,0.0
CC1CCCN1CCCOc1ccc(C(=O)CN2CCN(C(=O)c3cccn3C)CC2)cc1,0.0,0.0,0.0,0.0,9.05,0.0,0.0,0.0,0.0,0.0,0.0,0.0,0.0,0.0,0.0,0.0,0.0,0.0,0.0,0.0,0.0,0.0,0.0,0.0,0.0,0.0,0.0
CC1CCCN1CCCOc1ccc(C(=O)CN2CCN(C(=O)c3ccco3)CC2)cc1,0.0,0.0,0.0,0.0,8.7,0.0,0.0,0.0,0.0,0.0,0.0,0.0,0.0,0.0,0.0,0.0,0.0,0.0,0.0,0.0,0.0,0.0,0.0,0.0,0.0,0.0,0.0
CC1CCCN1CCCOc1ccc(C(=O)CN2CCN(C(=O)c3cccs3)CC2)cc1,0.0,0.0,0.0,0.0,8.38,0.0,0.0,0.0,0.0,0.0,0.0,0.0,0.0,0.0,0.0,0.0,0.0,0.0,0.0,0.0,0.0,0.0,0.0,0.0,0.0,0.0,0.0
CC1CCCN1CCCOc1ccc(C(=O)CN2CCN(S(C)(=O)=O)CC2)cc1,0.0,0.0,0.0,0.0,8.47,0.0,0.0,0.0,0.0,0.0,0.0,0.0,0.0,0.0,0.0,0.0,0.0,0.0,0.0,0.0,0.0,0.0,0.0,0.0,0.0,0.0,0.0
CC1CCCN1CCCOc1ccc(C(=O)CN2CCOCC2)cc1,0.0,0.0,0.0,0.0,8.27,0.0,0.0,0.0,0.0,0.0,0.0,0.0,8.27,0.0,0.0,0.0,0.0,0.0,0.0,0.0,0.0,0.0,0.0,0.0,0.0,0.0,0.0
CC1CCCN1CCCOc1ccc(C2=NN(C(C)C)C(=O)CC2)cc1,0.0,0.0,0.0,0.0,8.05,0.0,0.0,0.0,0.0,0.0,0.0,0.0,0.0,0.0,0.0,0.0,0.0,0.0,0.0,0.0,0.0,0.0,0.0,0.0,0.0,0.0,0.0
CC1CCCN1CCCOc1ccc(C2=NN(C)C(=O)C3CCCC23)cc1,0.0,0.0,0.0,0.0,8.8,0.0,0.0,0.0,0.0,0.0,0.0,0.0,0.0,0.0,0.0,0.0,0.0,0.0,0.0,0.0,0.0,0.0,0.0,0.0,0.0,0.0,0.0
CC1CCCN1CCCOc1ccc(C2=NN(C)C(=O)CC2)cc1,0.0,0.0,0.0,0.0,8.3,0.0,0.0,0.0,0.0,0.0,0.0,0.0,0.0,0.0,0.0,0.0,0.0,0.0,0.0,0.0,0.0,0.0,0.0,0.0,0.0,0.0,0.0
CC1CCCN1CCCOc1ccc(C2=NN(CC(F)(F)F)C(=O)CC2)cc1,0.0,0.0,0.0,0.0,8.3,0.0,0.0,0.0,0.0,0.0,0.0,0.0,0.0,0.0,0.0,0.0,0.0,0.0,0.0,0.0,0.0,0.0,0.0,0.0,0.0,0.0,0.0
CC1CCCN1CCCOc1ccc(C2=NN(Cc3ccccc3)C(=O)CC2)cc1,0.0,0.0,0.0,0.0,8.7,0.0,0.0,0.0,0.0,0.0,0.0,0.0,0.0,0.0,0.0,0.0,0.0,0.0,0.0,0.0,0.0,0.0,0.0,0.0,0.0,0.0,0.0
CC1CCCN1CCCOc1ccc(C2=NN(c3ccccc3)C(=O)CC2)cc1,0.0,0.0,0.0,0.0,8.0,0.0,0.0,0.0,0.0,0.0,0.0,0.0,0.0,0.0,0.0,0.0,0.0,0.0,0.0,0.0,0.0,0.0,0.0,0.0,0.0,0.0,0.0
CC1CCCN1CCCOc1ccc(C2=NN(c3ccccn3)C(=O)CC2)cc1,0.0,0.0,0.0,0.0,7.92,0.0,0.0,0.0,0.0,0.0,0.0,0.0,0.0,0.0,0.0,0.0,0.0,0.0,0.0,0.0,0.0,0.0,0.0,0.0,0.0,0.0,0.0
CC1CCCN1CCCOc1ccc(C2=NNC(=O)C(C)(C)C2)cc1,0.0,0.0,0.0,0.0,8.37,0.0,0.0,0.0,0.0,0.0,0.0,0.0,0.0,0.0,0.0,0.0,0.0,0.0,0.0,0.0,0.0,0.0,0.0,0.0,0.0,0.0,0.0
CC1CCCN1CCCOc1ccc(C2=NNC(=O)C(c3ccccn3)C2)cc1,0.0,0.0,0.0,0.0,8.06,0.0,0.0,0.0,0.0,0.0,0.0,0.0,0.0,0.0,0.0,0.0,0.0,0.0,0.0,0.0,0.0,0.0,0.0,0.0,0.0,0.0,0.0
CC1CCCN1CCCOc1ccc(C2=NNC(=O)C3CC23)cc1,0.0,0.0,0.0,0.0,0.0,0.0,0.0,0.0,0.0,0.0,0.0,0.0,8.51,0.0,0.0,0.0,0.0,0.0,0.0,0.0,0.0,0.0,0.0,0.0,0.0,0.0,0.0
CC1CCCN1CCCOc1ccc(C2=NNC(=O)CC2(C)C)cc1,0.0,0.0,0.0,0.0,7.7,0.0,0.0,0.0,0.0,0.0,0.0,0.0,0.0,0.0,0.0,0.0,0.0,0.0,0.0,0.0,0.0,0.0,0.0,0.0,0.0,0.0,0.0
CC1CCCN1CCCOc1ccc(C2=NNC(=O)CC2)cc1,0.0,0.0,0.0,0.0,8.49,0.0,0.0,0.0,0.0,0.0,0.0,0.0,0.0,0.0,0.0,0.0,0.0,0.0,0.0,0.0,0.0,0.0,0.0,0.0,0.0,0.0,0.0
CC1CCCN1CCCOc1ccc(C2=NNC(=O)CC2c2ccccn2)cc1,0.0,0.0,0.0,0.0,8.0,0.0,0.0,0.0,0.0,0.0,0.0,0.0,0.0,0.0,0.0,0.0,0.0,0.0,0.0,0.0,0.0,0.0,0.0,0.0,0.0,0.0,0.0
CC1CCCN1CCCOc1ccc(N2CCN(C(=O)c3cc(F)cc(F)c3)CC2=O)cc1,0.0,0.0,0.0,0.0,0.0,9.2,0.0,0.0,0.0,0.0,0.0,0.0,0.0,0.0,0.0,0.0,0.0,0.0,0.0,0.0,0.0,0.0,0.0,0.0,0.0,0.0,0.0
CC1CCCN1CCCOc1ccc(N2CCN(C(=O)c3ccc(C#N)cc3)CC2=O)cc1,0.0,0.0,0.0,0.0,0.0,9.3,0.0,0.0,0.0,0.0,0.0,0.0,0.0,0.0,0.0,0.0,0.0,0.0,0.0,0.0,0.0,0.0,0.0,0.0,0.0,0.0,0.0
CC1CCCN1CCCOc1ccc(N2CCN(C(=O)c3ccc(F)cc3)CC2=O)cc1,0.0,0.0,0.0,0.0,0.0,9.2,0.0,0.0,0.0,0.0,0.0,0.0,0.0,0.0,0.0,0.0,0.0,0.0,0.0,0.0,0.0,0.0,0.0,0.0,0.0,0.0,0.0
CC1CCCN1CCCOc1ccc(N2CCN(C(=O)c3ccc(F)cc3F)CC2=O)cc1,0.0,0.0,0.0,0.0,0.0,9.2,0.0,0.0,0.0,0.0,0.0,0.0,0.0,0.0,0.0,0.0,0.0,0.0,0.0,0.0,0.0,0.0,0.0,0.0,0.0,0.0,0.0
CC1CCCN1CCCOc1ccc2c(c1)CCC1C2CCC2(C)C(=O)CC(C(=O)N3CCCC3)C12,0.0,0.0,0.0,0.0,0.0,0.0,0.0,0.0,0.0,0.0,0.0,0.0,0.0,0.0,0.0,0.0,0.0,0.0,0.0,0.0,0.0,7.52,0.0,0.0,0.0,0.0,0.0
CC1CCCN1CCCOc1ccc2c(c1)CCC1C2CCC2(C)C(C(=O)N3CCCC3)CCC12,0.0,0.0,0.0,0.0,0.0,0.0,0.0,0.0,0.0,0.0,0.0,0.0,0.0,0.0,0.0,0.0,0.0,0.0,0.0,0.0,0.0,8.7,0.0,0.0,0.0,0.0,0.0
CC1CCCN1CCCOc1ccc2c(c1)CCC1C2CCC2(C)C1CCC2N1CCCC1,0.0,0.0,0.0,0.0,0.0,0.0,0.0,0.0,0.0,0.0,0.0,0.0,0.0,0.0,0.0,0.0,9.52,0.0,0.0,0.0,0.0,0.0,0.0,0.0,0.0,0.0,0.0
CC1CCCN1CCCOc1ccc2c(c1)CCC1C2CCC2(C)CCC(C(=O)NCC3CC3)C12,0.0,0.0,0.0,0.0,0.0,0.0,0.0,0.0,0.0,0.0,0.0,0.0,0.0,0.0,0.0,0.0,0.0,0.0,0.0,0.0,0.0,8.05,0.0,0.0,0.0,0.0,0.0
CC1CCCN1CCCOc1ccc2c(c1)CCC1C2CCC2(C)CCC(C(=O)NCC3CCC3)C12,0.0,0.0,0.0,0.0,0.0,0.0,0.0,0.0,0.0,0.0,0.0,0.0,0.0,0.0,0.0,0.0,0.0,0.0,0.0,0.0,0.0,8.3,0.0,0.0,0.0,0.0,0.0
CC1CCCN1CCCOc1ccc2c(c1)CCC1CC(=O)NN=C21,0.0,0.0,0.0,0.0,7.82,0.0,0.0,0.0,0.0,0.0,0.0,0.0,0.0,0.0,0.0,0.0,0.0,0.0,0.0,0.0,0.0,0.0,0.0,0.0,0.0,0.0,0.0
CC1CCCN1CCCOc1ccc2c(c1)CCc1cc(=O)[nH]nc1-2,0.0,0.0,0.0,0.0,8.37,0.0,0.0,0.0,0.0,0.0,0.0,0.0,0.0,0.0,0.0,0.0,0.0,0.0,0.0,0.0,0.0,0.0,0.0,0.0,0.0,0.0,0.0
CC1CCCN1CCCOc1ccc2c(c1)CCc1cc(=O)n(-c3ccccc3)nc1-2,0.0,0.0,0.0,0.0,7.8,0.0,0.0,0.0,0.0,0.0,0.0,0.0,0.0,0.0,0.0,0.0,0.0,0.0,0.0,0.0,0.0,0.0,0.0,0.0,0.0,0.0,0.0
CC1CCCN1CCCOc1ccc2c(c1)CCc1cc(=O)n(C(C)C)nc1-2,0.0,0.0,0.0,0.0,8.38,0.0,0.0,0.0,0.0,0.0,0.0,0.0,0.0,0.0,0.0,0.0,0.0,0.0,0.0,0.0,0.0,0.0,0.0,0.0,0.0,0.0,0.0
CC1CCCN1CCCOc1ccc2c(c1)CCc1cc(=O)n(C)nc1-2,0.0,0.0,0.0,0.0,8.44,0.0,0.0,0.0,0.0,0.0,0.0,0.0,0.0,0.0,0.0,0.0,0.0,0.0,0.0,0.0,0.0,0.0,0.0,0.0,0.0,0.0,0.0
CC1CCCN1CCCOc1ccc2c(c1)CCc1n[nH]c(=O)cc1-2,0.0,0.0,0.0,0.0,8.21,0.0,0.0,0.0,0.0,0.0,0.0,0.0,0.0,0.0,0.0,0.0,0.0,0.0,0.0,0.0,0.0,0.0,0.0,0.0,0.0,0.0,0.0
CC1CCCN1CCCOc1ccc2c(c1)cc1n2CCNC1=O,0.0,0.0,0.0,0.0,0.0,0.0,0.0,0.0,0.0,0.0,0.0,0.0,8.15,0.0,0.0,0.0,0.0,0.0,0.0,0.0,0.0,0.0,0.0,0.0,0.0,0.0,0.0
CC1CCCN1CCCOc1cccc(-c2ccc(=O)n(C)c2)c1,0.0,0.0,0.0,0.0,6.95,0.0,0.0,0.0,0.0,0.0,0.0,0.0,0.0,0.0,0.0,0.0,0.0,0.0,0.0,0.0,0.0,0.0,0.0,0.0,0.0,0.0,0.0
CC1CCCN1CCN1CCN(CCN2CCCC2C)C1=C(C#N)C#N,0.0,0.0,0.0,0.0,0.0,0.0,0.0,0.0,9.48,0.0,0.0,0.0,0.0,0.0,0.0,0.0,0.0,0.0,0.0,0.0,0.0,0.0,0.0,0.0,0.0,0.0,0.0
CC1CCCN1CCN1CCN(CCN2CCCCC2)C1=C(C#N)C#N,0.0,0.0,0.0,0.0,0.0,0.0,0.0,0.0,9.42,0.0,0.0,0.0,0.0,0.0,0.0,0.0,0.0,0.0,0.0,0.0,0.0,0.0,0.0,0.0,0.0,0.0,0.0
CC1CCCN1CCN1CCc2c(cccc2-c2ccc(C#N)cc2)C1=O,0.0,0.0,0.0,0.0,0.0,0.0,0.0,0.0,0.0,0.0,0.0,0.0,0.0,0.0,0.0,0.0,0.0,0.0,0.0,0.0,0.0,0.0,0.0,0.0,0.0,0.0,7.66
CC1CCCN1CCN1CCc2cc(-c3ccc(C#N)cc3)ccc2C1=O,0.0,0.0,0.0,0.0,0.0,0.0,0.0,0.0,0.0,0.0,0.0,0.0,0.0,0.0,0.0,0.0,0.0,0.0,0.0,0.0,0.0,0.0,0.0,0.0,0.0,0.0,9.1
CC1CCCN1CCN1CCc2cc(-c3ccc(C(=O)N4CCCC4)cc3)ccc2C1=O,0.0,0.0,0.0,0.0,0.0,0.0,0.0,0.0,0.0,0.0,0.0,0.0,0.0,0.0,0.0,0.0,0.0,0.0,0.0,0.0,0.0,0.0,0.0,0.0,0.0,0.0,9.7
CC1CCCN1CCN1CCc2cc(-c3ccc(F)cc3)ccc2C1=O,0.0,0.0,0.0,0.0,0.0,0.0,0.0,0.0,0.0,0.0,0.0,0.0,0.0,0.0,0.0,0.0,0.0,0.0,0.0,0.0,0.0,0.0,0.0,0.0,0.0,0.0,8.92
CC1CCCN1CCN1CCc2cc(Oc3ccc(C#N)cc3)ccc2C1=O,0.0,0.0,0.0,0.0,0.0,0.0,0.0,0.0,0.0,0.0,0.0,0.0,0.0,0.0,0.0,0.0,0.0,0.0,0.0,0.0,0.0,0.0,0.0,0.0,0.0,0.0,9.22
CC1CCCN1CCN1CCc2cc(Oc3ccc(C#N)cn3)ccc2C1=O,0.0,0.0,0.0,0.0,0.0,0.0,0.0,0.0,0.0,0.0,0.0,0.0,0.0,0.0,0.0,0.0,0.0,0.0,0.0,0.0,0.0,0.0,0.0,0.0,0.0,0.0,8.92
CC1CCCN1CCN1CCc2cc(Oc3ccc(C#N)nc3)ccc2C1=O,0.0,0.0,0.0,0.0,0.0,0.0,0.0,0.0,0.0,0.0,0.0,0.0,0.0,0.0,0.0,0.0,0.0,0.0,0.0,0.0,0.0,0.0,0.0,0.0,0.0,0.0,9.52
CC1CCCN1CCN1CCc2ccc(-c3ccc(C#N)cc3)cc2C1=O,0.0,0.0,0.0,0.0,0.0,0.0,0.0,0.0,0.0,0.0,0.0,0.0,0.0,0.0,0.0,0.0,0.0,0.0,0.0,0.0,0.0,0.0,0.0,0.0,0.0,0.0,8.62
CC1CCCN1CCN1Cc2c(cccc2-c2ccc(C#N)cc2)C1=O,0.0,0.0,0.0,0.0,0.0,0.0,0.0,0.0,0.0,0.0,0.0,0.0,0.0,0.0,0.0,0.0,0.0,0.0,0.0,0.0,0.0,0.0,0.0,0.0,0.0,0.0,7.62
CC1CCCN1CCOc1ccc(CCNC(=O)c2cc(Br)cs2)cc1Br,0.0,0.0,0.0,0.0,0.0,0.0,0.0,0.0,0.0,0.0,0.0,0.0,6.51,0.0,0.0,0.0,0.0,0.0,0.0,0.0,0.0,0.0,0.0,0.0,0.0,0.0,0.0
CC1CCCN1CCc1cc2cc(-c3ccc(C#N)cc3)ccc2o1,0.0,9.35,0.0,0.0,8.4,0.0,9.35,0.0,0.0,0.0,0.0,0.0,9.35,0.0,0.0,0.0,0.0,0.0,0.0,0.0,0.0,0.0,0.0,0.0,0.0,0.0,0.0
CC1CCCN1CCc1cc2cc(-c3ccc(C(=O)C4CC4)cc3)ccc2o1,0.0,0.0,0.0,0.0,0.0,0.0,9.59,0.0,0.0,0.0,0.0,0.0,0.0,0.0,0.0,0.0,0.0,0.0,0.0,0.0,0.0,0.0,0.0,0.0,0.0,0.0,0.0
CC1CCCN1CCc1cc2cc(-c3ccc(CO)cc3)ccc2o1,0.0,0.0,0.0,0.0,0.0,0.0,9.06,0.0,0.0,0.0,0.0,0.0,0.0,0.0,0.0,0.0,0.0,0.0,0.0,0.0,0.0,0.0,0.0,0.0,0.0,0.0,0.0
CC1CCCN1CCc1cc2cc(-c3cccc(C#N)c3)ccc2o1,0.0,0.0,0.0,0.0,0.0,0.0,9.57,0.0,0.0,0.0,0.0,0.0,0.0,0.0,0.0,0.0,0.0,0.0,0.0,0.0,0.0,0.0,0.0,0.0,0.0,0.0,0.0
CC1CCCN1CCc1cc2cc(-c3cccc(C(=O)C4CC4)c3)ccc2o1,0.0,0.0,0.0,0.0,0.0,0.0,9.68,0.0,0.0,0.0,0.0,0.0,0.0,0.0,0.0,0.0,0.0,0.0,0.0,0.0,0.0,0.0,0.0,0.0,0.0,0.0,0.0
CC1CCCN1CCc1cc2cc(-c3cccc(C(C)(C)O)c3)ccc2o1,0.0,0.0,0.0,0.0,0.0,0.0,9.6,0.0,0.0,0.0,0.0,0.0,0.0,0.0,0.0,0.0,0.0,0.0,0.0,0.0,0.0,0.0,0.0,0.0,0.0,0.0,0.0
CC1CCCN1CCc1cc2cc(-c3cccc(CO)c3)ccc2o1,0.0,0.0,0.0,0.0,0.0,0.0,9.31,0.0,0.0,0.0,0.0,0.0,0.0,0.0,0.0,0.0,0.0,0.0,0.0,0.0,0.0,0.0,0.0,0.0,0.0,0.0,0.0
CC1CCCN1CCc1cc2cc(-c3cn[nH]c3)ccc2o1,0.0,0.0,0.0,0.0,0.0,0.0,0.0,0.0,0.0,0.0,0.0,0.0,9.3,0.0,0.0,0.0,0.0,0.0,0.0,0.0,0.0,0.0,0.0,0.0,0.0,0.0,0.0
CC1CCCN1CCc1cc2cc(C#N)ccc2o1,0.0,0.0,0.0,0.0,0.0,0.0,0.0,0.0,0.0,0.0,0.0,0.0,9.35,0.0,0.0,0.0,0.0,0.0,0.0,0.0,0.0,0.0,0.0,0.0,0.0,0.0,0.0
CC1CCCN1CCc1cc2cc(C(=O)c3cc(F)cc(F)c3)ccc2o1,0.0,0.0,0.0,0.0,0.0,0.0,10.05,0.0,0.0,0.0,0.0,0.0,0.0,0.0,0.0,0.0,0.0,0.0,0.0,0.0,0.0,0.0,0.0,0.0,0.0,0.0,0.0
CC1CCCN1CCc1cc2cc(C(=O)c3ccc(Cl)cc3)ccc2o1,0.0,0.0,0.0,0.0,0.0,0.0,9.72,0.0,0.0,0.0,0.0,0.0,0.0,0.0,0.0,0.0,0.0,0.0,0.0,0.0,0.0,0.0,0.0,0.0,0.0,0.0,0.0
CC1CCCN1CCc1cc2cc(C(=O)c3ccc(F)cc3)ccc2o1,0.0,0.0,0.0,0.0,0.0,0.0,9.57,0.0,0.0,0.0,0.0,0.0,0.0,0.0,0.0,0.0,0.0,0.0,0.0,0.0,0.0,0.0,0.0,0.0,0.0,0.0,8.72
CC1CCCN1CCc1cc2cc(C(=O)c3ccc(N(C)C)cc3)ccc2o1,0.0,0.0,0.0,0.0,0.0,0.0,9.28,0.0,0.0,0.0,0.0,0.0,0.0,0.0,0.0,0.0,0.0,0.0,0.0,0.0,0.0,0.0,0.0,0.0,0.0,0.0,0.0
CC1CCCN1CCc1cc2cc(C(=O)c3ccc([N+](=O)[O-])cc3)ccc2o1,0.0,0.0,0.0,0.0,0.0,0.0,0.0,0.0,0.0,0.0,0.0,0.0,0.0,0.0,0.0,0.0,0.0,0.0,0.0,0.0,0.0,0.0,0.0,0.0,0.0,0.0,9.4
CC1CCCN1CCc1cc2cc(C(=O)c3cccc(Cl)c3)ccc2o1,0.0,0.0,0.0,0.0,0.0,0.0,9.72,0.0,0.0,0.0,0.0,0.0,0.0,0.0,0.0,0.0,0.0,0.0,0.0,0.0,0.0,0.0,0.0,0.0,0.0,0.0,0.0
CC1CCCN1CCc1cc2cc(C(=O)c3cccc(F)c3)ccc2o1,0.0,0.0,0.0,0.0,0.0,0.0,10.0,0.0,0.0,0.0,0.0,0.0,0.0,0.0,0.0,0.0,0.0,0.0,0.0,0.0,0.0,0.0,0.0,0.0,0.0,0.0,0.0
CC1CCCN1CCc1cc2cc(C(=O)c3ccccc3)ccc2o1,0.0,0.0,0.0,0.0,0.0,0.0,9.66,0.0,0.0,0.0,0.0,0.0,0.0,0.0,0.0,0.0,0.0,0.0,0.0,0.0,0.0,0.0,0.0,0.0,0.0,0.0,0.0
CC1CCCN1CCc1cc2cc(C(=O)c3ccccc3F)ccc2o1,0.0,0.0,0.0,0.0,0.0,0.0,9.29,0.0,0.0,0.0,0.0,0.0,0.0,0.0,0.0,0.0,0.0,0.0,0.0,0.0,0.0,0.0,0.0,0.0,0.0,0.0,0.0
CC1CCCN1CCc1cc2cc(CNc3cc(C#N)nc(C#N)c3)ccc2o1,0.0,0.0,0.0,0.0,0.0,0.0,0.0,0.0,0.0,0.0,0.0,0.0,9.89,0.0,0.0,0.0,0.0,0.0,0.0,0.0,0.0,0.0,0.0,0.0,0.0,0.0,0.0
CC1CCCN1CCc1cc2cc(CNc3ccc(C#N)cn3)ccc2o1,0.0,0.0,0.0,0.0,0.0,0.0,0.0,0.0,0.0,0.0,0.0,0.0,9.47,0.0,0.0,0.0,0.0,0.0,0.0,0.0,0.0,0.0,0.0,0.0,0.0,0.0,0.0
CC1CCCN1CCc1cc2cc(CNc3ccc(C(=O)C(F)(F)F)cc3)ccc2o1,0.0,0.0,0.0,0.0,0.0,0.0,0.0,0.0,0.0,0.0,0.0,0.0,9.13,0.0,0.0,0.0,0.0,0.0,0.0,0.0,0.0,0.0,0.0,0.0,0.0,0.0,0.0
CC1CCCN1CCc1cc2cc(CNc3ccc(Cl)nn3)ccc2o1,0.0,0.0,0.0,0.0,0.0,0.0,0.0,0.0,0.0,0.0,0.0,0.0,9.51,0.0,0.0,0.0,0.0,0.0,0.0,0.0,0.0,0.0,0.0,0.0,0.0,0.0,0.0
CC1CCCN1CCc1cc2cc(CNc3ccc([N+](=O)[O-])cc3)ccc2o1,0.0,0.0,0.0,0.0,0.0,0.0,0.0,0.0,0.0,0.0,0.0,0.0,9.13,0.0,0.0,0.0,0.0,0.0,0.0,0.0,0.0,0.0,0.0,0.0,0.0,0.0,0.0
CC1CCCN1CCc1cc2cc(CNc3ccc([N+](=O)[O-])cn3)ccc2o1,0.0,0.0,0.0,0.0,0.0,0.0,0.0,0.0,0.0,0.0,0.0,0.0,9.52,0.0,0.0,0.0,0.0,0.0,0.0,0.0,0.0,0.0,0.0,0.0,0.0,0.0,0.0
CC1CCCN1CCc1cc2cc(CNc3cccc(C#N)c3)ccc2o1,0.0,0.0,0.0,0.0,0.0,0.0,0.0,0.0,0.0,0.0,0.0,0.0,9.4,0.0,0.0,0.0,0.0,0.0,0.0,0.0,0.0,0.0,0.0,0.0,0.0,0.0,0.0
CC1CCCN1CCc1cc2cc(CNc3ccccc3[N+](=O)[O-])ccc2o1,0.0,0.0,0.0,0.0,0.0,0.0,0.0,0.0,0.0,0.0,0.0,0.0,9.51,0.0,0.0,0.0,0.0,0.0,0.0,0.0,0.0,0.0,0.0,0.0,0.0,0.0,0.0
CC1CCCN1CCc1cc2cc(CNc3cnccn3)ccc2o1,0.0,0.0,0.0,0.0,0.0,0.0,0.0,0.0,0.0,0.0,0.0,0.0,9.54,0.0,0.0,0.0,0.0,0.0,0.0,0.0,0.0,0.0,0.0,0.0,0.0,0.0,0.0
CC1CCCN1CCc1cc2cc(CNc3cncnc3)ccc2o1,0.0,0.0,0.0,0.0,0.0,0.0,0.0,0.0,0.0,0.0,0.0,0.0,9.16,0.0,0.0,0.0,0.0,0.0,0.0,0.0,0.0,0.0,0.0,0.0,0.0,0.0,0.0
CC1CCCN1CCc1cc2cc(CNc3ncc(Br)cn3)ccc2o1,0.0,0.0,0.0,0.0,0.0,0.0,0.0,0.0,0.0,0.0,0.0,0.0,8.91,0.0,0.0,0.0,0.0,0.0,0.0,0.0,0.0,0.0,0.0,0.0,0.0,0.0,0.0
CC1CCCN1CCc1cc2cc(CNc3ncc([N+](=O)[O-])cc3[N+](=O)[O-])ccc2o1,0.0,0.0,0.0,0.0,0.0,0.0,0.0,0.0,0.0,0.0,0.0,0.0,9.15,0.0,0.0,0.0,0.0,0.0,0.0,0.0,0.0,0.0,0.0,0.0,0.0,0.0,0.0
CC1CCCN1CCc1cc2cc(CNc3ncc([N+](=O)[O-])s3)ccc2o1,0.0,0.0,0.0,0.0,0.0,0.0,0.0,0.0,0.0,0.0,0.0,0.0,9.72,0.0,0.0,0.0,0.0,0.0,0.0,0.0,0.0,0.0,0.0,0.0,0.0,0.0,0.0
CC1CCCN1CCc1cc2cc(CNc3ncccc3C#N)ccc2o1,0.0,0.0,0.0,0.0,0.0,0.0,0.0,0.0,0.0,0.0,0.0,0.0,9.13,0.0,0.0,0.0,0.0,0.0,0.0,0.0,0.0,0.0,0.0,0.0,0.0,0.0,0.0
CC1CCCN1CCc1cc2cc(CNc3ncccc3[N+](=O)[O-])ccc2o1,0.0,0.0,0.0,0.0,0.0,0.0,0.0,0.0,0.0,0.0,0.0,0.0,9.37,0.0,0.0,0.0,0.0,0.0,0.0,0.0,0.0,0.0,0.0,0.0,0.0,0.0,0.0
CC1CCCN1CCc1cc2cc(CNc3ncccn3)ccc2o1,0.0,0.0,0.0,0.0,0.0,0.0,0.0,0.0,0.0,0.0,0.0,0.0,9.08,0.0,0.0,0.0,0.0,0.0,0.0,0.0,0.0,0.0,0.0,0.0,0.0,0.0,0.0
CC1CCCN1CCc1cc2cc(CNc3nccnc3C#N)ccc2o1,0.0,0.0,0.0,0.0,0.0,0.0,0.0,0.0,0.0,0.0,0.0,0.0,8.98,0.0,0.0,0.0,0.0,0.0,0.0,0.0,0.0,0.0,0.0,0.0,0.0,0.0,0.0
CC1CCCN1CCc1cc2cc(Nc3ccc(C#N)cc3)ccc2o1,0.0,0.0,0.0,0.0,0.0,0.0,0.0,0.0,0.0,0.0,0.0,0.0,9.57,0.0,0.0,0.0,0.0,0.0,0.0,0.0,0.0,0.0,0.0,0.0,0.0,0.0,0.0
CC1CCCN1CCc1cc2cc(Nc3ccc(C(F)(F)F)cn3)ccc2o1,0.0,0.0,0.0,0.0,0.0,0.0,0.0,0.0,0.0,0.0,0.0,0.0,9.27,0.0,0.0,0.0,0.0,0.0,0.0,0.0,0.0,0.0,0.0,0.0,0.0,0.0,0.0
CC1CCCN1CCc1cc2cc(Nc3ccc([N+](=O)[O-])cn3)ccc2o1,0.0,0.0,0.0,0.0,0.0,0.0,0.0,0.0,0.0,0.0,0.0,0.0,10.3,0.0,0.0,0.0,0.0,0.0,0.0,0.0,0.0,0.0,0.0,0.0,0.0,0.0,0.0
CC1CCCN1CCc1cc2cc(Nc3cccc(C#N)c3)ccc2o1,0.0,0.0,0.0,0.0,0.0,0.0,0.0,0.0,0.0,0.0,0.0,0.0,9.54,0.0,0.0,0.0,0.0,0.0,0.0,0.0,0.0,0.0,0.0,0.0,0.0,0.0,0.0
CC1CCCN1CCc1cc2cc(Nc3ccccc3[N+](=O)[O-])ccc2o1,0.0,0.0,0.0,0.0,0.0,0.0,0.0,0.0,0.0,0.0,0.0,0.0,9.66,0.0,0.0,0.0,0.0,0.0,0.0,0.0,0.0,0.0,0.0,0.0,0.0,0.0,0.0
CC1CCCN1CCc1cc2cc(Nc3cnccn3)ccc2o1,0.0,0.0,0.0,0.0,0.0,0.0,0.0,0.0,0.0,0.0,0.0,0.0,9.96,0.0,0.0,0.0,0.0,0.0,0.0,0.0,0.0,0.0,0.0,0.0,0.0,0.0,0.0
CC1CCCN1CCc1cc2cc(Nc3cncnc3)ccc2o1,0.0,0.0,0.0,0.0,0.0,0.0,0.0,0.0,0.0,0.0,0.0,0.0,10.1,0.0,0.0,0.0,0.0,0.0,0.0,0.0,0.0,0.0,0.0,0.0,0.0,0.0,0.0
CC1CCCN1CCc1cc2cc(Nc3ncccc3[N+](=O)[O-])ccc2o1,0.0,0.0,0.0,0.0,0.0,0.0,0.0,0.0,0.0,0.0,0.0,0.0,9.85,0.0,0.0,0.0,0.0,0.0,0.0,0.0,0.0,0.0,0.0,0.0,0.0,0.0,0.0
CC1CCCN1CCc1cc2cc(Nc3ncccn3)ccc2o1,0.0,0.0,0.0,0.0,0.0,0.0,0.0,0.0,0.0,0.0,0.0,0.0,9.51,0.0,0.0,0.0,0.0,0.0,0.0,0.0,0.0,0.0,0.0,0.0,0.0,0.0,0.0
CC1CCCN1CCc1cc2ccccc2[nH]1,0.0,0.0,0.0,0.0,0.0,0.0,0.0,0.0,0.0,0.0,0.0,0.0,0.0,0.0,0.0,7.75,0.0,0.0,0.0,0.0,0.0,0.0,0.0,0.0,0.0,0.0,0.0
CC1CCCN1CCc1ccc(-c2ccc(=O)[nH]n2)cc1,0.0,0.0,0.0,0.0,7.51,0.0,0.0,0.0,0.0,0.0,0.0,0.0,0.0,0.0,0.0,0.0,0.0,0.0,0.0,0.0,0.0,0.0,0.0,0.0,0.0,0.0,0.0
CC1CCCN1CCc1ccc(-c2ccc(=O)n(-c3ccc(Cl)cc3)n2)cc1,0.0,0.0,0.0,0.0,8.1,0.0,0.0,0.0,0.0,0.0,0.0,0.0,0.0,0.0,0.0,0.0,0.0,0.0,0.0,0.0,0.0,0.0,0.0,0.0,0.0,0.0,0.0
CC1CCCN1CCc1ccc(-c2ccc(=O)n(-c3ccc(F)cc3)n2)cc1,0.0,0.0,0.0,0.0,7.89,0.0,0.0,0.0,0.0,0.0,0.0,0.0,0.0,0.0,0.0,0.0,0.0,0.0,0.0,0.0,0.0,0.0,0.0,0.0,0.0,0.0,0.0
CC1CCCN1CCc1ccc(-c2ccc(=O)n(-c3ccccc3)n2)cc1,0.0,0.0,0.0,0.0,7.47,0.0,0.0,0.0,0.0,0.0,0.0,0.0,0.0,0.0,0.0,0.0,0.0,0.0,0.0,0.0,0.0,0.0,0.0,0.0,0.0,0.0,0.0
CC1CCCN1CCc1ccc(-c2ccc(=O)n(-c3ccccn3)n2)cc1,0.0,0.0,0.0,0.0,7.33,0.0,0.0,0.0,0.0,0.0,0.0,0.0,0.0,0.0,0.0,0.0,0.0,0.0,0.0,0.0,0.0,0.0,0.0,0.0,0.0,0.0,0.0
CC1CCCN1CCc1ccc(-c2ccc(=O)n(C)n2)cc1,0.0,0.0,0.0,0.0,8.15,0.0,0.0,0.0,0.0,0.0,0.0,0.0,0.0,0.0,0.0,0.0,0.0,0.0,0.0,0.0,0.0,0.0,0.0,0.0,0.0,0.0,0.0
CC1CCCN1CCc1ccc(-c2ccc(=O)n(Cc3ccccc3)n2)cc1,0.0,0.0,0.0,0.0,8.3,0.0,0.0,0.0,0.0,0.0,0.0,0.0,0.0,0.0,0.0,0.0,0.0,0.0,0.0,0.0,0.0,0.0,0.0,0.0,0.0,0.0,0.0
CC1CCCN1CCc1ccc(-c2ccc(S(=O)(=O)N3C(C)COCC3C)cc2)cc1,0.0,0.0,0.0,0.0,0.0,0.0,0.0,0.0,0.0,0.0,0.0,0.0,8.2,0.0,0.0,0.0,0.0,0.0,0.0,0.0,0.0,0.0,0.0,0.0,0.0,0.0,0.0
CC1CCCN1CCc1ccc(-c2ccc(S(=O)(=O)N3CCC(O)C3)cc2)cc1,0.0,0.0,0.0,0.0,0.0,0.0,0.0,0.0,0.0,0.0,0.0,0.0,8.6,0.0,0.0,0.0,0.0,0.0,0.0,0.0,0.0,0.0,0.0,0.0,0.0,0.0,0.0
CC1CCCN1CCc1ccc(-c2ccc(S(=O)(=O)N3CCCCC3)cc2)cc1,0.0,0.0,0.0,0.0,0.0,0.0,0.0,0.0,0.0,0.0,0.0,0.0,8.8,0.0,0.0,0.0,0.0,0.0,0.0,0.0,0.0,0.0,0.0,0.0,0.0,0.0,0.0
CC1CCCN1CCc1ccc(-c2ccc(S(=O)(=O)N3CCOCC3)cc2)cc1,0.0,0.0,0.0,0.0,0.0,0.0,0.0,0.0,0.0,0.0,0.0,0.0,8.52,0.0,0.0,0.0,0.0,0.0,0.0,0.0,0.0,0.0,0.0,0.0,9.0,0.0,0.0
CC1CCCN1CCc1ccc(-c2ccc(S(=O)(=O)N3CCS(=O)(=O)CC3)cc2)cc1,0.0,0.0,0.0,0.0,0.0,0.0,0.0,0.0,0.0,0.0,0.0,0.0,9.0,0.0,0.0,0.0,0.0,0.0,0.0,0.0,0.0,0.0,0.0,0.0,0.0,0.0,0.0
CC1CCCN1CCc1ccc(-c2ccc(S(=O)(=O)NC3CCC3)cc2)cc1,0.0,0.0,0.0,0.0,0.0,0.0,0.0,0.0,0.0,0.0,0.0,0.0,8.6,0.0,0.0,0.0,0.0,0.0,0.0,0.0,0.0,0.0,0.0,0.0,0.0,0.0,0.0
CC1CCCN1CCc1ccc(-c2ccc(S(=O)(=O)NC3CCOCC3)cc2)cc1,0.0,0.0,0.0,0.0,0.0,0.0,0.0,0.0,0.0,0.0,0.0,0.0,8.15,0.0,0.0,0.0,0.0,0.0,0.0,0.0,0.0,0.0,0.0,0.0,9.0,0.0,0.0
CC1CCCN1CCc1ccc(-c2ccc(S(=O)(=O)NCC3CC3)cc2)cc1,0.0,0.0,0.0,0.0,0.0,0.0,0.0,0.0,0.0,0.0,0.0,0.0,8.6,0.0,0.0,0.0,0.0,0.0,0.0,0.0,0.0,0.0,0.0,0.0,0.0,0.0,0.0
CC1CCCN1CCc1ccc(-c2ccc(S(=O)(=O)NCc3ccccc3)cc2)cc1,0.0,0.0,0.0,0.0,0.0,0.0,0.0,0.0,0.0,0.0,0.0,0.0,9.5,0.0,0.0,0.0,0.0,0.0,0.0,0.0,0.0,0.0,0.0,0.0,0.0,0.0,0.0
CC1CCCN1CCc1ccc(-c2ccc(S(=O)(=O)NCc3ccncc3)cc2)cc1,0.0,0.0,0.0,0.0,0.0,0.0,0.0,0.0,0.0,0.0,0.0,0.0,9.8,0.0,0.0,0.0,0.0,0.0,0.0,0.0,0.0,0.0,0.0,0.0,0.0,0.0,0.0
CC1CCCN1CCc1ccc(-c2ccc(S(=O)(=O)Nc3ccccc3)cc2)cc1,0.0,0.0,0.0,0.0,0.0,0.0,0.0,0.0,0.0,0.0,0.0,0.0,8.7,0.0,0.0,0.0,0.0,0.0,0.0,0.0,0.0,0.0,0.0,0.0,0.0,0.0,0.0
CC1CCCN1CCc1ccc(-c2ccc(S(N)(=O)=O)cc2)cc1,0.0,0.0,0.0,0.0,0.0,0.0,0.0,0.0,0.0,0.0,0.0,0.0,8.3,0.0,0.0,0.0,0.0,0.0,0.0,0.0,0.0,0.0,0.0,0.0,0.0,0.0,0.0
CC1CCCN1CCc1ccc(C2=CCC3CN(C(=O)C4CCOCC4)CC23)cc1,0.0,0.0,0.0,0.0,0.0,0.0,0.0,0.0,0.0,0.0,8.7,0.0,0.0,0.0,0.0,0.0,0.0,0.0,0.0,0.0,0.0,0.0,0.0,0.0,0.0,0.0,0.0
CC1CCCN1CCc1ccc(NC(=O)CN2CCOCC2)cc1,0.0,0.0,0.0,0.0,0.0,0.0,0.0,0.0,0.0,0.0,0.0,0.0,0.0,0.0,0.0,0.0,6.97,0.0,0.0,0.0,0.0,0.0,0.0,0.0,0.0,0.0,0.0
CC1CCCN1CCc1ccc([N+](=O)[O-])cc1,0.0,0.0,0.0,0.0,0.0,0.0,0.0,0.0,0.0,0.0,0.0,0.0,0.0,0.0,0.0,7.7,0.0,0.0,0.0,0.0,0.0,0.0,0.0,0.0,0.0,0.0,0.0
CC1CCCN1CCc1ccc2cc(-c3ccc(C#N)cc3)ccc2c1,0.0,0.0,0.0,0.0,0.0,0.0,9.92,0.0,0.0,0.0,0.0,0.0,9.62,0.0,0.0,0.0,0.0,0.0,0.0,0.0,0.0,0.0,0.0,0.0,0.0,0.0,0.0
CC1CCCN1CCc1ccc2cc(-n3ncccc3=O)ccc2c1,0.0,0.0,0.0,0.0,0.0,0.0,0.0,0.0,0.0,0.0,0.0,0.0,9.1,0.0,0.0,0.0,0.0,0.0,0.0,0.0,0.0,0.0,0.0,0.0,0.0,0.0,0.0
CC1CCCN1CCc1ccc2nc(-c3c(-c4ccccc4)nn(C)c3Cl)ccc2c1,0.0,0.0,0.0,0.0,0.0,0.0,0.0,0.0,0.0,0.0,0.0,0.0,9.39,0.0,0.0,0.0,0.0,0.0,0.0,0.0,0.0,0.0,0.0,0.0,0.0,0.0,0.0
CC1CCCN1CCc1ccc2nc(-c3c(O)ccnc3C(F)(F)F)ccc2c1,0.0,0.0,0.0,0.0,0.0,0.0,0.0,0.0,0.0,0.0,0.0,0.0,6.64,0.0,0.0,0.0,0.0,0.0,0.0,0.0,0.0,0.0,0.0,0.0,0.0,0.0,0.0
CC1CCCN1CCc1ccc2nc(-c3cc(Br)no3)ccc2c1,0.0,0.0,0.0,0.0,0.0,0.0,0.0,0.0,0.0,0.0,0.0,0.0,8.74,0.0,0.0,0.0,0.0,0.0,0.0,0.0,0.0,0.0,0.0,0.0,0.0,0.0,0.0
CC1CCCN1CCc1ccc2nc(-c3ccc(-n4ccc(=O)cc4)cc3)ccc2c1,0.0,0.0,0.0,0.0,0.0,0.0,0.0,0.0,0.0,0.0,0.0,0.0,9.92,0.0,0.0,0.0,0.0,0.0,0.0,0.0,0.0,0.0,0.0,0.0,0.0,0.0,0.0
CC1CCCN1CCc1ccc2nc(-c3ccc(C#N)cc3)ccc2c1,0.0,0.0,0.0,0.0,0.0,0.0,0.0,0.0,0.0,0.0,0.0,0.0,9.16,0.0,0.0,0.0,0.0,0.0,0.0,0.0,0.0,0.0,0.0,0.0,0.0,0.0,0.0
CC1CCCN1CCc1ccc2nc(-c3ccc(C#N)s3)ccc2c1,0.0,0.0,0.0,0.0,0.0,0.0,0.0,0.0,0.0,0.0,0.0,0.0,9.49,0.0,0.0,0.0,0.0,0.0,0.0,0.0,0.0,0.0,0.0,0.0,0.0,0.0,0.0
CC1CCCN1CCc1ccc2nc(-c3ccc(Cl)nc3)ccc2c1,0.0,0.0,0.0,0.0,0.0,0.0,0.0,0.0,0.0,0.0,0.0,0.0,9.6,0.0,0.0,0.0,0.0,0.0,0.0,0.0,0.0,0.0,0.0,0.0,0.0,0.0,0.0
CC1CCCN1CCc1ccc2nc(-c3ccc(N4CCCCC4)cc3)ccc2c1,0.0,0.0,0.0,0.0,0.0,0.0,0.0,0.0,0.0,0.0,0.0,0.0,9.0,0.0,0.0,0.0,0.0,0.0,0.0,0.0,0.0,0.0,0.0,0.0,0.0,0.0,0.0
CC1CCCN1CCc1ccc2nc(-c3ccc4c(c3)COCO4)ccc2c1,0.0,0.0,0.0,0.0,0.0,0.0,0.0,0.0,0.0,0.0,0.0,0.0,9.4,0.0,0.0,0.0,0.0,0.0,0.0,0.0,0.0,0.0,0.0,0.0,0.0,0.0,0.0
CC1CCCN1CCc1ccc2nc(-c3ccc4nccnc4c3)ccc2c1,0.0,0.0,0.0,0.0,0.0,0.0,0.0,0.0,0.0,0.0,0.0,0.0,9.43,0.0,0.0,0.0,0.0,0.0,0.0,0.0,0.0,0.0,0.0,0.0,0.0,0.0,0.0
CC1CCCN1CCc1ccc2nc(-c3ccccn3)ccc2c1,0.0,0.0,0.0,0.0,0.0,0.0,0.0,0.0,0.0,0.0,0.0,0.0,9.12,0.0,0.0,0.0,0.0,0.0,0.0,0.0,0.0,0.0,0.0,0.0,0.0,0.0,0.0
CC1CCCN1CCc1ccc2nc(-c3cccnc3)ccc2c1,0.0,0.0,0.0,0.0,0.0,0.0,0.0,0.0,0.0,0.0,0.0,0.0,9.96,0.0,0.0,0.0,0.0,0.0,0.0,0.0,0.0,0.0,0.0,0.0,0.0,0.0,0.0
CC1CCCN1CCc1ccc2nc(-c3cccs3)ccc2c1,0.0,0.0,0.0,0.0,0.0,0.0,0.0,0.0,0.0,0.0,0.0,0.0,9.0,0.0,0.0,0.0,0.0,0.0,0.0,0.0,0.0,0.0,0.0,0.0,0.0,0.0,0.0
CC1CCCN1CCc1ccc2nc(-c3ccn4ncnc4n3)ccc2c1,0.0,0.0,0.0,0.0,0.0,0.0,0.0,0.0,0.0,0.0,0.0,0.0,9.16,0.0,0.0,0.0,0.0,0.0,0.0,0.0,0.0,0.0,0.0,0.0,0.0,0.0,0.0
CC1CCCN1CCc1ccc2nc(-c3ccn[nH]3)ccc2c1,0.0,0.0,0.0,0.0,0.0,0.0,0.0,0.0,0.0,0.0,0.0,0.0,8.49,0.0,0.0,0.0,0.0,0.0,0.0,0.0,0.0,0.0,0.0,0.0,0.0,0.0,0.0
CC1CCCN1CCc1ccc2nc(-c3ccncc3)ccc2c1,0.0,0.0,0.0,0.0,0.0,0.0,0.0,0.0,0.0,0.0,0.0,0.0,9.66,0.0,0.0,0.0,0.0,0.0,0.0,0.0,0.0,0.0,0.0,0.0,0.0,0.0,0.0
CC1CCCN1CCc1ccc2nc(-c3ccoc3)ccc2c1,0.0,0.0,0.0,0.0,0.0,0.0,0.0,0.0,0.0,0.0,0.0,0.0,8.29,0.0,0.0,0.0,0.0,0.0,0.0,0.0,0.0,0.0,0.0,0.0,0.0,0.0,0.0
CC1CCCN1CCc1ccc2nc(-c3ccsc3)ccc2c1,0.0,0.0,0.0,0.0,0.0,0.0,0.0,0.0,0.0,0.0,0.0,0.0,8.6,0.0,0.0,0.0,0.0,0.0,0.0,0.0,0.0,0.0,0.0,0.0,0.0,0.0,0.0
CC1CCCN1CCc1ccc2nc(-c3cn4c(n3)SCC4)ccc2c1,0.0,0.0,0.0,0.0,0.0,0.0,0.0,0.0,0.0,0.0,0.0,0.0,9.07,0.0,0.0,0.0,0.0,0.0,0.0,0.0,0.0,0.0,0.0,0.0,0.0,0.0,0.0
CC1CCCN1CCc1ccc2nc(-c3cn[nH]c3)ccc2c1,0.0,0.0,0.0,0.0,0.0,0.0,0.0,0.0,0.0,0.0,0.0,0.0,9.05,0.0,0.0,0.0,0.0,0.0,0.0,0.0,0.0,0.0,0.0,0.0,0.0,0.0,0.0
CC1CCCN1CCc1ccc2nc(-c3cnc(-c4ccccc4)s3)ccc2c1,0.0,0.0,0.0,0.0,0.0,0.0,0.0,0.0,0.0,0.0,0.0,0.0,8.96,0.0,0.0,0.0,0.0,0.0,0.0,0.0,0.0,0.0,0.0,0.0,0.0,0.0,0.0
CC1CCCN1CCc1ccc2nc(-c3cnc4c(c3)OCO4)ccc2c1,0.0,0.0,0.0,0.0,0.0,0.0,0.0,0.0,0.0,0.0,0.0,0.0,9.08,0.0,0.0,0.0,0.0,0.0,0.0,0.0,0.0,0.0,0.0,0.0,0.0,0.0,0.0
CC1CCCN1CCc1ccc2nc(-c3cnccn3)ccc2c1,0.0,0.0,0.0,0.0,0.0,0.0,0.0,0.0,0.0,0.0,0.0,0.0,9.96,0.0,0.0,0.0,0.0,0.0,0.0,0.0,0.0,0.0,0.0,0.0,0.0,0.0,0.0
CC1CCCN1CCc1ccc2nc(-c3cncnc3)ccc2c1,0.0,0.0,0.0,0.0,0.0,0.0,0.0,0.0,0.0,0.0,0.0,0.0,9.72,0.0,0.0,0.0,0.0,0.0,0.0,0.0,0.0,0.0,0.0,0.0,0.0,0.0,0.0
CC1CCCN1CCc1ccc2nc(-c3csc(-c4cc(Cl)nc(Cl)c4)n3)ccc2c1,0.0,0.0,0.0,0.0,0.0,0.0,0.0,0.0,0.0,0.0,0.0,0.0,7.55,0.0,0.0,0.0,0.0,0.0,0.0,0.0,0.0,0.0,0.0,0.0,0.0,0.0,0.0
CC1CCCN1CCc1ccc2nc(-c3csc(-c4ccc(OCC(F)(F)F)nc4)n3)ccc2c1,0.0,0.0,0.0,0.0,0.0,0.0,0.0,0.0,0.0,0.0,0.0,0.0,7.6,0.0,0.0,0.0,0.0,0.0,0.0,0.0,0.0,0.0,0.0,0.0,0.0,0.0,0.0
CC1CCCN1CCc1ccc2nc(-c3csc(-c4ccccc4)n3)ccc2c1,0.0,0.0,0.0,0.0,0.0,0.0,0.0,0.0,0.0,0.0,0.0,0.0,8.17,0.0,0.0,0.0,0.0,0.0,0.0,0.0,0.0,0.0,0.0,0.0,0.0,0.0,0.0
CC1CCCN1CCc1ccc2nc(-c3nc4ccccc4s3)ccc2c1,0.0,0.0,0.0,0.0,0.0,0.0,0.0,0.0,0.0,0.0,0.0,0.0,8.54,0.0,0.0,0.0,0.0,0.0,0.0,0.0,0.0,0.0,0.0,0.0,0.0,0.0,0.0
CC1CCCN1CCc1ccc2nc(-c3nccs3)ccc2c1,0.0,0.0,0.0,0.0,0.0,0.0,0.0,0.0,0.0,0.0,0.0,0.0,9.36,0.0,0.0,0.0,0.0,0.0,0.0,0.0,0.0,0.0,0.0,0.0,0.0,0.0,0.0
CC1CCCN1CCc1ccc2nc(C(C)(C)C)ccc2c1,0.0,0.0,0.0,0.0,0.0,0.0,0.0,0.0,0.0,0.0,0.0,0.0,7.96,0.0,0.0,0.0,0.0,0.0,0.0,0.0,0.0,0.0,0.0,0.0,0.0,0.0,0.0
CC1CCCN1CCc1ccc2nc(C3=NCCS3)ccc2c1,0.0,0.0,0.0,0.0,0.0,0.0,0.0,0.0,0.0,0.0,0.0,0.0,8.42,0.0,0.0,0.0,0.0,0.0,0.0,0.0,0.0,0.0,0.0,0.0,0.0,0.0,0.0
CC1CCCN1CCc1ccc2nc(C3CC3)ccc2c1,0.0,0.0,0.0,0.0,0.0,0.0,0.0,0.0,0.0,0.0,0.0,0.0,8.13,0.0,0.0,0.0,0.0,0.0,0.0,0.0,0.0,0.0,0.0,0.0,0.0,0.0,0.0
CC1CCCN1CCc1ccc2ncccc2c1,0.0,0.0,0.0,0.0,0.0,0.0,0.0,0.0,0.0,0.0,0.0,0.0,8.13,0.0,0.0,0.0,0.0,0.0,0.0,0.0,0.0,0.0,0.0,0.0,0.0,0.0,0.0
CC1CCCN1CCc1ccccc1O,0.0,0.0,0.0,0.0,0.0,0.0,0.0,0.0,0.0,0.0,0.0,0.0,0.0,0.0,0.0,7.68,0.0,0.0,0.0,0.0,0.0,0.0,0.0,0.0,0.0,0.0,0.0
CC1CCCN1CCc1ccccn1,0.0,0.0,0.0,0.0,0.0,0.0,0.0,0.0,0.0,0.0,0.0,0.0,0.0,0.0,0.0,6.7,0.0,0.0,0.0,0.0,0.0,0.0,0.0,0.0,0.0,0.0,0.0
CC1CCCN1CCc1cccnc1,0.0,0.0,0.0,0.0,0.0,0.0,0.0,0.0,0.0,0.0,0.0,0.0,0.0,0.0,0.0,6.52,0.0,0.0,0.0,0.0,0.0,0.0,0.0,0.0,0.0,0.0,0.0
CC1CCCN1CCc1cccs1,0.0,0.0,0.0,0.0,0.0,0.0,0.0,0.0,0.0,0.0,0.0,0.0,0.0,0.0,0.0,7.47,0.0,0.0,0.0,0.0,0.0,0.0,0.0,0.0,0.0,0.0,0.0
CC1CCCN1CCc1ccncc1,0.0,0.0,0.0,0.0,0.0,0.0,0.0,0.0,0.0,0.0,0.0,0.0,0.0,0.0,0.0,7.16,0.0,0.0,0.0,0.0,0.0,0.0,0.0,0.0,0.0,0.0,0.0
CC1CCCN1CCc1ccns1,0.0,0.0,0.0,0.0,0.0,0.0,0.0,0.0,0.0,0.0,0.0,0.0,0.0,0.0,0.0,7.77,0.0,0.0,0.0,0.0,0.0,0.0,0.0,0.0,0.0,0.0,0.0
CC1CCCN1Cc1ccc(-c2ccc(C(Cc3ccccc3)N3CCCCC3)cc2)cc1,0.0,8.25,0.0,0.0,0.0,0.0,0.0,0.0,0.0,0.0,0.0,0.0,0.0,0.0,0.0,0.0,0.0,0.0,0.0,0.0,0.0,0.0,0.0,0.0,0.0,0.0,0.0
CC1CCCN1Cc1ccc(-c2ccc(CN3CCCCC3)cc2)cc1,0.0,9.18,0.0,0.0,0.0,0.0,0.0,0.0,0.0,0.0,0.0,0.0,0.0,0.0,0.0,0.0,0.0,0.0,0.0,0.0,0.0,0.0,0.0,0.0,0.0,0.0,0.0
CC1CCCN1Cc1ccc(NC(=O)CN2CCOCC2)cc1,0.0,0.0,0.0,0.0,0.0,0.0,0.0,0.0,0.0,0.0,0.0,0.0,0.0,0.0,0.0,0.0,5.45,0.0,0.0,0.0,0.0,0.0,0.0,0.0,0.0,0.0,0.0
CC1CCCN1c1cnc2nc(N3CCC(N4CCCCC4)CC3)oc2c1,0.0,0.0,0.0,0.0,0.0,0.0,0.0,0.0,0.0,0.0,0.0,0.0,0.0,0.0,0.0,6.82,0.0,0.0,0.0,0.0,0.0,0.0,0.0,0.0,0.0,0.0,0.0
CC1CCN(C(=O)c2ccc3cc(OC4CCN(C(C)C)C4)ccc3c2)CC1,0.0,0.0,0.0,0.0,6.63,0.0,0.0,0.0,0.0,0.0,0.0,0.0,0.0,0.0,0.0,0.0,0.0,0.0,0.0,0.0,0.0,0.0,0.0,0.0,0.0,0.0,0.0
CC1CCN(C(=O)c2ccc3cc(OC4CCN(C(C)C)CC4)ccc3c2)CC1,0.0,0.0,0.0,0.0,7.47,0.0,0.0,0.0,0.0,0.0,0.0,0.0,0.0,0.0,0.0,0.0,0.0,0.0,0.0,0.0,0.0,0.0,0.0,0.0,0.0,0.0,0.0
CC1CCN(C(=O)c2ccc3cc(OCCC4CCCN4C)ccc3c2)CC1,0.0,0.0,0.0,0.0,6.24,0.0,0.0,0.0,0.0,0.0,0.0,0.0,0.0,0.0,0.0,0.0,0.0,0.0,0.0,0.0,0.0,0.0,0.0,0.0,0.0,0.0,0.0
CC1CCN(C(=O)c2ccc3cc(OCCCN4CCCCC4)ccc3c2)CC1,0.0,0.0,0.0,0.0,8.15,0.0,0.0,0.0,0.0,0.0,0.0,0.0,0.0,0.0,0.0,0.0,0.0,0.0,0.0,0.0,0.0,0.0,0.0,0.0,0.0,0.0,0.0
CC1CCN(C(=O)c2ccc3cc(OCCCN4CCCCC4)ccc3n2)CC1,0.0,0.0,0.0,0.0,6.52,0.0,0.0,0.0,0.0,0.0,0.0,0.0,0.0,0.0,0.0,0.0,0.0,0.0,0.0,0.0,0.0,0.0,0.0,0.0,0.0,0.0,0.0
CC1CCN(C(=O)c2ccc3cc(OCCCN4CCOCC4)ccc3c2)CC1,0.0,0.0,0.0,0.0,5.7,0.0,0.0,0.0,0.0,0.0,0.0,0.0,0.0,0.0,0.0,0.0,0.0,0.0,0.0,0.0,0.0,0.0,0.0,0.0,0.0,0.0,0.0
CC1CCN(C2CCC(c3ccc(OCCCN4CCCCC4)cc3)CC2)CC1,0.0,0.0,0.0,0.0,0.0,0.0,0.0,0.0,0.0,0.0,0.0,0.0,0.0,0.0,0.0,9.25,0.0,0.0,0.0,0.0,0.0,0.0,0.0,0.0,0.0,0.0,0.0
CC1CCN(CCCCCCCOc2cccc(Cl)c2)CC1,0.0,0.0,0.0,0.0,0.0,0.0,0.0,0.0,0.0,0.0,0.0,0.0,0.0,0.0,0.0,6.09,0.0,0.0,0.0,0.0,0.0,0.0,0.0,0.0,0.0,0.0,0.0
CC1CCN(CCCCCCOc2ccc(-c3ccccc3)cc2)CC1,0.0,0.0,0.0,0.0,0.0,0.0,0.0,0.0,0.0,0.0,0.0,0.0,0.0,0.0,0.0,6.58,0.0,0.0,0.0,0.0,0.0,0.0,0.0,0.0,0.0,0.0,0.0
CC1CCN(CCCCCCOc2ccc(Cl)cc2)CC1,0.0,0.0,0.0,0.0,0.0,0.0,0.0,0.0,0.0,0.0,0.0,0.0,0.0,0.0,0.0,6.72,0.0,0.0,0.0,0.0,0.0,0.0,0.0,0.0,0.0,0.0,0.0
CC1CCN(CCCCCCOc2ccc3ccccc3c2)CC1,0.0,0.0,0.0,0.0,0.0,0.0,0.0,0.0,0.0,0.0,0.0,0.0,0.0,0.0,0.0,7.04,0.0,0.0,0.0,0.0,0.0,0.0,0.0,0.0,0.0,0.0,0.0
CC1CCN(CCCCCCOc2ccc3oc4cc(Cl)ccc4c(=O)c3c2)CC1,0.0,0.0,0.0,0.0,0.0,0.0,0.0,0.0,0.0,0.0,0.0,0.0,0.0,0.0,0.0,0.0,6.28,0.0,0.0,0.0,0.0,0.0,0.0,0.0,0.0,0.0,0.0
CC1CCN(CCCCCCOc2ccc3oc4ccc(Cl)cc4c(=O)c3c2)CC1,0.0,0.0,0.0,0.0,0.0,0.0,0.0,0.0,0.0,0.0,0.0,0.0,0.0,0.0,0.0,0.0,6.33,0.0,0.0,0.0,0.0,0.0,0.0,0.0,0.0,0.0,0.0
CC1CCN(CCCCCCOc2ccc3oc4ccccc4c(=O)c3c2)CC1,0.0,0.0,0.0,0.0,0.0,0.0,0.0,0.0,0.0,0.0,0.0,0.0,0.0,0.0,0.0,0.0,7.01,0.0,0.0,0.0,0.0,0.0,0.0,0.0,0.0,0.0,0.0
CC1CCN(CCCCCCOc2cccc(-c3ccccc3)c2)CC1,0.0,0.0,0.0,0.0,0.0,0.0,0.0,0.0,0.0,0.0,0.0,0.0,0.0,0.0,0.0,6.8,0.0,0.0,0.0,0.0,0.0,0.0,0.0,0.0,0.0,0.0,0.0
CC1CCN(CCCCCCOc2cccc(Cl)c2)CC1,0.0,0.0,0.0,0.0,0.0,0.0,0.0,0.0,0.0,0.0,0.0,0.0,0.0,0.0,0.0,6.38,0.0,0.0,0.0,0.0,0.0,0.0,0.0,0.0,0.0,0.0,0.0
CC1CCN(CCCCCCOc2cccc3ccccc23)CC1,0.0,0.0,0.0,0.0,0.0,0.0,0.0,0.0,0.0,0.0,0.0,0.0,0.0,0.0,0.0,6.9,0.0,0.0,0.0,0.0,0.0,0.0,0.0,0.0,0.0,0.0,0.0
CC1CCN(CCCCCOc2ccc(-c3ccccc3)cc2)CC1,0.0,0.0,0.0,0.0,0.0,0.0,0.0,0.0,0.0,0.0,0.0,0.0,0.0,0.0,0.0,7.05,0.0,0.0,0.0,0.0,0.0,0.0,0.0,0.0,0.0,0.0,0.0
CC1CCN(CCCCCOc2ccc(Cl)cc2)CC1,0.0,0.0,0.0,0.0,0.0,0.0,0.0,0.0,0.0,0.0,0.0,0.0,0.0,0.0,0.0,6.1,0.0,0.0,0.0,0.0,0.0,0.0,0.0,0.0,0.0,0.0,0.0
CC1CCN(CCCCCOc2ccc3ccccc3c2)CC1,0.0,0.0,0.0,0.0,0.0,0.0,0.0,0.0,0.0,0.0,0.0,0.0,0.0,0.0,0.0,7.02,0.0,0.0,0.0,0.0,0.0,0.0,0.0,0.0,0.0,0.0,0.0
CC1CCN(CCCCCOc2ccc3oc4cc(Cl)ccc4c(=O)c3c2)CC1,0.0,0.0,0.0,0.0,0.0,0.0,0.0,0.0,0.0,0.0,0.0,0.0,0.0,0.0,0.0,0.0,6.35,0.0,0.0,0.0,0.0,0.0,0.0,0.0,0.0,0.0,0.0
CC1CCN(CCCCCOc2ccc3oc4ccc(Cl)cc4c(=O)c3c2)CC1,0.0,0.0,0.0,0.0,0.0,0.0,0.0,0.0,0.0,0.0,0.0,0.0,0.0,0.0,0.0,0.0,6.85,0.0,0.0,0.0,0.0,0.0,0.0,0.0,0.0,0.0,0.0
CC1CCN(CCCCCOc2ccc3oc4ccccc4c(=O)c3c2)CC1,0.0,0.0,0.0,0.0,0.0,0.0,0.0,0.0,0.0,0.0,0.0,0.0,0.0,0.0,0.0,0.0,6.96,0.0,0.0,0.0,0.0,0.0,0.0,0.0,0.0,0.0,0.0
CC1CCN(CCCCCOc2cccc(-c3ccccc3)c2)CC1,0.0,0.0,0.0,0.0,0.0,0.0,0.0,0.0,0.0,0.0,0.0,0.0,0.0,0.0,0.0,6.8,0.0,0.0,0.0,0.0,0.0,0.0,0.0,0.0,0.0,0.0,0.0
CC1CCN(CCCCCOc2cccc3ccccc23)CC1,0.0,0.0,0.0,0.0,0.0,0.0,0.0,0.0,0.0,0.0,0.0,0.0,0.0,0.0,0.0,7.36,0.0,0.0,0.0,0.0,0.0,0.0,0.0,0.0,0.0,0.0,0.0
CC1CCN(CCCOCCCOc2ccc(C(C)(C)C)cc2)CC1,0.0,0.0,0.0,0.0,0.0,0.0,0.0,0.0,0.0,0.0,0.0,0.0,0.0,0.0,0.0,8.11,0.0,0.0,0.0,0.0,0.0,0.0,0.0,0.0,0.0,0.0,0.0
CC1CCN(CCCOCCCOc2ccc(Cl)cc2)CC1,0.0,0.0,0.0,0.0,0.0,0.0,0.0,0.0,0.0,0.0,0.0,0.0,0.0,0.0,0.0,8.46,0.0,0.0,0.0,0.0,0.0,0.0,0.0,0.0,0.0,0.0,0.0
CC1CCN(CCc2ccc(-c3ccc(CCN4CCC(C)CC4)cc3)cc2)CC1,0.0,7.78,0.0,0.0,0.0,0.0,0.0,0.0,0.0,0.0,0.0,0.0,0.0,0.0,0.0,0.0,0.0,0.0,0.0,0.0,0.0,0.0,0.0,0.0,0.0,0.0,0.0
CC1CCN(CCc2ccc(OCCCCN3CCC(c4noc5cc(F)ccc45)CC3)cc2)CC1,0.0,0.0,0.0,0.0,0.0,0.0,0.0,0.0,0.0,0.0,0.0,0.0,7.8,0.0,0.0,0.0,0.0,0.0,0.0,0.0,0.0,0.0,0.0,0.0,0.0,0.0,0.0
CC1CCN(CCc2ccc(OCCCN3CCC(c4noc5cc(F)ccc45)CC3)cc2)CC1,0.0,0.0,0.0,0.0,0.0,0.0,0.0,0.0,0.0,0.0,0.0,0.0,7.92,0.0,0.0,0.0,0.0,0.0,0.0,0.0,0.0,0.0,0.0,0.0,0.0,0.0,0.0
CC1CCN(Cc2ccc(-c3ccc(CN4CCC(C)CC4)cc3)cc2)CC1,0.0,8.21,0.0,0.0,0.0,0.0,0.0,0.0,0.0,0.0,0.0,0.0,0.0,0.0,0.0,0.0,0.0,0.0,0.0,0.0,0.0,0.0,0.0,0.0,0.0,0.0,0.0
CC1CCN(Cc2ccc(-c3ccc(CN4CCCCC4)cc3)cc2)CC1,0.0,8.62,0.0,0.0,0.0,0.0,0.0,0.0,0.0,0.0,0.0,0.0,0.0,0.0,0.0,0.0,0.0,0.0,0.0,0.0,0.0,0.0,0.0,0.0,0.0,0.0,0.0
CC1CCN(c2ccc3cc(CCN4CCCC4C)ccc3n2)CC1,0.0,0.0,0.0,0.0,0.0,0.0,0.0,0.0,0.0,0.0,0.0,0.0,10.3,0.0,0.0,0.0,0.0,0.0,0.0,0.0,0.0,0.0,0.0,0.0,0.0,0.0,0.0
CC1CN(CC(=O)c2ccc(OCCCN3CCCC3C)cc2)CC(C)O1,0.0,0.0,0.0,0.0,0.0,0.0,0.0,0.0,0.0,0.0,0.0,0.0,8.0,0.0,0.0,0.0,0.0,0.0,0.0,0.0,0.0,0.0,0.0,0.0,0.0,0.0,0.0
CC1CN(c2ncc(Cl)c(Nc3ccc4c(c3)n(CCC(C)(C)O)c(=O)n4C)n2)CC(C)C1(F)F,0.0,0.0,0.0,0.0,0.0,0.0,0.0,0.0,0.0,0.0,0.0,0.0,5.69,0.0,0.0,0.0,0.0,0.0,0.0,0.0,0.0,0.0,0.0,0.0,0.0,0.0,0.0
CC1CN(c2nnc(N3CCC(N4CCCCC4)CC3)s2)CC(C)O1,0.0,0.0,0.0,0.0,0.0,0.0,0.0,0.0,0.0,0.0,0.0,0.0,7.28,0.0,0.0,0.0,0.0,0.0,0.0,0.0,0.0,0.0,0.0,0.0,0.0,0.0,0.0
CC1Cc2cc(OCCCN3CCCC3)ccc2C2CCC3(C)C(CCC3N3CCCC3)C12,0.0,0.0,0.0,0.0,0.0,0.0,0.0,0.0,0.0,0.0,0.0,0.0,0.0,0.0,0.0,0.0,8.92,0.0,0.0,0.0,0.0,0.0,0.0,0.0,0.0,0.0,0.0
CC1Cn2c(cc3cc(OC4CCN(C(C)C)CC4)ccc32)C(=O)N1,0.0,0.0,0.0,0.0,0.0,0.0,0.0,0.0,0.0,0.0,0.0,0.0,8.22,0.0,0.0,0.0,0.0,0.0,0.0,0.0,0.0,0.0,0.0,0.0,0.0,0.0,0.0
CC1NC(=O)C(Cc2ccc(OCCCN3CCCCC3)cc2)NC1=O,0.0,0.0,0.0,0.0,0.0,0.0,0.0,0.0,0.0,0.0,0.0,0.0,0.0,0.0,0.0,6.8,0.0,0.0,0.0,0.0,0.0,0.0,0.0,0.0,0.0,0.0,0.0
CC1Sc2ccccc2OC1c1ccc(OCCCN2CCCC2)cc1,0.0,0.0,0.0,0.0,0.0,0.0,0.0,0.0,0.0,0.0,0.0,0.0,8.7,0.0,0.0,0.0,0.0,0.0,0.0,0.0,0.0,0.0,0.0,0.0,0.0,0.0,0.0
CC=CCNC(=O)OCCCc1c[nH]cn1,0.0,0.0,0.0,0.0,0.0,0.0,0.0,0.0,0.0,0.0,0.0,0.0,0.0,0.0,0.0,0.0,7.27,0.0,0.0,0.0,0.0,0.0,0.0,0.0,0.0,0.0,0.0
CCC(=O)NC1CCN(c2ccnc(NCC(C)(C)C)n2)C1,0.0,0.0,0.0,0.0,0.0,0.0,0.0,0.0,0.0,0.0,0.0,0.0,0.0,5.52,0.0,0.0,0.0,0.0,0.0,0.0,0.0,0.0,0.0,0.0,0.0,0.0,0.0
CCC(=O)c1ccc(OCCCCN2CCN(c3ccccn3)CC2)cc1,0.0,0.0,0.0,0.0,0.0,0.0,0.0,0.0,0.0,0.0,0.0,0.0,0.0,0.0,0.0,5.84,0.0,0.0,0.0,0.0,0.0,0.0,0.0,0.0,0.0,0.0,0.0
CCC(=O)c1ccc(OCCCCN2CCN(c3cccnc3)CC2)cc1,0.0,0.0,0.0,0.0,0.0,0.0,0.0,0.0,0.0,0.0,0.0,0.0,0.0,0.0,0.0,5.86,0.0,0.0,0.0,0.0,0.0,0.0,0.0,0.0,0.0,0.0,0.0
CCC(=O)c1ccc(OCCCCN2CCN(c3ccncc3)CC2)cc1,0.0,0.0,0.0,0.0,0.0,0.0,0.0,0.0,0.0,0.0,0.0,0.0,0.0,0.0,0.0,7.81,0.0,0.0,0.0,0.0,0.0,0.0,0.0,0.0,0.0,0.0,0.0
CCC(=O)c1ccc(OCCCCN2CCN(c3cnccn3)CC2)cc1,0.0,0.0,0.0,0.0,0.0,0.0,0.0,0.0,0.0,0.0,0.0,0.0,0.0,0.0,0.0,5.44,0.0,0.0,0.0,0.0,0.0,0.0,0.0,0.0,0.0,0.0,0.0
CCC(=O)c1ccc(OCCCCN2CCN(c3ncccn3)CC2)cc1,0.0,0.0,0.0,0.0,0.0,0.0,0.0,0.0,0.0,0.0,0.0,0.0,0.0,0.0,0.0,5.39,0.0,0.0,0.0,0.0,0.0,0.0,0.0,0.0,0.0,0.0,0.0
CCC(=O)c1ccc(OCCCN2CCN(C3CCCO3)CC2)cc1,0.0,0.0,0.0,0.0,0.0,0.0,0.0,0.0,0.0,0.0,0.0,0.0,0.0,0.0,0.0,5.86,0.0,0.0,0.0,0.0,0.0,0.0,0.0,0.0,0.0,0.0,0.0
CCC(=O)c1ccc(OCCCN2CCN(c3ccccn3)CC2)cc1,0.0,0.0,0.0,0.0,0.0,0.0,0.0,0.0,0.0,0.0,0.0,0.0,0.0,0.0,0.0,6.42,0.0,0.0,0.0,0.0,0.0,0.0,0.0,0.0,0.0,0.0,0.0
CCC(=O)c1ccc(OCCCN2CCN(c3cccnc3)CC2)cc1,0.0,0.0,0.0,0.0,0.0,0.0,0.0,0.0,0.0,0.0,0.0,0.0,0.0,0.0,0.0,6.72,0.0,0.0,0.0,0.0,0.0,0.0,0.0,0.0,0.0,0.0,0.0
CCC(=O)c1ccc(OCCCN2CCN(c3ccncc3)CC2)cc1,0.0,0.0,0.0,0.0,0.0,0.0,0.0,0.0,0.0,0.0,0.0,0.0,0.0,0.0,0.0,8.28,0.0,0.0,0.0,0.0,0.0,0.0,0.0,0.0,0.0,0.0,0.0
CCC(=O)c1ccc(OCCCN2CCN(c3cnccn3)CC2)cc1,0.0,0.0,0.0,0.0,0.0,0.0,0.0,0.0,0.0,0.0,0.0,0.0,5.76,0.0,0.0,5.76,0.0,0.0,0.0,0.0,0.0,0.0,0.0,0.0,0.0,0.0,0.0
CCC(=O)c1ccc(OCCCN2CCN(c3ncccn3)CC2)cc1,0.0,0.0,0.0,0.0,0.0,0.0,0.0,0.0,0.0,0.0,0.0,0.0,5.47,0.0,0.0,5.47,0.0,0.0,0.0,0.0,0.0,0.0,0.0,0.0,0.0,0.0,0.0
CCC(=O)c1cccc(-c2ccc3oc(CCN4CCCC4C)cc3c2)c1,0.0,0.0,0.0,0.0,0.0,0.0,9.64,0.0,0.0,0.0,0.0,0.0,0.0,0.0,0.0,0.0,0.0,0.0,0.0,0.0,0.0,0.0,0.0,0.0,0.0,0.0,0.0
CCC(C)(C)c1ccc(OCCCCCCCCN2CCC(C)CC2)cc1,0.0,0.0,0.0,0.0,0.0,0.0,0.0,0.0,0.0,0.0,0.0,0.0,0.0,0.0,0.0,0.0,0.0,0.0,0.0,0.0,0.0,6.51,0.0,0.0,0.0,0.0,0.0
CCC(C)(C)c1ccc(OCCCCCCCCN2CCCC(C)C2)cc1,0.0,0.0,0.0,0.0,0.0,0.0,0.0,0.0,0.0,0.0,0.0,0.0,0.0,0.0,0.0,0.0,0.0,0.0,0.0,0.0,0.0,6.92,0.0,0.0,0.0,0.0,0.0
CCC(C)(C)c1ccc(OCCCCCCCCN2CCCCC2)cc1,0.0,0.0,0.0,0.0,0.0,0.0,0.0,0.0,0.0,0.0,0.0,0.0,0.0,0.0,0.0,0.0,0.0,0.0,0.0,0.0,0.0,6.49,0.0,0.0,0.0,0.0,0.0
CCC(C)(C)c1ccc(OCCCCCCCCN2CCCCCC2)cc1,0.0,0.0,0.0,0.0,0.0,0.0,0.0,0.0,0.0,0.0,0.0,0.0,0.0,0.0,0.0,0.0,0.0,0.0,0.0,0.0,0.0,6.74,0.0,0.0,0.0,0.0,0.0
CCC(C)(C)c1ccc(OCCCCCCCN2CCC(C)CC2)cc1,0.0,0.0,0.0,0.0,0.0,0.0,0.0,0.0,0.0,0.0,0.0,0.0,0.0,0.0,0.0,0.0,0.0,0.0,0.0,0.0,0.0,7.19,0.0,0.0,0.0,0.0,0.0
CCC(C)(C)c1ccc(OCCCCCCCN2CCCC(C)C2)cc1,0.0,0.0,0.0,0.0,0.0,0.0,0.0,0.0,0.0,0.0,0.0,0.0,0.0,0.0,0.0,0.0,0.0,0.0,0.0,0.0,0.0,7.44,0.0,0.0,0.0,0.0,0.0
CCC(C)(C)c1ccc(OCCCCCCCN2CCCCC2)cc1,0.0,0.0,0.0,0.0,0.0,0.0,0.0,0.0,0.0,0.0,0.0,0.0,0.0,0.0,0.0,0.0,0.0,0.0,0.0,0.0,0.0,7.26,0.0,0.0,0.0,0.0,0.0
CCC(C)(C)c1ccc(OCCCCCCCN2CCCCCC2)cc1,0.0,0.0,0.0,0.0,0.0,0.0,0.0,0.0,0.0,0.0,0.0,0.0,0.0,0.0,0.0,0.0,0.0,0.0,0.0,0.0,0.0,6.89,0.0,0.0,0.0,0.0,0.0
CCC(C)(C)c1ccc(OCCCCCCN2CCC(C)CC2)cc1,0.0,0.0,0.0,0.0,0.0,0.0,0.0,0.0,0.0,0.0,0.0,0.0,0.0,0.0,0.0,0.0,0.0,0.0,0.0,0.0,0.0,7.22,0.0,0.0,0.0,0.0,0.0
CCC(C)(C)c1ccc(OCCCCCCN2CCCC(C)C2)cc1,0.0,0.0,0.0,0.0,0.0,0.0,0.0,0.0,0.0,0.0,0.0,0.0,0.0,0.0,0.0,0.0,0.0,0.0,0.0,0.0,0.0,7.47,0.0,0.0,0.0,0.0,0.0
CCC(C)(C)c1ccc(OCCCCCCN2CCCCC2)cc1,0.0,0.0,0.0,0.0,0.0,0.0,0.0,0.0,0.0,0.0,0.0,0.0,0.0,0.0,0.0,0.0,0.0,0.0,0.0,0.0,0.0,7.33,0.0,0.0,0.0,0.0,0.0
CCC(C)(C)c1ccc(OCCCCCCN2CCCCCC2)cc1,0.0,0.0,0.0,0.0,0.0,0.0,0.0,0.0,0.0,0.0,0.0,0.0,0.0,0.0,0.0,0.0,0.0,0.0,0.0,0.0,0.0,7.38,0.0,0.0,0.0,0.0,0.0
CCC(C)(C)c1ccc(OCCCCCN2CCC(C)CC2)cc1,0.0,0.0,0.0,0.0,0.0,0.0,0.0,0.0,0.0,0.0,0.0,0.0,0.0,0.0,0.0,0.0,0.0,0.0,0.0,0.0,0.0,7.63,0.0,0.0,0.0,0.0,0.0
CCC(C)(C)c1ccc(OCCCCCN2CCCC(C)C2)cc1,0.0,0.0,0.0,0.0,0.0,0.0,0.0,0.0,0.0,0.0,0.0,0.0,0.0,0.0,0.0,0.0,0.0,0.0,0.0,0.0,0.0,7.87,0.0,0.0,0.0,0.0,0.0
CCC(C)(C)c1ccc(OCCCCCN2CCCCC2)cc1,0.0,0.0,0.0,0.0,0.0,0.0,0.0,0.0,0.0,0.0,0.0,0.0,0.0,0.0,0.0,0.0,0.0,0.0,0.0,0.0,0.0,8.06,0.0,0.0,0.0,0.0,0.0
CCC(C)(C)c1ccc(OCCCCCN2CCCCCC2)cc1,0.0,0.0,0.0,0.0,0.0,0.0,0.0,0.0,0.0,0.0,0.0,0.0,0.0,0.0,0.0,0.0,0.0,0.0,0.0,0.0,0.0,7.67,0.0,0.0,0.0,0.0,0.0
CCC(C)(C)c1ccc(OCCCCN2CCC(C)CC2)cc1,0.0,0.0,0.0,0.0,0.0,0.0,0.0,0.0,0.0,0.0,0.0,0.0,0.0,0.0,0.0,6.62,0.0,0.0,0.0,0.0,0.0,0.0,0.0,0.0,0.0,0.0,0.0
CCC(C)(C)c1ccc(OCCCCN2CCCC(C)C2)cc1,0.0,0.0,0.0,0.0,0.0,0.0,0.0,0.0,0.0,0.0,0.0,0.0,0.0,0.0,0.0,7.34,0.0,0.0,0.0,0.0,0.0,0.0,0.0,0.0,0.0,0.0,0.0
CCC(C)(C)c1ccc(OCCCCN2CCCCC2)cc1,0.0,0.0,0.0,0.0,0.0,0.0,0.0,0.0,0.0,0.0,0.0,0.0,0.0,0.0,0.0,6.85,0.0,0.0,0.0,0.0,0.0,0.0,0.0,0.0,0.0,0.0,0.0
CCC(C)(C)c1ccc(OCCCCN2CCCCCC2)cc1,0.0,0.0,0.0,0.0,0.0,0.0,0.0,0.0,0.0,0.0,0.0,0.0,0.0,0.0,0.0,7.17,0.0,0.0,0.0,0.0,0.0,0.0,0.0,0.0,0.0,0.0,0.0
CCC(C)(C)c1ccc(OCCCCN2CCN(c3ccccn3)CC2)cc1,0.0,0.0,0.0,0.0,0.0,0.0,0.0,0.0,0.0,0.0,0.0,0.0,0.0,0.0,0.0,6.32,0.0,0.0,0.0,0.0,0.0,0.0,0.0,0.0,0.0,0.0,0.0
CCC(C)(C)c1ccc(OCCCCN2CCN(c3ccncc3)CC2)cc1,0.0,0.0,0.0,0.0,0.0,0.0,0.0,0.0,0.0,0.0,0.0,0.0,0.0,0.0,0.0,6.92,0.0,0.0,0.0,0.0,0.0,0.0,0.0,0.0,0.0,0.0,0.0
CCC(C)(C)c1ccc(OCCCCN2CCN(c3cnccn3)CC2)cc1,0.0,0.0,0.0,0.0,0.0,0.0,0.0,0.0,0.0,0.0,0.0,0.0,6.17,0.0,0.0,6.17,0.0,0.0,0.0,0.0,0.0,0.0,0.0,0.0,0.0,0.0,0.0
CCC(C)(C)c1ccc(OCCCCN2CCN(c3ncccn3)CC2)cc1,0.0,0.0,0.0,0.0,0.0,0.0,0.0,0.0,0.0,0.0,0.0,0.0,5.64,0.0,0.0,5.64,0.0,0.0,0.0,0.0,0.0,0.0,0.0,0.0,0.0,0.0,0.0
CCC(C)(C)c1ccc(OCCCN2C(C)CCCC2C)cc1,0.0,0.0,0.0,0.0,0.0,0.0,0.0,0.0,0.0,0.0,0.0,0.0,0.0,0.0,0.0,0.0,6.85,0.0,0.0,0.0,0.0,0.0,0.0,0.0,0.0,0.0,0.0
CCC(C)(C)c1ccc(OCCCN2CC(C)CC(C)C2)cc1,0.0,0.0,0.0,0.0,0.0,0.0,0.0,0.0,0.0,0.0,0.0,0.0,0.0,0.0,0.0,0.0,6.12,0.0,0.0,0.0,0.0,0.0,0.0,0.0,0.0,0.0,0.0
CCC(C)(C)c1ccc(OCCCN2CCC(C)CC2)cc1,0.0,0.0,0.0,0.0,0.0,0.0,0.0,0.0,0.0,0.0,0.0,0.0,0.0,0.0,0.0,0.0,6.83,0.0,0.0,0.0,0.0,0.0,0.0,0.0,0.0,0.0,0.0
CCC(C)(C)c1ccc(OCCCN2CCCC(C)C2)cc1,0.0,0.0,0.0,0.0,0.0,0.0,0.0,0.0,0.0,0.0,0.0,0.0,0.0,0.0,0.0,0.0,7.0,0.0,0.0,0.0,0.0,0.0,0.0,0.0,0.0,0.0,0.0
CCC(C)(C)c1ccc(OCCCN2CCCC2)cc1,0.0,0.0,0.0,0.0,0.0,0.0,0.0,0.0,0.0,0.0,0.0,0.0,0.0,0.0,0.0,0.0,7.2,0.0,0.0,0.0,0.0,0.0,0.0,0.0,0.0,0.0,0.0
CCC(C)(C)c1ccc(OCCCN2CCCCC2)cc1,0.0,0.0,0.0,0.0,0.0,0.0,0.0,0.0,0.0,0.0,0.0,0.0,0.0,0.0,0.0,8.08,7.43,0.0,0.0,0.0,0.0,0.0,0.0,0.0,0.0,0.0,0.0
CCC(C)(C)c1ccc(OCCCN2CCCCC2C)cc1,0.0,0.0,0.0,0.0,0.0,0.0,0.0,0.0,0.0,0.0,0.0,0.0,0.0,0.0,0.0,0.0,6.36,0.0,0.0,0.0,0.0,0.0,0.0,0.0,0.0,0.0,0.0
CCC(C)(C)c1ccc(OCCCN2CCCCCC2)cc1,0.0,0.0,0.0,0.0,0.0,0.0,0.0,0.0,0.0,0.0,0.0,0.0,0.0,0.0,0.0,0.0,6.53,0.0,0.0,0.0,0.0,0.0,0.0,0.0,0.0,0.0,0.0
CCC(C)(C)c1ccc(OCCCN2CCN(c3ccccn3)CC2)cc1,0.0,0.0,0.0,0.0,0.0,0.0,0.0,0.0,0.0,0.0,0.0,0.0,0.0,0.0,0.0,5.28,0.0,0.0,0.0,0.0,0.0,0.0,0.0,0.0,0.0,0.0,0.0
CCC(C)(C)c1ccc(OCCCN2CCN(c3cccnc3)CC2)cc1,0.0,0.0,0.0,0.0,0.0,0.0,0.0,0.0,0.0,0.0,0.0,0.0,0.0,0.0,0.0,5.44,0.0,0.0,0.0,0.0,0.0,0.0,0.0,0.0,0.0,0.0,0.0
CCC(C)(C)c1ccc(OCCCN2CCN(c3ccncc3)CC2)cc1,0.0,0.0,0.0,0.0,0.0,0.0,0.0,0.0,0.0,0.0,0.0,0.0,0.0,0.0,0.0,7.51,0.0,0.0,0.0,0.0,0.0,0.0,0.0,0.0,0.0,0.0,0.0
CCC(C)(C)c1ccc(OCCCN2CCN(c3cnccn3)CC2)cc1,0.0,0.0,0.0,0.0,0.0,0.0,0.0,0.0,0.0,0.0,0.0,0.0,0.0,0.0,0.0,5.21,0.0,0.0,0.0,0.0,0.0,0.0,0.0,0.0,0.0,0.0,0.0
CCC(C)(C)c1ccc(OCCCN2CCN(c3ncccn3)CC2)cc1,0.0,0.0,0.0,0.0,0.0,0.0,0.0,0.0,0.0,0.0,0.0,0.0,0.0,0.0,0.0,5.27,0.0,0.0,0.0,0.0,0.0,0.0,0.0,0.0,0.0,0.0,0.0
CCC(C)C(N)C(=O)N(C)C1CCC2(C)C(=CCC3C2CCC24CN(C)C(C)C2CCC34)C1,0.0,0.0,0.0,0.0,0.0,0.0,9.66,0.0,0.0,0.0,0.0,0.0,0.0,0.0,0.0,0.0,0.0,0.0,0.0,0.0,0.0,0.0,0.0,0.0,0.0,0.0,0.0
CCC(C)CCNC(=O)OCCCc1c[nH]cn1,0.0,0.0,0.0,0.0,0.0,0.0,0.0,0.0,0.0,0.0,0.0,0.0,0.0,0.0,0.0,0.0,7.89,0.0,0.0,0.0,0.0,0.0,0.0,0.0,0.0,0.0,0.0
CCC(C)CNC(=O)OCCCc1c[nH]cn1,0.0,0.0,0.0,0.0,0.0,0.0,0.0,0.0,0.0,0.0,0.0,0.0,0.0,0.0,0.0,0.0,8.33,0.0,0.0,0.0,0.0,0.0,0.0,0.0,0.0,0.0,0.0
CCC(C)N1CCC(Oc2ccc(C#N)cc2)CC1,0.0,0.0,0.0,0.0,0.0,0.0,0.0,0.0,0.0,0.0,0.0,0.0,7.82,0.0,0.0,0.0,0.0,0.0,0.0,0.0,0.0,0.0,0.0,0.0,0.0,0.0,0.0
CCC(C)NC(=O)OCCCc1c[nH]cn1,0.0,0.0,0.0,0.0,0.0,0.0,0.0,0.0,0.0,0.0,0.0,0.0,0.0,0.0,0.0,0.0,7.92,0.0,0.0,0.0,0.0,0.0,0.0,0.0,0.0,0.0,0.0
CCC(C)NC1CN(c2ccnc(N)n2)C1,0.0,0.0,0.0,0.0,0.0,0.0,0.0,0.0,0.0,0.0,0.0,0.0,0.0,0.0,0.0,0.0,0.0,0.0,0.0,0.0,0.0,7.9,0.0,0.0,0.0,0.0,0.0
CCC(CC)N1CCN(C(=O)CCC(=O)c2ccc(Cl)cc2)CC1,0.0,0.0,0.0,0.0,0.0,0.0,0.0,0.0,0.0,0.0,0.0,0.0,9.06,0.0,0.0,0.0,0.0,0.0,0.0,0.0,0.0,0.0,0.0,0.0,0.0,0.0,0.0
CCC(CC)N1CCN(C(=O)CCC(=O)c2ccc(OC)c(OC)c2)CC1,0.0,0.0,0.0,0.0,0.0,0.0,0.0,0.0,0.0,0.0,0.0,0.0,0.0,0.0,0.0,0.0,0.0,0.0,0.0,0.0,0.0,0.0,0.0,0.0,9.42,0.0,0.0
CCC(CC)N1CCN(c2ccc3ccccc3n2)CC1,0.0,0.0,0.0,0.0,0.0,0.0,0.0,0.0,0.0,0.0,0.0,0.0,0.0,0.0,0.0,0.0,0.0,0.0,0.0,0.0,0.0,0.0,0.0,0.0,8.54,0.0,0.0
CCC(CNC(=O)N=C(N)NCCCc1sc(N)nc1C)c1ccccc1,0.0,0.0,0.0,0.0,0.0,0.0,0.0,4.78,0.0,0.0,0.0,0.0,0.0,0.0,0.0,0.0,0.0,0.0,0.0,0.0,0.0,0.0,0.0,0.0,0.0,0.0,0.0
CCC(CNCc1ccc(Cl)cc1)C1CC1c1c[nH]cn1,0.0,0.0,0.0,0.0,0.0,0.0,0.0,0.0,0.0,0.0,0.0,0.0,0.0,0.0,0.0,0.0,0.0,0.0,0.0,0.0,8.17,0.0,0.0,0.0,0.0,0.0,0.0
CCC(CO)NS(=O)(=O)c1ccc(-c2ccc(CCN3CCCC3C)cc2)cc1,0.0,0.0,0.0,0.0,0.0,0.0,0.0,0.0,0.0,0.0,0.0,0.0,8.2,0.0,0.0,0.0,0.0,0.0,0.0,0.0,0.0,0.0,0.0,0.0,0.0,0.0,0.0
CCC(N)CCNc1ccnc(N)n1,0.0,0.0,0.0,0.0,0.0,0.0,0.0,0.0,0.0,0.0,0.0,0.0,0.0,0.0,0.0,6.75,0.0,0.0,0.0,0.0,0.0,0.0,0.0,0.0,0.0,0.0,0.0
CCC(NC(=O)N=C(N)NCCCc1sc(N)nc1C)c1ccccc1,0.0,0.0,0.0,0.0,0.0,0.0,0.0,4.66,0.0,0.0,0.0,0.0,0.0,0.0,0.0,0.0,0.0,0.0,0.0,0.0,0.0,0.0,0.0,0.0,0.0,0.0,0.0
CCC(O)(CC)c1ccc(OCCCN2CCCCC2)cc1,0.0,0.0,0.0,0.0,0.0,0.0,0.0,0.0,0.0,0.0,0.0,0.0,0.0,0.0,0.0,8.85,0.0,0.0,0.0,0.0,0.0,0.0,0.0,0.0,0.0,0.0,0.0
CCC(O)COc1ccc2c(c1)CCC1(CCN(C3CCC3)CC1)O2,0.0,0.0,0.0,0.0,0.0,0.0,0.0,0.0,0.0,0.0,0.0,0.0,7.82,0.0,0.0,0.0,0.0,0.0,0.0,0.0,0.0,0.0,0.0,0.0,0.0,0.0,0.0
CCC12CCC3c4ccc(OCCCN5CCCC5)cc4CCC3C1CCC2N1CCCC1,0.0,0.0,0.0,0.0,0.0,0.0,0.0,0.0,0.0,0.0,0.0,0.0,0.0,0.0,0.0,0.0,9.1,0.0,0.0,0.0,0.0,0.0,0.0,0.0,0.0,0.0,0.0
CCC1CCCN1CCc1ccc2cc(-c3ccc(C#N)cc3)ccc2c1,0.0,0.0,0.0,0.0,0.0,0.0,8.06,0.0,0.0,0.0,0.0,0.0,0.0,0.0,0.0,0.0,0.0,0.0,0.0,0.0,0.0,0.0,0.0,0.0,0.0,0.0,0.0
CCC1Sc2ccccc2OC1c1ccc(OCCCN2CCCC2)cc1,0.0,0.0,0.0,0.0,0.0,0.0,0.0,0.0,0.0,0.0,0.0,0.0,8.22,0.0,0.0,0.0,0.0,0.0,0.0,0.0,0.0,0.0,0.0,0.0,0.0,0.0,0.0
CCC1c2ccccc2N(c2ccccc2)CC1(C)N,0.0,0.0,0.0,0.0,0.0,0.0,0.0,0.0,0.0,0.0,0.0,0.0,0.0,0.0,0.0,0.0,0.0,0.0,0.0,0.0,0.0,5.4,0.0,0.0,0.0,0.0,0.0
CCC=CCCNC(=O)OCCCc1c[nH]cn1,0.0,0.0,0.0,0.0,0.0,0.0,0.0,0.0,0.0,0.0,0.0,0.0,0.0,0.0,0.0,0.0,7.58,0.0,0.0,0.0,0.0,0.0,0.0,0.0,0.0,0.0,0.0
CCC=CCNC(=O)OCCCc1c[nH]cn1,0.0,0.0,0.0,0.0,0.0,0.0,0.0,0.0,0.0,0.0,0.0,0.0,0.0,0.0,0.0,0.0,7.57,0.0,0.0,0.0,0.0,0.0,0.0,0.0,0.0,0.0,0.0
CCCC#Cc1cccc(Cc2c[nH]cn2)c1,0.0,0.0,0.0,0.0,8.5,0.0,0.0,0.0,0.0,0.0,0.0,0.0,0.0,0.0,0.0,0.0,0.0,0.0,0.0,0.0,0.0,0.0,0.0,0.0,0.0,0.0,0.0
CCCC(C)CNC(=O)OCCCc1c[nH]cn1,0.0,0.0,0.0,0.0,0.0,0.0,0.0,0.0,0.0,0.0,0.0,0.0,0.0,0.0,0.0,0.0,8.08,0.0,0.0,0.0,0.0,0.0,0.0,0.0,0.0,0.0,0.0
CCCC(C)NC(=O)OCCCc1c[nH]cn1,0.0,0.0,0.0,0.0,0.0,0.0,0.0,0.0,0.0,0.0,0.0,0.0,0.0,0.0,0.0,0.0,7.82,0.0,0.0,0.0,0.0,0.0,0.0,0.0,0.0,0.0,0.0
CCCC(O)(CCC)c1ccc(OCCCN2CCCCC2)cc1,0.0,0.0,0.0,0.0,0.0,0.0,0.0,0.0,0.0,0.0,0.0,0.0,0.0,0.0,0.0,9.13,0.0,0.0,0.0,0.0,0.0,0.0,0.0,0.0,0.0,0.0,0.0
CCCC1CCN(CCCOCCCc2ccccc2)CC1,0.0,0.0,0.0,0.0,0.0,0.0,0.0,0.0,0.0,0.0,0.0,0.0,0.0,0.0,0.0,0.0,6.6,0.0,0.0,0.0,0.0,0.0,0.0,0.0,0.0,0.0,0.0
CCCC=CCNC(=O)OCCCc1c[nH]cn1,0.0,0.0,0.0,0.0,0.0,0.0,0.0,0.0,0.0,0.0,0.0,0.0,0.0,0.0,0.0,0.0,7.62,0.0,0.0,0.0,0.0,0.0,0.0,0.0,0.0,0.0,0.0
CCCCC(=O)OC1CC(C)N2CC3(NC)CC4(C(=O)Nc5c(C(=O)C6OC6(C)C)cccc54)C(C)(C=O)C3CC2C1,0.0,0.0,0.0,0.0,7.3,0.0,0.0,0.0,0.0,0.0,0.0,0.0,0.0,0.0,0.0,0.0,0.0,0.0,0.0,0.0,0.0,0.0,0.0,0.0,0.0,0.0,0.0
CCCCC(C)NC(=O)OCCCc1c[nH]cn1,0.0,0.0,0.0,0.0,0.0,0.0,0.0,0.0,0.0,0.0,0.0,0.0,0.0,0.0,0.0,0.0,7.72,0.0,0.0,0.0,0.0,0.0,0.0,0.0,0.0,0.0,0.0
CCCCC(CC)CNC(=O)OCCCc1c[nH]cn1,0.0,0.0,0.0,0.0,0.0,0.0,0.0,0.0,0.0,0.0,0.0,0.0,0.0,0.0,0.0,0.0,7.43,0.0,0.0,0.0,0.0,0.0,0.0,0.0,0.0,0.0,0.0
CCCCC(c1ccc(-c2ccc(C)cc2)cc1)N1CCCCC1,0.0,4.87,0.0,0.0,0.0,0.0,0.0,0.0,0.0,0.0,0.0,0.0,0.0,0.0,0.0,0.0,0.0,0.0,0.0,0.0,0.0,0.0,0.0,0.0,0.0,0.0,0.0
CCCCC(c1ccc(-c2ccc(CN3CCCCC3)cc2)cc1)N1CCCC1C,0.0,8.9,0.0,0.0,0.0,0.0,0.0,0.0,0.0,0.0,0.0,0.0,0.0,0.0,0.0,0.0,0.0,0.0,0.0,0.0,0.0,0.0,0.0,0.0,0.0,0.0,0.0
CCCCC(c1ccc(-c2ccc(CN3CCCCC3)cc2)cc1)N1CCCCC1,0.0,8.89,0.0,0.0,0.0,0.0,0.0,0.0,0.0,0.0,0.0,0.0,0.0,0.0,0.0,0.0,0.0,0.0,0.0,0.0,0.0,0.0,0.0,0.0,0.0,0.0,0.0
CCCCC(c1ccc(-c2ccc(CN3CCCCC3)cc2)cc1)N1CCCCC1C,0.0,8.61,0.0,0.0,0.0,0.0,0.0,0.0,0.0,0.0,0.0,0.0,0.0,0.0,0.0,0.0,0.0,0.0,0.0,0.0,0.0,0.0,0.0,0.0,0.0,0.0,0.0
CCCCC1CCN(CCCOCCCc2ccccc2)CC1,0.0,0.0,0.0,0.0,0.0,0.0,0.0,0.0,0.0,0.0,0.0,0.0,0.0,0.0,0.0,0.0,6.56,0.0,0.0,0.0,0.0,0.0,0.0,0.0,0.0,0.0,0.0
CCCCCC(C)NC(=O)OCCCc1c[nH]cn1,0.0,0.0,0.0,0.0,0.0,0.0,0.0,0.0,0.0,0.0,0.0,0.0,0.0,0.0,0.0,0.0,7.39,0.0,0.0,0.0,0.0,0.0,0.0,0.0,0.0,0.0,0.0
CCCCCCC(C)NC(=O)OCCCc1c[nH]cn1,0.0,0.0,0.0,0.0,0.0,0.0,0.0,0.0,0.0,0.0,0.0,0.0,0.0,0.0,0.0,7.55,7.04,0.0,0.0,0.0,0.0,0.0,0.0,0.0,0.0,0.0,0.0
CCCCCCCc1cn(CCCc2c[nH]cn2)nn1,0.0,0.0,0.0,0.0,0.0,0.0,0.0,0.0,0.0,0.0,0.0,0.0,0.0,0.0,0.0,7.01,0.0,0.0,0.0,0.0,0.0,0.0,0.0,0.0,0.0,0.0,0.0
CCCCCCNC(=O)N=C(N)NC1CCc2nc(N)sc2C1,0.0,0.0,0.0,0.0,0.0,0.0,0.0,5.82,0.0,0.0,0.0,0.0,0.0,0.0,0.0,0.0,0.0,0.0,0.0,0.0,0.0,0.0,0.0,0.0,0.0,0.0,0.0
CCCCCCNC(=O)N=C(N)NCCCc1sc(N)nc1C,0.0,0.0,0.0,0.0,0.0,0.0,0.0,5.25,0.0,0.0,0.0,0.0,0.0,0.0,0.0,0.0,0.0,0.0,0.0,0.0,0.0,0.0,0.0,0.0,0.0,0.0,0.0
CCCCCCNC(=O)N=C(N)Nc1cccc(-c2csc(N)n2)c1,0.0,0.0,0.0,0.0,0.0,0.0,0.0,4.96,0.0,0.0,0.0,0.0,0.0,0.0,0.0,0.0,0.0,0.0,0.0,0.0,0.0,0.0,0.0,0.0,0.0,0.0,0.0
CCCCCNC(=O)N=C(N)NCC1CCc2nc(N)sc2C1,0.0,0.0,0.0,0.0,0.0,0.0,0.0,5.18,0.0,0.0,0.0,0.0,0.0,0.0,0.0,0.0,0.0,0.0,0.0,0.0,0.0,0.0,0.0,0.0,0.0,0.0,0.0
CCCCCNC(=O)N=C(N)NCCCc1sc(N)nc1C,0.0,0.0,0.0,0.0,0.0,0.0,0.0,4.98,0.0,0.0,0.0,0.0,0.0,0.0,0.0,0.0,0.0,0.0,0.0,0.0,0.0,0.0,0.0,0.0,0.0,0.0,0.0
CCCCCNC(=O)N=C(N)Nc1ccc(-c2sc(N)nc2C)cc1,0.0,0.0,0.0,0.0,0.0,0.0,0.0,4.94,0.0,0.0,0.0,0.0,0.0,0.0,0.0,0.0,0.0,0.0,0.0,0.0,0.0,0.0,0.0,0.0,0.0,0.0,0.0
CCCCCNC(=O)N=C(N)Nc1cccc(-c2sc(N)nc2C)c1,0.0,0.0,0.0,0.0,0.0,0.0,0.0,5.02,0.0,0.0,0.0,0.0,0.0,0.0,0.0,0.0,0.0,0.0,0.0,0.0,0.0,0.0,0.0,0.0,0.0,0.0,0.0
CCCCCNCc1ccc(-c2ccc(CNCCCCC)cc2)cc1,0.0,6.12,0.0,0.0,0.0,0.0,0.0,0.0,0.0,0.0,0.0,0.0,0.0,0.0,0.0,0.0,0.0,0.0,0.0,0.0,0.0,0.0,0.0,0.0,0.0,0.0,0.0
CCCCCc1ccc(-c2ccc(CN3CCCCC3)cc2)cc1,0.0,4.89,0.0,0.0,0.0,0.0,0.0,0.0,0.0,0.0,0.0,0.0,0.0,0.0,0.0,0.0,0.0,0.0,0.0,0.0,0.0,0.0,0.0,0.0,0.0,0.0,0.0
CCCCCc1cn(CCCc2c[nH]cn2)nn1,0.0,0.0,0.0,0.0,0.0,0.0,0.0,0.0,0.0,0.0,0.0,0.0,0.0,0.0,0.0,6.98,0.0,0.0,0.0,0.0,0.0,0.0,0.0,0.0,0.0,0.0,0.0
CCCCN(C)Cc1ccc(OC2CCN(C(C)C)CC2)cc1,0.0,0.0,0.0,0.0,0.0,0.0,0.0,0.0,0.0,0.0,0.0,0.0,8.83,0.0,0.0,0.0,0.0,0.0,0.0,0.0,0.0,0.0,0.0,0.0,0.0,0.0,0.0
CCCCN(CCCC)CCCOc1ccc(-c2cn3c(C)cccc3n2)cc1,0.0,5.4,0.0,0.0,0.0,0.0,0.0,0.0,0.0,0.0,0.0,0.0,0.0,0.0,0.0,0.0,0.0,0.0,0.0,0.0,0.0,0.0,0.0,0.0,0.0,0.0,0.0
CCCCN1CC2CCN(c3ccc(-c4ccc(C#N)cc4)cc3)C2C1,0.0,0.0,0.0,0.0,0.0,0.0,6.26,0.0,0.0,0.0,0.0,0.0,0.0,0.0,0.0,0.0,0.0,0.0,0.0,0.0,0.0,0.0,0.0,0.0,0.0,0.0,0.0
CCCCN1CCCC1Cn1nc(Cc2ccc(Cl)cc2)c2ccccc2c1=O,0.0,0.0,0.0,0.0,0.0,6.36,0.0,0.0,0.0,0.0,0.0,0.0,0.0,0.0,0.0,0.0,0.0,0.0,0.0,0.0,0.0,0.0,0.0,0.0,0.0,0.0,0.0
CCCCN1CCCC1Cn1nc(Cc2ccc(Cl)cc2)c2cccnc2c1=O,0.0,0.0,0.0,0.0,0.0,6.2,0.0,0.0,0.0,0.0,0.0,0.0,0.0,0.0,0.0,0.0,0.0,0.0,0.0,0.0,0.0,0.0,0.0,0.0,0.0,0.0,0.0
CCCCN1CCCC1Cn1nc(Cc2ccc(Cl)cc2)c2cnccc2c1=O,0.0,0.0,0.0,0.0,0.0,6.2,0.0,0.0,0.0,0.0,0.0,0.0,0.0,0.0,0.0,0.0,0.0,0.0,0.0,0.0,0.0,0.0,0.0,0.0,0.0,0.0,0.0
CCCCN1CCCC1Cn1nc(Cc2ccc(Cl)cc2)c2ncccc2c1=O,0.0,0.0,0.0,0.0,0.0,6.2,0.0,0.0,0.0,0.0,0.0,0.0,0.0,0.0,0.0,0.0,0.0,0.0,0.0,0.0,0.0,0.0,0.0,0.0,0.0,0.0,0.0
CCCCNC(=NC1CCCC1)SCCCc1c[nH]cn1,0.0,0.0,0.0,0.0,0.0,0.0,0.0,0.0,0.0,0.0,0.0,0.0,0.0,0.0,0.0,7.33,0.0,0.0,0.0,0.0,0.0,0.0,0.0,0.0,0.0,0.0,0.0
CCCCNC(=NCc1ccc(Cl)c(Cl)c1)SCCCc1c[nH]cn1,0.0,0.0,0.0,0.0,0.0,0.0,0.0,0.0,0.0,0.0,0.0,0.0,0.0,0.0,0.0,8.33,0.0,0.0,0.0,0.0,0.0,0.0,0.0,0.0,0.0,0.0,0.0
CCCCNC(=NCc1ccc(Cl)cc1)SCCCc1c[nH]cn1,0.0,0.0,0.0,0.0,0.0,0.0,0.0,0.0,0.0,0.0,0.0,0.0,0.0,0.0,0.0,8.31,0.0,0.0,0.0,0.0,0.0,0.0,0.0,0.0,0.0,0.0,0.0
CCCCNC1CCC(c2ccc(OCCCN3CCCCC3)cc2)CC1,0.0,0.0,0.0,0.0,0.0,0.0,0.0,0.0,0.0,0.0,0.0,0.0,0.0,0.0,0.0,9.28,0.0,0.0,0.0,0.0,0.0,0.0,0.0,0.0,0.0,0.0,0.0
CCCCNC1CN(c2ccnc(N)n2)C1,0.0,0.0,0.0,0.0,0.0,0.0,0.0,0.0,0.0,0.0,0.0,0.0,0.0,0.0,0.0,0.0,0.0,0.0,0.0,0.0,0.0,7.8,0.0,0.0,0.0,0.0,0.0
CCCCNCCCCCc1c[nH]cn1,0.0,8.4,0.0,0.0,0.0,0.0,0.0,0.0,0.0,0.0,0.0,0.0,0.0,0.0,0.0,0.0,0.0,0.0,0.0,0.0,0.0,0.0,0.0,0.0,0.0,0.0,0.0
CCCCNCCCCc1c[nH]cn1,0.0,8.2,0.0,0.0,0.0,0.0,0.0,0.0,0.0,0.0,0.0,0.0,0.0,0.0,0.0,0.0,0.0,0.0,0.0,0.0,0.0,0.0,0.0,0.0,0.0,0.0,0.0
CCCCc1c[nH]cn1,0.0,0.0,0.0,0.0,7.6,0.0,0.0,0.0,0.0,0.0,0.0,0.0,0.0,0.0,0.0,0.0,0.0,0.0,0.0,0.0,0.0,0.0,0.0,0.0,0.0,0.0,0.0
CCCCc1cc(N2CCN(CCc3ccc(OCCCN4CCCCCC4)cc3)CC2)c2nc(CCC(=O)O)ccc2c1,0.0,0.0,0.0,0.0,0.0,9.1,0.0,0.0,0.0,0.0,0.0,0.0,0.0,0.0,0.0,0.0,0.0,0.0,0.0,0.0,0.0,0.0,0.0,0.0,0.0,0.0,0.0
CCCN(C)CCc1ccc2cc(-c3ccc(C#N)cc3)ccc2c1,0.0,0.0,0.0,0.0,0.0,0.0,8.68,0.0,0.0,0.0,0.0,0.0,0.0,0.0,0.0,0.0,0.0,0.0,0.0,0.0,0.0,0.0,0.0,0.0,0.0,0.0,0.0
CCCN(CCC)C(=O)Cc1ccc(-c2ccc(CN3CCCCC3)cc2)cc1,0.0,8.07,0.0,0.0,0.0,0.0,0.0,0.0,0.0,0.0,0.0,0.0,0.0,0.0,0.0,0.0,0.0,0.0,0.0,0.0,0.0,0.0,0.0,0.0,0.0,0.0,0.0
CCCN(CCC)CCCOc1ccc(-c2cn3cccc(C)c3n2)cc1C,0.0,0.0,0.0,0.0,0.0,0.0,0.0,0.0,0.0,0.0,0.0,0.0,7.85,0.0,0.0,0.0,0.0,0.0,0.0,0.0,0.0,0.0,0.0,0.0,0.0,0.0,0.0
CCCN(CCC)Cc1ccc(-c2ccc(CC(=O)N3CCCCC3)cc2)cc1,0.0,6.6,0.0,0.0,0.0,0.0,0.0,0.0,0.0,0.0,0.0,0.0,0.0,0.0,0.0,0.0,0.0,0.0,0.0,0.0,0.0,0.0,0.0,0.0,0.0,0.0,0.0
CCCN(CCC)Cc1ccc(-c2ccc(CCN3CCCCC3)cc2)cc1,0.0,8.41,0.0,0.0,0.0,0.0,0.0,0.0,0.0,0.0,0.0,0.0,0.0,0.0,0.0,0.0,0.0,0.0,0.0,0.0,0.0,0.0,0.0,0.0,0.0,0.0,0.0
CCCN(CCC)Cc1ccc(-c2ccc(CN(CCC)CCC)cc2)cc1,0.0,8.03,0.0,0.0,0.0,0.0,0.0,0.0,0.0,0.0,0.0,0.0,0.0,0.0,0.0,0.0,0.0,0.0,0.0,0.0,0.0,0.0,0.0,0.0,0.0,0.0,0.0
CCCN(CCC)Cc1ccc(-c2ccc(CN3CCCCC3)cc2)cc1,0.0,8.76,0.0,0.0,0.0,0.0,0.0,0.0,0.0,0.0,0.0,0.0,0.0,0.0,0.0,0.0,0.0,0.0,0.0,0.0,0.0,0.0,0.0,0.0,0.0,0.0,0.0
CCCN(CCC1(O)CC(NC(=O)c2ccc3ccccc3c2)C1)C1CCc2nc(N)sc2C1,0.0,0.0,0.0,6.05,0.0,0.0,0.0,0.0,0.0,0.0,0.0,0.0,0.0,0.0,0.0,0.0,0.0,0.0,0.0,0.0,0.0,0.0,0.0,0.0,0.0,0.0,0.0
CCCN1CC2CCN(c3ccc(-c4ccc(C#N)cc4)cc3)C2C1,0.0,0.0,0.0,0.0,0.0,0.0,7.15,0.0,0.0,0.0,0.0,0.0,0.0,0.0,0.0,0.0,0.0,0.0,0.0,0.0,0.0,0.0,0.0,0.0,0.0,0.0,0.0
CCCN1CCC(N(C)C(=O)c2ccc(-n3c(C)nc4ccccc43)cc2)C1,0.0,0.0,0.0,0.0,0.0,0.0,0.0,0.0,0.0,0.0,0.0,0.0,0.0,0.0,0.0,0.0,0.0,0.0,0.0,0.0,0.0,0.0,0.0,0.0,0.0,0.0,7.77
CCCN1CCC(Oc2ccc(C#N)cc2)CC1,0.0,0.0,0.0,0.0,0.0,0.0,0.0,0.0,0.0,0.0,0.0,0.0,6.97,0.0,0.0,0.0,0.0,0.0,0.0,0.0,0.0,0.0,0.0,0.0,0.0,0.0,0.0
CCCN1CCN(c2ncc(CCN(C)CCCc3ccccc3)s2)CC1,0.0,0.0,0.0,0.0,0.0,0.0,0.0,0.0,0.0,0.0,0.0,0.0,0.0,0.0,0.0,0.0,0.0,0.0,0.0,0.0,0.0,8.49,0.0,0.0,0.0,0.0,0.0
CCCNC(=O)N=C(N)NCCCc1sc(N)nc1C,0.0,0.0,0.0,0.0,0.0,0.0,0.0,4.35,0.0,0.0,0.0,0.0,0.0,0.0,0.0,0.0,0.0,0.0,0.0,0.0,0.0,0.0,0.0,0.0,0.0,0.0,0.0
CCCNC1CN(c2ccnc(N)n2)C1,0.0,0.0,0.0,0.0,0.0,0.0,0.0,0.0,0.0,0.0,0.0,0.0,0.0,0.0,0.0,0.0,0.0,0.0,0.0,0.0,0.0,8.5,0.0,0.0,0.0,0.0,0.0
CCCNCCCCCc1c[nH]cn1,0.0,8.3,0.0,0.0,0.0,0.0,0.0,0.0,0.0,0.0,0.0,0.0,0.0,0.0,0.0,0.0,0.0,0.0,0.0,0.0,0.0,0.0,0.0,0.0,0.0,0.0,0.0
CCCNCCCCc1c[nH]cn1,0.0,8.1,0.0,0.0,0.0,0.0,0.0,0.0,0.0,0.0,0.0,0.0,0.0,0.0,0.0,0.0,0.0,0.0,0.0,0.0,0.0,0.0,0.0,0.0,0.0,0.0,0.0
CCCNS(=O)(=O)c1ccc(-c2ccc(CCN3CCCC3C)cc2)cc1,0.0,0.0,0.0,0.0,0.0,0.0,0.0,0.0,0.0,0.0,0.0,0.0,8.37,0.0,0.0,0.0,0.0,0.0,0.0,0.0,0.0,0.0,0.0,0.0,0.0,0.0,0.0
CCCc1nc2ccccc2c(=O)n1-c1ccc(OCCCN2CCCC2)cc1,0.0,0.0,0.0,0.0,0.0,0.0,0.0,0.0,0.0,0.0,0.0,0.0,9.66,0.0,0.0,0.0,0.0,0.0,0.0,0.0,0.0,0.0,0.0,0.0,0.0,0.0,0.0
CCCn1c(-c2ccc(OCCCN3CCCCC3)cc2)nc2ccccc2c1=O,0.0,0.0,0.0,0.0,0.0,0.0,0.0,0.0,0.0,0.0,0.0,0.0,9.81,0.0,0.0,0.0,0.0,0.0,0.0,0.0,0.0,0.0,0.0,0.0,0.0,0.0,0.0
CCCn1nc(-c2ccc(OCCCN3CCC(C)CC3)cc2)c2sccc2c1=O,0.0,0.0,0.0,0.0,7.64,0.0,0.0,0.0,0.0,0.0,0.0,0.0,0.0,0.0,0.0,0.0,0.0,0.0,0.0,0.0,0.0,0.0,0.0,0.0,0.0,0.0,0.0
CCCn1nc(-c2ccc(OCCCN3CCCC3C)cc2)c2sccc2c1=O,0.0,0.0,0.0,0.0,8.82,0.0,0.0,0.0,0.0,0.0,0.0,0.0,0.0,0.0,0.0,0.0,0.0,0.0,0.0,0.0,0.0,0.0,0.0,0.0,0.0,0.0,0.0
CCN(C(=O)CN1CCOCC1)c1ccc(OC2CCN(C3CCC3)CC2)cc1,0.0,0.0,0.0,0.0,0.0,0.0,0.0,0.0,0.0,0.0,0.0,0.0,0.0,0.0,0.0,0.0,7.97,0.0,0.0,0.0,0.0,0.0,0.0,0.0,0.0,0.0,0.0
CCN(C(=O)c1ccc(-n2c(C)nc3ccccc32)cc1)C1CCN(C(C)C)C1,0.0,0.0,0.0,0.0,0.0,0.0,0.0,0.0,0.0,0.0,0.0,0.0,0.0,0.0,0.0,0.0,0.0,0.0,0.0,0.0,0.0,0.0,0.0,0.0,0.0,0.0,7.72
CCN(C(=O)c1ccc(-n2c(C)nc3ccccc32)cc1)C1CCN(C2CCC2)C1,0.0,0.0,0.0,0.0,0.0,0.0,0.0,0.0,0.0,0.0,0.0,0.0,0.0,0.0,0.0,0.0,0.0,0.0,0.0,0.0,0.0,0.0,0.0,0.0,0.0,0.0,7.82
CCN(C(=O)c1ccc(-n2c(C)nc3ccccc32)cc1)C1CCN(C2CCCC2)C1,0.0,0.0,0.0,0.0,0.0,0.0,0.0,0.0,0.0,0.0,0.0,0.0,0.0,0.0,0.0,0.0,0.0,0.0,0.0,0.0,0.0,0.0,0.0,0.0,0.0,0.0,7.58
CCN(C)C(=O)C1CC(c2ccc(CN3CCCC3)c(F)c2)C1,0.0,0.0,0.0,0.0,0.0,0.0,0.0,0.0,0.0,0.0,0.0,0.0,0.0,0.0,0.0,0.0,0.0,0.0,0.0,8.4,0.0,0.0,0.0,8.83,0.0,0.0,0.0
CCN(C)C(=O)c1ccc(Oc2ccc3c(c2)CCN(C2CCC2)CC3)nc1,0.0,0.0,0.0,0.0,0.0,0.0,0.0,0.0,0.0,0.0,9.2,0.0,0.0,0.0,0.0,0.0,0.0,0.0,0.0,0.0,0.0,0.0,0.0,0.0,0.0,0.0,0.0
CCN(C)C1CCN(C(=O)c2ccc(Cn3c(-c4ccccc4)nc4ccccc43)cc2)C1,0.0,0.0,0.0,0.0,0.0,0.0,0.0,0.0,0.0,0.0,0.0,0.0,0.0,0.0,0.0,0.0,0.0,0.0,0.0,0.0,0.0,0.0,0.0,0.0,0.0,0.0,7.04
CCN(CC)C(=O)C1CC(=O)C2(C)CCC3c4ccc(OCCCN5CCCC5C)cc4CCC3C12,0.0,0.0,0.0,0.0,0.0,0.0,0.0,0.0,0.0,0.0,0.0,0.0,0.0,0.0,0.0,0.0,0.0,0.0,0.0,0.0,0.0,7.47,0.0,0.0,0.0,0.0,0.0
CCN(CC)C1CN(c2ccnc(N)n2)C1,0.0,0.0,0.0,0.0,0.0,0.0,0.0,0.0,0.0,0.0,0.0,0.0,0.0,0.0,0.0,0.0,0.0,0.0,0.0,0.0,0.0,7.2,0.0,0.0,0.0,0.0,0.0
CCN(CC)CC(=O)Nc1ccc(OC2CCN(C3CCC3)CC2)cc1,0.0,0.0,0.0,0.0,0.0,0.0,0.0,0.0,0.0,0.0,0.0,0.0,0.0,0.0,0.0,0.0,7.93,0.0,0.0,0.0,0.0,0.0,0.0,0.0,0.0,0.0,0.0
CCN(CC)CC1CCCN1C(=O)c1cc2cc(C(F)(F)F)ccc2o1,0.0,0.0,0.0,0.0,0.0,0.0,0.0,0.0,0.0,0.0,0.0,0.0,0.0,0.0,0.0,0.0,0.0,0.0,0.0,0.0,0.0,0.0,0.0,0.0,7.85,0.0,0.0
CCN(CC)CC1CCCN1C(=O)c1cc2ccc(C(F)(F)F)cc2o1,0.0,0.0,0.0,0.0,0.0,0.0,0.0,0.0,0.0,0.0,0.0,0.0,0.0,0.0,0.0,0.0,0.0,0.0,0.0,0.0,0.0,0.0,0.0,0.0,7.34,0.0,0.0
CCN(CC)CCC#Cc1ccc(CN2CCCCC2)cc1,0.0,8.87,0.0,0.0,0.0,0.0,0.0,0.0,0.0,0.0,0.0,0.0,0.0,0.0,0.0,0.0,0.0,0.0,0.0,0.0,0.0,0.0,0.0,0.0,0.0,0.0,0.0
CCN(CC)CCCCCc1c[nH]cn1,0.0,7.2,0.0,0.0,0.0,0.0,0.0,0.0,0.0,0.0,0.0,0.0,0.0,0.0,0.0,0.0,0.0,0.0,0.0,0.0,0.0,0.0,0.0,0.0,0.0,0.0,0.0
CCN(CC)CCCCc1c[nH]cn1,0.0,7.0,0.0,0.0,0.0,0.0,0.0,0.0,0.0,0.0,0.0,0.0,0.0,0.0,0.0,0.0,0.0,0.0,0.0,0.0,0.0,0.0,0.0,0.0,0.0,0.0,0.0
CCN(CC)CCCOC(=O)N1c2ccccc2Sc2ccccc21,0.0,0.0,0.0,0.0,0.0,0.0,0.0,0.0,0.0,0.0,0.0,0.0,6.02,0.0,0.0,0.0,0.0,0.0,0.0,0.0,0.0,0.0,0.0,0.0,0.0,0.0,0.0
CCN(CC)CCCOc1cc2c(cn1)C(c1ccc(Cl)c(Cl)c1)CN(C)C2,0.0,7.8,0.0,0.0,0.0,0.0,0.0,0.0,0.0,0.0,0.0,0.0,8.15,0.0,0.0,0.0,0.0,0.0,0.0,0.0,0.0,0.0,0.0,0.0,0.0,0.0,0.0
CCN(CC)CCCOc1cc2c(cn1)C(c1ccc(Cl)c(Cl)c1)CNC2,0.0,8.15,0.0,0.0,0.0,0.0,0.0,0.0,0.0,0.0,0.0,0.0,0.0,0.0,0.0,0.0,0.0,0.0,0.0,0.0,0.0,0.0,0.0,0.0,0.0,0.0,0.0
CCN(CC)CCCOc1cc2c(cn1)C(c1ccc(OC)cc1)CN(C)C2,0.0,7.89,0.0,0.0,0.0,0.0,0.0,0.0,0.0,0.0,0.0,0.0,0.0,0.0,0.0,0.0,0.0,0.0,0.0,0.0,0.0,0.0,0.0,0.0,0.0,0.0,0.0
CCN(CC)CCCOc1cc2c(cn1)C(c1ccc(OC)cc1)CNC2,0.0,7.64,0.0,0.0,0.0,0.0,0.0,0.0,0.0,0.0,0.0,0.0,0.0,0.0,0.0,0.0,0.0,0.0,0.0,0.0,0.0,0.0,0.0,0.0,0.0,0.0,0.0
CCN(CC)CCCOc1cc2c(cn1)C(c1ccccc1)CN(C)C2,0.0,8.4,0.0,0.0,0.0,0.0,0.0,0.0,0.0,0.0,0.0,0.0,0.0,0.0,0.0,0.0,0.0,0.0,0.0,0.0,0.0,0.0,0.0,0.0,0.0,0.0,0.0
CCN(CC)CCCOc1ccc(-c2nn(C(C)C)c(=O)c3ccsc23)cc1,0.0,0.0,0.0,0.0,7.64,0.0,0.0,0.0,0.0,0.0,0.0,0.0,0.0,0.0,0.0,0.0,0.0,0.0,0.0,0.0,0.0,0.0,0.0,0.0,0.0,0.0,0.0
CCN(CC)CCCOc1ccc2c(c1)CN(C)CC2c1ccc(OC)cc1,0.0,0.0,0.0,0.0,0.0,0.0,0.0,0.0,0.0,0.0,0.0,0.0,8.77,0.0,0.0,0.0,0.0,0.0,0.0,0.0,0.0,0.0,0.0,0.0,0.0,0.0,0.0
CCN(CC)CCOc1ccc(NC(=S)Nc2ccc(OCC(C)C)cc2)cc1,0.0,0.0,0.0,0.0,7.78,0.0,0.0,0.0,0.0,0.0,0.0,0.0,0.0,0.0,0.0,0.0,0.0,0.0,0.0,0.0,0.0,0.0,0.0,0.0,0.0,0.0,0.0
CCN(CC)CCc1ccc2cc(-c3ccc(C#N)cc3)ccc2c1,0.0,0.0,0.0,0.0,0.0,0.0,9.08,0.0,0.0,0.0,0.0,0.0,0.0,0.0,0.0,0.0,0.0,0.0,0.0,0.0,0.0,0.0,0.0,0.0,0.0,0.0,0.0
CCN(CC)Cc1ccc(-c2ccc(CN(CC)CC)cc2)cc1,0.0,8.55,0.0,0.0,0.0,0.0,0.0,0.0,0.0,0.0,0.0,0.0,0.0,0.0,0.0,0.0,0.0,0.0,0.0,0.0,0.0,0.0,0.0,0.0,0.0,0.0,0.0
CCN(CC)Cc1ccc(-c2ccc(CN3CCCCC3)cc2)cc1,0.0,8.71,0.0,0.0,0.0,0.0,0.0,0.0,0.0,0.0,0.0,0.0,0.0,0.0,0.0,0.0,0.0,0.0,0.0,0.0,0.0,0.0,0.0,0.0,0.0,0.0,0.0
CCN(CC)Cc1ccc(C#CCCN2CCCCC2)cc1,0.0,8.96,0.0,0.0,0.0,0.0,0.0,0.0,0.0,0.0,0.0,0.0,0.0,0.0,0.0,0.0,0.0,0.0,0.0,0.0,0.0,0.0,0.0,0.0,0.0,0.0,0.0
CCN(CC)Cc1ccc(C(=O)N2CCN(C(C)C)CC2)cc1,0.0,8.22,0.0,0.0,0.0,0.0,0.0,0.0,0.0,0.0,0.0,0.0,0.0,0.0,0.0,0.0,0.0,0.0,0.0,0.0,0.0,0.0,0.0,0.0,0.0,0.0,0.0
CCN(CC)Cc1ccc(OC2CCN(C(C)C)CC2)cc1,0.0,0.0,0.0,0.0,0.0,0.0,0.0,0.0,0.0,0.0,0.0,0.0,8.91,0.0,0.0,0.0,0.0,0.0,0.0,0.0,0.0,0.0,0.0,0.0,0.0,0.0,0.0
CCN(CCCN(C)C)CCN1CCN(Cc2cccc3ccccc23)C1=C(C#N)C#N,0.0,0.0,0.0,0.0,0.0,0.0,0.0,0.0,7.08,0.0,0.0,0.0,0.0,0.0,0.0,0.0,0.0,0.0,0.0,0.0,0.0,0.0,0.0,0.0,0.0,0.0,0.0
CCN(CCc1ccc2cc(-c3ccc(C#N)cc3)ccc2c1)C(C)C,0.0,0.0,0.0,0.0,0.0,0.0,8.34,0.0,0.0,0.0,0.0,0.0,0.0,0.0,0.0,0.0,0.0,0.0,0.0,0.0,0.0,0.0,0.0,0.0,0.0,0.0,0.0
CCN1CC2CCN(c3ccc(-c4ccc(C#N)cc4)cc3)C2C1,0.0,0.0,0.0,0.0,0.0,0.0,8.18,0.0,0.0,0.0,0.0,0.0,0.0,0.0,0.0,0.0,0.0,0.0,0.0,0.0,0.0,0.0,0.0,0.0,0.0,0.0,0.0
CCN1CCC(=Cc2c[nH]cn2)CC1,0.0,7.3,0.0,0.0,0.0,0.0,0.0,0.0,0.0,0.0,0.0,0.0,0.0,0.0,0.0,0.0,0.0,0.0,0.0,0.0,0.0,0.0,0.0,0.0,0.0,0.0,0.0
CCN1CCC(CCc2c[nH]cn2)CC1,0.0,7.2,0.0,0.0,0.0,0.0,0.0,0.0,0.0,0.0,0.0,0.0,0.0,0.0,0.0,0.0,0.0,0.0,0.0,0.0,0.0,0.0,0.0,0.0,0.0,0.0,0.0
CCN1CCC(Cc2c[nH]cn2)CC1,0.0,7.8,0.0,0.0,0.0,0.0,0.0,0.0,0.0,0.0,0.0,0.0,0.0,0.0,0.0,0.0,0.0,0.0,0.0,0.0,0.0,0.0,0.0,0.0,0.0,0.0,0.0
CCN1CCC(N(C(=O)NCc2ccc(Cl)c(Cl)c2)c2ccc(Br)cc2)CC1,0.0,0.0,0.0,0.0,0.0,0.0,0.0,0.0,0.0,0.0,0.0,0.0,0.0,0.0,0.0,0.0,0.0,0.0,0.0,0.0,0.0,0.0,0.0,0.0,7.64,0.0,0.0
CCN1CCC(N(C(=O)NCc2ccc(F)cc2)c2ccc(CO)cc2)CC1,0.0,0.0,0.0,0.0,0.0,0.0,0.0,0.0,0.0,0.0,0.0,0.0,0.0,0.0,0.0,0.0,0.0,0.0,0.0,0.0,0.0,0.0,0.0,0.0,6.25,0.0,0.0
CCN1CCC(N(C(=O)NCc2ccc(F)cc2)c2ccc(Cl)cc2)CC1,0.0,0.0,0.0,0.0,0.0,0.0,0.0,0.0,0.0,0.0,0.0,0.0,8.15,0.0,0.0,0.0,0.0,0.0,0.0,0.0,0.0,0.0,0.0,0.0,8.15,0.0,0.0
CCN1CCC(N(C(=O)NCc2ccc(F)cc2)c2ccc(Cl)cn2)CC1,0.0,0.0,0.0,0.0,0.0,0.0,0.0,0.0,0.0,0.0,0.0,0.0,7.39,0.0,0.0,0.0,0.0,0.0,0.0,0.0,0.0,0.0,0.0,0.0,7.39,0.0,0.0
CCN1CCC(N(C(=O)NCc2ccc(F)cc2)c2ccc(F)cc2)CC1,0.0,0.0,0.0,0.0,0.0,0.0,0.0,0.0,0.0,0.0,0.0,0.0,0.0,0.0,0.0,0.0,0.0,0.0,0.0,0.0,0.0,0.0,0.0,0.0,6.35,0.0,0.0
CCN1CCC(N(C)C(=O)c2ccc(-n3c(C)nc4ccccc43)cc2)C1,0.0,0.0,0.0,0.0,0.0,0.0,0.0,0.0,0.0,0.0,0.0,0.0,0.0,0.0,0.0,0.0,0.0,0.0,0.0,0.0,0.0,0.0,0.0,0.0,0.0,0.0,7.82
CCN1CCC(Oc2ccc(C#N)cc2)CC1,0.0,0.0,0.0,0.0,0.0,0.0,0.0,0.0,0.0,0.0,0.0,0.0,7.09,0.0,0.0,0.0,0.0,0.0,0.0,0.0,0.0,0.0,0.0,0.0,0.0,0.0,0.0
CCN1CCC(Oc2ccc(C3=NNC(=O)C4CC34)cc2)CC1,0.0,0.0,0.0,0.0,6.76,0.0,0.0,0.0,0.0,0.0,0.0,0.0,0.0,0.0,0.0,0.0,0.0,0.0,0.0,0.0,0.0,0.0,0.0,0.0,0.0,0.0,0.0
CCN1CCC(c2ccc3c(c2)CCN3S(=O)(=O)c2ccccc2)CC1,0.0,0.0,0.0,0.0,0.0,0.0,0.0,0.0,0.0,0.0,0.0,0.0,0.0,0.0,0.0,0.0,6.35,0.0,0.0,0.0,0.0,0.0,0.0,0.0,0.0,0.0,0.0
CCN1CCC(c2ccc3c(c2)CN(S(=O)(=O)c2ccccc2)C3)CC1,0.0,0.0,0.0,0.0,0.0,0.0,0.0,0.0,0.0,0.0,0.0,0.0,0.0,0.0,0.0,0.0,6.52,0.0,0.0,0.0,0.0,0.0,0.0,0.0,0.0,0.0,0.0
CCN1CCC(c2cccc3c2CCN3S(=O)(=O)c2ccccc2)CC1,0.0,0.0,0.0,0.0,0.0,0.0,0.0,0.0,0.0,0.0,0.0,0.0,0.0,0.0,0.0,0.0,6.5,0.0,0.0,0.0,0.0,0.0,0.0,0.0,0.0,0.0,0.0
CCN1CCCN(C(=O)c2ccc(Oc3ccc(F)cc3)nc2)CC1,0.0,7.47,0.0,0.0,0.0,0.0,0.0,0.0,0.0,0.0,0.0,0.0,0.0,0.0,0.0,0.0,0.0,0.0,0.0,0.0,0.0,0.0,0.0,0.0,0.0,0.0,0.0
CCN1CCCc2c(OCCCN3CCCCC3)cccc21,0.0,0.0,0.0,0.0,0.0,0.0,0.0,0.0,0.0,0.0,0.0,0.0,6.0,0.0,0.0,0.0,0.0,0.0,0.0,0.0,0.0,0.0,0.0,0.0,0.0,0.0,0.0
CCN1CCCc2cc(OCCCN3CCCCC3)ccc21,0.0,0.0,0.0,0.0,0.0,0.0,0.0,0.0,0.0,0.0,0.0,0.0,7.39,0.0,0.0,0.0,0.0,0.0,0.0,0.0,0.0,0.0,0.0,0.0,0.0,0.0,0.0
CCN1CCCc2cc(OCCCN3CCCCC3)ccc2C1,0.0,0.0,0.0,0.0,0.0,0.0,0.0,0.0,0.0,0.0,0.0,0.0,9.47,0.0,0.0,0.0,0.0,0.0,0.0,0.0,0.0,0.0,0.0,0.0,0.0,0.0,0.0
CCN1CCCc2ccc(OCCCN3CCCCC3)cc21,0.0,0.0,0.0,0.0,0.0,0.0,0.0,0.0,0.0,0.0,0.0,0.0,6.81,0.0,0.0,0.0,0.0,0.0,0.0,0.0,0.0,0.0,0.0,0.0,0.0,0.0,0.0
CCN1CCCc2cccc(OCCCN3CCCCC3)c21,0.0,0.0,0.0,0.0,0.0,0.0,0.0,0.0,0.0,0.0,0.0,0.0,6.0,0.0,0.0,0.0,0.0,0.0,0.0,0.0,0.0,0.0,0.0,0.0,0.0,0.0,0.0
CCN1CCN(C(=O)NC2CC2c2ccccc2)CC1,0.0,0.0,0.0,0.0,0.0,0.0,0.0,0.0,0.0,0.0,0.0,0.0,0.0,0.0,0.0,0.0,0.0,0.0,0.0,0.0,0.0,0.0,0.0,0.0,7.4,0.0,0.0
CCN1CCN(C(=O)NC2Cc3ccccc3C2)CC1,0.0,0.0,0.0,0.0,0.0,0.0,0.0,0.0,0.0,0.0,0.0,0.0,0.0,0.0,0.0,0.0,0.0,0.0,0.0,0.0,0.0,0.0,0.0,0.0,7.36,0.0,0.0
CCN1CCN(C(=O)c2ccc(-c3nc4ccccc4s3)s2)CC1,0.0,0.0,0.0,0.0,0.0,0.0,0.0,0.0,0.0,0.0,0.0,0.0,0.0,0.0,0.0,7.71,0.0,0.0,7.3,0.0,0.0,0.0,0.0,0.0,0.0,0.0,0.0
CCN1CCN(CCCOc2ccc3c(c2)CN(C)CC3c2ccc(OC)cc2)CC1,0.0,0.0,0.0,0.0,0.0,0.0,0.0,0.0,0.0,0.0,0.0,0.0,7.92,0.0,0.0,0.0,0.0,0.0,0.0,0.0,0.0,0.0,0.0,0.0,0.0,0.0,0.0
CCN1CCN(c2cc(C)c3cc(NC(=O)C=Cc4ccc(OC)cc4)ccc3n2)CC1,0.0,0.0,0.0,0.0,0.0,0.0,0.0,0.0,0.0,0.0,0.0,0.0,0.0,0.0,0.0,7.97,0.0,0.0,0.0,0.0,0.0,0.0,0.0,0.0,0.0,0.0,0.0
CCN1CCN(c2ccc3c(c2)CCN3S(=O)(=O)c2ccccc2)CC1,0.0,0.0,0.0,0.0,0.0,0.0,0.0,0.0,0.0,0.0,0.0,0.0,0.0,0.0,0.0,0.0,6.55,0.0,0.0,0.0,0.0,0.0,0.0,0.0,0.0,0.0,0.0
CCN1CCN(c2ccc3c(c2)CN(S(=O)(=O)c2ccccc2)C3)CC1,0.0,0.0,0.0,0.0,0.0,0.0,0.0,0.0,0.0,0.0,0.0,0.0,0.0,0.0,0.0,0.0,6.53,0.0,0.0,0.0,0.0,0.0,0.0,0.0,0.0,0.0,0.0
CCN1CCN(c2ccc3ccccc3n2)CC1,0.0,0.0,0.0,0.0,0.0,0.0,0.0,0.0,0.0,0.0,0.0,0.0,0.0,0.0,0.0,0.0,0.0,0.0,0.0,0.0,0.0,0.0,0.0,0.0,8.22,0.0,0.0
CCN1CCN(c2cccc3c2CCN3S(=O)(=O)c2ccccc2)CC1,0.0,0.0,0.0,0.0,0.0,0.0,0.0,0.0,0.0,0.0,0.0,0.0,0.0,0.0,0.0,0.0,6.46,0.0,0.0,0.0,0.0,0.0,0.0,0.0,0.0,0.0,0.0
CCN1CCN(c2nnc(-c3ccc(OC)cc3)s2)CC1,0.0,0.0,0.0,0.0,0.0,0.0,0.0,0.0,0.0,0.0,0.0,0.0,0.0,0.0,0.0,6.79,0.0,0.0,0.0,0.0,0.0,0.0,0.0,0.0,0.0,0.0,0.0
CCN1CCOC(COc2ccc(CN3CCOCC3)cc2)C1,0.0,6.78,0.0,0.0,0.0,0.0,0.0,0.0,0.0,0.0,0.0,0.0,0.0,0.0,0.0,0.0,0.0,0.0,0.0,0.0,0.0,0.0,0.0,0.0,0.0,0.0,0.0
CCN1CCc2c(cccc2OCCCN2CCCCC2)C1,0.0,0.0,0.0,0.0,0.0,0.0,0.0,0.0,0.0,0.0,0.0,0.0,7.08,0.0,0.0,0.0,0.0,0.0,0.0,0.0,0.0,0.0,0.0,0.0,0.0,0.0,0.0
CCN1CCc2cc(OCCCN3CCCCC3)ccc2C1,0.0,0.0,0.0,0.0,0.0,0.0,0.0,0.0,0.0,0.0,0.0,0.0,9.27,0.0,0.0,0.0,0.0,0.0,0.0,0.0,0.0,0.0,0.0,0.0,0.0,0.0,0.0
CCN1CCc2ccc(OCCCN3CCCCC3)cc2C1,0.0,0.0,0.0,0.0,0.0,0.0,0.0,0.0,0.0,0.0,0.0,0.0,9.47,0.0,0.0,0.0,0.0,0.0,0.0,0.0,0.0,0.0,0.0,0.0,0.0,0.0,0.0
CCN1CCc2ccc(OCCCN3CCCCC3)cc2CC1,0.0,0.0,0.0,0.0,0.0,0.0,0.0,0.0,0.0,0.0,0.0,0.0,9.59,0.0,0.0,0.0,0.0,0.0,0.0,0.0,0.0,0.0,0.0,0.0,0.0,0.0,0.0
CCN1CCc2cccc(OCCCN3CCCCC3)c2C1,0.0,0.0,0.0,0.0,0.0,0.0,0.0,0.0,0.0,0.0,0.0,0.0,7.02,0.0,0.0,0.0,0.0,0.0,0.0,0.0,0.0,0.0,0.0,0.0,0.0,0.0,0.0
CCN1CCc2sc(OCCCN3CCCCC3)nc2C1,0.0,0.0,0.0,0.0,0.0,0.0,0.0,0.0,0.0,0.0,0.0,0.0,7.85,0.0,0.0,0.0,0.0,0.0,0.0,0.0,0.0,0.0,0.0,0.0,0.0,0.0,0.0
CCN1N=C(c2ccc(OC3CCN(C4CCC4)CC3)cc2)C2CC2C1=O,0.0,0.0,0.0,0.0,8.35,0.0,0.0,0.0,0.0,0.0,0.0,0.0,0.0,0.0,0.0,0.0,0.0,0.0,0.0,0.0,0.0,0.0,0.0,0.0,0.0,0.0,0.0
CCNC(=O)C1CC(=O)C2(C)CCC3c4ccc(OCCCCN5CCCC5C)cc4CCC3C12,0.0,0.0,0.0,0.0,0.0,0.0,0.0,0.0,0.0,0.0,0.0,0.0,0.0,0.0,0.0,0.0,0.0,0.0,0.0,0.0,0.0,6.63,0.0,0.0,0.0,0.0,0.0
CCNC(=O)C1CC(=O)C2(C)CCC3c4ccc(OCCCN5CCC(F)(F)CC5)cc4CCC3C12,0.0,0.0,0.0,0.0,0.0,0.0,0.0,0.0,0.0,0.0,0.0,0.0,0.0,0.0,0.0,0.0,0.0,0.0,0.0,0.0,0.0,5.86,0.0,0.0,0.0,0.0,0.0
CCNC(=O)C1CC(=O)C2(C)CCC3c4ccc(OCCCN5CCC(F)C5)cc4CCC3C12,0.0,0.0,0.0,0.0,0.0,0.0,0.0,0.0,0.0,0.0,0.0,0.0,0.0,0.0,0.0,0.0,0.0,0.0,0.0,0.0,0.0,6.64,0.0,0.0,0.0,0.0,0.0
CCNC(=O)C1CC(=O)C2(C)CCC3c4ccc(OCCCN5CCC(F)CC5)cc4CCC3C12,0.0,0.0,0.0,0.0,0.0,0.0,0.0,0.0,0.0,0.0,0.0,0.0,0.0,0.0,0.0,0.0,0.0,0.0,0.0,0.0,0.0,6.28,0.0,0.0,0.0,0.0,0.0
CCNC(=O)C1CC(=O)C2(C)CCC3c4ccc(OCCCN5CCCC5C)cc4CCC3C12,0.0,0.0,0.0,0.0,0.0,0.0,0.0,0.0,0.0,0.0,0.0,0.0,0.0,0.0,0.0,0.0,0.0,0.0,0.0,0.0,0.0,8.52,0.0,0.0,0.0,0.0,0.0
CCNC(=O)C1CC(=O)C2(C)CCC3c4ccc(OCCN5CCCC5C)cc4CCC3C12,0.0,0.0,0.0,0.0,0.0,0.0,0.0,0.0,0.0,0.0,0.0,0.0,0.0,0.0,0.0,0.0,0.0,0.0,0.0,0.0,0.0,6.58,0.0,0.0,0.0,0.0,0.0
CCNC(=O)C1CC(F)(c2ccc(CN3CCCC3)c(F)c2)C1,0.0,0.0,0.0,0.0,0.0,0.0,0.0,0.0,0.0,0.0,0.0,0.0,0.0,0.0,0.0,0.0,0.0,0.0,0.0,8.64,0.0,0.0,0.0,8.77,0.0,0.0,0.0
CCNC(=O)C1CC(OC)C2(C)CCC3c4ccc(OCCCN5CCCC5C)cc4CCC3C12,0.0,0.0,0.0,0.0,0.0,0.0,0.0,0.0,0.0,0.0,0.0,0.0,0.0,0.0,0.0,0.0,0.0,0.0,0.0,0.0,0.0,8.05,0.0,0.0,0.0,0.0,0.0
CCNC(=O)C1CCC2(C)CCC3c4ccc(OCCCN5CCCC5C)cc4CCC3C12,0.0,0.0,0.0,0.0,0.0,0.0,0.0,0.0,0.0,0.0,0.0,0.0,0.0,0.0,0.0,0.0,0.0,0.0,0.0,0.0,0.0,8.05,0.0,0.0,0.0,0.0,0.0
CCNC(=O)c1ccc(-c2ccc3c(c2)CCN(CCN2CCCC2)C3=O)cc1,0.0,0.0,0.0,0.0,0.0,0.0,0.0,0.0,0.0,0.0,0.0,0.0,0.0,0.0,0.0,0.0,0.0,0.0,0.0,0.0,0.0,0.0,0.0,0.0,0.0,0.0,8.92
CCNC(=O)c1ccc(-c2ccc3c(c2)CCN(CCN2CCCC2C)C3=O)cc1,0.0,0.0,0.0,0.0,0.0,0.0,0.0,0.0,0.0,0.0,0.0,0.0,0.0,0.0,0.0,0.0,0.0,0.0,0.0,0.0,0.0,0.0,0.0,0.0,0.0,0.0,9.0
CCNC(=O)c1ccc(Oc2ccc3c(c2)CCN(C2CCC2)CC3)cn1,0.0,0.0,0.0,0.0,0.0,0.0,0.0,0.0,0.0,0.0,9.2,0.0,0.0,0.0,0.0,0.0,0.0,0.0,0.0,0.0,0.0,0.0,0.0,0.0,0.0,0.0,0.0
CCNC1CN(c2cc(C(C)C)nc(N)n2)C1,0.0,0.0,0.0,0.0,0.0,0.0,0.0,0.0,0.0,0.0,0.0,0.0,0.0,0.0,0.0,0.0,0.0,0.0,0.0,0.0,0.0,7.0,0.0,0.0,0.0,0.0,0.0
CCNC1CN(c2cc(C)nc(N)n2)C1,0.0,0.0,0.0,0.0,0.0,0.0,0.0,0.0,0.0,0.0,0.0,0.0,0.0,0.0,0.0,0.0,0.0,0.0,0.0,0.0,0.0,7.1,0.0,0.0,0.0,0.0,0.0
CCNC1CN(c2cc(CC)nc(N)n2)C1,0.0,0.0,0.0,0.0,0.0,0.0,0.0,0.0,0.0,0.0,0.0,0.0,0.0,0.0,0.0,0.0,0.0,0.0,0.0,0.0,0.0,6.9,0.0,0.0,0.0,0.0,0.0
CCNC1CN(c2ccnc(N)n2)C1,0.0,0.0,0.0,0.0,0.0,0.0,0.0,0.0,0.0,0.0,0.0,0.0,0.0,0.0,0.0,0.0,0.0,0.0,0.0,0.0,0.0,8.0,0.0,0.0,0.0,0.0,0.0
CCNCCCCCc1c[nH]cn1,0.0,8.1,0.0,0.0,0.0,0.0,0.0,0.0,0.0,0.0,0.0,0.0,0.0,0.0,0.0,0.0,0.0,0.0,0.0,0.0,0.0,0.0,0.0,0.0,0.0,0.0,0.0
CCNCCCCc1c[nH]cn1,0.0,7.6,0.0,0.0,0.0,0.0,0.0,0.0,0.0,0.0,0.0,0.0,0.0,0.0,0.0,0.0,0.0,0.0,0.0,0.0,0.0,0.0,0.0,0.0,0.0,0.0,0.0
CCNCCCOc1ccc2c(c1)CN(C)CC2c1ccc(OC)cc1,0.0,0.0,0.0,0.0,0.0,0.0,0.0,0.0,0.0,0.0,0.0,0.0,7.33,0.0,0.0,0.0,0.0,0.0,0.0,0.0,0.0,0.0,0.0,0.0,0.0,0.0,0.0
CCNS(=O)(=O)c1ccc(-c2ccc(CCN3CCCC3C)cc2)cc1,0.0,0.0,0.0,0.0,0.0,0.0,0.0,0.0,0.0,0.0,0.0,0.0,8.1,0.0,0.0,0.0,0.0,0.0,0.0,0.0,0.0,0.0,0.0,0.0,9.0,0.0,0.0
CCOC(=N)c1ccc(-c2ccc3cc(CCN4CCCC4C)ccc3n2)s1,0.0,0.0,0.0,0.0,0.0,0.0,0.0,0.0,0.0,0.0,0.0,0.0,9.19,0.0,0.0,0.0,0.0,0.0,0.0,0.0,0.0,0.0,0.0,0.0,0.0,0.0,0.0
CCOC(=O)C1=C(C)NC(C)=C(C(=O)OCC)C1c1ccc(OCCCCCN2CCCC2)cc1,0.0,0.0,0.0,0.0,0.0,0.0,0.0,0.0,0.0,0.0,0.0,0.0,0.0,0.0,0.0,6.37,0.0,0.0,0.0,0.0,0.0,0.0,0.0,0.0,0.0,0.0,0.0
CCOC(=O)C1=C(C)NC(C)=C(C(=O)OCC)C1c1ccc(OCCCCCN2CCCCC2)cc1,0.0,0.0,0.0,0.0,0.0,0.0,0.0,0.0,0.0,0.0,0.0,0.0,0.0,0.0,0.0,6.25,0.0,0.0,0.0,0.0,0.0,0.0,0.0,0.0,0.0,0.0,0.0
CCOC(=O)C1=C(C)NC(C)=C(C(=O)OCC)C1c1ccc(OCCCN2CCCC2)cc1,0.0,0.0,0.0,0.0,0.0,0.0,0.0,0.0,0.0,0.0,0.0,0.0,0.0,0.0,0.0,7.08,0.0,0.0,0.0,0.0,0.0,0.0,0.0,0.0,0.0,0.0,0.0
CCOC(=O)C1=C(C)NC(C)=C(C(=O)OCC)C1c1ccc(OCCCN2CCCCC2)c(OCC)c1,0.0,0.0,0.0,0.0,0.0,0.0,0.0,0.0,0.0,0.0,0.0,0.0,0.0,0.0,0.0,5.79,0.0,0.0,0.0,0.0,0.0,0.0,0.0,0.0,0.0,0.0,0.0
CCOC(=O)C1=C(C)NC(C)=C(C(=O)OCC)C1c1ccc(OCCCN2CCCCC2)cc1,0.0,0.0,0.0,0.0,0.0,0.0,0.0,0.0,0.0,0.0,0.0,0.0,0.0,0.0,0.0,7.4,0.0,0.0,0.0,0.0,0.0,0.0,0.0,0.0,0.0,0.0,0.0
CCOC(=O)C1CCN(Cc2ccc(OCCCN3CCCCC3)cc2)CC1,0.0,0.0,0.0,0.0,0.0,0.0,0.0,0.0,0.0,0.0,0.0,0.0,0.0,0.0,0.0,9.64,0.0,0.0,0.0,0.0,0.0,0.0,0.0,0.0,0.0,0.0,0.0
CCOC(=O)CCN1CCN(c2ccc3c(c2)CN(C(=O)OCc2ccccc2)C3)CC1,0.0,0.0,0.0,0.0,0.0,0.0,0.0,0.0,0.0,0.0,0.0,0.0,0.0,0.0,0.0,0.0,0.0,0.0,0.0,0.0,0.0,6.45,0.0,0.0,0.0,0.0,0.0
CCOC(=O)N1CC(Oc2cccc(F)c2)CC1C(=O)N1CCCN(C2CCC2)CC1,0.0,0.0,0.0,0.0,0.0,0.0,0.0,0.0,0.0,0.0,0.0,0.0,7.8,0.0,0.0,0.0,0.0,0.0,0.0,0.0,0.0,0.0,0.0,0.0,0.0,0.0,0.0
CCOC(=O)N1CCN(CC(=O)Nc2ccc(OC3CCN(C4CCC4)CC3)cc2)CC1,0.0,0.0,0.0,0.0,0.0,0.0,0.0,0.0,0.0,0.0,0.0,0.0,0.0,0.0,0.0,0.0,8.97,0.0,0.0,0.0,0.0,0.0,0.0,0.0,0.0,0.0,0.0
CCOC(=O)N1CCN(CC(=O)c2ccc(OCCCN3CCCC3C)cc2)CC1,0.0,0.0,0.0,0.0,8.4,0.0,0.0,0.0,0.0,0.0,0.0,0.0,0.0,0.0,0.0,0.0,0.0,0.0,0.0,0.0,0.0,0.0,0.0,0.0,0.0,0.0,0.0
CCOC(=O)c1c(C)noc1-c1ccc2cc(CCN3CCCC3C)ccc2n1,0.0,0.0,0.0,0.0,0.0,0.0,0.0,0.0,0.0,0.0,0.0,0.0,9.15,0.0,0.0,0.0,0.0,0.0,0.0,0.0,0.0,0.0,0.0,0.0,0.0,0.0,0.0
CCOC(=O)c1cc(-c2ccc3cc(CCN4CCCC4C)ccc3n2)on1,0.0,0.0,0.0,0.0,0.0,0.0,0.0,0.0,0.0,0.0,0.0,0.0,8.46,0.0,0.0,0.0,0.0,0.0,0.0,0.0,0.0,0.0,0.0,0.0,0.0,0.0,0.0
CCOC(=O)c1cc2cc(C(=O)O)ccc2[nH]1,0.0,0.0,0.0,0.0,8.7,0.0,0.0,0.0,0.0,0.0,0.0,0.0,0.0,0.0,0.0,0.0,0.0,0.0,0.0,0.0,0.0,0.0,0.0,0.0,0.0,0.0,0.0
CCOC(=O)c1ccc(-c2ccc(OCCCN3CCCCC3)cc2)cc1,0.0,0.0,0.0,0.0,0.0,0.0,0.0,0.0,0.0,0.0,0.0,0.0,7.98,0.0,0.0,0.0,0.0,0.0,0.0,0.0,0.0,0.0,0.0,0.0,0.0,0.0,0.0
CCOc1ccc(-n2ncc(-c3ccc4cc(CCN5CCCC5C)ccc4n3)c2C)nn1,0.0,0.0,0.0,0.0,0.0,0.0,9.73,0.0,0.0,0.0,0.0,0.0,9.72,0.0,0.0,0.0,0.0,0.0,0.0,0.0,0.0,0.0,0.0,0.0,0.0,0.0,0.0
CCOc1ccc(C2CN(C)Cc3cc(OCCCN4CCC(F)CC4)ccc32)cc1,0.0,0.0,0.0,0.0,0.0,0.0,0.0,0.0,0.0,0.0,0.0,0.0,8.14,0.0,0.0,0.0,0.0,0.0,0.0,0.0,0.0,0.0,0.0,0.0,0.0,0.0,0.0
CCOc1ccc(Cc2nn(CC3CCCN3C)c(=O)c3ccccc23)cc1,0.0,0.0,0.0,0.0,0.0,6.5,0.0,0.0,0.0,0.0,0.0,0.0,0.0,0.0,0.0,0.0,0.0,0.0,0.0,0.0,0.0,0.0,0.0,0.0,0.0,0.0,0.0
CCOc1cccc2cc(C(=O)N3CCCC3CN3CCCC3)oc12,0.0,0.0,0.0,0.0,0.0,0.0,0.0,0.0,0.0,0.0,0.0,0.0,0.0,0.0,0.0,0.0,0.0,0.0,0.0,0.0,0.0,0.0,0.0,0.0,8.15,0.0,0.0
CCOc1ccccc1OCC1CN(C(C)C)CCO1,0.0,5.05,0.0,0.0,0.0,0.0,0.0,0.0,0.0,0.0,0.0,0.0,0.0,0.0,0.0,0.0,0.0,0.0,0.0,0.0,0.0,0.0,0.0,0.0,0.0,0.0,0.0
CCOc1ccccc1OCC1CN(C2CCC2)CCO1,0.0,5.15,0.0,0.0,0.0,0.0,0.0,0.0,0.0,0.0,0.0,0.0,0.0,0.0,0.0,0.0,0.0,0.0,0.0,0.0,0.0,0.0,0.0,0.0,0.0,0.0,0.0
CCOc1ccccc1OCC1CN(C2CCCC2)CCO1,0.0,5.28,0.0,0.0,0.0,0.0,0.0,0.0,0.0,0.0,0.0,0.0,0.0,0.0,0.0,0.0,0.0,0.0,0.0,0.0,0.0,0.0,0.0,0.0,0.0,0.0,0.0
CCS(=O)(=O)N(C)C1CCC2(C)C(=CCC3C2CCC24CN(C)C(C)C2CCC34)C1,0.0,0.0,0.0,0.0,0.0,0.0,7.63,0.0,0.0,0.0,0.0,0.0,0.0,0.0,0.0,0.0,0.0,0.0,0.0,0.0,0.0,0.0,0.0,0.0,0.0,0.0,0.0
CCS(=O)(=O)N1CCC(Oc2ccc3c(c2)CCC2(CCN(C4CCC4)CC2)O3)CC1,0.0,0.0,0.0,0.0,8.15,0.0,0.0,0.0,0.0,0.0,0.0,0.0,0.0,0.0,0.0,0.0,0.0,0.0,0.0,0.0,0.0,0.0,0.0,0.0,0.0,0.0,0.0
CCc1c(-c2ccc(OCCCN3CCCCC3)cc2)cc2ccccn12,0.0,0.0,0.0,0.0,0.0,0.0,0.0,0.0,0.0,0.0,0.0,0.0,0.0,0.0,0.0,0.0,0.0,0.0,0.0,0.0,0.0,0.0,0.0,0.0,8.3,0.0,0.0
CCc1c(-c2ccc(OCCCN3CCCCC3)cc2)cn2ccccc12,0.0,0.0,0.0,0.0,0.0,0.0,0.0,0.0,0.0,0.0,0.0,0.0,0.0,0.0,0.0,0.0,0.0,0.0,0.0,0.0,0.0,0.0,0.0,0.0,7.72,0.0,0.0
CCc1cc(N2CC(N(C)C)C2)nc(N)n1,0.0,0.0,0.0,0.0,0.0,0.0,0.0,0.0,0.0,0.0,0.0,0.0,0.0,0.0,0.0,0.0,0.0,0.0,0.0,0.0,0.0,6.6,0.0,0.0,0.0,0.0,0.0
CCc1cc(N2CC(N)C2)nc(N)n1,0.0,0.0,0.0,0.0,0.0,0.0,0.0,0.0,0.0,0.0,0.0,0.0,0.0,0.0,0.0,0.0,0.0,0.0,0.0,0.0,0.0,7.1,0.0,0.0,0.0,0.0,0.0
CCc1cc(N2CC(NC)C2)nc(N)n1,0.0,0.0,0.0,0.0,0.0,0.0,0.0,0.0,0.0,0.0,0.0,0.0,0.0,0.0,0.0,0.0,0.0,0.0,0.0,0.0,0.0,7.3,0.0,0.0,0.0,0.0,0.0
CCc1cc(N2CCC(NC)C2)nc(N)n1,0.0,6.17,0.0,0.0,0.0,0.0,0.0,0.0,0.0,0.0,0.0,0.0,0.0,0.0,0.0,0.0,0.0,0.0,0.0,0.0,0.0,0.0,0.0,0.0,0.0,0.0,0.0
CCc1cc(N2CCN(CCc3ccc(OCCCN4CCCCCC4)cc3)CC2)c2nc(CCC(=O)O)ccc2c1,0.0,0.0,0.0,0.0,0.0,8.7,0.0,0.0,0.0,0.0,0.0,0.0,0.0,0.0,0.0,0.0,0.0,0.0,0.0,0.0,0.0,0.0,0.0,0.0,0.0,0.0,0.0
CCc1ccc(CCN2CCCC2)nc1,0.0,0.0,0.0,0.0,0.0,0.0,0.0,0.0,0.0,0.0,0.0,0.0,0.0,0.0,0.0,6.64,0.0,0.0,0.0,0.0,0.0,0.0,0.0,0.0,0.0,0.0,0.0
CCc1ccc(CCN2CCCC2C)nc1,0.0,0.0,0.0,0.0,0.0,0.0,0.0,0.0,0.0,0.0,0.0,0.0,0.0,0.0,0.0,7.47,0.0,0.0,0.0,0.0,0.0,0.0,0.0,0.0,0.0,0.0,0.0
CCc1ccc(OCCCCCCN2CCC(C)CC2)cc1,0.0,0.0,0.0,0.0,0.0,0.0,0.0,0.0,0.0,0.0,0.0,0.0,0.0,0.0,0.0,6.74,0.0,0.0,0.0,0.0,0.0,0.0,0.0,0.0,0.0,0.0,0.0
CCc1ccc(OCCCCCCN2CCCCCC2)cc1,0.0,0.0,0.0,0.0,0.0,0.0,0.0,0.0,0.0,0.0,0.0,0.0,0.0,0.0,0.0,7.07,0.0,0.0,0.0,0.0,0.0,0.0,0.0,0.0,0.0,0.0,0.0
CCc1ccc2c(N3CC(NC)C3)nc(N)nc2c1,0.0,0.0,0.0,0.0,0.0,0.0,0.0,0.0,0.0,0.0,0.0,0.0,0.0,0.0,0.0,6.21,0.0,0.0,0.0,0.0,0.0,0.0,0.0,0.0,0.0,0.0,0.0
CCc1ccc2c(N3CCC(NC)C3)nc(N)nc2c1,0.0,0.0,0.0,0.0,0.0,0.0,0.0,0.0,0.0,0.0,0.0,0.0,0.0,0.0,0.0,6.22,0.0,0.0,0.0,0.0,0.0,0.0,0.0,0.0,0.0,0.0,0.0
CCc1cccc(-c2cnc3nc(N4CCC(N5CCCCC5)CC4)oc3c2)n1,0.0,0.0,0.0,0.0,0.0,0.0,0.0,0.0,0.0,0.0,0.0,0.0,0.0,0.0,0.0,7.1,0.0,0.0,0.0,0.0,0.0,0.0,0.0,0.0,0.0,0.0,0.0
CCc1cnc(NCc2ccc3oc(CCN4CCCC4C)cc3c2)nc1,0.0,0.0,0.0,0.0,0.0,0.0,0.0,0.0,0.0,0.0,0.0,0.0,9.48,0.0,0.0,0.0,0.0,0.0,0.0,0.0,0.0,0.0,0.0,0.0,0.0,0.0,0.0
CCc1cnc(Nc2ccc3oc(CCN4CCCC4C)cc3c2)nc1,0.0,0.0,0.0,0.0,0.0,0.0,0.0,0.0,0.0,0.0,0.0,0.0,9.21,0.0,0.0,0.0,0.0,0.0,0.0,0.0,0.0,0.0,0.0,0.0,0.0,0.0,0.0
CCc1cnc2c(N3CC(NC)C3)nc(N)nc2c1,0.0,0.0,0.0,0.0,0.0,0.0,0.0,0.0,0.0,0.0,0.0,0.0,0.0,0.0,0.0,6.11,0.0,0.0,0.0,0.0,0.0,0.0,0.0,0.0,0.0,0.0,0.0
CCc1cnc2c(N3CCC(NC)C3)nc(N)nc2c1,0.0,0.0,0.0,0.0,0.0,0.0,0.0,0.0,0.0,0.0,0.0,0.0,0.0,0.0,0.0,5.82,0.0,0.0,0.0,0.0,0.0,0.0,0.0,0.0,0.0,0.0,0.0
CCc1nc2ccccc2c(=O)n1-c1ccc(OCCCN2CCCC2)cc1,0.0,0.0,0.0,0.0,0.0,0.0,0.0,0.0,0.0,0.0,0.0,0.0,9.3,0.0,0.0,0.0,0.0,0.0,0.0,0.0,0.0,0.0,0.0,0.0,0.0,0.0,0.0
CCc1sc(-c2ccc(Cl)cc2)nc1OCCCN1CCCCC1,0.0,0.0,0.0,0.0,0.0,0.0,0.0,0.0,0.0,0.0,0.0,0.0,0.0,0.0,0.0,6.7,0.0,0.0,0.0,0.0,0.0,0.0,0.0,0.0,0.0,0.0,0.0
CCc1sc(-c2ccccc2)nc1OCCCN1CCCCC1,0.0,0.0,0.0,0.0,0.0,0.0,0.0,0.0,0.0,0.0,0.0,0.0,0.0,0.0,0.0,6.42,0.0,0.0,0.0,0.0,0.0,0.0,0.0,0.0,0.0,0.0,0.0
CCn1c(-c2ccc(OCCCN3CCCCC3)cc2)nc2ccccc2c1=O,0.0,0.0,0.0,0.0,0.0,0.0,0.0,0.0,0.0,0.0,0.0,0.0,9.55,0.0,0.0,0.0,0.0,0.0,0.0,0.0,0.0,0.0,0.0,0.0,0.0,0.0,0.0
CCn1nc(-c2ccc(OCCCN3CCCC3C)cc2)ccc1=O,0.0,0.0,0.0,0.0,8.41,0.0,0.0,0.0,0.0,0.0,0.0,0.0,0.0,0.0,0.0,0.0,0.0,0.0,0.0,0.0,0.0,0.0,0.0,0.0,0.0,0.0,0.0
CCn1nc(N2CCC(OC(=O)N3CCN(C(C)C)CC3)CC2)ccc1=O,0.0,0.0,0.0,0.0,0.0,8.54,0.0,0.0,0.0,0.0,0.0,0.0,0.0,0.0,0.0,0.0,0.0,0.0,0.0,7.36,0.0,0.0,0.0,0.0,0.0,0.0,0.0
CN(C(=O)CN1CCOCC1)c1ccc(OC2CCN(C3CCC3)CC2)cc1,0.0,0.0,0.0,0.0,0.0,0.0,0.0,0.0,0.0,0.0,0.0,0.0,0.0,0.0,0.0,0.0,8.31,0.0,0.0,0.0,0.0,0.0,0.0,0.0,0.0,0.0,0.0
CN(C(=O)c1ccc(-n2cccn2)cc1)C1CCN(C2CCC2)C1,0.0,0.0,0.0,0.0,0.0,0.0,0.0,0.0,0.0,0.0,0.0,0.0,0.0,0.0,0.0,0.0,0.0,0.0,0.0,0.0,0.0,0.0,0.0,0.0,0.0,0.0,8.74
CN(C(=O)c1ccc(-n2cccn2)cc1)C1CCN(C2CCCC2)C1,0.0,0.0,0.0,0.0,0.0,0.0,0.0,0.0,0.0,0.0,0.0,0.0,0.0,0.0,0.0,0.0,0.0,0.0,0.0,0.0,0.0,0.0,0.0,0.0,0.0,0.0,8.44
CN(C(=O)c1ccc(Cn2cccn2)cc1)C1CCN(C2CCC2)C1,0.0,0.0,0.0,0.0,0.0,0.0,0.0,0.0,0.0,0.0,0.0,0.0,0.0,0.0,0.0,0.0,0.0,0.0,0.0,0.0,0.0,0.0,0.0,0.0,0.0,0.0,6.84
CN(C(=O)c1ccc(Cn2cccn2)cc1)C1CCN(C2CCCC2)C1,0.0,0.0,0.0,0.0,0.0,0.0,0.0,0.0,0.0,0.0,0.0,0.0,0.0,0.0,0.0,0.0,0.0,0.0,0.0,0.0,0.0,0.0,0.0,0.0,0.0,0.0,6.68
CN(C(=O)c1ccc(Cn2cnc3ccccc32)cc1)C1CCN(C2CCC2)C1,0.0,0.0,0.0,0.0,0.0,0.0,0.0,0.0,0.0,0.0,0.0,0.0,0.0,0.0,0.0,0.0,0.0,0.0,0.0,0.0,0.0,0.0,0.0,0.0,0.0,0.0,8.14
CN(C(=O)c1ccc(Cn2cnc3ccccc32)cc1)C1CCN(C2CCCC2)C1,0.0,0.0,0.0,0.0,0.0,0.0,0.0,0.0,0.0,0.0,0.0,0.0,0.0,0.0,0.0,0.0,0.0,0.0,0.0,0.0,0.0,0.0,0.0,0.0,0.0,0.0,7.82
CN(C)C(=O)c1cc(OCCC2CCCN2C)ccc1OCc1ccccc1Cl,0.0,0.0,0.0,0.0,0.0,0.0,0.0,0.0,0.0,0.0,0.0,0.0,5.74,0.0,0.0,0.0,0.0,0.0,0.0,0.0,0.0,0.0,0.0,0.0,0.0,0.0,0.0
CN(C)C(=O)c1cc(OCCCN2CCCCC2)ccc1OCc1ccccc1Cl,0.0,0.0,0.0,0.0,0.0,0.0,0.0,0.0,0.0,0.0,0.0,0.0,7.33,0.0,0.0,0.0,0.0,0.0,0.0,0.0,0.0,0.0,0.0,0.0,0.0,0.0,0.0
CN(C)C(=O)c1cc(OCCCN2CCOCC2)ccc1OCc1ccccc1Cl,0.0,0.0,0.0,0.0,0.0,0.0,0.0,0.0,0.0,0.0,0.0,0.0,5.96,0.0,0.0,0.0,0.0,0.0,0.0,0.0,0.0,0.0,0.0,0.0,0.0,0.0,0.0
CN(C)C(=O)c1ccc(-c2ccc3c(c2)CCN(CCN2CCCC2)C3=O)c(F)c1,0.0,0.0,0.0,0.0,0.0,0.0,0.0,0.0,0.0,0.0,0.0,0.0,0.0,0.0,0.0,0.0,0.0,0.0,0.0,0.0,0.0,0.0,0.0,0.0,0.0,0.0,8.51
CN(C)C(=O)c1ccc(-c2ccc3c(c2)CCN(CCN2CCCC2)C3=O)cc1,0.0,0.0,0.0,0.0,0.0,0.0,0.0,0.0,0.0,0.0,0.0,0.0,0.0,0.0,0.0,0.0,0.0,0.0,0.0,0.0,0.0,0.0,0.0,0.0,0.0,0.0,9.05
CN(C)C(=O)c1cccc(-c2nnc(N3CCC(N4CCCCC4)CC3)s2)c1,0.0,0.0,0.0,0.0,0.0,0.0,0.0,0.0,0.0,0.0,0.0,0.0,0.0,0.0,0.0,6.72,0.0,0.0,0.0,0.0,0.0,0.0,0.0,0.0,0.0,0.0,0.0
CN(C)C(Cc1ccccc1)c1ccc(-c2ccc(CN3CCCCC3)cc2)cc1,0.0,7.78,0.0,0.0,0.0,0.0,0.0,0.0,0.0,0.0,0.0,0.0,0.0,0.0,0.0,0.0,0.0,0.0,0.0,0.0,0.0,0.0,0.0,0.0,0.0,0.0,0.0
CN(C)C1CCC(c2ccc(OCCCN3CCCCC3)cc2)CC1,0.0,0.0,0.0,0.0,0.0,0.0,0.0,0.0,0.0,0.0,0.0,0.0,9.7,0.0,0.0,9.68,0.0,0.0,0.0,0.0,0.0,0.0,0.0,0.0,0.0,0.0,0.0
CN(C)C1CCN(C(=O)c2ccc(Cn3c(-c4ccccc4)nc4ccccc43)cc2)C1,0.0,0.0,0.0,0.0,0.0,0.0,0.0,0.0,0.0,0.0,0.0,0.0,0.0,0.0,0.0,0.0,0.0,0.0,0.0,0.0,0.0,0.0,0.0,0.0,0.0,0.0,7.19
CN(C)C1CCN(C(=O)c2ccc(Cn3c(-c4ccccn4)nc4ccccc43)cc2)C1,0.0,0.0,0.0,0.0,0.0,0.0,0.0,0.0,0.0,0.0,0.0,0.0,0.0,0.0,0.0,0.0,0.0,0.0,0.0,0.0,0.0,0.0,0.0,0.0,0.0,0.0,6.63
CN(C)C1CCN(C(=O)c2ccc(Cn3cnc4ccccc43)cc2)C1,0.0,0.0,0.0,0.0,0.0,0.0,0.0,0.0,0.0,0.0,0.0,0.0,0.0,0.0,0.0,0.0,0.0,0.0,0.0,0.0,0.0,0.0,0.0,0.0,0.0,0.0,6.41
CN(C)C1CCN(CCCOc2c(F)cc(-c3ccc(C#N)cc3)cc2F)C1,0.0,0.0,0.0,0.0,0.0,0.0,0.0,0.0,0.0,0.0,0.0,0.0,8.7,0.0,0.0,0.0,0.0,0.0,0.0,0.0,0.0,0.0,0.0,0.0,0.0,0.0,0.0
CN(C)C1CCN(CCCOc2ccc(-c3ccc(C#N)cc3)cc2)C1,0.0,0.0,0.0,0.0,0.0,0.0,0.0,0.0,0.0,0.0,0.0,0.0,8.7,0.0,0.0,0.0,0.0,0.0,0.0,0.0,0.0,0.0,0.0,0.0,0.0,0.0,0.0
CN(C)C1CCN(CCCOc2ccc(-c3ccc(C#N)cc3)cc2F)C1,0.0,0.0,0.0,0.0,0.0,0.0,0.0,0.0,0.0,0.0,0.0,0.0,8.4,0.0,0.0,0.0,0.0,0.0,0.0,0.0,0.0,0.0,0.0,0.0,0.0,0.0,0.0
CN(C)C1CCN(CCc2ccc3cc(-c4ccc(C#N)cc4)ccc3c2)C1,0.0,0.0,0.0,0.0,0.0,0.0,7.7,0.0,0.0,0.0,0.0,0.0,0.0,0.0,0.0,0.0,0.0,0.0,0.0,0.0,0.0,0.0,0.0,0.0,0.0,0.0,0.0
CN(C)C1CCN(c2cc(NCC(C)(C)C)ncn2)C1,0.0,0.0,0.0,0.0,0.0,0.0,0.0,0.0,0.0,0.0,0.0,0.0,0.0,0.0,0.0,0.0,0.0,0.0,0.0,0.0,0.0,0.0,0.0,0.0,7.27,0.0,0.0
CN(C)C1CCN(c2ccnc(NCC(C)(C)C)n2)C1,0.0,0.0,0.0,0.0,0.0,0.0,0.0,0.0,0.0,0.0,0.0,0.0,0.0,6.84,0.0,0.0,0.0,0.0,0.0,0.0,0.0,0.0,0.0,0.0,0.0,0.0,0.0
CN(C)C1CN(c2ccnc(N)n2)C1,0.0,0.0,0.0,0.0,0.0,0.0,0.0,0.0,0.0,0.0,0.0,0.0,0.0,0.0,0.0,0.0,0.0,0.0,0.0,0.0,0.0,7.3,0.0,0.0,0.0,0.0,0.0
CN(C)C1Cc2ccccc2C(C2CCCCC2)C1,0.0,0.0,0.0,0.0,0.0,0.0,0.0,0.0,0.0,0.0,0.0,0.0,0.0,0.0,0.0,8.7,0.0,0.0,0.0,0.0,0.0,0.0,0.0,0.0,0.0,0.0,0.0
CN(C)C1Cc2ccccc2C(C2CCCCCCC2)C1,0.0,0.0,0.0,0.0,0.0,0.0,0.0,0.0,0.0,0.0,0.0,0.0,0.0,0.0,0.0,6.37,0.0,0.0,0.0,0.0,0.0,0.0,0.0,0.0,0.0,0.0,0.0
CN(C)C1Cc2ccccc2C(c2ccc(Br)cc2)C1,0.0,0.0,0.0,0.0,0.0,0.0,0.0,0.0,0.0,0.0,0.0,0.0,0.0,0.0,0.0,6.28,0.0,0.0,0.0,0.0,0.0,0.0,0.0,0.0,0.0,0.0,0.0
CN(C)C1Cc2ccccc2C(c2ccc(C(F)(F)F)cc2)C1,0.0,0.0,0.0,0.0,0.0,0.0,0.0,0.0,0.0,0.0,0.0,0.0,0.0,0.0,0.0,6.64,0.0,0.0,0.0,0.0,0.0,0.0,0.0,0.0,0.0,0.0,0.0
CN(C)C1Cc2ccccc2C(c2ccc(Cl)cc2)C1,0.0,0.0,0.0,0.0,0.0,0.0,0.0,0.0,0.0,0.0,0.0,0.0,0.0,0.0,0.0,8.22,0.0,0.0,0.0,0.0,0.0,0.0,0.0,0.0,0.0,0.0,0.0
CN(C)C1Cc2ccccc2C(c2ccc(F)cc2)C1,0.0,0.0,0.0,0.0,0.0,0.0,0.0,0.0,0.0,0.0,0.0,0.0,0.0,0.0,0.0,8.4,0.0,0.0,0.0,0.0,0.0,0.0,0.0,0.0,0.0,0.0,0.0
CN(C)C1Cc2ccccc2C(c2cccc(-c3ccccc3)c2)C1,0.0,0.0,0.0,0.0,0.0,0.0,0.0,0.0,0.0,0.0,0.0,0.0,0.0,0.0,0.0,6.7,0.0,0.0,0.0,0.0,0.0,0.0,0.0,0.0,0.0,0.0,0.0
CN(C)C1Cc2ccccc2C(c2cccc(Br)c2)C1,0.0,0.0,0.0,0.0,0.0,0.0,0.0,0.0,0.0,0.0,0.0,0.0,0.0,0.0,0.0,7.52,0.0,0.0,0.0,0.0,0.0,0.0,0.0,0.0,0.0,0.0,0.0
CN(C)C1Cc2ccccc2C(c2cccc(C(F)(F)F)c2)C1,0.0,0.0,0.0,0.0,0.0,0.0,0.0,0.0,0.0,0.0,0.0,0.0,0.0,0.0,0.0,6.64,0.0,0.0,0.0,0.0,0.0,0.0,0.0,0.0,0.0,0.0,0.0
CN(C)C1Cc2ccccc2C(c2cccc(F)c2)C1,0.0,0.0,0.0,0.0,0.0,0.0,0.0,0.0,0.0,0.0,0.0,0.0,0.0,0.0,0.0,8.52,0.0,0.0,0.0,0.0,0.0,0.0,0.0,0.0,0.0,0.0,0.0
CN(C)C1Cc2ccccc2C(c2cccc([N+](=O)[O-])c2)C1,0.0,0.0,0.0,0.0,0.0,0.0,0.0,0.0,0.0,0.0,0.0,0.0,0.0,0.0,0.0,6.1,0.0,0.0,0.0,0.0,0.0,0.0,0.0,0.0,0.0,0.0,0.0
CN(C)C1Cc2ccccc2C(c2ccccc2)C1,0.0,0.0,0.0,0.0,0.0,0.0,0.0,0.0,0.0,0.0,0.0,0.0,0.0,0.0,0.0,8.7,0.0,0.0,0.0,0.0,0.0,0.0,0.0,0.0,0.0,0.0,0.0
CN(C)C1Cc2ccccc2C(c2ccccc2Br)C1,0.0,0.0,0.0,0.0,0.0,0.0,0.0,0.0,0.0,0.0,0.0,0.0,0.0,0.0,0.0,5.58,0.0,0.0,0.0,0.0,0.0,0.0,0.0,0.0,0.0,0.0,0.0
CN(C)C1Cc2ccccc2C(c2ccccc2Cl)C1,0.0,0.0,0.0,0.0,0.0,0.0,0.0,0.0,0.0,0.0,0.0,0.0,0.0,0.0,0.0,7.22,0.0,0.0,0.0,0.0,0.0,0.0,0.0,0.0,0.0,0.0,0.0
CN(C)CC#Cc1ccc(OCCCc2sc(N3CCc4cccc(C(=O)Nc5nc6ccccc6s5)c4C3)nc2C(=O)O)c(F)c1,0.0,0.0,0.0,0.0,0.0,0.0,0.0,0.0,0.0,5.74,0.0,0.0,0.0,0.0,0.0,0.0,0.0,0.0,0.0,0.0,0.0,0.0,0.0,0.0,0.0,0.0,0.0
CN(C)CC(=O)Nc1ccc(OC2CCN(C3CCC3)CC2)cc1,0.0,0.0,0.0,0.0,0.0,0.0,0.0,0.0,0.0,0.0,0.0,0.0,0.0,0.0,0.0,0.0,8.22,0.0,0.0,0.0,0.0,0.0,0.0,0.0,0.0,0.0,0.0
CN(C)CCC(Oc1ccc(Br)cc1)c1ccc(OCCCN2CCCCC2)cc1,0.0,0.0,0.0,0.0,0.0,0.0,0.0,0.0,0.0,0.0,0.0,0.0,8.77,0.0,0.0,0.0,0.0,0.0,0.0,0.0,0.0,0.0,0.0,0.0,0.0,0.0,0.0
CN(C)CCC(Oc1ccc(C#N)cc1)c1ccc(OCCCN2CCCCC2)cc1,0.0,0.0,0.0,0.0,0.0,0.0,0.0,0.0,0.0,0.0,0.0,0.0,9.7,0.0,0.0,0.0,0.0,0.0,0.0,0.0,0.0,0.0,0.0,0.0,0.0,0.0,0.0
CN(C)CCC(Oc1ccc(C(F)(F)F)cc1)c1ccc(C#CCCN2CCCCC2)cc1,0.0,0.0,0.0,0.0,0.0,0.0,0.0,0.0,0.0,0.0,0.0,0.0,8.3,0.0,0.0,0.0,0.0,0.0,0.0,0.0,0.0,0.0,0.0,0.0,0.0,0.0,0.0
CN(C)CCC(Oc1ccc(C(F)(F)F)cc1)c1ccc(OCCCN2CCCCC2)cc1,0.0,0.0,0.0,0.0,0.0,0.0,0.0,0.0,0.0,0.0,0.0,0.0,8.57,0.0,0.0,0.0,0.0,0.0,0.0,0.0,0.0,0.0,0.0,0.0,0.0,0.0,0.0
CN(C)CCC(Oc1ccc(C(F)(F)F)cc1)c1ccccc1,0.0,0.0,0.0,0.0,0.0,0.0,0.0,0.0,0.0,0.0,0.0,0.0,5.18,0.0,0.0,0.0,0.0,0.0,0.0,0.0,0.0,0.0,0.0,0.0,0.0,0.0,0.0
CN(C)CCC(Oc1ccc(Cl)c(Cl)c1)c1ccc(OCCCN2CCCCC2)cc1,0.0,0.0,0.0,0.0,0.0,0.0,0.0,0.0,0.0,0.0,0.0,0.0,9.05,0.0,0.0,0.0,0.0,0.0,0.0,0.0,0.0,0.0,0.0,0.0,0.0,0.0,0.0
CN(C)CCC(Oc1ccc(Cl)cc1)c1ccc(OCCCN2CCCCC2)cc1,0.0,0.0,0.0,0.0,0.0,0.0,0.0,0.0,0.0,0.0,0.0,0.0,8.77,0.0,0.0,0.0,0.0,0.0,0.0,0.0,0.0,0.0,0.0,0.0,0.0,0.0,0.0
CN(C)CCC(Oc1ccc(F)cc1)c1ccc(OCCCN2CCCCC2)cc1,0.0,0.0,0.0,0.0,0.0,0.0,0.0,0.0,0.0,0.0,0.0,0.0,9.0,0.0,0.0,0.0,0.0,0.0,0.0,0.0,0.0,0.0,0.0,0.0,0.0,0.0,0.0
CN(C)CCC(Oc1ccc(OCCCN2CCCCC2)cc1)c1ccccc1,0.0,0.0,0.0,0.0,0.0,0.0,0.0,0.0,0.0,0.0,0.0,0.0,9.0,0.0,0.0,0.0,0.0,0.0,0.0,0.0,0.0,0.0,0.0,0.0,0.0,0.0,0.0
CN(C)CCC(Oc1ccc([N+](=O)[O-])cc1)c1ccc(OCCCN2CCCCC2)cc1,0.0,0.0,0.0,0.0,0.0,0.0,0.0,0.0,0.0,0.0,0.0,0.0,9.05,0.0,0.0,0.0,0.0,0.0,0.0,0.0,0.0,0.0,0.0,0.0,0.0,0.0,0.0
CN(C)CCC(Oc1cccc(Br)c1)c1ccc(OCCCN2CCCCC2)cc1,0.0,0.0,0.0,0.0,0.0,0.0,0.0,0.0,0.0,0.0,0.0,0.0,9.0,0.0,0.0,0.0,0.0,0.0,0.0,0.0,0.0,0.0,0.0,0.0,0.0,0.0,0.0
CN(C)CCC(Oc1cccc(Cl)c1)c1ccc(OCCCN2CCCCC2)cc1,0.0,0.0,0.0,0.0,0.0,0.0,0.0,0.0,0.0,0.0,0.0,0.0,9.05,0.0,0.0,0.0,0.0,0.0,0.0,0.0,0.0,0.0,0.0,0.0,0.0,0.0,0.0
CN(C)CCC(Oc1cccc(OCCCN2CCCCC2)c1)c1ccccc1,0.0,0.0,0.0,0.0,0.0,0.0,0.0,0.0,0.0,0.0,0.0,0.0,9.15,0.0,0.0,0.0,0.0,0.0,0.0,0.0,0.0,0.0,0.0,0.0,0.0,0.0,0.0
CN(C)CCC(Oc1ccccc1)c1ccc(C#CCCN2CCCCC2)cc1,0.0,0.0,0.0,0.0,0.0,0.0,0.0,0.0,0.0,0.0,0.0,0.0,8.89,0.0,0.0,0.0,0.0,0.0,0.0,0.0,0.0,0.0,0.0,0.0,0.0,0.0,0.0
CN(C)CCC(Oc1ccccc1)c1ccc(OCCCN2CCCCC2)cc1,0.0,0.0,0.0,0.0,0.0,0.0,0.0,0.0,0.0,0.0,0.0,0.0,9.22,0.0,0.0,0.0,0.0,0.0,0.0,0.0,0.0,0.0,0.0,0.0,0.0,0.0,0.0
CN(C)CCC(Oc1ccccc1)c1cccc(OCCCN2CCCCC2)c1,0.0,0.0,0.0,0.0,0.0,0.0,0.0,0.0,0.0,0.0,0.0,0.0,8.48,0.0,0.0,0.0,0.0,0.0,0.0,0.0,0.0,0.0,0.0,0.0,0.0,0.0,0.0
CN(C)CCCCCc1c[nH]cn1,0.0,7.8,0.0,0.0,0.0,0.0,0.0,0.0,0.0,0.0,0.0,0.0,0.0,0.0,0.0,0.0,0.0,0.0,0.0,0.0,0.0,0.0,0.0,0.0,0.0,0.0,0.0
CN(C)CCCCc1c[nH]cn1,0.0,8.5,0.0,0.0,0.0,0.0,0.0,0.0,0.0,0.0,0.0,0.0,0.0,0.0,0.0,0.0,0.0,0.0,0.0,0.0,0.0,0.0,0.0,0.0,0.0,0.0,0.0
CN(C)CCCOc1c(Br)cc(CCN(C)C)cc1Br,0.0,7.52,0.0,0.0,0.0,0.0,0.0,0.0,0.0,0.0,0.0,0.0,7.52,0.0,0.0,0.0,0.0,0.0,0.0,0.0,0.0,0.0,0.0,0.0,0.0,0.0,0.0
CN(C)CCCOc1c(Br)cc(CN(C)C)cc1Br,0.0,7.44,0.0,0.0,0.0,0.0,0.0,0.0,0.0,0.0,0.0,0.0,0.0,0.0,0.0,0.0,0.0,0.0,0.0,0.0,0.0,0.0,0.0,0.0,0.0,0.0,0.0
CN(C)CCCOc1ccc(CCN(C)C)cc1,0.0,8.22,0.0,0.0,0.0,0.0,0.0,0.0,0.0,0.0,0.0,0.0,0.0,0.0,0.0,0.0,0.0,0.0,0.0,0.0,0.0,0.0,0.0,0.0,0.0,0.0,0.0
CN(C)CCCOc1ccc(CCNC(=O)c2cc(Br)c[nH]2)cc1Br,0.0,0.0,0.0,0.0,0.0,0.0,0.0,0.0,0.0,0.0,0.0,0.0,5.98,0.0,0.0,0.0,0.0,0.0,0.0,0.0,0.0,0.0,0.0,0.0,0.0,0.0,0.0
CN(C)CCCOc1ccc(CCNC(=O)c2cc(Br)cs2)cc1Br,0.0,0.0,0.0,0.0,0.0,0.0,0.0,0.0,0.0,0.0,0.0,0.0,5.79,0.0,0.0,0.0,0.0,0.0,0.0,0.0,0.0,0.0,0.0,0.0,0.0,0.0,0.0
CN(C)CCCOc1ccc(CCNC(=O)c2ccc(Br)o2)cc1Br,0.0,0.0,0.0,0.0,0.0,0.0,0.0,0.0,0.0,0.0,0.0,0.0,5.64,0.0,0.0,0.0,0.0,0.0,0.0,0.0,0.0,0.0,0.0,0.0,0.0,0.0,0.0
CN(C)CCCOc1ccc(CCNC(=O)c2ccc[nH]2)cc1Br,0.0,0.0,0.0,0.0,0.0,0.0,0.0,0.0,0.0,0.0,0.0,0.0,5.87,0.0,0.0,0.0,0.0,0.0,0.0,0.0,0.0,0.0,0.0,0.0,0.0,0.0,0.0
CN(C)CCCOc1ccc(CCNC(=O)c2cccn2C)cc1Br,0.0,0.0,0.0,0.0,0.0,0.0,0.0,0.0,0.0,0.0,0.0,0.0,5.75,0.0,0.0,0.0,0.0,0.0,0.0,0.0,0.0,0.0,0.0,0.0,0.0,0.0,0.0
CN(C)CCCOc1ccc(CN(C)C)cc1,0.0,7.75,0.0,0.0,0.0,0.0,0.0,0.0,0.0,0.0,0.0,0.0,0.0,0.0,0.0,0.0,0.0,0.0,0.0,0.0,0.0,0.0,0.0,0.0,0.0,0.0,0.0
CN(C)CCCOc1ccc(CN2CCCCC2)cc1,0.0,8.52,0.0,0.0,0.0,0.0,0.0,0.0,0.0,0.0,0.0,0.0,0.0,0.0,0.0,0.0,0.0,0.0,0.0,0.0,0.0,0.0,0.0,0.0,0.0,0.0,0.0
CN(C)CCCOc1ccc(Nc2ncnc3ccccc23)c(CN(C)C)c1,0.0,0.0,0.0,0.0,0.0,0.0,0.0,0.0,0.0,0.0,0.0,0.0,7.75,0.0,0.0,0.0,0.0,0.0,0.0,0.0,0.0,0.0,0.0,0.0,0.0,0.0,0.0
CN(C)CCCOc1ccc(OCc2ccccc2Cl)c(CN(C)C)c1,0.0,0.0,0.0,0.0,0.0,0.0,0.0,0.0,0.0,0.0,0.0,0.0,6.87,0.0,0.0,0.0,0.0,0.0,0.0,0.0,0.0,0.0,0.0,0.0,0.0,0.0,0.0
CN(C)CCCOc1ccc(Oc2ncnc3ccccc23)c(C(=O)N(C)C)c1,0.0,0.0,0.0,0.0,0.0,0.0,0.0,0.0,0.0,0.0,0.0,0.0,5.99,0.0,0.0,0.0,0.0,0.0,0.0,0.0,0.0,0.0,0.0,0.0,0.0,0.0,0.0
CN(C)CCCOc1ccc2c(c1)CCNCC2,0.0,0.0,0.0,0.0,0.0,0.0,0.0,0.0,0.0,0.0,7.0,0.0,0.0,0.0,0.0,0.0,0.0,0.0,0.0,0.0,0.0,0.0,0.0,0.0,0.0,0.0,0.0
CN(C)CCCOc1nc2c(s1)CCCC2=O,0.0,0.0,0.0,0.0,0.0,0.0,0.0,0.0,0.0,0.0,0.0,0.0,6.82,0.0,0.0,0.0,0.0,0.0,0.0,0.0,0.0,0.0,0.0,0.0,0.0,0.0,0.0
CN(C)CCCOc1nc2c(s1)CCN(C)C2,0.0,0.0,0.0,0.0,0.0,0.0,0.0,0.0,0.0,0.0,0.0,0.0,6.59,0.0,0.0,0.0,0.0,0.0,0.0,0.0,0.0,0.0,0.0,0.0,0.0,0.0,0.0
CN(C)CCCSc1ncc(C(=NO)c2ccc(Cl)cc2)n1C,0.0,0.0,0.0,0.0,0.0,0.0,0.0,0.0,0.0,0.0,0.0,0.0,8.7,0.0,0.0,0.0,0.0,0.0,0.0,0.0,0.0,0.0,0.0,0.0,0.0,0.0,0.0
CN(C)CCCSc1ncc(C(=O)c2ccc(Cl)cc2)n1C,0.0,0.0,0.0,0.0,0.0,0.0,0.0,0.0,0.0,0.0,0.0,0.0,8.3,0.0,0.0,0.0,0.0,0.0,0.0,0.0,0.0,0.0,0.0,0.0,0.0,0.0,0.0
CN(C)CCCSc1ncc(C(O)c2ccc(Cl)cc2)n1C,0.0,0.0,0.0,0.0,0.0,0.0,0.0,0.0,0.0,0.0,0.0,0.0,7.75,0.0,0.0,0.0,0.0,0.0,0.0,0.0,0.0,0.0,0.0,0.0,0.0,0.0,0.0
CN(C)CCCSc1ncc(Cc2ccc(Cl)cc2)n1C,0.0,0.0,0.0,0.0,0.0,0.0,0.0,0.0,0.0,0.0,0.0,0.0,7.7,0.0,0.0,0.0,0.0,0.0,0.0,0.0,0.0,0.0,0.0,0.0,0.0,0.0,0.0
CN(C)CCCc1nnc(Nc2ccc(Cl)cc2)o1,0.0,0.0,0.0,0.0,0.0,0.0,0.0,0.0,0.0,0.0,0.0,0.0,0.0,0.0,0.0,5.24,0.0,0.0,0.0,0.0,0.0,0.0,0.0,0.0,0.0,0.0,0.0
CN(C)CCCn1nc(Cc2ccc(Cl)cc2)c2ccccc2c1=O,0.0,0.0,0.0,0.0,0.0,6.9,0.0,0.0,0.0,0.0,0.0,0.0,0.0,0.0,0.0,0.0,0.0,0.0,0.0,0.0,0.0,0.0,0.0,0.0,0.0,0.0,0.0
CN(C)CCN(C)c1ccnc(N)n1,0.0,0.0,0.0,0.0,0.0,0.0,0.0,0.0,0.0,0.0,0.0,0.0,0.0,0.0,0.0,6.59,0.0,0.0,0.0,0.0,0.0,0.0,0.0,0.0,0.0,0.0,0.0
CN(C)CCNC(=O)c1cc2cc(Cl)ccc2[nH]1,0.0,5.3,0.0,0.0,0.0,0.0,0.0,0.0,0.0,0.0,0.0,0.0,0.0,0.0,0.0,0.0,0.0,0.0,0.0,0.0,0.0,0.0,0.0,0.0,0.0,0.0,0.0
CN(C)CCNC(=O)c1nc2cc(Cl)ccc2[nH]1,0.0,4.6,0.0,0.0,0.0,0.0,0.0,0.0,0.0,0.0,0.0,0.0,0.0,0.0,0.0,0.0,0.0,0.0,0.0,0.0,0.0,0.0,0.0,0.0,0.0,0.0,0.0
CN(C)CCOc1ccc(CCN(C)C)cc1,0.0,7.4,0.0,0.0,0.0,0.0,0.0,0.0,0.0,0.0,0.0,0.0,0.0,0.0,0.0,0.0,0.0,0.0,0.0,0.0,0.0,0.0,0.0,0.0,0.0,0.0,0.0
CN(C)CCOc1ccc(CCNC(=O)c2cc(Br)c[nH]2)cc1Br,0.0,0.0,0.0,0.0,0.0,0.0,0.0,0.0,0.0,0.0,0.0,0.0,5.79,0.0,0.0,0.0,0.0,0.0,0.0,0.0,0.0,0.0,0.0,0.0,0.0,0.0,0.0
CN(C)CCOc1ccc(CCNC(=O)c2cc(Br)cs2)cc1Br,0.0,0.0,0.0,0.0,0.0,0.0,0.0,0.0,0.0,0.0,0.0,0.0,6.17,0.0,0.0,0.0,0.0,0.0,0.0,0.0,0.0,0.0,0.0,0.0,0.0,0.0,0.0
CN(C)CCOc1ccc(CCNC(=O)c2ccc(Br)o2)cc1Br,0.0,0.0,0.0,0.0,0.0,0.0,0.0,0.0,0.0,0.0,0.0,0.0,5.57,0.0,0.0,0.0,0.0,0.0,0.0,0.0,0.0,0.0,0.0,0.0,0.0,0.0,0.0
CN(C)CCOc1ccc(CCNC(=O)c2ccc[nH]2)cc1Br,0.0,0.0,0.0,0.0,0.0,0.0,0.0,0.0,0.0,0.0,0.0,0.0,5.81,0.0,0.0,0.0,0.0,0.0,0.0,0.0,0.0,0.0,0.0,0.0,0.0,0.0,0.0
CN(C)CCOc1ccc(CCNC(=O)c2cccn2C)cc1Br,0.0,0.0,0.0,0.0,0.0,0.0,0.0,0.0,0.0,0.0,0.0,0.0,5.67,0.0,0.0,0.0,0.0,0.0,0.0,0.0,0.0,0.0,0.0,0.0,0.0,0.0,0.0
CN(C)CCSc1ncc(Cc2ccc(Cl)cc2)n1C,0.0,0.0,0.0,0.0,0.0,0.0,0.0,0.0,0.0,0.0,0.0,0.0,7.15,0.0,0.0,0.0,0.0,0.0,0.0,0.0,0.0,0.0,0.0,0.0,0.0,0.0,0.0
CN(C)CCc1ccc(-c2ccc(CCN(C)C)cc2)cc1,0.0,8.29,0.0,0.0,0.0,0.0,0.0,0.0,0.0,0.0,0.0,0.0,0.0,0.0,0.0,0.0,0.0,0.0,0.0,0.0,0.0,0.0,0.0,0.0,0.0,0.0,0.0
CN(C)CCc1ccc(OCCCN2CCCCC2)cc1,0.0,9.3,0.0,0.0,0.0,0.0,0.0,0.0,0.0,0.0,0.0,0.0,0.0,0.0,0.0,0.0,0.0,0.0,0.0,0.0,0.0,0.0,0.0,0.0,0.0,0.0,0.0
CN(C)CCc1ccc(OCCN2CCCCC2)cc1,0.0,7.85,0.0,0.0,0.0,0.0,0.0,0.0,0.0,0.0,0.0,0.0,0.0,0.0,0.0,0.0,0.0,0.0,0.0,0.0,0.0,0.0,0.0,0.0,0.0,0.0,0.0
CN(C)CCc1ccc2cc(-c3ccc(C#N)cc3)ccc2c1,0.0,0.0,0.0,0.0,0.0,0.0,8.58,0.0,0.0,0.0,0.0,0.0,0.0,0.0,0.0,0.0,0.0,0.0,0.0,0.0,0.0,0.0,0.0,0.0,0.0,0.0,0.0
CN(C)Cc1cc(OCC2CCCN(C)C2)ccc1OCc1ccccc1Cl,0.0,0.0,0.0,0.0,0.0,0.0,0.0,0.0,0.0,0.0,0.0,0.0,6.82,0.0,0.0,0.0,0.0,0.0,0.0,0.0,0.0,0.0,0.0,0.0,0.0,0.0,0.0
CN(C)Cc1cc(OCCCN2CCCCC2)ccc1Nc1ncnc2ccccc12,0.0,0.0,0.0,0.0,0.0,0.0,0.0,0.0,0.0,0.0,0.0,0.0,9.52,0.0,0.0,0.0,0.0,0.0,0.0,0.0,0.0,0.0,0.0,0.0,0.0,0.0,0.0
CN(C)Cc1cc(OCCCN2CCCCC2)ccc1OCc1ccccc1Cl,0.0,0.0,0.0,0.0,0.0,0.0,0.0,0.0,0.0,0.0,0.0,0.0,8.62,0.0,0.0,0.0,0.0,0.0,0.0,0.0,0.0,0.0,0.0,0.0,0.0,0.0,0.0
CN(C)Cc1ccc(-c2ccc(CN(C)C)cc2)cc1,0.0,8.73,0.0,0.0,0.0,0.0,0.0,0.0,0.0,0.0,0.0,0.0,0.0,0.0,0.0,0.0,0.0,0.0,0.0,8.89,0.0,0.0,0.0,0.0,0.0,0.0,0.0
CN(C)Cc1ccc(-c2ccc(CN3CCCCC3)cc2)cc1,0.0,8.66,0.0,0.0,0.0,0.0,0.0,0.0,0.0,0.0,0.0,0.0,0.0,0.0,0.0,0.0,0.0,0.0,0.0,0.0,0.0,0.0,0.0,0.0,0.0,0.0,0.0
CN(C)Cc1ccc(C#CCCN2CCCCC2)cc1,0.0,9.04,0.0,0.0,0.0,0.0,0.0,0.0,0.0,0.0,0.0,0.0,0.0,0.0,0.0,0.0,0.0,0.0,0.0,0.0,0.0,0.0,0.0,0.0,0.0,0.0,0.0
CN(C)c1ccc(C2CN3CCCC3c3cc(OCCCN4CCCCC4)ccc32)cc1,8.8,8.28,0.0,0.0,0.0,0.0,0.0,0.0,0.0,0.0,0.0,0.0,0.0,0.0,0.0,0.0,0.0,0.0,0.0,0.0,0.0,0.0,0.0,0.0,0.0,0.0,0.0
CN(C)c1ccc(N2CCC(Cc3c[nH]cn3)CC2)cc1,0.0,0.0,0.0,0.0,8.85,0.0,0.0,0.0,0.0,0.0,0.0,0.0,0.0,0.0,0.0,0.0,0.0,0.0,0.0,0.0,0.0,0.0,0.0,0.0,0.0,0.0,0.0
CN(C)c1ccc2c(-c3ccc(C(=O)NCCOCCOCCOCCNC(=O)C4CCN(Cc5ccc(OCCCN6CCCCC6)cc5)CC4)cc3C(=O)[O-])c3ccc(=[N+](C)C)cc-3oc2c1,0.0,0.0,0.0,0.0,0.0,0.0,0.0,0.0,0.0,0.0,0.0,0.0,0.0,0.0,0.0,9.8,0.0,0.0,0.0,0.0,0.0,0.0,0.0,0.0,0.0,0.0,0.0
CN(C1CCC(c2ccc(OCCCN3CCCCC3)cc2)CC1)S(=O)(=O)c1ccccc1,0.0,0.0,0.0,0.0,0.0,0.0,0.0,0.0,0.0,0.0,0.0,0.0,0.0,0.0,0.0,8.26,0.0,0.0,0.0,0.0,0.0,0.0,0.0,0.0,0.0,0.0,0.0
CN(CCC=C1c2ccccc2CCc2ccccc21)C(=O)Cc1ccc(OCCCN2CCCCC2)cc1,0.0,0.0,0.0,0.0,0.0,0.0,0.0,0.0,0.0,0.0,0.0,0.0,0.0,0.0,0.0,8.31,0.0,0.0,0.0,0.0,0.0,0.0,0.0,0.0,0.0,0.0,0.0
CN(CCC=C1c2ccccc2CCc2ccccc21)C(=O)c1ccc(OCCCN2CCCCC2)cc1,0.0,0.0,0.0,0.0,0.0,0.0,0.0,0.0,0.0,0.0,0.0,0.0,0.0,0.0,0.0,8.46,0.0,0.0,0.0,0.0,0.0,0.0,0.0,0.0,0.0,0.0,0.0
CN(CCC=C1c2ccccc2CCc2ccccc21)Cc1ccc(OCCCN2CCCCC2)cc1,0.0,0.0,0.0,0.0,0.0,0.0,0.0,0.0,0.0,0.0,0.0,0.0,0.0,0.0,0.0,9.6,0.0,0.0,0.0,0.0,0.0,0.0,0.0,0.0,0.0,0.0,0.0
CN(CCC=C1c2ccccc2Sc2ccc(Cl)cc21)Cc1ccc(OCCCN2CCCCC2)cc1,0.0,0.0,0.0,0.0,0.0,0.0,0.0,0.0,0.0,0.0,0.0,0.0,0.0,0.0,0.0,8.81,0.0,0.0,0.0,0.0,0.0,0.0,0.0,0.0,0.0,0.0,0.0
CN(CCCC12CCC(c3ccccc31)c1ccccc12)Cc1ccc(OCCCN2CCCCC2)cc1,0.0,0.0,0.0,0.0,0.0,0.0,0.0,0.0,0.0,0.0,0.0,0.0,0.0,0.0,0.0,9.45,0.0,0.0,0.0,0.0,0.0,0.0,0.0,0.0,0.0,0.0,0.0
CN(CCCCc1c[nH]cn1)CCC(c1ccc(Cl)cc1)c1ccccn1,0.0,0.0,0.0,0.0,0.0,0.0,0.0,0.0,0.0,0.0,0.0,0.0,7.82,0.0,0.0,0.0,0.0,0.0,0.0,0.0,0.0,0.0,0.0,0.0,0.0,0.0,0.0
CN(CCCCc1ccc(OCCCN2CCCCCC2)cc1)CCn1nc(Cc2ccc(Cl)cc2)c2ccccc2c1=O,0.0,0.0,0.0,0.0,0.0,8.1,0.0,0.0,0.0,0.0,0.0,0.0,0.0,0.0,0.0,0.0,0.0,0.0,0.0,0.0,0.0,0.0,0.0,0.0,0.0,0.0,0.0
CN(CCCN)c1ccnc(N)n1,0.0,0.0,0.0,0.0,0.0,0.0,0.0,0.0,0.0,0.0,0.0,0.0,0.0,0.0,0.0,6.5,0.0,0.0,0.0,0.0,0.0,0.0,0.0,0.0,0.0,0.0,0.0
CN(CCCN1c2ccccc2Sc2ccc(Cl)cc21)Cc1ccc(OCCCN2CCCCC2)cc1,0.0,0.0,0.0,0.0,0.0,0.0,0.0,0.0,0.0,0.0,0.0,0.0,0.0,0.0,0.0,8.92,0.0,0.0,0.0,0.0,0.0,0.0,0.0,0.0,0.0,0.0,0.0
CN(CCCc1cccc(F)c1)C1C2C3CC4C2C(=O)C2C4C3C21,0.0,0.0,0.0,0.0,0.0,0.0,0.0,0.0,0.0,0.0,0.0,0.0,5.69,0.0,0.0,0.0,0.0,0.0,0.0,0.0,0.0,0.0,0.0,0.0,0.0,0.0,0.0
CN(CCO)C1CCN(C(=O)c2ccc(Cn3c(-c4ccccc4)nc4ccccc43)cc2)C1,0.0,0.0,0.0,0.0,0.0,0.0,0.0,0.0,0.0,0.0,0.0,0.0,0.0,0.0,0.0,0.0,0.0,0.0,0.0,0.0,0.0,0.0,0.0,0.0,0.0,0.0,5.92
CN(CCc1ccc2cc(-c3ccc(C#N)cc3)ccc2c1)C(C)(C)C,0.0,0.0,0.0,0.0,0.0,0.0,8.96,0.0,0.0,0.0,0.0,0.0,0.0,0.0,0.0,0.0,0.0,0.0,0.0,0.0,0.0,0.0,0.0,0.0,0.0,0.0,0.0
CN(Cc1ccc(-c2ccc(CN(C)C3CCCCC3)cc2)cc1)C1CCCCC1,0.0,7.43,0.0,0.0,0.0,0.0,0.0,0.0,0.0,0.0,0.0,0.0,0.0,0.0,0.0,0.0,0.0,0.0,0.0,0.0,0.0,0.0,0.0,0.0,0.0,0.0,0.0
CN(Cc1ccc(-c2ccc(CN3CCCCC3)cc2)cc1)C1CCCCC1,0.0,8.56,0.0,0.0,0.0,0.0,0.0,0.0,0.0,0.0,0.0,0.0,0.0,0.0,0.0,0.0,0.0,0.0,0.0,0.0,0.0,0.0,0.0,0.0,0.0,0.0,0.0
CN(Cc1ccc(-c2ccccc2)cc1)C(=O)N1CCCC1CN1CCCC1,0.0,0.0,0.0,0.0,0.0,0.0,0.0,0.0,0.0,0.0,0.0,0.0,6.55,0.0,0.0,0.0,0.0,0.0,0.0,0.0,0.0,0.0,0.0,0.0,6.55,0.0,0.0
CN(Cc1ccccc1)Cc1ccc(-c2ccc(CN3CCCCC3)cc2)cc1,0.0,8.17,0.0,0.0,0.0,0.0,0.0,0.0,0.0,0.0,0.0,0.0,0.0,0.0,0.0,0.0,0.0,0.0,0.0,0.0,0.0,0.0,0.0,0.0,0.0,0.0,0.0
CN1CC(Oc2ccc(F)cc2)CC1C(=O)N1CCCN(C2CCC2)CC1,0.0,0.0,0.0,0.0,0.0,0.0,0.0,0.0,0.0,0.0,0.0,0.0,8.74,0.0,0.0,0.0,0.0,0.0,0.0,0.0,0.0,0.0,0.0,0.0,0.0,0.0,0.0
CN1CC23CCC4C(CC=C5CC(N(C)C)CCC54C)C2CCC3C1=O,0.0,0.0,0.0,0.0,0.0,0.0,6.26,0.0,0.0,0.0,0.0,0.0,0.0,0.0,0.0,0.0,0.0,0.0,0.0,0.0,0.0,0.0,0.0,0.0,0.0,0.0,0.0
CN1CC2CCC3c4ccc(-c5ccc(C#N)cc5)cc4CCC23C1,0.0,0.0,0.0,0.0,0.0,0.0,7.84,0.0,0.0,0.0,0.0,0.0,0.0,0.0,0.0,0.0,0.0,0.0,0.0,0.0,0.0,0.0,0.0,0.0,0.0,0.0,0.0
CN1CC2CCN(c3ccc(-c4ccc(-n5ncccc5=O)cc4)cc3)C2C1,0.0,0.0,0.0,0.0,0.0,0.0,0.0,0.0,0.0,0.0,0.0,0.0,0.0,0.0,8.72,0.0,0.0,0.0,0.0,0.0,0.0,8.72,0.0,8.7,0.0,0.0,0.0
CN1CC2CCN(c3ccc(-c4ccc(Br)cc4)cc3)C2C1,0.0,0.0,0.0,0.0,0.0,0.0,7.91,0.0,0.0,0.0,0.0,0.0,0.0,0.0,0.0,0.0,0.0,0.0,0.0,0.0,0.0,0.0,0.0,0.0,0.0,0.0,0.0
CN1CC2CCN(c3ccc(-c4ccc(C#N)cc4)cc3)C2C1,0.0,0.0,0.0,0.0,0.0,0.0,9.27,0.0,0.0,0.0,0.0,0.0,0.0,0.0,0.0,0.0,0.0,0.0,0.0,0.0,0.0,0.0,0.0,0.0,0.0,0.0,0.0
CN1CC2CCN(c3ccc(-c4ccc(F)cc4)cc3)C2C1,0.0,0.0,0.0,0.0,0.0,0.0,7.97,0.0,0.0,0.0,0.0,0.0,0.0,0.0,0.0,0.0,0.0,0.0,0.0,0.0,0.0,0.0,0.0,0.0,0.0,0.0,0.0
CN1CC2CCN(c3ccc(-c4cccc(C#N)c4)cc3)C2C1,0.0,0.0,0.0,0.0,0.0,0.0,8.31,0.0,0.0,0.0,0.0,0.0,0.0,0.0,0.0,0.0,0.0,0.0,0.0,0.0,0.0,0.0,0.0,0.0,0.0,0.0,0.0
CN1CC2CCN(c3ccc(-c4ccccc4)cc3)C2C1,0.0,0.0,0.0,0.0,0.0,0.0,7.88,0.0,0.0,0.0,0.0,0.0,0.0,0.0,0.0,0.0,0.0,0.0,0.0,0.0,0.0,0.0,0.0,0.0,0.0,0.0,0.0
CN1CC2CCN(c3ccc(Br)cc3)C2C1,0.0,0.0,0.0,0.0,0.0,0.0,7.0,0.0,0.0,0.0,0.0,0.0,0.0,0.0,0.0,0.0,0.0,0.0,0.0,0.0,0.0,0.0,0.0,0.0,0.0,0.0,0.0
CN1CC2CCN(c3ccc(Cc4ccccc4)cc3)C2C1,0.0,0.0,0.0,0.0,0.0,0.0,7.58,0.0,0.0,0.0,0.0,0.0,0.0,0.0,0.0,0.0,0.0,0.0,0.0,0.0,0.0,0.0,0.0,0.0,0.0,0.0,0.0
CN1CC2CCN(c3ccc(Oc4ccccc4)cc3)C2C1,0.0,0.0,0.0,0.0,0.0,0.0,7.6,0.0,0.0,0.0,0.0,0.0,0.0,0.0,0.0,0.0,0.0,0.0,0.0,0.0,0.0,0.0,0.0,0.0,0.0,0.0,0.0
CN1CC2CCN(c3ccc4cc(-c5ccc(C#N)cc5)ccc4c3)C2C1,0.0,0.0,0.0,0.0,0.0,0.0,8.38,0.0,0.0,0.0,0.0,0.0,0.0,0.0,0.0,0.0,0.0,0.0,0.0,0.0,0.0,0.0,0.0,0.0,0.0,0.0,0.0
CN1CC2CCN(c3ccc4cc(-c5ccc(F)cc5)ccc4c3)C2C1,0.0,0.0,0.0,0.0,0.0,0.0,7.69,0.0,0.0,0.0,0.0,0.0,0.0,0.0,0.0,0.0,0.0,0.0,0.0,0.0,0.0,0.0,0.0,0.0,0.0,0.0,0.0
CN1CC2CCN(c3ccc4cc(Br)ccc4c3)C2C1,0.0,0.0,0.0,0.0,0.0,0.0,6.74,0.0,0.0,0.0,0.0,0.0,0.0,0.0,0.0,0.0,0.0,0.0,0.0,0.0,0.0,0.0,0.0,0.0,0.0,0.0,0.0
CN1CC2CCN(c3cccc(-c4ccccc4)c3)C2C1,0.0,0.0,0.0,0.0,0.0,0.0,6.29,0.0,0.0,0.0,0.0,0.0,0.0,0.0,0.0,0.0,0.0,0.0,0.0,0.0,0.0,0.0,0.0,0.0,0.0,0.0,0.0
CN1CC2CN(C(=N)c3nc4cc(F)c(F)cc4[nH]3)CC2C1,0.0,0.0,0.0,0.0,0.0,0.0,0.0,0.0,0.0,0.0,0.0,0.0,5.51,0.0,0.0,0.0,0.0,0.0,0.0,0.0,0.0,0.0,0.0,0.0,0.0,0.0,0.0
CN1CC2CN(C(=N)c3nc4cc(F)ccc4[nH]3)CC2C1,0.0,0.0,0.0,0.0,0.0,0.0,0.0,0.0,0.0,0.0,0.0,0.0,5.92,0.0,0.0,0.0,0.0,0.0,0.0,0.0,0.0,0.0,0.0,0.0,0.0,0.0,0.0
CN1CC2CN(C(=N)c3nc4ccccc4[nH]3)CC2C1,0.0,0.0,0.0,0.0,0.0,0.0,0.0,0.0,0.0,0.0,0.0,0.0,5.42,0.0,0.0,0.0,0.0,0.0,0.0,0.0,0.0,0.0,0.0,0.0,0.0,0.0,0.0
CN1CC2CN(C(=O)c3cc4cc(Cl)ccc4[nH]3)CC2C1,0.0,0.0,0.0,0.0,0.0,0.0,0.0,0.0,0.0,0.0,0.0,0.0,5.06,0.0,0.0,0.0,0.0,0.0,0.0,0.0,0.0,0.0,0.0,0.0,0.0,0.0,0.0
CN1CC2CN(C(=O)c3nc4cc(F)c(F)cc4[nH]3)CC2C1,0.0,0.0,0.0,0.0,0.0,0.0,0.0,0.0,0.0,0.0,0.0,0.0,4.75,0.0,0.0,0.0,0.0,0.0,0.0,0.0,0.0,0.0,0.0,0.0,0.0,0.0,0.0
CN1CC2CN(C(=O)c3nc4cc(F)ccc4[nH]3)CC2C1,0.0,0.0,0.0,0.0,0.0,0.0,0.0,0.0,0.0,0.0,0.0,0.0,4.81,0.0,0.0,0.0,0.0,0.0,0.0,0.0,0.0,0.0,0.0,0.0,0.0,0.0,0.0
CN1CC2CN(c3ccc(-c4ccc(C#N)cc4)cc3)C2C1,0.0,0.0,0.0,0.0,0.0,0.0,7.8,0.0,0.0,0.0,0.0,0.0,0.0,0.0,0.0,0.0,0.0,0.0,0.0,0.0,0.0,0.0,0.0,0.0,0.0,0.0,0.0
CN1CC2CN(c3ccc(-c4ccc(C#N)cc4)cc3)CC21,0.0,0.0,0.0,0.0,0.0,0.0,7.05,0.0,0.0,0.0,0.0,0.0,0.0,0.0,0.0,0.0,0.0,0.0,0.0,0.0,0.0,0.0,0.0,0.0,0.0,0.0,0.0
CN1CCC(=Cc2c[nH]cn2)CC1,0.0,8.2,0.0,0.0,0.0,0.0,0.0,0.0,0.0,0.0,0.0,0.0,0.0,0.0,0.0,0.0,0.0,0.0,0.0,0.0,0.0,0.0,0.0,0.0,0.0,0.0,0.0
CN1CCC(C(=O)c2cc3cc(Cl)ccc3[nH]2)CC1,0.0,5.5,0.0,0.0,0.0,0.0,0.0,0.0,0.0,0.0,0.0,0.0,0.0,0.0,0.0,0.0,0.0,0.0,0.0,0.0,0.0,0.0,0.0,0.0,0.0,0.0,0.0
CN1CCC(C(O)c2cc3cc(Cl)ccc3[nH]2)CC1,0.0,5.8,0.0,0.0,0.0,0.0,0.0,0.0,0.0,0.0,0.0,0.0,0.0,0.0,0.0,0.0,0.0,0.0,0.0,0.0,0.0,0.0,0.0,0.0,0.0,0.0,0.0
CN1CCC(CCc2c[nH]cn2)CC1,0.0,7.3,0.0,0.0,0.0,0.0,0.0,0.0,0.0,0.0,0.0,0.0,0.0,0.0,0.0,0.0,0.0,0.0,0.0,0.0,0.0,0.0,0.0,0.0,0.0,0.0,0.0
CN1CCC(Cc2c[nH]cn2)CC1,0.0,9.0,0.0,0.0,9.0,0.0,0.0,0.0,0.0,0.0,0.0,0.0,0.0,0.0,0.0,0.0,0.0,0.0,0.0,0.0,0.0,0.0,0.0,0.0,0.0,0.0,0.0
CN1CCC(Oc2ccc(C#N)cc2)CC1,0.0,0.0,0.0,0.0,0.0,0.0,0.0,0.0,0.0,0.0,0.0,0.0,5.37,0.0,0.0,0.0,0.0,0.0,0.0,0.0,0.0,0.0,0.0,0.0,0.0,0.0,0.0
CN1CCC(c2ccc3c(c2)CCN3S(=O)(=O)c2ccccc2)CC1,0.0,0.0,0.0,0.0,0.0,0.0,0.0,0.0,0.0,0.0,0.0,0.0,0.0,0.0,0.0,0.0,6.52,0.0,0.0,0.0,0.0,0.0,0.0,0.0,0.0,0.0,0.0
CN1CCC(n2nc(Cc3ccc(Cl)cc3)c3ccccc3c2=O)CC1,0.0,0.0,0.0,0.0,0.0,6.9,0.0,0.0,0.0,0.0,0.0,0.0,0.0,0.0,0.0,0.0,0.0,0.0,0.0,0.0,0.0,0.0,0.0,0.0,0.0,0.0,0.0
CN1CCC2CC(=O)C(Cc3ccccc3)C3CCCC1C23,0.0,0.0,0.0,0.0,0.0,0.0,0.0,0.0,0.0,0.0,0.0,0.0,0.0,0.0,0.0,6.09,0.0,0.0,0.0,0.0,0.0,0.0,0.0,0.0,0.0,0.0,0.0
CN1CCC2CN(c3ccc(-c4ccc(C#N)cc4)cc3)CC21,0.0,0.0,0.0,0.0,0.0,0.0,7.21,0.0,0.0,0.0,0.0,0.0,0.0,0.0,0.0,0.0,0.0,0.0,0.0,0.0,0.0,0.0,0.0,0.0,0.0,0.0,0.0
CN1CCCC(COc2ccc(CCNC(=O)c3cc(Br)c[nH]3)cc2Br)C1,0.0,0.0,0.0,0.0,0.0,0.0,0.0,0.0,0.0,0.0,0.0,0.0,5.88,0.0,0.0,0.0,0.0,0.0,0.0,0.0,0.0,0.0,0.0,0.0,0.0,0.0,0.0
CN1CCCC(COc2ccc(CCNC(=O)c3cc(Br)cs3)cc2Br)C1,0.0,0.0,0.0,0.0,0.0,0.0,0.0,0.0,0.0,0.0,0.0,0.0,5.9,0.0,0.0,0.0,0.0,0.0,0.0,0.0,0.0,0.0,0.0,0.0,0.0,0.0,0.0
CN1CCCC(COc2ccc(CCNC(=O)c3ccc(Br)o3)cc2Br)C1,0.0,0.0,0.0,0.0,0.0,0.0,0.0,0.0,0.0,0.0,0.0,0.0,5.68,0.0,0.0,0.0,0.0,0.0,0.0,0.0,0.0,0.0,0.0,0.0,0.0,0.0,0.0
CN1CCCC(COc2ccc(CCNC(=O)c3ccc[nH]3)cc2Br)C1,0.0,0.0,0.0,0.0,0.0,0.0,0.0,0.0,0.0,0.0,0.0,0.0,5.82,0.0,0.0,0.0,0.0,0.0,0.0,0.0,0.0,0.0,0.0,0.0,0.0,0.0,0.0
CN1CCCC(COc2ccc(CCNC(=O)c3cccn3C)cc2Br)C1,0.0,0.0,0.0,0.0,0.0,0.0,0.0,0.0,0.0,0.0,0.0,0.0,5.78,0.0,0.0,0.0,0.0,0.0,0.0,0.0,0.0,0.0,0.0,0.0,0.0,0.0,0.0
CN1CCCC(n2nc(Cc3ccc(Cl)cc3)c3ccccc3c2=O)CC1,0.0,0.0,0.0,0.0,0.0,6.8,0.0,0.0,0.0,0.0,0.0,0.0,0.0,0.0,0.0,0.0,0.0,0.0,0.0,0.0,0.0,0.0,0.0,0.0,0.0,0.0,0.0
CN1CCCC1CCn1nc(Cc2ccc(Cl)cc2)c2ccccc2c1=O,0.0,0.0,0.0,0.0,0.0,7.1,0.0,0.0,0.0,0.0,0.0,0.0,0.0,0.0,0.0,0.0,0.0,0.0,0.0,0.0,0.0,0.0,0.0,0.0,0.0,0.0,0.0
CN1CCCC1Cn1nc(CC2CCCCC2)c2ccccc2c1=O,0.0,0.0,0.0,0.0,0.0,6.7,0.0,0.0,0.0,0.0,0.0,0.0,0.0,0.0,0.0,0.0,0.0,0.0,0.0,0.0,0.0,0.0,0.0,0.0,0.0,0.0,0.0
CN1CCCC1Cn1nc(Cc2ccc(Cl)cc2)c2ccccc2c1=O,0.0,0.0,0.0,0.0,0.0,6.4,0.0,0.0,0.0,0.0,0.0,0.0,0.0,0.0,0.0,0.0,0.0,0.0,0.0,0.0,0.0,0.0,0.0,0.0,0.0,0.0,0.0
CN1CCCC1Cn1nc(Cc2ccc(Cl)cc2)c2cccnc2c1=O,0.0,0.0,0.0,0.0,0.0,6.6,0.0,0.0,0.0,0.0,0.0,0.0,0.0,0.0,0.0,0.0,0.0,0.0,0.0,0.0,0.0,0.0,0.0,0.0,0.0,0.0,0.0
CN1CCCC1Cn1nc(Cc2ccc(Cl)cc2)c2ccncc2c1=O,0.0,0.0,0.0,0.0,0.0,6.4,0.0,0.0,0.0,0.0,0.0,0.0,0.0,0.0,0.0,0.0,0.0,0.0,0.0,0.0,0.0,0.0,0.0,0.0,0.0,0.0,0.0
CN1CCCC1Cn1nc(Cc2ccc(Cl)cc2)c2cnccc2c1=O,0.0,0.0,0.0,0.0,0.0,6.4,0.0,0.0,0.0,0.0,0.0,0.0,0.0,0.0,0.0,0.0,0.0,0.0,0.0,0.0,0.0,0.0,0.0,0.0,0.0,0.0,0.0
CN1CCCC1Cn1nc(Cc2ccc(Cl)cc2)c2ncccc2c1=O,0.0,0.0,0.0,0.0,0.0,6.5,0.0,0.0,0.0,0.0,0.0,0.0,0.0,0.0,0.0,0.0,0.0,0.0,0.0,0.0,0.0,0.0,0.0,0.0,0.0,0.0,0.0
CN1CCCC1Cn1nc(Cc2ccc(Cl)cc2)c2nccnc2c1=O,0.0,0.0,0.0,0.0,0.0,6.2,0.0,0.0,0.0,0.0,0.0,0.0,0.0,0.0,0.0,0.0,0.0,0.0,0.0,0.0,0.0,0.0,0.0,0.0,0.0,0.0,0.0
CN1CCCC1Cn1nc(Cc2ccc(O)cc2)c2ccccc2c1=O,0.0,0.0,0.0,0.0,0.0,6.6,0.0,0.0,0.0,0.0,0.0,0.0,0.0,0.0,0.0,0.0,0.0,0.0,0.0,0.0,0.0,0.0,0.0,0.0,0.0,0.0,0.0
CN1CCCC1Cn1nc(Cc2cccc(F)c2)c2ccccc2c1=O,0.0,0.0,0.0,0.0,0.0,6.7,0.0,0.0,0.0,0.0,0.0,0.0,0.0,0.0,0.0,0.0,0.0,0.0,0.0,0.0,0.0,0.0,0.0,0.0,0.0,0.0,0.0
CN1CCCC2C3CCC4CC(OC(=O)CCN5CCCC5)CCC4(C)C3CCC21C,0.0,0.0,0.0,0.0,0.0,0.0,0.0,0.0,0.0,0.0,0.0,0.0,0.0,0.0,0.0,0.0,8.0,0.0,0.0,0.0,0.0,0.0,0.0,0.0,0.0,0.0,0.0
CN1CCCN(C(=O)c2ccc(Oc3ccc(F)cc3)nc2)CC1,0.0,6.07,0.0,0.0,0.0,0.0,0.0,0.0,0.0,0.0,0.0,0.0,0.0,0.0,0.0,0.0,0.0,0.0,0.0,0.0,0.0,0.0,0.0,0.0,0.0,0.0,0.0
CN1CCCN(c2ccnc(NCC(C)(C)C)n2)CC1,0.0,0.0,0.0,0.0,0.0,0.0,0.0,0.0,0.0,0.0,0.0,0.0,0.0,5.62,0.0,0.0,0.0,0.0,0.0,0.0,0.0,0.0,0.0,0.0,0.0,0.0,0.0
CN1CCN(C(=O)C2CC23CCN(C2CCOCC2)CC3)CC1,0.0,0.0,0.0,0.0,0.0,0.0,0.0,0.0,0.0,0.0,0.0,0.0,0.0,0.0,0.0,0.0,5.89,0.0,0.0,0.0,0.0,0.0,0.0,0.0,0.0,0.0,0.0
CN1CCN(C(=O)c2cc3cc(Br)ccc3[nH]2)CC1,0.0,5.5,0.0,0.0,0.0,0.0,0.0,0.0,0.0,0.0,0.0,0.0,0.0,0.0,0.0,0.0,0.0,0.0,0.0,0.0,0.0,0.0,0.0,0.0,0.0,0.0,0.0
CN1CCN(C(=O)c2cc3cc(Cl)ccc3[nH]2)CC1,0.0,5.7,0.0,0.0,0.0,0.0,0.0,0.0,0.0,0.0,0.0,0.0,5.29,0.0,0.0,5.3,0.0,0.0,0.0,0.0,0.0,0.0,0.0,0.0,0.0,0.0,0.0
CN1CCN(C(=O)c2cc3cc(I)ccc3[nH]2)CC1,0.0,5.6,0.0,0.0,0.0,0.0,0.0,0.0,0.0,0.0,0.0,0.0,0.0,0.0,0.0,0.0,0.0,0.0,0.0,0.0,0.0,0.0,0.0,0.0,0.0,0.0,0.0
CN1CCN(C(=O)c2cc3cccnc3[nH]2)CC1,0.0,0.0,0.0,0.0,0.0,0.0,0.0,0.0,0.0,0.0,0.0,0.0,4.44,0.0,0.0,0.0,0.0,0.0,0.0,0.0,0.0,0.0,0.0,0.0,0.0,0.0,0.0
CN1CCN(C(=O)c2ccc(CN3CCCCC3)cc2)CC1,0.0,7.62,0.0,0.0,0.0,0.0,0.0,0.0,0.0,0.0,0.0,0.0,0.0,0.0,0.0,0.0,0.0,0.0,0.0,0.0,0.0,0.0,0.0,0.0,0.0,0.0,0.0
CN1CCN(C(=O)c2ccc(CN3CCOCC3)cc2)CC1,0.0,7.66,0.0,0.0,0.0,0.0,0.0,0.0,0.0,0.0,0.0,0.0,0.0,0.0,0.0,0.0,0.0,0.0,0.0,0.0,0.0,0.0,0.0,0.0,0.0,0.0,0.0
CN1CCN(C(=O)c2cn3cc(Cl)ccc3n2)CC1,0.0,0.0,0.0,0.0,0.0,0.0,0.0,0.0,0.0,0.0,0.0,0.0,4.54,0.0,0.0,0.0,0.0,0.0,0.0,0.0,0.0,0.0,0.0,0.0,0.0,0.0,0.0
CN1CCN(C(=O)c2nc3ccc(Cl)cc3[nH]2)CC1,0.0,5.4,0.0,0.0,0.0,0.0,0.0,0.0,0.0,0.0,0.0,0.0,4.85,0.0,0.0,0.0,0.0,0.0,0.0,0.0,0.0,0.0,0.0,0.0,0.0,0.0,0.0
CN1CCN(C2=Nc3cc(Cl)ccc3Nc3ccccc32)CC1,0.0,0.0,0.0,0.0,0.0,0.0,0.0,0.0,0.0,0.0,0.0,0.0,0.0,0.0,0.0,0.0,0.0,0.0,0.0,0.0,0.0,0.0,0.0,0.0,6.2,0.0,0.0
CN1CCN(C2=Nc3ccc(Cl)cc3Oc3ccccc32)CC1,0.0,5.04,0.0,0.0,0.0,0.0,0.0,0.0,0.0,0.0,0.0,0.0,0.0,0.0,0.0,0.0,0.0,0.0,0.0,0.0,0.0,0.0,0.0,0.0,0.0,0.0,0.0
CN1CCN(C2CCC(c3ccc(OCCCN4CCCCC4)cc3)CC2)CC1,0.0,0.0,0.0,0.0,0.0,0.0,0.0,0.0,0.0,0.0,0.0,0.0,0.0,0.0,0.0,9.49,0.0,0.0,0.0,0.0,0.0,0.0,0.0,0.0,0.0,0.0,0.0
CN1CCN(CC2Cc3cc(-c4ccccc4)ccc3O2)CC1,0.0,0.0,0.0,0.0,0.0,0.0,0.0,0.0,0.0,0.0,0.0,0.0,0.0,0.0,0.0,0.0,0.0,0.0,7.4,0.0,0.0,0.0,0.0,0.0,0.0,0.0,0.0
CN1CCN(CC2Cc3cc(C(C)(C)C)ccc3O2)CC1,0.0,0.0,0.0,0.0,0.0,0.0,0.0,0.0,0.0,0.0,0.0,0.0,0.0,0.0,0.0,0.0,0.0,0.0,6.1,0.0,0.0,0.0,0.0,0.0,0.0,0.0,0.0
CN1CCN(CC2Cc3cc(Cl)ccc3O2)CC1,0.0,0.0,0.0,0.0,0.0,0.0,0.0,0.0,0.0,0.0,0.0,0.0,0.0,0.0,0.0,0.0,0.0,0.0,6.1,0.0,0.0,0.0,0.0,0.0,0.0,0.0,0.0
CN1CCN(CCC#Cc2ccc(CN3CCCCC3)cc2)CC1,0.0,8.28,0.0,0.0,0.0,0.0,0.0,0.0,0.0,0.0,0.0,0.0,0.0,0.0,0.0,0.0,0.0,0.0,0.0,0.0,0.0,0.0,0.0,0.0,0.0,0.0,0.0
CN1CCN(CCCOC(=O)c2cc3ccccc3o2)CC1,0.0,0.0,0.0,0.0,0.0,0.0,0.0,0.0,0.0,0.0,0.0,0.0,5.48,0.0,0.0,0.0,0.0,0.0,0.0,0.0,0.0,0.0,0.0,0.0,0.0,0.0,0.0
CN1CCN(CCCOC(=O)c2ccc3ccccc3c2)CC1,0.0,0.0,0.0,0.0,0.0,0.0,0.0,0.0,0.0,0.0,0.0,0.0,5.96,0.0,0.0,0.0,0.0,0.0,0.0,0.0,0.0,0.0,0.0,0.0,0.0,0.0,0.0
CN1CCN(CCCOC(=O)c2cccc3ccccc23)CC1,0.0,0.0,0.0,0.0,0.0,0.0,0.0,0.0,0.0,0.0,0.0,0.0,5.43,0.0,0.0,0.0,0.0,0.0,0.0,0.0,0.0,0.0,0.0,0.0,0.0,0.0,0.0
CN1CCN(CCCOc2ccc3ccccc3c2)CC1,0.0,0.0,0.0,0.0,0.0,0.0,0.0,0.0,0.0,0.0,0.0,0.0,5.55,0.0,0.0,0.0,0.0,0.0,0.0,0.0,0.0,0.0,0.0,0.0,0.0,0.0,0.0
CN1CCN(CCCn2cc(CC3CCCCC3)nn2)CC1,0.0,0.0,0.0,0.0,0.0,0.0,0.0,0.0,0.0,0.0,0.0,0.0,0.0,0.0,0.0,6.1,0.0,0.0,0.0,0.0,0.0,0.0,0.0,0.0,0.0,0.0,0.0
CN1CCN(CCOC(=O)c2ccc3ccccc3c2)CC1,0.0,0.0,0.0,0.0,0.0,0.0,0.0,0.0,0.0,0.0,0.0,0.0,5.66,0.0,0.0,0.0,0.0,0.0,0.0,0.0,0.0,0.0,0.0,0.0,0.0,0.0,0.0
CN1CCN(CCc2ccc(OCCCN3CCC(c4noc5cc(F)ccc45)CC3)cc2)CC1,0.0,0.0,0.0,0.0,0.0,0.0,0.0,0.0,0.0,0.0,0.0,0.0,6.57,0.0,0.0,0.0,0.0,0.0,0.0,0.0,0.0,0.0,0.0,0.0,0.0,0.0,0.0
CN1CCN(Cc2ccc(C#CCCN3CCCCC3)cc2)CC1,0.0,9.01,0.0,0.0,0.0,0.0,0.0,0.0,0.0,0.0,0.0,0.0,0.0,0.0,0.0,0.0,0.0,0.0,0.0,0.0,0.0,0.0,0.0,0.0,0.0,0.0,0.0
CN1CCN(Cc2ccc(OCCCCN3CCC(c4noc5cc(F)ccc45)CC3)cc2)CC1,0.0,0.0,0.0,0.0,0.0,0.0,0.0,0.0,0.0,0.0,0.0,0.0,8.04,0.0,0.0,0.0,0.0,0.0,0.0,0.0,0.0,0.0,0.0,0.0,0.0,0.0,0.0
CN1CCN(Cc2ccc(OCCCN3CCC(c4noc5cc(F)ccc45)CC3)cc2)CC1,0.0,0.0,0.0,0.0,0.0,0.0,0.0,0.0,0.0,0.0,0.0,0.0,8.09,0.0,0.0,0.0,0.0,0.0,0.0,0.0,0.0,0.0,0.0,0.0,0.0,0.0,0.0
CN1CCN(Cc2cccc(C#CCCN3CCCCC3)c2)CC1,0.0,9.14,0.0,0.0,0.0,0.0,0.0,0.0,0.0,0.0,0.0,0.0,0.0,0.0,0.0,0.0,0.0,0.0,0.0,0.0,0.0,0.0,0.0,0.0,0.0,0.0,0.0
CN1CCN(Cc2cn(CCCc3c[nH]cn3)nn2)CC1,0.0,0.0,0.0,0.0,0.0,0.0,0.0,0.0,0.0,0.0,0.0,0.0,0.0,0.0,0.0,5.57,0.0,0.0,0.0,0.0,0.0,0.0,0.0,0.0,0.0,0.0,0.0
CN1CCN(c2cc(-c3ccc(C#N)cc3)nc(N)n2)CC1,0.0,0.0,0.0,0.0,0.0,0.0,0.0,0.0,0.0,0.0,0.0,0.0,5.89,0.0,0.0,0.0,0.0,0.0,0.0,0.0,0.0,0.0,0.0,0.0,0.0,0.0,0.0
CN1CCN(c2cc(-c3ccccc3)nc(NCc3ccccc3)n2)CC1,0.0,0.0,0.0,0.0,0.0,0.0,0.0,0.0,0.0,0.0,0.0,0.0,0.0,5.6,0.0,0.0,0.0,0.0,0.0,0.0,0.0,0.0,0.0,0.0,0.0,0.0,0.0
CN1CCN(c2cc(NCC(C)(C)C)ncn2)CC1,0.0,0.0,0.0,0.0,0.0,0.0,0.0,0.0,0.0,0.0,0.0,0.0,0.0,0.0,0.0,0.0,0.0,0.0,0.0,0.0,0.0,0.0,0.0,0.0,6.08,0.0,0.0
CN1CCN(c2cc(NCc3c(Cl)cccc3Cl)nc(N)n2)CC1,0.0,0.0,0.0,0.0,0.0,0.0,0.0,0.0,0.0,0.0,0.0,0.0,0.0,6.29,0.0,0.0,0.0,0.0,0.0,0.0,0.0,0.0,0.0,0.0,0.0,0.0,0.0
CN1CCN(c2cc(NCc3ccc(F)cc3)nc(N)n2)CC1,0.0,0.0,0.0,0.0,0.0,0.0,0.0,0.0,0.0,0.0,0.0,0.0,0.0,6.49,0.0,0.0,0.0,0.0,0.0,0.0,0.0,0.0,0.0,0.0,0.0,0.0,0.0
CN1CCN(c2cc(NCc3ccccc3Cl)nc(N)n2)CC1,0.0,0.0,0.0,0.0,0.0,0.0,0.0,0.0,0.0,0.0,0.0,0.0,0.0,6.46,0.0,0.0,0.0,0.0,0.0,0.0,0.0,0.0,0.0,0.0,0.0,0.0,0.0
CN1CCN(c2ccc(-c3ccc(OCCCN4CCCCC4)cc3)cc2)CC1,0.0,0.0,0.0,0.0,9.64,0.0,0.0,0.0,0.0,0.0,0.0,0.0,0.0,0.0,0.0,0.0,0.0,0.0,0.0,0.0,0.0,0.0,0.0,0.0,0.0,0.0,0.0
CN1CCN(c2ccc(Oc3ccc4c(c3)CCN(C3CCC3)CC4)nc2)C1=O,0.0,0.0,0.0,0.0,0.0,0.0,0.0,0.0,0.0,0.0,10.0,0.0,0.0,0.0,0.0,0.0,0.0,0.0,0.0,0.0,0.0,0.0,0.0,0.0,0.0,0.0,0.0
CN1CCN(c2ccc3c(c2)CN(C(=O)OCc2ccccc2)C3)CC1,0.0,0.0,0.0,0.0,0.0,0.0,0.0,0.0,0.0,0.0,0.0,0.0,0.0,0.0,0.0,0.0,0.0,0.0,0.0,0.0,0.0,6.32,0.0,0.0,0.0,0.0,0.0
CN1CCN(c2ccc3ccccc3n2)CC1,0.0,0.0,0.0,0.0,0.0,0.0,0.0,0.0,0.0,0.0,0.0,0.0,0.0,0.0,0.0,0.0,0.0,0.0,0.0,0.0,0.0,0.0,0.0,0.0,6.39,0.0,0.0
CN1CCN(c2ccnc(NCC(C)(C)C)n2)CC1,0.0,0.0,0.0,0.0,0.0,0.0,0.0,0.0,0.0,0.0,0.0,0.0,0.0,5.26,0.0,0.0,0.0,0.0,0.0,0.0,0.0,0.0,0.0,0.0,0.0,0.0,0.0
CN1CCN(c2ccnc(NCCc3ccccc3)n2)CC1,0.0,0.0,0.0,0.0,0.0,0.0,0.0,0.0,0.0,0.0,0.0,0.0,7.09,0.0,0.0,0.0,0.0,0.0,0.0,0.0,0.0,0.0,0.0,0.0,0.0,0.0,0.0
CN1CCN(c2nc(N)nc(-c3ccc(Br)cc3)n2)CC1,0.0,0.0,0.0,0.0,0.0,0.0,0.0,0.0,0.0,0.0,0.0,0.0,0.0,0.0,0.0,4.82,0.0,0.0,0.0,0.0,0.0,0.0,0.0,0.0,0.0,0.0,0.0
CN1CCN(c2nc(N)nc(-c3ccc(Cl)cc3)n2)CC1,0.0,0.0,0.0,0.0,0.0,0.0,0.0,0.0,0.0,0.0,0.0,0.0,0.0,0.0,0.0,4.88,0.0,0.0,0.0,0.0,0.0,0.0,0.0,0.0,0.0,0.0,0.0
CN1CCN(c2nc(N)nc3c2CCc2ccccc2-3)CC1,0.0,0.0,0.0,0.0,0.0,0.0,0.0,0.0,0.0,0.0,0.0,0.0,0.0,5.01,0.0,0.0,0.0,0.0,0.0,0.0,0.0,0.0,0.0,0.0,0.0,0.0,0.0
CN1CCN(c2nc(N)nc3cc(-c4ccco4)ccc23)CC1,0.0,0.0,0.0,0.0,0.0,0.0,0.0,0.0,0.0,0.0,0.0,0.0,0.0,0.0,0.0,7.01,0.0,0.0,0.0,0.0,0.0,0.0,0.0,0.0,0.0,0.0,0.0
CN1CCN(c2nc(N)nc3cc(-c4ccoc4)ccc23)CC1,0.0,0.0,0.0,0.0,0.0,0.0,0.0,0.0,0.0,0.0,0.0,0.0,0.0,0.0,0.0,6.73,0.0,0.0,0.0,0.0,0.0,0.0,0.0,0.0,0.0,0.0,0.0
CN1CCN(c2nc(NCc3ccccc3)nc3c2CCc2ccccc2-3)CC1,0.0,0.0,0.0,0.0,0.0,0.0,0.0,0.0,0.0,0.0,0.0,0.0,0.0,5.22,0.0,0.0,0.0,0.0,0.0,0.0,0.0,0.0,0.0,0.0,0.0,0.0,0.0
CN1CCOC(COc2ccc(CN3CCOCC3)cc2)C1,0.0,5.68,0.0,0.0,0.0,0.0,0.0,0.0,0.0,0.0,0.0,0.0,0.0,0.0,0.0,0.0,0.0,0.0,0.0,0.0,0.0,0.0,0.0,0.0,0.0,0.0,0.0
CN1CCc2ccc(OCc3ccccc3)cc2CC1,0.0,0.0,0.0,0.0,0.0,0.0,0.0,0.0,0.0,0.0,6.5,0.0,0.0,0.0,0.0,0.0,0.0,0.0,0.0,0.0,0.0,0.0,0.0,0.0,0.0,0.0,0.0
CN1CCc2sc(OCCCN3CCCCC3)nc2C1,0.0,0.0,0.0,0.0,0.0,0.0,0.0,0.0,0.0,0.0,0.0,0.0,7.62,0.0,0.0,0.0,0.0,0.0,0.0,0.0,0.0,0.0,0.0,0.0,0.0,0.0,0.0
CN1Cc2cc(OCCCN3CCC(F)CC3)ccc2C(c2cc(Cl)ccc2Cl)C1,0.0,0.0,0.0,0.0,0.0,0.0,0.0,0.0,0.0,0.0,0.0,0.0,8.03,0.0,0.0,0.0,0.0,0.0,0.0,0.0,0.0,0.0,0.0,0.0,0.0,0.0,0.0
CN1Cc2cc(OCCCN3CCC(F)CC3)ccc2C(c2ccc(C#N)cc2)C1,0.0,0.0,0.0,0.0,0.0,0.0,0.0,0.0,0.0,0.0,0.0,0.0,8.46,0.0,0.0,0.0,0.0,0.0,0.0,0.0,0.0,0.0,0.0,0.0,0.0,0.0,0.0
CN1Cc2cc(OCCCN3CCC(F)CC3)ccc2C(c2ccc(C(F)(F)F)cc2)C1,0.0,0.0,0.0,0.0,0.0,0.0,0.0,0.0,0.0,0.0,0.0,0.0,7.75,0.0,0.0,0.0,0.0,0.0,0.0,0.0,0.0,0.0,0.0,0.0,0.0,0.0,0.0
CN1Cc2cc(OCCCN3CCC(F)CC3)ccc2C(c2ccc(Cl)c(Cl)c2)C1,0.0,0.0,0.0,0.0,0.0,0.0,0.0,0.0,0.0,0.0,0.0,0.0,7.51,0.0,0.0,0.0,0.0,0.0,0.0,0.0,0.0,0.0,0.0,0.0,0.0,0.0,0.0
CN1Cc2cc(OCCCN3CCC(F)CC3)ccc2C(c2ccc(Cl)cc2)C1,0.0,0.0,0.0,0.0,0.0,0.0,0.0,0.0,0.0,0.0,0.0,0.0,8.08,0.0,0.0,0.0,0.0,0.0,0.0,0.0,0.0,0.0,0.0,0.0,0.0,0.0,0.0
CN1Cc2cc(OCCCN3CCC(F)CC3)ccc2C(c2ccc(OC(F)F)cc2)C1,0.0,0.0,0.0,0.0,0.0,0.0,0.0,0.0,0.0,0.0,0.0,0.0,8.0,0.0,0.0,0.0,0.0,0.0,0.0,0.0,0.0,0.0,0.0,0.0,0.0,0.0,0.0
CN1Cc2cc(OCCCN3CCC(F)CC3)ccc2C(c2ccc(S(C)(=O)=O)cc2)C1,0.0,0.0,0.0,0.0,0.0,0.0,0.0,0.0,0.0,0.0,0.0,0.0,8.7,0.0,0.0,0.0,0.0,0.0,0.0,0.0,0.0,0.0,0.0,0.0,0.0,0.0,0.0
CN1Cc2cc(OCCCN3CCC(F)CC3)ccc2C(c2ccc(SC(F)(F)F)cc2)C1,0.0,0.0,0.0,0.0,0.0,0.0,0.0,0.0,0.0,0.0,0.0,0.0,7.34,0.0,0.0,0.0,0.0,0.0,0.0,0.0,0.0,0.0,0.0,0.0,0.0,0.0,0.0
CN1Cc2cc(OCCCN3CCC(F)CC3)ccc2C(c2cccc(C(F)(F)F)c2)C1,0.0,0.0,0.0,0.0,0.0,0.0,0.0,0.0,0.0,0.0,0.0,0.0,7.96,0.0,0.0,0.0,0.0,0.0,0.0,0.0,0.0,0.0,0.0,0.0,0.0,0.0,0.0
CN1Cc2cc(OCCCN3CCC(F)CC3)ccc2C(c2cccc(Cl)c2)C1,0.0,0.0,0.0,0.0,0.0,0.0,0.0,0.0,0.0,0.0,0.0,0.0,8.52,0.0,0.0,0.0,0.0,0.0,0.0,0.0,0.0,0.0,0.0,0.0,0.0,0.0,0.0
CN1Cc2cc(OCCCN3CCC(F)CC3)ccc2C(c2ccccc2)C1,0.0,0.0,0.0,0.0,0.0,0.0,0.0,0.0,0.0,0.0,0.0,0.0,8.48,0.0,0.0,0.0,0.0,0.0,0.0,0.0,0.0,0.0,0.0,0.0,0.0,0.0,0.0
CN1Cc2cc(OCCCN3CCC(F)CC3)ccc2C(c2ccccc2Cl)C1,0.0,0.0,0.0,0.0,0.0,0.0,0.0,0.0,0.0,0.0,0.0,0.0,8.25,0.0,0.0,0.0,0.0,0.0,0.0,0.0,0.0,0.0,0.0,0.0,0.0,0.0,0.0
CN1Cc2cc(OCCCN3CCCCC3)ncc2C(c2ccc(Cl)c(Cl)c2)C1,0.0,7.75,0.0,0.0,0.0,0.0,0.0,0.0,0.0,0.0,0.0,0.0,0.0,0.0,0.0,0.0,0.0,0.0,0.0,0.0,0.0,0.0,0.0,0.0,0.0,0.0,0.0
CN1Cc2cc(OCCCN3CCCCC3)ncc2C(c2ccc(Cl)c(F)c2)C1,0.0,8.15,0.0,0.0,0.0,0.0,0.0,0.0,0.0,0.0,0.0,0.0,0.0,0.0,0.0,0.0,0.0,0.0,0.0,0.0,0.0,0.0,0.0,0.0,0.0,0.0,0.0
CN1Cc2cc(OCCCN3CCCCC3)ncc2C(c2ccc(Cl)cc2)C1,0.0,7.82,0.0,0.0,0.0,0.0,0.0,0.0,0.0,0.0,0.0,0.0,0.0,0.0,0.0,0.0,0.0,0.0,0.0,0.0,0.0,0.0,0.0,0.0,0.0,0.0,0.0
CN1Cc2cc(OCCCN3CCCCC3)ncc2C(c2ccc(F)cc2)C1,0.0,8.05,0.0,0.0,0.0,0.0,0.0,0.0,0.0,0.0,0.0,0.0,0.0,0.0,0.0,0.0,0.0,0.0,0.0,0.0,0.0,0.0,0.0,0.0,0.0,0.0,0.0
CN1Cc2cc(OCCCN3CCCCC3)ncc2C(c2cccc(Cl)c2)C1,0.0,8.15,0.0,0.0,0.0,0.0,0.0,0.0,0.0,0.0,0.0,0.0,0.0,0.0,0.0,0.0,0.0,0.0,0.0,0.0,0.0,0.0,0.0,0.0,0.0,0.0,0.0
CN1Cc2cc(OCCCN3CCCCC3)ncc2C(c2ccccc2)C1,0.0,8.3,0.0,0.0,0.0,0.0,0.0,0.0,0.0,0.0,0.0,0.0,0.0,0.0,0.0,0.0,0.0,0.0,0.0,0.0,0.0,0.0,0.0,0.0,0.0,0.0,0.0
CN1Cc2cc(OCCCN3CCCCC3)ncc2C(c2ccccc2F)C1,0.0,8.7,0.0,0.0,0.0,0.0,0.0,0.0,0.0,0.0,0.0,0.0,0.0,0.0,0.0,0.0,0.0,0.0,0.0,0.0,0.0,0.0,0.0,0.0,0.0,0.0,0.0
CN1N=C(c2ccc(OC3CCN(C4CCC4)CC3)cc2)C2CC2C1=O,0.0,0.0,0.0,0.0,8.4,0.0,0.0,0.0,0.0,0.0,0.0,0.0,0.0,0.0,0.0,0.0,0.0,0.0,0.0,0.0,0.0,0.0,0.0,0.0,0.0,0.0,0.0
CN1N=C(c2ccc(OC3CCN(C4CCCC4)CC3)cc2)C2CC2C1=O,0.0,0.0,0.0,0.0,8.44,0.0,0.0,0.0,0.0,0.0,0.0,0.0,0.0,0.0,0.0,0.0,0.0,0.0,0.0,0.0,0.0,0.0,0.0,0.0,0.0,0.0,0.0
CN1N=C(c2ccc(OCCCN3CCCCC3)cc2)C2CCCC2C1=O,0.0,0.0,0.0,0.0,8.64,0.0,0.0,0.0,0.0,0.0,0.0,0.0,0.0,0.0,0.0,0.0,0.0,0.0,0.0,0.0,0.0,0.0,0.0,0.0,0.0,0.0,0.0
CN=C(NC#N)NCC1CCC(c2c[nH]cn2)O1,0.0,5.7,0.0,0.0,0.0,0.0,0.0,0.0,0.0,0.0,0.0,0.0,0.0,0.0,0.0,0.0,0.0,0.0,0.0,0.0,0.0,0.0,0.0,0.0,0.0,0.0,0.0
CNC(=NC#N)NCC1CCC(c2c[nH]cn2)C1,0.0,0.0,0.0,0.0,0.0,0.0,0.0,0.0,0.0,0.0,0.0,0.0,0.0,6.32,0.0,0.0,0.0,0.0,0.0,0.0,0.0,0.0,0.0,0.0,0.0,0.0,0.0
CNC(=O)C(CCN1CCC(O)(c2ccc(Cl)cc2)CC1)(c1ccccc1)c1ccccc1,0.0,0.0,0.0,0.0,0.0,0.0,0.0,0.0,0.0,0.0,0.0,0.0,8.03,0.0,0.0,0.0,0.0,0.0,0.0,0.0,0.0,0.0,0.0,0.0,0.0,0.0,0.0
CNC(=O)c1ccc(-c2ccc3c(c2)CCN(CCN2CCCC2)C3=O)c(F)c1,0.0,0.0,0.0,0.0,0.0,0.0,0.0,0.0,0.0,0.0,0.0,0.0,0.0,0.0,0.0,0.0,0.0,0.0,0.0,0.0,0.0,0.0,0.0,0.0,0.0,0.0,8.77
CNC(=O)c1ccc(-c2ccc3c(c2)CCN(CCN2CCCC2)C3=O)cc1,0.0,0.0,0.0,0.0,0.0,0.0,0.0,0.0,0.0,0.0,0.0,0.0,0.0,0.0,0.0,0.0,0.0,0.0,0.0,0.0,0.0,0.0,0.0,0.0,0.0,0.0,8.89
CNC(=O)c1ccc(-c2ccc3c(c2)CCN(CCN2CCCC2C)C3=O)cc1,0.0,0.0,0.0,0.0,0.0,0.0,0.0,0.0,0.0,0.0,0.0,0.0,0.0,0.0,0.0,0.0,0.0,0.0,0.0,0.0,0.0,0.0,0.0,0.0,0.0,0.0,9.0
CNC(=O)c1ccc(Oc2ccc3c(c2)CCN(C2CCC2)CC3)cc1,0.0,0.0,0.0,0.0,0.0,0.0,0.0,0.0,0.0,0.0,9.3,0.0,0.0,0.0,0.0,0.0,0.0,0.0,0.0,0.0,0.0,0.0,0.0,0.0,0.0,0.0,0.0
CNC(=O)c1ccc(Oc2ccc3c(c2)CCN(C2CCC2)CC3)cn1,0.0,0.0,0.0,0.0,0.0,0.0,0.0,0.0,0.0,0.0,9.3,0.0,0.0,0.0,0.0,0.0,0.0,0.0,0.0,0.0,0.0,0.0,0.0,0.0,0.0,0.0,0.0
CNC(=O)c1ccc(Oc2ccc3c(c2)CCN(C2CCC2)CC3)nc1,0.0,0.0,0.0,0.0,0.0,0.0,9.59,0.0,0.0,0.0,9.7,0.0,9.9,0.0,0.0,9.9,0.0,0.0,0.0,9.59,0.0,0.0,0.0,0.0,0.0,0.0,0.0
CNC(=O)c1ccc(Oc2ccc3c(c2)CCN(C2CCC2)CC3)nn1,0.0,0.0,0.0,0.0,0.0,0.0,0.0,0.0,0.0,0.0,8.9,0.0,0.0,0.0,0.0,0.0,0.0,0.0,0.0,0.0,0.0,0.0,0.0,0.0,0.0,0.0,0.0
CNC(=O)c1ccc(Oc2ccc3c(c2)CCN(C2CCCC2)CC3)nc1,0.0,0.0,0.0,0.0,0.0,0.0,0.0,0.0,0.0,0.0,9.3,0.0,0.0,0.0,0.0,0.0,0.0,0.0,0.0,0.0,0.0,0.0,0.0,0.0,0.0,0.0,0.0
CNC(=O)c1cnc(Oc2ccc3c(c2)CCN(C2CCC2)CC3)cn1,0.0,9.68,0.0,0.0,0.0,0.0,0.0,0.0,0.0,0.0,9.7,0.0,9.7,0.0,0.0,9.72,0.0,0.0,0.0,9.67,0.0,0.0,0.0,0.0,0.0,0.0,0.0
CNC(C(=O)N(C)C1CCC2(C)C(=CCC3C2CCC24CN(C)C(C)C2CCC34)C1)C(C)C,0.0,0.0,0.0,0.0,0.0,0.0,9.68,0.0,0.0,0.0,0.0,0.0,0.0,0.0,0.0,0.0,0.0,0.0,0.0,0.0,0.0,0.0,0.0,0.0,0.0,0.0,0.0
CNC(O)Cc1ccc2cc(-c3ccc(C#N)cc3)ccc2c1,0.0,0.0,0.0,0.0,0.0,0.0,7.98,0.0,0.0,0.0,0.0,0.0,0.0,0.0,0.0,0.0,0.0,0.0,0.0,0.0,0.0,0.0,0.0,0.0,0.0,0.0,0.0
CNC1CCC(c2ccc(OCCCN3CCCCC3)cc2)CC1,0.0,0.0,0.0,0.0,0.0,0.0,0.0,0.0,0.0,0.0,0.0,0.0,0.0,0.0,0.0,8.49,0.0,0.0,0.0,0.0,0.0,0.0,0.0,0.0,0.0,0.0,0.0
CNC1CCC2(C)C(=CCC3C2CCC24CN(C)C(=O)C2CCC34)C1,0.0,0.0,0.0,0.0,0.0,0.0,7.42,0.0,0.0,0.0,0.0,0.0,0.0,0.0,0.0,0.0,0.0,0.0,0.0,0.0,0.0,0.0,0.0,0.0,0.0,0.0,0.0
CNC1CCN(c2cc(NCC3CC3)nc(N)n2)C1,0.0,0.0,0.0,0.0,0.0,0.0,0.0,0.0,0.0,0.0,0.0,0.0,0.0,0.0,0.0,6.73,0.0,0.0,0.0,0.0,0.0,0.0,0.0,0.0,0.0,0.0,0.0
CNC1CCN(c2ccnc(NCC(C)(C)C)n2)C1,0.0,0.0,0.0,0.0,0.0,0.0,0.0,0.0,0.0,0.0,0.0,0.0,0.0,7.56,0.0,0.0,0.0,0.0,0.0,0.0,0.0,0.0,0.0,0.0,0.0,0.0,0.0
CNC1CCN(c2nc(N)nc3c2CCCC(c2ccccc2)C3)C1,0.0,0.0,0.0,0.0,0.0,0.0,6.65,0.0,0.0,0.0,0.0,0.0,0.0,0.0,0.0,0.0,0.0,0.0,0.0,0.0,0.0,0.0,0.0,0.0,0.0,0.0,0.0
CNC1CCN(c2nc(N)nc3c2CCCC32CCCC2)C1,0.0,0.0,0.0,0.0,0.0,0.0,6.98,0.0,0.0,0.0,0.0,0.0,0.0,0.0,0.0,0.0,0.0,0.0,0.0,0.0,0.0,0.0,0.0,0.0,0.0,0.0,0.0
CNC1CCN(c2nc(N)nc3cc(C(C)C)cnc23)C1,0.0,0.0,0.0,0.0,0.0,0.0,0.0,0.0,0.0,0.0,0.0,0.0,0.0,0.0,0.0,6.84,0.0,0.0,0.0,0.0,0.0,0.0,0.0,0.0,0.0,0.0,0.0
CNC1CCN(c2nc(N)nc3cc(C4CC4)ccc23)C1,0.0,0.0,0.0,0.0,0.0,0.0,0.0,0.0,0.0,0.0,0.0,0.0,0.0,0.0,0.0,6.75,0.0,0.0,0.0,0.0,0.0,0.0,0.0,0.0,0.0,0.0,0.0
CNC1CCN(c2nc(N)nc3cc(C4CC4)cnc23)C1,0.0,0.0,0.0,0.0,0.0,0.0,0.0,0.0,0.0,0.0,0.0,0.0,0.0,0.0,0.0,6.0,0.0,0.0,0.0,0.0,0.0,0.0,0.0,0.0,0.0,0.0,0.0
CNC1CN(c2cc(C(C)C)nc(N)n2)C1,0.0,0.0,0.0,0.0,0.0,0.0,0.0,0.0,0.0,0.0,0.0,0.0,0.0,0.0,0.0,0.0,0.0,0.0,0.0,0.0,0.0,7.0,0.0,0.0,0.0,0.0,0.0
CNC1CN(c2cc(C)nc(N)n2)C1,0.0,0.0,0.0,0.0,0.0,0.0,0.0,0.0,0.0,0.0,0.0,0.0,0.0,0.0,0.0,0.0,0.0,0.0,0.0,0.0,0.0,7.5,0.0,0.0,0.0,0.0,0.0
CNC1CN(c2ccnc(N)n2)C1,0.0,0.0,0.0,0.0,0.0,0.0,0.0,0.0,0.0,0.0,0.0,0.0,0.0,0.0,0.0,0.0,0.0,0.0,0.0,0.0,0.0,8.2,0.0,0.0,0.0,0.0,0.0
CNC1CN(c2nc(N)nc3c2CCCC32CCCC2)C1,0.0,0.0,0.0,0.0,0.0,0.0,7.2,0.0,0.0,0.0,0.0,0.0,0.0,0.0,0.0,0.0,0.0,0.0,0.0,0.0,0.0,0.0,0.0,0.0,0.0,0.0,0.0
CNC1CN(c2nc(N)nc3cc(C#N)cnc23)C1,0.0,0.0,0.0,0.0,0.0,0.0,0.0,0.0,0.0,0.0,0.0,0.0,0.0,0.0,0.0,5.02,0.0,0.0,0.0,0.0,0.0,0.0,0.0,0.0,0.0,0.0,0.0
CNC1CN(c2nc(N)nc3cc(C(C)(C)C)ccc23)C1,0.0,0.0,0.0,0.0,0.0,0.0,0.0,0.0,0.0,0.0,0.0,0.0,0.0,0.0,0.0,6.31,0.0,0.0,0.0,0.0,0.0,0.0,0.0,0.0,0.0,0.0,0.0
CNC1CN(c2nc(N)nc3cc(C(C)C)cnc23)C1,0.0,0.0,0.0,0.0,0.0,0.0,0.0,0.0,0.0,0.0,0.0,0.0,0.0,0.0,0.0,6.08,0.0,0.0,0.0,0.0,0.0,0.0,0.0,0.0,0.0,0.0,0.0
CNC1CN(c2nc(N)nc3cc(C4CC4)cnc23)C1,0.0,0.0,0.0,0.0,0.0,0.0,0.0,0.0,0.0,0.0,0.0,0.0,0.0,0.0,0.0,6.2,0.0,0.0,0.0,0.0,0.0,0.0,0.0,0.0,0.0,0.0,0.0
CNC1CN(c2nc(N)nc3cc(C4CCCC4)ccc23)C1,0.0,0.0,0.0,0.0,0.0,0.0,0.0,0.0,0.0,0.0,0.0,0.0,0.0,0.0,0.0,6.8,0.0,0.0,0.0,0.0,0.0,0.0,0.0,0.0,0.0,0.0,0.0
CNC1CN(c2nc(N)nc3cc(C4CCCC4)cnc23)C1,0.0,0.0,0.0,0.0,0.0,0.0,0.0,0.0,0.0,0.0,0.0,0.0,0.0,0.0,0.0,6.82,0.0,0.0,0.0,0.0,0.0,0.0,0.0,0.0,0.0,0.0,0.0
CNCCC(Oc1ccc(C(F)(F)F)cc1)c1ccccc1,0.0,5.14,0.0,0.0,0.0,0.0,0.0,0.0,0.0,0.0,0.0,0.0,5.14,0.0,0.0,0.0,0.0,0.0,0.0,0.0,0.0,0.0,0.0,0.0,0.0,0.0,0.0
CNCCC(c1ccccc1)c1ccc(O)c2ccc(OCCN3CCCC3)cc12,0.0,0.0,0.0,0.0,0.0,0.0,8.13,0.0,0.0,0.0,0.0,0.0,0.0,0.0,0.0,0.0,0.0,0.0,0.0,0.0,0.0,0.0,0.0,0.0,0.0,0.0,0.0
CNCCC(c1ccccc1)c1ccc(OCCN2CCCC2)cc1,0.0,0.0,0.0,0.0,0.0,0.0,8.85,0.0,0.0,0.0,0.0,0.0,0.0,0.0,0.0,0.0,0.0,0.0,0.0,0.0,0.0,0.0,0.0,0.0,0.0,0.0,0.0
CNCCCC(c1ccccc1)c1ccc(OCCN2CCCC2)cc1,0.0,0.0,0.0,0.0,0.0,0.0,9.05,0.0,0.0,0.0,0.0,0.0,0.0,0.0,0.0,0.0,0.0,0.0,0.0,0.0,0.0,0.0,0.0,0.0,0.0,0.0,0.0
CNCCCN(c1ccccc1)c1ccc(OCCN2CCCC2)cc1,0.0,0.0,0.0,0.0,0.0,0.0,9.55,0.0,0.0,0.0,0.0,0.0,0.0,0.0,0.0,0.0,0.0,0.0,0.0,0.0,0.0,0.0,0.0,0.0,0.0,0.0,0.0
CNCCCNc1ccnc(N)n1,0.0,0.0,0.0,0.0,0.0,0.0,0.0,0.0,0.0,0.0,0.0,0.0,0.0,0.0,0.0,7.55,0.0,0.0,0.0,0.0,0.0,0.0,0.0,0.0,0.0,0.0,0.0
CNCCN(c1ccccc1)c1ccc(OCCN2CCCC2)cc1,0.0,0.0,0.0,0.0,0.0,0.0,8.8,0.0,0.0,0.0,0.0,0.0,0.0,0.0,0.0,0.0,0.0,0.0,0.0,0.0,0.0,0.0,0.0,0.0,0.0,0.0,0.0
CNCCN1CCC(OCc2ccccc2)CC1,0.0,0.0,0.0,0.0,0.0,0.0,0.0,0.0,0.0,0.0,0.0,0.0,0.0,0.0,0.0,7.06,0.0,0.0,0.0,0.0,0.0,0.0,0.0,0.0,0.0,0.0,0.0
CNCCc1cnc[nH]1,0.0,8.4,0.0,0.0,0.0,0.0,0.0,0.0,0.0,0.0,0.0,0.0,0.0,0.0,0.0,0.0,0.0,0.0,0.0,0.0,0.0,0.0,0.0,0.0,0.0,0.0,0.0
CNCc1cc(Br)ccc1Oc1ccc(SC)cc1,0.0,0.0,0.0,0.0,0.0,0.0,0.0,0.0,0.0,0.0,0.0,0.0,5.05,0.0,0.0,0.0,0.0,0.0,0.0,0.0,0.0,0.0,0.0,0.0,0.0,0.0,0.0
CNCc1cc(C#CCCN(C)C2CC2)ccc1Oc1ccc(Cl)c(Cl)c1,0.0,0.0,0.0,0.0,0.0,0.0,0.0,0.0,0.0,0.0,0.0,0.0,8.01,0.0,0.0,0.0,0.0,0.0,0.0,0.0,0.0,0.0,0.0,0.0,0.0,0.0,0.0
CNCc1cc(C#CCCN(C)C2CC2)ccc1Oc1ccc(SC)cc1,0.0,0.0,0.0,0.0,0.0,0.0,0.0,0.0,0.0,0.0,0.0,0.0,8.21,0.0,0.0,0.0,0.0,0.0,0.0,0.0,0.0,0.0,0.0,0.0,0.0,0.0,0.0
CNCc1cc(C#CCCN2CCC(F)CC2)ccc1Oc1ccc(Cl)c(Cl)c1,0.0,0.0,0.0,0.0,0.0,0.0,0.0,0.0,0.0,0.0,0.0,0.0,7.85,0.0,0.0,0.0,0.0,0.0,0.0,0.0,0.0,0.0,0.0,0.0,0.0,0.0,0.0
CNCc1cc(C#CCCN2CCC(F)CC2)ccc1Oc1ccc(SC)cc1,0.0,0.0,0.0,0.0,0.0,0.0,0.0,0.0,0.0,0.0,0.0,0.0,8.22,0.0,0.0,0.0,0.0,0.0,0.0,0.0,0.0,0.0,0.0,0.0,0.0,0.0,0.0
CNCc1cc(C#CCCN2CCCCC2)ccc1Oc1ccc(SC)cc1,0.0,0.0,0.0,0.0,0.0,0.0,0.0,0.0,0.0,0.0,0.0,0.0,8.77,0.0,0.0,0.0,0.0,0.0,0.0,0.0,0.0,0.0,0.0,0.0,0.0,0.0,0.0
CNCc1cc(C#CCCN2CCCN(C(C)C)CC2)ccc1Oc1ccc(SC)cc1,0.0,0.0,0.0,0.0,0.0,0.0,0.0,0.0,0.0,0.0,0.0,0.0,7.03,0.0,0.0,0.0,0.0,0.0,0.0,0.0,0.0,0.0,0.0,0.0,0.0,0.0,0.0
CNCc1cc(C#CCCN2CCN(C(C)C)C(=O)C2)ccc1Oc1ccc(SC)cc1,0.0,0.0,0.0,0.0,0.0,0.0,0.0,0.0,0.0,0.0,0.0,0.0,5.73,0.0,0.0,0.0,0.0,0.0,0.0,0.0,0.0,0.0,0.0,0.0,0.0,0.0,0.0
CNCc1cc(C#CCCN2CCN(C(C)C)CC2)ccc1Oc1ccc(SC)cc1,0.0,0.0,0.0,0.0,0.0,0.0,0.0,0.0,0.0,0.0,0.0,0.0,7.51,0.0,0.0,0.0,0.0,0.0,0.0,0.0,0.0,0.0,0.0,0.0,0.0,0.0,0.0
CNCc1cc(C#CCCN2CCN(C3CC3)CC2)ccc1Oc1ccc(SC)cc1,0.0,0.0,0.0,0.0,0.0,0.0,0.0,0.0,0.0,0.0,0.0,0.0,7.28,0.0,0.0,0.0,0.0,0.0,0.0,0.0,0.0,0.0,0.0,0.0,0.0,0.0,0.0
CNCc1cc(C#CCCN2CCNC(=O)C2)ccc1Oc1ccc(SC)cc1,0.0,0.0,0.0,0.0,0.0,0.0,0.0,0.0,0.0,0.0,0.0,0.0,6.06,0.0,0.0,0.0,0.0,0.0,0.0,0.0,0.0,0.0,0.0,0.0,0.0,0.0,0.0
CNCc1cc(C#CCCN2CCOCC2)ccc1Oc1ccc(C(F)(F)F)cc1,0.0,0.0,0.0,0.0,0.0,0.0,0.0,0.0,0.0,0.0,0.0,0.0,8.14,0.0,0.0,0.0,0.0,0.0,0.0,0.0,0.0,0.0,0.0,0.0,0.0,0.0,0.0
CNCc1cc(C#CCCN2CCOCC2)ccc1Oc1ccc(Cl)c(C(F)(F)F)c1,0.0,0.0,0.0,0.0,0.0,0.0,0.0,0.0,0.0,0.0,0.0,0.0,7.89,0.0,0.0,0.0,0.0,0.0,0.0,0.0,0.0,0.0,0.0,0.0,0.0,0.0,0.0
CNCc1cc(C#CCCN2CCOCC2)ccc1Oc1ccc(Cl)c(Cl)c1,0.0,0.0,0.0,0.0,0.0,0.0,0.0,0.0,0.0,0.0,0.0,0.0,7.96,0.0,0.0,0.0,0.0,0.0,0.0,0.0,0.0,0.0,0.0,0.0,0.0,0.0,0.0
CNCc1cc(C#CCCN2CCOCC2)ccc1Oc1ccc(Cl)cc1,0.0,0.0,0.0,0.0,0.0,0.0,0.0,0.0,0.0,0.0,0.0,0.0,8.15,0.0,0.0,0.0,0.0,0.0,0.0,0.0,0.0,0.0,0.0,0.0,0.0,0.0,0.0
CNCc1cc(C#CCCN2CCOCC2)ccc1Oc1ccc(F)cc1Cl,0.0,0.0,0.0,0.0,0.0,0.0,0.0,0.0,0.0,0.0,0.0,0.0,8.22,0.0,0.0,0.0,0.0,0.0,0.0,0.0,0.0,0.0,0.0,0.0,0.0,0.0,0.0
CNCc1cc(C#CCCN2CCOCC2)ccc1Oc1ccc(SC)c(C)c1,0.0,0.0,0.0,0.0,0.0,0.0,0.0,0.0,0.0,0.0,0.0,0.0,7.96,0.0,0.0,0.0,0.0,0.0,0.0,0.0,0.0,0.0,0.0,0.0,0.0,0.0,0.0
CNCc1cc(C#CCCN2CCOCC2)ccc1Oc1ccc(SC)cc1,0.0,0.0,0.0,0.0,0.0,0.0,0.0,0.0,0.0,0.0,0.0,0.0,7.96,0.0,0.0,0.0,0.0,0.0,0.0,0.0,0.0,0.0,0.0,0.0,0.0,0.0,0.0
CNCc1cc(C#CCCN2CCOCC2)ccc1Oc1cccc(Cl)c1,0.0,0.0,0.0,0.0,0.0,0.0,0.0,0.0,0.0,0.0,0.0,0.0,8.52,0.0,0.0,0.0,0.0,0.0,0.0,0.0,0.0,0.0,0.0,0.0,0.0,0.0,0.0
CNCc1cc(C#CCCN2CCOCC2)ccc1Oc1cccc(F)c1,0.0,0.0,0.0,0.0,0.0,0.0,0.0,0.0,0.0,0.0,0.0,0.0,8.52,0.0,0.0,0.0,0.0,0.0,0.0,0.0,0.0,0.0,0.0,0.0,0.0,0.0,0.0
CNCc1cc(C#CCCN2CCOCC2)ccc1Oc1ccccc1,0.0,0.0,0.0,0.0,0.0,0.0,0.0,0.0,0.0,0.0,0.0,0.0,8.24,0.0,0.0,0.0,0.0,0.0,0.0,0.0,0.0,0.0,0.0,0.0,0.0,0.0,0.0
CNCc1cc(C#CCCN2CCSCC2)ccc1Oc1ccc(Cl)c(Cl)c1,0.0,0.0,0.0,0.0,0.0,0.0,0.0,0.0,0.0,0.0,0.0,0.0,7.89,0.0,0.0,0.0,0.0,0.0,0.0,0.0,0.0,0.0,0.0,0.0,0.0,0.0,0.0
CNCc1cc(C#CCCN2CCSCC2)ccc1Oc1ccc(SC)cc1,0.0,0.0,0.0,0.0,0.0,0.0,0.0,0.0,0.0,0.0,0.0,0.0,8.27,0.0,0.0,0.0,0.0,0.0,0.0,0.0,0.0,0.0,0.0,0.0,0.0,0.0,0.0
CNCc1cc(C#CCCNC2CC2)ccc1Oc1ccc(Cl)c(Cl)c1,0.0,0.0,0.0,0.0,0.0,0.0,0.0,0.0,0.0,0.0,0.0,0.0,7.77,0.0,0.0,0.0,0.0,0.0,0.0,0.0,0.0,0.0,0.0,0.0,0.0,0.0,0.0
CNCc1cc(C#CCCNC2CC2)ccc1Oc1ccc(SC)cc1,0.0,0.0,0.0,0.0,0.0,0.0,0.0,0.0,0.0,0.0,0.0,0.0,7.77,0.0,0.0,0.0,0.0,0.0,0.0,0.0,0.0,0.0,0.0,0.0,0.0,0.0,0.0
CNCc1cc(C(=O)N2CCCN(C(C)C)CC2)ccc1Oc1ccc(Cl)c(Cl)c1,0.0,0.0,0.0,0.0,0.0,0.0,0.0,0.0,0.0,0.0,0.0,0.0,8.92,0.0,0.0,0.0,0.0,0.0,0.0,0.0,0.0,0.0,0.0,0.0,0.0,0.0,0.0
CNCc1cc(C(=O)N2CCCN(C(C)C)CC2)ccc1Oc1ccc(Cl)cc1,0.0,0.0,0.0,0.0,0.0,0.0,0.0,0.0,0.0,0.0,0.0,0.0,9.3,0.0,0.0,0.0,0.0,0.0,0.0,0.0,0.0,0.0,0.0,0.0,0.0,0.0,0.0
CNCc1cc(C(=O)N2CCCN(C(C)C)CC2)ccc1Oc1ccc(SC)cc1,0.0,0.0,0.0,0.0,0.0,0.0,0.0,0.0,0.0,0.0,0.0,0.0,8.96,0.0,0.0,0.0,0.0,0.0,0.0,0.0,0.0,0.0,0.0,0.0,0.0,0.0,0.0
CNCc1cc(C(=O)N2CCCN(C(C)C)CC2)ccc1Oc1cccc(Cl)c1,0.0,0.0,0.0,0.0,0.0,0.0,0.0,0.0,0.0,0.0,0.0,0.0,9.0,0.0,0.0,0.0,0.0,0.0,0.0,0.0,0.0,0.0,0.0,0.0,0.0,0.0,0.0
CNCc1cc(C(=O)N2CCCN(C3CC3)CC2)ccc1Oc1ccc(C#N)cc1,0.0,0.0,0.0,0.0,0.0,0.0,0.0,0.0,0.0,0.0,0.0,0.0,8.96,0.0,0.0,0.0,0.0,0.0,0.0,0.0,0.0,0.0,0.0,0.0,0.0,0.0,0.0
CNCc1cc(C(=O)N2CCCN(C3CC3)CC2)ccc1Oc1ccc(C(F)(F)F)cc1,0.0,0.0,0.0,0.0,0.0,0.0,0.0,0.0,0.0,0.0,0.0,0.0,8.7,0.0,0.0,0.0,0.0,0.0,0.0,0.0,0.0,0.0,0.0,0.0,0.0,0.0,0.0
CNCc1cc(C(=O)N2CCCN(C3CC3)CC2)ccc1Oc1ccc(Cl)c(Cl)c1,0.0,0.0,0.0,0.0,0.0,0.0,0.0,0.0,0.0,0.0,0.0,0.0,8.74,0.0,0.0,0.0,0.0,0.0,0.0,0.0,0.0,0.0,0.0,0.0,0.0,0.0,0.0
CNCc1cc(C(=O)N2CCCN(C3CC3)CC2)ccc1Oc1ccc(Cl)cc1,0.0,0.0,0.0,0.0,0.0,0.0,0.0,0.0,0.0,0.0,0.0,0.0,8.96,0.0,0.0,0.0,0.0,0.0,0.0,0.0,0.0,0.0,0.0,0.0,0.0,0.0,0.0
CNCc1cc(C(=O)N2CCCN(C3CC3)CC2)ccc1Oc1ccc(Cl)cc1F,0.0,0.0,0.0,0.0,0.0,0.0,0.0,0.0,0.0,0.0,0.0,0.0,8.85,0.0,0.0,0.0,0.0,0.0,0.0,0.0,0.0,0.0,0.0,0.0,0.0,0.0,0.0
CNCc1cc(C(=O)N2CCCN(C3CC3)CC2)ccc1Oc1ccc(F)c(Cl)c1,0.0,0.0,0.0,0.0,0.0,0.0,0.0,0.0,0.0,0.0,0.0,0.0,8.82,0.0,0.0,0.0,0.0,0.0,0.0,0.0,0.0,0.0,0.0,0.0,0.0,0.0,0.0
CNCc1cc(C(=O)N2CCCN(C3CC3)CC2)ccc1Oc1ccc(F)cc1,0.0,0.0,0.0,0.0,0.0,0.0,0.0,0.0,0.0,0.0,0.0,0.0,9.1,0.0,0.0,0.0,0.0,0.0,0.0,0.0,0.0,0.0,0.0,0.0,0.0,0.0,0.0
CNCc1cc(C(=O)N2CCCN(C3CC3)CC2)ccc1Oc1ccc(SC(F)(F)F)cc1,0.0,0.0,0.0,0.0,0.0,0.0,0.0,0.0,0.0,0.0,0.0,0.0,8.26,0.0,0.0,0.0,0.0,0.0,0.0,0.0,0.0,0.0,0.0,0.0,0.0,0.0,0.0
CNCc1cc(C(=O)N2CCCN(C3CC3)CC2)ccc1Oc1ccc(SC)c(C)c1,0.0,0.0,0.0,0.0,0.0,0.0,0.0,0.0,0.0,0.0,0.0,0.0,8.39,0.0,0.0,0.0,0.0,0.0,0.0,0.0,0.0,0.0,0.0,0.0,0.0,0.0,0.0
CNCc1cc(C(=O)N2CCCN(C3CC3)CC2)ccc1Oc1ccc(SC)cc1,0.0,0.0,0.0,0.0,0.0,0.0,0.0,0.0,0.0,0.0,0.0,0.0,8.85,0.0,0.0,0.0,0.0,0.0,0.0,0.0,0.0,0.0,0.0,0.0,0.0,0.0,0.0
CNCc1cc(C(=O)N2CCCN(C3CC3)CC2)ccc1Oc1cccc(C#N)c1,0.0,0.0,0.0,0.0,0.0,0.0,0.0,0.0,0.0,0.0,0.0,0.0,9.15,0.0,0.0,0.0,0.0,0.0,0.0,0.0,0.0,0.0,0.0,0.0,0.0,0.0,0.0
CNCc1cc(C(=O)N2CCCN(C3CC3)CC2)ccc1Oc1cccc(Cl)c1,0.0,0.0,0.0,0.0,0.0,0.0,0.0,0.0,0.0,0.0,0.0,0.0,9.05,0.0,0.0,0.0,0.0,0.0,0.0,0.0,0.0,0.0,0.0,0.0,0.0,0.0,0.0
CNCc1cc(C(=O)N2CCCN(C3CC3)CC2)ccc1Oc1cccc(F)c1,0.0,0.0,0.0,0.0,0.0,0.0,0.0,0.0,0.0,0.0,0.0,0.0,9.0,0.0,0.0,0.0,0.0,0.0,0.0,0.0,0.0,0.0,0.0,0.0,0.0,0.0,0.0
CNCc1cc(C(=O)N2CCCN(C3CC3)CC2)ccc1Oc1cccc(OC)c1,0.0,0.0,0.0,0.0,0.0,0.0,0.0,0.0,0.0,0.0,0.0,0.0,9.0,0.0,0.0,0.0,0.0,0.0,0.0,0.0,0.0,0.0,0.0,0.0,0.0,0.0,0.0
CNCc1cc(C(=O)N2CCCN(C3CC3)CC2)ccc1Oc1ccccc1,0.0,0.0,0.0,0.0,0.0,0.0,0.0,0.0,0.0,0.0,0.0,0.0,9.1,0.0,0.0,0.0,0.0,0.0,0.0,0.0,0.0,0.0,0.0,0.0,0.0,0.0,0.0
CNCc1cc(C(=O)N2CCCN(C3CC3)CC2)ccc1Oc1ccccc1C#N,0.0,0.0,0.0,0.0,0.0,0.0,0.0,0.0,0.0,0.0,0.0,0.0,9.0,0.0,0.0,0.0,0.0,0.0,0.0,0.0,0.0,0.0,0.0,0.0,0.0,0.0,0.0
CNCc1cc(C(=O)N2CCCN(C3CC3)CC2)ccc1Oc1ccccc1C(F)(F)F,0.0,0.0,0.0,0.0,0.0,0.0,0.0,0.0,0.0,0.0,0.0,0.0,8.7,0.0,0.0,0.0,0.0,0.0,0.0,0.0,0.0,0.0,0.0,0.0,0.0,0.0,0.0
CNCc1cc(C(=O)N2CCCN(C3CC3)CC2)ccc1Oc1ccccc1F,0.0,0.0,0.0,0.0,0.0,0.0,0.0,0.0,0.0,0.0,0.0,0.0,9.0,0.0,0.0,0.0,0.0,0.0,0.0,0.0,0.0,0.0,0.0,0.0,0.0,0.0,0.0
CNCc1cc(C(=O)N2CCCN(C3CC3)CC2)ccc1Oc1ccccc1OC(F)(F)F,0.0,0.0,0.0,0.0,0.0,0.0,0.0,0.0,0.0,0.0,0.0,0.0,8.68,0.0,0.0,0.0,0.0,0.0,0.0,0.0,0.0,0.0,0.0,0.0,0.0,0.0,0.0
CNCc1cc(C(=O)N2CCN(C(C)C)CC2)ccc1Oc1ccc(Cl)c(Cl)c1,0.0,0.0,0.0,0.0,0.0,0.0,0.0,0.0,0.0,0.0,0.0,0.0,8.62,0.0,0.0,0.0,0.0,0.0,0.0,0.0,0.0,0.0,0.0,0.0,0.0,0.0,0.0
CNCc1cc(C(=O)N2CCN(C(C)C)CC2)ccc1Oc1ccc(Cl)cc1,0.0,0.0,0.0,0.0,0.0,0.0,0.0,0.0,0.0,0.0,0.0,0.0,8.96,0.0,0.0,0.0,0.0,0.0,0.0,0.0,0.0,0.0,0.0,0.0,0.0,0.0,0.0
CNCc1cc(C(=O)N2CCN(C(C)C)CC2)ccc1Oc1ccc(SC)c(C)c1,0.0,0.0,0.0,0.0,0.0,0.0,0.0,0.0,0.0,0.0,0.0,0.0,8.37,0.0,0.0,0.0,0.0,0.0,0.0,0.0,0.0,0.0,0.0,0.0,0.0,0.0,0.0
CNCc1cc(C(=O)N2CCN(C(C)C)CC2)ccc1Oc1ccc(SC)cc1,0.0,0.0,0.0,0.0,0.0,0.0,0.0,0.0,0.0,0.0,0.0,0.0,8.66,0.0,0.0,0.0,0.0,0.0,0.0,0.0,0.0,0.0,0.0,0.0,0.0,0.0,0.0
CNCc1cc(C(=O)N2CCN(C(C)C)CC2)ccc1Oc1cccc(OC)c1,0.0,0.0,0.0,0.0,0.0,0.0,0.0,0.0,0.0,0.0,0.0,0.0,8.96,0.0,0.0,0.0,0.0,0.0,0.0,0.0,0.0,0.0,0.0,0.0,0.0,0.0,0.0
CNCc1cc(C(=O)N2CCN(C3CC3)CC2)ccc1Oc1ccc(C(F)(F)F)cc1,0.0,0.0,0.0,0.0,0.0,0.0,0.0,0.0,0.0,0.0,0.0,0.0,7.43,0.0,0.0,0.0,0.0,0.0,0.0,0.0,0.0,0.0,0.0,0.0,0.0,0.0,0.0
CNCc1cc(C(=O)N2CCN(C3CC3)CC2)ccc1Oc1ccc(Cl)c(Cl)c1,0.0,7.64,0.0,0.0,0.0,0.0,0.0,0.0,0.0,0.0,0.0,0.0,7.64,0.0,0.0,0.0,0.0,0.0,0.0,0.0,0.0,0.0,0.0,0.0,0.0,0.0,0.0
CNCc1cc(C(=O)N2CCN(C3CC3)CC2)ccc1Oc1ccc(Cl)cc1,0.0,0.0,0.0,0.0,0.0,0.0,0.0,0.0,0.0,0.0,0.0,0.0,7.96,0.0,0.0,0.0,0.0,0.0,0.0,0.0,0.0,0.0,0.0,0.0,0.0,0.0,0.0
CNCc1cc(C(=O)N2CCN(C3CC3)CC2)ccc1Oc1ccc(SC)c(C)c1,0.0,0.0,0.0,0.0,0.0,0.0,0.0,0.0,0.0,0.0,0.0,0.0,7.68,0.0,0.0,0.0,0.0,0.0,0.0,0.0,0.0,0.0,0.0,0.0,0.0,0.0,0.0
CNCc1cc(C(=O)N2CCN(C3CC3)CC2)ccc1Oc1ccc(SC)cc1,0.0,0.0,0.0,0.0,0.0,0.0,0.0,0.0,0.0,0.0,0.0,0.0,7.54,0.0,0.0,0.0,0.0,0.0,0.0,0.0,0.0,0.0,0.0,0.0,0.0,0.0,0.0
CNCc1cc(C(=O)N2CCN(C3CC3)CC2)ccc1Oc1cccc(Cl)c1,0.0,0.0,0.0,0.0,0.0,0.0,0.0,0.0,0.0,0.0,0.0,0.0,7.85,0.0,0.0,0.0,0.0,0.0,0.0,0.0,0.0,0.0,0.0,0.0,0.0,0.0,0.0
CNCc1cc(C(=O)N2CCN(C3CC3)CC2)ccc1Oc1cccc(F)c1,0.0,0.0,0.0,0.0,0.0,0.0,0.0,0.0,0.0,0.0,0.0,0.0,7.82,0.0,0.0,0.0,0.0,0.0,0.0,0.0,0.0,0.0,0.0,0.0,0.0,0.0,0.0
CNCc1cc(C(=O)N2CCN(C3CC3)CC2)ccc1Oc1ccccc1,0.0,0.0,0.0,0.0,0.0,0.0,0.0,0.0,0.0,0.0,0.0,0.0,8.17,0.0,0.0,0.0,0.0,0.0,0.0,0.0,0.0,0.0,0.0,0.0,0.0,0.0,0.0
CNCc1cc(C(=O)N2CCN(C3CCC3)CC2)ccc1Oc1ccc(Cl)c(Cl)c1,0.0,0.0,0.0,0.0,0.0,0.0,0.0,0.0,0.0,0.0,0.0,0.0,8.11,0.0,0.0,0.0,0.0,0.0,0.0,0.0,0.0,0.0,0.0,0.0,0.0,0.0,0.0
CNCc1cc(C(=O)N2CCN(C3CCC3)CC2)ccc1Oc1ccc(Cl)cc1,0.0,0.0,0.0,0.0,0.0,0.0,0.0,0.0,0.0,0.0,0.0,0.0,8.62,0.0,0.0,0.0,0.0,0.0,0.0,0.0,0.0,0.0,0.0,0.0,0.0,0.0,0.0
CNCc1cc(C(=O)N2CCN(C3CCCC3)CC2)ccc1Oc1ccc(Cl)c(Cl)c1,0.0,0.0,0.0,0.0,0.0,0.0,0.0,0.0,0.0,0.0,0.0,0.0,7.7,0.0,0.0,0.0,0.0,0.0,0.0,0.0,0.0,0.0,0.0,0.0,0.0,0.0,0.0
CNCc1cc(C(=O)N2CCN(C3CCCC3)CC2)ccc1Oc1ccc(Cl)cc1,0.0,0.0,0.0,0.0,0.0,0.0,0.0,0.0,0.0,0.0,0.0,0.0,8.47,0.0,0.0,0.0,0.0,0.0,0.0,0.0,0.0,0.0,0.0,0.0,0.0,0.0,0.0
CNCc1cc(CCCCN2CCN(C(C)C)CC2)ccc1Oc1ccc(SC)cc1,0.0,0.0,0.0,0.0,0.0,0.0,0.0,0.0,0.0,0.0,0.0,0.0,8.28,0.0,0.0,0.0,0.0,0.0,0.0,0.0,0.0,0.0,0.0,0.0,0.0,0.0,0.0
CNCc1cc(CCCCN2CCN(C3CC3)CC2)ccc1Oc1ccc(SC)cc1,0.0,0.0,0.0,0.0,0.0,0.0,0.0,0.0,0.0,0.0,0.0,0.0,8.33,0.0,0.0,0.0,0.0,0.0,0.0,0.0,0.0,0.0,0.0,0.0,0.0,0.0,0.0
CNCc1cc(CCCCN2CCSCC2)ccc1Oc1ccc(SC)cc1,0.0,0.0,0.0,0.0,0.0,0.0,0.0,0.0,0.0,0.0,0.0,0.0,8.01,0.0,0.0,0.0,0.0,0.0,0.0,0.0,0.0,0.0,0.0,0.0,0.0,0.0,0.0
CNCc1ccc(C#CCCN2CCOCC2)cc1Oc1ccc(SC)cc1,0.0,0.0,0.0,0.0,0.0,0.0,0.0,0.0,0.0,0.0,0.0,0.0,6.37,0.0,0.0,0.0,0.0,0.0,0.0,0.0,0.0,0.0,0.0,0.0,0.0,0.0,0.0
CNc1ccc(N2CCC(Cc3c[nH]cn3)CC2)cc1,0.0,0.0,0.0,0.0,8.8,0.0,0.0,0.0,0.0,0.0,0.0,0.0,0.0,0.0,0.0,0.0,0.0,0.0,0.0,0.0,0.0,0.0,0.0,0.0,0.0,0.0,0.0
COC(=O)C1CSC(c2ccc(OCCCN3CCCCC3)cc2)N1,0.0,0.0,0.0,0.0,0.0,0.0,0.0,0.0,0.0,0.0,0.0,0.0,0.0,0.0,0.0,8.4,0.0,0.0,0.0,0.0,0.0,0.0,0.0,0.0,0.0,0.0,0.0
COC(=O)N(C)C1CCC2(C)C(=CCC3C2CCC24CN(C)C(C)C2CCC34)C1,0.0,0.0,0.0,0.0,0.0,0.0,7.22,0.0,0.0,0.0,0.0,0.0,0.0,0.0,0.0,0.0,0.0,0.0,0.0,0.0,0.0,0.0,0.0,0.0,0.0,0.0,0.0
COC(=O)N1CC(Oc2ccc(F)cc2)CC1C(=O)N1CCCN(C2CCC2)CC1,0.0,0.0,0.0,0.0,0.0,0.0,0.0,0.0,0.0,0.0,0.0,0.0,8.82,0.0,0.0,0.0,0.0,0.0,0.0,0.0,0.0,0.0,0.0,0.0,0.0,0.0,0.0
COC(=O)N1CC(Oc2cccc(F)c2)CC1C(=O)N1CCCN(C2CCC2)CC1,0.0,0.0,0.0,0.0,0.0,0.0,0.0,0.0,0.0,0.0,0.0,0.0,8.8,0.0,0.0,0.0,0.0,0.0,0.0,0.0,0.0,0.0,0.0,0.0,0.0,0.0,0.0
COC(=O)N1CCN(CC(=O)c2ccc(OCCCN3CCCC3C)cc2)CC1,0.0,0.0,0.0,0.0,8.49,0.0,0.0,0.0,0.0,0.0,0.0,0.0,0.0,0.0,0.0,0.0,0.0,0.0,0.0,0.0,0.0,0.0,0.0,0.0,0.0,0.0,0.0
COC(=O)c1c(C)noc1-c1ccc2cc(CCN3CCCC3C)ccc2n1,0.0,0.0,0.0,0.0,0.0,0.0,0.0,0.0,0.0,0.0,0.0,0.0,9.15,0.0,0.0,0.0,0.0,0.0,0.0,0.0,0.0,0.0,0.0,0.0,0.0,0.0,0.0
COC(=O)c1cc(-c2ccc3cc(CCN4CCCC4C)ccc3n2)on1,0.0,0.0,0.0,0.0,0.0,0.0,0.0,0.0,0.0,0.0,0.0,0.0,8.46,0.0,0.0,0.0,0.0,0.0,0.0,0.0,0.0,0.0,0.0,0.0,0.0,0.0,0.0
COC(=O)c1ncn(C2C(O)C(O)C3(CO)CC23)n1,0.0,0.0,0.0,0.0,0.0,0.0,0.0,0.0,0.0,0.0,0.0,0.0,5.34,0.0,0.0,0.0,0.0,0.0,0.0,0.0,0.0,0.0,0.0,0.0,0.0,0.0,0.0
COC(=O)c1oc(-c2ccc(OC3CC(N4CCCCC4)C3)cc2)nc1C,0.0,0.0,0.0,0.0,8.7,0.0,0.0,0.0,0.0,0.0,0.0,0.0,0.0,0.0,0.0,0.0,0.0,0.0,0.0,0.0,0.0,0.0,0.0,0.0,0.0,0.0,0.0
COC1(c2ccccn2)CCCN(c2nnc(N3CCC(N4CCCCC4)CC3)s2)C1,0.0,0.0,0.0,0.0,0.0,0.0,0.0,0.0,0.0,0.0,0.0,0.0,7.96,0.0,0.0,0.0,0.0,0.0,0.0,0.0,0.0,0.0,0.0,0.0,0.0,0.0,0.0
COC1CCCN(c2nnc(N3CCC(N4CCCCC4)CC3)s2)C1,0.0,0.0,0.0,0.0,0.0,0.0,0.0,0.0,0.0,0.0,0.0,0.0,7.43,0.0,0.0,0.0,0.0,0.0,0.0,0.0,0.0,0.0,0.0,0.0,0.0,0.0,0.0
COC1CCN(C(=O)c2cc3cc(OC4CCN(C(C)C)CC4)ccc3[nH]2)CC1,0.0,0.0,0.0,0.0,8.05,0.0,0.0,0.0,0.0,0.0,0.0,0.0,0.0,0.0,0.0,0.0,0.0,0.0,0.0,0.0,0.0,0.0,0.0,0.0,0.0,0.0,0.0
COC1CCN(C(=O)c2ccc3cc(OC4CCN(C(C)C)CC4)ccc3c2)CC1,0.0,0.0,0.0,0.0,7.21,0.0,0.0,0.0,0.0,0.0,0.0,0.0,0.0,0.0,0.0,0.0,0.0,0.0,0.0,0.0,0.0,0.0,0.0,0.0,0.0,0.0,0.0
COC1CCN(C(=O)c2ccc3cc(OC4CCN(C(C)C)CC4)ccc3n2)CC1,0.0,0.0,0.0,0.0,6.9,0.0,0.0,0.0,0.0,0.0,0.0,0.0,0.0,0.0,0.0,0.0,0.0,0.0,0.0,0.0,0.0,0.0,0.0,0.0,0.0,0.0,0.0
COC1CCN(C(=O)c2ccc3cc(OCCCN4CCCCC4)ccc3c2)CC1,0.0,0.0,0.0,0.0,7.52,0.0,0.0,0.0,0.0,0.0,0.0,0.0,0.0,0.0,0.0,0.0,0.0,0.0,0.0,0.0,0.0,0.0,0.0,0.0,0.0,0.0,0.0
COC1CCN(S(=O)(=O)c2ccc(-c3ccc(CCN4CCCC4C)cc3)cc2)CC1,0.0,0.0,0.0,0.0,0.0,0.0,0.0,0.0,0.0,0.0,0.0,0.0,9.2,0.0,0.0,0.0,0.0,0.0,0.0,0.0,0.0,0.0,0.0,0.0,0.0,0.0,0.0
COCC1CCCN1CCCOc1ccc(-c2nn(C(C)C)c(=O)c3ccsc23)cc1,0.0,0.0,0.0,0.0,7.3,0.0,0.0,0.0,0.0,0.0,0.0,0.0,0.0,0.0,0.0,0.0,0.0,0.0,0.0,0.0,0.0,0.0,0.0,0.0,0.0,0.0,0.0
COCC1CCCN1CCCOc1ccc(C(=O)CN2CCOCC2)cc1,0.0,0.0,0.0,0.0,0.0,0.0,0.0,0.0,0.0,0.0,0.0,0.0,5.93,0.0,0.0,0.0,0.0,0.0,0.0,0.0,0.0,0.0,0.0,0.0,0.0,0.0,0.0
COCC1CCCN1S(=O)(=O)c1ccc(-c2ccc(CCN3CCCC3C)cc2)cc1,0.0,0.0,0.0,0.0,0.0,0.0,0.0,0.0,0.0,0.0,0.0,0.0,8.3,0.0,0.0,0.0,0.0,0.0,0.0,0.0,0.0,0.0,0.0,0.0,0.0,0.0,0.0
COCCCC(c1ccc(-c2ccc(CN3CCCCC3)cc2)cc1)N1CCCC1C,0.0,9.06,0.0,0.0,0.0,0.0,0.0,0.0,0.0,0.0,0.0,0.0,0.0,0.0,0.0,0.0,0.0,0.0,0.0,0.0,0.0,0.0,0.0,0.0,0.0,0.0,0.0
COCCCS(=O)(=O)c1ccc(-c2ccc(CCN3CCCC3C)cc2)cc1,0.0,0.0,0.0,0.0,0.0,0.0,0.0,0.0,0.0,0.0,0.0,0.0,8.38,0.0,0.0,0.0,0.0,0.0,0.0,0.0,0.0,0.0,0.0,0.0,0.0,0.0,0.0
COCCN1CCCC1Cn1nc(Cc2ccc(Cl)cc2)c2ccccc2c1=O,0.0,0.0,0.0,0.0,0.0,6.4,0.0,0.0,0.0,0.0,0.0,0.0,0.0,0.0,0.0,0.0,0.0,0.0,0.0,0.0,0.0,0.0,0.0,0.0,0.0,0.0,0.0
COCCN1CCCC1Cn1nc(Cc2ccc(Cl)cc2)c2cccnc2c1=O,0.0,0.0,0.0,0.0,0.0,6.2,0.0,0.0,0.0,0.0,0.0,0.0,0.0,0.0,0.0,0.0,0.0,0.0,0.0,0.0,0.0,0.0,0.0,0.0,0.0,0.0,0.0
COCCN1CCCC1Cn1nc(Cc2ccc(Cl)cc2)c2cnccc2c1=O,0.0,0.0,0.0,0.0,0.0,6.2,0.0,0.0,0.0,0.0,0.0,0.0,0.0,0.0,0.0,0.0,0.0,0.0,0.0,0.0,0.0,0.0,0.0,0.0,0.0,0.0,0.0
COCCN1CCCC1Cn1nc(Cc2ccc(Cl)cc2)c2ncccc2c1=O,0.0,0.0,0.0,0.0,0.0,6.2,0.0,0.0,0.0,0.0,0.0,0.0,0.0,0.0,0.0,0.0,0.0,0.0,0.0,0.0,0.0,0.0,0.0,0.0,0.0,0.0,0.0
COCCN1CCn2c(cc3cc(OC4CCN(C(C)C)CC4)ccc32)C1=O,0.0,0.0,0.0,0.0,0.0,0.0,0.0,0.0,0.0,0.0,0.0,0.0,7.72,0.0,0.0,0.0,0.0,0.0,0.0,0.0,0.0,0.0,0.0,0.0,0.0,0.0,0.0
COCCNCc1cc(OCCCN2CCCCC2)no1,0.0,7.1,0.0,0.0,0.0,0.0,0.0,0.0,0.0,0.0,0.0,0.0,0.0,0.0,0.0,0.0,0.0,0.0,0.0,0.0,0.0,0.0,0.0,0.0,0.0,0.0,0.0
COCCNCc1ccc(C(=O)N2CCN(C(C)C)CC2)o1,0.0,7.46,0.0,0.0,0.0,0.0,0.0,0.0,0.0,0.0,0.0,0.0,0.0,0.0,0.0,0.0,0.0,0.0,0.0,0.0,0.0,0.0,0.0,0.0,0.0,0.0,0.0
COCCNCc1ccc(C(=O)N2CCN(C(C)C)CC2)s1,0.0,8.36,0.0,0.0,0.0,0.0,0.0,0.0,0.0,0.0,0.0,0.0,0.0,0.0,0.0,0.0,0.0,0.0,0.0,0.0,0.0,0.0,0.0,0.0,0.0,0.0,0.0
COCCNCc1nc(C(=O)N2CCN(C(C)C)CC2)co1,0.0,6.34,0.0,0.0,0.0,0.0,0.0,0.0,0.0,0.0,0.0,0.0,0.0,0.0,0.0,0.0,0.0,0.0,0.0,0.0,0.0,0.0,0.0,0.0,0.0,0.0,0.0
COCCNCc1nc(C(=O)N2CCN(C(C)C)CC2)cs1,0.0,6.45,0.0,0.0,0.0,0.0,0.0,0.0,0.0,0.0,0.0,0.0,0.0,0.0,0.0,0.0,0.0,0.0,0.0,0.0,0.0,0.0,0.0,0.0,0.0,0.0,0.0
COCCNS(=O)(=O)c1ccc(-c2ccc(CCN3CCCC3C)cc2)cc1,0.0,0.0,0.0,0.0,0.0,0.0,0.0,0.0,0.0,0.0,0.0,0.0,8.5,0.0,0.0,0.0,0.0,0.0,0.0,0.0,0.0,0.0,0.0,0.0,0.0,0.0,0.0
COCCOc1ccc2c(c1)CCC1(CCN(C3CCC3)CC1)O2,0.0,0.0,0.0,0.0,0.0,0.0,0.0,0.0,0.0,0.0,0.0,0.0,7.38,0.0,0.0,0.0,0.0,0.0,0.0,0.0,0.0,0.0,0.0,0.0,0.0,0.0,0.0
COCn1ncc(-c2ccc(OCCCN3CCCC3C)cc2)c(OC)c1=O,0.0,0.0,0.0,0.0,8.3,0.0,0.0,0.0,0.0,0.0,0.0,0.0,0.0,0.0,0.0,0.0,0.0,0.0,0.0,0.0,0.0,0.0,0.0,0.0,0.0,0.0,0.0
COCn1ncc(-c2ccc(OCCCN3CCCC3C)cc2)cc1=O,0.0,0.0,0.0,0.0,8.4,0.0,0.0,0.0,0.0,0.0,0.0,0.0,0.0,0.0,0.0,0.0,0.0,0.0,0.0,0.0,0.0,0.0,0.0,0.0,0.0,0.0,0.0
COCn1ncc(OC)c(-c2ccc(OCCCN3CCCC3C)cc2)c1=O,0.0,0.0,0.0,0.0,8.0,0.0,0.0,0.0,0.0,0.0,0.0,0.0,0.0,0.0,0.0,0.0,0.0,0.0,0.0,0.0,0.0,0.0,0.0,0.0,0.0,0.0,0.0
COc1c(OCCF)cccc1C(=O)C1CCN(CCc2ccc(C)cc2)CC1,0.0,0.0,0.0,0.0,0.0,0.0,0.0,0.0,0.0,0.0,0.0,0.0,5.04,0.0,0.0,0.0,0.0,0.0,0.0,0.0,0.0,0.0,0.0,0.0,0.0,0.0,0.0
COc1cc(-c2cc3sc(N4CCC(N5CCCCC5)CC4)nc3cn2)ccn1,0.0,0.0,0.0,0.0,0.0,0.0,0.0,0.0,0.0,0.0,0.0,0.0,7.19,0.0,0.0,7.19,0.0,0.0,0.0,0.0,0.0,0.0,0.0,0.0,0.0,0.0,0.0
COc1cc(-c2cnc3nc(N4CCC(N5CCCCC5)CC4)oc3c2)ccn1,0.0,0.0,0.0,0.0,0.0,0.0,0.0,0.0,0.0,0.0,0.0,0.0,0.0,0.0,0.0,7.37,0.0,0.0,0.0,0.0,0.0,0.0,0.0,0.0,0.0,0.0,0.0
COc1cc(-c2cnc3nc(N4CCC(N5CCCCC5)CC4)sc3c2)ccn1,0.0,0.0,0.0,0.0,0.0,0.0,0.0,0.0,0.0,0.0,0.0,0.0,8.4,0.0,0.0,8.4,0.0,0.0,0.0,0.0,0.0,0.0,0.0,0.0,0.0,0.0,0.0
COc1cc(-n2cnc3cc(-c4ccc(Cl)cc4)sc3c2=O)ccc1OCCN1CCCC1,0.0,0.0,0.0,0.0,0.0,0.0,0.0,0.0,0.0,0.0,0.0,0.0,0.0,0.0,0.0,6.68,0.0,0.0,0.0,0.0,0.0,0.0,0.0,0.0,0.0,0.0,0.0
COc1cc(C#N)cc(-c2nnc(N3CCC(N4CCCCC4)CC3)s2)c1,0.0,0.0,0.0,0.0,0.0,0.0,0.0,0.0,0.0,0.0,0.0,0.0,0.0,0.0,0.0,7.92,0.0,0.0,0.0,0.0,0.0,0.0,0.0,0.0,0.0,0.0,0.0
COc1cc(CN2CCCC2)ccc1OCCCN1CCC(c2noc3cc(F)ccc23)CC1,0.0,0.0,0.0,0.0,0.0,0.0,0.0,0.0,0.0,0.0,0.0,0.0,6.82,0.0,0.0,0.0,0.0,0.0,0.0,0.0,0.0,0.0,0.0,0.0,0.0,0.0,0.0
COc1cc(CN2CCCCC2)ccc1OCCCN1CCC(c2noc3cc(F)ccc23)CC1,0.0,0.0,0.0,0.0,0.0,0.0,0.0,0.0,0.0,0.0,0.0,0.0,6.59,0.0,0.0,0.0,0.0,0.0,0.0,0.0,0.0,0.0,0.0,0.0,0.0,0.0,0.0
COc1cc(CN2CCOCC2)ccc1OCCCN1CCC(c2noc3cc(F)ccc23)CC1,0.0,0.0,0.0,0.0,0.0,0.0,0.0,0.0,0.0,0.0,0.0,0.0,6.83,0.0,0.0,0.0,0.0,0.0,0.0,0.0,0.0,0.0,0.0,0.0,0.0,0.0,0.0
COc1cc(Cl)cc(-c2nnc(N3CCC(N4CCCCC4)CC3)s2)c1,0.0,0.0,0.0,0.0,0.0,0.0,0.0,0.0,0.0,0.0,0.0,0.0,0.0,0.0,0.0,7.92,0.0,0.0,0.0,0.0,0.0,0.0,0.0,0.0,0.0,0.0,0.0
COc1cc(NC2(c3cccc(Cl)c3)C(=O)N(C(C)(C)C)C(=O)C2=Cc2ccccc2)cc(OC)c1OC,0.0,0.0,0.0,0.0,0.0,0.0,0.0,0.0,0.0,0.0,0.0,0.0,0.0,0.0,0.0,0.0,0.0,0.0,0.0,0.0,0.0,0.0,5.5,0.0,0.0,0.0,0.0
COc1cc(Nc2nnc(CCN3CCCCC3)o2)cc(OC)c1,0.0,0.0,0.0,0.0,0.0,0.0,0.0,0.0,0.0,0.0,0.0,0.0,0.0,0.0,0.0,5.96,0.0,0.0,0.0,0.0,0.0,0.0,0.0,0.0,0.0,0.0,0.0
COc1cc(OC)cc(-c2nnc(N3CCC(N4CCCCC4)CC3)s2)c1,0.0,0.0,0.0,0.0,0.0,0.0,0.0,0.0,0.0,0.0,0.0,0.0,0.0,0.0,0.0,7.82,0.0,0.0,0.0,0.0,0.0,0.0,0.0,0.0,0.0,0.0,0.0
COc1cc(OC2CCN(C3CCC3)CC2)ccc1NC(=O)CN1CCOCC1,0.0,0.0,0.0,0.0,0.0,0.0,0.0,0.0,0.0,0.0,0.0,0.0,0.0,0.0,0.0,0.0,7.04,0.0,0.0,0.0,0.0,0.0,0.0,0.0,0.0,0.0,0.0
COc1cc(OCCCN2CCCC2C)ccc1-c1ccc(=O)[nH]n1,0.0,0.0,0.0,0.0,6.82,0.0,0.0,0.0,0.0,0.0,0.0,0.0,0.0,0.0,0.0,0.0,0.0,0.0,0.0,0.0,0.0,0.0,0.0,0.0,0.0,0.0,0.0
COc1cc2c(NC3CCN(C(C)C)CC3)nc(N3CCC(F)(F)CC3)nc2cc1OCCCN1CCCC1,0.0,0.0,0.0,0.0,0.0,0.0,0.0,0.0,0.0,0.0,0.0,0.0,7.35,0.0,0.0,0.0,0.0,0.0,0.0,0.0,0.0,0.0,0.0,0.0,0.0,0.0,0.0
COc1cc2c(cc1OC)CN(C(=O)N1CCN(C(C)C)CC1)CC2,0.0,0.0,0.0,0.0,0.0,0.0,0.0,0.0,0.0,0.0,0.0,0.0,7.8,0.0,0.0,0.0,0.0,0.0,0.0,0.0,0.0,0.0,0.0,0.0,7.8,0.0,0.0
COc1ccc(-c2cc3sc(N4CCC(N5CCCCC5)CC4)nc3cn2)cn1,0.0,0.0,0.0,0.0,0.0,0.0,0.0,0.0,0.0,0.0,0.0,0.0,7.03,0.0,0.0,7.03,0.0,0.0,0.0,0.0,0.0,0.0,0.0,0.0,0.0,0.0,0.0
COc1ccc(-c2ccc(N3CCC4CN(C)CC43)cc2)cc1,0.0,0.0,0.0,0.0,0.0,0.0,8.82,0.0,0.0,0.0,0.0,0.0,0.0,0.0,0.0,0.0,0.0,0.0,0.0,0.0,0.0,0.0,0.0,0.0,0.0,0.0,0.0
COc1ccc(-c2cnc3nc(N4CCC(N5CCCCC5)CC4)sc3c2)cn1,0.0,0.0,0.0,0.0,0.0,0.0,0.0,0.0,0.0,0.0,0.0,0.0,7.46,0.0,0.0,7.46,0.0,0.0,0.0,0.0,0.0,0.0,0.0,0.0,0.0,0.0,0.0
COc1ccc(-c2nnc(N3CCC(N4CCCC4)CC3)s2)cc1,0.0,0.0,0.0,0.0,0.0,0.0,0.0,0.0,0.0,0.0,0.0,0.0,0.0,0.0,0.0,6.22,0.0,0.0,0.0,0.0,0.0,0.0,0.0,0.0,0.0,0.0,0.0
COc1ccc(-c2nnc(N3CCC(N4CCCCC4)CC3)s2)cc1,0.0,0.0,0.0,0.0,0.0,0.0,0.0,0.0,0.0,0.0,0.0,0.0,0.0,0.0,0.0,7.4,0.0,0.0,0.0,0.0,0.0,0.0,0.0,0.0,0.0,0.0,0.0
COc1ccc(-c2nnc(N3CCN(C4CCCC4)CC3)s2)cc1,0.0,0.0,0.0,0.0,0.0,0.0,0.0,0.0,0.0,0.0,0.0,0.0,0.0,0.0,0.0,6.74,0.0,0.0,0.0,0.0,0.0,0.0,0.0,0.0,0.0,0.0,0.0
COc1ccc(-c2nnc(N3CCN4CCCC4C3)s2)cc1,0.0,0.0,0.0,0.0,0.0,0.0,0.0,0.0,0.0,0.0,0.0,0.0,0.0,0.0,0.0,6.18,0.0,0.0,0.0,0.0,0.0,0.0,0.0,0.0,0.0,0.0,0.0
COc1ccc(C(=O)c2ccc3oc(CCN4CCCC4C)cc3c2)cc1,0.0,0.0,0.0,0.0,0.0,0.0,9.28,0.0,0.0,0.0,0.0,0.0,0.0,0.0,0.0,0.0,0.0,0.0,0.0,0.0,0.0,0.0,0.0,0.0,0.0,0.0,0.0
COc1ccc(C(C)NC(=O)N=C(N)NCCCc2sc(N)nc2C)cc1,0.0,0.0,0.0,0.0,0.0,0.0,0.0,4.48,0.0,0.0,0.0,0.0,0.0,0.0,0.0,0.0,0.0,0.0,0.0,0.0,0.0,0.0,0.0,0.0,0.0,0.0,0.0
COc1ccc(C2CN(C)Cc3cc(OCC4CCN(C(C)C)CC4)ncc32)cc1,0.0,7.89,0.0,0.0,0.0,0.0,0.0,0.0,0.0,0.0,0.0,0.0,0.0,0.0,0.0,0.0,0.0,0.0,0.0,0.0,0.0,0.0,0.0,0.0,0.0,0.0,0.0
COc1ccc(C2CN(C)Cc3cc(OCCCN(C4CC4)C4CC4)ccc32)cc1,0.0,0.0,0.0,0.0,0.0,0.0,0.0,0.0,0.0,0.0,0.0,0.0,8.13,0.0,0.0,0.0,0.0,0.0,0.0,0.0,0.0,0.0,0.0,0.0,0.0,0.0,0.0
COc1ccc(C2CN(C)Cc3cc(OCCCN4CC(F)(F)C4)ccc32)cc1,0.0,0.0,0.0,0.0,0.0,0.0,0.0,0.0,0.0,0.0,0.0,0.0,7.16,0.0,0.0,0.0,0.0,0.0,0.0,0.0,0.0,0.0,0.0,0.0,0.0,0.0,0.0
COc1ccc(C2CN(C)Cc3cc(OCCCN4CCC(C#N)CC4)ccc32)cc1,0.0,0.0,0.0,0.0,0.0,0.0,0.0,0.0,0.0,0.0,0.0,0.0,8.13,0.0,0.0,0.0,0.0,0.0,0.0,0.0,0.0,0.0,0.0,0.0,0.0,0.0,0.0
COc1ccc(C2CN(C)Cc3cc(OCCCN4CCC(C(F)(F)F)CC4)ccc32)cc1,0.0,0.0,0.0,0.0,0.0,0.0,0.0,0.0,0.0,0.0,0.0,0.0,7.4,0.0,0.0,0.0,0.0,0.0,0.0,0.0,0.0,0.0,0.0,0.0,0.0,0.0,0.0
COc1ccc(C2CN(C)Cc3cc(OCCCN4CCC(CO)CC4)ccc32)cc1,0.0,0.0,0.0,0.0,0.0,0.0,0.0,0.0,0.0,0.0,0.0,0.0,8.02,0.0,0.0,0.0,0.0,0.0,0.0,0.0,0.0,0.0,0.0,0.0,0.0,0.0,0.0
COc1ccc(C2CN(C)Cc3cc(OCCCN4CCC(F)(F)C4)ccc32)cc1,0.0,0.0,0.0,0.0,0.0,0.0,0.0,0.0,0.0,0.0,0.0,0.0,8.02,0.0,0.0,0.0,0.0,0.0,0.0,0.0,0.0,0.0,0.0,0.0,0.0,0.0,0.0
COc1ccc(C2CN(C)Cc3cc(OCCCN4CCC(F)(F)CC4)ccc32)cc1,0.0,0.0,0.0,0.0,0.0,0.0,0.0,0.0,0.0,0.0,0.0,0.0,8.06,0.0,0.0,0.0,0.0,0.0,0.0,0.0,0.0,0.0,0.0,0.0,0.0,0.0,0.0
COc1ccc(C2CN(C)Cc3cc(OCCCN4CCC(F)CC4)ccc32)cc1,0.0,0.0,0.0,0.0,0.0,0.0,0.0,0.0,0.0,0.0,0.0,0.0,8.7,0.0,0.0,0.0,0.0,0.0,0.0,0.0,0.0,0.0,0.0,0.0,0.0,0.0,0.0
COc1ccc(C2CN(C)Cc3cc(OCCCN4CCC(F)CC4)ccc32)cc1Cl,0.0,0.0,0.0,0.0,0.0,0.0,0.0,0.0,0.0,0.0,0.0,0.0,8.01,0.0,0.0,0.0,0.0,0.0,0.0,0.0,0.0,0.0,0.0,0.0,0.0,0.0,0.0
COc1ccc(C2CN(C)Cc3cc(OCCCN4CCC(O)CC4)ccc32)cc1,0.0,0.0,0.0,0.0,0.0,0.0,0.0,0.0,0.0,0.0,0.0,0.0,7.96,0.0,0.0,0.0,0.0,0.0,0.0,0.0,0.0,0.0,0.0,0.0,0.0,0.0,0.0
COc1ccc(C2CN(C)Cc3cc(OCCCN4CCC4)ccc32)cc1,0.0,0.0,0.0,0.0,0.0,0.0,0.0,0.0,0.0,0.0,0.0,0.0,8.4,0.0,0.0,0.0,0.0,0.0,0.0,0.0,0.0,0.0,0.0,0.0,0.0,0.0,0.0
COc1ccc(C2CN(C)Cc3cc(OCCCN4CCCC(F)(F)C4)ccc32)cc1,0.0,0.0,0.0,0.0,0.0,0.0,0.0,0.0,0.0,0.0,0.0,0.0,7.85,0.0,0.0,0.0,0.0,0.0,0.0,0.0,0.0,0.0,0.0,0.0,0.0,0.0,0.0
COc1ccc(C2CN(C)Cc3cc(OCCCN4CCCCC4)ccc32)cc1,0.0,0.0,0.0,0.0,0.0,0.0,0.0,0.0,0.0,0.0,0.0,0.0,8.7,0.0,0.0,0.0,0.0,0.0,0.0,0.0,0.0,0.0,0.0,0.0,0.0,0.0,0.0
COc1ccc(C2CN(C)Cc3cc(OCCCN4CCCCC4)ncc32)cc1,0.0,7.92,0.0,0.0,0.0,0.0,0.0,0.0,0.0,0.0,0.0,0.0,0.0,0.0,0.0,0.0,0.0,0.0,0.0,0.0,0.0,0.0,0.0,0.0,0.0,0.0,0.0
COc1ccc(C2CN(C)Cc3cc(OCCCN4CCN(C(=O)C(C)C)CC4)ccc32)cc1,0.0,0.0,0.0,0.0,0.0,0.0,0.0,0.0,0.0,0.0,0.0,0.0,6.29,0.0,0.0,0.0,0.0,0.0,0.0,0.0,0.0,0.0,0.0,0.0,0.0,0.0,0.0
COc1ccc(C2CN(C)Cc3cc(OCCCN4CCN(C(=O)c5cccn5C)CC4)ccc32)cc1,0.0,0.0,0.0,0.0,0.0,0.0,0.0,0.0,0.0,0.0,0.0,0.0,5.58,0.0,0.0,0.0,0.0,0.0,0.0,0.0,0.0,0.0,0.0,0.0,0.0,0.0,0.0
COc1ccc(C2CN(C)Cc3cc(OCCCN4CCN(C(=O)c5ccncc5)CC4)ccc32)cc1,0.0,0.0,0.0,0.0,0.0,0.0,0.0,0.0,0.0,0.0,0.0,0.0,5.55,0.0,0.0,0.0,0.0,0.0,0.0,0.0,0.0,0.0,0.0,0.0,0.0,0.0,0.0
COc1ccc(C2CN(C)Cc3cc(OCCCN4CCN(C(C)=O)CC4)ccc32)cc1,0.0,0.0,0.0,0.0,0.0,0.0,0.0,0.0,0.0,0.0,0.0,0.0,6.57,0.0,0.0,0.0,0.0,0.0,0.0,0.0,0.0,0.0,0.0,0.0,0.0,0.0,0.0
COc1ccc(C2CN(C)Cc3cc(OCCCN4CCN(C(C)C)CC4)ccc32)cc1,0.0,0.0,0.0,0.0,0.0,0.0,0.0,0.0,0.0,0.0,0.0,0.0,8.01,0.0,0.0,0.0,0.0,0.0,0.0,0.0,0.0,0.0,0.0,0.0,0.0,0.0,0.0
COc1ccc(C2CN(C)Cc3cc(OCCCN4CCN(C5CC5)CC4)ccc32)cc1,0.0,0.0,0.0,0.0,0.0,0.0,0.0,0.0,0.0,0.0,0.0,0.0,7.52,0.0,0.0,0.0,0.0,0.0,0.0,0.0,0.0,0.0,0.0,0.0,0.0,0.0,0.0
COc1ccc(C2CN(C)Cc3cc(OCCCN4CCN(c5ccc(C#N)cc5)CC4)ccc32)cc1,0.0,0.0,0.0,0.0,0.0,0.0,0.0,0.0,0.0,0.0,0.0,0.0,6.84,0.0,0.0,0.0,0.0,0.0,0.0,0.0,0.0,0.0,0.0,0.0,0.0,0.0,0.0
COc1ccc(C2CN(C)Cc3cc(OCCCN4CCN(c5ccc(C(F)(F)F)cc5)CC4)ccc32)cc1,0.0,0.0,0.0,0.0,0.0,0.0,0.0,0.0,0.0,0.0,0.0,0.0,5.84,0.0,0.0,0.0,0.0,0.0,0.0,0.0,0.0,0.0,0.0,0.0,0.0,0.0,0.0
COc1ccc(C2CN(C)Cc3cc(OCCCN4CCN(c5ccccc5O)CC4)ccc32)cc1,0.0,0.0,0.0,0.0,0.0,0.0,0.0,0.0,0.0,0.0,0.0,0.0,5.96,0.0,0.0,0.0,0.0,0.0,0.0,0.0,0.0,0.0,0.0,0.0,0.0,0.0,0.0
COc1ccc(C2CN(C)Cc3cc(OCCCN4CCN(c5ccncc5)CC4)ccc32)cc1,0.0,0.0,0.0,0.0,0.0,0.0,0.0,0.0,0.0,0.0,0.0,0.0,8.48,0.0,0.0,0.0,0.0,0.0,0.0,0.0,0.0,0.0,0.0,0.0,0.0,0.0,0.0
COc1ccc(C2CN(C)Cc3cc(OCCCN4CCN(c5nccs5)CC4)ccc32)cc1,0.0,0.0,0.0,0.0,0.0,0.0,0.0,0.0,0.0,0.0,0.0,0.0,6.57,0.0,0.0,0.0,0.0,0.0,0.0,0.0,0.0,0.0,0.0,0.0,0.0,0.0,0.0
COc1ccc(C2CN(C)Cc3cc(OCCCN4CCOCC4)ccc32)cc1,0.0,0.0,0.0,0.0,0.0,0.0,0.0,0.0,0.0,0.0,0.0,0.0,8.42,0.0,0.0,0.0,0.0,0.0,0.0,0.0,0.0,0.0,0.0,0.0,0.0,0.0,0.0
COc1ccc(C2CN(C)Cc3cc(OCCCN4CCOCC4)ncc32)cc1,0.0,7.05,0.0,0.0,0.0,0.0,0.0,0.0,0.0,0.0,0.0,0.0,0.0,0.0,0.0,0.0,0.0,0.0,0.0,0.0,0.0,0.0,0.0,0.0,0.0,0.0,0.0
COc1ccc(C2CN(C)Cc3cc(OCCCN4CCOCC4C)ccc32)cc1,0.0,0.0,0.0,0.0,0.0,0.0,0.0,0.0,0.0,0.0,0.0,0.0,8.25,0.0,0.0,0.0,0.0,0.0,0.0,0.0,0.0,0.0,0.0,0.0,0.0,0.0,0.0
COc1ccc(C2CN(C)Cc3cc(OCCCN4CCS(=O)(=O)CC4)ccc32)cc1,0.0,0.0,0.0,0.0,0.0,0.0,0.0,0.0,0.0,0.0,0.0,0.0,6.97,0.0,0.0,0.0,0.0,0.0,0.0,0.0,0.0,0.0,0.0,0.0,0.0,0.0,0.0
COc1ccc(C2CN(C)Cc3cc(OCCCNC4CC4)ccc32)cc1,0.0,0.0,0.0,0.0,0.0,0.0,0.0,0.0,0.0,0.0,0.0,0.0,7.42,0.0,0.0,0.0,0.0,0.0,0.0,0.0,0.0,0.0,0.0,0.0,0.0,0.0,0.0
COc1ccc(C2CN3CCCC3c3cc(OCCCN4CCCCC4)ccc32)cc1,9.15,8.64,0.0,0.0,0.0,0.0,0.0,0.0,0.0,0.0,0.0,0.0,9.15,0.0,0.0,0.0,0.0,0.0,0.0,0.0,0.0,0.0,0.0,0.0,0.0,0.0,0.0
COc1ccc(C2CNCc3cc(OCC4CCN(C(C)C)CC4)ncc32)cc1,0.0,8.4,0.0,0.0,0.0,0.0,0.0,0.0,0.0,0.0,0.0,0.0,0.0,0.0,0.0,0.0,0.0,0.0,0.0,0.0,0.0,0.0,0.0,0.0,0.0,0.0,0.0
COc1ccc(C2CNCc3cc(OCCCN4CCCCC4)ncc32)cc1,0.0,8.4,0.0,0.0,0.0,0.0,0.0,0.0,0.0,0.0,0.0,0.0,0.0,0.0,0.0,0.0,0.0,0.0,0.0,0.0,0.0,0.0,0.0,0.0,0.0,0.0,0.0
COc1ccc(C2CNCc3cc(OCCCN4CCOCC4)ncc32)cc1,0.0,7.37,0.0,0.0,0.0,0.0,0.0,0.0,0.0,0.0,0.0,0.0,0.0,0.0,0.0,0.0,0.0,0.0,0.0,0.0,0.0,0.0,0.0,0.0,0.0,0.0,0.0
COc1ccc(CCN2CCCC2)cc1,0.0,0.0,0.0,0.0,0.0,0.0,0.0,0.0,0.0,0.0,0.0,0.0,0.0,0.0,0.0,7.39,0.0,0.0,0.0,0.0,0.0,0.0,0.0,0.0,0.0,0.0,0.0
COc1ccc(CCN2CCCC2C)cc1,0.0,0.0,0.0,0.0,0.0,0.0,0.0,0.0,0.0,0.0,0.0,0.0,0.0,0.0,0.0,8.64,0.0,0.0,0.0,0.0,0.0,0.0,0.0,0.0,0.0,0.0,0.0
COc1ccc(CCNC(=N)SCCCc2c[nH]cn2)cc1,0.0,7.7,0.0,0.0,0.0,0.0,0.0,0.0,0.0,0.0,0.0,0.0,0.0,0.0,0.0,0.0,0.0,0.0,0.0,0.0,0.0,0.0,0.0,0.0,0.0,0.0,0.0
COc1ccc(CNC(=N)SCCCc2c[nH]cn2)cc1,0.0,8.1,0.0,0.0,0.0,0.0,0.0,0.0,0.0,0.0,0.0,0.0,0.0,0.0,0.0,0.0,0.0,0.0,0.0,0.0,0.0,0.0,0.0,0.0,0.0,0.0,0.0
COc1ccc(CNC(=O)N(c2ccc(Br)cc2)C2CCN(C3CCCC3)CC2)cc1,0.0,0.0,0.0,0.0,0.0,0.0,0.0,0.0,0.0,0.0,0.0,0.0,0.0,0.0,0.0,0.0,0.0,0.0,0.0,0.0,0.0,0.0,0.0,0.0,7.33,0.0,0.0
COc1ccc(CNC(=O)N2CCCC2CN2CCCC2)cc1,0.0,0.0,0.0,0.0,0.0,0.0,0.0,0.0,0.0,0.0,0.0,0.0,0.0,0.0,0.0,0.0,0.0,0.0,0.0,0.0,0.0,0.0,0.0,0.0,6.53,0.0,0.0
COc1ccc(Cc2nn(CC3CCCN3C)c(=O)c3ccccc23)cc1,0.0,0.0,0.0,0.0,0.0,7.1,0.0,0.0,0.0,0.0,0.0,0.0,0.0,0.0,0.0,0.0,0.0,0.0,0.0,0.0,0.0,0.0,0.0,0.0,0.0,0.0,0.0
COc1ccc(Cc2nn(CC3CCCN3CCCCc3ccc(OCCCN4CCCCCC4)cc3)c(=O)c3ccccc23)cc1,0.0,0.0,0.0,0.0,0.0,9.5,0.0,0.0,0.0,0.0,0.0,0.0,0.0,0.0,0.0,0.0,0.0,0.0,0.0,0.0,0.0,0.0,0.0,0.0,0.0,0.0,0.0
COc1ccc(N2CCC(Cc3c[nH]cn3)CC2)cc1,0.0,0.0,0.0,0.0,8.27,0.0,0.0,0.0,0.0,0.0,0.0,0.0,0.0,0.0,0.0,0.0,0.0,0.0,0.0,0.0,0.0,0.0,0.0,0.0,0.0,0.0,0.0
COc1ccc(Nc2nnc(CCN3CCCCC3)o2)cc1,0.0,0.0,0.0,0.0,0.0,0.0,0.0,0.0,0.0,0.0,0.0,0.0,0.0,0.0,0.0,5.8,0.0,0.0,0.0,0.0,0.0,0.0,0.0,0.0,0.0,0.0,0.0
COc1ccc(OC(CCN(C)C)c2ccc(OCCCN3CCCCC3)cc2)cc1,0.0,0.0,0.0,0.0,0.0,0.0,0.0,0.0,0.0,0.0,0.0,0.0,9.0,0.0,0.0,0.0,0.0,0.0,0.0,0.0,0.0,0.0,0.0,0.0,0.0,0.0,0.0
COc1ccc(OCCCC(c2ccc(-c3ccc(CN4CCCCC4)cc3)cc2)N2CCCC2C)cc1,0.0,8.9,0.0,0.0,0.0,0.0,0.0,0.0,0.0,0.0,0.0,0.0,0.0,0.0,0.0,0.0,0.0,0.0,0.0,0.0,0.0,0.0,0.0,0.0,0.0,0.0,0.0
COc1ccc(OCCCc2c[nH]cn2)cc1,0.0,0.0,0.0,0.0,0.0,0.0,0.0,0.0,0.0,0.0,0.0,0.0,0.0,0.0,0.0,0.0,7.33,0.0,0.0,0.0,0.0,0.0,0.0,0.0,0.0,0.0,0.0
COc1ccc(SCCc2c[nH]cn2)cc1,0.0,0.0,0.0,0.0,7.62,0.0,0.0,0.0,0.0,0.0,0.0,0.0,0.0,0.0,0.0,0.0,0.0,0.0,0.0,0.0,0.0,0.0,0.0,0.0,0.0,0.0,0.0
COc1ccc2[nH]c(CCN3CCCC3)cc2c1,0.0,0.0,0.0,0.0,0.0,0.0,0.0,0.0,0.0,0.0,0.0,0.0,0.0,0.0,0.0,6.64,0.0,0.0,0.0,0.0,0.0,0.0,0.0,0.0,0.0,0.0,0.0
COc1ccc2[nH]c(CCN3CCCC3C)cc2c1,0.0,0.0,0.0,0.0,0.0,0.0,0.0,0.0,0.0,0.0,0.0,0.0,0.0,0.0,0.0,7.82,0.0,0.0,0.0,0.0,0.0,0.0,0.0,0.0,0.0,0.0,0.0
COc1ccc2[nH]cc(CCNC(C)=O)c2c1,0.0,0.0,0.0,0.0,0.0,0.0,0.0,0.0,0.0,0.0,0.0,0.0,0.0,0.0,0.0,9.3,0.0,0.0,0.0,0.0,0.0,0.0,0.0,0.0,0.0,0.0,0.0
COc1ccc2c(=O)n(-c3ccc(OCCCN4CCCC4)cc3)c(C)nc2c1,0.0,0.0,0.0,0.0,0.0,0.0,0.0,0.0,0.0,0.0,0.0,0.0,9.14,0.0,0.0,0.0,0.0,0.0,0.0,0.0,0.0,0.0,0.0,0.0,0.0,0.0,0.0
COc1ccc2c(=O)n(C)c(-c3ccc(OC4CCN(C5CCC5)CC4)cc3)nc2c1,0.0,0.0,0.0,0.0,0.0,0.0,0.0,0.0,0.0,0.0,0.0,0.0,10.03,0.0,0.0,0.0,0.0,0.0,0.0,0.0,0.0,0.0,0.0,0.0,0.0,0.0,0.0
COc1ccc2c(c1)C(=O)C(=Cc1ccc(OCCCN3CCCCC3)cc1)C2,0.0,0.0,0.0,0.0,0.0,0.0,0.0,0.0,0.0,0.0,0.0,0.0,0.0,0.0,0.0,7.96,0.0,0.0,0.0,0.0,0.0,0.0,0.0,0.0,0.0,0.0,0.0
COc1ccc2c(c1)CC(=Cc1ccc(OCCCN3CCCCC3)cc1)C2=O,0.0,0.0,0.0,0.0,0.0,0.0,0.0,0.0,0.0,0.0,0.0,0.0,0.0,0.0,0.0,7.48,0.0,0.0,0.0,0.0,0.0,0.0,0.0,0.0,0.0,0.0,0.0
COc1ccc2c(c1)CC(CN1CCN(C)CC1)O2,0.0,0.0,0.0,0.0,0.0,0.0,0.0,0.0,0.0,0.0,0.0,0.0,0.0,0.0,0.0,0.0,0.0,0.0,6.1,0.0,0.0,0.0,0.0,0.0,0.0,0.0,0.0
COc1ccc2c(c1)CCCN(C1CCN(C(=O)C3(F)CCN(Cc4ccnc(N)c4)CC3)CC1)C2,0.0,0.0,0.0,0.0,0.0,0.0,0.0,0.0,0.0,0.0,0.0,0.0,0.0,0.0,0.0,9.0,0.0,0.0,0.0,0.0,0.0,0.0,0.0,0.0,0.0,0.0,0.0
COc1ccc2c(c1)CN(C1CCN(C(=O)C3(F)CCN(Cc4ccnc(N)c4)CC3)CC1)CCC2,0.0,0.0,0.0,0.0,0.0,0.0,0.0,0.0,0.0,0.0,0.0,0.0,0.0,0.0,0.0,8.7,0.0,0.0,0.0,0.0,0.0,0.0,0.0,0.0,0.0,0.0,0.0
COc1ccc2c(c1)OC(c1ccc(OCCCN3CCCC3)cc1)C(C)S2(=O)=O,0.0,0.0,0.0,0.0,0.0,0.0,0.0,0.0,0.0,0.0,0.0,0.0,9.52,0.0,0.0,0.0,0.0,0.0,0.0,0.0,0.0,0.0,0.0,0.0,0.0,0.0,0.0
COc1ccc2c(c1)S(=O)(=O)C(C)C(c1ccc(OCCCN3CCCC3)cc1)O2,0.0,0.0,0.0,0.0,0.0,0.0,0.0,0.0,0.0,0.0,0.0,0.0,9.4,0.0,0.0,0.0,0.0,0.0,0.0,0.0,0.0,0.0,0.0,0.0,0.0,0.0,0.0
COc1ccc2nc(-c3ccc(OC4CCN(C5CCC5)CC4)cc3)n(C)c(=O)c2c1,0.0,0.0,0.0,0.0,0.0,0.0,0.0,0.0,0.0,0.0,0.0,0.0,10.03,0.0,0.0,0.0,0.0,0.0,0.0,0.0,0.0,0.0,0.0,0.0,0.0,0.0,0.0
COc1ccc2nc(C)n(-c3ccc(OCCCN4CCCC4)cc3)c(=O)c2c1,0.0,0.0,0.0,0.0,0.0,0.0,0.0,0.0,0.0,0.0,0.0,0.0,9.51,0.0,0.0,0.0,0.0,0.0,0.0,0.0,0.0,0.0,0.0,0.0,0.0,0.0,0.0
COc1ccc2nc(N3CCN(C4CC4)CC3)ccc2c1,0.0,0.0,0.0,0.0,0.0,0.0,0.0,0.0,0.0,0.0,0.0,0.0,0.0,0.0,0.0,0.0,0.0,0.0,0.0,0.0,0.0,0.0,0.0,0.0,8.52,0.0,0.0
COc1cccc(-c2cc3sc(N4CCC(N5CCCCC5)CC4)nc3cn2)c1,0.0,0.0,0.0,0.0,0.0,0.0,0.0,0.0,0.0,0.0,0.0,0.0,0.0,0.0,0.0,6.64,0.0,0.0,0.0,0.0,0.0,0.0,0.0,0.0,0.0,0.0,0.0
COc1cccc(-c2cnc3nc(N4CCC(N5CCCCC5)CC4)oc3c2)n1,0.0,0.0,0.0,0.0,0.0,0.0,0.0,0.0,0.0,0.0,0.0,0.0,0.0,0.0,0.0,7.64,0.0,0.0,0.0,0.0,0.0,0.0,0.0,0.0,0.0,0.0,0.0
COc1cccc(-c2cnc3nc(N4CCC(N5CCCCC5)CC4)sc3c2)c1,0.0,0.0,0.0,0.0,0.0,0.0,0.0,0.0,0.0,0.0,0.0,0.0,0.0,0.0,0.0,6.85,0.0,0.0,0.0,0.0,0.0,0.0,0.0,0.0,0.0,0.0,0.0
COc1cccc(-c2nnc(N3CCC(N4CCCCC4)CC3)s2)c1,0.0,0.0,0.0,0.0,0.0,0.0,0.0,0.0,0.0,0.0,0.0,0.0,0.0,0.0,0.0,7.5,0.0,0.0,0.0,0.0,0.0,0.0,0.0,0.0,0.0,0.0,0.0
COc1cccc(-c2nnc(N3CCC(N4CCCCC4)CC3)s2)n1,0.0,0.0,0.0,0.0,0.0,0.0,0.0,0.0,0.0,0.0,0.0,0.0,0.0,0.0,0.0,8.46,0.0,0.0,0.0,0.0,0.0,0.0,0.0,0.0,0.0,0.0,0.0
COc1cccc(C2CN(C)Cc3cc(OCCCN4CCC(F)CC4)ccc32)c1,0.0,0.0,0.0,0.0,0.0,0.0,0.0,0.0,0.0,0.0,0.0,0.0,8.7,0.0,0.0,0.0,0.0,0.0,0.0,0.0,0.0,0.0,0.0,0.0,0.0,0.0,0.0
COc1cccc(C2CN(C)Cc3cc(OCCCN4CCCCC4)ncc32)c1,0.0,8.1,0.0,0.0,0.0,0.0,0.0,0.0,0.0,0.0,0.0,0.0,0.0,0.0,0.0,0.0,0.0,0.0,0.0,0.0,0.0,0.0,0.0,0.0,0.0,0.0,0.0
COc1cccc(C2CN3CCCC3c3cc(OCCCN4CCCCC4)ccc32)c1,8.77,8.12,0.0,0.0,0.0,0.0,0.0,0.0,0.0,0.0,0.0,0.0,0.0,0.0,0.0,0.0,0.0,0.0,0.0,0.0,0.0,0.0,0.0,0.0,0.0,0.0,0.0
COc1cccc(CCN2CCCC2)c1,0.0,0.0,0.0,0.0,0.0,0.0,0.0,0.0,0.0,0.0,0.0,0.0,0.0,0.0,0.0,6.58,0.0,0.0,0.0,0.0,0.0,0.0,0.0,0.0,0.0,0.0,0.0
COc1cccc(CCN2CCCC2C)c1,0.0,0.0,0.0,0.0,0.0,0.0,0.0,0.0,0.0,0.0,0.0,0.0,0.0,0.0,0.0,7.8,0.0,0.0,0.0,0.0,0.0,0.0,0.0,0.0,0.0,0.0,0.0
COc1cccc(CNC(=O)N2CCCC2CN2CCCC2)c1,0.0,0.0,0.0,0.0,0.0,0.0,0.0,0.0,0.0,0.0,0.0,0.0,0.0,0.0,0.0,0.0,0.0,0.0,0.0,0.0,0.0,0.0,0.0,0.0,6.73,0.0,0.0
COc1cccc(Cc2nn(CC3CCCN3C)c(=O)c3ccccc23)c1,0.0,0.0,0.0,0.0,0.0,6.2,0.0,0.0,0.0,0.0,0.0,0.0,0.0,0.0,0.0,0.0,0.0,0.0,0.0,0.0,0.0,0.0,0.0,0.0,0.0,0.0,0.0
COc1cccc(OC(CCN(C)C)c2ccc(OCCCN3CCCCC3)cc2)c1,0.0,0.0,0.0,0.0,0.0,0.0,0.0,0.0,0.0,0.0,0.0,0.0,9.15,0.0,0.0,0.0,0.0,0.0,0.0,0.0,0.0,0.0,0.0,0.0,0.0,0.0,0.0
COc1cccc(OC2CNC(C(=O)N3CCCN(C4CCC4)CC3)C2)c1,0.0,0.0,0.0,0.0,0.0,0.0,0.0,0.0,0.0,0.0,0.0,0.0,8.3,0.0,0.0,0.0,0.0,0.0,0.0,0.0,0.0,0.0,0.0,0.0,0.0,0.0,0.0
COc1cccc(OCCCOCCCN2CCC(C)CC2)c1,0.0,0.0,0.0,0.0,0.0,0.0,0.0,0.0,0.0,0.0,0.0,0.0,0.0,0.0,0.0,7.73,0.0,0.0,0.0,0.0,0.0,0.0,0.0,0.0,0.0,0.0,0.0
COc1cccc(OCCCOCCCN2CCCC(C)C2)c1,0.0,0.0,0.0,0.0,0.0,0.0,0.0,0.0,0.0,0.0,0.0,0.0,0.0,0.0,0.0,7.31,0.0,0.0,0.0,0.0,0.0,0.0,0.0,0.0,0.0,0.0,0.0
COc1cccc(OCCCOCCCN2CCCCCC2)c1,0.0,0.0,0.0,0.0,0.0,0.0,0.0,0.0,0.0,0.0,0.0,0.0,0.0,0.0,0.0,8.49,0.0,0.0,0.0,0.0,0.0,0.0,0.0,0.0,0.0,0.0,0.0
COc1cccc(OCCN2CCC(N3CCCCC3)CC2)c1,0.0,0.0,0.0,0.0,0.0,0.0,0.0,0.0,0.0,0.0,0.0,0.0,0.0,0.0,0.0,0.0,6.88,0.0,0.0,0.0,0.0,0.0,0.0,0.0,0.0,0.0,0.0
COc1cccc(OCCOCCCN2CCC(C)CC2)c1,0.0,0.0,0.0,0.0,0.0,0.0,0.0,0.0,0.0,0.0,0.0,0.0,0.0,0.0,0.0,8.14,0.0,0.0,0.0,0.0,0.0,0.0,0.0,0.0,0.0,0.0,0.0
COc1cccc(OCCOCCCN2CCCC(C)C2)c1,0.0,0.0,0.0,0.0,0.0,0.0,0.0,0.0,0.0,0.0,0.0,0.0,0.0,0.0,0.0,7.9,0.0,0.0,0.0,0.0,0.0,0.0,0.0,0.0,0.0,0.0,0.0
COc1cccc(OCCOCCCN2CCCCCC2)c1,0.0,0.0,0.0,0.0,0.0,0.0,0.0,0.0,0.0,0.0,0.0,0.0,0.0,0.0,0.0,7.21,0.0,0.0,0.0,0.0,0.0,0.0,0.0,0.0,0.0,0.0,0.0
COc1cccc2c(=O)n(-c3ccc(OCCCN4CCCC4)cc3)c(C)nc12,0.0,0.0,0.0,0.0,0.0,0.0,0.0,0.0,0.0,0.0,0.0,0.0,8.94,0.0,0.0,0.0,0.0,0.0,0.0,0.0,0.0,0.0,0.0,0.0,0.0,0.0,0.0
COc1cccc2c(=O)n(C)c(-c3ccc(OC4CCN(C5CCC5)CC4)cc3)nc12,0.0,0.0,0.0,0.0,0.0,0.0,0.0,0.0,0.0,0.0,0.0,0.0,9.81,0.0,0.0,0.0,0.0,0.0,0.0,0.0,0.0,0.0,0.0,0.0,0.0,0.0,0.0
COc1cccc2c1OC(c1ccc(OC3CCN(C4CCC4)CC3)cc1)C(C)S2(=O)=O,0.0,0.0,0.0,0.0,0.0,0.0,0.0,0.0,0.0,0.0,0.0,0.0,9.79,0.0,0.0,0.0,0.0,0.0,0.0,0.0,0.0,0.0,0.0,0.0,0.0,0.0,0.0
COc1cccc2c1OC(c1ccc(OCCCN3CCCC(C)C3)cc1)C(C)S2(=O)=O,0.0,0.0,0.0,0.0,0.0,0.0,0.0,0.0,0.0,0.0,0.0,0.0,9.8,0.0,0.0,0.0,0.0,0.0,0.0,0.0,0.0,0.0,0.0,0.0,0.0,0.0,0.0
COc1cccc2c1OC(c1ccc(OCCCN3CCCC3)cc1)C(C)S2(=O)=O,0.0,0.0,0.0,0.0,0.0,0.0,0.0,0.0,0.0,0.0,0.0,0.0,9.4,0.0,0.0,0.0,0.0,0.0,0.0,0.0,0.0,9.0,0.0,0.0,0.0,0.0,0.0
COc1cccc2c1OC(c1ccc(OCCCN3CCCC3C)cc1)C(C)S2(=O)=O,0.0,0.0,0.0,0.0,0.0,0.0,0.0,0.0,0.0,0.0,0.0,0.0,9.7,0.0,0.0,0.0,0.0,0.0,0.0,0.0,0.0,0.0,0.0,0.0,0.0,0.0,0.0
COc1cccc2c1OC(c1ccc(OCCCN3CCCCC3)cc1)C(C)S2(=O)=O,0.0,0.0,0.0,0.0,0.0,0.0,0.0,0.0,0.0,0.0,0.0,0.0,9.47,0.0,0.0,0.0,0.0,0.0,0.0,0.0,0.0,0.0,0.0,0.0,0.0,0.0,0.0
COc1cccc2c1S(=O)(=O)C(C)C(c1ccc(OCCCN3CCCC3)cc1)O2,0.0,0.0,0.0,0.0,0.0,0.0,0.0,0.0,0.0,0.0,0.0,0.0,9.3,0.0,0.0,0.0,0.0,0.0,0.0,0.0,0.0,0.0,0.0,0.0,0.0,0.0,0.0
COc1cccc2nc(-c3ccc(OC4CCN(C5CCC5)CC4)cc3)n(C)c(=O)c12,0.0,0.0,0.0,0.0,0.0,0.0,0.0,0.0,0.0,0.0,0.0,0.0,9.81,0.0,0.0,0.0,0.0,0.0,0.0,0.0,0.0,0.0,0.0,0.0,0.0,0.0,0.0
COc1cccc2nc(C)n(-c3ccc(OCCCN4CCCC4)cc3)c(=O)c12,0.0,0.0,0.0,0.0,0.0,0.0,0.0,0.0,0.0,0.0,0.0,0.0,9.39,0.0,0.0,0.0,0.0,0.0,0.0,0.0,0.0,0.0,0.0,0.0,0.0,0.0,0.0
COc1ccccc1-c1ccc(OCCCN2CCCCC2)cc1,0.0,0.0,0.0,0.0,0.0,0.0,0.0,0.0,0.0,0.0,0.0,0.0,8.66,0.0,0.0,0.0,0.0,0.0,0.0,0.0,0.0,0.0,0.0,0.0,0.0,0.0,0.0
COc1ccccc1-c1nnc(N2CCC(N3CCCCC3)CC2)s1,0.0,0.0,0.0,0.0,0.0,0.0,0.0,0.0,0.0,0.0,0.0,0.0,0.0,0.0,0.0,7.4,0.0,0.0,0.0,0.0,0.0,0.0,0.0,0.0,0.0,0.0,0.0
COc1ccccc1C1CN2CCCC2c2cc(OCCCN3CCCCC3)ccc21,8.89,7.47,0.0,0.0,0.0,0.0,0.0,0.0,0.0,0.0,0.0,0.0,0.0,0.0,0.0,0.0,0.0,0.0,0.0,0.0,0.0,0.0,0.0,0.0,0.0,0.0,0.0
COc1ccccc1CCN1CCCC1,0.0,0.0,0.0,0.0,0.0,0.0,0.0,0.0,0.0,0.0,0.0,0.0,0.0,0.0,0.0,6.47,0.0,0.0,0.0,0.0,0.0,0.0,0.0,0.0,0.0,0.0,0.0
COc1ccccc1CCN1CCCC1C,0.0,0.0,0.0,0.0,0.0,0.0,0.0,0.0,0.0,0.0,0.0,0.0,0.0,0.0,0.0,7.51,0.0,0.0,0.0,0.0,0.0,0.0,0.0,0.0,0.0,0.0,0.0
COc1ccccc1COc1ccc(OCCCN2CCCCC2)cc1C(=O)N(C)C,0.0,0.0,0.0,0.0,0.0,0.0,0.0,0.0,0.0,0.0,0.0,0.0,7.92,0.0,0.0,0.0,0.0,0.0,0.0,0.0,0.0,0.0,0.0,0.0,0.0,0.0,0.0
COc1ccccc1COc1ccc(OCCCN2CCOCC2)cc1C(=O)N(C)C,0.0,0.0,0.0,0.0,0.0,0.0,0.0,0.0,0.0,0.0,0.0,0.0,5.86,0.0,0.0,0.0,0.0,0.0,0.0,0.0,0.0,0.0,0.0,0.0,0.0,0.0,0.0
COc1ccccc1N1CCC2(CCN(CCCSc3nnc(-c4ccccc4)n3C)CC2)CC1,0.0,0.0,0.0,0.0,0.0,0.0,0.0,0.0,0.0,0.0,0.0,0.0,0.0,0.0,0.0,0.0,0.0,0.0,0.0,0.0,0.0,6.29,0.0,0.0,0.0,0.0,0.0
COc1ccccc1N1CCN(Cc2cc(CN3CCN(C)CC3)c3cccccc2-3)CC1,0.0,0.0,0.0,0.0,0.0,0.0,0.0,0.0,0.0,0.0,0.0,0.0,0.0,5.26,0.0,0.0,0.0,0.0,0.0,0.0,0.0,0.0,0.0,0.0,0.0,0.0,0.0
COc1ccnc2c(-c3cnc4nc(N5CCC(N6CCCCC6)CC5)oc4c3)cccc12,0.0,0.0,0.0,0.0,0.0,0.0,0.0,0.0,0.0,0.0,0.0,0.0,0.0,0.0,0.0,7.1,0.0,0.0,0.0,0.0,0.0,0.0,0.0,0.0,0.0,0.0,0.0
COc1cn[nH]c(=O)c1-c1ccc(OCCCN2CCCC2C)cc1,0.0,0.0,0.0,0.0,7.7,0.0,0.0,0.0,0.0,0.0,0.0,0.0,0.0,0.0,0.0,0.0,0.0,0.0,0.0,0.0,0.0,0.0,0.0,0.0,0.0,0.0,0.0
COc1ncc(-c2ccc3cc(CCN4CCCC4C)ccc3n2)cn1,0.0,0.0,0.0,0.0,0.0,0.0,0.0,0.0,0.0,0.0,0.0,0.0,9.64,0.0,0.0,0.0,0.0,0.0,0.0,0.0,0.0,0.0,0.0,0.0,0.0,0.0,0.0
COc1ncc(-c2nnc(N3CCC(N4CCCCC4)CC3)s2)s1,0.0,0.0,0.0,0.0,0.0,0.0,0.0,0.0,0.0,0.0,0.0,0.0,0.0,0.0,0.0,7.55,0.0,0.0,0.0,0.0,0.0,0.0,0.0,0.0,0.0,0.0,0.0
COc1nccc2c(=O)n(C)c(-c3ccc(OC4CCN(C5CCC5)CC4)cc3)nc12,0.0,0.0,0.0,0.0,0.0,0.0,0.0,0.0,0.0,0.0,0.0,0.0,10.03,0.0,0.0,0.0,0.0,0.0,0.0,0.0,0.0,0.0,0.0,0.0,0.0,0.0,0.0
CS(=O)(=O)CCCOc1ccc2c(c1)CCC1(CCN(C3CCC3)CC1)O2,0.0,0.0,0.0,0.0,0.0,0.0,0.0,0.0,0.0,0.0,0.0,0.0,8.0,0.0,0.0,0.0,0.0,0.0,0.0,0.0,0.0,0.0,0.0,0.0,0.0,0.0,0.0
CS(=O)(=O)CCOc1ccc2c(c1)CCC1(CCN(C3CCC3)CC1)O2,0.0,0.0,0.0,0.0,0.0,0.0,0.0,0.0,0.0,0.0,0.0,0.0,7.41,0.0,0.0,0.0,0.0,0.0,0.0,0.0,0.0,0.0,0.0,0.0,0.0,0.0,0.0
CS(=O)(=O)N1CC(Oc2ccc(F)cc2)CC1C(=O)N1CCCN(C2CCC2)CC1,0.0,0.0,0.0,0.0,0.0,0.0,0.0,0.0,0.0,0.0,0.0,0.0,8.92,0.0,0.0,0.0,0.0,0.0,0.0,0.0,0.0,0.0,0.0,0.0,0.0,0.0,0.0
CS(=O)(=O)N1CCC(N(C(=O)NCc2ccc(F)cc2)c2ccc(Cl)cc2)CC1,0.0,0.0,0.0,0.0,0.0,0.0,0.0,0.0,0.0,0.0,0.0,0.0,0.0,0.0,0.0,0.0,0.0,0.0,0.0,0.0,0.0,0.0,0.0,0.0,6.07,0.0,0.0
CS(=O)(=O)N1CCC(Oc2ccc3c(c2)CCC2(CCN(C4CCC4)CC2)O3)CC1,0.0,0.0,0.0,0.0,8.15,0.0,0.0,0.0,0.0,0.0,0.0,0.0,0.0,0.0,0.0,0.0,0.0,0.0,0.0,0.0,0.0,0.0,0.0,0.0,0.0,0.0,0.0
CS(=O)(=O)N1CCC(Oc2ccc3c(c2)CCN(C2CCC2)CC3)CC1,0.0,0.0,0.0,0.0,0.0,0.0,0.0,0.0,0.0,0.0,9.1,0.0,0.0,0.0,0.0,0.0,0.0,0.0,0.0,0.0,0.0,0.0,0.0,0.0,0.0,0.0,0.0
CS(=O)(=O)N1CCCc2cc(OCCCN3CCCCC3)ccc2C1,0.0,0.0,0.0,0.0,0.0,0.0,0.0,0.0,0.0,0.0,0.0,0.0,8.54,0.0,0.0,0.0,0.0,0.0,0.0,0.0,0.0,0.0,0.0,0.0,0.0,0.0,0.0
CS(=O)(=O)N1CCc2ccc(OCCCN3CCCCC3)cc2C1,0.0,0.0,0.0,0.0,0.0,0.0,0.0,0.0,0.0,0.0,0.0,0.0,7.62,0.0,0.0,0.0,0.0,0.0,0.0,0.0,0.0,0.0,0.0,0.0,0.0,0.0,0.0
CS(=O)(=O)N1CCc2ccc(OCCCN3CCCCC3)cc2CC1,0.0,0.0,0.0,0.0,0.0,0.0,0.0,0.0,0.0,0.0,0.0,0.0,7.92,0.0,0.0,0.0,0.0,0.0,0.0,0.0,0.0,0.0,0.0,0.0,0.0,0.0,0.0
CS(=O)(=O)OC1CCN(Cc2ccc(OCCCN3CCCCC3)cc2)CC1,0.0,0.0,0.0,0.0,0.0,0.0,0.0,0.0,0.0,0.0,0.0,0.0,0.0,0.0,0.0,9.08,0.0,0.0,0.0,0.0,0.0,0.0,0.0,0.0,0.0,0.0,0.0
CS(=O)(=O)c1ccc(C(=O)N2CCN(c3ccc(OC4CCN(C5CCC5)CC4)cc3)C(=O)C2)cc1,0.0,0.0,0.0,0.0,0.0,8.9,0.0,0.0,0.0,0.0,0.0,0.0,0.0,0.0,0.0,0.0,0.0,0.0,0.0,0.0,0.0,0.0,0.0,0.0,0.0,0.0,0.0
CS(=O)(=O)c1ccc(C(=O)N2CCN(c3ccc(OC4CCN(C5CCC5)CC4)cc3)CC2)cc1,0.0,0.0,0.0,0.0,0.0,0.0,0.0,0.0,0.0,0.0,0.0,0.0,9.5,0.0,0.0,0.0,0.0,0.0,0.0,0.0,0.0,0.0,0.0,0.0,0.0,0.0,0.0
CS(=O)(=O)c1ccc(C(=O)N2CCN(c3ccc(OC4CCN(C5CCCC5)CC4)cc3)C(=O)C2)cc1,0.0,0.0,0.0,0.0,0.0,9.1,0.0,0.0,0.0,0.0,0.0,0.0,0.0,0.0,0.0,0.0,0.0,0.0,0.0,0.0,0.0,0.0,0.0,0.0,0.0,0.0,0.0
CS(=O)(=O)c1ccc(C(=O)N2CCN(c3ccc(OCCCN4CCCCC4)cc3)C(=O)C2)cc1,0.0,0.0,0.0,0.0,0.0,8.6,0.0,0.0,0.0,0.0,0.0,0.0,0.0,0.0,0.0,0.0,0.0,0.0,0.0,0.0,0.0,0.0,0.0,0.0,0.0,0.0,0.0
CS(=O)(=O)c1cccc(C(=O)N2CCN(c3ccc(OC4CCN(C5CCCC5)CC4)cc3)C(=O)C2)c1,0.0,0.0,0.0,0.0,0.0,8.0,0.0,0.0,0.0,0.0,0.0,0.0,0.0,0.0,0.0,0.0,0.0,0.0,0.0,0.0,0.0,0.0,0.0,0.0,0.0,0.0,0.0
CS(=O)(=O)c1cccc(C(=O)N2CCN(c3ccc(OCCCN4CCCCC4)cc3)C(=O)C2)c1,0.0,0.0,0.0,0.0,0.0,8.5,0.0,0.0,0.0,0.0,0.0,0.0,0.0,0.0,0.0,0.0,0.0,0.0,0.0,0.0,0.0,0.0,0.0,0.0,0.0,0.0,0.0
CSCCCOc1ccc2c(c1)CCC1(CCN(C3CCC3)CC1)O2,0.0,0.0,0.0,0.0,0.0,0.0,0.0,0.0,0.0,0.0,0.0,0.0,7.82,0.0,0.0,0.0,0.0,0.0,0.0,0.0,0.0,0.0,0.0,0.0,0.0,0.0,0.0
CSCCOc1ccc2c(c1)CCC1(CCN(C3CCC3)CC1)O2,0.0,0.0,0.0,0.0,0.0,0.0,0.0,0.0,0.0,0.0,0.0,0.0,7.42,0.0,0.0,0.0,0.0,0.0,0.0,0.0,0.0,0.0,0.0,0.0,0.0,0.0,0.0
CSc1ccc(C2CN(C)Cc3cc(OCCCN4CCC(F)CC4)ccc32)cc1,0.0,0.0,0.0,0.0,0.0,0.0,0.0,0.0,0.0,0.0,0.0,0.0,8.19,0.0,0.0,0.0,0.0,0.0,0.0,0.0,0.0,0.0,0.0,0.0,0.0,0.0,0.0
CSc1ccc(C2CN(C)Cc3cc(OCCCN4CCOCC4)ccc32)cc1,0.0,0.0,0.0,0.0,0.0,0.0,0.0,0.0,0.0,0.0,0.0,0.0,8.0,0.0,0.0,0.0,0.0,0.0,0.0,0.0,0.0,0.0,0.0,0.0,0.0,0.0,0.0
CSc1ccc(C2CN3CCCC3c3cc(OCCCN4CCCCC4)ccc32)cc1,8.6,8.28,0.0,0.0,0.0,0.0,0.0,0.0,0.0,0.0,0.0,0.0,0.0,0.0,0.0,0.0,0.0,0.0,0.0,0.0,0.0,0.0,0.0,0.0,0.0,0.0,0.0
CSc1ccc(OC(CCN(C)C)c2ccc(OCCCN3CCCCC3)cc2)cc1,0.0,0.0,0.0,0.0,0.0,0.0,0.0,0.0,0.0,0.0,0.0,0.0,9.05,0.0,0.0,0.0,0.0,0.0,0.0,0.0,0.0,0.0,0.0,0.0,0.0,0.0,0.0
CSc1ccc(OC2CC(C(=O)N3CCCN(C4CCC4)CC3)N(C(C)=O)C2)cc1,0.0,0.0,0.0,0.0,0.0,0.0,0.0,0.0,0.0,0.0,0.0,0.0,7.3,0.0,0.0,0.0,0.0,0.0,0.0,0.0,0.0,0.0,0.0,0.0,0.0,0.0,0.0
CSc1ccc(OC2CNC(C(=O)N3CCCN(C4CCC4)CC3)C2)cc1,0.0,0.0,0.0,0.0,0.0,0.0,0.0,0.0,0.0,0.0,0.0,0.0,8.55,0.0,0.0,0.0,0.0,0.0,0.0,0.0,0.0,0.0,0.0,0.0,0.0,0.0,0.0
CSc1ccc(Oc2ccc(C(=O)N3CCN(C(C)C)CC3)cn2)cc1,0.0,6.64,0.0,0.0,0.0,0.0,0.0,0.0,0.0,0.0,0.0,0.0,0.0,0.0,0.0,0.0,0.0,0.0,0.0,0.0,0.0,0.0,0.0,0.0,0.0,0.0,0.0
Cc1[nH]c2ccc(OC3CCN(C(C)C)CC3)cc2c1C(=O)N1CCOCC1,0.0,0.0,0.0,0.0,7.07,0.0,0.0,0.0,0.0,0.0,0.0,0.0,0.0,0.0,0.0,0.0,0.0,0.0,0.0,0.0,0.0,0.0,0.0,0.0,0.0,0.0,0.0
Cc1[nH]cnc1C1CC1CCNCc1ccc(Cl)cc1,0.0,0.0,0.0,0.0,0.0,0.0,0.0,0.0,0.0,0.0,0.0,0.0,7.41,0.0,0.0,0.0,0.0,0.0,0.0,0.0,0.0,0.0,0.0,0.0,0.0,0.0,0.0
Cc1c(-c2ccc(Cl)cc2)noc1-c1ccc2cc(CCN3CCCC3C)ccc2n1,0.0,0.0,0.0,0.0,0.0,0.0,0.0,0.0,0.0,0.0,0.0,0.0,8.11,0.0,0.0,0.0,0.0,0.0,0.0,0.0,0.0,0.0,0.0,0.0,0.0,0.0,0.0
Cc1c(-c2ccc(OCCCN3CCCCC3)cc2)cc2ccccn12,0.0,0.0,0.0,0.0,0.0,0.0,0.0,0.0,0.0,0.0,0.0,0.0,0.0,0.0,0.0,0.0,0.0,0.0,0.0,0.0,0.0,0.0,0.0,0.0,8.7,0.0,0.0
Cc1c(-c2ccc(OCCCN3CCCCC3)cc2)cn2ccccc12,0.0,0.0,0.0,0.0,0.0,0.0,0.0,0.0,0.0,0.0,0.0,0.0,0.0,0.0,0.0,0.0,0.0,0.0,0.0,0.0,0.0,0.0,0.0,0.0,7.8,0.0,0.0
Cc1c(-c2ccc3cc(CCN4CCCC4C)ccc3n2)cnn1-c1ccc(Cl)c(Cl)c1,0.0,0.0,0.0,0.0,0.0,0.0,0.0,0.0,0.0,0.0,0.0,0.0,9.13,0.0,0.0,0.0,0.0,0.0,0.0,0.0,0.0,0.0,0.0,0.0,0.0,0.0,0.0
Cc1c(-c2ccc3cc(CCN4CCCC4C)ccc3n2)cnn1-c1ccc(N(C)C)nn1,0.0,0.0,0.0,0.0,0.0,0.0,0.0,0.0,0.0,0.0,0.0,0.0,9.72,0.0,0.0,0.0,0.0,0.0,0.0,0.0,0.0,0.0,0.0,0.0,0.0,0.0,0.0
Cc1c(-c2ccc3cc(CCN4CCCC4C)ccc3n2)cnn1-c1ccccn1,0.0,0.0,0.0,0.0,0.0,0.0,9.59,0.0,0.0,0.0,0.0,0.0,9.59,0.0,0.0,0.0,0.0,0.0,0.0,0.0,0.0,0.0,0.0,0.0,0.0,0.0,0.0
Cc1c(-c2ccc3cc(CCN4CCCC4C)ccc3n2)cnn1C,0.0,0.0,0.0,0.0,0.0,0.0,0.0,0.0,0.0,0.0,0.0,0.0,9.8,0.0,0.0,0.0,0.0,0.0,0.0,0.0,0.0,0.0,0.0,0.0,0.0,0.0,0.0
Cc1c(-c2ccc3cc(CCN4CCCC4C)ccc3n2)nnn1-c1ccc(F)cc1F,0.0,0.0,0.0,0.0,0.0,0.0,0.0,0.0,0.0,0.0,0.0,0.0,9.54,0.0,0.0,0.0,0.0,0.0,0.0,0.0,0.0,0.0,0.0,0.0,0.0,0.0,0.0
Cc1c(-c2ccc3cc(CCN4CCCC4C)ccc3n2)sc2nc3ccccc3n12,0.0,0.0,0.0,0.0,0.0,0.0,0.0,0.0,0.0,0.0,0.0,0.0,9.44,0.0,0.0,0.0,0.0,0.0,0.0,0.0,0.0,0.0,0.0,0.0,0.0,0.0,0.0
Cc1c(-c2ccc3cc(CCN4CCCC4C)ccc3n2)sc2ncnn12,0.0,0.0,0.0,0.0,0.0,0.0,0.0,0.0,0.0,0.0,0.0,0.0,10.0,0.0,0.0,0.0,0.0,0.0,0.0,0.0,0.0,0.0,0.0,0.0,0.0,0.0,0.0
Cc1c(C)n(C(=O)OC(C)(C)C)c(=O)n(Cc2ccc(OCCCN3CCCCC3)cc2)c1=O,0.0,0.0,0.0,0.0,0.0,0.0,0.0,0.0,0.0,0.0,0.0,0.0,0.0,0.0,0.0,7.42,0.0,0.0,0.0,0.0,0.0,0.0,0.0,0.0,0.0,0.0,0.0
Cc1c(C)n(Cc2ccc(OCCCN3CCCCC3)cc2)c(=O)[nH]c1=O,0.0,0.0,0.0,0.0,0.0,0.0,0.0,0.0,0.0,0.0,0.0,0.0,0.0,0.0,0.0,7.75,0.0,0.0,0.0,0.0,0.0,0.0,0.0,0.0,0.0,0.0,0.0
Cc1c(C)n(Cc2ccc(OCCCN3CCCCC3)cc2)c(=O)n(C(=O)c2ccccc2)c1=O,0.0,0.0,0.0,0.0,0.0,0.0,0.0,0.0,0.0,0.0,0.0,0.0,0.0,0.0,0.0,7.46,0.0,0.0,0.0,0.0,0.0,0.0,0.0,0.0,0.0,0.0,0.0
Cc1c(Cl)cc(NC(=O)Nc2ccc(OCCCN3CCCCC3)cc2)cc1Cl,0.0,0.0,0.0,0.0,6.95,0.0,0.0,0.0,0.0,0.0,0.0,0.0,0.0,0.0,0.0,0.0,0.0,0.0,0.0,0.0,0.0,0.0,0.0,0.0,0.0,0.0,0.0
Cc1c[nH]c(=O)n(Cc2ccc(OCCCN3CCCCC3)cc2)c1=O,0.0,0.0,0.0,0.0,0.0,0.0,0.0,0.0,0.0,0.0,0.0,0.0,0.0,0.0,0.0,7.2,0.0,0.0,0.0,0.0,0.0,0.0,0.0,0.0,0.0,0.0,0.0
Cc1cc(-c2ccc(OCCCN3CCCC3C)cc2)n[nH]c1=O,0.0,0.0,0.0,0.0,8.47,0.0,0.0,0.0,0.0,0.0,0.0,0.0,0.0,0.0,0.0,0.0,0.0,0.0,0.0,0.0,0.0,0.0,0.0,0.0,0.0,0.0,0.0
Cc1cc(-c2ccc3cc(CCN4CCCC4C)ccc3n2)nc(-c2ccccc2)n1,0.0,0.0,0.0,0.0,0.0,0.0,0.0,0.0,0.0,0.0,0.0,0.0,8.77,0.0,0.0,0.0,0.0,0.0,0.0,0.0,0.0,0.0,0.0,0.0,0.0,0.0,0.0
Cc1cc(-c2cnc3nc(N4CCC(N5CCCCC5)CC4)oc3c2)ccn1,0.0,0.0,0.0,0.0,0.0,0.0,0.0,0.0,0.0,0.0,0.0,0.0,0.0,0.0,0.0,6.71,0.0,0.0,0.0,0.0,0.0,0.0,0.0,0.0,0.0,0.0,0.0
Cc1cc(-c2nc(-c3ccc4cc(CCN5CCCC5C)ccc4n3)cs2)no1,0.0,0.0,0.0,0.0,0.0,0.0,0.0,0.0,0.0,0.0,0.0,0.0,9.05,0.0,0.0,0.0,0.0,0.0,0.0,0.0,0.0,0.0,0.0,0.0,0.0,0.0,0.0
Cc1cc(=O)[nH]nc1-c1ccc(OC2CCN(C3CCC3)CC2)cc1,0.0,0.0,0.0,0.0,8.36,0.0,0.0,0.0,0.0,0.0,0.0,0.0,0.0,0.0,0.0,0.0,0.0,0.0,0.0,0.0,0.0,0.0,0.0,0.0,0.0,0.0,0.0
Cc1cc(=O)[nH]nc1-c1ccc(OCCCN2CCCC2C)cc1,0.0,0.0,0.0,0.0,8.54,0.0,0.0,0.0,0.0,0.0,0.0,0.0,0.0,0.0,0.0,0.0,0.0,0.0,0.0,0.0,0.0,0.0,0.0,0.0,0.0,0.0,0.0
Cc1cc(=O)c2cc(-c3nnc(N4CCC(N5CCCCC5)CC4)s3)ccc2o1,0.0,0.0,0.0,0.0,0.0,0.0,0.0,0.0,0.0,0.0,0.0,0.0,0.0,0.0,0.0,7.08,0.0,0.0,0.0,0.0,0.0,0.0,0.0,0.0,0.0,0.0,0.0
Cc1cc(C(=O)N2CCC(Oc3ccc4c(c3)CCN(C3CCC3)CC4)CC2)no1,0.0,0.0,0.0,0.0,0.0,0.0,0.0,0.0,0.0,0.0,8.8,0.0,0.0,0.0,0.0,0.0,0.0,0.0,0.0,0.0,0.0,0.0,0.0,0.0,0.0,0.0,0.0
Cc1cc(C(=O)NC2CCN(C(C)C)C2)ccc1OC1CCN(C(C)C)CC1,0.0,0.0,0.0,0.0,0.0,0.0,0.0,0.0,0.0,0.0,0.0,0.0,5.87,0.0,0.0,0.0,0.0,0.0,0.0,0.0,0.0,0.0,0.0,0.0,0.0,0.0,0.0
Cc1cc(C(=O)NC2CCN(C3CCC3)C2)ccc1OC1CCN(C(C)C)CC1,0.0,0.0,0.0,0.0,0.0,0.0,0.0,0.0,0.0,0.0,0.0,0.0,6.42,0.0,0.0,0.0,0.0,0.0,0.0,0.0,0.0,0.0,0.0,0.0,0.0,0.0,0.0
Cc1cc(C(=O)c2ccc3oc(CCN4CCCC4C)cc3c2)ccc1Cl,0.0,0.0,0.0,0.0,0.0,0.0,9.46,0.0,0.0,0.0,0.0,0.0,0.0,0.0,0.0,0.0,0.0,0.0,0.0,0.0,0.0,0.0,0.0,0.0,0.0,0.0,0.0
Cc1cc(C(=O)c2ccc3oc(CCN4CCCC4C)cc3c2)ccc1F,0.0,0.0,0.0,0.0,0.0,0.0,9.68,0.0,0.0,0.0,0.0,0.0,0.0,0.0,0.0,0.0,0.0,0.0,0.0,0.0,0.0,0.0,0.0,0.0,0.0,0.0,0.0
Cc1cc(C(F)(F)F)cc(-n2ncc(-c3ccc4cc(CCN5CCCC5C)ccc4n3)c2C)n1,0.0,0.0,0.0,0.0,0.0,0.0,0.0,0.0,0.0,0.0,0.0,0.0,8.96,0.0,0.0,0.0,0.0,0.0,0.0,0.0,0.0,0.0,0.0,0.0,0.0,0.0,0.0
Cc1cc(C)c(CCN2CCCC2)c(C)c1,0.0,0.0,0.0,0.0,0.0,0.0,0.0,0.0,0.0,0.0,0.0,0.0,0.0,0.0,0.0,6.4,0.0,0.0,0.0,0.0,0.0,0.0,0.0,0.0,0.0,0.0,0.0
Cc1cc(C)c(CCN2CCCC2C)c(C)c1,0.0,0.0,0.0,0.0,0.0,0.0,0.0,0.0,0.0,0.0,0.0,0.0,0.0,0.0,0.0,8.0,0.0,0.0,0.0,0.0,0.0,0.0,0.0,0.0,0.0,0.0,0.0
Cc1cc(C=CC=Cc2ccc(N(C)C)cc2)cc(C)[n+]1CCCCCc1c[nH]cn1,0.0,0.0,0.0,0.0,0.0,0.0,0.0,0.0,0.0,0.0,0.0,0.0,0.0,9.04,0.0,0.0,0.0,0.0,0.0,0.0,0.0,0.0,0.0,0.0,0.0,0.0,0.0
Cc1cc(C=CC=Cc2ccc(N(C)C)cc2)cc(C)[n+]1CCCCc1c[nH]cn1,0.0,0.0,0.0,0.0,0.0,0.0,0.0,0.0,0.0,0.0,0.0,0.0,0.0,8.6,0.0,0.0,0.0,0.0,0.0,0.0,0.0,0.0,0.0,0.0,0.0,0.0,0.0
Cc1cc(C=CC=Cc2ccc(N(C)C)cc2)cc(C)[n+]1CCCN1CCc2nc[nH]c2C1,0.0,0.0,0.0,0.0,0.0,0.0,0.0,0.0,0.0,0.0,0.0,0.0,0.0,6.34,0.0,0.0,0.0,0.0,0.0,0.0,0.0,0.0,0.0,0.0,0.0,0.0,0.0
Cc1cc(C=CC=Cc2ccc(N(C)C)cc2)cc(C)[n+]1CCCNCCc1c[nH]cn1,0.0,0.0,0.0,0.0,0.0,0.0,0.0,0.0,0.0,0.0,0.0,0.0,0.0,7.87,0.0,0.0,0.0,0.0,0.0,0.0,0.0,0.0,0.0,0.0,0.0,0.0,0.0
Cc1cc(C=CC=Cc2ccc(N(C)C)cc2)cc(C)[n+]1CCCc1c[nH]cn1,0.0,0.0,0.0,0.0,0.0,0.0,0.0,0.0,0.0,0.0,0.0,0.0,0.0,7.93,0.0,0.0,0.0,0.0,0.0,0.0,0.0,0.0,0.0,0.0,0.0,0.0,0.0
Cc1cc(C=CC=Cc2ccc(N(C)C)cc2)cc(C)[n+]1CCc1c[nH]cn1,0.0,0.0,0.0,0.0,0.0,0.0,0.0,0.0,0.0,0.0,0.0,0.0,0.0,6.07,0.0,0.0,0.0,0.0,0.0,0.0,0.0,0.0,0.0,0.0,0.0,0.0,0.0
Cc1cc(N2CC(N(C)C)C2)nc(N)n1,0.0,0.0,0.0,0.0,0.0,0.0,0.0,0.0,0.0,0.0,0.0,0.0,0.0,0.0,0.0,0.0,0.0,0.0,0.0,0.0,0.0,6.5,0.0,0.0,0.0,0.0,0.0
Cc1cc(N2CC(N)C2)nc(N)n1,0.0,0.0,0.0,0.0,0.0,0.0,0.0,0.0,0.0,0.0,0.0,0.0,0.0,0.0,0.0,0.0,0.0,0.0,0.0,0.0,0.0,7.3,0.0,0.0,0.0,0.0,0.0
Cc1cc(N2CCC(N3CCCC3C)C2)ccc1NC(=O)C1CCOCC1,0.0,0.0,0.0,0.0,9.0,0.0,0.0,0.0,0.0,0.0,0.0,0.0,0.0,0.0,0.0,0.0,0.0,0.0,0.0,0.0,0.0,0.0,0.0,0.0,0.0,0.0,0.0
Cc1cc(N2CCC(N3CCCC3C)C2)ccc1NC(=O)c1c(C)noc1C,0.0,0.0,10.0,0.0,0.0,0.0,0.0,0.0,0.0,0.0,0.0,0.0,0.0,0.0,0.0,0.0,0.0,0.0,0.0,0.0,0.0,0.0,0.0,0.0,0.0,0.0,0.0
Cc1cc(N2CCC(N3CCCC3C)C2)ccc1NC(=O)c1cc(F)ccc1C,0.0,0.0,0.0,0.0,8.47,0.0,0.0,0.0,0.0,0.0,0.0,0.0,8.07,0.0,0.0,0.0,0.0,0.0,0.0,0.0,0.0,0.0,0.0,0.0,0.0,0.0,0.0
Cc1cc(N2CCC(N3CCCC3C)C2)ccc1NC(=O)c1ccccc1F,0.0,0.0,0.0,0.0,0.0,0.0,0.0,0.0,0.0,0.0,0.0,0.0,7.86,0.0,0.0,0.0,0.0,0.0,0.0,0.0,0.0,0.0,0.0,0.0,0.0,0.0,0.0
Cc1cc(OC2CCN(C(C)C)CC2)ccc1C(=O)NC1CCN(C2CCC2)C1,0.0,0.0,0.0,0.0,0.0,0.0,0.0,0.0,0.0,0.0,0.0,0.0,8.04,0.0,0.0,0.0,0.0,0.0,0.0,0.0,0.0,0.0,0.0,0.0,0.0,0.0,0.0
Cc1cc(OC2CCN(C3CCC3)CC2)ccc1NC(=O)CN1CCCC1,0.0,0.0,0.0,0.0,0.0,0.0,0.0,0.0,0.0,0.0,0.0,0.0,0.0,0.0,0.0,0.0,8.72,0.0,0.0,0.0,0.0,0.0,0.0,0.0,0.0,0.0,0.0
Cc1cc(OC2CCN(C3CCC3)CC2)ccc1NC(=O)CN1CCCC1C,0.0,0.0,0.0,0.0,0.0,0.0,0.0,0.0,0.0,0.0,0.0,0.0,0.0,0.0,0.0,0.0,8.62,0.0,0.0,0.0,0.0,0.0,0.0,0.0,0.0,0.0,0.0
Cc1cc(OC2CCN(C3CCC3)CC2)ccc1NC(=O)CN1CCCCC1,0.0,0.0,0.0,0.0,0.0,0.0,0.0,0.0,0.0,0.0,0.0,0.0,0.0,0.0,0.0,0.0,8.48,0.0,0.0,0.0,0.0,0.0,0.0,0.0,0.0,0.0,0.0
Cc1cc(OC2CCN(C3CCC3)CC2)ccc1NC(=O)CN1CCOCC1,0.0,0.0,0.0,0.0,0.0,0.0,0.0,0.0,0.0,0.0,0.0,0.0,0.0,0.0,0.0,0.0,7.66,0.0,0.0,0.0,0.0,0.0,0.0,0.0,0.0,0.0,0.0
Cc1cc(OC2CNC(C(=O)N3CCCN(C4CCC4)CC3)C2)ccc1Cl,0.0,0.0,0.0,0.0,0.0,0.0,0.0,0.0,0.0,0.0,0.0,0.0,8.89,0.0,0.0,0.0,0.0,0.0,0.0,0.0,0.0,0.0,0.0,0.0,0.0,0.0,0.0
Cc1cc(OCCCN2CCC(c3noc4cc(F)ccc34)CC2)ccc1CN1CCCC1,0.0,0.0,0.0,0.0,0.0,0.0,0.0,0.0,0.0,0.0,0.0,0.0,6.95,0.0,0.0,0.0,0.0,0.0,0.0,0.0,0.0,0.0,0.0,0.0,0.0,0.0,0.0
Cc1cc(OCCCN2CCC(c3noc4cc(F)ccc34)CC2)ccc1CN1CCOCC1,0.0,0.0,0.0,0.0,0.0,0.0,0.0,0.0,0.0,0.0,0.0,0.0,6.79,0.0,0.0,0.0,0.0,0.0,0.0,0.0,0.0,0.0,0.0,0.0,0.0,0.0,0.0
Cc1cc(OCCCN2CCCC2C)ccc1C(=O)CN1CCOCC1,0.0,0.0,0.0,0.0,0.0,0.0,0.0,0.0,0.0,0.0,0.0,0.0,7.72,0.0,0.0,0.0,0.0,0.0,0.0,0.0,0.0,0.0,0.0,0.0,0.0,0.0,0.0
Cc1cc(OCCCN2CCCC2C)ccc1C1=NNC(=O)C2CC12,0.0,0.0,0.0,0.0,0.0,0.0,0.0,0.0,0.0,0.0,0.0,0.0,8.15,0.0,0.0,0.0,0.0,0.0,0.0,0.0,0.0,0.0,0.0,0.0,0.0,0.0,0.0
Cc1cc(OCCCN2CCCCC2)ccc1-c1cc2ccccn2c1,0.0,0.0,0.0,0.0,0.0,0.0,0.0,0.0,0.0,0.0,0.0,0.0,0.0,0.0,0.0,0.0,0.0,0.0,0.0,0.0,0.0,0.0,0.0,0.0,6.82,0.0,0.0
Cc1cc(OCCCN2CCCCC2)ccc1-c1cn2ccccc2c1C,0.0,0.0,0.0,0.0,0.0,0.0,0.0,0.0,0.0,0.0,0.0,0.0,0.0,0.0,0.0,0.0,0.0,0.0,0.0,0.0,0.0,0.0,0.0,0.0,7.96,0.0,0.0
Cc1cc(OCCCN2CCCCC2)ccc1C1=NNC(=O)C2CC12,0.0,0.0,0.0,0.0,0.0,0.0,0.0,0.0,0.0,0.0,0.0,0.0,7.41,0.0,0.0,0.0,0.0,0.0,0.0,0.0,0.0,0.0,0.0,0.0,0.0,0.0,0.0
Cc1cc(OCCCNC(=O)CCCCCN2C(=CC=CC=CC3=[N+](CCCCS(=O)(=O)[O-])c4ccccc4C3(C)C)C(C)(C)c3ccccc32)ccc1-c1nc2c(C)c(F)ccc2[nH]1,0.0,0.0,0.0,0.0,0.0,0.0,0.0,0.0,0.0,0.0,0.0,0.0,0.0,5.62,0.0,0.0,0.0,0.0,0.0,0.0,0.0,0.0,0.0,0.0,0.0,0.0,0.0
Cc1cc(OCCCNC(=O)CCCCCNC(=O)COc2ccc(C=CC3=[N+]4C(=Cc5ccc(-c6ccc[nH]6)n5[B-]4(F)F)C=C3)cc2)ccc1-c1nc2c(C)c(F)ccc2[nH]1,0.0,0.0,0.0,0.0,0.0,0.0,0.0,0.0,0.0,0.0,0.0,0.0,0.0,6.3,0.0,0.0,0.0,0.0,0.0,0.0,0.0,0.0,0.0,0.0,0.0,0.0,0.0
Cc1cc(OCCC[n+]2c(C)cc(C=CC=Cc3ccc(N(C)C)cc3)cc2C)ccc1-c1nc2c(C)c(F)ccc2[nH]1,0.0,0.0,0.0,0.0,0.0,0.0,0.0,0.0,0.0,0.0,0.0,0.0,0.0,5.79,0.0,0.0,0.0,0.0,0.0,0.0,0.0,0.0,0.0,0.0,0.0,0.0,0.0
Cc1cc(OCCC[n+]2c(C)cc(C=Cc3cc4c5c(c3)CCCN5CCC4)cc2C)ccc1-c1nc2c(C)c(F)ccc2[nH]1,0.0,0.0,0.0,0.0,0.0,0.0,0.0,0.0,0.0,0.0,0.0,0.0,0.0,4.69,0.0,0.0,0.0,0.0,0.0,0.0,0.0,0.0,0.0,0.0,0.0,0.0,0.0
Cc1cc2ncc(-c3ccc4cc(CCN5CCCC5C)ccc4n3)c(C)n2n1,0.0,0.0,0.0,0.0,0.0,0.0,9.62,0.0,0.0,0.0,0.0,0.0,9.62,0.0,0.0,0.0,0.0,0.0,0.0,0.0,0.0,0.0,0.0,0.0,0.0,0.0,0.0
Cc1ccc(-c2cc3sc(N4CCC(N5CCCCC5)CC4)nc3cn2)cn1,0.0,0.0,0.0,0.0,0.0,0.0,0.0,0.0,0.0,0.0,0.0,0.0,6.98,0.0,0.0,6.98,0.0,0.0,0.0,0.0,0.0,0.0,0.0,0.0,0.0,0.0,0.0
Cc1ccc(-c2ccc(-c3ccc4cc(CCN5CCCC5C)ccc4n3)s2)s1,0.0,0.0,0.0,0.0,0.0,0.0,0.0,0.0,0.0,0.0,0.0,0.0,7.68,0.0,0.0,0.0,0.0,0.0,0.0,0.0,0.0,0.0,0.0,0.0,0.0,0.0,0.0
Cc1ccc(-c2ccc3cc(CCN4CCCC4C)ccc3n2)c(C)n1,0.0,0.0,0.0,0.0,0.0,0.0,0.0,0.0,0.0,0.0,0.0,0.0,9.44,0.0,0.0,0.0,0.0,0.0,0.0,0.0,0.0,0.0,0.0,0.0,0.0,0.0,0.0
Cc1ccc(-c2ccc3cc(CCN4CCCC4C)ccc3n2)cn1,0.0,0.0,0.0,0.0,0.0,0.0,0.0,0.0,0.0,0.0,0.0,0.0,9.82,0.0,0.0,0.0,0.0,0.0,0.0,0.0,0.0,0.0,0.0,0.0,0.0,0.0,0.0
Cc1ccc(-c2cnc3nc(N4CCC(N5CCCCC5)CC4)sc3c2)cn1,0.0,0.0,0.0,0.0,0.0,0.0,0.0,0.0,0.0,0.0,0.0,0.0,6.88,0.0,0.0,6.88,0.0,0.0,0.0,0.0,0.0,0.0,0.0,0.0,0.0,0.0,0.0
Cc1ccc(-c2nnc(N3CCC(N4CCCCC4)CC3)s2)cc1,0.0,0.0,0.0,0.0,0.0,0.0,0.0,0.0,0.0,0.0,0.0,0.0,0.0,0.0,0.0,6.79,0.0,0.0,0.0,0.0,0.0,0.0,0.0,0.0,0.0,0.0,0.0
Cc1ccc(C#N)c(Nc2ccc3oc(CCN4CCCC4C)cc3c2)n1,0.0,0.0,0.0,0.0,0.0,0.0,0.0,0.0,0.0,0.0,0.0,0.0,8.53,0.0,0.0,0.0,0.0,0.0,0.0,0.0,0.0,0.0,0.0,0.0,0.0,0.0,0.0
Cc1ccc(C(=O)N2CCN(c3ccc(OC4CCN(C5CCC5)CC4)cc3)C(=O)C2)cc1,0.0,0.0,0.0,0.0,0.0,9.0,0.0,0.0,0.0,0.0,0.0,0.0,0.0,0.0,0.0,0.0,0.0,0.0,0.0,0.0,0.0,0.0,0.0,0.0,0.0,0.0,0.0
Cc1ccc(C(=O)N2CCN(c3ccc(OCCCN4CCCCC4)cc3)C(=O)C2)cc1,0.0,0.0,0.0,0.0,0.0,9.1,0.0,0.0,0.0,0.0,0.0,0.0,0.0,0.0,0.0,0.0,0.0,0.0,0.0,0.0,0.0,0.0,0.0,0.0,0.0,0.0,0.0
Cc1ccc(C(=O)c2ccc3oc(CCN4CCCC4C)cc3c2)cc1,0.0,0.0,0.0,0.0,0.0,0.0,9.68,0.0,0.0,0.0,0.0,0.0,0.0,0.0,0.0,0.0,0.0,0.0,0.0,0.0,0.0,0.0,0.0,0.0,0.0,0.0,0.0
Cc1ccc(C(C)NC(=O)N=C(N)NCCCc2sc(N)nc2C)cc1,0.0,0.0,0.0,0.0,0.0,0.0,0.0,4.58,0.0,0.0,0.0,0.0,0.0,0.0,0.0,0.0,0.0,0.0,0.0,0.0,0.0,0.0,0.0,0.0,0.0,0.0,0.0
Cc1ccc(C2(O)CCN(c3nc(C)nc4ccsc34)CC2)nc1,0.0,0.0,0.0,0.0,0.0,0.0,0.0,0.0,0.0,0.0,0.0,0.0,0.0,0.0,0.0,0.0,0.0,0.0,0.0,0.0,0.0,8.22,0.0,0.0,0.0,0.0,0.0
Cc1ccc(C2CN(C)Cc3cc(OCCCN4CCC(F)CC4)ccc32)cc1,0.0,0.0,0.0,0.0,0.0,0.0,0.0,0.0,0.0,0.0,0.0,0.0,8.08,0.0,0.0,0.0,0.0,0.0,0.0,0.0,0.0,0.0,0.0,0.0,0.0,0.0,0.0
Cc1ccc(C2CN3CCCC3c3cc(OCCCN4CCCCC4)ccc32)cc1,8.7,8.33,0.0,0.0,0.0,0.0,0.0,0.0,0.0,0.0,0.0,0.0,0.0,0.0,0.0,0.0,0.0,0.0,0.0,0.0,0.0,0.0,0.0,0.0,0.0,0.0,0.0
Cc1ccc(CC(C)CNC(=O)N=C(N)NCCCc2cnc(N)s2)cc1,0.0,0.0,0.0,0.0,0.0,0.0,0.0,5.32,0.0,0.0,0.0,0.0,0.0,0.0,0.0,0.0,0.0,0.0,0.0,0.0,0.0,0.0,0.0,0.0,0.0,0.0,0.0
Cc1ccc(CC(C)CNC(=O)N=C(N)NCCCc2nnc(N)o2)cc1,0.0,0.0,0.0,0.0,0.0,0.0,0.0,5.04,0.0,0.0,0.0,0.0,0.0,0.0,0.0,0.0,0.0,0.0,0.0,0.0,0.0,0.0,0.0,0.0,0.0,0.0,0.0
Cc1ccc(CC(C)CNC(=O)N=C(N)NCCCc2nnc(N)s2)cc1,0.0,0.0,0.0,0.0,0.0,0.0,0.0,5.63,0.0,0.0,0.0,0.0,0.0,0.0,0.0,0.0,0.0,0.0,0.0,0.0,0.0,0.0,0.0,0.0,0.0,0.0,0.0
Cc1ccc(CC(C)CNC(=O)N=C(N)NCCCc2sc(N)nc2C)cc1,0.0,0.0,0.0,0.0,0.0,0.0,0.0,5.49,0.0,0.0,0.0,0.0,0.0,0.0,0.0,0.0,0.0,0.0,0.0,0.0,0.0,0.0,0.0,0.0,0.0,0.0,0.0
Cc1ccc(CC(C)CNC(=O)N=C(N)Nc2ccc(-c3sc(N)nc3C)cc2)cc1,0.0,0.0,0.0,0.0,0.0,0.0,0.0,5.08,0.0,0.0,0.0,0.0,0.0,0.0,0.0,0.0,0.0,0.0,0.0,0.0,0.0,0.0,0.0,0.0,0.0,0.0,0.0
Cc1ccc(CC(C)CNC(=O)N=C(N)Nc2cccc(-c3sc(N)nc3C)c2)cc1,0.0,0.0,0.0,0.0,0.0,0.0,0.0,4.89,0.0,0.0,0.0,0.0,0.0,0.0,0.0,0.0,0.0,0.0,0.0,0.0,0.0,0.0,0.0,0.0,0.0,0.0,0.0
Cc1ccc(CCN2CCCC2C)cc1,0.0,0.0,0.0,0.0,0.0,0.0,0.0,0.0,0.0,0.0,0.0,0.0,0.0,0.0,0.0,8.3,0.0,0.0,0.0,0.0,0.0,0.0,0.0,0.0,0.0,0.0,0.0
Cc1ccc(CCNC(=N)SCCCc2c[nH]cn2)cc1,0.0,7.9,0.0,0.0,0.0,0.0,0.0,0.0,0.0,0.0,0.0,0.0,0.0,0.0,0.0,0.0,0.0,0.0,0.0,0.0,0.0,0.0,0.0,0.0,0.0,0.0,0.0
Cc1ccc(CNC(=N)SCCCc2c[nH]cn2)cc1,0.0,8.2,0.0,0.0,0.0,0.0,0.0,0.0,0.0,0.0,0.0,0.0,0.0,0.0,0.0,0.0,0.0,0.0,0.0,0.0,0.0,0.0,0.0,0.0,0.0,0.0,0.0
Cc1ccc(NCCc2c[nH]cn2)cc1,0.0,0.0,0.0,0.0,7.85,0.0,0.0,0.0,0.0,0.0,0.0,0.0,0.0,0.0,0.0,0.0,0.0,0.0,0.0,0.0,0.0,0.0,0.0,0.0,0.0,0.0,0.0
Cc1ccc(NCCc2c[nH]cn2)cc1C,0.0,0.0,0.0,0.0,8.0,0.0,0.0,0.0,0.0,0.0,0.0,0.0,0.0,0.0,0.0,0.0,0.0,0.0,0.0,0.0,0.0,0.0,0.0,0.0,0.0,0.0,0.0
Cc1ccc(OC(CCN(C)C)c2ccc(OCCCN3CCCCC3)cc2)cc1,0.0,0.0,0.0,0.0,0.0,0.0,0.0,0.0,0.0,0.0,0.0,0.0,9.15,0.0,0.0,0.0,0.0,0.0,0.0,0.0,0.0,0.0,0.0,0.0,0.0,0.0,0.0
Cc1ccc(OC2CNC(C(=O)N3CCCN(C4CCC4)CC3)C2)cc1,0.0,0.0,0.0,0.0,0.0,0.0,0.0,0.0,0.0,0.0,0.0,0.0,8.33,0.0,0.0,0.0,0.0,0.0,0.0,0.0,0.0,0.0,0.0,0.0,0.0,0.0,0.0
Cc1ccc(OCCN2CCC(N3CCCCC3)CC2)cc1,0.0,0.0,0.0,0.0,0.0,0.0,0.0,0.0,0.0,0.0,0.0,0.0,0.0,0.0,0.0,0.0,6.52,0.0,0.0,0.0,0.0,0.0,0.0,0.0,0.0,0.0,0.0
Cc1ccc2c(=O)n(-c3ccc(OCCCN4CCCC4)cc3)c(C)nc2c1,0.0,0.0,0.0,0.0,0.0,0.0,0.0,0.0,0.0,0.0,0.0,0.0,9.51,0.0,0.0,0.0,0.0,0.0,0.0,0.0,0.0,0.0,0.0,0.0,0.0,0.0,0.0
Cc1ccc2cc(-c3ccc(OCCCN4CCCCC4)cc3)cn2c1,0.0,0.0,0.0,0.0,0.0,0.0,0.0,0.0,0.0,0.0,0.0,0.0,0.0,0.0,0.0,0.0,0.0,0.0,0.0,0.0,0.0,0.0,0.0,0.0,7.55,0.0,0.0
Cc1ccc2cc(CCN3CCCC3C)ccc2n1,0.0,0.0,0.0,0.0,0.0,0.0,0.0,0.0,0.0,0.0,0.0,0.0,7.92,0.0,0.0,0.0,0.0,0.0,0.0,0.0,0.0,0.0,0.0,0.0,0.0,0.0,0.0
Cc1ccc2nc(C)n(-c3ccc(OCCCN4CCCC4)cc3)c(=O)c2c1,0.0,0.0,0.0,0.0,0.0,0.0,0.0,0.0,0.0,0.0,0.0,0.0,8.9,0.0,0.0,0.0,0.0,0.0,0.0,0.0,0.0,0.0,0.0,0.0,0.0,0.0,0.0
Cc1ccc2oc(-c3ccc(OCCCCCCN4CCCC(C)C4)cc3)cc(=O)c2c1,0.0,0.0,0.0,0.0,0.0,0.0,0.0,0.0,0.0,0.0,0.0,0.0,0.0,0.0,0.0,7.22,0.0,0.0,0.0,0.0,0.0,0.0,0.0,0.0,0.0,0.0,0.0
Cc1ccc2oc(-c3ccc(OCCCCCCN4CCCCC4)cc3)cc(=O)c2c1,0.0,0.0,0.0,0.0,0.0,0.0,0.0,0.0,0.0,0.0,0.0,0.0,0.0,0.0,0.0,6.64,0.0,0.0,0.0,0.0,0.0,0.0,0.0,0.0,0.0,0.0,0.0
Cc1ccc2oc(-c3ccc(OCCCCCCN4CCCCCC4)cc3)cc(=O)c2c1,0.0,0.0,0.0,0.0,0.0,0.0,0.0,0.0,0.0,0.0,0.0,0.0,0.0,0.0,0.0,6.8,0.0,0.0,0.0,0.0,0.0,0.0,0.0,0.0,0.0,0.0,0.0
Cc1cccc(-c2nnc(N3CCC(N4CCCCC4)CC3)s2)c1,0.0,0.0,0.0,0.0,0.0,0.0,0.0,0.0,0.0,0.0,0.0,0.0,0.0,0.0,0.0,7.22,0.0,0.0,0.0,0.0,0.0,0.0,0.0,0.0,0.0,0.0,0.0
Cc1cccc(-c2nnc(N3CCC(N4CCCCC4)CC3)s2)n1,0.0,0.0,0.0,0.0,0.0,0.0,0.0,0.0,0.0,0.0,0.0,0.0,0.0,0.0,0.0,8.21,0.0,0.0,0.0,0.0,0.0,0.0,0.0,0.0,0.0,0.0,0.0
Cc1cccc(-n2nc(C)c(-c3ccc(OC4CCN(C5CCC5)CC4)cc3)cc2=O)n1,0.0,0.0,0.0,0.0,8.4,0.0,0.0,0.0,0.0,0.0,0.0,0.0,0.0,0.0,0.0,0.0,0.0,0.0,0.0,0.0,0.0,0.0,0.0,0.0,0.0,0.0,0.0
Cc1cccc(CCN2CCCC2)c1,0.0,0.0,0.0,0.0,0.0,0.0,0.0,0.0,0.0,0.0,0.0,0.0,0.0,0.0,0.0,6.7,0.0,0.0,0.0,0.0,0.0,0.0,0.0,0.0,0.0,0.0,0.0
Cc1cccc(CCN2CCCC2C)c1,0.0,0.0,0.0,0.0,0.0,0.0,0.0,0.0,0.0,0.0,0.0,0.0,0.0,0.0,0.0,8.3,0.0,0.0,0.0,0.0,0.0,0.0,0.0,0.0,0.0,0.0,0.0
Cc1cccc(Cc2nn(CC3CCCN3C)c(=O)c3ccccc23)c1,0.0,0.0,0.0,0.0,0.0,6.6,0.0,0.0,0.0,0.0,0.0,0.0,0.0,0.0,0.0,0.0,0.0,0.0,0.0,0.0,0.0,0.0,0.0,0.0,0.0,0.0,0.0
Cc1cccc(OC2CNC(C(=O)N3CCCN(C4CCC4)CC3)C2)c1,0.0,0.0,0.0,0.0,0.0,0.0,0.0,0.0,0.0,0.0,0.0,0.0,8.28,0.0,0.0,0.0,0.0,0.0,0.0,0.0,0.0,0.0,0.0,0.0,0.0,0.0,0.0
Cc1cccc2c(=O)n(-c3ccc(OCCCN4CCCC4)cc3)c(C)nc12,0.0,0.0,0.0,0.0,0.0,0.0,0.0,0.0,0.0,0.0,0.0,0.0,9.2,0.0,0.0,0.0,0.0,0.0,0.0,0.0,0.0,0.0,0.0,0.0,0.0,0.0,0.0
Cc1cccc2c(=O)n(C)c(-c3ccc(OC4CCN(C5CCC5)CC4)cc3)nc12,0.0,0.0,0.0,0.0,0.0,0.0,0.0,0.0,0.0,0.0,0.0,0.0,10.51,0.0,0.0,0.0,0.0,0.0,0.0,0.0,0.0,0.0,0.0,0.0,0.0,0.0,0.0
Cc1cccc2cc(-c3ccc(OCCCN4CCCCC4)cc3)cn12,0.0,0.0,0.0,0.0,0.0,0.0,0.0,0.0,0.0,0.0,0.0,0.0,0.0,0.0,0.0,0.0,0.0,0.0,0.0,0.0,0.0,0.0,0.0,0.0,7.34,0.0,0.0
Cc1cccc2nc(C)n(-c3ccc(OC4CCN(C5CCC5)CC4)cc3)c(=O)c12,0.0,0.0,0.0,0.0,0.0,0.0,0.0,0.0,0.0,0.0,0.0,0.0,0.0,0.0,0.0,0.0,8.77,0.0,0.0,0.0,0.0,0.0,0.0,0.0,0.0,0.0,0.0
Cc1cccc2nc(C)n(-c3ccc(OCCCN4CCCC4)cc3)c(=O)c12,0.0,0.0,0.0,0.0,0.0,0.0,0.0,0.0,0.0,0.0,0.0,0.0,9.51,0.0,0.0,0.0,0.0,0.0,0.0,0.0,0.0,0.0,0.0,0.0,0.0,0.0,0.0
Cc1ccccc1-c1nnc(N2CCC(N3CCCCC3)CC2)s1,0.0,0.0,0.0,0.0,0.0,0.0,0.0,0.0,0.0,0.0,0.0,0.0,0.0,0.0,0.0,7.44,0.0,0.0,0.0,0.0,0.0,0.0,0.0,0.0,0.0,0.0,0.0
Cc1ccccc1CNc1cc(N2CCN(C)CC2)nc(N)n1,0.0,0.0,0.0,0.0,0.0,0.0,0.0,0.0,0.0,0.0,0.0,0.0,0.0,6.35,0.0,0.0,0.0,0.0,0.0,0.0,0.0,0.0,0.0,0.0,0.0,0.0,0.0
Cc1ccccc1OC1CNC(C(=O)N2CCCN(C3CCC3)CC2)C1,0.0,0.0,0.0,0.0,0.0,0.0,0.0,0.0,0.0,0.0,0.0,0.0,8.55,0.0,0.0,0.0,0.0,0.0,0.0,0.0,0.0,0.0,0.0,0.0,0.0,0.0,0.0
Cc1cccn2cc(-c3ccc(OCCCN4CCCCC4)cc3)cc12,0.0,0.0,0.0,0.0,0.0,0.0,0.0,0.0,0.0,0.0,0.0,0.0,0.0,0.0,0.0,0.0,0.0,0.0,0.0,0.0,0.0,0.0,0.0,0.0,7.4,0.0,0.0
Cc1cccnc1-c1cnc2nc(N3CCC(N4CCCCC4)CC3)oc2c1,0.0,0.0,0.0,0.0,0.0,0.0,0.0,0.0,0.0,0.0,0.0,0.0,0.0,0.0,0.0,7.82,0.0,0.0,0.0,0.0,0.0,0.0,0.0,0.0,0.0,0.0,0.0
Cc1cccnc1-n1nc(C)c(-c2ccc(OC3CCN(C4CCC4)CC3)cc2)cc1=O,0.0,0.0,0.0,0.0,8.22,0.0,0.0,0.0,0.0,0.0,0.0,0.0,0.0,0.0,0.0,0.0,0.0,0.0,0.0,0.0,0.0,0.0,0.0,0.0,0.0,0.0,0.0
Cc1ccn2cc(-c3ccc(OCCCN4CCCCC4)cc3)cc2c1,0.0,0.0,0.0,0.0,0.0,0.0,0.0,0.0,0.0,0.0,0.0,0.0,0.0,0.0,0.0,0.0,0.0,0.0,0.0,0.0,0.0,0.0,0.0,0.0,7.4,0.0,0.0
Cc1ccn2cc(-c3ccc(OCCCN4CCCCC4)cc3)nc2c1,0.0,0.0,0.0,0.0,0.0,0.0,0.0,0.0,0.0,0.0,0.0,0.0,8.7,0.0,0.0,0.0,0.0,0.0,0.0,0.0,0.0,0.0,0.0,0.0,8.7,0.0,0.0
Cc1ccn2cc(-c3ccc(OCCCN4CCCCCC4)cc3C)nc2c1,0.0,0.0,0.0,0.0,0.0,0.0,0.0,0.0,0.0,0.0,0.0,0.0,9.3,0.0,0.0,0.0,0.0,0.0,0.0,0.0,0.0,0.0,0.0,0.0,0.0,0.0,0.0
Cc1cn(C(=O)OC(C)(C)C)c(=O)n(Cc2ccc(OCCCN3CCCCC3)cc2)c1=O,0.0,0.0,0.0,0.0,0.0,0.0,0.0,0.0,0.0,0.0,0.0,0.0,0.0,0.0,0.0,7.33,0.0,0.0,0.0,0.0,0.0,0.0,0.0,0.0,0.0,0.0,0.0
Cc1cn(Cc2ccc(OCCCN3CCCCC3)cc2)c(=O)[nH]c1=O,0.0,0.0,0.0,0.0,0.0,0.0,0.0,0.0,0.0,0.0,0.0,0.0,0.0,0.0,0.0,8.15,0.0,0.0,0.0,0.0,0.0,0.0,0.0,0.0,0.0,0.0,0.0
Cc1cn(Cc2ccc(OCCCN3CCCCC3)cc2)c(=O)n(C(=O)c2ccccc2)c1=O,0.0,0.0,0.0,0.0,0.0,0.0,0.0,0.0,0.0,0.0,0.0,0.0,0.0,0.0,0.0,7.5,0.0,0.0,0.0,0.0,0.0,0.0,0.0,0.0,0.0,0.0,0.0
Cc1n[nH]c(=O)cc1-c1ccc(OC2CCN(C3CCC3)CC2)cc1,0.0,0.0,0.0,0.0,8.3,0.0,0.0,0.0,0.0,0.0,0.0,0.0,0.0,0.0,0.0,0.0,0.0,0.0,0.0,0.0,0.0,0.0,0.0,0.0,0.0,0.0,0.0
Cc1n[nH]c(C)c1-c1ccc2cc(CCN3CCCC3C)ccc2n1,0.0,0.0,0.0,0.0,0.0,0.0,0.0,0.0,0.0,0.0,0.0,0.0,9.03,0.0,0.0,0.0,0.0,0.0,0.0,0.0,0.0,0.0,0.0,0.0,0.0,0.0,0.0
Cc1n[nH]cc1-c1ccc2cc(CCN3CCCC3C)ccc2n1,0.0,0.0,0.0,0.0,0.0,0.0,0.0,0.0,0.0,0.0,0.0,0.0,9.7,0.0,0.0,0.0,0.0,0.0,0.0,0.0,0.0,0.0,0.0,0.0,0.0,0.0,0.0
Cc1nc(-c2ccc(OCCCN3CCCC3C)cc2)sc1C(=O)N1CCOCC1,0.0,0.0,0.0,0.0,8.6,0.0,0.0,0.0,0.0,0.0,0.0,0.0,0.0,0.0,0.0,0.0,0.0,0.0,0.0,0.0,0.0,0.0,0.0,0.0,0.0,0.0,0.0
Cc1nc(-c2ccccn2)sc1-c1ccc2cc(CCN3CCCC3C)ccc2n1,0.0,0.0,0.0,0.0,0.0,0.0,0.0,0.0,0.0,0.0,0.0,0.0,9.47,0.0,0.0,0.0,0.0,0.0,0.0,0.0,0.0,0.0,0.0,0.0,0.0,0.0,0.0
Cc1nc(-c2cccnc2)sc1-c1ccc2cc(CCN3CCCC3C)ccc2n1,0.0,0.0,0.0,0.0,0.0,0.0,0.0,0.0,0.0,0.0,0.0,0.0,9.46,0.0,0.0,0.0,0.0,0.0,0.0,0.0,0.0,0.0,0.0,0.0,0.0,0.0,0.0
Cc1nc(-c2cccs2)sc1-c1ccc2cc(CCN3CCCC3C)ccc2n1,0.0,0.0,0.0,0.0,0.0,0.0,0.0,0.0,0.0,0.0,0.0,0.0,9.02,0.0,0.0,0.0,0.0,0.0,0.0,0.0,0.0,0.0,0.0,0.0,0.0,0.0,0.0
Cc1nc(-c2ccncc2)sc1-c1ccc2cc(CCN3CCCC3C)ccc2n1,0.0,0.0,0.0,0.0,0.0,0.0,0.0,0.0,0.0,0.0,0.0,0.0,9.49,0.0,0.0,0.0,0.0,0.0,0.0,0.0,0.0,0.0,0.0,0.0,0.0,0.0,0.0
Cc1nc(-c2cnccn2)sc1-c1ccc2cc(CCN3CCCC3C)ccc2n1,0.0,0.0,0.0,0.0,0.0,0.0,0.0,0.0,0.0,0.0,0.0,0.0,9.46,0.0,0.0,0.0,0.0,0.0,0.0,0.0,0.0,0.0,0.0,0.0,0.0,0.0,0.0
Cc1nc(-c2nc(-c3ccc4cc(CCN5CCCC5C)ccc4n3)cs2)cs1,0.0,0.0,0.0,0.0,0.0,0.0,0.0,0.0,0.0,0.0,0.0,0.0,8.77,0.0,0.0,0.0,0.0,0.0,0.0,0.0,0.0,0.0,0.0,0.0,0.0,0.0,0.0
Cc1nc(C)c(-c2ccc3cc(CCN4CCCC4C)ccc3n2)cc1C#N,0.0,0.0,0.0,0.0,0.0,0.0,0.0,0.0,0.0,0.0,0.0,0.0,9.55,0.0,0.0,0.0,0.0,0.0,0.0,0.0,0.0,0.0,0.0,0.0,0.0,0.0,0.0
Cc1nc(C)c(-c2ccc3cc(CCN4CCCC4C)ccc3n2)cc1C(N)=O,0.0,0.0,0.0,0.0,0.0,0.0,0.0,0.0,0.0,0.0,0.0,0.0,9.01,0.0,0.0,0.0,0.0,0.0,0.0,0.0,0.0,0.0,0.0,0.0,0.0,0.0,0.0
Cc1nc(C)c(-c2ccc3cc(CCN4CCCC4C)ccc3n2)o1,0.0,0.0,0.0,0.0,0.0,0.0,0.0,0.0,0.0,0.0,0.0,0.0,9.25,0.0,0.0,0.0,0.0,0.0,0.0,0.0,0.0,0.0,0.0,0.0,0.0,0.0,0.0
Cc1nc(C)c(-c2ccc3cc(CCN4CCCC4C)ccc3n2)s1,0.0,0.0,0.0,0.0,0.0,0.0,0.0,0.0,0.0,0.0,0.0,0.0,9.72,0.0,0.0,0.0,0.0,0.0,0.0,0.0,0.0,0.0,0.0,0.0,0.0,0.0,0.0
Cc1nc(N)oc1CCCNC(N)=NC(=O)NCC(C)C1CCCCC1,0.0,0.0,0.0,0.0,0.0,0.0,0.0,5.08,0.0,0.0,0.0,0.0,0.0,0.0,0.0,0.0,0.0,0.0,0.0,0.0,0.0,0.0,0.0,0.0,0.0,0.0,0.0
Cc1nc(N)sc1-c1ccc(NC(N)=NC(=O)NC2CCCCC2)cc1,0.0,0.0,0.0,0.0,0.0,0.0,0.0,4.91,0.0,0.0,0.0,0.0,0.0,0.0,0.0,0.0,0.0,0.0,0.0,0.0,0.0,0.0,0.0,0.0,0.0,0.0,0.0
Cc1nc(N)sc1-c1ccc(NC(N)=NC(=O)NCC(C)C2CCCCC2)cc1,0.0,0.0,0.0,0.0,0.0,0.0,0.0,5.25,0.0,0.0,0.0,0.0,0.0,0.0,0.0,0.0,0.0,0.0,0.0,0.0,0.0,0.0,0.0,0.0,0.0,0.0,0.0
Cc1nc(N)sc1-c1ccc(NC(N)=NC(=O)NCC(C)CCCc2ccccc2)cc1,0.0,0.0,0.0,0.0,0.0,0.0,0.0,5.1,0.0,0.0,0.0,0.0,0.0,0.0,0.0,0.0,0.0,0.0,0.0,0.0,0.0,0.0,0.0,0.0,0.0,0.0,0.0
Cc1nc(N)sc1-c1ccc(NC(N)=NC(=O)NCCCCCCNC(=O)N=C(N)Nc2ccc(-c3sc(N)nc3C)cc2)cc1,0.0,0.0,0.0,0.0,0.0,0.0,0.0,5.71,0.0,0.0,0.0,0.0,0.0,0.0,0.0,0.0,0.0,0.0,0.0,0.0,0.0,0.0,0.0,0.0,0.0,0.0,0.0
Cc1nc(N)sc1-c1ccc(NC(N)=NC(=O)NCc2ccccc2)cc1,0.0,0.0,0.0,0.0,0.0,0.0,0.0,5.07,0.0,0.0,0.0,0.0,0.0,0.0,0.0,0.0,0.0,0.0,0.0,0.0,0.0,0.0,0.0,0.0,0.0,0.0,0.0
Cc1nc(N)sc1-c1cccc(NC(N)=NC(=O)NCC(C)CCCc2ccccc2)c1,0.0,0.0,0.0,0.0,0.0,0.0,0.0,4.97,0.0,0.0,0.0,0.0,0.0,0.0,0.0,0.0,0.0,0.0,0.0,0.0,0.0,0.0,0.0,0.0,0.0,0.0,0.0
Cc1nc(N)sc1-c1cccc(NC(N)=NC(=O)NCCCCCCNC(=O)N=C(N)Nc2cccc(-c3sc(N)nc3C)c2)c1,0.0,0.0,0.0,0.0,0.0,0.0,0.0,6.15,0.0,0.0,0.0,0.0,0.0,0.0,0.0,0.0,0.0,0.0,0.0,0.0,0.0,0.0,0.0,0.0,0.0,0.0,0.0
Cc1nc(N)sc1CCCNC(N)=NC(=O)NC(C)c1ccc(Br)cc1,0.0,0.0,0.0,0.0,0.0,0.0,0.0,4.89,0.0,0.0,0.0,0.0,0.0,0.0,0.0,0.0,0.0,0.0,0.0,0.0,0.0,0.0,0.0,0.0,0.0,0.0,0.0
Cc1nc(N)sc1CCCNC(N)=NC(=O)NC(C)c1ccc(Cl)cc1,0.0,0.0,0.0,0.0,0.0,0.0,0.0,4.75,0.0,0.0,0.0,0.0,0.0,0.0,0.0,0.0,0.0,0.0,0.0,0.0,0.0,0.0,0.0,0.0,0.0,0.0,0.0
Cc1nc(N)sc1CCCNC(N)=NC(=O)NC(C)c1ccc(F)cc1,0.0,0.0,0.0,0.0,0.0,0.0,0.0,4.59,0.0,0.0,0.0,0.0,0.0,0.0,0.0,0.0,0.0,0.0,0.0,0.0,0.0,0.0,0.0,0.0,0.0,0.0,0.0
Cc1nc(N)sc1CCCNC(N)=NC(=O)NC(C)c1ccc(OC(F)(F)F)cc1,0.0,0.0,0.0,0.0,0.0,0.0,0.0,4.84,0.0,0.0,0.0,0.0,0.0,0.0,0.0,0.0,0.0,0.0,0.0,0.0,0.0,0.0,0.0,0.0,0.0,0.0,0.0
Cc1nc(N)sc1CCCNC(N)=NC(=O)NC(C)c1cccc(F)c1,0.0,0.0,0.0,0.0,0.0,0.0,0.0,4.41,0.0,0.0,0.0,0.0,0.0,0.0,0.0,0.0,0.0,0.0,0.0,0.0,0.0,0.0,0.0,0.0,0.0,0.0,0.0
Cc1nc(N)sc1CCCNC(N)=NC(=O)NC(C)c1ccccc1,0.0,0.0,0.0,0.0,0.0,0.0,0.0,4.48,0.0,0.0,0.0,0.0,0.0,0.0,0.0,0.0,0.0,0.0,0.0,0.0,0.0,0.0,0.0,0.0,0.0,0.0,0.0
Cc1nc(N)sc1CCCNC(N)=NC(=O)NC(C)c1ccccc1F,0.0,0.0,0.0,0.0,0.0,0.0,0.0,4.51,0.0,0.0,0.0,0.0,0.0,0.0,0.0,0.0,0.0,0.0,0.0,0.0,0.0,0.0,0.0,0.0,0.0,0.0,0.0
Cc1nc(N)sc1CCCNC(N)=NC(=O)NC(C)c1ccco1,0.0,0.0,0.0,0.0,0.0,0.0,0.0,4.36,0.0,0.0,0.0,0.0,0.0,0.0,0.0,0.0,0.0,0.0,0.0,0.0,0.0,0.0,0.0,0.0,0.0,0.0,0.0
Cc1nc(N)sc1CCCNC(N)=NC(=O)NC(C)c1cccs1,0.0,0.0,0.0,0.0,0.0,0.0,0.0,4.23,0.0,0.0,0.0,0.0,0.0,0.0,0.0,0.0,0.0,0.0,0.0,0.0,0.0,0.0,0.0,0.0,0.0,0.0,0.0
Cc1nc(N)sc1CCCNC(N)=NC(=O)NC(c1ccccc1)C(C)C,0.0,0.0,0.0,0.0,0.0,0.0,0.0,4.72,0.0,0.0,0.0,0.0,0.0,0.0,0.0,0.0,0.0,0.0,0.0,0.0,0.0,0.0,0.0,0.0,0.0,0.0,0.0
Cc1nc(N)sc1CCCNC(N)=NC(=O)NC(c1ccccc1)C(F)(F)F,0.0,0.0,0.0,0.0,0.0,0.0,0.0,4.5,0.0,0.0,0.0,0.0,0.0,0.0,0.0,0.0,0.0,0.0,0.0,0.0,0.0,0.0,0.0,0.0,0.0,0.0,0.0
Cc1nc(N)sc1CCCNC(N)=NC(=O)NC(c1ccccc1)c1ccccc1,0.0,0.0,0.0,0.0,0.0,0.0,0.0,5.04,0.0,0.0,0.0,0.0,0.0,0.0,0.0,0.0,0.0,0.0,0.0,0.0,0.0,0.0,0.0,0.0,0.0,0.0,0.0
Cc1nc(N)sc1CCCNC(N)=NC(=O)NCC(C)C1CCCCC1,0.0,0.0,0.0,0.0,0.0,0.0,0.0,5.0,0.0,0.0,0.0,0.0,0.0,0.0,0.0,0.0,0.0,0.0,0.0,0.0,0.0,0.0,0.0,0.0,0.0,0.0,0.0
Cc1nc(N)sc1CCCNC(N)=NC(=O)NCC(C)CC1CCCCC1,0.0,0.0,0.0,0.0,0.0,0.0,0.0,5.13,0.0,0.0,0.0,0.0,0.0,0.0,0.0,0.0,0.0,0.0,0.0,0.0,0.0,0.0,0.0,0.0,0.0,0.0,0.0
Cc1nc(N)sc1CCCNC(N)=NC(=O)NCC(C)CCCc1ccccc1,0.0,0.0,0.0,0.0,0.0,0.0,0.0,5.64,0.0,0.0,0.0,0.0,0.0,0.0,0.0,0.0,0.0,0.0,0.0,0.0,0.0,0.0,0.0,0.0,0.0,0.0,0.0
Cc1nc(N)sc1CCCNC(N)=NC(=O)NCC(C)CCc1ccccc1,0.0,0.0,0.0,0.0,0.0,0.0,0.0,5.04,0.0,0.0,0.0,0.0,0.0,0.0,0.0,0.0,0.0,0.0,0.0,0.0,0.0,0.0,0.0,0.0,0.0,0.0,0.0
Cc1nc(N)sc1CCCNC(N)=NC(=O)NCC(C)c1ccc(C(C)C)cc1,0.0,0.0,0.0,0.0,0.0,0.0,0.0,5.1,0.0,0.0,0.0,0.0,0.0,0.0,0.0,0.0,0.0,0.0,0.0,0.0,0.0,0.0,0.0,0.0,0.0,0.0,0.0
Cc1nc(N)sc1CCCNC(N)=NC(=O)NCC(C)c1ccccc1,0.0,0.0,0.0,0.0,0.0,0.0,0.0,4.77,0.0,0.0,0.0,0.0,0.0,0.0,0.0,0.0,0.0,0.0,0.0,0.0,0.0,0.0,0.0,0.0,0.0,0.0,0.0
Cc1nc(N)sc1CCCNC(N)=NC(=O)NCC(c1ccccc1)C(C)C,0.0,0.0,0.0,0.0,0.0,0.0,0.0,4.93,0.0,0.0,0.0,0.0,0.0,0.0,0.0,0.0,0.0,0.0,0.0,0.0,0.0,0.0,0.0,0.0,0.0,0.0,0.0
Cc1nc(N)sc1CCCNC(N)=NC(=O)NCC(c1ccccc1)c1ccccc1,0.0,0.0,0.0,0.0,0.0,0.0,0.0,5.0,0.0,0.0,0.0,0.0,0.0,0.0,0.0,0.0,0.0,0.0,0.0,0.0,0.0,0.0,0.0,0.0,0.0,0.0,0.0
Cc1nc(N)sc1CCCNC(N)=NC(=O)NCc1ccccc1,0.0,0.0,0.0,0.0,0.0,0.0,0.0,4.71,0.0,0.0,0.0,0.0,0.0,0.0,0.0,0.0,0.0,0.0,0.0,0.0,0.0,0.0,0.0,0.0,0.0,0.0,0.0
Cc1nc(N)sc1CCCNC(N)=NC(=O)NCc1ccco1,0.0,0.0,0.0,0.0,0.0,0.0,0.0,4.13,0.0,0.0,0.0,0.0,0.0,0.0,0.0,0.0,0.0,0.0,0.0,0.0,0.0,0.0,0.0,0.0,0.0,0.0,0.0
Cc1nc(N)sc1CCCNC(N)=NC(=S)NC(C)c1ccccc1,0.0,0.0,0.0,0.0,0.0,0.0,0.0,4.19,0.0,0.0,0.0,0.0,0.0,0.0,0.0,0.0,0.0,0.0,0.0,0.0,0.0,0.0,0.0,0.0,0.0,0.0,0.0
Cc1nc(N)sc1CCCNC(N)=NC(=S)NC(c1ccccc1)c1ccccc1,0.0,0.0,0.0,0.0,0.0,0.0,0.0,4.36,0.0,0.0,0.0,0.0,0.0,0.0,0.0,0.0,0.0,0.0,0.0,0.0,0.0,0.0,0.0,0.0,0.0,0.0,0.0
Cc1nc(N)sc1CCCNC(N)=NC(=S)NCC(C)c1ccccc1,0.0,0.0,0.0,0.0,0.0,0.0,0.0,4.16,0.0,0.0,0.0,0.0,0.0,0.0,0.0,0.0,0.0,0.0,0.0,0.0,0.0,0.0,0.0,0.0,0.0,0.0,0.0
Cc1nc(N)sc1CCCNC(N)=NC(=S)NCC(c1ccccc1)c1ccccc1,0.0,0.0,0.0,0.0,0.0,0.0,0.0,4.33,0.0,0.0,0.0,0.0,0.0,0.0,0.0,0.0,0.0,0.0,0.0,0.0,0.0,0.0,0.0,0.0,0.0,0.0,0.0
Cc1nc(N2CCCC2)ncc1-c1ccc2cc(CCN3CCCC3C)ccc2n1,0.0,0.0,0.0,0.0,0.0,0.0,9.54,0.0,0.0,0.0,0.0,0.0,9.54,0.0,0.0,0.0,0.0,0.0,0.0,0.0,0.0,0.0,0.0,0.0,0.0,0.0,0.0
Cc1nc(N2CCOCC2)sc1-c1ccc2cc(CCN3CCCC3C)ccc2n1,0.0,0.0,0.0,0.0,0.0,0.0,0.0,0.0,0.0,0.0,0.0,0.0,9.25,0.0,0.0,0.0,0.0,0.0,0.0,0.0,0.0,0.0,0.0,0.0,0.0,0.0,0.0
Cc1nc(OCCCN2CCCCC2)sc1-c1ccccc1,0.0,0.0,0.0,0.0,0.0,0.0,0.0,0.0,0.0,0.0,0.0,0.0,7.39,0.0,0.0,0.0,0.0,0.0,0.0,0.0,0.0,0.0,0.0,0.0,0.0,0.0,0.0
Cc1nc(Oc2ccc3c(c2)CCN(C2CCC2)CC3)ccc1C#N,0.0,0.0,0.0,0.0,0.0,0.0,0.0,0.0,0.0,0.0,9.7,0.0,0.0,0.0,0.0,0.0,0.0,0.0,0.0,0.0,0.0,0.0,0.0,0.0,0.0,0.0,0.0
Cc1nc2c(C(F)(F)F)cccc2c(=O)n1-c1ccc(OCCCN2CCCC2)cc1,0.0,0.0,0.0,0.0,0.0,0.0,0.0,0.0,0.0,0.0,0.0,0.0,9.16,0.0,0.0,0.0,0.0,0.0,0.0,0.0,0.0,0.0,0.0,0.0,0.0,0.0,0.0
Cc1nc2c(F)cccc2c(=O)n1-c1ccc(OCCCN2CCCC2)cc1,0.0,0.0,0.0,0.0,0.0,0.0,0.0,0.0,0.0,0.0,0.0,0.0,9.33,0.0,0.0,0.0,0.0,0.0,0.0,0.0,0.0,0.0,0.0,0.0,0.0,0.0,0.0
Cc1nc2cc(-c3nnc(N4CCC(N5CCCCC5)CC4)s3)ccc2o1,0.0,0.0,0.0,0.0,0.0,0.0,0.0,0.0,0.0,0.0,0.0,0.0,0.0,0.0,0.0,7.61,0.0,0.0,0.0,0.0,0.0,0.0,0.0,0.0,0.0,0.0,0.0
Cc1nc2cc(C(F)(F)F)ccc2c(=O)n1-c1ccc(OCCCN2CCCC2)cc1,0.0,0.0,0.0,0.0,0.0,0.0,0.0,0.0,0.0,0.0,0.0,0.0,9.51,0.0,0.0,0.0,0.0,0.0,0.0,0.0,0.0,0.0,0.0,0.0,0.0,0.0,0.0
Cc1nc2cc(F)ccc2c(=O)n1-c1ccc(OCCCN2CCCC2)cc1,0.0,0.0,0.0,0.0,0.0,0.0,0.0,0.0,0.0,0.0,0.0,0.0,9.2,0.0,0.0,0.0,0.0,0.0,0.0,0.0,0.0,0.0,0.0,0.0,0.0,0.0,0.0
Cc1nc2ccc(F)cc2c(=O)n1-c1ccc(OCCCN2CCCC2)cc1,0.0,0.0,0.0,0.0,0.0,0.0,0.0,0.0,0.0,0.0,0.0,0.0,9.3,0.0,0.0,0.0,0.0,0.0,0.0,0.0,0.0,0.0,0.0,0.0,0.0,0.0,0.0
Cc1nc2cccc(C(F)(F)F)c2c(=O)n1-c1ccc(OC2CCN(C3CCC3)CC2)cc1,0.0,0.0,0.0,0.0,0.0,0.0,0.0,0.0,0.0,0.0,0.0,0.0,0.0,0.0,0.0,0.0,8.44,0.0,0.0,0.0,0.0,0.0,0.0,0.0,0.0,0.0,0.0
Cc1nc2cccc(C(F)(F)F)c2c(=O)n1-c1ccc(OCCCN2CCCC2)cc1,0.0,0.0,0.0,0.0,0.0,0.0,0.0,0.0,0.0,0.0,0.0,0.0,8.77,0.0,0.0,9.2,8.17,0.0,0.0,0.0,0.0,0.0,0.0,0.0,0.0,0.0,0.0
Cc1nc2cccc(Cl)c2c(=O)n1-c1ccc(OCCCN2CCCC2)cc1,0.0,0.0,0.0,0.0,0.0,0.0,0.0,0.0,0.0,0.0,0.0,0.0,9.39,0.0,0.0,0.0,0.0,0.0,0.0,0.0,0.0,0.0,0.0,0.0,0.0,0.0,0.0
Cc1nc2cccc(F)c2c(=O)n1-c1ccc(OC2CCN(C3CCC3)CC2)cc1,0.0,0.0,0.0,0.0,0.0,0.0,0.0,0.0,0.0,0.0,0.0,0.0,0.0,0.0,0.0,0.0,8.17,0.0,0.0,0.0,0.0,0.0,0.0,0.0,0.0,0.0,0.0
Cc1nc2cccc(F)c2c(=O)n1-c1ccc(OCCCN2CCCC2)cc1,0.0,0.0,0.0,0.0,0.0,0.0,0.0,0.0,0.0,0.0,0.0,0.0,9.16,0.0,0.0,0.0,0.0,0.0,0.0,0.0,0.0,0.0,0.0,0.0,0.0,0.0,0.0
Cc1nc2ccccc2c(=O)n1-c1ccc(OCCCN2CCCC2)cc1,0.0,0.0,0.0,0.0,0.0,0.0,0.0,0.0,0.0,0.0,0.0,0.0,8.96,0.0,0.0,0.0,0.0,0.0,0.0,0.0,0.0,0.0,0.0,0.0,0.0,0.0,0.0
Cc1nc2ccccc2n1-c1ccc(C(=O)N(C)C2CCN(C(C)C)C2)cc1,0.0,0.0,0.0,0.0,0.0,0.0,0.0,0.0,0.0,0.0,0.0,0.0,0.0,0.0,0.0,0.0,0.0,0.0,0.0,0.0,0.0,0.0,0.0,0.0,0.0,0.0,8.38
Cc1nc2ccccc2n1-c1ccc(C(=O)N(C)C2CCN(C)C2)cc1,0.0,0.0,0.0,0.0,0.0,0.0,0.0,0.0,0.0,0.0,0.0,0.0,0.0,0.0,0.0,0.0,0.0,0.0,0.0,0.0,0.0,0.0,0.0,0.0,0.0,0.0,6.6
Cc1nc2ccccc2n1-c1ccc(C(=O)N(C)C2CCN(C3CCC3)C2)cc1,0.0,0.0,0.0,0.0,0.0,0.0,0.0,0.0,0.0,0.0,0.0,0.0,0.0,0.0,0.0,0.0,0.0,0.0,0.0,0.0,0.0,0.0,0.0,0.0,0.0,0.0,8.17
Cc1nc2ccccc2n1-c1ccc(C(=O)N(C)C2CCN(C3CCCC3)C2)cc1,0.0,0.0,0.0,0.0,0.0,0.0,0.0,0.0,0.0,0.0,0.0,0.0,0.0,0.0,0.0,0.0,0.0,0.0,0.0,0.0,0.0,0.0,0.0,0.0,0.0,0.0,8.46
Cc1nc2ccccc2n1-c1ccc(C(=O)N(C)C2CCN(C3CCCCC3)C2)cc1,0.0,0.0,0.0,0.0,0.0,0.0,0.0,0.0,0.0,0.0,0.0,0.0,0.0,0.0,0.0,0.0,0.0,0.0,0.0,0.0,0.0,0.0,0.0,0.0,0.0,0.0,8.33
Cc1nc2ccccc2n1-c1ccc(C(=O)N(C)C2CCN(C3CCCCCC3)C2)cc1,0.0,0.0,0.0,0.0,0.0,0.0,0.0,0.0,0.0,0.0,0.0,0.0,0.0,0.0,0.0,0.0,0.0,0.0,0.0,0.0,0.0,0.0,0.0,0.0,0.0,0.0,7.5
Cc1nc2ccccc2n1-c1ccc(C(=O)N2CCC(N3CCCC3)C2)cc1,0.0,0.0,0.0,0.0,0.0,0.0,0.0,0.0,0.0,0.0,0.0,0.0,0.0,0.0,0.0,0.0,0.0,0.0,0.0,0.0,0.0,0.0,0.0,0.0,0.0,0.0,9.4
Cc1nc2ccccc2n1-c1ccc(C(=O)NC2CCN(C(C)C)C2)cc1,0.0,0.0,0.0,0.0,0.0,0.0,0.0,0.0,0.0,0.0,0.0,0.0,0.0,0.0,0.0,0.0,0.0,0.0,0.0,0.0,0.0,0.0,0.0,0.0,0.0,0.0,6.76
Cc1nc2ccccc2n1-c1ccc(C(=O)NC2CCN(C3CCCC3)C2)cc1,0.0,0.0,0.0,0.0,0.0,0.0,0.0,0.0,0.0,0.0,0.0,0.0,0.0,0.0,0.0,0.0,0.0,0.0,0.0,0.0,0.0,0.0,0.0,0.0,0.0,0.0,6.71
Cc1nc2ccccc2n1Cc1ccc(C(=O)N(C)C2CCN(C(C)C)C2)cc1,0.0,0.0,0.0,0.0,0.0,0.0,0.0,0.0,0.0,0.0,0.0,0.0,0.0,0.0,0.0,0.0,0.0,0.0,0.0,0.0,0.0,0.0,0.0,0.0,0.0,0.0,8.8
Cc1nc2ccccc2n1Cc1ccc(C(=O)N(C)C2CCN(C3CCC3)C2)cc1,0.0,0.0,0.0,0.0,0.0,0.0,0.0,0.0,0.0,0.0,0.0,0.0,0.0,0.0,0.0,0.0,0.0,0.0,0.0,0.0,0.0,0.0,0.0,0.0,0.0,0.0,8.57
Cc1nc2ccccc2n1Cc1ccc(C(=O)N(C)C2CCN(C3CCCC3)C2)cc1,0.0,0.0,0.0,0.0,0.0,0.0,0.0,0.0,0.0,0.0,0.0,0.0,0.0,0.0,0.0,0.0,0.0,0.0,0.0,0.0,0.0,0.0,0.0,0.0,0.0,0.0,8.05
Cc1nc2ccccc2n1Cc1ccc(C(=O)N2CCC(N(C)C)C2)cc1,0.0,0.0,0.0,0.0,0.0,0.0,0.0,0.0,0.0,0.0,0.0,0.0,0.0,0.0,0.0,0.0,0.0,0.0,0.0,0.0,0.0,0.0,0.0,0.0,0.0,0.0,7.77
Cc1nc2ccccc2n1Cc1ccc(C(=O)N2CCC(N3CCCC3)C2)cc1,0.0,0.0,0.0,0.0,0.0,0.0,0.0,0.0,0.0,0.0,0.0,0.0,0.0,0.0,0.0,0.0,0.0,0.0,0.0,0.0,0.0,0.0,0.0,0.0,0.0,0.0,8.52
Cc1nc2ccccn2c1-c1ccc2cc(CCN3CCCC3C)ccc2n1,0.0,0.0,0.0,0.0,0.0,0.0,0.0,0.0,0.0,0.0,0.0,0.0,9.92,0.0,0.0,0.0,0.0,0.0,0.0,0.0,0.0,0.0,0.0,0.0,0.0,0.0,0.0
Cc1nc2n(c(=O)c1CCN1CCC(c3noc4cc(F)ccc34)CC1)CCCC2,0.0,0.0,0.0,0.0,0.0,0.0,0.0,0.0,0.0,0.0,0.0,0.0,5.96,0.0,0.0,0.0,0.0,0.0,0.0,0.0,0.0,0.0,0.0,0.0,0.0,0.0,0.0
Cc1nc2ncccc2cc1-c1ccc2cc(CCN3CCCC3C)ccc2n1,0.0,0.0,0.0,0.0,0.0,0.0,9.47,0.0,0.0,0.0,0.0,0.0,9.47,0.0,0.0,0.0,0.0,0.0,0.0,0.0,0.0,0.0,0.0,0.0,0.0,0.0,0.0
Cc1nc[nH]c1CCN,0.0,5.2,0.0,0.0,0.0,0.0,0.0,0.0,0.0,0.0,0.0,0.0,0.0,0.0,0.0,0.0,0.0,0.0,0.0,0.0,0.0,0.0,0.0,0.0,0.0,0.0,0.0
Cc1nn(-c2ccccn2)c(=O)cc1-c1ccc(OC2CCN(C3CCC3)CC2)cc1,0.0,0.0,0.0,0.0,8.52,0.0,0.0,0.0,0.0,0.0,0.0,0.0,0.0,0.0,0.0,0.0,0.0,0.0,0.0,0.0,0.0,0.0,0.0,0.0,0.0,0.0,0.0
Cc1nn(-c2ccsc2)c(=O)cc1-c1ccc(OC2CCN(C3CCC3)CC2)cc1,0.0,0.0,0.0,0.0,8.52,0.0,0.0,0.0,0.0,0.0,0.0,0.0,0.0,0.0,0.0,0.0,0.0,0.0,0.0,0.0,0.0,0.0,0.0,0.0,0.0,0.0,0.0
Cc1nn(C)c(=O)cc1-c1ccc(OC2CCN(C3CCC3)CC2)cc1,0.0,0.0,0.0,0.0,8.4,0.0,0.0,0.0,0.0,0.0,0.0,0.0,0.0,0.0,0.0,0.0,0.0,0.0,0.0,0.0,0.0,0.0,0.0,0.0,0.0,0.0,0.0
Cc1nn(C)cc1-c1ccc2cc(CCN3CCCC3C)ccc2n1,0.0,0.0,0.0,0.0,0.0,0.0,9.35,0.0,0.0,0.0,0.0,0.0,9.35,0.0,0.0,0.0,0.0,0.0,0.0,0.0,0.0,0.0,0.0,0.0,0.0,0.0,0.0
Cc1nn(CCOCCOCCN)cc1-c1ccc2cc(CCN3CCCC3C)ccc2n1,0.0,0.0,0.0,0.0,0.0,0.0,0.0,0.0,0.0,0.0,0.0,0.0,9.15,0.0,0.0,0.0,0.0,0.0,0.0,0.0,0.0,0.0,0.0,0.0,0.0,0.0,0.0
Cc1nn(CCOCCOCCNC(=O)C2C(C(=O)O)C(C(=O)O)C2C(=O)O)cc1-c1ccc2cc(CCN3CCCC3C)ccc2n1,0.0,0.0,0.0,0.0,0.0,0.0,0.0,0.0,0.0,0.0,0.0,0.0,7.59,0.0,0.0,0.0,0.0,0.0,0.0,0.0,0.0,0.0,0.0,0.0,0.0,0.0,0.0
Cc1nn(CCOCCOCCNC(=O)CCCCCC2(C)C(C=CC=CC=C3N(CCCS(=O)(=O)O)c4ccc(S(=O)(=O)O)cc4C3(C)C)=[N+](CCCS(=O)(=O)[O-])c3ccc(S(=O)(=O)O)cc32)cc1-c1ccc2cc(CCN3CCCC3C)ccc2n1,0.0,0.0,0.0,0.0,0.0,0.0,0.0,0.0,0.0,0.0,0.0,0.0,8.72,0.0,0.0,0.0,0.0,0.0,0.0,0.0,0.0,0.0,0.0,0.0,0.0,0.0,0.0
Cc1nn(CCOCCOCCNC(=O)CS(=O)(=O)O)cc1-c1ccc2cc(CCN3CCCC3C)ccc2n1,0.0,0.0,0.0,0.0,0.0,0.0,0.0,0.0,0.0,0.0,0.0,0.0,8.25,0.0,0.0,0.0,0.0,0.0,0.0,0.0,0.0,0.0,0.0,0.0,0.0,0.0,0.0
Cc1nn(CCOCCOCCNC(=O)OC(C)(C)C)cc1-c1ccc2cc(CCN3CCCC3C)ccc2n1,0.0,0.0,0.0,0.0,0.0,0.0,0.0,0.0,0.0,0.0,0.0,0.0,8.82,0.0,0.0,0.0,0.0,0.0,0.0,0.0,0.0,0.0,0.0,0.0,0.0,0.0,0.0
Cc1nnc(-c2ccc(Oc3ccc4c(c3)CCN(C3CCC3)CC4)nc2)o1,0.0,0.0,0.0,0.0,0.0,0.0,0.0,0.0,0.0,0.0,9.8,0.0,0.0,0.0,0.0,0.0,0.0,0.0,0.0,0.0,0.0,0.0,0.0,0.0,0.0,0.0,0.0
Cc1nnc(-c2cccc(-c3nnc(N4CCC(N5CCCCC5)CC4)s3)c2)o1,0.0,0.0,0.0,0.0,0.0,0.0,0.0,0.0,0.0,0.0,0.0,0.0,0.0,0.0,0.0,7.64,0.0,0.0,0.0,0.0,0.0,0.0,0.0,0.0,0.0,0.0,0.0
Cc1nnc(-c2cccnc2)n1-c1ccc(OCCCN2CCCCC2)cc1,0.0,0.0,0.0,0.0,0.0,0.0,0.0,0.0,0.0,0.0,0.0,0.0,0.0,0.0,0.0,9.62,0.0,0.0,0.0,0.0,0.0,0.0,0.0,0.0,0.0,0.0,0.0
Cc1nnc(C)n1-c1ccc(OCCCN2CCCCC2)cc1,0.0,0.0,0.0,0.0,0.0,0.0,0.0,0.0,0.0,0.0,0.0,0.0,0.0,0.0,0.0,9.03,0.0,0.0,0.0,0.0,0.0,0.0,0.0,0.0,0.0,0.0,0.0
Cc1nnc(C2CCN(Cc3ccc(OCCCN4CCCCC4)cc3)CC2)o1,0.0,0.0,0.0,0.0,0.0,0.0,0.0,0.0,0.0,0.0,0.0,0.0,0.0,0.0,0.0,9.32,0.0,0.0,0.0,0.0,0.0,0.0,0.0,0.0,0.0,0.0,0.0
Cc1nnc(CCCNC(N)=NC(=O)NCCCCCCCCN)s1,0.0,0.0,0.0,0.0,0.0,0.0,0.0,4.93,0.0,0.0,0.0,0.0,0.0,0.0,0.0,0.0,0.0,0.0,0.0,0.0,0.0,0.0,0.0,0.0,0.0,0.0,0.0
Cc1nnc2ccc(-c3cnc4nc(N5CCC(N6CCCCC6)CC5)oc4c3)cn12,0.0,0.0,0.0,0.0,0.0,0.0,0.0,0.0,0.0,0.0,0.0,0.0,0.0,0.0,0.0,7.48,0.0,0.0,0.0,0.0,0.0,0.0,0.0,0.0,0.0,0.0,0.0
Cc1nnc2ccc(-c3nnc(N4CCC(N5CCCCC5)CC4)s3)cn12,0.0,0.0,0.0,0.0,0.0,0.0,0.0,0.0,0.0,0.0,0.0,0.0,0.0,0.0,0.0,8.47,0.0,0.0,0.0,0.0,0.0,0.0,0.0,0.0,0.0,0.0,0.0
Cc1nnc2n1-c1sccc1C(=O)N(C1CCN(C(=O)C3(F)CCN(Cc4ccnc(N)c4)CC3)CC1)C2,0.0,0.0,0.0,0.0,0.0,0.0,0.0,0.0,0.0,0.0,0.0,0.0,0.0,0.0,0.0,7.57,0.0,0.0,0.0,0.0,0.0,0.0,0.0,0.0,0.0,0.0,0.0
Cc1nnc2n1-c1sccc1CN(C1CCN(C(=O)C3(F)CCN(Cc4ccnc(N)c4)CC3)CC1)C2,0.0,0.0,0.0,0.0,0.0,0.0,0.0,0.0,0.0,0.0,0.0,0.0,0.0,0.0,0.0,9.0,0.0,0.0,0.0,0.0,0.0,0.0,0.0,0.0,0.0,0.0,0.0
Cc1noc(C)c1-c1ccc(Oc2ccc3c(c2)CCN(C2CCC2)CC3)nc1,0.0,0.0,0.0,0.0,0.0,0.0,0.0,0.0,0.0,0.0,9.3,0.0,0.0,0.0,0.0,0.0,0.0,0.0,0.0,0.0,0.0,0.0,0.0,0.0,0.0,0.0,0.0
Cc1oc(-c2ccccc2)nc1CCN1CCCC1,0.0,0.0,0.0,0.0,0.0,0.0,0.0,0.0,0.0,0.0,0.0,0.0,0.0,0.0,0.0,7.58,0.0,0.0,0.0,0.0,0.0,0.0,0.0,0.0,0.0,0.0,0.0
Cc1oc(-c2ccccc2)nc1CCN1CCCC1C,0.0,0.0,0.0,0.0,0.0,0.0,0.0,0.0,0.0,0.0,0.0,0.0,0.0,0.0,0.0,8.46,0.0,0.0,0.0,0.0,0.0,0.0,0.0,0.0,0.0,0.0,0.0
Cc1onc(-c2ccc(Cl)cc2)c1-c1ccc2cc(CCN3CCCC3C)ccc2n1,0.0,0.0,0.0,0.0,0.0,0.0,0.0,0.0,0.0,0.0,0.0,0.0,9.8,0.0,0.0,0.0,0.0,0.0,0.0,0.0,0.0,0.0,0.0,0.0,0.0,0.0,0.0
Cc1onc(-c2ccccc2)c1-c1ccc2cc(CCN3CCCC3C)ccc2n1,0.0,0.0,0.0,0.0,0.0,0.0,0.0,0.0,0.0,0.0,0.0,0.0,10.0,0.0,0.0,0.0,0.0,0.0,0.0,0.0,0.0,0.0,0.0,0.0,0.0,0.0,0.0
Cc1sc(-c2ccc(C#N)cc2)nc1OC(=O)N1CCC(N2CCCCC2)CC1,0.0,0.0,0.0,0.0,0.0,0.0,0.0,0.0,0.0,0.0,0.0,0.0,0.0,0.0,0.0,7.38,0.0,0.0,0.0,0.0,0.0,0.0,0.0,0.0,0.0,0.0,0.0
Cc1sc(-c2ccc(C#N)cc2)nc1OCCCN1CCCCC1,0.0,0.0,0.0,0.0,0.0,0.0,0.0,0.0,0.0,0.0,0.0,0.0,0.0,0.0,0.0,7.68,0.0,0.0,0.0,0.0,0.0,0.0,0.0,0.0,0.0,0.0,0.0
Cc1sc(-c2ccc(C#N)cc2)nc1OCCN1CCCC1,0.0,0.0,0.0,0.0,0.0,0.0,0.0,0.0,0.0,0.0,0.0,0.0,0.0,0.0,0.0,8.38,0.0,0.0,0.0,0.0,0.0,0.0,0.0,0.0,0.0,0.0,0.0
Cc1sc(-c2ccc(C#N)cc2)nc1OCc1ccc(CN2CCCC2)cc1,0.0,0.0,0.0,0.0,0.0,0.0,0.0,0.0,0.0,0.0,0.0,0.0,0.0,0.0,0.0,6.72,0.0,0.0,0.0,0.0,0.0,0.0,0.0,0.0,0.0,0.0,0.0
Cc1sc(-c2ccc(C#N)cc2)nc1OCc1ccc(CN2CCCCC2)cc1,0.0,0.0,0.0,0.0,0.0,0.0,0.0,0.0,0.0,0.0,0.0,0.0,0.0,0.0,0.0,6.35,0.0,0.0,0.0,0.0,0.0,0.0,0.0,0.0,0.0,0.0,0.0
Cc1sc(-c2ccc(Cl)cc2)nc1OC(=O)N1CCC(N2CCCCC2)CC1,0.0,0.0,0.0,0.0,0.0,0.0,0.0,0.0,0.0,0.0,0.0,0.0,0.0,0.0,0.0,7.27,0.0,0.0,0.0,0.0,0.0,0.0,0.0,0.0,0.0,0.0,0.0
Cc1sc(-c2ccc(Cl)cc2)nc1OCCCN(C)C,0.0,0.0,0.0,0.0,0.0,0.0,0.0,0.0,0.0,0.0,0.0,0.0,0.0,0.0,0.0,6.55,0.0,0.0,0.0,0.0,0.0,0.0,0.0,0.0,0.0,0.0,0.0
Cc1sc(-c2ccc(Cl)cc2)nc1OCCCN1CCCC1,0.0,0.0,0.0,0.0,0.0,0.0,0.0,0.0,0.0,0.0,0.0,0.0,0.0,0.0,0.0,6.35,0.0,0.0,0.0,0.0,0.0,0.0,0.0,0.0,0.0,0.0,0.0
Cc1sc(-c2ccc(Cl)cc2)nc1OCCCN1CCCCC1,0.0,0.0,0.0,0.0,0.0,0.0,0.0,0.0,0.0,0.0,0.0,0.0,0.0,0.0,0.0,6.03,0.0,0.0,0.0,0.0,0.0,0.0,0.0,0.0,0.0,0.0,0.0
Cc1sc(-c2ccc(Cl)cc2)nc1OCCN1CCCC1,0.0,0.0,0.0,0.0,0.0,0.0,0.0,0.0,0.0,0.0,0.0,0.0,0.0,0.0,0.0,7.66,0.0,0.0,0.0,0.0,0.0,0.0,0.0,0.0,0.0,0.0,0.0
Cc1sc(-c2ccc(Cl)cc2)nc1OCCN1CCCCC1,0.0,0.0,0.0,0.0,0.0,0.0,0.0,0.0,0.0,0.0,0.0,0.0,0.0,0.0,0.0,7.36,0.0,0.0,0.0,0.0,0.0,0.0,0.0,0.0,0.0,0.0,0.0
Cc1sc(-c2ccc3c(c2)COC3=O)nc1OCCCN1CCCCC1,0.0,0.0,0.0,0.0,0.0,0.0,0.0,0.0,0.0,0.0,0.0,0.0,0.0,0.0,0.0,7.06,0.0,0.0,0.0,0.0,0.0,0.0,0.0,0.0,0.0,0.0,0.0
Cc1sc(-c2cccc(Cl)c2)nc1OC(=O)N1CCC(N2CCCCC2)CC1,0.0,0.0,0.0,0.0,0.0,0.0,0.0,0.0,0.0,0.0,0.0,0.0,0.0,0.0,0.0,7.01,0.0,0.0,0.0,0.0,0.0,0.0,0.0,0.0,0.0,0.0,0.0
Cc1sc(-c2cccc(Cl)c2)nc1OCCCN1CCCC1,0.0,0.0,0.0,0.0,0.0,0.0,0.0,0.0,0.0,0.0,0.0,0.0,0.0,0.0,0.0,6.37,0.0,0.0,0.0,0.0,0.0,0.0,0.0,0.0,0.0,0.0,0.0
Cc1sc(-c2cccc(Cl)c2)nc1OCCCN1CCCCC1,0.0,0.0,0.0,0.0,0.0,0.0,0.0,0.0,0.0,0.0,0.0,0.0,0.0,0.0,0.0,6.52,0.0,0.0,0.0,0.0,0.0,0.0,0.0,0.0,0.0,0.0,0.0
Cc1sc(-c2cccc(Cl)c2)nc1OCCN1CCCCC1,0.0,0.0,0.0,0.0,0.0,0.0,0.0,0.0,0.0,0.0,0.0,0.0,0.0,0.0,0.0,6.22,0.0,0.0,0.0,0.0,0.0,0.0,0.0,0.0,0.0,0.0,0.0
Cc1sc(-c2ccccc2)nc1OC(=O)N1CCC(N2CCCCC2)CC1,0.0,0.0,0.0,0.0,0.0,0.0,0.0,0.0,0.0,0.0,0.0,0.0,0.0,0.0,0.0,8.27,0.0,0.0,0.0,0.0,0.0,0.0,0.0,0.0,0.0,0.0,0.0
Cc1sc(-c2ccccc2)nc1OC(=O)N1CCN(C)CC1,0.0,0.0,0.0,0.0,0.0,0.0,0.0,0.0,0.0,0.0,0.0,0.0,0.0,0.0,0.0,5.24,0.0,0.0,0.0,0.0,0.0,0.0,0.0,0.0,0.0,0.0,0.0
Cc1sc(-c2ccccc2)nc1OCC1CCN(C)CC1,0.0,0.0,0.0,0.0,0.0,0.0,0.0,0.0,0.0,0.0,0.0,0.0,0.0,0.0,0.0,6.66,0.0,0.0,0.0,0.0,0.0,0.0,0.0,0.0,0.0,0.0,0.0
Cc1sc(-c2ccccc2)nc1OCCCN(C)C,0.0,0.0,0.0,0.0,0.0,0.0,0.0,0.0,0.0,0.0,0.0,0.0,0.0,0.0,0.0,5.39,0.0,0.0,0.0,0.0,0.0,0.0,0.0,0.0,0.0,0.0,0.0
Cc1sc(-c2ccccc2)nc1OCCCN1CCCCC1,0.0,0.0,0.0,0.0,0.0,0.0,0.0,0.0,0.0,0.0,0.0,0.0,0.0,0.0,0.0,6.06,0.0,0.0,0.0,0.0,0.0,0.0,0.0,0.0,0.0,0.0,0.0
Cc1sc(-c2ccccc2)nc1OCCN1CCCC1,0.0,0.0,0.0,0.0,0.0,0.0,0.0,0.0,0.0,0.0,0.0,0.0,0.0,0.0,0.0,7.33,0.0,0.0,0.0,0.0,0.0,0.0,0.0,0.0,0.0,0.0,0.0
Cc1sc(-c2ccccc2)nc1OCCN1CCCCC1,0.0,0.0,0.0,0.0,0.0,0.0,0.0,0.0,0.0,0.0,0.0,0.0,0.0,0.0,0.0,6.7,0.0,0.0,0.0,0.0,0.0,0.0,0.0,0.0,0.0,0.0,0.0
Cc1sc(-c2ccncc2)nc1OCCCN(C)C,0.0,0.0,0.0,0.0,0.0,0.0,0.0,0.0,0.0,0.0,0.0,0.0,0.0,0.0,0.0,6.96,0.0,0.0,0.0,0.0,0.0,0.0,0.0,0.0,0.0,0.0,0.0
Cc1sc(-c2ccncc2)nc1OCCCN1CCCC1,0.0,0.0,0.0,0.0,0.0,0.0,0.0,0.0,0.0,0.0,0.0,0.0,0.0,0.0,0.0,6.39,0.0,0.0,0.0,0.0,0.0,0.0,0.0,0.0,0.0,0.0,0.0
Cc1sc(-c2ccncc2)nc1OCCCN1CCCCC1,0.0,0.0,0.0,0.0,0.0,0.0,0.0,0.0,0.0,0.0,0.0,0.0,0.0,0.0,0.0,6.89,0.0,0.0,0.0,0.0,0.0,0.0,0.0,0.0,0.0,0.0,0.0
Cc1sc(-c2ccncc2)nc1OCCN1CCCC1,0.0,0.0,0.0,0.0,0.0,0.0,0.0,0.0,0.0,0.0,0.0,0.0,0.0,0.0,0.0,7.0,0.0,0.0,0.0,0.0,0.0,0.0,0.0,0.0,0.0,0.0,0.0
Cc1sc(-c2ccncc2)nc1OCCN1CCCCC1,0.0,0.0,0.0,0.0,0.0,0.0,0.0,0.0,0.0,0.0,0.0,0.0,0.0,0.0,0.0,7.24,0.0,0.0,0.0,0.0,0.0,0.0,0.0,0.0,0.0,0.0,0.0
Cc1sc(-c2cnccn2)nc1OCCCN(C)C,0.0,0.0,0.0,0.0,0.0,0.0,0.0,0.0,0.0,0.0,0.0,0.0,0.0,0.0,0.0,5.23,0.0,0.0,0.0,0.0,0.0,0.0,0.0,0.0,0.0,0.0,0.0
Cc1sc(-c2cnccn2)nc1OCCN1CCCC1,0.0,0.0,0.0,0.0,0.0,0.0,0.0,0.0,0.0,0.0,0.0,0.0,0.0,0.0,0.0,5.68,0.0,0.0,0.0,0.0,0.0,0.0,0.0,0.0,0.0,0.0,0.0
Cc1sc(-c2cnccn2)nc1OCc1ccc(CN2CCCC2)cc1,0.0,0.0,0.0,0.0,0.0,0.0,0.0,0.0,0.0,0.0,0.0,0.0,0.0,0.0,0.0,7.14,0.0,0.0,0.0,0.0,0.0,0.0,0.0,0.0,0.0,0.0,0.0
Cc1sc(-c2cnccn2)nc1OCc1ccc(CN2CCCCC2)cc1,0.0,0.0,0.0,0.0,0.0,0.0,0.0,0.0,0.0,0.0,0.0,0.0,0.0,0.0,0.0,8.15,0.0,0.0,0.0,0.0,0.0,0.0,0.0,0.0,0.0,0.0,0.0
ClC1CCN(Cc2ccc(OCCCN3CCCCC3)cc2)CC1,0.0,0.0,0.0,0.0,0.0,0.0,0.0,0.0,0.0,0.0,0.0,0.0,0.0,0.0,0.0,10.17,0.0,0.0,0.0,0.0,0.0,0.0,0.0,0.0,0.0,0.0,0.0
Clc1cc(Cl)c2ccc(N3CCN(C4CC4)CC3)nc2c1,0.0,0.0,0.0,0.0,0.0,0.0,0.0,0.0,0.0,0.0,0.0,0.0,0.0,0.0,0.0,0.0,0.0,0.0,0.0,0.0,0.0,0.0,0.0,0.0,6.52,0.0,0.0
Clc1cc(Cl)cc(-c2nnc(N3CCC(N4CCCCC4)CC3)s2)c1,0.0,0.0,0.0,0.0,0.0,0.0,0.0,0.0,0.0,0.0,0.0,0.0,0.0,0.0,0.0,7.14,0.0,0.0,0.0,0.0,0.0,0.0,0.0,0.0,0.0,0.0,0.0
Clc1ccc(-c2ccc(OCCCN3CCN(c4ccncc4)CC3)cc2)cc1,0.0,0.0,0.0,0.0,0.0,0.0,0.0,0.0,0.0,0.0,0.0,0.0,0.0,0.0,0.0,0.0,0.0,0.0,6.86,0.0,0.0,0.0,0.0,0.0,0.0,0.0,0.0
Clc1ccc(-c2nnc(N3CCC(N4CCCCC4)CC3)s2)cc1,0.0,0.0,0.0,0.0,0.0,0.0,0.0,0.0,0.0,0.0,0.0,0.0,0.0,0.0,0.0,6.79,0.0,0.0,0.0,0.0,0.0,0.0,0.0,0.0,0.0,0.0,0.0
Clc1ccc(C2CN3CCCC3c3cc(OCCCN4CCCCC4)ccc32)cc1,8.66,8.14,0.0,0.0,0.0,0.0,0.0,0.0,0.0,0.0,0.0,0.0,0.0,0.0,0.0,0.0,0.0,0.0,0.0,0.0,0.0,0.0,0.0,0.0,0.0,0.0,0.0
Clc1ccc(C2CNCc3cc(OCCCN4CCCCC4)ncc32)cc1,0.0,8.7,0.0,0.0,0.0,0.0,0.0,0.0,0.0,0.0,0.0,0.0,0.0,0.0,0.0,0.0,0.0,0.0,0.0,0.0,0.0,0.0,0.0,0.0,0.0,0.0,0.0
Clc1ccc(C2CNCc3cc(OCCCN4CCCCC4)ncc32)cc1Cl,0.0,8.3,0.0,0.0,0.0,0.0,0.0,0.0,0.0,0.0,0.0,0.0,0.0,0.0,0.0,0.0,0.0,0.0,0.0,0.0,0.0,0.0,0.0,0.0,0.0,0.0,0.0
Clc1ccc(CN=C(NC2CCCCC2)SCCCc2c[nH]cn2)cc1Cl,0.0,0.0,0.0,0.0,0.0,0.0,0.0,0.0,0.0,0.0,0.0,0.0,0.0,0.0,0.0,8.99,0.0,0.0,0.0,0.0,0.0,0.0,0.0,0.0,0.0,0.0,0.0
Clc1ccc(CN=C(NCc2ccccc2)SCCCc2c[nH]cn2)cc1,0.0,0.0,0.0,0.0,0.0,0.0,0.0,0.0,0.0,0.0,0.0,0.0,0.0,0.0,0.0,7.77,0.0,0.0,0.0,0.0,0.0,0.0,0.0,0.0,0.0,0.0,0.0
Clc1ccc(CN=C(NCc2ccccc2)SCCCc2c[nH]cn2)cc1Cl,0.0,0.0,0.0,0.0,0.0,0.0,0.0,0.0,0.0,0.0,0.0,0.0,0.0,0.0,0.0,7.49,0.0,0.0,0.0,0.0,0.0,0.0,0.0,0.0,0.0,0.0,0.0
Clc1ccc(CNC(=NC2CCCCC2)SCCCc2c[nH]cn2)cc1,0.0,0.0,0.0,0.0,0.0,0.0,0.0,0.0,0.0,0.0,0.0,0.0,0.0,0.0,0.0,8.98,0.0,0.0,0.0,0.0,0.0,0.0,0.0,0.0,0.0,0.0,0.0
Clc1ccc(CNCC2CC2c2c[nH]cn2)cc1,0.0,0.0,0.0,0.0,0.0,0.0,0.0,0.0,0.0,0.0,0.0,0.0,7.06,0.0,0.0,0.0,0.0,0.0,0.0,0.0,0.0,0.0,0.0,0.0,0.0,0.0,0.0
Clc1ccc(CNCCC2CC2c2c[nH]cn2)cc1,0.0,0.0,0.0,0.0,0.0,0.0,0.0,0.0,0.0,0.0,0.0,0.0,8.44,0.0,0.0,0.0,0.0,0.0,0.0,0.0,8.44,0.0,0.0,0.0,0.0,0.0,0.0
Clc1ccc(CNCCCCCc2c[nH]cn2)cc1,0.0,8.6,0.0,0.0,0.0,0.0,0.0,0.0,0.0,0.0,0.0,0.0,0.0,0.0,0.0,0.0,0.0,0.0,0.0,0.0,0.0,0.0,0.0,0.0,0.0,0.0,0.0
Clc1ccc(CNCCCCc2c[nH]cn2)cc1,0.0,7.8,0.0,0.0,0.0,0.0,0.0,0.0,0.0,0.0,0.0,0.0,0.0,0.0,0.0,0.0,0.0,0.0,0.0,0.0,0.0,0.0,0.0,0.0,0.0,0.0,0.0
Clc1ccc(Cn2ccc3c(N4CCC(N5CCCCC5)CC4)nc(Cl)nc32)cc1,0.0,0.0,0.0,0.0,0.0,0.0,0.0,0.0,0.0,0.0,0.0,0.0,0.0,0.0,0.0,0.0,0.0,0.0,0.0,0.0,0.0,7.38,0.0,0.0,0.0,0.0,0.0
Clc1ccc(Cn2ccc3c(N4CCC(N5CCCCC5)CC4)ncnc32)cc1,0.0,0.0,0.0,0.0,0.0,0.0,0.0,0.0,0.0,0.0,0.0,0.0,0.0,0.0,0.0,0.0,0.0,0.0,0.0,0.0,0.0,7.58,0.0,0.0,0.0,0.0,0.0
Clc1ccc(Nc2nnc(CCN3CCCCC3)o2)cc1,0.0,0.0,0.0,0.0,0.0,0.0,0.0,0.0,0.0,0.0,0.0,0.0,0.0,0.0,0.0,5.8,0.0,0.0,0.0,0.0,0.0,0.0,0.0,0.0,0.0,0.0,0.0
Clc1ccc(OCCCCCCCN2CCCCC2)cc1,0.0,0.0,0.0,0.0,0.0,0.0,0.0,0.0,0.0,0.0,0.0,0.0,6.89,0.0,0.0,6.89,0.0,0.0,0.0,0.0,0.0,0.0,0.0,0.0,0.0,0.0,0.0
Clc1ccc(OCCCCCCCN2CCCCCC2)cc1,0.0,0.0,0.0,0.0,0.0,0.0,0.0,0.0,0.0,0.0,0.0,0.0,0.0,0.0,0.0,6.69,0.0,0.0,0.0,0.0,0.0,0.0,0.0,0.0,0.0,0.0,0.0
Clc1ccc(OCCCCCCN2CCCCC2)cc1,0.0,0.0,0.0,0.0,0.0,0.0,0.0,0.0,0.0,0.0,0.0,0.0,0.0,0.0,0.0,6.58,0.0,0.0,0.0,0.0,0.0,0.0,0.0,0.0,0.0,0.0,0.0
Clc1ccc(OCCCCCCN2CCCCCC2)cc1,0.0,0.0,0.0,0.0,0.0,0.0,0.0,0.0,0.0,0.0,0.0,0.0,0.0,0.0,0.0,6.62,0.0,0.0,0.0,0.0,0.0,0.0,0.0,0.0,0.0,0.0,0.0
Clc1ccc(OCCCCCN2CCCCC2)cc1,0.0,0.0,0.0,0.0,0.0,0.0,0.0,0.0,0.0,0.0,0.0,0.0,0.0,0.0,0.0,6.37,0.0,0.0,0.0,0.0,0.0,0.0,0.0,0.0,0.0,0.0,0.0
Clc1ccc(OCCCCCN2CCCCCC2)cc1,0.0,0.0,0.0,0.0,0.0,0.0,0.0,0.0,0.0,0.0,0.0,0.0,0.0,0.0,0.0,6.43,0.0,0.0,0.0,0.0,0.0,0.0,0.0,0.0,0.0,0.0,0.0
Clc1ccc(OCCCN2CCC(N3CCCCC3)CC2)cc1,0.0,0.0,0.0,0.0,0.0,0.0,0.0,0.0,0.0,0.0,0.0,0.0,0.0,0.0,0.0,0.0,6.78,0.0,0.0,0.0,0.0,0.0,0.0,0.0,0.0,0.0,0.0
Clc1ccc(OCCN2CCC(N3CCCCC3)CC2)cc1,0.0,0.0,0.0,0.0,0.0,0.0,0.0,0.0,0.0,0.0,0.0,0.0,0.0,0.0,0.0,0.0,6.75,0.0,0.0,0.0,0.0,0.0,0.0,0.0,0.0,0.0,0.0
Clc1ccc2c(NCCc3ccc(OCCCN4CCCCC4)cc3)ccnc2c1,0.0,0.0,0.0,0.0,9.3,0.0,0.0,0.0,0.0,0.0,0.0,0.0,0.0,0.0,0.0,0.0,0.0,0.0,0.0,0.0,0.0,0.0,0.0,0.0,0.0,0.0,0.0
Clc1ccc2c(Nc3ccc(OCCCN4CCCCC4)cc3)ccnc2c1,0.0,0.0,0.0,0.0,10.1,0.0,0.0,0.0,0.0,0.0,0.0,0.0,0.0,0.0,0.0,0.0,0.0,0.0,0.0,0.0,0.0,0.0,0.0,0.0,0.0,0.0,0.0
Clc1ccc2c(c1)N=C(N1CCN(Cc3ccc(OCCCN4CCCCC4)cc3)CC1)c1ccccc1N2,0.0,0.0,0.0,0.0,0.0,0.0,0.0,0.0,0.0,0.0,0.0,0.0,0.0,0.0,0.0,8.48,0.0,0.0,0.0,0.0,0.0,0.0,0.0,0.0,0.0,0.0,0.0
Clc1ccc2ccc(N3CCN(C4CC4)CC3)nc2c1,0.0,0.0,0.0,0.0,0.0,0.0,0.0,0.0,0.0,0.0,0.0,0.0,0.0,0.0,0.0,0.0,0.0,0.0,0.0,0.0,0.0,0.0,0.0,0.0,6.49,0.0,0.0
Clc1ccc2nc(N3CCC(N4CCCCC4)CC3)sc2n1,0.0,0.0,0.0,0.0,0.0,0.0,0.0,0.0,0.0,0.0,0.0,0.0,0.0,0.0,0.0,5.77,0.0,0.0,0.0,0.0,0.0,0.0,0.0,0.0,0.0,0.0,0.0
Clc1ccc2nc(N3CCN(C4CC4)CC3)ccc2c1,0.0,0.0,0.0,0.0,0.0,0.0,0.0,0.0,0.0,0.0,0.0,0.0,0.0,0.0,0.0,0.0,0.0,0.0,0.0,0.0,0.0,0.0,0.0,0.0,7.62,0.0,0.0
Clc1cccc(-c2ccc(OCCCN3CCN(c4ccncc4)CC3)cc2)c1,0.0,0.0,0.0,0.0,0.0,0.0,0.0,0.0,0.0,0.0,0.0,0.0,0.0,0.0,0.0,0.0,0.0,0.0,6.96,0.0,0.0,0.0,0.0,0.0,0.0,0.0,0.0
Clc1cccc(-c2cnc3nc(N4CCC(N5CCCCC5)CC4)oc3c2)n1,0.0,0.0,0.0,0.0,0.0,0.0,0.0,0.0,0.0,0.0,0.0,0.0,0.0,0.0,0.0,7.43,0.0,0.0,0.0,0.0,0.0,0.0,0.0,0.0,0.0,0.0,0.0
Clc1cccc(-c2nnc(N3CCC(N4CCCCC4)CC3)s2)c1,0.0,0.0,0.0,0.0,0.0,0.0,0.0,0.0,0.0,0.0,0.0,0.0,0.0,0.0,0.0,7.31,0.0,0.0,0.0,0.0,0.0,0.0,0.0,0.0,0.0,0.0,0.0
Clc1cccc(C2CN3CCCC3c3cc(OCCCN4CCCCC4)ccc32)c1,8.92,8.33,0.0,0.0,0.0,0.0,0.0,0.0,0.0,0.0,0.0,0.0,0.0,0.0,0.0,0.0,0.0,0.0,0.0,0.0,0.0,0.0,0.0,0.0,0.0,0.0,0.0
Clc1cccc(Cl)c1Cn1ccc2c(N3CCC(N4CCCCC4)CC3)ncnc21,0.0,0.0,0.0,0.0,0.0,0.0,0.0,0.0,0.0,0.0,0.0,0.0,0.0,0.0,0.0,0.0,0.0,0.0,0.0,0.0,0.0,8.22,0.0,0.0,0.0,0.0,0.0
Clc1cccc(OCCCCCCCN2CCCCC2)c1,0.0,0.0,0.0,0.0,0.0,0.0,0.0,0.0,0.0,0.0,0.0,0.0,0.0,0.0,0.0,6.48,0.0,0.0,0.0,0.0,0.0,0.0,0.0,0.0,0.0,0.0,0.0
Clc1cccc(OCCCCCCN2CCCCC2)c1,0.0,0.0,0.0,0.0,0.0,0.0,0.0,0.0,0.0,0.0,0.0,0.0,0.0,0.0,0.0,6.59,0.0,0.0,0.0,0.0,0.0,0.0,0.0,0.0,0.0,0.0,0.0
Clc1cccc(OCCCCCCN2CCCCCC2)c1,0.0,0.0,0.0,0.0,0.0,0.0,0.0,0.0,0.0,0.0,0.0,0.0,0.0,0.0,0.0,6.53,0.0,0.0,0.0,0.0,0.0,0.0,0.0,0.0,0.0,0.0,0.0
Clc1cccc(OCCN2CCC(N3CCCCC3)CC2)c1,0.0,0.0,0.0,0.0,0.0,0.0,0.0,0.0,0.0,0.0,0.0,0.0,0.0,0.0,0.0,0.0,6.63,0.0,0.0,0.0,0.0,0.0,0.0,0.0,0.0,0.0,0.0
Clc1ccccc1-c1nnc(N2CCC(N3CCCCC3)CC2)s1,0.0,0.0,0.0,0.0,0.0,0.0,0.0,0.0,0.0,0.0,0.0,0.0,0.0,0.0,0.0,7.16,0.0,0.0,0.0,0.0,0.0,0.0,0.0,0.0,0.0,0.0,0.0
Clc1ccccc1C1CN2CCCC2c2cc(OCCCN3CCCCC3)ccc21,8.64,7.97,0.0,0.0,0.0,0.0,0.0,0.0,0.0,0.0,0.0,0.0,0.0,0.0,0.0,0.0,0.0,0.0,0.0,0.0,0.0,0.0,0.0,0.0,0.0,0.0,0.0
Clc1ccccc1C1CNCc2cc(OCCCN3CCCCC3)ncc21,0.0,9.0,0.0,0.0,0.0,0.0,0.0,0.0,0.0,0.0,0.0,0.0,0.0,0.0,0.0,0.0,0.0,0.0,0.0,0.0,0.0,0.0,0.0,0.0,0.0,0.0,0.0
Clc1cnc2nc(N3CCC(N4CCCCC4)CC3)sc2c1,0.0,0.0,0.0,0.0,0.0,0.0,0.0,0.0,0.0,0.0,0.0,0.0,0.0,0.0,0.0,6.9,0.0,0.0,0.0,0.0,0.0,0.0,0.0,0.0,0.0,0.0,0.0
Clc1nc(N2CCC(N3CCCCC3)CC2)c2ccn(CCN3CCOCC3)c2n1,0.0,0.0,0.0,0.0,0.0,0.0,0.0,0.0,0.0,0.0,0.0,0.0,0.0,0.0,0.0,0.0,0.0,0.0,0.0,0.0,0.0,7.66,0.0,0.0,0.0,0.0,0.0
Clc1nc(N2CCC(N3CCCCC3)CC2)c2ccn(Cc3c(Cl)cccc3Cl)c2n1,0.0,0.0,0.0,0.0,0.0,0.0,0.0,0.0,0.0,0.0,0.0,0.0,0.0,0.0,0.0,0.0,0.0,0.0,0.0,0.0,0.0,7.27,0.0,0.0,0.0,0.0,0.0
Clc1nc(N2CCC(N3CCCCC3)CC2)c2ccn(Cc3ccc4ccccc4c3)c2n1,0.0,0.0,0.0,0.0,0.0,0.0,0.0,0.0,0.0,0.0,0.0,0.0,6.9,0.0,0.0,0.0,0.0,0.0,0.0,0.0,0.0,0.0,0.0,0.0,0.0,0.0,0.0
Clc1nc(N2CCC(N3CCCCC3)CC2)c2ccn(Cc3cccc4ccccc34)c2n1,0.0,0.0,0.0,0.0,0.0,0.0,0.0,0.0,0.0,0.0,0.0,0.0,6.83,0.0,0.0,0.0,0.0,0.0,0.0,0.0,0.0,0.0,0.0,0.0,0.0,0.0,0.0
Clc1nc(N2CCC(N3CCCCC3)CC2)c2ccn(Cc3ccccc3)c2n1,0.0,0.0,0.0,0.0,0.0,0.0,0.0,0.0,0.0,0.0,0.0,0.0,6.31,0.0,0.0,0.0,0.0,0.0,0.0,0.0,0.0,0.0,0.0,0.0,0.0,0.0,0.0
Clc1nc(N2CCC(N3CCOCC3)CC2)c2ccn(CCN3CCOCC3)c2n1,0.0,0.0,0.0,0.0,0.0,0.0,0.0,0.0,0.0,0.0,0.0,0.0,0.0,0.0,0.0,0.0,0.0,0.0,0.0,0.0,0.0,6.5,0.0,0.0,0.0,0.0,0.0
Clc1nc(N2CCC(N3CCOCC3)CC2)c2ccn(Cc3ccccc3)c2n1,0.0,0.0,0.0,0.0,0.0,0.0,0.0,0.0,0.0,0.0,0.0,0.0,5.97,0.0,0.0,0.0,0.0,0.0,0.0,0.0,0.0,0.0,0.0,0.0,0.0,0.0,0.0
Cn1c(-c2ccc(OC3CCN(C4CCC4)CC3)cc2)nc2c(C(F)(F)F)cccc2c1=O,0.0,0.0,0.0,0.0,0.0,0.0,0.0,0.0,0.0,0.0,0.0,0.0,9.66,0.0,0.0,0.0,0.0,0.0,0.0,0.0,0.0,0.0,0.0,0.0,0.0,0.0,0.0
Cn1c(-c2ccc(OC3CCN(C4CCC4)CC3)cc2)nc2c(Cl)cccc2c1=O,0.0,0.0,0.0,0.0,0.0,0.0,0.0,0.0,0.0,0.0,0.0,0.0,10.2,0.0,0.0,0.0,0.0,0.0,0.0,0.0,0.0,0.0,0.0,0.0,0.0,0.0,0.0
Cn1c(-c2ccc(OC3CCN(C4CCC4)CC3)cc2)nc2c(F)cccc2c1=O,0.0,0.0,0.0,0.0,0.0,0.0,0.0,0.0,0.0,0.0,0.0,0.0,10.11,0.0,0.0,0.0,0.0,0.0,0.0,0.0,0.0,0.0,0.0,0.0,0.0,0.0,0.0
Cn1c(-c2ccc(OC3CCN(C4CCC4)CC3)cc2)nc2ccccc2c1=O,0.0,0.0,0.0,0.0,0.0,0.0,0.0,0.0,0.0,0.0,0.0,0.0,10.16,0.0,0.0,0.0,0.0,0.0,0.0,0.0,0.0,0.0,0.0,0.0,0.0,0.0,0.0
Cn1c(-c2ccc(OC3CCN(C4CCCC4)CC3)cc2)nc2ccccc2c1=O,0.0,0.0,0.0,0.0,0.0,0.0,0.0,0.0,0.0,0.0,0.0,0.0,9.64,0.0,0.0,0.0,0.0,0.0,0.0,0.0,0.0,0.0,0.0,0.0,0.0,0.0,0.0
Cn1c(-c2ccc(OCCCN3CCCC3)cc2)nc2ccccc2c1=O,0.0,0.0,0.0,0.0,0.0,0.0,0.0,0.0,0.0,0.0,0.0,0.0,8.38,0.0,0.0,0.0,0.0,0.0,0.0,0.0,0.0,0.0,0.0,0.0,0.0,0.0,0.0
Cn1c(-c2ccc(OCCCN3CCCCC3)cc2)nc2ccccc2c1=O,0.0,0.0,0.0,0.0,0.0,0.0,0.0,0.0,0.0,0.0,0.0,0.0,9.43,0.0,0.0,0.0,0.0,0.0,0.0,0.0,0.0,0.0,0.0,0.0,0.0,0.0,0.0
Cn1c(=O)ccc2cc(COc3ccc4c(c3)CCN(C3CCC3)CC4)ccc21,0.0,0.0,0.0,0.0,0.0,0.0,0.0,0.0,0.0,0.0,9.4,0.0,0.0,0.0,0.0,0.0,0.0,0.0,0.0,0.0,0.0,0.0,0.0,0.0,0.0,0.0,0.0
Cn1c(C(=O)c2ccc(Cl)cc2)cnc1CCCCN1CCCCC1,0.0,0.0,0.0,0.0,0.0,0.0,0.0,0.0,0.0,0.0,0.0,0.0,7.62,0.0,0.0,0.0,0.0,0.0,0.0,0.0,0.0,0.0,0.0,0.0,0.0,0.0,0.0
Cn1c(C(=O)c2ccc(Cl)cc2)cnc1NCCCN1CCCCC1,0.0,0.0,0.0,0.0,0.0,0.0,0.0,0.0,0.0,0.0,0.0,0.0,7.3,0.0,0.0,0.0,0.0,0.0,0.0,0.0,0.0,0.0,0.0,0.0,0.0,0.0,0.0
Cn1c(C(=O)c2ccc(Cl)cc2)cnc1OCCCN1CCCCC1,0.0,0.0,0.0,0.0,0.0,0.0,0.0,0.0,0.0,0.0,0.0,0.0,7.85,0.0,0.0,0.0,0.0,0.0,0.0,0.0,0.0,0.0,0.0,0.0,0.0,0.0,0.0
Cn1c(C(=O)c2ccc(Cl)cc2)cnc1SCCCCN1CCCCC1,0.0,0.0,0.0,0.0,0.0,0.0,0.0,0.0,0.0,0.0,0.0,0.0,7.3,0.0,0.0,0.0,0.0,0.0,0.0,0.0,0.0,0.0,0.0,0.0,0.0,0.0,0.0
Cn1c(C(=O)c2ccc(Cl)cc2)cnc1SCCCN1CCCCC1,0.0,0.0,0.0,0.0,0.0,0.0,0.0,0.0,0.0,0.0,0.0,0.0,8.22,0.0,0.0,0.0,0.0,0.0,0.0,0.0,0.0,0.0,0.0,0.0,0.0,0.0,0.0
Cn1c2c(c3ccccc31)CCN(C1CCN(C(=O)C3(F)CCN(Cc4ccnc(N)c4)CC3)CC1)CC2,0.0,0.0,0.0,0.0,0.0,0.0,0.0,0.0,0.0,0.0,0.0,0.0,0.0,0.0,0.0,7.82,0.0,0.0,0.0,0.0,0.0,0.0,0.0,0.0,0.0,0.0,0.0
Cn1cccc1C(=O)NCCc1ccc(OCCN2CCCC2)c(Br)c1,0.0,0.0,0.0,0.0,0.0,0.0,0.0,0.0,0.0,0.0,0.0,0.0,6.89,0.0,0.0,0.0,0.0,0.0,0.0,0.0,0.0,0.0,0.0,0.0,0.0,0.0,0.0
Cn1cccc1C(=O)NCCc1ccc(OCCN2CCOCC2)c(Br)c1,0.0,0.0,0.0,0.0,0.0,0.0,0.0,0.0,0.0,0.0,0.0,0.0,4.75,0.0,0.0,0.0,0.0,0.0,0.0,0.0,0.0,0.0,0.0,0.0,0.0,0.0,0.0
Cn1cnc(CCN)c1,0.0,0.0,0.0,0.0,0.0,0.0,0.0,0.0,0.0,0.0,0.0,0.0,4.7,0.0,0.0,0.0,0.0,0.0,0.0,0.0,0.0,0.0,0.0,0.0,0.0,0.0,0.0
Cn1nc(-c2ccc(C(=O)N3CCCC3CN3CCCC3)cc2)ccc1=O,0.0,0.0,0.0,0.0,0.0,0.0,0.0,0.0,0.0,0.0,0.0,0.0,8.0,0.0,0.0,0.0,0.0,0.0,0.0,0.0,0.0,0.0,0.0,0.0,0.0,0.0,0.0
Cn1nc(-c2ccc(C(=O)N3CCN(C4CCCC4)CC3)cc2)ccc1=O,0.0,0.0,0.0,0.0,0.0,0.0,0.0,0.0,0.0,0.0,0.0,0.0,6.87,0.0,0.0,0.0,0.0,0.0,0.0,0.0,0.0,0.0,0.0,0.0,0.0,0.0,0.0
Cn1nc(-c2ccc(CCN3CCCC3)cc2)ccc1=O,0.0,0.0,0.0,0.0,7.08,0.0,0.0,0.0,0.0,0.0,0.0,0.0,0.0,0.0,0.0,0.0,0.0,0.0,0.0,0.0,0.0,0.0,0.0,0.0,0.0,0.0,0.0
Cn1nc(-c2ccc(N3CCN(C4CCCC4)CC3)cc2)ccc1=O,0.0,0.0,0.0,0.0,0.0,0.0,0.0,0.0,0.0,0.0,0.0,0.0,7.03,0.0,0.0,0.0,0.0,0.0,0.0,0.0,0.0,0.0,0.0,0.0,0.0,0.0,0.0
Cn1nc(-c2ccc(N3CCN4CCCC4C3)cc2)ccc1=O,0.0,0.0,0.0,0.0,0.0,0.0,0.0,0.0,0.0,0.0,0.0,0.0,6.51,0.0,0.0,0.0,0.0,0.0,0.0,0.0,0.0,0.0,0.0,0.0,0.0,0.0,0.0
Cn1nc(-c2ccc(OC3CCN(C4CCC4)CC3)cc2)ccc1=O,0.0,0.0,0.0,0.0,8.62,0.0,0.0,0.0,0.0,0.0,0.0,0.0,8.52,0.0,0.0,0.0,0.0,0.0,0.0,0.0,0.0,0.0,0.0,0.0,0.0,0.0,0.0
Cn1nc(-c2ccc(OC3CCN(C4CCC4)CC3)nc2)ccc1=O,0.0,0.0,0.0,0.0,8.74,0.0,0.0,0.0,0.0,0.0,0.0,0.0,0.0,0.0,0.0,0.0,0.0,0.0,0.0,0.0,0.0,0.0,0.0,0.0,0.0,0.0,0.0
Cn1nc(-c2ccc(OC3CCN(C4CCCC4)CC3)cc2)ccc1=O,0.0,0.0,0.0,0.0,8.57,0.0,0.0,0.0,0.0,0.0,0.0,0.0,8.52,0.0,0.0,0.0,0.0,0.0,0.0,0.0,0.0,0.0,0.0,0.0,0.0,0.0,0.0
Cn1nc(-c2ccc(OC3CCN(C4CCCC4)CC3)nc2)ccc1=O,0.0,0.0,0.0,0.0,8.23,0.0,0.0,0.0,0.0,0.0,0.0,0.0,0.0,0.0,0.0,0.0,0.0,0.0,0.0,0.0,0.0,0.0,0.0,0.0,0.0,0.0,0.0
Cn1nc(-c2ccc(OC3CCNCC3)cc2)ccc1=O,0.0,0.0,0.0,0.0,6.16,0.0,0.0,0.0,0.0,0.0,0.0,0.0,0.0,0.0,0.0,0.0,0.0,0.0,0.0,0.0,0.0,0.0,0.0,0.0,0.0,0.0,0.0
Cn1nc(-c2ccc(OCCCN3CCCC3)cc2)c2ccccc2c1=O,0.0,0.0,0.0,0.0,8.77,0.0,0.0,0.0,0.0,0.0,0.0,0.0,0.0,0.0,0.0,0.0,0.0,0.0,0.0,0.0,0.0,0.0,0.0,0.0,0.0,0.0,0.0
Cn1nc(-c2ccc(OCCCN3CCCC3CO)cc2)ccc1=O,0.0,0.0,0.0,0.0,8.04,0.0,0.0,0.0,0.0,0.0,0.0,0.0,0.0,0.0,0.0,0.0,0.0,0.0,0.0,0.0,0.0,0.0,0.0,0.0,0.0,0.0,0.0
Cn1nc(-c2ccc(OCCCN3CCCCC3)cc2)c2c(c1=O)CCC2,0.0,0.0,0.0,0.0,9.3,0.0,0.0,0.0,0.0,0.0,0.0,0.0,0.0,0.0,0.0,0.0,0.0,0.0,0.0,0.0,0.0,0.0,0.0,0.0,0.0,0.0,0.0
Cn1nc(-c2ccc(OCCCN3CCCCC3)cc2)c2c(c1=O)CCCC2,0.0,0.0,0.0,0.0,8.82,0.0,0.0,0.0,0.0,0.0,0.0,0.0,0.0,0.0,0.0,0.0,0.0,0.0,0.0,0.0,0.0,0.0,0.0,0.0,0.0,0.0,0.0
Cn1nc(-c2ccc(OCCCN3CCCCC3)cc2)c2ccccc2c1=O,0.0,0.0,0.0,0.0,9.1,0.0,0.0,0.0,0.0,0.0,0.0,0.0,0.0,0.0,0.0,0.0,0.0,0.0,0.0,0.0,0.0,0.0,0.0,0.0,0.0,0.0,0.0
Cn1nc(-c2ccc(OCCCN3CCCCC3)cc2)ccc1=O,0.0,0.0,0.0,0.0,7.68,0.0,0.0,0.0,0.0,0.0,0.0,0.0,0.0,0.0,0.0,0.0,0.0,0.0,0.0,0.0,0.0,0.0,0.0,0.0,0.0,0.0,0.0
Cn1nc(-c2ccc(OCCCN3CCCCCC3)cc2)c2ccccc2c1=O,0.0,0.0,0.0,0.0,8.85,0.0,0.0,0.0,0.0,0.0,0.0,0.0,0.0,0.0,0.0,0.0,0.0,0.0,0.0,0.0,0.0,0.0,0.0,0.0,0.0,0.0,0.0
Cn1nc(-c2ccc(OCCN3CCCCC3)cc2)c2ccccc2c1=O,0.0,0.0,0.0,0.0,7.08,0.0,0.0,0.0,0.0,0.0,0.0,0.0,0.0,0.0,0.0,0.0,0.0,0.0,0.0,0.0,0.0,0.0,0.0,0.0,0.0,0.0,0.0
Cn1nc(N2CCC(OC(=O)N3CCN(C4CCC4)CC3)CC2)ccc1=O,0.0,0.0,0.0,0.0,0.0,8.96,0.0,0.0,0.0,0.0,0.0,0.0,0.0,0.0,0.0,0.0,0.0,0.0,0.0,7.6,0.0,0.0,0.0,0.0,0.0,0.0,0.0
Cn1nccc1-c1ccc(OCCCN2CCCCC2)cc1,0.0,0.0,0.0,0.0,0.0,0.0,0.0,0.0,0.0,0.0,0.0,0.0,8.74,0.0,0.0,0.0,0.0,0.0,0.0,0.0,0.0,0.0,0.0,0.0,0.0,0.0,0.0
FC(F)(F)Oc1ccc(C2CN3CCCC3c3cc(OCCCN4CCCCC4)ccc32)cc1,8.4,8.06,0.0,0.0,0.0,0.0,0.0,0.0,0.0,0.0,0.0,0.0,0.0,0.0,0.0,0.0,0.0,0.0,0.0,0.0,0.0,0.0,0.0,0.0,0.0,0.0,0.0
FC(F)(F)Oc1ccc(Nc2nnc(CCN3CCCCC3)o2)cc1,0.0,0.0,0.0,0.0,0.0,0.0,0.0,0.0,0.0,0.0,0.0,0.0,0.0,0.0,0.0,5.89,0.0,0.0,0.0,0.0,0.0,0.0,0.0,0.0,0.0,0.0,0.0
FC(F)(F)c1ccc(-c2cnc3nc(N4CCC(N5CCCCC5)CC4)oc3c2)cc1,0.0,0.0,0.0,0.0,0.0,0.0,0.0,0.0,0.0,0.0,0.0,0.0,0.0,0.0,0.0,6.62,0.0,0.0,0.0,0.0,0.0,0.0,0.0,0.0,0.0,0.0,0.0
FC(F)(F)c1ccc(C2CN3CCCC3c3cc(OCCCN4CCCCC4)ccc32)cc1,8.33,7.39,0.0,0.0,0.0,0.0,0.0,0.0,0.0,0.0,0.0,0.0,0.0,0.0,0.0,0.0,0.0,0.0,0.0,0.0,0.0,0.0,0.0,0.0,0.0,0.0,0.0
FC(F)(F)c1ccc(N2CCC(Cc3c[nH]cn3)CC2)cc1,0.0,0.0,0.0,0.0,8.74,0.0,0.0,0.0,0.0,0.0,0.0,0.0,0.0,0.0,0.0,0.0,0.0,0.0,0.0,0.0,0.0,0.0,0.0,0.0,0.0,0.0,0.0
FC(F)(F)c1ccc(SCC(c2c[nH]cn2)C2CCNCC2)cc1,0.0,0.0,0.0,0.0,7.85,0.0,0.0,0.0,0.0,0.0,0.0,0.0,0.0,0.0,0.0,0.0,0.0,0.0,0.0,0.0,0.0,0.0,0.0,0.0,0.0,0.0,0.0
FC(F)(F)c1ccc(SCC(c2ccccn2)c2c[nH]cn2)cc1,0.0,0.0,0.0,0.0,7.12,0.0,0.0,0.0,0.0,0.0,0.0,0.0,0.0,0.0,0.0,0.0,0.0,0.0,0.0,0.0,0.0,0.0,0.0,0.0,0.0,0.0,0.0
FC(F)(F)c1ccc(SCC(c2cccnc2)c2c[nH]cn2)cc1,0.0,0.0,0.0,0.0,6.92,0.0,0.0,0.0,0.0,0.0,0.0,0.0,0.0,0.0,0.0,0.0,0.0,0.0,0.0,0.0,0.0,0.0,0.0,0.0,0.0,0.0,0.0
FC(F)(F)c1ccc(SCC(c2ccncc2)c2c[nH]cn2)cc1,0.0,0.0,0.0,0.0,6.7,0.0,0.0,0.0,0.0,0.0,0.0,0.0,0.0,0.0,0.0,0.0,0.0,0.0,0.0,0.0,0.0,0.0,0.0,0.0,0.0,0.0,0.0
FC(F)(F)c1ccc(SCCc2c[nH]cn2)cc1,0.0,0.0,0.0,0.0,8.96,0.0,0.0,0.0,0.0,0.0,0.0,0.0,0.0,0.0,0.0,0.0,0.0,0.0,0.0,0.0,0.0,0.0,0.0,0.0,0.0,0.0,0.0
FC(F)(F)c1ccc2nc(N3CCN(C4CC4)CC3)ccc2c1,0.0,0.0,0.0,0.0,0.0,0.0,0.0,0.0,0.0,0.0,0.0,0.0,0.0,0.0,0.0,0.0,0.0,0.0,0.0,0.0,0.0,0.0,0.0,0.0,7.28,0.0,0.0
FC(F)(F)c1cccc(-c2cnc3nc(N4CCC(N5CCCCC5)CC4)oc3c2)n1,0.0,0.0,0.0,0.0,0.0,0.0,0.0,0.0,0.0,0.0,0.0,0.0,0.0,0.0,0.0,6.84,0.0,0.0,0.0,0.0,0.0,0.0,0.0,0.0,0.0,0.0,0.0
FC(F)(F)c1cccc(C2CN3CCCC3c3cc(OCCCN4CCCCC4)ccc32)c1,8.7,7.62,0.0,0.0,0.0,0.0,0.0,0.0,0.0,0.0,0.0,0.0,0.0,0.0,0.0,0.0,0.0,0.0,0.0,0.0,0.0,0.0,0.0,0.0,0.0,0.0,0.0
FC(F)(F)c1cccc(N2CCC(Cc3c[nH]cn3)CC2)c1,0.0,0.0,0.0,0.0,9.0,0.0,0.0,0.0,0.0,0.0,0.0,0.0,0.0,0.0,0.0,0.0,0.0,0.0,0.0,0.0,0.0,0.0,0.0,0.0,0.0,0.0,0.0
FC(F)(F)c1cccc(OCCN2CCC(N3CCCCC3)CC2)c1,0.0,0.0,0.0,0.0,0.0,0.0,0.0,0.0,0.0,0.0,0.0,0.0,0.0,0.0,0.0,0.0,6.79,0.0,0.0,0.0,0.0,0.0,0.0,0.0,0.0,0.0,0.0
FC1(F)CCN(CCCOc2ccc(-c3ccc(OCCCN4CCCCC4)cc3)cc2)CC1,0.0,0.0,0.0,0.0,8.03,0.0,0.0,0.0,0.0,0.0,0.0,0.0,0.0,0.0,0.0,0.0,0.0,0.0,0.0,0.0,0.0,0.0,0.0,0.0,0.0,0.0,0.0
FC1(F)CCN(Cc2ccc(OCCCN3CCCCC3)cc2)CC1,0.0,0.0,0.0,0.0,0.0,0.0,0.0,0.0,0.0,0.0,0.0,0.0,0.0,0.0,0.0,9.62,0.0,0.0,0.0,0.0,0.0,0.0,0.0,0.0,0.0,0.0,0.0
FC1(F)CCN(c2nnc(N3CCC(N4CCCCC4)CC3)s2)C1,0.0,0.0,0.0,0.0,0.0,0.0,0.0,0.0,0.0,0.0,0.0,0.0,7.21,0.0,0.0,0.0,0.0,0.0,0.0,0.0,0.0,0.0,0.0,0.0,0.0,0.0,0.0
FC1(F)CCN(c2nnc(N3CCC(N4CCCCC4)CC3)s2)CC1,0.0,0.0,0.0,0.0,0.0,0.0,0.0,0.0,0.0,0.0,0.0,0.0,7.82,0.0,0.0,0.0,0.0,0.0,0.0,0.0,0.0,0.0,0.0,0.0,0.0,0.0,0.0
FC1(c2ccccn2)CCCN(c2nnc(N3CCC(N4CCCCC4)CC3)s2)C1,0.0,0.0,0.0,0.0,0.0,0.0,0.0,0.0,0.0,0.0,0.0,0.0,8.4,0.0,0.0,0.0,0.0,0.0,0.0,0.0,0.0,0.0,0.0,0.0,0.0,0.0,0.0
FC1CCCN(c2nnc(N3CCC(N4CCCCC4)CC3)s2)C1,0.0,0.0,0.0,0.0,0.0,0.0,0.0,0.0,0.0,0.0,0.0,0.0,7.18,0.0,0.0,0.0,0.0,0.0,0.0,0.0,0.0,0.0,0.0,0.0,0.0,0.0,0.0
FC1CCN(CCCOc2ccc(CN3CCCC3)cc2)CC1,0.0,0.0,0.0,0.0,0.0,0.0,0.0,0.0,0.0,0.0,0.0,0.0,0.0,0.0,0.0,9.0,0.0,0.0,0.0,0.0,0.0,0.0,0.0,0.0,0.0,0.0,0.0
FC1CCN(Cc2ccc(OCCCN3CCCC3)cc2)C1,0.0,0.0,0.0,0.0,0.0,0.0,0.0,0.0,0.0,0.0,0.0,0.0,0.0,0.0,0.0,9.51,0.0,0.0,0.0,0.0,0.0,0.0,0.0,0.0,0.0,0.0,0.0
FC1CCN(Cc2ccc(OCCCN3CCCC3)cc2)CC1,0.0,0.0,0.0,0.0,0.0,0.0,0.0,0.0,0.0,0.0,0.0,0.0,0.0,0.0,0.0,9.59,0.0,0.0,0.0,0.0,0.0,0.0,0.0,0.0,0.0,0.0,0.0
FC1CCN(Cc2ccc(OCCCN3CCCCC3)cc2)C1,0.0,0.0,0.0,0.0,0.0,0.0,0.0,0.0,0.0,0.0,0.0,0.0,0.0,0.0,0.0,9.55,0.0,0.0,0.0,0.0,0.0,0.0,0.0,0.0,0.0,0.0,0.0
FC1CCN(Cc2ccc(OCCCN3CCCCC3)cc2)CC1,0.0,0.0,0.0,0.0,0.0,0.0,0.0,0.0,0.0,0.0,0.0,0.0,0.0,0.0,0.0,10.03,0.0,0.0,0.0,0.0,0.0,0.0,0.0,0.0,0.0,0.0,0.0
FCCc1ccc(OCCCN2CCCCC2)cc1,0.0,0.0,0.0,0.0,0.0,0.0,0.0,0.0,0.0,0.0,0.0,0.0,0.0,0.0,0.0,7.37,0.0,0.0,0.0,0.0,0.0,0.0,0.0,0.0,0.0,0.0,0.0
FCc1ccc(OCCCN2CCCCC2)cc1,0.0,0.0,0.0,0.0,0.0,0.0,0.0,0.0,0.0,0.0,0.0,0.0,0.0,0.0,0.0,7.76,0.0,0.0,0.0,0.0,0.0,0.0,0.0,0.0,0.0,0.0,0.0
Fc1cc(-c2cc3sc(N4CCC(N5CCCCC5)CC4)nc3cn2)ccn1,0.0,0.0,0.0,0.0,0.0,0.0,0.0,0.0,0.0,0.0,0.0,0.0,7.36,0.0,0.0,7.36,0.0,0.0,0.0,0.0,0.0,0.0,0.0,0.0,0.0,0.0,0.0
Fc1cc(-c2cnc3nc(N4CCC(N5CCCCC5)CC4)sc3c2)ccn1,0.0,0.0,0.0,0.0,0.0,0.0,0.0,0.0,0.0,0.0,0.0,0.0,7.89,0.0,0.0,7.89,0.0,0.0,0.0,0.0,0.0,0.0,0.0,0.0,0.0,0.0,0.0
Fc1cc(F)cc(-c2nnc(N3CCC(N4CCCCC4)CC3)s2)c1,0.0,0.0,0.0,0.0,0.0,0.0,0.0,0.0,0.0,0.0,0.0,0.0,0.0,0.0,0.0,7.3,0.0,0.0,0.0,0.0,0.0,0.0,0.0,0.0,0.0,0.0,0.0
Fc1ccc(-c2cc3sc(N4CCC(N5CCCCC5)CC4)nc3cn2)cn1,0.0,0.0,0.0,0.0,0.0,0.0,0.0,0.0,0.0,0.0,0.0,0.0,7.46,0.0,0.0,7.46,0.0,0.0,0.0,0.0,0.0,0.0,0.0,0.0,0.0,0.0,0.0
Fc1ccc(-c2ccc(OCCCN3CCN(c4ccncc4)CC3)cc2)cc1,0.0,0.0,0.0,0.0,0.0,0.0,0.0,0.0,0.0,0.0,0.0,0.0,0.0,0.0,0.0,0.0,0.0,0.0,7.22,0.0,0.0,0.0,0.0,0.0,0.0,0.0,0.0
Fc1ccc(-c2cnc3nc(N4CCC(N5CCCCC5)CC4)oc3c2)cn1,0.0,0.0,0.0,0.0,0.0,0.0,0.0,0.0,0.0,0.0,0.0,0.0,0.0,0.0,0.0,7.16,0.0,0.0,0.0,0.0,0.0,0.0,0.0,0.0,0.0,0.0,0.0
Fc1ccc(-c2cnc3nc(N4CCC(N5CCCCC5)CC4)sc3c2)cn1,0.0,0.0,0.0,0.0,0.0,0.0,0.0,0.0,0.0,0.0,0.0,0.0,7.2,0.0,0.0,7.2,0.0,0.0,0.0,0.0,0.0,0.0,0.0,0.0,0.0,0.0,0.0
Fc1ccc(-c2nnc(N3CCC(N4CCCCC4)CC3)s2)cc1,0.0,0.0,0.0,0.0,0.0,0.0,0.0,0.0,0.0,0.0,0.0,0.0,0.0,0.0,0.0,7.41,0.0,0.0,0.0,0.0,0.0,0.0,0.0,0.0,0.0,0.0,0.0
Fc1ccc(C2CN3CCCC3c3cc(OCCCN4CCCCC4)ccc32)cc1,8.77,8.37,0.0,0.0,0.0,0.0,0.0,0.0,0.0,0.0,0.0,0.0,0.0,0.0,0.0,0.0,0.0,0.0,0.0,0.0,0.0,0.0,0.0,0.0,0.0,0.0,0.0
Fc1ccc(Cn2ccc3c(N4CCC(N5CCCCC5)CC4)nc(Cl)nc32)cc1,0.0,0.0,0.0,0.0,0.0,0.0,0.0,0.0,0.0,0.0,0.0,0.0,0.0,0.0,0.0,0.0,0.0,0.0,0.0,0.0,0.0,7.52,0.0,0.0,0.0,0.0,0.0
Fc1ccc(Cn2ccc3c(N4CCC(N5CCCCC5)CC4)ncnc32)cc1,0.0,0.0,0.0,0.0,0.0,0.0,0.0,0.0,0.0,0.0,0.0,0.0,0.0,0.0,0.0,0.0,0.0,0.0,0.0,0.0,0.0,7.46,0.0,0.0,0.0,0.0,0.0
Fc1ccc(N2CCC(Cc3c[nH]cn3)CC2)cc1,0.0,0.0,0.0,0.0,7.92,0.0,0.0,0.0,0.0,0.0,0.0,0.0,0.0,0.0,0.0,0.0,0.0,0.0,0.0,0.0,0.0,0.0,0.0,0.0,0.0,0.0,0.0
Fc1ccc(OCCCCCCN2CCCCCC2)cc1,0.0,0.0,0.0,0.0,0.0,0.0,0.0,0.0,0.0,0.0,0.0,0.0,0.0,0.0,0.0,6.86,0.0,0.0,0.0,0.0,0.0,0.0,0.0,0.0,0.0,0.0,0.0
Fc1ccc2c(C3CCN(CCCCOc4ccc(CN5CCOCC5)cc4)CC3)noc2c1,0.0,0.0,0.0,0.0,0.0,0.0,0.0,0.0,0.0,0.0,0.0,0.0,6.82,0.0,0.0,0.0,0.0,0.0,0.0,0.0,0.0,0.0,0.0,0.0,0.0,0.0,0.0
Fc1ccc2c(C3CCN(CCCOc4ccc(CCN5CCCCC5)cc4)CC3)noc2c1,0.0,0.0,0.0,0.0,0.0,0.0,0.0,0.0,0.0,0.0,0.0,0.0,7.87,0.0,0.0,0.0,0.0,0.0,0.0,0.0,0.0,0.0,0.0,0.0,0.0,0.0,0.0
Fc1ccc2c(C3CCN(CCCOc4ccc(CCN5CCOCC5)cc4)CC3)noc2c1,0.0,0.0,0.0,0.0,0.0,0.0,0.0,0.0,0.0,0.0,0.0,0.0,7.85,0.0,0.0,0.0,0.0,0.0,0.0,0.0,0.0,0.0,0.0,0.0,0.0,0.0,0.0
Fc1ccc2c(C3CCN(CCCOc4ccc(CN5CCCC5)cc4)CC3)noc2c1,0.0,0.0,0.0,0.0,0.0,0.0,0.0,0.0,0.0,0.0,0.0,0.0,7.03,0.0,0.0,0.0,0.0,0.0,0.0,0.0,0.0,0.0,0.0,0.0,0.0,0.0,0.0
Fc1ccc2c(C3CCN(CCCOc4ccc(CN5CCCC5)cc4Cl)CC3)noc2c1,0.0,0.0,0.0,0.0,0.0,0.0,0.0,0.0,0.0,0.0,0.0,0.0,6.9,0.0,0.0,0.0,0.0,0.0,0.0,0.0,0.0,0.0,0.0,0.0,0.0,0.0,0.0
Fc1ccc2c(C3CCN(CCCOc4ccc(CN5CCCCC5)c(F)c4)CC3)noc2c1,0.0,0.0,0.0,0.0,0.0,0.0,0.0,0.0,0.0,0.0,0.0,0.0,6.5,0.0,0.0,0.0,0.0,0.0,0.0,0.0,0.0,0.0,0.0,0.0,0.0,0.0,0.0
Fc1ccc2c(C3CCN(CCCOc4ccc(CN5CCCCC5)cc4)CC3)noc2c1,0.0,0.0,0.0,0.0,0.0,0.0,0.0,0.0,0.0,0.0,0.0,0.0,6.57,0.0,0.0,0.0,0.0,0.0,0.0,0.0,0.0,0.0,0.0,0.0,0.0,0.0,0.0
Fc1ccc2c(C3CCN(CCCOc4ccc(CN5CCCCC5)cc4F)CC3)noc2c1,0.0,0.0,0.0,0.0,0.0,0.0,0.0,0.0,0.0,0.0,0.0,0.0,6.57,0.0,0.0,0.0,0.0,0.0,0.0,0.0,0.0,0.0,0.0,0.0,0.0,0.0,0.0
Fc1ccc2c(C3CCN(CCCOc4ccc(CN5CCOCC5)c(Cl)c4)CC3)noc2c1,0.0,0.0,0.0,0.0,0.0,0.0,0.0,0.0,0.0,0.0,0.0,0.0,6.79,0.0,0.0,0.0,0.0,0.0,0.0,0.0,0.0,0.0,0.0,0.0,0.0,0.0,0.0
Fc1ccc2c(C3CCN(CCCOc4ccc(CN5CCOCC5)c(F)c4)CC3)noc2c1,0.0,0.0,0.0,0.0,0.0,0.0,0.0,0.0,0.0,0.0,0.0,0.0,6.73,0.0,0.0,0.0,0.0,0.0,0.0,0.0,0.0,0.0,0.0,0.0,0.0,0.0,0.0
Fc1ccc2c(C3CCN(CCCOc4ccc(CN5CCOCC5)cc4)CC3)noc2c1,0.0,0.0,0.0,0.0,0.0,0.0,0.0,0.0,0.0,0.0,0.0,0.0,6.78,0.0,0.0,0.0,0.0,0.0,0.0,0.0,0.0,0.0,0.0,0.0,0.0,0.0,0.0
Fc1ccc2c(C3CCN(CCCOc4ccc(CN5CCOCC5)cc4Cl)CC3)noc2c1,0.0,0.0,0.0,0.0,0.0,0.0,0.0,0.0,0.0,0.0,0.0,0.0,6.83,0.0,0.0,0.0,0.0,0.0,0.0,0.0,0.0,0.0,0.0,0.0,0.0,0.0,0.0
Fc1ccc2c(C3CCN(CCCOc4ccc(CN5CCOCC5)cc4F)CC3)noc2c1,0.0,0.0,0.0,0.0,0.0,0.0,0.0,0.0,0.0,0.0,0.0,0.0,6.71,0.0,0.0,0.0,0.0,0.0,0.0,0.0,0.0,0.0,0.0,0.0,0.0,0.0,0.0
Fc1cccc(-c2nnc(N3CCC(N4CCCCC4)CC3)s2)c1,0.0,0.0,0.0,0.0,0.0,0.0,0.0,0.0,0.0,0.0,0.0,0.0,0.0,0.0,0.0,7.21,0.0,0.0,0.0,0.0,0.0,0.0,0.0,0.0,0.0,0.0,0.0
Fc1ccccc1-c1nnc(N2CCC(N3CCCCC3)CC2)s1,0.0,0.0,0.0,0.0,0.0,0.0,0.0,0.0,0.0,0.0,0.0,0.0,0.0,0.0,0.0,7.44,0.0,0.0,0.0,0.0,0.0,0.0,0.0,0.0,0.0,0.0,0.0
Fc1ncccc1-c1cc2sc(N3CCC(N4CCCCC4)CC3)nc2cn1,0.0,0.0,0.0,0.0,0.0,0.0,0.0,0.0,0.0,0.0,0.0,0.0,7.7,0.0,0.0,7.7,0.0,0.0,0.0,0.0,0.0,0.0,0.0,0.0,0.0,0.0,0.0
Fc1ncccc1-c1cnc2nc(N3CCC(N4CCCCC4)CC3)sc2c1,0.0,0.0,0.0,0.0,0.0,0.0,0.0,0.0,0.0,0.0,0.0,0.0,7.38,0.0,0.0,7.38,0.0,0.0,0.0,0.0,0.0,0.0,0.0,0.0,0.0,0.0,0.0
Ic1ccc(C(OCCCc2c[nH]cn2)c2ccccc2)cc1,0.0,0.0,0.0,0.0,0.0,0.0,0.0,0.0,0.0,0.0,0.0,0.0,7.85,0.0,0.0,0.0,0.0,0.0,0.0,0.0,0.0,0.0,0.0,0.0,0.0,0.0,0.0
Ic1ccc(COCCCc2c[nH]cn2)cc1,0.0,9.2,0.0,0.0,0.0,0.0,0.0,0.0,0.0,0.0,0.0,0.0,0.0,0.0,0.0,9.2,7.39,0.0,0.0,0.0,0.0,0.0,0.0,0.0,0.0,0.0,0.0
N#CC(C#N)=C1N(CCCCN2CCCCC2)CCN1CCCCN1CCCCC1,0.0,0.0,0.0,0.0,0.0,0.0,0.0,0.0,0.0,0.0,0.0,0.0,7.25,0.0,0.0,0.0,0.0,0.0,0.0,0.0,0.0,0.0,0.0,0.0,0.0,0.0,0.0
N#CC(C#N)=C1N(CCCCN2CCCCC2)CCN1CCCN1CCCCC1,0.0,0.0,0.0,0.0,0.0,0.0,0.0,0.0,0.0,0.0,0.0,0.0,7.21,0.0,0.0,0.0,0.0,0.0,0.0,0.0,0.0,0.0,0.0,0.0,0.0,0.0,0.0
N#CC(C#N)=C1N(CCCCN2CCCCC2)CCN1CCN1CCCCC1,0.0,0.0,0.0,0.0,0.0,0.0,0.0,0.0,7.8,0.0,0.0,0.0,7.8,0.0,0.0,0.0,0.0,0.0,0.0,0.0,0.0,0.0,0.0,0.0,0.0,0.0,0.0
N#CC(C#N)=C1N(CCCN2CCCCC2)CCN1CCCN1CCCCC1,0.0,0.0,0.0,0.0,0.0,0.0,0.0,0.0,8.62,0.0,0.0,0.0,8.62,0.0,0.0,0.0,0.0,0.0,0.0,0.0,0.0,0.0,0.0,0.0,0.0,0.0,0.0
N#CC(C#N)=C1N(CCCN2CCCCC2)CCN1CCN1CCCCC1,0.0,0.0,0.0,0.0,0.0,0.0,0.0,0.0,8.18,0.0,0.0,0.0,8.18,0.0,0.0,0.0,0.0,0.0,0.0,0.0,0.0,0.0,0.0,0.0,0.0,0.0,0.0
N#CC(C#N)=C1N(CCCN2CCCCC2)CCN1Cc1cccc2ccccc12,0.0,0.0,0.0,0.0,0.0,0.0,0.0,0.0,7.44,0.0,0.0,0.0,0.0,0.0,0.0,0.0,0.0,0.0,0.0,0.0,0.0,0.0,0.0,0.0,0.0,0.0,0.0
N#CC(C#N)=C1N(CCN2CCCCC2)CCN1CCN1CCCCC1,0.0,0.0,0.0,0.0,0.0,0.0,0.0,0.0,7.62,0.0,0.0,0.0,7.62,0.0,0.0,0.0,0.0,0.0,0.0,0.0,0.0,0.0,0.0,0.0,0.0,0.0,0.0
N#CN=C(NCCCCc1c[nH]cn1)NCCSc1ccccc1,0.0,0.0,0.0,0.0,0.0,0.0,0.0,0.0,0.0,0.0,0.0,0.0,0.0,6.28,0.0,0.0,0.0,0.0,0.0,0.0,0.0,0.0,0.0,0.0,0.0,0.0,0.0
N#CN=C(NCCSc1ccccc1)NCC1CCC(c2c[nH]cn2)C1,0.0,0.0,0.0,0.0,0.0,0.0,0.0,0.0,0.0,0.0,0.0,0.0,0.0,6.23,0.0,0.0,0.0,0.0,0.0,0.0,0.0,0.0,0.0,0.0,0.0,0.0,0.0
N#Cc1c2ccccc2cn1CCCCCCN1CCCCC1,0.0,0.0,0.0,0.0,0.0,0.0,0.0,0.0,0.0,0.0,0.0,0.0,0.0,0.0,0.0,0.0,7.51,0.0,0.0,0.0,0.0,0.0,0.0,0.0,0.0,0.0,0.0
N#Cc1c2ccccc2cn1CCCCCN1CCCCC1,0.0,0.0,0.0,0.0,0.0,0.0,0.0,0.0,0.0,0.0,0.0,0.0,0.0,0.0,0.0,0.0,7.51,0.0,0.0,0.0,0.0,0.0,0.0,0.0,0.0,0.0,0.0
N#Cc1c2ccccc2cn1CCCCN1CCCCC1,0.0,0.0,0.0,0.0,0.0,0.0,0.0,0.0,0.0,0.0,0.0,0.0,0.0,0.0,0.0,0.0,6.75,0.0,0.0,0.0,0.0,0.0,0.0,0.0,0.0,0.0,0.0
N#Cc1c2ccccc2cn1CCCN1CCCCC1,0.0,0.0,0.0,0.0,0.0,0.0,0.0,0.0,0.0,0.0,0.0,0.0,0.0,0.0,0.0,0.0,6.46,0.0,0.0,0.0,0.0,0.0,0.0,0.0,0.0,0.0,0.0
N#Cc1cc(-c2cc3sc(N4CCC(N5CCCCC5)CC4)nc3cn2)ccc1F,0.0,0.0,0.0,0.0,0.0,0.0,0.0,0.0,0.0,0.0,0.0,0.0,0.0,0.0,0.0,7.34,0.0,0.0,0.0,0.0,0.0,0.0,0.0,0.0,0.0,0.0,0.0
N#Cc1cc(-c2cnc3nc(N4CCC(N5CCCCC5)CC4)oc3c2)ccc1F,0.0,0.0,0.0,0.0,0.0,0.0,0.0,0.0,0.0,0.0,0.0,0.0,0.0,0.0,0.0,7.44,0.0,0.0,0.0,0.0,0.0,0.0,0.0,0.0,0.0,0.0,0.0
N#Cc1cc(-c2cnc3nc(N4CCC(N5CCCCC5)CC4)sc3c2)ccc1F,0.0,0.0,0.0,0.0,0.0,0.0,0.0,0.0,0.0,0.0,0.0,0.0,7.64,0.0,0.0,7.64,0.0,0.0,0.0,0.0,0.0,0.0,0.0,0.0,0.0,0.0,0.0
N#Cc1cc(C#N)cc(-c2nnc(N3CCC(N4CCCCC4)CC3)s2)c1,0.0,0.0,0.0,0.0,0.0,0.0,0.0,0.0,0.0,0.0,0.0,0.0,0.0,0.0,0.0,7.64,0.0,0.0,0.0,0.0,0.0,0.0,0.0,0.0,0.0,0.0,0.0
N#Cc1cc2sc(N3CCC(N4CCCCC4)CC3)nc2cn1,0.0,0.0,0.0,0.0,0.0,0.0,0.0,0.0,0.0,0.0,0.0,0.0,0.0,0.0,0.0,7.46,0.0,0.0,0.0,0.0,0.0,0.0,0.0,0.0,0.0,0.0,0.0
N#Cc1ccc(-c2cc(N3CCNCC3)nc(N)n2)cc1,0.0,0.0,0.0,0.0,0.0,0.0,0.0,0.0,0.0,0.0,0.0,0.0,6.03,0.0,0.0,0.0,0.0,0.0,0.0,0.0,0.0,0.0,0.0,0.0,0.0,0.0,0.0
N#Cc1ccc(-c2cc3sc(N4CCC(N5CCCCC5)CC4)nc3cn2)cc1,0.0,0.0,0.0,0.0,0.0,0.0,0.0,0.0,0.0,0.0,0.0,0.0,0.0,0.0,0.0,6.9,0.0,0.0,0.0,0.0,0.0,0.0,0.0,0.0,0.0,0.0,0.0
N#Cc1ccc(-c2ccc(N3CCC4CN(CC5CC5)CC43)cc2)cc1,0.0,0.0,0.0,0.0,0.0,0.0,7.26,0.0,0.0,0.0,0.0,0.0,0.0,0.0,0.0,0.0,0.0,0.0,0.0,0.0,0.0,0.0,0.0,0.0,0.0,0.0,0.0
N#Cc1ccc(-c2ccc(N3CCC4CNCC43)cc2)cc1,0.0,0.0,0.0,0.0,0.0,0.0,6.49,0.0,0.0,0.0,0.0,0.0,0.0,0.0,0.0,0.0,0.0,0.0,0.0,0.0,0.0,0.0,0.0,0.0,0.0,0.0,0.0
N#Cc1ccc(-c2ccc(OCCCN3CCC(N)C3)cc2)cc1,0.0,0.0,0.0,0.0,0.0,0.0,0.0,0.0,0.0,0.0,0.0,0.0,8.21,0.0,0.0,0.0,0.0,0.0,0.0,0.0,0.0,0.0,0.0,0.0,0.0,0.0,0.0
N#Cc1ccc(-c2ccc(OCCCN3CCC(N)CC3)cc2)cc1,0.0,0.0,0.0,0.0,0.0,0.0,0.0,0.0,0.0,0.0,0.0,0.0,6.7,0.0,0.0,0.0,0.0,0.0,0.0,0.0,0.0,0.0,0.0,0.0,0.0,0.0,0.0
N#Cc1ccc(-c2ccc(OCCCN3CCC(O)C3)cc2)cc1,0.0,0.0,0.0,0.0,0.0,0.0,0.0,0.0,0.0,0.0,0.0,0.0,8.08,0.0,0.0,0.0,0.0,0.0,0.0,0.0,0.0,0.0,0.0,0.0,0.0,0.0,0.0
N#Cc1ccc(-c2ccc(OCCCN3CCCC3)cc2)cc1,0.0,0.0,0.0,0.0,0.0,0.0,0.0,0.0,0.0,0.0,0.0,0.0,8.14,0.0,0.0,0.0,0.0,0.0,0.0,0.0,0.0,0.0,0.0,0.0,0.0,0.0,0.0
N#Cc1ccc(-c2ccc(OCCCN3CCCN(C(=O)C(Cc4cscn4)NC(=O)c4ccco4)CC3)cc2)cc1,0.0,0.0,0.0,0.0,0.0,0.0,0.0,0.0,0.0,0.0,0.0,0.0,8.8,0.0,0.0,0.0,0.0,0.0,0.0,0.0,0.0,0.0,0.0,0.0,0.0,0.0,0.0
N#Cc1ccc(-c2ccc(OCCCN3CCN(c4ccncc4)CC3)cc2)cc1,0.0,0.0,0.0,0.0,0.0,0.0,0.0,0.0,0.0,0.0,0.0,0.0,0.0,0.0,0.0,0.0,0.0,0.0,8.11,0.0,0.0,0.0,0.0,0.0,0.0,0.0,0.0
N#Cc1ccc(-c2ccc3c(c2)CCN(CCCN2CCCC2)C3=O)cc1,0.0,0.0,0.0,0.0,0.0,0.0,0.0,0.0,0.0,0.0,0.0,0.0,0.0,0.0,0.0,0.0,0.0,0.0,0.0,0.0,0.0,0.0,0.0,0.0,0.0,0.0,8.16
N#Cc1ccc(-c2ccc3c(c2)CCN(CCCN2CCCCC2)C3=O)cc1,0.0,0.0,0.0,0.0,0.0,0.0,0.0,0.0,0.0,0.0,0.0,0.0,0.0,0.0,0.0,0.0,0.0,0.0,0.0,0.0,0.0,0.0,0.0,0.0,0.0,0.0,7.75
N#Cc1ccc(-c2ccc3c(c2)CCN(CCN2CCCC2)C3=O)cc1,0.0,0.0,0.0,0.0,0.0,0.0,0.0,0.0,0.0,0.0,0.0,0.0,0.0,0.0,0.0,0.0,0.0,0.0,0.0,0.0,0.0,0.0,0.0,0.0,0.0,0.0,8.41
N#Cc1ccc(-c2ccc3cc(CCC4CCNC4)ccc3c2)cc1,0.0,0.0,0.0,0.0,0.0,0.0,8.48,0.0,0.0,0.0,0.0,0.0,0.0,0.0,0.0,0.0,0.0,0.0,0.0,0.0,0.0,0.0,0.0,0.0,0.0,0.0,0.0
N#Cc1ccc(-c2ccc3cc(CCN4CCC(O)C4)ccc3c2)cc1,0.0,0.0,0.0,0.0,0.0,0.0,8.81,0.0,0.0,0.0,0.0,0.0,0.0,0.0,0.0,0.0,0.0,0.0,0.0,0.0,0.0,0.0,0.0,0.0,0.0,0.0,0.0
N#Cc1ccc(-c2ccc3cc(CCN4CCCC4)ccc3c2)cc1,0.0,0.0,0.0,0.0,0.0,0.0,9.31,0.0,0.0,0.0,0.0,0.0,0.0,0.0,0.0,0.0,0.0,0.0,0.0,0.0,0.0,0.0,0.0,0.0,0.0,0.0,0.0
N#Cc1ccc(-c2ccc3cc(CCN4CCCC4CF)ccc3c2)cc1,0.0,0.0,0.0,0.0,0.0,0.0,9.09,0.0,0.0,0.0,0.0,0.0,0.0,0.0,0.0,0.0,0.0,0.0,0.0,0.0,0.0,0.0,0.0,0.0,0.0,0.0,0.0
N#Cc1ccc(-c2ccc3cc(CCN4CCCC4CO)ccc3c2)cc1,0.0,0.0,0.0,0.0,0.0,0.0,9.36,0.0,0.0,0.0,0.0,0.0,0.0,0.0,0.0,0.0,0.0,0.0,0.0,0.0,0.0,0.0,0.0,0.0,0.0,0.0,0.0
N#Cc1ccc(-c2cnc3nc(N4CCC(N5CCCCC5)CC4)oc3c2)cc1,0.0,0.0,0.0,0.0,0.0,0.0,0.0,0.0,0.0,0.0,0.0,0.0,0.0,0.0,0.0,7.43,0.0,0.0,0.0,0.0,0.0,0.0,0.0,0.0,0.0,0.0,0.0
N#Cc1ccc(-c2cnc3nc(N4CCC(N5CCCCC5)CC4)sc3c2)cc1,0.0,0.0,0.0,0.0,0.0,0.0,0.0,0.0,0.0,0.0,0.0,0.0,7.55,0.0,0.0,7.55,0.0,0.0,0.0,0.0,0.0,0.0,0.0,0.0,0.0,0.0,0.0
N#Cc1ccc(-c2nnc(N3CCC(N4CCCCC4)CC3)s2)cc1,0.0,0.0,0.0,0.0,0.0,0.0,0.0,0.0,0.0,0.0,0.0,0.0,0.0,0.0,0.0,7.44,0.0,0.0,0.0,0.0,0.0,0.0,0.0,0.0,0.0,0.0,0.0
N#Cc1ccc(C(=O)N2CCN(c3ccc(OC4CCN(C5CCC5)CC4)cc3)C(=O)C2)cc1,0.0,0.0,0.0,0.0,0.0,9.0,0.0,0.0,0.0,0.0,0.0,0.0,0.0,0.0,0.0,0.0,0.0,0.0,0.0,0.0,0.0,0.0,0.0,0.0,0.0,0.0,0.0
N#Cc1ccc(C(=O)N2CCN(c3ccc(OC4CCN(C5CCCC5)CC4)cc3)C(=O)C2)cc1,0.0,0.0,0.0,0.0,0.0,9.1,0.0,0.0,0.0,0.0,0.0,0.0,0.0,0.0,0.0,0.0,0.0,0.0,0.0,0.0,0.0,0.0,0.0,0.0,0.0,0.0,0.0
N#Cc1ccc(C(=O)N2CCN(c3ccc(OCCCN4CCCC4)cc3)C(=O)C2)cc1,0.0,0.0,0.0,0.0,0.0,8.2,0.0,0.0,0.0,0.0,0.0,0.0,0.0,0.0,0.0,0.0,0.0,0.0,0.0,0.0,0.0,0.0,0.0,0.0,0.0,0.0,0.0
N#Cc1ccc(C(=O)N2CCN(c3ccc(OCCCN4CCCCC4)cc3)C(=O)C2)cc1,0.0,0.0,0.0,0.0,0.0,8.8,0.0,0.0,0.0,0.0,0.0,0.0,0.0,0.0,0.0,0.0,0.0,0.0,0.0,0.0,0.0,0.0,0.0,0.0,0.0,0.0,0.0
N#Cc1ccc(C(=O)N2CCN(c3ccc(OCCCN4CCCCCC4)cc3)C(=O)C2)cc1,0.0,0.0,0.0,0.0,0.0,8.5,0.0,0.0,0.0,0.0,0.0,0.0,0.0,0.0,0.0,0.0,0.0,0.0,0.0,0.0,0.0,0.0,0.0,0.0,0.0,0.0,0.0
N#Cc1ccc(C2CN3CCCC3c3cc(OCCCN4CCCCC4)ccc32)cc1,8.92,7.23,0.0,0.0,0.0,0.0,0.0,0.0,0.0,0.0,0.0,0.0,0.0,0.0,0.0,0.0,0.0,0.0,0.0,0.0,0.0,0.0,0.0,0.0,0.0,0.0,0.0
N#Cc1ccc(CN=C(NC2CCCCC2)SCCCc2c[nH]cn2)cc1,0.0,0.0,0.0,0.0,0.0,0.0,0.0,0.0,0.0,0.0,0.0,0.0,0.0,0.0,0.0,8.79,0.0,0.0,0.0,0.0,0.0,0.0,0.0,0.0,0.0,0.0,0.0
N#Cc1ccc(Cc2c[nH]cn2)cc1,0.0,0.0,0.0,0.0,6.09,0.0,0.0,0.0,0.0,0.0,0.0,0.0,0.0,0.0,0.0,0.0,0.0,0.0,0.0,0.0,0.0,0.0,0.0,0.0,0.0,0.0,0.0
N#Cc1ccc(Cn2ccc3c(N4CCC(N5CCCCC5)CC4)nc(Cl)nc32)cc1,0.0,0.0,0.0,0.0,0.0,0.0,0.0,0.0,0.0,0.0,0.0,0.0,0.0,0.0,0.0,0.0,0.0,0.0,0.0,0.0,0.0,7.75,0.0,0.0,0.0,0.0,0.0
N#Cc1ccc(Cn2ccc3c(N4CCC(N5CCCCC5)CC4)ncnc32)cc1,0.0,0.0,0.0,0.0,0.0,0.0,0.0,0.0,0.0,0.0,0.0,0.0,0.0,0.0,0.0,0.0,0.0,0.0,0.0,0.0,0.0,8.15,0.0,0.0,0.0,0.0,0.0
N#Cc1ccc(N2CCN(CCc3ccc(OCCCN4CCCCCC4)cc3)CC2)c2ncccc12,0.0,0.0,0.0,0.0,0.0,8.5,0.0,0.0,0.0,0.0,0.0,0.0,0.0,0.0,0.0,0.0,0.0,0.0,0.0,0.0,0.0,0.0,0.0,0.0,0.0,0.0,0.0
N#Cc1ccc(OC2CCN(C3CCCC3)CC2)cc1,0.0,0.0,0.0,0.0,0.0,0.0,0.0,0.0,0.0,0.0,0.0,0.0,7.89,0.0,0.0,0.0,0.0,0.0,0.0,0.0,0.0,0.0,0.0,0.0,0.0,0.0,0.0
N#Cc1ccc(OC2CCN(C3CCCCC3)CC2)cc1,0.0,0.0,0.0,0.0,0.0,0.0,0.0,0.0,0.0,0.0,0.0,0.0,7.49,0.0,0.0,0.0,0.0,0.0,0.0,0.0,0.0,0.0,0.0,0.0,0.0,0.0,0.0
N#Cc1ccc(OC2CCN(Cc3ccccc3)CC2)cc1,0.0,0.0,0.0,0.0,0.0,0.0,0.0,0.0,0.0,0.0,0.0,0.0,5.27,0.0,0.0,0.0,0.0,0.0,0.0,0.0,0.0,0.0,0.0,0.0,0.0,0.0,0.0
N#Cc1ccc(OC2CNC(C(=O)N3CCCN(C4CC4)CC3)C2)cc1,0.0,0.0,0.0,0.0,0.0,0.0,0.0,0.0,0.0,0.0,0.0,0.0,7.64,0.0,0.0,0.0,0.0,0.0,0.0,0.0,0.0,0.0,0.0,0.0,0.0,0.0,0.0
N#Cc1ccc(OC2CNC(C(=O)N3CCCN(C4CCC4)CC3)C2)cc1,0.0,0.0,0.0,0.0,0.0,0.0,0.0,0.0,0.0,0.0,0.0,0.0,8.62,0.0,0.0,0.0,0.0,0.0,0.0,0.0,0.0,0.0,0.0,0.0,0.0,0.0,0.0
N#Cc1ccc(OC2CNC(C(=O)N3CCCN(C4CCCC4)CC3)C2)cc1,0.0,0.0,0.0,0.0,0.0,0.0,0.0,0.0,0.0,0.0,0.0,0.0,8.49,0.0,0.0,0.0,0.0,0.0,0.0,0.0,0.0,0.0,0.0,0.0,0.0,0.0,0.0
N#Cc1ccc(OCCCCCN2CCCC2)cc1,0.0,0.0,0.0,0.0,0.0,0.0,0.0,0.0,0.0,0.0,0.0,0.0,7.72,0.0,0.0,0.0,0.0,0.0,0.0,0.0,0.0,0.0,0.0,0.0,0.0,0.0,0.0
N#Cc1ccc(OCCCN2CCCCC2)cc1,0.0,0.0,0.0,0.0,0.0,0.0,0.0,0.0,0.0,0.0,0.0,0.0,7.6,0.0,0.0,7.96,0.0,0.0,0.0,0.0,0.0,0.0,0.0,0.0,0.0,0.0,0.0
N#Cc1ccc(OCc2ccc(-c3ccc(CN4CCCCC4)cc3)cc2)cc1,0.0,7.12,0.0,0.0,0.0,0.0,0.0,0.0,0.0,0.0,0.0,0.0,0.0,0.0,0.0,0.0,0.0,0.0,0.0,0.0,0.0,0.0,0.0,0.0,0.0,0.0,0.0
N#Cc1ccc2c(c1)CN(C1CCN(C(=O)C3(F)CCN(Cc4ccnc(N)c4)CC3)CC1)CC2,0.0,0.0,0.0,0.0,0.0,0.0,0.0,0.0,0.0,0.0,0.0,0.0,0.0,0.0,0.0,8.7,0.0,0.0,0.0,0.0,0.0,0.0,0.0,0.0,0.0,0.0,0.0
N#Cc1ccc2nc(N3CCN(C4CC4)CC3)ccc2c1,0.0,0.0,0.0,0.0,0.0,0.0,0.0,0.0,0.0,0.0,0.0,0.0,0.0,0.0,0.0,0.0,0.0,0.0,0.0,0.0,0.0,0.0,0.0,0.0,8.32,0.0,0.0
N#Cc1ccc2oc(C(=O)N3CCCC3CN3CCCC3)cc2c1,0.0,0.0,0.0,0.0,0.0,0.0,0.0,0.0,0.0,0.0,0.0,0.0,0.0,0.0,0.0,0.0,0.0,0.0,0.0,0.0,0.0,0.0,0.0,0.0,8.3,0.0,0.0
N#Cc1cccc(-c2ccc3c(c2)CCN(CCN2CCCC2)C3=O)c1,0.0,0.0,0.0,0.0,0.0,0.0,0.0,0.0,0.0,0.0,0.0,0.0,0.0,0.0,0.0,0.0,0.0,0.0,0.0,0.0,0.0,0.0,0.0,0.0,0.0,0.0,8.47
N#Cc1cccc(-c2nnc(N3CCC(N4CCCCC4)CC3)s2)c1,0.0,0.0,0.0,0.0,0.0,0.0,0.0,0.0,0.0,0.0,0.0,0.0,0.0,0.0,0.0,7.37,0.0,0.0,0.0,0.0,0.0,0.0,0.0,0.0,0.0,0.0,0.0
N#Cc1cccc(Cc2c[nH]cn2)c1,0.0,0.0,0.0,0.0,6.81,0.0,0.0,0.0,0.0,0.0,0.0,0.0,0.0,0.0,0.0,0.0,0.0,0.0,0.0,0.0,0.0,0.0,0.0,0.0,0.0,0.0,0.0
N#Cc1cccc(Oc2ccc(C(=O)N3CCCN(C4CC4)CC3)cn2)c1,0.0,7.92,0.0,0.0,0.0,0.0,0.0,0.0,0.0,0.0,0.0,0.0,0.0,0.0,0.0,0.0,0.0,0.0,0.0,0.0,0.0,0.0,0.0,0.0,0.0,0.0,0.0
N#Cc1cccc(Oc2ccc(C(=O)N3CCCN(C4CCC4)CC3)cn2)c1,0.0,8.74,0.0,0.0,0.0,0.0,0.0,0.0,0.0,0.0,0.0,0.0,0.0,0.0,0.0,0.0,0.0,0.0,0.0,0.0,0.0,0.0,0.0,0.0,0.0,0.0,0.0
N#Cc1cnc2nc(N3CCC(N4CCCCC4)CC3)sc2c1,0.0,0.0,0.0,0.0,0.0,0.0,0.0,0.0,0.0,0.0,0.0,0.0,0.0,0.0,0.0,7.44,0.0,0.0,0.0,0.0,0.0,0.0,0.0,0.0,0.0,0.0,0.0
N#Cc1cncc(-c2cc3sc(N4CCC(N5CCCCC5)CC4)nc3cn2)c1,0.0,0.0,0.0,0.0,0.0,0.0,0.0,0.0,0.0,0.0,0.0,0.0,7.66,0.0,0.0,7.66,0.0,0.0,0.0,0.0,0.0,0.0,0.0,0.0,0.0,0.0,0.0
N#Cc1cncc(-c2cnc3nc(N4CCC(N5CCCCC5)CC4)oc3c2)c1,0.0,0.0,0.0,0.0,0.0,0.0,0.0,0.0,0.0,0.0,0.0,0.0,0.0,0.0,0.0,6.6,0.0,0.0,0.0,0.0,0.0,0.0,0.0,0.0,0.0,0.0,0.0
N#Cc1cncc(-c2cnc3nc(N4CCC(N5CCCCC5)CC4)sc3c2)c1,0.0,0.0,0.0,0.0,0.0,0.0,0.0,0.0,0.0,0.0,0.0,0.0,7.8,0.0,0.0,7.8,0.0,0.0,0.0,0.0,0.0,0.0,0.0,0.0,0.0,0.0,0.0
N=C(N)N(CCCCN1CCN(CCCCCCCOc2ccccc2)CC1)Cc1ccc(Cl)cc1,0.0,0.0,0.0,0.0,0.0,0.0,0.0,0.0,0.0,0.0,0.0,0.0,0.0,0.0,0.0,6.56,0.0,0.0,0.0,0.0,0.0,0.0,0.0,0.0,0.0,0.0,0.0
N=C(N)N(CCCCN1CCN(CCCCCCCOc2ccccc2)CC1)Cc1ccc([N+](=O)[O-])cc1,0.0,0.0,0.0,0.0,0.0,0.0,0.0,0.0,0.0,0.0,0.0,0.0,0.0,0.0,0.0,6.84,0.0,0.0,0.0,0.0,0.0,0.0,0.0,0.0,0.0,0.0,0.0
N=C(N)N(CCCCN1CCN(CCCCCCCOc2ccccc2)CC1)Cc1ccccc1,0.0,0.0,0.0,0.0,0.0,0.0,0.0,0.0,0.0,0.0,0.0,0.0,0.0,0.0,0.0,6.8,0.0,0.0,0.0,0.0,0.0,0.0,0.0,0.0,0.0,0.0,0.0
N=C(N)NCCSC(=N)N,0.0,6.0,0.0,0.0,0.0,0.0,0.0,0.0,0.0,0.0,0.0,0.0,0.0,0.0,0.0,6.5,0.0,0.0,0.0,0.0,0.0,0.0,0.0,0.0,0.0,0.0,0.0
N=C(N)SCCCc1c[nH]cn1,0.0,8.6,0.0,0.0,0.0,0.0,0.0,0.0,0.0,0.0,0.0,0.0,0.0,0.0,0.0,0.0,0.0,0.0,0.0,0.0,0.0,0.0,0.0,0.0,0.0,0.0,0.0
N=C(N)SCCc1c[nH]cn1,0.0,8.8,0.0,0.0,9.24,0.0,0.0,0.0,0.0,0.0,0.0,0.0,0.0,0.0,0.0,9.15,9.52,0.0,8.3,0.0,0.0,0.0,0.0,0.0,0.0,0.0,0.0
N=C(NC=C(c1ccccc1)c1ccccc1)NCCCc1c[nH]cn1,0.0,6.5,0.0,0.0,0.0,0.0,0.0,0.0,0.0,0.0,0.0,0.0,0.0,0.0,0.0,0.0,0.0,0.0,0.0,0.0,0.0,0.0,0.0,0.0,0.0,0.0,0.0
N=C(NCCC(c1ccccc1)c1ccccc1)SCCCc1c[nH]cn1,0.0,7.5,0.0,0.0,0.0,0.0,0.0,0.0,0.0,0.0,0.0,0.0,0.0,0.0,0.0,0.0,0.0,0.0,0.0,0.0,0.0,0.0,0.0,0.0,0.0,0.0,0.0
N=C(NCCCCc1ccccc1)SCCCc1c[nH]cn1,0.0,7.7,0.0,0.0,0.0,0.0,0.0,0.0,0.0,0.0,0.0,0.0,0.0,0.0,0.0,0.0,0.0,0.0,0.0,0.0,0.0,0.0,0.0,0.0,0.0,0.0,0.0
N=C(NCCCc1c[nH]cn1)NCc1ccccc1,0.0,7.1,0.0,0.0,0.0,0.0,0.0,0.0,0.0,0.0,0.0,0.0,0.0,0.0,0.0,0.0,0.0,0.0,0.0,0.0,0.0,0.0,0.0,0.0,0.0,0.0,0.0
N=C(NCCCc1ccccc1)SCCCc1c[nH]cn1,0.0,8.0,0.0,0.0,0.0,0.0,0.0,0.0,0.0,0.0,0.0,0.0,0.0,0.0,0.0,0.0,0.0,0.0,0.0,0.0,0.0,0.0,0.0,0.0,0.0,0.0,0.0
N=C(NCCc1ccc(Br)cc1)SCCCc1c[nH]cn1,0.0,8.1,0.0,0.0,0.0,0.0,0.0,0.0,0.0,0.0,0.0,0.0,0.0,0.0,0.0,0.0,0.0,0.0,0.0,0.0,0.0,0.0,0.0,0.0,0.0,0.0,0.0
N=C(NCCc1ccc(Cl)cc1)SCCCc1c[nH]cn1,0.0,8.0,0.0,0.0,0.0,0.0,0.0,0.0,0.0,0.0,0.0,0.0,0.0,0.0,0.0,0.0,0.0,0.0,0.0,0.0,0.0,0.0,0.0,0.0,0.0,0.0,0.0
N=C(NCCc1ccc(I)cc1)SCCCc1c[nH]cn1,0.0,8.1,0.0,0.0,0.0,0.0,0.0,0.0,0.0,0.0,0.0,0.0,0.0,0.0,0.0,0.0,0.0,0.0,0.0,0.0,0.0,0.0,0.0,0.0,0.0,0.0,0.0
N=C(NCCc1ccccc1)SCCCc1c[nH]cn1,0.0,7.7,0.0,0.0,0.0,0.0,0.0,0.0,0.0,0.0,0.0,0.0,0.0,0.0,0.0,0.0,0.0,0.0,0.0,0.0,0.0,0.0,0.0,0.0,0.0,0.0,0.0
N=C(NCc1ccc(Br)cc1)SCCCc1c[nH]cn1,0.0,8.6,0.0,0.0,0.0,0.0,0.0,0.0,0.0,0.0,0.0,0.0,0.0,0.0,0.0,0.0,0.0,0.0,0.0,0.0,0.0,0.0,0.0,0.0,0.0,0.0,0.0
N=C(NCc1ccc(Cl)c(Cl)c1)SCCCc1c[nH]cn1,0.0,8.2,0.0,0.0,0.0,0.0,0.0,0.0,0.0,0.0,0.0,0.0,0.0,0.0,0.0,0.0,0.0,0.0,0.0,0.0,0.0,0.0,0.0,0.0,0.0,0.0,0.0
N=C(NCc1ccc(Cl)cc1)SCCCCc1c[nH]cn1,0.0,8.6,0.0,0.0,0.0,0.0,0.0,0.0,0.0,0.0,0.0,0.0,0.0,0.0,0.0,0.0,0.0,0.0,0.0,0.0,0.0,0.0,0.0,0.0,0.0,0.0,0.0
N=C(NCc1ccc(F)cc1)SCCCc1c[nH]cn1,0.0,8.3,0.0,0.0,0.0,0.0,0.0,0.0,0.0,0.0,0.0,0.0,0.0,0.0,0.0,0.0,0.0,0.0,0.0,0.0,0.0,0.0,0.0,0.0,0.0,0.0,0.0
N=C(NCc1ccc(I)cc1)SCCCc1c[nH]cn1,0.0,8.5,0.0,0.0,0.0,0.0,0.0,0.0,0.0,0.0,0.0,0.0,0.0,0.0,0.0,0.0,0.0,0.0,0.0,0.0,0.0,0.0,0.0,0.0,0.0,0.0,0.0
N=C(NCc1cccc(Cl)c1)SCCCc1c[nH]cn1,0.0,8.1,0.0,0.0,0.0,0.0,0.0,0.0,0.0,0.0,0.0,0.0,0.0,0.0,0.0,0.0,0.0,0.0,0.0,0.0,0.0,0.0,0.0,0.0,0.0,0.0,0.0
N=C(NCc1ccccc1)SCCCc1c[nH]cn1,0.0,8.1,0.0,0.0,0.0,0.0,0.0,0.0,0.0,0.0,0.0,0.0,0.0,0.0,0.0,0.0,0.0,0.0,0.0,0.0,0.0,0.0,0.0,0.0,0.0,0.0,0.0
N=C(NCc1ccccc1Cl)SCCCc1c[nH]cn1,0.0,8.1,0.0,0.0,0.0,0.0,0.0,0.0,0.0,0.0,0.0,0.0,0.0,0.0,0.0,0.0,0.0,0.0,0.0,0.0,0.0,0.0,0.0,0.0,0.0,0.0,0.0
NC(=NC(=O)NCCCCCCCCNC(=O)N=C(N)NCCCc1nnc(N)s1)NCCCc1nnc(N)s1,0.0,0.0,0.0,0.0,0.0,0.0,0.0,5.16,0.0,0.0,0.0,0.0,0.0,0.0,0.0,0.0,0.0,0.0,0.0,0.0,0.0,0.0,0.0,0.0,0.0,0.0,0.0
NC(=NC(=O)NCCCCCCNC(=O)N=C(N)NCCCc1nnc(N)s1)NCCCc1nnc(N)s1,0.0,0.0,0.0,0.0,0.0,0.0,0.0,5.0,0.0,0.0,0.0,0.0,0.0,0.0,0.0,0.0,0.0,0.0,0.0,0.0,0.0,0.0,0.0,0.0,0.0,0.0,0.0
NC(=NC(=O)NCc1ccccc1)NC1CCc2nc(N)sc2C1,0.0,0.0,0.0,0.0,0.0,0.0,0.0,5.48,0.0,0.0,0.0,0.0,0.0,0.0,0.0,0.0,0.0,0.0,0.0,0.0,0.0,0.0,0.0,0.0,0.0,0.0,0.0
NC(=O)C1CCN(Cc2ccc(C#CCCN3CCCCC3)cc2)CC1,0.0,9.12,0.0,0.0,0.0,0.0,0.0,0.0,0.0,0.0,0.0,0.0,0.0,0.0,0.0,0.0,0.0,0.0,0.0,0.0,0.0,0.0,0.0,0.0,0.0,0.0,0.0
NC(=O)C1CCN(Cc2cccc(C#CCCN3CCCCC3)c2)CC1,0.0,9.26,0.0,0.0,0.0,0.0,0.0,0.0,0.0,0.0,0.0,0.0,0.0,0.0,0.0,0.0,0.0,0.0,0.0,0.0,0.0,0.0,0.0,0.0,0.0,0.0,0.0
NC(=O)c1ccc(-c2ccc3c(c2)CCN(CCN2CCCC2)C3=O)cc1,0.0,0.0,0.0,0.0,0.0,0.0,0.0,0.0,0.0,0.0,0.0,0.0,0.0,0.0,0.0,0.0,0.0,0.0,0.0,0.0,0.0,0.0,0.0,0.0,0.0,0.0,8.22
NC(=O)c1ccc(Oc2ccc3c(c2)CCN(C2CCC2)CC3)nc1,0.0,0.0,0.0,0.0,0.0,0.0,0.0,0.0,0.0,0.0,9.3,0.0,0.0,0.0,0.0,0.0,0.0,0.0,0.0,0.0,0.0,0.0,0.0,0.0,0.0,0.0,0.0
NCC1CCC(c2c[nH]cn2)O1,0.0,6.7,0.0,0.0,0.0,0.0,0.0,0.0,0.0,0.0,0.0,0.0,0.0,0.0,0.0,0.0,0.0,0.0,0.0,0.0,0.0,0.0,0.0,0.0,0.0,0.0,0.0
NCCCCCc1c[nH]cn1,0.0,8.3,0.0,0.0,0.0,0.0,0.0,0.0,0.0,0.0,0.0,0.0,0.0,0.0,0.0,0.0,0.0,0.0,0.0,0.0,0.0,0.0,0.0,0.0,0.0,0.0,0.0
NCCCCc1c[nH]cn1,0.0,8.39,0.0,0.0,0.0,0.0,0.0,0.0,0.0,0.0,0.0,0.0,0.0,0.0,0.0,0.0,0.0,0.0,0.0,0.0,0.0,0.0,0.0,0.0,0.0,0.0,0.0
NCCCNc1ccnc(N)n1,0.0,0.0,0.0,0.0,0.0,0.0,0.0,0.0,0.0,0.0,0.0,0.0,0.0,0.0,0.0,7.21,0.0,0.0,0.0,0.0,0.0,0.0,0.0,0.0,0.0,0.0,0.0
NCCCc1c[nH]cn1,0.0,7.3,0.0,0.0,0.0,0.0,0.0,0.0,0.0,0.0,0.0,0.0,0.0,0.0,0.0,0.0,0.0,0.0,0.0,0.0,0.0,0.0,0.0,0.0,0.0,0.0,0.0
NCCc1c[nH]cn1,0.0,8.0,0.0,0.0,8.28,0.0,0.0,7.59,0.0,0.0,0.0,0.0,7.8,0.0,0.0,7.93,0.0,0.0,8.6,0.0,0.0,7.9,0.0,0.0,0.0,0.0,6.5
NCc1ccc(-c2ccc(CN)cc2)cc1,0.0,5.35,0.0,0.0,0.0,0.0,0.0,0.0,0.0,0.0,0.0,0.0,0.0,0.0,0.0,0.0,0.0,0.0,0.0,0.0,0.0,0.0,0.0,0.0,0.0,0.0,0.0
NCc1ccc(CNC(=O)N2CCCC2CN2CCCC2)cc1,0.0,0.0,0.0,0.0,0.0,0.0,0.0,0.0,0.0,0.0,0.0,0.0,0.0,0.0,0.0,0.0,0.0,0.0,0.0,0.0,0.0,0.0,0.0,0.0,6.96,0.0,0.0
NCc1cccc(CNC(=O)N2CCCC2CN2CCCC2)c1,0.0,0.0,0.0,0.0,0.0,0.0,0.0,0.0,0.0,0.0,0.0,0.0,0.0,0.0,0.0,0.0,0.0,0.0,0.0,0.0,0.0,0.0,0.0,0.0,7.11,0.0,0.0
Nc1cc(CN2CCC(F)(C(=O)N3CCC(N4CCCc5ccccc5C4)CC3)CC2)ccn1,0.0,0.0,0.0,0.0,0.0,0.0,0.0,0.0,0.0,0.0,0.0,0.0,0.0,0.0,0.0,7.44,0.0,0.0,0.0,0.0,0.0,0.0,0.0,0.0,0.0,0.0,0.0
Nc1cc(CN2CCC(F)(C(=O)N3CCC(N4CCNc5ccccc5C4)CC3)CC2)ccn1,0.0,0.0,0.0,0.0,0.0,0.0,0.0,0.0,0.0,0.0,0.0,0.0,0.0,0.0,0.0,9.0,0.0,0.0,0.0,0.0,0.0,0.0,0.0,0.0,0.0,0.0,0.0
Nc1cc(CN2CCC(F)(C(=O)N3CCC(N4CCc5ccccc5C4)CC3)CC2)ccn1,0.0,0.0,0.0,0.0,0.0,0.0,0.0,0.0,0.0,0.0,0.0,0.0,0.0,0.0,0.0,8.7,0.0,0.0,0.0,0.0,0.0,0.0,0.0,0.0,0.0,0.0,0.0
Nc1cc(CN2CCC(F)(C(=O)N3CCC(N4CCc5ccccc5CC4)CC3)CC2)ccn1,0.0,0.0,0.0,0.0,0.0,0.0,0.0,0.0,0.0,0.0,0.0,0.0,0.0,0.0,0.0,9.0,0.0,0.0,0.0,0.0,0.0,0.0,0.0,0.0,0.0,0.0,0.0
Nc1cc(CN2CCC(F)(C(=O)N3CCC(N4Cc5ccccc5C4)CC3)CC2)ccn1,0.0,0.0,0.0,0.0,0.0,0.0,0.0,0.0,0.0,0.0,0.0,0.0,0.0,0.0,0.0,8.7,0.0,0.0,0.0,0.0,0.0,0.0,0.0,0.0,0.0,0.0,0.0
Nc1cc(CN2CCC(F)(C(=O)N3CCC(N4Cc5cccnc5C4)CC3)CC2)ccn1,0.0,0.0,0.0,0.0,0.0,0.0,0.0,0.0,0.0,0.0,0.0,0.0,0.0,0.0,0.0,8.15,0.0,0.0,0.0,0.0,0.0,0.0,0.0,0.0,0.0,0.0,0.0
Nc1cc(CN2CCC(F)(C(=O)N3CCC(N4c5ccccc5Sc5ccc(C(F)(F)F)cc54)CC3)CC2)ccn1,0.0,0.0,0.0,0.0,0.0,0.0,0.0,0.0,0.0,0.0,0.0,0.0,0.0,0.0,0.0,7.96,0.0,0.0,0.0,0.0,0.0,0.0,0.0,0.0,0.0,0.0,0.0
Nc1cc(CN2CCC(F)(C(=O)N3CCC(N4c5ccccc5Sc5ccccc54)CC3)CC2)ccn1,0.0,0.0,0.0,0.0,0.0,0.0,0.0,0.0,0.0,0.0,0.0,0.0,0.0,0.0,0.0,8.15,0.0,0.0,0.0,0.0,0.0,0.0,0.0,0.0,0.0,0.0,0.0
Nc1cc(CN2CCC(F)(C(=O)N3CCC(N4c5ccccc5Sc5cccnc54)CC3)CC2)ccn1,0.0,0.0,0.0,0.0,0.0,0.0,0.0,0.0,0.0,0.0,0.0,0.0,0.0,0.0,0.0,8.15,0.0,0.0,0.0,0.0,0.0,0.0,0.0,0.0,0.0,0.0,0.0
Nc1cc(CN2CCC(N(C(=O)NCc3ccc(F)cc3)c3ccc(Cl)cc3)CC2)ccn1,0.0,0.0,0.0,0.0,0.0,0.0,0.0,0.0,0.0,0.0,0.0,0.0,8.52,0.0,0.0,0.0,0.0,0.0,0.0,0.0,0.0,0.0,0.0,0.0,8.52,0.0,0.0
Nc1cc2sc(N3CCC(N4CCCCC4)CC3)nc2cn1,0.0,0.0,0.0,0.0,0.0,0.0,0.0,0.0,0.0,0.0,0.0,0.0,0.0,0.0,0.0,7.14,0.0,0.0,0.0,0.0,0.0,0.0,0.0,0.0,0.0,0.0,0.0
Nc1ccc(-c2cc3sc(N4CCC(N5CCCCC5)CC4)nc3cn2)cn1,0.0,0.0,0.0,0.0,0.0,0.0,0.0,0.0,0.0,0.0,0.0,0.0,7.6,0.0,0.0,7.6,0.0,0.0,0.0,0.0,0.0,0.0,0.0,0.0,0.0,0.0,0.0
Nc1ccc(-c2cnc3nc(N4CCC(N5CCCCC5)CC4)oc3c2)cn1,0.0,0.0,0.0,0.0,0.0,0.0,0.0,0.0,0.0,0.0,0.0,0.0,0.0,0.0,0.0,6.56,0.0,0.0,0.0,0.0,0.0,0.0,0.0,0.0,0.0,0.0,0.0
Nc1ccc(-c2cnc3nc(N4CCC(N5CCCCC5)CC4)sc3c2)cn1,0.0,0.0,0.0,0.0,0.0,0.0,0.0,0.0,0.0,0.0,0.0,0.0,7.8,0.0,0.0,7.8,0.0,0.0,0.0,0.0,0.0,0.0,0.0,0.0,0.0,0.0,0.0
Nc1ccc(Cc2c[nH]cn2)cc1,0.0,0.0,0.0,0.0,6.59,0.0,0.0,0.0,0.0,0.0,0.0,0.0,0.0,0.0,0.0,0.0,0.0,0.0,0.0,0.0,0.0,0.0,0.0,0.0,0.0,0.0,0.0
Nc1ccc(NCCc2ccc(OCCCN3CCCCC3)cc2)nc1,0.0,0.0,0.0,0.0,0.0,0.0,0.0,0.0,0.0,0.0,0.0,0.0,8.32,0.0,0.0,0.0,0.0,0.0,0.0,0.0,0.0,0.0,0.0,0.0,0.0,0.0,0.0
Nc1cnc(-c2cc3sc(N4CCC(N5CCCCC5)CC4)nc3cn2)cn1,0.0,0.0,0.0,0.0,0.0,0.0,0.0,0.0,0.0,0.0,0.0,0.0,7.77,0.0,0.0,7.77,0.0,0.0,0.0,0.0,0.0,0.0,0.0,0.0,0.0,0.0,0.0
Nc1cnc(-c2cnc3nc(N4CCC(N5CCCCC5)CC4)sc3c2)cn1,0.0,0.0,0.0,0.0,0.0,0.0,0.0,0.0,0.0,0.0,0.0,0.0,7.18,0.0,0.0,7.18,0.0,0.0,0.0,0.0,0.0,0.0,0.0,0.0,0.0,0.0,0.0
Nc1cnc2nc(N3CCC(N4CCCCC4)CC3)sc2c1,0.0,0.0,0.0,0.0,0.0,0.0,0.0,0.0,0.0,0.0,0.0,0.0,0.0,0.0,0.0,7.1,0.0,0.0,0.0,0.0,0.0,0.0,0.0,0.0,0.0,0.0,0.0
Nc1nc(-c2ccc(OCCCN3CCCCC3)cc2)c2c(n1)-c1ccc(OCCCN3CCCCC3)cc1C2,0.0,0.0,0.0,0.0,0.0,0.0,0.0,0.0,0.0,0.0,0.0,0.0,0.0,0.0,0.0,9.22,0.0,0.0,0.0,0.0,0.0,0.0,0.0,0.0,0.0,0.0,0.0
Nc1nc(-c2ccc(OCCCN3CCCCC3)cc2)c2c(n1)-c1ccc(OCCCN3CCCCC3)cc1C2=O,0.0,0.0,0.0,0.0,0.0,0.0,0.0,0.0,0.0,0.0,0.0,0.0,0.0,0.0,0.0,9.51,0.0,0.0,0.0,0.0,0.0,0.0,0.0,0.0,0.0,0.0,0.0
Nc1nc(-c2ccc(OCCCN3CCCCC3)cc2)c2c(n1)-c1ccccc1C2,0.0,0.0,0.0,0.0,0.0,0.0,0.0,0.0,0.0,0.0,0.0,0.0,0.0,0.0,0.0,9.31,0.0,0.0,0.0,0.0,0.0,0.0,0.0,0.0,0.0,0.0,0.0
Nc1nc(-c2ccc(OCCCN3CCCCC3)cc2)c2c(n1)-c1ccccc1C2=O,0.0,0.0,0.0,0.0,0.0,0.0,0.0,0.0,0.0,0.0,0.0,0.0,0.0,0.0,0.0,9.55,0.0,0.0,0.0,0.0,0.0,0.0,0.0,0.0,0.0,0.0,0.0
Nc1nc(-c2ccccc2)c2c(n1)-c1cc(OCCCN3CCCC3)ccc1C2=O,0.0,0.0,0.0,0.0,0.0,0.0,0.0,0.0,0.0,0.0,0.0,0.0,0.0,0.0,0.0,7.77,0.0,0.0,0.0,0.0,0.0,0.0,0.0,0.0,0.0,0.0,0.0
Nc1nc(-c2ccccc2)c2c(n1)-c1cc(OCCCN3CCCCC3)ccc1C2=O,0.0,0.0,0.0,0.0,0.0,0.0,0.0,0.0,0.0,0.0,0.0,0.0,0.0,0.0,0.0,7.28,0.0,0.0,0.0,0.0,0.0,0.0,0.0,0.0,0.0,0.0,0.0
Nc1nc(-c2ccccc2)c2c(n1)-c1ccc(OCCCN3CCCC3)cc1C2,0.0,0.0,0.0,0.0,0.0,0.0,0.0,0.0,0.0,0.0,0.0,0.0,0.0,0.0,0.0,7.96,0.0,0.0,0.0,0.0,0.0,0.0,0.0,0.0,0.0,0.0,0.0
Nc1nc(-c2ccccc2)c2c(n1)-c1ccc(OCCCN3CCCC3)cc1C2=O,0.0,0.0,0.0,0.0,0.0,0.0,0.0,0.0,0.0,0.0,0.0,0.0,0.0,0.0,0.0,7.51,0.0,0.0,0.0,0.0,0.0,0.0,0.0,0.0,0.0,0.0,0.0
Nc1nc(-c2ccccc2)c2c(n1)-c1ccc(OCCCN3CCCCC3)cc1C2,0.0,0.0,0.0,0.0,0.0,0.0,0.0,0.0,0.0,0.0,0.0,0.0,0.0,0.0,0.0,8.64,0.0,0.0,0.0,0.0,0.0,0.0,0.0,0.0,0.0,0.0,0.0
Nc1nc(-c2ccccc2)c2c(n1)-c1ccc(OCCCN3CCCCC3)cc1C2=O,0.0,0.0,0.0,0.0,0.0,0.0,0.0,0.0,0.0,0.0,0.0,0.0,0.0,0.0,0.0,7.44,0.0,0.0,0.0,0.0,0.0,0.0,0.0,0.0,0.0,0.0,0.0
Nc1nc(C2CCCC2)cc(N2CCNCC2)n1,0.0,7.62,0.0,0.0,0.0,0.0,0.0,0.0,0.0,0.0,0.0,0.0,0.0,0.0,0.0,0.0,0.0,0.0,0.0,0.0,0.0,0.0,0.0,0.0,0.0,0.0,0.0
Nc1nc(N2CCC(N)C2)c2c(n1)C1(CCCC1)CCC2,0.0,0.0,0.0,0.0,0.0,0.0,6.53,0.0,0.0,0.0,0.0,0.0,0.0,0.0,0.0,0.0,0.0,0.0,0.0,0.0,0.0,0.0,0.0,0.0,0.0,0.0,0.0
Nc1nc(N2CCC(N3CCCCC3)CC2)c2ccn(CCN3CCOCC3)c2n1,0.0,0.0,0.0,0.0,0.0,0.0,0.0,0.0,0.0,0.0,0.0,0.0,0.0,0.0,0.0,0.0,0.0,0.0,0.0,0.0,0.0,6.92,0.0,0.0,0.0,0.0,0.0
Nc1nc(N2CCC(N3CCOCC3)CC2)c2ccn(CCN3CCOCC3)c2n1,0.0,0.0,0.0,0.0,0.0,0.0,0.0,0.0,0.0,0.0,0.0,0.0,0.0,0.0,0.0,0.0,0.0,0.0,0.0,0.0,0.0,6.07,0.0,0.0,0.0,0.0,0.0
Nc1nc(N2CCNCC2)c2cc(-c3ccc(F)cc3)[nH]c2n1,0.0,0.0,0.0,0.0,0.0,0.0,0.0,0.0,0.0,0.0,0.0,0.0,0.0,0.0,0.0,4.07,0.0,0.0,0.0,0.0,0.0,0.0,0.0,0.0,0.0,0.0,0.0
Nc1nc(N2CCNCC2)c2ccc(-c3ccco3)cc2n1,0.0,0.0,0.0,0.0,0.0,0.0,0.0,0.0,0.0,0.0,0.0,0.0,0.0,0.0,0.0,5.47,0.0,0.0,0.0,0.0,0.0,0.0,0.0,0.0,0.0,0.0,0.0
Nc1nc(N2CCNCC2)c2ccc(C3CC3)cc2n1,0.0,0.0,0.0,0.0,0.0,0.0,0.0,0.0,0.0,0.0,0.0,0.0,0.0,0.0,0.0,6.81,0.0,0.0,0.0,0.0,0.0,0.0,0.0,0.0,0.0,0.0,0.0
Nc1nc(N2CCNCC2)c2ccc(C3CCCC3)cc2n1,0.0,0.0,0.0,0.0,0.0,0.0,0.0,0.0,0.0,0.0,0.0,0.0,0.0,0.0,0.0,6.48,0.0,0.0,0.0,0.0,0.0,0.0,0.0,0.0,0.0,0.0,0.0
Nc1nc2c(c(N3CCNCC3)n1)CCC1=C2C2CCCCC2O1,0.0,0.0,0.0,0.0,0.0,0.0,0.0,0.0,0.0,0.0,0.0,0.0,6.03,0.0,0.0,0.0,0.0,0.0,0.0,0.0,0.0,0.0,0.0,0.0,0.0,0.0,0.0
Nc1nc2c(c(N3CCNCC3)n1)CCCCC2c1ccccc1,0.0,0.0,0.0,0.0,0.0,0.0,5.65,0.0,0.0,0.0,0.0,0.0,0.0,0.0,0.0,0.0,0.0,0.0,0.0,0.0,0.0,0.0,0.0,0.0,0.0,0.0,0.0
Nc1nccc(N2CC(N)C2)n1,0.0,0.0,0.0,0.0,0.0,0.0,0.0,0.0,0.0,0.0,0.0,0.0,0.0,0.0,0.0,0.0,0.0,0.0,0.0,0.0,0.0,7.8,0.0,0.0,0.0,0.0,0.0
Nc1nccc(N2CC(N3CCCC3)C2)n1,0.0,0.0,0.0,0.0,0.0,0.0,0.0,0.0,0.0,0.0,0.0,0.0,0.0,0.0,0.0,0.0,0.0,0.0,0.0,0.0,0.0,7.4,0.0,0.0,0.0,0.0,0.0
Nc1nccc(N2CC3CN(Cc4ccccc4)CC3C2)n1,0.0,0.0,0.0,0.0,0.0,0.0,0.0,0.0,0.0,0.0,0.0,0.0,0.0,0.0,0.0,6.8,0.0,0.0,0.0,0.0,0.0,0.0,0.0,0.0,0.0,0.0,0.0
Nc1nccc(N2CCC(N)CC2)n1,0.0,0.0,0.0,0.0,0.0,0.0,0.0,0.0,0.0,0.0,0.0,0.0,0.0,0.0,0.0,6.52,0.0,0.0,0.0,0.0,0.0,0.0,0.0,0.0,0.0,0.0,0.0
Nc1nccc(N2CCC3(CC2)CNC3)n1,0.0,0.0,0.0,0.0,0.0,0.0,0.0,0.0,0.0,0.0,0.0,0.0,0.0,0.0,0.0,7.17,0.0,0.0,0.0,0.0,0.0,0.0,0.0,0.0,0.0,0.0,0.0
Nc1nccc(N2CCCN(Cc3ccccc3)CCC2)n1,0.0,0.0,0.0,0.0,0.0,0.0,0.0,0.0,0.0,0.0,0.0,0.0,0.0,0.0,0.0,6.79,0.0,0.0,0.0,0.0,0.0,0.0,0.0,0.0,0.0,0.0,0.0
Nc1nccc(N2CCNCC2)n1,0.0,0.0,0.0,0.0,0.0,0.0,0.0,0.0,0.0,0.0,0.0,0.0,0.0,0.0,0.0,7.62,0.0,0.0,0.0,0.0,0.0,0.0,0.0,0.0,0.0,0.0,0.0
Nc1nccc(NC2CCN(Cc3ccccc3)CC2)n1,0.0,0.0,0.0,0.0,0.0,0.0,0.0,0.0,0.0,0.0,0.0,0.0,0.0,0.0,0.0,7.14,0.0,0.0,0.0,0.0,0.0,0.0,0.0,0.0,0.0,0.0,0.0
Nc1nccc(NC2CCNCC2)n1,0.0,0.0,0.0,0.0,0.0,0.0,0.0,0.0,0.0,0.0,0.0,0.0,0.0,0.0,0.0,6.49,0.0,0.0,0.0,0.0,0.0,0.0,0.0,0.0,0.0,0.0,0.0
O=C(C1CC(Cc2ccc(F)cc2)CN1)N1CCCN(C2CCC2)CC1,0.0,0.0,0.0,0.0,0.0,0.0,0.0,0.0,0.0,0.0,0.0,0.0,6.52,0.0,0.0,0.0,0.0,0.0,0.0,0.0,0.0,0.0,0.0,0.0,0.0,0.0,0.0
O=C(C1CC(Cc2cccc(F)c2)CN1)N1CCCN(C2CCC2)CC1,0.0,0.0,0.0,0.0,0.0,0.0,0.0,0.0,0.0,0.0,0.0,0.0,6.46,0.0,0.0,0.0,0.0,0.0,0.0,0.0,0.0,0.0,0.0,0.0,0.0,0.0,0.0
O=C(C1CC(Cc2ccccc2)CN1)N1CCCN(C2CCC2)CC1,0.0,0.0,0.0,0.0,0.0,0.0,0.0,0.0,0.0,0.0,0.0,0.0,6.58,0.0,0.0,0.0,0.0,0.0,0.0,0.0,0.0,0.0,0.0,0.0,0.0,0.0,0.0
O=C(C1CC(Oc2ccc(C(F)(F)F)cc2)CN1)N1CCCN(C2CCC2)CC1,0.0,0.0,0.0,0.0,0.0,0.0,0.0,0.0,0.0,0.0,0.0,0.0,8.39,0.0,0.0,0.0,0.0,0.0,0.0,0.0,0.0,0.0,0.0,0.0,0.0,0.0,0.0
O=C(C1CC(Oc2ccc(Cl)cc2)CN1)N1CCCN(C2CCC2)CC1,0.0,0.0,0.0,0.0,0.0,0.0,0.0,0.0,0.0,0.0,0.0,0.0,8.7,0.0,0.0,0.0,0.0,0.0,0.0,0.0,0.0,0.0,0.0,0.0,0.0,0.0,0.0
O=C(C1CC(Oc2ccc(F)cc2)CN1)N1CCCN(C2CCC2)CC1,0.0,0.0,0.0,0.0,0.0,0.0,0.0,0.0,0.0,0.0,0.0,0.0,8.8,0.0,0.0,0.0,0.0,0.0,0.0,0.0,0.0,0.0,0.0,0.0,0.0,0.0,0.0
O=C(C1CC(Oc2ccc(F)cc2)CN1)N1CCCN(C2CCCC2)CC1,0.0,0.0,0.0,0.0,0.0,0.0,0.0,0.0,0.0,0.0,0.0,0.0,8.39,0.0,0.0,0.0,0.0,0.0,0.0,0.0,0.0,0.0,0.0,0.0,0.0,0.0,0.0
O=C(C1CC(Oc2ccc(F)cc2)CN1C1CC1)N1CCCN(C2CCC2)CC1,0.0,0.0,0.0,0.0,0.0,0.0,0.0,0.0,0.0,0.0,0.0,0.0,7.89,0.0,0.0,0.0,0.0,0.0,0.0,0.0,0.0,0.0,0.0,0.0,0.0,0.0,0.0
O=C(C1CC(Oc2ccc(F)cc2)CN1C1CCC1)N1CCCN(C2CCC2)CC1,0.0,0.0,0.0,0.0,0.0,0.0,0.0,0.0,0.0,0.0,0.0,0.0,7.77,0.0,0.0,0.0,0.0,0.0,0.0,0.0,0.0,0.0,0.0,0.0,0.0,0.0,0.0
O=C(C1CC(Oc2cccc(Cl)c2)CN1)N1CCCN(C2CCC2)CC1,0.0,0.0,0.0,0.0,0.0,0.0,0.0,0.0,0.0,0.0,0.0,0.0,8.6,0.0,0.0,0.0,0.0,0.0,0.0,0.0,0.0,0.0,0.0,0.0,0.0,0.0,0.0
O=C(C1CC(Oc2cccc(F)c2)CN1)N1CCCN(C2CCC2)CC1,0.0,0.0,0.0,0.0,0.0,0.0,0.0,0.0,0.0,0.0,0.0,0.0,8.47,0.0,0.0,0.0,0.0,0.0,0.0,0.0,0.0,0.0,0.0,0.0,0.0,0.0,0.0
O=C(C1CC(Oc2cccc(F)c2)CN1C(=O)C1CC1)N1CCCN(C2CCC2)CC1,0.0,0.0,0.0,0.0,0.0,0.0,0.0,0.0,0.0,0.0,0.0,0.0,8.12,0.0,0.0,0.0,0.0,0.0,0.0,0.0,0.0,0.0,0.0,0.0,0.0,0.0,0.0
O=C(C1CC(Oc2cccc(F)c2)CN1CC1CC1)N1CCCN(C2CCC2)CC1,0.0,0.0,0.0,0.0,0.0,0.0,0.0,0.0,0.0,0.0,0.0,0.0,8.15,0.0,0.0,0.0,0.0,0.0,0.0,0.0,0.0,0.0,0.0,0.0,0.0,0.0,0.0
O=C(C1CC(Oc2ccccc2)CN1)N1CCCN(C2CCC2)CC1,0.0,0.0,0.0,0.0,0.0,0.0,0.0,0.0,0.0,0.0,0.0,0.0,8.28,0.0,0.0,0.0,0.0,0.0,0.0,0.0,0.0,0.0,0.0,0.0,0.0,0.0,0.0
O=C(C1CC(Oc2ccccn2)CN1)N1CCCN(C2CCC2)CC1,0.0,0.0,0.0,0.0,0.0,0.0,0.0,0.0,0.0,0.0,0.0,0.0,8.34,0.0,0.0,0.0,0.0,0.0,0.0,0.0,0.0,0.0,0.0,0.0,0.0,0.0,0.0
O=C(C1CC(Oc2cccnc2)CN1)N1CCCN(C2CCC2)CC1,0.0,0.0,0.0,0.0,0.0,0.0,0.0,0.0,0.0,0.0,0.0,0.0,8.59,0.0,0.0,0.0,0.0,0.0,0.0,0.0,0.0,0.0,0.0,0.0,0.0,0.0,0.0
O=C(C1CC(Oc2ccsc2)CN1)N1CCCN(C2CCC2)CC1,0.0,0.0,0.0,0.0,0.0,0.0,0.0,0.0,0.0,0.0,0.0,0.0,8.28,0.0,0.0,0.0,0.0,0.0,0.0,0.0,0.0,0.0,0.0,0.0,0.0,0.0,0.0
O=C(C1CC1)N1CCC(Oc2ccc3c(c2)CCC2(CCN(C4CCC4)CC2)O3)CC1,0.0,0.0,0.0,0.0,8.22,0.0,0.0,0.0,0.0,0.0,0.0,0.0,0.0,0.0,0.0,0.0,0.0,0.0,0.0,0.0,0.0,0.0,0.0,0.0,0.0,0.0,0.0
O=C(C1CC1)N1CCN(c2ccc(OCCCN3CCCCC3)cc2)C(=O)C1,0.0,0.0,0.0,0.0,0.0,8.6,0.0,0.0,0.0,0.0,0.0,0.0,0.0,0.0,0.0,0.0,0.0,0.0,0.0,0.0,0.0,0.0,0.0,0.0,0.0,0.0,0.0
O=C(C1CC12CCN(C1CCC1)CC2)N1CCN(C2CCOCC2)CC1,0.0,0.0,0.0,0.0,0.0,0.0,0.0,0.0,0.0,0.0,0.0,0.0,0.0,0.0,0.0,0.0,7.17,0.0,0.0,0.0,0.0,0.0,0.0,0.0,0.0,0.0,0.0
O=C(C1CC12CCN(C1CCCCC1)CC2)N1CCN(C2CCCCC2)CC1,0.0,0.0,0.0,0.0,0.0,0.0,0.0,0.0,0.0,0.0,0.0,0.0,0.0,0.0,0.0,0.0,7.72,0.0,0.0,0.0,0.0,0.0,0.0,0.0,0.0,0.0,0.0
O=C(C1CC12CCN(C1CCOCC1)CC2)N1CCCN(C2CCC2)CC1,0.0,0.0,0.0,0.0,0.0,0.0,0.0,0.0,0.0,0.0,0.0,0.0,0.0,0.0,0.0,0.0,8.52,0.0,0.0,0.0,0.0,0.0,0.0,0.0,0.0,0.0,0.0
O=C(C1CC12CCN(C1CCOCC1)CC2)N1CCN(C2CC2)CC1,0.0,0.0,0.0,0.0,0.0,0.0,0.0,0.0,0.0,0.0,0.0,0.0,0.0,0.0,0.0,0.0,7.96,0.0,0.0,0.0,0.0,0.0,0.0,0.0,0.0,0.0,0.0
O=C(C1CC12CCN(C1CCOCC1)CC2)N1CCN(C2CCC2)CC1,0.0,0.0,0.0,0.0,0.0,0.0,0.0,0.0,0.0,0.0,0.0,0.0,0.0,0.0,0.0,0.0,8.89,0.0,0.0,0.0,0.0,0.0,0.0,0.0,0.0,0.0,0.0
O=C(C1CC12CCN(C1CCOCC1)CC2)N1CCN(C2CCCC2)CC1,0.0,0.0,0.0,0.0,0.0,0.0,0.0,0.0,0.0,0.0,0.0,0.0,0.0,0.0,0.0,0.0,8.85,0.0,0.0,0.0,0.0,0.0,0.0,0.0,0.0,0.0,0.0
O=C(C1CC12CCN(C1CCOCC1)CC2)N1CCN(C2CCCCC2)CC1,0.0,0.0,0.0,0.0,0.0,0.0,0.0,0.0,0.0,0.0,0.0,0.0,0.0,0.0,0.0,0.0,7.58,0.0,0.0,0.0,0.0,0.0,0.0,0.0,0.0,0.0,0.0
O=C(C1CC12CCN(C1CCOCC1)CC2)N1CCN(C2CCCCCC2)CC1,0.0,0.0,0.0,0.0,0.0,0.0,0.0,0.0,0.0,0.0,0.0,0.0,0.0,0.0,0.0,0.0,7.19,0.0,0.0,0.0,0.0,0.0,0.0,0.0,0.0,0.0,0.0
O=C(C1CC12CCN(C1CCOCC1)CC2)N1CCN(c2ccncc2)CC1,0.0,0.0,0.0,0.0,0.0,0.0,0.0,0.0,0.0,0.0,0.0,0.0,0.0,0.0,0.0,0.0,8.08,0.0,0.0,0.0,0.0,0.0,0.0,0.0,0.0,0.0,0.0
O=C(C1CC12CCN(CCc1ccccc1)CC2)N1CCN(C2CCCCC2)CC1,0.0,0.0,0.0,0.0,0.0,0.0,0.0,0.0,0.0,0.0,0.0,0.0,0.0,0.0,0.0,0.0,7.68,0.0,0.0,0.0,0.0,0.0,0.0,0.0,0.0,0.0,0.0
O=C(C1CC12CCN(Cc1ccccc1)CC2)N1CCN(C2CCCCC2)CC1,0.0,0.0,0.0,0.0,0.0,0.0,0.0,0.0,0.0,0.0,0.0,0.0,0.0,0.0,0.0,0.0,6.99,0.0,0.0,0.0,0.0,0.0,0.0,0.0,0.0,0.0,0.0
O=C(C1CC12CCN(c1ccccc1)CC2)N1CCN(C2CCCCC2)CC1,0.0,0.0,0.0,0.0,0.0,0.0,0.0,0.0,0.0,0.0,0.0,0.0,0.0,0.0,0.0,0.0,5.78,0.0,0.0,0.0,0.0,0.0,0.0,0.0,0.0,0.0,0.0
O=C(C1CC12CCN(c1ccncc1)CC2)N1CCN(C2CCCCC2)CC1,0.0,0.0,0.0,0.0,0.0,0.0,0.0,0.0,0.0,0.0,0.0,0.0,0.0,0.0,0.0,0.0,7.26,0.0,0.0,0.0,0.0,0.0,0.0,0.0,0.0,0.0,0.0
O=C(C1CC12CCNCC2)N1CCN(C2CCCCC2)CC1,0.0,0.0,0.0,0.0,0.0,0.0,0.0,0.0,0.0,0.0,0.0,0.0,0.0,0.0,0.0,0.0,6.36,0.0,0.0,0.0,0.0,0.0,0.0,0.0,0.0,0.0,0.0
O=C(C=Cc1ccc(-c2ccccc2)cc1)N1CCCC1CN1CCCC1,0.0,0.0,0.0,0.0,0.0,0.0,0.0,0.0,0.0,0.0,0.0,0.0,0.0,0.0,0.0,0.0,0.0,0.0,0.0,0.0,0.0,0.0,0.0,0.0,8.43,0.0,0.0
O=C(C=Cc1ccc(C(F)(F)F)cc1)N1CCCC1CN1CCCC1,0.0,0.0,0.0,0.0,0.0,0.0,0.0,0.0,0.0,0.0,0.0,0.0,8.3,0.0,0.0,0.0,0.0,0.0,0.0,0.0,0.0,0.0,0.0,0.0,8.33,0.0,0.0
O=C(C=Cc1ccc(Cl)cc1)N1CCCC1CN1CCCC1,0.0,0.0,0.0,0.0,0.0,0.0,0.0,0.0,0.0,0.0,0.0,0.0,0.0,0.0,0.0,0.0,0.0,0.0,0.0,0.0,0.0,0.0,0.0,0.0,7.95,0.0,0.0
O=C(C=Cc1ccc(OC(F)(F)F)cc1)N1CCCC1CN1CCCC1,0.0,0.0,0.0,0.0,0.0,0.0,0.0,0.0,0.0,0.0,0.0,0.0,0.0,0.0,0.0,0.0,0.0,0.0,0.0,0.0,0.0,0.0,0.0,0.0,7.87,0.0,0.0
O=C(C=Cc1ccc(OCCCN2CCCCC2)cc1)c1ccc(OCCCN2CCCCC2)cc1,0.0,0.0,0.0,0.0,9.28,0.0,0.0,0.0,0.0,0.0,0.0,0.0,0.0,0.0,0.0,0.0,0.0,0.0,0.0,0.0,0.0,0.0,0.0,0.0,0.0,0.0,0.0
O=C(C=Cc1ccccc1)c1ccc(OCCCc2c[nH]cn2)cc1,0.0,0.0,0.0,0.0,0.0,0.0,0.0,0.0,0.0,0.0,0.0,0.0,8.08,0.0,0.0,0.0,0.0,0.0,0.0,0.0,0.0,0.0,0.0,0.0,0.0,0.0,0.0
O=C(CCC(=O)N1CCN(C2CCCC2)CC1)c1ccc(Cl)cc1,0.0,8.92,0.0,0.0,0.0,0.0,0.0,0.0,0.0,0.0,0.0,0.0,8.92,0.0,0.0,0.0,0.0,0.0,0.0,0.0,0.0,0.0,0.0,0.0,0.0,0.0,0.0
O=C(CCCc1ccc(I)cc1)OCCCc1c[nH]cn1,0.0,0.0,0.0,0.0,0.0,0.0,0.0,0.0,0.0,0.0,0.0,0.0,7.39,0.0,0.0,0.0,0.0,0.0,0.0,0.0,0.0,0.0,0.0,0.0,0.0,0.0,0.0
O=C(CCN1CCC(Cc2c[nH]cn2)CC1)Nc1ccc(Cl)cc1,0.0,0.0,0.0,0.0,0.0,0.0,0.0,0.0,0.0,0.0,0.0,0.0,0.0,0.0,0.0,0.0,0.0,0.0,0.0,8.77,0.0,0.0,0.0,0.0,0.0,0.0,0.0
O=C(CCN1CCC(Cc2c[nH]cn2)CC1)Nc1cccc(Cl)c1,0.0,0.0,0.0,0.0,0.0,0.0,0.0,0.0,0.0,0.0,0.0,0.0,0.0,0.0,0.0,0.0,0.0,0.0,0.0,9.4,0.0,0.0,0.0,0.0,0.0,0.0,0.0
O=C(CCN1CCC(Cc2c[nH]cn2)CC1)Nc1cccc(F)c1,0.0,0.0,0.0,0.0,0.0,0.0,0.0,0.0,0.0,0.0,0.0,0.0,0.0,0.0,0.0,0.0,0.0,0.0,0.0,8.72,0.0,0.0,0.0,0.0,0.0,0.0,0.0
O=C(CCc1ccc(OCCCN2CCCCC2)cc1)c1ccc(OCCCN2CCCCC2)cc1,0.0,0.0,0.0,0.0,9.19,0.0,0.0,0.0,0.0,0.0,0.0,0.0,0.0,0.0,0.0,0.0,0.0,0.0,0.0,0.0,0.0,0.0,0.0,0.0,0.0,0.0,0.0
O=C(CN1CCC(F)(F)CC1)Nc1ccc(OC2CCN(C3CCC3)CC2)cc1,0.0,0.0,0.0,0.0,0.0,0.0,0.0,0.0,0.0,0.0,0.0,0.0,0.0,0.0,0.0,0.0,7.63,0.0,0.0,0.0,0.0,0.0,0.0,0.0,0.0,0.0,0.0
O=C(CN1CCC(F)CC1)Nc1ccc(OC2CCN(C3CCCC3)CC2)cc1,0.0,0.0,0.0,0.0,0.0,0.0,0.0,0.0,0.0,0.0,0.0,0.0,0.0,0.0,0.0,0.0,7.96,0.0,0.0,0.0,0.0,0.0,0.0,0.0,0.0,0.0,0.0
O=C(CN1CCC(O)CC1)Nc1ccc(OC2CCN(C3CCC3)CC2)cc1,0.0,0.0,0.0,0.0,0.0,0.0,0.0,0.0,0.0,0.0,0.0,0.0,0.0,0.0,0.0,0.0,8.19,0.0,0.0,0.0,0.0,0.0,0.0,0.0,0.0,0.0,0.0
O=C(CN1CCCC1)Nc1ccc(OC2CCN(C3CCC3)CC2)cc1,0.0,0.0,0.0,0.0,0.0,0.0,0.0,0.0,0.0,0.0,0.0,0.0,0.0,0.0,0.0,0.0,8.96,0.0,0.0,0.0,0.0,0.0,0.0,0.0,0.0,0.0,0.0
O=C(CN1CCCC1)Nc1ccc(OC2CCN(C3CCC3)CC2)cc1C(F)(F)F,0.0,0.0,0.0,0.0,0.0,0.0,0.0,0.0,0.0,0.0,0.0,0.0,0.0,0.0,0.0,0.0,7.57,0.0,0.0,0.0,0.0,0.0,0.0,0.0,0.0,0.0,0.0
O=C(CN1CCCC1)Nc1ccc(OC2CCN(C3CCCC3)CC2)cc1,0.0,0.0,0.0,0.0,0.0,0.0,0.0,0.0,0.0,0.0,0.0,0.0,0.0,0.0,0.0,0.0,8.42,0.0,0.0,0.0,0.0,0.0,0.0,0.0,0.0,0.0,0.0
O=C(CN1CCCC1CO)Nc1ccc(OC2CCN(C3CCC3)CC2)cc1,0.0,0.0,0.0,0.0,0.0,0.0,0.0,0.0,0.0,0.0,0.0,0.0,0.0,0.0,0.0,0.0,8.92,0.0,0.0,0.0,0.0,0.0,0.0,0.0,0.0,0.0,0.0
O=C(CN1CCCCC1)Nc1ccc(OC2CCN(C3CCC3)CC2)cc1,0.0,0.0,0.0,0.0,0.0,0.0,0.0,0.0,0.0,0.0,0.0,0.0,0.0,0.0,0.0,0.0,8.32,0.0,0.0,0.0,0.0,0.0,0.0,0.0,0.0,0.0,0.0
O=C(CN1CCCCC1)Nc1ccc(OC2CCN(C3CCC3)CC2)cc1C(F)(F)F,0.0,0.0,0.0,0.0,0.0,0.0,0.0,0.0,0.0,0.0,0.0,0.0,0.0,0.0,0.0,0.0,7.83,0.0,0.0,0.0,0.0,0.0,0.0,0.0,0.0,0.0,0.0
O=C(CN1CCCCC1)Nc1ccc(OC2CCN(C3CCCC3)CC2)cc1,0.0,0.0,0.0,0.0,0.0,0.0,0.0,0.0,0.0,0.0,0.0,0.0,0.0,0.0,0.0,0.0,8.39,0.0,0.0,0.0,0.0,0.0,0.0,0.0,0.0,0.0,0.0
O=C(CN1CCCCC1)c1ccc(OCCCN2CCCC2)cc1,0.0,0.0,0.0,0.0,0.0,0.0,0.0,0.0,0.0,0.0,0.0,0.0,7.5,0.0,0.0,0.0,0.0,0.0,0.0,0.0,0.0,0.0,0.0,0.0,0.0,0.0,0.0
O=C(CN1CCCCCC1)Nc1ccc(OC2CCN(C3CCC3)CC2)cc1,0.0,0.0,0.0,0.0,0.0,0.0,0.0,0.0,0.0,0.0,0.0,0.0,0.0,0.0,0.0,0.0,8.59,0.0,0.0,0.0,0.0,0.0,0.0,0.0,0.0,0.0,0.0
O=C(CN1CCCN(C2CCC2)CC1)Nc1ccc(OC2CCN(C3CCC3)CC2)cc1C(F)(F)F,0.0,0.0,0.0,0.0,0.0,0.0,0.0,0.0,0.0,0.0,0.0,0.0,0.0,0.0,0.0,0.0,8.79,0.0,0.0,0.0,0.0,0.0,0.0,0.0,0.0,0.0,0.0
O=C(CN1CCOC(CO)C1)Nc1ccc(OC2CCN(C3CCC3)CC2)cc1,0.0,0.0,0.0,0.0,0.0,0.0,0.0,0.0,0.0,0.0,0.0,0.0,0.0,0.0,0.0,0.0,8.39,0.0,0.0,0.0,0.0,0.0,0.0,0.0,0.0,0.0,0.0
O=C(CN1CCOCC1)Nc1ccc(CN2CCCC2)cc1,0.0,0.0,0.0,0.0,0.0,0.0,0.0,0.0,0.0,0.0,0.0,0.0,0.0,0.0,0.0,0.0,6.94,0.0,0.0,0.0,0.0,0.0,0.0,0.0,0.0,0.0,0.0
O=C(CN1CCOCC1)Nc1ccc(N2CCN(C3CCC3)CC2)cc1,0.0,0.0,0.0,0.0,0.0,0.0,0.0,0.0,0.0,0.0,0.0,0.0,0.0,0.0,0.0,0.0,6.27,0.0,0.0,0.0,0.0,0.0,0.0,0.0,0.0,0.0,0.0
O=C(CN1CCOCC1)Nc1ccc(OC2CCN(C3CCC3)CC2)c(F)c1,0.0,0.0,0.0,0.0,0.0,0.0,0.0,0.0,0.0,0.0,0.0,0.0,0.0,0.0,0.0,0.0,7.21,0.0,0.0,0.0,0.0,0.0,0.0,0.0,0.0,0.0,0.0
O=C(CN1CCOCC1)Nc1ccc(OC2CCN(C3CCC3)CC2)cc1,0.0,0.0,0.0,0.0,0.0,0.0,0.0,0.0,0.0,0.0,0.0,0.0,0.0,0.0,0.0,0.0,8.06,0.0,0.0,0.0,0.0,0.0,0.0,0.0,0.0,0.0,0.0
O=C(CN1CCOCC1)Nc1ccc(OC2CCN(C3CCC3)CC2)cc1C(F)(F)F,0.0,0.0,0.0,0.0,0.0,0.0,0.0,0.0,0.0,0.0,0.0,0.0,0.0,0.0,0.0,0.0,7.12,0.0,0.0,0.0,0.0,0.0,0.0,0.0,0.0,0.0,0.0
O=C(CN1CCOCC1)Nc1ccc(OC2CCN(C3CCC3)CC2)cc1F,0.0,0.0,0.0,0.0,0.0,0.0,0.0,0.0,0.0,0.0,0.0,0.0,0.0,0.0,0.0,0.0,7.83,0.0,0.0,0.0,0.0,0.0,0.0,0.0,0.0,0.0,0.0
O=C(CN1CCOCC1)Nc1ccc(OC2CCN(C3CCCC3)CC2)cc1,0.0,0.0,0.0,0.0,0.0,0.0,0.0,0.0,0.0,0.0,0.0,0.0,0.0,0.0,0.0,0.0,7.52,0.0,0.0,0.0,0.0,0.0,0.0,0.0,0.0,0.0,0.0
O=C(CN1CCOCC1)Nc1cccc(OC2CCN(C3CCC3)CC2)c1,0.0,0.0,0.0,0.0,0.0,0.0,0.0,0.0,0.0,0.0,0.0,0.0,0.0,0.0,0.0,0.0,6.67,0.0,0.0,0.0,0.0,0.0,0.0,0.0,0.0,0.0,0.0
O=C(CN1CCOCC1)c1ccc(OCCCN2CCCC2)cc1,0.0,0.0,0.0,0.0,0.0,0.0,0.0,0.0,0.0,0.0,0.0,0.0,6.97,0.0,0.0,0.0,0.0,0.0,0.0,0.0,0.0,0.0,0.0,0.0,0.0,0.0,0.0
O=C(CN1CCOCC1)c1ccc(OCCCN2CCCCC2)cc1,0.0,0.0,0.0,0.0,0.0,0.0,0.0,0.0,0.0,0.0,0.0,0.0,7.18,0.0,0.0,0.0,0.0,0.0,0.0,0.0,0.0,0.0,0.0,0.0,0.0,0.0,0.0
O=C(CN1CCS(=O)(=O)CC1)Nc1ccc(OC2CCN(C3CCC3)CC2)cc1,0.0,0.0,0.0,0.0,0.0,0.0,0.0,0.0,0.0,0.0,0.0,0.0,0.0,0.0,0.0,0.0,8.04,0.0,0.0,0.0,0.0,0.0,0.0,0.0,0.0,0.0,0.0
O=C(Cc1cccnc1)Nc1ccc(OC2CCN(C3CCC3)CC2)cc1,0.0,0.0,0.0,0.0,0.0,0.0,0.0,0.0,0.0,0.0,0.0,0.0,0.0,0.0,0.0,0.0,7.8,0.0,0.0,0.0,0.0,0.0,0.0,0.0,0.0,0.0,0.0
O=C(Cc1ccncc1)Nc1ccc(OC2CCN(C3CCC3)CC2)cc1,0.0,0.0,0.0,0.0,0.0,0.0,0.0,0.0,0.0,0.0,0.0,0.0,0.0,0.0,0.0,0.0,8.02,0.0,0.0,0.0,0.0,0.0,0.0,0.0,0.0,0.0,0.0
O=C(N1CCCN(C2CCC2)CC1)C1(Cc2ccc(C(F)(F)F)cc2)CCCN1,0.0,0.0,0.0,0.0,0.0,0.0,0.0,0.0,0.0,0.0,0.0,0.0,6.7,0.0,0.0,0.0,0.0,0.0,0.0,0.0,0.0,0.0,0.0,0.0,0.0,0.0,0.0
O=C(N1CCCN(C2CCC2)CC1)C1(Cc2ccc(F)cc2)CCCN1,0.0,0.0,0.0,0.0,0.0,0.0,0.0,0.0,0.0,0.0,0.0,0.0,7.8,0.0,0.0,0.0,0.0,0.0,0.0,0.0,0.0,0.0,0.0,0.0,0.0,0.0,0.0
O=C(N1CCCN(C2CCC2)CC1)C1(Cc2cccc(F)c2)CCCN1,0.0,0.0,0.0,0.0,0.0,0.0,0.0,0.0,0.0,0.0,0.0,0.0,7.36,0.0,0.0,0.0,0.0,0.0,0.0,0.0,0.0,0.0,0.0,0.0,0.0,0.0,0.0
O=C(N1CCCN(C2CCC2)CC1)C1(Cc2ccccc2)CCCN1,0.0,0.0,0.0,0.0,0.0,0.0,0.0,0.0,0.0,0.0,0.0,0.0,7.96,0.0,0.0,0.0,0.0,0.0,0.0,0.0,0.0,0.0,0.0,0.0,0.0,0.0,0.0
O=C(N1CCN(C2CC2)CC1)N1Cc2ccccc2C1,0.0,0.0,0.0,0.0,0.0,0.0,0.0,0.0,0.0,0.0,0.0,0.0,7.35,0.0,0.0,0.0,0.0,0.0,0.0,0.0,0.0,0.0,0.0,0.0,7.35,0.0,0.0
O=C(N1CCN(C2CCCC2)CC1)N1Cc2ccccc2C1,0.0,0.0,0.0,0.0,0.0,0.0,0.0,0.0,0.0,0.0,0.0,0.0,7.64,0.0,0.0,0.0,0.0,0.0,0.0,0.0,0.0,0.0,0.0,0.0,7.64,0.0,0.0
O=C(N1CCOCC1)N1CCC(Oc2ccc3c(c2)CCN(C2CCC2)CC3)CC1,0.0,0.0,0.0,0.0,0.0,0.0,0.0,0.0,0.0,0.0,9.0,0.0,0.0,0.0,0.0,0.0,0.0,0.0,0.0,0.0,0.0,0.0,0.0,0.0,0.0,0.0,0.0
O=C(N1Cc2ccccc2C1)N1CCCC1CN1CCCC1,0.0,0.0,0.0,0.0,0.0,0.0,0.0,0.0,0.0,0.0,0.0,0.0,7.03,0.0,0.0,0.0,0.0,0.0,0.0,0.0,0.0,0.0,0.0,0.0,7.03,0.0,0.0
O=C(NC(c1ccc(Cl)cc1)c1ccc(Cl)cc1)OCCCc1c[nH]cn1,0.0,0.0,0.0,0.0,0.0,0.0,0.0,0.0,0.0,0.0,0.0,0.0,6.59,0.0,0.0,0.0,0.0,0.0,0.0,0.0,0.0,0.0,0.0,0.0,0.0,0.0,0.0
O=C(NC1CC1)c1ccc(-c2ccc3c(c2)CCN(CCN2CCCC2)C3=O)cc1,0.0,0.0,0.0,0.0,0.0,0.0,0.0,0.0,0.0,0.0,0.0,0.0,0.0,0.0,0.0,0.0,0.0,0.0,0.0,0.0,0.0,0.0,0.0,0.0,0.0,0.0,8.57
O=C(NC1CCC1)c1ccc(-c2ccc3c(c2)CCN(CCN2CCCC2)C3=O)cc1,0.0,0.0,0.0,0.0,0.0,0.0,0.0,0.0,0.0,0.0,0.0,0.0,0.0,0.0,0.0,0.0,0.0,0.0,0.0,0.0,0.0,0.0,0.0,0.0,0.0,0.0,8.68
O=C(NC1CCCC1)c1ccc(-c2ccc3c(c2)CCN(CCN2CCCC2)C3=O)cc1,0.0,0.0,0.0,0.0,0.0,0.0,0.0,0.0,0.0,0.0,0.0,0.0,0.0,0.0,0.0,0.0,0.0,0.0,0.0,0.0,0.0,0.0,0.0,0.0,0.0,0.0,8.72
O=C(NC1CCN(C2CCC2)CC1)c1ccc(OC2CCN(C3CCC3)CC2)cc1Cl,0.0,0.0,0.0,0.0,0.0,0.0,0.0,0.0,0.0,0.0,0.0,0.0,8.17,0.0,0.0,0.0,0.0,0.0,0.0,0.0,0.0,0.0,0.0,0.0,0.0,0.0,0.0
O=C(NC1CCN(Cc2ccc(OCCCN3CCCCC3)cc2)C1)c1ccc2c(c1)OCO2,0.0,0.0,0.0,0.0,0.0,0.0,0.0,0.0,0.0,0.0,10.6,0.0,0.0,0.0,0.0,0.0,0.0,0.0,0.0,0.0,0.0,0.0,0.0,0.0,0.0,0.0,0.0
O=C(NC1Cc2ccccc2C1)N1CCCC1CN1CCCC1,0.0,0.0,0.0,0.0,0.0,0.0,0.0,0.0,0.0,0.0,0.0,0.0,0.0,0.0,0.0,0.0,0.0,0.0,0.0,0.0,0.0,0.0,0.0,0.0,7.28,0.0,0.0
O=C(NC1Cc2ccccc2C1)N1CCN(C2CCCC2)CC1,0.0,0.0,0.0,0.0,0.0,0.0,0.0,0.0,0.0,0.0,0.0,0.0,0.0,0.0,0.0,0.0,0.0,0.0,0.0,0.0,0.0,0.0,0.0,0.0,7.54,0.0,0.0
O=C(NCC1CCCCC1)N1CCCC1CN1CCCC1,0.0,0.0,0.0,0.0,0.0,0.0,0.0,0.0,0.0,0.0,0.0,0.0,0.0,0.0,0.0,0.0,0.0,0.0,0.0,0.0,0.0,0.0,0.0,0.0,6.34,0.0,0.0
O=C(NCCC1=CCCCC1)OCCCc1c[nH]cn1,0.0,0.0,0.0,0.0,0.0,0.0,0.0,0.0,0.0,0.0,0.0,0.0,0.0,0.0,0.0,0.0,7.58,0.0,0.0,0.0,0.0,0.0,0.0,0.0,0.0,0.0,0.0
O=C(NCCC1CC1)OCCCc1c[nH]cn1,0.0,0.0,0.0,0.0,0.0,0.0,0.0,0.0,0.0,0.0,0.0,0.0,0.0,0.0,0.0,0.0,7.77,0.0,0.0,0.0,0.0,0.0,0.0,0.0,0.0,0.0,0.0
O=C(NCCC1CCCCC1)OCCCc1c[nH]cn1,0.0,0.0,0.0,0.0,0.0,0.0,0.0,0.0,0.0,0.0,0.0,0.0,0.0,0.0,0.0,0.0,7.6,0.0,0.0,0.0,0.0,0.0,0.0,0.0,0.0,0.0,0.0
O=C(NCCCC1CCCCC1)OCCCc1c[nH]cn1,0.0,0.0,0.0,0.0,0.0,0.0,0.0,0.0,0.0,0.0,0.0,0.0,0.0,0.0,0.0,0.0,7.07,0.0,0.0,0.0,0.0,0.0,0.0,0.0,0.0,0.0,0.0
O=C(NCCCCC1CCCCC1)OCCCc1c[nH]cn1,0.0,0.0,0.0,0.0,0.0,0.0,0.0,0.0,0.0,0.0,0.0,0.0,0.0,0.0,0.0,0.0,6.71,0.0,0.0,0.0,0.0,0.0,0.0,0.0,0.0,0.0,0.0
O=C(NCCCCOc1ccccc1)OCCCc1c[nH]cn1,0.0,0.0,0.0,0.0,0.0,0.0,0.0,0.0,0.0,0.0,0.0,0.0,0.0,0.0,0.0,0.0,5.98,0.0,0.0,0.0,0.0,0.0,0.0,0.0,0.0,0.0,0.0
O=C(NCCCN1CCN(c2ccncc2)CC1)c1cc2ccccc2o1,0.0,0.0,0.0,0.0,0.0,0.0,0.0,0.0,0.0,0.0,0.0,0.0,6.04,0.0,0.0,0.0,0.0,0.0,0.0,0.0,0.0,0.0,0.0,0.0,0.0,0.0,0.0
O=C(NCCCOc1ccccc1)OCCCc1c[nH]cn1,0.0,0.0,0.0,0.0,0.0,0.0,0.0,0.0,0.0,0.0,0.0,0.0,0.0,0.0,0.0,0.0,5.89,0.0,0.0,0.0,0.0,0.0,0.0,0.0,0.0,0.0,0.0
O=C(NCCN1CCCC1)c1ccc(OC2CCN(C3CCC3)CC2)cc1,0.0,0.0,0.0,0.0,0.0,0.0,0.0,0.0,0.0,0.0,0.0,0.0,0.0,0.0,0.0,0.0,8.54,0.0,0.0,0.0,0.0,0.0,0.0,0.0,0.0,0.0,0.0
O=C(NCCN1CCCC1)c1ccc(OC2CCN(C3CCCC3)CC2)cc1,0.0,0.0,0.0,0.0,0.0,0.0,0.0,0.0,0.0,0.0,0.0,0.0,0.0,0.0,0.0,0.0,8.62,0.0,0.0,0.0,0.0,0.0,0.0,0.0,0.0,0.0,0.0
O=C(NCCN1CCCCC1)c1ccc(OC2CCN(C3CCC3)CC2)cc1,0.0,0.0,0.0,0.0,0.0,0.0,0.0,0.0,0.0,0.0,0.0,0.0,0.0,0.0,0.0,0.0,8.49,0.0,0.0,0.0,0.0,0.0,0.0,0.0,0.0,0.0,0.0
O=C(NCCN1CCOCC1)c1ccc(OC2CCN(C3CCC3)CC2)cc1,0.0,0.0,0.0,0.0,0.0,0.0,0.0,0.0,0.0,0.0,0.0,0.0,0.0,0.0,0.0,0.0,8.55,0.0,0.0,0.0,0.0,0.0,0.0,0.0,0.0,0.0,0.0
O=C(NCCOc1ccccc1Cl)OCCCc1c[nH]cn1,0.0,0.0,0.0,0.0,0.0,0.0,0.0,0.0,0.0,0.0,0.0,0.0,0.0,0.0,0.0,0.0,6.15,0.0,0.0,0.0,0.0,0.0,0.0,0.0,0.0,0.0,0.0
O=C(NCCc1ccc(Cl)cc1)OCCCc1c[nH]cn1,0.0,0.0,0.0,0.0,0.0,0.0,0.0,0.0,0.0,0.0,0.0,0.0,0.0,0.0,0.0,0.0,6.37,0.0,0.0,0.0,0.0,0.0,0.0,0.0,0.0,0.0,0.0
O=C(NCCc1ccc(OCCN2CCC(F)C2)c(Br)c1)c1cc(Br)cs1,0.0,0.0,0.0,0.0,0.0,0.0,0.0,0.0,0.0,0.0,0.0,0.0,5.96,0.0,0.0,0.0,0.0,0.0,0.0,0.0,0.0,0.0,0.0,0.0,0.0,0.0,0.0
O=C(NCCc1ccc(OCCN2CCCC2)c(Br)c1)c1cc(Br)c[nH]1,0.0,0.0,0.0,0.0,0.0,0.0,0.0,0.0,0.0,0.0,0.0,0.0,6.72,0.0,0.0,0.0,0.0,0.0,0.0,0.0,0.0,0.0,0.0,0.0,0.0,0.0,0.0
O=C(NCCc1ccc(OCCN2CCCC2)c(Br)c1)c1cc(Br)cs1,0.0,0.0,0.0,0.0,0.0,0.0,0.0,0.0,0.0,0.0,0.0,0.0,7.1,0.0,0.0,0.0,0.0,0.0,0.0,0.0,0.0,0.0,0.0,0.0,0.0,0.0,0.0
O=C(NCCc1ccc(OCCN2CCCC2)c(Br)c1)c1ccc(Br)o1,0.0,0.0,0.0,0.0,0.0,0.0,0.0,0.0,0.0,0.0,0.0,0.0,6.77,0.0,0.0,0.0,0.0,0.0,0.0,0.0,0.0,0.0,0.0,0.0,0.0,0.0,0.0
O=C(NCCc1ccc(OCCN2CCCC2)c(Br)c1)c1ccc[nH]1,0.0,0.0,0.0,0.0,0.0,0.0,0.0,0.0,0.0,0.0,0.0,0.0,6.82,0.0,0.0,0.0,0.0,0.0,0.0,0.0,0.0,0.0,0.0,0.0,0.0,0.0,0.0
O=C(NCCc1ccc(OCCN2CCCC2)c(Br)c1)c1cccc(Br)c1,0.0,0.0,0.0,0.0,0.0,0.0,0.0,0.0,0.0,0.0,0.0,0.0,6.68,0.0,0.0,0.0,0.0,0.0,0.0,0.0,0.0,0.0,0.0,0.0,0.0,0.0,0.0
O=C(NCCc1ccc(OCCN2CCCC2)c(Br)c1)c1cccc(C(F)(F)F)c1,0.0,0.0,0.0,0.0,0.0,0.0,0.0,0.0,0.0,0.0,0.0,0.0,6.36,0.0,0.0,0.0,0.0,0.0,0.0,0.0,0.0,0.0,0.0,0.0,0.0,0.0,0.0
O=C(NCCc1ccc(OCCN2CCCC2)c(Br)c1)c1cccc(C(F)(F)F)n1,0.0,0.0,0.0,0.0,0.0,0.0,0.0,0.0,0.0,0.0,0.0,0.0,6.57,0.0,0.0,0.0,0.0,0.0,0.0,0.0,0.0,0.0,0.0,0.0,0.0,0.0,0.0
O=C(NCCc1ccc(OCCN2CCCC2)c(Br)c1)c1cccc(Cl)c1,0.0,0.0,0.0,0.0,0.0,0.0,0.0,0.0,0.0,0.0,0.0,0.0,6.6,0.0,0.0,0.0,0.0,0.0,0.0,0.0,0.0,0.0,0.0,0.0,0.0,0.0,0.0
O=C(NCCc1ccc(OCCN2CCCC2)c(Br)c1)c1cnco1,0.0,0.0,0.0,0.0,0.0,0.0,0.0,0.0,0.0,0.0,0.0,0.0,7.52,0.0,0.0,0.0,0.0,0.0,0.0,0.0,0.0,0.0,0.0,0.0,0.0,0.0,0.0
O=C(NCCc1ccc(OCCN2CCCC2)c(Br)c1)c1cncs1,0.0,0.0,0.0,0.0,0.0,0.0,0.0,0.0,0.0,0.0,0.0,0.0,6.92,0.0,0.0,0.0,0.0,0.0,0.0,0.0,0.0,0.0,0.0,0.0,0.0,0.0,0.0
O=C(NCCc1ccc(OCCN2CCCC2)c(Br)c1)c1nccs1,0.0,0.0,0.0,0.0,0.0,0.0,0.0,0.0,0.0,0.0,0.0,0.0,7.52,0.0,0.0,0.0,0.0,0.0,0.0,0.0,0.0,0.0,0.0,0.0,0.0,0.0,0.0
O=C(NCCc1ccc(OCCN2CCCC2)c(Br)c1)c1nnc[nH]1,0.0,0.0,0.0,0.0,0.0,0.0,0.0,0.0,0.0,0.0,0.0,0.0,6.37,0.0,0.0,0.0,0.0,0.0,0.0,0.0,0.0,0.0,0.0,0.0,0.0,0.0,0.0
O=C(NCCc1ccc(OCCN2CCOCC2)c(Br)c1)c1cc(Br)c[nH]1,0.0,0.0,0.0,0.0,0.0,0.0,0.0,0.0,0.0,0.0,0.0,0.0,4.89,0.0,0.0,0.0,0.0,0.0,0.0,0.0,0.0,0.0,0.0,0.0,0.0,0.0,0.0
O=C(NCCc1ccc(OCCN2CCOCC2)c(Br)c1)c1cc(Br)cs1,0.0,0.0,0.0,0.0,0.0,0.0,0.0,0.0,0.0,0.0,0.0,0.0,4.87,0.0,0.0,0.0,0.0,0.0,0.0,0.0,0.0,0.0,0.0,0.0,0.0,0.0,0.0
O=C(NCCc1ccc(OCCN2CCOCC2)c(Br)c1)c1ccc(Br)o1,0.0,0.0,0.0,0.0,0.0,0.0,0.0,0.0,0.0,0.0,0.0,0.0,4.49,0.0,0.0,0.0,0.0,0.0,0.0,0.0,0.0,0.0,0.0,0.0,0.0,0.0,0.0
O=C(NCCc1ccc(OCCN2CCOCC2)c(Br)c1)c1ccc[nH]1,0.0,0.0,0.0,0.0,0.0,0.0,0.0,0.0,0.0,0.0,0.0,0.0,4.58,0.0,0.0,0.0,0.0,0.0,0.0,0.0,0.0,0.0,0.0,0.0,0.0,0.0,0.0
O=C(NCCc1ccccc1)N1CCCC1CN1CCCC1,0.0,0.0,0.0,0.0,0.0,0.0,0.0,0.0,0.0,0.0,0.0,0.0,0.0,0.0,0.0,0.0,0.0,0.0,0.0,0.0,0.0,0.0,0.0,0.0,6.65,0.0,0.0
O=C(NCc1cc(Cl)cc(Cl)c1)N(c1ccc(Br)cc1)C1CCN(C2CCCC2)CC1,0.0,0.0,0.0,0.0,0.0,0.0,0.0,0.0,0.0,0.0,0.0,0.0,0.0,0.0,0.0,0.0,0.0,0.0,0.0,0.0,0.0,0.0,0.0,0.0,7.44,0.0,0.0
O=C(NCc1ccc(-c2ccccc2)cc1)N1CCCC1CN1CCCC1,0.0,0.0,0.0,0.0,0.0,0.0,0.0,0.0,0.0,0.0,0.0,0.0,0.0,0.0,0.0,0.0,0.0,0.0,0.0,0.0,0.0,0.0,0.0,0.0,7.06,0.0,0.0
O=C(NCc1ccc(C(F)(F)F)cc1)N1CCCC1CN1CCCC1,0.0,0.0,0.0,0.0,0.0,0.0,0.0,0.0,0.0,0.0,0.0,0.0,6.79,0.0,0.0,0.0,0.0,0.0,0.0,0.0,0.0,0.0,0.0,0.0,6.79,0.0,0.0
O=C(NCc1ccc(Cl)c(Cl)c1)N(c1ccc(Br)cc1)C1CCN(C2CCCC2)CC1,0.0,0.0,0.0,0.0,0.0,0.0,0.0,0.0,0.0,0.0,0.0,0.0,0.0,0.0,0.0,0.0,0.0,0.0,0.0,0.0,0.0,0.0,0.0,0.0,6.72,0.0,0.0
O=C(NCc1ccc(Cl)c(Cl)c1)N1CCCC1CN1CCCC1,0.0,0.0,0.0,0.0,0.0,0.0,0.0,0.0,0.0,0.0,0.0,0.0,0.0,0.0,0.0,0.0,0.0,0.0,0.0,0.0,0.0,0.0,0.0,0.0,7.33,0.0,0.0
O=C(NCc1ccc(Cl)c(Cl)c1)N1CCN(C2CCCC2)CC1,0.0,0.0,0.0,0.0,0.0,0.0,0.0,0.0,0.0,0.0,0.0,0.0,0.0,0.0,0.0,0.0,0.0,0.0,0.0,0.0,0.0,0.0,0.0,0.0,7.82,0.0,0.0
O=C(NCc1ccc(Cl)cc1)N1CCCC1CN1CCCC1,0.0,0.0,0.0,0.0,0.0,0.0,0.0,0.0,0.0,0.0,0.0,0.0,0.0,0.0,0.0,0.0,0.0,0.0,0.0,0.0,0.0,0.0,0.0,0.0,6.78,0.0,0.0
O=C(NCc1ccc(F)cc1)N(c1ccc(Br)cc1)C1CCN(C2CCCC2)CC1,0.0,0.0,0.0,0.0,0.0,0.0,0.0,0.0,0.0,0.0,0.0,0.0,8.15,0.0,0.0,0.0,0.0,0.0,0.0,0.0,0.0,0.0,0.0,0.0,8.15,0.0,0.0
O=C(NCc1ccc(F)cc1)N(c1ccc(Br)cc1)C1CCN(CCO)CC1,0.0,0.0,0.0,0.0,0.0,0.0,0.0,0.0,0.0,0.0,0.0,0.0,7.17,0.0,0.0,0.0,0.0,0.0,0.0,0.0,0.0,0.0,0.0,0.0,7.17,0.0,0.0
O=C(NCc1ccc(F)cc1)N(c1ccc(Cl)cc1)C1CCN(CCO)CC1,0.0,0.0,0.0,0.0,0.0,0.0,0.0,0.0,0.0,0.0,0.0,0.0,7.07,0.0,0.0,0.0,0.0,0.0,0.0,0.0,0.0,0.0,0.0,0.0,7.07,0.0,0.0
O=C(NCc1ccc(F)cc1)N(c1ccc(Cl)cc1)C1CCN(Cc2ccnc(O)c2)CC1,0.0,0.0,0.0,0.0,0.0,0.0,0.0,0.0,0.0,0.0,0.0,0.0,0.0,0.0,0.0,0.0,0.0,0.0,0.0,0.0,0.0,0.0,0.0,0.0,6.21,0.0,0.0
O=C(NCc1ccc(F)cc1)N(c1ccc(Cl)cc1)C1CCN(Cc2ccncc2)CC1,0.0,0.0,0.0,0.0,0.0,0.0,0.0,0.0,0.0,0.0,0.0,0.0,7.8,0.0,0.0,0.0,0.0,0.0,0.0,0.0,0.0,0.0,0.0,0.0,7.8,0.0,0.0
O=C(NCc1ccc(F)cc1)N(c1ccc(Cl)cc1)C1CCN(Cc2ccnnc2)CC1,0.0,0.0,0.0,0.0,0.0,0.0,0.0,0.0,0.0,0.0,0.0,0.0,7.31,0.0,0.0,0.0,0.0,0.0,0.0,0.0,0.0,0.0,0.0,0.0,7.31,0.0,0.0
O=C(NCc1ccc(OC(F)(F)F)cc1)N1CCCC1CN1CCCC1,0.0,0.0,0.0,0.0,0.0,0.0,0.0,0.0,0.0,0.0,0.0,0.0,0.0,0.0,0.0,0.0,0.0,0.0,0.0,0.0,0.0,0.0,0.0,0.0,6.92,0.0,0.0
O=C(NCc1ccc(Oc2ccccc2)cc1)N1CCCC1CN1CCCC1,0.0,0.0,0.0,0.0,0.0,0.0,0.0,0.0,0.0,0.0,0.0,0.0,0.0,0.0,0.0,0.0,0.0,0.0,0.0,0.0,0.0,0.0,0.0,0.0,7.47,0.0,0.0
O=C(NCc1ccc(Oc2ccccc2)cc1)N1CCN(C2CCCC2)CC1,0.0,0.0,0.0,0.0,0.0,0.0,0.0,0.0,0.0,0.0,0.0,0.0,0.0,0.0,0.0,0.0,0.0,0.0,0.0,0.0,0.0,0.0,0.0,0.0,7.42,0.0,0.0
O=C(NCc1cccc(C(F)(F)F)c1)N1CCCC1CN1CCCC1,0.0,0.0,0.0,0.0,0.0,0.0,0.0,0.0,0.0,0.0,0.0,0.0,0.0,0.0,0.0,0.0,0.0,0.0,0.0,0.0,0.0,0.0,0.0,0.0,6.93,0.0,0.0
O=C(NCc1ccccc1)N(c1ccc(Br)cc1)C1CCN(C2CCCC2)CC1,0.0,0.0,0.0,0.0,0.0,0.0,0.0,0.0,0.0,0.0,0.0,0.0,8.0,0.0,0.0,0.0,0.0,0.0,0.0,0.0,0.0,0.0,0.0,0.0,8.0,0.0,0.0
O=C(NCc1ccccc1)N(c1ccc(Br)cc1)C1CCN(Cc2ccncc2)CC1,0.0,0.0,0.0,0.0,0.0,0.0,0.0,0.0,0.0,0.0,0.0,0.0,8.7,0.0,0.0,0.0,0.0,0.0,0.0,0.0,0.0,0.0,0.0,0.0,8.7,0.0,0.0
O=C(NCc1ccccc1)N(c1ccc(Br)cc1)C1CCN(Cc2ccnnc2)CC1,0.0,0.0,0.0,0.0,0.0,0.0,0.0,0.0,0.0,0.0,0.0,0.0,8.0,0.0,0.0,0.0,0.0,0.0,0.0,0.0,0.0,0.0,0.0,0.0,8.0,0.0,0.0
O=C(NCc1ccccc1)N1CCCC1CN1CCCC1,0.0,0.0,0.0,0.0,0.0,0.0,0.0,0.0,0.0,0.0,0.0,0.0,0.0,0.0,0.0,0.0,0.0,0.0,0.0,0.0,0.0,0.0,0.0,0.0,6.71,0.0,0.0
O=C(NCc1ccccc1)N1CCN(C2CCCC2)CC1,0.0,0.0,0.0,0.0,0.0,0.0,0.0,0.0,0.0,0.0,0.0,0.0,0.0,0.0,0.0,0.0,0.0,0.0,0.0,0.0,0.0,0.0,0.0,0.0,7.03,0.0,0.0
O=C(Nc1ccc(OCCCN2CCCCC2)cc1)Nc1ccc(F)cc1F,0.0,0.0,0.0,0.0,7.28,0.0,0.0,0.0,0.0,0.0,0.0,0.0,0.0,0.0,0.0,0.0,0.0,0.0,0.0,0.0,0.0,0.0,0.0,0.0,0.0,0.0,0.0
O=C(Nc1ccccc1)N(c1ccc(Br)cc1)C1CCN(C2CCCC2)CC1,0.0,0.0,0.0,0.0,0.0,0.0,0.0,0.0,0.0,0.0,0.0,0.0,7.85,0.0,0.0,0.0,0.0,0.0,0.0,0.0,0.0,0.0,0.0,0.0,7.85,0.0,0.0
O=C(O)C1CCN(Cc2ccc(OCCCN3CCCCC3)cc2)CC1,0.0,0.0,0.0,0.0,0.0,0.0,0.0,0.0,0.0,0.0,0.0,0.0,0.0,0.0,0.0,7.89,0.0,0.0,0.0,0.0,0.0,0.0,0.0,0.0,0.0,0.0,0.0
O=C(O)C1CSC(c2ccc(OCCCN3CCCCC3)cc2)N1,0.0,0.0,0.0,0.0,0.0,0.0,0.0,0.0,0.0,0.0,0.0,0.0,0.0,0.0,0.0,8.0,0.0,0.0,0.0,0.0,0.0,0.0,0.0,0.0,0.0,0.0,0.0
O=C(O)C=Cc1ccc2cccc(N3CCN(CCc4ccc(OCCCN5CCCCCC5)cc4)CC3)c2n1,0.0,0.0,0.0,0.0,0.0,8.8,0.0,0.0,0.0,0.0,0.0,0.0,0.0,0.0,0.0,0.0,0.0,0.0,0.0,0.0,0.0,0.0,0.0,0.0,0.0,0.0,0.0
O=C(O)CCc1ccc2cc(Cc3ccccc3)cc(N3CCN(CCc4ccc(OCCCN5CCCCCC5)cc4)CC3)c2n1,0.0,0.0,0.0,0.0,0.0,9.5,0.0,0.0,0.0,0.0,0.0,0.0,0.0,0.0,0.0,0.0,0.0,0.0,0.0,0.0,0.0,0.0,0.0,0.0,0.0,0.0,0.0
O=C(O)CCc1ccc2cccc(N3CCN(CCc4ccc(OCCCN5CCCCCC5)cc4)CC3)c2n1,0.0,0.0,0.0,0.0,0.0,8.8,0.0,0.0,0.0,0.0,0.0,0.0,0.0,0.0,0.0,0.0,0.0,0.0,0.0,0.0,0.0,0.0,0.0,0.0,0.0,0.0,0.0
O=C(O)CCc1cnc2c(N3CCN(CCc4ccc(OCCCN5CCCCCC5)cc4)CC3)cccc2c1,0.0,0.0,0.0,0.0,0.0,8.9,0.0,0.0,0.0,0.0,0.0,0.0,0.0,0.0,0.0,0.0,0.0,0.0,0.0,0.0,0.0,0.0,0.0,0.0,0.0,0.0,0.0
O=C(O)c1cc(N2CCN(CCc3ccc(OCCCN4CCCCCC4)cc3)CC2)c2ncccc2c1,0.0,0.0,0.0,0.0,0.0,8.7,0.0,0.0,0.0,0.0,0.0,0.0,0.0,0.0,0.0,0.0,0.0,0.0,0.0,0.0,0.0,0.0,0.0,0.0,0.0,0.0,0.0
O=C(O)c1ccc2cccc(N3CCN(CCc4ccc(OCCCN5CCCCCC5)cc4)CC3)c2n1,0.0,0.0,0.0,0.0,0.0,9.3,0.0,0.0,0.0,0.0,0.0,0.0,0.0,0.0,0.0,0.0,0.0,0.0,0.0,0.0,0.0,0.0,0.0,0.0,0.0,0.0,0.0
O=C(O)c1ccc2cccnc2c1N1CCN(CCc2ccc(OCCCN3CCCCCC3)cc2)CC1,0.0,0.0,0.0,0.0,0.0,8.9,0.0,0.0,0.0,0.0,0.0,0.0,0.0,0.0,0.0,0.0,0.0,0.0,0.0,0.0,0.0,0.0,0.0,0.0,0.0,0.0,0.0
O=C(O)c1ccnc2c(N3CCN(CCc4ccc(OCCCN5CCCCCC5)cc4)CC3)cccc12,0.0,0.0,0.0,0.0,0.0,8.8,0.0,0.0,0.0,0.0,0.0,0.0,0.0,0.0,0.0,0.0,0.0,0.0,0.0,0.0,0.0,0.0,0.0,0.0,0.0,0.0,0.0
O=C(O)c1cn(C2CC2)c2cc(N3CCN(Cc4ccc(OCCCN5CCCCC5)cc4)CC3)c(F)cc2c1=O,0.0,0.0,0.0,0.0,0.0,0.0,0.0,0.0,0.0,0.0,0.0,0.0,0.0,0.0,0.0,8.7,0.0,0.0,0.0,0.0,0.0,0.0,0.0,0.0,0.0,0.0,0.0
O=C(O)c1cnc2c(N3CCN(CCc4ccc(OCCCN5CCCCCC5)cc4)CC3)cccc2c1,0.0,0.0,0.0,0.0,0.0,8.8,0.0,0.0,0.0,0.0,0.0,0.0,0.0,0.0,0.0,0.0,0.0,0.0,0.0,0.0,0.0,0.0,0.0,0.0,0.0,0.0,0.0
O=C(OC1CCN(c2cc[nH]c(=O)c2)CC1)N1CCN(C2CCC2)CC1,0.0,0.0,0.0,0.0,0.0,9.3,0.0,0.0,0.0,0.0,0.0,0.0,0.0,0.0,0.0,0.0,0.0,0.0,0.0,7.6,0.0,0.0,0.0,0.0,0.0,0.0,0.0
O=C(OC1CCN(c2ccc(=O)[nH]n2)CC1)N1CCN(C2CC2)CC1,0.0,0.0,0.0,0.0,0.0,8.64,0.0,0.0,0.0,0.0,0.0,0.0,0.0,0.0,0.0,0.0,0.0,0.0,0.0,7.6,0.0,0.0,0.0,0.0,0.0,0.0,0.0
O=C(OC1CCN(c2ccc(=O)[nH]n2)CC1)N1CCN(C2CCC2)CC1,0.0,0.0,0.0,0.0,0.0,8.89,0.0,0.0,0.0,0.0,0.0,0.0,0.0,0.0,0.0,0.0,0.0,0.0,0.0,7.58,0.0,0.0,0.0,0.0,0.0,0.0,0.0
O=C(OCCCN1CCN(c2ccccc2)CC1)c1cc2ccccc2o1,0.0,0.0,0.0,0.0,0.0,0.0,0.0,0.0,0.0,0.0,0.0,0.0,5.77,0.0,0.0,0.0,0.0,0.0,0.0,0.0,0.0,0.0,0.0,0.0,0.0,0.0,0.0
O=C(OCCCN1CCN(c2ccccc2)CC1)c1cccc2ccccc12,0.0,0.0,0.0,0.0,0.0,0.0,0.0,0.0,0.0,0.0,0.0,0.0,5.72,0.0,0.0,0.0,0.0,0.0,0.0,0.0,0.0,0.0,0.0,0.0,0.0,0.0,0.0
O=C(OCCCN1CCN(c2ccncc2)CC1)c1cc2ccccc2o1,0.0,0.0,0.0,0.0,0.0,0.0,0.0,0.0,0.0,0.0,0.0,0.0,6.57,0.0,0.0,0.0,0.0,0.0,0.0,0.0,0.0,0.0,0.0,0.0,0.0,0.0,0.0
O=C(OCCN1CCCC1)N1c2ccccc2Sc2ccccc21,0.0,0.0,0.0,0.0,0.0,0.0,0.0,0.0,0.0,0.0,0.0,0.0,5.22,0.0,0.0,0.0,0.0,0.0,0.0,0.0,0.0,0.0,0.0,0.0,0.0,0.0,0.0
O=C(OCCN1CCN(CCCN2c3ccccc3Sc3ccc(C(F)(F)F)cc32)CC1)c1ccc(OCCCN2CCCCC2)cc1,0.0,0.0,0.0,0.0,0.0,0.0,0.0,0.0,0.0,0.0,0.0,0.0,0.0,0.0,0.0,10.38,0.0,0.0,0.0,0.0,0.0,0.0,0.0,0.0,0.0,0.0,0.0
O=C(OCc1ccccc1)N1CCc2ccc(N3CCN(C4CCCC4)CC3)cc2C1,0.0,0.0,0.0,0.0,0.0,0.0,0.0,0.0,0.0,0.0,0.0,0.0,0.0,0.0,0.0,0.0,0.0,0.0,0.0,0.0,0.0,6.52,0.0,0.0,0.0,0.0,0.0
O=C(OCc1ccccc1)N1Cc2ccc(N3CCN(C4CCCC4)CC3)cc2C1,0.0,0.0,0.0,0.0,0.0,0.0,0.0,0.0,0.0,0.0,0.0,0.0,0.0,0.0,0.0,0.0,0.0,0.0,0.0,0.0,0.0,6.78,0.0,0.0,0.0,0.0,0.0
O=C(c1cc(F)cc(F)c1)N1CCN(c2ccc(OC3CCN(C4CCC4)CC3)cc2)C(=O)C1,0.0,0.0,0.0,0.0,0.0,9.1,0.0,0.0,0.0,0.0,0.0,0.0,0.0,0.0,0.0,0.0,0.0,0.0,0.0,0.0,0.0,0.0,0.0,0.0,0.0,0.0,0.0
O=C(c1cc(F)cc(F)c1)N1CCN(c2ccc(OC3CCN(C4CCCC4)CC3)cc2)C(=O)C1,0.0,0.0,0.0,0.0,0.0,8.6,0.0,0.0,0.0,0.0,0.0,0.0,0.0,0.0,0.0,0.0,0.0,0.0,0.0,0.0,0.0,0.0,0.0,0.0,0.0,0.0,0.0
O=C(c1cc(F)cc(F)c1)N1CCN(c2ccc(OCCCN3CCCC3)cc2)C(=O)C1,0.0,0.0,0.0,0.0,0.0,8.7,0.0,0.0,0.0,0.0,0.0,0.0,0.0,0.0,0.0,0.0,0.0,0.0,0.0,0.0,0.0,0.0,0.0,0.0,0.0,0.0,0.0
O=C(c1cc(F)cc(F)c1)N1CCN(c2ccc(OCCCN3CCCCC3)cc2)C(=O)C1,0.0,0.0,0.0,0.0,0.0,8.7,0.0,0.0,0.0,0.0,0.0,0.0,0.0,0.0,0.0,0.0,0.0,0.0,0.0,0.0,0.0,0.0,0.0,0.0,0.0,0.0,0.0
O=C(c1cc(F)cc(F)c1)N1CCN(c2ccc(OCCCN3CCCCCC3)cc2)C(=O)C1,0.0,0.0,0.0,0.0,0.0,8.3,0.0,0.0,0.0,0.0,0.0,0.0,0.0,0.0,0.0,0.0,0.0,0.0,0.0,0.0,0.0,0.0,0.0,0.0,0.0,0.0,0.0
O=C(c1cc(Oc2ccc(F)cc2)ccn1)N1CCCN(C2CCC2)CC1,0.0,8.24,0.0,0.0,0.0,0.0,0.0,0.0,0.0,0.0,0.0,0.0,0.0,0.0,0.0,0.0,0.0,0.0,0.0,0.0,0.0,0.0,0.0,0.0,0.0,0.0,0.0
O=C(c1cc(Oc2ccccc2)ccn1)N1CCCN(C2CCC2)CC1,0.0,7.39,0.0,0.0,0.0,0.0,0.0,0.0,0.0,0.0,0.0,0.0,0.0,0.0,0.0,0.0,0.0,0.0,0.0,0.0,0.0,0.0,0.0,0.0,0.0,0.0,0.0
O=C(c1cc2cc(C(F)(F)F)ccc2o1)N1CCCC1CN1CCCC1,0.0,0.0,0.0,0.0,0.0,0.0,0.0,0.0,0.0,0.0,0.0,0.0,0.0,0.0,0.0,0.0,0.0,0.0,0.0,0.0,0.0,0.0,0.0,0.0,8.4,0.0,0.0
O=C(c1cc2cc(C(F)(F)F)ccc2o1)N1CCCC1CN1CCCCC1,0.0,0.0,0.0,0.0,0.0,0.0,0.0,0.0,0.0,0.0,0.0,0.0,0.0,0.0,0.0,0.0,0.0,0.0,0.0,0.0,0.0,0.0,0.0,0.0,8.15,0.0,0.0
O=C(c1cc2cc(Cl)ccc2[nH]1)N1CCCCC1,0.0,5.2,0.0,0.0,0.0,0.0,0.0,0.0,0.0,0.0,0.0,0.0,0.0,0.0,0.0,0.0,0.0,0.0,0.0,0.0,0.0,0.0,0.0,0.0,0.0,0.0,0.0
O=C(c1cc2cc(Cl)ccc2o1)N1CCCC1CN1CCCC1,0.0,0.0,0.0,0.0,0.0,0.0,0.0,0.0,0.0,0.0,0.0,0.0,0.0,0.0,0.0,0.0,0.0,0.0,0.0,0.0,0.0,0.0,0.0,0.0,8.3,0.0,0.0
O=C(c1cc2cc(OC(F)(F)F)ccc2o1)N1CCCC1CN1CCCC1,0.0,0.0,0.0,0.0,0.0,0.0,0.0,0.0,0.0,0.0,0.0,0.0,0.0,0.0,0.0,0.0,0.0,0.0,0.0,0.0,0.0,0.0,0.0,0.0,7.96,0.0,0.0
O=C(c1cc2cc(OC3CCN(C4CC4)CC3)ccc2[nH]1)N1CCOCC1,0.0,0.0,0.0,0.0,8.7,0.0,0.0,0.0,0.0,0.0,0.0,0.0,0.0,0.0,0.0,0.0,0.0,0.0,0.0,0.0,0.0,0.0,0.0,0.0,0.0,0.0,0.0
O=C(c1cc2cc(OC3CCN(C4CC4)CC3)ccc2n1CC(F)(F)F)N1CCOCC1,0.0,0.0,0.0,0.0,8.7,0.0,0.0,0.0,0.0,0.0,0.0,0.0,0.0,0.0,0.0,0.0,0.0,0.0,0.0,0.0,0.0,0.0,0.0,0.0,0.0,0.0,0.0
O=C(c1cc2cc(OC3CCN(C4CCC4)CC3)ccc2n1CC(F)(F)F)N1CCOCC1,0.0,0.0,0.0,0.0,9.0,0.0,0.0,0.0,0.0,0.0,0.0,0.0,0.0,0.0,0.0,0.0,0.0,0.0,0.0,0.0,0.0,0.0,0.0,0.0,0.0,0.0,0.0
O=C(c1cc2cc(OC3CCN(C4COC4)CC3)ccc2n1CC(F)(F)F)N1CCOCC1,0.0,0.0,0.0,0.0,7.64,0.0,0.0,0.0,0.0,0.0,0.0,0.0,0.0,0.0,0.0,0.0,0.0,0.0,0.0,0.0,0.0,0.0,0.0,0.0,0.0,0.0,0.0
O=C(c1cc2cc(OCCCN3CCCCC3)ccc2[nH]1)N1CCOCC1,0.0,0.0,0.0,0.0,7.15,0.0,0.0,0.0,0.0,0.0,0.0,0.0,0.0,0.0,0.0,0.0,0.0,0.0,0.0,0.0,0.0,0.0,0.0,0.0,0.0,0.0,0.0
O=C(c1cc2ccc(C(F)(F)F)cc2o1)N1CCCC1CN1CCCC1,0.0,0.0,0.0,0.0,0.0,0.0,0.0,0.0,0.0,0.0,0.0,0.0,0.0,0.0,0.0,0.0,0.0,0.0,0.0,0.0,0.0,0.0,0.0,0.0,7.82,0.0,0.0
O=C(c1cc2ccc(C(F)(F)F)cc2o1)N1CCCC1CN1CCCCC1,0.0,0.0,0.0,0.0,0.0,0.0,0.0,0.0,0.0,0.0,0.0,0.0,0.0,0.0,0.0,0.0,0.0,0.0,0.0,0.0,0.0,0.0,0.0,0.0,7.66,0.0,0.0
O=C(c1cc2ccccc2[nH]1)N1CCNCC1,0.0,0.0,0.0,0.0,0.0,0.0,0.0,0.0,0.0,0.0,0.0,0.0,5.05,0.0,0.0,0.0,0.0,0.0,0.0,0.0,0.0,0.0,0.0,0.0,0.0,0.0,0.0
O=C(c1cc2ccccc2s1)N1CCCC1CN1CCCC1,0.0,0.0,0.0,0.0,0.0,0.0,0.0,0.0,0.0,0.0,0.0,0.0,0.0,0.0,0.0,0.0,0.0,0.0,0.0,0.0,0.0,0.0,0.0,0.0,8.4,0.0,0.0
O=C(c1ccc(-c2ccc(=O)[nH]n2)cc1)N1CCCC1CN1CCCC1,0.0,0.0,0.0,0.0,0.0,0.0,0.0,0.0,0.0,0.0,0.0,0.0,7.77,0.0,0.0,0.0,0.0,0.0,0.0,0.0,0.0,0.0,0.0,0.0,0.0,0.0,0.0
O=C(c1ccc(-c2ccc(=O)n(-c3ccc(F)cc3)n2)cc1)N1CCCC1CN1CCCC1,0.0,0.0,0.0,0.0,0.0,0.0,0.0,0.0,0.0,0.0,0.0,0.0,7.8,0.0,0.0,0.0,0.0,0.0,0.0,0.0,0.0,0.0,0.0,0.0,0.0,0.0,0.0
O=C(c1ccc(-c2ccc3c(c2)CCN(CCN2CCCC2)C3=O)c(F)c1)N1CCCC1,0.0,0.0,0.0,0.0,0.0,0.0,0.0,0.0,0.0,0.0,0.0,0.0,0.0,0.0,0.0,0.0,0.0,0.0,0.0,0.0,0.0,0.0,0.0,0.0,0.0,0.0,8.49
O=C(c1ccc(-c2ccc3c(c2)CCN(CCN2CCCC2)C3=O)cc1)C1CC1,0.0,0.0,0.0,0.0,0.0,0.0,0.0,0.0,0.0,0.0,0.0,0.0,0.0,0.0,0.0,0.0,0.0,0.0,0.0,0.0,0.0,0.0,0.0,0.0,0.0,0.0,8.22
O=C(c1ccc(-c2ccc3c(c2)CCN(CCN2CCCC2)C3=O)cc1)N1CCCC1,0.0,0.0,0.0,0.0,0.0,0.0,0.0,0.0,0.0,0.0,0.0,0.0,0.0,0.0,0.0,0.0,0.0,0.0,0.0,0.0,0.0,0.0,0.0,0.0,0.0,0.0,8.62
O=C(c1ccc(-c2ccc3c(c2)CCN(CCN2CCCC2)C3=O)cc1Cl)N1CCCC1,0.0,0.0,0.0,0.0,0.0,0.0,0.0,0.0,0.0,0.0,0.0,0.0,0.0,0.0,0.0,0.0,0.0,0.0,0.0,0.0,0.0,0.0,0.0,0.0,0.0,0.0,8.8
O=C(c1ccc(-c2ccc3c(c2)CCN(CCN2CCCC2)C3=O)cc1F)N1CCCC1,0.0,0.0,0.0,0.0,0.0,0.0,0.0,0.0,0.0,0.0,0.0,0.0,0.0,0.0,0.0,0.0,0.0,0.0,0.0,0.0,0.0,0.0,0.0,0.0,0.0,0.0,8.89
O=C(c1ccc(C(=O)N2CCN(c3ccc(OC4CCN(C5CCC5)CC4)cc3)C(=O)C2)cc1)N1CCC1,0.0,0.0,0.0,0.0,0.0,9.5,0.0,0.0,0.0,0.0,0.0,0.0,0.0,0.0,0.0,0.0,0.0,0.0,0.0,0.0,0.0,0.0,0.0,0.0,0.0,0.0,0.0
O=C(c1ccc(C(=O)N2CCN(c3ccc(OCCCN4CCCCC4)cc3)C(=O)C2)cc1)N1CCC1,0.0,0.0,0.0,0.0,0.0,9.2,0.0,0.0,0.0,0.0,0.0,0.0,0.0,0.0,0.0,0.0,0.0,0.0,0.0,0.0,0.0,0.0,0.0,0.0,0.0,0.0,0.0
O=C(c1ccc(CN2CCC(F)CC2)cc1)N1CCN(C2CC2)CC1,0.0,8.7,0.0,0.0,0.0,0.0,0.0,0.0,0.0,0.0,0.0,0.0,0.0,0.0,0.0,0.0,0.0,0.0,0.0,0.0,0.0,0.0,0.0,0.0,0.0,0.0,0.0
O=C(c1ccc(CN2CCC(F)CC2)cc1)N1CCN(C2CCC2)CC1,0.0,9.15,0.0,0.0,0.0,0.0,0.0,0.0,0.0,0.0,0.0,0.0,0.0,0.0,0.0,0.0,0.0,0.0,0.0,0.0,0.0,0.0,0.0,0.0,0.0,0.0,0.0
O=C(c1ccc(CN2CCOCC2)cc1)N1CCN(C2CC2)CC1,0.0,8.27,0.0,0.0,0.0,0.0,0.0,0.0,0.0,0.0,0.0,0.0,0.0,0.0,0.0,0.0,0.0,0.0,0.0,0.0,0.0,0.0,0.0,0.0,0.0,0.0,0.0
O=C(c1ccc(CN2CCOCC2)cc1)N1CCN(C2CCC2)CC1,0.0,8.89,0.0,0.0,0.0,0.0,0.0,0.0,0.0,0.0,0.0,0.0,0.0,0.0,0.0,0.0,0.0,0.0,0.0,0.0,0.0,0.0,0.0,0.0,0.0,0.0,0.0
O=C(c1ccc(Cl)cc1)N1CCC(Oc2ccc3c(c2)CCN(C2CCC2)CC3)CC1,0.0,0.0,0.0,0.0,0.0,0.0,0.0,0.0,0.0,0.0,9.3,0.0,0.0,0.0,0.0,0.0,0.0,0.0,0.0,0.0,0.0,0.0,0.0,0.0,0.0,0.0,0.0
O=C(c1ccc(Cl)cc1)N1CCN(c2ccc(OC3CCN(C4CCC4)CC3)cc2)C(=O)C1,0.0,0.0,0.0,0.0,0.0,9.2,0.0,0.0,0.0,0.0,0.0,0.0,0.0,0.0,0.0,0.0,0.0,0.0,0.0,0.0,0.0,0.0,0.0,0.0,0.0,0.0,0.0
O=C(c1ccc(Cl)cc1)N1CCN(c2ccc(OC3CCN(C4CCCC4)CC3)cc2)C(=O)C1,0.0,0.0,0.0,0.0,0.0,8.5,0.0,0.0,0.0,0.0,0.0,0.0,0.0,0.0,0.0,0.0,0.0,0.0,0.0,0.0,0.0,0.0,0.0,0.0,0.0,0.0,0.0
O=C(c1ccc(Cl)cc1)N1CCN(c2ccc(OCCCN3CCCCC3)cc2)C(=O)C1,0.0,0.0,0.0,0.0,0.0,8.7,0.0,0.0,0.0,0.0,0.0,0.0,0.0,0.0,0.0,0.0,0.0,0.0,0.0,0.0,0.0,0.0,0.0,0.0,0.0,0.0,0.0
O=C(c1ccc(Cl)cc1)c1ccc(OCCCN2CCN(c3ccncc3)CC2)cc1,0.0,0.0,0.0,0.0,0.0,0.0,0.0,0.0,0.0,0.0,0.0,0.0,0.0,0.0,0.0,0.0,0.0,0.0,7.64,0.0,0.0,0.0,0.0,0.0,0.0,0.0,0.0
O=C(c1ccc(Cn2c(-c3ccccc3)nc3ccccc32)cc1)N1CCC(N2CCCC2)C1,0.0,0.0,0.0,0.0,0.0,0.0,0.0,0.0,0.0,0.0,0.0,0.0,0.0,0.0,0.0,0.0,0.0,0.0,0.0,0.0,0.0,0.0,0.0,0.0,0.0,0.0,8.0
O=C(c1ccc(Cn2ccc3cc(Cl)ccc32)cc1)N1CCC(N2CCCC2)C1,0.0,0.0,0.0,0.0,0.0,0.0,0.0,0.0,0.0,0.0,0.0,0.0,0.0,0.0,0.0,0.0,0.0,0.0,0.0,0.0,0.0,0.0,0.0,0.0,0.0,0.0,6.89
O=C(c1ccc(Cn2ccc3ccc(Cl)cc32)cc1)N1CCC(N2CCCC2)C1,0.0,0.0,0.0,0.0,0.0,0.0,0.0,0.0,0.0,0.0,0.0,0.0,0.0,0.0,0.0,0.0,0.0,0.0,0.0,0.0,0.0,0.0,0.0,0.0,0.0,0.0,6.82
O=C(c1ccc(Cn2ccc3cccc(Cl)c32)cc1)N1CCC(N2CCCC2)C1,0.0,0.0,0.0,0.0,0.0,0.0,0.0,0.0,0.0,0.0,0.0,0.0,0.0,0.0,0.0,0.0,0.0,0.0,0.0,0.0,0.0,0.0,0.0,0.0,0.0,0.0,8.6
O=C(c1ccc(Cn2ccc3ccccc32)cc1)N1CCC(N2CCCC2)C1,0.0,0.0,0.0,0.0,0.0,0.0,0.0,0.0,0.0,0.0,0.0,0.0,0.0,0.0,0.0,0.0,0.0,0.0,0.0,0.0,0.0,0.0,0.0,0.0,0.0,0.0,7.82
O=C(c1ccc(Cn2cnc3ccccc32)cc1)N1CCC(N2CCCC2)C1,0.0,0.0,0.0,0.0,0.0,0.0,0.0,0.0,0.0,0.0,0.0,0.0,0.0,0.0,0.0,0.0,0.0,0.0,0.0,0.0,0.0,0.0,0.0,0.0,0.0,0.0,8.0
O=C(c1ccc(F)cc1)N1CCN(c2ccc(OC3CCN(C4CCC4)CC3)cc2)C(=O)C1,0.0,0.0,0.0,0.0,0.0,9.2,0.0,0.0,0.0,0.0,0.0,0.0,0.0,0.0,0.0,0.0,0.0,0.0,0.0,0.0,0.0,0.0,0.0,0.0,0.0,0.0,0.0
O=C(c1ccc(F)cc1)N1CCN(c2ccc(OC3CCN(C4CCCC4)CC3)cc2)C(=O)C1,0.0,0.0,0.0,0.0,0.0,8.6,0.0,0.0,0.0,0.0,0.0,0.0,0.0,0.0,0.0,0.0,0.0,0.0,0.0,0.0,0.0,0.0,0.0,0.0,0.0,0.0,0.0
O=C(c1ccc(F)cc1)N1CCN(c2ccc(OCCCN3CCCC3)cc2)C(=O)C1,0.0,0.0,0.0,0.0,0.0,9.1,0.0,0.0,0.0,0.0,0.0,0.0,0.0,0.0,0.0,0.0,0.0,0.0,0.0,0.0,0.0,0.0,0.0,0.0,0.0,0.0,0.0
O=C(c1ccc(F)cc1)N1CCN(c2ccc(OCCCN3CCCCC3)cc2)C(=O)C1,0.0,0.0,0.0,0.0,0.0,8.8,0.0,0.0,0.0,0.0,0.0,0.0,0.0,0.0,0.0,0.0,0.0,0.0,0.0,0.0,0.0,0.0,0.0,0.0,0.0,0.0,0.0
O=C(c1ccc(F)cc1)N1CCN(c2ccc(OCCCN3CCCCCC3)cc2)C(=O)C1,0.0,0.0,0.0,0.0,0.0,8.4,0.0,0.0,0.0,0.0,0.0,0.0,0.0,0.0,0.0,0.0,0.0,0.0,0.0,0.0,0.0,0.0,0.0,0.0,0.0,0.0,0.0
O=C(c1ccc(F)cc1)c1ccc(OCCCN2CCN(c3ccncc3)CC2)cc1,0.0,0.0,0.0,0.0,0.0,0.0,0.0,0.0,0.0,0.0,0.0,0.0,0.0,0.0,0.0,0.0,0.0,0.0,8.23,0.0,0.0,0.0,0.0,0.0,0.0,0.0,0.0
O=C(c1ccc(F)cc1)c1ccc2nc(N3CCN(C4CC4)CC3)ccc2c1,0.0,0.0,0.0,0.0,0.0,0.0,0.0,0.0,0.0,0.0,0.0,0.0,0.0,0.0,0.0,0.0,0.0,0.0,0.0,0.0,0.0,0.0,0.0,0.0,6.96,0.0,0.0
O=C(c1ccc(F)cc1F)N1CCN(c2ccc(OC3CCN(C4CCC4)CC3)cc2)C(=O)C1,0.0,0.0,0.0,0.0,0.0,8.8,0.0,0.0,0.0,0.0,0.0,0.0,0.0,0.0,0.0,0.0,0.0,0.0,0.0,0.0,0.0,0.0,0.0,0.0,0.0,0.0,0.0
O=C(c1ccc(F)cc1F)N1CCN(c2ccc(OC3CCN(C4CCCC4)CC3)cc2)C(=O)C1,0.0,0.0,0.0,0.0,0.0,8.4,0.0,0.0,0.0,0.0,0.0,0.0,0.0,0.0,0.0,0.0,0.0,0.0,0.0,0.0,0.0,0.0,0.0,0.0,0.0,0.0,0.0
O=C(c1ccc(F)cc1F)N1CCN(c2ccc(OCCCN3CCCC3)cc2)C(=O)C1,0.0,0.0,0.0,0.0,0.0,8.4,0.0,0.0,0.0,0.0,0.0,0.0,0.0,0.0,0.0,0.0,0.0,0.0,0.0,0.0,0.0,0.0,0.0,0.0,0.0,0.0,0.0
O=C(c1ccc(F)cc1F)N1CCN(c2ccc(OCCCN3CCCCC3)cc2)C(=O)C1,0.0,0.0,0.0,0.0,0.0,8.6,0.0,0.0,0.0,0.0,0.0,0.0,0.0,0.0,0.0,0.0,0.0,0.0,0.0,0.0,0.0,0.0,0.0,0.0,0.0,0.0,0.0
O=C(c1ccc(F)cc1F)N1CCN(c2ccc(OCCCN3CCCCCC3)cc2)C(=O)C1,0.0,0.0,0.0,0.0,0.0,8.1,0.0,0.0,0.0,0.0,0.0,0.0,0.0,0.0,0.0,0.0,0.0,0.0,0.0,0.0,0.0,0.0,0.0,0.0,0.0,0.0,0.0
O=C(c1ccc(OCCCN2CCC(c3ccncc3)CC2)cc1)C1CC1,0.0,0.0,0.0,0.0,0.0,0.0,0.0,0.0,0.0,0.0,0.0,0.0,0.0,0.0,0.0,0.0,0.0,0.0,8.11,0.0,0.0,0.0,0.0,0.0,0.0,0.0,0.0
O=C(c1ccc(OCCCN2CCCCC2)cc1)C1CC1,0.0,0.0,0.0,0.0,0.0,0.0,0.0,0.0,0.0,0.0,0.0,0.0,0.0,0.0,0.0,7.96,0.0,0.0,0.0,0.0,0.0,8.8,0.0,0.0,0.0,0.0,0.0
O=C(c1ccc(OCCCN2CCN(CC=Cc3ccccc3)CC2)cc1)C1CC1,0.0,0.0,0.0,0.0,0.0,0.0,0.0,0.0,0.0,0.0,0.0,0.0,0.0,0.0,0.0,0.0,0.0,0.0,0.0,0.0,0.0,7.08,0.0,0.0,0.0,0.0,0.0
O=C(c1ccc(OCCCN2CCN(c3ccncc3)CC2)cc1)C1CC1,0.0,0.0,0.0,0.0,0.0,0.0,0.0,0.0,0.0,0.0,0.0,0.0,0.0,0.0,0.0,0.0,0.0,0.0,8.5,0.0,0.0,0.0,0.0,0.0,0.0,0.0,0.0
O=C(c1ccc(OCCCc2c[nH]cn2)cc1)C1CC1,0.0,0.0,0.0,0.0,0.0,0.0,7.2,0.0,0.0,0.0,7.2,0.0,7.2,0.0,0.0,7.34,7.34,0.0,7.31,7.05,0.0,0.0,0.0,0.0,7.03,0.0,0.0
O=C(c1ccc(Oc2ccc(Cl)c(Cl)c2)cn1)N1CCCN(C2CC2)CC1,0.0,8.0,0.0,0.0,0.0,0.0,0.0,0.0,0.0,0.0,0.0,0.0,0.0,0.0,0.0,0.0,0.0,0.0,0.0,0.0,0.0,0.0,0.0,0.0,0.0,0.0,0.0
O=C(c1ccc(Oc2ccc(Cl)c(Cl)c2)nc1)N1CCCN(C2CCC2)CC1,0.0,8.12,0.0,0.0,0.0,0.0,0.0,0.0,0.0,0.0,0.0,0.0,0.0,0.0,0.0,0.0,0.0,0.0,0.0,0.0,0.0,0.0,0.0,0.0,0.0,0.0,0.0
O=C(c1ccc(Oc2ccc(Cl)cc2)cn1)N1CCCN(C2CCC2)CC1,0.0,8.26,0.0,0.0,0.0,0.0,0.0,0.0,0.0,0.0,0.0,0.0,0.0,0.0,0.0,0.0,0.0,0.0,0.0,0.0,0.0,0.0,0.0,0.0,0.0,0.0,0.0
O=C(c1ccc(Oc2ccc(Cl)cc2)nc1)N1CCCN(C2CC2)CC1,0.0,7.89,0.0,0.0,0.0,0.0,0.0,0.0,0.0,0.0,0.0,0.0,0.0,0.0,0.0,0.0,0.0,0.0,0.0,0.0,0.0,0.0,0.0,0.0,0.0,0.0,0.0
O=C(c1ccc(Oc2ccc(Cl)cc2)nc1)N1CCCN(C2CCC2)CC1,0.0,7.23,0.0,0.0,0.0,0.0,0.0,0.0,0.0,0.0,0.0,0.0,0.0,0.0,0.0,0.0,0.0,0.0,0.0,0.0,0.0,0.0,0.0,0.0,0.0,0.0,0.0
O=C(c1ccc(Oc2ccc(F)cc2)cn1)N1CCCN(C2CCC2)CC1,0.0,8.54,0.0,0.0,0.0,0.0,0.0,0.0,0.0,0.0,0.0,0.0,0.0,0.0,0.0,0.0,0.0,0.0,0.0,0.0,0.0,0.0,0.0,0.0,0.0,0.0,0.0
O=C(c1ccc(Oc2ccc(F)cc2)nc1)N1CCCN(C2CC2)CC1,0.0,7.6,0.0,0.0,0.0,0.0,0.0,0.0,0.0,0.0,0.0,0.0,0.0,0.0,0.0,0.0,0.0,0.0,0.0,0.0,0.0,0.0,0.0,0.0,0.0,0.0,0.0
O=C(c1ccc(Oc2ccc(F)cc2)nc1)N1CCCN(C2CCC2)CC1,0.0,8.85,0.0,0.0,0.0,0.0,0.0,0.0,0.0,0.0,0.0,0.0,0.0,0.0,0.0,0.0,0.0,0.0,0.0,0.0,0.0,0.0,0.0,0.0,0.0,0.0,0.0
O=C(c1ccc(Oc2ccc(F)cc2)nc1)N1CCCNCC1,0.0,5.05,0.0,0.0,0.0,0.0,0.0,0.0,0.0,0.0,0.0,0.0,0.0,0.0,0.0,0.0,0.0,0.0,0.0,0.0,0.0,0.0,0.0,0.0,0.0,0.0,0.0
O=C(c1ccc(Oc2ccc(F)cc2)nc1)N1CCN(C2CC2)CC1,0.0,6.37,0.0,0.0,0.0,0.0,0.0,0.0,0.0,0.0,0.0,0.0,0.0,0.0,0.0,0.0,0.0,0.0,0.0,0.0,0.0,0.0,0.0,0.0,0.0,0.0,0.0
O=C(c1ccc(Oc2ccc3c(c2)CCN(C2CCC2)CC3)nc1)N1CCCC1,0.0,0.0,0.0,0.0,0.0,0.0,0.0,0.0,0.0,0.0,9.6,0.0,0.0,0.0,0.0,0.0,0.0,0.0,0.0,0.0,0.0,0.0,0.0,0.0,0.0,0.0,0.0
O=C(c1ccc(Oc2cccc(Cl)c2)cn1)N1CCCN(C2CCC2)CC1,0.0,8.33,0.0,0.0,0.0,0.0,0.0,0.0,0.0,0.0,0.0,0.0,0.0,0.0,0.0,0.0,0.0,0.0,0.0,0.0,0.0,0.0,0.0,0.0,0.0,0.0,0.0
O=C(c1ccc(Oc2cccc(Cl)c2)nc1)N1CCCN(C2CC2)CC1,0.0,7.77,0.0,0.0,0.0,0.0,0.0,0.0,0.0,0.0,0.0,0.0,0.0,0.0,0.0,0.0,0.0,0.0,0.0,0.0,0.0,0.0,0.0,0.0,0.0,0.0,0.0
O=C(c1ccc(Oc2cccc(Cl)c2)nc1)N1CCCN(C2CCC2)CC1,0.0,9.0,0.0,0.0,0.0,0.0,0.0,0.0,0.0,0.0,0.0,0.0,0.0,0.0,0.0,0.0,0.0,0.0,0.0,0.0,0.0,0.0,0.0,0.0,0.0,0.0,0.0
O=C(c1ccc(Oc2cccc(F)c2)cn1)N1CCCN(C2CCC2)CC1,0.0,8.26,0.0,0.0,0.0,0.0,0.0,0.0,0.0,0.0,0.0,0.0,0.0,0.0,0.0,0.0,0.0,0.0,0.0,0.0,0.0,0.0,0.0,0.0,0.0,0.0,0.0
O=C(c1ccc(Oc2cccc(F)c2)nc1)N1CCCN(C2CC2)CC1,0.0,7.8,0.0,0.0,0.0,0.0,0.0,0.0,0.0,0.0,0.0,0.0,0.0,0.0,0.0,0.0,0.0,0.0,0.0,0.0,0.0,0.0,0.0,0.0,0.0,0.0,0.0
O=C(c1ccc(Oc2cccc(F)c2)nc1)N1CCCN(C2CCC2)CC1,0.0,8.39,0.0,0.0,0.0,0.0,0.0,0.0,0.0,0.0,0.0,0.0,0.0,0.0,0.0,0.0,0.0,0.0,0.0,0.0,0.0,0.0,0.0,0.0,0.0,0.0,0.0
O=C(c1ccc(Oc2ccccc2)nc1)N1CCCN(C2CC2)CC1,0.0,8.0,0.0,0.0,0.0,0.0,0.0,0.0,0.0,0.0,0.0,0.0,0.0,0.0,0.0,0.0,0.0,0.0,0.0,0.0,0.0,0.0,0.0,0.0,0.0,0.0,0.0
O=C(c1ccc(Oc2ccccc2)nc1)N1CCCN(C2CCC2)CC1,0.0,8.36,0.0,0.0,0.0,0.0,0.0,0.0,0.0,0.0,0.0,0.0,0.0,0.0,0.0,0.0,0.0,0.0,0.0,0.0,0.0,0.0,0.0,0.0,0.0,0.0,0.0
O=C(c1ccc(Oc2ccccc2Cl)nc1)N1CCCN(C2CCC2)CC1,0.0,7.77,0.0,0.0,0.0,0.0,0.0,0.0,0.0,0.0,0.0,0.0,0.0,0.0,0.0,0.0,0.0,0.0,0.0,0.0,0.0,0.0,0.0,0.0,0.0,0.0,0.0
O=C(c1ccc(Oc2ccccc2Cl)nc1)N1CCN(C2CCCC2)CC1,0.0,7.4,0.0,0.0,0.0,0.0,0.0,0.0,0.0,0.0,0.0,0.0,0.0,0.0,0.0,0.0,0.0,0.0,0.0,0.0,0.0,0.0,0.0,0.0,0.0,0.0,0.0
O=C(c1ccc(Oc2ccccc2F)cn1)N1CCCN(C2CCC2)CC1,0.0,8.37,0.0,0.0,0.0,0.0,0.0,0.0,0.0,0.0,0.0,0.0,0.0,0.0,0.0,0.0,0.0,0.0,0.0,0.0,0.0,0.0,0.0,0.0,0.0,0.0,0.0
O=C(c1ccc(Sc2ccc(F)cc2)cn1)N1CCCN(C2CCC2)CC1,0.0,8.34,0.0,0.0,0.0,0.0,0.0,0.0,0.0,0.0,0.0,0.0,0.0,0.0,0.0,0.0,0.0,0.0,0.0,0.0,0.0,0.0,0.0,0.0,0.0,0.0,0.0
O=C(c1ccc(Sc2ccc(F)cc2)nc1)N1CCCN(C2CCC2)CC1,0.0,7.54,0.0,0.0,0.0,0.0,0.0,0.0,0.0,0.0,0.0,0.0,0.0,0.0,0.0,0.0,0.0,0.0,0.0,0.0,0.0,0.0,0.0,0.0,0.0,0.0,0.0
O=C(c1ccc(Sc2ccccc2)cn1)N1CCCN(C2CCC2)CC1,0.0,8.43,0.0,0.0,0.0,0.0,0.0,0.0,0.0,0.0,0.0,0.0,0.0,0.0,0.0,0.0,0.0,0.0,0.0,0.0,0.0,0.0,0.0,0.0,0.0,0.0,0.0
O=C(c1ccc(Sc2ccccc2)nc1)N1CCCN(C2CCC2)CC1,0.0,8.64,0.0,0.0,0.0,0.0,0.0,0.0,0.0,0.0,0.0,0.0,0.0,0.0,0.0,0.0,0.0,0.0,0.0,0.0,0.0,0.0,0.0,0.0,0.0,0.0,0.0
O=C(c1ccc2c(CN3CCN(C4CCC4)CC3)c[nH]c2c1)N1CCOCC1,0.0,7.37,0.0,0.0,0.0,0.0,0.0,0.0,0.0,0.0,0.0,0.0,0.0,0.0,0.0,0.0,0.0,0.0,0.0,0.0,0.0,0.0,0.0,0.0,0.0,0.0,0.0
O=C(c1ccc2c(CN3CCOCC3)c[nH]c2c1)N1CCN(C2CC2)CC1,0.0,8.7,0.0,0.0,0.0,0.0,0.0,0.0,0.0,0.0,0.0,0.0,0.0,0.0,0.0,0.0,0.0,0.0,0.0,0.0,0.0,0.0,0.0,0.0,0.0,0.0,0.0
O=C(c1ccc2c(CN3CCOCC3)c[nH]c2c1)N1CCN(C2CCC2)CC1,0.0,8.85,0.0,0.0,0.0,0.0,0.0,0.0,0.0,0.0,0.0,0.0,0.0,0.0,0.0,0.0,0.0,0.0,0.0,0.0,0.0,0.0,0.0,0.0,0.0,0.0,0.0
O=C(c1ccc2c(c1)cc(C(=O)N1CCOCC1)n2CC(F)(F)F)N1CCN(C2CCC2)CC1,0.0,0.0,0.0,0.0,8.15,0.0,0.0,0.0,0.0,0.0,0.0,0.0,0.0,0.0,0.0,0.0,0.0,0.0,0.0,0.0,0.0,0.0,0.0,0.0,0.0,0.0,0.0
O=C(c1ccc2cc(OCCCN3CCCCC3)ccc2c1)N1CCC(CO)CC1,0.0,0.0,0.0,0.0,6.99,0.0,0.0,0.0,0.0,0.0,0.0,0.0,0.0,0.0,0.0,0.0,0.0,0.0,0.0,0.0,0.0,0.0,0.0,0.0,0.0,0.0,0.0
O=C(c1ccc2cc(OCCCN3CCCCC3)ccc2c1)N1CCCC1,0.0,0.0,0.0,0.0,8.4,0.0,0.0,0.0,0.0,0.0,0.0,0.0,0.0,0.0,0.0,0.0,0.0,0.0,0.0,0.0,0.0,0.0,0.0,0.0,0.0,0.0,0.0
O=C(c1ccc2cc(OCCCN3CCCCC3)ccc2n1)N1CCC1,0.0,0.0,0.0,0.0,6.92,0.0,0.0,0.0,0.0,0.0,0.0,0.0,0.0,0.0,0.0,0.0,0.0,0.0,0.0,0.0,0.0,0.0,0.0,0.0,0.0,0.0,0.0
O=C(c1ccc2nc(N3CCN(C4CC4)CC3)ccc2c1)C1CC1,0.0,0.0,0.0,0.0,0.0,0.0,0.0,0.0,0.0,0.0,0.0,0.0,0.0,0.0,0.0,0.0,0.0,0.0,0.0,0.0,0.0,0.0,0.0,0.0,8.74,0.0,0.0
O=C(c1ccc2scc(C(=O)N3CCCCC3)c2c1)N1CCN(C2CCC2)CC1,0.0,6.28,0.0,0.0,0.0,0.0,0.0,0.0,0.0,0.0,0.0,0.0,0.0,0.0,0.0,0.0,0.0,0.0,0.0,0.0,0.0,0.0,0.0,0.0,0.0,0.0,0.0
O=C(c1ccc2scc(CN3CCCCC3)c2c1)N1CCN(C2CCC2)CC1,0.0,7.82,0.0,0.0,0.0,0.0,0.0,0.0,0.0,0.0,0.0,0.0,0.0,0.0,0.0,0.0,0.0,0.0,0.0,0.0,0.0,0.0,0.0,0.0,0.0,0.0,0.0
O=C(c1cccc(-c2nnc(N3CCC(N4CCCCC4)CC3)s2)c1)N1CCC1,0.0,0.0,0.0,0.0,0.0,0.0,0.0,0.0,0.0,0.0,0.0,0.0,0.0,0.0,0.0,7.1,0.0,0.0,0.0,0.0,0.0,0.0,0.0,0.0,0.0,0.0,0.0
O=C(c1cccc(-c2nnc(N3CCC(N4CCCCC4)CC3)s2)n1)N1CCC1,0.0,0.0,0.0,0.0,0.0,0.0,0.0,0.0,0.0,0.0,0.0,0.0,0.0,0.0,0.0,8.36,0.0,0.0,0.0,0.0,0.0,0.0,0.0,0.0,0.0,0.0,0.0
O=C(c1cccc(Cn2cnc3ccccc32)c1)N1CCC(N2CCCC2)C1,0.0,0.0,0.0,0.0,0.0,0.0,0.0,0.0,0.0,0.0,0.0,0.0,0.0,0.0,0.0,0.0,0.0,0.0,0.0,0.0,0.0,0.0,0.0,0.0,0.0,0.0,6.4
O=C(c1cccc(Oc2ccc(Cl)c(Cl)c2)n1)N1CCCN(C2CC2)CC1,0.0,5.98,0.0,0.0,0.0,0.0,0.0,0.0,0.0,0.0,0.0,0.0,0.0,0.0,0.0,0.0,0.0,0.0,0.0,0.0,0.0,0.0,0.0,0.0,0.0,0.0,0.0
O=C(c1cccc(Oc2ccc(Cl)c(Cl)c2)n1)N1CCCN(C2CCC2)CC1,0.0,6.8,0.0,0.0,0.0,0.0,0.0,0.0,0.0,0.0,0.0,0.0,0.0,0.0,0.0,0.0,0.0,0.0,0.0,0.0,0.0,0.0,0.0,0.0,0.0,0.0,0.0
O=C(c1cccc2c(CN3CCCCC3)c[nH]c12)N1CCN(C2CCC2)CC1,0.0,8.8,0.0,0.0,0.0,0.0,0.0,0.0,0.0,0.0,0.0,0.0,0.0,0.0,0.0,0.0,0.0,0.0,0.0,0.0,0.0,0.0,0.0,0.0,0.0,0.0,0.0
O=C(c1cccc2c(CN3CCN(C4CCC4)CC3)c[nH]c12)N1CCCCC1,0.0,6.62,0.0,0.0,0.0,0.0,0.0,0.0,0.0,0.0,0.0,0.0,0.0,0.0,0.0,0.0,0.0,0.0,0.0,0.0,0.0,0.0,0.0,0.0,0.0,0.0,0.0
O=C(c1cccc2c(CN3CCOCC3)c[nH]c12)N1CCN(C2CCC2)CC1,0.0,8.31,0.0,0.0,0.0,0.0,0.0,0.0,0.0,0.0,0.0,0.0,0.0,0.0,0.0,0.0,0.0,0.0,0.0,0.0,0.0,0.0,0.0,0.0,0.0,0.0,0.0
O=C(c1cccc2c(CN3CCOCC3)c[nH]c12)N1CCNCC1,0.0,5.67,0.0,0.0,0.0,0.0,0.0,0.0,0.0,0.0,0.0,0.0,0.0,0.0,0.0,0.0,0.0,0.0,0.0,0.0,0.0,0.0,0.0,0.0,0.0,0.0,0.0
O=C(c1ccccc1)N1CCN(c2ccc(OC3CCN(C4CCC4)CC3)cc2)C(=O)C1,0.0,0.0,0.0,0.0,0.0,8.5,0.0,0.0,0.0,0.0,0.0,0.0,0.0,0.0,0.0,0.0,0.0,0.0,0.0,0.0,0.0,0.0,0.0,0.0,0.0,0.0,0.0
O=C(c1ccccc1)N1CCN(c2ccc(OCCCN3CCCCC3)cc2)C(=O)C1,0.0,0.0,0.0,0.0,0.0,8.4,0.0,0.0,0.0,0.0,0.0,0.0,0.0,0.0,0.0,0.0,0.0,0.0,0.0,0.0,0.0,0.0,0.0,0.0,0.0,0.0,0.0
O=C(c1ccccc1)c1ccc(OCCCN2CCN(c3ccncc3)CC2)cc1,0.0,0.0,0.0,0.0,0.0,0.0,0.0,0.0,0.0,0.0,0.0,0.0,8.51,0.0,0.0,0.0,0.0,0.0,0.0,0.0,0.0,0.0,0.0,0.0,0.0,0.0,0.0
O=C(c1ccccc1)c1cccc(OCCCCCCN2CCCCCC2)c1,0.0,0.0,0.0,0.0,0.0,0.0,0.0,0.0,0.0,0.0,0.0,0.0,0.0,0.0,0.0,7.39,0.0,0.0,0.0,0.0,0.0,0.0,0.0,0.0,0.0,0.0,0.0
O=C(c1ccccc1)n1c(=O)ccn(CCCN2CCCCC2)c1=O,0.0,0.0,0.0,0.0,0.0,0.0,0.0,0.0,0.0,0.0,0.0,0.0,0.0,0.0,0.0,5.94,0.0,0.0,0.0,0.0,0.0,0.0,0.0,0.0,0.0,0.0,0.0
O=C(c1ccccc1)n1c(=O)ccn(Cc2ccc(OCCCN3CCCCC3)cc2)c1=O,0.0,0.0,0.0,0.0,0.0,0.0,0.0,0.0,0.0,0.0,0.0,0.0,0.0,0.0,0.0,8.14,0.0,0.0,0.0,0.0,0.0,0.0,0.0,0.0,0.0,0.0,0.0
O=C(c1ccccc1-c1ccc(OCCCN2CCCCC2)cc1)N1CCCCC1,0.0,0.0,0.0,0.0,0.0,0.0,0.0,0.0,0.0,0.0,0.0,0.0,8.8,0.0,0.0,0.0,0.0,0.0,0.0,0.0,0.0,0.0,0.0,0.0,0.0,0.0,0.0
O=C(c1ccccc1Cn1cnc2ccccc21)N1CCC(N2CCCC2)C1,0.0,0.0,0.0,0.0,0.0,0.0,0.0,0.0,0.0,0.0,0.0,0.0,0.0,0.0,0.0,0.0,0.0,0.0,0.0,0.0,0.0,0.0,0.0,0.0,0.0,0.0,5.4
O=C(c1cccs1)N1CCCc2ccc(OCCCN3CCCCC3)cc21,0.0,0.0,0.0,0.0,0.0,0.0,0.0,0.0,0.0,0.0,0.0,0.0,7.65,0.0,0.0,0.0,0.0,0.0,0.0,0.0,0.0,0.0,0.0,0.0,0.0,0.0,0.0
O=C(c1cccs1)N1CCc2cc(OCCCN3CCCCC3)ccc2C1,0.0,0.0,0.0,0.0,0.0,0.0,0.0,0.0,0.0,0.0,0.0,0.0,8.68,0.0,0.0,0.0,0.0,0.0,0.0,0.0,0.0,0.0,0.0,0.0,0.0,0.0,0.0
O=C(c1cccs1)N1CCc2ccc(OCCCN3CCCCC3)cc2C1,0.0,0.0,0.0,0.0,0.0,0.0,0.0,0.0,0.0,0.0,0.0,0.0,8.09,0.0,0.0,0.0,0.0,0.0,0.0,0.0,0.0,0.0,0.0,0.0,0.0,0.0,0.0
O=C(c1ccncc1)N1CCN(c2ccc(OCCCN3CCCCC3)cc2)C(=O)C1,0.0,0.0,0.0,0.0,0.0,8.1,0.0,0.0,0.0,0.0,0.0,0.0,0.0,0.0,0.0,0.0,0.0,0.0,0.0,0.0,0.0,0.0,0.0,0.0,0.0,0.0,0.0
O=C(c1cncc(Oc2ccc(F)cc2)c1)N1CCCN(C2CCC2)CC1,0.0,7.77,0.0,0.0,0.0,0.0,0.0,0.0,0.0,0.0,0.0,0.0,0.0,0.0,0.0,0.0,0.0,0.0,0.0,0.0,0.0,0.0,0.0,0.0,0.0,0.0,0.0
O=C(c1cncc(Oc2ccccc2)c1)N1CCCN(C2CCC2)CC1,0.0,7.96,0.0,0.0,0.0,0.0,0.0,0.0,0.0,0.0,0.0,0.0,0.0,0.0,0.0,0.0,0.0,0.0,0.0,0.0,0.0,0.0,0.0,0.0,0.0,0.0,0.0
O=C(c1cnn2cccnc12)N1CCN(c2ccc(OCCCN3CCCCC3)cc2)C(=O)C1,0.0,0.0,0.0,0.0,0.0,8.4,0.0,0.0,0.0,0.0,0.0,0.0,0.0,0.0,0.0,0.0,0.0,0.0,0.0,0.0,0.0,0.0,0.0,0.0,0.0,0.0,0.0
O=C(c1sc2ccccc2c1Cl)N1CCCC1CN1CCCC1,0.0,0.0,0.0,0.0,0.0,0.0,0.0,0.0,0.0,0.0,0.0,0.0,0.0,0.0,0.0,0.0,0.0,0.0,0.0,0.0,0.0,0.0,0.0,0.0,7.92,0.0,0.0
O=C1C(=Cc2ccc(OCCCN3CCCCC3)cc2)Cc2cc(F)ccc21,0.0,0.0,0.0,0.0,0.0,0.0,0.0,0.0,0.0,0.0,0.0,0.0,0.0,0.0,0.0,8.66,0.0,0.0,0.0,0.0,0.0,0.0,0.0,0.0,0.0,0.0,0.0
O=C1C(=Cc2ccc(OCCCN3CCCCC3)cc2)Cc2cc(OCc3ccc(Br)cc3)ccc21,0.0,0.0,0.0,0.0,0.0,0.0,0.0,0.0,0.0,0.0,0.0,0.0,0.0,0.0,0.0,8.19,0.0,0.0,0.0,0.0,0.0,0.0,0.0,0.0,0.0,0.0,0.0
O=C1C(=Cc2ccc(OCCCN3CCCCC3)cc2)Cc2ccc(OCc3ccc(Br)cc3)cc21,0.0,0.0,0.0,0.0,0.0,0.0,0.0,0.0,0.0,0.0,0.0,0.0,0.0,0.0,0.0,7.5,0.0,0.0,0.0,0.0,0.0,0.0,0.0,0.0,0.0,0.0,0.0
O=C1C(=Cc2ccc(OCCCN3CCCCC3)cc2)Cc2ccccc21,0.0,0.0,0.0,0.0,0.0,0.0,0.0,0.0,0.0,0.0,0.0,0.0,0.0,0.0,0.0,8.68,0.0,0.0,0.0,0.0,0.0,0.0,0.0,0.0,0.0,0.0,0.0
O=C1C(=Cc2ccccc2)Cc2cc(OCCCN3CCCCC3)ccc21,0.0,0.0,0.0,0.0,0.0,0.0,0.0,0.0,0.0,0.0,0.0,0.0,0.0,0.0,0.0,8.41,0.0,0.0,0.0,0.0,0.0,0.0,0.0,0.0,0.0,0.0,0.0
O=C1C(=Cc2ccccc2)Cc2ccc(OCCCN3CCCCC3)cc21,0.0,0.0,0.0,0.0,0.0,0.0,0.0,0.0,0.0,0.0,0.0,0.0,0.0,0.0,0.0,7.41,0.0,0.0,0.0,0.0,0.0,0.0,0.0,0.0,0.0,0.0,0.0
O=C1C(=Cc2ccccc2)Cc2ccc(OCCN3CCCCC3)cc21,0.0,0.0,0.0,0.0,0.0,0.0,0.0,0.0,0.0,0.0,0.0,0.0,0.0,0.0,0.0,6.16,0.0,0.0,0.0,0.0,0.0,0.0,0.0,0.0,0.0,0.0,0.0
O=C1C2CC2C(c2ccc(OC3CCN(C4CCC4)CC3)cc2)=NN1c1ccc(F)cc1,0.0,0.0,0.0,0.0,8.46,0.0,0.0,0.0,0.0,0.0,0.0,0.0,0.0,0.0,0.0,0.0,0.0,0.0,0.0,0.0,0.0,0.0,0.0,0.0,0.0,0.0,0.0
O=C1CC(O)CN1c1ccc(Oc2ccc3c(c2)CCN(C2CCC2)CC3)nc1,0.0,0.0,0.0,0.0,0.0,0.0,0.0,0.0,0.0,0.0,9.7,0.0,0.0,0.0,0.0,0.0,0.0,0.0,0.0,0.0,0.0,0.0,0.0,0.0,0.0,0.0,0.0
O=C1CC2CCc3cc(OC4CCN(C5CCC5)CC4)ccc3C2=NN1,0.0,0.0,0.0,0.0,7.77,0.0,0.0,0.0,0.0,0.0,0.0,0.0,0.0,0.0,0.0,0.0,0.0,0.0,0.0,0.0,0.0,0.0,0.0,0.0,0.0,0.0,0.0
O=C1CCC(c2ccc(OC3CCN(C4CCC4)CC3)cc2)=NN1,0.0,0.0,0.0,0.0,8.43,0.0,0.0,0.0,0.0,0.0,0.0,0.0,0.0,0.0,0.0,0.0,0.0,0.0,0.0,0.0,0.0,0.0,0.0,0.0,0.0,0.0,0.0
O=C1CCC(c2ccc(OCCCN3CCCC3)cc2)=NN1,0.0,0.0,0.0,0.0,7.13,0.0,0.0,0.0,0.0,0.0,0.0,0.0,0.0,0.0,0.0,0.0,0.0,0.0,0.0,0.0,0.0,0.0,0.0,0.0,0.0,0.0,0.0
O=C1CCC(c2ccc(OCCCN3CCCCC3)cc2)=NN1CC(F)(F)F,0.0,0.0,0.0,0.0,7.42,0.0,0.0,0.0,0.0,0.0,0.0,0.0,0.0,0.0,0.0,0.0,0.0,0.0,0.0,0.0,0.0,0.0,0.0,0.0,0.0,0.0,0.0
O=C1CCC(c2ccc(OCCCN3CCCCC3)cc2)CC1,0.0,0.0,0.0,0.0,0.0,0.0,0.0,0.0,0.0,0.0,0.0,0.0,0.0,0.0,0.0,8.77,0.0,0.0,0.0,0.0,0.0,0.0,0.0,0.0,0.0,0.0,0.0
O=C1CCCCN1Cc1ccc(-c2ccc(CN3CCCCC3)cc2)cc1,0.0,7.33,0.0,0.0,0.0,0.0,0.0,0.0,0.0,0.0,0.0,0.0,0.0,0.0,0.0,0.0,0.0,0.0,0.0,0.0,0.0,0.0,0.0,0.0,0.0,0.0,0.0
O=C1CCCCN1c1ccc(Oc2ccc3c(c2)CCN(C2CCC2)CC3)nc1,0.0,0.0,0.0,0.0,0.0,0.0,0.0,0.0,0.0,0.0,9.5,0.0,0.0,0.0,0.0,0.0,0.0,0.0,0.0,0.0,0.0,0.0,0.0,0.0,0.0,0.0,0.0
O=C1CCCCN1c1nnc(N2CCC(N3CCCCC3)CC2)s1,0.0,0.0,0.0,0.0,0.0,0.0,0.0,0.0,0.0,0.0,0.0,0.0,6.92,0.0,0.0,0.0,0.0,0.0,0.0,0.0,0.0,0.0,0.0,0.0,0.0,0.0,0.0
O=C1CCCN1c1ccc(Oc2ccc3c(c2)CCN(C2CCC2)CC3)nc1,0.0,0.0,0.0,0.0,0.0,0.0,0.0,0.0,0.0,0.0,10.0,0.0,0.0,0.0,0.0,9.69,0.0,0.0,0.0,9.92,0.0,0.0,0.0,0.0,0.0,0.0,0.0
O=C1CCCN1c1ccc(Oc2ccc3c(c2)CCN(C2CCCC2)CC3)nc1,0.0,0.0,0.0,0.0,0.0,0.0,0.0,0.0,0.0,0.0,9.9,0.0,0.0,0.0,0.0,0.0,0.0,0.0,0.0,0.0,0.0,0.0,0.0,0.0,0.0,0.0,0.0
O=C1CCN1c1ccc(Oc2ccc3c(c2)CCN(C2CCC2)CC3)nc1,0.0,0.0,0.0,0.0,0.0,0.0,0.0,0.0,0.0,0.0,10.1,0.0,0.0,0.0,0.0,0.0,0.0,0.0,0.0,0.0,0.0,0.0,0.0,0.0,0.0,0.0,0.0
O=C1CCc2cc(OCCCN3CCCCC3)ccc21,0.0,0.0,0.0,0.0,0.0,0.0,0.0,0.0,0.0,0.0,0.0,0.0,0.0,0.0,0.0,6.8,0.0,0.0,0.0,0.0,0.0,0.0,0.0,0.0,0.0,0.0,0.0
O=C1CCc2cc(OCCN3CCCC3)ccc21,0.0,0.0,0.0,0.0,0.0,0.0,0.0,0.0,0.0,0.0,0.0,0.0,0.0,0.0,0.0,6.46,0.0,0.0,0.0,0.0,0.0,0.0,0.0,0.0,0.0,0.0,0.0
O=C1CCc2cc(OCCN3CCCCC3)ccc21,0.0,0.0,0.0,0.0,0.0,0.0,0.0,0.0,0.0,0.0,0.0,0.0,0.0,0.0,0.0,6.69,0.0,0.0,0.0,0.0,0.0,0.0,0.0,0.0,0.0,0.0,0.0
O=C1CCc2ccc(OCCCCN3CCN(c4cccc(Cl)c4Cl)CC3)cc2N1,0.0,0.0,0.0,0.0,0.0,0.0,0.0,0.0,0.0,0.0,0.0,0.0,5.63,0.0,0.0,0.0,0.0,0.0,0.0,0.0,0.0,0.0,0.0,0.0,0.0,0.0,0.0
O=C1CCc2ccc(OCCCN3CCCCC3)cc21,0.0,0.0,0.0,0.0,0.0,0.0,0.0,0.0,0.0,0.0,0.0,0.0,0.0,0.0,0.0,6.52,0.0,0.0,0.0,0.0,0.0,0.0,0.0,0.0,0.0,0.0,0.0
O=C1CCc2ccc(OCCN3CCCC3)cc21,0.0,0.0,0.0,0.0,0.0,0.0,0.0,0.0,0.0,0.0,0.0,0.0,0.0,0.0,0.0,5.21,0.0,0.0,0.0,0.0,0.0,0.0,0.0,0.0,0.0,0.0,0.0
O=C1CN(C(=O)c2ccc(OCCCN3CCCCC3)cc2)CCN1,0.0,0.0,0.0,0.0,0.0,0.0,0.0,0.0,0.0,0.0,0.0,0.0,0.0,0.0,0.0,8.55,0.0,0.0,0.0,0.0,0.0,0.0,0.0,0.0,0.0,0.0,0.0
O=C1CN(C(=O)c2ccc(OCCCN3CCCCC3)cc2)CCN1Cc1ccccc1,0.0,0.0,0.0,0.0,0.0,0.0,0.0,0.0,0.0,0.0,0.0,0.0,0.0,0.0,0.0,8.31,0.0,0.0,0.0,0.0,0.0,0.0,0.0,0.0,0.0,0.0,0.0
O=C1CN(Cc2ccc(OCCCN3CCCCC3)cc2)C(=O)CN1,0.0,0.0,0.0,0.0,0.0,0.0,0.0,0.0,0.0,0.0,0.0,0.0,0.0,0.0,0.0,8.31,0.0,0.0,0.0,0.0,0.0,0.0,0.0,0.0,0.0,0.0,0.0
O=C1CN(Cc2ccc(OCCCN3CCCCC3)cc2)CCN1Cc1ccccc1,0.0,0.0,0.0,0.0,0.0,0.0,0.0,0.0,0.0,0.0,0.0,0.0,0.0,0.0,0.0,7.95,0.0,0.0,0.0,0.0,0.0,0.0,0.0,0.0,0.0,0.0,0.0
O=C1CNC(=O)C(=Cc2ccc(OCCCN3CCCCC3)cc2)N1,0.0,0.0,0.0,0.0,0.0,0.0,0.0,0.0,0.0,0.0,0.0,0.0,0.0,0.0,0.0,7.65,0.0,0.0,0.0,0.0,0.0,0.0,0.0,0.0,0.0,0.0,0.0
O=C1CNC(=O)C(Cc2ccc(OCCCN3CCCCC3)cc2)N1,0.0,0.0,0.0,0.0,0.0,0.0,0.0,0.0,0.0,0.0,0.0,0.0,0.0,0.0,0.0,7.13,0.0,0.0,0.0,0.0,0.0,0.0,0.0,0.0,0.0,0.0,0.0
O=C1COc2ccc(-c3nnc(N4CCC(N5CCCCC5)CC4)s3)cc2N1,0.0,0.0,0.0,0.0,0.0,0.0,0.0,0.0,0.0,0.0,0.0,0.0,0.0,0.0,0.0,7.66,0.0,0.0,0.0,0.0,0.0,0.0,0.0,0.0,0.0,0.0,0.0
O=C1Cc2cc(-c3cnc4nc(N5CCC(N6CCCCC6)CC5)oc4c3)ccc2N1,0.0,0.0,0.0,0.0,0.0,0.0,0.0,0.0,0.0,0.0,0.0,0.0,0.0,0.0,0.0,6.96,0.0,0.0,0.0,0.0,0.0,0.0,0.0,0.0,0.0,0.0,0.0
O=C1Cc2cc(-c3nnc(N4CCC(N5CCCCC5)CC4)s3)ccc2N1,0.0,0.0,0.0,0.0,0.0,0.0,0.0,0.0,0.0,0.0,0.0,0.0,0.0,0.0,0.0,7.19,0.0,0.0,0.0,0.0,0.0,0.0,0.0,0.0,0.0,0.0,0.0
O=C1N(c2ccccc2)CCCN1c1nnc(N2CCC(N3CCCCC3)CC2)s1,0.0,0.0,0.0,0.0,0.0,0.0,0.0,0.0,0.0,0.0,0.0,0.0,7.52,0.0,0.0,0.0,0.0,0.0,0.0,0.0,0.0,0.0,0.0,0.0,0.0,0.0,0.0
O=C1N(c2nnc(N3CCC(N4CCCCC4)CC3)s2)CCN1C1CCCC1,0.0,0.0,0.0,0.0,0.0,0.0,0.0,0.0,0.0,0.0,0.0,0.0,7.47,0.0,0.0,0.0,0.0,0.0,0.0,0.0,0.0,0.0,0.0,0.0,0.0,0.0,0.0
O=C1NC(=O)C(=Cc2ccc(OCCCN3CCCCC3)cc2)S1,0.0,0.0,0.0,0.0,0.0,0.0,0.0,0.0,0.0,0.0,0.0,0.0,0.0,0.0,0.0,8.1,0.0,0.0,0.0,0.0,0.0,0.0,0.0,0.0,0.0,0.0,0.0
O=C1NC(=O)C(Cc2ccc(OCCCN3CCCCC3)cc2)S1,0.0,0.0,0.0,0.0,0.0,0.0,0.0,0.0,0.0,0.0,0.0,0.0,0.0,0.0,0.0,7.3,0.0,0.0,0.0,0.0,0.0,0.0,0.0,0.0,0.0,0.0,0.0
O=C1NC(=S)SC1=Cc1ccc(OCCCN2CCCCC2)cc1,0.0,0.0,0.0,0.0,0.0,0.0,0.0,0.0,0.0,0.0,0.0,0.0,0.0,0.0,0.0,8.3,0.0,0.0,0.0,0.0,0.0,0.0,0.0,0.0,0.0,0.0,0.0
O=C1NC(Cc2ccc(OCCCN3CCCCC3)cc2)C(=O)NC1Cc1ccccc1,0.0,0.0,0.0,0.0,0.0,0.0,0.0,0.0,0.0,0.0,0.0,0.0,0.0,0.0,0.0,7.41,0.0,0.0,0.0,0.0,0.0,0.0,0.0,0.0,0.0,0.0,0.0
O=C1NC(Cc2ccccc2)C(=O)NC1=Cc1ccc(OCCCN2CCCCC2)cc1,0.0,0.0,0.0,0.0,0.0,0.0,0.0,0.0,0.0,0.0,0.0,0.0,0.0,0.0,0.0,8.7,0.0,0.0,0.0,0.0,0.0,0.0,0.0,0.0,0.0,0.0,0.0
O=C1NC(c2ccccc2)(c2ccccc2)C(=O)N1CCCN1CCCCC1,0.0,0.0,0.0,0.0,0.0,0.0,0.0,0.0,0.0,0.0,0.0,0.0,0.0,0.0,0.0,6.25,0.0,0.0,0.0,0.0,0.0,0.0,0.0,0.0,0.0,0.0,0.0
O=C1NC(c2ccccc2)(c2ccccc2)C(=O)N1Cc1ccc(OCCCN2CCCCC2)cc1,0.0,0.0,0.0,0.0,0.0,0.0,0.0,0.0,0.0,0.0,0.0,0.0,0.0,0.0,0.0,7.12,0.0,0.0,0.0,0.0,0.0,0.0,0.0,0.0,0.0,0.0,0.0
O=C1NCCn2c1cc1cc(OC3CCN(CC4CC4)CC3)ccc12,0.0,0.0,0.0,0.0,0.0,0.0,0.0,0.0,0.0,0.0,0.0,0.0,6.89,0.0,0.0,0.0,0.0,0.0,0.0,0.0,0.0,0.0,0.0,0.0,0.0,0.0,0.0
O=C1NCCn2c1cc1cc(OCCCN3CCCCC3)ccc12,0.0,0.0,0.0,0.0,0.0,0.0,0.0,0.0,0.0,0.0,0.0,0.0,7.75,0.0,0.0,0.0,0.0,0.0,0.0,0.0,0.0,0.0,0.0,0.0,0.0,0.0,0.0
O=C1NN=C(c2ccc(OC3CCN(C4CCC4)CC3)cc2)C2CC12,0.0,0.0,0.0,0.0,8.42,0.0,0.0,0.0,0.0,0.0,0.0,0.0,0.0,0.0,0.0,0.0,0.0,0.0,0.0,0.0,0.0,0.0,0.0,0.0,0.0,0.0,0.0
O=C1NN=C(c2ccc(OC3CCN(C4CCCC4)CC3)cc2)C2CC12,0.0,0.0,0.0,0.0,8.43,0.0,0.0,0.0,0.0,0.0,0.0,0.0,0.0,0.0,0.0,0.0,0.0,0.0,0.0,0.0,0.0,0.0,0.0,0.0,0.0,0.0,0.0
O=C1NN=C(c2ccc(OCCCN3CCCCC3)cc2)C2CC12,0.0,0.0,0.0,0.0,0.0,0.0,0.0,0.0,0.0,0.0,0.0,0.0,7.72,0.0,0.0,0.0,0.0,0.0,0.0,0.0,0.0,0.0,0.0,0.0,0.0,0.0,0.0
O=C1OCCN1c1ccc(Oc2ccc3c(c2)CCN(C2CCC2)CC3)nc1,0.0,0.0,0.0,0.0,0.0,0.0,0.0,0.0,0.0,0.0,9.8,0.0,0.0,0.0,0.0,0.0,0.0,0.0,0.0,0.0,0.0,0.0,0.0,0.0,0.0,0.0,0.0
O=C1c2ccc(-c3cc(F)cc(F)c3)cc2CCN1CCN1CCCC1,0.0,0.0,0.0,0.0,0.0,0.0,0.0,0.0,0.0,0.0,0.0,0.0,0.0,0.0,0.0,0.0,0.0,0.0,0.0,0.0,0.0,0.0,0.0,0.0,0.0,0.0,8.05
O=C1c2ccc(-c3ccc(C(F)(F)F)cc3)cc2CCN1CCN1CCCC1,0.0,0.0,0.0,0.0,0.0,0.0,0.0,0.0,0.0,0.0,0.0,0.0,0.0,0.0,0.0,0.0,0.0,0.0,0.0,0.0,0.0,0.0,0.0,0.0,0.0,0.0,8.03
O=C1c2ccc(-c3ccc(F)c(F)c3)cc2CCN1CCN1CCCC1,0.0,0.0,0.0,0.0,0.0,0.0,0.0,0.0,0.0,0.0,0.0,0.0,0.0,0.0,0.0,0.0,0.0,0.0,0.0,0.0,0.0,0.0,0.0,0.0,0.0,0.0,8.11
O=C1c2ccc(-c3ccc(F)cc3)cc2CCN1CCN1CCCC1,0.0,0.0,0.0,0.0,0.0,0.0,0.0,0.0,0.0,0.0,0.0,0.0,0.0,0.0,0.0,0.0,0.0,0.0,0.0,0.0,0.0,0.0,0.0,0.0,0.0,0.0,7.96
O=C1c2ccc(-c3ccc(F)cc3)cc2CCN1CCN1CCCCC1,0.0,0.0,0.0,0.0,0.0,0.0,0.0,0.0,0.0,0.0,0.0,0.0,0.0,0.0,0.0,0.0,0.0,0.0,0.0,0.0,0.0,0.0,0.0,0.0,0.0,0.0,8.11
O=C1c2ccc(-c3ccc(F)cc3)cc2CCN1CCN1CCCCCC1,0.0,0.0,0.0,0.0,0.0,0.0,0.0,0.0,0.0,0.0,0.0,0.0,0.0,0.0,0.0,0.0,0.0,0.0,0.0,0.0,0.0,0.0,0.0,0.0,0.0,0.0,8.24
O=C1c2ccc(-c3ccc(F)cc3F)cc2CCN1CCN1CCCC1,0.0,0.0,0.0,0.0,0.0,0.0,0.0,0.0,0.0,0.0,0.0,0.0,0.0,0.0,0.0,0.0,0.0,0.0,0.0,0.0,0.0,0.0,0.0,0.0,0.0,0.0,8.09
O=C1c2ccc(-c3ccc(OC(F)(F)F)cc3)cc2CCN1CCN1CCCC1,0.0,0.0,0.0,0.0,0.0,0.0,0.0,0.0,0.0,0.0,0.0,0.0,0.0,0.0,0.0,0.0,0.0,0.0,0.0,0.0,0.0,0.0,0.0,0.0,0.0,0.0,7.83
O=C1c2ccc(-c3cccc(C(F)(F)F)c3)cc2CCN1CCN1CCCC1,0.0,0.0,0.0,0.0,0.0,0.0,0.0,0.0,0.0,0.0,0.0,0.0,0.0,0.0,0.0,0.0,0.0,0.0,0.0,0.0,0.0,0.0,0.0,0.0,0.0,0.0,8.19
O=C1c2ccc(-c3cccc(F)c3)cc2CCN1CCN1CCCC1,0.0,0.0,0.0,0.0,0.0,0.0,0.0,0.0,0.0,0.0,0.0,0.0,0.0,0.0,0.0,0.0,0.0,0.0,0.0,0.0,0.0,0.0,0.0,0.0,0.0,0.0,7.94
O=C1c2ccc(-c3cccc(OC(F)(F)F)c3)cc2CCN1CCN1CCCC1,0.0,0.0,0.0,0.0,0.0,0.0,0.0,0.0,0.0,0.0,0.0,0.0,0.0,0.0,0.0,0.0,0.0,0.0,0.0,0.0,0.0,0.0,0.0,0.0,0.0,0.0,7.55
O=C1c2ccc(-c3ccccc3)cc2CCN1CCN1CCCC1,0.0,0.0,0.0,0.0,0.0,0.0,0.0,0.0,0.0,0.0,0.0,0.0,0.0,0.0,0.0,0.0,0.0,0.0,0.0,0.0,0.0,0.0,0.0,0.0,0.0,0.0,7.94
O=C1c2ccc(-c3ccccc3F)cc2CCN1CCN1CCCC1,0.0,0.0,0.0,0.0,0.0,0.0,0.0,0.0,0.0,0.0,0.0,0.0,0.0,0.0,0.0,0.0,0.0,0.0,0.0,0.0,0.0,0.0,0.0,0.0,0.0,0.0,7.85
O=C1c2ccc(-c3ccncc3)cc2CCN1CCN1CCCC1,0.0,0.0,0.0,0.0,0.0,0.0,0.0,0.0,0.0,0.0,0.0,0.0,0.0,0.0,0.0,0.0,0.0,0.0,0.0,0.0,0.0,0.0,0.0,0.0,0.0,0.0,8.11
O=C1c2ccc(-n3cnc4ccccc43)cc2CCN1CCN1CCCC1,0.0,0.0,0.0,0.0,0.0,0.0,0.0,0.0,0.0,0.0,0.0,0.0,0.0,0.0,0.0,0.0,0.0,0.0,0.0,0.0,0.0,0.0,0.0,0.0,0.0,0.0,9.1
O=C1c2ccc(OC3CCN(C4CCC4)CC3)cc2CCN1C1CCN(C2CCC2)CC1,0.0,0.0,0.0,0.0,0.0,0.0,0.0,0.0,0.0,0.0,0.0,0.0,9.1,0.0,0.0,0.0,0.0,0.0,0.0,0.0,0.0,0.0,0.0,0.0,0.0,0.0,0.0
O=Cc1cccc(-c2cnc3nc(N4CCC(N5CCCCC5)CC4)oc3c2)c1,0.0,0.0,0.0,0.0,0.0,0.0,0.0,0.0,0.0,0.0,0.0,0.0,0.0,0.0,0.0,7.24,0.0,0.0,0.0,0.0,0.0,0.0,0.0,0.0,0.0,0.0,0.0
O=S(=O)(C1CC1)N1CCC(Oc2ccc3c(c2)CCC2(CCN(C4CCC4)CC2)O3)CC1,0.0,0.0,0.0,0.0,8.05,0.0,0.0,0.0,0.0,0.0,0.0,0.0,0.0,0.0,0.0,0.0,0.0,0.0,0.0,0.0,0.0,0.0,0.0,0.0,0.0,0.0,0.0
O=S(=O)(c1ccccc1)N1CCCc2cc(OCCCN3CCCCC3)ccc21,0.0,0.0,0.0,0.0,0.0,0.0,0.0,0.0,0.0,0.0,0.0,0.0,7.75,0.0,0.0,0.0,0.0,0.0,0.0,0.0,0.0,0.0,0.0,0.0,0.0,0.0,0.0
O=S(=O)(c1ccccc1)N1CCCc2ccc(OCCCN3CCCCC3)cc21,0.0,0.0,0.0,0.0,0.0,0.0,0.0,0.0,0.0,0.0,0.0,0.0,8.14,0.0,0.0,0.0,0.0,0.0,0.0,0.0,0.0,0.0,0.0,0.0,0.0,0.0,0.0
O=S(=O)(c1ccccc1)N1CCc2c(C3CCN(C4CCC4)CC3)cccc21,0.0,0.0,0.0,0.0,0.0,0.0,0.0,0.0,0.0,0.0,0.0,0.0,0.0,0.0,0.0,0.0,6.67,0.0,0.0,0.0,0.0,0.0,0.0,0.0,0.0,0.0,0.0
O=S(=O)(c1ccccc1)N1CCc2c(N3CCN(C4CCC4)CC3)cccc21,0.0,0.0,0.0,0.0,0.0,0.0,0.0,0.0,0.0,0.0,0.0,0.0,0.0,0.0,0.0,0.0,6.24,0.0,0.0,0.0,0.0,0.0,0.0,0.0,0.0,0.0,0.0
O=S(=O)(c1ccccc1)N1CCc2cc(OCCCN3CCCCC3)ccc2C1,0.0,0.0,0.0,0.0,0.0,0.0,0.0,0.0,0.0,0.0,0.0,0.0,8.13,0.0,0.0,0.0,0.0,0.0,0.0,0.0,0.0,0.0,0.0,0.0,0.0,0.0,0.0
O=S(=O)(c1ccccc1)N1CCc2ccc(OCCCN3CCCCC3)cc2C1,0.0,0.0,0.0,0.0,0.0,0.0,0.0,0.0,0.0,0.0,0.0,0.0,9.28,0.0,0.0,0.0,0.0,0.0,0.0,0.0,0.0,0.0,0.0,0.0,0.0,0.0,0.0
O=S(=O)(c1ccccc1)N1Cc2ccc(N3CCN(C4CCC4)CC3)cc2C1,0.0,0.0,0.0,0.0,0.0,0.0,0.0,0.0,0.0,0.0,0.0,0.0,0.0,0.0,0.0,0.0,6.4,0.0,0.0,0.0,0.0,0.0,0.0,0.0,0.0,0.0,0.0
O=S1(=O)CCC(COc2ccc3c(c2)CCC2(CCN(C4CCC4)CC2)O3)CC1,0.0,0.0,0.0,0.0,0.0,0.0,0.0,0.0,0.0,0.0,0.0,0.0,8.4,0.0,0.0,0.0,0.0,0.0,0.0,0.0,0.0,0.0,0.0,0.0,0.0,0.0,0.0
O=S1(=O)CCC(Oc2ccc3c(c2)CCC2(CCN(C4CCC4)CC2)O3)C1,0.0,0.0,0.0,0.0,0.0,0.0,0.0,0.0,0.0,0.0,0.0,0.0,7.64,0.0,0.0,0.0,0.0,0.0,0.0,0.0,0.0,0.0,0.0,0.0,0.0,0.0,0.0
O=S1(=O)CCC(Oc2ccc3c(c2)CCC2(CCN(C4CCC4)CC2)O3)CC1,0.0,0.0,0.0,0.0,0.0,0.0,0.0,0.0,0.0,0.0,0.0,0.0,8.15,0.0,0.0,0.0,0.0,0.0,0.0,0.0,0.0,0.0,0.0,0.0,0.0,0.0,0.0
O=[N+]([O-])c1ccc(C2CN3CCCC3c3cc(OCCCN4CCCCC4)ccc32)cc1,8.89,8.17,0.0,0.0,0.0,0.0,0.0,0.0,0.0,0.0,0.0,0.0,0.0,0.0,0.0,0.0,0.0,0.0,0.0,0.0,0.0,0.0,0.0,0.0,0.0,0.0,0.0
O=[N+]([O-])c1ccc(CCN2CCCC2)cc1,0.0,0.0,0.0,0.0,0.0,0.0,0.0,0.0,0.0,0.0,0.0,0.0,0.0,0.0,0.0,6.44,0.0,0.0,0.0,0.0,0.0,0.0,0.0,0.0,0.0,0.0,0.0
O=[N+]([O-])c1ccc(CN=C(NC2CCCCC2)SCCCc2c[nH]cn2)cc1,0.0,0.0,0.0,0.0,0.0,0.0,0.0,0.0,0.0,0.0,0.0,0.0,0.0,0.0,0.0,8.94,0.0,0.0,0.0,0.0,0.0,0.0,0.0,0.0,0.0,0.0,0.0
O=[N+]([O-])c1ccc(N2CCC(Cc3c[nH]cn3)CC2)cc1,0.0,0.0,0.0,0.0,7.7,0.0,0.0,0.0,0.0,0.0,0.0,0.0,0.0,0.0,0.0,0.0,0.0,0.0,0.0,0.0,0.0,0.0,0.0,0.0,0.0,0.0,0.0
O=[N+]([O-])c1ccc(NCCCCCN2CCCCC2)c2nonc12,0.0,0.0,0.0,0.0,0.0,0.0,0.0,0.0,0.0,0.0,0.0,0.0,0.0,0.0,0.0,0.0,7.96,0.0,0.0,0.0,0.0,0.0,0.0,0.0,0.0,0.0,0.0
O=[N+]([O-])c1ccc(NCCCCN2CCCCC2)c2nonc12,0.0,0.0,0.0,0.0,0.0,0.0,0.0,0.0,0.0,0.0,0.0,0.0,0.0,0.0,0.0,0.0,6.77,0.0,0.0,0.0,0.0,0.0,0.0,0.0,0.0,0.0,0.0
O=[N+]([O-])c1cccc(C(OCCCc2c[nH]cn2)c2ccccc2)c1,0.0,0.0,0.0,0.0,0.0,0.0,0.0,0.0,0.0,0.0,0.0,0.0,8.02,0.0,0.0,0.0,0.0,0.0,0.0,0.0,0.0,0.0,0.0,0.0,0.0,0.0,0.0
O=c1[nH]c(=Cc2ccc(OCCCN3CCCCC3)cc2)c(=O)[nH]c1=Cc1ccccc1,0.0,0.0,0.0,0.0,0.0,0.0,0.0,0.0,0.0,0.0,0.0,0.0,0.0,0.0,0.0,8.42,0.0,0.0,0.0,0.0,0.0,0.0,0.0,0.0,0.0,0.0,0.0
O=c1c2cc(Cl)ccc2oc2ccc(OCCCCCCN3CCCCC3)cc12,0.0,0.0,0.0,0.0,0.0,0.0,0.0,0.0,0.0,0.0,0.0,0.0,0.0,0.0,0.0,0.0,6.55,0.0,0.0,0.0,0.0,0.0,0.0,0.0,0.0,0.0,0.0
O=c1c2cc(Cl)ccc2oc2ccc(OCCCCCCN3CCCCCC3)cc12,0.0,0.0,0.0,0.0,0.0,0.0,0.0,0.0,0.0,0.0,0.0,0.0,0.0,0.0,0.0,0.0,6.62,0.0,0.0,0.0,0.0,0.0,0.0,0.0,0.0,0.0,0.0
O=c1c2cc(Cl)ccc2oc2ccc(OCCCCCN3CCCCC3)cc12,0.0,0.0,0.0,0.0,0.0,0.0,0.0,0.0,0.0,0.0,0.0,0.0,0.0,0.0,0.0,0.0,6.82,0.0,0.0,0.0,0.0,0.0,0.0,0.0,0.0,0.0,0.0
O=c1c2cc(Cl)ccc2oc2ccc(OCCCCCN3CCCCCC3)cc12,0.0,0.0,0.0,0.0,0.0,0.0,0.0,0.0,0.0,0.0,0.0,0.0,0.0,0.0,0.0,0.0,7.0,0.0,0.0,0.0,0.0,0.0,0.0,0.0,0.0,0.0,0.0
O=c1c2cc(OCCCN3CCCCC3)ccc2nc2n1CCC2,0.0,0.0,0.0,0.0,0.0,0.0,0.0,0.0,0.0,0.0,0.0,0.0,5.6,0.0,0.0,0.0,0.0,0.0,0.0,0.0,0.0,0.0,0.0,0.0,0.0,0.0,0.0
O=c1c2ccc(Cl)cc2oc2ccc(OCCCCCCN3CCCCC3)cc12,0.0,0.0,0.0,0.0,0.0,0.0,0.0,0.0,0.0,0.0,0.0,0.0,0.0,0.0,0.0,0.0,6.69,0.0,0.0,0.0,0.0,0.0,0.0,0.0,0.0,0.0,0.0
O=c1c2ccc(Cl)cc2oc2ccc(OCCCCCCN3CCCCCC3)cc12,0.0,0.0,0.0,0.0,0.0,0.0,0.0,0.0,0.0,0.0,0.0,0.0,0.0,0.0,0.0,0.0,6.22,0.0,0.0,0.0,0.0,0.0,0.0,0.0,0.0,0.0,0.0
O=c1c2ccc(Cl)cc2oc2ccc(OCCCCCN3CCCCCC3)cc12,0.0,0.0,0.0,0.0,0.0,0.0,0.0,0.0,0.0,0.0,0.0,0.0,0.0,0.0,0.0,0.0,7.07,0.0,0.0,0.0,0.0,0.0,0.0,0.0,0.0,0.0,0.0
O=c1c2ccccc2c(-c2ccc(OCCCN3CCCCC3)cc2)nn1Cc1ccc(Cl)cc1,0.0,0.0,0.0,0.0,7.96,0.0,0.0,0.0,0.0,0.0,0.0,0.0,0.0,0.0,0.0,0.0,0.0,0.0,0.0,0.0,0.0,0.0,0.0,0.0,0.0,0.0,0.0
O=c1c2ccccc2c(Cc2ccc(Cl)cc2)nn1C1CCCN(CCCCc2ccc(OCCCN3CCCCCC3)cc2)CC1,0.0,0.0,0.0,0.0,0.0,8.7,0.0,0.0,0.0,0.0,0.0,0.0,0.0,0.0,0.0,0.0,0.0,0.0,0.0,0.0,0.0,0.0,0.0,0.0,0.0,0.0,0.0
O=c1c2ccccc2c(Cc2ccc(Cl)cc2)nn1C1CCCN(CCCc2ccc(OCCCN3CCCCCC3)cc2)CC1,0.0,0.0,0.0,0.0,0.0,9.6,0.0,0.0,0.0,0.0,0.0,0.0,0.0,0.0,0.0,0.0,0.0,0.0,0.0,0.0,0.0,0.0,0.0,0.0,0.0,0.0,0.0
O=c1c2ccccc2c(Cc2ccc(Cl)cc2)nn1C1CCCN(CCc2ccc(OCCCN3CCCCCC3)cc2)CC1,0.0,0.0,0.0,0.0,0.0,8.4,0.0,0.0,0.0,0.0,0.0,0.0,0.0,0.0,0.0,0.0,0.0,0.0,0.0,0.0,0.0,0.0,0.0,0.0,0.0,0.0,0.0
O=c1c2ccccc2c(Cc2ccc(Cl)cc2)nn1C1CCCN(Cc2ccc(OCCCN3CCCCCC3)cc2)CC1,0.0,0.0,0.0,0.0,0.0,9.3,0.0,0.0,0.0,0.0,0.0,0.0,0.0,0.0,0.0,0.0,0.0,0.0,0.0,0.0,0.0,0.0,0.0,0.0,0.0,0.0,0.0
O=c1c2ccccc2c(Cc2ccc(Cl)cc2)nn1CC1CCCN1CCCCCc1ccc(OCCCN2CCCCCC2)cc1,0.0,0.0,0.0,0.0,0.0,9.4,0.0,0.0,0.0,0.0,0.0,0.0,0.0,0.0,0.0,0.0,0.0,0.0,0.0,0.0,0.0,0.0,0.0,0.0,0.0,0.0,0.0
O=c1c2ccccc2c(Cc2ccc(Cl)cc2)nn1CC1CCCN1CCCCc1ccc(OCCCN2CCCCCC2)cc1,0.0,0.0,0.0,0.0,0.0,9.6,0.0,0.0,0.0,0.0,0.0,0.0,9.6,0.0,0.0,0.0,0.0,0.0,0.0,0.0,0.0,0.0,0.0,0.0,0.0,0.0,0.0
O=c1c2ccccc2c(Cc2ccc(Cl)cc2)nn1CCNCCCCc1ccc(OCCCN2CCCCCC2)cc1,0.0,0.0,0.0,0.0,0.0,9.4,0.0,0.0,0.0,0.0,0.0,0.0,0.0,0.0,0.0,0.0,0.0,0.0,0.0,0.0,0.0,0.0,0.0,0.0,0.0,0.0,0.0
O=c1c2ccccc2c(Cc2ccc(O)cc2)nn1CC1CCCN1CCCCc1ccc(OCCCN2CCCCCC2)cc1,0.0,0.0,0.0,0.0,0.0,9.4,0.0,0.0,0.0,0.0,0.0,0.0,0.0,0.0,0.0,0.0,0.0,0.0,0.0,0.0,0.0,0.0,0.0,0.0,0.0,0.0,0.0
O=c1c2ccccc2nc(-c2ccc(OCCCN3CCCCC3)cc2)n1-c1ccccc1,0.0,0.0,0.0,0.0,0.0,0.0,0.0,0.0,0.0,0.0,0.0,0.0,9.3,0.0,0.0,0.0,0.0,0.0,0.0,0.0,0.0,0.0,0.0,0.0,0.0,0.0,0.0
O=c1c2ccccc2nc(-c2ccc(OCCCN3CCCCC3)cc2)n1Cc1ccccc1,0.0,0.0,0.0,0.0,0.0,0.0,0.0,0.0,0.0,0.0,0.0,0.0,10.01,0.0,0.0,0.0,0.0,0.0,0.0,0.0,0.0,0.0,0.0,0.0,0.0,0.0,0.0
O=c1c2ccccc2nc(-c2ccccc2)n1-c1ccc(OCCCN2CCCC2)cc1,0.0,0.0,0.0,0.0,0.0,0.0,0.0,0.0,0.0,0.0,0.0,0.0,9.66,0.0,0.0,0.0,0.0,0.0,0.0,0.0,0.0,0.0,0.0,0.0,0.0,0.0,0.0
O=c1c2ccccc2ncn1-c1ccc(OCCCN2CCCC2)cc1,0.0,0.0,0.0,0.0,0.0,0.0,0.0,0.0,0.0,0.0,0.0,0.0,8.96,0.0,0.0,0.0,0.0,0.0,0.0,0.0,0.0,0.0,0.0,0.0,0.0,0.0,0.0
O=c1c2ccccc2oc2ccc(OCCCCCCN3CCCCC3)cc12,0.0,0.0,0.0,0.0,0.0,0.0,0.0,0.0,0.0,0.0,0.0,0.0,0.0,0.0,0.0,0.0,5.97,0.0,0.0,0.0,0.0,0.0,0.0,0.0,0.0,0.0,0.0
O=c1c2ccccc2oc2ccc(OCCCCCCN3CCCCCC3)cc12,0.0,0.0,0.0,0.0,0.0,0.0,0.0,0.0,0.0,0.0,0.0,0.0,0.0,0.0,0.0,0.0,6.3,0.0,0.0,0.0,0.0,0.0,0.0,0.0,0.0,0.0,0.0
O=c1c2ccccc2oc2ccc(OCCCCCN3CCCCC3)cc12,0.0,0.0,0.0,0.0,0.0,0.0,0.0,0.0,0.0,0.0,0.0,0.0,0.0,0.0,0.0,0.0,6.76,0.0,0.0,0.0,0.0,0.0,0.0,0.0,0.0,0.0,0.0
O=c1c2ccccc2oc2ccc(OCCCCCN3CCCCCC3)cc12,0.0,0.0,0.0,0.0,0.0,0.0,0.0,0.0,0.0,0.0,0.0,0.0,0.0,0.0,0.0,0.0,6.77,0.0,0.0,0.0,0.0,0.0,0.0,0.0,0.0,0.0,0.0
O=c1c2ccncc2c(Cc2ccc(Cl)cc2)nn1CC1CCCN1CCCCc1ccc(OCCCN2CCCCCC2)cc1,0.0,0.0,0.0,0.0,0.0,9.25,0.0,0.0,0.0,0.0,0.0,0.0,0.0,0.0,0.0,0.0,0.0,0.0,0.0,0.0,0.0,0.0,0.0,0.0,0.0,0.0,0.0
O=c1c2ccsc2c(-c2ccc(OCCCN3CCCCC3)cc2)nn1Cc1ccc(Cl)cc1,0.0,0.0,0.0,0.0,7.32,0.0,0.0,0.0,0.0,0.0,0.0,0.0,0.0,0.0,0.0,0.0,0.0,0.0,0.0,0.0,0.0,0.0,0.0,0.0,0.0,0.0,0.0
O=c1cc(-c2ccc(OC3CCN(C4CCC4)CC3)cc2)cn[nH]1,0.0,0.0,0.0,0.0,8.7,0.0,0.0,0.0,0.0,0.0,0.0,0.0,0.0,0.0,0.0,0.0,0.0,0.0,0.0,0.0,0.0,0.0,0.0,0.0,0.0,0.0,0.0
O=c1cc(-c2ccc(OC3CCN(C4CCC4)CC3)nc2)cn[nH]1,0.0,0.0,0.0,0.0,7.85,0.0,0.0,0.0,0.0,0.0,0.0,0.0,0.0,0.0,0.0,0.0,0.0,0.0,0.0,0.0,0.0,0.0,0.0,0.0,0.0,0.0,0.0
O=c1cc(CN(Cc2ccc(OCCCN3CCCCC3)cc2)Cc2cc(=O)c(O)co2)occ1O,0.0,0.0,0.0,0.0,0.0,0.0,0.0,0.0,0.0,0.0,0.0,0.0,0.0,0.0,0.0,0.0,0.0,0.0,0.0,0.0,0.0,0.0,0.0,0.0,0.0,8.0,0.0
O=c1cc(CNCc2ccc(OCCCN3CCCCC3)cc2)occ1O,0.0,0.0,0.0,0.0,0.0,0.0,0.0,0.0,0.0,0.0,0.0,0.0,0.0,0.0,0.0,0.0,0.0,0.0,0.0,0.0,0.0,0.0,0.0,0.0,0.0,7.5,0.0
O=c1cc(OCc2ccc(F)cc2)ccn1-c1ccc(OCCN2CCCC2)cc1,0.0,0.0,0.0,0.0,0.0,0.0,0.0,0.0,0.0,0.0,0.0,0.0,0.0,0.0,0.0,6.29,0.0,0.0,0.0,0.0,0.0,0.0,0.0,0.0,0.0,0.0,0.0
O=c1cc2c(nn1Cc1ccccc1)-c1ccc(OCCCN3CCCCC3)cc1CC2,0.0,0.0,0.0,0.0,6.98,0.0,0.0,0.0,0.0,0.0,0.0,0.0,0.0,0.0,0.0,0.0,0.0,0.0,0.0,0.0,0.0,0.0,0.0,0.0,0.0,0.0,0.0
O=c1cc[nH]c(=O)n1Cc1ccc(OCCCN2CCCCC2)cc1,0.0,0.0,0.0,0.0,0.0,0.0,0.0,0.0,0.0,0.0,0.0,0.0,0.0,0.0,0.0,7.54,0.0,0.0,0.0,0.0,0.0,0.0,0.0,0.0,0.0,0.0,0.0
O=c1ccc(-c2ccc(OC3CCN(C4CCC4)CC3)cc2)n[nH]1,0.0,0.0,0.0,0.0,8.72,0.0,0.0,0.0,0.0,0.0,0.0,0.0,0.0,0.0,0.0,0.0,0.0,0.0,0.0,0.0,0.0,0.0,0.0,0.0,0.0,0.0,0.0
O=c1ccc(-c2ccc(OC3CCN(C4CCC4)CC3)cc2)nn1-c1ccccn1,0.0,0.0,0.0,0.0,8.01,0.0,0.0,0.0,0.0,0.0,0.0,0.0,0.0,0.0,0.0,0.0,0.0,0.0,0.0,0.0,0.0,0.0,0.0,0.0,0.0,0.0,0.0
O=c1ccc(-c2ccc(OC3CCN(C4CCC4)CC3)nc2)n[nH]1,0.0,0.0,0.0,0.0,8.2,0.0,0.0,0.0,0.0,0.0,0.0,0.0,0.0,0.0,0.0,0.0,0.0,0.0,0.0,0.0,0.0,0.0,0.0,0.0,0.0,0.0,0.0
O=c1ccc(-c2ccc(OC3CCN(C4CCC4)CC3)nc2)nn1-c1ccccn1,0.0,0.0,0.0,0.0,7.47,0.0,0.0,0.0,0.0,0.0,0.0,0.0,0.0,0.0,0.0,0.0,0.0,0.0,0.0,0.0,0.0,0.0,0.0,0.0,0.0,0.0,0.0
O=c1ccc(-c2ccc(OC3CCN(C4CCCC4)CC3)cc2)n[nH]1,0.0,0.0,0.0,0.0,8.29,0.0,0.0,0.0,0.0,0.0,0.0,0.0,0.0,0.0,0.0,0.0,0.0,0.0,0.0,0.0,0.0,0.0,0.0,0.0,0.0,0.0,0.0
O=c1ccc(-c2ccc(OC3CCN(C4CCCC4)CC3)nc2)n[nH]1,0.0,0.0,0.0,0.0,7.58,0.0,0.0,0.0,0.0,0.0,0.0,0.0,0.0,0.0,0.0,0.0,0.0,0.0,0.0,0.0,0.0,0.0,0.0,0.0,0.0,0.0,0.0
O=c1ccc(-c2ccc(OCCCN3CCCC3)cc2)n[nH]1,0.0,0.0,0.0,0.0,7.8,0.0,0.0,0.0,0.0,0.0,0.0,0.0,0.0,0.0,0.0,0.0,0.0,0.0,0.0,0.0,0.0,0.0,0.0,0.0,0.0,0.0,0.0
O=c1ccc(-c2ccc(OCCCN3CCCCC3)cc2)n[nH]1,0.0,0.0,0.0,0.0,8.06,0.0,0.0,0.0,0.0,0.0,0.0,0.0,0.0,0.0,0.0,0.0,0.0,0.0,0.0,0.0,0.0,0.0,0.0,0.0,0.0,0.0,0.0
O=c1ccc(-c2ccc(OCCCN3CCOCC3)cc2)n[nH]1,0.0,0.0,0.0,0.0,6.12,0.0,0.0,0.0,0.0,0.0,0.0,0.0,0.0,0.0,0.0,0.0,0.0,0.0,0.0,0.0,0.0,0.0,0.0,0.0,0.0,0.0,0.0
O=c1ccc2c(-c3nnc(N4CCC(N5CCCCC5)CC4)s3)cccc2[nH]1,0.0,0.0,0.0,0.0,0.0,0.0,0.0,0.0,0.0,0.0,0.0,0.0,0.0,0.0,0.0,7.7,0.0,0.0,0.0,0.0,0.0,0.0,0.0,0.0,0.0,0.0,0.0
O=c1ccc2cc(-c3nnc(N4CCC(N5CCCCC5)CC4)s3)ccc2[nH]1,0.0,0.0,0.0,0.0,0.0,0.0,0.0,0.0,0.0,0.0,0.0,0.0,0.0,0.0,0.0,8.0,0.0,0.0,0.0,0.0,0.0,0.0,0.0,0.0,0.0,0.0,0.0
O=c1ccc2ccc(-c3nnc(N4CCC(N5CCCCC5)CC4)s3)cc2[nH]1,0.0,0.0,0.0,0.0,0.0,0.0,0.0,0.0,0.0,0.0,0.0,0.0,0.0,0.0,0.0,7.45,0.0,0.0,0.0,0.0,0.0,0.0,0.0,0.0,0.0,0.0,0.0
O=c1cccnn1-c1cccc(-c2nnc(N3CCC(N4CCCCC4)CC3)s2)c1,0.0,0.0,0.0,0.0,0.0,0.0,0.0,0.0,0.0,0.0,0.0,0.0,0.0,0.0,0.0,7.92,0.0,0.0,0.0,0.0,0.0,0.0,0.0,0.0,0.0,0.0,0.0
O=c1ccn(CCCN2CCCCC2)c(=O)[nH]1,0.0,0.0,0.0,0.0,0.0,0.0,0.0,0.0,0.0,0.0,0.0,0.0,0.0,0.0,0.0,5.15,0.0,0.0,0.0,0.0,0.0,0.0,0.0,0.0,0.0,0.0,0.0
O=c1ccn(Cc2ccc(OCCCN3CCCCC3)cc2)c(=O)[nH]1,0.0,0.0,0.0,0.0,0.0,0.0,0.0,0.0,0.0,0.0,0.0,0.0,0.0,0.0,0.0,7.89,0.0,0.0,0.0,0.0,0.0,0.0,0.0,0.0,0.0,0.0,0.0
O=c1ccnc2c(-c3cnc4nc(N5CCC(N6CCCCC6)CC5)oc4c3)cccn12,0.0,0.0,0.0,0.0,0.0,0.0,0.0,0.0,0.0,0.0,0.0,0.0,0.0,0.0,0.0,7.6,0.0,0.0,0.0,0.0,0.0,0.0,0.0,0.0,0.0,0.0,0.0
O=c1ccnc2c(-c3nnc(N4CCC(N5CCCCC5)CC4)s3)cccn12,0.0,0.0,0.0,0.0,0.0,0.0,0.0,0.0,0.0,0.0,0.0,0.0,0.0,0.0,0.0,8.68,0.0,0.0,0.0,0.0,0.0,0.0,0.0,0.0,0.0,0.0,0.0
O=c1ccnc2ccc(-c3cnc4nc(N5CCC(N6CCCCC6)CC5)oc4c3)cn12,0.0,0.0,0.0,0.0,0.0,0.0,0.0,0.0,0.0,0.0,0.0,0.0,0.0,0.0,0.0,6.92,0.0,0.0,0.0,0.0,0.0,0.0,0.0,0.0,0.0,0.0,0.0
O=c1ccnc2ccc(-c3nnc(N4CCC(N5CCCCC5)CC4)s3)cn12,0.0,0.0,0.0,0.0,0.0,0.0,0.0,0.0,0.0,0.0,0.0,0.0,0.0,0.0,0.0,7.89,0.0,0.0,0.0,0.0,0.0,0.0,0.0,0.0,0.0,0.0,0.0
O=c1ccoc2ccc(-c3nnc(N4CCC(N5CCCCC5)CC4)s3)cc12,0.0,0.0,0.0,0.0,0.0,0.0,0.0,0.0,0.0,0.0,0.0,0.0,0.0,0.0,0.0,7.9,0.0,0.0,0.0,0.0,0.0,0.0,0.0,0.0,0.0,0.0,0.0
O=c1nc[nH]c2cc(-c3cnc4nc(N5CCC(N6CCCCC6)CC5)oc4c3)ccc12,0.0,0.0,0.0,0.0,0.0,0.0,0.0,0.0,0.0,0.0,0.0,0.0,0.0,0.0,0.0,6.82,0.0,0.0,0.0,0.0,0.0,0.0,0.0,0.0,0.0,0.0,0.0
OC(c1ccc(OCCCN2CCCCC2)cc1)C1CCCCC1,0.0,0.0,0.0,0.0,0.0,0.0,0.0,0.0,0.0,0.0,0.0,0.0,0.0,0.0,0.0,8.54,0.0,0.0,0.0,0.0,0.0,0.0,0.0,0.0,0.0,0.0,0.0
OC(c1ccc(OCCCN2CCCCC2)cc1)C1CCOCC1,0.0,0.0,0.0,0.0,0.0,0.0,0.0,0.0,0.0,0.0,0.0,0.0,0.0,0.0,0.0,7.89,0.0,0.0,0.0,0.0,0.0,0.0,0.0,0.0,0.0,0.0,0.0
OC1(c2ccc(OCCCN3CCCCC3)cc2)CCC1,0.0,0.0,0.0,0.0,0.0,0.0,0.0,0.0,0.0,0.0,0.0,0.0,0.0,0.0,0.0,7.75,0.0,0.0,0.0,0.0,0.0,0.0,0.0,0.0,0.0,0.0,0.0
OC1(c2ccc(OCCCN3CCCCC3)cc2)CCCC1,0.0,0.0,0.0,0.0,0.0,0.0,0.0,0.0,0.0,0.0,0.0,0.0,0.0,0.0,0.0,9.09,0.0,0.0,0.0,0.0,0.0,0.0,0.0,0.0,0.0,0.0,0.0
OC1(c2ccc(OCCCN3CCCCC3)cc2)CCCCC1,0.0,0.0,0.0,0.0,0.0,0.0,0.0,0.0,0.0,0.0,0.0,0.0,0.0,0.0,0.0,8.41,0.0,0.0,0.0,0.0,0.0,0.0,0.0,0.0,0.0,0.0,0.0
OC1(c2ccc(OCCCN3CCCCC3)cc2)CCOCC1,0.0,0.0,0.0,0.0,0.0,0.0,0.0,0.0,0.0,0.0,0.0,0.0,0.0,0.0,0.0,8.39,0.0,0.0,0.0,0.0,0.0,0.0,0.0,0.0,0.0,0.0,0.0
OC1(c2ccccn2)CCCN(c2nnc(N3CCC(N4CCCCC4)CC3)s2)C1,0.0,0.0,0.0,0.0,0.0,0.0,0.0,0.0,0.0,0.0,0.0,0.0,7.28,0.0,0.0,0.0,0.0,0.0,0.0,0.0,0.0,0.0,0.0,0.0,0.0,0.0,0.0
OC1(c2ncccn2)CCCN(c2nnc(N3CCC(N4CCCCC4)CC3)s2)C1,0.0,0.0,0.0,0.0,0.0,0.0,0.0,0.0,0.0,0.0,0.0,0.0,7.17,0.0,0.0,0.0,0.0,0.0,0.0,0.0,0.0,0.0,0.0,0.0,0.0,0.0,0.0
OC1CCC(Cc2ccc(OCCCN3CCCCC3)cc2)CC1,0.0,0.0,0.0,0.0,0.0,0.0,0.0,0.0,0.0,0.0,0.0,0.0,0.0,0.0,0.0,8.72,0.0,0.0,0.0,0.0,0.0,0.0,0.0,0.0,0.0,0.0,0.0
OC1CCC(c2ccc(OCCCN3CCCCC3)cc2)CC1,0.0,0.0,0.0,0.0,0.0,0.0,0.0,0.0,0.0,0.0,0.0,0.0,0.0,0.0,0.0,8.59,0.0,0.0,0.0,0.0,0.0,0.0,0.0,0.0,0.0,0.0,0.0
OC1CCCN(c2nnc(N3CCC(N4CCCCC4)CC3)s2)C1,0.0,0.0,0.0,0.0,0.0,0.0,0.0,0.0,0.0,0.0,0.0,0.0,7.34,0.0,0.0,0.0,0.0,0.0,0.0,0.0,0.0,0.0,0.0,0.0,0.0,0.0,0.0
OC1CCN(C2CCC(c3ccc(OCCCN4CCCCC4)cc3)CC2)CC1,0.0,0.0,0.0,0.0,0.0,0.0,0.0,0.0,0.0,0.0,0.0,0.0,0.0,0.0,0.0,9.24,0.0,0.0,0.0,0.0,0.0,0.0,0.0,0.0,0.0,0.0,0.0
OC1CCN(Cc2ccc(C#CCCN3CCCCC3)cc2)CC1,0.0,9.05,0.0,0.0,0.0,0.0,0.0,0.0,0.0,0.0,0.0,0.0,0.0,0.0,0.0,0.0,0.0,0.0,0.0,0.0,0.0,0.0,0.0,0.0,0.0,0.0,0.0
OC1CCN(Cc2ccc(OCCCN3CCCCC3)cc2)CC1,0.0,0.0,0.0,0.0,0.0,0.0,0.0,0.0,0.0,0.0,0.0,0.0,9.13,0.0,0.0,9.23,0.0,0.0,0.0,0.0,0.0,0.0,0.0,0.0,0.0,0.0,0.0
OCC#Cc1ccc(OCCCN2CCCCC2)cc1,0.0,0.0,0.0,0.0,0.0,0.0,0.0,0.0,0.0,0.0,0.0,0.0,0.0,0.0,0.0,7.82,0.0,0.0,0.0,0.0,0.0,0.0,0.0,0.0,0.0,0.0,0.0
OCC1CCN(Cc2ccc(OCCCN3CCCCC3)cc2)CC1,0.0,0.0,0.0,0.0,0.0,0.0,0.0,0.0,0.0,0.0,0.0,0.0,0.0,0.0,0.0,9.17,0.0,0.0,0.0,0.0,0.0,0.0,0.0,0.0,0.0,0.0,0.0
OCCC#Cc1ccc(OCCCN2CCCCC2)cc1,0.0,0.0,0.0,0.0,0.0,0.0,0.0,0.0,0.0,0.0,0.0,0.0,0.0,0.0,0.0,7.72,0.0,0.0,0.0,0.0,0.0,0.0,0.0,0.0,0.0,0.0,0.0
OCCOc1ccc2c(c1)CCC1(CCN(C3CCC3)CC1)O2,0.0,0.0,0.0,0.0,0.0,0.0,0.0,0.0,0.0,0.0,0.0,0.0,6.9,0.0,0.0,0.0,0.0,0.0,0.0,0.0,0.0,0.0,0.0,0.0,0.0,0.0,0.0
OCCc1ccc(OCCCN2CCCCC2)cc1,0.0,0.0,0.0,0.0,0.0,0.0,0.0,0.0,0.0,0.0,0.0,0.0,0.0,0.0,0.0,7.5,0.0,0.0,0.0,0.0,0.0,0.0,0.0,0.0,0.0,0.0,0.0
OCc1ccc(OCCCN2CCCCC2)cc1,0.0,0.0,0.0,0.0,0.0,0.0,0.0,0.0,0.0,0.0,0.0,0.0,0.0,0.0,0.0,7.64,0.0,0.0,0.0,0.0,0.0,0.0,0.0,0.0,0.0,0.0,0.0
OCc1cccc(-c2cnc3nc(N4CCC(N5CCCCC5)CC4)oc3c2)c1,0.0,0.0,0.0,0.0,0.0,0.0,0.0,0.0,0.0,0.0,0.0,0.0,0.0,0.0,0.0,6.6,0.0,0.0,0.0,0.0,0.0,0.0,0.0,0.0,0.0,0.0,0.0
Oc1ccc(-c2cc3sc(N4CCC(N5CCCCC5)CC4)nc3cn2)cc1,0.0,0.0,0.0,0.0,0.0,0.0,0.0,0.0,0.0,0.0,0.0,0.0,0.0,0.0,0.0,6.67,0.0,0.0,0.0,0.0,0.0,0.0,0.0,0.0,0.0,0.0,0.0
Oc1ccc(-c2cc3sc(N4CCC(N5CCCCC5)CC4)nc3cn2)cn1,0.0,0.0,0.0,0.0,0.0,0.0,0.0,0.0,0.0,0.0,0.0,0.0,8.1,0.0,0.0,8.1,0.0,0.0,0.0,0.0,0.0,0.0,0.0,0.0,0.0,0.0,0.0
Oc1ccc(-c2cnc3nc(N4CCC(N5CCCCC5)CC4)sc3c2)cc1,0.0,0.0,0.0,0.0,0.0,0.0,0.0,0.0,0.0,0.0,0.0,0.0,0.0,0.0,0.0,7.23,0.0,0.0,0.0,0.0,0.0,0.0,0.0,0.0,0.0,0.0,0.0
Oc1ccc(-c2cnc3nc(N4CCC(N5CCCCC5)CC4)sc3c2)cn1,0.0,0.0,0.0,0.0,0.0,0.0,0.0,0.0,0.0,0.0,0.0,0.0,7.38,0.0,0.0,7.38,0.0,0.0,0.0,0.0,0.0,0.0,0.0,0.0,0.0,0.0,0.0
Oc1ccc(C2CN3CCCC3c3cc(OCCCN4CCCCC4)ccc32)cc1,8.77,7.16,0.0,0.0,0.0,0.0,0.0,0.0,0.0,0.0,0.0,0.0,0.0,0.0,0.0,0.0,0.0,0.0,0.0,0.0,0.0,0.0,0.0,0.0,0.0,0.0,0.0
Oc1cccc(C2CN3CCCC3c3cc(OCCCN4CCCCC4)ccc32)c1,9.15,8.28,0.0,0.0,0.0,0.0,0.0,0.0,0.0,0.0,0.0,0.0,0.0,0.0,0.0,0.0,0.0,0.0,0.0,0.0,0.0,0.0,0.0,0.0,0.0,0.0,0.0
Oc1ccccc1C1CN2CCCC2c2cc(OCCCN3CCCCC3)ccc21,8.43,6.82,0.0,0.0,0.0,0.0,0.0,0.0,0.0,0.0,0.0,0.0,0.0,0.0,0.0,0.0,0.0,0.0,0.0,0.0,0.0,0.0,0.0,0.0,0.0,0.0,0.0
Oc1ccccc1CCN1CCCC1,0.0,0.0,0.0,0.0,0.0,0.0,0.0,0.0,0.0,0.0,0.0,0.0,0.0,0.0,0.0,6.57,0.0,0.0,0.0,0.0,0.0,0.0,0.0,0.0,0.0,0.0,0.0
S=C(NC1CCCCC1)N1CCC(c2cnc[nH]2)CC1,0.0,7.3,0.0,0.0,6.8,0.0,7.14,0.0,0.0,0.0,0.0,0.0,7.54,0.0,0.0,7.53,7.22,0.0,7.3,7.18,7.29,8.19,0.0,0.0,7.85,0.0,7.36
[3H]C([3H])([3H])N(C)C1CCN(c2ccnc(NCC(C)(C)C)n2)C1,0.0,0.0,0.0,0.0,0.0,0.0,0.0,0.0,0.0,0.0,0.0,0.0,0.0,0.0,0.0,0.0,0.0,0.0,0.0,0.0,0.0,6.3,0.0,0.0,0.0,0.0,0.0
c1c(CC2CCCCC2)nnn1CCCN1CCCCC1,0.0,0.0,0.0,0.0,0.0,0.0,0.0,0.0,0.0,0.0,0.0,0.0,0.0,0.0,0.0,6.31,0.0,0.0,0.0,0.0,0.0,0.0,0.0,0.0,0.0,0.0,0.0
c1c(CC2CCCCC2)nnn1CCCN1CCOCC1,0.0,0.0,0.0,0.0,0.0,0.0,0.0,0.0,0.0,0.0,0.0,0.0,0.0,0.0,0.0,4.73,0.0,0.0,0.0,0.0,0.0,0.0,0.0,0.0,0.0,0.0,0.0
c1c(CN2CCCCC2)nnn1CCCN1CCCCC1,0.0,0.0,0.0,0.0,0.0,0.0,0.0,0.0,0.0,0.0,0.0,0.0,0.0,0.0,0.0,6.92,0.0,0.0,0.0,0.0,0.0,0.0,0.0,0.0,0.0,0.0,0.0
c1c(OCCCN2CCCCC2)noc1CN1CCCCC1,0.0,8.39,0.0,0.0,0.0,0.0,0.0,0.0,0.0,0.0,0.0,0.0,0.0,0.0,0.0,0.0,0.0,0.0,0.0,0.0,0.0,0.0,0.0,0.0,0.0,0.0,0.0
c1c(OCCCN2CCCCC2)noc1CN1CCOCC1,0.0,7.07,0.0,0.0,0.0,0.0,0.0,0.0,0.0,0.0,0.0,0.0,0.0,0.0,0.0,0.0,0.0,0.0,0.0,0.0,0.0,0.0,0.0,0.0,0.0,0.0,0.0
c1c[nH]c(-c2ccc(OCCCN3CCCCC3)cc2)n1,0.0,0.0,0.0,0.0,0.0,0.0,0.0,0.0,0.0,0.0,0.0,0.0,8.32,0.0,0.0,0.0,0.0,0.0,0.0,0.0,0.0,0.0,0.0,0.0,0.0,0.0,0.0
c1cc(-c2ccc(CCN3CCCCC3)cc2)ccc1CCN1CCCCC1,0.0,8.93,0.0,0.0,0.0,0.0,0.0,0.0,0.0,0.0,0.0,0.0,8.92,0.0,0.0,0.0,0.0,0.0,0.0,0.0,0.0,0.0,0.0,0.0,0.0,0.0,0.0
c1cc(-c2ccc(CN3CCCCC3)cc2)ccc1CCN1CCCCC1,0.0,8.7,0.0,0.0,0.0,0.0,0.0,0.0,0.0,0.0,0.0,0.0,8.7,0.0,0.0,0.0,0.0,0.0,0.0,0.0,0.0,0.0,0.0,0.0,0.0,0.0,0.0
c1cc(-c2ccc(CN3CCCCC3)cc2)ccc1CN1CCCCC1,0.0,9.47,0.0,0.0,0.0,0.0,0.0,0.0,0.0,0.0,0.0,0.0,9.52,0.0,0.0,0.0,0.0,0.0,0.0,0.0,0.0,0.0,0.0,0.0,0.0,0.0,0.0
c1cc(-c2ccc(CN3CCCCC3)cc2)ccc1CNC1CCCCC1,0.0,8.77,0.0,0.0,0.0,0.0,0.0,0.0,0.0,0.0,0.0,0.0,0.0,0.0,0.0,0.0,0.0,0.0,0.0,0.0,0.0,0.0,0.0,0.0,0.0,0.0,0.0
c1cc(-c2ccc(CN3CCOCC3)cc2)ccc1CN1CCCCC1,0.0,7.71,0.0,0.0,0.0,0.0,0.0,0.0,0.0,0.0,0.0,0.0,0.0,0.0,0.0,0.0,0.0,0.0,0.0,0.0,0.0,0.0,0.0,0.0,0.0,0.0,0.0
c1cc(-c2ccc(CN3CCOCC3)cc2)ccc1CN1CCOCC1,0.0,7.91,0.0,0.0,0.0,0.0,0.0,0.0,0.0,0.0,0.0,0.0,0.0,0.0,0.0,0.0,0.0,0.0,0.0,0.0,0.0,0.0,0.0,0.0,0.0,0.0,0.0
c1cc(-c2ccc(CNC3CCCCC3)cc2)ccc1CNC1CCCCC1,0.0,6.25,0.0,0.0,0.0,0.0,0.0,0.0,0.0,0.0,0.0,0.0,0.0,0.0,0.0,0.0,0.0,0.0,0.0,0.0,0.0,0.0,0.0,0.0,0.0,0.0,0.0
c1cc(-c2ccc(OCCCN3CCCCC3)cc2)ccc1CCCN1CCCCC1,0.0,0.0,0.0,0.0,9.77,0.0,0.0,0.0,0.0,0.0,0.0,0.0,0.0,0.0,0.0,0.0,0.0,0.0,0.0,0.0,0.0,0.0,0.0,0.0,0.0,0.0,0.0
c1cc(-c2ccc(OCCCN3CCCCC3)cc2)ccc1CN1CCCCC1,0.0,0.0,0.0,0.0,8.79,0.0,0.0,0.0,0.0,0.0,0.0,0.0,0.0,0.0,0.0,0.0,0.0,0.0,0.0,0.0,0.0,0.0,0.0,0.0,0.0,0.0,0.0
c1cc(-c2ccc(OCCCN3CCCCC3)cc2)ccc1OCCCCN1CCCCC1,0.0,0.0,0.0,0.0,9.89,0.0,0.0,0.0,0.0,0.0,0.0,0.0,0.0,0.0,0.0,0.0,0.0,0.0,0.0,0.0,0.0,0.0,0.0,0.0,0.0,0.0,0.0
c1cc(-c2ccc(OCCCN3CCCCC3)cc2)ccc1OCCCN1CCCCC1,0.0,0.0,0.0,0.0,10.0,0.0,0.0,0.0,0.0,0.0,0.0,0.0,0.0,0.0,0.0,0.0,0.0,0.0,0.0,0.0,0.0,0.0,0.0,0.0,0.0,0.0,0.0
c1cc(-c2ccc(OCCN3CCCCC3)cc2)ccc1OCCCN1CCCCC1,0.0,0.0,0.0,0.0,9.31,0.0,0.0,0.0,0.0,0.0,0.0,0.0,0.0,0.0,0.0,0.0,0.0,0.0,0.0,0.0,0.0,0.0,0.0,0.0,0.0,0.0,0.0
c1cc(-c2ccc(Oc3ccc4c(c3)CCN(C3CCC3)CC4)nc2)[nH]n1,0.0,0.0,0.0,0.0,0.0,0.0,0.0,0.0,0.0,0.0,9.6,0.0,0.0,0.0,0.0,0.0,0.0,0.0,0.0,0.0,0.0,0.0,0.0,0.0,0.0,0.0,0.0
c1cc(-c2ccc3c(c2)OCO3)ccc1OCCCN1CCCCC1,0.0,0.0,0.0,0.0,0.0,0.0,0.0,0.0,0.0,0.0,0.0,0.0,8.44,0.0,0.0,0.0,0.0,0.0,0.0,0.0,0.0,0.0,0.0,0.0,0.0,0.0,0.0
c1cc(-c2cn3c(n2)CCCC3)ccc1OCCCN1CCCCC1,0.0,0.0,0.0,0.0,0.0,0.0,0.0,0.0,0.0,0.0,0.0,0.0,9.12,0.0,0.0,0.0,0.0,0.0,0.0,0.0,0.0,0.0,0.0,0.0,0.0,0.0,0.0
c1cc(-c2cnc3nc(N4CCC(N5CCCCC5)CC4)oc3c2)ccn1,0.0,0.0,0.0,0.0,0.0,0.0,0.0,0.0,0.0,0.0,0.0,0.0,0.0,0.0,0.0,7.43,0.0,0.0,0.0,0.0,0.0,0.0,0.0,0.0,0.0,0.0,0.0
c1cc(-c2cnc3nc(N4CCC(N5CCCCC5)CC4)oc3c2)n2nccc2c1,0.0,0.0,0.0,0.0,0.0,0.0,0.0,0.0,0.0,0.0,0.0,0.0,0.0,0.0,0.0,8.4,0.0,0.0,0.0,0.0,0.0,0.0,0.0,0.0,0.0,0.0,0.0
c1cc(-c2nc(CN3CCCCC3)co2)ccc1OC1CC(N2CCCCC2)C1,0.0,0.0,0.0,0.0,8.9,0.0,0.0,0.0,0.0,0.0,0.0,0.0,0.0,0.0,0.0,0.0,0.0,0.0,0.0,0.0,0.0,0.0,0.0,0.0,0.0,0.0,0.0
c1cc(-c2nc(CN3CCCCC3)co2)ccc1OCCCN1CCCCC1,0.0,0.0,0.0,0.0,8.2,0.0,0.0,0.0,0.0,0.0,0.0,0.0,0.0,0.0,0.0,0.0,0.0,0.0,0.0,0.0,0.0,0.0,0.0,0.0,0.0,0.0,0.0
c1cc(-c2nnc(N3CCC(N4CCCCC4)CC3)s2)c2ccncc2c1,0.0,0.0,0.0,0.0,0.0,0.0,0.0,0.0,0.0,0.0,0.0,0.0,0.0,0.0,0.0,7.75,0.0,0.0,0.0,0.0,0.0,0.0,0.0,0.0,0.0,0.0,0.0
c1cc(-c2nnc(N3CCC(N4CCCCC4)CC3)s2)n2nccc2c1,0.0,0.0,0.0,0.0,0.0,0.0,0.0,0.0,0.0,0.0,0.0,0.0,0.0,0.0,0.0,8.49,0.0,0.0,0.0,0.0,0.0,0.0,0.0,0.0,0.0,0.0,0.0
c1cc(-c2nnc(SCCCN3CCCCC3)o2)ccn1,0.0,0.0,0.0,0.0,0.0,0.0,0.0,0.0,0.0,0.0,0.0,0.0,0.0,0.0,0.0,6.73,0.0,0.0,0.0,0.0,0.0,0.0,0.0,0.0,0.0,0.0,0.0
c1cc(C2=NC3(CCCCC3)CO2)ccc1OC1CC(N2CCCCC2)C1,0.0,0.0,0.0,0.0,8.7,0.0,0.0,0.0,0.0,0.0,0.0,0.0,0.0,0.0,0.0,0.0,0.0,0.0,0.0,0.0,0.0,0.0,0.0,0.0,0.0,0.0,0.0
c1cc(C2=NC3(CCCCC3)CO2)ccc1OCCCN1CCCCC1,0.0,0.0,0.0,0.0,7.1,0.0,0.0,0.0,0.0,0.0,0.0,0.0,0.0,0.0,0.0,0.0,0.0,0.0,0.0,0.0,0.0,0.0,0.0,0.0,0.0,0.0,0.0
c1cc(C2=NCCN2)ccc1OCCCN1CCCCC1,0.0,0.0,0.0,0.0,0.0,0.0,0.0,0.0,0.0,0.0,0.0,0.0,0.0,0.0,0.0,8.1,0.0,0.0,0.0,0.0,0.0,0.0,0.0,0.0,0.0,0.0,0.0
c1cc(C2=NCCO2)ccc1OCCCN1CCCCC1,0.0,0.0,0.0,0.0,0.0,0.0,0.0,0.0,0.0,0.0,0.0,0.0,8.44,0.0,0.0,0.0,0.0,0.0,0.0,0.0,0.0,0.0,0.0,0.0,0.0,0.0,0.0
c1cc(C2CC(CN3CCOCC3)C2)ccc1CN1CCCC1,0.0,0.0,0.0,0.0,0.0,0.0,0.0,0.0,0.0,0.0,0.0,0.0,0.0,0.0,0.0,0.0,0.0,0.0,0.0,8.66,0.0,0.0,0.0,9.05,0.0,0.0,0.0
c1cc(C2CCC(N3CCC3)CC2)ccc1OCCCN1CCCCC1,0.0,0.0,0.0,0.0,0.0,0.0,0.0,0.0,0.0,0.0,0.0,0.0,0.0,0.0,0.0,9.6,0.0,0.0,0.0,0.0,0.0,0.0,0.0,0.0,0.0,0.0,0.0
c1cc(C2CCC(N3CCCC3)CC2)ccc1OCCCN1CCCCC1,0.0,0.0,0.0,0.0,0.0,0.0,0.0,0.0,0.0,0.0,0.0,0.0,0.0,0.0,0.0,9.6,0.0,0.0,0.0,0.0,0.0,0.0,0.0,0.0,0.0,0.0,0.0
c1cc(C2CCC(N3CCCCC3)CC2)ccc1OCCCN1CCCCC1,0.0,0.0,0.0,0.0,0.0,0.0,0.0,0.0,0.0,0.0,0.0,0.0,0.0,0.0,0.0,9.19,0.0,0.0,0.0,0.0,0.0,0.0,0.0,0.0,0.0,0.0,0.0
c1cc(C2CCC(N3CCOCC3)CC2)ccc1OCCCN1CCCCC1,0.0,0.0,0.0,0.0,0.0,0.0,0.0,0.0,0.0,0.0,0.0,0.0,0.0,0.0,0.0,9.39,0.0,0.0,0.0,0.0,0.0,0.0,0.0,0.0,0.0,0.0,0.0
c1cc(C2CCCCC2)ccc1OCCCN1CCCCC1,0.0,0.0,0.0,0.0,0.0,0.0,0.0,0.0,0.0,0.0,0.0,0.0,8.55,0.0,0.0,0.0,0.0,0.0,0.0,0.0,0.0,0.0,0.0,0.0,0.0,0.0,0.0
c1cc(C2CCCCO2)ccc1OCCCN1CCCCC1,0.0,0.0,0.0,0.0,0.0,0.0,0.0,0.0,0.0,0.0,0.0,0.0,8.28,0.0,0.0,0.0,0.0,0.0,0.0,0.0,0.0,0.0,0.0,0.0,0.0,0.0,0.0
c1cc(C2CCCO2)ccc1OCCCN1CCCCC1,0.0,0.0,0.0,0.0,0.0,0.0,0.0,0.0,0.0,0.0,0.0,0.0,8.05,0.0,0.0,0.0,0.0,0.0,0.0,0.0,0.0,0.0,0.0,0.0,0.0,0.0,0.0
c1cc(C2CCOCC2)ccc1OCCCN1CCCCC1,0.0,0.0,0.0,0.0,0.0,0.0,0.0,0.0,0.0,0.0,0.0,0.0,8.08,0.0,0.0,0.0,0.0,0.0,0.0,0.0,0.0,0.0,0.0,0.0,0.0,0.0,0.0
c1cc(C2CN3CCCC3c3cc(OCCCN4CCCCC4)ccc32)ccn1,0.0,0.0,0.0,0.0,0.0,0.0,0.0,0.0,0.0,0.0,0.0,0.0,9.0,0.0,0.0,0.0,0.0,0.0,0.0,0.0,0.0,0.0,0.0,0.0,0.0,0.0,0.0
c1cc(C2CN3CCCC3c3cc(OCCCN4CCCCC4)ccc32)cs1,0.0,0.0,0.0,0.0,0.0,0.0,0.0,0.0,0.0,0.0,0.0,0.0,9.15,0.0,0.0,0.0,0.0,0.0,0.0,0.0,0.0,0.0,0.0,0.0,0.0,0.0,0.0
c1cc(C2CN3CCCC3c3cc(OCCCN4CCOCC4)ccc32)[nH]n1,0.0,0.0,0.0,0.0,0.0,0.0,0.0,0.0,0.0,0.0,0.0,0.0,8.4,0.0,0.0,0.0,0.0,0.0,0.0,0.0,0.0,0.0,0.0,0.0,0.0,0.0,0.0
c1cc(C2CN3CCCC3c3cc(OCCCN4CCOCC4)ccc32)cs1,0.0,0.0,0.0,0.0,0.0,0.0,0.0,0.0,0.0,0.0,0.0,0.0,8.52,0.0,0.0,0.0,0.0,0.0,0.0,0.0,0.0,0.0,0.0,0.0,0.0,0.0,0.0
c1cc(CCCc2c[nH]cn2)ccn1,0.0,7.81,0.0,0.0,0.0,0.0,0.0,0.0,0.0,0.0,0.0,0.0,0.0,0.0,0.0,0.0,0.0,0.0,0.0,0.0,0.0,0.0,0.0,0.0,0.0,0.0,0.0
c1cc(CCN2CCCC2)ccn1,0.0,0.0,0.0,0.0,0.0,0.0,0.0,0.0,0.0,0.0,0.0,0.0,0.0,0.0,0.0,6.46,0.0,0.0,0.0,0.0,0.0,0.0,0.0,0.0,0.0,0.0,0.0
c1cc(CCc2c[nH]cn2)ccn1,0.0,8.16,0.0,0.0,0.0,0.0,0.0,0.0,0.0,0.0,0.0,0.0,0.0,0.0,0.0,0.0,0.0,0.0,0.0,0.0,0.0,0.0,0.0,0.0,0.0,0.0,0.0
c1cc(CN2CCCCC2)cc(-c2ccc(OCCCN3CCCCC3)cc2)c1,0.0,0.0,0.0,0.0,9.26,0.0,0.0,0.0,0.0,0.0,0.0,0.0,0.0,0.0,0.0,0.0,0.0,0.0,0.0,0.0,0.0,0.0,0.0,0.0,0.0,0.0,0.0
c1cc(CN2CCCCC2)ccc1CN1CCCCC1,0.0,5.91,0.0,0.0,0.0,0.0,0.0,0.0,0.0,0.0,0.0,0.0,5.91,0.0,0.0,0.0,0.0,0.0,0.0,0.0,0.0,0.0,0.0,0.0,0.0,0.0,0.0
c1cc(CN2CCCCC2)ccc1COc1ccc(CN2CCCCC2)cc1,0.0,0.0,0.0,0.0,0.0,0.0,0.0,0.0,0.0,0.0,0.0,0.0,8.55,0.0,0.0,8.55,0.0,0.0,0.0,0.0,0.0,0.0,0.0,0.0,0.0,0.0,0.0
c1cc(CN2CCCCC2)ncc1OCCCN1CCCCC1,0.0,9.05,0.0,0.0,0.0,0.0,0.0,0.0,0.0,0.0,0.0,0.0,0.0,0.0,0.0,0.0,0.0,0.0,0.0,0.0,0.0,0.0,0.0,0.0,0.0,0.0,0.0
c1cc(CN2CCOCC2)cc(OCC2CN(C3CC3)CCO2)c1,0.0,6.25,0.0,0.0,0.0,0.0,0.0,0.0,0.0,0.0,0.0,0.0,0.0,0.0,0.0,0.0,0.0,0.0,0.0,0.0,0.0,0.0,0.0,0.0,0.0,0.0,0.0
c1cc(CN2CCOCC2)cc(OCC2CN(C3CCC3)CCO2)c1,0.0,7.43,0.0,0.0,0.0,0.0,0.0,0.0,0.0,0.0,0.0,0.0,0.0,0.0,0.0,0.0,0.0,0.0,0.0,0.0,0.0,0.0,0.0,0.0,0.0,0.0,0.0
c1cc(CN2CCOCC2)ncc1OCCCN1CCCCC1,0.0,8.16,0.0,0.0,0.0,0.0,0.0,0.0,0.0,0.0,0.0,0.0,0.0,0.0,0.0,0.0,0.0,0.0,0.0,0.0,0.0,0.0,0.0,0.0,0.0,0.0,0.0
c1cc(Cc2c[nH]cn2)cc(-c2ccncc2)c1,0.0,0.0,0.0,0.0,6.37,0.0,0.0,0.0,0.0,0.0,0.0,0.0,0.0,0.0,0.0,0.0,0.0,0.0,0.0,0.0,0.0,0.0,0.0,0.0,0.0,0.0,0.0
c1cc(Cc2c[nH]cn2)cc(C2=NC(CC3CCCCC3)CO2)c1,0.0,0.0,0.0,0.0,6.15,0.0,0.0,0.0,0.0,0.0,0.0,0.0,0.0,0.0,0.0,0.0,0.0,0.0,0.0,0.0,0.0,0.0,0.0,0.0,0.0,0.0,0.0
c1cc(Cc2c[nH]cn2)cc(C2=NC3(CCCC3)CO2)c1,0.0,0.0,0.0,0.0,7.4,0.0,0.0,0.0,0.0,0.0,0.0,0.0,0.0,0.0,0.0,0.0,0.0,0.0,0.0,0.0,0.0,0.0,0.0,0.0,0.0,0.0,0.0
c1cc(Cc2c[nH]cn2)cc(C2=NCC3(CCCCC3)O2)c1,0.0,0.0,0.0,0.0,7.25,0.0,0.0,0.0,0.0,0.0,0.0,0.0,0.0,0.0,0.0,0.0,0.0,0.0,0.0,0.0,0.0,0.0,0.0,0.0,0.0,0.0,0.0
c1cc(Cc2cnc[nH]2)ccn1,0.0,9.07,0.0,0.0,9.1,0.0,0.0,0.0,0.0,0.0,0.0,0.0,0.0,0.0,0.0,0.0,0.0,0.0,0.0,0.0,0.0,0.0,0.0,0.0,0.0,0.0,0.0
c1cc(N2CCCCC2)ccc1OCCCN1CCCCC1,0.0,0.0,0.0,0.0,0.0,0.0,0.0,0.0,0.0,0.0,0.0,0.0,8.31,0.0,0.0,0.0,0.0,0.0,0.0,0.0,0.0,0.0,0.0,0.0,0.0,0.0,0.0
c1cc(OCC2CN(C3CC3)CCO2)ccc1CN1CCOCC1,0.0,6.97,0.0,0.0,0.0,0.0,0.0,0.0,0.0,0.0,0.0,0.0,0.0,0.0,0.0,0.0,0.0,0.0,0.0,0.0,0.0,0.0,0.0,0.0,0.0,0.0,0.0
c1cc(OCC2CN(C3CCC3)CCO2)ccc1CN1CCOCC1,0.0,7.75,0.0,0.0,0.0,0.0,0.0,0.0,0.0,0.0,0.0,0.0,0.0,0.0,0.0,0.0,0.0,0.0,0.0,0.0,0.0,0.0,0.0,0.0,0.0,0.0,0.0
c1cc(OCC2CN(C3CCCC3)CCO2)ccc1CN1CCCC1,0.0,8.66,0.0,0.0,0.0,0.0,0.0,0.0,0.0,0.0,0.0,0.0,0.0,0.0,0.0,0.0,0.0,0.0,0.0,0.0,0.0,0.0,0.0,0.0,0.0,0.0,0.0
c1cc(OCC2CN(C3CCCC3)CCO2)ccc1CN1CCCCC1,0.0,8.6,0.0,0.0,0.0,0.0,0.0,0.0,0.0,0.0,0.0,0.0,0.0,0.0,0.0,0.0,0.0,0.0,0.0,0.0,0.0,0.0,0.0,0.0,0.0,0.0,0.0
c1cc(OCC2CN(C3CCCC3)CCO2)ccc1CN1CCOCC1,0.0,8.72,0.0,0.0,0.0,0.0,0.0,0.0,0.0,0.0,0.0,0.0,0.0,0.0,0.0,0.0,0.0,0.0,0.0,0.0,0.0,0.0,0.0,0.0,0.0,0.0,0.0
c1cc(OCCCN2CCCCC2)c2c(c1)N(CC1CCCCC1)CCC2,0.0,0.0,0.0,0.0,0.0,0.0,0.0,0.0,0.0,0.0,0.0,0.0,6.85,0.0,0.0,0.0,0.0,0.0,0.0,0.0,0.0,0.0,0.0,0.0,0.0,0.0,0.0
c1cc(OCCCN2CCCCC2)cc(-c2cc3ccccn3c2)c1,0.0,0.0,0.0,0.0,0.0,0.0,0.0,0.0,0.0,0.0,0.0,0.0,0.0,0.0,0.0,0.0,0.0,0.0,0.0,0.0,0.0,0.0,0.0,0.0,6.51,0.0,0.0
c1cc(OCCCN2CCCCC2)ccc1CC1CNCCN1,0.0,0.0,0.0,0.0,0.0,0.0,0.0,0.0,0.0,0.0,0.0,0.0,0.0,0.0,0.0,8.7,0.0,0.0,0.0,0.0,0.0,0.0,0.0,0.0,0.0,0.0,0.0
c1cc(OCCCN2CCCCC2)ccc1CCCc1ccc(OCCCN2CCCCC2)cc1,0.0,0.0,0.0,0.0,9.05,0.0,0.0,0.0,0.0,0.0,0.0,0.0,0.0,0.0,0.0,0.0,0.0,0.0,0.0,0.0,0.0,0.0,0.0,0.0,0.0,0.0,0.0
c1cc(OCCCN2CCCCC2)ccc1CCc1ccc(OCCCN2CCCCC2)cc1,0.0,0.0,0.0,0.0,8.92,0.0,0.0,0.0,0.0,0.0,0.0,0.0,0.0,0.0,0.0,0.0,0.0,0.0,0.0,0.0,0.0,0.0,0.0,0.0,0.0,0.0,0.0
c1cc(OCCCN2CCCCC2)ccc1CN1CCCCC1,9.22,9.4,0.0,0.0,0.0,0.0,9.2,0.0,9.24,0.0,0.0,0.0,9.24,0.0,0.0,9.24,0.0,0.0,9.2,0.0,0.0,0.0,0.0,0.0,9.7,0.0,0.0
c1cc(OCCCN2CCCCC2)ccc1Cc1ccc(OCCCN2CCCCC2)cc1,0.0,0.0,0.0,0.0,9.29,0.0,0.0,0.0,0.0,0.0,0.0,0.0,0.0,0.0,0.0,0.0,0.0,0.0,0.0,0.0,0.0,0.0,0.0,0.0,0.0,0.0,0.0
c1cc(OCCCN2CCCCC2)ncc1CN1CCCCC1,0.0,9.15,0.0,0.0,0.0,0.0,0.0,0.0,0.0,0.0,0.0,0.0,0.0,0.0,0.0,0.0,0.0,0.0,0.0,0.0,0.0,0.0,0.0,0.0,0.0,0.0,0.0
c1cc(Sc2ccc(C3CCC4CCCCN43)cc2)ccn1,0.0,0.0,0.0,0.0,0.0,0.0,0.0,0.0,0.0,0.0,0.0,0.0,7.92,0.0,0.0,0.0,0.0,0.0,0.0,0.0,0.0,0.0,0.0,0.0,0.0,0.0,0.0
c1cc2c(c(-c3cnc4nc(N5CCC(N6CCCCC6)CC5)oc4c3)c1)OCCO2,0.0,0.0,0.0,0.0,0.0,0.0,0.0,0.0,0.0,0.0,0.0,0.0,0.0,0.0,0.0,6.93,0.0,0.0,0.0,0.0,0.0,0.0,0.0,0.0,0.0,0.0,0.0
c1cc2c(c(OCCCN3CCCCC3)c1)CCN(CC1CCCCC1)C2,0.0,0.0,0.0,0.0,0.0,0.0,0.0,0.0,0.0,0.0,0.0,0.0,7.81,0.0,0.0,0.0,0.0,0.0,0.0,0.0,0.0,0.0,0.0,0.0,0.0,0.0,0.0
c1cc2c(c(OCCCN3CCCCC3)c1)CN(CC1CCCCC1)CC2,0.0,0.0,0.0,0.0,0.0,0.0,0.0,0.0,0.0,0.0,0.0,0.0,7.23,0.0,0.0,0.0,0.0,0.0,0.0,0.0,0.0,0.0,0.0,0.0,0.0,0.0,0.0
c1cc2c(c(OCCCN3CCCCC3)c1)CNCC2,0.0,0.0,0.0,0.0,0.0,0.0,0.0,0.0,0.0,0.0,0.0,0.0,6.81,0.0,0.0,0.0,0.0,0.0,0.0,0.0,0.0,0.0,0.0,0.0,0.0,0.0,0.0
c1cc2c(cc1OC1CCNCC1)CCC1(CCN(C3CCC3)CC1)O2,0.0,0.0,0.0,0.0,8.52,0.0,0.0,0.0,0.0,0.0,0.0,0.0,0.0,0.0,0.0,0.0,0.0,0.0,0.0,0.0,0.0,0.0,0.0,0.0,0.0,0.0,0.0
c1cc2c(cc1OC1CCNCC1)CCN(C1CCC1)CC2,0.0,0.0,0.0,0.0,0.0,0.0,0.0,0.0,0.0,0.0,9.5,0.0,0.0,0.0,0.0,0.0,0.0,0.0,0.0,0.0,0.0,0.0,0.0,0.0,0.0,0.0,0.0
c1cc2c(cc1OC1CCOC1)CCC1(CCN(C3CCC3)CC1)O2,0.0,0.0,0.0,0.0,0.0,0.0,0.0,0.0,0.0,0.0,0.0,0.0,7.82,0.0,0.0,0.0,0.0,0.0,0.0,0.0,0.0,0.0,0.0,0.0,0.0,0.0,0.0
c1cc2c(cc1OC1CCOCC1)CCC1(CCN(C3CCC3)CC1)O2,0.0,0.0,0.0,0.0,0.0,0.0,0.0,0.0,0.0,0.0,0.0,0.0,7.82,0.0,0.0,0.0,0.0,0.0,0.0,0.0,0.0,0.0,0.0,0.0,0.0,0.0,0.0
c1cc2c(cc1OC1CCSC1)CCC1(CCN(C3CCC3)CC1)O2,0.0,0.0,0.0,0.0,0.0,0.0,0.0,0.0,0.0,0.0,0.0,0.0,7.77,0.0,0.0,0.0,0.0,0.0,0.0,0.0,0.0,0.0,0.0,0.0,0.0,0.0,0.0
c1cc2c(cc1OC1CCSCC1)CCC1(CCN(C3CCC3)CC1)O2,0.0,0.0,0.0,0.0,0.0,0.0,0.0,0.0,0.0,0.0,0.0,0.0,7.64,0.0,0.0,0.0,0.0,0.0,0.0,0.0,0.0,0.0,0.0,0.0,0.0,0.0,0.0
c1cc2c(cc1OCC1CCCO1)CCC1(CCN(C3CCC3)CC1)O2,0.0,0.0,0.0,0.0,0.0,0.0,0.0,0.0,0.0,0.0,0.0,0.0,7.8,0.0,0.0,0.0,0.0,0.0,0.0,0.0,0.0,0.0,0.0,0.0,0.0,0.0,0.0
c1cc2c(cc1OCC1CCNCC1)CCN(C1CCC1)CC2,0.0,0.0,0.0,0.0,0.0,0.0,0.0,0.0,0.0,0.0,9.3,0.0,0.0,0.0,0.0,0.0,0.0,0.0,0.0,0.0,0.0,0.0,0.0,0.0,0.0,0.0,0.0
c1cc2c(cc1OCC1CCOC1)CCC1(CCN(C3CCC3)CC1)O2,0.0,0.0,0.0,0.0,0.0,0.0,0.0,0.0,0.0,0.0,0.0,0.0,7.75,0.0,0.0,0.0,0.0,0.0,0.0,0.0,0.0,0.0,0.0,0.0,0.0,0.0,0.0
c1cc2c(cc1OCC1CCSCC1)CCC1(CCN(C3CCC3)CC1)O2,0.0,0.0,0.0,0.0,0.0,0.0,0.0,0.0,0.0,0.0,0.0,0.0,7.92,0.0,0.0,0.0,0.0,0.0,0.0,0.0,0.0,0.0,0.0,0.0,0.0,0.0,0.0
c1cc2c(cc1OCCCN1CCCCC1)CCCN2,0.0,0.0,0.0,0.0,0.0,0.0,0.0,0.0,0.0,0.0,0.0,0.0,7.27,0.0,0.0,0.0,0.0,0.0,0.0,0.0,0.0,0.0,0.0,0.0,0.0,0.0,0.0
c1cc2c(cc1OCCCN1CCCCC1)CCCN2CC1CCCCC1,0.0,0.0,0.0,0.0,0.0,0.0,0.0,0.0,0.0,0.0,0.0,0.0,7.51,0.0,0.0,0.0,0.0,0.0,0.0,0.0,0.0,0.0,0.0,0.0,0.0,0.0,0.0
c1cc2c(cc1OCCCN1CCCCC1)CCN(CC1CC1)CC2,0.0,0.0,0.0,0.0,0.0,0.0,0.0,0.0,0.0,0.0,9.3,0.0,0.0,0.0,0.0,0.0,0.0,0.0,0.0,0.0,0.0,0.0,0.0,0.0,0.0,0.0,0.0
c1cc2c(cc1OCCCN1CCCCC1)CCN(CC1CCCCC1)C2,0.0,0.0,0.0,0.0,0.0,0.0,0.0,0.0,0.0,0.0,0.0,0.0,9.0,0.0,0.0,0.0,0.0,0.0,0.0,0.0,0.0,0.0,0.0,0.0,0.0,0.0,0.0
c1cc2c(cc1OCCCN1CCCCC1)CCN(CC1CCCCC1)CC2,0.0,0.0,0.0,0.0,0.0,0.0,0.0,0.0,0.0,0.0,0.0,0.0,9.28,0.0,0.0,0.0,0.0,0.0,0.0,0.0,0.0,0.0,0.0,0.0,0.0,0.0,0.0
c1cc2c(cc1OCCCN1CCCCC1)CCN(CC1CCCO1)CC2,0.0,0.0,0.0,0.0,0.0,0.0,0.0,0.0,0.0,0.0,9.3,0.0,0.0,0.0,0.0,0.0,0.0,0.0,0.0,0.0,0.0,0.0,0.0,0.0,0.0,0.0,0.0
c1cc2c(cc1OCCCN1CCCCC1)CCN2,0.0,0.0,0.0,0.0,0.0,0.0,0.0,0.0,0.0,0.0,7.8,0.0,0.0,0.0,0.0,0.0,0.0,0.0,0.0,0.0,0.0,0.0,0.0,0.0,0.0,0.0,0.0
c1cc2c(cc1OCCCN1CCCCC1)CCNC2,0.0,0.0,0.0,0.0,0.0,0.0,0.0,0.0,0.0,0.0,8.6,0.0,0.0,0.0,0.0,0.0,0.0,0.0,0.0,0.0,0.0,0.0,0.0,0.0,0.0,0.0,0.0
c1cc2c(cc1OCCCN1CCCCC1)CCNCC2,0.0,0.0,0.0,0.0,0.0,0.0,0.0,0.0,0.0,0.0,8.4,0.0,0.0,0.0,0.0,0.0,0.0,0.0,0.0,0.0,0.0,0.0,0.0,0.0,0.0,0.0,0.0
c1cc2c(cc1OCCCN1CCCCC1)CN(CC1CCCCC1)CC2,0.0,0.0,0.0,0.0,0.0,0.0,0.0,0.0,0.0,0.0,0.0,0.0,9.46,0.0,0.0,0.0,0.0,0.0,0.0,0.0,0.0,0.0,0.0,0.0,0.0,0.0,0.0
c1cc2c(cc1OCCCN1CCCCC1)CN1CCCC1=N2,0.0,0.0,0.0,0.0,0.0,0.0,0.0,0.0,0.0,0.0,0.0,0.0,7.12,7.12,0.0,0.0,0.0,0.0,0.0,0.0,0.0,0.0,0.0,0.0,0.0,0.0,0.0
c1cc2c(cc1OCCCN1CCCCC1)CNCC2,0.0,0.0,0.0,0.0,0.0,0.0,0.0,0.0,0.0,0.0,0.0,0.0,9.22,0.0,0.0,0.0,0.0,0.0,0.0,0.0,0.0,0.0,0.0,0.0,0.0,0.0,0.0
c1cc2c(cc1OCCCN1CCCCC1)N(CC1CCCCC1)CCC2,0.0,0.0,0.0,0.0,0.0,0.0,0.0,0.0,0.0,0.0,0.0,0.0,6.73,0.0,0.0,0.0,0.0,0.0,0.0,0.0,0.0,0.0,0.0,0.0,0.0,0.0,0.0
c1cc2c(cc1OCCCN1CCCCC1)NCCC2,0.0,0.0,0.0,0.0,0.0,0.0,0.0,0.0,0.0,0.0,0.0,0.0,6.89,0.0,0.0,0.0,0.0,0.0,0.0,0.0,0.0,0.0,0.0,0.0,0.0,0.0,0.0
c1cc2c(cc1OCCCN1CCOCC1)CCNCC2,0.0,0.0,0.0,0.0,0.0,0.0,0.0,0.0,0.0,0.0,7.0,0.0,0.0,0.0,0.0,0.0,0.0,0.0,0.0,0.0,0.0,0.0,0.0,0.0,0.0,0.0,0.0
c1cc2c(cc1OCCN1CCCCC1)CCN(CC1CC1)CC2,0.0,0.0,0.0,0.0,0.0,0.0,0.0,0.0,0.0,0.0,9.1,0.0,0.0,0.0,0.0,0.0,0.0,0.0,0.0,0.0,0.0,0.0,0.0,0.0,0.0,0.0,0.0
c1cc2c(cc1OCCN1CCCCC1)CCNCC2,0.0,0.0,0.0,0.0,0.0,0.0,0.0,0.0,0.0,0.0,6.8,0.0,0.0,0.0,0.0,0.0,0.0,0.0,0.0,0.0,0.0,0.0,0.0,0.0,0.0,0.0,0.0
c1cc2nc(N3CCN(C4CC4)CC3)ccc2cc1C1CCCCC1,0.0,0.0,0.0,0.0,0.0,0.0,0.0,0.0,0.0,0.0,0.0,0.0,0.0,0.0,0.0,0.0,0.0,0.0,0.0,0.0,0.0,0.0,0.0,0.0,7.48,0.0,0.0
c1cc2nc(N3CCN(C4CC4)CC3)sc2cc1CN1CCCC1,0.0,0.0,0.0,0.0,0.0,0.0,0.0,0.0,0.0,0.0,0.0,8.74,0.0,0.0,0.0,0.0,0.0,0.0,0.0,0.0,0.0,0.0,0.0,0.0,0.0,0.0,0.0
c1cc2nc(N3CCN(C4CC4)CC3)sc2cc1CNC1CC1,0.0,0.0,0.0,0.0,0.0,0.0,0.0,0.0,0.0,0.0,0.0,9.05,0.0,0.0,0.0,0.0,0.0,0.0,0.0,0.0,0.0,0.0,0.0,0.0,0.0,0.0,0.0
c1cc2sc(N3CCC(N4CCCCC4)CC3)nc2cn1,0.0,0.0,0.0,0.0,0.0,0.0,0.0,0.0,0.0,0.0,0.0,0.0,0.0,0.0,0.0,6.89,0.0,0.0,0.0,0.0,0.0,0.0,0.0,0.0,0.0,0.0,0.0
c1ccc(-c2c(-c3ccc(OCCCN4CCCCC4)cc3)cn3ccccc23)cc1,0.0,0.0,0.0,0.0,0.0,0.0,0.0,0.0,0.0,0.0,0.0,0.0,0.0,0.0,0.0,0.0,0.0,0.0,0.0,0.0,0.0,0.0,0.0,0.0,7.4,0.0,0.0
c1ccc(-c2cc3ccccn3c2)c(OCCCN2CCCCC2)c1,0.0,0.0,0.0,0.0,0.0,0.0,0.0,0.0,0.0,0.0,0.0,0.0,0.0,0.0,0.0,0.0,0.0,0.0,0.0,0.0,0.0,0.0,0.0,0.0,6.63,0.0,0.0
c1ccc(-c2ccc(CCCOCCCc3c[nH]cn3)cc2)cc1,0.0,0.0,0.0,0.0,0.0,0.0,0.0,0.0,0.0,0.0,0.0,0.0,6.93,0.0,0.0,0.0,0.0,0.0,0.0,0.0,0.0,0.0,0.0,0.0,0.0,0.0,0.0
c1ccc(-c2ccc(N3CCC(Cc4c[nH]cn4)CC3)cc2)cc1,0.0,0.0,0.0,0.0,7.21,0.0,0.0,0.0,0.0,0.0,0.0,0.0,0.0,0.0,0.0,0.0,0.0,0.0,0.0,0.0,0.0,0.0,0.0,0.0,0.0,0.0,0.0
c1ccc(-c2ccc(OCCCCCCN3CCCCC3)cc2)cc1,0.0,0.0,0.0,0.0,0.0,0.0,0.0,0.0,0.0,0.0,0.0,0.0,0.0,0.0,0.0,7.04,0.0,0.0,0.0,0.0,0.0,0.0,0.0,0.0,0.0,0.0,0.0
c1ccc(-c2ccc(OCCCCCCN3CCCCCC3)cc2)cc1,0.0,0.0,0.0,0.0,0.0,0.0,0.0,0.0,0.0,0.0,0.0,0.0,0.0,0.0,0.0,6.82,0.0,0.0,0.0,0.0,0.0,0.0,0.0,0.0,0.0,0.0,0.0
c1ccc(-c2ccc(OCCCCCN3CCCCC3)cc2)cc1,0.0,0.0,0.0,0.0,0.0,0.0,0.0,0.0,0.0,0.0,0.0,0.0,0.0,0.0,0.0,7.6,0.0,0.0,0.0,0.0,0.0,0.0,0.0,0.0,0.0,0.0,0.0
c1ccc(-c2ccc(OCCCCCN3CCCCCC3)cc2)cc1,0.0,0.0,0.0,0.0,0.0,0.0,0.0,0.0,0.0,0.0,0.0,0.0,0.0,0.0,0.0,7.47,0.0,0.0,0.0,0.0,0.0,0.0,0.0,0.0,0.0,0.0,0.0
c1ccc(-c2ccc(OCCCN3CCCCC3)cc2)c(CN2CCCCC2)c1,0.0,0.0,0.0,0.0,10.35,0.0,0.0,0.0,0.0,0.0,0.0,0.0,0.0,0.0,0.0,0.0,0.0,0.0,0.0,0.0,0.0,0.0,0.0,0.0,0.0,0.0,0.0
c1ccc(-c2ccc(OCCCN3CCCCC3)cc2)cc1,0.0,0.0,0.0,0.0,0.0,0.0,0.0,0.0,0.0,0.0,0.0,0.0,8.52,0.0,0.0,0.0,0.0,0.0,0.0,0.0,0.0,0.0,0.0,0.0,0.0,0.0,0.0
c1ccc(-c2ccc3c(c2)CC(CN2CCNCC2)O3)cc1,0.0,0.0,0.0,0.0,0.0,0.0,0.0,0.0,0.0,0.0,0.0,0.0,0.0,0.0,0.0,0.0,0.0,0.0,6.2,0.0,0.0,0.0,0.0,0.0,0.0,0.0,0.0
c1ccc(-c2cccc(Cc3c[nH]cn3)c2)cc1,0.0,0.0,0.0,0.0,7.48,0.0,0.0,0.0,0.0,0.0,0.0,0.0,0.0,0.0,0.0,0.0,0.0,0.0,0.0,0.0,0.0,0.0,0.0,0.0,0.0,0.0,0.0
c1ccc(-c2cccc(Cc3c[nH]cn3)c2)nc1,0.0,0.0,0.0,0.0,7.39,0.0,0.0,0.0,0.0,0.0,0.0,0.0,0.0,0.0,0.0,0.0,0.0,0.0,0.0,0.0,0.0,0.0,0.0,0.0,0.0,0.0,0.0
c1ccc(-c2cccc(OCCCCCCN3CCCCC3)c2)cc1,0.0,0.0,0.0,0.0,0.0,0.0,0.0,0.0,0.0,0.0,0.0,0.0,0.0,0.0,0.0,6.91,0.0,0.0,0.0,0.0,0.0,0.0,0.0,0.0,0.0,0.0,0.0
c1ccc(-c2cccc(OCCCCCCN3CCCCCC3)c2)cc1,0.0,0.0,0.0,0.0,0.0,0.0,0.0,0.0,0.0,0.0,0.0,0.0,0.0,0.0,0.0,7.75,0.0,0.0,0.0,0.0,0.0,0.0,0.0,0.0,0.0,0.0,0.0
c1ccc(-c2cccc(OCCCCCN3CCCCC3)c2)cc1,0.0,0.0,0.0,0.0,0.0,0.0,0.0,0.0,0.0,0.0,0.0,0.0,0.0,0.0,0.0,7.12,0.0,0.0,0.0,0.0,0.0,0.0,0.0,0.0,0.0,0.0,0.0
c1ccc(-c2cccc(OCCCCCN3CCCCCC3)c2)cc1,0.0,0.0,0.0,0.0,0.0,0.0,0.0,0.0,0.0,0.0,0.0,0.0,0.0,0.0,0.0,6.94,0.0,0.0,0.0,0.0,0.0,0.0,0.0,0.0,0.0,0.0,0.0
c1ccc(-c2cnc3nc(N4CCC(N5CCCCC5)CC4)oc3c2)nc1,0.0,0.0,0.0,0.0,0.0,0.0,0.0,0.0,0.0,0.0,0.0,0.0,0.0,0.0,0.0,7.33,0.0,0.0,0.0,0.0,0.0,0.0,0.0,0.0,0.0,0.0,0.0
c1ccc(-c2nc(OCCCN3CCCCC3)sc2-c2ccccc2)cc1,0.0,0.0,0.0,0.0,0.0,0.0,0.0,0.0,0.0,0.0,0.0,0.0,7.95,0.0,0.0,7.95,0.0,0.0,0.0,0.0,0.0,0.0,0.0,0.0,0.0,0.0,0.0
c1ccc(-c2nc(SCCCN3CCCCC3)oc2-c2ccccc2)cc1,0.0,0.0,0.0,0.0,0.0,0.0,0.0,0.0,0.0,0.0,0.0,0.0,0.0,0.0,0.0,7.5,0.0,0.0,0.0,0.0,0.0,0.0,0.0,0.0,0.0,0.0,0.0
c1ccc(-c2nc(SCCCN3CCCCC3)sc2-c2ccccc2)cc1,0.0,0.0,0.0,0.0,0.0,0.0,0.0,0.0,0.0,0.0,0.0,0.0,0.0,0.0,0.0,8.13,0.0,0.0,0.0,0.0,0.0,0.0,0.0,0.0,0.0,0.0,0.0
c1ccc(-c2nnc(N3CCC(N4CCCCC4)CC3)s2)cc1,0.0,0.0,0.0,0.0,0.0,0.0,0.0,0.0,0.0,0.0,0.0,0.0,0.0,0.0,0.0,7.1,0.0,0.0,0.0,0.0,0.0,0.0,0.0,0.0,0.0,0.0,0.0
c1ccc(-c2nnc(N3CCC(N4CCCCC4)CC3)s2)nc1,0.0,0.0,0.0,0.0,0.0,0.0,0.0,0.0,0.0,0.0,0.0,0.0,0.0,0.0,0.0,7.52,0.0,0.0,0.0,0.0,0.0,0.0,0.0,0.0,0.0,0.0,0.0
c1ccc(C(OCCCc2c[nH]cn2)c2ccccc2)cc1,0.0,0.0,0.0,0.0,0.0,0.0,0.0,0.0,0.0,0.0,0.0,0.0,7.62,0.0,0.0,7.77,0.0,0.0,0.0,0.0,0.0,0.0,0.0,0.0,0.0,0.0,0.0
c1ccc(C(OCCCc2c[nH]cn2)c2nc3ccccc3s2)cc1,0.0,0.0,0.0,0.0,0.0,0.0,0.0,0.0,0.0,0.0,0.0,0.0,0.0,0.0,0.0,7.47,0.0,0.0,0.0,0.0,0.0,0.0,0.0,0.0,0.0,0.0,0.0
c1ccc(C2CCCN(c3nnc(N4CCC(N5CCCCC5)CC4)s3)C2)cc1,0.0,0.0,0.0,0.0,0.0,0.0,0.0,0.0,0.0,0.0,0.0,0.0,7.12,0.0,0.0,0.0,0.0,0.0,0.0,0.0,0.0,0.0,0.0,0.0,0.0,0.0,0.0
c1ccc(C2CN(c3nnc(N4CCC(N5CCCCC5)CC4)s3)CCO2)nc1,0.0,0.0,0.0,0.0,0.0,0.0,0.0,0.0,0.0,0.0,0.0,0.0,8.52,0.0,0.0,0.0,0.0,0.0,0.0,0.0,0.0,0.0,0.0,0.0,0.0,0.0,0.0
c1ccc(C2CN3CCCC3c3cc(OCCCN4CCCCC4)ccc32)cc1,9.05,8.4,0.0,0.0,0.0,0.0,0.0,0.0,0.0,0.0,0.0,0.0,0.0,0.0,0.0,0.0,0.0,0.0,0.0,0.0,0.0,0.0,0.0,0.0,0.0,0.0,0.0
c1ccc(C2CN3CCCC3c3cc(OCCCN4CCCCC4)ccc32)nc1,0.0,0.0,0.0,0.0,0.0,0.0,0.0,0.0,0.0,0.0,0.0,0.0,9.1,0.0,0.0,0.0,0.0,0.0,0.0,0.0,0.0,0.0,0.0,0.0,0.0,0.0,0.0
c1ccc(C2CN3CCCC3c3cc(OCCCN4CCOCC4)ccc32)nc1,0.0,0.0,0.0,0.0,0.0,0.0,0.0,0.0,0.0,0.0,0.0,0.0,8.57,0.0,0.0,0.0,0.0,0.0,0.0,0.0,0.0,0.0,0.0,0.0,0.0,0.0,0.0
c1ccc(C2CNCc3cc(OCCCN4CCCCC4)ncc32)cc1,0.0,9.0,0.0,0.0,0.0,0.0,0.0,0.0,0.0,0.0,0.0,0.0,0.0,0.0,0.0,0.0,0.0,0.0,0.0,0.0,0.0,0.0,0.0,0.0,0.0,0.0,0.0
c1ccc(C2CNCc3cc(OCCCN4CCOCC4)ncc32)cc1,0.0,7.89,0.0,0.0,0.0,0.0,0.0,0.0,0.0,0.0,0.0,0.0,0.0,0.0,0.0,0.0,0.0,0.0,0.0,0.0,0.0,0.0,0.0,0.0,0.0,0.0,0.0
c1ccc(C2Sc3ccccc3OC2c2ccc(OCCCN3CCCC3)cc2)cc1,0.0,0.0,0.0,0.0,0.0,0.0,0.0,0.0,0.0,0.0,0.0,0.0,8.52,0.0,0.0,0.0,0.0,0.0,0.0,0.0,0.0,0.0,0.0,0.0,0.0,0.0,0.0
c1ccc(CC(c2ccc(-c3ccc(CN4CCCCC4)cc3)cc2)N2CCCCC2)cc1,0.0,7.72,0.0,0.0,0.0,0.0,0.0,0.0,0.0,0.0,0.0,0.0,0.0,0.0,0.0,0.0,0.0,0.0,0.0,0.0,0.0,0.0,0.0,0.0,0.0,0.0,0.0
c1ccc(CC2CNC(Cc3ccc(OCCCN4CCCCC4)cc3)CN2)cc1,0.0,0.0,0.0,0.0,0.0,0.0,0.0,0.0,0.0,0.0,0.0,0.0,0.0,0.0,0.0,8.96,0.0,0.0,0.0,0.0,0.0,0.0,0.0,0.0,0.0,0.0,0.0
c1ccc(CC2COC(c3cccc(Cc4c[nH]cn4)c3)=N2)cc1,0.0,0.0,0.0,0.0,7.05,0.0,0.0,0.0,0.0,0.0,0.0,0.0,0.0,0.0,0.0,0.0,0.0,0.0,0.0,0.0,0.0,0.0,0.0,0.0,0.0,0.0,0.0
c1ccc(CCCCc2c[nH]cn2)cc1,0.0,0.0,0.0,0.0,0.0,0.0,0.0,0.0,0.0,0.0,0.0,0.0,0.0,0.0,0.0,0.0,8.68,0.0,0.0,0.0,0.0,0.0,0.0,0.0,0.0,0.0,0.0
c1ccc(CCCN2CCC(Cc3c[nH]cn3)CC2)cc1,0.0,7.4,0.0,0.0,0.0,0.0,0.0,0.0,0.0,0.0,0.0,0.0,0.0,0.0,0.0,0.0,0.0,0.0,0.0,0.0,0.0,0.0,0.0,0.0,0.0,0.0,0.0
c1ccc(CCCOCCCN2CCC(Cc3ccccc3)CC2)cc1,0.0,0.0,0.0,0.0,0.0,0.0,0.0,0.0,0.0,0.0,0.0,0.0,0.0,0.0,0.0,0.0,6.49,0.0,0.0,0.0,0.0,0.0,0.0,0.0,0.0,0.0,0.0
c1ccc(CCCOCCCN2CCC3CCCCC3C2)cc1,0.0,0.0,0.0,0.0,0.0,0.0,0.0,0.0,0.0,0.0,0.0,0.0,0.0,0.0,0.0,0.0,6.41,0.0,0.0,0.0,0.0,0.0,0.0,0.0,0.0,0.0,0.0
c1ccc(CCCOCCCN2CCCCC2)cc1,0.0,0.0,0.0,0.0,0.0,0.0,8.51,0.0,0.0,0.0,0.0,0.0,0.0,0.0,0.0,0.0,8.5,0.0,0.0,0.0,0.0,0.0,0.0,0.0,0.0,0.0,0.0
c1ccc(CCCOCCCN2CCc3ccccc3C2)cc1,0.0,0.0,0.0,0.0,0.0,0.0,0.0,0.0,0.0,0.0,0.0,0.0,0.0,0.0,0.0,0.0,6.25,0.0,0.0,0.0,0.0,0.0,0.0,0.0,0.0,0.0,0.0
c1ccc(CCCc2c[nH]cn2)nc1,0.0,5.98,0.0,0.0,0.0,0.0,0.0,0.0,0.0,0.0,0.0,0.0,0.0,0.0,0.0,0.0,0.0,0.0,0.0,0.0,0.0,0.0,0.0,0.0,0.0,0.0,0.0
c1ccc(CCN2CCC(CCc3c[nH]cn3)CC2)cc1,0.0,7.4,0.0,0.0,0.0,0.0,0.0,0.0,0.0,0.0,0.0,0.0,0.0,0.0,0.0,0.0,0.0,0.0,0.0,0.0,0.0,0.0,0.0,0.0,0.0,0.0,0.0
c1ccc(CCN2CCC(Cc3c[nH]cn3)CC2)cc1,0.0,8.0,0.0,0.0,0.0,0.0,0.0,0.0,0.0,0.0,0.0,0.0,0.0,0.0,0.0,0.0,0.0,0.0,0.0,0.0,0.0,0.0,0.0,0.0,0.0,0.0,0.0
c1ccc(CCc2c(-c3ccc(OCCCN4CCCCC4)cc3)cn3ccccc23)cc1,0.0,0.0,0.0,0.0,0.0,0.0,0.0,0.0,0.0,0.0,0.0,0.0,0.0,0.0,0.0,0.0,0.0,0.0,0.0,0.0,0.0,0.0,0.0,0.0,7.43,0.0,0.0
c1ccc(CCc2c[nH]cn2)nc1,0.0,5.93,0.0,0.0,0.0,0.0,0.0,0.0,0.0,0.0,0.0,0.0,0.0,0.0,0.0,0.0,0.0,0.0,0.0,0.0,0.0,0.0,0.0,0.0,0.0,0.0,0.0
c1ccc(CN2CCC(CCc3c[nH]cn3)CC2)cc1,0.0,7.1,0.0,0.0,0.0,0.0,0.0,0.0,0.0,0.0,0.0,0.0,0.0,0.0,0.0,0.0,0.0,0.0,0.0,0.0,0.0,0.0,0.0,0.0,0.0,0.0,0.0
c1ccc(CN2CCC(Cc3c[nH]cn3)CC2)cc1,0.0,7.3,0.0,0.0,0.0,0.0,0.0,0.0,0.0,0.0,0.0,0.0,0.0,0.0,0.0,0.0,0.0,0.0,0.0,0.0,0.0,0.0,0.0,0.0,0.0,0.0,0.0
c1ccc(CN2CCCc3cc(OCCCN4CCCCC4)ccc3C2)cc1,0.0,0.0,0.0,0.0,0.0,0.0,0.0,0.0,0.0,0.0,0.0,0.0,9.7,0.0,0.0,0.0,0.0,0.0,0.0,0.0,0.0,0.0,0.0,0.0,0.0,0.0,0.0
c1ccc(CN2CCc3sc(OCCCN4CCCCC4)nc3C2)cc1,0.0,0.0,0.0,0.0,0.0,0.0,0.0,0.0,0.0,0.0,0.0,0.0,6.58,0.0,0.0,0.0,0.0,0.0,0.0,0.0,0.0,0.0,0.0,0.0,0.0,0.0,0.0
c1ccc(CNC(=NC2CCCC2)SCCCc2c[nH]cn2)cc1,0.0,0.0,0.0,0.0,0.0,0.0,0.0,0.0,0.0,0.0,0.0,0.0,0.0,0.0,0.0,7.37,0.0,0.0,0.0,0.0,0.0,0.0,0.0,0.0,0.0,0.0,0.0
c1ccc(CNC2CCC(c3ccc(OCCCN4CCCCC4)cc3)CC2)cc1,0.0,0.0,0.0,0.0,0.0,0.0,0.0,0.0,0.0,0.0,0.0,0.0,0.0,0.0,0.0,9.59,0.0,0.0,0.0,0.0,0.0,0.0,0.0,0.0,0.0,0.0,0.0
c1ccc(CNc2ccnc(Nc3ccc(OCCN4CCCCC4)cc3)n2)cc1,0.0,0.0,0.0,0.0,0.0,0.0,0.0,0.0,0.0,0.0,0.0,0.0,0.0,0.0,0.0,0.0,0.0,0.0,0.0,0.0,0.0,8.35,0.0,0.0,0.0,0.0,0.0
c1ccc(COCC2CCC(c3c[nH]cn3)O2)cc1,0.0,6.6,0.0,0.0,0.0,0.0,0.0,0.0,0.0,0.0,0.0,0.0,0.0,0.0,0.0,0.0,0.0,0.0,0.0,0.0,0.0,0.0,0.0,0.0,0.0,0.0,0.0
c1ccc(COCCCc2c[nH]cn2)cc1,0.0,7.9,0.0,0.0,0.0,0.0,0.0,0.0,0.0,0.0,0.0,0.0,0.0,0.0,0.0,0.0,8.57,0.0,0.0,0.0,0.0,0.0,0.0,0.0,0.0,0.0,0.0
c1ccc(COc2ccc(CCN3CCCC3)cc2)cc1,0.0,0.0,0.0,0.0,0.0,0.0,0.0,0.0,0.0,0.0,0.0,0.0,0.0,0.0,0.0,8.3,0.0,0.0,0.0,0.0,0.0,0.0,0.0,0.0,0.0,0.0,0.0
c1ccc(COc2ccc3c(c2)CCN(C2CC2)CC3)cc1,0.0,0.0,0.0,0.0,0.0,0.0,0.0,0.0,0.0,0.0,8.3,0.0,0.0,0.0,0.0,0.0,0.0,0.0,0.0,0.0,0.0,0.0,0.0,0.0,0.0,0.0,0.0
c1ccc(COc2ccc3c(c2)CCN(C2CCC2)CC3)cc1,0.0,0.0,0.0,0.0,0.0,0.0,0.0,0.0,0.0,0.0,9.6,0.0,0.0,0.0,0.0,0.0,0.0,0.0,0.0,0.0,0.0,0.0,0.0,0.0,0.0,0.0,0.0
c1ccc(COc2ccc3c(c2)CCN(C2CCCC2)CC3)cc1,0.0,0.0,0.0,0.0,0.0,0.0,0.0,0.0,0.0,0.0,9.1,0.0,0.0,0.0,0.0,0.0,0.0,0.0,0.0,0.0,0.0,0.0,0.0,0.0,0.0,0.0,0.0
c1ccc(COc2ccc3c(c2)CCN(C2CCCCC2)CC3)cc1,0.0,0.0,0.0,0.0,0.0,0.0,0.0,0.0,0.0,0.0,8.0,0.0,0.0,0.0,0.0,0.0,0.0,0.0,0.0,0.0,0.0,0.0,0.0,0.0,0.0,0.0,0.0
c1ccc(COc2ccc3c(c2)CCN(CC2CC2)CC3)cc1,0.0,0.0,0.0,0.0,0.0,0.0,0.0,0.0,0.0,0.0,8.0,0.0,0.0,0.0,0.0,0.0,0.0,0.0,0.0,0.0,0.0,0.0,0.0,0.0,0.0,0.0,0.0
c1ccc(Cc2c[nH]cn2)cc1,0.0,0.0,0.0,0.0,6.79,0.0,0.0,0.0,0.0,0.0,0.0,0.0,0.0,0.0,0.0,0.0,0.0,0.0,0.0,0.0,0.0,0.0,0.0,0.0,0.0,0.0,0.0
c1ccc(Cc2c[nH]cn2)nc1,0.0,6.23,0.0,0.0,5.75,0.0,0.0,0.0,0.0,0.0,0.0,0.0,0.0,0.0,0.0,0.0,0.0,0.0,0.0,0.0,0.0,0.0,0.0,0.0,0.0,0.0,0.0
c1ccc(Cc2ccc(OCCCN3CCN(c4ccncc4)CC3)cc2)cc1,0.0,0.0,0.0,0.0,0.0,0.0,0.0,0.0,0.0,0.0,0.0,0.0,0.0,0.0,0.0,0.0,0.0,0.0,7.75,0.0,0.0,0.0,0.0,0.0,0.0,0.0,0.0
c1ccc(Cc2cn(CCCCc3c[nH]cn3)nn2)cc1,0.0,0.0,0.0,0.0,0.0,0.0,0.0,0.0,0.0,0.0,0.0,0.0,0.0,0.0,0.0,6.23,0.0,0.0,0.0,0.0,0.0,0.0,0.0,0.0,0.0,0.0,0.0
c1ccc(Cc2cn(CCCc3c[nH]cn3)nn2)cc1,0.0,0.0,0.0,0.0,0.0,0.0,0.0,0.0,0.0,0.0,0.0,0.0,0.0,0.0,0.0,7.09,0.0,0.0,0.0,0.0,0.0,0.0,0.0,0.0,0.0,0.0,0.0
c1ccc(Cc2cn(CCc3c[nH]cn3)nn2)cc1,0.0,0.0,0.0,0.0,0.0,0.0,0.0,0.0,0.0,0.0,0.0,0.0,0.0,0.0,0.0,6.42,0.0,0.0,0.0,0.0,0.0,0.0,0.0,0.0,0.0,0.0,0.0
c1ccc(N2CCC(Cc3c[nH]cn3)CC2)cc1,0.0,0.0,0.0,0.0,7.52,0.0,0.0,0.0,0.0,0.0,0.0,0.0,0.0,0.0,0.0,0.0,0.0,0.0,0.0,0.0,0.0,0.0,0.0,0.0,0.0,0.0,0.0
c1ccc(N2CCN(CCCOc3cccc4ccccc34)CC2)cc1,0.0,0.0,0.0,0.0,0.0,0.0,0.0,0.0,0.0,0.0,0.0,0.0,5.4,0.0,0.0,0.0,0.0,0.0,0.0,0.0,0.0,0.0,0.0,0.0,0.0,0.0,0.0
c1ccc(N2CCc3ccc(OCCCN4CCCCC4)cc3CC2)cc1,0.0,0.0,0.0,0.0,0.0,0.0,0.0,0.0,0.0,0.0,8.0,0.0,0.0,0.0,0.0,0.0,0.0,0.0,0.0,0.0,0.0,0.0,0.0,0.0,0.0,0.0,0.0
c1ccc(NCCc2c[nH]cn2)cc1,0.0,0.0,0.0,0.0,7.25,0.0,0.0,0.0,0.0,0.0,0.0,0.0,0.0,0.0,0.0,0.0,0.0,0.0,0.0,0.0,0.0,0.0,0.0,0.0,0.0,0.0,0.0
c1ccc(Nc2ccc(OCCCN3CCN(c4ccncc4)CC3)cc2)cc1,0.0,0.0,0.0,0.0,0.0,0.0,0.0,0.0,0.0,0.0,0.0,0.0,0.0,0.0,0.0,0.0,0.0,0.0,8.07,0.0,0.0,0.0,0.0,0.0,0.0,0.0,0.0
c1ccc(Nc2nnc(CCN3CCCCC3)o2)cc1,0.0,0.0,0.0,0.0,0.0,0.0,0.0,0.0,0.0,0.0,0.0,0.0,0.0,0.0,0.0,5.7,0.0,0.0,0.0,0.0,0.0,0.0,0.0,0.0,0.0,0.0,0.0
c1ccc(OCCCc2c[nH]cn2)cc1,0.0,0.0,0.0,0.0,0.0,0.0,0.0,0.0,0.0,0.0,0.0,0.0,0.0,0.0,0.0,0.0,7.57,0.0,0.0,0.0,0.0,0.0,0.0,0.0,0.0,0.0,0.0
c1ccc(Oc2ccc(OCCCN3CCN(c4ccncc4)CC3)cc2)cc1,0.0,0.0,0.0,0.0,0.0,0.0,0.0,0.0,0.0,0.0,0.0,0.0,0.0,0.0,0.0,0.0,0.0,0.0,7.69,0.0,0.0,0.0,0.0,0.0,0.0,0.0,0.0
c1ccc(Oc2ccc3c(c2)CCN(C2CCC2)CC3)cc1,0.0,0.0,0.0,0.0,0.0,0.0,0.0,0.0,0.0,0.0,8.5,0.0,0.0,0.0,0.0,0.0,0.0,0.0,0.0,0.0,0.0,0.0,0.0,0.0,0.0,0.0,0.0
c1ccc(Oc2ccc3c(c2)CCN(C2CCC2)CC3)nc1,0.0,0.0,0.0,0.0,0.0,0.0,0.0,0.0,0.0,0.0,9.1,0.0,0.0,0.0,0.0,0.0,0.0,0.0,0.0,0.0,0.0,0.0,0.0,0.0,0.0,0.0,0.0
c1ccc2[nH]c(CC3CC3c3c[nH]cn3)nc2c1,0.0,0.0,0.0,0.0,6.73,0.0,0.0,0.0,0.0,0.0,0.0,0.0,0.0,0.0,0.0,0.0,0.0,0.0,0.0,0.0,0.0,0.0,0.0,0.0,0.0,0.0,0.0
c1ccc2[nH]c(CCN3CCCC3)cc2c1,0.0,0.0,0.0,0.0,0.0,0.0,0.0,0.0,0.0,0.0,0.0,0.0,0.0,0.0,0.0,6.66,0.0,0.0,0.0,0.0,0.0,0.0,0.0,0.0,0.0,0.0,0.0
c1ccc2[nH]c(CNCCC3CC3c3c[nH]cn3)nc2c1,0.0,0.0,0.0,0.0,7.28,0.0,0.0,0.0,0.0,0.0,0.0,0.0,0.0,0.0,0.0,0.0,0.0,0.0,0.0,0.0,0.0,0.0,0.0,0.0,0.0,0.0,0.0
c1ccc2c(CCNc3ccc(CN4CCOCC4)cc3)c[nH]c2c1,0.0,0.0,0.0,0.0,0.0,0.0,0.0,0.0,0.0,0.0,0.0,0.0,0.0,0.0,0.0,8.37,0.0,0.0,0.0,0.0,0.0,0.0,0.0,0.0,0.0,0.0,0.0
c1ccc2c(N3CCN(C4CCCC4)CC3)ncnc2c1,0.0,0.0,0.0,0.0,0.0,0.0,0.0,0.0,0.0,0.0,0.0,0.0,0.0,0.0,0.0,7.0,0.0,0.0,0.0,0.0,0.0,0.0,0.0,0.0,0.0,0.0,0.0
c1ccc2c(NCCCCc3ccc(OCCCN4CCCCC4)cc3)c3c(nc2c1)CCCC3,0.0,0.0,0.0,0.0,8.7,0.0,0.0,0.0,0.0,0.0,0.0,0.0,0.0,0.0,0.0,0.0,0.0,0.0,0.0,0.0,0.0,0.0,0.0,0.0,0.0,0.0,0.0
c1ccc2c(NCCCCc3ccc(OCCCN4CCCCC4)cc3)ccnc2c1,0.0,0.0,0.0,0.0,8.8,0.0,0.0,0.0,0.0,0.0,0.0,0.0,0.0,0.0,0.0,0.0,0.0,0.0,0.0,0.0,0.0,0.0,0.0,0.0,0.0,0.0,0.0
c1ccc2c(NCCCc3ccc(OCCCN4CCCCC4)cc3)c3c(nc2c1)CCCC3,0.0,0.0,0.0,0.0,8.9,0.0,0.0,0.0,0.0,0.0,0.0,0.0,0.0,0.0,0.0,0.0,0.0,0.0,0.0,0.0,0.0,0.0,0.0,0.0,0.0,0.0,0.0
c1ccc2c(NCCc3ccc(OCCCN4CCCCC4)cc3)c3c(nc2c1)CCCC3,0.0,0.0,0.0,0.0,9.5,0.0,0.0,0.0,0.0,0.0,0.0,0.0,0.0,0.0,0.0,0.0,0.0,0.0,0.0,0.0,0.0,0.0,0.0,0.0,0.0,0.0,0.0
c1ccc2c(NCCc3ccc(OCCCN4CCCCC4)cc3)ccnc2c1,0.0,0.0,0.0,0.0,9.3,0.0,0.0,0.0,0.0,0.0,0.0,0.0,0.0,0.0,0.0,0.0,0.0,0.0,0.0,0.0,0.0,0.0,0.0,0.0,0.0,0.0,0.0
c1ccc2c(Nc3ccc(OCCCN4CCCCC4)cc3)ccnc2c1,0.0,0.0,0.0,0.0,10.0,0.0,0.0,0.0,0.0,0.0,0.0,0.0,0.0,0.0,0.0,0.0,0.0,0.0,0.0,0.0,0.0,0.0,0.0,0.0,0.0,0.0,0.0
c1ccc2c(OCCCCCCN3CCCCC3)cccc2c1,0.0,0.0,0.0,0.0,0.0,0.0,0.0,0.0,0.0,0.0,0.0,0.0,0.0,0.0,0.0,7.28,0.0,0.0,0.0,0.0,0.0,0.0,0.0,0.0,0.0,0.0,0.0
c1ccc2c(OCCCCCCN3CCCCCC3)cccc2c1,0.0,0.0,0.0,0.0,0.0,0.0,0.0,0.0,0.0,0.0,0.0,0.0,0.0,0.0,0.0,7.16,0.0,0.0,0.0,0.0,0.0,0.0,0.0,0.0,0.0,0.0,0.0
c1ccc2c(OCCCCCN3CCCCC3)cccc2c1,0.0,0.0,0.0,0.0,0.0,0.0,0.0,0.0,0.0,0.0,0.0,0.0,0.0,0.0,0.0,7.27,0.0,0.0,0.0,0.0,0.0,0.0,0.0,0.0,0.0,0.0,0.0
c1ccc2c(c1)CCN(Cc1ccc(OCCCN3CCCCC3)cc1)C2,0.0,0.0,0.0,0.0,0.0,0.0,0.0,0.0,0.0,0.0,0.0,0.0,8.77,0.0,0.0,0.0,0.0,0.0,0.0,0.0,0.0,0.0,0.0,0.0,0.0,0.0,0.0
c1ccc2c(c1)CN(C1CCC(c3ccc(OCCCN4CCCCC4)cc3)CC1)C2,0.0,0.0,0.0,0.0,0.0,0.0,0.0,0.0,0.0,0.0,0.0,0.0,0.0,0.0,0.0,9.77,0.0,0.0,0.0,0.0,0.0,0.0,0.0,0.0,0.0,0.0,0.0
c1ccc2c(c1)CN(c1cnc3nc(N4CCC(N5CCCCC5)CC4)oc3c1)C2,0.0,0.0,0.0,0.0,0.0,0.0,0.0,0.0,0.0,0.0,0.0,0.0,0.0,0.0,0.0,6.58,0.0,0.0,0.0,0.0,0.0,0.0,0.0,0.0,0.0,0.0,0.0
c1ccc2c(c1)nc1n(CCN3CCCCC3)cnn21,0.0,0.0,0.0,0.0,0.0,0.0,0.0,0.0,0.0,0.0,0.0,0.0,0.0,0.0,0.0,6.22,0.0,0.0,0.0,0.0,0.0,0.0,0.0,0.0,0.0,0.0,0.0
c1ccc2cc(CCN3CCCC3)ccc2c1,0.0,0.0,0.0,0.0,0.0,0.0,0.0,0.0,0.0,0.0,0.0,0.0,0.0,0.0,0.0,7.52,0.0,0.0,0.0,0.0,0.0,0.0,0.0,0.0,0.0,0.0,0.0
c1ccc2cc(N3CCC(Cc4c[nH]cn4)CC3)ccc2c1,0.0,0.0,0.0,0.0,7.8,0.0,0.0,0.0,0.0,0.0,0.0,0.0,0.0,0.0,0.0,0.0,0.0,0.0,0.0,0.0,0.0,0.0,0.0,0.0,0.0,0.0,0.0
c1ccc2cc(OCCCCCCN3CCCCC3)ccc2c1,0.0,0.0,0.0,0.0,0.0,0.0,0.0,0.0,0.0,0.0,0.0,0.0,0.0,0.0,0.0,7.21,0.0,0.0,0.0,0.0,0.0,0.0,0.0,0.0,0.0,0.0,0.0
c1ccc2cc(OCCCCCCN3CCCCCC3)ccc2c1,0.0,0.0,0.0,0.0,0.0,0.0,0.0,0.0,0.0,0.0,0.0,0.0,0.0,0.0,0.0,7.16,0.0,0.0,0.0,0.0,0.0,0.0,0.0,0.0,0.0,0.0,0.0
c1ccc2cc(OCCCCCN3CCCCC3)ccc2c1,0.0,0.0,0.0,0.0,0.0,0.0,0.0,0.0,0.0,0.0,0.0,0.0,0.0,0.0,0.0,7.27,0.0,0.0,0.0,0.0,0.0,0.0,0.0,0.0,0.0,0.0,0.0
c1ccc2cc(OCCCN3CCN(c4ccncc4)CC3)ccc2c1,0.0,0.0,0.0,0.0,0.0,0.0,0.0,0.0,0.0,0.0,0.0,0.0,0.0,0.0,0.0,0.0,0.0,0.0,7.17,0.0,0.0,0.0,0.0,0.0,0.0,0.0,0.0
c1ccc2nc(N3CCN(C4CC4)CC3)ccc2c1,0.0,0.0,0.0,0.0,0.0,0.0,0.0,0.0,0.0,0.0,0.0,0.0,0.0,0.0,0.0,0.0,0.0,0.0,0.0,0.0,0.0,0.0,0.0,0.0,7.89,0.0,0.0
c1ccc2nc(N3CCN(C4CCCC4)CC3)ccc2c1,0.0,0.0,0.0,0.0,0.0,0.0,0.0,0.0,0.0,0.0,0.0,0.0,0.0,0.0,0.0,0.0,0.0,0.0,0.0,0.0,0.0,0.0,0.0,0.0,7.55,0.0,0.0
c1ccc2nc(N3CCN4CCCCC4C3)ccc2c1,0.0,0.0,0.0,0.0,0.0,0.0,0.0,0.0,0.0,0.0,0.0,0.0,0.0,0.0,0.0,0.0,0.0,0.0,0.0,0.0,0.0,0.0,0.0,0.0,7.75,0.0,0.0
c1ccn2c(C3CN4CCCC4c4cc(OCCCN5CCOCC5)ccc43)cnc2c1,0.0,0.0,0.0,0.0,0.0,0.0,0.0,0.0,0.0,0.0,0.0,0.0,8.7,0.0,0.0,0.0,0.0,0.0,0.0,0.0,0.0,0.0,0.0,0.0,0.0,0.0,0.0
c1ccn2cc(-c3ccc(OCCCN4CCCCC4)cc3)cc2c1,0.0,0.0,0.0,0.0,0.0,0.0,0.0,0.0,0.0,0.0,0.0,0.0,0.0,0.0,0.0,0.0,0.0,0.0,0.0,0.0,0.0,0.0,0.0,0.0,7.89,0.0,0.0
c1cn(-c2ccc(C3CN4CCCC4c4cc(OCCCN5CCOCC5)ccc43)cc2)cn1,0.0,0.0,0.0,0.0,0.0,0.0,0.0,0.0,0.0,0.0,0.0,0.0,8.24,0.0,0.0,0.0,0.0,0.0,0.0,0.0,0.0,0.0,0.0,0.0,0.0,0.0,0.0
c1cn(CCCn2cc(CC3CCCCC3)nn2)cn1,0.0,0.0,0.0,0.0,0.0,0.0,0.0,0.0,0.0,0.0,0.0,0.0,0.0,0.0,0.0,5.2,0.0,0.0,0.0,0.0,0.0,0.0,0.0,0.0,0.0,0.0,0.0
c1cn2c(-c3cnc4nc(N5CCC(N6CCCCC6)CC5)oc4c3)cnc2cn1,0.0,0.0,0.0,0.0,0.0,0.0,0.0,0.0,0.0,0.0,0.0,0.0,0.0,0.0,0.0,7.75,0.0,0.0,0.0,0.0,0.0,0.0,0.0,0.0,0.0,0.0,0.0
c1cnc(-c2nnc(N3CCC(N4CCCCC4)CC3)s2)nc1,0.0,0.0,0.0,0.0,0.0,0.0,0.0,0.0,0.0,0.0,0.0,0.0,0.0,0.0,0.0,6.99,0.0,0.0,0.0,0.0,0.0,0.0,0.0,0.0,0.0,0.0,0.0
c1cnc(C2CN(c3nnc(N4CCC(N5CCCCC5)CC4)s3)CCO2)cn1,0.0,0.0,0.0,0.0,0.0,0.0,0.0,0.0,0.0,0.0,0.0,0.0,8.1,0.0,0.0,0.0,0.0,0.0,0.0,0.0,0.0,0.0,0.0,0.0,0.0,0.0,0.0
c1cnc(C2CN3CCCC3c3cc(OCCCN4CCOCC4)ccc32)cn1,0.0,0.0,0.0,0.0,0.0,0.0,0.0,0.0,0.0,0.0,0.0,0.0,8.4,0.0,0.0,0.0,0.0,0.0,0.0,0.0,0.0,0.0,0.0,0.0,0.0,0.0,0.0
c1cnc(N2CCC(c3cnc4nc(N5CCC(N6CCCCC6)CC5)oc4c3)CC2)nc1,0.0,0.0,0.0,0.0,0.0,0.0,0.0,0.0,0.0,0.0,0.0,0.0,0.0,0.0,0.0,6.45,0.0,0.0,0.0,0.0,0.0,0.0,0.0,0.0,0.0,0.0,0.0
c1cnc(OCC2CC(c3ccc(CN4CCCC4)cc3)C2)nc1,0.0,0.0,0.0,0.0,0.0,0.0,0.0,0.0,0.0,0.0,0.0,0.0,0.0,0.0,0.0,0.0,0.0,0.0,0.0,8.06,0.0,0.0,0.0,7.93,0.0,0.0,0.0
c1cnc(Oc2ccc3c(c2)CCN(C2CCC2)CC3)cn1,0.0,0.0,0.0,0.0,0.0,0.0,0.0,0.0,0.0,0.0,8.8,0.0,0.0,0.0,0.0,0.0,0.0,0.0,0.0,0.0,0.0,0.0,0.0,0.0,0.0,0.0,0.0
c1cnc(Oc2ccc3c(c2)CCN(C2CCC2)CC3)nc1,0.0,0.0,0.0,0.0,0.0,0.0,0.0,0.0,0.0,0.0,8.6,0.0,0.0,0.0,0.0,0.0,0.0,0.0,0.0,0.0,0.0,0.0,0.0,0.0,0.0,0.0,0.0
c1cnc2c(-c3cnc4nc(N5CCC(N6CCCCC6)CC5)oc4c3)cccc2c1,0.0,0.0,0.0,0.0,0.0,0.0,0.0,0.0,0.0,0.0,0.0,0.0,0.0,0.0,0.0,7.46,0.0,0.0,0.0,0.0,0.0,0.0,0.0,0.0,0.0,0.0,0.0
c1cnc2c(-c3nnc(N4CCC(N5CCCCC5)CC4)s3)cccc2c1,0.0,0.0,0.0,0.0,0.0,0.0,0.0,0.0,0.0,0.0,0.0,0.0,0.0,0.0,0.0,8.34,0.0,0.0,0.0,0.0,0.0,0.0,0.0,0.0,0.0,0.0,0.0
c1cnc2c(N3CCN(CCCCc4ccc(OCCCN5CCCCCC5)cc4)CC3)cccc2c1,0.0,0.0,0.0,0.0,0.0,9.2,0.0,0.0,0.0,0.0,0.0,0.0,0.0,0.0,0.0,0.0,0.0,0.0,0.0,0.0,0.0,0.0,0.0,0.0,0.0,0.0,0.0
c1cnc2c(N3CCN(CCCc4ccc(OCCCN5CCCCCC5)cc4)CC3)cccc2c1,0.0,0.0,0.0,0.0,0.0,9.4,0.0,0.0,0.0,0.0,0.0,0.0,0.0,0.0,0.0,0.0,0.0,0.0,0.0,0.0,0.0,0.0,0.0,0.0,0.0,0.0,0.0
c1cnc2c(N3CCN(CCc4ccc(OCCCN5CCCCCC5)cc4)CC3)cccc2c1,0.0,0.0,0.0,0.0,0.0,9.3,0.0,0.0,0.0,0.0,0.0,0.0,0.0,0.0,0.0,0.0,0.0,0.0,0.0,0.0,0.0,0.0,0.0,0.0,0.0,0.0,0.0
c1cnc2nc(N3CCC(N4CCCCC4)CC3)oc2c1,0.0,0.0,0.0,0.0,0.0,0.0,0.0,0.0,0.0,0.0,0.0,0.0,0.0,0.0,0.0,5.92,0.0,0.0,0.0,0.0,0.0,0.0,0.0,0.0,0.0,0.0,0.0
c1cncc(-c2cnc3nc(N4CCC(N5CCCCC5)CC4)oc3c2)c1,0.0,0.0,0.0,0.0,0.0,0.0,0.0,0.0,0.0,0.0,0.0,0.0,0.0,0.0,0.0,7.02,0.0,0.0,0.0,0.0,0.0,0.0,0.0,0.0,0.0,0.0,0.0
c1cncc(-c2noc(CCCCN3CCCCC3)n2)c1,0.0,0.0,0.0,0.0,0.0,0.0,0.0,0.0,0.0,0.0,0.0,0.0,0.0,0.0,0.0,6.96,0.0,0.0,0.0,0.0,0.0,0.0,0.0,0.0,0.0,0.0,0.0
c1cncc(C2CN3CCCC3c3cc(OCCCN4CCCCC4)ccc32)c1,0.0,0.0,0.0,0.0,0.0,0.0,0.0,0.0,0.0,0.0,0.0,0.0,9.1,0.0,0.0,0.0,0.0,0.0,0.0,0.0,0.0,0.0,0.0,0.0,0.0,0.0,0.0
c1cncc(C2CN3CCCC3c3cc(OCCCN4CCOCC4)ccc32)c1,0.0,0.0,0.0,0.0,0.0,0.0,0.0,0.0,0.0,0.0,0.0,0.0,8.8,0.0,0.0,0.0,0.0,0.0,0.0,0.0,0.0,0.0,0.0,0.0,0.0,0.0,0.0
c1cncc(CCCc2c[nH]cn2)c1,0.0,7.48,0.0,0.0,0.0,0.0,0.0,0.0,0.0,0.0,0.0,0.0,0.0,0.0,0.0,0.0,0.0,0.0,0.0,0.0,0.0,0.0,0.0,0.0,0.0,0.0,0.0
c1cncc(CCc2c[nH]cn2)c1,0.0,6.85,0.0,0.0,0.0,0.0,0.0,0.0,0.0,0.0,0.0,0.0,0.0,0.0,0.0,0.0,0.0,0.0,0.0,0.0,0.0,0.0,0.0,0.0,0.0,0.0,0.0
c1cncc(Cc2c[nH]cn2)c1,0.0,7.28,0.0,0.0,7.12,0.0,0.0,0.0,0.0,0.0,0.0,0.0,0.0,0.0,0.0,0.0,0.0,0.0,0.0,0.0,0.0,0.0,0.0,0.0,0.0,0.0,0.0
c1cncc(N2CCC(Cc3c[nH]cn3)CC2)c1,0.0,0.0,0.0,0.0,6.9,0.0,0.0,0.0,0.0,0.0,0.0,0.0,0.0,0.0,0.0,0.0,0.0,0.0,0.0,0.0,0.0,0.0,0.0,0.0,0.0,0.0,0.0
c1cncc(Oc2ccc3c(c2)CCN(C2CCC2)CC3)c1,0.0,0.0,0.0,0.0,0.0,0.0,0.0,0.0,0.0,0.0,8.6,0.0,0.0,0.0,0.0,0.0,0.0,0.0,0.0,0.0,0.0,0.0,0.0,0.0,0.0,0.0,0.0
c1cnn(-c2ccc(C3CN4CCCC4c4cc(OCCCN5CCOCC5)ccc43)cc2)c1,0.0,0.0,0.0,0.0,0.0,0.0,0.0,0.0,0.0,0.0,0.0,0.0,8.28,0.0,0.0,0.0,0.0,0.0,0.0,0.0,0.0,0.0,0.0,0.0,0.0,0.0,0.0
c1cnn(-c2ccc(Oc3ccc4c(c3)CCN(C3CCC3)CC4)nc2)c1,0.0,0.0,0.0,0.0,0.0,0.0,0.0,0.0,0.0,0.0,9.3,0.0,0.0,0.0,0.0,0.0,0.0,0.0,0.0,0.0,0.0,0.0,0.0,0.0,0.0,0.0,0.0
c1cnn(-c2ccc3nc(N4CCN(C5CC5)CC4)ccc3c2)c1,0.0,0.0,0.0,0.0,0.0,0.0,0.0,0.0,0.0,0.0,0.0,0.0,0.0,0.0,0.0,0.0,0.0,0.0,0.0,0.0,0.0,0.0,0.0,0.0,8.96,0.0,0.0
c1coc(-c2ccc(OCCCN3CCCCC3)cc2)c1,0.0,0.0,0.0,0.0,0.0,0.0,0.0,0.0,0.0,0.0,0.0,0.0,8.3,0.0,0.0,0.0,0.0,0.0,0.0,0.0,0.0,0.0,0.0,0.0,0.0,0.0,0.0
c1csc(-c2ccc(OCCCN3CCCCC3)cc2)c1,0.0,0.0,0.0,0.0,0.0,0.0,0.0,0.0,0.0,0.0,0.0,0.0,8.85,0.0,0.0,0.0,0.0,0.0,0.0,0.0,0.0,0.0,0.0,0.0,0.0,0.0,0.0
c1csc(C2CN3CCCC3c3cc(OCCCN4CCCCC4)ccc32)c1,0.0,0.0,0.0,0.0,0.0,0.0,0.0,0.0,0.0,0.0,0.0,0.0,9.0,0.0,0.0,0.0,0.0,0.0,0.0,0.0,0.0,0.0,0.0,0.0,0.0,0.0,0.0
c1csc(C2CN3CCCC3c3cc(OCCCN4CCOCC4)ccc32)c1,0.0,0.0,0.0,0.0,0.0,0.0,0.0,0.0,0.0,0.0,0.0,0.0,8.52,0.0,0.0,0.0,0.0,0.0,0.0,0.0,0.0,0.0,0.0,0.0,0.0,0.0,0.0
c1csc(C2CN3CCCC3c3cc(OCCCN4CCOCC4)ccc32)n1,0.0,0.0,0.0,0.0,0.0,0.0,0.0,0.0,0.0,0.0,0.0,0.0,8.48,0.0,0.0,0.0,0.0,0.0,0.0,0.0,0.0,0.0,0.0,0.0,0.0,0.0,0.0
c1n[nH]cc1-c1nnc(N2CCC(N3CCCCC3)CC2)s1,0.0,0.0,0.0,0.0,0.0,0.0,0.0,0.0,0.0,0.0,0.0,0.0,0.0,0.0,0.0,6.72,0.0,0.0,0.0,0.0,0.0,0.0,0.0,0.0,0.0,0.0,0.0
c1nc(C2CC2CCNCC2CCCCC2)c[nH]1,0.0,0.0,0.0,0.0,0.0,0.0,0.0,0.0,0.0,0.0,0.0,0.0,8.28,0.0,0.0,0.0,0.0,0.0,0.0,0.0,0.0,0.0,0.0,0.0,0.0,0.0,0.0
c1nc(C2CC2CNCC2CCCCC2)c[nH]1,0.0,0.0,0.0,0.0,0.0,0.0,0.0,0.0,0.0,0.0,0.0,0.0,7.46,0.0,0.0,0.0,0.0,0.0,0.0,0.0,0.0,0.0,0.0,0.0,0.0,0.0,0.0
c1nc(CC2CCCNC2)c[nH]1,0.0,7.17,0.0,0.0,0.0,0.0,0.0,0.0,0.0,0.0,0.0,0.0,0.0,0.0,0.0,0.0,0.0,0.0,0.0,0.0,0.0,0.0,0.0,0.0,0.0,0.0,0.0
c1nc(CC2CCN(C3CCCCC3)CC2)c[nH]1,0.0,7.8,0.0,0.0,0.0,0.0,0.0,0.0,0.0,0.0,0.0,0.0,0.0,0.0,0.0,0.0,0.0,0.0,0.0,0.0,0.0,0.0,0.0,0.0,0.0,0.0,0.0
c1nc(CC2CCNCC2)c[nH]1,0.0,9.32,0.0,0.0,9.39,0.0,0.0,0.0,0.0,0.0,0.0,0.0,0.0,0.0,0.0,9.3,0.0,0.0,0.0,0.0,0.0,0.0,0.0,0.0,0.0,0.0,0.0
c1nc(CCC2CCCNC2)c[nH]1,0.0,6.74,0.0,0.0,0.0,0.0,0.0,0.0,0.0,0.0,0.0,0.0,0.0,0.0,0.0,0.0,0.0,0.0,0.0,0.0,0.0,0.0,0.0,0.0,0.0,0.0,0.0
c1nc(CCC2CCN(C3CCCCC3)CC2)c[nH]1,0.0,6.8,0.0,0.0,0.0,0.0,0.0,0.0,0.0,0.0,0.0,0.0,0.0,0.0,0.0,0.0,0.0,0.0,0.0,0.0,0.0,0.0,0.0,0.0,0.0,0.0,0.0
c1nc(CCC2CCNCC2)c[nH]1,0.0,7.7,0.0,0.0,0.0,0.0,0.0,0.0,0.0,0.0,0.0,0.0,0.0,0.0,0.0,0.0,0.0,0.0,0.0,0.0,0.0,0.0,0.0,0.0,0.0,0.0,0.0
c1nc(CCCC2CCCNC2)c[nH]1,0.0,7.08,0.0,0.0,0.0,0.0,0.0,0.0,0.0,0.0,0.0,0.0,0.0,0.0,0.0,0.0,0.0,0.0,0.0,0.0,0.0,0.0,0.0,0.0,0.0,0.0,0.0
c1nc(CCCC2CCNCC2)c[nH]1,0.0,8.35,0.0,0.0,0.0,0.0,0.0,0.0,0.0,0.0,0.0,0.0,0.0,0.0,0.0,0.0,0.0,0.0,0.0,0.0,0.0,0.0,0.0,0.0,0.0,0.0,0.0
c1nc(CCCCCN2CCCC2)c[nH]1,0.0,7.5,0.0,0.0,0.0,0.0,0.0,0.0,0.0,0.0,0.0,0.0,0.0,0.0,0.0,0.0,0.0,0.0,0.0,0.0,0.0,0.0,0.0,0.0,0.0,0.0,0.0
c1nc(CCCCCN2CCCCC2)c[nH]1,0.0,8.1,0.0,0.0,0.0,0.0,0.0,0.0,0.0,0.0,0.0,0.0,0.0,0.0,0.0,0.0,0.0,0.0,0.0,0.0,0.0,0.0,0.0,0.0,0.0,0.0,0.0
c1nc(CCCCCN2CCCCCC2)c[nH]1,0.0,7.8,0.0,0.0,0.0,0.0,0.0,0.0,0.0,0.0,0.0,0.0,0.0,0.0,0.0,0.0,0.0,0.0,0.0,0.0,0.0,0.0,0.0,0.0,0.0,0.0,0.0
c1nc(CCCCCNC2CCCC2)c[nH]1,0.0,8.4,0.0,0.0,0.0,0.0,0.0,0.0,0.0,0.0,0.0,0.0,0.0,0.0,0.0,0.0,0.0,0.0,0.0,0.0,0.0,0.0,0.0,0.0,0.0,0.0,0.0
c1nc(CCCCCNC2CCCCC2)c[nH]1,0.0,8.0,0.0,0.0,0.0,0.0,0.0,0.0,0.0,0.0,0.0,0.0,0.0,0.0,0.0,0.0,0.0,0.0,0.0,0.0,0.0,0.0,0.0,0.0,0.0,0.0,0.0
c1nc(CCCCCNC2CCCCCC2)c[nH]1,0.0,8.5,0.0,0.0,0.0,0.0,0.0,0.0,0.0,0.0,0.0,0.0,0.0,0.0,0.0,0.0,0.0,0.0,0.0,0.0,0.0,0.0,0.0,0.0,0.0,0.0,0.0
c1nc(CCCCN2CCCC2)c[nH]1,0.0,7.4,0.0,0.0,0.0,0.0,0.0,0.0,0.0,0.0,0.0,0.0,0.0,0.0,0.0,0.0,0.0,0.0,0.0,0.0,0.0,0.0,0.0,0.0,0.0,0.0,0.0
c1nc(CCCCN2CCCCC2)c[nH]1,0.0,7.7,0.0,0.0,0.0,0.0,0.0,0.0,0.0,0.0,0.0,0.0,0.0,0.0,0.0,0.0,0.0,0.0,0.0,0.0,0.0,0.0,0.0,0.0,0.0,0.0,0.0
c1nc(CCCCN2CCCCCC2)c[nH]1,0.0,7.4,0.0,0.0,0.0,0.0,0.0,0.0,0.0,0.0,0.0,0.0,0.0,0.0,0.0,0.0,0.0,0.0,0.0,0.0,0.0,0.0,0.0,0.0,0.0,0.0,0.0
c1nc(CCCCNC2CCCC2)c[nH]1,0.0,7.4,0.0,0.0,0.0,0.0,0.0,0.0,0.0,0.0,0.0,0.0,0.0,0.0,0.0,0.0,0.0,0.0,0.0,0.0,0.0,0.0,0.0,0.0,0.0,0.0,0.0
c1nc(CCCCNC2CCCCC2)c[nH]1,0.0,7.5,0.0,0.0,0.0,0.0,0.0,0.0,0.0,0.0,0.0,0.0,0.0,0.0,0.0,0.0,0.0,0.0,0.0,0.0,0.0,0.0,0.0,0.0,0.0,0.0,0.0
c1nc(CCCCNC2CCCCCC2)c[nH]1,0.0,7.4,0.0,0.0,0.0,0.0,0.0,0.0,0.0,0.0,0.0,0.0,0.0,0.0,0.0,0.0,0.0,0.0,0.0,0.0,0.0,0.0,0.0,0.0,0.0,0.0,0.0
c1nc(CCCCn2cc(CC3CCCCC3)nn2)c[nH]1,0.0,0.0,0.0,0.0,0.0,0.0,0.0,0.0,0.0,0.0,0.0,0.0,0.0,0.0,0.0,6.49,0.0,0.0,0.0,0.0,0.0,0.0,0.0,0.0,0.0,0.0,0.0
c1nc(CCCSC(=NC2CCCC2)NC2CCCCC2)c[nH]1,0.0,0.0,0.0,0.0,0.0,0.0,0.0,0.0,0.0,0.0,0.0,0.0,0.0,0.0,0.0,7.73,0.0,0.0,0.0,0.0,0.0,0.0,0.0,0.0,0.0,0.0,0.0
c1nc(CCCn2cc(C3CCCCC3)nn2)c[nH]1,0.0,0.0,0.0,0.0,0.0,0.0,0.0,0.0,0.0,0.0,0.0,0.0,0.0,0.0,0.0,7.15,0.0,0.0,0.0,0.0,0.0,0.0,0.0,0.0,0.0,0.0,0.0
c1nc(CCCn2cc(CC3CCCCCC3)nn2)c[nH]1,0.0,0.0,0.0,0.0,0.0,0.0,0.0,0.0,0.0,0.0,0.0,0.0,0.0,0.0,0.0,6.95,0.0,0.0,0.0,0.0,0.0,0.0,0.0,0.0,0.0,0.0,0.0
c1nc(CCCn2cc(CCC3CCCCC3)nn2)c[nH]1,0.0,0.0,0.0,0.0,0.0,0.0,0.0,0.0,0.0,0.0,0.0,0.0,0.0,0.0,0.0,7.44,0.0,0.0,0.0,0.0,0.0,0.0,0.0,0.0,0.0,0.0,0.0
c1nc(CCCn2cc(CN3CCCCC3)nn2)c[nH]1,0.0,0.0,0.0,0.0,0.0,0.0,0.0,0.0,0.0,0.0,0.0,0.0,0.0,0.0,0.0,6.42,0.0,0.0,0.0,0.0,0.0,0.0,0.0,0.0,0.0,0.0,0.0
c1nc(CCNC2CCCCC2)c[nH]1,0.0,0.0,0.0,0.0,5.8,0.0,0.0,0.0,0.0,0.0,0.0,0.0,0.0,0.0,0.0,0.0,0.0,0.0,0.0,0.0,0.0,0.0,0.0,0.0,0.0,0.0,0.0
c1nc(CCNc2ccc(C3CCCCC3)cc2)c[nH]1,0.0,0.0,0.0,0.0,8.39,0.0,0.0,0.0,0.0,0.0,0.0,0.0,0.0,0.0,0.0,0.0,0.0,0.0,0.0,0.0,0.0,0.0,0.0,0.0,0.0,0.0,0.0
c1nc(CCn2cc(CC3CCCC3)nn2)c[nH]1,0.0,0.0,0.0,0.0,0.0,0.0,0.0,0.0,0.0,0.0,0.0,0.0,0.0,0.0,0.0,6.94,0.0,0.0,0.0,0.0,0.0,0.0,0.0,0.0,0.0,0.0,0.0
c1nc(N2CCC(N3CCCCC3)CC2)c2ccn(CCN3CCOCC3)c2n1,0.0,0.0,0.0,0.0,0.0,0.0,0.0,0.0,0.0,0.0,0.0,0.0,0.0,0.0,0.0,0.0,0.0,0.0,0.0,0.0,0.0,7.51,0.0,0.0,0.0,0.0,0.0
c1nc(N2CCC(N3CCOCC3)CC2)c2ccn(CCN3CCOCC3)c2n1,0.0,0.0,0.0,0.0,0.0,0.0,0.0,0.0,0.0,0.0,0.0,0.0,0.0,0.0,0.0,0.0,0.0,0.0,0.0,0.0,0.0,6.43,0.0,0.0,0.0,0.0,0.0
c1ncc(-c2cc3sc(N4CCC(N5CCCCC5)CC4)nc3cn2)cn1,0.0,0.0,0.0,0.0,0.0,0.0,0.0,0.0,0.0,0.0,0.0,0.0,7.6,0.0,0.0,7.6,0.0,0.0,0.0,0.0,0.0,0.0,0.0,0.0,0.0,0.0,0.0
c1ncc(-c2ccc(OCCCN3CCCCC3)cc2)o1,0.0,0.0,0.0,0.0,0.0,0.0,0.0,0.0,0.0,0.0,0.0,0.0,8.6,0.0,0.0,0.0,0.0,0.0,0.0,0.0,0.0,0.0,0.0,0.0,0.0,0.0,0.0
c1ncc(-c2cnc3nc(N4CCC(N5CCCCC5)CC4)sc3c2)cn1,0.0,0.0,0.0,0.0,0.0,0.0,0.0,0.0,0.0,0.0,0.0,0.0,7.6,0.0,0.0,7.6,0.0,0.0,0.0,0.0,0.0,0.0,0.0,0.0,0.0,0.0,0.0
c1ncc(C2CN3CCCC3c3cc(OCCCN4CCOCC4)ccc32)s1,0.0,0.0,0.0,0.0,0.0,0.0,0.0,0.0,0.0,0.0,0.0,0.0,8.43,0.0,0.0,0.0,0.0,0.0,0.0,0.0,0.0,0.0,0.0,0.0,0.0,0.0,0.0
