smiles,pchembl_value
COc1cccc2c3c(=O)n(C4C5(C)CCC(C5)C4(C)C)ccc3n(CCN3CCOCC3)c12,9.0
COc1cccc2c(C(=O)NC(c3ccccc3)c3ccccn3)nn(CCN3CCOCC3)c12,6.84
COc1ccccc1CNC(=O)c1nn(CCN2CCOCC2)c2c(OC)cccc12,7.11
CCc1c(C(=O)NC2C3(C)CCC(C3)C2(C)C)c2cccc(OC)c2n1CCN1CCOCC1,6.96
COc1ccccc1Cn1ccc2c(c1=O)c1cccc(OC)c1n2CCN1CCOCC1,7.17
CCCCCn1c(C)c(C(=O)Cc2ccccc2C)c2ccccc21,7.72
CCCCCn1c(C)c(C(=O)Cc2ccc(Cl)cc2)c2ccccc21,5.43
CCCCCn1c(C)c(C(=O)Cc2cccc(F)c2)c2ccccc21,6.74
CCCCCn1c(C)c(C(=O)Cc2ccccc2F)c2ccccc21,7.12
CCCCCn1cc(C(=O)Cc2ccc(OC)cc2)c2ccccc21,6.35
CCCCCn1cc(C(=O)Cc2cccc(F)c2)c2ccccc21,7.04
CCCCCn1cc(C(=O)Cc2ccccc2OC)c2ccccc21,7.48
CCCCCn1cc(C(=O)Cc2ccccc2C)c2ccccc21,6.84
Cc1c(C(=O)c2cccc3ccccc23)c2cccc3c2n1C(CN1CCOCC1)CO3,9.55
CCCCCn1c(C)c(C(=O)Cc2ccc(OC)cc2)c2ccccc21,6.19
CCCCCn1cc(C(=O)Cc2ccccc2Br)c2ccccc21,7.7
CCCCCn1c(C)c(C(=O)Cc2ccc(C)cc2)c2ccccc21,5.87
CCCCCn1c(C)c(C(=O)Cc2ccccc2Br)c2ccccc21,7.54
CCCCCn1c(C)c(C(=O)Cc2cccc(Cl)c2)c2ccccc21,6.86
CCCCCn1c(C)c(C(=O)Cc2ccccc2)c2ccccc21,6.75
CCCCCn1cc(C(=O)Cc2ccc(Cl)cc2)c2ccccc21,6.3
CCCCCn1cc(C(=O)Cc2ccccc2)c2ccccc21,6.8
CCCCCn1c(C)c(C(=O)Cc2ccc(F)cc2)c2ccccc21,6.11
CCCCCn1cc(C(=O)Cc2ccc(C)cc2)c2ccccc21,6.24
CCCCCn1cc(C(=O)Cc2ccc(F)cc2)c2ccccc21,6.44
CCCCCn1cc(C(=O)Cc2ccccc2F)c2ccccc21,7.41
CCCCCn1c(C)c(C(=O)Cc2ccccc2Cl)c2ccccc21,7.6
CCCCCn1c(C)c(C(=O)Cc2ccccc2OC)c2ccccc21,7.09
CCCCCn1cc(C(=O)Cc2ccc(Br)cc2)c2ccccc21,6.18
CCCCCn1c(C)c(C(=O)Cc2cccc(OC)c2)c2ccccc21,7.08
CCCCCc1cc(O)c2c(c1)OC(C)(C)C1CCC(C)=CC21,7.44
CCCCCn1cc(C(=O)Cc2cccc(Cl)c2)c2ccccc21,6.97
O=C(NN1CCCCC1)c1nc(-c2ccc(Cl)cc2Cl)n(-c2ccc(Cl)cc2)c1Cl,6.08
Cc1c(C(=O)N2CCc3ccccc3C2)nc(-c2ccc(Cl)cc2Cl)n1-c1ccc(Cl)cc1,6.16
O=C(NN1CCCCC1)c1nc(-c2ccc(Cl)cc2Cl)n(-c2ccc(Cl)cc2)c1Br,6.13
CCN(CC)C(=O)c1nc(-c2ccc(Cl)cc2Cl)n(-c2ccc(Cl)cc2)c1C,5.6
COc1ccc(-n2c(-c3ccc(Cl)cc3Cl)nc(C(=O)NN3CCCCC3)c2C)cc1,6.49
O=C(NN1CCCCC1)c1cn(-c2ccc(Cl)cc2)c(-c2ccc(Cl)cc2Cl)n1,6.27
Cc1c(C(=O)NN2CCOCC2)nc(-c2ccc(Cl)cc2Cl)n1-c1ccc(Cl)cc1,5.48
Cc1c(C(=O)OC(C)(C)C)nc(-c2ccc(Cl)cc2Cl)n1-c1ccc(Cl)cc1,6.09
N#Cc1c(C(=O)NN2CCCCC2)nc(-c2ccc(Cl)cc2Cl)n1-c1ccc(Cl)cc1,5.8
Cc1c(C(=O)NN2CC3CCCC3C2)nc(-c2ccc(Cl)cc2Cl)n1-c1ccc(Cl)cc1,5.85
O=C(NN1CCCCC1)c1nc(-c2ccc(Cl)cc2Cl)n(-c2ccc(Cl)cc2)c1CF,6.04
Cc1c(C(=O)NCc2ccc(C(F)(F)F)cc2)nc(-c2ccc(Cl)cc2Cl)n1-c1ccc(Cl)cc1,5.7
O=C(NN1CCCCC1)c1nc(-c2ccc(Cl)cc2Cl)c(-c2ccc(Cl)cc2)s1,5.23
Cc1c(C(=O)NN2CCCCC2)nn(-c2ccc(Cl)cc2Cl)c1-c1ccc(Cl)cc1,5.8
Cc1c(C(=O)NC2CCC(O)CC2)nc(-c2ccc(Cl)cc2Cl)n1-c1ccc(Cl)cc1,5.46
Cc1c(C(=O)NN2CCCCC2)nc(-c2ccc(Cl)cc2Cl)n1-c1ccc(F)cc1,6.12
Cc1c(C(=O)NOC(C)(C)C)nc(-c2ccc(Cl)cc2Cl)n1-c1ccc(Cl)cc1,6.62
Cc1c(C(=O)NC2CCCC2)nc(-c2ccc(Cl)cc2Cl)n1-c1ccc(Cl)cc1,6.45
Cc1c(C(=O)NN2CCCC2)nc(-c2ccc(Cl)cc2Cl)n1-c1ccc(Cl)cc1,6.11
O=C(NN1CCCCC1)c1nc(-c2ccc(Cl)cc2)c(-c2ccc(Cl)cc2Cl)s1,5.33
Cc1c(C(=O)NN2CCCCC2)nc(-c2ccc(Cl)cc2Cl)n1-c1ccc(Cl)cn1,6.12
Cc1c(C(=O)NN2CCCCC2)nc(-c2ccc(Cl)cc2Cl)n1-c1ccc(C(F)(F)F)cc1,6.2
Cc1c(C(=O)NN2CCCCCC2)nc(-c2ccc(Cl)cc2Cl)n1-c1ccc(Cl)cc1,6.3
CCc1c(C(=O)NN2CCCCC2)nc(-c2ccc(Cl)cc2Cl)n1-c1ccc(Cl)cc1,6.37
O=C(NN1CCCCC1)c1nc(-c2ccc(Cl)cc2)n(-c2ccc(Cl)cc2Cl)n1,5.26
O=C(NN1CCCCC1)c1nc(-c2ccc(Cl)cc2Cl)n(-c2ccc(Cl)cc2)n1,5.45
Cc1c(C(=O)NN2CCCCC2)nc(-c2ccc(Cl)cc2Cl)n1-c1ccc(Cl)cc1,6.22
Cc1c(C(=O)NC2CC3CCC2C3)nc(-c2ccc(Cl)cc2Cl)n1-c1ccc(Cl)cc1,7.27
Cc1c(C(=O)NC2CCCCCC2)nc(-c2ccc(Cl)cc2Cl)n1-c1ccc(Cl)cc1,6.46
CCCn1c(C)c(C(=O)c2cccc3ccccc23)c2ccccc21,7.44
CCCn1c(C)c(C(=O)c2cc(NC(=O)CN)cc3ccccc23)c2ccccc21,6.38
CCCn1c(C)c(C(=O)c2cc([N+](=O)[O-])cc3ccccc23)c2ccccc21,6.84
CCCn1c(C)c(C(=O)c2cc(N)cc3ccccc23)c2ccccc21,6.72
COc1ccc(C(=O)c2c(C)n(CCN3CCOCC3)c3cc(I)ccc23)cc1,7.51
CCCCCn1cc(C(=O)NCCc2ccc3c(c2)OCO3)c(=O)c2ccccc21,6.37
CCCCCn1cc(C(=O)NC2C3CC4CC(C3)CC2C4)c(=O)c2ccccc21,7.87
CCCCCn1cc(C(=O)NC2CCCc3ccccc32)c(=O)c2ccccc21,7.22
CCCCCn1cc(C(=O)NCCc2ccccc2)c(=O)c2ccccc21,6.7
CCCCCCn1cc(C(=O)Nc2cccc3ccccc23)c(=O)c2ccccc21,6.07
CCCCCn1cc(C(=O)Nc2cccc3ccccc23)c(=O)c2ccccc21,6.43
CC12CC3CC(C)(C1)CC(NC(=O)c1cn(Cc4ccccc4)c4ccccc4c1=O)(C3)C2,6.18
CCCCCn1cc(C(=O)NC(C)c2ccccc2)c(=O)c2ccccc21,7.43
CCCC(C)(C)c1ccc2c(c1)OC(C)(C)C1CC=C(C)CC21,7.69
CCCCCn1cc(C(=O)NC(C)c2ccc3ccccc3c2)c(=O)c2ccccc21,6.23
Cc1ccc(Cn2nc(C(=O)NC3C4(C)CCC(C4)C3(C)C)cc2-c2ccc(Cl)c(C)c2)cc1,7.29
CCCCCn1cc(C(=O)NC23CC4CC(C)(CC(C)(C4)C2)C3)c(=O)c2ccccc21,7.8
CCCCCn1cc(C(=O)NC(C)c2cccc3ccccc23)c(=O)c2ccccc21,6.9
CCCCn1cc(C(=O)Nc2cccc3ccccc23)c(=O)c2ccccc21,6.34
CCCCCn1cc(C(=O)Nc2ccc(C#N)cc2)c(=O)c2ccccc21,6.11
CCCCCC=CCC=CCC=CCC=CCCCC(=O)Nc1ccc(OC)cc1,5.4
CCCCCC=CCC=CCC=CCC=CCCCC(=O)NCc1cc(OC)ccc1OC,5.39
CCCCCC=CCC=CCC=CCC=CCCCC(=O)NCc1ccc(OC)cc1,5.35
CCCCCC=CCC=CCC=CCC=CCCCC(=O)NCCO,6.75
CCCCCCCCC=CC(=O)Nc1ccc(OC)cc1,5.6
CCCCCCCCC=CC(=O)NCCc1cc(OC)cc(OC)c1,5.28
CCCCCC=CCC=CCC=CCC=CCCCC(=O)Nc1ccc(N2CCOCC2)cc1,5.37
CCCCCC=CCC=CCC=CCC=CCCCC(=O)NCCc1ccc(OC)cc1OC,5.4
CCCCCC=CCC=CCC=CCC=CCCCC(=O)N1CCN(c2ccc(C)c(C)c2)CC1,5.38
CCCCCC=CCC=CCC=CCC=CCCCC(=O)N(O)CCO,5.72
CCCCCC=CCC=CCC=CCC=CCCCC(=O)ONCCO,5.62
CCCCCCCCC=CCCCCCCCC(=O)N(O)CCO,5.27
CCCCCCCCC=CCCCCCCCC(=O)NOCCO,5.42
CCCCCCCCC=CCCCCCCCC(=O)ONCCO,5.07
CCCCCC=CCC=CCC=CCC=CCCCC(=O)NOCCO,7.09
CC(CO)NC(=O)CCCC=CCC=CCC=CCC=CCCOC(=O)c1cc(I)ccc1N=[N+]=[N-],6.66
CC(NS(C)(=O)=O)c1ccc(S(=O)(=O)c2ccccc2S(=O)(=O)c2ccc(Cl)cc2)cc1,7.24
CC(NS(C)(=O)=O)c1ccc(Cc2ccc(C(F)(F)F)cc2S(=O)(=O)c2cccc(F)c2)cc1,8.46
CC(NS(C)(=O)=O)c1ccc(S(=O)(=O)c2ccc(O)cc2S(=O)(=O)c2ccc(Cl)cc2)cc1,7.89
CC(NS(C)(=O)=O)c1ccc(S(=O)(=O)c2ccc(Cl)cc2S(=O)(=O)c2cccc(Cl)c2)cc1,7.64
COc1ccc(S(=O)(=O)c2cc(OC)ccc2S(=O)(=O)c2ccc(CNS(C)(=O)=O)cc2)cc1,8.89
CC(NS(C)(=O)=O)c1ccc(S(=O)(=O)c2ccc(OC3CCCC3)cc2S(=O)(=O)c2ccc(Cl)cc2)cc1,6.63
CC(NS(C)(=O)=O)c1ccc(S(=O)(=O)c2ccc(Cl)cc2Oc2ccc(Cl)cc2)cc1,6.01
CC(NS(C)(=O)=O)c1ccc(C(=O)c2ccc(OC(F)(F)F)cc2S(=O)(=O)c2ccccc2F)cc1,6.75
CC(NS(C)(=O)=O)c1ccc(S(=O)(=O)c2ccc(Cl)cc2C(C)(O)c2ccc(Cl)cc2)cc1,6.64
Cc1ccc(S(=O)(=O)c2ccc(C(C)NS(C)(=O)=O)cc2)c(S(=O)(=O)c2ccccc2F)c1,9.3
CC(NS(C)(=O)=O)c1ccc(S(=O)(=O)c2ccc(Cl)cc2C(C)(O)c2ccccc2F)cc1,7.11
C=C(c1ccc(C(C)NS(C)(=O)=O)cc1)c1ccc(OC(F)(F)F)cc1S(=O)(=O)c1ccccc1F,7.07
CC(NS(C)(=O)=O)c1ccc(S(=O)(=O)c2ccc(Cl)cc2S(=O)(=O)c2ccc(Cl)cc2)cc1,8.0
CC(NS(C)(=O)=O)c1ccc(C(=O)c2ccc(Cl)cc2S(=O)(=O)c2ccc(Cl)cc2)cc1,6.39
CCC(c1ccc(C(C)NS(C)(=O)=O)cc1)c1ccc(Cl)cc1S(=O)(=O)c1ccc(Cl)cc1,7.12
COc1ccc(S(=O)(=O)c2ccc(C(C)NS(C)(=O)=O)cc2)c(S(=O)(=O)c2ccc(Cl)cc2)c1,9.05
CC(NS(C)(=O)=O)c1ccc(Cc2ccc(OC(F)(F)F)cc2S(=O)(=O)c2ccccc2F)cc1,9.4
COc1ccc(S(=O)(=O)c2ccc(C(C)NS(C)(=O)=O)cc2)c(S(=O)(=O)c2ccccc2)c1,9.22
CC(NS(C)(=O)=O)c1ccc(S(=O)(=O)c2ccccc2S(=O)(=O)c2ccccc2F)cc1,8.05
CC(NS(C)(=O)=O)c1ccc(S(=O)(=O)c2ccc(Cl)cc2S(=O)(=O)c2ccccc2)cc1,8.7
C=C(c1ccccc1F)c1cc(Cl)ccc1S(=O)(=O)c1ccc(C(C)NS(C)(=O)=O)cc1,6.61
CC(NS(C)(=O)=O)c1ccc(S(=O)(=O)c2ccc(Cl)cc2C(=O)c2ccc(Cl)cc2)cc1,6.72
CC(NS(C)(=O)=O)c1ccc(S(=O)(=O)c2ccc(Cl)cc2S(=O)(=O)c2ccccc2OC(F)(F)F)cc1,6.89
CC(NS(C)(=O)=O)c1ccc(S(=O)(=O)c2ccc(C(F)(F)F)cc2S(=O)(=O)c2ccccc2F)cc1,9.05
CC(NS(C)(=O)=O)c1ccc(S(=O)(=O)c2ccc(Cl)cc2Cc2ccc(Cl)cc2)cc1,6.79
CC(NS(C)(=O)=O)c1ccc(S(=O)(=O)c2ccc(Cl)cc2S(=O)(=O)c2ccccc2Cl)cc1,8.22
CON=C(c1ccc(C(C)NS(C)(=O)=O)cc1)c1ccc(Cl)cc1S(=O)(=O)c1ccc(Cl)cc1,6.39
CC(NS(C)(=O)=O)c1ccc(S(=O)(=O)c2ccc(Cl)cc2Nc2ccc(Cl)cc2)cc1,6.56
CC(NS(C)(=O)=O)c1ccc(Cc2ccc(Cl)cc2S(=O)(=O)c2ccc(Cl)cc2)cc1,8.17
COc1ccc(S(=O)(=O)c2cc(OC)ccc2S(=O)(=O)c2ccc(C(C)(C)NS(C)(=O)=O)cc2)cc1,8.22
CC(NS(C)(=O)=O)c1ccc(Cc2ccc(OC(F)(F)F)cc2S(=O)(=O)c2cccc(C(F)(F)F)c2)cc1,7.46
CC(NS(C)(=O)=O)c1ccc(Cc2ccc(C(F)(F)F)cc2S(=O)(=O)c2c(F)cccc2F)cc1,8.74
COc1ccc(S(=O)(=O)c2cc(OC)ccc2S(=O)(=O)c2ccc(C(C)NS(C)(=O)=O)cc2)cc1,9.4
CCN(C)S(=O)(=O)NC(=NC)N1CC(c2ccccc2)C(c2ccc(Cl)cc2)=N1,5.73
CNC(=NS(=O)(=O)c1ccc(Cl)cc1)N1CC(c2ccccc2)C(c2ccc(Cl)cc2)=N1,5.12
CNC(=NS(=O)(=O)N1CCCCC1)N1CC(c2ccccc2)C(c2ccc(Cl)cc2)=N1,5.88
CCN=C(NS(=O)(=O)N(CC)CC)N1CC(c2ccccc2)C(c2ccc(Cl)cc2)=N1,5.54
CN=C(NS(=O)(=O)N1CCCCCCC1)N1CC(c2ccccc2)C(c2ccc(Cl)cc2)=N1,5.59
CCN(CC)S(=O)(=O)NC(=NC)N1CC(c2ccccc2)C(c2ccc(Cl)cc2)=N1,5.49
CN=C(NS(=O)(=O)N1CCOCC1)N1CC(c2ccccc2)C(c2ccc(Cl)cc2)=N1,5.27
CN=C(NS(=O)(=O)N1CCCCCC1)N1CC(c2ccccc2)C(c2ccc(Cl)cc2)=N1,5.99
CN=C(NS(=O)(=O)N(C)C(C)C)N1CC(c2ccccc2)C(c2ccc(Cl)cc2)=N1,5.95
CN=C(NS(=O)(=O)N(C)C)N1CC(c2ccccc2)C(c2ccc(Cl)cc2)=N1,5.42
CN=C(NS(=O)(=O)N1CCCC1)N1CC(c2ccccc2)C(c2ccc(Cl)cc2)=N1,5.8
CCN(CC)S(=O)(=O)NC(=NC)N1CC(c2cccnc2)C(c2ccc(Cl)cc2)=N1,5.04
O=C(NC1CCCCC1O)c1cn(-c2ccc(Cl)cc2)c(-c2ccccc2Cl)n1,5.28
CCc1c(C(=O)NC2CCCCC2O)nc(-c2ccccc2Cl)n1-c1ccc(Cl)cc1,5.64
O=C(NC1CCCCC1O)c1cn(-c2ccc(Cl)cc2)c(-c2ccc(Cl)cc2Cl)n1,5.96
O=C(NC1c2ccccc2CC1O)c1cn(-c2ccc(Cl)cc2)c(-c2ccccc2Cl)n1,5.92
O=C(NC1CCCC1O)c1cn(-c2ccc(Cl)cc2)c(-c2ccccc2Cl)n1,5.2
CCc1c(C(=O)NC2CCCCC2O)nc(-c2ccccc2Cl)n1-c1ccc(Br)cc1,5.57
O=C(NC1CCCCC1)c1cn(-c2ccc(Cl)cc2)c(-c2ccc(Cl)cc2Cl)n1,6.62
CSC(=S)N1CC(C)(C)CSC1=Nc1cccc(C(C)C)c1,7.48
CCOC(=O)N1CC(C)(C)CSC1=Nc1ccccc1C(C)C,6.37
CC(C)SC(=S)N1CC(C)(C)CSC1=Nc1ccccc1C(C)C,6.56
CSC(=S)N1CC(C)CSC1=Nc1ccccc1C(C)C,7.01
CCSC(=O)N1CC(C)(C)CSC1=Nc1ccccc1C(C)C,7.32
CSC(=S)N1CC(C)(C)CSC1=Nc1ccccc1C,6.7
COc1ccccc1N=C1SCC(C)(C)CN1C(=S)SC,7.75
CCc1ccccc1N=C1SCC(C)(C)CN1C(=S)SC,7.27
CC(C)c1ccccc1N=C1SCC(C)(C)CN1Cc1ccccc1,5.87
CSC(=S)N1CC(C)(C)CSC1=Nc1ccccc1C(C)(C)C,6.5
CCSC(=S)N1CC(C)(C)CSC1=Nc1ccccc1C(C)C,7.46
CSC(=S)N1CC(C)(C)CSC1=Nc1ccccc1Oc1ccccc1,5.54
CCC(=O)N1CC(C)(C)CSC1=Nc1ccccc1C(C)C,5.68
CCOC(=S)N1CC(C)(C)CSC1=Nc1ccccc1C(C)C,6.64
CCN1CC(C)(C)CSC1=Nc1ccccc1C(C)C,5.31
CSC(=S)N1CC(C)(C)CSC1=Nc1ccccc1,6.5
CSC(=S)N1CCCSC1=Nc1ccccc1C(C)C,5.8
CSC(=S)N1CC(C)(C)CSC1=Nc1ccccc1Cl,6.14
CSC(=S)N1CC(C)(C)CSC1=Nc1ccc(C(C)C)cc1,7.66
CCCN1CC(C)(C)CSC1=Nc1ccccc1C(C)C,6.04
CSC(=S)N1CC(C)(C)CSC1=Nc1ccccc1F,6.6
CCOc1ccccc1N=C1SCC(C)(C)CN1C(=S)SC,7.08
CCCSC(=S)N1CC(C)(C)CSC1=Nc1ccccc1C(C)C,6.92
CCCc1ccccc1N=C1SCC(C)(C)CN1C(=S)SC,7.24
CSC(=S)N1CC(C)(C)CSC1=Nc1ccccc1C(F)(F)F,6.85
CSC(=S)N1CC(C)(C)CSC1=Nc1ccccc1-c1ccccc1,6.0
CCCCOC(=O)c1cc(O)c(-c2cc(C)cc(C)c2)c(O)c1,5.5
COc1cc(C(=O)O)cc(OC)c1-c1cc(C)cc(C)c1,5.0
COC(=O)c1cc(O)c(-c2cc(C)cc(C)c2)c(O)c1,5.35
CCCCCOC(=O)c1cc(O)c(-c2cc(C)cc(C)c2)c(O)c1,5.96
Cc1nc(-c2ccccc2)c(-c2ccccc2)n1CCCCCCNC(=O)Oc1ccccc1F,4.55
CSC(=S)N1CC2(CCCCC2)CSC1=Nc1ccccc1C(F)(F)F,8.96
COc1ccc(N=C2SCC3(CCCCC3)CN2C(=S)SC)cc1,8.42
CSC(=S)N1CC2(CCCCC2)CSC1=Nc1cccc2c1CCCN2C,8.96
CCc1ccc(N=C2SCC3(CCCCC3)CN2C(=S)SC)cc1,8.92
COc1ccccc1N=C1SCC2(CCCCC2)CN1C(=S)SC,8.96
CSC(=S)N1CC2(CCCCC2)CSC1=Nc1ccc(C(F)(F)F)cc1,7.75
CSC(=S)N1CC2(CCCCC2)CSC1=Nc1cccc2nsnc12,8.89
CSC(=S)N1CC2(CCCCC2)CSC1=Nc1ccc2c(c1)CCCC2,7.62
CSC(=S)N1CC2(CCCCC2)CSC1=Nc1ccc(C(C)C)cc1,7.64
CCC1(CC)CSC(=Nc2ccccc2C(C)C)N(C(=S)SC)C1,8.05
CSC(=S)N1CC2(CCCCC2)CSC1=Nc1ccc(C#N)cc1,8.64
CSC(=S)N1CC2(CCCCC2)CSC1=Nc1cccc2c1CCCC2,9.7
CSC(=S)N1CC2(CCCCC2)CSC1=Nc1cccc(C(C)C)c1,8.6
COc1cccc(N=C2SCC3(CCCCC3)CN2C(=S)SC)c1,9.0
CSC(=S)N1CC2(CCCCC2)CSC1=Nc1ccccc1OC(F)(F)F,7.92
CSC(=S)N1CC2(CCCC2)CSC1=Nc1ccccc1C(C)C,9.0
CSC(=S)N1CC2(CCCCC2)CSC1=Nc1cccc2nonc12,9.05
CSC(=S)N1CC2(CCCCC2)CSC1=Nc1cccc(C)c1C,9.0
CCOc1ccccc1N=C1SCC2(CCCCC2)CN1C(=S)SC,8.2
CSC(=S)N1CC2(CCCCC2)CSC1=Nc1cccc2ncccc12,7.96
CCCc1ccc(N=C2SCC3(CCCCC3)CN2C(=S)SC)cc1,8.15
CSC(=S)N1CC2(CC2)CSC1=Nc1ccccc1C(C)C,7.19
CSC(=S)N1CC2(CCCCC2)CSC1=Nc1cccc2c1CCC2,8.3
CSC(=S)N1CC2(CCCCC2)CSC1=Nc1ccc(OC(F)(F)F)cc1,8.22
CSC(=S)N1CC2(CCCCC2)CSC1=Nc1cccc2ccccc12,8.22
CCCCCCC(C)(C)c1ccc(-c2cccc(OC)c2OC)c(O)c1,8.11
CCCCCCC(C)(C)c1ccc(-c2cc(C)cc(C)c2)c(COC(=O)CN2CCOCC2)c1,9.09
CCCCCCC(C)(C)c1ccc(-c2ccc(OC)c(OC)c2)c(O)c1,5.77
CCCCCCC(C)(C)c1ccc(-c2cc(C)ccc2C)c(O)c1,8.18
CCCCCCC(C)(C)c1ccc(-c2cccc(C)c2C)c(O)c1,7.7
COC(=O)CCCCC(C)(C)c1ccc(-c2cc(C)cc(C)c2)c(O)c1,7.85
CCCCCCC(C)(C)c1ccc(-c2cccnc2)c(O)c1,7.7
CCCCCCC(C)(C)c1ccc(-c2cc(C)cc(C)c2)c(N)c1,7.29
CCCCCCC(C)(C)c1ccc(-c2cc(C)cc(C)c2)cc1,5.67
Cc1cc(C)cc(-c2ccc(C(C)(C)CCCO)cc2O)c1,7.25
CCCCCCC(C)(C)c1ccc(-c2cccc(N)c2)c(O)c1,7.36
CCCCCCC1(c2ccc(-c3cc(C)cc(C)c3)c(O)c2)CCCC1,8.26
CCCCCCC1(c2ccc(-c3cc(C)cc(C)c3)c(O)c2)CCCCC1,8.77
CCCCCCC(C)(C)c1ccc(-c2cc(C)cc(C)c2)c(CO)c1,6.32
CCCCCCC(C)(C)c1ccc(-c2ccc(C)c(C)c2)c(O)c1,6.08
CCCCCCC(C)(C)c1ccc(-c2cc(C)cc(C)c2)c(C(=O)OC)c1,8.64
CNC(=O)CCCCC(C)(C)c1ccc(-c2cc(C)cc(C)c2)c(O)c1,7.41
COC(=O)CCC(C)(C)c1ccc(-c2cc(C)cc(C)c2)c(O)c1,8.25
CCCCCCC1(c2ccc(-c3cc(C)cc(C)c3)c(O)c2)CC1,7.26
CCCCCCC(C)(C)c1ccc(-c2ccc(N)cc2)c(O)c1,6.0
CCCCCCC(C)(C)c1ccc(-c2cc(C)cc(C)c2)c(CN2CCOCC2)c1,6.18
Cc1cc(C)cc(-c2ccc(C(C)(C)CO)cc2O)c1,6.22
CCCCCCC(C)(C)c1ccc(-c2c(C)cccc2C)c(O)c1,7.75
CCCCCCC(C)(C)c1ccc(-c2cccc(C#N)c2)c(O)c1,7.35
CCCCCCC(C)(C)c1ccc(-c2cc(C)cc(C)c2)c(OC)c1,7.47
Cc1cc(C)cc(-c2ccc(C(C)(C)CCCCCO)cc2O)c1,8.44
COC(=O)C(C)(C)c1ccc(-c2cc(C)cc(C)c2)c(O)c1,7.8
CCCCCCC(C)(C)c1ccc(-c2cc(C)cc(C)c2)c(C(N)=O)c1,6.5
CCCCCCC(C)(C)c1ccc(-c2cc(C)cc(C)c2)c(CN)c1,6.42
CCCCCCC(C)(C)c1ccc(-c2ccccc2N)c(O)c1,7.77
CCCCCCC(C)(C)c1ccc(-c2cccc(OC)c2)c(O)c1,6.24
CCCCCCC(C)(C)c1ccc(-c2ccccc2OC)c(O)c1,9.0
CC1OC(=O)C2CC3CCCCC3C(C=Cc3ccc(N4CCCC4)cn3)C12,6.31
CC1OC(=O)C2CC3CCCCC3C(C=Cc3ccc(-c4cccnc4)cn3)C12,4.89
CCCCCn1cc(C(=O)c2ccccc2)c(=O)c2ccccc21,6.35
CC12CC3CC(C)(C1)CC(NC(=O)c1cn(CCN4CCOCC4)c4ccccc4c1=O)(C3)C2,6.66
CCCCCn1c(C)c(C(=O)NC(C)c2ccccc2)c(=O)c2ccccc21,6.18
CC12CC3CC(C)(C1)CC(NC(=O)c1cn(CCCc4ccccc4)c4ccccc4c1=O)(C3)C2,6.8
CCCCCn1cc(C(=O)c2cccc3ccccc23)c(=O)c2ccccc21,6.81
CCCCCn1cc(C(=O)NC(C)C23CC4CC(CC(C4)C2)C3)c(=O)c2ccccc21,7.85
CCCCCn1cc(C(=O)NC23CC4CC(C)(CC(C)(C4)C2)C3)c(=O)c2ncccc21,6.59
CCCCCn1cc(C(=O)NC23CC4CC(C)(CC(C)(C4)C2)C3)c(=O)c2ccc(Cl)cc21,8.28
CCCCCn1cc(C(=O)NC2CCCc3ccccc32)c(=O)c2cc(Cl)ccc21,6.92
O=C(c1cn(Cc2ccc(F)cc2)c2ccccc2c1=O)c1cccc2ccccc12,6.65
CCCCCn1cc(C(=O)NC23CC4CC(C)(CC(C)(C4)C2)C3)c(=O)c2cccnc21,7.63
CCCCCn1cc(C(=O)NC23CC4CC(C)(CC(C)(C4)C2)C3)c(=S)c2ccccc21,7.74
CCCCCn1nc(C(=O)NC23CC4CC(C)(CC(C)(C4)C2)C3)c(=O)c2ccccc21,7.03
CCCCCn1cc(C(=O)c2c3ccccc3cc3ccccc23)c(=O)c2ccccc21,5.82
CCCCCCn1cc(C(=O)c2cccc3ccccc23)c(=O)c2ccccc21,6.24
CCCCCn1cc(NC(=O)c2cccc3ccccc23)c(=O)c2ccccc21,6.58
CCCCCn1cc(NC(=O)CCc2ccccc2)c(=O)c2ccccc21,5.95
O=C(c1cn(Cc2ccc(Cl)cc2)c2ccccc2c1=O)c1cccc2ccccc12,5.95
CC12CC3CC(C)(C1)CC(NC(=O)c1cn(Cc4ccc(F)cc4)c4ccccc4c1=O)(C3)C2,7.08
CCCCCn1cc(C(=O)NC23CC4CC(C)(CC(C)(C4)C2)C3)c(=O)c2cccc(Cl)c21,7.56
CCCCn1cc(C(=O)c2cccc3ccccc23)c(=O)c2ccccc21,5.81
CC12CC3CC(C)(C1)CC(NC(=O)c1cn(CCc4ccccc4)c4ccccc4c1=O)(C3)C2,6.48
O=C(c1cn(CCC2CCCCC2)c2ccccc2c1=O)c1cccc2ccccc12,5.78
CCCCCn1c(C)c(C(=O)NC23CC4CC(C)(CC(C)(C4)C2)C3)c(=O)c2ccccc21,6.7
CCCCCn1cc(C(=O)NC(C)C23CC4CC(CC(C4)C2)C3)c(=O)c2ccc(Cl)cc21,7.58
CCCCCn1cc(CNC23CC4CC(CC(C4)C2)C3)c(=O)c2ccccc21,5.78
CCCCCn1cc(C(=O)NC23CC4CC(C)(CC(C)(C4)C2)C3)c(=O)c2cnccc21,7.51
CCCCCn1cc(C(=O)NCC23CC4CC(CC(C4)C2)C3)c(=O)c2ccccc21,7.3
CCCCCn1cc(C(=O)NC23CC4CC(C)(CC(C)(C4)C2)C3)c(=O)c2cc(Cl)ccc21,7.26
CCCCCn1cc(NC(=O)C23CC4CC(CC(C4)C2)C3)c(=O)c2ccccc21,7.59
CCCCCn1cc(C(=O)c2ccc3ccccc3c2)c(=O)c2ccccc21,5.89
CCCCCn1cc(C(=O)NC(C)C23CC4CC(CC(C4)C2)C3)c(=O)c2cc(Cl)ccc21,6.84
O=C(NC12CC3CC(CC(C3)C1)C2)c1cn(CCN2CCOCC2)c2ccccc2c1=O,6.82
CCCCCn1c(-c2ccccc2)c(C(=O)NC23CC4CC(C)(CC(C)(C4)C2)C3)c(=O)c2ccccc21,6.92
CCCCCn1c(-c2ccccc2)c(C(=O)NC23CC4CC(CC(C4)C2)C3)c(=O)c2ccccc21,6.47
O=C(c1cn(Cc2ccccc2)c2ccccc2c1=O)c1cccc2ccccc12,6.18
O=C(c1cn(Cc2ccc(Br)cc2)c2ccccc2c1=O)c1cccc2ccccc12,6.01
CCCCCCCC=CC=CC(=O)NCC(C)C,7.28
Cc1c2c(n(-c3ccc(Cl)cc3Cl)c1-c1ccc(Cl)cc1)CCN(C1CCCCC1)C2=O,5.08
COc1ccc(-c2c(C)c3c(n2-c2ccccc2Cl)CCN(N2CCCCC2)C3=O)cc1,6.07
Cc1c2c(n(-c3ccc(Cl)cc3Cl)c1-c1ccc(Cl)cc1)CCN(N1CCCCC1)C2=O,5.89
Cc1c2c(n(-c3ccccc3Cl)c1-c1ccc(Cl)cc1)CCN(N1CCCCC1)C2=O,5.96
CCCCCCc1c(O)cccc1OCCCCCCCCCCC(=O)NCc1ccc(OC)c(O)c1,5.68
CCCCCCc1ccc(OCCCCCCCCCCCC(=O)NC2CC2)cc1O,5.41
CCCCCCc1c(O)cccc1OCCCCCCCC(=O)NC1CC1,5.75
CCCCCc1cc(O)cc(OCCCCCCCCCCCC(=O)NC2CC2)c1,6.51
CCCCCc1cc(O)cc(OCCCCCCCCCCC(=O)NCC2CC2)c1,7.1
CCCCCCc1ccc(OCCCCCCCCCCC(=O)NCC2CC2)cc1O,5.54
CCCCCCc1c(O)cccc1OCCCCCCCCCCC(=O)NCC1CC1,6.33
CCCCCc1cc(O)cc(OCCCCCCCC(=O)NC2CC2)c1,7.41
CCCCCc1ccc(OCCCCCCCCCCC(=O)NC2CC2)cc1O,7.89
CCCCCCc1c(O)cccc1OCCCCCCCCCCC(=O)NCCc1ccc(O)c(O)c1,5.1
CCCCCc1cc(O)cc(OCCCCCCCCCCCC(=O)NCCO)c1,7.41
CCCCCCc1c(O)cccc1OCCCCCCCCCCCC(=O)NCCO,5.85
CCCCCc1cc(O)cc(OCCCCCCCCCCC(=O)NCc2ccc(OC)c(O)c2)c1,5.78
CCCCCCc1c(O)cccc1OCCCCCCCCCCCC(=O)NC1CC1,7.41
CCCCCCc1ccc(OCCCCCCCC(=O)NC2CC2)cc1O,6.55
CCCCCc1cc(O)cc(OCCCCCCCC(=O)NCCO)c1,6.41
CCCCCn1cc(C(=O)c2cccc3ccccc23)cc1-c1cccc([N+](=O)[O-])c1,7.39
CCCCCn1cc(C(=O)c2cccc3ccccc23)cc1-c1ccc(C(F)(F)F)cc1,7.28
CCCCCn1cc(C(=O)c2cccc3ccccc23)cc1-c1ccc(OC)cc1,7.39
CCCCCn1cc(C(=O)c2cccc3ccccc23)cc1-c1ccc(Cl)cc1,7.6
CCCCCCn1cc(C(=O)c2cccc3ccccc23)cc1-c1ccccc1,8.15
CCCCCn1cc(C(=O)c2cccc3ccccc23)cc1-c1cccc(C)c1,7.41
CCCCCn1cc(C(=O)c2cccc3ccccc23)cc1-c1cccnc1,7.62
CCCCCCCn1cc(C(=O)c2cccc3ccccc23)cc1-c1ccccc1,7.21
CCCCCn1cc(C(=O)c2cccc3ccccc23)cc1-c1ccccc1C,8.4
CCCCCn1cc(C(=O)c2cccc3ccccc23)cc1-c1ccc(C)cc1,7.75
CCCCCn1cc(C(=O)c2cccc3ccccc23)cc1-c1cccc(C(F)(F)F)c1,7.15
CCCCCn1cc(C(=O)c2cccc3ccccc23)cc1-c1ccccc1CCCC,7.16
CCCCn1cc(C(=O)c2cccc3ccccc23)cc1-c1ccccc1,7.82
CCCCCn1cc(C(=O)c2cccc3ccccc23)cc1-c1ccccc1CC,8.47
CCCCCn1cc(C(=O)c2cccc3ccccc23)cc1-c1cccc2ccccc12,7.31
CCCCCn1cc(C(=O)c2cccc3ccccc23)cc1-c1ccccc1F,8.48
CCCCCn1cc(C(=O)c2cccc3ccccc23)cc1-c1ccccc1OC,7.7
CCCCCn1cc(C(=O)c2cccc3ccccc23)cc1-c1cccc(Cl)c1,7.8
CCCn1cc(C(=O)c2cccc3ccccc23)cc1-c1ccccc1,6.98
CCCCCn1cc(C(=O)c2cccc3ccccc23)cc1-c1cccc(OC)c1,7.64
CCCCCn1cc(C(=O)c2cccc3ccccc23)cc1-c1ccc(F)cc1,7.48
CCCCCn1cc(C(=O)c2cccc3ccccc23)cc1-c1ccccc1Cl,8.28
CCCCCn1cc(C(=O)c2cccc3ccccc23)cc1-c1ccccc1C(F)(F)F,8.09
CCCCCn1cc(C(=O)c2cccc3ccccc23)cc1-c1ccc(CCCC)cc1,7.19
CCCCCn1cc(C(=O)c2cccc3ccccc23)cc1-c1ccc(CC)cc1,7.54
CCCCCn1cc(C(=O)c2cccc3ccccc23)cc1-c1ccccc1,8.19
CCCCCn1cc(C(=O)c2cccc3ccccc23)cc1-c1cccc(F)c1,8.04
CCCCCn1cc(C(=O)c2cccc3ccccc23)cc1-c1ccc2ccccc2c1,6.77
CCCCCCc1ccc(OCCCCCC(=O)NC2CC2)cc1O,6.27
CCCCCc1cc(O)cc(OCCCCCCCCCCC(=O)NCCO)c1,6.8
CCCCCCc1ccc(O)cc1OCCCCCCCCCCC(=O)NCCO,6.38
O=C(CCCCCCCCCCCCCCCOc1cccc(O)c1)Nc1ccc(O)cc1,5.0
CCCCCCc1ccc(O)cc1OCCCCCCCCCCC(=O)Nc1ccc(O)cc1,5.68
CCCCCCc1ccc(OCCCCCC(=O)NCCO)cc1O,5.19
CCCCCCc1ccc(OCCCCCCCCCCC(=O)NC2CC2)cc1O,6.46
CCCCCc1cc(O)cc(OCCCCCCCCCCC(=O)NC2CC2)c1,7.89
CCCCCCc1ccc(O)cc1OCCCCCCCCCCC(=O)NC1CC1,7.52
CCCCCCc1ccc(O)cc1OCCCCCCCCCCCCCCCC(=O)NC1CC1,5.6
CCCCCc1cc(O)cc(OCCCCCCCCCCC(=O)Nc2ccc(O)cc2)c1,5.85
CCCCCCc1ccc(OCCCCCCCCCCC(=O)NCCO)cc1O,5.57
CCCCCc1cc(O)cc(OCCCCCC(=O)NC2CC2)c1,6.02
CCCCCCc1ccc(O)cc1OCCCCCC(=O)NC1CC1,5.45
O=C(CCCCCCCCCCOc1cccc(O)c1)NC1CC1,5.27
CCCCCCCC(C)(C)c1ccc(C2CCCC(O)C2)cc1,6.81
CCCCCCCC(C)(C)c1ccc(C2CC(O)CCC2CCCO)cc1,6.76
CCCC(C)(C)c1ccc(C2CCCC(O)C2)cc1,5.82
CCC(C)(C)c1ccc(C2CC(O)CCC2CCCO)cc1,5.87
CCCCCCC(C)(C)c1ccc(C2CC(O)CCC2CCCO)cc1,6.62
CCCCCCCCC(C)(C)c1ccc(C2CC(O)CCC2CCCO)cc1,6.38
CCCCC(C)(C)c1ccc(C2CCCC(O)C2)cc1,6.26
CCCCCCC(C)(C)c1ccc(C2CCCC(O)C2)cc1,6.75
CCC(C)(C)c1ccc(C2CCCC(O)C2)cc1,5.42
CCCCC(C)(C)c1ccc(C2CC(O)CCC2CCCO)cc1,6.16
CCCCCCCCC(C)(C)c1ccc(C2CCCC(O)C2)cc1,5.97
CCCN1Cc2c(n(S(=O)(=O)CC)c3ccc(C(=O)N4CCC(C)CC4)cc23)C1,7.96
CCS(=O)(=O)n1c2c(c3cc(C(=O)N4CCC(OC)CC4)ccc31)CN(C1CCCC1)C2,7.56
CCCS(=O)(=O)n1c2c(c3cc(C(=O)N4CCC(C)CC4)ccc31)CN(C1CCCC1)C2,7.65
CCCCN(C)C(=O)c1ccc2c(c1)c1c(n2S(=O)(=O)CC)CN(C2CCCC2)C1,7.65
CC1CCN(C(=O)c2ccc3c(c2)c2c(n3C)CN(C3CCCC3)C2)CC1,7.07
CCS(=O)(=O)n1c2c(c3cc(C(=O)N4CCC(F)CC4)ccc31)CN(C1CCCC1)C2,7.36
C=CCN1Cc2c(n(S(=O)(=O)CC)c3ccc(C(=O)N4CCC(C)CC4)cc23)C1,8.19
CC1CCN(C(=O)c2ccc3[nH]c4c(c3c2)CN(C2CCCC2)C4)CC1,5.33
CCS(=O)(=O)n1c2c(c3cc(C(=O)N4CCC(C)CC4)ccc31)CN(CC1CC1)C2,8.2
CC1CCN(C(=O)c2ccc3c(c2)c2c(n3S(C)(=O)=O)CN(C3CCCC3)C2)CC1,8.1
CCS(=O)(=O)n1c2c(c3cc(C(=O)N4CCC(C)CC4)ccc31)CN(CCC1CCCCC1)C2,5.7
CCCCCc1cc(O)c2c(c1)CC(C)(C)C1CCC(C)=CC21,6.85
CCS(=O)(=O)n1c2c(c3cc(C(=O)N4CCC(C)CC4)ccc31)CN(C(C)C)C2,8.05
CCS(=O)(=O)n1c2c(c3cc(C(=O)N4CCC(C)CC4)ccc31)CN(Cc1ccccc1)C2,7.43
CCCCN1Cc2c(n(S(=O)(=O)CC)c3ccc(C(=O)N4CCC(C)CC4)cc23)C1,7.78
CC1CCN(C(=O)c2ccc3c(c2)c2c(n3S(=O)(=O)C(C)C)CN(C3CCCC3)C2)CC1,8.38
CCS(=O)(=O)n1c2c(c3cc(C(=O)N4CCC(C)CC4)ccc31)CN(CC1CCCCC1)C2,6.03
CCS(=O)(=O)n1c2c(c3cc(C(=O)N4CCCCC4)ccc31)CN(C1CCCC1)C2,7.76
CC1CCN(C(=O)c2ccc3c(c2)c2c(n3S(=O)(=O)c3ccccc3)CN(C3CCCC3)C2)CC1,7.75
CCS(=O)(=O)n1c2c(c3cc(C(=O)N4CCC(C)CC4)ccc31)CN(C1CCCCO1)C2,7.75
CCS(=O)(=O)n1c2c(c3cc(C(=O)N4CCOCC4)ccc31)CN(C1CCCC1)C2,6.51
CCS(=O)(=O)n1c2c(c3cc(C(=O)N(C)C(C)C)ccc31)CN(C1CCCC1)C2,6.97
C=CCn1c2c(c3cc(C(=O)N4CCC(C)CC4)ccc31)CN(C1CCCC1)C2,7.63
CCS(=O)(=O)n1c2c(c3cc(C(=O)N(C)CCC(C)C)ccc31)CN(C1CCCC1)C2,7.42
CCS(=O)(=O)n1c2c(c3cc(C(=O)N4CCC(C)CC4)ccc31)CN(C1CCOCC1)C2,6.67
CC(=O)n1c2c(c3cc(C(=O)N4CCC(C)CC4)ccc31)CN(C1CCCC1)C2,7.05
CC1CCN(C(=O)c2ccc3c(c2)c2c(n3S(=O)(=O)C3CC3)CN(C3CCCC3)C2)CC1,8.03
CC1CCN(C(=O)c2ccc3c(c2)c2c(n3Cc3ccccc3)CN(C3CCCC3)C2)CC1,6.97
CCCCCCC(C)(C)c1ccc(OCCC=CCC=CCCCC(=O)NC(C)CO)cc1,7.11
CC(CO)NC(=O)CCCC=CCC=CCCOc1cccc(C(C)(C)CCCC#N)c1,8.5
CC(CO)NC(=O)CCCC=CCC=CCCOc1cccc(C(C)(C)CCCCO)c1,7.96
CC(CO)NC(=O)CCCC=CCC=CCCOc1cccc(C(C)(C)CCCCN=[N+]=[N-])c1,8.6
CCCCCCC(C)(C)c1cccc(OCCC=CCC=CCCCC(=O)NC(C)CO)c1,7.67
CCCCCCC(C)(C)c1cccc(OCCC=CCC=CCC=CCCCC(=O)NC(C)CO)c1,6.72
CC(CO)NC(=O)CCCC=CCC=CCCOc1cccc(C(C)(C)CCCCBr)c1,8.13
CCCCCCC(C)(C)c1ccccc1C=CCC=CCC=CCCCC(=O)NC(C)CO,6.59
Cc1ccc(C(=O)Oc2cccc3cccnc23)cc1S(=O)(=O)N1CCCCC1,8.4
CC12CCC(C1)C(C)(C)C2NC(=O)c1ccc(Br)c(S(=O)(=O)N2CCCCC2)c1,7.89
Cc1ccc(C(=O)NCC(C)(C)C)cc1S(=O)(=O)N1CCOCC1,6.41
CC12CCC(C1)C(C)(C)C2NC(=O)c1ccc(Br)c(S(=O)(=O)N2CCCC2)c1,8.03
O=C(NCc1cccnc1)c1ccc(Br)c(S(=O)(=O)N2CCCCC2)c1,6.5
CN(Cc1ccccc1)S(=O)(=O)c1cc(C(=O)NCC(C)(C)C)ccc1Br,6.37
Cc1ccc(C(=O)NC(C)C(C)(C)C)cc1S(=O)(=O)N1CCOCC1,6.75
CC(C)(C)CNC(=O)c1ccc(Br)c(S(=O)(=O)N2CCOCC2)c1,6.35
CC(C)CNC(=O)c1ccc(Br)c(S(=O)(=O)N2CCCCC2)c1,6.39
CC12CCC(C1)C(C)(C)C2NC(=O)c1ccc(Br)c(S(=O)(=O)N2CCOCC2)c1,8.46
Cc1ccc(C(=O)NCC23CC4CC(CC(C4)C2)C3)cc1S(=O)(=O)N1CCOCC1,8.0
CC(C)(C)CNC(=O)c1ccc(Br)c(S(=O)(=O)N2CCCC2)c1,6.4
Cc1ccc(C(=O)NC2C(C)CCCC2C)cc1S(=O)(=O)N1CCOCC1,7.04
COc1cccc(CNC(=O)c2ccc(Br)c(S(=O)(=O)N3CCCCC3)c2)c1,6.7
Cc1ccc(C(=O)NC23CC4CC(CC(C4)C2)C3)cc1S(=O)(=O)N1CCOCC1,7.72
CN(Cc1ccccc1)S(=O)(=O)c1cc(C(=O)NC2C3(C)CCC(C3)C2(C)C)ccc1Br,7.96
CC(C)CNC(=O)c1ccc(Br)c(S(=O)(=O)N(C)Cc2ccccc2)c1,6.47
Cc1ccc(C(=O)NC(C(C)(C)C)C(C)(C)C)cc1S(=O)(=O)N1CCOCC1,7.47
Cc1ccc(C(=O)NC2C3(C)CCC(C3)C2(C)C)cc1S(=O)(=O)N1CCOCC1,8.41
Cc1ccc(C(=O)NC(C)C23CC4CC(CC(C4)C2)C3)cc1S(=O)(=O)N1CCOCC1,8.2
CC1(C)C(C(=O)c2cn(CC3CCOCC3)c3cc(OCc4ccccc4)ccc23)C1(C)C,9.06
CC1(C)C(C(=O)c2cn(CC3CCOCC3)c3cc(O)ccc23)C1(C)C,8.07
CC1(C)C(C(=O)c2cn(CC3CCOCC3)c3c(OCc4ccccc4)cccc23)C1(C)C,8.52
CC1(C)C(C(=O)c2cn(CC3CCOCC3)c3ccc(OCCCCO)cc23)C1(C)C,6.58
CC1(C)C(C(=O)c2cn(CC3CCOCC3)c3ccc(Cl)cc23)C1(C)C,8.52
CC1(C)C(C(=O)c2cn(CCN3CCOCC3)c3cc(O)ccc23)C1(C)C,6.96
COC(=O)c1ccc2c(c1)c(C(=O)C1C(C)(C)C1(C)C)cn2CC1CCOCC1,6.62
COC(=O)c1ccc2c(C(=O)C3C(C)(C)C3(C)C)cn(CC3CCOCC3)c2c1,8.86
COc1cc2c(cc1O)c(C(=O)C1C(C)(C)C1(C)C)cn2CC1CCOCC1,9.16
CC1(C)C(C(=O)c2cn(CC3CCOCC3)c3cc(S(C)(=O)=O)ccc23)C1(C)C,8.53
CC1(C)C(C(=O)c2cn(CC3CCOCC3)c3ccc(O)cc23)C1(C)C,8.72
CC1(C)C(C(=O)c2cn(CC3CCOCC3)c3cc(O)c(O)cc23)C1(C)C,7.68
CC1(C)C(C(=O)c2cn(CC3CCOCC3)c3cc(Br)ccc23)C1(C)C,9.19
CC1(C)C(C(=O)c2cn(CC3CCOCC3)c3ccc(CO)cc23)C1(C)C,6.95
COCc1ccc2c(c1)c(C(=O)C1C(C)(C)C1(C)C)cn2CC1CCOCC1,7.59
CC1(C)C(C(=O)c2cn(CC3CCOCC3)c3ccc(C#N)cc23)C1(C)C,7.52
CC1(C)C(C(=O)c2cn(CCN3CCOCC3)c3cccc([N+](=O)[O-])c23)C1(C)C,6.53
CC1(C)C(C(=O)c2cn(CCN3CCOCC3)c3ccc(O)cc23)C1(C)C,7.04
COc1cccc2c(C(=O)C3C(C)(C)C3(C)C)cn(CC3CCOCC3)c12,9.92
CC1(C)C(C(=O)c2cn(CC3CCOCC3)c3ccc(OCc4ccccc4)cc23)C1(C)C,8.9
CC1(C)C(C(=O)c2cn(CCN3CCOCC3)c3ccccc23)C1(C)C,8.36
CC1(C)C(C(=O)c2cn(CC3CCOCC3)c3cc(C(F)(F)F)ccc23)C1(C)C,8.46
Cc1ccc2c(C(=O)C3C(C)(C)C3(C)C)cn(CC3CCOCC3)c2c1,9.83
CC1(C)C(C(=O)c2cn(CC3CCOCC3)c3cc(C#N)ccc23)C1(C)C,8.3
CC1(C)C(C(=O)c2cn(CC3CCOCC3)c3cccc(O)c23)C1(C)C,8.41
COc1cccc2c1c(C(=O)C1C(C)(C)C1(C)C)cn2CC1CCOCC1,8.48
CC1(C)C(C(=O)c2cn(CC3CCOCC3)c3ccc(N)cc23)C1(C)C,8.03
CC1(C)C(C(=O)c2cn(CC3CCOCC3)c3cc4c(cc23)OCO4)C1(C)C,9.0
CC1(C)C(C(=O)c2cn(CC3CCOCC3)c3c(O)cccc23)C1(C)C,8.5
CC1(C)C(C(=O)c2cn(CC3CCOCC3)c3c(F)c(F)c(F)c(F)c23)C1(C)C,8.31
CC1(C)C(C(=O)c2cn(CC3CCOCC3)c3cccc(OCc4ccccc4)c23)C1(C)C,8.03
COc1ccc2c(c1)c(C(=O)C1C(C)(C)C1(C)C)cn2CC1CCOCC1,8.34
CC1(C)C(C(=O)c2cn(CC3CCOCC3)c3ccc(OCCCCBr)cc23)C1(C)C,7.14
Cc1c(C(=O)C2C(C)(C)C2(C)C)c2ccccc2n1CCN1CCOCC1,7.57
CC1(C)C(C(=O)c2cn(CC3CCOCC3)c3cc(-c4ccccc4)ccc23)C1(C)C,9.39
COc1ccc2c(C(=O)C3C(C)(C)C3(C)C)cn(CC3CCOCC3)c2c1,9.29
CC1(C)C(C(=O)c2cn(CC3CCOCC3)c3cc(CN)ccc23)C1(C)C,7.21
CC1(C)C(C(=O)c2cn(CC3CCOCC3)c3ccc(-c4ccccc4)cc23)C1(C)C,7.24
COc1ccc2c(C(=O)C3C(C)(C)C3(C)C)cn(CCN3CCOCC3)c2c1,8.8
CN1CCCCC1Cn1cc(C(=O)c2cc([N+](=O)[O-])ccc2I)c2ccccc21,7.94
CC1(C)C(C(=O)c2cn(CC3CCOCC3)c3ccc(Br)cc23)C1(C)C,8.18
CC1(C)C(C(=O)c2cn(CCN3CCOCC3)c3cc(OCc4ccccc4)ccc23)C1(C)C,8.54
CC1(C)C(C(=O)c2cn(CC3CCOCC3)c3ccc(F)cc23)C1(C)C,8.8
COc1ccc2c(c1)c(C(=O)C1C(C)(C)C1(C)C)cn2CCN1CCOCC1,6.63
COc1cc2c(cc1OCc1ccccc1)c(C(=O)C1C(C)(C)C1(C)C)cn2CC1CCOCC1,8.75
CC1(C)C(C(=O)c2cn(CC3CCOCC3)c3cc(Cl)ccc23)C1(C)C,8.6
Cc1c(C(=O)NCC2CCCCC2)nn(-c2ccc(Cl)cc2)c1-n1cccc1,6.41
Cc1c(C(=O)NN2CCCCC2)nn(-c2ccc(Cl)c(Cl)c2)c1-n1cccc1,7.7
Cc1c(C(=O)NCc2ccc(Cl)c(Cl)c2)nn(-c2ccc(Cl)c(Cl)c2)c1-n1cccc1,6.82
Cc1c(C(=O)NN2CCCCC2)nn(-c2c(Cl)cc(Cl)cc2Cl)c1-n1c(C)ccc1C,5.41
Cc1c(C(=O)NC2CCCCC2)nn(-c2ccc(F)cc2F)c1-n1cccc1,7.19
N#Cc1c(C(=O)NCc2ccc(Cl)c(Cl)c2)nn(-c2ccccc2)c1-n1cccc1,5.41
Cc1c(C(=O)NC2CCCCC2)nn(-c2ccc(Cl)cc2Cl)c1-n1cccc1,7.19
Cc1c(C(=O)NN2CCCCC2)nn(-c2ccc(Cl)cc2Cl)c1-n1c(C)ccc1C,6.01
Cc1c(C(=O)NCc2ccc(Cl)c(Cl)c2)nn(-c2ccc(F)cc2F)c1-n1c(C)ccc1C,5.41
Cc1c(C(=O)NN2CCCCC2)nn(-c2ccc(F)cc2F)c1-n1cccc1,5.62
Cc1c(C(=O)NC2CCCCC2)nn(-c2ccc(Cl)c(Cl)c2)c1-n1c(C)ccc1C,8.89
Cc1c(C(=O)NN2CCCCC2)nn(-c2ccc(F)cc2F)c1-n1c(C)ccc1C,5.41
Cc1c(C(=O)NC2CCCCC2)nn(-c2ccc(Cl)cc2Cl)c1-n1c(C)ccc1C,7.06
Cc1c(C(=O)NN2CCCCC2)nn(-c2ccc(Cl)cc2Cl)c1-n1cccc1,5.76
Cc1c(C(=O)NN2CCCCC2)nn(-c2ccc(Cl)cc2Cl)c1-c1ccc(I)cc1,6.95
Cc1c(C(=O)NN2CCCCC2)nn(-c2ccc(Cl)cc2)c1-n1cccc1,5.66
Cc1c(C(=O)NC2CCCCC2)nn(-c2ccc(F)cc2F)c1-n1c(C)ccc1C,6.24
Cc1c(C(=O)NCc2ccc(Cl)c(Cl)c2)nn(-c2ccc(Cl)cc2Cl)c1-n1cccc1,6.29
Cc1c(C(=O)NN2CCCCC2)nn(-c2ccc(Cl)c(Cl)c2)c1-n1c(C)ccc1C,7.54
O=C(NC1CCCCC1)c1cc(-n2cccc2)n(-c2ccc(Cl)cc2)n1,5.76
Cc1c(C(=O)NC2CCCCC2)nn(-c2ccc(Cl)c(Cl)c2)c1-n1cccc1,8.77
Cc1c(C(=O)NCc2ccc(Cl)c(Cl)c2)nn(-c2ccc(Cl)cc2Cl)c1-n1c(C)ccc1C,5.41
Cc1c(C(=O)NC2CCCCC2)nn(-c2c(Cl)cc(Cl)cc2Cl)c1-n1c(C)ccc1C,6.41
COc1ccc(C2C(Cc3cc4ccccc4o3)C(=O)N2c2ccccc2)cc1,6.71
COc1ccc(C2C(CCCc3cccnc3)C(=O)N2c2ccccc2)cc1,5.96
COc1ccc(C2C(CCS(=O)(=O)c3ccccc3)C(=O)N2c2ccccc2)cc1,5.91
CC(=O)SC(CCc1ccccc1)C1C(=O)N(c2ccc(F)cc2)C1c1ccc(O)cc1,6.55
CC(=O)Cn1nnc(Cc2ccc(-c3ccccc3)cc2)n1,5.28
CC(C)Cn1nnc(Cc2ccc(-c3ccccc3)cc2)n1,5.33
CC(C)Cn1nnnc1Cc1ccc(-c2ccccc2)cc1,5.11
CC(CO)NC(=O)CCCC=CCC=CCC=CCC=CCCOC(=O)c1cccc2c1OC(C)(C(C)(C)C)O2,5.99
Nc1ccc2c(=O)cc(C(=O)NC3CCCCC3)n(Cc3ccccc3)c2n1,5.1
O=C(NC1CCCCCC1)c1cn(CCN2CCOCC2)c2ccccc2c1=O,7.55
COc1ccc2c(=O)c(C(=O)NC3CCCCC3)cn(Cc3ccccc3)c2n1,7.96
CCCCCC=CCC=CCC=CCC=CCCCC(=O)NCCCl,7.02
CN(C)c1ccc2c(=O)c(C(=O)NC3CCCCC3)cn(CCN3CCOCC3)c2n1,7.03
COc1ccc2c(=O)c(C(=O)NC3CCCCC3)cn(CCN3CCOCC3)c2c1,7.1
O=c1c2cn(CCN3CCOCC3)c3ccccc3c-2nn1-c1ccccc1,5.64
O=C(NC1CCCCCC1)c1cn(Cc2ccccc2)c2ccccc2c1=O,8.19
COc1ccc2c(=O)c(C(=O)NC3CCCCC3)cn(Cc3ccccc3)c2c1,7.1
O=c1c2cn(Cc3ccccc3)c3cc(Cl)ccc3c-2nn1C1CCCCC1,5.79
CSC(=S)N1CC2(CCCCC2)COC1=Nc1cc(C(C)(C)C)no1,9.0
CSC(=S)N1CC2(CCCCC2)COC1=Nc1cc(C(C)(C)C)on1,8.33
CSC(=S)N1CC2(CCCCC2)COC1=Nc1nc(C(C)(C)C)cs1,9.0
CSC(=S)N1CC2(CCCCC2)COC1=Nc1ccc(Cl)c2ccccc12,9.05
CSC(=S)N1CC2(CCCCC2)COC1=Nc1cccc2c1CCCC2,9.0
COc1ccccc1N=C1OCC2(CCCCC2)CN1C(=S)SC,9.05
CSC(=S)N1CC2(CCCCC2)COC1=Nc1cccc2nonc12,8.17
CSC(=S)N1CC2(CCCCC2)COC1=Nc1ccc(C#N)c2ccccc12,8.74
CSC(=S)N1CC2(CCCCC2)COC1=Nc1ccc(N(C)C)c2ccccc12,8.18
CSC(=O)N1CC2(CCCCC2)CSC1=Nc1cccc2ccccc12,8.82
CSC(=O)N1CC2(CCCCC2)CNC1=Nc1cccc2ccccc12,6.81
CSC(=O)N1CC2(CCCCC2)COC1=Nc1cccc2ccccc12,8.24
CSC(=S)N1CC2(CCCCC2)COC1=Nc1ccccc1,7.96
CSC(=S)N1CC2(CCCCC2)COC1=Nc1ccc(Cl)c2c1CCCC2,8.24
CSC(=S)N1CC2(CCCCC2)COC1=Nc1ccc(F)c2ccccc12,9.1
CSC(=S)N1CC2(CCCCC2)COC1=Nc1ccc(C#N)c2c1CCCC2,8.72
Cc1c(C(=O)N2CCCCCC2)oc2ccc(S(=O)(=O)N3CC(C)CC(C)C3)cc12,5.31
CCOc1ccccc1CNC(=O)c1oc2ccc(S(=O)(=O)N3CC(C)CC(C)C3)cc2c1C,5.0
CCN(Cc1ccccc1)C(=O)c1oc2ccc(S(=O)(=O)N3CC(C)CC(C)C3)cc2c1C,5.51
Cc1c(C(=O)NCc2ccccc2)oc2ccc(S(=O)(=O)N3CC(C)CC(C)C3)cc12,5.18
Cc1c(C(=O)NC2CCCCC2)oc2ccc(S(=O)(=O)N3CC(C)CC(C)C3)cc12,4.76
Cc1c(C(=O)NCCc2ccccc2)oc2ccc(S(=O)(=O)N3CC(C)CC(C)C3)cc12,5.22
Cc1c(C(=O)NCc2ccc(F)cc2)oc2ccc(S(=O)(=O)N3CC(C)CC(C)C3)cc12,5.4
Cc1c(C(=O)NCc2ccccc2Cl)oc2ccc(S(=O)(=O)N3CC(C)CC(C)C3)cc12,5.32
Cc1c(C(=O)N(C)Cc2ccccc2)oc2ccc(S(=O)(=O)N3CC(C)CC(C)C3)cc12,5.18
CCCCNC(=O)c1oc2ccc(S(=O)(=O)N3CC(C)CC(C)C3)cc2c1C,5.03
Cc1c(C(=O)NC2CCCC2)oc2ccc(S(=O)(=O)N3CC(C)CC(C)C3)cc12,5.13
CCOc1ccc(Cc2nc3cc(C(=O)N(CC)CC)ccc3n2CC2CCCC2)cc1,9.0
CCOc1ccc(Cc2nc3cc(C(=O)N(CC)CC)ccc3n2Cc2ccncc2)cc1,7.8
CCOc1ccc(Cc2nc3cc(N(C)C(=O)N(CC)CC)ccc3n2CC2CC2)cc1,8.23
CCOc1ccc(Cc2nc3cc(C(=O)N(CC)CC)ccc3n2Cc2ccccc2)cc1,7.92
CCOc1ccc(Cc2nc3cc(N(C)C(=O)N(C)C)ccc3n2CC2CC2)cc1,7.39
CCOc1ccc(Cc2nc3cc(C(=O)N(CC)CC)ccc3n2CC2CC2)cc1,8.39
CCOc1ccc(Cc2nc3cc(C(=O)N(C)C4CCCCC4)ccc3n2CC2CC2)cc1,7.96
CCCN(C)C(=O)c1ccc2c(c1)nc(Cc1ccc(OCC)cc1)n2CC1CC1,8.12
CCNC(=O)c1ccc2c(c1)nc(Cc1ccc(OCC)cc1)n2CC1CC1,7.2
CCOc1ccc(Cc2nc3cc(C(=O)N(CC)CC)ccc3n2CCC(C)C)cc1,8.35
CCOc1ccc(Cc2nc3cc(C(=O)N(CC)CC)ccc3n2Cc2ccccn2)cc1,7.41
CCOc1ccc(Cc2nc3cc(C(=O)N(CC)CC)ccc3n2CCN(C)C)cc1,7.44
CCOc1ccc(Cc2nc3cc(N(C)C(=O)c4cccs4)ccc3n2CC2CC2)cc1,8.3
CCOc1ccc(Cc2nc3cc(C(=O)N(CC)CC)ccc3n2Cc2ccco2)cc1,7.96
CCOc1ccc(Cc2nc3cc(C(=O)N4CCCC4)ccc3n2CC2CC2)cc1,7.85
CCN(CC)C(=O)c1ccc2c(c1)nc(Cc1ccc(OCC3CC3)cc1)n2CCC(C)C,7.28
CCOc1ccc(Cc2nc3cc(C(=O)N(CC)CC)ccc3n2CC2CCCO2)cc1,7.82
CCOc1ccc(C(O)c2nc3cc(C(=O)N(CC)CC)ccc3n2CCC(C)C)cc1,7.24
CCN(CC)C(=O)c1ccc2c(c1)nc(Cc1ccc(Oc3ccccc3)cc1)n2CCC(C)C,8.31
CCN(CC)C(=O)c1ccc2c(c1)nc(Cc1ccc(OC3CCCC3)cc1)n2CCC(C)C,7.37
CCOc1ccc(Cc2nc3cc(C(=O)N4CCCCC4)ccc3n2CC2CC2)cc1,8.16
CCOc1ccc(Cc2nc3cc(C(=O)N(CC(F)(F)F)CC(F)(F)F)ccc3n2CC2CC2)cc1,8.25
CCN(CC)C(=O)c1ccc2c(c1)nc(Cc1ccc(O)cc1)n2CCC(C)C,6.1
CCN(CC)C(=O)c1ccc2c(c1)nc(Cc1ccc(OCC(F)(F)F)cc1)n2CCC(C)C,7.24
CCOc1ccc(Cc2nc3cc(C(=O)N(CC)CC)ccc3n2CC2CCCCN2)cc1,7.46
CCN(CC)C(=O)c1ccc2c(c1)nc(Cc1ccc(OC(C)C)cc1)n2CCC(C)C,8.35
CCN(CC)C(=O)c1ccc2c(c1)nc(Cc1ccc(OC3CCC3)cc1)n2CCC(C)C,7.36
CCOc1ccc(Cc2nc3cc(C(=O)N(CC)CC)ccc3n2CC2CCCCN2C)cc1,8.05
CCOc1ccc(Cc2nc3cc(N(C)C(=O)NC(C)C)ccc3n2CC2CC2)cc1,8.24
CCN(CC)C(=O)c1ccc2c(c1)nc(Cc1ccc(OC3CCCCC3)cc1)n2CCC(C)C,6.28
CCN(CC)C(=O)c1ccc2c(c1)nc(Cc1ccc(OC)cc1)n2CCC(C)C,7.77
CCOc1ccc(C(=O)c2nc3cc(C(=O)N(CC)CC)ccc3n2CCC(C)C)cc1,7.46
CCOc1ccc(Cc2nc3cc(C(=O)N(CC)CC)ccc3n2Cc2cc[n+]([O-])cc2)cc1,6.23
CCOc1ccc(Cc2nc3cc(C(=O)N(CC)CC)ccc3n2CC2CCCCC2)cc1,8.43
CCOc1ccc(Cc2nc3cc(C(=O)N(CC)CC)ccc3n2CC2CCOCC2)cc1,8.41
CCOc1ccc(Cc2nc3cc(NC)ccc3n2CC2CC2)cc1,5.36
CCOc1ccc(Cc2nc3cc(C(=O)N(CC)CC)ccc3n2CC2CC2)cn1,6.88
CCOc1ccc(Cc2nc3cc(C(=O)N(CC)CC)ccc3n2CC2CCC2)cc1,8.8
CCOc1ccc(Cc2nc3cc(N(C)C(C)=O)ccc3n2CC2CC2)cc1,5.87
CCOc1ccc(Cc2nc3cc(N(C)C(=O)N4CCCCC4)ccc3n2CC2CC2)cc1,8.4
CCOc1ccc(Cc2nc3cc(N(C)C(=O)CC(C)C)ccc3n2CC2CC2)cc1,8.4
CCOc1ccc(Cc2nc3cc(C(=O)N(CC)CC)ccc3n2CC23CC4CC(CC(C4)C2)C3)cc1,8.55
CCOc1ccc(Cc2nc3cc(C(=O)N(CC)CC)ccc3n2CC2CC2)nc1,7.57
CCN(CC)C(=O)c1ccc2c(c1)nc(Cc1ccc(OC(F)(F)F)cc1)n2CCC(C)C,7.6
CCCN(CCC)C(=O)c1ccc2c(c1)nc(Cc1ccc(OCC)cc1)n2CC1CC1,8.55
O=S1(=O)CCN(c2cnc(-c3ccc(C(F)(F)F)cc3)c(-c3ccncc3Cl)n2)CC1,5.72
CC(C)C(=O)NC1CCN(c2cnc(-c3ccc(C(F)(F)F)cc3)c(-c3ccncc3Cl)n2)CC1,5.31
Cc1c(C(=O)NN2CCCCC2)nn(-c2c(Cl)cc(Cl)cc2Cl)c1-c1ccc(Cl)cc1Cl,5.96
Cc1cc(Cl)cc(C)c1-c1c(C)c(C(=O)NN2CCCCC2)nn1-c1ccc(Cl)cc1Cl,6.12
Cc1cc(Cl)ccc1-c1c(C)c(C(=O)NN2CCCCC2)nn1-c1ccc(Cl)cc1Cl,5.95
Cc1cc(Cl)ccc1-c1c(C)c(C(=O)NN2CCCCC2)nn1-c1c(Cl)cc(Cl)cc1Cl,5.75
O=C(NN1CCCCC1)c1nn(-c2ccc(Cl)cc2Cl)c2c1CCCCc1cc(Cl)ccc1-2,6.31
COc1cc(C)cc2oc(=O)c(Cc3ccc(Cl)cc3)cc12,5.03
COc1ccccc1Cc1cc2c(OC)cccc2oc1=O,5.46
COc1cc(C)cc2oc(=O)c(Cc3ccc(C)cc3)cc12,5.32
COc1ccccc1Cc1cc2c(OC)ccc(C)c2oc1=O,5.44
COc1ccccc1Cc1cc2c(ccc3ccccc32)oc1=O,5.69
COc1ccccc1Cc1cc2c(C(C)C)ccc(C)c2oc1=O,5.25
COc1cc(C)cc2oc(=O)c(Cc3ccccc3Cl)cc12,5.81
COc1cc(C)cc2oc(=O)c(Cc3ccccc3O)cc12,5.28
COc1ccc(Cc2cc3c(OC)cc(C)cc3oc2=O)c(OC)c1,5.56
Cc1c(C(=O)NN2CCOCC2)nn(-c2ccc(Cl)cc2Cl)c1-c1ccc(I)cc1,5.38
COc1cccc(Cc2cc3c(OC)cc(C)cc3oc2=O)c1,5.47
COc1ccc(Cc2cc3c(OC)cc(C)cc3oc2=O)cc1,5.24
CCCCCCC(C)(C)c1cc(O)cc(OCCCCCCCCCCC(=O)NCC2CC2)c1,7.5
CCCCCCC(C)(C)c1cc(O)cc(OCCCCCCCCCCC(=O)NCCO)c1,7.52
CCCCCCCOc1cc(O)cc(OCCCCCCCCCCC(=O)NC2CC2)c1,6.7
O=C(CCCCCCCCCCOc1cc(O)cc(O)c1)NCCO,5.0
CCCCCCC(C)(C)c1cc(O)cc(OCCCCCCCCCCC(=O)NCCc2ccc(O)c(O)c2)c1,5.3
CCCCCCC(C)(C)c1cc(O)cc(OCCCCCCCCCCCC(=O)NCCO)c1,7.1
CCCCCCC(C)(C)c1cc(O)cc(OCCCCCCCCCCCC(=O)NCC2CC2)c1,6.22
CCCCCCC(C)(C)c1cc(O)cc(OCCCCCCCC(=O)NCC2CC2)c1,7.5
CC(C)CCOc1cc(O)cc(OCCCCCCCCCCC(=O)NCCO)c1,6.24
CCCCOc1cc(O)cc(OCCCCCCCCCCC(=O)NCCO)c1,5.8
CC(C)CCOc1cc(O)cc(OCCCCCCCCCCC(=O)NC2CC2)c1,6.9
CCCCCCC(C)(C)c1cc(O)cc(OCCCCCCCCCCC(=O)NCc2ccc(O)c(OC)c2)c1,6.29
CCCCCCC(C)(C)c1cc(O)cc(OCCCCCCCCCCC(=O)NC2CC2)c1,8.1
CCCCCCC(C)(C)c1cc(O)cc(OCCCCCCCC(=O)NC2CC2)c1,8.1
CC(C)CCOc1cc(O)cc(OCCCCCCCCCCC(=O)NCC2CC2)c1,6.7
CCCCCCC(C)(C)c1cc(O)cc(OCCCCCCCCCCCC(=O)NC2CC2)c1,7.7
CCCCOc1cc(O)cc(OCCCCCCCCCCC(=O)NC2CC2)c1,6.92
O=C(CCCCCCCCCCOc1cc(O)cc(O)c1)NC1CC1,5.0
CCCCCCC(C)(C)c1cc(O)cc(OCCCCCCCC(=O)NCCO)c1,6.8
O=C(CCCCCCCCCCOc1cc(O)cc(O)c1)NCC1CC1,5.0
CN1CCN(NC(=O)c2cnn(-c3ccc(Cl)cc3Cl)c2-c2ccc(Br)cc2)CC1,4.52
O=C(NC1CC1)c1cnn(-c2ccc(Cl)cc2Cl)c1-c1ccc(Cl)cc1,4.68
O=C(NN1CCCCC1)c1cnn(-c2ccc(Cl)cc2Cl)c1-c1ccc(I)cc1,5.72
CC1=CCC2C(C1)c1c(O)cc(C(C)(C)c3ccccc3C)cc1OC2(C)C,7.97
CCc1ccc(C(C)(C)c2cc(O)c3c(c2)OC(C)(C)C2CC=C(C)CC32)cc1,9.17
CC1=CCC2C(C1)c1c(O)cc(C(C)(C)c3ccc(Br)cc3)cc1OC2(C)C,8.81
CC1=CCC2C(C1)c1c(O)cc(C(C)(C)c3ccc(C)cc3)cc1OC2(C)C,9.06
CC1=CCC2C(C1)c1c(O)cc(C(C)(C)c3cccc(Cl)c3)cc1OC2(C)C,8.45
CC1=CCC2C(C1)c1c(O)cc(C(C)(C)c3cccc(F)c3)cc1OC2(C)C,9.05
CCCc1ccc(C(C)(C)c2cc(O)c3c(c2)OC(C)(C)C2CC=C(C)CC32)cc1,8.11
CC1=CCC2C(C1)c1c(O)cc(C(C)(C)c3cccc(C)c3)cc1OC2(C)C,8.95
CC1=CCC2C(C1)c1c(O)cc(C(C)(C)c3cccc(Br)c3)cc1OC2(C)C,9.27
CC1=CCC2C(C1)c1c(O)cc(C(C)(C)c3cccs3)cc1OC2(C)C,9.57
CC1=CCC2C(C1)c1c(O)cc(C(C)(C)c3ccccc3)cc1OC2(C)C,9.04
CC1=CCC2C(C1)c1c(O)cc(C(C)(C)c3cccc(C#N)c3)cc1OC2(C)C,9.04
CC1=CCC2C(C1)c1c(O)cc(C(C)(C)c3ccc(F)cc3)cc1OC2(C)C,7.91
CCCCCc1cc(O)c2c(c1)OC(C)(C)C1CC=C(C)CC21,7.6
CC1=CCC2C(C1)c1c(O)cc(C(C)(C)c3cc(C)cc(C)c3)cc1OC2(C)C,8.13
CC1=CCC2C(C1)c1c(O)cc(C(C)(C)c3ccc(C(N)=O)cc3)cc1OC2(C)C,7.87
O=C(Cc1ccc(Cl)cc1)NCCC(c1ccccc1)c1ccccc1,5.62
O=C(NCCCc1ccccc1)C(c1ccccc1)c1ccc(Cl)cc1,5.62
O=C(NCCCc1ccccc1)C(c1ccccc1)c1ccc(Br)cc1,5.75
CC(C(=O)NCCC(c1ccccc1)c1ccccc1)(c1ccccc1)c1ccccc1,6.54
O=C(NCCC(c1ccccc1)c1ccccc1)C(c1ccccc1)c1ccccc1,5.1
O=C(NCCC(c1ccccc1)c1ccccc1)C(Cl)(c1ccccc1)c1ccccc1,5.85
O=C(NCCC(c1ccccc1)c1ccccc1)C(O)(c1ccccc1)c1ccccc1,5.64
O=C(NCCC(c1ccccc1)c1ccccc1)C(c1ccccc1)c1ccc(O)cc1,5.96
COc1ccc(C(C(=O)NCCC(c2ccccc2)c2ccccc2)c2ccccc2)cc1,6.1
O=C(NCCC(c1ccccc1)c1ccccc1)C(c1ccccc1)c1ccc([N+](=O)[O-])cc1,6.1
CCCCCCCCCCCC(CC1OC(=O)C1CCCCCC)OC(=O)CCNC=O,5.19
CCCCCCCCCCCC(CC1OC(=O)C1CCCCCC)OC(=O)C1CCCN1C=O,5.13
CCCCCC=CCC=CCC=CCC=CCCCC(=O)NC1CC1O,6.82
O=C(Nc1cccc2ccccc12)N1Cc2ccccc2N(CCN2CCOCC2)C1=O,7.39
CC(C)(C)C(NC(=O)n1c(=O)n(CCN2CCCC2)c2ccccc21)C(N)=O,6.62
O=C(NC1CCCc2ccccc21)N1Cc2ccccc2N(CCN2CCOCC2)C1=O,8.05
CC(C)(O)Cn1c(=O)n(C(=O)NC(C(N)=O)C(C)(C)C)c2ccccc21,6.71
CC(C)(O)CCn1c(=O)n(C(=O)NC(C(N)=O)C(C)(C)C)c2ccccc21,8.1
CC(C)(C)C(NC(=O)n1c(=O)n(CCC2CCOCC2)c2ccccc21)C(N)=O,8.4
CC(C)(C)C(NC(=O)n1c(=O)n(CC2(O)CCOCC2)c2ccccc21)C(N)=O,7.04
Cc1noc(C(NC(=O)n2c(=O)n(CCN3CCOCC3)c3ccccc32)C(C)(C)C)n1,7.82
CC(NC(=O)n1c(=O)n(CCN2CCOCC2)c2ccccc21)c1ccc(F)cc1,6.63
CC(C)(C)C(CO)NC(=O)n1c(=O)n(CCN2CCOCC2)c2ccccc21,7.82
CC(C)(C)C(NC(=O)n1c(=O)n(CCN2CCOCC2)c2ccccc21)C(N)=O,8.3
CC(C)(C)C(C#N)NC(=O)n1c(=O)n(CCN2CCOCC2)c2ccccc21,8.3
CCC(C)C(NC(=O)n1c(=O)n(CCN2CCOCC2)c2ccccc21)C(N)=O,7.17
Cn1nnc(C(NC(=O)n2c(=O)n(CCN3CCOCC3)c3ccccc32)C(C)(C)C)n1,8.3
O=C(NC1CCCc2ccccc21)n1c(=O)n(CCN2CCOCC2)c2ccccc21,8.15
CC(C)CCn1c(=O)n(C(=O)NC(C(N)=O)C(C)(C)C)c2ccccc21,9.0
CNC(=O)C(NC(=O)n1c(=O)n(CCN2CCOCC2)c2ccccc21)C(C)(C)C,7.7
O=C(NC1CCOc2ccccc21)n1c(=O)n(CCN2CCOCC2)c2ccccc21,7.13
O=C(NC1c2ccccc2CCC1O)n1c(=O)n(CCN2CCOCC2)c2ccccc21,7.29
O=C(Nc1cccc2ccccc12)n1c(=O)n(CCN2CCOCC2)c2ccccc21,8.1
O=C(NC1CCCCC1)c1cc2cccnc2n(CCN2CCOCC2)c1=O,8.1
O=C(NC1CCCCCC1)c1cc2cccnc2n(CCN2CCOCC2)c1=O,8.52
O=C(NC1CCCCC1)c1cc2cccnc2n(Cc2ccc(F)cc2)c1=O,8.66
O=C(NC1CCCCCC1)c1cc2cccnc2n(Cc2ccccc2)c1=O,7.66
CC1CCC(NC(=O)c2cc3cccnc3n(CCN3CCOCC3)c2=O)CC1,8.72
CCCCn1c(=O)c(C(=O)NC2CCCCC2)cc2cccnc21,7.16
CC1CCC(NC(=O)c2cc3cccnc3n(Cc3ccccc3)c2=O)CC1,8.24
O=C(NC1CCCCC1)c1cc2cccnc2n(Cc2ccccc2)c1=O,7.51
O=C(NCCc1ccc(F)cc1)c1cc2cccnc2n(Cc2ccccc2)c1=O,7.16
CC1CCC(NC(=O)c2cc3cccnc3n(Cc3ccc(F)cc3)c2=O)CC1,9.15
O=C(NCc1cccc(Cl)c1)c1ccc2c(c1)N=C(N1CCC(F)(F)CC1)c1ccccc1S2,5.9
CCCCNC(=O)c1ccc2c(c1)N=C(c1ccccc1Cl)c1ccccc1S2,5.3
CCCCNC(=O)c1ccc2c(c1)N=C(c1ccc(F)c(Cl)c1)c1ccccc1S2,6.0
CCCCCCN1C(=O)C(=NNC(=O)OC(C)(C)C)c2ccccc21,7.86
CCCCCCN1C(=O)C(=NNC(=O)c2ccccc2)c2ccccc21,7.35
CCCCN1C(=O)C(=NNC(=O)c2ccccc2)c2ccccc21,7.71
CCCCCn1cc(C(=O)NC23CC4CC(CC(C4)C2)C3)c(=O)c2cc(F)c(-n3cccc3)cc21,8.44
C=CCCCn1cc(C(=O)NC23CC4CC(CC(C4)C2)C3)c(=O)c2cc(Br)ccc21,8.03
CCCCCn1cc(C(=O)NC23CC4CC(CC(C4)C2)C3)c(=O)c2c(OC)ccc(OC)c21,7.28
CCCCCn1cc(C(=O)NC23CC4CC(CC(C4)C2)C3)c(=O)c2cc(C=Cc3ccc(OC)cc3)ccc21,7.25
CCCCCn1cc(C(=O)NC23CC4CC(CC(C4)C2)C3)c(=O)c2cc(Sc3ccccc3)ccc21,8.47
CCCCCn1cc(C(=O)NC23CC4CC(CC(C4)C2)C3)c(=O)c2cc(-c3ccccc3)ccc21,8.42
CCCCCn1cc(C(=O)NC23CC4CC(CC(C4)C2)C3)c(=O)c2cc(C(C)C)ccc21,8.2
CCCCCn1cc(C(=O)NC23CC4CC(CC(C4)C2)C3)c(=O)c2ccc(Cl)c(C)c21,7.59
C=CCn1cc(C(=O)NC23CC4CC(CC(C4)C2)C3)c(=O)c2c(OC)ccc(OC)c21,8.04
CCCCCn1cc(C(=O)NC23CC4CC(CC(C4)C2)C3)c(=O)c2cc(C(F)(F)F)ccc21,7.94
CCCCCn1cc(C(=O)NC23CC4CC(CC(C4)C2)C3)c(=O)c2ccc(S(=O)(=O)c3ccccc3)cc21,9.05
CCCCCn1cc(C(=O)NC(C)c2ccccc2)c(=O)c2ccc(OCC)cc21,7.62
CCCCCn1cc(C(=O)NC(C)c2ccccc2)c(=O)c2ccc(F)cc21,7.97
CCCCCn1cc(C(=O)NC23CC4CC(CC(C4)C2)C3)c(=O)c2cc(Br)ccc21,7.84
CCCCCn1cc(C(=O)NC23CC4CC(CC(C4)C2)C3)c(=O)c2ccc(Sc3ccccc3)cc21,8.8
CCCCCn1cc(C(=O)NC(C)c2ccccc2)c(=O)c2ccc(N3CCCC3)cc21,7.77
CCCCCn1cc(C(=O)NC23CC4CC(CC(C4)C2)C3)c(=O)c2cc(Oc3ccc(F)c(Cl)c3)ccc21,7.79
CCCCCn1cc(C(=O)NC23CC4CC(CC(C4)C2)C3)c(=O)c2ccc([S+]([O-])c3ccccc3)cc21,8.46
CCCCCn1cc(C(=O)NC23CC4CC(CC(C4)C2)C3)c(=O)c2ccc(F)cc21,9.1
C=CCCn1cc(C(=O)NC23CC4CC(CC(C4)C2)C3)c(=O)c2cc(Br)ccc21,7.62
CCCCCC=CCC=CCC=CCC=CCCCC(=O)NCc1ccc(O)cc1,7.0
CCCCCC=CCC=CCC=CCC=CCCCC(=O)Nc1ccc(O)c(OC)c1,6.0
CCCCCC=CCC=CCC=CCC=CCCCC(=O)Nc1ccc2[nH]ncc2c1,6.0
CCCCCC=CCC=CCC=CCC=CCCCC(=O)Nc1ccc(O)cc1,5.89
CC(C)(c1ccccc1)c1cc(O)c(-c2cc(Cl)cc(Cl)c2)c(O)c1,8.97
COc1cc(C(O)c2ccccc2)cc(OC)c1-c1cc(Cl)cc(Cl)c1,8.78
COc1ccc2c(c1)c(CN1CCOCC1)c(C)n2C(=O)c1cccc(Cl)c1Cl,7.66
CCc1ccccc1NC(=O)CSc1nnc(-c2ccccc2OC)n1-c1ccccc1,8.68
CCCCCCC(C)(C)c1cc(O)c2c(c1)oc(=O)c1ccc(O)cc12,9.09
COc1ccc2c(c1)c(CC(=O)N1CCOCC1)c(C)n2C(=O)c1cccc(Cl)c1Cl,7.85
CCCCCCC(C)(C)c1cc(OC)c(C2(O)CCCC(C)C2)c(OC)c1,7.64
CCCCCn1c(C)c(C(=O)c2c(OC)ccc3ccccc23)c2ccccc21,7.4
CCCn1cc(C(=O)c2ccc(C)c3ccccc23)c2ccccc21,8.21
CCCCCC(C)(C)c1cc(OC)c2c(c1)OC(C)(C)C1CCC(C)=CC21,7.75
CCCn1c(C)c(C(=O)c2cccc3cc(OC)ccc23)c2ccccc21,7.52
COc1ccc(OC)c(N(CC(=O)NCc2ccncc2)S(=O)(=O)c2ccc(C)cc2)c1,8.87
CCCCCn1cc(C(=O)c2ccc(OCC)c3ccccc23)c2ccccc21,7.98
CCCn1cc(C(=O)c2c(OC)ccc3ccccc23)c2ccccc21,7.1
CCCCCn1c(C)c(C(=O)c2cccc3ccc(OC)cc23)c2ccccc21,7.98
CCCCCn1cc(C(=O)c2cccc3cc(OC)ccc23)c2ccccc21,8.72
CCCCCn1c(C)c(C(=O)c2ccc(OCC)c3ccccc23)c2ccccc21,7.6
CCCCc1ccc(C(=O)c2c(C)n(CCC)c3ccccc23)c2ccccc12,7.31
CCCn1c(C)c(C(=O)c2cccc3ccc(C)cc23)c2ccccc21,7.8
CCCCCn1c(C)c(C(=O)c2ccc(OC)c3ccccc23)c2ccccc21,8.72
CCCn1cc(C(=O)c2ccc(OCC)c3ccccc23)c2ccccc21,7.13
CCCCCn1cc(C(=O)c2ccc(CCC)c3ccccc23)c2ccccc21,8.96
CCCn1c(C)c(C(=O)c2cccc3ccc(CC)cc23)c2ccccc21,6.62
CCCn1cc(C(=O)c2ccc(CC)c3ccccc23)c2ccccc21,8.0
CCCCCn1cc(C(=O)c2ccc(C)c3ccccc23)c2ccccc21,8.92
CCCn1cc(C(=O)c2cccc3ccc(OC)cc23)c2ccccc21,7.15
CCCCc1ccc(C(=O)c2cn(CCC)c3ccccc23)c2ccccc12,7.28
CCCc1ccc(C(=O)c2cn(CCC)c3ccccc23)c2ccccc12,8.02
CCCCCn1cc(C(=O)c2cccc3ccc(CC)cc23)c2ccccc21,8.42
CCCn1cc(C(=O)c2cccc3cc(OC)ccc23)c2ccccc21,6.86
CCCn1c(C)c(C(=O)c2ccc(OC)c3ccccc23)c2ccccc21,7.01
CCCCCn1cc(C(=O)c2c(OC)ccc3ccccc23)c2ccccc21,8.14
CCCn1cc(C(=O)c2ccc(OC)c3ccccc23)c2ccccc21,7.5
CCCn1c(C)c(C(=O)c2ccc(C)c3ccccc23)c2ccccc21,7.85
CCCCCn1c(C)c(C(=O)c2ccc(C)c3ccccc23)c2ccccc21,9.14
CCCn1cc(C(=O)c2cccc3ccccc23)c2ccccc21,6.77
CCCn1c(C)c(C(=O)c2cccc3ccc(OC)cc23)c2ccccc21,6.36
CCCn1c(C)c(C(=O)c2ccc(OCC)c3ccccc23)c2ccccc21,6.66
CCCCCn1cc(C(=O)c2cccc3ccccc23)c2ccccc21,8.54
CCCCCn1cc(C(=O)c2ccc(CC)c3ccccc23)c2ccccc21,9.16
CCCCCn1c(C)c(C(=O)c2cccc3ccc(CC)cc23)c2ccccc21,8.25
CCCn1c(C)c(C(=O)c2ccc(CC)c3ccccc23)c2ccccc21,7.92
CCCc1ccc(C(=O)c2c(C)n(CCC)c3ccccc23)c2ccccc12,7.92
CCCCCn1cc(C(=O)c2ccc(OC)c3ccccc23)c2ccccc21,7.91
CCCCCn1c(C)c(C(=O)c2cccc3ccc(C)cc23)c2ccccc21,9.31
CCCCCn1c(C)c(C(=O)c2ccc(CCCC)c3ccccc23)c2ccccc21,8.19
CCCCCn1c(C)c(C(=O)c2ccc(CCC)c3ccccc23)c2ccccc21,9.21
CCCCCn1cc(C(=O)c2ccc(CCCC)c3ccccc23)c2ccccc21,8.14
CCCCCn1cc(C(=O)c2cccc3ccc(OC)cc23)c2ccccc21,8.16
CCCCCn1c(C)c(C(=O)c2cccc3cc(OC)ccc23)c2ccccc21,7.96
CCCCCn1c(C)c(C(=O)c2ccc(CC)c3ccccc23)c2ccccc21,9.38
Clc1cccc(-c2ccc(CN3CCOC(c4ccccc4)C3)cc2)c1Cl,6.98
Clc1ccc(Nc2ccc(CN3CCOC(c4ccccc4)C3)cn2)c(Cl)c1,5.58
Cc1ccc(-c2n[nH]c(CC(C)(C)C)n2)cc1S(=O)(=O)N1CCOCC1,7.07
Cc1ccc(-c2n[nH]c(CC3CCCCC3)n2)cc1S(=O)(=O)N1CCOCC1,7.57
Cc1ccc(-c2noc(CC3CCCCC3)n2)cc1S(=O)(=O)N1CCOCC1,6.89
Cc1ccc(NC(=O)C(C)(C)C)cc1S(=O)(=O)N1CCOCC1,6.27
Cc1ccc(NC(=O)C2C3(C)CCC(C3)C2(C)C)cc1S(=O)(=O)N1CCOCC1,8.77
Cc1ccc(-c2cc(CC3CCCCC3)[nH]n2)cc1S(=O)(=O)N1CCOCC1,7.06
Cc1ccc(-c2noc(CC(C)(C)C)n2)cc1S(=O)(=O)N1CCOCC1,7.23
Cc1ccc(-c2nc(C(C)(C)C)cs2)cc1S(=O)(=O)N1CCOCC1,8.24
Cc1ccc(NC(=O)c2ccc(Cl)cc2)cc1S(=O)(=O)N1CCOCC1,5.54
Cc1ccc(NC(=O)C(C)(C(F)(F)F)C(F)(F)F)cc1S(=O)(=O)N1CCOCC1,7.64
Cc1ccc(-c2noc(C(C)(C)C)n2)cc1S(=O)(=O)N1CCOCC1,7.12
Cc1ccc(NC(=O)C2C(C)(C)C2(C)C)cc1S(=O)(=O)N1CCOCC1,7.64
Cc1ccc(-c2cc(CC(C)(C)C)[nH]n2)cc1S(=O)(=O)N1CCOCC1,7.12
Cc1ccc(-c2nnn(CC(C)(C)C)n2)cc1S(=O)(=O)N1CCOCC1,7.77
Cc1ccc(-c2nc(CC(C)(C)C)c[nH]2)cc1S(=O)(=O)N1CCOCC1,7.44
Cc1ccc(-c2nc(C(C)(C)C)c[nH]2)cc1S(=O)(=O)N1CCOCC1,7.64
Cc1ccc(-c2nnn(CC3CCCCC3)n2)cc1S(=O)(=O)N1CCOCC1,7.09
Cc1ccc(NC(=O)C2CCCCC2(C)C)cc1S(=O)(=O)N1CCOCC1,7.96
Cc1ccc(NC(=O)c2cccc(Cl)c2)cc1S(=O)(=O)N1CCOCC1,6.92
Cc1ccc(NC(=O)C2CCCCC2)cc1S(=O)(=O)N1CCOCC1,6.92
Cc1ccc(NC(=O)C(C(C)(C)C)C(C)(C)C)cc1S(=O)(=O)N1CCOCC1,7.96
Cc1ccc(-c2n[nH]c(C(C)(C)C)n2)cc1S(=O)(=O)N1CCOCC1,7.0
Cc1ccc(-c2nc(CC(C)(C)C)cs2)cc1S(=O)(=O)N1CCOCC1,8.28
Cc1ccc(NC(=O)C2CCCCC2C)cc1S(=O)(=O)N1CCOCC1,7.85
Cc1ccc(NC(=O)C2CC3(C)CCC2(C)O3)cc1S(=O)(=O)N1CCOCC1,6.18
Cc1ccc(NC(=O)C2(C)CCCCC2)cc1S(=O)(=O)N1CCOCC1,7.46
Cc1ccc(-c2cc(C(C)(C)C)[nH]n2)cc1S(=O)(=O)N1CCOCC1,6.8
Cc1ccc(-c2nc(CC3CCCCC3)cs2)cc1S(=O)(=O)N1CCOCC1,7.64
Cc1ccc(-c2cnc(C(C)(C)C)[nH]2)cc1S(=O)(=O)N1CCOCC1,7.09
Cc1ccc(NC(=O)c2ccccc2Cl)cc1S(=O)(=O)N1CCOCC1,6.77
CC1(C)C(C(=O)c2cn(CCO)c3ccccc23)C1(C)C,7.25
CC1(C)C(C(=O)c2cn(CCN3CCCCCC3)c3ccccc23)C1(C)C,7.59
CC1(C)C(C(=O)c2cn(Cc3cccnc3)c3ccccc23)C1(C)C,7.52
CC1(C(=O)c2cn(CC3CCOCC3)c3ccccc23)CC(F)(F)C1(F)F,7.33
CCC1CCC(C(=O)c2cn(CCN3CCOCC3)c3ccccc23)CC1,7.8
Cc1ncsc1CCn1cc(C(=O)C2C(C)(C)C2(C)C)c2ccccc21,7.75
CC1(C)C(C(=O)c2cn(CCc3ccccn3)c3ccccc23)C1(C)C,7.17
O=C(c1cn(CCN2CCOCC2)c2ccccc12)C1CC12CCCCC2,7.46
CC1(C)C(C(=O)c2cn(CCc3cccnc3)c3ccccc23)C1(C)C,7.71
CC1(C)C(C(=O)c2cn(CCc3ccncc3)c3ccccc23)C1(C)C,7.51
O=C(c1cn(CCN2CCOCC2)c2ccccc12)C1CCCCCC1,7.96
O=C(c1cn(CC2CCOCC2)c2ccccc12)C1CCCC1,7.96
CCCn1cc(C(=O)C2C(C)(C)C2(C)C)c2ccccc21,8.04
CC1(C)C(C(=O)c2cn(CCN3CCCC3=O)c3ccccc23)C1(C)C,7.27
CC1(C)C(C(=O)c2cn(CCn3cccc3)c3ccccc23)C1(C)C,8.75
CSCCCCn1cc(C(=O)C2C(C)(C)C2(C)C)c2ccccc21,9.4
O=C(c1cn(CC2CCOCC2)c2ccccc12)C12CC3CC(CC(C3)O1)C2,8.23
CC1(C)C(C(=O)c2cn(CCN3C(=O)CCC3=O)c3ccccc23)C1(C)C,6.77
CN1CCCCC1Cn1cc(C(=O)C2C(C)(C)C2(C)C)c2ccccc21,9.32
CC1(C)C(C(=O)c2cn(CCC(N)=O)c3ccccc23)C1(C)C,6.66
CC(C)C1CCC(C(=O)c2cn(CCN3CCOCC3)c3ccccc23)CC1,6.72
CC1(C)C(C(=O)c2cn(CCc3cccs3)c3ccccc23)C1(C)C,8.56
CC1(C)C(C(=O)c2cn(CCc3nsc(Cl)n3)c3ccccc23)C1(C)C,8.08
CC(=O)CCCCn1cc(C(=O)C2C(C)(C)C2(C)C)c2ccccc21,9.0
CC1(C)C(C(=O)c2cn(CCc3ccsc3)c3ccccc23)C1(C)C,8.75
CC1(C)C(C(=O)c2cn(Cc3ccccc3)c3ccccc23)C1(C)C,8.09
COCCCn1cc(C(=O)C2C(C)(C)C2(C)C)c2ccccc21,8.89
CC1(C)C(C(=O)c2cn(CCCCCO)c3ccccc23)C1(C)C,9.15
CC1(C)C(C(=O)c2cn(CCN3CCCC3)c3ccccc23)C1(C)C,8.24
CC1(C)C(C(=O)c2cn(Cc3ccncc3)c3ccccc23)C1(C)C,8.44
CCCCCn1cc(C(=O)C2C(C)(C)C2(C)C)c2ccccc21,8.74
CN(C)CCn1cc(C(=O)C2C(C)(C)C2(C)C)c2ccccc21,8.72
CC1(C)C(C(=O)c2cn(CCC3CCOCC3)c3ccccc23)C1(C)C,8.56
CC1(C)C(C(=O)c2cn(CCCO)c3ccccc23)C1(C)C,8.68
CC1(C)C(C(=O)c2cn(CCCC(F)(F)F)c3ccccc23)C1(C)C,10.07
CC1(C)C(C(=O)c2cn(CC3CCOC3)c3ccccc23)C1(C)C,9.85
CC1(C)C(C(=O)c2cn(CCN3CCOC3=O)c3ccccc23)C1(C)C,9.74
CC1(C)C(C(=O)c2cn(CC3OCCO3)c3ccccc23)C1(C)C,9.0
CC1(C)C(C(=O)c2cn(CCN3CCCCC3)c3ccccc23)C1(C)C,8.65
CC1(C)C(C(=O)c2cn(CCCCO)c3ccccc23)C1(C)C,8.66
CC1(C(=O)c2cn(CC3CCOCC3)c3ccccc23)CC1(Cl)Cl,6.74
Cn1ccnc1CCn1cc(C(=O)C2C(C)(C)C2(C)C)c2ccccc21,6.81
COCCn1cc(C(=O)C2C(C)(C)C2(C)C)c2ccccc21,8.51
COC(=O)CCn1cc(C(=O)C2C(C)(C)C2(C)C)c2ccccc21,8.54
O=C(c1cn(CCN2CCOCC2)c2ccccc12)C1CCCCC1,6.86
O=C(c1cn(CC2CCOCC2)c2ccccc12)C12CC3CC(CC1C3)C2,8.68
O=C(c1cn(CC2CCOCC2)c2ccccc12)C1CC12CCCCC2,8.59
CC1(C)C(C(=O)c2cn(CC3CCCO3)c3ccccc23)C1(C)C,8.48
CCCCn1cc(C(=O)C2C(C)(C)C2(C)C)c2ccccc21,8.7
CCC(C)(C)C(=O)Nc1cc(CN2CCOCC2)c(C)cc1F,6.92
CCC(C)(C)C(=O)Nc1ccc(C)c(CN2CCOCC2)c1,6.92
Cc1ccc(C(=O)NC2C3(C)CCC(C3)C2(C)C)cc1CN1CCOCC1,7.72
Cc1cc(F)c(NC(=O)C2CCCCC2C)cc1CN1CCOCC1,7.43
Cc1cc(C)c(NC(=O)C2CCCCC2C)cc1CN1CCOCC1,6.36
Cc1ccc(C(=O)NC2C3(C)CCC(C3)C2(C)C)cc1C(=O)N1CCOCC1,5.92
Cc1ccc(C(=O)NC2C3(C)CCC(C3)C2(C)C)cc1N1CCOCC1,6.52
CCC(C)(C)C(=O)Nc1cc(CN2CCOCC2)c(C)cc1C,6.28
CC(C(=O)Nc1ccc2c(c1)C(N1CCOCC1)CCC2)(C(F)(F)F)C(F)(F)F,8.64
Cc1c(CN2CCOCC2)cc(NC(=O)C2CCCCC2C)cc1C(F)(F)F,7.77
Cc1cc(NC(=O)C2CCCCC2C)cc(CN2CCOCC2)c1C,8.07
Cc1ccc(C(=O)NC2C3(C)CCC(C3)C2(C)C)cc1CCCN1CCOCC1,7.21
Cc1ccc(C(=O)NC2C3(C)CCC(C3)C2(C)C)cc1CCC(=O)N1CCOCC1,7.08
Cc1ccc(C(=O)NC2C3(C)CCC(C3)C2(C)C)cc1CC(=O)N1CCOCC1,6.16
Cc1ccc(NC(=O)C(C)(C(F)(F)F)C(F)(F)F)cc1CN1CCOCC1,7.8
Cc1ccc(C(=O)NC2C3(C)CCC(C3)C2(C)C)cc1CCN1CCOCC1,7.35
O=S1(=O)CCN(C(=NS(=O)(=O)c2ccc(Cl)cc2)N2CC(c3ccccc3)C(c3ccc(Cl)cc3)=N2)CC1,6.24
Cc1c(C(=O)NC2CCCC2)nn(-c2ccc(F)cc2F)c1-n1cccc1,5.96
COc1ccc(CCNC(=O)c2nn(-c3ccc(Cl)cc3Cl)c(-n3c(C)ccc3C)c2C)cc1Cl,5.46
Cc1c(C(=O)Nc2ccc(Cl)cc2)nn(-c2ccc(Cl)cc2Cl)c1-n1cccc1,7.1
Cc1c(C(=O)NC2CCCCCC2)nn(-c2ccc(Cl)c(Cl)c2)c1-n1cccc1,8.89
COc1cc(CNC(=O)c2nn(-c3ccc(Cl)cc3Cl)c(-n3cccc3)c2C)c(Br)c(OC)c1OC,6.21
COc1ccc(CCNC(=O)c2nn(-c3ccc(F)cc3F)c(-n3cccc3)c2C)cc1Cl,5.71
Cc1c(C(=O)NC(C)C2CCCCC2)nn(-c2ccc(Cl)c(Cl)c2)c1-n1cccc1,8.8
Cc1c(C(=O)NCCc2ccc(Cl)cc2)nn(-c2ccc(Cl)c(Cl)c2)c1-n1cccc1,5.92
Cc1c(C(=O)NC2CCCCCC2)nn(-c2ccc(Cl)cc2Cl)c1-n1c(C)ccc1C,7.1
Cc1c(C(=O)NCCc2ccc(Cl)cc2Cl)nn(-c2ccc(F)cc2F)c1-n1cccc1,6.18
Cc1c(C(=O)NC2CCCC2)nn(-c2ccc(Cl)c(Cl)c2)c1-n1c(C)ccc1C,7.92
Cc1c(C(=O)Nc2ccc(Cl)cc2)nn(-c2ccc(Cl)c(Cl)c2)c1-n1cccc1,6.1
COc1cc(CNC(=O)c2nn(-c3ccc(F)cc3F)c(-n3c(C)ccc3C)c2C)c(Br)c(OC)c1OC,6.43
Cc1c(C(=O)NC2CCCCCC2)nn(-c2ccc(F)cc2F)c1-n1c(C)ccc1C,6.96
Cc1c(C(=O)NC2CCCC2)nn(-c2ccc(Cl)cc2Cl)c1-n1cccc1,6.77
COc1cc(CNC(=O)c2nn(-c3ccc(F)cc3F)c(-n3cccc3)c2C)c(Br)c(OC)c1OC,6.13
Cc1c(C(=O)NCc2ccc(Cl)cc2)nn(-c2ccc(Cl)c(Cl)c2)c1-n1c(C)ccc1C,6.1
COc1cc(CNC(=O)c2nn(-c3ccc(Cl)cc3Cl)c(-n3c(C)ccc3C)c2C)c(Br)c(OC)c1OC,6.26
Cc1c(C(=O)NCc2ccc(Cl)cc2)nn(-c2ccc(Cl)cc2Cl)c1-n1cccc1,6.03
Cc1c(C(=O)NC2CCCCCC2)nn(-c2ccc(Cl)c(Cl)c2)c1-n1c(C)ccc1C,8.38
COc1ccc(CCNC(=O)c2nn(-c3ccc(Cl)cc3Cl)c(-n3cccc3)c2C)cc1Cl,5.54
Cc1c(C(=O)NC2CCCC2)nn(-c2ccc(Cl)cc2Cl)c1-n1c(C)ccc1C,6.51
Cc1c(C(=O)NC23CC4CC(CC(C4)C2)C3)nn(-c2ccc(Cl)c(Cl)c2)c1-n1c(C)ccc1C,7.92
Cc1c(C(=O)NCCc2ccc(Cl)c(Cl)c2)nn(-c2ccc(F)cc2F)c1-n1cccc1,5.89
Cc1c(C(=O)NC2CCCCCC2)nn(-c2ccc(Cl)cc2Cl)c1-n1cccc1,7.7
Cc1c(C(=O)NC23CC4CC(CC(C4)C2)C3)nn(-c2ccc(Cl)c(Cl)c2)c1-n1cccc1,7.7
Cc1c(C(=O)NC(C)c2ccccc2)nn(-c2ccc(Cl)c(Cl)c2)c1-n1c(C)ccc1C,8.24
Cc1c(C(=O)NC2CCCC2)nn(-c2ccc(Cl)c(Cl)c2)c1-n1cccc1,7.92
Cc1c(C(=O)NCc2ccc(Cl)cc2)nn(-c2ccc(F)cc2F)c1-n1cccc1,5.47
CCC(C)(C)C(=O)Nc1cc(CN2CCOCC2)c(N)cn1,6.06
Cc1cnc(NC(=O)C(C)(C)C)cc1CN1CCOCC1,7.09
CCc1cnc(NC(=O)C(C)(C)CC)cc1CN1CCOCC1,8.1
CCC(C)(C)C(=O)Nc1cc(CN2CCOCC2)c(C#N)cn1,7.0
CCC(C)(C)C(=O)Nc1cc(CN2CCOCC2)cc(C)n1,7.17
Cc1cnc(NC(=O)C2(C)CCCCC2C)cc1CN1CCOCC1,8.72
CCC1(C(=O)Nc2cc(CN3CCOCC3)c(C)cn2)CCC1,7.35
CCC1(C(=O)Nc2cc(CN3CCOCC3)c(C)cn2)CCCC1,7.89
CCC1(C(=O)Nc2cc(CN3CCOCC3)c(C)cn2)CCCCC1,8.15
CCC(C)(C)C(=O)Nc1ccc(C)c(CN2CCOCC2)n1,5.75
CCC(C)(C)C(=O)Nc1cc(CN2CCOCC2)c(C)cn1,7.62
CCCC(C)(C)C(=O)Nc1cc(CN2CCOCC2)c(C)cn1,8.28
CNC(=NS(=O)(=O)N1CCC(F)(F)CC1)N1CC(c2ccccc2)C(c2ccc(Cl)cc2)=N1,6.66
CNC(=NS(=O)(=O)N1CCCCC1)N1CCC(c2ccccc2)C(c2ccc(Cl)cc2)=N1,6.24
CNC(=NS(=O)(=O)N1CCC(F)(F)CC1)N1CCC(c2ccccc2)C(c2ccc(Cl)cc2)=N1,6.61
CNC(=NS(=O)(=O)c1ccc(Cl)cc1)N1CCC(c2ccccc2)C(c2ccc(Cl)cc2)=N1,6.5
CC(NC(=O)C(C)(C)Oc1ccc(C(F)(F)F)cn1)C(Cc1ccc(Cl)cc1)c1cccc(C#N)c1,6.54
COc1ccc(C2c3cccn3-c3ccccc3N2C(=O)CN(C(=O)NC(C)(C)C)C(C)C)cc1,5.3
COc1ccccc1NC(=O)C(C)Sc1nc(-c2ccc(C)cc2)nc2c1COC(C)(C)C2,5.0
O=C(Nc1ccccc1Oc1ccccc1)c1ccc(S(=O)(=O)N2CCc3ccccc32)cc1,5.0
Cc1ccc(C2c3cccn3-c3ccccc3N2C(=O)CN(C(=O)C2CCCC2)C2CC2)cc1,5.0
CCOC(=O)N1CCN(C(=O)c2cc(-c3ccccc3Cl)nn2-c2ccc(C)cc2C)CC1,5.97
CC1CC(C)CN(S(=O)(=O)c2ccc(F)c(C(=O)NC(c3ccccc3)c3ccccc3)c2)C1,5.0
Cc1cc(C)c(OCC(=O)Nc2sc3c(c2C(=O)NC2CCS(=O)(=O)C2)CCCC3)c(C)c1,7.24
COc1cccc(N2C(C(C)=O)=NN(c3ccc(Cl)cc3)C2c2ccc(N3CCOCC3)cc2)c1,5.41
O=C(N1CCCCC1)N1CC(OC(c2ccc(Cl)cc2)c2cccnc2Cl)C1,5.14
O=C(NC12CC3CC(CC(C3)C1)C2)c1nc(Cl)n(-c2ccccc2)c1Cl,7.3
CCCCc1c(C(=O)NC23CC4CC(CC(C4)C2)C3)nc(C)n1-c1ccccc1,8.01
Cc1nc(C(=O)NCc2ccccc2C(F)(F)F)c(C)n1-c1ccccc1,8.46
CSc1c(C(=O)NC23CC4CC(CC(C4)C2)C3)nc(C)n1-c1ccccc1,8.0
Cc1c(C(=O)NCC2CC3CC(C2)C3(C)C)ncn1-c1ccccc1,6.76
Cc1nc(C(=O)NC23CC4CC(CC(C4)C2)C3)c(C)n1C1CCCCC1,7.7
Cc1nc(C(=O)NC23CC4CC(CC(C4)C2)C3)c(Br)n1-c1ccccc1,8.08
CCc1nc(C(=O)NC23CC4CC(CC(C4)C2)C3)cn1-c1ccccc1,7.9
CCc1c(C(=O)NC23CC4CC(CC(C4)C2)C3)nc(C)n1-c1ccccc1,8.99
Cc1nc(C(=O)NC23CC4CC(CC(C4)C2)C3)c(Cl)n1-c1ccccc1,7.62
CCc1nc(C(=O)NC23CC4CC(CC(C4)C2)C3)c(C)n1-c1ccccc1,8.8
Cc1nc(C(=O)NC23CC4CC(CC(C4)C2)C3)c(C)n1-c1ccccc1,8.57
N#Cc1ccc(C(=O)NCC2CCC(c3ccc(Cl)cc3Cl)N(c3ccc(Cl)cc3)C2)cc1,5.85
CC(C)CNC(=O)C1CCC(c2ccc(Cl)cc2Cl)N(c2ccc(Cl)cc2)C1,5.8
O=S(=O)(NC1CCCCC1)C1CCC(c2ccc(Cl)cc2Cl)N(c2ccc(Cl)cc2)C1,6.43
CC(C)CCNS(=O)(=O)C1CCC(c2ccc(Cl)cc2Cl)N(c2ccc(Cl)cc2)C1,5.86
O=C1C(Cc2ccc(F)c(F)c2)CCC(c2ccc(Cl)cc2)N1c1ccc(Cl)cc1,6.24
CC(C)CNS(=O)(=O)C1CCC(c2ccc(Cl)cc2Cl)N(c2ccc(Cl)cc2)C1,5.8
O=S(=O)(c1ccccc1F)c1cc(Cl)ccc1S(=O)(=O)N1CCC2(CC1)CCN(S(=O)(=O)C(F)(F)F)C2,6.12
O=S(=O)(NC1CCC(CNS(=O)(=O)C(F)(F)F)CC1)c1ccc(Cl)cc1S(=O)(=O)c1ccccc1F,7.37
CC(O)C1(CNS(=O)(=O)C(F)(F)F)CCN(S(=O)(=O)c2ccc(Cl)cc2S(=O)(=O)c2ccccc2F)CC1,8.29
O=S(=O)(c1ccccc1F)c1cc(Cl)ccc1S(=O)(=O)N1CCC(CNS(=O)(=O)C(F)(F)F)CC1,8.26
CCCC1(CNS(=O)(=O)C(F)(F)F)CCN(S(=O)(=O)c2ccc(Cl)cc2S(=O)(=O)c2ccccc2F)CC1,8.27
C=CCOC(=O)NCC1(CNS(=O)(=O)C(F)(F)F)CCN(S(=O)(=O)c2ccc(Cl)cc2S(=O)(=O)c2ccccc2F)CC1,5.61
CCC1(CNS(=O)(=O)C(F)(F)F)CCN(S(=O)(=O)c2ccc(Cl)cc2S(=O)(=O)c2ccccc2F)CC1,9.7
O=S(=O)(NCCCCNS(=O)(=O)C(F)(F)F)c1ccc(Cl)cc1S(=O)(=O)c1ccccc1F,6.75
O=S(=O)(c1ccccn1)c1ccc(C(F)(F)F)cc1S(=O)(=O)N1CCC2(CC1)CC2NS(=O)(=O)C(F)(F)F,8.3
CC1(CNS(=O)(=O)C(F)(F)F)CCN(S(=O)(=O)c2ccc(Cl)cc2S(=O)(=O)c2ccccc2F)CC1,9.41
O=S(=O)(c1ccccc1F)c1ccc(C(F)(F)F)cc1S(=O)(=O)N1CCC2(CC1)CC2NS(=O)(=O)C(F)(F)F,8.7
COc1ccc(S(=O)(=O)c2ccc(Cl)cc2S(=O)(=O)N2CCC3(CC2)CC3NS(=O)(=O)C(F)(F)F)cc1,9.19
CC(C)C1(CNS(=O)(=O)C(F)(F)F)CCN(S(=O)(=O)c2ccc(Cl)cc2S(=O)(=O)c2ccccc2F)CC1,7.68
O=S(=O)(c1ccccn1)c1ccc(Cl)cc1S(=O)(=O)N1CCC2(CC1)CC2NS(=O)(=O)C(F)(F)F,8.8
NCC1(CNS(=O)(=O)C(F)(F)F)CCN(S(=O)(=O)c2ccc(Cl)cc2S(=O)(=O)c2ccccc2F)CC1,6.69
CS(=O)(=O)NC1CC12CCN(S(=O)(=O)c1cc(Cl)ccc1S(=O)(=O)c1ccccc1F)CC2,8.96
O=S(=O)(NC1CCC(NS(=O)(=O)C(F)(F)F)CC1)c1ccc(Cl)cc1S(=O)(=O)c1ccccc1F,6.63
N#CC1(CNS(=O)(=O)C(F)(F)F)CCN(S(=O)(=O)c2ccc(Cl)cc2S(=O)(=O)c2ccccc2F)CC1,7.43
O=S(=O)(c1ccccc1F)c1cc(Cl)ccc1S(=O)(=O)N1CC(CCNS(=O)(=O)C(F)(F)F)C1,7.04
CC(NS(=O)(=O)C(F)(F)F)c1ccc(S(=O)(=O)c2ccc(Cl)cc2S(=O)(=O)c2ccccc2F)cc1,9.15
O=S(=O)(c1ccccc1F)c1cc(Cl)ccc1S(=O)(=O)N1CC2C(C1)C2NS(=O)(=O)C(F)(F)F,8.82
CC1CC(CNS(=O)(=O)C(F)(F)F)CCN1S(=O)(=O)c1ccc(Cl)cc1S(=O)(=O)c1ccccc1F,8.1
O=S(=O)(c1ccccc1F)c1cc(Cl)ccc1S(=O)(=O)N1CCC(NS(=O)(=O)C(F)(F)F)C1,5.53
O=S(=O)(c1ccccc1F)c1cc(Cl)ccc1S(=O)(=O)N1CCC(CO)(CNS(=O)(=O)C(F)(F)F)CC1,8.52
CC1CN(S(=O)(=O)c2ccc(Cl)cc2S(=O)(=O)c2ccccc2F)CCC1CNS(=O)(=O)C(F)(F)F,8.15
O=S(=O)(c1ccccc1F)c1cc(Cl)ccc1S(=O)(=O)N1CCC(F)(CNS(=O)(=O)C(F)(F)F)CC1,8.12
O=S(=O)(c1ccccc1F)c1cc(Cl)ccc1S(=O)(=O)N1CCC2(CC1)CC2NS(=O)(=O)C(F)(F)F,8.77
O=S(=O)(c1ccccn1)c1ccc(OC(F)(F)F)cc1S(=O)(=O)N1CCC2(CC1)CC2NS(=O)(=O)C(F)(F)F,9.05
CCC(C)(C)C(=O)Nc1cc2c(c(S(=O)(=O)N3CCOCC3)c1)CCCC2,7.85
CCCCC(C)(C)C(=O)Nc1cc(C)c(C)c(S(=O)(=O)N2CCOCC2)c1,8.96
CCC(C)(C)C(=O)Nc1cc(C)c(C)c(S(=O)(=O)N2CCC(O)C2)c1,7.05
Cc1cc(NC(=O)C(C)(C)C)cc(S(=O)(=O)N2CCOCC2)c1C,7.4
CCC(C)(C)C(=O)Nc1cc(C)c(C)c(S(=O)(=O)NCC2CC2)c1,7.18
CCC(C)(C)C(=O)Nc1cc(C)c(C)c(S(=O)(=O)NC2CCCC2)c1,7.03
CCC(C)(C)C(=O)Nc1cc(C)c(C)c(S(=O)(=O)N2CCCCC2)c1,8.57
CCC(C)(C)C(=O)Nc1cc(S(=O)(=O)N2CCOCC2)c(C)c(C)c1C,6.39
Cc1cc(NC(=O)C2C(C)(C)C2(C)C)cc(S(=O)(=O)N2CCOCC2)c1C,7.8
CCC(C)(C)C(=O)Nc1cc(C)c(C)c(S(=O)(=O)N2CCCC2CO)c1,7.37
CCC(C)(C)C(=O)Nc1cc(C)c(C)c(S(=O)(=O)N2CCOCC2)c1,7.77
CCC(C)(C)C(=O)Nc1cc(S(=O)(=O)N2CCOCC2)c(C)cc1C,6.12
CCC(C)(C)C(=O)Nc1cc(C)c(C)c(S(=O)(=O)N2CCCCCC2)c1,8.05
Cc1cc(NC(=O)C(C)(C)c2ccccc2)cc(S(=O)(=O)N2CCOCC2)c1C,6.92
CCC(C)(C)C(=O)Nc1cc(C)c(C)c(S(=O)(=O)N2CCSC2)c1,8.16
Cc1cc(NC(=O)C(C)(C)O)cc(S(=O)(=O)N2CCOCC2)c1C,5.68
Cc1cc(NC(=O)C(C)(C(F)(F)F)C(F)(F)F)cc(S(=O)(=O)N2CCOCC2)c1C,8.18
COCCC(C)(C)C(=O)Nc1cc(C)c(C)c(S(=O)(=O)N2CCOCC2)c1,6.96
CCC(C)(C)C(=O)Nc1cc(C)c(C)c(S(=O)(=O)N2CCS(=O)(=O)CC2)c1,8.08
CCCC(C)(C)C(=O)Nc1cc(C)c(C)c(S(=O)(=O)N2CCOCC2)c1,8.01
CCC(C)(C)C(=O)Nc1cc2c(c(S(=O)(=O)N3CCOCC3)c1)CCC2,7.92
CNC(=NS(=O)(=O)c1ccc(Cl)cc1)C1=NN(c2ccc(Cl)cc2Cl)C(c2ccccc2)C1,6.61
CNC(=NS(=O)(=O)N1CCC(C(F)(F)F)CC1)C1=NN(c2ccc(Cl)cc2)C(c2ccccc2)C1,6.23
CNC(=NS(=O)(=O)c1ccc(C(F)(F)F)cc1)C1=NN(c2ccc(Cl)cc2Cl)C(c2ccccc2)C1,6.75
CNC(=NS(=O)(=O)N1CCCCC1)C1=NN(c2ccc(Cl)cc2)C(c2ccccc2)C1,5.96
CCCCOc1c(OCC[18F])ccc2cc(C(=O)NC3CCCCC3)c(=O)[nH]c12,7.45
COc1ccc(S(=O)(=O)c2ccc(C(C)NS(C)(=O)=O)cc2)c(S(=O)(=O)c2ccc(O[11CH3])cc2)c1,8.35
O=C(NN1CCCCC1)c1nc(-c2ccc(Cl)cc2Cl)n(-c2ccc(Cl)cc2)c1CO,5.12
O=C(NN1CCCCC1)c1nc(-c2ccc(Cl)cc2Cl)n(-c2ccc(Cl)cc2)c1I,5.74
C[S+]([O-])c1c(C(=O)NN2CCCCC2)nn(-c2ccc(Cl)cc2Cl)c1-c1ccc(Cl)cc1,6.4
CSc1c(C(=O)NN2CCCCC2)nn(-c2ccc(Cl)cc2Cl)c1-c1ccc(Cl)cc1,6.09
CSc1c(C(=O)NN2CCCCCC2)nc(-c2ccc(Cl)cc2Cl)n1-c1ccc(Cl)cc1,6.49
CSc1c(C(=O)NN2CCCC2)nn(-c2ccc(Cl)cc2Cl)c1-c1ccc(Cl)cc1,6.2
CSc1c(C(=O)NN2CCCCCC2)nn(-c2ccc(Cl)cc2Cl)c1-c1ccc(Cl)cc1,6.43
CSc1c(C(=O)NN2CCCCC2)nc(-c2ccc(Cl)cc2Cl)n1-c1ccc(Cl)cc1,5.97
O=C(NC1CCCCC1)N1CCN(C(c2ccccc2)c2cc(Cl)ccc2Cl)CC1,6.05
O=C(NC1CCCCC1)N1CCN(C(c2ccccc2)c2ccc(Cl)cc2Cl)CC1,6.37
COc1ccc(C(c2ccc(Cl)cc2Cl)N2CCN(C(=O)NC3CCCCC3)CC2)cc1,6.54
O=C(NC1CCCCC1)N1CCN(C(c2ccc(F)cc2)c2ccc(Cl)cc2Cl)CC1,6.8
O=C(NC1CCCCC1)N1CCN(C(c2ccc(C(F)(F)F)cc2)c2ccc(Cl)cc2Cl)CC1,6.56
O=C(C1CCC1)N1CCN(C(c2ccccc2)c2ccc(Cl)cc2Cl)CC1,5.67
O=C(N1CCCCC1)N1CCN(C(c2ccccc2)c2ccc(Cl)cc2Cl)CC1,6.01
O=C(C1CCCCC1)N1CCN(C(c2ccccc2)c2ccccc2)CC1,5.52
O=C(C1CCCCC1)N1CCN(C(c2ccccc2)c2ccc(Cl)cc2Cl)CC1,5.53
O=C(N1CCN(C(c2ccccc2)c2ccc(Cl)cc2Cl)CC1)C12CC3CC(CC(C3)C1)C2,7.6
O=C(NC1CCCCC1)N1CCN(C(c2cccc(Cl)c2)c2ccc(Cl)cc2Cl)CC1,6.39
O=C(NN1CCCCC1)N1CCN(C(c2ccccc2)c2ccc(Cl)cc2Cl)CC1,5.98
O=C(C1CCCC1)N1CCN(C(c2ccccc2)c2ccc(Cl)cc2Cl)CC1,5.31
O=C(NC1CCCCC1)N1CCN(C(c2ccc(Cl)cc2)c2ccc(Cl)cc2Cl)CC1,7.58
CCCCNC(=O)N1CCN(C(c2ccccc2)c2ccc(Cl)cc2Cl)CC1,6.04
S=C(NC1CCCCC1)N1CCN(C(c2ccccc2)c2ccccc2)CC1,5.73
Cc1ccc(C(c2ccc(Cl)cc2Cl)N2CCN(C(=O)NN3CCCCC3)CC2)cc1,6.5
O=C(NC1CCCCC1)N1CCN(C(c2ccccc2)c2c(Cl)cccc2Cl)CC1,6.08
O=C(NC1CCCCC1)N1CCN(C(c2ccccc2)c2ccc(Cl)cc2F)CC1,6.28
O=C(NC1CCCCC1)N1CCN(C(c2ccccc2)c2ccc(Br)cc2F)CC1,6.49
Cc1ccc(C(c2ccc(Cl)cc2Cl)N2CCN(C(=O)NC3CCCCC3)CC2)cc1,6.48
S=C(NC1CCCCC1)N1CCN(C(c2ccccc2)c2ccc(Cl)cc2Cl)CC1,6.17
O=C(NC1CCCCC1)N1CCN(C(c2ccc(Oc3ccccc3)cc2)c2ccc(Cl)cc2Cl)CC1,7.28
O=C(NC1CCCCC1)N1CCN(C(c2ccccc2)c2ccc(Cl)c(Cl)c2)CC1,6.45
O=C(NC1CCCCC1)N1CCN(C(c2ccccc2)c2ccccc2)CC1,5.62
C=C(C)C1CCC(C)=CC1c1c(O)cc(CCCCC)cc1O,5.0
CCN1CCN(C(=O)c2cn3c4c(cccc24)OCC3C2CCCCC2)CC1,8.4
CC1CN(C(=O)c2cn3c4c(cccc24)OCC3C2CCCCC2)CCN1C,9.4
CC1(C)Oc2cc(CNC3C4CC5CC(C4)CC3C5)cc(O)c2C2CC(O)CCC21,4.7
CC1(C)Oc2cc(C(=O)NC3C4CC5CC(C4)CC3C5)cc(O)c2C2CC(O)CCC21,5.57
CC1(C)Oc2cc(C(=O)N3C4CC5CC3CC(C4)O5)cc(O)c2C2CC(O)CCC21,4.7
CC1(C)Oc2cc(CN3C4CC5CC3CC(C4)O5)cc(O)c2C2CC(O)CCC21,5.3
CC1(C)Oc2cc(N3C4CC5CC3CC(C4)O5)cc(O)c2C2CC(O)CCC21,5.75
CC1(C)Oc2cc(C34CC5CC(CC(C5)O3)C4)cc(O)c2C2CC(O)CCC21,7.72
CC1(C)Oc2cc(CNC34CC5CC(CC(C5)C3)C4)cc(O)c2C2CC(O)CCC21,5.0
CC1(C)Oc2cc(C(=O)NC34CC5CC(CC(C5)C3)C4)cc(O)c2C2CC(O)CCC21,5.06
CCCCCn1cc(C(=O)NC23CC4CC(CC(C4)C2)C3)c(=O)c2cc(-n3ccnc3)ccc21,8.1
CCCCCn1cc(C(=O)NC23CC4CC(CC(C4)C2)C3)c(=O)c2cc(S(=O)(=O)c3ccccc3)ccc21,7.18
C=CCn1cc(C(=O)NC23CC4CC(CC(C4)C2)C3)c(=O)c2cc(-c3ccco3)ccc21,7.23
CCCCCn1cc(C(=O)NC23CC4CC(CC(C4)C2)C3)c(=O)c2cc(-c3ccc(Cl)cc3)ccc21,7.96
C#CCn1cc(C(=O)NC23CC4CC(CC(C4)C2)C3)c(=O)c2cc(Br)ccc21,7.3
CCCCCn1cc(C(=O)NC23CC4CC(CC(C4)C2)C3)c(=O)c2cc(-c3cccs3)ccc21,8.64
CCCCCn1cc(C(=O)NC23CC4CC(CC(C4)C2)C3)c(=O)c2cc(C=Cc3ccccc3)ccc21,7.18
CCCCCn1cc(C(=O)NC2C3(C)CCC(C3)C2(C)C)c(=O)c2cc(-c3ccco3)ccc21,8.62
CCCCCn1cc(C(=O)NC23CC4CC(CC(C4)C2)C3)c(=O)c2cc(-c3cnn(CC(C)C)c3)ccc21,7.29
CCCCCn1cc(C(=O)NC2C3(C)CCC(C3)C2(C)C)c(=O)c2cc(Br)ccc21,8.3
CCCCCn1cc(C(=O)NC23CC4CC(CC(C4)C2)C3)c(=O)c2cc(-c3ccc(F)cc3F)ccc21,7.8
CCCCCn1cc(C(=O)NC23CC4CC(CC(C4)C2)C3)c(=O)c2cc(Cc3ccc(Cl)cc3Cl)ccc21,5.41
C#Cc1ccc2c(c1)c(=O)c(C(=O)NC13CC4CC(CC(C4)C1)C3)cn2CCCCC,8.06
CCCCCn1cc(C(=O)NC23CC4CC(CC(C4)C2)C3)c(=O)c2cc(-c3ccc4cc(OC)ccc4c3)ccc21,7.28
CCCCCn1cc(C(=O)NC23CC4CC(CC(C4)C2)C3)c(=O)c2cc(-c3cc(C)c(OC)c(C)c3)ccc21,7.67
CCCCCn1cc(C(=O)NC23CC4CC(CC(C4)C2)C3)c(=O)c2cc(CCc3ccccc3)ccc21,7.25
CCCCCn1cc(C(=O)NC23CC4CC(CC(C4)C2)C3)c(=O)c2cc(I)ccc21,7.69
CCCCCn1cc(C(=O)NC23CC4CC(CC(C4)C2)C3)c(=O)c2cc(C#Cc3ccccc3)ccc21,6.46
CCCCCn1cc(C(=O)NC23CC4CC(CC(C4)C2)C3)c(=O)c2cc(-n3cccc3)ccc21,9.15
CCCCCn1cc(C(=O)NN2CCCCC2)c(=O)c2cc(Br)ccc21,6.4
CCCCCn1cc(C(=O)NC23CC4CC(CC(C4)C2)C3)c(=O)c2cc(-c3ccc(OC)nc3)ccc21,7.23
CCCCCn1cc(C(=O)NC23CC4CC(CC(C4)C2)C3)c(=O)c2cc(C3CCCCC3)ccc21,8.14
CCCCCn1cc(C(=O)NC23CC4CC(CC(C4)C2)C3)c(=O)c2cc(-c3ccc(-c4ccccc4)cc3)ccc21,6.74
CCCCCn1cc(C(=O)NC23CC4CC(CC(C4)C2)C3)c(=O)c2cc(C3=CCCCC3)ccc21,8.08
CCCCCn1cc(C(=O)NC23CC4CC(CC(C4)C2)C3)c(=O)c2cc(-c3ccc(C#N)cc3)ccc21,7.38
CCCCCn1cc(C(=O)NC23CC4CC(CC(C4)C2)C3)c(=O)c2cc(-c3ccc(O)cc3)ccc21,8.38
CCCCCn1cc(C(=O)NC23CC4CC(CC(C4)C2)C3)c(=O)c2cc(C=CC(C)(C)C)ccc21,7.14
CCCCCn1cc(C(=O)NC23CC4CC(CC(C4)C2)C3)c(=O)c2cc(-c3ccc(Cl)s3)ccc21,7.35
CCCCCn1cc(C(=O)NC2CCCCC2)c(=O)c2cc(Br)ccc21,6.05
CCCCCn1cc(C(=O)NC23CC4CC(CC(C4)C2)C3)c(=O)c2cc([S+]([O-])c3ccccc3)ccc21,7.13
CCCCCn1cc(C(=O)NC23CC4CC(CC(C4)C2)C3)c(=O)c2cc(CC)ccc21,7.77
C=CCCn1cc(C(=O)NC23CC4CC(CC(C4)C2)C3)c(=O)c2cc(-c3ccco3)ccc21,8.36
CCCCCn1cc(C(=O)NC23CC4CC(CC(C4)C2)C3)c(=O)c2cc(-c3c(C)noc3C)ccc21,6.9
CCCCCn1cc(C(=O)NC23CC4CC(CC(C4)C2)C3)c(=O)c2cc(-c3ccco3)ccc21,9.15
CCCCCCC(C)(C)c1ccc(C2CCCC(O)C2)c(OC)c1,6.09
CCCCCC(C)(C)c1ccc(C2CCCC(O)C2)c(OC)c1,6.26
CCCCCC1=NN(C(=O)Nc2cccc3ccccc23)CC1c1ccccc1,7.44
CCCCCC1=NN(C(=O)NC2CCCCCC2)CC1c1ccccc1,7.7
CCCCCC1=NN(C(=O)NC2CCCCCCC2)CC1c1ccccc1,7.58
CCCCCN1N=C(C(=O)NC2C3CC4CC(C3)CC2C4)CC1c1ccccc1,8.15
CCCCCN1N=C(C(=O)NC2CC3CCC2(C)C3(C)C)CC1c1ccccc1,7.7
CCCCCC1=NN(C(=O)NCC2CCCCC2)CC1c1ccccc1,7.28
CCCCCC1=NN(C(=O)NCc2ccccc2)CC1c1ccccc1,6.58
CCCCCC1=NN(C(=O)NC2CCCCC2)CC1c1ccccc1,7.1
CCCCCC1=NN(C(=O)NCC23CC4CC(CC(C4)C2)C3)CC1c1ccccc1,8.1
CCCCCC1=NN(C(=O)NC2C3CC4CC(C3)CC2C4)CC1c1ccccc1,8.2
CCCCC1=NN(C(=O)NC(C)(C)c2ccc(F)cc2)CC1c1cccc(F)c1,7.13
CCCCC1=NN(C(=O)NC(C)(C)c2ccccc2)CC1c1ccccc1,7.45
CCCCCN1N=C(C(=O)NC(C)(C)c2ccc(F)cc2)CC1c1ccccc1,6.92
CCCCC1=NN(C(=O)NC(C)(C)c2ccccc2)CC1c1ccsc1,7.21
CCCCCC1=NN(C(=O)NC2CCCc3ccccc32)CC1c1ccccc1,7.65
CCCCCC1=NN(C(=O)NC2CC3CCC2(C)C3(C)C)CC1c1ccccc1,8.28
CCCCCC1=NN(C(=O)c2cccc3ccccc23)CC1c1ccccc1,6.99
CCCCCC1=NN(C(=O)NC23CC4CC(CC(C4)C2)C3)CC1c1ccccc1,7.83
CCCCCC1=NN(C(=O)NCC2CCC3CC2C3(C)C)CC1c1ccccc1,7.88
CCCCCC1=NN(C(=O)Nc2ccccc2C(F)(F)F)CC1c1ccccc1,7.82
CCCCCCC1(c2cc(O)c3c(c2)OC(C)(C)C2CCC(=O)CC32)SCCS1,7.49
CC1(C)Oc2cc(C3(CCCCCCBr)CCCC3)cc(O)c2C2CC(=O)CCC21,8.52
CCCCC=CC1(c2cc(O)c3c(c2)OC(C)(C)C2CCC(=O)CC32)CCC1,7.82
CC1(C)Oc2cc(C3(CCCCCBr)CCCC3)cc(O)c2C2CC(=O)CCC21,8.88
CCCCCCC1(c2cc(O)c3c(c2)OC(C)(C)C2CCC(O)CC32)CCC1,8.29
CCCCCCC1(c2cc(O)c3c(c2)OC(C)(C)C2CCC(=O)CC32)CCCC1,8.48
CCCCCCC1(c2cc(O)c3c(c2)OC(C)(C)C2CCC(=O)CC32)CCC1,7.92
CC1(C)Oc2cc(C3(CCCCCBr)CCC3)cc(O)c2C2CC(O)CCC21,8.79
CC1(C)Oc2cc(C3(CCCCCBr)CCC3)cc(O)c2C2CC(=O)CCC21,8.23
CCCCC=CC1(c2cc(O)c3c(c2)OC(C)(C)C2CCC(=O)CC32)CCCC1,8.15
Cc1c(C(=O)NCCCNCCCNC(=O)c2nn(-c3ccc(Cl)cc3Cl)c(-c3ccc(Cl)cc3)c2C)nn(-c2ccc(Cl)cc2Cl)c1-c1ccc(Cl)cc1,6.3
Cc1c(C(=O)NCCCCCCCNCCCCCCCN)nn(-c2ccc(Cl)cc2Cl)c1-c1ccc(Cl)cc1,6.21
Cc1c(C(=O)NCCCCCNCCCCCNC(=O)c2nn(-c3ccc(Cl)cc3Cl)c(-c3ccc(Cl)cc3)c2C)nn(-c2ccc(Cl)cc2Cl)c1-c1ccc(Cl)cc1,6.35
Cc1c(C(=O)NCCCCCCCCCN(C)CCCCCCCCCN)nn(-c2ccc(Cl)cc2Cl)c1-c1ccc(Cl)cc1,6.58
Cc1c(C(=O)NCCCCCCCCCCCN(C)CCCCCCCCCCCN)nn(-c2ccc(Cl)cc2Cl)c1-c1ccc(Cl)cc1,6.37
Cc1c(C(=O)NCCCCCCCCCCCNCCCCCCCCCCCN)nn(-c2ccc(Cl)cc2Cl)c1-c1ccc(Cl)cc1,6.52
Cc1c(C(=O)NCCNCCNC(=O)c2nn(-c3ccc(Cl)cc3Cl)c(-c3ccc(Cl)cc3)c2C)nn(-c2ccc(Cl)cc2Cl)c1-c1ccc(Cl)cc1,5.89
Cc1c(C(=O)NCCCCCCCNCCCCCCCNC(=O)c2nn(-c3ccc(Cl)cc3Cl)c(-c3ccc(Cl)cc3)c2C)nn(-c2ccc(Cl)cc2Cl)c1-c1ccc(Cl)cc1,6.26
Cc1c(C(=O)NCCCCCCCN(C)CCCCCCCN)nn(-c2ccc(Cl)cc2Cl)c1-c1ccc(Cl)cc1,5.71
Cc1c(C(=O)NCCCCCN(C)CCCCCNC(=O)c2nn(-c3ccc(Cl)cc3Cl)c(-c3ccc(Cl)cc3)c2C)nn(-c2ccc(Cl)cc2Cl)c1-c1ccc(Cl)cc1,5.98
Cc1c(C(=O)NCCCCCCCCCNCCCCCCCCCN)nn(-c2ccc(Cl)cc2Cl)c1-c1ccc(Cl)cc1,6.38
Cc1c(C(=O)NCCCCCCCN(C)CCCCCCCNC(=O)c2nn(-c3ccc(Cl)cc3Cl)c(-c3ccc(Cl)cc3)c2C)nn(-c2ccc(Cl)cc2Cl)c1-c1ccc(Cl)cc1,6.17
CCCC(C)(C)c1cc(Br)c2c(c1)OC(C)(C)C1CC=C(C)CC21,6.58
CCCCCCC(C)(C)c1cc(Br)c2c(c1)OC(C)(C)C1CC=C(C)CC21,7.47
CCCCCc1cc(Br)c2c(c1)OC(C)(C)C1CC=C(C)CC21,6.26
CCCCCC(C)(C)c1cc(Br)c2c(c1)OC(C)(C)C1CC=C(C)CC21,7.55
CCCCC(C)(C)c1cc(Br)c2c(c1)OC(C)(C)C1CC=C(C)CC21,7.15
COc1cccc2c(C(=O)N3CCN4CCCCC4C3)cn(CC3CCCCC3)c12,8.4
O=C(c1cn2c3c(cccc13)OCC2C1CCCCC1)N1CCN2CCCCC2C1,9.4
O=C(CCC(=O)NCCO)CCc1ccc(-c2ccccc2)cc1,5.65
O=C(C=Cc1ccc2ccccc2c1)CCCC(=O)NCCO,5.99
CCOC(=O)CNC(=O)CCC(=O)C=Cc1ccc2ccccc2c1,5.6
Cc1c(C(=O)NC(C)(C)C)nn(-c2ccc(Cl)cc2Cl)c1-n1cccc1,7.84
CCCCCCNC(=O)c1nn(-c2ccc(Cl)cc2Cl)c(-n2cccc2)c1C,6.42
Cc1c(C(=O)NCCC(C)(C)C)nn(-c2ccc(Cl)cc2Cl)c1-n1c(C)ccc1C,6.88
CCC(C)(C)NC(=O)c1nn(-c2ccc(Cl)cc2Cl)c(-n2cccc2)c1C,8.24
CCCCCCC(C)NC(=O)c1nn(-c2ccc(Cl)cc2Cl)c(-n2c(C)ccc2C)c1C,6.87
Cc1c(C(=O)NCCCCCO)nn(-c2ccc(Cl)cc2Cl)c1-n1c(C)ccc1C,5.5
CCCCCCC(C)NC(=O)c1nn(-c2ccc(Cl)cc2Cl)c(-n2cccc2)c1C,6.62
CCCCCCCNC(=O)c1nn(-c2ccc(Cl)cc2Cl)c(-n2cccc2)c1C,6.59
CCC(C)(C)NC(=O)c1nn(-c2ccc(Cl)cc2Cl)c(-n2c(C)ccc2C)c1C,6.92
CCCCNC(=O)c1nn(-c2ccc(Cl)cc2Cl)c(-n2cccc2)c1C,6.1
Cc1c(C(=O)NCCC(C)(C)C)nn(-c2ccc(F)cc2F)c1-n1c(C)ccc1C,6.79
CCCNC(=O)c1nn(-c2ccc(Cl)cc2Cl)c(-n2c(C)ccc2C)c1C,5.71
CCCCCNC(=O)c1nn(-c2ccc(Cl)cc2Cl)c(-n2c(C)ccc2C)c1C,6.3
CCCCNC(=O)c1nn(-c2ccc(Cl)cc2Cl)c(-n2c(C)ccc2C)c1C,6.34
CCCCCCCNC(=O)c1nn(-c2ccc(Cl)cc2Cl)c(-n2c(C)ccc2C)c1C,6.69
CCCNC(=O)c1nn(-c2ccc(Cl)cc2Cl)c(-n2cccc2)c1C,5.83
Cc1c(C(=O)NC(C)C)nn(-c2ccc(Cl)cc2Cl)c1-n1cccc1,5.95
Cc1c(C(=O)NC(C)(C)C)nn(-c2ccc(Cl)cc2Cl)c1-n1c(C)ccc1C,7.7
CCCCCCCNC(=O)c1nn(-c2ccc(F)cc2F)c(-n2c(C)ccc2C)c1C,6.44
Cc1c(C(=O)NC(C)C)nn(-c2ccc(Cl)cc2Cl)c1-n1c(C)ccc1C,5.75
CCCCCCNC(=O)c1nn(-c2ccc(F)cc2F)c(-n2c(C)ccc2C)c1C,6.31
CCCCCNC(=O)c1nn(-c2ccc(Cl)cc2Cl)c(-n2cccc2)c1C,6.69
Cc1c(C(=O)NCCC(C)(C)C)nn(-c2ccc(Cl)cc2Cl)c1-n1cccc1,7.28
Cc1c(C(=O)NCCCCCO)nn(-c2ccc(Cl)cc2Cl)c1-n1cccc1,5.63
CCCCCn1cc(C(=O)NC(C)C23CC4CC(CC(C4)C2)C3)c(=O)cc1-c1ccccc1,7.84
CCCCCn1cc(C(=O)NCC23CC4CC(CC(C4)C2)C3)c(=O)cc1-c1ccccc1,7.63
CCCCCn1cc(C(=O)NC23CC4CC(CC(C4)C2)C3)c(=O)cc1C,7.7
CCCCCn1cc(C(=O)NC23CC4CC(CC(C4)C2)C3)c(=O)cc1-c1ccccc1,8.4
CCCCCn1cc(NC(=O)C2CCCCC2)c(=O)cc1-c1ccccc1,7.29
CCCCCn1cc(C(=O)NC23CC4CC(CC(C4)C2)C3)c(=O)cc1-c1ccc(C)cc1,7.88
CCCCCn1cc(C(=O)NN2CCCCC2)c(=O)cc1-c1ccccc1,7.04
CCCCCn1cc(C(=O)NC23CC4CC(CC(C4)C2)C3)c(=S)cc1-c1ccccc1,7.73
CCCCCn1cc(C(=O)NC23CC4CC(CC(C4)C2)C3)c(=O)cc1-c1ccccc1Cl,9.15
CCCCCn1cc(C(=O)NC23CC4CC(CC(C4)C2)C3)c(=O)cc1-c1ccc(Cl)cc1,7.1
CCn1cc(C(=O)NC(C)C23CC4CC(CC(C4)C2)C3)c(=O)cc1-c1ccccc1,6.38
CCCCCCn1cc(C(=O)NC23CC4CC(CC(C4)C2)C3)c(=O)cc1-c1ccccc1,7.87
CCCCCn1cc(C(=O)NC2CCCCC2)c(=O)cc1C(C)(C)C,7.54
CCCCCn1cc(C(=O)Nc2cccc(C(F)(F)F)c2)c(=O)cc1-c1ccccc1,7.59
CCCCCn1cc(C(=O)NC2CCCc3ccccc32)c(=O)cc1-c1ccccc1,8.0
CCCCCn1cc(C(=O)NCC23CC4CC(C)(CC(C)(C4)C2)C3)c(=O)cc1-c1ccccc1,8.18
CCCCn1cc(C(=O)NC23CC4CC(CC(C4)C2)C3)c(=O)cc1-c1ccccc1,7.74
CCCCCn1cc(C(=O)NC23CC4CC(CC(C4)C2)C3)c(=O)cc1C(C)(C)C,7.54
CCCCCn1cc(C(=O)NC2CCCCC2)c(=S)cc1-c1ccccc1,7.32
CCCC(C)(C)c1ccc2c(c1)OC(C)(C)C1CC=C(O)CC21,7.69
CCCCCn1cc(C(=O)NC23CC4CC(CC(C4)C2)C3)c(=O)cc1-c1ccc(OC)cc1,7.04
CCCCCn1cc(C(=O)NC2CCCCC2)c(=O)cc1-c1ccc(Cl)cc1,7.11
CCCCCn1cc(C(=O)NC23CC4CC(CC(C4)C2)C3)c(=O)cc1-c1cccc(Cl)c1,8.74
CCCCCn1cc(NC(=O)OC(C)(C)C)c(=O)cc1-c1ccccc1,6.68
FC(F)(F)c1cccc(-c2c[nH]c(-c3cccc(CN4CCOCC4)c3)n2)c1,7.38
CC1=CCC2C(C1)c1c(O)cc(C3(C#N)CCCCC3)cc1OC2(C)C,8.41
Cc1c(C(C)(C)C)sc(=NC(=O)c2ccc(OC(F)(F)F)cc2)n1CC1CC1,8.24
COCCn1c(C)c(C)sc1=NC(=O)C1C(C)(C)C1(C)C,9.19
Cc1c(C(C)(C)C)sc(=NS(=O)(=O)c2cccc3ccccc23)n1C1CC1,7.8
CCCCCn1cc(C(=O)NC23CC4CC(CC(C4)C2)C3)c(=O)c2cccc(C)c21,8.31
COCCn1c(C)c(C(C)(C)C)sc1=NC(=O)c1ccc(C(F)(F)F)cc1,8.0
CCCCCCC1CCCc2c1cc1c(c2O)C2CC(C)=CCC2C(C)(C)O1,8.27
Cc1c(C(C)(C)C)sc(=NC(=O)c2ccc(Br)cc2)n1CC1CC1,8.92
Cc1ccc2c(c1)Cc1c(C(=O)NC3CCCCC3)nn(-c3ccc(Cl)cc3Cl)c1-2,8.12
CC1=CCC2C(C1)c1c(O)cc(C3(C4CCCCC4)SCCS3)cc1OC2(C)C,8.98
CC1=CCC2C(C1)c1c(OC(=O)CCCN3CCOCC3)cc(C(C)(C)CCCCC#N)cc1OC2(C)C,8.1
CC1=CCC2C(C1)c1c(O)cc(-c3cccc4ccccc34)cc1OC2(C)C,8.03
CCCCCCNC(=O)c1cn(CCCCC)c2ccc(Br)cc2c1=O,6.05
CCCCCCC1(c2cc(O)c3c(c2)OC(C)(C)C2CC=C(C)CC32)CC1(Cl)Cl,8.89
COc1ccc2c(c1)c(CCN1CCOCC1)c(C)n2C(=O)c1cccc(Cl)c1Cl,7.92
CC1=CCC2C(C1)c1c(O)cc(C34CC5CC(CC(C5)C3)C4)cc1OC2(C)C,7.28
CCC(C)(C)C(=O)Cc1cc(C)c(C)c(S(=O)(=O)N2CCCCC2)c1,8.57
CCC(C)(C)C(=O)Cc1cc(C)c(C)c(S(=O)(=O)N2CCCCCC2)c1,8.05
CC1=CCC2C(C1)c1c(O)cc(C(C)(C)C3CCCCCC3)cc1OC2(C)C,9.66
CCCCCn1c(C)c(C(=O)c2ccc(CCCC)c3ccc(C)cc23)c2ccccc21,8.19
CCCCCCC(C)(C)c1cc(OC)c(C2C=C(CO)C3CC2C3(C)C)c(OC)c1,7.64
CCCCCCC(C)(C)c1cc(OC)c2c(c1)OC(C)(C)C1CC=C(C)CC21,8.19
Cc1nc(C(=O)Nc2ccccc2C(F)(F)F)c(C)n1-c1ccccc1,8.46
Cc1c(Cl)ccc2c(=O)c(C(=O)NC34CC5CC(CC(C5)C3)C4)c[nH]c12,7.59
CC1(Cc2ccccc2)COc2cc(C(=O)N3CCCCC3)ccc21,6.38
Cc1ccc2c(c1)Cc1c(C(=O)NN3CCCCC3)nn(-c3ccc(Cl)cc3Cl)c1-2,10.4
C=C1CCC2C(C1)c1c(OC)cc(C(C)(C)CCCCCC)cc1OC2(C)C,7.93
Cc1ccc2c(=O)c(C(=O)NC3CCCC3)cn(CCN3CCOCC3)c2n1,7.3
CCCCCCC1(c2cc(O)c3c(c2)OC(C)(C)C2CC=C(C)CC32)OCCO1,9.7
COc1ccc(OC)c2c(=O)c(C(=O)NC34CC5CC(CC(C5)C3)C4)c[nH]c12,7.28
COc1cccc2c(C(=O)N3CC(C)N(C)C(C)C3)cn(CC3CCCCC3)c12,9.1
C#CCCCC(=O)OCC(CO)OCCCCC=CCC=CCC=CCC=CCCCCC,7.07
CCCCCC=CCC=CCC=CCC=CCCCCOC(CO)COC(=O)CCCCCNC(=O)CCCCC1SCC2NC(=O)NC21,6.35
Cc1cc(-c2cc(C(=O)NC3C4(C)CCC(C4)C3(C)C)nn2Cc2ccc(CNCCCCCCN)cc2)ccc1Cl,6.58
CCCCCC=CCC=CCC=CCC=CCCCC(=O)OC(CO)CO,5.89
CCCCCC=CCC=CCC=CCC=CCCCC(=O)OC(CO)COC(=O)CCCCCNC(=O)CCCCC1SCC2NC(=O)NC21,6.42
Cc1c(CCN2CCOCC2)c2cc(OCC[18F])ccc2n1C(=O)c1cccc(Cl)c1Cl,7.57
CCCCCn1c(=O)c(C(=O)NC23CC4CC(CC(C4)C2)C3)c(O)c2cc(-c3ccco3)ccc21,7.82
CCCCCn1cc(C(=O)NC23CC4CC(CC(C4)C2)C3)c(=O)c2cc(-c3ccccc3)cc(OC)c21,6.37
CCCCCn1c(=O)c(C(=O)NC23CC4CC(CC(C4)C2)C3)cc2ccccc21,9.7
CCCCc1[nH]c2ccc(-c3ccco3)cc2c(=O)c1C(=O)NC12CC3CC(CC(C3)C1)C2,6.88
CCCCCn1cc(C(=O)NC23CC4CC(CC(C4)C2)C3)c(=O)c2cccc(OC)c21,9.22
CCCCCn1cc(C(=O)NC23CC4CC(CC(C4)C2)C3)c(=O)c2cc(-c3ccco3)cc(OC)c21,8.07
CCCCc1[nH]c2ccc(Br)cc2c(=O)c1C(=O)NC12CC3CC(CC(C3)C1)C2,5.93
CCCCCn1cc(C(=O)NC23CC4CC(CC(C4)C2)C3)c(=O)c2cccc([N+](=O)[O-])c21,9.0
COc1cccc2c(=O)c(C(=O)NC34CC5CC(CC(C5)C3)C4)c[nH]c12,5.46
CCCCCOc1cccc2c(=O)c(C(=O)NC34CC5CC(CC(C5)C3)C4)c[nH]c12,7.22
CCC1COc2cccc3c(=O)c(C(=O)NC45CC6CC(CC(C6)C4)C5)cn1c23,8.16
CCCCCn1cc(C(=O)NC23CC4CC(CC(C4)C2)C3)c(=O)c2cc(Br)cc(OC)c21,7.64
O=C(NC12CC3CC(CC(C3)C1)C2)c1c[nH]c2c(-c3ccccc3)cccc2c1=O,6.66
CCCCCn1c(=O)c(C(=O)NC23CC4CC(CC(C4)C2)C3)c(O)c2cc(Br)ccc21,7.53
CCCCOc1c(OC)ccc2cc(C(=O)NCCc3cn(CCF)nn3)c(=O)[nH]c12,5.62
CCCCOc1c(OC)ccc2cc(C(=O)NCCCF)c(=O)[nH]c12,7.24
CCCCOc1c(OC)ccc2cc(C(=O)NCc3ccc(F)cc3)c(=O)[nH]c12,8.55
CCCCOc1c(OC)ccc2cc(C(=O)NCCF)c(=O)[nH]c12,6.31
CCCCOc1c(OC)c([N+](=O)[O-])cc2cc(C(=O)NCCc3ccc(F)cc3)c(=O)[nH]c12,8.85
CCCCOc1c(OC)ccc2cc(C(=O)NCC(F)c3ccccc3)c(=O)[nH]c12,9.1
COc1ccc2cc(C(=O)NCC(F)c3ccccc3)c(=O)[nH]c2c1OC,7.66
CCCCOc1c(OC)ccc2cc(C(=O)NCc3cn(CCF)nn3)c(=O)[nH]c12,6.21
COc1ccc2cc(C(=O)NCCc3ccc(F)cc3)c(=O)[nH]c2c1OC,8.3
CCCCOc1c(OC)ccc2cc(C(=O)NCCc3ccc(F)cc3)c(=O)[nH]c12,8.62
CCCCCc1cc(O)c(CC=C(C)CCC=C(C)C)c(O)c1,6.06
CCCCCc1cc(O)c(CC=C(C)CCC=C(C)CCC=C(C)C)c(O)c1,6.75
CCCCCn1cc(C(=O)c2cccc(-c3ccccc3)c2)c2ccccc21,7.2
COCCn1cc(C(=O)Nc2ccc3ccccc3c2)c2ccccc21,6.5
COCCn1cc(C(=O)c2cccc3ccccc23)c2cccnc21,6.7
COCCn1cc(C(=O)c2cccc3ccccc23)c2ccncc21,7.6
COCCn1cc(C(=O)c2ccccc2-c2ccccc2)c2ccccc21,6.2
CCCCCn1cc(C(=O)c2ccc(-c3ccccc3)cc2)c2ccccc21,7.4
CCCCCn1cc(C(=O)Nc2cccc3ccccc23)c2ccccc21,7.0
CCCCCn1cc(C(=O)c2cccc3ccccc23)c2cnccc21,7.3
CCCCCn1cc(C(=O)c2cccc3ccccc23)c2ccncc21,6.3
CCCCCn1cc(C(=O)c2ccccc2-c2ccccc2)c2ccccc21,8.1
CCCCCn1cc(C(=O)c2cccc3ccccc23)c2cccnc21,7.3
COCCn1cc(C(=O)Nc2cccc3ccccc23)c2ccccc21,6.6
CCCCCn1cc(C(=O)Nc2ccc3ccccc3c2)c2ccccc21,6.2
CCCCCN1C(=O)C(=NNC(=O)CN(C)c2ccc([N+](=O)[O-])c3nonc23)c2ccc(OC)cc21,6.41
CCOC(=O)C(=Cc1cn(CCN2CCOCC2)c2ccccc12)C(=O)c1ccccc1,5.8
N#CC(=Cc1cn(CCN2CCCCC2)c2ccccc12)S(=O)(=O)c1ccccc1,8.12
CC1(C)C(C(=O)c2cn(CC3CCOCC3)c3c(CC4CCOCC4)c4c(cc23)OCO4)C1(C)C,8.99
N#CC(=Cc1cn(CCN2CCOCC2)c2ccccc12)S(=O)(=O)c1ccccc1,7.99
CCOC(=O)C(=Cc1cn(CCN2CCCCC2)c2ccccc12)C(=O)c1ccccc1,5.86
Cc1c(C(=O)Nc2cc[n+]([O-])cc2)nn(-c2ccc(Cl)cc2Cl)c1-c1ccc(Cl)cc1,5.34
Cc1ccc(NC(=O)c2nn(-c3ccc(Cl)cc3Cl)c(-c3ccc(Cl)cc3)c2C)cn1,5.4
Cc1c(C(=O)NCC2CCC(CNS(C)(=O)=O)CC2)nn(-c2ccc(Cl)cc2Cl)c1-c1ccc(Cl)cc1,6.05
Cc1c(C(=O)Nc2ccc(C)[n+](C)c2)nn(-c2ccc(Cl)cc2Cl)c1-c1ccc(Cl)cc1,5.64
Cc1c(C(=O)Nc2ccncc2)nn(-c2ccc(Cl)cc2Cl)c1-c1ccc(Cl)cc1,5.76
Cc1c(C(=O)NCC2CCC(CNS(N)(=O)=O)CC2)nn(-c2ccc(Cl)cc2Cl)c1-c1ccc(Cl)cc1,5.75
Cc1c(C(=O)NCCCCCCCNS(N)(=O)=O)nn(-c2ccc(Cl)cc2Cl)c1-c1ccc(Cl)cc1,6.0
Cc1c(C(=O)NCCCCCCCNS(C)(=O)=O)nn(-c2ccc(Cl)cc2Cl)c1-c1ccc(Cl)cc1,6.11
N#Cc1c(C(F)(F)F)ccc2c1oc1cccc(OS(=O)(=O)CCCC(F)(F)F)c12,5.74
N#Cc1c(C(F)(F)F)ccc2c1oc1cc(OS(=O)(=O)CCCC(F)(F)F)ccc12,6.5
N#Cc1c(C(F)(F)F)ccc2c1oc1c(OS(=O)(=O)CCCC(F)(F)F)cccc12,6.6
N#Cc1c(C(F)(F)F)ccc2c1Oc1c(cccc1OS(=O)(=O)CCCC(F)(F)F)C2,5.94
Cc1c(C(=O)NCc2ccc(Cl)c(Cl)c2)nn(-c2ccc(Cl)c(Cl)c2)c1-n1cccc1Cl,7.27
CCc1c(C(=O)NCc2ccc(Cl)c(Cl)c2)nn(-c2ccc(Cl)cc2Cl)c1-n1c(C)ccc1C,7.25
Cc1c(C(=O)NCc2ccc(Cl)c(Cl)c2)nn(-c2ccc(Cl)cc2Cl)c1-n1c(Cl)ccc1Cl,6.87
CCc1c(C(=O)NC2CCCCC2)nn(-c2ccc(Cl)cc2Cl)c1-n1c(C)ccc1C,6.12
CCc1c(C(=O)NC2CCCCC2)nn(-c2ccc(Cl)c(Cl)c2)c1-n1cccc1,9.29
Cc1c(C(=O)NC2CCCCC2)nn(-c2ccc(Cl)cc2Cl)c1-n1cc2c(c1)CCCC2,6.42
CCc1ccc(CC)n1-c1c(C)c(C(=O)NC2CCCCC2)nn1-c1ccc(Cl)c(Cl)c1,6.39
CCc1c(C(=O)NC2CCCCC2)nn(-c2ccc(Cl)c(Cl)c2)c1-n1c(C)ccc1C,8.77
Cc1c(C(=O)NCc2ccc(Cl)c(Cl)c2)nn(-c2ccc(Cl)cc2Cl)c1-n1cc2c(c1)CCCC2,7.14
Cc1c(C(=O)NC2CCCCC2)nn(-c2ccc(Cl)c(Cl)c2)c1-n1c(Cl)ccc1Cl,8.89
CCc1c(C(=O)NC2CCCCC2)nn(-c2ccc(Cl)cc2Cl)c1-n1cccc1,7.8
CCc1c(C(=O)NCc2ccc(Cl)c(Cl)c2)nn(-c2ccc(Cl)c(Cl)c2)c1-n1cccc1,7.53
Cc1c(C(=O)NC2CCCCC2)nn(-c2ccc(Cl)c(Cl)c2)c1-n1cccc1Cl,9.05
Cc1c(C(=O)NCc2ccc(Cl)c(Cl)c2)nn(-c2ccc(Cl)cc2Cl)c1-n1cccc1Cl,7.01
Cc1c(C(=O)NC2CCCCC2)nn(-c2ccc(Cl)cc2Cl)c1-n1c(Cl)ccc1Cl,7.72
CCc1c(C(=O)NCc2ccc(Cl)c(Cl)c2)nn(-c2ccc(Cl)cc2Cl)c1-n1cccc1,6.34
Cc1c(C(=O)NCc2ccc(Cl)c(Cl)c2)nn(-c2ccc(Cl)c(Cl)c2)c1-n1c(Cl)ccc1Cl,6.79
CCc1c(C(=O)NCc2ccc(Cl)c(Cl)c2)nn(-c2ccc(Cl)c(Cl)c2)c1-n1c(C)ccc1C,6.94
Cc1c(C(=O)NC2CCCCC2)nn(-c2ccc(Cl)cc2Cl)c1-n1cccc1Cl,7.74
CCCCCc1cc(O)cc(OCCCCCCOC(CO)CO)c1,6.04
CCCCCCC(C)(C)c1cc(O)cc(OCCCCCCCCOC(CO)CO)c1,6.96
CCCCCCC(C)(C)c1cc(O)cc(OCCCCCCCCCCCC(=O)OC(CO)CO)c1,6.1
CCCCCCC(C)(C)c1cc(O)cc(OCCCCCCCC(=O)OC(CO)CO)c1,6.1
CCCCCCC(C)(C)c1cc(O)cc(OCCCCCCOC(CO)CO)c1,6.72
CCCCCc1cc(O)cc(OCCCCCCCCOC(CO)CO)c1,5.94
CCCCCCc1ccc(OCCCCCCOC(CO)CO)cc1O,5.95
CCCCCCC(C)(C)c1cc(O)cc(OCCCCCCCCCCOC(CO)CO)c1,6.42
CCCCCCC(C)(C)c1cc(O)cc(OCCCCCCCCCCC(=O)OC(CO)CO)c1,6.1
CCCCCCc1ccc(O)cc1OCCCCCCCCCCC(=O)OCC(O)CO,5.32
CCCCCCC(C)(C)c1cc(O)cc(OCCCCCCCCCCC(=O)OCC(O)CO)c1,6.51
CCCCCCc1ccc(O)cc1OCCCCCCCC(=O)OC(CO)CO,5.75
CCCCCCC(C)(C)c1cc(O)cc(OCCCCCCCCCCCCOC(CO)CO)c1,5.78
CCCCCc1cc(O)cc(OCCCCCCCCCCC(=O)OC(CO)CO)c1,6.06
CCCCCc1cc(O)cc(OCCCCCCCC(=O)OC(CO)CO)c1,5.1
CCCCCCc1ccc(OCCCCCCCCCCC(=O)OCC(O)CO)cc1O,4.98
CCCCCc1cc(O)cc(OCCCCCCCCCCC(=O)OCC(O)CO)c1,5.1
CCCCCCc1ccc(OCCCCCCCC(=O)OC(CO)CO)cc1O,5.1
CCCCCCc1ccc(OCCCCCCCCCCC(=O)OC(CO)CO)cc1O,5.1
CCCCCC=CCC=CCC=CCC=CCCCC(=O)N(C)c1c(C)n(C)n(-c2ccccc2)c1=O,5.52
CCCCCC=CCC=CCC=CCC=CCCCC(=O)Nc1c(C)n(C)n(-c2ccccc2)c1=O,5.27
CCCCCOc1ccc(C(=O)c2cccc3ccccc23)c2ccccc12,7.72
C=CCn1c2c(c3cc(C(=O)N4CCC(C)CC4)ccc31)CN(CC1CC1)CC2,7.85
CCOc1ccc(Cc2nc3cc(N(C)S(=O)(=O)c4cccs4)ccc3n2CC2CCCCC2)nc1,9.25
CN(Cc1ccccc1)C(=O)N1CC(OC(c2ccc(Cl)cc2)c2cccnc2Cl)C1,6.31
CCCNC(=O)c1c(NC(=O)C2C(C)(C)C2(C)C)sc2c1CCOC2,7.04
O=C(c1c(NC(=O)C23CC4CC(CC2C4)C3)sc2c1CCOC2)N1CC(F)(F)C1,8.25
CCCNC(=O)c1c(NC(=O)C23CC4CC(CC(C4)O2)C3)sc2c1CCOC2,6.59
O=C(c1c(NC(=O)C23CC4CC(CC2C4)C3)sc2c1CCOC2)N1CCOCC1,7.04
CCCNC(=O)c1c(NC(=O)C23CC4CC(CC2C4)C3)sc2c1CCN(C)C2,7.04
CCCNC(=O)c1c(NC(=O)C23CC4CC(CC2C4)C3)sc2c1CCOC2,7.68
CCNC(=O)c1c(NC(=O)C23CC4CC(CC2C4)C3)sc2c1CCOC2,6.67
CCCNC(=O)c1c(NC(=O)C2CC3CCC2C3)sc2c1CCOC2,6.98
COc1cccc2c(-c3nsc(CN4CCN(CC(N)=O)CC4)n3)cn(CC3CCOCC3)c12,7.8
NC(=O)CN1CCN(Cc2nc(-c3cn(CC4CCOCC4)c4c(Cl)cccc34)no2)CC1,7.3
O=C(NCCO)C1CCCN(Cc2nc(-c3cn(CC4CCS(=O)(=O)CC4)c4c(Cl)cccc34)ns2)C1,7.7
O=C(NC1(C(=O)O)CCCCC1)c1cc2c(n(Cc3ccc(F)cc3)c1=O)CCCCCC2,7.8
CCN1CCCC1Cn1c2c(cc(C(=O)NC3(C(=O)O)CCCCC3)c1=O)CCCCCC2,5.67
O=C(NC1(C(=O)O)CCCCC1)c1cc2c(n(CC3CCCCC3)c1=O)CCCCCC2,8.17
CC(C)(NC(=O)c1cc2c(n(CC3CCCCC3)c1=O)CCCCCC2)C(=O)O,6.46
CCCCn1c(CC)c(C)cc(C(=O)NC2(C(=O)O)CCCCC2)c1=O,6.46
O=C(NC(C(=O)O)C1CCCCC1)c1cc2c(n(CC3CCCCC3)c1=O)CCCCCC2,6.96
O=C(NC1(C(=O)O)CCCCC1)c1cc2c(n(CC3CCCO3)c1=O)CCCCCC2,6.61
O=C(NC1(C(=O)O)CCCCCCC1)c1cc2c(n(CC3CCCCC3)c1=O)CCCCCC2,8.21
CCc1c(C)cc(C(=O)NC2(C(=O)O)CCCCC2)c(=O)n1Cc1ccc(F)cc1,7.44
COCCn1c2c(cc(C(=O)NC3(C(=O)O)CCCCC3)c1=O)CCCCCC2,6.53
CCCCn1c(CCC)c(Br)cc(C(=O)NC2(C(=O)O)CCCCC2)c1=O,6.42
CCCc1c(CC)cc(C(=O)NC2(C(=O)O)CCCCC2)c(=O)n1Cc1ccc(F)cc1,6.58
N#Cc1ccc(Cn2c3c(cc(C(=O)NC4(C(=O)O)CCCCC4)c2=O)CCCCCC3)cc1,6.84
CC(C)(NC(=O)c1cc2c(n(CC3CCCCC3)c1=O)CCCCCC2)C(=O)NN,8.55
CC(C)(NC(=O)c1cc2c(n(CC3CCCCC3)c1=O)CCCCCC2)C(=O)NCCCCCO,8.92
CC(=O)NCCNC(=O)C(C)(C)NC(=O)c1cc2c(n(CC3CCCCC3)c1=O)CCCCCC2,8.6
CC(C)(NC(=O)c1cc2c(n(CC3CCCCC3)c1=O)CCCCCC2)C(=O)N1CCC(C(N)=O)CC1,8.52
CN(C)CCNC(=O)C(C)(C)NC(=O)c1cc2c(n(CC3CCCCC3)c1=O)CCCCCC2,7.09
CC(C)(NC(=O)c1cc2c(n(CC3CCCCC3)c1=O)CCCCCC2)C(=O)NCC(=O)O,5.55
CC(C)(NC(=O)c1cc2c(n(CC3CCCCC3)c1=O)CCCCCC2)C(=O)N1CCC(O)CC1,8.96
CC(C)(NC(=O)c1cc2c(n(CC3CCCCC3)c1=O)CCCCCC2)C(=O)NCC(N)=O,8.22
COC(=O)C(C)(C)NC(=O)c1cc2c(n(CC3CCCCC3)c1=O)CCCCCC2,9.52
CC(C)(NC(=O)c1cc2c(n(CC3CCCCC3)c1=O)CCCCCC2)C(=O)NCCCO,9.0
CC(C)(NC(=O)c1cc2c(n(CC3CCCCC3)c1=O)CCCCCC2)C(=O)N1CCC(C(=O)NS(C)(=O)=O)CC1,6.89
CC(C)(NC(=O)c1cc2c(n(CC3CCCCC3)c1=O)CCCCCC2)C(=O)NNS(C)(=O)=O,8.14
CN(CCO)C(=O)C(C)(C)NC(=O)c1cc2c(n(CC3CCCCC3)c1=O)CCCCCC2,9.22
CC(C)(NC(=O)c1cc2c(n(CC3CCCCC3)c1=O)CCCCCC2)C(=O)NCCOCCO,9.22
CC(C)(NC(=O)c1cc2c(n(CC3CCCCC3)c1=O)CCCCCC2)C(=O)N1CCC(C(=O)O)CC1,6.42
CC(C)(NC(=O)c1cc2c(n(CC3CCCCC3)c1=O)CCCCCC2)C(=O)N1CCC(NS(C)(=O)=O)CC1,8.36
O=C(O)Cc1cnc(NC(=O)c2cc3c(n(CC4CCCCC4)c2=O)CCCCCC3)s1,8.34
O=C(NC(C(=O)O)c1ccccc1)c1cc2c(n(CC3CCCCC3)c1=O)CCCCCC2,8.92
CC(C)C(NC(=O)c1cc2c(n(CC3CCCCC3)c1=O)CCCCCC2)C(=O)O,6.94
O=C(O)c1cnc(NC(=O)c2cc3c(n(CC4CCCCC4)c2=O)CCCCCC3)s1,6.05
O=C(O)Cc1csc(NC(=O)c2cc3c(n(CC4CCCCC4)c2=O)CCCCCC3)n1,7.66
O=C(O)c1ccc(NC(=O)c2cc3c(n(CC4CCCCC4)c2=O)CCCCCC3)cc1,6.97
O=C(O)c1cccc(NC(=O)c2cc3c(n(CC4CCCCC4)c2=O)CCCCCC3)c1,6.21
O=C(O)Cc1cccc(NC(=O)c2cc3c(n(CC4CCCCC4)c2=O)CCCCCC3)c1,6.92
O=C(O)CCc1csc(NC(=O)c2cc3c(n(CC4CCCCC4)c2=O)CCCCCC3)n1,7.75
O=C(NC(Cc1ccccc1)C(=O)O)c1cc2c(n(CC3CCCCC3)c1=O)CCCCCC2,7.48
O=C(O)Cc1ccc(NC(=O)c2cc3c(n(CC4CCCCC4)c2=O)CCCCCC3)cc1,7.13
O=C(O)Cc1ccccc1NC(=O)c1cc2c(n(CC3CCCCC3)c1=O)CCCCCC2,7.34
O=C(O)c1ccc(CNC(=O)c2cc3c(n(CC4CCCCC4)c2=O)CCCCCC3)cc1,6.04
O=C(O)c1ccccc1NC(=O)c1cc2c(n(CC3CCCCC3)c1=O)CCCCCC2,6.74
O=C(NC1CCCCCC1)c1cccn(Cc2ccc(F)cc2)c1=O,8.11
O=C(NC1CCCCC1)c1cc2ccccc2nc1OCc1ccc(F)cc1,6.89
O=C(NC1CCCCC1)c1cccn(CCN2CCOCC2)c1=O,5.1
O=C(NC1CCCCC1)c1cccn(Cc2ccc(F)cc2)c1=O,7.7
O=C(NC1CCCCC1)c1cc2ccccc2n(CCN2CCOCC2)c1=O,8.05
O=C(NC1CCCCC1)c1c(O)c2cccnc2n(CCN2CCOCC2)c1=O,8.62
O=C(NC1CCCCC1)c1c(O)c2cccnc2n(Cc2ccccc2)c1=O,7.1
O=C(NC1CCCCCC1)c1c(O)c2cccnc2n(CCN2CCOCC2)c1=O,8.74
O=C(NC1CCCCCC1)c1cccn(CCN2CCOCC2)c1=O,6.1
O=C(NC1CCCCCC1)c1cccnc1OCc1ccc(F)cc1,7.6
O=C(NC1CCCCCC1)c1cc2ccccc2n(CCN2CCOCC2)c1=O,8.7
O=C(NC1CCCCC1)c1cc2ccccc2n(Cc2ccc(F)cc2)c1=O,8.54
O=C(NC1CCCCC1)c1cc2ccccc2n(Cc2ccccc2)c1=O,7.8
O=C(NC1CCCCCC1)c1cc2ccccc2n(Cc2ccc(F)cc2)c1=O,9.6
O=C(NC1CCCCC1)c1cccnc1OCc1ccc(F)cc1,6.6
O=C(NC1CCCCC1)c1cccn(Cc2ccccc2)c1=O,6.7
CNC(=O)CCCN(C)C(=O)c1ccc2c(c1)c1c(n2C)CCC(C2CCOCC2)C1,7.81
CN(CC(=O)NC1CC1)C(=O)c1ccc2c(c1)c1c(n2C)CCC(C2CCOCC2)C1,7.67
CCN1CCN(c2nc(C)nc3sc(-c4ccccc4)cc23)CC1,7.09
Cc1nc(N2CCN(C)CC2)c2nc(-c3ccccc3Cl)n(C3CCOC3)c2n1,7.7
CC1(C)Oc2cc(C(=O)c3cc4ccccc4o3)cc(O)c2C2CC(O)CCC21,6.68
Cn1cc(C(=O)c2cc(O)c3c(c2)OC(C)(C)C2CCC(O)CC32)c2ccccc21,5.52
CC1(C)Oc2cc(C(=O)c3ccccc3)cc(O)c2C2CC(O)CCC21,6.23
CC1(C)Oc2cc(C(=O)c3coc4ccccc34)cc(O)c2C2CC(O)CCC21,6.93
CC1(C)Oc2cc(C(=O)c3cccc(C(F)(F)F)c3)cc(O)c2C2CC(O)CCC21,7.43
CC1(C)Oc2cc(C(=O)c3ccsc3)cc(O)c2C2CC(O)CCC21,5.81
CC1(C)Oc2cc(C(=O)c3csc4ccccc34)cc(O)c2C2CC(O)CCC21,6.9
CC1(C)Oc2cc(C(=O)c3c[nH]c4ccccc34)cc(O)c2C2CC(O)CCC21,6.8
CC1(C)Oc2cc(C(=O)c3cc4ccccc4s3)cc(O)c2C2CC(O)CCC21,6.95
O=C(NC1CCCOc2c1nn(-c1ccccc1Cl)c2-c1ccc(Cl)cc1)C1CCOCC1,4.82
CCNC(=O)NC1CCCOc2c1nn(-c1ccccc1Cl)c2-c1ccc(Cl)cc1,4.83
CC(C)C(=O)NC1CCCOc2c1nn(-c1ccccc1Cl)c2-c1ccc(Cl)cc1,5.48
O=C(NC1CCCOc2c1nn(-c1ccccc1Cl)c2-c1ccc(Cl)cc1)c1ccno1,4.92
COCC(=O)NC1CCCOc2c1nn(-c1ccccc1Cl)c2-c1ccc(Cl)cc1,4.81
CC(=O)NC1CCCOc2c1nn(-c1ccccc1Cl)c2-c1ccc(Cl)cc1,4.69
N#CC1(C(=O)NC2CCCOc3c2nn(-c2ccccc2Cl)c3-c2ccc(Cl)cc2)CC1,4.67
O=C(NC1CCCOc2c1nn(-c1ccccc1Cl)c2-c1ccc(Cl)cc1)C1CCCCC1,6.02
O=C(NC1CCCOc2c1nn(-c1ccccc1Cl)c2-c1ccc(Cl)cc1)c1ccon1,4.77
CCOCC(=O)NC1CCCOc2c1nn(-c1ccccc1Cl)c2-c1ccc(Cl)cc1,5.18
CCC(=O)NC1CCCOc2c1nn(-c1ccccc1Cl)c2-c1ccc(Cl)cc1,4.78
CC(C)C(=O)N(C)C1CCCOc2c1nn(-c1ccccc1Cl)c2-c1ccc(Cl)cc1,5.06
O=C(NC1CCCCC1)N1CC(Cc2ccccc2)C(c2ccccc2)=N1,6.3
Cc1cc(C2=NN(C(=O)NC3CCCCC3)CC2C2CCCC2)ccc1Cl,5.44
CCCCCn1cc(C(=O)NN(C)C)c(=O)c2ccc(Sc3ccccc3)cc21,7.11
CC12CCC(C1)C(C)(C)C2NC(=O)c1c[nH]c2cc(F)ccc2c1=O,6.02
CCn1cc(C(=O)NC2C3(C)CCC(C3)C2(C)C)c(=O)c2ccc(F)cc21,8.14
CCCCCn1cc(C(=O)NN2CCCCC2)c(=O)c2ccc(Sc3ccccc3)cc21,7.88
CN(C)CCn1cc(C(=O)NC2C3(C)CCC(C3)C2(C)C)c(=O)c2ccc(F)cc21,8.1
Cc1cccc(Cn2cc(C(=O)NC3C4(C)CCC(C4)C3(C)C)c(=O)c3ccc(Sc4ccccc4)cc32)c1,6.86
CC12CCC(C1)C(C)(C)C2NC(=O)c1cn(CCCCO)c2cc(Sc3ccccc3)ccc2c1=O,8.6
CCCCCn1cc(C(=O)NCCN2CCOCC2)c(=O)c2ccc(Sc3ccccc3)cc21,6.93
COCCn1cc(C(=O)NC2C3(C)CCC(C3)C2(C)C)c(=O)c2ccc(Sc3ccccc3)cc21,8.96
Cc1cccc(Cn2cc(C(=O)NC3C4(C)CCC(C4)C3(C)C)c(=O)c3ccc(F)cc32)c1,7.5
CCCCCn1cc(C(=O)NCc2ccc(Cl)c(Cl)c2)c(=O)c2ccc(Br)cc21,6.89
CCCCn1cc(C(=O)NC2C3(C)CCC(C3)C2(C)C)c(=O)c2ccc(F)cc21,9.1
CCCCCn1cc(C(=O)N2CCCC2C(N)=O)c(=O)c2ccc(Sc3ccccc3)cc21,6.64
CCCCCn1cc(C(=O)NOC)c(=O)c2ccc(Sc3ccccc3)cc21,6.47
CCCn1cc(C(=O)NC2C3(C)CCC(C3)C2(C)C)c(=O)c2ccc(F)cc21,8.54
CCCCCn1cc(C(=O)NOCc2ccccc2)c(=O)c2ccc(Sc3ccccc3)cc21,7.71
CCCCCn1cc(C(=O)NC2C3(C)CCC(C3)C2(C)C)c(=O)c2ccc(Sc3ccccc3)cc21,10.05
CC12CCC(C1)C(C)(C)C2NC(=O)c1cn(CCCCO)c2cc(F)ccc2c1=O,7.82
CCCCCn1cc(C(=O)NC2C3(C)CCC(C3)C2(C)C)c(=O)c2ccc(F)cc21,9.52
CCCCCn1cc(C(=O)NC(CC)CO)c(=O)c2ccc(Sc3ccccc3)cc21,7.7
C=Cn1cc(C(=O)NC2C3(C)CCC(C3)C2(C)C)c(=O)c2ccc(F)cc21,7.82
CCCCCn1cc(C(=O)NC(C)C)c(=O)c2ccc(Sc3ccccc3)cc21,7.83
CN(C)CCn1cc(C(=O)NC2C3(C)CCC(C3)C2(C)C)c(=O)c2ccc(Sc3ccccc3)cc21,8.89
CCCCn1cc(C(=O)NC2C3(C)CCC(C3)C2(C)C)c(=O)c2ccc(Sc3ccccc3)cc21,10.0
COCCn1cc(C(=O)NC2C3(C)CCC(C3)C2(C)C)c(=O)c2ccc(F)cc21,8.26
Cn1cc(C(=O)NC2C3(C)CCC(C3)C2(C)C)c(=O)c2ccc(Sc3ccccc3)cc21,7.8
CCCCCn1cc(C(=O)NC2CN3CCC2CC3)c(=O)c2ccc(Sc3ccccc3)cc21,7.05
Cn1cc(C(=O)NC2C3(C)CCC(C3)C2(C)C)c(=O)c2ccc(F)cc21,7.03
CC12CCC(C1)C(C)(C)C2NC(=O)c1cn(CCCCSc2ccccc2)c2cc(Sc3ccccc3)ccc2c1=O,8.19
CCN(CC)CCOc1cccc(C(=O)c2c(-c3ccc(OCCCCCCCN(C)Cc4ccccc4)cc3)oc3ccccc23)c1,6.16
CCN(CC)CCOc1ccc(C(=O)c2c(-c3ccc(OCCCCCCCN(C)Cc4ccccc4)cc3)oc3ccccc23)cc1,5.93
CN(CCCCCCCOc1ccc(-c2oc3ccccc3c2C(=O)c2ccc(-c3ccccc3)cc2)cc1)Cc1ccccc1,5.75
CN(CCCCCCCOc1ccc(-c2oc3ccccc3c2C(=O)c2ccc(OCCN3CCOCC3)cc2)cc1)Cc1ccccc1,6.24
CC1Oc2cccc3c(=O)c(C(=O)NC4CCCCC4)cn(c23)C1c1ccccc1,6.27
CCC1COc2cccc3c(=O)c(C(=O)NC(C)CCC(C)C)cn1c23,7.8
Cc1cc2c3c(c1)c(=O)c(C(=O)NC1CCCCC1)cn3C(c1ccccc1)CO2,7.74
CC1COc2cccc3c(=O)c(C(=O)NC4CCCCC4)cn1c23,7.62
CC1COc2cccc3c(=O)c(C(=O)NC45CC6CC(CC(C6)C4)C5)cn1c23,7.33
CCC1COc2cccc3c(=O)c(C(=O)Nc4nccs4)cn1c23,6.58
O=C(NC1CCCCC1)c1cn2c3c(cccc3c1=O)OCC2C1CC1,7.82
CCCC1COc2cccc3c(=O)c(C(=O)NC45CC6CC(C)(CC(C)(C6)C4)C5)cn1c23,8.44
O=C(NC12CC3CC(CC(C3)C1)C2)c1cn2c3c(cccc3c1=O)OCC2C1CC1,8.05
Cc1ccc(C2COc3cccc4c(=O)c(C(=O)NC5CCCCC5)cn2c34)cc1,6.33
CC1(C)COc2cccc3c(=O)c(C(=O)NC45CC6CC(CC(C6)C4)C5)cn1c23,7.25
CCCC1COc2ccc(C)c3c(=O)c(C(=O)NC45CC6CC(CC(C6)C4)C5)cn1c23,7.98
CCC1COc2cccc3c(=O)c(C(=O)NC4CCCCCC4)cn1c23,8.38
O=C(NC1CCCCCC1)c1cn2c3c(cccc3c1=O)OCC2c1ccccc1,9.09
CC(C)CC1COc2cccc3c(=O)c(C(=O)NC45CC6CC(CC(C6)C4)C5)cn1c23,8.03
CCC1COc2c(F)c(F)cc3c(=O)c(C(=O)NC45CC6CC(CC(C6)C4)C5)cn1c23,7.48
O=C(NC1CCCC1)c1cn2c3c(cccc3c1=O)OCC2c1ccccc1,7.01
CCC1COc2c(N3CCCC3)ccc3c(=O)c(C(=O)NC45CC6CC(CC(C6)C4)C5)cn1c23,8.09
CC1Oc2cccc3c(=O)c(C(=O)NC45CC6CC(CC(C6)C4)C5)cn(c23)C1c1ccccc1,6.48
O=C(NC12CC3CC(CC(C3)C1)C2)c1cn2c3c(cccc3c1=O)OCC2Cc1ccccc1,8.43
CCC1COc2c(F)ccc3c(=O)c(C(=O)NC45CC6CC(CC(C6)C4)C5)cn1c23,8.13
CC12CC3CC(C)(C1)CC(NC(=O)c1cn4c5c(cccc5c1=O)OCC4c1ccccc1)(C3)C2,8.46
CC(C)C1COc2cccc3c(=O)c(C(=O)NC45CC6CC(CC(C6)C4)C5)cn1c23,8.91
CCCC1COc2cccc3c(=O)c(C(=O)NC45CC6CC(CC(C6)C4)C5)cn1c23,8.63
CCC1COc2c(N3CCN(C)CC3)ccc3c(=O)c(C(=O)NC45CC6CC(CC(C6)C4)C5)cn1c23,7.38
O=C(NC1CCCCC1)c1cn2c3c(cccc3c1=O)OCC2c1ccccc1,8.6
Cc1ccc(C2COc3cccc4c(=O)c(C(=O)NC56CC7CC(CC(C7)C5)C6)cn2c34)cc1,6.38
CC1COc2cccc3c(=O)c(C(=O)NC4CCCCCC4)cn1c23,7.42
O=C(NC12CC3CC(CC(C3)C1)C2)c1cn2c3c(cccc3c1=O)OCC2c1ccccc1,7.85
CCCC1COc2cccc3c(=O)c(C(=O)NC4CCCCC4)cn1c23,9.49
CCC1COc2c(OC)ccc3c(=O)c(C(=O)NC45CC6CC(CC(C6)C4)C5)cn1c23,8.17
CCC1COc2cccc3c(=O)c(C(=O)NC4C5CC6CC(C5)CC4C6)cn1c23,7.88
CCC1COc2cccc3c(=O)c(C(=O)NC4CCCCC4)cn1c23,7.66
CCC1COc2cccc3c(=O)c(C(=O)N(C(C)C)C(C)C)cn1c23,7.07
CCCCCn1cc(C(=O)NCC23CC4CC(CC(C4)C2)C3)c(=O)cc1C(C)(C)C,7.99
CCCCCn1cc(C(=O)NCC2CC2)c(=O)cc1C(C)(C)C,7.85
CCCCCn1cc(C(=O)NC2C3CC4CC(C3)CC2C4)c(=O)cc1C(C)(C)C,8.02
CCCCCn1cc(C(=O)NC(C)C23CC4CC(CC(C4)C2)C3)c(=O)cc1C,8.19
CCCCCn1cc(C(=O)NC23CC4CC(CC(C4)C2)C3)c(=O)c(-c2ccc(CC)cc2)c1C,7.26
CCCCCn1cc(C(=O)Nc2ccccc2)c(=O)cc1C(C)(C)C,8.04
Cc1cc(=O)c(C(=O)NC23CC4CC(CC(C4)C2)C3)cn1CCC1CCOCC1,6.71
CCCCCn1cc(C(=O)NC2CCCCC2)c(=O)cc1C,7.61
CCCCCn1cc(C(=O)NC2C3CC4CC(C3)CC2C4)c(=O)cc1C,9.59
CCCCCn1cc(C(=O)NC23CC4CC(CC(C4)C2)C3)c(=O)c(-c2ccncc2)c1C,7.44
CCCCCn1cc(C(=O)NC23CC4CC(CC(C4)C2)C3)c(=O)c(-c2ccccc2)c1C,6.72
Cc1cc(=O)c(C(=O)NC23CC4CC(CC(C4)C2)C3)cn1CC1CCOCC1,7.62
Cc1cc(=O)c(C(=O)NC23CC4CC(CC(C4)C2)C3)cn1CCCC(F)(F)F,9.55
CCCCCn1cc(C(=O)NCC23CC4CC(CC(C4)C2)C3)c(=O)cc1C,7.82
CCCCCn1cc(C(=O)NC23CC4CC(CC(C4)C2)C3)c(=O)c(C2CC2)c1C,7.87
CCCCCn1cc(C(=O)NC23CC4CC(CC(C4)C2)C3)c(=O)c(I)c1C,7.68
CCCCCn1cc(C(=O)NC(C)C23CC4CC(CC(C4)C2)C3)c(=O)cc1C(C)(C)C,8.05
O=C(Cc1ccccc1)NC(C=Cc1ccccc1)NC(=O)Cc1ccccc1,5.25
O=C(Cc1ccccc1)NC(NC(=O)Cc1ccccc1)c1ccc(C(F)(F)F)cc1,6.22
O=C(Cc1ccccc1)NC(NC(=O)Cc1ccccc1)c1ccc(N2CCCCC2)cc1,6.22
CCOc1ccc(C(NC(=O)Cc2ccccc2)NC(=O)Cc2ccccc2)cc1,5.82
O=C(Cc1ccc(Cl)cc1)NC(NC(=O)Cc1ccc(Cl)cc1)c1ccc(C(F)(F)F)cc1,7.0
CCCN(CCC)c1ccc(C(NC(=O)Cc2ccccc2)NC(=O)Cc2ccccc2)cc1,7.66
CCCCCC(=O)NC(NC(=O)CCCCC)c1ccc(N(CC)CC)cc1,7.6
CC(C)c1ccc(C(NC(=O)Cc2ccccc2)NC(=O)Cc2ccccc2)cc1,7.07
CCCCC(=O)NC(NC(=O)CCCC)c1ccc(N(CC)CC)cc1,6.74
CCCCCCCCCC(=O)NC(NC(=O)CCCCCCCCC)c1ccc(N(CC)CC)cc1,6.8
Nc1ccc(C(NC(=O)Cc2ccccc2)NC(=O)Cc2ccccc2)cc1,4.9
O=C(Cc1ccccc1)NC(NC(=O)Cc1ccccc1)c1cccc(F)c1,4.9
CCN(CC)c1ccc(C(NC(=O)CCc2ccccc2)NC(=O)CCc2ccccc2)cc1,6.67
Cc1ccc(C(NC(=O)Cc2ccccc2)NC(=O)Cc2ccccc2)cc1,6.31
O=C(Cc1ccccc1)NC(NC(=O)Cc1ccccc1)c1ccc(N2CCCC2)cc1,7.15
O=C(Cc1ccccc1)NC(NC(=O)Cc1ccccc1)c1ccccc1C(F)(F)F,4.93
O=C(Cc1ccc(Cl)cc1)NC(NC(=O)Cc1ccc(Cl)cc1)c1ccccc1F,4.96
CCCCCC(NC(=O)Cc1ccccc1)NC(=O)Cc1ccccc1,4.74
CCN(CC)c1ccc(C(NC(=O)C(C)(C)C)NC(=O)C(C)(C)C)cc1,5.45
O=C(Cc1ccccc1)NC(NC(=O)Cc1ccccc1)c1ccc(F)cc1,4.96
O=C(Cc1ccccc1)NC(NC(=O)Cc1ccccc1)c1ccc(Br)cc1,5.65
CC(C)Oc1ccc(C(NC(=O)Cc2ccccc2)NC(=O)Cc2ccccc2)cc1,6.5
CCCCCCCC(=O)NC(NC(=O)CCCCCCC)c1ccc(N(CC)CC)cc1,6.84
O=C(Cc1ccccc1)NC(NC(=O)Cc1ccccc1)c1ccc(Cl)cc1,5.51
O=C(Cc1ccccc1)NC(NC(=O)Cc1ccccc1)c1ccccc1,5.0
O=C(Cc1ccccc1)NC(NC(=O)Cc1ccccc1)c1ccccc1F,4.45
COc1ccc(C(NC(=O)Cc2ccc(Cl)cc2)NC(=O)Cc2ccc(Cl)cc2)cc1,6.51
CCN(CC)c1ccc(C(NC(=O)C(C)C)NC(=O)C(C)C)cc1,5.58
O=C(Cc1ccc(Cl)cc1)NC(NC(=O)Cc1ccc(Cl)cc1)c1ccc(Cl)cc1,6.81
O=C(Cc1ccccc1)NC(NC(=O)Cc1ccccc1)c1ccc(N(Cc2ccccc2)Cc2ccccc2)cc1,6.69
O=C(Cc1ccc(Cl)cc1)NC(NC(=O)Cc1ccc(Cl)cc1)c1ccccc1C(F)(F)F,6.8
O=C(Cc1ccccc1)NC(CCc1ccccc1)NC(=O)Cc1ccccc1,5.03
CN(C)c1ccc(C(NC(=O)Cc2ccccc2)NC(=O)Cc2ccccc2)cc1,6.11
CCN(CC)c1ccc(C(NC(=O)c2ccccc2)NC(=O)c2ccccc2)cc1,6.16
COc1ccc(C(NC(=O)Cc2ccccc2)NC(=O)Cc2ccccc2)cc1,6.11
CCCCN(CCCC)c1ccc(C(NC(=O)Cc2ccccc2)NC(=O)Cc2ccccc2)cc1,6.66
CCN(CC)c1ccc(C(NC(=O)C=Cc2ccccc2)NC(=O)C=Cc2ccccc2)cc1,6.78
O=S(=O)(NC1CCN(c2ncnc3c2nc(-c2ccccc2Cl)n3-c2ccc(Cl)cc2)CC1)c1ccccc1,5.23
CC(C)(C)OC(=O)N1CCC(Nc2ncnc3c2nc(-c2ccccc2Cl)n3-c2ccc(Cl)cc2)CC1,4.85
CC(C)(C)NC(=O)NC1(c2ccccc2)CCN(c2ncnc3c2nc(-c2ccccc2Cl)n3-c2ccc(Cl)cc2)CC1,4.7
CCCCNC(=O)NC1CCN(c2ncnc3c2nc(-c2ccccc2Cl)n3-c2ccc(Cl)cc2)CC1,5.81
CC(C)(C)OC(=O)NC1(c2ccccc2)CCN(c2ncnc3c2nc(-c2ccccc2Cl)n3-c2ccc(Cl)cc2)CC1,4.86
CCCNC(=O)NC1CCN(c2ncnc3c2nc(-c2ccccc2Cl)n3-c2ccc(Cl)cc2)CC1,6.82
Cc1c(C(=O)N2CCC(C(N)=O)(c3ccccc3)CC2)nn(-c2ccc(Cl)cc2Cl)c1-c1ccc(Cl)cc1,5.26
CC(C)(C)OC(=O)NC1CCN(c2ncnc3c2nc(-c2ccccc2Cl)n3-c2ccc(Cl)cc2)CC1,5.77
CS(=O)(=O)NC1CCN(c2ncnc3c2nc(-c2ccccc2Cl)n3-c2ccc(Cl)cc2)CC1,5.97
CCNC(=O)NC1(c2ccccc2)CCN(c2ncnc3c2nc(-c2ccccc2Cl)n3-c2ccc(Cl)cc2)CC1,5.33
CC(C)NC(=O)NC1(c2ccccc2)CCN(c2ncnc3c2nc(-c2ccccc2Cl)n3-c2ccc(Cl)cc2)CC1,5.05
CS(=O)(=O)NC1(c2ccccc2)CCN(c2ncnc3c2nc(-c2ccccc2Cl)n3-c2ccc(Cl)cc2)CC1,6.02
CC(C)NC(=O)NC1CCN(c2ncnc3c2nc(-c2ccccc2Cl)n3-c2ccc(Cl)cc2)CC1,5.61
NC1(c2ccccc2)CCN(c2ncnc3c2nc(-c2ccccc2Cl)n3-c2ccc(Cl)cc2)CC1,5.78
NC(=O)C1(c2ccccc2)CCN(c2ncnc3c2nc(-c2ccccc2Cl)n3-c2ccc(Cl)cc2)CC1,5.26
CCCNC(=O)NC1(c2ccccc2)CCN(c2ncnc3c2nc(-c2ccccc2Cl)n3-c2ccc(Cl)cc2)CC1,5.11
CCCCCc1cc(O)c2cc(Cc3ccccc3O)c(=O)oc2c1,5.32
CCCCCc1cc(OC)c2cc(Cc3ccccc3Cl)c(=O)oc2c1,6.73
CCCCCc1cc(O)c2cc(Cc3cccc(Cl)c3)c(=O)oc2c1,5.66
CCCCCCC(C)(C)c1cc(O)c2cc(Cc3ccccc3)c(=O)oc2c1,6.33
CCCCCc1cc(OC)c2cc(Cc3ccccc3C)c(=O)oc2c1,6.39
CCCCCc1cc(OC)c2cc(Cc3cccc(Cl)c3)c(=O)oc2c1,6.46
CCCCCCC(C)(C)c1cc(OC)c2cc(Cc3ccccc3OC)c(=O)oc2c1,5.52
CCCCCc1cc(O)c2cc(Cc3cccc(O)c3)c(=O)oc2c1,5.29
COc1cccc(Cc2cc3c(OC)cc(Br)cc3oc2=O)c1,5.61
CCCCCCC(C)(C)c1cc(OC)c2cc(Cc3ccccc3)c(=O)oc2c1,5.38
CCCCCc1cc(OC)c2cc(Cc3ccccc3)c(=O)oc2c1,6.57
CCCCCc1cc(O)c2cc(Cc3ccccc3C)c(=O)oc2c1,5.45
CCCCCc1cc(O)c2cc(Cc3cccc(C)c3)c(=O)oc2c1,5.75
CCCCCCCC(C)(C)c1cc(OC)c2cc(Cc3ccccc3OC)c(=O)oc2c1,5.0
CCCCCc1cc(OC)c2cc(Cc3cccc(OC)c3)c(=O)oc2c1,6.84
CCCCCCCC(C)(C)c1cc(O)c2cc(Cc3ccccc3O)c(=O)oc2c1,6.54
CCCCC1(c2cc(OC)c3cc(Cc4ccccc4OC)c(=O)oc3c2)CCCC1,5.94
CCCCCc1cc(O)c2cc(Cc3ccccc3)c(=O)oc2c1,5.78
COc1cccc(Cc2cc3c(OC)cc(CBr)cc3oc2=O)c1,4.88
CCCCCc1cc(O)c2cc(Cc3ccccc3Cl)c(=O)oc2c1,5.71
CCCCCCC(C)(C)c1cc(O)c2cc(Cc3ccccc3O)c(=O)oc2c1,6.68
CCCCCc1cc(OC)c2cc(Cc3cccc(C)c3)c(=O)oc2c1,6.41
CCCn1cc(C(=O)c2ccc(F)c3ccccc23)c2ccccc21,7.48
CCCn1c(C)c(C(=O)c2cccc3cccc(I)c23)c2ccccc21,6.27
CCCn1c(C)c(C(=O)c2ccc(Br)c3ccccc23)c2ccccc21,7.51
CCCCCn1cc(C(=O)c2ccc(Cl)c3ccccc23)c2ccccc21,8.55
CCCCCn1c(C)c(C(=O)c2ccc(Br)c3ccccc23)c2ccccc21,8.55
CCCn1cc(C(=O)c2cccc3cccc(Cl)c23)c2ccccc21,6.87
CCCCCn1c(C)c(C(=O)c2ccc(I)c3ccccc23)c2ccccc21,8.68
CCCCCn1cc(C(=O)c2cccc3cccc(Cl)c23)c2ccccc21,8.0
CCCn1cc(C(=O)c2ccc(Br)c3ccccc23)c2ccccc21,7.57
CCCn1cc(C(=O)c2cccc3cccc(Br)c23)c2ccccc21,6.72
CCCCCn1c(C)c(C(=O)c2ccc(F)c3ccccc23)c2ccccc21,8.66
CCCCCn1cc(C(=O)c2ccc(Br)c3ccccc23)c2ccccc21,8.96
CCCn1cc(C(=O)c2cccc3cccc(I)c23)c2ccccc21,6.82
CCCCCn1c(C)c(C(=O)c2cccc3cccc(Br)c23)c2ccccc21,8.0
CCCn1c(C)c(C(=O)c2ccc(I)c3ccccc23)c2ccccc21,7.7
CCCCCn1c(C)c(C(=O)c2ccc(Cl)c3ccccc23)c2ccccc21,8.64
CCCCCn1cc(C(=O)c2ccc(I)c3ccccc23)c2ccccc21,8.89
CCCn1c(C)c(C(=O)c2cccc3cccc(Br)c23)c2ccccc21,6.56
CCCCCn1cc(C(=O)c2cccc3cccc(Br)c23)c2ccccc21,8.27
CCCn1c(C)c(C(=O)c2ccc(F)c3ccccc23)c2ccccc21,7.42
CCCCCn1cc(C(=O)c2cccc3cccc(I)c23)c2ccccc21,8.48
CCCCCn1cc(C(=O)c2ccc(F)c3ccccc23)c2ccccc21,8.49
CCCn1c(C)c(C(=O)c2ccc(Cl)c3ccccc23)c2ccccc21,7.66
CCCCCn1c(C)c(C(=O)c2cccc3cccc(Cl)c23)c2ccccc21,7.72
CCCn1c(C)c(C(=O)c2cccc3cccc(Cl)c23)c2ccccc21,6.76
CCCCCn1c(C)c(C(=O)c2cccc3cccc(I)c23)c2ccccc21,7.89
CCCn1cc(C(=O)c2ccc(Cl)c3ccccc23)c2ccccc21,7.36
O=C(Nc1sc2c(c1C(=O)N1CC(F)(F)C1)CCOC2)c1c(F)cccc1C(F)(F)F,6.35
O=C(Nc1sc2c(c1C(=O)N1CCCCC1)CCOC2)c1ccccc1C(F)(F)F,6.62
O=C(Nc1sc2c(c1C(=O)N1CC(F)(F)C1)CCOC2)c1ccccc1OC(F)(F)F,6.62
COCCNC(=O)c1c(NC(=O)c2ccccc2C(F)(F)F)sc2c1CCOC2,6.0
O=C(Nc1sc2c(c1C(=O)N1CC(F)(F)C1)CCOC2)c1ccccc1C(F)(F)F,7.09
COC1CN(C(=O)c2c(NC(=O)c3ccccc3C(F)(F)F)sc3c2CCOC3)C1,6.05
O=C(Nc1sc2c(c1C(=O)N1CCCCC1)CCOC2)c1ccccc1OC(F)(F)F,6.46
CCCCCn1cc(C(=O)NC(C)CCC(C)C)c(=O)c2c(C)nn(C)c21,6.67
CCCCCn1cc(C(=O)NC2CCCCC2)c(=O)c2c(CC)nn(C)c21,6.33
CCCCCn1cc(C(=O)NC23CC4CC(CC(C4)C2)C3)c(=O)n2ncnc12,7.7
CCCCCn1cc(C(=O)NC23CC4CC(CC(C4)C2)C3)c(=O)n2nc(-c3ccccc3)nc12,8.45
CCCCCn1cc(C(=O)NC2CCCCC2)c(=O)c2c(-c3ccc(Cl)cc3)nn(C)c21,5.44
CCCCCn1cc(C(=O)NC23CC4CC(CC(C4)C2)C3)c(=O)c2c(C)nn(C)c21,8.02
CCCCCn1cc(C(=O)NC23CC4CC(CC(C4)C2)C3)c(=O)c2c(C)csc21,8.95
CCCCCn1cc(C(=O)NC23CC4CC(CC(C4)C2)C3)c(=O)c2c(C)noc21,7.68
CCCCCn1cc(C(=O)NCC2CCCCC2)c(=O)c2c(C)nn(C)c21,6.43
CCCCCn1cc(C(=O)NC2CCCCCC2)c(=O)c2cnn(C)c21,6.99
CCCCCn1cc(C(=O)NC23CC4CC(C)(CC(C)(C4)C2)C3)c(=O)c2c(C)nn(C)c21,8.01
CCCCCn1cc(C(=O)NC2CCCCCC2)c(=O)c2c(C)csc21,8.16
CCCCCn1cc(C(=O)NC2CCCCC2)c(=O)c2c(C)csc21,7.91
CCCCCn1cc(C(=O)Nc2ccccc2)c(=O)c2c(C)nn(C)c21,6.28
Cc1nn(C)c2c1c(=O)c(C(=O)NC1CCCCC1)cn2Cc1ccccc1,6.02
CCCCCn1cc(C(=O)NC2CCCCC2)c(=O)c2c(C(C)(C)C)nn(C)c21,5.45
CCCCCn1cc(C(=O)NC23CC4CC(CC(C4)C2)C3)c(=O)c2cnn(C)c21,7.94
CCCCCn1cc(C(=O)NC2CCCCC2)c(=O)c2c(C)noc21,8.06
CCCCCn1cc(C(=O)NC2CCCCCC2)c(=O)c2c(C)nn(C)c21,7.95
CCCCCn1cc(C(=O)NC2CCC(C)CC2)c(=O)c2c(C)nn(C)c21,7.97
CCCCCn1cc(C(=O)NC2CCCCC2)c(=O)c2c(C)nn(C)c21,7.07
CCCCCCn1cc(C(=O)NC2CCCCC2)c(=O)c2c(C)nn(C)c21,6.49
CCCCn1cc(C(=O)NC2CCCCC2)c(=O)c2c(C)nn(C)c21,6.86
CCCCCn1cc(C(=O)NC23CC4CC(CC(C4)C2)C3)c(=O)c2c(CC)nn(C)c21,7.43
CCCCCn1cc(C(=O)NC23CC4CC(CC(C4)C2)C3)c(=O)c2c(C(C)(C)C)nn(C)c21,6.44
CCCCCn1cc(C(=O)NC23CC4CC(CC(C4)C2)C3)c(=O)c2c(C)c(C)sc21,8.48
CCCn1cc(C(=O)NC2CCCCC2)c(=O)c2c(C)nn(C)c21,6.38
CCCCCn1cc(C(=O)NC2CCCCCC2)c(=O)c2c(-c3ccc(Cl)cc3)nn(C)c21,5.55
CCCCCn1cc(C(=O)NCc2ccccc2)c(=O)c2c(C)nn(C)c21,5.44
CCCCCn1cc(C(=O)NC2CCCCCC2)c(=O)c2c(C)noc21,7.73
CCCCCn1cc(C(=O)NC2CCCCC2)c(=O)c2cnn(C)c21,6.62
CCCCCCCN(Cc1ccc(N(CC)CC)cc1)C(=O)Cc1ccccc1,5.88
CCCCCCCC(=O)N(Cc1ccc(N(CC)CC)cc1)C12CC3CC(CC(C3)C1)C2,6.2
CCN(CC)c1ccc(CN(c2ccc(C)cc2)S(=O)(=O)c2ccccc2)cc1,8.47
CCCCCCCN(Cc1ccc(N(CC)CC)cc1)S(=O)(=O)c1ccc(F)cc1,5.96
CCN(CC)c1ccc(CN(c2ccc(Cl)cc2)S(=O)(=O)c2ccccc2)cc1,7.9
CCCCCCCN(Cc1ccc(N(CC)CC)cc1)S(=O)(=O)CCCC,6.17
CCN(CC)c1ccc(CN(c2ccc(C)cc2)S(=O)(=O)c2ccc(F)cc2)cc1,8.25
CCN(CC)c1ccc(CN(c2ccc(Cl)cc2)S(=O)(=O)c2cccc(C)c2)cc1,8.55
CCN(CC)c1ccc(CN(c2ccc(Cl)cc2)S(=O)(=O)c2ccc(C(C)C)cc2)cc1,6.65
CCCCCCCN(Cc1ccc(N(CC)CC)cc1)S(=O)(=O)c1ccc(C(C)C)cc1,4.89
CCN(CC)c1ccc(CN(C23CC4CC(CC(C4)C2)C3)S(=O)(=O)c2ccc(F)cc2)cc1,7.6
CCN(CC)c1ccc(CN(C(=O)C2CCCCC2)c2ccc(C)cc2)cc1,6.65
CCN(CC)c1ccc(CN(c2ccc(C)cc2)S(=O)(=O)c2cccc(C)c2)cc1,8.24
CCCCCCCN(Cc1ccc(N(CC)CC)cc1)C(=O)Cc1ccc(Cl)cc1,6.16
CCCCCCCN(Cc1ccc(N(CC)CC)cc1)S(=O)(=O)c1ccc(C)cc1,5.56
CCN(CC)c1ccc(CNC23CC4CC(CC(C4)C2)C3)cc1,4.7
CCN(CC)c1ccc(CN(c2ccc(Cl)cc2)S(=O)(=O)c2ccc(F)cc2)cc1,7.14
CCCCCCCN(Cc1ccc(N(CC)CC)cc1)S(=O)(=O)c1cccc(C)c1,5.64
CCN(CC)c1ccc(CN(C(=O)Cc2ccccc2)c2ccc(C)cc2)cc1,7.14
CCCCCCCN(Cc1ccc(N(CC)CC)cc1)S(=O)(=O)c1ccc(OC)cc1,5.29
CCN(CC)c1ccc(CN(C(=O)Cc2ccc(Cl)cc2)C23CC4CC(CC(C4)C2)C3)cc1,7.42
CCN(CC)c1ccc(CNc2ccc(Cl)cc2)cc1,5.17
CCN(CC)c1ccc(CN(C23CC4CC(CC(C4)C2)C3)S(=O)(=O)c2ccc(C(C)C)cc2)cc1,6.34
CCN(CC)c1ccc(CN(c2ccc(Cl)cc2)S(=O)(=O)c2ccc(OC)cc2)cc1,7.85
CCCCCCCN(Cc1ccc(N(CC)CC)cc1)C(=O)c1ccc(N(C)C)cc1,5.89
Cc1ccc(S(=O)(=O)N(CCc2ccc(Cl)cc2)S(=O)(=O)c2ccc(C)cc2)cc1,6.72
CCN(CC)c1ccc(CN(C(=O)C2CCCCC2)C23CC4CC(CC(C4)C2)C3)cc1,7.46
CCN(CC)c1ccc(CN(C23CC4CC(CC(C4)C2)C3)S(=O)(=O)c2cccc(C)c2)cc1,7.72
CCN(CC)c1ccc(CN(C(=O)Cc2ccc(Cl)cc2)c2ccc(C)cc2)cc1,6.97
CCN(CC)c1ccc(CN(c2ccc(C)cc2)S(=O)(=O)c2ccc(C(C)C)cc2)cc1,8.37
CCN(CC)c1ccc(CN(c2ccc(Cl)cc2)S(=O)(=O)c2ccc(Cl)cc2)cc1,7.44
CCN(CC)c1ccc(CN(c2ccc(C)cc2)S(=O)(=O)c2ccc(OC)cc2)cc1,9.3
CCN(CC)c1ccc(CN(C23CC4CC(CC(C4)C2)C3)S(=O)(=O)c2ccc(Cl)cc2)cc1,6.76
CCN(CC)c1ccc(CN(C(=O)Cc2ccccc2)C23CC4CC(CC(C4)C2)C3)cc1,7.22
CCN(CC)c1ccc(CN(C23CC4CC(CC(C4)C2)C3)S(=O)(=O)c2ccc(OC)cc2)cc1,6.86
CCN(CC)c1ccc(CN(c2ccc(Cl)cc2)S(=O)(=O)c2ccc(C)cc2)cc1,7.43
CCCCCCCN(Cc1ccc(N(CC)CC)cc1)S(=O)(=O)Cc1ccccc1,6.56
CCN(CC)c1ccc(CN(c2ccc(C)cc2)S(=O)(=O)c2ccc(C)cc2)cc1,8.27
CCN(CC)c1ccc(CN(C23CC4CC(CC(C4)C2)C3)S(=O)(=O)c2ccc(C)cc2)cc1,7.33
CCN(CC)c1ccc(CN(C23CC4CC(CC(C4)C2)C3)S(=O)(=O)c2ccccc2)cc1,7.08
CCN(CC)c1ccc(CN(c2ccccc2)S(=O)(=O)c2ccc(C(C)C)cc2)cc1,7.52
CCN(CC)c1ccc(CNS(=O)(=O)c2ccc(C)cc2)cc1,5.44
CCN(CC)c1ccc(CN(Cc2ccco2)S(=O)(=O)c2ccc(C(C)C)cc2)cc1,7.51
C=CCN(Cc1ccc(N(CC)CC)cc1)S(=O)(=O)c1ccc(C)cc1,7.18
COc1ccc(S(=O)(=O)N(Cc2ccc(N3CCCCC3)cc2)c2ccccc2)cc1,7.5
C=CCc1ccc(CN(Cc2ccccc2)S(=O)(=O)c2ccc(C)cc2)cc1,6.89
Cc1ccc(S(=O)(=O)N(Cc2ccc(N3CCCCC3)cc2)c2ccccc2)cc1,6.51
CCN(CC)c1ccc(CN(Cc2ccccc2)Cc2ccccc2)cc1,6.82
CCN(CC)c1ccc(CN(Cc2ccccc2)S(=O)(=O)c2ccc(Cl)cc2)cc1,7.14
CCCc1ccc(CN(Cc2ccccc2)S(=O)(=O)c2ccc(C)cc2)cc1,6.89
Cc1ccc(S(=O)(=O)N(Cc2ccccc2)Cc2ccc(N(C)C)cc2)cc1,6.17
CCN(CC)c1ccc(CN(C2CCCCC2)S(=O)(=O)c2ccc(OC)cc2)cc1,7.12
CCN(CC)c1ccc(CN(CCc2ccccc2)S(=O)(=O)c2ccc(C)cc2)cc1,6.92
CCN(CC)c1ccc(CN(Cc2ccc(Cl)c(Cl)c2)S(=O)(=O)c2ccc(C)cc2)cc1,6.41
CCN(CC)c1ccc(CN(Cc2ccco2)S(=O)(=O)c2ccc(C)cc2)cc1,8.02
CCN(CC)c1ccc(CN(C2CCCCC2)S(=O)(=O)c2ccc(C(C)C)cc2)cc1,7.26
CCN(CC)c1ccc(CN(Cc2ccc(F)cc2)S(=O)(=O)c2ccc(C)cc2)cc1,6.92
CCN(CC)c1ccc(CN(Cc2ccccc2)S(=O)(=O)c2ccc(OC(C)C)cc2)cc1,7.03
CCN(CC)c1ccc(CN(C2CCCCC2)S(=O)(=O)c2ccc(C)cc2)cc1,7.75
CCN(CC)c1ccc(CN(Cc2ccccc2)S(=O)(=O)c2ccc(OC(F)(F)F)cc2)cc1,6.24
CCN(CC)c1ccc(CN(Cc2ccc(Cl)cc2)S(=O)(=O)c2ccc(C)cc2)cc1,6.68
CCN(CC)c1ccc(CN(Cc2ccccc2)S(=O)(=O)Cc2ccccc2)cc1,6.58
O=S(=O)(c1ccc(Cl)cc1)N(Cc1ccc(N2CCCCC2)cc1)c1ccccc1,6.85
CCN(CC)c1ccc(CN(Cc2ccccc2)S(=O)(=O)c2ccc(C)cc2)cc1,7.28
CCN(CC)c1ccc(CN(Cc2ccccc2)S(=O)(=O)c2ccc(F)cc2)cc1,6.99
CCN(CC)c1ccc(CN(C2CCCC2)S(=O)(=O)c2ccc(C)cc2)cc1,7.44
CCN(CC)c1ccc(CN(Cc2cccs2)S(=O)(=O)c2ccc(C)cc2)cc1,7.85
CCN(CC)c1ccc(CN(Cc2ccccc2)S(=O)(=O)c2ccc3ccccc3c2)cc1,6.72
CCN(CC)c1ccc(CN(c2ncc(C)s2)S(=O)(=O)c2ccc(C)cc2)cc1,7.85
CCN(CC)c1ccc(CN(CC2CCCCC2)S(=O)(=O)c2ccc(C)cc2)cc1,7.47
CCN(CC)c1ccc(CN(Cc2ccccc2)S(=O)(=O)c2ccc(C(C)C)cc2)cc1,7.15
Cc1ccc(S(=O)(=O)N(Cc2ccccc2)Cc2ccc(OC(C)C)cc2)cc1,6.76
CCN(CC)c1ccc(CN(c2ccccc2)S(=O)(=O)c2ccc(OC)cc2)cc1,8.27
CCOc1ccc(CN(Cc2ccccc2)S(=O)(=O)c2ccc(C)cc2)cc1,6.64
CCN(CC)c1ccc(CN(Cc2ccccc2)S(=O)(=O)c2ccc(NC(C)=O)cc2)cc1,6.33
Cc1ccc(S(=O)(=O)N(Cc2ccccc2)Cc2ccc(C(C)C)cc2)cc1,6.64
CCCCc1ccc(CN(Cc2ccccc2)S(=O)(=O)c2ccc(C)cc2)cc1,6.55
CCN(CC)c1ccc(CN(c2ccccc2)S(=O)(=O)c2ccc(C)cc2)cc1,8.26
CCN(CC)c1ccc(CN(Cc2ccccc2)S(=O)(=O)c2ccccc2)cc1,6.77
CCN(CC)c1ccc(CN(Cc2ccccc2)S(=O)(=O)c2ccc(OC)cc2)cc1,7.34
Cc1ccc(S(=O)(=O)N(Cc2ccccc2)Cc2ccc(N(CCCl)CCCl)cc2)cc1,6.78
CCN(CC)c1ccc(CN(Cc2ccccc2)S(=O)(=O)c2ccc(-c3ccccc3)cc2)cc1,6.78
Cc1ccc(S(=O)(=O)N(Cc2ccccc2)Cc2ccc(N3CCCCC3)cc2)cc1,7.36
CCN(CC)c1ccc(CN(Cc2ccco2)S(=O)(=O)c2ccc(OC)cc2)cc1,7.7
CCN(CC)c1ccc(CN(c2ncc(C)s2)S(=O)(=O)c2ccc(OC)cc2)cc1,8.4
CCCc1ccc(O)c(-c2cc(CCC)ccc2O)c1,6.38
CC=Cc1ccc(O)c(-c2cc(C=CC)ccc2O)c1,5.5
C=CCc1ccc(O)c(-c2ccc(O)c(CC=C)c2)c1,5.25
O=C(N1CCc2ccccc21)C12CC3CC(CC1C3)C2,6.3
Cc1cccc2c1N(C(=O)C13CC4CC(CC(C4)C1)C3)CC2,6.22
O=C(N1CCc2ccc(C(F)(F)F)cc21)C12CC3CC(CC(C3)C1)C2,5.6
CN1CCN(C(=O)C23CC4CC(CC(C4)C2)C3)c2ccccc21,6.3
Cc1cccc2c1CCN2C(=O)C12CC3CC(CC(C3)C1)C2,6.77
O=C(NC12CC3CC(CC(C3)C1)C2)N1Cc2ccccc2C1,6.57
O=C(N1Cc2ccccc2C1)C12CC3CC(CC(C3)C1)C2,6.3
O=C(C1C2CC3CC(C2)CC1C3)N1CCc2ccccc21,6.5
O=C(N1CCc2cc(F)ccc21)C12CC3CC(CC(C3)C1)C2,6.7
CC1(C)CN(C(=O)C23CC4CC(CC(C4)C2)C3)c2ccccc21,6.3
COCCOC1CCN(C(=O)C23CC4CC(CC(C4)C2)C3)c2ccccc21,6.46
CCOC1CCN(C(=O)C23CC4CC(CC(C4)C2)C3)c2ccccc21,6.0
OC1C(=Cc2cn(Cc3ccccc3)c3ccccc23)N2CCC1CC2,7.26
COC(=O)c1ccc(Cn2cc(C=C3C(=O)C4CCN3CC4)c3ccccc32)cc1,6.23
COC(=O)c1ccc2c(C=C3C(=O)C4CCN3CC4)cn(Cc3ccccc3)c2c1,8.6
O=C1C(=Cc2cn(Cc3ccc(F)cc3)c3ccccc23)N2CCC1CC2,8.88
N#Cc1ccc(Cn2cc(C=C3C(=O)C4CCN3CC4)c3ccccc32)cc1,6.94
OC1C(=Cc2cn(Cc3ccc(Cl)cc3)c3ccccc23)N2CCC1CC2,6.95
O=C1C(=Cc2cn(Cc3ccccc3Br)c3ccccc23)N2CCC1CC2,6.48
ON=C1C(=Cc2cn(Cc3ccc(Cl)cc3)c3ccccc23)N2CCC1CC2,6.97
O=C1C(=Cc2cn(Cc3ccc(Cl)cc3)c3ccccc23)N2CCC1CC2,7.69
ON=C1C(=Cc2cn(Cc3ccccc3)c3ccccc23)N2CCC1CC2,7.16
CCCCn1c(C)c(C)cc(NC(=O)c2ccc3ccccc3c2)c1=O,6.12
CCCCn1c(C)c(C)cc(NC(=O)c2cccc(C)c2)c1=O,7.38
CCN1C(=O)C(Sc2nc3ccccc3o2)c2ccccc2C1C,7.38
CCCCn1cc(C)cc(Oc2nc3ccccc3o2)c1=S,6.63
CCCCn1c(C)c(C)cc(Oc2nc3ccccc3o2)c1=O,6.01
CCCCn1c(C)c(C)cc(NC(=O)c2ccc(C)cc2)c1=O,7.14
CCCCn1c(C)c(C)cc(NC(=O)c2ccccc2)c1=O,7.05
CCCCn1c(C)c(C)cc(Oc2nc3ccccc3o2)c1=S,7.0
CCCCn1c(C)c(C)cc(NC(=O)c2ccccc2F)c1=O,7.06
CCCCn1ccc(C)c(Oc2nc3ccccc3o2)c1=S,6.63
CCn1c(C)c(C)cc(Oc2nc3ccccc3o2)c1=S,5.41
CCCCn1c(C)c(C)cc(NC(=O)c2ccccc2Cl)c1=O,7.8
CCCCn1c(C)c(C)cc(NC(=O)Cc2ccccc2)c1=O,5.88
CCCn1c(C)c(C)cc(Oc2nc3ccccc3o2)c1=S,6.56
CCCCn1c(C)c(C)cc(NC(=O)c2cccc3ccccc23)c1=O,7.92
Cc1c(C(=O)NN2CCCCC2)nn(-c2ccccc2)c1-c1ccccc1,4.74
CCCCCc1cc(-c2ccccc2)n(-c2ccccc2)n1,5.53
O=C(NN1CCCCC1)c1cc(-c2ccccc2)n(-c2ccccc2)n1,4.55
CCCCCc1cc(-c2ccc(Cl)cc2)n(-c2ccc(Cl)cc2Cl)n1,6.34
CCCCCCc1nc(-c2ccc(Cl)cc2)n(-c2ccc(Cl)cc2Cl)n1,5.51
CC(C)(C)C(=O)OCC1=CCC2C(C1)c1c(O)cc(C34CC5CC(CC(C5)C3)C4)cc1OC2(C)C,7.31
CC1(C)Oc2cc(C34CC5CC(CC(C5)C3)C4)cc(O)c2-c2cc(CO)ccc21,7.33
COc1ccc2c(c1)-c1c(O)cc(C34CC5CC(CC(C5)C3)C4)cc1OC2(C)C,6.47
CC1(C)Oc2cc(C34CC5CC(CC(C5)C3)C4)cc(O)c2C2CC(C=O)CCC21,8.26
CC1(C)Oc2cc(C34CC5CC(CC(C5)C3)C4)cc(O)c2C2CC(CC#N)CCC21,7.0
CC1(C)Oc2cc(C34CC5CC(CC(C5)C3)C4)cc(O)c2C2CC(=O)CCC21,6.47
CC1(C)Oc2cc(C34CC5CC(CC(C5)C3)C4)cc(O)c2C2CC(CO)=CCC21,7.85
CC1(C)Oc2cc(C34CC5CC(CC(C5)C3)C4)cc(O)c2C2CC(CC=O)CCC21,8.11
COC=CC1CCC2C(C1)c1c(O)cc(C34CC5CC(CC(C5)C3)C4)cc1OC2(C)C,7.17
CC1(C)Oc2cc(C34CC5CC(CC(C5)C3)C4)cc(O)c2C2CC(CI)CCC21,6.58
Cc1ccc2c(c1)-c1c(O)cc(C34CC5CC(CC(C5)C3)C4)cc1OC2(C)C,7.2
CC1(C)Oc2cc(C34CC5CC(CC(C5)C3)C4)cc(O)c2C2CC(CCO)CCC21,7.48
CCCCn1cc(C(=O)c2cccc3ccccc23)c2cccc(OC)c21,9.09
CCCCn1cc(-c2ccc3ccccc3c2)c2cccc(OC)c21,7.58
CCCCn1cc(C(=O)c2cccc3ccccc23)c2ccccc21,8.01
CCCCn1cc(C(=O)Cc2ccc(F)cc2)c2cccc(OC)c21,6.55
CCCCn1cc(C(=O)c2cccc3ccccc23)c2cccc(O)c21,7.11
CCCCn1cc(Cc2cccc3ccccc23)c2cccc(OC)c21,7.96
Cc1c(C(=O)c2ccc3ccccc3c2)c2cccc3c2n1C(CN1CCOCC1)CO3,8.34
CCCCCn1cc(C(=O)NC23CC4CC(CC(C4)C2)C3)c(=O)n2nc(-c3c(Cl)cccc3Cl)cc12,7.01
CCCCCn1cc(C(=O)NC23CC4CC(CC(C4)C2)C3)c(=O)n2nc(C)cc12,7.9
CCCCCn1cc(C(=O)NC2CCCCC2)c(=O)n2nc(C(C)(C)C)cc12,7.91
CCCCCn1cc(C(=O)NC23CC4CC(CC(C4)C2)C3)c(=O)n2nc(C)c(-c3ccccc3)c12,6.74
CCCCCn1cc(C(=O)NCc2ccccc2)c(=O)n2nc(C)cc12,6.45
CCCCCn1cc(C(=O)NC2CCC(C)CC2)c(=O)n2nc(C)cc12,6.97
CCCCCn1cc(C(=O)NC2CCCCC2)c(=O)n2nc(-c3ccc(C)cc3)cc12,7.24
CCCCCn1cc(C(=O)NC23CC4CC(CC(C4)C2)C3)c(=O)n2nc(-c3ccco3)cc12,8.31
CCCCCn1cc(C(=O)NC23CC4CC(CC(C4)C2)C3)c(=O)n2nc(-c3cc(C)cs3)cc12,7.82
CCCCCn1cc(C(=O)NC2CCCCCC2)c(=O)n2nc(CC)cc12,8.28
CCCCCn1cc(C(=O)NC2CCCCC2)c(=O)n2nc(-c3ccc(Cl)cc3Cl)cc12,7.28
CCCCCn1cc(C(=O)NC23CC4CC(CC(C4)C2)C3)c(=O)n2nc(C(C)(C)C)cc12,8.3
CCCCCn1cc(C(=O)NC2CCCCC2)c(=O)n2nc(-c3ccccc3Cl)cc12,7.33
CCCCCn1cc(C(=O)NC2CCCCC2)c(=O)n2nc(C)cc12,7.66
CCCCCn1cc(C(=O)NC2CCCCCC2)c(=O)n2nc(-c3ccc(Cl)cc3Cl)cc12,7.43
CCCCCn1cc(C(=O)NC23CC4CC(CC(C4)C2)C3)c(=O)n2nc(-c3ccc(Cl)cc3Cl)cc12,7.52
CCCCCn1cc(C(=O)NC2CCCCCC2)c(=O)n2nc(C(C)(C)C)cc12,8.14
CCCCCn1cc(C(=O)NC2CCCCCC2)c(=O)n2nc(-c3ccccc3C)cc12,8.05
CCCCCn1cc(C(=O)NC23CC4CC(CC(C4)C2)C3)c(=O)n2nc(C)c(Br)c12,6.66
CCCCCn1cc(C(=O)NC2CCCCCC2)c(=O)n2nc(-c3ccccc3)cc12,7.51
CCCCCn1cc(C(=O)NC23CC4CC(CC(C4)C2)C3)c(=O)n2nc(-c3ccccc3C)cc12,8.54
CCCCCn1cc(C(=O)NC2CCCCC2)c(=O)n2nc(-c3ccco3)cc12,8.02
CCCCCn1cc(C(=O)NC2CCCCC2)c(=O)n2nc(-c3ccccc3C)cc12,7.4
CCCCCn1cc(C(=O)NC2CCCCCC2)c(=O)n2nc(-c3ccco3)cc12,8.18
CCCCCn1cc(C(=O)NC23CC4CC(CC(C4)C2)C3)c(=O)n2nc(-c3ccc(C)s3)cc12,7.94
CCCCCn1cc(C(=O)NC2CCCCCC2)c(=O)n2nc(-c3ccc(Cl)cc3)cc12,8.2
CCCCCn1cc(C(=O)NC2CCCCC2)c(=O)n2nc(-c3ccccc3)cc12,7.38
CCCCCn1cc(C(=O)NC23CC4CC(CC(C4)C2)C3)c(=O)n2nc(-c3ccoc3)cc12,8.0
CCCCCn1cc(C(=O)NC2CCCCCC2)c(=O)n2nc(C)cc12,7.99
CCCCCn1cc(C(=O)NC2CCCCC2)c(=O)n2nc(-c3ccc(Cl)cc3)cc12,7.26
CCCCCn1cc(C(=O)NC2CCCCCC2)c(=O)n2nc(-c3ccc(C)cc3)cc12,7.99
CCCCCn1cc(C(=O)NC23CC4CC(CC(C4)C2)C3)c(=O)n2nc(-c3ccccc3)cc12,8.59
CCCCCn1cc(C(=O)NC23CC4CC(CC(C4)C2)C3)c(=O)n2nc(-c3ccc(Cl)cc3)cc12,8.41
CCCCCn1cc(C(=O)NC23CC4CC(CC(C4)C2)C3)c(=O)n2nc(-c3ccc(C)cc3)cc12,8.47
CCCCCn1cc(C(=O)NC23CC4CC(CC(C4)C2)C3)c(=O)n2nc(-c3ccccc3Cl)cc12,8.21
CCCCCn1cc(C(=O)NC23CC4CC(CC(C4)C2)C3)c(=O)n2nc(CC)cc12,9.08
CCCCCn1cc(C(=O)NC2CCCCC2)c(=O)n2nc(CC)cc12,7.98
CCCCCn1cc(C(=O)NC23CC4CC(CC(C4)C2)C3)c(=O)n2nc(C)c(-c3ccc(OC)cc3)c12,6.46
CCCCCn1cc(C(=O)NC23CC4CC(CC(C4)C2)C3)c(=O)n2nc(-c3cccs3)cc12,8.21
CCCCCn1cc(C(=O)NC2CCCCCC2)c(=O)n2nc(-c3ccccc3Cl)cc12,7.99
COc1ccccc1Cc1cc2c(C)c(OC)c(C)c(C)c2oc1=O,6.47
CCCCCc1cc(OC)c2cc(Cc3ccc(Br)cc3)c(=O)oc2c1,6.24
COc1c(C)c(C)c2oc(=O)c(Cc3ccccc3C)cc2c1C,6.18
COc1ccccc1Cc1cc2c(C)ccc(C)c2oc1=O,5.17
COc1c(C)c(C)c2oc(=O)c(Cc3ccccc3)cc2c1C,5.75
Cc1c(O)c(C)c2cc(Cc3ccc(F)cc3)c(=O)oc2c1C,6.35
CCCCCc1cc(OC)c2cc(Cc3ccc(Cl)cc3)c(=O)oc2c1,6.24
COc1ccccc1Cc1cc2c(C)ccc(C(C)C)c2oc1=O,6.1
Cc1ccccc1Cc1cc2c(C)c(O)c(C)c(C)c2oc1=O,5.81
CCCCn1c2c(cc(C(=O)NCc3ccccc3)c1=O)CCCCCC2,8.82
CCCCn1c2c(cc(C(=O)NC(C)C)c1=O)CCCCCC2,8.4
CCCCn1c2c(cc(C(=O)NC(C)(C)c3ccccc3)c1=O)CCCCCC2,10.0
CCCCn1c2c(cc(C(=O)NC3CCCCC3)c1=O)CCCCCC2,9.7
CC(C)CCn1c2c(cc(C(=O)NCc3ccccc3)c1=O)CCCCCC2,9.05
O=C(NCc1ccccc1)c1cc2c(n(CCCN3CCOCC3)c1=O)CCCCCC2,6.68
CCCCn1c2c(cc(C(=O)NCCc3ccccc3)c1=O)CCCCCC2,8.8
COCCn1c2c(cc(C(=O)NCc3ccccc3)c1=O)CCCCCC2,8.1
CCCCn1c2c(cc(C(=O)NCc3ccccc3)c1=O)CCC2,7.8
CCCCn1c2c(cc(C(N)=O)c1=O)CCCCCC2,7.4
CCCCn1c2c(cc(C(=O)NCc3ccccc3)c1=O)CCCC2,7.77
CCCCn1c2c(cc(C(=O)NC3CCN(C)CC3)c1=O)CCCCCC2,6.83
CCCCn1c(CC)c(C)cc(C(=O)NCc2ccccc2)c1=O,7.7
CCCCOc1ccccc1-c1cc(C(=O)NC23CC4CC(CC(C4)C2)C3)no1,6.43
CCCOc1ccccc1-c1cc(C(=O)NC23CC4CC(CC(C4)C2)C3)no1,7.1
CCCCCOc1ccccc1-c1cc(C(=O)NN2CCCCC2)no1,6.22
CCCCCOc1ccccc1-c1cc(C(=O)N(CC(C)C)CC(C)C)no1,7.66
CCCCCOc1ccccc1-c1cc(C(=O)NC2CCCCC2)no1,7.64
CCCCCOc1ccccc1-c1cc(C(=O)NC2CCCCCCC2)no1,7.13
CCCCCOc1ccccc1-c1cc(C(=O)NC2C3CC4CC(C3)CC2C4)no1,7.22
COc1ccccc1-c1cc(C(=O)NC23CC4CC(CC(C4)C2)C3)no1,7.15
CCCCCOc1ccccc1-c1cc(C(=O)NC23CC4CC(CC2C4)C3)no1,8.05
CCCCCOc1ccccc1-c1cc(C(=O)NC23CC4CC(CC(C4)C2)C3)no1,7.44
CCCCCCOc1ccccc1-c1cc(C(=O)NC23CC4CC(CC(C4)C2)C3)no1,7.52
Cc1ccc(Cn2cc(C=CC3C4(C)CCC(C4)C3(C)C)cc2-c2ccc(Cl)c(C)c2)cc1,5.91
Cc1cc(-c2cc(C(=O)NC3C4(C)CCC(C4)C3(C)C)nn2-c2ccccc2)ccc1Cl,7.03
Cc1ccc(Cn2nc(C(=O)NC3CC4CCC3(C)C4(C)C)cc2-c2ccc(Cl)c(C)c2)cc1,7.54
Cc1ccc(Cn2nc(C=CC3C4(C)CCC(C4)C3(C)C)cc2-c2ccc(Cl)c(C)c2)cc1,6.28
CCOC(=O)NC1CCN(c2ncnc3c2nc(-c2ccccc2Cl)n3-c2ccc(Cl)cc2)CC1,6.37
O=C(CC1CCCC1)NC1CCN(c2ncnc3c2nc(-c2ccccc2Cl)n3-c2ccc(Cl)cc2)CC1,6.25
O=C(CC1CCCCC1)NC1CCN(c2ncnc3c2nc(-c2ccccc2Cl)n3-c2ccc(Cl)cc2)CC1,5.63
O=C(NC1CCN(c2ncnc3c2nc(-c2ccccc2Cl)n3-c2ccc(Cl)cc2)CC1)Oc1ccccc1,4.97
CC(C)CCC(=O)NC1CCN(c2ncnc3c2nc(-c2ccccc2Cl)n3-c2ccc(Cl)cc2)CC1,6.67
CCCCC(=O)NC1CCN(c2ncnc3c2nc(-c2ccccc2Cl)n3-c2ccc(Cl)cc2)CC1,5.98
O=C(NC1CCN(c2ncnc3c2nc(-c2ccccc2Cl)n3-c2ccc(Cl)cc2)CC1)C1CCCCC1,6.08
CC(C)CC(=O)NC1CCN(c2ncnc3c2nc(-c2ccccc2Cl)n3-c2ccc(Cl)cc2)CC1,7.05
O=S(=O)(NC1CCN(c2ncnc3c2nc(-c2ccccc2Cl)n3-c2ccc(Cl)cc2)CC1)C(F)(F)F,5.35
O=C(NC1CCN(c2ncnc3c2nc(-c2ccccc2Cl)n3-c2ccc(Cl)cc2)CC1)C1CCCC1,7.22
CCCCCn1c2ccccc2c2cc(C(=O)NCCc3ccc(Cl)cc3)ccc21,5.44
CCCCCn1c2ccccc2c2cc(C(=S)N3CCCCC3)ccc21,7.3
CCCCCn1c2ccccc2c2cc(C(=O)N3CCS(=O)(=O)CC3)ccc21,6.65
CCCCCn1c2ccccc2c2cc(CN3CCN(C)CC3)ccc21,6.13
CCCn1c2ccccc2c2cc(C(=O)N3CCCCC3)ccc21,6.28
O=C(c1ccc2c(c1)c1ccccc1n2Cc1cccnc1)N1CCCCC1,6.22
CCCCCCn1c2ccccc2c2cc(C(=O)N3CCCCC3)ccc21,7.02
CCCCCn1c2ccccc2c2cc(C(=O)N3CCCCC3)ncc21,7.45
CCCCCn1c2ccccc2c2cc(C(=O)N3CCN(C)CC3)ccc21,7.45
CCCCCn1c2ccccc2c2cc(C(=O)N3CCCCC3)ccc21,7.14
O=C(OCCCn1c2ccccc2c2cc(C(=O)N3CCCCC3)ccc21)N1CCS(=O)(=O)CC1,7.14
CCCCCCCn1c2ccccc2c2cc(C(=O)N3CCCCC3)ccc21,6.08
CS(=O)(=O)NCCCn1c2ccccc2c2cc(C(=O)N3CCCCC3)ccc21,7.21
CCCCCn1c2ccccc2c2cc(C(=O)NCC(C)(C)C)ncc21,7.58
CCCCCn1c2ccccc2c2cc(C(=O)CN3CCN(C)CC3)ccc21,6.4
CCCCCn1c2ccccc2c2cc(C(=O)OCc3ccncc3)ccc21,5.86
CCCCCn1c2ccccc2c2cc(C(=O)NC34CC5CC(CC(C5)C3)C4)ccc21,6.54
COCCCn1c2ccccc2c2cc(C(=O)N3CCCCC3)ccc21,7.08
CCCCCn1c2ccccc2c2cc(C(=O)N3CCOCC3)ccc21,7.07
O=C(c1ccc2c(c1)c1ccccc1n2CCCCl)N1CCCCC1,7.06
CN(C)CCCn1c2ccccc2c2cc(C(=O)N3CCCCC3)ccc21,6.39
O=C(c1ccc2c(c1)c1ccccc1n2CC1CCOCC1)N1CCCCC1,7.7
O=C(c1ccc2c(c1)c1ccccc1n2Cc1ccncc1)N1CCCCC1,7.04
O=C(c1ccc2c(c1)c1ccccc1n2CCCN1CCS(=O)(=O)CC1)N1CCCCC1,6.6
CCCCCn1c2ccccc2c2cc(C(=O)CN3CCCCC3)ccc21,5.96
O=C(c1ccc2c(c1)c1ccccc1n2CCCl)N1CCCCC1,6.29
CCOC(=O)CCn1c2ccccc2c2cc(C(=O)N3CCCCC3)ccc21,5.88
O=C(c1ccc2c(c1)c1ccccc1n2Cc1ccccn1)N1CCCCC1,6.67
COC(=O)CCCn1c2ccccc2c2cc(C(=O)N3CCCCC3)ccc21,6.68
CCCCCn1c2ccccc2c2cc(C(=O)NN3CCCCC3)ncc21,6.77
CCCCCn1c2ccc(C(=O)N3CCCCC3)cc2c2ccc(OC)cc21,8.12
CCOC(=O)CCn1c2ccccc2c2cc(C(=O)N3CCN(C)CC3)ccc21,5.47
CCCCCn1c2ccccc2c2cc(C(=O)N(CC)CC)ccc21,7.29
CCCCCn1c2ccccc2c2cc(C(=O)CN3CCS(=O)(=O)CC3)ccc21,6.3
O=C(c1ccc2c(c1)c1ccccc1n2CCCN1CCCCC1)N1CCCCC1,5.66
CC(C)(C)OC(=O)NCCCn1c2ccccc2c2cc(C(=O)N3CCCCC3)ccc21,5.57
CCCCCn1c2ccccc2c2cc(CN3CCCCC3)ccc21,6.43
CCCCCn1c2ccccc2c2cc(C(=O)N3CCNCC3)ccc21,5.55
CCCCCn1c2ccccc2c2cc(C(=O)OCc3ccccn3)ccc21,5.71
CCCCCCC(C)(C)C1=CC(=O)C2=C(OC(C)(C)c3cn(CC)nc32)C1=O,5.44
CCCCCCC(C)(C)C1=CC(=O)C2=C(OC(C)(C)c3c[nH]nc32)C1=O,6.87
CCCCCCC(C)(C)C1=CC(=O)C2=C(OC(C)(C)c3cn(C)nc32)C1=O,6.17
Cc1nc(N2CCN(C)CC2)c2nc(-c3ccccc3Cl)n(C3CC3)c2n1,7.86
COCCn1c(-c2ccccc2Cl)nc2c(N3CCN4C(=O)CCC4C3)nc(C)nc21,8.28
Cc1nc(N2CCN(C)CC2)c2nc(-c3ccccc3Cl)n(C3CCOCC3)c2n1,7.39
Cc1nc(N2CCN(C)CC2)c2nc(-c3ccccc3C)n(C3CCOCC3)c2n1,6.98
CCN1CCN(c2nc(C)nc3c2nc(-c2ccccc2Cl)n3CCOC)CC1,7.89
CCN1CCN(c2nc(C)nc3[nH]c(-c4ccccc4Cl)nc23)CC1,7.8
COCCn1c(-c2ccccc2Cl)nc2c(N3CCN(CCF)CC3)nc(C)nc21,8.04
COCCn1c(-c2ccccc2Cl)nc2c(N3CCN(C(C)=O)CC3)nc(C)nc21,7.69
CCc1ccccc1-c1nc2c(N3CCN(C)CC3)nc(C)nc2n1C1CCOCC1,7.5
Cc1nc(N2CCN(C)CC2)c2nc(-c3ccccc3C3CC3)n(C3CCOCC3)c2n1,7.25
Cc1nc(N2CCN(C)CC2)c2nc(-c3ccccc3Cl)n(CCN3CCCC3=O)c2n1,6.34
Cc1nc(N2CCN(C)CC2)c2nc(-c3ccccc3Cl)n(CCS(C)(=O)=O)c2n1,7.43
CCN1CCN(c2nc(C)nc3c2nc(-c2ccccc2Cl)n3C)CC1,8.07
Cc1nc(N2CCN(C)CC2)c2nc(-c3ccccc3C(F)(F)F)n(C3CCOCC3)c2n1,7.2
N#Cc1cc(F)ccc1-c1noc(CCC(=O)Nc2ccc3c(c2)c2ccccc2n3CCO)n1,6.31
O=C(CCc1nc(-c2ccc(F)cc2Br)no1)Nc1ccc2c(c1)c1ccccc1n2CCF,8.24
O=C(CCc1nc(-c2ccc(F)cc2)no1)Nc1ccc2c(c1)c1ccccc1n2CCO,5.96
O=C(CCc1nc(-c2ccc(F)cc2Br)no1)Nc1ccc2c(c1)c1ccccc1n2CCO,6.43
N#Cc1cc(F)ccc1-c1noc(CCC(=O)Nc2ccc3c(c2)c2ccccc2n3CCF)n1,6.07
O=C(CCc1nc(-c2ccc(Br)cc2F)no1)Nc1ccc2c(c1)c1ccccc1n2CCF,6.32
CCn1c2ccccc2c2cc(NC(=O)CCc3nc(-c4ccc(F)cc4C#N)no3)ccc21,8.16
O=C(CCc1nc(-c2ccc(Cl)cc2)no1)Nc1ccc2c(c1)c1ccccc1n2CCF,6.54
O=C(CCCc1nc(-c2ccc(Cl)cc2)no1)Nc1ccc2c(c1)c1ccccc1n2CCO,6.23
O=C(CCc1nc(-c2ccc(F)cc2)no1)Nc1ccc2c(c1)c1ccccc1n2CCF,7.39
O=C(CCc1nc(-c2ccc(Cl)cc2)no1)Nc1ccc2c(c1)c1ccccc1n2CCO,6.0
O=C(CCc1nc(-c2ccc(F)cc2Br)no1)Nc1ccc2c(c1)c1ccccc1n2CCCF,5.75
O=C(CCCc1nc(-c2ccc(F)cc2Br)no1)Nc1ccc2c(c1)c1ccccc1n2CCF,6.25
O=C(CCc1nc(-c2ccc(F)cc2Br)no1)Nc1ccc2c(c1)c1ccccc1n2CCCO,7.48
Cc1ccc(-c2noc(CCC(=O)Nc3ccc4c(c3)c3ccccc3n4CCF)n2)cc1,6.42
CCCCOC(=O)C(C)(C)c1cc(O)c2c(c1)OC(C)(C)C1CC=C(C)CC21,8.77
CCCCOC(=O)C1(c2cc(O)c3c(c2)OC(C)(C)C2CC=C(C)CC32)CCC1,8.52
CCCCOC(=O)C(C)c1cc(O)c2c(c1)OC(C)(C)C1CC=C(C)CC21,8.43
CCCCOC(=O)Cc1cc(O)c2c(c1)OC(C)(C)C1CC=C(C)CC21,7.29
O=C(NC1CCCCC1O)c1cnc(OCC2CC2)c(-c2ccc(Cl)cc2)c1,5.58
O=C(NC1CCCCC1O)c1cnc(OCC2CC2)c(-c2cc(C(F)(F)F)ccc2Cl)c1,5.68
O=C(NC1CCCCC1O)c1cc(-c2ccc(Cl)cc2)c(OCC2CC2)cn1,5.82
CC(C)N(CCn1nc(OCc2cccc3ccccc23)c2ccccc21)C(C)C,5.27
c1ccc2c(c1)c(OCC1CCCCC1)nn2CC1CCCCC1,5.89
COc1ccc(COc2nn(Cc3ccc(OC)cc3)c3ccccc23)cc1,6.05
CCCCCOc1nn(CCCCC)c2ccc([N+](=O)[O-])cc12,6.17
O=[N+]([O-])c1ccc2c(c1)c(OCC1CCCCC1)nn2Cc1ccccc1,7.05
COc1ccc(COc2nn(CCN(C(C)C)C(C)C)c3ccccc23)cc1,5.11
CCCCCn1nc(OCc2ccc(OC)cc2)c2cc([N+](=O)[O-])ccc21,6.31
c1ccc2c(COc3nn(CCN4CCCC4)c4ccccc34)cccc2c1,6.4
c1ccc(COc2nn(Cc3ccccc3)c3ccccc23)cc1,5.46
Brc1ccc2c(c1)c(OCc1ccc3ccccc3c1)nn2CCN1CCCCC1,5.75
Nc1ccc2c(c1)c(OCc1ccccc1)nn2Cc1ccccc1,5.8
O=[N+]([O-])c1ccc2c(c1)c(OCc1ccc3ccccc3c1)nn2CCN1CCOCC1,6.3
O=[N+]([O-])c1ccc2c(c1)c(OCc1cccc3ccccc13)nn2Cc1cccc2ccccc12,6.62
CCCCCn1nc(OCc2ccc3ccccc3c2)c2cc([N+](=O)[O-])ccc21,5.86
c1ccc2cc(COc3nn(CCN4CCCCC4)c4ccccc34)ccc2c1,5.7
O=[N+]([O-])c1ccc2c(c1)c(OCc1ccc3ccccc3c1)nn2CCN1CCCCC1,6.3
Nc1ccc2c(c1)c(OCc1ccc3ccccc3c1)nn2CCN1CCCCC1,5.7
O=[N+]([O-])c1ccc2c(c1)c(OCc1cccc3ccccc13)nn2CCN1CCCC1,6.89
CCOC(=O)C=Cc1cc(C(=O)NC2CCCCCC2)c(=O)n(Cc2ccc(F)cc2)c1,7.86
CCCCn1cc(Br)cc(C(=O)NC2CCCCCC2)c1=O,8.29
O=C(NC1CCCCCC1)c1cccn(Cc2ccccc2)c1=O,8.1
O=C(NC1CCCCCC1)c1cccn(Cc2ccc(Cl)cc2)c1=O,8.38
COc1ccc(-c2cc(C(=O)NC3CCCCCC3)c(=O)n(Cc3ccc(F)cc3)c2)cc1,9.0
O=C(NC1CCCCCC1)c1cc(Br)cn(Cc2ccc(F)cc2)c1=O,8.66
CCCCOc1ncc(Br)cc1C(=O)NC1CCCCCC1,6.4
CCCCn1cccc(C(=O)NC2CCC(C)CC2)c1=O,6.98
O=C(NC1CCCCCC1)c1cccnc1OCc1ccccc1,6.32
CC1CCC(NC(=O)c2cccnc2OCc2ccc(F)cc2)CC1,7.1
O=C(NC1CCCCCC1)c1cc(-c2ccc(F)cc2)cn(CCN2CCOCC2)c1=O,7.2
O=C(NC1CCCCCC1)c1cccn(Cc2cccc(I)c2)c1=O,6.4
O=C(NC1CCCCCC1)c1cc(Br)cn(CCN2CCOCC2)c1=O,7.19
CC1CCC(NC(=O)c2cccnc2OCc2ccccc2)CC1,6.23
O=C(NC1CCCCCC1)c1cc(-c2ccc(F)cc2)cn(Cc2ccc(F)cc2)c1=O,8.55
O=C(NC1CCCCCC1)c1cccn(Cc2ccc(I)cc2)c1=O,6.73
O=C(NC1CCCCCC1)c1cc(-c2ccccc2)cn(Cc2ccc(F)cc2)c1=O,8.92
CCCn1cccc(C(=O)NC2CCC(C)CC2)c1=O,6.23
CCOC(=O)CCCn1cccc(C(=O)NC2CCCCCC2)c1=O,5.74
CC1CCC(NC(=O)c2cccn(Cc3ccccc3)c2=O)CC1,7.28
CC1CCC(NC(=O)c2cccn(Cc3ccc(F)cc3)c2=O)CC1,8.32
O=C(NC1CCCCCC1)c1cc(C=Cc2ccccc2)cn(Cc2ccc(F)cc2)c1=O,8.1
CC(C)=CCCC1(C)C(O)CCC2(C)C1CCC1Cc3c([nH]c4ccccc34)C12C,5.65
CC(C)=CC1CC2(C)C(CCC3(C)C2CCC2Cc4c([nH]c5ccccc45)C23C)O1,5.32
CC(C)=CCCC1(C)C(OC2OC(CO)C(O)C(O)C2O)CCC2(C)C1CCC1Cc3c([nH]c4ccccc34)C12C,4.97
CN(C)c1ccc(C=C2N=C3SCCCN3C2=O)cc1,4.78
O=C1C(=Cc2cccc(OCc3ccc(F)cc3)c2)N=C2SCCCCN12,5.81
O=C1C(=Cc2cccc(OCc3ccccc3Cl)c2)N=C2SCCCCN12,6.01
O=C1C(=Cc2cccc(OCc3ccc(Cl)cc3Cl)c2)N=C2SCCCN12,6.02
O=C1C(=Cc2cccc(OCc3ccccc3)c2)N=C2SCCCN12,5.96
COc1ccc(C=C2N=C3SCCCN3C2=O)c(OC)c1,5.59
O=C1C(=Cc2cccc(OCc3ccc(Cl)cc3Cl)c2)N=C2SCCCCN12,5.78
O=C1C(=Cc2cccc(OCc3ccccc3)c2)N=C2SCCCCN12,5.74
O=C1C(=Cc2ccc(-c3ccccc3)cc2)N=C2SCCCCN12,5.26
CCCCCCC(C)(C)c1cc(O)c(C2CC(=O)C3CC2C3(C)C)c(OC(=O)C=CC(=O)O)c1,8.05
CCCCCCC(C)(C)c1cc(O)c2c(c1)OC(C)(C)C1CC=C(OO)CC21,10.49
CCCCCCC(C)(C)c1cc(O)c2c(c1)OC(C)(C)C1CC=C(C)CC21,9.31
CCCCCc1ccc2c(c1)OC(C)(C)C1CC=C(C)CC21,7.5
CCCCCCC(C)(C)c1cc(O)c2c(c1)OC(C)(C)C1CC=C(C(=O)O)CC21,6.77
CCCCCC=CCC=CCC=CCC=CCCCCOC(CO)CO,5.52
CCCCCCC(C)(C)c1cc(O)c2c(c1)OC(C)(C)C1CCOC(=O)CC21,7.03
CCCCCCC(C)(C)c1cc(O)c2c(c1)OC(C)(C)C1CCC(=O)OCC21,7.28
CCCCCC=CCC=CCCCCCCCC(=O)NCc1ccccc1,5.39
CC#CC#CCC=CCCCC=CC=CC(=O)NCC(C)C,4.65
CCC=CCC=CCC=CCCCCCCCC(=O)NCc1ccccc1,4.36
CCCC=CC#CC=CC=CCCC=CC=CC(=O)NCC(C)C,5.04
CCCC=CCC=CCCCC=CC=CC(=O)NCC(C)CC,5.92
Cc1c(O)ccc2c1OC1=C(CCC(C)C1)C2(C)C,6.0
CCCCCc1cc(O)c2c(c1)OC1=C(CCC(C)C1)C2(C)C,6.75
CCc1cc2c(cc1O)OC1=C(CCC(C)C1)C2(C)C,6.29
CC1CCC2=C(C1)Oc1cc(O)ccc1C2(C)C,5.38
C=C1CCC=CCCC2C1CC2(C)C,6.11
N#Cc1ccccc1CSc1nnc2c3ccccc3n(C(=O)C3CCCC3)c2n1,6.5
N#Cc1ccccc1CSc1nnc2c3ccccc3n(Cc3ccccc3)c2n1,7.96
N#Cc1ccccc1CSc1nnc2c3ccccc3n(C(=O)c3ccc(OC(F)(F)F)cc3)c2n1,6.42
Fc1ccccc1CSc1nnc2c3ccccc3n(Cc3ccccc3)c2n1,6.67
N#Cc1ccccc1CSc1nnc2c3ccccc3n(C(=O)c3ccccc3)c2n1,6.52
N#Cc1ccccc1CSc1nnc2c3ccccc3n(C(=O)C3CCCCC3)c2n1,7.52
N#Cc1ccccc1CSc1nnc2c3ccccc3n(C(=O)c3ccco3)c2n1,6.31
N#Cc1ccccc1CSc1nnc2c(n1)[nH]c1cccc(Br)c12,7.65
N#Cc1ccccc1CSc1nnc2c3ccccc3n(C(=O)c3ccno3)c2n1,6.35
O=C(c1ccccc1)n1c2ccccc2c2nnc(SCc3ccccc3[N+](=O)[O-])nc21,6.63
O=[N+]([O-])c1ccccc1CSc1nnc2c(n1)[nH]c1ccccc12,6.81
Cc1c(C(=O)NCCCCNCc2ccccc2)nn(-c2ccc(Cl)cc2Cl)c1-c1ccc(Cl)cc1,4.9
Cc1c(C(=O)NCCCCCCCCNCc2ccccc2)nn(-c2ccc(Cl)cc2Cl)c1-c1ccc(Cl)cc1,4.51
Cc1c(C(=O)NCCCCNCc2ccc(CNCCCCNC(=O)c3nn(-c4ccc(Cl)cc4Cl)c(-c4ccc(Cl)cc4)c3C)cc2)nn(-c2ccc(Cl)cc2Cl)c1-c1ccc(Cl)cc1,5.62
C=CCNC(=O)CCCCCCCOc1cc(O)cc(C(C)(C)CCCCCC)c1,8.13
CCCCCc1cc(O)cc(OCCCCCCCCCCCNC2CC2)c1,5.72
C=CCNCCCCCCCCCCCOc1cc(O)cc(CCCCC)c1,5.73
CCCCCc1cc(O)cc(OCCCCCCCCCCC(=O)Nc2ccccc2)c1,6.89
CCCCCc1cc(O)cc(OCCCCCCCC(=O)NC(C)CO)c1,6.92
CCCCCc1cc(O)cc(OCCCCCCCCCCC(=O)NC(CO)CO)c1,6.27
CCCCCc1cc(O)cc(OCCCCCCCCCCC(=O)NCc2ccccc2)c1,6.69
CCCCCCC(C)(C)c1cc(O)cc(OCCCCCCCC(=O)NC(C)CO)c1,7.3
CCCCCc1cc(O)cc(OCCCCCCCCCNC(C)CO)c1,5.82
CCCCCc1cc(O)cc(OCCCCCCCCCCC(=O)NN2CCCCC2)c1,6.17
CCCCCCC(C)(C)c1cc(O)cc(OCCCCCCCCCCCNC(=O)C2CC2)c1,6.19
CCCCCCC(C)(C)c1cc(O)cc(OCCCCCCCC(=O)NCC(F)(F)F)c1,7.55
CCCCCc1cc(O)cc(OCCCCCCCCCCCNCc2ccccc2)c1,6.08
CCCCCCC(C)(C)c1cc(O)cc(OCCCCCCCCCCC(=O)NC(C)CO)c1,7.67
CCCCCc1cc(O)cc(OCCCCCCCCCCC(=O)NN(C)C)c1,6.74
CCCCCCC(C)(C)c1cc(O)cc(OCCCCCCCCCCC(=O)NC(CO)CO)c1,6.64
CCCCCc1cc(O)cc(OCCCCCCCCCCCNC(=O)C2CC2)c1,6.34
CCCCCc1cc(O)cc(OCCCCCCCCCCC(=O)NCC(F)(F)F)c1,7.02
C=CCNC(=O)CCCCCCCCCCOc1cc(O)cc(CCCCC)c1,7.79
CCCCCCC(C)(C)c1cc(O)cc(OCCCCCCCC(=O)NC(CO)CO)c1,6.09
CCCCCc1cc(O)cc(OCCCCCCCCCCC(=O)NC(C)CO)c1,7.01
CCCCCCc1ccc(O)cc1OCCCCCCCCCCCNC(=O)C1CC1,6.6
CC1CCC(NC(=O)c2cc3cccnc3n(CCCCC(=O)O)c2=O)CC1,5.87
CC1CCC(NC(=O)c2cc3cccnc3n(CCC(=O)O)c2=O)CC1,5.86
CC1CCC(NC(=O)c2cc3cccnc3n(CCCC(=O)O)c2=O)CC1,5.61
CC1CCC(NC(=O)c2cc3cccnc3n(CCO)c2=O)CC1,5.68
CCOC(=O)CCCn1c(=O)c(C(=O)NC2CCC(C)CC2)cc2cccnc21,7.2
CC1CCC(NC(=O)c2cc3cccnc3n(CCCO)c2=O)CC1,6.89
CC1CCC(NC(=O)c2cc3cccnc3n(CCCCCF)c2=O)CC1,9.25
COC(=O)CCCCn1c(=O)c(C(=O)NC2CCC(C)CC2)cc2cccnc21,7.57
CCOC(=O)CCn1c(=O)c(C(=O)NC2CCC(C)CC2)cc2cccnc21,6.75
CC1CCC(NC(=O)c2cc3cc(-c4ccco4)cnc3n(CCN3CCOCC3)c2=O)CC1,9.46
CC1CCC(NC(=O)c2cc3cc(-c4ccco4)cnc3n(Cc3ccc(F)cc3)c2=O)CC1,9.57
CC1CCC(NC(=O)c2cc3cccnc3n(CCCCCCO)c2=O)CC1,7.75
CC1CCC(NC(=O)c2cc3cc(-c4cccs4)cnc3n(CCN3CCOCC3)c2=O)CC1,9.77
CC1CCC(NC(=O)c2cc3cccnc3n(CCCCO)c2=O)CC1,7.27
CC1CCC(NC(=O)c2cc3cc(-c4cccs4)cnc3n(Cc3ccc(F)cc3)c2=O)CC1,9.02
CC1CCC(NC(=O)c2cc3cc(-c4ccc(F)cc4)cnc3n(CCN3CCOCC3)c2=O)CC1,9.17
CC1CCC(NC(=O)c2cc3cc(Br)cnc3n(Cc3ccc(F)cc3)c2=O)CC1,9.92
CC1CCC(NC(=O)c2cc3cccnc3n(CCCCF)c2=O)CC1,8.87
CC1CCC(NC(=O)c2cc3cccnc3n(CCCCCCF)c2=O)CC1,8.84
CC1CCC(NC(=O)c2cc3cc(-c4ccc(F)cc4)cnc3n(Cc3ccc(F)cc3)c2=O)CC1,8.66
CCCCn1c(=O)c(C(=O)NC2CCC(C)CC2)cc2cccnc21,8.41
COc1ccc(-c2cnc3c(c2)cc(C(=O)NC2CCC(C)CC2)c(=O)n3Cc2ccc(F)cc2)cc1,8.42
CC1CCC(NC(=O)c2cc3cccnc3n(CCCCCO)c2=O)CC1,8.44
CCCCCn1c(=O)c(C(=O)NC2CCC(C)CC2)cc2cccnc21,8.55
CC1CCC(NC(=O)c2cc3cc(Br)cnc3n(CCN3CCOCC3)c2=O)CC1,8.9
COc1cccc2c(C(=O)N3CCN(C)C(C)C3)cn(CC3CCCCC3)c12,8.8
CCCCc1cc(-c2ccc(OC)cc2)cc(C(=O)NC2CCCCCC2)c1OC,7.94
CCCCc1cc(-c2ccc(OC)cc2)cc(C(=O)NC2CCC(C)CC2)c1OC,7.66
COc1c(C)cc(-c2ccccc2)cc1C(=O)NC1CCCCCC1,7.0
COc1c(C)cc(-c2ccccc2)cc1C(=O)NC1CCC(C)CC1,7.05
COc1c(C)cc(-c2ccc(F)cc2)cc1C(=O)NC1CCCCCC1,7.22
COc1c(C)cc(-c2ccc(F)cc2)cc1C(=O)NC1CCC(C)CC1,7.22
CCCCCOc1cc(C=CC(=O)NCCc2ccncc2)ccc1OC,7.36
CCCCCOc1c(OC)ccc2cc(C(=O)N3CCCc4ccccc4C3)c(=O)[nH]c12,6.93
CCCCCOc1c(OC)ccc2cc(C(=O)N3CCCC(C(=O)OCC)C3)c(=O)[nH]c12,7.0
CCCCCOc1cc(C(=O)NCCc2ccncc2)ccc1OC,7.14
CCCCCOc1c(OC)ccc2c(=O)n(CCc3ccncc3)ccc12,8.08
CCCCCOc1cc(C(=O)NC2CCc3cc(O)c(O)cc3C2)ccc1OC,7.75
CCCCCOc1c(OC)ccc2c1CN(CCc1ccc(O)cc1)C2=O,7.96
CCCCCOc1c(OC)ccc2c1CN(CCc1ccc(N)cc1)C2=O,7.85
CCCCCOc1c(OC)ccc2cc(C(=O)NCCc3ccc(F)cc3)c(=O)[nH]c12,10.72
CCCCCOc1c(OC)ccc2cc(C(=O)NCCc3ccncc3)c(=O)n(C)c12,9.12
CCCCCOc1c(OC)ccc2cc(C(=O)NCCc3ccc(O)cc3)c(O)nc12,9.32
CCCCCOc1ccc(C(=O)NCCc2ccc(O)cc2)cc1OCCCCC,9.36
CCCCOc1c(OC)ccc2cc(C(=O)NCCc3ccccc3)c(=O)[nH]c12,9.48
CCCCCOc1c(OC)ccc2cc(C(=O)NCc3ccc4c(c3)OCO4)c(=O)n(C)c12,9.66
CCCCCOc1c(OC)ccc2cc(C(=O)NCCc3ccccc3F)c(=O)[nH]c12,9.74
CCCCCOc1ccc(C(=O)NCCc2ccc(N)cc2)cc1SCCCCC,8.72
CCCCCOc1c(OC)ccc2cc(C(=O)NCCc3ccc(O)c(OC)c3)c(=O)[nH]c12,9.01
CCCCCOc1ccc2c(c1OCCCCC)CN(CCc1ccc(N)cc1)C2=O,9.96
CCCCCSc1cc(C=CC(=O)NCCc2ccc(O)cc2)ccc1OC,8.96
CCCCCOc1c(OC)ccc2cc(C(=O)NCc3ccc4c(c3)OCO4)c(=O)oc12,10.06
CCCCCNc1c(OC)ccc2c1CN(CCc1ccc(O)cc1)C2=O,10.06
CCCCCOc1c(OC)ccc2cc(C(=O)NCCN3CCOCC3)c(=O)n(C)c12,10.07
CCOc1c(OC)ccc2cc(C(=O)NCc3ccc4c(c3)OCO4)c(=O)[nH]c12,10.28
CCCCCOc1ccc2cc(C(=O)NCCc3ccc(F)cc3)c(=O)[nH]c2c1OCCCCC,10.59
CCCCCOc1cc(C(=O)NCCc2ccc(O)cc2)ccc1OC,8.6
CCCCCOc1c(OC)ccc2cc(C(=O)NCCc3ccc(F)cc3)c(=O)n(C)c12,10.68
CCOc1c(OC)ccc2cc(C(=O)NCCc3ccncc3)c(=O)[nH]c12,10.7
CCCOc1c(OC)ccc2cc(C(=O)NCCc3ccccc3)c(=O)[nH]c12,10.05
CCOCCn1cc(C(=O)NCCc2ccccc2)c(=O)c2cccc(OC)c21,6.44
CCOCCn1cc(C(=O)NC23CC4CC(CC(O)(C4)C2)C3)c(=O)c2cccc(OC)c21,9.1
CCCCn1cc(C(=O)NC23CC4CC(CC(C4)C2)C3)c(=O)c2cccc(OC)c21,8.48
CCOCCn1cc(C(=O)NC23CC4CC(CC(C4)C2)C3)c(=O)c2cccc(OC)c21,9.15
CCCCCCC(C)(C)C1=CC2=C(C(=O)C1=O)c1[nH]ncc1C(C)(C)O2,6.4
COC(=O)NC12CC3CC(C1)CC(c1cc(O)c4c(c1)OC(C)(C)C1CCC(O)CC41)(C3)C2,8.08
CC1(C)Oc2cc(C34CC5CC(CC(C#N)(C5)C3)C4)cc(O)c2C2CC(O)CCC21,8.38
CC1(C)Oc2cc(C34CC5CC(CC(C(N)=O)(C5)C3)C4)cc(O)c2C2CC(O)CCC21,6.47
CC1(C)Oc2cc(C34CC5CC(CC(N=[N+]=[N-])(C5)C3)C4)cc(O)c2C2CC(O)CCC21,7.61
CC1(C)Oc2cc(C34CC5CC(CC(CN=[N+]=[N-])(C5)C3)C4)cc(O)c2C2CC(O)CCC21,8.02
CC1(C)Oc2cc(C34CC5CC(CC(CN=C=S)(C5)C3)C4)cc(O)c2C2CC(O)CCC21,7.99
CC1(C)Oc2cc(C34CC5CC(CC(CC#N)(C5)C3)C4)cc(O)c2C2CC(O)CCC21,8.34
CC1(C)Oc2cc(C34CC5CC(CC(N=C=S)(C5)C3)C4)cc(O)c2C2CC(O)CCC21,7.88
CCCCCn1c(=O)c(C(=O)NC2CCC(C)CC2)cc2ccccc21,8.82
CCCCn1c(=O)c(C(=O)NC2CCC(C)CC2)c(O)c2cccnc21,7.95
CC1CCC(NC(=O)c2cc3ccccc3n(Cc3ccc(F)cc3)c2=O)CC1,9.12
CC1CCC(NC(=O)c2cc3ccccc3n(CCCO)c2=O)CC1,7.44
CCCn1c(=O)c(C(=O)NC2CCC(C)CC2)cc2ccccc21,7.59
CC1CCC(NC(=O)c2cc3ccccc3n(CCN3CCOCC3)c2=O)CC1,8.38
CCCCn1c(=O)c(C(=O)NC2CCC(C)CC2)cc2ccccc21,7.7
CC1CCC(NC(=O)c2c(O)c3cccnc3n(Cc3ccc(F)cc3)c2=O)CC1,9.12
CCCCCn1cc2c(=O)n(CC34CC5CC(CC(C5)C3)C4)nc-2c2ccccc21,9.41
CCCCCn1cc2c(=O)n(C3CCCCC3)nc-2c2ccccc21,7.73
CCCCCn1cc2c(=O)n(CCC34CC5CC(CC(C5)C3)C4)nc-2c2ccccc21,7.58
CCCCCn1nc2c3ccccc3n(CCCCC)cc-2c1=O,8.37
CCCCCn1cc2c(=O)n(CC3CCCCC3)nc-2c2ccccc21,9.21
CCCCCn1cc2c(=O)n(CCC3CCCCC3)nc-2c2ccccc21,8.1
CCCCCn1cc2c(=O)n(-c3ccccc3)nc-2c2ccccc21,5.87
CN(C)C1(c2nc(-c3cc(C(C)(C)C)c(O)c(C(C)(C)C)c3)cs2)CCSCC1,7.09
CN(C)C1(c2nc(-c3cc(C(C)(C)C)c(O)c(C(C)(C)C)c3)co2)CCOCC1,7.29
CC(C)(C)c1cc(-c2csc(C3(N)CCOCC3)n2)cc(C(C)(C)C)c1O,5.57
CN(C)C1(c2nc(-c3cc(C(C)(C)C)c(O)c(C(C)(C)C)c3)cs2)CCOCC1,7.53
CC(C)(C)c1cc(-c2csc(C3(N4CCOCC4)CCOCC3)n2)cc(C(C)(C)C)c1O,6.75
CN(C)C1(c2nc(-c3cc(C(C)(C)C)cc(C(C)(C)C)c3)cs2)CCOCC1,6.9
CN(C)Cc1nc(-c2cc(C(C)(C)C)c(O)c(C(C)(C)C)c2)cs1,5.21
CC(C)(Cc1nnc(-c2ccc(F)cc2)o1)NC(=O)c1ccc(C2CCCC2)c(OCC2CC2)n1,6.38
CCOC(=O)C(CC)(CC)NC(=O)c1ccc(N2CC(OC)C2)c(OCC2CC2)n1,8.6
CC(C)(NC(=O)c1ccc(N2CC(F)(F)C2)c(OCC2CC2)n1)c1nnc(-c2ccccc2)o1,5.4
COC1CN(c2ccc(C(=O)NCC3(O)CCCCC3)nc2OCC2CC2)C1,5.54
CC(C)(OC(=O)c1ccc(C2CCCC2)c(OCC2CC2)n1)c1cc(N)on1,6.45
CCC(CC)(NC(=O)c1ccc(N2CC(OC)C2)c(OCC2CC2)n1)C(=O)NCCF,6.04
CCC(CC)(NC(=O)c1ccc(N2CC(OC)C2)c(OCC2CC2)n1)C(=O)NCCCF,5.68
CCOCCOCC(C)(C)c1cc(NC(=O)c2ccc(C3CCCC3)c(OCC3CC3)n2)on1,6.58
CCC(CC)(NC(=O)c1ccc(N2CC(F)(F)C2)c(OCC2CC2)n1)C(=O)NCCF,6.11
COCCOCC(C)(C)c1cc(NC(=O)c2ccc(C3CCCC3)c(OCC3CC3)n2)on1,6.53
CCOC(=O)C(CC)(CC)NC(=O)c1ccc(C2CCCC2)c(OCC2CC2)n1,7.79
CCC(CC)(NC(=O)c1ccc(N2CC(OC)C2)c(OCC2CC2)n1)C(=O)N1CC(F)C1,7.74
CCC(CC)(NC(=O)c1ccc(N2CC(OC)C2)c(OCC2CC2)n1)C(=O)NC,6.77
COC1CN(c2ccc(C(=O)NC(C)(C)Cc3nnc(-c4ccc(F)cc4)o3)nc2OCC2CC2)C1,6.33
COC1CN(c2ccc(C(=O)NC3(CC(N)=O)COC3)nc2OCC2CC2)C1,5.99
CCCCCc1cc(O)c2c(c1)OC(C)(C)C1CC(O)C(C)=CC21,7.06
CCCCCc1cc2c(c(O)c1C(=O)O)C1C=C(COC(C)=O)CCC1C(C)(C)O2,6.04
C=C1CCC2C(c3c(O)cc(CCCCC)cc3OC2(C)C)C1O,6.89
CCCCCc1cc(O)c2c(c1)OC(C)(C)C1CCC3(C)OC3C21,6.47
CCNC(=O)NCCCCCSc1ccc2ccccc2c1,6.25
O=C(C=CC=Cc1ccc2ccccc2c1)NCCO,5.9
CCOC(=O)CNC(=O)C=CC=Cc1ccc2c(c1)OCCO2,5.59
CCS(=O)(=O)NCCCCCSc1ccc2ccccc2c1,5.88
COCC(COC(C)=O)N(C)C(=O)CCC=CCCCCC(Cl)CCCCCCCl,5.99
COCC(COC(C)=O)N(C)C(=O)CCC=CCCCCC(Cl)CCCCCC(Cl)Cl,6.07
Cc1ccc(C(=O)c2cc(O)c(-c3cc(Cl)cc(Cl)c3)c(O)c2)cc1,6.59
CCCCc1ccc(C(=O)c2cc(O)c(-c3cc(Cl)cc(Cl)c3)c(O)c2)cc1,6.33
CCc1cccc(C(=O)c2cc(O)c(-c3cc(Cl)cc(Cl)c3)c(O)c2)c1,5.76
CCCc1ccc(C(=O)c2cc(O)c(-c3cc(Cl)cc(Cl)c3)c(O)c2)cc1,7.22
CCc1ccc(C(=O)c2cc(O)c(-c3cc(Cl)cc(Cl)c3)c(O)c2)cc1,7.42
O=C(c1cc(O)c(-c2cc(Cl)cc(Cl)c2)c(O)c1)C1CCCCC1,5.8
O=C(c1ccc(Cl)cc1)c1cc(O)c(-c2cc(Cl)cc(Cl)c2)c(O)c1,6.92
CC(C)(C)c1ccc(C(=O)c2cc(O)c(-c3cc(Cl)cc(Cl)c3)c(O)c2)cc1,5.5
Cc1cccc(C(=O)c2cc(O)c(-c3cc(Cl)cc(Cl)c3)c(O)c2)c1,5.58
CC(C)c1ccc(C(=O)c2cc(O)c(-c3cc(Cl)cc(Cl)c3)c(O)c2)cc1,6.79
Cc1ccc(Cn2cc(C(=O)NC3CC(C)CCC3C(C)C)cc2-c2ccc(Cl)c(C)c2)cc1,5.96
Cc1ccc(Cn2cc(C(=O)NC3CCCCC3)cc2-c2ccc(Cl)c(C)c2)cc1,6.61
Cc1ccc(Cn2cc(C(=O)N3CCN(c4ccccc4Cl)CC3)cc2-c2ccc(Cl)c(C)c2)cc1,5.77
Cc1ccc(Cn2cc(C(=O)NC(C)C3CCCCC3)cc2-c2ccc(Cl)c(C)c2)cc1,6.31
Cc1ccc(Cn2cc(C(=O)NC3C4(C)CCC(C4)C3(C)C)c3c2-c2ccc(Cl)c(C)c2C3)cc1,6.46
Cc1ccc(Cn2cc(C(=O)NCC3CCC4CC3C4(C)C)cc2-c2ccc(Cl)c(C)c2)cc1,7.14
Cc1ccc(Cn2cc(C(=O)NC3CC4CCC3(C)C4(C)C)cc2-c2ccc(Cl)c(C)c2)cc1,6.79
Cc1ccc(Cn2cc(C(=O)N3CCCCC3)cc2-c2ccc(Cl)c(C)c2)cc1,6.97
Cc1ccc(Cn2cc(C(=O)NN3CCCCCC3)cc2-c2ccc(Cl)c(C)c2)cc1,6.24
Cc1ccc(Cn2cc(CNC3C4(C)CCC(C4)C3(C)C)cc2-c2ccc(Cl)c(C)c2)cc1,6.46
CC(C)Cn1cc(C(C)(C)C)sc1=NC(=O)c1cc(C(F)(F)F)ccc1OCCN1CCCC1,7.5
CC(C)(O)COc1ccc(C(F)(F)F)cc1C(=O)N=c1sc2ccncc2n1CC1CCC1,8.6
CC(C)Cn1cc(C(C)(C)C)sc1=NC(=O)c1cc(C(F)(F)F)ccc1OCCn1ccnc1,7.02
CCCCn1c(=NC(=O)c2cc(C(F)(F)F)ccc2OCC(C)O)sc2ncccc21,8.85
CCCCn1c(=NC(=O)c2cc(C(F)(F)F)ccc2OCC(C)O)sc2ccncc21,8.7
CCCCn1c(=NC(=O)c2cc(C(F)(F)F)ccc2OCCNC(C)=O)sc2ccncc21,8.82
CCCCn1c(=NC(=O)c2cc(C(F)(F)F)ccc2OCC(C)(C)O)sc2ncccc21,7.82
C#CCCn1cc(C(C)(C)C)sc1=NC(=O)c1cc(C(F)(F)F)ccc1ONC(C)(C)C,7.82
CC(=O)OCCOc1ccc(C(F)(F)F)cc1C(=O)N=c1sc(C(C)(C)C)cn1CC(C)C,7.8
CC(C)(C)c1cn(CCC(F)(F)F)c(=NC(=O)c2cc(C#N)ccc2OC2CCC2)s1,7.28
CCCCn1cc(C(C)(C)C)sc1=NC(=O)c1cc(C(F)(F)F)ccc1NNC(=O)c1cccnc1,8.8
Cc1sc(=NC(=O)c2cc(C(F)(F)F)ccc2OCC2CCCN2C)n(CC2CC2)c1C,7.52
CC(C)Cn1cc(C(C)(C)C)sc1=NC(=O)c1cc(Cl)ccc1OCC1CCO1,8.05
CC(C)Cn1cc(C(C)(C)C)sc1=NC(=O)c1cc(Cl)ccc1OC1CC1,8.0
C=C=CCn1cc(C(C)(C)C)sc1=NC(=O)c1cc(C(F)(F)F)ccc1ONC(C)(C)C,7.77
CC(C)Cn1cc(C(C)(C)C)sc1=NC(=O)c1cc(C(F)(F)F)ccc1OCCO,9.14
CCCCn1c(C(=O)OC)c(C(C)C)sc1=NC(=O)c1cc(C(F)(F)F)ccc1NC(C)(C)C,6.89
CC(C)Cn1cc(C(C)(C)C)sc1=NC(=O)c1cc(C(F)(F)F)ccc1OCC1CCN1,7.36
CC(C)Cn1cc(C(C)(C)C)sc1=NC(=O)c1cc(C(F)(F)F)ccc1OCC1CCOC1,8.3
CCCCn1cc(C(C)(C)C)sc1=NC(=O)c1cc(C(F)(F)F)ccc1OCC(C)(C)O,9.09
CCCCn1c(=NC(=O)c2cc(C(F)(F)F)ccc2OCC(C)(C)O)sc2ccncc21,8.27
CC(C)Cn1cc(C(C)(C)C)sc1=NC(=O)c1cc(C(F)(F)F)ccc1OCC1CCCN1C,7.41
CC(C)Cn1cc(C(C)(C)C)sc1=NC(=O)c1cc(C(F)(F)F)ccc1OCC1CCN1C,7.43
CC(C)Cn1cc(C(C)(C)C)sc1=NC(=O)c1cc(C(F)(F)F)ccc1OC1CCN(C)C1,6.96
CCCCn1c(=NC(=O)c2cc(C(F)(F)F)ccc2OCCC(C)(C)O)sc2ccncc21,7.46
CCCCn1cc(C(C)(C)C)sc1=NC(=O)c1cc(Cl)ccc1OCC(N)=O,8.51
CC(C)Cn1cc(C(C)(C)C)sc1=NC(=O)c1ccccc1OCC1CCCN1C,6.53
CCCCn1c(=NC(=O)c2cc(C(F)(F)F)ccc2ONC(C)(C)C)sc2ccncc21,7.21
CCCCn1cc(C(C)(C)C)sc1=NC(=O)c1cc(C(F)(F)F)ccc1NNC(=O)c1ccncc1,8.96
CCCCn1c(=NC(=O)c2cc(C(F)(F)F)ccc2OCC2CCCN2C)sc2ccncc21,7.47
CC(C)(O)COc1ccc(C(F)(F)F)cc1C(=O)N=c1sc2ccncc2n1CCCC(F)(F)F,8.08
CC(C)Cn1cc(C(C)(C)C)sc1=NC(=O)c1cc(C(F)(F)F)ccc1OCc1ccco1,8.13
CN1CCCC1COc1ccc(C(F)(F)F)cc1C(=S)N=c1sc(C(C)(C)C)cn1CC1CCCO1,8.89
CC(C)(C)c1cn(CC2CCCO2)c(=NC(=O)c2cc(C(F)(F)F)ccc2OCc2ccccn2)s1,7.7
CC(C)(C)c1cn(CC2CCCO2)c(=NC(=O)c2cc(C(F)(F)F)ccc2OCC2CNCCO2)s1,7.68
CCN(CC)Oc1ccc(C(F)(F)F)cc1C(=O)N=c1sc(C(C)(C)C)cn1CC1CCCO1,7.66
COCCn1cc(C(C)(C)C)sc1=NC(=O)c1cc(C(F)(F)F)ccc1OCc1cnccn1,7.35
CC(=O)NOc1ccc(C(F)(F)F)cc1C(=O)N=c1sc(C(C)(C)C)cn1CC1CCCO1,8.92
CN1C(=O)CCC1COc1ccc(C(F)(F)F)cc1C(=O)N=c1sc(C(C)(C)C)cn1CC1CCCO1,7.21
CC(C)(C)c1cn(CC2CCCO2)c(=NC(=O)c2cc(C(F)(F)F)ccc2OCC2CCC[N+]2(C)[O-])s1,7.62
CC(C)(C)c1cn(CC2CCCO2)c(=NC(=O)c2cc(C(F)(F)F)ccc2ON=C2CCCC2)s1,9.3
CC(C)(O)CCOc1ccc(C(F)(F)F)cc1C(=O)N=c1sc(C(C)(C)C)cn1CC1CCCO1,8.89
CC(C)(C)c1cn(CC2CCCO2)c(=NC(=O)c2cc(C(F)(F)F)ccc2OCCNCCO)s1,7.47
CC(C)(C)c1cn(CC2CCCO2)c(=NC(=O)c2cc(C(F)(F)F)ccc2OCC2CCCO2)s1,9.3
CN1CCC(COc2ccc(C(F)(F)F)cc2C(=O)N=c2sc(C(C)(C)C)cn2CC2CCCO2)CC1,6.0
CN1CCN(C)C(COc2ccc(C(F)(F)F)cc2C(=O)N=c2sc(C(C)(C)C)cn2CC2CCCO2)C1,7.6
CN1CCCCC1COc1ccc(C(F)(F)F)cc1C(=O)N=c1sc(C(C)(C)C)cn1CC1CCCO1,9.15
CC(C)(C)c1cn(CC2CCCO2)c(=NC(=O)c2cc(C(F)(F)F)ccc2OCCCN=COC2CCCCO2)s1,7.6
CN1CCCC1CNc1ccc(C(F)(F)F)cc1C(=O)N=c1sc(C(C)(C)C)cn1CC1CCCO1,7.44
CC(C)(C)c1cn(CC2CCCO2)c(=NC(=O)c2cc(C(F)(F)F)ccc2OCc2cnco2)s1,7.58
CC(C)(C)c1cn(CC2CCCO2)c(=NC(=O)c2cc(C(F)(F)F)ccc2OCC(C)(C)n2cccc2)s1,7.47
CC(O)COc1ccc(C(F)(F)F)cc1C(=O)N=c1sc(C(C)(C)C)cn1CC1CCCO1,8.96
CN1CCCC1COc1ccc(C(F)(F)F)cc1C(=O)N=c1scc(C(C)(C)C)n1CC1CCCO1,6.54
CC(C)(C)c1cn(CC2CCCO2)c(=NC(=O)c2cc(C(F)(F)F)ccc2OCC2CCCCN2)s1,9.15
CC(C)(C)C(=O)COc1ccc(C(F)(F)F)cc1C(=O)N=c1sc(C(C)(C)C)cn1CC1CCCO1,9.05
CC(CN1CCCC1COc1ccc(C(F)(F)F)cc1C(=O)N=c1sc(C(C)(C)C)cn1CC1CCCO1)=NO,7.07
Cn1ccnc1COc1ccc(C(F)(F)F)cc1C(=O)N=c1sc(C(C)(C)C)cn1CC1CCCO1,7.28
CN1CCC(COc2ccc(C(F)(F)F)cc2C(=O)N=c2sc(C(C)(C)C)cn2CC2CCCO2)C1,7.04
CC(C)(C)C(COc1ccc(C(F)(F)F)cc1C(=O)N=c1sc(C(C)(C)C)cn1CC1CCCO1)=NO,8.27
CC(C)(C)c1cn(CC2CCCO2)c(=NC(=O)c2cc(C(F)(F)F)ccc2OCc2nccs2)s1,8.26
CN1CC(COc2ccc(C(F)(F)F)cc2C(=O)N=c2sc(C(C)(C)C)cn2CC2CCCO2)C1,6.68
CN1CC(F)CC1COc1ccc(C(F)(F)F)cc1C(=O)N=c1sc(C(C)(C)C)cn1CC1CCCO1,8.7
CC(C)(C)c1cn(CC2CCCO2)c(=NC(=O)c2cc(C(F)(F)F)ccc2OCc2ccccc2)s1,8.22
CC(=O)C(C)=NOc1ccc(C(F)(F)F)cc1C(=O)N=c1sc(C(C)(C)C)cn1CC1CCCO1,8.48
CC(C)(C)c1cn(CC2CCCO2)c(=NC(=O)c2cc(C(F)(F)F)ccc2OCc2ccn[nH]2)s1,7.96
Cn1cncc1COc1ccc(C(F)(F)F)cc1C(=O)N=c1sc(C(C)(C)C)cn1CC1CCCO1,6.94
CC(COc1ccc(C(F)(F)F)cc1C(=O)N=c1sc(C(C)(C)C)cn1CC1CCCO1)=NO,8.74
CCN1CCCC1COc1ccc(C(F)(F)F)cc1C(=O)N=c1sc(C(C)(C)C)cn1CC1CCCO1,8.09
CC(C)N1CCCC1COc1ccc(C(F)(F)F)cc1C(=O)N=c1sc(C(C)(C)C)cn1CC1CCCO1,6.99
CC(C)(C)c1cn(CC2CCCO2)c(=NC(=O)c2cc(C(F)(F)F)ccc2OCC(N)CO)s1,8.13
CC(=O)N1CCCC1COc1ccc(C(F)(F)F)cc1C(=O)N=c1sc(C(C)(C)C)cn1CC1CCCO1,6.97
CN1CCC1COc1ccc(C(F)(F)F)cc1C(=O)N=c1sc(C(C)(C)C)cn1CC1CCCO1,8.13
CC(C)(C)c1cn(CC2CCCO2)c(=NC(=O)c2cc(C(F)(F)F)ccc2OCc2cccnc2)s1,7.89
CC(C)(C)c1cn(CC2CCCO2)c(=NC(=O)c2cc(C(F)(F)F)ccc2OCc2cccc[n+]2[O-])s1,6.68
CC(C)NOc1ccc(C(F)(F)F)cc1C(=O)N=c1sc(C(C)(C)C)cn1CC1CCCO1,9.52
CC(C)(C)c1cn(CC2CCCO2)c(=NC(=O)c2cc(C(F)(F)F)ccc2OCc2cnccn2)s1,8.3
CC(C)(C)OC(=O)NNc1ccc(C(F)(F)F)cc1C(=O)N=c1sc(C(C)(C)C)cn1CC1CCCO1,9.4
CC(=NOc1ccc(C(F)(F)F)cc1C(=O)N=c1sc(C(C)(C)C)cn1CC1CCCO1)C(F)(F)F,8.36
CC(C)(C)NOc1ccc(C(F)(F)F)cc1C(=O)N=c1sc(C(C)(C)C)cn1CC1CCCO1,8.74
CC(C)(C)c1cn(CC2CCCO2)c(=NC(=O)c2cc(C(F)(F)F)ccc2OCC2CCCN2)s1,8.34
CN(CCOc1ccc(C(F)(F)F)cc1C(=O)N=c1sc(C(C)(C)C)cn1CC1CCCO1)c1ccccc1,7.85
CC(C)(C)NNc1ccc(C(F)(F)F)cc1C(=O)N=c1sc(C(C)(C)C)cn1CC1CCCO1,8.43
CC(C)(C)COC=NCCCOc1ccc(C(F)(F)F)cc1C(=O)N=c1sc(C(C)(C)C)cn1CC1CCCO1,8.31
CN1CCCC1COc1ccc(C(F)(F)F)cc1C(=O)N=c1sc(C(C)(C)C)cn1CC1CCCO1,8.34
O=C(CCCOc1ccc(Cl)cc1Cl)NNC=C1C=CC=CC1=O,8.44
CC(C)(C)c1cn(CC2CCCO2)c(=NC(=O)c2cc(C(F)(F)F)ccc2OCC2CCN2)s1,7.82
CC(C)(C)c1cn(CC2CCCO2)c(=NC(=O)c2cc(C(F)(F)F)ccc2OCC2CCCN2S(C)(=O)=O)s1,7.8
COCCn1nc(C(C)(C)C)sc1=NC(=O)c1cc(C(F)(F)F)ccc1ONC(C)(C)C,7.41
CCCCn1nc(C(C)(C)C)sc1=NC(=O)c1cc(C(F)(F)F)ccc1ON=C(C)C(F)(F)F,7.28
CCCCn1nc(C(C)(C)C)sc1=NC(=O)c1cc(C(F)(F)F)ccc1ON=C(N)CC,8.29
CC(C)(C)NOc1ccc(C(F)(F)F)cc1C(=O)N=c1sc(C(C)(C)C)nn1CCCCF,8.21
CC(C)(C)NOc1ccc(C(F)(F)F)cc1C(=O)N=c1sc(C(C)(C)C)nn1CCCC#N,8.37
CCCCn1nc(C(C)(C)C)sc1=NC(=O)c1cc(C(F)(F)F)ccc1ON=C(CC)C(=O)ON,8.21
CCCCn1nc(C(C)(C)C)sc1=NC(=O)c1cc(C(F)(F)F)ccc1ONC(C)=O,9.0
CCCCn1nc(C(C)(C)C)sc1=NC(=O)c1cc(C(F)(F)F)ccc1N=NC(C)(C)C,8.21
CCCCn1nc(C(C)(C)C)sc1=NC(=O)c1cc(C(F)(F)F)ccc1NNC(=O)OC(C)(C)C,9.0
CCCCn1nc(C(C)(C)C)sc1=NC(=O)c1cc(C(F)(F)F)ccc1ON=C(N)C(C)C,8.28
CCCCn1nc(C(C)(C)C)sc1=NC(=O)c1cc(C(F)(F)F)ccc1NNC(=O)c1ccncc1,9.1
CCCCn1nc(C(C)(C)C)sc1=NC(=O)c1cc(C(F)(F)F)ccc1NNCc1ccccc1,7.37
CCCCn1nc(C(C)(C)C)sc1=NC(=O)c1cc(C(F)(F)F)ccc1N(N=Cc1cccc(C)n1)C(=O)OC(C)(C)C,7.36
CCCCn1nc(C(C)(C)C)sc1=NC(=O)c1cc(C(F)(F)F)ccc1NNC(N)=O,7.33
CCCCn1nc(C(C)(C)C)sc1=NC(=O)c1cc(C(F)(F)F)ccc1NNC(=O)c1cccnc1,8.96
CCCCn1nc(C(C)(C)C)sc1=NC(=O)c1cc(C(F)(F)F)ccc1ON=C(C)C(C)=O,7.75
CCCCn1nc(C(C)(C)C)sc1=NC(=O)c1cc(C(F)(F)F)ccc1ON=C(C)C(C)(C)C,6.67
CCCCn1nc(C(C)(C)C)sc1=NC(=O)c1cc(C(F)(F)F)ccc1ON=C(N)c1ccccn1,7.75
CC(C)(C)NOc1ccc(C(F)(F)F)cc1C(=O)N=c1sc(C(C)(C)C)nn1CC1CCCCO1,8.77
CCCCn1nc(C(C)(C)C)sc1=NC(=O)c1cc(C(F)(F)F)ccc1ON=C1CCCC1,8.77
CCCCn1nc(C(C)(C)C)sc1=NC(=O)c1cc(C(F)(F)F)ccc1ON(C)C,7.68
CC(C)(C)NOc1ccc(C(F)(F)F)cc1C(=O)N=c1sc(C(C)(C)C)nn1CCCC(F)(F)F,8.74
CCCCn1nc(C(C)(C)C)sc1=NC(=O)c1cc(C(F)(F)F)ccc1ON=C(N)c1ccc(F)cc1,7.68
CCCCn1nc(C(C)(C)C)sc1=NC(=O)c1cc(C(F)(F)F)ccc1ON=C1CCCCCN1,8.8
CC(C)(C)NOc1ccc(C(F)(F)F)cc1C(=O)N=c1sc(C(C)(C)C)nn1CC1CC1,7.8
CCCCn1c(=NC(=O)c2cc(C(F)(F)F)ccc2ONC(C)C)cc(C(C)(C)C)n1C,7.8
CCCCn1nc(C(C)(C)C)sc1=NC(=O)c1cc(C(F)(F)F)ccc1ON=C(C)N,7.8
Cn1c(C(C)(C)C)cc(=NC(=O)c2cc(C(F)(F)F)ccc2ONC(C)(C)C)n1CC1CCCO1,7.62
CCCCn1nc(C2(C)CC2)sc1=NC(=O)c1cc(C(F)(F)F)ccc1ONC(C)(C)C,7.8
CC(C)(C)NOc1ccc(C(F)(F)F)cc1C(=O)N=c1sc(C(C)(C)C)nn1CC1CCO1,7.82
CCCCn1nc(C(C)(C)C)sc1=NC(=O)c1cc(C(F)(F)F)ccc1N(C)N(C)C(=O)OC(C)(C)C,6.55
CCCCn1c(=NC(=O)c2cc(C(F)(F)F)ccc2ON=C(C)C(F)(F)F)cc(C(C)(C)C)n1C,7.92
CCCCn1nc(C(C)(C)C)sc1=NC(=O)c1cc(C(F)(F)F)ccc1ON=C(C)C,7.92
Cn1c(C(C)(C)C)cc(=NC(=O)c2cc(C#N)ccc2ONC(C)(C)C)n1CC1CCCO1,6.68
Cn1c(C(C)(C)C)cc(=NC(=O)c2cc(C(F)(F)F)ccc2ONC(C)(C)C)n1CC1CCC1,7.57
CC(C)Cn1nc(C(C)(C)C)sc1=NC(=O)c1cc(C(F)(F)F)ccc1ONC(C)(C)C,7.54
CCCCn1nc(C(C)(C)C)sc1=NC(=O)c1cc(C(F)(F)F)ccc1ONC(C)(C)C,7.96
CC(C)(C)NOc1ccc(C(F)(F)F)cc1C(=O)N=c1sc(C(C)(C)C)nn1CC1CCCO1,8.0
CCCCn1nc(C(C)(C)C)sc1=NC(=O)c1cc(C(F)(F)F)ccc1ON=C(N)C1CC1,8.6
CCCCn1c(=NC(=O)c2cc(C(F)(F)F)ccc2NNC(=O)c2cccnc2)cc(C(C)(C)C)n1C,8.6
CC(C)(C)NOc1ccc(C(F)(F)F)cc1C(=O)N=c1sc(C(C)(C)C)nn1CC1CCC1,8.55
CCCCn1nc(C(C)(C)C)sc1=NC(=O)c1cc(C(F)(F)F)ccc1NN=C(C)C,6.61
CCCCn1nc(C(C)(C)C)sc1=NC(=O)c1cc(Cl)ccc1ONC(C)(C)C,8.07
CCCCn1nc(C(C)(C)C)sc1=NC(=O)c1cc(C(F)(F)F)ccc1NN=Cc1cccc(C)n1,6.73
Cn1c(C(C)(C)C)cc(=NC(=O)c2cc(Cl)ccc2ONC(C)(C)C)n1CC1CCCO1,7.28
CCCCn1nc(C(C)(C)C)sc1=NC(=O)c1cc(C(F)(F)F)ccc1ON=C(N)C(C)(C)C,7.19
CCCCn1nc(C(C)(C)C)sc1=NC(=O)c1cc(C(F)(F)F)ccc1ONC(=O)C(C)(C)C,9.22
CCCCn1nc(C(C)(C)C)sc1=NC(=O)c1cc(C(F)(F)F)ccc1ON=C(N)c1ccncc1,7.17
Cn1c(C(C)(C)C)cc(=NC(=O)c2cc(C(F)(F)F)ccc2ONC(C)(C)C)n1CCC(F)(F)F,7.17
CCCCn1nc(C(C)(C)C)sc1=NC(=O)c1cc(C(F)(F)F)ccc1ONC(C)C,9.22
CCCCn1c(=NC(=O)c2cc(C(F)(F)F)ccc2ONC(C)(C)C)cc(C(C)(C)C)n1C,7.11
CCCCn1nc(C(C)(C)C)sc1=NC(=O)c1cc(C(F)(F)F)ccc1NNC(=O)C(C)(C)C,9.4
CCCCn1cc(C(C)(C)C)ccc1=NC(=O)c1cc(C(F)(F)F)ccc1ONC(C)(C)C,7.06
CCCCn1nc(C(C)(C)C)sc1=NC(=O)c1cc(C(F)(F)F)ccc1ON=C(N)c1cccnc1,7.06
CCCCn1nc(C(C)(C)C)sc1=NC(=O)c1cc(C(F)(F)F)ccc1ONC(=O)OC(C)(C)C,9.49
Cn1c(C(C)(C)C)cc(=NC(=O)c2cc(C(F)(F)F)ccc2ONC(C)(C)C)n1CC1CC1,7.27
CCCCn1nc(C(C)(C)C)sc1=NC(=O)c1ccc(C(F)(F)F)cc1ONC(C)(C)C,6.9
CCCCn1ccc(C(C)(C)C)cc1=NC(=O)c1cc(C(F)(F)F)ccc1ONC(C)(C)C,6.89
CCCCn1nc(C(C)(C)C)sc1=NC(=O)c1cc(C(F)(F)F)ccc1NNC(=O)OC,9.15
CCCOC(=O)N1CCC(NC(=O)c2nn(-c3ccc(Cl)cc3Cl)c(-c3ccc(Cl)cc3)c2C)CC1,5.81
Cc1c(C(=O)NC2CCN(S(=O)(=O)CCC(F)(F)F)CC2)nn(-c2ccc(Cl)cc2Cl)c1-c1ccc(Cl)cc1,5.33
Cc1c(C(=O)NC2CCN(C(=O)c3ccccc3)CC2)nn(-c2ccc(Cl)cc2Cl)c1-c1ccc(Cl)cc1,5.76
CCCCC(=O)N1CCC(NC(=O)c2nn(-c3ccc(Cl)cc3Cl)c(-c3ccc(Cl)cc3)c2C)CC1,5.75
Cc1c(C(=O)NC2CCN(C(=O)CC(C)C)CC2)nn(-c2ccc(Cl)cc2Cl)c1-c1ccc(Cl)cc1,5.74
Cc1c(C(=O)NC2CCN(C(=O)OC(C)C)CC2)nn(-c2ccc(Cl)cc2Cl)c1-c1ccc(Cl)cc1,5.71
Cc1c(C(=O)NC2CCN(C(=O)C3CCCC3)CC2)nn(-c2ccc(Cl)cc2Cl)c1-c1ccc(Cl)cc1,5.6
Cc1c(C(=O)NC2CCN(C(=O)C(F)(F)F)CC2)nn(-c2ccc(Cl)cc2Cl)c1-c1ccc(Cl)cc1,5.98
Cc1c(C(=O)NC2CCN(S(=O)(=O)CC(C)C)CC2)nn(-c2ccc(Cl)cc2Cl)c1-c1ccc(Cl)cc1,5.21
CCS(=O)(=O)N1CCC(NC(=O)c2nn(-c3ccc(Cl)cc3Cl)c(-c3ccc(Cl)cc3)c2C)CC1,5.36
CCCCCn1cc(C(=O)NC23CC4CC(CC(C4)C2)C3)c(=O)n2nc(-c3ccc(C)cc3)nc12,8.17
C=CCN(CC=C)c1nc2n(CCCCC)cc(C(=O)NC34CC5CC(CC(C5)C3)C4)c(=O)n2n1,6.8
CCCCCn1cc(C(=O)NC23CC4CC(C)(CC(C)(C4)C2)C3)c(=O)n2nc(-c3ccccc3)nc12,8.08
CCCCCn1cc(C(=O)NC2CCCCC2)c(=O)n2nc(C)nc12,6.17
CCCCCn1cc(C(=O)NC2CCCCCC2)c(=O)n2ncnc12,6.29
CCCCCn1cc(C(=O)NC23CC4CC(CC(C4)C2)C3)c(=O)n2nc(-c3ccco3)nc12,7.35
CCCCCn1cc(C(=O)NC23CC4CC(CC(C4)C2)C3)c(=O)n2nc(-c3ccc(Cl)cc3)nc12,7.95
CCCCCn1cc(C(=O)NC2CCCCC2)c(=O)n2nc(-c3ccc(OC)cc3)nc12,7.02
CCCCCn1cc(C(=O)NC2CCCCC2)c(=O)n2nc(SC)nc12,6.14
CCCCCn1cc(C(=O)NC2CCCCC2)c(=O)n2nc(-c3ccc(C)cc3)nc12,7.51
CCCCCn1cc(C(=O)NC23CC4CC(C)(CC(C)(C4)C2)C3)c(=O)n2ncnc12,7.6
CCCCCn1cc(C(=O)NC23CC4CC(CC(C4)C2)C3)c(=O)n2nc(N3CCOCC3)nc12,7.28
CCCCCn1cc(C(=O)NC2CCCCC2)c(=O)n2nc(-c3ccc(Cl)cc3)nc12,6.93
CCCCCn1cc(C(=O)NC2CCCCCC2)c(=O)n2nc(N3CCN(C)CC3)nc12,6.01
CCCCCn1cc(C(=O)NC2CCCCCC2)c(=O)n2nc(-c3ccccc3)nc12,7.32
CCCCCn1cc(C(=O)NC2CCCCC2)c(=O)n2nc(-c3ccccc3)nc12,7.37
CCCCCn1cc(C(=O)NC23CC4CC(CC(C4)C2)C3)c(=O)n2nc(C)nc12,6.42
CCCCCn1cc(C(=O)NC2CCCCCC2)c(=O)n2nc(-c3ccc(C)cc3)nc12,7.66
CCCCCn1cc(C(=O)NC23CC4CC(CC(C4)C2)C3)c(=O)n2nc(-c3ccc(OC)cc3)nc12,7.33
CCCCCn1cc(C(=O)NC2CCCCCC2)c(=O)n2nc(N3CCOCC3)nc12,6.25
CCCCCn1cc(C(=O)NC2CCCCC2)c(=O)n2nc(N(C)Cc3ccccc3)nc12,5.88
C=CCN(CC=C)c1nc2n(CCCCC)cc(C(=O)NC3CCCCC3)c(=O)n2n1,5.87
CCCCCn1cc(C(=O)NC23CC4CC(CC(C4)C2)C3)c(=O)n2nc(SC)nc12,7.33
CCCCCn1cc(C(=O)NC23CC4CC(CC(C4)C2)C3)c(=O)n2nc(N(C)Cc3ccccc3)nc12,7.68
CCCCCn1cc(C(=O)NC23CC4CC(CC(C4)C2)C3)c(=O)n2nc(-c3cccnc3)nc12,6.64
CC1(C)C2CCC1(C)C(NC(=O)c1nn(-c3ccc(Cl)cc3Cl)c3c1Cc1cc(C4CC4)ccc1-3)C2,7.42
O=C(NN1CCCCC1)c1nn(-c2ccc(Cl)cc2Cl)c2c1Cc1cc(C3CCCCC3)ccc1-2,6.29
O=C(NN1CCCC1)c1nn(-c2ccc(Cl)cc2Cl)c2c1Cc1cc(C3CCCCC3)ccc1-2,6.29
O=C(NN1CCCC1)c1nn(-c2ccc(Cl)cc2Cl)c2c1Cc1cc(C3CC3)ccc1-2,6.82
O=C(NN1CCOCC1)c1nn(-c2ccc(Cl)cc2Cl)c2c1Cc1cc(C3CC3)ccc1-2,6.7
O=C(NN1CCCCC1)c1nn(-c2ccc(Cl)cc2Cl)c2c1Cc1cc(C3CC3)ccc1-2,7.16
CC12CCC(C1)C(C)(C)C2NC(=O)c1nn(-c2ccc(Cl)cc2Cl)c2c1CCc1cc(C3CC3)ccc1-2,5.26
O=C(NN1CCCCC1)c1nn(-c2ccc(Cl)cc2Cl)c2c1CCc1cc(C3CC3)ccc1-2,6.84
O=C(NN1CCCCC1)c1nn(-c2ccc(Cl)cc2Cl)c2c1ccc1cc(C3CC3)ccc12,6.08
O=C(c1nn(-c2ccc(Cl)cc2Cl)c2c1Cc1cc(C3CC3)ccc1-2)N1CCCCC1,6.38
COc1ccc2c(c1)OC(C)(C)c1cn(CCN3CCN(C(=O)c4cccs4)CC3)nc1-2,7.81
COc1ccc2c(c1)OC(C)(C)c1cn(CCN3CCN(C(=O)C4CCCCC4)CC3)nc1-2,6.28
COc1ccc2c(c1)OC(C)(C)c1cn(CCN3CCN(C(=O)c4ccco4)CC3)nc1-2,6.16
COc1ccc2c(c1)OC(C)(C)c1cn(CCN3CCN(C(=O)C(C)(C)C)CC3)nc1-2,5.19
COc1ccc2c(c1)OC(C)(C)c1cnn(CNC(=O)CN3CCN(c4ccccc4)CC3)c1-2,5.31
COc1c(Cc2ccc(F)cc2)cc(-c2ccc(F)cc2)cc1C(=O)NC1CCCCCC1,6.58
C=CCc1ccc(OCCCC)c(-c2ccc(OCCCC)c(CC=C)c2)c1,5.75
COc1c(Cc2ccccc2)cc(-c2ccccc2)cc1C(=O)NC1CCCCCC1,6.23
COc1c(Cc2ccc(F)cc2)cc(-c2ccccc2)cc1C(=O)NC1CCCCCC1,7.08
CCCCc1cc(-c2ccc(F)cc2)cc(C(=O)NC2CCC(C)CC2)c1OC,5.85
C=CCc1ccc(OC)c(-c2ccc(OC)c(CC=C)c2)c1,5.86
COc1ccc(-c2cc(C)c(OC)c(C(=O)NC3CCCCCC3)c2)cc1,5.56
COc1ccc(-c2cc(Cc3ccc(F)cc3)c(OC)c(C(=O)NC3CCC(C)CC3)c2)cc1,6.71
COc1c(Cc2ccccc2)cc(-c2ccccc2)cc1C(=O)NC1CCC(C)CC1,5.57
CCCCc1cc(-c2ccccc2)cc(C(=O)NC2CCCCCC2)c1OC,6.45
CCCCc1cc(-c2ccc(F)cc2)cc(C(=O)NC2CCCCCC2)c1OC,6.78
OC(CC1CCCCC1)c1nn(-c2ccc(Cl)cc2Cl)c2c1CCCc1cc(Cl)ccc1-2,7.62
O=C(NC1CCCCC1)c1nn(-c2ccc(Cl)cc2Cl)c2c1CCCc1cc(Cl)ccc1-2,7.75
O=C(NN1CCCCCC1)c1nn(-c2ccc(Cl)cc2Cl)c2c1CCCc1cc(Cl)ccc1-2,7.55
Cc1ccc(Cn2nc(C(=O)NCC3CCC4CC3C4(C)C)c3c2-c2cc(Cl)ccc2CCC3)cc1,7.29
O=C(NCC1CCCO1)c1nn(-c2ccc(Cl)cc2Cl)c2c1CCCc1cc(Cl)ccc1-2,7.28
CC1(C)C2CCC(CNC(=O)c3nn(-c4ccc(Cl)cc4Cl)c4c3CCCc3cc(Cl)ccc3-4)C1C2,7.71
Cc1ccc(Cn2nc(C(=O)NCC3CCC4CC3C4(C)C)c3c2-c2ccc(Cl)cc2CCC3)cc1,8.02
O=C(NCC1CCCCC1)c1nn(-c2ccc(Cl)cc2Cl)c2c1CCCc1cc(Cl)ccc1-2,7.5
O=C(NN1CCCC1)c1nn(-c2ccc(Cl)cc2Cl)c2c1CCCc1cc(Cl)ccc1-2,6.74
O=C(NN1CCCCC1)c1nn(-c2ccc(Cl)cc2Cl)c2c1CCCc1cc(Cl)ccc1-2,7.25
O=C(CC1CCCCC1)c1nn(-c2ccc(Cl)cc2Cl)c2c1CCCc1cc(Cl)ccc1-2,6.49
CCOC(=O)c1c(NC(=O)C23CC4CC(CC(C4)C2)C3)sc2c1CCCC2,8.67
CCOC(=O)c1c(NC(=O)c2cccc3ccccc23)sc2c1CCCC2,7.78
CCc1c(C(=O)NCCc2ccccc2)cc(C)n1-c1ccccc1,6.14
CCOC(=O)c1c(NC(=O)c2ccc3ccccc3c2)sc2c1CCCC2,5.75
Cc1cc(C(=O)Nc2cccc3ccccc23)c(C)n1-c1ccccc1,7.08
CCc1c(C(=O)Nc2cccc3ccccc23)cc(C)n1-c1ccccc1,7.7
Cc1cc(C(=O)Nc2ccc3ccccc3c2)c(C)n1-c1ccccc1,7.23
CCc1c(C(=O)NC2CCCCC2)cc(C)n1-c1ccccc1,6.77
CCOC(=O)c1cc(-c2ccccc2)sc1NC(=O)c1cccc2ccccc12,7.22
CCOC(=O)c1c(NS(=O)(=O)c2cccc3ccccc23)sc2c1CCCC2,6.1
Cc1cc(C(=O)NC(C)c2ccccc2)c(C)n1-c1ccccc1,6.26
CCOC(=O)c1c(NS(=O)(=O)c2ccccc2)sc2c1CCCC2,5.7
Cc1cc(C(=O)NCCc2ccccc2)c(C)n1-c1ccccc1,6.23
CCOC(=O)c1c(NC(=O)CCc2ccccc2)sc2c1CCCC2,6.95
CCc1c(C(=O)NC23CC4CC(CC(C4)C2)C3)cc(C)n1-c1ccccc1,8.21
Cc1cc(C(=O)NC2CCCCC2)c(C)n1-c1ccccc1,6.78
CCCc1sc2ccccc2c1C(=O)c1ccc(OC)cc1,6.52
O=C(c1cccc2ccccc12)n1c(C2CCC2)nc2ccccc21,5.85
CCCCc1nc2ccccc2n1C(=O)c1ccc(OC)cc1,5.8
CC(C)Cc1sc2ccccc2c1C(=O)c1cccc2ccccc12,6.3
COc1ccc(C(=O)n2c(C(C)(C)C)nc3ccccc32)cc1,6.22
CC(C)(C)c1nc2ccccc2n1C(=O)c1cccc2ccccc12,7.1
COc1ccc(C(=O)n2c(-c3ccc(OC)cc3)nc3ccccc32)cc1,5.82
CC(C)c1nc2ccccc2n1C(=O)c1cccc2ccccc12,6.3
O=C(c1cccc2ccccc12)c1csc2ccccc12,6.7
CCCc1nc2ccccc2n1C(=O)c1ccc(OC)cc1,5.72
COc1ccc(C(=O)n2c(C3CCCCC3)nc3ccccc32)cc1,6.16
CCCCc1nc2ccccc2n1C(=O)c1cccc2ccccc12,6.4
COc1ccc(C(=O)n2c(C3CCCC3)nc3ccccc32)cc1,6.3
O=C(c1cccc2ccccc12)n1c(C2CCCC2)nc2ccccc21,6.16
O=C(c1cc2ccccc2s1)c1cccc2ccccc12,6.0
CCCc1sc2ccccc2c1C(=O)c1cccc2ccccc12,6.0
CCc1sc2ccccc2c1C(=O)c1cccc2ccccc12,6.16
COc1ccc(C(=O)n2c(C3CCC3)nc3ccccc32)cc1,6.05
COc1ccc(C(=O)n2c(C(C)C)nc3ccccc32)cc1,6.1
COc1ccc(C(=O)c2c(-c3ccc(OC)cc3)sc3ccccc23)cc1,7.0
CCCCCc1sc2ccccc2c1C(=O)c1ccc(OC)cc1,6.52
CC(C)Cc1nc2ccccc2n1C(=O)c1cccc2ccccc12,7.0
CCCCCc1sc2ccccc2c1C(=O)c1cccc2ccccc12,6.52
COc1ccc(Cn2c(-c3ccc(OC)cc3)nc3ccccc32)cc1,6.16
O=C(NC1CCCCCC1)c1cc(-c2ccccc2)nn(Cc2ccc(F)cc2)c1=O,7.8
Cc1cc(-c2cc(C(=O)NC34CC5CC(CC(C5)C3)C4)c(=O)n(Cc3ccc(F)cc3)n2)ccc1Cl,8.47
CC1CCC(NC(=O)c2cc(-c3ccccc3)nn(Cc3ccc(F)cc3)c2=O)CC1,8.24
Cc1cc(-c2cc(C(=O)NC3CCCCCC3)c(=O)n(Cc3ccc(F)cc3)n2)ccc1Cl,8.31
O=C(NC1CCCCC1)c1cc(-c2ccccc2)nn(Cc2ccc(F)cc2)c1=O,7.36
Cc1cc(-c2cc(C(=O)NC3CCCCC3)c(=O)n(Cc3ccc(F)cc3)n2)ccc1Cl,8.33
Cc1ccc(-c2cc(C(=O)NC34CC5CC(CC(C5)C3)C4)c(=O)n(C3CCCC3)n2)cc1Cl,8.12
O=C(NC1CCCCCC1)c1cc(-c2ccccc2)nn(C2CCCC2)c1=O,7.89
Cc1cc(-c2cc(C(=O)NC3C4(C)CCC(C4)C3(C)C)c(=O)n(Cc3ccc(F)cc3)n2)ccc1Cl,8.59
Cc1cc(-c2cc(C(=O)NCCN3CCOCC3)c(=O)n(Cc3ccc(F)cc3)n2)ccc1Cl,6.51
Cc1cc(-c2cc(C(=O)NC3CCC(C)CC3)c(=O)n(Cc3ccc(F)cc3)n2)ccc1Cl,8.7
CC1=CCC2C(C1)c1c(O)cc(C(C)(C)C(=O)OCCCC#N)cc1OC2(C)C,8.85
CC1=CCC2C(C1)c1c(O)cc(C(C)(C)C(=O)OCCCCBr)cc1OC2(C)C,9.1
CC1=CCC2C(C1)c1c(O)cc(C(C)(C)C(=O)OCCCCC#N)cc1OC2(C)C,9.05
CC1=CCC2C(C1)c1c(O)cc(C3(C(=O)OCCCCBr)CCC3)cc1OC2(C)C,9.15
CCCCC(=O)OCC(C)(C)c1cc(O)c2c(c1)OC(C)(C)C1CC=C(C)CC21,9.0
COC(=O)C(C)(C)c1cc(O)c2c(c1)OC(C)(C)C1CC=C(C)CC21,7.46
CC1=CCC2C(C1)c1c(O)cc(C3(C(=O)OCCCCC#N)CCC3)cc1OC2(C)C,8.74
CC1=CCC2C(C1)c1c(O)cc(C(C)(C)C(=O)OCCCCn3ccnc3)cc1OC2(C)C,8.11
CC1=CCC2C(C1)c1c(O)cc(C(C)(C)C(=O)OCCCBr)cc1OC2(C)C,9.15
CCCSC(=O)C(C)(C)c1cc(O)c2c(c1)OC(C)(C)C1CC=C(C)CC21,9.15
CC1=CCC2C(C1)c1c(O)cc(C(C)(C)C(=O)OCCCn3ccnc3)cc1OC2(C)C,8.89
CCOC(=O)C(C)(C)c1cc(O)c2c(c1)OC(C)(C)C1CC=C(C)CC21,8.82
CC1=CCC2C(C1)c1c(O)cc(C(C)(C)C(=O)OCCCCCBr)cc1OC2(C)C,9.22
CC1=CCC2C(C1)c1c(O)cc(CC(=O)OCCCCC#N)cc1OC2(C)C,8.92
CC1=CCC2C(C1)c1c(O)cc(C(C)(C)C(=O)OCCBr)cc1OC2(C)C,8.54
CC1=CCC2C(C1)c1c(O)cc(CC(=O)OCCCCBr)cc1OC2(C)C,8.15
CCCCCNC(=O)C(C)(C)c1cc(O)c2c(c1)OC(C)(C)C1CC=C(C)CC21,8.55
CCOc1ccc(Nc2nc3cc(C(=O)N(CC)CC)ccc3n2CCN2CCCCC2)cc1,4.98
CCOc1ccc(Cc2nc3cc(C(=O)Nc4ccccc4)ccc3n2CCC(C)C)cc1,4.84
CCOc1ccc(Cc2nc3cc(C(=O)N(CC)CC)ccc3n2CCCCN2CCCCC2)cc1,5.32
CCOc1ccc(Cc2nc3cc(C(=O)NCCC(C)C)ccc3n2CCC(C)C)cc1,6.12
CCOc1ccc(Cc2nc3cc(C(=O)NC45CC6CC(CC(C6)C4)C5)ccc3n2CCC(C)C)cc1,5.33
CCN(CC)C(=O)c1ccc2c(c1)nc(Nc1ccc(Oc3ccccc3)cc1)n2CCN1CCCCC1,5.05
CCCCCCNC(=O)c1ccc2c(c1)nc(Cc1ccc(OCC)cc1)n2CCC(C)C,5.72
CCOc1ccc(Cc2nc3cc(N)ccc3n2CCC(C)C)cc1,4.68
CCOc1ccc(Nc2nc3cc(C(=O)N(CC)CC)ccc3n2CCC(C)C)cc1,5.72
CCN(CC)C(=O)c1ccc2c(c1)nc(Nc1ccc(Oc3ccccc3)cc1)n2CCC(C)C,6.37
CCOc1ccc(Cc2nc3cc(C(=O)N4CCCCC4)ccc3n2CCC(C)C)cc1,6.42
CCOc1ccc(CNc2nc3cc(C(=O)N(CC)CC)ccc3n2CCC(C)C)cc1,6.45
CCOc1ccc(Cc2nc3cc([N+](=O)[O-])ccc3n2CCC(C)C)cc1,6.02
CCOc1ccc(Cc2nc3cc(C(=O)N(CC)CC)ccc3n2CCN2CCCCC2)cc1,6.73
CCOc1ccc(Cc2nc3cc(C(=O)N(CC)CC)ccc3n2CCCCCCN2CCCCC2)cc1,6.0
CCOc1ccc(Cc2nc3cc(NC(=O)c4ccccc4)ccc3n2CCC(C)C)cc1,5.37
CCCc1sc(NC(=O)C23CC4CC(CC(C4)C2)C3)c(C(=O)O[11CH3])c1C,8.37
[11CH3]OC(=O)c1c(NC(=O)C23CC4CC(CC(O)(C4)C2)C3)sc2c1CCCC2,8.48
CCOCCn1cc(C(=O)NC23CC4CC(CC(C4)C2)C3)c(=O)c2cccc(O[11CH3])c21,9.15
COc1cccc2c(=O)c(C(=O)NC34CC5CC(CC(C5)C3)C4)cn(CCOCC[18F])c12,8.92
CC(=O)N1CCN(c2ncnc3oc(-c4ccccc4C(F)(F)F)nc23)CC1,6.59
CCN1CCN(c2ncnc3oc(-c4ccccc4C(F)(F)F)nc23)CC1,7.02
CN1CCN(c2ncnc3oc(-c4ccccc4Cl)nc23)CC1,6.46
Cc1c(Br)cn(Cc2ccc(F)cc2)c(=O)c1C(=O)NC1CCCCCC1,8.46
Cc1ccn(Cc2ccc(F)cc2)c(=O)c1C(=O)NC1CCCCCC1,8.23
Cc1c(-c2ccccc2)cn(Cc2ccc(F)cc2)c(=O)c1C(=O)NC1CCCCCC1,8.16
O=C(NC1CCCCCC1)c1c(-c2ccccc2)c(Br)cn(Cc2ccc(F)cc2)c1=O,6.36
O=C(NC1CCCCCC1)c1c(-c2ccccc2)ccn(Cc2ccc(F)cc2)c1=O,6.73
Cc1ccnc(OCc2ccc(F)cc2)c1C(=O)NC1CCCCCC1,7.33
CSC1=NC(=O)C(=Cc2cccc(OCc3ccc(Cl)cc3)c2)N1,6.23
CN1C(=N)NC(=O)C1=Cc1cccc(OCc2ccc(Cl)cc2)c1,4.64
O=C(Nc1ccc(Cl)cc1)Nc1cccc(Nc2cccc(N3CCCC3)n2)c1,4.28
O=C(Nc1ccc(Cl)cc1)Nc1cccc(-c2cccc(N3CCCC3)c2)c1,4.3
CCCCCC=CCC=CCC=CC(C)C=CCCCC(=O)NC(C)CO,7.89
C#CCNC(=O)CCCC=CCC=CCC=CC(C)C=CCCCCC,7.95
CCCCCC=CCC=CCC=CC(C)C=CCCCC(=O)NCCO,7.61
CCCCCC=CC(C)C=CCC=CCC=CCCCC(=O)NC1CCCC1,6.86
CC(C=CCC=CCC=CCCCC(=O)NC1CC1)C=CCCCCCN=C=S,7.66
CCCCCC=CC(C)C=CCC=CCC=CCCCC(=O)NC1CC1,8.37
CCCCCC=CC(C)C=CCC=CCC=CCCCC(=O)NC(C)CO,6.75
CC(C=CCC=CCC=CCCCC(=O)NC1CC1)C=CCCCCCN=[N+]=[N-],8.07
CCCCCC=CC(C)C=CCC=CCC=CCCCC(=O)NCCO,7.3
CCCCCC=CC(C)C=CCC=CCC=CCCCC(=O)NC1CCC1,8.17
CC(C=CCC=CCC=CCCCC(=O)NC(C)CO)C=CCCCOc1ccccc1,6.54
CCCCCC=CC(C)C=CCC=CCC=CCCCC(=O)NCCCl,7.98
Cc1nc(CN2CCN(c3ncnc4c3nc(-c3ccccc3Cl)n4-c3ccc(Cl)cc3)CC2)no1,5.44
Fc1ccc(N2CCN(c3ncnc4c3nc(-c3ccccc3Cl)n4-c3ccc(Cl)cc3)CC2)cc1,5.29
N#CC(c1ccccc1)N1CCN(c2ncnc3c2nc(-c2ccccc2Cl)n3-c2ccc(Cl)cc2)CC1,6.34
Clc1ccc(-n2c(-c3ccccc3Cl)nc3c(N4CCN(CCc5ccncc5)CC4)ncnc32)cc1,6.2
CC(c1ccncc1)N1CCN(c2ncnc3c2nc(-c2ccccc2Cl)n3-c2ccc(Cl)cc2)CC1,5.96
Clc1ccc(-n2c(-c3ccccc3Cl)nc3c(N4CCN(C5CCCCC5)CC4)ncnc32)cc1,6.96
Clc1ccc(-n2c(-c3ccccc3Cl)nc3c(N4CCN(CCc5ccccc5)CC4)ncnc32)cc1,5.68
Clc1ccc(-n2c(-c3ccccc3Cl)nc3c(N4CCN(Cc5ccncc5)CC4)ncnc32)cc1,5.77
Fc1ccccc1CN1CCN(c2ncnc3c2nc(-c2ccccc2Cl)n3-c2ccc(Cl)cc2)CC1,5.64
Cc1ccccc1CN1CCN(c2ncnc3c2nc(-c2ccccc2Cl)n3-c2ccc(Cl)cc2)CC1,5.34
CC(c1ccccc1)N1CCN(c2ncnc3c2nc(-c2ccccc2Cl)n3-c2ccc(Cl)cc2)CC1,5.89
Clc1ccc(-n2c(-c3ccccc3Cl)nc3c(N4CCN(Cc5ccccc5)CC4)ncnc32)cc1,6.37
Clc1ccc(-n2c(-c3ccccc3Cl)nc3c(N4CCN(c5ccccn5)CC4)ncnc32)cc1,5.85
Cc1c(CN2CCN(c3ncnc4c3nc(-c3ccccc3Cl)n4-c3ccc(Cl)cc3)CC2)cnn1C,6.0
COc1ccccc1N1CCN(c2ncnc3c2nc(-c2ccccc2Cl)n3-c2ccc(Cl)cc2)CC1,5.3
CCNC1(C(N)=O)CCN(c2ncnc3c2nc(-c2ccccc2Cl)n3-c2ccc(Cl)cc2)CC1,5.11
O=C(Nc1ccc(F)cc1)N1CCN(c2ncnc3c2nc(-c2ccccc2Cl)n3-c2ccc(Cl)cc2)CC1,5.7
O=C(C1COc2ccccc2O1)N1CCN(c2ncnc3c2nc(-c2ccccc2Cl)n3-c2ccc(Cl)cc2)CC1,6.21
O=S(=O)(CC1CCOCC1)N1CCN(c2ncnc3c2nc(-c2ccccc2Cl)n3-c2ccc(Cl)cc2)CC1,5.52
O=C(C1CCSCC1)N1CCN(c2ncnc3c2nc(-c2ccccc2Cl)n3-c2ccc(Cl)cc2)CC1,6.28
CC(C)S(=O)(=O)N1CCN(c2ncnc3c2nc(-c2ccccc2Cl)n3-c2ccc(Cl)cc2)CC1,6.01
CCCS(=O)(=O)N1CCN(c2ncnc3c2nc(-c2ccccc2Cl)n3-c2ccc(Cl)cc2)CC1,6.07
CCS(=O)(=O)N1CCN(c2ncnc3c2nc(-c2ccccc2Cl)n3-c2ccc(Cl)cc2)CC1,6.01
CC(C(=O)N1CCN(c2ncnc3c2nc(-c2ccccc2Cl)n3-c2ccc(Cl)cc2)CC1)c1ccccc1,6.25
CC(C)CS(=O)(=O)N1CCN(c2ncnc3c2nc(-c2ccccc2Cl)n3-c2ccc(Cl)cc2)CC1,5.55
CS(=O)(=O)N1CCN(c2ncnc3c2nc(-c2ccccc2Cl)n3-c2ccc(Cl)cc2)CC1,5.77
O=C(CC1CCOC1)N1CCN(c2ncnc3c2nc(-c2ccccc2Cl)n3-c2ccc(Cl)cc2)CC1,5.52
O=C(Nc1ccccc1F)N1CCN(c2ncnc3c2nc(-c2ccccc2Cl)n3-c2ccc(Cl)cc2)CC1,5.89
O=C(Nc1ccc(F)c(F)c1)N1CCN(c2ncnc3c2nc(-c2ccccc2Cl)n3-c2ccc(Cl)cc2)CC1,5.38
O=S(=O)(CCC(F)(F)F)N1CCN(c2ncnc3c2nc(-c2ccccc2Cl)n3-c2ccc(Cl)cc2)CC1,6.3
O=C(NCC1CCCCC1)N1CCN(c2ncnc3c2nc(-c2ccccc2Cl)n3-c2ccc(Cl)cc2)CC1,6.13
CCCCS(=O)(=O)N1CCN(c2ncnc3c2nc(-c2ccccc2Cl)n3-c2ccc(Cl)cc2)CC1,6.3
O=C(NC1CCCC1)N1CCN(c2ncnc3c2nc(-c2ccccc2Cl)n3-c2ccc(Cl)cc2)CC1,6.13
O=C(OCC1CCC1)N1CCN(c2ncnc3c2nc(-c2ccccc2Cl)n3-c2ccc(Cl)cc2)CC1,5.34
O=C(Nc1ccccc1)N1CCN(c2ncnc3c2nc(-c2ccccc2Cl)n3-c2ccc(Cl)cc2)CC1,5.62
O=C(Nc1ccc(F)cc1F)N1CCN(c2ncnc3c2nc(-c2ccccc2Cl)n3-c2ccc(Cl)cc2)CC1,5.5
CC(C)(C)OC(=O)N1CCN(c2ncnc3c2nc(-c2ccccc2Cl)n3-c2ccc(Cl)cc2)CC1,5.47
O=C(N1CCN(c2ncnc3c2nc(-c2ccccc2Cl)n3-c2ccc(Cl)cc2)CC1)C(F)(F)F,6.89
O=S(=O)(C1CC1)N1CCN(c2ncnc3c2nc(-c2ccccc2Cl)n3-c2ccc(Cl)cc2)CC1,5.64
O=C(OC1CCC1)N1CCN(c2ncnc3c2nc(-c2ccccc2Cl)n3-c2ccc(Cl)cc2)CC1,5.47
CCCCC(=O)N1CCN(c2ncnc3c2nc(-c2ccccc2Cl)n3-c2ccc(Cl)cc2)CC1,6.4
O=C(Nc1ccccn1)N1CCN(c2ncnc3c2nc(-c2ccccc2Cl)n3-c2ccc(Cl)cc2)CC1,5.15
CC(C)(C)CC(=O)N1CCN(c2ncnc3c2nc(-c2ccccc2Cl)n3-c2ccc(Cl)cc2)CC1,5.3
O=C(CN1CCCCC1)N1CCN(c2ncnc3c2nc(-c2ccccc2Cl)n3-c2ccc(Cl)cc2)CC1,5.3
O=S(=O)(CC1CCCCC1)N1CCN(c2ncnc3c2nc(-c2ccccc2Cl)n3-c2ccc(Cl)cc2)CC1,7.04
O=C(NC1(C(F)(F)F)CCCC1)N1CCN(c2ncnc3c2nc(-c2ccccc2Cl)n3-c2ccc(Cl)cc2)CC1,5.89
CC1=CCC2C(C1)c1c(O)cc(C(C)=NOCCCc3ccccc3)cc1OC2(C)C,8.57
CC1=CCC2C(C1)c1c(O)cc(C(C)=NOCCN3CCOCC3)cc1OC2(C)C,9.15
CC1=CCC2C(C1)c1c(O)cc(C(C)=NOCCCC(F)(F)F)cc1OC2(C)C,8.52
CC1=CCC2C(C1)c1c(O)cc(C(C)=NOCCN3CCCCC3)cc1OC2(C)C,8.6
CC1=CCC2C(C1)c1c(O)cc(C(C)=NOCCN3CCCC3)cc1OC2(C)C,8.08
CC1=CCC2C(C1)c1c(O)cc(C(C)=NOCCCCF)cc1OC2(C)C,8.01
CC1=CCC2C(C1)c1c(O)cc(C(C)=NOCCCC#N)cc1OC2(C)C,9.4
CCCC(C)ON=C(C)c1cc(O)c2c(c1)OC(C)(C)C1CC=C(C)CC21,8.21
CC1=CCC2C(C1)c1c(O)cc(C(C)=NOCCOc3ccccc3)cc1OC2(C)C,8.21
CCCCON=C(C)c1cc(O)c2c(c1)OC(C)(C)C1CC=C(C)CC21,7.77
CC1=CCC2C(C1)c1c(O)cc(C(C)=NOCCCn3ccnc3)cc1OC2(C)C,8.43
CCCCCc1cc(O)c2c(c1)OC(C)(C)C1=C2C(OC(C)=O)C(C)(OC)CC1,6.0
CCCCCc1cc2c(c(OS(=O)(=O)c3ccc(C)cc3)c1)C1CC(C)(OO)C=CC1C(C)(C)O2,6.68
CCCCCc1cc(OC(C)=O)c2c(c1)OC(C)(C)C1=C2C2OC2(C)CC1,6.33
CCCCCc1cc(O)c2c(c1)OC(C)(C)C1=C2C(O)C(C)(OC)CC1,6.52
C=C1CC2c3c(cc(CCCCC)cc3OS(=O)(=O)c3ccc(C)cc3)OC(C)(C)C2CC1OO,5.99
CCCCCc1cc(O)c2c(c1)OC(C)(C)C1C=CC(C)(O)CC21,8.02
CCCCCC1=CC(=O)C2=C(OC(C)(C)C3CCC(C)(OCC)C=C23)C1=O,5.69
CCCCCc1cc2c(c(OS(=O)(=O)c3ccc(C)cc3)c1)C1C(O)C(C)=CCC1C(C)(C)O2,6.26
CCCCCc1cc(OC(C)=O)c2c(c1)OC(C)(C)C1CC=C(C)CC21,6.8
O=C(c1cccc2ccccc12)c1cn(CCN2CCOCC2)c2ccc(O)cc12,6.77
COc1ccc(C(=O)c2cn(CC3CCOCC3)c3c(OCCCCCCNC(C)=O)cccc23)cc1,5.71
O=C(c1cn(CCN2CCOCC2)c2ccc(O)cc12)C1CCCCC1,6.05
CCCOc1cccc2c(C(=O)c3ccc(OC)cc3)cn(CC3CCOCC3)c12,8.24
COc1ccc(C(=O)c2cn(CC3CCOCC3)c3c(O)cccc23)cc1,7.27
COc1ccc(C(=O)c2cn(CC3CCOCC3)c3c(OCCCCC(=O)O)cccc23)cc1,5.88
COC(=O)CCCCOc1cccc2c(C(=O)c3ccc(OC)cc3)cn(CC3CCOCC3)c12,6.7
CCCOc1ccc2c(c1)c(C(=O)c1ccc(OC)cc1)cn2CC1CCOCC1,5.87
COc1ccc(C(=O)c2cn(CC3CCOCC3)c3ccc(OCC(=O)O)cc23)cc1,5.78
COc1ccc(C(=O)c2cn(CC3CCOCC3)c3c(OCC(=O)O)cccc23)cc1,6.24
O=C(c1cccc2ccccc12)c1cn(CC2CCOCC2)c2ccc(O)cc12,6.56
O=C(CCc1nnc(-c2ccc(F)cc2Br)o1)Nc1ccc2c(c1)c1ccccc1n2CCF,7.6
N#Cc1cc(F)ccc1-c1nnc(CCC(=O)Nc2ccc3c(c2)c2ccccc2n3CCF)o1,6.66
CCc1c(C)sc(NC(=O)C23CC4CC(CC(C4)C2)C3)c1C(=O)OC,8.61
COC(=O)c1c(NC(=O)N2CCOCC2)sc2c1CCCC2,5.6
COC(=O)c1c(NC(=O)C23CC4CC(CC(C4)C2)C3)sc2c1CCS(=O)(=O)C2,5.78
COC(=O)c1c(NC(=O)C23CC4CC(CC(C4)C2)C3)sc2c1CCSC2,7.29
COC(=O)c1cc(C)sc1NC(=O)C12CC3CC(CC(C3)C1)C2,7.64
COC(=O)c1c(NC(=O)NC23CC4CC(CC(C4)C2)C3)sc2c1CCCC2,7.68
COC(=O)c1cccnc1NC(=O)C12CC3CC(CC(C3)C1)C2,5.91
COC(=O)c1c(NC(=O)Oc2ccccc2)sc2c1CCCC2,6.61
COC(=O)c1cc(-c2ccccc2)sc1NC(=O)C12CC3CC(CC(C3)C1)C2,8.19
CCc1sc(NC(=O)C23CC4CC(CC(C4)C2)C3)c(C(=O)OC)c1C,8.23
COC(=O)c1c(-c2ccccc2)csc1NC(=O)C12CC3CC(CC(C3)C1)C2,7.46
CCc1c(C)sc(NC(=O)c2ccc(F)cc2)c1C(=O)OC,6.3
COC(=O)c1[nH]ccc1NC(=O)C12CC3CC(CC(C3)C1)C2,5.67
CCc1c(C)sc(NC(=O)c2ccc(Cl)cc2)c1C(=O)OC,6.21
COC(=O)c1c(C)noc1NC(=O)C12CC3CC(CC(C3)C1)C2,7.19
CCCCCc1sc(NC(=O)C23CC4CC(CC(C4)C2)C3)c(C(=O)OC)c1-c1ccccc1,8.1
COC(=O)c1nn(C)cc1NC(=O)C12CC3CC(CC(C3)C1)C2,6.07
COC(=O)c1c(NC(=O)N2CCCCC2)sc2c1CCCC2,6.71
COC(=O)c1ccsc1NC(=O)C12CC3CC(CC(C3)C1)C2,5.88
COC(=O)c1c(NC(=O)C23CC4CC(CC(C4)C2)C3)sc(C)c1C,8.03
COC(=O)c1c(NC(=O)C23CC4CC(CC(C4)C2)C3)cnn1C,5.97
CCCc1c(C)sc(NC(=O)C23CC4CC(CC(C4)C2)C3)c1C(=O)OC,8.37
CCCCc1sc(NC(=O)C23CC4CC(CC(C4)C2)C3)c(C(=O)OC)c1C,8.76
CCCc1cc(C(=O)OC)c(NC(=O)C23CC4CC(CC(C4)C2)C3)s1,8.14
CCCCCCN1C(=O)C2C3c4ccccc4C(c4ccccc43)C2C1=O,5.69
CCCCCCCOCC12c3ccccc3C(c3ccccc31)C1C(=O)NC(=O)C12,6.64
CCCCCCCN1C(=O)C2C3c4ccccc4C(Cl)(c4ccccc43)C2C1=O,5.6
CCCCCCCN1C(=O)C2C3c4ccccc4C(c4cc(Cl)ccc43)C2C1=O,5.76
CCCCCCCCN1C(=O)C2C3c4ccccc4C(c4ccccc43)C2C1=O,5.65
CCCCCCCNCC12c3ccccc3C(c3ccccc31)C1C(=O)NC(=O)C12,6.0
CCCCc1cc(O)c2c(c1)OC(C)(C)C1CCC(C)=CC21,7.29
CC(C)(C)c1nc2cc(NS(C)(=O)=O)ccc2n1CC1CCC(F)(F)CC1,9.06
CCOc1ccc(Cc2nc3cc(C(=O)N(CC)CC)ccc3n2CCCCCNc2c3c(nc4ccccc24)CCCC3)cc1,5.14
CCOc1ccc(Cc2nc3cc(C(=O)NCCOCCOCCNc4c5c(nc6ccccc46)CCCC5)ccc3n2CCC(C)C)cc1,4.76
CCOc1ccc(Cc2nc3cc(C(=O)NCCCCNc4c5c(nc6ccccc46)CCCC5)ccc3n2CCC(C)C)cc1,5.62
CCOc1ccc(Cc2nc3cc(C(=O)N(CC)CC)ccc3n2CCCNc2c3c(nc4ccccc24)CCCC3)cc1,4.51
CCOc1ccc(Cc2nc3cc(C(=O)NCCNc4c5c(nc6ccccc46)CCCC5)ccc3n2CCC(C)C)cc1,5.6
CCOc1ccc(Cc2nc3cc(C(=O)N(CC)CC)ccc3n2CCNc2c3c(nc4ccccc24)CCCC3)cc1,7.42
CCOc1ccc(Cc2nc3cc(C(=O)N(CC)CCCCNc4c5c(nc6ccccc46)CCCC5)ccc3n2CCC(C)C)cc1,5.52
CCOc1ccc(Cc2nc3cc(C(=O)NCCCNc4c5c(nc6ccccc46)CCCC5)ccc3n2CCC(C)C)cc1,5.3
CCOc1ccc(Cc2nc3cc(C(=O)N(CC)CC)ccc3n2CCOCCOCCNc2c3c(nc4ccccc24)CCCC3)cc1,4.54
CCOc1ccc(Cc2nc3cc(C(=O)NCCCCCCNc4c5c(nc6ccccc46)CCCC5)ccc3n2CCC(C)C)cc1,5.02
CCOc1ccc(Cc2nc3cc(C(=O)N(CC)CC)ccc3n2CCCCNc2c3c(nc4ccccc24)CCCC3)cc1,4.57
CCOc1ccc(Cc2nc3cc(C(=O)NCCCCCNc4c5c(nc6ccccc46)CCCC5)ccc3n2CCC(C)C)cc1,5.4
CCOc1ccc(Cc2nc3cc(C(=O)NCCSSCCNc4c5c(nc6ccccc46)CCCC5)ccc3n2CCC(C)C)cc1,5.17
CCOc1ccc(Cc2nc3cc(C(=O)N(CC)CC)ccc3n2CCCCCCNc2c3c(nc4ccccc24)CCCC3)cc1,5.37
CC1(NS(=O)(=O)NC2CCCCC2)CCN(c2ncnc3c2nc(-c2ccccc2Cl)n3-c2ccc(Cl)cc2)CC1,6.13
O=C(NCC1CCCC1)NC1CCN(c2ncnc3c2nc(-c2ccccc2Cl)n3-c2ccc(Cl)cc2)CC1,5.5
CCCN(CC(F)(F)F)C(=O)NC1CCN(c2ncnc3c2nc(-c2ccccc2Cl)n3-c2ccc(Cl)cc2)CC1,5.55
CC(C)CN(C)C(=O)NC1CCN(c2ncnc3c2nc(-c2ccccc2Cl)n3-c2ccc(Cl)cc2)CC1,6.22
O=C(NC1CCCCC1)NC1CCN(c2ncnc3c2nc(-c2ccccc2Cl)n3-c2ccc(Cl)cc2)CC1,5.34
O=C(NCc1ccccc1F)NC1CCN(c2ncnc3c2nc(-c2ccccc2Cl)n3-c2ccc(Cl)cc2)CC1,6.66
CC1(NC(=O)NCc2ccccc2F)CCN(c2ncnc3c2nc(-c2ccccc2Cl)n3-c2ccc(Cl)cc2)CC1,5.96
CC1(NC(=O)NC2CCN(c3ncnc4c3nc(-c3ccccc3Cl)n4-c3ccc(Cl)cc3)CC2)CCC(F)(F)CC1,5.12
O=C(NCC1CCCCC1)NC1CCN(c2ncnc3c2nc(-c2ccccc2Cl)n3-c2ccc(Cl)cc2)CC1,5.12
O=C(Nc1ccc(F)cc1)NC1CCN(c2ncnc3c2nc(-c2ccccc2Cl)n3-c2ccc(Cl)cc2)CC1,5.19
COCCN(C)C(=O)NC1CCN(c2ncnc3c2nc(-c2ccccc2Cl)n3-c2ccc(Cl)cc2)CC1,5.64
CCCN(C)C(=O)NC1CCN(c2ncnc3c2nc(-c2ccccc2Cl)n3-c2ccc(Cl)cc2)CC1,6.2
O=C(NC1CCN(c2ncnc3c2nc(-c2ccccc2Cl)n3-c2ccc(Cl)cc2)CC1)N1CCCCC1,6.4
COc1ccc(-c2oc3ccccc3c2C(=O)c2ccc(N(C)Cc3ccc(F)cc3)cc2)cc1,8.57
COc1ccc(-c2oc3ccccc3c2C(=O)c2ccc(NCc3ccccn3)cc2)cc1,5.87
COc1ccc(-c2oc3ccccc3c2C(=O)c2ccc(NCc3ccccc3)cc2)cc1,6.77
COc1ccc(-c2oc3ccccc3c2C(=O)c2ccc(N(Cc3ccccc3)Cc3ccccc3)cc2)cc1,6.04
CCCCCNc1ccc(C(=O)c2c(-c3ccc(OC)cc3)oc3ccccc23)cc1,7.16
COc1ccc(-c2oc3ccccc3c2C(=O)c2ccc(OCCN(C)Cc3ccccc3)cc2)cc1,6.16
COc1ccc(-c2oc3ccccc3c2C(=O)c2ccc(N(Cc3ccc(F)cc3)Cc3ccc(F)cc3)cc2)cc1,6.37
COc1ccc(-c2oc3ccccc3c2C(=O)c2ccc(NCC3CC3)cc2)cc1,6.96
COc1ccc(-c2oc3ccccc3c2C(=O)c2ccc(NCc3ccc(F)cc3)cc2)cc1,7.7
COc1ccc(-c2oc3ccccc3c2C(=O)c2ccc(NCc3ccc(C#N)cc3)cc2)cc1,7.7
COc1ccc(CNc2ccc(C(=O)c3c(-c4ccc(OC)cc4)oc4ccccc34)cc2)cc1,5.99
COc1ccc(-c2oc3ccccc3c2C(=O)c2ccc(NCc3cc(F)cc(F)c3)cc2)cc1,6.52
CCCCCCCNc1ccc(C(=O)c2c(-c3ccc(OC)cc3)oc3ccccc23)cc1,6.39
CCCCCn1c(=NC(=O)c2cccc(C(F)(F)F)c2)sc2ccccc21,6.34
O=C(NC1CCCc2ccccc21)c1nc2ccccc2s1,5.97
CCCCCn1c(=NC(=O)c2cccc3ccccc23)sc2ccccc21,8.7
COCCn1c(Cc2ccc(Cl)c(Cl)c2)nc2cc(C(F)(F)F)ccc21,5.0
CCOc1ccc(Cc2nc3cc(C(C)=O)ccc3n2CCN(CC)CC)cc1,6.02
CCN(CC)CCn1c(Cc2ccccc2)nc2cc(C(F)(F)F)ccc21,5.8
CCOc1ccc(Cc2nc3cc(C(F)(F)F)ccc3n2CCN(CC)CC)cc1,6.38
CCN(CC)CCn1c(Cc2ccc(OC)cc2)nc2cc(C(F)(F)F)ccc21,5.68
CCCCn1c(Cc2ccc(Cl)c(Cl)c2)nc2cc(C(F)(F)F)ccc21,6.43
CN(C)CCn1c(Cc2ccc(Cl)c(Cl)c2)nc2cc(C(F)(F)F)ccc21,6.01
O=C(NC1CCN(c2ncnc3c2nc(-c2ccccc2Cl)n3-c2ccc(Cl)cc2)CC1)C1CCSCC1,5.72
CCCCCS(=O)(=O)NC1CCN(c2ncnc3c2nc(-c2ccccc2Cl)n3-c2ccc(Cl)cc2)CC1,6.24
O=C(NC1CCN(c2ncnc3c2nc(-c2ccccc2Cl)n3-c2ccc(Cl)cc2)CC1)OC1CCC1,5.98
O=C(NC1CCN(c2ncnc3c2nc(-c2ccccc2Cl)n3-c2ccc(Cl)cc2)CC1)c1ccc(F)c(F)c1,5.23
Clc1ccc(-n2c(-c3ccccc3Cl)nc3c(N4CCC(c5nc6ccccc6[nH]5)CC4)ncnc32)cc1,6.08
O=S(=O)(NC1CCN(c2ncnc3c2nc(-c2ccccc2Cl)n3-c2ccc(Cl)cc2)CC1)c1ccc(F)cc1,5.05
O=C(NC1CCN(c2ncnc3c2nc(-c2ccccc2Cl)n3-c2ccc(Cl)cc2)CC1)c1ccccc1F,5.22
O=S(=O)(NC1CCN(c2ncnc3c2nc(-c2ccccc2Cl)n3-c2ccc(Cl)cc2)CC1)c1ccccc1F,5.07
O=S(=O)(CCC(F)(F)F)NC1CCN(c2ncnc3c2nc(-c2ccccc2Cl)n3-c2ccc(Cl)cc2)CC1,6.38
CC(C)(C)CC(=O)NC1CCN(c2ncnc3c2nc(-c2ccccc2Cl)n3-c2ccc(Cl)cc2)CC1,7.82
CCCCC(=O)NC1CCN(c2ncnc3c2nc(-c2ccccc2Cl)n3-c2ccc(C(F)(F)F)nc2)CC1,6.38
Clc1ccc(-n2c(-c3ccccc3Cl)nc3c(N4CCC(Nc5ccccn5)CC4)ncnc32)cc1,5.51
O=C(NC1CCN(c2ncnc3c2nc(-c2ccccc2Cl)n3-c2ccc(Cl)cc2)CC1)OCc1ccccc1,6.15
CN(Cc1ccccc1)C1CCN(c2ncnc3c2nc(-c2ccccc2Cl)n3-c2ccc(Cl)cc2)CC1,5.57
CC(C(=O)NC1CCN(c2ncnc3c2nc(-c2ccccc2Cl)n3-c2ccc(Cl)cc2)CC1)c1ccccc1,6.82
O=S(=O)(NC1CCN(c2ncnc3c2nc(-c2ccccc2Cl)n3-c2ccc(OC(F)F)nc2)CC1)c1ccc(F)c(F)c1,6.07
CC(C)(C)OCCC(=O)NC1CCN(c2ncnc3c2nc(-c2ccccc2Cl)n3-c2ccc(Cl)cc2)CC1,5.31
O=C(NC1CCN(c2ncnc3c2nc(-c2ccccc2Cl)n3-c2ccc(C(F)(F)F)nc2)CC1)c1ccccc1,6.13
O=S(=O)(NC1CCN(c2ncnc3c2nc(-c2ccccc2Cl)n3-c2ccc(OC(F)F)nc2)CC1)c1ccccc1F,6.72
O=C(NC1CCN(c2ncnc3c2nc(-c2ccccc2Cl)n3-c2ccc(Cl)cc2)CC1)c1ccc(F)cc1,5.0
O=S(=O)(NC1CCN(c2ncnc3c2nc(-c2ccccc2Cl)n3-c2ccc(C(F)(F)F)nc2)CC1)c1ccccc1F,6.4
O=S(=O)(NC1CCCCC1)NC1CCN(c2ncnc3c2nc(-c2ccccc2Cl)n3-c2ccc(Cl)cc2)CC1,6.48
C=C1CCC=C(C)CCC2C1CC2(C)C,6.82
C=C(C)C1CCC(C)=CC1c1c(O)cc(CCC)cc1O,6.24
CCCCCc1cc2c(c(O)c1C(=O)O)C1C=C(C)CCC1C(C)(C)O2,7.25
CCCCCc1cc(O)c2c(c1)OC(C)(C)c1ccc(C)cc1-2,7.8
CCCCCc1cc(O)c2c(c1)OC(C)(CCC=C(C)C)C=C2,6.59
CCCCCCC(C)(C)c1cc(O)c2c(c1)OC(C)(C)c1cnn(-c3ccc(Cl)c(Cl)c3)c1-2,6.57
CCCCCCC(C)(C)c1cc(OCCO)c2c(c1)OC(C)(C)c1cn[nH]c1-2,8.44
CCCCCCC(C)(C)c1cc(OCc2ccccc2)c2c(c1)OC(C)(C)c1cnn(-c3ccc(Cl)c(Cl)c3)c1-2,5.43
CCCCCCC(C)(C)c1cc(OCC)c2c(c1)OC(C)(C)c1cnn(-c3ccc(Cl)c(Cl)c3)c1-2,5.45
CCCCCCC(C)(C)c1cc(OCc2ccccc2)c2c(c1)OC(C)(C)c1cnn(CC)c1-2,6.53
CCCCCCC(C)(C)c1cc(O)c2c(c1)OC(C)(C)c1cnn(CCO)c1-2,6.44
CCCCCCC(C)(C)c1cc(OCCCO)c2c(c1)OC(C)(C)c1cn[nH]c1-2,7.58
CCCCCCC(C)(C)c1cc(OCCCBr)c2c(c1)OC(C)(C)c1cn(C)nc1-2,7.11
CCCCCCC(C)(C)c1cc(OCCBr)c2c(c1)OC(C)(C)c1cn(CC)nc1-2,7.1
CCCCCCC(C)(C)c1cc(OC)c2c(c1)OC(C)(C)c1cn[nH]c1-2,7.06
CCCCCCC(C)(C)c1cc(OC)c2c(c1)OC(C)(C)c1cnn(-c3ccc(Cl)c(Cl)c3)c1-2,5.65
CCCCCCC(C)(C)c1cc(O)c2c(c1)OC(C)(C)c1cnoc1-2,8.28
CCCCCCC(C)(C)c1cc(OCCCBr)c2c(c1)OC(C)(C)c1cn(CC)nc1-2,7.06
CCCCCCC(C)(C)c1cc(OCCCO)c2c(c1)OC(C)(C)c1cnn(CC)c1-2,6.36
CCCCCCC(C)(C)c1cc(OCc2ccccc2)c2c(c1)OC(C)(C)c1cn(C)nc1-2,6.68
CCCCCCC(C)(C)c1cc(O)c2c(c1)OC(C)(C)c1cn(CO)nc1-2,7.23
CCCCCCC(C)(C)c1cc(O)c2c(c1)OC(C)(C)c1cnn(C3CCCCC3)c1-2,7.27
CCCCCCC(C)(C)c1cc(OCCCO)c2c(c1)OC(C)(C)c1cn(C)nc1-2,6.44
CCCCCCC(C)(C)c1cc(OCCCO)c2c(c1)OC(C)(C)c1cnoc1-2,7.18
CCCCCCC(C)(C)c1cc(OCc2ccccc2)c2c(c1)OC(C)(C)c1cn[nH]c1-2,7.03
CCCCCCC(C)(C)c1cc(OC)c2c(c1)OC(C)(C)c1cnoc1-2,7.89
CCCCCCC(C)(C)c1cc(OCCCO)c2c(c1)OC(C)(C)c1cn(CC)nc1-2,7.01
CCCCCCC(C)(C)c1cc(OCc2ccccc2)c2c(c1)OC(C)(C)c1cn(CC)nc1-2,6.67
CCCCCCC(C)(C)c1cc(O)c2c(c1)OC(C)(C)c1cnn(-c3cccc(OC)c3)c1-2,6.25
CCCCCCC(C)(C)c1cc(OC)c2c(c1)OC(C)(C)c1cnn(CC)c1-2,6.8
CCCCCCC(C)(C)c1cc(OC)c2c(c1)OC(C)(C)c1cnn(-c3ccc(Cl)cc3Cl)c1-2,5.83
CCCCCCC(C)(C)c1cc2c(c3c1CCCO3)-c1nn(CC)cc1C(C)(C)O2,6.92
CCCCCCC(C)(C)c1cc(OCCO)c2c(c1)OC(C)(C)c1cn(C)nc1-2,7.4
CCCCCCC(C)(C)c1cc(O)c2c(c1)OC(C)(C)c1cn(CCO)nc1-2,7.4
CCCCCCC(C)(C)c1cc(OCCO)c2c(c1)OC(C)(C)c1cn(CC)nc1-2,6.68
CCCCCCC(C)(C)c1cc(OC)c2c(c1)OC(C)(C)c1cn(CC)nc1-2,7.03
CCCCOC(=O)C(C)(C)c1cc(O)c2c(c1)OC(C)(C)C1CCC(CO)CC21,8.51
CCCCOC(=O)Cc1cc(O)c2c(c1)OC(C)(C)C1CCC(O)CC21,6.37
CCCCOC(=O)C(C)(C)c1cc(O)c2c(c1)OC(C)(C)C1CC=C(CO)CC21,9.1
CCCCOC(=O)C(C)(C)c1cc(O)c2c(c1)OC(C)(C)C1CCC(O)CC21,9.7
Cc1ccc(-c2cc3ncccc3c3cc(C(=O)NCC4CCC5CC4C5(C)C)nn23)cc1,6.92
Cc1ccc(-c2cc3ncccc3c3cc(C(=O)NC4C(C)CC5CC4C5(C)C)nn23)cc1,6.62
Cc1ccc(-c2cc3ncccc3c3cc(C(=O)NC4C5(C)CCC(C5)C4(C)C)nn23)cc1,6.1
Cc1ccc(-c2cc3ncccc3c3cc(C(=O)NC4C5CC6CC(C5)CC4C6)nn23)cc1,6.88
Cc1ccc(-c2cc3ncccc3c3cc(C(=O)NC4CCCCC4)nn23)cc1,5.67
Cc1ccc(-c2cc3ncccc3c3cc(C(=O)NC4CC5CCC4(C)C5(C)C)nn23)cc1,7.28
CC1=C(C(=O)c2cccc3ccccc23)C2C=CC=C3OCC(CN4CCOCC4)N1C32,8.6
Cc1ccc(-c2cc3ncccc3c3cc(C(=O)NC4CC(C)CCC4C(C)C)nn23)cc1,6.55
CCCCCn1cc(C(=O)c2cccc3ccccc23)c2cc(F)ccc21,7.19
CCCCCn1cc(C(=O)c2cccc3ccccc23)c2cccc(F)c21,8.57
C(=C1C=C(CCN2CCOCC2)c2ccccc21)c1ccc2c3c(cccc13)CC2,8.38
CCc1ccc(C=C2C=C(CCN3CCOCC3)c3ccccc32)c2ccccc12,9.1
COc1ccc(C=C2C=C(CCN3CCOCC3)c3ccccc32)c2ccccc12,8.39
CCCCCn1cc(C(=O)c2cccc3ccccc23)c2c(F)cccc21,7.45
CCCCCn1cc(C(=O)c2cccc3ccccc23)c2ccc(F)cc21,7.79
CCCCCn1c(=O)sc2cc(C(=NOC)C34CC5CC(CC(C5)C3)C4)ccc21,6.36
CCCCCn1c(=O)sc2cc(C(=O)C34CC5CC(CC(C5)C3)C4)ccc21,7.87
CC(C)n1c(=O)sc2cc(C(=O)C34CC5CC(CC(C5)C3)C4)ccc21,6.55
CCCCCn1c(=O)sc2cc(C(=O)C3CCCC3)ccc21,6.68
CCCCCn1c(=O)sc2cc(C(=NO)C34CC5CC(CC(C5)C3)C4)ccc21,6.6
CCCCn1c(=O)sc2cc(C(=O)C34CC5CC(CC(C5)C3)C4)ccc21,7.58
CCCCCCn1c(=O)sc2cc(C(=O)C34CC5CC(CC(C5)C3)C4)ccc21,7.41
CCCCCn1c(=O)sc2cc(C(OC)C34CC5CC(CC(C5)C3)C4)ccc21,6.46
CC(Cn1c(=O)sc2cc(C(=O)C34CC5CC(CC(C5)C3)C4)ccc21)N(C)C,6.3
CCCCCn1c(=O)sc2cc(C(=O)C3CCCCC3)ccc21,7.3
CCCCCn1c(=O)sc2cc(CC34CC5CC(CC(C5)C3)C4)ccc21,6.84
O=C(NN1CCCCC1)c1cn(-c2ccc(Cl)cc2Cl)c(-c2ccc(C#Cc3ccc(C(F)(F)F)cc3)s2)c1CNS(=O)(=O)N1CCCC1,7.68
Cn1cc2c(n1)c(O)c(C(=O)NC13CC4CC(CC(C4)C1)C3)c(=O)n2CCCCF,8.68
CCCCN1C(=O)C(C(=O)NC23CC4CC(CC(O)(C4)C2)C3)=C(O)C2C1C=NN2C,7.71
CCCCn1c(=O)c(C(=O)NC23CC4CC(CC(C4)C2)C3)c(O)c2nn(CCO)cc21,7.74
CCCCCn1c(=O)c(C(=O)NC23CC4CC(CC(C4)C2)C3)c(O)c2nn(CCO)cc21,8.32
CCCCCn1c(=O)c(C(=O)NC23CC4CC(CC(C4)C2)C3)c(O)c2nn(C)cc21,9.74
CC(=O)OCCCCn1c(=O)c(C(=O)NC23CC4CC(CC(C4)C2)C3)c(O)c2nn(C)cc21,7.76
CCCCN1C(=O)C(C(=O)NC23CC4CC(CC(C4)C2)C3)=C(O)C2C1C=NN2C,8.74
CN1N=CC2C1C(O)=C(C(=O)NC13CC4CC(CC(O)(C4)C1)C3)C(=O)N2CCCCF,7.72
CCCn1c(=O)c(C(=O)NC23CC4CC(CC(C4)C2)C3)c(O)c2nn(CCOC(C)=O)cc21,6.73
CCCCn1c(=O)c(C(=O)NC23CC4CC(CC(O)(C4)C2)C3)c(O)c2nn(C)cc21,7.97
CCCn1c(=O)c(C(=O)NC23CC4CC(CC(C4)C2)C3)c(O)c2nn(CCO)cc21,6.8
CCCCCN1C(=O)C(C(=O)NC23CC4CC(CC(C4)C2)C3)=C(O)C2C1C=NN2C,9.05
CCCCn1c(=O)c(C(=O)NC23CC4CC(CC(C4)C2)C3)c(O)c2c1cnn2CCO,7.57
CN1N=CC2C1C(O)=C(C(=O)NC13CC4CC(CC(C4)C1)C3)C(=O)N2CCCCF,8.85
Cn1cc2c(n1)c(O)c(C(=O)NC13CC4CC(CC(O)(C4)C1)C3)c(=O)n2CCCCF,8.21
CCCCCc1cc(OCCCC)cc(OCCCCCCCCCCC(=O)NC2CC2)c1,7.67
CCCCCCC(C)(C)c1cc(OC)cc(OCCCCCCCCCCC(=O)NC2CC2)c1,7.58
CCCCCCc1ccc(OC)cc1OCCCCCCCCCCC(=O)NCC1CC1,7.2
CCCCCc1cc(OC)cc(OCCCCCCCCCCC(=O)NCC(F)(F)F)c1,7.64
CCCCCc1cc(OC)cc(OCCCCCCCCCCC(=O)NC(CO)CO)c1,6.22
CCCCCc1cc(OC)cc(OCCCCCCCCCCC(=O)NC2CC2)c1,8.92
C=CCNC(=O)CCCCCCCOc1cc(OC)cc(C(C)(C)CCCCCC)c1,7.51
CCCCCCc1ccc(OCCCCCCCCCCC(=O)NCC2CC2)cc1OC,7.31
CCCCCCC(C)(C)c1cc(OC)cc(OCCCCCCCC(=O)NCC(F)(F)F)c1,7.03
CCCCCCC(C)(C)c1cc(OC)cc(OCCCCCCCCCCC(=O)NCCO)c1,6.98
CCCCCc1cc(OC)cc(OCCCCCCCCCCC(=O)NCCO)c1,7.48
CCCCCc1cc(OC)cc(OCCCCCCCC(=O)NCCO)c1,7.38
CCCCCc1cc(OC)cc(OCCCCCCCCCCC(=O)Nc2ccccc2)c1,6.51
CCCCCCC(C)(C)c1cc(OC)cc(OCCCCCCCCCCC(=O)NC(CO)CO)c1,5.86
CCCCCCC(C)(C)c1cc(OC)cc(OCCCCCCCCCCC(=O)NCC2CC2)c1,6.49
CCCCCCC(C)(C)c1cc(OC)cc(OCCCCCCCC(=O)NCCO)c1,6.89
CCCCCc1cccc(OCCCCCCCCCCC(=O)NC2CC2)c1,8.46
C=CCNC(=O)CCCCCCCCCCOc1cc(CCCCC)cc(OC)c1,8.17
CCCCCc1cc(OCC)cc(OCCCCCCCCCCC(=O)NC2CC2)c1,8.17
CCCCCc1cc(OC)cc(OCCCCCCCCCCC(=O)NCC2CC2)c1,7.99
C=CCOc1cc(CCCCC)cc(OCCCCCCCCCCC(=O)NC2CC2)c1,8.33
CCCCCc1cc(OCCCCCCCCCCC(=O)NC2CC2)cc(OC(C)C)c1,8.57
CCCCCCC(C)(C)c1cc(OC)cc(OCCCCCCCC(=O)NC2CC2)c1,8.38
CCCc1cc(O)c2c(c1)OC(C)(C)C1CC(O)C(C)=CC21,6.89
CCCc1cc(O)c2c(c1)OC(C)(C)C1CCC(C(=O)O)=CC21,6.23
CCCc1cc(O)c2c(c1)OC(C)(C)C1CCC(C)=CC21,8.55
CCCc1cc(O)c2c(c1)OC(C)(C)C1CCC(CO)=CC21,8.33
O=C1C(=Cc2cn(Cc3ccccc3)c3ncccc23)N2CCC1CC2,6.96
O=C1C(=Cc2cn(Cc3ccc(Br)cc3)c3ncccc23)N2CCC1CC2,6.2
O=C1C(=Cc2cn(Cc3ccc(F)cc3)c3ncccc23)N2CCC1CC2,7.62
Cc1c(F)cc(C(=O)NC2CCCCCC2)c(=O)n1Cc1ccc(F)cc1,8.24
Cc1ccc(C(=O)NC2CCCCCC2)c(=O)n1Cc1ccc(F)cc1,8.33
Cc1c(Cl)cc(C(=O)NC2CCCCCC2)c(=O)n1Cc1ccc(F)cc1,8.37
COc1ccc(-c2cc(C(=O)NC3CCCCCC3)c(OCc3ccc(F)cc3)nc2C)cc1,6.04
Cc1ccc(C(=O)NC2CCCCCC2)c(OCc2ccc(F)cc2)n1,7.47
Cc1c(-c2ccc(F)cc2)cc(C(=O)NC2CCCCCC2)c(=O)n1Cc1ccc(F)cc1,7.54
Cc1nc(OCc2ccc(F)cc2)c(C(=O)NC2CCCCCC2)cc1-c1ccc(F)cc1,6.28
COc1ccc(-c2cc(C(=O)NC3CCCCCC3)c(=O)n(Cc3ccc(F)cc3)c2C)cc1,7.58
Cc1c(-c2ccccc2)cc(C(=O)NC2CCCCCC2)c(=O)n1Cc1ccc(F)cc1,8.24
CC1(C)Oc2cc(C34CC5CC(CC(CN=[N+]=[N-])(C5)O3)C4)cc(O)c2C2CC(O)CCC21,8.51
CC1(C)Oc2cc(C34CC5CC(CC(CN=[N+]=[N-])(C5)O3)C4)cc(O)c2C2CC(CO)CCC21,8.66
CC1(C)Oc2cc(C34CC5CC(CC(C#N)(C5)O3)C4)cc(O)c2C2CC(O)CCC21,7.5
CC1(C)Oc2cc(C34CC5CC(CC(CN=C=S)(C5)O3)C4)cc(O)c2C2CC(O)CCC21,8.44
CC1(C)Oc2cc(C34CC5CC(CC(C(N)=O)(C5)O3)C4)cc(O)c2C2CC(O)CCC21,6.43
CC1(C)Oc2cc(C34CC5CC(CC(CN=C=S)(C5)O3)C4)cc(O)c2C2CC(CO)CCC21,8.33
CC1(C)Oc2cc(C34CC5CC(CC(C(N)=O)(C5)O3)C4)cc(O)c2C2CC(CO)CCC21,7.04
O=C(c1cc(O)c(-c2cc(Cl)ccc2Cl)c(O)c1)c1cccs1,6.35
Cc1cccc(-c2c(O)cc(C(=O)c3cccs3)cc2O)c1,6.01
O=C(c1ccccc1)c1cc(O)c(-c2cccc(C(F)(F)F)c2)c(O)c1,6.69
O=C(c1ccccc1)c1cc(O)c(-c2ccc3c(c2)OCCO3)c(O)c1,5.32
O=C(c1ccccc1)c1cc(O)c(-c2ccoc2)c(O)c1,5.88
N#Cc1cc(-c2c(O)cc(C(=O)c3ccccc3)cc2O)ccc1F,5.74
O=C(c1cc(O)c(-c2cccc(CO)c2)c(O)c1)c1cccs1,5.08
O=C(c1ccccc1)c1cc(O)c(-c2cc(C(F)(F)F)cc(C(F)(F)F)c2)c(O)c1,6.67
O=C(c1ccccc1)c1cc(O)c(-c2cc(Cl)ccc2Cl)c(O)c1,6.63
O=C(c1ccccc1)c1cc(O)c(-c2cccc(CO)c2)c(O)c1,5.6
O=C(c1ccccc1)c1cc(O)c(-c2cc(F)cc(F)c2)c(O)c1,5.79
Cc1cccc(-c2c(O)cc(C(=O)c3ccccc3)cc2O)c1,6.5
Cn1nc(OCc2ccc3ccccc3c2)c2ccccc21,5.0
Cn1nc(OCc2ccc3ccccc3c2)c2cc([N+](=O)[O-])ccc21,5.46
CCCn1nc(OCc2ccc3ccccc3c2)c2cc(N)ccc21,5.54
O=[N+]([O-])c1ccc2[nH]nc(OCc3cccc4ccccc34)c2c1,6.05
c1ccc2cc(COc3n[nH]c4ccccc34)ccc2c1,5.16
COc1ccc(COc2n[nH]c3ccccc23)cc1,5.35
Cn1nc(OCCc2ccccc2)c2cc([N+](=O)[O-])ccc21,5.92
Cn1nc(OCc2cccc3ccccc23)c2cc([N+](=O)[O-])ccc21,6.6
COc1ccc(COc2n[nH]c3ccc([N+](=O)[O-])cc23)cc1,5.75
O=[N+]([O-])c1ccc2[nH]nc(OCc3ccc4ccccc4c3)c2c1,5.3
CCCn1nc(OCc2ccc3ccccc3c2)c2cc([N+](=O)[O-])ccc21,6.33
CCCCCn1cc(-c2nnc(C34CC5CC(CC(C5)C3)C4)o2)c(=O)c2cc(-c3ccco3)ccc21,8.19
CCCCCn1cc(-c2cn(C34CC5CC(CC(C5)C3)C4)nn2)c(=O)c2cc(-c3ccco3)ccc21,8.92
CCCCCn1cc(-c2nc(C34CC5CC(CC(C5)C3)C4)no2)c(=O)c2cc(-c3ccco3)ccc21,9.4
Cn1c(C(C)(C)C)cc(=NC(=O)c2cc(C(F)(F)F)ccc2OCC(C)(C)O)n1CC1CCCO1,8.23
CC(C)(O)COc1ccc(C(F)(F)F)cc1-c1nnc2c(C(C)(C)C)nn(CC3CCCO3)c2n1,7.77
C#CCCCn1cc(C(=O)c2ccc3c(c2)CC(C)(C)C3)c2ccccc21,7.62
C#CCCCn1c(C)c(C(=O)c2ccc3c(c2)CC(C)(C)C3)c2ccccc21,7.2
CCCn1cc(C(=O)c2ccc3c(c2)CC(C)(C)C3)c2ccccc21,6.89
CCCCCn1cc(C(=O)c2ccc3c(c2)CC(C)(C)C3)c2ccccc21,8.31
CCCCCn1cc(C(=O)c2cccc3c2CC(C)(C)C3)c2ccccc21,8.87
C=CCCCn1cc(C(=O)c2ccc3c(c2)CC(C)(C)C3)c2ccccc21,7.81
CCCCC1(c2cc(O)c3cc(CCC)c(=O)oc3c2)CCCCC1,8.19
CCCCCc1cc(OC)c2cc(Cc3cccnc3)c(=O)oc2c1,7.25
CCCCC1(c2cc(O)c3cc(CC)c(=O)oc3c2)CCCC1,7.22
CCCCC1(c2cc(O)c3cc(C)c(=O)oc3c2)CCCC1,6.0
CCCCCCC(C)(C)c1cc(O)c2cc(Cc3ccccc3C)c(=O)oc2c1,6.65
CCCCC1(c2cc(O)c3cc(Cc4ccccn4)c(=O)oc3c2)CCCCC1,7.14
CCCCc1cc2c(O)cc(C3(CCCC)CCCC3)cc2oc1=O,7.86
CCCCCc1cc(OC)c2cc(Cc3ccccn3)c(=O)oc2c1,7.08
CCCCC1(c2cc(O)c3cc(CC)c(=O)oc3c2)CCCCC1,7.41
CCCCc1cc2c(O)cc(C3(CCCC)CCCCC3)cc2oc1=O,7.9
CCCCC(C)(C)c1cc(OC)c2cc(Cc3ccccc3OC)c(=O)oc2c1,6.64
CCCCC1(c2cc(O)c3cc(C)c(=O)oc3c2)CCCCC1,6.98
CCCCC1(c2cc(O)c3cc(Cc4cccnc4)c(=O)oc3c2)CCCC1,6.51
CC1(C)Oc2cc(C3(CCCCCCCC#N)CCCC3)cc(O)c2C2CC(CN=[N+]=[N-])CCC21,9.52
CC1(C)Oc2cc(C3(CCCCCCCC#N)CCCC3)cc(O)c2C2CC(CN=C=S)CCC21,9.22
CC1(C)Oc2cc(C3(CCCCCCCC#N)CCCC3)cc(O)c2C2CC(CO)CCC21,9.4
CC(C)(CCCCCCC#N)c1cc(O)c2c(c1)OC(C)(C)C1CCC(CO)CC21,9.4
CC1(C)Oc2cc(C3(CCCCCCCN=C=S)CCCC3)cc(O)c2C2CC(CN=C=S)CCC21,8.38
CC1(C)Oc2cc(C3(CCCCCCCN=[N+]=[N-])CCCC3)cc(O)c2C2CC(CO)CCC21,8.82
CC(C)(CCCCCCN=C=S)c1cc(O)c2c(c1)OC(C)(C)C1CCC(CO)CC21,8.5
CC1(C)Oc2cc(C3(CCCCCCCN=[N+]=[N-])CCCC3)cc(O)c2C2CC(CN=[N+]=[N-])CCC21,8.82
CC(C)(CCCCCCN=[N+]=[N-])c1cc(O)c2c(c1)OC(C)(C)C1CCC(CO)CC21,8.85
CC1(C)Oc2cc(C3(CCCCCCCN=C=S)CCCC3)cc(O)c2C2CC(CO)CCC21,9.0
CC1(C)Oc2cc(C3(CCCCCCN=[N+]=[N-])CCCC3)cc(O)c2C2CC(CO)CCC21,9.1
CC1(C)Oc2cc(C3(CCCCCCC#N)CCCC3)cc(O)c2C2CC(CO)CCC21,8.85
CC1(C)Oc2cc(C3(CCCCCCN=C=S)CCCC3)cc(O)c2C2CC(CO)CCC21,8.89
CCN(CC)S(=O)(=O)N=C(N=C(N)c1ccc(Cl)cc1)N1CC(c2ccccc2)C(c2ccc(Cl)cc2)=N1,7.16
CCN(CC)S(=O)(=O)N=C(N=C(C)N)N1CC(c2ccccc2)C(c2ccc(Cl)cc2)=N1,7.18
NC(=NC(=NS(=O)(=O)N1CCCCC1)N1CC(c2ccccc2)C(c2ccc(Cl)cc2)=N1)c1ccc(Cl)cc1,7.77
NC(=NC(=NS(=O)(=O)N1CCC(F)(F)CC1)N1CC(c2ccccc2)C(c2ccc(Cl)cc2)=N1)c1ccc(F)cc1,7.55
NC(=NC(=NS(=O)(=O)N1CCC(C(F)(F)F)CC1)N1CC(c2ccccc2)C(c2ccc(Cl)cc2)=N1)c1ccc(Cl)cc1,7.7
NC(=NC(=NS(=O)(=O)N1CCC(C(F)(F)F)CC1)N1CC(c2ccccc2)C(c2ccc(Cl)cc2)=N1)c1ccc(F)cc1,7.85
CCN(CC)S(=O)(=O)N=C(N=C(N)SC)N1CC(c2ccccc2)C(c2ccc(Cl)cc2)=N1,7.16
NC(=NC(=NS(=O)(=O)N1CCCCC1)N1CC(c2ccccc2)C(c2ccc(Cl)cc2)=N1)c1ccc(F)cc1,7.44
CC(N)=NC(=NS(=O)(=O)N1CCCCC1)N1CC(c2ccccc2)C(c2ccc(Cl)cc2)=N1,7.37
CSC(N)=NC(=NS(=O)(=O)N1CCC(C(F)(F)F)CC1)N1CC(c2ccccc2)C(c2ccc(Cl)cc2)=N1,6.48
CCCCCC[Si](C)(C)c1cc(O)c(C2CCCC2)c(OC)c1,6.78
CCCCCC[Si](C)(C)c1cc(O)c(C2CCCCCC2)c(O)c1,8.19
C=C(C)C1CCC(C)=CC1c1c(O)cc([Si](C)(C)CCCC)cc1O,8.14
CCCC[Si](C)(C)c1cc(O)c2c(c1)OC(C)(C)c1ccc(C)cc1-2,8.3
CCCC[Si](C)(C)c1cc(O)c(C2CCCC2)c(OC)c1,6.04
C=C(C)C1CCC(C)=CC1c1c(O)cc([Si](C)(C)CCCCCC)cc1O,8.33
CCCC[Si](C)(C)c1cc(OC)c(C2C=C(CO)C3CC2C3(C)C)c(OC)c1,6.64
CCCCCC[Si](C)(C)c1cc(O)c2c(c1)OC(C)(C)C1CC=C(CO)CC21,9.01
CCCCCC[Si](C)(C)c1cc(OC)c(C2C=C(CO)C3CC2C3(C)C)c(OC)c1,5.31
CCCCCC[Si](C)(C)c1cc(O)c(C2CCCC2)c(O)c1,7.37
CC[Si](C)(C)c1cc(O)c2c(c1)OC(C)(C)C1CCC(C)=CC21,5.97
CCCC[Si](C)(C)c1cc(O)c2c(c1)OC(C)(C)c1ccc(CO)cc1-2,8.46
CCCC[Si](C)(C)c1cc(O)c2c(c1)OC(C)(C)C1CC=C(CO)CC21,9.19
CCCCCC[Si](C)(C)c1cc(O)c(C2CCCCC2)c(OC)c1,6.78
CCCC[Si](C)(C)c1cc(O)c(C2CCCCCC2)c(O)c1,7.2
CCCC[Si](C)(C)c1cc(O)c2c(c1)OC(C)(C)C1CCC(C)=CC21,8.83
CCCC[Si](C)(C)c1cc(O)c(C2CCCCC2)c(O)c1,7.5
CCCCCC[Si](C)(C)c1cc(O)c2c(c1)OC(C)(C)c1ccc(C)cc1-2,8.66
CCCCCC[Si](C)(C)c1cc(O)c(C2CCCCCC2)c(OC)c1,7.17
CCCCCC[Si](C)(C)c1cc(O)c2c(c1)OC(C)(C)c1ccc(CO)cc1-2,8.9
CCCCn1cc(C(=O)NC(C(N)=O)C(C)(C)C)c2ccccc21,8.88
CCCCn1nc(C(=O)NC(C(N)=O)C(C)C)c2ccccc21,8.19
CCCCCn1cc(C(=O)NC(Cc2ccccc2)C(N)=O)c2cccnc21,6.1
CCCCCn1cc(C(=O)NC(C(N)=O)C(C)(C)C)c2cccnc21,7.69
CCCCn1nc(C(=O)NC(C(N)=O)C(C)(C)C)c2ccccc21,9.04
CCCCn1nc(C(=O)NC(Cc2ccccc2)C(N)=O)c2ccccc21,7.4
CCCCCn1cc(C(=O)NC(C(N)=O)C(C)C)c2cccnc21,6.6
CCCCn1cc(C(=O)NC(C(N)=O)C(C)(C)C)c2cccnc21,7.39
CCCCn1cc(C(=O)NC(C(N)=O)C(C)C)c2ccccc21,7.11
CN(C)CCn1cc(C(=O)NC23CC4CC(CC(C4)C2)C3)c(=O)c2ccc(F)cc21,7.22
CCCCCn1c(=O)c(C(=O)NC23CC4CC(CC(C4)C2)C3)c(O)c2ccc(F)cc21,9.1
[2H]C([2H])([18F])C([2H])([2H])C([2H])([2H])OC(=O)C(CC)(CC)NC(=O)c1ccc(N2CC(OC)C2)c(OCC2CC2CO)n1,9.22
Cc1c(Br)cn(Cc2ccc(F)cc2)c(=O)c1NC(=O)C1CCCCCC1,7.72
Cc1nc(OCCCCCn2cc(CCCn3cc(Br)c(C)c(NC(=O)C4CCCCCC4)c3=O)nn2)c(C(=O)NC2CCCCCC2)cc1Br,8.72
Cc1c(Br)cn(CCCc2cn(CCCCCn3c(C)c(Br)cc(C(=O)NC4CCCCCC4)c3=O)nn2)c(=O)c1NC(=O)C1CCCCCC1,8.85
CCCCOc1c(OC)ccc2cc(C(=O)NC3CCCCC3)c(=O)[nH]c12,8.02
CCCCCCC(C)(C)c1cc(O)c2c(c1)oc(=O)c1ccc(C)cc12,8.51
CCCCCCC(C)(C)c1cc(O)c2c(c1)oc(=O)c1ccc(OC)cc12,8.17
