smiles,pchembl_value
CCNC(=O)C1OC(n2cnc3c(N)ncnc32)C(O)C1O,tensor([7.8500])
CCn1c(C#Cc2ccccc2)nc2c(N)ncnc21,tensor([5.8900])
CCn1cc2c(nc(NC(=O)Nc3ccc([N+](=O)[O-])cc3)n3nc(-c4ccco4)nc23)n1,tensor([5.9500])
Cn1cc2c(nc(NC(=O)Nc3ccc([N+](=O)[O-])cc3)n3nc(-c4ccco4)nc23)n1,tensor([5.9500])
CCCCn1cc2c(nc(NC(=O)Nc3ccc([N+](=O)[O-])cc3)n3nc(-c4ccco4)nc23)n1,tensor([6.2300])
CCCn1cc2c(nc(NC(=O)Nc3ccc([N+](=O)[O-])cc3)n3nc(-c4ccco4)nc23)n1,tensor([5.9200])
CCn1cc2c(nc(NC(=O)Cc3ccccc3)n3nc(-c4ccco4)nc23)n1,tensor([6.1500])
O=C(Nc1cccc(Cl)c1)Nc1nc2ccc(Cl)cc2c2nc(-c3ccco3)nn12,tensor([8.0900])
Cn1cc2c(nc(NC(=O)Nc3ccncc3)n3nc(-c4ccco4)nc23)n1,tensor([6.6000])
Cn1cc2c(nc(NC(=O)Nc3ccccc3)n3nc(-c4ccco4)nc23)n1,tensor([6.2300])
Nc1nc2nn(CCc3ccccc3)cc2c2nc(-c3ccco3)nn12,tensor([9.])
CC(C)CCn1cc2c(nc(NC(=O)COc3ccccc3)n3nc(-c4ccco4)nc23)n1,tensor([7.2600])
O=C(COc1ccccc1)Nc1nc2nn(CCCc3ccccc3)cc2c2nc(-c3ccco3)nn12,tensor([7.3000])
O=C(COc1ccccc1)Nc1nc2nn(CCc3ccccc3)cc2c2nc(-c3ccco3)nn12,tensor([7.7000])
CC(C)CCn1cc2c(nc(NC(=O)Cc3ccccc3)n3nc(-c4ccco4)nc23)n1,tensor([6.7000])
O=C(Cc1cccc2ccccc12)Nc1nc2nn(CCc3ccccc3)cc2c2nc(-c3ccco3)nn12,tensor([7.0500])
O=C(Cc1cccc2ccccc12)Nc1nc2nn(CCCc3ccccc3)cc2c2nc(-c3ccco3)nn12,tensor([5.9600])
O=C(Cc1ccccc1)Nc1nc2nn(CCCc3ccccc3)cc2c2nc(-c3ccco3)nn12,tensor([7.1200])
O=C(Cc1ccccc1)Nc1nc2nn(CCc3ccccc3)cc2c2nc(-c3ccco3)nn12,tensor([6.9200])
CC(C)CCn1cc2c(nc(NC(=O)Cc3cccc4ccccc34)n3nc(-c4ccco4)nc23)n1,tensor([6.8500])
CCCn1c(=O)c2c(nc3cc(C(C)(C)C)ccn32)n(Cc2ccccc2)c1=O,tensor([5.8400])
CCCn1c(=O)c2c(nc3ccccn32)n(Cc2ccccc2)c1=O,tensor([7.3000])
C=CCn1c(=O)c2c(nc3ccccn32)n(Cc2ccccc2)c1=O,tensor([7.3800])
C#CCn1c(=O)c2c(nc3ccccn32)n(Cc2ccccc2)c1=O,tensor([6.9100])
CCCn1c(=O)c2c(nc3ccccn32)n(Cc2ccc(OC)cc2)c1=O,tensor([7.0800])
CCn1c(=O)c2c(nc3ccccn32)n(Cc2ccccc2)c1=O,tensor([6.4900])
CC(C)Cn1c(=O)c2c(nc3ccccn32)n(Cc2ccccc2)c1=O,tensor([7.5500])
CCCn1c(=O)c2c(nc3ccccn32)n(C)c1=O,tensor([5.6800])
CCCCc1nc2[nH]cnc2c2nc(-c3ccc(OCCC)cc3)nn12,tensor([7.5000])
COc1ccc(CCCn2ncc3c2nc(N)n2nc(-c4ccco4)nc32)cc1,tensor([5.9500])
O=C(Nc1cccc(Cl)c1)Nc1nc2nn(CCCc3ccccc3)cc2c2nc(-c3ccco3)nn12,tensor([5.8200])
CC(=O)Oc1ccc(-n2nc3c(=O)[nH]c4ccccc4n3c2=O)cc1,tensor([6.5000])
COc1ccc(-n2nc3c(N)nc4c(N)cccc4n3c2=O)cc1,tensor([6.7300])
Nc1nc2c([N+](=O)[O-])cccc2n2c(=O)n(-c3ccccc3)nc12,tensor([6.0600])
O=c1[nH]c2ccccc2n2c(=O)n(-c3ccc(O)cc3)nc12,tensor([6.7800])
CCCn1c(=O)c2[nH]c(C3CCCC3)nc2n(CCC)c1=O,tensor([8.4900])
Cn1c(=O)c2[nH]cnc2n(C)c1=O,tensor([5.2100])
N#Cc1c(N)nc(SCc2ncc[nH]2)c(C#N)c1-c1ccc(O)cc1,tensor([8.5900])
N#Cc1c(N)nc(SCc2ncc[nH]2)c(C#N)c1-c1cccc(O)c1,tensor([8.3600])
COc1ccc(-c2c(C#N)c(N)nc(SCc3ncc[nH]3)c2C#N)cc1,tensor([8.1500])
N#Cc1c(N)nc(SCc2ncc[nH]2)c(C#N)c1-c1ccccc1,tensor([8.6200])
COc1cccc(-c2c(C#N)c(N)nc(SCc3ncc[nH]3)c2C#N)c1,tensor([8.7000])
O=C(NC1C(CO)OC(n2cnc3c(NC4CCCC4)ncnc32)C1O)c1ccc(F)c(Cl)c1,tensor([6.2400])
CC1OC(n2cnc3c(NC4CCCC4)ncnc32)C(O)C1NC(=O)C1CCCCC1C(=O)c1cccs1,tensor([6.0100])
CC1OC(n2cnc3c(NC4CCCC4)ncnc32)C(O)C1NC(=O)CCCc1cccs1,tensor([6.3800])
Cn1cnc2c(NC3CCCC3)ncnc21,tensor([5.9300])
Cc1ccc(C(=O)NC2C(CO)OC(n3cnc4c(NC5CCCC5)ncnc43)C2O)cc1F,tensor([6.1100])
Cc1ccc(C(=O)NC2C(CO)OC(n3cnc4c(NC5CCCC5)ncnc43)C2O)cc1C,tensor([6.8600])
O=C(CCCc1cccs1)NC1C(CO)OC(n2cnc3c(NC4CCCC4)ncnc32)C1O,tensor([6.2000])
O=C(NC1C(CO)OC(n2cnc3c(NC4CCCC4)ncnc32)C1O)c1ccc2c(c1)OCO2,tensor([6.3500])
CNC(=O)C1SC(n2cnc3c(NC)nc(Cl)nc32)C(O)C1O,tensor([5.8800])
CNC(=O)C1SC(n2cnc3c(NCc4cccc(I)c4)nc(Cl)nc32)C(O)C1O,tensor([6.7100])
CNC(=O)C1OC(n2cnc3c(NCc4cccc(I)c4)nc(Cl)nc32)C(O)C1O,tensor([5.9100])
CCn1cc2c(nc(NC(=O)Nc3ccc(OC)cc3)n3nc(-c4ccco4)nc23)n1,tensor([5.9900])
CCCn1cc2c(nc(NC(=O)Nc3ccc(OC)cc3)n3nc(-c4ccco4)nc23)n1,tensor([5.9200])
CCCn1c(=O)c2[nH]c(-c3cc(OCC(=O)Nc4ccc5c(c4)OCO5)nn3C)nc2n(CCC)c1=O,tensor([6.6100])
COc1ccc(CCCn2ncc3c2nc(N)n2nc(-c4ccco4)nc32)cc1OC,tensor([5.7800])
Nc1nc2c(cnn2CCCc2ccc3c(c2)OCO3)c2nc(-c3ccco3)nn12,tensor([5.6600])
Nc1nc(NC(=O)CCc2ccccc2)nc2c1ncn2C1OC(CO)C(O)C1O,tensor([6.3700])
CCNc1nc(NC(=O)CC2CCCCC2)nc2c1ncn2C1OC(CO)C(O)C1O,tensor([6.6800])
CCNC(=O)C1OC(n2cnc3c(N)nc(NC(=O)CCC4CCCC4)nc32)C(O)C1O,tensor([5.2600])
OCC1OC(n2cnc3c(NC4CCCC4)nc(Cl)nc32)C(O)C1O,tensor([9.0800])
O=C(CCC1CCCC1)Nc1nc(NC2CCCC2)c2ncn(C3OC(CO)C(O)C3O)c2n1,tensor([7.5000])
Nc1nc(NC(=O)C2CCCCC2)nc2c1ncn2C1OC(CO)C(O)C1O,tensor([5.7900])
Nc1nc(NC(=O)CCCC2CCCCC2)nc2c1ncn2C1OC(CO)C(O)C1O,tensor([6.1300])
Nc1nc(NC(=O)C=Cc2ccccc2)nc2c1ncn2C1OC(CO)C(O)C1O,tensor([7.1500])
O=C(CCc1ccccc1)Nc1nc(NC2CCCC2)c2ncn(C3OC(CO)C(O)C3O)c2n1,tensor([7.6800])
Nc1nc(NC(=O)CC2CCCCC2)nc2c1ncn2C1OC(CO)C(O)C1O,tensor([6.4700])
Nc1nc(NC(=O)CCC2CCCC2)nc2c1ncn2C1OC(CO)C(O)C1O,tensor([6.6000])
CCCn1cc2c(nc(N)n3nc(-c4ccco4)nc23)n1,tensor([8.])
CCn1cc2c(nc(NC(=O)Nc3cccc(Cl)c3)n3nc(-c4ccco4)nc23)n1,tensor([6.6000])
O=C(Nc1cccc(Cl)c1)Nc1nc2nn(CCc3ccccc3)cc2c2nc(-c3ccco3)nn12,tensor([6.6000])
COc1ccc(NC(=O)Nc2nc3nn(CCCc4ccccc4)cc3c3nc(-c4ccco4)nn23)cc1,tensor([6.6000])
CCCn1cc2c(nc(NC(=O)Nc3cccc(Cl)c3)n3nc(-c4ccco4)nc23)n1,tensor([7.5200])
CCn1cc2c(nc(N)n3nc(-c4ccco4)nc23)n1,tensor([8.3000])
Nc1nc2nn(CCCc3ccccc3)cc2c2nc(-c3ccco3)nn12,tensor([8.5200])
COc1ccc(NC(=O)Nc2nc3nn(CCc4ccccc4)cc3c3nc(-c4ccco4)nn23)cc1,tensor([6.7000])
CCCCn1cc2c(nc(NC(=O)Nc3ccc(OC)cc3)n3nc(-c4ccco4)nc23)n1,tensor([6.5300])
COc1ccc(NC(=O)Nc2nc3nn(C)cc3c3nc(-c4ccco4)nn23)cc1,tensor([5.9600])
CCOC(=O)C1Oc2ccc(CCCn3ncc4c3nc(N)n3nc(-c5ccco5)nc43)cc2O1,tensor([5.7500])
c1ccc(Sc2nc3ncnc-3c(NC3CCCCC3)[nH]2)cc1,tensor([5.5200])
c1ccc(Oc2nc3ncnc-3c(NC3CCCCC3)[nH]2)cc1,tensor([4.5800])
Cn1cnc2c(NC3CCCCC3)nc(Nc3ccccc3)nc21,tensor([5.7300])
c1ccc(Nc2nc3ncnc-3c(NC3CCCCCC3)[nH]2)cc1,tensor([5.7600])
Cn1cnc2c(NC3CCCCCC3)nc(Nc3ccccc3)nc21,tensor([5.7100])
CN(C)c1ccc(Nc2nc(NC3CCCCC3)c3[nH]cnc3n2)cc1,tensor([5.4100])
c1nc2nc(Nc3ccc(N4CCOCC4)cc3)nc(NC3CC4CCC3C4)c2[nH]1,tensor([4.4700])
c1ccc(Oc2nc(NC3CC4CCC3C4)c3nc[nH]c3n2)cc1,tensor([5.8300])
COc1ccc(Cl)cc1CNc1ncnc2c1ncn2C1OC(CO)C(O)C1O,tensor([8.0400])
CNC(=O)C12CC1C(n1cnc3c(NCc4cccc(Cl)c4)nc(Cl)nc31)C(O)C2O,tensor([6.5800])
CNC(=O)C12CC1C(n1cnc3c(NCc4cccc(Br)c4)nc(Cl)nc31)C(O)C2O,tensor([6.5700])
CNC(=O)C12CC1C(n1cnc3c(NCc4cccc(Cl)c4)nc(I)nc31)C(O)C2O,tensor([5.6600])
CNC(=O)C12CC1C(n1cnc3c(NCc4cc(Cl)ccc4Cl)nc(Cl)nc31)C(O)C2O,tensor([6.2700])
OCC1OC(n2cnc3c(NCc4cccc(I)c4)ncnc32)C(O)C1O,tensor([8.1300])
CNC(=O)C12CC1C(n1cnc3c(NCc4cccc(Cl)c4)nc(SC)nc31)C(O)C2O,tensor([6.2100])
CNC(=O)C12CC1C(n1cnc3c(NCC(c4ccccc4)c4ccccc4)nc(Cl)nc31)C(O)C2O,tensor([5.8900])
Cc1ccccc1CNc1ncnc2c1ncn2C1OC(CO)C(O)C1O,tensor([7.4100])
CNC(=O)C12CC1C(n1cnc3c(NC)nc(Cl)nc31)C(O)C2O,tensor([5.6800])
CNC(=O)C12CC1C(n1cnc3c(NCc4ccccc4C)nc(Cl)nc31)C(O)C2O,tensor([6.1500])
CNc1nc(N)nc2c1ncn2C1OC(CO)C(O)C1O,tensor([6.3200])
OCC1OC(n2cnc3c(NCc4cccnc4)ncnc32)C(O)C1O,tensor([7.3800])
CNC(=O)C12CC1C(n1cnc3c(NCc4cc(Cl)ccc4OCC(N)=O)nc(Cl)nc31)C(O)C2O,tensor([7.0900])
CNC(=O)C12CC1C(n1cnc3c(NCc4cc(Cl)ccc4OC)nc(Cl)nc31)C(O)C2O,tensor([6.6200])
CNC(=O)C12CC1C(n1cnc3c(NCc4cccc(C)c4)nc(Cl)nc31)C(O)C2O,tensor([6.3500])
OCC12CC1C(n1cnc3c(NCc4cccc(I)c4)ncnc31)C(O)C2O,tensor([7.4600])
CNC(=O)C12CC1C(n1cnc3c(NC4CC4c4ccccc4)nc(Cl)nc31)C(O)C2O,tensor([6.1100])
CNC(=O)C12CC1C(n1cnc3c(NCc4cccc(F)c4)nc(Cl)nc31)C(O)C2O,tensor([6.1900])
OCC12CC1C(n1cnc3c(NCc4cccc(I)c4)nc(Cl)nc31)C(O)C2O,tensor([7.1900])
OCC1OC(n2cnc3c(NCc4cccc(I)c4)nc(Cl)nc32)C(O)C1O,tensor([7.7700])
CNC(=O)C1OC(n2cnc3c(NCc4cccc(I)c4)ncnc32)C(O)C1O,tensor([7.2900])
CNC(=O)C12CC1C(n1cnc3c(NCc4cc(OC)ccc4OC)nc(Cl)nc31)C(O)C2O,tensor([5.8000])
CNC(=O)C12CC1C(n1cnc3c(NCc4ccc(N)c(I)c4)nc(Cl)nc31)C(O)C2O,tensor([7.3200])
CNC(=O)C12CC1C(n1cnc3c(NC)nc(N)nc31)C(O)C2O,tensor([5.8000])
CNC(=O)C12CC1C(n1cnc3c(NCc4cc(Cl)ccc4OCc4ccccc4)nc(Cl)nc31)C(O)C2O,tensor([5.9200])
CNC(=O)C12CC1C(n1cnc3c(NCc4cccnc4)nc(Cl)nc31)C(O)C2O,tensor([5.5800])
OCC1OC(n2cnc3c(NCC(c4ccccc4)c4ccccc4)ncnc32)C(O)C1O,tensor([7.3000])
CNC(=O)C12CC1C(n1cnc3c(NCc4cc(I)ccc4OC)nc(Cl)nc31)C(O)C2O,tensor([6.7000])
OCC1OC(n2cnc3c(NCc4cccc(Cl)c4)ncnc32)C(O)C1O,tensor([7.7000])
CNC(=O)C12CC1C(n1cnc3c(NCc4cc(I)ccc4Cl)nc(Cl)nc31)C(O)C2O,tensor([6.4700])
OCC1OC(n2cnc3c(NC4CC4c4ccccc4)ncnc32)C(O)C1O,tensor([6.9200])
CNC(=O)C12CC1C(n1cnc3c(NCc4cccc(C#CCO)c4)nc(Cl)nc31)C(O)C2O,tensor([5.5800])
CNC(=O)C12CC1C(n1cnc3c(NCc4cccc(I)c4)ncnc31)C(O)C2O,tensor([6.1600])
CNC(=O)C12CC1C(n1cnc3c(NCc4ccc(N)cc4)nc(Cl)nc31)C(O)C2O,tensor([5.3900])
N#Cc1cccc(-c2nc(Nc3ccccn3)sc2-n2cncn2)c1,tensor([5.7500])
N#Cc1cccc(-c2nc(NC(=O)O)sc2-n2cncn2)c1,tensor([5.5500])
Cc1nccn1-c1sc(Nc2cnccn2)nc1-c1cccc(C#N)c1,tensor([6.7100])
N#Cc1cccc(-c2nc(Nc3cccnc3)sc2-n2cncn2)c1,tensor([5.8200])
Cc1cccnc1Nc1nc(-c2cccc(C#N)c2)c(-n2ccnc2)s1,tensor([8.1000])
Cc1cccc(Nc2nc(-c3cccc(C#N)c3)c(-n3ccnc3C)s2)n1,tensor([6.6500])
N#Cc1cccc(-c2nc(Nc3cccnc3)sc2-n2ccnc2)c1,tensor([6.2500])
N#Cc1cccc(-c2nc(Nc3cnccn3)sc2-n2ccnc2)c1,tensor([7.3400])
N#Cc1cccc(-c2nc(Nc3cnccn3)sc2-n2cncn2)c1,tensor([5.6800])
N#Cc1cccc(-c2nc(Nc3ccncc3)sc2-n2cncn2)c1,tensor([5.4200])
CCNC(=O)C1OC(n2cnc3c(NC(=O)Nc4ccc(S(=O)(=O)NC(C)(C)C)cc4)ncnc32)C(O)C1O,tensor([6.6000])
CCNC(=O)C1OC(n2cnc3c(NC(=O)Nc4ccc(S(=O)(=O)N5CC=CC5)cc4)ncnc32)C(O)C1O,tensor([6.6000])
CCNC(=O)C1OC(n2cnc3c(NC(=O)Nc4ccc(S(=O)(=O)N(CC)CC)cc4)ncnc32)C(O)C1O,tensor([6.4600])
CCCCCNS(=O)(=O)c1ccc(NC(=O)Nc2ncnc3c2ncn3C2OC(C(=O)NCC)C(O)C2O)cc1,tensor([6.3500])
CCNC(=O)C1OC(n2cnc3c(NC(=O)Nc4ccc(S(=O)(=O)NCc5ccccc5)cc4)ncnc32)C(O)C1O,tensor([6.5200])
CCNC(=O)C1OC(n2cnc3c(NC(=O)Nc4ccc(S(=O)(=O)NC5CCCCC5)cc4)ncnc32)C(O)C1O,tensor([6.4600])
CCCNS(=O)(=O)c1ccc(NC(=O)Nc2ncnc3c2ncn3C2OC(C(=O)NCC)C(O)C2O)cc1,tensor([6.5400])
CCCN(CCC)S(=O)(=O)c1ccc(NC(=O)Nc2ncnc3c2ncn3C2OC(C(=O)NCC)C(O)C2O)cc1,tensor([6.4600])
CCNC(=O)C1OC(n2cnc3c(NC(=O)Nc4ccc(S(=O)(=O)N5CCCCC5)cc4)ncnc32)C(O)C1O,tensor([6.1200])
CCNC(=O)C1OC(n2cnc3c(NC(=O)Nc4ccc(S(=O)(=O)N(C)C(C)C)cc4)ncnc32)C(O)C1O,tensor([6.4900])
CCNC(=O)C1OC(n2cnc3c(NC(=O)Nc4ccc(S(=O)(=O)NCC)cc4)ncnc32)C(O)C1O,tensor([6.6000])
C=CCN(C)S(=O)(=O)c1ccc(NC(=O)Nc2ncnc3c2ncn3C2OC(C(=O)NCC)C(O)C2O)cc1,tensor([6.6900])
CCNC(=O)C1OC(n2cnc3c(NC(=O)Nc4ccc(S(=O)(=O)Nc5ccc(OC)cc5)cc4)ncnc32)C(O)C1O,tensor([6.5500])
CCNC(=O)C1OC(n2cnc3c(NC(=O)Nc4ccc(S(=O)(=O)N(C)C)cc4)ncnc32)C(O)C1O,tensor([6.5500])
CCNC(=O)C1OC(n2cnc3c(NC(=O)Nc4ccc(S(=O)(=O)N5CCOCC5)cc4)ncnc32)C(O)C1O,tensor([6.1400])
CCNC(=O)C1OC(n2cnc3c(NC(=O)Nc4ccc(S(N)(=O)=O)cc4)ncnc32)C(O)C1O,tensor([7.5200])
CCNC(=O)C1OC(n2cnc3c(NC(=O)Nc4ccc(S(=O)(=O)N5CCCC5)cc4)ncnc32)C(O)C1O,tensor([6.1600])
CCNC(=O)C1OC(n2cnc3c(NC(=O)Nc4ccc(S(=O)(=O)N(CCCl)CCCl)cc4)ncnc32)C(O)C1O,tensor([6.1400])
CCNC(=O)C1OC(n2cnc3c(NC(=O)Nc4ccc(S(=O)(=O)NC5CCCC5)cc4)ncnc32)C(O)C1O,tensor([6.3800])
C=CCN(CC=C)S(=O)(=O)c1ccc(NC(=O)Nc2ncnc3c2ncn3C2OC(C(=O)NCC)C(O)C2O)cc1,tensor([6.4200])
CCNC(=O)C1OC(n2cnc3c(NC(=O)Nc4ccc(S(=O)(=O)NC56CC7CC(CC(C7)C5)C6)cc4)ncnc32)C(O)C1O,tensor([6.6200])
CNc1nc(-n2cc(-c3nc4ccccc4o3)cn2)nc2c1ncn2C1OC(CO)C(O)C1O,tensor([5.5800])
CCNc1nc(-n2cc(-c3ccc(OC)cc3)cn2)nc2c1ncn2C1OC(CO)C(O)C1O,tensor([5.4300])
CNc1nc(-n2cc(-c3ccccn3)cn2)nc2c1ncn2C1OC(CO)C(O)C1O,tensor([5.4200])
CNc1nc(-n2cc(-c3ccncc3)cn2)nc2c1ncn2C1OC(CO)C(O)C1O,tensor([5.4200])
CNc1nc(-c2cnn(Cc3ccccc3)c2)nc2c1ncn2C1OC(CO)C(O)C1O,tensor([5.8900])
CCCNc1nc(-n2cc(-c3ccc(OC)cc3)cn2)nc2c1ncn2C1OC(CO)C(O)C1O,tensor([5.5200])
CNc1nc(C#Cc2ccccc2)nc2c1ncn2C1OC(CO)C(O)C1O,tensor([5.7700])
Nc1nc(C#Cc2ccccc2)nc2c1ncn2C1OC(CO)C(O)C1O,tensor([6.4100])
COc1ccc(-c2cnn(-c3nc(NCc4cccc(I)c4)c4ncn(C5OC(CO)C(O)C5O)c4n3)c2)cc1,tensor([5.3500])
OCC1OC(n2cnc3c(NCc4cccc(I)c4)nc(-n4cc(-c5nccc6ccccc56)cn4)nc32)C(O)C1O,tensor([6.1100])
CCNc1nc(-n2cc(-c3ccccn3)cn2)nc2c1ncn2C1OC(CO)C(O)C1O,tensor([5.8900])
CNc1nc(-n2cc(C(=O)NCc3ccc(Cl)cc3)cn2)nc2c1ncn2C1OC(CO)C(O)C1O,tensor([5.7000])
CNc1nc(-n2cc(-c3cccnc3)cn2)nc2c1ncn2C1OC(CO)C(O)C1O,tensor([5.7500])
OCC1OC(n2cnc3c(NCc4cccc(I)c4)nc(-n4cc(-c5ccccn5)cn4)nc32)C(O)C1O,tensor([5.3800])
CC1(O)C(O)C(CO)OC1n1cnc2c(NC3CCCC3)nc(Cl)nc21,tensor([8.4800])
OC1OC(n2cnc3c(NC4CCCC4)nc(Cl)nc32)C(O)C1O,tensor([9.1000])
CCn1nnc(C2OC(n3cnc4c(N)nc(NC(CO)Cc5ccc(Br)cc5)nc43)C(O)C2O)n1,tensor([6.5100])
CCNC(=O)C1OC(n2cnc3c(N)nc(NCCc4ccc(CCC(=O)O)cc4)nc32)C(O)C1O,tensor([6.5200])
CCn1nnc(C2OC(n3cnc4c(N)nc(NC(CO)Cc5ccc(O)cc5)nc43)C(O)C2O)n1,tensor([6.2200])
CCn1nnc(C2OC(n3cnc4c(N)nc(NC(CO)Cc5ccccc5)nc43)C(O)C2O)n1,tensor([6.4300])
CCn1nnc(C2OC(n3cnc4c(N)nc(NC(C)Cc5ccc(OC)cc5)nc43)C(O)C2O)n1,tensor([6.4500])
CCn1nnc(C2OC(n3cnc4c(N)nc(NC(CO)Cc5ccc(Cl)cc5)nc43)C(O)C2O)n1,tensor([6.1700])
CCCn1c(=O)c2c(nc3[nH]c(C4CC4)cn32)n(Cc2ccccc2)c1=O,tensor([6.4600])
COc1ccc(-c2c(C#N)c(N)nc(SCCO)c2C#N)cc1,tensor([7.3900])
N#Cc1c(N)nc(SCCO)c(C#N)c1-c1ccc2c(c1)OCO2,tensor([7.9600])
N#Cc1c(N)nc(SCCO)c(C#N)c1-c1cccc(OC(F)(F)F)c1,tensor([7.5200])
N#Cc1c(N)nc(SCCO)c(C#N)c1-c1cccc(C(F)(F)F)c1,tensor([7.8500])
COc1cccc(-c2c(C#N)c(N)nc(SCCO)c2C#N)c1,tensor([8.3700])
CN(C)c1ccc(-c2c(C#N)c(N)nc(SCCO)c2C#N)cc1,tensor([6.6100])
N#Cc1c(N)nc(SCCO)c(C#N)c1-c1cccc(O)c1,tensor([7.9200])
Cc1ccc(-c2c(C#N)c(N)nc(SCCO)c2C#N)cc1,tensor([7.3100])
N#Cc1c(N)nc(SCCO)c(C#N)c1-c1ccc(O)cc1,tensor([7.6400])
N#Cc1c(N)nc(SCCO)c(C#N)c1-c1cccc(F)c1,tensor([7.4000])
Cc1cccc(-c2c(C#N)c(N)nc(SCCO)c2C#N)c1,tensor([7.0900])
N#Cc1c(N)nc(SCCO)c(C#N)c1-c1ccc(F)cc1,tensor([7.0900])
N#Cc1c(N)nc(SCCO)c(C#N)c1-c1cccc(OC(F)F)c1,tensor([7.4000])
N#Cc1c(N)nc(SCCO)c(C#N)c1-c1ccc(OC(F)(F)F)cc1,tensor([6.8100])
N#Cc1c(N)nc(SCCO)c(C#N)c1-c1ccc(C(F)(F)F)cc1,tensor([6.8200])
OCC1OC(n2cnc3c(NC4CCCC4)ncnc32)C(O)C1O,tensor([8.])
N#Cc1c(N)nc(SCCO)c(C#N)c1-c1ccc(OC(F)F)cc1,tensor([7.4700])
N#Cc1c(N)nc(SCCO)c(C#N)c1-c1ccccc1,tensor([7.8200])
CN(C)C(=O)C1SC(n2cnc3c(NCc4cccc(I)c4)nc(Cl)nc32)C(O)C1O,tensor([5.2100])
CN(C)C(=O)C1OC(n2cnc3c(NCc4cccc(I)c4)nc(Cl)nc32)C(O)C1O,tensor([5.2300])
COc1ccc(-c2nc3c(O)nc4ccc(C)cc4n3n2)cc1,tensor([8.5400])
Oc1nc2ccccc2n2nc(-c3ccco3)nc12,tensor([5.7100])
Oc1nc2ccccc2n2nc(-c3cccs3)nc12,tensor([8.7000])
COc1ccc(-c2nc3c(N)nc4ccc(Cl)cc4n3n2)cc1,tensor([7.4400])
Oc1nc2ccc(Cl)cc2n2nc(-c3ccco3)nc12,tensor([5.5600])
Oc1nc2ccc(Cl)cc2n2nc(-c3ccoc3)nc12,tensor([6.9000])
O=C(NCc1ccccc1)c1nc2c(O)nc3ccccc3n2n1,tensor([6.6900])
COc1ccc(-c2nc3c(O)nc4ccc(Cl)cc4n3n2)cc1,tensor([8.4800])
CNC(=O)C12CC1C(n1cnc3c(NC4C5CCC4CC5)nc(Cl)nc31)C(O)C2O,tensor([6.7200])
CNC(=O)C12CC1C(n1cnc3c(NC4CCCC4)nc(Cl)nc31)C(O)C2O,tensor([7.7400])
CNC(=O)C12CC1C(n1cnc3c(NC4CCCC4)ncnc31)C(O)C2O,tensor([7.4700])
OCC1OC(n2cnc3c(NC4C5CCC4CC5)ncnc32)C(O)C1O,tensor([9.3200])
Clc1cccc2[nH]c(-c3cnc4ccccc4n3)nc12,tensor([6.4600])
CCc1nc2c3[nH]c(C)nc3c3[nH]c(C)nc3c2[nH]1,tensor([6.3000])
CCc1nc2c([nH]1)c1nc(C)[nH]c1c1nc(CC)[nH]c12,tensor([6.0100])
Clc1cc(Cl)c2[nH]c(-c3cnc4ccccc4n3)nc2c1,tensor([8.0300])
Cc1cccc2[nH]c(-c3cnc4ccccc4n3)nc12,tensor([5.1000])
CSc1cccc2[nH]c(-c3cnc4ccccc4n3)nc12,tensor([8.6800])
CCc1nc2c([nH]1)c1nc(CC)[nH]c1c1nc(CC)[nH]c21,tensor([7.3400])
O=c1[nH]c2ccccc2nc1-c1cc(Cl)n[nH]1,tensor([5.4800])
Cc1cc(Cl)cc2[nH]c(-c3cnc4ccccc4n3)nc12,tensor([8.4400])
c1ccc2nc(-c3nc4ccccc4[nH]3)cnc2c1,tensor([7.3000])
CCSc1cccc2[nH]c(-c3cnc4ccccc4n3)nc12,tensor([9.3000])
Cn1cc2c(nc(NC(=O)Nc3cccc[n+]3[O-])n3nc(-c4ccco4)nc23)n1,tensor([6.1000])
Cn1cc2c(nc(NC(=O)Nc3cccnc3)n3nc(-c4ccco4)nc23)n1,tensor([6.6400])
Cn1cc2c(nc(NC(=O)Nc3ccc[n+](C)c3)n3nc(-c4ccco4)nc23)n1,tensor([6.4800])
Cn1cc2c(nc(NC(=O)Nc3ccccn3)n3nc(-c4ccco4)nc23)n1,tensor([6.6800])
Cn1cc2c(nc(NC(=O)Nc3ccc[n+]([O-])c3)n3nc(-c4ccco4)nc23)n1,tensor([6.2600])
Cn1cc2c(nc(NC(=O)Nc3cccc[n+]3C)n3nc(-c4ccco4)nc23)n1,tensor([6.4000])
Nc1cccc2c1nc(NC(=O)c1ccccc1)c1nn(-c3ccccc3)c(=O)n12,tensor([7.0100])
COc1ccc(-n2nc3c(NC(C)=O)nc4c(N)cccc4n3c2=O)cc1,tensor([5.5700])
O=C(Nc1nc2ccccc2n2c(=O)n(-c3ccccc3)nc12)C(c1ccccc1)c1ccccc1,tensor([7.7300])
CC(=O)Nc1nc2ccccc2n2c(=O)n(-c3ccccc3)nc12,tensor([5.7000])
O=C(Nc1nc2ccccc2n2c(=O)n(-c3ccccc3)nc12)c1ccccc1,tensor([7.0600])
O=C(NC1CCC1)C1SC(n2cnc3c(NCc4cccc(I)c4)nc(Cl)nc32)C(O)C1O,tensor([6.9000])
CNc1nc(Cl)nc2c1ncn2C1SC(C(=O)NCCC(C)C)C(O)C1O,tensor([5.3900])
CNC(=O)C1SC(n2cnc3c(NCc4ccccc4C)nc(Cl)nc32)C(O)C1O,tensor([6.2900])
CNc1nc(Cl)nc2c1ncn2C1SC(C(=O)NC2CC2)C(O)C1O,tensor([7.3200])
Cc1ccccc1CNc1nc(Cl)nc2c1ncn2C1SC(C(=O)NC2CC2)C(O)C1O,tensor([7.1200])
CCNC(=O)C1SC(n2cnc3c(NCc4ccccc4C)nc(Cl)nc32)C(O)C1O,tensor([7.1200])
O=C(NCc1cccc(Cl)c1)C1SC(n2cnc3c(NCc4cccc(I)c4)nc(Cl)nc32)C(O)C1O,tensor([5.7700])
CCNC(=O)C1SC(n2cnc3c(NC4CC4)nc(Cl)nc32)C(O)C1O,tensor([8.4900])
CCNC(=O)C1SC(n2cnc3c(NCc4cccc(I)c4)nc(Cl)nc32)C(O)C1O,tensor([6.8400])
CNC(=O)C1SC(n2cnc3c(NC4CCCC4)nc(Cl)nc32)C(O)C1O,tensor([7.8600])
CNC(=O)C1SC(n2cnc3c(NC4CC4)nc(Cl)nc32)C(O)C1O,tensor([7.4300])
Cc1ccccc1CNc1nc(Cl)nc2c1ncn2C1SC(C(=O)NCC2CC2)C(O)C1O,tensor([5.7000])
CCNC(=O)C1SC(n2cnc3c(NC4CCCC4)nc(Cl)nc32)C(O)C1O,tensor([8.7000])
CNc1nc(Cl)nc2c1ncn2C1SC(C(=O)NCC2CC2)C(O)C1O,tensor([6.2000])
O=C(NC1CC1)C1SC(n2cnc3c(NC4CC4)nc(Cl)nc32)C(O)C1O,tensor([8.3400])
O=C(NCC1CC1)C1SC(n2cnc3c(NCc4cccc(I)c4)nc(Cl)nc32)C(O)C1O,tensor([5.7600])
O=C(NC1CC1)C1SC(n2cnc3c(NCc4cccc(I)c4)nc(Cl)nc32)C(O)C1O,tensor([7.0400])
CCCn1c(=O)[nH]c2[nH]c(-c3ccc(S(=O)(=O)NCc4ccccc4)cc3)nc2c1=O,tensor([7.2600])
CCCn1c(=O)[nH]c2[nH]c(-c3ccc(S(=O)(=O)NCCc4ccccc4)cc3)nc2c1=O,tensor([6.7400])
CCCn1c(=O)[nH]c2nc(-c3ccc(S(=O)(=O)N4CCN(Cc5ccccc5)CC4)cc3)[nH]c2c1=O,tensor([5.6800])
Cn1c(=O)c2nc(-c3ccc(S(=O)(=O)NCCc4ccccc4)cc3)[nH]c2n(C)c1=O,tensor([6.7300])
Clc1ccc(-c2[nH]c(-c3ccccc3)nc3nc(C4CCCCC4)nc2-3)cc1Cl,tensor([7.4300])
Clc1ccc(-c2[nH]c(-c3ccccc3)nc3nc(C4CCCCC4)nc2-3)cc1,tensor([7.6000])
Cc1ccc(-c2[nH]c(-c3ccccc3)nc3nc(C4CCCCC4)nc2-3)cc1,tensor([7.4400])
Clc1ccc(-c2nc(-c3ccccc3)c3[nH]cnc3n2)cc1,tensor([7.5700])
Cc1ccc(-c2nc(-c3ccc(C)cc3)c3[nH]cnc3n2)cc1,tensor([6.6300])
c1ccc(-c2nc(-c3ccccc3)c3[nH]c(-c4ccccc4)nc3n2)cc1,tensor([7.6800])
COc1ccc(-c2nc(-c3ccccc3)c3[nH]cnc3n2)cc1,tensor([7.5000])
c1ccc(-c2nc(-c3ccccc3)c3nc(C4CCCC4)nc-3[nH]2)cc1,tensor([9.5400])
c1ccc(-c2nc(-c3ccccc3)c3[nH]cnc3n2)cc1,tensor([8.3900])
CC(C)c1nc2[nH]c(-c3ccccc3)nc(-c3ccccc3)c-2n1,tensor([9.0900])
CCCc1nc2[nH]c(-c3ccccc3)nc(-c3ccccc3)c-2n1,tensor([8.3600])
c1ccc(-c2nc(-c3ccccc3)c3nc(C4CCCCC4)nc-3[nH]2)cc1,tensor([9.1400])
Cc1ccc(-c2nc(-c3ccccc3)c3[nH]cnc3n2)cc1,tensor([8.4000])
COc1ccc(-c2[nH]c(-c3ccccc3)nc3nc(C4CCCCC4)nc2-3)cc1,tensor([8.4300])
O=C(Nc1ccncc1)Nc1nc2nn(CCCO)cc2c2nc(-c3ccco3)nn12,tensor([6.4600])
CCn1c(=O)c2nc(-c3cnn(Cc4cccc(F)c4)c3)[nH]c2n(CC)c1=O,tensor([6.4200])
CCCn1c(=O)c2nc(-c3cnn(Cc4ccc(OC)cc4)c3)[nH]c2n(CCC)c1=O,tensor([7.1600])
CCCn1c(=O)c2nc(-c3cnn(Cc4ccccc4C)c3)[nH]c2n(CCC)c1=O,tensor([7.6600])
CCCn1c(=O)c2nc(-c3cnn(Cc4ccccc4F)c3)[nH]c2n(CCC)c1=O,tensor([7.7200])
CCCn1c(=O)c2nc(-c3cnn(Cc4ccc(F)cc4)c3)[nH]c2n(CCC)c1=O,tensor([7.6400])
CCCn1c(=O)c2[nH]c(-c3cnn(Cc4cccc(C(F)(F)F)c4)c3)nc2n(CCC)c1=O,tensor([6.7700])
CCCn1c(=O)c2nc(-c3cnn(Cc4ccc(C(F)(F)F)cc4)c3)[nH]c2n(CCC)c1=O,tensor([7.3900])
CCCn1c(=O)c2nc(-c3cnn(Cc4ccccc4Cl)c3)[nH]c2n(CCC)c1=O,tensor([7.2300])
CCCn1c(=O)c2nc(-c3cnn(Cc4ccccc4OC)c3)[nH]c2n(CCC)c1=O,tensor([7.2300])
CCCn1c(=O)c2nc(-c3cnn(Cc4cc(Cl)ccc4Cl)c3)[nH]c2n(CCC)c1=O,tensor([6.7200])
Cn1c(=O)c2nc(-c3cnn(Cc4cccc(C(F)(F)F)c4)c3)[nH]c2n(C)c1=O,tensor([6.])
CCCn1c(=O)c2nc(-c3cnn(Cc4ccc(C)cc4)c3)[nH]c2n(CCC)c1=O,tensor([7.4200])
CCCn1c(=O)c2nc(-c3cnn(Cc4cccc(Cl)c4F)c3)[nH]c2n(CCC)c1=O,tensor([6.2800])
CCCn1c(=O)c2nc(-c3cnn(Cc4ccc(F)c(F)c4)c3)[nH]c2n(CCC)c1=O,tensor([6.7700])
CCCn1c(=O)c2nc(-c3cnn(Cc4cc(C(F)(F)F)ccc4Cl)c3)[nH]c2n(CCC)c1=O,tensor([5.9200])
CCCn1c(=O)c2[nH]c(-c3cnn(Cc4cccc(F)c4)c3)nc2n(CCC)c1=O,tensor([6.7700])
CCCn1c(=O)c2nc(-c3cnn(-c4ccccc4)c3)[nH]c2n(CCC)c1=O,tensor([6.1100])
CCn1c(=O)c2nc(-c3cnn(Cc4cccc(C(F)(F)F)c4)c3)[nH]c2n(CC)c1=O,tensor([6.2400])
CCCCn1c(=O)c2nc(-c3cnn(Cc4ccccc4)c3)[nH]c2n(CCCC)c1=O,tensor([5.8500])
CCCn1c(=O)c2[nH]c(-c3ccc(OCC(=O)Nc4ccc(C#N)cc4)cc3)nc2n(CCC)c1=O,tensor([6.4000])
CCCn1c(=O)c2nc(-c3cnn(Cc4cccc(OC)c4)c3)[nH]c2n(CCC)c1=O,tensor([7.4700])
Cn1c(=O)c2[nH]c(-c3cnn(Cc4cccc(F)c4)c3)nc2n(C)c1=O,tensor([6.3400])
CC(C)Cn1c(=O)c2nc(-c3cnn(Cc4cccc(F)c4)c3)[nH]c2n(CC(C)C)c1=O,tensor([6.0800])
CC(C)Cn1c(=O)c2nc(-c3cnn(Cc4cccc(C(F)(F)F)c4)c3)[nH]c2n(CC(C)C)c1=O,tensor([5.5100])
CCCn1c(=O)c2nc(-c3cnn(CCCc4ccccc4)c3)[nH]c2n(CCC)c1=O,tensor([7.1100])
CCCn1c(=O)c2nc(-c3cnn(Cc4ccccc4C(F)(F)F)c3)[nH]c2n(CCC)c1=O,tensor([7.3600])
CCCn1c(=O)c2nc(-c3cnn(CCc4ccccc4)c3)[nH]c2n(CCC)c1=O,tensor([7.7700])
CCCn1c(=O)c2nc(-c3cnn(Cc4cccc(Cl)c4)c3)[nH]c2n(CCC)c1=O,tensor([7.5100])
CCCn1c(=O)c2nc(-c3cnn(Cc4cccc(C)c4)c3)[nH]c2n(CCC)c1=O,tensor([7.3200])
CCCn1c(=O)c2nc(-c3cnn(Cc4ccc(Cl)cc4)c3)[nH]c2n(CCC)c1=O,tensor([8.1500])
CCn1c(=O)c2nc(-c3cnn(Cc4ccccc4)c3)[nH]c2n(CC)c1=O,tensor([6.2400])
CCCn1c(=O)[nH]c(=O)c2nc[nH]c21,tensor([4.3800])
CC(C)Cn1c(=O)c2nc(-c3cnn(Cc4ccccc4)c3)[nH]c2n(CC(C)C)c1=O,tensor([6.2100])
CCCn1c(=O)c2nc(-c3cnn(Cc4cccc(C)c4F)c3)[nH]c2n(CCC)c1=O,tensor([6.4100])
CCCn1c(=O)c2nc(-c3cnn(Cc4nc(-c5ccccc5OC)no4)c3)[nH]c2n(CCC)c1=O,tensor([5.7200])
CCCn1c(=O)c2nc(-c3cnn(Cc4noc(-c5cccc(Cl)c5)n4)c3)[nH]c2n(CCC)c1=O,tensor([5.5200])
CCCn1c(=O)c2nc(-c3cnn(Cc4nc(-c5ccc(C(F)(F)F)cc5)no4)c3)[nH]c2n(CCC)c1=O,tensor([5.4800])
CCCn1c(=O)c2nc(-c3cnn(Cc4noc(-c5ccccc5C(F)(F)F)n4)c3)[nH]c2n(CCC)c1=O,tensor([5.7200])
CCCn1c(=O)c2nc(-c3cnn(Cc4noc(-c5ccccc5OC)n4)c3)[nH]c2n(CCC)c1=O,tensor([6.0300])
CCCn1c(=O)c2nc(-c3cnn(Cc4noc(-c5cccc(OC)c5)n4)c3)[nH]c2n(CCC)c1=O,tensor([6.0900])
CCCn1c(=O)c2nc(-c3cnn(Cc4noc(-c5ccc(Cl)cc5)n4)c3)[nH]c2n(CCC)c1=O,tensor([5.5400])
CCCn1c(=O)c2nc(-c3cnn(Cc4cc(-c5ccc(OC)cc5)on4)c3)[nH]c2n(CCC)c1=O,tensor([5.7000])
CCCn1c(=O)c2nc(-c3cnn(Cc4nc(-c5ccc(C#N)cc5)no4)c3)[nH]c2n(CCC)c1=O,tensor([5.8900])
CCCn1c(=O)c2nc(-c3cnn(Cc4cc(-c5cccc(Cl)c5)on4)c3)[nH]c2n(CCC)c1=O,tensor([5.3400])
CCCn1c(=O)c2nc(-c3cnn(Cc4noc(-c5ccccc5Cl)n4)c3)[nH]c2n(CCC)c1=O,tensor([6.2000])
CCCn1c(=O)c2nc(-c3cnn(Cc4nc(-c5cccc(C)c5)no4)c3)[nH]c2n(CCC)c1=O,tensor([5.8500])
CCCn1c(=O)c2nc(-c3cnn(Cc4nc(-c5cccc(Cl)c5)no4)c3)[nH]c2n(CCC)c1=O,tensor([6.1900])
CCCn1c(=O)c2nc(-c3cnn(Cc4nc(-c5ccc(OC)cc5)no4)c3)[nH]c2n(CCC)c1=O,tensor([5.5200])
CCCn1c(=O)c2[nH]c(-c3cnn(Cc4cc(-c5ccccc5)on4)c3)nc2n(CCC)c1=O,tensor([5.8200])
CCCn1c(=O)c2nc(-c3cnn(Cc4cc(-c5ccc(C(F)(F)F)cc5)on4)c3)[nH]c2n(CCC)c1=O,tensor([5.6400])
CCCn1c(=O)c2nc(-c3cnn(CC(=O)Nc4ccccc4Cl)c3)[nH]c2n(CCC)c1=O,tensor([6.9900])
CCCn1c(=O)c2nc(-c3cnn(Cc4nc(-c5ccccc5Cl)no4)c3)[nH]c2n(CCC)c1=O,tensor([5.6000])
CCCn1c(=O)c2nc(-c3cnn(Cc4nc(-c5cccc(OC)c5)no4)c3)[nH]c2n(CCC)c1=O,tensor([5.6600])
CCCn1c(=O)c2nc(-c3cnn(Cc4nc(-c5ccc(Cl)cc5)no4)c3)[nH]c2n(CCC)c1=O,tensor([6.1300])
CCCn1c(=O)c2nc(-c3cnn(Cc4cc(-c5ccc(Cl)cc5)on4)c3)[nH]c2n(CCC)c1=O,tensor([6.2700])
CCCn1c(=O)c2nc(-c3cnn(Cc4cc(-c5ccccc5OC)on4)c3)[nH]c2n(CCC)c1=O,tensor([5.4800])
CCCn1c(=O)c2nc(-c3cnn(Cc4nc(-c5ccc(C)cc5)no4)c3)[nH]c2n(CCC)c1=O,tensor([5.5800])
CCCn1c(=O)c2nc(-c3cnn(Cc4nc(-c5ccccc5C(F)(F)F)no4)c3)[nH]c2n(CCC)c1=O,tensor([6.2800])
CCCn1c(=O)c2nc(-c3cnn(Cc4noc(-c5ccc(C#N)cc5)n4)c3)[nH]c2n(CCC)c1=O,tensor([6.2400])
CCCn1c(=O)c2[nH]c(-c3cnn(Cc4noc(-c5ccccc5)n4)c3)nc2n(CCC)c1=O,tensor([6.])
CCCn1c(=O)c2nc(-c3cnn(Cc4cc(-c5cccc(OC)c5)on4)c3)[nH]c2n(CCC)c1=O,tensor([5.4600])
CCCn1c(=O)c2nc(-c3cnn(Cc4cc(-c5ccccc5C(F)(F)F)on4)c3)[nH]c2n(CCC)c1=O,tensor([5.4300])
CCCn1c(=O)c2nc(-c3cnn(Cc4nc(-c5ccccc5)no4)c3)[nH]c2n(CCC)c1=O,tensor([6.4300])
CCCn1c(=O)c2nc(-c3cnn(Cc4nc(-c5cccc(C(F)(F)F)c5)no4)c3)[nH]c2n(CCC)c1=O,tensor([5.4600])
CCCn1c(=O)c2nc(-c3cnn(Cc4noc(-c5ccc(OC)cc5)n4)c3)[nH]c2n(CCC)c1=O,tensor([5.4100])
Cn1c(-n2nccn2)nc2c(N)nc(CCc3ccccc3)nc21,tensor([7.1000])
Cc1nc(N)c2nc(-n3nccn3)n(C)c2n1,tensor([7.9800])
CCCc1nc(N)c2nc(-n3nccn3)n(C)c2n1,tensor([6.5800])
CC(C)c1nc(N)c2nc(-n3nccn3)n(C)c2n1,tensor([5.6400])
Cc1cc2c(nc(-n3nccn3)n2C)c(N)n1,tensor([6.4700])
CCCCc1nc(N)c2nc(-n3nccn3)n(C)c2n1,tensor([7.1400])
CCCCCc1nc(N)c2nc(-n3nccn3)n(C)c2n1,tensor([7.5800])
Nc1nc(NCCc2ccc(O)cc2)nc2nc(-c3ccco3)nn12,tensor([6.5100])
Cn1c(-n2nccn2)nc2c(N)nccc21,tensor([5.9800])
Cn1c(-n2nccn2)nc2c(N)ncnc21,tensor([9.4000])
OC1CSC(n2cnc3c(NCc4cccc(I)c4)nc(Cl)nc32)C1O,tensor([5.6000])
CNc1nc(Cl)nc2c1ncn2C1SCC(O)C1O,tensor([7.2600])
O=C1NCCC12OC(n1cnc3c(NCc4cccc(I)c4)ncnc31)C(O)C2O,tensor([4.9200])
O=c1[nH]c2ccccc2c2cn(-c3ccc([N+](=O)[O-])cc3)nc12,tensor([6.4500])
COc1cccc(-n2cc3c(n2)c(N)nc2ccccc23)c1,tensor([7.5000])
Cc1cccc(-n2cc3c(n2)c(=O)[nH]c2ccccc23)c1,tensor([7.9200])
COc1ccc(-n2cc3c(n2)c(NC(=O)Cc2ccccc2)nc2ccccc23)cc1,tensor([6.7000])
Cc1ccc(-n2cc3c(n2)c(=O)[nH]c2ccccc23)cc1,tensor([7.5400])
COc1cccc(-n2cc3c(n2)c(=O)[nH]c2ccccc23)c1,tensor([7.8500])
Cc1cccc(-n2cc3c(n2)c(N)nc2ccccc23)c1,tensor([7.6800])
CC(=O)Nc1nc2ccccc2c2cn(-c3cccc(C)c3)nc12,tensor([6.6900])
Cc1cccc(-n2cc3c(n2)c(NC(=O)NCc2ccccc2)nc2ccccc23)c1,tensor([5.1700])
Cc1ccc(-n2cc3c(n2)c(NC(=O)c2ccccc2)nc2ccccc23)cc1,tensor([6.2000])
Nc1nc2ccccc2c2cn(-c3ccccc3)nc12,tensor([6.1800])
Cc1cccc(-n2cc3c(n2)c(NC(=O)C(c2ccccc2)c2ccccc2)nc2ccccc23)c1,tensor([6.2500])
COc1ccc(-n2cc3c(n2)c(=O)[nH]c2ccccc23)cc1,tensor([6.7500])
COc1ccc(-n2cc3c(n2)c(N)nc2ccccc23)cc1,tensor([7.4000])
Cc1cccc(-n2cc3c(n2)c(NC(=O)c2ccccc2)nc2ccccc23)c1,tensor([7.2400])
O=c1[nH]c2ccccc2c2cn(-c3ccccc3)nc12,tensor([6.6900])
COc1ccc(-n2cc3c(n2)c(NC(=O)c2ccccc2)nc2ccccc23)cc1,tensor([6.6000])
CC(=O)Nc1nc2ccccc2c2cn(-c3ccc(C)cc3)nc12,tensor([6.3400])
COc1ccc(-n2cc3c(n2)c(NC(C)=O)nc2ccccc23)cc1,tensor([5.5400])
Cc1cccc(-n2cc3c(n2)c(NC(=O)Cc2ccccc2)nc2ccccc23)c1,tensor([7.2200])
O=c1[nH]c2ccccc2n2c(=O)c(-c3ccccc3)nn12,tensor([6.4700])
O=C(Nc1nc2ccc(Cl)cc2n2c(=O)c(-c3ccccc3)nn12)c1cccc(Cl)c1,tensor([6.0400])
Nc1nc2ccccc2n2c(=O)c(-c3ccc(Cl)cc3)nn12,tensor([6.9800])
O=C(Nc1cccc(Cl)c1)Nc1nc2ccccc2n2c(=O)c(-c3ccccc3)nn12,tensor([6.1200])
O=c1[nH]c2ccccc2n2c(=O)c(-c3ccc(F)cc3)nn12,tensor([6.2300])
O=C(Nc1ccccc1)Nc1nc2ccccc2n2c(=O)c(-c3ccccc3)nn12,tensor([7.0400])
COc1ccc(C(=O)Nc2nc3ccccc3n3c(=O)c(-c4ccccc4)nn23)cc1,tensor([7.])
COc1ccc(C(=O)Nc2nc3ccc(Cl)cc3n3c(=O)c(-c4ccccc4)nn23)cc1,tensor([5.5700])
O=c1[nH]c2ccc(Cl)cc2n2c(=O)c(-c3ccccc3)nn12,tensor([6.0200])
COc1ccc(NC(=O)Nc2nc3ccccc3n3c(=O)c(-c4ccccc4)nn23)cc1,tensor([6.3300])
Nc1nc2ccc(Cl)cc2n2c(=O)c(-c3ccc(Cl)cc3)nn12,tensor([6.9700])
COc1ccc(-c2nn3c(=O)[nH]c4ccccc4n3c2=O)cc1,tensor([5.9700])
Cc1ccc(-c2nn3c(N)nc4ccccc4n3c2=O)cc1,tensor([7.3400])
COc1ccc(C(=O)Nc2nc3ccccc3n3c(=O)c(-c4ccc(C)cc4)nn23)cc1,tensor([7.0900])
O=C(Nc1nc2ccccc2n2c(=O)c(-c3ccccc3)nn12)c1ccccc1,tensor([6.6900])
Nc1nc2ccccc2n2c(=O)c(-c3ccccc3)nn12,tensor([7.3600])
Nc1nc2ccc(Cl)cc2n2c(=O)c(-c3ccccc3)nn12,tensor([7.1000])
O=c1[nH]c2ccc(Cl)cc2n2c(=O)c(-c3ccc(Cl)cc3)nn12,tensor([6.9600])
Cc1ccc(-c2nn3c(=O)[nH]c4ccc(Cl)cc4n3c2=O)cc1,tensor([6.0500])
COc1ccc(-c2nn3c(N)nc4ccccc4n3c2=O)cc1,tensor([7.0500])
O=C(c1ccccc1)N(C(=O)c1ccccc1)c1nc2ccccc2n2c(=O)c(-c3ccccc3)nn12,tensor([6.9300])
O=C(Nc1nc2ccccc2n2c(=O)c(-c3ccccc3)nn12)c1cccc(Cl)c1,tensor([6.4100])
Nc1nc2ccccc2n2c(=O)c(-c3ccc(F)cc3)nn12,tensor([7.1900])
Cc1ccc(-c2nn3c(N)nc4ccc(Cl)cc4n3c2=O)cc1,tensor([7.7200])
Cc1ccc(-c2nn3c(=O)[nH]c4ccccc4n3c2=O)cc1,tensor([5.3600])
CCNC(=O)C1OC(n2cnc3c(Nc4ccc(OCC(=O)Nc5ccc(F)cc5)cc4)ncnc32)C(O)C1O,tensor([8.6400])
CCNC(=O)C1OC(n2cnc3c(Nc4ccc(OCC(=O)Nc5ccc(OC)c(OC)c5)cc4)ncnc32)C(O)C1O,tensor([8.1100])
CCNC(=O)C1OC(n2cnc3c(Nc4ccc(OCC(=O)Nc5ccc(Cl)cc5)cc4)ncnc32)C(O)C1O,tensor([8.5100])
CCNC(=O)C1OC(n2cnc3c(Nc4ccc(OCC(=O)Nc5ccc6c(c5)OCO6)cc4)ncnc32)C(O)C1O,tensor([8.0800])
CCNC(=O)C1OC(n2cnc3c(Nc4ccc(OCC(=O)Nc5ccc(N6CCOCC6)cc5)cc4)ncnc32)C(O)C1O,tensor([7.1100])
CCNC(=O)C1OC(n2cnc3c(Nc4ccc(OCC(=O)Nc5ccccc5)cc4)nc(Cl)nc32)C(O)C1O,tensor([7.5200])
CCNC(=O)C1OC(n2cnc3c(Nc4ccc(OCC(=O)Nc5ccc(I)cc5)cc4)ncnc32)C(O)C1O,tensor([8.2800])
CCNC(=O)C1OC(n2cnc3c(Nc4ccc(OCC(=O)Nc5ccccc5C(F)(F)F)cc4)ncnc32)C(O)C1O,tensor([7.5000])
CCNC(=O)C1OC(n2cnc3c(Nc4ccc(OCC(=O)NCc5ccccc5)cc4)ncnc32)C(O)C1O,tensor([7.6900])
CCNC(=O)C1OC(n2cnc3c(Nc4ccc(OCC(=O)Nc5ccc(Br)cc5)cc4)ncnc32)C(O)C1O,tensor([8.4600])
CCNC(=O)C1OC(n2cnc3c(Nc4ccc(OCC(=O)Nc5ccc(OC)cc5)cc4)ncnc32)C(O)C1O,tensor([8.3300])
CCNC(=O)C1OC(n2cnc3c(Nc4ccc(OCC(=O)NC5CCCCC5)cc4)nc(Cl)nc32)C(O)C1O,tensor([7.5100])
CCNC(=O)C1OC(n2cnc3c(Nc4ccc(OCC(=O)NC5CCCCC5)cc4)ncnc32)C(O)C1O,tensor([7.7900])
CCNC(=O)C1OC(n2cnc3c(Nc4ccc(OCC(=O)NCc5ccccc5)cc4)nc(Cl)nc32)C(O)C1O,tensor([7.6500])
CCNC(=O)C1OC(n2cnc3c(Nc4ccc(OCC(=O)Nc5cc(OC)cc(OC)c5)cc4)ncnc32)C(O)C1O,tensor([7.8200])
CCNC(=O)C1OC(n2cnc3c(Nc4ccc(OCC(=O)Nc5ccccc5)cc4)ncnc32)C(O)C1O,tensor([8.0700])
CCNC(=O)C1OC(n2cnc3c(Nc4ccc(OCC(=O)NCc5ccc(OC)cc5)cc4)ncnc32)C(O)C1O,tensor([7.5500])
CCNC(=O)C1OC(n2cnc3c(Nc4ccc(OCC(=O)Nc5ccncc5)cc4)ncnc32)C(O)C1O,tensor([7.9500])
CCNC(=O)C1OC(n2cnc3c(Nc4ccc(OCC(=O)Nc5ccc(C(C)(C)C)cc5)cc4)ncnc32)C(O)C1O,tensor([7.7300])
CCNC(=O)C1OC(n2cnc3c(Nc4ccc(OCC(=O)Nc5ccc(OC)cc5)cc4)nc(Cl)nc32)C(O)C1O,tensor([7.3000])
CC(C)(C)c1nc2c(-c3ccccc3)cc(-c3ccccc3)nc2[nH]1,tensor([8.2600])
CCC(CC)c1nc2c(-c3ccccc3)cc(-c3ccccc3)nc2[nH]1,tensor([9.0600])
CCCc1nc2c(-c3ccccc3)cc(-c3ccccc3)nc2[nH]1,tensor([8.6000])
Cc1nc2c(-c3ccccc3)cc(-c3ccccc3)nc2[nH]1,tensor([7.8500])
c1ccc(-c2cc(-c3ccccc3)c3nc(C4CCCCC4)[nH]c3n2)cc1,tensor([9.0500])
CC(C)c1nc2c(-c3ccccc3)cc(-c3ccccc3)nc2[nH]1,tensor([9.2100])
c1ccc(-c2cc(-c3ccccc3)c3nc(C4CCCC4)[nH]c3n2)cc1,tensor([9.2100])
CCc1nc2c(C)cc(C)nc2[nH]1,tensor([7.])
Oc1nc2c(-c3ccccc3)cc(-c3ccccc3)nc2[nH]1,tensor([8.0700])
c1ccc(-c2cc(-c3ccccc3)c3nc[nH]c3n2)cc1,tensor([8.9200])
CC(C)Cc1nc2c(-c3ccccc3)cc(-c3ccccc3)nc2[nH]1,tensor([9.2600])
CNc1nc(-n2cc(Cc3ccccc3)nn2)nc2c1ncn2C1OC(CO)C(O)C1O,tensor([6.2300])
CCNC(=O)C1OC(n2cnc3c(NC)nc(-n4cc(CC5CCCC5)nn4)nc32)C(O)C1O,tensor([5.9000])
CNc1nc(-n2cc(CC3CCCC3)nn2)nc2c1ncn2C1OC(CO)C(O)C1O,tensor([6.4700])
CCNC(=O)C1OC(n2cnc3c(NC)nc(-n4ccnn4)nc32)C(O)C1O,tensor([6.2300])
CCc1cn(-c2nc(NC)c3ncn(C4OC(CO)C(O)C4O)c3n2)nn1,tensor([5.5400])
COc1ccc(Cl)c(CNc2nc(N=[N+]=[N-])nc3c2ncn3C2OC(CO)C(O)C2O)c1,tensor([7.2200])
CNc1nc(-n2cc(CCO)nn2)nc2c1ncn2C1OC(CO)C(O)C1O,tensor([5.9000])
CNc1nc(-n2cc(CC3CCCCC3)nn2)nc2c1ncn2C1OC(CO)C(O)C1O,tensor([5.8400])
CCNC(=O)C1OC(n2cnc3c(NC)nc(N=[N+]=[N-])nc32)C(O)C1O,tensor([6.3700])
CNc1nc(-n2cc(CN(C)C)nn2)nc2c1ncn2C1OC(CO)C(O)C1O,tensor([5.4200])
CNc1nc(-n2cc(-c3ccccn3)nn2)nc2c1ncn2C1OC(CO)C(O)C1O,tensor([5.7100])
COc1ccc(Cl)c(CNc2nc(-n3cc(CC4CCCC4)nn3)nc3c2ncn3C2OC(CO)C(O)C2O)c1,tensor([6.0800])
CNc1nc(-c2cn(Cc3cccc(OC)c3)nn2)nc2c1ncn2C1OC(CO)C(O)C1O,tensor([6.0200])
CNc1nc(-c2cn(Cc3cccc(Cl)c3)nn2)nc2c1ncn2C1OC(CO)C(O)C1O,tensor([6.0200])
CNc1nc(N=[N+]=[N-])nc2c1ncn2C1OC(CO)C(O)C1O,tensor([6.6400])
CNc1nc(-c2cn(Cc3ccccc3)nn2)nc2c1ncn2C1OC(CO)C(O)C1O,tensor([6.1100])
CCNC(=O)C1OC(n2cnc3c(NC)nc(-n4cc(-c5ccccn5)nn4)nc32)C(O)C1O,tensor([5.7900])
CNc1nc(-n2ccnn2)nc2c1ncn2C1OC(CO)C(O)C1O,tensor([6.])
CCCCc1cn(-c2nc(NC)c3ncn(C4OC(C(=O)NCC)C(O)C4O)c3n2)nn1,tensor([6.1200])
CCNC(=O)C1OC(n2cnc3c(NC)nc(-n4cc(Cc5ccccc5)nn4)nc32)C(O)C1O,tensor([6.2900])
CCCCc1cn(-c2nc(NC)c3ncn(C4OC(CO)C(O)C4O)c3n2)nn1,tensor([6.0700])
CCNC(=O)C1OC(n2cnc3c(NNC(=O)c4ccc[nH]4)nc(Cl)nc32)C(O)C1O,tensor([6.2100])
CCNC(=O)C1OC(n2cnc3c(NNC(=O)c4ccco4)nc(Cl)nc32)C(O)C1O,tensor([5.4600])
CCNC(=O)C1OC(n2cnc3c(NNC(=O)c4ccc(C)o4)ncnc32)C(O)C1O,tensor([6.1600])
CCNC(=O)C1OC(n2cnc3c(NNC(=O)c4ccc(Br)o4)ncnc32)C(O)C1O,tensor([6.1100])
CCNC(=O)C1OC(n2cnc3c(NNC(=O)c4ccc(C)s4)ncnc32)C(O)C1O,tensor([5.9600])
CCNC(=O)C1OC(n2cnc3c(NNC(=O)c4ccsc4)nc(Cl)nc32)C(O)C1O,tensor([6.0300])
CCNC(=O)C1OC(n2cnc3c(NNC(=O)c4ccco4)ncnc32)C(O)C1O,tensor([5.9800])
CCNC(=O)C1OC(n2cnc3c(NNC(=O)Cc4cccs4)nc(Cl)nc32)C(O)C1O,tensor([7.2100])
CCNC(=O)C1OC(n2cnc3c(NNC(=O)c4sccc4C)nc(Cl)nc32)C(O)C1O,tensor([5.8000])
CCNC(=O)C1OC(n2cnc3c(NNC(=O)c4ccc(C)s4)nc(Cl)nc32)C(O)C1O,tensor([5.5800])
CCNC(=O)C1OC(n2cnc3c(NNC(=O)c4cccs4)nc(Cl)nc32)C(O)C1O,tensor([6.1300])
CCNC(=O)C1OC(n2cnc3c(NOC)nc(C#Cc4ccc(C(C)=O)cc4)nc32)C(O)C1O,tensor([5.9100])
CONc1nc(C#Cc2ccc(C(C)=O)cc2)nc2c1ncn2C1OC(CO)C(O)C1O,tensor([5.8900])
CONc1nc(C#Cc2ccc(C(N)=O)cc2)nc2c1ncn2C1OC(CO)C(O)C1O,tensor([6.0400])
CNC(=O)C1OC(n2cnc3c(NOC)nc(I)nc32)C(O)C1O,tensor([6.8200])
CONc1nc(C#Cc2ccccn2)nc2c1ncn2C1OC(CO)C(O)C1O,tensor([6.3600])
CCNC(=O)C1OC(n2cnc3c(NOC)nc(C#Cc4ccccn4)nc32)C(O)C1O,tensor([6.7600])
CCCCC#Cc1nc(NOC)c2ncn(C3OC(CO)C(O)C3O)c2n1,tensor([7.0100])
CONc1nc(C#CCCCC#N)nc2c1ncn2C1OC(CO)C(O)C1O,tensor([6.5500])
CONc1nc(I)nc2c1ncn2C1OC(CO)C(O)C1O,tensor([7.2400])
CCCCCc1ccc(C#Cc2nc(NOC)c3ncn(C4OC(CO)C(O)C4O)c3n2)cc1,tensor([6.1400])
CONc1nc(C#Cc2ccccc2)nc2c1ncn2C1OC(CO)C(O)C1O,tensor([5.9200])
CONc1nc(C#C[Si](C)(C)C)nc2c1ncn2C1OC(CO)C(O)C1O,tensor([7.6600])
CCNC(=O)C1OC(n2cnc3c(N)nc(C#Cc4ccccc4)nc32)C(O)C1O,tensor([6.2500])
C#Cc1nc(NOC)c2ncn(C3OC(CO)C(O)C3O)c2n1,tensor([7.6000])
CONc1nc(C#Cc2cccnc2)nc2c1ncn2C1OC(CO)C(O)C1O,tensor([6.5900])
CONc1nc(C#Cc2ccc(CC#N)cc2)nc2c1ncn2C1OC(CO)C(O)C1O,tensor([6.1200])
CONc1nc(C#CCC(C)O)nc2c1ncn2C1OC(CO)C(O)C1O,tensor([7.0200])
CONc1nc(C#Cc2ccncc2)nc2c1ncn2C1OC(CO)C(O)C1O,tensor([5.9200])
CONc1nc(C#CC2CCCCC2O)nc2c1ncn2C1OC(CO)C(O)C1O,tensor([7.4700])
CONc1nc(C#Cc2cccc(C(F)(F)F)c2)nc2c1ncn2C1OC(CO)C(O)C1O,tensor([5.6100])
CNC(=O)C1OC(n2cnc3c(NOC)nc(C#Cc4ccccn4)nc32)C(O)C1O,tensor([5.4000])
CCNC(=O)C1OC(n2cnc3c(NOC)nc(C#Cc4ccc(C)cc4)nc32)C(O)C1O,tensor([5.8500])
CCNC(=O)C1OC(n2cnc3c(NOC)nc(C#Cc4ccccc4)nc32)C(O)C1O,tensor([5.7300])
CCC(=O)C1OC(n2cnc3c(N)nc(C#Cc4ccccc4)nc32)C(O)C1O,tensor([5.4100])
CCNC(=O)C1OC(n2cnc3c(NOC)nc(C#Cc4ccc(F)cc4)nc32)C(O)C1O,tensor([5.7300])
CNC(=O)C1OC(n2cnc3c(NOC)nc(C#Cc4ccc(C)cc4)nc32)C(O)C1O,tensor([4.9200])
CCCCCc1ccc(C#Cc2nc(NOC)c3ncn(C4OC(C(=O)NCC)C(O)C4O)c3n2)cc1,tensor([5.3900])
CONc1nc(C#Cc2ccc(OC)cc2)nc2c1ncn2C1OC(CO)C(O)C1O,tensor([5.7300])
CNC(=O)C1OC(n2cnc3c(NOC)nc(C#Cc4ccccc4)nc32)C(O)C1O,tensor([5.0400])
CONc1nc(C#Cc2ccc(C)cc2)nc2c1ncn2C1OC(CO)C(O)C1O,tensor([5.8600])
CONc1nc(C#Cc2ccc(F)cc2)nc2c1ncn2C1OC(CO)C(O)C1O,tensor([5.5500])
CNC(=O)C1OC(n2cnc3c(NOC)nc(C#Cc4ccc(C(C)=O)cc4)nc32)C(O)C1O,tensor([4.2700])
CNC(=O)C1OC(n2cnc3c(NOC)nc(C#Cc4ccc(F)cc4)nc32)C(O)C1O,tensor([5.5200])
CCCCCc1ccc(C#Cc2nc(NOC)c3ncn(C4OC(C(=O)NC)C(O)C4O)c3n2)cc1,tensor([4.3200])
CC(CCOc1nc(N)c2ncn(C3OC(CO)C(O)C3O)c2n1)c1ccccc1,tensor([5.8100])
N=C(N)Nc1nc(OCCc2c[nH]c3ccccc23)nc2c1ncn2C1OC(CO)C(O)C1O,tensor([7.1300])
Nc1nc(OCCc2c[nH]c3ccc(O)cc23)nc2c1ncn2C1OC(CO)C(O)C1O,tensor([6.5100])
Nc1nc(OCCc2c[nH]c3cc(Br)ccc23)nc2c1ncn2C1OC(CO)C(O)C1O,tensor([6.6000])
Nc1nc(OCCc2ccc(F)cc2)nc2c1ncn2C1OC(CO)C(O)C1O,tensor([6.3300])
COc1ccc2[nH]cc(CCOc3nc(N)c4ncn(C5OC(CO)C(O)C5O)c4n3)c2c1,tensor([5.7400])
CCNC(=O)C1OC(n2cnc3c(N)nc(OCCc4c[nH]c5ccccc45)nc32)C(O)C1O,tensor([6.7200])
Nc1nc(OCCc2cccs2)nc2c1ncn2C1OC(CO)C(O)C1O,tensor([6.7600])
Nc1nc(OCCCCc2ccccc2)nc2c1ncn2C1OC(CO)C(O)C1O,tensor([5.6900])
Nc1nc(OCCc2c[nH]c3cccc(Br)c23)nc2c1ncn2C1OC(CO)C(O)C1O,tensor([6.3500])
Nc1nc(OCCc2ccccc2F)nc2c1ncn2C1OC(CO)C(O)C1O,tensor([6.4800])
CC(Cc1ccccc1)Nc1ncnc2c1ncn2C1OC(CO)C(O)C1O,tensor([8.7000])
CCNC(=O)C1OC(n2cnc3c(N)nc(C#CC(O)c4ccccc4)nc32)C(O)C1O,tensor([8.6800])
CCNc1nc(OCCc2c[nH]c3ccccc23)nc2c1ncn2C1OC(CO)C(O)C1O,tensor([6.1900])
CCNC(=O)C1OC(n2cnc3c(NC(=N)N)ncnc32)C(O)C1O,tensor([8.1500])
Nc1nc(OCCc2c[nH]c3ccc(I)cc23)nc2c1ncn2C1OC(CO)C(O)C1O,tensor([6.4600])
Nc1nc(OCCc2c[nH]c3c(Br)cccc23)nc2c1ncn2C1OC(CO)C(O)C1O,tensor([6.6800])
Nc1nc(OCCc2c[nH]c3ccc(Br)cc23)nc2c1ncn2C1OC(CO)C(O)C1O,tensor([6.4500])
COc1ccc2[nH]c(C)c(CCOc3nc(N)c4ncn(C5OC(CO)C(O)C5O)c4n3)c2c1,tensor([6.2400])
Nc1nc(OCCc2ccccc2)nc2c1ncn2C1OC(CO)C(O)C1O,tensor([6.6600])
Nc1nc(OCCc2c[nH]c3cc(Cl)ccc23)nc2c1ncn2C1OC(CO)C(O)C1O,tensor([6.8400])
Nc1nc(OCCc2cc[nH]c2)nc2c1ncn2C1OC(CO)C(O)C1O,tensor([6.6600])
Nc1nc(OCCc2ccc3ccccc3c2)nc2c1ncn2C1OC(CO)C(O)C1O,tensor([6.8500])
Nc1nc(OCCc2cc3ccccc3[nH]2)nc2c1ncn2C1OC(CO)C(O)C1O,tensor([6.7100])
Nc1nc(OCCc2c[nH]c3ccc(F)cc23)nc2c1ncn2C1OC(CO)C(O)C1O,tensor([6.8200])
CCOc1nc(N)c2ncn(C3OC(CO)C(O)C3O)c2n1,tensor([5.5800])
Nc1nc(OCCc2c[nH]c3ccc(Cl)cc23)nc2c1ncn2C1OC(CO)C(O)C1O,tensor([6.8900])
Nc1nc(OCCc2cccc(F)c2)nc2c1ncn2C1OC(CO)C(O)C1O,tensor([6.5100])
Nc1nc(OCCCc2ccccc2)nc2c1ncn2C1OC(CO)C(O)C1O,tensor([6.0200])
Nc1nc(OCCc2ccsc2)nc2c1ncn2C1OC(CO)C(O)C1O,tensor([6.5500])
O=C(Nc1nc(-c2ccccc2)cc(-c2ccccc2)n1)C1CCCC1,tensor([7.9400])
CCCCC(=O)Nc1nc(-c2ccccc2)cc(-c2ccccc2)n1,tensor([7.5600])
CC(C)(C)C(=O)Nc1cc(-c2ccccc2)nc(-c2ccccc2)n1,tensor([7.5600])
O=C(Nc1cc(-c2ccccc2)nc(-c2ccccc2)n1)c1ccccc1,tensor([6.1700])
O=C(Nc1nc(-c2ccccc2)cc(-c2ccccc2)n1)c1cccc(Cl)c1,tensor([6.4300])
O=C(Nc1cc(-c2ccccc2)nc(-c2ccccc2)n1)C1CC1,tensor([8.1200])
O=C(Nc1cc(-c2ccccc2)nc(-c2ccccc2)n1)C1CCCC1,tensor([8.6700])
CCC(CC)C(=O)Nc1nc(-c2ccccc2)cc(-c2ccccc2)n1,tensor([7.5700])
CCCC(=O)Nc1nc(-c2ccccc2)cc(-c2ccccc2)n1,tensor([8.4300])
CCC(C)C(=O)Nc1cc(-c2ccccc2)nc(-c2ccccc2)n1,tensor([8.6500])
CCC(CC)C(=O)Nc1cc(-c2ccccc2)nc(-c2ccccc2)n1,tensor([8.2000])
CCC(=O)Nc1nc(-c2ccccc2)cc(-c2ccccc2)n1,tensor([7.3300])
CC(C)(C)C(=O)Nc1nc(-c2ccccc2)cc(-c2ccccc2)n1,tensor([6.6500])
CC(C)CC(=O)Nc1nc(-c2ccccc2)cc(-c2ccccc2)n1,tensor([7.6000])
O=C(Nc1nc(-c2ccccc2)cc(-c2ccccc2)n1)C1CC1,tensor([7.6000])
CC(=O)Nc1nc(-c2ccccc2)cc(-c2ccccc2)n1,tensor([6.3200])
O=C(Nc1cc(-c2ccccc2)nc(-c2ccccc2)n1)C1CCC1,tensor([8.1900])
CCC(=O)Nc1cc(-c2ccccc2)nc(-c2ccccc2)n1,tensor([8.0200])
CC(C)C(=O)Nc1cc(-c2ccccc2)nc(-c2ccccc2)n1,tensor([7.9600])
O=C(Nc1nc(-c2ccccc2)cc(-c2ccccc2)n1)C1CCC1,tensor([6.9700])
CCCCC(=O)Nc1cc(-c2ccccc2)nc(-c2ccccc2)n1,tensor([6.9600])
CC(C)(C)CC(=O)Nc1cc(-c2ccccc2)nc(-c2ccccc2)n1,tensor([8.0600])
CC(=O)Nc1cc(-c2ccccc2)nc(-c2ccccc2)n1,tensor([7.4300])
O=C(Nc1nc(-c2ccccc2)cc(-c2ccccc2)n1)c1ccccc1,tensor([6.5100])
O=C(Nc1cc(-c2ccccc2)nc(-c2ccccc2)n1)C1CCCCC1,tensor([7.8100])
CC(C)CC(=O)Nc1cc(-c2ccccc2)nc(-c2ccccc2)n1,tensor([7.8300])
O=C(Nc1nc(-c2ccccc2)cc(-c2ccccc2)n1)C1CCCCC1,tensor([6.9200])
CC(C)C(=O)Nc1nc(-c2ccccc2)cc(-c2ccccc2)n1,tensor([8.0500])
Nc1nc(-c2ccccc2)cc(-c2ccc3c(c2)OCO3)n1,tensor([7.4600])
CCCC(=O)Nc1nc(-c2ccccc2)nc(-c2ccccc2)c1C#N,tensor([7.9000])
CCC(CC)C(=O)Nc1nc(-c2ccccc2)cc(-c2ccc3c(c2)OCO3)n1,tensor([7.7500])
N#Cc1c(-c2ccccc2)nc(NC(=O)c2ccc(Cl)cc2)nc1-c1ccccc1,tensor([7.0400])
N#Cc1c(NC(=O)C2CCCC2)nc(-c2ccccc2)nc1-c1ccc2c(c1)OCO2,tensor([8.2400])
Nc1nc(-c2ccccc2)cc(-c2ccccc2)n1,tensor([7.7500])
COc1ccc(C(=O)Nc2nc(-c3ccccc3)c(C#N)c(-c3ccccc3)n2)cc1,tensor([6.9900])
O=C(Nc1cc(-c2ccc3c(c2)OCO3)nc(-c2ccccc2)n1)C1CCCC1,tensor([7.7600])
N#Cc1c(-c2ccccc2)nc(N)nc1-c1ccc2c(c1)OCO2,tensor([8.7400])
CCCC(=O)Nc1nc(-c2ccccc2)nc(-c2ccc3c(c2)OCO3)c1C#N,tensor([7.8700])
O=C(Nc1nc(-c2ccccc2)cc(-c2ccc3c(c2)OCO3)n1)C1CCCC1,tensor([8.0900])
N#Cc1c(-c2ccccc2)nc(N)nc1-c1ccccc1,tensor([8.4800])
CCC(CC)C(=O)Nc1nc(-c2ccccc2)c(C#N)c(-c2ccccc2)n1,tensor([8.1900])
N#Cc1c(NC(=O)C2CC2)nc(-c2ccccc2)nc1-c1ccccc1,tensor([7.5500])
CCC(CC)C(=O)Nc1nc(-c2ccccc2)nc(-c2ccc3c(c2)OCO3)c1C#N,tensor([7.7400])
N#Cc1c(N)nc(-c2ccccc2)nc1-c1ccccc1,tensor([7.9700])
N#Cc1c(N)nc(-c2ccccc2)nc1-c1ccc2c(c1)OCO2,tensor([8.3100])
CCC(CC)C(=O)Nc1cc(-c2ccc3c(c2)OCO3)nc(-c2ccccc2)n1,tensor([7.5500])
CCCC(=O)Nc1cc(-c2ccc3c(c2)OCO3)nc(-c2ccccc2)n1,tensor([8.1700])
O=C(Nc1cc(-c2ccc3c(c2)OCO3)nc(-c2ccccc2)n1)C1CC1,tensor([7.8900])
Nc1cc(-c2ccccc2)nc(-c2ccccc2)n1,tensor([7.6000])
CCCC(=O)Nc1nc(-c2ccccc2)c(C#N)c(-c2ccc3c(c2)OCO3)n1,tensor([8.0800])
CCCC(=O)Nc1nc(-c2ccccc2)c(C#N)c(-c2ccccc2)n1,tensor([8.5400])
CC(C)C(=O)Nc1nc(-c2ccccc2)c(C#N)c(-c2ccccc2)n1,tensor([8.5400])
Cc1ccc(C(=O)Nc2nc(-c3ccccc3)c(C#N)c(-c3ccccc3)n2)cc1,tensor([6.9400])
Nc1cc(-c2ccc3c(c2)OCO3)nc(-c2ccccc2)n1,tensor([7.8100])
N#Cc1c(NC(=O)C2CCCC2)nc(-c2ccccc2)nc1-c1ccccc1,tensor([8.2800])
CCCC(=O)Nc1nc(-c2ccccc2)cc(-c2ccc3c(c2)OCO3)n1,tensor([7.3700])
N#Cc1c(-c2ccccc2)nc(NC(=O)C2CCCC2)nc1-c1ccc2c(c1)OCO2,tensor([8.5500])
N#Cc1c(-c2ccccc2)nc(NC(=O)C2CC2)nc1-c1ccccc1,tensor([8.0300])
CNC(=S)OCC1OC(n2cnc3c(NC4CCCC4)nc(Cl)nc32)C(C)(O)C1O,tensor([6.4500])
CNC(=S)OCC1OC(n2cnc3c(NC4CCOC4)nc(Cl)nc32)C(C)(O)C1O,tensor([6.0800])
CC1(O)C(O)C(CO)OC1n1cnc2c(NC3CCOC3)nc(Cl)nc21,tensor([7.8100])
CNC(=O)OCC1OC(n2cnc3c(NC4CCOC4)nc(Cl)nc32)C(C)(O)C1O,tensor([5.3200])
CC1(O)C(O)C(CO)OC1n1cnc2c(NC3CCOC3)ncnc21,tensor([7.6800])
OCC1OC(n2cnc3c(NC4CCOC4)nc(Cl)nc32)C(O)C1O,tensor([8.7300])
CNC(=O)OCC1OC(n2cnc3c(NC4CCCC4)nc(Cl)nc32)C(C)(O)C1O,tensor([5.9500])
CC1(O)C(O)C(CO)OC1n1cnc2c(NC3CCCC3)ncnc21,tensor([8.3500])
OCC1OC(n2cnc3c(NC4CCOC4)ncnc32)C(O)C1O,tensor([8.6900])
CN(C)C(=O)C1SC(n2cnc3c(NCC4CC4)nc(Cl)nc32)C(O)C1O,tensor([6.3900])
CN(CCO)C(=O)C1SC(n2cnc3c(NCc4cccc(I)c4)nc(Cl)nc32)C(O)C1O,tensor([6.6200])
CN(C)C(=O)C1SC(n2cnc3c(NC4CCC4)nc(Cl)nc32)C(O)C1O,tensor([6.4600])
CCn1c(=O)n(CC2CC2)c(=O)c2[nH]c(-c3cnn(Cc4ccccc4)c3)nc21,tensor([6.5000])
Cn1c(=O)n(CC2CC2)c(=O)c2[nH]c(-c3cnn(Cc4cccc(F)c4)c3)nc21,tensor([6.7300])
CCCn1c(=O)c2[nH]c(-c3cnn(-c4cccnc4)c3)nc2n(CC)c1=O,tensor([6.2800])
CCn1c(=O)n(CC2CC2)c(=O)c2[nH]c(-c3cnn(-c4ccc(C(F)(F)F)nc4)c3)nc21,tensor([5.8900])
CCCn1c(=O)c2[nH]c(-c3cnn(Cc4cccc(F)c4)c3)nc2n(CC)c1=O,tensor([5.9200])
CCn1c(=O)n(CC2CC2)c(=O)c2[nH]c(-c3cnn(Cc4cccc(C(F)(F)F)c4)c3)nc21,tensor([6.6600])
CCn1c(=O)n(CC(C)C)c(=O)c2[nH]c(-c3cnn(Cc4cccc(C(F)(F)F)c4)c3)nc21,tensor([6.2000])
CCCn1c(=O)c2[nH]c(-c3cnn(Cc4nc(-c5ccc(Cl)cc5)no4)c3)nc2n(CC)c1=O,tensor([6.0400])
CC(C)Cn1c(=O)c2[nH]c(-c3cnn(Cc4cccc(C(F)(F)F)c4)c3)nc2n(C)c1=O,tensor([6.2100])
CCCn1c(=O)c2[nH]c(-c3cnn(Cc4cccc(F)c4)c3)nc2n(C)c1=O,tensor([6.5400])
CCn1c(=O)n(CC(C)C)c(=O)c2[nH]c(-c3cnn(-c4ccc(C(F)(F)F)nc4)c3)nc21,tensor([5.4500])
CCCCn1c(=O)c2[nH]c(-c3cnn(Cc4cccc(F)c4)c3)nc2n(C)c1=O,tensor([6.5200])
Cn1c(=O)n(CC2CC2)c(=O)c2[nH]c(-c3cnn(Cc4cccc(C(F)(F)F)c4)c3)nc21,tensor([6.7800])
CCCn1c(=O)c2[nH]c(-c3cnn(-c4ccc(C(F)(F)F)nc4)c3)nc2n(CC)c1=O,tensor([5.6000])
CCn1c(=O)n(CC(C)C)c(=O)c2[nH]c(-c3cn[nH]c3)nc21,tensor([6.4600])
CCCn1c(=O)c2[nH]c(-c3cnn(Cc4ccccc4)c3)nc2n(C)c1=O,tensor([6.2400])
CCn1c(=O)n(CC(C)C)c(=O)c2[nH]c(-c3cnn(Cc4cccc(F)c4)c3)nc21,tensor([5.8300])
CC(C)Cn1c(=O)c2[nH]c(-c3cnn(Cc4ccccc4)c3)nc2n(C)c1=O,tensor([6.4600])
CC(C)Cn1c(=O)c2[nH]c(-c3cnn(Cc4cccc(F)c4)c3)nc2n(C)c1=O,tensor([6.4500])
CCCn1c(=O)c2[nH]c(-c3cnn(Cc4cc(-c5ccc(C(F)(F)F)cc5)on4)c3)nc2n(CC)c1=O,tensor([5.6600])
CCn1c(=O)c2[nH]c(-c3cnn(Cc4cccc(F)c4)c3)nc2n(C)c1=O,tensor([6.4600])
CC(C)Cn1c(=O)c2[nH]c(-c3cn[nH]c3)nc2n(C)c1=O,tensor([6.4200])
CCn1c(=O)n(CC2CC2)c(=O)c2[nH]c(-c3cn[nH]c3)nc21,tensor([7.1200])
CCCn1c(=O)c2[nH]c(-c3cnn(-c4ccccn4)c3)nc2n(CC)c1=O,tensor([6.3900])
CCCCn1c(=O)c2[nH]c(-c3cnn(Cc4cccc(C(F)(F)F)c4)c3)nc2n(C)c1=O,tensor([6.3700])
CCCn1c(=O)c2[nH]c(-c3cnn(Cc4cccc(C(F)(F)F)c4)c3)nc2n(C)c1=O,tensor([6.3600])
CCCn1c(=O)c2[nH]c(-c3cnn(-c4ccc[n+]([O-])c4)c3)nc2n(CC)c1=O,tensor([5.9500])
CCCn1c(=O)c2[nH]c(-c3cnn(Cc4cc(-c5ccc(Cl)cc5)on4)c3)nc2n(CC)c1=O,tensor([6.7000])
CCn1c(=O)c2[nH]c(-c3cnn(Cc4ccccc4)c3)nc2n(C)c1=O,tensor([6.5800])
CCCn1c(=O)c2[nH]c(-c3cnn(Cc4cccc(C(F)(F)F)c4)c3)nc2n(CC)c1=O,tensor([5.7100])
CCCn1c(=O)c2[nH]c(-c3cnn(Cc4ccccc4)c3)nc2n(CC)c1=O,tensor([6.5600])
Cn1c(=O)n(CC2CC2)c(=O)c2[nH]c(-c3cnn(Cc4ccccc4)c3)nc21,tensor([6.8100])
CCn1c(=O)c2[nH]c(-c3cnn(Cc4cccc(C(F)(F)F)c4)c3)nc2n(C)c1=O,tensor([6.5600])
CCCn1c(=O)c2[nH]c(-c3cn[nH]c3)nc2n(CC)c1=O,tensor([6.7500])
CCCn1c(=O)c2[nH]c(-c3cnn(-c4ccc(C)nc4)c3)nc2n(CC)c1=O,tensor([5.8200])
CCCCn1c(=O)c2[nH]c(-c3cnn(Cc4ccccc4)c3)nc2n(C)c1=O,tensor([6.3800])
CNC(=O)C12CC1C(n1cnc3c(NOC)nc(Cl)nc31)C(O)C2O,tensor([6.5800])
CNC(=O)C12CC1C(n1cnc3c(NCc4cccc(C#CCCCC(=O)NCCN)c4)nc(Cl)nc31)C(O)C2O,tensor([6.5700])
CNC(=O)C12CC1C(n1cnc3c(NCc4cccc(Cl)c4)nc(C#CCCCC(=O)OC)nc31)C(O)C2O,tensor([6.3200])
CNC(=O)C12CC1C(n1cnc3c(NCc4cc(OC)ccc4OC)nc(I)nc31)C(O)C2O,tensor([5.5100])
CNC(=O)C12CC1C(n1cnc3c(NCc4cccc(C#CCCCC(=O)O)c4)nc(Cl)nc31)C(O)C2O,tensor([6.5000])
CNC(=O)C12CC1C(n1cnc3c(NCc4cccc(Cl)c4)nc(C#C[Si](C)(C)C)nc31)C(O)C2O,tensor([6.8000])
CNC(=O)C12CC1C(n1cnc3c(NCc4cccc(Cl)c4)nc(C#CCCCC(=O)NCCN)nc31)C(O)C2O,tensor([6.3400])
CNC(=O)C12CC1C(n1cnc3c(NCc4cccc(Cl)c4)nc(C#CCCCC(=O)O)nc31)C(O)C2O,tensor([4.8300])
C#Cc1nc(NCc2cccc(Cl)c2)c2ncn(C3C(O)C(O)C4(C(=O)NC)CC34)c2n1,tensor([6.7600])
CNC(=O)C12CC1C(n1cnc3c(NCc4cccc(C#CCCCC(=O)NCCNC(C)=O)c4)nc(Cl)nc31)C(O)C2O,tensor([6.7400])
CCCC#Cc1nc(NCc2cccc(Cl)c2)c2ncn(C3C(O)C(O)C4(C(=O)NC)CC34)c2n1,tensor([5.9800])
O=C(COc1ccc(Nc2nc(OCCc3c[nH]c4cc(Br)ccc34)nc3c2ncn3C2OC(CO)C(O)C2O)cc1)Nc1ccccc1,tensor([6.4300])
NNc1nc(OCCc2c[nH]c3cc(Br)ccc23)nc2c1ncn2C1OC(CO)C(O)C1O,tensor([6.4600])
O=C(COc1ccc(Nc2nc(OCCc3c[nH]c4cc(Br)ccc34)nc3c2ncn3C2OC(CO)C(O)C2O)cc1)N1CCCC1,tensor([6.3800])
CCCn1c(=O)c2[nH]c(-c3cc(C)n(CC(=O)Nc4cccc(Cl)c4)n3)nc2n(CCC)c1=O,tensor([6.1700])
CCCn1c(=O)c2[nH]c(-c3cc(C)n(CC(=O)Nc4ccc(F)cc4)n3)nc2n(CCC)c1=O,tensor([6.3000])
CCCn1c(=O)c2[nH]c(-c3ccn(CC(=O)Nc4ccc(Cl)cc4)n3)nc2n(CCC)c1=O,tensor([6.8500])
CCCn1c(=O)c2[nH]c(-c3cc(C)n(CC(=O)Nc4ccccc4)n3)nc2n(CCC)c1=O,tensor([6.4600])
CCCn1c(=O)c2[nH]c(-c3cc(C)n(CC(=O)Nc4cccc(OC)c4)n3)nc2n(CCC)c1=O,tensor([6.3200])
Cn1c(=O)c2[nH]c(-c3ccc(OCC(=O)N4CCN(c5ccccc5)CC4)cc3)cc2n(C)c1=O,tensor([6.3000])
CCCn1c(=O)n(C)c(=O)c2[nH]c(-c3ccc(OCC(=O)N4CCN(c5ccc(C(F)(F)F)cc5)CC4)cc3)cc21,tensor([7.0500])
CCCn1c(=O)n(C)c(=O)c2[nH]c(-c3ccc(OCC(=O)N4CCC(c5ccccc5)(c5ccccc5)CC4)cc3)cc21,tensor([6.1700])
COc1cc(OCC(=O)N2CCc3ccccc3C2)ccc1-c1cc2c([nH]1)c(=O)n(C)c(=O)n2C,tensor([6.5700])
Cn1c(=O)c2[nH]c(-c3ccc(OCC(=O)N4CCc5ccccc5C4)cc3)cc2n(C)c1=O,tensor([6.4400])
COc1cc(OCC(=O)N2CCN(c3ccccc3)CC2)ccc1-c1cc2c([nH]1)c(=O)n(C)c(=O)n2C,tensor([6.2700])
c1ccc(Nc2nc3ccccc3n3nc(-c4ccco4)nc23)cc1,tensor([7.3400])
c1coc(-c2nc3c(OCc4ccoc4)nc4ccccc4n3n2)c1,tensor([6.2700])
c1ccc(CCNc2nc3ccccc3n3nc(-c4ccco4)nc23)cc1,tensor([7.0300])
c1coc(CNc2nc3ccccc3n3nc(-c4ccco4)nc23)c1,tensor([7.4800])
O=C(Nc1nc2ccccc2n2nc(-c3ccco3)nc12)c1ccco1,tensor([6.7000])
O=C(CCc1ccccc1)Nc1nc2ccccc2n2nc(-c3ccco3)nc12,tensor([7.9000])
CCOc1nc2ccccc2n2nc(-c3ccco3)nc12,tensor([5.4300])
COCCCNc1nc2ccccc2n2nc(-c3ccco3)nc12,tensor([7.1300])
Nc1nc2ccccc2n2nc(-c3ccco3)nc12,tensor([8.2500])
O=C(Cc1ccccc1)Nc1nc2ccccc2n2nc(-c3ccco3)nc12,tensor([7.2000])
COC(CNc1nc2ccccc2n2nc(-c3ccco3)nc12)OC,tensor([6.2400])
COCCNc1nc2ccccc2n2nc(-c3ccco3)nc12,tensor([6.5200])
NCC(O)CNc1nc2ccccc2n2nc(-c3ccco3)nc12,tensor([6.8500])
O=C(Nc1nc2ccccc2n2nc(-c3ccco3)nc12)c1cccs1,tensor([7.3000])
CC(O)CNc1nc2ccccc2n2nc(-c3ccco3)nc12,tensor([8.4000])
COc1nc2ccccc2n2nc(-c3ccco3)nc12,tensor([6.4800])
OCCN(CCO)c1nc2ccccc2n2nc(-c3ccco3)nc12,tensor([7.2300])
OCCNc1nc2ccccc2n2nc(-c3ccco3)nc12,tensor([8.5000])
CCN(CC)c1nc2ccccc2n2nc(-c3ccco3)nc12,tensor([6.8700])
CC(=O)Nc1nc2ccccc2n2nc(-c3ccco3)nc12,tensor([6.9500])
CCCCn1c(=O)[nH]c2nc(-c3cnn(Cc4cccc(F)c4)c3)[nH]c2c1=O,tensor([5.3800])
CCn1c(=O)[nH]c2nc(-c3cnn(Cc4ccccc4)c3)[nH]c2c1=O,tensor([5.2500])
CCCn1c(=O)[nH]c2nc(-c3cnn(Cc4noc(-c5ccccc5)n4)c3)[nH]c2c1=O,tensor([5.4600])
CCCn1c(=O)[nH]c2nc(-c3cnn(Cc4cccc(F)c4)c3)[nH]c2c1=O,tensor([5.7500])
O=c1[nH]c2nc(-c3cnn(Cc4cccc(F)c4)c3)[nH]c2c(=O)n1CC1CC1,tensor([6.6800])
CCCn1c(=O)[nH]c2nc(-c3cnn(Cc4noc(-c5ccc(C(F)(F)F)cc5)n4)c3)[nH]c2c1=O,tensor([5.8500])
O=c1[nH]c2nc(-c3cnn(Cc4ccccc4)c3)[nH]c2c(=O)n1CC1CC1,tensor([5.4800])
CCCCn1c(=O)[nH]c2nc(-c3cnn(Cc4ccccc4)c3)[nH]c2c1=O,tensor([5.2900])
CCCn1c(=O)[nH]c2nc(-c3cnn(Cc4ccccc4)c3)[nH]c2c1=O,tensor([5.8000])
CCCn1c(=O)[nH]c2nc(-c3ccc(S(=O)(=O)N4CCN(Cc5cccc(C(F)(F)F)c5)CC4)cc3)[nH]c2c1=O,tensor([5.5800])
CCn1c(=O)[nH]c2nc(-c3ccc(S(=O)(=O)N4CCN(Cc5cccc(F)c5)CC4)cc3)[nH]c2c1=O,tensor([5.6800])
CCn1c(=O)[nH]c2nc(-c3ccc(S(=O)(=O)N4CCN(Cc5ccc(F)cc5)CC4)cc3)[nH]c2c1=O,tensor([5.7400])
CCn1c(=O)[nH]c2nc(-c3ccc(S(=O)(=O)N4CCN(Cc5ccccc5)CC4)cc3)[nH]c2c1=O,tensor([5.7400])
CCCn1c(=O)[nH]c2nc(-c3ccc(S(=O)(=O)NC4CCN(Cc5ccccc5)CC4)cc3)[nH]c2c1=O,tensor([5.9300])
CCn1c(=O)[nH]c2nc(-c3ccc(S(=O)(=O)N4CCN(Cc5ccc(OC)cc5)CC4)cc3)[nH]c2c1=O,tensor([5.4200])
CCCn1c(=O)[nH]c2nc(-c3ccc(S(=O)(=O)N4CCN(Cc5cccc(Cl)c5)CC4)cc3)[nH]c2c1=O,tensor([5.9600])
CCCn1c(=O)[nH]c2nc(-c3ccc(S(=O)(=O)N4CCN(Cc5ccc(Cl)cc5)CC4)cc3)[nH]c2c1=O,tensor([5.6500])
CCCn1c(=O)[nH]c2nc(-c3ccc(S(=O)(=O)N4CCN(Cc5cccc(F)c5)CC4)cc3)[nH]c2c1=O,tensor([5.6400])
CCCn1c(=O)[nH]c2nc(-c3ccc(S(=O)(=O)N4CCN(Cc5ccc(C(F)(F)F)cc5)CC4)cc3)[nH]c2c1=O,tensor([5.2500])
CCCn1c(=O)[nH]c2nc(-c3ccc(S(=O)(=O)N4CCN(Cc5ccc6c(c5)OCO6)CC4)cc3)[nH]c2c1=O,tensor([6.3500])
CCn1c(=O)[nH]c2nc(-c3ccc(S(=O)(=O)N4CCN(Cc5cccc(C(F)(F)F)c5)CC4)cc3)[nH]c2c1=O,tensor([5.6400])
CCCSc1nc(NC(C)=O)cc(OCc2ccccc2Cl)n1,tensor([5.7400])
CCSc1nc(NC(C)=O)cc(OCc2ccc(Cl)cc2)n1,tensor([5.3500])
CCCSc1nc(NC(C)=O)cc(OCCc2ccccc2)n1,tensor([5.6800])
CCCOc1cc(NC(C)=O)nc(SCCC)n1,tensor([5.2600])
CCCOc1cc(NC(=O)CC)nc(SCCC)n1,tensor([5.8300])
CCCSc1nc(NC(C)=O)cc(OCc2ccccc2)n1,tensor([5.6100])
CCCSc1nc(NC(C)=O)cc(OCc2cccc(Cl)c2)n1,tensor([6.2400])
CCCSc1nc(NC(=O)CC)cc(OC)n1,tensor([6.3100])
CCCSc1nc(NC(C)=O)cc(OCc2ccc(OC)cc2)n1,tensor([5.6100])
Nc1ncnc2nc(Br)[nH]c12,tensor([4.4800])
Nc1ncnc2c1nc(Br)n2C1CCCC1,tensor([6.])
Nc1ncnc2c1ncn2CCO,tensor([4.5400])
Nc1ncnc2c1nc(Br)n2CCO,tensor([5.8200])
CC(O)Cn1cnc2c(N)ncnc21,tensor([4.5400])
CCC(C)n1cnc2c(N)ncnc21,tensor([4.4700])
CC(C)n1cnc2ncnc(N)c21,tensor([4.7000])
Nc1ncnc2c1nc(Br)n2C1CCC1,tensor([5.6600])
CC(C)n1cnc2c(N)ncnc21,tensor([5.3700])
Nc1ncnc2c1nc(Br)n2CCCO,tensor([6.])
CCC(C)n1c(Br)nc2c(N)ncnc21,tensor([5.5100])
CCCn1cnc2c(N)ncnc21,tensor([5.0300])
Nc1ncnc2c1ncn2C1CCC1,tensor([5.0600])
CCCn1c(Br)nc2c(N)ncnc21,tensor([5.9600])
CCCCn1c(Br)nc2c(N)ncnc21,tensor([5.5000])
CCn1cnc2c(N)ncnc21,tensor([5.1300])
C=CCn1c(Br)nc2c(N)ncnc21,tensor([5.0800])
Nc1ncnc2c1nc(Br)n2CCc1ccccc1,tensor([4.9200])
Nc1ncnc2c1nc(Br)n2CC(O)CO,tensor([4.8000])
CC(C)n1c(Br)nc2c(N)ncnc21,tensor([6.0800])
C=CCCn1c(Br)nc2c(N)ncnc21,tensor([5.3100])
CC(O)Cn1c(Br)nc2c(N)ncnc21,tensor([5.5400])
Nc1ncnc2c1ncn2C1CCCC1,tensor([5.])
Cn1c(Br)nc2c(N)ncnc21,tensor([6.2400])
Nc1ncnc2c1nc(Br)n2Cc1ccccc1,tensor([5.1700])
CC(C)Cn1c(Br)nc2c(N)ncnc21,tensor([5.3100])
Cn1cnc2c(N)ncnc21,tensor([4.9200])
Nc1ncnc2c1nc(Br)n2C1CCCCC1,tensor([5.3400])
O=C(Nc1nc2ccccc2n2c(=O)n(-c3ccccc3)nc12)c1ccncc1,tensor([5.6200])
COc1ccc(-n2nc3c(NC(=O)NCc4ccccc4)nc4ccccc4n3c2=O)cc1,tensor([5.3800])
O=C(NCc1ccccc1)Nc1nc2ccccc2n2c(=O)n(-c3ccccc3)nc12,tensor([7.9100])
COc1ccc(-n2nc3c(NC(=O)c4ccncc4)nc4ccccc4n3c2=O)cc1,tensor([6.1100])
COc1ccc(-n2nc3c(NS(=O)(=O)c4ccccc4)nc4ccccc4n3c2=O)cc1,tensor([5.5700])
CCCn1c(=O)c2[nH]c(-c3ccc(COC(=O)Nc4ccccc4)cc3)cc2n(CCC)c1=O,tensor([7.6900])
CCCn1c(=O)c2[nH]c(-c3ccc(COC(=O)Nc4ccc(F)cc4)cc3)cc2n(CCC)c1=O,tensor([9.4000])
Cn1c(=O)c2[nH]c(-c3ccc(COC(=O)Nc4ccccc4)cc3)cc2n(C)c1=O,tensor([8.6600])
Cn1c(=O)c2[nH]c(-c3ccc(COC(=O)Nc4ccc(F)cc4)cc3)cc2n(C)c1=O,tensor([7.7500])
Cn1c(=O)c2[nH]c(-c3ccc(COC(=O)Nc4ccsc4)cc3)cc2n(C)c1=O,tensor([8.])
CCOC(=O)C12CC1C(n1cnc3c(NCc4cccc(Cl)c4)nc(Cl)nc31)C(O)C2O,tensor([5.3200])
OC1C(O)C(n2cnc3c(NCc4cccc(I)c4)nc(Cl)nc32)C2CC12,tensor([5.5200])
COc1ccc(O)c(CNc2nc(Cl)nc3c2ncn3C2C(O)C(O)C3CC32)c1,tensor([5.9600])
COc1ccc(OC)c(CNc2nc(Cl)nc3c2ncn3C2C(O)C(O)C3CC32)c1,tensor([5.5200])
CON(C)C(=O)C1OC(n2cnc3c(NCc4cccc(I)c4)nc(Cl)nc32)C(O)C1O,tensor([6.6000])
OC1C(O)C(n2cnc3c(NC4CC4c4ccccc4)nc(Cl)nc32)C2CC12,tensor([5.7500])
CONC(=O)C1OC(n2cnc3c(NCc4cccc(I)c4)nc(Cl)nc32)C(O)C1O,tensor([6.0600])
OC1C(O)C(n2cnc3c(NCc4cccc(Cl)c4)nc(Cl)nc32)C2CC12,tensor([5.5100])
OC1C(O)C(n2cnc3c(NCc4cccc5ccccc45)nc(Cl)nc32)C2CC12,tensor([5.9500])
COC(=O)C1OC(n2cnc3c(NCc4cccc(I)c4)nc(Cl)nc32)C(O)C1O,tensor([5.8000])
OC1C(O)C(n2cnc3c(NCc4cccc(Br)c4)nc(Cl)nc32)C2CC12,tensor([5.7500])
CCOC(=O)C12CC1C(n1cnc3c(NCc4cccc(Cl)c4)nc(SC)nc31)C(O)C2O,tensor([5.1800])
CCOC(=O)C12CC1C(n1cnc3c(NCc4cc(Cl)ccc4OC)nc(Cl)nc31)C(O)C2O,tensor([6.])
N#Cc1c(-c2cccs2)cc(-c2ccccc2)nc1N,tensor([7.6600])
COc1ccc(-c2cc(-c3ccco3)nc(N)c2C#N)cc1,tensor([7.4700])
N#Cc1c(-c2cccc(OC(F)(F)F)c2)cc(-c2ccco2)nc1N,tensor([6.5700])
N#Cc1c(-c2cccc(OC(F)(F)F)c2)cc(-c2ccccc2)nc1N,tensor([7.4700])
N#Cc1c(-c2ccco2)cc(-c2ccccc2)nc1N,tensor([8.2400])
COc1ccc(-c2cc(-c3ccco3)nc(N)c2C#N)cc1OC,tensor([6.6000])
N#Cc1c(-c2ccccc2)cc(-c2cccs2)nc1N,tensor([7.9200])
N#Cc1c(-c2ccco2)cc(-c2cccs2)nc1N,tensor([7.5400])
N#Cc1c(-c2ccccc2)cc(-c2ccccc2)nc1N,tensor([7.8500])
Cc1cccc(-c2cc(-c3ccco3)nc(N)c2C#N)c1,tensor([7.1900])
COc1ccc(-c2cc(-c3ccccc3)nc(N)c2C#N)cc1OC,tensor([7.1800])
Cc1cccc(-c2cc(-c3ccccc3)nc(N)c2C#N)c1,tensor([7.8200])
N#Cc1c(-c2cccs2)cc(-c2cccs2)nc1N,tensor([7.3700])
N#Cc1c(-c2ccc(O)cc2)cc(-c2ccco2)nc1N,tensor([7.2700])
N#Cc1c(-c2ccc(Cl)c(Cl)c2)cc(-c2ccco2)nc1N,tensor([7.1700])
N#Cc1c(-c2ccc3c(c2)OCO3)cc(-c2ccco2)nc1N,tensor([7.9600])
N#Cc1c(-c2ccc(O)cc2)cc(-c2ccccc2)nc1N,tensor([7.2100])
Cc1ccc(-c2cc(-c3ccco3)nc(N)c2C#N)o1,tensor([7.])
N#Cc1c(-c2ccco2)cc(-c2ccco2)nc1N,tensor([7.9200])
N#Cc1c(-c2cccs2)cc(-c2ccco2)nc1N,tensor([7.5500])
N#Cc1c(-c2ccc(Cl)cc2)cc(-c2ccco2)nc1N,tensor([7.3200])
N#Cc1c(-c2ccc3c(c2)OCO3)cc(-c2ccccc2)nc1N,tensor([8.1500])
Cc1ccc(C(=O)Nc2nc3ccccc3c3cn(-c4ccccc4)nc23)o1,tensor([6.3000])
COc1ccc(-n2nc3c(=O)[nH]c4ncccc4n3c2=O)cc1,tensor([6.9400])
COc1cc(C2OCC(O)(Cc3ccc(OC4OC(CO)C(O)C(O)C4O)c(OC)c3)C2COCC2OC(CO)(OC3OC(CO)C(O)C(O)C3O)C(O)C2O)ccc1O,tensor([4.5100])
CCCn1c(=O)c2c(nc3[nH]c(C(C)C)cn32)n(Cc2ccccc2)c1=O,tensor([6.3400])
CC(C)Cn1c(=O)c2c(nc3[nH]c(-c4ccccc4)cn32)n(CC(C)C)c1=O,tensor([6.3200])
CCCn1c(=O)c2c(nc3[nH]c(-c4ccccc4)cn32)n(CCC)c1=O,tensor([6.4300])
OCC1OC(n2cnc3c(NC4CC5CCC4C5)nc(Cl)nc32)C(O)C1O,tensor([9.1500])
CC1(O)C(O)C(CSc2ccccc2F)OC1n1cnc2c(NC3CC4CCC3C4)nc(Cl)nc21,tensor([5.5300])
CC1(O)C(O)C(CCl)OC1n1cnc2c(NC3CC4CCC3C4)nc(Cl)nc21,tensor([8.0400])
OC1C(CCl)OC(n2cnc3c(NC4CCCC4)ncnc32)C1O,tensor([9.2300])
CC1(O)C(O)C(CO)OC1n1cnc2c(NC3CC4CCC3C4)ncnc21,tensor([8.3900])
CC1(O)C(O)C(CSc2ccccc2F)OC1n1cnc2c(NC3CC4CCC3C4)ncnc21,tensor([5.9700])
CC1(O)C(O)C(CSc2ccccc2F)OC1n1cnc2c(NC3CCCC3)nc(Cl)nc21,tensor([5.6700])
OC1C(CCl)OC(n2cnc3c(NC4CC5CCC4C5)nc(Cl)nc32)C1O,tensor([8.7900])
OC1C(CCl)OC(n2cnc3c(NC4CCCC4)nc(Cl)nc32)C1O,tensor([8.8100])
OC1C(CSc2ccccc2F)OC(n2cnc3c(NC4CCCC4)ncnc32)C1O,tensor([7.1900])
CC1(O)C(O)C(CCl)OC1n1cnc2c(NC3CC4CCC3C4)ncnc21,tensor([8.0400])
CC1(O)C(O)C(CO)OC1n1cnc2c(NC3CC4CCC3C4)nc(Cl)nc21,tensor([8.1600])
CC1(O)C(O)C(CSc2ccccc2F)OC1n1cnc2c(NC3CCCC3)ncnc21,tensor([5.7800])
OC1C(CSc2ccccc2F)OC(n2cnc3c(NC4CCOC4)ncnc32)C1O,tensor([6.6000])
OC1C(CCl)OC(n2cnc3c(NC4CC5CCC4C5)ncnc32)C1O,tensor([9.2900])
CC1(O)C(O)C(CCl)OC1n1cnc2c(NC3CCCC3)ncnc21,tensor([7.5500])
OC1C(CSc2ccccc2F)OC(n2cnc3c(NC4CCCC4)nc(Cl)nc32)C1O,tensor([6.5900])
OCC1OC(n2cnc3c(NC4CC5CCC4C5)ncnc32)C(O)C1O,tensor([9.2700])
CC1(O)C(O)C(CCl)OC1n1cnc2c(NC3CCCC3)nc(Cl)nc21,tensor([7.8900])
OC1COC(n2cnc3c(NCc4cccc(Br)c4)ncnc32)C1O,tensor([5.9700])
OC1COC(n2cnc3c(NCc4cccc(Br)c4)nc(Cl)nc32)C1O,tensor([5.9400])
OC1COC(n2cnc3c(NCc4cccc(Cl)c4)nc(Cl)nc32)C1O,tensor([5.6100])
OC1COC(n2cnc3c(NCc4cccc(I)c4)ncnc32)C1O,tensor([6.1000])
OC1COC(n2cnc3c(NCc4cccc(I)c4)nc(Cl)nc32)C1O,tensor([5.6500])
CNc1ncnc2c1ncn2C1SCC(O)C1O,tensor([5.9700])
OC1CSC(n2cnc3c(NCc4cccc(F)c4)ncnc32)C1O,tensor([5.8400])
OC1CSC(n2cnc3c(NCc4cccc(Br)c4)ncnc32)C1O,tensor([6.1000])
OC1CSC(n2cnc3c(NCc4cccc(I)c4)ncnc32)C1O,tensor([6.2800])
OC1CSC(n2cnc3c(NCc4cccc(Cl)c4)ncnc32)C1O,tensor([6.0700])
CNC(=O)C1SC(n2cnc3c(NCc4cccc(I)c4)ncnc32)C(O)C1O,tensor([7.7600])
CCCn1c(=O)c2c(cc(-c3ccccc3)n2O)n(CCC)c1=O,tensor([7.6000])
CCCn1c(=O)c2[nH]c(-c3ccc(S(C)(=O)=O)cc3)c(O)c2n(C)c1=O,tensor([6.6200])
CCCn1c(=O)c2[nH]c(-c3ccccc3)c(O)c2n(CCC)c1=O,tensor([7.0800])
CCCn1c(=O)c2[nH]c(-c3ccc(OCC(=O)Nc4ccc(Br)cc4)cc3)cc2n(CCC)c1=O,tensor([7.6800])
CCCn1c(=O)c2[nH]c(-c3ccc(S(C)(=O)=O)cc3)c(O)c2n(CCC)c1=O,tensor([7.2000])
CCCn1c(=O)c2[nH]c(-c3ccc(OCC(=O)Nc4ccc(Br)cc4)cc3)c(O)c2n(CCC)c1=O,tensor([7.1000])
CCCn1c(=O)c2[nH]c(-c3ccc(OCC(=O)N4CCN(Cc5ccccc5)CC4)cc3)c(O)c2n(CCC)c1=O,tensor([6.6500])
CCCn1c(=O)c2[nH]c(-c3ccccc3)cc2n(CCC)c1=O,tensor([7.4700])
Cn1cc2c(nc(NC(=O)Cc3cccs3)n3nc(-c4ccco4)nc23)n1,tensor([6.3500])
O=C(Cc1ccsc1)Nc1nc2nn(CCc3ccccc3)cc2c2nc(-c3ccco3)nn12,tensor([7.6400])
CC(C)CCn1cc2c(nc(NC(=O)Cc3ccc(F)cc3)n3nc(-c4ccco4)nc23)n1,tensor([7.2900])
O=C(Nc1nc2nn(CCc3ccccc3)cc2c2nc(-c3ccco3)nn12)C(c1ccccc1)c1ccccc1,tensor([6.9400])
COc1ccc(CC(=O)Nc2nc3nn(C)cc3c3nc(-c4ccco4)nn23)cc1,tensor([6.8800])
O=C(Cc1ccc(-c2ccccc2)cc1)Nc1nc2nn(CCCc3ccccc3)cc2c2nc(-c3ccco3)nn12,tensor([5.9300])
CC(C)CCn1cc2c(nc(NC(=O)Cc3ccc(-c4ccccc4)cc3)n3nc(-c4ccco4)nc23)n1,tensor([7.0700])
O=C(Cc1ccc2ccccc2c1)Nc1nc2nn(CCCc3ccccc3)cc2c2nc(-c3ccco3)nn12,tensor([6.6200])
Cn1cc2c(nc(NC(=O)Cc3c(Cl)cccc3Cl)n3nc(-c4ccco4)nc23)n1,tensor([6.0400])
CCCn1cc2c(nc(NC(=O)Cc3ccc4ccccc4c3)n3nc(-c4ccco4)nc23)n1,tensor([6.8000])
Cn1cc2c(nc(NC(=O)Cc3ccc(-c4ccccc4)cc3)n3nc(-c4ccco4)nc23)n1,tensor([5.8400])
CCCCn1cc2c(nc(NC(=O)Cc3cccc4ccccc34)n3nc(-c4ccco4)nc23)n1,tensor([6.7700])
CC(C)CCn1cc2c(nc(NC(=O)C(c3ccccc3)c3ccccc3)n3nc(-c4ccco4)nc23)n1,tensor([6.3600])
Cn1cc2c(nc(NC(=O)Cc3ccsc3)n3nc(-c4ccco4)nc23)n1,tensor([6.3400])
CC(C)CCn1cc2c(nc(NC(=O)Cc3c(Cl)cccc3Cl)n3nc(-c4ccco4)nc23)n1,tensor([6.9200])
CCCn1cc2c(nc(NC(=O)C(c3ccccc3)c3ccccc3)n3nc(-c4ccco4)nc23)n1,tensor([7.1000])
CC(C)CCn1cc2c(nc(NC(=O)Cc3ccc(C(F)(F)F)cc3)n3nc(-c4ccco4)nc23)n1,tensor([7.3200])
O=C(Cc1cccs1)Nc1nc2nn(CCc3ccccc3)cc2c2nc(-c3ccco3)nn12,tensor([7.7300])
CC(C)CCn1cc2c(nc(NC(=O)Cc3ccc(Cl)cc3)n3nc(-c4ccco4)nc23)n1,tensor([7.6500])
O=C(Nc1nc2nn(CCCc3ccccc3)cc2c2nc(-c3ccco3)nn12)C(c1ccccc1)c1ccccc1,tensor([6.5100])
O=C(Cc1ccc(-c2ccccc2)cc1)Nc1nc2nn(CCc3ccccc3)cc2c2nc(-c3ccco3)nn12,tensor([7.0700])
Cn1cc2c(nc(NC(=O)Cc3cccc(Cl)c3)n3nc(-c4ccco4)nc23)n1,tensor([6.3900])
Cn1cc2c(nc(NC(=O)COc3ccc(Cl)cc3)n3nc(-c4ccco4)nc23)n1,tensor([6.0200])
Cn1cc2c(nc(NC(=O)Cc3ccc(F)cc3)n3nc(-c4ccco4)nc23)n1,tensor([6.1300])
O=C(Cc1cccc(Cl)c1)Nc1nc2nn(CCc3ccccc3)cc2c2nc(-c3ccco3)nn12,tensor([7.8800])
CCCn1cc2c(nc(NC(=O)Cc3cccc4ccccc34)n3nc(-c4ccco4)nc23)n1,tensor([6.4100])
Cn1cc2c(nc(NC(=O)C(c3ccccc3)c3ccccc3)n3nc(-c4ccco4)nc23)n1,tensor([6.8600])
O=C(Cc1c(Cl)cccc1Cl)Nc1nc2nn(CCCc3ccccc3)cc2c2nc(-c3ccco3)nn12,tensor([6.1100])
O=C(Cc1cccc(Cl)c1)Nc1nc2nn(CCCc3ccccc3)cc2c2nc(-c3ccco3)nn12,tensor([6.2200])
CCn1cc2c(nc(NC(=O)Cc3ccsc3)n3nc(-c4ccco4)nc23)n1,tensor([6.8100])
Cn1cc2c(nc(NC(=O)Cc3ccc(Cl)cc3)n3nc(-c4ccco4)nc23)n1,tensor([5.7300])
CCCCn1cc2c(nc(NC(=O)C(c3ccccc3)c3ccccc3)n3nc(-c4ccco4)nc23)n1,tensor([6.8900])
CCn1cc2c(nc(NC(=O)Cc3cccc4ccccc34)n3nc(-c4ccco4)nc23)n1,tensor([6.2200])
CC(C)CCn1cc2c(nc(NC(=O)Cc3ccc4ccccc4c3)n3nc(-c4ccco4)nc23)n1,tensor([6.8500])
Cn1cc2c(nc(NC(=O)Cc3cccc4ccccc34)n3nc(-c4ccco4)nc23)n1,tensor([6.0600])
O=C(COc1ccc(Cl)cc1)Nc1nc2nn(CCCc3ccccc3)cc2c2nc(-c3ccco3)nn12,tensor([7.1500])
CC(C)CCn1cc2c(nc(NC(=O)Cc3cccc(Cl)c3)n3nc(-c4ccco4)nc23)n1,tensor([7.8600])
Cn1cc2c(nc(NC(=O)Cc3ccc(C(F)(F)F)cc3)n3nc(-c4ccco4)nc23)n1,tensor([6.1200])
CCCCn1cc2c(nc(NC(=O)Cc3ccsc3)n3nc(-c4ccco4)nc23)n1,tensor([7.5900])
CCCCn1cc2c(nc(NC(=O)Cc3cccs3)n3nc(-c4ccco4)nc23)n1,tensor([7.1500])
O=C(Cc1ccc(Cl)cc1)Nc1nc2nn(CCCc3ccccc3)cc2c2nc(-c3ccco3)nn12,tensor([6.5900])
CCn1cc2c(nc(NC(=O)Cc3ccc(-c4ccccc4)cc3)n3nc(-c4ccco4)nc23)n1,tensor([6.2500])
CCn1cc2c(nc(NC(=O)Cc3cccs3)n3nc(-c4ccco4)nc23)n1,tensor([6.8300])
CCCCn1cc2c(nc(NC(=O)Cc3ccc(-c4ccccc4)cc3)n3nc(-c4ccco4)nc23)n1,tensor([6.4200])
Cn1cc2c(nc(NC(=O)Cc3ccc4ccccc4c3)n3nc(-c4ccco4)nc23)n1,tensor([6.7200])
CCn1cc2c(nc(NC(=O)Cc3ccc4ccccc4c3)n3nc(-c4ccco4)nc23)n1,tensor([6.7300])
CCCn1cc2c(nc(NC(=O)Cc3ccc(-c4ccccc4)cc3)n3nc(-c4ccco4)nc23)n1,tensor([6.2100])
O=C(Cc1ccc2ccccc2c1)Nc1nc2nn(CCc3ccccc3)cc2c2nc(-c3ccco3)nn12,tensor([7.2400])
O=C(Cc1ccc(F)cc1)Nc1nc2nn(CCCc3ccccc3)cc2c2nc(-c3ccco3)nn12,tensor([6.1400])
CNC(=O)C1OC(n2cnc3c(NC)nc(C#Cc4ccccc4)nc32)C(O)C1O,tensor([4.4800])
CNC(=O)C1OC(n2cnc3c(NC)nc(C#Cc4ccccn4)nc32)C(O)C1O,tensor([5.0600])
CNC(=O)C1OC(n2cnc3c(NC)nc(C#Cc4ccc(F)cc4)nc32)C(O)C1O,tensor([5.2800])
CNC(=O)C1OC(n2cnc3c(NOC)nc(C#Cc4ccc(OC)cc4)nc32)C(O)C1O,tensor([4.2700])
CNC(=O)C1OC(n2cnc3c(NC)nc(C#Cc4ccc(OC)cc4)nc32)C(O)C1O,tensor([4.9900])
CCNC(=O)C1SC(n2cnc3c(NC)ncnc32)C(O)C1O,tensor([8.3200])
O=C(NCC1CC1)C1SC(n2cnc3c(NCc4cccc(I)c4)ncnc32)C(O)C1O,tensor([6.8000])
CNC(=O)C1SC(n2cnc3c(NC)ncnc32)C(O)C1O,tensor([7.1600])
O=C(NC1CCC1)C1SC(n2cnc3c(NCc4cccc(I)c4)ncnc32)C(O)C1O,tensor([7.6300])
CNc1ncnc2c1ncn2C1SC(C(=O)NC2CCC2)C(O)C1O,tensor([8.2000])
CNc1ncnc2c1ncn2C1SC(C(=O)NCC2CC2)C(O)C1O,tensor([7.4800])
CNc1ncnc2c1ncn2C1SC(C(=O)NC2CC2)C(O)C1O,tensor([8.1800])
CNc1ncnc2c1ncn2C1SC(C(=O)NC2CCCC2)C(O)C1O,tensor([7.3100])
Cc1cccc(CNC(=O)C2SC(n3cnc4c(NCc5cccc(I)c5)ncnc43)C(O)C2O)c1,tensor([5.3900])
CCNC(=O)C1SC(n2cnc3c(NCc4cccc(I)c4)ncnc32)C(O)C1O,tensor([8.2700])
O=C(NC1CC1)C1SC(n2cnc3c(NCc4cccc(I)c4)ncnc32)C(O)C1O,tensor([8.0300])
Cn1c(=O)c2[nH]c(-c3cccs3)nc2n(CC2CCCCC2)c1=O,tensor([6.6600])
CCSCCn1c(=O)n(CC)c(=O)c2[nH]c(-c3ccccc3)nc21,tensor([6.8300])
CCCn1c(=O)c2[nH]c(-c3ccccc3)nc2n(CC2CCCO2)c1=O,tensor([6.6500])
CCCn1c(=O)c2[nH]c(-c3ccccc3)nc2n(CCSCC)c1=O,tensor([7.0300])
CCCn1c(=O)c2[nH]c(-c3ccccc3)nc2n(CC[S+]([O-])CC)c1=O,tensor([6.7100])
CCn1c(=O)c2c(nc(Cc3ccco3)n2C)n(Cc2cccs2)c1=O,tensor([7.])
CCCn1c(=O)c2[nH]c(-c3ccccc3)nc2n(CCS(=O)(=O)CC)c1=O,tensor([7.0300])
CCn1c(=O)c2c(nc(Cc3cccs3)n2C)n(Cc2ccccc2)c1=O,tensor([6.4100])
CCn1c(=O)c2c(nc(Cc3c(F)cccc3F)n2C)n(Cc2cccs2)c1=O,tensor([6.9200])
CCn1c(=O)c2c(nc(Cc3cccs3)n2C)n(Cc2cccs2)c1=O,tensor([7.0200])
CCn1c(=O)c2[nH]c(Cc3cccs3)nc2n(Cc2cccs2)c1=O,tensor([6.1700])
CCn1c(=O)c2[nH]c(Cc3ccco3)nc2n(Cc2cccs2)c1=O,tensor([6.3900])
O=C(Nc1nc(-c2ccccc2)c(C(=O)c2ccccc2)s1)c1ccco1,tensor([7.2600])
Cc1ccc(C(=O)c2sc(NC(=O)c3ccccc3)nc2-c2ccccc2)cc1,tensor([7.2400])
O=C(Nc1ccc(-c2ccncn2)c(-c2ccco2)n1)C1CC1,tensor([6.0300])
c1coc(-c2nc3[nH]cnc3cc2-c2ccncn2)c1,tensor([6.1400])
Cn1c(=O)[nH]c2nc(-c3ccco3)c(-c3ccncn3)cc21,tensor([5.6100])
c1coc(-c2nc3[nH]ncc3cc2-c2ccncn2)c1,tensor([6.3200])
c1coc(-c2nc3[nH]ccc3cc2-c2ccncn2)c1,tensor([6.6000])
Nc1n[nH]c2nc(-c3ccco3)c(-c3ccncn3)cc12,tensor([6.4500])
O=c1[nH]c(=O)c2cc(-c3ccncn3)c(-c3ccco3)nc2[nH]1,tensor([5.7600])
O=c1[nH]c2cc(-c3ccncn3)c(-c3ccco3)nc2[nH]1,tensor([6.5000])
O=c1[nH][nH]c2nc(-c3ccco3)c(-c3ccncn3)cc12,tensor([7.0900])
O=C(Nc1ccc(-c2ccncc2)c(-c2cncs2)n1)C1CC1,tensor([6.5000])
O=C(Nc1ccc(-c2ccncc2)c(-c2ccccc2F)n1)C1CC1,tensor([6.9100])
O=C(Nc1ccc(-c2ccncc2)c(-c2nccs2)n1)C1CC1,tensor([6.0400])
O=C(Nc1ccc(-c2ccncc2)c(-c2ncco2)n1)C1CC1,tensor([6.1500])
O=C(Nc1ccc(-c2ccncc2)c(-c2ccccn2)n1)C1CC1,tensor([6.0300])
O=C(Nc1ccc(-c2ccncc2)c(-c2ccc(F)cc2)n1)C1CC1,tensor([7.4600])
O=C(Nc1ccc(-c2ccncc2)c(-c2ccncc2)n1)C1CC1,tensor([6.4700])
O=C(Nc1ccc(-c2ccncc2)c(-c2cnco2)n1)C1CC1,tensor([6.2000])
O=C(Nc1ccc(-c2ccncc2Cl)c(-c2ccco2)n1)C1CC1,tensor([6.6000])
CC(=O)Nc1ccc(-c2ccncc2)c(-c2cccc(F)c2)n1,tensor([7.2400])
N#Cc1ccc(NC(=O)C2CC2)nc1-c1ccco1,tensor([6.5400])
CC(=O)Nc1ccc(-c2ccncc2)c(-c2ccco2)n1,tensor([6.4500])
O=C(Nc1ccc(Br)c(-c2ccco2)n1)C1CC1,tensor([6.5400])
O=C(Nc1ccc(-c2ccncc2F)c(-c2ccco2)n1)C1CC1,tensor([6.4300])
Cc1ccc(-c2nc(NC(=O)C3CC3)ccc2-c2ccncc2)o1,tensor([7.6000])
O=C(Nc1ccc(-c2ccncc2)c(-c2cccc(F)c2)n1)C1CC1,tensor([7.8500])
c1cncc(Nc2ncc(-c3ccncn3)c(-c3ccco3)n2)c1,tensor([5.5500])
O=C(Nc1ccc(-c2ccncc2)c(-c2ccco2)n1)C1CC1,tensor([7.0900])
Nc1sc2c(c1C(=O)c1ccc(Cl)c(Cl)c1)CCN(CCCCCCCCCCOc1ccc(Nc3ncnc4c3ncn4C3OC(CO)C(O)C3O)cc1)C2,tensor([5.9000])
Nc1sc2c(c1C(=O)c1ccc(Cl)c(Cl)c1)CCN(CCCOc1ccc(Nc3ncnc4c3ncn4C3OC(CO)C(O)C3O)cc1)C2,tensor([6.3800])
COc1ccc(Nc2ncnc3c2ncn3C2OC(CO)C(O)C2O)cc1,tensor([6.0800])
Nc1sc2c(c1C(=O)c1ccc(Cl)c(Cl)c1)CCN(CCCCCCCCOc1ccc(Nc3ncnc4c3ncn4C3OC(CO)C(O)C3O)cc1)C2,tensor([6.1100])
Nc1sc2c(c1C(=O)c1ccc(Cl)c(Cl)c1)CCN(CCOc1ccc(Nc3ncnc4c3ncn4C3OC(CO)C(O)C3O)cc1)C2,tensor([6.1300])
Nc1sc2c(c1C(=O)c1ccc(Cl)c(Cl)c1)CCN(CCCCCCCCCOc1ccc(Nc3ncnc4c3ncn4C3OC(CO)C(O)C3O)cc1)C2,tensor([6.1800])
Nc1sc2c(c1C(=O)c1ccc(Cl)c(Cl)c1)CCN(CCCCOc1ccc(Nc3ncnc4c3ncn4C3OC(CO)C(O)C3O)cc1)C2,tensor([6.2100])
Nc1sc2c(c1C(=O)c1ccc(Cl)c(Cl)c1)CCN(CCCCCCCOc1ccc(Nc3ncnc4c3ncn4C3OC(CO)C(O)C3O)cc1)C2,tensor([6.3500])
Nc1sc2c(c1C(=O)c1ccc(Cl)c(Cl)c1)CCN(CCCCCCOc1ccc(Nc3ncnc4c3ncn4C3OC(CO)C(O)C3O)cc1)C2,tensor([6.3800])
Nc1sc2c(c1C(=O)c1ccc(Cl)c(Cl)c1)CCN(CCCCCOc1ccc(Nc3ncnc4c3ncn4C3OC(CO)C(O)C3O)cc1)C2,tensor([6.6700])
C=CCOc1cccc(-c2nc(O)c3c4ccccc4c(=O)n(CC)n23)c1,tensor([7.8000])
Nc1nc2nn(CCc3ccccc3)cc2c2nc(-c3ccc(Cl)cc3)nn12,tensor([6.6900])
Cn1cc2c(nc(NC(=O)Cc3ccccc3)n3nc(-c4ccccc4)nc23)n1,tensor([6.2500])
O=C(Nc1nc2nn(CCc3ccccc3)cc2c2nc(-c3ccccc3)nn12)c1ccccc1,tensor([6.5000])
Cn1cc2c(nc(N)n3nc(-c4ccc(Br)cc4)nc23)n1,tensor([5.5400])
Nc1nc2nn(CCc3ccccc3)cc2c2nc(-c3ccc(Br)cc3)nn12,tensor([6.3000])
Nc1nc2nn(CCc3ccccc3)cc2c2nc(-c3ccccc3)nn12,tensor([7.1300])
Cn1cc2c(nc(NC(=O)c3ccccc3)n3nc(-c4ccccc4)nc23)n1,tensor([6.2100])
Cn1cc2c(nc(N)n3nc(-c4ccc(F)cc4)nc23)n1,tensor([6.])
Cn1cc2c(nc(NC(=O)Cc3ccccc3)n3nc(-c4ccc(Cl)cc4)nc23)n1,tensor([5.3100])
Cn1cc2c(nc(N)n3nc(-c4ccc(Cl)cc4)nc23)n1,tensor([5.3100])
Nc1nc2nn(CCc3ccccc3)cc2c2nc(-c3ccc(F)cc3)nn12,tensor([7.4100])
CCn1cc2c(nc(N)n3nc(-c4ccc(Cl)cc4)nc23)n1,tensor([5.8000])
COc1ccc(-c2nc3c4cn(C)nc4nc(N)n3n2)cc1,tensor([5.0100])
Cn1cc2c(nc(NC(=O)c3ccccc3)n3nc(-c4ccc(F)cc4)nc23)n1,tensor([5.6000])
Cn1cc2c(nc(NC(=O)Cc3ccccc3)n3nc(-c4ccc(Br)cc4)nc23)n1,tensor([4.6100])
COc1ccc(-c2nc3c4cn(CCc5ccccc5)nc4nc(N)n3n2)cc1,tensor([6.5400])
CCn1ncc2c1nc(N)n1nc(-c3ccc(Cl)cc3)nc21,tensor([6.9200])
Cn1cc2c(nc(NC(=O)Cc3ccccc3)n3nc(-c4ccc(F)cc4)nc23)n1,tensor([5.6400])
O=C(Nc1nc2nn(CCc3ccccc3)cc2c2nc(-c3ccc(Br)cc3)nn12)c1ccccc1,tensor([6.5700])
Cn1cc2c(nc(NC(=O)Cc3ccccc3)n3nc(-c4ccc([N+](=O)[O-])cc4)nc23)n1,tensor([4.6300])
Nc1nc(-c2ccccc2)nc2nn(CCc3ccccc3)cc12,tensor([5.6000])
O=C(Nc1ccccc1)Nc1nc(-c2ccccc2)nc2nn(Cc3ccccc3)cc12,tensor([6.5400])
O=C(Nc1nc(-c2ccccc2)nc2nn(Cc3ccccc3)cc12)c1ccccc1,tensor([7.2800])
COc1ccc(C(=O)Nc2nc(-c3ccccc3)nc3nn(CCc4ccccc4)cc23)cc1,tensor([5.6200])
Cn1cc2c(N)nc(-c3ccccc3)nc2n1,tensor([6.2300])
COc1ccc(C(=O)Nc2nc(-c3ccccc3)nc3nn(C)cc23)cc1,tensor([5.9800])
CNC(=O)OCC1OC(n2cnc3c(NCc4cccc(I)c4)nc(Cl)nc32)C(O)C1O,tensor([6.9200])
Cn1cc2c(NC(=O)c3ccccc3)nc(-c3ccccc3)nc2n1,tensor([6.4800])
O=C(Nc1ccccc1)Nc1nc(-c2ccccc2)nc2nn(CCc3ccccc3)cc12,tensor([5.7700])
O=C(Nc1nc(-c2ccccc2)nc2nn(CCc3ccccc3)cc12)c1ccccc1,tensor([7.5700])
Nc1nc(-c2ccccc2)nc2nn(Cc3ccccc3)cc12,tensor([6.5100])
Cn1cc2c(NC(=O)c3cccc(Cl)c3)nc(-c3ccccc3)nc2n1,tensor([5.9700])
O=C(Nc1nc(-c2ccccc2)nc2nn(CCc3ccccc3)cc12)c1cccc(Cl)c1,tensor([5.9800])
CCn1c(=O)c2c(nc(C=Cc3ccc(OC)c(OC)c3)n2C)n(CC)c1=O,tensor([5.5200])
CCOCc1sc(NC(=O)c2ccco2)nc1-c1ccccc1,tensor([7.0400])
CC(C)CC(=O)Nc1nc(-c2ccccc2)c(-c2ncon2)s1,tensor([7.1100])
Cc1nc(-c2sc(NC(=O)CC(C)C)nc2-c2ccccc2)no1,tensor([7.0900])
Cc1nc(-c2sc(NC(=O)C3CC3)nc2-c2ccccc2)no1,tensor([6.8200])
O=C(Nc1nc(-c2ccccc2)c(-c2ncon2)s1)C1CC1,tensor([6.5100])
CCCC(=O)c1sc(NC(=O)c2ccco2)nc1-c1ccccc1,tensor([7.0500])
CCn1nnc(-c2sc(NC(=O)C3CC3)nc2-c2ccccc2)n1,tensor([6.6800])
CCOC(=O)c1sc(NC(=O)c2ccco2)nc1-c1ccccc1,tensor([7.0200])
O=C(Nc1nc(-c2ccccc2)c(-c2ncon2)s1)c1ccco1,tensor([6.6400])
CCn1nnc(-c2sc(NC(=O)c3ccco3)nc2-c2ccccc2)n1,tensor([6.1900])
CC(=O)Nc1nc(-c2ccccc2)c(-c2nc(C)no2)s1,tensor([6.4300])
Cc1noc(-c2sc(NC(=O)C3CC3)nc2-c2ccccc2)n1,tensor([7.3900])
Cc1nc(-c2sc(NC(=O)c3ccco3)nc2-c2ccccc2)no1,tensor([6.1100])
Cc1noc(-c2sc(NC(=O)CC(C)C)nc2-c2ccccc2)n1,tensor([7.5700])
Cc1nc(-c2sc(NC(=O)Cc3ccccc3)nc2-c2ccccc2)no1,tensor([6.5800])
O=C(Cc1ccccc1)Nc1nc(-c2ccccc2)c(-c2ncon2)s1,tensor([5.7700])
Cc1noc(-c2sc(NC(=O)c3ccco3)nc2-c2ccccc2)n1,tensor([6.5700])
Cc1noc(-c2sc(NC(=O)Cc3ccccc3)nc2-c2ccccc2)n1,tensor([6.4700])
CCn1nnc(-c2sc(NC(=O)Cc3ccc(OC)c(OC)c3)nc2-c2ccccc2)n1,tensor([5.8000])
CCn1nnc(-c2sc(NC(=O)Cc3ccccc3)nc2-c2ccccc2)n1,tensor([5.9200])
Cc1noc(-c2sc(NC(=O)c3ccccc3)nc2-c2ccccc2)n1,tensor([6.7500])
CCC(=O)Nc1nc(-c2ccc(SC)cc2)cc(-c2ccc(SC)cc2)n1,tensor([6.3000])
CCCC(=O)Nc1cc(-c2ccccc2F)nc(-c2ccccc2F)n1,tensor([7.7300])
CCCC(=O)Nc1cc(-c2ccc(F)cc2)nc(-c2ccc(F)cc2)n1,tensor([7.0800])
CCCC(=O)Nc1nc(-c2ccc3c(c2)OCO3)cc(-c2ccc3c(c2)OCO3)n1,tensor([6.1700])
CCC(=O)Nc1nc(-c2ccccc2F)cc(-c2ccccc2F)n1,tensor([7.3200])
CCCC(=O)Nc1cc(-c2cccs2)nc(-c2cccs2)n1,tensor([7.4800])
CCC(=O)Nc1nc(-c2ccsc2)cc(-c2ccsc2)n1,tensor([6.4300])
CCCC(=O)Nc1nc(-c2ccccc2F)cc(-c2ccccc2F)n1,tensor([7.6300])
CCC(=O)Nc1cc(-c2ccccc2F)nc(-c2ccccc2F)n1,tensor([7.5000])
CCCC(=O)Nc1nc(-c2ccsc2)cc(-c2ccsc2)n1,tensor([7.0700])
CCC(=O)Nc1cc(-c2ccoc2)nc(-c2ccoc2)n1,tensor([6.8800])
CCC(=O)Nc1cc(-c2cccs2)nc(-c2cccs2)n1,tensor([7.4800])
CCC(=O)Nc1cc(-c2ccsc2)nc(-c2ccsc2)n1,tensor([7.4100])
CC(=O)Nc1cc(-c2ccco2)nc(-c2ccco2)n1,tensor([7.3900])
CCCC(=O)Nc1nc(-c2ccc(C)cc2)cc(-c2ccc(C)cc2)n1,tensor([5.4200])
CCCC(=O)Nc1cc(-c2ccsc2)nc(-c2ccsc2)n1,tensor([7.1900])
CCCC(=O)Nc1cc(-c2ccco2)nc(-c2ccco2)n1,tensor([8.1100])
CCC(=O)Nc1nc(-c2ccc3c(c2)OCO3)cc(-c2ccc3c(c2)OCO3)n1,tensor([6.2700])
CCCC(=O)Nc1nc(-c2cccs2)cc(-c2cccs2)n1,tensor([6.5900])
CCC(=O)Nc1cc(-c2ccccc2OC)nc(-c2ccccc2OC)n1,tensor([6.9500])
CC(=O)Nc1cc(-c2ccc3c(c2)OCO3)nc(-c2ccc3c(c2)OCO3)n1,tensor([7.7500])
CCC(=O)Nc1cc(-c2ccc(C)cc2)nc(-c2ccc(C)cc2)n1,tensor([7.4300])
CCCC(=O)Nc1cc(-c2ccc3c(c2)OCO3)nc(-c2ccc3c(c2)OCO3)n1,tensor([8.0100])
CCCC(=O)Nc1cc(-c2ccoc2)nc(-c2ccoc2)n1,tensor([7.1900])
CCC(=O)Nc1cc(-c2ccco2)nc(-c2ccco2)n1,tensor([7.8100])
CCC(=O)Nc1cc(-c2ccc3c(c2)OCO3)nc(-c2ccc3c(c2)OCO3)n1,tensor([8.2800])
CCCC(=O)Nc1cc(-c2ccccc2OC)nc(-c2ccccc2OC)n1,tensor([7.3800])
CCC(=O)Nc1cc(-c2ccc(F)cc2)nc(-c2ccc(F)cc2)n1,tensor([7.0800])
Cc1ccc(-c2nc(NC(=O)C3CC3)cnc2-c2ccncc2)o1,tensor([7.9600])
CCC(=O)Nc1cnc(-c2ccncc2)c(-c2ccco2)n1,tensor([7.3800])
O=C(CC1CCCC1)Nc1cnc(-c2ccncc2)c(-c2ccco2)n1,tensor([7.0100])
O=C(Nc1cnc(-c2ccncc2)c(-c2ccccn2)n1)C1CC1,tensor([6.5100])
O=C(Nc1cnc(-c2ccncn2)c(-c2ccco2)n1)C1CC1,tensor([5.6500])
CC(C)C(=O)Nc1cnc(-c2ccncc2)c(-c2ccco2)n1,tensor([7.7500])
O=C(Nc1cnc(-c2ccncc2)c(-c2ccccc2F)n1)C1CC1,tensor([7.6000])
CC(=O)Nc1cnc(-c2ccncc2)c(-c2ccco2)n1,tensor([6.3400])
O=C(Nc1cnc(-c2ccncc2)c(-c2ccco2)n1)c1ccc(F)cc1,tensor([5.9800])
O=C(Nc1cnc(-c2ccncc2F)c(-c2ccccc2F)n1)C1CC1,tensor([6.8900])
O=C(Nc1cnc(-c2ccncc2)c(-c2ccco2)n1)C1CCCC1,tensor([7.5700])
O=C(Nc1cnc(-c2ccncc2)c(-c2ccco2)n1)C1CCC1,tensor([7.7700])
COc1cc(NC(=O)CC(C)(C)C)ccc1C(=O)Nc1nccs1,tensor([5.9600])
Cc1cnc(NC(=O)c2ccc(NC(=O)CC(C)(C)C)cc2)s1,tensor([5.9600])
CC(C)(C)CC(=O)Nc1ccc(C(=O)Nc2nccs2)cc1F,tensor([6.1900])
CC(C)(C)CC(=O)Nc1ccc(C(=O)Nc2ncc(Cl)s2)cc1,tensor([6.6600])
Cc1cc(C(=O)Nc2nccs2)cc(Cl)c1NC(=O)CC(C)(C)C,tensor([6.2400])
CC(C)(C)CC(=O)Nc1c(F)cc(C(=O)Nc2nccs2)cc1F,tensor([6.3900])
CC(C)(C)CC(=O)Nc1ccc(C(=O)Nc2nccs2)cc1Cl,tensor([6.6800])
COc1c(C(=O)Nc2nccs2)ccc(NC(=O)CC(C)(C)C)c1F,tensor([6.6600])
COc1cc(C(=O)Nc2nccs2)ccc1NC(=O)CC(C)(C)C,tensor([6.4700])
Cc1cc(C(=O)Nc2nccs2)ccc1NC(=O)CC(C)(C)C,tensor([6.3400])
Nc1nc2c(cnn2CCCc2ccc(OCC(=O)O)cc2)c2nc(-c3ccco3)nn12,tensor([5.7700])
Nc1nc2c(cnn2CCCc2ccc(OCC(=O)NCCNC(=O)CCCCc3cn(CCCCCCC(=O)CCOCCOCCOCCOCCNC(=O)CCCCC4SCC5NC(=O)NC54)nn3)cc2)c2nc(-c3ccco3)nn12,tensor([5.8900])
C#CCCCCC(=O)NCCNC(=O)COc1ccc(CCCn2ncc3c2nc(N)n2nc(-c4ccco4)nc32)cc1,tensor([5.9600])
Nc1nc2c(cnn2CCCc2ccc(OCCCF)cc2)c2nc(-c3ccco3)nn12,tensor([6.])
NCCNC(=O)COc1ccc(CCCn2ncc3c2nc(N)n2nc(-c4ccco4)nc32)cc1,tensor([5.9000])
CC(=O)NCCn1cc(CCCCC(=O)NCCNC(=O)COc2ccc(CCCn3ncc4c3nc(N)n3nc(-c5ccco5)nc43)cc2)nn1,tensor([5.7700])
COC(=O)COc1ccc(CCCn2ncc3c2nc(N)n2nc(-c4ccco4)nc32)cc1,tensor([5.3200])
Nc1nc2c(Br)cccc2c2cn(-c3ccccc3)nc12,tensor([6.5200])
Cn1cc2c(n1)c(N)nc1c(OCc3ccccc3)cccc12,tensor([6.0100])
Nc1nc2c(NCc3ccccc3)cccc2c2cn(-c3ccccc3)nc12,tensor([6.3400])
Nc1nc2c(OCc3ccccc3)cccc2c2cn(-c3ccccc3)nc12,tensor([6.8500])
Nc1nc2c(O)cccc2c2cn(-c3ccccc3)nc12,tensor([7.])
C=CCN1C(=O)N2CC(CC)N=C2c2[nH]c(-c3cc(OCc4ccccc4)nn3C)nc21,tensor([5.9200])
CCC1CN2C(=O)N(Cc3ccccc3)c3nc(-c4cc(OC)no4)[nH]c3C2=N1,tensor([6.3100])
C=CCN1C(=O)N2CC(CC)N=C2c2[nH]c(-c3cc(C)nn3C)nc21,tensor([6.2900])
COc1cc(-c2nc3c([nH]2)C2=NC(C)CN2C(=O)N3Cc2ccccc2)n(C)n1,tensor([5.7600])
CCC1CN2C(=O)N(Cc3ccccc3)c3nc(-c4cc(OC)nn4C)[nH]c3C2=N1,tensor([6.3900])
CCC1CN2C(=O)N(Cc3ccccc3)c3nc(-c4cc(OCc5ccccc5)nn4C)[nH]c3C2=N1,tensor([5.7800])
C=CCN1C(=O)N2CC(CC)N=C2c2[nH]c(-c3cc(OC)no3)nc21,tensor([5.5200])
CCC1CN2C(=O)N(Cc3ccccc3)c3nc(-c4cc(C)nn4C)[nH]c3C2=N1,tensor([6.2600])
C=CCN1C(=O)N2CC(C)N=C2c2[nH]c(-c3cc(C)nn3C)nc21,tensor([5.7100])
CC1CN2C(=O)N(Cc3ccccc3)c3nc(-c4cc(OCc5ccccc5)nn4C)[nH]c3C2=N1,tensor([5.5900])
Cn1cc2c(nc(NC(=O)Nc3ccc(F)cc3)n3nc(-c4ccc(C(F)(F)F)cc4)nc23)n1,tensor([5.3600])
O=C(Nc1nc2nn(CCc3ccccc3)cc2c2nc(-c3ccc(F)cc3)nn12)c1ccccc1,tensor([6.4000])
O=C(Nc1nc2nn(CCc3ccccc3)cc2c2nc(-c3ccc(Cl)cc3)nn12)c1ccccc1,tensor([6.6600])
O=C(Cc1ccccc1)Nc1nc2nn(CCc3ccccc3)cc2c2nc(-c3ccccc3)nn12,tensor([6.7200])
O=C(Cc1ccccc1)Nc1nc2nn(CCc3ccccc3)cc2c2nc(-c3ccc(Cl)cc3)nn12,tensor([6.0300])
COc1ccc(-c2nc3c4cn(CCc5ccccc5)nc4nc(NC(=O)c4ccccc4)n3n2)cc1,tensor([6.0800])
Cn1cc2c(nc(NC(=O)Nc3ccccc3)n3nc(-c4ccc(Cl)cc4)nc23)n1,tensor([5.2600])
Cn1cc2c(nc(NC(=O)Nc3ccccc3)n3nc(-c4ccc(C(F)(F)F)cc4)nc23)n1,tensor([4.8900])
O=C(Cc1ccccc1)Nc1nc2nn(CCc3ccccc3)cc2c2nc(-c3ccc(F)cc3)nn12,tensor([6.6300])
COc1ccc(NC(=O)Nc2nc3nn(C)cc3c3nc(-c4ccc(Cl)cc4)nn23)cc1,tensor([5.1900])
COc1ccc(NC(=O)Nc2nc3cn(CCCc4ccccc4)cc3c3nc(-c4ccco4)nn23)cc1,tensor([6.6800])
Cn1cc2nc(N)n3nc(-c4ccco4)nc3c2c1,tensor([7.])
CCCn1cc2nc(N)n3nc(-c4ccco4)nc3c2c1,tensor([7.4600])
COc1ccc(NC(=O)Nc2nc3cn(CCc4ccccc4)cc3c3nc(-c4ccco4)nn23)cc1,tensor([6.7500])
Nc1nc2cn(CCCc3ccccc3)cc2c2nc(-c3ccco3)nn12,tensor([7.7500])
Nc1nc2cn(CCCc3ccccc3)nc2c2nc(-c3ccco3)nn12,tensor([8.1500])
Cn1ncc2nc(N)n3nc(-c4ccco4)nc3c21,tensor([8.])
CCCn1cc2nc(NC(=O)Nc3ccc(OC)cc3)n3nc(-c4ccco4)nc3c2c1,tensor([6.1300])
CCCn1cc2nc(N)n3nc(-c4ccco4)nc3c2n1,tensor([7.6600])
COc1ccc(NC(=O)Nc2nc3cn(C)cc3c3nc(-c4ccco4)nn23)cc1,tensor([6.1000])
Nc1nc2c(cnn2CCc2ccccc2)c2nc(-c3ccco3)nn12,tensor([6.2600])
Cn1ncc2nc(NC3CCCCC3)n3nc(-c4ccco4)nc3c21,tensor([7.9200])
CCCn1cc2nc(NC(=O)Nc3ccc(OC)cc3)n3nc(-c4ccco4)nc3c2n1,tensor([6.6200])
CCCn1ncc2nc(N)n3nc(-c4ccco4)nc3c21,tensor([7.8500])
Nc1nc2c(cnn2CCCc2ccccc2)c2nc(-c3ccco3)nn12,tensor([6.4600])
COc1ccc(NC(=O)Nc2nc3cnn(C)c3c3nc(-c4ccco4)nn23)cc1,tensor([6.8900])
COc1ccc(NC(=O)Nc2nc3cn(CCc4ccccc4)nc3c3nc(-c4ccco4)nn23)cc1,tensor([6.1200])
CCCn1ncc2nc(NC(=O)Nc3ccc(OC)cc3)n3nc(-c4ccco4)nc3c21,tensor([7.2100])
Nc1nc2cn(CCc3ccccc3)cc2c2nc(-c3ccco3)nn12,tensor([8.3700])
COc1ccc(NC(=O)Nc2nc3cn(C)nc3c3nc(-c4ccco4)nn23)cc1,tensor([6.0400])
Cn1cc2nc(NC(=O)Nc3ccncc3)n3nc(-c4ccco4)nc3c2c1,tensor([6.4500])
Nc1nc2cn(CCc3ccccc3)nc2c2nc(-c3ccco3)nn12,tensor([8.3100])
COc1ccc(NC(=O)Nc2nc3cnn(CCc4ccccc4)c3c3nc(-c4ccco4)nn23)cc1,tensor([6.2800])
Cn1cc2nc(N)n3nc(-c4ccco4)nc3c2n1,tensor([7.5200])
Nc1nc2cnn(CCCc3ccccc3)c2c2nc(-c3ccco3)nn12,tensor([7.0700])
Nc1nc2cnn(CCc3ccccc3)c2c2nc(-c3ccco3)nn12,tensor([7.4800])
CCCCC#Cc1nc2c(N)ncnc2n1C1OCC(O)C1O,tensor([6.5400])
CCCCC=Cc1nc2c(N)ncnc2n1C1OCC(O)C1O,tensor([6.3000])
CCCCC#Cc1nc(N)c2ncn(C3OCC(O)C3O)c2n1,tensor([6.1300])
CCNC(=O)C1OC(n2cnc3c(N)nc(NCCc4ccc(CCC(=O)NC(Cc5c[nH]c6ccccc56)C(=O)OC)cc4)nc32)C(O)C1O,tensor([5.7900])
CCNC(=O)C1OC(n2cnc3c(N)nc(NCCc4ccc(CCC(=O)NC(CC(=O)O)C(=O)O)cc4)nc32)C(O)C1O,tensor([5.9300])
CCNC(=O)C1OC(n2cnc3c(N)nc(NCCc4ccc(CCC(=O)NC(CCCNC(=N)N)C(=O)O)cc4)nc32)C(O)C1O,tensor([6.])
CCNC(=O)C1OC(n2cnc3c(N)nc(NCCc4ccc(CCC(=O)NC(Cc5ccccc5)C(=O)OC)cc4)nc32)C(O)C1O,tensor([5.9700])
CCNC(=O)C1OC(n2cnc3c(N)nc(NCCc4ccc(CCC(=O)NC(Cc5ccccc5)C(=O)O)cc4)nc32)C(O)C1O,tensor([6.2600])
CCNC(=O)C1OC(n2cnc3c(N)nc(NCCc4ccc(CCC(=O)NC(Cc5c[nH]c6ccccc56)C(=O)O)cc4)nc32)C(O)C1O,tensor([5.9700])
CCNC(=O)C1OC(n2cnc3c(N)nc(NCCc4ccc(CCC(=O)NC(Cc5c[nH]cn5)C(=O)O)cc4)nc32)C(O)C1O,tensor([6.4600])
CCCn1c(=O)c2[nH]c(-c3cc(OCc4nc5c(C(F)(F)F)cc(C(F)(F)F)cc5[nH]4)nn3C)nc2n(CCC)c1=O,tensor([5.3500])
CCCn1c(=O)c2[nH]c(-c3cc(OCc4nc5cc(Cl)c(F)cc5[nH]4)nn3C)nc2n(CCC)c1=O,tensor([6.6800])
CCCn1c(=O)c2[nH]c(-c3cc(OCc4nc5cc(OC)ccc5[nH]4)no3)nc2n(CCC)c1=O,tensor([6.5200])
CCCn1c(=O)c2[nH]c(-c3cc(OCc4nc5cc(Br)ccc5[nH]4)no3)nc2n(CCC)c1=O,tensor([7.0500])
CCCn1c(=O)c2nc(-c3cc(OCC(=O)Nc4ccc(F)cc4)nn3C)[nH]c2n(CCC)c1=O,tensor([7.1900])
CCCn1c(=O)c2[nH]c(-c3cc(OCc4nc5cc(C)c(C)cc5[nH]4)nn3C)nc2n(CCC)c1=O,tensor([6.1300])
CCCn1c(=O)c2[nH]c(-c3cc(OCc4nc5cc([N+](=O)[O-])ccc5[nH]4)nn3C)nc2n(CCC)c1=O,tensor([6.8100])
CCCn1c(=O)c2[nH]c(-c3cc(OCc4nc5cc(C(=O)OCC)ccc5[nH]4)nn3C)nc2n(CCC)c1=O,tensor([6.3000])
CCCn1c(=O)c2[nH]c(-c3cc(OCc4nc5cc(OC)ccc5[nH]4)nn3C)nc2n(CCC)c1=O,tensor([6.1200])
CCCn1c(=O)c2[nH]c(-c3cc(=O)[nH]n3C)cc2n(CCC)c1=O,tensor([6.8500])
CCCn1c(=O)c2[nH]c(-c3cc(=O)[nH]n3C)nc2n(CCC)c1=O,tensor([6.1300])
CCCn1c(=O)c2[nH]c(-c3cc(OCc4nc5cc(C(=O)O)ccc5[nH]4)nn3C)nc2n(CCC)c1=O,tensor([5.3400])
CCCn1c(=O)c2[nH]c(-c3cc(OCc4nc5c(C)cccc5[nH]4)nn3C)nc2n(CCC)c1=O,tensor([6.1600])
CCCn1c(=O)c2[nH]c(-c3cc(OCc4nc5cc(C(F)(F)F)ccc5[nH]4)no3)nc2n(CCC)c1=O,tensor([6.7600])
CCCn1c(=O)c2[nH]c(-c3cc(OCc4nc5cc(Cl)ccc5[nH]4)nn3C)nc2n(CCC)c1=O,tensor([6.8200])
CCCn1c(=O)c2[nH]c(-c3cc(OCc4nc5cc(Cl)c(F)cc5[nH]4)no3)nc2n(CCC)c1=O,tensor([7.1900])
CCCn1c(=O)c2[nH]c(-c3cc(OCc4nc5cc(C)ccc5[nH]4)nn3C)nc2n(CCC)c1=O,tensor([6.1300])
CCCn1c(=O)c2[nH]c(-c3cc(OCc4nc5cc(Cl)ccc5[nH]4)no3)nc2n(CCC)c1=O,tensor([7.1800])
CCCn1c(=O)c2[nH]c(-c3cc(OCc4nc5ccccc5[nH]4)nn3C)nc2n(CCC)c1=O,tensor([6.6500])
CCCn1c(=O)c2[nH]c(-c3cc(OCc4nc5cc(C(F)(F)F)ccc5[nH]4)nn3C)nc2n(CCC)c1=O,tensor([6.2400])
CCCn1c(=O)c2[nH]c(-c3cc(OCc4nc5ccccc5[nH]4)nn3C)cc2n(CCC)c1=O,tensor([7.4700])
CCCn1c(=O)c2[nH]c(-c3cc(OCc4nc5c(Cl)cc(C(F)(F)F)cc5[nH]4)nn3C)nc2n(CCC)c1=O,tensor([5.6000])
CCCn1c(=O)c2[nH]c(-c3cc(OCc4nc5ccccc5[nH]4)no3)nc2n(CCC)c1=O,tensor([6.5600])
CCCn1c(=O)c2[nH]c(-c3cc(OCC(=O)Nc4ccc(F)cc4)nn3C)cc2n(CCC)c1=O,tensor([7.3500])
CCCn1c(=O)c2[nH]c(-c3cc(OCC(=O)Nc4ccc5c(c4)OCO5)nn3C)cc2n(CCC)c1=O,tensor([7.2600])
CCCn1c(=O)c2[nH]c(-c3cc(OCc4nc5cc(Br)ccc5[nH]4)nn3C)nc2n(CCC)c1=O,tensor([6.5500])
OC1C(O)C(n2cnc3c(NC4CCCCCC4)nc(Cl)nc32)C2CC12,tensor([6.6400])
OC1C(O)C(n2cnc3c(NC4CCCCC4)nc(Cl)nc32)C2CC12,tensor([6.8500])
OC1C(O)C(n2cnc3c(NC4CCCCCCC4)nc(Cl)nc32)C2CC12,tensor([6.1200])
OC1C(O)C(n2cnc3c(NCc4ccccc4F)nc(Cl)nc32)C2CC12,tensor([5.3200])
OC1C(O)C(n2cnc3c(NCC4CC4)nc(Cl)nc32)C2CC12,tensor([7.1700])
OC1C(O)C(n2cnc3c(NCc4cc(F)ccc4F)nc(Cl)nc32)C2CC12,tensor([5.9000])
OC1C(O)C(n2cnc3c(NCCCF)nc(Cl)nc32)C2CC12,tensor([7.1400])
Nc1nc(Cl)nc2c1ncn2C1C(O)C(O)C2CC21,tensor([6.4600])
CC(C)Nc1nc(Cl)nc2c1ncn2C1C(O)C(O)C2CC21,tensor([7.1400])
CCNc1nc(Cl)nc2c1ncn2C1C(O)C(O)C2CC21,tensor([6.0300])
CCC(CC)Nc1nc(Cl)nc2c1ncn2C1C(O)C(O)C2CC21,tensor([7.1000])
CC(Nc1nc(Cl)nc2c1ncn2C1C(O)C(O)C2CC21)C1CC1,tensor([7.0600])
OC1C(O)C(n2cnc3c(NC(C4CC4)C4CC4)nc(Cl)nc32)C2CC12,tensor([7.3200])
COc1cc(F)c(F)cc1CNc1nc(Cl)nc2c1ncn2C1C(O)C(O)C2CC21,tensor([5.7200])
OC1C(O)C(n2cnc3c(NC4CCC4)nc(Cl)nc32)C2CC12,tensor([7.2900])
OC1C(O)C(n2cnc3c(NC4CC5CCC4C5)nc(Cl)nc32)C2CC12,tensor([7.0800])
OC1C(O)C(n2cnc3c(NCc4cccc(OCCF)c4)nc(Cl)nc32)C2CC12,tensor([5.4500])
Cc1cc(-c2nnc(N)nc2-c2ccc(F)cc2)cc(C)n1,tensor([6.4000])
Cc1cc(-c2nnc(N)nc2-c2ccccc2)cc(C)n1,tensor([7.0700])
Cc1cc(C)cc(-c2nnc(N)nc2-c2ccccc2)c1,tensor([6.7100])
Nc1nnc(-c2ccc(O)c(Cl)c2)c(-c2ccccc2)n1,tensor([9.7900])
Cc1cc(-c2nnc(N)nc2-c2cc(F)cc(F)c2)cc(C)n1,tensor([6.7700])
Cc1cc(-c2nnc(N)nc2-c2ccc(F)cc2)cc(C(F)(F)F)n1,tensor([6.9300])
Nc1nnc(-c2cccc(Cl)c2)c(-c2ccccc2)n1,tensor([7.2500])
Nc1nnc(-c2cc(Cl)cc(Cl)c2)c(-c2ccccc2)n1,tensor([7.3600])
Cc1cc(-c2nnc(N)nc2-c2cccc(F)c2)cc(C)n1,tensor([6.9600])
Cc1cc(-c2nnc(N)nc2-c2ccccc2)cc(C(F)(F)F)n1,tensor([7.5000])
Cc1cc(-c2nnc(N)nc2-c2ccccc2)cc(C)c1O,tensor([7.7800])
O=c1c(-c2ccccc2)nnc2n(-c3ccccc3)c3ccccc3n12,tensor([7.0800])
Oc1c(-c2ccccc2)nnc2nc3ccccc3n12,tensor([6.1400])
Cn1c2ccccc2n2c(=O)c(-c3ccco3)nnc12,tensor([6.6800])
O=c1c(-c2ccccc2)nnc2n(-c3ccc(Cl)cc3)c3ccccc3n12,tensor([5.8700])
Oc1c(-c2ccco2)nnc2nc3ccccc3n12,tensor([7.6000])
Cn1c2ccccc2n2c(=O)c(-c3ccccc3)nnc12,tensor([7.2100])
O=c1c(-c2ccccc2)nnc2n(Cc3ccccc3)c3ccccc3n12,tensor([6.5200])
COc1cccc2cc(C(=O)NCCCN3CCN(CCCNC(=O)c4cc5cccc(OC)c5oc4=N)CC3)c(=N)oc12,tensor([5.6000])
COC(=O)C(C#N)=Cc1cccc(OC)c1O,tensor([5.6000])
COc1cccc2cc(C(N)=O)c(=N)oc12,tensor([6.4000])
COc1cccc2cc(C(=O)NC3CCCC3)c(=N)oc12,tensor([5.5000])
COCCNC(=O)c1cc2cccc(OC)c2oc1=N,tensor([5.2000])
CNC(=O)C12CC1C(n1cnc3c(NCc4cccc(Cl)c4)nc(C#Cc4ccc(N)cc4)nc31)C(O)C2O,tensor([5.8200])
Nc1ncnc2c1ncn2C1OC(C(=O)NCC(F)(F)F)C(O)C1O,tensor([7.8200])
Nc1ncnc2c1ncn2C1OC(C(=O)NC2CCC2)C(O)C1O,tensor([8.2600])
Nc1ncnc2c1ncn2C1OC(C(=O)NC2CC2)C(O)C1O,tensor([8.7200])
Nc1ncnc2c1ncn2C1OC(C(=O)NC2CCCC2)C(O)C1O,tensor([7.5700])
Nc1ncnc2c1ncn2C1OC(C(=O)NCCO)C(O)C1O,tensor([7.8900])
CCCNC(=O)C1OC(n2cnc3c(N)ncnc32)C(O)C1O,tensor([7.9200])
Cn1cc2c(nc(NC(=O)NC3CCN(C(=O)Nc4ccncc4)CC3)n3nc(-c4ccco4)nc23)n1,tensor([5.8900])
Cn1cc2c(nc(NC(=O)NC3CCN(Cc4cccnc4)CC3)n3nc(-c4ccco4)nc23)n1,tensor([5.8800])
Cn1cc2c(nc(NC(=O)NC3CCN(C(=O)NCc4ccc(F)cc4)CC3)n3nc(-c4ccco4)nc23)n1,tensor([6.3900])
Cn1cc2c(nc(NC(=O)NC3CCN(C(=O)NC4CCCCCC4)CC3)n3nc(-c4ccco4)nc23)n1,tensor([6.0900])
Cc1ccc(CN2CCC(NC(=O)Nc3nc4nn(C)cc4c4nc(-c5ccco5)nn34)CC2)cc1,tensor([5.8300])
Cn1cc2c(nc(NC(=O)NC3CCN(C(=O)NCCc4ccccc4)CC3)n3nc(-c4ccco4)nc23)n1,tensor([6.7400])
COc1ccc(CNC(=O)N2CCC(NC(=O)Nc3nc4nn(C)cc4c4nc(-c5ccco5)nn34)CC2)cc1,tensor([6.2000])
Cn1cc2c(nc(NC(=O)NC3CCN(Cc4ccc(F)cc4)CC3)n3nc(-c4ccco4)nc23)n1,tensor([5.9800])
CCCN1CCC(NC(=O)Nc2nc3nn(C)cc3c3nc(-c4ccco4)nn23)CC1,tensor([5.5500])
Cn1cc2c(nc(NC(=O)NC3CCN(Cc4ccccc4)CC3)n3nc(-c4ccco4)nc23)n1,tensor([6.1500])
Cn1cc2c(nc(NC(=O)NC3CCN(C(=O)NCc4ccccc4)CC3)n3nc(-c4ccco4)nc23)n1,tensor([6.2800])
CCNC(=O)N1CCC(NC(=O)Nc2nc3nn(C)cc3c3nc(-c4ccco4)nn23)CC1,tensor([5.8200])
Cn1cc2c(nc(NC(=O)NC3CCN(Cc4ccc([N+](=O)[O-])cc4)CC3)n3nc(-c4ccco4)nc23)n1,tensor([6.4300])
Cn1cc2c(nc(NC(=O)NC3CCN(Cc4ccc(C#N)cc4)CC3)n3nc(-c4ccco4)nc23)n1,tensor([6.7800])
C=CCN1CCC(NC(=O)Nc2nc3nn(C)cc3c3nc(-c4ccco4)nn23)CC1,tensor([5.4700])
Cn1cc2c(nc(NC(=O)NC3CCN(C(=O)NCc4ccc(Cl)cc4)CC3)n3nc(-c4ccco4)nc23)n1,tensor([6.2100])
Cn1cc2c(nc(NC(=O)NC3CCN(C(=O)NC4CCCC4)CC3)n3nc(-c4ccco4)nc23)n1,tensor([6.1300])
Cn1cc2c(nc(NC(=O)NC3CCN(Cc4ccc(Cl)cc4)CC3)n3nc(-c4ccco4)nc23)n1,tensor([6.1400])
Cn1cc2c(nc(NC(=O)NC3CCN(C(=O)NC4CCCCC4)CC3)n3nc(-c4ccco4)nc23)n1,tensor([6.1200])
Cn1cc2c(nc(NC(=O)NC3CCN(CC4CCCCC4)CC3)n3nc(-c4ccco4)nc23)n1,tensor([5.4700])
CN1CCN(C(=O)N2CCC(NC(=O)Nc3nc4nn(C)cc4c4nc(-c5ccco5)nn34)CC2)CC1,tensor([5.9500])
Cc1ccc(CNC(=O)N2CCC(NC(=O)Nc3nc4nn(C)cc4c4nc(-c5ccco5)nn34)CC2)cc1,tensor([6.4000])
C#CCN1CCC(NC(=O)Nc2nc3nn(C)cc3c3nc(-c4ccco4)nn23)CC1,tensor([6.1000])
CCOC(=O)CN1CCC(NC(=O)Nc2nc3nn(C)cc3c3nc(-c4ccco4)nn23)CC1,tensor([6.4600])
COc1ccc(CN2CCC(NC(=O)Nc3nc4nn(C)cc4c4nc(-c5ccco5)nn34)CC2)cc1,tensor([5.9400])
Cn1cc2c(nc(NC(=O)NC3CCN(C(=O)NCCCc4ccccc4)CC3)n3nc(-c4ccco4)nc23)n1,tensor([6.9500])
CC(C)NC(=O)N1CCC(NC(=O)Nc2nc3nn(C)cc3c3nc(-c4ccco4)nn23)CC1,tensor([5.8800])
Cn1cc2c(nc(NC(=O)NC3CCN(Cc4ccncc4)CC3)n3nc(-c4ccco4)nc23)n1,tensor([5.9200])
OC1C(O)C(n2cnc3c(NCc4cccc(Cl)c4)nc(C#Cc4ccccc4Cl)nc32)C2CC12,tensor([5.5600])
O=C(Nc1nc(-c2ccccc2)n[nH]1)C1CCCO1,tensor([5.5000])
CC(Sc1ccccc1)C(=O)Nc1nc(-c2ccccc2)n[nH]1,tensor([5.4800])
CC(Oc1ccc(Cl)cc1)C(=O)Nc1nc(-c2ccccc2)n[nH]1,tensor([5.4100])
CCC(Oc1ccccc1)C(=O)Nc1nc(-c2ccccc2)n[nH]1,tensor([5.8200])
CC(Oc1ccccc1F)C(=O)Nc1nc(-c2ccccc2)n[nH]1,tensor([5.4300])
Cc1cc(C)cc(OCC(=O)Nc2nc(-c3ccccc3)n[nH]2)c1,tensor([5.8000])
Cc1cccc(OCC(=O)Nc2nc(-c3ccccc3)n[nH]2)c1,tensor([5.6400])
CC(Oc1ccccc1)C(=O)Nc1nc(-c2ccccc2)n[nH]1,tensor([5.2800])
COc1ccccc1C(=O)Nc1nc(-c2ccccc2)n[nH]1,tensor([6.3000])
Cc1ccc(C(=O)Nc2nc(-c3ccccc3)n[nH]2)cc1,tensor([5.8900])
CC(Oc1cccc(Cl)c1)C(=O)Nc1nc(-c2ccccc2)n[nH]1,tensor([5.9600])
O=C(COCc1ccccc1)Nc1nc(-c2ccccc2)n[nH]1,tensor([5.0900])
CCCC(=O)Nc1nc(-c2ccccc2)n[nH]1,tensor([6.1000])
Cc1ccc(-c2n[nH]c(NC(=O)COc3ccccc3)n2)cc1,tensor([5.1900])
Cn1c(=O)c2c(ncn2C)n(C)c1=O,tensor([4.3500])
Cn1c(=O)c2c(nc3n2CCCN3CCC2=CCCCC2)n(C)c1=O,tensor([5.1600])
Cn1c(=O)c2c(nc3n2CCCN3C2CCC2)n(C)c1=O,tensor([4.9900])
Cn1c(=O)c2c(nc3n2CCCN3CC2CC2)n(C)c1=O,tensor([5.1500])
N#Cc1cnc(N)nc1-c1ccccc1,tensor([6.0500])
C=CCn1c(=O)[nH]c2nc3cc(NC(C)=O)ccc3nc2c1=O,tensor([5.5000])
Nc1nc(-c2ccccc2)nc(-c2ccccc2O)n1,tensor([8.1400])
COc1nc(N)c(C#N)c(-c2ccc3c(c2)OCO3)c1C#N,tensor([6.2900])
NNc1nc(NC(C2CC2)C2CC2)c2ncn(C3C(O)C(O)C4CC43)c2n1,tensor([6.6800])
OC1C(O)C(n2cnc3c(NC(C4CC4)C4CC4)nc(I)nc32)C2CC12,tensor([6.3100])
NCCNC(=O)Cc1ccc(NC(=O)Cc2ccc(Nc3ncnc4c3ncn4C3OC(CO)C(O)C3O)cc2)cc1,tensor([7.9800])
OC1C(O)C(n2cnc3c(NC(C4CCC4)C4CC4)nc(Cl)nc32)C2CC12,tensor([6.9200])
OC1C(O)C(n2cnc3c(NC(CC4CC4)C4CC4)nc(Cl)nc32)C2CC12,tensor([6.7700])
OC1C(O)C(n2cnc3c(NC(c4ccccc4)C4CC4)nc(Cl)nc32)C2CC12,tensor([5.5200])
CC(C)C(Nc1nc(Cl)nc2c1ncn2C1C(O)C(O)C2CC21)C1CC1,tensor([7.1200])
O=C(O)c1cnn(-c2nc(NC(C3CC3)C3CC3)c3ncn(C4C(O)C(O)C5CC54)c3n2)c1,tensor([5.9700])
COC(=O)c1cnn(-c2nc(NC(C3CC3)C3CC3)c3ncn(C4C(O)C(O)C5CC54)c3n2)c1,tensor([6.1400])
CCC(Nc1nc(Cl)nc2c1ncn2C1C(O)C(O)C2CC21)C1CC1,tensor([7.1700])
OC1C(O)C(n2cnc3c(NC(C4CC4)C4CC4)ncnc32)C2CC12,tensor([7.2500])
OC1C(O)C(n2cnc3c(NCC(C4CC4)C4CC4)nc(Cl)nc32)C2CC12,tensor([6.1100])
CCCN1C(=O)N2CCN=C2c2[nH]c(-c3ccc(Br)cc3)nc21,tensor([5.7500])
O=C(Cc1ccccc1)Nc1nc2ccc(Cl)cc2c2nc(-c3ccco3)nn12,tensor([6.6400])
CNc1nc(C#N)nc2c1ncn2C1OC(CO)C(O)C1O,tensor([7.1600])
Cc1ccc(-c2nc(NC(=O)Nc3ccc(F)cc3)c3nnn(Cc4ccccc4F)c3n2)cc1,tensor([6.3700])
OCC1OC(n2cnc3c(NC4CC4c4cccc(C(F)(F)F)c4)ncnc32)C(O)C1O,tensor([6.9800])
CCC1CN2C(=O)N(C)c3nc(-c4ccccc4)[nH]c3C2=N1,tensor([5.7900])
CNC(=O)C1(n2cnc3c(NCc4cccc(I)c4)nc(Cl)nc32)SCC(O)C1O,tensor([6.9600])
OCC1OC(n2cnc3c(NCc4cccc(I)c4)nc(Cl)nc32)C(O)C1F,tensor([5.3300])
OCC1OC(n2cnc3c(NCC4c5ccccc5-c5ccccc54)ncnc32)C(O)C1O,tensor([7.8500])
Cn1cc2c(nc(NC3CCCC3)n3nc(-c4ccco4)nc23)n1,tensor([7.1000])
Cn1cc2c(nc(N3CCCCC3)n3nc(-c4ccco4)nc23)n1,tensor([5.6700])
CCN(CC)c1nc2nn(C)cc2c2nc(-c3ccco3)nn12,tensor([5.8400])
Cn1cc2c(nc(NC3CCCCCC3)n3nc(-c4ccco4)nc23)n1,tensor([6.6500])
Cc1ccc(CNc2nc3nn(C)cc3c3nc(-c4ccco4)nn23)cc1,tensor([6.2700])
Cn1cc2c(nc(NCc3ccc(F)cc3)n3nc(-c4ccco4)nc23)n1,tensor([6.0800])
CC(Nc1nc2nn(C)cc2c2nc(-c3ccco3)nn12)c1ccccc1,tensor([6.4700])
CN(C)c1nc2nn(C)cc2c2nc(-c3ccco3)nn12,tensor([5.3200])
CN(c1nc2nn(C)cc2c2nc(-c3ccco3)nn12)C1CCCCC1,tensor([5.9900])
CONc1nc2nn(C)cc2c2nc(-c3ccco3)nn12,tensor([5.5600])
CCCCCCC(C)Nc1nc2nn(C)cc2c2nc(-c3ccco3)nn12,tensor([6.5800])
Cn1cc2c(nc(NC(c3ccccc3)c3ccccc3)n3nc(-c4ccco4)nc23)n1,tensor([6.7700])
CCCCN(C)c1nc2nn(C)cc2c2nc(-c3ccco3)nn12,tensor([5.9700])
CN(Cc1ccccc1)c1nc2nn(C)cc2c2nc(-c3ccco3)nn12,tensor([6.2500])
Cn1cc2c(nc(N3CCCC3)n3nc(-c4ccco4)nc23)n1,tensor([6.4800])
Cn1cc2c(nc(NC3CCC3)n3nc(-c4ccco4)nc23)n1,tensor([6.7700])
CC(C)Nc1nc2nn(C)cc2c2nc(-c3ccco3)nn12,tensor([6.4800])
Cn1cc2c(nc(NCc3ccc(Cl)cc3)n3nc(-c4ccco4)nc23)n1,tensor([6.4900])
COc1ccc(CCNc2nc3nn(C)cc3c3nc(-c4ccco4)nn23)cc1OC,tensor([5.8000])
Cn1cc2c(nc(NCc3ccc(-c4ccccc4)cc3)n3nc(-c4ccco4)nc23)n1,tensor([4.7600])
CCCCCC(C)Nc1nc2nn(C)cc2c2nc(-c3ccco3)nn12,tensor([6.6100])
Cn1cc2c(nc(NCC3CCCCC3)n3nc(-c4ccco4)nc23)n1,tensor([6.1000])
Cn1cc2c(nc(NC(CO)CO)n3nc(-c4ccco4)nc23)n1,tensor([6.1900])
Cn1cc2c(nc(NC3CCCCC3)n3nc(-c4ccco4)nc23)n1,tensor([6.7800])
CN1CCN(c2nc3nn(C)cc3c3nc(-c4ccco4)nn23)CC1,tensor([4.8200])
CC(O)CNc1nc2nn(C)cc2c2nc(-c3ccco3)nn12,tensor([6.4300])
CCN(CCO)c1nc2nn(C)cc2c2nc(-c3ccco3)nn12,tensor([4.8200])
COc1ccc(CNc2nc3nn(C)cc3c3nc(-c4ccco4)nn23)cc1,tensor([6.3600])
Cn1cc2c(nc(NCCCCO)n3nc(-c4ccco4)nc23)n1,tensor([5.9800])
COc1ccc(CNc2nc3nn(C)cc3c3nc(-c4ccco4)nn23)cc1OC,tensor([5.5700])
Cn1cc2c(nc(NC3CCCCCCC3)n3nc(-c4ccco4)nc23)n1,tensor([6.3200])
CCC(C)Nc1nc2nn(C)cc2c2nc(-c3ccco3)nn12,tensor([6.8900])
Cn1cc2c(nc(N3CCOCC3)n3nc(-c4ccco4)nc23)n1,tensor([5.6200])
Cn1cc2c(nc(NCCCO)n3nc(-c4ccco4)nc23)n1,tensor([6.6700])
Cn1cc2c(nc(NCCc3ccccc3)n3nc(-c4ccco4)nc23)n1,tensor([6.1300])
COCCNc1nc2nn(C)cc2c2nc(-c3ccco3)nn12,tensor([5.6200])
CC(CCc1ccccc1)Nc1nc2nn(C)cc2c2nc(-c3ccco3)nn12,tensor([6.8800])
Cn1cc2c(nc(Cl)n3nc(-c4ccco4)nc23)n1,tensor([5.1800])
Cn1cc2c(nc(NC(C)(C)C(C)(C)C)n3nc(-c4ccco4)nc23)n1,tensor([6.0100])
Cn1cc2c(nc(NCCc3c[nH]c4ccccc34)n3nc(-c4ccco4)nc23)n1,tensor([5.9000])
CCC(CO)Nc1nc2nn(C)cc2c2nc(-c3ccco3)nn12,tensor([6.6600])
Cn1cc2c(nc(NCCCCCO)n3nc(-c4ccco4)nc23)n1,tensor([6.2800])
CCNc1nc2nn(C)cc2c2nc(-c3ccco3)nn12,tensor([6.2200])
CCCCC(CC)CNc1nc2nn(C)cc2c2nc(-c3ccco3)nn12,tensor([6.2200])
Cn1cc2c(nc(NCc3ccc(C(F)(F)F)cc3)n3nc(-c4ccco4)nc23)n1,tensor([5.9100])
CNc1nc2nn(C)cc2c2nc(-c3ccco3)nn12,tensor([5.7100])
Cn1cc2c(nc(NCCCCCCO)n3nc(-c4ccco4)nc23)n1,tensor([6.3200])
Cn1cc2c(nc(NCCOc3ccccc3)n3nc(-c4ccco4)nc23)n1,tensor([6.1900])
CCCCCNc1nc2nn(C)cc2c2nc(-c3ccco3)nn12,tensor([6.3200])
Cn1cc2c(nc(N(Cc3ccccc3)Cc3ccccc3)n3nc(-c4ccco4)nc23)n1,tensor([6.1500])
Cn1cc2c(nc(NC34CC5CC(CC(C5)C3)C4)n3nc(-c4ccco4)nc23)n1,tensor([5.4800])
Cn1cc2c(nc(NCc3ccccc3)n3nc(-c4ccco4)nc23)n1,tensor([6.2800])
Cn1cc2c(nc(NC3C4CC5CC(C4)CC3C5)n3nc(-c4ccco4)nc23)n1,tensor([6.1200])
CCCCCN(CCCCC)c1nc2nn(C)cc2c2nc(-c3ccco3)nn12,tensor([5.4800])
CCOc1nc2nn(C)cc2c2nc(-c3ccco3)nn12,tensor([5.1100])
Cn1cc2c(nc(NC3CC3)n3nc(-c4ccco4)nc23)n1,tensor([6.6800])
Cn1cc2c(nc(NCCO)n3nc(-c4ccco4)nc23)n1,tensor([6.1900])
COc1cccc(-c2cc(NC(C)=O)nc(-c3cccc(OC)c3)n2)c1,tensor([7.6500])
Nc1nc2ccccc2c2cc(-c3ccco3)nn12,tensor([7.4600])
COc1ccc(C=NNc2nc(N)c3ncn(C4OC(CO)C(O)C4O)c3n2)cc1,tensor([6.1400])
Nc1nc(NN=CC2CCCCC2)nc2c1ncn2C1OC(CO)C(O)C1O,tensor([6.7700])
Cc1nc(N)c2nn(-c3ccccc3)cc2n1,tensor([7.1600])
Nc1nc(-c2ccccc2)nc2cn(-c3ccccc3)nc12,tensor([7.1200])
Cc1nc(NC(=O)Cc2ccccc2)c2nn(-c3ccccc3)cc2n1,tensor([6.2900])
Nc1nc(Cc2ccccc2)nc2cn(-c3ccccc3)nc12,tensor([6.8200])
CCOc1cccc2cc(C(=O)NCc3ccccn3)c(=N)oc12,tensor([6.4000])
O=C(CCCc1ccccc1)Nc1nc2cc(Cl)ccc2c(=O)s1,tensor([6.1100])
O=C(CCCc1ccccc1)Nc1nc2sccc2c(=O)s1,tensor([6.4400])
O=C(Nc1nc2ccccc2c(=O)s1)c1ccc(C(=O)N2CCN(Cc3ccc(Cl)cc3)CC2)cc1,tensor([5.3600])
COc1cccc(CCCC(=O)Nc2nc3ccccc3c(=O)s2)c1,tensor([6.6700])
O=C(CC=Cc1ccccc1)Nc1nc2ccccc2c(=O)s1,tensor([6.0800])
COc1cccc(C=CCC(=O)Nc2nc3ccccc3c(=O)s2)c1,tensor([6.3000])
O=C(CC=Cc1cccc(Cl)c1)Nc1nc2ccccc2c(=O)s1,tensor([6.2500])
Cc1ccc2nc(NC(=O)CCCc3ccccc3)sc(=O)c2c1,tensor([6.])
COc1cccc(CCC(=O)Nc2nc3ccccc3c(=O)s2)c1,tensor([5.8600])
COCCOc1ccc(N2CCN(CCn3ncc4c3nc(N)n3nc(-c5ccco5)nc43)CC2)cc1,tensor([6.5300])
O=C(CCc1ccccc1)Nc1nc2ccccc2c(=O)s1,tensor([5.9800])
O=C(Nc1nc(-c2ccccc2)c(-c2ccccn2)s1)c1ccco1,tensor([6.5600])
O=C(Nc1nc(-c2ccccc2)c(C(=O)c2cccnc2)s1)c1ccco1,tensor([6.7500])
Cc1sc2nc(-c3sc(NC(=O)c4ccco4)nc3-c3ccccc3)nc(N)c2c1C,tensor([4.9200])
Cc1sc2nc(-c3sc(NC(=O)c4ccccc4)nc3-c3ccccc3)nc(N)c2c1C,tensor([5.1400])
O=C(Nc1nc(-c2ccccc2)c(-c2ccncc2)s1)c1ccco1,tensor([9.2400])
Cc1ccc(C(=O)Nc2nc(-c3ccccc3)c(-c3nc(N)nc(N(C)C)n3)s2)cc1,tensor([5.4400])
COc1ccc(C(=O)Nc2nc(-c3ccccc3)c(C(=O)c3nc(N)nc(N(C)C)n3)s2)cc1,tensor([4.9800])
CN(C)c1nc(N)nc(-c2sc(NC(=O)c3ccccc3)nc2-c2ccccc2)n1,tensor([6.1000])
O=C(Nc1nc(-c2ccccc2)c(C(=O)c2ccccn2)s1)c1ccco1,tensor([6.3900])
CN(C)c1nc(N)nc(-c2sc(NC(=O)c3ccco3)nc2-c2ccccc2)n1,tensor([6.2700])
COc1ccc(C(=O)Nc2nc(-c3ccccc3)c(C(=O)c3ccccn3)s2)cc1,tensor([6.1600])
CNC(=O)C12CC1C(n1cnc3c(NCc4cccc(Cl)c4)nc(C#Cc4ccc(S(=O)(=O)O)cc4)nc31)C(O)C2O,tensor([6.4200])
N=c1ccc2c(-c3ccc(C(=O)NCCCCCCn4cc(CCCC(=O)Nc5nc6ccc(Cl)cc6c6nc(-c7ccco7)nn56)nn4)cc3C(=O)O)c3ccc(N)c(S(=O)(=O)O)c3oc-2c1S(=O)(=O)O,tensor([7.0600])
Cn1cc2c(nc(NNC(=S)Nc3ccc(C4c5ccc(O)cc5OC5=CC(=O)C=CC54)c(C(=O)O)c3)n3nc(-c4ccco4)nc23)n1,tensor([5.0200])
O=C(C(=O)c1cn(Cc2ccccc2)c2ccccc12)c1ccccc1,tensor([6.7900])
O=C(C(=O)c1cn(Cc2ccccc2)c2ccccc12)c1ccco1,tensor([6.4600])
O=C1CC(c2ccccc2)Cc2[nH]c(=O)c(S(=O)(=O)c3ccccc3)cc21,tensor([5.1100])
OC1C(CF)OC(n2cnc3c(NC4CCOCC4)ncnc32)C1O,tensor([7.6000])
OCC1OC(n2cnc3c(NC4CCCC4O)ncnc32)C(O)C1O,tensor([7.8000])
COCC1OC(n2cnc3c(Nc4ccc(O)c(F)c4)ncnc32)C(O)C1O,tensor([6.6000])
Cc1ccc(NC(=O)Nc2ncnc3c2nc(-c2ccco2)n3C)cc1,tensor([6.1200])
Nc1ncnc2c1nc(-c1ccco1)n2CCO,tensor([7.1600])
CCCn1c(-c2ccco2)nc2c(N)ncnc21,tensor([7.7200])
Cn1c(-c2ccco2)nc2c(NC(=O)Cc3ccccc3)ncnc21,tensor([6.2300])
Cc1ccc(COc2ccc(CC(=O)Nc3ncnc4c3nc(-c3ccco3)n4C)cc2)cc1,tensor([6.0400])
Nc1ncnc2c1nc(-c1ccco1)n2CCCO,tensor([7.2200])
Cn1c(-c2ccco2)nc2c(N)ncnc21,tensor([7.2100])
Cn1c(-c2ccco2)nc2c(NC(=O)c3ccc(-c4ccccc4)cc3)ncnc21,tensor([6.1900])
CCn1c(-c2ccco2)nc2c(N)ncnc21,tensor([7.6200])
Cn1c(-c2ccco2)nc2c(NC(=O)Nc3ccccc3)ncnc21,tensor([6.3000])
Cn1c(-c2ccco2)nc2c(NC(=O)C(c3ccccc3)c3ccccc3)ncnc21,tensor([5.5200])
Cn1c(-c2ccco2)nc2c(NC(=O)Cc3ccc(OCc4ccccc4)cc3)ncnc21,tensor([6.3600])
CCn1c(=O)c2c(nc3n2CCCN3C2CCCCC2)n(CC)c1=O,tensor([5.9800])
C#CCn1c(=O)c2c(nc3n2CCCN3CCc2ccc(O)cc2)n(C)c1=O,tensor([5.0800])
C#CCn1c(=O)c2c(nc3n2CCCN3Cc2ccc(OC)cc2)n(C)c1=O,tensor([4.9900])
Cn1c(=O)c2c(nc3n2CCCN3c2ccc(Cl)cc2)n(C)c1=O,tensor([5.])
C#CCn1c(=O)c2c(nc3n2CCCN3c2cc(OC)cc(OC)c2)n(C)c1=O,tensor([5.0100])
C#CCn1c(=O)c2c(nc3n2CCCN3CCc2cccs2)n(C)c1=O,tensor([5.8500])
Cn1c(=O)c2c(nc3n2CCCN3Cc2cc(Cl)cc(Cl)c2)n(C)c1=O,tensor([5.7700])
C#CCn1c(=O)c2c(nc3n2CCCN3C2CCC2)n(C)c1=O,tensor([6.0600])
CCn1c(=O)c2c(nc3n2CCCN3CCc2ccccc2OC)n(CC)c1=O,tensor([5.4100])
C#CCn1c(=O)c2c(nc3n2CCCN3c2cccc(OC)c2)n(C)c1=O,tensor([5.0200])
C#CCn1c(=O)c2c(nc3n2CCCN3CCc2ccccc2)n(C)c1=O,tensor([4.9400])
C#CCn1c(=O)c2c(nc3n2CCCN3Cc2cccs2)n(C)c1=O,tensor([6.3900])
C#CCn1c(=O)c2c(nc3n2CCCN3Cc2cccc(OC)c2)n(C)c1=O,tensor([5.8800])
C#CCn1c(=O)c2c(nc3n2CCCN3C2CCCCC2)n(C)c1=O,tensor([5.6300])
C#CCn1c(=O)c2c(nc3n2CCCN3CC2CCCCC2)n(C)c1=O,tensor([5.7300])
C#CCn1c(=O)c2c(nc3n2CCCN3CCc2ccc(OC)cc2)n(C)c1=O,tensor([5.3600])
C#CCn1c(=O)c2c(nc3n2CCCN3CC2CCCO2)n(C)c1=O,tensor([5.9400])
C#CCn1c(=O)c2c(nc3n2CCCN3Cc2ccccc2)n(C)c1=O,tensor([6.6000])
CCn1c(=O)c2c(nc3n2CCCN3c2ccc(F)cc2)n(CC)c1=O,tensor([5.1800])
C#CCn1c(=O)c2c(nc3n2CCCN3Cc2ccccc2OC)n(C)c1=O,tensor([6.2200])
C#CCn1c(=O)c2c(nc(C=Cc3cccc(OC)c3)n2C)n(CCCO)c1=O,tensor([5.6000])
Cn1c(=O)c2c(nc3n2CCCN3c2ccc(F)cc2)n(C)c1=O,tensor([4.7800])
CC(C)n1cc2c(Cl)nc(N)nc2n1,tensor([5.0500])
Cn1cc2c(Cl)nc(N)nc2n1,tensor([4.5300])
Nc1nc(Cl)c2cn(CCc3ccccc3)nc2n1,tensor([5.3700])
CC(C)(C)Cn1cc2c(Cl)nc(NC(=O)Cc3ccccc3)nc2n1,tensor([4.5000])
O=C(Nc1nc(Cl)c2cn(CCc3ccccc3)nc2n1)c1ccccc1,tensor([5.4200])
CC(C)n1cc2c(Cl)nc(NC(=O)c3ccccc3)nc2n1,tensor([4.7100])
Cc1ccc(C(=O)Nc2nc(Cl)c3cn(CCc4ccccc4)nc3n2)cc1,tensor([4.9700])
Cc1ccc(C(=O)Nc2nc(Cl)c3cn(CC(C)(C)C)nc3n2)cc1,tensor([4.9600])
CC(C)n1cc2c(Cl)nc(N(C(=O)c3ccccc3)C(=O)c3ccccc3)nc2n1,tensor([5.1000])
CC(C)n1cc2c(Cl)nc(NC(=O)Cc3ccccc3)nc2n1,tensor([5.7200])
CC(C)(C)Cn1cc2c(Cl)nc(NC(=O)c3ccccc3)nc2n1,tensor([4.9600])
CC(C)(C)Cn1cc2c(Cl)nc(N)nc2n1,tensor([4.9200])
CC(C)n1cc2c(Cl)nc(NC(=O)c3ccc(F)cc3)nc2n1,tensor([5.4700])
O=C(Cc1ccccc1)Nc1nc(Cl)c2cn(CCc3ccccc3)nc2n1,tensor([5.1900])
Cn1cc2c(Cl)nc(NC(=O)Cc3ccccc3)nc2n1,tensor([4.7900])
CC(C)n1cc2c(Cl)nc(NC(=O)c3ccc(C(F)(F)F)cc3)nc2n1,tensor([4.8600])
CC(C)(C)Cn1cc2c(Cl)nc(NC(=O)c3ccc(F)cc3)nc2n1,tensor([4.7800])
Cc1ccc(C(=O)Nc2nc(Cl)c3cn(C(C)C)nc3n2)cc1,tensor([5.3900])
Cn1c(=O)c2[nH]c(-c3ccc(OCCC4CCNCC4)cc3)nc2n(C)c1=O,tensor([8.8800])
Cn1c(=O)c2[nH]c(-c3ccc(OCCCN4CCN(Cc5ccccc5Cl)CC4)cc3)nc2n(C)c1=O,tensor([8.7300])
Cn1c(=O)c2[nH]c(-c3ccc(OCCCn4ccnc4)cc3)nc2n(C)c1=O,tensor([9.0500])
CCN(CC)CCOc1ccc(-c2nc3c([nH]2)c(=O)n(C)c(=O)n3C)cc1,tensor([8.8000])
Cn1c(=O)c2[nH]c(-c3ccc(OCCN4CCCC4)cc3)nc2n(C)c1=O,tensor([8.9200])
Cn1c(=O)c2[nH]c(-c3ccc(OCCN4CCOCC4)cc3)nc2n(C)c1=O,tensor([8.5900])
CN(C)CCOc1ccc(-c2nc3c([nH]2)c(=O)n(C)c(=O)n3C)cc1,tensor([8.7400])
CCCCC#Cc1nc(NC2CC2)c2ncn(C3C(O)C(O)C4CC43)c2n1,tensor([5.6600])
CCCCC#Cc1nc(NC2CCCC2)c2ncn(C3C(O)C(O)C4CC43)c2n1,tensor([5.8000])
CCOc1cc2occ(-c3nc(C)cs3)c(=O)c2cc1CC,tensor([5.3000])
CCNC(=O)C1OC(n2cnc3c(NCCCNC(=O)COc4ccc(C=CC5=[N+]6C(=Cc7ccc(-c8cccs8)n7[B-]6(F)F)C=C5)cc4)ncnc32)C(O)C1O,tensor([6.3800])
CCNC(=O)C1OC(n2cnc3c(NCCNC(=O)COc4ccc(C=CC5=[N+]6C(=Cc7ccc(-c8cccs8)n7[B-]6(F)F)C=C5)cc4)ncnc32)C(O)C1O,tensor([6.4400])
CCNC(=O)C1OC(n2cnc3c(NCCCCNC(=O)COc4ccc(C=CC5=[N+]6C(=Cc7ccc(-c8cccs8)n7[B-]6(F)F)C=C5)cc4)ncnc32)C(O)C1O,tensor([6.5800])
N#Cc1c(N)nc(SCc2csc(-c3ccc(Cl)cc3)n2)nc1-c1ccc(O)cc1,tensor([7.8200])
N#Cc1c(N)nc(SCc2coc(-c3cccc(F)c3)n2)nc1-c1ccc2c(c1)OCO2,tensor([7.8200])
N#Cc1c(N)nc(SCc2csc(-c3ccc(Br)cc3)n2)nc1-c1ccc2c(c1)OCO2,tensor([8.2800])
CN(C)c1ccc(-c2nc(SCc3csc(-c4ccc(Cl)cc4)n3)nc(N)c2C#N)cc1,tensor([6.6300])
N#Cc1c(N)nc(SCc2c[nH]cn2)nc1-c1ccc2c(c1)OCO2,tensor([7.0800])
N#Cc1c(N)nc(SCc2csc(-c3ccc(Cl)cc3)n2)nc1-c1ccccc1,tensor([8.0500])
N#Cc1c(N)nc(SCc2coc(-c3ccc(F)cc3)n2)nc1-c1ccc2c(c1)OCO2,tensor([7.7000])
Cc1ccc(-c2nc(CSc3nc(N)c(C#N)c(-c4ccc5c(c4)OCO5)n3)cs2)cc1,tensor([8.5100])
N#Cc1c(N)nc(SCc2coc(-c3ccc(Cl)cc3)n2)nc1-c1ccc2c(c1)OCO2,tensor([7.8200])
N#Cc1c(N)nc(SCc2csc(-c3ccc(F)cc3)n2)nc1-c1ccc2c(c1)OCO2,tensor([8.1700])
N#Cc1c(N)nc(SCc2csc(C3CCCCC3)n2)nc1-c1ccc2c(c1)OCO2,tensor([8.2000])
N#Cc1c(N)nc(SCc2csc(N3CCOCC3)n2)nc1-c1ccc2c(c1)OCO2,tensor([8.7200])
N#Cc1c(N)nc(SCc2csc(-c3ccc(C(F)(F)F)cc3)n2)nc1-c1ccc2c(c1)OCO2,tensor([7.7500])
COc1ccc(-c2nc(CSc3nc(N)c(C#N)c(-c4ccc5c(c4)OCO5)n3)cs2)cc1,tensor([8.7400])
CC(=O)Nc1ccc(-c2nc(SCc3csc(-c4ccc(Cl)cc4)n3)nc(N)c2C#N)cc1,tensor([7.8500])
N#Cc1c(N)nc(SCc2csc(-c3ccccc3Cl)n2)nc1-c1ccc2c(c1)OCO2,tensor([7.1200])
N#Cc1c(N)nc(SCc2csc(-c3cccc(F)c3)n2)nc1-c1ccc2c(c1)OCO2,tensor([7.8500])
N#Cc1c(N)nc(SCc2csc(-c3ccc(Cl)cc3)n2)nc1-c1ccc2c(c1)OCO2,tensor([7.8500])
N#Cc1c(N)nc(SCc2csc(-c3ccc4c(c3)OCO4)n2)nc1-c1ccc2c(c1)OCO2,tensor([8.6000])
N#Cc1c(N)nc(SCc2csc(-c3ccc([N+](=O)[O-])cc3)n2)nc1-c1ccc2c(c1)OCO2,tensor([7.9600])
N#Cc1c(N)nc(SCc2csc(-c3ccc(I)cc3)n2)nc1-c1ccc2c(c1)OCO2,tensor([8.])
N#Cc1c(N)nc(SCc2csc(-c3ccc(Cl)cc3)n2)nc1-c1ccc(OCCO)cc1,tensor([8.3200])
N#Cc1c(N)nc(SCc2csc(-c3ccc(Cl)cc3)n2)nc1-c1ccc(OC(F)(F)F)cc1,tensor([6.7300])
N#Cc1c(N)nc(SCc2csc(-c3ccccc3F)n2)nc1-c1ccc2c(c1)OCO2,tensor([7.9200])
N#Cc1c(N)nc(SCc2csc(-c3cccc(Cl)c3)n2)nc1-c1ccc2c(c1)OCO2,tensor([7.3800])
N#Cc1c(N)nc(SCc2cscn2)nc1-c1ccc2c(c1)OCO2,tensor([8.0100])
OCC1OC(n2cnc3c(NC4CC4c4ccccc4)nc(C#Cc4ccccc4)nc32)C(O)C1O,tensor([6.9100])
COc1ccc(CNc2ncc(C(=O)O)c3nc(-c4ccco4)nn23)cc1,tensor([5.2400])
C=C(OCC)c1cnc(NC(=O)NC2CCCCC2)n2nc(-c3ccco3)nc12,tensor([4.9000])
CCCCC(CC)CNc1ncc(C(=O)O)c2nc(-c3ccco3)nn12,tensor([5.7500])
CNC(=O)c1cnc(NC(=O)Cc2ccccc2)n2nc(-c3ccco3)nc12,tensor([6.5300])
CCOC(=O)c1cnc(N)n2nc(-c3ccco3)nc12,tensor([6.7300])
CCOC(=O)c1cnc(NC(=O)Nc2ccccc2)n2nc(-c3ccco3)nc12,tensor([6.4900])
CCOC(=O)c1cnc(NCC(C)C)n2nc(-c3ccco3)nc12,tensor([7.3400])
O=C(Cc1ccccc1)Nc1ncc(C(=O)NCCc2ccccc2)c2nc(-c3ccco3)nn12,tensor([6.5000])
CCOC(=O)c1cnc(N(C)C)n2nc(-c3ccco3)nc12,tensor([4.8700])
CNC(=O)c1cnc(NC(=O)Nc2ccccc2)n2nc(-c3ccco3)nc12,tensor([6.9000])
CCOC(=O)c1cnc(NCc2ccc(C)cc2)n2nc(-c3ccco3)nc12,tensor([5.8700])
CCCCCNc1ncc(C(=O)O)c2nc(-c3ccco3)nn12,tensor([4.9800])
CCOC(=O)c1cnc(NCC2CCCCC2)n2nc(-c3ccco3)nc12,tensor([6.3700])
CCOC(=O)c1cnc(NC2CCC2)n2nc(-c3ccco3)nc12,tensor([7.1200])
CCOC(=O)c1cnc(NCc2ccc(F)cc2)n2nc(-c3ccco3)nc12,tensor([6.0300])
CCOC(=O)c1cnc(NC(c2ccccc2)c2ccccc2)n2nc(-c3ccco3)nc12,tensor([6.0300])
CCOC(=O)c1cnc(NCCOC)n2nc(-c3ccco3)nc12,tensor([5.6400])
CCOC(=O)c1cnc(NC(C)C)n2nc(-c3ccco3)nc12,tensor([7.4000])
CCOC(=O)c1cnc(SC)n2nc(-c3ccco3)nc12,tensor([5.2400])
CCOC(=O)c1cnc(NCc2ccc(OC)c(OC)c2)n2nc(-c3ccco3)nc12,tensor([6.5000])
CCOC(=O)c1cnc(NCc2ccc(OC)cc2)n2nc(-c3ccco3)nc12,tensor([5.9000])
CCCCCNc1ncc(C(=O)OCC)c2nc(-c3ccco3)nn12,tensor([6.2100])
CNC(=O)c1cnc(NCc2ccc(OC)c(OC)c2)n2nc(-c3ccco3)nc12,tensor([6.3700])
O=C(O)c1cnc(NCc2ccccc2)n2nc(-c3ccco3)nc12,tensor([5.2900])
CCOC(=O)c1cnc(NCc2ccc(-c3ccccc3)cc2)n2nc(-c3ccco3)nc12,tensor([6.0500])
Cc1ccc(CNc2ncc(C(=O)O)c3nc(-c4ccco4)nn23)cc1,tensor([5.5600])
CCNc1ncc(C(=O)OCC)c2nc(-c3ccco3)nn12,tensor([6.7900])
CCOC(=O)c1cnc(NC2CCCCCC2)n2nc(-c3ccco3)nc12,tensor([6.6400])
O=C(O)c1cnc(NCC2CCCCC2)n2nc(-c3ccco3)nc12,tensor([5.5600])
CCOC(=O)c1cnc(NC)n2nc(-c3ccco3)nc12,tensor([6.0100])
CCOC(=O)c1cnc(NOC)n2nc(-c3ccco3)nc12,tensor([5.1900])
CNC(=O)c1cnc(NC(=O)NC2CCCCC2)n2nc(-c3ccco3)nc12,tensor([5.0500])
CCOC(=O)c1cnc(N2CCCC2)n2nc(-c3ccco3)nc12,tensor([4.8100])
CCOC(=O)c1cnc(N2CCCCC2)n2nc(-c3ccco3)nc12,tensor([5.0500])
CCOC(=O)c1cnc(NC2CCCC2)n2nc(-c3ccco3)nc12,tensor([7.4600])
C=C(CCC)C1=CC=C(CC2CCCCCCC2)C2C=C(C3=CC=CC3)C=C12,tensor([6.7500])
CCCCC(CC)CNc1ncc(C(=O)OCC)c2nc(-c3ccco3)nn12,tensor([5.9400])
CCOC(=O)c1cnc(NCc2ccccc2)n2nc(-c3ccco3)nc12,tensor([6.0300])
CCOC(=O)c1cnc(NCc2ccc(Cl)cc2)n2nc(-c3ccco3)nc12,tensor([6.0600])
CCOC(=O)c1cnc(NC2CCCCC2)n2nc(-c3ccco3)nc12,tensor([6.8500])
COc1ccc(CNc2ncc(C(=O)O)c3nc(-c4ccco4)nn23)cc1OC,tensor([6.0200])
CCNc1ncc(C(=O)O)c2nc(-c3ccco3)nn12,tensor([4.9200])
CCOC(=O)c1cnc(NCc2ccc(C(F)(F)F)cc2)n2nc(-c3ccco3)nc12,tensor([5.8000])
O=C(O)c1cnc(NC(c2ccccc2)c2ccccc2)n2nc(-c3ccco3)nc12,tensor([5.6100])
O=C(O)c1cnc(NC2CCCC2)n2nc(-c3ccco3)nc12,tensor([5.4200])
O=C(O)c1cnc(NCc2ccc(-c3ccccc3)cc2)n2nc(-c3ccco3)nc12,tensor([4.5200])
Nc1ncc(C(=O)NCCc2ccccc2)c2nc(-c3ccco3)nn12,tensor([7.2400])
O=C(Nc1ccccc1)Nc1ncc(C(=O)NCCc2ccccc2)c2nc(-c3ccco3)nn12,tensor([6.4400])
COc1ccc(CNc2ncc(C(=O)NCCc3ccccc3)c3nc(-c4ccco4)nn23)cc1OC,tensor([6.4200])
O=C(O)c1cnc(NC2CC2)n2nc(-c3ccco3)nc12,tensor([5.9600])
CC(C)Nc1ncc(C(=O)O)c2nc(-c3ccco3)nn12,tensor([5.3500])
CCOC(=O)c1cnc(NC2CC2)n2nc(-c3ccco3)nc12,tensor([7.2200])
CCC(=O)N1Cc2nc(-c3ccccc3)nn2-c2cc(C)ccc21,tensor([6.8700])
Clc1ccc2ncc3nc(-c4ccccc4)nn3c2c1,tensor([6.8900])
CCOC(=O)N1Cc2nc(-c3ccccc3)nn2-c2cc(C)ccc21,tensor([6.2500])
Cc1ccc2ncc3nc(-c4ccccc4)nn3c2c1,tensor([5.8800])
CCCOC(=O)N1Cc2nc(-c3ccccc3)nn2-c2cc(C)ccc21,tensor([6.2500])
CCC(=O)N1Cc2nc(-c3ccccc3)nn2-c2ccccc21,tensor([5.8700])
COc1ccc(-c2nc3cnc4ccc(C)cc4n3n2)cc1,tensor([5.7000])
CCC(=O)N1Cc2nc(-c3ccc(OC)cc3)nn2-c2cc(C)ccc21,tensor([5.8100])
COC(=O)N1Cc2nc(-c3ccccc3)nn2-c2cc(C)ccc21,tensor([5.8300])
CCOC(=O)N1Cc2nc(-c3ccccc3)nn2-c2ccccc21,tensor([5.3400])
CCOC(=O)N1Cc2nc(-c3ccc(OC)cc3)nn2-c2cc(C)ccc21,tensor([7.0700])
COc1ccccc1Cc1nc(N)c2nn(-c3ccccc3)cc2n1,tensor([6.4300])
COc1cccc(CCCc2nc(N)c3nn(-c4ccccc4)cc3n2)c1,tensor([9.8200])
Nc1nc(CCCc2cccc(O)c2)nc2cn(-c3ccccc3)nc12,tensor([9.6600])
Nc1nc(CCCc2ccccc2)nc2cn(-c3ccccc3)nc12,tensor([8.2800])
Nc1nc(CCc2ccc(O)cc2)nc2cn(-c3ccccc3)nc12,tensor([6.3800])
COc1ccc(CCc2nc(N)c3nn(-c4ccccc4)cc3n2)cc1,tensor([6.4200])
COc1ccccc1CCCc1nc(N)c2nn(-c3ccccc3)cc2n1,tensor([8.8800])
Nc1nc(Cc2ccccc2O)nc2cn(-c3ccccc3)nc12,tensor([7.1900])
Nc1nc(Cc2ccccc2F)nc2cn(-c3ccccc3)nc12,tensor([7.4600])
Nc1ncnc2cn(-c3ccccc3)nc12,tensor([7.1000])
CCc1nc(N)c2nn(-c3ccccc3)cc2n1,tensor([7.0500])
Nc1nc(Cc2ccccc2Cl)nc2cn(-c3ccccc3)nc12,tensor([6.8100])
COc1ccc(CCCc2nc(N)c3nn(-c4ccccc4)cc3n2)cc1,tensor([7.8000])
Nc1nc(CCCc2ccc(O)cc2)nc2cn(-c3ccccc3)nc12,tensor([7.7500])
Nc1nc(C=Cc2ccccc2)nc2cn(-c3ccccc3)nc12,tensor([6.3200])
Nc1nc(Cc2cccc(O)c2)nc2cn(-c3ccccc3)nc12,tensor([6.5100])
COc1cccc(Cc2nc(N)c3nn(-c4ccccc4)cc3n2)c1,tensor([7.0500])
Nc1nc(Cc2ccc3c(c2)OCO3)nc2cn(-c3ccccc3)nc12,tensor([7.1200])
Nc1nc(CCCc2ccccc2O)nc2cn(-c3ccccc3)nc12,tensor([9.2700])
O=c1c2ncn3nc(-c4ccccc4)cc3c2c(C2CCCC2)nn1Cc1ccccc1,tensor([7.4900])
O=c1c2ncn3nc(-c4ccccc4)cc3c2c(C2CCCCC2)nn1Cc1ccccc1,tensor([6.7600])
CCc1nc2c(=O)n(Cc3ccccc3)nc(C3CCCCC3)c2c2cc(-c3ccccc3)nn12,tensor([7.8200])
CCc1nc2c(=O)n(Cc3ccccc3)nc(C3CCCC3)c2c2cc(-c3ccccc3)nn12,tensor([8.4600])
S=c1c2ncn3nc(-c4ccccc4)cc3c2c(C2CCCC2)nn1Cc1ccccc1,tensor([7.8900])
S=c1c2ncn3nc(-c4ccccc4)cc3c2c(C2CCC2)nn1Cc1ccccc1,tensor([8.6200])
Cc1nc2c(=O)n(Cc3ccccc3)nc(C3CCC3)c2c2cc(-c3ccccc3)nn12,tensor([8.4700])
Cc1nc2c(=O)n(Cc3ccccc3)nc(C3CCCCC3)c2c2cc(-c3ccccc3)nn12,tensor([8.0200])
O=c1c2ncn3nc(-c4ccccc4)cc3c2c(-c2cccnc2)nn1Cc1ccccc1,tensor([7.9400])
O=c1c2ncn3nc(-c4ccccc4)cc3c2c(C2CCC2)nn1Cc1ccccc1,tensor([8.7200])
Cc1nc2c(=O)n(Cc3ccccc3)nc(C3CCCC3)c2c2cc(-c3ccccc3)nn12,tensor([8.2100])
CCc1nc2c(=S)n(Cc3ccccc3)nc(C3CCCC3)c2c2cc(-c3ccccc3)nn12,tensor([8.3300])
CCc1nc2c(=O)n(Cc3ccccc3)nc(C3CCC3)c2c2cc(-c3ccccc3)nn12,tensor([8.8500])
CCNC(=O)C1OC(n2cnc3c(N)nc(NCCc4ccc(CCC(=O)Nc5ccc(OC(C)=O)c([N+](=O)[O-])c5)cc4)nc32)C(O)C1O,tensor([6.3000])
CCNC(=O)C1OC(n2cnc3c(N)nc(NCCc4ccc(CCC(=O)Nc5ccc(O)c([N+](=O)[O-])c5)cc4)nc32)C(O)C1O,tensor([5.7200])
CCOC(=O)c1c(NC(=O)c2sc(Nc3ccccc3)nc2-c2ccc(C)cc2)sc2c1CCCC2,tensor([5.1100])
CCOC(=O)c1c(NC(=O)c2sc(Nc3ccccc3)nc2N(C)C)sc2c1CCCC2,tensor([4.3900])
CCOC(=O)c1c(NC(=O)c2sc(Nc3ccc(C)cc3)nc2N(C)C)sc2c1CCCC2,tensor([4.6300])
Cc1ccc(Nc2nc(N(C)C)c(C(=O)Nc3sc4c(c3C(N)=O)CCCC4)s2)cc1,tensor([4.4900])
CCOC(=O)c1c(NC(=O)c2sc(Nc3ccc(C)cc3)nc2N(C)C)sc(C(=O)OC)c1C,tensor([4.7200])
CCOC(=O)c1c(NC(=O)c2sc(Nc3ccc(OC)cc3)nc2N(C)C)sc(C(=O)OC)c1C,tensor([4.8500])
Cc1ccc(-c2nc(Nc3ccccc3)sc2C(=O)Nc2sc3c(c2C(N)=O)CCCC3)cc1,tensor([5.6200])
CCOC(=O)c1nc(N)nc2nn(C)cc12,tensor([5.0600])
CCOC(=O)c1nc(N(C(=O)c2ccccc2)C(=O)c2ccccc2)nc2nn(C(C)C)cc12,tensor([4.7500])
CCOC(=O)c1nc(NC(=O)c2ccccc2)nc2nn(C(C)C)cc12,tensor([5.3700])
CCOC(=O)c1nc(NC(=O)c2ccc(F)cc2)nc2nn(CCc3ccccc3)cc12,tensor([5.3000])
CCOC(=O)c1nc(NC(=O)c2ccc(F)cc2)nc2nn(C(C)C)cc12,tensor([5.5500])
CCOC(=O)c1nc(NC(=O)Cc2ccccc2)nc2nn(CC(C)(C)C)cc12,tensor([5.5700])
Cn1cc2c(C(N)=O)nc(N)nc2n1,tensor([4.9900])
CCOC(=O)c1nc(NC(=O)c2ccc(F)cc2)nc2nn(CC(C)(C)C)cc12,tensor([5.5700])
CCOC(=O)c1nc(N)nc2nn(CCc3ccccc3)cc12,tensor([5.4600])
CCOC(=O)c1nc(NC(=O)c2ccc(Br)cc2)nc2nn(CCc3ccccc3)cc12,tensor([5.5800])
CCOC(=O)c1nc(NC(=O)c2ccccc2)nc2nn(C)cc12,tensor([4.8500])
CCOC(=O)c1nc(NC(=O)Cc2ccccc2)nc2nn(C)cc12,tensor([5.2300])
CCOC(=O)c1nc(NC(=O)c2ccc(C(F)(F)F)cc2)nc2nn(CCc3ccccc3)cc12,tensor([5.6000])
CCOC(=O)c1nc(NC(=O)Cc2ccccc2)nc2nn(C(C)C)cc12,tensor([6.2200])
CCOC(=O)c1nc(NC(=O)c2ccccc2)nc2nn(CCc3ccccc3)cc12,tensor([5.2900])
CCOC(=O)c1nc(NC(=O)Cc2ccccc2)nc2nn(CCc3ccccc3)cc12,tensor([6.2200])
CC(C)n1cc2c(C(N)=O)nc(N)nc2n1,tensor([5.0900])
CCOC(=O)c1nc(NC(=O)c2ccc(C)cc2)nc2nn(C(C)C)cc12,tensor([6.1600])
NC(=O)c1nc(N)nc2nn(CCc3ccccc3)cc12,tensor([4.4000])
CCOC(=O)c1nc(N)nc2nn(CC(C)(C)C)cc12,tensor([5.4000])
CCNC(=O)C1OC(n2cnc3c(N)nc(N4CCN(c5ccc(OCC(=O)OCC)cc5)CC4)nc32)C(O)C1O,tensor([7.1200])
CCNC(=O)C1OC(n2cnc3c(N)nc(N4CCN(c5ccc(OCCOC)cc5)CC4)nc32)C(O)C1O,tensor([6.8300])
CCNC(=O)C1OC(n2cnc3c(N)nc(N4CCN(c5ccc(OCc6ccc(C(F)(F)F)cc6)cc5)CC4)nc32)C(O)C1O,tensor([8.3500])
CCNC(=O)C1OC(n2cnc3c(N)nc(N4CCN(c5ccc(OCc6ccccc6)cc5)CC4)nc32)C(O)C1O,tensor([6.6100])
CCNC(=O)C1OC(n2cnc3c(N)nc(N4CCN(c5ccc(OCc6ccc(F)cc6)cc5)CC4)nc32)C(O)C1O,tensor([7.3500])
CCNC(=O)C1OC(n2cnc3c(N)nc(N4CCN(c5ccc(OCc6ccc(Cl)cc6)cc5)CC4)nc32)C(O)C1O,tensor([8.0900])
CCNC(=O)C1OC(n2cnc3c(N)nc(N4CCN(c5ccc(OCCCc6ccccc6)cc5)CC4)nc32)C(O)C1O,tensor([8.4400])
CCn1nnc(C2OC(n3cnc4c(NC)ncnc43)C(O)C2O)n1,tensor([8.4500])
CCn1nnc(C2OC(n3cnc4c(NC)nc(Cl)nc43)C(O)C2O)n1,tensor([8.0700])
CCn1nnc(C2OC(n3cnc4c(NC5CC6CCC5C6)nc(Cl)nc43)C(O)C2O)n1,tensor([9.1400])
CCn1nnc(C2OC(n3cnc4c(NC5CC5)ncnc43)C(O)C2O)n1,tensor([9.1700])
CCn1nnc(C2OC(n3cnc4c(Nc5ccc(Cl)cc5F)ncnc43)C(O)C2O)n1,tensor([9.3700])
CCn1nnc(C2OC(n3cnc4c(N)nc(Cl)nc43)C(O)C2O)n1,tensor([9.0200])
CCn1nnc(C2OC(n3cnc4c(NC5CC6CCC5C6)ncnc43)C(O)C2O)n1,tensor([9.3400])
CCn1nnc(C2OC(n3cnc4c(NC5CCCO5)ncnc43)C(O)C2O)n1,tensor([8.9100])
CCn1nnc(C2OC(n3cnc4c(NCc5ccccc5I)nc(Cl)nc43)C(O)C2O)n1,tensor([8.6200])
CCn1nnc(C2OC(n3cnc4c(Nc5ccc(Cl)cc5F)nc(Cl)nc43)C(O)C2O)n1,tensor([8.7800])
CCn1nnc(C2OC(n3cnc4c(NC5CC5)nc(Cl)nc43)C(O)C2O)n1,tensor([9.5100])
CCn1nnc(C2OC(n3cnc4c(NC5CCCO5)nc(Cl)nc43)C(O)C2O)n1,tensor([8.9700])
COc1ccc(-c2c(C#N)c(N)nc(SCc3csc(-c4ccc(C)cc4)n3)c2C#N)cc1,tensor([7.7200])
N#Cc1c(N)nc(SCc2csc(-c3ccc(Cl)cc3)n2)c(C#N)c1-c1ccc2c(c1)OCO2,tensor([8.3400])
N#Cc1c(N)nc(SCc2csc(-c3ccc(Cl)cc3)n2)c(C#N)c1-c1ccc(OCCO)cc1,tensor([8.8500])
COc1ccc(-c2c(C#N)c(N)nc(SCc3nc(-c4ccc(Cl)cc4)sc3Cl)c2C#N)cc1,tensor([7.0600])
COc1ccc(-c2c(C#N)c(N)nc(SCc3cscn3)c2C#N)cc1,tensor([8.8900])
COc1ccc(-c2c(C#N)c(N)nc(SCc3csc(N4CCOCC4)n3)c2C#N)cc1,tensor([8.4900])
N#Cc1c(N)nc(SCc2csc(-c3ccc(Cl)cc3)n2)c(C#N)c1-c1ccc(O)cc1,tensor([8.8200])
COc1ccc(-c2c(C#N)c(N)nc(SCc3csc(-c4ccccn4)n3)c2C#N)cc1,tensor([8.0200])
COc1ccc(-c2c(C#N)c(N)nc(SCc3nc(-c4ccc(Cl)cc4)sc3Br)c2C#N)cc1,tensor([6.7900])
COc1ccc(-c2c(C#N)c(N)nc(SCc3csc(-c4cccc(Cl)c4)n3)c2C#N)cc1,tensor([7.9200])
COc1ccc(-c2nc(CSc3nc(N)c(C#N)c(-c4ccc(OC)cc4)c3C#N)cs2)cc1,tensor([8.0300])
COc1ccc(-c2c(C#N)c(N)nc(SCc3csc(-c4ccc(Cl)cn4)n3)c2C#N)cc1,tensor([7.6200])
COc1ccc(-c2c(C#N)c(N)nc(SCc3csc(-c4ccccc4Cl)n3)c2C#N)cc1,tensor([7.9600])
COc1ccc(-c2c(C#N)c(N)nc(SCc3csc(-c4ccc(Cl)c(Cl)c4)n3)c2C#N)cc1,tensor([7.9600])
COc1ccc(-c2c(C#N)c(N)nc(SCc3csc(-c4ccc(F)cc4)n3)c2C#N)cc1,tensor([8.6400])
COc1ccc(-c2c(C#N)c(N)nc(SCc3csc(-c4ccc(I)cc4)n3)c2C#N)cc1,tensor([8.4100])
COc1ccc(-c2c(C#N)c(N)nc(SCc3csc(-c4ccc(Br)cc4)n3)c2C#N)cc1,tensor([8.4200])
COc1ccc(-c2c(C#N)c(N)nc(SCc3csc(-c4ccccc4)n3)c2C#N)cc1,tensor([8.0800])
COc1ccc(-c2c(C#N)c(N)nc(SCc3csc(-c4ccc(Br)cn4)n3)c2C#N)cc1,tensor([7.2800])
COc1ccc(-c2c(C#N)c(N)nc(SCc3csc(-c4ccc(Cl)cc4)n3)c2C#N)cc1,tensor([8.3000])
CCCNc1cc(C#Cc2ccc(Cl)s2)nc2c1ncn2C1C(O)C(O)C2(C(=O)NC)CC12,tensor([5.6100])
CNC(=O)C12CC1C(n1cnc3c(NCC4CC4)nc(-n4cc(-c5ccc(Cl)s5)nn4)nc31)C(O)C2O,tensor([5.8700])
CNC(=O)C12CC1C(n1cnc3c(NCC4CCC4)nc(-n4cc(-c5ccc(Cl)s5)nn4)nc31)C(O)C2O,tensor([6.1500])
O=[N+]([O-])OCC1OC(n2cnc3c(NC4CCCC4)ncnc32)C(O)C1O,tensor([9.0100])
Nc1ncnc2c1ncn2C1OC(CO[N+](=O)[O-])C(O)C1O,tensor([8.2400])
Nc1nc(Cl)nc2c1ncn2C1OC(CO[N+](=O)[O-])C(O)C1O,tensor([8.1500])
O=[N+]([O-])OCC1OC(n2cnc3c(NC4CCCC4)nc(Cl)nc32)C(O)C1O,tensor([8.5800])
O=[N+]([O-])OCC1OC(n2cnc3c(NC4CCOC4)ncnc32)C(O)C1O,tensor([7.9700])
O=S(=O)(O)CC1OC(n2cnc3c(NC4CCCC4)ncnc32)C(O)C1O,tensor([8.3900])
CCn1nnc(C2OC(n3cnc4c(N)nc(NC(C)Cc5ccccc5)nc43)C(O)C2O)n1,tensor([6.1900])
CCn1nnc(C2OC(n3cnc4c(N)nc(NC(C)Cc5ccc(Cl)cc5)nc43)C(O)C2O)n1,tensor([6.0400])
CCn1nnc(C2OC(n3cnc4c(N)nc(NC(C)Cc5ccc(Br)cc5)nc43)C(O)C2O)n1,tensor([5.9200])
CCn1nnc(C2OC(n3cnc4c(N)nc(N(C)C)nc43)C(O)C2O)n1,tensor([5.7500])
CCCn1cnc2c(NCc3ccccc3)ncnc21,tensor([4.3700])
CCCn1cnc2c(N)nc(NCCc3ccccc3)nc21,tensor([5.6300])
CCCn1c(-c2ccco2)nc2c(N)nc(NCc3ccccc3)nc21,tensor([6.8600])
CCCn1c(-c2ccco2)nc2c(NCCc3ccccc3)ncnc21,tensor([5.6100])
CCCn1c(Br)nc2c(NCCCc3ccccc3)ncnc21,tensor([5.5700])
CCCn1c(Br)nc2c(NCc3ccccc3)ncnc21,tensor([5.2500])
CCCn1cnc2c(N)nc(NCc3ccccc3)nc21,tensor([5.1200])
CCCn1c(Br)nc2c(N)nc(NCCCc3ccccc3)nc21,tensor([6.2300])
CCCn1c(Br)nc2c(N)nc(NCCc3ccccc3)nc21,tensor([6.4300])
CCCn1c(-c2ccco2)nc2c(NCCCc3ccccc3)ncnc21,tensor([6.4200])
CCCn1c(Br)nc2c(NCCc3ccccc3)ncnc21,tensor([5.7100])
CCCn1cnc2c(N)nc(NCCCc3ccccc3)nc21,tensor([5.4400])
CCCn1c(-c2ccco2)nc2c(NCc3ccccc3)ncnc21,tensor([6.2600])
CCCn1cnc2c(NCCCc3ccccc3)ncnc21,tensor([4.7300])
CCCn1c(-c2ccco2)nc2c(N)nc(NCCc3ccccc3)nc21,tensor([7.1000])
CCCn1c(-c2ccco2)nc2c(N)nc(NCCCc3ccccc3)nc21,tensor([6.6400])
CCCn1c(Br)nc2c(N)nc(NCc3ccccc3)nc21,tensor([6.4500])
CCCn1cnc2c(NCCc3ccccc3)ncnc21,tensor([4.7200])
CCNc1nc(N=[N+]=[N-])nc2c1ncn2C1C(O)C(O)C2(C(=O)NC)CC12,tensor([6.1500])
CCNc1nc(I)nc2c1ncn2C1C(O)C(O)C2(C(=O)NC)CC12,tensor([5.7200])
O=C(Nc1nc2c(s1)CCC2)c1cc2ccccc2s1,tensor([5.5500])
CCc1cc2c(=O)[nH]c(-c3ccoc3)nc2s1,tensor([4.2500])
O=C(Nc1ccc2[nH]ncc2c1)c1ccc[nH]1,tensor([5.5000])
CC(C)(C)C(=O)Nc1nc(C2CC2)cs1,tensor([4.9100])
CCc1cc2c(O)nc(-c3ccncc3)nc2s1,tensor([4.6400])
Cc1sc2nc(-c3ccoc3)[nH]c(=O)c2c1C,tensor([5.7100])
O=C(Nc1nc(C2CC2)cs1)c1ccoc1,tensor([5.5300])
CSc1sc(NC(=O)C=C(C)C)nc1C,tensor([4.5300])
O=C(Nc1nc(C2CC2)cs1)c1cc2ccccc2s1,tensor([5.4300])
O=C(Nc1nc2ccccc2s1)c1cc2ccccc2s1,tensor([5.2100])
COc1cccc2sc(NC(=O)c3cc4ccccc4s3)nc12,tensor([5.5100])
CCc1cc2c(O)ncnc2s1,tensor([4.1200])
O=c1[nH]c(-c2ccco2)nc2scc(-c3ccco3)c12,tensor([6.4600])
CCc1cc2c(=O)[nH]c(C3CC3)nc2s1,tensor([4.2100])
O=C(Nc1nc(-c2cccs2)nc2cn(-c3ccccc3)nc12)c1cccnc1,tensor([6.1200])
O=C(Nc1nc(-c2cccs2)nc2cn(-c3ccccc3)nc12)c1cccs1,tensor([6.3300])
Nc1nc(-c2ccccc2)nc2cn(Cc3ccccc3)nc12,tensor([6.6000])
Cc1nc(N)c2nn(-c3ccccc3)nc2n1,tensor([6.6700])
O=C(Nc1nc(-c2cccs2)nc2cn(-c3ccccc3)nc12)c1ccco1,tensor([6.2600])
Nc1nc(Cc2cccs2)nc2cn(-c3ccccc3)nc12,tensor([6.4000])
O=C(c1ccco1)N(C(=O)c1ccco1)c1nc(-c2cccs2)nc2cn(-c3ccccc3)nc12,tensor([6.1600])
O=C(Cc1ccccc1)Nc1nc(NC2CCCCC2)nc2nc(-c3ccco3)nn12,tensor([6.])
CC(C)Nc1nc(NC2CCCCC2)n2nc(-c3ccco3)nc2n1,tensor([6.1000])
CNc1nc(NCc2ccccc2)n2nc(-c3ccco3)nc2n1,tensor([5.5600])
CNc1nc(NC2CCCCC2)n2nc(-c3ccco3)nc2n1,tensor([6.4400])
CC(C)Nc1nc(NC(=O)Cc2ccccc2)n2nc(-c3ccco3)nc2n1,tensor([5.1500])
c1ccc(Oc2nc(NC3CCCCC3)n3nc(-c4ccco4)nc3n2)cc1,tensor([6.1200])
Nc1nc(NC2CCCCC2)nc2nc(-c3ccco3)nn12,tensor([6.8600])
CNc1nc(NCc2ccc(F)cc2)n2nc(-c3ccco3)nc2n1,tensor([5.5100])
Fc1ccc(CNc2nc(NCc3ccccc3)nc3nc(-c4ccco4)nn23)cc1,tensor([5.8300])
CC(C)Nc1nc(NC(=O)c2ccccc2)n2nc(-c3ccco3)nc2n1,tensor([4.6100])
CNc1nc(NC(=O)c2ccccc2)n2nc(-c3ccco3)nc2n1,tensor([4.9800])
O=C(Cc1ccccc1)Nc1nc(NCc2ccccc2)nc2nc(-c3ccco3)nn12,tensor([6.1700])
O=C(Nc1ccccc1)Nc1nc(NC2CCCCC2)nc2nc(-c3ccco3)nn12,tensor([6.0200])
CNc1nc(NC(=O)Cc2ccccc2)n2nc(-c3ccco3)nc2n1,tensor([5.0500])
c1coc(-c2nc3nc(NC4CCCCC4)nc(NC4CCCCC4)n3n2)c1,tensor([6.5100])
CC(C)Nc1nc(N)n2nc(-c3ccco3)nc2n1,tensor([5.3700])
CC(C)Nc1nc(NC(=O)Nc2ccccc2)n2nc(-c3ccco3)nc2n1,tensor([5.9300])
O=C(Nc1ccccc1)Nc1nc(NCc2ccccc2)nc2nc(-c3ccco3)nn12,tensor([6.5100])
CNc1nc(N)n2nc(-c3ccco3)nc2n1,tensor([5.5900])
c1ccc(CNc2nc(NC3CCCCC3)n3nc(-c4ccco4)nc3n2)cc1,tensor([7.1900])
O=C(Nc1nc(NCc2ccccc2)nc2nc(-c3ccco3)nn12)c1ccccc1,tensor([5.8400])
O=C(Nc1nc(NC2CCCCC2)nc2nc(-c3ccco3)nn12)c1ccccc1,tensor([5.1200])
c1ccc(CNc2nc(NCc3ccccc3)n3nc(-c4ccco4)nc3n2)cc1,tensor([6.1100])
Nc1nc(NCc2ccccc2)nc2nc(-c3ccco3)nn12,tensor([7.0200])
Nc1nc(C(=O)NCc2cccc3cc(C(=O)N4CCN(c5ccccn5)CC4)cnc23)c2cccc(F)c2n1,tensor([6.9600])
Nc1nc(C(=O)NCc2cccc3cccnc23)c2cc(F)ccc2n1,tensor([6.4600])
Nc1nc(C(=O)NCc2cccc3cccnc23)c2cc(F)c(F)cc2n1,tensor([7.4000])
Nc1nc(C(=O)NCc2cccc3c(C(=O)N4CCN(c5ccccc5)CC4)ccnc23)c2cccc(F)c2n1,tensor([5.2200])
COc1ccnc2c(CNC(=O)c3nc(N)nc4c(F)cccc34)cccc12,tensor([7.1600])
CC(NC(=O)c1nc(N)nc2c(F)cccc12)c1cccc2cccnc12,tensor([7.2400])
Cn1nccc1-c1cccc2c(C(=O)NCc3cccc4cccnc34)nc(N)nc12,tensor([5.2200])
Nc1nc(C(=O)NCc2cccc3cc[nH]c23)c2cccc(F)c2n1,tensor([7.2700])
N#Cc1cccc2c(C(=O)NCc3cccc4cccnc34)nc(N)nc12,tensor([6.4700])
Nc1nc(C(=O)NCc2cccc3cccnc23)c2cccc(Br)c2n1,tensor([8.])
Nc1nc(C(=O)NCc2cccc3cccnc23)c2cccc(I)c2n1,tensor([7.4800])
CS(=O)(=O)c1cccc2c(C(=O)NCc3cccc4cccnc34)nc(N)nc12,tensor([5.3200])
Nc1nc(C(=O)NCc2cccc3c2OCCN3)c2cccc(F)c2n1,tensor([6.8700])
Nc1nc(C(=O)NCc2cccc3cccnc23)c2cccc(-c3cncnc3)c2n1,tensor([5.2000])
Cc1ccccc1CNC(=O)c1nc(N)nc2c(F)cccc12,tensor([6.9400])
Nc1nc(C(=O)NCCc2ccccn2)c2cccc(F)c2n1,tensor([6.2200])
CSc1cccc2c(C(=O)NCc3cccc4cccnc34)nc(N)nc12,tensor([6.8800])
Nc1nc(C(=O)NCCc2ccccc2)c2cccc(F)c2n1,tensor([6.2500])
COCCOc1ccc(N2CCN(C(=O)c3cnc4c(CNC(=O)c5nc(N)nc6c(F)cccc56)cccc4c3)CC2)cc1,tensor([6.9200])
Nc1cc(C(=O)NCc2cccc3cccnc23)c2ccccc2n1,tensor([4.7500])
Cc1cccc(CNC(=O)c2nc(N)nc3c(F)cccc23)c1,tensor([6.9500])
Nc1nc(C(=O)NCc2cccc3[nH]cnc23)c2cccc(F)c2n1,tensor([6.5500])
Nc1nc(C(=O)NCc2cccc3cccnc23)c2cccc(OC(F)(F)F)c2n1,tensor([7.7000])
CCn1cnc2c(CNC(=O)c3nc(N)nc4c(F)cccc34)cccc21,tensor([7.6200])
Nc1nc(C(=O)NCC2CCCCC2)c2cccc(F)c2n1,tensor([6.7700])
Nc1nc(C(=O)NCc2cccc3cccnc23)c2cc(Cl)cc(Cl)c2n1,tensor([7.3000])
Nc1nc(C(=O)NCc2nccc3ccccc23)c2cccc(F)c2n1,tensor([7.0800])
Nc1nc(C(=O)NCc2cccc3c2OCCO3)c2cccc(F)c2n1,tensor([6.9900])
Nc1nc(C(=O)NCc2ccc3ccccc3n2)c2cccc(F)c2n1,tensor([7.1100])
Nc1nc(C(=O)NCc2cccc3cccnc23)c2ccccc2n1,tensor([7.0500])
CCOc1ccnc2c(CNC(=O)c3nc(N)nc4c(F)cccc34)cccc12,tensor([6.6000])
Nc1nc(C(=O)NCc2cccc3c2NCCC3)c2cccc(F)c2n1,tensor([6.6700])
Nc1nc(C(=O)NCc2ccccc2)c2cccc(F)c2n1,tensor([7.0800])
Nc1nc(C(=O)NCc2cncc3ccccc23)c2cccc(F)c2n1,tensor([7.1100])
CN(CCCc1ccccn1)C(=O)c1cnc2c(CNC(=O)c3nc(N)nc4c(F)cccc34)cccc2c1,tensor([6.6800])
Nc1nc(C(=O)NCc2cccc3cccnc23)c2cccc(C(F)(F)F)c2n1,tensor([5.8900])
COc1cccc2c(C(=O)NCc3cccc4cccnc34)nc(N)nc12,tensor([8.2200])
Nc1nc(C(=O)NCc2cccc3cc(C(=O)N4CCCc5ccccc54)cnc23)c2cccc(F)c2n1,tensor([6.8000])
Nc1nc(C(=O)NCc2cccc3cc(C(=O)NCCCCCc4ccccc4)cnc23)c2cccc(F)c2n1,tensor([6.8000])
Nc1nc(C(=O)NCc2cccc3c2C(=O)NC3)c2cccc(F)c2n1,tensor([8.2700])
Nc1nc(C(=O)NCc2cccc3cccnc23)c2cccc(Cl)c2n1,tensor([6.6700])
Nc1nc(C(=O)NCc2cccc3ccccc23)c2cccc(F)c2n1,tensor([7.0500])
Nc1nc(C(=O)NCc2ccnc3ccccc23)c2cccc(F)c2n1,tensor([5.])
CCCCOc1ccnc2c(CNC(=O)c3nc(N)nc4c(F)cccc34)cccc12,tensor([6.1300])
Nc1nc(C(=O)NCc2cccc3cccnc23)c2ccc(F)cc2n1,tensor([7.5100])
OC1CCCC1Nc1ncnc2c1ncn2C1OC(CSc2ccccc2F)C(O)C1O,tensor([5.9600])
CNC(=O)C12CC1C(n1cnc3c(C)nc(C#Cc4ccc(F)c(F)c4)nc31)C(O)C2O,tensor([5.2600])
CNC(=O)C12CC1C(n1cnc3c(OC)nc(C#Cc4ccc(Cl)s4)nc31)C(O)C2O,tensor([6.1000])
O=c1oc2c(O)c(O)ccc2cc1-c1cccs1,tensor([5.4900])
O=c1oc2c(O)cccc2cc1-c1cccs1,tensor([5.4700])
O=c1oc2c(O)cccc2cc1-c1ccsc1,tensor([5.2300])
O=c1oc2c(O)c(O)ccc2cc1-c1cc(Br)cs1,tensor([4.7900])
O=c1oc2c(O)c(O)ccc2cc1-c1ccsc1,tensor([5.4700])
O=C(Nc1nc2c(Cl)ncnc2s1)c1ccccc1,tensor([5.1400])
Clc1ncnc2sc(Nc3cccc(Br)c3)nc12,tensor([4.9000])
OCC1CCCN1c1ncnc2sc(Nc3c(F)cccc3F)nc12,tensor([5.1000])
OCC1CCCN1c1ncnc2sc(Nc3ccc(Cl)cc3)nc12,tensor([6.2000])
COc1ccc(Nc2nc3c(Cl)ncnc3s2)cc1,tensor([4.9400])
COc1ccc(Nc2nc3c(N4CCCC4CO)ncnc3s2)cc1,tensor([6.1500])
Cc1ccc(Nc2nc3c(N4CCCC4CO)ncnc3s2)cc1,tensor([6.4000])
OCC1CCCN1c1ncnc2sc(Nc3cccc(Br)c3)nc12,tensor([6.2800])
Fc1cccc(F)c1Nc1nc2c(N3CCCC3)ncnc2s1,tensor([5.6400])
COc1cc(Nc2nc3c(N4CCCC4CO)ncnc3s2)cc(OC)c1OC,tensor([6.0100])
OCC1CCCN1c1ncnc2sc(Nc3ccccc3)nc12,tensor([6.2600])
Fc1cccc(F)c1Nc1nc2c(Cl)ncnc2s1,tensor([4.7500])
Clc1ccc(Nc2nc3c(Cl)ncnc3s2)cc1,tensor([4.6000])
CCN(CC)c1ncnc2sc(Nc3ccc(Cl)cc3)nc12,tensor([4.7800])
CCCCn1c(=O)c2c(nc3n2CCCN3c2ccc(OCCN(C)C)cc2)n(CCCC)c1=O,tensor([6.2700])
CCCCn1c(=O)c2c(nc3n2CCCN3c2ccc(OCCN3CCCC3)cc2)n(CCCC)c1=O,tensor([6.1800])
CCCCn1c(=O)c2c(nc3n2CCCN3c2ccc(OCCN(CC)CC)cc2)n(CCCC)c1=O,tensor([5.9200])
CCCCn1c(=O)c2c(nc3n2CCCN3c2ccc(OCCN3CCCCC3)cc2)n(CCCC)c1=O,tensor([6.1500])
CCCCn1c(=O)c2c(nc3n2CCCN3CCc2ccc(OCCN(CC)CC)cc2)n(CCCC)c1=O,tensor([5.8100])
CCn1c(=O)c2c(nc3n2CCCN3CCc2ccc(O)cc2)n(CC)c1=O,tensor([5.7000])
CCCn1c(=O)c2c(nc3n2CCCN3c2ccc(OCCN3CCCC3)cc2)n(CCC)c1=O,tensor([5.7000])
CNC(=O)C12CC1C(n1cnc3c(NC(C4CC4)C4CC4)nc(Cl)nc31)C(O)C2O,tensor([6.9600])
CCCOC(=O)C12CC1C(n1cnc3c(NC(C4CC4)C4CC4)nc(Cl)nc31)C(O)C2O,tensor([6.3600])
CCOC(=O)C12CC1C(n1cnc3c(NC(C4CC4)C4CC4)nc(Cl)nc31)C(O)C2O,tensor([6.4400])
CCC(CC)Nc1nc(Cl)nc2c1ncn2C1C(O)C(O)C2(CO)CC12,tensor([6.9500])
OCC12CC1C(n1cnc3c(NC(C4CC4)C4CC4)nc(Cl)nc31)C(O)C2O,tensor([7.4100])
COC(=O)C12CC1C(n1cnc3c(NC(C4CC4)C4CC4)nc(Cl)nc31)C(O)C2O,tensor([6.3600])
Nc1nc(Cl)nc2c1ncn2C1OC(CO)C(O)C1O,tensor([8.5500])
OCC12CC1C(n1cnc3c(NC(C4CCC4)C4CC4)nc(Cl)nc31)C(O)C2O,tensor([6.8400])
CCC(Nc1nc(Cl)nc2c1ncn2C1C(O)C(O)C2(CO)CC12)C1CC1,tensor([7.1200])
CC(=O)NCCNC(=O)C12CC1C(n1cnc3c(NC(C4CC4)C4CC4)nc(Cl)nc31)C(O)C2O,tensor([6.4000])
CC(C)C(Nc1nc(Cl)nc2c1ncn2C1C(O)C(O)C2(CO)CC12)C1CC1,tensor([6.9900])
CCCC(=O)Nc1ncc(-c2cccc(Cl)c2)c(-c2ccccc2)n1,tensor([6.9700])
Nc1ncc(-c2cccc(O)c2)c(-c2ccccc2)n1,tensor([6.8400])
COc1ccc(-c2cnc(N)nc2-c2ccccc2)cc1Cl,tensor([7.5200])
Cc1cccc(-c2cnc(N)nc2-c2ccccc2)c1,tensor([6.6900])
Nc1ncc(-c2ccncc2)c(-c2ccccc2)n1,tensor([7.7700])
OC1CCC(Nc2ncc(-c3ccnc(C4CC4)c3)c(-c3ccccc3)n2)CC1,tensor([8.9700])
OC1CCC(Nc2ncc(-c3cccc(Cl)c3)c(-c3ccccc3)n2)CC1,tensor([7.5200])
COc1ccc(-c2cnc(N)nc2-c2ccccc2)cc1OC,tensor([6.9800])
Nc1ncc(-c2ccnc(C3CC3)c2)c(-c2ccccc2)n1,tensor([8.7500])
Nc1ncc(-c2cccc(C(F)(F)F)c2)c(-c2ccccc2)n1,tensor([7.8500])
Nc1ncc(-c2ccc(F)cc2)c(-c2ccccc2)n1,tensor([6.8000])
OCCCCNc1ncc(-c2cccc(Cl)c2)c(-c2ccccc2)n1,tensor([6.8900])
Nc1ncc(-c2ccc(O)cc2)c(-c2ccccc2)n1,tensor([8.8500])
Nc1ncc(-c2ccc3ccccc3c2)c(-c2ccccc2)n1,tensor([7.7500])
Oc1ccc(-c2cnc(NC3CCC(O)CC3)nc2-c2ccccc2)cc1Cl,tensor([9.2600])
OC1CCC(Nc2ncc(-c3ccc4ccccc4c3)c(-c3ccccc3)n2)CC1,tensor([8.1100])
Clc1cccc(-c2cnc(NC3CCCC3)nc2-c2ccccc2)c1,tensor([7.0300])
Nc1ncc(-c2ccc(Cl)c(Cl)c2)c(-c2ccccc2)n1,tensor([7.4200])
OCCCNc1ncc(-c2cccc(Cl)c2)c(-c2ccccc2)n1,tensor([7.2300])
Nc1ncc(-c2ccc(O)c(O)c2)c(-c2ccccc2)n1,tensor([7.9200])
OCCNc1ncc(-c2cccc(Cl)c2)c(-c2ccccc2)n1,tensor([6.7500])
Nc1ncc(-c2ccc(O)c(Cl)c2)c(-c2ccccc2)n1,tensor([9.3400])
COc1cccc(-c2cnc(N)nc2-c2ccccc2)c1,tensor([7.2700])
COc1cccc(CCNc2nc(N)c3nc(-c4ccco4)sc3n2)c1,tensor([9.0400])
Nc1nc(NCCc2ccccc2)nc2sc(-c3ccco3)nc12,tensor([7.6200])
COc1ccc(CCNc2nc(N)c3nc(-c4ccco4)sc3n2)cc1OC,tensor([6.6600])
COc1ccc(CCNc2nc(N)c3nc(-c4ccco4)sc3n2)cc1,tensor([7.2100])
COc1ccc(CNc2nc(N)c3nc(-c4ccco4)sc3n2)cc1,tensor([6.7900])
COc1ccccc1CNc1nc(N)c2nc(-c3ccco3)sc2n1,tensor([8.4500])
Nc1nc(Nc2ccccc2)nc2sc(-c3ccco3)nc12,tensor([6.1900])
Nc1nc(NCc2cccc(F)c2)nc2sc(-c3ccco3)nc12,tensor([8.0700])
CCCNc1nc(N)c2nc(-c3ccco3)sc2n1,tensor([7.1900])
Nc1nc(NCCc2ccc(O)c(O)c2)nc2sc(-c3ccco3)nc12,tensor([7.4100])
COc1cccc(CNc2nc(N)c3nc(-c4ccco4)sc3n2)c1,tensor([8.0900])
Nc1nc(NCCc2ccc(O)cc2)nc2sc(-c3ccco3)nc12,tensor([7.4300])
Nc1nc(NCCCc2ccccc2)nc2sc(-c3ccco3)nc12,tensor([7.3100])
CCCCNc1nc(N)c2nc(-c3ccco3)sc2n1,tensor([7.3900])
Nc1nc(NCCc2cccc(O)c2)nc2sc(-c3ccco3)nc12,tensor([9.6400])
Nc1nc(NCc2cccc(O)c2)nc2sc(-c3ccco3)nc12,tensor([7.5700])
O=c1[nH]nc(-c2nccs2)c2sccc12,tensor([5.9400])
CCn1nc(-c2ccccn2)c2sccc2c1=O,tensor([6.1100])
CCn1nc(-c2nccs2)c2sccc2c1=O,tensor([6.9500])
Nn1nc(-c2nccs2)c2sccc2c1=O,tensor([5.5400])
CCn1nc(-c2ccccc2)c2sccc2c1=O,tensor([5.5700])
CC(C)n1nc(-c2ccccn2)c2sccc2c1=O,tensor([6.0400])
Nn1nc(-c2ccccn2)c2sccc2c1=O,tensor([5.4300])
CCn1nc(-c2cccs2)c2sccc2c1=O,tensor([6.1400])
Nn1nc(-c2cccs2)c2sccc2c1=O,tensor([5.4500])
Cc1nc2c(N)nc(NCCc3ccccc3)nc2s1,tensor([6.8500])
Cc1nc2c(N)nc(NCCc3cccs3)nc2s1,tensor([7.0400])
Nc1nc(NCCc2ccc(O)cc2)nc2sc(-c3ccccc3)nc12,tensor([6.6200])
COc1ccc(CCNc2nc(N)c3nc(-c4ccccc4)sc3n2)cc1,tensor([6.3100])
COc1ccccc1CNc1nc(N)c2nc(C)sc2n1,tensor([6.5500])
COc1cccc(CNc2nc(N)c3nc(C)sc3n2)c1,tensor([6.7100])
Cc1nc2c(N)nc(Nc3ccccc3)nc2s1,tensor([6.2600])
Cc1nc2c(N)nc(NCc3cccs3)nc2s1,tensor([6.2800])
COc1ccccc1CNc1nc(N)c2nc(-c3ccccc3)sc2n1,tensor([7.9900])
COc1cccc(CNc2nc(N)c3nc(-c4ccccc4)sc3n2)c1,tensor([7.5000])
COc1cccc(CNc2nc(N)c3nc(-c4cnccn4)sc3n2)c1,tensor([6.6000])
Cc1nc2c(N)nc(NCc3ccccc3)nc2s1,tensor([6.4800])
COc1ccccc1CNc1nc(N)c2nc(-c3cnccn3)sc2n1,tensor([6.9500])
Nc1nc(NCc2ccccc2)nc2sc(-c3ccccc3)nc12,tensor([7.4300])
Nc1nc(NCCc2ccccc2)nc2sc(-c3ccccc3)nc12,tensor([6.9200])
Nc1nc(NCc2cccs2)nc2sc(-c3cnccn3)nc12,tensor([6.4700])
Nc1nc(NCc2cccs2)nc2sc(-c3ccccc3)nc12,tensor([7.3700])
CCCn1c(-c2ccccc2)nc2c(NC3CCCCC3)ncnc21,tensor([7.5700])
Cn1c(-c2ccc(O)cc2)nc2c(NC3CCCC3)ncnc21,tensor([7.7700])
Cn1c(-c2ccccc2)nc2c(NC3CCCCC3)ncnc21,tensor([8.2400])
CCn1c(-c2ccccc2)nc2c(NC3CCOC3)ncnc21,tensor([8.])
CCCn1c(-c2ccccc2)nc2c(N)ncnc21,tensor([7.])
Cn1c(-c2cccnc2)nc2c(NC3CCCC3)ncnc21,tensor([6.6200])
CCCn1c(-c2ccccc2)nc2c(NC3CCCC3)ncnc21,tensor([8.])
CCCn1c(-c2ccccc2)nc2c(NC3CCOC3)ncnc21,tensor([7.6000])
CCn1c(-c2ccccc2)nc2c(NC3CCCCC3)ncnc21,tensor([8.])
Cn1c(-c2ccccc2Cl)nc2c(NC3CCCC3)ncnc21,tensor([7.4300])
CCn1c(-c2ccccc2)nc2c(N)ncnc21,tensor([7.5100])
Cn1c(-c2ccccc2)nc2c(N)ncnc21,tensor([7.6400])
COc1ccc(-c2nc3c(NC4CCCC4)ncnc3n2C)cc1,tensor([7.1200])
Cc1ccc(-c2nc3c(NC4CCCC4)ncnc3n2C)cc1,tensor([8.1000])
CCn1c(-c2ccccc2)nc2c(NC3CCCC3)ncnc21,tensor([8.4100])
Cn1c(-c2cccc(Cl)c2)nc2c(NC3CCCC3)ncnc21,tensor([8.1900])
Cn1c(-c2ccccc2)nc2c(NC3CCCC3)ncnc21,tensor([8.5500])
Cn1c(-c2ccccc2)nc2c(NC3CCC3)ncnc21,tensor([8.4900])
Cn1c(-c2ccccc2)nc2c(NC3CCOC3)ncnc21,tensor([8.1000])
Cn1c(-c2ccc(Cl)cc2)nc2c(NC3CCCC3)ncnc21,tensor([7.7500])
Cc1cccc(-c2nc3c(NC4CCCC4)ncnc3n2C)c1,tensor([8.2100])
Cc1ccccc1-c1nc2c(NC3CCCC3)ncnc2n1C,tensor([7.2600])
Cn1c(-c2ccc(C(=O)O)cc2)nc2c(NC3CCCC3)ncnc21,tensor([4.2700])
Cn1c(-c2ccc(F)cc2)nc2c(NC3CCCC3)ncnc21,tensor([8.2100])
CCn1c(-c2ccccc2)nc2c(NC3CCC3)ncnc21,tensor([8.2200])
Nc1nc(NCc2ccncc2)nc2sc(-c3ccco3)nc12,tensor([7.3300])
Nc1nc(NCc2cccnc2)nc2sc(-c3ccco3)nc12,tensor([8.1500])
COc1ccccc1CNc1nc(N)c2nc(-c3ccc(C)o3)sc2n1,tensor([7.5400])
COc1cccc(CNc2nc(N)c3nc(-c4ccc(C)o4)sc3n2)c1,tensor([7.1600])
COc1cccc(CNc2nc(N)c3nc(-c4cccs4)sc3n2)c1,tensor([7.4300])
Cc1ccc(-c2nc3c(N)nc(NCc4cccs4)nc3s2)o1,tensor([7.1500])
Nc1nc(NCc2ccccn2)nc2sc(-c3ccco3)nc12,tensor([7.5500])
Nc1nc(NCc2cccs2)nc2sc(-c3ccco3)nc12,tensor([7.9000])
Nc1nc(NCCc2cccnc2)nc2sc(-c3ccco3)nc12,tensor([8.5800])
Nc1nc(NCc2ccco2)nc2sc(-c3ccco3)nc12,tensor([7.4200])
Nc1nc(NCCc2cccs2)nc2sc(-c3ccco3)nc12,tensor([8.3100])
Nc1nc(NCCc2ccco2)nc2sc(-c3ccco3)nc12,tensor([8.2800])
Nc1nc(NCc2ccsc2)nc2sc(-c3ccco3)nc12,tensor([8.0900])
Nc1nc(NCc2cnccn2)nc2sc(-c3ccco3)nc12,tensor([7.6000])
Nc1nc(NCc2cccs2)nc2sc(-c3cccs3)nc12,tensor([7.1400])
COc1ccccc1CNc1nc(N)c2nc(-c3cccs3)sc2n1,tensor([7.7600])
CCCn1c(=O)[nH]c2nc(-c3ccc(OCC(=O)NCCCCCC4=C5C(C)=CC(C)=[N+]5[B-](F)(F)n5c(C)cc(C)c54)cc3)[nH]c2c1=O,tensor([6.1500])
N#Cc1c(N)nc(SCc2ccn[nH]2)c(C#N)c1-c1ccc(OCC2CC2)cc1,tensor([6.2600])
C=CCOc1ccc(-c2c(C#N)c(N)nc(SCc3ccn[nH]3)c2C#N)cc1,tensor([7.3600])
CCOc1ccc(-c2c(C#N)c(N)nc(SCc3ncc[nH]3)c2C#N)cc1,tensor([8.0900])
CC(C)COc1ccc(-c2c(C#N)c(N)nc(SCC(N)=O)c2C#N)cc1,tensor([6.2200])
N#Cc1c(N)nc(SCC(=O)NO)c(C#N)c1-c1ccc(OCC2CC2)cc1,tensor([6.2700])
N#Cc1c(N)nc(SCc2cccnc2)c(C#N)c1-c1ccc(OCC2CC2)cc1,tensor([7.1700])
N#Cc1c(N)nc(SCc2ncn[nH]2)c(C#N)c1-c1ccc(OCC2CC2)cc1,tensor([6.4700])
COC(=O)c1cccc(CSc2nc(N)c(C#N)c(-c3ccc(OCC4CC4)cc3)c2C#N)c1,tensor([7.1800])
N#Cc1c(N)nc(SCc2csc(N)n2)c(C#N)c1-c1ccc(OCC2CC2)cc1,tensor([6.8500])
N#Cc1c(N)nc(SCc2cccc(C(N)=O)c2)c(C#N)c1-c1ccc(OCC2CC2)cc1,tensor([7.0800])
N#Cc1c(N)nc(SCC2=NCCN2)c(C#N)c1-c1ccc(OCC2CC2)cc1,tensor([6.3200])
N#Cc1c(N)nc(SCc2ncc[nH]2)c(C#N)c1-c1ccc(OCC2CC2)cc1,tensor([6.6300])
CCOc1ccc(-c2c(C#N)c(N)nc(SCC(=O)NC)c2C#N)cc1,tensor([6.9800])
C=C(C)COc1ccc(-c2c(C#N)c(N)nc(SCC(N)=O)c2C#N)cc1,tensor([6.0600])
CCOc1ccc(-c2c(C#N)c(N)nc(SCc3ccn[nH]3)c2C#N)cc1,tensor([7.6800])
C=CCOc1ccc(-c2c(C#N)c(N)nc(SCC(N)=O)c2C#N)cc1,tensor([6.4900])
Nc1cc(-c2ccco2)c2oc(-c3ccco3)nc2c1,tensor([8.1100])
CN(C)c1nc(NC(=O)c2ccccc2)sc1C(=O)c1cnc(N)n1-c1ccc(Cl)cc1,tensor([4.5900])
Nc1ncc(C(=O)c2sc(Nc3ccccc3)nc2-c2ccccc2)n1-c1ccc(F)cc1,tensor([5.1700])
Cc1nc(Nc2ccc(Cl)cc2)sc1C(=O)c1cnc(N)n1-c1ccc(F)cc1,tensor([4.7000])
Cc1nc(Nc2ccccc2)sc1C(=O)c1cnc(N)n1-c1ccc(Cl)cc1,tensor([4.4700])
Cc1ccc(Nc2nc(C)c(C(=O)c3cnc(N)n3-c3ccc(F)cc3)s2)cc1,tensor([4.4300])
CN(C)c1nc(NC(=O)c2ccccc2)sc1C(=O)c1cnc(N)n1-c1ccc(C(F)(F)F)cc1,tensor([4.7100])
Cc1nc(Nc2ccccc2)sc1C(=O)c1cnc(N)n1-c1ccc(F)cc1,tensor([4.4100])
COc1ccc(-n2c(C(=O)c3sc(Nc4ccc(Cl)cc4)nc3C)cnc2N)cc1,tensor([4.4800])
COc1ccc(-n2c(C(=O)c3sc(Nc4ccccc4)nc3C)cnc2N)cc1,tensor([4.3100])
CNc1ncc(C(=O)NC(C)(C)Cc2ccccc2)c2nc(-c3ccco3)nn12,tensor([7.4200])
CNc1ncc(C(=O)NCc2ccc(Cl)cc2)c2nc(-c3ccco3)nn12,tensor([6.8600])
CNc1ncc(C(=O)OCc2ccccc2)c2nc(-c3ccco3)nn12,tensor([6.5600])
CNc1ncc(C(=O)OCc2ccccc2OC)c2nc(-c3ccco3)nn12,tensor([7.2600])
CNc1ncc(C(=O)NCc2ccc(OC)c(OC)c2)c2nc(-c3ccco3)nn12,tensor([6.6100])
CNc1ncc(C(=O)NCc2ccc(C)cc2)c2nc(-c3ccco3)nn12,tensor([7.3300])
CNc1ncc(C(=O)OCc2ccc(OC)cc2)c2nc(-c3ccco3)nn12,tensor([6.9900])
CNc1ncc(C(=O)NCCc2ccccc2)c2nc(-c3ccco3)nn12,tensor([7.1400])
CNc1ncc(C(=O)OCc2ccccc2Cl)c2nc(-c3ccco3)nn12,tensor([6.4600])
CCOC(=O)c1cnc(NNC(=O)OC(C)(C)C)n2nc(-c3ccco3)nc12,tensor([4.9200])
CCOC(=O)c1cnc(NCCN)n2nc(-c3ccco3)nc12,tensor([5.6300])
CNc1ncc(C(=O)OC(C)C)c2nc(-c3ccco3)nn12,tensor([6.1300])
CNc1ncc(C(=O)OC(C)c2ccccc2)c2nc(-c3ccco3)nn12,tensor([7.2900])
CCOC(=O)c1cnc(OCC)n2nc(-c3ccco3)nc12,tensor([5.3900])
CNc1ncc(C(=O)OCc2cccc(C)c2)c2nc(-c3ccco3)nn12,tensor([7.1000])
CNc1ncc(C(=O)NCc2ccc(C(F)(F)F)cc2)c2nc(-c3ccco3)nn12,tensor([5.4200])
CNc1ncc(C(=O)OCc2cccc(OC)c2)c2nc(-c3ccco3)nn12,tensor([7.4600])
CCOC(=O)c1cnc(NNc2ccccc2)n2nc(-c3ccco3)nc12,tensor([5.8700])
CNc1ncc(C(=O)NCc2ccc(OC)cc2)c2nc(-c3ccco3)nn12,tensor([7.3900])
CNc1ncc(C(=O)NCCc2ccc(OC)c(OC)c2)c2nc(-c3ccco3)nn12,tensor([6.7500])
CNc1ncc(C(=O)NCc2ccc(F)cc2)c2nc(-c3ccco3)nn12,tensor([6.6000])
CNc1ncc(C(=O)NCc2ccccc2)c2nc(-c3ccco3)nn12,tensor([7.6300])
CNc1ncc(C(=O)OC(c2ccccc2)c2ccccc2)c2nc(-c3ccco3)nn12,tensor([7.3200])
CNc1ncc(C(=O)OCc2cccc(Cl)c2)c2nc(-c3ccco3)nn12,tensor([7.5800])
CNc1ncc(C(=O)OCc2ccc(C)cc2)c2nc(-c3ccco3)nn12,tensor([6.7200])
CNc1ncc(C(=O)NNc2ccccc2)c2nc(-c3ccco3)nn12,tensor([7.2300])
CNc1ncc(C(=O)NCCOc2ccccc2)c2nc(-c3ccco3)nn12,tensor([6.7600])
CNc1ncc(C(=O)NC(c2ccccc2)c2ccccc2)c2nc(-c3ccco3)nn12,tensor([7.5500])
CNc1ncc(C(=O)OCc2ccccc2Br)c2nc(-c3ccco3)nn12,tensor([6.5000])
CCc1ccc(COC(=O)c2cnc(NC)n3nc(-c4ccco4)nc23)cc1,tensor([6.9200])
CNc1ncc(C(=O)OCc2cccc(F)c2)c2nc(-c3ccco3)nn12,tensor([6.8900])
CCOC(=O)c1cnc(NN)n2nc(-c3ccco3)nc12,tensor([5.6800])
CNc1ncc(C(=O)OCc2ccccc2C)c2nc(-c3ccco3)nn12,tensor([7.0300])
CNc1ncc(C(=O)OCc2ccc(Cl)cc2)c2nc(-c3ccco3)nn12,tensor([6.6700])
CCOC(=O)CNC(=O)c1cnc(NCC(=O)OCC)n2nc(-c3ccco3)nc12,tensor([4.6600])
CNc1ncc(C(=O)OCc2ccc(F)cc2)c2nc(-c3ccco3)nn12,tensor([6.2500])
COc1ccc(CNc2ncc(C(=O)NC(c3ccccc3)c3ccccc3)c3nc(-c4ccco4)nn23)cc1OC,tensor([6.9100])
Nc1nc(-c2ccc(OCCNC(=O)CCCCC3CCSS3)cc2)cn2c(=O)n(-c3ccccc3)nc12,tensor([6.4200])
COc1c(C)cc(-c2cn3c(=O)n(-c4ccccc4)nc3c(N)n2)cc1C,tensor([8.3500])
COc1ccc(-c2cn3c(=O)n(-c4ccccc4)nc3c(N)n2)cc1OC,tensor([7.2300])
COc1cc(O)ccc1-c1cn2c(=O)n(-c3ccccc3)nc2c(N)n1,tensor([7.5300])
CC(C)(C)c1cc(C(=O)NCCOc2ccc(-c3cn4c(=O)n(-c5ccccc5)nc4c(N)n3)cc2)cc(C(C)(C)C)c1O,tensor([4.8600])
C=CC(=O)Nc1ccc(-c2cn3c(=O)n(-c4ccccc4)nc3c(N)n2)cc1,tensor([6.5800])
COc1c(C(C)(C)C)cc(-c2cn3c(=O)n(-c4ccccc4)nc3c(N)n2)cc1C(C)(C)C,tensor([6.9600])
Nc1ccc(-c2cn3c(=O)n(-c4ccccc4)nc3c(N)n2)cc1,tensor([7.4700])
Cc1cc(-c2cn3c(=O)n(-c4ccccc4)nc3c(N)n2)cc(C)c1O,tensor([7.6700])
COc1cc(-c2cn3c(=O)n(-c4ccccc4)nc3c(N)n2)cc(OC)c1OC,tensor([7.2600])
Nc1nc(-c2cc(O)c(O)c(O)c2)cn2c(=O)n(-c3ccccc3)nc12,tensor([6.7600])
NCCC(=O)Nc1ccc(-c2cn3c(=O)n(-c4ccccc4)nc3c(N)n2)cc1,tensor([6.3200])
COc1ccc(-c2cn3c(=O)n(-c4ccccc4)nc3c(N)n2)c(OC)c1,tensor([7.5500])
Nc1nc(-c2ccc(O)c(O)c2)cn2c(=O)n(-c3ccccc3)nc12,tensor([7.3700])
Nc1nc(-c2ccc(NC(=O)CCNC(=O)CCCCC3CCSS3)cc2)cn2c(=O)n(-c3ccccc3)nc12,tensor([5.8700])
NC(=O)COc1ccc(-c2cn3c(=O)n(-c4ccccc4)nc3c(N)n2)cc1,tensor([6.4100])
NCCOc1ccc(-c2cn3c(=O)n(-c4ccccc4)nc3c(N)n2)cc1,tensor([6.5400])
Nc1nc(-c2ccc(NC(=O)CCCCC3CCSS3)cc2)cn2c(=O)n(-c3ccccc3)nc12,tensor([8.0800])
Nc1nc(-c2cccc(O)c2)nc2sc(-c3ccco3)nc12,tensor([7.2900])
Nc1nc(-c2ccccc2)nc2sc(-c3ccco3)nc12,tensor([7.4800])
Nc1nc(-c2cccc(O)c2)nc2sc(-c3ccccc3)nc12,tensor([7.2300])
O=C(Nc1nc(-c2ccccc2)nc2sc(-c3ccco3)nc12)c1ccco1,tensor([6.5800])
Cc1ccc(-c2nc(N)c3nc(-c4ccco4)sc3n2)o1,tensor([7.3400])
Nc1nc(-c2ccc(CO)cc2)nc2sc(-c3ccco3)nc12,tensor([7.1100])
N#Cc1cccc(-c2nc(N)c3nc(-c4ccco4)sc3n2)c1,tensor([6.9900])
Cc1nc(NC(=O)c2ccccc2)c2nc(-c3ccccc3)sc2n1,tensor([6.0300])
Nc1nc(-c2cccc(CO)c2)nc2sc(-c3ccccc3)nc12,tensor([7.5000])
COc1cccc(-c2nc(N)c3nc(-c4ccco4)sc3n2)c1,tensor([7.2100])
Cc1nc(N)c2nc(-c3ccccc3)sc2n1,tensor([7.4700])
Nc1nc(-c2ccco2)nc2sc(-c3ccccc3)nc12,tensor([7.1700])
COc1cccc(-c2nc(N)c3nc(-c4ccccc4)sc3n2)c1,tensor([6.7500])
Nc1nc(-c2ccc(CO)cc2)nc2sc(-c3ccccc3)nc12,tensor([7.0900])
Nc1nc(-c2ccccc2)nc2sc(-c3ccccc3)nc12,tensor([6.8300])
COc1ccc(C(=O)Nc2nc(C)nc3sc(-c4ccccc4)nc23)cc1,tensor([5.8300])
O=C(Nc1nc(-c2ccccc2)nc2sc(-c3ccccc3)nc12)c1ccccc1,tensor([5.8300])
Nc1nc(-c2cccc(CO)c2)nc2sc(-c3ccco3)nc12,tensor([7.5500])
COc1ccc(-c2nc(N)c3nc(-c4ccco4)sc3n2)cc1,tensor([7.3200])
Nc1nc(-c2ccco2)nc2sc(-c3ccco3)nc12,tensor([7.1600])
N#Cc1cccc(-c2nc(N)c3nc(-c4ccccc4)sc3n2)c1,tensor([6.2300])
O=C(Nc1nc(-c2ccccc2)nc2sc(-c3ccccc3)nc12)c1ccco1,tensor([5.6400])
Cc1ccc(-c2nc(N)c3nc(-c4ccccc4)sc3n2)o1,tensor([7.5400])
Cc1sc2nc(N)nc(-n3cncn3)c2c1C,tensor([4.3900])
Nc1nc(-n2ccnc2)c2c3c(sc2n1)CCCC3,tensor([4.9800])
CCCn1c(=O)[nH]c2nc(-c3ccc(S(=O)(=O)N(C)C)cc3)[nH]c2c1=O,tensor([6.7200])
CCCn1c(=O)[nH]c2nc(-c3ccc(S(=O)(=O)N4CCN(Cc5ccc(N=[N+]=[N-])cc5)CC4)cc3)[nH]c2c1=O,tensor([6.3100])
CCCn1c(=O)[nH]c2nc(-c3ccc(S(=O)(=O)N4CCN(c5ccccc5C)CC4)cc3)[nH]c2c1=O,tensor([6.3800])
CCCn1c(=O)[nH]c2nc(-c3ccc(S(=O)(=O)N4CCN(Cc5ccc(OCCO)cc5)CC4)cc3)[nH]c2c1=O,tensor([6.2500])
CCCn1c(=O)[nH]c2nc(-c3ccc(S(=O)(=O)N4CCN(Cc5ccc(OCCOCCOC)cc5)CC4)cc3)[nH]c2c1=O,tensor([6.])
CCCn1c(=O)[nH]c2nc(-c3ccc(S(=O)(=O)N4CCN(Cc5cccc(C)c5)CC4)cc3)[nH]c2c1=O,tensor([6.1000])
CCCn1c(=O)[nH]c2nc(-c3ccc(S(=O)(=O)N4CCN(c5ccccc5)CC4)cc3)[nH]c2c1=O,tensor([6.4400])
CCCn1c(=O)[nH]c2nc(-c3ccc(S(=O)(=O)N4CCN(Cc5cccc(Br)c5)CC4)cc3)[nH]c2c1=O,tensor([6.0300])
CCCn1c(=O)[nH]c2nc(-c3ccc(S(=O)(=O)N4CCN(c5ccc(Cl)c(OC)c5)CC4)cc3)[nH]c2c1=O,tensor([6.2700])
CCCn1c(=O)[nH]c2nc(-c3ccc(S(=O)(=O)N4CCN(Cc5cccc(OC)c5)CC4)cc3)[nH]c2c1=O,tensor([6.6900])
CCCn1c(=O)[nH]c2nc(-c3ccc(S(=O)(=O)N4CCN(c5ccc(Cl)c(O)c5)CC4)cc3)[nH]c2c1=O,tensor([6.9500])
CCCn1c(=O)[nH]c2nc(-c3ccc(S(=O)(=O)N4CCN(Cc5ccc(Br)c(F)c5)CC4)cc3)[nH]c2c1=O,tensor([6.4900])
CCCn1c(=O)[nH]c2nc(-c3ccc(S(=O)(=O)N4CCN(C)CC4)cc3)[nH]c2c1=O,tensor([6.4800])
CCCn1c(=O)[nH]c2nc(-c3ccc(S(=O)(=O)N4CCN(c5ccc(O)cc5)CC4)cc3)[nH]c2c1=O,tensor([6.4500])
Clc1ccc(C#Cc2nc(NC(C3CC3)C3CC3)c3nc[nH]c3n2)s1,tensor([5.9200])
Clc1ccc(C#Cc2nc(NCCc3ccccc3)c3nc[nH]c3n2)s1,tensor([5.7600])
OC1CCCC1Nc1nc(C#Cc2ccc(Cl)s2)nc2[nH]cnc12,tensor([5.8300])
Clc1cccc(CNc2nc(C#Cc3ccc(Cl)s3)nc3[nH]cnc23)c1,tensor([5.5700])
OCC1OC(n2cnc3c(NCCc4ccccc4)ncnc32)C(O)C1O,tensor([7.8900])
CC#Cc1nc(NC(C2CC2)C2CC2)c2nc[nH]c2n1,tensor([5.5400])
Clc1ccc(C#Cc2nc(NC3CCCC3)c3nc[nH]c3n2)s1,tensor([5.9500])
Clc1ccc(C#Cc2nc(NC3CC4CCC3C4)c3nc[nH]c3n2)s1,tensor([5.9800])
Clc1ccc(C#Cc2nc(NC3CCOC3)c3nc[nH]c3n2)s1,tensor([6.1600])
Cn1cnc2c(NCCc3ccccc3)nc(C#Cc3ccc(Cl)s3)nc21,tensor([5.3100])
OCC1OC(n2cnc3c(NC(C4CCC4)C4CCC4)ncnc32)C(O)C1O,tensor([8.6700])
Nc1nc(Cl)nc2c1ncn2C1C(O)C(O)C2(CCl)CC12,tensor([8.1200])
CNC(=O)C1OC(n2cnc3c(N)ncnc32)C(O)C1O,tensor([7.4300])
OCC12CC1C(n1cnc3c(NC4CC5CCC4C5)nc(Cl)cc31)C(O)C2O,tensor([6.6200])
OCC12CC1C(n1cnc3c(NC(C4CCC4)C4CCC4)nc(Cl)nc31)C(O)C2O,tensor([8.0500])
OC1C(O)C(n2cnc3c(NC(C4CCC4)C4CCC4)nc(Cl)nc32)C2CC12,tensor([6.0200])
CCSCC1OC(n2cnc3c(NC(C4CCC4)C4CCC4)ncnc32)C(O)C1O,tensor([7.2000])
OC1C(n2cnc3c(NC4CC5CCC4C5)nc(Cl)nc32)C2CC2(CCl)C1O,tensor([7.3500])
OC1C(n2cnc3c(NC(C4CCC4)C4CCC4)nc(Cl)nc32)C2CC2(CCl)C1O,tensor([6.9200])
NC(=O)c1ncn(C2OC(CO)C(O)C2O)n1,tensor([5.1300])
O=C(NC1CC1)C12CC1C(n1cnc3c(NC4CC5CCC4C5)nc(Cl)nc31)C(O)C2O,tensor([8.9100])
OC1C(n2cnc3c(NC(C4CCC4)C4CCC4)ncnc32)C2CC2(CCl)C1O,tensor([7.4900])
OCC1OC(n2cnc3c(NC(C4CCC4)C4CCC4)nc(Cl)nc32)C(O)C1O,tensor([7.7500])
O=C(NCCO)C12CC1C(n1cnc3c(NC4CC5CCC4C5)nc(Cl)nc31)C(O)C2O,tensor([7.7500])
OCC12CC1C(n1cnc3c(NC4CC5CCC4C5)nc(Cl)nc31)C(O)C2O,tensor([7.6300])
CCOC(=O)C12CC1C(n1cnc3c(NC(C4CCC4)C4CCC4)nc(Cl)nc31)C(O)C2O,tensor([7.1300])
OC1C(CCl)OC(n2cnc3c(NC(C4CCC4)C4CCC4)ncnc32)C1O,tensor([8.3100])
OCC12CC1C(n1cnc3c(NC(C4CCC4)C4CCC4)ncnc31)C(O)C2O,tensor([7.6400])
NC(=O)c1ncn(C2C(O)C(O)C3(CO)CC23)n1,tensor([6.3000])
Cn1cc2c(nc(NCCNC(=O)OC(C)(C)C)n3nc(-c4ccco4)nc23)n1,tensor([5.5900])
Cn1cc2c(nc(NCCCCCNC(=O)OC(C)(C)C)n3nc(-c4ccco4)nc23)n1,tensor([5.5900])
Cn1cc2c(nc(NCCCCN)n3nc(-c4ccco4)nc23)n1,tensor([5.9100])
Cn1cc2c(nc(NCC3CCC(CN)CC3)n3nc(-c4ccco4)nc23)n1,tensor([5.2600])
Cn1cc2c(nc(NCCCCCN)n3nc(-c4ccco4)nc23)n1,tensor([6.1100])
Cn1cc2c(nc(NCC3CCC(CNC(=O)OC(C)(C)C)CC3)n3nc(-c4ccco4)nc23)n1,tensor([5.3900])
Cn1cc2c(nc(NCCOCCOCCN)n3nc(-c4ccco4)nc23)n1,tensor([5.2900])
Cn1cc2c(nc(NCCOCCOCCNC(=O)OC(C)(C)C)n3nc(-c4ccco4)nc23)n1,tensor([4.9100])
Cn1cc2c(nc(NCCCOCCOCCOCCCNC(=O)OC(C)(C)C)n3nc(-c4ccco4)nc23)n1,tensor([5.0700])
Cn1cc2c(nc(NCCN)n3nc(-c4ccco4)nc23)n1,tensor([5.6000])
Cn1cc2c(nc(NN)n3nc(-c4ccco4)nc23)n1,tensor([5.1500])
Cn1cc2c(nc(NCCCCNC(=O)OC(C)(C)C)n3nc(-c4ccco4)nc23)n1,tensor([5.7600])
Cn1cc2c(nc(NNC(=O)OC(C)(C)C)n3nc(-c4ccco4)nc23)n1,tensor([5.1100])
Cn1cc2c(nc(NCCCOCCOCCOCCCN)n3nc(-c4ccco4)nc23)n1,tensor([5.7800])
Cn1cc2c(nc(NCCCN)n3nc(-c4ccco4)nc23)n1,tensor([5.8400])
Cn1cc2c(nc(NCCCNC(=O)OC(C)(C)C)n3nc(-c4ccco4)nc23)n1,tensor([5.7500])
O=c1oc2c(O)c(O)ccc2cc1-c1ccc(O)cc1,tensor([4.9000])
CC(=O)COc1cccc2cc(-c3ccccc3)c(=O)oc12,tensor([4.9800])
O=c1oc2c(O)cccc2cc1-c1ccc(O)c(O)c1,tensor([5.2100])
Cc1cccc2cc(-c3cc(O)c(O)c(O)c3)c(=O)oc12,tensor([4.8300])
Cc1cccc2cc(-c3ccccc3)c(=O)oc12,tensor([4.8300])
O=c1oc2c(O)c(O)ccc2cc1-c1ccc(O)c(O)c1,tensor([5.2000])
O=c1oc2c(O)cccc2cc1-c1ccccc1,tensor([5.3300])
CC(=O)Oc1cccc2cc(-c3ccccc3)c(=O)oc12,tensor([5.1600])
CCOc1cccc2cc(-c3ccccc3)c(=O)oc12,tensor([4.6600])
CC(=O)Oc1ccc2cc(-c3ccccc3)c(=O)oc2c1OC(C)=O,tensor([5.0700])
Nc1nc(-c2ccccc2)nn1C(=O)c1ccco1,tensor([7.4400])
CCOC(=O)c1nc(N)c(=O)n(-c2ccccc2)n1,tensor([5.6600])
CCCn1c(=O)c2c(nc3cc(OC)ccn32)n(CCCNC(=O)c2ccc(S(C)(=O)=O)cc2)c1=O,tensor([4.8000])
CCCn1c(=O)c2c(nc3cc(OC)ccn32)n(CCCNC(=O)c2ccc(S(=O)(=O)F)cc2)c1=O,tensor([6.1000])
COC(=O)c1ccc(CSc2nc(N)c(C#N)c(-c3ccco3)c2C#N)o1,tensor([7.0900])
N#Cc1c(N)nc(NCCO)c(C#N)c1-c1cccs1,tensor([6.4900])
N#Cc1c(N)nc(SCc2cccc(C(=O)O)c2)c(C#N)c1-c1ccco1,tensor([8.3800])
N#Cc1c(NCc2ccccc2)nc(SCCO)c(C#N)c1-c1ccco1,tensor([7.1900])
N#Cc1c(N)nc(SCCO)c(C#N)c1-c1ccsc1,tensor([7.2200])
CC(=O)Nc1nc(SCCO)c(C#N)c(-c2ccco2)c1C#N,tensor([6.6100])
N#Cc1c(N)nc(SCC(N)=O)c(C#N)c1-c1ccco1,tensor([6.7600])
COC(=O)c1cccc(CSc2nc(N)c(C#N)c(-c3ccco3)c2C#N)c1,tensor([8.1400])
N#Cc1c(N)nc(SCc2cccnc2)c(C#N)c1-c1ccco1,tensor([8.8500])
N#Cc1c(N)nc(SCc2cccc(C(N)=O)c2)c(C#N)c1-c1ccco1,tensor([8.8800])
N#Cc1c(N)nc(SCCO)c(C#N)c1-c1ccco1,tensor([7.2400])
N#Cc1c(N)nc(SCc2ccncc2)c(C#N)c1-c1ccco1,tensor([7.4000])
N#Cc1c(NC2CCCC2)nc(SCCO)c(C#N)c1-c1ccco1,tensor([6.1300])
N#Cc1c(N)nc(SCC(=O)c2ccccc2)c(C#N)c1-c1ccco1,tensor([7.6400])
N#Cc1c(N)nc(SCC(=O)OCc2ccccc2)c(C#N)c1-c1ccco1,tensor([7.0700])
COC(=O)CSc1nc(N)c(C#N)c(-c2ccco2)c1C#N,tensor([6.9700])
N#CCSc1nc(N)c(C#N)c(-c2ccco2)c1C#N,tensor([7.0300])
N#Cc1c(N)nc(SCc2ccccn2)c(C#N)c1-c1ccco1,tensor([8.5700])
COC(=O)c1cccc(CSc2nc(N)c(C#N)c(-c3cccs3)c2C#N)c1,tensor([8.5600])
N#Cc1c(N)nc(SCCO)c(C#N)c1-c1cccnc1,tensor([7.4600])
N#Cc1c(NC2CC2)nc(SCCO)c(C#N)c1-c1ccco1,tensor([7.0500])
COC(=O)c1cccc(CSc2nc(N)c(C#N)c(-c3cccnc3)c2C#N)c1,tensor([8.9300])
N#Cc1c(N)nc(SCCO)c(C#N)c1-c1cccs1,tensor([7.2800])
N#Cc1cccc(CSc2nc(N)c(C#N)c(-c3ccco3)c2C#N)c1,tensor([8.9900])
N#Cc1c(N)nc(OCCO)c(C#N)c1-c1ccco1,tensor([6.2000])
N#Cc1c(N)nc(SCCO)c(C#N)c1-c1ccoc1,tensor([7.7200])
COC(=O)c1cccc(CSc2nc(N)c(C#N)c(-c3ccoc3)c2C#N)c1,tensor([8.6800])
CC(C)C(=O)Nc1nc2n(n1)C(c1ccccc1Cl)C=C(c1ccccc1)N2,tensor([4.4900])
CCCN(CCC)c1c(-c2ccccc2)c2cc(Cl)ccc2[nH]c1=O,tensor([4.5900])
Oc1ccccc1Nc1nc(-c2ccccc2)c2cc(Cl)ccc2n1,tensor([4.7000])
CCOC(=O)N1CCN(c2cc(NC3CCCCC3)c3c4c(onc24)-c2ccccc2C3=O)CC1,tensor([4.7100])
O=C1CC(C(=O)Nc2ccccc2)c2c(nc(SCc3ccccc3F)[nH]c2=O)N1,tensor([5.1400])
Cc1ccc(C2=CC(c3ccccc3Cl)n3nc(CCCO)nc3N2)cc1,tensor([4.7300])
N#Cc1c(N)nc2c(c1-c1ccc3c(c1)OCO3)CCCC2,tensor([7.1300])
Cc1cc(=O)n2c(n1)NC(Nc1cccc(C)c1C)=NC2c1ccc(F)cc1,tensor([5.4900])
COc1ccccc1CNC(=O)c1cc(Nc2ccccc2C)nc2ccccc12,tensor([5.9500])
Cc1ccc(C(=O)Nc2c(C(=O)NC3CCCC3)[nH]c3ccc(C)cc23)cc1,tensor([6.2900])
CC(C)CN1C(=O)C(=Cc2c(NCCc3ccccc3)nc3ccccn3c2=O)SC1=S,tensor([4.8700])
Cc1cc(C)nc(Nc2nc(-c3ccccc3)c3ccc(Cl)cc3n2)n1,tensor([5.1600])
C=CCn1c(SCc2ccccn2)nc2c([nH]c3ccccc32)c1=O,tensor([5.9000])
COc1ccc(-c2cc(-c3cccc(Br)c3)c(C#N)c(N)n2)cc1,tensor([6.6800])
O=C(Cn1cc(-c2ccccc2)c2ncn(C3CC3)c(=O)c21)NCc1ccc(F)cc1,tensor([6.2300])
CCC(C(=O)n1nc(-c2ccccc2)nc1N)c1ccccc1,tensor([4.9700])
COc1ccc(C=Cc2ccnc3nc(N4CCCCC4)[nH]c(=O)c23)cc1,tensor([5.5200])
O=c1[nH]c(N2CCCC2)nc2nccc(-c3ccc(Cl)cc3)c12,tensor([6.1100])
Cn1c(=O)c2c(nc3n2CCN(CCc2ccc(Cl)cc2C(F)(F)F)C3)n(C)c1=O,tensor([6.2600])
Cn1c(=O)c2c(nc3n2CCN(Cc2csc(-c4ccc(C(F)(F)F)cc4)n2)C3)n(C)c1=O,tensor([6.6300])
Cn1c(=O)c2c(nc3n2CCN(Cc2ccc(Cl)c(Cl)c2)C3)n(C)c1=O,tensor([6.1000])
Cn1c(=O)c2c(nc3n2CCN(Cc2csc(-c4cccs4)n2)C3)n(C)c1=O,tensor([6.1900])
Cn1c(=O)c2c(nc3n2CCN(CCc2ccc(Cl)cc2Cl)C3)n(C)c1=O,tensor([5.4500])
Cn1c(=O)c2c(nc3n2CCN(Cc2csc(-c4cccc(Cl)c4)n2)C3)n(C)c1=O,tensor([7.1400])
Cn1c(=O)c2c(nc3n2CCN(CCCc2ccc(Cl)cc2)C3)n(C)c1=O,tensor([7.1800])
Cn1c(=O)c2c(nc3n2CCN(Cc2ccccc2)C3)n(C)c1=O,tensor([6.5800])
Cn1c(=O)c2c(nc3n2CCN(Cc2csc(-c4ccc(Cl)cc4)n2)C3)n(C)c1=O,tensor([6.3100])
Cn1c(=O)c2c(nc3n2CCN(C2CCCc4ccccc42)C3)n(C)c1=O,tensor([6.4100])
Cn1c(=O)c2c(nc3n2CCCCN3Cc2cccc(Br)c2)n(C)c1=O,tensor([6.1900])
Cn1c(=O)c2c(nc3n2CCN3Cc2cccc(Br)c2)n(C)c1=O,tensor([6.4000])
CCOC(=O)C1=C(C)Nc2nc3ccccc3n2C1c1cn[nH]c1,tensor([7.8300])
CCOC(=O)C1=C(C)Nc2nc3ccccc3n2C1c1ccns1,tensor([7.7000])
CC1=C(C(=O)OC(C)C)C(c2cnco2)n2c(nc3ccccc32)N1,tensor([6.5200])
CC1=C(C(=O)OC(C)C)C(c2cn[nH]c2)n2c(nc3ccccc32)N1,tensor([8.0800])
CCOC(=O)C1=C(C)Nc2nc3ccccc3n2C1c1cnco1,tensor([6.6300])
Nc1nc(NCc2ccc(S(N)(=O)=O)cc2)nc2sc(-c3ccco3)nc12,tensor([6.6300])
Nc1nc(N2CCC(CNC(=O)CCN3C(=O)c4ccccc4S3(=O)=O)CC2)nc2sc(-c3ccco3)nc12,tensor([5.9700])
Nc1nc(N2CCN(c3ccc(S(N)(=O)=O)cc3)CC2)nc2sc(-c3ccco3)nc12,tensor([6.4100])
Nc1nc(N2CCC(CNC(=O)c3cccc(S(N)(=O)=O)c3)CC2)nc2sc(-c3ccco3)nc12,tensor([6.2500])
Nc1nc(NCCN2CCN(c3ccc(S(N)(=O)=O)cc3)CC2)nc2sc(-c3ccco3)nc12,tensor([7.0500])
Nc1nc(NCC2CCN(CC(=O)Nc3ccc(S(N)(=O)=O)cc3)CC2)nc2sc(-c3ccco3)nc12,tensor([6.9200])
Nc1nc(N2CCC(CNC(=O)c3ccc(S(N)(=O)=O)cc3)CC2)nc2sc(-c3ccco3)nc12,tensor([5.2400])
Nc1nc(NCCc2ccc(S(N)(=O)=O)cc2)nc2sc(-c3ccco3)nc12,tensor([5.8800])
Nc1nc(NCC2CCN(CC(=O)NCc3ccc(S(N)(=O)=O)cc3)CC2)nc2sc(-c3ccco3)nc12,tensor([6.1600])
CCOC(=O)c1ccc(N2CCN(c3nc(N)c4nc(-c5ccco5)sc4n3)CC2)cc1,tensor([5.3400])
Nc1nc(NCC2CCN(CC(=O)NCCc3ccc(S(N)(=O)=O)cc3)CC2)nc2sc(-c3ccco3)nc12,tensor([6.2200])
Nc1nc(N2CCC(CNC(=O)CN3C(=O)c4ccccc4S3(=O)=O)CC2)nc2sc(-c3ccco3)nc12,tensor([5.7800])
Nc1nc(-c2ccc(OCCN3CCOCC3)cc2)cn2c(=O)n(-c3ccccc3)nc12,tensor([6.4400])
Nc1nc(-c2ccc(NC(=O)CCN3CCN(CCO)CC3)cc2)cn2c(=O)n(-c3ccccc3)nc12,tensor([6.2500])
CN1CCN(CCC(=O)Nc2ccc(-c3cn4c(=O)n(-c5ccccc5)nc4c(N)n3)cc2)CC1,tensor([6.1800])
Nc1nc(-c2ccc(NC(=O)CCN3CCOCC3)cc2)cn2c(=O)n(-c3ccccc3)nc12,tensor([6.2300])
Nc1nc(-c2ccc(OCCO)cc2)cn2c(=O)n(-c3ccccc3)nc12,tensor([6.2900])
Nc1nc(-c2ccc(OCCN3CCCC3)cc2)cn2c(=O)n(-c3ccccc3)nc12,tensor([6.0600])
Nc1nc(-c2ccc(OCC(O)CN3CCCCC3)cc2)cn2c(=O)n(-c3ccccc3)nc12,tensor([6.4700])
Nc1nc(-c2ccc(OCCN3CCCCC3)cc2)cn2c(=O)n(-c3ccccc3)nc12,tensor([6.4400])
CN1CCN(CCOc2ccc(-c3cn4c(=O)n(-c5ccccc5)nc4c(N)n3)cc2)CC1,tensor([6.2900])
NC(=O)C1CCN(CCC(=O)Nc2ccc(-c3cn4c(=O)n(-c5ccccc5)nc4c(N)n3)cc2)CC1,tensor([6.4300])
NCC1CCN(CCC(=O)Nc2ccc(-c3cn4c(=O)n(-c5ccccc5)nc4c(N)n3)cc2)CC1,tensor([6.4200])
Nc1nc(-c2ccc(NC(=O)CCN3CCN(c4ccccc4)CC3)cc2)cn2c(=O)n(-c3ccccc3)nc12,tensor([6.7500])
Nc1nc(-c2ccc(NC(=O)CCN3CCCC3)cc2)cn2c(=O)n(-c3ccccc3)nc12,tensor([6.5300])
Nc1nc(-c2ccc(OCC(O)CO)cc2)cn2c(=O)n(-c3ccccc3)nc12,tensor([6.4400])
Nc1nc(-c2ccc(NC(=O)CCN3CCCCC3)cc2)cn2c(=O)n(-c3ccccc3)nc12,tensor([6.2100])
Nc1nc(-c2ccc(OCC(O)CN3CCOCC3)cc2)cn2c(=O)n(-c3ccccc3)nc12,tensor([6.2400])
Cc1cccnc1CNC(=O)c1cnc(-c2ccco2)nc1N,tensor([5.7600])
Cc1cccnc1CNC(=O)c1c(N)nc(-c2ccco2)nc1OCCF,tensor([6.5800])
Cc1cccnc1CNC(=O)c1c(N)nc(-c2ccco2)nc1OCC(C)O,tensor([8.7700])
Nc1nc(-c2ccccc2)c2c(n1)-c1cc(OCCCN3CCCCC3)ccc1C2=O,tensor([7.9500])
Nc1nc(-c2ccc(OCCCN3CCCCC3)cc2)c2c(n1)-c1ccccc1C2,tensor([5.6000])
Nc1nc(-c2ccccc2)c2c(n1)-c1ccc(OCCCN3CCCC3)cc1C2=O,tensor([6.8900])
Nc1nc(-c2ccc(OCCCN3CCCCC3)cc2)c2c(n1)-c1ccccc1C2=O,tensor([6.8800])
Nc1nc(-c2ccccc2)c2c(n1)-c1ccc(OCCCN3CCCCC3)cc1C2=O,tensor([6.4300])
Nc1nc(-c2ccccc2)c2c(n1)-c1cc(OCCCN3CCCCC3)ccc1C2,tensor([7.7300])
Nc1nc(-c2ccccc2)c2c(n1)-c1ccc(OCCCN3CCCC3)cc1C2,tensor([6.0800])
Nc1nc(-c2ccccc2)c2c(n1)-c1cc(OCCCN3CCCC3)ccc1C2,tensor([7.9400])
Nc1nc(-c2ccccc2)c2c(n1)-c1cc(OCCCN3CCCC3)ccc1C2=O,tensor([7.9000])
Cn1nccc1-c1nc2c(-c3ccc(=O)n(C)c3)cnc(N)n2n1,tensor([5.5300])
Cc1csc(-c2nc3c(-c4ccc(=O)n(C)c4)cnc(N)n3n2)n1,tensor([6.0300])
Cn1cc(-c2cnc(N)nc2-c2ccco2)ccc1=O,tensor([7.0500])
Cc1cnc(-c2nc3c(-c4ccc(=O)n(C)c4)cnc(N)n3n2)s1,tensor([7.6600])
Cc1ccc(-c2nc3c(-c4ccc(=O)n(C)c4)cnc(N)n3n2)o1,tensor([7.0500])
Cn1cc(-c2cnc(N)n3nc(-c4ccccn4)nc23)ccc1=O,tensor([7.4200])
Cn1ccc(-c2nc3c(-c4ccc(=O)n(C)c4)cnc(N)n3n2)n1,tensor([6.1400])
Cn1cc(-c2cnc(N)n3nc(-c4nccs4)nc23)ccc1=O,tensor([7.1100])
Cn1cc(-c2cnc(N)n3nc(-c4ccco4)nc23)ccc1=O,tensor([7.6200])
Cc1cccc(-c2nc3c(-c4ccc(=O)n(C)c4)cnc(N)n3n2)n1,tensor([5.7600])
O=c1[nH]c(=O)c2c(C(F)(F)F)cc(-c3ccccc3)nc2[nH]1,tensor([6.7700])
CCn1c(-c2ccco2)nc2c(N)cc(OCCc3ccccc3)cc21,tensor([8.6600])
N=c1nc(N)c2c(C(F)(F)F)cc(-c3ccccc3)nc2[nH]1,tensor([6.2100])
CCn1c(-c2ccco2)nc2c(N)cc(NCCc3ccccc3)cc21,tensor([8.4200])
