smiles,pchembl_value
CN1CC(CNC(=O)OCc2ccccc2)CC2c3cccc4[nH]cc(c34)CC21,6.4
O=C(c1ccc(F)cc1)C1CCN(CCn2c(=O)[nH]c3ccccc3c2=O)CC1,5.55
c1ccc2nc(N3CCNCC3)ccc2c1,5.44
CN1CCN(C2=Nc3cc(Cl)ccc3Nc3ccccc32)CC1,8.02
NCCc1c[nH]c2ccc(O)cc12,7.19
CN1CCN2c3ccccc3Cc3ccccc3C2C1,7.26
O=C(CCCN1CCC2(CC1)C(=O)NCN2c1ccccc1)c1ccc(F)cc1,5.8
CSc1ccc2c(c1)C(N1CCN(C)CC1)Cc1ccccc1S2,9.4
O=S(=O)(c1cccc2ccccc12)n1ccc2ccc(C3CCN4CCCC4C3)cc21,9.22
Cc1ccc(S(=O)(=O)n2ccc3ccc(N4CCN5CCCC5C4)cc32)cc1,8.48
CNc1cc(NS(=O)(=O)c2ccc(N)cc2)cc(NC)n1,7.9
CNc1cc(NS(=O)(=O)c2ccc(N)cc2)nc(NC)n1,7.3
O=S(=O)(c1ccc2ccccc2c1)n1ccc2ccc(N3CCN4CCCCC4C3)cc21,8.52
O=S(=O)(c1cccc2ccccc12)n1ccc2ccc(N3CCN4CCCC4C3)cc21,9.7
O=S(=O)(c1ccc(F)cc1F)n1ccc2ccc(N3CCN4CCCCC4C3)cc21,8.44
O=S(=O)(c1ccccc1)n1ccc2ccc(N3CCN4CCCCC4C3)cc21,8.24
Cc1ccc(S(=O)(=O)n2ccc3ccc(N4CCN5CCCCC5C4)cc32)cc1,8.31
O=S(=O)(c1cccc2ccccc12)n1ccc2ccc(N3CCN4CCCCC4C3)cc21,8.77
Clc1ccc(N2CCN(Cc3c[nH]c4ncccc34)CC2)cc1,5.78
CCCc1ccc(N2CCN(Cc3c[nH]c4ncccc34)CC2)cc1,5.19
COc1ccccc1N1CCN(Cc2c[nH]c3ncccc23)CC1,5.13
FC(F)(F)c1ccc(N2CCN(Cc3c[nH]c4ncccc34)CC2)cc1,5.15
CCc1ccc(N2CCN(Cc3c[nH]c4ncccc34)CC2)cc1,5.35
Cc1c(S(=O)(=O)Nc2ccc3nccc(N4CCNCC4)c3c2)sc2ccc(Cl)cc12,8.7
Cc1c(S(=O)(=O)Nc2ccc3nccc(N4CCN(C)CC4)c3c2)sc2ccc(Cl)cc12,9.0
Cc1cc(N2CCNCC2)c2cc(NS(=O)(=O)c3sc4ccc(Cl)cc4c3C)ccc2n1,8.9
Cc1sc2ccc(Cl)cc2c1S(=O)(=O)Nc1ccc2nccc(N3CCNCC3)c2c1,9.0
O=S(=O)(Nc1ccc2nccc(N3CCNCC3)c2c1)c1ccc2c(Cl)cccc2c1,9.0
CN(C)CCCc1cccc2c1ccn2S(=O)(=O)c1ccccc1,8.1
CCN(CC)CCc1c[nH]c2ccc(NS(=O)(=O)c3cc(Cl)cc(Cl)c3)cc12,8.03
CN1CCC(c2c[nH]c3ccc(NS(=O)(=O)c4cccc5ccccc45)cc23)CC1,8.33
CN1CCC(c2c[nH]c3ccc(NS(=O)(=O)c4cccc5c(Cl)cccc45)cc23)CC1,8.02
CN(C)C(=O)C(=O)c1c[nH]c2ccc(NS(=O)(=O)c3c(Cl)nc4sccn34)cc12,7.74
CCN(CC)CCCc1c[nH]c2ccc(NS(=O)(=O)c3ccc4ccccc4c3)cc12,6.79
CCN(CC)CCc1c[nH]c2ccc(NS(=O)(=O)c3cccc4ccccc34)cc12,8.46
O=S(=O)(Nc1ccc2c(ccn2CCN2CCCC2)c1)c1c(Cl)nc2sccn12,8.01
O=S(=O)(Nc1ccc2ccn(CCN3CCCC3)c2c1)c1c(Cl)nc2sccn12,7.28
O=S(=O)(Nc1ccc2ccn(CCN3CCCC3)c2c1)c1ccc2ccccc2c1,7.0
CN(C)CCn1ccc2cc(NS(=O)(=O)c3cccc4ccccc34)ccc21,7.03
CCN(CC)CCn1ccc2cc(NS(=O)(=O)c3c(Cl)nc4sccn34)ccc21,7.01
Cc1c(S(=O)(=O)Nc2ccc3ccn(CCN(C)C)c3c2)sc2ccc(Cl)cc12,7.04
CN(C)CCc1c[nH]c2ccc(NS(=O)(=O)c3cccc4ccccc34)cc12,9.1
CCN(CC)CCc1c[nH]c2ccc(NS(=O)(=O)c3sc4ccc(Cl)cc4c3C)cc12,9.52
O=S(=O)(Nc1ccc2[nH]cc(CCN3CCCC3)c2c1)c1ccc2ccccc2c1,8.37
Cc1cc2cc(NS(=O)(=O)c3ccc4ccccc4c3)ccc2n1CCN(C)C,7.07
O=S(=O)(Nc1ccc2[nH]cc(CCN3CCCC3)c2c1)c1cccc2ccccc12,8.35
O=S(=O)(CCc1cccc2ccccc12)Nc1ccc2ccn(CCN3CCCC3)c2c1,6.71
CN1CCC(c2c[nH]c3ccc(NS(=O)(=O)c4ccc(Cl)s4)cc23)CC1,7.61
O=S(=O)(Nc1ccc2[nH]cc(CCN3CCOCC3)c2c1)c1ccc2ccccc2n1,6.93
O=S(=O)(Nc1ccc2c(ccn2CCN2CCCCC2)c1)c1c(Cl)nc2sccn12,7.5
CCCN(CCC)CCc1c[nH]c2ccc(NS(=O)(=O)c3ccc4ccccc4c3)cc12,8.41
Cc1c(S(=O)(=O)Nc2ccc3[nH]cc(CN(C)C)c3c2)sc2ccc(Cl)cc12,8.28
CN(C)CCn1ccc2c(NS(=O)(=O)c3ccc4ccccc4c3)cccc21,7.83
Cc1c(S(=O)(=O)Nc2ccc3[nH]cc(CCN4CCCC4)c3c2)sc2ccc(Cl)cc12,8.4
CCN(CC)CCc1c[nH]c2ccc(NS(=O)(=O)c3ccc4ccccc4c3)cc12,8.28
CCN(CC)CCc1c[nH]c2ccc(NS(=O)(=O)c3cccc4c(Cl)cccc34)cc12,8.48
Cc1c(S(=O)(=O)Nc2ccc3ccn(CCN4CCCC4)c3c2)sc2ccc(Cl)cc12,6.96
CCN(CC)C(=O)C(=O)c1c[nH]c2ccc(NS(=O)(=O)c3c(Cl)nc4sccn34)cc12,6.65
O=C1OCc2ccccc2N1C1CCN(S(=O)(=O)c2cccc3ccccc23)CC1,7.29
CCCN(CCC)CCc1c[nH]c2ccc(NS(=O)(=O)c3sc4ccc(Cl)cc4c3C)cc12,9.3
Cc1cccc2c1N(C1CCN(S(=O)(=O)c3cccc4c(N(C)C)cccc34)CC1)C(=O)OC2,6.47
CN1CCC(c2c[nH]c3ccc(NS(=O)(=O)c4cccc5cccnc45)cc23)CC1,7.67
O=C1OCc2ccccc2N1C1CCN(S(=O)(=O)c2csc3ccccc23)CC1,6.9
Cc1cccc2c1N(C1CCN(S(=O)(=O)c3csc4ccccc34)CC1)C(=O)OC2,6.91
CN(C)CCn1ccc2cc(NS(=O)(=O)c3ccc4ccccc4c3)ccc21,7.24
Cc1c(S(=O)(=O)Nc2cccc3c2cc(C)n3CCN(C)C)sc2ccc(Cl)cc12,7.24
Cc1c(S(=O)(=O)Nc2ccc3[nH]cc(CCN(C)C)c3c2)sc2ccc(Cl)cc12,10.0
Cc1cc2cc(NS(=O)(=O)c3cccc4ccccc34)ccc2n1CCN(C)C,6.91
CCN(CC)CCn1ccc2cc(NS(=O)(=O)c3cccc4ccccc34)ccc21,6.93
CN(C)CCn1ccc2cc(NS(=O)(=O)c3c(Cl)nc4sccn34)ccc21,8.72
CN(C)CCn1ccc2c(NS(=O)(=O)c3cccc4ccccc34)cccc21,7.19
O=S(=O)(Nc1ccc2ccn(CCN3CCCC3)c2c1)c1cccc2ccccc12,7.73
Cc1c(S(=O)(=O)Nc2ccc3[nH]cc(CCN4CCOCC4)c3c2)sc2ccc(Cl)cc12,7.82
CN(C)CCc1c[nH]c2ccc(NS(=O)(=O)c3ccc(-c4ccccc4)cc3)cc12,9.4
CCN(CC)CCc1c[nH]c2ccc(NS(=O)(=O)c3ccc(-c4ccccc4)cc3)cc12,9.0
Cc1c(S(=O)(=O)Nc2ccc3[nH]cc(C4CCN(C)CC4)c3c2)sc2ccc(Cl)cc12,9.0
CCCCN(CCCC)CCc1c[nH]c2ccc(NS(=O)(=O)c3cccc4ccccc34)cc12,8.14
COc1ccc(OC)c(S(=O)(=O)N2CCC(N3C(=O)OCc4cccc(C)c43)CC2)c1,6.88
CN(C)CCn1ccc2ccc(NS(=O)(=O)c3c(Cl)nc4sccn34)cc21,7.26
Cc1cc2cc(NS(=O)(=O)c3c(Cl)nc4sccn34)ccc2n1CCN(C)C,7.13
CN(C)CCc1c[nH]c2ccc(NS(=O)(=O)c3ccc4c(Cl)cccc4c3)cc12,9.7
O=S(=O)(Nc1ccc2[nH]cc(CCN3CCOCC3)c2c1)c1ccc2ccccc2c1,6.88
Cc1c(S(=O)(=O)N2CCC(N3C(=O)OCc4ccccc43)CC2)sc2ccc(Cl)cc12,6.97
CN(C)CCn1ccc2ccc(NS(=O)(=O)CCc3cccc4ccccc34)cc21,7.13
COc1ccc2c(c1)c(CCN(C)C)cn2S(=O)(=O)c1ccc(N)cc1,9.22
CCCc1[nH]c2ccc(OC)cc2c1CCN(C)C,6.73
CCc1[nH]c2ccc(OC)cc2c1CCN(C)C,7.8
CN(C)CC[N+]1=CCc2ccccc21,5.72
COc1ccc2c(c1)c(CCN(C)C)cn2S(=O)(=O)c1ccccc1,8.7
CCN(CC)CCc1cn(S(=O)(=O)c2ccccc2)c2ccc(OC)cc12,8.22
CCCc1c(CCN(C)C)c2cc(OC)ccc2n1S(=O)(=O)c1ccccc1,8.64
CN(C)CCC1=CC(Cc2ccccc2)c2ccccc21,8.52
COc1ccc2c(c1)c(CCN(C)C)cn2S(=O)(=O)c1ccc2ccccc2c1,8.8
COc1cccc2c(CCN(C)C)cn(S(=O)(=O)c3ccc4ccccc4c3)c12,8.3
CN(C)CCc1cn(Cc2ccccc2)c2ccccc12,8.22
CNCCC1=CC(CCc2ccccc2)c2ccccc21,7.0
Nc1ccc(CC2C=Cc3ccccc32)cc1,5.35
Nc1ccc(CC2CCc3ccccc32)cc1,5.21
Nc1ccc(Cc2c[nH]c3ccccc23)cc1,5.6
Nc1ccc(SC2CCc3ccccc32)cc1,5.38
CN(C)CCn1cc(Cc2ccc(N)cc2)c2ccccc21,7.3
CNCCC1=CC(Cc2ccccc2)c2ccccc21,8.52
Nc1ccc(C=C2C=Cc3ccccc32)cc1,6.19
CN(C)CCC1=CC(=Cc2ccccc2)c2ccccc21,7.24
Nc1ccc(CC2=CCc3ccccc32)cc1,4.93
CN(C)CCc1cn(CCc2ccccc2)c2ccccc12,7.92
Nc1ccc(S(=O)(=O)C2CCc3ccccc32)cc1,6.13
CN(C)CCn1cc(Cc2ccccc2)c2ccccc21,7.5
CNCCn1cc(S(=O)(=O)c2ccccc2)c2ccccc21,7.81
NCCn1cc(S(=O)(=O)c2ccccc2)c2ccccc21,7.6
CNCCn1cc(S(=O)(=O)c2cccc3ccccc23)c2ccccc21,8.24
NCCn1cc(S(=O)(=O)c2ccccc2)c2ccc(Cl)cc21,6.85
CN(C)CCn1cc(S(=O)(=O)c2cccc3ccccc23)c2ccccc21,8.43
CN(C)CCn1cc(S(=O)(=O)c2ccccc2)c2cc(F)ccc21,7.36
COc1cccc2c(S(=O)(=O)c3ccccc3)cn(CCN(C)C)c12,7.6
CN(C)CCn1cc(S(=O)(=O)c2ccccc2OC(F)(F)F)c2ccccc21,7.8
CN(C)CCn1cc(S(=O)(=O)c2ccccc2)c2ccc(F)cc21,7.34
NCCn1cc(S(=O)(=O)c2ccccc2)c2cc(F)ccc21,7.57
Cc1c(S(=O)(=O)c2ccccc2)c2ccccc2n1CCN(C)C,7.75
CN(C)CCn1cc(S(=O)(=O)Cc2ccccc2)c2ccccc21,6.0
CN(C)CCn1cc(S(=O)(=O)c2ccccc2)c2c(F)cccc21,7.01
Cc1ccc(S(=O)(=O)c2cn(CCN(C)C)c3ccccc23)cc1,7.24
O=S(=O)(c1ccccc1)n1cc(C2=CCNCC2)c2cc(F)ccc21,8.62
Nc1ccc(S(=O)(=O)n2cc(C3=CCNCC3)c3ccccc32)cc1,8.7
O=S(=O)(c1ccccc1)n1cc(C2=CCNCC2)c2ccccc21,8.7
Nc1ccc(S(=O)(=O)n2cc(C3CCNCC3)c3cc(F)ccc32)cc1,8.7
CN1CC=C(c2cn(S(=O)(=O)c3ccccc3)c3ccccc23)CC1,8.7
Nc1ccc(S(=O)(=O)n2cc(C3=CCNCC3)c3ccc(Cl)cc32)cc1,8.52
O=S(=O)(c1ccc(C(F)(F)F)cc1)n1cc(C2=CCNCC2)c2ccccc21,7.7
O=S(=O)(c1ccc(Cl)s1)n1cc(C2=CCNCC2)c2ccccc21,8.52
COc1ccc2c(c1)c(C1=CCNCC1)cn2S(=O)(=O)c1ccc(N)cc1,8.52
COc1ccc2c(c1)c(C1=CCNCC1)cn2S(=O)(=O)c1ccc2ccccc2c1,7.72
O=S(=O)(c1ccccc1F)n1cc(C2=CCNCC2)c2ccccc21,9.0
CN1CC=C(c2cn(S(=O)(=O)c3cccc(Cl)c3)c3ccccc23)CC1,9.0
Nc1ccc(S(=O)(=O)n2cc(C3=CCNCC3)c3cc(F)ccc32)cc1,9.0
Nc1ccc(S(=O)(=O)n2cc(C3=CCNCC3)c3cc4c(cc32)OCO4)cc1,9.0
O=S(=O)(c1ccc(Cl)cc1)n1cc(C2=CCNCC2)c2cc(F)ccc21,7.85
O=S(=O)(c1cccc2ccccc12)n1cc(C2=CCNCC2)c2cc(F)ccc21,8.4
O=S(=O)(c1ccccc1)n1cc(C2CCNCC2)c2cc(F)ccc21,7.7
O=S(=O)(c1nccc2sncc12)n1cc(C2=CCNCC2)c2ccccc21,8.3
CN1CC=C(c2cn(S(=O)(=O)c3ccc(F)cc3)c3ccccc23)CC1,8.3
O=S(=O)(c1ccc(F)cc1)n1cc(C2=CCNCC2)c2cc(F)ccc21,8.52
O=S(=O)(c1ccccc1)n1cc(C2=CCN(Cc3ccccc3)CC2)c2ccccc21,6.61
Nc1ccc(S(=O)(=O)n2cc(C3CCNCC3)c3ccc(Cl)cc32)cc1,8.52
O=S(=O)(c1ccccc1Cl)n1cc(C2=CCNCC2)c2ccccc21,9.4
O=S(=O)(c1ccccc1)n1cc(C2CCNCC2)c2ccccc21,7.92
COc1ccc(S(=O)(=O)n2cc(C3=CCNCC3)c3ccccc32)cc1,7.75
CCCCS(=O)(=O)n1cc(C2=CCNCC2)c2ccccc21,7.11
Nc1ccc(S(=O)(=O)n2cc(C3=CCNCC3)c3cc([N+](=O)[O-])ccc32)cc1,7.54
Nc1ccc(S(=O)(=O)n2cc(C3=CCNCC3)c3cc(Br)ccc32)cc1,8.15
CN1CC=C(c2c[nH]c3ccccc23)CC1,7.01
CN1CC=C(c2cn(S(=O)(=O)c3ccccc3F)c3ccccc23)CC1,8.0
Nc1ccc(S(=O)(=O)n2cc(C3=CCNCC3)c3cc(OCc4ccccc4)ccc32)cc1,7.3
CC(C)(C)OC(=O)N1CC=C(c2cn(S(=O)(=O)c3ccccc3)c3ccccc23)CC1,7.27
Nc1ccc(S(=O)(=O)n2cc(C3=CCNCC3)c3ccc([N+](=O)[O-])cc32)cc1,7.51
CN1CC=C(c2cn(S(=O)(=O)c3ccccc3Cl)c3ccccc23)CC1,8.0
CN1CC=C(c2cn(C(=O)c3ccccc3)c3ccccc23)CC1,7.0
COc1ccc(S(=O)(=O)Nc2ccc3[nH]cc(CC4CCCN4C)c3c2)cc1,9.0
CN1CCCC1Cc1c[nH]c2ccc(NS(=O)(=O)c3ccc(C(F)(F)F)cc3)cc12,9.4
Cc1ccc(S(=O)(=O)Nc2ccc3[nH]cc(CC4CCCN4C)c3c2)cc1,9.0
CN1CCCC1Cc1c[nH]c2ccc(NS(=O)(=O)c3ccc(Cl)c(Cl)c3)cc12,9.0
CN1CCCC1Cc1c[nH]c2ccc(NS(=O)(=O)c3cccc(Cl)c3)cc12,9.4
COc1ccc(Cl)cc1S(=O)(=O)Nc1ccc2[nH]cc(CC3CCCN3C)c2c1,7.62
O=S(=O)(Nc1ccc2[nH]cc(CC3CCCN3)c2c1)c1ccc(I)cc1,9.0
CN1CCCC1Cc1c[nH]c2ccc(NS(=O)(=O)c3ccc(F)cc3)cc12,9.0
Cc1noc(C)c1S(=O)(=O)Nc1ccc2[nH]cc(CC3CCCN3C)c2c1,9.0
CN1CCCC1Cc1c[nH]c2ccc(NS(=O)(=O)c3cccc(C(F)(F)F)c3)cc12,9.0
CC(C)c1ccc(S(=O)(=O)Nc2ccc3[nH]cc(CC4CCCN4)c3c2)cc1,9.0
O=S(=O)(Nc1ccc2[nH]cc(CC3CCCN3)c2c1)c1ccc(Cl)cc1,8.52
O=S(=O)(Nc1ccc2[nH]cc(CC3CCCN3)c2c1)c1ccc(Cl)c(Cl)c1,8.52
CN1CCCC1Cc1c[nH]c2ccc(NS(=O)(=O)c3ccc(I)cc3)cc12,9.52
CN1CCCC1Cc1c[nH]c2ccc(NS(=O)(=O)c3ccc4ccccc4c3)cc12,9.0
CN1CCCC1Cc1c[nH]c2ccc(NS(=O)(=O)c3ccccc3F)cc12,9.0
O=S(=O)(Nc1ccc2[nH]cc(CC3CCCN3)c2c1)c1ccc(F)cc1,8.4
Cc1ccc(S(=O)(=O)Nc2ccc3[nH]cc(CC4CCCN4)c3c2)cc1,8.4
O=S(=O)(Nc1ccc2[nH]cc(CC3CCCN3)c2c1)c1ccccc1,8.4
CN1CCCC1Cc1c[nH]c2ccc(NS(=O)(=O)c3ccc(F)cc3Cl)cc12,7.46
O=S(=O)(Nc1ccc2[nH]cc(CC3CCCN3)c2c1)c1cccc(Cl)c1,8.7
O=S(=O)(Nc1ccc2[nH]cc(CC3CCCN3)c2c1)c1cccc(C(F)(F)F)c1,8.4
O=S(=O)(Nc1ccc2[nH]cc(CC3CCCN3)c2c1)c1ccccc1Cl,8.52
CN1CCCC1Cc1c[nH]c2ccc(NS(=O)(=O)c3ccccc3Br)cc12,8.3
CN1CCCC1Cc1c[nH]c2ccc(NS(=O)(=O)c3ccc(OC(F)(F)F)cc3)cc12,9.0
CN1CCCC1Cc1c[nH]c2ccc(NS(=O)(=O)c3ccccc3)cc12,9.0
O=S(=O)(Nc1ccc2[nH]cc(CC3CCCN3)c2c1)c1ccc(F)cc1Cl,8.05
O=S(=O)(Cc1ccccc1I)Nc1ccc2[nH]cc(CC3CCCN3)c2c1,9.0
CC(C)c1ccc(S(=O)(=O)Nc2ccc3[nH]cc(CC4CCCN4C)c3c2)cc1,9.0
O=S(=O)(Nc1ccc2[nH]cc(CC3CCCN3)c2c1)c1ccc(F)cc1F,8.1
CN1CCCC1Cc1c[nH]c2ccc(NS(=O)(=O)c3ccccc3Cl)cc12,9.0
CN1CCCC1Cc1c[nH]c2ccc(NS(=O)(=O)c3ccc(Br)cc3)cc12,8.05
O=S(=O)(Nc1ccc2[nH]cc(CC3CCCN3)c2c1)c1ccc(Br)cc1,8.52
COc1ccc(S(=O)(=O)Nc2cc(Br)cc(F)c2Br)cc1N1CCNCC1,8.52
COc1ccc(NS(=O)(=O)c2ccc(Br)cc2)cc1N1CCN(C)CC1,8.3
COc1ccc2c(c1)c(CCN(C)C)cn2C(=O)c1ccccc1,7.75
c1ccc(Cc2ccc(N3CCNCC3)c3ccccc23)cc1,7.46
O=S(=O)(c1ccccc1)c1ccc(N2CCNCC2)c2ccccc12,8.42
Nc1ccc(S(=O)(=O)c2cccc3ccccc23)cc1,7.47
O=S(=O)(c1ccc(NO)cc1)c1cccc2ccccc12,7.2
COc1ccccc1N1CCNCC1,8.92
Cc1cn(S(=O)(=O)c2ccc(N)cc2)c2ccccc12,7.92
O=C(c1ccccc1)c1ccc(N2CCNCC2)c2ccccc12,7.24
CCc1cc(N2CCNCC2)c2ccccc2c1,7.68
COc1ccc2c(c1)c(CCN(C)C)cn2-c1ccccc1,7.48
O=S(=O)(c1ccccc1)n1cc(CC2CCCN2)c2ccccc21,8.11
CN1CCCC1Cn1cc(Cc2ccccc2)c2ccccc21,8.0
CN(C)CCc1cn(S(=O)(=O)c2ccccc2)c2ccccc12,8.4
CN1CCCC1Cc1cn(S(=O)(=O)c2ccccc2)c2ccccc12,9.52
CN1CCCC1Cn1ccc2ccccc21,6.26
CN1CCCC1Cc1c[nH]c2ccccc12,8.04
COc1ccc(NS(=O)(=O)c2sc3ccc(Cl)cc3c2C)cc1N1CCN2CCCC2C1,9.1
Nc1ccc(S(=O)(=O)Nc2ccc3cc[nH]c3c2)cc1,5.9
COc1ccc2c(c1)c(CCN)cn2S(=O)(=O)c1cccc2ccccc12,9.1
COc1ccc(NS(=O)(=O)c2cccc(I)c2)cc1N1CCNCC1,9.1
O=S(=O)(c1ccccc1)c1cc2c(N3CCNCC3)cccc2[nH]1,9.9
CNc1cc(NS(=O)(=O)c2ccc(N)cc2)nc(N)n1,6.0
Nc1ccc(S(=O)(=O)n2c3c(c4ccccc42)CCCC3)cc1,7.5
O=S(=O)(Nc1ccc2c(ccn2CCCN2CCCCC2)c1)c1c(Cl)nc2sccn12,6.0
COc1ccc(NS(=O)(=O)c2cccc([N+](=O)[O-])c2)cc1N1CCN(C)CC1,7.1
NCc1cn(S(=O)(=O)c2ccc(N)cc2)c2ccccc12,8.2
CCOC(=O)c1[nH]c2ccccc2c1CCN,7.7
COc1cccc(-c2noc(-c3[nH]c4ccccc4c3CCN)n2)c1,8.9
CC[N+](C)(CC)CCc1cn(S(=O)(=O)c2ccc(NC(C)=O)cc2)c2ccc(OC)cc12,6.6
COc1ccc(S(=O)(=O)N2CCc3ccc(I)cc32)cc1N1CCNCC1,9.5
NCc1cn(S(=O)(=O)c2ccccc2)c2ccccc12,8.5
Cc1c(S(=O)(=O)Nc2ccc3ncc(N4CCNCC4)cc3c2)sc2ccc(Cl)cc12,7.1
COc1cccc2c(CCN)cn(S(=O)(=O)c3ccc4ccccc4c3)c12,8.3
Nc1ccc(S(=O)(=O)Nc2cccc3[nH]ccc23)cc1,7.2
O=S(=O)(Oc1ccc2[nH]cc(C3CCNCC3)c2c1)c1c(F)cccc1F,9.0
Cc1c(S(=O)(=O)Nc2cccc3c2ccn3CCN)sc2ccc(Cl)cc12,7.2
CN(C)CCN(Cc1ccc(-c2ccc(CNCCc3ccccc3)cc2)cc1)C(=O)CCC1CCCC1,5.4
O=S(=O)(Nc1ccc(N2CCNCC2)cc1)c1ccccc1,7.07
O=S(=O)(c1ccccc1)c1ccc(N2CCNCC2)cc1,8.16
O=S(=O)(c1ccccc1)c1ccccc1N1CCNCC1,5.4
NCCc1cccc(S(=O)(=O)Nc2ccccc2)c1,7.16
CN(C)CCc1ccn(S(=O)(=O)c2ccccc2)c1,7.82
NCCc1cccc(S(=O)(=O)c2ccccc2)c1,7.3
CNCCc1cccc(NS(=O)(=O)c2ccccc2)c1,7.42
O=S(=O)(c1ccccc1)c1cccc(N2CCNCC2)c1,8.92
NCCc1cccc(Sc2ccccc2)c1,6.94
NCc1cccc(NS(=O)(=O)c2ccccc2)c1,6.54
NCCc1ccc(S(=O)(=O)c2ccccc2)cc1,7.43
CN(C)CCc1cccc(NS(=O)(=O)c2ccccc2)c1,7.28
COc1ccc(NS(=O)(=O)c2ccccc2)cc1CCN,7.77
Nc1cccc(NS(=O)(=O)c2ccccc2)c1,5.55
O=S(=O)(Nc1cccc(N2CCNCC2)c1)c1ccccc1,7.21
NCCc1ccc(NS(=O)(=O)c2ccccc2)cc1,7.42
CNc1cccc2c1ccn2S(=O)(=O)c1ccc(N)cc1,7.68
CNc1cc(NC)c2ccn(S(=O)(=O)c3ccc(N)cc3)c2c1,8.72
CNc1ccc2ccn(S(=O)(=O)c3ccc(N)cc3)c2c1,8.15
CNc1cc(NC)c2ccn(S(=O)(=O)c3ccccc3)c2c1,7.58
Nc1ccc(S(=O)(=O)n2ccc3c(N4CCNCC4)cccc32)cc1,9.4
c1cc(N2CCNCC2)c2cc[nH]c2c1,5.57
Cn1c(=O)cnn(CCCCN2CCN(c3cccc4ccc(O[11CH3])cc34)CC2)c1=O,6.92
COc1ccc2ccn(S(=O)(=O)c3ccc(N)cc3)c2c1,8.74
CNc1cccc2c1c1c(n2S(=O)(=O)c2ccc(N)cc2)CCCC1,6.78
CNc1ccc2c3c(n(S(=O)(=O)c4ccc(N)cc4)c2c1)CCCC3,6.69
COc1cc(OC)c2c3c(n(S(=O)(=O)c4ccc(N)cc4)c2c1)CCCC3,6.68
O=S(=O)(c1ccccc1)c1c[nH]c2c(N3CCNCC3)nccc12,7.6
O=S(=O)(c1cccc2ccccc12)n1ccc2c(N3CCNCC3)c(Cl)ccc21,8.1
O=S(=O)(c1ccc(Cl)cc1)n1ccc2c(N3CCNCC3)c(Cl)ccc21,8.2
O=S(=O)(c1ccccc1)n1ccc2c(N3CCNCC3)c(Cl)ccc21,8.8
O=S(=O)(c1ccc2ccccc2c1)n1ccc2c(N3CCNCC3)c(Cl)ccc21,7.6
O=S(=O)(c1cccc(Cl)c1)c1c[nH]c2c(N3CCNCC3)cccc12,9.5
O=S(=O)(c1ccccc1)c1coc2c(N3CCNCC3)cccc12,8.9
O=S(=O)(c1ccccc1)c1c[nH]c2c(N3CCNCC3)ccnc12,8.1
O=S(=O)(c1ccccc1)c1csc2c(N3CCNCC3)cccc12,9.3
Cc1cc2c(N3CCNCC3)cccc2n1S(=O)(=O)c1cccc(Cl)c1,9.4
O=S(=O)(c1ccc(Cl)cc1)n1ccc2c(N3CCNCC3)cccc21,8.7
Cc1cn(S(=O)(=O)c2cccc(Cl)c2)c2cccc(N3CCNCC3)c12,9.2
O=S(=O)(c1cccc(Cl)c1)n1cc(Cl)c2c(N3CCNCC3)cccc21,9.5
O=S(=O)(c1ccccc1Cl)n1ccc2c(N3CCNCC3)c(Cl)ccc21,9.0
N#Cc1ccc2c(ccn2S(=O)(=O)c2cccc(Cl)c2)c1N1CCNCC1,8.3
O=S(=O)(c1cccc(Cl)c1)n1ccc2c(N3CCNCC3)cccc21,9.6
O=S(=O)(c1ccccn1)n1ccc2c(N3CCNCC3)c(Cl)ccc21,9.3
O=S(=O)(c1ccccn1)n1ccc2c(N3CCNCC3)cccc21,9.0
O=S(=O)(c1cccc(Cl)c1)n1ccc2c(N3CCNCC3)ccc(Cl)c21,9.5
O=S(=O)(c1cccc(Cl)c1)n1ccc2c(N3CCNCC3)c(Cl)ccc21,8.6
O=S(=O)(c1ccccc1Cl)n1ccc2c(N3CCNCC3)cccc21,9.4
Cc1c(S(=O)(=O)n2ccc3c(N4CCNCC4)cccc32)sc2ccc(Cl)cc12,8.5
COc1ccc2c(c1)c(CN(C)C)cn2S(=O)(=O)c1ccccc1,8.82
Cc1ccc(S(=O)(=O)n2cc(CC3CCCN3C)c3ccccc32)cc1,8.3
COc1ccc(S(=O)(=O)n2cc(CC3CCCN3C)c3ccccc32)cc1OC,8.1
Cc1ccc(S(=O)(=O)n2c3c(c4ccccc42)CCNC3)cc1,6.57
O=S(=O)(c1ccc(F)cc1)n1cc(C2=CCCNC2)c2ccccc21,7.98
O=S(=O)(c1ccc(Cl)s1)n1cc(C2CCCNC2)c2ccccc21,8.52
COc1ccc(S(=O)(=O)n2cc(C3CCN(C)C3)c3ccccc32)cc1OC,8.3
O=S(=O)(c1ccc(Cl)c(Cl)c1)n1cc(CC2CCCN2)c2ccccc21,7.31
CN1CCC(c2cn(S(=O)(=O)c3ccc(Cl)c(Cl)c3)c3ccccc23)C1,8.52
O=S(=O)(c1ccccc1Br)n1cc(CC2CCCN2)c2ccccc21,7.37
COc1ccc(S(=O)(=O)n2cc(C3=CCCNC3)c3ccccc32)cc1,7.8
O=S(=O)(c1cccc(Cl)c1)n1c2c(c3ccccc31)CCNC2,7.38
Cc1ccc(S(=O)(=O)n2cc(CC3CCCN3)c3ccccc32)cc1,7.48
CN1CCCC1Cc1cn(S(=O)(=O)c2ccc(Cl)c(Cl)c2)c2ccccc12,7.92
O=S(=O)(c1cccc(Cl)c1)n1cc(C2=CCCNC2)c2ccccc21,7.85
O=S(=O)(c1cccc(C(F)(F)F)c1)n1cc(C2=CCCNC2)c2ccccc21,7.35
COc1ccc(S(=O)(=O)n2cc(CC3CCCN3)c3ccccc32)cc1OC,7.64
Cc1ccc(S(=O)(=O)n2cc(C3CCN(Cc4ccccc4)C3)c3ccccc32)cc1,8.1
COc1ccc(S(=O)(=O)n2cc(CC3CCCN3)c3ccccc32)cc1,7.4
O=S(=O)(c1ccccc1Br)n1cc(C2CCN(Cc3ccccc3)C2)c2ccccc21,7.85
O=S(=O)(c1ccccc1C(F)(F)F)n1cc(C2=CCCNC2)c2ccccc21,7.66
Cc1c(S(=O)(=O)n2cc(CC3CCCN3C)c3ccccc32)sc2ccc(Cl)cc12,7.96
CN1CCCC1Cc1cn(S(=O)(=O)c2ccc(I)cc2)c2ccccc12,8.52
O=S(=O)(c1ccc(F)c(F)c1)n1cc(C2CCCNC2)c2ccccc21,8.15
Cc1nc(N)sc1S(=O)(=O)n1cc(C2CCN(Cc3ccccc3)C2)c2ccccc21,8.52
O=S(=O)(c1ccc(Cl)cc1)n1cc(CC2CCCN2)c2ccccc21,7.31
CN1CCCC1Cc1cn(S(=O)(=O)c2ccc(N)cc2)c2ccccc12,8.52
O=S(=O)(c1ccc(Cl)cc1)n1cc(C2=CCCNC2)c2ccccc21,7.66
Nc1ccc(S(=O)(=O)n2cc(CC3CCCN3)c3ccccc32)cc1,8.15
O=S(=O)(c1ccc(Cl)c(Cl)c1)n1cc(C2=CCCNC2)c2ccccc21,7.32
CN1CCCC1Cc1cn(S(=O)(=O)c2cccc(Cl)c2)c2ccccc12,8.4
O=S(=O)(c1ccccc1)n1c2c(c3ccccc31)CCNC2,6.6
CN1CCC(c2cn(S(=O)(=O)c3ccc(Cl)cc3)c3ccccc23)C1,9.0
COc1ccc(S(=O)(=O)n2cc(C3CCCNC3)c3ccccc32)cc1,8.0
Nc1ccc(S(=O)(=O)n2c3c(c4ccccc42)CCNC3)cc1,6.94
CN1CCCC1Cc1cn(S(=O)(=O)c2ccc(Cl)s2)c2ccccc12,8.4
CN1CCCC1Cc1cn(S(=O)(=O)c2ccc(Cl)cc2)c2ccccc12,8.15
O=S(=O)(c1cccc(Cl)c1Cl)n1cc(C2=CCCNC2)c2ccccc21,7.7
Nc1ccc(S(=O)(=O)n2cc(C3CCN(Cc4ccccc4)C3)c3ccccc32)cc1,9.0
O=S(=O)(c1cccc(F)c1)n1cc(C2=CCCNC2)c2ccccc21,8.07
O=S(=O)(c1ccccc1F)n1cc(C2=CCCNC2)c2ccccc21,8.04
O=S(=O)(c1ccc(Br)s1)n1cc(C2CCN(Cc3ccccc3)C2)c2ccccc21,8.05
Cc1nc(C)c(S(=O)(=O)n2cc(C3=CCCNC3)c3ccccc32)o1,7.24
O=S(=O)(c1ccccc1)n1cc(C2CCCNC2)c2ccccc21,9.0
CN1CCCC1Cc1cn(S(=O)(=O)c2ccccc2Br)c2ccccc12,8.15
Cc1c(S(=O)(=O)n2cc(C3CCCNC3)c3ccccc32)sc2ccc(Cl)cc12,7.36
O=S(=O)(c1ccc(Cl)c(Cl)c1)n1cc(C2CCN(Cc3ccccc3)C2)c2ccccc21,7.82
O=S(=O)(c1cccc(Cl)c1)n1cc(CC2CCCN2)c2ccccc21,7.66
O=S(=O)(c1ccc(F)c(F)c1)n1cc(C2=CCCNC2)c2ccccc21,7.58
COc1ccc(S(=O)(=O)n2cc(CC3CCCN3C)c3ccccc32)cc1,7.71
O=S(=O)(c1cccs1)n1cc(C2CCCNC2)c2ccccc21,8.01
O=S(=O)(c1ccc(F)cc1F)n1cc(C2=CCCNC2)c2ccccc21,7.89
O=S(=O)(c1ccc(C(F)(F)F)cc1)n1cc(C2CCCNC2)c2ccccc21,8.0
Cc1cc(Cl)n(CS(=O)(=O)n2cc(C3=CCCNC3)c3ccccc32)n1,8.1
CN1CCC(c2cn(S(=O)(=O)c3ccc(F)cc3)c3ccccc23)C1,8.7
O=S(=O)(c1ccccc1)n1cc(C2=CCCNC2)c2ccccc21,8.34
O=S(=O)(c1ccccc1Cl)n1cc(C2=CCCNC2)c2ccccc21,7.89
O=S(=O)(c1cccc(Cl)c1)n1cc(C2CCCNC2)c2ccccc21,8.7
CN1CCCC1Cc1cn(S(=O)(=O)c2ccc(Br)s2)c2ccccc12,8.52
O=S(=O)(c1ccc(Cl)s1)n1cc(C2=CCCNC2)c2ccccc21,7.64
O=S(=O)(c1ccc(I)cc1)n1cc(CC2CCCN2)c2ccccc21,7.47
COc1ccc(NC(=O)N2CCN(c3ccc(Cl)cc3)CC2)cc1N1CCN(C)CC1,5.29
COc1ccc(NC(=O)N2CCN(c3ccccc3OC)CC2)cc1N1CCN(C)CC1,5.62
COc1ccc(NC(=O)N2CCN(c3ccc(-c4ccccc4)cc3)CC2)cc1N1CCN(C)CC1,5.84
Cc1ccc2c(OCCN3CCC(Cc4cc5c(cc4F)OCC(=O)N5)CC3)cc(Cl)cc2n1,5.1
Cc1cc(N2CC(C)NC(C)C2)c2c(c1)N(S(=O)(=O)c1ccc(Cl)cc1)CCO2,7.4
CN(C)CCNc1cccc2c1OC(C)(C)CN2S(=O)(=O)c1cccc(F)c1,6.9
O=S(=O)(c1cccc2nonc12)N1CCOc2c(N3CCNCC3)cc(Cl)cc21,9.3
O=S(=O)(c1ccccc1)N1CCOc2c(N3CCNCC3)cccc21,7.9
Cc1cc(N2CCNCC2)c2c(c1)N(S(=O)(=O)c1ccccc1C#N)CCO2,8.7
O=S(=O)(c1cccc(Cl)c1)N1CCOc2c(N3CCNCC3)cccc21,8.7
Nc1cccc2c1OCCN2S(=O)(=O)c1ccccc1F,6.2
Cc1cc(N2CCNCC2)c2c(c1)N(S(=O)(=O)c1ccccc1F)CCO2,9.4
Nc1ccc(S(=O)(=O)N2CCOc3c(N4CCNCC4)cc(F)cc32)cc1,8.9
O=S(=O)(c1cccc2cccnc12)N1CCOc2c(N3CCNCC3)cc(Cl)cc21,9.2
O=S(=O)(c1cccc2ccccc12)N1CCOc2c(N3CCNCC3)cc(Cl)cc21,9.1
CC1(C)CN(S(=O)(=O)c2ccccc2)c2cc(F)cc(C3CCNCC3)c2O1,8.4
COc1cc(N2CCNCC2)c2c(c1)N(S(=O)(=O)c1ccccc1F)CCO2,9.8
O=S(=O)(c1ccccc1)N1CCOc2c(N3CCCNCC3)cc(Cl)cc21,8.4
CC(C)(C)c1cc(N2CCNCC2)c2c(c1)N(S(=O)(=O)c1ccccc1F)CCO2,8.1
O=S(=O)(c1ccccc1F)N1CCOc2c(N3CCNCC3)cccc21,8.9
O=S(=O)(c1ccccc1F)N1CCOc2c(N3CCNCC3)cc(F)cc21,9.2
CC1(C)CN(S(=O)(=O)c2cccc(F)c2)c2cc(F)cc(C3CCNCC3)c2O1,8.3
CS(=O)(=O)c1ccccc1S(=O)(=O)N1CCOc2c(N3CCNCC3)cccc21,6.5
O=S(=O)(c1cccc(F)c1)N1CCOc2c(N3CCNCC3)cccc21,8.0
COc1cc(N2CCNCC2)c2c(c1)N(S(=O)(=O)c1ccccc1)CCO2,9.4
CS(=O)(=O)Nc1cccc(S(=O)(=O)N2CCOc3c(N4CCNCC4)cccc32)c1,6.7
O=S(=O)(c1ccccc1F)N1CCOc2c(N3CCNCC3)cc(Cl)cc21,9.4
CC1(C)CN(S(=O)(=O)c2ccccc2F)c2cccc(N3CCNCC3)c2O1,9.5
Cc1cc(N2CCNCC2)c2c(c1)N(S(=O)(=O)c1ccccc1)CCO2,8.6
O=S(=O)(c1ccccc1F)N1CC2(CCC2)Oc2c(N3CCNCC3)cccc21,9.2
O=C1c2ccccc2C(=O)N1CCCCN1CC=C(c2c[nH]c3ccc(F)cc23)CC1,6.4
Cc1cc2c(s1)Nc1ccccc1N=C2N1CCN(C)CC1,8.1
CN(C)CCCN1c2ccccc2Sc2ccc(Cl)cc21,7.3
O=C1CCc2ccc(OCCCCN3CCN(c4cccc(Cl)c4Cl)CC3)cc2N1,6.7
CCN1CCCC(n2cc(S(=O)(=O)c3cccc(F)c3)c3cccnc32)C1,8.36
O=S(=O)(c1ccc(Br)cc1)c1cn(C2CCNC2)c2ncccc12,8.37
O=S(=O)(c1ccc(F)cc1)c1cn(C2CCNC2)c2ncccc12,8.07
CCN1CCC(n2cc(S(=O)(=O)c3cccc(F)c3)c3cccnc32)C1,8.08
CN1CCCC(n2cc(S(=O)(=O)c3ccc(Cl)s3)c3cccnc32)C1,8.72
CCN1CCC(n2cc(S(=O)(=O)c3cccc(Cl)c3)c3cccnc32)C1,8.48
CCN1CCCC(n2cc(S(=O)(=O)c3cc(Cl)cc(Cl)c3)c3cccnc32)C1,7.87
O=S(=O)(c1ccccc1Cl)c1cn(C2CCCNC2)c2ncccc12,8.43
CN1CCCC(n2cc(S(=O)(=O)c3cc(Cl)cc(Cl)c3)c3cccnc32)C1,8.41
CC(C)N1CCCC(n2cc(S(=O)(=O)C3=C(Cl)NC4SC=CN34)c3cccnc32)C1,8.77
CN1CCC(n2cc(S(=O)(=O)c3ccc(Cl)cc3)c3cccnc32)C1,8.38
O=S(=O)(c1cccc(C(F)(F)F)c1)c1cn(C2CCCNC2)c2ncccc12,8.34
CN1CCCC(n2cc(S(=O)(=O)C3=C(Cl)NC4SC=CN34)c3cccnc32)C1,8.7
O=S(=O)(c1ccccc1)c1cn(C2CCCNC2)c2ncccc12,8.31
CN1CCC(n2cc(S(=O)(=O)c3ccccc3)c3cccnc32)C1,8.6
O=S(=O)(c1ccc(C(F)(F)F)cc1)c1cn(C2CCCNC2)c2ncccc12,7.92
O=S(=O)(c1ccc(Cl)cc1)c1cn(C2CCNC2)c2ncccc12,8.26
O=S(=O)(c1cccc(F)c1)c1cn(C2CCNC2)c2ncccc12,8.57
CN1CCC(n2cc(S(=O)(=O)c3ccccc3Cl)c3cccnc32)C1,8.66
CN1CCCC(n2cc(S(=O)(=O)c3cccc(C(F)(F)F)c3)c3cccnc32)C1,8.68
O=S(=O)(c1cn(C2CCNC2)c2ncccc12)c1cccc2cccnc12,8.24
CN1CCCC(n2cc(S(=O)(=O)c3ccc(Cl)cc3)c3cccnc32)C1,7.94
O=S(=O)(c1ccccc1F)c1cn(C2CCCNC2)c2ncccc12,8.7
O=S(=O)(c1ccc(Cl)cc1)c1cn(C2CCCNC2)c2ncccc12,8.12
CC(C)N1CCCC(n2cc(S(=O)(=O)c3cccc(F)c3)c3cccnc32)C1,8.47
CCN1CCCC(n2cc(S(=O)(=O)c3ccccc3)c3cccnc32)C1,8.44
CC(C)N1CCCC(n2cc(S(=O)(=O)c3cccc(Br)c3)c3cccnc32)C1,8.03
O=S(=O)(c1ccccc1F)c1cn(C2CCNC2)c2ncccc12,8.7
CN1CCC(n2cc(S(=O)(=O)c3ccc(F)cc3)c3cccnc32)C1,8.3
CCN1CCC(n2cc(S(=O)(=O)c3ccccc3)c3cccnc32)C1,7.96
CN1CCC(n2cc(S(=O)(=O)c3ccccc3F)c3cccnc32)C1,8.25
CC(C)N1CCCC(n2cc(S(=O)(=O)c3ccc(Cl)cc3)c3cccnc32)C1,7.96
O=S(=O)(c1cc(Cl)cc(Cl)c1)c1cn(C2CCCNC2)c2ncccc12,8.21
CN1CCCC(n2cc(S(=O)(=O)c3cccc(F)c3)c3cccnc32)C1,8.33
O=S(=O)(c1cccc(Br)c1)c1cn(C2CCCNC2)c2ncccc12,8.42
CCN1CCCC(n2cc(S(=O)(=O)c3ccc(Cl)s3)c3cccnc32)C1,8.49
CCN1CCCC(n2cc(S(=O)(=O)c3ccc(Cl)cc3)c3cccnc32)C1,7.47
CN1CCC(n2cc(S(=O)(=O)c3cccc(Br)c3)c3cccnc32)C1,9.05
CCN1CCCC(n2cc(S(=O)(=O)C3=C(Cl)NC4SC=CN34)c3cccnc32)C1,9.15
O=S(=O)(c1cccc(Cl)c1)c1cn(C2CCCNC2)c2ncccc12,8.89
CCN1CCC(n2cc(S(=O)(=O)C3=C(Cl)NC4SC=CN34)c3cccnc32)C1,8.85
O=S(=O)(Cc1ccc(Cl)s1)c1cn(C2CCNC2)c2ncccc12,9.0
CN1CCC(n2cc(S(=O)(=O)c3cccc(Cl)c3)c3cccnc32)C1,8.82
O=S(=O)(c1cccc(C(F)(F)F)c1)c1cn(C2CCNC2)c2ncccc12,8.89
O=S(=O)(c1cccc(Br)c1)c1cn(C2CCNC2)c2ncccc12,8.89
O=S(=O)(c1ccc(Cl)s1)c1cn(C2CCCNC2)c2ncccc12,8.92
O=S(=O)(c1cccc(Cl)c1)c1cn(C2CCNC2)c2ncccc12,8.82
O=S(=O)(C1=C(Cl)NC2SC=CN12)c1cn(C2CCCNC2)c2ncccc12,9.15
CN1CCC(n2cc(S(=O)(=O)C3=C(Cl)NC4SC=CN34)c3cccnc32)C1,9.1
O=S(=O)(C1=C(Cl)NC2SC=CN12)c1cn(C2CCNC2)c2ncccc12,9.0
NCCc1cn(S(=O)(=O)c2cc(Cl)c(Cl)s2)c2ccccc12,7.51
NCCc1cn(S(=O)(=O)c2ccc(Br)s2)c2ccccc12,8.15
COc1ccc(S(=O)(=O)n2cc(CCN)c3ccccc32)cc1OC,8.15
NCCc1cn(S(=O)(=O)c2ccccc2I)c2ccccc12,7.8
NCCc1cn(S(=O)(=O)c2ccc(Cl)cc2)c2ccccc12,8.0
NCCc1cn(S(=O)(=O)c2ccccc2Br)c2ccccc12,7.96
NCCc1cn(S(=O)(=O)c2ccc(I)cc2)c2ccccc12,7.85
NCCc1cn(S(=O)(=O)c2ccc(N)cc2)c2ccccc12,9.0
NCCc1cn(S(=O)(=O)c2ccc(Cl)c(Cl)c2)c2ccccc12,7.52
Cc1ccc(S(=O)(=O)n2cc(CCN)c3ccccc32)cc1,8.1
NCCc1cn(S(=O)(=O)c2ccc(F)cc2)c2ccccc12,7.68
NCCc1cn(S(=O)(=O)c2c(Cl)nc3sccn23)c2ccccc12,8.7
NCCc1cn(S(=O)(=O)c2cccc(Cl)c2)c2ccccc12,8.22
CN1C=C(S(=O)(=O)n2cc(CCN)c3ccccc32)SC1N,8.0
COc1ccc(S(=O)(=O)n2cc(CCN)c3ccccc32)cc1,7.33
NCCc1cn(S(=O)(=O)c2ccc(Cl)s2)c2ccccc12,8.22
CN(C)CCc1cn(Cc2ccc(N)cc2)c2ccccc12,7.36
CN(C)CCc1cn(S(=O)(=O)C2CCCCC2)c2ccccc12,6.68
Cc1ccc(Cn2cc(CCN(C)C)c3ccccc32)cc1,7.54
CN(C)CC1CCCc2c1c1ccccc1n2Cc1ccccc1,6.87
CN(C)CCc1cn(Cc2ccc(C(F)(F)F)cc2)c2ccccc12,6.35
CCCCCCCCS(=O)(=O)n1cc(CCN(C)C)c2ccccc21,6.36
CN(C)CC1CCCc2c1c1ccccc1n2S(=O)(=O)c1ccccc1,8.82
CN(C)CCc1cn(Cc2ccc(Cl)cc2)c2ccccc12,7.7
Cc1ccc(S(=O)(=O)n2cc(CCN(C)C)c3ccccc32)cc1,8.6
CCCCS(=O)(=O)n1cc(CCN(C)C)c2ccccc21,6.87
CN(C)CCc1cn(S(=O)(=O)c2ccc(Cl)cc2)c2ccccc12,7.03
COc1ccc(Cn2cc(CCN(C)C)c3ccccc32)cc1,6.88
CN(C)CCc1cn(S(=O)(=O)c2ccc(C(F)(F)F)cc2)c2ccccc12,8.72
Nc1ccc(Cn2ccc3ccccc32)cc1,5.09
COc1ccc(S(=O)(=O)n2cc(CCN(C)C)c3ccccc32)cc1,7.89
Nc1ccc(Cn2c3c(c4ccccc42)CCCC3)cc1,5.22
CN(C)CCc1cn(S(=O)(=O)c2ccc(N)cc2)c2ccccc12,9.1
CCCCc1ccc(S(=O)(=O)Nc2ccc3c(c2)CNCC3)cc1,7.6
CC(C)c1cc2c(cc1NS(=O)(=O)c1ccc(-c3ccc(Cl)cc3)cc1)CCN(C)CC2,7.9
CCCCc1ccc(S(=O)(=O)Nc2ccc3c(c2)CNC3)cc1,7.3
Cc1cc(S(=O)(=O)Nc2ccc3c(c2)CCN(C)CC3)ccc1-c1ccc(Cl)cc1,8.3
CN1CCc2ccc(NS(=O)(=O)c3ccc(-c4ccc(Cl)cc4)cc3)cc2CC1,8.3
CCCCc1ccc(S(=O)(=O)Nc2ccc3c(c2)CCNCC3)cc1,8.7
CN1CCc2cc(Cl)c(NS(=O)(=O)c3ccc(-c4ccc(Cl)cc4)cc3)cc2CC1,7.3
CCCCc1ccc(S(=O)(=O)Nc2ccc3c(c2)CN(C)C3)cc1,8.3
CN1CCc2ccc(NS(=O)(=O)c3ccc(-c4ccc(F)c(Cl)c4)cc3)cc2CC1,8.1
COc1cc2c(cc1NS(=O)(=O)c1ccc(-c3ccc(Cl)cc3)cc1)CCN(C)CC2,8.0
CN1CCc2cc(Br)c(NS(=O)(=O)c3ccc(-c4ccc(Cl)cc4)cc3)cc2CC1,7.3
CCCCc1ccc(S(=O)(=O)Nc2ccc3c(c2)CCN(C)CC3)cc1,8.9
CN1CCc2ccc(NS(=O)(=O)c3ccc(-c4ccc(Cl)cc4)s3)cc2CC1,8.4
Cc1noc(C)c1-c1ccc(S(=O)(=O)Nc2ccc3c(c2)CCN(C)CC3)cc1,8.0
Cc1cc2c(cc1NS(=O)(=O)c1ccc(-c3ccc(Cl)cc3)cc1)CCN(C)CC2,7.8
CC(C)Oc1cc2c(cc1NS(=O)(=O)c1ccc(-c3ccc(Cl)cc3)cc1)CCN(C)CC2,7.5
Cc1ccc(-c2ccc(S(=O)(=O)Nc3ccc4c(c3)CCN(C)CC4)cc2)s1,8.2
CCN(CC)CCc1cn(S(=O)(=O)c2ccccc2)c2ccccc12,7.85
COc1ccc2[nH]cc(CCN(C)Cc3ccccc3)c2c1,6.97
COc1ccc2c(CCN(C)C)cn(S(=O)(=O)c3ccccc3)c2c1,7.82
CN(C)CCc1c2n(c3ccccc13)S(=O)(=O)c1ccccc1-2,6.84
CN(C)CCc1cn2c3c(cccc13)-c1ccccc1S2(=O)=O,5.35
CCN(CC)c1ccc(C2(C)C(=O)Nc3cc(Cl)cc(Cl)c3C2=O)cc1,8.04
CC1(c2ccc(Br)cc2)C(=O)Nc2cc(Cl)cc(Cl)c2C1=O,6.52
CCNc1ccc(C2(C)C(=O)Nc3cc(Cl)cc(Cl)c3C2=O)cc1,7.55
COc1ccc(C2(C)C(=O)Nc3cc(Cl)cc(Cl)c3C2=O)cc1,6.83
CC1(c2ccc(I)cc2)C(=O)Nc2cc(Cl)cc(Cl)c2C1=O,6.02
COc1cc(Cl)c2c(c1)NC(=O)C(C)(c1ccccc1)C2=O,6.46
CNc1cc(N2CCCNCC2)ccc1S(=O)(=O)c1ccc(F)cc1,8.85
CN(C)c1ccc(C2(C)C(=O)Nc3cc(Cl)cc(Cl)c3C2=O)cc1,6.46
CNc1ccc(C2(C)C(=O)Nc3cc(Cl)cc(Cl)c3C2=O)cc1,6.59
CC1(c2ccccc2)C(=O)Nc2cc(Br)cc(Br)c2C1=O,6.71
CN(C)c1cc(Cl)c2c(c1)NC(=O)C(C)(c1ccccc1)C2=O,6.15
COc1cc(Br)c2c(c1)NC(=O)C(C)(c1ccccc1)C2=O,7.13
CC1(c2ccc(O)cc2)C(=O)Nc2cc(Cl)cc(Cl)c2C1=O,7.91
Nc1ccc(S(=O)(=O)c2cc(Br)nc(N3CCCC3)c2)cc1,9.0
CC1(c2ccc(N)cc2)C(=O)Nc2cc(Cl)cc(Cl)c2C1=O,6.81
COc1cc2c(c(OC)c1)C(=O)C(C)(c1ccccc1)C(=O)N2,6.14
CC1(c2cccc(O)c2)C(=O)Nc2cc(Cl)cc(Cl)c2C1=O,7.52
CC1(c2ccc(O)c(Br)c2)C(=O)Nc2cc(Cl)cc(Cl)c2C1=O,7.11
CC1NC(NCC(F)F)=Nc2cccc(Cl)c21,5.35
CC1NC(N)=Nc2cccc(Cl)c21,5.99
NC1=Nc2ccc(Cl)c(Cl)c2CN1,5.94
CN(C)C1CCc2c(cccc2NS(=O)(=O)c2ccccc2)C1,7.31
CCc1[nH]c2ccc(OC)cc2c1CC1CCCN1C,8.74
CN(C)CCc1cn(Sc2ccccc2)c2ccccc12,7.05
Cc1ccc2c(OCCN3CCC(Cc4cccc(N5CCCS5(=O)=O)c4)CC3)cccc2n1,5.8
COc1c(OCCF)cccc1C(O)C1CCN(CCc2ccc(F)cc2)CC1,5.42
O=S(=O)(c1cccc(C(F)(F)F)c1)n1c2c(c3ccccc31)CCNCC2,7.05
COc1cccc(S(=O)(=O)n2c3c(c4ccccc42)CCN(C2CCCC2)CC3)c1,6.49
O=S(=O)(c1ccc(F)cc1)n1c2c(c3ccccc31)CCNCC2,7.64
O=S(=O)(c1cccc(Cl)c1)n1c2c(c3ccccc31)CCNCC2,7.39
COc1ccccc1S(=O)(=O)n1c2c(c3ccccc31)CCNCC2,7.72
COc1cccc(S(=O)(=O)n2c3c(c4ccccc42)CCN(Cc2ccccc2)CC3)c1,6.86
O=S(=O)(c1ccccc1Cl)n1c2c(c3ccccc31)CCNCC2,7.72
CCCN1CCc2c(n(S(=O)(=O)c3cccc(OC)c3)c3ccccc23)CC1,6.91
CCN1CCc2c(n(S(=O)(=O)c3cccc(OC)c3)c3ccccc23)CC1,7.3
COc1cccc(S(=O)(=O)n2c3c(c4ccccc42)CCN(C2CCCCC2)CC3)c1,6.6
O=S(=O)(c1ccc2c(Cl)cccc2c1)n1c2c(c3ccccc31)CCNCC2,7.62
Cc1ccc(S(=O)(=O)n2c3c(c4ccccc42)CCNCC3)cc1,7.54
COc1ccc(S(=O)(=O)n2c3c(c4ccccc42)CCNCC3)cc1,7.48
O=S(=O)(c1ccccc1)n1c2c(c3ccccc31)CCNCC2,6.71
COc1cccc(S(=O)(=O)n2c3c(c4ccccc42)CCN(CCc2ccccc2)CC3)c1,6.3
Cc1cccc(S(=O)(=O)n2c3c(c4ccccc42)CCNCC3)c1,7.17
COc1cccc(S(=O)(=O)n2c3c(c4ccccc42)CCN(C(C)C)CC3)c1,7.07
O=S(=O)(c1ccc(Cl)cc1)n1c2c(c3ccccc31)CCNCC2,7.75
COc1cccc(S(=O)(=O)n2c3c(c4ccccc42)CCN(C)CC3)c1,7.72
O=S(=O)(c1cccc(F)c1)n1c2c(c3ccccc31)CCNCC2,7.48
O=S(=O)(c1ccc(C(F)(F)F)cc1)n1c2c(c3ccccc31)CCNCC2,7.34
CC1=C(CCN2CCCC2)c2cc(NS(=O)(=O)c3c(Cl)nc4sccn34)ccc2C1,7.77
O=S(=O)(Nc1ccc2c(c1)C(CCN1CCCCC1)=CC2)c1c(Cl)nc2sccn12,7.51
CC1=C(CCN2CCCC2)c2cc(NS(=O)(=O)c3sc4ccc(Cl)cc4c3C)ccc2C1,7.7
CC1=C(CCN(C)C)c2cc(NS(=O)(=O)c3cccc4ccccc34)ccc2C1,6.56
CC1=C(CCN(C)C)c2cc(NS(=O)(=O)c3csc4ccccc34)ccc2C1,7.28
CN(C)CCC1=CCc2ccc(NS(=O)(=O)c3c(Cl)nc4sccn34)cc21,8.0
CC1=C(CCN(C)C)c2cc(NS(=O)(=O)c3c(Cl)nc4sccn34)ccc2C1,8.35
CC1=C(CCN(C)C)c2cc(NS(=O)(=O)c3ccc4ccccc4c3)ccc2C1=Cc1ccccc1,6.67
O=C(CCCN1CCC(O)(c2ccc(Cl)cc2)CC1)c1ccc(F)cc1,5.22
OCCOCCN1CCN(C2=Nc3ccccc3Sc3ccccc32)CC1,5.85
Cc1nc2n(c(=O)c1CCN1CCC(c3noc4cc(F)ccc34)CC1)CCCC2,5.7
O=C(CCCN1CCCN(c2ccc(Cl)cc2)CC1)c1ccc(F)cc1,6.53
Cc1c(COc2cccc(F)c2)cccc1C1CCNCC1,8.19
Cc1c(OS(=O)(=O)c2cccc(F)c2)cccc1C1CCNCC1,7.74
Cc1c(OCc2cccnc2)cccc1N1CCNCC1,6.9
Cc1c(OC(C)c2ccccc2)cccc1N1CCNCC1,7.34
Cc1c(C2CCNCC2)ccnc1OCc1cccc(C(F)(F)F)c1,7.72
Cc1c(OS(=O)(=O)c2cccc(Cl)c2)cccc1C1CCNCC1,7.58
Cc1c(OC(C)c2cccc(F)c2)cccc1C1CCNCC1,8.16
Cc1cccc(S(=O)(=O)Oc2cccc(C3CCNCC3)c2C)c1,7.82
Cc1c(OCc2cccc(Cl)c2)cccc1N1CCNCC1,9.22
Cc1c(OS(=O)(=O)c2ccccc2F)cccc1C1CCNCC1,7.87
Cc1c(OCc2ccc(F)c(F)c2)cccc1C1CCNCC1,7.38
Cc1c(OCc2ccc(F)c(F)c2)cccc1N1CCNCC1,8.03
Cc1ccc(S(=O)(=O)Oc2cccc(C3CCNCC3)c2C)cc1,7.54
CCC(Oc1nccc(C2CCNCC2)c1C)c1cccc(Cl)c1,8.19
Cc1c(OCc2cccc(C#N)c2)cccc1N1CCNCC1,7.82
Cc1c(OC(C)c2cccc(Cl)c2)cccc1C1CCNCC1,8.55
Cc1c(OCc2ccccc2F)cccc1N1CCNCC1,7.94
Cc1ccccc1S(=O)(=O)Oc1cccc(C2CCNCC2)c1C,8.0
Cc1c(C2CCNCC2)ccnc1OC(c1cccc(F)c1)C(F)(F)F,8.37
Cc1c(OCc2ccc(Cl)c(Cl)c2)cccc1C1CCNCC1,6.66
Cc1c(COc2cccc(Cl)c2)cccc1C1CCNCC1,8.46
Cc1c(OCc2cccc(C#N)c2)cccc1C1CCNCC1,6.76
CCc1ccc(S(=O)(=O)Oc2cccc(C3CCNCC3)c2C)cc1,7.95
Cc1c(OS(=O)(=O)c2ccc(Cl)cc2)cccc1C1CCNCC1,7.61
Cc1c(C2CCNCC2)ccnc1OCc1ccc(Cl)cc1,7.3
CCC(Oc1cccc(C2CCNCC2)c1C)c1cccc(Cl)c1,7.75
Cc1c(C2CCNCC2)ccnc1OCc1cccc(Cl)c1,8.09
Cc1cccc(COc2cccc(C3CCNCC3)c2C)c1,7.03
Cc1c(OS(=O)(=O)c2ccc3ccccc3c2)cccc1C1CCNCC1,8.57
Cc1c(C2CCNCC2)ccnc1OC(c1cccc(Cl)c1)C(F)(F)F,8.62
Cc1c(OCc2ccc(Cl)c(Cl)c2)cccc1N1CCNCC1,7.21
Cc1c(C2CCNCC2)ccnc1OCc1cccc(F)c1,7.75
Cc1c(OS(=O)(=O)c2ccccc2Cl)cccc1C1CCNCC1,8.24
Cc1c(OCc2cccc(F)c2)cccc1C1CCNCC1,8.6
Cc1c(C2CCNCC2)ccnc1OCc1ccc(F)cc1F,6.62
Cc1c(OS(=O)(=O)c2ccccc2)cccc1C1CCNCC1,7.71
Cc1c(C2CCNCC2)ccnc1OC(C)c1ccccc1,7.31
CN(C)CCC(=O)Nc1ccc2cnn(S(=O)(=O)c3cccc4ccccc34)c2c1,8.74
NCCC(=O)Nc1ccc2cnn(S(=O)(=O)c3cccc4ccccc34)c2c1,9.3
CNCCC(=O)Nc1ccc2cnn(S(=O)(=O)c3cccc4ccccc34)c2c1,8.92
O=C(Nc1ccc2cnn(S(=O)(=O)c3cccc4ccccc34)c2c1)C1CCNCC1,8.64
O=S(=O)(c1cccc2ccccc12)n1ncc2ccc(NCC3CCNCC3)cc21,7.75
NCCC(=O)Nc1cccc2c1cnn2S(=O)(=O)c1cccc2ccccc12,8.1
CCN(CC)CCC(=O)Nc1ccc2cnn(S(=O)(=O)c3cccc4ccccc34)c2c1,8.68
CC(C)CN1CCN(c2nc3c(S(=O)(=O)c4cccc5ccccc45)cccc3o2)CC1,6.75
O=S(=O)(c1cccc2ccccc12)c1cccc2oc(N3CCN(CCCc4ccccc4)CC3)nc12,6.9
O=S(=O)(c1cccc2ccccc12)c1cccc2oc(N3CCNCC3)nc12,8.51
O=S(=O)(c1ccc2oc(N3CCNCC3)nc2c1)c1cccc2ccccc12,7.28
O=S(=O)(c1ccc(C(F)(F)F)cc1)c1cccc2oc(N3CCNCC3)nc12,7.48
COc1cccc(S(=O)(=O)c2cccc3oc(N4CCNCC4)nc23)c1,7.6
O=S(=O)(c1cc(Cl)ccc1Cl)c1cccc2oc(N3CCNCC3)nc12,7.89
O=S(=O)(c1cccc(Cl)c1)c1cccc2oc(N3CCNCC3)nc12,7.51
O=S(=O)(c1cccc2ccccc12)c1cccc2oc(N3CCN(C4CCCC4)CC3)nc12,7.1
CN1CCN(c2nc3c(S(=O)(=O)c4cccc5ccccc45)cccc3o2)CC1,8.01
CC(C)c1ccc(S(=O)(=O)c2cccc3oc(N4CCNCC4)nc23)cc1,7.66
O=S(=O)(c1cccc2ccccc12)c1cccc2oc(N3CCN(C4CCC4)CC3)nc12,7.14
CCCCN1CCN(c2nc3c(S(=O)(=O)c4cccc5ccccc45)cccc3o2)CC1,7.06
O=S(=O)(c1cccc(F)c1)c1cccc2oc(N3CCNCC3)nc12,7.27
O=S(=O)(c1cccc(C(F)(F)F)c1)c1cccc2oc(N3CCNCC3)nc12,7.66
O=S(=O)(c1ccc(F)cc1)c1cccc2oc(N3CCNCC3)nc12,7.19
CC(C)N1CCN(c2nc3c(S(=O)(=O)c4cccc5ccccc45)cccc3o2)CC1,7.89
O=S(=O)(c1cccc2ccccc12)c1cccc2nc(N3CCNCC3)oc12,8.15
CCCN1CCN(c2nc3c(S(=O)(=O)c4cccc5ccccc45)cccc3o2)CC1,7.44
CCN1CCN(c2nc3c(S(=O)(=O)c4cccc5ccccc45)cccc3o2)CC1,7.92
CN(C)CCn1cc(S(=O)(=O)c2ccccc2)c2cccnc21,7.64
NCCn1cc(S(=O)(=O)c2cccc(F)c2)c2ncccc21,7.12
CN(C)CCn1cc(S(=O)(=O)c2ccccc2)c2nc(Cl)ccc21,6.67
CN(C)CCn1cc(S(=O)(=O)c2cccc(F)c2)c2cccnc21,8.31
CC(=O)c1ccc2c(n1)c(S(=O)(=O)c1cccc3ccccc13)cn2CCN(C)C,8.77
CC(=O)c1ccc2c(n1)c(S(=O)(=O)c1ccc(Br)cc1)cn2CCN(C)C,8.41
Cc1cccc(S(=O)(=O)c2cn(CCN)c3cccnc23)c1,7.34
CN(C)CCn1cc(S(=O)(=O)c2ccccc2)c2ncccc21,6.43
CC(=O)c1ccc2c(n1)c(S(=O)(=O)c1ccccc1)cn2CCN(C)C,7.25
CC(=O)c1ccc2c(n1)c(S(=O)(=O)c1cccc(F)c1)cn2CCN(C)C,7.95
CN(C)CCn1cc(S(=O)(=O)c2cccc(F)c2)c2ncccc21,6.7
NCCn1cc(S(=O)(=O)c2cccc(Cl)c2)c2ncccc21,7.46
O=S(=O)(c1ccccc1)c1c[nH]c2cccc(CCN3CCCCC3)c12,6.36
CN1CCN(c2cccc3[nH]c(C(=O)c4cccc5ccccc45)nc23)CC1,7.47
CN1CCN(c2cccc3[nH]c(Cc4ccccc4)nc23)CC1,7.17
c1ccc2c(Cc3nc4c(N5CCNCC5)cccc4[nH]3)cccc2c1,7.8
O=C(c1nc2c(N3CCNCC3)cccc2[nH]1)c1cccc2ccccc12,7.89
NCCn1cc(S(=O)(=O)c2cccc(C(F)(F)F)c2)c2cccnc21,8.68
NCCn1cc(S(=O)(=O)c2ccc(F)cc2)c2cccnc21,7.66
CNCCn1cc(S(=O)(=O)c2cccc(F)c2)c2cccnc21,9.0
Cc1c(S(=O)(=O)c2ccccc2)c2cccnc2n1CCN,8.38
CN(C)CCn1cc(S(=O)(=O)c2cc(Cl)cc(Cl)c2)c2cccnc21,8.37
NCCn1cc(S(=O)(=O)c2cccc(Cl)c2)c2cccnc21,8.7
Cc1c(S(=O)(=O)c2ccccc2)c2cccnc2n1CCN(C)C,8.33
CN(C)CCn1cc(S(=O)(=O)c2cccs2)c2cccnc21,7.82
NCCn1cc(S(=O)(=O)c2cccc(F)c2)c2cccnc21,8.33
NCCn1cc(S(=O)(=O)c2ccccc2C(F)(F)F)c2cccnc21,8.68
CN(C)CCn1cc(S(=O)(=O)c2c(Cl)nc3sccn23)c2cccnc21,9.05
CN(C)CCn1cc(S(=O)(=O)c2cc(Cl)ccc2Cl)c2cccnc21,7.93
CN(C)CCn1cc(S(=O)(=O)c2cccc(Cl)c2)c2cccnc21,8.64
CN(C)CCn1cc(S(=O)(=O)c2cccc3ccccc23)c2cccnc21,9.0
O=S(=O)(c1cccc(F)c1)c1cn(CCN2CCCC2)c2ncccc12,7.06
CN(C)CCn1cc(S(=O)(=O)c2c(Cl)cccc2Cl)c2cccnc21,8.05
O=S(=O)(c1cccc(Cl)c1)c1cn(CCN2CCCC2)c2ncccc12,7.35
CN(C)CCn1cc(S(=O)(=O)c2ccc(F)cc2)c2cccnc21,7.35
CN(C)CCn1cc(S(=O)(=O)c2ccc(Cl)s2)c2cccnc21,8.48
NCCn1cc(S(=O)(=O)c2ccccc2)c2cccnc21,8.26
CNCCn1cc(S(=O)(=O)c2cccc(Cl)c2)c2cccnc21,9.52
CC1Cc2ccc(NS(=O)(=O)c3c(Cl)nc4sccn34)cc2C1=NNC(=N)N,8.8
N=C(N)NN=C1CCc2cc(NS(=O)(=O)c3c(Cl)nc4sccn34)ccc21,8.59
O=S(=O)(Nc1ccc2c(c1)C(=NNC1=NCCN1)CC2)c1c(Cl)nc2sccn12,8.66
CN(c1ccc2c(c1)C(=NNC(=N)N)CC2)S(=O)(=O)c1c(Cl)nc2sccn12,8.39
CC1(C)CC(=NNC(=N)N)c2cc(NS(=O)(=O)c3c(Cl)nc4sccn34)ccc21,8.28
CN1CCC(C2=CCc3ccc(NS(=O)(=O)c4c(Cl)nc5sccn45)cc32)C1,8.52
CN1CCOc2ccc(S(=O)(=O)Nc3ccc4c(c3)C(=NNC(=N)N)CC4)cc21,7.58
N=C(N)NN=C1CCc2ccc(NS(=O)(=O)c3c(Cl)nc4sccn34)cc21,8.92
CN1CCOc2ccc(S(=O)(=O)Nc3ccc4c(c3)C(=NNC3=NCCN3)CC4)cc21,7.16
Cc1ccc2c(c1)c1c(n2CCc2ccccc2)CCN(C)C1,8.7
Cc1ccc2c(c1)c1c(n2CCc2ccc(C)nc2)CCN(C)C1,7.47
Cc1ccc(CCn2c3c(c4cc(C)ccc42)CN(C)CC3)cc1,8.62
Cc1ccc2c(c1)c1c(n2C=Cc2ccccc2)CCN(C)C1,9.21
CC1=CC(C)(C)c2ccc(NS(=O)(=O)c3c(Cl)nc4sccn34)cc21,7.1
CC1=C(C2CCCN(C)C2)c2cc(NS(=O)(=O)c3c(Cl)nc4sccn34)ccc2C1,7.75
O=S(=O)(Nc1ccc2c(c1)C(C1CCNC1)=CC2)c1c(Cl)nc2sccn12,8.52
COc1cc2c(cc1NS(=O)(=O)c1c(Cl)nc3sccn13)C(C)=C(C)C2,7.19
CC(C)n1nc2ccc(N3CCC(N)C3)cc2c1S(=O)(=O)c1cccc2ccccc12,7.31
NC1CCN(c2ccc3[nH]nc(S(=O)(=O)c4ccc5ccccc5c4)c3c2)CC1,7.74
NC1CCN(c2ccc3[nH]nc(S(=O)(=O)c4cccc5ccccc45)c3c2)CC1,8.37
CN(C)C1CCN(c2ccc3[nH]nc(S(=O)(=O)c4cccc5ccccc45)c3c2)C1,9.29
NC1CCN(c2ccc3[nH]nc(S(=O)(=O)c4cccc(Cl)c4)c3c2)CC1,8.1
Cc1ccc(S(=O)(=O)c2n[nH]c3ccc(N4CCC(N)CC4)cc23)c2ccccc12,8.44
NC1CCN(c2ccc3[nH]nc(S(=O)(=O)c4cccc5ccccc45)c3c2)C1,8.51
CC(C)Cn1nc2ccc(N3CCC(N)C3)cc2c1S(=O)(=O)c1cccc2ccccc12,7.12
NC1CCN(c2ccc3[nH]nc(S(=O)(=O)c4cccc5c(Cl)cccc45)c3c2)CC1,8.35
Cn1nc(S(=O)(=O)c2cccc3ccccc23)c2cc(N3CCC(N)C3)ccc21,7.68
Cn1nc2ccc(N3CCC(N)C3)cc2c1S(=O)(=O)c1cccc2ccccc12,7.26
CC(C)n1nc(S(=O)(=O)c2cccc3ccccc23)c2cc(N3CCC(N)C3)ccc21,7.86
NC1CN(c2ccc3[nH]nc(S(=O)(=O)c4cccc5ccccc45)c3c2)C1,8.45
CC(C)Cn1nc(S(=O)(=O)c2cccc3ccccc23)c2cc(N3CCC(N)C3)ccc21,7.43
CC(C)c1ccc(S(=O)(=O)c2n[nH]c3ccc(N4CCC(N)CC4)cc23)cc1,7.88
CN1CCCC(n2cc(S(=O)(=O)c3cccc4ccccc34)c3ccccc32)C1,8.15
O=S(=O)(c1ccccc1)c1cn(C2CCCNC2)c2ccccc12,7.89
O=S(=O)(c1ccccc1)c1cn(C2CCCN(Cc3ccccc3)C2)c2ccccc12,6.91
O=S(=O)(c1ccccc1)c1cn(C2CCN(Cc3ccccc3)C2)c2ccccc12,6.95
CN1CCC(n2cc(S(=O)(=O)c3cccc(F)c3)c3cc(F)ccc32)C1,8.3
COc1ccc2c(c1)c(S(=O)(=O)c1cccc(F)c1)cn2C1CCCN(C)C1,7.17
CCN1CCCC(n2cc(S(=O)(=O)c3ccccc3)c3ccccc32)C1,8.14
CCN1CCCC(n2cc(S(=O)(=O)c3cccc(F)c3)c3cc(OC)ccc32)C1,7.8
CN1CCC(n2cc(S(=O)(=O)c3cccc4ccccc34)c3ccccc32)C1,8.22
O=S(=O)(c1cccc(F)c1)c1cn(C2CCNC2)c2ccc(F)cc12,8.02
O=S(=O)(c1cccc(F)c1)c1cn(C2CCCNC2)c2ccccc12,8.22
COc1ccc2c(c1)c(S(=O)(=O)c1cccc(F)c1)cn2C1CCCNC1,7.97
COc1ccc2c(S(=O)(=O)c3cccc(Cl)c3)cn(C3CCNC3)c2c1,8.34
O=S(=O)(c1cccc(F)c1)c1cn(C2CCNC2)c2cc(Cl)ccc12,7.14
O=S(=O)(c1cccc(F)c1)c1cn(C2CCNC2)c2ccccc12,8.33
O=S(=O)(c1cn(C2CCCNC2)c2ccccc12)c1cccc2cccnc12,8.25
O=S(=O)(c1cccc(F)c1)c1cn(C2CCNC2)c2cc(F)ccc12,7.75
O=S(=O)(c1ccccc1)c1cn(C2CCN(Cc3ccccc3)CC2)c2ccccc12,7.31
O=S(=O)(c1ccccc1)c1cn(C2CCNCC2)c2ccccc12,7.04
O=S(=O)(c1ccccc1)c1cn(C2CCNC2)c2ccccc12,8.3
CN1CCC(n2cc(S(=O)(=O)c3cccc(Cl)c3)c3ccccc32)C1,8.89
CN1CCC(n2cc(S(=O)(=O)c3cccc(F)c3)c3ccccc32)C1,8.46
CN1CCC(n2cc(S(=O)(=O)c3cccc4cccnc34)c3ccccc32)C1,8.55
O=S(=O)(c1cccc2ccccc12)c1cn(C2CCNC2)c2ccccc12,7.63
O=S(=O)(c1cccc(F)c1)c1cn(C2CCNC2)c2ccc(Cl)cc12,7.82
O=S(=O)(c1cn(C2CCNC2)c2ccccc12)c1cccc2cccnc12,8.82
O=S(=O)(c1cccc(F)c1)c1cn(C2CCCNC2)c2ccc(F)cc12,8.4
CN1CCc2[nH]c3ccc(S(=O)(=O)Nc4cccc(F)c4)cc3c2C1,8.68
CSc1nn2c3c(cnc2c1S(=O)(=O)c1ccccc1)CCC3,9.34
CSc1nn2c(C)c3c(nc2c1S(=O)(=O)c1ccccc1)CCCC3,9.17
CSc1nn2cc3c(nc2c1S(=O)(=O)c1ccccc1)CCCC3,8.1
CSc1nn2c3c(c(C)nc2c1S(=O)(=O)c1ccccc1)CCCC3,9.36
CSc1nn2c3c(cnc2c1S(=O)(=O)c1ccccc1)CCCC3,9.26
COc1cc(C)c(S(=O)(=O)N2CC(C(=O)N(C)C3CCN(C)CC3)c3ccccc32)c(C)c1C,7.0
COc1ccc(S(=O)(=O)N2CC(C(=O)NC3CCN(Cc4ccccc4)CC3)c3ccccc32)c2ccccc12,7.3
COc1ccc(S(=O)(=O)N2CC(C(=O)N(C)C3CCN(C)CC3)c3ccccc32)c(C)c1C,7.0
CN1CCC(N(C)C(=O)C2CN(S(=O)(=O)c3cccc4ccccc34)c3ccccc32)CC1,7.5
CCN(CC)CCCNC(=O)C1CN(S(=O)(=O)c2ccc(OC)c3ccccc23)c2ccccc21,7.1
COc1ccc(S(=O)(=O)N2CC(C(=O)NCCCn3ccnc3)c3ccccc32)c2ccccc12,7.1
COc1ccc(S(=O)(=O)N2CC(C(=O)NC3CCN(C)CC3)c3ccccc32)c2ccccc12,7.6
COc1ccc(S(=O)(=O)N2CC(C(=O)N3CC(CN)C3)c3ccccc32)c2ccccc12,7.1
COc1ccc(S(=O)(=O)N2CC(C(=O)NC3CC4CCC(C3)N4C)c3ccccc32)c2ccccc12,7.5
COc1ccc(S(=O)(=O)N2CC(C(=O)N3CCCNCC3)c3ccccc32)c2ccccc12,8.9
COc1cccc(N2CCN(C(=O)C3CN(S(=O)(=O)c4ccc(OC)c5ccccc45)c4ccccc43)CC2)c1,7.2
CN1CCC(N(C)C(=O)C2CN(S(=O)(=O)C3=CC4CCOC4C=C3)c3ccccc32)CC1,7.5
CCN(CC)CCNC(=O)C1CN(S(=O)(=O)c2ccc(OC)c3ccccc23)c2ccccc21,7.7
CN1CCC(N(C)C(=O)C2CN(S(=O)(=O)c3ccc4ccccc4c3)c3ccccc32)CC1,7.6
CN1CCC(N(C)C(=O)C2CN(S(=O)(=O)c3ccc(OC(F)(F)F)cc3)c3ccccc32)CC1,7.7
CN1CCC(N(C)C(=O)C2CN(S(=O)(=O)c3ccc(C(F)(F)F)cc3)c3ccccc32)CC1,7.6
CN1CCC(N(C)C(=O)C2CN(S(=O)(=O)c3ccc4c(c3)OCCO4)c3ccccc32)CC1,7.3
COc1ccc(S(=O)(=O)N2CC(C(=O)N3CCNCC3)c3ccccc32)c2ccccc12,8.1
Cc1cnc2c(S(=O)(=O)N3CC(C(=O)N(C)C4CCN(C)CC4)c4ccccc43)cccc2c1,6.5
CN1CCC(N(C)C(=O)C2CN(S(=O)(=O)c3ccc(-c4ccccc4)cc3)c3ccccc32)CC1,6.9
COc1ccc(S(=O)(=O)N2CC(C(=O)NCCCN3CCOCC3)c3ccccc32)c2ccccc12,7.5
CN1CCC(N(C)C(=O)C2CN(S(=O)(=O)c3cccc(-c4ccccc4)c3)c3ccccc32)CC1,7.5
CN1CCC(N(C)C(=O)C2CN(S(=O)(=O)c3cccc4c(Cl)cccc34)c3ccccc32)CC1,8.3
Cc1c(S(=O)(=O)N2CC(C(=O)N(C)C3CCN(C)CC3)c3ccccc32)sc2ccc(Cl)cc12,7.2
CN1CCC(N(C)C(=O)C2CN(S(=O)(=O)c3cccc4nsnc34)c3ccccc32)CC1,6.9
CN1CCC(N(C)C(=O)C2CN(S(=O)(=O)c3ccccc3)c3ccccc32)CC1,6.5
CN1CCC(N(C)C(=O)C2CN(S(=O)(=O)c3cccs3)c3ccccc32)CC1,6.5
Cn1ccc(S(=O)(=O)c2ccc3c(c2)CCCC3CN)c1,8.1
NCC1CCCc2cc(S(=O)(=O)Cc3ccccc3)ccc21,6.8
CC(=N)NCC1CCCc2cc(S(=O)(=O)c3ccccc3)ccc21,9.2
O=C(NCC1CCCc2cc(S(=O)(=O)c3cccc(F)c3)ccc21)C1CCCN1,9.2
O=C(NCC1CCCc2cc(S(=O)(=O)c3cccc(F)c3)ccc21)c1ncc[nH]1,7.8
NCC1CCCc2cc(S(=O)(=O)c3cccc(O)c3)ccc21,9.6
NC(=O)NCC1CCCc2cc(S(=O)(=O)c3ccccc3)ccc21,9.2
CN(CC1CCCc2cc(S(=O)(=O)c3cccc(F)c3)ccc21)S(C)(=O)=O,9.4
O=C(CO)NCC1CCCc2cc(S(=O)(=O)c3cccc(F)c3)cc(F)c21,9.6
COCCNCC1CCCc2cc(S(=O)(=O)c3cccc(F)c3)ccc21,9.6
O=C(NCC1CCCc2cc(S(=O)(=O)c3cccc(F)c3)ccc21)c1ccc[nH]1,8.3
CNS(=O)(=O)NCC1CCCc2cc(S(=O)(=O)c3cccc(F)c3)ccc21,9.0
COc1cccc(S(=O)(=O)c2ccc3c(c2)CCCC3CN)c1,9.4
N=C(N)NC(=O)CC1CCCc2cc(S(=O)(=O)c3cccc(F)c3)ccc21,9.2
NCC(=O)NCC1CCCc2cc(S(=O)(=O)c3cccc(F)c3)ccc21,9.5
CC(=O)NCC1CCCc2cc(S(=O)(=O)c3ccccc3)cc(F)c21,9.5
NCC1CCCc2cc(S(=O)(=O)c3cc(F)cc4[nH]cnc34)ccc21,8.3
CN(C)C(=O)NCC1CCCc2cc(S(=O)(=O)c3cccc(F)c3)ccc21,8.6
O=S(=O)(c1cccc(F)c1)c1ccc2c(c1)CCCC2CN1CCCS1(=O)=O,7.5
CNC(=O)NCC1CCCc2cc(S(=O)(=O)c3cccc(F)c3)ccc21,9.4
NC(=O)NCC1CCCc2cc(S(=O)(=O)c3cccc(F)c3)ccc21,9.7
CNC(=O)CNCC1CCCc2cc(S(=O)(=O)c3cccc(F)c3)ccc21,9.0
N=C(N)NCC1CCCc2cc(S(=O)(=O)c3ccccc3)ccc21,9.8
O=C1CN(CC2CCCc3cc(S(=O)(=O)c4cccc(F)c4)ccc32)CCN1,8.2
O=S(=O)(c1cccc(F)c1)c1ccc2c(c1)CCCC2CNCCO,9.9
N#Cc1cccc(S(=O)(=O)c2ccc3c(c2)CCCC3C=N)c1,9.3
NS(=O)(=O)NCC1CCCc2cc(S(=O)(=O)c3cccc(F)c3)ccc21,9.9
CC(=O)NCC1CCCc2cc(S(=O)(=O)c3cccc(F)c3)ccc21,9.9
CC(=O)N(C)CC1CCCc2cc(S(=O)(=O)c3cccc(F)c3)ccc21,8.8
NC(=O)CNCC1CCCc2cc(S(=O)(=O)c3cccc(F)c3)ccc21,10.0
CNCC1CCCc2cc(S(=O)(=O)c3cc[nH]c3)ccc21,9.8
O=C1CN=C(NCC2CCCc3cc(S(=O)(=O)c4cccc(F)c4)ccc32)N1,10.0
O=S(=O)(c1cccc(F)c1)c1ccc2c(c1)CCCC2CN1CC(O)C1,10.0
O=C(CO)NCC1CCCc2cc(S(=O)(=O)c3cccc(F)c3)ccc21,10.0
CC(C)(C)C(=O)NCC1CCCc2cc(S(=O)(=O)c3cccc(F)c3)ccc21,8.4
COCC(=O)NCC1CCCc2cc(S(=O)(=O)c3cccc(F)c3)ccc21,9.1
CN(C)CC1CCCc2cc(S(=O)(=O)c3ccccc3)ccc21,10.2
NCC1CCCc2cc(S(=O)(=O)c3c[nH]c4ccccc34)ccc21,10.3
NCC1CCCc2cc(S(=O)(=O)c3cncs3)ccc21,9.1
COC(=O)NCC1CCCc2cc(S(=O)(=O)c3cccc(F)c3)ccc21,8.8
NCC1CCCc2cc(S(=O)(=O)c3ccccc3)ccc21,9.8
O=S(=O)(c1cccc(F)c1)c1cc(F)c2c(c1)CCCC2CNCCO,9.8
O=S(=O)(O)CCCNCC1CCCc2cc(S(=O)(=O)c3cccc(F)c3)ccc21,8.9
CNCC1CCCc2cc(S(=O)(=O)c3ccccc3)ccc21,9.5
NCC1CCCc2cc(S(=O)(=O)c3cn[nH]c3)ccc21,8.7
CC(C)(O)C(=O)NCC1CCCc2cc(S(=O)(=O)c3cccc(F)c3)ccc21,8.7
NC(=O)NCC1CCCc2cc(S(=O)(=O)c3cccc(F)c3)cc(F)c21,9.7
CS(=O)(=O)NCC1CCCc2cc(S(=O)(=O)c3cccc(F)c3)ccc21,9.7
CN(C)S(=O)(=O)NCC1CCCc2cc(S(=O)(=O)c3cccc(F)c3)ccc21,8.7
O=S(=O)(c1ccccc1)c1ccc2c(c1)CCCC2CNc1ncccn1,7.6
CN(CC(N)=O)CC1CCCc2cc(S(=O)(=O)c3cccc(F)c3)ccc21,8.9
CN(CC1CCCc2cc(S(=O)(=O)c3cccc(F)c3)ccc21)S(N)(=O)=O,8.4
O=S(=O)(c1cccc(F)c1)c1ccc2c(c1)CCCC2CNS(=O)(=O)C(F)(F)F,7.5
CS(=O)(=O)c1cccc(S(=O)(=O)c2ccc3c(c2)CCCC3CN)c1,8.4
CNCC(=O)NCC1CCCc2cc(S(=O)(=O)c3cccc(F)c3)ccc21,9.8
CN(CC1CCCc2cc(S(=O)(=O)c3cccc(F)c3)ccc21)C(N)=O,7.4
Cc1nc2c(S(=O)(=O)c3ccccc3)c(N3CCNCC3)nn2c2c1CCCC2,5.75
Cc1nc2c(S(=O)(=O)c3ccccc3)c(N3CCNCC3)nn2c2c1CCC2,6.06
CN(C)c1nn2c3c(cnc2c1S(=O)(=O)c1ccccc1)CCC3,7.54
CNc1nn2c3c(cnc2c1S(=O)(=O)c1ccccc1)CCCC3,9.59
CNc1nn2cc3c(nc2c1S(=O)(=O)c1ccccc1)CCCC3,9.27
Cc1nc2c(S(=O)(=O)c3ccccc3)c(N(C)C)nn2c2c1CCC2,7.59
O=S(=O)(c1ccccc1)c1nnn2c1nc(NCc1ccco1)c1sccc12,8.55
Cc1ccc(C)c(S(=O)(=O)c2nnn3c2nc(N)c2sccc23)c1,7.34
CC12CC3CC(C)(C1)CC(Nc1nc4c(S(=O)(=O)c5ccccc5)nnn4c4ccsc14)(C3)C2,7.58
O=S(=O)(c1ccccc1)c1nnn2c1nc(NC1CCCC1)c1sccc12,8.26
O=S(=O)(c1ccccc1)c1nnn2c1nc(NCc1cccs1)c1sccc12,8.77
O=S(=O)(c1ccc(Br)cc1)c1nnn2c1nc(NCc1ccc3c(c1)OCO3)c1sccc12,7.54
CN(Cc1ccccc1)c1nc2c(S(=O)(=O)c3ccccc3)nnn2c2ccsc12,8.64
CN(Cc1ccccc1)c1nc2c(S(=O)(=O)c3cccc(Cl)c3)nnn2c2ccsc12,8.46
O=S(=O)(c1ccccc1)c1nnn2c1nc(NCC1CCCO1)c1sccc12,8.09
O=S(=O)(c1cccc(Cl)c1)c1nnn2c1nc(NCc1cccnc1)c1sccc12,7.83
O=S(=O)(c1ccccc1)c1nnn2c1nc(N1CCCC1)c1sccc12,7.06
CC(C)CCNc1nc2c(S(=O)(=O)c3ccc(Br)cc3)nnn2c2ccsc12,7.8
CCCCN1CCC(COC(=O)c2cc(Cl)c(NC)c3c2OCCO3)CC1,6.31
COc1ccc(NS(=O)(=O)c2ccc(-c3ncc(-c4ccc(N(C)C)cc4)o3)cc2)cc1N1CCNCC1,6.28
COc1ccc(NS(=O)(=O)c2cccc3c(N(C)C)cccc23)cc1N1CCN(CCCCCCNS(=O)(=O)c2cccc3c(N(C)C)cccc23)CC1,6.26
COc1ccc(NS(=O)(=O)c2sc3ccc(Cl)cc3c2C)cc1N1CCN(CCCCCCCCNS(=O)(=O)c2cccc3c(N(C)C)cccc23)CC1,6.35
Cc1c(S(=O)(=O)Nc2ccc(OCCCCCCCCNS(=O)(=O)c3cccc4c(N(C)C)cccc34)c(N3CCNCC3)c2)sc2ccc(Cl)cc12,6.13
COc1ccc(NS(=O)(=O)c2sc3ccc(Cl)cc3c2C)cc1N1CCN(CCCCCCNS(=O)(=O)c2cccc3c(N(C)C)cccc23)CC1,6.58
COc1ccc(N(CCCCNS(=O)(=O)c2cccc3c(N(C)C)cccc23)S(=O)(=O)c2sc3ccc(Cl)cc3c2C)cc1N1CCNCC1,6.13
COc1ccc(NS(=O)(=O)c2cccc3c(N(C)C)cccc23)cc1N1CCN(CCCCCCCCNS(=O)(=O)c2cccc3c(N(C)C)cccc23)CC1,6.71
COc1ccc(NS(=O)(=O)c2sc3ccc(Cl)cc3c2C)cc1N1CCN(S(=O)(=O)c2cccc3c(N(C)C)cccc23)CC1,6.78
COc1ccc(NS(=O)(=O)c2cccc3c(N(C)C)cccc23)cc1N1CCN(CCCCNS(=O)(=O)c2cccc3c(N(C)C)cccc23)CC1,6.76
COc1ccc(N(S(=O)(=O)c2sc3ccc(Cl)cc3c2C)S(=O)(=O)c2cccc3c(N(C)C)cccc23)cc1N1CCNCC1,7.57
COc1ccc(N(S(=O)(=O)c2cccc3c(N(C)C)cccc23)S(=O)(=O)c2cccc3c(N(C)C)cccc23)cc1N1CCNCC1,6.87
COc1ccc(N(CCCCCCCCNS(=O)(=O)c2cccc3c(N(C)C)cccc23)S(=O)(=O)c2sc3ccc(Cl)cc3c2C)cc1N1CCNCC1,6.67
COc1ccc(NS(=O)(=O)c2sc3ccc(Cl)cc3c2C)cc1N1CCN(CCCCCCNC(=O)CCCCC2SCC3NC(=O)NC32)CC1,7.05
CCCn1nc(S(=O)(=O)c2cccc3ccccc23)c2cc(N3CCN(C)CC3)ccc21,8.74
COc1ccc(S(=O)(=O)c2n[nH]c3ccc(N4CCN(C)CC4)cc23)cc1,7.92
CN1CCN(c2ccc3[nH]nc(S(=O)(=O)c4c(Cl)cccc4Cl)c3c2)CC1,8.59
CN1CCN(c2ccc3[nH]nc(S(=O)(=O)c4ccc(Cl)cc4)c3c2)CC1,8.09
CCn1nc(S(=O)(=O)c2cccc3ccccc23)c2cc(N3CCN(C)CC3)ccc21,8.77
CN1CCN(c2ccc3[nH]nc(S(=O)(=O)c4cccc(F)c4)c3c2)CC1,8.77
O=S(=O)(c1ccc(Cl)cc1)c1n[nH]c2cccc(N3CCNCC3)c12,6.9
COc1cccc(S(=O)(=O)c2n[nH]c3ccc(N4CCN(C)CC4)cc23)c1,8.96
O=S(=O)(c1cccc2ccccc12)c1n[nH]c2cc(N3CCNCC3)ccc12,7.66
Cc1ccc(S(=O)(=O)c2n[nH]c3cccc(N4CCNCC4)c23)cc1,6.87
CC(C)n1nc(S(=O)(=O)c2cccc3ccccc23)c2cc(N3CCN(C)CC3)ccc21,8.74
CCn1nc(S(=O)(=O)c2cccc3ccccc23)c2cc(N3CCNCC3)ccc21,8.72
O=S(=O)(c1ccc(Cl)cc1)c1n[nH]c2cc(N3CCNCC3)ccc12,6.96
CN1CCN(c2ccc3[nH]nc(S(=O)(=O)c4cccs4)c3c2)CC1,8.11
CC(C)n1nc(S(=O)(=O)c2cccc3ccccc23)c2cc(N3CCNCC3)ccc21,8.54
CN1CCN(c2ccc3[nH]nc(S(=O)(=O)c4ccccc4)c3c2)CC1,8.72
CN1CCN(c2ccc3[nH]nc(S(=O)(=O)c4cccc5ccccc45)c3c2)CC1,8.8
Cn1nc(S(=O)(=O)c2cccc3ccccc23)c2cc(N3CCNCC3)ccc21,8.8
CN1CCN(c2ccc3c(c2)c(S(=O)(=O)c2cccc4ccccc24)nn3Cc2ccccc2)CC1,8.7
O=S(=O)(c1cccc(F)c1)c1n[nH]c2cc(N3CCNCC3)ccc12,7.96
O=S(=O)(c1cccc(F)c1)c1n[nH]c2cccc(N3CCNCC3)c12,6.87
COc1ccc(S(=O)(=O)c2n[nH]c3cccc(N4CCNCC4)c23)cc1,7.06
CCn1nc(S(=O)(=O)c2ccccc2)c2cc(N3CCNCC3)ccc21,8.54
O=S(=O)(c1cccc2ccccc12)c1nn(Cc2ccccc2)c2ccc(N3CCNCC3)cc12,8.12
CC(C)Cn1nc(S(=O)(=O)c2cccc3ccccc23)c2cc(N3CCN(C)CC3)ccc21,8.85
O=S(=O)(c1cccc2ccccc12)c1n[nH]c2cccc(N3CCNCC3)c12,7.32
CCCn1nc(S(=O)(=O)c2cccc3ccccc23)c2cc(N3CCNCC3)ccc21,8.66
COc1ccc(S(=O)(=O)c2n[nH]c3cc(N4CCNCC4)ccc23)cc1,6.91
Cc1ccc(S(=O)(=O)c2n[nH]c3cc(N4CCNCC4)ccc23)cc1,7.57
CN1CCN(c2ccc3[nH]nc(S(=O)(=O)c4cccc(Cl)c4)c3c2)CC1,9.0
Cn1nc(S(=O)(=O)c2ccccc2)c2cc(N3CCNCC3)ccc21,8.49
Cc1ccc(S(=O)(=O)c2n[nH]c3ccc(N4CCN(C)CC4)cc23)cc1,8.31
CN1CCN(c2cccc3c(S(=O)(=O)c4cccc5ccccc45)n[nH]c23)CC1,8.34
CC(C)Cn1nc(S(=O)(=O)c2cccc3ccccc23)c2cc(N3CCNCC3)ccc21,8.34
O=S(=O)(c1ccc(C(F)(F)F)cc1)c1n[nH]c2cc(N3CCNCC3)ccc12,6.68
Cc1cccc(S(=O)(=O)c2n[nH]c3ccc(N4CCN(C)CC4)cc23)c1,9.05
CN1CCN(c2ccc3c(c2)c(S(=O)(=O)c2cccc4ccccc24)nn3C)CC1,8.77
CN1CCN(c2ccc3[nH]nc(S(=O)(=O)c4ccccc4Cl)c3c2)CC1,8.4
CN1CCN(c2ccc3[nH]nc(S(=O)(=O)c4ccccc4F)c3c2)CC1,8.26
CN1CCN(c2ccc3[nH]nc(S(=O)(=O)c4ccc(F)cc4)c3c2)CC1,8.28
Cc1ccc2c(N3CCN(CCc4cccc(N5CCOC5=O)c4)CC3)cccc2n1,5.5
Cc1ccc2c(N3CCN(CCc4cccc(NC(=O)c5cnccn5)c4)CC3)cccc2n1,6.1
Cc1ccc2c(N3CCN(CCc4cccc(NC(=O)Nc5ccccc5)c4)CC3)cccc2n1,6.5
NCCC(=O)Nc1cccc2c(S(=O)(=O)c3cccc4ccccc34)n[nH]c12,8.47
O=S(=O)(c1cccc2ccccc12)c1n[nH]c2cccc(NCC3CCNCC3)c12,8.02
O=C(NCCN1CCCCC1)c1ccc2[nH]nc(S(=O)(=O)c3cccc4ccccc34)c2c1,6.97
O=S(=O)(c1ccc(Cl)cc1)c1n[nH]c2ccc(NC3CCNCC3)cc12,8.64
O=S(=O)(c1cccc2ccccc12)c1n[nH]c2cc(NCC3CCNCC3)ccc12,7.36
O=C(Nc1cccc2c(S(=O)(=O)c3cccc4ccccc34)n[nH]c12)C1CCNCC1,7.55
CN(C)CCC(=O)Nc1ccc2c(S(=O)(=O)c3cccc4ccccc34)n[nH]c2c1,7.36
CN(C)CCNC(=O)c1ccc2[nH]nc(S(=O)(=O)c3cccc4ccccc34)c2c1,8.54
CN(C)CCN(C)Cc1ccc2[nH]nc(S(=O)(=O)c3cccc4ccccc34)c2c1,7.85
O=S(=O)(c1ccc2ccccc2c1)c1n[nH]c2ccc(NC3CCNCC3)cc12,9.22
Cc1cccc(S(=O)(=O)c2n[nH]c3ccc(NC4CCNCC4)cc23)c1,9.1
CCN(CC)CCC(=O)Nc1cccc2c(S(=O)(=O)c3cccc4ccccc34)n[nH]c12,7.57
O=S(=O)(c1cccc2ccccc12)c1n[nH]c2cccc(NC3CCNCC3)c12,8.55
O=S(=O)(c1cccc2ccccc12)c1n[nH]c2ccc(NCC3CCNCC3)cc12,8.46
COc1ccc(S(=O)(=O)c2n[nH]c3ccc(NC4CCNCC4)cc23)cc1,8.01
O=S(=O)(c1cccc2ccccc12)c1n[nH]c2ccc(CN3CCNCC3)cc12,9.62
O=C(CCN1CCCCC1)Nc1cccc2c(S(=O)(=O)c3cccc4ccccc34)n[nH]c12,7.62
O=S(=O)(c1cccc2ccccc12)c1n[nH]c2ccc(NC3CCCNC3)cc12,8.77
O=S(=O)(c1cccc2ccccc12)c1n[nH]c2cc(NC3CCCNC3)ccc12,7.24
O=S(=O)(c1cccc2ccccc12)c1n[nH]c2c(NC3CCNCC3)cccc12,7.52
O=C(CCN1CCCCC1)Nc1ccc2c(S(=O)(=O)c3cccc4ccccc34)n[nH]c2c1,7.92
O=S(=O)(c1cccc2ccccc12)c1n[nH]c2cccc(NC3CCCNC3)c12,8.38
NCCNCc1ccc2[nH]nc(S(=O)(=O)c3cccc4ccccc34)c2c1,7.92
CC(C)C(N)CNc1ccc2[nH]nc(S(=O)(=O)c3cccc4ccccc34)c2c1,8.37
O=S(=O)(c1cccc2ccccc12)c1n[nH]c2c(NCC3CCNCC3)cccc12,7.77
O=C(Nc1cccc2c(S(=O)(=O)c3cccc4ccccc34)n[nH]c12)C1CCCNC1,8.01
CCN(CC)CCC(=O)Nc1ccc2c(S(=O)(=O)c3cccc4ccccc34)n[nH]c2c1,7.19
NCCNc1cccc2c(S(=O)(=O)c3cccc4ccccc34)n[nH]c12,7.77
O=S(=O)(c1ccc(C(F)(F)F)cc1)c1n[nH]c2ccc(NC3CCNCC3)cc12,8.82
NCCNc1ccc2c(S(=O)(=O)c3cccc4ccccc34)n[nH]c2c1,7.77
NCCC(=O)Nc1ccc2[nH]nc(S(=O)(=O)c3cccc4ccccc34)c2c1,8.82
CC(N)CNc1ccc2[nH]nc(S(=O)(=O)c3cccc4ccccc34)c2c1,8.85
O=C(Nc1ccc2c(S(=O)(=O)c3cccc4ccccc34)n[nH]c2c1)C1CCNCC1,7.51
O=S(=O)(c1cccc2ccccc12)c1n[nH]c2ccc(NC3CCNCC3)cc12,9.15
CN(C)CCC(=O)Nc1cccc2c(S(=O)(=O)c3cccc4ccccc34)n[nH]c12,8.32
O=S(=O)(c1cccc2ccccc12)c1n[nH]c2c(NC3CCCNC3)cccc12,7.18
CC(C)c1ccc(S(=O)(=O)c2n[nH]c3ccc(NC4CCNCC4)cc23)cc1,9.0
O=C(Nc1ccc2[nH]nc(S(=O)(=O)c3cccc4ccccc34)c2c1)C1CCNCC1,8.96
O=S(=O)(c1cccc2ccccc12)c1n[nH]c2cc(NC3CCNCC3)ccc12,7.28
NCCNc1ccc2[nH]nc(S(=O)(=O)c3cccc4ccccc34)c2c1,8.17
O=S(=O)(c1ccccc1)c1n[nH]c2ccc(NC3CCNCC3)cc12,8.51
NCCC(=O)Nc1ccc2c(S(=O)(=O)c3cccc4ccccc34)n[nH]c2c1,7.62
CN1CCN(c2cn(S(=O)(=O)c3ccc(F)cc3)c3ccccc23)CC1,7.93
CCN1CCN(c2cn(S(=O)(=O)c3ccc(C(C)C)cc3)c3ccccc23)CC1,8.07
CN1CCN(c2cn(S(=O)(=O)c3cccc(Cl)c3)c3ccccc23)CC1,7.97
CN1CCN(c2cn(S(=O)(=O)c3ccccc3)c3ccccc23)CC1,7.8
CN1CCN(c2cn(S(=O)(=O)c3ccccc3Br)c3ccccc23)CC1,7.82
CCN1CCN(c2cn(S(=O)(=O)c3ccc(F)cc3)c3ccc(Br)cc23)CC1,7.97
CCN1CCN(c2cn(S(=O)(=O)c3cc(OC)ccc3OC)c3cc(Cl)ccc23)CC1,7.2
CN1CCN(c2cn(S(=O)(=O)c3cccc(Cl)c3)c3ccc(Br)cc23)CC1,8.11
CC(C)c1ccc(S(=O)(=O)n2cc(N3CCN(C)CC3)c3ccccc32)cc1,8.47
CN1CCN(c2cn(S(=O)(=O)c3ccccc3Br)c3ccc(Br)cc23)CC1,7.99
CCN1CCN(c2cn(S(=O)(=O)c3ccc(C(C)C)cc3)c3ccc(Br)cc23)CC1,7.52
CN1CCN(c2cn(S(=O)(=O)c3ccc(F)cc3)c3ccc(Br)cc23)CC1,8.04
CC(C)c1ccc(S(=O)(=O)n2cc(N3CCN(C)CC3)c3ccc(Cl)cc32)cc1,7.26
CN1CCN(c2cn(S(=O)(=O)c3ccccc3Br)c3cc(Cl)ccc23)CC1,7.52
CC(C)c1ccc(S(=O)(=O)n2cc(N3CCN(C)CC3)c3cc(Br)ccc32)cc1,7.63
CCN1CCN(c2cn(S(=O)(=O)c3ccc(C(C)C)cc3)c3ccc(Cl)cc23)CC1,7.52
CCN1CCN(c2cn(S(=O)(=O)c3ccc(OC)cc3)c3cc(Cl)ccc23)CC1,7.08
CSc1nn2c(C)cc(C)nc2c1S(=O)(=O)c1ccc(F)c(Cl)c1,8.42
CNc1nn2c(C)cc(C)nc2c1S(=O)(=O)c1ccc(F)c(Cl)c1,9.22
CSc1nn2c(C)cc(C)nc2c1S(=O)(=O)c1ccc(N(C)C)cc1,7.43
COCc1cc(C)n2nc(SC)c(S(=O)(=O)c3ccccc3)c2n1,8.49
CSc1nn2cccnc2c1S(=O)(=O)c1cccc(Cl)c1,7.82
CNc1nn2c(C)cc(C)nc2c1S(=O)(=O)c1ccc(OC)cc1,8.02
CNc1nn2cccnc2c1S(=O)(=O)c1cccc(Cl)c1,8.93
CNc1nn2cccnc2c1S(=O)(=O)c1ccc(F)cc1,7.93
CNc1nn2c(C)cc(CO)nc2c1S(=O)(=O)c1ccccc1,9.32
CSc1nn2cccnc2c1S(=O)(=O)c1ccc(F)c(Cl)c1,7.35
CSc1nn2c(C)cc(C)nc2c1S(=O)(=O)c1ccc(F)cc1,8.17
CSc1nn2ccc(C)nc2c1S(=O)(=O)c1ccc(F)c(Cl)c1,8.1
CSc1nn2ccc(C)nc2c1S(=O)(=O)c1ccccc1,7.78
CNc1nn2c(C)cc(C)nc2c1S(=O)(=O)c1cccc(Cl)c1,9.73
CSc1nn2c(C)cc(CO)nc2c1S(=O)(=O)c1ccccc1,8.67
CNc1nn2c(C)ccnc2c1S(=O)(=O)c1ccccc1,9.62
CNc1nn2c(C)cc(COC)nc2c1S(=O)(=O)c1ccccc1,9.57
CNc1nn2c(C)cc(C)nc2c1S(=O)(=O)c1ccc(O)cc1,8.7
CSc1nn2c(C)cc(C)nc2c1S(=O)(=O)c1ccc(Cl)cc1,8.5
CNc1nn2cccnc2c1S(=O)(=O)c1ccccc1,8.41
CNc1nn2c(C)cc(C)nc2c1S(=O)(=O)c1cccc(F)c1,9.3
COc1ccc(S(=O)(=O)c2c(SC)nn3c(C)cc(C)nc23)cc1,7.43
CNc1nn2ccc(C)nc2c1S(=O)(=O)c1ccccc1,8.84
CNc1nn2c(CO)cc(C)nc2c1S(=O)(=O)c1ccccc1,9.55
COCc1cc(C)nc2c(S(=O)(=O)c3ccccc3)c(SC)nn12,6.81
CSc1nn2c(C)cc(C)nc2c1S(=O)(=O)c1ccc(O)cc1,8.4
CSc1nn2c(C)ccnc2c1S(=O)(=O)c1ccccc1,7.64
CSc1nn2c(C)cc(C)nc2c1S(=O)(=O)c1cccc(F)c1,8.97
CSc1nn2cccnc2c1S(=O)(=O)c1ccc(F)cc1,6.88
CNc1nn2c(COC)cc(C)nc2c1S(=O)(=O)c1ccccc1,8.12
CNc1nn2c(C)cc(C)nc2c1S(=O)(=O)c1ccc(F)cc1,9.4
CSc1nn2c(C)cc(C)nc2c1S(=O)(=O)c1cccc(Cl)c1,9.12
CSc1nn2c(C)cc(C)nc2c1S(=O)(=O)c1ccccc1,8.92
CSc1nn2c(CO)cc(C)nc2c1S(=O)(=O)c1ccccc1,9.25
Cc1cc(C)n2nc(OCCN(C)C)c(S(=O)(=O)c3ccccc3)c2n1,5.66
Cc1cc(C)n2nc(N(C)CCN(C)C)c(S(=O)(=O)c3ccccc3)c2n1,6.31
Cc1cc(C)n2ncc(S(=O)(=O)c3ccccc3)c2n1,6.25
Cc1cc(C)n2nc(N3CCNCC3)c(S(=O)(=O)c3ccccc3)c2n1,5.86
Cc1cc(C)n2nc(OCCO)c(S(=O)(=O)c3ccccc3)c2n1,6.55
CCSc1nn2c(C)cc(C)nc2c1S(=O)(=O)c1ccccc1,8.72
Cc1cc(C)n2nc(NCCCN(C)C)c(S(=O)(=O)c3ccccc3)c2n1,6.12
Cc1cc(C)n2nc([S+](C)[O-])c(S(=O)(=O)c3ccccc3)c2n1,5.53
Cc1cc(C)n2nc(N(C)C)c(S(=O)(=O)c3ccccc3)c2n1,7.84
Cc1cc(C)n2nc(C)c(S(=O)(=O)c3ccccc3)c2n1,7.05
Cc1cc(C)n2nc(NCCN(C)C)c(S(=O)(=O)c3ccccc3)c2n1,5.58
CN1CCN(Cc2ccc3c(ccn3S(=O)(=O)c3cccc(Cl)c3Cl)c2)CC1,7.75
CN1CCN(Cc2ccc3c(ccn3S(=O)(=O)c3cccc(C(F)(F)F)c3)c2)CC1,8.5
CN1CCN(Cc2ccc3c(c2)c(Cl)cn3S(=O)(=O)c2ccc(Cl)cc2)CC1,8.03
O=S(=O)(c1ccc(F)cc1F)n1cc(Cl)c2cc(CN3CCNCC3)ccc21,8.25
CN1CCN(Cc2ccc3c(ccn3S(=O)(=O)c3ccc(Cl)cc3)c2)CC1,8.52
CCN1CCN(Cc2ccc3c(ccn3S(=O)(=O)c3ccccc3Br)c2)CC1,8.59
O=S(=O)(c1ccccc1)n1ccc2cc(CN3CCNCC3)ccc21,8.6
CN1CCN(Cc2ccc3c(ccn3S(=O)(=O)c3ccc(F)cc3)c2)CC1,7.84
CCN1CCN(Cc2ccc3c(ccn3S(=O)(=O)c3ccc(C(C)C)cc3)c2)CC1,8.24
CCN1CCN(Cc2ccc3c(ccn3S(=O)(=O)c3cccc(Cl)c3Cl)c2)CC1,8.26
O=S(=O)(c1ccccc1Br)n1ccc2cc(CN3CCNCC3)ccc21,8.11
CCN1CCN(Cc2ccc3c(ccn3S(=O)(=O)c3ccc(F)cc3F)c2)CC1,7.91
CN1CCN(Cc2ccc3c(ccn3S(=O)(=O)c3cc(C(F)(F)F)ccc3Cl)c2)CC1,7.95
CCN1CCN(Cc2ccc3c(ccn3S(=O)(=O)c3ccc(F)cc3)c2)CC1,8.49
CCN1CCN(Cc2ccc3c(ccn3S(=O)(=O)c3cccc(C(F)(F)F)c3)c2)CC1,8.24
CN1CCN(Cc2ccc3c(c2)c(Cl)cn3S(=O)(=O)c2cc(C(F)(F)F)ccc2Cl)CC1,8.38
CC(C)c1ccc(S(=O)(=O)n2ccc3cc(CN4CCN(C)CC4)ccc32)cc1,7.75
CN1CCN(Cc2ccc3c(c2)c(Cl)cn3S(=O)(=O)c2ccc(F)cc2F)CC1,8.47
CCN1CCN(Cc2ccc3c(ccn3S(=O)(=O)c3ccc(C)cc3)c2)CC1,7.96
CN1CCN(Cc2ccc3c(c2)c(Cl)cn3S(=O)(=O)c2ccc(F)cc2)CC1,8.53
CC(C)c1ccc(S(=O)(=O)n2ccc3cc(CN4CCNCC4)ccc32)cc1,7.83
CN1CCN(Cc2ccc3c(ccn3S(=O)(=O)c3ccccc3)c2)CC1,8.42
O=C1NCCN1CCN1CCC(c2cn(-c3ccc(F)cc3)c3ccc(Cl)cc23)CC1,8.3
FC(F)(F)c1ccc(Sc2ccc3c(c2)N2CCNCC2C3)cc1,6.12
FC(F)(F)c1ccccc1Sc1ccc2c(c1)N1CCNCC1C2,6.48
FC(F)(F)c1cccc(Sc2ccc3c(c2)N2CCNCC2C3)c1,6.52
COc1ccc(Sc2ccc3c(c2)N2CCNCC2C3)cc1,7.11
COc1ccccc1Sc1ccc2c(c1)N1CCNCC1C2,7.64
Cc1cccc(Sc2ccc3c(c2)N2CCNCC2C3)c1,7.3
Cc1ccccc1Sc1ccc2c(c1)N1CCNCC1C2,7.09
Fc1ccccc1Sc1ccc2c(c1)N1CCNCC1C2,6.82
CN1CCC(c2n[nH]c3ccc(S(=O)(=O)c4cccc(F)c4)cc23)CC1,7.03
CN1CCC(c2n[nH]c3ccc(S(=O)(=O)c4ccc(F)cc4)cc23)CC1,7.18
COc1ccc(S(=O)(=O)c2ccc3[nH]nc(C4CCN(C)CC4)c3c2)cc1,6.91
CN1CCC(c2n[nH]c3ccc(S(=O)(=O)c4ccc5ccccc5c4)cc23)CC1,8.02
CN1CCC(c2n[nH]c3ccc(S(=O)(=O)c4ccc(OC(F)(F)F)cc4)cc23)CC1,7.32
CN1CCC(c2n[nH]c3ccc(S(=O)(=O)c4cccc5ccccc45)cc23)CC1,8.42
CN1CCC(c2n[nH]c3ccc(S(=O)(=O)c4ccc(C(F)(F)F)cc4)cc23)CC1,7.34
COc1ccc(S(=O)(=O)Nc2cc(Cl)cc(Cl)c2OC)cc1N1CCNCC1,9.11
CCNC(=NS(=O)(=O)c1ccc(Cl)s1)N1CC(CC)C=N1,8.39
CCNC(=NS(=O)(=O)c1cccc(OC)c1)N1CC(CC)C=N1,7.58
CCNC(=NS(=O)(=O)c1ccccc1)N1CC(CC)C=N1,7.47
CCNC(=NS(=O)(=O)c1cccc(Cl)c1)N1N=CCC1c1ccccc1,8.03
CCNC(=NS(=O)(=O)c1cc(Cl)cc(Cl)c1)N1CC(CC)C=N1,7.66
CCNC(=NS(=O)(=O)c1cccc(Cl)c1)N1CC(CC)(CC)C=N1,7.3
CCNC(=NS(=O)(=O)c1ccc(Cl)cc1)N1CC(CC)C=N1,7.73
CCNC(=NS(=O)(=O)c1cc(Cl)ccc1Cl)N1CC(CC)C=N1,6.92
CCNC(=NS(=O)(=O)c1cccc(Cl)c1)N1CC2(C=N1)CCCC2,8.19
CCNC(=NS(=O)(=O)c1cccc(Cl)c1)N1N=CCC1c1ccc(F)cc1,6.86
CCNC(=NS(=O)(=O)c1ccccc1)N1CC(C)(C)C=N1,6.83
CCNC(=NS(=O)(=O)c1cccc(Cl)c1)N1CC(CC)C=N1,8.55
CCC1C=NN(C(=NS(=O)(=O)c2cccc(Cl)c2)NC)C1,7.75
CCNC(=NS(=O)(=O)c1cccc(Cl)c1)N1CC2(C=N1)CCCCC2,8.28
CCNC(=NS(=O)(=O)c1cccc(F)c1)N1CC(CC)C=N1,7.77
CCNC(=NS(=O)(=O)c1cccc(C(F)(F)F)c1)N1CC(CC)C=N1,7.75
CCNC(=NS(=O)(=O)c1cccc2ccccc12)N1CC(CC)C=N1,8.25
CCNC(=NS(=O)(=O)c1c(Cl)nc2sccn12)N1CC(CC)C=N1,8.1
CCNC(=NS(=O)(=O)c1ccc(Cl)c(Cl)c1)N1CC(CC)C=N1,8.1
CCC1C=NN(C(N)=NS(=O)(=O)c2cccc(Cl)c2)C1,7.62
CCNC(=NS(=O)(=O)c1cccc(Cl)c1)N1CC2(C=N1)CCOCC2,7.15
CCNC(=NS(=O)(=O)c1cccc(Cl)c1)N1CCC(C)=N1,6.64
CCNC(=NS(=O)(=O)c1ccc2ccccc2c1)N1CC(CC)C=N1,7.76
CCNC(=NS(=O)(=O)c1cccc(Cl)c1)N1CC(CF)(CF)C=N1,7.04
CCNC(=N[S+]([O-])c1sc2ccc(Cl)cc2c1C)N1CC(CC)C=N1,8.07
CCC1C=NN(C(=NS(=O)(=O)c2ccccc2Cl)NCc2ccccc2)C1,7.04
CCNC(=NS(=O)(=O)c1cccc(Cl)c1)N1CCC=N1,7.47
CCNC(=NS(=O)(=O)c1cccc(Cl)c1)N1CC(C)C=N1,8.1
CCNC(=NS(=O)(=O)c1cccc(C)c1)N1CC(CC)C=N1,7.56
CCNC(=NS(=O)(=O)c1cccc(Cl)c1)N1N=CCC1c1ccco1,8.09
CCNC(=NS(=O)(=O)c1cccc(Cl)c1)N1CC2(C=N1)CCNCC2,8.14
CCNC(=NS(=O)(=O)c1cccc(Cl)c1)N1N=CCC1c1ccncc1,6.49
CCN(CCCN1CCN(c2ccccc2OC)CC1)S(=O)(=O)c1ccc2ncccc2c1,5.72
CCN(CCCCN1CCC2CCCCC2C1)S(=O)(=O)c1cnc2ccccc2c1,4.84
O=S(=O)(NCCCCN1CCc2ccccc2C1)c1ccc2ncccc2c1,5.82
CCN(CCCCN1CCC2CCCCC2C1)S(=O)(=O)c1cccc2cccnc12,5.71
O=S(=O)(NCCCCN1CCc2ccccc2C1)c1cnc2ccccc2c1,6.23
COc1ccccc1N1CCN(CCCNS(=O)(=O)c2ccc3ncccc3c2)CC1,6.08
O=S(=O)(NCCCCN1CCc2sccc2C1)c1ccc2cccnc2c1,5.58
COc1ccccc1N1CCN(CCCNS(=O)(=O)c2cccc3cccnc23)CC1,5.67
O=S(=O)(NCCCCN1CCc2sccc2C1)c1cnc2ccccc2c1,5.97
CCN(CCCCCN1CCC2CCCCC2C1)S(=O)(=O)c1cccc2cccnc12,5.34
CNc1nn2c(NC)cc(C)nc2c1S(=O)(=O)c1ccccc1,9.24
CNc1cc(N2CCCNCC2)ccc1S(=O)(=O)c1cccc(F)c1,8.85
CNc1nn2c(C)cc(CN)nc2c1S(=O)(=O)c1ccccc1,9.01
CNc1nn2c(C)c(CN(C)C)c(C)nc2c1S(=O)(=O)c1cccc(F)c1,9.05
CNc1nn2c(C)c(NC(C)=O)c(C)nc2c1S(=O)(=O)c1ccccc1,8.33
CNc1nn2c(CN)cc(C)nc2c1S(=O)(=O)c1ccccc1,8.73
CNc1nn2c(C)c(CCN(C)C)c(C)nc2c1S(=O)(=O)c1ccccc1,8.68
CNc1nn2c(N(C)CCN(C)C)cc(C)nc2c1S(=O)(=O)c1ccccc1,7.65
CNc1nn2c(N)c(Cl)c(C)nc2c1S(=O)(=O)c1ccccc1,9.85
CNc1nn2c(N3CCOCC3)cc(C)nc2c1S(=O)(=O)c1ccccc1,7.78
CNc1nn2c(C)c(CN)c(C)nc2c1S(=O)(=O)c1cccc(F)c1,8.85
CNc1nn2c(C)c(CCN)c(C)nc2c1S(=O)(=O)c1ccccc1,8.86
CNc1nn2c(N3CCN(C)CC3)cc(C)nc2c1S(=O)(=O)c1ccccc1,8.36
CNc1nn2c(C)c(N(C)C)c(C)nc2c1S(=O)(=O)c1ccccc1,9.68
CNc1nn2c(N)cc(C)nc2c1S(=O)(=O)c1cccc(Cl)c1,9.66
CNc1nn2c(C)c(CN(C)C)c(C)nc2c1S(=O)(=O)c1ccccc1,9.15
CNc1nn2c(NCCN(C)C)cc(C)nc2c1S(=O)(=O)c1ccccc1,7.16
CNc1nn2c(N)c(Cl)c(C)nc2c1S(=O)(=O)c1cccc(Cl)c1,7.73
CNc1nn2c(C)c(CN(C)C)c(C)nc2c1S(=O)(=O)c1cccc(Cl)c1,9.38
CNc1nn2c(N(C)C)cc(C)nc2c1S(=O)(=O)c1ccccc1,9.46
CSc1nn2c(N3CCNCC3)c3c(nc2c1S(=O)(=O)c1ccccc1)CCC3,9.07
CNc1nn2c(CN(C)C)cc(C)nc2c1S(=O)(=O)c1ccccc1,8.74
CNc1nn2c(NCCCN(C)C)cc(C)nc2c1S(=O)(=O)c1ccccc1,6.95
CNc1nn2c(C)c(CN)c(C)nc2c1S(=O)(=O)c1cccc(Cl)c1,9.26
CNc1nn2c(C)c(CN)c(C)nc2c1S(=O)(=O)c1ccccc1,9.19
CCNc1cc(N2CCNCC2)ccc1S(=O)(=O)c1ccccc1,8.57
CNc1nn2c(N)cc(C)nc2c1S(=O)(=O)c1ccccc1,9.52
CNc1nn2c(C)c(N)c(C)nc2c1S(=O)(=O)c1ccccc1,9.28
COc1cccc(S(=O)(=O)c2ccc3c4c(oc3c2)C(C)(C)NCC4)c1,7.76
CC1(C(F)(F)F)NCCc2c1oc1cc(S(=O)(=O)c3cccc(F)c3)ccc21,6.86
COCC1(C)NCCc2c1oc1cc(S(=O)(=O)c3cccc(F)c3)ccc21,7.75
O=S(=O)(c1cccc(F)c1)c1ccc2c3c(oc2c1)CNCC3,8.8
O=S(=O)(c1cccc(F)c1)c1ccc2c3c(oc2c1)C1(CCCOC1)NCC3,8.36
O=S(=O)(c1ccc(F)cc1)c1ccc2c3c(oc2c1)CNCC3,7.66
O=S(=O)(c1cccc(F)c1)c1ccc2c3c(oc2c1)C1(CCOCC1)NCC3,8.68
COc1cccc(S(=O)(=O)c2ccc3c4c(oc3c2)CNCC4)c1,8.25
CC1(C(F)F)NCCc2c1oc1cc(S(=O)(=O)c3cccc(F)c3)ccc21,7.8
O=S(=O)(c1cccc(F)c1)c1ccc2c3c(oc2c1)C1(CCOC1)NCC3,7.65
CN1C2CCC1c1c(n(C)c3ccc(S(=O)(=O)c4ccccc4)cc13)C2,8.11
Cn1c2c(c3cc(S(=O)(=O)c4ccc(Cl)cc4)ccc31)C1CCC(C2)N1,7.43
Cn1ccc(S(=O)(=O)c2ccc3c(c2)c2c(n3C)CC3CCC2N3)n1,6.0
Cn1c2c(c3cc(S(=O)(=O)c4cccc(F)c4)ccc31)C1CCC(C2)N1,8.39
Cn1c2c(c3cc(S(=O)(=O)c4ccccn4)ccc31)C1CCC(C2)N1,6.72
Cn1c2c(c3cc(S(=O)(=O)c4ccc(F)cc4)ccc31)C1CCC(C2)N1,7.22
Cn1c2c(c3cc(S(=O)(=O)c4cccc(Cl)c4)ccc31)C1CCC(C2)N1,8.74
Cn1c2c(c3cc(S(=O)(=O)c4c[nH]c5ccccc45)ccc31)C1CCC(C2)N1,9.13
Cn1c2c(c3ccc(S(=O)(=O)c4ccccc4)cc31)C1CCC(C2)N1,6.88
Cn1c2c(c3cc(S(=O)(=O)c4cccc(OC(F)(F)F)c4)ccc31)C1CCC(C2)N1,8.14
CCn1c2c(c3cc(S(=O)(=O)c4ccccc4)ccc31)C1CCC(C2)N1,7.28
Cn1c2c(c3cc(S(=O)(=O)c4cccc(O)c4)ccc31)C1CCC(C2)N1,7.96
Cn1c2c(c3cc(S(=O)(=O)c4cccnc4)ccc31)C1CCC(C2)N1,6.81
O=S(=O)(c1ccccc1)c1ccc2[nH]c3c(c2c1)C1CCC(C3)N1,7.27
Cn1c2c(c3cc(S(=O)(=O)c4ccc5[nH]ccc5c4)ccc31)C1CCC(C2)N1,9.55
CC(C)n1c2c(c3cc(S(=O)(=O)c4ccccc4)ccc31)C1CCC(C2)N1,6.46
Cn1c2c(c3cccc(S(=O)(=O)c4ccccc4)c31)C1CCC(C2)N1,6.09
Cn1c2c(c3cc(S(=O)(=O)n4cccc4)ccc31)C1CCC(C2)N1,7.5
Cn1c2c(c3cc(S(=O)(=O)c4ccccc4Cl)ccc31)C1CCC(C2)N1,8.32
Cn1c2c(c3cc(S(=O)(=O)c4ccsc4)ccc31)C1CCC(C2)N1,7.29
Cn1c2c(c3cc(S(=O)(=O)c4cccc(N)c4)ccc31)C1CCC(C2)N1,8.2
Cn1c2c(c3cc(S(=O)(=O)c4csc5ccccc45)ccc31)C1CCC(C2)N1,9.55
CCN1C2CCC1c1c(n(C)c3ccc(S(=O)(=O)c4ccccc4)cc13)C2,7.04
Cn1c2c(c3cc(S(=O)(=O)c4cccc(C#N)c4)ccc31)C1CCC(C2)N1,7.46
Cn1c2c(c3cc(S(=O)(=O)c4ccccc4F)ccc31)C1CCC(C2)N1,8.34
Cn1cc(S(=O)(=O)c2ccc3c(c2)c2c(n3C)CC3CCC2N3)c2ccccc21,9.09
Cn1c2c(c3cc(S(=O)(=O)c4cccc(C(F)(F)F)c4)ccc31)C1CCC(C2)N1,8.82
Cn1c2c(c3cc(S(=O)(=O)n4ccc5ccccc54)ccc31)C1CCC(C2)N1,9.17
O=S(=O)(c1ccc2c(c1)OC1CNCCC21)c1cccc(Cl)c1Cl,8.7
O=S(=O)(c1ccc2c(c1)OC1CNCCC21)c1ccccc1F,7.5
COc1cc(OC(C)C)cc(S(=O)(=O)c2ccc3c(c2)OC2CNCCC32)c1,8.4
O=S(=O)(c1cc(F)cc(F)c1)c1ccc2c(c1)OC1CNCCC21,7.55
O=S(=O)(c1cccc(Cl)c1)c1ccc2c(c1)OC1CNCCC21,7.96
Cc1ccc(S(=O)(=O)c2ccc3c(c2)OC2CNCCC32)cc1,7.19
O=S(=O)(c1cccc(F)c1)c1ccc2c(c1)OC1CNCCC21,7.96
COc1cccc(S(=O)(=O)c2ccc3c(c2)OC2CNCCC32)c1,7.07
O=S(=O)(c1cc(F)cc(Cl)c1)c1ccc2c(c1)OC1CNCCC21,7.96
O=S(=O)(c1ccc2c(c1)OC1CNCCC21)c1ccccc1-c1ccccc1,7.82
O=S(=O)(c1ccc2c(c1)OC1CNCCC21)c1ccccc1Cl,7.42
CC(C)Oc1cc(F)cc(S(=O)(=O)c2ccc3c(c2)OC2CNCCC32)c1,7.31
COCCCOc1cccc(S(=O)(=O)c2ccc3c(c2)OC2CNCCC32)c1,6.69
O=S(=O)(c1ccccc1)c1ccc2c(c1)OC1CNCCC21,7.08
CC(C)Oc1cccc(S(=O)(=O)c2ccc3c(c2)OC2CNCCC32)c1,7.77
COCCOc1cccc(S(=O)(=O)c2ccc3c(c2)OC2CNCCC32)c1,6.25
Cc1cccc(S(=O)(=O)c2ccc3c(c2)OC2CNCCC32)c1,7.43
O=S(=O)(c1ccc(F)cc1)c1ccc2c(c1)OC1CNCCC21,6.42
O=S(=O)(NCCCCCN1CCN(c2ccc(Cl)cc2)CC1)c1cnc2ccccc2c1,5.66
O=S(=O)(NCCCN1CCN(c2ccc(Cl)cc2)CC1)c1cncc2ccccc12,5.56
O=S(=O)(NCCCCN1CCN(c2cccc(Cl)c2)CC1)c1ccc2ccccc2c1,6.83
O=S(=O)(NCCCCN1CCN(c2ccc(Cl)cc2)CC1)c1cncc2ccccc12,6.12
O=S(=O)(NCCCCN1CCN(c2ccc(Cl)cc2)CC1)c1ccc2cccnc2c1,5.76
O=S(=O)(NCCCCN1CCN(c2cccc(Cl)c2)CC1)c1ccc2ncccc2c1,6.4
O=S(=O)(NCCCCN1CCN(c2ccc(Cl)cc2)CC1)c1ccc2ncccc2c1,5.81
O=S(=O)(NCCCCN1CCN(c2cccc(Cl)c2)CC1)c1cccc2ccccc12,6.9
O=S(=O)(NCCCCN1CCN(c2ccc(Cl)cc2)CC1)c1cnc2ccccc2c1,6.47
O=S(=O)(NCCCCN1CCN(c2cccc(Cl)c2)CC1)c1cnc2ccc(Cl)cc2c1,6.81
O=S(=O)(c1cnc2ccccc2c1)N1CCC(CN2CCN(c3ccc(Cl)cc3)CC2)CC1,4.98
O=S(=O)(NCCCN1CCN(c2ccc(Cl)cc2)CC1)c1cnc2ccccc2c1,5.18
O=S(=O)(c1cncc2ccccc12)N1CCC(CCN2CCN(c3ccc(Cl)cc3)CC2)CC1,4.78
CCN(CC)CCOc1ccc(C(=C(Cl)c2ccccc2)c2ccccc2)cc1,5.71
CCC(=C(c1ccccc1)c1ccc(OCCN(C)C)cc1)c1ccccc1,5.98
CN(C)CCOc1ccc(C(=C(CCCl)c2ccccc2)c2ccccc2)cc1,5.38
CN(C)CCCN1c2ccccc2CCc2ccc(Cl)cc21,6.95
CN(C)CCC=C1c2ccccc2COc2ccccc21,6.98
O=C(c1ccc(OCCN2CCCCC2)cc1)c1c(-c2ccc(O)cc2)sc2cc(O)ccc12,6.12
CNCCC=C1c2ccccc2CCc2ccccc21,6.67
OCCN1CCN(CCC=C2c3ccccc3Sc3ccc(Cl)cc32)CC1,6.77
O=S(=O)(NC1CCN(CCOc2cccc3c2CCCC3)C1)c1ccc(F)cc1,7.02
O=S(=O)(NC1CCN(CCOc2ccccc2-c2ccccc2)C1)c1cc(F)ccc1F,6.29
O=S(=O)(NC1CCN(CCOc2ccccc2)C1)c1ccc(F)cc1,6.61
O=S(=O)(NC1CCN(CCOc2ccccc2-c2ccccc2)C1)c1ccc(Cl)s1,6.7
O=S(=O)(NC1CCN(CCOc2ccccc2)C1)c1ccc(Cl)s1,6.02
O=S(=O)(NC1CCN(CCOc2ccccc2-c2ccccc2)C1)c1ccc(F)c(F)c1,6.49
O=S(=O)(NCC1CCN(CCOc2ccccc2-c2ccccc2)CC1)c1ccc(Cl)s1,6.39
CSc1ccccc1OCCN1CCC(NS(=O)(=O)c2ccc(F)cc2)C1,6.45
O=S(=O)(NC1CCN(CCOc2ccccc2-c2ccccc2)C1)c1cccs1,6.57
CC(C)c1ccccc1OCCN1CCC(NS(=O)(=O)c2cccc3cccnc23)C1,6.3
CCOc1ccccc1C(=O)NC1CCN(CCOc2cccc(F)c2)CC1,5.42
O=S(=O)(NC1CCN(CCOc2cc(Cl)ccc2Cl)C1)c1ccc(Cl)s1,6.65
O=S(=O)(NC1CCN(CCOc2cccc3c2CCCC3)C1)c1cccs1,6.99
CC(C)c1ccccc1OCCN1CCC(CNS(=O)(=O)c2cccc(Cl)c2)CC1,6.75
O=S(=O)(NC1CCN(CCOc2ccccc2-c2ccccc2)C1)c1ccc(F)cc1,6.99
O=S(=O)(NCC1CCN(CCOc2cccc(F)c2)CC1)c1ccc(F)cc1,5.67
CSc1ccccc1OCCN1CCC(CNS(=O)(=O)c2cccc(Cl)c2)CC1,6.83
CC(C)c1ccccc1OCCN1CCC(NC(=O)c2ccc3ccccc3n2)C1,5.75
CSc1ccccc1OCCN1CCC(NS(=O)(=O)c2cccc(Cl)c2)C1,6.73
O=C(NC1CCN(CCOc2ccccc2-c2ccccc2)C1)c1cccc(F)c1F,5.75
O=S(=O)(NC1CCN(CCOc2cccc(F)c2)C1)c1cccs1,5.75
O=S(=O)(NC1CCN(CCOc2cccc(F)c2)C1)c1ccc(F)c(F)c1,6.02
CC(C)c1ccccc1OCCN1CCC(CNS(=O)(=O)c2ccc(F)cc2)CC1,6.5
O=S(=O)(NC1CCN(CCOc2cccc3c2CCCC3)C1)c1cc(F)ccc1F,6.81
CC(C)c1ccccc1OCCN1CCC(NS(=O)(=O)c2ccc(F)cc2)CC1,6.62
O=S(=O)(NC1CCN(CCOc2ccccc2-c2ccccc2)CC1)c1ccc(F)c(F)c1,6.7
CC(C)c1ccccc1OCCN1CCC(NS(=O)(=O)c2ccc(Cl)s2)C1,6.7
O=S(=O)(NC1CCN(CCOc2ccccc2)CC1)c1cccs1,6.06
O=C(NC1CCN(CCOc2ccccc2-c2ccccc2)C1)c1ccc2ccccc2n1,5.88
Cc1nn2c3c(cnc2c1S(=O)(=O)c1ccccc1)CN(C)CC3,7.22
CNc1nn2c3c(cnc2c1S(=O)(=O)c1ccccc1)CN(C)CC3,9.41
CSc1nn2cc3c(nc2c1S(=O)(=O)c1ccccc1)CCN(C)C3,6.43
CNc1nn2c(C)c3c(nc2c1S(=O)(=O)c1ccccc1)CCN(C)C3,9.18
CNc1nn2c3c(c(C)nc2c1S(=O)(=O)c1ccccc1)CN(C)CC3,9.17
CSc1nn2c3c(cnc2c1S(=O)(=O)c1ccc(F)cc1)CN(C)CC3,7.45
CNc1nn2cc3c(nc2c1S(=O)(=O)c1ccccc1)CCN(C)C3,9.09
CCCN1CCC(COc2nc3c(Cl)cccc3c3ccccc23)CC1,5.2
CN1CCN(Cc2cccc3c2c(Cl)cn3S(=O)(=O)c2cccc(Cl)c2)CC1,7.57
CN1CCN(Cc2cccc3c2ccn3S(=O)(=O)c2ccccc2Br)CC1,8.85
O=S(=O)(c1ccccc1Br)n1ccc2c(CN3CCNCC3)cccc21,8.55
COc1ccc(S(=O)(=O)n2ccc3c(CN4CCN(C)CC4)cccc32)cc1,7.54
CC(C)c1ccc(S(=O)(=O)n2cc(Br)c3c(CN4CCN(C)CC4)cccc32)cc1,6.56
CN1CCN(Cc2cccc3c2ccn3S(=O)(=O)c2ccc(Br)cc2)CC1,7.63
Cc1ccc(S(=O)(=O)n2cc(Cl)c3c(CN4CCN(C)CC4)cccc32)cc1,6.65
CN1CCN(Cc2cccc3c2c(Br)cn3S(=O)(=O)c2ccc(F)cc2)CC1,6.91
CN1CCN(Cc2cccc3c2c(Cl)cn3S(=O)(=O)c2ccccc2Br)CC1,7.04
Cc1ccc(S(=O)(=O)n2ccc3c(CN4CCN(C)CC4)cccc32)cc1,8.1
CN1CCN(Cc2cccc3c2ccn3S(=O)(=O)c2cccc(Cl)c2)CC1,7.88
CN1CCN(Cc2cccc3c2ccn3S(=O)(=O)c2ccc(F)cc2)CC1,8.01
O=S(=O)(c1ccccc1)n1ccc2c(CN3CCNCC3)cccc21,8.11
CN1CCN(Cc2cccc3c2c(Br)cn3S(=O)(=O)c2cccc(Cl)c2)CC1,7.12
CN1CCN(Cc2cccc3c2c(Cl)cn3S(=O)(=O)c2ccccc2)CC1,7.27
CC(C)c1ccc(S(=O)(=O)n2cc(Cl)c3c(CN4CCN(C)CC4)cccc32)cc1,7.0
CN1CCN(Cc2cccc3c2c(Br)cn3S(=O)(=O)c2cccc3ccccc23)CC1,7.01
Cc1ccc(S(=O)(=O)n2ccc3c(CN4CCNCC4)cccc32)cc1,7.97
COc1ccc(S(=O)(=O)n2ccc3c(CN4CCN(C)CC4)cccc32)c(Br)c1,8.07
CN1CCN(Cc2cccc3c2c(Cl)cn3S(=O)(=O)c2cccc3ccccc23)CC1,6.78
CN1CCN(Cc2cccc3c2ccn3S(=O)(=O)c2ccccc2)CC1,8.49
CN1CCN(Cc2cccc3c2ccn3S(=O)(=O)c2cccc3ccccc23)CC1,8.32
CN1CCN(Cc2cccc3c2c(Br)cn3S(=O)(=O)c2ccccc2)CC1,7.52
CC(C)c1ccc(S(=O)(=O)n2ccc3c(CN4CCN(C)CC4)cccc32)cc1,7.95
Cc1ccc(Sc2ccccc2N2CCNCC2)c(C)c1,6.48
O=S(=O)(NCCCN1CCN(c2cccc(Cl)c2Cl)CC1)c1ccc2cccnc2c1,6.59
O=S(=O)(NCCCCN1CCN(c2cccc(Cl)c2Cl)CC1)c1ccc2cccnc2c1,6.52
O=S(=O)(NCCCCN1CCN(c2cccc(Cl)c2Cl)CC1)c1cncc2ccccc12,6.66
O=S(=O)(NCCCCN1CCN(c2cccc(Cl)c2Cl)CC1)c1cc2ccccc2cn1,6.34
O=S(=O)(NCCCN1CCN(c2cccc(Cl)c2Cl)CC1)c1ccc2ncccc2c1,6.49
O=S(=O)(NCCCN1CCN(c2cccc(Cl)c2Cl)CC1)c1cnc2ccc(Cl)cc2c1,6.04
O=S(=O)(NCCCCN1CCN(c2cccc(Cl)c2Cl)CC1)c1cccc2cccnc12,6.22
O=S(=O)(NCCCCN1CCN(c2cccc(Cl)c2Cl)CC1)c1cnc2ccc(Cl)cc2c1,6.26
O=S(=O)(NCCCCN1CCN(c2cccc(Cl)c2Cl)CC1)c1ccc2ncccc2c1,6.32
O=S(=O)(NCCCCN1CCN(c2cccc(Cl)c2Cl)CC1)c1cnc2ccccc2c1,5.88
CN1CCC(c2cn(-c3ccc(F)cc3)c3ccc(-c4cncnc4)cc23)CC1,7.8
O=C1CC(c2c[nH]c3ccccc23)C(=O)N1CCCCN1CCC(c2c[nH]c3ccc(F)cc23)CC1,7.2
O=C1CC(c2c[nH]c3ccccc23)C(=O)N1CCN1CCC(c2c[nH]c3ccc(F)cc23)CC1,5.94
C=CCN(CC=C)CCc1c[nH]c2ccc(OC)cc12,7.08
CC(N)Cc1c[nH]c2ccccc12,6.04
CC(C(=O)N1c2ccccc2Sc2ccccc21)c1ccccc1,5.92
O=C(Cc1ccc2ccccc2c1)N1c2ccccc2Sc2ccccc21,5.0
O=c1c2ccc(Cl)cc2oc2c(CN3CCN(CCO)CC3)cccc12,4.84
COc1ccc2c(=O)c3cc(CN4CCN(C)CC4)ccc3oc2c1,4.72
CN1CCN(Cc2cccc3c(=O)c4ccc(Cl)cc4oc23)CC1,4.71
COc1ccccc1N1CCN(Cc2ccc3oc4ccccc4c(=O)c3c2)CC1,5.23
CNc1cc(-c2cccnc2)ccc1S(=O)(=O)c1ccccc1,7.32
CN(C)c1cc(N2CCNCC2)ccc1S(=O)(=O)c1ccccc1,7.52
CN(C)c1ccccc1S(=O)(=O)c1ccccc1,5.69
O=S(=O)(c1ccccc1)c1ccccc1,5.8
Nc1ccc(S(=O)(=O)c2ccc(N)c(N)c2)cc1,6.25
Nc1ccc(S(=O)(=O)c2ccc(N)cc2)cc1,6.74
Nc1cc(N2CCNCC2)ccc1S(=O)(=O)c1ccccc1,8.78
CNc1cc(-c2ccccc2)ccc1S(=O)(=O)c1ccccc1,6.82
O=C(Cc1ccc(OC2CCNCC2)cc1OCCF)N1CCC(N2C(=O)CCc3ccccc32)CC1,6.73
Cc1ccc2nc(C(F)(F)F)cc(N3CCNCC3)c2c1,5.9
CN=C1NC(=O)C(=Cc2c[nH]c3cccc(Br)c23)N1C,5.85
CN=C1NC(=O)C(=Cc2c[nH]c3ccc(Br)cc23)N1,6.07
CN1C(=N)N(C)C(=Cc2c[nH]c3ccccc23)C1=O,5.06
CN=C1N(C)C(=O)C(=Cc2c[nH]c3ccccc23)N1C,5.76
CN=C1NC(=O)C(=Cc2c[nH]c3cccc(Br)c23)N1,5.43
N=C1NC(=O)C(=Cc2c[nH]c3ccc(Br)cc23)N1,6.13
CN=C1NC(=O)C(=Cc2c[nH]c3c(Br)cccc23)N1C,5.64
N=C1NC(=O)C(=Cc2c[nH]c3c(Br)cccc23)N1,5.85
CN(C)CCc1c[nH]c2ccncc12,7.0
CN(C)CCc1c(-c2ccccc2)[nH]c2ccncc12,6.57
Cc1cn(S(=O)(=O)c2ccc(N)cc2)c2ccncc12,7.39
CN(C)CCc1cn(S(=O)(=O)c2ccccc2)c2ccncc12,7.08
CCc1[nH]c2ccncc2c1CCN(C)C,5.54
NCCc1c(-c2ccccc2)[nH]c2ccncc12,5.58
CN1CCc2c(c3cccc4c3n2-c2ccccc2CC4)C1,6.81
CN1CCc2c(c3cccc4c3n2Cc2ccccc2C4)C1,6.56
O=C1CC(CN2CCC(c3c[nH]c4cc(F)ccc34)CC2)Cc2nc(N3CCCC3)sc21,6.45
Cc1nc2c(o1)CC(CN1CCC(c3c[nH]c4cc(F)ccc34)CC1)CC2=O,6.67
O=C1CC(CN2CCC(c3noc4cc(F)ccc34)CC2)Cc2[nH]ncc21,6.2
CN1CCC2C(C1)c1cccc3c1N2c1ccccc1CS3,7.8
CN1C(=O)N(CCCCCN2CCN(c3ccccc3)CC2)C(c2ccccc2)(c2ccccc2)C1=O,5.51
CC1(C)C(=O)N(Cc2ccc(Cl)cc2Cl)C(=O)N1CCCCCN1CCN(c2ccc(Cl)cc2)CC1,5.54
CC1(C)C(=O)N(Cc2ccc(F)cc2)C(=O)N1CCCCCN1CCN(c2ccc(F)cc2)CC1,5.75
COc1cccc(N2CCN(CCCCCN3C(=O)N(Cc4ccccc4)C(=O)C3(C)C)CC2)c1,5.53
CC1(C)C(=O)N(Cc2ccc(Cl)cc2Cl)C(=O)N1CCCCCN1CCN(c2cccc(Cl)c2Cl)CC1,6.4
COc1ccccc1N1CCN(CCCN2C(=O)N(C)C(=O)C2(c2ccccc2)c2ccccc2)CC1,4.54
CN1C(=O)N(CCCCCN2CCN(c3ccccc3F)CC2)C(C)(c2ccccc2)C1=O,4.59
CN1C(=O)N(CC(O)CN2CCN(c3ccccc3)CC2)C(c2ccccc2)(c2ccccc2)C1=O,4.69
COc1ccccc1N1CCN(CCCCCN2C(=O)N(C)C(=O)C2(C)c2ccccc2)CC1,4.83
CC1(C)C(=O)N(Cc2ccc(Cl)cc2Cl)C(=O)N1CCCCCN1CCN(c2ccc(Cl)c(Cl)c2)CC1,6.5
COc1ccccc1N1CCN(CC(O)CN2C(=O)NC(C)(c3ccc(F)cc3)C2=O)CC1,4.97
COc1ccccc1N1CCN(CCCCN2C(=O)N(C)C(=O)C2(c2ccccc2)c2ccccc2)CC1,5.45
CN1C(=O)N(CCCCCN2CCN(c3ccccc3)CC2)C(C)(c2ccccc2)C1=O,5.02
CC1(C)C(=O)N(Cc2ccc(F)cc2)C(=O)N1CCCCCN1CCN(c2ccc(F)cc2F)CC1,5.09
CCOc1ccccc1N1CCN(CCCN2C(=O)N(C)C(=O)C2(c2ccccc2)c2ccccc2)CC1,5.38
COc1ccccc1N1CCN(CCCCCN2C(=O)N(Cc3ccccc3)C(=O)C2(C)C)CC1,5.07
CC1(C)C(=O)N(Cc2ccccc2)C(=O)N1CCCCCN1CCN(c2ccccc2)CC1,5.36
O=C1OC(c2ccccc2Cl)CN1c1ccc(N2CCNCC2)cc1,5.72
O=C1OC(c2ccccc2Cl)CN1c1ccc2c(c1)CNCC2,6.82
O=C1CC(c2ccccc2)CN1c1ccc2c(c1)CNCC2,6.85
O=C1OC(c2ccccc2)CN1c1ccc2c(c1)CCNCC2,7.8
O=C1CC(c2ccccc2Cl)CN1c1ccc2c(c1)CCNCC2,7.0
O=C1OC(c2ccccc2F)CN1c1ccc2c(c1)CCNCC2,7.82
O=C1CC(c2ccccc2)CN1c1ccc2c(N3CCNCC3)ccnc2c1,7.26
O=C1CSC2(C(=O)Nc3ccccc32)N1c1ccccc1,5.24
O=C1CCCN1c1cnc2c(N3CCNCC3)cccc2c1,5.31
O=C1CC(c2ccccc2)CN1c1cccc(C2CCNCC2)c1,7.16
O=C1CC(c2ccccc2)CN1c1cnc2c(N3CCCNCC3)cccc2c1,8.0
O=C1CC(c2ccccc2)CN1c1cncc(N2CCNCC2)c1,5.39
O=C1CC(c2ccccc2)CN1c1cccc(N2CCNCC2)c1,7.08
O=C1CC(c2ccccc2)CN1c1cccc(N2CCNCC2)n1,7.32
O=C1OC(c2cccc(Cl)c2)CN1c1ccc2c(c1)CCNCC2,8.0
O=C1OC(c2ccccc2Cl)CN1c1ccc2c(c1)CCNCC2,7.33
O=C1CC(c2ccccc2)CN1c1cnc2c(N3CCNCC3)cccc2c1,8.59
COc1ccccc1C1CN(c2ccc3c(c2)CCNCC3)C(=O)O1,7.06
COc1cc(OC)cc(N2C(=O)CSC23C(=O)Nc2ccccc23)c1,7.06
CN1CCC(c2cccc3cc(S(=O)(=O)c4ccccn4)cnc23)CC1,9.66
CN1CCN(c2cccc3cc(S(=O)(=O)c4cccc(F)c4)cnc23)CC1,9.47
Clc1cccc(COc2ccc(Br)cc2OC2CNC2)c1,7.33
COc1ccc(S(=O)(=O)n2cc3c4c(cccc42)N2CCNCC2C3)cc1,6.78
O=S(=O)(c1ccc(F)cc1)n1cc2c3c(cccc31)N1CCNCC1C2,7.54
O=S(=O)(c1cccc(F)c1)n1cc2c3c(cccc31)N1CCNCC1C2,9.12
Cc1ccccc1S(=O)(=O)n1cc2c3c(cccc31)N1CCNCC1C2,7.68
O=S(=O)(c1ccccc1)n1cc2c3c(cccc31)N1CCNCC1C2,8.05
Fc1ccc2c(CCNCc3cccc(OCC(F)(F)C(F)F)c3)c[nH]c2c1,9.08
Cc1cccc(S(=O)(=O)n2cc3c4c(cccc42)N2CCNCC2C3)c1,7.62
COc1cccc(S(=O)(=O)n2cc3c4c(cccc42)N2CCNCC2C3)c1,7.62
COc1ccccc1S(=O)(=O)n1cc2c3c(cccc31)N1CCNCC1C2,7.59
O=S(=O)(c1ccc(Cl)cc1)n1cc2c3c(cccc31)N1CCNCC1C2,6.74
Cc1c(S(=O)(=O)NCCCCN2CCC(c3noc4cc(F)ccc34)CC2)sc2ccc(Cl)cc12,8.74
O=S(=O)(NCCCCN1CCC(c2noc3cc(F)ccc23)CC1)c1ccc2ccccc2c1,8.62
O=S(=O)(NCCCN1CCN(c2noc3ccccc23)CC1)c1ccc(F)c(Cl)c1,6.48
Cc1cccc(S(=O)(=O)NCCCN2CCN(c3nsc4ccccc34)CC2)c1,7.66
O=S(=O)(NCCCN1CCN(c2nsc3ccccc23)CC1)c1ccc2ccccc2c1,7.4
Cc1cccc(S(=O)(=O)NCCN2CCN(c3nsc4ccccc34)CC2)c1,6.37
Cc1c(S(=O)(=O)NCCCN2CCC(c3noc4cc(F)ccc34)CC2)sc2ccc(F)cc12,7.6
O=S(=O)(NCCN1CCN(c2nsc3ccccc23)CC1)c1ccc2ccccc2c1,6.17
O=S(=O)(NCCCCN1CCN(c2noc3ccccc23)CC1)c1ccc(Cl)c(Cl)c1,7.54
O=S(=O)(NCCCCN1CCN(c2noc3ccccc23)CC1)c1ccc(F)c(Cl)c1,7.57
O=S(=O)(NCCCCN1CCN(c2noc3ccccc23)CC1)c1cccs1,5.28
O=S(=O)(NCCCN1CCN(c2nsc3ccccc23)CC1)c1cccc2scnc12,7.57
O=S(=O)(NCCCN1CCC(c2noc3cc(F)ccc23)CC1)c1ccc2ccccc2c1,7.5
O=S(=O)(NCCCCN1CCN(c2noc3ccccc23)CC1)c1ccc(OC(F)(F)F)cc1,5.32
O=S(=O)(NCCCN1CCC(c2noc3cc(F)ccc23)CC1)c1ccc2cc(Cl)ccc2c1,7.58
O=S(=O)(NCCCCN1CCC(c2noc3cc(F)ccc23)CC1)c1ccc(Cl)c(Cl)c1,7.58
O=S(=O)(NCCCCN1CCN(c2nsc3ccccc23)CC1)c1cc2ccccc2s1,7.48
O=S(=O)(NCCCN1CCN(c2noc3ccccc23)CC1)c1ccc2cc(Cl)ccc2c1,5.64
O=S(=O)(NCCCN1CCN(c2noc3ccccc23)CC1)c1ccc(OC(F)(F)F)cc1,5.66
O=S(=O)(NCCCN1CCN(c2noc3ccccc23)CC1)c1ccc2ccccc2c1,5.8
Cc1cccc(S(=O)(=O)NCCCN2CCN(c3noc4ccccc34)CC2)c1,5.82
O=S(=O)(NCCCN1CCC(c2noc3cc(F)ccc23)CC1)c1ccc(OC(F)(F)F)cc1,7.46
O=S(=O)(NCCCN1CCN(c2noc3ccccc23)CC1)c1cc2ccccc2s1,7.46
O=S(=O)(NCCCCN1CCN(c2noc3ccccc23)CC1)c1cc2ccccc2s1,5.96
O=S(=O)(NCCCN1CCN(c2noc3ccccc23)CC1)c1ccc(Cl)c(Cl)c1,5.96
O=S(=O)(NCCCCN1CCC(c2noc3cc(F)ccc23)CC1)c1ccc(OC(F)(F)F)cc1,7.64
O=S(=O)(NCCCN1CCC(c2noc3cc(F)ccc23)CC1)c1cccc2scnc12,7.64
O=S(=O)(NCCCN1CCC(c2noc3cc(F)ccc23)CC1)c1ccc(F)c(Cl)c1,8.8
O=S(=O)(NCCCCN1CCC(c2noc3cc(F)ccc23)CC1)c1ccc2cc(Cl)ccc2c1,8.62
O=S(=O)(NCCCN1CCC(c2noc3cc(F)ccc23)CC1)c1cc2ccccc2s1,7.4
O=S(=O)(NCCCCN1CCC(c2noc3cc(F)ccc23)CC1)c1cc2ccccc2s1,8.19
O=S(=O)(NCCCCN1CCN(c2noc3ccccc23)CC1)c1cnc2ccccn12,7.02
O=S(=O)(NCCCCN1CCN(c2nsc3ccccc23)CC1)c1ccc2cc(Cl)ccc2c1,7.21
Cc1c(S(=O)(=O)NCCCCN2CCN(c3noc4ccccc34)CC2)sc2ccc(F)cc12,7.77
O=S(=O)(NCCCCN1CCN(c2noc3ccccc23)CC1)c1ccc2ccccc2c1,8.21
O=S(=O)(NCCCN1CCN(c2nsc3ccccc23)CC1)c1cc2ccccc2s1,7.2
O=S(=O)(NCCCN1CCN(c2nsc3ccccc23)CC1)c1ccc(F)c(Cl)c1,8.29
O=S(=O)(NCCCCN1CCC(c2noc3cc(F)ccc23)CC1)c1cccc2ccccc12,8.06
Cc1cccc(S(=O)(=O)NCCCCN2CCC(c3noc4cc(F)ccc34)CC2)c1,6.85
O=S(=O)(NCCCCN1CCN(c2noc3ccccc23)CC1)c1cc2ccc(Cl)cc2s1,7.34
O=S(=O)(NCCCCN1CCC(c2noc3cc(F)ccc23)CC1)c1cccc2scnc12,7.16
O=S(=O)(NCCCCN1CCN(c2nsc3ccccc23)CC1)c1ccc(Cl)c(Cl)c1,7.15
O=S(=O)(NCCCN1CCN(c2nsc3ccccc23)CC1)c1cnc2ccccn12,7.08
Cc1cccc(S(=O)(=O)NCCCCN2CCN(c3noc4ccccc34)CC2)c1,7.06
O=S(=O)(NCCN1CCC(c2noc3cc(F)ccc23)CC1)c1ccc2ccccc2c1,6.88
O=S(=O)(NCCCCN1CCN(c2nsc3ccccc23)CC1)c1cnc2ccccn12,6.85
O=S(=O)(NCCCCN1CCC(c2noc3cc(F)ccc23)CC1)c1ccc(F)c(Cl)c1,7.32
O=S(=O)(NCCCCN1CCN(c2noc3ccccc23)CC1)c1ccc2cc(Cl)ccc2c1,7.75
O=S(=O)(NCCCCN1CCN(c2nsc3ccccc23)CC1)c1cc2ccc(Cl)cc2s1,7.35
O=S(=O)(NCCCN1CCN(c2nsc3ccccc23)CC1)c1cccs1,6.85
O=S(=O)(NCCCN1CCN(c2nsc3ccccc23)CC1)c1cc2ccc(Cl)cc2s1,6.96
O=S(=O)(NCCCCN1CCN(c2nsc3ccccc23)CC1)c1ccc(OC(F)(F)F)cc1,7.33
O=S(=O)(NCCCN1CCC(c2noc3cc(F)ccc23)CC1)c1cccc2ccccc12,7.08
O=S(=O)(NCCCCN1CCC(c2noc3cc(F)ccc23)CC1)c1csc2ccccc12,7.89
O=S(=O)(NCCCN1CCN(c2nsc3ccccc23)CC1)c1ccc(Cl)c(Cl)c1,7.82
O=S(=O)(NCCCCN1CCN(c2nsc3ccccc23)CC1)c1ccc(F)c(Cl)c1,7.28
O=S(=O)(NCCN1CCC(c2noc3cc(F)ccc23)CC1)c1cccc2ccccc12,6.6
O=S(=O)(NCCCCN1CCC(c2noc3cc(F)ccc23)CC1)c1cc2ccc(Cl)cc2s1,8.48
O=S(=O)(NCCCN1CCC(c2noc3cc(F)ccc23)CC1)c1ccc(Cl)c(Cl)c1,8.15
O=S(=O)(NCCCCN1CCN(c2nsc3ccccc23)CC1)c1cccs1,7.38
O=S(=O)(NCCCN1CCC(c2noc3cc(F)ccc23)CC1)c1cnc2ccccn12,7.0
Cc1c(S(=O)(=O)NCCCCN2CCC(c3noc4cc(F)ccc34)CC2)sc2ccc(F)cc12,8.47
O=S(=O)(NCCCCN1CCC(c2noc3cc(F)ccc23)CC1)c1cnc2ccccn12,7.0
O=S(=O)(NCCCN1CCN(c2nsc3ccccc23)CC1)c1ccc2cc(Cl)ccc2c1,7.0
Cc1c(S(=O)(=O)NCCCCN2CCN(c3nsc4ccccc34)CC2)sc2ccc(F)cc12,7.27
Cc1cccc(S(=O)(=O)NCCN2CCC(c3noc4cc(F)ccc34)CC2)c1,6.68
O=S(=O)(NCCCCN1CCN(c2nsc3ccccc23)CC1)c1cccc2scnc12,6.92
Cc1c(S(=O)(=O)NCCCN2CCN(c3nsc4ccccc34)CC2)sc2ccc(F)cc12,6.92
O=S(=O)(NCCCN1CCC(c2noc3cc(F)ccc23)CC1)c1cc2ccc(Cl)cc2s1,7.36
O=S(=O)(NCCCN1CCN(c2nsc3ccccc23)CC1)c1ccc(OC(F)(F)F)cc1,7.25
Cc1cccc(S(=O)(=O)NCCCCN2CCN(c3nsc4ccccc34)CC2)c1,7.0
Cc1cccc(S(=O)(=O)NCCCN2CCC(c3noc4cc(F)ccc34)CC2)c1,7.89
O=S(=O)(NCCCN1CCC(c2noc3cc(F)ccc23)CC1)c1csc2ccccc12,7.89
COc1ccccc1N1CCN(CCCCC(=O)NCc2ccccc2-c2ccccc2Cl)CC1,5.82
COc1ccccc1N1CCN(CCCCCC(=O)NCc2ccccc2-c2ccccc2Cl)CC1,5.88
CN1CCc2ccc(N3C(=O)CSC34C(=O)Nc3ccccc34)cc2CC1,7.82
OCCCNCC1CCc2ccc(OCc3ccccc3)cc2O1,8.05
Cc1nc2c(N3CCNCC3)cccc2n1S(=O)(=O)c1ccccc1,9.28
O=C(c1ccccc1)n1cc(C2=CCNCC2)c2cc(F)ccc21,7.0
Cc1cc(C)cc(S(=O)(=O)c2ccc3ccnc(N4CCNCC4)c3c2)c1,7.96
CNCC1COc2ccc(S(=O)(=O)c3ccccc3)cc2O1,9.7
O=S(=O)(c1cc2cccc(N3CCNCC3)c2[nH]1)c1cccc(Cl)c1Cl,9.7
O=C1COc2c(N3CCNCC3)cccc2N1Cc1ccccc1,9.7
CC(Nc1ccc2c(c1)CCNCC2)c1ccccc1Cl,7.85
CN1CC2c3ccccc3Oc3ccc(Cl)cc3C2C1,9.6
O=S(=O)(c1ccccc1)c1cnc2c(N3CCNCC3)cccc2c1,9.6
O=S(=O)(Nc1ccc2c(c1)CNCCC2)c1csc(C(F)(F)F)c1-c1ccccc1,7.5
CN1CCN(c2cccc3c(S(=O)(=O)c4ccccc4)c[nH]c23)CC1,9.3
O=c1[nH]c2c(N3CCNCC3)cccc2n1Cc1ccccc1,9.52
O=C1c2cccc(N3CCNCC3)c2Oc2ccc(F)cc2N1Cc1cccc(C(F)(F)F)c1,9.52
N=C(N)CCC1CCCc2cc(S(=O)(=O)c3ccccc3)ccc21,7.23
O=S(=O)(c1ccccc1)c1ccc2c(c1)OCCC2N1CCNCC1,9.4
Fc1ccc2c(c1)c(C1=CCNCC1)cn2Cc1ccccc1,8.0
Clc1ccc(-c2[nH]c3ccccc3c2C=NNC2=NCCN2)cc1,8.0
O=S(=O)(c1cccc(Cl)c1Cl)N1CCc2c(cccc2N2CCNCC2)C1,10.4
Cc1c(S(=O)(=O)Nc2cc3c(c(N4CCN(C)CC4)c2)OCC3)sc2ccc(Cl)cc12,8.8
O=S(=O)(c1cccc(F)c1)c1c[nH]c2c(OCCN3CCCC3)cccc12,7.7
CSc1nn2c(N3CCNCC3)nc(C)nc2c1S(=O)(=O)c1ccccc1,8.92
CN(C)CCc1cn(S(=O)(=O)c2ccccc2)c2sccc12,8.92
CN(C)CCc1cccc2c1ccn2S(=O)(=O)c1ccccc1,8.82
COc1ccc(C)cc1S(=O)(=O)Nc1cc(OC2CCNCC2)c2occc2c1,8.92
CN(C)CCCOc1ccc2[nH]nc(S(=O)(=O)c3cccc4ccccc34)c2c1,8.89
CN1CCCC1Cc1cn(S(=O)(=O)c2ccccc2)c2ccc(Cl)cc12,8.85
O=c1n(C2=CCNCC2)c2ccccc2n1S(=O)(=O)c1ccc2ccccc2c1,8.24
COc1ccc(Cl)cc1NS(=O)(=O)c1ccc(OC)c2c1CCC(N(C)C)C2,8.77
O=C(Nc1ccccc1)n1cc(C2=CCNCC2)c2cc(F)ccc21,6.93
COc1cc(Cl)cc(C(C)Nc2cc(N3CCNCC3)ccc2S(C)(=O)=O)c1OC,8.4
COc1cc(Cn2c(=O)ccc3cccc(OC)c32)cc(N2CCNCC2)c1,9.05
NCCOc1cccc2c1c1cccc3c1n2C(c1ccccc1)CO3,8.74
CN1CCC(c2cn(C)c3cc(OS(=O)(=O)c4c(F)cccc4F)ccc23)CC1,9.0
COc1cc(N2CCNCC2)c2ncc(C)c(Oc3ccccc3)c2c1,9.0
O=S(=O)(Nc1ccc2c(c1)C(C1CCNCC1)=CCO2)c1ccccc1,9.0
CN1CCCC1Cc1c[nH]c2ccc(OC3CCCCC3)cc12,9.03
O=S(=O)(c1ccccc1)c1ccc(C2CCNCC2)c2ccccc12,8.42
Cn1c(=O)c2c(nc(N3CCOCC3)n2CCCCN2CCN(c3cccc(Cl)c3)CC2)n(C)c1=O,6.68
COc1ccccc1N1CCN(CCCn2cnc3c2c(=O)n(C)c(=O)n3C)CC1,4.92
Cn1c(=O)c2c(ncn2CCCN2CCc3ccccc3C2)n(C)c1=O,4.91
Cn1c(=O)c2c(ncn2CCCCN2CCN(c3ccc(Cl)c(Cl)c3)CC2)n(C)c1=O,5.72
Cn1c(=O)c2c(ncn2CCCCN2CCN(c3cccc(Cl)c3)CC2)n(C)c1=O,5.29
COc1ccccc1N1CCN(CCCCn2cnc3c2c(=O)n(C)c(=O)n3C)CC1,5.71
Cn1c(=O)c2c(ncn2CCCN2CCN(c3cccc(Cl)c3)CC2)n(C)c1=O,4.69
Cn1c(=O)c2c(ncn2CCCN2CCN(c3ccccc3)CC2)n(C)c1=O,4.7
Cn1c(=O)c2c(ncn2CCCCCN2CCN(c3cccc(Cl)c3)CC2)n(C)c1=O,5.92
COc1ccccc1N1CCN(CCCCCn2cnc3c2c(=O)n(C)c(=O)n3C)CC1,5.05
Cn1c(=O)c2c(ncn2CCCCCN2CCc3ccccc3C2)n(C)c1=O,5.04
Cn1c(=O)c2c(ncn2CCCCN2CCN(c3cccc(Cl)c3Cl)CC2)n(C)c1=O,7.17
Cc1ccc(Cl)cc1N(C)C(=O)c1cn(-c2ccc(F)cc2F)c(=O)c2ccccc12,4.95
Brc1ccc2c(c1)c1c3n2CCN(Cc2ccccc2)C3CCC1,4.89
COc1cccc(-n2cc(C(=O)N(C)c3cccc(Cl)c3)c3ccccc3c2=O)c1,4.78
O=c1ccc(-c2ccc(S(=O)(=O)Nc3cccc4c3CCCC4)s2)n[nH]1,4.7
O=S(=O)(Nc1cc2c(c3ccccc13)OC1(N3CCOCC3)CCCCC21)c1ccccc1,5.01
O=S(=O)(Nc1ccn(Cc2cccc3ccccc23)n1)c1ccc(Br)s1,4.92
O=S1(=O)c2ccccc2N(Cc2ccc(Cl)cc2F)c2ccccc21,4.88
O=S(=O)(Nc1cc(Sc2cccc3cccnc23)c(O)c2ccccc12)c1ccccc1,4.81
Nc1c(S(=O)(=O)c2ccccc2)sc2nc(-c3ccccc3)cc(-c3ccccc3)c12,5.19
Cc1ccc(Nc2c(S(=O)(=O)c3ccccc3)cnc3ccc(Cl)cc23)cc1,5.8
O=S(=O)(Nc1cc(Sc2cccc3cccnc23)c(O)c2ccccc12)c1ccc(F)cc1,5.1
CCS(=O)(=O)c1nc(S(=O)(=O)c2ccc(Cl)cc2)c(N2CCc3ccccc3C2)s1,6.82
COCCn1c(C)c(C)c(S(=O)(=O)c2ccc(Cl)cc2)c1N,5.53
O=S(=O)(c1ccccc1)N1C=Cc2ccccc2C1c1c[nH]c2ccccc12,5.51
Cc1ccc(S(=O)(=O)NN=C2CCCc3c2[nH]c2ccc(Cl)cc32)cc1,5.49
Cc1ccc(S(=O)(=O)c2cnc3ccc(F)cc3c2SCc2ccc(Cl)cc2)cc1,5.19
Cc1ccc(S(=O)(=O)c2nc(N3CCc4ccccc4C3)sc2Cl)cc1,5.93
O=S(=O)(c1ccc(F)cc1)N1CC=c2ccccc2=C1c1c[nH]c2ccccc12,5.24
O=C1Nc2ccc(Cl)cc2C1(c1c[nH]c2ccccc12)c1c[nH]c2ccccc12,6.14
O=S(=O)(Nc1ccccc1-c1nccc2ccccc12)c1ccc(Cl)cc1,5.24
NC(=O)C1CCN(c2c(S(=O)(=O)c3ccccc3)cnc3ccc(Cl)cc23)CC1,5.25
CN(C)CCn1c(=O)sc2cc(S(=O)(=O)Nc3cccc4ccccc34)ccc21,7.0
CSc1ccccc1N1CCN(CCCCCC(=O)N2Cc3ccccc3CC2C(N)=O)CC1,6.55
CC(C)c1ccccc1N1CCN(CCCCCCC(=O)N2CCCC2C(=O)N2CCCCC2)CC1,6.22
O=C1CCc2ccc(OCCCCNCCc3cn(Cc4ccccc4)c4ccccc34)cc2N1,6.82
O=C1CCc2ccc(OCCCCNCCc3cn(S(=O)(=O)c4ccccc4)c4ccccc34)cc2N1,7.28
NC(=O)c1ccccc1OCCCN1CCC(c2cn(S(=O)(=O)c3ccccc3)c3ccccc23)CC1,7.24
NC(=O)c1ccccc1OCCCN1CC=C(c2cn(S(=O)(=O)c3ccccc3)c3ccccc23)CC1,7.48
NC(=O)c1ccccc1OCCCNCCc1cn(Cc2ccccc2)c2ccccc12,6.17
NC(=O)c1ccccc1OCCCN1CCN(c2cccc3c2ccn3Cc2ccc(F)cc2)CC1,7.08
O=C1CCc2ccc(OCCCCN3CC=C(c4cn(S(=O)(=O)c5ccccc5)c5ccccc45)CC3)cc2N1,7.28
NC(=O)c1ccccc1OCCCNCCc1cn(S(=O)(=O)c2ccccc2)c2ccccc12,7.21
O=C1CCc2ccc(OCCCCN3CCC(c4cn(S(=O)(=O)c5ccccc5)c5ccccc45)CC3)cc2N1,6.85
O=C1CCc2ccc(OCCCCN3CCN(c4cccc5c4ccn5Cc4ccccc4F)CC3)cc2N1,7.35
O=C1CCc2ccc(OCCCCN3CCC(c4cn(Cc5ccccc5)c5ccccc45)CC3)cc2N1,6.82
NC(=O)c1ccccc1OCCCN1CCC(c2cn(Cc3ccccc3)c3ccccc23)CC1,6.31
NC(=O)c1ccccc1OCCCN1CCN(c2cccc3c2ccn3Cc2ccccc2)CC1,7.62
O=C1CCc2ccc(OCCCCN3CCN(c4cccc5c4ccn5Cc4cccc(Cl)c4)CC3)cc2N1,8.14
O=S(=O)(c1ccccc1)n1ccc2c(N3CCN(CCCOc4ccc(F)cc4)CC3)cccc21,8.27
O=C1CCc2ccc(OCCCCN3CCN(c4cccc5c4ccn5Cc4ccccc4)CC3)cc2N1,7.89
O=C1CCc2ccc(OCCCCN3CC=C(c4cn(Cc5ccccc5)c5ccccc45)CC3)cc2N1,7.66
O=S(=O)(c1ccccc1)n1ccc2c(N3CCN(CCCOc4ccccc4)CC3)cccc21,8.12
NC(=O)c1ccccc1OCCCN1CCN(c2cccc3c2ccn3S(=O)(=O)c2ccccc2)CC1,9.0
O=S(=O)(c1ccccc1)n1ccc2c(N3CCN(CCCOc4ccc5ccoc5c4)CC3)cccc21,8.42
O=S(=O)(c1ccccc1)n1ccc2c(N3CCN(CCCCOc4ccc(F)cc4)CC3)cccc21,8.16
O=S(=O)(c1ccccc1)n1ccc2c(N3CCN(CCCCOc4ccccc4)CC3)cccc21,7.8
O=C1CCc2ccc(OCCCN3CCN(c4cccc5c4ccn5S(=O)(=O)c4ccccc4)CC3)cc2N1,8.64
NC(=O)c1ccccc1OCCCCN1CCN(c2cccc3c2ccn3S(=O)(=O)c2ccccc2)CC1,8.55
O=C1CCc2ccc(OCCCCN3CCN(c4cccc5c4ccn5S(=O)(=O)c4ccccc4)CC3)cc2N1,9.4
NC(=O)c1ccccc1OCCCN1CCN(c2cccc3c2ccn3Cc2cccc(F)c2)CC1,8.0
CC(C)Oc1ccccc1OCCCCN1CCN(c2cccc3c2ccn3S(=O)(=O)c2ccccc2)CC1,7.96
CC(C)Oc1ccccc1OCCCN1CCN(c2cccc3c2ccn3S(=O)(=O)c2ccccc2)CC1,8.77
NC(=O)c1ccccc1OCCCN1CCN(c2cccc3c2ccn3Cc2cccc(Cl)c2)CC1,7.9
NC(=O)c1ccccc1OCCCN1CCN(c2cccc3c2ccn3Cc2ccccc2F)CC1,7.64
Cc1cn2c3c(=O)n(C)c(=O)n(C)c3nc2n1CCCCN1CCN(c2ccc(Cl)cc2)CC1,5.84
Cc1cccc(N2CCN(CCCCn3c(C)cn4c5c(=O)n(C)c(=O)n(C)c5nc34)CC2)c1C,6.29
Cn1c(=O)c2c(nc3n(CCCCN4CCN(c5ccc(Cl)cc5)CC4)c(-c4ccccc4)cn23)n(C)c1=O,6.35
Cc1cn2c3c(=O)n(C)c(=O)n(C)c3nc2n1CCCCCN1CCN(c2ccc(Cl)cc2)CC1,6.08
Cc1cn2c3c(=O)n(C)c(=O)n(C)c3nc2n1CCCCCN1CCN(c2ccc(Cl)c(Cl)c2)CC1,6.39
Cn1c(=O)c2c(nc3n(CCCCCN4CCN(c5ccc(Cl)cc5)CC4)ccn23)n(C)c1=O,5.8
Cn1c(=O)c2c(nc3n(CCCCN4CCN(c5ccc(Cl)cc5)CC4)c(=O)ccn23)n(C)c1=O,7.07
Cn1c(=O)c2c(nc3n(CCCCCN4CCN(c5ccc(Cl)cc5)CC4)c(=O)ccn23)n(C)c1=O,6.08
Cn1c(=O)c2c(nc3n(CCCCCN4CCN(c5ccc(Cl)cc5)CC4)c(-c4ccccc4)cn23)n(C)c1=O,7.35
COc1cc2c3c(c1OC)-c1cc4c(cc1CC3N(C)CC2c1ccccc1)OCO4,6.2
CSc1nn2c3c(c(C)nc2c1S(=O)(=O)c1ccccc1)CNCC3,8.11
Cc1nn2c3c(cnc2c1S(=O)(=O)c1ccccc1)CNCC3,8.67
CSc1nn2c3c(c(C)nc2c1S(=O)(=O)c1cccc(Cl)c1)CNCC3,7.96
Cn1c2c(c3cc(S(=O)(=O)n4ccc5cc(F)ccc54)ccc31)C1CCC(C2)N1,8.96
Cn1c2c(c3cc(S(=O)(=O)c4ccccc4F)cc(O)c31)C1CCC(C2)N1,9.0
Cn1c2c(c3cc(S(=O)(=O)c4ccc(N)cc4)ccc31)C1CCC(C2)N1,7.89
Cc1cc(S(=O)(=O)n2ccc3ccccc32)cc2c3c(n(C)c12)CC1CCC3N1,9.02
COc1cc(S(=O)(=O)c2cncc3ccccc23)cc2c3c(n(C)c12)CC1CCC3N1,8.43
Cn1c2c(c3cc(S(=O)(=O)c4cccc5ccncc45)ccc31)C1CCC(C2)N1,7.89
Cn1c2c(c3cc(S(=O)(=O)c4ccccc4)cc(F)c31)C1CCC(C2)N1,7.89
Cn1c2c(c3cc(S(=O)(=O)n4ccc5c(F)cccc54)ccc31)C1CCC(C2)N1,8.25
Cc1cccc(S(=O)(=O)c2ccc3c(c2)c2c(n3C)CC3CCC2N3)c1,8.43
COc1cc(S(=O)(=O)c2cn(C)c3ccccc23)cc2c3c(n(C)c12)CC1CCC3N1,9.0
CC(C)Oc1cc(S(=O)(=O)c2ccccc2)cc2c3c(n(C)c12)CC1CCC3N1,7.85
COc1cc(S(=O)(=O)c2cccc(OCc3ccccc3)c2)cc2c3c(n(C)c12)CC1CCC3N1,8.85
CCN1C2CCC1c1c(n(C)c3ccc(S(=O)(=O)c4ccc5[nH]ccc5c4)cc13)C2,9.11
COc1cc(S(=O)(=O)c2cccc(Cl)c2)cc2c3c(n(C)c12)CC1CCC3N1C,9.28
COc1ccc2c(ccn2S(=O)(=O)c2ccc3c(c2)c2c(n3C)CC3CCC2N3)c1,7.75
COc1cc(S(=O)(=O)c2cccc(F)c2)cc2c3c(n(C)c12)CC1CCC3N1,9.25
Cc1cc(S(=O)(=O)c2cn(C)c3ccccc23)cc2c3c(n(C)c12)CC1CCC3N1,9.25
Cn1c2c(c3cc(S(=O)(=O)c4cccc(-c5ccncc5)c4)ccc31)C1CCC(C2)N1,7.32
COc1cc(S(=O)(=O)c2ccccc2)cc2c3c(n(C)c12)CC1CCC3N1,9.24
CCn1ccc2cc(S(=O)(=O)c3ccc4c(c3)c3c(n4C)CC4CCC3N4)ccc21,8.29
[C-]#[N+]c1ccc2ccn(S(=O)(=O)c3cc(OC)c4c(c3)c3c(n4C)CC4CCC3N4)c2c1,9.24
CCc1cc(S(=O)(=O)c2ccccc2)cc2c3c(n(C)c12)CC1CCC3N1,7.77
COc1cccc(S(=O)(=O)c2ccc3c(c2)c2c(n3C)CC3CCC2N3)c1,7.77
Cn1c2c(c3cc(S(=O)(=O)c4cccc5cccnc45)ccc31)C1CCC(C2)N1,7.77
Cn1c2c(c3cc(S(=O)(=O)n4ccc5cccnc54)ccc31)C1CCC(C2)N1,8.41
COc1cc(S(=O)(=O)c2ccccc2)cc2c3c(n(C)c12)CC1CCC3N1C,9.17
Cn1c2c(c3cc(S(=O)(=O)c4cccc(Cl)c4)cc(O)c31)C1CCC(C2)N1,9.16
Cn1c2c(c3cc(S(=O)(=O)c4cn(Cc5ccccc5)c5ccccc45)ccc31)C1CCC(C2)N1,9.15
CCn1cc(S(=O)(=O)c2ccc3c(c2)c2c(n3C)CC3CCC2N3)c2ccccc21,9.14
Cc1cn(S(=O)(=O)c2ccc3c(c2)c2c(n3C)CC3CCC2N3)c2ccccc12,9.14
Cn1c2c(c3cc(S(=O)(=O)n4ccc5ccncc54)ccc31)C1CCC(C2)N1,7.82
Cn1c2c(c3cc(S(=O)(=O)c4cccc5ncccc45)ccc31)C1CCC(C2)N1,6.83
Cn1c2c(c3cc(S(=O)(=O)c4cccc5[nH]ccc45)ccc31)C1CCC(C2)N1,8.92
[C-]#[N+]c1ccc2ccn(S(=O)(=O)c3ccc4c(c3)c3c(n4C)CC4CCC3N4)c2c1,9.12
Cn1c2c(c3cc(S(=O)(=O)c4ccc(CN)cc4)ccc31)C1CCC(C2)N1,7.82
CN(C)c1cccc(S(=O)(=O)c2ccc3c(c2)c2c(n3C)CC3CCC2N3)c1,7.85
Cn1c2c(c3cc(S(=O)(=O)c4ccccc4)cc(N4CCCC4)c31)C1CCC(C2)N1,7.28
Cn1c2c(c3cc(S(=O)(=O)c4ccccc4)cc(OCc4ccccc4)c31)C1CCC(C2)N1,7.85
Cn1c2c(c3cc(S(=O)(=O)c4ccc5cc[nH]c5c4)ccc31)C1CCC(C2)N1,8.24
Cn1c2c(c3cc(S(=O)(=O)c4cccc(OCc5ccncc5)c4)ccc31)C1CCC(C2)N1,7.96
Cn1c2c(c3cc(S(=O)(=O)c4cncc(F)c4)ccc31)C1CCC(C2)N1,6.86
Cn1c2c(c3cc(S(=O)(=O)c4cccc(-n5cccn5)c4)ccc31)C1CCC(C2)N1,8.05
Cn1c2c(c3cc(S(=O)(=O)c4cccc(NC5CCCC5)c4)ccc31)C1CCC(C2)N1,8.7
COc1cc(S(=O)(=O)c2cccc(OC(F)F)c2)cc2c3c(n(C)c12)CC1CCC3N1,8.52
Cc1cc(S(=O)(=O)c2cccc(Cl)c2)cc2c3c(n(C)c12)CC1CCC3N1,8.52
Cn1c2c(c3cc(S(=O)(=O)c4cc(F)cc(F)c4)ccc31)C1CCC(C2)N1,8.07
O=S(=O)(c1ccccc1)c1ccc2c(c1)c1c(n2CCO)CC2CCC1N2,6.37
Cn1c2c(c3cc(S(=O)(=O)c4ccc(C#N)cc4)ccc31)C1CCC(C2)N1,6.39
Cc1cc(S(=O)(=O)c2cccc(F)c2)cc2c3c(n(C)c12)CC1CCC3N1,8.09
CN1C2CCC1c1c(n(C)c3ccc(S(=O)(=O)c4ccsc4)cc13)C2,8.09
CNc1cccc(S(=O)(=O)c2ccc3c(c2)c2c(n3C)CC3CCC2N3)c1,8.19
Cn1c2c(c3cc(S(=O)(=O)c4ccccc4)cc(OCc4cccnc4)c31)C1CCC(C2)N1,6.89
Cc1cc(S(=O)(=O)c2cccc(OC(F)(F)F)c2)cc2c3c(n(C)c12)CC1CCC3N1,8.16
Cn1c2c(c3cc(S(=O)(=O)c4ccccc4)cc(O)c31)C1CCC(C2)N1,8.54
O=S(=O)(c1ccccc1)c1ccc2c(c1)c1c(n2-c2ccccc2)CC2CCC1N2,6.46
Cn1c2c(c3cc(S(=O)(=O)c4cnc5[nH]ccc5c4)ccc31)C1CCC(C2)N1,8.54
Cn1c2c(c3cc(S(=O)(=O)c4cc(Cl)ccn4)ccc31)C1CCC(C2)N1,6.98
Cn1c2c(c3cc(S(=O)(=O)c4ccccc4)cc(C#N)c31)C1CCC(C2)N1,6.94
Cc1cc2ccccc2n1S(=O)(=O)c1ccc2c(c1)c1c(n2C)CC2CCC1N2,8.14
Cn1c2c(c3cc(S(=O)(=O)c4cc(F)ccn4)ccc31)C1CCC(C2)N1,6.47
Cn1c2c(c3cc(S(=O)(=O)n4cc(F)c5ccccc54)ccc31)C1CCC(C2)N1,8.57
COc1cc(S(=O)(=O)c2cccc(O)c2)cc2c3c(n(C)c12)CC1CCC3N1,8.64
Cn1c2c(c3cc(S(=O)(=O)c4cccc(-c5ccccc5)c4)ccc31)C1CCC(C2)N1,8.59
Cc1cccc(S(=O)(=O)c2cc(C)c3c(c2)c2c(n3C)CC3CCC2N3)c1,8.15
Cn1c2c(c3cc(S(=O)(=O)c4ccccc4O)ccc31)C1CCC(C2)N1,7.0
Cn1c2c(c3cc(S(=O)(=O)c4cccc(OCc5ccccc5)c4)ccc31)C1CCC(C2)N1,8.72
Cn1c2c(c3cc(S(=O)(=O)c4cccc(-c5cc[nH]n5)c4)ccc31)C1CCC(C2)N1,6.61
Cn1c2c(c3cc(S(=O)(=O)c4cn(-c5ccccc5)c5ccccc45)ccc31)C1CCC(C2)N1,8.03
Cn1c2c(c3cc(S(=O)(=O)c4ccc5[nH]ccc5c4)ccc31)C1CCC(C2)N1CCO,8.92
Cn1c2c(c3cc(S(=O)(=O)c4ccc5[nH]ccc5c4)ccc31)C1CCC(C2)N1Cc1ccccc1,8.92
Cn1c2c(c3cc(S(=O)(=O)n4ccc5cc(Cl)ccc54)ccc31)C1CCC(C2)N1,8.92
[C-]#[N+]c1cn(S(=O)(=O)c2cc(OC)c3c(c2)c2c(n3C)CC3CCC2N3)c2ccccc12,8.92
Cn1c2c(c3cc(S(=O)(=O)c4ccc5sccc5c4)ccc31)C1CCC(C2)N1,8.48
Cn1c2c(c3cc(S(=O)(=O)c4ccc5c(ccn5CCO)c4)ccc31)C1CCC(C2)N1,6.64
COc1cc(S(=O)(=O)n2ncc3ccccc32)cc2c3c(n(C)c12)CC1CCC3N1,8.89
COCCn1ccc2cc(S(=O)(=O)c3ccc4c(c3)c3c(n4C)CC4CCC3N4)ccc21,7.19
CC(C)Nc1cccc(S(=O)(=O)c2ccc3c(c2)c2c(n3C)CC3CCC2N3)c1,7.96
Cn1c2c(c3cc(S(=O)(=O)c4ccc(C(F)(F)F)cc4)ccc31)C1CCC(C2)N1,7.34
COCCN1C2CCC1c1c(n(C)c3ccc(S(=O)(=O)c4ccc5[nH]ccc5c4)cc13)C2,8.85
Cc1ccccc1S(=O)(=O)c1ccc2c(c1)c1c(n2C)CC2CCC1N2,7.96
Cn1c2c(c3cc(S(=O)(=O)c4ccc(O)cc4)ccc31)C1CCC(C2)N1,7.96
Cn1c2c(c3cc(S(=O)(=O)c4ccccc4)cc(OC(F)(F)F)c31)C1CCC(C2)N1,7.16
Cc1cc(S(=O)(=O)c2cncnc2)cc2c3c(n(C)c12)CC1CCC3N1,6.1
Cc1cc(S(=O)(=O)c2ccccc2)cc2c3c(n(C)c12)CC1CCC3N1,8.48
Cn1c2c(c3cc(S(=O)(=O)c4cccc5ccccc45)ccc31)C1CCC(C2)N1,8.85
COc1cc(S(=O)(=O)c2cccc(-n3cccn3)c2)cc2c3c(n(C)c12)CC1CCC3N1,8.82
Cn1c2c(c3cc(S(=O)(=O)c4cc(Cl)cc(Cl)c4)ccc31)C1CCC(C2)N1,8.0
Cn1c2c(c3cc(S(=O)(=O)n4ccc5ncccc54)ccc31)C1CCC(C2)N1,7.11
Cn1c2c(c3cc(S(=O)(=O)c4cccc(F)c4)cc(O)c31)C1CCC(C2)N1,8.8
Cn1c2c(c3cc(S(=O)(=O)c4ccccc4)cc(OCc4ccccn4)c31)C1CCC(C2)N1,7.1
CC(C)N1C2CCC1c1c(n(C)c3ccc(S(=O)(=O)c4ccc5[nH]ccc5c4)cc13)C2,8.49
CN(C)C(=O)COc1cc(S(=O)(=O)c2ccccc2)cc2c3c(n(C)c12)CC1CCC3N1,6.24
Cn1c2c(c3cc(S(=O)(=O)c4cncc5ccccc45)ccc31)C1CCC(C2)N1,8.72
Cn1c2c(c3cc(S(=O)(=O)c4cccc(OC(F)F)c4)ccc31)C1CCC(C2)N1,8.24
Cn1c2c(c3cc(S(=O)(=O)c4cccc(C(F)(F)F)c4)cc(O)c31)C1CCC(C2)N1,9.28
Cc1cc(S(=O)(=O)c2cccc(C(F)(F)F)c2)cc2c3c(n(C)c12)CC1CCC3N1,8.44
Cn1c2c(c3cc(S(=O)(=O)c4ccnc5ccccc45)ccc31)C1CCC(C2)N1,7.41
Cn1c2c(c3cc(S(=O)(=O)c4ccccc4)cc(Cl)c31)C1CCC(C2)N1,7.66
Cn1c2c(c3cc(S(=O)(=O)c4cccc5cnccc45)ccc31)C1CCC(C2)N1,7.66
CCOc1cc(S(=O)(=O)c2ccccc2)cc2c3c(n(C)c12)CC1CCC3N1,9.38
COc1cc(S(=O)(=O)c2cncc(Cl)c2)cc2c3c(n(C)c12)CC1CCC3N1,7.68
COc1cc(S(=O)(=O)n2ccc3ccccc32)cc2c3c(n(C)c12)CC1CCC3N1,9.46
COc1cc(S(=O)(=O)n2ccc3ccc(F)cc32)cc2c3c(n(C)c12)CC1CCC3N1,9.37
COc1cc(S(=O)(=O)c2ccccc2F)cc2c3c(n(C)c12)CC1CCC3N1,9.34
Cc1cc(S(=O)(=O)c2ccc(N)cc2)cc2c3c(n(C)c12)CC1CCC3N1,8.31
COc1ccc(S(=O)(=O)c2ccc3c(c2)c2c(n3C)CC3CCC2N3)cc1,7.36
Cn1c2c(c3cc(S(=O)(=O)c4csc5ccccc45)cc(F)c31)C1CCC(C2)N1,9.33
Cn1c2c(c3cc(S(=O)(=O)c4cc(C(F)(F)F)c5[nH]ccc5c4)ccc31)C1CCC(C2)N1,9.33
Cn1c2c(c3cc(S(=O)(=O)c4ccc5occc5c4)ccc31)C1CCC(C2)N1,7.7
Cn1c2c(c3cc(S(=O)(=O)c4ccccc4)cc(OCCO)c31)C1CCC(C2)N1,7.36
Cn1c2c(c3cc(S(=O)(=O)c4cc(F)c5[nH]ccc5c4)ccc31)C1CCC(C2)N1,9.48
Cn1c2c(c3cc(S(=O)(=O)c4ccc5ccccc5c4)ccc31)C1CCC(C2)N1,7.43
Cn1c2c(c3cc(S(=O)(=O)c4cccc5cc[nH]c45)ccc31)C1CCC(C2)N1,8.35
CC(C)n1ccc2cc(S(=O)(=O)c3ccc4c(c3)c3c(n4C)CC4CCC3N4)ccc21,8.36
CN1C2CCC1c1c(n(C)c3ccc(S(=O)(=O)c4ccc5[nH]ccc5c4)cc13)C2,9.59
Cn1c2c(c3cc(S(=O)(=O)n4cc(Cl)c5ccccc54)ccc31)C1CCC(C2)N1,8.39
Cn1c2c(c3cc(S(=O)(=O)n4c5c(c6ccccc64)CCC5)ccc31)C1CCC(C2)N1,7.62
CN(C)Cc1ccc(S(=O)(=O)c2ccc3c(c2)c2c(n3C)CC3CCC2N3)cc1,8.32
Cc1cc(S(=O)(=O)c2csc3ccccc23)cc2c3c(n(C)c12)CC1CCC3N1,9.54
[C-]#[N+]c1cccc(S(=O)(=O)c2ccc3c(c2)c2c(n3C)CC3CCC2N3)c1,7.46
COc1cc(S(=O)(=O)c2ccc3[nH]ccc3c2)cc2c3c(n(C)c12)CC1CCC3N1,9.51
COc1cc(S(=O)(=O)n2cc(C)c3ccccc32)cc2c3c(n(C)c12)CC1CCC3N1,9.51
Cn1c2c(c3cc(S(=O)(=O)c4cncc(Cl)c4)ccc31)C1CCC(C2)N1,7.36
COCCOc1cc(S(=O)(=O)c2ccccc2)cc2c3c(n(C)c12)CC1CCC3N1,8.15
COc1cc(S(=O)(=O)c2cccc(Cl)c2)cc2c3c(n(C)c12)CC1CCC3N1,9.3
Cn1c2c(c3cc(S(=O)(=O)n4ccc5ccc(F)cc54)ccc31)C1CCC(C2)N1,9.3
Cn1c2c(c3cc(S(=O)(=O)n4ccc5ccc(Cl)cc54)ccc31)C1CCC(C2)N1,9.3
COc1cc(S(=O)(=O)c2ccc(OC(F)(F)F)cc2)cc2c3c(oc12)CCNC3,8.72
CC(O)Cc1cc(S(=O)(=O)c2ccccc2)cc2c3c(oc12)CCNC3,7.72
O=S(=O)(c1cc(F)cc(F)c1)c1cc(Cl)c2oc3c(c2c1)CNCC3,8.0
O=S(=O)(c1ccc2sccc2c1)c1cc(Cl)c2oc3c(c2c1)CNCC3,9.26
O=S(=O)(c1ccccc1)c1cc(Cl)c2oc3c(c2c1)CN(CCC(F)(F)F)CC3,7.72
CNC(=O)c1cc(S(=O)(=O)c2ccccc2)cc2c3c(oc12)CCNC3,6.22
O=S(=O)(c1ccccc1)c1cc(Cl)c2oc3c(c2c1)CNC(CO)C3,6.28
COc1cc(S(=O)(=O)c2ccc(C(C)O)cc2)cc2c3c(oc12)CCNC3,8.72
O=S(=O)(c1cccc(Cl)c1)c1ccc2c3c(oc2c1)CCNC3,8.77
COc1cc(S(=O)(=O)c2cc(Cl)cc(Cl)c2)cc2c3c(oc12)CCNC3,9.64
CC(O)CN1CCc2oc3c(Cl)cc(S(=O)(=O)c4ccccc4)cc3c2C1,8.77
O=S(=O)(c1ccc2c3c(oc2c1)CC1CCC3N1)n1ccc2ccccc21,7.47
O=S(=O)(c1ccc(Cl)cc1)c1cc(Cl)c2oc3c(c2c1)CNCC3,8.72
COc1cc(S(=O)(=O)c2ccsc2)cc2c3c(oc12)CCNC3,9.57
O=S(=O)(c1ccccc1)c1ccc2oc3c(c2c1)CNCCC3,6.24
O=S(=O)(c1ccccc1)c1ccc2c3c(oc2c1)CCNC3,8.01
O=S(=O)(c1ccccc1)c1cc(Cl)c2oc3c(c2c1)CN(CCO)CC3,8.8
O=S(=O)(c1cc(Cl)c2oc3c(c2c1)CNCC3)c1csc2ccccc12,9.59
CC(=O)N1CCc2oc3c(Cl)cc(S(=O)(=O)c4ccccc4)cc3c2C1,8.02
[O-][S+](c1ccccc1)c1cc(Cl)c2oc3c(c2c1)CNCC3,8.51
O=S(=O)(c1ccccc1)c1cc(Cl)c2oc3c(c2c1)CCNCC3,9.6
O=S(=O)(c1ccccc1)c1cc(-n2cccn2)c2oc3c(c2c1)CNCC3,8.03
N#Cc1cc(S(=O)(=O)c2cccc(Cl)c2)cc2c3c(oc12)CCNC3,8.72
CC(C)(O)c1ccccc1S(=O)(=O)c1cc(Cl)c2oc3c(c2c1)CNCC3,7.6
CC(O)c1ccc(S(=O)(=O)c2cc(Cl)c3oc4c(c3c2)CNCC4)cc1,8.51
COc1cc(Sc2ccccc2)cc2c3c(oc12)CCNC3,8.72
O=S(=O)(c1ccccc1)c1ccc2oc3c(c2c1)CNCC3,7.72
O=S(=O)(c1ccccc1)c1cc(F)c2oc3c(c2c1)CNCC3,8.29
O=S(=O)(c1ccc(C2CCO2)cc1)c1cc(Cl)c2oc3c(c2c1)CNCC3,8.0
COc1cc(Oc2ccccc2)cc2c3c(oc12)CCNC3,6.19
O=S(=O)(c1cccc(C(F)(F)F)c1)c1cc(F)c2oc3c(c2c1)CNCC3,8.23
O=S(=O)(c1ccccc1)c1cc(Cn2ccnc2)c2oc3c(c2c1)CNCC3,7.19
Cc1cc(S(=O)(=O)c2cc(Cl)cc(Cl)c2)cc2c3c(oc12)CCNC3,8.92
CC(C)(O)c1ccc(S(=O)(=O)c2cc(Cl)c3oc4c(c3c2)CNCC4)cc1,8.89
Cc1cc(S(=O)(=O)c2cc(F)cc(F)c2)cc2c3c(oc12)CCNC3,8.89
Cn1ncc2cc(S(=O)(=O)c3cc(Cl)c4oc5c(c4c3)CNCC5)ccc21,7.43
O=S(=O)(c1ccc(C(F)(F)F)cc1)c1cc(Cl)c2oc3c(c2c1)CNCC3,8.48
CN(C)CC(=O)N1CCc2oc3c(Cl)cc(S(=O)(=O)c4ccccc4)cc3c2C1,7.18
Cn1cc(-c2cc(S(=O)(=O)c3ccccc3)cc3c4c(oc23)CCNC4)cn1,7.96
O=S(=O)(c1cc(Cl)cc(Cl)c1)c1cc(Cl)c2oc3c(c2c1)CNCC3,8.22
O=S(=O)(c1ccccc1)c1cc(N2CCOCC2)c2oc3c(c2c1)CNCC3,7.33
O=S(=O)(c1ccc(F)c(F)c1)c1cc(Cl)c2oc3c(c2c1)CNCC3,8.4
O=S(=O)(c1cccc(F)c1)c1ccc2oc3c(c2c1)C1CCC(C3)N1,6.88
Cc1cc(S(=O)(=O)c2cccc(OC(F)F)c2)cc2c3c(oc12)CCNC3,9.52
O=S(=O)(c1cc(Cl)c2oc3c(c2c1)CNCC3)c1ccccc1OC(F)(F)F,8.48
Clc1cc(Cc2ccccc2)cc2c3c(oc12)CCNC3,7.62
COc1cc(S(=O)(=O)c2ccc(Cl)cc2)cc2c3c(oc12)CCNC3,9.55
O=S(=O)(c1ccc2oc3c(c2c1)CNCC3)n1ccc2ccc(F)cc21,8.82
COc1cc(S(=O)(=O)c2ccccc2CO)cc2c3c(oc12)CCNC3,8.82
Cc1cc(S(=O)(=O)c2ccc(F)cc2)cc2c3c(oc12)CCNC3,8.82
O=S(=O)(c1ccccc1)c1cc(Cl)c2oc3c(c2c1)C(CO)NCC3,8.8
O=S(=O)(c1ccccc1)c1ccc2c3c(oc2c1)CCCNC3,6.88
O=S(=O)(c1ccccc1)c1cc(OCCO)c2oc3c(c2c1)CNCC3,8.8
O=S(=O)(c1ccccc1)c1cc(Cl)c2oc3c(c2c1)CN(C1COC1)CC3,7.12
COCCN1CCc2oc3c(Cl)cc(S(=O)(=O)c4ccccc4)cc3c2C1,8.8
Cc1cc(S(=O)(=O)c2cccc(Cl)c2)cc2c3c(oc12)CCNC3,9.55
Cc1cc(S(=O)(=O)c2ccc3sccc3c2)cc2c3c(oc12)CCNC3,9.64
O=S(=O)(c1ccc2oc3c(c2c1)CNCC3)c1cccc2ccccc12,8.3
O=S(=O)(c1cccc(C2CCOC2)c1)c1cc(Cl)c2oc3c(c2c1)CNCC3,8.7
CS(=O)(=O)N1CCc2oc3c(Cl)cc(S(=O)(=O)c4ccccc4)cc3c2C1,6.31
CN(C)C(=O)C1NCCc2oc3c(Cl)cc(S(=O)(=O)c4ccccc4)cc3c21,6.6
NC(=O)c1cc(S(=O)(=O)c2ccccc2)cc2c3c(oc12)CCNC3,6.51
O=S(=O)(c1ccc(C(O)C(F)(F)F)cc1)c1cc(Cl)c2oc3c(c2c1)CNCC3,8.12
O=S(=O)(c1cncc(C(F)(F)F)c1)c1cc(Cl)c2oc3c(c2c1)CNCC3,7.54
COc1cc(S(=O)(=O)c2ccccc2)cc2c3c(oc12)CCNC3,9.92
CC(c1ccccc1)c1cc(Cl)c2oc3c(c2c1)CNCC3,8.12
O=S(=O)(c1ccc2c(c1)COC2)c1cc(Cl)c2oc3c(c2c1)CNCC3,8.12
COc1cc(S(=O)(=O)c2cccc(OC(F)F)c2)cc2c3c(oc12)CCNC3,9.96
O=S(=O)(c1ccc(OC(F)F)cc1)c1cc(Cl)c2oc3c(c2c1)CNCC3,8.66
O=S(=O)(c1cccc(-n2cccn2)c1)c1cc(Cl)c2oc3c(c2c1)CNCC3,8.66
O=S(=O)(c1ccccc1)c1cc(CCO)c2oc3c(c2c1)CNCC3,8.37
Cc1cc(S(=O)(=O)c2cccc(F)c2)cc2c3c(oc12)CCNC3,9.3
COc1cc(S(=O)(=O)c2ccc(C3CCOC3)cc2)cc2c3c(oc12)CCNC3,8.66
O=S(=O)(c1cc(F)cc(F)c1)c1ccc2oc3c(c2c1)CNCC3,6.47
O=S(=O)(c1ccc2[nH]ccc2c1)c1cc(Cl)c2oc3c(c2c1)CNCC3,9.89
O=S(=O)(c1ccccc1)c1cc(-n2cncn2)c2oc3c(c2c1)CNCC3,6.97
COc1cc(S(=O)(=O)c2cc(F)cc(Cl)c2)cc2c3c(oc12)CCNC3,9.96
CC1CNCc2c1oc1c(Cl)cc(S(=O)(=O)c3ccccc3)cc21,6.96
O=S(=O)(c1cccc(Cl)c1)c1ccc2oc3c(c2c1)C1CCC(C3)N1,7.51
CC(=O)N1CCc2oc3c(Cl)cc(S(=O)(=O)c4cn(C)c5ccccc45)cc3c2C1,6.78
COc1cc(S(=O)(=O)c2csc3ccccc23)cc2c3c(oc12)CCNC3,10.0
O=S(=O)(c1cccc(CO)c1)c1cc(Cl)c2oc3c(c2c1)CNCC3,8.36
O=S(=O)(c1cc(F)cc(Cl)c1)c1cc(Cl)c2oc3c(c2c1)CNCC3,8.64
COc1cc(S(=O)(=O)c2ccc3[nH]ccc3c2)cc2c3c(oc12)CCNC3,10.08
O=S(=O)(c1ccc2c(c1)CCOC2)c1cc(Cl)c2oc3c(c2c1)CNCC3,8.6
COc1cc(S(=O)(=O)c2cccc(Cl)c2)cc2c3c(oc12)CCNC3,10.3
O=S(=O)(c1ccccc1)c1cc(-c2cc[nH]n2)c2oc3c(c2c1)CNCC3,8.35
CC(O)c1cccc(S(=O)(=O)c2cc(Cl)c3oc4c(c3c2)CNCC4)c1,8.57
CCOc1cc(S(=O)(=O)c2ccccc2)cc2c3c(oc12)CCNC3,9.96
CC(C)(O)COc1cc(S(=O)(=O)c2ccccc2)cc2c3c(oc12)CCNC3,6.29
N#Cc1cc(S(=O)(=O)c2cccc(F)c2)cc2c3c(oc12)CCNC3,8.37
COc1cc(S(=O)(=O)c2cccc(C(F)(F)F)c2)cc2c3c(oc12)CCNC3,9.89
O=S(=O)(c1cccc(C(O)C(F)(F)F)c1)c1cc(Cl)c2oc3c(c2c1)CNCC3,8.48
Cc1cc(S(=O)(=O)c2ccc(F)c(F)c2)cc2c3c(oc12)CCNC3,8.7
Cc1cc(S(=O)(=O)c2ccccc2)cc2c3c(oc12)CCNC3,9.66
N#Cc1cc(S(=O)(=O)c2ccc(Cl)cc2)cc2c3c(oc12)CCNC3,8.06
Cc1cc(S(=O)(=O)c2cccc(C(F)(F)F)c2)cc2c3c(oc12)CCNC3,9.66
O=S(=O)(c1ccc(F)cc1)c1cc(Cl)c2oc3c(c2c1)CNCC3,8.52
COc1cc(S(=O)(=O)c2cccc(F)c2)cc2c3c(oc12)CCNC3,9.7
O=S(=O)(c1cc(Cl)c2oc3c(c2c1)CNCC3)c1ccccc1C(F)(F)F,8.21
O=S(=O)(c1cccc(Cl)c1)c1ccc2oc3c(c2c1)CNCC3,8.21
O=S(=O)(c1cccnc1)c1cc(Cl)c2oc3c(c2c1)CNCC3,7.58
O=S(=O)(c1cc(Cl)c2oc3c(c2c1)CNCC3)n1ccc2ccccc21,9.7
O=S(=O)(c1ccc(-n2cccn2)cc1)c1cc(Cl)c2oc3c(c2c1)CNCC3,7.58
COc1cc(S(=O)(=O)c2cccc(OC(F)(F)F)c2)cc2c3c(oc12)CCNC3,9.72
CC(O)COc1cc(S(=O)(=O)c2ccccc2)cc2c3c(oc12)CCNC3,8.11
COc1cc(S(=O)(=O)c2ccccc2F)cc2c3c(oc12)CCNC3,9.72
Cn1cc(S(=O)(=O)c2cc(Cl)c3oc4c(c3c2)CNCC4)c2ccccc21,9.77
CC1(C)NCCc2oc3c(Cl)cc(S(=O)(=O)c4ccccc4)cc3c21,7.57
O=S(=O)(c1ccccc1)c1cc(C(F)(F)F)c2oc3c(c2c1)CNCC3,8.68
O=S(=O)(c1ccccc1)c1cc(Cn2cccn2)c2oc3c(c2c1)CNCC3,6.91
COc1cc(S(=O)(=O)c2cn(C)c3ccccc23)cc2c3c(oc12)CCNC3,9.8
COc1cc(S(=O)(=O)c2ccc3sccc3c2)cc2c3c(oc12)CCNC3,9.8
O=S(=O)(c1ccc(CO)cc1)c1ccc2oc3c(c2c1)CNCC3,7.0
O=S(=O)(c1ccccc1)c1cc(Cl)c2oc3c(c2c1)CN(c1cccnc1)CC3,6.91
N#Cc1cc(S(=O)(=O)c2ccccc2)cc2c3c(oc12)CCNC3,8.38
O=S(=O)(c1ccccc1)c1cc(-c2cn[nH]c2)c2oc3c(c2c1)CNCC3,7.55
CC1NCCc2oc3c(Cl)cc(S(=O)(=O)c4ccccc4)cc3c21,9.82
COc1cc(S(=O)(=O)c2cccs2)cc2c3c(oc12)CCNC3,9.77
COc1cccc(S(=O)(=O)c2cc(Cl)c3oc4c(c3c2)CNCC4)c1,8.92
CN(C)C(=O)CN1CCc2oc3c(Cl)cc(S(=O)(=O)c4ccccc4)cc3c2C1,7.35
Cn1cc(S(=O)(=O)c2cc(C#N)c3oc4c(c3c2)CNCC4)c2ccccc21,9.4
O=S(=O)(c1cccc(Cl)c1)c1ccc2c3c(oc2c1)CC1CCC3N1,6.81
COc1cc(S(=O)(=O)c2ccc3c(c2)COC3)cc2c3c(oc12)CCNC3,9.1
CC(C)(O)c1cccc(S(=O)(=O)c2cc(Cl)c3oc4c(c3c2)CNCC4)c1,9.1
Cc1cc(S(=O)(=O)c2ccc(Cl)cc2)cc2c3c(oc12)CCNC3,8.96
COCc1ccc(S(=O)(=O)c2cc(Cl)c3oc4c(c3c2)CNCC4)cc1,7.85
CN(C)C(=O)c1cc(S(=O)(=O)c2ccccc2)cc2c3c(oc12)CCNC3,5.96
CC(C)(O)c1cc(S(=O)(=O)c2ccccc2)cc2c3c(oc12)CCNC3,7.26
COc1cc(S(=O)(=O)c2ccc(OC(F)F)cc2)cc2c3c(oc12)CCNC3,9.4
O=S(=O)(c1ccccc1)c1cc(OC(F)(F)F)c2oc3c(c2c1)CNCC3,9.06
O=S(=O)(c1ccc2c(c1)COCC2)c1cc(Cl)c2oc3c(c2c1)CNCC3,7.89
O=S(=O)(c1ccc(OC(F)(F)F)cc1)c1cc(Cl)c2oc3c(c2c1)CNCC3,8.31
O=S(=O)(c1cccc(F)c1)c1cc(Cl)c2oc3c(c2c1)CNCC3,9.41
O=S(=O)(c1ccccc1)c1cc(CO)c2oc3c(c2c1)CNCC3,7.89
CC(CO)N1CCc2oc3c(Cl)cc(S(=O)(=O)c4ccccc4)cc3c2C1,8.47
Cc1cc(S(=O)(=O)c2ccccc2F)cc2c3c(oc12)CCNC3,9.41
CN1CCc2oc3c(Cl)cc(S(=O)(=O)c4ccccc4)cc3c2C1,9.0
O=S(=O)(c1ccc2oc3c(c2c1)CNCC3)n1ccc2ccccc21,9.24
OC(c1ccccc1)c1cc(Cl)c2oc3c(c2c1)CNCC3,6.84
Nc1ccc(S(=O)(=O)c2ccc3oc4c(c3c2)CNCC4)cc1,7.4
[C-]#[N+]c1ccc(S(=O)(=O)c2ccc3oc4c(c3c2)CNCC4)cc1,5.88
O=S(=O)(c1ccccc1)c1cc(Cl)c2oc3c(c2c1)C(CF)NCC3,8.4
COc1cc(S(=O)(=O)c2cccc(C3CCOC3)c2)cc2c3c(oc12)CCNC3,9.44
O=S(=O)(c1cccc(Cl)c1)c1cc(Cl)c2oc3c(c2c1)CNCC3,9.46
Cn1ccc(-c2cc(S(=O)(=O)c3ccccc3)cc3c4c(oc23)CCNC4)n1,7.22
O=S(=O)(c1ccc(C2CCOC2)cc1)c1cc(Cl)c2oc3c(c2c1)CNCC3,8.25
O=S(=O)(c1ccccc1)c1cc(Cl)c2oc3c(c2c1)CC(O)CC3,9.0
O=S(=O)(c1ccc(Cl)cc1)c1ccc2oc3c(c2c1)CNCC3,7.42
COc1cc(Cc2ccccc2)cc2c3c(oc12)CCNC3,8.31
COc1cc(S(=O)(=O)c2cccc(C(C)(C)O)c2)cc2c3c(oc12)CCNC3,9.46
COc1cc([S+]([O-])c2ccccc2)cc2c3c(oc12)CCNC3,8.96
Cc1ccc(S(=O)(=O)c2ccc3oc4c(c3c2)CNCC4)cc1,7.42
O=S(=O)(c1ccc2ccccc2c1)c1ccc2oc3c(c2c1)CNCC3,7.68
Cc1cn(S(=O)(=O)c2ccc3oc4c(c3c2)CNCC4)c2ccccc12,9.38
O=S(=O)(c1cccc(C(F)(F)F)c1)c1cc(Cl)c2oc3c(c2c1)CNCC3,9.32
N#Cc1cc(S(=O)(=O)c2cc(F)cc(F)c2)cc2c3c(oc12)CCNC3,7.3
COc1cc(S(=O)(=O)c2ccc(F)c(F)c2)cc2c3c(oc12)CCNC3,9.49
O=S(=O)(c1cccc(F)c1)c1ccc2oc3c(c2c1)CNCC3,7.8
C=C(C)c1cccc(S(=O)(=O)c2cc(Cl)c3oc4c(c3c2)CNCC4)c1,9.18
Clc1cc(Sc2ccccc2)cc2c3c(oc12)CCNC3,7.92
O=S(=O)(c1ccccc1)c1cc(OC(F)F)c2oc3c(c2c1)CNCC3,9.48
[C-]#[N+]c1cccc(S(=O)(=O)c2cc(Cl)c3oc4c(c3c2)CNCC4)c1,7.92
COc1cc(S(=O)(=O)c2cccc(C(O)C(F)(F)F)c2)cc2c3c(oc12)CCNC3,9.49
O=S(=O)(c1ccc(CO)cc1)c1cc(Cl)c2oc3c(c2c1)CNCC3,7.92
CCN1CCc2oc3c(Cl)cc(S(=O)(=O)c4ccccc4)cc3c2C1,8.92
O=S(=O)(c1cc(Cl)cc(Cl)c1)c1ccc2oc3c(c2c1)CNCC3,7.77
O=S(=O)(c1ccc2oc3c(c2c1)C1CCC(C3)N1)n1ccc2ccc(F)cc21,7.77
COc1cc(S(=O)(=O)c2cccc(C(C)O)c2)cc2c3c(oc12)CCNC3,9.22
COc1cc(S(=O)(=O)c2ccc(C(F)(F)F)cc2)cc2c3c(oc12)CCNC3,9.31
O=S(=O)(c1cc(Cl)c2oc3c(c2c1)CNCC3)c1ccccc1Cl,9.11
COc1cc(S(=O)(=O)c2ccc3c(c2)CCOC3)cc2c3c(oc12)CCNC3,9.32
COc1cc(S(=O)(=O)c2ccccc2)cc2c3c(oc12)CCC(O)C3,9.23
N#Cc1cc(S(=O)(=O)c2ccc(F)cc2)cc2c3c(oc12)CCNC3,7.75
COc1cc(S(=O)(=O)c2ccc(F)cc2)cc2c3c(oc12)CCNC3,9.12
O=S(=O)(c1cccc(C(F)(F)F)c1)c1ccc2oc3c(c2c1)C1CCC(C3)N1,7.28
O=S(=O)(c1cc(Cl)c2oc3c(c2c1)CNCC3)c1ccccc1CO,8.27
CC(O)c1ccccc1S(=O)(=O)c1cc(Cl)c2oc3c(c2c1)CNCC3,7.7
CC1Cc2oc3c(Cl)cc(S(=O)(=O)c4ccccc4)cc3c2CN1,7.8
COc1cc(S(=O)(=O)c2ccc(C(C)(C)O)cc2)cc2c3c(oc12)CCNC3,9.13
O=S(=O)(c1ccc(F)cc1)c1ccc2oc3c(c2c1)CNCC3,7.37
COc1cc(S(=O)(=O)c2cc(F)cc(F)c2)cc2c3c(oc12)CCNC3,9.48
O=S(=O)(c1cncc(Cl)c1)c1cc(Cl)c2oc3c(c2c1)CNCC3,7.7
O=S(=O)(c1ccc(F)cc1)c1cc(F)c2oc3c(c2c1)CNCC3,7.36
Cc1cn(S(=O)(=O)c2ccc3oc4c(c3c2)C2CCC(C4)N2)c2ccccc12,7.8
CC(C)(O)CN1CCc2oc3c(Cl)cc(S(=O)(=O)c4ccccc4)cc3c2C1,8.92
CC(O)c1cc(S(=O)(=O)c2ccccc2)cc2c3c(oc12)CCNC3,8.24
CC(C)c1ccccc1OCCN1CCC(NS(=O)(=O)c2cccc(F)c2)CC1,6.33
O=S(=O)(NC1CCN(CCOc2ccccc2-c2ccccc2)CC1)c1cccc(Cl)c1,6.56
CC(C)c1ccccc1OCCN1CCC(NS(=O)(=O)c2cc(F)ccc2F)CC1,6.49
CC(C)c1ccccc1OCCN1CCC(NS(=O)(=O)c2ccccc2F)CC1,6.62
CC(C)c1ccccc1OCCN1CCC(NS(=O)(=O)c2cccc3ncccc23)CC1,6.63
CC(C)c1ccccc1OCCN1CCC(NS(=O)(=O)c2cnn(C)c2)CC1,6.19
C=CCN(CC=C)CCc1c[nH]c2ccc(Br)cc12,6.88
C=CCN(CC=C)CCc1c[nH]c2ccc(C)cc12,6.13
C=CCN(CC=C)CCc1c[nH]c2ccccc12,5.76
C=CCN(CC=C)CCc1c[nH]c2ccc(F)cc12,7.13
C=CCN(CC=C)CCc1c[nH]c2ccc(Cl)cc12,7.16
O=S(=O)(NC1CCN(CCOc2ccccc2C2CCCC2)CC1)c1cccc(F)c1,6.55
CC(C)c1cccc(OCCN2C3CCC2CC(NS(=O)(=O)c2cccc(F)c2)C3)c1,6.27
CC(C)c1cccc(OCCN2C3CCC2CC(NS(=O)(=O)c2ccc(F)cc2)C3)c1,6.25
O=S(=O)(NC1CC2CCC(C1)N2CCOc1cccc(-c2ccccc2)c1)c1cccc(Cl)c1,6.49
O=C(CCCCN1CCN(c2ccccc2O)CC1)n1c2ccccc2c2ccccc21,6.06
O=C(CCCCCN1CCN(c2ccccc2O)CC1)n1c2ccccc2c2ccccc21,6.22
CCOC(=O)c1cccc(NC2=NC(N(C)C)=NC3(CCCCC3)N2)c1,5.32
CCOC(=O)c1cccc(NC2=NC(N)=NC3(CCCCC3)N2)c1,5.45
C=CCOc1cc(F)c(F)cc1C1CC1CN,6.96
CCNC(=NS(=O)(=O)c1cccc(Cl)c1)N1N=CCC1c1ccc(O)cc1,6.6
CCNC(=NS(=O)(=O)c1cccc(O)c1)N1CC2(C=N1)CCCC2,7.73
CCNC(=NS(=O)(=O)c1ccc(NC(C)=O)c(Cl)c1)N1CC(CC)C=N1,8.06
CCNC(=NS(=O)(=O)c1ccc(N)cc1)N1CC(C)(C)C=N1,7.69
CCNC(=NS(=O)(=O)c1ccc2[nH]ccc2c1)N1CC2(C=N1)CCCC2,8.32
CCNC(=NS(=O)(=O)c1cccc(N)c1)N1CC2(C=N1)CCCC2,7.01
CCNC(=NS(=O)(=O)c1cc(O)cc(Cl)c1)N1CC2(C=N1)CCCC2,8.21
CCNC(=NS(=O)(=O)c1ccc(N)cc1)N1CC2(C=N1)CCNCC2,7.85
CCNC(=NS(=O)(=O)c1ccc(O)c(Cl)c1)N1CC2(C=N1)CCCC2,7.84
CCNC(=NS(=O)(=O)c1ccc(N)c(Cl)c1)N1CC(CC)C=N1,8.82
CCNC(=NS(=O)(=O)c1cccc(OC)c1)N1CC2(C=N1)CCCC2,7.01
CCNC(=NS(=O)(=O)c1ccc2c(c1)NCC2)N1CC(CC)C=N1,6.4
CCNC(=NS(=O)(=O)c1ccc2cc[nH]c2c1)N1CC(CC)C=N1,7.5
CCNC(=NS(=O)(=O)c1cc(Cl)cc(OC)c1)N1CC2(C=N1)CCCC2,7.32
CCNC(=NS(=O)(=O)c1ccc2c(c1)CCN2)N1CC2(C=N1)CCCC2,7.6
CCNC(=NS(=O)(=O)c1ccc2[nH]ccc2c1)N1CC2(C=N1)CCNCC2,7.94
CCNC(=NS(=O)(=O)c1ccc(O)cc1)N1CC2(C=N1)CCCC2,8.24
CCNC(=NS(=O)(=O)c1ccc2[nH]ncc2c1)N1CC2(C=N1)CCCC2,7.54
CCNC(=NS(=O)(=O)c1ccc(N(C)C)cc1)N1CC(CC)C=N1,6.69
CCNC(=NS(=O)(=O)c1ccc2[nH]c(C(F)(F)F)cc2c1)N1CC(C)(C)C=N1,6.79
CCNC(=NS(=O)(=O)c1ccc(N)cc1)N1CC2(C=N1)CCCCC2,8.15
CCNC(=NS(=O)(=O)c1ccc(OC)cc1)N1CC2(C=N1)CCCC2,6.68
CCNC(=NS(=O)(=O)c1ccc(N)c(Cl)c1)N1CC2(C=N1)CCCC2,8.74
CCNC(=NS(=O)(=O)c1ccc(N)cc1)N1CC2(C=N1)CCCC2,8.0
CCNC(=NS(=O)(=O)c1ccc(N)cc1)N1CC(CC)C=N1,8.14
COc1ccc(-c2cc(N3CCN(C)CC3)nc3c2ccn3S(=O)(=O)CC(C)C)cc1,8.7
COCCS(=O)(=O)n1ccc2c(-c3ccc(C(F)(F)F)cc3)cc(N3CCN(C)CC3)nc21,8.1
CC(C)S(=O)(=O)n1ccc2c(-c3ccc(C(F)(F)F)cc3)cc(N3CCN(C)CC3)nc21,8.22
CC(C)CS(=O)(=O)n1ccc2c(-c3ccc(C#N)cc3)cc(N3CCN(C)CC3)nc21,8.15
CC(C)CS(=O)(=O)n1ccc2c(-c3cccnc3)cc(N3CCN(C)CC3)nc21,7.44
CN1CCN(c2cc(-c3ccc(C(F)(F)F)cc3)c3ccn(S(=O)(=O)C4CCCCC4)c3n2)CC1,7.82
CC(C)CS(=O)(=O)n1ccc2c(-c3ccc(OCc4ccccc4)cc3)cc(N3CCN(C)CC3)nc21,6.54
CC(C)CS(=O)(=O)n1ccc2c(-c3ccc(=O)[nH]c3)cc(N3CCN(C)CC3)nc21,6.64
CC(C)CS(=O)(=O)n1ccc2c(-c3cccc(C(F)(F)F)c3)cc(N3CCN(C)CC3)nc21,7.32
CC(C)CS(=O)(=O)n1ccc2c(-c3ccccc3)cc(N3CCN(C)CC3)nc21,7.8
CC(C)CS(=O)(=O)n1ccc2c(-c3ccc(O)cc3)cc(N3CCN(C)CC3)nc21,7.66
Cc1cc(-c2cc(N3CCN(C)CC3)nc3c2ccn3S(=O)(=O)CC(C)C)c(C)s1,7.92
CN1CCN(c2cc(-c3ccc(C(F)(F)F)cc3)c3ccn(S(C)(=O)=O)c3n2)CC1,7.27
CC(C)CS(=O)(=O)n1ccc2c(-c3ccc4[nH]ccc4c3)cc(N3CCN(C)CC3)nc21,8.3
CC(C)CS(=O)(=O)n1ccc2c(-c3cnn(C)c3)cc(N3CCN(C)CC3)nc21,7.06
CC(C)CS(=O)(=O)n1ccc2c(-c3ccccc3C(F)(F)F)cc(N3CCN(C)CC3)nc21,7.62
Cc1noc(C)c1-c1cc(N2CCN(C)CC2)nc2c1ccn2S(=O)(=O)CC(C)C,6.89
CCc1ccc(-c2cc(N3CCN(C)CC3)nc3c2ccn3S(=O)(=O)CC(C)C)cc1,7.96
O=C(CCOCCN1CCN(c2cccnc2-c2ccc(F)cc2)CC1)NCc1ccc(C(F)(F)F)cc1,5.58
O=C(CCOCCN1CCN(c2ccccc2-c2ccccc2)CC1)NCc1ccc(C(F)(F)F)cc1,6.08
COc1ccc(-c2ccccc2N2CCN(CCCCCC(=O)NC(C)c3ccc(C#N)cc3)CC2)cc1,6.16
N#Cc1ccc(CNC(=O)CCOCCN2CCN(c3cccnc3-c3ccccc3)CC2)cc1,5.46
O=C(CCCCCN1CCN(c2ccccc2-c2ccccc2)CC1)NCc1ccc(OCCCN2CCOCC2)cc1,5.94
CN(C)Cc1ccc(CNC(=O)CCCCCN2CCN(c3ccccc3-c3ccccc3)CC2)cc1,5.82
O=C(CCOCCN1CCN(c2cccnc2-c2ccccc2)CC1)NCc1ccc(C(F)(F)F)cc1,5.66
COCOc1ccc(CNC(=O)CCCCCN2CCN(c3ccccc3-c3ccc(OC)cc3)CC2)cc1,6.19
N#Cc1ccc(CNC(=O)CCCCCN2CCN(c3ccc(F)cc3-c3ccc(C#N)cc3)CC2)cc1,6.03
COc1ccc(-c2cc(F)ccc2N2CCN(CCCCCC(=O)NCc3ccc(C#N)cc3)CC2)cc1,6.21
O=C(CCOCCN1CCN(c2ccccc2-c2ccccc2)CC1)NCc1ccncc1,5.6
COc1ccc(-c2ccccc2N2CCN(CCCCCC(=O)NC(C)c3ccccc3)CC2)cc1,6.19
N#Cc1ccc(CNC(=O)CCOCCN2CCN(c3cccnc3-c3ccc(F)cc3)CC2)cc1,5.55
COc1ccc(-c2ccccc2N2CCN(CCCCCC(=O)NCc3ccc(OCCCN4CCOCC4)cc3)CC2)cc1,5.79
COc1ccc(-c2ccccc2N2CCN(CCCCCC(=O)NCc3ccc(OCCO)cc3)CC2)cc1,5.87
CC1CN(c2ccccc2-c2ccccc2)CCN1CCCCCC(=O)NCc1ccccc1,6.4
COCOc1ccc(CNC(=O)CCCCCN2CCN(c3ccccc3-c3ccccc3)CC2)cc1,6.38
O=C(CCOCCN1CCN(c2ncccc2-c2ccc(F)cc2)CC1)NCc1ccc(C(F)(F)F)cc1,5.97
O=C(CCOCCN1CCN(c2ncccc2-c2ccccc2)CC1)NCc1ccc(C(F)(F)F)cc1,5.98
COc1ccc(-c2ccccc2N2CCN(CCCCCC(=O)NCc3ccc(OCCN4CCOCC4)cc3)CC2)cc1,5.77
N#Cc1ccc(CNC(=O)CCOCCN2CCN(c3ncccc3-c3ccc(F)cc3)CC2)cc1,5.79
COc1ccc(-c2ccccc2N2CCN(CCCCCC(=O)NCc3ccc(C#N)cc3)CC2)cc1,6.13
CC(NC(=O)CCCCCN1CCN(c2ccccc2-c2ccccc2)CC1)c1ccccc1,6.32
N#Cc1ccc(CNC(=O)CCOCCN2CCN(c3ncccc3-c3ccccc3)CC2)cc1,5.79
O=C(CCCCCN1CCN(c2ccccc2-c2ccccc2)CC1)NCc1ccc(OCCN2CCOCC2)cc1,5.76
CNC1c2cc3c(ccn3S(=O)(=O)c3ccccc3)cc2C1CCO,6.9
CNCC1Cc2ccc3c(ccn3S(=O)(=O)c3cccc4ccccc34)c21,9.0
CNC1c2ccc3c(ccn3S(=O)(=O)c3ccccc3)c2C1CCO,7.6
CNC1c2c(ccc3c2ccn3S(=O)(=O)c2ccccc2)C1CCO,8.1
O=S(=O)(c1ccccc1)n1ccc2c3c(ccc21)C1CCNCCC31,7.3
CNCC1Cc2ccc3c(ccn3S(=O)(=O)c3ccccc3)c21,8.8
O=S(=O)(c1ccccc1)n1ccc2cc3c(cc21)C1CCNCCC31,6.8
CNC1c2cc3ccn(S(=O)(=O)c4ccccc4)c3cc2C1CCO,8.4
CN(C)C1c2cc3ccn(S(=O)(=O)c4ccccc4)c3cc2C1CCO,7.9
CC(=O)Nc1ccc(CCN(C)CC2Cc3ccc4c(ccn4S(=O)(=O)c4ccccc4)c32)cc1,7.1
CN(C)C1c2cc3c(ccn3S(=O)(=O)c3ccccc3)cc2C1CCO,6.5
O=S(=O)(c1ccccc1)n1ccc2c(N3CCN(CCCNCc4ccccc4)CC3)cccc21,7.8
O=S(=O)(c1ccccc1)n1ccc2c(N3CCN(CCCNC4CCN(Cc5ccccc5)CC4)CC3)cccc21,8.7
CN(CCCCN1CCN(c2cccc3c2ccn3S(=O)(=O)c2ccccc2)CC1)Cc1ccccc1,8.4
CN(CCN1CCN(c2cccc3c2ccn3S(=O)(=O)c2ccccc2)CC1)Cc1ccccc1,7.82
O=S(=O)(c1ccccc1)n1ccc2c(N3CCN(CCCCNC4CCN(Cc5ccccc5)CC4)CC3)cccc21,7.8
CN(CCCCCN1CCN(c2cccc3c2ccn3S(=O)(=O)c2ccccc2)CC1)Cc1ccccc1,8.0
O=S(=O)(c1ccccc1)n1ccc2c(N3CCN(CCCCCCNCc4ccccc4)CC3)cccc21,8.7
O=S(=O)(c1ccccc1)n1ccc2c(N3CCN(CCCCCCNc4c5c(nc6ccccc46)CCCC5)CC3)cccc21,8.7
O=S(=O)(c1ccccc1)n1ccc2c(N3CCN(CCNc4c5c(nc6ccccc46)CCCC5)CC3)cccc21,8.0
O=S(=O)(c1ccccc1)n1ccc2c(N3CCN(CCNC4CCN(Cc5ccccc5)CC4)CC3)cccc21,7.41
O=S(=O)(c1ccccc1)n1ccc2c(N3CCN(CCCCCCCNc4c5c(nc6ccccc46)CCCC5)CC3)cccc21,7.44
CN(CCCN1CCN(c2cccc3c2ccn3S(=O)(=O)c2ccccc2)CC1)Cc1ccccc1,8.0
O=S(=O)(c1ccccc1)n1ccc2c(N3CCN(CCCCCNc4c5c(nc6ccccc46)CCCC5)CC3)cccc21,8.1
O=S(=O)(c1ccccc1)n1ccc2c(N3CCN(CCCCNCc4ccccc4)CC3)cccc21,8.1
O=S(=O)(c1ccccc1)n1ccc2c(N3CCN(CCCCCNCc4ccccc4)CC3)cccc21,8.1
O=S(=O)(c1ccccc1)n1ccc2c(N3CCN(CCNC4CCN(Cc5ccccc5)C4)CC3)cccc21,7.89
O=S(=O)(c1ccccc1)n1ccc2c(N3CCN(CCCNc4c5c(nc6ccccc46)CCCC5)CC3)cccc21,8.22
O=S(=O)(c1ccccc1)n1ccc2c(N3CCN(CCNCc4ccccc4)CC3)cccc21,7.92
O=S(=O)(c1ccccc1)n1ccc2c(N3CCN(CCCCCCCCNc4c5c(nc6ccccc46)CCCC5)CC3)cccc21,7.44
O=c1ccc(OCCCN2CCC(c3noc4cc(F)ccc34)CC2)nn1-c1cc(Cl)ccc1Cl,7.93
O=c1ccc(OCCCN2CCC(c3noc4cc(F)ccc34)CC2)nn1-c1c(F)cccc1F,9.3
O=c1ccc(OCCCN2CCC(c3noc4cc(F)ccc34)CC2)nn1-c1cccc(Cl)c1Cl,6.95
O=c1ccc(OCCCN2CCC(c3noc4cc(F)ccc34)CC2)nn1-c1cc(F)ccc1F,8.42
O=S(=O)(c1cccc2ccccc12)n1cc2c3c(cccc31)OC(CO)=C2,8.4
N#CC1=Cc2cn(S(=O)(=O)c3cccc4ccccc34)c3cccc(c23)O1,6.12
CC1=C(CO)Oc2cccc3c2c1cn3S(=O)(=O)c1ccccc1,7.28
CN(C)CC1=CC2=CN(S(=O)(=O)c3ccccc3)C3=CC=CC(O1)C23,8.3
CC1=C(CO)Oc2cccc3c2c1cn3S(=O)(=O)c1cccc2ccccc12,7.7
CN(C)CC1=Cc2cn(S(=O)(=O)c3cccc4ccccc34)c3cccc(c23)O1,9.0
CCN(CC)CC1=Cc2cn(S(=O)(=O)c3ccccc3)c3cccc(c23)O1,7.55
O=CC1=Cc2cn(S(=O)(=O)c3cccc4ccccc34)c3cccc(c23)O1,6.58
CC(C)c1ccc(S(=O)(=O)n2cc(CN3CCN(C)CC3)c3cc(F)ccc32)cc1,8.4
CN1CCN(Cc2cn(S(=O)(=O)c3ccc(OC(F)(F)F)cc3)c3ccccc23)CC1,6.82
COc1ccc2c(c1)c(CN1CCNCC1)cn2S(=O)(=O)c1ccc(C(C)C)cc1,8.24
COc1ccc2c(CN3CCN(C)CC3)cn(S(=O)(=O)c3ccc(F)cc3)c2c1,6.62
CC(C)c1ccc(S(=O)(=O)n2cc(CN3CCN(C)CC3)c3ccccc32)cc1,8.22
CN1CCN(Cc2cn(S(=O)(=O)c3ccccc3Br)c3ccc([N+](=O)[O-])cc23)CC1,6.7
CN1CCN(Cc2cn(Cc3ccccc3Br)c3ccccc23)CC1,6.51
COc1ccc2c(c1)c(CN1CCN(C)CC1)cn2S(=O)(=O)c1ccc(F)cc1,8.3
CN1CCN(Cc2cn(S(=O)(=O)c3ccc(F)c(F)c3)c3ccccc23)CC1,6.92
COc1ccc2c(c1)c(CN1CCN(C)CC1)cn2S(=O)(=O)c1ccccc1,8.37
CN1CCN(Cc2cn(S(=O)(=O)c3ccccc3)c3ncccc23)CC1,6.56
CCN1CCN(Cc2cn(S(=O)(=O)c3ccccc3Br)c3ccc(OC)cc23)CC1,8.17
CSc1ccc2c(c1)c(CN1CCN(C)CC1)cn2S(=O)(=O)c1ccccc1Br,6.71
CN1CCN(CCc2cn(S(=O)(=O)c3cccc(Br)c3)c3ccc(Br)cc23)CC1,6.54
COc1ccc2c(c1)c(CN1CCCN(C)CC1)cn2S(=O)(=O)c1ccccc1Br,8.24
O=S(=O)(c1ccccc1Br)n1cc(CN2CCN(Cc3ccccc3)CC2)c2ccccc21,6.88
O=S(=O)(c1ccccc1Br)n1cc(CN2CCNCC2)c2ccccc21,8.35
COc1cccc2c1c(CN1CCN(C)CC1)cn2S(=O)(=O)c1ccc(C(C)C)cc1,7.94
COc1ccc(S(=O)(=O)n2cc(CN3CCN(C)CC3)c3cc(OC)ccc32)cc1,7.74
CN1CCN(Cc2cn(S(=O)(=O)c3ccc(F)cc3)c3ccc(Cl)cc23)CC1,7.76
CN1CCN(Cc2cn(S(=O)(=O)c3ccc(Br)cc3)c3ccc(OCC(F)(F)F)cc23)CC1,7.02
CN1CCN(Cc2cn(S(=O)(=O)c3ccc(F)cc3)c3ccc(Br)cc23)CC1,7.77
CN1CCN(Cc2cn(S(=O)(=O)c3cccc(Cl)c3)c3ccccc23)CC1,7.79
COc1ccc2c(c1)c(CN1CCCN(C)CC1)cn2S(=O)(=O)c1ccc(C(C)C)cc1,8.7
COc1ccc(OC)c(S(=O)(=O)n2cc(CN3CCN(C)CC3)c3ccccc32)c1,7.04
CC(C)c1ccc(S(=O)(=O)n2cc(CN3CCN(C)CC3)c3cc(O)ccc32)cc1,7.3
CN1CCN(Cc2cn(S(=O)(=O)c3ccc(F)cc3)c3ccccc23)CC1,8.06
CN1CCN(Cc2cn(S(=O)(=O)c3ccc(C#N)cc3)c3ccccc23)CC1,7.04
COc1ccc2c(c1)c(CN1CCN(C)CC1)cn2S(=O)(=O)c1ccc(C)cc1,7.81
COc1cccc2c1c(CN1CCN(C)CC1)cn2S(=O)(=O)c1ccccc1Br,7.84
CCN1CCN(Cc2cn(S(=O)(=O)c3ccccc3)c3ccc(OC)cc23)CC1,8.06
COc1ccc2c(c1)c(CN1CCN(C)CC1)cn2S(=O)(=O)c1ccc(Br)cc1,7.99
Cc1c(CN2CCN(C)CC2)c2ccccc2n1S(=O)(=O)c1ccc(F)cc1,7.25
CN1CCN(Cc2c[nH]c3ccccc23)CC1,6.32
COc1ccc2c(c1)c(CN1CCN(C)CC1)cn2S(=O)(=O)c1ccccc1Br,8.7
CN1CCN(Cc2cn(S(=O)(=O)c3ccc(Br)cc3)c3cc(Cl)ccc23)CC1,7.22
CN1CCN(Cc2cn(S(=O)(=O)c3ccccc3Br)c3ccc(F)cc23)CC1,7.92
Cc1ccc(C)c(S(=O)(=O)n2cc(CN3CCN(C)CC3)c3ccccc32)c1,7.19
CN1CCN(Cc2cn(S(=O)(=O)c3ccc(Br)cc3)c3ccc(F)cc23)CC1,8.04
CN1CCN(Cc2cn(S(=O)(=O)c3c(F)cccc3F)c3ccccc23)CC1,7.19
CN1CCN(Cc2cn(S(=O)(=O)c3cccc4ccccc34)c3ccccc23)CC1,7.94
CC(C)c1ccc(S(=O)(=O)n2cc(CN3CCN(C)CC3)c3c(Cl)cccc32)cc1,8.04
Cc1ccc(S(=O)(=O)n2cc(CN3CCN(C)CC3)c3ccccc32)cc1,8.02
CCN1CCN(Cc2cn(S(=O)(=O)c3ccc(C(C)C)cc3)c3ccc(OC)cc23)CC1,8.77
COc1ccc2c(c1)c(CN1CCNCC1)cn2S(=O)(=O)c1ccccc1Br,8.89
COc1ccc2c(c1)c(CN1CCN(C)CC1)cn2S(=O)(=O)c1ccc(C(C)C)cc1,8.79
CN1CCN(Cc2cn(S(=O)(=O)c3cccc(F)c3)c3ccccc23)CC1,7.24
COc1cccc2c1c(CN1CCN(C)CC1)cn2S(=O)(=O)c1ccc(F)cc1,7.74
O=S(=O)(c1ccccc1Br)n1cc(CN2CCNCC2)c2ncccc21,7.02
CN1CCN(CCc2cn(S(=O)(=O)c3ccccc3Br)c3ccc(Br)cc23)CC1,6.4
CN1CCN(Cc2cn(C(=O)c3ccccc3Br)c3ccc(F)cc23)CC1,6.49
CN1CCN(Cc2cn(S(=O)(=O)c3ccc(F)cc3F)c3ccccc23)CC1,7.52
COc1cccc(S(=O)(=O)n2cc(CN3CCN(C)CC3)c3ccccc32)c1,7.53
COc1ccc2c(c1)c(CN1CCN(C)CC1)c(Cl)n2S(=O)(=O)c1ccc(C(C)C)cc1,7.53
CN1CCN(Cc2cn(S(=O)(=O)c3ccc(F)cc3Cl)c3ccccc23)CC1,7.54
COc1ccc2c(c1)c(CN1CCN(CCF)CC1)cn2S(=O)(=O)c1ccccc1Br,6.46
CN1CCN(Cc2cn(S(=O)(=O)c3ccc(F)cc3)c3cccc(Cl)c23)CC1,7.51
CN1CCN(Cc2cn(S(=O)(=O)c3ccc(Cl)cc3Cl)c3ccccc23)CC1,7.55
COc1ccc2c(c1)c(CN1CCN(C)CC1)nn2S(=O)(=O)c1ccccc1Br,6.46
CC(C)c1ccc(S(=O)(=O)n2cc(CN3CCN(C)CC3)c3cc(Br)ccc32)cc1,7.56
COc1ccc(S(=O)(=O)n2cc(CN3CCN(C)CC3)c3ccccc32)cc1,7.6
CN1CCN(Cc2cn(S(=O)(=O)c3ccc(Br)cc3)c3ccccc23)CC1,8.67
O=S(=O)(c1ccccc1)n1cc(CN2CCNCC2)c2ccccc21,8.12
CN1CCN(Cc2cn(S(=O)(=O)c3ccc(F)cc3)c3ccc(O)cc23)CC1,7.46
CN1CCN(Cc2cn(S(=O)(=O)c3ccccc3Br)c3ccc(O)cc23)CC1,7.73
COc1ccc2c(c1)c(CN1CCCN(C)CC1)cn2S(=O)(=O)c1ccc(F)cc1,8.11
CN1CCN(Cc2cn(S(=O)(=O)c3ccccc3Br)c3cccc(Cl)c23)CC1,7.63
CN1CCN(Cc2cn(S(=O)(=O)c3cccc(Br)c3)c3ccccc23)CC1,7.72
CCN1CCN(Cc2cn(S(=O)(=O)c3ccc(F)cc3)c3ccc(OC)cc23)CC1,7.7
CC(=O)N1CCN(Cc2cn(S(=O)(=O)c3ccccc3Br)c3ccccc23)CC1,6.42
O=C(c1ccccc1)N1CCN(Cc2cn(S(=O)(=O)c3ccccc3Br)c3ccccc23)CC1,6.44
CN1CCN(Cc2cn(S(=O)(=O)c3c(Cl)cccc3Cl)c3ccccc23)CC1,7.0
CN1CCN(Cc2cn(S(=O)(=O)c3ccccc3Br)c3ccccc23)CC1,7.99
COc1ccc2c(CN3CCN(C)CC3)cn(S(=O)(=O)c3ccc(C(C)C)cc3)c2c1,7.44
CN1CCN(Cc2cn(S(=O)(=O)c3ccccc3F)c3ccccc23)CC1,8.11
COc1ccc2c(c1)c(CN1CCN(C)CC1)cn2S(=O)(=O)c1cccc2ccccc12,8.11
CC(C)Oc1ccc2c(c1)c(CN1CCN(C)CC1)cn2S(=O)(=O)c1ccccc1Br,7.44
CN1CCN(Cc2cn(S(=O)(=O)c3ccccc3)c3cc(Cl)ccc23)CC1,7.45
COc1ccc2c(c1)c(CN1CCN(C)CC1)cn2S(=O)(=O)c1ccc(OC(F)(F)F)cc1,7.42
NC1CCc2c(cccc2NS(=O)(=O)c2ccccc2)C1,7.31
NCCc1ccc(S(=O)(=O)n2ccc3ccccc32)cc1,8.6
COc1ccc(Cc2nc(N)nc(N3CCN(C)CC3)n2)cc1,6.36
CN1CCN(c2nc(N)nc(Cc3ccc(Cl)c(Cl)c3)n2)CC1,7.5
COc1cccc(Cc2nc(N)nc(N3CCN(C)CC3)n2)c1,6.8
CN1CCN(c2nc(N)nc(Cc3ccncc3)n2)CC1,5.74
CN1CCN(c2nc(N)nc(Cc3ccc(Cl)cc3)n2)CC1,7.28
CN1CCN(c2nc(N)nc(Cc3ccccc3Cl)n2)CC1,7.25
CN1CCN(c2nc(N)nc(-c3ccc(Cl)cc3)n2)CC1,5.57
CN1CCN(c2nc(N)nc(Cc3ccc(F)cc3)n2)CC1,7.0
CN1CCN(c2nc(N)nc(Cc3ccccc3F)n2)CC1,7.06
CN1CCN(c2nc(N)nc(Cc3cccc(F)c3)n2)CC1,7.19
CN1CCN(c2nc(N)nc(Cc3cccc4ccccc34)n2)CC1,7.7
COc1ccccc1Cc1nc(N)nc(N2CCN(C)CC2)n1,6.71
Cc1ccccc1Cc1nc(N)nc(N2CCN(C)CC2)n1,7.1
CN1CCN(c2nc(N)nc(Cc3c[nH]c4ccccc34)n2)CC1,7.66
Cc1cccc(Cc2nc(N)nc(N3CCN(C)CC3)n2)c1,7.52
Cc1ccc(Cc2nc(N)nc(N3CCN(C)CC3)n2)cc1,7.19
O=S(=O)(c1cccc2ncccc12)N1CCC(CCN2CCN(c3ccc(F)cc3)CC2)CC1,5.84
O=S(=O)(c1cncc2ccccc12)N1CCC(CCN2CCN(c3cccc(Cl)c3Cl)CC2)CC1,6.51
O=S(=O)(c1cccc2ncccc12)N1CCC(CCN2CCN(c3cccc(C(F)(F)F)c3)CC2)CC1,6.19
O=S(=O)(c1cccc2ncccc12)N1CCC(CCN2CCN(c3ccc(Cl)c(Cl)c3)CC2)CC1,6.1
O=S(=O)(c1cccc2ncccc12)N1CCC(CCN2CCN(c3cccc(Cl)c3)CC2)CC1,6.35
O=S(=O)(c1cncc2ccccc12)N1CCC(CCN2CCN(c3ccc(F)cc3)CC2)CC1,5.73
O=S(=O)(c1cccc2ncccc12)N1CCC(CCN2CCN(c3cccc(F)c3)CC2)CC1,5.08
O=S(=O)(c1cccc2ncccc12)N1CCC(CCN2CCN(c3cccc(Cl)c3Cl)CC2)CC1,6.4
O=S(=O)(c1cncc2ccccc12)N1CCC(CCN2CCN(c3ccc(Cl)c(Cl)c3)CC2)CC1,5.98
O=S(=O)(c1cncc2ccccc12)N1CCC(CCN2CCN(c3cccc(F)c3)CC2)CC1,5.42
O=S(=O)(c1cccc2ncccc12)N1CCC(CCN2CCN(c3ccccc3)CC2)CC1,5.17
O=S(=O)(c1cccc2ncccc12)N1CCC(CCN2CCN(c3ccc(Cl)cc3)CC2)CC1,5.99
O=S(=O)(c1cncc2ccccc12)N1CCC(CCN2CCN(c3cccc(Cl)c3)CC2)CC1,5.93
O=S(=O)(c1cncc2ccccc12)N1CCC(CCN2CCN(c3cccc(C(F)(F)F)c3)CC2)CC1,5.99
O=S(=O)(NCCCCN1CC=C(c2c[nH]c3ccc(Cl)cc23)CC1)c1ccc(F)cc1,6.52
O=S(=O)(NCCCN1CC=C(c2c[nH]c3ccc(Cl)cc23)CC1)c1cccc(Cl)c1,6.92
Cc1cccc(S(=O)(=O)NCCN2CC=C(c3c[nH]c4ccc(Cl)cc34)CC2)c1,8.19
O=S(=O)(NCCCN1CC=C(c2c[nH]c3ccc(Cl)cc23)CC1)c1cccc2ccccc12,6.55
O=S(=O)(NCCN1CC=C(c2c[nH]c3ccc(Cl)cc23)CC1)c1ccc(Cl)cc1,7.46
O=S(=O)(NCCN1CC=C(c2c[nH]c3ccc(Cl)cc23)CC1)c1ccc2ccccc2c1,7.7
Cc1cccc(S(=O)(=O)NCCCN2CC=C(c3c[nH]c4ccc(Cl)cc34)CC2)c1,7.44
O=S(=O)(NCCN1CC=C(c2c[nH]c3ccc(Cl)cc23)CC1)c1cccc2ccccc12,7.34
Cc1cccc(S(=O)(=O)NCCCN2CC=C(c3c(C)[nH]c4ccc(Cl)cc34)CC2)c1,7.0
O=S(=O)(NCCCCN1CC=C(c2c[nH]c3ccc(F)cc23)CC1)c1ccc2ccccc2c1,6.7
O=S(=O)(NCCCN1CC=C(c2c[nH]c3ccc(Cl)cc23)CC1)c1cccc(F)c1,6.7
O=S(=O)(NCCCCN1CC=C(c2c[nH]c3ccc(Cl)cc23)CC1)c1ccc2ccccc2c1,7.0
Cc1cccc(S(=O)(=O)NCCCCN2CC=C(c3c(C)[nH]c4ccc(Cl)cc34)CC2)c1,6.44
O=S(=O)(NCCN1CC=C(c2c[nH]c3ccc(Cl)cc23)CC1)c1cccc(O)c1,8.46
O=S(=O)(NCCCCN1CC=C(c2c[nH]c3ccc(Cl)cc23)CC1)c1ccc(Cl)cc1,6.82
O=S(=O)(NCCCCN1CC=C(c2c[nH]c3ccc(Cl)cc23)CC1)c1cccc(Cl)c1,6.96
O=S(=O)(NCCCN1CC=C(c2c[nH]c3ccc(Cl)cc23)CC1)c1ccc(Cl)cc1,6.75
O=S(=O)(NCCN1CC=C(c2c[nH]c3ccc(Cl)cc23)CC1)c1ccc(F)cc1,8.04
O=S(=O)(NCCCCN1CC=C(c2c[nH]c3ccc(Cl)cc23)CC1)c1cccc(O)c1,6.48
O=S(=O)(NCCCN1CC=C(c2c[nH]c3ccc(F)cc23)CC1)c1ccc2ccccc2c1,6.6
Cc1[nH]c2ccc(Cl)cc2c1C1=CCN(CCNS(=O)(=O)c2ccc3ccccc3c2)CC1,6.75
Cc1[nH]c2ccc(Cl)cc2c1C1=CCN(CCCCNS(=O)(=O)c2ccc3ccccc3c2)CC1,6.6
Cc1cccc(S(=O)(=O)NCCCN2CC=C(c3c[nH]c4ccc(F)cc34)CC2)c1,7.22
Cc1[nH]c2ccc(Cl)cc2c1C1=CCN(CCCNS(=O)(=O)c2ccc3ccccc3c2)CC1,6.46
O=S(=O)(NCCCN1CC=C(c2c[nH]c3ccc(Cl)cc23)CC1)c1ccc2ccccc2c1,6.66
Cc1cccc(S(=O)(=O)NCCN2CC=C(c3c(C)[nH]c4ccc(Cl)cc34)CC2)c1,6.89
O=S(=O)(NCCCCN1CC=C(c2c[nH]c3ccc(Cl)cc23)CC1)c1cccc(F)c1,6.5
Cc1cccc(S(=O)(=O)NCCCCN2CC=C(c3c[nH]c4ccc(Cl)cc34)CC2)c1,6.68
O=S(=O)(NCCCCN1CC=C(c2c[nH]c3ccc(Cl)cc23)CC1)c1cccc2ccccc12,6.89
O=S(=O)(NCCCN1CC=C(c2c[nH]c3ccc(Cl)cc23)CC1)c1ccc(F)cc1,7.04
O=S(=O)(NCCN1CC=C(c2c[nH]c3ccc(Cl)cc23)CC1)c1cccc(F)c1,8.0
c1ccc2c(OCCCCCN3CCCCC3)cccc2c1,5.59
c1ccc2c(OCCCCCN3CCCCCC3)cccc2c1,5.74
O=S(=O)(c1cccc(F)c1)n1cc(C2=CCNCC2)c2ccc3cccnc3c21,7.35
O=S(=O)(c1cccc(Cl)c1)n1cc(C2=CCNCC2)c2ccc3cccnc3c21,7.31
O=S(=O)(c1ccccc1)n1cc(C2=CCNCC2)c2ccc3ncccc3c21,6.15
Clc1cccc(Cn2cc(C3=CCNCC3)c3ccc4cccnc4c32)c1,6.57
O=S(=O)(c1cccc(Br)c1)n1cc(C2=CCNCC2)c2ccc3ncccc3c21,6.86
O=S(=O)(c1cccc(F)c1)n1cc(C2=CCNCC2)c2ccc3ncccc3c21,6.44
O=S(=O)(c1cccc(Br)c1)n1cc(C2=CCNCC2)c2ccc3cccnc3c21,7.21
COc1ccccc1Cn1c(C)nc2c(N3CCNCC3)ccnc21,6.47
Cc1nc2c(N3CCNCC3)nccc2n1Cc1ccccc1,6.43
Fc1cccc(CCn2cnc3c(N4CCNCC4)ccnc32)c1,5.89
Clc1cccc(Cn2cnc3c(N4CCNCC4)nccc32)c1,6.5
Cc1nc2c(N3CCNCC3)nccc2n1Cc1cccc(Cl)c1,6.59
Cc1nc2c(N3CCNCC3)ccnc2n1CCc1cccc(Cl)c1,6.51
c1ccc(Cn2cnc3c(N4CCNCC4)nccc32)cc1,6.35
Clc1cccc(CCn2cnc3c(N4CCNCC4)ccnc32)c1,5.9
CCc1nc2c(N3CCNCC3)ccnc2n1Cc1ccccc1Cl,6.75
CCC(CC)c1nc2c(N3CCNCC3)ccnc2n1Cc1cccc(Cl)c1,7.52
CCc1nc2c(N3CCNCC3)ccnc2n1Cc1cccc(Cl)c1,8.15
CCc1nc2c(N3CCNCC3)ccnc2n1CCc1cccc(F)c1,7.25
CC(C)c1nc2c(N3CCNCC3)ccnc2n1CCc1cccc(Cl)c1,7.1
CCc1nc2c(N3CCNCC3)ccnc2n1Cc1ccccc1,7.44
CCc1nc2c(N3CCNCC3)ccnc2n1CCc1cccc(Cl)c1,7.38
CCc1nc2c(N3CCNCC3)ccnc2n1Cc1cc(F)ccc1F,7.24
CC(C)c1nc2c(N3CCNCC3)ccnc2n1Cc1cccc(F)c1,7.89
CC(C)c1nc2c(N3CCNCC3)ccnc2n1Cc1ccc(F)cc1,7.1
CCc1nc2c(N3CCNCC3)ccnc2n1Cc1cccc(F)c1,8.22
CCC(CC)c1nc2c(N3CCNCC3)ccnc2n1Cc1cccc(C)c1,7.38
CCC(CC)c1nc2c(N3CCNCC3)ccnc2n1Cc1ccccc1Cl,6.97
CC(C)c1nc2c(N3CCNCC3)ccnc2n1Cc1ccccc1F,7.21
Cc1nc2c(N3CCNCC3)ccnc2n1Cc1ccccc1,7.0
CC(C)c1nc2c(N3CCNCC3)ccnc2n1Cc1cccc(Cl)c1,7.7
CC(C)c1nc2c(N3CCNCC3)ccnc2n1Cc1ccc(Cl)cc1,6.97
Fc1ccc(-c2nc3c(N4CCNCC4)ccnc3n2Cc2cccc(F)c2)cc1,6.79
Cc1nc2c(N3CCNCC3)ccnc2n1Cc1cccc(C(F)(F)F)c1,7.21
CCc1nc2c(N3CCNCC3)ccnc2n1Cc1ccc(F)c(F)c1,6.86
Cc1cccc(Cn2c(C)nc3c(N4CCNCC4)ccnc32)c1,7.58
c1ccc(Cn2cnc3c(N4CCNCC4)ccnc32)cc1,6.96
COc1cccc(Cn2c(C(C)C)nc3c(N4CCNCC4)ccnc32)c1,7.04
Cc1cccc(Cn2c(CC(C)(C)C)nc3c(N4CCNCC4)ccnc32)c1,6.85
Clc1cccc(Cn2cnc3c(N4CCNCC4)ccnc32)c1,7.48
COc1cccc(Cn2c(CC(C)(C)C)nc3c(N4CCNCC4)ccnc32)c1,6.78
Clc1cccc(Cn2c(-c3cccs3)nc3c(N4CCNCC4)ccnc32)c1,6.78
CC(C)c1nc2c(N3CCNCC3)nccc2n1Cc1cccc(Cl)c1,6.9
CCC1(C)CC(CCNCc2ccc(OC)c(OC)c2)(c2ccc(C)cc2)CCO1,5.47
O=C1N(Cc2ccccc2)C(c2ccccc2)=NC1(Nc1ccccn1)C(F)(F)F,5.72
Cc1ccc(C(C)NCCC(c2ccc(F)cc2)c2ccco2)cc1,5.75
CCC1(C)CC(CCNCc2ccccc2)(c2ccc(C)cc2)CCO1,5.25
COc1ccc(CNCCC(c2ccccc2)c2ccc3c(c2)OCO3)cc1,5.43
COc1cc(CNCCC2=CCCCC2)ccc1OCc1ccccc1,5.57
COc1ccc(CNCCC(c2ccco2)c2ccccc2OC)cc1,5.62
OC(CCN1CCc2onc(-c3ccc(F)c(F)c3)c2C1)c1ccccc1,5.05
Cc1ccc(C(C)(C)CC(C)NCc2ccc(C(F)(F)F)cc2)o1,5.24
Cc1ccc(C(CCNC(C)c2ccc(Cl)cc2)c2ccco2)cc1,5.6
CC(NCCC(Cc1ccccc1)c1ccco1)c1ccc(Cl)cc1,5.85
Cc1ccc(COc2ccc(Br)cc2CNC(C)c2ccccc2)cc1,5.29
O=S(=O)(NC1CCN(CC(O)COc2ccccc2-c2ccccc2)CC1)c1cccc(Cl)c1,6.53
CC(C)c1ccccc1OCCCN1CCC(NS(=O)(=O)c2ccc(F)cc2)CC1,6.57
CC(C)(C)OC(=O)NCCCCCCn1cc(CCCCN2CCC(c3ccc(-c4cc(C(=O)O)cc5cc(-c6ccc(C(F)(F)F)cc6)ccc45)cc3)CC2)nn1,5.1
CC1SC(c2ccccc2O)=NC1Cc1c[nH]cn1,5.58
Oc1ccccc1C1=NC(Cc2c[nH]cn2)C(c2ccccc2)S1,5.66
COc1ccccc1N1CCN(CCOCCOc2cc(C)cc(C)c2C)CC1,5.81
Cc1cc(C)c(OCCOCCN2CCN(CCc3ccccc3)CC2)c(C)c1,5.67
Cc1cccc(OCCOCCN2CCN(CCc3ccccc3)CC2)c1C,6.7
COc1ccccc1N1CCN(CCOCCOc2c(C)cc(C)cc2C)CC1,5.62
O=C1Nc2ccccc2C12CCN(CCN1CC=C(c3ccc(F)cc3)CC1)C2,5.2
O=C1Nc2ccccc2C12CCN(CCN1CCN(c3ccc(Cl)cc3)CC1)C2,5.32
O=C1Nc2ccccc2C12CCN(CCN1CCN(c3ccc(F)cc3)CC1)C2,5.32
O=C1Nc2ccccc2C12CCN(CCN1CCN(c3ccccc3)CC1)C2,5.18
O=C1Nc2ccccc2C12CCN(CCN1CCC(c3ccc(F)cc3)CC1)C2,5.28
O=C1Nc2ccccc2C12CCN(CCN1CCN(c3ccccc3Cl)CC1)C2,5.55
O=C(c1ccc(Cl)cc1)N1CCN(CCN2CCC3(C2)C(=O)Nc2ccccc23)CC1,5.11
O=C1Nc2ccccc2C12CCN(CCN1CCC(c3ccc(Cl)cc3)CC1)C2,5.34
O=C1Nc2ccccc2C12CCN(CCN1CCN(c3ccc(Cl)c(Cl)c3)CC1)C2,5.95
CCc1cc(-c2ccoc2)nc(N2CCN(C)CC2)n1,6.92
CCCCc1cc(-c2ccoc2)nc(N2CCN(C)CC2)n1,7.92
Clc1ccc(-c2noc3c2CCNCC3)cc1,6.44
Fc1ccc(-c2n[nH]c3c2CCNCC3)cc1,6.38
Cc1ccc(-c2noc3c2CCNCC3)cc1,6.31
Cc1ccc(-c2n[nH]c3c2CCNCC3)cc1,6.96
Clc1ccc(-c2n[nH]c3c2CCNCC3)cc1,6.61
O=c1[nH]c2c(N3CCN(CCC4CCCN4S(=O)(=O)c4cccc5ncccc45)CC3)cccc2o1,5.41
O=c1[nH]c2c(N3CCN(CCC4CCCN4S(=O)(=O)c4cncc5ccccc45)CC3)cccc2o1,5.74
O=S(=O)(c1cncc2ccccc12)N1CCCC1CCN1CCC(c2noc3cc(F)ccc23)CC1,6.86
O=S(=O)(c1cncc2ccccc12)N1CCCC1CCN1CCN(c2noc3ccccc23)CC1,6.3
O=S(=O)(c1cccc2cnccc12)N1CCCC1CCN1CCN(c2cccc3sccc23)CC1,8.05
O=S(=O)(c1cncc2ccccc12)N1CCCC1CCN1CCN(c2cccc3sccc23)CC1,7.96
O=S(=O)(c1cccc2ncccc12)N1CCCC1CCN1CCN(c2noc3ccccc23)CC1,6.54
O=S(=O)(c1cccc2ncccc12)N1CCCC1CCN1CC=C(c2c[nH]c3ccc(Cl)cc23)CC1,7.75
O=S(=O)(c1cccc2ncccc12)N1CCC1CCN1CCN(c2cccc3sccc23)CC1,6.89
O=S(=O)(c1cncc2ccccc12)N1CCCC1CCN1CCN(c2cccc3c2OCCO3)CC1,5.9
O=S(=O)(c1cncc2ccccc12)N1CCCCCC1CCN1CCN(c2cccc3sccc23)CC1,6.72
O=S(=O)(c1ccnc2ccccc12)N1CCCCC1CCN1CCN(c2nsc3ccccc23)CC1,5.9
O=S(=O)(c1cccc2ncccc12)N1CCCC1CCN1CCN(c2cccc3c2OCCO3)CC1,6.0
O=S(=O)(c1cccc2ncccc12)N1CCC1CCN1CCN(c2nsc3ccccc23)CC1,6.46
O=S(=O)(c1cncc2ccccc12)N1CCC1CCN1CCN(c2nsc3ccccc23)CC1,6.46
O=S(=O)(c1ccnc2ccccc12)N1CCCCCC1CCN1CCN(c2nsc3ccccc23)CC1,6.21
O=S(=O)(c1cncc2ccccc12)N1CCC1CCN1CCN(c2cccc3sccc23)CC1,6.98
O=S(=O)(c1cccc2ncccc12)N1CCCC1CCN1CCN(c2cccc3sccc23)CC1,7.89
O=S(=O)(c1cccc2ncccc12)N1CCCCC1CCN1CCN(c2nsc3ccccc23)CC1,6.02
O=S(=O)(c1cccc2ncccc12)N1CCCCC1CCN1CCN(c2cccc3sccc23)CC1,6.47
O=S(=O)(c1cccc2ncccc12)N1CCCC1CCN1CCN(c2nsc3ccccc23)CC1,7.42
O=S(=O)(c1cncc2ccccc12)N1CCCC1CCN1CCN(c2cccc3[nH]ccc23)CC1,6.12
O=S(=O)(c1cccc2cnccc12)N1CCCC1CCN1CCN(c2nsc3ccccc23)CC1,7.4
O=S(=O)(c1cccc2cnccc12)N1CCCC1CCN1CCN(c2noc3ccccc23)CC1,7.04
O=S(=O)(c1cccc2ncccc12)N1CCCCCC1CCN1CCN(c2cccc3sccc23)CC1,6.75
O=S(=O)(c1cccc2ncccc12)N1CCCCCC1CCN1CCN(c2nsc3ccccc23)CC1,6.34
O=S(=O)(c1cncc2ccccc12)N1CCCCC1CCN1CCN(c2cccc3sccc23)CC1,6.66
O=S(=O)(c1cncc2ccccc12)N1CCCC1CCN1CCN(c2nsc3ccccc23)CC1,7.4
O=S(=O)(c1cccc2ncccc12)N1CCCC1CCN1CCN(c2cccc3[nH]ccc23)CC1,6.19
COc1cc2c3c(c1OC)-c1ccccc1C(O)C3NCC2,6.06
OC1(c2ccc(Cl)c(C(F)(F)F)c2)CCN(CCCN(c2ccc(F)cc2)c2ccc(F)cc2)CC1,5.78
OC1(c2ccc(Cl)c(C(F)(F)F)c2)CCN(CCCCC(c2ccc(F)cc2)c2ccc(F)cc2)CC1,5.78
COc1ccc(N(CCCCN2CCC(O)(c3ccc(Cl)c(C(F)(F)F)c3)CC2)c2ccc(OC)cc2)cc1,5.85
OC1(c2ccc(Cl)c(C(F)(F)F)c2)CCN(CCCC(c2ccccc2)c2ccccc2)CC1,5.77
O=C1CCc2cc(C(O)CCCN3CCC(c4noc5cc(F)ccc45)CC3)cc3c2N1CC3,8.2
O=C(CCCN1CCC(c2noc3cc(F)ccc23)CC1)c1cc2c3c(c1)CCN3C(=O)CC2,6.62
O=C1CCc2cc(CCCCN3CCC(c4noc5cc(F)ccc45)CC3)cc3c2N1CC3,7.75
O=C1CCc2cc(C(O)CCCCN3CCC(c4noc5cc(F)ccc45)CC3)cc3c2N1CC3,7.53
O=C(CCCCN1CCC(c2noc3cc(F)ccc23)CC1)c1cc2c3c(c1)CCN3C(=O)CC2,8.26
O=C1c2ccccc2S(=O)(=O)N1CCCCCCN1CCN(c2ccccc2F)CC1,5.79
O=C1c2ccccc2S(=O)(=O)N1CCCCCCN1CCN(c2cccc(Cl)c2Cl)CC1,6.04
O=C1c2ccccc2S(=O)(=O)N1CCCCCCN1CCN(c2ccccc2C(F)(F)F)CC1,5.9
O=C1c2ccccc2S(=O)(=O)N1CCCCCCN1CCN(c2ccccc2)CC1,6.01
O=C1c2ccccc2S(=O)(=O)N1CCCCCCN1CCN(c2cccc(C(F)(F)F)c2)CC1,7.28
O=C1c2ccccc2S(=O)(=O)N1CCCCCCN1CCN(c2cccc(Cl)c2)CC1,6.43
O=C1c2ccccc2S(=O)(=O)N1CCCCCCN1CCN(c2nsc3ccccc23)CC1,7.24
O=C1c2ccccc2S(=O)(=O)N1CCCCCCN1CCN(c2ccccn2)CC1,5.63
O=C1c2ccccc2S(=O)(=O)N1CCCCCCN1CCN(c2ncccn2)CC1,6.98
O=C1c2ccccc2S(=O)(=O)N1CCCCCCN1CCN(c2cccc3cccnc23)CC1,5.76
COc1cccc(N2CCN(CCCCCCN3C(=O)c4ccccc4S3(=O)=O)CC2)c1,6.04
O=C1c2ccccc2S(=O)(=O)N1CCCCCCN1CCN(c2cccc3ccccc23)CC1,6.8
O=C1c2ccccc2S(=O)(=O)N1CCCCCCN1CCN(c2ccc(Cl)c(Cl)c2)CC1,6.88
COc1ccc2[nH]cc(C3CCN(CCCCN4C(=O)CC(c5c[nH]c6ccc(OC)cc56)C4=O)CC3)c2c1,6.37
COc1ccc2[nH]cc(C3CCN(CCCCN4C(=O)CC(c5c[nH]c6ccc(F)cc56)C4=O)CC3)c2c1,7.15
COc1ccc2[nH]cc(C3CC(=O)N(CCCCN4CCC(c5c[nH]c6ccc(F)cc56)CC4)C3=O)c2c1,7.07
COc1ccc2[nH]cc(C3CC(=O)N(CCCCN4CCC(c5c[nH]c6ccccc56)CC4)C3=O)c2c1,7.09
O=C1CC(c2c[nH]c3ccc(F)cc23)C(=O)N1CCCCN1CCC(c2c[nH]c3ccc(F)cc23)CC1,6.52
O=C1CC(c2c[nH]c3ccc(F)cc23)C(=O)N1CCCCN1CCC(c2c[nH]c3ccccc23)CC1,7.54
CC(C)Oc1cccc(-c2ccc(CNCCc3c[nH]c4ccccc34)o2)c1,6.31
COc1ccc2[nH]cc(CC(C)NCc3ccc(-c4ccc(O)cc4)o3)c2c1,6.46
COc1ccc2[nH]cc(CCN(C)Cc3ccc(-c4ccc(O)cc4)o3)c2c1,6.7
Cc1ccc2[nH]cc(CCNCc3ccc(-c4ccc(O)cc4)o3)c2c1,8.3
Cn1cc(CCNCc2ccc(-c3ccccc3)o2)c2ccccc21,6.52
COc1ccc2[nH]cc(CCNCc3ccc(-c4cn[nH]c4)o3)c2c1,6.92
COc1ccc2[nH]cc(CCNCc3ccc(-c4cnc5ccccc5c4)o3)c2c1,7.0
COc1cccc2[nH]cc(CCNCc3ccc(-c4ccc(F)cc4)o3)c12,6.88
COc1cccc(-c2ccc(CNCCc3cn(C)c4ccccc34)o2)c1,6.25
c1ccc2c(CCNCc3ccc(-c4ccc5c(c4)OCO5)o3)c[nH]c2c1,6.66
O=[N+]([O-])c1ccc(-c2ccc(CNCCc3c[nH]c4ccccc34)o2)cc1,6.11
COc1cccc2[nH]cc(CCNCc3ccc(-c4ccc(O)cc4)o3)c12,7.85
CC(=O)Oc1ccc(-c2ccc(CNCCc3c[nH]c4ccccc34)o2)cc1,5.83
COc1cccc2[nH]cc(CCNCc3ccc(-c4ccccc4)o3)c12,6.96
COc1ccc2[nH]cc(CCNCc3ccc(-c4cc(Cl)cc(Cl)c4)o3)c2c1,6.68
COc1ccc2occ(CCNCc3ccc(-c4ccc(O)cc4)o3)c2c1,5.77
CCCN(CCc1c[nH]c2ccccc12)Cc1ccc(-c2ccccc2)o1,6.48
COc1ccc2[nH]cc(CCNCc3ccc(-c4ccc(Cl)cc4)o3)c2c1,7.17
COc1ccc2[nH]c(C)c(CCNCc3ccc(-c4ccc(O)cc4)o3)c2c1,7.68
COc1cccc(-c2ccc(CNCCc3c[nH]c4ccc(OC)cc34)o2)c1,7.12
COc1ccc2[nH]cc(CCNCc3ccc(-c4cccc(O)c4)o3)c2c1,7.26
c1ccc(-c2ccc(CNCCc3c[nH]c4ccccc34)s2)cc1,6.82
Oc1ccc(-c2ccc(CNCCc3coc4ccc(F)cc34)o2)cc1,6.28
CC(Cc1c[nH]c2ccccc12)NCc1ccc(-c2ccc(O)cc2)o1,6.32
CN(CCc1c[nH]c2ccccc12)Cc1ccc(-c2ccccc2)o1,7.21
COc1ccc2[nH]cc(CCNCc3ccc(-c4ccc(O)cc4)o3)c2c1,8.52
c1ccc2c(-c3ccc(CNCCc4c[nH]c5ccccc45)s3)cccc2c1,6.38
Oc1ccc(-c2ccc(CNCCc3c[nH]c4ccc(Cl)cc34)o2)cc1,7.22
COc1cccc(-c2ccc(CNC(C)Cc3cn(C)c4ccccc34)o2)c1,5.99
Clc1cccc(-c2ccc(CNCCc3c[nH]c4ccccc34)o2)c1,6.73
Oc1ccc(-c2ccc(CNCCc3c[nH]c4ncc(F)cc34)o2)cc1,7.6
COc1cccc(-c2ccc(CNCCc3c[nH]c4cccc(OC)c34)o2)c1,6.61
Clc1cc(Cl)cc(-c2ccc(CNCCc3c[nH]c4ccccc34)o2)c1,6.58
COc1ccc(-c2ccc(CNCCc3c[nH]c4ccccc34)o2)cc1OC,6.16
c1ccc(-c2ccc(CNCCc3c[nH]c4ccccc34)[nH]2)cc1,6.58
c1coc(-c2ccc(CNCCc3c[nH]c4ccccc34)o2)c1,6.38
COc1ccc(-c2ccc(CNCCc3c[nH]c4ccc(OC)cc34)o2)cc1,7.05
Oc1ccc(-c2ccc(CNCCc3c[nH]c4ccc(F)cc34)o2)cc1,8.7
c1ccc(-c2ccc(CNCCc3c[nH]c4ccccc34)o2)cc1,7.04
Oc1ccc(-c2ccc(CNCCc3c[nH]c4ncccc34)o2)cc1,6.28
Oc1ccc(-c2ccc(CNCCc3c[nH]c4cc(F)ccc34)o2)cc1,8.7
Cc1c(OCc2ccccc2)cccc1N1CCN(CCCCCCNc2c3c(nc4c2CCCC4)CCCC3)CC1,7.75
CN(CCCN1CCN(c2cccc3c2ccn3Cc2ccccc2)CC1)Cc1ccccc1,6.62
Nc1ncc(-c2cn(S(=O)(=O)c3ccccc3)c3ccccc23)[nH]1,8.0
CCc1nc(NC(C)=O)[nH]c1-c1cn(S(=O)(=O)c2ccccc2)c2ccc(OC)cc12,7.51
CC(=O)Nc1ncc(-c2cn(S(=O)(=O)c3ccccc3)c3ccccc23)[nH]1,7.1
COc1ccc2c(c1)c(-c1nc(N)sc1C)cn2S(=O)(=O)c1ccccc1,6.98
COc1ccc2c(c1)c(-c1[nH]c3cccc[n+]3c1C)cn2S(=O)(=O)c1ccccc1,7.11
CCc1nc(N)[nH]c1-c1cn(S(=O)(=O)c2ccccc2)c2ccccc12,7.54
CCC(=O)Nc1nc(C)c(-c2cn(S(=O)(=O)c3ccccc3)c3ccc(F)cc23)[nH]1,6.97
COc1ccc2c(c1)c(-c1nc3n(c1C)CCCN3)cn2S(=O)(=O)c1ccccc1,7.03
CC(=O)Nc1nc(C)c(-c2cn(S(=O)(=O)c3cccc4ccccc34)c3ccccc23)[nH]1,7.89
CC(=O)N1CCn2c1nc(C)c2-c1cn(S(=O)(=O)c2ccccc2)c2ccccc12,6.23
COc1ccc2c(c1)c(-c1[nH]c(NCCc3ccccc3)nc1C)cn2S(=O)(=O)c1ccccc1,7.08
COc1ccc2c(c1)c(-c1[nH]c(N)nc1C)cn2S(=O)(=O)c1ccc2ccccc2c1,8.05
COc1ccc2c(c1)c(-c1c(C)nc(N)n1CC(F)F)cn2S(=O)(=O)c1ccccc1,6.8
COc1ccc2c(c1)c(-c1[nH]c(N)nc1C)cn2S(=O)(=O)c1cccc2ccccc12,8.0
Nc1ncc(-c2cccc3c2ccn3S(=O)(=O)c2ccccc2)[nH]1,7.47
Cc1nc(N)[nH]c1-c1ccc2ccn(S(=O)(=O)c3ccccc3)c2c1,8.4
CCC(=O)Nc1nc(C)c(-c2cn(S(=O)(=O)c3cccc4ccccc34)c3ccc(OC)cc23)[nH]1,8.0
CC(=O)Nc1nc(C)c(-c2cn(S(=O)(=O)c3ccccc3)c3ccccc23)[nH]1,7.6
Cc1nc(N)[nH]c1-c1cn(S(=O)(=O)c2cccc3ccccc23)c2ccccc12,8.1
Cc1sc(N)nc1-c1cn(S(=O)(=O)c2ccccc2)c2ccccc12,7.0
COc1ccc2c(c1)c(-c1[nH]c(NC(C)=O)nc1C)cn2S(=O)(=O)c1ccc2ccccc2c1,7.64
CC(=O)Nc1nc(C)c(-c2c(C)n(S(=O)(=O)c3ccccc3)c3ccccc23)[nH]1,7.08
COc1ccc2c(c1)c(-c1cnc(N)[nH]1)cn2S(=O)(=O)c1cccc(F)c1,8.05
COc1ccc2c(c1)c(-c1[nH]c(NC(C)=O)nc1C)cn2S(=O)(=O)c1cccc2ccccc12,8.0
COc1ccc2c(c1)c(-c1nc(N)sc1C)cn2S(=O)(=O)c1ccc2ccccc2c1,7.19
Cc1nc(N)[nH]c1-c1cn(S(=O)(=O)c2ccccc2)c2ccccc12,7.85
COc1ccc2c(c1)c(-c1[nH]c(NC(C)=O)nc1C)cn2S(=O)(=O)c1cccc(F)c1,7.85
COc1ccc2c(c1)c(-c1cnc(NC(C)=O)[nH]1)cn2S(=O)(=O)c1cccc(F)c1,7.3
CCC(=O)Nc1nc(CC)c(-c2cn(S(=O)(=O)c3ccccc3)c3ccc(OC)cc23)[nH]1,7.8
COc1ccc2c(c1)c(-c1[nH]c(N)nc1C)cn2S(=O)(=O)c1ccccc1,8.52
CC(=O)Nc1nc(C)c(-c2ccc3ccn(S(=O)(=O)c4ccccc4)c3c2)[nH]1,7.82
O=S(=O)(c1ccccc1)n1cc(-c2c[n+]3cccnc3[nH]2)c2ccccc21,7.3
COc1ccc2c(c1)c(-c1[nH]c(NC(=O)Cc3ccccc3)nc1C)cn2S(=O)(=O)c1ccccc1,8.52
CCC(=O)Nc1nc(C)c(-c2cn(S(=O)(=O)c3ccc4ccccc4c3)c3ccc(OC)cc23)[nH]1,6.34
COc1ccc2c(c1)c(-c1nc(N)sc1C)cn2S(=O)(=O)c1cccc2ccccc12,7.36
CCC(=O)Nc1nc(C)c(-c2ccc3ccn(S(=O)(=O)c4ccccc4)c3c2)[nH]1,7.77
CCC(=O)Nc1nc(C)c(-c2cn(S(=O)(=O)c3cccc4ccccc34)c3ccccc23)[nH]1,7.82
CC(=O)Nc1nc(C)c(-c2cn(S(=O)(=O)c3ccccc3)c3ccc(F)cc23)[nH]1,6.12
COc1ccc2c(c1)c(-c1cnc(NC(C)=O)[nH]1)cn2S(=O)(=O)c1ccccc1,7.75
COc1ccc2c(c1)c(-c1[nH]c3nccc[n+]3c1C)cn2S(=O)(=O)c1ccccc1,6.6
CCc1nc(NC(C)=O)[nH]c1-c1cn(S(=O)(=O)c2ccccc2)c2ccccc12,6.58
CC(=O)N1CCCn2c1nc(C)c2-c1cn(S(=O)(=O)c2ccccc2)c2ccccc12,6.55
COc1ccc2c(c1)c(-c1cnc(N)[nH]1)cn2S(=O)(=O)c1ccccc1,8.7
COc1ccc2c(c1)c(-c1[nH]c(NCc3ccccc3)nc1C)cn2S(=O)(=O)c1ccccc1,7.68
CCc1nc(N)[nH]c1-c1cn(S(=O)(=O)c2ccccc2)c2ccc(OC)cc12,7.72
CCC(=O)Nc1nc(C)c(-c2cn(S(=O)(=O)c3cccc(F)c3)c3ccc(OC)cc23)[nH]1,8.05
COc1ccc2c(c1)c(-c1[nH]c(NCC(F)F)nc1C)cn2S(=O)(=O)c1ccccc1,7.68
COc1ccc2c(c1)c(-c1[nH]c(N)nc1C)cn2S(=O)(=O)c1cccc(F)c1,8.05
CN1CCN(c2nc(N)nc(C[Se]c3ccccc3)n2)CC1,6.62
CN1CCN(c2nc(N)nc(COc3ccccc3)n2)CC1,6.29
CN1CCN(c2nc(N)nc(CSc3ccccc3Cl)n2)CC1,6.9
Cc1ccccc1OCc1nc(N)nc(N2CCN(C)CC2)n1,7.06
CN1CCN(c2nc(N)nc(COc3ccccc3Cl)n2)CC1,6.89
Cc1cc(Cl)ccc1OCc1nc(N)nc(N2CCN(C)CC2)n1,6.04
Cc1ccc(OCc2nc(N)nc(N3CCN(C)CC3)n2)cc1,6.63
CC(Oc1ccccc1Cl)c1nc(N)nc(N2CCN(C)CC2)n1,7.64
Cc1cc(OCc2nc(N)nc(N3CCN(C)CC3)n2)ccc1Cl,6.45
CC(Oc1cccc(Cl)c1)c1nc(N)nc(N2CCN(C)CC2)n1,6.93
CC(Sc1ccccc1Cl)c1nc(N)nc(N2CCN(C)CC2)n1,7.72
CN1CCN(c2nc(N)nc(COc3ccc(Cl)cc3Cl)n2)CC1,6.89
CN1CCN(c2nc(N)nc(CSc3ccccc3)n2)CC1,7.58
CN1CCN(c2nc(N)nc(CS(=O)(=O)c3ccccc3Cl)n2)CC1,5.45
CC([Se]c1ccccc1)c1nc(N)nc(N2CCN(C)CC2)n1,6.96
CN1CCN(c2nc(N)nc(COc3cccc(Cl)c3)n2)CC1,6.83
Cc1ccc(C(C)C)c(OCc2nc(N)nc(N3CCN(C)CC3)n2)c1,7.96
Cc1cccc(OCc2nc(N)nc(N3CCN(C)CC3)n2)c1,6.68
O=c1c(-c2ccccc2Cl)c2n(c(=O)n1CCCCN1CCCC(c3c[nH]c4ccccc34)C1)CCCC2,5.99
O=c1c(-c2ccc(Cl)cc2)c2n(c(=O)n1CCCCN1CCCC(c3c[nH]c4ccccc34)C1)CCCC2,5.88
O=c1c(-c2ccccc2F)c2n(c(=O)n1CCCCN1CCCC(c3c[nH]c4ccccc34)C1)CCCC2,5.99
O=c1c(-c2ccc(F)cc2)c2n(c(=O)n1CCCCN1CCCC(c3c[nH]c4ccccc34)C1)CCCC2,5.78
O=c1c(-c2ccc(F)cc2)c2n(c(=O)n1CCCCN1CCCC(c3c[nH]c4ccc(F)cc34)C1)CCCC2,6.14
COc1ccc(-c2c3n(c(=O)n(CCCCN4CCCC(c5c[nH]c6ccc(OC)cc56)C4)c2=O)CCCC3)cc1,6.34
O=c1c(-c2ccccc2)c2n(c(=O)n1CCCCN1CCCC(c3c[nH]c4ccccc34)C1)CCCC2,5.94
Cn1cncc1-c1c[nH]c2ccc(C(N)=O)cc12,5.16
CCn1cncc1-c1c[nH]c2ccc(C(=O)OC)cc12,5.22
CCn1cncc1-c1c[nH]c2ccc(S(N)(=O)=O)cc12,5.14
COc1ccc(N2CCN(CCCCCCN3C(=O)c4cccc5cccc3c45)CC2)cc1,5.44
COc1ccccc1N1CCN(CCCCCCN2C(=O)c3cccc4cccc(c34)C2=O)CC1,6.17
O=C1c2cccc3cccc(c23)N1CCCCCCN1CCN(c2ccccc2[N+](=O)[O-])CC1,6.02
O=C1c2cccc3cccc(c23)C(=O)N1CCCCCCN1CCN(c2ccccc2[N+](=O)[O-])CC1,5.85
O=[N+]([O-])c1ccccc1N1CCN(CCCCCCN2c3cccc4cccc(c34)S2(=O)=O)CC1,6.31
CCOc1ccccc1N1CCN(CCCCCCN2c3cccc4cccc(c34)S2(=O)=O)CC1,6.32
CCOc1ccccc1N1CCN(CCCCCCN2C(=O)c3cccc4cccc(c34)C2=O)CC1,6.61
O=S1(=O)c2cccc3cccc(c23)N1CCCCCCN1CCN(c2ccccn2)CC1,6.74
O=C1c2cccc3cccc(c23)N1CCCCCCN1CCN(c2cccc3cccnc23)CC1,6.0
COc1cccc(N2CCN(CCCCCCN3C(=O)c4cccc5cccc(c45)C3=O)CC2)c1,6.46
O=C1c2cccc3cccc(c23)N1CCCCCCN1CCN(c2ccccn2)CC1,5.83
O=C1c2cccc3cccc(c23)C(=O)N1CCCCCCN1CCN(c2ccccn2)CC1,5.71
COc1ccccc1N1CCN(CCCCCCn2c(=O)n3c4c(cccc42)CCC3)CC1,5.49
COc1cccc(N2CCN(CCCCCCN3C(=O)c4cccc5cccc3c45)CC2)c1,5.77
O=C1c2cccc3cccc(c23)N1CCCCCCN1CCN(c2ncccn2)CC1,5.28
COc1ccc(N2CCN(CCCCCCN3C(=O)c4cccc5cccc(c45)C3=O)CC2)cc1,5.24
CCOc1ccccc1N1CCN(CCCCCCN2C(=O)c3cccc4cccc2c34)CC1,5.72
O=S1(=O)c2cccc3cccc(c23)N1CCCCCCN1CCN(c2ccc(Cl)cc2)CC1,6.36
O=S1(=O)c2cccc3cccc(c23)N1CCCCCCN1CCN(c2ccc(C(F)(F)F)cc2)CC1,6.03
O=S1(=O)c2cccc3cccc(c23)N1CCCCCCN1CCN(c2ccccc2Cl)CC1,6.29
O=C1c2cccc3cccc(c23)N1CCCCCCN1CCN(c2ccccc2Cl)CC1,5.77
O=S1(=O)c2cccc3cccc(c23)N1CCCCCCN1CCN(c2ccc(Cl)c(Cl)c2)CC1,6.65
O=C1c2cccc3cccc(c23)N1CCCCCCN1CCN(c2cccc(C(F)(F)F)c2)CC1,5.66
O=C1c2cccc3cccc(c23)N1CCCCCCN1CCN(c2ccc(Cl)cc2)CC1,6.16
O=C1c2cccc3cccc(c23)N1CCCCCCN1CCN(c2ccccc2F)CC1,5.76
O=C1c2cccc3cccc(c23)N1CCCCCCN1CCN(c2cccc(Cl)c2Cl)CC1,6.04
O=C1c2cccc3cccc(c23)N1CCCCCCN1CCN(c2ccccc2C(F)(F)F)CC1,5.95
O=C1c2cccc3cccc(c23)N1CCCCCCN1CCN(c2ccc(C(F)(F)F)cc2)CC1,5.69
O=S1(=O)c2cccc3cccc(c23)N1CCCCCCN1CCN(c2cccc(C(F)(F)F)c2)CC1,6.43
O=S1(=O)c2cccc3cccc(c23)N1CCCCCCN1CCN(c2ccccc2F)CC1,6.15
O=S1(=O)c2cccc3cccc(c23)N1CCCCCCN1CCN(c2cccc(Cl)c2Cl)CC1,6.62
O=C1c2cccc3cccc(c23)N1CCCCCCN1CCN(c2ccc(Cl)c(Cl)c2)CC1,5.73
O=S1(=O)c2cccc3cccc(c23)N1CCCCCCN1CCN(c2cccc(Cl)c2)CC1,6.21
O=C1c2cccc3cccc(c23)N1CCCCCCN1CCN(c2ccc(Br)cc2)CC1,5.5
FC(F)(F)c1cc(Oc2nccc3occc23)ccc1-c1cccc2nccn12,5.16
Cc1cc(Oc2nccc3occc23)ccc1-c1c(C)ncc2nccn12,5.09
Cc1ncc2nccn2c1-c1ccc(Oc2nccc3occc23)cc1C(F)(F)F,5.1
FC(F)(F)c1cc(Oc2nccc3ccsc23)ccc1-c1cccc2nccn12,5.14
Cn1cncc1-c1c[nH]c2ccc(Br)c(F)c12,6.1
Cn1cncc1-c1c[nH]c2ccc(F)c(F)c12,6.22
Cn1cncc1-c1c[nH]c2ccc(Cl)c(F)c12,6.26
CCn1cncc1-c1c[nH]c2ccc(F)c(F)c12,6.1
CCn1cncc1-c1c[nH]c2ccc(OC)c(F)c12,5.46
CCn1cncc1-c1c[nH]c2ccc(Br)c(F)c12,5.53
CCn1cncc1-c1c[nH]c2ccccc12,5.52
CCn1cncc1-c1c[nH]c2ccc(OC(F)(F)F)cc12,5.46
Cn1cncc1-c1c[nH]c2ccc(Br)cc12,6.61
COc1ccc2[nH]cc(-c3cncn3C)c2c1F,5.42
CCn1cncc1-c1c[nH]c2ccc(Cl)c(F)c12,5.79
CCn1cncc1-c1c[nH]c2ccc(I)c(F)c12,5.54
CCn1cncc1-c1c[nH]c2c(F)cc(I)cc12,5.61
CCn1cncc1-c1c[nH]c2ccc(Br)cc12,5.87
CCn1cncc1-c1c[nH]c2ccc(Cl)cc12,5.38
CCn1cncc1-c1c[nH]c2ccc(F)cc12,5.31
CCn1cncc1-c1c[nH]c2cc(F)ccc12,5.23
CCn1cncc1-c1c[nH]c2cccc(F)c12,5.19
CCn1cncc1-c1c[nH]c2ccc(OC)cc12,5.16
CCOc1ccc2[nH]cc(-c3cncn3CC)c2c1,5.15
Cn1cncc1-c1c[nH]c2ccc(I)cc12,6.39
CCn1cncc1-c1c[nH]c2ccc(C(F)(F)F)cc12,5.86
O=c1c(-c2ccc(F)cc2)c2ccccn2c(=O)n1CCCCN1CCCC(c2c[nH]c3ccccc23)C1,6.16
O=c1c(-c2ccccc2)c2ccccn2c(=O)n1CCCCN1CCCC(c2c[nH]c3ccccc23)C1,6.36
COc1ccc(-c2c(=O)n(CCCCN3CCCC(c4c[nH]c5ccccc45)C3)c(=O)n3ccccc23)cc1,5.77
Cc1c(C2=CCNCC2)c2ccccc2n1S(=O)(=O)c1ccc2cccnc2c1,7.75
COc1ccc2c(c1)c(C1=CCNCC1)cn2S(=O)(=O)c1cc2ccccc2cn1,8.22
O=S(=O)(c1cnc2ccccc2c1)n1cc(C2=CCNCC2)c2ccccc21,7.89
O=S(=O)(c1cncc2ccccc12)n1cc(C2=CCNCC2)c2cc(Cl)ccc21,7.75
COc1ccc2c(c1)c(C1=CCNCC1)cn2S(=O)(=O)c1cnc2ccccc2c1,8.1
O=S(=O)(c1ccc2cccnc2c1)n1cc(C2=CCNCC2)c2ccc(Cl)cc21,7.66
COc1ccc2c(c1)c(C1=CCNCC1)cn2S(=O)(=O)c1cccc2ncccc12,8.4
O=S(=O)(c1cnc2ccccc2c1)n1cc(C2=CCNCC2)c2ccc(Cl)cc21,7.43
O=S(=O)(c1cncc2ccccc12)n1cc(C2=CCNCC2)c2ccccc21,8.3
O=S(=O)(c1cc2ccccc2cn1)n1cc(C2=CCNCC2)c2ccccc21,7.92
COc1ccc2c(c1)c(C1CCNCC1)cn2S(=O)(=O)c1cncc2ccccc12,7.62
O=S(=O)(c1cc2ccccc2cn1)n1cc(C2=CCNCC2)c2ccc(Cl)cc21,6.99
Cc1c(C2=CCNCC2)c2ccccc2n1S(=O)(=O)c1cc2ccccc2cn1,7.7
COc1ccc2c(c1)c(C1=CCN(C)CC1)cn2S(=O)(=O)c1ccc2cccnc2c1,7.09
COc1ccc2c(c1)c(C1=CCNCC1)cn2S(=O)(=O)c1ccc2cccnc2c1,8.7
O=S(=O)(c1ccc2cccnc2c1)n1cc(C2=CCNCC2)c2cc(Cl)ccc21,8.05
COc1ccc2c(c1)c(C1=CCNCC1)cn2S(=O)(=O)c1cncc2ccccc12,8.52
O=S(=O)(c1ccc2ncccc2c1)n1cc(C2=CCNCC2)c2ccccc21,7.7
O=S(=O)(c1ccc2cccnc2c1)n1cc(C2=CCNCC2)c2ccccc21,8.15
O=S(=O)(c1cccc2ncccc12)n1cc(C2=CCNCC2)c2cc(Cl)ccc21,7.96
COc1ccc2c(c1)c(C1=CCNCC1)cn2S(=O)(=O)c1ccc2ncccc2c1,7.85
O=S(=O)(c1cnc2ccccc2c1)n1cc(C2=CCNCC2)c2cc(Cl)ccc21,7.96
O=S(=O)(c1ccc2ncccc2c1)n1cc(C2=CCNCC2)c2ccc(Cl)cc21,6.95
CN1CCC(c2ccc3c(c2)N(S(=O)(=O)c2ccccc2)CC3)CC1,7.6
CCN1CCC(c2ccc3c(c2)N(S(=O)(=O)c2ccccc2)CC3)CC1,7.64
CCCN1CCN(c2cccc3c2CCN3S(=O)(=O)c2ccccc2)CC1,7.13
O=S(=O)(c1ccccc1)N1CCc2ccc(N3CCNCC3)cc21,7.92
CN1CCC(c2cccc3c2CCN3S(=O)(=O)c2ccccc2)CC1,7.35
CCN1CCN(c2ccc3c(c2)N(S(=O)(=O)c2ccccc2)CC3)CC1,7.22
O=S(=O)(c1ccccc1)N1CCc2c(C3CCNCC3)cccc21,7.89
CCCN1CCC(c2cccc3c2CN(S(=O)(=O)c2ccccc2)C3)CC1,7.68
O=S(=O)(c1ccccc1)N1Cc2cccc(C3CCNCC3)c2C1,9.37
O=S(=O)(c1ccccc1)N1CCc2cc(N3CCNCC3)ccc21,7.7
CCCN1CCC(c2cccc3c2CCN3S(=O)(=O)c2ccccc2)CC1,5.99
O=S(=O)(c1ccccc1)N1Cc2cccc(C3CCN(C4CCC4)CC3)c2C1,7.38
CCCN1CCN(c2cccc3c2CN(S(=O)(=O)c2ccccc2)C3)CC1,8.34
CN1CCC(c2cccc3c2CN(S(=O)(=O)c2ccccc2)C3)CC1,8.05
CN1CCN(c2ccc3c(c2)CCN3S(=O)(=O)c2ccccc2)CC1,6.36
O=S(=O)(c1ccccc1)N1Cc2cccc(N3CCN(C4CCC4)CC3)c2C1,8.32
O=S(=O)(c1ccccc1)N1CCc2ccc(C3CCN(C4CCC4)CC3)cc21,6.28
O=S(=O)(c1ccccc1)N1CCc2c(N3CCN(C4CCC4)CC3)cccc21,6.58
O=S(=O)(c1ccccc1)N1Cc2ccc(N3CCNCC3)cc2C1,6.54
O=S(=O)(c1ccccc1)N1Cc2ccc(C3CCNCC3)cc2C1,6.59
CN1CCC(c2ccc3c(c2)CCN3S(=O)(=O)c2ccccc2)CC1,6.89
CCN1CCN(c2ccc3c(c2)CCN3S(=O)(=O)c2ccccc2)CC1,6.89
O=S(=O)(c1ccccc1)N1CCc2c(N3CCNCC3)cccc21,6.93
CCCN1CCN(c2ccc3c(c2)N(S(=O)(=O)c2ccccc2)CC3)CC1,6.9
O=S(=O)(c1ccccc1)N1CCc2ccc(C3CCNCC3)cc21,8.57
CN1CCN(c2cccc3c2CN(S(=O)(=O)c2ccccc2)C3)CC1,8.59
O=S(=O)(c1ccccc1)N1CCc2ccc(N3CCN(C4CCC4)CC3)cc21,6.73
O=S(=O)(c1ccccc1)N1Cc2cccc(N3CCNCC3)c2C1,8.72
O=S(=O)(c1ccccc1)N1CCc2cc(C3CCNCC3)ccc21,6.76
CCN1CCC(c2cccc3c2CCN3S(=O)(=O)c2ccccc2)CC1,6.77
O=S(=O)(Cl)c1c(Cl)nc2n1CCS2,8.08
O=S(=O)(Nc1ccc2[nH]ccc2c1)c1c(Cl)nc2n1CCS2,7.77
CC(=O)N1CCc2ccc(NS(=O)(=O)c3c(Cl)nc4n3CCS4)cc21,8.27
O=S(=O)(Nc1ccc2sc(N3CCNCC3)nc2c1)c1cccc2ccccc12,6.3
COc1cc2c3c(c1OCC1CC1)-c1cc(NC(C)=O)ccc1CC3N(C)CC2,5.82
C=CCOc1c(OC)cc2c3c1-c1cc(NS(C)(=O)=O)ccc1CC3N(C)CC2,6.23
C=CCOc1c(OC)cc2c3c1-c1cc(N(C)C)ccc1CC3N(C)CC2,6.99
CCCC(=O)Nc1ccc2c(c1)-c1c(OCC3CC3)c(OC)cc3c1C(C2)N(C)CC3,6.49
C#CCOc1c(OC)cc2c3c1-c1cc(NC(=O)CCC)ccc1CC3N(C)CC2,6.45
C=CCOc1c(OC)cc2c3c1-c1cc(NC(=O)CCC)ccc1CC3N(C)CC2,6.7
CCCC(=O)Nc1ccc2c(c1)-c1c(OC)c(OC)cc3c1C(C2)N(C)CC3,6.45
COc1cc2c3c(c1OC)-c1cc(NC(N)=O)ccc1CC3N(C)CC2,6.38
COc1cc2c3c(c1OCC1CC1)-c1cc(N(C)C)ccc1CC3N(C)CC2,6.48
COc1cc2c3c(c1OCC1CC1)-c1cc(NC(N)=O)ccc1CC3N(C)CC2,6.28
C#CCOc1c(OC)cc2c3c1-c1cc(NC(N)=O)ccc1CC3N(C)CC2,6.39
COc1cc2c3c(c1OCC1CC1)-c1cc(NS(C)(=O)=O)ccc1CC3N(C)CC2,6.3
CN(C)c1ccc2c(c1)-c1cccc3c1C(C2)N(C)CC3,5.8
COc1cc2c3c(c1OC)-c1cc(NS(C)(=O)=O)ccc1CC3N(C)CC2,7.07
COc1cc2c3c(c1OCC1CC1)-c1cc(N)ccc1CC3N(C)CC2,6.88
C#CCOc1c(OC)cc2c3c1-c1cc(NS(C)(=O)=O)ccc1CC3N(C)CC2,6.66
O=C1C2C3CCC(C3)C2C(=O)N1CCCCCCN1CCN(c2ccc(Cl)cc2)CC1,5.52
Cc1ccc(S(=O)(=O)N(CCCCCCN2CCN(c3nsc4ccccc34)CC2)c2ccccc2)cc1,6.11
O=c1n(CCCCCCN2CCN(c3nsc4ccccc34)CC2)c2cccc3c2n1CCC3,6.42
O=C1C2C3CCC(C3)C2C(=O)N1CCCCCCN1CCN(c2nsc3ccccc23)CC1,6.31
O=C(NCCCCCCN1CCN(c2nsc3ccccc23)CC1)c1ccccc1,6.66
O=c1n(CCCCCCN2CCN(c3nsc4ccccc34)CC2)nc2ccccn12,6.6
O=S(=O)(NCCCCCCN1CCN(c2nsc3ccccc23)CC1)c1ccc2ccccc2c1,7.24
O=C1c2ccccc2C(=O)N1CCCCCCN1CCN(c2nsc3ccccc23)CC1,6.8
O=C1C2C3CCC(C3)C2C(=O)N1CCCCCCN1CCN(c2cccc(Cl)c2)CC1,5.94
O=C1c2cccc3cccc(c23)N1CCCCCCN1CCN(c2nsc3ccccc23)CC1,6.25
O=C1C2C3CCC(C3)C2C(=O)N1CCCCCCN1CCN(c2ccccc2Cl)CC1,5.79
O=C1c2cccc3cccc(c23)C(=O)N1CCCCCCN1CCN(c2nsc3ccccc23)CC1,6.96
O=S(=O)(c1ccccc1)N(CCCCCCN1CCN(c2nsc3ccccc23)CC1)c1cccc(C(F)(F)F)c1,5.96
O=S(=O)(NCCCCCCN1CCN(c2nsc3ccccc23)CC1)c1ccccc1,6.5
O=C1C2C3CCC(C3)C2C(=O)N1CCCCCCN1CCN(c2cccc(C(F)(F)F)c2)CC1,5.66
O=S1(=O)c2cccc3cccc(c23)N1CCCCCCN1CCN(c2nsc3ccccc23)CC1,6.8
O=C1C2C3CCC(C3)C2C(=O)N1CCCCCCN1CCN(c2cccc(Cl)c2Cl)CC1,6.27
c1ccc2oc(SCCCCCCN3CCN(c4nsc5ccccc45)CC3)nc2c1,6.52
O=C1CCc2cc(OCCCCCCN3CCN(c4nsc5ccccc45)CC3)ccc2N1,6.09
O=c1[nH]c2ccccc2n1CCCCCCN1CCN(c2nsc3ccccc23)CC1,6.72
O=c1oc2ccccc2n1CCCCCCN1CCN(c2nsc3ccccc23)CC1,6.72
O=S(=O)(NCCCCCCN1CCN(c2nsc3ccccc23)CC1)c1cccc2ccccc12,7.28
COc1ccccc1N1CCN(CCCCCCN2C(=O)C3C4CCC(C4)C3C2=O)CC1,5.31
CN1CCN(CCCN2C(=O)c3ccccc3C=Cc3ccccc32)CC1,4.68
CN(C)CCCN1C(=O)c2ccccc2C=Cc2ccccc21,4.63
CN(C)CCN1C(=O)c2ccccc2N(C)C(=O)c2ccccc21,4.39
Cc1cccc(S(=O)(=O)NC2CCN(CCCc3noc4ccccc34)C2)c1,7.72
O=S(=O)(NC1CCN(CCCc2noc3ccccc23)C1)c1ccc2ccccc2c1,8.41
Cn1ccc2c(S(=O)(=O)NC3CCN(CCCc4noc5ccccc45)C3)cccc21,8.33
O=S(=O)(NC1CCN(CCCc2noc3ccccc23)C1)c1cccc2ccccc12,8.75
O=S(=O)(NC1CCN(CCCc2noc3ccccc23)C1)c1ccc2cc(Cl)ccc2c1,8.05
O=S(=O)(NC1CCN(CCCc2noc3ccccc23)C1)c1ccc(F)c(Cl)c1,8.33
Cc1c(S(=O)(=O)NC2CCN(CCCc3noc4ccccc34)C2)sc2ccc(Cl)cc12,7.93
O=S(=O)(NC1CCN(CCCc2noc3ccccc23)C1)c1cc2ccccc2s1,8.49
O=S(=O)(NC1CCN(CCCc2noc3ccccc23)C1)c1cc2ccc(F)cc2s1,8.05
Cc1ccc2sc(S(=O)(=O)NC3CCN(CCCc4noc5ccccc45)C3)cc2c1,7.82
O=S(=O)(NC1CCN(CCCc2noc3ccccc23)C1)c1cc2ccc(Cl)cc2s1,8.04
Cn1ccc2cc(S(=O)(=O)NC3CCN(CCCc4noc5ccccc45)C3)ccc21,8.24
Cc1c(S(=O)(=O)NC2CCN(CCCc3noc4ccccc34)C2)sc2ccc(F)cc12,8.38
O=S(=O)(NC1CCN(CCCc2noc3ccccc23)C1)c1csc2ccccc12,8.93
O=S(=O)(NC1CCN(CCCc2noc3ccccc23)C1)c1cccc(Cl)c1,8.05
CN1CCc2ccc(OCCCN3CCC(c4noc5cc(F)ccc45)CC3)cc2C1=O,8.02
Cn1ccc2ccc(OCCCN3CCC(c4noc5cc(F)ccc45)CC3)cc2c1=O,6.78
CC(NCc1ccc(OCCCCN2CCN(c3cccc4c3ccn4Cc3cccc(Cl)c3)CC2)cc1)C(N)=O,6.79
C#CCNC1CCc2c(OCCCCCN3CCN(c4cccc5c4ccn5S(=O)(=O)c4ccccc4)CC3)cccc21,7.29
C#CCNC1CCc2c(OCCCCN3CCN(c4cccc5c4ccn5S(=O)(=O)c4ccccc4)CC3)cccc21,7.3
C#CCNC1CCc2c(OCCCN3CCN(c4cccc5c4ccn5Cc4cccc(Cl)c4)CC3)cccc21,7.11
C#CCNC1CCc2c(OCCCCN3CCN(c4cccc5c4ccn5Cc4cccc(Cl)c4)CC3)cccc21,6.95
C#CCN(C)Cc1ccc(OCCCCN2CCN(c3cccc4c3ccn4Cc3cccc(Cl)c3)CC2)cc1,6.71
CC(NCc1ccc(OCCCN2CCN(c3cccc4c3ccn4Cc3cccc(Cl)c3)CC2)cc1)C(N)=O,6.8
C#CCNC1CCc2c(OCCCCCN3CCN(c4cccc5c4ccn5Cc4cccc(Cl)c4)CC3)cccc21,6.65
Clc1cccc(Cn2ccc3c(N4CCNCC4)cccc32)c1,8.15
C#CCN(C)Cc1ccc(OCCCCN2CCN(c3cccc4c3ccn4S(=O)(=O)c3ccccc3)CC2)cc1,7.27
C#CCN(C)Cc1ccc(OCCCCCN2CCN(c3cccc4c3ccn4Cc3cccc(Cl)c3)CC2)cc1,6.85
C#CCNC1CCc2ccccc21,8.85
C#CCNC1CCc2c(OCCN3CCN(c4cccc5c4ccn5Cc4cccc(Cl)c4)CC3)cccc21,7.0
C#CCN(C)Cc1ccc(OCCCCCCN2CCN(c3cccc4c3ccn4Cc3cccc(Cl)c3)CC2)cc1,6.86
CC(NCc1ccc(OCCCCN2CCN(c3cccc4c3ccn4S(=O)(=O)c3ccccc3)CC2)cc1)C(N)=O,7.17
CC(NCc1ccc(OCCCCCCN2CCN(c3cccc4c3ccn4Cc3cccc(Cl)c3)CC2)cc1)C(N)=O,6.47
CC(NCc1ccc(OCCCCCN2CCN(c3cccc4c3ccn4S(=O)(=O)c3ccccc3)CC2)cc1)C(N)=O,7.19
C#CCNC1CCc2c(OCCCCCCN3CCN(c4cccc5c4ccn5Cc4cccc(Cl)c4)CC3)cccc21,6.59
COc1cc(N)c(Cl)cc1C(=O)CCC1CCN(CCNS(=O)(=O)c2ccc(NC(C)=O)cc2)CC1,6.08
COc1cc(N)c(Cl)cc1C(=O)CCC1CCN(CCNS(=O)(=O)c2cc(Br)c(N)c(Br)c2)CC1,6.85
CC(=O)Nc1ccc(OCCCN2CCC(c3noc4cc(F)ccc34)CC2)cc1,7.89
CC(=O)Nc1ccc(OCCCCN2CCC(c3noc4cc(F)ccc34)CC2)cc1,6.12
Oc1cccc(CNCCc2c[nH]c3cc(F)ccc23)c1,8.37
O=S(=O)(c1ccccc1)n1ccc2ccccc21,6.8
CN(C)c1cccc2c1ccn2S(=O)(=O)C1CCCCC1,5.31
O=S(=O)(c1ccccc1)n1ccc2cc(N3CCN(CC(F)(F)F)CC3)ccc21,5.28
O=S(=O)(c1ccccc1)n1ccc2cc(N3CCCCC3)ccc21,6.44
O=S(=O)(c1ccccc1)n1cc(-c2ccccc2)c2ccccc21,6.84
O=S(=O)(c1ccccc1)n1ccc2ccc(-c3ccncc3)cc21,7.42
c1ccc(Cn2ccc3ccc(-c4ccncc4)cc32)cc1,5.49
CN1CCN(c2cccc3c2ccn3S(=O)(=O)c2ccccc2)CC1,9.0
O=S(=O)(c1ccccc1)n1ccc2c(N3CCCCC3)cccc21,6.89
O=S(=O)(c1ccccc1)n1ccc2c(O)cccc21,6.97
COc1cccc2c1ccn2S(=O)(=O)c1ccccc1,6.58
CN(C)c1ccc2ccn(S(=O)(=O)c3ccccc3)c2c1,6.68
CN(C)c1cccc2c1ccn2Cc1ccccc1,5.59
COc1ccc2c(ccn2S(=O)(=O)c2ccccc2)c1,6.9
O=S(=O)(C1CCCCC1)n1ccc2ccc(-c3ccncc3)cc21,5.66
O=S(=O)(c1ccccc1)n1cc(N2CCN(CC(F)(F)F)CC2)c2ccccc21,5.69
O=S(=O)(c1ccccc1)n1ccc2c(-c3ccccc3)cccc21,6.79
CC(=O)N1CCN(c2ccc3c(ccn3S(=O)(=O)c3ccccc3)c2)CC1,5.31
O=S(=O)(c1ccccc1)n1cc(-c2ccncc2)c2ccccc21,6.91
O=S(=O)(c1ccccc1)n1ccc2ccc(-c3ccccc3)cc21,6.75
CN1CCN(c2ccc3c(ccn3S(=O)(=O)c3ccccc3)c2)CC1,7.57
O=S(=O)(c1ccccc1)n1ccc2c(N3CCN(CC(F)(F)F)CC3)cccc21,5.76
O=S(=O)(c1ccccc1)n1ccc2c(-c3ccncc3)cccc21,5.82
O=S(=O)(c1ccccc1)n1cc(N2CCCCC2)c2ccccc21,6.66
CN(C)c1ccc2c(ccn2S(=O)(=O)c2ccccc2)c1,7.09
CN(C)c1cn(S(=O)(=O)c2ccccc2)c2ccccc12,6.32
CCCCS(=O)(=O)n1ccc2ccc(-c3ccncc3)cc21,5.94
CC(=O)N1CCN(c2cn(S(=O)(=O)c3ccccc3)c3ccccc23)CC1,7.01
CN(C)c1cccc2c1ccn2S(=O)(=O)c1ccccc1,7.19
CC(=O)N1CCN(c2cccc3c2ccn3S(=O)(=O)c2ccccc2)CC1,6.15
O=S(=O)(c1ccccc1)n1ccc2ccc(N3CCCCC3)cc21,6.39
CC(=O)N1CCN(c2ccc3ccn(S(=O)(=O)c4ccccc4)c3c2)CC1,7.01
O=S(=O)(c1ccccc1)n1ccc2ccc(N3CCN(CC(F)(F)F)CC3)cc21,5.92
O=S(=O)(c1ccccc1)n1ccc2cc(-c3ccccc3)ccc21,6.25
O=S(=O)(c1ccccc1)n1c(-c2ccccc2)nc2c(N3CCNCC3)nccc21,6.92
COc1cccc(S(=O)(=O)n2c(-c3ccccc3)nc3c(N4CCNCC4)nccc32)c1,7.39
O=S(=O)(c1cccc(Cl)c1)n1cnc2c(N3CCNCC3)nccc21,8.7
COc1cccc(S(=O)(=O)n2cnc3c(N4CCNCC4)nccc32)c1,8.0
CC(C)c1nc2c(N3CCNCC3)nccc2n1S(=O)(=O)c1cccc(F)c1,9.0
O=S(=O)(c1ccccc1)n1cnc2c(N3CCNCC3)nccc21,8.52
O=S(=O)(c1cccc(F)c1)n1cnc2c(N3CCNCC3)nccc21,8.52
CC(C)c1nc2c(N3CCNCC3)nccc2n1S(=O)(=O)c1cccc(Cl)c1,8.52
O=S(=O)(c1cccc(Cl)c1)n1c(-c2ccccc2)nc2c(N3CCNCC3)nccc21,7.77
CCc1nc2c(N3CCNCC3)nccc2n1S(=O)(=O)c1cccc(Cl)c1,9.0
CN1CCCCC1CCN1c2ccc(Br)cc2Sc2cc(Br)ccc21,6.12
CN1CCCCC1CCN1c2ccc(Br)cc2[Se]c2cc(Br)ccc21,6.65
CN1CCCCC1CCN1c2c(Cl)cc(Cl)cc2Sc2cc(Cl)cc(Cl)c21,6.41
CSc1ccc2c(c1)N(CCC1CCCCN1C)c1ccccc1S2,7.15
CCCCC(Oc1cc(Cl)cc(Cl)c1)c1nc(N)nc(N2CCN(C)CC2)n1,7.29
CC(Oc1cccc(Cl)c1Cl)c1nc(N)nc(N2CCN(C)CC2)n1,7.8
CCC(Oc1cccc(Cl)c1Cl)c1nc(N)nc(N2CCN(C)CC2)n1,8.22
CCCC(Oc1cc(Cl)ccc1Cl)c1nc(N)nc(N2CCN(C)CC2)n1,7.92
CCC(Oc1cc(Cl)ccc1Cl)c1nc(N)nc(N2CCN(C)CC2)n1,8.22
CN1CCN(c2nc(N)nc(CCCOc3cccc(Cl)c3Cl)n2)CC1,6.56
CN1CCN(c2nc(N)nc(CCCOc3cc(Cl)ccc3Cl)n2)CC1,6.33
CCCCC(Oc1cc(Cl)ccc1Cl)c1nc(N)nc(N2CCN(C)CC2)n1,7.77
CC(Oc1ccc(Cl)c(Cl)c1)c1nc(N)nc(N2CCN(C)CC2)n1,7.02
CN1CCN(c2nc(N)nc(CCCOc3ccc(Cl)cc3Cl)n2)CC1,6.0
CN1CCN(c2nc(N)nc(CCCOc3ccc(Cl)c(Cl)c3)n2)CC1,5.97
CCC(Oc1ccccc1)c1nc(N)nc(N2CCN(C)CC2)n1,7.68
CCC(Oc1ccc(Cl)c(Cl)c1)c1nc(N)nc(N2CCN(C)CC2)n1,7.07
CC(Oc1cc(Cl)ccc1Cl)c1nc(N)nc(N2CCN(C)CC2)n1,7.89
CCC(Oc1cc(Cl)cc(Cl)c1)c1nc(N)nc(N2CCN(C)CC2)n1,7.96
CCCCC(Oc1cccc(Cl)c1Cl)c1nc(N)nc(N2CCN(C)CC2)n1,7.14
CCCC(Oc1cc(Cl)cc(Cl)c1)c1nc(N)nc(N2CCN(C)CC2)n1,7.58
CC(Oc1cc(Cl)cc(Cl)c1)c1nc(N)nc(N2CCN(C)CC2)n1,7.57
CCCC(Oc1cccc(Cl)c1Cl)c1nc(N)nc(N2CCN(C)CC2)n1,7.64
Cc1cc(=O)oc2c(Cl)c(OCCCCN3CCC(c4noc5cc(F)ccc45)CC3)ccc12,6.64
CN1CCN(Cc2ccc(OCCCN3CCC(c4noc5cc(F)ccc45)CC3)cc2)CC1,7.03
Fc1ccc2c(C3CCN(CCCOc4ccc(CCN5CCCCC5)cc4)CC3)noc2c1,6.83
Fc1ccc2c(C3CCN(CCCOc4ccc(CCN5CCOCC5)cc4)CC3)noc2c1,6.85
CN1CCN(Cc2ccc(OCCCCN3CCC(c4noc5cc(F)ccc45)CC3)cc2)CC1,6.91
O=C1c2ccccc2S(=O)(=O)N1CCCCN1CCN(c2ncccn2)CC1,4.78
COc1ccccc1N1CCN(Cc2ccc(CN3C(=O)c4ccccc4S3(=O)=O)cc2)CC1,5.0
COc1ccccc1N1CCN(CCCCCN2C(=O)c3ccccc3S2(=O)=O)CC1,5.7
O=C1c2ccccc2S(=O)(=O)N1CCCCCCN1CCN(c2ccc(Cl)cc2)CC1,7.14
O=C1c2ccccc2S(=O)(=O)N1CCCCCN1CCN(c2cccc(Cl)c2Cl)CC1,6.71
O=C1c2ccccc2S(=O)(=O)N1CCCCN1CCN(c2cccc(Cl)c2Cl)CC1,5.58
O=C1c2ccccc2S(=O)(=O)N1CCCCCN1CCN(c2ccccn2)CC1,5.58
O=C1c2ccccc2S(=O)(=O)N1CCCCCN1CCN(c2ncccn2)CC1,5.15
O=C1c2ccccc2S(=O)(=O)N1CCCCCN1CCN(c2ccc(Cl)cc2)CC1,6.15
O=C1c2ccccc2S(=O)(=O)N1CCCCCN1CCN(c2cccc3ccccc23)CC1,7.0
O=C1c2ccccc2S(=O)(=O)N1CCCCCN1CCN(c2ccccc2)CC1,5.74
O=C1c2ccccc2S(=O)(=O)N1CCCCCN1CCN(c2cccc(C(F)(F)F)c2)CC1,5.87
COc1ccc(-c2n[nH]cc2N2CCNCC2)cc1,6.55
Cc1ccc(-c2n[nH]cc2N2CCNCC2)cc1,6.18
Clc1ccc(-c2n[nH]cc2N2CCNCC2)cc1,7.12
Clc1ccc(-c2n[nH]cc2N2CCCNCC2)cc1,5.96
Fc1cccc(-c2n[nH]cc2N2CCNCC2)c1,6.79
Clc1cccc(-c2n[nH]cc2N2CCNCC2)c1,6.96
Fc1ccc(-c2n[nH]cc2N2CCNCC2)cc1,6.43
Fc1ccc(-c2n[nH]cc2N2CCCNCC2)cc1,5.64
COc1cccc(-c2n[nH]cc2N2CCNCC2)c1,6.57
Cc1ccc(-c2n[nH]cc2N2CCCNCC2)cc1,5.88
Cc1cccc(-c2n[nH]cc2N2CCCNCC2)c1,6.2
Fc1cccc(-c2n[nH]cc2N2CCCNCC2)c1,6.08
Fc1ccccc1-c1n[nH]cc1N1CCNCC1,6.15
c1ccc(-c2n[nH]cc2N2CCCNCC2)cc1,5.46
Clc1cccc(-c2n[nH]cc2N2CCCNCC2)c1,6.28
O=S(=O)(c1ccccc1)n1ccc2c(OCCNCC3CCCC3)cccc21,8.07
O=S(=O)(c1ccccc1)n1ccc2c(N3CCN(Cc4ccccc4)CC3)cccc21,7.22
CC(C)(C)OC(=O)N1CCC(CNCCOc2cccc3c2ccn3S(=O)(=O)c2ccccc2)CC1,8.15
CC(=O)Nc1ccc(CNCCOc2cccc3c2ccn3S(=O)(=O)c2ccccc2)cc1,9.52
CC(C)(C)OC(=O)N1CCCC(CNCCOc2cccc3c2ccn3S(=O)(=O)c2cccc3ccccc23)C1,8.22
O=S(=O)(c1ccccc1)n1ccc2c(OCCNCc3cccc(Cl)c3)cccc21,8.3
CCOc1cccc(CNCCOc2cccc3c2ccn3S(=O)(=O)c2ccccc2)c1,8.52
O=S(=O)(c1ccccc1)n1ccc2c(OCCNCc3cccc(C(F)(F)F)c3)cccc21,8.4
CN(C)c1cccc(CNCCOc2cccc3c2ccn3S(=O)(=O)c2ccccc2)c1,8.22
c1ccc(CNCCOc2cccc3c2ccn3Cc2ccccc2)cc1,6.63
COc1ccc(CNCCOc2cccc3c2ccn3S(=O)(=O)c2ccccc2)cc1OC,9.3
O=S(=O)(c1ccccc1)n1ccc2c(OCCNCc3ccc(F)cc3)cccc21,8.22
CC(=O)Oc1ccc(CNCCOc2cccc3c2ccn3S(=O)(=O)c2ccccc2)cc1,7.96
c1ccc(CNCCOc2cccc3c2CCN3Cc2ccccc2)cc1,6.41
CC(=O)Oc1ccc(CNCCOc2cccc3c2CCN3S(=O)(=O)c2ccccc2)cc1,7.16
Cc1cccc(CNCCOc2cccc3c2CCN3Cc2ccccc2)c1,5.83
O=S(=O)(c1ccccc1)n1ccc2c(OCCNCc3ccccc3Cl)cccc21,7.52
O=S(=O)(c1ccccc1)n1ccc2c(OCCNCc3cc(Cl)cc(Cl)c3)cccc21,7.96
CN(C)c1ccc(CNCCOc2cccc3c2ccn3S(=O)(=O)c2ccccc2)cc1,8.46
O=S(=O)(c1ccccc1)n1ccc2c(OCCNCc3ccccn3)cccc21,9.4
COc1cccc(CNCCOc2cccc3c2ccn3S(=O)(=O)c2ccccc2)c1,8.44
O=[N+]([O-])c1ccc(CNCCOc2cccc3c2ccn3S(=O)(=O)c2ccccc2)cc1,7.66
Cc1cccc(CNCCOc2cccc3c2[nH]c(=O)n3Cc2ccccc2)c1,6.68
COc1ccc(CNCCOc2cccc3c2ccn3S(=O)(=O)c2ccccc2)cc1,8.85
O=c1[nH]c2c(OCCNCc3ccccc3)cccc2n1Cc1ccccc1,6.84
CCOc1ccc(CNCCOc2cccc3c2ccn3S(=O)(=O)c2ccccc2)cc1,7.89
O=S(=O)(c1cccc2ccccc12)n1ccc2c(OCCNCc3ccccc3)cccc21,8.05
COC(=O)c1ccc(CNCCOc2cccc3c2ccn3S(=O)(=O)c2ccccc2)cc1,7.89
CC(C)(C)OC(=O)N1CCCC(CNCCOc2cccc3c2CCN3S(=O)(=O)c2ccccc2)C1,7.16
O=S(=O)(c1ccccc1)n1ccc2c(OCCNCc3ccc4c(c3)OCCO4)cccc21,9.3
O=S(=O)(c1ccccc1)n1ccc2c(OCCNCc3ccc(Cl)cc3)cccc21,7.8
CN(CCOc1cccc2c1ccn2S(=O)(=O)c1ccccc1)Cc1ccccc1,7.57
CC(=O)Oc1ccc(CNCCOc2cccc3c2ccn3S(=O)(=O)c2cccc3ccccc23)cc1,7.62
Cc1ccc(CNCCOc2cccc3c2ccn3S(=O)(=O)c2ccccc2)o1,8.52
O=S(=O)(c1ccccc1)n1ccc2c(OCCNCC3CCCCC3)cccc21,8.32
Cc1cccc(CNCCOc2cccc3c2ccn3S(=O)(=O)c2ccccc2)c1,7.82
Cc1cccc(CNCCOc2cccc3c2ccn3Cc2ccccc2)c1,6.53
CNCCOc1cccc2c1ccn2S(=O)(=O)c1ccccc1,8.8
O=S(=O)(c1ccccc1)N1CCc2c(OCCNCc3ccccc3)cccc21,8.52
Cc1cccc(CNCCOc2cccc3c2CC(=O)N3Cc2ccccc2)c1,7.28
Cc1cccc(CNCCOc2cccc3c2CCN3S(=O)(=O)c2ccccc2)c1,7.92
CC(C)(C)OC(=O)N1CCCC(CNCCOc2cccc3c2ccn3S(=O)(=O)c2ccccc2)C1,7.58
CC(C)(C)OC(=O)N1CCCC(CNCCOc2cccc3c2ccn3Cc2ccccc2)C1,6.43
O=S(=O)(c1ccccc1)n1ccc2c(OCCNCC3CCCNC3)cccc21,7.12
O=S(=O)(c1ccccc1)n1ccc2c(OCCNCc3ccccc3)cccc21,8.59
CC(C)(C)OC(=O)N1CCCC(CNCCOc2cccc3c2CCN3Cc2ccccc2)C1,5.97
O=S(=O)(c1ccccc1)n1ccc2c(OCCNCc3ccncc3)cccc21,8.52
Cc1cccc(CNCCOc2cccc3c2ccn3S(=O)(=O)c2cccc3ccccc23)c1,7.92
O=S(=O)(c1ccccc1)n1ccc2c(OCCNCC3CC3)cccc21,8.57
CCN(C)C(=O)Oc1cccc(CNCCNCCOc2cccc3c2ccn3S(=O)(=O)c2ccccc2)c1,7.82
O=S(=O)(c1ccccc1)n1ccc2c(OCCNCCCNCc3ccccc3)cccc21,8.1
O=S(=O)(c1ccccc1)n1ccc2c(OCCNCCCNc3c4c(nc5ccccc35)CCCC4)cccc21,8.0
O=[N+]([O-])c1ccc(CNCCNCCOc2cccc3c2ccn3S(=O)(=O)c2ccccc2)cc1,8.7
O=S(=O)(c1ccccc1)n1ccc2c(OCCNCCNc3c4c(nc5ccccc35)CCCC4)cccc21,7.89
COc1ccc(CNCCNCCOc2cccc3c2ccn3S(=O)(=O)c2ccccc2)cc1,8.46
O=S(=O)(c1ccccc1)n1ccc2c(OCCNCCCCNc3c4c(nc5ccccc35)CCCC4)cccc21,8.46
O=S(=O)(c1ccccc1)n1ccc2c(OCCNCCNCc3ccc(Cl)cc3)cccc21,9.0
O=S(=O)(c1ccccc1)n1ccc2c(OCCNCCNCc3cccc(C(F)(F)F)c3)cccc21,8.77
O=S(=O)(c1ccccc1)n1ccc2c(OCCNCCCCNCc3ccccc3)cccc21,8.1
O=S(=O)(c1ccccc1)n1ccc2c(OCCNCCNCc3ccccc3Cl)cccc21,8.52
O=S(=O)(c1ccccc1)n1ccc2c(OCCNCCCCCNCc3ccccc3)cccc21,7.92
O=S(=O)(c1ccccc1)n1ccc2c(OCCNCCNCc3cccc(Cl)c3)cccc21,8.7
O=S(=O)(c1ccccc1)n1ccc2c(OCCNCCCCCNc3c4c(nc5ccccc35)CCCC4)cccc21,8.15
O=S(=O)(c1ccccc1)n1ccc2c(OCCNCCCCCCNc3c4c(nc5ccccc35)CCCC4)cccc21,8.07
O=S(=O)(c1ccccc1)n1ccc2c(OCCNCCNCc3cc(Cl)cc(Cl)c3)cccc21,7.96
O=S(=O)(c1ccccc1)n1ccc2c(OCCNCCNCc3ccc(F)cc3)cccc21,10.0
O=S(=O)(c1ccccc1)n1ccc2c(OCCNCCNCc3ccccc3)cccc21,8.52
O=S(=O)(c1ccccc1)n1ccc2c(N3CCNCC3)nc3ccccc3c21,7.96
O=S(=O)(c1ccccc1Br)n1ccc2c(N3CCNCC3)nc3ccccc3c21,7.89
O=S(=O)(c1cccc2ccccc12)n1ccc2c(N3CCNCC3)nc3ccccc3c21,7.85
CN1CCN(c2nc3ccccc3c3c2ccn3S(=O)(=O)c2cccc(Cl)c2)CC1,8.7
O=S(=O)(c1ccccc1)n1ccc2c(N3CCNCC3)nccc21,8.22
Cc1cccc(S(=O)(=O)n2ccc3c(N4CCNCC4)nc4ccccc4c32)c1,8.52
CN1CCN(c2nc3ccccc3c3[nH]ccc23)CC1,6.61
CN1CCN(c2nc3ccccc3c3c2ccn3S(=O)(=O)c2ccc(F)cc2)CC1,8.0
c1ccc2c(c1)nc(N1CCNCC1)c1cc[nH]c12,6.12
COc1cccc(S(=O)(=O)n2ccc3c(N4CCNCC4)nc4ccccc4c32)c1,8.15
CN1CCN(c2nc3ccccc3c3c2ccn3S(=O)(=O)c2ccccc2)CC1,8.7
O=S(=O)(c1ccc(C(F)(F)F)cc1)n1ccc2c(N3CCNCC3)nc3ccccc3c21,7.47
O=S(=O)(c1cccc(C(F)(F)F)c1)n1ccc2c(N3CCNCC3)nc3ccccc3c21,8.52
O=S(=O)(c1ccccc1Cl)n1ccc2c(N3CCNCC3)nc3ccccc3c21,8.3
O=S(=O)(c1cccc(F)c1)n1ccc2c(N3CCNCC3)nc3ccccc3c21,8.52
O=S(=O)(c1cc(F)ccc1F)n1ccc2c(N3CCNCC3)nc3ccccc3c21,8.4
CC(C)c1ccc(S(=O)(=O)n2ccc3c(N4CCNCC4)nc4ccccc4c32)cc1,7.85
CN1CCN(c2nc3ccccc3c3c2ccn3S(=O)(=O)c2cccc(F)c2)CC1,8.7
O=S(=O)(c1ccc(Cl)c(Cl)c1)n1ccc2c(N3CCNCC3)nc3ccccc3c21,7.92
O=S(=O)(c1ccc(F)c(F)c1)n1ccc2c(N3CCNCC3)nc3ccccc3c21,7.75
O=S(=O)(c1ccc(F)cc1)n1ccc2c(N3CCNCC3)nc3ccccc3c21,7.75
COc1cc(C(=O)O)ncc1C#Cc1ccccc1NS(=O)(=O)c1cccc2c(N(C)C)ccnc12,5.84
CN1CCN(c2ccnc(NCCc3ccccc3)n2)CC1,6.22
CCCCNCc1ccc(Cl)c(-c2ccccc2OC)c1,6.62
COc1ccccc1-c1cc(CCN(C)C)ccc1Cl,6.0
CCN(CC)Cc1ccc(Cl)c(-c2ccccc2OC)c1,5.7
COc1ccccc1-c1cc(C2CCNC2)ccc1Cl,6.4
CNCCc1ccc(Cl)c(-c2ccccc2OC)c1,6.13
CCNCc1ccc(Cl)c(-c2ccccc2OC)c1,5.85
O=S(=O)(CC1CCN(CCCc2noc3cc(F)ccc23)C1)c1ccc(F)c(F)c1,7.35
CC1CC(NS(=O)(=O)c2ccc3ccccc3c2)CN1CCCc1noc2cc(F)ccc12,8.11
O=S(=O)(CC1CCN(CCCc2noc3cc(F)ccc23)C1)c1ccc2ccccc2c1,8.33
O=S(=O)(CC1CCN(CCCc2noc3cc(F)ccc23)C1)c1cccc(F)c1,6.82
Cc1c(S(=O)(=O)NC2CC(C)N(CCCc3noc4cc(F)ccc34)C2)sc2ccc(Cl)cc12,7.01
CC1CC(NS(=O)(=O)c2ccc3cc(Cl)ccc3c2)CN1CCCc1noc2cc(F)ccc12,6.81
CC1CC(NS(=O)(=O)c2ccc(F)c(Cl)c2)CN1CCCc1noc2cc(F)ccc12,7.36
O=S(=O)(CC1CCN(CCCc2noc3cc(F)ccc23)C1)c1cccc(Cl)c1,7.78
Cc1cccc(S(=O)(=O)CC2CCN(CCCc3noc4cc(F)ccc34)C2)c1,7.71
CC1CC(NS(=O)(=O)c2cc3ccccc3s2)CN1CCCc1noc2cc(F)ccc12,7.79
O=S(=O)(CC1CCN(CCCc2noc3cc(F)ccc23)C1)c1ccc(C(F)(F)F)cc1,7.81
Cc1ccc(S(=O)(=O)CC2CCN(CCCc3noc4cc(F)ccc34)C2)cc1C,8.08
O=S(=O)(CC1CCN(CCCc2noc3cc(F)ccc23)C1)c1ccc(F)cc1,7.35
O=S(=O)(CC1CCN(CCCc2noc3cc(F)ccc23)C1)c1cccc(C(F)(F)F)c1,7.87
CC1CC(NS(=O)(=O)c2cc3ccc(F)cc3s2)CN1CCCc1noc2cc(F)ccc12,7.05
CC1CC(NS(=O)(=O)c2cc3ccccc3o2)CN1CCCc1noc2cc(F)ccc12,6.93
CC1CC(NS(=O)(=O)c2cccc(Cl)c2)CN1CCCc1noc2cc(F)ccc12,7.26
O=S(=O)(CC1CCN(CCCc2noc3cc(F)ccc23)C1)c1ccc(F)c(Cl)c1,8.08
O=S(=O)(CC1CCN(CCCc2noc3cc(F)ccc23)C1)c1ccc(Cl)c(Cl)c1,8.55
Cc1cn(S(=O)(=O)c2cccc(F)c2)c2cccc(N3CCNCC3)c12,9.29
Cc1ccc(S(=O)(=O)n2cc(C(F)F)c3c(N4CCNCC4)cccc32)cc1,8.19
O=S(=O)(c1ccccc1)n1cc(C(F)F)c2c(N3CCNCC3)cccc21,8.8
Cc1ccc(S(=O)(=O)n2cc(C(F)F)c3cc(N4CCNCC4)ccc32)cc1,7.77
O=S(=O)(c1ccccc1Br)n1cc(C(F)F)c2c(N3CCNCC3)cccc21,8.96
COc1ccc(S(=O)(=O)n2cc(C(F)F)c3cc(N4CCNCC4)ccc32)cc1,7.17
O=S(=O)(c1ccccc1Br)n1cc(C(F)F)c2cc(N3CCNCC3)ccc21,7.7
O=S(=O)(c1cccc(Br)c1)n1cc(C(F)F)c2cc(N3CCNCC3)ccc21,7.89
O=S(=O)(c1ccccc1Cl)n1cc(C(F)F)c2cc(N3CCNCC3)ccc21,7.89
O=S(=O)(c1cccc(Cl)c1)n1cc(C(F)F)c2c(N3CCNCC3)cccc21,9.17
COc1ccc(S(=O)(=O)n2cc(C(F)F)c3c(N4CCNCC4)cccc32)cc1,7.92
O=S(=O)(c1ccccc1F)n1cc(C(F)F)c2c(N3CCNCC3)cccc21,9.34
O=S(=O)(c1ccc(Cl)cc1)n1cc(C(F)F)c2cc(N3CCNCC3)ccc21,7.36
O=S(=O)(c1ccccc1F)n1cc(C(F)F)c2cc(N3CCNCC3)ccc21,7.52
O=S(=O)(c1cccc(Cl)c1)n1cc(C(F)F)c2cc(N3CCNCC3)ccc21,7.82
[11CH3]N1CCN(c2cccc3cc(S(=O)(=O)c4cccc(F)c4)cnc23)CC1,9.1
[2H]c1c([2H])c([2H])c(C2CC(N3CCN(C([2H])([2H])[2H])C(C)(C)C3)c3cc(Cl)ccc32)c([2H])c1[2H],9.23
[2H]c1c([2H])c([2H])c(C2CC(N3CCNC(C)(C)C3)c3cc(Cl)ccc32)c([2H])c1[2H],9.14
COc1cc(NS(=O)(=O)c2sc3cc(Cl)ccc3c2C)ccc1N1CCNCC1,8.89
COc1ccc(S(=O)(=O)n2ccc3ccc(F)cc32)cc1N1CCNCC1,8.89
COc1ccc(S(=O)(=O)n2cc(C(F)F)c3ccc(Br)cc32)cc1N1CCNCC1,9.48
COc1ccc(S(=O)(=O)n2cc(C)c3ccc(Br)cc32)cc1N1CCNCC1,9.59
COc1ccc(S(=O)(=O)n2ccc3ccc(Cl)cc32)cc1N1CCNCC1,9.68
COc1ccc(S(=O)(=O)n2cc(C)c3ccc(Cl)cc32)cc1N1CCNCC1,9.74
COc1ccc(S(=O)(=O)n2cc(C)c3ccc(F)cc32)cc1N1CCNCC1,9.08
COc1ccc(S(=O)(=O)n2cc(C)c3cc(Br)ccc32)cc1N1CCNCC1,9.06
COc1ccc(S(=O)(=O)n2cc(C)c3cc(Cl)ccc32)cc1N1CCNCC1,9.17
COc1ccc(S(=O)(=O)n2ccc3ccc(Br)cc32)cc1N1CCNCC1,9.59
COc1ccc(S(=O)(=O)n2cc(C)c3cc(F)ccc32)cc1N1CCNCC1,9.37
COc1ccc(S(=O)(=O)n2cc(C(F)F)c3ccc(Cl)cc32)cc1N1CCNCC1,10.07
COc1ccc(S(=O)(=O)n2cc(C(F)F)c3cc(F)ccc32)cc1N1CCNCC1,9.34
COc1ccc(S(=O)(=O)n2cc(C(F)F)c3cc(Cl)ccc32)cc1N1CCNCC1,9.19
COc1ccc(S(=O)(=O)n2cc(C(F)F)c3ccc(F)cc32)cc1N1CCNCC1,9.59
COc1ccccc1N1CCN(CCCCCCNc2nc(N)nc(N)n2)CC1,5.11
Nc1nc(N)nc(NCCCCCN2CCN(c3cccc(Cl)c3Cl)CC2)n1,6.55
Nc1nc(N)nc(NCCCCCCN2CCN(c3cccc(Cl)c3Cl)CC2)n1,6.41
COc1ccccc1N1CCN(CCCCCNc2nc(N)nc(N)n2)CC1,5.18
COc1ccccc1N1CCN(CCCCNc2nc(N)nc(NCCc3c[nH]c4ccccc34)n2)CC1,5.77
Nc1nc(N)nc(NCCCCCN2CCN(c3ccccc3)CC2)n1,5.03
COc1ccccc1CCNc1nc(N)nc(NCCc2c[nH]c3ccccc23)n1,6.23
COc1ccccc1NCCNc1nc(N)nc(NCCc2c[nH]c3ccccc23)n1,5.55
COc1ccccc1OCCNc1nc(N)nc(NCCc2c[nH]c3ccccc23)n1,5.93
Nc1nc(N)nc(NCCCCN2CCN(c3cccc(Cl)c3Cl)CC2)n1,6.87
Nc1nc(NCCc2c[nH]c3ccccc23)nc(N2CCN(c3cccc(Cl)c3Cl)CC2)n1,5.75
Nc1nc(NCCCCN2CCN(c3ccccc3)CC2)nc(NCCc2c[nH]c3ccccc23)n1,6.3
Nc1nc(NCCc2cccc(Cl)c2Cl)nc(NCCc2c[nH]c3ccccc23)n1,6.24
Nc1nc(NCCNc2ccccc2)nc(NCCc2c[nH]c3ccccc23)n1,5.33
Nc1nc(NCCOc2cccc(Cl)c2Cl)nc(NCCc2c[nH]c3ccccc23)n1,6.11
Nc1nc(N)nc(NCCCCN2CCN(c3ccccc3)CC2)n1,4.76
Nc1nc(N)nc(NCCCCCCN2CCN(c3ccccc3)CC2)n1,4.87
Nc1nc(NCCNc2cccc(Cl)c2Cl)nc(NCCc2c[nH]c3ccccc23)n1,6.32
Nc1nc(NCCc2c[nH]c3ccccc23)nc(N2CCN(c3ccccc3)CC2)n1,5.49
COc1cc(OC)c(C2NCCc3c2[nH]c2ccc(F)cc32)cc1OC,6.28
COc1ccc(C2NCCc3c2[nH]c2ccc(F)cc32)c(O)c1,7.16
COc1cc(OC)c(C2NCCc3c2[nH]c2ccc(Cl)cc32)cc1OC,7.54
COc1ccc(C2NCCc3c2[nH]c2ccc(Cl)cc32)c(O)c1,7.32
NC(=O)NCCCCCCN1CCN(c2cccc(Cl)c2)CC1,5.31
O=c1n(CCCCCCN2CCN(c3cccc4c3OCCO4)CC2)nc2ccccn12,5.55
O=c1n(Cc2ccc(CN3CCN(c4ccc(Cl)cc4)CC3)cc2)nc2ccccn12,5.67
S=c1n(CCCCCCN2CCN(c3cccc(Cl)c3)CC2)c2cccc3c2n1CCC3,6.24
O=c1n(CCCCCCN2CCN(c3cccc(Cl)c3)CC2)c2cccc3c2n1CCC3,5.94
NS(=O)(=O)NCCCCCCN1CCN(c2cccc(Cl)c2)CC1,5.82
O=c1n(Cc2ccc(CN3CCN(c4cccc(Cl)c4)CC3)cc2)nc2ccccn12,5.94
O=c1n(CC2CCC(CN3CCN(c4cccc(Cl)c4)CC3)CC2)nc2ccccn12,5.34
O=c1n(CCCCCCN2CCN(c3cccc(C(F)(F)F)c3)CC2)nc2ccccn12,6.39
O=S1(=O)N(CCCCCCN2CCN(c3cccc(Cl)c3)CC2)c2cccc3c2N1CCC3,5.77
O=C(NCCCCCCn1nc2ccccn2c1=O)N1CCN(c2cccc(Cl)c2)CC1,5.59
NC(=O)N1CCN(c2cccc(Cl)c2)CC1,5.13
CN(CCO)c1nc2ccccc2c2c1ccn2Cc1cccc(Cl)c1,4.39
Clc1cccc(Cn2ccc3c(NC4CCOC4)nc4ccccc4c32)c1,5.76
FC1(F)CCN(c2nc3ccccc3c3c2ccn3Cc2cccc(Cl)c2)CC1,5.42
OC1CCCN(c2nc3ccccc3c3c2ccn3Cc2cccc(Cl)c2)C1,5.91
OC1CCN(c2nc3ccccc3c3c2ccn3Cc2cccc(Cl)c2)CC1,5.77
Clc1cccc(Cn2ccc3c(NCC4CCOC4)nc4ccccc4c32)c1,6.08
COC1CCN(c2nc3ccccc3c3c2ccn3Cc2cccc(Cl)c2)CC1,6.1
COc1cccc(Cn2ccc3c(NC4CCOCC4)nc4ccccc4c32)c1,5.52
COC1CCCN(c2nc3ccccc3c3c2ccn3Cc2cccc(Cl)c2)C1,6.46
Clc1cccc(Cn2ccc3c(NCC4CCCO4)nc4ccccc4c32)c1,6.16
COc1cccc(Cn2ccc3c(N4CCC(OC)CC4)nc4ccccc4c32)c1,6.13
Clc1cccc(Cn2ccc3c(N4CCC5(COC5)C4)nc4ccccc4c32)c1,5.87
O=S(=O)(c1cccc(Cl)c1)n1ccc2c(NC3CCOC3)nc3ccccc3c21,7.14
Clc1cccc(Cn2ccc3c(N4CC5(COC5)C4)nc4ccccc4c32)c1,5.65
CN(C)C1CCN(c2cc(-c3ccccc3)nc3ccnn23)C1,6.13
CCOCC(Oc1c(C)cccc1Cl)N1CCN(c2ccccc2OC)CC1,5.02
CCOCC(Oc1c(C)cccc1C)N1CCN(c2ccccc2OC)CC1,5.0
CN1CCN(c2nc(N)nc(C(C)(C)Sc3ccc4ccccc4c3)n2)CC1,7.96
COc1ccc2[nH]c3c(c2c1)CCN=C3C,5.72
COc1ccc2c3c([nH]c2c1)C(C)=NCC3,5.82
CC1=NCCc2c1[nH]c1ccccc21,5.82
O=C1CC2Cc3ccsc3C2=NN1CCCCCN1CCN(Cc2cccc3c2ccn3S(=O)(=O)c2ccccc2)CC1,8.08
O=C1CC2CCc3ccsc3C2=NN1CCCCCCN1CCN(Cc2cccc3c2ccn3S(=O)(=O)c2ccccc2)CC1,6.99
O=C1CC2CCc3ccsc3C2=NN1CCCCCCCN1CCN(Cc2cccc3c2ccn3S(=O)(=O)c2ccccc2)CC1,7.06
O=C1CC2CCc3ccsc3C2=NN1Cc1ccc(CN2CCN(Cc3ccccc3)CC2)cc1,5.9
O=C1CC2CCc3ccsc3C2=NN1CCN1CCN(Cc2ccccc2)CC1,5.78
O=C1CC2Cc3ccsc3C2=NN1CCCCCCN1CCN(Cc2cccc3c2ccn3S(=O)(=O)c2ccccc2)CC1,7.17
O=C1CC2CCCc3ccsc3C2=NN1CCCCN1CCN(Cc2ccccc2)CC1,5.84
O=C1CC2CCc3ccsc3C2=NN1CCCCCN1CCN(Cc2cccc3c2ccn3S(=O)(=O)c2ccccc2)CC1,7.2
O=C1CC2Cc3ccsc3C2=NN1CCCCN1CCN(Cc2cccc3c2ccn3S(=O)(=O)c2ccccc2)CC1,6.71
O=C1CC2CCc3ccsc3C2=NN1CCCCN1CCN(Cc2cccc3c2ccn3S(=O)(=O)c2ccccc2)CC1,6.63
