smiles,pchembl_value
O=C(C=Cc1c(-c2ccccc2)nn2ccccc12)N1CCCCC1CCO,9.31
CCn1cc2c(nc(NC(=O)Cc3ccccc3)n3nc(-c4ccco4)nc23)n1,6.15
CCn1cc2c(nc(NC(=O)Nc3ccc([N+](=O)[O-])cc3)n3nc(-c4ccco4)nc23)n1,5.95
CCCn1cc2c(nc(NC(=O)Nc3ccc([N+](=O)[O-])cc3)n3nc(-c4ccco4)nc23)n1,5.92
Cn1cc2c(nc(NC(=O)Nc3ccc([N+](=O)[O-])cc3)n3nc(-c4ccco4)nc23)n1,5.95
Cn1cc2c(nc(NC(=O)Nc3ccncc3)n3nc(-c4ccco4)nc23)n1,6.6
Cn1cc2c(nc(NC(=O)Nc3ccccc3)n3nc(-c4ccco4)nc23)n1,6.23
O=C(Cc1ccccc1)Nc1nc2nn(CCCc3ccccc3)cc2c2nc(-c3ccco3)nn12,7.12
O=C(Cc1ccccc1)Nc1nc2nn(CCc3ccccc3)cc2c2nc(-c3ccco3)nn12,6.92
CC(C)CCn1cc2c(nc(NC(=O)Cc3ccccc3)n3nc(-c4ccco4)nc23)n1,6.7
O=C(COc1ccccc1)Nc1nc2nn(CCCc3ccccc3)cc2c2nc(-c3ccco3)nn12,7.3
O=C(COc1ccccc1)Nc1nc2nn(CCc3ccccc3)cc2c2nc(-c3ccco3)nn12,7.7
CC(C)CCn1cc2c(nc(NC(=O)COc3ccccc3)n3nc(-c4ccco4)nc23)n1,7.26
Nc1nc2nn(CCc3ccccc3)cc2c2nc(-c3ccco3)nn12,9.0
O=C(Cc1cccc2ccccc12)Nc1nc2nn(CCCc3ccccc3)cc2c2nc(-c3ccco3)nn12,5.96
CC(C)CCn1cc2c(nc(NC(=O)Cc3cccc4ccccc34)n3nc(-c4ccco4)nc23)n1,6.85
O=C(Cc1cccc2ccccc12)Nc1nc2nn(CCc3ccccc3)cc2c2nc(-c3ccco3)nn12,7.05
CCCn1c(=O)c2nc(C3CC4CC3C3OC43)[nH]c2n(CCC)c1=O,9.35
CCCn1c(=O)c2nc(C34CC5CC(CC3C5)C4)[nH]c2n(CCC)c1=O,9.14
CCCn1c(=O)[nH]c2cc(-c3ccccc3)[nH]c2c1=O,7.35
CCCn1c(=O)[nH]c2[nH]c(-c3ccc(OCC(=O)NCCO)cc3)nc2c1=O,7.17
CCCCn1c(=O)[nH]c2[nH]c(-c3ccc(OCC(=O)N4CCN(Cc5ccccc5)CC4)cc3)nc2c1=O,6.91
Cc1ccc2c(NC3CCCCC3)cc(-c3ccccc3)nc2n1,6.35
Oc1cc(-c2ccccc2)nc2nc(Br)ccc12,6.47
Oc1cc(-c2ccccc2)nc2nc(Cl)ccc12,6.17
CN(C)c1ccc2c(O)cc(-c3ccccc3)nc2n1,5.86
C#CCn1c(=O)c2c(nc3ccccn32)n(Cc2ccccc2)c1=O,6.91
CCCn1c(=O)c2c(nc3ccccn32)n(Cc2ccc(OC)cc2)c1=O,7.08
C=CCn1c(=O)c2c(nc3ccccn32)n(Cc2ccccc2)c1=O,7.38
CC(C)Cn1c(=O)c2c(nc3ccccn32)n(Cc2ccccc2)c1=O,7.55
CCCn1c(=O)c2c(nc3ccccn32)n(C)c1=O,5.68
CCn1c(=O)c2c(nc3ccccn32)n(Cc2ccccc2)c1=O,6.49
CCCCc1nc2[nH]cnc2c2nc(-c3ccc(OCC)cc3)nn12,6.38
Cc1nc2nc(-c3ccccc3)[nH]c(NC(C)c3ccccc3)c-2c1C,6.01
Cc1[nH]c2nc(-c3ccccc3)nc(NCCN3CCNC3=O)c2c1C,6.84
Cc1nc2nc(-c3ccccc3)[nH]c(NC(CO)CC(C)C)c-2c1C,6.02
CC(=O)NCCNc1[nH]c(-c2ccccc2)nc2nc(C)c(C)c1-2,7.92
Cc1[nH]c2nc(-c3ccccc3)nc(NCc3ccncc3)c2c1C,6.88
Cc1[nH]c2nc(-c3ccccc3)nc(NC3Cc4ccccc4C3O)c2c1C,6.05
COc1ccc(CCCn2ncc3c2nc(N)n2nc(-c4ccco4)nc32)cc1,5.95
CNC(=O)C1OC(n2cnc3c(NCc4cccc(I)c4)ncnc32)C(O)C1O,7.7
CNC(=O)C1OC(n2cnc3c(NCc4cccc(I)c4)nc(Cl)nc32)C(O)C1O,7.0
CNC(=O)C1OC(n2cnc3c(NC)ncnc32)C(O)C1N,4.64
CNC(=O)C1OC(n2cnc3c(NCc4cc(Cl)ccc4OCc4cc(C)no4)ncnc32)C(O)C1N,5.14
CNC(=O)C1OC(n2cnc3c(NC)ncnc32)C(O)C1O,7.19
CNC(=O)C1OC(n2cnc3c(NCc4cc(Cl)ccc4OCc4cc(C)no4)ncnc32)C(O)C1O,7.17
CNC(=O)C1OC(n2cnc3c(NCc4cccc(I)c4)ncnc32)C(O)C1N,5.34
CCCCn1cc2c(nc(NC(=O)Nc3cccc(Cl)c3)n3nc(-c4ccco4)nc23)n1,6.61
C#CCn1c(=O)c2c(nc(C=Cc3cccc(OC)c3)n2C)n(CCCO)c1=O,5.6
Cn1c(=O)c2[nH]cnc2n(C)c1=O,5.21
CC(=O)Oc1ccc(-n2nc3c(=O)[nH]c4ccccc4n3c2=O)cc1,6.5
Nc1nc2c([N+](=O)[O-])cccc2n2c(=O)n(-c3ccccc3)nc12,6.06
COc1ccc(-n2nc3c(N)nc4c(N)cccc4n3c2=O)cc1,6.73
O=c1[nH]c2ccccc2n2c(=O)n(-c3ccc(O)cc3)nc12,6.78
N#Cc1c(N)nc(SCc2ncc[nH]2)c(C#N)c1-c1cccc(O)c1,8.36
N#Cc1c(N)nc(SCc2ncc[nH]2)c(C#N)c1-c1ccccc1,8.62
COc1cccc(-c2c(C#N)c(N)nc(SCc3ncc[nH]3)c2C#N)c1,8.7
Cc1ccc(C(=O)NC2C(CO)OC(n3cnc4c(NC5CCCC5)ncnc43)C2O)cc1C,6.86
O=C(NC1C(CO)OC(n2cnc3c(NC4CCCC4)ncnc32)C1O)c1ccc(F)c(Cl)c1,6.24
Cc1ccc(C(=O)NC2C(CO)OC(n3cnc4c(NC5CCCC5)ncnc43)C2O)cc1F,6.11
CC1OC(n2cnc3c(NC4CCCC4)ncnc32)C(O)C1NC(=O)CCCc1cccs1,6.38
O=C(CCCc1cccs1)NC1C(CO)OC(n2cnc3c(NC4CCCC4)ncnc32)C1O,6.2
CC1OC(n2cnc3c(NC4CCCC4)ncnc32)C(O)C1NC(=O)C1CCCCC1C(=O)c1cccs1,6.01
O=C(NC1C(CO)OC(n2cnc3c(NC4CCCC4)ncnc32)C1O)c1ccc2c(c1)OCO2,6.35
CNC(=O)C1SC(n2cnc3c(NCc4cccc(I)c4)nc(Cl)nc32)C(O)C1O,6.71
CNC(=O)C1SC(n2cnc3c(NC)nc(Cl)nc32)C(O)C1O,5.88
CCNC(=O)C1OC(n2cnc3c(N)nc(NCCc4ccc(CCC(=O)O)cc4)nc32)C(O)C1O,6.54
COc1cccc(-c2n[nH]c(CCc3ccc(Cl)c(Cl)c3)n2)c1,5.75
COc1cccc(-c2nc(Cc3ccc(C)c(C)c3)n[nH]2)c1,5.77
Cn1nc(-c2ccc(N=[N+]=[N-])cc2)nc1-c1cccc(CN2CC=CC2)c1,5.14
COc1cccc(-c2n[nH]c(Cc3cccc(Br)c3)n2)c1,7.0
COc1cccc(-c2n[nH]c(Cc3cccc(F)c3F)n2)c1,6.05
COc1cccc(-c2n[nH]c(Cc3ccc4ccccc4c3)n2)c1,5.6
c1cc(CN2CCCC2)cc(-c2n[nH]c(-c3ccc4c(c3)OCCO4)n2)c1,5.12
CCCn1cc2c(nc(NC(=O)Nc3ccc(OC)cc3)n3nc(-c4ccco4)nc23)n1,5.92
CCn1cc2c(nc(NC(=O)Nc3ccc(OC)cc3)n3nc(-c4ccco4)nc23)n1,5.99
Nc1nc2ccc(Cl)cc2c2nc(-c3ccco3)nn12,8.35
CCCn1c(=O)c2[nH]c(-c3cc(OCC(=O)Nc4ccc5c(c4)OCO5)nn3C)nc2n(CCC)c1=O,6.61
COc1ccc(CCCn2ncc3c2nc(N)n2nc(-c4ccco4)nc32)cc1OC,5.78
Nc1nc2c(cnn2CCCc2ccc3c(c2)OCO3)c2nc(-c3ccco3)nn12,5.66
Nc1nc(NC(=O)C2CCCCC2)nc2c1ncn2C1OC(CO)C(O)C1O,5.79
O=C(CCc1ccccc1)Nc1nc(NC2CCCC2)c2ncn(C3OC(CO)C(O)C3O)c2n1,7.68
Nc1nc(NC(=O)CCC2CCCC2)nc2c1ncn2C1OC(CO)C(O)C1O,6.6
Nc1nc(NC(=O)CC2CCCCC2)nc2c1ncn2C1OC(CO)C(O)C1O,6.47
O=C(CCC1CCCC1)Nc1nc(NC2CCCC2)c2ncn(C3OC(CO)C(O)C3O)c2n1,7.5
Nc1nc(NC(=O)CCc2ccccc2)nc2c1ncn2C1OC(CO)C(O)C1O,6.37
CCNC(=O)C1OC(n2cnc3c(N)nc(NC(=O)CCC4CCCC4)nc32)C(O)C1O,5.26
Nc1nc(NC(=O)C=Cc2ccccc2)nc2c1ncn2C1OC(CO)C(O)C1O,7.15
CCNc1nc(NC(=O)CC2CCCCC2)nc2c1ncn2C1OC(CO)C(O)C1O,6.68
Nc1nc(NC(=O)CCCC2CCCCC2)nc2c1ncn2C1OC(CO)C(O)C1O,6.13
OCC1OC(n2cnc3c(NC4CCCC4)nc(Cl)nc32)C(O)C1O,9.08
COc1ccc(NC(=O)Nc2nc3nn(CCc4ccccc4)cc3c3nc(-c4ccco4)nn23)cc1,6.7
O=C(Nc1cccc(Cl)c1)Nc1nc2nn(CCCc3ccccc3)cc2c2nc(-c3ccco3)nn12,5.82
CCn1cc2c(nc(NC(=O)Nc3cccc(Cl)c3)n3nc(-c4ccco4)nc23)n1,6.6
CCCn1cc2c(nc(NC(=O)Nc3cccc(Cl)c3)n3nc(-c4ccco4)nc23)n1,7.52
COc1ccc(NC(=O)Nc2nc3nn(CCCc4ccccc4)cc3c3nc(-c4ccco4)nn23)cc1,6.6
O=C(Nc1cccc(Cl)c1)Nc1nc2nn(CCc3ccccc3)cc2c2nc(-c3ccco3)nn12,6.6
CCn1cc2c(nc(N)n3nc(-c4ccco4)nc23)n1,8.3
Nc1nc2nn(CCCc3ccccc3)cc2c2nc(-c3ccco3)nn12,8.52
CCCn1cc2c(nc(N)n3nc(-c4ccco4)nc23)n1,8.0
COc1ccc(NC(=O)Nc2nc3nn(C)cc3c3nc(-c4ccco4)nn23)cc1,5.96
CCCCn1cc2c(nc(NC(=O)Nc3ccc(OC)cc3)n3nc(-c4ccco4)nc23)n1,6.53
Nc1nc2c(cnn2CCc2ccc(S(=O)(=O)NCC(=O)O)cc2)c2nc(-c3ccco3)nn12,5.03
OCC1OC(n2cnc3c(NN4CCOCC4)nc(Cl)nc32)C(O)C1O,8.1
c1ccc(Oc2nc3ncnc-3c(NC3CCCCC3)[nH]2)cc1,4.58
c1ccc(Nc2nc3ncnc-3c(NC3CCCCCC3)[nH]2)cc1,5.76
Cn1cnc2c(NC3CCCCC3)nc(Nc3ccccc3)nc21,5.73
CN(C)c1ccc(Nc2nc(NC3CCCCC3)c3[nH]cnc3n2)cc1,5.41
Cn1cnc2c(NC3CCCCCC3)nc(Nc3ccccc3)nc21,5.71
c1ccc(Sc2nc3ncnc-3c(NC3CCCCC3)[nH]2)cc1,5.52
c1nc2nc(Nc3ccc(N4CCOCC4)cc3)nc(NC3CC4CCC3C4)c2[nH]1,4.47
CNC(=O)C12CC1C(n1cnc3c(NC)nc(N)nc31)C(O)C2O,5.8
CNC(=O)C12CC1C(n1cnc3c(NCc4cccc(C#CCO)c4)nc(Cl)nc31)C(O)C2O,5.58
CNC(=O)C12CC1C(n1cnc3c(NCc4cccc(I)c4)ncnc31)C(O)C2O,6.16
OCC1OC(n2cnc3c(NCC(c4ccccc4)c4ccccc4)ncnc32)C(O)C1O,7.3
OCC1OC(n2cnc3c(NCc4cccnc4)ncnc32)C(O)C1O,7.38
OCC1OC(n2cnc3c(NC4CC4c4ccccc4)ncnc32)C(O)C1O,6.92
CNC(=O)C12CC1C(n1cnc3c(NCc4ccccc4C)nc(Cl)nc31)C(O)C2O,6.15
Cc1ccccc1CNc1ncnc2c1ncn2C1OC(CO)C(O)C1O,7.41
OCC1OC(n2cnc3c(NCc4cccc(I)c4)ncnc32)C(O)C1O,8.13
CNC(=O)C12CC1C(n1cnc3c(NCc4cccc(Cl)c4)nc(Cl)nc31)C(O)C2O,6.58
CNC(=O)C12CC1C(n1cnc3c(NCc4ccc(N)c(I)c4)nc(Cl)nc31)C(O)C2O,7.32
CNC(=O)C12CC1C(n1cnc3c(NCc4cccc(F)c4)nc(Cl)nc31)C(O)C2O,6.19
CNC(=O)C12CC1C(n1cnc3c(NC)nc(Cl)nc31)C(O)C2O,5.68
CNC(=O)C12CC1C(n1cnc3c(NCc4cc(Cl)ccc4OC)nc(Cl)nc31)C(O)C2O,6.62
COc1ccc(Cl)cc1CNc1ncnc2c1ncn2C1OC(CO)C(O)C1O,8.04
CNC(=O)C12CC1C(n1cnc3c(NCc4cccc(Br)c4)nc(Cl)nc31)C(O)C2O,6.57
CNC(=O)C12CC1C(n1cnc3c(NC4CC4c4ccccc4)nc(Cl)nc31)C(O)C2O,6.11
CNC(=O)C12CC1C(n1cnc3c(NCc4ccc(N)cc4)nc(Cl)nc31)C(O)C2O,5.39
CNC(=O)C12CC1C(n1cnc3c(NCc4cccc(Cl)c4)nc(SC)nc31)C(O)C2O,6.21
CNC(=O)C12CC1C(n1cnc3c(NCc4cccc(Cl)c4)nc(I)nc31)C(O)C2O,5.66
OCC12CC1C(n1cnc3c(NCc4cccc(I)c4)ncnc31)C(O)C2O,7.46
CNC(=O)C12CC1C(n1cnc3c(NCc4cc(OC)ccc4OC)nc(Cl)nc31)C(O)C2O,5.8
CNC(=O)C12CC1C(n1cnc3c(NCc4cccnc4)nc(Cl)nc31)C(O)C2O,5.58
CNC(=O)C12CC1C(n1cnc3c(NCC(c4ccccc4)c4ccccc4)nc(Cl)nc31)C(O)C2O,5.89
CNC(=O)C12CC1C(n1cnc3c(NCc4cccc(C)c4)nc(Cl)nc31)C(O)C2O,6.35
OCC1OC(n2cnc3c(NCc4cccc(I)c4)nc(Cl)nc32)C(O)C1O,7.77
CNC(=O)C12CC1C(n1cnc3c(NCc4cc(Cl)ccc4OCC(N)=O)nc(Cl)nc31)C(O)C2O,7.09
OCC12CC1C(n1cnc3c(NCc4cccc(I)c4)nc(Cl)nc31)C(O)C2O,7.19
CNC(=O)C12CC1C(n1cnc3c(NCc4cc(Cl)ccc4OCc4ccccc4)nc(Cl)nc31)C(O)C2O,5.92
CNC(=O)C12CC1C(n1cnc3c(NCc4cc(Cl)ccc4Cl)nc(Cl)nc31)C(O)C2O,6.27
OCC1OC(n2cnc3c(NCc4cccc(Cl)c4)ncnc32)C(O)C1O,7.7
CNc1nc(N)nc2c1ncn2C1OC(CO)C(O)C1O,6.32
CNC(=O)C12CC1C(n1cnc3c(NCc4cc(I)ccc4Cl)nc(Cl)nc31)C(O)C2O,6.47
CNC(=O)C12CC1C(n1cnc3c(NCc4cc(I)ccc4OC)nc(Cl)nc31)C(O)C2O,6.7
N#Cc1cccc(-c2nc(Nc3cnccn3)sc2-n2ccnc2)c1,7.34
N#Cc1cccc(-c2nc(Nc3ccncc3)sc2-n2cncn2)c1,5.42
Cc1nccn1-c1sc(Nc2cnccn2)nc1-c1cccc(C#N)c1,6.71
N#Cc1cccc(-c2nc(Nc3ccccn3)sc2-n2cncn2)c1,5.75
Cc1cccnc1Nc1nc(-c2cccc(C#N)c2)c(-n2ccnc2)s1,8.1
N#Cc1cccc(-c2nc(Nc3cccnc3)sc2-n2ccnc2)c1,6.25
N#Cc1cccc(-c2nc(Nc3cccnc3)sc2-n2cncn2)c1,5.82
C=CCN(C)S(=O)(=O)c1ccc(NC(=O)Nc2ncnc3c2ncn3C2OC(C(=O)NCC)C(O)C2O)cc1,6.69
C=CCN(CC=C)S(=O)(=O)c1ccc(NC(=O)Nc2ncnc3c2ncn3C2OC(C(=O)NCC)C(O)C2O)cc1,6.42
CCNC(=O)C1OC(n2cnc3c(NC(=O)Nc4ccc(S(=O)(=O)NC56CC7CC(CC(C7)C5)C6)cc4)ncnc32)C(O)C1O,6.62
CCNC(=O)C1OC(n2cnc3c(NC(=O)Nc4ccc(S(=O)(=O)Nc5ccc(OC)cc5)cc4)ncnc32)C(O)C1O,6.55
CCNC(=O)C1OC(n2cnc3c(NC(=O)Nc4ccc(S(=O)(=O)N5CCCCC5)cc4)ncnc32)C(O)C1O,6.12
CCNC(=O)C1OC(n2cnc3c(NC(=O)Nc4ccc(S(=O)(=O)NCC)cc4)ncnc32)C(O)C1O,6.6
CCNC(=O)C1OC(n2cnc3c(NC(=O)Nc4ccc(S(=O)(=O)N5CC=CC5)cc4)ncnc32)C(O)C1O,6.6
CCNC(=O)C1OC(n2cnc3c(NC(=O)Nc4ccc(S(=O)(=O)NC5CCCCC5)cc4)ncnc32)C(O)C1O,6.46
CCNC(=O)C1OC(n2cnc3c(NC(=O)Nc4ccc(S(=O)(=O)N(CCCl)CCCl)cc4)ncnc32)C(O)C1O,6.14
CCNC(=O)C1OC(n2cnc3c(NC(=O)Nc4ccc(S(=O)(=O)N5CCOCC5)cc4)ncnc32)C(O)C1O,6.14
CCNC(=O)C1OC(n2cnc3c(NC(=O)Nc4ccc(S(=O)(=O)NC(C)(C)C)cc4)ncnc32)C(O)C1O,6.6
CCCNS(=O)(=O)c1ccc(NC(=O)Nc2ncnc3c2ncn3C2OC(C(=O)NCC)C(O)C2O)cc1,6.54
CCNC(=O)C1OC(n2cnc3c(NC(=O)Nc4ccc(S(=O)(=O)N(C)C(C)C)cc4)ncnc32)C(O)C1O,6.49
CCNC(=O)C1OC(n2cnc3c(NC(=O)Nc4ccc(S(=O)(=O)N5CCCC5)cc4)ncnc32)C(O)C1O,6.16
CCNC(=O)C1OC(n2cnc3c(NC(=O)Nc4ccc(S(N)(=O)=O)cc4)ncnc32)C(O)C1O,7.52
CCNC(=O)C1OC(n2cnc3c(NC(=O)Nc4ccc(S(=O)(=O)NC5CCCC5)cc4)ncnc32)C(O)C1O,6.38
CCNC(=O)C1OC(n2cnc3c(NC(=O)Nc4ccc(S(=O)(=O)NCc5ccccc5)cc4)ncnc32)C(O)C1O,6.52
CCNC(=O)C1OC(n2cnc3c(NC(=O)Nc4ccc(S(=O)(=O)N(C)C)cc4)ncnc32)C(O)C1O,6.55
CCCN(CCC)S(=O)(=O)c1ccc(NC(=O)Nc2ncnc3c2ncn3C2OC(C(=O)NCC)C(O)C2O)cc1,6.46
CCNC(=O)C1OC(n2cnc3c(NC(=O)Nc4ccc(S(=O)(=O)N(CC)CC)cc4)ncnc32)C(O)C1O,6.46
CCCCCNS(=O)(=O)c1ccc(NC(=O)Nc2ncnc3c2ncn3C2OC(C(=O)NCC)C(O)C2O)cc1,6.35
CCCn1c(=O)c2nc(-c3ccc(OCc4noc(-c5ccc(C)cc5)n4)cc3)[nH]c2n(CCC)c1=O,6.95
CCCn1c(=O)c2nc(-c3ccc(OCc4nc(-c5cccc(F)c5)no4)cc3)[nH]c2n(CCC)c1=O,5.7
CCCn1c(=O)c2nc(-c3ccc(OCc4nc(-c5ccc(F)cc5)no4)cc3)[nH]c2n(CCC)c1=O,5.74
CCCn1c(=O)c2nc(-c3ccc(OCc4nc(-c5ccccc5C(F)(F)F)no4)cc3)[nH]c2n(CCC)c1=O,6.33
CCCn1c(=O)c2nc(-c3ccc(OCc4nc(-c5ccc(C)cc5)no4)cc3)[nH]c2n(CCC)c1=O,6.19
CCCn1c(=O)c2nc(-c3ccc(OCc4noc(-c5ccc(OC)cc5)n4)cc3)[nH]c2n(CCC)c1=O,5.66
CCCn1c(=O)c2nc(-c3ccc(OCc4noc(-c5ccc(C#N)cc5)n4)cc3)[nH]c2n(CCC)c1=O,6.54
CCCn1c(=O)c2nc(-c3ccc(OCc4noc(-c5ccccc5OC)n4)cc3)[nH]c2n(CCC)c1=O,5.94
CCCn1c(=O)c2nc(-c3ccc(OCc4nc(-c5cccc(Cl)c5)no4)cc3)[nH]c2n(CCC)c1=O,8.19
CCCn1c(=O)c2nc(-c3ccc(OCc4noc(-c5ccc(C(F)(F)F)cc5)n4)cc3)[nH]c2n(CCC)c1=O,5.29
CCCn1c(=O)c2nc(-c3ccc(OCc4nc(-c5ccc(C(F)(F)F)cc5)no4)cc3)[nH]c2n(CCC)c1=O,5.93
CCNc1nc(-n2cc(-c3ccccn3)cn2)nc2c1ncn2C1OC(CO)C(O)C1O,5.89
COc1ccc(-c2cnn(-c3nc(NCc4cccc(I)c4)c4ncn(C5OC(CO)C(O)C5O)c4n3)c2)cc1,5.35
CNc1nc(-n2cc(-c3ccccn3)cn2)nc2c1ncn2C1OC(CO)C(O)C1O,5.42
CNc1nc(-n2cc(-c3nc4ccccc4o3)cn2)nc2c1ncn2C1OC(CO)C(O)C1O,5.58
CNc1nc(-c2cnn(Cc3ccccc3)c2)nc2c1ncn2C1OC(CO)C(O)C1O,5.89
CCNc1nc(-n2cc(-c3ccc(OC)cc3)cn2)nc2c1ncn2C1OC(CO)C(O)C1O,5.43
CNc1nc(-n2cc(C(=O)NCc3ccc(Cl)cc3)cn2)nc2c1ncn2C1OC(CO)C(O)C1O,5.7
OCC1OC(n2cnc3c(NCc4cccc(I)c4)nc(-n4cc(-c5nccc6ccccc56)cn4)nc32)C(O)C1O,6.11
CNc1nc(-n2cc(-c3ccncc3)cn2)nc2c1ncn2C1OC(CO)C(O)C1O,5.42
CCCNc1nc(-n2cc(-c3ccc(OC)cc3)cn2)nc2c1ncn2C1OC(CO)C(O)C1O,5.52
Nc1nc(C#Cc2ccccc2)nc2c1ncn2C1OC(CO)C(O)C1O,6.41
CNc1nc(C#Cc2ccccc2)nc2c1ncn2C1OC(CO)C(O)C1O,5.77
CNc1nc(-n2cc(-c3cccnc3)cn2)nc2c1ncn2C1OC(CO)C(O)C1O,5.75
OCC1OC(n2cnc3c(NCc4cccc(I)c4)nc(-n4cc(-c5ccccn5)cn4)nc32)C(O)C1O,5.38
CC1(O)C(O)C(CO)OC1n1cnc2c(NC3CCCC3)nc(Cl)nc21,8.48
OC1OC(n2cnc3c(NC4CCCC4)nc(Cl)nc32)C(O)C1O,9.1
CCn1nnc(C2OC(n3cnc4c(N)nc(NC(CO)Cc5ccc(O)cc5)nc43)C(O)C2O)n1,6.22
CCn1nnc(C2OC(n3cnc4c(N)nc(NC(CO)Cc5ccc(Cl)cc5)nc43)C(O)C2O)n1,6.17
CCn1nnc(C2OC(n3cnc4c(N)nc(NC(CO)Cc5ccc(Br)cc5)nc43)C(O)C2O)n1,6.51
CCn1nnc(C2OC(n3cnc4c(N)nc(NC(CO)Cc5ccccc5)nc43)C(O)C2O)n1,6.43
CCn1nnc(C2OC(n3cnc4c(N)nc(NC(C)Cc5ccc(OC)cc5)nc43)C(O)C2O)n1,6.45
CCCn1c(=O)c2c(nc3[nH]c(C4CC4)cn32)n(Cc2ccccc2)c1=O,6.46
N#Cc1c(N)nc(SCCO)c(C#N)c1-c1cccc(O)c1,7.92
N#Cc1c(N)nc(SCCO)c(C#N)c1-c1cccc(F)c1,7.4
Cc1cccc(-c2c(C#N)c(N)nc(SCCO)c2C#N)c1,7.09
N#Cc1c(N)nc(SCCO)c(C#N)c1-c1cccc(OC(F)(F)F)c1,7.52
OCC1OC(n2cnc3c(NC4CCCC4)ncnc32)C(O)C1O,8.0
COc1cccc(-c2c(C#N)c(N)nc(SCCO)c2C#N)c1,8.37
N#Cc1c(N)nc(SCCO)c(C#N)c1-c1ccc(C(F)(F)F)cc1,6.82
N#Cc1c(N)nc(SCCO)c(C#N)c1-c1ccc(F)cc1,7.09
N#Cc1c(N)nc(SCCO)c(C#N)c1-c1ccc(O)cc1,7.64
N#Cc1c(N)nc(SCCO)c(C#N)c1-c1ccc2c(c1)OCO2,7.96
COc1ccc(-c2c(C#N)c(N)nc(SCCO)c2C#N)cc1,7.39
N#Cc1c(N)nc(SCCO)c(C#N)c1-c1cccc(OC(F)F)c1,7.4
N#Cc1c(N)nc(SCCO)c(C#N)c1-c1cccc(C(F)(F)F)c1,7.85
N#Cc1c(N)nc(SCCO)c(C#N)c1-c1ccc(OC(F)F)cc1,7.47
N#Cc1c(N)nc(SCCO)c(C#N)c1-c1ccccc1,7.82
N#Cc1c(N)nc(SCCO)c(C#N)c1-c1ccc(OC(F)(F)F)cc1,6.81
CN(C)c1ccc(-c2c(C#N)c(N)nc(SCCO)c2C#N)cc1,6.61
COc1cc(OCC(=O)Nc2ccc(Br)cc2)ccc1-c1cc2c([nH]1)c(=O)n(C)c(=O)n2C,7.49
CCCn1c(=O)c2nc(-c3ccc(OCC(=O)NCc4ccccc4)cc3)[nH]c2n(CCC)c1=O,7.2
Cn1c(=O)c2[nH]c(-c3ccc(OCC(=O)Nc4ccc(C#N)cc4)cc3)cc2n(C)c1=O,8.37
Cn1c(=O)c2[nH]c(-c3ccc(OCC(=O)Nc4ccc(Br)cc4)cc3)cc2n(C)c1=O,7.74
CCCn1c(=O)c2[nH]c(-c3ccc(OCC(=O)Nc4ccc(-c5ccccc5)cc4)cc3)cc2n(C)c1=O,7.96
Cn1c(=O)c2[nH]c(-c3ccc(OCC(=O)Nc4ccccc4)cc3)cc2n(C)c1=O,6.62
CCCn1c(=O)c2nc(-c3ccc(OCC(=O)Nc4ccc(Cl)cc4)cc3)[nH]c2n(CCC)c1=O,7.3
CCCn1c(=O)c2nc(-c3ccc(OCC(=O)Nc4ccc(I)cc4)cc3)[nH]c2n(CCC)c1=O,6.53
CCCn1c(=O)c2nc(-c3ccc(OCC(=O)Nc4ccc(Br)cc4)cc3)[nH]c2n(CCC)c1=O,7.13
CN(C)C(=O)C1SC(n2cnc3c(NCc4cccc(I)c4)nc(Cl)nc32)C(O)C1O,5.21
CN(C)C(=O)C1OC(n2cnc3c(NCc4cccc(I)c4)nc(Cl)nc32)C(O)C1O,5.23
c1ccc(Nc2[nH]c3ccccc3c3nc(C4CCCC4)nc2-3)cc1,5.47
COc1ccc(Nc2[nH]c3ccccc3c3nc(C4CCCC4)nc2-3)cc1,5.38
Cc1ccc(Nc2[nH]c3ccccc3c3nc(C4CCCC4)nc2-3)cc1,5.42
Oc1nc2ccccc2n2nc(-c3cccs3)nc12,8.7
Oc1nc2ccccc2n2nc(-c3ccco3)nc12,5.71
Oc1nc2ccc(Cl)cc2n2nc(-c3ccco3)nc12,5.56
COc1ccc(-c2nc3c(O)nc4ccc(Cl)cc4n3n2)cc1,8.48
COc1ccc(-c2nc3c(N)nc4ccc(Cl)cc4n3n2)cc1,7.44
O=C(NCc1ccccc1)c1nc2c(O)nc3ccccc3n2n1,6.69
Oc1nc2ccc(Cl)cc2n2nc(-c3ccoc3)nc12,6.9
CNC(=O)C12CC1C(n1cnc3c(NC4CCCC4)nc(Cl)nc31)C(O)C2O,7.74
OCC1OC(n2cnc3c(NC4C5CCC4CC5)ncnc32)C(O)C1O,9.32
CNC(=O)C12CC1C(n1cnc3c(NC4CCCC4)ncnc31)C(O)C2O,7.47
CNC(=O)C12CC1C(n1cnc3c(NC4C5CCC4CC5)nc(Cl)nc31)C(O)C2O,6.72
CCc1nc2c3[nH]c(C)nc3c3[nH]c(C)nc3c2[nH]1,6.3
Cc1cc(Cl)cc2[nH]c(-c3cnc4ccccc4n3)nc12,8.44
Clc1cc(Cl)c2[nH]c(-c3cnc4ccccc4n3)nc2c1,8.03
CCc1nc2c([nH]1)c1nc(CC)[nH]c1c1nc(CC)[nH]c21,7.34
Clc1cccc2[nH]c(-c3cnc4ccccc4n3)nc12,6.46
c1ccc2nc(-c3nc4ccccc4[nH]3)cnc2c1,7.3
Cc1cccc2[nH]c(-c3cnc4ccccc4n3)nc12,5.1
O=c1[nH]c2ccccc2nc1-c1cc(Cl)n[nH]1,5.48
CCc1nc2c([nH]1)c1nc(C)[nH]c1c1nc(CC)[nH]c12,6.01
Cn1cc2c(nc(NC(=O)Nc3cccc[n+]3C)n3nc(-c4ccco4)nc23)n1,6.4
Cn1cc2c(nc(NC(=O)Nc3ccccn3)n3nc(-c4ccco4)nc23)n1,6.68
Cn1cc2c(nc(NC(=O)Nc3cccnc3)n3nc(-c4ccco4)nc23)n1,6.64
Cn1cc2c(nc(NC(=O)Nc3cccc[n+]3[O-])n3nc(-c4ccco4)nc23)n1,6.1
Cn1cc2c(nc(NC(=O)Nc3ccc[n+](C)c3)n3nc(-c4ccco4)nc23)n1,6.48
Cn1cc2c(nc(NC(=O)Nc3ccc[n+]([O-])c3)n3nc(-c4ccco4)nc23)n1,6.26
O=C(Nc1nc2ccccc2n2c(=O)n(-c3ccccc3)nc12)c1ccccc1,7.06
COc1ccc(-n2nc3c(NC(C)=O)nc4c(N)cccc4n3c2=O)cc1,5.57
O=C(Nc1nc2ccccc2n2c(=O)n(-c3ccccc3)nc12)C(c1ccccc1)c1ccccc1,7.73
Nc1cccc2c1nc(NC(=O)c1ccccc1)c1nn(-c3ccccc3)c(=O)n12,7.01
CC(=O)Nc1nc2ccccc2n2c(=O)n(-c3ccccc3)nc12,5.7
CNc1nc(Cl)nc2c1ncn2C1SC(C(=O)NC2CC2)C(O)C1O,7.32
CNC(=O)C1SC(n2cnc3c(NC4CCCC4)nc(Cl)nc32)C(O)C1O,7.86
CCNC(=O)C1SC(n2cnc3c(NCc4ccccc4C)nc(Cl)nc32)C(O)C1O,7.12
Cc1ccccc1CNc1nc(Cl)nc2c1ncn2C1SC(C(=O)NC2CC2)C(O)C1O,7.12
CNc1nc(Cl)nc2c1ncn2C1SC(C(=O)NCC2CC2)C(O)C1O,6.2
CCNC(=O)C1SC(n2cnc3c(NC4CCCC4)nc(Cl)nc32)C(O)C1O,8.7
O=C(NC1CC1)C1SC(n2cnc3c(NCc4cccc(I)c4)nc(Cl)nc32)C(O)C1O,7.04
CNC(=O)C1SC(n2cnc3c(NCc4ccccc4C)nc(Cl)nc32)C(O)C1O,6.29
O=C(NC1CCC1)C1SC(n2cnc3c(NCc4cccc(I)c4)nc(Cl)nc32)C(O)C1O,6.9
O=C(NCC1CC1)C1SC(n2cnc3c(NCc4cccc(I)c4)nc(Cl)nc32)C(O)C1O,5.76
Cc1ccccc1CNc1nc(Cl)nc2c1ncn2C1SC(C(=O)NCC2CC2)C(O)C1O,5.7
CNc1nc(Cl)nc2c1ncn2C1SC(C(=O)NCCC(C)C)C(O)C1O,5.39
O=C(NCc1cccc(Cl)c1)C1SC(n2cnc3c(NCc4cccc(I)c4)nc(Cl)nc32)C(O)C1O,5.77
CCNC(=O)C1SC(n2cnc3c(NC4CC4)nc(Cl)nc32)C(O)C1O,8.49
CNC(=O)C1SC(n2cnc3c(NC4CC4)nc(Cl)nc32)C(O)C1O,7.43
CCNC(=O)C1SC(n2cnc3c(NCc4cccc(I)c4)nc(Cl)nc32)C(O)C1O,6.84
O=C(NC1CC1)C1SC(n2cnc3c(NC4CC4)nc(Cl)nc32)C(O)C1O,8.34
CCCn1c(=O)[nH]c2[nH]c(-c3ccc(S(=O)(=O)NCCc4ccccc4)cc3)nc2c1=O,6.74
Cn1c(=O)c2nc(-c3ccc(S(=O)(=O)NCCc4ccccc4)cc3)[nH]c2n(C)c1=O,6.73
CCCn1c(=O)[nH]c2[nH]c(-c3ccc(S(=O)(=O)NCc4ccccc4)cc3)nc2c1=O,7.26
CCNC(=O)C1OC(n2cnc3c(NCC)nc(C#CC(O)c4ccccc4)nc32)C(O)C1O,8.79
CCCCCCC#Cc1nc(NCC)c2ncn(C3OC(C(=O)NCC)C(O)C3O)c2n1,6.75
CCNC(=O)C1OC(n2cnc3c(NCC)nc(C#CC4(N)CCCCC4)nc32)C(O)C1O,6.14
CCNC(=O)C1OC(n2cnc3c(NCC)nc(C#CCc4ccccc4)nc32)C(O)C1O,7.81
CCNC(=O)C1OC(n2cnc3c(NCC)nc(C#CC4(O)CCCCC4)nc32)C(O)C1O,7.36
CCNC(=O)C1OC(n2cnc3c(NCC)nc(C#CC(O)c4cccc(C(=O)O)c4)nc32)C(O)C1O,6.88
CCNC(=O)C1OC(n2cnc3c(NCC)nc(C#CC(O)c4ccc(OC)cc4)nc32)C(O)C1O,8.82
CCNC(=O)C1OC(n2cnc3c(NCC)nc(C#CC(O)C4CCCC4)nc32)C(O)C1O,8.17
CCNC(=O)C1OC(n2cnc3c(NCC)nc(C#CC(O)c4cccc(OC)c4)nc32)C(O)C1O,8.91
CCNC(=O)C1OC(n2cnc3c(NCC)nc(C#CC(C)O)nc32)C(O)C1O,8.37
CCNC(=O)C1OC(n2cnc3c(NCC)nc(C#CCCCCO)nc32)C(O)C1O,6.96
CCCCCCCCC#Cc1nc(NCC)c2ncn(C3OC(C(=O)NCC)C(O)C3O)c2n1,7.16
CCNC(=O)C1OC(n2cnc3c(NCC)nc(C#CC(O)c4ccccc4[N+](=O)[O-])nc32)C(O)C1O,8.46
CCNC(=O)C1OC(n2cnc3c(NCC)nc(C#CC4(O)CCCC4)nc32)C(O)C1O,7.46
CCNC(=O)C1OC(n2cnc3c(NCC)nc(C#CC4=CCCCC4)nc32)C(O)C1O,6.55
CCNC(=O)C1OC(n2cnc3c(NCC)nc(C#Cc4ccc(OC)cc4)nc32)C(O)C1O,6.25
CCNC(=O)C1OC(n2cnc3c(NCC)nc(C#CCCO)nc32)C(O)C1O,7.7
CCNC(=O)C1OC(n2cnc3c(NCC)nc(C#CC(O)c4cccc([N+](=O)[O-])c4)nc32)C(O)C1O,7.95
CCNC(=O)C1OC(n2cnc3c(NCC)nc(C#CC(O)c4ccccc4OC)nc32)C(O)C1O,8.37
CCNC(=O)C1OC(n2cnc3c(NCC)nc(C#CC(O)C4CCCCC4)nc32)C(O)C1O,8.25
CCCCC#Cc1nc(NCC)c2ncn(C3OC(C(=O)NCC)C(O)C3O)c2n1,7.06
CCNC(=O)C1OC(n2cnc3c(NCC)nc(C#CC(O)c4cccc(C(=O)OC)c4)nc32)C(O)C1O,8.21
CCNC(=O)C1OC(n2cnc3c(NCC)nc(I)nc32)C(O)C1O,7.69
CCCCCC(O)C#Cc1nc(NCC)c2ncn(C3OC(C(=O)NCC)C(O)C3O)c2n1,8.55
CCNC(=O)C1OC(n2cnc3c(NCC)nc(C#CCCCc4ccccc4)nc32)C(O)C1O,7.18
CCNC(=O)C1OC(n2cnc3c(NCC)nc(C#CCC(C)O)nc32)C(O)C1O,7.29
Cc1ccc(-c2nc(-c3ccc(C)cc3)c3[nH]cnc3n2)cc1,6.63
COc1ccc(-c2nc(-c3ccccc3)c3[nH]cnc3n2)cc1,7.5
c1ccc(-c2nc(-c3ccccc3)c3nc(C4CCCCC4)nc-3[nH]2)cc1,9.14
CCCc1nc2[nH]c(-c3ccccc3)nc(-c3ccccc3)c-2n1,8.36
Cc1ccc(-c2nc(-c3ccccc3)c3[nH]cnc3n2)cc1,8.4
c1ccc(-c2nc(-c3ccccc3)c3[nH]c(-c4ccccc4)nc3n2)cc1,7.68
Cc1ccc(-c2[nH]c(-c3ccccc3)nc3nc(C4CCCCC4)nc2-3)cc1,7.44
Clc1ccc(-c2[nH]c(-c3ccccc3)nc3nc(C4CCCCC4)nc2-3)cc1Cl,7.43
CC(C)c1nc2[nH]c(-c3ccccc3)nc(-c3ccccc3)c-2n1,9.09
Clc1ccc(-c2[nH]c(-c3ccccc3)nc3nc(C4CCCCC4)nc2-3)cc1,7.6
O=C(Nc1ccncc1)Nc1nc2nn(CCCO)cc2c2nc(-c3ccco3)nn12,6.46
CCCn1c(=O)c2nc(-c3cnn(Cc4noc(-c5ccccc5C(F)(F)F)n4)c3)[nH]c2n(CCC)c1=O,5.72
CCCn1c(=O)c2nc(-c3cnn(Cc4cc(-c5cccc(Cl)c5)on4)c3)[nH]c2n(CCC)c1=O,5.34
CCCn1c(=O)c2nc(-c3cnn(Cc4noc(-c5ccc(OC)cc5)n4)c3)[nH]c2n(CCC)c1=O,5.41
CCCn1c(=O)c2nc(-c3cnn(Cc4cc(-c5ccccc5C(F)(F)F)on4)c3)[nH]c2n(CCC)c1=O,5.43
CCCn1c(=O)c2nc(-c3cnn(Cc4nc(-c5ccccc5OC)no4)c3)[nH]c2n(CCC)c1=O,5.72
CCCn1c(=O)c2nc(-c3cnn(Cc4nc(-c5ccccc5C(F)(F)F)no4)c3)[nH]c2n(CCC)c1=O,6.28
CCCn1c(=O)c2nc(-c3cnn(Cc4noc(-c5cccc(OC)c5)n4)c3)[nH]c2n(CCC)c1=O,6.09
CCCn1c(=O)c2nc(-c3cnn(CC(=O)Nc4ccccc4Cl)c3)[nH]c2n(CCC)c1=O,6.99
CCCn1c(=O)c2[nH]c(-c3cnn(Cc4noc(-c5ccccc5)n4)c3)nc2n(CCC)c1=O,6.0
CCCn1c(=O)c2nc(-c3cnn(Cc4cc(-c5ccc(C(F)(F)F)cc5)on4)c3)[nH]c2n(CCC)c1=O,5.64
CCCn1c(=O)c2nc(-c3cnn(Cc4nc(-c5ccc(C#N)cc5)no4)c3)[nH]c2n(CCC)c1=O,5.89
CCCn1c(=O)c2nc(-c3cnn(Cc4nc(-c5ccc(OC)cc5)no4)c3)[nH]c2n(CCC)c1=O,5.52
CCCn1c(=O)c2nc(-c3cnn(Cc4noc(-c5ccccc5Cl)n4)c3)[nH]c2n(CCC)c1=O,6.2
CCCn1c(=O)c2nc(-c3cnn(Cc4nc(-c5ccccc5Cl)no4)c3)[nH]c2n(CCC)c1=O,5.6
CCCn1c(=O)c2nc(-c3cnn(Cc4nc(-c5cccc(OC)c5)no4)c3)[nH]c2n(CCC)c1=O,5.66
CCCn1c(=O)c2nc(-c3cnn(Cc4nc(-c5ccc(Cl)cc5)no4)c3)[nH]c2n(CCC)c1=O,6.13
CCCn1c(=O)c2nc(-c3cnn(Cc4noc(-c5ccc(C#N)cc5)n4)c3)[nH]c2n(CCC)c1=O,6.24
CCCn1c(=O)c2nc(-c3cnn(Cc4cc(-c5ccccc5OC)on4)c3)[nH]c2n(CCC)c1=O,5.48
CCCn1c(=O)c2nc(-c3cnn(Cc4nc(-c5cccc(Cl)c5)no4)c3)[nH]c2n(CCC)c1=O,6.19
CCCn1c(=O)c2nc(-c3cnn(Cc4nc(-c5ccc(C)cc5)no4)c3)[nH]c2n(CCC)c1=O,5.58
CCCn1c(=O)c2nc(-c3cnn(Cc4noc(-c5cccc(Cl)c5)n4)c3)[nH]c2n(CCC)c1=O,5.52
CCCn1c(=O)c2nc(-c3cnn(Cc4noc(-c5ccc(Cl)cc5)n4)c3)[nH]c2n(CCC)c1=O,5.54
CCCn1c(=O)c2nc(-c3cnn(Cc4cc(-c5cccc(OC)c5)on4)c3)[nH]c2n(CCC)c1=O,5.46
CCCn1c(=O)c2nc(-c3cnn(Cc4nc(-c5ccc(C(F)(F)F)cc5)no4)c3)[nH]c2n(CCC)c1=O,5.48
CCCn1c(=O)c2nc(-c3cnn(Cc4nc(-c5cccc(C(F)(F)F)c5)no4)c3)[nH]c2n(CCC)c1=O,5.46
CCCn1c(=O)c2nc(-c3cnn(Cc4cc(-c5ccc(OC)cc5)on4)c3)[nH]c2n(CCC)c1=O,5.7
CCCn1c(=O)c2nc(-c3cnn(Cc4nc(-c5cccc(C)c5)no4)c3)[nH]c2n(CCC)c1=O,5.85
CC(C)c1nc(N)c2nc(-n3nccn3)n(C)c2n1,5.64
Cn1c(-n2nccn2)nc2c(N)nc(CCc3ccccc3)nc21,7.1
Cc1cc2c(nc(-n3nccn3)n2C)c(N)n1,6.47
Cn1c(-n2nccn2)nc2c(N)ncnc21,9.4
CCCCc1nc(N)c2nc(-n3nccn3)n(C)c2n1,7.14
Cc1nc(N)c2nc(-n3nccn3)n(C)c2n1,7.98
Cn1nc(C(F)(F)F)c(CN2CCN(c3nc(N)n4nc(-c5ccco5)nc4n3)CC2)c1Cl,5.0
Cc1ccc(CNC(=O)c2cnc3nc(C)ccc3c2O)cc1,5.8
Cc1ccc2c(O)c(C(=O)NCc3ccc(F)cc3)cnc2n1,5.78
Cc1ccc2c(O)c(Cc3ccccc3)cnc2n1,5.38
Nc1ccc2c(O)c(C(=O)NCc3ccccc3)cnc2n1,6.2
Cc1ccc2c(O)c(C(=O)NCc3ccc(Cl)cc3)cnc2n1,5.79
Cc1ccc2c(S)c(Cc3ccccc3)cnc2n1,5.06
Cc1ccc2c(O)c(Cc3ccccc3Cl)cnc2n1,5.38
Cc1ccc2c(O)c(C(=O)NC(C)c3ccccc3)cnc2n1,6.14
COc1ccc(CNC(=O)c2cnc3nc(C)ccc3c2O)cc1,5.36
Cc1ccc2c(O)c(C(=O)NC3CCC(C)CC3)cnc2n1,5.25
Nc1ccc2c(O)c(C(=O)NCc3ccc(Cl)cc3)cnc2n1,5.21
OC1CSC(n2cnc3c(NCc4cccc(I)c4)nc(Cl)nc32)C1O,5.6
CNc1nc(Cl)nc2c1ncn2C1SCC(O)C1O,7.26
O=C1NCCC12OC(n1cnc3c(NCc4cccc(I)c4)ncnc31)C(O)C2O,4.92
O=c1[nH]c2ccccc2c2cn(-c3ccccc3)nc12,6.69
COc1ccc(-n2cc3c(n2)c(NC(=O)Cc2ccccc2)nc2ccccc23)cc1,6.7
Cc1ccc(-n2cc3c(n2)c(NC(=O)c2ccccc2)nc2ccccc23)cc1,6.2
CC(=O)Nc1nc2ccccc2c2cn(-c3ccc(C)cc3)nc12,6.34
Cc1cccc(-n2cc3c(n2)c(NC(=O)NCc2ccccc2)nc2ccccc23)c1,5.17
O=c1[nH]c2ccccc2c2cn(-c3ccc([N+](=O)[O-])cc3)nc12,6.45
COc1ccc(-n2cc3c(n2)c(=O)[nH]c2ccccc23)cc1,6.75
COc1cccc(-n2cc3c(n2)c(=O)[nH]c2ccccc23)c1,7.85
Cc1cccc(-n2cc3c(n2)c(NC(=O)c2ccccc2)nc2ccccc23)c1,7.24
CC(=O)Nc1nc2ccccc2c2cn(-c3cccc(C)c3)nc12,6.69
COc1cccc(-n2cc3c(n2)c(N)nc2ccccc23)c1,7.5
COc1ccc(-n2cc3c(n2)c(NC(=O)c2ccccc2)nc2ccccc23)cc1,6.6
Cc1cccc(-n2cc3c(n2)c(NC(=O)Cc2ccccc2)nc2ccccc23)c1,7.22
Cc1cccc(-n2cc3c(n2)c(N)nc2ccccc23)c1,7.68
Cc1ccc(-n2cc3c(n2)c(N)nc2ccccc23)cc1,7.35
COc1ccc(-n2cc3c(n2)c(N)nc2ccccc23)cc1,7.4
COc1ccc(-n2cc3c(n2)c(NC(C)=O)nc2ccccc23)cc1,5.54
Cc1ccc(-c2nn3c(=O)[nH]c4ccc(Cl)cc4n3c2=O)cc1,6.05
Nc1nc2ccccc2n2c(=O)c(-c3ccc(F)cc3)nn12,7.19
O=c1[nH]c2ccccc2n2c(=O)c(-c3ccc(F)cc3)nn12,6.23
O=C(Nc1nc2ccccc2n2c(=O)c(-c3ccccc3)nn12)c1ccccc1,6.69
Cc1ccc(-c2nn3c(N)nc4ccc(Cl)cc4n3c2=O)cc1,7.72
COc1ccc(-c2nn3c(N)nc4ccccc4n3c2=O)cc1,7.05
COc1ccc(C(=O)Nc2nc3ccccc3n3c(=O)c(-c4ccc(C)cc4)nn23)cc1,7.09
O=c1[nH]c2ccccc2n2c(=O)c(-c3ccccc3)nn12,6.47
O=C(c1ccccc1)N(C(=O)c1ccccc1)c1nc2ccccc2n2c(=O)c(-c3ccccc3)nn12,6.93
Nc1nc2ccccc2n2c(=O)c(-c3ccc(Cl)cc3)nn12,6.98
COc1ccc(-c2nn3c(=O)[nH]c4ccccc4n3c2=O)cc1,5.97
COc1ccc(NC(=O)Nc2nc3ccccc3n3c(=O)c(-c4ccccc4)nn23)cc1,6.33
Nc1nc2ccccc2n2c(=O)c(-c3ccccc3)nn12,7.36
Cc1ccc(-c2nn3c(N)nc4ccccc4n3c2=O)cc1,7.34
Nc1nc2ccc(Cl)cc2n2c(=O)c(-c3ccc(Cl)cc3)nn12,6.97
Nc1nc2ccc(Cl)cc2n2c(=O)c(-c3ccccc3)nn12,7.1
COc1ccc(C(=O)Nc2nc3ccc(Cl)cc3n3c(=O)c(-c4ccccc4)nn23)cc1,5.57
O=C(Nc1nc2ccccc2n2c(=O)c(-c3ccccc3)nn12)c1cccc(Cl)c1,6.41
O=C(Nc1cccc(Cl)c1)Nc1nc2ccccc2n2c(=O)c(-c3ccccc3)nn12,6.12
O=C(Nc1nc2ccc(Cl)cc2n2c(=O)c(-c3ccccc3)nn12)c1cccc(Cl)c1,6.04
COc1ccc(C(=O)Nc2nc3ccccc3n3c(=O)c(-c4ccccc4)nn23)cc1,7.0
OCC1OC(n2cnc3c(NC4CC[Se]C4)ncnc32)C(O)C1O,8.1
OCC1OC(n2cnc3c(NC4CCSC4)ncnc32)C(O)C1O,7.16
O=C(OCc1ccccc1Cl)N1C2CCC1C(Nc1ncnc3c1ncn3C1OC(CO)C(O)C1O)C2,6.11
OCC1OC(n2cnc3c(NC4CC5CCC4N5)ncnc32)C(O)C1O,7.29
O=C(OCc1ccccc1)N1CCC(Nc2ncnc3c2ncn3C2OC(CO)C(O)C2O)C1,6.54
CC(C)(C)OC(=O)N1C2CCC1C(Nc1ncnc3c1ncn3C1OC(CO)C(O)C1O)C2,7.5
OCC1OC(n2cnc3c(NC4CCOC4)ncnc32)C(O)C1O,7.19
CC(=O)N1CCC(Nc2ncnc3c2ncn3C2OC(CO)C(O)C2O)C1,6.09
CC(C)(C)OC(=O)N1CCC(Nc2ncnc3c2ncn3C2OC(CO)C(O)C2O)C1,6.03
O=C(OCc1ccccc1)N1C2CCC1C(Nc1ncnc3c1ncn3C1OC(CO)C(O)C1O)C2,6.79
O=C(OCc1ccccc1Br)N1C2CCC1C(Nc1ncnc3c1ncn3C1OC(CO)C(O)C1O)C2,7.68
CCNC(=O)C1OC(n2cnc3c(Nc4ccc(OCC(=O)Nc5ccc(OC)cc5)cc4)ncnc32)C(O)C1O,8.33
CCNC(=O)C1OC(n2cnc3c(Nc4ccc(OCC(=O)Nc5ccc(OC)c(OC)c5)cc4)ncnc32)C(O)C1O,8.11
CCNC(=O)C1OC(n2cnc3c(Nc4ccc(OCC(=O)Nc5ccc(N6CCOCC6)cc5)cc4)ncnc32)C(O)C1O,7.11
CCNC(=O)C1OC(n2cnc3c(Nc4ccc(OCC(=O)NCc5ccccc5)cc4)nc(Cl)nc32)C(O)C1O,7.65
CCNC(=O)C1OC(n2cnc3c(Nc4ccc(OCC(=O)Nc5ccccc5)cc4)ncnc32)C(O)C1O,8.07
CCNC(=O)C1OC(n2cnc3c(Nc4ccc(OCC(=O)Nc5ccc(Cl)cc5)cc4)ncnc32)C(O)C1O,8.51
CCNC(=O)C1OC(n2cnc3c(Nc4ccc(OCC(=O)NC5CCCCC5)cc4)nc(Cl)nc32)C(O)C1O,7.51
CCNC(=O)C1OC(n2cnc3c(Nc4ccc(OCC(=O)NCc5ccccc5)cc4)ncnc32)C(O)C1O,7.69
CCNC(=O)C1OC(n2cnc3c(Nc4ccc(OCC(=O)Nc5ccccc5C(F)(F)F)cc4)ncnc32)C(O)C1O,7.5
CCNC(=O)C1OC(n2cnc3c(Nc4ccc(OCC(=O)Nc5ccncc5)cc4)ncnc32)C(O)C1O,7.95
CCNC(=O)C1OC(n2cnc3c(Nc4ccc(OCC(=O)Nc5cc(OC)cc(OC)c5)cc4)ncnc32)C(O)C1O,7.82
CCNC(=O)C1OC(n2cnc3c(Nc4ccc(OCC(=O)Nc5ccccc5)cc4)nc(Cl)nc32)C(O)C1O,7.52
CCNC(=O)C1OC(n2cnc3c(Nc4ccc(OCC(=O)Nc5ccc6c(c5)OCO6)cc4)ncnc32)C(O)C1O,8.08
CCNC(=O)C1OC(n2cnc3c(Nc4ccc(OCC(=O)NC5CCCCC5)cc4)ncnc32)C(O)C1O,7.79
CCNC(=O)C1OC(n2cnc3c(Nc4ccc(OCC(=O)Nc5ccc(OC)cc5)cc4)nc(Cl)nc32)C(O)C1O,7.3
CCNC(=O)C1OC(n2cnc3c(Nc4ccc(OCC(=O)Nc5ccc(C(C)(C)C)cc5)cc4)ncnc32)C(O)C1O,7.73
CCNC(=O)C1OC(n2cnc3c(Nc4ccc(OCC(=O)Nc5ccc(F)cc5)cc4)ncnc32)C(O)C1O,8.64
CCNC(=O)C1OC(n2cnc3c(Nc4ccc(OCC(=O)Nc5ccc(I)cc5)cc4)ncnc32)C(O)C1O,8.28
CCNC(=O)C1OC(n2cnc3c(Nc4ccc(OCC(=O)Nc5ccc(Br)cc5)cc4)ncnc32)C(O)C1O,8.46
CCNC(=O)C1OC(n2cnc3c(Nc4ccc(OCC(=O)NCc5ccc(OC)cc5)cc4)ncnc32)C(O)C1O,7.55
Oc1nc2c(-c3ccccc3)cc(-c3ccccc3)nc2[nH]1,8.07
Cc1nc2c(-c3ccccc3)cc(-c3ccccc3)nc2[nH]1,7.85
c1ccc(-c2cc(-c3ccccc3)c3nc(C4CCCCC4)[nH]c3n2)cc1,9.05
CCC(CC)c1nc2c(-c3ccccc3)cc(-c3ccccc3)nc2[nH]1,9.06
CCc1nc2c(C)cc(C)nc2[nH]1,7.0
CC(C)c1nc2c(-c3ccccc3)cc(-c3ccccc3)nc2[nH]1,9.21
CC(C)(C)c1nc2c(-c3ccccc3)cc(-c3ccccc3)nc2[nH]1,8.26
c1ccc(-c2cc(-c3ccccc3)c3nc(C4CCCC4)[nH]c3n2)cc1,9.21
c1ccc(-c2cc(-c3ccccc3)c3nc[nH]c3n2)cc1,8.92
CCCn1c(=O)c2nc(C34CCC(CO)(CC3)CC4)[nH]c2n(CCC)c1=O,7.8
CCCn1c(=O)c2nc(C34CCC(CCC(=O)O)(CC3)CC4)[nH]c2n(CCC)c1=O,8.13
CCCn1c(=O)c2nc(C34CCC(C(=O)NCCC(=O)OC)(CC3)CC4)[nH]c2n(CCC)c1=O,7.66
CCCn1c(=O)c2nc(C34CCC(C=O)(CC3)CC4)[nH]c2n(CCC)c1=O,7.82
CCCn1c(=O)c2nc(C34CCC(C(=O)N5CCC(C(=O)O)CC5)(CC3)CC4)[nH]c2n(CCC)c1=O,7.02
CCCn1c(=O)c2nc(C34CCC(C(=O)O)(CC3)CC4)[nH]c2n(CCC)c1=O,7.48
CCCCNC(=O)C1CCC(c2nc3c(=O)n(CCC)c(=O)n(CCC)c3[nH]2)CC1,7.34
CCCn1c(=O)c2nc(C3CCC(CO)CC3)[nH]c2n(CCC)c1=O,7.39
CCCn1c(=O)c2nc(C34CCC(C(=O)OC)(CC3)CC4)[nH]c2n(CCC)c1=O,8.05
CCCn1c(=O)c2nc(C34CCC(C(=O)N(C)CC(=O)OC)(CC3)CC4)[nH]c2n(CCC)c1=O,6.95
CCCn1c(=O)c2nc(C34CCC(CCCC(=O)O)(CC3)CC4)[nH]c2n(CCC)c1=O,7.54
CCCn1c(=O)c2nc(C3CCC(COCc4ccccc4)CC3)[nH]c2n(CCC)c1=O,6.77
CCCn1c(=O)c2nc(C3CCC(NC(=O)OCc4ccccc4)CC3)[nH]c2n(CCC)c1=O,6.96
CCCn1c(=O)c2nc(C34CCC(C(=O)NCC(=O)O)(CC3)CC4)[nH]c2n(CCC)c1=O,7.31
CCCn1c(=O)c2nc(C34CCC(C=CC(=O)O)(CC3)CC4)[nH]c2n(CCC)c1=O,8.02
CCCn1c(=O)c2nc(C3CCC(C(=O)NCCN(C)C)CC3)[nH]c2n(CCC)c1=O,7.92
CNc1nc(-c2cn(Cc3ccccc3)nn2)nc2c1ncn2C1OC(CO)C(O)C1O,6.11
CCNC(=O)C1OC(n2cnc3c(NC)nc(-n4cc(CC5CCCC5)nn4)nc32)C(O)C1O,5.9
CCNC(=O)C1OC(n2cnc3c(NC)nc(N=[N+]=[N-])nc32)C(O)C1O,6.37
CNc1nc(-n2cc(CC3CCCC3)nn2)nc2c1ncn2C1OC(CO)C(O)C1O,6.47
CNc1nc(N=[N+]=[N-])nc2c1ncn2C1OC(CO)C(O)C1O,6.64
CCNC(=O)C1OC(n2cnc3c(NC)nc(-n4cc(Cc5ccccc5)nn4)nc32)C(O)C1O,6.29
CNc1nc(-n2cc(CCO)nn2)nc2c1ncn2C1OC(CO)C(O)C1O,5.9
CCCCc1cn(-c2nc(NC)c3ncn(C4OC(CO)C(O)C4O)c3n2)nn1,6.07
CCNC(=O)C1OC(n2cnc3c(NC)nc(-n4ccnn4)nc32)C(O)C1O,6.23
CNc1nc(-n2cc(Cc3ccccc3)nn2)nc2c1ncn2C1OC(CO)C(O)C1O,6.23
CCNC(=O)C1OC(n2cnc3c(NC)nc(-n4cc(-c5ccccn5)nn4)nc32)C(O)C1O,5.79
CNc1nc(-n2ccnn2)nc2c1ncn2C1OC(CO)C(O)C1O,6.0
CCc1cn(-c2nc(NC)c3ncn(C4OC(CO)C(O)C4O)c3n2)nn1,5.54
CNc1nc(-c2cn(Cc3cccc(Cl)c3)nn2)nc2c1ncn2C1OC(CO)C(O)C1O,6.02
CNc1nc(-n2cc(CC3CCCCC3)nn2)nc2c1ncn2C1OC(CO)C(O)C1O,5.84
CNc1nc(-c2cn(Cc3cccc(OC)c3)nn2)nc2c1ncn2C1OC(CO)C(O)C1O,6.02
CNc1nc(-n2cc(-c3ccccn3)nn2)nc2c1ncn2C1OC(CO)C(O)C1O,5.71
COc1ccc(Cl)c(CNc2nc(N=[N+]=[N-])nc3c2ncn3C2OC(CO)C(O)C2O)c1,7.22
COc1ccc(Cl)c(CNc2nc(-n3cc(CC4CCCC4)nn3)nc3c2ncn3C2OC(CO)C(O)C2O)c1,6.08
CCCCc1cn(-c2nc(NC)c3ncn(C4OC(C(=O)NCC)C(O)C4O)c3n2)nn1,6.12
CNc1nc(-n2cc(CN(C)C)nn2)nc2c1ncn2C1OC(CO)C(O)C1O,5.42
CCCN1C(=O)N2CC(C)N=C2c2[nH]c(C34CCC(O)(CC3)CC4)nc21,7.22
CCCN1C(=O)N2CC(C(C)C)N=C2c2[nH]c(C34CCC(CCC(=O)O)(CC3)CC4)nc21,7.35
CCCN1C(=O)N2CC(C(C)C)N=C2c2[nH]c(C34CCC(O)(CC3)CC4)nc21,7.46
CCCn1c(=O)c2nc(C34CCC(O)(CC3)CC4)[nH]c2n(CCC)c1=O,8.7
CCNC(=O)C1OC(n2cnc3c(NNC(=O)c4sccc4C)nc(Cl)nc32)C(O)C1O,5.8
CCNC(=O)C1OC(n2cnc3c(NNC(=O)c4ccc(C)o4)ncnc32)C(O)C1O,6.16
CCNC(=O)C1OC(n2cnc3c(NNC(=O)c4ccc(C)s4)nc(Cl)nc32)C(O)C1O,5.58
CCNC(=O)C1OC(n2cnc3c(NNC(=O)c4ccc[nH]4)nc(Cl)nc32)C(O)C1O,6.21
CCNC(=O)C1OC(n2cnc3c(NNC(=O)c4ccco4)nc(Cl)nc32)C(O)C1O,5.46
CCNC(=O)C1OC(n2cnc3c(NNC(=O)c4cccs4)nc(Cl)nc32)C(O)C1O,6.13
CCNC(=O)C1OC(n2cnc3c(NNC(=O)c4ccc(C)s4)ncnc32)C(O)C1O,5.96
CCNC(=O)C1OC(n2cnc3c(NNC(=O)c4ccco4)ncnc32)C(O)C1O,5.98
CCNC(=O)C1OC(n2cnc3c(NNC(=O)Cc4cccs4)nc(Cl)nc32)C(O)C1O,7.21
CCNC(=O)C1OC(n2cnc3c(NNC(=O)c4ccsc4)nc(Cl)nc32)C(O)C1O,6.03
CCNC(=O)C1OC(n2cnc3c(NNC(=O)c4ccc(Br)o4)ncnc32)C(O)C1O,6.11
CCN(CC)CCSc1nc(N)c(C#N)c(-c2ccccc2Cl)c1C#N,6.23
N#Cc1c(-c2ccc(F)cc2)cc(C2CC2)nc1N,6.06
N#Cc1c(-c2ccccc2Cl)cc(-c2ccccc2)nc1N,6.62
COc1cc(-c2cc(-c3ccc(O)cc3)nc(N)c2C#N)ccc1O,7.03
CCSc1nc(N)nc(-c2ccccc2)n1,7.17
COc1ccc(-c2cccc(-c3nc(N)nc(SC)n3)c2)cn1,6.08
CCOc1cc(-c2cc(-c3ccc(O)cc3)nc(N)c2C#N)ccc1O,7.38
N#Cc1c(-c2ccc(Cl)cc2)cc(-c2ccccc2Cl)nc1N,5.76
CSc1nc(N)nc(-c2cccc(-c3ccc4[nH]ccc4c3)c2)n1,6.66
N#Cc1c(-c2ccc(Cl)cc2)cc(-c2ccccc2)nc1N,6.72
N#Cc1c(-c2ccc(F)cc2)cc(-c2ccccc2)nc1N,7.23
CNC(=O)C1OC(n2cnc3c(NOC)nc(C#Cc4ccc(C)cc4)nc32)C(O)C1O,4.92
CCNC(=O)C1OC(n2cnc3c(NOC)nc(C#Cc4ccccn4)nc32)C(O)C1O,6.76
CNC(=O)C1OC(n2cnc3c(NOC)nc(C#Cc4ccc(C(C)=O)cc4)nc32)C(O)C1O,4.27
CONc1nc(C#Cc2ccccc2)nc2c1ncn2C1OC(CO)C(O)C1O,5.92
CONc1nc(I)nc2c1ncn2C1OC(CO)C(O)C1O,7.24
CONc1nc(C#CCCCC#N)nc2c1ncn2C1OC(CO)C(O)C1O,6.55
CONc1nc(C#Cc2ccncc2)nc2c1ncn2C1OC(CO)C(O)C1O,5.92
CCCCCc1ccc(C#Cc2nc(NOC)c3ncn(C4OC(C(=O)NCC)C(O)C4O)c3n2)cc1,5.39
CCNC(=O)C1OC(n2cnc3c(NOC)nc(C#Cc4ccccc4)nc32)C(O)C1O,5.73
CONc1nc(C#Cc2ccccn2)nc2c1ncn2C1OC(CO)C(O)C1O,6.36
CCC(=O)C1OC(n2cnc3c(N)nc(C#Cc4ccccc4)nc32)C(O)C1O,5.41
CONc1nc(C#Cc2ccc(OC)cc2)nc2c1ncn2C1OC(CO)C(O)C1O,5.73
CCNC(=O)C1OC(n2cnc3c(NOC)nc(C#Cc4ccc(F)cc4)nc32)C(O)C1O,5.73
CONc1nc(C#CC2CCCCC2O)nc2c1ncn2C1OC(CO)C(O)C1O,7.47
CNC(=O)C1OC(n2cnc3c(NOC)nc(I)nc32)C(O)C1O,6.82
CONc1nc(C#Cc2ccc(CC#N)cc2)nc2c1ncn2C1OC(CO)C(O)C1O,6.12
CCCCCc1ccc(C#Cc2nc(NOC)c3ncn(C4OC(C(=O)NC)C(O)C4O)c3n2)cc1,4.32
CNC(=O)C1OC(n2cnc3c(NOC)nc(C#Cc4ccc(F)cc4)nc32)C(O)C1O,5.52
CCCCCc1ccc(C#Cc2nc(NOC)c3ncn(C4OC(CO)C(O)C4O)c3n2)cc1,6.14
CONc1nc(C#Cc2ccc(C(N)=O)cc2)nc2c1ncn2C1OC(CO)C(O)C1O,6.04
CONc1nc(C#Cc2ccc(C)cc2)nc2c1ncn2C1OC(CO)C(O)C1O,5.86
CCNC(=O)C1OC(n2cnc3c(NOC)nc(C#Cc4ccc(C)cc4)nc32)C(O)C1O,5.85
CNC(=O)C1OC(n2cnc3c(NOC)nc(C#Cc4ccccn4)nc32)C(O)C1O,5.4
CNC(=O)C1OC(n2cnc3c(NOC)nc(C#Cc4ccccc4)nc32)C(O)C1O,5.04
CONc1nc(C#CCC(C)O)nc2c1ncn2C1OC(CO)C(O)C1O,7.02
C#Cc1nc(NOC)c2ncn(C3OC(CO)C(O)C3O)c2n1,7.6
CONc1nc(C#Cc2cccc(C(F)(F)F)c2)nc2c1ncn2C1OC(CO)C(O)C1O,5.61
CONc1nc(C#Cc2ccc(C(C)=O)cc2)nc2c1ncn2C1OC(CO)C(O)C1O,5.89
CONc1nc(C#Cc2cccnc2)nc2c1ncn2C1OC(CO)C(O)C1O,6.59
CONc1nc(C#C[Si](C)(C)C)nc2c1ncn2C1OC(CO)C(O)C1O,7.66
CCCCC#Cc1nc(NOC)c2ncn(C3OC(CO)C(O)C3O)c2n1,7.01
CCNC(=O)C1OC(n2cnc3c(NOC)nc(I)nc32)C(O)C1O,7.28
CONc1nc(C#Cc2ccc(F)cc2)nc2c1ncn2C1OC(CO)C(O)C1O,5.55
CCNC(=O)C1OC(n2cnc3c(N)nc(C#Cc4ccccc4)nc32)C(O)C1O,6.25
CCNC(=O)C1OC(n2cnc3c(NOC)nc(C#Cc4ccc(C(C)=O)cc4)nc32)C(O)C1O,5.91
CCOc1nc(N)c2ncn(C3OC(CO)C(O)C3O)c2n1,5.58
Nc1nc(OCCc2cc3ccccc3[nH]2)nc2c1ncn2C1OC(CO)C(O)C1O,6.71
Nc1nc(OCCc2c[nH]c3ccc(Cl)cc23)nc2c1ncn2C1OC(CO)C(O)C1O,6.89
CCNc1nc(OCCc2c[nH]c3ccccc23)nc2c1ncn2C1OC(CO)C(O)C1O,6.19
Nc1nc(OCCCCc2ccccc2)nc2c1ncn2C1OC(CO)C(O)C1O,5.69
CCNC(=O)C1OC(n2cnc3c(NC(=N)N)ncnc32)C(O)C1O,8.15
COc1ccc2[nH]cc(CCOc3nc(N)c4ncn(C5OC(CO)C(O)C5O)c4n3)c2c1,5.74
N=C(N)Nc1nc(OCCc2c[nH]c3ccccc23)nc2c1ncn2C1OC(CO)C(O)C1O,7.13
Nc1nc(OCCc2c[nH]c3cc(Br)ccc23)nc2c1ncn2C1OC(CO)C(O)C1O,6.6
Nc1nc(OCCc2ccccc2F)nc2c1ncn2C1OC(CO)C(O)C1O,6.48
CCNC(=O)C1OC(n2cnc3c(N)nc(OCCc4c[nH]c5ccccc45)nc32)C(O)C1O,6.72
Nc1nc(OCCc2ccsc2)nc2c1ncn2C1OC(CO)C(O)C1O,6.55
Nc1nc(OCCc2c[nH]c3c(Br)cccc23)nc2c1ncn2C1OC(CO)C(O)C1O,6.68
Nc1nc(OCCCc2ccccc2)nc2c1ncn2C1OC(CO)C(O)C1O,6.02
Nc1nc(OCCc2c[nH]c3ccc(Br)cc23)nc2c1ncn2C1OC(CO)C(O)C1O,6.45
Nc1nc(OCCc2cccs2)nc2c1ncn2C1OC(CO)C(O)C1O,6.76
COc1ccc2[nH]c(C)c(CCOc3nc(N)c4ncn(C5OC(CO)C(O)C5O)c4n3)c2c1,6.24
CC(Cc1ccccc1)Nc1ncnc2c1ncn2C1OC(CO)C(O)C1O,8.7
CCNC(=O)C1OC(n2cnc3c(N)nc(C#CC(O)c4ccccc4)nc32)C(O)C1O,8.68
Nc1nc(OCCc2c[nH]c3ccc(I)cc23)nc2c1ncn2C1OC(CO)C(O)C1O,6.46
Nc1nc(OCCc2ccccc2)nc2c1ncn2C1OC(CO)C(O)C1O,6.66
CC(CCOc1nc(N)c2ncn(C3OC(CO)C(O)C3O)c2n1)c1ccccc1,5.81
Nc1nc(OCCc2cc[nH]c2)nc2c1ncn2C1OC(CO)C(O)C1O,6.66
Nc1nc(OCCc2c[nH]c3ccc(O)cc23)nc2c1ncn2C1OC(CO)C(O)C1O,6.51
Nc1nc(OCCc2ccc(F)cc2)nc2c1ncn2C1OC(CO)C(O)C1O,6.33
Nc1nc(OCCc2ccc3ccccc3c2)nc2c1ncn2C1OC(CO)C(O)C1O,6.85
Nc1nc(OCCc2c[nH]c3cccc(Br)c23)nc2c1ncn2C1OC(CO)C(O)C1O,6.35
Nc1nc(OCCc2cccc(F)c2)nc2c1ncn2C1OC(CO)C(O)C1O,6.51
O=C(Nc1nc(-c2ccccc2)cc(-c2ccccc2)n1)C1CC1,7.6
CC(C)CC(=O)Nc1nc(-c2ccccc2)cc(-c2ccccc2)n1,7.6
CCC(=O)Nc1nc(-c2ccccc2)cc(-c2ccccc2)n1,7.33
CC(=O)Nc1cc(-c2ccccc2)nc(-c2ccccc2)n1,7.43
O=C(Nc1nc(-c2ccccc2)cc(-c2ccccc2)n1)c1cccc(Cl)c1,6.43
CCC(CC)C(=O)Nc1nc(-c2ccccc2)cc(-c2ccccc2)n1,7.57
CCCCC(=O)Nc1nc(-c2ccccc2)cc(-c2ccccc2)n1,7.56
CC(=O)Nc1nc(-c2ccccc2)cc(-c2ccccc2)n1,6.32
CC(C)C(=O)Nc1cc(-c2ccccc2)nc(-c2ccccc2)n1,7.96
O=C(Nc1cc(-c2ccccc2)nc(-c2ccccc2)n1)C1CCCC1,8.67
CCCC(=O)Nc1cc(-c2ccccc2)nc(-c2ccccc2)n1,7.75
O=C(Nc1cc(-c2ccccc2)nc(-c2ccccc2)n1)C1CCCCC1,7.81
CC(C)C(=O)Nc1nc(-c2ccccc2)cc(-c2ccccc2)n1,8.05
O=C(Nc1nc(-c2ccccc2)cc(-c2ccccc2)n1)C1CCC1,6.97
CCC(CC)C(=O)Nc1cc(-c2ccccc2)nc(-c2ccccc2)n1,8.2
CCC(C)C(=O)Nc1cc(-c2ccccc2)nc(-c2ccccc2)n1,8.65
CC(C)(C)CC(=O)Nc1cc(-c2ccccc2)nc(-c2ccccc2)n1,8.06
O=C(Nc1cc(-c2ccccc2)nc(-c2ccccc2)n1)C1CCC1,8.19
CC(C)CC(=O)Nc1cc(-c2ccccc2)nc(-c2ccccc2)n1,7.83
O=C(Nc1cc(-c2ccccc2)nc(-c2ccccc2)n1)C1CC1,8.12
O=C(Nc1nc(-c2ccccc2)cc(-c2ccccc2)n1)C1CCCC1,7.94
CCCCC(=O)Nc1cc(-c2ccccc2)nc(-c2ccccc2)n1,6.96
O=C(Nc1nc(-c2ccccc2)cc(-c2ccccc2)n1)C1CCCCC1,6.92
CC(C)(C)C(=O)Nc1nc(-c2ccccc2)cc(-c2ccccc2)n1,6.65
CCC(=O)Nc1cc(-c2ccccc2)nc(-c2ccccc2)n1,8.02
Nc1nc(-c2ccco2)c2cc[nH]c2n1,5.56
Cc1cccc(Cn2ncc3c(-c4ccco4)nc(N)nc32)c1,6.6
Nc1nc(-c2ccco2)c2ncn(C(=O)NCc3ccccc3Cl)c2n1,7.58
Nc1nc(-c2cc[nH]n2)c2cnn(Cc3ccccc3F)c2n1,5.79
Nc1nc(-c2ccco2)c2cnn(Cc3ccc([N+](=O)[O-])cc3)c2n1,5.79
Cc1ccc(CNC(=O)n2cnc3c(-c4ccco4)nc(N)nc32)cc1,7.12
Nc1nc(-c2ccco2)c2cnn(Cc3c(F)cccc3F)c2n1,6.89
Nc1nc(-c2cccs2)c2ncn(C(=O)NCc3ccccc3)c2n1,6.9
Cc1nc(-c2ccco2)c2ncn(C(=O)NCc3ccccc3)c2n1,5.56
CSc1nc(-c2ccco2)c2ncn(C(=O)NCc3ccccc3)c2n1,6.26
Nc1nc(-c2cncs2)c2ncn(C(=O)NCc3ccccc3)c2n1,6.08
Nc1nc(-c2cccs2)c2cnn(Cc3ccccc3F)c2n1,6.71
Nc1nc(-c2ccco2)c2cnn(C(=O)NCc3ccccc3)c2n1,7.89
Cn1ccnc1-c1nc(N)nc2c1cnn2Cc1ccccc1F,5.21
Nc1nc(-c2ccco2)c2ncn(C(=O)NCc3cccs3)c2n1,7.55
Nc1nc(-c2ccco2)c2ncn(Cc3cccc(C(=O)O)c3)c2n1,5.19
Nc1nc(-c2ccccn2)c2cnn(Cc3ccccc3F)c2n1,6.29
OCCNc1nc(-c2ccco2)c2cnn(CCc3ccccc3)c2n1,6.76
CN(C)c1nc(-c2ccco2)c2ncn(C(=O)NCc3ccccc3)c2n1,6.13
COc1cccc(Cn2ncc3c(-c4ccco4)nc(N)nc32)c1,6.55
Nc1nc(-c2ccco2)c2ccn(Cc3ccccc3F)c2n1,6.15
CN(C)c1nc(-c2ccco2)c2cnn(CCc3ccccc3)c2n1,5.14
Nc1nc(-c2ccco2)c2cnn(Cc3ccco3)c2n1,6.15
Nc1nc(-c2ccco2)c2cnn(Cc3ccccc3[N+](=O)[O-])c2n1,5.79
Nc1cccc(Cn2ncc3c(-c4ccco4)nc(N)nc32)c1,6.91
Nc1nc(-c2ccco2)c2ncn(Cc3ccccc3F)c2n1,5.84
Nc1nc(-c2ccco2)c2cn[nH]c2n1,6.19
Nc1nc(-c2ccco2)c2cnn(CC3CCCCC3)c2n1,6.12
Nc1nc(-c2ccco2)c2nc[nH]c2n1,5.3
Nc1nc(-c2ccco2)c2cnn(Cc3cccc([N+](=O)[O-])c3)c2n1,6.3
Nc1nc(-c2ccco2)c2cnn(Cc3cccnc3)c2n1,5.71
COc1nc(-c2ccco2)c2ncn(C(=O)NCc3ccccc3)c2n1,6.27
Nc1nc(-c2ccco2)c2ncn(C(=O)NCc3ccco3)c2n1,6.77
COC(=O)c1cccc(Cn2cnc3c(-c4ccco4)nc(N)nc32)c1,5.71
Nc1nc(-c2ccco2)c2cnn(Cc3ccccc3N)c2n1,6.5
CS(=O)(=O)c1ccc(Cn2ncc3c(-c4ccco4)nc(N)nc32)cc1,5.95
Nc1nc(-c2ccco2)c2cnn(CCc3ccccc3)c2n1,6.33
Nc1nc(-c2ccco2)c2ncn(Cc3c(F)cccc3F)c2n1,6.21
Nc1nc(-c2ncc[nH]2)c2cnn(Cc3ccccc3F)c2n1,5.31
Nc1nc(-c2ccco2)c2cnn(Cc3ccccc3)c2n1,6.33
Cc1cccc(Cn2cnc3c(-c4ccco4)nc(N)nc32)c1,5.96
Nc1nc(-c2ccco2)c2ncn(C(=O)NCCc3ccccc3)c2n1,6.21
Nc1nc(-c2ccco2)c2ncn(C(=O)NCc3ccc(F)cc3)c2n1,7.16
Nc1nc(-c2nccs2)c2cnn(Cc3ccccc3F)c2n1,6.3
COC(=O)c1cccc(Cn2ncc3c(-c4ccco4)nc(N)nc32)c1,6.11
Nc1nc(-c2ccco2)c2ncn(C(=O)Nc3ccccc3)c2n1,5.3
Nc1nc(-c2ccco2)c2ncn(Cc3ccccc3)c2n1,5.48
Nc1nc(-c2ccco2)c2cnn(Cc3cccc(C(=O)O)c3)c2n1,5.2
Nc1nc(-c2ccco2)c2cnn(Cc3cccc(Cl)c3)c2n1,6.69
Nc1nc(-c2ccco2)c2ncn(Cc3ccc([N+](=O)[O-])cc3)c2n1,5.24
CS(=O)(=O)c1ccc(Cn2cnc3c(-c4ccco4)nc(N)nc32)cc1,5.12
Nc1nc(-c2ccco2)c2ncn(Cc3cccc([N+](=O)[O-])c3)c2n1,5.41
Nc1nc(-c2ccco2)c2ncn(Cc3cccc(Cl)c3)c2n1,6.01
Nc1nc(-c2ccco2)c2cnn(CCCc3ccccc3)c2n1,7.77
Nc1nc(-c2ccco2)c2cnn(Cc3ccc(C(F)(F)F)cc3)c2n1,7.33
Nc1cccc(Cn2cnc3c(-c4ccco4)nc(N)nc32)c1,5.39
Nc1nc(-n2ccnn2)c2cnn(Cc3ccccc3F)c2n1,5.7
Nc1nc(-c2ccco2)c2ncn(C(=O)NCc3ccccc3)c2n1,7.77
Nc1nc(-c2ccco2)c2cnn(Cc3ccccc3Cl)c2n1,6.14
Nc1nc(-c2ccccc2)cc(-c2ccc3c(c2)OCO3)n1,7.46
CCCC(=O)Nc1nc(-c2ccccc2)c(C#N)c(-c2ccc3c(c2)OCO3)n1,8.08
O=C(Nc1nc(-c2ccccc2)cc(-c2ccc3c(c2)OCO3)n1)C1CCCC1,8.09
N#Cc1c(-c2ccccc2)nc(NC(=O)C2CCCC2)nc1-c1ccccc1,8.92
Cc1ccc(C(=O)Nc2nc(-c3ccccc3)c(C#N)c(-c3ccccc3)n2)cc1,6.94
N#Cc1c(-c2ccccc2)nc(N)nc1-c1ccc2c(c1)OCO2,8.74
O=C(Nc1cc(-c2ccc3c(c2)OCO3)nc(-c2ccccc2)n1)C1CC1,7.89
N#Cc1c(-c2ccccc2)nc(NC(=O)C2CCCC2)nc1-c1ccc2c(c1)OCO2,8.55
N#Cc1c(-c2ccccc2)nc(NC(=O)c2ccc(Cl)cc2)nc1-c1ccccc1,7.04
CCCC(=O)Nc1nc(-c2ccccc2)c(C#N)c(-c2ccccc2)n1,8.54
CC(C)C(=O)Nc1nc(-c2ccccc2)c(C#N)c(-c2ccccc2)n1,8.54
CCC(CC)C(=O)Nc1nc(-c2ccccc2)nc(-c2ccc3c(c2)OCO3)c1C#N,7.74
CCC(CC)C(=O)Nc1nc(-c2ccccc2)cc(-c2ccc3c(c2)OCO3)n1,7.75
Nc1nc(-c2ccccc2)cc(-c2ccccc2)n1,7.75
O=C(Nc1cc(-c2ccc3c(c2)OCO3)nc(-c2ccccc2)n1)C1CCCC1,7.76
CCCC(=O)Nc1nc(-c2ccccc2)nc(-c2ccccc2)c1C#N,7.9
Nc1cc(-c2ccc3c(c2)OCO3)nc(-c2ccccc2)n1,7.81
N#Cc1c(N)nc(-c2ccccc2)nc1-c1ccc2c(c1)OCO2,8.31
N#Cc1c(NC(=O)C2CCCC2)nc(-c2ccccc2)nc1-c1ccccc1,8.28
CCCC(=O)Nc1nc(-c2ccccc2)cc(-c2ccc3c(c2)OCO3)n1,7.37
Nc1cc(-c2ccccc2)nc(-c2ccccc2)n1,7.6
CCC(CC)C(=O)Nc1cc(-c2ccc3c(c2)OCO3)nc(-c2ccccc2)n1,7.55
CCCC(=O)Nc1cc(-c2ccc3c(c2)OCO3)nc(-c2ccccc2)n1,8.17
N#Cc1c(-c2ccccc2)nc(NC(=O)C2CC2)nc1-c1ccccc1,8.03
COc1ccc(C(=O)Nc2nc(-c3ccccc3)c(C#N)c(-c3ccccc3)n2)cc1,6.99
CCCC(=O)Nc1nc(-c2ccccc2)nc(-c2ccc3c(c2)OCO3)c1C#N,7.87
CCC(CC)C(=O)Nc1nc(-c2ccccc2)c(C#N)c(-c2ccccc2)n1,8.19
N#Cc1c(NC(=O)C2CC2)nc(-c2ccccc2)nc1-c1ccccc1,7.55
CNC(=O)OCC1OC(n2cnc3c(NC4CCCC4)nc(Cl)nc32)C(C)(O)C1O,5.95
CC1(O)C(O)C(CO)OC1n1cnc2c(NC3CCOC3)ncnc21,7.68
CNC(=S)OCC1OC(n2cnc3c(NC4CCCC4)nc(Cl)nc32)C(C)(O)C1O,6.45
CC1(O)C(O)C(CO)OC1n1cnc2c(NC3CCOC3)nc(Cl)nc21,7.81
CNC(=S)OCC1OC(n2cnc3c(NC4CCOC4)nc(Cl)nc32)C(C)(O)C1O,6.08
CC1(O)C(O)C(CO)OC1n1cnc2c(NC3CCCC3)ncnc21,8.35
OCC1OC(n2cnc3c(NC4CCOC4)nc(Cl)nc32)C(O)C1O,8.73
CNC(=O)OCC1OC(n2cnc3c(NC4CCOC4)nc(Cl)nc32)C(C)(O)C1O,5.32
Cc1ccc(OCC(=O)Nc2cc(-n3nc(C)cc3C)nc(-c3ccc(C)o3)n2)c(CN(C)C)c1,6.57
Cc1cc(C)n(-c2cc(NC(=O)COc3ccccc3CN(C)C)nc(-c3ccc(C)o3)n2)n1,6.57
Cc1cc(C)n(-c2cc(NC(=O)COc3cc(F)cc(CN(C)C)c3)nc(-c3ccc(C)o3)n2)n1,6.85
Cc1cc(C)n(-c2cc(NC(=O)COc3cccc(CN4CCOCC4)c3)nc(-c3ccc(C)o3)n2)n1,6.22
Cc1cc(OCC(=O)Nc2cc(-n3nc(C)cc3C)nc(-c3ccc(C)o3)n2)cc(C)n1,6.13
COc1cc(OCC(=O)Nc2cc(-n3nc(C)cc3C)nc(-c3ccc(C)o3)n2)ccc1CN(C)C,6.82
Cc1ccc(OCC(=O)Nc2cc(-c3nccs3)nc(-c3ccc(C)o3)n2)cc1,5.68
Cc1ccc(-c2nc(NC(=O)COc3ccccc3F)cc(-c3nccs3)n2)o1,6.19
Cc1cc(C)n(-c2cc(NC(=O)COc3cc(F)cc(CN4CCCC4)c3)nc(-c3ccc(C)o3)n2)n1,6.92
Cc1cc(C)n(-c2cc(NC(=O)COc3cccc(CN)c3)nc(-c3ccc(C)o3)n2)n1,7.14
CCNCc1cccc(OCC(=O)Nc2cc(-n3nc(C)cc3C)nc(-c3ccc(C)o3)n2)c1,7.17
Cc1cc(C)n(-c2cc(NC(=O)COc3ccc(CN(C)C)cc3)nc(-c3ccc(C)o3)n2)n1,6.92
COc1ccc(OCC(=O)Nc2cc(-n3nc(C)cc3C)nc(-c3ccc(C)o3)n2)c(CN(C)C)c1,6.7
Cc1cc(C)nc(OCC(=O)Nc2cc(-n3nc(C)cc3C)nc(-c3ccc(C)o3)n2)n1,7.02
N#Cc1cccc(OCC(=O)Nc2cc(-c3nccs3)nc(-c3ccccn3)n2)c1,7.06
Cc1cc(C)n(-c2cc(NC(=O)COc3cc(F)cc(CN4CCOCC4)c3)nc(-c3ccc(C)o3)n2)n1,6.32
Cc1cc(C)n(-c2cc(NC(=O)COc3cccc(CN(C)C)c3)nc(-c3ccc(C)o3)n2)n1,7.22
Cc1cc(C)n(-c2cc(NC(=O)COc3ccccc3CCN3CCOCC3)nc(-c3ccc(C)o3)n2)n1,5.92
Cc1ccc(-c2nc(NC(=O)COc3ccccc3)cc(-c3nccs3)n2)o1,5.96
Cc1cc(C)n(-c2cc(NC(=O)COc3cccc(CCN4CCOCC4)c3)nc(-c3ccc(C)o3)n2)n1,6.27
COc1cccc(CN(C)C)c1OCC(=O)Nc1cc(-n2nc(C)cc2C)nc(-c2ccc(C)o2)n1,5.85
Cc1cc(C)n(-c2cc(NC(=O)COc3cccc(CCN(C)C)c3)nc(-c3ccc(C)o3)n2)n1,7.11
Cc1ccc(-c2nc(NC(=O)COc3ccc(F)cc3)cc(-c3nccs3)n2)o1,5.89
O=C(COc1cccc(F)c1)Nc1cc(-c2nccs2)nc(-c2ccccn2)n1,6.75
Cc1cc(C)n(-c2cc(NC(=O)COc3cccc(C#N)c3)nc(-c3ccc(C)o3)n2)n1,4.6
COc1cc(CN(C)C)ccc1OCC(=O)Nc1cc(-n2nc(C)cc2C)nc(-c2ccc(C)o2)n1,7.0
CN(CCO)C(=O)C1SC(n2cnc3c(NCc4cccc(I)c4)nc(Cl)nc32)C(O)C1O,6.62
CN(C)C(=O)C1SC(n2cnc3c(NC4CCC4)nc(Cl)nc32)C(O)C1O,6.46
O=C(c1cccnc1)c1nc(C(F)(F)F)nc2ccsc12,5.35
O=C(c1nccs1)c1nc(C(F)(F)F)nc2ccsc12,5.26
O=C(c1ccccn1)c1nc(C(F)(F)F)nc2ccsc12,4.76
CCc1nc(C(=O)c2cccs2)c2sccc2n1,6.4
NNc1nc(C(=O)c2cccs2)c2sccc2n1,7.48
O=C(c1ccccc1)c1nc(C(F)(F)F)nc2ccsc12,5.87
OC(c1ccccc1)c1cc(C(F)(F)F)nc2ccccc12,4.78
O=C(c1ccco1)c1nc(C(F)(F)F)nc2ccsc12,6.33
OC(c1cc(C(F)(F)F)nc2c(C(F)(F)F)cccc12)C1CCCCN1,6.59
COc1nc(C(=O)c2cccs2)c2sccc2n1,6.15
Cc1ccc(C(=O)c2nc(C(F)(F)F)nc3ccsc23)o1,6.53
O=C(c1ccncc1)c1nc(C(F)(F)F)nc2ccsc12,4.84
O=C(c1cccs1)c1nc(NCc2ccccc2)nc2ccsc12,5.76
CCNc1nc(C(=O)c2cccs2)c2sccc2n1,6.97
Cc1nc(C(=O)c2cccs2)c2sccc2n1,6.31
O=C(c1ccoc1)c1nc(C(F)(F)F)nc2ccsc12,6.5
O=C(c1cccs1)c1nc(NCCCO)nc2ccsc12,7.5
Nc1nc(C(=O)c2cccs2)c2sccc2n1,6.74
O=C(c1cccs1)c1nc(NCCO)nc2ccsc12,7.85
CCc1nc(-c2ncc[nH]2)c2sccc2n1,5.26
Cc1nc(-c2nc(N(C)C)nc3ccsc23)sc1C,6.59
Cc1csc(-c2nc(N(C)C)nc3ccsc23)n1,6.52
c1csc(-c2nc(C3CC3)nc3ccsc23)n1,6.59
Cc1cnc(-c2nc(N(C)C)nc3ccsc23)s1,6.04
CN(C)c1nc(-c2ccoc2)c2sccc2n1,5.46
CCc1nc(-c2ccco2)c2sccc2n1,5.49
CCc1nc(-c2nccs2)c2sccc2n1,6.41
CCc1nc(-c2nc(C)cs2)c2sccc2n1,6.38
OCC1CCCN1c1nc(-c2nccs2)c2sccc2n1,7.85
Nc1nc(-c2nccs2)c2sccc2n1,6.17
CCc1nc(-c2cccc(C)n2)c2sccc2n1,5.89
CCc1nc(-c2ccccn2)c2sccc2n1,6.04
CN(C)c1nc(-c2nccn2C)c2sccc2n1,5.96
Clc1nc(-c2nccs2)c2sccc2n1,6.21
CCc1nc(-c2ccoc2)c2sccc2n1,5.0
CN(C)c1nc(-c2cccs2)c2sccc2n1,5.71
CCNc1nc(-c2cccs2)c2sccc2n1,6.09
CN(C)c1nc(-c2cnccn2)c2sccc2n1,6.0
OCCNc1nc(-c2nccs2)c2sccc2n1,7.24
CNc1nc(-c2ccco2)c2sccc2n1,6.25
COc1nc(-c2cccs2)c2sccc2n1,5.8
OCCNc1nc(-c2ccco2)c2sccc2n1,6.06
CN(C)c1nc(-c2ccco2)c2sccc2n1,5.66
Cc1ccc(-c2nc(N(C)C)nc3ccsc23)nc1,5.9
CN(C)c1nc(-c2cn[nH]c2)c2sccc2n1,5.26
CN(C)c1nc(-c2cc3ccccc3s2)c2sccc2n1,5.9
CN(C)c1nc(-c2ccccn2)c2sccc2n1,5.8
CC(C)c1nc(-c2nccs2)c2sccc2n1,6.68
CN(C)c1nc(-c2ncc[nH]2)c2sccc2n1,5.24
OCCNc1nc(-c2cccs2)c2sccc2n1,6.4
CCn1c(=O)n(CC(C)C)c(=O)c2[nH]c(-c3cnn(-c4ccc(C(F)(F)F)nc4)c3)nc21,5.45
CCn1c(=O)c2[nH]c(-c3cnn(Cc4cccc(F)c4)c3)nc2n(C)c1=O,6.46
Cn1c(=O)n(CC2CC2)c(=O)c2[nH]c(-c3cnn(Cc4cccc(F)c4)c3)nc21,6.73
CCn1c(=O)n(CC(C)C)c(=O)c2[nH]c(-c3cnn(Cc4cccc(C(F)(F)F)c4)c3)nc21,6.2
CCCn1c(=O)c2[nH]c(-c3cnn(-c4ccc[n+]([O-])c4)c3)nc2n(CC)c1=O,5.95
CC(C)Cn1c(=O)c2[nH]c(-c3cnn(Cc4cccc(C(F)(F)F)c4)c3)nc2n(C)c1=O,6.21
CCn1c(=O)n(CC2CC2)c(=O)c2[nH]c(-c3cnn(Cc4ccccc4)c3)nc21,6.5
CCCn1c(=O)c2[nH]c(-c3cnn(Cc4cccc(F)c4)c3)nc2n(CC)c1=O,5.92
CCCCn1c(=O)c2[nH]c(-c3cnn(Cc4cccc(F)c4)c3)nc2n(C)c1=O,6.52
CC(C)Cn1c(=O)c2[nH]c(-c3cnn(Cc4ccccc4)c3)nc2n(C)c1=O,6.46
CCn1c(=O)n(CC(C)C)c(=O)c2[nH]c(-c3cn[nH]c3)nc21,6.46
CCCn1c(=O)c2[nH]c(-c3cnn(Cc4cccc(C(F)(F)F)c4)c3)nc2n(C)c1=O,6.36
CCCCn1c(=O)c2[nH]c(-c3cnn(Cc4cccc(C(F)(F)F)c4)c3)nc2n(C)c1=O,6.37
CCn1c(=O)n(CC2CC2)c(=O)c2[nH]c(-c3cnn(Cc4cccc(C(F)(F)F)c4)c3)nc21,6.66
CCCn1c(=O)c2[nH]c(-c3cnn(-c4ccc(C(F)(F)F)nc4)c3)nc2n(CC)c1=O,5.6
CCn1c(=O)c2[nH]c(-c3cnn(Cc4cccc(C(F)(F)F)c4)c3)nc2n(C)c1=O,6.56
CCCn1c(=O)c2[nH]c(-c3cnn(Cc4cc(-c5ccc(Cl)cc5)on4)c3)nc2n(CC)c1=O,6.7
CCCn1c(=O)c2[nH]c(-c3cnn(-c4ccccn4)c3)nc2n(CC)c1=O,6.39
Cn1c(=O)n(CC2CC2)c(=O)c2[nH]c(-c3cnn(Cc4ccccc4)c3)nc21,6.81
CCn1c(=O)n(CC(C)C)c(=O)c2[nH]c(-c3cnn(Cc4cccc(F)c4)c3)nc21,5.83
CCCn1c(=O)c2[nH]c(-c3cnn(Cc4ccccc4)c3)nc2n(CC)c1=O,6.56
CCCn1c(=O)c2[nH]c(-c3cn[nH]c3)nc2n(CC)c1=O,6.75
CCCn1c(=O)c2[nH]c(-c3cnn(Cc4cccc(F)c4)c3)nc2n(C)c1=O,6.54
CCCn1c(=O)c2[nH]c(-c3cnn(-c4ccc(C)nc4)c3)nc2n(CC)c1=O,5.82
CCCn1c(=O)c2[nH]c(-c3cnn(Cc4cc(-c5ccc(C(F)(F)F)cc5)on4)c3)nc2n(CC)c1=O,5.66
CC(C)Cn1c(=O)c2[nH]c(-c3cnn(Cc4cccc(F)c4)c3)nc2n(C)c1=O,6.45
CCCn1c(=O)c2[nH]c(-c3cnn(Cc4nc(-c5ccc(Cl)cc5)no4)c3)nc2n(CC)c1=O,6.04
Cn1c(=O)n(CC2CC2)c(=O)c2[nH]c(-c3cnn(Cc4cccc(C(F)(F)F)c4)c3)nc21,6.78
CCCn1c(=O)c2[nH]c(-c3cnn(Cc4cccc(C(F)(F)F)c4)c3)nc2n(CC)c1=O,5.71
CCCn1c(=O)c2[nH]c(-c3cnn(Cc4ccccc4)c3)nc2n(C)c1=O,6.24
CCn1c(=O)c2[nH]c(-c3cnn(Cc4ccccc4)c3)nc2n(C)c1=O,6.58
CCn1c(=O)n(CC2CC2)c(=O)c2[nH]c(-c3cnn(-c4ccc(C(F)(F)F)nc4)c3)nc21,5.89
CCCCn1c(=O)c2[nH]c(-c3cnn(Cc4ccccc4)c3)nc2n(C)c1=O,6.38
CCCn1c(=O)c2[nH]c(-c3cnn(-c4cccnc4)c3)nc2n(CC)c1=O,6.28
CNC(=O)C12CC1C(n1cnc3c(NCc4cccc(Cl)c4)nc(C#C[Si](C)(C)C)nc31)C(O)C2O,6.8
CNC(=O)C12CC1C(n1cnc3c(NCc4cccc(C#CCCCC(=O)O)c4)nc(Cl)nc31)C(O)C2O,6.5
CCCC#Cc1nc(NCc2cccc(Cl)c2)c2ncn(C3C(O)C(O)C4(C(=O)NC)CC34)c2n1,5.98
CNC(=O)C12CC1C(n1cnc3c(NCc4cccc(Cl)c4)nc(C#CCCCC(=O)OC)nc31)C(O)C2O,6.32
CNC(=O)C12CC1C(n1cnc3c(NCc4cccc(C#CCCCC(=O)NCCN)c4)nc(Cl)nc31)C(O)C2O,6.57
CNC(=O)C12CC1C(n1cnc3c(NCc4cccc(Cl)c4)nc(C#CCCCC(=O)O)nc31)C(O)C2O,4.83
CNC(=O)C12CC1C(n1cnc3c(NCc4cccc(Cl)c4)nc(C#CCCCC(=O)NCCN)nc31)C(O)C2O,6.34
CNC(=O)C12CC1C(n1cnc3c(NOC)nc(Cl)nc31)C(O)C2O,6.58
C#Cc1nc(NCc2cccc(Cl)c2)c2ncn(C3C(O)C(O)C4(C(=O)NC)CC34)c2n1,6.76
CNC(=O)C12CC1C(n1cnc3c(NCc4cccc(C#CCCCC(=O)NCCNC(C)=O)c4)nc(Cl)nc31)C(O)C2O,6.74
O=C(COc1ccc(Nc2nc(OCCc3c[nH]c4cc(Br)ccc34)nc3c2ncn3C2OC(CO)C(O)C2O)cc1)N1CCCC1,6.38
NNc1nc(OCCc2c[nH]c3cc(Br)ccc23)nc2c1ncn2C1OC(CO)C(O)C1O,6.46
O=C(COc1ccc(Nc2nc(OCCc3c[nH]c4cc(Br)ccc34)nc3c2ncn3C2OC(CO)C(O)C2O)cc1)Nc1ccccc1,6.43
CCCn1c(=O)c2[nH]c(-c3cc(C)n(CC(=O)Nc4cccc(Cl)c4)n3)nc2n(CCC)c1=O,6.17
CCCn1c(=O)c2[nH]c(-c3cc(C)n(CC(=O)Nc4ccccc4)n3)nc2n(CCC)c1=O,6.46
CCCn1c(=O)c2[nH]c(-c3cc(C)n(CC(=O)Nc4ccc(F)cc4)n3)nc2n(CCC)c1=O,6.3
CC(=O)Nc1cc(-n2cccn2)nc(-c2ccco2)n1,8.04
Cc1cc(C)n(-c2nc(NC(=O)CN3CCN(C)CC3)cc(-c3nccs3)n2)n1,5.77
CN1CCN(CC(=O)Nc2cc(-n3cccn3)nc(-c3ccco3)n2)CC1,6.57
COc1cc(OCC(=O)N2CCN(c3ccccc3)CC2)ccc1-c1cc2c([nH]1)c(=O)n(C)c(=O)n2C,6.27
CCCn1c(=O)n(C)c(=O)c2[nH]c(-c3ccc(OCC(=O)N4CCN(c5ccc(C(F)(F)F)cc5)CC4)cc3)cc21,7.05
Cn1c(=O)c2[nH]c(-c3ccc(OCC(=O)N4CCc5ccccc5C4)cc3)cc2n(C)c1=O,6.44
CCCn1c(=O)n(C)c(=O)c2[nH]c(-c3ccc(OCC(=O)N4CCC(c5ccccc5)(c5ccccc5)CC4)cc3)cc21,6.17
COc1cc(OCC(=O)N2CCc3ccccc3C2)ccc1-c1cc2c([nH]1)c(=O)n(C)c(=O)n2C,6.57
O=C(Cc1ccccc1)Nc1nc2ccccc2n2nc(-c3ccco3)nc12,7.2
COC(CNc1nc2ccccc2n2nc(-c3ccco3)nc12)OC,6.24
COCCCNc1nc2ccccc2n2nc(-c3ccco3)nc12,7.13
OCCN(CCO)c1nc2ccccc2n2nc(-c3ccco3)nc12,7.23
O=C(CCc1ccccc1)Nc1nc2ccccc2n2nc(-c3ccco3)nc12,7.9
Nc1nc2ccccc2n2nc(-c3ccco3)nc12,8.25
COCCNc1nc2ccccc2n2nc(-c3ccco3)nc12,6.52
CC(=O)Nc1nc2ccccc2n2nc(-c3ccco3)nc12,6.95
CCN(CC)c1nc2ccccc2n2nc(-c3ccco3)nc12,6.87
CCOc1nc2ccccc2n2nc(-c3ccco3)nc12,5.43
CC(O)CNc1nc2ccccc2n2nc(-c3ccco3)nc12,8.4
O=C(Nc1nc2ccccc2n2nc(-c3ccco3)nc12)c1cccs1,7.3
c1coc(CNc2nc3ccccc3n3nc(-c4ccco4)nc23)c1,7.48
OCCNc1nc2ccccc2n2nc(-c3ccco3)nc12,8.5
c1coc(-c2nc3c(OCc4ccoc4)nc4ccccc4n3n2)c1,6.27
COc1nc2ccccc2n2nc(-c3ccco3)nc12,6.48
c1ccc(Nc2nc3ccccc3n3nc(-c4ccco4)nc23)cc1,7.34
c1ccc(CCNc2nc3ccccc3n3nc(-c4ccco4)nc23)cc1,7.03
O=C(CN1CCOCC1)Nc1cc(-n2cccn2)nc(-c2ccco2)n1,7.2
CN(C)CC(=O)Nc1cc(-n2cccn2)nc(-c2ccco2)n1,7.55
CN1CCN(CC(=O)Nc2cc(-c3nccs3)nc(-c3ccco3)n2)CC1,6.66
Nc1cc(-n2cccn2)nc(-c2ccco2)n1,7.25
CCCn1c(=O)[nH]c2nc(-c3cnn(Cc4cccc(F)c4)c3)[nH]c2c1=O,5.75
CCCn1c(=O)[nH]c2nc(-c3cnn(Cc4ccccc4)c3)[nH]c2c1=O,5.8
O=c1[nH]c2nc(-c3cnn(Cc4cccc(F)c4)c3)[nH]c2c(=O)n1CC1CC1,6.68
CCCn1c(=O)[nH]c2nc(-c3cnn(Cc4noc(-c5ccc(C(F)(F)F)cc5)n4)c3)[nH]c2c1=O,5.85
O=c1[nH]c2nc(-c3cnn(Cc4ccccc4)c3)[nH]c2c(=O)n1CC1CC1,5.48
CCCn1c(=O)[nH]c2nc(-c3cnn(Cc4noc(-c5ccccc5)n4)c3)[nH]c2c1=O,5.46
CCn1c(=O)[nH]c2nc(-c3cnn(Cc4ccccc4)c3)[nH]c2c1=O,5.25
CCCCn1c(=O)[nH]c2nc(-c3cnn(Cc4cccc(F)c4)c3)[nH]c2c1=O,5.38
CCCCn1c(=O)[nH]c2nc(-c3cnn(Cc4ccccc4)c3)[nH]c2c1=O,5.29
CN1C(=O)C2Nc3cnccc3C2N(C)C1=O,4.93
Cn1c(=O)c2c(ncn2C)n(C)c1=O,4.31
CN1C(=O)C2Nc3cccnc3C2N(C)C1=O,6.42
CN1C(=O)C2C(c3ncccc3N2C)N(C)C1=O,4.87
Oc1c(Br)cc2[nH]c3cnccc3c2c1Br,5.13
CCCn1c(=O)[nH]c2nc(-c3ccc(S(=O)(=O)N4CCN(Cc5cccc(Cl)c5)CC4)cc3)[nH]c2c1=O,5.96
CCCn1c(=O)[nH]c2nc(-c3ccc(S(=O)(=O)N4CCN(Cc5ccc6c(c5)OCO6)CC4)cc3)[nH]c2c1=O,6.35
CCn1c(=O)[nH]c2nc(-c3ccc(S(=O)(=O)N4CCN(Cc5ccc(F)cc5)CC4)cc3)[nH]c2c1=O,5.74
CCCn1c(=O)[nH]c2nc(-c3ccc(S(=O)(=O)NC4CCN(Cc5ccccc5)CC4)cc3)[nH]c2c1=O,5.93
CCn1c(=O)[nH]c2nc(-c3ccc(S(=O)(=O)N4CCN(Cc5ccc(OC)cc5)CC4)cc3)[nH]c2c1=O,5.42
CCCn1c(=O)[nH]c2nc(-c3ccc(S(=O)(=O)N4CCN(Cc5cccc(F)c5)CC4)cc3)[nH]c2c1=O,5.64
CCCn1c(=O)[nH]c2nc(-c3ccc(S(=O)(=O)N4CCN(Cc5ccc(C(F)(F)F)cc5)CC4)cc3)[nH]c2c1=O,5.25
CCn1c(=O)[nH]c2nc(-c3ccc(S(=O)(=O)N4CCN(Cc5cccc(F)c5)CC4)cc3)[nH]c2c1=O,5.68
CCCn1c(=O)[nH]c2nc(-c3ccc(S(=O)(=O)N4CCN(Cc5cccc(C(F)(F)F)c5)CC4)cc3)[nH]c2c1=O,5.58
CCCn1c(=O)[nH]c2nc(-c3ccc(S(=O)(=O)N4CCN(Cc5ccc(Cl)cc5)CC4)cc3)[nH]c2c1=O,5.65
CCn1c(=O)[nH]c2nc(-c3ccc(S(=O)(=O)N4CCN(Cc5cccc(C(F)(F)F)c5)CC4)cc3)[nH]c2c1=O,5.64
CCn1c(=O)[nH]c2nc(-c3ccc(S(=O)(=O)N4CCN(Cc5ccccc5)CC4)cc3)[nH]c2c1=O,5.74
CN1CCN(CC(=O)Nc2cc(-n3cccn3)nc(-c3ccccn3)n2)CC1,6.03
CN1CCN(CC(=O)Nc2cc(-n3cccn3)nc(-c3nccs3)n2)CC1,6.07
Cc1ccc(-c2nc(NC(=O)CN3CCN(C)CC3)cc(-n3cccn3)n2)o1,6.07
Cc1cc(C)n(-c2cc(NC(=O)CN3CCN(C)CC3)nc(-c3ccc(C)o3)n2)n1,6.07
Cc1ccc(-c2nc(NC(=O)CN3CCN(C)CC3)cc(-n3nccc3C)n2)o1,6.41
CN1CCN(CC(=O)Nc2cc(-n3cccn3)nc(-n3cccn3)n2)CC1,5.38
Cc1ccc(-c2nc(NC(=O)CN3CCN(C)CC3)cc(-c3nccs3)n2)o1,6.14
CN1CCN(CC(=O)Nc2cc(-c3ccccn3)nc(-c3cccs3)n2)CC1,6.41
Cc1cc(C)n(-c2cc(NC(=O)CN3CCN(C)CC3)nc(-c3ccccn3)n2)n1,5.36
Cc1cc(C)n(-c2cc(NC(=O)CN3CCN(C)CC3)nc(-c3nccs3)n2)n1,5.7
CCN(CC)C1CCN(CC(=O)Nc2cc(-n3nc(C)cc3C)nc(-c3ccc(C)o3)n2)C1,5.58
Cc1cc(C)n(-c2cc(NC(=O)CN3CCCC3)nc(-c3ccc(C)o3)n2)n1,6.46
Cc1cc(C)n(-c2cc(NC(=O)CN3CCOCC3)nc(-c3ccc(C)o3)n2)n1,6.3
Cc1cc(C)n(-c2cc(NC(=O)CN3CCC(CN(C)C)CC3)nc(-c3ccc(C)o3)n2)n1,6.42
Cc1cc(C)n(-c2cc(NC(=O)CCN(C)C)nc(-c3ccc(C)o3)n2)n1,6.68
Cc1cc(C)n(-c2cc(NC(=O)CN3CCCC(CN(C)C)C3)nc(-c3ccc(C)o3)n2)n1,7.15
Cc1cc(C)n(-c2cc(NC(=O)CCN3CCC(N(C)C)C3)nc(-c3ccc(C)o3)n2)n1,6.2
Cc1cc(C)n(-c2cc(NC(=O)CC3CCN(C)CC3)nc(-c3ccc(C)o3)n2)n1,5.99
Cc1cc(C)n(-c2cc(NC(=O)CN3CCCOCC3)nc(-c3ccc(C)o3)n2)n1,6.2
COC1CCN(CC(=O)Nc2cc(-n3nc(C)cc3C)nc(-c3ccc(C)o3)n2)CC1,5.92
CCNC1CCN(CC(=O)Nc2cc(-n3nc(C)cc3C)nc(-c3ccc(C)o3)n2)C1,6.57
Cc1cc(C)n(-c2cc(NC(=O)CN3CCC(CN(C)C)C3)nc(-c3ccc(C)o3)n2)n1,6.66
Cc1cc(C)n(-c2cc(NC(=O)CN3CCC(OC(C)C)C3)nc(-c3ccc(C)o3)n2)n1,5.64
Cc1cc(C)n(-c2cc(NC(=O)CN3CCC(N(C)C)C3)nc(-c3ccc(C)o3)n2)n1,6.58
CC(=O)N1CCN(CC(=O)Nc2cc(-n3nc(C)cc3C)nc(-c3ccc(C)o3)n2)CC1,6.27
Cc1cc(C)n(-c2cc(NC(=O)CN3CCCN(C)CC3)nc(-c3ccc(C)o3)n2)n1,5.68
CCN1CCN(CC(=O)Nc2cc(-n3nc(C)cc3C)nc(-c3ccc(C)o3)n2)CC1,5.73
COc1cccc(-c2cc(NC(C)=O)nc(-n3nc(C)cc3C)n2)c1,7.19
CCC(=O)Nc1cc(-c2cncc(OC)c2)nc(-n2nc(C)cc2C)n1,7.16
CC(=O)Nc1cc(-c2cccc(N)n2)nc(-n2nc(C)cc2C)n1,6.36
COc1cccc(-c2cc(NC(C)=O)nc(-n3nc(C)cc3C)n2)c1F,6.96
CC(=O)Nc1cc(-c2cncc(N3CCOCC3)c2)nc(-n2nc(C)cc2C)n1,6.66
CC(=O)Nc1cc(-c2cncc(O)c2)nc(-n2nc(C)cc2C)n1,6.71
CC(=O)Nc1cc(-c2cccc(N3CCC(O)CC3)n2)nc(-n2nc(C)cc2C)n1,6.33
COC1CCN(c2cccc(-c3cc(NC(C)=O)nc(-n4nc(C)cc4C)n3)n2)CC1,7.07
COc1cncc(-c2cc(NC(C)=O)nc(-n3nc(C)cc3C)n2)c1,6.72
CC(=O)Nc1cc(-c2cccc(N3CCCOCC3)n2)nc(-n2nc(C)cc2C)n1,6.55
CC(=O)Nc1cc(-c2cccc(N3CCOCC3)n2)nc(-n2nc(C)cc2C)n1,6.89
CC(=O)Nc1cc(-c2cccc(N3CCN(C)CC3)n2)nc(-n2nc(C)cc2C)n1,6.92
COCCOc1cncc(-c2cc(NC(C)=O)nc(-n3nc(C)cc3C)n2)c1,6.96
CC(=O)Nc1cc(-c2cccc(N(C)C)n2)nc(-n2nc(C)cc2C)n1,7.09
CC(=O)Nc1cc(-c2cccc(N3CCCCC3)n2)nc(-n2nc(C)cc2C)n1,7.51
CCOC(=O)Nc1cc(-c2cncc(OC)c2)nc(-n2nc(C)cc2C)n1,6.21
CC(=O)Nc1cc(-c2ccnc(N3CCOCC3)c2)nc(-n2nc(C)cc2C)n1,6.24
CC(=O)Nc1cc(-c2cccnc2)nc(-n2nc(C)cc2C)n1,5.68
CC(=O)Nc1cc(-c2cc(N3CCOCC3)ccn2)nc(-n2nc(C)cc2C)n1,5.34
CC(=O)Nc1cc(-c2ccncc2)nc(-n2nc(C)cc2C)n1,6.09
CC(=O)Nc1cc(-c2cccc(N3CCCC3)n2)nc(-n2nc(C)cc2C)n1,8.14
COc1cncc(-c2cc(NC(=O)CN3CCOCC3)nc(-n3nc(C)cc3C)n2)c1,6.03
COCCN(C)c1cccc(-c2cc(NC(C)=O)nc(-n3nc(C)cc3C)n2)n1,7.26
COC(=O)Nc1cc(-c2cncc(OC)c2)nc(-n2nc(C)cc2C)n1,6.11
COC1CN(c2cccc(-c3cc(NC(C)=O)nc(-n4nc(C)cc4C)n3)n2)C1,7.47
COc1cc(OC)cc(-c2cc(NC(C)=O)nc(-n3nc(C)cc3C)n2)c1,7.66
CCCOc1cc(NC(C)=O)nc(SCCC)n1,5.26
CCCSc1nc(NC(C)=O)cc(OCCc2ccccc2)n1,5.68
CCCSc1nc(NC(C)=O)cc(OCc2cccc(Cl)c2)n1,6.24
CCSc1nc(NC(C)=O)cc(OCc2ccc(Cl)cc2)n1,5.35
CCCSc1nc(NC(C)=O)cc(OCc2ccc(OC)cc2)n1,5.61
CCCSc1nc(NC(=O)CC)cc(OC)n1,6.31
C=CCn1c(Br)nc2c(N)ncnc21,5.08
CCCCn1c(Br)nc2c(N)ncnc21,5.5
CC(C)n1cnc2ncnc(N)c21,4.7
Nc1ncnc2c1ncn2C1CCCC1,5.0
C=CCCn1c(Br)nc2c(N)ncnc21,5.31
CC(C)Cn1c(Br)nc2c(N)ncnc21,5.31
CCCn1c(Br)nc2c(N)ncnc21,5.96
Nc1ncnc2c1nc(Br)n2CCO,5.82
Nc1ncnc2c1nc(Br)n2C1CCC1,5.66
Nc1ncnc2c1ncn2CCO,4.54
Nc1ncnc2c1nc(Br)n2C1CCCCC1,5.34
Nc1ncnc2nc(Br)[nH]c12,4.48
CC(C)n1cnc2c(N)ncnc21,5.37
CC(C)n1c(Br)nc2c(N)ncnc21,6.08
CCCn1cnc2c(N)ncnc21,5.03
CCC(C)n1c(Br)nc2c(N)ncnc21,5.51
CCn1cnc2c(N)ncnc21,5.13
Cn1cnc2c(N)ncnc21,4.92
CC(O)Cn1c(Br)nc2c(N)ncnc21,5.54
Nc1ncnc2c1nc(Br)n2CCc1ccccc1,4.92
CC(O)Cn1cnc2c(N)ncnc21,4.54
Nc1ncnc2c1nc(Br)n2CC(O)CO,4.8
CCC(C)n1cnc2c(N)ncnc21,4.47
Nc1ncnc2c1nc(Br)n2Cc1ccccc1,5.17
Nc1ncnc2c1ncn2C1CCC1,5.06
Nc1ncnc2c1nc(Br)n2C1CCCC1,6.0
Nc1ncnc2c1nc(Br)n2CCCO,6.0
Cn1c(Br)nc2c(N)ncnc21,6.24
COc1ccc(-n2nc3c(NS(=O)(=O)c4ccccc4)nc4ccccc4n3c2=O)cc1,5.57
O=C(NCc1ccccc1)Nc1nc2ccccc2n2c(=O)n(-c3ccccc3)nc12,7.91
COc1ccc(-n2nc3c(NC(=O)NCc4ccccc4)nc4ccccc4n3c2=O)cc1,5.38
Cn1c(=O)c2[nH]c(-c3ccc(COC(=O)Nc4ccsc4)cc3)cc2n(C)c1=O,8.0
Cn1c(=O)c2[nH]c(-c3ccc(COC(=O)Nc4ccccc4)cc3)cc2n(C)c1=O,8.66
Cn1c(=O)c2[nH]c(-c3ccc(COC(=O)Nc4ccc(F)cc4)cc3)cc2n(C)c1=O,7.75
OC1C(O)C(n2cnc3c(NCc4cccc(Cl)c4)nc(Cl)nc32)C2CC12,5.51
OC1C(O)C(n2cnc3c(NCc4cccc(I)c4)nc(Cl)nc32)C2CC12,5.52
CCOC(=O)C12CC1C(n1cnc3c(NCc4cc(Cl)ccc4OC)nc(Cl)nc31)C(O)C2O,6.0
OC1C(O)C(n2cnc3c(NCc4cccc(Br)c4)nc(Cl)nc32)C2CC12,5.75
CONC(=O)C1OC(n2cnc3c(NCc4cccc(I)c4)nc(Cl)nc32)C(O)C1O,6.06
CON(C)C(=O)C1OC(n2cnc3c(NCc4cccc(I)c4)nc(Cl)nc32)C(O)C1O,6.6
OC1C(O)C(n2cnc3c(NCc4cccc5ccccc45)nc(Cl)nc32)C2CC12,5.95
CCOC(=O)C12CC1C(n1cnc3c(NCc4cccc(Cl)c4)nc(SC)nc31)C(O)C2O,5.18
COc1ccc(OC)c(CNc2nc(Cl)nc3c2ncn3C2C(O)C(O)C3CC32)c1,5.52
CCOC(=O)C12CC1C(n1cnc3c(NCc4cccc(Cl)c4)nc(Cl)nc31)C(O)C2O,5.32
OC1C(O)C(n2cnc3c(NC4CC4c4ccccc4)nc(Cl)nc32)C2CC12,5.75
COC(=O)C1OC(n2cnc3c(NCc4cccc(I)c4)nc(Cl)nc32)C(O)C1O,5.8
COc1ccc(O)c(CNc2nc(Cl)nc3c2ncn3C2C(O)C(O)C3CC32)c1,5.96
COCC1CCCN1c1cc(NC(C)=O)nc(-n2nc(C)cc2C)n1,6.79
CC(=O)Nc1cc(N2CCOCC2)nc(-n2nc(C)cc2C)n1,5.09
CC(=O)Nc1cc(N2CCCC2COc2ccccn2)nc(-n2nc(C)cc2C)n1,7.19
CC(=O)Nc1cc(N2CCCC2=O)nc(-n2nc(C)cc2C)n1,6.04
COC(=O)C1CCCN1c1cc(NC(C)=O)nc(-n2nc(C)cc2C)n1,5.53
CC(=O)Nc1cc(N2CCCC2C)nc(-n2nc(C)cc2C)n1,5.98
COCC1CCC(C)N1c1cc(NC(C)=O)nc(-n2nc(C)cc2C)n1,5.79
COCC1CCCN1c1cc(NC(C)=O)nc(-c2cccs2)n1,6.69
COCC1CCCN1c1cc(NC(C)=O)nc(-c2nccs2)n1,6.82
CCOCC1CCCN1c1cc(NC(C)=O)nc(-n2nc(C)cc2C)n1,5.38
CCN(CC)c1cc(NC(C)=O)nc(-n2nc(C)cc2C)n1,5.35
CCCC1CCN(c2cc(NC(C)=O)nc(-n3nc(C)cc3C)n2)C1,6.65
COCCC1CCCCN1c1cc(NC(C)=O)nc(-n2nc(C)cc2C)n1,5.33
COCC1CCCN1c1cc(NC(=O)CC(C)C)nc(-n2nc(C)cc2C)n1,7.04
COCC1CCCN1c1cc(NC(C)=O)nc(-c2ccc(C)o2)n1,7.98
CC(=O)Nc1cc(N2CCc3ccccc3C2)nc(-n2nc(C)cc2C)n1,6.49
CCC(=O)Nc1cc(N2CCCC2COC)nc(-n2nc(C)cc2C)n1,7.19
CC(=O)Nc1cc(N2CCCCC2)nc(-n2nc(C)cc2C)n1,5.47
COCC1CCCN1c1cc(NC(C)=O)nc(-c2ccccn2)n1,7.16
CC(=O)Nc1cc(N2CCCC2CO)nc(-n2nc(C)cc2C)n1,5.81
CC(=O)Nc1cc(N2CCCC2)nc(-n2nc(C)cc2C)n1,5.3
COCC1CC(OC)CN1c1cc(NC(C)=O)nc(-n2nc(C)cc2C)n1,6.45
N#Cc1c(-c2cccs2)cc(-c2ccco2)nc1N,7.55
N#Cc1c(-c2ccco2)cc(-c2cccs2)nc1N,7.54
N#Cc1c(-c2cccc(OC(F)(F)F)c2)cc(-c2ccccc2)nc1N,7.47
N#Cc1c(-c2ccc3c(c2)OCO3)cc(-c2ccco2)nc1N,7.96
COc1ccc(-c2cc(-c3ccco3)nc(N)c2C#N)cc1,7.47
N#Cc1c(-c2ccccc2)cc(-c2ccco2)nc1N,7.55
N#Cc1c(-c2cccc(OC(F)(F)F)c2)cc(-c2ccco2)nc1N,6.57
N#Cc1c(-c2ccc(Cl)cc2)cc(-c2ccco2)nc1N,7.32
Cc1ccc(-c2cc(-c3ccco3)nc(N)c2C#N)o1,7.0
N#Cc1c(-c2ccc(Cl)c(Cl)c2)cc(-c2ccco2)nc1N,7.17
Cc1cccc(-c2cc(-c3ccco3)nc(N)c2C#N)c1,7.19
N#Cc1c(-c2cccs2)cc(-c2cccs2)nc1N,7.37
N#Cc1c(-c2ccccc2)cc(-c2cccs2)nc1N,7.92
COc1ccc(-c2cc(-c3ccccc3)nc(N)c2C#N)cc1OC,7.18
N#Cc1c(-c2ccc(O)cc2)cc(-c2ccccc2)nc1N,7.21
N#Cc1c(-c2ccco2)cc(-c2ccccc2)nc1N,8.24
Cc1cccc(-c2cc(-c3ccccc3)nc(N)c2C#N)c1,7.82
N#Cc1c(-c2ccccc2)cc(-c2ccccc2)nc1N,7.85
COc1ccc(-n2nc3c(=O)[nH]c4ncccc4n3c2=O)cc1,6.94
COc1cc(C2OCC(O)(Cc3ccc(OC4OC(CO)C(O)C(O)C4O)c(OC)c3)C2COCC2OC(CO)(OC3OC(CO)C(O)C(O)C3O)C(O)C2O)ccc1O,4.63
CCCn1c(=O)c2c(nc3[nH]c(C(C)C)cn32)n(Cc2ccccc2)c1=O,6.34
CC(C)Cn1c(=O)c2c(nc3[nH]c(-c4ccccc4)cn32)n(CC(C)C)c1=O,6.32
COc1ccc(-c2nc3c([nH]2)c(=O)n(C)c(=O)n3C)cc1OCCN(C)C,4.87
CN(C)CCOc1cccc(-c2nc3c([nH]2)c(=O)n(C)c(=O)n3C)c1,6.1
Cn1c(=O)c2[nH]c(-c3cccc(OCCN4CCCCC4)c3)nc2n(C)c1=O,5.68
CCN(CC)CCOc1cccc(-c2nc3c([nH]2)c(=O)n(C)c(=O)n3C)c1,4.85
Cn1c(=O)c2[nH]c(-c3cccc(OCCN4CCCC4)c3)nc2n(C)c1=O,5.8
COc1cc(-c2nc3c([nH]2)c(=O)n(C)c(=O)n3C)ccc1OCCN1CCCC1,4.95
OC1C(CCl)OC(n2cnc3c(NC4CCCC4)ncnc32)C1O,9.23
CC1(O)C(O)C(CSc2ccccc2F)OC1n1cnc2c(NC3CC4CCC3C4)ncnc21,5.97
CC1(O)C(O)C(CSc2ccccc2F)OC1n1cnc2c(NC3CCCC3)ncnc21,5.78
CC1(O)C(O)C(CCl)OC1n1cnc2c(NC3CCCC3)nc(Cl)nc21,7.89
OC1C(CCl)OC(n2cnc3c(NC4CC5CCC4C5)ncnc32)C1O,9.29
CC1(O)C(O)C(CO)OC1n1cnc2c(NC3CC4CCC3C4)ncnc21,8.39
OC1C(CSc2ccccc2F)OC(n2cnc3c(NC4CCOC4)ncnc32)C1O,6.6
OCC1OC(n2cnc3c(NC4CC5CCC4C5)ncnc32)C(O)C1O,9.27
OC1C(CCl)OC(n2cnc3c(NC4CC5CCC4C5)nc(Cl)nc32)C1O,8.79
OC1C(CSc2ccccc2F)OC(n2cnc3c(NC4CCCC4)nc(Cl)nc32)C1O,6.59
OC1C(CSc2ccccc2F)OC(n2cnc3c(NC4CCCC4)ncnc32)C1O,7.19
OC1C(CCl)OC(n2cnc3c(NC4CCCC4)nc(Cl)nc32)C1O,8.81
CC1(O)C(O)C(CSc2ccccc2F)OC1n1cnc2c(NC3CCCC3)nc(Cl)nc21,5.67
OCC1OC(n2cnc3c(NC4CC5CCC4C5)nc(Cl)nc32)C(O)C1O,9.15
CC1(O)C(O)C(CCl)OC1n1cnc2c(NC3CC4CCC3C4)ncnc21,8.04
CC1(O)C(O)C(CCl)OC1n1cnc2c(NC3CCCC3)ncnc21,7.55
CC1(O)C(O)C(CCl)OC1n1cnc2c(NC3CC4CCC3C4)nc(Cl)nc21,8.04
COc1cccc(-n2c(=O)n(Cc3c(F)cccc3F)c3cnc(NCc4cccnc4)nc32)c1,5.89
COc1cccc(-n2c(=O)n(Cc3c(F)cccc3F)c3cnc(NCCN4CCOCC4)nc32)c1,5.07
COc1ccccc1Cn1c(=O)n(-c2cccc(OC(F)(F)F)c2)c2nc(NC3CC3)ncc21,5.29
COc1cccc(-n2c(=O)n(-c3ccccc3OC)c3cnc(NC4CC4)nc32)c1,5.9
COc1ccccc1Cn1c(=O)n(-c2cccc(F)c2)c2nc(NC3CC3)ncc21,6.22
COc1ccccc1Cn1c(=O)n(-c2ccccc2)c2nc(NC3CC3)ncc21,6.35
COc1cccc(-n2c(=O)n(Cc3c(F)cccc3F)c3cnc(NC(C)C)nc32)c1,6.21
COc1cccc(-n2c(=O)n(Cc3ccccc3F)c3cnc(NC4CC4)nc32)c1,6.7
COCCNc1ncc2c(n1)n(-c1cccc(OC)c1)c(=O)n2Cc1c(F)cccc1F,5.83
COc1cccc(-n2c(=O)n(Cc3c(F)cccc3OC)c3cnc(NC4CC4)nc32)c1,6.48
CNc1ncc2c(n1)n(-c1cccc(OC)c1)c(=O)n2Cc1c(F)cccc1F,5.96
COc1cc(OC)cc(-n2c(=O)n(Cc3ccccc3OC)c3cnc(NC4CC4)nc32)c1,5.33
COc1cccc(-n2c(=O)n(Cc3ccccc3)c3cnc(NC4CC4)nc32)c1,6.25
COc1cccc(-n2c(=O)n(Cc3c(F)cccc3F)c3cnc(NC4CC4)nc32)c1,6.63
COc1ccccc1Cn1c(=O)n(-c2cccc(C)c2)c2nc(NC3CC3)ncc21,5.73
COc1cccc(-n2c(=O)n(Cc3c(F)cccc3F)c3cnc(NCc4ccccn4)nc32)c1,5.92
COc1ccccc1Cn1c(=O)n(-c2cccc(C#N)c2)c2nc(NC3CC3)ncc21,5.49
COc1cccc(-n2c(=O)n(Cc3ccccc3OC)c3cnc(NC4CC4)nc32)c1,6.4
COc1cccc(-n2c(=O)n(Cc3ccccc3Cl)c3cnc(NC4CC4)nc32)c1,5.54
COc1cccc(-n2c(=O)n(Cc3c(F)cccc3F)c3cnc(NCc4ccccc4)nc32)c1,5.53
COc1cccc(-n2c(=O)n(Cc3c(F)cccc3F)c3cnc(NCc4ccncc4)nc32)c1,5.92
COc1cccc(-n2c(=O)n(Cc3c(F)cccc3F)c3cnc(NCCc4cccs4)nc32)c1,5.71
COc1cccc(-n2c(=O)n(Cc3c(F)cccc3F)c3cnc(NCCc4ccccn4)nc32)c1,5.75
CCNc1ncc2c(n1)n(-c1cccc(OC)c1)c(=O)n2Cc1c(F)cccc1F,5.98
COc1cccc(-n2c(=O)n(Cc3c(F)cccc3F)c3cnc(Nc4cccnc4)nc32)c1,5.74
Nc1nc(-c2ccco2)c2nnn(Cc3ccc(F)cc3F)c2n1,6.93
Nc1nc(-c2ccco2)c2nnn(Cc3ccc(N)c(O)c3)c2n1,6.6
Nc1nc(-c2ccco2)c2nnn(Cc3cc(F)ccc3F)c2n1,7.01
Nc1nc(-c2ccco2)c2nnn(Cc3ccc(N)c(F)c3)c2n1,6.92
Cc1csc(-c2nc(N)nc3c2nnn3Cc2ccccc2F)n1,6.69
Nc1nc(-c2cc[nH]n2)c2nnn(Cc3ccccc3F)c2n1,5.78
CC(=O)Nc1ccc(Cn2nnc3c(-c4ccco4)nc(N)nc32)cc1,5.6
Nc1nc(-c2ccco2)c2nnn(Cc3cccs3)c2n1,6.93
Nc1nc(-c2ccco2)c2nnn(Cc3cccc(C(F)(F)F)c3)c2n1,7.0
Nc1cccc(Cn2nnc3c(-c4ccco4)nc(N)nc32)c1,6.88
NCc1ccc(Cn2nnc3c(-c4ccco4)nc(N)nc32)cc1,5.31
Nc1nc(-c2ccco2)c2nnn(Cc3ccc4[nH]nnc4c3)c2n1,6.54
Nc1nc(-c2cnn[nH]2)c2nnn(Cc3ccccc3F)c2n1,5.53
N#Cc1cccc(Cn2nnc3c(-c4ccco4)nc(N)nc32)c1,6.88
Nc1nc(-c2ccco2)c2nnn(Cc3ccccc3F)c2n1,6.98
Nc1nc(-c2ccco2)c2nnn(Cc3cccc(C(=O)O)c3)c2n1,5.38
Nc1nc(-c2ccco2)c2nnn(CC3CCCCC3)c2n1,6.64
Nc1nc(-c2ccco2)c2nnn(Cc3cccc([N+](=O)[O-])c3)c2n1,6.64
Nc1nc(-c2ccco2)c2nn[nH]c2n1,5.44
Nc1nc(-c2ccco2)c2nnn(Cc3cccc(F)c3F)c2n1,6.96
Nc1nc(-c2cccs2)c2nnn(Cc3ccccc3F)c2n1,6.81
COC(=O)c1cccc(Cn2nnc3c(-c4ccco4)nc(N)nc32)c1,6.98
Nc1nc(-c2ccco2)c2nnn(Cc3ccccc3N)c2n1,7.2
Nc1nc(-c2ccco2)c2nnn(Cc3ccc4[nH]ccc4c3)c2n1,7.57
Cc1ccccc1Cn1nnc2c(-c3ccco3)nc(N)nc21,6.74
Nc1nc(-c2ccco2)c2nnn(Cc3ccc4[nH]ncc4c3)c2n1,6.72
Cc1cnc(-c2nc(N)nc3c2nnn3Cc2ccccc2F)s1,7.07
Nc1nc(-c2ccco2)c2nnn(Cc3cccnc3)c2n1,6.03
Nc1ccc(Cn2nnc3c(-c4ccco4)nc(N)nc32)cc1,6.72
CCc1cc(Cn2nnc3c(-c4ccco4)nc(N)nc32)ccc1N,7.58
CNc1ccc(Cn2nnc3c(-c4ccco4)nc(N)nc32)cc1,7.4
Cc1cc(Cn2nnc3c(-c4ccco4)nc(N)nc32)ccc1N,7.17
CC(C)c1cc(Cn2nnc3c(-c4ccco4)nc(N)nc32)ccc1N,7.3
Nc1nc(-c2cncs2)c2nnn(Cc3ccccc3F)c2n1,6.05
Nc1nc(-c2ncco2)c2nnn(Cc3ccccc3F)c2n1,6.22
COc1cccc(Cn2nnc3c(-c4ccco4)nc(N)nc32)c1,7.11
Nc1nc(-c2ccco2)c2nnn(Cc3ccco3)c2n1,7.11
Nc1nc(-c2ccco2)c2nnn(Cc3ccsc3)c2n1,7.11
Nc1nc(-c2ccco2)c2nnn(Cc3ccc([N+](=O)[O-])cc3)c2n1,6.11
Nc1nc(-c2ccco2)c2nnn(Cc3cccc(Cl)c3)c2n1,7.12
CC(C)NC(=O)c1cccc(Cn2nnc3c(-c4ccco4)nc(N)nc32)c1,6.13
Nc1nc(-c2ccco2)c2nnn(Cc3cnccn3)c2n1,5.93
N#Cc1ccc(Cn2nnc3c(-c4ccco4)nc(N)nc32)cc1,6.13
Nc1nc(-c2ccco2)c2nnn(Cc3ccccc3[N+](=O)[O-])c2n1,6.4
Nc1ccc(Cn2nnc3c(-c4ccco4)nc(N)nc32)c(F)c1,6.72
Nc1nc(-c2ccco2)c2nnn(Cc3c(F)cccc3F)c2n1,7.38
Nc1nc(-c2nccs2)c2nnn(Cc3ccccc3F)c2n1,6.26
Cc1cccc(Cn2nnc3c(-c4ccco4)nc(N)nc32)c1,7.35
Nc1nc(-c2ccco2)c2nnn(Cc3ccccn3)c2n1,5.95
CC(C)N(C)C(=O)c1cccc(Cn2nnc3c(-c4ccco4)nc(N)nc32)c1,5.95
Cc1ccc(-c2nc(N)nc3c2nnn3Cc2ccccc2F)o1,7.72
NC(=O)c1cccc(Cn2nnc3c(-c4ccco4)nc(N)nc32)c1,6.16
Nc1nc(-c2ccco2)c2nnn(Cc3cccc(O)c3)c2n1,6.5
COc1ccccc1Cn1nnc2c(-c3ccco3)nc(N)nc21,6.5
OC1COC(n2cnc3c(NCc4cccc(Cl)c4)nc(Cl)nc32)C1O,5.61
OC1COC(n2cnc3c(NCc4cccc(I)c4)nc(Cl)nc32)C1O,5.65
OC1COC(n2cnc3c(NCc4cccc(I)c4)ncnc32)C1O,6.1
OC1COC(n2cnc3c(NCc4cccc(Br)c4)nc(Cl)nc32)C1O,5.94
OC1COC(n2cnc3c(NCc4cccc(Br)c4)ncnc32)C1O,5.97
OC1CSC(n2cnc3c(NCc4cccc(F)c4)ncnc32)C1O,5.84
CNc1ncnc2c1ncn2C1SCC(O)C1O,5.97
CNC(=O)C1SC(n2cnc3c(NCc4cccc(I)c4)ncnc32)C(O)C1O,7.76
OC1CSC(n2cnc3c(NCc4cccc(I)c4)ncnc32)C1O,6.28
CN(Cc1ccco1)c1nc(-c2ccco2)c(C(=O)c2ccccc2)s1,5.47
CC(=O)N1CCC(Nc2nc(-c3ccco3)c(C(=O)c3ccccc3)s2)CC1,5.91
O=C(c1ccccc1)c1sc(NCCCc2ccccc2)nc1-c1ccco1,5.2
COCCNc1nc(-c2ccco2)c(C(=O)c2ccccc2)s1,5.17
O=C(c1ccccc1)c1sc(NC2CCN(Cc3ccccc3F)CC2)nc1-c1ccco1,5.43
O=C(c1ccccc1)c1sc(NCCc2ccc3c(c2)OCO3)nc1-c1ccco1,5.46
CN(Cc1ccccc1)c1nc(-c2ccco2)c(C(=O)c2ccccc2)s1,5.02
O=C(c1ccccc1)c1sc(NCc2cccs2)nc1-c1ccco1,5.52
O=C(c1ccccc1)c1sc(NCc2ccco2)nc1-c1ccco1,5.84
COC(C)CNc1nc(-c2ccco2)c(C(=O)c2ccccc2)s1,5.4
CCOC(=O)c1nn(-c2cccc(Cl)c2)c(=O)c2c(N)scc12,8.24
Nc1nc(C(=O)NCc2ccccc2Cl)cc(-c2ccco2)n1,7.14
Nc1nc(NC(=O)c2ccccc2)c([N+](=O)[O-])c(-c2ccco2)n1,5.69
Nc1nc(NC(=O)c2ccccc2OC(F)(F)F)c([N+](=O)[O-])c(-c2ccco2)n1,6.53
Nc1nc(C(=O)NCc2cccc(F)c2)cc(-c2ccco2)n1,7.41
Nc1cccc(CNC(=O)c2cc(-c3ccco3)nc(N)n2)n1,6.88
Nc1nc(C(=O)NCc2ccccc2)cc(-c2ccco2)n1,7.24
Nc1nc(C(=O)NCc2ccc(Cl)cc2)cc(-c2ccco2)n1,7.1
Nc1nc(NC(=O)c2ccccc2F)c([N+](=O)[O-])c(-c2ccco2)n1,6.51
COc1cccc(CNC(=O)c2cc(-c3ccco3)nc(N)n2)c1,7.33
Cc1ccccc1CNC(=O)c1cc(-c2ccco2)nc(N)n1,7.14
Nc1nc(C(=O)NCc2ccccn2)cc(-c2ccco2)n1,6.91
Nc1nc(C(=O)NCc2ccncc2)cc(-c2ccco2)n1,5.87
Nc1nc(C(=O)NCc2ccc(F)cc2)cc(-c2ccco2)n1,6.85
COc1ccccc1CNC(=O)c1cc(-c2ccco2)nc(N)n1,7.46
COc1ccc(CNC(=O)c2cc(-c3ccco3)nc(N)n2)cc1,6.8
Nc1nc(C(=O)NCc2cccc(Cl)c2)cc(-c2ccco2)n1,7.91
Nc1nc(C(=O)NCc2ccccc2F)cc(-c2ccco2)n1,7.27
Cc1cccc(CNC(=O)c2cc(-c3ccco3)nc(N)n2)c1,7.42
COCc1cccc(CNC(=O)c2cc(-c3ccco3)nc(N)n2)n1,7.38
Cc1ccc(CNC(=O)c2cc(-c3ccco3)nc(N)n2)cc1,6.99
Nc1nc(NC(=O)c2cccnc2)c([N+](=O)[O-])c(-c2ccco2)n1,5.45
Nc1nc(C(=O)NCc2cccnc2)cc(-c2ccco2)n1,6.91
CCCn1c(=O)c2[nH]c(-c3ccc(OCC(=O)N4CCN(Cc5ccccc5)CC4)cc3)c(O)c2n(CCC)c1=O,6.65
CCCn1c(=O)c2[nH]c(-c3ccc(OCC(=O)N4CCN(Cc5ccccc5)CC4)cc3)cc2n(CCC)c1=O,7.37
CCCn1c(=O)c2[nH]c(-c3ccc(OCC(=O)Nc4ccc(Br)cc4)cc3)c(O)c2n(CCC)c1=O,7.1
CCCn1c(=O)c2[nH]c(-c3ccccc3)cc2n(CCC)c1=O,7.47
CCCn1c(=O)c2[nH]c(-c3ccc(OCC(=O)Nc4ccc(Br)cc4)cc3)cc2n(CCC)c1=O,7.68
CCCn1c(=O)c2[nH]c(-c3ccc(S(C)(=O)=O)cc3)c(O)c2n(CCC)c1=O,7.2
CCCn1c(=O)c2[nH]c(-c3ccc(S(C)(=O)=O)cc3)c(O)c2n(C)c1=O,6.62
CCCn1c(=O)c2c(cc(-c3ccccc3)n2O)n(CCC)c1=O,7.6
O=C(Cc1ccc(Cl)cc1)Nc1nc2nn(CCCc3ccccc3)cc2c2nc(-c3ccco3)nn12,6.59
CCn1cc2c(nc(NC(=O)Cc3cccs3)n3nc(-c4ccco4)nc23)n1,6.83
CCCCn1cc2c(nc(NC(=O)Cc3cccs3)n3nc(-c4ccco4)nc23)n1,7.15
O=C(COc1ccc(Cl)cc1)Nc1nc2nn(CCCc3ccccc3)cc2c2nc(-c3ccco3)nn12,7.15
CC(C)CCn1cc2c(nc(NC(=O)Cc3c(Cl)cccc3Cl)n3nc(-c4ccco4)nc23)n1,6.92
Cn1cc2c(nc(NC(=O)Cc3cccc(Cl)c3)n3nc(-c4ccco4)nc23)n1,6.39
CCCn1cc2c(nc(NC(=O)Cc3cccc4ccccc34)n3nc(-c4ccco4)nc23)n1,6.41
O=C(Cc1ccc2ccccc2c1)Nc1nc2nn(CCCc3ccccc3)cc2c2nc(-c3ccco3)nn12,6.62
CCCCn1cc2c(nc(NC(=O)Cc3cccc4ccccc34)n3nc(-c4ccco4)nc23)n1,6.77
O=C(Cc1c(Cl)cccc1Cl)Nc1nc2nn(CCCc3ccccc3)cc2c2nc(-c3ccco3)nn12,6.11
CC(C)CCn1cc2c(nc(NC(=O)Cc3ccc(C(F)(F)F)cc3)n3nc(-c4ccco4)nc23)n1,7.32
Cn1cc2c(nc(NC(=O)Cc3ccc4ccccc4c3)n3nc(-c4ccco4)nc23)n1,6.72
Cn1cc2c(nc(NC(=O)Cc3ccc(C(F)(F)F)cc3)n3nc(-c4ccco4)nc23)n1,6.12
O=C(Cc1ccc(-c2ccccc2)cc1)Nc1nc2nn(CCCc3ccccc3)cc2c2nc(-c3ccco3)nn12,5.93
CC(C)CCn1cc2c(nc(NC(=O)C(c3ccccc3)c3ccccc3)n3nc(-c4ccco4)nc23)n1,6.36
CCCn1cc2c(nc(NC(=O)Cc3ccc(-c4ccccc4)cc3)n3nc(-c4ccco4)nc23)n1,6.21
O=C(Nc1nc2nn(CCCc3ccccc3)cc2c2nc(-c3ccco3)nn12)C(c1ccccc1)c1ccccc1,6.51
O=C(Cc1cccc(Cl)c1)Nc1nc2nn(CCCc3ccccc3)cc2c2nc(-c3ccco3)nn12,6.22
Cn1cc2c(nc(NC(=O)Cc3ccc(F)cc3)n3nc(-c4ccco4)nc23)n1,6.13
CCn1cc2c(nc(NC(=O)Cc3cccc4ccccc34)n3nc(-c4ccco4)nc23)n1,6.22
CCCCn1cc2c(nc(NC(=O)Cc3ccsc3)n3nc(-c4ccco4)nc23)n1,7.59
O=C(Cc1cccs1)Nc1nc2nn(CCc3ccccc3)cc2c2nc(-c3ccco3)nn12,7.73
CC(C)CCn1cc2c(nc(NC(=O)Cc3ccc(-c4ccccc4)cc3)n3nc(-c4ccco4)nc23)n1,7.07
O=C(Cc1ccc2ccccc2c1)Nc1nc2nn(CCc3ccccc3)cc2c2nc(-c3ccco3)nn12,7.24
Cn1cc2c(nc(NC(=O)COc3ccc(Cl)cc3)n3nc(-c4ccco4)nc23)n1,6.02
Cn1cc2c(nc(NC(=O)Cc3ccsc3)n3nc(-c4ccco4)nc23)n1,6.34
O=C(Cc1ccsc1)Nc1nc2nn(CCc3ccccc3)cc2c2nc(-c3ccco3)nn12,7.64
O=C(Cc1cccc(Cl)c1)Nc1nc2nn(CCc3ccccc3)cc2c2nc(-c3ccco3)nn12,7.88
Cn1cc2c(nc(NC(=O)Cc3ccc(-c4ccccc4)cc3)n3nc(-c4ccco4)nc23)n1,5.84
CCCn1cc2c(nc(NC(=O)Cc3ccc4ccccc4c3)n3nc(-c4ccco4)nc23)n1,6.8
Cn1cc2c(nc(NC(=O)C(c3ccccc3)c3ccccc3)n3nc(-c4ccco4)nc23)n1,6.86
CC(C)CCn1cc2c(nc(NC(=O)Cc3cccc(Cl)c3)n3nc(-c4ccco4)nc23)n1,7.86
CCn1cc2c(nc(NC(=O)Cc3ccc(-c4ccccc4)cc3)n3nc(-c4ccco4)nc23)n1,6.25
CC(C)CCn1cc2c(nc(NC(=O)Cc3ccc(Cl)cc3)n3nc(-c4ccco4)nc23)n1,7.65
CC(C)CCn1cc2c(nc(NC(=O)Cc3ccc(F)cc3)n3nc(-c4ccco4)nc23)n1,7.29
O=C(Cc1ccc(-c2ccccc2)cc1)Nc1nc2nn(CCc3ccccc3)cc2c2nc(-c3ccco3)nn12,7.07
Cn1cc2c(nc(NC(=O)Cc3c(Cl)cccc3Cl)n3nc(-c4ccco4)nc23)n1,6.04
Cn1cc2c(nc(NC(=O)Cc3cccs3)n3nc(-c4ccco4)nc23)n1,6.35
CCCCn1cc2c(nc(NC(=O)Cc3ccc(-c4ccccc4)cc3)n3nc(-c4ccco4)nc23)n1,6.42
CCCn1cc2c(nc(NC(=O)C(c3ccccc3)c3ccccc3)n3nc(-c4ccco4)nc23)n1,7.1
O=C(Cc1ccc(F)cc1)Nc1nc2nn(CCCc3ccccc3)cc2c2nc(-c3ccco3)nn12,6.14
CCn1cc2c(nc(NC(=O)Cc3ccc4ccccc4c3)n3nc(-c4ccco4)nc23)n1,6.73
CC(C)CCn1cc2c(nc(NC(=O)Cc3ccc4ccccc4c3)n3nc(-c4ccco4)nc23)n1,6.85
O=C(Nc1nc2nn(CCc3ccccc3)cc2c2nc(-c3ccco3)nn12)C(c1ccccc1)c1ccccc1,6.94
Cn1cc2c(nc(NC(=O)Cc3cccc4ccccc34)n3nc(-c4ccco4)nc23)n1,6.06
CCn1cc2c(nc(NC(=O)Cc3ccsc3)n3nc(-c4ccco4)nc23)n1,6.81
COc1ccc(CC(=O)Nc2nc3nn(C)cc3c3nc(-c4ccco4)nn23)cc1,6.88
Cn1cc2c(nc(NC(=O)Cc3ccc(Cl)cc3)n3nc(-c4ccco4)nc23)n1,5.73
CCCCn1cc2c(nc(NC(=O)C(c3ccccc3)c3ccccc3)n3nc(-c4ccco4)nc23)n1,6.89
CNC(=O)C1OC(n2cnc3c(NC)nc(C#Cc4ccc(F)cc4)nc32)C(O)C1O,5.28
CNC(=O)C1OC(n2cnc3c(NC)nc(C#Cc4ccccn4)nc32)C(O)C1O,5.06
CNC(=O)C1OC(n2cnc3c(NC)nc(C#Cc4ccc(OC)cc4)nc32)C(O)C1O,4.99
CNC(=O)C1OC(n2cnc3c(NOC)nc(C#Cc4ccc(OC)cc4)nc32)C(O)C1O,4.27
CNC(=O)C1OC(n2cnc3c(NC)nc(C#Cc4ccccc4)nc32)C(O)C1O,4.48
CCCn1c(=O)c2[nH]c3cnccc3c2n(CCC)c1=O,5.85
CCCOc1cnc2c(c1)[nH]c1c(=O)n(CCC)c(=O)n(CCC)c12,6.04
Cn1c(=O)c2[nH]c3cccnc3c2n(C)c1=O,6.42
CCCn1c(=O)c2[nH]c3cccnc3c2n(CCC)c1=O,6.88
Cn1c(=O)c2[nH]c3cnccc3c2n(C)c1=O,4.93
C=CCCCCCCCCCOCCOCCOCCOCCn1cnc2c1c(=O)n(C)c(=O)n2C,5.3
CCCn1c(=O)c2[nH]c(-c3ccccc3OCC(N)=O)nc2n(CCC)c1=O,7.63
O=C(NCC1CC1)C1SC(n2cnc3c(NCc4cccc(I)c4)ncnc32)C(O)C1O,6.8
Cc1cccc(CNC(=O)C2SC(n3cnc4c(NCc5cccc(I)c5)ncnc43)C(O)C2O)c1,5.39
CCNC(=O)C1SC(n2cnc3c(NCc4cccc(I)c4)ncnc32)C(O)C1O,8.27
O=C(NC1CC1)C1SC(n2cnc3c(NCc4cccc(I)c4)ncnc32)C(O)C1O,8.03
CNC(=O)C1SC(n2cnc3c(NC)ncnc32)C(O)C1O,7.16
CNc1ncnc2c1ncn2C1SC(C(=O)NCC2CC2)C(O)C1O,7.48
CNc1ncnc2c1ncn2C1SC(C(=O)NC2CC2)C(O)C1O,8.18
CNc1ncnc2c1ncn2C1SC(C(=O)NC2CCC2)C(O)C1O,8.2
CCNC(=O)C1SC(n2cnc3c(NC)ncnc32)C(O)C1O,8.32
CNc1ncnc2c1ncn2C1SC(C(=O)NC2CCCC2)C(O)C1O,7.31
O=C(NC1CCC1)C1SC(n2cnc3c(NCc4cccc(I)c4)ncnc32)C(O)C1O,7.63
CCn1c(=O)c2[nH]c(Cc3cccs3)nc2n(Cc2cccs2)c1=O,6.17
Cn1c(=O)c2[nH]c(-c3cccs3)nc2n(CC2CCCCC2)c1=O,6.66
CCCn1c(=O)c2[nH]c(-c3ccccc3)nc2n(CC2CCCO2)c1=O,6.65
CCSCCn1c(=O)n(CC)c(=O)c2[nH]c(-c3ccccc3)nc21,6.83
CCCn1c(=O)c2[nH]c(-c3ccccc3)nc2n(CC[S+]([O-])CC)c1=O,6.71
CCCn1c(=O)c2[nH]c(-c3ccccc3)nc2n(CCSCC)c1=O,7.03
CCn1c(=O)c2[nH]c(Cc3ccco3)nc2n(Cc2cccs2)c1=O,6.39
CCCn1c(=O)c2[nH]c(-c3ccccc3)nc2n(CCS(=O)(=O)CC)c1=O,7.03
CCn1c(=O)c2c(nc(Cc3ccco3)n2C)n(Cc2cccs2)c1=O,7.0
CCn1c(=O)c2c(nc(Cc3cccs3)n2C)n(Cc2cccs2)c1=O,7.02
CCn1c(=O)c2c(nc(Cc3c(F)cccc3F)n2C)n(Cc2cccs2)c1=O,6.92
Nc1nc(C(=O)NCc2ccccc2Cl)nc(-c2ccco2)n1,7.39
Cc1ccccc1-c1cc(C(=O)NCc2ccccn2)nc(N)n1,5.86
Cc1ccc(-c2cc(C(=O)NCc3ccccn3)nc(N(C)C)n2)o1,5.85
Cc1ccc(-c2cc(C(=O)NCc3ccccn3)nc(C(C)C)n2)o1,5.96
Cc1cccc(CNC(=O)c2nc(N)nc(-c3ccco3)n2)c1,6.99
Cc1ccc(-c2nc(N)nc(C(=O)NCc3ncccc3C)c2C)o1,6.24
Cc1ccc(-c2cc(C(=O)NCc3ccc(C)c(C)n3)nc(N)n2)o1,7.05
Nc1nc(C(=O)NCc2ccccn2)cc(-c2ccccc2)n1,7.18
Cc1cccc(-c2cc(C(=O)NCc3ccccn3)nc(N)n2)c1,7.17
Cc1ccccc1CNC(=O)c1nc(N)nc(-c2ccco2)n1,6.98
N#Cc1ccccc1-c1cc(C(=O)NCc2ccccn2)nc(N)n1,5.78
CCCn1ccnc1CNC(=O)c1cc(-c2ccc(C)o2)nc(N)n1,6.56
Nc1nc(C(=O)NCc2ccccn2)nc(-c2ccco2)n1,6.65
CCOc1ccccc1-c1cc(C(=O)NCc2ncccc2C)nc(N)n1,5.1
Cc1cccnc1CNC(=O)c1cc(-c2cccc(Cl)c2)nc(N)n1,7.25
Cc1csc(-c2cc(C(=O)NCc3ccccn3)nc(N)n2)n1,6.33
Cc1cc(CNC(=O)c2cc(-c3ccc(C)o3)nc(N)n2)no1,6.52
COc1ccc(-c2cc(C(=O)NCc3ccccn3)nc(N)n2)cc1,6.32
CCc1c(C(=O)NCc2ncccc2C)nc(N)nc1-c1ccc(C)o1,6.3
N#Cc1cccc(-c2cc(C(=O)NCc3ccccn3)nc(N)n2)c1,6.3
Cc1ccccc1-c1cc(C(=O)NCc2ncccc2C)nc(N)n1,5.92
Cc1cccnc1CNC(=O)c1cc(-c2ccccc2C#N)nc(N)n1,5.94
COc1ccccc1-c1cc(C(=O)NCc2ccccn2)nc(N)n1,5.91
Cc1cccnc1CNC(=O)c1cc(-c2ccco2)nc(N)n1,7.01
COc1cccc(-c2cc(C(=O)NCc3ncccc3C)nc(N)n2)c1,6.7
Cc1ccc(-c2cc(C(=O)NCc3ccc(C)n3C)nc(N)n2)o1,6.78
Cc1cccnc1CNC(=O)c1nc(N)nc(-c2ccco2)n1,5.95
CCOc1ccccc1-c1cc(C(=O)NCc2ccccn2)nc(N)n1,5.04
Cc1ccc(-c2cc(C(=O)NCc3nccn3C(C)C)nc(N)n2)o1,6.57
Cc1cc(C)nc(CNC(=O)c2cc(-c3ccc(C)o3)nc(N)n2)c1,7.24
Cc1cccnc1CNC(=O)c1cc(N)nc(-c2ccco2)c1,6.04
COc1ccc(-c2cc(C(=O)NCc3ncccc3C)nc(N)n2)cc1,6.56
COc1cccc(-c2cc(C(=O)NCc3ccccn3)nc(N)n2)c1,6.6
Cc1cccnc1CNC(=O)c1cc(-c2ccccc2Cl)nc(N)n1,6.41
CCc1c(C(=O)NCc2ccccn2)nc(N)nc1-c1ccc(C)o1,6.36
Cc1cccnc1CNC(=O)c1cc(-c2ccccc2F)nc(N)n1,7.42
Cc1cccnc1CNC(=O)c1cc(-c2cccc(C#N)c2)nc(N)n1,6.4
COc1ccccc1-c1cc(C(=O)NCc2ncccc2C)nc(N)n1,6.14
Nc1nc(C(=O)NCc2ccccn2)cc(-c2cccc(F)c2)n1,7.42
Cc1cccnc1CNC(=O)c1cc(-c2ccccc2)nc(N)n1,7.42
Cc1ccc(-c2cc(C(=O)NCc3ncccc3C)nc(N)n2)cc1,7.08
Nc1nc(C(=O)NCc2ccccn2)cc(-c2ccccc2Cl)n1,6.39
Cc1csc(-c2cc(C(=O)NCc3ncccc3C)nc(N)n2)n1,7.13
Cc1ccc(-c2cc(C(=O)NCc3ccccn3)nc(N)n2)o1,6.65
Cc1nc(C(=O)NCc2ccccn2)cc(-c2ccc(C)o2)n1,5.38
Cc1cccc(CNC(=O)c2cc(-c3ccc(C)o3)nc(N)n2)n1,6.88
Cc1ccc(-c2cc(C(=O)NCc3cscn3)nc(N)n2)o1,7.14
Nc1nc(C(=O)NCc2ccccn2)cc(-c2cccc(Cl)c2)n1,7.4
Nc1nc(C(=O)NCc2cccnc2)nc(-c2ccco2)n1,6.39
Cc1ccc(-c2cc(C(=O)NCc3cccn3C)nc(N)n2)o1,6.76
Nc1nc(C(=O)NCc2ccccn2)cc(-c2ccccc2F)n1,7.32
Cc1cccc(-c2cc(C(=O)NCc3ncccc3C)nc(N)n2)c1,7.03
CNc1nc(C(=O)NCc2ccccn2)cc(-c2ccc(C)o2)n1,6.82
Cc1ccc(-c2cc(C(=O)NCc3ccc[nH]3)nc(N)n2)o1,6.57
Cc1ccc(-c2cc(C(=O)NCc3ncc[nH]3)nc(N)n2)o1,6.43
Nc1nc(C(=O)NCc2ccncc2)nc(-c2ccco2)n1,6.23
Cc1ccc(C)c(CNC(=O)c2cc(-c3ccc(C)o3)nc(N)n2)n1,7.11
CCn1ccnc1CNC(=O)c1cc(-c2ccc(C)o2)nc(N)n1,6.42
Cc1ccc(-c2cc(C(=O)NCc3ccccn3)nc(N)n2)cc1,6.93
Cc1cccnc1CNC(=O)c1cc(-c2cccc(F)c2)nc(N)n1,7.51
Cc1ccc(-c2cc(C(=O)NCc3ccccn3)ncn2)o1,5.59
O=C(O)CCCn1nc(-c2c(-c3ccccc3)nn3ccccc23)ccc1=O,7.92
OC1CCC(Nc2nc(-c3ccccc3)nc3[nH]ccc23)CC1,9.0
CCCn1c(=O)c2c(ncn2CCN(CC)CCO)n(CCc2ccc(N)cc2)c1=O,9.24
O=c1[nH]c(=O)c2cc(-c3ccncn3)c(-c3ccco3)nc2[nH]1,5.76
Cn1c(=O)[nH]c2nc(-c3ccco3)c(-c3ccncn3)cc21,5.61
O=c1[nH][nH]c2nc(-c3ccco3)c(-c3ccncn3)cc12,7.09
c1coc(-c2nc3[nH]ncc3cc2-c2ccncn2)c1,6.32
O=c1[nH]c2cc(-c3ccncn3)c(-c3ccco3)nc2[nH]1,6.5
Nc1n[nH]c2nc(-c3ccco3)c(-c3ccncn3)cc12,6.45
CC(=O)Nc1ccc(-c2ccncc2)c(-c2ccco2)n1,6.45
O=C(Nc1ccc(-c2ccncc2)c(-c2ccco2)n1)C1CC1,7.09
O=C(Nc1ccc(-c2ccncc2)c(-c2ccccn2)n1)C1CC1,6.03
Cc1ccc(-c2nc(NC(=O)C3CC3)ccc2-c2ccncc2)o1,7.6
O=C(Nc1ccc(-c2ccncc2)c(-c2ccc(F)cc2)n1)C1CC1,7.46
O=C(Nc1ccc(-c2ccncc2)c(-c2ccncc2)n1)C1CC1,6.47
O=C(Nc1ccc(-c2ccncc2)c(-c2ncco2)n1)C1CC1,6.15
O=C(Nc1ccc(-c2ccncc2)c(-c2cncs2)n1)C1CC1,6.5
O=C(Nc1ccc(-c2ccncc2)c(-c2cnco2)n1)C1CC1,6.2
O=C(Nc1ccc(-c2ccncc2F)c(-c2ccco2)n1)C1CC1,6.43
O=C(Nc1ccc(-c2ccncc2)c(-c2cccc(F)c2)n1)C1CC1,7.85
N#Cc1ccc(NC(=O)C2CC2)nc1-c1ccco1,6.54
O=C(Nc1ccc(-c2ccncc2)c(-c2ccccc2F)n1)C1CC1,6.91
O=C(Nc1ccc(-c2ccncc2Cl)c(-c2ccco2)n1)C1CC1,6.6
CC(=O)Nc1ccc(-c2ccncc2)c(-c2cccc(F)c2)n1,7.24
O=C(Nc1ccc(-c2ccncc2)c(-c2nccs2)n1)C1CC1,6.04
Nc1nc2c(cnn2CCc2ccccc2)c2nc(-c3ccco3)nn12,6.23
S=c1sc2c(ncn3nc(-c4ccco4)nc23)n1-c1ccccc1,7.32
S=c1sc2c(ncn3nc(-c4ccco4)nc23)n1-c1cccc(I)c1,8.58
S=c1sc2c(ncn3nc(-c4ccco4)nc23)n1-c1ccccc1I,9.4
CCCCn1c(=S)sc2c1ncn1nc(-c3ccco3)nc21,6.83
C=CCn1c(=S)sc2c1ncn1nc(-c3ccco3)nc21,7.72
S=c1sc2c(ncn3nc(-c4ccco4)nc23)n1-c1ccc(I)cc1,8.21
CCCn1c(=S)sc2c1ncn1nc(-c3ccco3)nc21,6.64
Fc1ccc(-n2c(=S)sc3c2ncn2nc(-c4ccco4)nc32)cc1,8.49
Nc1sc2c(c1C(=O)c1ccc(Cl)c(Cl)c1)CCN(CCCCCCCCCOc1ccc(Nc3ncnc4c3ncn4C3OC(CO)C(O)C3O)cc1)C2,6.19
Nc1sc2c(c1C(=O)c1ccc(Cl)c(Cl)c1)CCN(CCCCOc1ccc(Nc3ncnc4c3ncn4C3OC(CO)C(O)C3O)cc1)C2,6.51
Nc1sc2c(c1C(=O)c1ccc(Cl)c(Cl)c1)CCN(CCCCCCCCCCOc1ccc(Nc3ncnc4c3ncn4C3OC(CO)C(O)C3O)cc1)C2,5.89
Nc1sc2c(c1C(=O)c1ccc(Cl)c(Cl)c1)CCN(CCCCCCCCOc1ccc(Nc3ncnc4c3ncn4C3OC(CO)C(O)C3O)cc1)C2,6.34
Nc1sc2c(c1C(=O)c1ccc(Cl)c(Cl)c1)CCN(CCCOc1ccc(Nc3ncnc4c3ncn4C3OC(CO)C(O)C3O)cc1)C2,6.61
Nc1sc2c(c1C(=O)c1ccc(Cl)c(Cl)c1)CCN(CCOc1ccc(Nc3ncnc4c3ncn4C3OC(CO)C(O)C3O)cc1)C2,6.33
COc1ccc(Nc2ncnc3c2ncn3C2OC(CO)C(O)C2O)cc1,6.72
Nc1sc2c(c1C(=O)c1ccc(Cl)c(Cl)c1)CCN(CCCCCCOc1ccc(Nc3ncnc4c3ncn4C3OC(CO)C(O)C3O)cc1)C2,6.56
C=CCOc1cccc(-c2nc(O)c3c4ccccc4c(=O)n(CC)n23)c1,7.8
Cn1cc2c(nc(NC(=O)Cc3ccccc3)n3nc(-c4ccc([N+](=O)[O-])cc4)nc23)n1,4.63
Cn1cc2c(nc(NC(=O)c3ccccc3)n3nc(-c4ccc(F)cc4)nc23)n1,5.6
O=C(Nc1nc2nn(CCc3ccccc3)cc2c2nc(-c3ccc(Br)cc3)nn12)c1ccccc1,6.57
Cn1cc2c(nc(NC(=O)Cc3ccccc3)n3nc(-c4ccc(Cl)cc4)nc23)n1,5.31
Nc1nc2nn(CCc3ccccc3)cc2c2nc(-c3ccccc3)nn12,7.13
CCn1cc2c(nc(N)n3nc(-c4ccc(Cl)cc4)nc23)n1,5.8
COc1ccc(-c2nc3c4cn(CCc5ccccc5)nc4nc(N)n3n2)cc1,6.54
COc1ccc(-c2nc3c4cn(C)nc4nc(N)n3n2)cc1,5.01
Cn1cc2c(nc(NC(=O)c3ccccc3)n3nc(-c4ccccc4)nc23)n1,6.21
Cn1cc2c(nc(N)n3nc(-c4ccc(Br)cc4)nc23)n1,5.54
Cn1cc2c(nc(NC(=O)Cc3ccccc3)n3nc(-c4ccccc4)nc23)n1,6.25
CCn1ncc2c1nc(N)n1nc(-c3ccc(Cl)cc3)nc21,6.92
Cn1cc2c(nc(NC(=O)Cc3ccccc3)n3nc(-c4ccc(Br)cc4)nc23)n1,4.61
O=C(Nc1nc2nn(CCc3ccccc3)cc2c2nc(-c3ccccc3)nn12)c1ccccc1,6.5
Cn1cc2c(nc(NC(=O)Cc3ccccc3)n3nc(-c4ccc(F)cc4)nc23)n1,5.64
Cn1cc2c(nc(N)n3nc(-c4ccc(F)cc4)nc23)n1,6.0
CNC(=O)C1OC(n2cnc3c(NCc4ccc(NC(=O)CCC(=O)NCCc5cc(C(C)(C)C)c(O)c(C(C)(C)C)c5)cc4)ncnc32)C(O)C1O,7.38
CNC(=O)C1OC(n2cnc3c(Nc4ccc5c(c4)C(C)(C)NC5(C)C)ncnc32)C(O)C1O,5.93
CNC(=O)C1OC(n2cnc3c(NCc4ccc(CNC(=O)c5cc(C(C)(C)C)cc(C(C)(C)C)c5)cc4)ncnc32)C(O)C1O,6.89
CNC(=O)C1OC(n2cnc3c(NCc4ccc5c(c4)C(C)(C)N([O])C5(C)C)ncnc32)C(O)C1O,5.89
CNC(=O)C1OC(n2cnc3c(Nc4ccc5c(c4)C(C)(C)N([O])C5(C)C)ncnc32)C(O)C1O,6.1
CC(C)(C)c1cc(CCNc2ncnc3c2ncn3C2OC(CO)C(O)C2O)cc(C(C)(C)C)c1O,6.82
CC1(C)CC(CNc2ncnc3c2ncn3C2OC(CO)C(O)C2O)C(C)(C)N1[O],7.3
CC1(C)NC(C)(C)c2cc(NC3NC=Nc4c3ncn4C3OC(CO)C(O)C3O)ccc21,6.54
CC1(C)c2ccc(CNC3NC=Nc4c3ncn4C3OC(CO)C(O)C3O)cc2C(C)(C)N1[O],5.94
CNC(=O)C1OC(n2cnc3c(NC4CC(C)(C)N([O])C(C)(C)C4)ncnc32)C(O)C1O,5.72
CC1(C)CC(NC2NC=Nc3c2ncn3C2OC(CO)C(O)C2O)CC(C)(C)N1[O],7.3
CNC(=O)C1OC(n2cnc3c(NCC4CC(C)(C)N([O])C4(C)C)ncnc32)C(O)C1O,6.24
CNC(=O)C1OC(n2cnc3c(NC4CC(C)(C)NC(C)(C)C4)ncnc32)C(O)C1O,6.02
CNC(=O)C1OC(n2cnc3c(Nc4ccc(CCNC(=O)c5cc(C(C)(C)C)c(O)c(C(C)(C)C)c5)cc4)ncnc32)C(O)C1O,6.61
CNC(=O)C1OC(n2cnc3c(NCCc4cc(C(C)(C)C)c(O)c(C(C)(C)C)c4)ncnc32)C(O)C1O,6.21
CNC(=O)C1OC(n2cnc3c(Nc4ccc(CCNC(=O)c5cc(OC)c(OC)c(OC)c5)cc4)ncnc32)C(O)C1O,7.58
CNC(=O)C1OC(n2cnc3c(NCc4ccc(CNC(=O)c5cc(OC)c(OC)c(OC)c5)cc4)ncnc32)C(O)C1O,7.12
O=C(Nc1nc(-c2ccccc2)nc2nn(Cc3ccccc3)cc12)c1ccccc1,7.28
CNC(=O)OCC1OC(n2cnc3c(NCc4cccc(I)c4)nc(Cl)nc32)C(O)C1O,6.92
O=C(Nc1nc(-c2ccccc2)nc2nn(CCc3ccccc3)cc12)c1cccc(Cl)c1,5.98
Cn1cc2c(N)nc(-c3ccccc3)nc2n1,6.23
O=C(Nc1ccccc1)Nc1nc(-c2ccccc2)nc2nn(Cc3ccccc3)cc12,6.54
Cn1cc2c(NC(=O)c3ccccc3)nc(-c3ccccc3)nc2n1,6.48
Cn1cc2c(NC(=O)c3cccc(Cl)c3)nc(-c3ccccc3)nc2n1,5.97
COc1ccc(C(=O)Nc2nc(-c3ccccc3)nc3nn(C)cc23)cc1,5.98
O=C(Nc1ccccc1)Nc1nc(-c2ccccc2)nc2nn(CCc3ccccc3)cc12,5.77
COc1ccc(C(=O)Nc2nc(-c3ccccc3)nc3nn(CCc4ccccc4)cc23)cc1,5.62
O=C(Nc1nc(-c2ccccc2)nc2nn(CCc3ccccc3)cc12)c1ccccc1,7.57
Nc1nc(-c2ccccc2)nc2nn(Cc3ccccc3)cc12,6.51
Nc1nc(-c2ccccc2)nc2nn(CCc3ccccc3)cc12,5.6
CCCn1c(=O)[nH]c2cc(-c3ccc(OCC(=O)Nc4ccc(Br)cc4)cc3)[nH]c2c1=O,8.76
COc1cc(OCc2nc(-c3ccc(Br)cc3)no2)ccc1-c1cc2c([nH]1)c(=O)n(C)c(=O)n2C,6.74
CCCn1c(=O)[nH]c2cc(-c3ccc(OCC(=O)Nc4ccc(F)cc4)cc3)[nH]c2c1=O,7.12
CCN(C(C)=O)c1ccc(OC)c2nc(NC(=O)c3ccc(C(=O)N4CCN(C)CC4)cc3)sc12,6.92
COc1ccc(N(CC(C)C)C(C)=O)c2sc(NC(=O)c3ccc(F)cc3)nc12,7.43
CCN(C(C)=O)c1ccc(OC)c2nc(NC(=O)c3cc[nH]c3)sc12,7.46
CCN(C(C)=O)c1ccc(OC)c2nc(NC(=O)c3ccnn3C)sc12,7.0
CCN(C(C)=O)c1ccc(OC)c2nc(NC(=O)c3ccc(CN(C)S(C)(=O)=O)cc3)sc12,6.39
COCCN(C(C)=O)c1ccc(OC)c2nc(NC(=O)c3ccc(F)cc3)sc12,6.96
CNC(=O)CN(C(C)=O)c1ccc(OC)c2nc(NC(=O)c3ccc(F)cc3)sc12,6.1
CCN(C(C)=O)c1ccc(OC)c2nc(NC(=O)c3ccc(C(=O)N4CCCC4)cc3)sc12,7.3
COc1ccc(N(CCCO)C(C)=O)c2sc(NC(=O)c3ccc(F)cc3)nc12,7.0
CCN(C(C)=O)c1ccc(OC)c2nc(NC(=O)c3ccc(C(=O)N4CCOCC4)cc3)sc12,6.8
CCN(C(C)=O)c1ccc(OC)c2nc(NC(=O)c3ccc(-n4cccn4)cc3)sc12,7.11
CCN(C(C)=O)c1ccc(OC)c2nc(NC(=O)c3ccc(C(=O)OC)cc3)sc12,6.73
CCN(C(C)=O)c1ccc(OC)c2nc(NC(=O)c3ccc(-n4ccnc4)cc3)sc12,6.82
CCN(C(C)=O)c1ccc(OC)c2nc(NC(=O)c3ccc(CN4CCCC4=O)cc3)sc12,6.4
COC(=O)CN(C(C)=O)c1ccc(OC)c2nc(NC(=O)c3ccc(F)cc3)sc12,7.64
COc1ccc(N(CC(=O)O)C(C)=O)c2sc(NC(=O)c3ccc(F)cc3)nc12,5.58
CCN(C(C)=O)c1ccc(OC)c2nc(NC(=O)c3ccc(C(=O)N(C)CCOC)cc3)sc12,6.75
COc1ccc(N(C)C(C)=O)c2sc(NC(=O)c3ccc(F)cc3)nc12,7.18
COc1ccc(N(CCO)C(C)=O)c2sc(NC(=O)c3ccc(F)cc3)nc12,6.35
CCN(C(C)=O)c1ccc(OC)c2nc(NC(=O)c3ccc(S(C)(=O)=O)cc3)sc12,6.41
CCN(C(C)=O)c1ccc(OC)c2nc(NC(=O)c3cnn(Cc4cccc(C(F)(F)F)c4)c3)sc12,8.22
COc1ccc(N(CC(N)=O)C(C)=O)c2sc(NC(=O)c3ccc(F)cc3)nc12,6.25
CCN(C(C)=O)c1ccc(OC)c2nc(NC(=O)c3cnn(Cc4cccc(F)c4)c3)sc12,8.05
CCN(C(C)=O)c1ccc(OC)c2nc(NC(=O)c3ccc(C(=O)NC)cc3)sc12,6.73
CCN(C(C)=O)c1ccc(OC)c2nc(NC(=O)c3ccc(-n4cnnn4)cc3)sc12,6.89
CCN(C(C)=O)c1ccc(Cl)c2nc(NC(=O)c3ccc(F)cc3)sc12,7.52
COc1ccc(N(CC(=O)N(C)C)C(C)=O)c2sc(NC(=O)c3ccc(F)cc3)nc12,5.8
COc1ccc(N(C(C)=O)C(F)F)c2sc(NC(=O)c3ccc(F)cc3)nc12,7.52
COc1ccc(NC(C)=O)c2sc(NC(=O)c3ccc(F)cc3)nc12,5.8
CCN(C(C)=O)c1ccc(OC)c2nc(NC(=O)c3ccc(C#N)cc3)sc12,7.15
CCN(C(C)=O)c1ccc(OC)c2nc(NC(=O)c3ccc(C(=O)N4CCCCC4)cc3)sc12,6.52
CCN(C(C)=O)c1ccc(OC)c2nc(NC(=O)c3ccc(NS(C)(=O)=O)cc3)sc12,6.96
Nc1nc(-n2cncn2)c2nnn(Cc3ccccc3F)c2n1,5.53
CCCn1c(=O)c2nc(-c3ccc(OCC(=O)Nc4ccc(C(C)=O)cc4)cc3)[nH]c2n(CCC)c1=O,6.8
CCCn1c(=O)c2nc(-c3ccc(OCC(=O)N(Cc4ccccc4)Cc4ccccc4)cc3)[nH]c2n(CCC)c1=O,6.16
CC(=O)NCCNc1nc(-c2ccccc2)nc2[nH]c(C(=O)N3CCN(CCCc4ccccc4)CC3)cc12,6.35
CCn1nnc(-c2sc(NC(=O)Cc3ccc(OC)c(OC)c3)nc2-c2ccccc2)n1,5.8
Cc1nc(-c2sc(NC(=O)Cc3ccccc3)nc2-c2ccccc2)no1,6.58
CCn1nnc(-c2sc(NC(=O)c3ccco3)nc2-c2ccccc2)n1,6.19
CCn1c(=O)c2c(nc(C=Cc3ccc(OC)c(OC)c3)n2C)n(CC)c1=O,5.52
Cc1noc(-c2sc(NC(=O)C3CC3)nc2-c2ccccc2)n1,7.39
O=C(Nc1nc(-c2ccccc2)c(-c2ncon2)s1)C1CC1,6.51
CCn1nnc(-c2sc(NC(=O)Cc3ccccc3)nc2-c2ccccc2)n1,5.92
Cc1nc(-c2sc(NC(=O)CC(C)C)nc2-c2ccccc2)no1,7.09
CC(=O)Nc1nc(-c2ccccc2)c(-c2nc(C)no2)s1,6.43
Cc1noc(-c2sc(NC(=O)CC(C)C)nc2-c2ccccc2)n1,7.57
CCOC(=O)c1sc(NC(=O)c2ccco2)nc1-c1ccccc1,7.02
Cc1noc(-c2sc(NC(=O)c3ccccc3)nc2-c2ccccc2)n1,6.75
CCn1nnc(-c2sc(NC(=O)C3CC3)nc2-c2ccccc2)n1,6.68
Cc1noc(-c2sc(NC(=O)Cc3ccccc3)nc2-c2ccccc2)n1,6.47
O=C(Nc1nc(-c2ccccc2)c(-c2ncon2)s1)c1ccccc1,6.52
Cc1nc(-c2sc(NC(=O)c3ccco3)nc2-c2ccccc2)no1,6.11
O=C(Cc1ccccc1)Nc1nc(-c2ccccc2)c(-c2ncon2)s1,5.77
CC(C)CC(=O)Nc1nc(-c2ccccc2)c(-c2ncon2)s1,7.11
Cc1nc(-c2sc(NC(=O)C3CC3)nc2-c2ccccc2)no1,6.82
CCOCc1sc(NC(=O)c2ccco2)nc1-c1ccccc1,7.04
Cc1noc(-c2sc(NC(=O)c3ccco3)nc2-c2ccccc2)n1,6.57
CCc1nc2c(=O)n(C(C)c3ccccc3)nc(C)c2c2cc(-c3ccccc3)nn12,5.62
O=c1c2ncn3nc(-c4ccccc4)cc3c2c(-c2cccnc2)nn1Cc1ccccc1,7.94
CCCc1nc2c(=O)n(Cc3ccccc3)nc(-c3ccccc3)c2c2cc(-c3ccccc3)nn12,6.25
CCc1nc2c(=O)n(Cc3ccccc3)nc(-c3cccnc3)c2c2cc(-c3ccccc3)nn12,6.74
CCc1nc2c(=O)n(Cc3ccccc3)nc(-c3ccncc3)c2c2cc(-c3ccccc3)nn12,7.14
O=c1c2ncn3nc(-c4ccccc4)cc3c2c(-c2ccncc2)nn1Cc1ccccc1,7.99
Cc1nc2c(=O)n(Cc3ccccc3)nc(-c3cccnc3)c2c2cc(-c3ccccc3)nn12,7.32
Cc1nn(Cc2ccccc2)c(=O)c2ncn3nc(-c4ccccc4)cc3c12,6.98
Cc1nc2c(=O)n(Cc3ccccc3)nc(Cl)c2c2cc(-c3ccccc3)nn12,5.79
O=c1c2ncn3nc(-c4ccccc4)cc3c2c(-c2ccc(F)cc2)nn1Cc1ccccc1,6.6
Cc1nc2c(=O)n(Cc3ccccc3)nc(-c3ccccc3)c2c2cc(-c3ccccc3)nn12,5.8
Cc1nc2c(=O)n(Cc3ccccc3)nc(-c3cccc(F)c3)c2c2cc(-c3ccccc3)nn12,5.49
Cc1nn(Cc2ccccc2)c(=O)c2nc(C)n3nc(-c4ccccc4)cc3c12,5.49
O=c1c2ncn3nc(-c4ccsc4)cc3c2c(-c2cccc(F)c2)nn1Cc1ccccc1,6.72
CC(C)c1nc2c(=O)n(Cc3ccccc3)nc(-c3ccncc3)c2c2cc(-c3ccccc3)nn12,6.72
O=c1c2ncn3nc(-c4ccccc4)cc3c2c(-c2ccccc2)nn1Cc1ccccc1,5.84
Cc1nn(Cc2ccccc2)c(=O)c2ncn3nc(-c4ccsc4)cc3c12,7.07
CCc1nc2c(=O)n(Cc3ccccc3)nc(-c3ccccc3)c2c2cc(-c3ccccc3)nn12,5.61
O=c1c2ncn3nc(-c4ccccc4)cc3c2c(-c2cccc(F)c2)nn1Cc1ccccc1,7.03
Cc1nn(C(C)c2ccccc2)c(=O)c2ncn3nc(-c4ccccc4)cc3c12,6.32
Cc1nn(C(C)c2ccccc2)c(=O)c2nc(C)n3nc(-c4ccccc4)cc3c12,5.51
CCCc1nc2c(=O)n(Cc3ccccc3)nc(-c3ccncc3)c2c2cc(-c3ccccc3)nn12,7.55
Cc1nc2c(=S)n(Cc3ccccc3)nc(-c3ccncc3)c2c2cc(-c3ccccc3)nn12,6.57
CNC(=O)C1OC(n2cnc3c(N)nc(C#Cc4ccccc4)nc32)C(O)C1O,5.41
COCCCNC(=O)COc1ccc2[nH]c(=O)c(S(C)(=O)=O)c(CCc3ccccc3)c2c1,4.98
CS(=O)(=O)c1c(-c2ccccc2)c2cc(OCC(=O)NCc3ccc(Cl)c(Cl)c3)ccc2[nH]c1=O,5.07
CS(=O)(=O)c1c(CCc2ccccc2)c2cc(OCC(=O)NCc3ccc(Cl)c(Cl)c3)ccc2[nH]c1=O,6.09
Cn1c(=O)c(S(C)(=O)=O)c(CCc2ccccc2)c2cc(OCC(=O)NCc3ccccc3)ccc21,6.8
CC(C)(NC(=O)COc1ccc2[nH]c(=O)c(-c3nccs3)c(CCC(F)(F)F)c2c1)c1ccccc1,5.95
O=C(COc1ccc2[nH]c(=O)c(-c3ccco3)c(CCc3ccccc3)c2c1)NCc1ccccc1,6.36
CC(C)(NC(=O)COc1ccc2[nH]c(=O)c(-c3nccs3)c(CCc3ccc(F)cc3)c2c1)c1ccccc1,5.94
CC(C)(NC(=O)COc1ccc2[nH]c(=O)c(-c3nccs3)c(CCc3ccccc3)c2c1)c1ccccc1,7.72
CN(Cc1ccc(Cl)c(Cl)c1)C(=O)COc1ccc2[nH]c(=O)c(S(C)(=O)=O)c(CCc3ccccc3)c2c1,6.22
COCCCNC(=O)COc1ccc2c(c1)c(CCc1ccccc1)c(-c1ccc(F)cc1F)c(=O)n2C,5.44
N#Cc1c(CCc2ccccc2)c2cc(OCC(=O)NCc3ccc(Cl)c(Cl)c3)ccc2[nH]c1=O,5.96
CCC(NC(=O)COc1ccc2[nH]c(=O)c(-c3nccs3)c(CCc3ccccc3)c2c1)c1ccccc1,8.07
Cn1c(=O)c(-c2ccc(F)cc2F)c(CCc2ccccc2)c2cc(OCC(=O)NCc3ccccc3)ccc21,5.15
CC(C)(NC(=O)NCc1ccc2[nH]c(=O)c(-c3nccs3)c(CCc3ccccc3)c2c1)c1ccccc1,7.17
O=C(NCc1ccccc1)NCc1ccc2[nH]c(=O)c(-c3nccs3)c(CCc3ccccc3)c2c1,7.17
O=C(COc1ccc2[nH]c(=O)c(-c3nccs3)c(CCc3ccccc3)c2c1)NC(CO)c1ccccc1,8.21
CC(C)(NC(=O)COc1ccc2[nH]c(=O)c(-c3cccnc3)c(CCc3ccccc3)c2c1)c1ccccc1,6.3
O=C(CCc1ccccc1)NCc1ccc2[nH]c(=O)c(-c3nccs3)c(CCc3ccccc3)c2c1,5.49
CC(C)(NC(=O)COc1ccc2[nH]c(=O)c(-c3ccncc3)c(CCc3ccccc3)c2c1)c1ccccc1,6.42
CC(C)CCc1c(-c2nccs2)c(=O)[nH]c2ccc(OCC(=O)NC(C)(C)c3ccccc3)cc12,5.22
CC(C)(NC(=O)COc1ccc2[nH]c(=O)c(-c3ccccn3)c(CCc3ccccc3)c2c1)c1ccccc1,5.86
Cc1cc(-c2c(CCc3ccccc3)c3cc(OCC(=O)NC(C)(C)c4ccccc4)ccc3[nH]c2=O)on1,7.92
COCCCNC(=O)COc1ccc2[nH]c(=O)c(-c3ccc(F)cc3F)c(CCc3ccccc3)c2c1,5.22
CC(NC(=O)COc1ccc2[nH]c(=O)c(-c3nccs3)c(CCc3ccccc3)c2c1)c1ccccc1,7.82
CS(=O)(=O)c1c(CCc2ccccc2)c2cc(OCC(=O)Nc3ccccc3)ccc2[nH]c1=O,5.88
CC(C)(C)NC(=O)COc1ccc2[nH]c(=O)c(-c3nccs3)c(CCc3ccccc3)c2c1,5.76
O=C(COc1ccc2[nH]c(=O)c(-c3nccs3)c(CCc3ccccc3)c2c1)NC1(c2ccccc2)CC1,7.89
CCCC(=O)Nc1nc(-c2ccccc2F)cc(-c2ccccc2F)n1,7.63
CCC(=O)Nc1cc(-c2ccc3c(c2)OCO3)nc(-c2ccc3c(c2)OCO3)n1,8.28
CCCC(=O)Nc1cc(-c2ccccc2F)nc(-c2ccccc2F)n1,7.73
CCC(=O)Nc1nc(-c2ccc(SC)cc2)cc(-c2ccc(SC)cc2)n1,6.3
CCCC(=O)Nc1cc(-c2ccc(F)cc2)nc(-c2ccc(F)cc2)n1,7.08
CCC(=O)Nc1cc(-c2ccsc2)nc(-c2ccsc2)n1,7.41
CC(=O)Nc1cc(-c2ccco2)nc(-c2ccco2)n1,7.39
CCCC(=O)Nc1nc(-c2ccc3c(c2)OCO3)cc(-c2ccc3c(c2)OCO3)n1,6.17
CCCC(=O)Nc1nc(-c2ccsc2)cc(-c2ccsc2)n1,7.07
CCC(=O)Nc1nc(-c2ccc3c(c2)OCO3)cc(-c2ccc3c(c2)OCO3)n1,6.27
CCCC(=O)Nc1cc(-c2ccco2)nc(-c2ccco2)n1,8.11
CCCC(=O)Nc1nc(-c2cccs2)cc(-c2cccs2)n1,6.59
CCC(=O)Nc1cc(-c2ccccc2OC)nc(-c2ccccc2OC)n1,6.95
CCCC(=O)Nc1cc(-c2ccccc2OC)nc(-c2ccccc2OC)n1,7.38
CCCC(=O)Nc1cc(-c2ccc3c(c2)OCO3)nc(-c2ccc3c(c2)OCO3)n1,8.01
CCC(=O)Nc1cc(-c2ccoc2)nc(-c2ccoc2)n1,6.88
CCC(=O)Nc1cc(-c2ccccc2F)nc(-c2ccccc2F)n1,7.5
CCCC(=O)Nc1cc(-c2ccoc2)nc(-c2ccoc2)n1,7.19
CCCC(=O)Nc1nc(-c2ccc(C)cc2)cc(-c2ccc(C)cc2)n1,5.42
CC(=O)Nc1cc(-c2ccc3c(c2)OCO3)nc(-c2ccc3c(c2)OCO3)n1,7.75
CCC(=O)Nc1cc(-c2ccco2)nc(-c2ccco2)n1,7.81
CCCC(=O)Nc1cc(-c2cccs2)nc(-c2cccs2)n1,7.48
CCC(=O)Nc1cc(-c2cccs2)nc(-c2cccs2)n1,7.48
CC(=O)Nc1cnc(-c2ccncc2)c(-c2ccco2)n1,6.34
O=C(Nc1cnc(-c2ccncc2)c(-c2ccccn2)n1)C1CC1,6.51
CCC(=O)Nc1cnc(-c2ccncc2)c(-c2ccco2)n1,7.38
O=C(CC1CCCC1)Nc1cnc(-c2ccncc2)c(-c2ccco2)n1,7.01
Cc1ccc(-c2nc(NC(=O)C3CC3)cnc2-c2ccncc2)o1,7.96
O=C(Nc1cnc(-c2ccncc2)c(-c2ccccc2F)n1)C1CC1,7.6
O=C(Nc1cnc(-c2ccncc2)c(-c2ccco2)n1)C1CCC1,7.77
O=C(Nc1cnc(-c2ccncc2)c(-c2ccco2)n1)C1CCCC1,7.57
CC(C)C(=O)Nc1cnc(-c2ccncc2)c(-c2ccco2)n1,7.75
O=C(Nc1cnc(-c2ccncc2)c(-c2ccco2)n1)c1ccc(F)cc1,5.98
O=C(Nc1cnc(-c2ccncc2F)c(-c2ccccc2F)n1)C1CC1,6.89
O=C(Nc1cnc(-c2ccncn2)c(-c2ccco2)n1)C1CC1,5.65
Cc1cnc(NC(=O)c2ccc(NC(=O)CC(C)(C)C)cc2)s1,5.96
COc1cc(NC(=O)CC(C)(C)C)ccc1C(=O)Nc1nccs1,5.96
Cc1cc(C(=O)Nc2nccs2)cc(Cl)c1NC(=O)CC(C)(C)C,6.24
CC(C)(C)CC(=O)Nc1c(F)cc(C(=O)Nc2nccs2)cc1F,6.39
CC(C)(C)CC(=O)Nc1ccc(C(=O)Nc2nccs2)cc1Cl,6.68
CC(C)(C)CC(=O)Nc1ccc(C(=O)Nc2nccs2)cc1F,6.19
CC(C)(C)CC(=O)Nc1ccc(C(=O)Nc2ncc(Cl)s2)cc1,6.66
CCN(C(C)=O)c1ccc(OC)c2nc(NC(=O)N3CCC(O)(c4cccc(C(F)(F)F)c4)CC3)sc12,7.72
CCN(C(C)=O)c1ccc(OC)c2nc(NC(=O)C3CCC(NC(=O)c4cccc(C(F)(F)F)c4)C3)sc12,7.51
CCN(C(C)=O)c1ccc(OC)c2nc(NC(=O)C3CCN(S(=O)(=O)c4cccc(C(F)(F)F)c4)CC3)sc12,7.11
CCN(C(C)=O)c1ccc(OC)c2nc(NC(=O)C3CCC(NCc4cccc(C(F)(F)F)c4)C3)sc12,6.66
CCN(C(C)=O)c1ccc(OC)c2nc(NC(=O)C3CCN(C(=O)c4cccc(C(F)(F)F)c4)C3)sc12,7.0
CCN(C(C)=O)c1ccc(OC)c2nc(NC(=O)C3CCC(NC(=O)c4cccc(C(F)(F)F)c4)CC3)sc12,8.15
CCN(C(C)=O)c1ccc(OC)c2nc(NC(=O)C3CCN(S(=O)(=O)c4cccc(C(F)(F)F)c4)C3)sc12,6.66
CCN(C(C)=O)c1ccc(OC)c2nc(NC(=O)N3CCC(S(=O)(=O)c4cccc(C(F)(F)F)c4)CC3)sc12,6.16
CCN(C(C)=O)c1ccc(OC)c2nc(NC(=O)C3CCN(C(=O)c4cccc(C(F)(F)F)c4)CC3)sc12,8.7
CCN(C(C)=O)c1ccc(OC)c2nc(NC(=O)C3CCN(Cc4cccc(C(F)(F)F)c4)CC3)sc12,8.0
CCN(C(C)=O)c1ccc(OC)c2nc(NC(=O)C3CCC(NS(=O)(=O)c4cccc(C(F)(F)F)c4)CC3)sc12,8.22
CCN(C(C)=O)c1ccc(OC)c2nc(NC(=O)C3CCC(NCc4cccc(C(F)(F)F)c4)CC3)sc12,7.17
COC(=O)COc1ccc(CCCn2ncc3c2nc(N)n2nc(-c4ccco4)nc32)cc1,5.32
Nc1nc2c(cnn2CCCc2ccc(OCCCF)cc2)c2nc(-c3ccco3)nn12,6.0
Nc1nc2c(cnn2CCCc2ccc(OCC(=O)O)cc2)c2nc(-c3ccco3)nn12,5.77
Nc1nc2c(cnn2CCCc2ccc(OCC(=O)NCCNC(=O)CCCCc3cn(CCCCCCC(=O)CCOCCOCCOCCOCCNC(=O)CCCCC4SCC5NC(=O)NC54)nn3)cc2)c2nc(-c3ccco3)nn12,5.89
CC(=O)NCCn1cc(CCCCC(=O)NCCNC(=O)COc2ccc(CCCn3ncc4c3nc(N)n3nc(-c5ccco5)nc43)cc2)nn1,5.77
C#CCCCCC(=O)NCCNC(=O)COc1ccc(CCCn2ncc3c2nc(N)n2nc(-c4ccco4)nc32)cc1,5.96
NCCNC(=O)COc1ccc(CCCn2ncc3c2nc(N)n2nc(-c4ccco4)nc32)cc1,5.9
Nc1nc2c(NCc3ccccc3)cccc2c2cn(-c3ccccc3)nc12,6.34
Cn1cc2c(n1)c(N)nc1c(OCc3ccccc3)cccc12,6.01
Nc1nc2c(O)cccc2c2cn(-c3ccccc3)nc12,7.0
Nc1nc2c(OCc3ccccc3)cccc2c2cn(-c3ccccc3)nc12,6.85
C=CCN1C(=O)N2CC(CC)N=C2c2[nH]c(-c3cc(OC)no3)nc21,5.52
CCC1CN2C(=O)N(Cc3ccccc3)c3nc(-c4cc(OC)nn4C)[nH]c3C2=N1,6.39
C=CCN1C(=O)N2CC(CC)N=C2c2[nH]c(-c3cc(OCc4ccccc4)nn3C)nc21,5.92
CCC1CN2C(=O)N(Cc3ccccc3)c3nc(-c4cc(OCc5ccccc5)nn4C)[nH]c3C2=N1,5.78
COc1cc(-c2nc3c([nH]2)C2=NC(C)CN2C(=O)N3Cc2ccccc2)n(C)n1,5.76
C=CCN1C(=O)N2CC(C)N=C2c2[nH]c(-c3cc(C)nn3C)nc21,5.71
CCC1CN2C(=O)N(Cc3ccccc3)c3nc(-c4cc(OC)no4)[nH]c3C2=N1,6.31
C=CCN1C(=O)N2CC(CC)N=C2c2[nH]c(-c3cc(OC)nn3C)nc21,5.97
C=CCN1C(=O)N2CC(CC)N=C2c2[nH]c(-c3cc(C)nn3C)nc21,6.29
CC1CN2C(=O)N(Cc3ccccc3)c3nc(-c4cc(OCc5ccccc5)nn4C)[nH]c3C2=N1,5.59
O=C(Nc1nc2nn(CCc3ccccc3)cc2c2nc(-c3ccc(Cl)cc3)nn12)c1ccccc1,6.66
O=C(Nc1nc2nn(CCc3ccccc3)cc2c2nc(-c3ccc(F)cc3)nn12)c1ccccc1,6.4
COc1ccc(-c2nc3c4cn(CCc5ccccc5)nc4nc(NC(=O)c4ccccc4)n3n2)cc1,6.08
Cn1cc2c(nc(NC(=O)Nc3ccccc3)n3nc(-c4ccc(Cl)cc4)nc23)n1,5.26
Cn1cc2c(nc(NC(=O)Nc3ccccc3)n3nc(-c4ccc(C(F)(F)F)cc4)nc23)n1,4.89
O=C(Cc1ccccc1)Nc1nc2nn(CCc3ccccc3)cc2c2nc(-c3ccc(F)cc3)nn12,6.63
COc1ccc(NC(=O)Nc2nc3nn(C)cc3c3nc(-c4ccc(Cl)cc4)nn23)cc1,5.19
O=C(Cc1ccccc1)Nc1nc2nn(CCc3ccccc3)cc2c2nc(-c3ccc(Cl)cc3)nn12,6.03
Cn1cc2c(nc(NC(=O)Nc3ccc(F)cc3)n3nc(-c4ccc(C(F)(F)F)cc4)nc23)n1,5.36
O=C(Cc1ccccc1)Nc1nc2nn(CCc3ccccc3)cc2c2nc(-c3ccccc3)nn12,6.72
Nc1nc(N2CCN(Cc3cccc(Cl)c3)CC2)nc2nc(-c3ccco3)nn12,5.82
Nc1nc(N2CCN(Cc3ccc(F)cc3)CC2)nc2nc(-c3ccco3)nn12,6.18
CC(C)(C)OC(=O)NCCOCCOCCNc1nc(N)n2nc(-c3ccco3)nc2n1,5.8
Nc1nc(N2CCN(Cc3ccccc3)CC2)nc2nc(-c3ccco3)nn12,6.01
CC(C)(C)OC(=O)NCCCNc1nc(N)n2nc(-c3ccco3)nc2n1,6.46
CC(C)(C)OC(=O)NCCNc1nc(N)n2nc(-c3ccco3)nc2n1,5.43
Nc1nc(N2CCCC2)nc2nc(-c3ccco3)nn12,5.71
CC(C)(C)OC(=O)NCCCCCNc1nc(N)n2nc(-c3ccco3)nc2n1,6.02
NCCCCCNc1nc(N)n2nc(-c3ccco3)nc2n1,5.53
Nc1nc(N2CCN(C(=O)Cc3ccccc3)CC2)nc2nc(-c3ccco3)nn12,5.46
Nc1nc(N2CCN(C(=O)C(c3ccccc3)c3ccccc3)CC2)nc2nc(-c3ccco3)nn12,5.13
NCCOCCOCCNc1nc(N)n2nc(-c3ccco3)nc2n1,6.11
Nc1nc(N2CCN(Cc3ccc(Br)cc3)CC2)nc2nc(-c3ccco3)nn12,7.06
NCC1CCC(CNc2nc(N)n3nc(-c4ccco4)nc3n2)CC1,5.87
CC(C)(C)OC(=O)N1CCN(c2nc(N)n3nc(-c4ccco4)nc3n2)CC1,5.27
Nc1nc(N2CCN(C(=O)Cc3ccc(Cl)cc3)CC2)nc2nc(-c3ccco3)nn12,6.0
CC(C)(C)OC(=O)NCC1CCC(CNc2nc(N)n3nc(-c4ccco4)nc3n2)CC1,5.41
Nc1nc(N2CCN(C(=O)Cc3ccc(Br)cc3)CC2)nc2nc(-c3ccco3)nn12,6.0
Nc1nc(NC(=O)c2ccccc2)n2nc(-c3ccco3)nc2n1,5.75
CCCn1cc2nc(N)n3nc(-c4ccco4)nc3c2c1,7.46
Nc1nc2cn(CCc3ccccc3)nc2c2nc(-c3ccco3)nn12,8.31
COc1ccc(NC(=O)Nc2nc3cn(C)cc3c3nc(-c4ccco4)nn23)cc1,6.1
COc1ccc(NC(=O)Nc2nc3cn(CCCc4ccccc4)cc3c3nc(-c4ccco4)nn23)cc1,6.68
Nc1nc2cn(CCCc3ccccc3)cc2c2nc(-c3ccco3)nn12,7.75
Nc1nc2cn(CCc3ccccc3)cc2c2nc(-c3ccco3)nn12,8.37
Cn1cc2nc(N)n3nc(-c4ccco4)nc3c2n1,7.52
Cn1cc2nc(NC(=O)Nc3ccncc3)n3nc(-c4ccco4)nc3c2c1,6.45
COc1ccc(NC(=O)Nc2nc3cn(C)nc3c3nc(-c4ccco4)nn23)cc1,6.04
Nc1nc2c(cnn2CCCc2ccccc2)c2nc(-c3ccco3)nn12,6.46
Nc1nc2cnn(CCCc3ccccc3)c2c2nc(-c3ccco3)nn12,7.07
COc1ccc(NC(=O)Nc2nc3cn(CCc4ccccc4)cc3c3nc(-c4ccco4)nn23)cc1,6.75
CCCn1cc2nc(N)n3nc(-c4ccco4)nc3c2n1,7.66
Nc1nc2cnn(CCc3ccccc3)c2c2nc(-c3ccco3)nn12,7.48
COc1ccc(NC(=O)Nc2nc3cn(CCc4ccccc4)nc3c3nc(-c4ccco4)nn23)cc1,6.12
COc1ccc(NC(=O)Nc2nc3cnn(C)c3c3nc(-c4ccco4)nn23)cc1,6.89
Cn1ncc2nc(N)n3nc(-c4ccco4)nc3c21,8.0
CCCn1cc2nc(NC(=O)Nc3ccc(OC)cc3)n3nc(-c4ccco4)nc3c2n1,6.62
Cn1ncc2nc(NC3CCCCC3)n3nc(-c4ccco4)nc3c21,7.92
Nc1nc2cn(CCCc3ccccc3)nc2c2nc(-c3ccco3)nn12,8.15
CCCn1ncc2nc(N)n3nc(-c4ccco4)nc3c21,7.85
Cn1cc2nc(N)n3nc(-c4ccco4)nc3c2c1,7.0
COc1ccc(NC(=O)Nc2nc3cnn(CCc4ccccc4)c3c3nc(-c4ccco4)nn23)cc1,6.28
CCCn1cc2nc(NC(=O)Nc3ccc(OC)cc3)n3nc(-c4ccco4)nc3c2c1,6.13
CCCCC=Cc1nc2c(N)ncnc2n1C1OCC(O)C1O,6.3
CCNC(=O)C1OC(n2cnc3c(N)nc(NCCc4ccc(CCC(=O)NC(CCCNC(=N)N)C(=O)O)cc4)nc32)C(O)C1O,6.0
CCNC(=O)C1OC(n2cnc3c(N)nc(NCCc4ccc(CCC(=O)NC(Cc5c[nH]c6ccccc56)C(=O)OC)cc4)nc32)C(O)C1O,5.79
CCNC(=O)C1OC(n2cnc3c(N)nc(NCCc4ccc(CCC(=O)NC(Cc5c[nH]c6ccccc56)C(=O)O)cc4)nc32)C(O)C1O,5.97
CCNC(=O)C1OC(n2cnc3c(N)nc(NCCc4ccc(CCC(=O)NC(Cc5ccccc5)C(=O)O)cc4)nc32)C(O)C1O,6.26
CCNC(=O)C1OC(n2cnc3c(N)nc(NCCc4ccc(CCC(=O)NC(CC(=O)O)C(=O)O)cc4)nc32)C(O)C1O,5.93
CCNC(=O)C1OC(n2cnc3c(N)nc(NCCc4ccc(CCC(=O)NC(Cc5c[nH]cn5)C(=O)O)cc4)nc32)C(O)C1O,6.46
CCCn1c(=O)c2nc(-c3cc(OCC(=O)Nc4ccc(F)cc4)nn3C)[nH]c2n(CCC)c1=O,7.19
CCCn1c(=O)c2[nH]c(-c3cc(OCc4nc5c(Cl)cc(C(F)(F)F)cc5[nH]4)nn3C)nc2n(CCC)c1=O,5.6
CCCn1c(=O)c2[nH]c(-c3cc(OCc4nc5cc(Br)ccc5[nH]4)no3)nc2n(CCC)c1=O,7.05
CCCn1c(=O)c2[nH]c(-c3cc(OCc4nc5ccccc5[nH]4)no3)nc2n(CCC)c1=O,6.56
CCCn1c(=O)c2[nH]c(-c3cc(OCc4nc5cc(C(=O)OCC)ccc5[nH]4)nn3C)nc2n(CCC)c1=O,6.3
CCCn1c(=O)c2[nH]c(-c3cc(OCC(=O)Nc4ccc5c(c4)OCO5)nn3C)cc2n(CCC)c1=O,7.26
CCCn1c(=O)c2[nH]c(-c3cc(OCc4nc5cc(C(F)(F)F)ccc5[nH]4)no3)nc2n(CCC)c1=O,6.76
CCCn1c(=O)c2[nH]c(-c3cc(OCc4nc5cc(Br)ccc5[nH]4)nn3C)nc2n(CCC)c1=O,6.55
CCCn1c(=O)c2[nH]c(-c3cc(OCc4nc5cc(Cl)c(F)cc5[nH]4)no3)nc2n(CCC)c1=O,7.19
CCCn1c(=O)c2[nH]c(-c3cc(OCc4nc5cc(C(F)(F)F)ccc5[nH]4)nn3C)nc2n(CCC)c1=O,6.24
CCCn1c(=O)c2[nH]c(-c3cc(=O)[nH]n3C)nc2n(CCC)c1=O,6.13
CCCn1c(=O)c2[nH]c(-c3cc(=O)[nH]n3C)cc2n(CCC)c1=O,6.85
CCCn1c(=O)c2[nH]c(-c3cc(OCc4nc5cc(OC)ccc5[nH]4)no3)nc2n(CCC)c1=O,6.52
CCCn1c(=O)c2[nH]c(-c3cc(OCc4nc5cc([N+](=O)[O-])ccc5[nH]4)nn3C)nc2n(CCC)c1=O,6.81
CCCn1c(=O)c2[nH]c(-c3cc(OCc4nc5cc(C)ccc5[nH]4)nn3C)nc2n(CCC)c1=O,6.13
CCCn1c(=O)c2[nH]c(-c3cc(OCc4nc5cc(OC)ccc5[nH]4)nn3C)nc2n(CCC)c1=O,6.12
CCCn1c(=O)c2[nH]c(-c3cc(OCc4nc5cc(Cl)ccc5[nH]4)nn3C)nc2n(CCC)c1=O,6.82
CCCn1c(=O)c2[nH]c(-c3cc(OCc4nc5cc(Cl)c(F)cc5[nH]4)nn3C)nc2n(CCC)c1=O,6.68
CCCn1c(=O)c2[nH]c(-c3cc(OCc4nc5c(C)cccc5[nH]4)nn3C)nc2n(CCC)c1=O,6.16
CCCn1c(=O)c2[nH]c(-c3cc(OCc4nc5ccccc5[nH]4)nn3C)nc2n(CCC)c1=O,6.65
CCCn1c(=O)c2[nH]c(-c3cc(OCc4nc5c(C(F)(F)F)cc(C(F)(F)F)cc5[nH]4)nn3C)nc2n(CCC)c1=O,5.35
CCCn1c(=O)c2[nH]c(-c3cc(OCc4nc5cc(F)ccc5[nH]4)nn3C)nc2n(CCC)c1=O,6.19
CCCn1c(=O)c2[nH]c(-c3cc(OCc4nc5cc(Cl)ccc5[nH]4)no3)nc2n(CCC)c1=O,7.18
CCCn1c(=O)c2[nH]c(-c3cc(OCC(=O)Nc4ccc(F)cc4)nn3C)cc2n(CCC)c1=O,7.35
CCCn1c(=O)c2[nH]c(-c3cc(OCc4nc5cc(C(=O)O)ccc5[nH]4)nn3C)nc2n(CCC)c1=O,5.34
CCCn1c(=O)c2[nH]c(-c3cc(OCc4nc5cc(C)c(C)cc5[nH]4)nn3C)nc2n(CCC)c1=O,6.13
COc1cc(F)c(F)cc1CNc1nc(Cl)nc2c1ncn2C1C(O)C(O)C2CC21,5.72
OC1C(O)C(n2cnc3c(NC4CCCCCCC4)nc(Cl)nc32)C2CC12,6.12
OC1C(O)C(n2cnc3c(NC4CCC4)nc(Cl)nc32)C2CC12,7.29
Nc1nc(Cl)nc2c1ncn2C1C(O)C(O)C2CC21,6.46
CCC(CC)Nc1nc(Cl)nc2c1ncn2C1C(O)C(O)C2CC21,7.1
CCNc1nc(Cl)nc2c1ncn2C1C(O)C(O)C2CC21,6.03
OC1C(O)C(n2cnc3c(NCc4cccc(OCCF)c4)nc(Cl)nc32)C2CC12,5.45
OC1C(O)C(n2cnc3c(NCC4CC4)nc(Cl)nc32)C2CC12,7.17
CC(Nc1nc(Cl)nc2c1ncn2C1C(O)C(O)C2CC21)C1CC1,7.06
OC1C(O)C(n2cnc3c(NC(C4CC4)C4CC4)nc(Cl)nc32)C2CC12,7.32
OC1C(O)C(n2cnc3c(NCc4cc(F)ccc4F)nc(Cl)nc32)C2CC12,5.9
OC1C(O)C(n2cnc3c(NCCCF)nc(Cl)nc32)C2CC12,7.14
CC(C)Nc1nc(Cl)nc2c1ncn2C1C(O)C(O)C2CC21,7.14
OC1C(O)C(n2cnc3c(NC4CCCCCC4)nc(Cl)nc32)C2CC12,6.64
OC1C(O)C(n2cnc3c(NC4CC4)nc(Cl)nc32)C2CC12,6.68
OC1C(O)C(n2cnc3c(NCc4ccccc4F)nc(Cl)nc32)C2CC12,5.32
OC1C(O)C(n2cnc3c(NC4CCCCC4)nc(Cl)nc32)C2CC12,6.85
Cc1cc(-c2nnc(N)nc2-c2cccc(F)c2)cc(C)n1,6.96
Cc1cc(-c2nnc(N)nc2-c2ccccc2)cc(C)c1O,7.78
Nc1nnc(-c2cccc(Cl)c2)c(-c2ccccc2)n1,7.25
Cc1cc(-c2nnc(N)nc2-c2ccc(F)cc2)cc(C(F)(F)F)n1,6.93
Cc1cc(-c2nnc(N)nc2-c2ccccc2)cc(C)n1,7.07
Cc1cc(-c2nnc(N)nc2-c2ccc(F)cc2)cc(C)n1,6.4
Nc1nnc(-c2ccc(O)c(Cl)c2)c(-c2ccccc2)n1,9.79
Cc1cc(-c2nnc(N)nc2-c2ccccc2)cc(C(F)(F)F)n1,7.5
Nc1nnc(-c2cc(Cl)cc(Cl)c2)c(-c2ccccc2)n1,7.36
Nc1nnc(-c2ccccc2)c(-c2ccccc2)n1,6.56
O=c1c(-c2ccccc2)nnc2n(Cc3ccccc3)c3ccccc3n12,6.52
O=c1c(-c2ccccc2)nnc2n(-c3ccccc3)c3ccccc3n12,7.08
Oc1c(-c2ccccc2)nnc2nc3ccccc3n12,6.14
Oc1c(-c2ccco2)nnc2nc3ccccc3n12,7.6
O=c1c(-c2ccccc2)nnc2n(-c3ccc(Cl)cc3)c3ccccc3n12,5.87
COc1cccc2cc(C(=O)NC3CCCC3)c(=N)oc12,5.5
COC(=O)C(C#N)=Cc1cccc(OC)c1O,5.6
COc1cccc2cc(C(N)=O)c(=N)oc12,6.4
COc1cccc2cc(C(=O)NCCCN3CCN(CCCNC(=O)c4cc5cccc(OC)c5oc4=N)CC3)c(=N)oc12,5.6
COCCNC(=O)c1cc2cccc(OC)c2oc1=N,5.2
Nc1nc(SCCc2ccc(S(=O)(=O)O)cc2)nc2c1ncn2C1OC(CO)C(O)C1O,6.27
Nc1nc(S(=O)(=O)CCc2ccc(S(=O)(=O)O)cc2)nc2c1ncn2C1OC(CO)C(O)C1O,6.26
Nc1nc(SCCc2ccc(C(=O)O)cc2)nc2c1ncn2C1OC(CO)C(O)C1O,6.39
CNC(=O)C12CC1C(n1cnc3c(NCc4cccc(Cl)c4)nc(C#Cc4ccc(N)cc4)nc31)C(O)C2O,5.82
CCCNC(=O)C1OC(n2cnc3c(N)ncnc32)C(O)C1O,7.92
Nc1ncnc2c1ncn2C1OC(C(=O)NCCO)C(O)C1O,7.89
Nc1ncnc2c1ncn2C1OC(C(=O)NC2CCC2)C(O)C1O,8.26
Nc1ncnc2c1ncn2C1OC(C(=O)NCC(F)(F)F)C(O)C1O,7.82
Nc1ncnc2c1ncn2C1OC(C(=O)NC2CC2)C(O)C1O,8.72
Nc1ncnc2c1ncn2C1OC(C(=O)NC2CCCC2)C(O)C1O,7.57
Cn1cc2c(nc(NC(=O)NC3CCN(C(=O)NC4CCCCC4)CC3)n3nc(-c4ccco4)nc23)n1,6.12
CCNC(=O)N1CCC(NC(=O)Nc2nc3nn(C)cc3c3nc(-c4ccco4)nn23)CC1,5.82
Cn1cc2c(nc(NC(=O)NC3CCN(Cc4cccnc4)CC3)n3nc(-c4ccco4)nc23)n1,5.88
Cc1ccc(CN2CCC(NC(=O)Nc3nc4nn(C)cc4c4nc(-c5ccco5)nn34)CC2)cc1,5.83
Cn1cc2c(nc(NC(=O)NC3CCN(Cc4ccc([N+](=O)[O-])cc4)CC3)n3nc(-c4ccco4)nc23)n1,6.43
C=CCN1CCC(NC(=O)Nc2nc3nn(C)cc3c3nc(-c4ccco4)nn23)CC1,5.47
Cn1cc2c(nc(NC(=O)NC3CCN(CC4CCCCC4)CC3)n3nc(-c4ccco4)nc23)n1,5.47
Cn1cc2c(nc(NC(=O)NC3CCN(C(=O)Nc4ccncc4)CC3)n3nc(-c4ccco4)nc23)n1,5.89
Cn1cc2c(nc(NC(=O)NC3CCN(C(=O)NC4CCCC4)CC3)n3nc(-c4ccco4)nc23)n1,6.13
CC(C)NC(=O)N1CCC(NC(=O)Nc2nc3nn(C)cc3c3nc(-c4ccco4)nn23)CC1,5.88
Cc1ccc(CNC(=O)N2CCC(NC(=O)Nc3nc4nn(C)cc4c4nc(-c5ccco5)nn34)CC2)cc1,6.4
C#CCN1CCC(NC(=O)Nc2nc3nn(C)cc3c3nc(-c4ccco4)nn23)CC1,6.1
Cn1cc2c(nc(NC(=O)NC3CCN(C(=O)NCCCc4ccccc4)CC3)n3nc(-c4ccco4)nc23)n1,6.95
Cn1cc2c(nc(NC(=O)NC3CCN(Cc4ccc(F)cc4)CC3)n3nc(-c4ccco4)nc23)n1,5.98
Cn1cc2c(nc(NC(=O)NC3CCN(C(=O)NCCc4ccccc4)CC3)n3nc(-c4ccco4)nc23)n1,6.74
CCCN1CCC(NC(=O)Nc2nc3nn(C)cc3c3nc(-c4ccco4)nn23)CC1,5.55
CN1CCN(C(=O)N2CCC(NC(=O)Nc3nc4nn(C)cc4c4nc(-c5ccco5)nn34)CC2)CC1,5.95
COc1ccc(CN2CCC(NC(=O)Nc3nc4nn(C)cc4c4nc(-c5ccco5)nn34)CC2)cc1,5.94
Cn1cc2c(nc(NC(=O)NC3CCN(C(=O)NCc4ccc(F)cc4)CC3)n3nc(-c4ccco4)nc23)n1,6.39
Cn1cc2c(nc(NC(=O)NC3CCN(C(=O)NCc4ccccc4)CC3)n3nc(-c4ccco4)nc23)n1,6.28
Cn1cc2c(nc(NC(=O)NC3CCN(Cc4ccc(C#N)cc4)CC3)n3nc(-c4ccco4)nc23)n1,6.78
Cn1cc2c(nc(NC(=O)NC3CCN(Cc4ccc(Cl)cc4)CC3)n3nc(-c4ccco4)nc23)n1,6.14
Cn1cc2c(nc(NC(=O)NC3CCN(Cc4ccncc4)CC3)n3nc(-c4ccco4)nc23)n1,5.92
CCOC(=O)CN1CCC(NC(=O)Nc2nc3nn(C)cc3c3nc(-c4ccco4)nn23)CC1,6.46
Cn1cc2c(nc(NC(=O)NC3CCN(Cc4ccccc4)CC3)n3nc(-c4ccco4)nc23)n1,6.15
Cn1cc2c(nc(NC(=O)NC3CCN(C(=O)NC4CCCCCC4)CC3)n3nc(-c4ccco4)nc23)n1,6.09
Cn1cc2c(nc(NC(=O)NC3CCN(C(=O)NCc4ccc(Cl)cc4)CC3)n3nc(-c4ccco4)nc23)n1,6.21
COc1ccc(CNC(=O)N2CCC(NC(=O)Nc3nc4nn(C)cc4c4nc(-c5ccco5)nn34)CC2)cc1,6.2
OC1C(O)C(n2cnc3c(NCc4cccc(Cl)c4)nc(C#Cc4ccccc4Cl)nc32)C2CC12,5.56
Cc1cc(C)cc(OCC(=O)Nc2nc(-c3ccccc3)n[nH]2)c1,5.8
CC(Oc1ccccc1)C(=O)Nc1nc(-c2ccccc2)n[nH]1,5.28
COc1ccccc1C(=O)Nc1nc(-c2ccccc2)n[nH]1,6.3
O=C(Nc1nc(-c2ccccc2)n[nH]1)C1CCCO1,5.5
Cc1ccc(-c2n[nH]c(NC(=O)COc3ccccc3)n2)cc1,5.19
CCC(Oc1ccccc1)C(=O)Nc1nc(-c2ccccc2)n[nH]1,5.82
O=C(COCc1ccccc1)Nc1nc(-c2ccccc2)n[nH]1,5.09
CC(Sc1ccccc1)C(=O)Nc1nc(-c2ccccc2)n[nH]1,5.48
CC(Oc1ccccc1F)C(=O)Nc1nc(-c2ccccc2)n[nH]1,5.43
Cc1ccc(C(=O)Nc2nc(-c3ccccc3)n[nH]2)cc1,5.89
CC(Oc1cccc(Cl)c1)C(=O)Nc1nc(-c2ccccc2)n[nH]1,5.96
CC(Oc1ccc(Cl)cc1)C(=O)Nc1nc(-c2ccccc2)n[nH]1,5.41
CCCC(=O)Nc1nc(-c2ccccc2)n[nH]1,6.1
Cn1c(=O)c2c(nc3n2CCCN3CC2CC2)n(C)c1=O,5.15
Cn1c(=O)c2c(nc3n2CCCN3C2CCC2)n(C)c1=O,4.99
Nc1nc(-c2ccccc2)c2c(n1)-c1cc(OCCN3CCOCC3)ccc1C2=O,7.32
Nc1nc(-c2ccccc2)c2c(n1)-c1cc(C(F)(F)c3cccnc3)ccc1C2=O,7.53
Nc1nc(-c2ccccc2)c2c(n1)-c1cc(Cc3cnccc3Cl)ccc1C2=O,9.3
Nc1nc(-c2ccccc2)c2c(n1)-c1cc(Cc3ccncc3F)ccc1C2=O,8.6
Nc1nc(-c2ccccc2)c2c(n1)-c1cc(C(=O)c3cccnc3)ccc1C2=O,8.74
CN1CCN(C(=O)c2ccc3c(c2)-c2nc(N)nc(-c4ccccc4)c2C3=O)CC1,7.23
CC(C)n1cc(-c2ncc(N)nc2-c2ccc(F)cc2)ccc1=O,8.05
N#Cc1cncc(Cc2ccc3c(c2)-c2nc(N)nc(-c4ccccc4)c2C3=O)c1,8.28
Nc1nc(-c2ccccc2)c2c(n1)-c1cc(CN3C4CCC3CC4)ccc1C2=O,6.65
Nc1nc(-c2ccccc2)c2c(n1)-c1cc(Cc3cccnc3)ccc1C2=O,8.62
CC1CCC(C)N1Cc1ccc2c(c1)-c1nc(N)nc(-c3ccccc3)c1C2=O,7.43
N#Cc1cnc(N)nc1-c1ccccc1,6.05
C=CCn1c(=O)[nH]c2nc3cc(NC(C)=O)ccc3nc2c1=O,5.5
COc1nc(N)c(C#N)c(-c2ccc3c(c2)OCO3)c1C#N,6.29
Nc1nc(-c2ccccc2)nc(-c2ccccc2O)n1,8.14
COP(=O)(OC)OCC1OC(n2cnc3c(NC4CCCC4)nc(Cl)nc32)C(O)C1O,7.44
O=P(O)(O)OCC1OC(n2cnc3c(NC4CCCC4)nc(Cl)nc32)C(O)C1O,7.6
O=C(O)c1cnn(-c2nc(NC(C3CC3)C3CC3)c3ncn(C4C(O)C(O)C5CC54)c3n2)c1,5.97
OC1C(O)C(n2cnc3c(NC(C4CC4)C4CC4)ncnc32)C2CC12,7.25
CCC(Nc1nc(Cl)nc2c1ncn2C1C(O)C(O)C2CC21)C1CC1,7.17
OC1C(O)C(n2cnc3c(NC(C4CCC4)C4CC4)nc(Cl)nc32)C2CC12,6.92
CC(C)C(Nc1nc(Cl)nc2c1ncn2C1C(O)C(O)C2CC21)C1CC1,7.12
OC1C(O)C(n2cnc3c(NC(C4CC4)C4CC4)nc(I)nc32)C2CC12,6.31
OC1C(O)C(n2cnc3c(NC(c4ccccc4)C4CC4)nc(Cl)nc32)C2CC12,5.52
OC1C(O)C(n2cnc3c(NC(CC4CC4)C4CC4)nc(Cl)nc32)C2CC12,6.77
OC1C(O)C(n2cnc3c(NCC(C4CC4)C4CC4)nc(Cl)nc32)C2CC12,6.11
NNc1nc(NC(C2CC2)C2CC2)c2ncn(C3C(O)C(O)C4CC43)c2n1,6.68
COC(=O)c1cnn(-c2nc(NC(C3CC3)C3CC3)c3ncn(C4C(O)C(O)C5CC54)c3n2)c1,6.14
NCCNC(=O)Cc1ccc(NC(=O)Cc2ccc(Nc3ncnc4c3ncn4C3OC(CO)C(O)C3O)cc2)cc1,7.98
CCCN1C(=O)N2CCN=C2c2[nH]c(-c3ccc(Br)cc3)nc21,5.75
CCC1CN2C(=O)N(C)c3nc(-c4ccccc4)[nH]c3C2=N1,5.79
O=C(Cc1ccccc1)Nc1nc2ccc(Cl)cc2c2nc(-c3ccco3)nn12,6.64
OCC1OC(n2cnc3c(NC4CC4c4cccc(C(F)(F)F)c4)ncnc32)C(O)C1O,6.98
Cc1ccc(-c2nc(NC(=O)Nc3ccc(F)cc3)c3nnn(Cc4ccccc4F)c3n2)cc1,6.37
OCC1OC(n2cnc3c(NCc4cccc(I)c4)nc(Cl)nc32)C(O)C1F,5.33
OCC1OC(n2cnc3c(NCC4c5ccccc5-c5ccccc54)ncnc32)C(O)C1O,7.85
CNC(=O)C1(n2cnc3c(NCc4cccc(I)c4)nc(Cl)nc32)SCC(O)C1O,6.96
CNc1nc(C#N)nc2c1ncn2C1OC(CO)C(O)C1O,7.16
Cn1cc2c(nc(NCCc3c[nH]c4ccccc34)n3nc(-c4ccco4)nc23)n1,5.9
CN1CCN(c2nc3nn(C)cc3c3nc(-c4ccco4)nn23)CC1,4.82
Cn1cc2c(nc(NCCCCCCO)n3nc(-c4ccco4)nc23)n1,6.32
CCN(CC)c1nc2nn(C)cc2c2nc(-c3ccco3)nn12,5.84
CCCCCNc1nc2nn(C)cc2c2nc(-c3ccco3)nn12,6.32
Cn1cc2c(nc(NC3CCCCCCC3)n3nc(-c4ccco4)nc23)n1,6.32
CCCCN(C)c1nc2nn(C)cc2c2nc(-c3ccco3)nn12,5.97
Cn1cc2c(nc(NCCc3ccccc3)n3nc(-c4ccco4)nc23)n1,6.13
Cn1cc2c(nc(NC(C)(C)C(C)(C)C)n3nc(-c4ccco4)nc23)n1,6.01
CCOc1nc2nn(C)cc2c2nc(-c3ccco3)nn12,5.11
CCCCCCC(C)Nc1nc2nn(C)cc2c2nc(-c3ccco3)nn12,6.58
Cn1cc2c(nc(NCc3ccc(F)cc3)n3nc(-c4ccco4)nc23)n1,6.08
CCC(CO)Nc1nc2nn(C)cc2c2nc(-c3ccco3)nn12,6.66
CN(Cc1ccccc1)c1nc2nn(C)cc2c2nc(-c3ccco3)nn12,6.25
Cn1cc2c(nc(NCCCCO)n3nc(-c4ccco4)nc23)n1,5.98
CCCCC(CC)CNc1nc2nn(C)cc2c2nc(-c3ccco3)nn12,6.22
Cn1cc2c(nc(NCc3ccc(C(F)(F)F)cc3)n3nc(-c4ccco4)nc23)n1,5.91
Cn1cc2c(nc(N(Cc3ccccc3)Cc3ccccc3)n3nc(-c4ccco4)nc23)n1,6.15
CNc1nc2nn(C)cc2c2nc(-c3ccco3)nn12,5.71
CN(c1nc2nn(C)cc2c2nc(-c3ccco3)nn12)C1CCCCC1,5.99
CCC(C)Nc1nc2nn(C)cc2c2nc(-c3ccco3)nn12,6.89
CCN(CCO)c1nc2nn(C)cc2c2nc(-c3ccco3)nn12,4.82
COc1ccc(CNc2nc3nn(C)cc3c3nc(-c4ccco4)nn23)cc1OC,5.57
CC(CCc1ccccc1)Nc1nc2nn(C)cc2c2nc(-c3ccco3)nn12,6.88
Cn1cc2c(nc(NCC3CCCCC3)n3nc(-c4ccco4)nc23)n1,6.1
Cn1cc2c(nc(N3CCCCC3)n3nc(-c4ccco4)nc23)n1,5.67
Cn1cc2c(nc(NCCCCCO)n3nc(-c4ccco4)nc23)n1,6.28
Cc1ccc(CNc2nc3nn(C)cc3c3nc(-c4ccco4)nn23)cc1,6.27
Cn1cc2c(nc(NCc3ccc(-c4ccccc4)cc3)n3nc(-c4ccco4)nc23)n1,4.76
Cn1cc2c(nc(NC3CC3)n3nc(-c4ccco4)nc23)n1,6.68
CCNc1nc2nn(C)cc2c2nc(-c3ccco3)nn12,6.22
Cn1cc2c(nc(NCc3ccccc3)n3nc(-c4ccco4)nc23)n1,6.28
Cn1cc2c(nc(NCCOc3ccccc3)n3nc(-c4ccco4)nc23)n1,6.19
Cn1cc2c(nc(NC3C4CC5CC(C4)CC3C5)n3nc(-c4ccco4)nc23)n1,6.12
Cn1cc2c(nc(NC3CCC3)n3nc(-c4ccco4)nc23)n1,6.77
Cn1cc2c(nc(NC(c3ccccc3)c3ccccc3)n3nc(-c4ccco4)nc23)n1,6.77
CCCCCC(C)Nc1nc2nn(C)cc2c2nc(-c3ccco3)nn12,6.61
Cn1cc2c(nc(NCCO)n3nc(-c4ccco4)nc23)n1,6.19
Cn1cc2c(nc(NC3CCCCC3)n3nc(-c4ccco4)nc23)n1,6.78
Cn1cc2c(nc(N3CCOCC3)n3nc(-c4ccco4)nc23)n1,5.62
Cn1cc2c(nc(Cl)n3nc(-c4ccco4)nc23)n1,5.18
COCCNc1nc2nn(C)cc2c2nc(-c3ccco3)nn12,5.62
COc1ccc(CCNc2nc3nn(C)cc3c3nc(-c4ccco4)nn23)cc1OC,5.8
Cn1cc2c(nc(NCCCO)n3nc(-c4ccco4)nc23)n1,6.67
Cn1cc2c(nc(NC(CO)CO)n3nc(-c4ccco4)nc23)n1,6.19
Cn1cc2c(nc(NC3CCCCCC3)n3nc(-c4ccco4)nc23)n1,6.65
Cn1cc2c(nc(N3CCCC3)n3nc(-c4ccco4)nc23)n1,6.48
Cn1cc2c(nc(NC3CCCC3)n3nc(-c4ccco4)nc23)n1,7.1
Cn1cc2c(nc(NCc3ccc(Cl)cc3)n3nc(-c4ccco4)nc23)n1,6.49
CONc1nc2nn(C)cc2c2nc(-c3ccco3)nn12,5.56
COc1ccc(CNc2nc3nn(C)cc3c3nc(-c4ccco4)nn23)cc1,6.36
Cn1cc2c(nc(NC34CC5CC(CC(C5)C3)C4)n3nc(-c4ccco4)nc23)n1,5.48
CC(O)CNc1nc2nn(C)cc2c2nc(-c3ccco3)nn12,6.43
CC(Nc1nc2nn(C)cc2c2nc(-c3ccco3)nn12)c1ccccc1,6.47
CC(C)Nc1nc2nn(C)cc2c2nc(-c3ccco3)nn12,6.48
CCCCCN(CCCCC)c1nc2nn(C)cc2c2nc(-c3ccco3)nn12,5.48
CN(C)c1nc2nn(C)cc2c2nc(-c3ccco3)nn12,5.32
COc1cccc(-c2cc(NC(C)=O)nc(-c3cccc(OC)c3)n2)c1,7.65
Nc1nc2ccccc2c2cc(-c3ccco3)nn12,7.46
Nc1nc(NN=CC2CCCCC2)nc2c1ncn2C1OC(CO)C(O)C1O,4.32
Nc1nc(-c2ccccc2)nc2cn(-c3ccccc3)nc12,7.12
Cc1nc(N)c2nn(-c3ccccc3)cc2n1,7.16
Nc1nc(Cc2ccccc2)nc2cn(-c3ccccc3)nc12,6.82
CC(C)CC(CO)Nc1nc(SC(C)c2ccccc2)nc2nc(N)sc12,6.88
Nc1nc(-c2cccnc2)nc2sc(Cc3ccccc3)cc12,5.85
Nc1nc(-c2ccccn2)nc2sc(Cc3ccccc3)cc12,5.43
Cc1csc(-c2nc(N)c3cc(C(C)c4ccccc4)sc3n2)n1,5.85
COc1ccccc1Cc1cc2c(N)nc(-c3cccc(C#N)c3)nc2s1,6.89
Nc1nc(-c2cnco2)nc2sc(Cc3ccccc3)cc12,6.97
Cc1ccc(-c2nc(N)c3ccsc3n2)o1,6.31
Nc1nc(-c2ncco2)nc2sc(Cc3ccccc3)cc12,6.51
COc1ccccc1Cc1cc2c(N)nc(-c3ccc(C(F)F)o3)nc2s1,6.29
Nc1nc(-c2cnccn2)nc2sc(Cc3ccccc3)cc12,7.04
Nc1nc(C2CCCO2)nc2sc(Cc3ccccc3)cc12,5.53
Cc1nc(-c2nc(N)c3cc(Cc4ccccc4)sc3n2)cs1,6.58
Cc1ccc(-c2nc(N)c3cc(CCc4ccccc4)sc3n2)o1,5.55
Nc1nc(-c2ccncc2)nc2sc(Cc3ccccc3)cc12,6.09
N#Cc1cncc(-c2nc(N)c3cc(Cc4ccccc4)sc3n2)c1,5.94
COc1cccc(-c2nc(N)c3cc(Cc4ccccc4)sc3n2)c1,6.58
Nc1nc(-c2ccccc2)nc2sc(-c3ccccc3)cc12,6.62
CC(C)c1ccc(-c2nc(N)c3cc(Cc4ccccc4)sc3n2)o1,6.55
Nc1nc(-c2ccc(C(F)F)o2)nc2sc(Cc3ccccc3)cc12,5.52
COc1ccccc1Cc1cc2c(N)nc(-c3ccc(C)o3)nc2s1,6.91
Nc1nc(-c2cccc(F)c2)nc2sc(Cc3ccccc3)cc12,6.91
COc1ccccc1Cc1cc2c(N)nc(-c3nc(C)cs3)nc2s1,6.73
N#Cc1cccc(-c2nc(N)c3cc(Cc4ccccc4Cl)sc3n2)c1,7.61
N#Cc1ccc(-c2nc(N)c3cc(Cc4ccccc4)sc3n2)o1,5.5
Cc1ccc(-c2nc(N)c3cc(Cc4ccccc4Cl)sc3n2)o1,7.58
Cc1ccc(-c2nc(N)c3cc(Cc4ccccc4)sc3n2)o1,6.53
Cc1csc(-c2nc(N)c3cc(Cc4ccccc4)sc3n2)n1,5.83
Cc1csc(-c2nc(N)c3cc(Cc4ccccc4Cl)sc3n2)n1,7.3
Cc1csc(-c2nc(N)c3cc(Cc4ccccc4F)sc3n2)n1,7.54
CC(c1ccccc1)c1cc2c(N)nc(-c3cccc(C#N)c3)nc2s1,5.75
N#Cc1cccc(-c2nc(N)c3cc(Cc4ccccc4)sc3n2)c1,6.65
CCc1ccc(-c2nc(N)c3cc(Cc4ccccc4)sc3n2)o1,6.65
Cc1ccc(-c2nc(N)c3cc(C(C)c4ccccc4)sc3n2)o1,6.36
Nc1nc(-c2ncccn2)nc2sc(Cc3ccccc3)cc12,6.21
COCCOc1ccc(N2CCN(CCn3ncc4c3nc(N)n3nc(-c5ccco5)nc43)CC2)cc1,6.53
O=C(CCCc1ccccc1)Nc1nc2sccc2c(=O)s1,6.44
Cc1ccc2nc(NC(=O)CCCc3ccccc3)sc(=O)c2c1,6.0
O=C(CCc1ccccc1)Nc1nc2ccccc2c(=O)s1,5.98
O=C(CCCc1ccccc1)Nc1nc2cc(Cl)ccc2c(=O)s1,6.11
COc1cccc(CCC(=O)Nc2nc3ccccc3c(=O)s2)c1,5.86
O=C(CC=Cc1ccccc1)Nc1nc2ccccc2c(=O)s1,6.08
O=C(Nc1nc2ccccc2c(=O)s1)c1ccc(C(=O)N2CCN(Cc3ccc(Cl)cc3)CC2)cc1,5.36
O=C(CC=Cc1cccc(Cl)c1)Nc1nc2ccccc2c(=O)s1,6.25
O=C(Nc1nc(-c2ccccc2)c(-c2ccncc2)s1)c1ccco1,9.24
Cc1sc2nc(-c3sc(NC(=O)c4ccccc4)nc3-c3ccccc3)nc(N)c2c1C,5.14
COc1ccc(C(=O)Nc2nc(-c3ccccc3)c(C(=O)c3ccccn3)s2)cc1,6.16
CN(C)c1nc(N)nc(-c2sc(NC(=O)c3ccco3)nc2-c2ccccc2)n1,6.27
Cc1sc2nc(-c3sc(NC(=O)c4ccco4)nc3-c3ccccc3)nc(N)c2c1C,4.92
O=C(Nc1nc(-c2ccccc2)c(C(=O)c2ccccn2)s1)c1ccco1,6.39
O=C(Nc1nc(-c2ccccc2)c(C(=O)c2cccnc2)s1)c1ccco1,6.75
Cc1ccc(C(=O)Nc2nc(-c3ccccc3)c(-c3nc(N)nc(N(C)C)n3)s2)cc1,5.44
CN(C)c1nc(N)nc(-c2sc(NC(=O)c3ccccc3)nc2-c2ccccc2)n1,6.1
O=C(Nc1nc(-c2ccccc2)c(-c2ccccn2)s1)c1ccco1,6.56
CC(=O)CCc1nc(N)c2nc(-n3nccn3)n(C)c2n1,6.7
CC(O)CCc1nc(N)c2nc(-n3nccn3)n(C)c2n1,7.47
Cn1c(-n2nccn2)nc2c(N)nc(CCCCO)nc21,6.82
CCCC(O)c1nc(N)c2nc(-n3nccn3)n(C)c2n1,6.8
CNC(=O)C12CC1C(n1cnc3c(NCc4cccc(Cl)c4)nc(C#Cc4ccc(S(=O)(=O)O)cc4)nc31)C(O)C2O,6.42
CCCCn1c(N=Cc2ccc(Cl)cc2)c(C#N)sc1=S,4.61
N#Cc1sc(=S)n(CCc2ccccc2)c1N=Cc1ccc(Br)cc1,9.6
CCCn1c(N=Cc2ccc(F)cc2)c(C#N)sc1=S,6.99
CCCCn1c(N=Cc2ccc(F)cc2)c(C#N)sc1=S,7.78
CCCn1c(N=Cc2ccc(Cl)cc2)c(C#N)sc1=S,8.63
N#Cc1sc(=S)n(-c2ccccc2)c1N=Cc1ccc(Cl)cc1,6.38
CCCCn1c(N=Cc2ccc(Br)cc2)c(C#N)sc1=S,10.0
N#Cc1sc(=S)n(-c2ccccc2)c1N=Cc1ccc(Br)cc1,6.73
O=C(C(=O)c1cn(Cc2ccccc2)c2ccccc12)c1ccco1,6.46
O=C(C(=O)c1cn(Cc2ccccc2)c2ccccc12)c1ccccc1,6.79
O=C1CC(c2ccccc2)Cc2[nH]c(=O)c(S(=O)(=O)c3ccccc3)cc21,5.11
OC1C(CF)OC(n2cnc3c(NC4CCOCC4)ncnc32)C1O,7.6
OCC1OC(n2cnc3c(NC4CCCC4O)ncnc32)C(O)C1O,7.8
COCC1OC(n2cnc3c(Nc4ccc(O)c(F)c4)ncnc32)C(O)C1O,6.6
CCn1c(-c2ccco2)nc2c(N)ncnc21,7.62
Cc1ccc(COc2ccc(CC(=O)Nc3ncnc4c3nc(-c3ccco3)n4C)cc2)cc1,6.04
CCCn1c(-c2ccco2)nc2c(N)ncnc21,7.72
Cn1c(-c2ccco2)nc2c(NC(=O)C(c3ccccc3)c3ccccc3)ncnc21,5.52
Nc1ncnc2c1nc(-c1ccco1)n2CCCO,7.22
Cn1c(-c2ccco2)nc2c(NC(=O)Nc3ccccc3)ncnc21,6.3
Cn1c(-c2ccco2)nc2c(NC(=O)c3ccc(-c4ccccc4)cc3)ncnc21,6.19
Cn1c(-c2ccco2)nc2c(NC(=O)Cc3ccccc3)ncnc21,6.23
Cn1c(-c2ccco2)nc2c(NC(=O)Cc3ccc(OCc4ccccc4)cc3)ncnc21,6.36
Cn1c(=O)c2c(nc3n2CCCN3Cc2cc(Cl)cc(Cl)c2)n(C)c1=O,5.77
C#CCn1c(=O)c2c(nc3n2CCCN3c2cccc(OC)c2)n(C)c1=O,5.02
CCn1c(=O)c2c(nc3n2CCCN3C2CCCCC2)n(CC)c1=O,5.98
C#CCn1c(=O)c2c(nc3n2CCCN3CCc2ccc(O)cc2)n(C)c1=O,5.08
C#CCn1c(=O)c2c(nc3n2CCCN3Cc2ccccc2OC)n(C)c1=O,6.22
C#CCn1c(=O)c2c(nc3n2CCCN3c2cc(OC)cc(OC)c2)n(C)c1=O,5.01
C#CCn1c(=O)c2c(nc3n2CCCN3Cc2ccc(OC)cc2)n(C)c1=O,4.99
Cn1c(=O)c2c(nc3n2CCCN3c2ccc(F)cc2)n(C)c1=O,4.78
CCn1c(=O)c2c(nc3n2CCCN3CCc2ccccc2OC)n(CC)c1=O,5.41
C#CCn1c(=O)c2c(nc3n2CCCN3CCc2ccc(OC)cc2)n(C)c1=O,5.36
C#CCn1c(=O)c2c(nc3n2CCCN3C2CCCCC2)n(C)c1=O,5.63
C#CCn1c(=O)c2c(nc3n2CCCN3Cc2cccc(OC)c2)n(C)c1=O,5.88
CCn1c(=O)c2c(nc3n2CCCN3c2ccc(F)cc2)n(CC)c1=O,5.18
C#CCn1c(=O)c2c(nc3n2CCCN3Cc2cccs2)n(C)c1=O,6.39
C#CCn1c(=O)c2c(nc3n2CCCN3CCc2cccs2)n(C)c1=O,5.85
C#CCn1c(=O)c2c(nc3n2CCCN3C2CCC2)n(C)c1=O,6.06
C#CCn1c(=O)c2c(nc3n2CCCN3CCc2ccccc2)n(C)c1=O,4.94
C#CCn1c(=O)c2c(nc3n2CCCN3CC2CCCO2)n(C)c1=O,5.94
C#CCn1c(=O)c2c(nc3n2CCCN3Cc2ccccc2)n(C)c1=O,6.6
CC(C)n1cc2c(Cl)nc(NC(=O)Cc3ccccc3)nc2n1,5.72
O=C(Nc1nc(Cl)c2cn(CCc3ccccc3)nc2n1)c1ccccc1,5.42
Cn1cc2c(Cl)nc(NC(=O)Cc3ccccc3)nc2n1,4.79
CC(C)(C)Cn1cc2c(Cl)nc(NC(=O)c3ccccc3)nc2n1,4.96
CC(C)(C)Cn1cc2c(Cl)nc(NC(=O)Cc3ccccc3)nc2n1,4.5
Cc1ccc(C(=O)Nc2nc(Cl)c3cn(CC(C)(C)C)nc3n2)cc1,4.96
Cn1cc2c(Cl)nc(N)nc2n1,4.53
CC(C)n1cc2c(Cl)nc(NC(=O)c3ccc(C(F)(F)F)cc3)nc2n1,4.86
Nc1nc(Cl)c2cn(CCc3ccccc3)nc2n1,5.37
Cc1ccc(C(=O)Nc2nc(Cl)c3cn(C(C)C)nc3n2)cc1,5.39
CC(C)n1cc2c(Cl)nc(NC(=O)c3ccccc3)nc2n1,4.71
CC(C)(C)Cn1cc2c(Cl)nc(NC(=O)c3ccc(F)cc3)nc2n1,4.78
CC(C)(C)Cn1cc2c(Cl)nc(N)nc2n1,4.92
CC(C)n1cc2c(Cl)nc(N)nc2n1,5.05
CC(C)n1cc2c(Cl)nc(NC(=O)c3ccc(F)cc3)nc2n1,5.47
Cc1ccc(C(=O)Nc2nc(Cl)c3cn(CCc4ccccc4)nc3n2)cc1,4.97
CC(C)n1cc2c(Cl)nc(N(C(=O)c3ccccc3)C(=O)c3ccccc3)nc2n1,5.1
O=C(Cc1ccccc1)Nc1nc(Cl)c2cn(CCc3ccccc3)nc2n1,5.19
Cn1c(=O)c2[nH]c(-c3ccc(OCCN4CCOCC4)cc3)nc2n(C)c1=O,8.59
CN(C)CCOc1ccc(-c2nc3c([nH]2)c(=O)n(C)c(=O)n3C)cc1,8.74
Cn1c(=O)c2[nH]c(-c3ccc(OCCN4CCCC4)cc3)nc2n(C)c1=O,8.92
CCN(CC)CCOc1ccc(-c2nc3c([nH]2)c(=O)n(C)c(=O)n3C)cc1,8.8
Cn1c(=O)c2[nH]c(-c3ccc(OCCCn4ccnc4)cc3)nc2n(C)c1=O,9.05
Cn1c(=O)c2[nH]c(-c3ccc(OCCCN4CCN(Cc5ccccc5Cl)CC4)cc3)nc2n(C)c1=O,8.73
CCCCC#Cc1nc(NC2CCCC2)c2ncn(C3C(O)C(O)C4CC43)c2n1,5.8
CCCCC#Cc1nc(NC2CC2)c2ncn(C3C(O)C(O)C4CC43)c2n1,5.66
CCOc1cc2occ(-c3nc(C)cs3)c(=O)c2cc1CC,5.3
CCNC(=O)C1OC(n2cnc3c(NCCCCNC(=O)COc4ccc(C=CC5=[N+]6C(=Cc7ccc(-c8cccs8)n7[B-]6(F)F)C=C5)cc4)ncnc32)C(O)C1O,6.58
Cc1csc(-c2nc(N)c3cc(CN4C(C)CCCC4C)sc3n2)n1,6.52
Nc1nc(-c2ccc(C(F)(F)F)cc2)nc2sc(CN3CCC(F)CC3)cc12,5.45
Nc1nc(-c2cccc(Cl)c2)nc2sc(CN3CCOCC3)cc12,6.1
Nc1nc(-c2cocn2)nc2sc(CN3CC=CCC3)cc12,5.53
Nc1nc(-c2cccc(C(F)(F)F)c2)nc2sc(CN3CCC(F)CC3)cc12,5.52
Nc1nc(-c2ccc(C(F)F)o2)nc2sc(CN3CCC(F)(F)CC3)cc12,4.75
Nc1nc(-c2ccc(Cl)o2)nc2sc(CN3CCOCC3)cc12,6.19
Cc1ccc(-c2nc(N)c3cc(CN4CCCCC4)sc3n2)o1,6.21
Nc1nc(-c2ccc(F)c(F)c2)nc2sc(CN3CCOCC3)cc12,5.54
Nc1nc(-c2ccco2)nc2sc(CN3CCC(F)(F)C3)cc12,5.91
CC1CCCC(C)N1Cc1cc2c(N)nc(-c3ccco3)nc2s1,7.0
N#Cc1cccc(-c2nc(N)c3cc(CN4CCCC(F)(F)C4)sc3n2)c1,6.08
Nc1nc(-c2ccco2)nc2sc(CNC3CCCCC3)cc12,5.61
Nc1nc(-c2ccco2)nc2sc(CN3CCC(F)C3)cc12,5.87
Nc1nc(-c2ccco2)nc2sc(CN3CCCCCC3)cc12,5.93
Nc1nc(-c2ccc(C(F)F)o2)nc2sc(CN3CCC(F)CC3)cc12,5.78
Nc1nc(-c2cc3ccccc3o2)nc2sc(CN3CCC(F)CC3)cc12,6.2
N#Cc1ccc(-c2nc(N)c3cc(CN4CC=CCC4)sc3n2)cc1,5.79
Nc1nc(-c2ccco2)nc2sc(CN3CCCC3)cc12,5.19
Nc1nc(-c2nccs2)nc2sc(CN3CCOCC3)cc12,5.56
Nc1nc(-c2cccc(F)c2)nc2sc(CN3CCOCC3)cc12,6.21
Cc1ccc(-c2nc(N)c3cc(CN4CCc5ccccc5C4)sc3n2)o1,5.48
CC1CCCC(C)N1Cc1cc2c(N)nc(-c3ccc(C(F)F)o3)nc2s1,6.14
Nc1nc(-c2ccc(Br)o2)nc2sc(CN3CCOCC3)cc12,6.14
Nc1nc(-c2ccc(Cl)o2)nc2sc(CN3CCCCCC3)cc12,5.85
Nc1nc(-c2ccco2)nc2sc(CN3CC=CC3)cc12,6.54
N#Cc1cccc(-c2nc(N)c3cc(CN4CCC(F)CC4)sc3n2)c1,5.53
Nc1nc(-c2ccco2)nc2sc(CN3CCC(F)(F)CC3)cc12,5.65
CC1CCCC(C)N1Cc1cc2c(N)nc(-c3ccc(Br)o3)nc2s1,7.4
Nc1nc(-c2ccco2)nc2sc(CN3CCC(F)CC3)cc12,6.13
Nc1nc(-c2ccco2)nc2sc(CN3CCSCC3)cc12,6.43
Nc1nc(-c2cccc(C(F)(F)F)c2)nc2sc(CN3CC=CC3)cc12,5.53
Nc1nc(-c2ccc(Br)o2)nc2sc(CN3CCCC3)cc12,6.15
Nc1nc(-c2ccc(Cl)o2)nc2sc(CN3CCCC3)cc12,6.15
Nc1nc(-c2cc(F)cc(F)c2)nc2sc(CN3CCOCC3)cc12,5.64
CCN(CC)Cc1cc2c(N)nc(-c3ccco3)nc2s1,5.67
COc1cccc(-c2nc(N)c3cc(CN4CCC(F)CC4)sc3n2)c1,5.49
N#Cc1ccc(-c2nc(N)c3cc(CN4CC=CC4)sc3n2)cc1,5.63
Nc1nc(-c2ccc(Cl)o2)nc2sc(CN3CC=CC3)cc12,6.11
CN(C)Cc1cc2c(N)nc(-c3ccco3)nc2s1,5.45
Nc1nc(-c2ccc(C(F)F)o2)nc2sc(CN3CCCC(F)(F)C3)cc12,5.68
N#Cc1ccccc1-c1nc(N)c2cc(CN3CCC(F)CC3)sc2n1,5.3
N#Cc1cccc(-c2nc(N)c3cc(CN4CC=CC4)sc3n2)c1,5.68
Nc1nc(-c2ccon2)nc2sc(CN3CCOCC3)cc12,6.17
Nc1nc(-c2ncco2)nc2sc(CN3CCOCC3)cc12,5.49
CC(C)c1ccc(-c2nc(N)c3cc(CN4C(C)CCCC4C)sc3n2)o1,6.85
CC1CCCC(C)N1Cc1cc2c(N)nc(-c3ccon3)nc2s1,6.3
Nc1nc(-c2ncco2)nc2sc(CN3CC=CCC3)cc12,5.53
N#Cc1cccc(-c2nc(N)c3cc(CN4CC=CCC4)sc3n2)c1,6.68
Nc1nc(-c2ccco2)nc2sc(CN3CCOCC3)cc12,5.78
Nc1nc(-c2ccco2)nc2sc(CN3CC=CCC3)cc12,6.82
Nc1nc(-c2ccco2)nc2sc(CN3CCC(O)CC3)cc12,5.4
Nc1nc(-c2ccco2)nc2sc(CN3CCCC(F)(F)C3)cc12,6.54
COc1cccc(-c2nc(N)c3cc(CN4CCCC(F)(F)C4)sc3n2)c1,5.74
N#Cc1cccc(-c2nc(N)c3cc(CN4CCSCC4)sc3n2)c1,6.01
CCc1ccc(-c2nc(N)c3cc(CN4C(C)CCCC4C)sc3n2)o1,6.72
CC1CCCC(C)N1Cc1cc2c(N)nc(-c3ccc(C4CC4)o3)nc2s1,6.48
Nc1nc(-c2ccc(C(F)F)o2)nc2sc(CN3CCOCC3)cc12,5.57
Nc1nc(-c2ncco2)nc2sc(CN3CC=CC3)cc12,5.41
Nc1nc(-c2ccco2)nc2sc(CN3CCC(=O)CC3)cc12,5.57
Nc1nc(-c2ccco2)nc2sc(CNC3CC3)cc12,5.72
Nc1nc(-c2ccc(Cl)o2)nc2sc(CN3CCC(F)(F)C3)cc12,6.61
COc1cccc(-c2nc(N)c3cc(CN4CCOCC4)sc3n2)c1,5.52
N#Cc1ccc(-c2nc(N)c3cc(CN4CCC(F)CC4)sc3n2)cc1,5.07
Nc1nc(-c2ccc(Cl)o2)nc2sc(CN3CCC(F)CC3)cc12,5.97
Nc1nc(-c2ccc(Cl)o2)nc2sc(CN3CC=CCC3)cc12,6.72
N#Cc1cccc(-c2nc(N)c3cc(CN4CCOCC4)sc3n2)c1,6.0
Nc1nc(-c2cccs2)nc2sc(CN3CCOCC3)cc12,5.99
CC1CN(Cc2cc3c(N)nc(-c4cccc(C#N)c4)nc3s2)CC(C)O1,5.97
Nc1nc(-c2ccc(Cl)o2)nc2sc(CN3CCCC(F)(F)C3)cc12,6.73
N#Cc1cccc(-c2nc(N)c3cc(CN4CCCC4)sc3n2)c1,6.89
Cc1ccc(-c2nc(N)c3cc(CN4CCOCC4)sc3n2)o1,5.98
Nc1nc(-c2cocn2)nc2sc(CN3CC=CC3)cc12,5.41
CC1CCCC(C)N1Cc1cc2c(N)nc(-c3cccc(C#N)c3)nc2s1,6.34
N#Cc1c(N)nc(SCc2c[nH]cn2)nc1-c1ccc2c(c1)OCO2,7.08
N#Cc1c(N)nc(SCc2coc(-c3ccc(Cl)cc3)n2)nc1-c1ccc2c(c1)OCO2,7.82
COc1ccc(-c2nc(CSc3nc(N)c(C#N)c(-c4ccc5c(c4)OCO5)n3)cs2)cc1,8.74
N#Cc1c(N)nc(SCc2csc(-c3ccccc3F)n2)nc1-c1ccc2c(c1)OCO2,7.92
N#Cc1c(N)nc(SCc2csc(-c3cccc(Cl)c3)n2)nc1-c1ccc2c(c1)OCO2,7.38
N#Cc1c(N)nc(SCc2csc(C3CCCCC3)n2)nc1-c1ccc2c(c1)OCO2,8.2
N#Cc1c(N)nc(SCc2csc(-c3ccc(Cl)cc3)n2)nc1-c1ccccc1,8.05
N#Cc1c(N)nc(SCc2csc(-c3ccc(I)cc3)n2)nc1-c1ccc2c(c1)OCO2,8.0
N#Cc1c(N)nc(SCc2csc(-c3ccccc3)n2)nc1-c1ccc2c(c1)OCO2,8.62
N#Cc1c(N)nc(SCc2coc(-c3cccc(F)c3)n2)nc1-c1ccc2c(c1)OCO2,7.82
N#Cc1c(N)nc(SCc2csc(-c3ccc(F)cc3)n2)nc1-c1ccc2c(c1)OCO2,8.17
N#Cc1c(N)nc(SCc2csc(-c3cccc(F)c3)n2)nc1-c1ccc2c(c1)OCO2,7.85
CN(C)c1ccc(-c2nc(SCc3csc(-c4ccc(Cl)cc4)n3)nc(N)c2C#N)cc1,6.63
N#Cc1c(N)nc(SCc2csc(-c3ccc4c(c3)OCO4)n2)nc1-c1ccc2c(c1)OCO2,8.6
N#Cc1c(N)nc(SCc2csc(-c3ccc(Cl)cc3)n2)nc1-c1ccc(OC(F)(F)F)cc1,6.73
N#Cc1c(N)nc(SCc2csc(-c3ccccc3Cl)n2)nc1-c1ccc2c(c1)OCO2,7.12
N#Cc1c(N)nc(SCc2csc(-c3ccc(Cl)cc3)n2)nc1-c1ccc2c(c1)OCO2,7.85
Cc1ccc(-c2nc(CSc3nc(N)c(C#N)c(-c4ccc5c(c4)OCO5)n3)cs2)cc1,8.51
N#Cc1c(N)nc(SCc2csc(-c3ccc(Cl)cc3)n2)nc1-c1ccc(OCCO)cc1,8.32
N#Cc1c(N)nc(SCc2csc(-c3ccc(C(F)(F)F)cc3)n2)nc1-c1ccc2c(c1)OCO2,7.75
N#Cc1c(N)nc(SCc2csc(-c3ccc([N+](=O)[O-])cc3)n2)nc1-c1ccc2c(c1)OCO2,7.96
N#Cc1c(N)nc(SCc2cscn2)nc1-c1ccc2c(c1)OCO2,8.01
N#Cc1c(N)nc(SCc2coc(-c3ccc(F)cc3)n2)nc1-c1ccc2c(c1)OCO2,7.7
CC(=O)Nc1ccc(-c2nc(SCc3csc(-c4ccc(Cl)cc4)n3)nc(N)c2C#N)cc1,7.85
COc1ccc(N2CCOCC2)c2sc(NC(=O)N3CCC(C)(O)CC3)nc12,5.87
Cc1ccc2cc(CCn3ncc4c3nc(N)n3nc(-c5ccco5)nc43)ccc2n1,6.39
CN(C)CCn1ncc2c1nc(N)n1c(=O)n(Cc3cccc(Cl)c3)nc21,5.85
Nc1nc2c(cnn2CCN2CCOCC2)c2nn(Cc3cccc(Cl)c3)c(=O)n12,5.85
COc1cnc(N2CCOCC2)c2sc(NC(=O)c3ccc(F)cc3)nc12,5.68
COCCOc1ccc(N2CCN(CCn3cnc4c3nc(N)n3nc(-c5ccco5)nc43)CC2)cc1,6.22
CC1(C)CCCN(c2nnc(N)nc2-c2ccccc2)C1,5.0
CC1CN(c2nnc(N)nc2-c2ccccc2)CC(C)O1,5.0
CN(CCN1CCN(c2ccc(F)cc2F)CC1)c1cc2nc(-c3cccc(C#N)c3)nn2c(N)n1,5.95
COc1ccc(C2CCOCC2)c2oc(NC(=O)c3ccnc(N4CCOCC4)c3)nc12,5.06
Cc1cnc2c(c1)CN(CCn1ncc3c1nc(N)n1nc(-c4ccco4)nc31)CC2,6.45
OCC1OC(n2cnc3c(NC4CC4c4ccccc4)nc(C#Cc4ccccc4)nc32)C(O)C1O,6.91
CCOC(=O)c1cnc(NCc2ccc(-c3ccccc3)cc2)n2nc(-c3ccco3)nc12,6.05
CCNc1ncc(C(=O)OCC)c2nc(-c3ccco3)nn12,6.79
CCCCC(CC)CNc1ncc(C(=O)OCC)c2nc(-c3ccco3)nn12,5.94
Cc1ccc(CNc2ncc(C(=O)O)c3nc(-c4ccco4)nn23)cc1,5.56
C=C(CCC)C1=CC=C(CC2CCCCCCC2)C2C=C(C3=CC=CC3)C=C12,6.75
O=C(O)c1cnc(NC2CCCC2)n2nc(-c3ccco3)nc12,5.42
O=C(O)c1cnc(NC2CC2)n2nc(-c3ccco3)nc12,5.96
CCOC(=O)c1cnc(NCc2ccc(Cl)cc2)n2nc(-c3ccco3)nc12,6.06
CCOC(=O)c1cnc(SC)n2nc(-c3ccco3)nc12,5.24
CCOC(=O)c1cnc(NC(=O)Nc2ccccc2)n2nc(-c3ccco3)nc12,6.49
O=C(O)c1cnc(NCc2ccc(-c3ccccc3)cc2)n2nc(-c3ccco3)nc12,4.52
CCOC(=O)c1cnc(NCC2CCCCC2)n2nc(-c3ccco3)nc12,6.37
CCOC(=O)c1cnc(NCc2ccc(C)cc2)n2nc(-c3ccco3)nc12,5.87
CCOC(=O)c1cnc(NC2CCCC2)n2nc(-c3ccco3)nc12,7.46
CCOC(=O)c1cnc(N(C)C)n2nc(-c3ccco3)nc12,4.87
COc1ccc(CNc2ncc(C(=O)O)c3nc(-c4ccco4)nn23)cc1,5.24
CCOC(=O)c1cnc(NCc2ccc(OC)c(OC)c2)n2nc(-c3ccco3)nc12,6.5
COc1ccc(CNc2ncc(C(=O)O)c3nc(-c4ccco4)nn23)cc1OC,6.02
CNC(=O)c1cnc(NCc2ccc(OC)c(OC)c2)n2nc(-c3ccco3)nc12,6.37
CCOC(=O)c1cnc(NC)n2nc(-c3ccco3)nc12,6.01
CCOC(=O)c1cnc(NC2CC2)n2nc(-c3ccco3)nc12,7.22
O=C(Cc1ccccc1)Nc1ncc(C(=O)NCCc2ccccc2)c2nc(-c3ccco3)nn12,6.5
CCOC(=O)c1cnc(N)n2nc(-c3ccco3)nc12,6.73
CC(C)Nc1ncc(C(=O)O)c2nc(-c3ccco3)nn12,5.35
CCOC(=O)c1cnc(NCc2ccc(OC)cc2)n2nc(-c3ccco3)nc12,5.9
O=C(Nc1ccccc1)Nc1ncc(C(=O)NCCc2ccccc2)c2nc(-c3ccco3)nn12,6.44
CCOC(=O)c1cnc(N2CCCC2)n2nc(-c3ccco3)nc12,4.81
CCOC(=O)c1cnc(NC(c2ccccc2)c2ccccc2)n2nc(-c3ccco3)nc12,6.03
CCOC(=O)c1cnc(NOC)n2nc(-c3ccco3)nc12,5.19
O=C(O)c1cnc(NC(c2ccccc2)c2ccccc2)n2nc(-c3ccco3)nc12,5.61
CCOC(=O)c1cnc(NCc2ccccc2)n2nc(-c3ccco3)nc12,6.03
O=C(O)c1cnc(NCc2ccccc2)n2nc(-c3ccco3)nc12,5.29
CCOC(=O)c1cnc(NCc2ccc(F)cc2)n2nc(-c3ccco3)nc12,6.03
CCOC(=O)c1cnc(NCCOC)n2nc(-c3ccco3)nc12,5.64
CCOC(=O)c1cnc(NC2CCCCCC2)n2nc(-c3ccco3)nc12,6.64
CCOC(=O)c1cnc(NC2CCC2)n2nc(-c3ccco3)nc12,7.12
CCCCCNc1ncc(C(=O)O)c2nc(-c3ccco3)nn12,4.98
CCOC(=O)c1cnc(N2CCCCC2)n2nc(-c3ccco3)nc12,5.05
CCOC(=O)c1cnc(NC2CCCCC2)n2nc(-c3ccco3)nc12,6.85
COc1ccc(CNc2ncc(C(=O)NCCc3ccccc3)c3nc(-c4ccco4)nn23)cc1OC,6.42
CCOC(=O)c1cnc(NCc2ccc(C(F)(F)F)cc2)n2nc(-c3ccco3)nc12,5.8
CCCCCNc1ncc(C(=O)OCC)c2nc(-c3ccco3)nn12,6.21
Nc1ncc(C(=O)NCCc2ccccc2)c2nc(-c3ccco3)nn12,7.24
O=C(O)c1cnc(NCC2CCCCC2)n2nc(-c3ccco3)nc12,5.56
CCOC(=O)c1cnc(NC(C)C)n2nc(-c3ccco3)nc12,7.4
CNC(=O)c1cnc(NC(=O)Nc2ccccc2)n2nc(-c3ccco3)nc12,6.9
CNC(=O)c1cnc(NC(=O)Cc2ccccc2)n2nc(-c3ccco3)nc12,6.53
CNC(=O)c1cnc(NC(=O)NC2CCCCC2)n2nc(-c3ccco3)nc12,5.05
CCNc1ncc(C(=O)O)c2nc(-c3ccco3)nn12,4.92
CCOC(=O)c1cnc(NCC(C)C)n2nc(-c3ccco3)nc12,7.34
C=C(OCC)c1cnc(NC(=O)NC2CCCCC2)n2nc(-c3ccco3)nc12,4.9
CCCCC(CC)CNc1ncc(C(=O)O)c2nc(-c3ccco3)nn12,5.75
Cc1ccc2ncc3nc(-c4ccccc4)nn3c2c1,5.88
Clc1ccc2ncc3nc(-c4ccccc4)nn3c2c1,6.89
CCCOC(=O)N1Cc2nc(-c3ccccc3)nn2-c2cc(C)ccc21,6.25
CCC(=O)N1Cc2nc(-c3ccccc3)nn2-c2ccccc21,5.87
CCOC(=O)N1Cc2nc(-c3ccccc3)nn2-c2ccccc21,5.34
CCOC(=O)N1Cc2nc(-c3ccccc3)nn2-c2cc(C)ccc21,6.25
CCC(=O)N1Cc2nc(-c3ccccc3)nn2-c2cc(C)ccc21,6.87
Nc1nc(Cc2ccccc2F)nc2cn(-c3ccccc3)nc12,7.46
Nc1nc(CCCc2cccc(O)c2)nc2cn(-c3ccccc3)nc12,9.66
COc1ccc(CCc2nc(N)c3nn(-c4ccccc4)cc3n2)cc1,6.42
COc1ccccc1Cc1nc(N)c2nn(-c3ccccc3)cc2n1,6.43
COc1cccc(CCCc2nc(N)c3nn(-c4ccccc4)cc3n2)c1,9.82
COc1cccc(Cc2nc(N)c3nn(-c4ccccc4)cc3n2)c1,7.05
Nc1nc(CCCc2ccccc2)nc2cn(-c3ccccc3)nc12,8.28
Nc1nc(CCc2ccc(O)cc2)nc2cn(-c3ccccc3)nc12,6.38
Nc1nc(Cc2ccc3c(c2)OCO3)nc2cn(-c3ccccc3)nc12,7.12
Nc1nc(CCCc2ccccc2O)nc2cn(-c3ccccc3)nc12,9.27
Nc1nc(Cc2ccccc2O)nc2cn(-c3ccccc3)nc12,7.19
Nc1nc(CCCc2ccc(O)cc2)nc2cn(-c3ccccc3)nc12,7.75
Nc1nc(C=Cc2ccccc2)nc2cn(-c3ccccc3)nc12,6.32
Nc1nc(Cc2cccc(O)c2)nc2cn(-c3ccccc3)nc12,6.51
CCc1nc(N)c2nn(-c3ccccc3)cc2n1,7.05
COc1ccccc1CCCc1nc(N)c2nn(-c3ccccc3)cc2n1,8.88
COc1ccc(CCCc2nc(N)c3nn(-c4ccccc4)cc3n2)cc1,7.8
O=c1c2ncn3nc(-c4ccccc4)cc3c2c(C2CCCCC2)nn1Cc1ccccc1,6.76
Cc1nc2c(=O)n(Cc3ccccc3)nc(C3CCCC3)c2c2cc(-c3ccccc3)nn12,8.21
O=c1c2ncn3nc(-c4ccccc4)cc3c2c(C2CCCC2)nn1Cc1ccccc1,7.49
CCc1nc2c(=O)n(Cc3ccccc3)nc(C3CCC3)c2c2cc(-c3ccccc3)nn12,8.85
S=c1c2ncn3nc(-c4ccccc4)cc3c2c(C2CCC2)nn1Cc1ccccc1,8.62
S=c1c2ncn3nc(-c4ccccc4)cc3c2c(C2CCCCC2)nn1Cc1ccccc1,8.02
CCc1nc2c(=S)n(Cc3ccccc3)nc(C3CCCC3)c2c2cc(-c3ccccc3)nn12,8.33
CCc1nc2c(=O)n(Cc3ccccc3)nc(C3CCCCC3)c2c2cc(-c3ccccc3)nn12,7.82
Cc1nc2c(=O)n(Cc3ccccc3)nc(C3CCCCC3)c2c2cc(-c3ccccc3)nn12,8.02
Cc1nc2c(=O)n(Cc3ccccc3)nc(C3CCC3)c2c2cc(-c3ccccc3)nn12,8.47
CCc1nc2c(=O)n(Cc3ccccc3)nc(C3CCCC3)c2c2cc(-c3ccccc3)nn12,8.46
S=c1c2ncn3nc(-c4ccccc4)cc3c2c(C2CCCC2)nn1Cc1ccccc1,7.89
CCNC(=O)C1OC(n2cnc3c(N)nc(NCCc4ccc(CCC(=O)Nc5ccc(OC(C)=O)c([N+](=O)[O-])c5)cc4)nc32)C(O)C1O,6.3
CCNC(=O)C1OC(n2cnc3c(N)nc(NCCc4ccc(CCC(=O)Nc5ccc(O)c([N+](=O)[O-])c5)cc4)nc32)C(O)C1O,5.72
CCOC(=O)c1c(NC(=O)c2sc(Nc3ccccc3)nc2-c2ccc(C)cc2)sc2c1CCCC2,5.11
CCOC(=O)c1c(NC(=O)c2sc(Nc3ccc(C)cc3)nc2N(C)C)sc2c1CCCC2,4.63
Cc1ccc(-c2nc(Nc3ccccc3)sc2C(=O)Nc2sc3c(c2C(N)=O)CCCC3)cc1,5.62
CCOC(=O)c1c(NC(=O)c2sc(Nc3ccccc3)nc2N(C)C)sc2c1CCCC2,4.39
CCOC(=O)c1c(NC(=O)c2sc(Nc3ccc(C)cc3)nc2N(C)C)sc(C(=O)OC)c1C,4.72
CCOC(=O)c1nc(NC(=O)c2ccc(F)cc2)nc2nn(C(C)C)cc12,5.55
CCOC(=O)c1nc(NC(=O)c2ccccc2)nc2nn(C)cc12,4.85
CCOC(=O)c1nc(N)nc2nn(CCc3ccccc3)cc12,5.46
NC(=O)c1nc(N)nc2nn(CCc3ccccc3)cc12,4.4
CCOC(=O)c1nc(NC(=O)c2ccc(F)cc2)nc2nn(CCc3ccccc3)cc12,5.3
CCOC(=O)c1nc(NC(=O)c2ccccc2)nc2nn(CCc3ccccc3)cc12,5.29
CCOC(=O)c1nc(N(C(=O)c2ccccc2)C(=O)c2ccccc2)nc2nn(C(C)C)cc12,4.75
CCOC(=O)c1nc(NC(=O)c2ccccc2)nc2nn(C(C)C)cc12,5.37
CCOC(=O)c1nc(NC(=O)c2ccc(C)cc2)nc2nn(C(C)C)cc12,6.16
CCOC(=O)c1nc(NC(=O)Cc2ccccc2)nc2nn(CC(C)(C)C)cc12,5.57
CCOC(=O)c1nc(NC(=O)c2ccc(F)cc2)nc2nn(CC(C)(C)C)cc12,5.57
CCOC(=O)c1nc(NC(=O)Cc2ccccc2)nc2nn(CCc3ccccc3)cc12,6.22
CCOC(=O)c1nc(N)nc2nn(C)cc12,5.06
CCOC(=O)c1nc(N)nc2nn(CC(C)(C)C)cc12,5.4
CCOC(=O)c1nc(NC(=O)Cc2ccccc2)nc2nn(C(C)C)cc12,6.22
CCOC(=O)c1nc(NC(=O)Cc2ccccc2)nc2nn(C)cc12,5.23
CCOC(=O)c1nc(NC(=O)c2ccc(C(F)(F)F)cc2)nc2nn(CCc3ccccc3)cc12,5.6
CCOC(=O)c1nc(NC(=O)c2ccc(Br)cc2)nc2nn(CCc3ccccc3)cc12,5.58
CCNC(=O)C1OC(n2cnc3c(N)nc(N4CCN(c5ccc(OCc6ccccc6)cc5)CC4)nc32)C(O)C1O,6.61
CCNC(=O)C1OC(n2cnc3c(N)nc(N4CCN(c5ccc(OCc6ccc(C(F)(F)F)cc6)cc5)CC4)nc32)C(O)C1O,8.35
CCNC(=O)C1OC(n2cnc3c(N)nc(N4CCN(c5ccc(OCc6ccc(F)cc6)cc5)CC4)nc32)C(O)C1O,7.35
CCNC(=O)C1OC(n2cnc3c(N)nc(N4CCN(c5ccc(OCCOC)cc5)CC4)nc32)C(O)C1O,6.83
CCNC(=O)C1OC(n2cnc3c(N)nc(N4CCN(c5ccc(OCc6ccc(Cl)cc6)cc5)CC4)nc32)C(O)C1O,8.09
CCNC(=O)C1OC(n2cnc3c(N)nc(N4CCN(c5ccc(OCC(=O)OCC)cc5)CC4)nc32)C(O)C1O,7.12
CCNC(=O)C1OC(n2cnc3c(N)nc(N4CCN(c5ccc(OCCCc6ccccc6)cc5)CC4)nc32)C(O)C1O,8.44
CCn1nnc(C2OC(n3cnc4c(Nc5ccc(Cl)cc5F)nc(Cl)nc43)C(O)C2O)n1,8.78
CCn1nnc(C2OC(n3cnc4c(NC5CCCO5)nc(Cl)nc43)C(O)C2O)n1,8.97
CCn1nnc(C2OC(n3cnc4c(NC5CC6CCC5C6)nc(Cl)nc43)C(O)C2O)n1,9.14
CCn1nnc(C2OC(n3cnc4c(NCc5ccccc5I)nc(Cl)nc43)C(O)C2O)n1,8.62
CCn1nnc(C2OC(n3cnc4c(NC5CC6CCC5C6)ncnc43)C(O)C2O)n1,9.34
CCn1nnc(C2OC(n3cnc4c(N)ncnc43)C(O)C2O)n1,9.04
CCn1nnc(C2OC(n3cnc4c(NC5CCCO5)ncnc43)C(O)C2O)n1,8.91
CCn1nnc(C2OC(n3cnc4c(N)nc(Cl)nc43)C(O)C2O)n1,9.02
CCn1nnc(C2OC(n3cnc4c(NC5CC5)nc(Cl)nc43)C(O)C2O)n1,9.51
CCn1nnc(C2OC(n3cnc4c(NC)ncnc43)C(O)C2O)n1,8.45
CCn1nnc(C2OC(n3cnc4c(NC5CC5)ncnc43)C(O)C2O)n1,9.17
CCn1nnc(C2OC(n3cnc4c(Nc5ccc(Cl)cc5F)ncnc43)C(O)C2O)n1,9.37
CCn1nnc(C2OC(n3cnc4c(NC)nc(Cl)nc43)C(O)C2O)n1,8.07
COc1ccccc1N1CCN(Cc2nc3c4cccc(OC)c4nc(N)n3n2)C(C)C1,5.08
COc1cccc2c1nc(N)n1nc(CN3CCN(c4ccc(F)cn4)CC3C)nc21,5.57
COc1cccc2c1nc(N)n1nc(CN3CCN(c4ccccc4)CC3C)nc21,5.96
COc1cccc2c1nc(N)n1nc(CN3CCN(c4ccncc4)CC3C)nc21,5.1
COc1cccc2c1nc(N)n1nc(CN3CCN(c4ccccc4F)CC3C)nc21,5.45
COc1cccc2c1nc(N)n1nc(CN3CCN(c4cccc(F)c4)CC3C)nc21,5.86
COc1cccc2c1nc(N)n1nc(CN3CCN(c4ccc(F)cc4)CC3C)nc21,5.84
COc1ccc(N2CCN(Cc3nc4c5cccc(OC)c5nc(N)n4n3)C(C)C2)cc1,5.62
COc1cccc2c1nc(N)n1nc(CN3CCN(c4ccccn4)CC3C)nc21,5.51
CCn1cc(N2CCN(Cc3nc4c5cccc(OC)c5nc(N)n4n3)C(C)C2)cn1,4.7
COc1cccc(N2CCN(Cc3nc4c5cccc(OC)c5nc(N)n4n3)C(C)C2)c1,5.3
COc1cccc2c1nc(N)n1nc(CN3CCN(c4cnn(C(C)(C)C)c4)CC3C)nc21,4.72
COc1cccc2c1nc(N)n1nc(CN3CCN(c4ncccn4)CC3C)nc21,5.81
COc1cccc2c1nc(N)n1nc(CN3CCN(c4cnc(C)s4)CC3C)nc21,5.37
COc1cccc2c1nc(N)n1nc(CN3CCN(c4nsnc4Cl)CC3C)nc21,5.9
COc1cccc2c1nc(N)n1nc(CN3CCN(c4cnn(C)c4)CC3C)nc21,4.8
COc1ccc(-c2c(C#N)c(N)nc(SCc3csc(-c4ccc(Cl)cc4)n3)c2C#N)cc1,8.3
COc1ccc(-c2c(C#N)c(N)nc(SCc3csc(-c4ccccc4Cl)n3)c2C#N)cc1,7.96
COc1ccc(-c2c(C#N)c(N)nc(SCc3csc(-c4ccc(C)cc4)n3)c2C#N)cc1,7.72
COc1ccc(-c2c(C#N)c(N)nc(SCc3csc(-c4ccc(Cl)cn4)n3)c2C#N)cc1,7.62
COc1ccc(-c2c(C#N)c(N)nc(SCc3csc(-c4ccccn4)n3)c2C#N)cc1,8.02
COc1ccc(-c2c(C#N)c(N)nc(SCc3nc(-c4ccc(Cl)cc4)sc3Br)c2C#N)cc1,6.79
COc1ccc(-c2c(C#N)c(N)nc(SCc3csc(-c4ccc(F)cc4)n3)c2C#N)cc1,8.64
COc1ccc(-c2c(C#N)c(N)nc(SCc3csc(-c4ccc(Br)cc4)n3)c2C#N)cc1,8.42
COc1ccc(-c2nc(CSc3nc(N)c(C#N)c(-c4ccc(OC)cc4)c3C#N)cs2)cc1,8.03
COc1ccc(-c2c(C#N)c(N)nc(SCc3nc(-c4ccc(Cl)cc4)sc3Cl)c2C#N)cc1,7.06
COc1ccc(-c2c(C#N)c(N)nc(SCc3csc(-c4ccccc4)n3)c2C#N)cc1,8.08
COc1ccc(-c2c(C#N)c(N)nc(SCc3csc(-c4ccc(I)cc4)n3)c2C#N)cc1,8.41
N#Cc1c(N)nc(SCc2csc(-c3ccc(Cl)cc3)n2)c(C#N)c1-c1ccc2c(c1)OCO2,8.34
COc1ccc(-c2c(C#N)c(N)nc(SCc3csc(N4CCOCC4)n3)c2C#N)cc1,8.49
N#Cc1c(N)nc(SCc2csc(-c3ccc(Cl)cc3)n2)c(C#N)c1-c1ccc(O)cc1,8.82
N#Cc1c(N)nc(SCc2csc(-c3ccc(Cl)cc3)n2)c(C#N)c1-c1ccc(OCCO)cc1,8.85
COc1ccc(-c2c(C#N)c(N)nc(SCc3cscn3)c2C#N)cc1,8.89
COc1ccc(-c2c(C#N)c(N)nc(SCc3csc(-c4ccc(Br)cn4)n3)c2C#N)cc1,7.28
COc1ccc(-c2c(C#N)c(N)nc(SCc3csc(-c4cccc(Cl)c4)n3)c2C#N)cc1,7.92
COc1ccc(-c2c(C#N)c(N)nc(SCc3csc(-c4ccc(Cl)c(Cl)c4)n3)c2C#N)cc1,7.96
CNC(=O)C12CC1C(n1cnc3c(NCC4CC4)nc(-n4cc(-c5ccc(Cl)s5)nn4)nc31)C(O)C2O,5.87
CNC(=O)C12CC1C(n1cnc3c(NCC4CCC4)nc(-n4cc(-c5ccc(Cl)s5)nn4)nc31)C(O)C2O,6.15
CCCNc1cc(C#Cc2ccc(Cl)s2)nc2c1ncn2C1C(O)C(O)C2(C(=O)NC)CC12,5.61
O=[N+]([O-])OCC1OC(n2cnc3c(NC4CCCC4)ncnc32)C(O)C1O,9.01
O=S(=O)(O)OCC1OC(n2cnc3c(NC4CCCC4)ncnc32)C(O)C1O,8.39
O=S(=O)(O)OCC1OC(n2cnc3c(NC4CCCCC4)nc(Cl)nc32)C(O)C1O,8.87
O=[N+]([O-])OCC1OC(n2cnc3c(NC4CCCCC4)ncnc32)C(O)C1O,8.88
O=[N+]([O-])OCC1OC(n2cnc3c(NC4CCCCC4)nc(Cl)nc32)C(O)C1O,8.1
O=[N+]([O-])OCC1OC(n2cnc3c(NC4CCCC4)nc(Cl)nc32)C(O)C1O,8.58
O=[N+]([O-])OCC1OC(n2cnc3c(NC4CC5CCC4C5)ncnc32)C(O)C1O,8.83
O=[N+]([O-])OCC1OC(n2cnc3c(NC4CCOC4)ncnc32)C(O)C1O,7.97
O=S(=O)(O)CC1OC(n2cnc3c(NC4CCCC4)ncnc32)C(O)C1O,8.39
Nc1ncnc2c1ncn2C1OC(CO[N+](=O)[O-])C(O)C1O,8.24
CCn1nnc(C2OC(n3cnc4c(N)nc(NC(C)Cc5ccc(Cl)cc5)nc43)C(O)C2O)n1,6.04
CCn1nnc(C2OC(n3cnc4c(N)nc(NC(C)Cc5ccccc5)nc43)C(O)C2O)n1,6.19
CCn1nnc(C2OC(n3cnc4c(N)nc(N(C)C)nc43)C(O)C2O)n1,5.75
CCn1nnc(C2OC(n3cnc4c(N)nc(NC(C)Cc5ccc(Br)cc5)nc43)C(O)C2O)n1,5.92
CCCn1c(Br)nc2c(NCCCc3ccccc3)ncnc21,5.57
CCCn1c(Br)nc2c(N)nc(NCCc3ccccc3)nc21,6.43
CCCn1cnc2c(N)nc(NCCCc3ccccc3)nc21,5.44
CCCn1c(Br)nc2c(NCCc3ccccc3)ncnc21,5.71
CCCn1cnc2c(NCCCc3ccccc3)ncnc21,4.73
CCCn1c(-c2ccco2)nc2c(NCCCc3ccccc3)ncnc21,6.42
CCCn1c(Br)nc2c(N)nc(NCc3ccccc3)nc21,6.45
CCCn1c(-c2ccco2)nc2c(N)nc(NCCCc3ccccc3)nc21,6.64
CCCn1cnc2c(NCc3ccccc3)ncnc21,4.37
CCCn1c(-c2ccco2)nc2c(NCCc3ccccc3)ncnc21,5.61
CCCn1c(-c2ccco2)nc2c(N)nc(NCc3ccccc3)nc21,6.86
CCCn1cnc2c(NCCc3ccccc3)ncnc21,4.72
CCCn1c(-c2ccco2)nc2c(NCc3ccccc3)ncnc21,6.26
CCNc1nc(I)nc2c1ncn2C1C(O)C(O)C2(C(=O)NC)CC12,5.72
CCNc1nc(N=[N+]=[N-])nc2c1ncn2C1C(O)C(O)C2(C(=O)NC)CC12,6.15
CCc1cc2c(=O)[nH]c(-c3ccoc3)nc2s1,4.25
CC(C)(C)C(=O)Nc1nc(C2CC2)cs1,4.91
CSc1sc(NC(=O)C=C(C)C)nc1C,4.53
Cc1sc2nc(-c3ccoc3)[nH]c(=O)c2c1C,5.71
COc1cccc2sc(NC(=O)c3cc4ccccc4s3)nc12,5.51
CCc1cc2c(O)nc(-c3ccncc3)nc2s1,4.64
O=C(Nc1nc(C2CC2)cs1)c1ccoc1,5.53
O=C(Nc1ccc2[nH]ncc2c1)c1ccc[nH]1,5.5
O=C(Nc1nc2c(s1)CCC2)c1cc2ccccc2s1,5.55
CCc1cc2c(O)ncnc2s1,4.12
CCc1cc2c(=O)[nH]c(C3CC3)nc2s1,4.21
O=c1[nH]c(-c2ccco2)nc2scc(-c3ccco3)c12,6.46
Cc1nc(N)c2nn(-c3ccccc3)nc2n1,6.67
Nc1nc(-c2ccccc2)nc2cn(Cc3ccccc3)nc12,6.6
O=C(Nc1nc(-c2cccs2)nc2cn(-c3ccccc3)nc12)c1ccco1,6.26
Nc1nc(-c2cccs2)nc2cn(-c3ccccc3)nc12,7.28
Nc1nc(Cc2cccs2)nc2cn(-c3ccccc3)nc12,6.4
O=C(c1ccco1)N(C(=O)c1ccco1)c1nc(-c2cccs2)nc2cn(-c3ccccc3)nc12,6.16
O=C(Nc1nc(-c2cccs2)nc2cn(-c3ccccc3)nc12)c1cccnc1,6.12
c1ccc(CNc2nc(NC3CCCCC3)n3nc(-c4ccco4)nc3n2)cc1,7.19
CC(C)Nc1nc(NC(=O)Nc2ccccc2)n2nc(-c3ccco3)nc2n1,5.93
CC(C)Nc1nc(N)n2nc(-c3ccco3)nc2n1,5.37
O=C(Nc1ccccc1)Nc1nc(NC2CCCCC2)nc2nc(-c3ccco3)nn12,6.02
CNc1nc(NC2CCCCC2)n2nc(-c3ccco3)nc2n1,6.44
O=C(Nc1ccccc1)Nc1nc(NCc2ccccc2)nc2nc(-c3ccco3)nn12,6.51
Fc1ccc(CNc2nc(NCc3ccccc3)nc3nc(-c4ccco4)nn23)cc1,5.83
O=C(Cc1ccccc1)Nc1nc(NCc2ccccc2)nc2nc(-c3ccco3)nn12,6.17
c1ccc(CNc2nc(NCc3ccccc3)n3nc(-c4ccco4)nc3n2)cc1,6.11
CC(C)Nc1nc(NC(=O)c2ccccc2)n2nc(-c3ccco3)nc2n1,4.61
CNc1nc(NCc2ccc(F)cc2)n2nc(-c3ccco3)nc2n1,5.51
CC(C)Nc1nc(NC(=O)Cc2ccccc2)n2nc(-c3ccco3)nc2n1,5.15
O=C(Nc1nc(NC2CCCCC2)nc2nc(-c3ccco3)nn12)c1ccccc1,5.12
CC(C)Nc1nc(NC2CCCCC2)n2nc(-c3ccco3)nc2n1,6.1
CNc1nc(NCc2ccccc2)n2nc(-c3ccco3)nc2n1,5.56
CNc1nc(NC(=O)Cc2ccccc2)n2nc(-c3ccco3)nc2n1,5.05
CNc1nc(N)n2nc(-c3ccco3)nc2n1,5.59
c1coc(-c2nc3nc(NC4CCCCC4)nc(NC4CCCCC4)n3n2)c1,6.51
Nc1nc(NCc2ccccc2)nc2nc(-c3ccco3)nn12,7.02
c1ccc(Oc2nc(NC3CCCCC3)n3nc(-c4ccco4)nc3n2)cc1,6.12
O=C(Nc1nc(NCc2ccccc2)nc2nc(-c3ccco3)nn12)c1ccccc1,5.84
O=C(Cc1ccccc1)Nc1nc(NC2CCCCC2)nc2nc(-c3ccco3)nn12,6.0
CN(CCCc1ccccn1)C(=O)c1cnc2c(CNC(=O)c3nc(N)nc4c(F)cccc34)cccc2c1,6.68
Nc1nc(C(=O)NCc2cccc3[nH]cnc23)c2cccc(F)c2n1,6.55
Nc1nc(C(=O)NCc2cccc3cc(C(=O)N4CCCc5ccccc54)cnc23)c2cccc(F)c2n1,6.8
Nc1cc(C(=O)NCc2cccc3cccnc23)c2ccccc2n1,4.75
Nc1nc(C(=O)NCc2cccc3cccnc23)c2cc(Cl)cc(Cl)c2n1,7.3
Nc1nc(C(=O)NCc2cccc3cc(C(=O)NCCCCCc4ccccc4)cnc23)c2cccc(F)c2n1,6.8
COc1ccnc2c(CNC(=O)c3nc(N)nc4c(F)cccc34)cccc12,7.16
Nc1nc(C(=O)NCc2cccc3cccnc23)c2cccc(Cl)c2n1,6.67
Nc1nc(C(=O)NCc2cccc3cccnc23)c2cccc(C(F)(F)F)c2n1,5.89
Nc1nc(C(=O)NCc2cccc3c2OCCN3)c2cccc(F)c2n1,6.87
CCCCOc1ccnc2c(CNC(=O)c3nc(N)nc4c(F)cccc34)cccc12,6.13
CSc1cccc2c(C(=O)NCc3cccc4cccnc34)nc(N)nc12,6.88
Nc1nc(C(=O)NCc2cccc3cccnc23)c2cccc(I)c2n1,7.48
Nc1nc(C(=O)NCc2cccc3cccnc23)c2cc(F)c(F)cc2n1,7.4
CCOc1ccnc2c(CNC(=O)c3nc(N)nc4c(F)cccc34)cccc12,6.6
COCCOc1ccc(N2CCN(C(=O)c3cnc4c(CNC(=O)c5nc(N)nc6c(F)cccc56)cccc4c3)CC2)cc1,6.92
Cc1ccccc1CNC(=O)c1nc(N)nc2c(F)cccc12,6.94
Nc1nc(C(=O)NCc2cccc3cccnc23)c2cccc(-c3cncnc3)c2n1,5.2
Nc1nc(C(=O)NCc2cccc3cccnc23)c2ccc(F)cc2n1,7.51
Nc1nc(C(=O)NCc2cccc3c(C(=O)N4CCN(c5ccccc5)CC4)ccnc23)c2cccc(F)c2n1,5.22
Nc1nc(C(=O)NCc2cccc3c2NCCC3)c2cccc(F)c2n1,6.67
Cn1nccc1-c1cccc2c(C(=O)NCc3cccc4cccnc34)nc(N)nc12,5.22
Nc1nc(C(=O)NCc2cccc3cc(C(=O)N4CCN(c5ccccn5)CC4)cnc23)c2cccc(F)c2n1,6.96
Cc1cccc(CNC(=O)c2nc(N)nc3c(F)cccc23)c1,6.95
Nc1nc(C(=O)NCc2ccnc3ccccc23)c2cccc(F)c2n1,5.0
Nc1nc(C(=O)NCCc2ccccc2)c2cccc(F)c2n1,6.25
Nc1nc(C(=O)NCCc2ccccn2)c2cccc(F)c2n1,6.22
Nc1nc(C(=O)NCc2ccc3ccccc3n2)c2cccc(F)c2n1,7.11
Nc1nc(C(=O)NCc2cccc3cccnc23)c2ccccc2n1,7.05
Nc1nc(C(=O)NCc2cccc3ccccc23)c2cccc(F)c2n1,7.05
Nc1nc(C(=O)NCC2CCCCC2)c2cccc(F)c2n1,6.77
Nc1nc(C(=O)NCc2cccc3cc[nH]c23)c2cccc(F)c2n1,7.27
Nc1nc(C(=O)NCc2cccc3cccnc23)c2cccc(OC(F)(F)F)c2n1,7.7
CCn1cnc2c(CNC(=O)c3nc(N)nc4c(F)cccc34)cccc21,7.62
N#Cc1cccc2c(C(=O)NCc3cccc4cccnc34)nc(N)nc12,6.47
Nc1nc(C(=O)NCc2cccc3cccnc23)c2cc(F)ccc2n1,6.46
Nc1nc(C(=O)NCc2cccc3c2C(=O)NC3)c2cccc(F)c2n1,8.27
CC(NC(=O)c1nc(N)nc2c(F)cccc12)c1cccc2cccnc12,7.24
Nc1nc(C(=O)NCc2nccc3ccccc23)c2cccc(F)c2n1,7.08
Nc1nc(C(=O)NCc2ccccc2)c2cccc(F)c2n1,7.08
COc1cccc2c(C(=O)NCc3cccc4cccnc34)nc(N)nc12,8.22
Nc1nc(C(=O)NCc2cccc3cccnc23)c2cccc(Br)c2n1,8.0
Nc1nc(C(=O)NCc2cncc3ccccc23)c2cccc(F)c2n1,7.11
OC1CCCC1Nc1ncnc2c1ncn2C1OC(CSc2ccccc2F)C(O)C1O,6.95
Nc1nc(-c2ccco2)nc2cn(-c3ccccc3O)nc12,6.43
Cc1ccc(-c2nc(N)c3nn(Cc4cccc(O)c4)cc3n2)o1,7.19
COc1cccc(Cn2cc3nc(-c4ccc(C)o4)nc(N)c3n2)c1,6.92
Nc1nc(-c2ccco2)nc2cn(Cc3ccccc3O)nc12,6.62
Cc1ccc(-c2nc(N)c3nn(Cc4cccc(F)c4)cc3n2)o1,6.6
Cc1nc(N)c2nn(-c3ccccc3F)cc2n1,6.39
Cc1ccc(-c2nc(N)c3nn(Cc4ccccc4)cc3n2)o1,6.87
COc1ccccc1Cn1cc2nc(-c3ccc(C)o3)nc(N)c2n1,7.75
Cc1ccc(-c2nc(N)c3nn(Cc4ccccc4Cl)cc3n2)o1,7.22
Cc1ccc(-c2nc(N)c3nn(Cc4ccccc4F)cc3n2)o1,6.51
COc1ccccc1-n1cc2nc(Cc3ccccc3)nc(N)c2n1,6.99
COc1ccccc1-n1cc2nc(CCCc3ccccc3)nc(N)c2n1,7.31
Nc1nc(-c2ccco2)nc2cn(-c3ccccc3)nc12,6.69
Cc1ccc(-c2nc(N)c3nn(Cc4ccccc4O)cc3n2)o1,6.96
Nc1nc(-c2cccs2)nc2cn(-c3ccccc3O)nc12,6.8
COc1ccccc1Cn1cc2nc(-c3ccco3)nc(N)c2n1,7.01
CNC(=O)C12CC1C(n1cnc3c(OC)nc(C#Cc4ccc(Cl)s4)nc31)C(O)C2O,6.1
CNC(=O)C12CC1C(n1cnc3c(C)nc(C#Cc4ccc(F)c(F)c4)nc31)C(O)C2O,5.26
O=c1oc2c(O)cccc2cc1-c1ccsc1,5.23
O=c1oc2c(O)cccc2cc1-c1cccs1,5.47
O=c1oc2c(O)c(O)ccc2cc1-c1cccs1,5.49
Fc1cccc(F)c1Nc1nc2c(Cl)ncnc2s1,4.75
Clc1ccc(Nc2nc3c(Cl)ncnc3s2)cc1,4.6
CCN(CC)c1ncnc2sc(Nc3ccc(Cl)cc3)nc12,4.78
COc1ccc(Nc2nc3c(Cl)ncnc3s2)cc1,4.94
Fc1cccc(F)c1Nc1nc2c(N3CCCC3)ncnc2s1,5.64
OCC1CCCN1c1ncnc2sc(Nc3ccc(Cl)cc3)nc12,6.2
COc1cc(Nc2nc3c(N4CCCC4CO)ncnc3s2)cc(OC)c1OC,6.01
Cc1ccc(Nc2nc3c(N4CCCC4CO)ncnc3s2)cc1,6.4
O=C(Nc1nc2c(Cl)ncnc2s1)c1ccccc1,5.14
Clc1ncnc2sc(Nc3cccc(Br)c3)nc12,4.9
OCC1CCCN1c1ncnc2sc(Nc3ccccc3)nc12,6.26
CCCn1c(=O)c2c(nc3n2CCCN3c2ccc(OCCN3CCCC3)cc2)n(CCC)c1=O,5.7
CCCCn1c(=O)c2c(nc3n2CCCN3c2ccc(OCCN3CCCCC3)cc2)n(CCCC)c1=O,6.15
CCCCn1c(=O)c2c(nc3n2CCCN3c2ccc(OCCN(C)C)cc2)n(CCCC)c1=O,6.27
CCCCn1c(=O)c2c(nc3n2CCCN3c2ccc(OCCN3CCCC3)cc2)n(CCCC)c1=O,6.18
CCCCn1c(=O)c2c(nc3n2CCCN3CCc2ccc(OCCN(CC)CC)cc2)n(CCCC)c1=O,5.81
CCCCn1c(=O)c2c(nc3n2CCCN3c2ccc(OCCN(CC)CC)cc2)n(CCCC)c1=O,5.92
COC(=O)C12CC1C(n1cnc3c(NC(C4CC4)C4CC4)nc(Cl)nc31)C(O)C2O,6.36
Nc1nc(Cl)nc2c1ncn2C1OC(CO)C(O)C1O,8.55
CCOC(=O)C12CC1C(n1cnc3c(NC(C4CC4)C4CC4)nc(Cl)nc31)C(O)C2O,6.44
CC(=O)NCCNC(=O)C12CC1C(n1cnc3c(NC(C4CC4)C4CC4)nc(Cl)nc31)C(O)C2O,6.4
OCC12CC1C(n1cnc3c(NC(C4CC4)C4CC4)nc(Cl)nc31)C(O)C2O,7.41
CCC(Nc1nc(Cl)nc2c1ncn2C1C(O)C(O)C2(CO)CC12)C1CC1,7.12
CNC(=O)C12CC1C(n1cnc3c(NC(C4CC4)C4CC4)nc(Cl)nc31)C(O)C2O,6.96
CCC(CC)Nc1nc(Cl)nc2c1ncn2C1C(O)C(O)C2(CO)CC12,6.95
CC(C)C(Nc1nc(Cl)nc2c1ncn2C1C(O)C(O)C2(CO)CC12)C1CC1,6.99
CCCOC(=O)C12CC1C(n1cnc3c(NC(C4CC4)C4CC4)nc(Cl)nc31)C(O)C2O,6.36
OCC12CC1C(n1cnc3c(NC(C4CCC4)C4CC4)nc(Cl)nc31)C(O)C2O,6.84
OCCCNc1ncc(-c2cccc(Cl)c2)c(-c2ccccc2)n1,7.23
Nc1ncc(-c2ccnc(C3CC3)c2)c(-c2ccccc2)n1,8.75
OC1CCC(Nc2ncc(-c3cccc(Cl)c3)c(-c3ccccc3)n2)CC1,7.52
OCCCCNc1ncc(-c2cccc(Cl)c2)c(-c2ccccc2)n1,6.89
COc1ccc(-c2cnc(N)nc2-c2ccccc2)cc1Cl,7.52
Nc1ncc(-c2ccc(Cl)c(Cl)c2)c(-c2ccccc2)n1,7.42
CCCC(=O)Nc1ncc(-c2cccc(Cl)c2)c(-c2ccccc2)n1,6.97
COc1cccc(-c2cnc(N)nc2-c2ccccc2)c1,7.27
Nc1ncc(-c2ccc(O)c(O)c2)c(-c2ccccc2)n1,7.92
Oc1ccc(-c2cnc(NC3CCC(O)CC3)nc2-c2ccccc2)cc1Cl,9.26
Nc1ncc(-c2ccncc2)c(-c2ccccc2)n1,7.77
Nc1ncc(-c2cccc(C(F)(F)F)c2)c(-c2ccccc2)n1,7.85
OC1CCC(Nc2ncc(-c3ccnc(C4CC4)c3)c(-c3ccccc3)n2)CC1,8.97
Nc1ncc(-c2cccc(O)c2)c(-c2ccccc2)n1,6.84
Nc1ncc(-c2ccc(O)cc2)c(-c2ccccc2)n1,8.85
Cc1cccc(-c2cnc(N)nc2-c2ccccc2)c1,6.69
OCCNc1ncc(-c2cccc(Cl)c2)c(-c2ccccc2)n1,6.75
Clc1cccc(-c2cnc(NC3CCCC3)nc2-c2ccccc2)c1,7.03
Nc1ncc(-c2ccc(O)c(Cl)c2)c(-c2ccccc2)n1,9.34
OC1CCC(Nc2ncc(-c3ccc4ccccc4c3)c(-c3ccccc3)n2)CC1,8.11
Nc1ncc(-c2ccc3ccccc3c2)c(-c2ccccc2)n1,7.75
Nc1nc(NCCCc2ccccc2)nc2sc(-c3ccco3)nc12,7.31
COc1ccccc1CNc1nc(N)c2nc(-c3ccco3)sc2n1,8.45
Nc1nc(NCc2cccc(F)c2)nc2sc(-c3ccco3)nc12,8.07
CCCCNc1nc(N)c2nc(-c3ccco3)sc2n1,7.39
Nc1nc(NCCc2ccc(O)c(O)c2)nc2sc(-c3ccco3)nc12,7.41
Nc1nc(NCCc2cccc(O)c2)nc2sc(-c3ccco3)nc12,9.64
COc1cccc(CNc2nc(N)c3nc(-c4ccco4)sc3n2)c1,8.09
COc1ccc(CCNc2nc(N)c3nc(-c4ccco4)sc3n2)cc1OC,6.66
COc1cccc(CCNc2nc(N)c3nc(-c4ccco4)sc3n2)c1,9.04
Nc1nc(NCc2cccc(O)c2)nc2sc(-c3ccco3)nc12,7.57
COc1ccc(CCNc2nc(N)c3nc(-c4ccco4)sc3n2)cc1,7.21
Nc1nc(NCCc2ccccc2)nc2sc(-c3ccco3)nc12,7.62
Nc1nc(NCCc2ccc(O)cc2)nc2sc(-c3ccco3)nc12,7.43
Nc1nc(Nc2ccccc2)nc2sc(-c3ccco3)nc12,6.19
COc1ccc(CNc2nc(N)c3nc(-c4ccco4)sc3n2)cc1,6.79
CCCNc1nc(N)c2nc(-c3ccco3)sc2n1,7.19
CCCn1c(Nc2cccc(C(F)(F)F)c2)nc2nc(C3CCCC3)[nH]c2c1=O,6.43
CCCn1c(Oc2cccnc2Cl)nc2nc(C3CCCC3)[nH]c2c1=O,8.44
CCCn1c(Oc2cncc(Cl)c2)nc2nc(C3CCCC3)[nH]c2c1=O,7.92
CCCn1c(NCc2cccc(Cl)c2)nc2nc(C3CCCC3)[nH]c2c1=O,6.92
CCCn1c(OC2CCC(O)C2)nc2nc(C3CCCC3)[nH]c2c1=O,7.24
CCCn1c(Oc2cccc(C(F)(F)F)c2)nc2nc(C3CCCC3)[nH]c2c1=O,7.72
CCCn1c(OC2CCOCC2)nc2nc(C3CCCC3)[nH]c2c1=O,7.7
CCCn1c(NCc2ccc(C)cc2)nc2nc(C3CCCC3)[nH]c2c1=O,7.57
CCCn1c(NCc2ccc(C(F)(F)F)cc2)nc2nc(C3CCCC3)[nH]c2c1=O,7.64
CCCn1c(Oc2ccc(F)c(F)c2)nc2nc(C3CCCC3)[nH]c2c1=O,7.64
CCCn1c(Oc2cccc3cc[nH]c23)nc2nc(C3CCCC3)[nH]c2c1=O,8.26
CCCn1c(OC2CCOC2)nc2nc(C3CCCC3)[nH]c2c1=O,7.3
CCCn1c(Oc2cccnc2C)nc2nc(C3CCCC3)[nH]c2c1=O,8.18
CCCn1c(-c2cccc(OC)c2)nc2nc(C3CCCC3)[nH]c2c1=O,7.8
CCCn1c(Oc2cccc3[nH]ccc23)nc2nc(C3CCCC3)[nH]c2c1=O,7.13
CCCn1c(Nc2cccc(F)c2)nc2nc(C3CCCC3)[nH]c2c1=O,5.35
CCCn1c(-c2cccc(O)c2)nc2nc(C3CCCC3)[nH]c2c1=O,9.0
CCCn1c(Oc2ccc(C)nc2)nc2nc(C3CCCC3)[nH]c2c1=O,6.2
CCCn1c(OC2CCCC2)nc2nc(C3CCCC3)[nH]c2c1=O,7.85
CCCn1c(Oc2ccc3[nH]ccc3c2)nc2nc(C3CCCC3)[nH]c2c1=O,7.44
CCCn1c(=O)c2[nH]c(-c3cnn(CC4CC(=O)N(c5ccc(C(F)(F)F)cc5)C4)c3)nc2n(CCC)c1=O,6.97
CCCn1c(=O)c2[nH]c(-c3cnn(CC4CCN(c5ccc(OC(F)(F)F)cc5)C4=O)c3)nc2n(CCC)c1=O,6.47
CCCn1c(=O)c2[nH]c(-c3cnn(CC4CC(=O)N(c5ccc(F)cc5)C4)c3)nc2n(CC)c1=O,6.46
CCCn1c(=O)c2[nH]c(-c3cnn(CC4CC(=O)N(c5ccc(C(F)(F)F)cc5)C4)c3)nc2n(CC)c1=O,6.17
CCCn1c(=O)c2[nH]c(-c3cc(OCC4CC(=O)N(c5ccc(C(F)(F)F)cc5)C4)no3)nc2n(CCC)c1=O,5.38
CCCn1c(=O)c2[nH]c(-c3cnn(CC(=O)N4CCN(c5cccc(C(F)(F)F)c5)CC4)c3)nc2n(CCC)c1=O,6.75
CCCn1c(=O)c2[nH]c(-c3cnn(CC4CC(=O)N(c5ccc(OC)cc5)C4)c3)nc2n(CC)c1=O,6.15
COc1ccc(N2CCOCC2)c2sc(NC(=O)C(C)(C)Oc3ccc(F)c(F)c3)nc12,5.96
COc1ccc(N2CCOCC2)c2sc(NC(=O)C3(C)CCC(C)(O)CC3)nc12,5.54
COc1cnc(N2CCOCC2)c2sc(NC(=O)C(C)(C)Oc3ccc(F)cc3)nc12,6.3
COc1ccc(N2CCOCC2)c2sc(NC(=O)C3(C)CCC(O)CC3)nc12,7.05
CCN(CC)C1CCC(C)(C(=O)Nc2nc3c(OC)ccc(N4CCOCC4)c3s2)CC1,5.92
CNC(=O)C1[Se]C(n2cnc3c(NCc4ccccc4OC)ncnc32)C(O)C1O,5.73
CNC(=O)C1[Se]C(n2cnc3c(NCc4cccc(Cl)c4)ncnc32)C(O)C1O,6.24
CNC(=O)C1[Se]C(n2cnc3c(NC)ncnc32)C(O)C1O,5.69
CNC(=O)C1[Se]C(n2cnc3c(NCc4cccc(I)c4)nc(Cl)nc32)C(O)C1O,6.51
CNC(=O)C1[Se]C(n2cnc3c(NCc4cccc(I)c4)ncnc32)C(O)C1O,6.32
CNC(=O)C1[Se]C(n2cnc3c(NC4CCCC4)nc(Cl)nc32)C(O)C1O,7.23
CNC(=O)C1[Se]C(n2cnc3c(NCc4cccc(Br)c4)ncnc32)C(O)C1O,6.66
CNC(=O)C1[Se]C(n2cnc3c(NC4CCC4)nc(Cl)nc32)C(O)C1O,7.21
CNC(=O)C1[Se]C(n2cnc3c(NCc4cccc(F)c4)ncnc32)C(O)C1O,5.48
CNC(=O)C1[Se]C(n2cnc3c(NCc4cccc(Cl)c4)nc(Cl)nc32)C(O)C1O,6.63
CNC(=O)C1[Se]C(n2cnc3c(NC4CC4c4ccccc4)ncnc32)C(O)C1O,6.38
CNC(=O)C1[Se]C(n2cnc3c(NC4CCC4)ncnc32)C(O)C1O,7.43
CNC(=O)C1[Se]C(n2cnc3c(NC4CC4)nc(Cl)nc32)C(O)C1O,6.73
CNC(=O)C1[Se]C(n2cnc3c(NC4CC4)ncnc32)C(O)C1O,7.08
Nc1nc(-c2ccc(OCc3ccccc3)cc2)cn2c(=O)n(-c3ccccc3)nc12,5.43
O=c1[nH]c(-c2cccc(O)c2)cn2c(=O)n(-c3ccccc3)nc12,6.16
Cc1cn2c(=O)n(-c3ccc(O)cc3)nc2c(N)n1,6.0
Nc1nc(-c2cccc(O)c2)cn2c(=O)n(-c3ccccc3)nc12,7.85
Nc1nc(-c2ccccc2)cn2c(=O)n(-c3ccc([N+](=O)[O-])cc3)nc12,8.09
Cc1cn2c(=O)n(-c3ccc(O)cc3)nc2c(=O)[nH]1,5.24
Nc1ccc(-n2nc3c(=O)[nH]c(-c4ccccc4)cn3c2=O)cc1,6.61
COc1ccc(-n2nc3c(N)nc(-c4ccccc4)cn3c2=O)cc1,7.7
COc1cccc(-c2cn3c(=O)n(-c4ccccc4)nc3c(N)n2)c1,7.36
Nc1nc(-c2ccccc2)cn2c(=O)n(-c3ccc(O)cc3)nc12,7.75
Nc1ccc(-n2nc3c(N)nc(-c4ccccc4)cn3c2=O)cc1,8.05
Nc1nc(-c2ccccc2)cn2c(=O)n(-c3ccccc3O)nc12,7.33
Cc1cn2c(=O)n(-c3ccccc3)nc2c(N)n1,7.17
COc1ccc(-n2nc3c(N)nc(C)cn3c2=O)cc1,5.76
COc1ccccc1-n1nc2c(=O)[nH]c(-c3ccccc3)cn2c1=O,5.67
O=c1[nH]c(-c2ccc(O)cc2)cn2c(=O)n(-c3ccccc3)nc12,6.21
COc1ccccc1-n1nc2c(N)nc(-c3ccccc3)cn2c1=O,6.61
OC1C(CCl)OC(n2cnc3c(Nc4ccc(Cl)cc4F)nc(Cl)nc32)C1O,7.95
Cc1cc(C)cc(-c2nc(Nc3ccc(Cl)cc3F)c3ncn(C4OC(Cn5nc(C)cc5C)C(O)C4O)c3n2)c1,7.04
Cc1cc(C)n(CC2OC(n3cnc4c(Nc5ccc(Cl)cc5F)nc(Cl)nc43)C(O)C2O)n1,6.86
Cc1cc(C)n(CC2OC(n3cnc4c(Nc5ccc(Cl)cc5F)ncnc43)C(O)C2O)n1,6.8
Cc1cc(C)n(CC2OC(n3cnc4c(NC5CCOC5)nc(Cl)nc43)C(O)C2O)n1,6.36
Cc1cc(C)n(CC2OC(n3cnc4c(NC5CCOC5)ncnc43)C(O)C2O)n1,6.31
OC1C(CCl)OC(n2cnc3c(Nc4ccc(Cl)cc4F)ncnc32)C1O,8.73
OC1C(CCl)OC(n2cnc3c(NC4CCOC4)nc(Cl)nc32)C1O,8.46
Cc1cc(C)n(CC2OC(n3cnc4c(NC5CCCC5)nc(Cl)nc43)C(O)C2O)n1,7.73
Cc1cc(C)cc(-c2nc(NC3CCOC3)c3ncn(C4OC(Cn5nc(C)cc5C)C(O)C4O)c3n2)c1,7.61
Cc1cc(C)cc(-c2nc(NC3CC4CCC3C4)c3ncn(C4OC(Cn5nc(C)cc5C)C(O)C4O)c3n2)c1,7.23
Cc1cc(C)n(CC2OC(n3cnc4c(NC5CC6CCC5C6)ncnc43)C(O)C2O)n1,7.59
Cc1cc(C)cc(-c2nc(NC3CCCC3)c3ncn(C4OC(Cn5nc(C)cc5C)C(O)C4O)c3n2)c1,8.1
Cc1cc(C)n(CC2OC(n3cnc4c(NC5CC6CCC5C6)nc(Cl)nc43)C(O)C2O)n1,8.36
OC1C(CCl)OC(n2cnc3c(NC4CCOC4)ncnc32)C1O,8.72
Cc1cc(C)n(CC2OC(n3cnc4c(NC5CCCC5)ncnc43)C(O)C2O)n1,6.94
COc1cccc(-c2cc(NC(C)=O)nc(-c3cccc(OC)c3)c2)c1,6.62
CC(=O)Nc1cc(-c2ccccc2)cc(-c2ccccc2)n1,7.68
CC(=O)Nc1cc(-c2ccc3c(c2)OCO3)cc(-c2ccc3c(c2)OCO3)n1,7.04
Nc1nc(Br)cn2cc(-c3ccccc3)nc12,6.38
Nc1nc(-c2ccccc2)cn2cc(-c3ccccc3)nc12,6.75
COc1ccc(-c2cn3cc(-c4ccccc4)nc(N)c3n2)cc1,6.28
Nc1nc(-c2ccccc2)cn2cc(-c3ccco3)nc12,6.84
Nc1nc(-c2ccco2)cn2cc(-c3ccco3)nc12,6.5
Nc1nc(Br)cn2cc(-c3ccco3)nc12,6.68
CCn1nnc(C2OC(n3cnc4c(NCc5cccs5)nc(Cl)nc43)C(O)C2O)n1,8.22
CCn1nnc(C2OC(n3cnc4c(NCc5ccco5)ncnc43)C(O)C2O)n1,7.97
CCn1nnc(C2OC(n3cnc4c(NCc5cccc(F)c5)nc(Cl)nc43)C(O)C2O)n1,8.22
CCn1nnc(C2OC(n3cnc4c(NCc5cccc(F)c5)ncnc43)C(O)C2O)n1,8.43
CCn1nnc(C2OC(n3cnc4c(NCc5ccc(Cl)cc5F)ncnc43)C(O)C2O)n1,8.37
CCn1nnc(C2OC(n3cnc4c(NCc5ccco5)nc(Cl)nc43)C(O)C2O)n1,8.12
CCn1nnc(C2OC(n3cnc4c(NCC5CC5)nc(Cl)nc43)C(O)C2O)n1,9.34
CCn1nnc(C2OC(n3cnc4c(NCc5cccs5)ncnc43)C(O)C2O)n1,8.45
CCn1nnc(C2OC(n3cnc4c(NCc5cccc(Cl)c5)nc(Cl)nc43)C(O)C2O)n1,8.57
CCn1nnc(C2OC(n3cnc4c(NCC5CC5)ncnc43)C(O)C2O)n1,9.36
CCn1nnc(C2OC(n3cnc4c(NCc5cccc(Br)c5)nc(Cl)nc43)C(O)C2O)n1,8.75
CCn1nnc(C2OC(n3cnc4c(NCc5cccc(Cl)c5)ncnc43)C(O)C2O)n1,8.85
CCn1nnc(C2OC(n3cnc4c(NCc5cccc(Br)c5)ncnc43)C(O)C2O)n1,9.02
CCn1nnc(C2OC(n3cnc4c(NCc5ccc(Cl)cc5F)nc(Cl)nc43)C(O)C2O)n1,7.75
CCn1nc(-c2nccs2)c2sccc2c1=O,6.95
CCn1nc(-c2ccccn2)c2sccc2c1=O,6.11
Nn1nc(-c2ccccn2)c2sccc2c1=O,5.43
Nn1nc(-c2cccs2)c2sccc2c1=O,5.45
CC(C)n1nc(-c2ccccn2)c2sccc2c1=O,6.04
CCn1nc(-c2ccccc2)c2sccc2c1=O,5.57
O=C(Nc1nc2cccc(Cl)c2[nH]1)c1ccccc1,6.0
COc1cccc(COC(=O)c2nn(-c3ccccc3)nc2N)c1,6.66
Nc1nc(NCc2ccccc2)nc2sc(-c3ccccc3)nc12,7.43
Nc1nc(NCc2cccs2)nc2sc(-c3cnccn3)nc12,6.47
COc1ccccc1CNc1nc(N)c2nc(-c3cnccn3)sc2n1,6.95
Cc1nc2c(N)nc(NCc3ccccc3)nc2s1,6.48
Cc1nc2c(N)nc(Nc3ccccc3)nc2s1,6.26
COc1cccc(CNc2nc(N)c3nc(-c4ccccc4)sc3n2)c1,7.5
COc1cccc(CNc2nc(N)c3nc(-c4cnccn4)sc3n2)c1,6.6
Nc1nc(NCCc2ccccc2)nc2sc(-c3ccccc3)nc12,6.92
Nc1nc(NCc2cccs2)nc2sc(-c3ccccc3)nc12,7.37
COc1cccc(CNc2nc(N)c3nc(C)sc3n2)c1,6.71
Cc1nc2c(N)nc(NCc3cccs3)nc2s1,6.28
COc1ccc(CCNc2nc(N)c3nc(-c4ccccc4)sc3n2)cc1,6.31
Cc1nc2c(N)nc(NCCc3ccccc3)nc2s1,6.85
COc1ccccc1CNc1nc(N)c2nc(-c3ccccc3)sc2n1,7.99
Nc1nc(NCCc2ccc(O)cc2)nc2sc(-c3ccccc3)nc12,6.62
CCCn1c(-c2ccccc2)nc2c(N)ncnc21,7.0
Cc1ccccc1-c1nc2c(NC3CCCC3)ncnc2n1C,7.26
CCCn1c(-c2ccccc2)nc2c(NC3CCOC3)ncnc21,7.6
COc1ccc(-c2nc3c(NC4CCCC4)ncnc3n2C)cc1,7.12
CCCn1c(-c2ccccc2)nc2c(NC3CCC3)ncnc21,7.82
Cn1c(-c2ccc(F)cc2)nc2c(NC3CCCC3)ncnc21,8.21
Cn1c(-c2ccc(Cl)cc2)nc2c(NC3CCCC3)ncnc21,7.75
Cn1c(-c2ccccc2Cl)nc2c(NC3CCCC3)ncnc21,7.43
CCn1c(-c2ccccc2)nc2c(NC3CCCC3)ncnc21,8.41
Cn1c(-c2ccc(O)cc2)nc2c(NC3CCCC3)ncnc21,7.77
CCCn1c(-c2ccccc2)nc2c(NC3CCCCC3)ncnc21,7.57
Cn1c(-c2ccc(C(=O)O)cc2)nc2c(NC3CCCC3)ncnc21,4.27
CCn1c(-c2ccccc2)nc2c(NC3CCC3)ncnc21,8.22
Cn1c(-c2ccccc2)nc2c(N)ncnc21,7.64
Cc1cccc(-c2nc3c(NC4CCCC4)ncnc3n2C)c1,8.21
Cn1c(-c2ccccc2)nc2c(NC3CCCC3)ncnc21,8.55
CCn1c(-c2ccccc2)nc2c(N)ncnc21,7.51
CCn1c(-c2ccccc2)nc2c(NC3CCOC3)ncnc21,8.0
Cn1c(-c2cccnc2)nc2c(NC3CCCC3)ncnc21,6.62
Cn1c(-c2ccccc2)nc2c(NC3CCOC3)ncnc21,8.1
Cc1ccc(-c2nc3c(NC4CCCC4)ncnc3n2C)cc1,8.1
CCn1c(-c2ccccc2)nc2c(NC3CCCCC3)ncnc21,8.0
Cn1c(-c2ccccc2)nc2c(NC3CCCCC3)ncnc21,8.24
Cn1c(-c2cccc(Cl)c2)nc2c(NC3CCCC3)ncnc21,8.19
Cn1c(-c2ccccc2)nc2c(NC3CCC3)ncnc21,8.49
COc1cccc(CNc2nc(N)c3nc(-c4ccc(C)o4)sc3n2)c1,7.16
COc1ccccc1CNc1nc(N)c2nc(-c3ccc(C)o3)sc2n1,7.54
Nc1nc(NCCc2cccs2)nc2sc(-c3ccco3)nc12,8.31
Nc1nc(NCc2cccs2)nc2sc(-c3ccco3)nc12,7.9
Nc1nc(NCc2ccco2)nc2sc(-c3ccco3)nc12,7.42
Nc1nc(NCc2ccsc2)nc2sc(-c3ccco3)nc12,8.09
Nc1nc(NCCc2ccco2)nc2sc(-c3ccco3)nc12,8.28
Nc1nc(NCCc2cccnc2)nc2sc(-c3ccco3)nc12,8.58
Nc1nc(NCc2cccnc2)nc2sc(-c3ccco3)nc12,8.15
Nc1nc(NCc2cnccn2)nc2sc(-c3ccco3)nc12,7.6
COc1ccccc1CNc1nc(N)c2nc(-c3cccs3)sc2n1,7.76
Nc1nc(NCc2ccccn2)nc2sc(-c3ccco3)nc12,7.55
Nc1nc(NCc2cccs2)nc2sc(-c3cccs3)nc12,7.14
Cc1ccc(-c2nc3c(N)nc(NCc4cccs4)nc3s2)o1,7.15
Nc1nc(NCc2ccncc2)nc2sc(-c3ccco3)nc12,7.33
COc1cccc(CNc2nc(N)c3nc(-c4cccs4)sc3n2)c1,7.43
CCCn1c(=O)[nH]c2nc(-c3ccc(OCC(=O)NCCCCCC4=C5C(C)=CC(C)=[N+]5[B-](F)(F)n5c(C)cc(C)c54)cc3)[nH]c2c1=O,6.15
COCCOc1ccc(N2CCN(CCn3c(=O)n(C)c4c3nc(N)n3nc(-c5nccs5)nc43)CC2)cc1F,5.77
Cn1c(=O)n(CCN2CCN(c3ccc(C#N)cc3)CC2)c2nc(N)n3nc(-c4ccco4)nc3c21,5.3
N#Cc1c(N)nc(SCC(=O)NO)c(C#N)c1-c1ccc(OCC2CC2)cc1,6.27
CC(C)COc1ccc(-c2c(C#N)c(N)nc(SCC(N)=O)c2C#N)cc1,6.22
CCOc1ccc(-c2c(C#N)c(N)nc(SCc3ccn[nH]3)c2C#N)cc1,7.68
CCOc1ccc(-c2c(C#N)c(N)nc(SCc3ncc[nH]3)c2C#N)cc1,8.09
N#Cc1c(N)nc(SCc2cccnc2)c(C#N)c1-c1ccc(OCC2CC2)cc1,7.17
N#Cc1c(N)nc(SCC2=NCCN2)c(C#N)c1-c1ccc(OCC2CC2)cc1,6.32
N#Cc1c(N)nc(SCc2ccn[nH]2)c(C#N)c1-c1ccc(OCC2CC2)cc1,6.26
CCOc1ccc(-c2c(C#N)c(N)nc(SCC(N)=O)c2C#N)cc1,6.46
N#Cc1c(N)nc(SCc2ncn[nH]2)c(C#N)c1-c1ccc(OCC2CC2)cc1,6.47
C=CCOc1ccc(-c2c(C#N)c(N)nc(SCc3ccn[nH]3)c2C#N)cc1,7.36
N#Cc1c(N)nc(SCc2csc(N)n2)c(C#N)c1-c1ccc(OCC2CC2)cc1,6.85
C=C(C)COc1ccc(-c2c(C#N)c(N)nc(SCC(N)=O)c2C#N)cc1,6.06
COC(=O)c1cccc(CSc2nc(N)c(C#N)c(-c3ccc(OCC4CC4)cc3)c2C#N)c1,7.18
CCOc1ccc(-c2c(C#N)c(N)nc(SCC(=O)NC)c2C#N)cc1,6.98
C=CCOc1ccc(-c2c(C#N)c(N)nc(SCC(N)=O)c2C#N)cc1,6.49
N#Cc1c(N)nc(SCc2ncc[nH]2)c(C#N)c1-c1ccc(OCC2CC2)cc1,6.63
N#Cc1c(N)nc(SCc2cccc(C(N)=O)c2)c(C#N)c1-c1ccc(OCC2CC2)cc1,7.08
Nc1cc(-c2ccco2)c2oc(-c3ccco3)nc2c1,8.11
Cc1nc(Nc2ccccc2)sc1C(=O)c1cnc(N)n1-c1ccc(F)cc1,4.41
COc1ccc(-n2c(C(=O)c3sc(Nc4ccccc4)nc3C)cnc2N)cc1,4.31
Cc1nc(Nc2ccccc2)sc1C(=O)c1cnc(N)n1-c1ccc(Cl)cc1,4.47
CN(C)c1nc(NC(=O)c2ccccc2)sc1C(=O)c1cnc(N)n1-c1ccc(C(F)(F)F)cc1,4.71
COc1ccc(-n2c(C(=O)c3sc(Nc4ccc(Cl)cc4)nc3C)cnc2N)cc1,4.48
CN(C)c1nc(NC(=O)c2ccccc2)sc1C(=O)c1cnc(N)n1-c1ccc(Cl)cc1,4.59
Cc1nc(Nc2ccc(Cl)cc2)sc1C(=O)c1cnc(N)n1-c1ccc(F)cc1,4.7
Nc1ncc(C(=O)c2sc(Nc3ccccc3)nc2-c2ccccc2)n1-c1ccc(F)cc1,5.17
CCCCn1c(=O)c2nc(C34CC5CC(CC3C5)C4)[nH]c2n(CCCC)c1=O,9.15
NCCCCNC(=O)COc1ccc(CCCn2ncc3c2nc(N)n2nc(-c4ccco4)nc32)cc1,5.62
N=c1ccc2c(-c3ccc(C(=O)NCCCCNC(=O)COc4ccc(CCCn5ncc6c5nc(N)n5nc(-c7ccco7)nc65)cc4)cc3C(=O)O)c3ccc(N)c(S(=O)(=O)O)c3oc-2c1S(=O)(=O)O,5.78
NCCCCCNC(=O)COc1ccc(CCCn2ncc3c2nc(N)n2nc(-c4ccco4)nc32)cc1,5.72
NCCCNC(=O)COc1ccc(CCCn2ncc3c2nc(N)n2nc(-c4ccco4)nc32)cc1,5.89
CNc1ncc(C(=O)NCCc2ccccc2)c2nc(-c3ccco3)nn12,7.14
CCOC(=O)c1cnc(OCC)n2nc(-c3ccco3)nc12,5.39
CCOC(=O)c1cnc(NCCN)n2nc(-c3ccco3)nc12,5.63
CNc1ncc(C(=O)NC(C)(C)Cc2ccccc2)c2nc(-c3ccco3)nn12,7.42
CNc1ncc(C(=O)NCc2ccccc2)c2nc(-c3ccco3)nn12,7.63
CNc1ncc(C(=O)NCc2ccc(OC)cc2)c2nc(-c3ccco3)nn12,7.39
CNc1ncc(C(=O)OCc2cccc(F)c2)c2nc(-c3ccco3)nn12,6.89
CNc1ncc(C(=O)OCc2ccc(C)cc2)c2nc(-c3ccco3)nn12,6.72
CCOC(=O)c1cnc(NNc2ccccc2)n2nc(-c3ccco3)nc12,5.87
CNc1ncc(C(=O)NCc2ccc(OC)c(OC)c2)c2nc(-c3ccco3)nn12,6.61
CNc1ncc(C(=O)NCc2ccc(C)cc2)c2nc(-c3ccco3)nn12,7.33
CNc1ncc(C(=O)NCc2ccc(Cl)cc2)c2nc(-c3ccco3)nn12,6.86
CCOC(=O)c1cnc(NN)n2nc(-c3ccco3)nc12,5.68
CCc1ccc(COC(=O)c2cnc(NC)n3nc(-c4ccco4)nc23)cc1,6.92
CNc1ncc(C(=O)OCc2ccc(Cl)cc2)c2nc(-c3ccco3)nn12,6.67
CNc1ncc(C(=O)OCc2ccccc2OC)c2nc(-c3ccco3)nn12,7.26
CNc1ncc(C(=O)OCc2ccccc2)c2nc(-c3ccco3)nn12,6.56
CNc1ncc(C(=O)OCc2ccccc2Br)c2nc(-c3ccco3)nn12,6.5
CNc1ncc(C(=O)NCCc2ccc(OC)c(OC)c2)c2nc(-c3ccco3)nn12,6.75
CNc1ncc(C(=O)OC(c2ccccc2)c2ccccc2)c2nc(-c3ccco3)nn12,7.32
CNc1ncc(C(=O)OCc2ccc(OC)cc2)c2nc(-c3ccco3)nn12,6.99
CNc1ncc(C(=O)OCc2cccc(OC)c2)c2nc(-c3ccco3)nn12,7.46
COc1ccc(CNc2ncc(C(=O)NC(c3ccccc3)c3ccccc3)c3nc(-c4ccco4)nn23)cc1OC,6.91
CNc1ncc(C(=O)OC(C)c2ccccc2)c2nc(-c3ccco3)nn12,7.29
CCOC(=O)c1cnc(NNC(=O)OC(C)(C)C)n2nc(-c3ccco3)nc12,4.92
CNc1ncc(C(=O)NC(c2ccccc2)c2ccccc2)c2nc(-c3ccco3)nn12,7.55
CNc1ncc(C(=O)NCc2ccc(F)cc2)c2nc(-c3ccco3)nn12,6.6
CNc1ncc(C(=O)OCc2cccc(C)c2)c2nc(-c3ccco3)nn12,7.1
CNc1ncc(C(=O)NCCOc2ccccc2)c2nc(-c3ccco3)nn12,6.76
CCOC(=O)CNC(=O)c1cnc(NCC(=O)OCC)n2nc(-c3ccco3)nc12,4.66
CNc1ncc(C(=O)OC(C)C)c2nc(-c3ccco3)nn12,6.13
CNc1ncc(C(=O)OCc2ccc(F)cc2)c2nc(-c3ccco3)nn12,6.25
CNc1ncc(C(=O)OCc2ccccc2Cl)c2nc(-c3ccco3)nn12,6.46
CNc1ncc(C(=O)OCc2ccccc2C)c2nc(-c3ccco3)nn12,7.03
CNc1ncc(C(=O)NNc2ccccc2)c2nc(-c3ccco3)nn12,7.23
CNc1ncc(C(=O)NCc2ccc(C(F)(F)F)cc2)c2nc(-c3ccco3)nn12,5.42
CNc1ncc(C(=O)OCc2cccc(Cl)c2)c2nc(-c3ccco3)nn12,7.58
NCCOc1ccc(-c2cn3c(=O)n(-c4ccccc4)nc3c(N)n2)cc1,6.54
COc1c(C(C)(C)C)cc(-c2cn3c(=O)n(-c4ccccc4)nc3c(N)n2)cc1C(C)(C)C,6.96
Nc1nc(-c2ccc(NC(=O)CCNC(=O)CCCCC3CCSS3)cc2)cn2c(=O)n(-c3ccccc3)nc12,5.87
COc1cc(O)ccc1-c1cn2c(=O)n(-c3ccccc3)nc2c(N)n1,7.53
NCCC(=O)Nc1ccc(-c2cn3c(=O)n(-c4ccccc4)nc3c(N)n2)cc1,6.32
CC(C)(C)c1cc(C(=O)NCCOc2ccc(-c3cn4c(=O)n(-c5ccccc5)nc4c(N)n3)cc2)cc(C(C)(C)C)c1O,4.86
Nc1nc(-c2ccc(O)c(O)c2)cn2c(=O)n(-c3ccccc3)nc12,7.37
C=CC(=O)Nc1ccc(-c2cn3c(=O)n(-c4ccccc4)nc3c(N)n2)cc1,6.58
Nc1ccc(-c2cn3c(=O)n(-c4ccccc4)nc3c(N)n2)cc1,7.47
COc1ccc(-c2cn3c(=O)n(-c4ccccc4)nc3c(N)n2)cc1OC,7.23
COc1cc(-c2cn3c(=O)n(-c4ccccc4)nc3c(N)n2)cc(OC)c1OC,7.26
Nc1nc(-c2ccc(NC(=O)CCCCC3CCSS3)cc2)cn2c(=O)n(-c3ccccc3)nc12,8.08
NC(=O)COc1ccc(-c2cn3c(=O)n(-c4ccccc4)nc3c(N)n2)cc1,6.41
Nc1nc(-c2ccc(OCCNC(=O)CCCCC3CCSS3)cc2)cn2c(=O)n(-c3ccccc3)nc12,6.42
COc1ccc(-c2cn3c(=O)n(-c4ccccc4)nc3c(N)n2)c(OC)c1,7.55
Nc1nc(-c2cc(O)c(O)c(O)c2)cn2c(=O)n(-c3ccccc3)nc12,6.76
Cc1cc(-c2cn3c(=O)n(-c4ccccc4)nc3c(N)n2)cc(C)c1O,7.67
Nc1nc(-c2ccc3c(c2)OCO3)cn2c(=O)n(-c3ccccc3)nc12,7.89
COc1c(C)cc(-c2cn3c(=O)n(-c4ccccc4)nc3c(N)n2)cc1C,8.35
N#Cc1cccc(-c2nc(N)c3nc(-c4ccccc4)sc3n2)c1,6.23
COc1ccc(-c2nc(N)c3nc(-c4ccco4)sc3n2)cc1,7.32
Nc1nc(-c2cccc(CO)c2)nc2sc(-c3ccco3)nc12,7.55
Nc1nc(-c2ccco2)nc2sc(-c3ccccc3)nc12,7.17
Cc1nc(N)c2nc(-c3ccccc3)sc2n1,7.47
N#Cc1cccc(-c2nc(N)c3nc(-c4ccco4)sc3n2)c1,6.99
COc1cccc(-c2nc(N)c3nc(-c4ccco4)sc3n2)c1,7.21
Nc1nc(-c2ccc(CO)cc2)nc2sc(-c3ccccc3)nc12,7.09
Nc1nc(-c2cccc(O)c2)nc2sc(-c3ccco3)nc12,7.29
COc1ccc(C(=O)Nc2nc(C)nc3sc(-c4ccccc4)nc23)cc1,5.83
Nc1nc(-c2cccc(CO)c2)nc2sc(-c3ccccc3)nc12,7.5
O=C(Nc1nc(-c2ccccc2)nc2sc(-c3ccco3)nc12)c1ccco1,6.58
COc1cccc(-c2nc(N)c3nc(-c4ccccc4)sc3n2)c1,6.75
Nc1nc(-c2ccc(CO)cc2)nc2sc(-c3ccco3)nc12,7.11
Nc1nc(-c2ccccc2)nc2sc(-c3ccco3)nc12,7.48
Cc1ccc(-c2nc(N)c3nc(-c4ccco4)sc3n2)o1,7.34
Cc1nc(NC(=O)c2ccccc2)c2nc(-c3ccccc3)sc2n1,6.03
Cc1ccc(-c2nc(N)c3nc(-c4ccccc4)sc3n2)o1,7.54
Nc1nc(-c2ccco2)nc2sc(-c3ccco3)nc12,7.16
Cc1sc2nc(N)nc(-n3cncn3)c2c1C,4.39
Nc1nc(-n2ccnc2)c2c3c(sc2n1)CCCC3,4.98
CCCn1c(=O)[nH]c2nc(-c3ccc(S(=O)(=O)N4CCN(c5ccc(Cl)c(O)c5)CC4)cc3)[nH]c2c1=O,6.95
CCCn1c(=O)[nH]c2nc(-c3ccc(S(=O)(=O)N4CCN(c5ccccc5C)CC4)cc3)[nH]c2c1=O,6.38
CCCn1c(=O)[nH]c2nc(-c3ccc(S(=O)(=O)N4CCN(c5ccccc5)CC4)cc3)[nH]c2c1=O,6.44
CCCn1c(=O)[nH]c2nc(-c3ccc(S(=O)(=O)N4CCN(Cc5ccc(Br)c(F)c5)CC4)cc3)[nH]c2c1=O,6.49
CCCn1c(=O)[nH]c2nc(-c3ccc(S(=O)(=O)N4CCN(Cc5cccc(OC)c5)CC4)cc3)[nH]c2c1=O,6.69
CCCn1c(=O)[nH]c2nc(-c3ccc(S(=O)(=O)N4CCN(c5ccc(O)cc5)CC4)cc3)[nH]c2c1=O,6.45
CCCn1c(=O)[nH]c2nc(-c3ccc(S(=O)(=O)N(C)CCc4ccccc4)cc3)[nH]c2c1=O,5.99
CCCn1c(=O)[nH]c2nc(-c3ccc(S(=O)(=O)N4CCN(Cc5ccc(OCCO)cc5)CC4)cc3)[nH]c2c1=O,6.25
CCCn1c(=O)[nH]c2nc(-c3ccc(S(=O)(=O)N4CCN(c5ccc(Cl)c(OC)c5)CC4)cc3)[nH]c2c1=O,6.27
CCCn1c(=O)[nH]c2nc(-c3ccc(S(=O)(=O)N4CCN(Cc5ccc(OCCOCCOC)cc5)CC4)cc3)[nH]c2c1=O,6.0
CCCn1c(=O)[nH]c2nc(-c3ccc(S(=O)(=O)N4CCN(Cc5ccc(N=[N+]=[N-])cc5)CC4)cc3)[nH]c2c1=O,6.31
CCCn1c(=O)[nH]c2nc(-c3ccc(S(=O)(=O)N4CCN(Cc5cccc(C)c5)CC4)cc3)[nH]c2c1=O,6.1
CCCn1c(=O)[nH]c2nc(-c3ccc(S(=O)(=O)N4CCN(Cc5cccc(Br)c5)CC4)cc3)[nH]c2c1=O,6.03
Nc1nc(NN=Cc2ccc(C(F)(F)F)cc2)nc2c1ncn2C1OC(CO)C(O)C1O,7.43
Nc1nc(NN=Cc2ccc(-c3ccccc3)cc2)nc2c1ncn2C1OC(CO)C(O)C1O,5.11
Nc1nc(NN=CC2CCCC2)nc2c1ncn2C1OC(CO)C(O)C1O,8.25
Nc1nc(NN=Cc2cccc(OCc3ccccc3)c2)nc2c1ncn2C1OC(CO)C(O)C1O,7.89
Nc1nc(NN=Cc2ccc3ncccc3c2)nc2c1ncn2C1OC(CO)C(O)C1O,8.01
Nc1nc(NN=Cc2ccc(-c3ccccn3)cc2)nc2c1ncn2C1OC(CO)C(O)C1O,5.12
CCCCc1nc(C=NNc2nc(N)c3ncn(C4OC(CO)C(O)C4O)c3n2)c(Cl)[nH]1,7.92
CCCCCC=CC=CC=NNc1nc(N)c2ncn(C3OC(CO)C(O)C3O)c2n1,8.7
CC(C=NNc1nc(N)c2ncn(C3OC(CO)C(O)C3O)c2n1)Cc1ccc(C(C)C)cc1,5.02
Nc1nc(NN=Cc2ccc(-c3ccc(Br)cc3)o2)nc2c1ncn2C1OC(CO)C(O)C1O,8.35
Nc1nc(NN=Cc2ccc(N3CCOCC3)cc2)nc2c1ncn2C1OC(CO)C(O)C1O,8.6
N#Cc1ccccc1C=NNc1nc(N)c2ncn(C3OC(CO)C(O)C3O)c2n1,8.54
Nc1nc(NN=Cc2ccc(Br)cn2)nc2c1ncn2C1OC(CO)C(O)C1O,8.33
Nc1nc(NN=Cc2ccc(OCc3ccc(F)cc3)cc2)nc2c1ncn2C1OC(CO)C(O)C1O,7.16
Nc1nc(NN=Cc2cncs2)nc2c1ncn2C1OC(CO)C(O)C1O,7.66
Nc1nc(NN=Cc2ccc[nH]2)nc2c1ncn2C1OC(CO)C(O)C1O,8.1
CCOc1cc(C=NNc2nc(N)c3ncn(C4OC(CO)C(O)C4O)c3n2)ccc1O,5.16
COc1ccc(C=NNc2nc(N)c3ncn(C4OC(CO)C(O)C4O)c3n2)cn1,8.59
Nc1nc(NN=Cc2cccnc2Cl)nc2c1ncn2C1OC(CO)C(O)C1O,8.34
Nc1nc(NN=Cc2ccc(N3CCCC3)cc2)nc2c1ncn2C1OC(CO)C(O)C1O,8.29
N#Cc1ccc(C=NNc2nc(N)c3ncn(C4OC(CO)C(O)C4O)c3n2)cc1,8.39
COc1cc(C=NNc2nc(N)c3ncn(C4OC(CO)C(O)C4O)c3n2)ccc1OCc1ccccc1,5.04
Cn1cnc2c(NCCc3ccccc3)nc(C#Cc3ccc(Cl)s3)nc21,5.31
Clc1ccc(C#Cc2nc(NC3CCOC3)c3nc[nH]c3n2)s1,6.16
Clc1ccc(C#Cc2nc(NC3CCCC3)c3nc[nH]c3n2)s1,5.95
CC#Cc1nc(NC(C2CC2)C2CC2)c2nc[nH]c2n1,5.54
Clc1ccc(C#Cc2nc(NC(C3CC3)C3CC3)c3nc[nH]c3n2)s1,5.92
Clc1cccc(CNc2nc(C#Cc3ccc(Cl)s3)nc3[nH]cnc23)c1,5.57
Clc1ccc(C#Cc2nc(NCCc3ccccc3)c3nc[nH]c3n2)s1,5.76
OCC1OC(n2cnc3c(NCCc4ccccc4)ncnc32)C(O)C1O,7.89
CNC(=O)C1OC(n2cnc3c(N)ncnc32)C(O)C1O,7.43
Nc1nc(Cl)nc2c1ncn2C1C(O)C(O)C2(CCl)CC12,8.12
OCC12CC1C(n1cnc3c(NC4CC5CCC4C5)nc(Cl)cc31)C(O)C2O,6.62
OC1C(n2cnc3c(NC(C4CCC4)C4CCC4)ncnc32)C2CC2(CCl)C1O,7.49
OC1C(n2cnc3c(NC(C4CCC4)C4CCC4)nc(Cl)nc32)C2CC2(CCl)C1O,6.92
OC1C(CCl)OC(n2cnc3c(NC(C4CCC4)C4CCC4)ncnc32)C1O,8.31
OC1C(n2cnc3c(NC4CC5CCC4C5)nc(Cl)nc32)C2CC2(CCl)C1O,7.35
OCC12CC1C(n1cnc3c(NC(C4CCC4)C4CCC4)nc(Cl)nc31)C(O)C2O,8.05
O=C(NCCO)C12CC1C(n1cnc3c(NC4CC5CCC4C5)nc(Cl)nc31)C(O)C2O,7.75
NC(=O)c1ncn(C2C(O)C(O)C3(CO)CC23)n1,6.3
OC1C(O)C(n2cnc3c(NC(C4CCC4)C4CCC4)nc(Cl)nc32)C2CC12,6.02
O=C(NC1CC1)C12CC1C(n1cnc3c(NC4CC5CCC4C5)nc(Cl)nc31)C(O)C2O,8.91
OCC12CC1C(n1cnc3c(NC4CC5CCC4C5)nc(Cl)nc31)C(O)C2O,7.63
OCC1OC(n2cnc3c(NC(C4CCC4)C4CCC4)ncnc32)C(O)C1O,8.67
OCC12CC1C(n1cnc3c(NC(C4CCC4)C4CCC4)ncnc31)C(O)C2O,7.64
OCC1OC(n2cnc3c(NC(C4CCC4)C4CCC4)nc(Cl)nc32)C(O)C1O,7.75
NC(=O)c1ncn(C2OC(CO)C(O)C2O)n1,5.13
CCSCC1OC(n2cnc3c(NC(C4CCC4)C4CCC4)ncnc32)C(O)C1O,7.2
CCOC(=O)C12CC1C(n1cnc3c(NC(C4CCC4)C4CCC4)nc(Cl)nc31)C(O)C2O,7.13
Cn1cc2c(nc(NCC3CCC(CNC(=O)OC(C)(C)C)CC3)n3nc(-c4ccco4)nc23)n1,5.39
Cn1cc2c(nc(NCCOCCOCCNC(=O)OC(C)(C)C)n3nc(-c4ccco4)nc23)n1,4.91
Cn1cc2c(nc(NCCCCNC(=O)OC(C)(C)C)n3nc(-c4ccco4)nc23)n1,5.76
Cn1cc2c(nc(NCCNC(=O)OC(C)(C)C)n3nc(-c4ccco4)nc23)n1,5.59
Cn1cc2c(nc(NCCCOCCOCCOCCCNC(=O)OC(C)(C)C)n3nc(-c4ccco4)nc23)n1,5.07
Cn1cc2c(nc(NCCN)n3nc(-c4ccco4)nc23)n1,5.6
Cn1cc2c(nc(NCCCCCNC(=O)OC(C)(C)C)n3nc(-c4ccco4)nc23)n1,5.59
Cn1cc2c(nc(NCCCN)n3nc(-c4ccco4)nc23)n1,5.84
Cn1cc2c(nc(NCCCNC(=O)OC(C)(C)C)n3nc(-c4ccco4)nc23)n1,5.75
Cn1cc2c(nc(NCC3CCC(CN)CC3)n3nc(-c4ccco4)nc23)n1,5.26
Cn1cc2c(nc(NNC(=O)OC(C)(C)C)n3nc(-c4ccco4)nc23)n1,5.11
Cn1cc2c(nc(NCCCCN)n3nc(-c4ccco4)nc23)n1,5.91
Cn1cc2c(nc(NN)n3nc(-c4ccco4)nc23)n1,5.15
Cn1cc2c(nc(NCCCOCCOCCOCCCN)n3nc(-c4ccco4)nc23)n1,5.78
Cn1cc2c(nc(NCCOCCOCCN)n3nc(-c4ccco4)nc23)n1,5.29
Cn1cc2c(nc(NCCCCCN)n3nc(-c4ccco4)nc23)n1,6.11
O=c1oc2c(O)c(O)ccc2cc1-c1ccc(O)cc1,4.9
CC(=O)Oc1ccc2cc(-c3ccccc3)c(=O)oc2c1OC(C)=O,5.07
CC(=O)COc1cccc2cc(-c3ccccc3)c(=O)oc12,4.98
Cc1cccc2cc(-c3ccccc3)c(=O)oc12,4.83
Cc1cccc2cc(-c3cc(O)c(O)c(O)c3)c(=O)oc12,4.83
O=c1oc2c(O)cccc2cc1-c1ccccc1,5.33
CCOc1cccc2cc(-c3ccccc3)c(=O)oc12,4.66
CC(=O)Oc1cccc2cc(-c3ccccc3)c(=O)oc12,5.16
O=c1oc2c(O)c(O)ccc2cc1-c1ccc(O)c(O)c1,5.2
O=c1oc2c(O)cccc2cc1-c1ccc(O)c(O)c1,5.21
CCOC(=O)c1nc(N)c(=O)n(-c2ccccc2)n1,5.66
Nc1nc(-c2ccccc2)nn1C(=O)c1ccco1,7.44
CN1CCN(c2nc(-c3ccc(Cl)c(Cl)c3)nc3[nH]cnc23)CC1,6.2
CN1CCN(c2nc(-c3ccccc3O)nc3c2ncn3C)CC1,6.2
CN1CCN(c2nc(-c3cccc(O)c3)nc3[nH]cnc23)CC1,6.8
CN1CCN(c2nc(-c3cc(Cl)ccc3Cl)nc3[nH]cnc23)CC1,5.6
Clc1cccc(-c2nc(N3CCCCC3)c3nc[nH]c3n2)c1,7.3
Oc1cccc(-c2nc(N3CCCCC3)c3nc[nH]c3n2)c1,8.0
Oc1ccc(-c2nc(N3CCCCC3)c3nc[nH]c3n2)cc1,8.0
CN1CCN(c2nc(-c3cccc(Cl)c3)nc3[nH]cnc23)CC1,7.1
CCCn1c(=O)c2c(nc3cc(OC)ccn32)n(CCCNC(=O)c2ccc(S(C)(=O)=O)cc2)c1=O,4.8
COC1=CC(c2cc3ccccc3[nH]2)=NC1=Cc1[nH]c(C)cc1C,5.3
CC1=C(C2=C(C)C(=O)c3c(cc(O)c(O)c3Cc3ccccc3)C2=O)C(=O)c2cc(O)c(O)c(Cc3ccccc3)c2C1=O,6.91
COc1cc(CCNc2nc(C#Cc3ccc(Cl)s3)nc3c2ncn3C2C(O)C(O)C3CC32)ccc1O,6.19
COc1cc(CCNc2nc(C#Cc3ccc(F)c(F)c3)nc3c2ncn3C2C(O)C(O)C3CC32)ccc1O,6.47
COc1cc(CCNc2nc(C#Cc3ccccc3F)nc3c2ncn3C2C(O)C(O)C3CC32)ccc1O,6.73
N#Cc1c(N)nc(SCCO)c(C#N)c1-c1cccnc1,7.46
COC(=O)c1ccc(CSc2nc(N)c(C#N)c(-c3ccco3)c2C#N)o1,7.09
COC(=O)CSc1nc(N)c(C#N)c(-c2ccco2)c1C#N,6.97
N#Cc1c(N)nc(SCCO)c(C#N)c1-c1ccsc1,7.22
COC(=O)c1cccc(CSc2nc(N)c(C#N)c(-c3ccoc3)c2C#N)c1,8.68
N#Cc1c(N)nc(SCCO)c(C#N)c1-c1cccs1,7.28
N#Cc1c(NC2CC2)nc(SCCO)c(C#N)c1-c1ccco1,7.05
N#Cc1c(NCc2ccccc2)nc(SCCO)c(C#N)c1-c1ccco1,7.19
N#Cc1c(N)nc(SCCO)c(C#N)c1-c1ccoc1,7.72
N#Cc1c(N)nc(SCC(N)=O)c(C#N)c1-c1ccco1,6.76
N#CCSc1nc(N)c(C#N)c(-c2ccco2)c1C#N,7.03
COC(=O)c1cccc(CSc2nc(N)c(C#N)c(-c3cccs3)c2C#N)c1,8.56
N#Cc1c(N)nc(NCCO)c(C#N)c1-c1cccs1,6.49
N#Cc1c(N)nc(SCC(=O)c2ccccc2)c(C#N)c1-c1ccco1,7.64
N#Cc1c(NC2CCCC2)nc(SCCO)c(C#N)c1-c1ccco1,6.13
N#Cc1c(N)nc(SCC(=O)OCc2ccccc2)c(C#N)c1-c1ccco1,7.07
N#Cc1c(N)nc(OCCO)c(C#N)c1-c1ccco1,6.2
CC(=O)Nc1nc(SCCO)c(C#N)c(-c2ccco2)c1C#N,6.61
N#Cc1c(N)nc(SCc2cccc(C(N)=O)c2)c(C#N)c1-c1ccco1,8.88
N#Cc1c(N)nc(SCc2ccccn2)c(C#N)c1-c1ccco1,8.57
N#Cc1cccc(CSc2nc(N)c(C#N)c(-c3ccco3)c2C#N)c1,8.99
N#Cc1c(N)nc(SCCO)c(C#N)c1-c1ccco1,7.24
N#Cc1c(N)nc(SCc2ccncc2)c(C#N)c1-c1ccco1,7.4
COC(=O)c1cccc(CSc2nc(N)c(C#N)c(-c3ccco3)c2C#N)c1,8.14
N#Cc1c(N)nc(SCc2cccc(C(=O)O)c2)c(C#N)c1-c1ccco1,8.38
Cc1ccc(-c2nc3ccccn3c2NC2CCCCC2)cc1,5.69
CCn1c(=O)c2nc(C3CCCC3)[nH]c2n(CC)c1=O,8.66
N#Cc1c(N)nc2c(c1-c1ccc3c(c1)OCO3)CCCC2,7.13
Cc1cc(=O)n2c(n1)NC(Nc1cccc(C)c1C)=NC2c1ccc(F)cc1,5.49
O=C1CC(C(=O)Nc2ccccc2)c2c(nc(SCc3ccccc3F)[nH]c2=O)N1,5.14
O=C(Cn1cc(-c2ccccc2)c2ncn(C3CC3)c(=O)c21)NCc1ccc(F)cc1,6.23
CC(C)C(=O)Nc1nc2n(n1)C(c1ccccc1Cl)C=C(c1ccccc1)N2,4.49
COc1ccccc1CNC(=O)c1cc(Nc2ccccc2C)nc2ccccc12,5.95
Oc1ccccc1Nc1nc(-c2ccccc2)c2cc(Cl)ccc2n1,4.7
CC(C)CN1C(=O)C(=Cc2c(NCCc3ccccc3)nc3ccccn3c2=O)SC1=S,4.87
CCCN(CCC)c1c(-c2ccccc2)c2cc(Cl)ccc2[nH]c1=O,4.59
Cc1ccc(C2=CC(c3ccccc3Cl)n3nc(CCCO)nc3N2)cc1,4.73
CCOC(=O)N1CCN(c2cc(NC3CCCCC3)c3c4c(onc24)-c2ccccc2C3=O)CC1,4.71
COc1ccc(-c2cc(-c3cccc(Br)c3)c(C#N)c(N)n2)cc1,6.68
Cc1ccc(C(=O)Nc2c(C(=O)NC3CCCC3)[nH]c3ccc(C)cc23)cc1,6.29
Cc1cc(C)nc(Nc2nc(-c3ccccc3)c3ccc(Cl)cc3n2)n1,5.16
CCC(C(=O)n1nc(-c2ccccc2)nc1N)c1ccccc1,4.97
O=c1[nH]c(N2CCCC2)nc2nccc(-c3ccc(Cl)cc3)c12,6.11
COc1ccc(C=Cc2ccnc3nc(N4CCCCC4)[nH]c(=O)c23)cc1,5.52
C=CCn1c(SCc2ccccn2)nc2c([nH]c3ccccc32)c1=O,5.9
Cn1c(=O)c2c(nc3n2CCN(Cc2csc(-c4cccs4)n2)C3)n(C)c1=O,6.19
Cn1c(=O)c2c(nc3n2CCN(C2CCCc4ccccc42)C3)n(C)c1=O,6.41
Cn1c(=O)c2c(nc3n2CCN(Cc2csc(-c4ccc(Cl)cc4)n2)C3)n(C)c1=O,6.31
Cn1c(=O)c2c(nc3n2CCN(Cc2csc(-c4cccc(Cl)c4)n2)C3)n(C)c1=O,7.14
Cn1c(=O)c2c(nc3n2CCN(Cc2ccc(Cl)c(Cl)c2)C3)n(C)c1=O,6.1
Cn1c(=O)c2c(nc3n2CCN(Cc2csc(-c4ccc(C(F)(F)F)cc4)n2)C3)n(C)c1=O,6.63
Cn1c(=O)c2c(nc3n2CCN(CCCc2ccc(Cl)cc2)C3)n(C)c1=O,7.18
Cn1c(=O)c2c(nc3n2CCN(CCc2ccc(Cl)cc2C(F)(F)F)C3)n(C)c1=O,6.26
Cn1c(=O)c2c(nc3n2CCCCN3Cc2cccc(Br)c2)n(C)c1=O,6.19
Cn1c(=O)c2c(nc3n2CCN3Cc2cccc(Br)c2)n(C)c1=O,6.4
CC1=C(C(=O)OC(C)C)C(c2cn[nH]c2)n2c(nc3ccccc32)N1,8.08
CCOC(=O)C1=C(C)Nc2nc3ccccc3n2C1c1cnco1,6.63
CCOC(=O)C1=C(C)Nc2nc3ccccc3n2C1c1ccns1,7.7
CC1=C(C(=O)OC(C)C)C(c2cnco2)n2c(nc3ccccc32)N1,6.52
Nc1nc(NCC2CCN(CC(=O)NCCc3ccc(S(N)(=O)=O)cc3)CC2)nc2sc(-c3ccco3)nc12,6.22
CCOC(=O)c1ccc(N2CCN(c3nc(N)c4nc(-c5ccco5)sc4n3)CC2)cc1,5.34
Nc1nc(N2CCC(CNC(=O)CCN3C(=O)c4ccccc4S3(=O)=O)CC2)nc2sc(-c3ccco3)nc12,5.97
Nc1nc(N2CCC(CNC(=O)c3ccc(S(N)(=O)=O)cc3)CC2)nc2sc(-c3ccco3)nc12,5.24
Nc1nc(NCC2CCN(CC(=O)NCc3ccc(S(N)(=O)=O)cc3)CC2)nc2sc(-c3ccco3)nc12,6.16
Nc1nc(NCC2CCN(CC(=O)Nc3ccc(S(N)(=O)=O)cc3)CC2)nc2sc(-c3ccco3)nc12,6.92
Nc1nc(NCc2ccc(S(N)(=O)=O)cc2)nc2sc(-c3ccco3)nc12,6.63
Nc1nc(NCCc2ccc(S(N)(=O)=O)cc2)nc2sc(-c3ccco3)nc12,5.88
Nc1nc(N2CCC(CNC(=O)CN3C(=O)c4ccccc4S3(=O)=O)CC2)nc2sc(-c3ccco3)nc12,5.78
Nc1nc(N2CCC(CNC(=O)c3cccc(S(N)(=O)=O)c3)CC2)nc2sc(-c3ccco3)nc12,6.25
Nc1nc(NCCN2CCN(c3ccc(S(N)(=O)=O)cc3)CC2)nc2sc(-c3ccco3)nc12,7.05
Nc1nc(N2CCN(c3ccc(S(N)(=O)=O)cc3)CC2)nc2sc(-c3ccco3)nc12,6.41
Nc1nc(-c2ccc(OCCO)cc2)cn2c(=O)n(-c3ccccc3)nc12,6.29
NCC1CCN(CCC(=O)Nc2ccc(-c3cn4c(=O)n(-c5ccccc5)nc4c(N)n3)cc2)CC1,6.42
CN1CCN(CCC(=O)Nc2ccc(-c3cn4c(=O)n(-c5ccccc5)nc4c(N)n3)cc2)CC1,6.18
Nc1nc(-c2ccc(NC(=O)CCN3CCCCC3)cc2)cn2c(=O)n(-c3ccccc3)nc12,6.21
Nc1nc(-c2ccc(OCCN3CCCCC3)cc2)cn2c(=O)n(-c3ccccc3)nc12,6.44
Nc1nc(-c2ccc(OCCN3CCCC3)cc2)cn2c(=O)n(-c3ccccc3)nc12,6.06
Nc1nc(-c2ccc(NC(=O)CCN3CCN(CCO)CC3)cc2)cn2c(=O)n(-c3ccccc3)nc12,6.25
Nc1nc(-c2ccc(OCC(O)CO)cc2)cn2c(=O)n(-c3ccccc3)nc12,6.44
CN1CCN(CCOc2ccc(-c3cn4c(=O)n(-c5ccccc5)nc4c(N)n3)cc2)CC1,6.29
Nc1nc(-c2ccc(OCCN3CCOCC3)cc2)cn2c(=O)n(-c3ccccc3)nc12,6.44
Nc1nc(-c2ccc(NC(=O)CCN3CCCC3)cc2)cn2c(=O)n(-c3ccccc3)nc12,6.53
Nc1nc(-c2ccc(NC(=O)CCN3CCOCC3)cc2)cn2c(=O)n(-c3ccccc3)nc12,6.23
Nc1nc(-c2ccc(OCC(O)CN3CCCCC3)cc2)cn2c(=O)n(-c3ccccc3)nc12,6.47
NC(=O)C1CCN(CCC(=O)Nc2ccc(-c3cn4c(=O)n(-c5ccccc5)nc4c(N)n3)cc2)CC1,6.43
Nc1nc(-c2ccc(OCC(O)CN3CCOCC3)cc2)cn2c(=O)n(-c3ccccc3)nc12,6.24
Nc1nc(-c2ccc(NC(=O)CCN3CCN(c4ccccc4)CC3)cc2)cn2c(=O)n(-c3ccccc3)nc12,6.75
CCOC(=O)C(Cc1cc2ccccc2[nH]1)Nc1nc2nn(C)cc2c2nc(-c3ccco3)nn12,5.8
CCOC(=O)CCC(Nc1nc2nn(C)cc2c2nc(-c3ccco3)nn12)C(=O)OCC,6.04
CCOC(=O)CC(Nc1nc2nn(C)cc2c2nc(-c3ccco3)nn12)C(=O)OCC,6.26
CCOC(=O)C(Nc1nc2nn(C)cc2c2nc(-c3ccco3)nn12)c1ccccc1,6.76
CCCCC(Nc1nc2nn(C)cc2c2nc(-c3ccco3)nn12)C(=O)OCC,6.41
CCOC(=O)C(CC(C)C)Nc1nc2nn(C)cc2c2nc(-c3ccco3)nn12,6.49
CCOC(=O)C(Cc1ccc(O)cc1)Nc1nc2nn(C)cc2c2nc(-c3ccco3)nn12,6.21
CCOC(=O)CCCNc1nc2nn(C)cc2c2nc(-c3ccco3)nn12,6.04
COC(=O)C1CCCN1c1nc2nn(C)cc2c2nc(-c3ccco3)nn12,5.64
CCOC(=O)C(Nc1nc2nn(C)cc2c2nc(-c3ccco3)nn12)C(O)c1ccccc1,6.05
CCOC(=O)C(Cc1ccccc1)Nc1nc2nn(C)cc2c2nc(-c3ccco3)nn12,5.74
CCOC(=O)C(C)Nc1nc2nn(C)cc2c2nc(-c3ccco3)nn12,5.66
CCOC(=O)C(Nc1nc2nn(C)cc2c2nc(-c3ccco3)nn12)C(C)C,6.23
CCOC(=O)C(CO)Nc1nc2nn(C)cc2c2nc(-c3ccco3)nn12,6.51
O=C(Nc1nc(-c2ccccc2)c(C(=O)c2ccc(F)cc2F)s1)c1ccccc1,7.26
COc1ccc(C(=O)Nc2nc(-c3ccccc3)c(C(=O)c3ccc(Cl)cc3)s2)cc1,6.5
CCCn1c(=S)sc2c(=N)n(NC(N)=O)cnc21,8.55
O=C(Nc1nc(-c2ccccc2)c(C(=O)c2ccc(Cl)cc2)s1)c1ccccc1,7.61
COc1ccc(C(=O)Nc2nc(-c3ccccc3)c(C(=O)c3ccc(OC)cc3)s2)cc1,6.94
Cc1ccc(C(=O)c2sc(NC(=O)c3ccco3)nc2-c2ccccc2)cc1,8.12
CCCCn1c(=O)c2[nH]c(C34CC5CC(CC3C5)C4)nc2n(CCCO)c1=O,9.15
CCC1CN2C(=O)N(C)c3nc(-c4cc(Cl)cc(Cl)c4Cl)[nH]c3C2=N1,5.77
COc1ccc(C(=O)Nc2nc(-c3ccccc3)c(C(=O)c3ccc(C)cc3)s2)cc1,8.01
COc1ccc(C(=O)Nc2nc(-c3ccccc3)c(C(=O)c3ccccc3)s2)cc1,7.43
Cc1ccc(C(=O)c2sc(NC(=O)c3ccccc3)nc2-c2ccccc2)cc1,7.24
Cc1cccnc1CNC(=O)c1c(N)nc(-c2ccco2)nc1OCC(C)O,8.77
Cc1cccnc1CNC(=O)c1c(N)nc(-c2ccco2)nc1OCCF,6.58
Cc1cccnc1CNC(=O)c1cnc(-c2ccco2)nc1N,5.76
Nc1nc(-c2ccc(NC(=O)CCNC(=O)c3cccc(S(N)(=O)=O)c3)cc2)cn2c(=O)n(-c3ccccc3)nc12,6.38
CN(C)c1nc(-c2ccc(S(N)(=O)=O)cc2)cn2c(=O)n(-c3ccccc3)nc12,6.36
Nc1nc(-c2ccc(NC(=O)c3ccc(C(=O)O)cc3)cc2)cn2c(=O)n(-c3ccccc3)nc12,5.63
Nc1nc(-c2ccc(OCCNC(=O)c3ccc(S(N)(=O)=O)cc3)cc2)cn2c(=O)n(-c3ccccc3)nc12,6.38
Nc1nc(-c2ccc(NC(=O)c3ccc(O)c(O)c3)cc2)cn2c(=O)n(-c3ccccc3)nc12,6.26
Nc1nc(-c2ccc(S(N)(=O)=O)cc2)cn2c(=O)n(-c3ccccc3)nc12,6.69
Nc1nc(-c2ccc(NCC(=O)c3ccc(S(N)(=O)=O)cc3)cc2)cn2c(=O)n(-c3ccccc3)nc12,6.88
Nc1nc(-c2ccc(NC(=O)CCNCc3ccc(S(N)(=O)=O)cc3)cc2)cn2c(=O)n(-c3ccccc3)nc12,6.08
Nc1nc(-c2ccc(NC(=O)CCC(=O)O)cc2)cn2c(=O)n(-c3ccccc3)nc12,5.64
COc1ccc(C(=O)Nc2ccc(-c3cn4c(=O)n(-c5ccccc5)nc4c(N)n3)cc2)cc1,6.38
Nc1nc(-c2ccc(NCc3ccc(S(N)(=O)=O)cc3)cc2)cn2c(=O)n(-c3ccccc3)nc12,7.06
CCOC(=O)c1ccc(C(=O)Nc2ccc(-c3cn4c(=O)n(-c5ccccc5)nc4c(N)n3)cc2)cc1,5.13
CCOC(=O)CNc1ccc(-c2cn3c(=O)n(-c4ccccc4)nc3c(N)n2)cc1,6.11
Nc1nc(-c2ccc(NC(=O)c3ccc(S(N)(=O)=O)cc3)cc2)cn2c(=O)n(-c3ccccc3)nc12,5.38
Nc1nc(-c2ccc(NC(=O)c3ccc(C(=O)NO)cc3)cc2)cn2c(=O)n(-c3ccccc3)nc12,6.4
Nc1nc(-c2ccc(NC(=O)CCNCCc3ccc(S(N)(=O)=O)cc3)cc2)cn2c(=O)n(-c3ccccc3)nc12,5.99
Nc1nc(-c2ccc(NC(=O)c3ccc(O)cc3)cc2)cn2c(=O)n(-c3ccccc3)nc12,6.71
COc1ccc(C(=O)Nc2ccc(-c3cn4c(=O)n(-c5ccccc5)nc4c(N)n3)cc2)cc1OC,7.0
Nc1nc(-c2ccc(OCCNCCc3ccc(S(N)(=O)=O)cc3)cc2)cn2c(=O)n(-c3ccccc3)nc12,6.55
Nc1nc(-c2ccc(NC(=O)CCNC(=O)c3ccc(S(N)(=O)=O)cc3)cc2)cn2c(=O)n(-c3ccccc3)nc12,5.97
Nc1nc(-c2ccc(NC(=O)c3cccc(S(N)(=O)=O)c3)cc2)cn2c(=O)n(-c3ccccc3)nc12,5.92
C#CCCCCNC(=O)Nc1nc2nn(C)cc2c2nc(-c3ccco3)nn12,6.05
CCCNc1nc(C#Cc2ccc(F)s2)nc2c1ncn2C1C(O)C(O)C2(C(=O)NC)CC12,5.4
CCCNc1nc(C#Cc2ccc(Cl)s2)nc2c1ncn2C1OC(C(=O)NC)C(O)C1O,5.94
CCCNc1nc(C#Cc2ccc(F)s2)nc2c1ncn2C1OC(C(=O)NC)C(O)C1O,6.43
CNC(=O)C1OC(n2cnc3c(NC)nc(C#Cc4ccc(F)s4)nc32)C(O)C1O,6.37
CCOC(=O)C12CC1C(n1cnc3c(NC)nc(C#Cc4ccc(F)s4)nc31)C(O)C2O,5.78
COc1ccc(N2CCOCC2)c2sc(NC(=O)N3CCC(O)CC3)nc12,5.76
COc1ccc(N2CCOCC2)c2sc(NC(=O)N3CCC(OC)CC3)nc12,5.12
COc1ccc(N2CCOCC2)c2sc(NC(=O)N3CCC(O)(CCF)CC3)nc12,5.32
COc1ccc(N2CCOCC2)c2sc(NC(=O)N3CCCCC3)nc12,5.81
CC1(O)CCN(C(=O)Nc2nc3c(OCCF)ccc(N4CCOCC4)c3s2)CC1,5.18
COc1ccc(N2CCOCC2)c2sc(NC(=O)N3CCC(COCCF)CC3)nc12,5.1
COc1ccc(N2CCOCC2)c2sc(NC(=O)N3CCC(C(O)CF)CC3)nc12,4.78
COc1ccc(N2CCOCC2)c2sc(NC(=O)N3CCCC(F)C3)nc12,5.93
COc1ccc(N2CCOCC2)c2sc(NC(=O)N3CCC(CF)CC3)nc12,5.92
COc1ccc(N2CCOCC2)c2sc(NC(=O)N3CC=CCC3)nc12,6.24
COc1ccc(N2CCOCC2)c2sc(NC(=O)N3CCC(F)CC3)nc12,6.23
CC1=C(C(=O)OCc2ccccc2)C(c2ccco2)NC(=O)N1C,5.76
CC1=C(C(=O)OCC(C)C)C(c2ccoc2)NC(=O)N1,5.51
OCC1OC(n2cnc3c(NCCCCc4ccccc4)nc(Cl)nc32)C(O)C1O,5.48
OCC1OC(n2cnc3c(NCCCc4ccccc4)ncnc32)C(O)C1O,7.1
OCC1OC(n2cnc3c(NCCCCc4ccccc4)nc(Cl)nc32)CC1O,4.88
CCNC(=O)C1OC(n2cnc3c(NCCCCc4ccccc4)ncnc32)C(O)C1O,6.09
OCC1OC(n2cnc3c(NCCCCc4ccccc4)ncnc32)C(O)C1O,6.06
Nc1nc(CCc2ccccc2)nc2c1ncn2C1OC(CO)C(O)C1O,5.71
CCS(=O)(=O)C1(C)CCC(CF)(c2cc(NC(=O)c3cc4c(cn3)OC(F)(F)O4)ccc2F)N=C1N,5.13
NC1CSC(n2cnc3c(NCc4cccc(I)c4)nc(Cl)nc32)C1O,5.66
CNc1ncnc2c1ncn2C1SCC(N)C1O,5.78
NC1CSC(n2cnc3c(NCc4cccc(I)c4)ncnc32)C1O,5.61
Nc1ccccc1NC(=O)c1ccc(CCn2ncc3c2nc(N)n2nc(-c4ccco4)nc32)cc1,7.15
Nc1nc(-c2ccc(OCCCN3CCCCC3)cc2)c2c(n1)-c1ccccc1C2=O,6.88
Nc1nc(-c2ccccc2)c2c(n1)-c1cc(OCCCN3CCCCC3)ccc1C2,7.73
Nc1nc(-c2ccccc2)c2c(n1)-c1ccc(OCCCN3CCCC3)cc1C2=O,6.89
Nc1nc(-c2ccccc2)c2c(n1)-c1ccc(OCCCN3CCCCC3)cc1C2=O,6.43
Nc1nc(-c2ccccc2)c2c(n1)-c1ccc(OCCCN3CCCC3)cc1C2,6.08
Nc1nc(-c2ccccc2)c2c(n1)-c1cc(OCCCN3CCCC3)ccc1C2,7.94
Nc1nc(-c2ccccc2)c2c(n1)-c1cc(OCCCN3CCCCC3)ccc1C2=O,7.95
Nc1nc(-c2ccc(OCCCN3CCCCC3)cc2)c2c(n1)-c1ccccc1C2,5.6
CCCCn1c(=O)c2nc(C34CCC(C(=O)NCCCN=[N+]=[N-])(CC3)CC4)[nH]c2n(CCCNC(=O)c2ccc(S(=O)(=O)F)cc2)c1=O,9.3
CCCCn1c(=O)c2nc(C34CCC(C(=O)NCCCCN=[N+]=[N-])(CC3)CC4)[nH]c2n(CCCNC(=O)c2ccc(S(=O)(=O)F)cc2)c1=O,8.28
C#CCNC(=O)C12CCC(c3nc4c(=O)n(CCCC)c(=O)n(CCCNC(=O)c5ccc(S(=O)(=O)F)cc5)c4[nH]3)(CC1)CC2,6.23
CCCCn1c(=O)c2nc(C34CCC(C(=O)OC)(CC3)CC4)[nH]c2n(CCCNC(=O)c2ccc(S(=O)(=O)O)cc2)c1=O,7.04
C#CCNC(=O)C12CCC(c3nc4c(=O)n(CCCC)c(=O)n(CCC)c4[nH]3)(CC1)CC2,7.04
CCCCn1c(=O)c2nc(C34CCC(C(=O)NCCCN=[N+]=[N-])(CC3)CC4)[nH]c2n(CCCNC(=O)c2ccc(S(=O)(=O)O)cc2)c1=O,7.06
CCCCn1c(=O)c2nc(C3CCCCC3)[nH]c2n(CCCNC(=O)c2ccc(S(=O)(=O)F)cc2)c1=O,7.58
C#CCCCCNC(=O)C12CCC(c3nc4c(=O)n(CCCC)c(=O)n(CCCNC(=O)c5ccc(S(=O)(=O)F)cc5)c4[nH]3)(CC1)CC2,9.22
CCCCn1c(=O)c2nc(C34CCC(C(=O)NCCCN=[N+]=[N-])(CC3)CC4)[nH]c2n(CCC)c1=O,8.47
CCCCn1c(=O)c2nc(C34CCC(C(=O)NCCOCCOCCN=[N+]=[N-])(CC3)CC4)[nH]c2n(CCCNC(=O)c2ccc(S(=O)(=O)F)cc2)c1=O,8.85
CCCCn1c(=O)c2nc(C34CCC(C(=O)NCCCCCCCCN=[N+]=[N-])(CC3)CC4)[nH]c2n(CCCNC(=O)c2ccc(S(=O)(=O)F)cc2)c1=O,8.62
CCCn1c(=O)c2nc(C34CCC(C(=O)NCCCN=[N+]=[N-])(CC3)CC4)[nH]c2n(CCCNC(=O)c2ccc(S(=O)(=O)F)cc2)c1=O,9.22
CCCCn1c(=O)c2nc(C34CCC(C(=O)NCCOCCOCCOCCN=[N+]=[N-])(CC3)CC4)[nH]c2n(CCCNC(=O)c2ccc(S(=O)(=O)F)cc2)c1=O,8.66
CCCCn1c(=O)c2nc(C34CCC(C(=O)OC)(CC3)CC4)[nH]c2n(CCCNC(=O)c2ccc(S(=O)(=O)F)cc2)c1=O,7.77
N#Cc1c(SCc2ncc[nH]2)nc(N)nc1-c1ccccc1,7.16
Nc1nc(SCc2ncc[nH]2)nc(-c2ccccc2)n1,6.54
N#Cc1c(N)nc(SCc2ncc[nH]2)nc1-c1ccccc1,7.07
N#Cc1c(-c2ccccc2)cc(SCc2ncc[nH]2)nc1N,6.38
N#Cc1c(-c2ccccc2)cc(N)nc1SCc1ncc[nH]1,6.95
Cc1cc(C)cc(-c2nc(NC(=O)c3cccnc3)sc2-c2ccncc2)c1,6.79
Cc1cc(I)cc(-c2nc(NC(=O)c3cccnc3)sc2-c2ccncc2)c1,5.06
Cc1cc(F)cc(-c2nc(NC(=O)c3cccnc3)sc2-c2ccncc2)c1,7.1
CCCn1c(=O)c2[nH]c(C34CCC(C(=O)NCCNC(=O)CCNC(=O)CCNC(=O)OC(C)(C)C)(CC3)CC4)nc2n(CCC)c1=O,8.36
CCCn1c(=O)c2[nH]c(C34CCC(C(=O)NCCNC(=O)COCCNC(=O)OC(C)(C)C)(CC3)CC4)nc2n(CCC)c1=O,7.86
CCCn1c(=O)c2[nH]c(C34CCC(C(=O)NCCCNC(=O)COCCNC(=O)OC(C)(C)C)(CC3)CC4)nc2n(CCC)c1=O,7.79
CCCn1c(=O)c2[nH]c(C34CCC(CCC(=O)NCCNC(=O)COCCNC(=O)OC(C)(C)C)(CC3)CC4)nc2n(CCC)c1=O,7.83
CCCn1c(=O)c2[nH]c(C34CCC(C(=O)NCCCNC(=O)COCCOCCNC(=O)OC(C)(C)C)(CC3)CC4)nc2n(CCC)c1=O,7.65
CCCn1c(=O)c2[nH]c(C34CCC(C(=O)NCCNC(=O)CCNC(=O)CCNC(=O)CCCCC[N+]5=C(C=CC=CC=C6N(C)c7ccc(S(=O)(=O)O)cc7C6(C)C)C(C)(C)c6cc(S(=O)(=O)[O-])ccc65)(CC3)CC4)nc2n(CCC)c1=O,6.7
CCCn1c(=O)c2[nH]c(C34CC5CC(CC(C5)C3)C4)nc2n(CCCNC(=O)c2ccc(C(=O)NCCNC(=O)CCCCCNC(=O)COc3ccc(C=CC4=[N+]5C(=Cc6ccc(-c7cccs7)n6[B-]5(F)F)C=C4)cc3)cc2)c1=O,8.23
CCCn1c(=O)c2[nH]c(C34CCC(C(=O)NCCCNC(=O)CCNC(=O)CCNC(=O)OC(C)(C)C)(CC3)CC4)nc2n(CCC)c1=O,7.89
CCCn1c(=O)c2[nH]c(C34CC5CC(CC(C5)C3)C4)nc2n(CCCNC(=O)c2ccc(C(=O)NCCNC(=O)CCNC(=O)CCCCCNC(=O)COc3ccc(C=CC4=[N+]5C(=Cc6ccc(-c7cccs7)n6[B-]5(F)F)C=C4)cc3)cc2)c1=O,8.01
CCCn1c(=O)c2[nH]c(C34CCC(CCC(=O)NCCNC(=O)COCCOCCNC(=O)OC(C)(C)C)(CC3)CC4)nc2n(CCC)c1=O,7.88
CCCn1c(=O)c2[nH]c(C34CCC(C(=O)NCCC(=O)NCCNC(=O)COCCNC(=O)OC(C)(C)C)(CC3)CC4)nc2n(CCC)c1=O,7.95
CCCn1c(=O)c2[nH]c(C34CCC(C(=O)NCCNC(=O)COCCOCCNC(=O)OC(C)(C)C)(CC3)CC4)nc2n(CCC)c1=O,7.76
CCCn1c(=O)c2[nH]c(C34CCC(C(=O)NCCNC(=O)CCCCC[N+]5=C(C=CC=CC=C6N(C)c7ccc(S(=O)(=O)O)cc7C6(C)C)C(C)(C)c6cc(S(=O)(=O)[O-])ccc65)(CC3)CC4)nc2n(CCC)c1=O,6.07
CCCn1c(=O)c2[nH]c(C34CCC(CCC(=O)NCCNC(=O)CCNC(=O)CCNC(=O)OC(C)(C)C)(CC3)CC4)nc2n(CCC)c1=O,8.11
CCCn1c(=O)c2[nH]c(C34CCC(C(=O)NCCNC(=O)CCCCCNC(=O)COc5ccc(C=CC6=[N+]7C(=Cc8ccc(-c9cccs9)n8[B-]7(F)F)C=C6)cc5)(CC3)CC4)nc2n(CCC)c1=O,7.69
N#Cc1cccc(-c2nc(Nc3ccccc3)nc(-c3ccccc3)c2C#N)c1,7.74
CNc1nc(-c2ccccc2)c(C#N)c(-c2cccc(Cl)c2)n1,7.8
CNc1nc(-c2ccccc2)c(C#N)c(-c2ccccc2F)n1,7.53
COc1ccc(-c2nc(N)nc(-c3ccccc3)c2C#N)cc1,8.14
N#Cc1c(-c2cccc(Cl)c2)nc(N)nc1-c1cccc(Cl)c1,8.32
COc1cc(-c2nc(Nc3ccccc3)nc(-c3ccccc3)c2C#N)cc(OC)c1OC,7.12
CCNc1nc(-c2ccccc2)c(C#N)c(-c2cccc(Cl)c2)n1,8.29
N#Cc1c(-c2ccccc2)nc(N)nc1-c1cc(Cl)cc(Cl)c1,7.8
Cc1ccc(-c2nc(Nc3ccccc3)nc(-c3ccccc3)c2C#N)cc1,7.42
N#Cc1c(-c2ccccc2)nc(N)nc1-c1ccsc1,8.28
N#Cc1c(-c2ccccc2)nc(Nc2ccccc2)nc1-c1cccc(O)c1,7.74
N#Cc1c(-c2ccccc2)nc(Nc2ccccc2)nc1-c1ccco1,7.47
N#Cc1c(-c2ccccc2)nc(N)nc1-c1cccs1,7.76
CCNc1nc(-c2ccccc2)c(C#N)c(-c2cc(Cl)cc(Cl)c2)n1,6.87
N#Cc1c(-c2ccccc2)nc(Nc2ccccc2)nc1-c1ccc(F)cc1,7.44
N#Cc1c(-c2ccccc2)nc(N)nc1-c1ccoc1,7.73
CNc1nc(-c2ccccc2)c(C#N)c(-c2ccco2)n1,8.18
CNc1nc(-c2ccccc2)c(C#N)c(-c2cccc(F)c2)n1,7.54
COc1ccc(-c2nc(N)nc(-c3ccc(OC)cc3)c2C#N)cc1,7.13
N#Cc1c(-c2ccccc2)nc(N)nc1-c1ccncc1,6.67
N#Cc1c(-c2ccccc2)nc(Nc2ccccc2)nc1-c1cccs1,7.37
N#Cc1c(-c2ccccc2)nc(N)nc1-c1cccc(O)c1,8.83
CNc1nc(-c2ccccc2)c(C#N)c(-c2ccc(O)cc2)n1,7.35
N#Cc1c(-c2ccccc2)nc(Nc2ccccc2)nc1-c1ccccc1,7.34
N#Cc1c(-c2ccccc2)nc(Nc2ccccc2)nc1-c1ccccc1F,8.2
CCNc1nc(-c2ccccc2)c(C#N)c(-c2cccnc2)n1,7.93
CNc1nc(-c2ccccc2)c(C#N)c(-c2cc(OC)c(OC)c(OC)c2)n1,7.93
CNc1nc(-c2ccccc2)c(C#N)c(-c2ccccc2)n1,8.04
N#Cc1c(-c2ccccc2)nc(N)nc1-c1ccc(Br)cc1,8.04
N#Cc1c(-c2ccccc2)nc(Nc2ccccc2)nc1-c1ccc2c(c1)OCO2,7.94
N#Cc1c(-c2ccc(F)cc2)nc(N)nc1-c1ccco1,8.04
CCNc1nc(-c2ccccc2)c(C#N)c(-c2ccccc2)n1,8.23
CNc1nc(-c2ccccc2)c(C#N)c(-c2ccncc2)n1,7.25
COc1cccc(-c2nc(N)nc(-c3ccccc3)c2C#N)c1,8.68
CNc1nc(-c2ccccc2)c(C#N)c(-c2cc(OC)cc(OC)c2)n1,7.96
CNc1nc(-c2ccccc2)c(C#N)c(-c2ccc3c(c2)OCO3)n1,8.21
N#Cc1c(-c2ccccc2)nc(N)nc1-c1ccco1,8.01
COc1cccc(-c2nc(Nc3ccccc3)nc(-c3ccccc3)c2C#N)c1,7.02
CNc1nc(-c2ccccc2)c(C#N)c(-c2cccc(C#N)c2)n1,8.52
CNc1nc(-c2ccccc2)c(C#N)c(-c2cccc(O)c2)n1,8.61
CCNc1nc(-c2ccccc2)c(C#N)c(-c2cccc(C#N)c2)n1,8.61
CNc1nc(-c2ccccc2)c(C#N)c(-c2ccc(F)cc2F)n1,7.65
CNc1nc(-c2ccccc2)c(C#N)c(-c2ccc(F)cc2)n1,7.63
COc1cc(-c2nc(N)nc(-c3ccccc3)c2C#N)cc(OC)c1OC,8.59
COc1cc(OC)cc(-c2nc(N)nc(-c3ccccc3)c2C#N)c1,8.59
N#Cc1c(-c2ccccc2)nc(N)nc1-c1ccc2ccccc2c1,8.08
CCNc1nc(-c2ccccc2)c(C#N)c(-c2ccc3c(c2)OCO3)n1,8.17
N#Cc1c(-c2ccccc2)nc(N)nc1-c1cccc(Cl)c1,8.37
Cc1ccc(-c2nc(N)nc(-c3ccccc3)c2C#N)cc1,8.27
CNc1nc(-c2ccccc2)c(C#N)c(-c2cccc(OC)c2)n1,7.88
N#Cc1c(-c2ccccc2)nc(N)nc1-c1cccnc1,7.71
N#Cc1c(-c2ccccc2)nc(N)nc1-c1ccc(F)cc1,8.38
COc1ccccc1-c1nc(N)nc(-c2ccccc2)c1C#N,7.88
N#Cc1c(-c2ccccc2)nc(N)nc1-c1ccc(O)cc1,8.38
CNc1nc(-c2ccccc2)c(C#N)c(-c2ccc(OC)cc2)n1,7.24
N#Cc1c(-c2cccc(Cl)c2)nc(N)nc1-c1cc(Cl)cc(Cl)c1,8.11
N#Cc1c(-c2ccccc2)nc(N)nc1-c1ccc(F)cc1F,8.4
N#Cc1cccc(-c2nc(N)nc(-c3ccccc3)c2C#N)c1,8.19
N#Cc1c(-c2ccccc2)nc(N)nc1-c1cccc(F)c1,7.87
CNc1nc(-c2ccccc2)c(C#N)c(-c2ccsc2)n1,7.37
COc1ccc(-c2nc(N)nc(-c3ccccc3)c2C#N)c(OC)c1,8.4
CNc1nc(-c2ccccc2)c(C#N)c(-c2cccnc2)n1,7.71
CNc1nc(-c2ccccc2)c(C#N)c(-c2cc(Cl)cc(Cl)c2)n1,7.57
N#Cc1c(-c2ccc(F)cc2)nc(N)nc1-c1ccc2c(c1)OCO2,7.9
N#Cc1c(-c2ccccc2)nc(N)nc1-c1ccccc1F,8.19
N#Cc1c(-c2ccccc2)nc(N)nc1-c1ccc(-c2ccccc2)cc1,5.19
N#Cc1c(-c2cccc(Cl)c2)nc(N)nc1-c1ccc2c(c1)OCO2,8.25
CNc1nc(-c2ccccc2)c(C#N)c(-c2ccc(C)cc2)n1,7.55
Cc1cccc(-c2nc3c(-c4ccc(=O)n(C)c4)cnc(N)n3n2)n1,5.76
Cn1ccc(-c2nc3c(-c4ccc(=O)n(C)c4)cnc(N)n3n2)n1,6.14
Cc1cnc(-c2nc3c(-c4ccc(=O)n(C)c4)cnc(N)n3n2)s1,7.66
Cn1cc(-c2cnc(N)nc2-c2ccco2)ccc1=O,7.05
Cc1csc(-c2nc3c(-c4ccc(=O)n(C)c4)cnc(N)n3n2)n1,6.03
Cn1cc(-c2cnc(N)n3nc(-c4nccs4)nc23)ccc1=O,7.11
Cn1cc(-c2cnc(N)n3nc(-c4ccco4)nc23)ccc1=O,7.62
CC1CN(c2ncc(Cl)c(Nc3ccc4c(c3)n(CCC(C)(C)O)c(=O)n4C)n2)CC(C)C1(F)F,5.96
OCC1OC(n2cnc3c(NC4CCCC4Oc4ccccc4Cl)ncnc32)C(O)C1O,7.17
COc1cccc(COC2CCCC2Nc2ncnc3c2ncn3C2OC(CO)C(O)C2O)c1,6.67
OCC1OC(n2cnc3c(NC4CCCC4Oc4cccc(Cl)c4)ncnc32)C(O)C1O,7.19
CCNC(=O)C1OC(n2cnc3c(NC4CCCC4OCc4cccc(OC)c4)ncnc32)C(O)C1O,6.39
OCC1OC(n2cnc3c(NC4CCCC4Oc4cccc(Br)c4)ncnc32)C(O)C1O,7.55
OCC1OC(n2cnc3c(NC4CCCC4OCc4ccc(Br)cc4)ncnc32)C(O)C1O,5.94
CC(C)(C)c1ccc(COC2CCCC2Nc2ncnc3c2ncn3C2OC(CO)C(O)C2O)cc1,5.58
CC(C)(C)c1ccc(OC2CCCC2Nc2ncnc3c2ncn3C2OC(CO)C(O)C2O)cc1,6.35
COc1cccc(OC2CCCC2Nc2ncnc3c2ncn3C2OC(CO)C(O)C2O)c1,6.61
CCNC(=O)C1OC(n2cnc3c(NC4CCCC4OCc4ccc(Br)cc4)ncnc32)C(O)C1O,6.15
OCC1OC(n2cnc3c(NC4CCCC4OCc4cccc(Cl)c4)ncnc32)C(O)C1O,6.15
CCNC(=O)C1OC(n2cnc3c(NC4CCCC4OCc4cccc(Cl)c4)ncnc32)C(O)C1O,6.49
CCNC(=O)C1OC(n2cnc3c(NC4CCCC4Oc4ccccc4)ncnc32)C(O)C1O,7.3
CC(C)c1ccc(COC2CCCC2Nc2ncnc3c2ncn3C2OC(CO)C(O)C2O)cc1,5.77
CCNC(=O)C1OC(n2cnc3c(NC4CCCC4Oc4cccc(Br)c4)ncnc32)C(O)C1O,7.05
CCNC(=O)C1OC(n2cnc3c(NC4CCCC4OCc4cccc(Br)c4)ncnc32)C(O)C1O,6.54
CCNC(=O)C1OC(n2cnc3c(NC4CCCC4Oc4cccc(Cl)c4)ncnc32)C(O)C1O,7.43
OCC1OC(n2cnc3c(NC4CCCC4OCc4cccc(Br)c4)ncnc32)C(O)C1O,6.16
CCNC(=O)C1OC(n2cnc3c(NC4CCCC4Oc4ccccc4Cl)ncnc32)C(O)C1O,7.39
CCNC(=O)C1OC(n2cnc3c(NC4CCCC4OCc4ccccc4Cl)ncnc32)C(O)C1O,6.63
N#Cc1ccc(COC2CCCC2Nc2ncnc3c2ncn3C2OC(CO)C(O)C2O)cc1,5.85
CCNC(=O)C1OC(n2cnc3c(NC4CCCC4Oc4cccc(OC)c4)ncnc32)C(O)C1O,7.26
CCNC(=O)C1OC(n2cnc3c(NC4CCCC4Oc4ccc(C(C)(C)C)cc4)ncnc32)C(O)C1O,6.35
CCNC(=O)C1OC(n2cnc3c(NC4CCCC4Oc4ccc(Cl)cc4)ncnc32)C(O)C1O,6.86
OCC1OC(n2cnc3c(NC4CCCC4OCc4ccccc4Cl)ncnc32)C(O)C1O,6.56
Nc1ncnc2c1ncn2C1OC(CO)C(O)C1O,6.09
OCC1OC(n2cnc3c(NC4CCCC4Oc4ccc(Cl)cc4)ncnc32)C(O)C1O,6.23
OCC1OC(n2cnc3c(NC4CCCC4Oc4ccccc4)ncnc32)C(O)C1O,6.84
NC(=O)c1ccc(COC2CCCC2Nc2ncnc3c2ncn3C2OC(CO)C(O)C2O)cc1,5.9
OCC1OC(n2cnc3c(NC4CCCC4OCc4ccccc4)ncnc32)C(O)C1O,6.18
Cn1nc(NC(=O)Nc2ccccc2)c2ccnc(NC3CCCCC3)c21,6.0
Cn1nc(NC(=O)CNc2ccccc2)c2cc(Nc3ccccc3)ncc21,6.53
COc1cc(Nc2nc(CNCc3ccccc3)cc3c(-c4ccccc4)n[nH]c23)cc(OC)c1OC,6.69
COc1cc(Nc2nc(Cl)cc3c(C(C)C)n[nH]c23)cc(OC)c1OC,6.54
O=C(CNc1ccccc1)Nc1n[nH]c2cnc(Nc3ccccc3)cc12,6.44
COc1cc(Nc2nc(Cl)cc3c(-c4ccccc4)n[nH]c23)cc(OC)c1OC,6.66
COc1cc(Nc2nc(CN)cc3c(-c4ccccc4)n[nH]c23)cc(OC)c1OC,7.64
COc1cc(Nc2nc(CNCC3CCN(C)CC3)cc3c(-c4ccccc4)n[nH]c23)cc(OC)c1OC,6.13
COc1cc(Nc2nc(CNCc3cccnc3)cc3c(-c4ccccc4)n[nH]c23)cc(OC)c1OC,7.23
N#Cc1cc2c(-c3ccccc3)n[nH]c2c(Nc2ccccc2)n1,6.67
COc1cc(Nc2nc(C#N)cc3cn[nH]c23)cc(OC)c1OC,6.64
Cc1ccc(-c2cc(-c3cccc(C(=O)N4CCCCC4)c3)nc(N)n2)o1,8.2
CCn1c(=O)c2c(nc(COc3ccc(Br)cc3)n2C)n(CC)c1=O,6.58
CCn1c(=O)c2c(nc(CCCc3ccccc3)n2CC)n(CC)c1=O,6.79
Cc1ccc(-c2cn3c(=O)n(Cc4ccccc4)nc3c(N)n2)o1,8.2
Nc1nc(-c2cccc(Cl)c2)cn2c(=O)n(-c3ccccc3)nc12,8.33
CCn1c(=O)c2c(nc(COc3ccccc3)n2C)n(CC)c1=O,6.06
COc1ccc2oc(=O)c(C(=O)Nc3cccc(O)c3)cc2c1,4.39
Nc1nc(N2CCN3CCCC3C2)cc2nc(-c3ccco3)nn12,5.96
CN(CCN1CCN(c2ccc(F)cc2F)CC1)c1nc(N)n2nc(-c3ccco3)nc2n1,6.09
CCCCC#Cc1nc(N)c2nc(-c3cccs3)n(C3OCC(O)C3O)c2n1,6.41
Cn1nc(-c2ccccc2)c2cnnc(NCc3ccccc3)c21,7.95
CC(C)c1nn(C)c2c(NCc3ccccc3)nncc12,5.17
Nc1nc(C(=O)NCCc2ccccn2)cn2c1nc1ccccc12,8.06
Nc1nc(C(=O)Nc2ccc(Cl)cc2)cn2c1nc1ccccc12,6.35
CCCCCCNC(=O)c1cn2c(nc3ccccc32)c(N)n1,7.11
Nc1nc(C(=O)NCCc2ccncc2)cn2c1nc1ccccc12,8.16
Nc1nc(C(=O)NCCc2cccnc2)cn2c1nc1ccccc12,7.09
Nc1nc(C(=O)NCCc2ccc(O)cc2)cn2c1nc1ccccc12,5.85
Nc1nc(C(=O)NCc2ccccc2)cn2c1nc1ccccc12,7.16
Nc1nc(C(=O)NCc2ccncc2)cn2c1nc1ccccc12,7.73
Nc1nc(C(=O)NCc2cccnc2)cn2c1nc1ccccc12,8.12
Nc1nc(C(=O)NCC(F)F)cn2c1nc1ccccc12,8.92
COc1cccc(NC(=O)c2cn3c(nc4ccccc43)c(N)n2)c1,8.8
Nc1nc(C(=O)NCCCO)cn2c1nc1ccccc12,7.36
Nc1nc(C(=O)NCc2cccc(Cl)c2)cn2c1nc1ccccc12,6.27
CC(CO)NC(=O)c1cn2c(nc3ccccc32)c(N)n1,6.93
Nc1nc(C(=O)Nc2cccnc2)cn2c1nc1ccccc12,6.96
COc1ccc(CCNC(=O)c2cn3c(nc4ccccc43)c(N)n2)cc1,6.56
Nc1nc(C(=O)NCc2cccc3cccnc23)cn2c1nc1ccccc12,7.07
CC(C)CNC(=O)c1cn2c(nc3ccccc32)c(N)n1,7.07
Nc1nc(C(=O)NCCc2ccc3c(c2)OCO3)cn2c1nc1ccccc12,6.58
Nc1nc(C(=O)NCCc2cccc(Cl)c2)cn2c1nc1ccccc12,6.47
Nc1nc(C(=O)NCc2ccco2)cn2c1nc1ccccc12,8.28
Cc1ccc(NC(=O)c2cn3c(nc4ccccc43)c(N)n2)cc1,7.05
CC(O)CNC(=O)c1cn2c(nc3ccccc32)c(N)n1,7.25
Nc1nc(C(=O)Nc2ccccn2)cn2c1nc1ccccc12,7.09
CNC(=O)C12CC1C(n1cnc3c(NCCc4ccccc4)nc(I)nc31)C(O)C2O,6.24
Nc1nc(-c2ccco2)c2cnn(CCc3ccc(C(=O)Nc4ccccc4N)cc3)c2n1,6.3
Clc1cc2c(NC3CCCC3)nnc(-c3ccncc3)c2cc1Cl,7.92
CCCn1c(=O)c2nc(-c3ccc(OCC(N)=O)cc3O)[nH]c2n(CCC)c1=O,8.19
CCCn1c(=O)c2nc(-c3ccc(S(=O)(=O)NCCN(C)C)cc3)[nH]c2n(CCC)c1=O,8.19
