smiles,5b0fe37d404cd3c110d464704646dcec,6985506761917809febe084969c70970,78d09c9bdd2584d3854a898d227d641f,7f73c5dd89b7b6d8ca56c162eee39ae0,80121ad0b332d2951073b235cff9295a,950edee628a799c6d21b79616a3c2922,9a0ea9c5d064d5578aba12a00c1e51d1,aab458b586520ad6a82e21e396e745fa,bad90b07d56cc0ca29bb651c9160b9b0,bf615fc2b04369c84661b7e8b940d315,c6eb716f36a79621c8c73c735dd764f1,d62f83c65c8c21dd22a256b2416ca03e,e9c2864c47513aa932c3110622f0fca2
C#CCCCC(=O)NCCCCC(N)C(=O)NC(Cc1ccc(O)cc1)C(=O)NC(C(=O)NC(CCCC)C(=O)NCC(=O)NC(Cc1cnc[nH]1)C(=O)NC(Cc1ccc2ccccc2c1)C(=O)NC(CCCNC(=N)N)C(=O)NC(Cc1c[nH]c2ccccc12)C(=O)NC(CC(=O)O)C(=O)NC(CCCNC(=N)N)C(=O)NC(Cc1ccccc1)C(=O)NCC(N)=O)C(C)C,0.0,0.0,0.0,0.0,0.0,8.77,0.0,0.0,0.0,0.0,0.0,0.0,0.0
C#CCCCC(=O)NCCCCC(NC(=O)CNC(=O)C(Cc1c[nH]c2ccccc12)NC(=O)C(CCCNC(=N)N)NC(=O)C(Cc1ccccc1)NC(=O)C(Cc1cnc[nH]1)NC(=O)CCCc1ccccc1)C(N)=O,0.0,0.0,0.0,0.0,0.0,6.59,0.0,0.0,0.0,0.0,0.0,0.0,0.0
C#CCCCCN1C(=O)C2=C(SCC3NC(=O)C(CCCNC(=N)N)NC(=O)C(CC(=O)O)NC(=O)C(Cc4c[nH]c5ccccc45)NC(=O)C(CCCNC(=N)N)NC(=O)C(Cc4ccccc4)NC(=O)C(Cc4cnc[nH]4)NC(=O)CNC(=O)C(CCCC)NC(=O)C(CS2)NC(=O)C(CCCNC(=N)N)NC(=O)C(Cc2c[nH]c4ccccc24)NC(=O)C(CCCNC(=N)N)NC(=O)C(Cc2ccccc2)NC(=O)C(Cc2cnc[nH]2)NC3=O)C1=O,0.0,0.0,0.0,0.0,0.0,0.0,0.0,0.0,0.0,0.0,0.0,0.0,7.21
C=C(Br)CN(C(=O)CCCc1c[nH]c2ccccc12)C1CCC(CC2CCC(N)CC2)CC1,0.0,0.0,0.0,0.0,5.5,0.0,0.0,0.0,0.0,0.0,0.0,0.0,0.0
C=CC(C)C(O)c1ccccc1N1CCN(C(=O)C(Cc2ccc(Cl)cc2Cl)NC(=O)CCN)CC1,0.0,0.0,0.0,7.54,0.0,0.0,0.0,0.0,0.0,0.0,0.0,0.0,0.0
CC(=Cc1ccccc1)CN(CCCCCCN)C(=O)c1cc2cc(O)ccc2[nH]1,0.0,0.0,0.0,0.0,4.96,0.0,0.0,0.0,0.0,0.0,0.0,0.0,0.0
CC(=Cc1ccccc1)CN(CCCCCN)C(=O)C=Cc1c[nH]c2ccccc12,0.0,0.0,0.0,0.0,4.0,0.0,0.0,0.0,0.0,0.0,0.0,0.0,0.0
CC(=Cc1ccccc1)CN(CCCCCN)C(=O)CCCc1c[nH]c2ccccc12,0.0,0.0,0.0,0.0,5.33,0.0,0.0,0.0,0.0,0.0,0.0,0.0,0.0
CC(=Cc1ccccc1)CN(CCCN)C(=O)C(=O)c1c[nH]c2ccccc12,0.0,0.0,0.0,0.0,5.21,0.0,0.0,0.0,0.0,0.0,0.0,0.0,0.0
CC(=Cc1ccccc1)CN(CCCN)C(=O)CCCc1cccs1,0.0,0.0,0.0,0.0,4.85,0.0,0.0,0.0,0.0,0.0,0.0,0.0,0.0
CC(=Cc1ccccc1)CN(CCCN)C(=O)Cc1c[nH]c2ccccc12,0.0,0.0,0.0,0.0,4.17,0.0,0.0,0.0,0.0,0.0,0.0,0.0,0.0
CC(=Cc1ccccc1)CN(CCCN)C(=O)c1c[nH]c2ccccc12,0.0,0.0,0.0,0.0,5.13,0.0,0.0,0.0,0.0,0.0,0.0,0.0,0.0
CC(=O)N(Cc1ccncc1)CC1(N2CCN(C(=O)C3CN(C(C)C)CC3c3ccc(Cl)cc3)CC2)CCCCC1,0.0,0.0,0.0,0.0,0.0,5.82,0.0,0.0,0.0,0.0,0.0,0.0,0.0
CC(=O)N1CC(C(=O)N2CCN(C3(CNCc4ccccc4)CCCCC3)CC2)C(c2ccc(Cl)cc2)C1,0.0,0.0,0.0,0.0,0.0,6.72,0.0,0.0,0.0,0.0,0.0,0.0,0.0
CC(=O)N1CC(C(=O)N2CCN(C3(CNCc4ccncc4)CCCCC3)CC2)C(c2ccc(Cl)cc2)C1,0.0,0.0,0.0,0.0,0.0,5.52,0.0,0.0,0.0,0.0,0.0,0.0,0.0
CC(=O)N1CC(C(=O)N2CCN(c3c(F)cccc3C(N)C(C)C)CC2)C(c2ccc(Cl)cc2)C1,0.0,0.0,0.0,0.0,0.0,6.66,0.0,0.0,0.0,0.0,0.0,0.0,0.0
CC(=O)N1CC(C(=O)N2CCN(c3ccc(C(F)(F)F)cc3C(N)CC(C)C)CC2)C(c2ccc(Cl)cc2)C1,0.0,0.0,0.0,0.0,0.0,7.18,0.0,0.0,0.0,0.0,0.0,0.0,0.0
CC(=O)N1CC(C(=O)N2CCN(c3ccc(C)cc3C(N)C(C)C)CC2)C(c2ccc(Cl)cc2)C1,0.0,0.0,0.0,0.0,0.0,6.96,0.0,0.0,0.0,0.0,0.0,0.0,0.0
CC(=O)N1CC(C(=O)N2CCN(c3ccc(C)cc3C(NC(=O)CCN(C)C)C(C)C)CC2)C(c2ccc(Cl)cc2)C1,0.0,0.0,0.0,0.0,0.0,8.12,0.0,0.0,0.0,0.0,0.0,0.0,0.0
CC(=O)N1CCC(CC(C)C)(N2CCN(C(=O)C(Cc3ccc(Cl)cc3)NC(=O)CC3NCc4ccccc43)CC2)CC1,0.0,0.0,0.0,0.0,0.0,7.43,0.0,0.0,0.0,0.0,0.0,0.0,0.0
CC(=O)N1CCCc2cccc(N3CCN(C(=O)C(Cc4ccc(Cl)cc4)NC(=O)C4Cc5ccccc5CN4)CC3)c21,0.0,0.0,0.0,5.11,0.0,0.0,0.0,0.0,0.0,0.0,0.0,0.0,0.0
CC(=O)N1CCc2cccc(N3CCN(C(=O)C(Cc4ccc(Cl)cc4)NC(=O)C4Cc5ccccc5CN4)CC3)c2C1,0.0,0.0,0.0,6.3,0.0,0.0,0.0,0.0,0.0,0.0,0.0,0.0,0.0
CC(=O)NC(CC(C)C)C(=O)NC(Cc1ccccc1)C(=O)NC(Cc1c[nH]cn1)C(=O)NC(Cc1ccc(O)cc1)C(=O)NC(CCC(N)=O)C(=O)NC(CCC(N)=O)C(=O)NC(CCCCN)C(=O)NC(CCC(N)=O)C(=O)NC(CCCCN)C(=O)N1CCCC1C(=O)N1CCCC1C(=O)NCC(=O)NC(Cc1ccccc1)C(=O)NC(CCCCN)C(=O)NCC(=O)NC(CCCCN)C(=O)NC(Cc1ccccc1)C(=O)NC(CCC(N)=O)C(=O)NC(CCC(N)=O)C(=O)NC(Cc1ccccc1)C(=O)NC(CCCCN)C(=O)NC(CC(C)C)C(=O)NC(CCCNC(=N)N)C(=O)N1CCCC1C(=O)N1CCCC1C(=O)O,6.87,0.0,0.0,0.0,0.0,0.0,0.0,0.0,0.0,0.0,0.0,0.0,0.0
CC(=O)NC(CCC(N)=O)C(=O)NC(Cc1ccccc1)C(=O)N1CC(OCc2ccc3ccccc3c2)CC1C(=O)NCCN=C(N)N,0.0,0.0,0.0,0.0,0.0,6.2,0.0,0.0,0.0,0.0,0.0,0.0,0.0
CC(=O)NC(CCC(N)=O)C(=O)NC(Cc1ccccc1)C(=O)N1CC(OCc2ccc3ccccc3c2)CC1CCCN=C(N)N,0.0,0.0,0.0,0.0,0.0,7.75,0.0,0.0,0.0,0.0,0.0,0.0,0.0
CC(=O)NC(CCCN)C(=O)NC1CC(=O)NCCCCC(C(N)=O)NC(=O)C(Cc2c[nH]c3ccccc23)NC(=O)C(CCCNC(=N)N)NC(=O)C(Cc2ccc3ccccc3c2)NC(=O)C(Cc2cnc[nH]2)NC1=O,0.0,0.0,0.0,0.0,0.0,0.0,0.0,0.0,0.0,10.38,0.0,0.0,0.0
CC(=O)NC(CCCN=C(N)N)C(=O)NC1CSSCC(C(N)=O)NC(=O)C(Cc2c[nH]c3ccccc23)NC(=O)C(CCCN=C(N)N)NC(=O)C(Cc2ccccc2)NC(=O)C(Cc2c[nH]cn2)NC(=O)C(CCC(=O)O)NC1=O,0.0,0.0,0.0,0.0,0.0,9.36,0.0,0.0,0.0,0.0,0.0,0.0,0.0
CC(=O)NC(CCCNC(=N)N)C(=O)NC(CS)C(=O)NC(C)C(=O)NC(Cc1cnc[nH]1)C(=O)NC(Cc1ccccc1)C(=O)NC(CCCNC(=N)N)C(=O)NC(Cc1c[nH]c2ccccc12)C(=O)NC(CS)C(N)=O,0.0,0.0,0.0,0.0,0.0,8.37,0.0,0.0,0.0,0.0,0.0,0.0,0.0
CC(=O)NC(CCCNC(=N)N)C(=O)NC1CSSCC(C(N)=O)NC(=O)C(Cc2c[nH]c3ccccc23)NC(=O)C(CCCNC(=N)N)NC(=O)C(Cc2ccccc2)NC(=O)C(Cc2c[nH]cn2)NC(=O)C(C)NC1=O,0.0,0.0,0.0,0.0,0.0,0.0,0.0,0.0,0.0,0.0,0.0,0.0,8.39
CC(=O)NC(CCc1ccccc1)C(=O)NC(Cc1cnc[nH]1)C(=O)NC(Cc1ccccc1)C(=O)NC(CCCNC(=N)N)C(=O)NC(Cc1c[nH]c2ccccc12)C(N)=O,0.0,0.0,0.0,0.0,0.0,6.0,0.0,0.0,0.0,0.0,0.0,0.0,0.0
CC(=O)NC(Cc1c[nH]cn1)C(=O)NC(Cc1ccccc1)C(=O)N1CC(OCc2ccc3ccccc3c2)CC1C(=O)NCCN=C(N)N,0.0,0.0,0.0,0.0,0.0,5.8,0.0,0.0,0.0,0.0,0.0,0.0,0.0
CC(=O)NC(Cc1c[nH]cn1)C(=O)NC(Cc1ccccc1)C(=O)N1CC(OCc2ccc3ccccc3c2)CC1CCCN=C(N)N,0.0,0.0,0.0,0.0,0.0,7.85,0.0,0.0,0.0,0.0,0.0,0.0,0.0
CC(=O)NC(Cc1ccc(Cl)cc1)C(=O)N1CCN(C2(CNC(=O)Cc3ccccc3)CCCCC2)CC1,0.0,0.0,0.0,0.0,0.0,6.96,0.0,0.0,0.0,0.0,0.0,0.0,0.0
CC(=O)NC(Cc1ccc(Cl)cc1Cl)C(=O)N1CCN(c2ccccc2CNCCc2cccs2)CC1,0.0,0.0,0.0,0.0,0.0,8.62,0.0,0.0,0.0,0.0,0.0,0.0,0.0
CC(=O)NC(Cc1ccc(Cl)cc1Cl)C(=O)N1CCN(c2ncccc2CNCCc2cccs2)CC1,0.0,0.0,0.0,0.0,0.0,7.68,0.0,0.0,0.0,0.0,0.0,0.0,0.0
CC(=O)NC(Cc1ccc(O)cc1)C(=O)NC(CCCCN)C(=O)NC1CSSCC(C(N)=O)NC(=O)C(Cc2c[nH]c3ccccc23)NC(=O)C(CCCN=C(N)N)NC(=O)C(Cc2ccccc2)NC(=O)C(Cc2c[nH]cn2)NC(=O)C(CCC(=O)O)NC1=O,0.0,0.0,0.0,0.0,0.0,8.91,0.0,0.0,0.0,0.0,0.0,0.0,0.0
CC(=O)NC(Cc1ccc(O)cc1)C(=O)NC(CCCN=C(N)N)C(=O)NC1CSSCC(C(=O)NC(CO)C(=O)N2CCCC2C(=O)N2CCCC2C(=O)NC(CCCCN)C(=O)NC(CC(=O)O)C(N)=O)NC(=O)C(Cc2c[nH]c3ccccc23)NC(=O)C(CCCN=C(N)N)NC(=O)C(Cc2ccccc2)NC(=O)C(Cc2c[nH]cn2)NC(=O)C(CCC(=O)O)NC1=O,0.0,0.0,0.0,0.0,0.0,9.28,0.0,0.0,0.0,0.0,0.0,0.0,0.0
CC(=O)NC(Cc1ccc(O)cc1)C(=O)NC(CCCN=C(N)N)C(=O)NC1CSSCC(C(N)=O)NC(=O)C(Cc2c[nH]c3ccccc23)NC(=O)C(CCCN=C(N)N)NC(=O)C(Cc2ccc(Cl)cc2)NC(=O)C(Cc2c[nH]cn2)NC(=O)C(CCC(=O)O)NC1=O,0.0,0.0,0.0,0.0,0.0,9.85,0.0,0.0,0.0,0.0,0.0,0.0,0.0
CC(=O)NC(Cc1ccc(O)cc1)C(=O)NC(CCCN=C(N)N)C(=O)NC1CSSCC(C(N)=O)NC(=O)C(Cc2c[nH]c3ccccc23)NC(=O)C(CCCN=C(N)N)NC(=O)C(Cc2ccc(F)cc2)NC(=O)C(Cc2c[nH]cn2)NC(=O)C(CCC(=O)O)NC1=O,0.0,0.0,0.0,0.0,0.0,9.55,0.0,0.0,0.0,0.0,0.0,0.0,0.0
CC(=O)NC(Cc1ccc(O)cc1)C(=O)NC(CCCN=C(N)N)C(=O)NC1CSSCC(C(N)=O)NC(=O)C(Cc2c[nH]c3ccccc23)NC(=O)C(CCCN=C(N)N)NC(=O)C(Cc2ccc3ccccc3c2)NC(=O)C(Cc2c[nH]cn2)NC(=O)C(CCC(=O)O)NC1=O,0.0,0.0,0.0,0.0,0.0,9.52,0.0,0.0,0.0,0.0,0.0,0.0,0.0
CC(=O)NC(Cc1ccc(O)cc1)C(=O)NC(CCCNC(N)=O)C(=O)NC1CSSCC(C(N)=O)NC(=O)C(Cc2c[nH]c3ccccc23)NC(=O)C(CCCN=C(N)N)NC(=O)C(Cc2ccccc2)NC(=O)C(Cc2c[nH]cn2)NC(=O)C(CCC(=O)O)NC1=O,0.0,0.0,0.0,0.0,0.0,8.6,0.0,0.0,0.0,0.0,0.0,0.0,0.0
CC(=O)NC(Cc1ccc(O)cc1)C(=O)NC(Cc1ccccc1)C(=O)N1CC(OCc2ccc3ccccc3c2)CC1C(=O)NCCN=C(N)N,0.0,0.0,0.0,0.0,0.0,6.25,0.0,0.0,0.0,0.0,0.0,0.0,0.0
CC(=O)NC(Cc1ccc(O)cc1)C(=O)NC(Cc1ccccc1)C(=O)N1CC(OCc2ccc3ccccc3c2)CC1CCCN=C(N)N,0.0,0.0,0.0,0.0,0.0,7.68,0.0,0.0,0.0,0.0,0.0,0.0,0.0
CC(=O)NC(Cc1ccc(O)cc1)C(=O)NC(Cc1ccccc1)C(=O)N1CC(OCc2ccccc2)CC1CCCN=C(N)N,0.0,0.0,0.0,8.0,0.0,0.0,0.0,0.0,0.0,0.0,0.0,0.0,0.0
CC(=O)NC(Cc1ccccc1)C(=O)N1CC(OCc2ccc3ccccc3c2)CC1CCCN=C(N)N,0.0,0.0,0.0,0.0,0.0,7.05,0.0,0.0,0.0,0.0,0.0,0.0,0.0
CC(=O)NC(c1cc(C)ccc1N1CCN(C(=O)C2CN(C(C)C)CC2c2ccc(Cl)cc2)CC1)C(C)C,0.0,0.0,0.0,0.0,0.0,7.33,0.0,0.0,0.0,0.0,0.0,0.0,0.0
CC(=O)NC1CCc2cccc(N3CCN(C(=O)C(Cc4ccc(Cl)cc4)NC(=O)C4Cc5ccccc5CN4)CC3)c2C1,0.0,0.0,0.0,6.39,0.0,0.0,0.0,0.0,0.0,0.0,0.0,0.0,0.0
CC(=O)NC1CSSCC(C(N)=O)NC(=O)C(CCCNC(=N)N)NC(=O)C(Cc2c[nH]c3ccccc23)N(C)C(=O)C(CCCNC(=N)N)N(C)C(=O)C(Cc2ccccc2)NC(=O)C(Cc2c[nH]cn2)NC1=O,0.0,0.0,0.0,0.0,0.0,0.0,0.0,0.0,0.0,0.0,0.0,0.0,5.69
CC(=O)NC1CSSCC(C(N)=O)NC(=O)C(Cc2c[nH]c3ccccc23)NC(=O)C(CCCN=C(N)N)NC(=O)C(Cc2ccccc2)NC(=O)C(Cc2c[nH]cn2)NC(=O)C(CCC(=O)O)NC1=O,0.0,0.0,0.0,0.0,0.0,8.64,0.0,0.0,0.0,0.0,0.0,0.0,0.0
CC(=O)NCC(=O)NC(CCCNC(=O)Cn1cc(CCC(=O)NC(Cc2cnc[nH]2)C(=O)NC(Cc2ccccc2)C(=O)NC(CCCNC(=N)N)C(=O)NC(Cc2c[nH]c3ccccc23)C(N)=O)nn1)(CCCNC(=O)Cn1cc(CCC(=O)NC(Cc2cnc[nH]2)C(=O)NC(Cc2ccccc2)C(=O)NC(CCCNC(=N)N)C(=O)NC(Cc2c[nH]c3ccccc23)C(N)=O)nn1)C(=O)NCCC(N)=O,0.0,0.0,0.0,0.0,0.0,6.6,0.0,0.0,0.0,0.0,0.0,0.0,0.0
CC(=O)NCC(c1ccccc1F)N1CCN(C)CC1,0.0,0.0,0.0,6.33,0.0,0.0,0.0,0.0,0.0,0.0,0.0,0.0,0.0
CC(=O)NCCCC(CCCNC(C)=O)(NC(=O)CNC(=O)Cn1cc(CCC(=O)NC(Cc2cnc[nH]2)C(=O)NC(Cc2ccccc2)C(=O)NC(CCCNC(=N)N)C(=O)NC(Cc2c[nH]c3ccccc23)C(N)=O)nn1)C(=O)NCCC(N)=O,0.0,0.0,0.0,0.0,0.0,5.41,0.0,0.0,0.0,0.0,0.0,0.0,0.0
CC(=O)NCCNc1nc2ccc(C(=O)N(CCC(C)C)CCC(C)C)cc2n1CCCN1CCCCC1,0.0,0.0,0.0,0.0,0.0,0.0,7.51,0.0,0.0,0.0,0.0,0.0,0.0
CC(=O)NCc1cccnc1N1CCN(C(=O)C(Cc2ccc(Cl)cc2Cl)NC(=O)CCN)CC1,0.0,0.0,0.0,0.0,0.0,5.55,0.0,0.0,0.0,0.0,0.0,0.0,0.0
CC(=O)Nc1ccc(CNCC2(N3CCN(C(=O)C4CN(C(C)C)CC4c4ccc(Cl)cc4)CC3)CCCCC2)cc1,0.0,0.0,0.0,0.0,0.0,7.54,0.0,0.0,0.0,0.0,0.0,0.0,0.0
CC(=O)Nc1ccc(Nc2nc3ccc(C(=O)N(CCC(C)C)CCC(C)C)cc3n2CCCN2CCCCC2)cc1,0.0,0.0,0.0,0.0,0.0,0.0,8.43,0.0,0.0,0.0,0.0,0.0,0.0
CC(=O)c1ccc(-c2nc3ccc(C(=O)N(CCC(C)C)CCC(C)C)cc3n2CCCN2CCCCC2)cc1,0.0,0.0,0.0,0.0,0.0,0.0,7.7,0.0,0.0,0.0,0.0,0.0,0.0
CC(=O)c1ccc(CNc2nc3ccc(C(=O)N(CCC(C)C)CCC(C)C)cc3n2CCCN2CCCCC2)cc1,0.0,0.0,0.0,0.0,0.0,0.0,8.24,0.0,0.0,0.0,0.0,0.0,0.0
CC(=O)c1ccc(Cc2nc3ccc(C(=O)N(CCC(C)C)CCC(C)C)cc3n2CCCN2CCCCC2)cc1,0.0,0.0,0.0,0.0,0.0,0.0,8.41,0.0,0.0,0.0,0.0,0.0,0.0
CC(=O)c1ccc(Nc2nc3ccc(C(=O)N(CC(C)C)CC(C)C)cc3n2CCCN)cc1,0.0,0.0,0.0,0.0,0.0,0.0,6.11,0.0,0.0,0.0,0.0,0.0,0.0
CC(=O)c1ccc(Nc2nc3ccc(C(=O)N(CCC(C)C)CCC(C)C)cc3n2C2CCN(C)CC2)cc1,0.0,0.0,0.0,0.0,0.0,0.0,7.3,0.0,0.0,0.0,0.0,0.0,0.0
CC(=O)c1ccc(Nc2nc3ccc(C(=O)N(CCC(C)C)CCC(C)C)cc3n2CC(C)(C)CN(C)C)cc1,0.0,0.0,0.0,0.0,0.0,0.0,6.14,0.0,0.0,0.0,0.0,0.0,0.0
CC(=O)c1ccc(Nc2nc3ccc(C(=O)N(CCC(C)C)CCC(C)C)cc3n2CCCCN)cc1,0.0,0.0,0.0,0.0,0.0,0.0,6.89,0.0,0.0,0.0,0.0,0.0,0.0
CC(=O)c1ccc(Nc2nc3ccc(C(=O)N(CCC(C)C)CCC(C)C)cc3n2CCCN(C)C)cc1,0.0,0.0,0.0,0.0,0.0,0.0,7.93,0.0,0.0,0.0,0.0,0.0,0.0
CC(=O)c1ccc(Nc2nc3ccc(C(=O)N(CCC(C)C)CCC(C)C)cc3n2CCCN)cc1,0.0,0.0,0.0,0.0,0.0,0.0,7.22,0.0,0.0,0.0,0.0,0.0,0.0
CC(=O)c1ccc(Nc2nc3ccc(C(=O)N(CCC(C)C)CCC(C)C)cc3n2CCCN2CCCC2)cc1,0.0,0.0,0.0,0.0,0.0,0.0,8.31,0.0,0.0,0.0,0.0,0.0,0.0
CC(=O)c1ccc(Nc2nc3ccc(C(=O)N(CCC(C)C)CCC(C)C)cc3n2CCCN2CCCCC2)cc1,0.0,0.0,0.0,0.0,0.0,0.0,8.71,0.0,0.0,0.0,0.0,0.0,0.0
CC(=O)c1ccc(Nc2nc3ccc(C(=O)N(CCC(C)C)CCC(C)C)cc3n2CCCN2CCN(C)CC2)cc1,0.0,0.0,0.0,0.0,0.0,0.0,7.35,0.0,0.0,0.0,0.0,0.0,0.0
CC(=O)c1ccc(Nc2nc3ccc(C(=O)N(CCC(C)C)CCC(C)C)cc3n2CCCN2CCOCC2)cc1,0.0,0.0,0.0,0.0,0.0,0.0,7.49,0.0,0.0,0.0,0.0,0.0,0.0
CC(=O)c1ccc(Nc2nc3ccc(C(=O)N(CCC(C)C)CCC(C)C)cc3n2CCCNC(=O)OC(C)(C)C)cc1,0.0,0.0,0.0,0.0,0.0,0.0,4.07,0.0,0.0,0.0,0.0,0.0,0.0
CC(=O)c1ccc(Nc2nc3ccc(C(=O)N(CCC(C)C)CCC(C)C)cc3n2CCCO)cc1,0.0,0.0,0.0,0.0,0.0,0.0,5.64,0.0,0.0,0.0,0.0,0.0,0.0
CC(=O)c1ccc(Nc2nc3ccc(C(=O)N(CCC(C)C)CCC(C)C)cc3n2CCN)cc1,0.0,0.0,0.0,0.0,0.0,0.0,6.66,0.0,0.0,0.0,0.0,0.0,0.0
CC(=O)c1cccc(Nc2nc3ccc(C(=O)N(CCC(C)C)CCC(C)C)cc3n2CCCN2CCCCC2)c1,0.0,0.0,0.0,0.0,0.0,0.0,8.35,0.0,0.0,0.0,0.0,0.0,0.0
CC(=O)c1ccccc1Nc1nc2ccc(C(=O)N(CCC(C)C)CCC(C)C)cc2n1CCCN1CCCCC1,0.0,0.0,0.0,0.0,0.0,0.0,6.96,0.0,0.0,0.0,0.0,0.0,0.0
CC(C)(C(=O)N1CCN(c2ccccc2CNCCc2cccs2)CC1)c1ccc(Cl)cc1,0.0,0.0,0.0,0.0,0.0,5.42,0.0,0.0,0.0,0.0,0.0,0.0,0.0
CC(C)(C)CC(=O)NC(Cc1ccc(Cl)cc1)C(=O)N1CCN(C2(CNC(=O)Cc3ccccc3)CCCCC2)CC1,0.0,0.0,0.0,0.0,0.0,6.12,0.0,0.0,0.0,0.0,0.0,0.0,0.0
CC(C)(C)CCNCC1(N2CCN(C(=O)C(Cc3ccc(Cl)cc3Cl)NC(=O)CCN)CC2)CCCCC1,0.0,0.0,0.0,0.0,0.0,6.47,0.0,0.0,0.0,0.0,0.0,0.0,0.0
CC(C)(C)NC(=O)NC(Cc1ccc(Cl)cc1Cl)C(=O)N1CCN(c2ccccc2CNCCc2cccs2)CC1,0.0,0.0,0.0,0.0,0.0,8.62,0.0,0.0,0.0,0.0,0.0,0.0,0.0
CC(C)(C)c1ccc(C(=O)NCC2(N3CCN(C(=O)C(Cc4ccc(Cl)cc4Cl)NC(=O)CCN)CC3)CCCCC2)cc1,0.0,0.0,0.0,0.0,0.0,6.28,0.0,0.0,0.0,0.0,0.0,0.0,0.0
CC(C)(CO)NCc1cccnc1N1CCN(C(=O)C(Cc2ccc(Cl)cc2Cl)NC(=O)CCN)CC1,0.0,0.0,0.0,0.0,0.0,6.32,0.0,0.0,0.0,0.0,0.0,0.0,0.0
CC(C)(N)C(=O)NC(Cc1ccc(Cl)cc1)C(=O)N1CCN(c2ccccc2CNCCc2cccs2)CC1,0.0,0.0,0.0,0.0,0.0,7.18,0.0,0.0,0.0,0.0,0.0,0.0,0.0
CC(C)(N)CN=C(Nc1ccc(C(=O)NCCc2ccc(Cl)cc2Cl)cc1)NC1CCCCC1,0.0,0.0,0.0,5.89,0.0,0.0,0.0,0.0,0.0,0.0,0.0,0.0,0.0
CC(C)C(=O)N1CC(C(=O)N2CCN(C3(CNCc4ccccc4)CCCCC3)CC2)C(c2ccc(Cl)cc2)C1,0.0,0.0,0.0,0.0,0.0,6.68,0.0,0.0,0.0,0.0,0.0,0.0,0.0
CC(C)C(=O)N1CC(C(=O)N2CCN(c3c(F)cccc3C(N)C(C)C)CC2)C(c2ccc(Cl)cc2)C1,0.0,0.0,0.0,0.0,0.0,6.6,0.0,0.0,0.0,0.0,0.0,0.0,0.0
CC(C)C(=O)NC(Cc1ccc(Cl)cc1)C(=O)N1CCN(C2(CNC(=O)Cc3ccccc3)CCCCC2)CC1,0.0,0.0,0.0,0.0,0.0,6.52,0.0,0.0,0.0,0.0,0.0,0.0,0.0
CC(C)C(N)C(=O)N1CC(C(=O)N2CCN(C3(CNCc4ccccc4)CCCCC3)CC2)C(c2ccc(Cl)cc2)C1,0.0,0.0,0.0,0.0,0.0,6.17,0.0,0.0,0.0,0.0,0.0,0.0,0.0
CC(C)C(N)c1cc(C(F)(F)F)ccc1N1CCN(C(=O)C(Cc2ccc(Cl)cc2Cl)N2CCCC2=O)CC1,0.0,0.0,0.0,0.0,0.0,8.35,0.0,0.0,0.0,0.0,0.0,0.0,0.0
CC(C)C(N)c1cc(C(F)(F)F)ccc1N1CCN(C(=O)C2CN(Cc3ccccc3)CC2c2ccc(Cl)cc2Cl)CC1,0.0,0.0,0.0,0.0,0.0,6.21,0.0,0.0,0.0,0.0,0.0,0.0,0.0
CC(C)C(N)c1cc(C(F)(F)F)ccc1N1CCN(C(=O)CCc2ccc(Cl)cc2Cl)CC1,0.0,0.0,0.0,0.0,0.0,6.85,0.0,0.0,0.0,0.0,0.0,0.0,0.0
CC(C)C(N)c1cccc(F)c1N1CCN(C(=O)C2CCOC2c2ccc(Cl)cc2)CC1,0.0,0.0,0.0,0.0,0.0,5.96,0.0,0.0,0.0,0.0,0.0,0.0,0.0
CC(C)C(N)c1cccc(F)c1N1CCN(C(=O)C2CN(C(=O)C(C)(C)C)CC2c2ccc(Cl)cc2)CC1,0.0,0.0,0.0,0.0,0.0,6.27,0.0,0.0,0.0,0.0,0.0,0.0,0.0
CC(C)C(N)c1cccc(F)c1N1CCN(C(=O)C2CN(C(=O)C3CC3)CC2c2ccc(Cl)cc2)CC1,0.0,0.0,0.0,0.0,0.0,7.51,0.0,0.0,0.0,0.0,0.0,0.0,0.0
CC(C)C(N)c1cccc(F)c1N1CCN(C(=O)C2CN(C(=O)C3CCCCC3)CC2c2ccc(Cl)cc2)CC1,0.0,0.0,0.0,0.0,0.0,6.46,0.0,0.0,0.0,0.0,0.0,0.0,0.0
CC(C)C(N)c1cccc(F)c1N1CCN(C(=O)C2CN(C(=O)c3ccccc3)CC2c2ccc(Cl)cc2)CC1,0.0,0.0,0.0,0.0,0.0,6.8,0.0,0.0,0.0,0.0,0.0,0.0,0.0
CC(C)C(N)c1cccc(F)c1N1CCN(C(=O)C2CN(C(C)C)CC2c2ccc(Cl)cc2)CC1,0.0,0.0,0.0,0.0,0.0,7.68,0.0,0.0,0.0,0.0,0.0,0.0,0.0
CC(C)C(N)c1cccc(F)c1N1CCN(C(=O)C2CN(C)CC2c2ccc(Cl)cc2)CC1,0.0,0.0,0.0,0.0,0.0,7.09,0.0,0.0,0.0,0.0,0.0,0.0,0.0
CC(C)C(N)c1cccc(F)c1N1CCN(C(=O)C2CN(C3CCC3)CC2c2ccc(Cl)cc2)CC1,0.0,0.0,0.0,0.0,0.0,7.5,0.0,0.0,0.0,0.0,0.0,0.0,0.0
CC(C)C(N)c1cccc(F)c1N1CCN(C(=O)C2CN(C3CCCC3)CC2c2ccc(Cl)cc2)CC1,0.0,0.0,0.0,0.0,0.0,7.58,0.0,0.0,0.0,0.0,0.0,0.0,0.0
CC(C)C(N)c1cccc(F)c1N1CCN(C(=O)C2CN(CCC(F)(F)F)CC2c2ccc(Cl)cc2)CC1,0.0,0.0,0.0,0.0,0.0,6.69,0.0,0.0,0.0,0.0,0.0,0.0,0.0
CC(C)C(N)c1cccc(F)c1N1CCN(C(=O)C2CN(CCO)CC2c2ccc(Cl)cc2)CC1,0.0,0.0,0.0,0.0,0.0,6.24,0.0,0.0,0.0,0.0,0.0,0.0,0.0
CC(C)C(N)c1cccc(F)c1N1CCN(C(=O)C2CN(Cc3ccccc3)CC2c2ccc(Cl)cc2)CC1,0.0,0.0,0.0,0.0,0.0,7.03,0.0,0.0,0.0,0.0,0.0,0.0,0.0
CC(C)C(N)c1cccc(F)c1N1CCN(C(=O)C2COCC2c2ccc(Cl)cc2)CC1,0.0,0.0,0.0,0.0,0.0,6.1,0.0,0.0,0.0,0.0,0.0,0.0,0.0
CC(C)C(NC(=O)CCN(C)C)c1cccc(F)c1N1CCN(C(=O)C2CCOC2c2ccc(Cl)cc2)CC1,0.0,0.0,0.0,0.0,0.0,6.32,0.0,0.0,0.0,0.0,0.0,0.0,0.0
CC(C)C(NC(=O)CCN(C)C)c1cccc(F)c1N1CCN(C(=O)C2CN(C(C)C)CC2c2cc(F)cc(F)c2)CC1,0.0,0.0,0.0,0.0,0.0,5.11,0.0,0.0,0.0,0.0,0.0,0.0,0.0
CC(C)C(NC(=O)CCN(C)C)c1cccc(F)c1N1CCN(C(=O)C2CN(C(C)C)CC2c2cc(F)ccc2F)CC1,0.0,0.0,0.0,0.0,0.0,5.69,0.0,0.0,0.0,0.0,0.0,0.0,0.0
CC(C)C(NC(=O)CCN(C)C)c1cccc(F)c1N1CCN(C(=O)C2CN(C(C)C)CC2c2ccc(C(F)(F)F)c(F)c2)CC1,0.0,0.0,0.0,0.0,0.0,7.29,0.0,0.0,0.0,0.0,0.0,0.0,0.0
CC(C)C(NC(=O)CCN(C)C)c1cccc(F)c1N1CCN(C(=O)C2CN(C(C)C)CC2c2ccc(C(F)(F)F)cc2F)CC1,0.0,0.0,0.0,0.0,0.0,7.21,0.0,0.0,0.0,0.0,0.0,0.0,0.0
CC(C)C(NC(=O)CCN(C)C)c1cccc(F)c1N1CCN(C(=O)C2CN(C(C)C)CC2c2ccc(Cl)cc2)CC1,0.0,0.0,0.0,0.0,0.0,8.28,0.0,0.0,0.0,0.0,0.0,0.0,0.0
CC(C)C(NC(=O)CCN(C)C)c1cccc(F)c1N1CCN(C(=O)C2CN(C(C)C)CC2c2ccc(Cl)cc2Cl)CC1,0.0,0.0,0.0,0.0,0.0,8.12,0.0,0.0,0.0,0.0,0.0,0.0,0.0
CC(C)C(NC(=O)CCN(C)C)c1cccc(F)c1N1CCN(C(=O)C2CN(C(C)C)CC2c2ccc(F)c(F)c2)CC1,0.0,0.0,0.0,0.0,0.0,6.54,0.0,0.0,0.0,0.0,0.0,0.0,0.0
CC(C)C(NC(=O)CCN(C)C)c1cccc(F)c1N1CCN(C(=O)C2CN(C(C)C)CC2c2cccc(Cl)c2)CC1,0.0,0.0,0.0,0.0,0.0,6.43,0.0,0.0,0.0,0.0,0.0,0.0,0.0
CC(C)C(NC(=O)CCN(C)C)c1cccc(F)c1N1CCN(C(=O)C2CN(C(C)C)CC2c2cccc(F)c2)CC1,0.0,0.0,0.0,0.0,0.0,6.25,0.0,0.0,0.0,0.0,0.0,0.0,0.0
CC(C)C(NC(=O)CCN(C)C)c1cccc(F)c1N1CCN(C(=O)C2CN(C(C)C)CC2c2ccoc2)CC1,0.0,0.0,0.0,0.0,0.0,6.07,0.0,0.0,0.0,0.0,0.0,0.0,0.0
CC(C)C(NC(=O)CCN(C)C)c1cccc(F)c1N1CCN(C(=O)C2COCC2c2ccc(Cl)cc2)CC1,0.0,0.0,0.0,0.0,0.0,7.55,0.0,0.0,0.0,0.0,0.0,0.0,0.0
CC(C)C(NC(=O)CCN(C)C)c1cccc(F)c1N1CCN(C(=O)C2CS(=O)(=O)CC2c2ccc(Cl)cc2)CC1,0.0,0.0,0.0,0.0,0.0,7.43,0.0,0.0,0.0,0.0,0.0,0.0,0.0
CC(C)C(NC(=O)CCN)c1cccc(F)c1N1CCN(C(=O)C2CN(C(C)C)CC2c2ccc(Cl)cc2)CC1,0.0,0.0,0.0,0.0,0.0,7.89,0.0,0.0,0.0,0.0,0.0,0.0,0.0
CC(C)C(O)CCC(C)C(O)CCC(C)C(CCC(O)C(C)CCC(O)C(C)CCC(OCCCCc1cn(CCCCCC(=O)NC(Cc2cnc[nH]2)C(=O)NC(Cc2ccccc2)C(=O)NC(CCCNC(=N)N)C(=O)NC(Cc2c[nH]c3ccccc23)C(N)=O)nn1)C(C)C)OCCCCc1cn(CCCCCC(=O)NC(Cc2cnc[nH]2)C(=O)NC(Cc2ccccc2)C(=O)NC(CCCNC(=N)N)C(=O)NC(Cc2c[nH]c3ccccc23)C(N)=O)nn1,0.0,0.0,0.0,0.0,0.0,6.09,0.0,0.0,0.0,0.0,0.0,0.0,0.0
CC(C)C(O)CCC(C)C(O)CCC(C)C(O)CCC(OCCCCc1cn(CCCCCC(=O)NC(Cc2cnc[nH]2)C(=O)NC(Cc2ccccc2)C(=O)NC(CCCNC(=N)N)C(=O)NC(Cc2c[nH]c3ccccc23)C(N)=O)nn1)C(C)CCC(O)C(C)CCC(O)C(C)C,0.0,0.0,0.0,0.0,0.0,5.66,0.0,0.0,0.0,0.0,0.0,0.0,0.0
CC(C)C(O)c1ccccc1N1CCN(C(=O)C(Cc2ccc(Cl)cc2Cl)NC(=O)CCN)CC1,0.0,0.0,0.0,6.96,0.0,0.0,0.0,0.0,0.0,0.0,0.0,0.0,0.0
CC(C)C1(N2CCN(C(=O)C(Cc3ccc(Cl)cc3)NC(=O)CC3NCc4ccccc43)CC2)CCN(C)CC1,0.0,0.0,0.0,0.0,0.0,7.38,0.0,0.0,0.0,0.0,0.0,0.0,0.0
CC(C)CC(=O)NC(Cc1ccc(Cl)cc1)C(=O)N1CCN(C2(CNC(=O)Cc3ccccc3)CCCCC2)CC1,0.0,0.0,0.0,0.0,0.0,6.57,0.0,0.0,0.0,0.0,0.0,0.0,0.0
CC(C)CC(=O)c1ccccc1N1CCN(C(=O)C(Cc2ccc(Cl)cc2Cl)N(Cc2ccccn2)Cc2ccccn2)CC1,0.0,0.0,0.0,6.96,0.0,0.0,0.0,0.0,0.0,0.0,0.0,0.0,0.0
CC(C)CC(=O)c1ccccc1N1CCN(C(=O)C(Cc2ccc(Cl)cc2Cl)NC(=O)C(C)(C)N)CC1,0.0,0.0,0.0,6.96,0.0,0.0,0.0,0.0,0.0,0.0,0.0,0.0,0.0
CC(C)CC(=O)c1ccccc1N1CCN(C(=O)C(Cc2ccc(Cl)cc2Cl)NC(=O)C(C)N)CC1,0.0,0.0,0.0,7.58,0.0,0.0,0.0,0.0,0.0,0.0,0.0,0.0,0.0
CC(C)CC(=O)c1ccccc1N1CCN(C(=O)C(Cc2ccc(Cl)cc2Cl)NC(=O)CCN)CC1,0.0,0.0,0.0,7.62,0.0,0.0,0.0,0.0,0.0,0.0,0.0,0.0,0.0
CC(C)CC(=O)c1ccccc1N1CCN(C(=O)C(Cc2ccc(Cl)cc2Cl)NC(=O)CN)CC1,0.0,0.0,0.0,7.48,0.0,0.0,0.0,0.0,0.0,0.0,0.0,0.0,0.0
CC(C)CC(=O)c1ccccc1N1CCN(C(=O)C(Cc2ccc(Cl)cc2Cl)NC(C)C)CC1,0.0,0.0,0.0,6.25,0.0,0.0,0.0,0.0,0.0,0.0,0.0,0.0,0.0
CC(C)CC(=O)c1ccccc1N1CCN(C(=O)C(Cc2ccc(Cl)cc2Cl)NCC2CCOC2)CC1,0.0,0.0,0.0,6.82,0.0,0.0,0.0,0.0,0.0,0.0,0.0,0.0,0.0
CC(C)CC(C1CCCCC1)N1CCN(C(=O)C(Cc2ccc(Cl)cc2)NC(=O)CC2Cc3ccccc3N2)CC1,0.0,0.0,0.0,0.0,0.0,7.27,0.0,0.0,0.0,0.0,0.0,0.0,0.0
CC(C)CC(CC(C)C)N1CCN(C(=O)C(Cc2ccc(Cl)cc2)NC(=O)CC2Cc3ccccc3N2)CC1,0.0,0.0,0.0,0.0,0.0,7.75,0.0,0.0,0.0,0.0,0.0,0.0,0.0
CC(C)CC(N)C(=O)NC(C)C(=O)NC(Cc1c[nH]cn1)C(=O)NC(Cc1ccc(O)cc1)C(=O)NC(CCC(N)=O)C(=O)NC(CCC(N)=O)C(=O)NC(CCCCN)C(=O)NC(CCC(N)=O)C(=O)NC(CCCCN)C(=O)N1CCCC1C(=O)N1CCCC1C(=O)NCC(=O)NC(Cc1ccccc1)C(=O)NC(CCCCN)C(=O)NCC(=O)NC(CCCCN)C(=O)NC(Cc1ccccc1)C(=O)NC(CCC(N)=O)C(=O)NC(CCC(N)=O)C(=O)NC(Cc1ccccc1)C(=O)NC(CCCCN)C(=O)NC(CC(C)C)C(=O)NC(CCCNC(=N)N)C(=O)N1CCCC1C(=O)N1CCCC1C(=O)O,6.63,0.0,0.0,0.0,0.0,0.0,0.0,0.0,0.0,0.0,0.0,0.0,0.0
CC(C)CC(N)C(=O)NC(Cc1ccc(Cl)cc1)C(=O)N1CCN(c2ccccc2CNCCc2cccs2)CC1,0.0,0.0,0.0,0.0,0.0,7.52,0.0,0.0,0.0,0.0,0.0,0.0,0.0
CC(C)CC(N)C(=O)NC(Cc1ccccc1)C(=O)NC(Cc1c[nH]cn1)C(=O)NC(C)C(=O)NC(CCC(N)=O)C(=O)NC(CCC(N)=O)C(=O)NC(CCCCN)C(=O)NC(CCC(N)=O)C(=O)NC(CCCCN)C(=O)N1CCCC1C(=O)N1CCCC1C(=O)NCC(=O)NC(Cc1ccccc1)C(=O)NC(CCCCN)C(=O)NCC(=O)NC(CCCCN)C(=O)NC(Cc1ccccc1)C(=O)NC(CCC(N)=O)C(=O)NC(CCC(N)=O)C(=O)NC(Cc1ccccc1)C(=O)NC(CCCCN)C(=O)NC(CC(C)C)C(=O)NC(CCCNC(=N)N)C(=O)N1CCCC1C(=O)N1CCCC1C(=O)O,6.96,0.0,0.0,0.0,0.0,0.0,0.0,0.0,0.0,0.0,0.0,0.0,0.0
CC(C)CC(N)C(=O)NC(Cc1ccccc1)C(=O)NC(Cc1c[nH]cn1)C(=O)NC(Cc1ccc(O)cc1)C(=O)NC(C)C(=O)NC(CCC(N)=O)C(=O)NC(C)C(=O)NC(CCC(N)=O)C(=O)NC1CSSCC(C(=O)NC(CCC(N)=O)C(=O)NC(Cc2ccccc2)C(=O)NC(CCCCN)C(=O)NC(CC(C)C)C(=O)NC(CCCNC(=N)N)C(=O)N2CCCC2C(=O)N2CCCC2C(=O)O)NC(=O)C(Cc2ccccc2)NC(=O)C(CCCCN)NC(=O)CNC(=O)C(CCCCN)NC(=O)C(Cc2ccccc2)NC(=O)CNC(=O)C2CCCN2C(=O)C2CCCN2C1=O,6.61,0.0,0.0,0.0,0.0,0.0,0.0,0.0,0.0,0.0,0.0,0.0,0.0
CC(C)CC(N)C(=O)NC(Cc1ccccc1)C(=O)NC(Cc1c[nH]cn1)C(=O)NC(Cc1ccc(O)cc1)C(=O)NC(C)C(=O)NC(CCC(N)=O)C(=O)NC1CSSCC(C(=O)NC(CCC(N)=O)C(=O)NC(Cc2ccccc2)C(=O)NC(CCCCN)C(=O)NC(CC(C)C)C(=O)NC(CCCNC(=N)N)C(=O)N2CCCC2C(=O)N2CCCC2C(=O)O)NC(=O)C(Cc2ccccc2)NC(=O)C(CCCCN)NC(=O)CNC(=O)C(CCCCN)NC(=O)C(Cc2ccccc2)NC(=O)CNC(=O)C2CCCN2C(=O)C2CCCN2C(=O)C(C)NC(=O)C(CCC(N)=O)NC1=O,6.61,0.0,0.0,0.0,0.0,0.0,0.0,0.0,0.0,0.0,0.0,0.0,0.0
CC(C)CC(N)C(=O)NC(Cc1ccccc1)C(=O)NC(Cc1c[nH]cn1)C(=O)NC(Cc1ccc(O)cc1)C(=O)NC(CCC(N)=O)C(=O)NC(CCC(N)=O)C(=O)NC(CCCCN)C(=O)NC(CCC(N)=O)C(=O)NC(CCCCN)C(=O)N1CCCC1C(=O)N1CCCC1C(=O)NCC(=O)NC(Cc1ccccc1)C(=O)NC(C)C(=O)NCC(=O)NC(CCCCN)C(=O)NC(Cc1ccccc1)C(=O)NC(CCC(N)=O)C(=O)NC(CCC(N)=O)C(=O)NC(Cc1ccccc1)C(=O)NC(CCCCN)C(=O)NC(CC(C)C)C(=O)NC(CCCNC(=N)N)C(=O)N1CCCC1C(=O)N1CCCC1C(=O)O,7.3,0.0,0.0,0.0,0.0,0.0,0.0,0.0,0.0,0.0,0.0,0.0,0.0
CC(C)CC(N)C(=O)NC(Cc1ccccc1)C(=O)NC(Cc1c[nH]cn1)C(=O)NC(Cc1ccc(O)cc1)C(=O)NC(CCC(N)=O)C(=O)NC(CCC(N)=O)C(=O)NC(CCCCN)C(=O)NC(CCC(N)=O)C(=O)NC(CCCCN)C(=O)N1CCCC1C(=O)N1CCCC1C(=O)NCC(=O)NC(Cc1ccccc1)C(=O)NC(CCC(=O)O)C(=O)NCC(=O)NC(CCCCN)C(=O)NC(Cc1ccccc1)C(=O)NC(CCC(N)=O)C(=O)NC(CCC(N)=O)C(=O)NC(Cc1ccccc1)C(=O)NC(CCCCN)C(=O)NC(CC(C)C)C(=O)NC(CCCNC(=N)N)C(=O)N1CCCC1C(=O)N1CCCC1C(=O)O,6.59,0.0,0.0,0.0,0.0,0.0,0.0,0.0,0.0,0.0,0.0,0.0,0.0
CC(C)CC(N)C(=O)NC(Cc1ccccc1)C(=O)NC(Cc1c[nH]cn1)C(=O)NC(Cc1ccc(O)cc1)C(=O)NC(CCC(N)=O)C(=O)NC(CCC(N)=O)C(=O)NC(CCCCN)C(=O)NC(CCC(N)=O)C(=O)NC(CCCCN)C(=O)N1CCCC1C(=O)N1CCCC1C(=O)NCC(=O)NC(Cc1ccccc1)C(=O)NC(CCCCN)C(=O)NCC(=O)NC(C)C(=O)NC(Cc1ccccc1)C(=O)NC(CCC(N)=O)C(=O)NC(CCC(N)=O)C(=O)NC(Cc1ccccc1)C(=O)NC(CCCCN)C(=O)NC(CC(C)C)C(=O)NC(CCCNC(=N)N)C(=O)N1CCCC1C(=O)N1CCCC1C(=O)O,7.14,0.0,0.0,0.0,0.0,0.0,0.0,0.0,0.0,0.0,0.0,0.0,0.0
CC(C)CC(N)C(=O)NC(Cc1ccccc1)C(=O)NC(Cc1c[nH]cn1)C(=O)NC(Cc1ccc(O)cc1)C(=O)NC(CCC(N)=O)C(=O)NC(CCC(N)=O)C(=O)NC(CCCCN)C(=O)NC(CCC(N)=O)C(=O)NC(CCCCN)C(=O)N1CCCC1C(=O)N1CCCC1C(=O)NCC(=O)NC(Cc1ccccc1)C(=O)NC(CCCCN)C(=O)NCC(=O)NC(CCC(=O)O)C(=O)NC(Cc1ccccc1)C(=O)NC(CCC(N)=O)C(=O)NC(CCC(N)=O)C(=O)NC(Cc1ccccc1)C(=O)NC(CCCCN)C(=O)NC(CC(C)C)C(=O)NC(CCCNC(=N)N)C(=O)N1CCCC1C(=O)N1CCCC1C(=O)O,6.7,0.0,0.0,0.0,0.0,0.0,0.0,0.0,0.0,0.0,0.0,0.0,0.0
CC(C)CC(N)C(=O)NC(Cc1ccccc1)C(=O)NC(Cc1c[nH]cn1)C(=O)NC(Cc1ccc(O)cc1)C(=O)NC(CCC(N)=O)C(=O)NC(CCC(N)=O)C(=O)NC(CCCCN)C(=O)NC(CCC(N)=O)C(=O)NC(CCCCN)C(=O)N1CCCC1C(=O)N1CCCC1C(=O)NCC(=O)NC(Cc1ccccc1)C(=O)NC(CCCCN)C(=O)NCC(=O)NC(CCCCN)C(=O)NC(Cc1ccccc1)C(=O)NC(CCC(N)=O)C(=O)NC(CCC(N)=O)C(=O)NC(Cc1ccccc1)C(=O)NC(CCCCN)C(=O)NC(CC(C)C)C(=O)NC(CCCNC(=N)N)C(=O)N1CCCC1C(=O)N1CCCC1C(=O)O,7.87,0.0,0.0,0.0,0.0,0.0,0.0,0.0,0.0,0.0,0.0,0.0,0.0
CC(C)CC(N)C(=O)NC(Cc1ccccc1)C(=O)NC(Cc1c[nH]cn1)C(=O)NC(Cc1ccc(O)cc1)C(=O)NC(CCC(N)=O)C(=O)NC(CCC(N)=O)C(=O)NC(CCCCN)C(=O)NC(CCC(N)=O)C(=O)NC(CCCCN)C(=O)N1CCCC1C(=O)N1CCCC1C(=O)NCC(=O)NC(Cc1ccccc1)C(=O)NC(CCCCN)C(=O)NCC(=O)NC(CCCCN)C(=O)NC(Cc1ccccc1)C(=O)NC(CCC(N)=O)C(=O)NC(CCC(N)=O)C(=O)NC(Cc1ccccc1)C(=O)NC(CCCCN)C(=O)NC(CC(C)C)C(=O)NC(CCCNC(=N)N)C(=O)N1CCCC1C(=O)N1CCCC1C(N)=O,8.09,0.0,0.0,0.0,0.0,0.0,0.0,0.0,0.0,0.0,0.0,0.0,0.0
CC(C)CC(N)C(=O)NC(Cc1ccccc1)C(=O)NC(Cc1c[nH]cn1)C(=O)NC(Cc1ccc(O)cc1)C(=O)NC(CCC(N)=O)C(=O)NC(CCC(N)=O)C(=O)NC(CCCCN)C(=O)NC(CCC(N)=O)C(=O)NC(CCCCN)C(=O)N1CCCC1C(=O)N1CCCC1C(=O)NCC(=O)NC(Cc1ccccc1)C(=O)NC(CCCCN)C(=O)NCC(=O)NC(CCCCN)C(=O)NC(Cc1ccccc1)C(=O)NC(CCC(N)=O)C(=O)NC(CCC(N)=O)C(=O)NC(Cc1ccccc1)C(=O)NC(CCCCN)C(=O)NC(CC(C)C)C(=O)NC(CCCNC(=N)N)C(=O)O,7.91,0.0,0.0,0.0,0.0,0.0,0.0,0.0,0.0,0.0,0.0,0.0,0.0
CC(C)CC(N)C(=O)NC(Cc1ccccc1)C(=O)NC(Cc1c[nH]cn1)C(=O)NC(Cc1ccc(O)cc1)C(=O)NC(CCC(N)=O)C(=O)NC(CCC(N)=O)C(=O)NC(CCCCN)C(=O)NC(CCC(N)=O)C(=O)NC(CCCCN)C(=O)N1CCCC1C(=O)N1CCCC1C(=O)NCC(=O)NC(Cc1ccccc1)C(=O)NC(CCCCN)C(=O)NCC(=O)NC(CCCCN)C(=O)NC(Cc1ccccc1)C(=O)NC(CCC(N)=O)C(=O)NC(CCC(N)=O)C(=O)NC(Cc1ccccc1)C(=O)NC(CCCCN)C(=O)NC(CC(C)C)C(=O)O,7.56,0.0,0.0,0.0,0.0,0.0,0.0,0.0,0.0,0.0,0.0,0.0,0.0
CC(C)CC(N)C(=O)NC(Cc1ccccc1)C(=O)NC(Cc1c[nH]cn1)C(=O)NC(Cc1ccc(O)cc1)C(=O)NC(CCC(N)=O)C(=O)NC(CCC(N)=O)C(=O)NC(CCCCN)C(=O)NC(CCC(N)=O)C(=O)NC(CCCCN)C(=O)N1CCCC1C(=O)N1CCCC1C(=O)NCC(=O)NC(Cc1ccccc1)C(=O)NC(CCCCN)C(=O)NCC(=O)NC(CCCCN)C(=O)NC(Cc1ccccc1)C(=O)NC(CCC(N)=O)C(=O)NC(CCC(N)=O)C(=O)NC(Cc1ccccc1)C(=O)O,7.27,0.0,0.0,0.0,0.0,0.0,0.0,0.0,0.0,0.0,0.0,0.0,0.0
CC(C)CC(N)C(=O)NC(Cc1ccccc1)C(=O)NC(Cc1c[nH]cn1)C(=O)NC(Cc1ccc(O)cc1)C(=O)NC(CCC(N)=O)C(=O)NC(CCC(N)=O)C(=O)NC(CCCCN)C(=O)NC(CCC(N)=O)C(=O)NC(CCCCN)C(=O)N1CCCC1C(=O)N1CCCC1C(=O)NCC(=O)NC(Cc1ccccc1)C(=O)NC(CCCCN)C(=O)NCC(=O)NC(CCCCN)C(=O)NC(Cc1ccccc1)C(=O)NC(CCC(N)=O)C(=O)O,6.99,0.0,0.0,0.0,0.0,0.0,0.0,0.0,0.0,0.0,0.0,0.0,0.0
CC(C)CC(N)C(=O)NC(Cc1ccccc1)C(=O)NC(Cc1c[nH]cn1)C(=O)NC(Cc1ccc(O)cc1)C(=O)NC(CCC(N)=O)C(=O)NC(CCC(N)=O)C(=O)NC(CCCCN)C(=O)NC(CCC(N)=O)C(=O)NC(CCCCN)C(=O)N1CCCC1C(=O)N1CCCC1C(=O)NCC(=O)NC(Cc1ccccc1)C(=O)NC(CCCCN)C(=O)NCC(=O)NC(CCCCN)C(=O)NC1Cc2ccccc2N(C(CCC(N)=O)C(=O)NC(CCC(N)=O)C(=O)NC(Cc2ccccc2)C(=O)NC(CCC(=O)O)C(=O)NC(CC(C)C)C(=O)NC(CCCNC(=N)N)C(=O)N2CCCC2C(=O)N2CCCC2C(=O)O)C1=O,7.05,0.0,0.0,0.0,0.0,0.0,0.0,0.0,0.0,0.0,0.0,0.0,0.0
CC(C)CC(N)C(=O)NC(Cc1ccccc1)C(=O)NC(Cc1c[nH]cn1)C(=O)NC(Cc1ccc(O)cc1)C(=O)NC1CSSCC(C(=O)NC(CCC(N)=O)C(=O)NC(Cc2ccccc2)C(=O)NC(CCCCN)C(=O)NC(CC(C)C)C(=O)NC(CCCNC(=N)N)C(=O)N2CCCC2C(=O)N2CCCC2C(=O)O)NC(=O)C(Cc2ccccc2)NC(=O)C(CCCCN)NC(=O)CNC(=O)C(CCCCN)NC(=O)C(Cc2ccccc2)NC(=O)CNC(=O)C2CCCN2C(=O)C2CCCN2C(=O)C(C(C)C)NC(=O)C(CCC(N)=O)NC(=O)C(C(C)C)NC(=O)C(CCC(N)=O)NC1=O,7.22,0.0,0.0,0.0,0.0,0.0,0.0,0.0,0.0,0.0,0.0,0.0,0.0
CC(C)CC(N)C(=O)NC(Cc1ccccc1)C(=O)NC(Cc1c[nH]cn1)C(=O)NC(Cc1ccc(O)cc1)C(=O)NC1CSSCC(C(=O)NC(CCC(N)=O)C(=O)NC(Cc2ccccc2)C(=O)NC(CCCCN)C(=O)NC(CC(C)C)C(=O)NC(CCCNC(=N)N)C(=O)N2CCCC2C(=O)N2CCCC2C(=O)O)NC(=O)C(Cc2ccccc2)NC(=O)C(CCCCN)NC(=O)CNC(=O)C(CCCCN)NC(=O)C(Cc2ccccc2)NC(=O)CNC(=O)C2CCCN2C(=O)C2CCCN2C(=O)C(C)NC(=O)C(CCC(N)=O)NC(=O)C(C)NC(=O)C(CCC(N)=O)NC1=O,6.93,0.0,0.0,0.0,0.0,0.0,0.0,0.0,0.0,0.0,0.0,0.0,0.0
CC(C)CC(N)C(=O)NC(Cc1ccccc1)C(=O)NC(Cc1c[nH]cn1)C(=O)NC(Cc1ccc(O)cc1)C(=O)NC1CSSCC(C(=O)NC(CCC(N)=O)C(=O)NC(Cc2ccccc2)C(=O)NC(CCCCN)C(=O)NC(CC(C)C)C(=O)NC(CCCNC(=N)N)C(=O)N2CCCC2C(=O)N2CCCC2C(=O)O)NC(=O)C(Cc2ccccc2)NC(=O)C(CCCCN)NC(=O)CNC(=O)C(CCCCN)NC(=O)C(Cc2ccccc2)NC(=O)CNC(=O)C2CCCN2C(=O)C2CCCN2C(=O)C(CC(C)C)NC(=O)C(CCC(N)=O)NC(=O)C(CC(C)C)NC(=O)C(CCC(N)=O)NC1=O,7.03,0.0,0.0,0.0,0.0,0.0,0.0,0.0,0.0,0.0,0.0,0.0,0.0
CC(C)CC(N)C(=O)NC(Cc1ccccc1)C(=O)NC(Cc1c[nH]cn1)C(=O)NC(Cc1ccc(O)cc1)C(=O)NC1CSSCC(C(=O)NC(CCC(N)=O)C(=O)NC(Cc2ccccc2)C(=O)NC(CCCCN)C(=O)NC(CC(C)C)C(=O)NC(CCCNC(=N)N)C(=O)N2CCCC2C(=O)N2CCCC2C(=O)O)NC(=O)C(Cc2ccccc2)NC(=O)C(CCCCN)NC(=O)CNC(=O)C(CCCCN)NC(=O)C(Cc2ccccc2)NC(=O)CNC(=O)C2CCCN2C(=O)C2CCCN2C(=O)C(CCCCN)NC(=O)C(CCC(N)=O)NC(=O)C(CCCCN)NC(=O)C(CCC(N)=O)NC1=O,8.16,0.0,0.0,0.0,0.0,0.0,0.0,0.0,0.0,0.0,0.0,0.0,0.0
CC(C)CC(N)C(=O)NC(Cc1ccccc1)C(=O)NC(Cc1c[nH]cn1)C(=O)NC(Cc1ccc(O)cc1)C(=O)NC1CSSCC(C(=O)NC(CCC(N)=O)C(=O)NC(Cc2ccccc2)C(=O)NC(CCCCN)C(=O)NC(CC(C)C)C(=O)NC(CCCNC(=N)N)C(=O)N2CCCC2C(=O)N2CCCC2C(=O)O)NC(=O)C(Cc2ccccc2)NC(=O)C(CCCCN)NC(=O)CNC(=O)C(CCCCN)NC(=O)C(Cc2ccccc2)NC(=O)CNC(=O)C2CCCN2C(=O)C2CCCN2C(=O)C(CO)NC(=O)C(CCC(N)=O)NC(=O)C(CO)NC(=O)C(CCC(N)=O)NC1=O,7.17,0.0,0.0,0.0,0.0,0.0,0.0,0.0,0.0,0.0,0.0,0.0,0.0
CC(C)CC(N)C(=O)NC(Cc1ccccc1)C(=O)NC(Cc1c[nH]cn1)C(=O)NC(Cc1ccc(O)cc1)C(=O)NC1CSSCC(C(=O)NC(CCC(N)=O)C(=O)NC(Cc2ccccc2)C(=O)NC(CCCCN)C(=O)NC(CC(C)C)C(=O)NC(CCCNC(=N)N)C(=O)N2CCCC2C(=O)N2CCCC2C(=O)O)NC(=O)C(Cc2ccccc2)NC(=O)C(CCCCN)NC(=O)CNC(=O)C(CCCCN)NC(=O)C(Cc2ccccc2)NC(=O)CNC(=O)C2CCCN2C(=O)C2CCCN2C(=O)C2CSSCC(NC(=O)C(CCC(N)=O)NC1=O)C(=O)NC(CCC(N)=O)C(=O)N2,7.36,0.0,0.0,0.0,0.0,0.0,0.0,0.0,0.0,0.0,0.0,0.0,0.0
CC(C)CC(N)C(=O)NC(Cc1ccccc1)C(=O)NC(Cc1c[nH]cn1)C(=O)NC(Cc1ccc(O)cc1)C(=O)NC1CSSCC(C(=O)NC(CCC(N)=O)C(=O)NC2CSSCC(C(=O)NC(CCC(N)=O)C(=O)NC(Cc3ccccc3)C(=O)NC(CCCCN)C(=O)NC(CC(C)C)C(=O)NC(CCCNC(=N)N)C(=O)N3CCCC3C(=O)N3CCCC3C(=O)O)NC(=O)C(Cc3ccccc3)NC(=O)C(CCCCN)NC(=O)CNC(=O)C(CCCCN)NC(=O)C(Cc3ccccc3)NC(=O)CNC(=O)C3CCCN3C(=O)C3CCCN3C2=O)NC(=O)C(CCC(N)=O)NC1=O,7.38,0.0,0.0,0.0,0.0,0.0,0.0,0.0,0.0,0.0,0.0,0.0,0.0
CC(C)CC(N)C(=O)NC(Cc1ccccc1)C(=O)NC(Cc1c[nH]cn1)C(=O)NC(Cc1ccc(O)cc1)C(=O)NC1CSSCC2NC(=O)C(CCC(N)=O)NC(=O)C(CSSCC(C(=O)NC(CCC(N)=O)C(=O)NC(Cc3ccccc3)C(=O)NC(CCCCN)C(=O)NC(CC(C)C)C(=O)NC(CCCNC(=N)N)C(=O)N3CCCC3C(=O)N3CCCC3C(=O)O)NC(=O)C(Cc3ccccc3)NC(=O)C(CCCCN)NC(=O)CNC(=O)C(CCCCN)NC(=O)C(Cc3ccccc3)NC(=O)CNC(=O)C3CCCN3C(=O)C3CCCN3C2=O)NC(=O)C(CCC(N)=O)NC1=O,7.35,0.0,0.0,0.0,0.0,0.0,0.0,0.0,0.0,0.0,0.0,0.0,0.0
CC(C)CC(N)C(=O)NC(Cc1ccccc1)C(=O)NC(Cc1cnc[nH]1)C(=O)NC(Cc1ccc(O)cc1)C(=O)NC(CSC(N)=O)C(=O)NC(CCC(N)=O)C(=O)NC(CCCCN)C(=O)NC(CCC(N)=O)C(=O)NC(CCCCN)C(=O)N1CCCC1C(=O)N1CCCC1C(=O)NCC(=O)NC(Cc1ccccc1)C(=O)NC(CCCCN)C(=O)NCC(=O)NC(CCCCN)C(=O)NC(Cc1ccccc1)C(=O)NC(CSC(N)=O)C(=O)NC(CCC(N)=O)C(=O)NC(Cc1ccccc1)C(=O)NC(CCCCN)C(=O)NC(CC(C)C)C(=O)NC(CCCNC(=N)N)C(=O)N1CCCC1C(=O)N1CCCC1C(=O)O,7.9,0.0,0.0,0.0,0.0,0.0,0.0,0.0,0.0,0.0,0.0,0.0,0.0
CC(C)CC(N)c1cc(C(F)(F)F)ccc1N1CCN(C(=O)C(C)(C)Cc2ccc(Cl)cc2)CC1,0.0,0.0,0.0,6.09,0.0,0.0,0.0,0.0,0.0,0.0,0.0,0.0,0.0
CC(C)CC(N)c1cc(C(F)(F)F)ccc1N1CCN(C(=O)C(C)Cc2ccc(Cl)c(Cl)c2)CC1,0.0,0.0,0.0,0.0,0.0,6.92,0.0,0.0,0.0,0.0,0.0,0.0,0.0
CC(C)CC(N)c1cc(C(F)(F)F)ccc1N1CCN(C(=O)C(C)Cc2ccc(Cl)cc2)CC1,0.0,0.0,0.0,7.51,0.0,7.51,0.0,0.0,0.0,0.0,0.0,0.0,0.0
CC(C)CC(N)c1cc(C(F)(F)F)ccc1N1CCN(C(=O)C(C)Cc2ccc(Cl)cc2Cl)CC1,0.0,0.0,0.0,7.58,0.0,7.58,0.0,0.0,0.0,0.0,0.0,0.0,0.0
CC(C)CC(N)c1cc(C(F)(F)F)ccc1N1CCN(C(=O)C(C)Cc2ccc(Cl)cc2F)CC1,0.0,0.0,0.0,0.0,0.0,7.22,0.0,0.0,0.0,0.0,0.0,0.0,0.0
CC(C)CC(N)c1cc(C(F)(F)F)ccc1N1CCN(C(=O)C(C)Cc2ccc(Cl)cc2O)CC1,0.0,0.0,0.0,0.0,0.0,7.44,0.0,0.0,0.0,0.0,0.0,0.0,0.0
CC(C)CC(N)c1cc(C(F)(F)F)ccc1N1CCN(C(=O)C(C)Cc2cccc(Cl)c2)CC1,0.0,0.0,0.0,0.0,0.0,6.04,0.0,0.0,0.0,0.0,0.0,0.0,0.0
CC(C)CC(N)c1cc(C(F)(F)F)ccc1N1CCN(C(=O)C(Cc2ccc(Cl)cc2Cl)N2CCCC2=O)CC1,0.0,0.0,0.0,8.35,0.0,0.0,0.0,0.0,0.0,0.0,0.0,0.0,0.0
CC(C)CC(N)c1cc(C(F)(F)F)ccc1N1CCN(C(=O)C2C(=O)OCC2c2ccc(Cl)cc2)CC1,0.0,0.0,0.0,0.0,0.0,6.58,0.0,0.0,0.0,0.0,0.0,0.0,0.0
CC(C)CC(N)c1cc(C(F)(F)F)ccc1N1CCN(C(=O)C2CCOC2c2ccc(Cl)cc2)CC1,0.0,0.0,0.0,0.0,0.0,6.48,0.0,0.0,0.0,0.0,0.0,0.0,0.0
CC(C)CC(N)c1cc(C(F)(F)F)ccc1N1CCN(C(=O)C2CN(C(=O)CN)CC2c2ccc(Cl)cc2)CC1,0.0,0.0,0.0,0.0,0.0,7.02,0.0,0.0,0.0,0.0,0.0,0.0,0.0
CC(C)CC(N)c1cc(C(F)(F)F)ccc1N1CCN(C(=O)C2CN(C(=O)OC(C)(C)C)CC2c2ccc(Cl)cc2)CC1,0.0,0.0,0.0,0.0,0.0,6.41,0.0,0.0,0.0,0.0,0.0,0.0,0.0
CC(C)CC(N)c1cc(C(F)(F)F)ccc1N1CCN(C(=O)C2CN(C(=O)c3ccccc3)CC2c2ccc(Cl)cc2)CC1,0.0,0.0,0.0,0.0,0.0,7.52,0.0,0.0,0.0,0.0,0.0,0.0,0.0
CC(C)CC(N)c1cc(C(F)(F)F)ccc1N1CCN(C(=O)C2CN(CCN)CC2c2ccc(Cl)cc2)CC1,0.0,0.0,0.0,0.0,0.0,6.75,0.0,0.0,0.0,0.0,0.0,0.0,0.0
CC(C)CC(N)c1cc(C(F)(F)F)ccc1N1CCN(C(=O)C2CN(Cc3ccccc3)CC2c2ccc(Cl)cc2)CC1,0.0,0.0,0.0,0.0,0.0,6.92,0.0,0.0,0.0,0.0,0.0,0.0,0.0
CC(C)CC(N)c1cc(C(F)(F)F)ccc1N1CCN(C(=O)C2CN(S(C)(=O)=O)CC2c2ccc(Cl)cc2)CC1,0.0,0.0,0.0,0.0,0.0,7.02,0.0,0.0,0.0,0.0,0.0,0.0,0.0
CC(C)CC(N)c1cc(C(F)(F)F)ccc1N1CCN(C(=O)C2CN(c3ccccc3)CC2c2ccc(Cl)cc2)CC1,0.0,0.0,0.0,0.0,0.0,6.58,0.0,0.0,0.0,0.0,0.0,0.0,0.0
CC(C)CC(N)c1cc(C(F)(F)F)ccc1N1CCN(C(=O)C2CNCC2c2ccc(Cl)cc2)CC1,0.0,0.0,0.0,0.0,0.0,7.09,0.0,0.0,0.0,0.0,0.0,0.0,0.0
CC(C)CC(N)c1cc(C(F)(F)F)ccc1N1CCN(C(=O)C2COCC2c2ccc(Cl)cc2)CC1,0.0,0.0,0.0,0.0,0.0,6.55,0.0,0.0,0.0,0.0,0.0,0.0,0.0
CC(C)CC(N)c1cc(C(F)(F)F)ccc1N1CCN(C(=O)C2CS(=O)(=O)CC2c2ccc(Cl)cc2)CC1,0.0,0.0,0.0,0.0,0.0,7.42,0.0,0.0,0.0,0.0,0.0,0.0,0.0
CC(C)CC(N)c1cc(C(F)(F)F)ccc1N1CCN(C(=O)C2CSCC2c2ccc(Cl)cc2)CC1,0.0,0.0,0.0,0.0,0.0,6.55,0.0,0.0,0.0,0.0,0.0,0.0,0.0
CC(C)CC(N)c1cc(C(F)(F)F)ccc1N1CCN(C(=O)C2C[S+]([O-])CC2c2ccc(Cl)cc2)CC1,0.0,0.0,0.0,0.0,0.0,6.92,0.0,0.0,0.0,0.0,0.0,0.0,0.0
CC(C)CC(N)c1cc(C(F)(F)F)ccc1N1CCN(C(=O)CC(C)C(=O)c2ccc(Cl)cc2)CC1,0.0,0.0,0.0,0.0,0.0,5.96,0.0,0.0,0.0,0.0,0.0,0.0,0.0
CC(C)CC(N)c1cc(C(F)(F)F)ccc1N1CCN(C(=O)CCC(=O)c2ccc(Cl)cc2)CC1,0.0,0.0,0.0,0.0,0.0,6.09,0.0,0.0,0.0,0.0,0.0,0.0,0.0
CC(C)CC(N)c1cc(C(F)(F)F)ccc1N1CCN(C(=O)CCC2CCCCC2)CC1,0.0,0.0,0.0,0.0,0.0,5.24,0.0,0.0,0.0,0.0,0.0,0.0,0.0
CC(C)CC(N)c1cc(C(F)(F)F)ccc1N1CCN(C(=O)CCCC2CCCCC2)CC1,0.0,0.0,0.0,0.0,0.0,5.39,0.0,0.0,0.0,0.0,0.0,0.0,0.0
CC(C)CC(N)c1cc(C(F)(F)F)ccc1N1CCN(C(=O)CCc2c(Cl)cccc2Cl)CC1,0.0,0.0,0.0,0.0,0.0,5.58,0.0,0.0,0.0,0.0,0.0,0.0,0.0
CC(C)CC(N)c1cc(C(F)(F)F)ccc1N1CCN(C(=O)CCc2c[nH]c3ccccc23)CC1,0.0,0.0,0.0,0.0,0.0,6.19,0.0,0.0,0.0,0.0,0.0,0.0,0.0
CC(C)CC(N)c1cc(C(F)(F)F)ccc1N1CCN(C(=O)CCc2ccc(Cl)cc2Cl)CC1,0.0,0.0,0.0,7.13,0.0,7.13,0.0,0.0,0.0,0.0,0.0,0.0,0.0
CC(C)CC(N)c1cc(C(F)(F)F)ccc1N1CCN(C(=O)CCc2ccc(S(C)(=O)=O)cc2)CC1,0.0,0.0,0.0,0.0,0.0,5.31,0.0,0.0,0.0,0.0,0.0,0.0,0.0
CC(C)CC(N)c1cc(C(F)(F)F)ccc1N1CCN(C(=O)CCc2ccc3c(c2)OCO3)CC1,0.0,0.0,0.0,0.0,0.0,5.82,0.0,0.0,0.0,0.0,0.0,0.0,0.0
CC(C)CC(N)c1cc(C(F)(F)F)ccc1N1CCN(C(=O)CCc2cccc(C(F)(F)F)c2)CC1,0.0,0.0,0.0,0.0,0.0,5.66,0.0,0.0,0.0,0.0,0.0,0.0,0.0
CC(C)CC(N)c1cc(C(F)(F)F)ccc1N1CCN(C(=O)CCc2ccccc2Cl)CC1,0.0,0.0,0.0,0.0,0.0,5.77,0.0,0.0,0.0,0.0,0.0,0.0,0.0
CC(C)CC(N)c1cc(C(F)(F)F)ccc1N1CCN(C(=O)CCc2ccccc2F)CC1,0.0,0.0,0.0,0.0,0.0,5.55,0.0,0.0,0.0,0.0,0.0,0.0,0.0
CC(C)CC(N)c1cc(C(F)(F)F)ccc1N1CCN(C(=O)CCc2ccccc2O)CC1,0.0,0.0,0.0,0.0,0.0,5.48,0.0,0.0,0.0,0.0,0.0,0.0,0.0
CC(C)CC(N)c1cc(C(F)(F)F)ccc1N1CCN(C(=O)CCc2cccs2)CC1,0.0,0.0,0.0,0.0,0.0,5.34,0.0,0.0,0.0,0.0,0.0,0.0,0.0
CC(C)CC(N)c1cc(C(F)(F)F)ccc1N1CCN(C(=O)CCc2cn(C)c3ccccc23)CC1,0.0,0.0,0.0,0.0,0.0,5.52,0.0,0.0,0.0,0.0,0.0,0.0,0.0
CC(C)CC(N)c1cc(C(F)(F)F)ccc1N1CCN(C(=O)CCc2csc3ccccc23)CC1,0.0,0.0,0.0,0.0,0.0,5.64,0.0,0.0,0.0,0.0,0.0,0.0,0.0
CC(C)CC(N)c1cc(C(F)(F)F)ccc1N1CCN(C(=O)CNc2ccccc2)CC1,0.0,0.0,0.0,0.0,0.0,5.44,0.0,0.0,0.0,0.0,0.0,0.0,0.0
CC(C)CC(N)c1cc(C(F)(F)F)ccc1N1CCN(C(=O)COc2ccc(Cl)c(Cl)c2)CC1,0.0,0.0,0.0,0.0,0.0,5.6,0.0,0.0,0.0,0.0,0.0,0.0,0.0
CC(C)CC(N)c1cc(C(F)(F)F)ccc1N1CCN(C(=O)COc2ccc(Cl)cc2)CC1,0.0,0.0,0.0,0.0,0.0,5.54,0.0,0.0,0.0,0.0,0.0,0.0,0.0
CC(C)CC(N)c1cc(C(F)(F)F)ccc1N1CCN(C(=O)COc2ccc(Cl)cc2Cl)CC1,0.0,0.0,0.0,0.0,0.0,5.38,0.0,0.0,0.0,0.0,0.0,0.0,0.0
CC(C)CC(N)c1cc(C(F)(F)F)ccc1N1CCN(C(=O)COc2ccc(O)cc2)CC1,0.0,0.0,0.0,0.0,0.0,5.34,0.0,0.0,0.0,0.0,0.0,0.0,0.0
CC(C)CC(N)c1cc(C(F)(F)F)ccc1N1CCN(C(=O)COc2ccc([N+](=O)[O-])cc2)CC1,0.0,0.0,0.0,0.0,0.0,5.51,0.0,0.0,0.0,0.0,0.0,0.0,0.0
CC(C)CC(N)c1cc(C(F)(F)F)ccc1N1CCN(C(=O)COc2ccc3ccccc3c2)CC1,0.0,0.0,0.0,0.0,0.0,5.7,0.0,0.0,0.0,0.0,0.0,0.0,0.0
CC(C)CC(N)c1cc(C(F)(F)F)ccc1N1CCN(C(=O)COc2cccc(Cl)c2)CC1,0.0,0.0,0.0,0.0,0.0,5.58,0.0,0.0,0.0,0.0,0.0,0.0,0.0
CC(C)CC(N)c1cc(C(F)(F)F)ccc1N1CCN(C(=O)COc2cccc(Cl)c2Cl)CC1,0.0,0.0,0.0,0.0,0.0,5.6,0.0,0.0,0.0,0.0,0.0,0.0,0.0
CC(C)CC(N)c1cc(C(F)(F)F)ccc1N1CCN(C(=O)COc2cccc3ccccc23)CC1,0.0,0.0,0.0,0.0,0.0,5.58,0.0,0.0,0.0,0.0,0.0,0.0,0.0
CC(C)CC(N)c1cc(C(F)(F)F)ccc1N1CCN(C(=O)COc2ccccc2Cl)CC1,0.0,0.0,0.0,0.0,0.0,5.35,0.0,0.0,0.0,0.0,0.0,0.0,0.0
CC(C)CC(N)c1cc(C(F)(F)F)ccc1N1CCN(C(=O)CSc2ccc(Cl)cc2Cl)CC1,0.0,0.0,0.0,0.0,0.0,5.82,0.0,0.0,0.0,0.0,0.0,0.0,0.0
CC(C)CC(N)c1cc(C(F)(F)F)ccc1N1CCN(C(=O)Cc2ccc(Cl)cc2Cl)CC1,0.0,0.0,0.0,0.0,0.0,5.55,0.0,0.0,0.0,0.0,0.0,0.0,0.0
CC(C)CC(N)c1cc(C(F)(F)F)ccc1N1CCN(C(=O)Cn2cnc3ccccc32)CC1,0.0,0.0,0.0,0.0,0.0,5.68,0.0,0.0,0.0,0.0,0.0,0.0,0.0
CC(C)CC(N)c1cc(Cl)ccc1N1CCN(C(=O)C(C)Cc2ccc(Cl)cc2)CC1,0.0,0.0,0.0,0.0,0.0,7.17,0.0,0.0,0.0,0.0,0.0,0.0,0.0
CC(C)CC(N)c1cc(Cl)ccc1N1CCN(C(=O)C2CCOC2c2ccc(Cl)cc2)CC1,0.0,0.0,0.0,0.0,0.0,6.55,0.0,0.0,0.0,0.0,0.0,0.0,0.0
CC(C)CC(N)c1cc(F)ccc1N1CCN(C(=O)C(C)Cc2ccc(Cl)cc2)CC1,0.0,0.0,0.0,0.0,0.0,6.41,0.0,0.0,0.0,0.0,0.0,0.0,0.0
CC(C)CC(N)c1cc(F)ccc1N1CCN(C(=O)C(Cc2ccc(Cl)cc2Cl)N2CCCC2=O)CC1,0.0,0.0,0.0,7.58,0.0,0.0,0.0,0.0,0.0,0.0,0.0,0.0,0.0
CC(C)CC(N)c1cc(F)ccc1N1CCN(C(=O)CCc2ccc(Cl)cc2Cl)CC1,0.0,0.0,0.0,0.0,0.0,7.03,0.0,0.0,0.0,0.0,0.0,0.0,0.0
CC(C)CC(N)c1cccc(F)c1N1CCN(C(=O)C(Cc2ccc(Cl)cc2Cl)N2CCCC2=O)CC1,0.0,0.0,0.0,8.01,0.0,8.01,0.0,0.0,0.0,0.0,0.0,0.0,0.0
CC(C)CC(N)c1cccc(F)c1N1CCN(C(=O)CCc2ccc(Cl)cc2Cl)CC1,0.0,0.0,0.0,0.0,0.0,6.96,0.0,0.0,0.0,0.0,0.0,0.0,0.0
CC(C)CC(N)c1ccccc1N1CCN(C(=O)C(C)Cc2ccc(Cl)cc2)CC1,0.0,0.0,0.0,0.0,0.0,7.1,0.0,0.0,0.0,0.0,0.0,0.0,0.0
CC(C)CC(N)c1ccccc1N1CCN(C(=O)C(C)Cc2ccc(Cl)cc2Cl)CC1,0.0,0.0,0.0,0.0,0.0,7.8,0.0,0.0,0.0,0.0,0.0,0.0,0.0
CC(C)CC(N)c1ccccc1N1CCN(C(=O)C(C)Cc2ccc(Cl)cc2F)CC1,0.0,0.0,0.0,0.0,0.0,7.17,0.0,0.0,0.0,0.0,0.0,0.0,0.0
CC(C)CC(N)c1ccccc1N1CCN(C(=O)C(Cc2ccc(Cl)cc2Cl)N(CC(C)C)CC(C)C)CC1,0.0,0.0,0.0,5.92,0.0,0.0,0.0,0.0,0.0,0.0,0.0,0.0,0.0
CC(C)CC(N)c1ccccc1N1CCN(C(=O)C(Cc2ccc(Cl)cc2Cl)N(CC2CC2)CC2CC2)CC1,0.0,0.0,0.0,6.46,0.0,0.0,0.0,0.0,0.0,0.0,0.0,0.0,0.0
CC(C)CC(N)c1ccccc1N1CCN(C(=O)C(Cc2ccc(Cl)cc2Cl)N(Cc2ccccn2)Cc2ccccn2)CC1,0.0,0.0,0.0,8.7,0.0,0.0,0.0,0.0,0.0,0.0,0.0,0.0,0.0
CC(C)CC(N)c1ccccc1N1CCN(C(=O)C(Cc2ccc(Cl)cc2Cl)N2CCCC2=O)CC1,0.0,0.0,0.0,8.19,0.0,0.0,0.0,0.0,0.0,0.0,0.0,0.0,0.0
CC(C)CC(N)c1ccccc1N1CCN(C(=O)C(Cc2ccc(Cl)cc2Cl)NC(=O)C(C)(C)N)CC1,0.0,0.0,0.0,8.11,0.0,0.0,0.0,0.0,0.0,0.0,0.0,0.0,0.0
CC(C)CC(N)c1ccccc1N1CCN(C(=O)C(Cc2ccc(Cl)cc2Cl)NC(=O)C(C)N)CC1,0.0,0.0,0.0,8.38,0.0,0.0,0.0,0.0,0.0,0.0,0.0,0.0,0.0
CC(C)CC(N)c1ccccc1N1CCN(C(=O)C(Cc2ccc(Cl)cc2Cl)NC(=O)CCN)CC1,0.0,0.0,0.0,8.49,0.0,0.0,0.0,0.0,0.0,0.0,0.0,0.0,0.0
CC(C)CC(N)c1ccccc1N1CCN(C(=O)C(Cc2ccc(Cl)cc2Cl)NC(=O)CN)CC1,0.0,0.0,0.0,8.7,0.0,0.0,0.0,0.0,0.0,0.0,0.0,0.0,0.0
CC(C)CC(N)c1ccccc1N1CCN(C(=O)C(Cc2ccc(Cl)cc2Cl)NC(C)C)CC1,0.0,0.0,0.0,7.28,0.0,0.0,0.0,0.0,0.0,0.0,0.0,0.0,0.0
CC(C)CC(N)c1ccccc1N1CCN(C(=O)C(Cc2ccc(Cl)cc2Cl)NCC2CCOC2)CC1,0.0,0.0,0.0,7.82,0.0,0.0,0.0,0.0,0.0,0.0,0.0,0.0,0.0
CC(C)CC(N)c1cccnc1N1CCN(C(=O)C(C)Cc2ccc(Cl)cc2Cl)CC1,0.0,0.0,0.0,0.0,0.0,7.44,0.0,0.0,0.0,0.0,0.0,0.0,0.0
CC(C)CC(N)c1cccnc1N1CCN(C(=O)CCc2ccc(Cl)cc2Cl)CC1,0.0,0.0,0.0,0.0,0.0,6.58,0.0,0.0,0.0,0.0,0.0,0.0,0.0
CC(C)CC(NC(=O)C(C)(C)N)c1cc(F)ccc1N1CCN(C(=O)C(Cc2ccc(Cl)cc2Cl)N2CCCC2=O)CC1,0.0,0.0,0.0,7.24,0.0,0.0,0.0,0.0,0.0,0.0,0.0,0.0,0.0
CC(C)CC(NC(=O)C(C)N)c1cc(C(F)(F)F)ccc1N1CCN(C(=O)C2CN(C(C)C)CC2c2ccc(Cl)cc2)CC1,0.0,0.0,0.0,0.0,0.0,8.31,0.0,0.0,0.0,0.0,0.0,0.0,0.0
CC(C)CC(NC(=O)C(C)N)c1cc(C(F)(F)F)ccc1N1CCN(C(=O)C2CSCC2c2ccc(Cl)cc2)CC1,0.0,0.0,0.0,0.0,0.0,6.89,0.0,0.0,0.0,0.0,0.0,0.0,0.0
CC(C)CC(NC(=O)C(C)N)c1cc(F)ccc1N1CCN(C(=O)C(Cc2ccc(Cl)cc2Cl)N2CCCC2=O)CC1,0.0,0.0,0.0,8.15,0.0,0.0,0.0,0.0,0.0,0.0,0.0,0.0,0.0
CC(C)CC(NC(=O)C(CCCCN)NC(=O)C(Cc1ccccc1)NC(=O)C(CCC(N)=O)NC(=O)C(CCC(N)=O)NC(=O)C(Cc1ccccc1)NC(=O)C(CCCCN)NC(=O)CNC(=O)C(CCCCN)NC(=O)C(Cc1ccccc1)NC(=O)CNC(=O)C1CCCN1C(=O)C1CCCN1C(=O)C(CCCCN)NC(=O)C(CCC(N)=O)NC(=O)C(CCCCN)NC(=O)C(CCC(N)=O)NC(=O)C(CCC(N)=O)NC(=O)C(Cc1ccc(O)cc1)NC(=O)C(Cc1c[nH]cn1)NC(=O)C(Cc1ccccc1)NC(=O)C(C)N)C(=O)NC(CCCNC(=N)N)C(=O)N1CCCC1C(=O)N1CCCC1C(=O)O,6.91,0.0,0.0,0.0,0.0,0.0,0.0,0.0,0.0,0.0,0.0,0.0,0.0
CC(C)CC(NC(=O)C(CCCCN)NC(=O)C(Cc1ccccc1)NC(=O)C(CCC(N)=O)NC(=O)C(CCC(N)=O)NC(=O)C(Cc1ccccc1)NC(=O)C(CCCCN)NC(=O)CNC(=O)C(CCCCN)NC(=O)C(Cc1ccccc1)NC(=O)CNC(=O)C1CCCN1C(=O)C1CCCN1C(=O)C(CCCCN)NC(=O)C(CCC(N)=O)NC(=O)C(CCCCN)NC(=O)C(CCC(N)=O)NC(=O)C(CCC(N)=O)NC(=O)C(Cc1ccc(O)cc1)NC(=O)C(Cc1c[nH]cn1)NC(=O)C(N)Cc1ccccc1)C(=O)NC(CCCNC(=N)N)C(=O)N1CCCC1C(=O)N1CCCC1C(=O)O,6.54,0.0,0.0,0.0,0.0,0.0,0.0,0.0,0.0,0.0,0.0,0.0,0.0
CC(C)CC(NC(=O)C(CCCCN)NC(=O)C(Cc1ccccc1)NC(=O)C(CCC(N)=O)NC(=O)C(CCC(N)=O)NC(=O)C(Cc1ccccc1)NC(=O)C(CCCCN)NC(=O)CNC(=O)C(CCCCN)NC(=O)C(Cc1ccccc1)NC(=O)CNC(=O)C1CCCN1C(=O)C1CCCN1C(=O)C(CCCCN)NC(=O)C(CCC(N)=O)NC(=O)C(CCCCN)NC(=O)C(CCC(N)=O)NC(=O)C(CCC(N)=O)NC(=O)C(Cc1ccc(O)cc1)NC(=O)C(N)Cc1c[nH]cn1)C(=O)NC(CCCNC(=N)N)C(=O)N1CCCC1C(=O)N1CCCC1C(=O)O,5.69,0.0,0.0,0.0,0.0,0.0,0.0,0.0,0.0,0.0,0.0,0.0,0.0
CC(C)CC(NC(=O)C(CCCCN)NC(=O)C(Cc1ccccc1)NC(=O)C(CCC(N)=O)NC(=O)C(CCC(N)=O)NC(=O)C(Cc1ccccc1)NC(=O)C(CCCCN)NC(=O)CNC(=O)C(CCCCN)NC(=O)C(Cc1ccccc1)NC(=O)CNC(=O)C1CCCN1C(=O)C1CCCN1C(=O)C(CCCCN)NC(=O)C(CCC(N)=O)NC(=O)C(CCCCN)NC(=O)C(CCC(N)=O)NC(=O)C(CCC(N)=O)NC(=O)C(N)Cc1ccc(O)cc1)C(=O)NC(CCCNC(=N)N)C(=O)N1CCCC1C(=O)N1CCCC1C(=O)O,5.88,0.0,0.0,0.0,0.0,0.0,0.0,0.0,0.0,0.0,0.0,0.0,0.0
CC(C)CC(NC(=O)C1CNC1)c1cc(C(F)(F)F)ccc1N1CCN(C(=O)C2CN(C(C)C)CC2c2ccc(Cl)cc2)CC1,0.0,0.0,0.0,0.0,0.0,7.75,0.0,0.0,0.0,0.0,0.0,0.0,0.0
CC(C)CC(NC(=O)CCCN)c1cc(F)ccc1N1CCN(C(=O)C(Cc2ccc(Cl)cc2Cl)N2CCCC2=O)CC1,0.0,0.0,0.0,7.92,0.0,0.0,0.0,0.0,0.0,0.0,0.0,0.0,0.0
CC(C)CC(NC(=O)CCN(C)C)c1cc(C(F)(F)F)ccc1N1CCN(C(=O)C2C(=O)OCC2c2ccc(Cl)cc2)CC1,0.0,0.0,0.0,0.0,0.0,6.54,0.0,0.0,0.0,0.0,0.0,0.0,0.0
CC(C)CC(NC(=O)CCN(C)C)c1cc(C(F)(F)F)ccc1N1CCN(C(=O)C2CCOC2c2ccc(Cl)cc2)CC1,0.0,0.0,0.0,0.0,0.0,6.7,0.0,0.0,0.0,0.0,0.0,0.0,0.0
CC(C)CC(NC(=O)CCN(C)C)c1cc(C(F)(F)F)ccc1N1CCN(C(=O)C2CN(C(C)C)CC2c2ccc(Cl)cc2)CC1,0.0,0.0,0.0,0.0,0.0,8.0,0.0,0.0,0.0,0.0,0.0,0.0,0.0
CC(C)CC(NC(=O)CCN(C)C)c1cc(C(F)(F)F)ccc1N1CCN(C(=O)C2COCC2c2ccc(Cl)cc2)CC1,0.0,0.0,0.0,0.0,0.0,7.15,0.0,0.0,0.0,0.0,0.0,0.0,0.0
CC(C)CC(NC(=O)CCN(C)C)c1cc(C(F)(F)F)ccc1N1CCN(C(=O)C2CSCC2c2ccc(Cl)cc2)CC1,0.0,0.0,0.0,0.0,0.0,6.89,0.0,0.0,0.0,0.0,0.0,0.0,0.0
CC(C)CC(NC(=O)CCN(C)C)c1cc(C(F)(F)F)ccc1N1CCN(C(=O)C2C[S+]([O-])CC2c2ccc(Cl)cc2)CC1,0.0,0.0,0.0,0.0,0.0,6.64,0.0,0.0,0.0,0.0,0.0,0.0,0.0
CC(C)CC(NC(=O)CCN(C)C)c1cc(Cl)ccc1N1CCN(C(=O)C(C)Cc2ccc(Cl)cc2)CC1,0.0,0.0,0.0,0.0,0.0,8.47,0.0,0.0,0.0,0.0,0.0,0.0,0.0
CC(C)CC(NC(=O)CCN(C)C)c1cc(Cl)ccc1N1CCN(C(=O)C2CCOC2c2ccc(Cl)cc2)CC1,0.0,0.0,0.0,0.0,0.0,7.13,0.0,0.0,0.0,0.0,0.0,0.0,0.0
CC(C)CC(NC(=O)CCN(C)C)c1ccccc1N1CCN(C(=O)C(Cc2ccc(Cl)cc2Cl)N2CCCC2=O)CC1,0.0,0.0,0.0,8.82,0.0,0.0,0.0,0.0,0.0,0.0,0.0,0.0,0.0
CC(C)CC(NC(=O)CCN)c1cc(C(F)(F)F)ccc1N1CCN(C(=O)C(Cc2ccc(Cl)cc2Cl)N2CCCC2=O)CC1,0.0,0.0,0.0,8.96,0.0,0.0,0.0,0.0,0.0,0.0,0.0,0.0,0.0
CC(C)CC(NC(=O)CCN)c1cc(C(F)(F)F)ccc1N1CCN(C(=O)C2C(=O)OCC2c2ccc(Cl)cc2)CC1,0.0,0.0,0.0,0.0,0.0,6.75,0.0,0.0,0.0,0.0,0.0,0.0,0.0
CC(C)CC(NC(=O)CCN)c1cc(C(F)(F)F)ccc1N1CCN(C(=O)C2CC(=O)OC2c2ccc(Cl)cc2)CC1,0.0,0.0,0.0,0.0,0.0,6.96,0.0,0.0,0.0,0.0,0.0,0.0,0.0
CC(C)CC(NC(=O)CCN)c1cc(C(F)(F)F)ccc1N1CCN(C(=O)C2CN(C(C)C)CC2c2ccc(Cl)cc2)CC1,0.0,0.0,0.0,0.0,0.0,8.06,0.0,0.0,0.0,0.0,0.0,0.0,0.0
CC(C)CC(NC(=O)CCN)c1cc(C(F)(F)F)ccc1N1CCN(C(=O)CCc2ccc(Cl)cc2Cl)CC1,0.0,0.0,0.0,0.0,0.0,7.6,0.0,0.0,0.0,0.0,0.0,0.0,0.0
CC(C)CC(NC(=O)CCN)c1cc(F)ccc1N1CCN(C(=O)C(Cc2ccc(Cl)cc2Cl)N2CCCC2=O)CC1,0.0,0.0,0.0,8.3,0.0,0.0,0.0,0.0,0.0,0.0,0.0,0.0,0.0
CC(C)CC(NC(=O)CCN)c1cccc(F)c1N1CCN(C(=O)C(Cc2ccc(Cl)cc2Cl)N2CCCC2=O)CC1,0.0,0.0,0.0,8.72,0.0,0.0,0.0,0.0,0.0,0.0,0.0,0.0,0.0
CC(C)CC(NC(=O)CCN)c1ccccc1N1CCN(C(=O)C(Cc2ccc(Cl)cc2Cl)N2CCCC2=O)CC1,0.0,0.0,0.0,8.7,0.0,0.0,0.0,0.0,0.0,0.0,0.0,0.0,0.0
CC(C)CC(NC(=O)CN(C)C)c1cc(C(F)(F)F)ccc1N1CCN(C(=O)C2CN(C(C)C)CC2c2ccc(Cl)cc2)CC1,0.0,0.0,0.0,0.0,0.0,7.76,0.0,0.0,0.0,0.0,0.0,0.0,0.0
CC(C)CC(NC(=O)CN(C)C)c1cc(F)ccc1N1CCN(C(=O)C(Cc2ccc(Cl)cc2Cl)N2CCCC2=O)CC1,0.0,0.0,0.0,7.64,0.0,0.0,0.0,0.0,0.0,0.0,0.0,0.0,0.0
CC(C)CC(NC(=O)CN)c1cc(C(F)(F)F)ccc1N1CCN(C(=O)C2CN(C(C)C)CC2c2ccc(Cl)cc2)CC1,0.0,0.0,0.0,0.0,0.0,8.05,0.0,0.0,0.0,0.0,0.0,0.0,0.0
CC(C)CC(NC(=O)CN)c1cc(C(F)(F)F)ccc1N1CCN(C(=O)CCc2ccc(Cl)cc2Cl)CC1,0.0,0.0,0.0,0.0,0.0,7.72,0.0,0.0,0.0,0.0,0.0,0.0,0.0
CC(C)CC(NC(=O)CN)c1cc(F)ccc1N1CCN(C(=O)C(Cc2ccc(Cl)cc2Cl)N2CCCC2=O)CC1,0.0,0.0,0.0,8.42,0.0,0.0,0.0,0.0,0.0,0.0,0.0,0.0,0.0
CC(C)CC(NC(=O)CN)c1cccnc1N1CCN(C(=O)C(C)Cc2ccc(Cl)cc2Cl)CC1,0.0,0.0,0.0,0.0,0.0,8.22,0.0,0.0,0.0,0.0,0.0,0.0,0.0
CC(C)CC(NCC(=O)O)c1cc(C(F)(F)F)ccc1N1CCN(C(=O)C(Cc2ccc(Cl)cc2Cl)N2CCCC2=O)CC1,0.0,0.0,0.0,7.57,0.0,0.0,0.0,0.0,0.0,0.0,0.0,0.0,0.0
CC(C)CC(NCC(N)=O)c1cc(F)ccc1N1CCN(C(=O)C(Cc2ccc(Cl)cc2Cl)N2CCCC2=O)CC1,0.0,0.0,0.0,6.85,0.0,0.0,0.0,0.0,0.0,0.0,0.0,0.0,0.0
CC(C)CC(NCCCC(=O)O)c1cc(C(F)(F)F)ccc1N1CCN(C(=O)C(Cc2ccc(Cl)cc2Cl)N2CCCC2=O)CC1,0.0,0.0,0.0,7.4,0.0,0.0,0.0,0.0,0.0,0.0,0.0,0.0,0.0
CC(C)CC(NCCCC(=O)O)c1cc(F)ccc1N1CCN(C(=O)C(Cc2ccc(Cl)cc2Cl)N2CCCC2=O)CC1,0.0,0.0,0.0,6.62,0.0,0.0,0.0,0.0,0.0,0.0,0.0,0.0,0.0
CC(C)CC(NCCCN)c1cc(C(F)(F)F)ccc1N1CCN(C(=O)C(Cc2ccc(Cl)cc2Cl)N2CCCC2=O)CC1,0.0,0.0,0.0,8.85,0.0,0.0,0.0,0.0,0.0,0.0,0.0,0.0,0.0
CC(C)CC(NCCCN)c1cccc(F)c1N1CCN(C(=O)C(Cc2ccc(Cl)cc2Cl)N2CCCC2=O)CC1,0.0,0.0,0.0,9.05,0.0,0.0,0.0,0.0,0.0,0.0,0.0,0.0,0.0
CC(C)CC(NCCCN)c1ccccc1N1CCN(C(=O)C(Cc2ccc(Cl)cc2Cl)N2CCCC2=O)CC1,0.0,0.0,0.0,9.02,0.0,0.0,0.0,0.0,0.0,0.0,0.0,0.0,0.0
CC(C)CC(NCCN(C)C)c1cc(C(F)(F)F)ccc1N1CCN(C(=O)C2CS(=O)(=O)CC2c2ccc(Cl)cc2)CC1,0.0,0.0,0.0,0.0,0.0,6.77,0.0,0.0,0.0,0.0,0.0,0.0,0.0
CC(C)CC(NCCN(C)C)c1cc(F)ccc1N1CCN(C(=O)C(Cc2ccc(Cl)cc2Cl)N2CCCC2=O)CC1,0.0,0.0,0.0,6.92,0.0,0.0,0.0,0.0,0.0,0.0,0.0,0.0,0.0
CC(C)CC(NCCN)c1cc(C(F)(F)F)ccc1N1CCN(C(=O)C(Cc2ccc(Cl)cc2Cl)N2CCCC2=O)CC1,0.0,0.0,0.0,9.0,0.0,0.0,0.0,0.0,0.0,0.0,0.0,0.0,0.0
CC(C)CC(NCCN)c1cc(F)ccc1N1CCN(C(=O)C(Cc2ccc(Cl)cc2Cl)N2CCCC2=O)CC1,0.0,0.0,0.0,7.22,0.0,0.0,0.0,0.0,0.0,0.0,0.0,0.0,0.0
CC(C)CC(NCCN)c1cccc(F)c1N1CCN(C(=O)C(Cc2ccc(Cl)cc2Cl)N2CCCC2=O)CC1,0.0,0.0,0.0,9.03,0.0,9.05,0.0,0.0,0.0,0.0,0.0,0.0,0.0
CC(C)CC(NCCO)c1cc(C(F)(F)F)ccc1N1CCN(C(=O)C(Cc2ccc(Cl)cc2Cl)N2CCCC2=O)CC1,0.0,0.0,0.0,8.06,0.0,0.0,0.0,0.0,0.0,0.0,0.0,0.0,0.0
CC(C)CC(NCCO)c1cccc(F)c1N1CCN(C(=O)C(Cc2ccc(Cl)cc2Cl)N2CCCC2=O)CC1,0.0,0.0,0.0,8.19,0.0,0.0,0.0,0.0,0.0,0.0,0.0,0.0,0.0
CC(C)CC(NS(C)(=O)=O)c1cc(C(F)(F)F)ccc1N1CCN(C(=O)C2CN(C(C)C)CC2c2ccc(Cl)cc2)CC1,0.0,0.0,0.0,0.0,0.0,7.06,0.0,0.0,0.0,0.0,0.0,0.0,0.0
CC(C)CC(O)c1ccccc1N1CCN(C(=O)C(Cc2ccc(Cl)cc2Cl)N(Cc2ccccn2)Cc2ccccn2)CC1,0.0,0.0,0.0,7.08,0.0,0.0,0.0,0.0,0.0,0.0,0.0,0.0,0.0
CC(C)CC(O)c1ccccc1N1CCN(C(=O)C(Cc2ccc(Cl)cc2Cl)NC(=O)C(C)(C)N)CC1,0.0,0.0,0.0,7.34,0.0,0.0,0.0,0.0,0.0,0.0,0.0,0.0,0.0
CC(C)CC(O)c1ccccc1N1CCN(C(=O)C(Cc2ccc(Cl)cc2Cl)NC(=O)C(C)N)CC1,0.0,0.0,0.0,7.8,0.0,0.0,0.0,0.0,0.0,0.0,0.0,0.0,0.0
CC(C)CC(O)c1ccccc1N1CCN(C(=O)C(Cc2ccc(Cl)cc2Cl)NC(=O)C2CCCNC2)CC1,0.0,0.0,0.0,7.31,0.0,0.0,0.0,0.0,0.0,0.0,0.0,0.0,0.0
CC(C)CC(O)c1ccccc1N1CCN(C(=O)C(Cc2ccc(Cl)cc2Cl)NC(=O)CCN)CC1,0.0,0.0,0.0,8.09,0.0,0.0,0.0,0.0,0.0,0.0,0.0,0.0,0.0
CC(C)CC(O)c1ccccc1N1CCN(C(=O)C(Cc2ccc(Cl)cc2Cl)NC(=O)CN(C)C)CC1,0.0,0.0,0.0,8.02,0.0,0.0,0.0,0.0,0.0,0.0,0.0,0.0,0.0
CC(C)CC(O)c1ccccc1N1CCN(C(=O)C(Cc2ccc(Cl)cc2Cl)NC(=O)CN)CC1,0.0,0.0,0.0,8.05,0.0,0.0,0.0,0.0,0.0,0.0,0.0,0.0,0.0
CC(C)CC(O)c1ccccc1N1CCN(C(=O)C(Cc2ccc(Cl)cc2Cl)NC(C)C)CC1,0.0,0.0,0.0,6.42,0.0,0.0,0.0,0.0,0.0,0.0,0.0,0.0,0.0
CC(C)CC(O)c1ccccc1N1CCN(C(=O)C(Cc2ccc(Cl)cc2Cl)NCC2CCOC2)CC1,0.0,0.0,0.0,7.05,0.0,0.0,0.0,0.0,0.0,0.0,0.0,0.0,0.0
CC(C)CC(O)c1ccccc1N1CCN(C(=O)C(N)Cc2ccc(Cl)cc2Cl)CC1,0.0,0.0,0.0,6.55,0.0,0.0,0.0,0.0,0.0,0.0,0.0,0.0,0.0
CC(C)CC(c1cccc(F)c1N1CCN(C(=O)C(Cc2ccc(Cl)cc2Cl)N2CCCC2=O)CC1)N(C)CCN,0.0,0.0,0.0,8.82,0.0,0.0,0.0,0.0,0.0,0.0,0.0,0.0,0.0
CC(C)CC1(N2CCN(C(=O)C(Cc3ccc(Cl)cc3)NC(=O)CC3NCc4ccccc43)CC2)CCCCC1,0.0,0.0,0.0,0.0,0.0,7.33,0.0,0.0,0.0,0.0,0.0,0.0,0.0
CC(C)CC1(N2CCN(C(=O)C(Cc3ccc(Cl)cc3)NC(=O)CC3NCc4ccccc43)CC2)CCN(C(=O)C(C)C)CC1,0.0,0.0,0.0,0.0,0.0,7.0,0.0,0.0,0.0,0.0,0.0,0.0,0.0
CC(C)CC1(N2CCN(C(=O)C(Cc3ccc(Cl)cc3)NC(=O)CC3NCc4ccccc43)CC2)CCN(C(C)C)CC1,0.0,0.0,0.0,0.0,0.0,7.89,0.0,0.0,0.0,0.0,0.0,0.0,0.0
CC(C)CC1(N2CCN(C(=O)C(Cc3ccc(Cl)cc3)NC(=O)CC3NCc4ccccc43)CC2)CCN(C)CC1,0.0,0.0,0.0,0.0,0.0,7.9,0.0,0.0,0.0,0.0,0.0,0.0,0.0
CC(C)CC1(N2CCN(C(=O)C(Cc3ccc(Cl)cc3)NC(=O)CC3NCc4ccccc43)CC2)CCN(S(C)(=O)=O)CC1,0.0,0.0,0.0,0.0,0.0,7.56,0.0,0.0,0.0,0.0,0.0,0.0,0.0
CC(C)CC1(N2CCN(C(=O)C(Cc3ccc(Cl)cc3)NC(=O)CC3NCc4ccccc43)CC2)CCOCC1,0.0,0.0,0.0,0.0,0.0,7.5,0.0,0.0,0.0,0.0,0.0,0.0,0.0
CC(C)CC1(N2CCN(C(=O)C(Cc3ccc(Cl)cc3)NC(=O)CC3NCc4ccccc43)CC2)CCS(=O)(=O)CC1,0.0,0.0,0.0,0.0,0.0,7.12,0.0,0.0,0.0,0.0,0.0,0.0,0.0
CC(C)CC1(N2CCN(C(=O)C(Cc3ccc(Cl)cc3)NC(=O)CC3NCc4ccccc43)CC2)CCSCC1,0.0,0.0,0.0,0.0,0.0,7.17,0.0,0.0,0.0,0.0,0.0,0.0,0.0
CC(C)CC1NC(=O)CNC(=O)C(CC(N)=O)NC(=O)C(CCCNC(=N)N)NC(=O)C(C(C)O)NC(=O)C2CSSCC3NC(=O)C(C(C)O)NC(=O)CNC(=O)CNC(=O)C(C(C)C)NC(=O)C4CSSCC(NC(=O)C(C(C)O)NC(=O)C(CSSCC(NC(=O)C(C(C)C)NC(=O)C5CCCN5C1=O)C(=O)NCC(=O)NC(CCC(=O)O)C(=O)NC(C(C)O)C(=O)N4)NC(=O)CNC(=O)C1CCCN1C(=O)C(C(C)O)NC(=O)C(CC(N)=O)NC3=O)C(=O)NC(CO)C(=O)NC(Cc1c[nH]c3ccccc13)C(=O)N1CCCC1C(=O)NC(C(C)C)C(=O)N2,0.0,0.0,0.0,0.0,0.0,0.0,0.0,0.0,0.0,0.0,7.54,0.0,0.0
CC(C)CCN(CCC(C)C)C(=O)c1ccc2nc(-c3c[nH]c4ccccc34)n(CCCN3CCCCC3)c2c1,0.0,0.0,0.0,0.0,0.0,0.0,8.15,0.0,0.0,0.0,0.0,0.0,0.0
CC(C)CCN(CCC(C)C)C(=O)c1ccc2nc(-c3cc4ccccc4s3)n(CCCN3CCCCC3)c2c1,0.0,0.0,0.0,0.0,0.0,0.0,8.54,0.0,0.0,0.0,0.0,0.0,0.0
CC(C)CCN(CCC(C)C)C(=O)c1ccc2nc(-c3cn(C)c4ccccc34)n(CCCN3CCCCC3)c2c1,0.0,0.0,0.0,0.0,0.0,0.0,8.49,0.0,0.0,0.0,0.0,0.0,0.0
CC(C)CCN(CCC(C)C)C(=O)c1ccc2nc(NCc3ccccc3)n(CCCN3CCCCC3)c2c1,0.0,0.0,0.0,0.0,0.0,0.0,7.76,0.0,0.0,0.0,0.0,0.0,0.0
CC(C)CCN(CCC(C)C)C(=O)c1ccc2nc(Nc3ccc(-c4ccccc4)cc3)n(CCCN3CCCCC3)c2c1,0.0,0.0,0.0,0.0,0.0,0.0,8.28,0.0,0.0,0.0,0.0,0.0,0.0
CC(C)CCN(CCC(C)C)C(=O)c1ccc2nc(Nc3ccc(Br)cc3)n(CCCN3CCCCC3)c2c1,0.0,0.0,0.0,0.0,0.0,0.0,8.12,0.0,0.0,0.0,0.0,0.0,0.0
CC(C)CCN(CCC(C)C)C(=O)c1ccc2nc(Nc3ccc(C(=O)c4ccccc4)cc3)n(CCCN3CCCCC3)c2c1,0.0,0.0,0.0,0.0,0.0,0.0,8.77,0.0,0.0,0.0,0.0,0.0,0.0
CC(C)CCN(CCC(C)C)C(=O)c1ccc2nc(Nc3ccc(C(N)=O)cc3)n(CCCN3CCCCC3)c2c1,0.0,0.0,0.0,0.0,0.0,0.0,8.19,0.0,0.0,0.0,0.0,0.0,0.0
CC(C)CCN(CCC(C)C)C(=O)c1ccc2nc(Nc3ccc(Cl)cc3)n(CCCN3CCCCC3)c2c1,0.0,0.0,0.0,0.0,0.0,0.0,8.06,0.0,0.0,0.0,0.0,0.0,0.0
CC(C)CCN(CCC(C)C)C(=O)c1ccc2nc(Nc3ccc(F)cc3)n(CCCN3CCCCC3)c2c1,0.0,0.0,0.0,0.0,0.0,0.0,8.08,0.0,0.0,0.0,0.0,0.0,0.0
CC(C)CCN(CCC(C)C)C(=O)c1ccc2nc(Nc3ccc(N4CCCCC4)cc3)n(CCCN3CCCCC3)c2c1,0.0,0.0,0.0,0.0,0.0,0.0,8.01,0.0,0.0,0.0,0.0,0.0,0.0
CC(C)CCN(CCC(C)C)C(=O)c1ccc2nc(Nc3ccc(Oc4ccccc4)cc3)n(CCCN3CCCCC3)c2c1,0.0,0.0,0.0,0.0,0.0,0.0,8.69,0.0,0.0,0.0,0.0,0.0,0.0
CC(C)CCN(CCC(C)C)C(=O)c1ccc2nc(Nc3ccc([N+](=O)[O-])cc3)n(CCCN3CCCCC3)c2c1,0.0,0.0,0.0,0.0,0.0,0.0,8.67,0.0,0.0,0.0,0.0,0.0,0.0
CC(C)CCN(CCC(C)C)C(=O)c1ccc2nc(Nc3cccc4[nH]ccc34)n(CCCN3CCCCC3)c2c1,0.0,0.0,0.0,0.0,0.0,0.0,7.85,0.0,0.0,0.0,0.0,0.0,0.0
CC(C)CCN(CCC(C)C)C(=O)c1ccc2nc(Nc3ccccc3)n(CCCN3CCCCC3)c2c1,0.0,0.0,0.0,0.0,0.0,0.0,8.14,0.0,0.0,0.0,0.0,0.0,0.0
CC(C)CCN(CCC(C)C)C(=O)c1ccc2nc(Nc3cccnc3)n(CCCN3CCCCC3)c2c1,0.0,0.0,0.0,0.0,0.0,0.0,8.38,0.0,0.0,0.0,0.0,0.0,0.0
CC(C)CCN(CCC(C)C)C(=O)c1ccc2nc(Nc3ccsc3)n(CCCN3CCCCC3)c2c1,0.0,0.0,0.0,0.0,0.0,0.0,7.48,0.0,0.0,0.0,0.0,0.0,0.0
CC(C)CN(Cc1ccccc1N1CCN(C(=O)C2CN(C(C)C)CC2c2ccc(Cl)cc2)CC1)C(=O)CCN,0.0,0.0,0.0,0.0,0.0,6.35,0.0,0.0,0.0,0.0,0.0,0.0,0.0
CC(C)CN(Cc1ccccc1N1CCN(C(=O)C2CN(C(C)C)CC2c2ccc(Cl)cc2)CC1)CC(C)C,0.0,0.0,0.0,0.0,0.0,5.96,0.0,0.0,0.0,0.0,0.0,0.0,0.0
CC(C)CN(Cc1ccncc1)CC1(N2CCN(C(=O)C3CN(C(C)C)CC3c3ccc(Cl)cc3)CC2)CCCCC1,0.0,0.0,0.0,0.0,0.0,5.57,0.0,0.0,0.0,0.0,0.0,0.0,0.0
CC(C)CN1CC(C(=O)N2CCN(c3c(F)cccc3C(N)C(C)C)CC2)C(c2ccc(Cl)cc2)C1,0.0,0.0,0.0,0.0,0.0,7.37,0.0,0.0,0.0,0.0,0.0,0.0,0.0
CC(C)CNC(Cc1ccc(Cl)cc1Cl)C(=O)N1CCN(c2ccccc2CNCCc2cccs2)CC1,0.0,0.0,0.0,0.0,0.0,7.64,0.0,0.0,0.0,0.0,0.0,0.0,0.0
CC(C)CNCC1(N2CCN(C(=O)C(Cc3ccc(Cl)cc3Cl)NC(=O)CCN)CC2)CCCCC1,0.0,0.0,0.0,0.0,0.0,6.75,0.0,0.0,0.0,0.0,0.0,0.0,0.0
CC(C)CNCc1ccccc1N1CCN(C(=O)C2CN(C(C)C)CC2c2ccc(Cl)cc2)CC1,0.0,0.0,0.0,0.0,0.0,6.29,0.0,0.0,0.0,0.0,0.0,0.0,0.0
CC(C)COC(=O)NC(Cc1ccc(Cl)cc1)C(=O)N1CCN(C2(CNC(=O)Cc3ccccc3)CCCCC2)CC1,0.0,0.0,0.0,0.0,0.0,6.55,0.0,0.0,0.0,0.0,0.0,0.0,0.0
CC(C)COCCCNC(C)c1ccccc1N1CCN(C(=O)C(Cc2ccc(Cl)cc2)NC(=O)C2Cc3ccccc3CN2)CC1,0.0,0.0,0.0,0.0,0.0,7.39,0.0,0.0,0.0,0.0,0.0,0.0,0.0
CC(C)COCCCNCc1ccccc1N1CCN(C(=O)C(Cc2ccc(Cl)cc2)NC(=O)C2Cc3ccccc3CN2)CC1,0.0,0.0,0.0,0.0,0.0,6.96,0.0,0.0,0.0,0.0,0.0,0.0,0.0
CC(C)N1CC(C(=O)N2CC(C)C(O)(c3ccccc3)C(C)C2)C(c2ccc(F)cc2F)C1,6.94,0.0,0.0,0.0,0.0,0.0,0.0,0.0,0.0,0.0,0.0,0.0,0.0
CC(C)N1CC(C(=O)N2CCN(C3(CN(C)Cc4ccncc4)CCCCC3)CC2)C(c2ccc(Cl)cc2)C1,0.0,0.0,0.0,0.0,0.0,6.12,0.0,0.0,0.0,0.0,0.0,0.0,0.0
CC(C)N1CC(C(=O)N2CCN(C3(CN)CCCCC3)CC2)C(c2ccc(Cl)cc2)C1,0.0,0.0,0.0,0.0,0.0,5.92,0.0,0.0,0.0,0.0,0.0,0.0,0.0
CC(C)N1CC(C(=O)N2CCN(C3(CNC(=O)Cc4ccccc4)CCCCC3)CC2)C(c2ccc(Cl)cc2)C1,0.0,0.0,0.0,0.0,0.0,6.29,0.0,0.0,0.0,0.0,0.0,0.0,0.0
CC(C)N1CC(C(=O)N2CCN(C3(CNCC4CCCCC4)CCCCC3)CC2)C(c2ccc(Cl)cc2)C1,0.0,0.0,0.0,0.0,0.0,6.52,0.0,0.0,0.0,0.0,0.0,0.0,0.0
CC(C)N1CC(C(=O)N2CCN(C3(CNCCc4ccccn4)CCCCC3)CC2)C(c2ccc(Cl)cc2)C1,0.0,0.0,0.0,0.0,0.0,6.16,0.0,0.0,0.0,0.0,0.0,0.0,0.0
CC(C)N1CC(C(=O)N2CCN(C3(CNCc4c[nH]cn4)CCCCC3)CC2)C(c2ccc(Cl)cc2)C1,0.0,0.0,0.0,0.0,0.0,6.66,0.0,0.0,0.0,0.0,0.0,0.0,0.0
CC(C)N1CC(C(=O)N2CCN(C3(CNCc4cc5ccccc5n4C)CCCCC3)CC2)C(c2ccc(Cl)cc2)C1,0.0,0.0,0.0,0.0,0.0,5.92,0.0,0.0,0.0,0.0,0.0,0.0,0.0
CC(C)N1CC(C(=O)N2CCN(C3(CNCc4ccc(C(F)(F)F)cc4)CCCCC3)CC2)C(c2ccc(Cl)cc2)C1,0.0,0.0,0.0,0.0,0.0,6.89,0.0,0.0,0.0,0.0,0.0,0.0,0.0
CC(C)N1CC(C(=O)N2CCN(C3(CNCc4ccc(Cl)cc4)CCCCC3)CC2)C(c2ccc(Cl)cc2)C1,0.0,0.0,0.0,0.0,0.0,7.05,0.0,0.0,0.0,0.0,0.0,0.0,0.0
CC(C)N1CC(C(=O)N2CCN(C3(CNCc4ccc(F)cc4)CCCCC3)CC2)C(c2ccc(Cl)cc2)C1,0.0,0.0,0.0,0.0,0.0,7.36,0.0,0.0,0.0,0.0,0.0,0.0,0.0
CC(C)N1CC(C(=O)N2CCN(C3(CNCc4ccc(F)cc4F)CCCCC3)CC2)C(c2ccc(Cl)cc2)C1,0.0,0.0,0.0,0.0,0.0,7.96,0.0,0.0,0.0,0.0,0.0,0.0,0.0
CC(C)N1CC(C(=O)N2CCN(C3(CNCc4ccc(N(C)C)cc4)CCCCC3)CC2)C(c2ccc(Cl)cc2)C1,0.0,0.0,0.0,0.0,0.0,7.19,0.0,0.0,0.0,0.0,0.0,0.0,0.0
CC(C)N1CC(C(=O)N2CCN(C3(CNCc4ccc([N+](=O)[O-])cc4)CCCCC3)CC2)C(c2ccc(Cl)cc2)C1,0.0,0.0,0.0,0.0,0.0,7.28,0.0,0.0,0.0,0.0,0.0,0.0,0.0
CC(C)N1CC(C(=O)N2CCN(C3(CNCc4ccc5c(c4)OCO5)CCCCC3)CC2)C(c2ccc(Cl)cc2)C1,0.0,0.0,0.0,0.0,0.0,8.08,0.0,0.0,0.0,0.0,0.0,0.0,0.0
CC(C)N1CC(C(=O)N2CCN(C3(CNCc4cccc(F)c4)CCCCC3)CC2)C(c2ccc(Cl)cc2)C1,0.0,0.0,0.0,0.0,0.0,7.62,0.0,0.0,0.0,0.0,0.0,0.0,0.0
CC(C)N1CC(C(=O)N2CCN(C3(CNCc4ccccc4)CCCCC3)CC2)C(c2ccc(Cl)cc2)C1,0.0,0.0,0.0,0.0,0.0,7.58,0.0,0.0,0.0,0.0,0.0,0.0,0.0
CC(C)N1CC(C(=O)N2CCN(C3(CNCc4ccccc4C(F)(F)F)CCCCC3)CC2)C(c2ccc(Cl)cc2)C1,0.0,0.0,0.0,0.0,0.0,6.85,0.0,0.0,0.0,0.0,0.0,0.0,0.0
CC(C)N1CC(C(=O)N2CCN(C3(CNCc4ccccc4Cl)CCCCC3)CC2)C(c2ccc(Cl)cc2)C1,0.0,0.0,0.0,0.0,0.0,7.6,0.0,0.0,0.0,0.0,0.0,0.0,0.0
CC(C)N1CC(C(=O)N2CCN(C3(CNCc4ccccc4F)CCCCC3)CC2)C(c2ccc(Cl)cc2)C1,0.0,0.0,0.0,0.0,0.0,7.92,0.0,0.0,0.0,0.0,0.0,0.0,0.0
CC(C)N1CC(C(=O)N2CCN(C3(CNCc4ccccc4OC(F)(F)F)CCCCC3)CC2)C(c2ccc(Cl)cc2)C1,0.0,0.0,0.0,0.0,0.0,6.96,0.0,0.0,0.0,0.0,0.0,0.0,0.0
CC(C)N1CC(C(=O)N2CCN(C3(CNCc4ccccn4)CCCCC3)CC2)C(c2ccc(Cl)cc2)C1,0.0,0.0,0.0,0.0,0.0,7.12,0.0,0.0,0.0,0.0,0.0,0.0,0.0
CC(C)N1CC(C(=O)N2CCN(C3(CNCc4cccnc4)CCCCC3)CC2)C(c2ccc(Cl)cc2)C1,0.0,0.0,0.0,0.0,0.0,7.46,0.0,0.0,0.0,0.0,0.0,0.0,0.0
CC(C)N1CC(C(=O)N2CCN(C3(CNCc4ccco4)CCCCC3)CC2)C(c2ccc(Cl)cc2)C1,0.0,0.0,0.0,0.0,0.0,7.42,0.0,0.0,0.0,0.0,0.0,0.0,0.0
CC(C)N1CC(C(=O)N2CCN(C3(CNCc4cccs4)CCCCC3)CC2)C(c2ccc(Cl)cc2)C1,0.0,0.0,0.0,0.0,0.0,7.43,0.0,0.0,0.0,0.0,0.0,0.0,0.0
CC(C)N1CC(C(=O)N2CCN(C3(CNCc4ccncc4)CCCCC3)CC2)C(c2ccc(Cl)cc2)C1,0.0,0.0,0.0,0.0,0.0,7.57,0.0,0.0,0.0,0.0,0.0,0.0,0.0
CC(C)N1CC(C(=O)N2CCN(C3(CNCc4ccoc4)CCCCC3)CC2)C(c2ccc(Cl)cc2)C1,0.0,0.0,0.0,0.0,0.0,7.12,0.0,0.0,0.0,0.0,0.0,0.0,0.0
CC(C)N1CC(C(=O)N2CCN(C3(CNCc4ccsc4)CCCCC3)CC2)C(c2ccc(Cl)cc2)C1,0.0,0.0,0.0,0.0,0.0,7.66,0.0,0.0,0.0,0.0,0.0,0.0,0.0
CC(C)N1CC(C(=O)N2CCN(C3(CNCc4cncnc4)CCCCC3)CC2)C(c2ccc(Cl)cc2)C1,0.0,0.0,0.0,0.0,0.0,6.66,0.0,0.0,0.0,0.0,0.0,0.0,0.0
CC(C)N1CC(C(=O)N2CCN(C3(CNCc4ncc[nH]4)CCCCC3)CC2)C(c2ccc(Cl)cc2)C1,0.0,0.0,0.0,0.0,0.0,6.25,0.0,0.0,0.0,0.0,0.0,0.0,0.0
CC(C)N1CC(C(=O)N2CCN(C3(CNCc4nccn4C)CCCCC3)CC2)C(c2ccc(Cl)cc2)C1,0.0,0.0,0.0,0.0,0.0,6.41,0.0,0.0,0.0,0.0,0.0,0.0,0.0
CC(C)N1CC(C(=O)N2CCN(C3(CNCc4nccs4)CCCCC3)CC2)C(c2ccc(Cl)cc2)C1,0.0,0.0,0.0,0.0,0.0,6.89,0.0,0.0,0.0,0.0,0.0,0.0,0.0
CC(C)N1CC(C(=O)N2CCN(C3(CNS(=O)(=O)Cc4ccccc4)CCCCC3)CC2)C(c2ccc(Cl)cc2)C1,0.0,0.0,0.0,0.0,0.0,6.47,0.0,0.0,0.0,0.0,0.0,0.0,0.0
CC(C)N1CC(C(=O)N2CCN(C3(CNS(=O)(=O)c4ccccc4)CCCCC3)CC2)C(c2ccc(Cl)cc2)C1,0.0,0.0,0.0,0.0,0.0,6.48,0.0,0.0,0.0,0.0,0.0,0.0,0.0
CC(C)N1CC(C(=O)N2CCN(c3ccccc3C#N)CC2)C(c2ccc(Cl)cc2)C1,0.0,0.0,0.0,0.0,0.0,5.32,0.0,0.0,0.0,0.0,0.0,0.0,0.0
CC(C)N1CC(C(=O)N2CCN(c3ccccc3C=O)CC2)C(c2ccc(Cl)cc2)C1,0.0,0.0,0.0,0.0,0.0,5.94,0.0,0.0,0.0,0.0,0.0,0.0,0.0
CC(C)N1CC(C(=O)N2CCN(c3ccccc3CC3CCNCC3)CC2)C(c2ccc(Cl)cc2)C1,0.0,0.0,0.0,0.0,0.0,6.72,0.0,0.0,0.0,0.0,0.0,0.0,0.0
CC(C)N1CC(C(=O)N2CCN(c3ccccc3CN(C)C)CC2)C(c2ccc(Cl)cc2)C1,0.0,0.0,0.0,0.0,0.0,5.92,0.0,0.0,0.0,0.0,0.0,0.0,0.0
CC(C)N1CC(C(=O)N2CCN(c3ccccc3CN(C)C3CNC3)CC2)C(c2ccc(Cl)cc2)C1,0.0,0.0,0.0,0.0,0.0,6.62,0.0,0.0,0.0,0.0,0.0,0.0,0.0
CC(C)N1CC(C(=O)N2CCN(c3ccccc3CN)CC2)C(c2ccc(Cl)cc2)C1,0.0,0.0,0.0,0.0,0.0,5.96,0.0,0.0,0.0,0.0,0.0,0.0,0.0
CC(C)N1CC(C(=O)N2CCN(c3ccccc3CN3CCC(N)CC3)CC2)C(c2ccc(Cl)cc2)C1,0.0,0.0,0.0,0.0,0.0,7.04,0.0,0.0,0.0,0.0,0.0,0.0,0.0
CC(C)N1CC(C(=O)N2CCN(c3ccccc3CN3CCCC3)CC2)C(c2ccc(Cl)cc2)C1,0.0,0.0,0.0,0.0,0.0,6.26,0.0,0.0,0.0,0.0,0.0,0.0,0.0
CC(C)N1CC(C(=O)N2CCN(c3ccccc3CN3CCCCC3)CC2)C(c2ccc(Cl)cc2)C1,0.0,0.0,0.0,0.0,0.0,6.02,0.0,0.0,0.0,0.0,0.0,0.0,0.0
CC(C)N1CC(C(=O)N2CCN(c3ccccc3CN3CCN(C)CC3)CC2)C(c2ccc(Cl)cc2)C1,0.0,0.0,0.0,0.0,0.0,6.08,0.0,0.0,0.0,0.0,0.0,0.0,0.0
CC(C)N1CC(C(=O)N2CCN(c3ccccc3CN3CCNCC3)CC2)C(c2ccc(Cl)cc2)C1,0.0,0.0,0.0,0.0,0.0,6.44,0.0,0.0,0.0,0.0,0.0,0.0,0.0
CC(C)N1CC(C(=O)N2CCN(c3ccccc3CNC3CNC3)CC2)C(c2ccc(Cl)cc2)C1,0.0,0.0,0.0,0.0,0.0,6.28,0.0,0.0,0.0,0.0,0.0,0.0,0.0
CC(C)N1CC(C(=O)N2CCN(c3ccccc3CNCCN)CC2)C(c2ccc(Cl)cc2)C1,0.0,0.0,0.0,0.0,0.0,6.64,0.0,0.0,0.0,0.0,0.0,0.0,0.0
CC(C)N1CC(C(=O)N2CCN(c3ccccc3CNS(C)(=O)=O)CC2)C(c2ccc(Cl)cc2)C1,0.0,0.0,0.0,0.0,0.0,5.77,0.0,0.0,0.0,0.0,0.0,0.0,0.0
CC(C)N1CC(C(=O)N2CCN(c3ccccc3CNc3ccccc3N)CC2)C(c2ccc(Cl)cc2)C1,0.0,0.0,0.0,0.0,0.0,5.85,0.0,0.0,0.0,0.0,0.0,0.0,0.0
CC(C)N1CC(C(=O)N2CCN(c3ccccc3CNc3cccnc3)CC2)C(c2ccc(Cl)cc2)C1,0.0,0.0,0.0,0.0,0.0,5.8,0.0,0.0,0.0,0.0,0.0,0.0,0.0
CC(C)N1CC(C(=O)N2CCN(c3ccccc3Cn3cccn3)CC2)C(c2ccc(Cl)cc2)C1,0.0,0.0,0.0,0.0,0.0,6.31,0.0,0.0,0.0,0.0,0.0,0.0,0.0
CC(C)N1CC(C(=O)N2CCN(c3ccccc3Cn3ccnc3)CC2)C(c2ccc(Cl)cc2)C1,0.0,0.0,0.0,0.0,0.0,6.66,0.0,0.0,0.0,0.0,0.0,0.0,0.0
CC(C)N1CC(C(=O)N2CCN(c3ccccc3Cn3ccnn3)CC2)C(c2ccc(Cl)cc2)C1,0.0,0.0,0.0,0.0,0.0,6.38,0.0,0.0,0.0,0.0,0.0,0.0,0.0
CC(C)N1CC(C(=O)N2CCN(c3ccccc3Cn3cncn3)CC2)C(c2ccc(Cl)cc2)C1,0.0,0.0,0.0,0.0,0.0,6.5,0.0,0.0,0.0,0.0,0.0,0.0,0.0
CC(C)N1CC(C(=O)N2CCN(c3ccccc3Cn3cnnc3)CC2)C(c2ccc(Cl)cc2)C1,0.0,0.0,0.0,0.0,0.0,6.24,0.0,0.0,0.0,0.0,0.0,0.0,0.0
CC(C)NC(=O)NC(Cc1ccc(Cl)cc1Cl)C(=O)N1CCN(c2ccccc2CNCCc2cccs2)CC1,0.0,0.0,0.0,0.0,0.0,8.85,0.0,0.0,0.0,0.0,0.0,0.0,0.0
CC(C)NC(=O)NCc1cccnc1N1CCN(C(=O)C(Cc2ccc(Cl)cc2Cl)NC(=O)CCN)CC1,0.0,0.0,0.0,0.0,0.0,5.89,0.0,0.0,0.0,0.0,0.0,0.0,0.0
CC(C)OC(=O)NC(Cc1ccc(Cl)cc1Cl)C(=O)N1CCN(c2ccccc2CNCCc2cccs2)CC1,0.0,0.0,0.0,0.0,0.0,8.35,0.0,0.0,0.0,0.0,0.0,0.0,0.0
CC(C)Oc1ccc(CNCC2(N3CCN(C(=O)C4CN(C(C)C)CC4c4ccc(Cl)cc4)CC3)CCCCC2)cc1,0.0,0.0,0.0,0.0,0.0,8.68,0.0,0.0,0.0,0.0,0.0,0.0,0.0
CC(C)S(=O)(=O)N1CCc2cccc(N3CCN(C(=O)C(Cc4ccc(Cl)cc4)NC(=O)C4Cc5ccccc5CN4)CC3)c2C1,0.0,0.0,0.0,6.02,0.0,0.0,0.0,0.0,0.0,0.0,0.0,0.0,0.0
CC(CO)NCc1cccnc1N1CCN(C(=O)C(Cc2ccc(Cl)cc2Cl)NC(=O)CCN)CC1C,0.0,0.0,0.0,0.0,0.0,6.38,0.0,0.0,0.0,0.0,0.0,0.0,0.0
CC(Cc1ccc(Cl)cc1)C(=O)N1CCN(c2c(F)cccc2C(N)C(C)C)CC1,0.0,0.0,0.0,0.0,0.0,7.08,0.0,0.0,0.0,0.0,0.0,0.0,0.0
CC(Cc1ccc(Cl)cc1)C(=O)N1CCN(c2c(F)cccc2C(NC(=O)CCN(C)C)C(C)C)CC1,0.0,0.0,0.0,0.0,0.0,8.12,0.0,0.0,0.0,0.0,0.0,0.0,0.0
CC(Cc1ccc(Cl)cc1)C(=O)N1CCN(c2ccc(Cl)cc2C(N)C(C)C)CC1,0.0,0.0,0.0,0.0,0.0,6.68,0.0,0.0,0.0,0.0,0.0,0.0,0.0
CC(Cc1ccc(Cl)cc1)C(=O)N1CCN(c2ccc(Cl)cc2C(NC(=O)C2CN(C)C2)C(C)C)CC1,0.0,0.0,0.0,0.0,0.0,8.27,0.0,0.0,0.0,0.0,0.0,0.0,0.0
CC(Cc1ccc(Cl)cc1)C(=O)N1CCN(c2ccc(Cl)cc2C(NC(=O)CCN(C)C)C(C)C)CC1,0.0,0.0,0.0,0.0,0.0,8.48,0.0,0.0,0.0,0.0,0.0,0.0,0.0
CC(Cc1ccc(Cl)cc1)C(=O)N1CCN(c2ccccc2C(N)C(C)C)CC1,0.0,0.0,0.0,0.0,0.0,6.75,0.0,0.0,0.0,0.0,0.0,0.0,0.0
CC(Cc1ccc(Cl)cc1Cl)C(=O)N1CCN(c2c(F)cccc2C(N)C(C)C)CC1,0.0,0.0,0.0,0.0,0.0,7.57,0.0,0.0,0.0,0.0,0.0,0.0,0.0
CC(Cc1ccc(Cl)cc1Cl)C(=O)N1CCN(c2ccc(C(F)(F)F)cc2C(N)C(C)C)CC1,0.0,0.0,0.0,0.0,0.0,7.58,0.0,0.0,0.0,0.0,0.0,0.0,0.0
CC(Cc1ccccc1)CN(CCCCCCN)C(=O)c1cc2cc(O)ccc2[nH]1,0.0,0.0,0.0,0.0,5.01,0.0,0.0,0.0,0.0,0.0,0.0,0.0,0.0
CC(N)C(=O)N1CC(C(=O)N2CCN(C3(CNCc4ccccc4)CCCCC3)CC2)C(c2ccc(Cl)cc2)C1,0.0,0.0,0.0,0.0,0.0,6.37,0.0,0.0,0.0,0.0,0.0,0.0,0.0
CC(N)C(=O)NC(c1cccc(F)c1N1CCN(C(=O)C2CN(C(C)C)CC2c2ccc(Cl)cc2)CC1)C(C)C,0.0,0.0,0.0,0.0,0.0,8.36,0.0,0.0,0.0,0.0,0.0,0.0,0.0
CC(N)c1cc(C(F)(F)F)ccc1N1CCN(C(=O)CCc2ccc(Cl)cc2Cl)CC1,0.0,0.0,0.0,6.31,0.0,6.31,0.0,0.0,0.0,0.0,0.0,0.0,0.0
CC(NC1CC1)c1ccccc1N1CCN(C(=O)C(Cc2ccc(Cl)cc2)NC(=O)C2Cc3ccccc3CN2)CC1,0.0,0.0,0.0,0.0,0.0,7.64,0.0,0.0,0.0,0.0,0.0,0.0,0.0
CC(NC1CCC(N)CC1)c1ccccc1N1CCN(C(=O)C(Cc2ccc(Cl)cc2)NC(=O)C2Cc3ccccc3CN2)CC1,0.0,0.0,0.0,0.0,0.0,7.6,0.0,0.0,0.0,0.0,0.0,0.0,0.0
CC(NC1CCCCC1N)c1ccccc1N1CCN(C(=O)C(Cc2ccc(Cl)cc2)NC(=O)C2Cc3ccccc3CN2)CC1,0.0,0.0,0.0,0.0,0.0,7.89,0.0,0.0,0.0,0.0,0.0,0.0,0.0
CC(NC1CCCCC1N)c1ccccc1N1CCN(C(=O)C(Cc2ccc(Cl)cc2)NC(=O)CCN)CC1,0.0,0.0,0.0,0.0,0.0,6.82,0.0,0.0,0.0,0.0,0.0,0.0,0.0
CC(NC1CCCNC1)c1ccccc1N1CCN(C(=O)C(Cc2ccc(Cl)cc2)NC(=O)C(N)C2CCc3ccccc32)CC1,0.0,0.0,0.0,0.0,0.0,6.92,0.0,0.0,0.0,0.0,0.0,0.0,0.0
CC(NC1CCCNC1)c1ccccc1N1CCN(C(=O)C(Cc2ccc(Cl)cc2)NC(=O)C(N)Cc2ccccc2)CC1,0.0,0.0,0.0,0.0,0.0,7.28,0.0,0.0,0.0,0.0,0.0,0.0,0.0
CC(NC1CCCNC1)c1ccccc1N1CCN(C(=O)C(Cc2ccc(Cl)cc2)NC(=O)C(N)Cc2ccccn2)CC1,0.0,0.0,0.0,0.0,0.0,7.25,0.0,0.0,0.0,0.0,0.0,0.0,0.0
CC(NC1CCCNC1)c1ccccc1N1CCN(C(=O)C(Cc2ccc(Cl)cc2)NC(=O)C(N)c2ccccc2)CC1,0.0,0.0,0.0,0.0,0.0,7.47,0.0,0.0,0.0,0.0,0.0,0.0,0.0
CC(NC1CCCNC1)c1ccccc1N1CCN(C(=O)C(Cc2ccc(Cl)cc2)NC(=O)C2(N)CCc3ccccc3C2)CC1,0.0,0.0,0.0,0.0,0.0,8.0,0.0,0.0,0.0,0.0,0.0,0.0,0.0
CC(NC1CCCNC1)c1ccccc1N1CCN(C(=O)C(Cc2ccc(Cl)cc2)NC(=O)C2(N)Cc3ccccc3C2)CC1,0.0,0.0,0.0,0.0,0.0,7.62,0.0,0.0,0.0,0.0,0.0,0.0,0.0
CC(NC1CCCNC1)c1ccccc1N1CCN(C(=O)C(Cc2ccc(Cl)cc2)NC(=O)C2Cc3ccccc3CN2)CC1,0.0,0.0,0.0,0.0,0.0,8.19,0.0,0.0,0.0,0.0,0.0,0.0,0.0
CC(NC1CCCNC1)c1ccccc1N1CCN(C(=O)C(Cc2ccc(Cl)cc2)NC(=O)CCc2ccccc2)CC1,0.0,0.0,0.0,0.0,0.0,7.48,0.0,0.0,0.0,0.0,0.0,0.0,0.0
CC(NC1CCCNC1)c1ccccc1N1CCN(C(=O)C(Cc2ccc(Cl)cc2)NC(=O)Cc2ccccc2)CC1,0.0,0.0,0.0,0.0,0.0,7.52,0.0,0.0,0.0,0.0,0.0,0.0,0.0
CC(NC1CCNC1)c1ccccc1N1CCN(C(=O)C(Cc2ccc(Cl)cc2)NC(=O)C2Cc3ccccc3CN2)CC1,0.0,0.0,0.0,0.0,0.0,7.89,0.0,0.0,0.0,0.0,0.0,0.0,0.0
CC(NCCN1CCCCC1)c1ccccc1N1CCN(C(=O)C(Cc2ccc(Cl)cc2)NC(=O)CCN)CC1,0.0,0.0,0.0,0.0,0.0,6.68,0.0,0.0,0.0,0.0,0.0,0.0,0.0
CC(NCCN1CCOCC1)c1ccccc1N1CCN(C(=O)C(Cc2ccc(Cl)cc2)NC(=O)C2Cc3ccccc3CN2)CC1,0.0,0.0,0.0,0.0,0.0,7.06,0.0,0.0,0.0,0.0,0.0,0.0,0.0
CC(NCCNc1cccc2ccccc12)c1ccccc1N1CCN(C(=O)C(Cc2ccc(Cl)cc2)NC(=O)CCN)CC1,0.0,0.0,0.0,0.0,0.0,6.54,0.0,0.0,0.0,0.0,0.0,0.0,0.0
CC(NCCc1ccccc1F)c1ccccc1N1CCN(C(=O)C(Cc2ccc(Cl)cc2)NC(=O)C2Cc3ccccc3CN2)CC1,0.0,0.0,0.0,0.0,0.0,7.48,0.0,0.0,0.0,0.0,0.0,0.0,0.0
CC(NCCc1cccs1)c1ccccc1N1CCN(C(=O)C(Cc2ccc(Cl)cc2)NC(=O)C2Cc3ccccc3CN2)CC1,0.0,0.0,0.0,0.0,0.0,7.62,0.0,0.0,0.0,0.0,0.0,0.0,0.0
CC(NCCc1cccs1)c1ccccc1N1CCN(C(=O)C(Cc2ccc(Cl)cc2)NC(=O)CCN)CC1,0.0,0.0,0.0,0.0,0.0,6.96,0.0,0.0,0.0,0.0,0.0,0.0,0.0
CC(NCc1ccccc1N)c1ccccc1N1CCN(C(=O)C(Cc2ccc(Cl)cc2)NC(=O)CCN)CC1,0.0,0.0,0.0,0.0,0.0,6.92,0.0,0.0,0.0,0.0,0.0,0.0,0.0
CC(NCc1ccco1)c1ccccc1N1CCN(C(=O)C(Cc2ccc(Cl)cc2)NC(=O)C2Cc3ccccc3CN2)CC1,0.0,0.0,0.0,0.0,0.0,7.92,0.0,0.0,0.0,0.0,0.0,0.0,0.0
CC(NCc1ccco1)c1ccccc1N1CCN(C(=O)C(Cc2ccc(Cl)cc2)NC(=O)CCN)CC1,0.0,0.0,0.0,0.0,0.0,6.85,0.0,0.0,0.0,0.0,0.0,0.0,0.0
CC(Nc1ccccc1N)c1ccccc1N1CCN(C(=O)C(Cc2ccc(Cl)cc2)NC(=O)CCN)CC1,0.0,0.0,0.0,0.0,0.0,6.33,0.0,0.0,0.0,0.0,0.0,0.0,0.0
CC(c1ccc(C(F)(F)F)cc1)N(CCCCCN)C(=O)Cc1c[nH]c2ccccc12,0.0,0.0,0.0,0.0,4.8,0.0,0.0,0.0,0.0,0.0,0.0,0.0,0.0
CC(c1ccc2ccccc2c1)N(CCN)C(=O)Cc1c[nH]c2ccccc12,0.0,0.0,0.0,0.0,4.96,0.0,0.0,0.0,0.0,0.0,0.0,0.0,0.0
CC(c1ccccc1)N1CCN(C)CC1,0.0,0.0,0.0,6.16,0.0,0.0,0.0,0.0,0.0,0.0,0.0,0.0,0.0
CC(c1ccccc1N1CCN(C(=O)C(Cc2ccc(Cl)cc2)NC(=O)CCN)CC1)N1CCN(C)CC1,0.0,0.0,0.0,0.0,0.0,7.07,0.0,0.0,0.0,0.0,0.0,0.0,0.0
CC(c1ccccc1N1CCN(C(=O)C(Cc2ccc(Cl)cc2)NC(=O)CCN)CC1)N1CCN(c2ccccc2)CC1,0.0,0.0,0.0,0.0,0.0,6.37,0.0,0.0,0.0,0.0,0.0,0.0,0.0
CC(c1csc2ccccc12)N(CCCN)C(=O)CCCc1c[nH]c2ccccc12,0.0,0.0,0.0,0.0,5.01,0.0,0.0,0.0,0.0,0.0,0.0,0.0,0.0
CC1CC(CC2CCC(N(CC(Cl)=Cc3ccccc3)C(=O)CCCc3c[nH]c4ccccc34)C(C)C2)CCC1N,0.0,0.0,0.0,0.0,5.51,0.0,0.0,0.0,0.0,0.0,0.0,0.0,0.0
CC1CC(CC2CCC(N(Cc3ccccc3)C(=O)CCCc3c[nH]c4ccccc34)C(C)C2)CCC1N,0.0,0.0,0.0,0.0,5.92,0.0,0.0,0.0,0.0,0.0,0.0,0.0,0.0
CC1CN(C(=Nc2ccc(C(=O)NCCc3ccc(Cl)cc3Cl)cc2)NC2CCCCC2)C(C)CN1,0.0,0.0,0.0,6.08,0.0,0.0,0.0,0.0,0.0,0.0,0.0,0.0,0.0
CC1CN(C(=Nc2ccc(C(=O)NCCc3ccc(Cl)cc3Cl)cc2)NC2CCCCC2)CC(C)N1,0.0,0.0,0.0,6.23,0.0,0.0,0.0,0.0,0.0,0.0,0.0,0.0,0.0
CC1CN(C(=Nc2ccc(C(=O)NCCc3ccc(Cl)cc3Cl)cc2)NC2CCCCC2)CCN1,0.0,0.0,0.0,6.24,0.0,0.0,0.0,0.0,0.0,0.0,0.0,0.0,0.0
CC1CN(C(=O)C2CN(C(C)(C)C)CC2c2ccc(F)cc2F)CC(C)C1(O)c1c(F)cccc1F,7.0,0.0,0.0,0.0,0.0,0.0,0.0,0.0,0.0,0.0,0.0,0.0,0.0
CC1CN(C(=O)C2CN(C(C)(C)C)CC2c2ccc(F)cc2F)CC(C)C1(O)c1ccc(Cl)cc1,7.32,0.0,0.0,0.0,0.0,0.0,0.0,0.0,0.0,0.0,0.0,0.0,0.0
CC1CN(C(=O)C2CN(C(C)(C)C)CC2c2ccc(F)cc2F)CC(C)C1(O)c1ccc(F)cc1,7.44,0.0,0.0,0.0,0.0,0.0,0.0,0.0,0.0,0.0,0.0,0.0,0.0
CC1CN(C(=O)C2CN(C(C)(C)C)CC2c2ccc(F)cc2F)CC(C)C1(O)c1ccc(F)cc1F,6.75,0.0,0.0,0.0,0.0,0.0,0.0,0.0,0.0,0.0,0.0,0.0,0.0
CC1CN(C(=O)C2CN(C(C)(C)C)CC2c2ccc(F)cc2F)CC(C)C1(O)c1cccc(F)c1,7.01,0.0,0.0,0.0,0.0,0.0,0.0,0.0,0.0,0.0,0.0,0.0,0.0
CC1CN(C(=O)C2CN(C(C)(C)C)CC2c2ccc(F)cc2F)CC(C)C1(O)c1ccccc1,7.57,0.0,0.0,0.0,0.0,0.0,0.0,0.0,0.0,0.0,0.0,0.0,0.0
CC1CN(C(=O)C2CN(C(C)(C)C)CC2c2ccc(F)cc2F)CC(C)C1(O)c1ccccn1,6.46,0.0,0.0,0.0,0.0,0.0,0.0,0.0,0.0,0.0,0.0,0.0,0.0
CC1CN(C(=O)C2CN(C)CC2c2ccc(F)cc2F)CC(C)C1(O)c1ccc(F)cc1,6.46,0.0,0.0,0.0,0.0,0.0,0.0,0.0,0.0,0.0,0.0,0.0,0.0
CC1CN(C(=O)C2CN(C)CC2c2ccc(F)cc2F)CC(C)C1(O)c1ccccc1,6.97,0.0,0.0,0.0,0.0,0.0,0.0,0.0,0.0,0.0,0.0,0.0,0.0
CC1CN(C(=O)C2CN(C3CC3)CC2c2ccc(F)cc2F)CC(C)C1(O)c1ccccc1,6.54,0.0,0.0,0.0,0.0,0.0,0.0,0.0,0.0,0.0,0.0,0.0,0.0
CC1CN(C(=O)C2CN(C3CCC3)CC2c2ccc(F)cc2F)CC(C)C1(O)c1ccccc1,7.21,0.0,0.0,0.0,0.0,0.0,0.0,0.0,0.0,0.0,0.0,0.0,0.0
CC1CN(C(=O)C2CN(C3CCOCC3)CC2c2ccc(F)cc2F)CC(C)C1(O)c1ccccc1,7.44,0.0,0.0,0.0,0.0,0.0,0.0,0.0,0.0,0.0,0.0,0.0,0.0
CC1CN(C(=O)C2CN(c3ccccn3)CC2c2ccc(F)cc2F)CC(C)C1(O)c1ccccc1,7.1,0.0,0.0,0.0,0.0,0.0,0.0,0.0,0.0,0.0,0.0,0.0,0.0
CC1CN(C(=O)C2CN(c3cccnc3)CC2c2ccc(F)cc2F)CC(C)C1(O)c1ccccc1,7.3,0.0,0.0,0.0,0.0,0.0,0.0,0.0,0.0,0.0,0.0,0.0,0.0
CC1CN(C(=O)C2CN(c3cccnn3)CC2c2ccc(F)cc2F)CC(C)C1(O)C1CC1,6.76,0.0,0.0,0.0,0.0,0.0,0.0,0.0,0.0,0.0,0.0,0.0,0.0
CC1CN(C(=O)C2CN(c3cccnn3)CC2c2ccc(F)cc2F)CC(C)C1(O)c1ccccc1,8.0,0.0,0.0,0.0,0.0,0.0,0.0,0.0,0.0,0.0,0.0,0.0,0.0
CC1CN(C(=O)C2CN(c3cccnn3)CC2c2ccc(F)cc2F)CC(C)C1(O)c1ccccn1,7.28,0.0,0.0,0.0,0.0,0.0,0.0,0.0,0.0,0.0,0.0,0.0,0.0
CC1CN(C(=O)C2CN(c3ccncn3)CC2c2ccc(F)cc2F)CC(C)C1(O)c1ccccc1,7.19,0.0,0.0,0.0,0.0,0.0,0.0,0.0,0.0,0.0,0.0,0.0,0.0
CC1CN(C(=O)C2CN(c3ncccn3)CC2c2ccc(F)cc2F)CC(C)C1(O)c1ccccc1,6.52,0.0,0.0,0.0,0.0,0.0,0.0,0.0,0.0,0.0,0.0,0.0,0.0
CC1CN(C(=O)C2CNCC2c2ccc(F)cc2F)CC(C)C1(O)c1ccccc1,6.58,0.0,0.0,0.0,0.0,0.0,0.0,0.0,0.0,0.0,0.0,0.0,0.0
CC1CN(Cc2ccccc2N2CCN(C(=O)C(Cc3ccc(Cl)cc3)NC(=O)C3Cc4ccccc4CN3)CC2)C(C)CN1,0.0,0.0,0.0,0.0,0.0,7.72,0.0,0.0,0.0,0.0,0.0,0.0,0.0
CC1NC(=O)C(Cc2c[nH]c3ccccc23)NC(=O)C(CCCNC(=N)N)NC(=O)C(Cc2ccccc2)NC(=O)C(Cc2c[nH]cn2)NC(=O)C2CSSCC(NC1=O)C(=O)NC(C(C)O)C(=O)NC(Cc1c[nH]cn1)C(=O)NC(Cc1ccccc1)C(=O)N(C)C(CCCNC(=N)N)C(=O)NC(Cc1c[nH]c3ccccc13)C(=O)N1CCCC1C(=O)NC(C)C(=O)N2,0.0,0.0,0.0,0.0,0.0,0.0,0.0,0.0,0.0,0.0,0.0,0.0,7.82
CC1NC(=O)C(Cc2c[nH]c3ccccc23)NC(=O)C(CCCNC(=N)N)NC(=O)C(Cc2ccccc2)NC(=O)C(Cc2c[nH]cn2)NC(=O)C2CSSCC(NC1=O)C(=O)NC(C(C)O)C(=O)NC(Cc1c[nH]cn1)C(=O)NC(Cc1ccccc1)C(=O)N(C)C(CCCNC(=N)N)C(=O)NC(Cc1c[nH]c3ccccc13)C(=O)N1CCCC1C(=O)NC(Cc1ccccc1)C(=O)N2,0.0,0.0,0.0,0.0,0.0,0.0,0.0,0.0,0.0,0.0,0.0,0.0,7.44
CC1NC(=O)CCC(=O)NCCCCC(C(N)=O)NC(=O)C(Cc2c[nH]c3ccccc23)NC(=O)C(CCCN=C(N)N)NC(=O)C(Cc2ccccc2)NC1=O,0.0,0.0,0.0,5.77,0.0,0.0,0.0,0.0,0.0,0.0,0.0,0.0,0.0
CCC(=O)N1CC(C(=O)N2CCN(C3(CNCc4ccccc4)CCCCC3)CC2)C(c2ccc(Cl)cc2)C1,0.0,0.0,0.0,0.0,0.0,6.68,0.0,0.0,0.0,0.0,0.0,0.0,0.0
CCC(=O)N1CC(C(=O)N2CCN(c3ccc(C)cc3C(N)C(C)C)CC2)C(c2ccc(Cl)cc2)C1,0.0,0.0,0.0,0.0,0.0,7.23,0.0,0.0,0.0,0.0,0.0,0.0,0.0
CCC(=O)N1CC(C(=O)N2CCN(c3ccc(C)cc3C(NC(=O)CCN(C)C)C(C)C)CC2)C(c2ccc(Cl)cc2)C1,0.0,0.0,0.0,0.0,0.0,8.34,0.0,0.0,0.0,0.0,0.0,0.0,0.0
CCC(=O)NC(Cc1ccc(Cl)cc1)C(=O)N1CCN(C2(CNC(=O)Cc3ccccc3)CCCCC2)CC1,0.0,0.0,0.0,0.0,0.0,6.8,0.0,0.0,0.0,0.0,0.0,0.0,0.0
CCC(=O)c1ccc(Nc2nc3ccc(C(=O)N(CCC(C)C)CCC(C)C)cc3n2CCCN2CCCCC2)cc1,0.0,0.0,0.0,0.0,0.0,0.0,8.57,0.0,0.0,0.0,0.0,0.0,0.0
CCC(C)C(N)c1cc(C(F)(F)F)ccc1N1CCN(C(=O)CCc2ccc(Cl)cc2)CC1,0.0,0.0,0.0,0.0,0.0,7.07,0.0,0.0,0.0,0.0,0.0,0.0,0.0
CCC(C)C(N)c1cc(C(F)(F)F)ccc1N1CCN(C(=O)CCc2ccc(Cl)cc2Cl)CC1,0.0,0.0,0.0,0.0,0.0,7.12,0.0,0.0,0.0,0.0,0.0,0.0,0.0
CCC(C)C(N)c1cc(C(F)(F)F)ccc1N1CCN(C(=O)CCc2ccc(OC)c(OC)c2Cl)CC1,0.0,0.0,0.0,0.0,0.0,5.6,0.0,0.0,0.0,0.0,0.0,0.0,0.0
CCC(C)C(N)c1cc(C(F)(F)F)ccc1N1CCN(C(=O)CCc2ccc(OC)cc2Cl)CC1,0.0,0.0,0.0,0.0,0.0,7.24,0.0,0.0,0.0,0.0,0.0,0.0,0.0
CCC(C)C(NC(=O)CCN)c1cc(C(F)(F)F)ccc1N1CCN(C(=O)CCc2ccc(Cl)cc2Cl)CC1,0.0,0.0,0.0,0.0,0.0,7.89,0.0,0.0,0.0,0.0,0.0,0.0,0.0
CCC(C)C(NC(=O)CN)c1cc(C(F)(F)F)ccc1N1CCN(C(=O)CCc2ccc(Cl)cc2Cl)CC1,0.0,0.0,0.0,0.0,0.0,7.75,0.0,0.0,0.0,0.0,0.0,0.0,0.0
CCC(C)C(NC(=O)OC)c1cc(C(F)(F)F)ccc1N1CCN(C(=O)CCc2ccc(Cl)cc2Cl)CC1,0.0,0.0,0.0,0.0,0.0,5.62,0.0,0.0,0.0,0.0,0.0,0.0,0.0
CCC(C)C(NC(C)=O)c1cc(C(F)(F)F)ccc1N1CCN(C(=O)CCc2ccc(Cl)cc2Cl)CC1,0.0,0.0,0.0,0.0,0.0,6.44,0.0,0.0,0.0,0.0,0.0,0.0,0.0
CCC(C)C(NCC1CCCO1)c1cc(C(F)(F)F)ccc1N1CCN(C(=O)CCc2ccc(Cl)cc2Cl)CC1,0.0,0.0,0.0,0.0,0.0,6.11,0.0,0.0,0.0,0.0,0.0,0.0,0.0
CCC(C)C(NCCCN)c1cc(C(F)(F)F)ccc1N1CCN(C(=O)CCc2ccc(Cl)cc2Cl)CC1,0.0,0.0,0.0,0.0,0.0,7.52,0.0,0.0,0.0,0.0,0.0,0.0,0.0
CCC(C)C(NCCN)c1cc(C(F)(F)F)ccc1N1CCN(C(=O)CCc2ccc(Cl)cc2Cl)CC1,0.0,0.0,0.0,0.0,0.0,7.25,0.0,0.0,0.0,0.0,0.0,0.0,0.0
CCC(C)C(NCCc1ccccc1)c1cc(C(F)(F)F)ccc1N1CCN(C(=O)CCc2ccc(Cl)cc2Cl)CC1,0.0,0.0,0.0,0.0,0.0,5.58,0.0,0.0,0.0,0.0,0.0,0.0,0.0
CCC(C)C(NCc1ccccc1)c1cc(C(F)(F)F)ccc1N1CCN(C(=O)CCc2ccc(Cl)cc2Cl)CC1,0.0,0.0,0.0,0.0,0.0,5.23,0.0,0.0,0.0,0.0,0.0,0.0,0.0
CCC(C)C(NS(C)(=O)=O)c1cc(C(F)(F)F)ccc1N1CCN(C(=O)CCc2ccc(Cl)cc2Cl)CC1,0.0,0.0,0.0,0.0,0.0,5.75,0.0,0.0,0.0,0.0,0.0,0.0,0.0
CCC(C)C(O)c1ccccc1N1CCN(C(=O)C(Cc2ccc(Cl)cc2Cl)NC(=O)CCN)CC1,0.0,0.0,0.0,7.33,0.0,0.0,0.0,0.0,0.0,0.0,0.0,0.0,0.0
CCC(C)C1NC(=O)C(C)NC(=O)C(CCCCN)NC(=O)C(CC(C)C)NC(=O)C2CSSCC(C(=O)O)NC(=O)C(CCCCN)NC(=O)C3CSSCC(NC(=O)C(CCC(=O)O)NC(=O)C(C(C)C)NC(=O)C(CO)NC(=O)C(C)NC(=O)C(CO)NC(=O)C(NC(=O)C(CCCNC(=N)N)NC(=O)C(CCSC)NC(=O)C(CC(=O)O)NC(=O)C(CCSC)NC(=O)C(N)CCC(N)=O)CSSCC(NC(=O)C(CCCCN)NC(=O)CNC(=O)C(Cc4ccccc4)NC(=O)C(C(C)CC)NC(=O)C(CO)NC(=O)CNC1=O)C(=O)NC(CCSC)C(=O)NC(CC(N)=O)C(=O)NC(CCCCN)C(=O)NC(CCCCN)C(=O)N3)C(=O)NC(CCCCN)C(=O)NC(CCC(N)=O)C(=O)NC(CCCCN)C(=O)N2,0.0,0.0,0.0,0.0,0.0,0.0,5.58,0.0,0.0,0.0,0.0,0.0,0.0
CCC(C)C1NC(=O)C(C)NC(=O)C(Cc2c[nH]c3ccccc23)NC(=O)C(CCCNC(=N)N)N(C)C(=O)C(Cc2ccccc2)NC(=O)C(Cc2c[nH]cn2)NC(=O)C(C(C)O)NC(=O)C2CSSCC(NC1=O)C(=O)NC(Cc1c[nH]cn1)C(=O)NC(Cc1ccccc1)C(=O)NC(CCCNC(=N)N)C(=O)NC(Cc1c[nH]c3ccccc13)C(=O)NC(C)C(=O)N2,0.0,0.0,0.0,0.0,0.0,0.0,0.0,0.0,0.0,0.0,0.0,0.0,7.59
CCC(C)C1NC(=O)C2CCCN2C(=O)C(Cc2c[nH]c3ccccc23)N(C)C(=O)C(CCCNC(=N)N)N(C)C(=O)C(Cc2ccccc2)NC(=O)C(Cc2cnc[nH]2)N(C)C(=O)C(C(C)O)NC(=O)C2CSSCC(NC1=O)C(=O)NC(Cc1ccccc1)C(=O)N1CCCC1C(=O)NC(CC(=O)O)C(=O)NCC(=O)NC(CCCNC(=N)N)C(=O)N2,0.0,0.0,0.0,0.0,0.0,4.16,0.0,0.0,0.0,0.0,0.0,0.0,0.0
CCC(C)C1NC(=O)C2CCCN2C(=O)C(Cc2c[nH]c3ccccc23)N(C)C(=O)C(CCCNC(=N)N)NC(=O)C(Cc2ccccc2)NC(=O)C(Cc2cnc[nH]2)N(C)C(=O)C(C(C)O)NC(=O)C2CSSCC(NC1=O)C(=O)NC(Cc1ccccc1)C(=O)N1CCCC1C(=O)NC(CC(=O)O)C(=O)NCC(=O)NC(CCCNC(=N)N)C(=O)N2,0.0,0.0,0.0,0.0,0.0,5.51,0.0,0.0,0.0,0.0,0.0,0.0,0.0
CCC(C)C1NC(=O)C2CCCN2C(=O)C(Cc2c[nH]c3ccccc23)N(C)C(=O)C(CCCNC(=N)N)NC(=O)C(Cc2ccccc2)NC(=O)C(Cc2cnc[nH]2)NC(=O)C(C(C)O)NC(=O)C2CSSCC(NC1=O)C(=O)NC(Cc1ccccc1)C(=O)N1CCCC1C(=O)NC(CC(=O)O)C(=O)NCC(=O)NC(CCCNC(=N)N)C(=O)N2,0.0,0.0,0.0,0.0,0.0,4.94,0.0,0.0,0.0,0.0,0.0,0.0,6.21
CCC(C)C1NC(=O)C2CCCN2C(=O)C(Cc2c[nH]c3ccccc23)NC(=O)C(CCC(=O)O)NC(=O)C(Cc2ccccc2)NC(=O)C(Cc2c[nH]cn2)NC(=O)C(C(C)O)NC(=O)C2CSSCC(NC1=O)C(=O)NC(Cc1c[nH]cn1)C(=O)NC(Cc1ccccc1)C(=O)N(C)C(CCCNC(=N)N)C(=O)N(C)C(Cc1c[nH]c3ccccc13)C(=O)NC(CCCNC(=N)N)C(=O)N2,0.0,0.0,0.0,0.0,0.0,0.0,0.0,0.0,0.0,0.0,0.0,0.0,6.23
CCC(C)C1NC(=O)C2CCCN2C(=O)C(Cc2c[nH]c3ccccc23)NC(=O)C(CCCNC(=N)N)N(C)C(=O)C(Cc2ccc3ccccc3c2)NC(=O)C2CCCN2C(=O)C(Cc2c[nH]c3ccccc23)NC(=O)C2CSSCC(NC1=O)C(=O)NC(Cc1c[nH]cn1)C(=O)NC(Cc1ccccc1)C(=O)NC(CCCNC(=N)N)C(=O)NC(Cc1c[nH]c3ccccc13)C(=O)NC(C)C(=O)N2,0.0,0.0,0.0,0.0,0.0,0.0,0.0,0.0,0.0,0.0,0.0,0.0,8.1
CCC(C)C1NC(=O)C2CCCN2C(=O)C(Cc2c[nH]c3ccccc23)NC(=O)C(CCCNC(=N)N)N(C)C(=O)C(Cc2ccc3ccccc3c2)NC(=O)C2CCCN2C(=O)C2CCCN2C(=O)C2CSSCC(NC1=O)C(=O)NC(Cc1c[nH]cn1)C(=O)NC(Cc1ccccc1)C(=O)NC(CCCNC(=N)N)C(=O)NC(Cc1c[nH]c3ccccc13)C(=O)NC(C)C(=O)N2,0.0,0.0,0.0,0.0,0.0,0.0,0.0,0.0,0.0,0.0,0.0,0.0,7.52
CCC(C)C1NC(=O)C2CCCN2C(=O)C(Cc2c[nH]c3ccccc23)NC(=O)C(CCCNC(=N)N)N(C)C(=O)C(Cc2ccccc2)NC(=O)C(Cc2c[nH]cn2)NC(=O)C(C(C)O)NC(=O)C(NC(C)=O)CSSCC(C(N)=O)NC1=O,0.0,0.0,0.0,0.0,0.0,0.0,0.0,0.0,0.0,0.0,0.0,0.0,6.46
CCC(C)C1NC(=O)C2CCCN2C(=O)C(Cc2c[nH]c3ccccc23)NC(=O)C(CCCNC(=N)N)N(C)C(=O)C(Cc2ccccc2)NC(=O)C(Cc2c[nH]cn2)NC(=O)C(C(C)O)NC(=O)C2CSSCC(NC1=O)C(=O)NC(C)C(=O)NC(Cc1ccccc1)C(=O)NC(CCCNC(=N)N)C(=O)NC(Cc1c[nH]c3ccccc13)C(=O)NC(CCCNC(=N)N)C(=O)N2,0.0,0.0,0.0,0.0,0.0,0.0,0.0,0.0,0.0,0.0,0.0,0.0,7.99
CCC(C)C1NC(=O)C2CCCN2C(=O)C(Cc2c[nH]c3ccccc23)NC(=O)C(CCCNC(=N)N)N(C)C(=O)C(Cc2ccccc2)NC(=O)C(Cc2c[nH]cn2)NC(=O)C(C(C)O)NC(=O)C2CSSCC(NC1=O)C(=O)NC(Cc1c[nH]cn1)C(=O)NC(C)C(=O)NC(CCCNC(=N)N)C(=O)NC(Cc1c[nH]c3ccccc13)C(=O)NC(CCCNC(=N)N)C(=O)N2,0.0,0.0,0.0,0.0,0.0,0.0,0.0,0.0,0.0,0.0,0.0,0.0,7.97
CCC(C)C1NC(=O)C2CCCN2C(=O)C(Cc2c[nH]c3ccccc23)NC(=O)C(CCCNC(=N)N)N(C)C(=O)C(Cc2ccccc2)NC(=O)C(Cc2c[nH]cn2)NC(=O)C(C(C)O)NC(=O)C2CSSCC(NC1=O)C(=O)NC(Cc1c[nH]cn1)C(=O)NC(Cc1ccccc1)C(=O)N(C)C(CCCNC(=N)N)C(=O)N(C)C(Cc1c[nH]c3ccccc13)C(=O)NC(CCCNC(=N)N)C(=O)N2,0.0,0.0,0.0,0.0,0.0,0.0,0.0,0.0,0.0,0.0,0.0,0.0,7.52
CCC(C)C1NC(=O)C2CCCN2C(=O)C(Cc2c[nH]c3ccccc23)NC(=O)C(CCCNC(=N)N)N(C)C(=O)C(Cc2ccccc2)NC(=O)C(Cc2c[nH]cn2)NC(=O)C(C(C)O)NC(=O)C2CSSCC(NC1=O)C(=O)NC(Cc1c[nH]cn1)C(=O)NC(Cc1ccccc1)C(=O)NC(C)C(=O)NC(Cc1c[nH]c3ccccc13)C(=O)NC(CCCNC(=N)N)C(=O)N2,0.0,0.0,0.0,0.0,0.0,0.0,0.0,0.0,0.0,0.0,0.0,0.0,7.04
CCC(C)C1NC(=O)C2CCCN2C(=O)C(Cc2c[nH]c3ccccc23)NC(=O)C(CCCNC(=N)N)N(C)C(=O)C(Cc2ccccc2)NC(=O)C(Cc2c[nH]cn2)NC(=O)C(C(C)O)NC(=O)C2CSSCC(NC1=O)C(=O)NC(Cc1c[nH]cn1)C(=O)NC(Cc1ccccc1)C(=O)NC(CCC(=O)O)C(=O)NC(Cc1c[nH]c3ccccc13)C(=O)NC(CCCNC(=N)N)C(=O)N2,0.0,0.0,0.0,0.0,0.0,0.0,0.0,0.0,0.0,0.0,0.0,0.0,6.51
CCC(C)C1NC(=O)C2CCCN2C(=O)C(Cc2c[nH]c3ccccc23)NC(=O)C(CCCNC(=N)N)N(C)C(=O)C(Cc2ccccc2)NC(=O)C(Cc2c[nH]cn2)NC(=O)C(C(C)O)NC(=O)C2CSSCC(NC1=O)C(=O)NC(Cc1c[nH]cn1)C(=O)NC(Cc1ccccc1)C(=O)NC(CCCCN)C(=O)NC(Cc1c[nH]c3ccccc13)C(=O)NC(C)C(=O)N2,0.0,0.0,0.0,0.0,0.0,0.0,0.0,0.0,0.0,0.0,0.0,0.0,7.14
CCC(C)C1NC(=O)C2CCCN2C(=O)C(Cc2c[nH]c3ccccc23)NC(=O)C(CCCNC(=N)N)N(C)C(=O)C(Cc2ccccc2)NC(=O)C(Cc2c[nH]cn2)NC(=O)C(C(C)O)NC(=O)C2CSSCC(NC1=O)C(=O)NC(Cc1c[nH]cn1)C(=O)NC(Cc1ccccc1)C(=O)NC(CCCNC(=N)N)C(=O)NC(C)C(=O)NC(CCCNC(=N)N)C(=O)N2,0.0,0.0,0.0,0.0,0.0,0.0,0.0,0.0,0.0,0.0,0.0,0.0,7.3
CCC(C)C1NC(=O)C2CCCN2C(=O)C(Cc2c[nH]c3ccccc23)NC(=O)C(CCCNC(=N)N)N(C)C(=O)C(Cc2ccccc2)NC(=O)C(Cc2c[nH]cn2)NC(=O)C(C(C)O)NC(=O)C2CSSCC(NC1=O)C(=O)NC(Cc1c[nH]cn1)C(=O)NC(Cc1ccccc1)C(=O)NC(CCCNC(=N)N)C(=O)NC(Cc1c[nH]c3ccccc13)C(=O)NC(C)C(=O)N2,0.0,0.0,0.0,0.0,0.0,0.0,0.0,0.0,0.0,0.0,0.0,0.0,7.87
CCC(C)C1NC(=O)C2CCCN2C(=O)C(Cc2c[nH]c3ccccc23)NC(=O)C(CCCNC(=N)N)N(C)C(=O)C(Cc2ccccc2)NC(=O)C(Cc2c[nH]cn2)NC(=O)C(C(C)O)NC(=O)C2CSSCC(NC1=O)C(=O)NC(Cc1c[nH]cn1)C(=O)NC(Cc1ccccc1)C(=O)NC(CCCNC(=N)N)C(=O)NC(Cc1c[nH]c3ccccc13)C(=O)NC(CCCNC(=N)N)C(=O)N2,0.0,0.0,0.0,0.0,0.0,0.0,0.0,0.0,0.0,0.0,0.0,0.0,7.59
CCC(C)C1NC(=O)C2CCCN2C(=O)C(Cc2c[nH]c3ccccc23)NC(=O)C(CCCNC(=N)N)N(C)C(=O)C(Cc2ccccc2)NC(=O)C(Cc2c[nH]cn2)NC(=O)C(C(C)O)NC(=O)C2CSSCC(NC1=O)C(=O)NC(Cc1c[nH]cn1)C(=O)NC(Cc1ccccc1)C(=O)NC(CCCNC(=N)N)C(=O)NC(Cc1ccc3ccccc3c1)C(=O)NC(C)C(=O)N2,0.0,0.0,0.0,0.0,0.0,0.0,0.0,0.0,0.0,0.0,0.0,0.0,8.09
CCC(C)C1NC(=O)C2CCCN2C(=O)C(Cc2c[nH]c3ccccc23)NC(=O)C(CCCNC(=N)N)N(C)C(=O)C(Cc2ccccc2)NC(=O)C(Cc2c[nH]cn2)NC(=O)C(CC(=O)O)NC(=O)C2CSSCC(NC1=O)C(=O)NC(Cc1c[nH]cn1)C(=O)NC(Cc1ccccc1)C(=O)N(C)C(CCCNC(=N)N)C(=O)N(C)C(Cc1c[nH]c3ccccc13)C(=O)NC(CCCNC(=N)N)C(=O)N2,0.0,0.0,0.0,0.0,0.0,0.0,0.0,0.0,0.0,0.0,0.0,0.0,6.86
CCC(C)C1NC(=O)C2CCCN2C(=O)C(Cc2c[nH]c3ccccc23)NC(=O)C(CCCNC(=N)N)N(C)C(=O)C(Cc2ccccc2)NC(=O)C(Cc2c[nH]cn2)NC(=O)C(CC(=O)O)NC(=O)C2CSSCC(NC1=O)C(=O)NC(Cc1c[nH]cn1)C(=O)NC(Cc1ccccc1)C(=O)N(C)C(CCCNC(=N)N)C(=O)N(C)C(Cc1c[nH]c3ccccc13)C(=O)NC(Cc1ccc(O)cc1)C(=O)N2,0.0,0.0,0.0,0.0,0.0,0.0,0.0,0.0,0.0,0.0,0.0,0.0,6.45
CCC(C)C1NC(=O)C2CCCN2C(=O)C(Cc2c[nH]c3ccccc23)NC(=O)C(CCCNC(=N)N)N(C)C(=O)C(Cc2ccccc2)NC(=O)C(Cc2c[nH]cn2)NC(=O)C(CCC(=O)O)NC(=O)C2CSSCC(NC1=O)C(=O)NC(Cc1c[nH]cn1)C(=O)NC(Cc1ccccc1)C(=O)N(C)C(CCCNC(=N)N)C(=O)N(C)C(Cc1c[nH]c3ccccc13)C(=O)NC(CCCNC(=N)N)C(=O)N2,0.0,0.0,0.0,0.0,0.0,0.0,0.0,0.0,0.0,0.0,0.0,0.0,7.19
CCC(C)C1NC(=O)C2CCCN2C(=O)C(Cc2c[nH]c3ccccc23)NC(=O)C(CCCNC(=N)N)N(C)C(=O)C(Cc2ccccc2)NC(=O)C(Cc2cnc[nH]2)N(C)C(=O)C(C(C)O)NC(=O)C2CSSCC(NC1=O)C(=O)NC(Cc1ccccc1)C(=O)N1CCCC1C(=O)NC(CC(=O)O)C(=O)NCC(=O)NC(CCCNC(=N)N)C(=O)N2,0.0,0.0,0.0,0.0,0.0,5.21,0.0,0.0,0.0,0.0,0.0,0.0,0.0
CCC(C)C1NC(=O)C2CCCN2C(=O)C(Cc2c[nH]c3ccccc23)NC(=O)C(CCCNC(=N)N)N(C)C(=O)C(Cc2ccccc2)NC(=O)C(Cc2cnc[nH]2)NC(=O)C(C(C)O)NC(=O)C(NC(C)=O)CCSCc2ccc(cc2)CSCCC(C(N)=O)NC1=O,0.0,0.0,0.0,0.0,0.0,0.0,0.0,0.0,0.0,0.0,0.0,0.0,6.05
CCC(C)C1NC(=O)C2CCCN2C(=O)C(Cc2c[nH]c3ccccc23)NC(=O)C(CCCNC(=N)N)N(C)C(=O)C(Cc2ccccc2)NC(=O)C(Cc2cnc[nH]2)NC(=O)C(C(C)O)NC(=O)C(NC(C)=O)CCSCc2cccc(c2)CSCCC(C(N)=O)NC1=O,0.0,0.0,0.0,0.0,0.0,0.0,0.0,0.0,0.0,0.0,0.0,0.0,6.34
CCC(C)C1NC(=O)C2CCCN2C(=O)C(Cc2c[nH]c3ccccc23)NC(=O)C(CCCNC(=N)N)N(C)C(=O)C(Cc2ccccc2)NC(=O)C(Cc2cnc[nH]2)NC(=O)C(C(C)O)NC(=O)C(NC(C)=O)CCSCc2ccccc2CSCCC(C(N)=O)NC1=O,0.0,0.0,0.0,0.0,0.0,0.0,0.0,0.0,0.0,0.0,0.0,0.0,5.93
CCC(C)C1NC(=O)C2CCCN2C(=O)C(Cc2c[nH]c3ccccc23)NC(=O)C(CCCNC(=N)N)N(C)C(=O)C(Cc2ccccc2)NC(=O)C(Cc2cnc[nH]2)NC(=O)C(C(C)O)NC(=O)C(NC(C)=O)CCSSCCC(C(N)=O)NC1=O,0.0,0.0,0.0,0.0,0.0,0.0,0.0,0.0,0.0,0.0,0.0,0.0,6.53
CCC(C)C1NC(=O)C2CCCN2C(=O)C(Cc2c[nH]c3ccccc23)NC(=O)C(CCCNC(=N)N)N(C)C(=O)C(Cc2ccccc2)NC(=O)C(Cc2cnc[nH]2)NC(=O)C(C(C)O)NC(=O)C(NC(C)=O)CSCc2ccc(cc2)CSCC(C(N)=O)NC1=O,0.0,0.0,0.0,0.0,0.0,0.0,0.0,0.0,0.0,0.0,0.0,0.0,6.12
CCC(C)C1NC(=O)C2CCCN2C(=O)C(Cc2c[nH]c3ccccc23)NC(=O)C(CCCNC(=N)N)N(C)C(=O)C(Cc2ccccc2)NC(=O)C(Cc2cnc[nH]2)NC(=O)C(C(C)O)NC(=O)C(NC(C)=O)CSCc2cccc(c2)CSCC(C(N)=O)NC1=O,0.0,0.0,0.0,0.0,0.0,0.0,0.0,0.0,0.0,0.0,0.0,0.0,5.89
CCC(C)C1NC(=O)C2CCCN2C(=O)C(Cc2c[nH]c3ccccc23)NC(=O)C(CCCNC(=N)N)N(C)C(=O)C(Cc2ccccc2)NC(=O)C(Cc2cnc[nH]2)NC(=O)C(C(C)O)NC(=O)C(NC(C)=O)CSCc2ccccc2CSCC(C(N)=O)NC1=O,0.0,0.0,0.0,0.0,0.0,0.0,0.0,0.0,0.0,0.0,0.0,0.0,5.67
CCC(C)C1NC(=O)C2CCCN2C(=O)C(Cc2c[nH]c3ccccc23)NC(=O)C(CCCNC(=N)N)N(C)C(=O)C(Cc2ccccc2)NC(=O)C(Cc2cnc[nH]2)NC(=O)C(C(C)O)NC(=O)C2CSSCC(NC1=O)C(=O)NC(Cc1ccccc1)C(=O)N1CCCC1C(=O)NC(CC(=O)O)C(=O)NCC(=O)NC(CCCNC(=N)N)C(=O)N2,0.0,0.0,0.0,0.0,0.0,6.21,0.0,0.0,0.0,0.0,0.0,0.0,0.0
CCC(C)C1NC(=O)C2CCCN2C(=O)C(Cc2c[nH]c3ccccc23)NC(=O)C(CCCNC(=N)N)NC(=O)C(Cc2ccccc2)NC(=O)C(Cc2c[nH]cn2)NC(=O)C(C(C)O)NC(=O)C2CSSCC(NC1=O)C(=O)NC(Cc1c[nH]cn1)C(=O)NC(Cc1ccccc1)C(=O)NC(CCCNC(=N)N)C(=O)NC(Cc1c[nH]c3ccccc13)C(=O)NC(CCCNC(=N)N)C(=O)N2,0.0,0.0,0.0,0.0,0.0,0.0,0.0,0.0,0.0,0.0,0.0,0.0,6.94
CCC(C)C1NC(=O)C2CCCN2C(=O)C(Cc2c[nH]c3ccccc23)NC(=O)C(CCCNC(=N)N)NC(=O)C(Cc2ccccc2)NC(=O)C(Cc2cnc[nH]2)NC(=O)C(C(C)O)NC(=O)C2CSSCC(NC1=O)C(=O)NC(Cc1ccccc1)C(=O)N1CCCC1C(=O)NC(CC(=O)O)C(=O)NCC(=O)NC(CCCNC(=N)N)C(=O)N2,0.0,0.0,0.0,0.0,0.0,5.32,0.0,0.0,0.0,0.0,0.0,0.0,0.0
CCC(C)C1NC(=O)C2CCCN2C(=O)C2CCCN2C(=O)C(C(C)CC)NC(=O)C(CO)NC(=O)C(C)NC(=O)C(C(C)O)NC(=O)C2CSSCC(NC1=O)C(=O)N(C)C(Cc1cnc[nH]1)C(=O)NC(Cc1ccccc1)C(=O)N(C)C(CCCNC(=N)N)C(=O)N(C)C(Cc1c[nH]c3ccccc13)C(=O)NC(CCCNC(=N)N)C(=O)N2,0.0,0.0,0.0,0.0,0.0,5.85,0.0,0.0,0.0,0.0,0.0,0.0,0.0
CCC(C)C1NC(=O)C2CCCN2C(=O)C2CCCN2C(=O)C(C(C)CC)NC(=O)C(CO)NC(=O)C(C)NC(=O)C(C(C)O)NC(=O)C2CSSCC(NC1=O)C(=O)N(C)C(Cc1cnc[nH]1)C(=O)NC(Cc1ccccc1)C(=O)N(C)C(CCCNC(=N)N)C(=O)NC(Cc1c[nH]c3ccccc13)C(=O)NC(CCCNC(=N)N)C(=O)N2,0.0,0.0,0.0,0.0,0.0,5.15,0.0,0.0,0.0,0.0,0.0,0.0,0.0
CCC(C)C1NC(=O)C2CCCN2C(=O)C2CCCN2C(=O)C(C(C)CC)NC(=O)C(CO)NC(=O)C(C)NC(=O)C(C(C)O)NC(=O)C2CSSCC(NC1=O)C(=O)N(C)C(Cc1cnc[nH]1)C(=O)NC(Cc1ccccc1)C(=O)NC(CCCNC(=N)N)C(=O)N(C)C(Cc1c[nH]c3ccccc13)C(=O)NC(CCCNC(=N)N)C(=O)N2,0.0,0.0,0.0,0.0,0.0,6.13,0.0,0.0,0.0,0.0,0.0,0.0,0.0
CCC(C)C1NC(=O)C2CCCN2C(=O)C2CCCN2C(=O)C(C(C)CC)NC(=O)C(CO)NC(=O)C(C)NC(=O)C(C(C)O)NC(=O)C2CSSCC(NC1=O)C(=O)N(C)C(Cc1cnc[nH]1)C(=O)NC(Cc1ccccc1)C(=O)NC(CCCNC(=N)N)C(=O)NC(Cc1c[nH]c3ccccc13)C(=O)NC(CCCNC(=N)N)C(=O)N2,0.0,0.0,0.0,0.0,0.0,4.85,0.0,0.0,0.0,0.0,0.0,0.0,0.0
CCC(C)C1NC(=O)C2CCCN2C(=O)C2CCCN2C(=O)C(C(C)CC)NC(=O)C(CO)NC(=O)C(C)NC(=O)C(C(C)O)NC(=O)C2CSSCC(NC1=O)C(=O)NC(Cc1cnc[nH]1)C(=O)NC(Cc1ccccc1)C(=O)N(C)C(CCCNC(=N)N)C(=O)NC(Cc1c[nH]c3ccccc13)C(=O)NC(CCCNC(=N)N)C(=O)N2,0.0,0.0,0.0,0.0,0.0,5.8,0.0,0.0,0.0,0.0,0.0,0.0,0.0
CCC(C)C1NC(=O)C2CCCN2C(=O)C2CCCN2C(=O)C(C(C)CC)NC(=O)C(CO)NC(=O)C(C)NC(=O)C(C(C)O)NC(=O)C2CSSCC(NC1=O)C(=O)NC(Cc1cnc[nH]1)C(=O)NC(Cc1ccccc1)C(=O)NC(CCCNC(=N)N)C(=O)N(C)C(Cc1c[nH]c3ccccc13)C(=O)NC(CCCNC(=N)N)C(=O)N2,0.0,0.0,0.0,0.0,0.0,6.08,0.0,0.0,0.0,0.0,0.0,0.0,0.0
CCC(C)C1NC(=O)C2CCCN2C(=O)C2CCCN2C(=O)C(C(C)CC)NC(=O)C(CO)NC(=O)C(C)NC(=O)C(C(C)O)NC(=O)C2CSSCC(NC1=O)C(=O)NC(Cc1cnc[nH]1)C(=O)NC(Cc1ccccc1)C(=O)NC(CCCNC(=N)N)C(=O)NC(Cc1c[nH]c3ccccc13)C(=O)NC(CCCNC(=N)N)C(=O)N2,0.0,0.0,0.0,0.0,0.0,4.6,0.0,0.0,0.0,0.0,0.0,0.0,0.0
CCC(C)C1NC(=O)C2CCCN2C(=O)CNC(=O)C(CO)NC(=O)C2CSSCC3NC(=O)C(C(C)O)NC(=O)CNC(=O)C(CSSCC(NC(=O)C(N)CCCNC(=N)N)C(=O)NC(CC(C)C)C(=O)NC(Cc4cnc[nH]4)C(=O)NC(C)C(=O)NCC(=O)NC(C)C(=O)NC(C)C(=O)N2)NC(=O)C(CSSCC(C(=O)NC(C(=O)O)C(C)O)NC(=O)C(CCCCN)NC(=O)C(CCCNC(=N)N)NC(=O)C(CCCNC(=N)N)NC(=O)C(CO)NC3=O)NC(=O)C2CCCN2C(=O)C(C(C)CC)NC(=O)C(CCCCN)NC(=O)C(CCC(N)=O)NC1=O,0.0,0.0,0.0,0.0,0.0,0.0,5.15,0.0,0.0,0.0,0.0,0.0,0.0
CCC(C)CNC(c1cc(C(F)(F)F)ccc1N1CCN(C(=O)CCc2ccc(Cl)cc2Cl)CC1)C(C)CC,0.0,0.0,0.0,0.0,0.0,5.55,0.0,0.0,0.0,0.0,0.0,0.0,0.0
CCC(CC)C(=O)NC(Cc1ccc(Cl)cc1)C(=O)N1CCN(C2(CNC(=O)Cc3ccccc3)CCCCC2)CC1,0.0,0.0,0.0,0.0,0.0,6.0,0.0,0.0,0.0,0.0,0.0,0.0,0.0
CCC(CO)NCc1cccnc1N1CCN(C(=O)C(Cc2ccc(Cl)cc2Cl)NC(=O)CCN)CC1,0.0,0.0,0.0,0.0,0.0,6.15,0.0,0.0,0.0,0.0,0.0,0.0,0.0
CCC(COC)NCc1cccnc1N1CCN(C(=O)C(Cc2ccc(Cl)cc2Cl)NC(=O)CCN)CC1,0.0,0.0,0.0,0.0,0.0,6.7,0.0,0.0,0.0,0.0,0.0,0.0,0.0
CCC(NCCc1cccs1)c1ccccc1N1CCN(C(=O)C(Cc2ccc(Cl)cc2)NC(=O)CCN)CC1,0.0,0.0,0.0,0.0,0.0,6.85,0.0,0.0,0.0,0.0,0.0,0.0,0.0
CCC(O)(CC)c1ccccc1N1CCN(C(=O)C(Cc2ccc(Cl)cc2Cl)NC(=O)C(C)(C)N)CC1,0.0,0.0,0.0,7.42,0.0,0.0,0.0,0.0,0.0,0.0,0.0,0.0,0.0
CCC(O)(CC)c1ccccc1N1CCN(C(=O)C(Cc2ccc(Cl)cc2Cl)NC(=O)C(C)N)CC1,0.0,0.0,0.0,7.75,0.0,0.0,0.0,0.0,0.0,0.0,0.0,0.0,0.0
CCC(O)(CC)c1ccccc1N1CCN(C(=O)C(Cc2ccc(Cl)cc2Cl)NC(=O)CCN)CC1,0.0,0.0,0.0,7.96,0.0,0.0,0.0,0.0,0.0,0.0,0.0,0.0,0.0
CCC(O)(CC)c1ccccc1N1CCN(C(=O)C(Cc2ccc(Cl)cc2Cl)NC(=O)CN(C)C)CC1,0.0,0.0,0.0,8.03,0.0,0.0,0.0,0.0,0.0,0.0,0.0,0.0,0.0
CCC(O)(CC)c1ccccc1N1CCN(C(=O)C(Cc2ccc(Cl)cc2Cl)NC(=O)CN)CC1,0.0,0.0,0.0,7.58,0.0,0.0,0.0,0.0,0.0,0.0,0.0,0.0,0.0
CCC(O)(CC)c1ccccc1N1CCN(C(=O)C(Cc2ccc(Cl)cc2Cl)NC(=O)CNC)CC1,0.0,0.0,0.0,7.89,0.0,0.0,0.0,0.0,0.0,0.0,0.0,0.0,0.0
CCC(O)(CC)c1ccccc1N1CCN(C(=O)C(Cc2ccc(Cl)cc2Cl)NC(=O)N2CCCC2=O)CC1,0.0,0.0,0.0,6.96,0.0,0.0,0.0,0.0,0.0,0.0,0.0,0.0,0.0
CCC(O)(CC)c1ccccc1N1CCN(C(=O)C(Cc2ccc(Cl)cc2Cl)NC(=O)NC2CC2)CC1,0.0,0.0,0.0,7.38,0.0,0.0,0.0,0.0,0.0,0.0,0.0,0.0,0.0
CCC(O)(CC)c1ccccc1N1CCN(C(=O)C(Cc2ccc(Cl)cc2Cl)NC(=O)OC(C)(C)C)CC1,0.0,0.0,0.0,6.41,0.0,0.0,0.0,0.0,0.0,0.0,0.0,0.0,0.0
CCC1(N2CCN(C(=O)C(Cc3ccc(Cl)cc3)NC(=O)CC3NCc4ccccc43)CC2)CCN(C)CC1,0.0,0.0,0.0,0.0,0.0,6.43,0.0,0.0,0.0,0.0,0.0,0.0,0.0
CCC1C(=O)N(C(Cc2ccc3ccccc3c2)C(=O)NC)CCN1C(=O)C(N)Cc1ccc(F)cc1,0.0,0.0,0.0,0.0,0.0,6.75,0.0,0.0,0.0,0.0,0.0,0.0,0.0
CCCC(=O)N1CC(C(=O)N2CCN(C3(CNCc4ccccc4)CCCCC3)CC2)C(c2ccc(Cl)cc2)C1,0.0,0.0,0.0,0.0,0.0,6.72,0.0,0.0,0.0,0.0,0.0,0.0,0.0
CCCC(=O)N1CC(C(=O)N2CCN(c3c(F)cccc3C(N)C(C)C)CC2)C(c2ccc(Cl)cc2)C1,0.0,0.0,0.0,0.0,0.0,6.58,0.0,0.0,0.0,0.0,0.0,0.0,0.0
CCCC(=O)N1CC(C(=O)N2CCN(c3ccc(C)cc3C(N)C(C)C)CC2)C(c2ccc(Cl)cc2)C1,0.0,0.0,0.0,0.0,0.0,7.17,0.0,0.0,0.0,0.0,0.0,0.0,0.0
CCCC(=O)NC(Cc1ccc(Cl)cc1)C(=O)N1CCN(C2(CNC(=O)Cc3ccccc3)CCCCC2)CC1,0.0,0.0,0.0,0.0,0.0,6.68,0.0,0.0,0.0,0.0,0.0,0.0,0.0
CCCC(C)(O)c1ccccc1N1CCN(C(=O)C(Cc2ccc(Cl)cc2Cl)NC(=O)CCN)CC1,0.0,0.0,0.0,7.96,0.0,0.0,0.0,0.0,0.0,0.0,0.0,0.0,0.0
CCCC(O)c1ccccc1N1CCN(C(=O)C(Cc2ccc(Cl)cc2Cl)NC(=O)CCN)CC1,0.0,0.0,0.0,7.58,0.0,0.0,0.0,0.0,0.0,0.0,0.0,0.0,0.0
CCCC1(O)C(C)CN(C(=O)C2CN(C(C)(C)C)CC2c2ccc(F)cc2F)CC1C,6.07,0.0,0.0,0.0,0.0,0.0,0.0,0.0,0.0,0.0,0.0,0.0,0.0
CCCC1(O)C(C)CN(C(=O)C2CN(c3cccnn3)CC2c2ccc(F)cc2F)CC1C,7.25,0.0,0.0,0.0,0.0,0.0,0.0,0.0,0.0,0.0,0.0,0.0,0.0
CCCC1C(=O)N(C(Cc2ccc3ccccc3c2)C(=O)NC)CCN1C(=O)C(Cc1ccc(F)cc1)NC(=O)C(C)(C)C,0.0,0.0,0.0,0.0,0.0,7.72,0.0,0.0,0.0,0.0,0.0,0.0,0.0
CCCC1C(=O)N(C(Cc2ccc3ccccc3c2)C(=O)NC)CCN1C(=O)C(Cc1ccc(F)cc1)NC(=O)C(C)(C)N,0.0,0.0,0.0,0.0,0.0,8.05,0.0,0.0,0.0,0.0,0.0,0.0,0.0
CCCC1C(=O)N(C(Cc2ccc3ccccc3c2)C(=O)NC)CCN1C(=O)C(Cc1ccc(F)cc1)NC(=O)C(C)NC,0.0,0.0,0.0,0.0,0.0,8.22,0.0,0.0,0.0,0.0,0.0,0.0,0.0
CCCC1C(=O)N(C(Cc2ccc3ccccc3c2)C(=O)NC)CCN1C(=O)C(Cc1ccc(F)cc1)NC(=O)C1(N)CC1,0.0,0.0,0.0,0.0,0.0,7.58,0.0,0.0,0.0,0.0,0.0,0.0,0.0
CCCC1C(=O)N(C(Cc2ccc3ccccc3c2)C(=O)NC)CCN1C(=O)C(Cc1ccc(F)cc1)NC(=O)C1(N)CCC1,0.0,0.0,0.0,0.0,0.0,7.96,0.0,0.0,0.0,0.0,0.0,0.0,0.0
CCCC1C(=O)N(C(Cc2ccc3ccccc3c2)C(=O)NC)CCN1C(=O)C(Cc1ccc(F)cc1)NC(=O)C1(N)CCCC1,0.0,0.0,0.0,0.0,0.0,7.85,0.0,0.0,0.0,0.0,0.0,0.0,0.0
CCCC1C(=O)N(C(Cc2ccc3ccccc3c2)C(=O)NC)CCN1C(=O)C(Cc1ccc(F)cc1)NC(=O)C1CCC(=O)N1,0.0,0.0,0.0,0.0,0.0,8.4,0.0,0.0,0.0,0.0,0.0,0.0,0.0
CCCC1C(=O)N(C(Cc2ccc3ccccc3c2)C(=O)NC)CCN1C(=O)C(Cc1ccc(F)cc1)NC(=O)C1CCNCC1,0.0,0.0,0.0,0.0,0.0,8.28,0.0,0.0,0.0,0.0,0.0,0.0,0.0
CCCC1C(=O)N(C(Cc2ccc3ccccc3c2)C(=O)NC)CCN1C(=O)C(Cc1ccc(F)cc1)NC(=O)C1Cc2ccccc2CN1,0.0,0.0,0.0,0.0,0.0,8.26,0.0,0.0,0.0,0.0,0.0,0.0,0.0
CCCC1C(=O)N(C(Cc2ccc3ccccc3c2)C(=O)NC)CCN1C(=O)C(Cc1ccc(F)cc1)NC(=O)COC,0.0,0.0,0.0,0.0,0.0,7.85,0.0,0.0,0.0,0.0,0.0,0.0,0.0
CCCC1C(=O)N(C(Cc2ccc3ccccc3c2)C(=O)NC)CCN1C(=O)C(Cc1ccc(F)cc1)NC(=O)c1cccnc1,0.0,0.0,0.0,0.0,0.0,8.22,0.0,0.0,0.0,0.0,0.0,0.0,0.0
CCCC1C(=O)N(C(Cc2ccc3ccccc3c2)C(=O)NC)CCN1C(=O)C(Cc1ccc(F)cc1)NC(=O)c1ccncc1,0.0,0.0,0.0,0.0,0.0,8.4,0.0,0.0,0.0,0.0,0.0,0.0,0.0
CCCC1C(=O)N(C(Cc2ccc3ccccc3c2)C(=O)NC)CCN1C(=O)C(Cc1ccc(F)cc1)NC(=O)c1cscn1,0.0,0.0,0.0,0.0,0.0,7.44,0.0,0.0,0.0,0.0,0.0,0.0,0.0
CCCC1C(=O)N(C(Cc2ccc3ccccc3c2)C(=O)NC)CCN1C(=O)C(Cc1ccc(F)cc1)NC(C)=O,0.0,0.0,0.0,0.0,0.0,8.1,0.0,0.0,0.0,0.0,0.0,0.0,0.0
CCCC1C(=O)N(C(Cc2ccc3ccccc3c2)C(=O)NC)CCN1C(=O)C(N)Cc1ccc(F)cc1,0.0,0.0,0.0,0.0,0.0,7.12,0.0,0.0,0.0,0.0,0.0,0.0,0.0
CCCCC(=O)NC(Cc1ccc(Cl)cc1)C(=O)N1CCN(C2(CNC(=O)Cc3ccccc3)CCCCC2)CC1,0.0,0.0,0.0,0.0,0.0,6.82,0.0,0.0,0.0,0.0,0.0,0.0,0.0
CCCCC(N)c1cc(C(F)(F)F)ccc1N1CCN(C(=O)CCc2ccc(Cl)cc2Cl)CC1,0.0,0.0,0.0,0.0,0.0,6.72,0.0,0.0,0.0,0.0,0.0,0.0,0.0
CCCCC(NC(=O)C(CCC(=O)O)NC(=O)C(CCC(=O)O)NC(=O)C(CCC(=O)O)NC(=O)C(CCC(=O)O)NC(=O)CNC(=O)COCCOCCNC(=O)CCCCCCCCCCCCCCCc1nnn[nH]1)C(=O)NC1CCC(=O)NCCCCC(C(N)=O)NC(=O)C(Cc2c[nH]c3ccccc23)NC(=O)C(CCCNC(=N)N)NC(=O)C(Cc2ccccc2)NC(=O)C2CC(O)CN2C1=O,0.0,0.0,0.0,6.6,0.0,0.0,0.0,0.0,0.0,0.0,0.0,0.0,0.0
CCCCC(NC(=O)C(CCC(=O)O)NC(=O)C(CCCNC(=N)N)NC(=O)C(CCC(=O)O)NC(=O)C(CCC(=O)O)NC(=O)CNC(=O)COCCOCCNC(=O)CCCCCCCCCCCCCCCc1nnn[nH]1)C(=O)NC1CCC(=O)NCCCCC(C(N)=O)NC(=O)C(Cc2c[nH]c3ccccc23)NC(=O)C(CCCNC(=N)N)NC(=O)C(Cc2ccccc2)NC(=O)C2CC(O)CN2C1=O,0.0,0.0,0.0,7.46,0.0,0.0,0.0,0.0,0.0,0.0,0.0,0.0,0.0
CCCCC(NC(=O)C(CCC(=O)O)NC(=O)C(Cc1c[nH]cn1)NC(=O)C(CCC(=O)O)NC(=O)C(CCC(=O)O)NC(=O)CNC(=O)COCCOCCNC(=O)CCCCCCCCCCCCCCCc1nnn[nH]1)C(=O)NC1CCC(=O)NCCCCC(C(N)=O)NC(=O)C(Cc2c[nH]c3ccccc23)NC(=O)C(CCCNC(=N)N)NC(=O)C(Cc2ccccc2)NC(=O)C2CC(O)CN2C1=O,0.0,0.0,0.0,8.11,0.0,0.0,0.0,0.0,0.0,0.0,0.0,0.0,0.0
CCCCC(NC(=O)C(CCCNC(=N)N)NC(=O)C(Cc1cnc[nH]1)NC(=O)C(CCC(N)=O)NC(=O)C(CO)NC(=O)CNC(=O)COCCOCCNC(=O)CCCCCCCCCCCCCCCc1nnn[nH]1)C(=O)NC1CCC(=O)NCCCCC(C(N)=O)NC(=O)C(Cc2c[nH]c3ccccc23)NC(=O)C(CCCNC(=N)N)NC(=O)C(Cc2ccccc2)NC(=O)C2CC(O)CN2C1=O,0.0,0.0,0.0,10.1,0.0,0.0,0.0,0.0,0.0,0.0,0.0,0.0,0.0
CCCCC(NC(=O)C(CN(C)C)NC(=O)C(Cc1cnc[nH]1)NC(=O)C(CCC(N)=O)NC(=O)C(CO)NC(=O)CNC(=O)COCCOCCNC(=O)CCCCCCCCCCCCCCCc1nnn[nH]1)C(=O)NC1CCC(=O)NCCCCC(C(N)=O)NC(=O)C(Cc2c[nH]c3ccccc23)NC(=O)C(CCCNC(=N)N)NC(=O)C(Cc2ccccc2)NC(=O)C2CC(O)CN2C1=O,0.0,0.0,0.0,9.89,0.0,0.0,0.0,0.0,0.0,0.0,0.0,0.0,0.0
CCCCC(NC(=O)C(CN)NC(=O)C(Cc1cnc[nH]1)NC(=O)C(CCC(N)=O)NC(=O)C(CO)NC(=O)CNC(=O)COCCOCCNC(=O)CCCCCCCCCCCCCCCc1nnn[nH]1)C(=O)NC1CCC(=O)NCCCCC(C(N)=O)NC(=O)C(Cc2c[nH]c3ccccc23)NC(=O)C(CCCNC(=N)N)NC(=O)C(Cc2ccccc2)NC(=O)C2CC(O)CN2C1=O,0.0,0.0,0.0,9.77,0.0,0.0,0.0,0.0,0.0,0.0,0.0,0.0,0.0
CCCCC(NC(=O)C(CNC(=O)CN(CC(=O)O)CC(=O)O)NC(=O)C(Cc1cnc[nH]1)NC(=O)C(CCC(N)=O)NC(=O)C(CO)NC(=O)CNC(=O)COCCOCCNC(=O)CCCCCCCCCCCCCCCc1nnn[nH]1)C(=O)NC1CCC(=O)NCCCCC(C(N)=O)NC(=O)C(Cc2c[nH]c3ccccc23)NC(=O)C(CCCNC(=N)N)NC(=O)C(Cc2ccccc2)NC(=O)C2CC(O)CN2C1=O,0.0,0.0,0.0,9.24,0.0,0.0,0.0,0.0,0.0,0.0,0.0,0.0,0.0
CCCCC(NC(=O)C(CNC(C)C)NC(=O)C(Cc1cnc[nH]1)NC(=O)C(CCC(N)=O)NC(=O)C(CO)NC(=O)CNC(=O)COCCOCCNC(=O)CCCCCCCCCCCCCCCc1nnn[nH]1)C(=O)NC1CCC(=O)NCCCCC(C(N)=O)NC(=O)C(Cc2c[nH]c3ccccc23)NC(=O)C(CCCNC(=N)N)NC(=O)C(Cc2ccccc2)NC(=O)C2CC(O)CN2C1=O,0.0,0.0,0.0,9.59,0.0,0.0,0.0,0.0,0.0,0.0,0.0,0.0,0.0
CCCCC(NC(=O)C(CO)NC(=O)C(CCCCNC(=N)N)NC(=O)C(CCC(N)=O)NC(=O)C(CO)NC(=O)CNC(C)=O)C(=O)NC1CCC(=O)NCCCCC(C(N)=O)NC(=O)C(Cc2c[nH]c3ccccc23)NC(=O)C(CCCNC(=N)N)NC(=O)C(Cc2ccccc2)NC(=O)C2CC(O)CN2C1=O,0.0,0.0,0.0,9.0,0.0,0.0,0.0,0.0,0.0,0.0,0.0,0.0,0.0
CCCCC(NC(=O)C(CO)NC(=O)C(Cc1ccc(O)cc1)NC(=O)C(CO)NC(=O)CCCCCn1cc(CCCCOC(CCC(C)C(O)CCC(C)C(O)CCC(OCCCCc2cn(CCCCCC(=O)NC(CO)C(=O)NC(Cc3ccc(O)cc3)C(=O)NC(CO)C(=O)NC(CCCC)C(=O)NC(CCC(=O)O)C(=O)NC(Cc3cnc[nH]3)C(=O)NC(Cc3ccccc3)C(=O)NC(CCCNC(=N)N)C(=O)NC(Cc3c[nH]c4ccccc34)C(=O)NCC(=O)NC(CCCCN)C(=O)N3CCCC3C(=O)NC(C(N)=O)C(C)C)nn2)C(C)CCC(O)C(C)CCC(O)C(C)C)C(C)C)nn1)C(=O)NC(CCC(=O)O)C(=O)NC(Cc1cnc[nH]1)C(=O)NC(Cc1ccccc1)C(=O)NC(CCCNC(=N)N)C(=O)NC(Cc1c[nH]c2ccccc12)C(=O)NCC(=O)NC(CCCCN)C(=O)N1CCCC1C(=O)NC(C(N)=O)C(C)C,0.0,0.0,0.0,0.0,0.0,8.47,0.0,0.0,0.0,0.0,0.0,0.0,0.0
CCCCC(NC(=O)C(CO)NC(=O)C(Cc1ccc(O)cc1)NC(=O)C(CO)NC(=O)CCCCCn1cc(CCCCOC(CCC(O)C(C)CCC(O)C(C)CCC(O)C(C)C)C(C)CCC(O)C(C)CCC(O)C(C)C)nn1)C(=O)NC(CCC(=O)O)C(=O)NC(Cc1cnc[nH]1)C(=O)NC(Cc1ccccc1)C(=O)NC(CCCNC(=N)N)C(=O)NC(Cc1c[nH]c2ccccc12)C(=O)NCC(=O)NC(CCCCN)C(=O)N1CCCC1C(=O)NC(C(N)=O)C(C)C,0.0,0.0,0.0,0.0,0.0,7.82,0.0,0.0,0.0,0.0,0.0,0.0,0.0
CCCCC(NC(=O)C(CO)NC(=O)C(Cc1ccc(O)cc1)NC(=O)C(CO)NC(C)=O)C(=O)NC(CCC(=O)O)C(=O)NC(Cc1c[nH]cn1)C(=O)NC(Cc1ccccc1)C(=O)NC(CCCNC(=N)N)C(=O)NC(Cc1c[nH]c2ccccc12)C(=O)NCC(=O)NC(CCCCN)C(=O)N1CCCC1C(=O)NC(C(N)=O)C(C)C,0.0,0.0,0.0,9.33,0.0,9.09,0.0,0.0,0.0,0.0,0.0,0.0,0.0
CCCCC(NC(=O)C(CO)NC(=O)C(Cc1ccc(O)cc1)NC(=O)C(CO)NC(C)=O)C(=O)NC(CCC(=O)O)C(=O)NC(Cc1cnc[nH]1)C(=O)NC(Cc1ccccc1)C(=O)NC(CCCNC(=N)N)C(=O)NC(Cc1c[nH]c2ccccc12)C(=O)NCC(=O)NC(CCCCN)C(=O)N1CCCC1C(=O)NC(C(N)=O)C(C)C,0.0,0.0,0.0,0.0,0.0,0.0,0.0,0.0,0.0,0.0,9.85,0.0,0.0
CCCCC(NC(=O)C(CO)NC(=O)C(Cc1cnc[nH]1)NC(=O)C(CCC(N)=O)NC(=O)C(CO)NC(=O)CNC(=O)COCCOCCNC(=O)CCCCCCCCCCCCCCCc1nnn[nH]1)C(=O)NC1CCC(=O)NCCCCC(C(N)=O)NC(=O)C(Cc2c[nH]c3ccccc23)NC(=O)C(CCCNC(=N)N)NC(=O)C(Cc2ccccc2)NC(=O)C2CC(O)CN2C1=O,0.0,0.0,0.0,9.7,0.0,0.0,0.0,0.0,0.0,0.0,0.0,0.0,0.0
CCCCC(NC(=O)C(CO)NC(=O)C(Cc1cnc[nH]1)NC(=O)C(CCC(N)=O)NC(=O)C(CO)NC(=O)CNC(C)=O)C(=O)NC1CCC(=O)NCCCCC(C(N)=O)NC(=O)C(Cc2c[nH]c3ccccc23)NC(=O)C(CCCNC(=N)N)NC(=O)C(Cc2ccccc2)NC(=O)C2CC(O)CN2C1=O,0.0,0.0,0.0,8.34,0.0,0.0,0.0,0.0,0.0,0.0,0.0,0.0,0.0
CCCCC(NC(=O)C(CO)NC(=O)CCCCCn1cc(CCCCOC(CCC(C)C(O)CCC(C)C(O)CCC(OCCCCc2cn(CCCCCC(=O)NC(CO)C(=O)NC(CCCC)C(=O)NC(CCC(=O)O)C(=O)NC(Cc3cnc[nH]3)C(=O)NC(Cc3ccccc3)C(=O)NC(CCCNC(=N)N)C(=O)NC(Cc3c[nH]c4ccccc34)C(N)=O)nn2)C(C)CCC(O)C(C)CCC(O)C(C)C)C(C)C)nn1)C(=O)NC(CCC(=O)O)C(=O)NC(Cc1cnc[nH]1)C(=O)NC(Cc1ccccc1)C(=O)NC(CCCNC(=N)N)C(=O)NC(Cc1c[nH]c2ccccc12)C(N)=O,0.0,0.0,0.0,0.0,0.0,7.82,0.0,0.0,0.0,0.0,0.0,0.0,0.0
CCCCC(NC(=O)C(CO)NC(=O)CCCCCn1cc(CCCCOC(CCC(O)C(C)CCC(O)C(C)CCC(O)C(C)C)C(C)CCC(O)C(C)CCC(O)C(C)C)nn1)C(=O)NC(CCC(=O)O)C(=O)NC(Cc1cnc[nH]1)C(=O)NC(Cc1ccccc1)C(=O)NC(CCCNC(=N)N)C(=O)NC(Cc1c[nH]c2ccccc12)C(N)=O,0.0,0.0,0.0,0.0,0.0,7.48,0.0,0.0,0.0,0.0,0.0,0.0,0.0
CCCCC(NC(=O)C(N)CNC(=O)C(Cc1cnc[nH]1)NC(=O)C(CCC(N)=O)NC(=O)C(CO)NC(=O)CNC(=O)COCCOCCNC(=O)CCCCCCCCCCCCCCCc1nnn[nH]1)C(=O)NC1CCC(=O)NCCCCC(C(N)=O)NC(=O)C(Cc2c[nH]c3ccccc23)NC(=O)C(CCCNC(=N)N)NC(=O)C(Cc2ccccc2)NC(=O)C2CC(O)CN2C1=O,0.0,0.0,0.0,9.77,0.0,0.0,0.0,0.0,0.0,0.0,0.0,0.0,0.0
CCCCC(NC(=O)C(NC(=O)C(N)Cc1ccc(O)cc1)C(C)C)C(=O)NCC(=O)NC(Cc1cnc[nH]1)C(=O)NC(Cc1ccc2ccccc2c1)C(=O)NC(CCCNC(=N)N)C(=O)NC(Cc1c[nH]c2ccccc12)C(=O)NC(CC(=O)O)C(=O)NC(CCCNC(=N)N)C(=O)NC(Cc1ccccc1)C(=O)NCC(N)=O,0.0,0.0,0.0,0.0,0.0,9.12,0.0,0.0,0.0,0.0,0.0,0.0,0.0
CCCCC(NC(C)=O)C(=O)NC1CC(=O)NCCCCC(C(=O)O)NC(=O)C(Cc2c[nH]c3ccccc23)NC(=O)C(CCCNC(=N)N)NC(=O)C(Cc2ccccc2)NC(=O)C(Cc2c[nH]cn2)NC1=O,0.0,0.0,0.0,9.6,0.0,7.61,0.0,0.0,0.0,0.0,0.0,0.0,7.66
CCCCC(NC(C)=O)C(=O)NC1CC(=O)NCCCCC(C(N)=O)NC(=O)C(Cc2c[nH]c3c(Cl)cccc23)NC(=O)C(CCCNC(=N)N)NC(=O)C(Cc2ccc3ccccc3c2)NC(=O)C(Cc2cnc[nH]2)NC1=O,0.0,0.0,0.0,0.0,0.0,0.0,0.0,0.0,0.0,10.78,0.0,0.0,0.0
CCCCC(NC(C)=O)C(=O)NC1CC(=O)NCCCCC(C(N)=O)NC(=O)C(Cc2c[nH]c3c(F)cccc23)NC(=O)C(CCCNC(=N)N)NC(=O)C(Cc2ccc3ccccc3c2)NC(=O)C(Cc2cnc[nH]2)NC1=O,0.0,0.0,0.0,0.0,0.0,0.0,0.0,0.0,0.0,10.68,0.0,0.0,0.0
CCCCC(NC(C)=O)C(=O)NC1CC(=O)NCCCCC(C(N)=O)NC(=O)C(Cc2c[nH]c3cc(Cl)ccc23)NC(=O)C(CCCNC(=N)N)NC(=O)C(Cc2ccc3ccccc3c2)NC(=O)C(Cc2cnc[nH]2)NC1=O,0.0,0.0,0.0,0.0,0.0,0.0,0.0,0.0,0.0,10.71,0.0,0.0,0.0
CCCCC(NC(C)=O)C(=O)NC1CC(=O)NCCCCC(C(N)=O)NC(=O)C(Cc2c[nH]c3cc(F)ccc23)NC(=O)C(CCCNC(=N)N)NC(=O)C(Cc2ccc3ccccc3c2)NC(=O)C(Cc2cnc[nH]2)NC1=O,0.0,0.0,0.0,0.0,0.0,0.0,0.0,0.0,0.0,10.82,0.0,0.0,0.0
CCCCC(NC(C)=O)C(=O)NC1CC(=O)NCCCCC(C(N)=O)NC(=O)C(Cc2c[nH]c3ccc(Cl)cc23)NC(=O)C(CCCNC(=N)N)NC(=O)C(Cc2ccc3ccccc3c2)NC(=O)C(Cc2cnc[nH]2)NC1=O,0.0,0.0,0.0,0.0,0.0,0.0,0.0,0.0,0.0,10.46,0.0,0.0,0.0
CCCCC(NC(C)=O)C(=O)NC1CC(=O)NCCCCC(C(N)=O)NC(=O)C(Cc2c[nH]c3ccc(F)cc23)NC(=O)C(CCCNC(=N)N)NC(=O)C(Cc2ccc3ccccc3c2)NC(=O)C(Cc2cnc[nH]2)NC1=O,0.0,0.0,0.0,0.0,0.0,0.0,0.0,0.0,0.0,10.59,0.0,0.0,0.0
CCCCC(NC(C)=O)C(=O)NC1CC(=O)NCCCCC(C(N)=O)NC(=O)C(Cc2c[nH]c3ccccc23)NC(=O)C(CCCNC(=N)N)NC(=O)C(Cc2ccc(-c3ccc4ccccc4c3)cc2)NC(=O)C(Cc2cnc[nH]2)NC1=O,0.0,0.0,0.0,0.0,0.0,0.0,0.0,0.0,0.0,8.86,0.0,0.0,0.0
CCCCC(NC(C)=O)C(=O)NC1CC(=O)NCCCCC(C(N)=O)NC(=O)C(Cc2c[nH]c3ccccc23)NC(=O)C(CCCNC(=N)N)NC(=O)C(Cc2ccc(-c3cccc4ccccc34)cc2)NC(=O)C(Cc2cnc[nH]2)NC1=O,0.0,0.0,0.0,0.0,0.0,0.0,0.0,0.0,0.0,9.11,0.0,0.0,0.0
CCCCC(NC(C)=O)C(=O)NC1CC(=O)NCCCCC(C(N)=O)NC(=O)C(Cc2c[nH]c3ccccc23)NC(=O)C(CCCNC(=N)N)NC(=O)C(Cc2ccc(-c3ccccc3)cc2)NC(=O)C(Cc2cnc[nH]2)NC1=O,0.0,0.0,0.0,0.0,0.0,0.0,0.0,0.0,0.0,10.56,0.0,0.0,0.0
CCCCC(NC(C)=O)C(=O)NC1CC(=O)NCCCCC(C(N)=O)NC(=O)C(Cc2c[nH]c3ccccc23)NC(=O)C(CCCNC(=N)N)NC(=O)C(Cc2ccc3ccccc3c2)NC(=O)C(Cc2c[nH]cn2)NC1=O,0.0,0.0,0.0,0.0,0.0,0.0,0.0,0.0,0.0,10.55,0.0,0.0,0.0
CCCCC(NC(C)=O)C(=O)NC1CC(=O)NCCCCC(C(N)=O)NC(=O)C(Cc2c[nH]c3ccccc23)NC(=O)C(CCCNC(=N)N)NC(=O)C(Cc2cccc(-c3ccc4ccccc4c3)c2)NC(=O)C(Cc2cnc[nH]2)NC1=O,0.0,0.0,0.0,0.0,0.0,0.0,0.0,0.0,0.0,9.04,0.0,0.0,0.0
CCCCC(NC(C)=O)C(=O)NC1CC(=O)NCCCCC(C(N)=O)NC(=O)C(Cc2c[nH]c3ccccc23)NC(=O)C(CCCNC(=N)N)NC(=O)C(Cc2cccc(-c3cccc4ccccc34)c2)NC(=O)C(Cc2cnc[nH]2)NC1=O,0.0,0.0,0.0,0.0,0.0,0.0,0.0,0.0,0.0,9.26,0.0,0.0,0.0
CCCCC(NC(C)=O)C(=O)NC1CC(=O)NCCCCC(C(N)=O)NC(=O)C(Cc2c[nH]c3ccccc23)NC(=O)C(CCCNC(=N)N)NC(=O)C(Cc2cccc(-c3ccccc3)c2)NC(=O)C(Cc2cnc[nH]2)NC1=O,0.0,0.0,0.0,0.0,0.0,0.0,0.0,0.0,0.0,9.34,0.0,0.0,0.0
CCCCC(NC(C)=O)C(=O)NC1CC(=O)NCCCCC(C(N)=O)NC(=O)C(Cc2c[nH]c3ccccc23)NC(=O)C(CCCNC(=N)N)NC(=O)C(Cc2ccccc2)NC(=O)C(Cc2cnc[nH]2)NC1=O,0.0,0.0,0.0,0.0,0.0,8.9,0.0,0.0,0.0,9.34,0.0,0.0,8.9
CCCCC(NC(C)=O)C(=O)NC1CC(=O)NCCCCCC(C(N)=O)NC(=O)C(Cc2c[nH]c3ccccc23)NC(=O)C(CCCNC(=N)N)NC(=O)C(Cc2ccccc2)NC(=O)C(Cc2c[nH]cn2)NC1=O,0.0,0.0,0.0,9.0,0.0,0.0,0.0,0.0,0.0,0.0,0.0,0.0,0.0
CCCCC(NC(C)=O)C(=O)NC1Cc2cn(nn2)CCCCC(C(N)=O)NC(=O)C(Cc2c[nH]c3ccccc23)NC(=O)C(CCCNC(=N)N)NC(=O)C(Cc2ccc3ccccc3c2)NC(=O)C(Cc2cnc[nH]2)NC1=O,0.0,0.0,0.0,0.0,0.0,0.0,0.0,0.0,0.0,10.8,0.0,0.0,0.0
CCCCC(NC(C)=O)C(=O)NC1Cc2cnnn2CCCCC(C(N)=O)NC(=O)C(Cc2c[nH]c3ccccc23)NC(=O)C(CCCNC(=N)N)NC(=O)C(Cc2ccc3ccccc3c2)NC(=O)C(Cc2cnc[nH]2)NC1=O,0.0,0.0,0.0,0.0,0.0,0.0,0.0,0.0,0.0,10.68,0.0,0.0,0.0
CCCCC1NC(=O)C2CSC(C(=O)O)=C(C(N)=O)SCC(NC(=O)C(CCCNC(=N)N)NC(=O)C(CC(=O)O)NC(=O)C(Cc3c[nH]c4ccccc34)NC(=O)C(CCCNC(=N)N)NC(=O)C(Cc3ccccc3)NC(=O)C(Cc3cnc[nH]3)NC(=O)CNC1=O)C(=O)NC(Cc1cnc[nH]1)C(=O)NC(Cc1ccccc1)C(=O)NC(CCCNC(=N)N)C(=O)NC(Cc1c[nH]c3ccccc13)C(=O)NC(CCCNC(=N)N)C(=O)N2,0.0,0.0,0.0,0.0,0.0,0.0,0.0,0.0,0.0,0.0,0.0,0.0,6.52
CCCCC1NC(=O)C2CSC3=C(SCC(NC(=O)C(CCCNC(=N)N)NC(=O)C(CC(=O)O)NC(=O)C(Cc4c[nH]c5ccccc45)NC(=O)C(CCCNC(=N)N)NC(=O)C(Cc4ccccc4)NC(=O)C(Cc4cnc[nH]4)NC(=O)CNC1=O)C(=O)NC(Cc1cnc[nH]1)C(=O)NC(Cc1ccccc1)C(=O)NC(CCCNC(=N)N)C(=O)NC(Cc1c[nH]c4ccccc14)C(=O)NC(CCCNC(=N)N)C(=O)N2)C(=O)NC3=O,0.0,0.0,0.0,0.0,0.0,0.0,0.0,0.0,0.0,0.0,0.0,0.0,7.09
CCCCC1NC(=O)C2CSCC(=NOCC(=O)NCCOCCOCCOCCN=[N+]=[N-])CSCC(NC(=O)C(CCCNC(=N)N)NC(=O)C(CC(=O)O)NC(=O)C(Cc3c[nH]c4ccccc34)NC(=O)C(CCCNC(=N)N)NC(=O)C(Cc3ccccc3)NC(=O)C(Cc3cnc[nH]3)NC(=O)CNC1=O)C(=O)NC(Cc1cnc[nH]1)C(=O)NC(Cc1ccccc1)C(=O)NC(CCCNC(=N)N)C(=O)NC(Cc1c[nH]c3ccccc13)C(=O)NC(CCCNC(=N)N)C(=O)N2,0.0,0.0,0.0,0.0,0.0,0.0,0.0,0.0,0.0,0.0,0.0,0.0,7.51
CCCCC1NC(=O)C2CSCC(=O)CSCC(NC(=O)C(CCCNC(=N)N)NC(=O)C(CC(=O)O)NC(=O)C(Cc3c[nH]c4ccccc34)NC(=O)C(CCCNC(=N)N)NC(=O)C(Cc3ccccc3)NC(=O)C(Cc3cnc[nH]3)NC(=O)CNC1=O)C(=O)NC(Cc1cnc[nH]1)C(=O)NC(Cc1ccccc1)C(=O)NC(CCCNC(=N)N)C(=O)NC(Cc1c[nH]c3ccccc13)C(=O)NC(CCCNC(=N)N)C(=O)N2,0.0,0.0,0.0,0.0,0.0,0.0,0.0,0.0,0.0,0.0,0.0,0.0,7.36
CCCCC1NC(=O)C2CSCCCSCC(NC(=O)C(CCCNC(=N)N)NC(=O)C(CC(=O)O)NC(=O)C(Cc3c[nH]c4ccccc34)NC(=O)C(CCCNC(=N)N)NC(=O)C(Cc3ccccc3)NC(=O)C(Cc3cnc[nH]3)NC(=O)CNC1=O)C(=O)NC(Cc1cnc[nH]1)C(=O)NC(Cc1ccccc1)C(=O)NC(CCCNC(=N)N)C(=O)NC(Cc1c[nH]c3ccccc13)C(=O)NC(CCCNC(=N)N)C(=O)N2,0.0,0.0,0.0,0.0,0.0,0.0,0.0,0.0,0.0,0.0,0.0,0.0,7.35
CCCCC1NC(=O)C2CSCc3ccc(cc3)CSCC(NC(=O)C(CCCNC(=N)N)NC(=O)C(CC(=O)O)NC(=O)C(Cc3c[nH]c4ccccc34)NC(=O)C(CCCNC(=N)N)NC(=O)C(Cc3ccccc3)NC(=O)C(Cc3cnc[nH]3)NC(=O)CNC1=O)C(=O)NC(Cc1cnc[nH]1)C(=O)NC(Cc1ccccc1)C(=O)NC(CCCNC(=N)N)C(=O)NC(Cc1c[nH]c3ccccc13)C(=O)NC(CCCNC(=N)N)C(=O)N2,0.0,0.0,0.0,0.0,0.0,0.0,0.0,0.0,0.0,0.0,0.0,0.0,7.65
CCCCC1NC(=O)C2CSCc3cccc(c3)CSCC(NC(=O)C(CCCNC(=N)N)NC(=O)C(CC(=O)O)NC(=O)C(Cc3c[nH]c4ccccc34)NC(=O)C(CCCNC(=N)N)NC(=O)C(Cc3ccccc3)NC(=O)C(Cc3cnc[nH]3)NC(=O)CNC1=O)C(=O)NC(Cc1cnc[nH]1)C(=O)NC(Cc1ccccc1)C(=O)NC(CCCNC(=N)N)C(=O)NC(Cc1c[nH]c3ccccc13)C(=O)NC(CCCNC(=N)N)C(=O)N2,0.0,0.0,0.0,0.0,0.0,0.0,0.0,0.0,0.0,0.0,0.0,0.0,7.45
CCCCC1NC(=O)C2CSCc3ccccc3CSCC(NC(=O)C(CCCNC(=N)N)NC(=O)C(CC(=O)O)NC(=O)C(Cc3c[nH]c4ccccc34)NC(=O)C(CCCNC(=N)N)NC(=O)C(Cc3ccccc3)NC(=O)C(Cc3cnc[nH]3)NC(=O)CNC1=O)C(=O)NC(Cc1cnc[nH]1)C(=O)NC(Cc1ccccc1)C(=O)NC(CCCNC(=N)N)C(=O)NC(Cc1c[nH]c3ccccc13)C(=O)NC(CCCNC(=N)N)C(=O)N2,0.0,0.0,0.0,0.0,0.0,0.0,0.0,0.0,0.0,0.0,0.0,0.0,7.48
CCCCC1NC(=O)C2CSSCC(NC(=O)C(CCCNC(=N)N)NC(=O)C(CC(=O)O)NC(=O)C(Cc3c[nH]c4ccccc34)NC(=O)C(CCCNC(=N)N)NC(=O)C(Cc3ccccc3)NC(=O)C(Cc3cnc[nH]3)NC(=O)CNC1=O)C(=O)NC(Cc1cnc[nH]1)C(=O)NC(Cc1ccccc1)C(=O)NC(CCCNC(=N)N)C(=O)NC(Cc1c[nH]c3ccccc13)C(=O)NC(CCCNC(=N)N)C(=O)N2,0.0,0.0,0.0,0.0,0.0,0.0,0.0,0.0,0.0,0.0,0.0,0.0,7.09
CCCCC1NC(=O)C2CSc3c(F)c(F)c(c(F)c3F)SCC(NC(=O)C(CCCNC(=N)N)NC(=O)C(CC(=O)O)NC(=O)C(Cc3c[nH]c4ccccc34)NC(=O)C(CCCNC(=N)N)NC(=O)C(Cc3ccccc3)NC(=O)C(Cc3cnc[nH]3)NC(=O)CNC1=O)C(=O)NC(Cc1cnc[nH]1)C(=O)NC(Cc1ccccc1)C(=O)NC(CCCNC(=N)N)C(=O)NC(Cc1c[nH]c3ccccc13)C(=O)NC(CCCNC(=N)N)C(=O)N2,0.0,0.0,0.0,0.0,0.0,0.0,0.0,0.0,0.0,0.0,0.0,0.0,7.34
CCCCC1NC(=O)C2CSc3nnc(c4c3CCC3C(CC4)C3COC(=O)NCCN)SCC(NC(=O)C(CCCNC(=N)N)NC(=O)C(CC(=O)O)NC(=O)C(Cc3c[nH]c4ccccc34)NC(=O)C(CCCNC(=N)N)NC(=O)C(Cc3ccccc3)NC(=O)C(Cc3cnc[nH]3)NC(=O)CNC1=O)C(=O)NC(Cc1cnc[nH]1)C(=O)NC(Cc1ccccc1)C(=O)NC(CCCNC(=N)N)C(=O)NC(Cc1c[nH]c3ccccc13)C(=O)NC(CCCNC(=N)N)C(=O)N2,0.0,0.0,0.0,0.0,0.0,0.0,0.0,0.0,0.0,0.0,0.0,0.0,9.04
CCCCC1NC(=O)C2CSc3nnc(c4c3CCC3C(CC4)C3COC(=O)NCCNC(=O)CCOCCOCCOCCOCCOCCC(=O)NCCNC(=O)OCC3C4CCc5c6nnc(c5CCC43)SCC3NC(=O)C(CCCNC(=N)N)NC(=O)C(CC(=O)O)NC(=O)C(Cc4c[nH]c5ccccc45)NC(=O)C(CCCNC(=N)N)NC(=O)C(Cc4ccccc4)NC(=O)C(Cc4cnc[nH]4)NC(=O)CNC(=O)C(CCCC)NC(=O)C(CS6)NC(=O)C(CCCNC(=N)N)NC(=O)C(Cc4c[nH]c5ccccc45)NC(=O)C(CCCNC(=N)N)NC(=O)C(Cc4ccccc4)NC(=O)C(Cc4cnc[nH]4)NC3=O)SCC(NC(=O)C(CCCNC(=N)N)NC(=O)C(CC(=O)O)NC(=O)C(Cc3c[nH]c4ccccc34)NC(=O)C(CCCNC(=N)N)NC(=O)C(Cc3ccccc3)NC(=O)C(Cc3cnc[nH]3)NC(=O)CNC1=O)C(=O)NC(Cc1cnc[nH]1)C(=O)NC(Cc1ccccc1)C(=O)NC(CCCNC(=N)N)C(=O)NC(Cc1c[nH]c3ccccc13)C(=O)NC(CCCNC(=N)N)C(=O)N2,0.0,0.0,0.0,0.0,0.0,0.0,0.0,0.0,0.0,0.0,0.0,0.0,7.51
CCCCC1NC(=O)C2CSc3nnc(c4c3CCC3C(CC4)C3COC(=O)NCCOCCOCCN)SCC(NC(=O)C(CCCNC(=N)N)NC(=O)C(CC(=O)O)NC(=O)C(Cc3c[nH]c4ccccc34)NC(=O)C(CCCNC(=N)N)NC(=O)C(Cc3ccccc3)NC(=O)C(Cc3cnc[nH]3)NC(=O)CNC1=O)C(=O)NC(Cc1cnc[nH]1)C(=O)NC(Cc1ccccc1)C(=O)NC(CCCNC(=N)N)C(=O)NC(Cc1c[nH]c3ccccc13)C(=O)NC(CCCNC(=N)N)C(=O)N2,0.0,0.0,0.0,0.0,0.0,0.0,0.0,0.0,0.0,0.0,0.0,0.0,7.7
CCCCC1NC(=O)C2CSc3nnc(c4c3CCC3C(CC4)C3COC(=O)NCCOCCOCCNC(=O)CCOCCOCCOCCOCCOCCC(=O)NCCOCCOCCNC(=O)OCC3C4CCc5c6nnc(c5CCC43)SCC3NC(=O)C(CCCNC(=N)N)NC(=O)C(CC(=O)O)NC(=O)C(Cc4c[nH]c5ccccc45)NC(=O)C(CCCNC(=N)N)NC(=O)C(Cc4ccccc4)NC(=O)C(Cc4cnc[nH]4)NC(=O)CNC(=O)C(CCCC)NC(=O)C(CS6)NC(=O)C(CCCNC(=N)N)NC(=O)C(Cc4c[nH]c5ccccc45)NC(=O)C(CCCNC(=N)N)NC(=O)C(Cc4ccccc4)NC(=O)C(Cc4cnc[nH]4)NC3=O)SCC(NC(=O)C(CCCNC(=N)N)NC(=O)C(CC(=O)O)NC(=O)C(Cc3c[nH]c4ccccc34)NC(=O)C(CCCNC(=N)N)NC(=O)C(Cc3ccccc3)NC(=O)C(Cc3cnc[nH]3)NC(=O)CNC1=O)C(=O)NC(Cc1cnc[nH]1)C(=O)NC(Cc1ccccc1)C(=O)NC(CCCNC(=N)N)C(=O)NC(Cc1c[nH]c3ccccc13)C(=O)NC(CCCNC(=N)N)C(=O)N2,0.0,0.0,0.0,0.0,0.0,0.0,0.0,0.0,0.0,0.0,0.0,0.0,7.48
CCCCC1NC(=O)C2CSc3nnc(c4c3CCC3C(CC4)C3COC(=O)NCCOCCOCCNC(=O)c3ccc4c(c3)C(=O)OC43c4ccc(O)cc4Oc4cc(O)ccc43)SCC(NC(=O)C(CCCNC(=N)N)NC(=O)C(CC(=O)O)NC(=O)C(Cc3c[nH]c4ccccc34)NC(=O)C(CCCNC(=N)N)NC(=O)C(Cc3ccccc3)NC(=O)C(Cc3cnc[nH]3)NC(=O)CNC1=O)C(=O)NC(Cc1cnc[nH]1)C(=O)NC(Cc1ccccc1)C(=O)NC(CCCNC(=N)N)C(=O)NC(Cc1c[nH]c3ccccc13)C(=O)NC(CCCNC(=N)N)C(=O)N2,0.0,0.0,0.0,0.0,0.0,0.0,0.0,0.0,0.0,0.0,0.0,0.0,6.58
CCCCC1NC(=O)C2CSc3nnc(c4c3CCC3C(CC4)C3COC(=O)NCCOCCOCCOCCNC(=O)OCC3C4CCc5c6nnc(c5CCC43)SCC3NC(=O)C(CCCNC(=N)N)NC(=O)C(CC(=O)O)NC(=O)C(Cc4c[nH]c5ccccc45)NC(=O)C(CCCNC(=N)N)NC(=O)C(Cc4ccccc4)NC(=O)C(Cc4cnc[nH]4)NC(=O)CNC(=O)C(CCCC)NC(=O)C(CS6)NC(=O)C(CCCNC(=N)N)NC(=O)C(Cc4c[nH]c5ccccc45)NC(=O)C(CCCNC(=N)N)NC(=O)C(Cc4ccccc4)NC(=O)C(Cc4cnc[nH]4)NC3=O)SCC(NC(=O)C(CCCNC(=N)N)NC(=O)C(CC(=O)O)NC(=O)C(Cc3c[nH]c4ccccc34)NC(=O)C(CCCNC(=N)N)NC(=O)C(Cc3ccccc3)NC(=O)C(Cc3cnc[nH]3)NC(=O)CNC1=O)C(=O)NC(Cc1cnc[nH]1)C(=O)NC(Cc1ccccc1)C(=O)NC(CCCNC(=N)N)C(=O)NC(Cc1c[nH]c3ccccc13)C(=O)NC(CCCNC(=N)N)C(=O)N2,0.0,0.0,0.0,0.0,0.0,0.0,0.0,0.0,0.0,0.0,0.0,0.0,7.04
CCCCC1NC(=O)C2CSc3nnc(c4c3CCC3C(CC4)C3COC(=O)NCCOCCOCCOCCNC(=O)OCC3C4CCc5nnn(CC(=O)N6CCCCC6C6(O)CN(C(=O)c7ccc(F)c(F)c7Nc7ccc(I)cc7F)C6)c5CCC43)SCC(NC(=O)C(CCCNC(=N)N)NC(=O)C(CC(=O)O)NC(=O)C(Cc3c[nH]c4ccccc34)NC(=O)C(CCCNC(=N)N)NC(=O)C(Cc3ccccc3)NC(=O)C(Cc3cnc[nH]3)NC(=O)CNC1=O)C(=O)NC(Cc1cnc[nH]1)C(=O)NC(Cc1ccccc1)C(=O)NC(CCCNC(=N)N)C(=O)NC(Cc1c[nH]c3ccccc13)C(=O)NC(CCCNC(=N)N)C(=O)N2,0.0,0.0,0.0,0.0,0.0,0.0,0.0,0.0,0.0,0.0,0.0,0.0,6.77
CCCCC1NC(=O)C2CSc3nnc(c4c3CCC3C(CC4)C3COC(=O)NCCOCCOCCOCCOCCC(=O)O)SCC(NC(=O)C(CCCNC(=N)N)NC(=O)C(CC(=O)O)NC(=O)C(Cc3c[nH]c4ccccc34)NC(=O)C(CCCNC(=N)N)NC(=O)C(Cc3ccccc3)NC(=O)C(Cc3cnc[nH]3)NC(=O)CNC1=O)C(=O)NC(Cc1cnc[nH]1)C(=O)NC(Cc1ccccc1)C(=O)NC(CCCNC(=N)N)C(=O)NC(Cc1c[nH]c3ccccc13)C(=O)NC(CCCNC(=N)N)C(=O)N2,0.0,0.0,0.0,0.0,0.0,0.0,0.0,0.0,0.0,0.0,0.0,0.0,6.78
CCCCC1NC(=O)C2CSc3nnc(nn3)SCC(NC(=O)C(CCCNC(=N)N)NC(=O)C(CC(=O)O)NC(=O)C(Cc3c[nH]c4ccccc34)NC(=O)C(CCCNC(=N)N)NC(=O)C(Cc3ccccc3)NC(=O)C(Cc3cnc[nH]3)NC(=O)CNC1=O)C(=O)NC(Cc1cnc[nH]1)C(=O)NC(Cc1ccccc1)C(=O)NC(CCCNC(=N)N)C(=O)NC(Cc1c[nH]c3ccccc13)C(=O)NC(CCCNC(=N)N)C(=O)N2,0.0,0.0,0.0,0.0,0.0,0.0,0.0,0.0,0.0,0.0,0.0,0.0,7.47
CCCCCCC1(N2CCN(C(=O)C(Cc3ccc(Cl)cc3)NC(=O)CC3NCc4ccccc43)CC2)CCN(C)CC1,0.0,0.0,0.0,0.0,0.0,7.16,0.0,0.0,0.0,0.0,0.0,0.0,0.0
CCCCCCCCCCCCCCCC(=O)NCC(=O)NC(CO)C(=O)NC(CCC(N)=O)C(=O)NC(CCCCNC(=N)N)C(=O)NC(CO)C(=O)NC(CCCC)C(=O)NC1CCC(=O)NCCCCC(C(N)=O)NC(=O)C(Cc2c[nH]c3ccccc23)NC(=O)C(CCCNC(=N)N)NC(=O)C(Cc2ccccc2)NC(=O)C2CC(O)CN2C1=O,0.0,0.0,0.0,9.43,0.0,0.0,0.0,0.0,0.0,0.0,0.0,0.0,0.0
CCCCCCCCCCCCCCCC(=O)NCC(=O)NC(CO)C(=O)NC(CCC(N)=O)C(=O)NC(Cc1cnc[nH]1)C(=O)NC(CO)C(=O)NC(CCCC)C(=O)NC1CCC(=O)NCCCCC(C(N)=O)NC(=O)C(Cc2c[nH]c3ccccc23)NC(=O)C(CCCNC(=N)N)NC(=O)C(Cc2ccccc2)NC(=O)C2CC(O)CN2C1=O,0.0,0.0,0.0,9.92,0.0,0.0,0.0,0.0,0.0,0.0,0.0,0.0,0.0
CCCCCCCCCCCCCCCC(=O)NCC(=O)NCC(=O)NCC(=O)NCC(=O)NCC(=O)NC(CCCC)C(=O)NC1CCC(=O)NCCCCC(C(N)=O)NC(=O)C(Cc2c[nH]c3ccccc23)NC(=O)C(CCCNC(=N)N)NC(=O)C(Cc2ccccc2)NC(=O)C2CC(O)CN2C1=O,0.0,0.0,0.0,9.48,0.0,0.0,0.0,0.0,0.0,0.0,0.0,0.0,0.0
CCCCCCCCCCCCCCCC(=O)NS(=O)(=O)CCCC(=O)NCC(=O)NC(CO)C(=O)NC(CCC(N)=O)C(=O)NC(Cc1cnc[nH]1)C(=O)NC(CO)C(=O)NC(CCCC)C(=O)NC1CCC(=O)NCCCCC(C(N)=O)NC(=O)C(Cc2c[nH]c3ccccc23)NC(=O)C(CCCNC(=N)N)NC(=O)C(Cc2ccccc2)NC(=O)C2CC(O)CN2C1=O,0.0,0.0,0.0,9.96,0.0,0.0,0.0,0.0,0.0,0.0,0.0,0.0,0.0
CCCCCN(CCCCC)C(=O)c1ccc2nc(Nc3cc(OC)c(OC)c(OC)c3)n(CCCN)c2c1,0.0,0.0,0.0,0.0,0.0,0.0,6.2,0.0,0.0,0.0,0.0,0.0,0.0
CCCCCN(CCCCC)C(Cc1ccc(Cl)cc1Cl)C(=O)N1CCN(c2ccccc2C(=O)CC(C)C)CC1,0.0,0.0,0.0,5.24,0.0,0.0,0.0,0.0,0.0,0.0,0.0,0.0,0.0
CCCCCN(CCCCC)C(Cc1ccc(Cl)cc1Cl)C(=O)N1CCN(c2ccccc2C(N)CC(C)C)CC1,0.0,0.0,0.0,6.46,0.0,0.0,0.0,0.0,0.0,0.0,0.0,0.0,0.0
CCCCCN(CCCCC)C(Cc1ccc(Cl)cc1Cl)C(=O)N1CCN(c2ccccc2C(O)CC(C)C)CC1,0.0,0.0,0.0,5.5,0.0,0.0,0.0,0.0,0.0,0.0,0.0,0.0,0.0
CCCCCN(Cc1ccc(N(CC)CC)cc1)C(=O)CCCc1c[nH]c2ccccc12,0.0,0.0,0.0,0.0,4.11,0.0,0.0,0.0,0.0,0.0,0.0,0.0,0.0
CCCCN(CCCC)C(=O)c1ccc2nc(Nc3cc(OC)c(OC)c(OC)c3)n(CCCN)c2c1,0.0,0.0,0.0,0.0,0.0,0.0,6.0,0.0,0.0,0.0,0.0,0.0,0.0
CCCCN(CCCC)C(Cc1ccc(Cl)cc1Cl)C(=O)N1CCN(c2ccccc2C(=O)CC(C)C)CC1,0.0,0.0,0.0,5.77,0.0,0.0,0.0,0.0,0.0,0.0,0.0,0.0,0.0
CCCCN(CCCC)C(Cc1ccc(Cl)cc1Cl)C(=O)N1CCN(c2ccccc2C(N)CC(C)C)CC1,0.0,0.0,0.0,6.92,0.0,0.0,0.0,0.0,0.0,0.0,0.0,0.0,0.0
CCCCN(CCCC)C(Cc1ccc(Cl)cc1Cl)C(=O)N1CCN(c2ccccc2C(O)CC(C)C)CC1,0.0,0.0,0.0,5.85,0.0,0.0,0.0,0.0,0.0,0.0,0.0,0.0,0.0
CCCCN1CC(C(=O)N2CC(C)C(O)(c3ccccc3)C(C)C2)C(c2ccc(F)cc2F)C1,6.63,0.0,0.0,0.0,0.0,0.0,0.0,0.0,0.0,0.0,0.0,0.0,0.0
CCCCN=C(N)NC(=O)c1cccc(F)c1CCc1cc(Br)ccc1OC,0.0,0.0,0.0,0.0,0.0,0.0,0.0,6.04,0.0,0.0,0.0,0.0,0.0
CCCCc1cn(CCCCCC(=O)NC(CO)C(=O)NC(CCCC)C(=O)NC(CCC(=O)O)C(=O)NC(Cc2cnc[nH]2)C(=O)NC(Cc2ccccc2)C(=O)NC(CCCNC(=N)N)C(=O)NC(Cc2c[nH]c3ccccc23)C(N)=O)nn1,0.0,0.0,0.0,0.0,0.0,7.75,0.0,0.0,0.0,0.0,0.0,0.0,0.0
CCCCc1cn(CCCCCC(=O)NC(Cc2cnc[nH]2)C(=O)NC(Cc2ccccc2)C(=O)NC(CCCNC(=N)N)C(=O)NC(Cc2c[nH]c3ccccc23)C(N)=O)nn1,0.0,0.0,0.0,0.0,0.0,5.72,0.0,0.0,0.0,0.0,0.0,0.0,0.0
CCCN(CCC)C(=O)c1ccc2nc(Nc3cc(OC)c(OC)c(OC)c3)n(CCCN)c2c1,0.0,0.0,0.0,0.0,0.0,0.0,4.77,0.0,0.0,0.0,0.0,0.0,0.0
CCCN(CCC)C1CCc2cccc(N3CCN(C(=O)C(Cc4ccc(Cl)cc4)NC(=O)C4Cc5ccccc5CN4)CC3)c2C1,0.0,0.0,0.0,6.75,0.0,0.0,0.0,0.0,0.0,0.0,0.0,0.0,0.0
CCN(C(C)=O)C(C)c1ccccc1N1CCN(C(=O)C(CC(=O)N2CCN(C(=O)OC(C)(C)C)CC2)Cc2ccc(Cl)cc2)CC1,0.0,0.0,0.0,8.7,0.0,0.0,0.0,0.0,0.0,0.0,0.0,0.0,0.0
CCN(C(C)=O)C(C)c1ccccc1N1CCN(C(=O)C(CC(=O)NC2CCC2)Cc2ccc(Cl)cc2)CC1,0.0,0.0,0.0,8.22,0.0,0.0,0.0,0.0,0.0,0.0,0.0,0.0,0.0
CCN(CC(C1CCCCC1)N1CCN(C(=O)C(Cc2ccc(Cl)cc2)NC(=O)CC2Cc3ccccc3N2)CC1)C(C)=O,0.0,0.0,0.0,0.0,0.0,8.7,0.0,0.0,0.0,0.0,0.0,0.0,0.0
CCN(CC(C1CCCCC1)N1CCN(C(=O)C(Cc2ccc(Cl)cc2)NC(=O)CC2Cc3ccccc3N2)CC1)S(C)(=O)=O,0.0,0.0,0.0,0.0,0.0,8.52,0.0,0.0,0.0,0.0,0.0,0.0,0.0
CCN(CC(C1CCCCC1)N1CCN(C(=O)C(Cc2ccc(Cl)cc2)NC(=O)n2cc3ccccc3c2)CC1)S(C)(=O)=O,0.0,0.0,0.0,0.0,0.0,8.15,0.0,0.0,0.0,0.0,0.0,0.0,0.0
CCN(CC(c1ccccc1F)N1CCN(C)CC1)C(=O)OC,0.0,0.0,0.0,6.58,0.0,0.0,0.0,0.0,0.0,0.0,0.0,0.0,0.0
CCN(CC(c1ccccc1F)N1CCN(C)CC1)C(C)=O,0.0,0.0,0.0,6.97,0.0,0.0,0.0,0.0,0.0,0.0,0.0,0.0,0.0
CCN(CC(c1ccccc1F)N1CCN(C)CC1)S(C)(=O)=O,0.0,0.0,0.0,6.8,0.0,0.0,0.0,0.0,0.0,0.0,0.0,0.0,0.0
CCN(CC)C(=O)C(C1CCCCC1)N1CCN(C(=O)C(Cc2ccc(Cl)cc2)NC(=O)CC2Cc3ccccc3N2)CC1,0.0,0.0,0.0,0.0,0.0,6.83,0.0,0.0,0.0,0.0,0.0,0.0,0.0
CCN(CC)C(=O)C(c1ccccc1F)N1CCN(C)CC1,0.0,0.0,0.0,6.9,0.0,0.0,0.0,0.0,0.0,0.0,0.0,0.0,0.0
CCN(CC)C(CC(C)C)c1cccc(F)c1N1CCN(C(=O)C(Cc2ccc(Cl)cc2Cl)N2CCCC2=O)CC1,0.0,0.0,0.0,8.1,0.0,0.0,0.0,0.0,0.0,0.0,0.0,0.0,0.0
CCN(CC)C1CCc2cccc(N3CCN(C(=O)C(Cc4ccc(Cl)cc4)NC(=O)C4Cc5ccccc5CN4)CC3)c2C1,0.0,0.0,0.0,6.77,0.0,0.0,0.0,0.0,0.0,0.0,0.0,0.0,0.0
CCN(CC)CC(C)N1CCN(C(=O)C(Cc2ccc(Cl)cc2)NC(=O)C2Cc3ccccc3CN2)CC1,0.0,0.0,0.0,0.0,0.0,5.46,0.0,0.0,0.0,0.0,0.0,0.0,0.0
CCN(CC)CC(C1CCCC1)N1CCN(C(=O)C(Cc2ccc(Cl)cc2)NC(=O)C2Cc3ccccc3CN2)CC1,0.0,0.0,0.0,0.0,0.0,8.4,0.0,0.0,0.0,0.0,0.0,0.0,0.0
CCN(CC)CC(C1CCCCC1)N1CCN(C(=O)C(Cc2ccc(Cl)cc2)NC(=O)C2Cc3ccccc3CN2)CC1,0.0,0.0,0.0,0.0,0.0,8.4,0.0,0.0,0.0,0.0,0.0,0.0,0.0
CCN(CC)CC(C1CCCCC1)N1CCN(C(=O)C(Cc2ccc(Cl)cc2)NC(=O)CC2Cc3ccccc3N2)CC1,0.0,0.0,0.0,0.0,0.0,8.52,0.0,0.0,0.0,0.0,0.0,0.0,0.0
CCN(CC)CC(C1CCCCCC1)N1CCN(C(=O)C(Cc2ccc(Cl)cc2)NC(=O)C2Cc3ccccc3CN2)CC1,0.0,0.0,0.0,0.0,0.0,7.89,0.0,0.0,0.0,0.0,0.0,0.0,0.0
CCN(CC)CC(CC1CCCCC1)N1CCN(C(=O)C(Cc2ccc(Cl)cc2)NC(=O)C2Cc3ccccc3CN2)CC1,0.0,0.0,0.0,0.0,0.0,7.89,0.0,0.0,0.0,0.0,0.0,0.0,0.0
CCN(CC)CC(CC1CCCCC1)N1CCN(C(=O)C(Cc2ccc(Cl)cc2)NC(=O)CC2Cc3ccccc3N2)CC1,0.0,0.0,0.0,0.0,0.0,8.3,0.0,0.0,0.0,0.0,0.0,0.0,0.0
CCN(CC)CC(CC1CCCCC1)N1CCN(C(=O)C(Cc2ccc(Cl)cc2)NC(=O)CC2NCc3ccccc32)CC1,0.0,0.0,0.0,0.0,0.0,8.3,0.0,0.0,0.0,0.0,0.0,0.0,0.0
CCN(CC)CC(CCCc1ccccc1)N1CCN(C)CC1,0.0,0.0,0.0,6.96,0.0,0.0,0.0,0.0,0.0,0.0,0.0,0.0,0.0
CCN(CC)CC(CCc1ccccc1)N1CCN(C)CC1,0.0,0.0,0.0,6.89,0.0,0.0,0.0,0.0,0.0,0.0,0.0,0.0,0.0
CCN(CC)CC(Cc1ccccc1)N1CCN(C)CC1,0.0,0.0,0.0,7.4,0.0,0.0,0.0,0.0,0.0,0.0,0.0,0.0,0.0
CCN(CC)CC(c1c(F)cccc1F)N1CCN(C)CC1,0.0,0.0,0.0,6.82,0.0,0.0,0.0,0.0,0.0,0.0,0.0,0.0,0.0
CCN(CC)CC(c1ccc(C(F)(F)F)cc1)N1CCN(C)CC1,0.0,0.0,0.0,6.7,0.0,0.0,0.0,0.0,0.0,0.0,0.0,0.0,0.0
CCN(CC)CC(c1ccc(F)cc1F)N1CCN(C)CC1,0.0,0.0,0.0,7.0,0.0,0.0,0.0,0.0,0.0,0.0,0.0,0.0,0.0
CCN(CC)CC(c1cccc(C(F)(F)F)c1)N1CCN(C)CC1,0.0,0.0,0.0,6.82,0.0,0.0,0.0,0.0,0.0,0.0,0.0,0.0,0.0
CCN(CC)CC(c1ccccc1)N1CCN(C)CC1,0.0,0.0,0.0,7.3,0.0,0.0,0.0,0.0,0.0,0.0,0.0,0.0,0.0
CCN(CC)CC(c1ccccc1C(F)(F)F)N1CCN(C)CC1,0.0,0.0,0.0,7.4,0.0,0.0,0.0,0.0,0.0,0.0,0.0,0.0,0.0
CCN(CC)CC(c1ccccc1C)N1CCN(C)CC1,0.0,0.0,0.0,7.16,0.0,0.0,0.0,0.0,0.0,0.0,0.0,0.0,0.0
CCN(CC)CC(c1ccccc1Cl)N1CCN(C(=O)C(Cc2ccc(Cl)cc2)NC(=O)CC2NCCc3ccccc32)CC1,0.0,0.0,0.0,0.0,0.0,8.19,0.0,0.0,0.0,0.0,0.0,0.0,0.0
CCN(CC)CC(c1ccccc1Cl)N1CCN(C(=O)C(Cc2ccc(Cl)cc2)NC(=O)CC2NCc3ccccc32)CC1,0.0,0.0,0.0,0.0,0.0,8.28,0.0,0.0,0.0,0.0,0.0,0.0,0.0
CCN(CC)CC(c1ccccc1Cl)N1CCN(C)CC1,0.0,0.0,0.0,7.16,0.0,0.0,0.0,0.0,0.0,0.0,0.0,0.0,0.0
CCN(CC)CC(c1ccccc1F)N1CCN(C(=O)C(Cc2ccc(Cl)cc2)NC(=O)C2Cc3ccccc3C(C)(C)N2)CC1,0.0,0.0,0.0,0.0,0.0,8.24,0.0,0.0,0.0,0.0,0.0,0.0,0.0
CCN(CC)CC(c1ccccc1F)N1CCN(C(=O)C(Cc2ccc(Cl)cc2)NC(=O)C2Cc3ccccc3CN2)CC1,0.0,0.0,0.0,0.0,0.0,7.7,0.0,0.0,0.0,0.0,0.0,0.0,0.0
CCN(CC)CC(c1ccccc1F)N1CCN(C(=O)C(Cc2ccc(Cl)cc2)NC(=O)CC2(C)NCc3ccccc32)CC1,0.0,0.0,0.0,0.0,0.0,7.13,0.0,0.0,0.0,0.0,0.0,0.0,0.0
CCN(CC)CC(c1ccccc1F)N1CCN(C(=O)C(Cc2ccc(Cl)cc2)NC(=O)CC2NCCc3ccccc32)CC1,0.0,0.0,0.0,0.0,0.0,7.98,0.0,0.0,0.0,0.0,0.0,0.0,0.0
CCN(CC)CC(c1ccccc1F)N1CCN(C(=O)C(Cc2ccc(Cl)cc2)NC(=O)CC2NCc3ccccc32)CC1,0.0,0.0,0.0,0.0,0.0,8.14,0.0,0.0,0.0,0.0,0.0,0.0,0.0
CCN(CC)CC(c1ccccc1F)N1CCN(C(=O)C(Cc2ccc(Cl)cc2)NC(=O)CC2c3ccccc3CN2C)CC1,0.0,0.0,0.0,0.0,0.0,7.76,0.0,0.0,0.0,0.0,0.0,0.0,0.0
CCN(CC)CC(c1ccccc1F)N1CCN(C(=O)C(Cc2ccc(Cl)cc2)NC(=O)N2CCc3ccccc3C2)CC1,0.0,0.0,0.0,0.0,0.0,7.85,0.0,0.0,0.0,0.0,0.0,0.0,0.0
CCN(CC)CC(c1ccccc1F)N1CCN(C(=O)C(Cc2ccc(Cl)cc2)NC(=O)c2cc3ccccc3cn2)CC1,0.0,0.0,0.0,0.0,0.0,7.02,0.0,0.0,0.0,0.0,0.0,0.0,0.0
CCN(CC)CC(c1ccccc1F)N1CCN(C)CC1,0.0,0.0,0.0,7.85,0.0,0.0,0.0,0.0,0.0,0.0,0.0,0.0,0.0
CCN(CC)CC(c1ccccc1OC)N1CCN(C)CC1,0.0,0.0,0.0,6.72,0.0,0.0,0.0,0.0,0.0,0.0,0.0,0.0,0.0
CCN(CC)CCCC(C)N=C(N)NC(=O)c1cccc(Cl)c1CCc1cc(Br)ccc1OC,0.0,0.0,0.0,0.0,0.0,0.0,0.0,9.08,0.0,0.0,0.0,0.0,0.0
CCN(CC)CCCC(C)N=C(N)NC(=O)c1cccc(F)c1CCc1cc(Br)ccc1Cl,0.0,0.0,0.0,0.0,0.0,0.0,0.0,6.96,0.0,0.0,0.0,0.0,0.0
CCN(CC)CCCC(C)N=C(N)NC(=O)c1cccc(F)c1CCc1cc(Br)ccc1OC,0.0,0.0,0.0,0.0,0.0,0.0,0.0,8.37,0.0,0.0,0.0,0.0,0.0
CCN(CC)CCCC(C)N=C(N)NC(=O)c1cccc(F)c1CCc1cc(OC)cc(OC)c1,0.0,0.0,0.0,0.0,0.0,0.0,0.0,7.85,0.0,0.0,0.0,0.0,0.0
CCN(CC)CCCC(C)N=C(N)NC(=O)c1cccc(F)c1CCc1ccc2ccccc2c1,0.0,0.0,0.0,0.0,0.0,0.0,0.0,6.16,0.0,0.0,0.0,0.0,0.0
CCN(CC)CCCC(C)N=C(N)NC(=O)c1cccc(F)c1CCc1cccc2ccccc12,0.0,0.0,0.0,0.0,0.0,0.0,0.0,7.05,0.0,0.0,0.0,0.0,0.0
CCN(CC)CCCC(C)N=C(N)NC(=O)c1cccc(F)c1CCc1ccccc1Cl,0.0,0.0,0.0,0.0,0.0,0.0,0.0,4.58,0.0,0.0,0.0,0.0,0.0
CCN(CC)CCCC(C)N=C(N)NC(=O)c1cccc(F)c1OCc1cc(Br)ccc1OC,0.0,0.0,0.0,0.0,0.0,0.0,0.0,6.05,0.0,0.0,0.0,0.0,0.0
CCN(CC)CCCC(C)N=C(N)NC(=O)c1ccsc1CCc1cc(Br)ccc1OC,0.0,0.0,0.0,0.0,0.0,0.0,0.0,7.96,0.0,0.0,0.0,0.0,0.0
CCN(CC)CCCC(C)N=C(NC(=O)c1cccc(F)c1CCc1cc(Br)ccc1OC)NC(C)C,0.0,0.0,0.0,0.0,0.0,0.0,0.0,5.6,0.0,0.0,0.0,0.0,0.0
CCN(CC)CCCC(C)N=C(NC(=O)c1cccc(F)c1CCc1cc(Br)ccc1OC)Nc1ccccc1,0.0,0.0,0.0,0.0,0.0,0.0,0.0,5.39,0.0,0.0,0.0,0.0,0.0
CCN(CC)CCCC(C)N=C(NC)NC(=O)c1cccc(F)c1CCc1cc(Br)ccc1OC,0.0,0.0,0.0,0.0,0.0,0.0,0.0,5.2,0.0,0.0,0.0,0.0,0.0
CCN(CC)CCCn1c(Nc2ccc(C(C)=O)cc2)nc2ccc(C(=O)N(CCC(C)C)CCC(C)C)cc21,0.0,0.0,0.0,0.0,0.0,0.0,8.1,0.0,0.0,0.0,0.0,0.0,0.0
CCN(CC)CCNC(CC(C)C)c1cc(F)ccc1N1CCN(C(=O)C(Cc2ccc(Cl)cc2Cl)N2CCCC2=O)CC1,0.0,0.0,0.0,7.25,0.0,0.0,0.0,0.0,0.0,0.0,0.0,0.0,0.0
CCN(CC)Cc1ccccc1N1CCN(C(=O)C(Cc2ccc(Cl)cc2)NC(=O)C2Cc3ccccc3CN2)CC1,0.0,0.0,0.0,7.85,0.0,7.28,0.0,0.0,0.0,0.0,0.0,0.0,0.0
CCN(CC)Cc1ccccc1N1CCN(C(=O)C2CN(C(C)C)CC2c2ccc(Cl)cc2)CC1,0.0,0.0,0.0,0.0,0.0,5.92,0.0,0.0,0.0,0.0,0.0,0.0,0.0
CCN(CC)c1ccc(CN(CCCCCN)C(=O)CCCc2c[nH]c3ccccc23)cc1,0.0,0.0,0.0,0.0,4.6,0.0,0.0,0.0,0.0,0.0,0.0,0.0,0.0
CCN(Cc1ccc(OC)cc1)CC1(N2CCN(C(=O)C3CN(C(C)C)CC3c3ccc(Cl)cc3)CC2)CCCCC1,0.0,0.0,0.0,0.0,0.0,6.72,0.0,0.0,0.0,0.0,0.0,0.0,0.0
CCN(Cc1ccncc1)CC1(N2CCN(C(=O)C3CN(C(C)C)CC3c3ccc(Cl)cc3)CC2)CCCCC1,0.0,0.0,0.0,0.0,0.0,5.89,0.0,0.0,0.0,0.0,0.0,0.0,0.0
CCN1CC(C(=O)N2CC(C)C(O)(c3cccc(F)c3)C(C)C2)C(c2ccc(F)cc2F)C1,6.45,0.0,0.0,0.0,0.0,0.0,0.0,0.0,0.0,0.0,0.0,0.0,0.0
CCN1CCC(CC(C)C)(N2CCN(C(=O)C(Cc3ccc(Cl)cc3)NC(=O)CC3NCc4ccccc43)CC2)CC1,0.0,0.0,0.0,0.0,0.0,7.81,0.0,0.0,0.0,0.0,0.0,0.0,0.0
CCN1CCC(CN=C(N)NC(=O)c2cccc(F)c2CCc2cc(Br)ccc2OC)CC1,0.0,0.0,0.0,0.0,0.0,0.0,0.0,8.55,0.0,0.0,0.0,0.0,0.0
CCN1CCC(N2CC(C(=O)N3CCN(c4ccc(C)cc4C(N)C(C)C)CC3)C(c3ccc(Cl)cc3)C2)CC1,0.0,0.0,0.0,0.0,0.0,7.75,0.0,0.0,0.0,0.0,0.0,0.0,0.0
CCN1CCc2c(cccc2N2CCN(C(=O)C(Cc3ccc(Cl)cc3)NC(=O)C3Cc4ccccc4CN3)CC2)C1,0.0,0.0,0.0,6.16,0.0,0.0,0.0,0.0,0.0,0.0,0.0,0.0,0.0
CCN1CCc2cccc(N3CCN(C(=O)C(Cc4ccc(Cl)cc4)NC(=O)C4Cc5ccccc5CN4)CC3)c2C1,0.0,0.0,0.0,6.72,0.0,0.0,0.0,0.0,0.0,0.0,0.0,0.0,0.0
CCNC(=O)N1CC(C(=O)N2CCN(C3(CNCc4ccncc4)CCCCC3)CC2)C(c2ccc(Cl)cc2)C1,0.0,0.0,0.0,0.0,0.0,5.34,0.0,0.0,0.0,0.0,0.0,0.0,0.0
CCNC(=O)NC(Cc1ccc(Cl)cc1Cl)C(=O)N1CCN(c2ccccc2CNCCc2cccs2)CC1,0.0,0.0,0.0,0.0,0.0,8.77,0.0,0.0,0.0,0.0,0.0,0.0,0.0
CCNC(CC(C)C)c1cc(C(F)(F)F)ccc1N1CCN(C(=O)CCc2ccc(Cl)cc2Cl)CC1,0.0,0.0,0.0,0.0,0.0,6.77,0.0,0.0,0.0,0.0,0.0,0.0,0.0
CCNC(CC(C)C)c1cccc(F)c1N1CCN(C(=O)C(Cc2ccc(Cl)cc2Cl)N2CCCC2=O)CC1,0.0,0.0,0.0,8.21,0.0,0.0,0.0,0.0,0.0,0.0,0.0,0.0,0.0
CCNC(c1cc(C(F)(F)F)ccc1N1CCN(C(=O)CCc2ccc(Cl)cc2Cl)CC1)C(C)CC,0.0,0.0,0.0,0.0,0.0,7.04,0.0,0.0,0.0,0.0,0.0,0.0,0.0
CCOC(=O)C1CCCCC1N1CCN(C(=O)C(Cc2ccc(Cl)cc2Cl)NC(=O)CCN)CC1,0.0,0.0,0.0,8.2,0.0,0.0,0.0,0.0,0.0,0.0,0.0,0.0,0.0
CCOC(=O)C1CCN(CNCc2ccccc2N2CCN(C(=O)C(Cc3ccc(Cl)cc3)NC(=O)C3Cc4ccccc4CN3)CC2)CC1,0.0,0.0,0.0,0.0,0.0,6.96,0.0,0.0,0.0,0.0,0.0,0.0,0.0
CCOC(=O)CN(C)Cc1ccccc1N1CCN(C(=O)C(Cc2ccc(Cl)cc2)NC(=O)C2Cc3ccccc3CN2)CC1,0.0,0.0,0.0,0.0,0.0,6.85,0.0,0.0,0.0,0.0,0.0,0.0,0.0
CCOC(=O)NC(Cc1ccc(Cl)cc1Cl)C(=O)N1CCN(c2ccccc2CNCCc2cccs2)CC1,0.0,0.0,0.0,0.0,0.0,8.34,0.0,0.0,0.0,0.0,0.0,0.0,0.0
CCOCC(N)c1cc(F)ccc1N1CCN(C(=O)CCc2ccc(Cl)cc2Cl)CC1,0.0,0.0,0.0,0.0,0.0,6.16,0.0,0.0,0.0,0.0,0.0,0.0,0.0
CCOCC(NC(=O)CCN)c1cc(F)ccc1N1CCN(C(=O)CCc2ccc(Cl)cc2Cl)CC1,0.0,0.0,0.0,0.0,0.0,6.52,0.0,0.0,0.0,0.0,0.0,0.0,0.0
CCOc1cc(CN(C(=O)CCCc2c(Cc3ccc(O)cc3)[nH]c3ccccc23)C2CCC(CC3CCC(N)CC3)CC2)ccc1OC,0.0,0.0,0.0,0.0,5.68,0.0,0.0,0.0,0.0,0.0,0.0,0.0,0.0
CCOc1cc(CN(C(=O)CCCc2c[nH]c3ccccc23)C2CCC(CC3CCC(N)CC3)CC2)ccc1OC,0.0,0.0,0.0,0.0,5.68,0.0,0.0,0.0,0.0,0.0,0.0,0.0,0.0
CN(C)C(=O)NC(Cc1ccc(Cl)cc1Cl)C(=O)N1CCN(c2ccccc2CNCCc2cccs2)CC1,0.0,0.0,0.0,0.0,0.0,8.7,0.0,0.0,0.0,0.0,0.0,0.0,0.0
CN(C)C1CC(C(=O)N2CCC(Cn3cncn3)(C3CCCCC3)CC2)C(c2ccc(Cl)cc2)C1,0.0,0.0,0.0,0.0,0.0,6.52,0.0,0.0,0.0,0.0,0.0,0.0,0.0
CN(C)C1CCc2cccc(N3CCN(C(=O)C(Cc4ccc(Cl)cc4)NC(=O)C4Cc5ccccc5CN4)CC3)c2C1,0.0,0.0,0.0,7.3,0.0,0.0,0.0,0.0,0.0,0.0,0.0,0.0,0.0
CN(C)CC(=O)NC(Cc1ccc(Cl)cc1)C(=O)N1CCN(C2(CNC(=O)Cc3ccccc3)CCCCC2)CC1,0.0,0.0,0.0,0.0,0.0,7.0,0.0,0.0,0.0,0.0,0.0,0.0,0.0
CN(C)CC(=O)NC(Cc1ccc(Cl)cc1)C(=O)N1CCN(c2ccccc2CNCCc2cccs2)CC1,0.0,0.0,0.0,0.0,0.0,7.42,0.0,0.0,0.0,0.0,0.0,0.0,0.0
CN(C)CCN(Cc1ccccc1)Cc1ccccc1N1CCN(C(=O)C(Cc2ccc(Cl)cc2)NC(=O)C2Cc3ccccc3CN2)CC1,0.0,0.0,0.0,0.0,0.0,7.66,0.0,0.0,0.0,0.0,0.0,0.0,0.0
CN(C)c1ccc(CNCC2(N3CCN(C(=O)C(Cc4ccc(Cl)cc4Cl)NC(=O)CCN)CC3)CCCCC2)cc1,0.0,0.0,0.0,0.0,0.0,6.96,0.0,0.0,0.0,0.0,0.0,0.0,0.0
CN(C)c1ccc(NC(=O)NCC2(N3CCN(C(=O)C(Cc4ccc(Cl)cc4Cl)NC(=O)CCN)CC3)CCCCC2)cc1,0.0,0.0,0.0,0.0,0.0,7.21,0.0,0.0,0.0,0.0,0.0,0.0,0.0
CN(C1CCc2cccc(N3CCN(C(=O)C(Cc4ccc(Cl)cc4)NC(=O)C4Cc5ccccc5CN4)CC3)c2C1)S(C)(=O)=O,0.0,0.0,0.0,6.28,0.0,0.0,0.0,0.0,0.0,0.0,0.0,0.0,0.0
CN(CCO)Cc1ccccc1N1CCN(C(=O)C(Cc2ccc(Cl)cc2)NC(=O)C2Cc3ccccc3CN2)CC1,0.0,0.0,0.0,0.0,0.0,7.26,0.0,0.0,0.0,0.0,0.0,0.0,0.0
CN(CCc1ccccn1)Cc1ccccc1N1CCN(C(=O)C(Cc2ccc(Cl)cc2)NC(=O)C2Cc3ccccc3CN2)CC1,0.0,0.0,0.0,0.0,0.0,7.46,0.0,0.0,0.0,0.0,0.0,0.0,0.0
CN(CCc1cccs1)Cc1ccccc1N1CCN(C(=O)C(Cc2ccc(Cl)cc2)NC(=O)CCN)CC1,0.0,0.0,0.0,0.0,0.0,6.66,0.0,0.0,0.0,0.0,0.0,0.0,0.0
CN(Cc1ccccc1)Cc1ccccc1N1CCN(C(=O)C(Cc2ccc(Cl)cc2)NC(=O)C2Cc3ccccc3CN2)CC1,0.0,0.0,0.0,0.0,0.0,7.08,0.0,0.0,0.0,0.0,0.0,0.0,0.0
CN(Cc1cccnc1)Cc1ccccc1N1CCN(C(=O)C(Cc2ccc(Cl)cc2)NC(=O)C2Cc3ccccc3CN2)CC1,0.0,0.0,0.0,0.0,0.0,7.11,0.0,0.0,0.0,0.0,0.0,0.0,0.0
CN1C(=O)C(Cc2ccccc2)NC(=O)C(Cc2c[nH]cn2)NC(=O)CNC(=O)C2CSSCC(NC(=O)C(CCCNC(=N)N)NC(=O)C(CC(=O)O)NC(=O)C(Cc3c[nH]c4ccccc34)NC(=O)C1CCCNC(=N)N)C(=O)NC(Cc1c[nH]cn1)C(=O)NC(Cc1ccccc1)C(=O)N(C)C(CCCNC(=N)N)C(=O)N(C)C(Cc1c[nH]c3ccccc13)C(=O)NC(CCCNC(=N)N)C(=O)N2,0.0,0.0,0.0,0.0,0.0,0.0,0.0,0.0,0.0,0.0,0.0,0.0,6.8
CN1CCC(CC2CCCCC2)(N2CCN(C(=O)C(Cc3ccc(Cl)cc3)NC(=O)CC3NCc4ccccc43)CC2)CC1,0.0,0.0,0.0,0.0,0.0,8.17,0.0,0.0,0.0,0.0,0.0,0.0,0.0
CN1CCC(Cc2ccccc2)(N2CCN(C(=O)C(Cc3ccc(Cl)cc3)NC(=O)CC3NCc4ccccc43)CC2)CC1,0.0,0.0,0.0,0.0,0.0,7.36,0.0,0.0,0.0,0.0,0.0,0.0,0.0
CN1CCC(c2ccccc2)(N2CCN(C(=O)C(Cc3ccc(Cl)cc3)NC(=O)CC3NCc4ccccc43)CC2)CC1,0.0,0.0,0.0,0.0,0.0,6.67,0.0,0.0,0.0,0.0,0.0,0.0,0.0
CN1CCN(C(CNS(C)(=O)=O)c2ccccc2F)CC1,0.0,0.0,0.0,6.33,0.0,0.0,0.0,0.0,0.0,0.0,0.0,0.0,0.0
CN1CCN(Cc2ccccc2)CC1,0.0,0.0,0.0,5.7,0.0,0.0,0.0,0.0,0.0,0.0,0.0,0.0,0.0
CN1CCN(Cc2ccccc2N2CCN(C(=O)C(Cc3ccc(Cl)cc3)NC(=O)C3Cc4ccccc4CN3)CC2)CC1,0.0,0.0,0.0,0.0,0.0,6.62,0.0,0.0,0.0,0.0,0.0,0.0,0.0
CN1CCc2cccc(N3CCN(C(=O)C(Cc4ccc(Cl)cc4)NC(=O)C4Cc5ccccc5CN4)CC3)c2C1,0.0,0.0,0.0,6.55,0.0,0.0,0.0,0.0,0.0,0.0,0.0,0.0,0.0
CNC(=O)C(Cc1ccc2ccccc2c1)N1CCN(C(=O)C(Cc2ccc(F)cc2)N2CCNCC2)C(CCCN=C(N)N)C1=O,0.0,0.0,0.0,8.89,0.0,0.0,0.0,0.0,0.0,0.0,0.0,0.0,0.0
CNC(=O)C(Cc1ccc2ccccc2c1)N1CCN(C(=O)C(Cc2ccc(F)cc2)NC(=O)C(CCC(N)=O)NC(C)=O)C(CCCN=C(N)N)C1=O,0.0,0.0,0.0,8.96,0.0,0.0,0.0,0.0,0.0,0.0,0.0,0.0,0.0
CNC(=O)C(Cc1ccc2ccccc2c1)N1CCN(C(=O)C(Cc2ccc(F)cc2)NC(=O)C(Cc2c[nH]cn2)NC(C)=O)C(CCCN=C(N)N)C1=O,0.0,0.0,0.0,8.3,0.0,0.0,0.0,0.0,0.0,0.0,0.0,0.0,0.0
CNC(=O)C(Cc1ccc2ccccc2c1)N1CCN(C(=O)C(Cc2ccc(F)cc2)NC(=O)C(Cc2ccc(O)cc2)NC(C)=O)C(CCCN=C(N)N)C1=O,0.0,0.0,0.0,9.4,0.0,0.0,0.0,0.0,0.0,0.0,0.0,0.0,0.0
CNC(=O)C(Cc1ccc2ccccc2c1)N1CCN(C(=O)C(Cc2ccc(F)cc2)NC(=O)C2Cc3ccccc3CN2)C(CCCN=C(N)N)C1=O,0.0,0.0,0.0,8.22,0.0,0.0,0.0,0.0,0.0,0.0,0.0,0.0,0.0
CNC(=O)C(Cc1ccc2ccccc2c1)N1CCN(C(=O)C(Cc2ccc(F)cc2)NC(C)=O)C(CCCN=C(N)N)C1=O,0.0,0.0,0.0,8.89,0.0,0.0,0.0,0.0,0.0,0.0,0.0,0.0,0.0
CNC(=O)C(Cc1ccc2ccccc2c1)N1CCN(C(=O)C(Cc2ccccc2)NC(=O)C(Cc2c[nH]cn2)NC(C)=O)C(CCCN=C(N)N)C1=O,0.0,0.0,0.0,9.1,0.0,0.0,0.0,0.0,0.0,0.0,0.0,0.0,0.0
CNC(=O)C(Cc1ccc2ccccc2c1)N1CCN(C(=O)C(Cc2ccccc2)NC(=O)C(Cc2ccc(O)cc2)NC(C)=O)C(CCCN=C(N)N)C1=O,0.0,0.0,0.0,9.22,0.0,0.0,0.0,0.0,0.0,0.0,0.0,0.0,0.0
CNC(=O)C(Cc1ccc2ccccc2c1)N1CCN(C(=O)C(N)Cc2ccc(F)cc2)C(C(C)C)C1=O,0.0,0.0,0.0,0.0,0.0,6.15,0.0,0.0,0.0,0.0,0.0,0.0,0.0
CNC(=O)C(Cc1ccc2ccccc2c1)N1CCN(C(=O)C(N)Cc2ccc(F)cc2)C(C)C1=O,0.0,0.0,0.0,0.0,0.0,7.01,0.0,0.0,0.0,0.0,0.0,0.0,0.0
CNC(=O)C(Cc1ccc2ccccc2c1)N1CCN(C(=O)C(N)Cc2ccc(F)cc2)C(CC=NNC(=N)N)C1=O,0.0,0.0,0.0,0.0,0.0,8.85,0.0,0.0,0.0,0.0,0.0,0.0,0.0
CNC(=O)C(Cc1ccc2ccccc2c1)N1CCN(C(=O)C(N)Cc2ccc(F)cc2)C(CCCN=C(N)N)C1=O,0.0,0.0,0.0,8.15,0.0,0.0,0.0,0.0,0.0,0.0,0.0,0.0,0.0
CNC(=O)C(Cc1ccc2ccccc2c1)N1CCN(C(=O)C(N)Cc2ccc(F)cc2)C(CCCNC(N)=O)C1=O,0.0,0.0,0.0,6.58,0.0,0.0,0.0,0.0,0.0,0.0,0.0,0.0,0.0
CNC(=O)C(Cc1ccc2ccccc2c1)N1CCN(C(=O)C(N)Cc2ccc(F)cc2)C(CCN(C)C)C1=O,0.0,0.0,0.0,0.0,0.0,6.21,0.0,0.0,0.0,0.0,0.0,0.0,0.0
CNC(=O)C(Cc1ccc2ccccc2c1)N1CCN(C(=O)C(N)Cc2ccc(F)cc2)C(CCN)C1=O,0.0,0.0,0.0,6.72,0.0,6.72,0.0,0.0,0.0,0.0,0.0,0.0,0.0
CNC(=O)C(Cc1ccc2ccccc2c1)N1CCN(C(=O)C(N)Cc2ccc(F)cc2)C(CCNC(=N)N)C1=O,0.0,0.0,0.0,7.96,0.0,7.96,0.0,0.0,0.0,0.0,0.0,0.0,0.0
CNC(=O)C(Cc1ccc2ccccc2c1)N1CCN(C(=O)C(N)Cc2ccc(F)cc2)C(CCNC(N)=O)C1=O,0.0,0.0,0.0,6.44,0.0,0.0,0.0,0.0,0.0,0.0,0.0,0.0,0.0
CNC(=O)C(Cc1ccc2ccccc2c1)N1CCN(C(=O)C(N)Cc2ccc(F)cc2)C(CCNc2ccccn2)C1=O,0.0,0.0,0.0,0.0,0.0,6.25,0.0,0.0,0.0,0.0,0.0,0.0,0.0
CNC(=O)C(Cc1ccc2ccccc2c1)N1CCN(C(=O)C(N)Cc2ccccc2)C(CCCN=C(N)N)C1=O,0.0,0.0,0.0,8.24,0.0,0.0,0.0,0.0,0.0,0.0,0.0,0.0,0.0
CNC(=O)C(Cc1ccc2ccccc2c1)N1CCN(C(=O)CCc2ccc(F)cc2)C(CCCN=C(N)N)C1=O,0.0,0.0,0.0,8.28,0.0,0.0,0.0,0.0,0.0,0.0,0.0,0.0,0.0
CNC(=O)C(Cc1ccc2ccccc2c1)NC(=O)C(CCCN=C(N)N)NC(=O)C(CCC(Cc1ccc(Cl)cc1)NC(C)=O)Cc1ccc(F)cc1,0.0,0.0,0.0,6.67,0.0,0.0,0.0,0.0,0.0,0.0,0.0,0.0,0.0
CNC(=O)C(Cc1ccc2ccccc2c1)NC(=O)C(CCCN=C(N)N)NC(=O)C(CCC(Cc1ccc(O)cc1)NC(C)=O)Cc1ccc(F)cc1,0.0,0.0,0.0,8.3,0.0,0.0,0.0,0.0,0.0,0.0,0.0,0.0,0.0
CNC(=O)C(Cc1ccc2ccccc2c1)NC(=O)C(CCCN=C(N)N)NC(=O)C(CCC(Cc1ccc(O)cc1)NC(C)=O)Cc1ccccc1,0.0,0.0,0.0,6.67,0.0,0.0,0.0,0.0,0.0,0.0,0.0,0.0,0.0
CNC(=O)C(Cc1ccc2ccccc2c1)NC(=O)C(CCCN=C(N)N)NC(=O)C(CCC(Cc1ccccc1)NC(C)=O)Cc1ccc(F)cc1,0.0,0.0,0.0,7.43,0.0,0.0,0.0,0.0,0.0,0.0,0.0,0.0,0.0
CNC(=O)C(Cc1ccc2ccccc2c1)NC(=O)C(CCCN=C(N)N)NC(=O)C(CCC1Cc2ccccc2CN1)Cc1ccccc1,0.0,0.0,0.0,6.66,0.0,0.0,0.0,0.0,0.0,0.0,0.0,0.0,0.0
CNC(=O)C(Cc1ccc2ccccc2c1)NC(=O)C(CCCN=C(N)N)NC(=O)C(Cc1ccccc1)NC(=O)C(Cc1c[nH]cn1)NC(C)=O,0.0,0.0,0.0,7.54,0.0,7.54,0.0,0.0,0.0,0.0,0.0,0.0,0.0
CNC(=O)C(Cc1ccc2ccccc2c1)NC(=O)C(CCCN=C(N)N)NC(=O)C(Cc1ccccc1)NC(=O)C(Cc1ccc(O)cc1)NC(C)=O,0.0,0.0,0.0,6.98,0.0,6.98,0.0,0.0,0.0,0.0,0.0,0.0,0.0
CNC(=O)C(Cc1ccc2ccccc2c1)NC(=O)C(CCCN=C(N)N)NC(=O)C(Cc1ccccc1)NC(=O)C1Cc2ccccc2CN1,0.0,0.0,0.0,7.62,0.0,0.0,0.0,0.0,0.0,0.0,0.0,0.0,0.0
CNC(=O)C(Cc1ccc2ccccc2c1)NC(=O)C(CCCN=C(N)N)NC(=O)C(N)Cc1ccc(F)cc1,0.0,0.0,0.0,6.65,0.0,0.0,0.0,0.0,0.0,0.0,0.0,0.0,0.0
CNC(=O)C(Cc1ccc2ccccc2c1)NC(=O)C(CCCN=C(N)N)NC(=O)C(N)Cc1ccccc1,0.0,0.0,0.0,5.9,0.0,5.9,0.0,0.0,0.0,0.0,0.0,0.0,0.0
CNC(=O)c1ccc(Nc2nc3ccc(C(=O)N(CCC(C)C)CCC(C)C)cc3n2CCCN2CCCCC2)cc1,0.0,0.0,0.0,0.0,0.0,0.0,8.48,0.0,0.0,0.0,0.0,0.0,0.0
CNC(C)(C)C(=O)NC(Cc1ccc(Cl)cc1Cl)C(=O)N1CCN(c2ccccc2C(=O)CC(C)C)CC1,0.0,0.0,0.0,7.04,0.0,0.0,0.0,0.0,0.0,0.0,0.0,0.0,0.0
CNC(C)(C)C(=O)NC(Cc1ccc(Cl)cc1Cl)C(=O)N1CCN(c2ccccc2C(N)CC(C)C)CC1,0.0,0.0,0.0,8.33,0.0,0.0,0.0,0.0,0.0,0.0,0.0,0.0,0.0
CNC(C)(C)C(=O)NC(Cc1ccc(Cl)cc1Cl)C(=O)N1CCN(c2ccccc2C(O)CC(C)C)CC1,0.0,0.0,0.0,7.68,0.0,0.0,0.0,0.0,0.0,0.0,0.0,0.0,0.0
CNC(C)C(=O)NC(CC(C)C)c1cc(C(F)(F)F)ccc1N1CCN(C(=O)C2CS(=O)(=O)CC2c2ccc(Cl)cc2)CC1,0.0,0.0,0.0,0.0,0.0,7.0,0.0,0.0,0.0,0.0,0.0,0.0,0.0
CNC(CC(C)C)c1cc(C(F)(F)F)ccc1N1CCN(C(=O)CCc2ccc(Cl)cc2Cl)CC1,0.0,0.0,0.0,0.0,0.0,5.72,0.0,0.0,0.0,0.0,0.0,0.0,0.0
CNC1CCN(C(=Nc2ccc(C(=O)NCCc3ccc(Cl)cc3Cl)cc2)NC2CCCCC2)C1,0.0,0.0,0.0,5.85,0.0,0.0,0.0,0.0,0.0,0.0,0.0,0.0,0.0
CNC1CCc2cccc(N3CCN(C(=O)C(Cc4ccc(Cl)cc4)NC(=O)C4Cc5ccccc5CN4)CC3)c2C1,0.0,0.0,0.0,6.82,0.0,0.0,0.0,0.0,0.0,0.0,0.0,0.0,0.0
CNCC(=O)N1CC(C(=O)N2CCN(C3(CNCc4ccccc4)CCCCC3)CC2)C(c2ccc(Cl)cc2)C1,0.0,0.0,0.0,0.0,0.0,7.0,0.0,0.0,0.0,0.0,0.0,0.0,0.0
CNCC(=O)NC(CC(C)C)c1cc(C(F)(F)F)ccc1N1CCN(C(=O)C2CN(C(C)C)CC2c2ccc(Cl)cc2)CC1,0.0,0.0,0.0,0.0,0.0,8.11,0.0,0.0,0.0,0.0,0.0,0.0,0.0
CNCC(=O)NC(CC(C)C)c1cc(C(F)(F)F)ccc1N1CCN(C(=O)C2CS(=O)(=O)CC2c2ccc(Cl)cc2)CC1,0.0,0.0,0.0,0.0,0.0,6.75,0.0,0.0,0.0,0.0,0.0,0.0,0.0
CNCC(=O)NC(CC(C)C)c1cc(C(F)(F)F)ccc1N1CCN(C(=O)C2CSCC2c2ccc(Cl)cc2)CC1,0.0,0.0,0.0,0.0,0.0,6.6,0.0,0.0,0.0,0.0,0.0,0.0,0.0
CNCC(=O)NC(CC(C)C)c1cc(C)ccc1N1CCN(C(=O)C(Cc2ccc(Cl)cc2Cl)N2CCCC2=O)CC1,0.0,0.0,0.0,9.0,0.0,0.0,0.0,0.0,0.0,0.0,0.0,0.0,0.0
CNCC(=O)NC(CC(C)C)c1cc(F)ccc1N1CCN(C(=O)C(Cc2ccc(Cl)cc2Cl)N2CCCC2=O)CC1,0.0,0.0,0.0,8.22,0.0,0.0,0.0,0.0,0.0,0.0,0.0,0.0,0.0
CNCC(=O)NC(CC(C)C)c1ccccc1N1CCN(C(=O)C(Cc2ccc(Cl)cc2Cl)N2CCCC2=O)CC1,0.0,0.0,0.0,8.62,0.0,0.0,0.0,0.0,0.0,0.0,0.0,0.0,0.0
CNCC(=O)NC(Cc1ccc(Cl)cc1Cl)C(=O)N1CCN(c2ccccc2C(=O)CC(C)C)CC1,0.0,0.0,0.0,7.51,0.0,0.0,0.0,0.0,0.0,0.0,0.0,6.54,0.0
CNCC(=O)NC(Cc1ccc(Cl)cc1Cl)C(=O)N1CCN(c2ccccc2C(N)CC(C)C)CC1,0.0,0.0,0.0,8.77,0.0,0.0,0.0,0.0,0.0,0.0,0.0,7.0,0.0
CNCC(=O)NC(Cc1ccc(Cl)cc1Cl)C(=O)N1CCN(c2ccccc2C(O)CC(C)C)CC1,0.0,0.0,0.0,8.08,0.0,0.0,0.0,0.0,0.0,0.0,0.0,6.3,0.0
CNCC(=O)NC(c1cc(C)ccc1N1CCN(C(=O)C(C)Cc2ccc(Cl)cc2F)CC1)C(C)C,0.0,0.0,0.0,0.0,0.0,8.55,0.0,0.0,0.0,0.0,0.0,0.0,0.0
CNCC(=O)NC(c1cc(C)ccc1N1CCN(C(=O)C2CN(C3CCOCC3)CC2c2ccc(Cl)cc2)CC1)C(C)C,0.0,0.0,0.0,0.0,0.0,8.68,0.0,0.0,0.0,0.0,0.0,0.0,0.0
CNCC(=O)NC(c1cc(Cl)ccc1N1CCN(C(=O)C(C)Cc2ccc(Cl)cc2)CC1)C(C)C,0.0,0.0,0.0,0.0,0.0,8.39,0.0,0.0,0.0,0.0,0.0,0.0,0.0
CNCC(=O)NC(c1cc(Cl)ccc1N1CCN(C(=O)C(C)Cc2ccc(Cl)cc2OC)CC1)C(C)C,0.0,0.0,0.0,0.0,0.0,8.96,0.0,0.0,0.0,0.0,0.0,0.0,0.0
CNCC(=O)NC(c1cccc(F)c1N1CCN(C(=O)C(C)Cc2ccc(Cl)cc2)CC1)C(C)C,0.0,0.0,0.0,0.0,0.0,8.0,0.0,0.0,0.0,0.0,0.0,0.0,0.0
CNCC(=O)NC(c1cccc(F)c1N1CCN(C(=O)C(C)Cc2ccc(Cl)cc2OC)CC1)C(C)C,0.0,0.0,0.0,0.0,0.0,8.47,0.0,0.0,0.0,0.0,0.0,0.0,0.0
CNCC(=O)NC(c1cccc(F)c1N1CCN(C(=O)C2CN(C(C)C)CC2c2ccc(Cl)cc2)CC1)C(C)C,0.0,0.0,0.0,0.0,0.0,7.96,0.0,0.0,0.0,0.0,0.0,0.0,0.0
CNCCC(=O)NC(CC(C)C)c1cc(C(F)(F)F)ccc1N1CCN(C(=O)C2CS(=O)(=O)CC2c2ccc(Cl)cc2)CC1,0.0,0.0,0.0,0.0,0.0,6.72,0.0,0.0,0.0,0.0,0.0,0.0,0.0
CNCCC(=O)NC(CC(C)C)c1cc(C(F)(F)F)ccc1N1CCN(C(=O)C2CSCC2c2ccc(Cl)cc2)CC1,0.0,0.0,0.0,0.0,0.0,6.77,0.0,0.0,0.0,0.0,0.0,0.0,0.0
CNCCC(=O)NC(CC(C)C)c1cc(C)ccc1N1CCN(C(=O)C(Cc2ccc(Cl)cc2Cl)N2CCCC2=O)CC1,0.0,0.0,0.0,8.85,0.0,0.0,0.0,0.0,0.0,0.0,0.0,0.0,0.0
CNCCC(=O)NC(CC(C)C)c1ccccc1N1CCN(C(=O)C(Cc2ccc(Cl)cc2Cl)N2CCCC2=O)CC1,0.0,0.0,0.0,8.59,0.0,0.0,0.0,0.0,0.0,0.0,0.0,0.0,0.0
CNCCC(=O)NC(c1cc(C)ccc1N1CCN(C(=O)C(C)Cc2ccc(Cl)cc2)CC1)C(C)C,0.0,0.0,0.0,0.0,0.0,8.24,0.0,0.0,0.0,0.0,0.0,0.0,0.0
CNCCCn1c(Nc2ccc(C(C)=O)cc2)nc2ccc(C(=O)N(CCC(C)C)CCC(C)C)cc21,0.0,0.0,0.0,0.0,0.0,0.0,7.29,0.0,0.0,0.0,0.0,0.0,0.0
CNCCNC(CC(C)C)c1cc(F)ccc1N1CCN(C(=O)C(Cc2ccc(Cl)cc2Cl)N2CCCC2=O)CC1,0.0,0.0,0.0,7.31,0.0,0.0,0.0,0.0,0.0,0.0,0.0,0.0,0.0
CNCCNC(CC(C)C)c1ccccc1N1CCN(C(=O)C(Cc2ccc(Cl)cc2Cl)N2CCCC2=O)CC1,0.0,0.0,0.0,8.42,0.0,0.0,0.0,0.0,0.0,0.0,0.0,0.0,0.0
CNCCNC(c1cc(C)ccc1N1CCN(C(=O)C(C)Cc2ccc(Cl)cc2F)CC1)C(C)C,0.0,0.0,0.0,0.0,0.0,8.22,0.0,0.0,0.0,0.0,0.0,0.0,0.0
CNCCNC(c1cccc(F)c1N1CCN(C(=O)C(C)Cc2ccc(Cl)cc2)CC1)C(C)C,0.0,0.0,0.0,0.0,0.0,7.64,0.0,0.0,0.0,0.0,0.0,0.0,0.0
CNCCNCc1ccccc1N1CCN(C(=O)C2CN(C(C)C)CC2c2ccc(Cl)cc2)CC1,0.0,0.0,0.0,0.0,0.0,6.57,0.0,0.0,0.0,0.0,0.0,0.0,0.0
COC(=O)CCC(=O)NC(Cc1ccc(Cl)cc1Cl)C(=O)N1CCN(c2ccccc2CNCCc2cccs2)CC1,0.0,0.0,0.0,0.0,0.0,8.55,0.0,0.0,0.0,0.0,0.0,0.0,0.0
COC(=O)NC(Cc1ccc(Cl)cc1Cl)C(=O)N1CCN(c2ccccc2CNCCc2cccs2)CC1,0.0,0.0,0.0,0.0,0.0,8.3,0.0,0.0,0.0,0.0,0.0,0.0,0.0
COC(=O)NCC(c1ccccc1F)N1CCN(C)CC1,0.0,0.0,0.0,6.32,0.0,0.0,0.0,0.0,0.0,0.0,0.0,0.0,0.0
COC(=O)c1ccc(-c2nc3ccc(C(=O)N(CCC(C)C)CCC(C)C)cc3n2CCCN2CCCCC2)cc1,0.0,0.0,0.0,0.0,0.0,0.0,7.35,0.0,0.0,0.0,0.0,0.0,0.0
COC(=O)c1ccc(CN(C(=O)CCCc2c(Cc3ccc(O)cc3)[nH]c3ccccc23)C2CCC(CC3CCC(N)CC3)CC2)cc1,0.0,0.0,0.0,0.0,5.57,0.0,0.0,0.0,0.0,0.0,0.0,0.0,0.0
COC(=O)c1ccc(CN(C(=O)CCCc2c[nH]c3ccccc23)C2CCC(CC3CCC(N)CC3)CC2)cc1,0.0,0.0,0.0,0.0,5.66,0.0,0.0,0.0,0.0,0.0,0.0,0.0,0.0
COC(=O)c1ccc(CNCC2(N3CCN(C(=O)C4CN(C(C)C)CC4c4ccc(Cl)cc4)CC3)CCCCC2)cc1,0.0,0.0,0.0,0.0,0.0,7.5,0.0,0.0,0.0,0.0,0.0,0.0,0.0
COC(=O)c1ccc(NC(=O)NCC2(N3CCN(C(=O)C(Cc4ccc(Cl)cc4Cl)NC(=O)CCN)CC3)CCCCC2)cc1,0.0,0.0,0.0,0.0,0.0,6.58,0.0,0.0,0.0,0.0,0.0,0.0,0.0
COC(=O)c1ccc(Nc2nc3ccc(C(=O)N(CCC(C)C)CCC(C)C)cc3n2CCCN2CCCCC2)cc1,0.0,0.0,0.0,0.0,0.0,0.0,9.05,0.0,0.0,0.0,0.0,0.0,0.0
COCC(=O)NC(Cc1ccc(Cl)cc1)C(=O)N1CCN(C2(CNC(=O)Cc3ccccc3)CCCCC2)CC1,0.0,0.0,0.0,0.0,0.0,6.77,0.0,0.0,0.0,0.0,0.0,0.0,0.0
COCC(=O)NC(Cc1ccc(Cl)cc1)C(=O)N1CCN(c2ccccc2CNCCc2cccs2)CC1,0.0,0.0,0.0,0.0,0.0,7.16,0.0,0.0,0.0,0.0,0.0,0.0,0.0
COCC(=O)NC1Cc2cc3c(c(c2)Cc2ccc(cc2)Oc2cccc(c2)CN(CCCN2CCN(CCCN)CC2)C1=O)OCOC3,0.0,6.39,0.0,0.0,0.0,0.0,0.0,0.0,0.0,0.0,0.0,0.0,0.0
COCC(=O)NC1Cc2ccc(OC)c(c2)Cc2ccc(cc2)Oc2cccc(c2)CN(CCCN2CCN(CCCN)CC2)C1=O,0.0,6.41,0.0,0.0,0.0,0.0,0.0,0.0,0.0,0.0,0.0,0.0,0.0
COCC(=O)NCc1cccnc1N1CCN(C(=O)C(Cc2ccc(Cl)cc2Cl)NC(=O)CCN)CC1,0.0,0.0,0.0,0.0,0.0,5.92,0.0,0.0,0.0,0.0,0.0,0.0,0.0
COCC(C)N1CC(C(=O)N2CCN(C3(CNCc4ccccc4)CCCCC3)CC2)C(c2ccc(Cl)cc2)C1,0.0,0.0,0.0,0.0,0.0,7.0,0.0,0.0,0.0,0.0,0.0,0.0,0.0
COCC(C)N1CC(C(=O)N2CCN(c3ccc(C)cc3C(N)C(C)C)CC2)C(c2ccc(Cl)cc2)C1,0.0,0.0,0.0,0.0,0.0,7.19,0.0,0.0,0.0,0.0,0.0,0.0,0.0
COCC(C)NCC1(N2CCN(C(=O)C3CN(C(C)C)CC3c3ccc(Cl)cc3)CC2)CCCCC1,0.0,0.0,0.0,0.0,0.0,6.51,0.0,0.0,0.0,0.0,0.0,0.0,0.0
COCC(C)NCc1ccccc1N1CCN(C(=O)C(Cc2ccc(Cl)cc2Cl)NC(=O)CCN)CC1,0.0,0.0,0.0,0.0,0.0,8.06,0.0,0.0,0.0,0.0,0.0,0.0,0.0
COCC(C)NCc1cccnc1N1CCN(C(=O)C(Cc2ccc(Cl)cc2Cl)NC(=O)CCN)CC1,0.0,0.0,0.0,0.0,0.0,7.06,0.0,0.0,0.0,0.0,0.0,0.0,0.0
COCC(C)NCc1cccnc1N1CCN(C(=O)C(Cc2ccc(Cl)cc2Cl)NC(C)=O)CC1,0.0,0.0,0.0,0.0,0.0,6.75,0.0,0.0,0.0,0.0,0.0,0.0,0.0
COCC(COC)N1CC(C(=O)N2CCN(c3ccc(C)cc3C(N)C(C)C)CC2)C(c2ccc(Cl)cc2)C1,0.0,0.0,0.0,0.0,0.0,6.7,0.0,0.0,0.0,0.0,0.0,0.0,0.0
COCCN(C)Cc1ccccc1N1CCN(C(=O)C2CN(C(C)C)CC2c2ccc(Cl)cc2)CC1,0.0,0.0,0.0,0.0,0.0,6.5,0.0,0.0,0.0,0.0,0.0,0.0,0.0
COCCNc1nc2ccc(C(=O)N(CCC(C)C)CCC(C)C)cc2n1CCCN1CCCCC1,0.0,0.0,0.0,0.0,0.0,0.0,7.11,0.0,0.0,0.0,0.0,0.0,0.0
COc1cc(Br)c(C=CCN(C(=O)CCCc2c(Cc3ccc(O)cc3)[nH]c3ccccc23)C2CCC(CC3CCC(N)CC3)CC2)cc1OC,0.0,0.0,0.0,0.0,5.89,0.0,0.0,0.0,0.0,0.0,0.0,0.0,0.0
COc1cc(Br)c(C=CCN(C(=O)CCCc2c[nH]c3ccccc23)C2CCC(CC3CCC(N)CC3)CC2)cc1OC,0.0,0.0,0.0,0.0,5.5,0.0,0.0,0.0,0.0,0.0,0.0,0.0,0.0
COc1cc(Br)c(CN(C(=O)CCCc2c(Cc3ccc(O)cc3)[nH]c3ccccc23)C2CCC(CC3CCC(N)CC3)CC2)cc1OC,0.0,0.0,0.0,0.0,5.13,0.0,0.0,0.0,0.0,0.0,0.0,0.0,0.0
COc1cc(Br)c(CN(C(=O)CCCc2c[nH]c3ccccc23)C2CCC(CC3CCC(N)CC3)CC2)cc1OC,0.0,0.0,0.0,0.0,5.11,0.0,0.0,0.0,0.0,0.0,0.0,0.0,0.0
COc1cc(C(C)C(=O)N2CCC3(CCc4cc(-c5nc(C(F)F)n(C)n5)c(C)nc4N3)C2)c(Cl)cn1,9.4,0.0,0.0,0.0,0.0,0.0,0.0,0.0,0.0,0.0,0.0,0.0,0.0
COc1cc(C(C)C(=O)N2CCC3(CCc4cc(-c5nc6ccccn6n5)c(C)nc4N3)C2)c(Cl)cn1,9.55,0.0,0.0,0.0,0.0,0.0,0.0,0.0,0.0,0.0,0.0,0.0,0.0
COc1cc(C(C)C(=O)N2CCC3(CCc4cc(-c5ncccn5)c(C)nc4N3)C2)c(Cl)cn1,9.6,0.0,0.0,0.0,0.0,0.0,0.0,0.0,0.0,0.0,0.0,0.0,0.0
COc1cc(C(C)C(=O)N2CCC3(CCc4cc(-c5ncccn5)c(C)nc4N3)C2)c(F)cn1,9.34,0.0,0.0,0.0,0.0,0.0,0.0,0.0,0.0,0.0,0.0,0.0,0.0
COc1cc(C(C)C(=O)N2CCC3(CCc4cc(-c5nnn(C)n5)c(C)nc4N3)C2)c(Cl)cn1,9.68,0.0,0.0,0.0,0.0,0.0,0.0,0.0,0.0,0.0,0.0,0.0,0.0
COc1cc(C(C)C(=O)N2CCC3(CCc4cc(-c5nnn(C)n5)c(C)nc4N3)C2)nc(C)n1,9.27,0.0,0.0,0.0,0.0,0.0,0.0,0.0,0.0,0.0,0.0,0.0,0.0
COc1cc(CC(C)C(=O)N2CCN(c3ccc(C(F)(F)F)cc3C(N)CC(C)C)CC2)ccc1Cl,0.0,0.0,0.0,0.0,0.0,6.64,0.0,0.0,0.0,0.0,0.0,0.0,0.0
COc1cc(Cl)c(CN(C(=O)CCCc2c(Cc3ccc(O)cc3)[nH]c3ccccc23)C2CCC(CC3CCC(N)CC3)CC2)cc1OC,0.0,0.0,0.0,0.0,5.72,0.0,0.0,0.0,0.0,0.0,0.0,0.0,0.0
COc1cc(Cl)c(CN(C(=O)CCCc2c[nH]c3ccccc23)C2CCC(CC3CCC(N)CC3)CC2)cc1OC,0.0,0.0,0.0,0.0,5.82,0.0,0.0,0.0,0.0,0.0,0.0,0.0,0.0
COc1cc(Cl)ccc1CC(C)C(=O)N1CCN(c2c(F)cccc2C(N)C(C)C)CC1,0.0,0.0,0.0,0.0,0.0,7.58,0.0,0.0,0.0,0.0,0.0,0.0,0.0
COc1cc(Cl)ccc1CC(C)C(=O)N1CCN(c2c(F)cccc2C(NC(=O)C2CNC2)C(C)C)CC1,0.0,0.0,0.0,0.0,0.0,8.51,0.0,0.0,0.0,0.0,0.0,0.0,0.0
COc1cc(Cl)ccc1CC(C)C(=O)N1CCN(c2ccc(C(F)(F)F)cc2C(N)CC(C)C)CC1,0.0,0.0,0.0,0.0,0.0,8.19,0.0,0.0,0.0,0.0,0.0,0.0,0.0
COc1cc(Cl)ccc1CC(C)C(=O)N1CCN(c2ccc(C)cc2C(N)CC(C)C)CC1,0.0,0.0,0.0,0.0,0.0,8.09,0.0,0.0,0.0,0.0,0.0,0.0,0.0
COc1cc(Cl)ccc1CC(C)C(=O)N1CCN(c2ccc(Cl)cc2C(N)CC(C)C)CC1,0.0,0.0,0.0,0.0,0.0,8.04,0.0,0.0,0.0,0.0,0.0,0.0,0.0
COc1cc(Cl)ccc1CC(C)C(=O)N1CCN(c2ccc(Cl)cc2C(NC(=O)C(C)N)C(C)C)CC1,0.0,0.0,0.0,0.0,0.0,9.1,0.0,0.0,0.0,0.0,0.0,0.0,0.0
COc1cc(Cl)ccc1CC(C)C(=O)N1CCN(c2ccc(Cl)cc2C(NC(=O)C2CNC2)C(C)C)CC1,0.0,0.0,0.0,0.0,0.0,8.89,0.0,0.0,0.0,0.0,0.0,0.0,0.0
COc1cc(Nc2nc3ccc(C(=O)N(CC(C)C)CC(C)C)cc3n2CCCN)cc(OC)c1OC,0.0,0.0,0.0,0.0,0.0,0.0,4.96,0.0,0.0,0.0,0.0,0.0,0.0
COc1cc(Nc2nc3ccc(C(=O)N(CCC(C)C)CCC(C)C)cc3n2CCCN)cc(OC)c1OC,0.0,0.0,0.0,0.0,0.0,0.0,6.38,0.0,0.0,0.0,0.0,0.0,0.0
COc1cc(O)ccc1C=CCN(C(=O)CCCc1c[nH]c2ccccc12)C1CCC(CC2CCC(N)CC2)CC1,0.0,0.0,0.0,0.0,5.19,0.0,0.0,0.0,0.0,0.0,0.0,0.0,0.0
COc1cc(OC)c(OC)cc1CCC(=O)N1CCN(c2ccc(C(F)(F)F)cc2C(N)CC(C)C)CC1,0.0,0.0,0.0,0.0,0.0,5.21,0.0,0.0,0.0,0.0,0.0,0.0,0.0
COc1cc(OC)cc(C(C)C(=O)N2CCC3(CCc4cc(-c5cnn(C)c5)c(C)nc4N3)C2)c1,10.36,0.0,0.0,0.0,0.0,0.0,0.0,0.0,0.0,0.0,0.0,0.0,0.0
COc1ccc(-c2nc3ccc(C(=O)N(CCC(C)C)CCC(C)C)cc3n2CCCN2CCCCC2)cc1,0.0,0.0,0.0,0.0,0.0,0.0,7.43,0.0,0.0,0.0,0.0,0.0,0.0
COc1ccc(Br)cc1CCc1c(Cl)cccc1C(=O)N=C(N)N,0.0,0.0,0.0,0.0,0.0,0.0,0.0,6.16,0.0,0.0,0.0,0.0,0.0
COc1ccc(Br)cc1CCc1c(F)cccc1C(=O)N=C(N)NCC(C)C,0.0,0.0,0.0,0.0,0.0,0.0,0.0,6.11,0.0,0.0,0.0,0.0,0.0
COc1ccc(Br)cc1CCc1c(F)cccc1C(=O)N=C(N)NCC1CCNCC1,0.0,0.0,0.0,0.0,0.0,0.0,0.0,7.89,0.0,0.0,0.0,0.0,0.0
COc1ccc(Br)cc1CCc1c(F)cccc1C(=O)N=C(N)NCCC1CCCCC1,0.0,0.0,0.0,0.0,0.0,0.0,0.0,5.58,0.0,0.0,0.0,0.0,0.0
COc1ccc(Br)cc1CCc1c(F)cccc1C(=O)N=C(N)NCCCCN(C)Cc1cccc2ccccc12,0.0,0.0,0.0,0.0,0.0,0.0,0.0,7.24,0.0,0.0,0.0,0.0,0.0
COc1ccc(Br)cc1CCc1c(F)cccc1C(=O)N=C(N)NCCCCN(C)Cc1ccccc1,0.0,0.0,0.0,0.0,0.0,0.0,0.0,8.29,0.0,0.0,0.0,0.0,0.0
COc1ccc(Br)cc1CCc1c(F)cccc1C(=O)N=C(N)NCCCCN1CCC2CCCCC2C1,0.0,0.0,0.0,0.0,0.0,0.0,0.0,7.68,0.0,0.0,0.0,0.0,0.0
COc1ccc(Br)cc1CCc1c(F)cccc1C(=O)N=C(N)NCCCCN1CCCCC1,0.0,0.0,0.0,0.0,0.0,0.0,0.0,9.24,0.0,0.0,0.0,0.0,0.0
COc1ccc(Br)cc1CCc1c(F)cccc1C(=O)N=C(N)NCCCCN1CCc2ccccc2C1,0.0,0.0,0.0,0.0,0.0,0.0,0.0,7.58,0.0,0.0,0.0,0.0,0.0
COc1ccc(Br)cc1CCc1c(F)cccc1C(=O)N=C(N)NCCCN1CCCCC1,0.0,0.0,0.0,0.0,0.0,0.0,0.0,8.49,0.0,0.0,0.0,0.0,0.0
COc1ccc(Br)cc1CCc1c(F)cccc1C(=O)N=C(N)NCCCN1CCN(C)CC1,0.0,0.0,0.0,0.0,0.0,0.0,0.0,7.19,0.0,0.0,0.0,0.0,0.0
COc1ccc(Br)cc1CCc1c(F)cccc1C(=O)N=C(N)NCCCNC1CCCCC1,0.0,0.0,0.0,0.0,0.0,0.0,0.0,7.1,0.0,0.0,0.0,0.0,0.0
COc1ccc(Br)cc1CCc1c(F)cccc1C(=O)N=C(N)NCCN1CCCC1,0.0,0.0,0.0,0.0,0.0,0.0,0.0,6.72,0.0,0.0,0.0,0.0,0.0
COc1ccc(Br)cc1CCc1c(F)cccc1C1=NCCN1,0.0,0.0,0.0,0.0,0.0,6.8,0.0,0.0,0.0,0.0,0.0,0.0,0.0
COc1ccc(C(=O)NCC2(N3CCN(C(=O)C(Cc4ccc(Cl)cc4Cl)NC(=O)CCN)CC3)CCCCC2)cc1,0.0,0.0,0.0,0.0,0.0,6.6,0.0,0.0,0.0,0.0,0.0,0.0,0.0
COc1ccc(C(=O)NCc2cccnc2N2CCN(C(=O)C(Cc3ccc(Cl)cc3Cl)NC(=O)CCN)CC2)cc1,0.0,0.0,0.0,0.0,0.0,5.82,0.0,0.0,0.0,0.0,0.0,0.0,0.0
COc1ccc(C(=O)c2nc3ccc(C(=O)N(CCC(C)C)CCC(C)C)cc3n2CCCN2CCCCC2)cc1,0.0,0.0,0.0,0.0,0.0,0.0,9.02,0.0,0.0,0.0,0.0,0.0,0.0
COc1ccc(C2CN(C(C)C)CC2C(=O)N2CCN(c3ccc(C(F)(F)F)cc3C(N)CC(C)C)CC2)cc1,0.0,0.0,0.0,0.0,0.0,7.17,0.0,0.0,0.0,0.0,0.0,0.0,0.0
COc1ccc(CC(=O)NCC2(N3CCN(C(=O)C(Cc4ccc(Cl)cc4Cl)NC(=O)CCN)CC3)CCCCC2)cc1,0.0,0.0,0.0,0.0,0.0,8.38,0.0,0.0,0.0,0.0,0.0,0.0,0.0
COc1ccc(CC(=O)NCC2(N3CCN(C(=O)C(Cc4ccc(Cl)cc4Cl)NC(=O)CCN)CC3)CCCCC2)cc1OC,0.0,0.0,0.0,0.0,0.0,7.75,0.0,0.0,0.0,0.0,0.0,0.0,0.0
COc1ccc(CC(=O)NCc2cccnc2N2CCN(C(=O)C(Cc3ccc(Cl)cc3Cl)NC(=O)CCN)CC2)cc1,0.0,0.0,0.0,0.0,0.0,6.26,0.0,0.0,0.0,0.0,0.0,0.0,0.0
COc1ccc(CC(C)C(=O)N2CCN(c3ccc(C(F)(F)F)cc3C(N)CC(C)C)CC2)cc1,0.0,0.0,0.0,0.0,0.0,6.92,0.0,0.0,0.0,0.0,0.0,0.0,0.0
COc1ccc(CC(C)C(=O)N2CCN(c3ccc(C(F)(F)F)cc3C(N)CC(C)C)CC2)cc1F,0.0,0.0,0.0,0.0,0.0,6.7,0.0,0.0,0.0,0.0,0.0,0.0,0.0
COc1ccc(CC(C)C(=O)N2CCN(c3ccc(Cl)cc3C(N)CC(C)C)CC2)cc1,0.0,0.0,0.0,0.0,0.0,6.8,0.0,0.0,0.0,0.0,0.0,0.0,0.0
COc1ccc(CCC(=O)N2CCN(c3ccc(C(F)(F)F)cc3C(N)CC(C)C)CC2)cc1,0.0,0.0,0.0,0.0,0.0,6.46,0.0,0.0,0.0,0.0,0.0,0.0,0.0
COc1ccc(CCC(=O)N2CCN(c3ccc(C(F)(F)F)cc3C(N)CC(C)C)CC2)cc1OC,0.0,0.0,0.0,0.0,0.0,5.37,0.0,0.0,0.0,0.0,0.0,0.0,0.0
COc1ccc(CCC(O)c2ccccc2N2CCN(C(=O)C(Cc3ccc(Cl)cc3Cl)NC(=O)CCN)CC2)cc1,0.0,0.0,0.0,7.64,0.0,0.0,0.0,0.0,0.0,0.0,0.0,0.0,0.0
COc1ccc(CN(C(=O)CCCc2c(Cc3ccc(O)cc3)[nH]c3ccccc23)C2CCC(CC3CCC(N)CC3)CC2)cc1Br,0.0,0.0,0.0,0.0,5.6,0.0,0.0,0.0,0.0,0.0,0.0,0.0,0.0
COc1ccc(CN(C(=O)CCCc2c(Cc3ccc(O)cc3)[nH]c3ccccc23)C2CCC(CC3CCC(N)CC3)CC2)cc1OC,0.0,0.0,0.0,0.0,5.62,0.0,0.0,0.0,0.0,0.0,0.0,0.0,0.0
COc1ccc(CN(C(=O)CCCc2c[nH]c3ccccc23)C2CCC(CC3CCC(N)CC3)CC2)cc1Br,0.0,0.0,0.0,0.0,5.32,0.0,0.0,0.0,0.0,0.0,0.0,0.0,0.0
COc1ccc(CN(C(=O)CCCc2c[nH]c3ccccc23)C2CCC(CC3CCC(N)CC3)CC2)cc1OC,0.0,0.0,0.0,0.0,5.43,0.0,0.0,0.0,0.0,0.0,0.0,0.0,0.0
COc1ccc(CN(C)CC2(N3CCN(C(=O)C4CN(C(C)C)CC4c4ccc(Cl)cc4)CC3)CCCCC2)cc1,0.0,0.0,0.0,0.0,0.0,6.96,0.0,0.0,0.0,0.0,0.0,0.0,0.0
COc1ccc(CN(CC(C)C)CC2(N3CCN(C(=O)C4CN(C(C)C)CC4c4ccc(Cl)cc4)CC3)CCCCC2)cc1,0.0,0.0,0.0,0.0,0.0,5.75,0.0,0.0,0.0,0.0,0.0,0.0,0.0
COc1ccc(CN(CC2(N3CCN(C(=O)C4CN(C(C)C)CC4c4ccc(Cl)cc4)CC3)CCCCC2)OC)cc1,0.0,0.0,0.0,0.0,0.0,5.89,0.0,0.0,0.0,0.0,0.0,0.0,0.0
COc1ccc(CN(Cc2ccc(OC)cc2)CC2(N3CCN(C(=O)C4CN(C(C)C)CC4c4ccc(Cl)cc4)CC3)CCCCC2)cc1,0.0,0.0,0.0,0.0,0.0,5.55,0.0,0.0,0.0,0.0,0.0,0.0,0.0
COc1ccc(CNC(=O)C2CC(Cc3ccccc3)CN2C(=O)C(CCCN=C(N)N)NC(=O)Cc2cccc3ccccc23)cc1,0.0,0.0,0.0,7.33,0.0,0.0,0.0,0.0,0.0,0.0,0.0,0.0,0.0
COc1ccc(CNCC2(N3CCN(C(=O)C4CN(C(C)C)CC4c4ccc(Cl)cc4)CC3)CCCCC2)c(F)c1,0.0,0.0,0.0,0.0,0.0,8.74,0.0,0.0,0.0,0.0,0.0,0.0,0.0
COc1ccc(CNCC2(N3CCN(C(=O)C4CN(C(C)C)CC4c4ccc(Cl)cc4)CC3)CCCCC2)c(OC)c1,0.0,0.0,0.0,0.0,0.0,7.8,0.0,0.0,0.0,0.0,0.0,0.0,0.0
COc1ccc(CNCC2(N3CCN(C(=O)C4CN(C(C)C)CC4c4ccc(Cl)cc4)CC3)CCCCC2)cc1,0.0,0.0,0.0,0.0,0.0,8.44,0.0,0.0,0.0,0.0,0.0,0.0,0.0
COc1ccc(CNCC2(N3CCN(C(=O)C4CN(C(C)C)CC4c4ccc(Cl)cc4)CC3)CCCCC2)cc1F,0.0,0.0,0.0,0.0,0.0,9.3,0.0,0.0,0.0,0.0,0.0,0.0,0.0
COc1ccc(Cc2nc3ccc(C(=O)N(CCC(C)C)CCC(C)C)cc3n2CCCN2CCCCC2)cc1,0.0,0.0,0.0,0.0,0.0,0.0,7.55,0.0,0.0,0.0,0.0,0.0,0.0
COc1ccc(NC(=O)NCC2(N3CCN(C(=O)C(Cc4ccc(Cl)cc4Cl)NC(=O)CCN)CC3)CCCCC2)cc1,0.0,0.0,0.0,0.0,0.0,7.44,0.0,0.0,0.0,0.0,0.0,0.0,0.0
COc1ccc(Nc2nc3ccc(C(=O)N(CCC(C)C)CCC(C)C)cc3n2CCCN2CCCCC2)cc1,0.0,0.0,0.0,0.0,0.0,0.0,8.3,0.0,0.0,0.0,0.0,0.0,0.0
COc1ccc(OC)c(CCC(=O)N2CCN(c3ccc(C(F)(F)F)cc3C(N)CC(C)C)CC2)c1,0.0,0.0,0.0,0.0,0.0,5.6,0.0,0.0,0.0,0.0,0.0,0.0,0.0
COc1ccc(OCC(=O)N2CCN(c3ccc(C(F)(F)F)cc3C(N)CC(C)C)CC2)cc1,0.0,0.0,0.0,0.0,0.0,5.42,0.0,0.0,0.0,0.0,0.0,0.0,0.0
COc1ccc2c(c1)c(CC(=O)N(CCCCN)C13CC4CC(CC(C4)C1)C3)c(C)n2C(=O)c1ccc(Cl)cc1,0.0,0.0,0.0,0.0,5.0,0.0,0.0,0.0,0.0,0.0,0.0,0.0,0.0
COc1ccc2c(c1)c(CC(=O)N(CCCCN)CC(C)=Cc1ccccc1)c(C)n2C(=O)c1ccc(Cl)cc1,0.0,0.0,0.0,0.0,5.15,0.0,0.0,0.0,0.0,0.0,0.0,0.0,0.0
COc1ccc2ccccc2c1CCCCN1CCN(CC(c2ccc(F)cc2)N2CCN(C(C)C)CC2)CC1,0.0,0.0,0.0,0.0,0.0,8.1,0.0,0.0,0.0,0.0,0.0,0.0,0.0
COc1cccc(CC(=O)NCC2(N3CCN(C(=O)C(Cc4ccc(Cl)cc4Cl)NC(=O)CCN)CC3)CCCCC2)c1,0.0,0.0,0.0,0.0,0.0,8.12,0.0,0.0,0.0,0.0,0.0,0.0,0.0
COc1cccc(CC(C)C(=O)N2CCN(c3ccc(C(F)(F)F)cc3C(N)CC(C)C)CC2)c1,0.0,0.0,0.0,0.0,0.0,5.51,0.0,0.0,0.0,0.0,0.0,0.0,0.0
COc1cccc(CC(O)c2ccccc2N2CCN(C(=O)C(Cc3ccc(Cl)cc3Cl)NC(=O)CCN)CC2)c1,0.0,0.0,0.0,7.18,0.0,0.0,0.0,0.0,0.0,0.0,0.0,0.0,0.0
COc1cccc(CCC(=O)N2CCN(c3ccc(C(F)(F)F)cc3C(N)CC(C)C)CC2)c1,0.0,0.0,0.0,0.0,0.0,5.4,0.0,0.0,0.0,0.0,0.0,0.0,0.0
COc1cccc(CNCC2(N3CCN(C(=O)C4CN(C(C)C)CC4c4ccc(Cl)cc4)CC3)CCCCC2)c1,0.0,0.0,0.0,0.0,0.0,7.52,0.0,0.0,0.0,0.0,0.0,0.0,0.0
COc1ccccc1C(=O)NCC1(N2CCN(C(=O)C(Cc3ccc(Cl)cc3Cl)NC(=O)CCN)CC2)CCCCC1,0.0,0.0,0.0,0.0,0.0,6.46,0.0,0.0,0.0,0.0,0.0,0.0,0.0
COc1ccccc1C=CCN(C(=O)CCCc1c[nH]c2ccccc12)C1CCC(CC2CCC(N)CC2)CC1,0.0,0.0,0.0,0.0,5.39,0.0,0.0,0.0,0.0,0.0,0.0,0.0,0.0
COc1ccccc1CC(=O)NCc1cccnc1N1CCN(C(=O)C(Cc2ccc(Cl)cc2Cl)NC(=O)CCN)CC1,0.0,0.0,0.0,0.0,0.0,6.44,0.0,0.0,0.0,0.0,0.0,0.0,0.0
COc1ccccc1CC(O)c1ccccc1N1CCN(C(=O)C(Cc2ccc(Cl)cc2Cl)NC(=O)CCN)CC1,0.0,0.0,0.0,7.18,0.0,0.0,0.0,0.0,0.0,0.0,0.0,0.0,0.0
COc1ccccc1CCC(=O)N1CCN(c2ccc(C(F)(F)F)cc2C(N)CC(C)C)CC1,0.0,0.0,0.0,0.0,0.0,5.85,0.0,0.0,0.0,0.0,0.0,0.0,0.0
COc1ccccc1CCNCc1ccccc1N1CCN(C(=O)C(Cc2ccc(Cl)cc2Cl)NC(=O)CCN)CC1,0.0,0.0,0.0,0.0,0.0,8.8,0.0,0.0,0.0,0.0,0.0,0.0,0.0
COc1ccccc1CCNCc1cccnc1N1CCN(C(=O)C(Cc2ccc(Cl)cc2Cl)NC(=O)CCN)CC1,0.0,0.0,0.0,0.0,0.0,8.17,0.0,0.0,0.0,0.0,0.0,0.0,0.0
COc1ccccc1CCNCc1cccnc1N1CCN(C(=O)C(Cc2ccc(Cl)cc2Cl)NC(C)=O)CC1,0.0,0.0,0.0,0.0,0.0,8.0,0.0,0.0,0.0,0.0,0.0,0.0,0.0
COc1ccccc1CNC(=O)NCc1cccnc1N1CCN(C(=O)C(Cc2ccc(Cl)cc2Cl)NC(=O)CCN)CC1,0.0,0.0,0.0,0.0,0.0,6.25,0.0,0.0,0.0,0.0,0.0,0.0,0.0
COc1ccccc1CNCC1(N2CCN(C(=O)C3CN(C(C)C)CC3c3ccc(Cl)cc3)CC2)CCCCC1,0.0,0.0,0.0,0.0,0.0,7.21,0.0,0.0,0.0,0.0,0.0,0.0,0.0
COc1ccccc1N1CCN(C(=O)C2CN(C(C)C)CC2c2ccc(Cl)cc2)CC1,0.0,0.0,0.0,0.0,0.0,6.28,0.0,0.0,0.0,0.0,0.0,0.0,0.0
COc1ccccc1NC(=O)NCc1cccnc1N1CCN(C(=O)C(Cc2ccc(Cl)cc2Cl)NC(=O)CCN)CC1,0.0,0.0,0.0,0.0,0.0,5.89,0.0,0.0,0.0,0.0,0.0,0.0,0.0
COc1ccccc1OC(=O)NCc1cccnc1N1CCN(C(=O)C(Cc2ccc(Cl)cc2Cl)NC(=O)CCN)CC1,0.0,0.0,0.0,0.0,0.0,5.75,0.0,0.0,0.0,0.0,0.0,0.0,0.0
CS(=O)(=O)N1CC(C(=O)N2CCN(C3(CNCc4ccncc4)CCCCC3)CC2)C(c2ccc(Cl)cc2)C1,0.0,0.0,0.0,0.0,0.0,5.47,0.0,0.0,0.0,0.0,0.0,0.0,0.0
CS(=O)(=O)N1CCCc2cccc(N3CCN(C(=O)C(Cc4ccc(Cl)cc4)NC(=O)C4Cc5ccccc5CN4)CC3)c21,0.0,0.0,0.0,6.05,0.0,0.0,0.0,0.0,0.0,0.0,0.0,0.0,0.0
CS(=O)(=O)N1CCc2c(cccc2N2CCN(C(=O)C(Cc3ccc(Cl)cc3)NC(=O)C3Cc4ccccc4CN3)CC2)C1,0.0,0.0,0.0,5.41,0.0,0.0,0.0,0.0,0.0,0.0,0.0,0.0,0.0
CS(=O)(=O)N1CCc2cccc(N3CCN(C(=O)C(Cc4ccc(Cl)cc4)NC(=O)C4Cc5ccccc5CN4)CC3)c21,0.0,0.0,0.0,6.05,0.0,0.0,0.0,0.0,0.0,0.0,0.0,0.0,0.0
CS(=O)(=O)N1CCc2cccc(N3CCN(C(=O)C(Cc4ccc(Cl)cc4)NC(=O)C4Cc5ccccc5CN4)CC3)c2C1,0.0,0.0,0.0,6.22,0.0,0.0,0.0,0.0,0.0,0.0,0.0,0.0,0.0
CS(=O)(=O)NC(Cc1ccc(Cl)cc1Cl)C(=O)N1CCN(c2ccccc2CNCCc2cccs2)CC1,0.0,0.0,0.0,0.0,0.0,7.85,0.0,0.0,0.0,0.0,0.0,0.0,0.0
CS(=O)(=O)NCC(C1CCCCC1)N1CCN(C(=O)C(Cc2ccc(Cl)cc2)NC(=O)CC2Cc3ccccc3N2)CC1,0.0,0.0,0.0,0.0,0.0,7.58,0.0,0.0,0.0,0.0,0.0,0.0,0.0
CS(=O)(=O)Nc1ccccc1N1CCN(C(=O)C(Cc2ccc(Cl)cc2)NC(=O)C2Cc3ccccc3CN2)CC1,0.0,0.0,0.0,6.66,0.0,0.0,0.0,0.0,0.0,0.0,0.0,0.0,0.0
CSCC(NC(=O)C(Cc1c[nH]c2ccccc12)NC(=O)C(CCCN=C(N)N)NC(=O)C(Cc1ccccc1)NC(=O)C(Cc1c[nH]cn1)NC(=O)C(CCC(=O)O)NC(=O)C(CSC)NC(=O)C(CCCN=C(N)N)NC(=O)C(Cc1ccc(O)cc1)NC(C)=O)C(N)=O,0.0,0.0,0.0,0.0,0.0,7.88,0.0,0.0,0.0,0.0,0.0,0.0,0.0
CSCCC(NC(=O)C(CCCN=C(N)N)NC(=O)C(Cc1ccc(O)cc1)NC(=O)C1CCCN1C(=O)CN)C(=O)NC(CCC(=O)O)C(=O)NC(Cc1c[nH]cn1)C(=O)NC(Cc1ccccc1)C(=O)NC(CCCN=C(N)N)C(=O)NC(Cc1c[nH]c2ccccc12)C(=O)NCC(=O)NC(CO)C(=O)N1CCCC1C(=O)N1CCCC1C(=O)NC(CCCCN)C(=O)NC(CC(=O)O)C(N)=O,0.0,0.0,0.0,0.0,0.0,8.28,0.0,0.0,0.0,0.0,0.0,0.0,0.0
CSCCC(NC(=O)C(CCCN=C(N)N)NC(=O)C(Cc1ccc(O)cc1)NC(=O)C1CCCN1C(=O)CNC(=O)C(CCC(=O)O)NC(=O)C(CC(=O)O)NC(=O)C(CCCCN)NC(=O)C(CCCCN)NC(=O)C(CCC(=O)O)NC(=O)C(C)N)C(=O)NC(CCC(=O)O)C(=O)NC(Cc1c[nH]cn1)C(=O)NC(Cc1ccccc1)C(=O)NC(CCCN=C(N)N)C(=O)NC(Cc1c[nH]c2ccccc12)C(=O)NCC(=O)NC(CO)C(=O)N1CCCC1C(=O)N1CCCC1C(=O)NC(CCCCN)C(=O)NC(CC(=O)O)C(=O)O,0.0,0.0,0.0,0.0,0.0,8.09,0.0,0.0,0.0,0.0,0.0,0.0,0.0
CSCCC(NC(=O)C(CCCN=C(N)N)NC(=O)C(Cc1ccc(O)cc1)NC(C)=O)C(=O)NC(CCC(=O)O)C(=O)NC(Cc1c[nH]cn1)C(=O)NC(Cc1ccccc1)C(=O)NC(CCCN=C(N)N)C(=O)NC(Cc1c[nH]c2ccccc12)C(=O)NCC(=O)NC(CO)C(=O)N1CCCC1C(=O)N1CCCC1C(=O)NC(CCCCN)C(=O)NC(CC(=O)O)C(N)=O,0.0,0.0,0.0,0.0,0.0,9.57,0.0,0.0,0.0,0.0,0.0,0.0,0.0
CSCCC(NC(=O)C(CO)NC(=O)C(Cc1ccc(O)cc1)NC(=O)C(CO)NC(=O)C1CCCN1C(=O)C(CC(=O)O)NC(=O)C(N)CC(N)=O)C(=O)NC(CCC(=O)O)C(=O)NC(Cc1c[nH]cn1)C(=O)NC(Cc1ccccc1)C(=O)NC(CCCN=C(N)N)C(=O)NC(Cc1c[nH]c2ccccc12)C(=O)NCC(=O)NC(CCCCN)C(=O)N1CCCC1C(=O)NC(C(=O)NCC(=O)O)C(C)C,0.0,0.0,0.0,0.0,0.0,9.51,0.0,0.0,0.0,0.0,0.0,0.0,0.0
CSCCC(NC(=O)C(CO)NC(=O)C(Cc1ccc(O)cc1)NC(=O)C(CO)NC(C)=O)C(=O)NC(CCC(=O)O)C(=O)NC(Cc1c[nH]cn1)C(=O)NC(Cc1ccccc1)C(=O)NC(CCCNC(=N)N)C(=O)NC(Cc1c[nH]c2ccccc12)C(=O)NCC(=O)NC(CCCCN)C(=O)N1CCCC1C(=O)NC(C(N)=O)C(C)C,7.68,0.0,0.0,7.58,0.0,7.66,0.0,0.0,0.0,0.0,0.0,0.0,0.0
CSCCCNC(Cc1ccc(Cl)cc1Cl)C(=O)N1CCN(c2ccccc2C(=O)CC(C)C)CC1,0.0,0.0,0.0,6.64,0.0,0.0,0.0,0.0,0.0,0.0,0.0,0.0,0.0
CSCCCNC(Cc1ccc(Cl)cc1Cl)C(=O)N1CCN(c2ccccc2C(N)CC(C)C)CC1,0.0,0.0,0.0,7.68,0.0,0.0,0.0,0.0,0.0,0.0,0.0,0.0,0.0
CSCCCNC(Cc1ccc(Cl)cc1Cl)C(=O)N1CCN(c2ccccc2C(O)CC(C)C)CC1,0.0,0.0,0.0,6.48,0.0,0.0,0.0,0.0,0.0,0.0,0.0,0.0,0.0
CSc1ccc(CN(C(=O)CCCc2c(Cc3ccc(O)cc3)[nH]c3ccccc23)C2CCC(CC3CCC(N)CC3)CC2)cc1,0.0,0.0,0.0,0.0,5.35,0.0,0.0,0.0,0.0,0.0,0.0,0.0,0.0
CSc1ccc(CN(C(=O)CCCc2c[nH]c3ccccc23)C2CCC(CC3CCC(N)CC3)CC2)cc1,0.0,0.0,0.0,0.0,5.37,0.0,0.0,0.0,0.0,0.0,0.0,0.0,0.0
CSc1ccc(CNCC2(N3CCN(C(=O)C4CN(C(C)C)CC4c4ccc(Cl)cc4)CC3)CCCCC2)cc1,0.0,0.0,0.0,0.0,0.0,7.57,0.0,0.0,0.0,0.0,0.0,0.0,0.0
Cc1[nH]c2ccccc2c1CCC(=O)N1CCN(c2ccc(C(F)(F)F)cc2C(N)CC(C)C)CC1,0.0,0.0,0.0,0.0,0.0,5.8,0.0,0.0,0.0,0.0,0.0,0.0,0.0
Cc1c(CNCC2(N3CCN(C(=O)C4CN(C(C)C)CC4c4ccccc4)CC3)CCCCC2)cnn1C,0.0,0.0,0.0,0.0,0.0,7.96,0.0,0.0,0.0,0.0,0.0,0.0,0.0
Cc1cc(CC(C)C(=O)N2CCN(c3ccc(C(F)(F)F)cc3C(N)CC(C)C)CC2)ccc1Cl,0.0,0.0,0.0,0.0,0.0,7.15,0.0,0.0,0.0,0.0,0.0,0.0,0.0
Cc1cc(Cl)ccc1CC(C)C(=O)N1CCN(c2ccc(C(F)(F)F)cc2C(N)CC(C)C)CC1,0.0,0.0,0.0,0.0,0.0,7.42,0.0,0.0,0.0,0.0,0.0,0.0,0.0
Cc1cc(Cl)ccc1CC(C)C(=O)N1CCN(c2ccccc2C(N)CC(C)C)CC1,0.0,0.0,0.0,0.0,0.0,7.92,0.0,0.0,0.0,0.0,0.0,0.0,0.0
Cc1ccc(C(=O)NCC2(N3CCN(C(=O)C(Cc4ccc(Cl)cc4Cl)NC(=O)CCN)CC3)CCCCC2)cc1,0.0,0.0,0.0,0.0,0.0,6.57,0.0,0.0,0.0,0.0,0.0,0.0,0.0
Cc1ccc(C(CC(C)C)NC(=O)CCN(C)C)c(N2CCN(C(=O)C(C)Cc3ccc(Cl)cc3Cl)CC2)n1,0.0,0.0,0.0,0.0,0.0,8.6,0.0,0.0,0.0,0.0,0.0,0.0,0.0
Cc1ccc(C(N)CC(C)C)c(N2CCN(C(=O)C(C)Cc3ccc(Cl)cc3Cl)CC2)n1,0.0,0.0,0.0,0.0,0.0,7.36,0.0,0.0,0.0,0.0,0.0,0.0,0.0
Cc1ccc(CC(C)C(=O)N2CCN(c3ccc(C(F)(F)F)cc3C(N)CC(C)C)CC2)cc1C,0.0,0.0,0.0,0.0,0.0,6.62,0.0,0.0,0.0,0.0,0.0,0.0,0.0
Cc1ccc(CN(C(=O)CCCc2c(Cc3ccc(O)cc3)[nH]c3ccccc23)C2CCC(CC3CCC(N)CC3)CC2)cc1,0.0,0.0,0.0,0.0,5.72,0.0,0.0,0.0,0.0,0.0,0.0,0.0,0.0
Cc1ccc(CN(C(=O)CCCc2c[nH]c3ccccc23)C2CCC(CC3CCC(N)CC3)CC2)cc1,0.0,0.0,0.0,0.0,5.68,0.0,0.0,0.0,0.0,0.0,0.0,0.0,0.0
Cc1ccc(N2CCN(C(=O)C(C)Cc3ccc(Cl)cc3)CC2)c(C(N)C(C)C)c1,0.0,0.0,0.0,0.0,0.0,7.16,0.0,0.0,0.0,0.0,0.0,0.0,0.0
Cc1ccc(N2CCN(C(=O)C(C)Cc3ccc(Cl)cc3)CC2)c(C(N)CC(C)C)c1,0.0,0.0,0.0,0.0,0.0,7.6,0.0,0.0,0.0,0.0,0.0,0.0,0.0
Cc1ccc(N2CCN(C(=O)C(C)Cc3ccc(Cl)cc3)CC2)c(C(NC(=O)CCN(C)C)C(C)C)c1,0.0,0.0,0.0,0.0,0.0,8.55,0.0,0.0,0.0,0.0,0.0,0.0,0.0
Cc1ccc(N2CCN(C(=O)C(C)Cc3ccc(Cl)cc3)CC2)c(C(NC(=O)CCN)C(C)C)c1,0.0,0.0,0.0,0.0,0.0,8.23,0.0,0.0,0.0,0.0,0.0,0.0,0.0
Cc1ccc(N2CCN(C(=O)C(C)Cc3ccc(Cl)cc3C)CC2)c(C(N)C(C)C)c1,0.0,0.0,0.0,0.0,0.0,8.01,0.0,0.0,0.0,0.0,0.0,0.0,0.0
Cc1ccc(N2CCN(C(=O)C(C)Cc3ccc(Cl)cc3C)CC2)c(C(N)CC(C)C)c1,0.0,0.0,0.0,0.0,0.0,8.23,0.0,0.0,0.0,0.0,0.0,0.0,0.0
Cc1ccc(N2CCN(C(=O)C(C)Cc3ccc(Cl)cc3C)CC2)c(C(NC(=O)CCN(C)C)C(C)C)c1,0.0,0.0,0.0,0.0,0.0,9.22,0.0,0.0,0.0,0.0,0.0,0.0,0.0
Cc1ccc(N2CCN(C(=O)C(C)Cc3ccc(Cl)cc3Cl)CC2)c(C(N)CC(C)C)c1,0.0,0.0,0.0,0.0,0.0,8.06,0.0,0.0,0.0,0.0,0.0,0.0,0.0
Cc1ccc(N2CCN(C(=O)C(C)Cc3ccc(Cl)cc3F)CC2)c(C(N)C(C)C)c1,0.0,0.0,0.0,0.0,0.0,7.46,0.0,0.0,0.0,0.0,0.0,0.0,0.0
Cc1ccc(N2CCN(C(=O)C(C)Cc3ccc(Cl)cc3F)CC2)c(C(N)CC(C)C)c1,0.0,0.0,0.0,0.0,0.0,7.7,0.0,0.0,0.0,0.0,0.0,0.0,0.0
Cc1ccc(N2CCN(C(=O)C(C)Cc3ccc(Cl)cc3F)CC2)c(C(NC(=O)CCN(C)C)C(C)C)c1,0.0,0.0,0.0,0.0,0.0,8.66,0.0,0.0,0.0,0.0,0.0,0.0,0.0
Cc1ccc(N2CCN(C(=O)C(Cc3ccc(Cl)cc3Cl)N3CCCC3=O)CC2)c(C(CC(C)C)NC(=O)C(C)N)c1,0.0,0.0,0.0,9.15,0.0,0.0,0.0,0.0,0.0,0.0,0.0,0.0,0.0
Cc1ccc(N2CCN(C(=O)C(Cc3ccc(Cl)cc3Cl)N3CCCC3=O)CC2)c(C(CC(C)C)NC(=O)CCN(C)C)c1,0.0,0.0,0.0,9.23,0.0,9.22,0.0,0.0,0.0,0.0,0.0,0.0,0.0
Cc1ccc(N2CCN(C(=O)C(Cc3ccc(Cl)cc3Cl)N3CCCC3=O)CC2)c(C(N)CC(C)C)c1,0.0,0.0,0.0,8.49,0.0,0.0,0.0,0.0,0.0,0.0,0.0,0.0,0.0
Cc1ccc(N2CCN(C(=O)C3CCOC3c3ccc(Cl)cc3)CC2)c(C(N)C(C)C)c1,0.0,0.0,0.0,0.0,0.0,6.39,0.0,0.0,0.0,0.0,0.0,0.0,0.0
Cc1ccc(N2CCN(C(=O)C3CN(C(=O)C4CCC4)CC3c3ccc(Cl)cc3)CC2)c(C(N)C(C)C)c1,0.0,0.0,0.0,0.0,0.0,7.11,0.0,0.0,0.0,0.0,0.0,0.0,0.0
Cc1ccc(N2CCN(C(=O)C3CN(C(=O)CCCCc4ccccc4)CC3c3ccc(Cl)cc3)CC2)c(C(N)C(C)C)c1,0.0,0.0,0.0,0.0,0.0,7.19,0.0,0.0,0.0,0.0,0.0,0.0,0.0
Cc1ccc(N2CCN(C(=O)C3CN(C(=O)CCCc4ccccc4)CC3c3ccc(Cl)cc3)CC2)c(C(N)C(C)C)c1,0.0,0.0,0.0,0.0,0.0,7.0,0.0,0.0,0.0,0.0,0.0,0.0,0.0
Cc1ccc(N2CCN(C(=O)C3CN(C(=O)CCc4ccccc4)CC3c3ccc(Cl)cc3)CC2)c(C(N)C(C)C)c1,0.0,0.0,0.0,0.0,0.0,7.12,0.0,0.0,0.0,0.0,0.0,0.0,0.0
Cc1ccc(N2CCN(C(=O)C3CN(C(=O)OC(C)(C)C)CC3c3ccc(Cl)cc3)CC2)c(C(N)C(C)C)c1,0.0,0.0,0.0,0.0,0.0,7.82,0.0,0.0,0.0,0.0,0.0,0.0,0.0
Cc1ccc(N2CCN(C(=O)C3CN(C(C)C)CC3c3ccc(Cl)cc3)CC2)c(C(C(C)C)N(C)C)c1,0.0,0.0,0.0,0.0,0.0,7.89,0.0,0.0,0.0,0.0,0.0,0.0,0.0
Cc1ccc(N2CCN(C(=O)C3CN(C(C)C)CC3c3ccc(Cl)cc3)CC2)c(C(N)C(C)C)c1,0.0,0.0,0.0,0.0,0.0,7.92,0.0,0.0,0.0,0.0,0.0,0.0,0.0
Cc1ccc(N2CCN(C(=O)C3CN(C(C)C)CC3c3ccc(Cl)cc3)CC2)c(C(NC(=O)CCN(C)C)C(C)C)c1,0.0,0.0,0.0,0.0,0.0,8.33,0.0,0.0,0.0,0.0,0.0,0.0,0.0
Cc1ccc(N2CCN(C(=O)C3CN(C(C)C)CC3c3ccc(Cl)cc3)CC2)c(C(NC(=O)CN(C)C)C(C)C)c1,0.0,0.0,0.0,0.0,0.0,8.15,0.0,0.0,0.0,0.0,0.0,0.0,0.0
Cc1ccc(N2CCN(C(=O)C3CN(C4CCCCC4)CC3c3ccc(Cl)cc3)CC2)c(C(N)C(C)C)c1,0.0,0.0,0.0,0.0,0.0,8.18,0.0,0.0,0.0,0.0,0.0,0.0,0.0
Cc1ccc(N2CCN(C(=O)C3CN(C4CCN(C(C)C)CC4)CC3c3ccc(Cl)cc3)CC2)c(C(N)C(C)C)c1,0.0,0.0,0.0,0.0,0.0,7.75,0.0,0.0,0.0,0.0,0.0,0.0,0.0
Cc1ccc(N2CCN(C(=O)C3CN(C4CCN(CC(C)C)CC4)CC3c3ccc(Cl)cc3)CC2)c(C(N)C(C)C)c1,0.0,0.0,0.0,0.0,0.0,8.27,0.0,0.0,0.0,0.0,0.0,0.0,0.0
Cc1ccc(N2CCN(C(=O)C3CN(C4CCOCC4)CC3c3ccc(Cl)cc3)CC2)c(C(C(C)C)N(C)C)c1,0.0,0.0,0.0,0.0,0.0,8.28,0.0,0.0,0.0,0.0,0.0,0.0,0.0
Cc1ccc(N2CCN(C(=O)C3CN(C4CCOCC4)CC3c3ccc(Cl)cc3)CC2)c(C(N)C(C)C)c1,0.0,0.0,0.0,0.0,0.0,8.07,0.0,0.0,0.0,0.0,0.0,0.0,0.0
Cc1ccc(N2CCN(C(=O)C3CN(C4CCOCC4)CC3c3ccc(Cl)cc3)CC2)c(C(NC(=O)C(C)N)C(C)C)c1,0.0,0.0,0.0,0.0,0.0,9.0,0.0,0.0,0.0,0.0,0.0,0.0,0.0
Cc1ccc(N2CCN(C(=O)C3CN(C4CCOCC4)CC3c3ccc(Cl)cc3)CC2)c(C(NC(=O)CCN(C)C)C(C)C)c1,0.0,0.0,0.0,0.0,0.0,9.0,0.0,0.0,0.0,0.0,0.0,0.0,0.0
Cc1ccc(N2CCN(C(=O)C3CN(C4CCOCC4)CC3c3ccc(Cl)cc3)CC2)c(C(NC(=O)CCN)C(C)C)c1,0.0,0.0,0.0,0.0,0.0,8.66,0.0,0.0,0.0,0.0,0.0,0.0,0.0
Cc1ccc(N2CCN(C(=O)C3CN(C4CCOCC4)CC3c3ccc(Cl)cc3)CC2)c(C(NC(=O)CN)C(C)C)c1,0.0,0.0,0.0,0.0,0.0,8.7,0.0,0.0,0.0,0.0,0.0,0.0,0.0
Cc1ccc(N2CCN(C(=O)C3CN(Cc4ccccc4)CC3c3ccc(Cl)cc3)CC2)c(C(N)C(C)C)c1,0.0,0.0,0.0,0.0,0.0,7.44,0.0,0.0,0.0,0.0,0.0,0.0,0.0
Cc1ccc(N2CCN(C(=O)C3CNCC3c3ccc(Cl)cc3)CC2)c(C(NC(=O)CCN(C)C)C(C)C)c1,0.0,0.0,0.0,0.0,0.0,8.14,0.0,0.0,0.0,0.0,0.0,0.0,0.0
Cc1ccc(N2CCN(C(=O)C3OCCC3c3ccc(Cl)cc3)CC2)c(C(NC(=O)CCN(C)C)C(C)C)c1,0.0,0.0,0.0,0.0,0.0,8.0,0.0,0.0,0.0,0.0,0.0,0.0,0.0
Cc1ccc(OCC(=O)N2CCN(c3ccc(C(F)(F)F)cc3C(N)CC(C)C)CC2)c(C)c1,0.0,0.0,0.0,0.0,0.0,5.4,0.0,0.0,0.0,0.0,0.0,0.0,0.0
Cc1ccc(OCC(=O)N2CCN(c3ccc(C(F)(F)F)cc3C(N)CC(C)C)CC2)cc1,0.0,0.0,0.0,0.0,0.0,5.36,0.0,0.0,0.0,0.0,0.0,0.0,0.0
Cc1cccc(C2CN(C(C)C)CC2C(=O)N2CCN(c3c(F)cccc3C(NC(=O)CCN(C)C)C(C)C)CC2)c1,0.0,0.0,0.0,0.0,0.0,6.33,0.0,0.0,0.0,0.0,0.0,0.0,0.0
Cc1cccc(CCC(=O)N2CCN(c3ccc(C(F)(F)F)cc3C(N)CC(C)C)CC2)c1,0.0,0.0,0.0,0.0,0.0,5.68,0.0,0.0,0.0,0.0,0.0,0.0,0.0
Cc1cccc(CN(C(=O)CCCc2c(Cc3ccc(O)cc3)[nH]c3ccccc23)C2CCC(CC3CCC(N)CC3)CC2)c1,0.0,0.0,0.0,0.0,5.47,0.0,0.0,0.0,0.0,0.0,0.0,0.0,0.0
Cc1cccc(CN(C(=O)CCCc2c[nH]c3ccccc23)C2CCC(CC3CCC(N)CC3)CC2)c1,0.0,0.0,0.0,0.0,5.52,0.0,0.0,0.0,0.0,0.0,0.0,0.0,0.0
Cc1ccccc1CN(C(=O)CCCc1c(Cc2ccc(O)cc2)[nH]c2ccccc12)C1CCC(CC2CCC(N)CC2)CC1,0.0,0.0,0.0,0.0,5.39,0.0,0.0,0.0,0.0,0.0,0.0,0.0,0.0
Cc1ccccc1CN(C(=O)CCCc1c[nH]c2ccccc12)C1CCC(CC2CCC(N)CC2)CC1,0.0,0.0,0.0,0.0,5.64,0.0,0.0,0.0,0.0,0.0,0.0,0.0,0.0
Cc1cncn1Cc1ccccc1N1CCN(C(=O)C2CN(C(C)C)CC2c2ccc(Cl)cc2)CC1,0.0,0.0,0.0,0.0,0.0,6.6,0.0,0.0,0.0,0.0,0.0,0.0,0.0
Cc1nc2c(cc1-c1cnn(C)c1)CCC1(CCN(C(=O)C(C)c3ccc(OC(F)F)nc3)C1)N2,7.24,0.0,0.0,0.0,0.0,0.0,0.0,0.0,0.0,0.0,0.0,0.0,0.0
Cc1nc2c(cc1-c1ncccn1)CCC1(CCN(C(=O)C(C)c3cc(OC(F)F)ncc3Cl)C1)N2,9.27,0.0,0.0,0.0,0.0,0.0,0.0,0.0,0.0,0.0,0.0,0.0,0.0
Cc1nc2c(cc1-c1ncccn1)CCC1(CCN(C(=O)C(C)c3ccc(Cl)cc3Cl)C1)N2,7.09,0.0,0.0,0.0,0.0,0.0,0.0,0.0,0.0,0.0,0.0,0.0,0.0
Cc1nc2c(cc1-c1ncccn1)CCC1(CCN(C(=O)C(C)c3ccc(OC(F)F)nc3)C1)N2,9.36,0.0,0.0,0.0,0.0,0.0,0.0,0.0,0.0,0.0,0.0,0.0,0.0
Cc1nccn1Cc1ccccc1N1CCN(C(=O)C2CN(C(C)C)CC2c2ccc(Cl)cc2)CC1,0.0,0.0,0.0,0.0,0.0,6.55,0.0,0.0,0.0,0.0,0.0,0.0,0.0
Cn1nnc(CC2(C3CCCCC3)CCN(C(=O)C(Cc3ccc(Cl)cc3)NC(=O)C3Cc4ccccc4CN3)CC2)n1,0.0,0.0,0.0,0.0,0.0,8.92,0.0,0.0,0.0,0.0,0.0,0.0,0.0
N#Cc1ccc(CN(C(=O)CCCc2c(Cc3ccc(O)cc3)[nH]c3ccccc23)C2CCC(CC3CCC(N)CC3)CC2)cc1,0.0,0.0,0.0,0.0,5.62,0.0,0.0,0.0,0.0,0.0,0.0,0.0,0.0
N#Cc1ccc(CN(C(=O)CCCc2c[nH]c3ccccc23)C2CCC(CC3CCC(N)CC3)CC2)cc1,0.0,0.0,0.0,0.0,5.8,0.0,0.0,0.0,0.0,0.0,0.0,0.0,0.0
N#Cc1ccc(CNCC2(N3CCN(C(=O)C(Cc4ccc(Cl)cc4Cl)NC(=O)CCN)CC3)CCCCC2)cc1,0.0,0.0,0.0,0.0,0.0,7.04,0.0,0.0,0.0,0.0,0.0,0.0,0.0
N=C(N)NC1CCC(CC2CCC(N(CC(Cl)=Cc3ccccc3)C(=O)CCCc3c[nH]c4ccccc34)CC2)CC1,0.0,0.0,0.0,0.0,5.47,0.0,0.0,0.0,0.0,0.0,0.0,0.0,0.0
N=C(N)NC1CCC(CC2CCC(N(CC=Cc3ccccc3)C(=O)CCCc3c[nH]c4ccccc34)CC2)CC1,0.0,0.0,0.0,0.0,4.42,0.0,0.0,0.0,0.0,0.0,0.0,0.0,0.0
N=C(N)NC1CCC(CC2CCC(N(Cc3ccccc3)C(=O)CCCc3c[nH]c4ccccc34)CC2)CC1,0.0,0.0,0.0,0.0,5.47,0.0,0.0,0.0,0.0,0.0,0.0,0.0,0.0
N=C(N)NCCCC(CC1CCCCC1)NC(=O)C(N)Cc1ccc(F)cc1,0.0,0.0,0.0,0.0,0.0,5.17,0.0,0.0,0.0,0.0,0.0,0.0,0.0
N=C(N)NCCCC(Cc1ccccc1)NC(=O)C(N)Cc1ccc(F)cc1,0.0,0.0,0.0,0.0,0.0,5.38,0.0,0.0,0.0,0.0,0.0,0.0,0.0
N=C(N)NCCCC(NC(=O)C(Cc1ccc(I)cc1)NC(=O)C1Cc2ccccc2CN1)C(=O)NC(Cc1c[nH]c2ccccc12)C(N)=O,0.0,0.0,9.1,0.0,0.0,0.0,0.0,0.0,0.0,0.0,0.0,0.0,0.0
N=C(N)NCCCC(NC(=O)C(Cc1ccccc1)NC(=O)C(Cc1cnc[nH]1)NC(=O)CCCc1ccccc1)C(=O)NC(Cc1c[nH]c2ccccc12)C(N)=O,0.0,0.0,0.0,0.0,0.0,6.8,0.0,0.0,0.0,0.0,0.0,0.0,0.0
N=C(N)NCCCC(NC(=O)C(Cc1ccccc1)NC(=O)C(Cc1cnc[nH]1)NC(=O)CCc1cn(CC(=O)NCCCC(CCCNC(=O)Cn2cc(CCC(=O)NC(Cc3cnc[nH]3)C(=O)NC(Cc3ccccc3)C(=O)NC(CCCNC(=N)N)C(=O)NC(Cc3c[nH]c4ccccc34)C(N)=O)nn2)(NC(=O)CNC(=O)Cn2cc(CCC(=O)NC(Cc3cnc[nH]3)C(=O)NC(Cc3ccccc3)C(=O)NC(CCCNC(=N)N)C(=O)NC(Cc3c[nH]c4ccccc34)C(N)=O)nn2)C(=O)NCCC(N)=O)nn1)C(=O)NC(Cc1c[nH]c2ccccc12)C(N)=O,0.0,0.0,0.0,0.0,0.0,7.96,0.0,0.0,0.0,0.0,0.0,0.0,0.0
N=C(N)NCCCC(NC(=O)CCc1c[nH]cn1)C(=O)N1CC(Cc2ccccc2)CC1C(=O)NCc1ccccc1,0.0,0.0,0.0,5.32,0.0,0.0,0.0,0.0,0.0,0.0,0.0,0.0,0.0
N=C(N)NCCCC(NC(=O)CCc1ccccc1)C(=O)N1CC(Cc2ccccc2)CC1C(=O)NCc1ccccc1,0.0,0.0,0.0,5.1,0.0,0.0,0.0,0.0,0.0,0.0,0.0,0.0,0.0
N=C(N)NCCCC(NC(=O)CCc1ccccc1CN)C(=O)N1CC(Cc2ccccc2)CC1C(=O)NCc1ccccc1,0.0,0.0,0.0,4.97,0.0,0.0,0.0,0.0,0.0,0.0,0.0,0.0,0.0
N=C(N)NCCCC(NC(=O)Cc1c[nH]c2ccccc12)C(=O)N1CC(Cc2ccccc2)CC1C(=O)NCCCc1ccccc1,0.0,0.0,0.0,6.65,0.0,0.0,0.0,0.0,0.0,0.0,0.0,0.0,0.0
N=C(N)NCCCC(NC(=O)Cc1c[nH]c2ccccc12)C(=O)N1CC(Cc2ccccc2)CC1C(=O)NCCc1ccccc1,0.0,0.0,0.0,6.18,0.0,0.0,0.0,0.0,0.0,0.0,0.0,0.0,0.0
N=C(N)NCCCC(NC(=O)Cc1c[nH]c2ccccc12)C(=O)N1CC(Cc2ccccc2)CC1C(=O)NCc1ccccc1,0.0,0.0,0.0,6.61,0.0,0.0,0.0,0.0,0.0,0.0,0.0,0.0,0.0
N=C(N)NCCCC(NC(=O)Cc1c[nH]c2ccccc12)C(=O)N1CC(Cc2ccccc2)CC1C(=O)Nc1ccccc1,0.0,0.0,0.0,5.98,0.0,0.0,0.0,0.0,0.0,0.0,0.0,0.0,0.0
N=C(N)NCCCC(NC(=O)Cc1ccc(Cl)c(Cl)c1)C(=O)N1CC(Cc2ccccc2)CC1C(=O)NCc1ccccc1,0.0,0.0,0.0,6.59,0.0,0.0,0.0,0.0,0.0,0.0,0.0,0.0,0.0
N=C(N)NCCCC(NC(=O)Cc1ccc(Cl)cc1)C(=O)N1CC(Cc2ccccc2)CC1C(=O)NCc1ccccc1,0.0,0.0,0.0,6.96,0.0,0.0,0.0,0.0,0.0,0.0,0.0,0.0,0.0
N=C(N)NCCCC(NC(=O)Cc1ccc2c(c1)OCO2)C(=O)N1CC(Cc2ccccc2)CC1C(=O)NCc1ccccc1,0.0,0.0,0.0,6.48,0.0,0.0,0.0,0.0,0.0,0.0,0.0,0.0,0.0
N=C(N)NCCCC(NC(=O)Cc1ccc2ccccc2c1)C(=O)N1CC(Cc2ccccc2)CC1C(=O)NCc1ccccc1,0.0,0.0,0.0,6.86,0.0,0.0,0.0,0.0,0.0,0.0,0.0,0.0,0.0
N=C(N)NCCCC(NC(=O)Cc1ccc2ccccc2c1)C(=O)N1CCN(C(=O)c2ccccc2)CC1C(=O)NCc1ccccc1,0.0,0.0,0.0,6.19,0.0,0.0,0.0,0.0,0.0,0.0,0.0,0.0,0.0
N=C(N)NCCCC(NC(=O)Cc1ccc2ccccc2c1)C(=O)N1CCN(Cc2ccccc2)CC1C(=O)NCc1ccccc1,0.0,0.0,0.0,6.42,0.0,0.0,0.0,0.0,0.0,0.0,0.0,0.0,0.0
N=C(N)NCCCC(NC(=O)Cc1cccc2ccccc12)C(=O)N1CC(Cc2ccccc2)CC1C(=O)NCc1ccccc1,0.0,0.0,0.0,7.54,0.0,0.0,0.0,0.0,0.0,0.0,0.0,0.0,0.0
N=C(N)NCCCC(NC(=O)Cc1ccccc1)C(=O)N1CC(Cc2ccccc2)CC1C(=O)NCc1ccccc1,0.0,0.0,0.0,5.73,0.0,0.0,0.0,0.0,0.0,0.0,0.0,0.0,0.0
N=C(N)NCCCC(NC(=O)Cc1ccccc1Cl)C(=O)N1CC(Cc2ccccc2)CC1C(=O)NCc1ccccc1,0.0,0.0,0.0,6.51,0.0,0.0,0.0,0.0,0.0,0.0,0.0,0.0,0.0
N=C(N)NCCCC(NC(=O)c1ccccc1-c1ccccc1)C(=O)N1CC(Cc2ccccc2)CC1C(=O)NCc1ccccc1,0.0,0.0,0.0,5.56,0.0,0.0,0.0,0.0,0.0,0.0,0.0,0.0,0.0
N=C(N)NCCCC1CC(OCc2ccc3ccccc3c2)CN1C(=O)C(Cc1ccccc1)NC(=O)C1CCCCN1,0.0,0.0,0.0,0.0,0.0,7.51,0.0,0.0,0.0,0.0,0.0,0.0,0.0
N=C(N)NCCCC1CC(OCc2ccc3ccccc3c2)CN1C(=O)C(Cc1ccccc1)NC(=O)C1CCCN1,0.0,0.0,0.0,0.0,0.0,7.34,0.0,0.0,0.0,0.0,0.0,0.0,0.0
N=C(N)NCCCC1CC(OCc2ccc3ccccc3c2)CN1C(=O)C(Cc1ccccc1)NC(=O)C1Cc2ccccc2CN1,0.0,0.0,0.0,0.0,0.0,8.0,0.0,0.0,0.0,0.0,0.0,0.0,0.0
N=C(N)NCCCC1CC(OCc2ccc3ccccc3c2)CN1C(=O)C(Cc1ccccc1)NC(=O)CCc1ccccc1,0.0,0.0,0.0,0.0,0.0,6.86,0.0,0.0,0.0,0.0,0.0,0.0,0.0
N=C(N)NCCCC1CC(OCc2ccccc2)CN1C(=O)C(CCC1Cc2ccccc2CN1)Cc1ccccc1,0.0,0.0,0.0,7.12,0.0,0.0,0.0,0.0,0.0,0.0,0.0,0.0,0.0
N=C(N)NCCCC1CC(OCc2ccccc2)CN1C(=O)C(Cc1ccccc1)NC(=O)C1Cc2ccccc2CN1,0.0,0.0,0.0,7.89,0.0,0.0,0.0,0.0,0.0,0.0,0.0,0.0,0.0
N=C(N)NCCCC1NC(=O)C(Cc2ccc3ccccc3c2)NC(=O)C(Cc2c[nH]cn2)NC(=O)CCC(=O)NCCCCC(C(N)=O)NC(=O)C(Cc2c[nH]c3ccccc23)NC1=O,0.0,0.0,0.0,7.06,0.0,0.0,0.0,0.0,0.0,0.0,0.0,0.0,0.0
N=C(N)NCCCC1NC(=O)C(Cc2ccc3ccccc3c2)NC(=O)C(Cc2c[nH]cn2)NC(=O)CCCC(=O)NCCCCC(C(N)=O)NC(=O)C(Cc2c[nH]c3ccccc23)NC1=O,0.0,0.0,0.0,6.66,0.0,0.0,0.0,0.0,0.0,0.0,0.0,0.0,0.0
N=C(N)NCCCC1NC(=O)C(Cc2ccc3ccccc3c2)NC(=O)C(Cc2c[nH]cn2)NC(=O)c2ccccc2C(=O)NCCCCC(C(N)=O)NC(=O)C(Cc2c[nH]c3ccccc23)NC1=O,0.0,0.0,0.0,7.24,0.0,0.0,0.0,0.0,0.0,0.0,0.0,0.0,0.0
N=C(N)NCCCC1NC(=O)C(Cc2ccccc2)NC(=O)C(Cc2c[nH]cn2)NC(=O)CCC(=O)NCCCCC(C(N)=O)NC(=O)C(Cc2c[nH]c3ccccc23)NC1=O,0.0,0.0,0.0,8.24,0.0,0.0,0.0,0.0,0.0,0.0,0.0,0.0,0.0
N=C(N)NCCCC1NC(=O)C(Cc2ccccc2)NC(=O)C(Cc2c[nH]cn2)NC(=O)CCCC(=O)NCCCCC(C(N)=O)NC(=O)C(Cc2c[nH]c3ccccc23)NC1=O,0.0,0.0,0.0,6.17,0.0,0.0,0.0,0.0,0.0,0.0,0.0,0.0,0.0
N=C(N)NCCCC1NC(=O)C(Cc2ccccc2)NC(=O)C(Cc2c[nH]cn2)NC(=O)CCCCCCCNC(=O)C(Cc2c[nH]c3ccccc23)NC1=O,0.0,0.0,0.0,0.0,0.0,5.36,0.0,0.0,0.0,0.0,0.0,0.0,0.0
N=C(N)NCCCC1NC(=O)C(Cc2ccccc2)NC(=O)C(Cc2c[nH]cn2)NC(=O)CCCCCCNC(=O)C(Cc2c[nH]c3ccccc23)NC1=O,0.0,0.0,0.0,0.0,0.0,6.61,0.0,0.0,0.0,0.0,0.0,0.0,0.0
N=C(N)NCCCC1NC(=O)C(Cc2ccccc2)NC(=O)C(Cc2c[nH]cn2)NC(=O)CCCCCNC(=O)C(Cc2c[nH]c3ccccc23)NC1=O,0.0,0.0,0.0,0.0,0.0,6.17,0.0,0.0,0.0,0.0,0.0,0.0,0.0
N=C(N)NCCCC1NC(=O)C(Cc2ccccc2)NC(=O)C(Cc2c[nH]cn2)NC(=O)CCCNC(=O)C(Cc2c[nH]c3ccccc23)NC1=O,0.0,0.0,0.0,0.0,0.0,5.24,0.0,0.0,0.0,0.0,0.0,0.0,0.0
N=C(N)NCCCC1NC(=O)C(Cc2ccccc2)NC(=O)C(Cc2c[nH]cn2)NC(=O)c2ccccc2C(=O)NCCCCC(C(N)=O)NC(=O)C(Cc2c[nH]c3ccccc23)NC1=O,0.0,0.0,0.0,7.24,0.0,0.0,0.0,0.0,0.0,0.0,0.0,0.0,0.0
N=C(N)NCCCC1NC(=O)C(Cc2ccccc2)NC(=O)C2CCCN2C(=O)CCC(=O)NCCCCC(C(N)=O)NC(=O)C(Cc2c[nH]c3ccccc23)NC1=O,0.0,0.0,0.0,6.72,0.0,0.0,0.0,0.0,0.0,0.0,0.0,0.0,0.0
N=C(N)NCCCC1NC(=O)C(Cc2ccccc2)NCC(Cc2c[nH]cn2)NC(=O)CCCCCCCC(=O)C(Cc2c[nH]c3ccccc23)NC1=O,0.0,0.0,0.0,0.0,0.0,6.5,0.0,0.0,0.0,0.0,0.0,0.0,0.0
N=C(N)NCCCCN(Cc1ccc2ccccc2c1)C(=O)CCCc1c[nH]c2ccccc12,0.0,0.0,0.0,0.0,4.02,0.0,0.0,0.0,0.0,0.0,0.0,0.0,0.0
N=C(N)NCCCN(Cc1ccc2ccccc2c1)C(=O)CCCc1c[nH]c2ccccc12,0.0,0.0,0.0,0.0,5.22,0.0,0.0,0.0,0.0,0.0,0.0,0.0,0.0
N=C(N)NCCCN(Cc1ccc2ccccc2c1)C(=O)CCc1c[nH]c2ccccc12,0.0,0.0,0.0,0.0,4.8,0.0,0.0,0.0,0.0,0.0,0.0,0.0,0.0
N=C(N)NCCNC(=O)C1CC(OCc2ccc3ccccc3c2)CN1C(=O)C(Cc1ccccc1)NC(=O)C1CCCCN1,0.0,0.0,0.0,0.0,0.0,5.86,0.0,0.0,0.0,0.0,0.0,0.0,0.0
N=C(N)NCCNC(=O)C1CC(OCc2ccc3ccccc3c2)CN1C(=O)C(Cc1ccccc1)NC(=O)C1CCNCC1,0.0,0.0,0.0,0.0,0.0,5.99,0.0,0.0,0.0,0.0,0.0,0.0,0.0
NC(=O)CC(N)C(=O)NC(Cc1ccccc1)C(=O)N1CC(OCc2ccc3ccccc3c2)CC1CCCN=C(N)N,0.0,0.0,0.0,0.0,0.0,6.73,0.0,0.0,0.0,0.0,0.0,0.0,0.0
NC(C(=O)N1CCN(c2ccccc2CNCCc2cccs2)CC1)c1ccc(Cl)cc1,0.0,0.0,0.0,0.0,0.0,5.75,0.0,0.0,0.0,0.0,0.0,0.0,0.0
NC(C(=O)NC(Cc1ccc(Cl)cc1)C(=O)N1CCN(C2(CNC(=O)Cc3ccccc3)CCCCC2)CC1)c1ccccc1,0.0,0.0,0.0,0.0,0.0,7.1,0.0,0.0,0.0,0.0,0.0,0.0,0.0
NC(CC(=O)N1CCN(c2ccccc2CNCCc2cccs2)CC1)c1ccc(Cl)cc1,0.0,0.0,0.0,0.0,0.0,5.27,0.0,0.0,0.0,0.0,0.0,0.0,0.0
NC(CC(=O)NC(Cc1ccc(Cl)cc1)C(=O)N1CCN(C2(CNC(=O)Cc3ccccc3)CCCCC2)CC1)c1ccccc1,0.0,0.0,0.0,0.0,0.0,7.38,0.0,0.0,0.0,0.0,0.0,0.0,0.0
NC(COCc1ccccc1)c1cc(F)ccc1N1CCN(C(=O)CCc2ccc(Cl)cc2Cl)CC1,0.0,0.0,0.0,0.0,0.0,6.0,0.0,0.0,0.0,0.0,0.0,0.0,0.0
NC(Cc1ccc(Cl)cc1)C(=O)N1CCC(Cn2cncn2)(C2CCCCC2)CC1,0.0,0.0,0.0,0.0,0.0,7.64,0.0,0.0,0.0,0.0,0.0,0.0,0.0
NC(Cc1ccc(Cl)cc1)C(=O)N1CCN(c2ccccc2CNCCc2cccs2)CC1,0.0,0.0,0.0,0.0,0.0,6.22,0.0,0.0,0.0,0.0,0.0,0.0,0.0
NC(Cc1ccc(Cl)cc1Cl)C(=O)N1CCN(c2ccccc2CNCCc2cccs2)CC1,0.0,0.0,0.0,0.0,0.0,7.03,0.0,0.0,0.0,0.0,0.0,0.0,0.0
NC(Cc1ccccc1)C(=O)NC(Cc1ccc(Cl)cc1)C(=O)N1CCN(C2(CNC(=O)Cc3ccccc3)CCCCC2)CC1,0.0,0.0,0.0,0.0,0.0,6.89,0.0,0.0,0.0,0.0,0.0,0.0,0.0
NC(Cc1ccccc1Cl)C(=O)N1CCN(c2ccccc2CNCCc2cccs2)CC1,0.0,0.0,0.0,0.0,0.0,6.0,0.0,0.0,0.0,0.0,0.0,0.0,0.0
NC(Cc1ccncc1)C(=O)NC(Cc1ccc(Cl)cc1)C(=O)N1CCN(C2(CNC(=O)Cc3ccccc3)CCCCC2)CC1,0.0,0.0,0.0,0.0,0.0,6.92,0.0,0.0,0.0,0.0,0.0,0.0,0.0
NC(N)=NCCCC1CC(OCc2ccc3ccccc3c2)CN1C(=O)C(N)Cc1ccccc1,0.0,0.0,0.0,0.0,0.0,6.52,0.0,0.0,0.0,0.0,0.0,0.0,0.0
NC1(C(=O)NC(Cc2ccc(Cl)cc2)C(=O)N2CCN(C3(CNC(=O)Cc4ccccc4)CCCCC3)CC2)CCc2ccccc21,0.0,0.0,0.0,0.0,0.0,6.58,0.0,0.0,0.0,0.0,0.0,0.0,0.0
NC1(C(=O)NC(Cc2ccc(Cl)cc2)C(=O)N2CCN(C3(CNC(=O)Cc4ccccc4)CCCCC3)CC2)CCc2ccccc2C1,0.0,0.0,0.0,0.0,0.0,7.09,0.0,0.0,0.0,0.0,0.0,0.0,0.0
NC1(C(=O)NC(Cc2ccc(Cl)cc2)C(=O)N2CCN(C3(CNC(=O)Cc4ccccc4)CCCCC3)CC2)Cc2ccccc2C1,0.0,0.0,0.0,0.0,0.0,6.85,0.0,0.0,0.0,0.0,0.0,0.0,0.0
NC1(C(=O)NC(Cc2ccc(Cl)cc2)C(=O)N2CCN(c3ccccc3CNCCc3cccs3)CC2)CC1,0.0,0.0,0.0,0.0,0.0,7.34,0.0,0.0,0.0,0.0,0.0,0.0,0.0
NC1CCC(CC2CCC(N(C(=O)CCCc3c[nH]c4ccccc34)C3CCc4ccccc4C3)CC2)CC1,0.0,0.0,0.0,0.0,4.92,0.0,0.0,0.0,0.0,0.0,0.0,0.0,0.0
NC1CCC(CC2CCC(N(CC(Cl)=Cc3ccccc3)C(=O)CCCc3c[nH]c4ccccc34)CC2)CC1,0.0,0.0,0.0,0.0,5.7,0.0,0.0,0.0,0.0,0.0,0.0,0.0,0.0
NC1CCC(CC2CCC(N(CC(Cl)=Cc3ccccc3)C(=O)COc3ccc4ccccc4c3)CC2)CC1,0.0,0.0,0.0,0.0,5.47,0.0,0.0,0.0,0.0,0.0,0.0,0.0,0.0
NC1CCC(CC2CCC(N(CC(Cl)=Cc3ccccc3)C(=O)c3cc4cc(OCc5ccccc5)ccc4[nH]3)CC2)CC1,0.0,0.0,0.0,0.0,5.32,0.0,0.0,0.0,0.0,0.0,0.0,0.0,0.0
NC1CCC(CC2CCC(N(CC=Cc3ccccc3)C(=O)CCCc3c[nH]c4ccccc34)CC2)CC1,0.0,0.0,0.0,0.0,5.04,0.0,0.0,0.0,0.0,0.0,0.0,0.0,0.0
NC1CCC(CC2CCC(N(CCc3c(F)cccc3Cl)C(=O)CCCc3c[nH]c4ccccc34)CC2)CC1,0.0,0.0,0.0,0.0,5.64,0.0,0.0,0.0,0.0,0.0,0.0,0.0,0.0
NC1CCC(CC2CCC(N(Cc3c(Cl)cccc3Cl)C(=O)CCCc3c(Cc4ccc(O)cc4)[nH]c4ccccc34)CC2)CC1,0.0,0.0,0.0,0.0,5.28,0.0,0.0,0.0,0.0,0.0,0.0,0.0,0.0
NC1CCC(CC2CCC(N(Cc3c(Cl)cccc3Cl)C(=O)CCCc3c[nH]c4ccccc34)CC2)CC1,0.0,0.0,0.0,0.0,5.58,0.0,0.0,0.0,0.0,0.0,0.0,0.0,0.0
NC1CCC(CC2CCC(N(Cc3c(F)cccc3Cl)C(=O)CCCc3c(Cc4ccc(O)cc4)[nH]c4ccccc34)CC2)CC1,0.0,0.0,0.0,0.0,5.72,0.0,0.0,0.0,0.0,0.0,0.0,0.0,0.0
NC1CCC(CC2CCC(N(Cc3c(F)cccc3F)C(=O)CCCc3c(Cc4ccc(O)cc4)[nH]c4ccccc34)CC2)CC1,0.0,0.0,0.0,0.0,5.52,0.0,0.0,0.0,0.0,0.0,0.0,0.0,0.0
NC1CCC(CC2CCC(N(Cc3c(F)cccc3F)C(=O)CCCc3c[nH]c4ccccc34)CC2)CC1,0.0,0.0,0.0,0.0,5.52,0.0,0.0,0.0,0.0,0.0,0.0,0.0,0.0
NC1CCC(CC2CCC(N(Cc3ccccc3)C(=O)CCCc3c[nH]c4ccccc34)CC2)CC1,0.0,0.0,0.0,0.0,5.58,0.0,0.0,0.0,0.0,0.0,0.0,0.0,0.0
NC1CCC(CC2CCC(N(Cc3ccccc3Br)C(=O)CCCc3c[nH]c4ccccc34)CC2)CC1,0.0,0.0,0.0,0.0,5.36,0.0,0.0,0.0,0.0,0.0,0.0,0.0,0.0
NC1CCC(CC2CCC(N(Cc3ccccc3Cl)C(=O)CCCc3c(Cc4ccc(O)cc4)[nH]c4ccccc34)CC2)CC1,0.0,0.0,0.0,0.0,4.85,0.0,0.0,0.0,0.0,0.0,0.0,0.0,0.0
NC1CCC(CC2CCC(N(Cc3ccccc3Cl)C(=O)CCCc3c[nH]c4ccccc34)CC2)CC1,0.0,0.0,0.0,0.0,5.55,0.0,0.0,0.0,0.0,0.0,0.0,0.0,0.0
NC1CCC(CC2CCC(N(Cc3ccccc3F)C(=O)CCCc3c(Cc4ccc(O)cc4)[nH]c4ccccc34)CC2)CC1,0.0,0.0,0.0,0.0,5.82,0.0,0.0,0.0,0.0,0.0,0.0,0.0,0.0
NC1CCC(CC2CCC(N(Cc3ccccc3F)C(=O)CCCc3c[nH]c4ccccc34)CC2)CC1,0.0,0.0,0.0,0.0,5.43,0.0,0.0,0.0,0.0,0.0,0.0,0.0,0.0
NC1CCC(CC2CCC(N(Cc3ccccn3)C(=O)CCCc3c[nH]c4ccccc34)CC2)CC1,0.0,0.0,0.0,0.0,5.25,0.0,0.0,0.0,0.0,0.0,0.0,0.0,0.0
NC1CCC(CC2CCC(N(Cc3ccncc3)C(=O)CCCc3c[nH]c4ccccc34)CC2)CC1,0.0,0.0,0.0,0.0,5.25,0.0,0.0,0.0,0.0,0.0,0.0,0.0,0.0
NC1CCC(N(CC(Cl)=Cc2ccccc2)C(=O)CCCc2c[nH]c3ccccc23)CC1,0.0,0.0,0.0,0.0,5.5,0.0,0.0,0.0,0.0,0.0,0.0,0.0,0.0
NC1CCC(N(Cc2ccccc2)C(=O)CCCc2c[nH]c3ccccc23)CC1,0.0,0.0,0.0,0.0,5.08,0.0,0.0,0.0,0.0,0.0,0.0,0.0,0.0
NC1CCC(NC(=O)NC2CCC(N(Cc3ccccc3)C(=O)CCCc3c[nH]c4ccccc34)CC2)CC1,0.0,0.0,0.0,0.0,4.6,0.0,0.0,0.0,0.0,0.0,0.0,0.0,0.0
NC1CCC(NC(=O)NC2CCCC(N(Cc3ccccc3)C(=O)CCCc3c[nH]c4ccccc34)C2)CC1,0.0,0.0,0.0,0.0,5.14,0.0,0.0,0.0,0.0,0.0,0.0,0.0,0.0
NC1CCCC(N(CC(Cl)=Cc2ccccc2)C(=O)CCCc2c[nH]c3ccccc23)C1,0.0,0.0,0.0,0.0,5.68,0.0,0.0,0.0,0.0,0.0,0.0,0.0,0.0
NC1CCCC(N(Cc2ccccc2)C(=O)CCCc2c[nH]c3ccccc23)C1,0.0,0.0,0.0,0.0,5.24,0.0,0.0,0.0,0.0,0.0,0.0,0.0,0.0
NC1CCCC(NC(=O)NC2CCC(N(Cc3ccccc3)C(=O)CCCc3c[nH]c4ccccc34)CC2)C1,0.0,0.0,0.0,0.0,4.96,0.0,0.0,0.0,0.0,0.0,0.0,0.0,0.0
NC1CCCC(NC(=O)NC2CCCC(N(CC(Cl)=Cc3ccccc3)C(=O)CCCc3c[nH]c4ccccc34)C2)C1,0.0,0.0,0.0,0.0,4.75,0.0,0.0,0.0,0.0,0.0,0.0,0.0,0.0
NC1CCCC(NC(=O)NC2CCCC(N(Cc3ccccc3)C(=O)CCCc3c(Cc4ccc(O)cc4)[nH]c4ccccc34)C2)C1,0.0,0.0,0.0,0.0,5.19,0.0,0.0,0.0,0.0,0.0,0.0,0.0,0.0
NC1CCCC(NC(=O)NC2CCCC(N(Cc3ccccc3)C(=O)CCCc3c[nH]c4ccccc34)C2)C1,0.0,0.0,0.0,0.0,5.28,0.0,0.0,0.0,0.0,0.0,0.0,0.0,0.0
NC1CCCCC1NCc1ccccc1N1CCN(C(=O)C(Cc2ccc(Cl)cc2)NC(=O)C2Cc3ccccc3CN2)CC1,0.0,0.0,0.0,0.0,0.0,7.05,0.0,0.0,0.0,0.0,0.0,0.0,0.0
NC1CCc2cccc(N3CCN(C(=O)C(Cc4ccc(Cl)cc4)NC(=O)C4Cc5ccccc5CN4)CC3)c2C1,0.0,0.0,0.0,6.62,0.0,0.0,0.0,0.0,0.0,0.0,0.0,0.0,0.0
NCC(=O)NC(Cc1ccc(Cl)cc1)C(=O)N1CCN(c2ccccc2CNCCc2cccs2)CC1,0.0,0.0,0.0,0.0,0.0,7.36,0.0,0.0,0.0,0.0,0.0,0.0,0.0
NCC(Cc1ccc(Cl)cc1)C(=O)N1CCN(c2ccccc2CNCCc2cccs2)CC1,0.0,0.0,0.0,0.0,0.0,5.19,0.0,0.0,0.0,0.0,0.0,0.0,0.0
NCC1CCC(CN(CC(Cl)=Cc2ccccc2)C(=O)CCCc2c[nH]c3ccccc23)CC1,0.0,0.0,0.0,0.0,5.6,0.0,0.0,0.0,0.0,0.0,0.0,0.0,0.0
NCC1CCC(CN(Cc2ccccc2)C(=O)CCCc2c[nH]c3ccccc23)CC1,0.0,0.0,0.0,0.0,5.36,0.0,0.0,0.0,0.0,0.0,0.0,0.0,0.0
NCC1CCCC(CN(CC(Cl)=Cc2ccccc2)C(=O)CCCc2c[nH]c3ccccc23)C1,0.0,0.0,0.0,0.0,5.43,0.0,0.0,0.0,0.0,0.0,0.0,0.0,0.0
NCC1CCCC(CN(Cc2ccccc2)C(=O)CCCc2c[nH]c3ccccc23)C1,0.0,0.0,0.0,0.0,5.44,0.0,0.0,0.0,0.0,0.0,0.0,0.0,0.0
NCCC(=O)N1CC(C(=O)N2CCN(C3(CNCc4ccccc4)CCCCC3)CC2)C(c2ccc(Cl)cc2)C1,0.0,0.0,0.0,0.0,0.0,6.96,0.0,0.0,0.0,0.0,0.0,0.0,0.0
NCCC(=O)NC(Cc1ccc(Cl)cc1)C(=O)N1CCN(c2ccccc2CNCCc2cccs2)CC1,0.0,0.0,0.0,0.0,0.0,7.68,0.0,0.0,0.0,0.0,0.0,0.0,0.0
NCCC(=O)NC(Cc1ccc(Cl)cc1Cl)C(=O)N1CCN(C2(CN)CCCCC2)CC1,0.0,0.0,0.0,0.0,0.0,6.54,0.0,0.0,0.0,0.0,0.0,0.0,0.0
NCCC(=O)NC(Cc1ccc(Cl)cc1Cl)C(=O)N1CCN(C2(CNC(=O)C(F)(F)F)CCCCC2)CC1,0.0,0.0,0.0,0.0,0.0,6.31,0.0,0.0,0.0,0.0,0.0,0.0,0.0
NCCC(=O)NC(Cc1ccc(Cl)cc1Cl)C(=O)N1CCN(C2(CNC(=O)C3=CNCC=C3)CCCCC2)CC1,0.0,0.0,0.0,0.0,0.0,6.66,0.0,0.0,0.0,0.0,0.0,0.0,0.0
NCCC(=O)NC(Cc1ccc(Cl)cc1Cl)C(=O)N1CCN(C2(CNC(=O)Cc3ccc(Cl)cc3)CCCCC2)CC1,0.0,0.0,0.0,0.0,0.0,7.64,0.0,0.0,0.0,0.0,0.0,0.0,0.0
NCCC(=O)NC(Cc1ccc(Cl)cc1Cl)C(=O)N1CCN(C2(CNC(=O)Cc3ccc(F)cc3)CCCCC2)CC1,0.0,0.0,0.0,0.0,0.0,7.68,0.0,0.0,0.0,0.0,0.0,0.0,0.0
NCCC(=O)NC(Cc1ccc(Cl)cc1Cl)C(=O)N1CCN(C2(CNC(=O)Cc3ccccc3)CCCCC2)CC1,0.0,0.0,0.0,0.0,0.0,8.06,0.0,0.0,0.0,0.0,0.0,0.0,0.0
NCCC(=O)NC(Cc1ccc(Cl)cc1Cl)C(=O)N1CCN(C2(CNC(=O)Cc3cccs3)CCCCC2)CC1,0.0,0.0,0.0,0.0,0.0,8.08,0.0,0.0,0.0,0.0,0.0,0.0,0.0
NCCC(=O)NC(Cc1ccc(Cl)cc1Cl)C(=O)N1CCN(C2(CNC(=O)Nc3ccc(Cl)cc3)CCCCC2)CC1,0.0,0.0,0.0,0.0,0.0,6.38,0.0,0.0,0.0,0.0,0.0,0.0,0.0
NCCC(=O)NC(Cc1ccc(Cl)cc1Cl)C(=O)N1CCN(C2(CNC(=O)Nc3ccc(F)cc3)CCCCC2)CC1,0.0,0.0,0.0,0.0,0.0,6.68,0.0,0.0,0.0,0.0,0.0,0.0,0.0
NCCC(=O)NC(Cc1ccc(Cl)cc1Cl)C(=O)N1CCN(C2(CNC(=O)Nc3ccc([N+](=O)[O-])cc3)CCCCC2)CC1,0.0,0.0,0.0,0.0,0.0,6.27,0.0,0.0,0.0,0.0,0.0,0.0,0.0
NCCC(=O)NC(Cc1ccc(Cl)cc1Cl)C(=O)N1CCN(C2(CNC(=O)c3ccc(Br)cc3)CCCCC2)CC1,0.0,0.0,0.0,0.0,0.0,6.62,0.0,0.0,0.0,0.0,0.0,0.0,0.0
NCCC(=O)NC(Cc1ccc(Cl)cc1Cl)C(=O)N1CCN(C2(CNC(=O)c3ccc(C(F)(F)F)cc3)CCCCC2)CC1,0.0,0.0,0.0,0.0,0.0,6.47,0.0,0.0,0.0,0.0,0.0,0.0,0.0
NCCC(=O)NC(Cc1ccc(Cl)cc1Cl)C(=O)N1CCN(C2(CNC(=O)c3ccc(Cl)cc3)CCCCC2)CC1,0.0,0.0,0.0,0.0,0.0,6.68,0.0,0.0,0.0,0.0,0.0,0.0,0.0
NCCC(=O)NC(Cc1ccc(Cl)cc1Cl)C(=O)N1CCN(C2(CNC(=O)c3ccc(F)cc3)CCCCC2)CC1,0.0,0.0,0.0,0.0,0.0,6.72,0.0,0.0,0.0,0.0,0.0,0.0,0.0
NCCC(=O)NC(Cc1ccc(Cl)cc1Cl)C(=O)N1CCN(C2(CNC(=O)c3ccc(OC(F)(F)F)cc3)CCCCC2)CC1,0.0,0.0,0.0,0.0,0.0,6.4,0.0,0.0,0.0,0.0,0.0,0.0,0.0
NCCC(=O)NC(Cc1ccc(Cl)cc1Cl)C(=O)N1CCN(C2(CNC(=O)c3ccc([N+](=O)[O-])cc3)CCCCC2)CC1,0.0,0.0,0.0,0.0,0.0,6.92,0.0,0.0,0.0,0.0,0.0,0.0,0.0
NCCC(=O)NC(Cc1ccc(Cl)cc1Cl)C(=O)N1CCN(C2(CNC(=O)c3ccccc3)CCCCC2)CC1,0.0,0.0,0.0,0.0,0.0,6.66,0.0,0.0,0.0,0.0,0.0,0.0,0.0
NCCC(=O)NC(Cc1ccc(Cl)cc1Cl)C(=O)N1CCN(C2(CNC(=O)c3ccco3)CCCCC2)CC1,0.0,0.0,0.0,0.0,0.0,6.58,0.0,0.0,0.0,0.0,0.0,0.0,0.0
NCCC(=O)NC(Cc1ccc(Cl)cc1Cl)C(=O)N1CCN(C2(CNC(=O)c3cccs3)CCCCC2)CC1,0.0,0.0,0.0,0.0,0.0,6.64,0.0,0.0,0.0,0.0,0.0,0.0,0.0
NCCC(=O)NC(Cc1ccc(Cl)cc1Cl)C(=O)N1CCN(C2(CNC(=O)c3ccncc3)CCCCC2)CC1,0.0,0.0,0.0,0.0,0.0,6.82,0.0,0.0,0.0,0.0,0.0,0.0,0.0
NCCC(=O)NC(Cc1ccc(Cl)cc1Cl)C(=O)N1CCN(C2(CNCC3=CC=CCN3)CCCCC2)CC1,0.0,0.0,0.0,0.0,0.0,7.44,0.0,0.0,0.0,0.0,0.0,0.0,0.0
NCCC(=O)NC(Cc1ccc(Cl)cc1Cl)C(=O)N1CCN(C2(CNCC3CCCCC3)CCCCC2)CC1,0.0,0.0,0.0,0.0,0.0,6.66,0.0,0.0,0.0,0.0,0.0,0.0,0.0
NCCC(=O)NC(Cc1ccc(Cl)cc1Cl)C(=O)N1CCN(C2(CNCCCc3ccccc3)CCCCC2)CC1,0.0,0.0,0.0,0.0,0.0,7.22,0.0,0.0,0.0,0.0,0.0,0.0,0.0
NCCC(=O)NC(Cc1ccc(Cl)cc1Cl)C(=O)N1CCN(C2(CNCCc3ccccc3)CCCCC2)CC1,0.0,0.0,0.0,0.0,0.0,7.96,0.0,0.0,0.0,0.0,0.0,0.0,0.0
NCCC(=O)NC(Cc1ccc(Cl)cc1Cl)C(=O)N1CCN(C2(CNCc3ccc(C(F)(F)F)cc3)CCCCC2)CC1,0.0,0.0,0.0,0.0,0.0,7.35,0.0,0.0,0.0,0.0,0.0,0.0,0.0
NCCC(=O)NC(Cc1ccc(Cl)cc1Cl)C(=O)N1CCN(C2(CNCc3ccc(F)cc3)CCCCC2)CC1,0.0,0.0,0.0,0.0,0.0,7.21,0.0,0.0,0.0,0.0,0.0,0.0,0.0
NCCC(=O)NC(Cc1ccc(Cl)cc1Cl)C(=O)N1CCN(C2(CNCc3ccc(OC(F)(F)F)cc3)CCCCC2)CC1,0.0,0.0,0.0,0.0,0.0,7.66,0.0,0.0,0.0,0.0,0.0,0.0,0.0
NCCC(=O)NC(Cc1ccc(Cl)cc1Cl)C(=O)N1CCN(C2(CNCc3ccccc3)CCCCC2)CC1,0.0,0.0,0.0,0.0,0.0,7.75,0.0,0.0,0.0,0.0,0.0,0.0,0.0
NCCC(=O)NC(Cc1ccc(Cl)cc1Cl)C(=O)N1CCN(C2(CNCc3ccccc3F)CCCCC2)CC1,0.0,0.0,0.0,0.0,0.0,7.92,0.0,0.0,0.0,0.0,0.0,0.0,0.0
NCCC(=O)NC(Cc1ccc(Cl)cc1Cl)C(=O)N1CCN(C2(CNCc3cccs3)CCCCC2)CC1,0.0,0.0,0.0,0.0,0.0,7.92,0.0,0.0,0.0,0.0,0.0,0.0,0.0
NCCC(=O)NC(Cc1ccc(Cl)cc1Cl)C(=O)N1CCN(C2(CNCc3nccs3)CCCCC2)CC1,0.0,0.0,0.0,0.0,0.0,7.31,0.0,0.0,0.0,0.0,0.0,0.0,0.0
NCCC(=O)NC(Cc1ccc(Cl)cc1Cl)C(=O)N1CCN(c2ccccc2C(O)CCc2ccccc2)CC1,0.0,0.0,0.0,7.5,0.0,0.0,0.0,0.0,0.0,0.0,0.0,0.0,0.0
NCCC(=O)NC(Cc1ccc(Cl)cc1Cl)C(=O)N1CCN(c2ccccc2C(O)Cc2ccccc2)CC1,0.0,0.0,0.0,7.27,0.0,0.0,0.0,0.0,0.0,0.0,0.0,0.0,0.0
NCCC(=O)NC(Cc1ccc(Cl)cc1Cl)C(=O)N1CCN(c2ccccc2CO)CC1,0.0,0.0,0.0,6.06,0.0,0.0,0.0,0.0,0.0,0.0,0.0,0.0,0.0
NCCC(=O)NC(Cc1ccc(Cl)cc1Cl)C(=O)N1CCN(c2ncccc2CNC(=O)Cc2ccc(F)cc2)CC1,0.0,0.0,0.0,0.0,0.0,6.0,0.0,0.0,0.0,0.0,0.0,0.0,0.0
NCCC(=O)NC(Cc1ccc(Cl)cc1Cl)C(=O)N1CCN(c2ncccc2CNC(=O)Cc2ccccc2F)CC1,0.0,0.0,0.0,0.0,0.0,6.35,0.0,0.0,0.0,0.0,0.0,0.0,0.0
NCCC(=O)NC(Cc1ccc(Cl)cc1Cl)C(=O)N1CCN(c2ncccc2CNC(=O)Cc2cccs2)CC1,0.0,0.0,0.0,0.0,0.0,6.51,0.0,0.0,0.0,0.0,0.0,0.0,0.0
NCCC(=O)NC(Cc1ccc(Cl)cc1Cl)C(=O)N1CCN(c2ncccc2CNC(=O)NCc2ccccc2F)CC1,0.0,0.0,0.0,0.0,0.0,6.0,0.0,0.0,0.0,0.0,0.0,0.0,0.0
NCCC(=O)NC(Cc1ccc(Cl)cc1Cl)C(=O)N1CCN(c2ncccc2CNC(=O)NCc2cccs2)CC1,0.0,0.0,0.0,0.0,0.0,6.12,0.0,0.0,0.0,0.0,0.0,0.0,0.0
NCCC(=O)NC(Cc1ccc(Cl)cc1Cl)C(=O)N1CCN(c2ncccc2CNC(=O)Nc2ccccc2)CC1,0.0,0.0,0.0,0.0,0.0,6.15,0.0,0.0,0.0,0.0,0.0,0.0,0.0
NCCC(=O)NC(Cc1ccc(Cl)cc1Cl)C(=O)N1CCN(c2ncccc2CNC(=O)Nc2ccccc2F)CC1,0.0,0.0,0.0,0.0,0.0,5.96,0.0,0.0,0.0,0.0,0.0,0.0,0.0
NCCC(=O)NC(Cc1ccc(Cl)cc1Cl)C(=O)N1CCN(c2ncccc2CNC(=O)OCc2ccccc2)CC1,0.0,0.0,0.0,0.0,0.0,6.36,0.0,0.0,0.0,0.0,0.0,0.0,0.0
NCCC(=O)NC(Cc1ccc(Cl)cc1Cl)C(=O)N1CCN(c2ncccc2CNC(=O)Oc2ccccc2)CC1,0.0,0.0,0.0,0.0,0.0,5.92,0.0,0.0,0.0,0.0,0.0,0.0,0.0
NCCC(=O)NC(Cc1ccc(Cl)cc1Cl)C(=O)N1CCN(c2ncccc2CNC(=O)c2ccc(F)cc2)CC1,0.0,0.0,0.0,0.0,0.0,5.66,0.0,0.0,0.0,0.0,0.0,0.0,0.0
NCCC(=O)NC(Cc1ccc(Cl)cc1Cl)C(=O)N1CCN(c2ncccc2CNC(=O)c2ccccc2)CC1,0.0,0.0,0.0,0.0,0.0,5.75,0.0,0.0,0.0,0.0,0.0,0.0,0.0
NCCC(=O)NC(Cc1ccc(Cl)cc1Cl)C(=O)N1CCN(c2ncccc2CNC(=O)c2ccco2)CC1,0.0,0.0,0.0,0.0,0.0,5.58,0.0,0.0,0.0,0.0,0.0,0.0,0.0
NCCC(=O)NC(Cc1ccc(Cl)cc1Cl)C(=O)N1CCN(c2ncccc2CNC(=O)c2cccs2)CC1,0.0,0.0,0.0,0.0,0.0,5.75,0.0,0.0,0.0,0.0,0.0,0.0,0.0
NCCC(=O)NC(Cc1ccc(Cl)cc1Cl)C(=O)N1CCN(c2ncccc2CNC(CO)CO)CC1,0.0,0.0,0.0,0.0,0.0,5.82,0.0,0.0,0.0,0.0,0.0,0.0,0.0
NCCC(=O)NC(Cc1ccc(Cl)cc1Cl)C(=O)N1CCN(c2ncccc2CNCC(F)(F)F)CC1,0.0,0.0,0.0,0.0,0.0,6.77,0.0,0.0,0.0,0.0,0.0,0.0,0.0
NCCC(=O)NC(Cc1ccc(Cl)cc1Cl)C(=O)N1CCN(c2ncccc2CNCCO)CC1,0.0,0.0,0.0,0.0,0.0,6.28,0.0,0.0,0.0,0.0,0.0,0.0,0.0
NCCC(=O)NC(Cc1ccc(Cl)cc1Cl)C(=O)N1CCN(c2ncccc2CNCCc2ccccc2F)CC1,0.0,0.0,0.0,0.0,0.0,7.92,0.0,0.0,0.0,0.0,0.0,0.0,0.0
NCCC(=O)NC(Cc1ccc(Cl)cc1Cl)C(=O)N1CCN(c2ncccc2CNCCc2cccs2)CC1,0.0,0.0,0.0,0.0,0.0,7.82,0.0,0.0,0.0,0.0,0.0,0.0,0.0
NCCC(=O)NC(Cc1ccc(Cl)cc1Cl)C(=O)N1CCN(c2ncccc2CNCc2ccccc2F)CC1,0.0,0.0,0.0,0.0,0.0,6.89,0.0,0.0,0.0,0.0,0.0,0.0,0.0
NCCC(=O)OC(Cc1ccc(Cl)cc1)C(=O)N1CCN(c2ccccc2CNCCc2cccs2)CC1,0.0,0.0,0.0,0.0,0.0,6.54,0.0,0.0,0.0,0.0,0.0,0.0,0.0
NCCCC(=O)NC(Cc1ccc(Cl)cc1)C(=O)N1CCN(c2ccccc2CNCCc2cccs2)CC1,0.0,0.0,0.0,0.0,0.0,7.85,0.0,0.0,0.0,0.0,0.0,0.0,0.0
NCCCC(=O)NC(Cc1ccc(Cl)cc1Cl)C(=O)N1CCN(c2ccccc2CNCCc2cccs2)CC1,0.0,0.0,0.0,0.0,0.0,8.7,0.0,0.0,0.0,0.0,0.0,0.0,0.0
NCCCCC(NC(=O)C(Cc1c[nH]c2ccccc12)NC(=O)C(CCCN=C(N)N)NC(=O)C(Cc1ccccc1)NC(=O)C(Cc1c[nH]cn1)NC(=O)CCC(=O)O)C(N)=O,0.0,0.0,0.0,6.2,0.0,0.0,0.0,0.0,0.0,0.0,0.0,0.0,0.0
NCCCCCCCCN(CC=Cc1ccccc1)C(=O)CCc1c[nH]c2ccccc12,0.0,0.0,0.0,0.0,4.77,0.0,0.0,0.0,0.0,0.0,0.0,0.0,0.0
NCCCCCCCN(CC(Cl)=Cc1ccccc1)C(=O)CCCc1c[nH]c2ccccc12,0.0,0.0,0.0,0.0,5.13,0.0,0.0,0.0,0.0,0.0,0.0,0.0,0.0
NCCCCCCCN(Cc1ccccc1)C(=O)CCCc1c[nH]c2ccccc12,0.0,0.0,0.0,0.0,5.42,0.0,0.0,0.0,0.0,0.0,0.0,0.0,0.0
NCCCCCCN(CC(Cl)=Cc1ccccc1)C(=O)CCCc1c[nH]c2ccccc12,0.0,0.0,0.0,0.0,5.42,0.0,0.0,0.0,0.0,0.0,0.0,0.0,0.0
NCCCCCCN(Cc1ccccc1)C(=O)CCCc1c(Cc2ccc(O)cc2)[nH]c2ccccc12,0.0,0.0,0.0,0.0,5.43,0.0,0.0,0.0,0.0,0.0,0.0,0.0,0.0
NCCCCCCN(Cc1ccccc1)C(=O)CCCc1c[nH]c2ccccc12,0.0,0.0,0.0,0.0,5.47,0.0,0.0,0.0,0.0,0.0,0.0,0.0,0.0
NCCCCCN(C(=O)CCCc1c[nH]c2ccccc12)C1C2CC3CC(C2)CC1C3,0.0,0.0,0.0,0.0,4.85,0.0,0.0,0.0,0.0,0.0,0.0,0.0,0.0
NCCCCCN(C(=O)COc1ccc2ccccc2c1)C1CCC2(CC=CCC2)CC1,0.0,0.0,0.0,0.0,5.23,0.0,0.0,0.0,0.0,0.0,0.0,0.0,0.0
NCCCCCN(C(=O)Cc1c[nH]c2ccccc12)C1CCCCCC1,0.0,0.0,0.0,0.0,4.8,0.0,0.0,0.0,0.0,0.0,0.0,0.0,0.0
NCCCCCN(C=CCc1ccc2ccccc2c1)C(=O)CCCc1c[nH]c2ccccc12,0.0,0.0,0.0,0.0,5.08,0.0,0.0,0.0,0.0,0.0,0.0,0.0,0.0
NCCCCCN(CC(Cl)=Cc1ccccc1)C(=O)C=Cc1c[nH]c2ccccc12,0.0,0.0,0.0,0.0,4.23,0.0,0.0,0.0,0.0,0.0,0.0,0.0,0.0
NCCCCCN(CC(Cl)=Cc1ccccc1)C(=O)CCCc1c[nH]c2ccccc12,0.0,0.0,0.0,0.0,5.64,0.0,0.0,0.0,0.0,0.0,0.0,0.0,0.0
NCCCCCN(CC=Cc1ccccc1)C(=O)CCCc1c[nH]c2ccccc12,0.0,0.0,0.0,0.0,4.8,0.0,0.0,0.0,0.0,0.0,0.0,0.0,0.0
NCCCCCN(CC=Cc1ccccc1)C(=O)CCc1c(Cc2ccc(O)cc2)[nH]c2ccccc12,0.0,0.0,0.0,0.0,5.15,0.0,0.0,0.0,0.0,0.0,0.0,0.0,0.0
NCCCCCN(CC=Cc1ccccc1)C(=O)CCc1c[nH]c2ccccc12,0.0,0.0,0.0,0.0,5.09,0.0,0.0,0.0,0.0,0.0,0.0,0.0,0.0
NCCCCCN(CCCc1ccccc1)C(=O)Cc1c[nH]c2ccccc12,0.0,0.0,0.0,0.0,4.11,0.0,0.0,0.0,0.0,0.0,0.0,0.0,0.0
NCCCCCN(CCc1ccc2ccccc2c1)C(=O)Cc1c[nH]c2ccccc12,0.0,0.0,0.0,0.0,5.03,0.0,0.0,0.0,0.0,0.0,0.0,0.0,0.0
NCCCCCN(Cc1ccc2c(c1)OCO2)C(=O)CCCc1c[nH]c2ccccc12,0.0,0.0,0.0,0.0,4.92,0.0,0.0,0.0,0.0,0.0,0.0,0.0,0.0
NCCCCCN(Cc1ccc2ccccc2c1)C(=O)CCCc1c[nH]c2ccccc12,0.0,0.0,0.0,0.0,4.92,0.0,0.0,0.0,0.0,0.0,0.0,0.0,0.0
NCCCCCN(Cc1ccc2ccccc2c1)C(=O)CCc1c[nH]c2ccccc12,0.0,0.0,0.0,0.0,4.21,0.0,0.0,0.0,0.0,0.0,0.0,0.0,0.0
NCCCCCN(Cc1ccc2ccccc2c1)C(=O)Cc1c[nH]c2ccccc12,0.0,0.0,0.0,0.0,4.89,0.0,0.0,0.0,0.0,0.0,0.0,0.0,0.0
NCCCCCN(Cc1ccccc1)C(=O)C(N)Cc1c[nH]c2ccccc12,0.0,0.0,0.0,0.0,4.36,0.0,0.0,0.0,0.0,0.0,0.0,0.0,0.0
NCCCCCN(Cc1ccccc1)C(=O)C(N)Cc1ccc(-c2ccccc2)cc1,0.0,0.0,0.0,0.0,4.85,0.0,0.0,0.0,0.0,0.0,0.0,0.0,0.0
NCCCCCN(Cc1ccccc1)C(=O)C(N)Cc1ccc([N+](=O)[O-])cc1,0.0,0.0,0.0,0.0,4.02,0.0,0.0,0.0,0.0,0.0,0.0,0.0,0.0
NCCCCCN(Cc1ccccc1)C(=O)C(N)Cc1ccc2ccccc2c1,0.0,0.0,0.0,0.0,4.89,0.0,0.0,0.0,0.0,0.0,0.0,0.0,0.0
NCCCCCN(Cc1ccccc1)C(=O)CCCc1c(Cc2ccc(O)cc2)[nH]c2ccccc12,0.0,0.0,0.0,0.0,5.3,0.0,0.0,0.0,0.0,0.0,0.0,0.0,0.0
NCCCCCN(Cc1ccccc1)C(=O)CCCc1c[nH]c2ccccc12,0.0,0.0,0.0,0.0,5.19,0.0,0.0,0.0,0.0,0.0,0.0,0.0,0.0
NCCCCN(CC(Cl)=Cc1ccccc1)C(=O)CCCc1c[nH]c2ccccc12,0.0,0.0,0.0,0.0,5.27,0.0,0.0,0.0,0.0,0.0,0.0,0.0,0.0
NCCCCN(CC=Cc1ccccc1)C(=O)CCc1c[nH]c2ccccc12,0.0,0.0,0.0,0.0,4.75,0.0,0.0,0.0,0.0,0.0,0.0,0.0,0.0
NCCCCN(Cc1ccc2ccccc2c1)C(=O)c1c[nH]c2ccccc12,0.0,0.0,0.0,0.0,5.19,0.0,0.0,0.0,0.0,0.0,0.0,0.0,0.0
NCCCCN(Cc1ccccc1)C(=O)CCCc1c(Cc2ccc(O)cc2)[nH]c2ccccc12,0.0,0.0,0.0,0.0,5.21,0.0,0.0,0.0,0.0,0.0,0.0,0.0,0.0
NCCCCN(Cc1ccccc1)C(=O)CCCc1c[nH]c2ccccc12,0.0,0.0,0.0,0.0,4.77,0.0,0.0,0.0,0.0,0.0,0.0,0.0,0.0
NCCCN(C(=O)C=Cc1c[nH]c2ccccc12)C1CCc2ccccc2C1,0.0,0.0,0.0,0.0,4.96,0.0,0.0,0.0,0.0,0.0,0.0,0.0,0.0
NCCCN(C(=O)CCc1c[nH]c2ccccc12)C1CCc2ccccc2C1,0.0,0.0,0.0,0.0,5.16,0.0,0.0,0.0,0.0,0.0,0.0,0.0,0.0
NCCCN(C(=O)Cc1c[nH]c2ccccc12)C1CCc2ccccc2C1,0.0,0.0,0.0,0.0,4.48,0.0,0.0,0.0,0.0,0.0,0.0,0.0,0.0
NCCCN(C(=O)c1c[nH]c2ccccc12)C1CCc2ccccc2C1,0.0,0.0,0.0,0.0,4.13,0.0,0.0,0.0,0.0,0.0,0.0,0.0,0.0
NCCCN(C(=O)c1cc2cc(OCc3ccccc3)ccc2[nH]1)C1CCc2ccccc2C1,0.0,0.0,0.0,0.0,4.68,0.0,0.0,0.0,0.0,0.0,0.0,0.0,0.0
NCCCN(CC(Cl)=Cc1ccccc1)C(=O)C(=O)c1c[nH]c2ccccc12,0.0,0.0,0.0,0.0,5.17,0.0,0.0,0.0,0.0,0.0,0.0,0.0,0.0
NCCCN(CC(Cl)=Cc1ccccc1)C(=O)CCCc1c[nH]c2ccccc12,0.0,0.0,0.0,0.0,5.16,0.0,0.0,0.0,0.0,0.0,0.0,0.0,0.0
NCCCN(CC=Cc1ccccc1)C(=O)C(=O)c1c[nH]c2ccccc12,0.0,0.0,0.0,0.0,5.3,0.0,0.0,0.0,0.0,0.0,0.0,0.0,0.0
NCCCN(CC=Cc1ccccc1)C(=O)CCc1c[nH]c2ccccc12,0.0,0.0,0.0,0.0,4.09,0.0,0.0,0.0,0.0,0.0,0.0,0.0,0.0
NCCCN(CC=Cc1ccccc1)C(=O)Cc1c[nH]c2ccccc12,0.0,0.0,0.0,0.0,4.58,0.0,0.0,0.0,0.0,0.0,0.0,0.0,0.0
NCCCN(CC=Cc1ccccc1)C(=O)Cc1ccc2ccccc2c1,0.0,0.0,0.0,0.0,5.19,0.0,0.0,0.0,0.0,0.0,0.0,0.0,0.0
NCCCN(CC=Cc1ccccc1)C(=O)c1c[nH]c2ccccc12,0.0,0.0,0.0,0.0,4.64,0.0,0.0,0.0,0.0,0.0,0.0,0.0,0.0
NCCCN(CCCc1ccccc1)C(=O)Cc1c[nH]c2ccccc12,0.0,0.0,0.0,0.0,4.5,0.0,0.0,0.0,0.0,0.0,0.0,0.0,0.0
NCCCN(Cc1ccc2ccccc2c1)C(=O)CCCc1c[nH]c2ccccc12,0.0,0.0,0.0,0.0,4.72,0.0,0.0,0.0,0.0,0.0,0.0,0.0,0.0
NCCCN(Cc1ccc2ccccc2c1)C(=O)Cc1ccc2ccccc2c1,0.0,0.0,0.0,0.0,4.8,0.0,0.0,0.0,0.0,0.0,0.0,0.0,0.0
NCCCN(Cc1ccccc1)C(=O)CCCc1c[nH]c2ccccc12,0.0,0.0,0.0,0.0,4.8,0.0,0.0,0.0,0.0,0.0,0.0,0.0,0.0
NCCCN1CCN(CCCN(CC(Cl)=Cc2ccccc2)C(=O)CCCc2c[nH]c3ccccc23)CC1,0.0,0.0,0.0,0.0,5.04,0.0,0.0,0.0,0.0,0.0,0.0,0.0,0.0
NCCCN1CCN(CCCN(Cc2ccccc2)C(=O)CCCc2c[nH]c3ccccc23)CC1,0.0,0.0,0.0,0.0,4.8,0.0,0.0,0.0,0.0,0.0,0.0,0.0,0.0
NCCN(C(=O)C(N)Cc1ccc(Cl)cc1)C1CCC2(CCCCC2)CC1,0.0,0.0,0.0,0.0,5.62,0.0,0.0,0.0,0.0,0.0,0.0,0.0,0.0
NCCN(C(=O)CCCc1c[nH]c2ccccc12)C1CCC2(CCCCC2)CC1,0.0,0.0,0.0,0.0,5.0,0.0,0.0,0.0,0.0,0.0,0.0,0.0,0.0
NCCN(C(=O)COc1ccc2ccccc2c1)C1CCC2(CCCCC2)CC1,0.0,0.0,0.0,0.0,5.31,0.0,0.0,0.0,0.0,0.0,0.0,0.0,0.0
NCCN(C(=O)Cc1c[nH]c2ccccc12)C1CCc2ccccc2C1,0.0,0.0,0.0,0.0,4.38,0.0,0.0,0.0,0.0,0.0,0.0,0.0,0.0
NCCN(C(=O)Cc1ccc2ccccc2c1)C1CCc2ccccc2C1,0.0,0.0,0.0,0.0,4.57,0.0,0.0,0.0,0.0,0.0,0.0,0.0,0.0
NCCN(CC(Cl)=Cc1ccccc1)C(=O)CCCc1c[nH]c2ccccc12,0.0,0.0,0.0,0.0,5.24,0.0,0.0,0.0,0.0,0.0,0.0,0.0,0.0
NCCN(Cc1ccc2ccccc2c1)C(=O)c1c[nH]c2ccccc12,0.0,0.0,0.0,0.0,4.18,0.0,0.0,0.0,0.0,0.0,0.0,0.0,0.0
NCCN(Cc1ccccc1)C(=O)CCCc1c[nH]c2ccccc12,0.0,0.0,0.0,0.0,4.68,0.0,0.0,0.0,0.0,0.0,0.0,0.0,0.0
NCCNC(=O)C1CNCC1C(=O)NC(=O)c1ccccc1,0.0,0.0,0.0,0.0,0.0,5.28,0.0,0.0,0.0,0.0,0.0,0.0,0.0
NCCNC(COCc1ccccc1)c1cc(F)ccc1N1CCN(C(=O)CCc2ccc(Cl)cc2Cl)CC1,0.0,0.0,0.0,0.0,0.0,6.4,0.0,0.0,0.0,0.0,0.0,0.0,0.0
NCCNC(Cc1ccc(Cl)cc1Cl)C(=O)N1CCN(c2ccccc2CNCCc2cccs2)CC1,0.0,0.0,0.0,0.0,0.0,7.75,0.0,0.0,0.0,0.0,0.0,0.0,0.0
NCCNCc1ccccc1N1CCN(C(=O)C(Cc2ccc(Cl)cc2)NC(=O)C2Cc3ccccc3CN2)CC1,0.0,0.0,0.0,0.0,0.0,6.9,0.0,0.0,0.0,0.0,0.0,0.0,0.0
NCc1ccc(CN(CC=Cc2ccccc2)C(=O)CCCc2c[nH]c3ccccc23)cc1,0.0,0.0,0.0,0.0,5.14,0.0,0.0,0.0,0.0,0.0,0.0,0.0,0.0
NCc1ccc(CN(Cc2ccc3ccccc3c2)C(=O)CCCc2c[nH]c3ccccc23)cc1,0.0,0.0,0.0,0.0,4.96,0.0,0.0,0.0,0.0,0.0,0.0,0.0,0.0
NCc1cccc(CN(Cc2ccc3ccccc3c2)C(=O)CCCc2c[nH]c3ccccc23)c1,0.0,0.0,0.0,0.0,5.11,0.0,0.0,0.0,0.0,0.0,0.0,0.0,0.0
NCc1cccc(CN(Cc2ccccc2)C(=O)CCCc2c[nH]c3ccccc23)c1,0.0,0.0,0.0,0.0,4.48,0.0,0.0,0.0,0.0,0.0,0.0,0.0,0.0
O=C(C(Cc1ccc(Cl)cc1)NS(=O)(=O)CC(F)(F)F)N1CCN(c2ccccc2CNCCc2cccs2)CC1,0.0,0.0,0.0,0.0,0.0,6.39,0.0,0.0,0.0,0.0,0.0,0.0,0.0
O=C(C(Cc1ccc(Cl)cc1Cl)NCC1CC1)N1CCN(c2ccccc2CNCCc2cccs2)CC1,0.0,0.0,0.0,0.0,0.0,7.75,0.0,0.0,0.0,0.0,0.0,0.0,0.0
O=C(C(Cc1ccc(Cl)cc1Cl)NCc1ccccc1)N1CCN(c2ccccc2CNCCc2cccs2)CC1,0.0,0.0,0.0,0.0,0.0,7.51,0.0,0.0,0.0,0.0,0.0,0.0,0.0
O=C(C(Cc1ccc(Cl)cc1Cl)NCc1nccs1)N1CCN(c2ccccc2CNCCc2cccs2)CC1,0.0,0.0,0.0,0.0,0.0,7.8,0.0,0.0,0.0,0.0,0.0,0.0,0.0
O=C(C1CCCC1)N1CC(C(=O)N2CCN(C3(CNCc4ccccc4)CCCCC3)CC2)C(c2ccc(Cl)cc2)C1,0.0,0.0,0.0,0.0,0.0,6.75,0.0,0.0,0.0,0.0,0.0,0.0,0.0
O=C(C1CN(C2CCCC2)CC1c1ccc(Cl)cc1)N1CCN(C2(CNCc3ccccc3)CCCCC2)CC1,0.0,0.0,0.0,0.0,0.0,7.77,0.0,0.0,0.0,0.0,0.0,0.0,0.0
O=C(C1CN(C2CCCCC2)CC1c1ccc(Cl)cc1)N1CCN(C2(CNCc3ccccc3)CCCCC2)CC1,0.0,0.0,0.0,0.0,0.0,8.26,0.0,0.0,0.0,0.0,0.0,0.0,0.0
O=C(C1CN(Cc2ccccc2)CC1c1ccc(Cl)cc1)N1CCN(C2(CNCc3ccccc3)CCCCC2)CC1,0.0,0.0,0.0,0.0,0.0,6.85,0.0,0.0,0.0,0.0,0.0,0.0,0.0
O=C(C1CN(Cc2ccccc2)CC1c1ccc(Cl)cc1)N1CCN(C2(CNCc3ccncc3)CCCCC2)CC1,0.0,0.0,0.0,0.0,0.0,6.7,0.0,0.0,0.0,0.0,0.0,0.0,0.0
O=C(C1CNCC1c1ccc(Cl)cc1)N1CCN(C2(CNCc3ccncc3)CCCCC2)CC1,0.0,0.0,0.0,0.0,0.0,5.66,0.0,0.0,0.0,0.0,0.0,0.0,0.0
O=C(CC1CCCN1)NC(Cc1ccc(Cl)cc1)C(=O)N1CCN(c2ccccc2CNCCc2cccs2)CC1,0.0,0.0,0.0,0.0,0.0,7.4,0.0,0.0,0.0,0.0,0.0,0.0,0.0
O=C(CC1Cc2ccccc2N1)NC(Cc1ccc(Cl)cc1)C(=O)N1CCN(C(C2CCCCC2)C2CCCCC2)CC1,0.0,0.0,0.0,0.0,0.0,7.46,0.0,0.0,0.0,0.0,0.0,0.0,0.0
O=C(CC1Cc2ccccc2N1)NC(Cc1ccc(Cl)cc1)C(=O)N1CCN(C(CC2CCCCC2)CC2CCCCC2)CC1,0.0,0.0,0.0,0.0,0.0,6.49,0.0,0.0,0.0,0.0,0.0,0.0,0.0
O=C(CC1Cc2ccccc2N1)NC(Cc1ccc(Cl)cc1)C(=O)N1CCN(C(CC2CCCCC2)CN2CCOCC2)CC1,0.0,0.0,0.0,0.0,0.0,8.0,0.0,0.0,0.0,0.0,0.0,0.0,0.0
O=C(CC1Cc2ccccc2N1)NC(Cc1ccc(Cl)cc1)C(=O)N1CCN(C(CN2C(=O)CCC2=O)C2CCCCC2)CC1,0.0,0.0,0.0,0.0,0.0,8.0,0.0,0.0,0.0,0.0,0.0,0.0,0.0
O=C(CC1Cc2ccccc2N1)NC(Cc1ccc(Cl)cc1)C(=O)N1CCN(C(CNC2CCC2)CC2CCCCC2)CC1,0.0,0.0,0.0,0.0,0.0,7.92,0.0,0.0,0.0,0.0,0.0,0.0,0.0
O=C(CCc1ccc(Cl)cc1)N1CCN(c2ccccc2CNCCc2cccs2)CC1,0.0,0.0,0.0,0.0,0.0,6.0,0.0,0.0,0.0,0.0,0.0,0.0,0.0
O=C(CNC(=O)C1CNCC1C(=O)NCCc1c[nH]c2ccccc12)c1ccccc1,0.0,0.0,0.0,0.0,0.0,5.26,0.0,0.0,0.0,0.0,0.0,0.0,0.0
O=C(Cc1ccccc1)NCC1(N2CCN(C(=O)C(Cc3ccc(Cl)cc3)NC(=O)C3CC3)CC2)CCCCC1,0.0,0.0,0.0,0.0,0.0,6.89,0.0,0.0,0.0,0.0,0.0,0.0,0.0
O=C(Cc1ccccc1)NCC1(N2CCN(C(=O)C(Cc3ccc(Cl)cc3)NC(=O)C3CCC3)CC2)CCCCC1,0.0,0.0,0.0,0.0,0.0,6.85,0.0,0.0,0.0,0.0,0.0,0.0,0.0
O=C(Cc1ccccc1)NCC1(N2CCN(C(=O)C(Cc3ccc(Cl)cc3)NC(=O)C3CCCC3)CC2)CCCCC1,0.0,0.0,0.0,0.0,0.0,6.64,0.0,0.0,0.0,0.0,0.0,0.0,0.0
O=C(Cc1ccccc1)NCC1(N2CCN(C(=O)C(Cc3ccc(Cl)cc3)NC(=O)C3Cc4ccccc4CN3)CC2)CCCCC1,0.0,0.0,0.0,0.0,0.0,7.96,0.0,0.0,0.0,0.0,0.0,0.0,0.0
O=C(Cc1ccccc1)NCC1(N2CCN(C(=O)C(Cc3ccc(Cl)cc3)NC(=O)C3Cc4ccccc4N3)CC2)CCCCC1,0.0,0.0,0.0,0.0,0.0,6.68,0.0,0.0,0.0,0.0,0.0,0.0,0.0
O=C(Cc1ccccc1)NCC1(N2CCN(C(=O)C(Cc3ccc(Cl)cc3)NC(=O)C3NCc4ccccc43)CC2)CCCCC1,0.0,0.0,0.0,0.0,0.0,7.0,0.0,0.0,0.0,0.0,0.0,0.0,0.0
O=C(Cc1ccccc1)NCC1(N2CCN(C(=O)C(Cc3ccc(Cl)cc3)NC(=O)CC3Cc4ccccc4CN3)CC2)CCCCC1,0.0,0.0,0.0,0.0,0.0,7.8,0.0,0.0,0.0,0.0,0.0,0.0,0.0
O=C(Cc1ccccc1)NCC1(N2CCN(C(=O)C(Cc3ccc(Cl)cc3)NC(=O)Cc3ccccc3F)CC2)CCCCC1,0.0,0.0,0.0,0.0,0.0,6.75,0.0,0.0,0.0,0.0,0.0,0.0,0.0
O=C(Cc1ccccc1)NCC1(N2CCN(C(=O)C(Cc3ccc(Cl)cc3)NC(=O)Cc3cccs3)CC2)CCCCC1,0.0,0.0,0.0,0.0,0.0,7.1,0.0,0.0,0.0,0.0,0.0,0.0,0.0
O=C(Cc1ccccc1)NCC1(N2CCN(C(=O)C(Cc3ccc(Cl)cc3)NC(=O)c3ccc(F)cc3)CC2)CCCCC1,0.0,0.0,0.0,0.0,0.0,7.01,0.0,0.0,0.0,0.0,0.0,0.0,0.0
O=C(Cc1ccccc1)NCC1(N2CCN(C(=O)C(Cc3ccc(Cl)cc3)NC(=O)c3ccccc3)CC2)CCCCC1,0.0,0.0,0.0,0.0,0.0,7.08,0.0,0.0,0.0,0.0,0.0,0.0,0.0
O=C(Cc1ccccc1)NCC1(N2CCN(C(=O)C(Cc3ccc(Cl)cc3)NC(=O)c3cccnc3)CC2)CCCCC1,0.0,0.0,0.0,0.0,0.0,7.22,0.0,0.0,0.0,0.0,0.0,0.0,0.0
O=C(Cc1ccccc1)NCC1(N2CCN(C(=O)C(Cc3ccc(Cl)cc3)NC(=O)c3ccco3)CC2)CCCCC1,0.0,0.0,0.0,0.0,0.0,7.0,0.0,0.0,0.0,0.0,0.0,0.0,0.0
O=C(Cc1ccccc1)NCC1(N2CCN(C(=O)C(Cc3ccc(Cl)cc3)NC(=O)c3cnc4ccccc4c3)CC2)CCCCC1,0.0,0.0,0.0,0.0,0.0,7.21,0.0,0.0,0.0,0.0,0.0,0.0,0.0
O=C(NC(Cc1c[nH]c2ccccc12)C(=O)N1CCN(c2ccccc2CNCCc2cccs2)CC1)OCc1ccccc1,0.0,0.0,0.0,0.0,0.0,5.64,0.0,0.0,0.0,0.0,0.0,0.0,0.0
O=C(NC(Cc1c[nH]cn1)C(=O)N1CCN(c2ccccc2CNCCc2cccs2)CC1)OCc1ccccc1,0.0,0.0,0.0,0.0,0.0,5.44,0.0,0.0,0.0,0.0,0.0,0.0,0.0
O=C(NC(Cc1ccc(Cl)cc1)C(=O)N1CCC(Cn2cncn2)(C2CCCCC2)CC1)C1Cc2ccccc2CN1,0.0,0.0,0.0,10.3,0.0,7.48,0.0,0.0,6.19,0.0,0.0,0.0,0.0
O=C(NC(Cc1ccc(Cl)cc1)C(=O)N1CCN(C2(Cn3cncn3)CCCC2)CC1)C1Cc2ccccc2CN1,0.0,0.0,0.0,5.82,0.0,0.0,0.0,0.0,0.0,0.0,0.0,0.0,0.0
O=C(NC(Cc1ccc(Cl)cc1)C(=O)N1CCN(C2(Cn3cncn3)CCCCC2)CC1)C1Cc2ccccc2CN1,0.0,0.0,0.0,6.0,0.0,0.0,0.0,0.0,0.0,0.0,0.0,0.0,0.0
O=C(NC(Cc1ccc(Cl)cc1)C(=O)N1CCN(C2CCCCC2)CC1)C1Cc2ccccc2CN1,0.0,0.0,0.0,5.85,0.0,0.0,0.0,0.0,0.0,0.0,0.0,0.0,0.0
O=C(NC(Cc1ccc(Cl)cc1)C(=O)N1CCN(C2CCCCC2Cn2cncn2)CC1)C1Cc2ccccc2CN1,0.0,0.0,0.0,6.41,0.0,0.0,0.0,0.0,0.0,0.0,0.0,0.0,0.0
O=C(NC(Cc1ccc(Cl)cc1)C(=O)N1CCN(C2CCCCC2n2cncn2)CC1)C1Cc2ccccc2CN1,0.0,0.0,0.0,9.0,0.0,0.0,0.0,0.0,0.0,0.0,0.0,0.0,0.0
O=C(NC(Cc1ccc(Cl)cc1)C(=O)N1CCN(c2cccc3c2CC(NC2CCC2)CC3)CC1)C1Cc2ccccc2CN1,0.0,0.0,0.0,6.85,0.0,0.0,0.0,0.0,0.0,0.0,0.0,0.0,0.0
O=C(NC(Cc1ccc(Cl)cc1)C(=O)N1CCN(c2cccc3c2CC(NC2CO2)CC3)CC1)C1Cc2ccccc2CN1,0.0,0.0,0.0,6.64,0.0,0.0,0.0,0.0,0.0,0.0,0.0,0.0,0.0
O=C(NC(Cc1ccc(Cl)cc1)C(=O)N1CCN(c2cccc3c2CCCC3)CC1)C1Cc2ccccc2CN1,0.0,0.0,0.0,5.38,0.0,0.0,0.0,0.0,0.0,0.0,0.0,0.0,0.0
O=C(NC(Cc1ccc(Cl)cc1)C(=O)N1CCN(c2cccc3c2CN(S(=O)(=O)c2ccccc2)CC3)CC1)C1Cc2ccccc2CN1,0.0,0.0,0.0,5.6,0.0,0.0,0.0,0.0,0.0,0.0,0.0,0.0,0.0
O=C(NC(Cc1ccc(Cl)cc1)C(=O)N1CCN(c2cccc3c2NCC3)CC1)C1Cc2ccccc2CN1,0.0,0.0,0.0,5.68,0.0,0.0,0.0,0.0,0.0,0.0,0.0,0.0,0.0
O=C(NC(Cc1ccc(Cl)cc1)C(=O)N1CCN(c2cccc3c2NCCC3)CC1)C1Cc2ccccc2CN1,0.0,0.0,0.0,5.8,0.0,0.0,0.0,0.0,0.0,0.0,0.0,0.0,0.0
O=C(NC(Cc1ccc(Cl)cc1)C(=O)N1CCN(c2cccc3cc[nH]c23)CC1)C1Cc2ccccc2CN1,0.0,0.0,0.0,5.32,0.0,0.0,0.0,0.0,0.0,0.0,0.0,0.0,0.0
O=C(NC(Cc1ccc(Cl)cc1)C(=O)N1CCN(c2ccccc2)CC1)C1Cc2ccccc2CN1,0.0,0.0,0.0,4.52,0.0,0.0,0.0,0.0,0.0,0.0,0.0,0.0,0.0
O=C(NC(Cc1ccc(Cl)cc1)C(=O)N1CCN(c2ccccc2CN2CCC(N3CCCC3)CC2)CC1)C1Cc2ccccc2CN1,0.0,0.0,0.0,0.0,0.0,7.62,0.0,0.0,0.0,0.0,0.0,0.0,0.0
O=C(NC(Cc1ccc(Cl)cc1)C(=O)N1CCN(c2ccccc2CN2CCCNCC2)CC1)C1Cc2ccccc2CN1,0.0,0.0,0.0,0.0,0.0,7.11,0.0,0.0,0.0,0.0,0.0,0.0,0.0
O=C(NC(Cc1ccc(Cl)cc1)C(=O)N1CCN(c2ccccc2CN2CCN(c3ccccc3)CC2)CC1)C1Cc2ccccc2CN1,0.0,0.0,0.0,0.0,0.0,6.84,0.0,0.0,0.0,0.0,0.0,0.0,0.0
O=C(NC(Cc1ccc(Cl)cc1)C(=O)N1CCN(c2ccccc2CN2CCOCC2)CC1)C1Cc2ccccc2CN1,0.0,0.0,0.0,0.0,0.0,7.28,0.0,0.0,0.0,0.0,0.0,0.0,0.0
O=C(NC(Cc1ccc(Cl)cc1)C(=O)N1CCN(c2ccccc2CNC2CCCC2)CC1)C1Cc2ccccc2CN1,0.0,0.0,0.0,0.0,0.0,7.18,0.0,0.0,0.0,0.0,0.0,0.0,0.0
O=C(NC(Cc1ccc(Cl)cc1)C(=O)N1CCN(c2ccccc2CNCC2CCNCC2)CC1)C1Cc2ccccc2CN1,0.0,0.0,0.0,0.0,0.0,6.99,0.0,0.0,0.0,0.0,0.0,0.0,0.0
O=C(NC(Cc1ccc(Cl)cc1)C(=O)N1CCN(c2ccccc2CNCCCN2CCCC2=O)CC1)C1Cc2ccccc2CN1,0.0,0.0,0.0,0.0,0.0,6.57,0.0,0.0,0.0,0.0,0.0,0.0,0.0
O=C(NC(Cc1ccc(Cl)cc1)C(=O)N1CCN(c2ccccc2CNCCCN2CCCCCC2)CC1)C1Cc2ccccc2CN1,0.0,0.0,0.0,0.0,0.0,6.8,0.0,0.0,0.0,0.0,0.0,0.0,0.0
O=C(NC(Cc1ccc(Cl)cc1)C(=O)N1CCN(c2ccccc2CNCCCO)CC1)C1Cc2ccccc2CN1,0.0,0.0,0.0,0.0,0.0,6.92,0.0,0.0,0.0,0.0,0.0,0.0,0.0
O=C(NC(Cc1ccc(Cl)cc1)C(=O)N1CCN(c2ccccc2CNCCCn2ccnc2)CC1)C1Cc2ccccc2CN1,0.0,0.0,0.0,0.0,0.0,6.43,0.0,0.0,0.0,0.0,0.0,0.0,0.0
O=C(NC(Cc1ccc(Cl)cc1)C(=O)N1CCN(c2ccccc2CNCCN2CCOCC2)CC1)C1Cc2ccccc2CN1,0.0,0.0,0.0,0.0,0.0,6.92,0.0,0.0,0.0,0.0,0.0,0.0,0.0
O=C(NC(Cc1ccc(Cl)cc1)C(=O)N1CCN(c2ccccc2CNCCc2ccc(F)cc2)CC1)C1Cc2ccccc2CN1,0.0,0.0,0.0,0.0,0.0,7.09,0.0,0.0,0.0,0.0,0.0,0.0,0.0
O=C(NC(Cc1ccc(Cl)cc1)C(=O)N1CCN(c2ccccc2CNCCc2cccc(F)c2)CC1)C1Cc2ccccc2CN1,0.0,0.0,0.0,0.0,0.0,7.85,0.0,0.0,0.0,0.0,0.0,0.0,0.0
O=C(NC(Cc1ccc(Cl)cc1)C(=O)N1CCN(c2ccccc2CNCCc2ccccc2F)CC1)C1Cc2ccccc2CN1,0.0,0.0,0.0,0.0,0.0,7.57,0.0,0.0,0.0,0.0,0.0,0.0,0.0
O=C(NC(Cc1ccc(Cl)cc1)C(=O)N1CCN(c2ccccc2CNCCc2cccs2)CC1)C1CCCCN1,0.0,0.0,0.0,0.0,0.0,7.12,0.0,0.0,0.0,0.0,0.0,0.0,0.0
O=C(NC(Cc1ccc(Cl)cc1)C(=O)N1CCN(c2ccccc2CNCCc2cccs2)CC1)C1CCCN1,0.0,0.0,0.0,0.0,0.0,7.3,0.0,0.0,0.0,0.0,0.0,0.0,0.0
O=C(NC(Cc1ccc(Cl)cc1)C(=O)N1CCN(c2ccccc2CNCCc2cccs2)CC1)C1CCCNC1,0.0,0.0,0.0,0.0,0.0,7.82,0.0,0.0,0.0,0.0,0.0,0.0,0.0
O=C(NC(Cc1ccc(Cl)cc1)C(=O)N1CCN(c2ccccc2CNCCc2cccs2)CC1)C1CCN1,0.0,0.0,0.0,0.0,0.0,7.32,0.0,0.0,0.0,0.0,0.0,0.0,0.0
O=C(NC(Cc1ccc(Cl)cc1)C(=O)N1CCN(c2ccccc2CNCCc2cccs2)CC1)C1CCNCC1,0.0,0.0,0.0,0.0,0.0,7.58,0.0,0.0,0.0,0.0,0.0,0.0,0.0
O=C(NC(Cc1ccc(Cl)cc1)C(=O)N1CCN(c2ccccc2CNCCc2cccs2)CC1)C1Cc2ccccc2CN1,0.0,0.0,0.0,7.96,0.0,7.96,0.0,0.0,0.0,0.0,0.0,0.0,0.0
O=C(NC(Cc1ccc(Cl)cc1)C(=O)N1CCN(c2ccccc2CNCCc2cccs2)CC1)c1cccnc1,0.0,0.0,0.0,0.0,0.0,7.39,0.0,0.0,0.0,0.0,0.0,0.0,0.0
O=C(NC(Cc1ccc(Cl)cc1)C(=O)N1CCN(c2ccccc2CNc2ccncc2)CC1)C1Cc2ccccc2CN1,0.0,0.0,0.0,0.0,0.0,7.44,0.0,0.0,0.0,0.0,0.0,0.0,0.0
O=C(NC(Cc1ccc(Cl)cc1)C(=O)N1CCN(c2ccccc2Cn2cncn2)CC1)C1Cc2ccccc2CN1,0.0,0.0,0.0,6.57,0.0,6.57,0.0,0.0,0.0,0.0,0.0,0.0,0.0
O=C(NC(Cc1ccc(Cl)cc1)C(=O)N1CC[N+]([O-])(C2CCCCC2)CC1)C1Cc2ccccc2CN1,0.0,0.0,0.0,4.24,0.0,0.0,0.0,0.0,0.0,0.0,0.0,0.0,0.0
O=C(NC(Cc1ccc(Cl)cc1Cl)C(=O)N1CCN(c2ccccc2CNCCc2cccs2)CC1)N1CCCC1,0.0,0.0,0.0,0.0,0.0,8.82,0.0,0.0,0.0,0.0,0.0,0.0,0.0
O=C(NC(Cc1ccc(Cl)cc1Cl)C(=O)N1CCN(c2ccccc2CNCCc2cccs2)CC1)OCCF,0.0,0.0,0.0,0.0,0.0,8.49,0.0,0.0,0.0,0.0,0.0,0.0,0.0
O=C(NC(Cc1ccc(Cl)cc1Cl)C(=O)N1CCN(c2ccccc2CNCCc2cccs2)CC1)OCc1ccccc1,0.0,0.0,0.0,0.0,0.0,7.64,0.0,0.0,0.0,0.0,0.0,0.0,0.0
O=C(NC(Cc1ccc(Cl)cc1Cl)C(=O)N1CCN(c2ccccc2CNCCc2cccs2)CC1)c1ccccc1,0.0,0.0,0.0,0.0,0.0,8.51,0.0,0.0,0.0,0.0,0.0,0.0,0.0
O=C(NC(Cc1ccc(O)cc1)C(=O)N1CCN(c2ccccc2CNCCc2cccs2)CC1)OCc1ccccc1,0.0,0.0,0.0,0.0,0.0,5.24,0.0,0.0,0.0,0.0,0.0,0.0,0.0
O=C(NC(Cc1cccc2ccccc12)C(=O)N1CCN(c2ccccc2CNCCc2cccs2)CC1)OCc1ccccc1,0.0,0.0,0.0,0.0,0.0,6.38,0.0,0.0,0.0,0.0,0.0,0.0,0.0
O=C(NC(Cc1csc2ccccc12)C(=O)N1CCN(c2ccccc2CNCCc2cccs2)CC1)OCc1ccccc1,0.0,0.0,0.0,0.0,0.0,5.96,0.0,0.0,0.0,0.0,0.0,0.0,0.0
O=C(NC1CC1)NC(Cc1ccc(Cl)cc1Cl)C(=O)N1CCN(c2ccccc2CNCCc2cccs2)CC1,0.0,0.0,0.0,0.0,0.0,8.68,0.0,0.0,0.0,0.0,0.0,0.0,0.0
O=C(NC1CCCC1)NC(Cc1ccc(Cl)cc1Cl)C(=O)N1CCN(c2ccccc2CNCCc2cccs2)CC1,0.0,0.0,0.0,0.0,0.0,8.89,0.0,0.0,0.0,0.0,0.0,0.0,0.0
O=C(NCCCc1ccccc1)C1CNCC1C(=O)NCc1ccc(C(F)(F)F)cc1,0.0,0.0,0.0,0.0,0.0,5.24,0.0,0.0,0.0,0.0,0.0,0.0,0.0
O=C(NCCO)NC(Cc1ccc(Cl)cc1Cl)C(=O)N1CCN(c2ccccc2CNCCc2cccs2)CC1,0.0,0.0,0.0,0.0,0.0,8.54,0.0,0.0,0.0,0.0,0.0,0.0,0.0
O=C(NCCc1c[nH]c2ccccc12)C1CNCC1C(=O)NCc1ccccc1,0.0,0.0,0.0,0.0,0.0,5.26,0.0,0.0,0.0,0.0,0.0,0.0,0.0
O=C(NCCc1ccc(Cl)cc1)C1CN(CC2CC2)CC1C(=O)NC1CCN(Cc2ccccc2)C1,0.0,0.0,0.0,0.0,0.0,6.42,0.0,0.0,0.0,0.0,0.0,0.0,0.0
O=C(NCCc1ccc(Cl)cc1Cl)c1ccc(NC(=NC2CCCCC2)N2CCNCC2)cc1,0.0,0.0,0.0,6.19,0.0,0.0,0.0,0.0,0.0,0.0,0.0,0.0,0.0
O=C(NCCc1ccc(Cl)cc1Cl)c1ccc(NC(=NC2CCNC2)NC2CCCCC2)cc1,0.0,0.0,0.0,5.82,0.0,0.0,0.0,0.0,0.0,0.0,0.0,0.0,0.0
O=C(NCCc1cccc(Cl)c1)C1CN(CC2CC2)CC1C(=O)NC1CCN(Cc2ccccc2)C1,0.0,0.0,0.0,0.0,0.0,6.17,0.0,0.0,0.0,0.0,0.0,0.0,0.0
O=C(NCCc1cccc(F)c1)C1CN(CC2CC2)CC1C(=O)NC1CCN(Cc2ccccc2)C1,0.0,0.0,0.0,0.0,0.0,5.75,0.0,0.0,0.0,0.0,0.0,0.0,0.0
O=C(NCCc1ccccc1)C1CN(CC2CC2)CC1C(=O)NC1CCN(Cc2ccccc2)C1,0.0,0.0,0.0,0.0,0.0,5.58,0.0,0.0,0.0,0.0,0.0,0.0,0.0
O=C(NCCc1ccccc1)C1CN(CCO)CC1C(=O)NC1CCN(Cc2ccccc2)C1,0.0,0.0,0.0,0.0,0.0,5.21,0.0,0.0,0.0,0.0,0.0,0.0,0.0
O=C(NCCc1ccccc1)C1CN(CCOc2ccccc2)CC1C(=O)NC1CCN(Cc2ccccc2)C1,0.0,0.0,0.0,0.0,0.0,6.0,0.0,0.0,0.0,0.0,0.0,0.0,0.0
O=C(NCCc1ccccc1)C1CNCC1C(=O)NCc1ccccc1,0.0,0.0,0.0,0.0,0.0,6.0,0.0,0.0,0.0,0.0,0.0,0.0,0.0
O=C(NCc1cccc(Cl)c1)C1CN(CC2CC2)CC1C(=O)NC1CCN(Cc2ccccc2)C1,0.0,0.0,0.0,0.0,0.0,6.4,0.0,0.0,0.0,0.0,0.0,0.0,0.0
O=C(NCc1ccccc1)C1CNCC1C(=O)NCc1ccccc1,0.0,0.0,0.0,0.0,0.0,6.05,0.0,0.0,0.0,0.0,0.0,0.0,0.0
O=C(NCc1ccccc1)C1CNCC1C(=O)Nc1cccc(-c2ccccc2)c1,0.0,0.0,0.0,0.0,0.0,5.18,0.0,0.0,0.0,0.0,0.0,0.0,0.0
O=C(NCc1ccccc1F)NC(Cc1ccc(Cl)cc1Cl)C(=O)N1CCN(c2ccccc2CNCCc2cccs2)CC1,0.0,0.0,0.0,0.0,0.0,8.3,0.0,0.0,0.0,0.0,0.0,0.0,0.0
[N-]=[N+]=NCCCCCC(=O)NC(Cc1cnc[nH]1)C(=O)NC(Cc1ccccc1)C(=O)NC(CCCNC(=N)N)C(=O)NC(Cc1c[nH]c2ccccc12)C(N)=O,0.0,0.0,0.0,0.0,0.0,5.89,0.0,0.0,0.0,0.0,0.0,0.0,0.0
