smiles,pchembl_value
O=C1NCN(c2cccc(F)c2)C12CCN(C1Cc3cccc4cccc1c34)CC2,7.9
Cc1cccc(N2CNC(=O)C23CCN(C2Cc4cccc5cccc2c45)CC3)c1,7.7
O=C1NCN(c2cccc(Br)c2)C12CCN(C1Cc3cccc4cccc1c34)CC2,7.1
Cc1ccc(N2CNC(=O)C23CCN(C2Cc4cccc5cccc2c45)CC3)cc1,6.7
O=C1NCN(c2ccc(F)cc2)C12CCN(C1Cc3cccc4cccc1c34)CC2,7.2
CNC(c1cccc(O)c1)C(C)(C)C(=O)NCCCc1ccccc1,8.44
CNC(c1cccc(O)c1)C(C)(C)C(=O)NCCc1ccccc1,8.2
CNC(c1ccccc1)C(C)(C)C(=O)NCC1CCCCC1,8.92
CNC(c1cccc(O)c1)C(C)(C)C(=O)NCC1CC1,7.12
CCCCN(C)C(c1cccc(O)c1)C(C)(C)C(=O)NCCc1ccccc1,7.12
CNC(c1ccccc1)C(C)(C)C(=O)NCCc1ccccc1,7.31
CNC(c1ccccc1)C(C)(C)C(=O)NCc1ccccc1,6.33
CC(C)=CCC12Cc3c([nH]c4ccccc34)C3(C)Oc4c(O)ccc5c4C31CCN(C)C2C5,6.36
CN1CCC23c4c5ccc(O)c4OC2(C)c2[nH]c4ccccc4c2CC3(CC=Cc2ccccc2)C1C5,7.03
COc1ccc2c(c1O)C13CCN(C)C(C2)C12CC(=C(C)c1ccccc1)C3c1[nH]c3ccccc3c1C2,9.21
CC=C1CC23Cc4c([nH]c5ccccc45)C1C21CCN(C)C3Cc2ccc(OC)c(O)c21,6.62
COc1ccc2c(c1O)C13CCN(C)C(C2)C12CC(=Cc1ccccc1)C3c1[nH]c3ccccc3c1C2,7.46
CCCCS(=O)(=O)NCc1ccc(CC(=O)N(C)C(CN2CCC(O)C2)c2ccccc2)cc1,9.1
CNC(=O)NCc1ccc(CC(=O)N(C)C(CN2CCCC2)c2ccccc2)cc1,8.21
CCCS(=O)(=O)NCc1ccc(CC(=O)N(C)C(CN2CCC(O)C2)c2ccccc2)cc1,8.89
CC(=O)NCc1ccccc1CC(=O)N(C)C(CN1CCCC1)c1ccccc1,8.72
CN(C(=O)Cc1ccc(CNS(=O)(=O)c2ccc(F)cc2)cc1)C(CN1CCC(O)C1)c1ccccc1,8.23
CN(C(=O)Cc1ccc(CNS(=O)(=O)c2ccccc2)cc1)C(CN1CCC(O)C1)c1ccccc1,8.23
CN(C(=O)Cc1ccc(CN)cc1)C(CN1CCCC1)c1ccccc1,7.24
CN(C(=O)Cc1ccc(CCCNS(C)(=O)=O)cc1)C(CN1CCC(O)C1)c1ccccc1,8.77
CCS(=O)(=O)NCc1ccc(CC(=O)N(C)C(CN2CCC(O)C2)c2ccccc2)cc1,8.89
CN(C(=O)Cc1ccc(CNS(C)(=O)=O)cc1)C(CN1CCCC1)c1ccccc1,8.54
Cc1ccc(S(=O)(=O)NCc2ccc(CC(=O)N(C)C(CN3CCC(O)C3)c3ccccc3)cc2)cc1,8.77
CN(C(=O)Cc1ccc(Cl)c(Cl)c1)C(CN1CCCC1)c1ccccc1,10.4
CN(C(=O)Cc1ccccc1CNS(C)(=O)=O)C(CN1CCCC1)c1ccccc1,7.92
CN(C(=O)Cc1ccc(NS(C)(=O)=O)cc1)C(CN1CCC(O)C1)c1ccccc1,9.4
CN(C(=O)Cc1ccc(CCNS(C)(=O)=O)cc1)C(CN1CCC(O)C1)c1ccccc1,8.55
CN(C(=O)Cc1ccccc1)C(CN1CCCC1)c1ccccc1,8.24
CN(C(=O)Cc1cccc(CN)c1)C(CN1CCCC1)c1ccccc1,8.06
CC(C)S(=O)(=O)NCc1ccc(CC(=O)N(C)C(CN2CCC(O)C2)c2ccccc2)cc1,8.57
CN(C(=O)Cc1ccc(CNS(=O)(=O)Cc2cccs2)cc1)C(CN1CCC(O)C1)c1ccccc1,8.55
CC(=O)NCc1cccc(CC(=O)N(C)C(CN2CCCC2)c2ccccc2)c1,7.64
CN(C(=O)Cc1ccccc1CN)C(CN1CCCC1)c1ccccc1,8.0
CN(C(=O)Cc1cccc(CNS(C)(=O)=O)c1)C(CN1CCCC1)c1ccccc1,8.0
CN(C(=O)Cc1ccc(CNS(C)(=O)=O)cc1)C(CN1CCC(O)C1)c1ccccc1,9.22
CN(C(=O)Cc1ccc(C(F)(F)F)cc1)C(CN1CCCC1)c1cccc(N(CC(=O)O)CC(=O)O)c1,5.64
CN(C(=O)Cc1ccc(C(F)(F)F)cc1)C(CN1CCCC1)c1cccc(NS(C)(=O)=O)c1,9.44
CN(C(=O)Cc1ccc(C(F)(F)F)cc1)C(CN1CCCC1)c1ccccc1,10.24
CN(C(=O)Cc1ccc(Cl)c(Cl)c1)C(CN1CCCC1)c1cccc(OCC(=O)O)c1,8.57
CN(C(=O)Cc1ccc(C(F)(F)F)cc1)C(CN1CCCC1)c1cccc(N)c1,9.51
CN(C(=O)Cc1ccc(C(F)(F)F)cc1)C(CN1CCCC1)c1cccc([N+](=O)[O-])c1,9.2
CN(C(=O)Cc1ccc(C(F)(F)F)cc1)C(CN1CCCC1)c1cccc(O)c1,9.36
CN(C(=O)Cc1ccc(C(F)(F)F)cc1)C(CN1CCCC1)c1cccc(NC(=O)CCC(=O)O)c1,8.02
CN(C(=O)Cc1ccc(C(F)(F)F)cc1)C(CN1CCCC1)c1cccc(OCC(=O)O)c1,8.43
CN(C(=O)Cc1ccc(C(F)(F)F)cc1)C(CN1CCCC1)c1cccc(OCC(=O)OC(C)(C)C)c1,8.54
CN(C(=O)Cc1ccc(C(F)(F)F)cc1)C(CN1CCCC1)c1cccc(NS(N)(=O)=O)c1,9.32
NC(=O)c1ccc2c3c1OC1C(=O)CCC4(O)C(C2)N(CC2CC2)CCC314,7.96
O=C1CCC2(O)C3Cc4ccc(O)c(O)c4C2(CCN3CC2CC2)C1,8.66
Oc1ccc2c3c1OC1c4c(c5c(n4Cc4ccccc4)C4Oc6c(O)ccc7c6C46CCN(CC4CC4)C(C7)C6(O)C5)CC4(O)C(C2)N(CC2CC2)CCC314,9.15
CN1CCC23c4c5ccc(O)c4OC2c2[nH]c4c(c2CC3(O)C1C5)CC1(O)C2Cc3ccc(O)c5c3C1(CCN2C)C4O5,8.11
CC1c2c(c3c(n2Cc2ccccc2)C2Oc4c(O)ccc5c4C24CCN(C)C(C5)C4(O)C3)CC2(O)C3Cc4ccc(O)c(O)c4C12CCN3C,7.6
COC1Cc2ccc(O)cc2C(C)(C)C1N,6.83
CC1(C)c2cc(O)ccc2CCC1NCC=Cc1ccccc1,7.08
CC1(C)c2cc(O)ccc2CCC1N(CC=Cc1ccccc1)CC=Cc1ccccc1,5.9
CN(CC1CC1)C1CCc2ccc(O)cc2C1(C)C,6.84
CC1(C)c2cc(O)ccc2CCC1NCC1CC1,6.63
C=CCNC1CCc2ccc(O)cc2C1(C)C,7.2
CCCN(CCC)C1CCc2ccc(O)cc2C1(C)C,6.26
CN(C)C1CCc2ccc(O)cc2C1(C)C,6.48
COC1Cc2ccc(O)cc2C(C)(C)C1NCC=Cc1ccccc1,8.12
CCCNC1CCc2ccc(O)cc2C1(C)C,6.6
C=CCN(CC=C)C1CCc2ccc(O)cc2C1(C)C,7.25
C=CCN(C)C1CCc2ccc(O)cc2C1(C)C,6.58
COC(=O)C1CC(OS(C)(=O)=O)C(=O)C2C1(C)CCC1C(=O)OC(c3ccoc3)CC12C,8.64
COC(=O)C1CC(OC(C)=O)C(OC(C)=O)C2C1(C)CCC1C(=O)OC(c3ccoc3)CC12C,6.19
COC(=O)C1CC(OC(=N)C(Cl)(Cl)Cl)C(=O)C2C1(C)CCC1C(=O)OC(c3ccoc3)CC12C,7.19
COC(=O)C1CC(OC(=O)Nc2ccccc2)C(=O)C2C1(C)CCC1C(=O)OC(c3ccoc3)CC12C,7.03
COC(=O)C1CC(OC(=O)c2ccccc2)C(=O)C2C1(C)CCC1C(=O)OC(c3ccoc3)CC12C,7.05
COC(=O)C1CC(O[Si](C)(C)C)C(=O)C2C1(C)CCC1C(=O)OC(c3ccoc3)CC12C,5.79
C=C(C)C(=O)OC1CC(C(=O)OC)C2(C)CCC3C(=O)OC(c4ccoc4)CC3(C)C2C1=O,7.38
COC(=O)C1CC(OC(=O)C(C)C)C(=O)C2C1(C)CCC1C(=O)OC(c3ccoc3)CC12C,7.72
CCC(=O)OC1CC(C(=O)OC)C2(C)CCC3C(=O)OC(c4ccoc4)CC3(C)C2C1=O,8.74
COC(=O)C(=O)OC1CC(C(=O)OC)C2(C)CCC3C(=O)OC(c4ccoc4)CC3(C)C2C1=O,6.37
CN(CC(=O)N(C)C(CN1CCC(O)C1)c1ccccc1)C(=O)c1ccc(Cl)c(Cl)c1,7.7
CN(C(=O)C(NC(=O)c1ccccc1)c1ccccc1)C(CN1CCCC1)c1ccccc1,7.0
CN(C(=O)CNC(=O)Cc1ccccc1)C(CN1CCCC1)c1ccccc1,7.79
CN(C(=O)CNC(=O)c1ccc2c(c1)no[n+]2[O-])C(CN1CCCC1)c1ccccc1,8.34
CN(C(=O)C(NC(=O)OCc1ccccc1)c1ccccc1)C(CN1CCCC1)c1ccccc1,6.86
CN(C(=O)CNC(=O)c1ccc(Cl)c(Cl)c1)C(CN1CCC(O)C1)c1ccccc1,9.08
CN(C(=O)C(Cc1ccccc1)NC(=O)OCc1ccccc1)C(CN1CCCC1)c1ccccc1,6.82
CN(C(=O)C(NC=O)c1ccccc1)C(CN1CCCC1)c1ccccc1,6.59
COc1ccccc1C(=O)NCC(=O)N(C)C(CN1CCC(O)C1)c1ccccc1,8.7
CN(C(=O)CNC(=O)OCc1ccccc1)C(CN1CCCC1)c1ccccc1,7.08
COc1ccc(C(=O)NCC(=O)N(C)C(CN2CCC(O)C2)c2ccccc2)cc1,7.32
CN(C(=O)CNC(=O)c1ccccc1)C(CN1CCCC1)c1ccccc1,8.17
CN(C(=O)CNC(=O)c1ccc(Cl)c(Cl)c1)C(CN1CCCC1)c1ccccc1,8.44
COC(=O)NC(C(=O)N(C)C(CN1CCCC1)c1ccccc1)c1ccccc1,6.75
CCNC(=O)OC1CC(C(=O)OC)C2(C)CCC3C(=O)OC(c4ccoc4)CC3(C)C2C1=O,6.33
COC(=O)C1CC(O)C(=O)C2C1(C)CCC1C(=O)OC(c3ccoc3)CC12C,6.81
COC(=O)C1CC(OC)C(=O)C2C1(C)CCC1C(=O)OC(c3ccoc3)CC12C,6.66
CCNC1CC(C(=O)OC)C2(C)CCC3C(=O)OC(c4ccoc4)CC3(C)C2C1=O,7.54
C=CCOC1CC(C(=O)OC)C2(C)CCC3C(=O)OC(c4ccoc4)CC3(C)C2C1=O,7.22
COC(=O)C1CC(N(C)C)C(=O)C2C1(C)CCC1C(=O)OC(c3ccoc3)CC12C,7.04
CCCOC1CC(C(=O)OC)C2(C)CCC3C(=O)OC(c4ccoc4)CC3(C)C2C1=O,7.54
CCCCOC1CC(C(=O)OC)C2(C)CCC3C(=O)OC(c4ccoc4)CC3(C)C2C1=O,7.45
CCCC(=O)OC1CC(C(=O)OC)C2(C)CCC3C(=O)OC(c4ccoc4)CC3(C)C2C1=O,8.31
CCOC1CC(C(=O)OC)C2(C)CCC3C(=O)OC(c4ccoc4)CC3(C)C2C1=O,8.1
CNC(=O)OC1CC(C(=O)OC)C2(C)CCC3C(=O)OC(c4ccoc4)CC3(C)C2C1=O,7.08
COC(=O)C1CC(OC(N)=O)C(=O)C2C1(C)CCC1C(=O)OC(c3ccoc3)CC12C,8.49
COC(=O)C1CC(OCc2ccccc2)C(=O)C2C1(C)CCC1C(=O)OC(c3ccoc3)CC12C,7.12
CC(=O)N(CC(=O)N(C)C(CN1CCC(O)C1)c1ccccc1)c1ccccc1,8.42
CN(C(=O)CNc1cccc(CNS(C)(=O)=O)c1)C(CN1CCC(O)C1)c1ccccc1,8.41
CN(C(=O)CNc1ccccc1CNS(C)(=O)=O)C(CN1CCC(O)C1)c1ccccc1,9.11
CN(C(=O)CNc1ccc(C#N)cc1)C(CN1CCC(O)C1)c1ccccc1,9.18
CN(CC(=O)N(C)C(CN1CCC(O)C1)c1ccccc1)c1ccc(C#N)cc1,9.0
CN(C(=O)CNc1ccccc1C#N)C(CN1CCC(O)C1)c1ccccc1,9.41
CN(CC(=O)N(C)C(CN1CCC(O)C1)c1ccccc1)c1ccccc1,9.49
CN(C(=O)CNc1ccc(Cl)c(Cl)c1)C(CN1CCC(O)C1)c1ccccc1,9.96
CN(C(=O)CNc1ccc(C(F)(F)F)cc1)C(CN1CCC(O)C1)c1ccccc1,9.41
CN(C(=O)CNc1ccc(NS(C)(=O)=O)cc1)C(CN1CCC(O)C1)c1ccccc1,8.24
CN(C(=O)CNc1ccc(CNS(C)(=O)=O)cc1)C(CN1CCC(O)C1)c1ccccc1,7.8
CN(C(=O)CNc1cccc(C#N)c1)C(CN1CCC(O)C1)c1ccccc1,9.3
CN(C(=O)CNc1ccc([N+](=O)[O-])cc1)C(CN1CCC(O)C1)c1ccccc1,9.68
CCCS(=O)(=O)Nc1ccc(NCC(=O)N(C)C(CN2CCC(O)C2)c2ccccc2)cc1,8.82
CC(C)C1CCC(N2CCC3(CC2)C2CNCC2CN3c2ccccc2)CC1,6.59
CC(C)C1CCC(N2CCC3(CC2)C2CN(c4ccccc4)CC2CN3c2ccccc2)CC1,6.29
CC(C)C1CCC(N2CCC3(CC2)C2CN(C)CC2CN3c2ccccc2)CC1,6.55
CN1CC2CN(c3ccccc3)C3(CCN(C4CCC5CCCCC5C4)CC3)C2C1,6.88
CC(C)C1CCC(N2CCC3(CC2)C2CN(CCN4CCOCC4)CC2CN3c2ccccc2)CC1,6.83
CN1CC2CN(c3ccccc3)C3(CCN(C4CCCCCCCCC4)CC3)C2C1,7.57
CC(C)C1CCC(N2CCC3(CC2)C2CN(CCO)CC2CN3c2ccccc2)CC1,6.88
CN1CC2CN(c3ccccc3)C3(CCN(C4CCCCCCCC4)CC3)C2C1,7.25
O=C(C=CC(=O)Nc1ccc2c(c1)C13CCCCC1C(C2)N(CC1CCC1)CC3)Nc1ccc2c(c1)C13CCCCC1C(C2)N(CC1CCC1)CC3,8.14
O=C(CCCCCCCCC(=O)Nc1ccc2c(c1)C13CCCCC1C(C2)N(CC1CCC1)CC3)Nc1ccc2c(c1)C13CCCCC1C(C2)N(CC1CCC1)CC3,8.12
O=C(CCCCCCCCC(=O)Oc1ccc2c(c1)C13CCCCC1C(C2)N(CC1CCC1)CC3)Oc1ccccc1,9.52
O=C(CCCCCCCCC(=O)Oc1ccc2c(c1)C13CCCCC1C(C2)N(CC1CCC1)CC3)Oc1ccc2c(c1)C13CCCCC1C(C2)N(CC1CCC1)CC3,10.31
O=C(C=CC=CC(=O)Oc1ccc2c(c1)C13CCCCC1C(C2)N(CC1CCC1)CC3)Oc1ccc2c(c1)C13CCCCC1C(C2)N(CC1CCC1)CC3,9.21
C#CCN1CCC23CCCCC2C1Cc1ccc(OC(=O)CCCCCCCCC(=O)Oc2ccc4c(c2)C25CCCCC2C(C4)N(CC#C)CC5)cc13,8.0
CN1CCC23c4c5ccc(O)c4OC2C(O)C=CC3C1C5,7.62
O=C(CCCCCCCCC(=O)Oc1ccc2c(c1)C13CCCCC1C(C2)N(CC1CC1)CC3)Oc1ccc2c(c1)C13CCCCC1C(C2)N(CC1CCC1)CC3,9.64
Oc1ccc2c(c1)C13CCCCC1C(C2)N(CC1CCC1)CC3,10.1
O=C(CCCCCCCCC(=O)Oc1ccc2c(c1)C13CCCCC1C(C2)N(CC1CCC1)CC3)Nc1ccc2c(c1)C13CCCCC1C(C2)N(CC1CCC1)CC3,9.42
Oc1ccc2c(c1)C13CCCCC1C(C2)N(CC1CCCO1)CC3,9.82
Nc1ccc2c(c1)C13CCCCC1C(C2)N(CC1CCC1)CC3,8.74
CN1CCC23CCCCC2C1Cc1ccc(O)cc13,8.64
O=C(CCC(=O)Nc1ccc2c(c1)C13CCCCC1C(C2)N(CC1CCC1)CC3)Nc1ccc2c(c1)C13CCCCC1C(C2)N(CC1CCC1)CC3,8.42
CN1CCC23c4c5ccc(OC(=O)CCCCCCCCC(=O)Oc6ccc7c(c6)C68CCCCC6C(C7)N(CC6CCC6)CC8)c4OC2C(O)C=CC3C1C5,9.96
O=C(C=CC(=O)Oc1ccc2c(c1)C13CCCCC1C(C2)N(CC1CCC1)CC3)Oc1ccc2c(c1)C13CCCCC1C(C2)N(CC1CCC1)CC3,10.1
O=C(Nc1ccccc1)N1CCC(c2ccccc2)(c2nccn2Cc2ccccn2)CC1,7.34
O=S(=O)(Nc1ccccc1)N1CCC(c2ccccc2)(c2nccn2Cc2ccccc2)CC1,6.46
CCNC(=O)N1CCC(c2ccccc2)(c2nccn2Cc2ccccc2)CC1,6.62
O=C(Nc1ccccc1)N1CCC(c2ccccc2)(c2nccn2Cc2ccc(F)cc2)CC1,5.67
CS(=O)(=O)N1CCC(c2ccccc2)(c2nccn2Cc2ccccc2)CC1,5.7
CN1CCN(C(=O)N2CCC(c3ccccc3)(c3nccn3Cc3ccccc3)CC2)CC1,6.07
NC(=O)N1CCC(c2ccccc2)(c2nccn2Cc2ccccc2)CC1,6.48
COc1cccc(NC(=O)N2CCC(c3ccccc3)(c3nccn3Cc3ccccc3)CC2)c1,6.82
O=C(Nc1ccccc1F)N1CCC(c2ccccc2)(c2nccn2Cc2ccccc2)CC1,6.5
COc1ccccc1NC(=O)N1CCC(c2ccccc2)(c2nccn2Cc2ccccc2)CC1,6.11
COc1cccc(Cn2ccnc2C2(c3ccccc3)CCN(C(=O)Nc3ccccc3)CC2)c1,5.69
O=C(Nc1ccccc1)N1CCC(c2ccccc2)(c2nccn2C(=O)c2ccccc2)CC1,5.93
O=C(Nc1ccccc1)N1CCC(c2ccccc2)(c2nccn2Cc2ccccc2F)CC1,6.94
O=C(Nc1ccccc1)N1CCC(c2ccccc2)(c2nccn2Cc2ccccc2)CC1,6.9
c1ccc(Cn2ccnc2C2(c3ccccc3)CCN(c3nccs3)CC2)cc1,5.6
c1ccc(Cn2ccnc2C2(c3ccccc3)CCN(c3ncccn3)CC2)cc1,6.3
CN(C(=O)N1CCC(c2ccccc2)(c2nccn2Cc2ccccc2)CC1)c1ccccc1,6.4
CNS(=O)(=O)c1ccc2c(c1)CC(C(=O)N(C)C(CN1CCC(O)C1)c1ccccc1)O2,7.61
CCCS(=O)(=O)Nc1ccc2c(c1)CCC(C(=O)N(C)C(CN1CCC(O)C1)c1ccccc1)O2,8.8
CC(=O)Nc1ccc2c(c1)CCC(C(=O)N(C)C(CN1CCC(O)C1)c1ccccc1)O2,7.77
CNS(=O)(=O)c1ccc2c(c1)CCC(C(=O)N(C)C(CN1CCC(O)C1)c1ccccc1)O2,7.73
CN(C(=O)C1CCc2ccccc2O1)C(CN1CCC(O)C1)c1ccccc1,8.8
CC(=O)Nc1ccc2c(c1)CC(C(=O)N(C)C(CN1CCC(O)C1)c1ccccc1)O2,7.28
CN(C(=O)C1Cc2cc(NS(C)(=O)=O)ccc2O1)C(CN1CCC(O)C1)c1ccccc1,8.92
CN(C(=O)C1Cc2cccc(NS(C)(=O)=O)c2O1)C(CN1CCC(O)C1)c1ccccc1,8.89
CN(C(=O)C1CCc2cc(S(N)(=O)=O)ccc2O1)C(CN1CCC(O)C1)c1ccccc1,8.48
CN(C(=O)C1CCc2cc(CNS(C)(=O)=O)ccc2O1)C(CN1CCC(O)C1)c1ccccc1,8.35
COC(=O)Nc1ccc2c(c1)CCC(C(=O)N(C)C(CN1CCC(O)C1)c1ccccc1)O2,7.51
CN(C(=O)c1cc2ccccc2o1)C(CN1CCC(O)C1)c1ccccc1,6.31
COC(=O)Nc1ccc2c(c1)CC(C(=O)N(C)C(CN1CCC(O)C1)c1ccccc1)O2,8.24
CN(C(=O)C1CCc2cc(NS(C)(=O)=O)ccc2O1)C(CN1CCC(O)C1)c1ccccc1,8.77
COC(=O)NCc1ccc2c(c1)CCC(C(=O)N(C)C(CN1CCC(O)C1)c1ccccc1)O2,8.59
CCCS(=O)(=O)NCc1ccc2c(c1)CC(C(=O)N(C)C(CN1CCC(O)C1)c1ccccc1)O2,8.48
CN(C(=O)C1Cc2ccccc2O1)C(CN1CCC(O)C1)c1ccccc1,9.1
COc1ccc2c3c1OC1C(=O)CCC4(NC(=O)C=Cc5ccc(C)cc5)C(C2)N(C)CCC314,8.0
O=C(C=Cc1ccccc1Cl)NC12CCC(=O)C3Oc4c(O)ccc5c4C31CCN(CC1CC1)C2C5,8.62
CN1CCC23c4c5cccc4OC2C(=O)CCC3(NC(=O)C=Cc2ccccc2Cl)C1C5,9.27
COc1ccc2c3c1OC1C(=O)CCC4(NC(=O)C=Cc5ccccc5Cl)C(C2)N(C)CCC314,8.6
COc1ccc2c3c1OC1C(=O)CCC4(NC(=O)C=Cc5ccc(Cl)cc5)C(C2)N(CC2CC2)CCC314,7.79
Cc1ccc(CCC(=O)NC23CCC(=O)C4Oc5c(O)ccc6c5C42CCN(C)C3C6)cc1,9.24
CN1CCC23c4c5ccc(O)c4OC2C(=O)CCC3(NC(=O)C=Cc2ccc([N+](=O)[O-])cc2)C1C5,8.26
COc1ccc2c3c1OC1C(=O)CCC4(NC(=O)C=Cc5ccccc5C)C(C2)N(C)CCC314,8.64
COc1ccc2c3c1OC1C(=O)CCC4(NC(=O)C=Cc5ccc(Cl)cc5)C(C2)N(C)CCC314,8.19
Cc1ccccc1C=CC(=O)NC12CCC(=O)C3Oc4c(O)ccc5c4C31CCN(C)C2C5,9.64
Cc1ccccc1C=CC(=O)NC12CCC(=O)C3Oc4c(O)ccc5c4C31CCN(CC1CC1)C2C5,8.82
Cc1ccc(C=CC(=O)NC23CCC(=O)C4Oc5c(O)ccc6c5C42CCN(C)C3C6)cc1,8.82
O=C(C=Cc1ccc(Cl)cc1)NC12CCC(=O)C3Oc4c(O)ccc5c4C31CCN(CC1CC1)C2C5,8.85
CCCCN1CC(C)C(C)(c2cccc(O)c2)CC1CCC,6.21
CC1CN(CCc2ccccc2)C(CCc2ccccc2)CC1(C)c1cccc(O)c1,6.1
CC1CN(CCc2ccccc2)C(Cc2ccccc2)CC1(C)c1cccc(O)c1,6.04
CCCC1CC(C)(c2cccc(O)c2)C(C)CN1,6.16
CC1CN(CCc2ccccc2)C(CCN)CC1(C)c1cccc(O)c1,6.29
CCCC1CC(C)(c2cccc(O)c2)C(C)CN1CCc1ccccc1,6.96
CCC1CC(C)(c2cccc(O)c2)C(C)CN1CCc1ccccc1,6.15
CC1CN(CCc2ccccc2)C(CCNC(=O)c2ccccc2)CC1(C)c1cccc(O)c1,6.7
CCCC1CC(C)(c2cccc(O)c2)C(C)CN1Cc1ccccc1,6.44
CCCC1CC(C)(c2cccc(O)c2)C(C)CN1CCC,6.44
CC1CC(C)(c2cccc(O)c2)C(C)CN1CCc1ccccc1,7.0
CC1CN(CCc2ccccc2)C(CCCc2ccccc2)CC1(C)c1cccc(O)c1,6.58
CCCC1CC(C)(c2cccc(O)c2)C(C)CN1CCCc1ccccc1,7.13
CC1CN(CCc2ccccc2)C(c2ccccc2)CC1(C)c1cccc(O)c1,6.54
CCCCCN1CC(C)C(C)(c2cccc(O)c2)CC1CCC,6.24
CC(=O)NCCC1CC(C)(c2cccc(O)c2)C(C)CN1CCc1ccccc1,6.21
CCCCCCN1CC(C)C(C)(c2cccc(O)c2)CC1CCC,6.82
CCCCC1CC(C)(c2cccc(O)c2)C(C)CN1CCc1ccccc1,6.7
CC(C)(C)c1cccc(-c2nncn2-c2cccc(O)c2)c1,5.82
COC(=O)C1CC(OC(C)=O)C(=O)C2C1(C)CCC1C(=O)OC(c3ccn(S(=O)(=O)c4ccccc4)c3)CC12C,6.39
COC(=O)c1coc(C2CC3(C)C(CCC4(C)C(C(=O)OC)CC(OC(C)=O)C(=O)C43)C(=O)O2)n1,5.07
COC(=O)C1CC(OC(C)=O)C(=O)C2C1(C)CCC1C(=O)OC(c3ccn(S(=O)(=O)c4ccc(OC)cc4)c3)CC12C,5.79
COC(=O)C1CC(OC(C)=O)C(=O)C2C1(C)CCC1C(=O)OC(c3ccn(S(C)(=O)=O)c3)CC12C,6.08
COc1nc(NCCCN2CCOCC2)nc(OC)c1NC(=O)c1ccc(Oc2cc3c(cc2C)CCC3(C)C)o1,5.71
CCC12CCN(CC3CC3)C(C(=O)c3ccc(C(N)=O)cc31)C2C,9.33
CC1C2Cc3ccc(C(=O)Nc4ccc(-c5ccccc5)cc4)cc3C1(C)CCN2CC1CC1,7.57
CC1C2Cc3ccc(C(=O)NCc4ccccc4)cc3C1(C)CCN2CC1CC1,7.44
CC1C2Cc3ccc(C(=O)NCCCc4ccc(-c5ccccc5)cc4)cc3C1(C)CCN2CC1CC1,8.57
CC1C2Cc3ccc(C(=O)NCCc4ccccc4)cc3C1(C)CCN2CC1CC1,8.77
CC1C2Cc3ccc(C(=O)NCCCc4ccccc4)cc3C1(C)CCN2CC1CC1,8.52
CCC12CCN(CC3CC3)C(C(=O)c3ccc(C(=O)NCCc4ccc(-c5ccccc5)cc4)cc31)C2C,8.89
CC1C2Cc3ccc(C(N)=O)cc3C1(C)CCN2CC1CC1,10.22
Cc1cc(O)cc(C)c1CC(N)C(=O)N1Cc2ccccc2CC1C(=O)NCCC(=O)Oc1ccc2c(c1)C13CCCCC1C(C2)N(CC1CCC1)CC3,9.55
Cn1cc(C2CCN(C3Cc4cccc5cccc3c45)CC2O)c2cccnc21,5.37
Clc1cccc2c(C3CCN(C4Cc5cccc6cccc4c56)CC3)c[nH]c12,5.58
Cc1[nH]c2ccc(Cl)cc2c1C1CCN(Cc2cccc3ccccc23)CC1,6.12
Clc1ccc2[nH]cc(C3CCN(Cc4ccccc4)CC3)c2c1,6.48
CN(C)CC(O)Cn1cc(C2CCN(CC3CCCCCCC3)CC2)c2cc(F)ccc21,5.72
c1ccc2c(CN3CCC(c4c[nH]c5ncccc45)CC3)cccc2c1,6.15
Fc1ccc2[nH]cc(C3CCN(C4Cc5cccc6cccc4c56)CC3)c2c1,5.72
c1cc2c3c(cccc3c1)C(N1CCC(c3c[nH]c4ncccc34)CC1)C2,5.56
Clc1cccc2c(C3CCN(CC4CCCCCCC4)CC3)c[nH]c12,5.93
Cc1[nH]c2ccc(Cl)cc2c1C1CCN(C2Cc3cccc4cccc2c34)CC1,6.17
Clc1ccc2[nH]cc(C3=CCN(Cc4ccccc4)CC3)c2c1,6.0
Cc1[nH]c2ccc(Cl)cc2c1C1CCN(CC2CCCCCCC2)CC1,6.48
COCOC1CC(C(=O)OC)C2(C)CCC3C(=O)OC(c4ccoc4)CC3(C)C2C1=O,9.4
O=C1C(c2cccc(S(=O)(=O)N3CCCC3)c2)CC=CCN1C(CN1CCCC1)c1ccccc1,5.72
O=C1C(c2ccc(Cl)c(Cl)c2)CC=CCN1C(CN1CCCC1)c1ccccc1,7.92
O=C1C(c2ccc(C(F)(F)F)cc2)CC=CCN1C(CN1CCCC1)c1ccccc1,9.14
O=C1C(c2ccc(Cl)cc2)CC=CCN1C(CN1CCCC1)c1ccccc1,7.46
CC(=O)OC1CC(C(=O)N2CCCC2C(=O)OCc2ccccc2)C2(C)CCC3C(=O)OC(c4ccoc4)CC3(C)C2C1=O,6.68
CC(=O)OC1CC(C(=O)O)C2(C)CCC3C(=O)OC(c4ccoc4)CC3(C)C2C1=O,7.31
CC(=O)OC1CC(C(=O)NC2CC2)C2(C)CCC3C(=O)OC(c4ccoc4)CC3(C)C2C1=O,6.32
C#CCCCOC(=O)C1CC(OC(C)=O)C(=O)C2C1(C)CCC1C(=O)OC(c3ccoc3)CC12C,6.7
CC(=O)OC1CC(C(=O)NCC(=O)OCc2ccccc2)C2(C)CCC3C(=O)OC(c4ccoc4)CC3(C)C2C1=O,6.33
CC(=O)OC1CC(C(=O)NC(C)C(=O)OCc2ccccc2)C2(C)CCC3C(=O)OC(c4ccoc4)CC3(C)C2C1=O,7.57
COCOC(=O)C1CC(OC(C)=O)C(=O)C2C1(C)CCC1C(=O)OC(c3ccoc3)CC12C,7.0
CCOC(=O)C1CC(OC(C)=O)C(=O)C2C1(C)CCC1C(=O)OC(c3ccoc3)CC12C,7.54
O=C1NCN(c2ccccc2)C12CCN(C1CCCCc3ccccc31)CC2,6.69
O=C1NCN(c2ccccc2)C12CCN(Cc1ccsc1)CC2,7.58
CC(c1ccccc1)N1CCC2(CC1)C(=O)NCN2c1ccccc1,7.3
O=C1NCN(c2ccccc2)C12CCN(CC1CCCCC1)CC2,6.29
O=C1NCN(c2ccccc2)C12CCN(C(c1ccccc1Cl)c1ccccc1Cl)CC2,5.23
O=C1NCN(c2ccccc2)C12CCN(C(c1ccccc1)C1CCCC1)CC2,7.58
O=C1NCN(c2ccccc2)C12CCN(C1CCCc3ccc(F)cc31)CC2,7.47
CC1(C)CCC(N2CCC3(CC2)C(=O)NCN3c2ccccc2)c2cc(Cl)c(Cl)cc21,6.03
O=C1NCN(c2ccccc2)C12CCN(Cc1cccnc1)CC2,6.6
O=C1NCN(c2ccccc2)C12CCN(C(c1ccccc1F)c1ccccc1F)CC2,6.07
O=C1NCN(c2ccccc2)C12CCN(Cc1ccccn1)CC2,6.49
O=C1NCN(c2ccccc2)C12CCN(C1CCc3ccccc31)CC2,7.5
O=C1NCN(c2ccccc2)C12CCN(C1c3ccccc3C=Cc3ccccc31)CC2,6.11
CC1(C)CCC(N2CCC3(CC2)C(=O)NCN3c2ccccc2)c2ccc(Cl)cc21,6.55
O=C1NCN(c2ccccc2)C12CCN(Cc1c(Cl)cccc1Cl)CC2,7.28
CC(C)CCC(c1ccccc1)N1CCC2(CC1)C(=O)NCN2c1ccccc1,7.59
O=C1NCN(c2ccccc2)C12CCN(Cc1ccccc1)CC2,6.71
Cc1ccccc1C(c1ccccc1)N1CCC2(CC1)C(=O)NCN2c1ccccc1,6.24
Cc1ccccc1C(c1ccccc1C)N1CCC2(CC1)C(=O)NCN2c1ccccc1,5.79
O=C1NCN(c2ccccc2)C12CCN(C1c3ccccc3CCc3ccccc31)CC2,5.78
O=C1NCN(c2ccccc2)C12CCN(C1CCCc3cccc(Cl)c31)CC2,6.84
O=C1NCN(c2ccccc2)C12CCN(C1CCCc3cccc(F)c31)CC2,6.84
O=C1NCN(c2ccccc2)C12CCN(Cc1ccccc1Cl)CC2,7.79
O=C1NCN(c2ccccc2)C12CCN(C(c1ccc(F)cc1)c1ccc(F)cc1)CC2,5.7
O=C1NCN(c2ccccc2)C12CCN(C1CCCc3c(F)cccc31)CC2,7.86
O=C1NCN(c2ccccc2)C12CCN(C(c1cccc(F)c1)c1cccc(F)c1)CC2,5.84
O=C1NCN(c2ccccc2)C12CCN(C1CCCc3ccc(Cl)cc31)CC2,7.18
O=C1NCN(c2ccccc2)C12CCN(C(c1ccccc1)c1ccccc1)CC2,6.86
CCC(c1ccccc1)N1CCC2(CC1)C(=O)NCN2c1ccccc1,7.22
O=C1NCN(c2ccccc2)C12CCN(C1CCCc3ccccc31)CC2,7.19
O=C1NCN(c2ccccc2)C12CCN(C(c1ccccc1)c1ccccc1F)CC2,5.93
O=C1NCN(c2ccccc2)C12CCN(C(c1ccccc1)c1ccccc1Cl)CC2,5.96
CC1(C)CCC(N2CCC3(CC2)C(=O)NCN3c2ccccc2)c2ccccc21,6.27
O=C1NCN(c2ccccc2)C12CCN(C1CCCc3c(Cl)cccc31)CC2,7.03
CCCCC(c1ccccc1)N1CCC2(CC1)C(=O)NCN2c1ccccc1,7.89
CC1(C)CCC(N2CCC3(CC2)C(=O)NCN3c2ccccc2)c2ccc(F)cc21,6.77
CSCCC(NC(=O)C(Cc1ccccc1)NC(=O)CNC(=O)CNC(=O)C(N)Cc1ccc(C(N)=O)cc1)C(N)=O,6.34
Cc1cc(C(N)=O)cc(C)c1CC(N)C(=O)NCC(=O)NCC(=O)NC(Cc1ccccc1)C(=O)NC(CC(C)C)C(=O)O,5.89
Cc1cc(C(N)=O)cc(C)c1CC(N)C(=O)NC(C)C(=O)NCC(=O)NC(Cc1ccccc1)C(=O)NC(CC(C)C)C(=O)O,5.62
CSCCC(NC(=O)C(Cc1ccccc1)NC(=O)CNC(=O)CNC(=O)C(N)Cc1ccc(C(N)=O)cc1)C(=O)O,5.99
CSCCC(NC(=O)C(Cc1ccccc1)NC(=O)CNC(=O)CNC(=O)C(N)Cc1ccc(O)cc1)C(N)=O,6.68
O=Cc1cc2ccc(C(=O)Nc3cccc4c5c([nH]c34)C3Oc4c(O)ccc6c4C34CCN(CC3CC3)C(C6)C4(O)C5)cc2cc1C=O,6.82
CNC(=O)Oc1ccc2c(c1)C13CCCCC1C(C2)N(CC1CC1)CC3,8.47
O=C(Nc1ccccc1)Oc1ccc2c(c1)C13CCCCC1C(C2)N(CC1CC1)CC3,10.34
CNC(=O)Oc1ccc2c(c1)C13CCCCC1C(C2)N(C)CC3,8.48
CNC(=O)Oc1ccc2c(c1)C13CCCCC1C(C2)N(CC1CCC1)CC3,9.09
O=C(NCc1ccccc1)Oc1ccc2c(c1)C13CCCCC1C(C2)N(CC1CCC1)CC3,9.52
O=C(NCc1ccccc1)Oc1ccc2c(c1)C13CCCCC1C(C2)N(CC1CC1)CC3,9.85
CCNC(=O)Oc1ccc2c(c1)C13CCCCC1C(C2)N(CC1CCC1)CC3,8.37
CCNC(=O)Oc1ccc2c(c1)C13CCCCC1C(C2)N(CC1CC1)CC3,9.85
O=C(Nc1ccccc1)Oc1ccc2c(c1)C13CCCCC1C(C2)N(CC1CCC1)CC3,10.29
CCNC(=O)Oc1ccc2c(c1)C13CCCCC1C(C2)N(C)CC3,7.44
CN(C(=O)CC(=O)Nc1ccccc1)C(CN1CCC(O)C1)c1ccccc1,9.57
CN(C(=O)CCC(=O)Nc1ccccc1)C(CN1CCC(O)C1)c1ccccc1,8.22
CN(C(=O)CC(=O)Nc1ccc(NS(C)(=O)=O)cc1)C(CN1CCC(O)C1)c1ccccc1,7.54
CN(C(=O)CC(=O)Nc1cccnc1)C(CN1CCC(O)C1)c1ccccc1,8.89
CN(C(=O)NCC(=O)Nc1ccccc1)C(CN1CCC(O)C1)c1ccccc1,8.19
CN(C(=O)CCC(=O)Nc1cccnc1)C(CN1CCC(O)C1)c1ccccc1,6.55
CN(C(=O)CC(=O)NCc1ccccc1)C(CN1CCC(O)C1)c1ccccc1,7.82
CN(C(=O)CC(=O)Nc1ccc(CNS(C)(=O)=O)cc1)C(CN1CCC(O)C1)c1ccccc1,7.02
CN(C(=O)CCC(=O)Nc1nccs1)C(CN1CCC(O)C1)c1ccccc1,7.64
CN(C(=O)CC(=O)Nc1nccs1)C(CN1CCC(O)C1)c1ccccc1,9.28
OC1(c2ccccc2)CCN(C(c2ccc(F)cc2)c2ccc(F)cc2)CC1,6.91
COC1(c2ccccc2)CCN(C(c2ccccc2)c2ccccc2)CC1,6.46
OC1(c2ccccc2)CCN(C(c2ccccc2)c2ccccc2C(F)(F)F)CC1,5.87
COc1ccc(C(c2ccc(OC)cc2)N2CCC(O)(c3ccccc3)CC2)cc1,5.54
CCCCC(c1ccccc1)N1CCC(O)(c2ccccc2)CC1,7.44
CC(c1ccccc1)N1CCC(O)(c2ccccc2)CC1,5.38
CCc1ccccc1C(c1ccccc1)N1CCC(O)(c2ccccc2)CC1,6.27
OC1(c2ccccc2)CCN(C(c2ccccc2)c2ccc(Cl)cc2)CC1,6.79
CCCOC1(c2ccccc2)CCN(C(c2ccccc2)c2ccccc2)CC1,5.83
OCc1ccccc1C(c1ccccc1)N1CCC(O)(c2ccccc2)CC1,5.93
OC1(c2ccccc2)CCN(C(c2ccccc2)c2ccccc2F)CC1,5.83
OC1(c2ccccc2)CCN(C(c2ccccc2)c2ccc(C(F)(F)F)cc2)CC1,5.37
OC1(c2ccccc2)CCN(C(c2ccccc2)c2cccnc2)CC1,5.52
Cc1cccc(C(c2ccccc2)N2CCC(O)(c3ccccc3)CC2)c1,5.96
OC1(c2ccccc2)CCN(C(c2ccccc2Cl)c2ccccc2Cl)CC1,6.2
O=C(Nc1c(F)cccc1F)C(c1ccccc1)N1CCC(O)(c2ccccc2)CC1,5.36
COc1ccccc1C(c1ccccc1OC)N1CCC(O)(c2ccccc2)CC1,6.51
OC1(c2ccccc2)CCN(C(c2ccccc2)C2CCCC2)CC1,6.51
O=C(O)c1ccccc1C(c1ccccc1)N1CCC(O)(c2ccccc2)CC1,5.09
Cc1ccccc1C(c1ccccc1)N1CCC(O)(c2ccccc2)CC1,6.53
CC(C)CCC(c1ccccc1)N1CCC(O)(c2ccccc2)CC1,6.73
OC1(c2ccccc2)CCN(C(Cc2ccccc2)c2ccccc2)CC1,6.54
CCC(c1ccccc1)N1CCC(O)(c2ccccc2)CC1,5.85
c1ccc(COC2(c3ccccc3)CCN(C(c3ccccc3)c3ccccc3)CC2)cc1,4.87
OC1(c2ccccc2)CCN(C(c2ccccc2F)c2ccccc2F)CC1,5.93
CCCCCCC(c1ccccc1)N1CCC(O)(c2ccccc2)CC1,6.47
OC1(c2ccccc2)CCN(C(c2ccccc2)c2ccccc2)CC1,6.44
Cc1ccc(C(c2ccccc2)N2CCC(O)(c3ccccc3)CC2)cc1,5.57
CCCC(c1ccccc1)N1CCC(O)(c2ccccc2)CC1,6.61
OC1(c2ccccc2)CCN(C(c2ccccc2)c2cccc(Cl)c2)CC1,5.71
CCOCC(c1ccccc1)N1CCC(O)(c2ccccc2)CC1,5.99
COc1ccccc1C(c1ccccc1)N1CCC(O)(c2ccccc2)CC1,6.29
OC1(c2ccccc2)CCN(C(c2ccccc2)c2cccc(C(F)(F)F)c2)CC1,5.18
COC(=O)C(c1ccccc1)N1CCC(O)(c2ccccc2)CC1,5.17
CCCCCC(c1ccccc1)N1CCC(O)(c2ccccc2)CC1,6.66
COCC(c1ccccc1)N1CCC(O)(c2ccccc2)CC1,5.75
OC1(c2ccccc2)CCN(C(c2ccccc2)c2ccccc2Br)CC1,5.94
CCOC1(c2ccccc2)CCN(C(c2ccccc2)c2ccccc2)CC1,6.31
OC1(c2ccccc2)CCN(C(c2ccccc2)c2cccs2)CC1,6.01
OC1(c2ccccc2)CCN(C(c2ccccc2)c2ccccn2)CC1,5.23
Cc1ccccc1C(c1ccccc1C)N1CCC(O)(c2ccccc2)CC1,5.77
COC(=O)C1CC(OC(C)=O)C(=O)C2C1(C)CCC1C(=O)OC(C3CC(OC)OC3OC)CC12C,7.6
COC(=O)C1CC(OC(C)=O)C(=O)C2C1(C)CCC1C(=O)OC(C3(O)C(OC)OC(OC)C3O)CC12C,6.41
COC(=O)C1CC(OC(C)=O)C(=O)C2C1(C)CCC1C(=O)OC(c3nc(C)no3)CC12C,7.25
COC(=O)C1CC(OC(C)=O)C(=O)C2C3(C)CC(C4(O)C(OC)OC(OC)C4O)CC(=O)C3CCC12C,5.15
COC(=O)C1CC(OC(C)=O)C(=O)C2C1(C)CCC1C(=O)OC(C3CCOC3)CC12C,8.43
COC(=O)C1CC(OC(C)=O)C(=O)C2C1(C)CCC1C(=O)OC(C3=NCCO3)CC12C,6.52
COC(=O)C1CC(OC(C)=O)C(=O)C2C1(C)CCC1C(=O)OCCC12C,5.47
COC(=O)C1CC(OC(C)=O)C(=O)C2C(C)(CCC3CCOC3)C(C(=O)O)CCC12C,6.04
COC(=O)C1CC(OC(C)=O)C(=O)C2C1(C)CCC1C(=O)OC(c3ccoc3Br)CC12C,8.52
COC(=O)C1CC(OC(C)=O)C(=O)C2C1(C)CCC1C(=O)OC(C3=CC(OC)OC3OC)CC12C,6.75
NCc1ccccc1C1(O)CCN(C(c2ccccc2)c2ccccc2Br)CC1,6.55
OCc1ccccc1C1(O)CCN(C(c2ccccc2)c2ccccc2)CC1,5.56
CCc1ccc(C2(O)CCN(C(c3ccccc3)c3ccccc3)CC2)cc1,4.95
Cc1ccc(C2(O)CCN(C(c3ccccc3)c3ccccc3)CC2)cc1,5.39
COc1ccc(C2(O)CCN(C(c3ccccc3)c3ccccc3)CC2)cc1,4.99
OC1(CCCc2ccccc2)CCN(C(c2ccccc2)c2ccccc2)CC1,5.74
Cc1ccsc1C1(O)CCN(C(c2ccccc2)c2ccccc2)CC1,5.59
CC(C)S(=O)(=O)NCc1ccccc1C1(O)CCN(C(c2ccccc2Cl)c2ccccc2Cl)CC1,6.76
OC1(c2ccco2)CCN(C(c2ccccc2)c2ccccc2)CC1,5.02
COc1cccc(C2(O)CCN(C(c3ccccc3)c3ccccc3)CC2)c1,5.44
OC1(c2ccc(Br)cc2)CCN(C(c2ccccc2)c2ccccc2)CC1,5.58
Cc1ccccc1C1(O)CCN(C(c2ccccc2)c2ccccc2)CC1,6.09
COc1ccccc1C1(O)CCN(C(c2ccccc2)c2ccccc2)CC1,5.38
OC1(c2ccccc2CN2CCNCC2)CCN(C(c2ccccc2Cl)c2ccccc2Cl)CC1,6.58
Cc1cccc(C2(O)CCN(C(c3ccccc3)c3ccccc3)CC2)c1,5.94
CNCc1ccccc1C1(O)CCN(C(c2ccccc2Cl)c2ccccc2Cl)CC1,6.59
N#Cc1ccc(C2(O)CCN(C(c3ccccc3)c3ccccc3)CC2)cc1,4.21
CC1(C)CCC(N2CCC(O)(c3ccccc3CN)CC2)c2ccccc21,5.87
CCCCCCC1(O)CCN(C(c2ccccc2)c2ccccc2)CC1,5.04
NCc1ccccc1C1(O)CCN(C(c2ccccc2)c2ccccc2)CC1,5.78
Cc1ccc(C(c2ccc(C)cc2)N2CCC(O)(c3ccccc3CN)CC2)cc1,5.98
NCc1ccccc1C1(O)CCN(C(c2ccccc2F)c2ccccc2F)CC1,6.94
CCCS(=O)(=O)NCc1ccccc1C1(O)CCN(C(c2ccccc2Cl)c2ccccc2Cl)CC1,6.91
Cc1ccccc1C(c1ccccc1C)N1CCC(O)(c2ccccc2CN)CC1,6.35
CC(C)(C)C1(O)CCN(C(c2ccccc2)c2ccccc2)CC1,5.97
OC1(c2ccc(Cl)cc2)CCN(C(c2ccccc2)c2ccccc2)CC1,5.77
OC1(C2CCCCC2)CCN(C(c2ccccc2)c2ccccc2)CC1,6.41
NCc1ccccc1C1(O)CCN(C(c2ccccc2Cl)c2ccccc2Cl)CC1,6.13
NCc1ccccc1C1(O)CCN(CC2CCCCCC2)CC1,6.18
CCCc1ccc(C2(O)CCN(C(c3ccccc3)c3ccccc3)CC2)cc1,4.71
CCNC(=O)NCc1ccccc1C1(O)CCN(C(c2ccccc2Cl)c2ccccc2Cl)CC1,6.48
OC1(c2ccc(F)cc2)CCN(C(c2ccccc2)c2ccccc2)CC1,6.12
CCCCC1(O)CCN(C(c2ccccc2)c2ccccc2)CC1,5.34
OC1(c2cccc(F)c2)CCN(C(c2ccccc2)c2ccccc2)CC1,5.7
Cc1ccccc1C(c1ccccc1)N1CCC(O)(c2ccccc2CN)CC1,6.14
OC1(C2CC2)CCN(C(c2ccccc2)c2ccccc2)CC1,4.58
CNC(=O)NCc1ccccc1C1(O)CCN(C(c2ccccc2Cl)c2ccccc2Cl)CC1,6.67
CCS(=O)(=O)N1CCN(Cc2ccccc2C2(O)CCN(C(c3ccccc3Cl)c3ccccc3Cl)CC2)CC1,6.84
NCc1ccccc1C1(O)CCN(C(c2cccc(F)c2)c2cccc(F)c2)CC1,6.11
OC1(c2cccs2)CCN(C(c2ccccc2)c2ccccc2)CC1,5.47
OC1(c2ccccc2F)CCN(C(c2ccccc2)c2ccccc2)CC1,5.76
CCCCC(c1ccccc1)N1CCC(O)(c2ccccc2CN)CC1,7.82
CC(C)C1(O)CCN(C(c2ccccc2)c2ccccc2)CC1,5.13
OC1(c2ccccc2CN2CCOCC2)CCN(C(c2ccccc2Cl)c2ccccc2Cl)CC1,6.49
OC1(c2ccccn2)CCN(C(c2ccccc2)c2ccccc2)CC1,4.88
CN1CCN(Cc2ccccc2C2(O)CCN(C(c3ccccc3Cl)c3ccccc3Cl)CC2)CC1,6.86
NCc1ccccc1C1(O)CCN(C(c2ccccc2)c2ccccc2Cl)CC1,6.37
CCCCCC(c1ccccc1)N1CCC(O)(c2ccccc2CN)CC1,7.52
OC1(Cc2ccccc2)CCN(C(c2ccccc2)c2ccccc2)CC1,5.84
NC(=O)Nc1ccc2c(c1)C13CCCCC1C(C2)N(CC1CC1)CC3,9.21
Nc1ccc2c(c1)C13CCCCC1C(C2)N(CC1CC1)CC3,9.74
Nc1nc2cc3c(cc2o1)C12CCCCC1C(C3)N(CC1CCC1)CC2,8.18
O=c1[nH]c2cc3c(cc2o1)C12CCCCC1C(C3)N(CC1CCC1)CC2,8.72
Nc1nc2cc3c(cc2s1)CC1C2CCCCC32CCN1CC1CC1,10.31
CNC(=O)Nc1ccc2c(c1)C13CCCCC1C(C2)N(CC1CC1)CC3,8.64
Nc1nc2cc3c(cc2s1)CC1C2CCCCC32CCN1CC1CCC1,9.1
O=c1[nH]c2cc3c(cc2o1)C12CCCCC1C(C3)N(CC1CC1)CC2,7.33
NC(=O)Nc1ccc2c(c1)C13CCCCC1C(C2)N(CC1CCC1)CC3,8.05
CNC(=O)Nc1ccc2c(c1)C13CCCCC1C(C2)N(CC1CCC1)CC3,7.7
Nc1nc2cc3c(cc2o1)C12CCCCC1C(C3)N(CC1CC1)CC2,7.28
CC(NC(=O)C(CO)NC(=O)C(CCCCN)NC(=O)C(CCCNC(=N)N)NC(=O)C(C)(C)NC(=O)CNC(=O)C(NC(=O)C(Cc1ccccc1)NC(=O)CNC(=O)CNC(=O)C(N)Cc1ccccc1)C(C)O)C(=O)NC(CCCNC(=N)N)C(=O)NC(CCCCN)C(=O)NC(CCCNC(=N)N)C(=O)NC(CCCCN)C(=O)NC(CC(N)=O)C(=O)NC(CCC(N)=O)C(N)=O,6.17
CC(NC(=O)C(CO)NC(=O)C(CCCCN)NC(=O)C(CCCNC(=N)N)NC(=O)C(C)(C)NC(=O)CNC(=O)C(NC(=O)C(Cc1ccc(F)cc1)NC(=O)CNC(=O)CNC(=O)C(N)Cc1ccccc1)C(C)O)C(=O)NC(CCCNC(=N)N)C(=O)NC(CCCCN)C(=O)NC(CCCNC(=N)N)C(=O)NC(CCCCN)C(=O)NC(CC(N)=O)C(=O)NC(CCC(N)=O)C(N)=O,8.36
Oc1cccc(C23CCCC(C2O)N(CCc2ccccc2)CC3)c1,6.74
O=C1C2CCCC1(c1cccc(O)c1)CCN2CCc1ccccc1,6.82
C=C1C2CCCC1(c1cccc(O)c1)CCN2CCc1ccccc1,9.19
CC1C2CCCC1(c1cccc(O)c1)CCN2CCc1ccccc1,8.4
CCOC(=O)N1CCC(c2ccccc2)(c2nccn2C(C)c2ccccc2)CC1,7.21
CC(=O)N1CCC(c2ccccc2)(c2nccn2Cc2ccccc2)CC1,6.0
CCOC(=O)N1CCC(c2ccccc2)(c2nccn2Cc2ccc(O)cc2)CC1,6.97
O=C(OCc1ccccc1)N1CCC(c2ccccc2)(c2nccn2Cc2ccccc2)CC1,6.92
CCOC(=O)N1CCC(c2ccccc2)(c2nccn2Cc2cccc(OC)c2)CC1,6.44
O=C(OC1CCCCC1)N1CCC(c2ccccc2)(c2nccn2Cc2ccccc2)CC1,6.92
COC(=O)c1ccc(Cn2ccnc2C2(c3ccccc3)CCN(C(=O)c3ccccc3)CC2)cc1,7.06
O=C(c1ccccc1)N1CCC(c2ccccc2)(c2nccn2Cc2ccccc2)CC1,6.91
CC(c1ccccc1)n1ccnc1C1(c2ccccc2)CCN(C(=O)c2ccccc2)CC1,6.48
CCOC(=O)N1CCC(c2ccccc2)(c2nccn2Cc2ccc(C(=O)OC)cc2)CC1,7.6
CC(C)(C)OC(=O)N1CCC(c2ccccc2)(c2nccn2Cc2ccccc2)CC1,7.08
CC(C)C(=O)N1CCC(c2ccccc2)(c2nccn2Cc2ccccc2)CC1,6.21
CCCCOC(=O)N1CCC(c2ccccc2)(c2nccn2Cc2ccccc2)CC1,6.73
CCOC(=O)N1CCC(c2ccccc2)(c2nccn2Cc2ccccc2)CC1,6.77
CCOC(=O)N1CCC(c2ccccc2)(c2nccn2-c2ccc3ccccc3c2C)CC1,5.51
COCC(=O)N1CCC(c2ccccc2)(c2nccn2Cc2ccc(C(=O)OC)cc2)CC1,7.19
COCC(=O)N1CCC(c2ccccc2)(c2nccn2Cc2ccccc2)CC1,6.21
CCOC(=O)N1CCC(c2ccccc2)(c2nccn2Cc2ccc(OC)cc2)CC1,6.7
Cc1cc(C)cc(C(=O)N2CCC(c3ccccc3)(c3nccn3Cc3ccccc3)CC2)c1,6.55
COc1ccc2c3c1OC1C4(OC)CCC5(CC4CNCC=Cc4ccc(Cl)cc4)C(C2)N(C)CCC315,7.17
COC12CCC3(CC1CNC(=O)C=Cc1ccc(C)cc1)C1Cc4ccc(O)c5c4C3(CCN1C)C2O5,8.51
COc1ccc2c3c1OC1C4(OC)CCC5(CC4CNC(=O)C=Cc4ccccc4C)C(C2)N(C)CCC315,7.68
COc1ccc2c3c1OC1C4(OC)CCC5(CC4CNC(=O)C=Cc4ccc([N+](=O)[O-])cc4)C(C2)N(C)CCC315,7.24
COc1ccc(C=CC(=O)NCC2CC34CCC2(OC)C2Oc5c(OC)ccc6c5C23CCN(C)C4C6)cc1,6.96
COC12CCC3(CC1CNC(=O)C=Cc1ccc(Cl)cc1)C1Cc4ccc(O)c5c4C3(CCN1C)C2O5,8.73
COc1ccc2c3c1OC1C4(OC)CCC5(CC4CNC(=O)C=Cc4ccccc4Cl)C(C2)N(C)CCC315,7.65
COC12CCC3(CC1CNC(=O)C=Cc1ccc([N+](=O)[O-])cc1)C1Cc4ccc(O)c5c4C3(CCN1C)C2O5,8.76
COc1ccc2c3c1OC1C4(OC)CCC5(CC4CNC(=O)C=Cc4ccc(Cl)cc4)C(C2)N(C)CCC315,6.81
COC12CCC3(CC1CNC(=O)C=Cc1ccccc1Cl)C1Cc4ccc(O)c5c4C3(CCN1C)C2O5,8.79
COC12CCC3(CC1CNCC=Cc1ccc(Cl)cc1)C1Cc4ccc(O)c5c4C3(CCN1C)C2O5,8.0
COc1ccc2c3c1OC1C4(OC)CCC5(CC4CNC(=O)C=Cc4ccccc4[N+](=O)[O-])C(C2)N(C)CCC315,7.53
COC12C=CC3(C4CN(C(=O)C=Cc5ccccc5C)CC41)C1Cc4ccc(O)c5c4C3(CCN1C)C2O5,9.28
COc1ccc2c3c1OC1C4(OC)CCC5(CC4CNC(=O)C=Cc4ccccc4)C(C2)N(C)CCC315,7.62
COc1ccccc1C=CC(=O)NCC1CC23CCC1(OC)C1Oc4c(OC)ccc5c4C12CCN(C)C3C5,7.35
COc1ccc2c3c1OC1C4(OC)CCC5(CC4CNCC=Cc4ccccc4)C(C2)N(C)CCC315,7.58
COC12CCC3(CC1CNCC=Cc1ccccc1)C1Cc4ccc(O)c5c4C3(CCN1C)C2O5,8.18
COC12C=CC3(C4CN(C(=O)C=Cc5ccc(C)cc5)CC41)C1Cc4ccc(O)c5c4C3(CCN1C)C2O5,8.85
NC(=O)c1ccc(Oc2ccc(CNCc3ccccc3)cc2)nc1,8.61
NC(=O)c1ccc(Oc2ccc(CCNCCCc3ccccc3)cc2)nc1,7.62
NC(=O)c1ccc(Oc2ccc(CCNCc3ccccc3)cc2)nc1,7.74
CC1CN(CCC(O)C2CCCCC2)CCC1(C)c1cccc(O)c1,9.49
NC(=O)c1ccc(Oc2ccc(CNCCc3ccccc3)cc2)cn1,8.02
NC(=O)c1ccc(Oc2ccc(CNCCc3ccccc3)cc2)cc1,8.91
NC(=O)c1ccc(Oc2ccc(CCNCCc3ccccc3)cc2)nc1,7.63
NC(=O)c1ccc(Oc2ccc3c(c2)CCN(Cc2ccccc2)C3)nc1,5.67
NC(=O)c1ccc(Oc2ccc3c(c2)CN(Cc2ccccc2)CC3)nc1,5.62
NC(=O)c1ccc(Oc2ccc3c(c2)CCCN(CCc2ccccc2)C3)nc1,6.44
CCCCCCN1CCCc2cc(Oc3ccc(C(N)=O)cn3)ccc2C1,6.93
CC(C)(C)CCN1CCCc2cc(Oc3ccc(C(N)=O)cn3)ccc2C1,7.14
NC(=O)c1ccc(Oc2ccc3c(c2)CCN(CCCc2ccccc2)C3)nc1,6.25
NC(=O)c1ccc(Oc2ccc3c(c2)CCN(CCc2ccccc2)C3)nc1,5.91
CCC(CC)CN1CCCc2cc(Oc3ccc(C(N)=O)cn3)ccc2C1,7.21
NC(=O)c1ccc(Oc2ccc3c(c2)CCN(Cc2ccccc2)CC3)nc1,5.54
CC(C)CCCCN1CCCc2cc(Oc3ccc(C(N)=O)cn3)ccc2C1,6.5
NC(=O)c1ccc(Oc2ccc3c(c2)CN(CCc2ccccc2)CC3)nc1,5.44
CCCCCN1CCCc2cc(Oc3ccc(C(N)=O)cn3)ccc2C1,6.97
CC(C)CCN1CCCc2cc(Oc3ccc(C(N)=O)cn3)ccc2C1,7.11
NC(=O)c1ccc(Oc2ccc3c(c2)CCCN(CCCN2CCOCC2)C3)nc1,5.49
NC(=O)c1ccc(Oc2ccc(CCN3CCc4ccccc4C3)cc2)nc1,6.73
Nc1nc2c(s1)CC1C3Cc4ccc(O)cc4C1(CCN3CC1CC1)C2,10.15
Oc1ccc2c(c1)C13CCN(CC4CC4)C(C2)C1Cc1c([nH]c2ccccc12)C3,9.19
COc1ccc2c(c1)C13CCN(CC4CC4)C(C2)C1Cc1c([nH]c2ccccc12)C3,8.85
COc1ccc2c(c1)C13CCN(C)C(C2)C1Cc1c([nH]c2ccccc12)C3,6.41
Oc1ccc2c(c1)C13CCN(CC4CCC4)C(C2)C1Cc1c([nH]c2ccccc12)C3,9.0
CN1CCC23Cc4[nH]c5ccccc5c4CC2C1Cc1ccc(O)cc13,7.85
CN1CCC23Cc4nc(N)sc4CC2C1Cc1ccc(O)cc13,8.66
Nc1nc2c(s1)CC1C3Cc4ccc(O)cc4C1(CCN3CC1CCC1)C2,9.85
COc1ccc2c(c1)C13CCN(CC4CCC4)C(C2)C1Cc1c([nH]c2ccccc12)C3,7.05
O=C1CCC2(NCCCCc3ccc(Cl)cc3)C3Cc4ccc(O)c5c4C2(CCN3CC2CC2)C1O5,8.28
O=C1CCC2(NCCc3ccc(Cl)cc3)C3Cc4ccc(O)c5c4C2(CCN3CC2CC2)C1O5,8.81
O=C(CC=Cc1ccc(Cl)cc1)NC12CCC(=O)C3Oc4c(O)ccc5c4C31CCN(CC1CC1)C2C5,8.31
O=C(Cc1ccc(Cl)cc1)NC12CCC(=O)C3Oc4c(O)ccc5c4C31CCN(CC1CC1)C2C5,9.0
COc1ccc2c3c1OC1C(=O)CCC4(O)C(C2)N(CC2CC2)CCC314,6.89
COc1ccc2c3c1OC1C(=O)CCC4(NCCc5ccc(Cl)cc5)C(C2)N(CC2CC2)CCC314,7.88
COc1ccc2c3c1OC1C(=O)CCC4(NCC=CCc5ccc(Cl)cc5)C(C2)N(CC2CC2)CCC314,7.59
COc1ccc2c3c1OC1C(=O)CCC4(NCCCCc5ccc(Cl)cc5)C(C2)N(CC2CC2)CCC314,7.38
COc1ccc2c3c1OC1C(=O)CCC4(NC(=O)C=CCc5ccc(Cl)cc5)C(C2)N(CC2CC2)CCC314,7.6
O=C1CCC2(NCC=CCc3ccc(Cl)cc3)C3Cc4ccc(O)c5c4C2(CCN3CC2CC2)C1O5,8.43
O=C(CCCc1ccc(Cl)cc1)NC12CCC(=O)C3Oc4c(O)ccc5c4C31CCN(CC1CC1)C2C5,8.53
COc1ccc2c3c1OC1C(=O)CCC4(NC(=O)Cc5ccc(Cl)cc5)C(C2)N(CC2CC2)CCC314,8.59
O=C1CCC2(NCCC=Cc3ccc(Cl)cc3)C3Cc4ccc(O)c5c4C2(CCN3CC2CC2)C1O5,8.43
COc1ccc2c3c1OC1C(=O)CCC4(NCCC=Cc5ccc(Cl)cc5)C(C2)N(CC2CC2)CCC314,7.47
CC1CN2CC(c3ccccc3)CCC2CC1(C)c1cccc(O)c1,8.05
CC1C2CCCCN2CCC1(C)c1cccc(O)c1,7.16
CC1C2CCC(c3ccccc3)CN2CCC1(C)c1cccc(O)c1,7.8
CC1CN2CCCCC2CC1(C)c1cccc(O)c1,6.28
CC(=O)OC1CC(COC(=O)C2CC2)C2(C)CCC3C(=O)OC(c4ccoc4)CC3(C)C2C1=O,6.66
COCCOCC(=O)OCC1CC(OC(C)=O)C(=O)C2C1(C)CCC1C(=O)OC(c3ccoc3)CC12C,6.21
CC(=O)OC1CC(CO)C2(C)CCC3C(=O)OC(c4ccoc4)CC3(C)C2C1=O,7.36
Cc1ccccc1CN1CCN2CC(C)C(C)(c3cccc(O)c3)CC2C1,7.52
CC1CN2CCN(Cc3ccccc3Cl)CC2CC1(C)c1cccc(O)c1,7.8
CC1CN2CCN(CCc3ccccc3)CC2CC1(C)c1cccc(O)c1,6.96
CC1CN2CCN(Cc3cccnc3)CC2CC1(C)c1cccc(O)c1,6.4
CC1CN2CCN(Cc3ccccn3)CC2CC1(C)c1cccc(O)c1,6.41
CC1CN2CCN(Cc3ccoc3)CC2CC1(C)c1cccc(O)c1,6.92
COC(=O)c1cccc(CN2CCN3CC(C)C(C)(c4cccc(O)c4)CC3C2)c1,6.85
CC1CN2CC(c3ccccc3)N(Cc3ccccc3)CC2CC1(C)c1cccc(O)c1,6.92
CC1CN2CC(c3ccccc3)NCC2CC1(C)c1cccc(O)c1,7.75
CC1CN2CC(c3ccccc3)N(Cc3ccccc3)CC2CC1(C)c1cccc(C(N)=O)c1,6.34
CC1CN2CCN(Cc3cccc(OCc4ccccc4)c3)CC2CC1(C)c1cccc(O)c1,7.48
Cc1ccc(CN2CCN3CC(C)C(C)(c4cccc(O)c4)CC3C2)cc1,6.52
CC1CN2CC(C3CCCCC3)NCC2CC1(C)c1cccc(O)c1,7.8
Cc1cccc(CN2CCN3CC(C)C(C)(c4cccc(O)c4)CC3C2)c1,6.89
CC1CN2CCN(CC3CCCCC3)CC2CC1(C)c1cccc(O)c1,7.08
CC1CN2CCN(Cc3cccc(Cl)c3)CC2CC1(C)c1cccc(O)c1,7.08
CC1CN2CC(Cc3ccccc3)NCC2CC1(C)c1cccc(O)c1,7.07
CC1CN2CCN(C(=O)Nc3ccccc3)CC2CC1(C)c1cccc(O)c1,6.38
CC1CN2CCN(Cc3ccccc3O)CC2CC1(C)c1cccc(O)c1,7.12
CC1CN2CCN(Cc3cccs3)CC2CC1(C)c1cccc(O)c1,7.43
CC1CN2CCN(Cc3ccsc3)CC2CC1(C)c1cccc(O)c1,7.42
CC1CN2CCCN(Cc3ccccc3)CC2CC1(C)c1cccc(O)c1,6.27
CC1CN2CCN(Cc3cccc(Oc4ccccc4)c3)CC2CC1(C)c1cccc(O)c1,7.62
CC1CN2CCN(Cc3ccc(O)cc3)CC2CC1(C)c1cccc(O)c1,6.57
CC1CN2CCN(Cc3ccccc3)CC2CC1(C)c1cccc(O)c1,7.37
CC1CN2CCN(Cc3ccc(Cl)cc3)CC2CC1(C)c1cccc(O)c1,6.55
CC1CN2CCN(Cc3cccc(O)c3)CC2CC1(C)c1cccc(O)c1,7.25
CC1CN2CCN(Cc3ccc4ccccc4c3)CC2CC1(C)c1cccc(O)c1,6.01
CC1CN2CCN(CCCc3ccccc3)CC2CC1(C)c1cccc(O)c1,6.02
CC1CN2CCN(C(=O)c3ccccc3)CC2CC1(C)c1cccc(O)c1,6.75
CC1CN2CC(c3ccccc3)N(C)CC2CC1(C)c1cccc(O)c1,7.89
CC1CN2CCN(c3ccccc3)CC2CC1(C)c1cccc(O)c1,5.43
CC1CN2CCN(C(=O)Cc3ccccc3)CC2CC1(C)c1cccc(O)c1,6.27
CC1CN2CCN(Cc3cccc4ccccc34)CC2CC1(C)c1cccc(O)c1,6.64
CC(=O)N1CC2CC(C)(c3cccc(O)c3)C(C)CN2CC1c1ccccc1,6.21
CNC1CC(C(=O)OC)C2(C)CCC3C(=O)OC(c4ccoc4)CC3(C)C2C1=O,6.48
CNC(=O)C1CC(OC(C)=O)C(=O)C2C1(C)CCC1C(=O)OC(c3ccoc3)CC12C,5.86
CCC(=O)N(CC)C1CC(C(=O)OC)C2(C)CCC3C(=O)OC(c4ccoc4)CC3(C)C2C1=O,7.42
COC(=O)C1CC(N(C)C(C)=O)C(=O)C2C1(C)CCC1C(=O)OC(c3ccoc3)CC12C,8.49
CCN(C(C)=O)C1CC(C(=O)OC)C2(C)CCC3C(=O)OC(c4ccoc4)CC3(C)C2C1=O,7.56
COC(=O)C1CC(N)C(=O)C2C1(C)CCC1C(=O)OC(c3ccoc3)CC12C,6.65
CCC(=O)NC1CC(C(=O)OC)C2(C)CCC3C(=O)OC(c4ccoc4)CC3(C)C2C1=O,6.93
CCC(=O)N(C)C1CC(C(=O)OC)C2(C)CCC3C(=O)OC(c4ccoc4)CC3(C)C2C1=O,8.8
COC(=O)C1CC(NC(C)=O)C(=O)C2C1(C)CCC1C(=O)OC(c3ccoc3)CC12C,6.83
COCC1CC(OC(C)=O)C(=O)C2C1(C)CC(=O)C1COC(c3ccoc3)CC12C,6.11
COC(=O)C1CC(NC(C)C)C(=O)C2C1(C)CCC1C(=O)OC(c3ccoc3)CC12C,8.64
CC(=O)OC1CC(CO)C2(C)CC(=O)C3COC(c4ccoc4)CC3(C)C2C1=O,6.0
Oc1ccc2c3c1OC1C(O)CCC4(O)C(C2)N(CC2CCC2)CCC314,8.66
C=CCN1CCC23c4c5ccc(OC(=O)CCCCCCCCC(=O)Oc6ccc7c(c6)C68CCCCC6C(C7)N(CC6CCC6)CC8)c4OC2C(=O)CCC3(O)C1C5,9.89
O=C(CCCCCCCCC(=O)Oc1ccc2c3c1OC1C(=O)CCC4(O)C(C2)N(CC2CC2)CCC314)Oc1ccc2c(c1)C13CCCCC1C(C2)N(CC1CCC1)CC3,9.92
O=C(CCCCCCCCC(=O)Oc1ccc2c3c1OC1C(O)CCC4(O)C(C2)N(CC2CCC2)CCC314)Oc1ccc2c(c1)C13CCCCC1C(C2)N(CC1CCC1)CC3,9.47
CN1CCC23c4c5ccc(O)c4OC2c2c(c4c(n2CCc2ccccc2)CCCC4)CC3(O)C1C5,6.79
CCn1c2c(c3c1C1Oc4c(O)ccc5c4C14CCN(CC1CC1)C(C5)C4(O)C3)CCCC2,8.13
CCn1cc(-c2ccccc2)c2c1C1Oc3c(O)ccc4c3C13CCN(CC1CC1)C(C4)C3(O)C2,7.61
CN1CCC23c4c5ccc(O)c4OC2c2c(c4c(n2Cc2ccccc2)CCCC4)CC3(O)C1C5,6.54
Cn1cc(-c2ccccc2)c2c1C1Oc3c(O)ccc4c3C13CCN(CC1CC1)C(C4)C3(O)C2,7.73
Oc1ccc2c3c1OC1c4c(c5c(n4CC4CC4)CCCC5)CC4(O)C(C2)N(CC2CC2)CCC314,8.6
Oc1ccc2c3c1OC1c4c(c5c(n4CCc4ccccc4)CCCC5)CC4(O)C(C2)N(CC2CC2)CCC314,8.05
CN1CCC23c4c5ccc(O)c4OC2c2c(c4c(n2C)CCCC4)CC3(O)C1C5,7.05
Oc1ccc2c3c1OC1c4c(c5c(n4CC4CCCCC4)CCCC5)CC4(O)C(C2)N(CC2CC2)CCC314,7.6
Oc1ccc2c3c1OC1c4c(c5c(n4Cc4ccccc4)CCCC5)CC4(O)C(C2)N(CC2CC2)CCC314,8.2
Cn1c2c(c3c1C1Oc4c(O)ccc5c4C14CCN(CC1CC1)C(C5)C4(O)C3)CCCC2,8.39
CCn1c2c(c3c1C1Oc4c(O)ccc5c4C14CCN(C)C(C5)C4(O)C3)CCCC2,6.78
Oc1ccc2c3c1OC1c4c(c(-c5ccccc5)cn4Cc4ccccc4)CC4(O)C(C2)N(CC2CC2)CCC314,6.92
CN1CCC23c4c5ccc(O)c4OC2c2c(c4c(n2CC2CCCCC2)CCCC4)CC3(O)C1C5,6.58
COC(=O)C1CC(NC(=O)c2ccccc2)C(=O)C2C1(C)CCC1C(=O)OC(c3ccoc3)CC12C,5.13
COC(=O)C1CC(OC(=O)c2cccc(OC)c2)C(=O)C2C1(C)CCC1C(=O)OC(c3ccoc3)CC12C,6.26
COC(=O)C1CC(OC(=O)c2cccc3ccccc23)C(=O)C2C1(C)CCC1C(=O)OC(c3ccoc3)CC12C,6.39
COC(=O)C1CC(OC(=O)c2ccsc2)C(=O)C2C1(C)CCC1C(=O)OC(c3ccoc3)CC12C,7.1
COC(=O)C1CC(OC(=O)C2CCCCC2)C(=O)C2C1(C)CCC1C(=O)OC(c3ccoc3)CC12C,5.7
COC(=O)C1CC(OC(=O)c2ccc([N+](=O)[O-])cc2)C(=O)C2C1(C)CCC1C(=O)OC(c3ccoc3)CC12C,6.24
COC(=O)C1CC(NS(=O)(=O)c2ccccc2)C(=O)C2C1(C)CCC1C(=O)OC(c3ccoc3)CC12C,5.85
COC(=O)C1CC(OC(=O)c2cc3ccccc3o2)C(=O)C2C1(C)CCC1C(=O)OC(c3ccoc3)CC12C,7.16
COC(=O)C1CC(OC(=O)c2cccc(Br)c2)C(=O)C2C1(C)CCC1C(=O)OC(c3ccoc3)CC12C,7.16
COC(=O)C1CC(OC(=O)c2cccc([N+](=O)[O-])c2)C(=O)C2C1(C)CCC1C(=O)OC(c3ccoc3)CC12C,6.1
COC(=O)C1CC(OC(=O)c2ccccc2OC)C(=O)C2C1(C)CCC1C(=O)OC(c3ccoc3)CC12C,6.64
COC(=O)C1CC(NS(C)(=O)=O)C(=O)C2C1(C)CCC1C(=O)OC(c3ccoc3)CC12C,6.58
COC(=O)C1CC(OC(=O)c2ccc(Br)cc2)C(=O)C2C1(C)CCC1C(=O)OC(c3ccoc3)CC12C,6.13
COC(=O)C1CC(OC(=O)c2ccc(OC)cc2)C(=O)C2C1(C)CCC1C(=O)OC(c3ccoc3)CC12C,6.27
COC(=O)C1CC(SC(=O)c2ccccc2)C(=O)C2C1(C)CCC1C(=O)OC(c3ccoc3)CC12C,5.85
COC(=O)C1CC(OC(=O)c2ccccc2[N+](=O)[O-])C(=O)C2C1(C)CCC1C(=O)OC(c3ccoc3)CC12C,6.05
COC(=O)C1CC(OC(=O)c2ccccc2Br)C(=O)C2C1(C)CCC1C(=O)OC(c3ccoc3)CC12C,7.05
COC(=O)C1CC(OC(=O)c2cccs2)C(=O)C2C1(C)CCC1C(=O)OC(c3ccoc3)CC12C,6.58
COC(=O)C1CC(OC(=O)c2ccc3ccccc3c2)C(=O)C2C1(C)CCC1C(=O)OC(c3ccoc3)CC12C,5.26
COc1c(O)ccc2c1C13CCN(CC4CC4)C(C2)C1(O)Cc1c([nH]c2ccccc12)C3,7.1
COc1ccc2c(c1OC)C13CCN(CC4CC4)C(C2)C1(O)Cc1c([nH]c2ccccc12)C3,5.84
CN1CCC23c4c5ccc(O)c4OC2c2[nH]c4ccccc4c2CC3(O)C1C5,6.29
COc1c(O)ccc2c1C13CCN(C)C(C2)C1(O)Cc1c([nH]c2ccccc12)C3,6.24
COc1cc(CC(=O)N(C)C(CN2CCC(O)C2)c2ccccc2)c(S(=O)(=O)N2CCOCC2)cc1OC,8.85
COc1ccc(CC(=O)N(C)C(CN2CCCC2)c2ccccc2)cc1OC,8.55
CN(C(=O)Cc1cc2c(cc1S(=O)(=O)N(C)C)OCO2)C(CN1CCCC1)c1ccccc1,9.66
COc1cc(CC(=O)N(C)C(CN2CCCC2)c2ccccc2)c(S(=O)(=O)N(C)Cc2ccccc2)cc1OC,9.17
CN(C(=O)Cc1cc2c(cc1S(=O)(=O)N(C)Cc1ccccc1)OCO2)C(CN1CCCC1)c1ccccc1,9.72
CN(C(=O)Cc1ccc2c(c1)OCO2)C(CN1CCCC1)c1ccccc1,9.15
COc1cc(CC(=O)N(C)C(CN2CCC(O)C2)c2ccccc2)c(S(=O)(=O)N2CCN(C)CC2)cc1OC,8.42
CCC(C)C(NC(=O)C(CCCNC(=N)N)NC(=O)C(CCCNC(=N)N)NC(=O)C(CC(C)C)NC(=O)C(Cc1ccccc1)NC(=O)CNC(=O)CNC(=O)C(N)Cc1ccc(O)cc1)C(=O)NC(CCCNC(=N)N)C(=O)N1CCCC1C(=O)NC(CCCCN)C(=O)NC(CC(C)C)C(=O)NC(CCCCN)C(=O)NC(Cc1c[nH]c2ccccc12)C(=O)NC(CC(=O)O)C(=O)NC(CC(N)=O)C(=O)NC(CCC(N)=O)C(=O)O,9.68
COc1cc(CC(=O)N(C)C(CN2CCC(O)C2)c2ccccc2)c(S(=O)(=O)N(C)C)cc1OC,8.8
COc1cc(CC(=O)N(C)C(CN2CCCC2)c2ccccc2)c(S(=O)(=O)N2CCOCC2)cc1OC,9.26
COc1cc(CC(=O)N(C)C(CN2CCCC2)c2ccccc2)c(S(=O)(=O)N(C)C)cc1OC,9.3
CN(C(=O)Cc1cc2c(cc1S(=O)(=O)N(C)C)OCO2)C(CN1CCC(O)C1)c1ccccc1,9.27
COc1cc(CC(=O)N(C)C(CN2CCC(O)C2)c2ccccc2)c(S(=O)(=O)N2CCCC2)cc1OC,8.96
CC(C)C1CCC(N2CCC3(CC2)C(=O)N(C)Cc2cccc(F)c23)CC1,6.38
CC(C)(C)C1CCC(N2CCC3(CC2)C(=O)N(Cc2ccccc2)Cc2cc(F)ccc23)CC1,5.96
CC(C)(C)C1CCC(N2CCC3(CC2)C(=O)N(Cc2ccccc2)Cc2cccc(F)c23)CC1,6.72
CN1Cc2ccccc2C2(CCN(C3CCC(C(C)(C)C)CC3)CC2)C1=O,6.75
CN1Cc2cccc(F)c2C2(CCN(C3CCC(C(C)(C)C)CC3)CC2)C1=O,5.44
CC(C)(C)C1CCC(N2CCC3(CC2)C(=O)NCc2cc(F)ccc23)CC1,5.44
CC(C)C1CCC(N2CCC3(CC2)C(=O)N(Cc2ccccc2)Cc2ccccc23)CC1,6.03
CC(C)C1CCC(N2CCC3(CC2)C(=O)N(Cc2ccccc2)Cc2cccc(F)c23)CC1,6.91
CC(C)C1CCC(N2CCC3(CC2)C(=O)N(Cc2ccccc2)Cc2cc(F)ccc23)CC1,5.72
O=C1NCN(c2ccccc2)C12CCN(C1CCC3CCCc4cccc1c43)CC2,7.05
CC(C)(C)C1CCC(N2CCC3(CC2)C(=O)N(Cc2ccccc2)Cc2ccccc23)CC1,7.01
CC(C)C1CCC(N2CCC3(CC2)C(=O)NCc2cc(F)ccc23)CC1,5.4
C=CC(O)C#CC#CC(O)C=CCCCCCCC,5.6
CC(C)=CC(O)CC(C)=CCOc1ccc2ccc(=O)oc2c1,5.58
CC1CN(CC(Cc2ccccc2)C(=O)NC(Cc2ccc3ccccc3c2)C(=O)O)CCC1(C)c1cccc(O)c1,6.62
CC1CN(CC(Cc2ccccc2)C(=O)NC(CCCN)C(=O)O)CCC1(C)c1cccc(O)c1,6.7
CC1CN(CCC(=O)N(CCc2ccccc2)C(Cc2ccccc2)C(=O)O)CCC1(C)c1cccc(O)c1,5.92
CC1CN(CC(Cc2ccccc2)C(=O)NC(CCc2ccccc2)C(=O)O)CCC1(C)c1cccc(O)c1,6.29
CC1CN(CC(Cc2ccccc2)C(=O)NC(Cc2ccc(-c3ccccc3)cc2)C(=O)O)CCC1(C)c1cccc(O)c1,6.8
CC1CN(CCC(=O)NC(Cc2ccc(-c3ccccc3)cc2)C(=O)O)CCC1(C)c1cccc(O)c1,5.96
CC(C)CN(C(=O)CCN1CCC(C)(c2cccc(O)c2)C(C)C1)C(Cc1ccccc1)C(=O)O,5.66
CC(NC(=O)C(Cc1ccccc1)CN1CCC(C)(c2cccc(O)c2)C(C)C1)C(=O)O,7.17
CC1CN(CCC(=O)N(CC2CC2)C(Cc2ccccc2)C(=O)O)CCC1(C)c1cccc(O)c1,5.66
CC1CN(CCC(=O)N(Cc2cccc(Cl)c2)C(Cc2ccccc2)C(=O)O)CCC1(C)c1cccc(O)c1,6.34
CC1CN(CC(Cc2ccccc2)C(=O)NCC(=O)O)CCC1(C)c1cccc(O)c1,7.0
CC1CN(CC(Cc2ccccc2)C(=O)NC(CCCCN)C(=O)O)CCC1(C)c1cccc(O)c1,6.24
CC1CN(CC(Cc2ccccc2)C(=O)NC(Cc2ccccc2)C(=O)O)CCC1(C)c1cccc(O)c1,6.6
CC1CN(CCC(=O)N(Cc2ccccc2)C(Cc2ccccc2)C(=O)O)CCC1(C)c1cccc(O)c1,6.26
CC1CN(CCC(=O)NC(CCc2ccccc2)C(=O)O)CCC1(C)c1cccc(O)c1,6.16
CC1CN(CC(Cc2ccccc2)C(=O)NC(Cc2cccc3ccccc23)C(=O)O)CCC1(C)c1cccc(O)c1,7.08
CC1CN(CC(Cc2ccccc2)C(=O)NC(CC2CCCCC2)C(=O)O)CCC1(C)c1cccc(O)c1,6.14
CC1CN(CCC(=O)N(c2ccccc2)C(Cc2ccccc2)C(=O)O)CCC1(C)c1cccc(O)c1,5.85
CC1CN(CCC(=O)N(Cc2ccc(-c3ccccc3)cc2)C(Cc2ccccc2)C(=O)O)CCC1(C)c1cccc(O)c1,6.64
C=CCN1CC2C(c3ccccc3)=CCC1CN2Cc1ccc(C(=O)N(CC)CC)cc1,6.05
CCCN1CC2C(c3ccccc3)CCC1CN2Cc1ccc(C(=O)N(CC)CC)cc1,5.62
C=CCN1CC2C(c3ccccc3)CCC1CN2Cc1ccc(C(=O)N(CC)CC)cc1,5.96
COC(=O)C1CC(OCOCCF)C(=O)C2C1(C)CCC1C(=O)OC(c3ccoc3)CC12C,8.72
CCOC(C)OC1CC(C(=O)OC)C2(C)CCC3C(=O)OC(c4ccoc4)CC3(C)C2C1=O,8.18
COC(=O)C1CC(OCOC(C)C)C(=O)C2C1(C)CCC1C(=O)OC(c3ccoc3)CC12C,8.8
COC(=O)C1CC(OCSC)C(=O)C2C1(C)CCC1C(=O)OC(c3ccoc3)CC12C,7.89
COC(=O)C1CC(OCOC(C)(C)C)C(=O)C2C1(C)CCC1C(=O)OC(c3ccoc3)CC12C,7.46
CCCCOCOC1CC(C(=O)OC)C2(C)CCC3C(=O)OC(c4ccoc4)CC3(C)C2C1=O,8.28
CCOCOC1CC(C(=O)OC)C2(C)CCC3C(=O)OC(c4ccoc4)CC3(C)C2C1=O,9.49
COC(=O)C1CC(OCF)C(=O)C2C1(C)CCC1C(=O)OC(c3ccoc3)CC12C,7.3
COC(=O)C1CC(OCOCC(F)(F)F)C(=O)C2C1(C)CCC1C(=O)OC(c3ccoc3)CC12C,7.51
CCCOCOC1CC(C(=O)OC)C2(C)CCC3C(=O)OC(c4ccoc4)CC3(C)C2C1=O,8.66
COC(=O)C1CC(OCOCc2ccccc2)C(=O)C2C1(C)CCC1C(=O)OC(c3ccoc3)CC12C,6.83
COC(=O)C1CC(OC(C)(C)OC)C(=O)C2C1(C)CCC1C(=O)OC(c3ccoc3)CC12C,7.14
COC(=O)C1CC(OC2CCCCO2)C(=O)C2C1(C)CCC1C(=O)OC(c3ccoc3)CC12C,8.4
COCCOCOC1CC(C(=O)OC)C2(C)CCC3C(=O)OC(c4ccoc4)CC3(C)C2C1=O,6.85
COc1cccc(C(=O)NC2CCC3(O)C4Cc5ccc(O)c6c5C3(CCN4CC3CC3)C2O6)c1,9.62
O=C(NC1CCC2(O)C3Cc4ccc(O)c5c4C2(CCN3CC2CC2)C1O5)c1cccc(O)c1,10.22
O=C(CCc1ccccc1)NC1CCC2(O)C3Cc4ccc(O)c5c4C2(CCN3CC2CC2)C1O5,10.05
O=C(Cc1cccs1)NC1CCC2(O)C3Cc4ccc(O)c5c4C2(CCN3CC2CC2)C1O5,8.92
O=C(NC1CCC2(O)C3Cc4ccc(O)c5c4C2(CCN3CC2CC2)C1O5)c1ccccn1,9.41
COc1cc(OC)cc(C(=O)NC2CCC3(O)C4Cc5ccc(O)c6c5C3(CCN4CC3CC3)C2O6)c1,9.54
O=C(CC1OC(COCc2ccccc2)C(OCc2ccccc2)C(OCc2ccccc2)C1OCc1ccccc1)NC1CCC2(O)C3Cc4ccc(O)c5c4C2(CCN3CC2CC2)C1O5,9.29
COc1ccc(CC(=O)NC2CCC3(O)C4Cc5ccc(O)c6c5C3(CCN4CC3CC3)C2O6)cc1,9.38
CN(C)c1cccc(C(=O)NC2CCC3(O)C4Cc5ccc(O)c6c5C3(CCN4CC3CC3)C2O6)c1,8.77
O=C(Cc1ccccc1)NC1CCC2(O)C3Cc4ccc(O)c5c4C2(CCN3CC2CC2)C1O5,9.37
O=C(NC1CCC2(O)C3Cc4ccc(O)c5c4C2(CCN3CC2CC2)C1O5)c1ccc(Cl)cc1,9.43
COC(=O)c1ccc(C(=O)NC2CCC3(O)C4Cc5ccc(O)c6c5C3(CCN4CC3CC3)C2O6)cc1,9.14
Nc1ccc(C(=O)NC2CCC3(O)C4Cc5ccc(O)c6c5C3(CCN4CC3CC3)C2O6)cc1,9.4
O=C(CC1OC(CO)C(O)C(O)C1O)NC1CCC2(O)C3Cc4ccc(O)c5c4C2(CCN3CC2CC2)C1O5,8.69
O=C(NC1CCC2(O)C3Cc4ccc(O)c5c4C2(CCN3CC2CC2)C1O5)c1ccc(Cl)c(Cl)c1,10.0
COc1cccc(CC(=O)NC2CCC3(O)C4Cc5ccc(O)c6c5C3(CCN4CC3CC3)C2O6)c1,9.35
CC(C)(C)OC(=O)Nc1ccc(C(=O)NC2CCC3(O)C4Cc5ccc(O)c6c5C3(CCN4CC3CC3)C2O6)cc1,9.1
C=C1CCC2(O)C3Cc4ccc(O)c5c4C2(CCN3CC2CC2)C1O5,8.99
O=C(NC1CCC2(O)C3Cc4ccc(O)c5c4C2(CCN3CC2CC2)C1O5)c1cccc([N+](=O)[O-])c1,9.55
O=C(NC1CCC2(O)C3Cc4ccc(O)c5c4C2(CCN3CC2CC2)C1O5)c1ccccc1,9.8
O=C(O)c1ccc(C(=O)NC2CCC3(O)C4Cc5ccc(O)c6c5C3(CCN4CC3CC3)C2O6)cc1,6.82
O=C(C=CCc1ccccc1)NC1CCC2(O)C3Cc4ccc(O)c5c4C2(CCN3CC2CC2)C1O5,9.04
NC(=O)c1ccc2c3c1OC1C(O)CCC4(O)C(C2)N(CC2CCC2)CCC314,9.34
Oc1ccc2c3c1OC1CCCC4(O)C(C2)N(CC2CC2)CCC314,9.62
NC(=O)c1ccc2c3c1OC1c4[nH]c5ccccc5c4CC4(O)C(C2)N(CC2CC2)CCC314,7.33
C[N+]1(CC2CC2)CCC23c4c5ccc(C(N)=O)c4OC2C(=O)CCC3(O)C1C5,6.68
C[N+]1(CC2CC2)CCC23CC(=O)CCC2(O)C1Cc1ccc(C(N)=O)c(O)c13,8.11
C[N+]1(CC2CC2)CCC23c4c5ccc(O)c4OC2C(=O)CCC3(O)C1C5,8.2
NC(=O)c1ccc2c(c1O)C13CCN(CC4CC4)C(C2)C1(O)Cc1c([nH]c2ccccc12)C3,9.09
CN1CCC23c4c5ccc(O)c4OC2C(=O)CCC3C1C5,8.55
NC(=O)c1ccc2c3c1OC1CCCC4(O)C(C2)N(CC2CC2)CCC314,7.8
NC(=O)c1ccc2c(c1O)C13CCN(CC4CCC4)C(C2)C1(O)CCC(O)C3,9.47
CN1CCC23c4c5ccc(C(N)=O)c4OC2C(=O)CCC3C1C5,7.72
NC(=O)c1ccc2c(c1O)C13CCCCC1(O)C(C2)N(CC1CC1)CC3,9.54
CN1CCC23CC(=O)CCC2C1Cc1ccc(C(N)=O)c(O)c13,8.64
NC(=O)C1(c2ccc(F)cc2)CC2CCC(C1)N2C(c1ccccc1Cl)c1ccccc1Cl,6.12
Cc1ccccc1C(c1ccccc1C)N1C2CCC1CC(O)(c1ccccc1)C2,6.88
CC1C2Cc3ccc(C(N)=O)c([N+](=O)[O-])c3C1(C)CCN2CC1CC1,7.47
CC1C2Cc3ccc(C(N)=O)c(N)c3C1(C)CCN2CC1CC1,9.15
CC1C2Cc3cc(N)c(C(N)=O)cc3C1(C)CCN2CC1CC1,7.5
CC1C2Cc3cc4ncnc(NCc5ccccc5)c4cc3C1(C)CCN2CC1CC1,7.32
CC1C2Cc3cc4nc[nH]c(=O)c4cc3C1(C)CCN2CC1CC1,7.92
CC1C2Cc3cc([N+](=O)[O-])c(O)cc3C1(C)CCN2CC1CC1,6.24
CC1C2Cc3cc4ncnc(N)c4cc3C1(C)CCN2CC1CC1,6.25
CC1C2Cc3ccc4c(NCCc5ccc(-c6ccccc6)cc5)ncnc4c3C1(C)CCN2CC1CC1,8.07
CC1C2Cc3ccc(O)c([N+](=O)[O-])c3C1(C)CCN2CC1CC1,8.49
CC1C2Cc3cc4ncnc(NCCc5ccc(-c6ccccc6)cc5)c4cc3C1(C)CCN2CC1CC1,6.85
CC1C2Cc3cc4cc[nH]c(=O)c4cc3C1(C)CCN2CC1CC1,9.13
CC1C2Cc3cc([N+](=O)[O-])c(C(N)=O)cc3C1(C)CCN2CC1CC1,6.96
CC1C2Cc3ccc4c(N)ncnc4c3C1(C)CCN2CC1CC1,9.0
CC1C2Cc3ccc4c(NCc5ccccc5)ncnc4c3C1(C)CCN2CC1CC1,6.62
CC1C2Cc3ccc4c(=O)[nH]cnc4c3C1(C)CCN2CC1CC1,6.8
COC(=O)C1CC(OC(C)=O)C(=O)C2C1(C)CCC1C(=O)OC(C(=O)c3cccs3)CC12C,7.42
COC(=O)C1CC(OC(C)=O)C(=O)C2C1(C)CCC1C(=O)OC(C(=O)OC(C)C)CC12C,6.96
CCOC(=O)C1CC2(C)C(CCC3(C)C(C(=O)OC)CC(OC(C)=O)C(=O)C32)C(=O)O1,6.71
C=Cc1occc1C1CC2(C)C(CCC3(C)C(C(=O)OC)CC(OC(C)=O)C(=O)C32)C(=O)O1,8.15
COC(=O)C1CC2(C)C(CCC3(C)C(C(=O)OC)CC(OC(C)=O)C(=O)C32)C(=O)O1,6.81
COC(=O)C1CC(OC(C)=O)C(=O)C2C1(C)CCC1C(=O)OC(C(O)c3ccco3)CC12C,7.7
COC(=O)C1CC(OC(C)=O)C(=O)C2C1(C)CCC1C(=O)OC(COC(C)=O)CC12C,6.26
CCOCC1CC2(C)C(CCC3(C)C(C(=O)OC)CC(OC(C)=O)C(=O)C32)C(=O)O1,6.3
COC(=O)C1CC(OC(C)=O)C(=O)C2C1(C)CCC1C(=O)OC(C(=O)O)CC12C,7.26
COCC1CC2(C)C(CCC3(C)C(C(=O)OC)CC(OC(C)=O)C(=O)C32)C(=O)O1,6.3
COC(=O)C1CC(OC(C)=O)C(=O)C2C1(C)CCC1C(=O)OC(C(=O)c3cnccn3)CC12C,7.08
CCCC(C)(O)C1CC23C=CC1(OC)C1Oc4c(O)ccc5c4C12CCN(C)C3C5,9.3
FC(F)(F)c1ccc(C2=CC3(CCNCC3)Oc3ccccc32)cc1,5.7
C=CCN1CC(C)N(C(c2ccc(C(=O)N(CC)CC)cc2)c2cccc(O)c2)CC1C,5.47
CCN(CC)C(=O)c1ccc(C2=CC3(CCNCC3)Oc3ccc(O)cc32)cc1,6.08
CC1CN(c2nc3ccccc3n2C2CCN(C3(C)CCCCCCC3)CC2)CC(C)N1,7.82
CC1(N2CCC(n3c(-c4cccc(C(F)(F)F)c4)nc4ccccc43)CC2)CCCCCCC1,6.45
CC1(N2CCC(n3c(C4CCCNC4)nc4ccccc43)CC2)CCCCCCC1,8.04
CC1(N2CCC(n3c(-c4cccc(CN)c4)nc4ccccc43)CC2)CCCCCCC1,7.14
CN1CCCC(c2nc3ccccc3n2C2CCN(C3(C)CCCCCCC3)CC2)C1,8.0
CC1(N2CCC(n3c(-c4cccc(OCCO)c4)nc4ccccc43)CC2)CCCCCCC1,7.37
O=C1NC(Cc2ccc(F)cc2)C(=O)N2CCCC2C(=O)NC(Cc2ccccc2)C(=O)NC1Cc1c[nH]c2ccccc12,7.55
O=C1NC(Cc2ccccc2)C(=O)N2CCCC2C(=O)NC(Cc2ccc(O)cc2)C(=O)NC1Cc1c[nH]c2ccccc12,6.85
O=C1NC(Cc2cccc(O)c2)C(=O)N2CCCC2C(=O)NC(Cc2ccccc2)C(=O)NC1Cc1c[nH]c2ccccc12,7.11
O=C1NCC(=O)N2CCCC2C(=O)NC(Cc2ccccc2)C(=O)NC1Cc1c[nH]c2ccccc12,6.57
COc1ccc(CC2NC(=O)C(Cc3c[nH]c4ccccc34)NC(=O)C(Cc3ccccc3)NC(=O)C3CCCN3C2=O)cc1,7.18
O=C1NC(Cc2ccccc2)C(=O)N2CCCC2C(=O)NC(Cc2ccccc2)C(=O)NC1Cc1c[nH]c2ccccc12,8.42
O=C1NC(Cc2ccc(O)cc2)C(=O)N2CCCC2C(=O)NC(Cc2ccccc2)C(=O)NC1Cc1c[nH]c2ccccc12,6.66
O=C1NC(Cc2ccccc2)C(=O)N2CCCC2C(=O)NC(Cc2cccc(O)c2)C(=O)NC1Cc1c[nH]c2ccccc12,7.7
O=C1NC(Cc2ccccc2)C(=O)N2CCCC2C(=O)NC(Cc2ccc(F)cc2)C(=O)NC1Cc1c[nH]c2ccccc12,7.68
CC1NC(=O)C(Cc2c[nH]c3ccccc23)NC(=O)C(Cc2ccccc2)NC(=O)C2CCCN2C1=O,8.28
OC12CCCCC13CCN(CC1CCC1)C2Cc1ccc(OCCc2ccccc2)cc13,8.05
O=C(Cc1ccccc1)Oc1ccc2c(c1)C13CCCCC1(O)C(C2)N(CC1CCC1)CC3,9.32
Nc1ccc(Oc2ccc3c(c2)C24CCCCC2(O)C(C3)N(CC2CCC2)CC4)cc1,8.28
OCCCOc1ccc2c(c1)C13CCCCC1(O)C(C2)N(CC1CCC1)CC3,8.07
Cc1ccc(C(C)C(=O)Oc2ccc3c(c2)C24CCCCC2(O)C(C3)N(CC2CCC2)CC4)cc1,8.89
Oc1ccc2c(c1)C13CCCCC1(O)C(C2)N(CC1CCC1)CC3,9.92
O=C(Oc1ccc2c(c1)C13CCCCC1(O)C(C2)N(CC1CCC1)CC3)c1ccc(-c2ccccc2)cc1,7.75
O=C(COc1ccccc1)Oc1ccc2c(c1)C13CCCCC1(O)C(C2)N(CC1CCC1)CC3,10.32
OC12CCCCC13CCN(CC1CCC1)C2Cc1ccc(OCc2ccccc2)cc13,7.55
COc1ccc(CC(=O)Oc2ccc3c(c2)C24CCCCC2(O)C(C3)N(CC2CCC2)CC4)cc1,9.68
O=[N+]([O-])c1ccc(Oc2ccc3c(c2)C24CCCCC2(O)C(C3)N(CC2CCC2)CC4)cc1,7.55
O=C(Cc1ccc(-c2ccccc2)cc1)Oc1ccc2c(c1)C13CCCCC1(O)C(C2)N(CC1CCC1)CC3,9.06
NC(=O)COc1ccc2c(c1)C13CCCCC1(O)C(C2)N(CC1CCC1)CC3,7.17
NC(=O)C1(c2ccc(F)cn2)CC2CCC(C1)N2C(c1ccccc1Cl)c1ccccc1Cl,5.79
COc1ccccc1C=CC(=O)NC1CCC2(O)C3Cc4ccc(O)c5c4C2(CCN3CC2CC2)C1O5,9.47
O=C(C=Cc1cccc([N+](=O)[O-])c1)NC1CCC2(O)C3Cc4ccc(O)c5c4C2(CCN3CC2CC2)C1O5,9.44
O=C(C=Cc1ccccc1)NC1CCC2(OCc3ccccc3)C3Cc4ccc(O)c5c4C2(CCN3CC2CC2)C1O5,9.07
CC(=O)OC12CCC(NC(=O)C=Cc3ccccc3)C3Oc4c(O)ccc5c4C31CCN(CC1CC1)C2C5,9.23
O=C(C=Cc1ccccc1)NC1CCC2(O)C3Cc4ccc(O)c5c4C2(CCN3CC2CC2)C1O5,10.37
O=C(C=Cc1ccccc1[N+](=O)[O-])NC1CCC2(O)C3Cc4ccc(O)c5c4C2(CCN3CC2CC2)C1O5,9.52
C=CCOC12CCC(NC(=O)C=Cc3ccccc3)C3Oc4c(O)ccc5c4C31CCN(CC1CC1)C2C5,9.92
O=C(C=Cc1ccccc1Cl)NC1CCC2(O)C3Cc4ccc(O)c5c4C2(CCN3CC2CC2)C1O5,9.57
O=C(C=Cc1ccccc1)NC1CCC2(OC(=O)Cc3ccccc3)C3Cc4ccc(O)c5c4C2(CCN3CC2CC2)C1O5,9.59
O=C(C=Cc1ccccc1)NC1CCC2(OC(=O)c3ccccc3)C3Cc4ccc(O)c5c4C2(CCN3CC2CC2)C1O5,8.96
CN1CCC23CC1CCC2Oc1c(O)cccc13,6.04
Oc1ccc2c(c1)C13CCN(CCc4ccccc4)C(CCC1O2)C3,7.11
CN1CCC23CC1CCC2Oc1ccc(O)cc13,5.0
Oc1ccc2c(c1)C13CCCC(C1)N(CCc1ccccc1)CC3O2,6.25
O=C1CCC2(OCCCc3ccccc3)C3Cc4ccc(O)c5c4C2(CCN3CC2CC2)C1O5,9.39
COc1ccc2c3c1OC1C(=O)CCC4(OC(=O)C=Cc5ccccc5)C(C2)N(CC2CC2)CCC314,8.37
COc1ccc2c3c1OC1C(=O)CCC4(OC(=O)C=Cc5ccc(C)cc5)C(C2)N(CC2CC2)CCC314,7.44
COc1ccc2c3c1OC1C(=O)CCC4(OC(=O)C=Cc5ccc(Cl)cc5)C(C2)N(CC2CC2)CCC314,7.28
CC1C2Cc3cc4nn[nH]c4cc3C1(C)CCN2CC1CC1,9.09
CC1C2Cc3cc4nc(O)[nH]c4cc3C1(C)CCN2CC1CC1,7.92
CC1C2Cc3ccc4[nH]cnc4c3C1(C)CCN2CC1CC1,9.04
Cc1nc2c3c(ccc2[nH]1)CC1C(C)C3(C)CCN1CC1CC1,9.29
Cc1nc2cc3c(cc2[nH]1)C1(C)CCN(CC2CC2)C(C3)C1C,10.3
CC1C2Cc3ccc4[nH]nnc4c3C1(C)CCN2CC1CC1,9.64
CC1C2Cc3cc4nc[nH]c4cc3C1(C)CCN2CC1CC1,10.2
CC1C2Cc3cc4cc[nH]c4cc3C1(C)CCN2CC1CC1,8.15
CCNCCN1CN(c2ccccc2)C2(CCN(C3CCC(C)(C)c4ccccc43)CC2)C1=O,7.41
CC1(C)CCC(N2CCC3(CC2)C(=O)N(CCNCc2ccccc2)CN3c2ccccc2)c2ccccc21,6.82
CCCN1CN(c2ccccc2)C2(CCN(C3CCC(C)(C)c4ccccc43)CC2)C1=O,5.86
O=C1N(CC2CCCCC2)CN(c2ccccc2)C12CCN(C(c1ccccc1)c1ccccc1)CC2,5.63
O=C1N(CCNC2CCC2)CN(c2ccccc2)C12CCN(Cc1c(Cl)cccc1Cl)CC2,7.54
CNCCN1CN(c2ccccc2)C2(CCN(C3CCC(C)(C)c4ccccc43)CC2)C1=O,7.32
CN1CN(c2ccccc2)C2(CCN(C(c3ccccc3)c3ccccc3)CC2)C1=O,6.82
C=CCN1CN(c2ccccc2)C2(CCN(C(c3ccccc3)c3ccccc3)CC2)C1=O,6.16
COC(=O)CN1CN(c2ccccc2)C2(CCN(C(c3ccccc3Cl)c3ccccc3Cl)CC2)C1=O,5.64
CC(C)CCNCCN1CN(c2ccccc2)C2(CCN(C3CCC(C)(C)c4ccccc43)CC2)C1=O,7.09
CC(C)N1CN(c2ccccc2)C2(CCN(C(c3ccccc3)c3ccccc3)CC2)C1=O,6.26
O=C1N(CCN2CCCCC2)CN(c2ccccc2)C12CCN(C(c1ccccc1Cl)c1ccccc1Cl)CC2,6.55
CCCCNCCN1CN(c2ccccc2)C2(CCN(C3CCC(C)(C)c4ccccc43)CC2)C1=O,6.86
CC(C)N(CCN1CN(c2ccccc2)C2(CCN(C3CCC(C)(C)c4ccccc43)CC2)C1=O)C(C)C,7.07
CC1(C)CCC(N2CCC3(CC2)C(=O)N(CCNC2CCCCC2)CN3c2ccccc2)c2ccccc21,7.48
O=C1N(CCNC2CCCC2)CN(c2ccccc2)C12CCN(C(c1ccccc1Cl)c1ccccc1Cl)CC2,6.61
CC(C)CNCCN1CN(c2ccccc2)C2(CCN(C(c3ccccc3Cl)c3ccccc3Cl)CC2)C1=O,6.62
CC(C)CCN1CN(c2ccccc2)C2(CCN(C(c3ccccc3Cl)c3ccccc3Cl)CC2)C1=O,4.33
O=C1N(CCO)CN(c2ccccc2)C12CCN(C(c1ccccc1Cl)c1ccccc1Cl)CC2,5.76
COCCN1CN(c2ccccc2)C2(CCN(C(c3ccccc3Cl)c3ccccc3Cl)CC2)C1=O,5.74
CCCCN1CN(c2ccccc2)C2(CCN(C(c3ccccc3)c3ccccc3)CC2)C1=O,6.11
CCCNCCN1CN(c2ccccc2)C2(CCN(C3CCC(C)(C)c4ccccc43)CC2)C1=O,7.35
O=C1N(CC2CCC2)CN(c2ccccc2)C12CCN(C(c1ccccc1)c1ccccc1)CC2,5.73
O=C1N(CCNCC2CCCCC2)CN(c2ccccc2)C12CCN(C(c1ccccc1Cl)c1ccccc1Cl)CC2,6.57
CC(C)NCCN1CN(c2ccccc2)C2(CCN(C(c3ccccc3Cl)c3ccccc3Cl)CC2)C1=O,6.33
CC(C)NCCN1CN(c2ccccc2)C2(CCN(Cc3c(Cl)cccc3Cl)CC2)C1=O,7.4
C#CCN1CN(c2ccccc2)C2(CCN(C(c3ccccc3)c3ccccc3)CC2)C1=O,5.9
O=C1N(CCNCC2CC2)CN(c2ccccc2)C12CCN(Cc1c(Cl)cccc1Cl)CC2,7.6
CCCCNCCN1CN(c2ccccc2)C2(CCN(C3CCC(C)(C)c4cc(Cl)ccc43)CC2)C1=O,7.6
CCNCCN1CN(c2ccccc2)C2(CCN(Cc3c(Cl)cccc3Cl)CC2)C1=O,7.27
O=C1N(CC2CC2)CN(c2ccccc2)C12CCN(C(c1ccccc1)c1ccccc1)CC2,6.2
CN(C)CCN1CN(c2ccccc2)C2(CCN(C(c3ccccc3Cl)c3ccccc3Cl)CC2)C1=O,6.5
O=C1N(CCNC2CC2)CN(c2ccccc2)C12CCN(C(c1ccccc1Cl)c1ccccc1Cl)CC2,5.99
CC1(C)CCC(N2CCC3(CC2)C(=O)N(CCO)CN3c2ccccc2)c2ccccc21,6.18
CCN(CC)CCN1CN(c2ccccc2)C2(CCN(Cc3c(Cl)cccc3Cl)CC2)C1=O,7.25
CC(=O)CN1CN(c2ccccc2)C2(CCN(C3CCC(C)(C)c4ccccc43)CC2)C1=O,7.25
CNCCN1CN(c2ccccc2)C2(CCN(C(c3ccccc3Cl)c3ccccc3Cl)CC2)C1=O,6.06
CC1(C)CCC(N2CCC3(CC2)C(=O)N(CCNCC2CC2)CN3c2ccccc2)c2ccccc21,6.76
CC1(C)CCC(N2CCC3(CC2)C(=O)N(CCN2CCCC2)CN3c2ccccc2)c2ccccc21,6.77
CC(C)CNCCN1CN(c2ccccc2)C2(CCN(C3CCC(C)(C)c4ccccc43)CC2)C1=O,7.19
CCN1CN(c2ccccc2)C2(CCN(C(c3ccccc3)c3ccccc3)CC2)C1=O,6.3
C=CCNCCN1CN(c2ccccc2)C2(CCN(C3CCC(C)(C)c4ccccc43)CC2)C1=O,6.68
CC1(C)CCC(N2CCC3(CC2)C(=O)N(CCNC2CCC2)CN3c2ccccc2)c2ccccc21,7.35
NCCN1CN(c2ccccc2)C2(CCN(C(c3ccccc3Cl)c3ccccc3Cl)CC2)C1=O,6.07
CC(C)N(CCN1CN(c2ccccc2)C2(CCN(C(c3ccccc3Cl)c3ccccc3Cl)CC2)C1=O)C(C)C,6.17
O=C1N(CCCN2CCCC2)CN(c2ccccc2)C12CCN(C(c1ccccc1Cl)c1ccccc1Cl)CC2,7.19
CCCCNCCN1CN(c2ccccc2)C2(CCN(C(c3ccccc3Cl)c3ccccc3Cl)CC2)C1=O,6.78
CC1(C)CCC(N2CCC3(CC2)C(=O)N(CCNCC2CCCCC2)CN3c2ccccc2)c2ccccc21,7.58
CC1(C)CCC(N2CCC3(CC2)C(=O)N(CCNC2CCCC2)CN3c2ccccc2)c2ccccc21,7.31
CNCCN1CN(c2ccccc2)C2(CCN(Cc3c(Cl)cccc3Cl)CC2)C1=O,7.17
CCCCNCCN1CN(c2ccccc2)C2(CCN(C3CCC(C)(C)c4cc(Cl)c(Cl)cc43)CC2)C1=O,6.8
CC(C)NCCN1CN(c2ccccc2)C2(CCN(C3CCC(C)(C)c4ccccc43)CC2)C1=O,7.17
O=C1N(CCNC2CCCCC2)CN(c2ccccc2)C12CCN(C(c1ccccc1Cl)c1ccccc1Cl)CC2,6.65
CCNCCN1CN(c2ccccc2)C2(CCN(C(c3ccccc3Cl)c3ccccc3Cl)CC2)C1=O,6.3
O=C1N(CCN2CCCC2)CN(c2ccccc2)C12CCN(C(c1ccccc1Cl)c1ccccc1Cl)CC2,6.59
CCCCN1CN(c2ccccc2)C2(CCN(C(c3ccccc3Cl)c3ccccc3Cl)CC2)C1=O,4.09
CC(C)CNCCN1CN(c2ccccc2)C2(CCN(Cc3c(Cl)cccc3Cl)CC2)C1=O,8.1
O=C1N(CCN2CCCC2)CN(c2ccccc2)C12CCN(Cc1c(Cl)cccc1Cl)CC2,7.82
CCCNCCN1CN(c2ccccc2)C2(CCN(Cc3c(Cl)cccc3Cl)CC2)C1=O,7.89
CCCCNCCN1CN(c2ccccc2)C2(CCN(C3CCCc4ccc(Cl)cc43)CC2)C1=O,7.96
CCCCNCCN1CN(c2ccccc2)C2(CCN(C3CCCc4c(Cl)cccc43)CC2)C1=O,7.85
CCCCNCCN1CN(c2ccccc2)C2(CCN(Cc3c(Cl)cccc3Cl)CC2)C1=O,8.0
CN1CCC23c4cccc(O)c4OC2CCCC3C1,7.85
COc1cccc2c1OC1CCCC3CN(CCc4ccccc4)CCC231,5.94
COc1cccc2c1OC1CCCC3CN(CC4CC4)CCC231,7.39
Oc1cccc2c1OC1CCCC3CN(CC4CC4)CCC231,10.0
COc1cccc2c1OC1CCCC3CN(C)CCC231,6.25
CCN(CC)C(=O)c1ccc(N(c2cccc(O)c2)C2CCN(CCc3ccco3)CC2)cc1,6.58
CCN(CC)C(=O)c1ccc(N(c2cccc(O)c2)C2CCN(CCc3ccoc3)CC2)cc1,6.92
CCN(CC)C(=O)c1ccc(N(c2cccc(OC)c2)C2CCN(CCc3cccs3)CC2)cc1,5.19
CCN(CC)C(=O)c1ccc(N(c2cccc(O)c2)C2CCN(CCc3ccc(C)cc3)CC2)cc1,6.14
CCN(CC)C(=O)c1ccc(N(c2cccc(O)c2)C2CCN(CC(C)c3ccccc3)CC2)cc1,5.66
CCN(CC)C(=O)c1ccc(N(c2cccc(OC)c2)C2CCN(CCc3ccco3)CC2)cc1,5.15
CCN(CC)C(=O)c1ccc(N(c2cccc(OC)c2)C2CCN(CCc3ccoc3)CC2)cc1,5.3
CCN(CC)C(=O)c1ccc(N(c2cccc(OC)c2)C2CCN(CCc3ccsc3)CC2)cc1,5.59
CCN(CC)C(=O)c1ccc(N(c2cccc(O)c2)C2CCN(CCc3nccn3C)CC2)cc1,5.34
CCN(CC)C(=O)c1ccc(N(c2cccc(O)c2)C2CCN(CCc3ccncc3)CC2)cc1,5.34
CCN(CC)C(=O)c1ccc(N(c2cccc(OC)c2)C2CCN(CCc3ccccc3)CC2)cc1,5.44
C=CCN1CC(C)N(C(c2ccc(C(=O)N(CC)CC)cc2)c2cccc(OC)c2)CC1C,5.38
CCN(CC)C(=O)c1ccc(N(c2cccc(O)c2)C2CCN(CCc3ccccn3)CC2)cc1,5.69
CCN(CC)C(=O)c1ccc(N(c2cccc(O)c2)C2CCN(CCC3CCCCC3)CC2)cc1,6.14
CCN(CC)C(=O)c1ccc(N(c2cccc(O)c2)C2CCN(CCc3cccs3)CC2)cc1,6.34
CCN(CC)C(=O)c1ccc(N(c2cccc(O)c2)C2CCN(CCc3ccccc3)CC2)cc1,6.13
CCN(CC)C(=O)c1ccc(N(c2cccc(O)c2)C2CCN(CCc3ncc[nH]3)CC2)cc1,5.92
C=CCCN1CCC(N(c2ccc(C(=O)N(CC)CC)cc2)c2cccc(O)c2)CC1,7.01
CCN(CC)C(=O)c1ccc(N(c2cccc(O)c2)C2CCN(C)CC2)cc1,6.04
CCN(CC)C(=O)c1ccc(N(c2cccc(O)c2)C2CCN(CCc3c[nH]cn3)CC2)cc1,5.84
CCN(CC)C(=O)c1ccc(N(c2cccc(O)c2)C2CCN(CCc3ccsc3)CC2)cc1,6.3
CCN(CC)C(=O)c1ccc(N(c2cccc(O)c2)C2CCN(CCc3cccc(F)c3)CC2)cc1,5.87
CCN(CC)C(=O)c1ccc(N(c2cccc(O)c2)C2CCN(CCc3ccccc3F)CC2)cc1,6.01
NC(=O)C1CSSCC(NC(=O)C(N)Cc2ccc(O)cc2)C(=O)NC(Cc2ccccc2)C(=O)NC(Cc2ccc3ccccc3c2)C(=O)N1,8.23
NC(=O)C1CSSCC(NC(=O)C(N)Cc2ccc(O)cc2)C(=O)NC(Cc2ccccc2)C(=O)NC(Cc2cccc3ccccc23)C(=O)N1,7.96
NC(=O)C1CSCSCC(NC(=O)C(N)Cc2ccc(O)cc2)C(=O)NC(Cc2ccccc2)C(=O)NC(Cc2ccccc2)C(=O)N1,8.6
NC(=O)C1CSCSCC(NC(=O)C(N)Cc2ccc(O)cc2)C(=O)NC(Cc2ccccc2)C(=O)NC(Cc2ccc3ccccc3c2)C(=O)N1,8.89
NC(=O)C1CSCSCC(NC(=O)C(N)Cc2ccc(O)cc2)C(=O)NC(Cc2ccc3ccccc3c2)C(=O)NC(Cc2ccccc2)C(=O)N1,7.16
NC(=O)C1CSCSCC(NC(=O)C(N)Cc2ccc(O)cc2)C(=O)NC(Cc2cccc3ccccc23)C(=O)NC(Cc2ccccc2)C(=O)N1,8.24
NC(=O)C1CSCSCC(NC(=O)C(N)Cc2ccc(O)cc2)C(=O)NC(Cc2ccccc2)C(=O)NC(Cc2cccc3ccccc23)C(=O)N1,8.22
NC(=O)C1CSSCC(NC(=O)C(N)Cc2ccc(O)cc2)C(=O)NC(Cc2cccc3ccccc23)C(=O)NC(Cc2ccccc2)C(=O)N1,7.68
NC(=O)C1CSSCC(NC(=O)C(N)Cc2ccc(O)cc2)C(=O)NC(Cc2ccc3ccccc3c2)C(=O)NC(Cc2ccccc2)C(=O)N1,6.84
COC12C=CC3(CC1C(C)(O)CCc1ccccc1)C1Cc4ccc(O)c5c4C3(CCN1C)C2O5,9.92
COc1ccc2c3c1OC1C4(OC)C=CC5(CC4c4ccc([N+](=O)[O-])cc4)C(C2)N(C)CCC315,5.0
COc1ccc2c3c1OC1C4(OC)C=CC5(C(c6cccc([N+](=O)[O-])c6)C4)C(C2)N(C)CCC315,7.66
COc1ccc2c3c1OC1C4(OC)C=CC5(C(c6ccc([N+](=O)[O-])cc6)C4)C(C2)N(C)CCC315,6.17
CCC(O)c1cc2c(cc1O)C13CCCCC1C(C2)N(CC1CCC1)CC3,7.14
NCc1cc2c(cc1O)C13CCCCC1C(C2)N(CC1CCC1)CC3,6.85
CN1CCC23CCCCC2C1Cc1cc(CO)c(O)cc13,7.4
CCN(CCCCCCN(CC)Cc1cc2c(cc1O)C13CCCCC1C(C2)N(CC1CCC1)CC3)Cc1cc2c(cc1O)C13CCCCC1C(C2)N(CC1CCC1)CC3,7.27
CCCCC(O)c1cc2c(cc1O)C13CCCCC1C(C2)N(CC1CCC1)CC3,7.89
COc1ccc(Nc2ccc3c(c2)C24CCCCC2C(C3)N(CC2CCC2)CC4)cc1,9.23
CN1CCC23CCCCC2C1Cc1cc2c(cc13)OCN(Cc1ccccc1)C2,6.51
O=C(Nc1ccc(I)cc1)Nc1ccc2c(c1)C13CCCCC1C(C2)N(CC1CC1)CC3,7.92
OCc1cc2c(cc1O)C13CCCCC1C(C2)N(CC1CCC1)CC3,7.07
c1ccc(Nc2ccc3c(c2)C24CCCCC2C(C3)N(CC2CCC2)CC4)cc1,8.82
CN1CCC23CCCCC2C1Cc1cc(CNCc2ccccc2)c(O)cc13,6.42
O=C(CCCCC(=O)NCc1cc2c(cc1O)C13CCCCC1C(C2)N(CC1CCC1)CC3)NCc1cc2c(cc1O)C13CCCCC1C(C2)N(CC1CCC1)CC3,7.52
O=C(Nc1ccc(I)cc1)Oc1ccc2c(c1)C13CCCCC1C(C2)N(CC1CCC1)CC3,9.0
Oc1cc2c(cc1C(O)CCCCCCCCCCC(O)c1cc3c(cc1O)C14CCCCC1C(C3)N(CC1CCC1)CC4)CC1C3CCCCC23CCN1CC1CCC1,7.51
CCN(CCCCN(CC)Cc1cc2c(cc1O)C13CCCCC1C(C2)N(CC1CCC1)CC3)Cc1cc2c(cc1O)C13CCCCC1C(C2)N(CC1CCC1)CC3,7.36
CCCNCc1cc2c(cc1O)C13CCCCC1C(C2)N(CC1CCC1)CC3,6.46
CN1CCC23CCCCC2C1Cc1ccc(NC(=O)Nc2ccccc2)cc13,6.47
Ic1ccc(CNc2ccc3c(c2)C24CCCCC2C(C3)N(CC2CC2)CC4)cc1,9.1
ON=Cc1cc2c(cc1O)C13CCCCC1C(C2)N(CC1CCC1)CC3,9.21
O=C(Nc1ccc(I)cc1)Nc1ccc2c(c1)C13CCCCC1C(C2)N(CC1CCC1)CC3,7.55
O=C(Nc1ccc(I)cc1)Oc1ccc2c(c1)C13CCCCC1C(C2)N(CC1CC1)CC3,9.22
OCCCCCCCCCCC(O)c1cc2c(cc1O)C13CCCCC1C(C2)N(CC1CCC1)CC3,7.58
CCCCCCCCCC(O)c1cc2c(cc1O)C13CCCCC1C(C2)N(CC1CCC1)CC3,7.58
c1ccc(CNc2ccc3c(c2)C24CCCCC2C(C3)N(CC2CC2)CC4)cc1,9.47
c1ccc(CNc2ccc3c(c2)C24CCCCC2C(C3)N(CC2CCC2)CC4)cc1,8.55
Oc1cc2c(cc1CNCCCCCCCCNCc1cc3c(cc1O)C14CCCCC1C(C3)N(CC1CCC1)CC4)CC1C3CCCCC23CCN1CC1CCC1,7.4
Oc1cc2c(cc1CNCCCCCCNCc1cc3c(cc1O)C14CCCCC1C(C3)N(CC1CCC1)CC4)CC1C3CCCCC23CCN1CC1CCC1,7.43
CN1CCC23CCCCC2C1Cc1ccc(NC(=O)Nc2ccc(I)cc2)cc13,6.55
COc1ccc(CN(Cc2ccc(OC)cc2)c2ccc3c(c2)C24CCCCC2C(C3)N(CC2CC2)CC4)cc1,8.41
Oc1cc2c(cc1C(O)CCCCC(O)c1cc3c(cc1O)C14CCCCC1C(C3)N(CC1CCC1)CC4)CC1C3CCCCC23CCN1CC1CCC1,7.17
Ic1ccc(CN(Cc2ccc(I)cc2)c2ccc3c(c2)C24CCCCC2C(C3)N(CC2CCC2)CC4)cc1,7.8
COc1ccc(CNc2ccc3c(c2)C24CCCCC2C(C3)N(CC2CC2)CC4)cc1,9.29
COc1ccc(Nc2ccc3c(c2)C24CCCCC2C(C3)N(CC2CC2)CC4)cc1,10.52
c1ccc(Nc2ccc3c(c2)C24CCCCC2C(C3)N(CC2CC2)CC4)cc1,10.33
Oc1cc2c(cc1CNCCCCNCc1cc3c(cc1O)C14CCCCC1C(C3)N(CC1CCC1)CC4)CC1C3CCCCC23CCN1CC1CCC1,8.31
Ic1ccc(CNc2ccc3c(c2)C24CCCCC2C(C3)N(CC2CCC2)CC4)cc1,8.24
O=C(Nc1ccccc1)Nc1ccc2c(c1)C13CCCCC1C(C2)N(CC1CC1)CC3,8.8
Oc1ccc2c(c1)C13CCN(CC4CC4)CC1(C2)Cc1c([nH]c2ccccc12)C3,6.15
COc1ccc2c(c1)C13CCN(C)CC1(C2)Cc1c(n(C)c2ccccc12)C3,5.42
CN1CCC23Cc4[nH]c5ccccc5c4CC2(Cc2ccc(O)cc23)C1,5.92
Cn1c2c(c3ccccc31)CC13Cc4ccc(O)cc4C1(CCN(CC1CC1)C3)C2,5.82
CN1CCC23Cc4c(c5ccccc5n4C)CC2(Cc2ccc(O)cc23)C1,5.95
CCC12CCN(C)CC1Oc1ccc(O)cc12,6.35
CCC12CCN(CC(O)c3ccccc3)CC1Oc1ccc(O)cc12,6.38
CCC12CCN(CCc3ccccc3)CC1Oc1ccc(O)cc12,7.06
CC(C)(CCCCCCC(C)(C)C(=O)Oc1ccc2c(c1)C13CCCCC1C(C2)N(CC1CCC1)CC3)C(=O)OCc1ccccc1,8.33
CC(CCCCC(C)C(=O)Oc1ccc2c(c1)C13CCCCC1C(C2)N(CC1CCC1)CC3)C(=O)Oc1ccc2c(c1)C13CCCCC1C(C2)N(CC1CCC1)CC3,8.66
CC(C)(CCCCCCC(C)(C)C(=O)Oc1ccc2c(c1)C13CCCCC1C(C2)N(CC1CCC1)CC3)C(=O)O,7.75
COC(=O)C(C)CCCCCCC(C)C(=O)Oc1ccc2c(c1)C13CCCCC1C(C2)N(CC1CCC1)CC3,9.03
C=CCN1CCC23c4c5ccc(OC(=O)C(C)CCCCCCC(C)C(=O)Oc6ccc7c(c6)C68CCCCC6C(C7)N(CC6CCC6)CC8)c4OC2CCCC3C1C5,8.47
CC(CCCCCCC(C)C(=O)Oc1ccc2c(c1)C13CCCCC1C(C2)N(CC1CCC1)CC3)C(=O)Oc1ccc2c(c1)C13CCCCC1C(C2)N(CC1CCC1)CC3,9.21
CC(C)(CCCCCCC(C)(C)C(=O)Oc1ccc2c(c1)C13CCCCC1C(C2)N(CC1CCC1)CC3)C(=O)Oc1ccc2c(c1)C13CCCCC1C(C2)N(CC1CCC1)CC3,9.33
C=CCN1CCC23c4c5ccc(OC(=O)CCCCCCCCC(=O)Oc6ccc7c(c6)C68CCCCC6C(C7)N(CC6CCC6)CC8)c4OC2CCCC3C1C5,9.89
CC(CCCCCCC(C)C(=O)Oc1ccc2c(c1)C13CCCCC1C(C2)N(CC1CCC1)CC3)C(=O)O,9.38
CCN(CC)C(=O)c1ccc(C2=CC3(CCNCC3)Oc3ccccc32)c(C)c1,6.41
O=C(c1ccc(C2=CC3(CCNCC3)Oc3ccccc32)cc1)N1Cc2ccccc2C1,6.05
CCNC(=O)c1ccc(C2=CC3(CCNCC3)Oc3ccccc32)cc1,6.1
NC(=O)c1ccc(C2=CC3(CCNCC3)Oc3ccccc32)cc1,6.25
CCN(CC)C(=O)c1ccc(N(c2cccc(C(C)O)c2)C2CCN(Cc3ccccc3)CC2)cc1,5.32
CCN(CC)C(=O)c1ccc(N(c2cccc(O)c2)C2CCN(Cc3ccccc3)CC2)cc1,6.13
CCN(CC)C(=O)c1ccc(N(c2cccc(C=O)c2)C2CCN(Cc3ccccc3)CC2)cc1,5.32
CCN(CC)C(=O)c1ccc(N(c2cccc(C(=O)OC)c2)C2CCN(Cc3ccccc3)CC2)cc1,5.26
CCN(CC)C(=O)c1ccc(N(c2cccc(NS(C)(=O)=O)c2)C2CCN(Cc3ccccc3)CC2)cc1,5.45
CCN(CC)C(=O)c1ccc(N(c2cccc(CO)c2)C2CCN(Cc3ccccc3)CC2)cc1,5.18
CCN(CC)C(=O)c1ccc(N(c2ccc(C(N)=O)cc2)C2CCN(Cc3ccccc3)CC2)cc1,5.21
CCN(CC)C(=O)c1ccc(N(c2cccc(CN)c2)C2CCN(Cc3ccccc3)CC2)cc1,5.53
CCN(CC)C(=O)c1ccc(N(c2cccc(C(C)=O)c2)C2CCN(Cc3ccccc3)CC2)cc1,5.34
CCN(CC)C(=O)c1ccc(N(c2cccc(N)c2)C2CCN(Cc3ccccc3)CC2)cc1,5.37
COc1ccc2c3c1OC1C(=O)CCC4(NC(=O)C#Cc5ccc(Cl)cc5)C(C2)N(CC2CC2)CCC314,7.86
COc1ccc2c3c1OC1C(=O)CCC4(NCC=Cc5ccc(Cl)cc5)C(C2)N(CC2CC2)CCC314,7.27
COc1ccc2c3c1OC1C(=O)CCC4(NC(=O)C#Cc5ccccc5)C(C2)N(CC2CC2)CCC314,8.11
O=C(C#Cc1ccccc1)NC12CCC(=O)C3Oc4c(O)ccc5c4C31CCN(CC1CC1)C2C5,8.95
O=C(C#Cc1ccc(Cl)cc1)NC12CCC(=O)C3Oc4c(O)ccc5c4C31CCN(CC1CC1)C2C5,8.56
O=C1CCC2(NCC#Cc3ccc(Cl)cc3)C3Cc4ccc(O)c5c4C2(CCN3CC2CC2)C1O5,8.54
O=C1CCC2(NCC=Cc3ccc(Cl)cc3)C3Cc4ccc(O)c5c4C2(CCN3CC2CC2)C1O5,9.04
Clc1ccccc1C(c1ccccc1Cl)N1C2CCC1CC(c1ccccn1)C2,6.29
O=C(OC1CCC2(O)C3Cc4ccc(O)c5c4C2(CCN3CC2CC2)C1O5)N(c1ccccc1)c1ccccc1,7.83
CS(=O)(=O)OC1CCC2(O)C3Cc4ccc(O)c5c4C2(CCN3CC2CC2)C1O5,8.17
CN(C)C(=O)OC1CCC2(O)C3Cc4ccc(O)c5c4C2(CCN3CC2CC2)C1O5,7.55
Cc1ccc(S(=O)(=O)OC2CCC3(O)C4Cc5ccc(O)c6c5C3(CCN4CC3CC3)C2O6)cc1,8.78
CC(C)(O)c1ccc(C2(c3cccc(O)c3)CCCN(CC3CC3)C2)cc1,7.39
CCN(CC)C(=O)c1ccc(C2(c3cccc(O)c3)CCCN(CC3CC3)C2)cc1,7.62
CCN(C)C(=O)c1ccc(C2(c3cccc(O)c3)CCCN(CC3CC3)C2)cc1,7.18
CCN(CC)C(=O)c1ccc(C2(c3cccc(O)c3)CCCN(CC(F)(F)F)C2)cc1,7.62
CCN(CC)C(=O)c1ccc(C2(c3cccc(O)c3)CCN(CC3CC3)CC2)cc1,6.36
CCN(CC)C(=O)c1ccc(C2(c3cccc(O)c3)CCCN(Cc3nccs3)C2)cc1,6.79
CCC(O)(CC)c1ccc(C2(c3cccc(C(N)=O)c3)CCN(CC3CC3)CC2)cc1,7.1
CCN(CC)C(=O)c1ccc(C2(c3cccc(O)c3)CCN(CCc3ccccc3)CC2)cc1,7.02
C=CCN1CCC(c2ccc(C(=O)N(CC)CC)cc2)(c2cccc(O)c2)CC1,6.46
c1cc2c(cc1OCCCCCCCCCCOc1ccc3c(c1)C14CCCCC1C(C3)N(CC1CCC1)CC4)C13CCCCC1C(C2)N(CC1CCC1)CC3,6.92
OC(CCCCCCC(O)COc1ccc2c(c1)C13CCCCC1C(C2)N(CC1CCC1)CC3)COc1ccc2c(c1)C13CCCCC1C(C2)N(CC1CCC1)CC3,8.85
OC(COc1ccc(Cc2ccc(OCC(O)COc3ccc4c(c3)C35CCCCC3C(C4)N(CC3CCC3)CC5)cc2)cc1)COc1ccc2c(c1)C13CCCCC1C(C2)N(CC1CCC1)CC3,9.47
OC(COc1ccc2c(c1)C13CCCCC1C(C2)N(CC1CCC1)CC3)COc1ccc2c(c1)C13CCCCC1C(C2)N(CC1CCC1)CC3,9.0
c1cc2c(cc1OCCCOc1ccc3c(c1)C14CCCCC1C(C3)N(CC1CCC1)CC4)C13CCCCC1C(C2)N(CC1CCC1)CC3,8.21
OC(COc1ccccc1)COc1ccc2c(c1)C13CCCCC1C(C2)N(CC1CCC1)CC3,7.66
CCCCCCCCCCOc1ccc2c(c1)C13CCCCC1C(C2)N(CC1CCC1)CC3,7.28
OC(CCCCCC(O)COc1ccc2c(c1)C13CCCCC1C(C2)N(CC1CCC1)CC3)COc1ccc2c(c1)C13CCCCC1C(C2)N(CC1CCC1)CC3,8.41
OC(CCCCC(O)COc1ccc2c(c1)C13CCCCC1C(C2)N(CC1CCC1)CC3)COc1ccc2c(c1)C13CCCCC1C(C2)N(CC1CCC1)CC3,8.48
OC(CCCC(O)COc1ccc2c(c1)C13CCCCC1C(C2)N(CC1CCC1)CC3)COc1ccc2c(c1)C13CCCCC1C(C2)N(CC1CCC1)CC3,8.01
c1cc2c(cc1OCC1CO1)C13CCCCC1C(C2)N(CC1CCC1)CC3,7.44
c1cc2c(cc1OCCCCOc1ccc3c(c1)C14CCCCC1C(C3)N(CC1CCC1)CC4)C13CCCCC1C(C2)N(CC1CCC1)CC3,7.75
OC(CCC(O)COc1ccc2c(c1)C13CCCCC1C(C2)N(CC1CCC1)CC3)COc1ccc2c(c1)C13CCCCC1C(C2)N(CC1CCC1)CC3,7.92
CCCCCCCCC(O)COc1ccc2c(c1)C13CCCCC1C(C2)N(CC1CCC1)CC3,8.08
CCCCCCCCCC(=O)Oc1ccc2c(c1)C13CCCCC1C(C2)N(CC1CCC1)CC3,9.7
OC(COc1ccc2c(c1)C13CCCCC1C(C2)N(CC1CCC1)CC3)CC(O)COc1ccc2c(c1)C13CCCCC1C(C2)N(CC1CCC1)CC3,9.77
COC(=O)N1CC2C(N3CCCC3)CCC1CN2C(=O)Cc1ccc(Cl)c(Cl)c1,8.22
CCC(=O)N1CC2C(N3CCCC3)CCC1CN2C(=O)Cc1ccc(Cl)c(Cl)c1,6.92
COC(=O)C1CC(Br)C(=O)C2C1(C)CCC1C(=O)OC(c3ccoc3)CC12C,7.37
COC(=O)C1CC(F)C(=O)C2C1(C)CCC1C(=O)OC(c3ccoc3)CC12C,6.71
COC(=O)C1CC(I)C(=O)C2C1(C)CCC1C(=O)OC(c3ccoc3)CC12C,6.7
COC(=O)C1CC(C(=O)O)C(=O)C2C1(C)CCC1C(=O)OC(c3ccoc3)CC12C,7.61
COC(=O)C1CC(Cl)C(=O)C2C1(C)CCC1C(=O)OC(c3ccoc3)CC12C,6.78
COC(=O)C1CCC(=O)C2C1(C)CCC1C(=O)OC(c3ccoc3)CC12C,7.29
NC(=O)c1ccc2c(c1)CCCN2c1ccc(CNCCc2cccc(F)c2)cc1,6.1
NC(=O)c1ccc2c(c1)CCCN2c1cccc(CNCCC2=CCCCC2)c1,5.9
CC(C)CNCc1ccc(N2CCCc3cc(C(N)=O)ccc32)cc1,5.9
NC(=O)c1ccc2c(c1)CCCN2c1ccc(CNCCC2CCOCC2)cc1,6.6
Cc1cc(N2CCCc3cc(C(N)=O)ccc32)ccc1CNC1Cc2ccccc2C1,6.8
Cc1cc(CNC2Cc3ccccc3C2)ccc1N1CCCc2cc(C(N)=O)ccc21,7.7
NC(=O)c1ccc2c(c1)CCCN2c1ccc(CNCCc2cccs2)cc1,6.2
Cc1cc(CNCCC2=CCCCC2)ccc1N1CCCc2cc(C(N)=O)ccc21,6.7
NC(=O)c1ccc2c(c1)CCCN2c1ccc(CNC2Cc3ccccc3C2)c(F)c1,6.7
CC(C)(C)CCNCc1ccc(N2CCCc3cc(C(N)=O)ccc32)cc1,6.6
NC(=O)c1ccc2c(c1)CCCN2c1ccc(CNCc2cccc(F)c2)cc1,6.2
CC(C)CCNCc1ccc(N2CCCc3cc(C(N)=O)ccc32)cc1,6.3
NC(=O)c1ccc2c(c1)CCCN2c1ccc(CNC2Cc3ccccc3C2)cc1,7.6
NC(=O)c1ccc2c(c1)CCCN2c1ccc(CNC2Cc3ccccc3C2)c(Cl)c1,6.7
NC(=O)c1ccc2c(c1)CCCN2c1ccc(CNCC2CCCCC2)cc1,6.5
CC1(C)CCC(NCc2ccc(N3CCCc4cc(C(N)=O)ccc43)cc2)CC1,7.2
NC(=O)c1ccc2c(c1)CCCN2c1ccc(CNC2Cc3ccccc3C2)c(C(F)(F)F)c1,6.2
NC(=O)c1ccc2c(c1)CCCN2c1cc(F)c(CNC2Cc3ccccc3C2)c(F)c1,6.2
NC(=O)c1ccc2c(c1)CCCN2c1ccc(CNC2Cc3ccc(F)cc3C2)cc1,6.9
CC1CN(c2nc3ccccc3n2C2CCN(C3(CO)CCCCCCC3)CC2)CCN1,6.56
O=c1[nH]c2ccccc2n1C1CCN(C2(CO)CCCCCCC2)CC1,6.62
Cc1cc(O)cc(C)c1CC(C(=O)N1Cc2ccccc2CC1C(=O)NCCC(=O)OC1=C2OC3C(O)C=CC4C5CC(C=C1)C2C43CCN5C)N(C)C,8.85
Cc1cc(O)cc(C)c1CC(C(=O)N1Cc2ccccc2CC1C(=O)OC1=C2OC3C(O)C=CC4C5CC(C=C1)C2C43CCN5C)N(C)C,7.92
Oc1cccc(C23CCCC(C2)N(CC=Cc2ccccc2)CC3)c1,6.91
Oc1cccc(C23CCCC(C2)N(CC2CC2c2ccccc2)CC3)c1,7.14
CCNc1nc2cc3c(cc2s1)CC1C2CCCCC32CCN1CCCF,9.03
CC(=O)Nc1nc2cc3c(cc2s1)CC1C2CCCCC32CCN1CC1CC1,7.89
CCN(C(C)=O)c1nc2cc3c(cc2s1)CC1C2CCCCC32CCN1CC1CC1,7.89
Oc1cccc(CNc2nc3cc4c(cc3s2)CC2C3CCCCC43CCN2CC2CC2)c1,8.46
FC(F)(F)CNc1nc2cc3c(cc2s1)CC1C2CCCCC32CCN1CC1CC1,9.08
COc1cccc(CNc2nc3cc4c(cc3s2)CC2C3CCCCC43CCN2CC2CC2)c1,8.32
c1ccc(Nc2nc3cc4c(cc3s2)CC2C3CCCCC43CCN2CC2CC2)nc1,7.02
Nc1nc2cc3c(cc2s1)CC1C2CCCCC32CCN1CC1CCCO1,9.08
CCNc1nc2cc3c(cc2s1)CC1C2CCCCC32CCN1CC1CCC1,8.43
Nc1nc2cc3c(cc2s1)CC1C2CCCCC32CCN1CCCF,9.52
c1c2c(cc3sc(NN4CCNCC4)nc13)CC1C3CCCCC23CCN1CC1CC1,6.96
CCNC(=S)Nc1nc2cc3c(cc2s1)CC1C2CCCCC32CCN1CC1CC1,7.75
CNc1nc2cc3c(cc2s1)CC1C2CCCCC32CCN1CC1CC1,10.18
c1ccc(CNc2nc3cc4c(cc3s2)CC2C3CCCCC43CCN2CC2CC2)cc1,8.68
CCCNc1nc2cc3c(cc2s1)CC1C2CCCCC32CCN1CC1CC1,8.8
CN(C)c1nc2cc3c(cc2s1)CC1C2CCCCC32CCN1CC1CC1,9.35
CN(C)c1nc2cc3c(cc2s1)CC1C2CCCCC32CCN1CCCF,7.96
CNc1nc2cc3c(cc2s1)CC1C2CCCCC32CCN1CCCF,9.15
CC(=O)N(C)c1nc2cc3c(cc2s1)CC1C2CCCCC32CCN1CC1CC1,8.16
CC(=O)Nc1nc2cc3c(cc2s1)CC1C2CCCCC32CCN1CCCF,8.92
CCNc1nc2cc3c(cc2s1)CC1C2CCCCC32CCN1CC1CC1,9.82
CNc1nc2cc3c(cc2s1)CC1C2CCCCC32CCN1CC1CCC1,8.62
c1ccc(Nc2nc3cc4c(cc3s2)CC2C3CCCCC43CCN2CC2CC2)cc1,7.68
COC12CCCCC13CCN(CC1CCC1)C2Cc1ccc(OC(=O)CCCCCCCCC(=O)Oc2ccc4c(c2)C25CCCCC2(OC)C(C4)N(CC2CCC2)CC5)cc13,9.43
C=CCN1CCC23c4c5ccc(OC(=O)CCCCCCCCC(=O)Oc6ccc7c(c6)C68CCCCC6(O)C(C7)N(CC6CCC6)CC8)c4OC2C(=O)CCC3(O)C1C5,9.55
c1c2c(cc3sc(NCCCCCCCCCCNc4nc5cc6c(cc5s4)CC4C5CCCCC65CCN4CC4CC4)nc13)CC1C3CCCCC23CCN1CC1CC1,9.57
O=C(CCCCCCCCC(=O)Nc1nc2cc3c(cc2s1)CC1C2CCCCC32CCN1CC1CC1)Nc1nc2cc3c(cc2s1)CC1C2CCCCC32CCN1CC1CC1,9.43
O=C(CCCCCCCCC(=O)Oc1ccc2c(c1)C13CCCCC1(O)C(C2)N(CC1CCC1)CC3)Oc1ccc2c(c1)C13CCCCC1C(C2)N(CC1CCC1)CC3,10.14
COC12CCCCC13CCN(CC1CCC1)C2Cc1ccc(OC(=O)CCCCCCCCC(=O)OCc2ccccc2)cc13,9.64
C=CCN1CCC23c4c5ccc(OC(=O)CCCCCCCCC(=O)Oc6ccc7c(c6)C68CCCCC6(OC)C(C7)N(CC6CCC6)CC8)c4OC2C(=O)CCC3(O)C1C5,9.85
O=C(NCCCN1CCC(c2c(Cl)cccc2Cl)CC1)C1CCCN1Cc1ccccc1,6.5
O=S(=O)(c1ncccc1-c1ccc(CN2CC3CCCC2C3)cc1)N1CCCC1,7.28
CC(C)CNCc1ccc(-c2ccccc2S(=O)(=O)N2CCCC2)cn1,7.27
O=S(=O)(c1ccccc1-c1ccc(CN2CC3CCCC2C3)nc1)N1CCCC1,7.14
COC1CCCN1S(=O)(=O)c1ccccc1-c1ccc(CNCC(C)C)cc1,8.33
CC(C)(C)CCNCc1ccc(-c2cnccc2S(=O)(=O)N2CCCC2)cc1,7.12
CN(C)CCNCc1ccc(-c2ccccc2S(=O)(=O)N2CCCC2)cc1,8.24
CC1(O)CCN(Cc2ccc(-c3ccccc3S(=O)(=O)N3CCCC3)cc2)CC1,9.3
CC(C)CNCc1ccc(-c2cnccc2S(=O)(=O)N2CCCC2)cc1,6.23
CC(C)N(C)S(=O)(=O)c1ccccc1-c1ccc(CNC2CCCC2)cc1,8.12
CC(C)CNCc1ccc(-c2cccnc2S(=O)(=O)N2CCCC2)cc1,7.27
CC(C)CNCc1ccc(-c2ncccc2S(=O)(=O)N2CCCC2)cc1,7.18
O=S(=O)(c1ccccc1-c1ccc(CNC2CCOCC2)cc1)N1CCC(F)(F)C1,7.48
CC(C)CNCc1ccc(-c2ccccc2S(=O)(=O)N2CCOCC2C)cc1F,8.0
CC(C)N(C)S(=O)(=O)c1ccccc1-c1ccc(CN2CCCCC2)cc1,8.0
CC(C)CNCc1ccc(-c2ccccc2S(=O)(=O)N2CCCC2)nc1,6.8
O=S(=O)(c1ccccc1-c1ccc(CN2CCC(CCO)CC2)c(F)c1)N1CCCCC1,8.06
COCC(C)NCc1ccc(-c2ccccc2S(=O)(=O)N2CCCC2)cc1,8.07
O=S(=O)(c1cccnc1-c1ccc(CN2CC3CCCC2C3)cc1)N1CCCC1,7.58
O=S(=O)(c1ccccc1-c1ccc(CNC2CCOCC2)cc1)N1CCCC1,7.96
CC1COCCN1S(=O)(=O)c1ccccc1-c1ccc(CNC2CCOCC2)cc1,7.85
CC(C)(C)CCNCc1ccc(-c2cccnc2S(=O)(=O)N2CCCC2)cc1,8.08
O=S(=O)(c1ccccc1-c1ccc(CN2CC3CCCC2C3)cc1)N1CCCC1,8.74
CC(C)CNCc1ccc(-c2ccccc2S(=O)(=O)N2CCC(F)(F)C2)cc1,7.6
CC1COCCN1S(=O)(=O)c1ccccc1-c1ccc(CN2CCN(C)CC2)cc1,7.89
CC(C)CNCc1ccc(-c2ccccc2S(=O)(=O)N2CCOCC2C)cc1,8.46
CC1(CNCc2ccc(-c3ccccc3S(=O)(=O)N3CCCC3)cc2)COC1,8.59
COC1CCN(Cc2ccc(-c3ccccc3S(=O)(=O)N3CCCC3)cc2)CC1,8.66
CN(C(=O)Cc1ccccc1)C1CCC2(CCCO2)CC1N1CCCC1,8.8
COC12CCC3(CC1C(C)(O)C(C)(C)C)C1Cc4c(Cl)cc(O)c5c4C3(CCN1CC1CC1)C2O5,7.34
CC(C)CC(NC(=O)C(CCCCN)NC(=O)C(CCCNC(=N)N)NC(=O)C(C)NC(=O)C(CO)NC(=O)C(CCCCN)NC(=O)C(CCCNC(=N)N)NC(=O)C(C)NC(=O)CNC(=O)C(NC(=O)C(Cc1ccccc1)NC(=O)CNC(=O)CNC(=O)C(N)Cc1ccccc1)C(C)O)C(=O)NC(C)C(=O)NC(CC(N)=O)C(=O)NC(CCC(N)=O)C(=O)O,6.83
COC12CCC3(CC1C(C)(O)CC1CC4CCC1C4)C1Cc4ccc(O)c5c4C3(CCN1CC1CC1)C2O5,8.01
CCC(C)(C)C(C)(O)C1CC23CCC1(OC)C1Oc4c(O)ccc5c4C12CCN(CC1CC1)C3C5,8.25
COC12CCC3(CC1C(C)(O)C(C)(C)C)C1Cc4cc(Br)c(O)c5c4C3(CCN1CC1CC1)C2O5,7.45
COC12CCC3(CC1C(C)(O)CC(C)(C)c1ccccc1)C1Cc4ccc(O)c5c4C3(CCN1CC1CC1)C2O5,8.38
COC12CCC3(CC1C(C)(O)C(C)(C)C)C1Cc4c(Br)cc(O)c5c4C3(CCN1CC1CC1)C2O5,8.0
COC12CCC3(CC1C(C)(O)CC(C)(C)C)C1Cc4ccc(O)c5c4C3(CCN1CC1CC1)C2O5,8.8
COC12CCC3(CC1C(C)(O)c1ccc(C(C)(C)C)cc1)C1Cc4ccc(O)c5c4C3(CCN1CC1CC1)C2O5,8.05
CC(C)C(CN1CCC(C)(c2cccc(O)c2)C(C)C1)NC(=O)C1Cc2ccc(O)cc2CN1,10.23
NC(=O)c1ccc(Oc2ccc(CN3CCCC3c3cccnc3)cc2)nc1,8.83
NC(=O)c1ccc(Oc2ccc(CN3CCCC3c3cccnc3)cc2)c(Cl)c1,9.21
CC1(C)CN(Cc2ccc(Oc3ccc(C(N)=O)cn3)cc2)C1c1ccccc1,8.98
NC(=O)c1ccc(Oc2ccc(CN3CCCC3c3cccc(F)c3)cc2)c(F)c1,9.25
Cc1cc(C)cc(C2CCCN2Cc2ccc(Oc3ccc(C(N)=O)cc3F)cc2)c1,9.02
CC(C)C(CN1CCC(C)(c2cccc(O)c2)C(C)C1)NC(=O)C1Cc2ccc(O)cc2CN1C,9.81
COC(=O)N1CCN(C(=O)Cc2ccc(Cl)c(Cl)c2)C(CN2CCCC2)C1,9.3
COC(=O)C1CC(OC(C)=O)C(=O)C2C1(C)CCC1C(=O)OC(c3cc(Br)oc3Br)CC12C,7.4
CN1C2CCCC(c3cccc(O)c3)(C2)C1CO,6.32
CN1CC2(OCCO2)C2(c3cccc(O)c3)CCCC1C2,6.85
Oc1cccc(C23CCCC(C2)N(CCc2ccccc2)CC3O)c1,6.22
COC(=O)C1CC(OC(C)=O)C(=O)C2C1(C)CCC1C(=O)OC(C(=O)c3ccc(O)cc3)CC12C,5.07
COC(=O)C1CC(OC(C)=O)C(=O)C2C1(C)CCC1C(=O)OC(C(=O)c3ccccc3O)CC12C,6.3
COC(=O)C1CC(OC(C)=O)C(=O)C2C1(C)CCC1C(=O)OC(C(=O)c3cccc(C(N)=O)c3)CC12C,7.4
COC(=O)C1CC(OC(C)=O)C(=O)C2C1(C)CCC1C(=O)OC(C(=O)c3cccc(C#N)c3)CC12C,6.66
COC(=O)C1CC(OC(C)=O)C(=O)C2C1(C)CCC1C(=O)OC(C(=O)c3cccc(C(F)(F)F)c3)CC12C,5.65
COC(=O)C1CC(OC(C)=O)C(=O)C2C1(C)CCC1C(=O)OC(C(=O)c3ccco3)CC12C,7.1
COC(=O)C1CC(OC(C)=O)C(=O)C2C1(C)CCC1C(=O)OC(C(=O)c3ccoc3)CC12C,6.82
COC(=O)C1CC(OC(C)=O)C(=O)C2C1(C)CCC1C(=O)OC(C(=O)c3ccccc3OC)CC12C,5.97
COC(=O)C1CC(OC(C)=O)C(=O)C2C1(C)CCC1C(=O)OC(C(=O)c3ccccc3)CC12C,7.16
CC=CC(=O)C1CC2(C)C(CCC3(C)C(C(=O)OC)CC(OC(C)=O)C(=O)C32)C(=O)O1,6.5
COC(=O)C1CC(OC(C)=O)C(=O)C2C1(C)CCC1C(=O)OC(C=Cc3ccoc3)CC12C,7.52
COC(=O)C1CC(OC(C)=O)C(=O)C2C1(C)CCC1C(=O)OC(C(=O)c3cccc(OC)c3)CC12C,6.54
COC(=O)C1CC(OC(C)=O)C(=O)C2C1(C)CCC1C(=O)OC(C(=O)c3cccc(O)c3)CC12C,6.96
COC(=O)C1CC(OC(C)=O)C(=O)C2C1(C)CCC1C(=O)OC(C(=O)c3ccsc3)CC12C,7.51
COC(=O)C1CC(OC(C)=O)C(=O)C2C1(C)CCC1C(=O)OC(C(=O)c3cc4ccccc4s3)CC12C,5.04
COC(=O)C1CC(OC(C)=O)C(=O)C2C1(C)CCC1C(=O)OC(c3ccco3)CC12C,7.52
COc1ccc2c3c1OC1C(=O)CCC4C(C2)N(C)CCC314,6.58
COc1ccc(CNc2ccc3c(c2)C24CCCCC2C(C3)N(CC2CCC2)CC4)cc1,8.35
CN(Cc1cccc(O)c1)c1ccc2c(c1)C13CCCCC1C(C2)N(CC1CCC1)CC3,7.64
O=[N+]([O-])c1cccc(CNc2ccc3c(c2)C24CCCCC2C(C3)N(CC2CCC2)CC4)c1,8.96
Oc1ccc(CNc2ccc3c(c2)C24CCCCC2C(C3)N(CC2CCC2)CC4)cc1,8.64
CN1CCC23CCCCC2C1Cc1ccc(NCc2cccc(O)c2)cc13,8.0
COc1cccc(CNc2ccc3c(c2)C24CCCCC2C(C3)N(CC2CC2)CC4)c1,8.82
COc1ccccc1CN(C)c1ccc2c(c1)C13CCCCC1C(C2)N(CC1CCC1)CC3,7.72
Oc1cccc(CNc2ccc3c(c2)C24CCCCC2C(C3)N(CC2CCC2)CC4)c1,8.72
Oc1ccc(CNc2ccc3c(c2)C24CCCCC2C(C3)N(CC2CC2)CC4)cc1,9.57
Oc1cccc(CNc2ccc3c(c2)CC2C4CCCCC34CCN2CC2CC2)c1,9.0
CN1CCC23CCCCC2C1Cc1ccc(N)cc13,6.96
Oc1cccc(CNc2ccc3c(c2)C24CCCCC2C(C3)N(CC2CC2)CC4)c1,9.44
COc1cccc(CN(C)c2ccc3c(c2)C24CCCCC2C(C3)N(CC2CCC2)CC4)c1,7.6
COc1ccccc1CNc1ccc2c(c1)C13CCCCC1C(C2)N(CC1CC1)CC3,8.89
CN(Cc1ccc(Cl)cc1)c1ccc2c(c1)C13CCCCC1C(C2)N(CC1CCC1)CC3,7.57
Oc1ccccc1CNc1ccc2c(c1)C13CCCCC1C(C2)N(CC1CC1)CC3,9.59
Clc1ccc(CNc2ccc3c(c2)C24CCCCC2C(C3)N(CC2CCC2)CC4)cc1,8.35
COc1ccc(CN(C)c2ccc3c(c2)C24CCCCC2C(C3)N(CC2CCC2)CC4)cc1,8.07
CN(Cc1ccc(O)cc1)c1ccc2c(c1)C13CCCCC1C(C2)N(CC1CCC1)CC3,8.39
c1cc2c(cc1CNc1ccc3c(c1)C14CCCCC1C(C3)N(CC1CCC1)CC4)OCO2,8.96
CN1CCC23c4c5ccc(NCc6ccc(O)cc6)c4OC2C(O)C=CC3C1C5,6.25
CN1CCC23c4c5ccc(NCc6cccc(O)c6)c4OC2C(O)C=CC3C1C5,6.04
COc1ccccc1CNc1ccc2c(c1)C13CCCCC1C(C2)N(CC1CCC1)CC3,8.66
c1cc2c(cc1CNc1ccc3c(c1)C14CCCCC1C(C3)N(CC1CC1)CC4)OCO2,9.28
Oc1ccccc1CNc1ccc2c(c1)C13CCCCC1C(C2)N(CC1CCC1)CC3,8.77
COc1cccc(CNc2ccc3c(c2)C24CCCCC2C(C3)N(CC2CCC2)CC4)c1,8.46
CCCCN(CCc1ccccc1)CCc1cccc(O)c1,7.96
CCCN(CCc1ccccc1)CCc1cccc(O)c1,8.09
CCCCCN(CCc1ccccc1)CCc1cccc(O)c1,7.9
CCCCCCN(CCc1ccccc1)CCc1cccc(O)c1,6.85
CC(=O)NC(Cc1c[nH]c2ccccc12)C(=O)NC(Cc1ccccc1)C(=O)NCC(N)=O,4.48
O=C(Cc1ccccc1)OC12Cc3cc(-c4ccc(Cl)cc4)cnc3C3Oc4c(O)ccc5c4C31CCN(CC1CC1)C2C5,8.51
O=C(OC12Cc3cc(-c4ccc(Cl)cc4)cnc3C3Oc4c(O)ccc5c4C31CCN(CC1CC1)C2C5)c1ccccc1,6.93
CN1CCC23c4c5ccc(O)c4OC2c2ncc(-c4ccc(Cl)cc4)cc2CC3(OC(=O)Cc2ccccc2)C1C5,7.77
Oc1ccc2c3c1OC1c4ncc(-c5ccc(Cl)cc5)cc4CC4(OCc5ccccc5)C(C2)N(CC2CC2)CCC314,8.27
CN1CCC23c4c5ccc(O)c4OC2c2ncc(-c4ccc(Cl)cc4)cc2CC3(OCC=Cc2ccccc2)C1C5,8.81
Oc1ccc2c3c1OC1c4ncc(-c5ccc(Cl)cc5)cc4C=C4C(C2)N(CC2CC2)CCC431,8.22
CN1CCC23c4c5ccc(O)c4OC2c2ncc(-c4ccc(Cl)cc4)cc2CC3(OCCCc2ccccc2)C1C5,8.81
CN1CCC23c4c5ccc(O)c4OC2c2ncc(-c4ccc(Cl)cc4)cc2CC3(OC(=O)CCc2ccccc2)C1C5,8.36
Oc1ccc2c3c1OC1c4ncc(-c5ccc(Cl)cc5)cc4CC4(OCCCc5ccccc5)C(C2)N(CC2CC2)CCC314,8.74
COC12Cc3cc(-c4ccc(Cl)cc4)cnc3C3Oc4c(O)ccc5c4C31CCN(CC1CC1)C2C5,8.27
Oc1ccc2c3c1OC1c4ncc(-c5ccc(Cl)cc5)cc4CC4(OCC=Cc5ccccc5)C(C2)N(CC2CC2)CCC314,8.48
CCOc1ccc(-c2ccc(CCNC(=O)c3ccc4c(c3)C3(C)CCN(CC5CC5)C(C4)C3C)cc2)cc1,8.48
CC(C)Oc1ccccc1-c1ccc(CCNC(=O)c2ccc3c(c2)C2(C)CCN(CC4CC4)C(C3)C2C)cc1,8.74
CC1C2Cc3ccc(C(=O)NCCc4ccc(-c5ccccc5O)cc4)cc3C1(C)CCN2CC1CC1,8.68
CC1C2Cc3ccc(C(=O)NCCc4ccc(-c5ccc6c(c5)OCO6)cc4)cc3C1(C)CCN2CC1CC1,9.14
COc1cccc(-c2ccc(CCNC(=O)c3ccc4c(c3)C3(C)CCN(CC5CC5)C(C4)C3C)cc2)c1,9.66
COc1ccc2cc(CCNC(=O)c3ccc4c(c3)C3(C)CCN(CC5CC5)C(C4)C3C)ccc2c1,9.35
COc1ccc(-c2ccc(CCNC(=O)c3ccc4c(c3)C3(C)CCN(CC5CC5)C(C4)C3C)cc2)c(C)c1,8.89
CC(C)Oc1cccc(-c2ccc(CCNC(=O)c3ccc4c(c3)C3(C)CCN(CC5CC5)C(C4)C3C)cc2)c1,8.62
COc1ccc(-c2ccc(CCNC(=O)c3ccc4c(c3)C3(C)CCN(CC5CC5)C(C4)C3C)cc2)cc1,8.82
CC1C2Cc3ccc(C(=O)NCCc4ccc(-c5ccc(OC(F)F)cc5)cc4)cc3C1(C)CCN2CC1CC1,8.57
CC(C)Oc1ccc(-c2ccc(CCNC(=O)c3ccc4c(c3)C3(C)CCN(CC5CC5)C(C4)C3C)cc2)cc1,8.8
CC1C2Cc3ccc(C(=O)NCCc4ccc5ccccc5c4)cc3C1(C)CCN2CC1CC1,9.7
COc1ccccc1-c1ccc(CCNC(=O)c2ccc3c(c2)C2(C)CCN(CC4CC4)C(C3)C2C)cc1,9.42
CC1C2Cc3ccc(C(=O)NCCc4ccc(-c5ccc(OC(F)(F)F)cc5)cc4)cc3C1(C)CCN2CC1CC1,8.28
CC1C2Cc3ccc(C(=O)NCCc4ccc(-c5ccc(O)cc5)cc4)cc3C1(C)CCN2CC1CC1,9.44
COc1ccc(-c2ccc(CCNC(=O)c3ccc4c(c3)C3(C)CCN(CC5CC5)C(C4)C3C)cc2)cc1C,8.77
CC1C2Cc3ccc(C(=O)NCCc4ccc(-c5cccc(O)c5)cc4)cc3C1(C)CCN2CC1CC1,8.89
COc1ccc(-c2ccc(CCNC(=O)c3ccc4c(c3)C3(C)CCN(CC5CC5)C(C4)C3C)cc2)cc1OC,8.89
Cc1cc(O)cc(C)c1CC(N)C(=O)NC1CCNc2ccc(Cc3ccc4ccccc4c3)cc21,7.27
Cc1cc(O)cc(C)c1CC(N)C(=O)NC1CCNc2ccc(CC3Cc4ccccc4C3)cc21,8.92
COC12CCC3(CC1C(O)CC1CCCCC1)C1Cc4ccc(O)c5c4C3(CCN1CC1CC1)C2O5,10.82
COC12CCC3(CC1C(C)(O)CC1CCCCC1)C1Cc4ccc(O)c5c4C3(CCN1CC1CC1)C2O5,10.29
COC12C=CC3(CC1C(C)(O)CCC(C)C)C1Cc4ccc(O)c5c4C3(CCN1CC1CC1)C2O5,10.09
COC12CCC3(CC1C(C)(O)CC(C)C)C1Cc4ccc(O)c5c4C3(CCN1CC1CC1)C2O5,10.04
COC12CCC3(CC1C(C)(O)C(C)C)C1Cc4ccc(O)c5c4C3(CCN1CC1CC1)C2O5,10.29
COC12CCC3(CC1C(O)CC(C)C)C1Cc4ccc(O)c5c4C3(CCN1CC1CC1)C2O5,10.24
COC12CCC3(CC1C(O)C1CCCCC1)C1Cc4ccc(O)c5c4C3(CCN1CC1CC1)C2O5,10.05
COC12CCC3(CC1C(O)CCC(C)C)C1Cc4ccc(O)c5c4C3(CCN1CC1CC1)C2O5,10.48
COC12CCC3(CC1C(C)(O)CCC(C)C)C1Cc4ccc(O)c5c4C3(CCN1CC1CC1)C2O5,10.22
COC12CCC3(CC1C(C)(O)CCC1CCCC1)C1Cc4ccc(O)c5c4C3(CCN1CC1CC1)C2O5,9.92
COC12CCC3(CC1C(C)(O)Cc1ccccc1)C1Cc4ccc(O)c5c4C3(CCN1CC1CC1)C2O5,10.09
COC12CCC3(CC1C(O)CCC1CCCC1)C1Cc4ccc(O)c5c4C3(CCN1CC1CC1)C2O5,10.21
COC12CCC3(CC1C(C)(O)CCc1ccccc1)C1Cc4ccc(O)c5c4C3(CCN1CC1CC1)C2O5,10.19
COC12CCC3(CC1C(O)CCc1ccccc1)C1Cc4ccc(O)c5c4C3(CCN1CC1CC1)C2O5,10.6
COC12CCC3(CC1C(O)CC1CCCC1)C1Cc4ccc(O)c5c4C3(CCN1CC1CC1)C2O5,10.07
COC12CCC3(CC1C(O)Cc1ccccc1)C1Cc4ccc(O)c5c4C3(CCN1CC1CC1)C2O5,10.7
COC12CCC3(CC1C(C)(O)CCC1CCCCC1)C1Cc4ccc(O)c5c4C3(CCN1CC1CC1)C2O5,9.8
COC12CCC3(CC1C(C)(O)C1CCCC1)C1Cc4ccc(O)c5c4C3(CCN1CC1CC1)C2O5,10.13
CCC12CCN(CC3CC3)C(C(=O)c3ccc(O)cc31)C2C,9.41
COC12CCC3(CC1C(O)CCC1CCCCC1)C1Cc4ccc(O)c5c4C3(CCN1CC1CC1)C2O5,10.72
COC12CCC3(CC1C(C)(O)CC1CCCC1)C1Cc4ccc(O)c5c4C3(CCN1CC1CC1)C2O5,10.16
COC12CCC3(CC1C(O)C1CCCC1)C1Cc4ccc(O)c5c4C3(CCN1CC1CC1)C2O5,10.11
COC12CCC3(CC1C(O)C(C)C)C1Cc4ccc(O)c5c4C3(CCN1CC1CC1)C2O5,10.17
COC12CCC3(CC1C(C)(O)C1CCCCC1)C1Cc4ccc(O)c5c4C3(CCN1CC1CC1)C2O5,10.0
C=C(C(N)=O)C(NC(=O)C(Cc1c[nH]c2ccccc12)NC(=O)C1CCN(C(=O)C(N)Cc2c(C)cc(O)cc2C)C1)c1ccccc1,6.76
C=C(C(N)=O)C(NC(=O)C(Cc1c[nH]c2ccccc12)NC(=O)C1CCN(C(=O)C(N)Cc2c(C)cc(O)cc2C)C1)c1ccco1,6.75
CC1C2Cc3ccc(C(=O)NCCc4ccc(-c5ccccc5)nc4)cc3C1(C)CCN2CC1CC1,8.59
CC1C2Cc3ccc(C(=O)NCCc4ccc(-c5ccncc5)cc4)cc3C1(C)CCN2CC1CC1,8.74
CC1C2Cc3ccc(C(=O)NCCc4ccc(-c5ccccn5)cc4)cc3C1(C)CCN2CC1CC1,8.48
CC1C2Cc3ccc(C(=O)NCCc4ccc(-c5ccccc5)cn4)cc3C1(C)CCN2CC1CC1,8.85
CC1C2Cc3ccc(C(=O)NCCc4ccc(-c5cccnc5)cc4)cc3C1(C)CCN2CC1CC1,8.66
COC(=O)C1CC(OC(=O)CSC#N)C(=O)C2C1(C)CCC1C(=O)OC(c3ccoc3)CC12C,9.22
COC(=O)C=CC(=O)OC1CC(C(=O)OC)C2(C)CCC3C(=O)OC(c4ccoc4)CC3(C)C2C1=O,7.41
COC(=O)CCCC(=O)OC1CC(C(=O)OC)C2(C)CCC3C(=O)OC(c4ccoc4)CC3(C)C2C1=O,6.52
COC(=O)C1CC(OC(=O)CC(=O)OC(C)(C)C)C(=O)C2C1(C)CCC1C(=O)OC(c3ccoc3)CC12C,6.83
COC(=O)C1CC(OC(=O)c2ccccc2C(=O)O)C(=O)C2C1(C)CCC1C(=O)OC(c3ccoc3)CC12C,5.64
CCOC(=O)CC(=O)OC1CC(C(=O)OC)C2(C)CCC3C(=O)OC(c4ccoc4)CC3(C)C2C1=O,7.68
COC(=O)C1CC(OC(=O)CCC(=O)O)C(=O)C2C1(C)CCC1C(=O)OC(c3ccoc3)CC12C,5.39
COC(=O)C1CC(OC(=O)CCCC(=O)O)C(=O)C2C1(C)CCC1C(=O)OC(c3ccoc3)CC12C,6.58
COC(=O)CCC(=O)OC1CC(C(=O)OC)C2(C)CCC3C(=O)OC(c4ccoc4)CC3(C)C2C1=O,7.44
CCOC(=O)C=CC(=O)OC1CC(C(=O)OC)C2(C)CCC3C(=O)OC(c4ccoc4)CC3(C)C2C1=O,6.37
CCOC(=O)CCC(=O)OC1CC(C(=O)OC)C2(C)CCC3C(=O)OC(c4ccoc4)CC3(C)C2C1=O,6.36
COC(=O)CC(=O)OC1CC(C(=O)OC)C2(C)CCC3C(=O)OC(c4ccoc4)CC3(C)C2C1=O,8.7
COC(=O)CCCCC(=O)OC1CC(C(=O)OC)C2(C)CCC3C(=O)OC(c4ccoc4)CC3(C)C2C1=O,6.24
CN(C(=O)C=Cc1ccoc1)C1CCC2(O)C3Cc4ccc(O)c5c4C2(CCN3CC2CC2)C1O5,9.64
CCC(C)(C)C1CCC(N2CCC(N3C(=O)Cc4ccccc43)CC2)CC1,6.8
CC(C1CCCCC1)N1CCC(N2C(=O)Cc3ccccc32)CC1,7.36
O=C1Cc2ccccc2N1C1CCN(C2CCCCCCC2)CC1,7.37
CC1CC(=O)N(C2CCN(C3CCCCCCC3)CC2)c2ccccc21,7.56
CC1C(=O)N(C2CCN(C3CCC(C(C)C)CC3)CC2)c2ccccc21,7.38
CC(C)C1CCC(N2CCC(N3C(=O)CCc4ccccc43)CC2)CC1,7.16
CCC1C(=O)N(C2CCN(C3CCC(C(C)C)CC3)CC2)c2ccccc21,7.08
O=C1CCc2ccccc2N1C1CCN(C2CCCCCCC2)CC1,7.42
O=C1Cc2ccccc2N1C1CCN(C2CCC3CCCc4cccc2c43)CC1,6.17
O=C1Cc2ccccc2N1C1CCN(C2C3CCCC2CCC3)CC1,7.5
CC(c1ccccc1)N1CCC(N2C(=O)Cc3ccccc32)CC1,7.54
O=C1Cc2ccccc2N1C1CCN(Cc2ccccc2)CC1,7.07
CCCC1CCC(N2CCC(N3C(=O)Cc4ccccc43)CC2)CC1,6.72
Oc1ccc2c(c1)C1(CCc3ccccc3)CCN(CCc3ccccc3)CC1O2,6.14
CN1CCC2(CCCCc3ccccc3)c3cc(O)ccc3OC2C1,6.79
CCCC12CCN(C)CC1Oc1ccc(O)cc12,5.78
Oc1ccc2c(c1)C1(CCc3ccccc3)CCN(CC3CC3)CC1O2,7.8
Oc1ccc2c(c1)C1(CCc3ccccc3)CCN(CCc3ccccc3F)CC1O2,6.08
Oc1ccc2c(c1)C1(CCc3ccccc3)CCN(CCc3ccc(C(F)(F)F)cc3)CC1O2,5.61
CCCCC12CCN(C)CC1Oc1ccc(O)cc12,5.72
Oc1ccc2c(c1)C1(CCc3ccccc3)CCN(CCc3ccccc3C(F)(F)F)CC1O2,5.72
CN1CCC2(CCc3ccc(F)cc3)c3cc(O)ccc3OC2C1,5.54
CN1CCC2(CCc3ccccc3)c3cc(O)ccc3OC2C1,5.45
CN1CCC2(CCCc3ccccc3)c3cc(O)ccc3OC2C1,6.62
C=CCN1CCC2(CCc3ccccc3)c3cc(O)ccc3OC2C1,7.1
CCCCCC12CCN(C)CC1Oc1ccc(O)cc12,6.01
Oc1ccc2c(c1)C1(CCc3ccccc3)CCN(CCCc3ccccc3)CC1O2,6.17
CN1CCC2(CCCCCc3ccccc3)c3cc(O)ccc3OC2C1,7.15
Oc1ccc2c(c1)C1(CCc3ccccc3)CCN(CCc3ccc(F)cc3)CC1O2,6.14
CN(C(=O)Cc1ccccc1)C1CC2(CCCO2)CCC1N1CCCC1,8.19
O=C(NC12CCC(=O)C3Oc4c(O)ccc5c4C31CCN(CC1CC1)C2C5)c1ccccc1,9.92
O=C(NC12CCC(=O)C3Oc4c(O)ccc5c4C31CCN(CC1CC1)C2C5)c1ccncc1,9.48
O=C(NC12CCC(=O)C3Oc4c(O)ccc5c4C31CCN(CC1CC1)C2C5)c1ccc2ccccc2n1,9.59
O=C(NC12CCC(=O)C3Oc4c(O)ccc5c4C31CCN(CC1CC1)C2C5)c1cnc2ccccc2c1,9.89
O=C(NC12CCC(=O)C3Oc4c(O)ccc5c4C31CCN(CC1CC1)C2C5)c1cc2ccccc2cn1,9.57
O=C(NC12CCC(=O)C3Oc4c(O)ccc5c4C31CCN(CC1CC1)C2C5)c1ccccn1,9.44
O=C(NC12CCC(=O)C3Oc4c(O)ccc5c4C31CCN(CC1CC1)C2C5)c1ccc2ccccc2c1,9.48
O=C(NC12CCC(=O)C3Oc4c(O)ccc5c4C31CCN(CC1CC1)C2C5)c1cccnc1,9.8
CC(C)CC(NC(=O)C(Cc1ccccc1)NC(=O)CNC(=O)C(C)NC(=O)C(N)Cc1ccc(O)cc1)C(=O)NC(CCCNC(=N)N)C(=O)NC(CCCCN)C(=O)NC(Cc1ccc(O)cc1)C(=O)N1CCCC1C(=O)NC(CCCCN)C(=O)O,7.89
COc1c(F)cccc1C(=O)N1CC(C)CCC1CNc1ccc(Br)cn1,6.5
CN(CCCc1ccccc1)C1CCCCC1OCCCc1ccccc1,5.66
CN(CCc1ccccc1)C1CCCCC1OCCCc1ccccc1,4.68
CC1CCC2(c3cccc(O)c3)CCN(C)C1C2,7.41
CC1CC2CC(c3cccc(O)c3)(CCN2CCc2ccccc2)C1,7.04
CN1CCC2(c3cccc(O)c3)CC(O)CC1C2,5.91
Oc1cccc(C23CCN(CCc4ccccc4)C(CC(O)C2)C3)c1,6.87
CC1CCC2(c3cccc(O)c3)CCN(CCc3ccccc3)C1C2,7.27
Oc1cccc(C23CCN(CCc4ccccc4)C(CC(c4ccccc4)C2)C3)c1,8.39
Oc1cccc(C23CCN(CCc4ccccc4)C(C2)C2CCCCC2C3)c1,7.09
O=C1CC2CC(c3cccc(O)c3)(CCN2CCc2ccccc2)C1,6.7
OC12C3C4CC5C6C4C1C6C(C53)N2Cc1ccccc1,6.31
COc1ccc(CN2C3C4C5CC6C7C5C3C7C2(O)C64)cc1OC,5.94
OC12C3C4CC5C6C4C1C6C(C53)N2Cc1ccc2c(c1)OCO2,5.85
COc1cc(CNC2C3C4CC5C6C4CC3C6C52)cc(OC)c1OC,5.7
CN(CCc1ccccn1)C1C2C3CC4C5C3CC2C5C41,6.03
c1ccc(CNC2C3C4CC5C6C4CC3C6C52)cc1,5.31
CN(Cc1cccnc1)C1C2C3CC4C5C3CC2C5C41,5.78
C1C2C3CC4C2C(NCC25C6C7C8C6C2C8C75)C2C1C3C42,6.09
COc1ccc2c3c1OC1C4(OC)C=CC5(CC4c4ccc(N)cc4)C(C2)N(C)CCC315,5.1
CN(CC1CC1(CO)c1ccccc1)C12CC3CC(CC(C3)C1)C2,6.38
CC1CN(CCCc2ccccc2)C2CC(N(C)CC3CC3)CC1(c1cccc(O)c1)C2,9.04
CC1CN(CCCc2ccccc2)C2CCCC1(c1cccc(O)c1)C2,8.11
CCNC1CC2CC(c3cccc(O)c3)(C1)C(C)CN2CCCc1ccccc1,8.09
CC1CN(CCCc2ccccc2)C2CC(NCC3CC3)CC1(c1cccc(O)c1)C2,7.86
CNC1CC2CC(c3cccc(O)c3)(C1)C(C)CN2CCCc1ccccc1,7.68
CC1CN(CCCc2ccccc2)C2CC(N(C)C)CC1(c1cccc(O)c1)C2,8.0
CCCNC1CC2CC(c3cccc(O)c3)(C1)C(C)CN2CCCc1ccccc1,8.85
O=C(OC12CCC(=O)C3Oc4c(O)ccc5c4C31CCN(CC1CC1)C2C5)c1cnc2ccccc2c1,6.83
O=C(CNC(=O)c1ccccn1)NC12CCC(=O)C3Oc4c(O)ccc5c4C31CCN(CC1CC1)C2C5,9.85
O=C(OC12CCC(=O)C3Oc4c(O)ccc5c4C31CCN(CC1CC1)C2C5)c1ccc2ccccc2n1,7.17
O=C(OC12CCC(=O)C3Oc4c(O)ccc5c4C31CCN(CC1CC1)C2C5)c1ccccc1,6.23
O=C(OC12CCC(=O)C3Oc4c(O)ccc5c4C31CCN(CC1CC1)C2C5)c1ccncc1,7.31
O=C(CCc1ccccn1)NC12CCC(=O)C3Oc4c(O)ccc5c4C31CCN(CC1CC1)C2C5,9.77
O=C(OC12CCC(=O)C3Oc4c(O)ccc5c4C31CCN(CC1CC1)C2C5)c1cccnc1,7.32
O=C(OC12CCC(=O)C3Oc4c(O)ccc5c4C31CCN(CC1CC1)C2C5)c1ccc2ccccc2c1,7.33
O=C(OC12CCC(=O)C3Oc4c(O)ccc5c4C31CCN(CC1CC1)C2C5)c1ccccn1,7.59
O=C(Cc1ccccn1)NC12CCC(=O)C3Oc4c(O)ccc5c4C31CCN(CC1CC1)C2C5,9.72
CC(=O)Nc1nc2c(s1)CC1C3Cc4ccc(O)cc4C1(CCN3CC1CC1)C2,9.77
CNc1nc2c(s1)CC1C3Cc4ccc(O)cc4C1(CCN3CC1CC1)C2,10.08
CNc1nc2c(s1)CC1C3Cc4ccc(OC)cc4C1(CCN3CC1CC1)C2,8.44
CN1CCc2c(c3cccc4c3n2-c2ccccc2CC4)C1,5.7
Cc1cc(O)cc(C)c1CC(N)C(=O)N1CCC(CCCc2ccccc2)CC1,6.96
Cc1cc(O)cc(C)c1CC(N)C(=O)N1CCC(Cc2ccccc2)CC1,6.85
Cc1cc(O)cc(C)c1CC(N)C(=O)N1CCC(Cc2ccccc2)c2ccccc21,6.51
Cc1cc(O)cc(C)c1CC(N)C(=O)N1CCN(CC=Cc2cccc3ccccc23)CC1,6.48
Cc1cc(O)cc(C)c1CC(N)C(=O)N1CCN(CCCCc2ccccc2)CC1,7.11
Cc1cc(O)cc(C)c1CC(N)C(=O)N1CCN(CC=CCc2ccccc2)CC1,7.27
Cc1cc(O)cc(C)c1CC(N)C(=O)N1CCN(CCCc2ccccc2)CC1,6.6
N=C(N)NCCCC(NC(=O)CC1(CC(=O)N2CCN(C3c4ccccc4NC(=O)c4ccccc43)CC2)CCCC1)C(=O)NCCn1c(=O)n(-c2ccccc2)n(-c2ccccc2)c1=O,6.02
CCCC(C)CN1CCC(c2cccc(C(N)=O)c2)(c2ncc(C(=O)N(CC)CC)cn2)CC1,7.19
COC(=O)C1CC(OC(C)=O)C(=O)C2C1(C)CCC1C(=O)OC(C(=O)N3CCCCC3)CC12C,6.85
CCOC(CBr)OC1CC(C(=O)OC)C2(C)CCC3C(=O)OC(c4ccoc4)CC3(C)C2C1=O,5.28
CCOC(=O)OC1CC(C(=O)OC)C2(C)CCC3C(=O)OC(c4ccoc4)CC3(C)C2C1=O,6.77
COC(=O)C1CC(OC=O)C(=O)C2C1(C)CCC1C(=O)OC(c3ccoc3)CC12C,7.39
COCOC1CC(C(=O)OC)C2(C)CCC3C(=O)OC(C(=O)N4CCCCC4)CC3(C)C2C1=O,7.23
COC(=O)C1CC(OC2CCCO2)C(=O)C2C1(C)CCC1C(=O)OC(c3ccoc3)CC12C,7.12
CCC1(c2cccc(C(N)=O)c2)C2CN(CC3(O)Cc4ccccc4C3)CC21,7.22
CCC1(c2cccc(NS(C)(=O)=O)c2)C2CN(CCCC3(O)CCCCC3)CC21,7.8
CCC1(c2cccc(NS(C)(=O)=O)c2)C2CN(CC3(O)Cc4ccccc4C3)CC21,7.38
Cc1cc(O)cc(C)c1CC(N)C(=O)NC1CSCCSC(C)(C)C(C(=O)O)NC(=O)C2(Cc3ccccc3C2)NC1=O,6.11
Cc1cc(O)cc(C)c1CC(N)C(=O)NC1CSCCSC(C)(C)C(C(=O)NC(CO)C(N)=O)NC(=O)C2(Cc3ccccc3C2)NC1=O,7.03
Cc1cc(O)cc(C)c1CC(N)C(=O)NC1CSCCSC(C)(C)C(C(=O)NC(CO)C(=O)O)NC(=O)C2(Cc3ccccc3C2)NC1=O,5.15
Cc1cc(O)cc(C)c1CC(N)C(=O)NC1CSCCSC(C)(C)C(C(=O)NC(COC2OC(CO)C(O)C(O)C2O)C(N)=O)NC(=O)C2(Cc3ccccc3C2)NC1=O,6.38
COC12CCC3(CC1C(O)c1ccccc1)C1Cc4ccc(O)c5c4C3(CCN1CC1CC1)C2O5,9.06
CCC(O)(C1CC23C=CC1(OC)C1Oc4c(O)ccc5c4C12CCN(CC1CC1)C3C5)C(C)(C)C,9.12
CCC(O)(C1CC23CCC1(OC)C1Oc4c(O)ccc5c4C12CCN(CC1CC1)C3C5)C(C)(C)C,9.25
CCC(O)(c1ccccc1)C1CC23CCC1(OC)C1Oc4c(O)ccc5c4C12CCN(CC1CC1)C3C5,9.44
CCC(O)(c1ccccc1)C1CC23C=CC1(OC)C1Oc4c(O)ccc5c4C12CCN(CC1CC1)C3C5,9.02
COC12C=CC3(CC1C(O)c1ccccc1)C1Cc4ccc(O)c5c4C3(CCN1CC1CC1)C2O5,8.42
COC12CCC3(CC1C(C)(O)c1ccccc1)C1Cc4ccc(O)c5c4C3(CCN1CC1CC1)C2O5,9.31
CCOC(=O)C(CN1CCC(C)(c2cccc(O)c2)C(C)C1)OC(=O)C1Cc2ccc(O)cc2CN1,8.76
CC1CN(CCOC(=O)C2Cc3ccc(O)cc3CN2)CCC1(C)c1cccc(O)c1,6.8
CC1CN(CCCOC(=O)C2Cc3ccc(O)cc3CN2)CCC1(C)c1cccc(O)c1,7.6
CCC(C)C1NC(=O)C(CCCNC(=N)N)NC(=O)C(NC(=O)C(Cc2ccccc2)NC(=O)CNC(=O)CNC(=O)C(Cc2ccc(O)cc2)NCc2ccccc2)CC(=O)NCC(C(=O)NC(CCCNC(=N)N)C(=O)N2CCCC2C(=O)NC(CCCCN)C(N)=O)NC1=O,7.52
CCC1C(=O)N(C2CCN(CCC(c3ccccc3)c3ccccc3)CC2)c2ccccc21,7.05
CCC1C(=O)N(C2CCN(C(C)CC(c3ccccc3)c3ccccc3)CC2)c2ccccc21,5.38
CCC1C(=O)N(C2CCN(C3CCC4CCCc5cccc3c54)CC2)c2ccccc21,6.82
CCC1C(=O)N(C2CCN(C3CCCc4ccccc43)CC2)c2ccccc21,7.25
CCC1C(=O)N(C2CCN(CCCc3ccccc3)CC2)c2ccccc21,6.33
CCC1C(=O)N(C2CCN(CC=Cc3ccccc3)CC2)c2ccccc21,5.86
Oc1ccc2c(c1)C13CCN(Cc4ccccc4)CC1(C2)Cc1cc2ccccc2nc1C3,6.23
CN1CCC23Cc4nc5ccccc5cc4CC2(Cc2ccc(O)cc23)C1,6.71
Oc1ccc2c(c1)C13CCN(CC4CC4)CC1(C2)Cc1cc2ccccc2nc1C3,7.07
O=C1CCC23Cc4ccc(O)cc4C2(CCN(CC2CC2)C3)C1,7.76
Oc1ccc2c(c1)C13CCN(CC4(O)CC4)CC1(C2)Cc1cc2ccccc2nc1C3,6.06
CN1CCC23c4c5ccc(O)c4OC2C2(OCCF)C=CC3(CC2C(C)(O)CCc2ccccc2)C1C5,10.1
COC12CCC3(CC1C(C)(C)O)C1Cc4ccc(O)c5c4C3(CCN1CC1CC1)C2O5,10.7
CC(C)(O)C1CC23CCC1(OCCF)C1Oc4c(O)ccc5c4C12CCN(CC1CC1)C3C5,9.7
CC(C)(C)C(C)(O)C1CC23CCC1(OCCF)C1Oc4c(O)ccc5c4C12CCN(CC1CC1)C3C5,9.92
CC1CC2=C(C3Oc4c(O)ccc5c4C34CCN(CC3CC3)C(C5)C4(O)C2)N(Cc2ccccc2)C1=O,9.15
CN1CCC23c4c5ccc(O)c4OC2C2=C(CC(CCO)C(=O)N2Cc2ccccc2)CC3(O)C1C5,8.33
O=C1CCC2=C(C3Oc4c(O)ccc5c4C34CCN(CC3CC3)C(C5)C4(O)C2)N1CC1CCCCC1,9.48
CN1C(=O)CCC2=C1C1Oc3c(O)ccc4c3C13CCN(C)C(C4)C3(O)C2,7.69
CN1C(=O)C(CCO)CC2=C1C1Oc3c(O)ccc4c3C13CCN(C)C(C4)C3(O)C2,7.31
CCOC(=O)Cc1c2c(n(Cc3ccccc3)c1O)C1Oc3c(O)ccc4c3C13CCN(CC1CC1)C(C4)C3(O)C2,8.32
O=C1C(CCO)CC2=C(C3Oc4c(O)ccc5c4C34CCN(CC3CC3)C(C5)C4(O)C2)N1Cc1ccccc1,8.89
O=C1CCC2=C(C3Oc4c(O)ccc5c4C34CCN(CC3CC3)C(C5)C4(O)C2)N1Cc1ccccc1,9.82
CN(C)C1(c2ccccc2)CCC2(CC1)OCCc1c2[nH]c2ccccc12,8.64
CN(C)C1(c2ccccc2)CCC2(CC1)OCCc1c2[nH]c2ccc(F)cc12,8.59
CC1CN(CCC(O)C2CCCCC2)CCC1(C)c1ccccc1,6.13
COC(=O)C1CC(OC(=O)C=C(C)C)C(=O)C2C1(C)CCC1C(=O)OC(c3ccoc3)CC12C,6.42
C=CCC(=O)OC1CC(C(=O)OC)C2(C)CCC3C(=O)OC(c4ccoc4)CC3(C)C2C1=O,8.0
COC(=O)C1CC(OC(=O)C=Cc2ccccc2OC)C(=O)C2C1(C)CCC1C(=O)OC(c3ccoc3)CC12C,7.19
C=CC(C)C(=O)OC1CC(C(=O)OC)C2(C)CCC3C(=O)OC(c4ccoc4)CC3(C)C2C1=O,7.54
CC=C(C)C(=O)OC1CC(C(=O)OC)C2(C)CCC3C(=O)OC(c4ccoc4)CC3(C)C2C1=O,6.82
COC(=O)C1CC(OC(=O)C=Cc2ccccc2)C(=O)C2C1(C)CCC1C(=O)OC(c3ccoc3)CC12C,8.02
COC(=O)C1CC(OC(=O)C=Cc2ccccc2[N+](=O)[O-])C(=O)C2C1(C)CCC1C(=O)OC(c3ccoc3)CC12C,6.83
COC(=O)C1CC(OC(=O)C=Cc2cc(OC)ccc2OC)C(=O)C2C1(C)CCC1C(=O)OC(c3ccoc3)CC12C,6.24
COC(=O)C1CC(OC(=O)C=Cc2ccc(OC)cc2OC)C(=O)C2C1(C)CCC1C(=O)OC(c3ccoc3)CC12C,6.79
C=CC(=O)OC1CC(C(=O)OC)C2(C)CCC3C(=O)OC(c4ccoc4)CC3(C)C2C1=O,7.74
COC(=O)C1CC(OC(=O)C=Cc2ccc3c(c2)OCO3)C(=O)C2C1(C)CCC1C(=O)OC(c3ccoc3)CC12C,6.49
C=C(C)CC(=O)OC1CC(C(=O)OC)C2(C)CCC3C(=O)OC(c4ccoc4)CC3(C)C2C1=O,8.22
COC(=O)C1CC(OC(=O)C=Cc2ccccc2C(F)(F)F)C(=O)C2C1(C)CCC1C(=O)OC(c3ccoc3)CC12C,6.89
CC=CC(=O)OC1CC(C(=O)OC)C2(C)CCC3C(=O)OC(c4ccoc4)CC3(C)C2C1=O,7.6
COC(=O)C1CC(OC(=O)C=Cc2ccsc2)C(=O)C2C1(C)CCC1C(=O)OC(c3ccoc3)CC12C,6.52
COC(=O)C1CC(OC(=O)C=Cc2ccc([N+](=O)[O-])cc2)C(=O)C2C1(C)CCC1C(=O)OC(c3ccoc3)CC12C,6.55
COC(=O)C1CC(OC(=O)C=Cc2ccc(OC)cc2)C(=O)C2C1(C)CCC1C(=O)OC(c3ccoc3)CC12C,6.87
N=C(N)NCC(=O)NCC1(Cc2cccc3ccccc23)CCN(Cc2ccccc2)CC1,5.83
COc1cc(NC2(CNC(=O)CNC(=N)N)CCN(Cc3ccccc3)CC2)cc(OC)c1,5.43
N=C(N)NCC(=O)NCC1(Nc2ccccc2)CCN(Cc2ccccc2)CC1,5.91
N=C(N)NCCNC(=O)C1(Nc2ccccc2)CCN(Cc2ccccc2)CC1,6.65
Oc1ccc2c(c1)C1(CCCCc3ccccc3)CCN(CCc3ccc(F)cc3)CC1O2,6.83
Oc1ccc2c(c1)C1(CCCc3ccccc3)CCN(CC3CC3)CC1O2,8.85
Oc1ccc2c(c1)C1(CCCCCc3ccccc3)CCN(CC3CC3)CC1O2,8.43
Oc1ccc2c(c1)C1(CCCc3ccccc3)CCN(CCc3ccccc3F)CC1O2,6.8
Oc1ccc2c(c1)C1(CCCCCc3ccccc3)CCN(CCc3ccccc3F)CC1O2,6.75
Oc1ccc2c(c1)C1(CCCCCc3ccccc3)CCN(CCc3ccccc3C(F)(F)F)CC1O2,5.95
Oc1ccc2c(c1)C1(CCCCCc3ccccc3)CCN(CCc3ccc(F)cc3)CC1O2,6.89
Oc1ccc2c(c1)C1(CCCCc3ccccc3)CCN(CCc3ccc(C(F)(F)F)cc3)CC1O2,6.79
Oc1ccc2c(c1)C1(CCCc3ccccc3)CCN(CCc3ccccc3)CC1O2,6.96
Oc1ccc2c(c1)C1(CCCc3ccccc3)CCN(CCc3ccc(C(F)(F)F)cc3)CC1O2,6.86
Oc1ccc2c(c1)C1(CCCCc3ccccc3)CCN(CCCc3ccccc3)CC1O2,6.37
Oc1ccc2c(c1)C1(CCCCc3ccccc3)CCN(CCc3ccccc3)CC1O2,6.93
Oc1ccc2c(c1)C1(CCCc3ccccc3)CCN(CCc3ccccc3C(F)(F)F)CC1O2,6.1
Oc1ccc2c(c1)C1(CCCCCc3ccccc3)CCN(CCc3ccccc3)CC1O2,7.09
Oc1ccc2c(c1)C1(CCCCc3ccccc3)CCN(CCCCc3ccccc3)CC1O2,6.39
Oc1ccc2c(c1)C1(CCCCc3ccccc3)CCN(CC3CC3)CC1O2,8.8
Oc1ccc2c(c1)C1(CCCCc3ccccc3)CCN(CCc3ccccc3C(F)(F)F)CC1O2,5.75
Oc1ccc2c(c1)C1(CCCCCc3ccccc3)CCN(CCc3ccc(C(F)(F)F)cc3)CC1O2,6.53
Oc1ccc2c(c1)C1(CCCCc3ccccc3)CCN(CCc3ccccc3F)CC1O2,6.64
C=CCN1CCC2(CCCc3ccccc3)c3cc(O)ccc3OC2C1,8.29
Oc1ccc2c(c1)C1(CCCc3ccccc3)CCN(CCCc3ccccc3)CC1O2,7.06
Oc1ccc2c(c1)C1(CCCCc3ccccc3)CCN(CCc3cccc(C(F)(F)F)c3)CC1O2,5.5
Oc1ccc2c(c1)C1(CCCc3ccccc3)CCN(CCc3ccc(F)cc3)CC1O2,6.96
Oc1ccc2c(c1)C1(CCCc3ccccc3)CCN(CCc3cccc(C(F)(F)F)c3)CC1O2,6.04
COC12CCC3(CC1(C)C(O)c1ccc(F)cc1)C1Cc4ccc(O)c5c4C3(CCN1CC1CC1)C2O5,10.0
COC12CCC3(CC1(C)C(O)c1cccc(C)c1)C1Cc4ccc(O)c5c4C3(CCN1CC1CC1)C2O5,9.96
COC12CCC3(CC1(C)C(O)c1ccoc1)C1Cc4ccc(O)c5c4C3(CCN1CC1CC1)C2O5,9.85
COC12CCC3(CC1(C)C(O)c1cccc(F)c1)C1Cc4ccc(O)c5c4C3(CCN1CC1CC1)C2O5,9.89
COC12CCC3(CC1(C)C(O)c1cccc(Cl)c1)C1Cc4ccc(O)c5c4C3(CCN1CC1CC1)C2O5,10.03
COC12CCC3(CC1(C)C(O)c1ccc(C)cc1)C1Cc4ccc(O)c5c4C3(CCN1CC1CC1)C2O5,9.8
COC12CCC3(CC1(C)C(O)c1ccccc1C)C1Cc4ccc(O)c5c4C3(CCN1CC1CC1)C2O5,9.92
COC12C=CC3(CC1(C)C(O)c1ccccc1)C1Cc4ccc(O)c5c4C3(CCN1CC1CC1)C2O5,10.1
COC12CCC3(CC1(C)C(O)c1ccccc1)C1Cc4ccc(O)c5c4C3(CCN1CC1CC1)C2O5,10.4
COC12C=CC3(CC1(C)C(O)c1cccc(C)c1)C1Cc4ccc(O)c5c4C3(CCN1CC1CC1)C2O5,10.4
COC12C=CC3(CC1(C)C(O)c1ccc(F)cc1)C1Cc4ccc(O)c5c4C3(CCN1CC1CC1)C2O5,10.3
Oc1ccc2c3c1OC1c4[nH]c5ccccc5c4CC4(O)C(C2)N(CCF)CCC314,6.4
Oc1ccc2c3c1OC1c4nc5ccccc5cc4CC4(O)C(C2)N(CCF)CCC314,6.07
CCCN1CCC23c4c5ccc(O)c4OC2c2nc4ccccc4cc2CC3(O)C1C5,6.5
CCCN1CCC23c4c5ccc(O)c4OC2c2[nH]c4ccccc4c2CC3(O)C1C5,7.13
CCN1CCC23c4c5ccc(O)c4OC2c2[nH]c4ccccc4c2CC3(O)C1C5,6.33
Oc1ccc2c3c1OC1c4nc5ccccc5cc4CC4(O)C(C2)N(CC2CC2)CCC314,7.96
CCN1CCC23c4c5ccc(O)c4OC2c2nc4ccccc4cc2CC3(O)C1C5,6.32
CC(C)CC(NC(=O)C(COC1OC(CO)C(O)C(O)C1O)NC(=O)C(CCCCN)NC(=O)C(CC(C)C)NC(=O)C(C)NC(=O)C(CCCCN)NC(=O)C(CCCCN)NC(=O)C(C)(C)NC(=O)C(CC(C)C)NC(=O)C(CC(N)=O)NC(=O)CNC(=O)CNC(=O)C(Cc1ccccc1)N(C)C(=O)CNC(=O)C(C)NC(=O)C(N)Cc1ccc(O)cc1)C(N)=O,6.37
CC(C)CC(NC(=O)C(COC1OC(CO)C(O)C(O)C1O)NC(=O)C(CCCCN)NC(=O)C(CC(C)C)NC(=O)C(C)NC(=O)C(CCCCN)NC(=O)C(CCC(=O)O)NC(=O)C(C)(C)NC(=O)C(CC(C)C)NC(=O)C(CC(N)=O)NC(=O)C1CCCN1C(=O)C(Cc1ccccc1)N(C)C(=O)CNC(=O)C(C)NC(=O)C(N)Cc1ccc(O)cc1)C(N)=O,6.47
CC(C)CC(NC(=O)C(COC1OC(CO)C(O)C(O)C1O)NC(=O)C(CCCCN)NC(=O)C(CC(C)C)NC(=O)C(C)NC(=O)C(CCCCN)NC(=O)C(CCC(=O)O)NC(=O)C(C)(C)NC(=O)C(CC(C)C)NC(=O)C(CC(N)=O)NC(=O)CCNC(=O)C(Cc1ccccc1)N(C)C(=O)CNC(=O)C(C)NC(=O)C(N)Cc1ccc(O)cc1)C(N)=O,6.7
CC(C)CC(NC(=O)C(COC1OC(CO)C(O)C(O)C1O)NC(=O)C(CCCCN)NC(=O)C(CC(C)C)NC(=O)C(C)NC(=O)C(CCCCN)NC(=O)C(CCC(=O)O)NC(=O)C(C)(C)NC(=O)C(CC(C)C)NC(=O)C(CC(N)=O)NC(=O)C1CCCN1C(=O)CNC(=O)C(Cc1ccccc1)N(C)C(=O)CNC(=O)C(C)NC(=O)C(N)Cc1ccc(O)cc1)C(N)=O,7.35
CC(C)CC(NC(=O)C(COC1OC(CO)C(O)C(O)C1O)NC(=O)CCCNC(=O)C(CC(C)C)NC(=O)C(Cc1ccccc1)NC(=O)CNC(=O)C(NC(=O)C(N)Cc1ccc(O)cc1)C(C)O)C(N)=O,7.15
CC(C)CC(NC(=O)C(COC1OC(CO)C(O)C(O)C1O)NC(=O)C(CCCCN)NC(=O)C(CC(C)C)NC(=O)C(C)NC(=O)C(CCCCN)NC(=O)C(CCC(=O)O)NC(=O)C(C)(C)NC(=O)C(CC(C)C)NC(=O)C(CC(N)=O)NC(=O)CNC(=O)CNC(=O)C(Cc1ccccc1)N(C)C(=O)CNC(=O)C(C)NC(=O)C(N)Cc1ccc(O)cc1)C(N)=O,7.23
CC(C)CC(NC(=O)C(COC1OC(CO)C(O)C(O)C1O)NC(=O)C(CCCCN)NC(=O)C(CC(C)C)NC(=O)C(C)NC(=O)C(CCCCN)NC(=O)C(CCC(=O)O)NC(=O)C(C)(C)NC(=O)C(CC(C)C)NC(=O)C(CC(N)=O)NC(=O)C(C)NC(=O)C(CC(C)C)NC(=O)C(Cc1ccccc1)NC(=O)CNC(=O)C(NC(=O)C(N)Cc1ccc(O)cc1)C(C)O)C(N)=O,8.01
CC(C)CC(NC(=O)C(COC1OC(CO)C(O)C(O)C1O)NC(=O)C(CCCCN)NC(=O)C(CC(C)C)NC(=O)C(C)NC(=O)C(CCCCN)NC(=O)C(CCC(=O)O)NC(=O)C(C)(C)NC(=O)C(CC(C)C)NC(=O)C(CC(N)=O)NC(=O)C1CCCN1C(=O)CCNC(=O)C(Cc1ccccc1)N(C)C(=O)CNC(=O)C(C)NC(=O)C(N)Cc1ccc(O)cc1)C(N)=O,7.0
CC(C)CC(NC(=O)C(COC1OC(CO)C(O)C(O)C1O)NC(=O)C(CCCCN)NC(=O)C(CC(C)C)NC(=O)C(C)NC(=O)C(CCCCN)NC(=O)C(CCC(=O)O)NC(=O)C(C)(C)NC(=O)C(CC(C)C)NC(=O)C(CC(N)=O)NC(=O)CNC(=O)C(CC(C)C)NC(=O)C(Cc1ccccc1)NC(=O)CNC(=O)C(NC(=O)C(N)Cc1ccc(O)cc1)C(C)O)C(N)=O,7.85
CC(C)CC(NC(=O)C(COC1OC(CO)C(O)C(O)C1O)NC(=O)C(CCCCN)NC(=O)C(CC(C)C)NC(=O)C(C)NC(=O)C(CCCCN)NC(=O)C(CCC(=O)O)NC(=O)C(C)(C)NC(=O)C(CC(C)C)NC(=O)C(CC(N)=O)NC(=O)CCCCNC(=O)C(CC(C)C)NC(=O)C(Cc1ccccc1)NC(=O)CNC(=O)C(NC(=O)C(N)Cc1ccc(O)cc1)C(C)O)C(N)=O,7.92
CC(C)CC(NC(=O)C(COC1OC(CO)C(O)C(O)C1O)NC(=O)C(CCCCN)NC(=O)C(CC(C)C)NC(=O)C(C)NC(=O)C(CCCCN)NC(=O)C(CCC(=O)O)NC(=O)C(C)(C)NC(=O)C(CC(C)C)NC(=O)C(CC(N)=O)NC(=O)C1CCCN1C(=O)C(CC(C)C)NC(=O)C(Cc1ccccc1)NC(=O)CNC(=O)C(NC(=O)C(N)Cc1ccc(O)cc1)C(C)O)C(N)=O,8.64
CC(C)CC(NC(=O)C(COC1OC(CO)C(O)C(O)C1O)NC(=O)C(CCCCN)NC(=O)C(CC(C)C)NC(=O)C(C)NC(=O)C(CC(N)=O)NC(=O)C(CCCCN)NC(=O)C(C)(C)NC(=O)C(CC(C)C)NC(=O)C(CC(N)=O)NC(=O)CNC(=O)CNC(=O)C(Cc1ccccc1)N(C)C(=O)CNC(=O)C(C)NC(=O)C(N)Cc1ccc(O)cc1)C(N)=O,7.96
CC(C)CC(NC(=O)C(CO)NC(=O)CCCNC(=O)C(CC(C)C)NC(=O)C(Cc1ccccc1)NC(=O)CNC(=O)C(NC(=O)C(N)Cc1ccc(O)cc1)C(C)O)C(N)=O,7.41
CC(C)CC(NC(=O)C(COC1OC(CO)C(O)C(O)C1O)NC(=O)C(CCCCN)NC(=O)C(CC(C)C)NC(=O)C(C)NC(=O)C(CCCCN)NC(=O)C(CCC(=O)O)NC(=O)C(C)(C)NC(=O)C(CC(C)C)NC(=O)C(CC(N)=O)NC(=O)CCCNC(=O)C(CC(C)C)NC(=O)C(Cc1ccccc1)NC(=O)CNC(=O)C(NC(=O)C(N)Cc1ccc(O)cc1)C(C)O)C(N)=O,7.96
CC(C)CC(NC(=O)C(Cc1ccccc1)NC(=O)CNC(=O)C(NC(=O)C(N)Cc1ccc(O)cc1)C(C)O)C(=O)NC(COC1OC(CO)C(OC2OC(CO)C(O)C(O)C2O)C(O)C1O)C(N)=O,7.38
CC(C)CC(NC(=O)C(COC1OC(CO)C(O)C(O)C1O)NC(=O)C(CCCCN)NC(=O)C(CC(C)C)NC(=O)C(C)NC(=O)C(CCCCN)NC(=O)C(CCC(=O)O)NC(=O)C(C)(C)NC(=O)C(CC(C)C)NC(=O)C(CC(N)=O)NC(=O)C1CCCN1C(=O)C1CCCN1C(=O)C(Cc1ccccc1)N(C)C(=O)CNC(=O)C(C)NC(=O)C(N)Cc1ccc(O)cc1)C(N)=O,7.72
COCC1(C)CC(C(=O)OC)C2(C)CCC3C(=O)OC(c4ccoc4)CC3(C)C2C1=O,8.33
C=CCC1(COC)CC(C(=O)OC)C2(C)CCC3C(=O)OC(c4ccoc4)CC3(C)C2C1=O,7.32
CCC1(COC)CC(C(=O)OC)C2(C)CCC3C(=O)OC(c4ccoc4)CC3(C)C2C1=O,6.68
COCC1(CCOCCI)CC(C(=O)OC)C2(C)CCC3C(=O)OC(c4ccoc4)CC3(C)C2C1=O,6.97
Cc1cc(O)cc(C)c1CC(N)C(=O)NC1CCNc2ccc(CC3CCc4ccccc43)cc21,7.72
Cc1cc(O)cc(C)c1CC(N)C(=O)NC1CCNc2ccc(CC3CCCCC3)cc21,8.21
CC(=O)N1CCC(NC(=O)C(N)Cc2c(C)cc(O)cc2C)c2cc(CC3CCc4ccccc43)ccc21,7.82
Cc1cc(O)cc(C)c1CC(N)C(=O)NC1CCCc2ccc(Cc3cccc4ccccc34)cc21,7.2
CC(=O)N1CCC(NC(=O)C(N)Cc2c(C)cc(O)cc2C)c2cc(CC3Cc4ccccc4C3)ccc21,7.92
Cc1cc(O)cc(C)c1CC(N)C(=O)NC1CCCc2ccc(Cc3ccc4ccccc4c3)cc21,7.04
CC(=O)N1CCC(NC(=O)C(N)Cc2c(C)cc(O)cc2C)c2cc(Cc3ccccc3)ccc21,7.06
CC(=O)N1CCC(NC(=O)C(N)Cc2c(C)cc(O)cc2C)c2cc(Cc3ccc4ccccc4c3)ccc21,7.32
Cc1cc(O)cc(C)c1CC(N)C(=O)NC1CCCc2ccc(CC3CCCCC3)cc21,7.7
CC(=O)N1CCC(NC(=O)C(N)Cc2c(C)cc(O)cc2C)c2cc(CC3CCCCC3)ccc21,8.08
Cc1cc(O)cc(C)c1CC(N)C(=O)NC1CCCc2ccc(Cc3ccccc3)cc21,7.72
CC(=O)N1CCC(NC(=O)C(N)Cc2c(C)cc(O)cc2C)c2cc(Cc3cccc4ccccc34)ccc21,8.37
COC(=O)N1CCN(C(=O)Cc2ccc(Cl)c(Cl)c2)C2C(N3CCCC3)CCCC21,8.03
COC12CCC3(CC1COCc1cc4ccccc4s1)C1Cc4ccc(O)c5c4C3(CC[N+]1(C)CC1CC1)C2O5,9.11
COc1ccc2c3c1OC1C4(OC)CCC5(CC4COc4ccccc4)C(C2)[N+](C)(CC2CC2)CCC315,6.46
COc1ccc2c3c1OC1C4(OC)CCC5(CC4COCc4cc6ccccc6o4)C(C2)[N+](C)(CC2CC2)CCC315,7.76
COc1ccc2c3c1OC1C4(OC)CCC5(CC4COCc4ccc6ccccc6c4)C(C2)[N+](C)(CC2CC2)CCC315,6.78
COC12CCC3(CC1COCc1ccccc1)C1Cc4ccc(O)c5c4C3(CC[N+]1(C)CC1CC1)C2O5,9.26
COC12CCC3(CC1COCc1cccc(F)c1)C1Cc4ccc(O)c5c4C3(CC[N+]1(C)CC1CC1)C2O5,9.6
COc1ccc2c3c1OC1C4(OC)CCC5(CC4COCc4ccoc4)C(C2)[N+](C)(CC2CC2)CCC315,7.46
COC12CCC3(CC1COCc1ccc(F)cc1)C1Cc4ccc(O)c5c4C3(CC[N+]1(C)CC1CC1)C2O5,9.59
COC12CCC3(CC1COCc1cccc(Cl)c1)C1Cc4ccc(O)c5c4C3(CC[N+]1(C)CC1CC1)C2O5,9.57
COc1ccc2c3c1OC1C4(OC)CCC5(CC4COCc4ccc(C(N)=O)cc4)C(C2)[N+](C)(CC2CC2)CCC315,5.99
COC12CCC3(CC1COCc1ccc(Cl)cc1)C1Cc4ccc(O)c5c4C3(CC[N+]1(C)CC1CC1)C2O5,9.23
COC12CCC3(CC1COCc1cccc(C)c1)C1Cc4ccc(O)c5c4C3(CC[N+]1(C)CC1CC1)C2O5,9.54
COC12CCC3(CC1COCc1ccoc1)C1Cc4ccc(O)c5c4C3(CC[N+]1(C)CC1CC1)C2O5,9.54
COC12CCC3(CC1COCc1ccccc1F)C1Cc4ccc(O)c5c4C3(CC[N+]1(C)CC1CC1)C2O5,9.7
COC12CCC3(CC1COCc1ccccc1Cl)C1Cc4ccc(O)c5c4C3(CC[N+]1(C)CC1CC1)C2O5,9.72
COC12CCC3(CC1COCc1ccc(C)cc1)C1Cc4ccc(O)c5c4C3(CC[N+]1(C)CC1CC1)C2O5,8.97
COc1ccc2c3c1OC1C4(OC)CCC5(CC4COCc4ccc(C(C)(F)F)cc4)C(C2)[N+](C)(CC2CC2)CCC315,6.95
COc1ccc(COCC2CC34CCC2(OC)C2Oc5c(OC)ccc6c5C23CC[N+](C)(CC2CC2)C4C6)cc1,7.24
COc1ccc2c3c1OC1C4(OC)CCC5(CC4COCc4cc6c(cc4Cl)OCO6)C(C2)[N+](C)(CC2CC2)CCC315,7.18
COc1ccc2c3c1OC1C4(OC)CCC5(CC4COCc4ccc(C)cc4)C(C2)[N+](C)(CC2CC2)CCC315,6.93
COc1ccc2c3c1OC1C4(OC)CCC5(CC4COCc4ccco4)C(C2)[N+](C)(CC2CC2)CCC315,7.98
O=C(O)CNc1nc2ccccc2n1C1CC2CCCC(C1)N2C1CCCCCCCCC1,6.58
O=C(O)CN1CCCC(=C2N(CC(=O)O)c3ccccc3N2C2CC3CCCC(C2)N3C2CC3CCCCC(C3)C2)C1,7.38
c1ccc2c(c1)nc(-c1nnn[nH]1)n2C1CC2CCCC(C1)N2C1CC2CCCCC(C2)C1,6.25
NC(=O)CN1CCCC1c1nc2ccccc2n1C1CC2CCCC(C1)N2C1CC2CCCCC(C2)C1,6.91
O=C(O)CN1CCCC(c2nc3ccccc3n2C2CC3CCCC(C2)N3C2CC3CCCC(C3)C2)C1,6.45
O=C(O)CCN1CCC(Cc2nc3ccccc3n2C2CC3CCCC(C2)N3C2CC3CCCCC(C3)C2)C1,6.21
c1ccc2c(c1)nc(-c1c[nH]cn1)n2C1CC2CCCC(C1)N2C1CC2CCCCC(C2)C1,7.05
O=C(O)CCN1CCC(Cc2nc3ccccc3n2C2CC3CCCC(C2)N3C2CC3CCCCC(C3)C2)CC1,6.08
OCc1nc2ccccc2n1C1CC2CCCC(C1)N2C1CC2CCCC(C2)C1,6.61
CS(=O)(=O)NCCN1CCCC1Cc1nc2ccccc2n1C1CC2CCCC(C1)N2C1CC2CCCCC(C2)C1,7.36
O=C(O)CCN1CCCC1Cc1nc2ccccc2n1C1CC2CCCC(C1)N2C1CC2CCCCC(C2)C1,6.35
c1ccc2c(c1)nc(Cc1cnccn1)n2C1CC2CCCC(C1)N2C1CC2CCCCC(C2)C1,6.94
c1ccc2c(c1)nc(-c1cc[nH]n1)n2C1CC2CCCC(C1)N2C1CC2CCCCC(C2)C1,7.29
O=C(O)CCN1CCCC(c2nc3ccccc3n2C2CC3CCCC(C2)N3C2CC3CCCCC(C3)C2)C1,6.59
CCOC(=N)N=c1[nH]c2ccccc2n1C1CCN(C2CCCCCCC2)CC1,7.23
O=C(O)CN1CCCC1Cc1nc2ccccc2n1C1CC2CCCC(C1)N2C1CC2CCCCC(C2)C1,6.59
O=C(O)CN1CCCC(c2nc3ccccc3n2C2CC3CCCC(C2)N3C2CC3CCCCC(C3)C2)C1,6.16
O=C(O)CCN1CCCC1c1nc2ccccc2n1C1CC2CCCC(C1)N2C1CC2CCCCC(C2)C1,6.08
CS(=O)(=O)NCCN1CCC(Cc2nc3ccccc3n2C2CC3CCCC(C2)N3C2CC3CCCCC(C3)C2)C1,7.23
O=C(O)CN1CCCCC1Cc1nc2ccccc2n1C1CC2CCCC(C1)N2C1CC2CCCCC(C2)C1,6.77
CONC(=N)N=c1[nH]c2ccccc2n1C1CCN(C2CCCCCCC2)CC1,7.58
c1ccc2c(c1)nc(CC1COCCN1)n2C1CC2CCCC(C1)N2C1CC2CCCCC(C2)C1,7.5
O=C(O)CON=Cc1nc2ccccc2n1C1CC2CCCC(C1)N2C1CC2CCCC(C2)C1,5.81
NC(=O)N=c1[nH]c2ccccc2n1C1CCN(C2CCCCCCC2)CC1,7.47
Cc1nnc(Cc2nc3ccccc3n2C2CC3CCCC(C2)N3C2CC3CCCCC(C3)C2)[nH]1,6.89
CCN(CC)C(=O)CN1CCC(Cc2nc3ccccc3n2C2CC3CCCC(C2)N3C2CC3CCCCC(C3)C2)C1,7.52
O=C(O)CN1CCCCC1c1nc2ccccc2n1C1CC2CCCC(C1)N2C1CC2CCCCC(C2)C1,7.79
O=C(O)CN1CCN(Cc2nc3ccccc3n2C2CC3CCCC(C2)N3C2CC3CCCC(C3)C2)CC1,5.17
COc1ccc2c(c1)C1(CC(N)=O)CCN(CC3CC3)C(C2)C1CO,7.1
O=C(O)C=C1C2Cc3ccc(O)cc3C1(CCCC(=O)O)CCN2CC1CC1,7.48
O=C(O)CCCC12CCN(CC3CC3)C(Cc3ccc(O)cc31)C2CC(=O)O,7.19
CN(C)C(=O)CCCC12CCN(CC3CC3)C(Cc3ccc(O)cc31)C2=CC(=O)O,7.37
COc1ccc2c(c1)C1(CCO)CCN(CC3CC3)C(C2)C1CO,7.05
COC12CCC3(CC1CNC(=O)C(N)Cc1ccccc1)C1Cc4ccc(O)c5c4C3(CCN1CC1CC1)C2O5,10.22
COC12CCC3(CC1CNC(=O)c1nccnc1C(=O)O)C1Cc4ccc(O)c5c4C3(CCN1CC1CC1)C2O5,7.82
COC12CCC3(CC1CNC(=O)C(CC(N)=O)NC(C)=O)C1Cc4ccc(O)c5c4C3(CCN1CC1CC1)C2O5,9.21
COC12CCC3(CC1CNC(=O)CCC(=O)O)C1Cc4ccc(O)c5c4C3(CCN1CC1CC1)C2O5,8.58
COC12CCC3(CC1CNC(=O)C1=CNC4C=CC=CC14)C1Cc4ccc(O)c5c4C3(CCN1CC1CC1)C2O5,9.96
COC12CCC3(CC1CNC(=O)Nc1cccc(C)c1)C1Cc4ccc(O)c5c4C3(CCN1CC1CC1)C2O5,10.0
COC12CCC3(CC1CNC(=O)C(CC(C)C)NC(C)=O)C1Cc4ccc(O)c5c4C3(CCN1CC1CC1)C2O5,9.46
CCC(C)C(N)C(=O)NCC1CC23CCC1(OC)C1Oc4c(O)ccc5c4C12CCN(CC1CC1)C3C5,10.05
COC12CCC3(CC1CNC(=O)C(C)NC(C)=O)C1Cc4ccc(O)c5c4C3(CCN1CC1CC1)C2O5,9.46
COC12CCC3(CC1CNC(=O)C(N)CC(N)=O)C1Cc4ccc(O)c5c4C3(CCN1CC1CC1)C2O5,10.05
COC12CCC3(CC1CNC(=O)C(N)CO)C1Cc4ccc(O)c5c4C3(CCN1CC1CC1)C2O5,9.74
COC12CCC3(CC1CNS(C)(=O)=O)C1Cc4ccc(O)c5c4C3(CCN1CC1CC1)C2O5,9.13
COC12CCC3(CC1CNS(=O)(=O)C(F)(F)F)C1Cc4ccc(O)c5c4C3(CCN1CC1CC1)C2O5,9.43
COC12CCC3(CC1CNS(=O)(=O)c1ccccc1)C1Cc4ccc(O)c5c4C3(CCN1CC1CC1)C2O5,10.1
COC12CCC3(CC1CNC(=O)Nc1ccccc1)C1Cc4ccc(O)c5c4C3(CCN1CC1CC1)C2O5,10.1
COC12CCC3(CC1CNC(=O)C(CO)NC(C)=O)C1Cc4ccc(O)c5c4C3(CCN1CC1CC1)C2O5,9.21
COC12CCC3(CC1CNC(=O)C(Cc1c[nH]cn1)NC(C)=O)C1Cc4ccc(O)c5c4C3(CCN1CC1CC1)C2O5,9.02
CCC(C)C(NC(C)=O)C(=O)NCC1CC23CCC1(OC)C1Oc4c(O)ccc5c4C12CCN(CC1CC1)C3C5,9.4
COC12CCC3(CC1CNC(=O)c1ccccc1C(=O)O)C1Cc4ccc(O)c5c4C3(CCN1CC1CC1)C2O5,9.49
COC12CCC3(CC1CNC(=O)c1nccnc1C(N)=O)C1Cc4ccc(O)c5c4C3(CCN1CC1CC1)C2O5,9.32
COC12CCC3(CC1CNC(=O)CN)C1Cc4ccc(O)c5c4C3(CCN1CC1CC1)C2O5,10.15
COC12CCC3(CC1CNC(=O)C1CCCN1)C1Cc4ccc(O)c5c4C3(CCN1CC1CC1)C2O5,10.15
COC12CCC3(CC1CNS(=O)(=O)c1ccc(C)cc1)C1Cc4ccc(O)c5c4C3(CCN1CC1CC1)C2O5,10.15
COC12CCC3(CC1CNC(=O)C(N)CC(C)C)C1Cc4ccc(O)c5c4C3(CCN1CC1CC1)C2O5,10.22
COC12CCC3(CC1CNC(=O)CCCCC(=O)O)C1Cc4ccc(O)c5c4C3(CCN1CC1CC1)C2O5,7.87
COC12CCC3(CC1CNC(=O)CCCCC(N)=O)C1Cc4ccc(O)c5c4C3(CCN1CC1CC1)C2O5,9.33
COC12CCC3(CC1CNC(=O)C(N)Cc1c[nH]cn1)C1Cc4ccc(O)c5c4C3(CCN1CC1CC1)C2O5,9.6
COC12CCC3(CC1CNC(=O)CCC(N)=O)C1Cc4ccc(O)c5c4C3(CCN1CC1CC1)C2O5,9.77
COC12CCC3(CC1CNC(=O)CNC(C)=O)C1Cc4ccc(O)c5c4C3(CCN1CC1CC1)C2O5,9.66
COC12CCC3(CC1CNC(=O)C(C)N)C1Cc4ccc(O)c5c4C3(CCN1CC1CC1)C2O5,9.85
COC12CCC3(CC1CNC(=O)C(CC(=O)O)NC(C)=O)C1Cc4ccc(O)c5c4C3(CCN1CC1CC1)C2O5,8.15
COC12CCC3(CC1CNC(=O)C(Cc1ccc(O)cc1)NC(C)=O)C1Cc4ccc(O)c5c4C3(CCN1CC1CC1)C2O5,9.89
COC12CCC3(CC1CNC(=O)C1CCCN1C(C)=O)C1Cc4ccc(O)c5c4C3(CCN1CC1CC1)C2O5,9.8
COC12CCC3(CC1CNC(=O)C(N)CC(=O)O)C1Cc4ccc(O)c5c4C3(CCN1CC1CC1)C2O5,8.52
COC12CCC3(CC1CNC(=O)CCc1nnn[nH]1)C1Cc4ccc(O)c5c4C3(CCN1CC1CC1)C2O5,8.94
COC12CCC3(CC1CNC(=O)C(N)Cc1ccc(O)cc1)C1Cc4ccc(O)c5c4C3(CCN1CC1CC1)C2O5,9.89
COC12CCC3(CC1CNC(=O)C(Cc1ccccc1)NC(C)=O)C1Cc4ccc(O)c5c4C3(CCN1CC1CC1)C2O5,9.8
NC(=O)Cn1c(=O)c(=O)n(C2CCN(C3Cc4cccc5cccc3c45)CC2)c2ccccc21,5.16
O=c1[nH]c2ccccc2n(C2CCN(C3Cc4cccc5cccc3c45)CC2)c1=O,6.36
O=c1[nH]c2ccc(N3CCOCC3)cc2n(C2CCN(C3CCCCCCC3)CC2)c1=O,6.25
O=C1CC(=O)N(C2CCN(C3CCCCCCC3)CC2)c2ccccc2N1,6.45
CC(C)C1CCC(N2CCC(n3c(=O)c(=O)[nH]c4ccccc43)CC2)CC1,6.06
N#CCn1c(=O)c(=O)n(C2CCN(C3CCCCCCC3)CC2)c2ccccc21,5.37
O=c1[nH]c2ncccc2n(C2CCN(C3CCCCCCC3)CC2)c1=O,5.88
O=c1[nH]c2ccccc2n(C2CC3CCCC(C2)N3C2CCCCCCC2)c1=O,6.77
O=c1[nH]c2ccccc2n(C2CC3C=CC(C2)N3C2C=CCCCCC2)c1=O,6.92
O=C(O)c1nc2ccccc2n(C2CC3CCC(C2)N3C2CC3CCCC(C3)C2)c1=O,5.57
O=C(O)c1nc2ccccc2n(C2CC3CCC(C2)N3C2CCCCCCCCCCC2)c1=O,7.12
O=C(O)c1nc2ccccc2n(C2CC3CCCC(C2)N3C2CC3CCCC(C3)C2)c1=O,5.64
O=C(O)c1nc2ccccc2n(C2CC3CCC(C2)N3C2CCCCCCCCCC2)c1=O,6.19
O=C(O)c1nc2ccccc2n(C2CC3CCCC(C2)N3C23CCCC(CCC2)C3)c1=O,5.27
NC(=O)CN1CC2C3Cc4ccc(O)cc4C2(CCN3CC2CC2)CC1=O,9.26
Oc1ccc(CN2CCC34CCN(CC5CC5)C(Cc5ccc(O)cc53)C4C2)cc1,9.01
NC(=O)CN1CCC23CCN(CC4CC4)C(Cc4ccc(O)cc42)C3C1,9.59
COc1ccc(CN2C=C3C4Cc5ccc(OC)cc5C3(CCN4CC3CC3)CC2=O)cc1,7.88
O=C1CC23CCN(CC4CC4)C(Cc4ccc(O)cc42)C3=CN1Cc1ccc(O)cc1,8.9
O=C(O)CN1CC2C3Cc4ccc(O)cc4C2(CCN3CC2CC2)CC1=O,8.39
O=C(O)CN1CCC23CCN(CC4CC4)C(Cc4ccc(O)cc42)C3C1,8.6
CC(N)C(=O)N1CCC23CCN(CC4CC4)C(Cc4ccc(O)cc42)C3C1,10.05
O=C1CC23CCN(CC4CC4)C(Cc4ccc(O)cc42)C3CN1Cc1ccc(O)cc1,8.2
COc1ccc(CN2CCC34CCN(CC5CC5)C(Cc5ccc(OC)cc53)C4C2)cc1,6.69
O=C1CC23CCN(CC4CC4)C(Cc4ccc(O)cc42)C3CN1,9.74
Oc1ccc2c(c1)C13CCNCC1C(C2)N(CC1CC1)CC3,9.68
COc1ccc2c(c1)C13CCN(CC4CC4)C(C2)C1CNC(=O)C3,8.23
COc1ccc2c(c1)C13CCNCC1C(C2)N(CC1CC1)CC3,7.43
CN1CCC23CC(=O)CCC2(O)C1Cc1ccc(C(=O)NCCc2ccc(-c4ccccc4)cc2)c(O)c13,9.15
C=C1CCC2(O)C3Cc4ccc(C(=O)NCCc5ccc(-c6c[nH]c(=O)[nH]c6=O)cc5)c(O)c4C2(CCN3C)C1,6.0
CN1CCC23CC(=O)CCC2C1Cc1ccc(C(=O)NCCc2nc4ccccc4[nH]2)c(O)c13,6.4
CN1CCC23CC(=O)CCC2(O)C1Cc1ccc(C(=O)NCCc2ccc(-c4ccc(=O)[nH]c4)cc2)c(O)c13,6.75
CN1CCC23CC(=O)CCC2(O)C1Cc1ccc(C(=O)NCCc2ccc(-c4cc[nH]c(=O)c4)cc2)c(O)c13,6.85
CN1CCC23CC(=O)CCC2(O)C1Cc1ccc(C(=O)NCCc2ccc(-c4cn[nH]c4)cc2)c(O)c13,7.72
COC12CCC(=O)CC13CCN(C)C2Cc1ccc(C(=O)NCCc2ccc(-c4c[nH]c(=O)[nH]c4=O)cc2)c(O)c13,6.07
CN1CCC23CC(=O)CCC2(O)C1Cc1ccc(C(=O)NCCc2nc4ccccc4[nH]2)c(O)c13,6.07
CN1CCC23CC(=O)CCC2(O)C1Cc1ccc(C(=O)NCCc2ccc(-c4cnc(O)nc4O)cc2)c(O)c13,6.72
COc1ccc(CCN(CCCc2ccccc2)CCc2ccc3c(c2)OCO3)cc1OC,6.44
C=CCN(CC=C)CCc1c[nH]c2ccc(Cl)cc12,6.09
C=CCN(CC=C)CCc1c[nH]c2ccc(C)cc12,5.91
C=CCN(CC=C)CCc1c[nH]c2ccc(F)cc12,5.66
O=C1c2ccc(O)cc2C23CCCCC2C1N(CC1CCCO1)CC3,9.74
COC12CCC(=O)C3(C)Oc4c(O)ccc5c4C31CCN(C)C2C5,7.6
Cc1cc(CC(N)C(=O)NC2CCNc3ccc(Cc4ccccc4)cc32)c(C)cc1O,6.14
Cc1cccc(C)c1CC(N)C(=O)NC1CCNc2ccc(Cc3ccccc3)cc21,6.89
Cc1cc(O)ccc1CC(N)C(=O)NC1CCNc2ccc(Cc3ccccc3)cc21,7.02
NC(Cc1ccc2cccc(O)c2c1)C(=O)NC1CCNc2ccc(Cc3ccccc3)cc21,5.6
NC(Cc1c(Cl)cc(O)cc1Cl)C(=O)NC1CCNc2ccc(Cc3ccccc3)cc21,7.46
O=C1CCCC2(O)C3Cc4ccc(O)cc4C2(CCN3CC2CC2)C1,9.13
O=C1CC23CCN(CC4CC4)C(Cc4ccc(O)cc42)C3(O)CCC1=Cc1ccccc1,8.04
O=C1CCC2(O)C3Cc4ccc(O)cc4C2(CCN3CC2CC2)C1,9.19
Oc1ccc2c(c1)C13CCN(CC4CC4)C(C2)C1(O)Cc1c([nH]c2ccccc12)C3,8.53
Oc1ccc2c(c1)C13CCN(CC4CC4)C(C2)C1(O)Cc1cc2ccccc2nc1C3,8.49
Oc1ccc2c(c1)C13CCN(CC4CC4)C(C2)C1(O)CCc1c([nH]c2ccccc12)C3,8.18
O=C1C(=Cc2ccccc2)CC2(O)C3Cc4ccc(O)c5c4C2(CCN3CC2CC2)C1O5,7.55
O=C(Cc1ccc(Cl)c(Cl)c1)N1CCN(Cc2cccnc2)C2CCCC(N3CCCC3)C21,7.66
O=C(Cc1ccc(Cl)c(Cl)c1)N1CCN(Cc2cccnc2)C2CCCC(N3CCC(O)C3)C21,7.51
CC1C2Cc3ccc(O)cc3C1(C)CCN2CCC(=O)Nc1cccc2ccccc12,6.1
CC1C2Cc3ccc(O)cc3C1(C)CCN2CCC(=O)Nc1ccc2ncccc2c1,5.36
CC1C2Cc3ccc(O)cc3C1(C)CCN2CCC(=O)Nc1cccc2cccnc12,6.64
CC1C2Cc3ccc(O)cc3C1(C)CCN2CCC(=O)Nc1ccccc1,5.12
CC1C2Cc3ccc(O)cc3C1(C)CCN2CCC(=O)Nc1cccc2ncccc12,5.81
CC1C2Cc3ccc(O)cc3C1(C)CCN2CCC(=O)Nc1cccc2cnccc12,5.54
CC1C2Cc3ccc(O)cc3C1(C)CCN2CCC(=O)Nc1cnc2ccccc2c1,5.19
Cc1cc(O)cc(C)c1CC(N)C(=O)NC(CCCNC(=N)N)C(=O)NC1Cc2ccccc2CN(CCC(=O)NC(CCCNC(=N)N)C(=O)NC(Cc2ccc(O)cc2)C(=O)NC(Cc2ccc(O)cc2)C(=O)NC(CCCNC(=N)N)C(=O)NC(Cc2c[nH]c3ccccc23)C(=O)NC(CCCNC(=N)N)C(N)=O)C1=O,7.33
Cc1cc(O)cc(C)c1CC(N)C(=O)NC(CCCNC(=N)N)C(=O)NC1Cc2ccccc2CN(CCC(N)=O)C1=O,7.52
Cc1cc(O)cc(C)c1CC(N)C(=O)NC(CCCNC(=N)N)C(=O)NC1Cc2ccccc2CN(CCC(=O)NC(CCCNC(=N)N)C(=O)NC(Cc2ccc(O)cc2)C(=O)NC(Cc2c(C)cc(O)cc2C)C(=O)NC(CCCNC(=N)N)C(=O)NC(Cc2c[nH]c3ccccc23)C(=O)NC(CCCNC(=N)N)C(N)=O)C1=O,7.66
Cc1cc(O)cc(C)c1CC(N)C(=O)NC(CCCNC(=N)N)C(=O)NC1Cc2ccccc2CN(CCC(=O)NC(CCCNC(=N)N)C(=O)NC(Cc2ccc(O)cc2)C(=O)NC(Cc2ccc(F)cc2)C(=O)NC(CCCNC(=N)N)C(=O)NC(Cc2c[nH]c3ccccc23)C(=O)NC(CCCNC(=N)N)C(N)=O)C1=O,7.08
CN(C)CC1CCc2cc(-c3ccccc3)ccc2C1(O)c1cccc(O)c1,6.85
CCCC[N+]1(CC2c3ccccc3CCN2C(=O)C2CC(=O)c3ccc(Cl)cc32)CCCC1,9.03
C[N+]1(CC2c3ccc(O)cc3CCN2C(=O)C2CC(=O)c3ccc(Cl)cc32)CCCC1,6.64
C=CC[N+]1(CC2c3ccccc3CCN2C(=O)C2CC(=O)c3ccc(Cl)cc32)CCCC1,8.73
Cc1cc(O)cc(C)c1CC(N)C(=O)NC1CCN(C(=O)C2CCC2)c2ccc(Cc3ccccc3)cc21,7.25
Cc1cc(O)cc(C)c1CC(N)C(=O)NC1CCN(C(=O)C2CC2)c2ccc(Cc3ccccc3)cc21,7.6
CCC(=O)N1CCC(NC(=O)C(N)Cc2c(C)cc(O)cc2C)c2cc(Cc3ccccc3)ccc21,7.4
COC(=O)N1CCC(NC(=O)C(N)Cc2c(C)cc(O)cc2C)c2cc(Cc3ccc4ccccc4c3)ccc21,6.72
Cc1cc(O)cc(C)c1CC(N)C(=O)NC1CCN(C(=O)c2ccccc2)c2ccc(Cc3ccccc3)cc21,7.41
CCCC(=O)N1CCC(NC(=O)C(N)Cc2c(C)cc(O)cc2C)c2cc(Cc3ccccc3)ccc21,7.3
CCC(=O)N1CCC(NC(=O)C(N)Cc2c(C)cc(O)cc2C)c2cc(Cc3ccc4ccccc4c3)ccc21,7.24
Cc1cc(O)cc(C)c1CC(N)C(=O)NC1CCN(CC(=O)O)c2ccc(Cc3ccccc3)cc21,6.55
COCC(=O)N1CCC(NC(=O)C(N)Cc2c(C)cc(O)cc2C)c2cc(Cc3ccccc3)ccc21,7.47
CCOC(=O)CN1CCC(NC(=O)C(N)Cc2c(C)cc(O)cc2C)c2cc(Cc3ccccc3)ccc21,7.82
CCCC(=O)N1CCC(NC(=O)C(N)Cc2c(C)cc(O)cc2C)c2cc(Cc3ccc4ccccc4c3)ccc21,7.19
Cc1cc(O)cc(C)c1CC(N)C(=O)NC1CCN(CC(N)=O)c2ccc(Cc3ccccc3)cc21,8.37
COC(=O)N1CCC(NC(=O)C(N)Cc2c(C)cc(O)cc2C)c2cc(Cc3ccccc3)ccc21,7.54
Oc1ccc(CCN(CCc2ccccc2)CC2CC2)cc1,6.66
Oc1cccc(CCN(CCc2ccccc2)CCc2ccccc2)c1,6.68
Oc1ccc(CCN(CCc2ccccc2)CC2CCC2)cc1,7.44
CCCN1CCC2CC(=O)C(Cc3ccccc3)C3CCCC1C23,5.44
CCCN1CCC2c3cc4cccc(OC)c4nc3C(CC)C3CCCC1C23,5.77
COc1ccc(CC2C(=O)CC3CCN(CC4CCCCC4)C4CCCC2C34)cc1,5.79
CC(C)CCN1CCC2CC(=O)C(Cc3ccccc3)C3CCCC1C23,6.15
CCC1c2nc3ccccc3cc2C2CCN(C)C3CCCC1C23,5.46
CCC1C(=O)CC2CCN(Cc3cccs3)C3CCCC1C23,5.83
O=C1CC2CCN(Cc3nccs3)C3CCCC(C1Cc1ccccc1)C23,5.86
CCC1C(=O)CC2CCN(CCC(C)C)C3CCCC1C23,5.89
CN1CCC23c4c5ccc(O)c4OC2C(=O)C(=Cc2ccccc2)CC3(O)C1C5,5.97
O=C1C(=Cc2ccccc2)CC2(O)C3Cc4ccc(O)c5c4C2(CCN3CCCc2ccccc2)C1O5,6.1
O=C1C(=Cc2ccccc2)CC2(O)C3Cc4ccc(O)c5c4C2(CCN3CCc2ccccc2)C1O5,6.22
C=CCN(CCc1cccc(O)c1)CCc1cccc(O)c1,7.72
Oc1cccc(CCN(CCc2ccccc2)CC2CCCCC2)c1,10.21
Oc1cccc(CCN(CCc2ccccc2)C2CCC2)c1,7.99
Oc1cccc(CCN(CCc2cccc(O)c2)CC2CCC2)c1,9.42
C=CCN(CCc1ccc(O)cc1)CCc1cccc(O)c1,7.36
Oc1ccc(CCN(CCc2cccc(O)c2F)CC2CCC2)cc1,8.47
Oc1cccc(CCN(CCc2ccccc2)CC2CCCCC2)c1F,10.4
Oc1ccc(CCN(CCc2cccc(O)c2)CC2CCC2)cc1,8.46
Oc1cccc(CCN(CCc2cccc(O)c2)CC2CCCCC2)c1,9.85
CC(C)CCN(CCc1cccc(O)c1)CCc1cccc(O)c1,8.68
CC(C)CCN(CCc1ccccc1)CCc1cccc(O)c1,8.57
Oc1cccc(CCN(CCc2cccc(O)c2F)CC2CCC2)c1,9.92
Oc1cccc(CCN(CCc2ccccc2)CC2CCC2)c1F,10.14
Oc1ccc(CCN(CCc2cccc(O)c2)CC2CCCCC2)cc1,8.73
Oc1cccc(CCN(CCc2cccc(O)c2)CC2CCCC2)c1,9.51
Oc1cccc(CCN(CCc2ccccc2)CC2CCCC2)c1,10.77
Oc1cccc(CCN(CCc2ccccc2)Cc2ccccc2)c1,9.15
Oc1ccc(CCN(CCc2cccc(O)c2)CC2CC2)cc1,8.45
c1ccc(CCN(CCc2ccccc2)CC2CCC2)cc1,7.1
Oc1cccc(CCN(CCc2cccc(O)c2)CC2CC2)c1,8.34
CN1CCC23c4c5ccc(O)c4OC2CCCC3(O)C1C5,7.67
CN1CCC23c4c5ccc(O)c4OC2C(=O)CCC3(OCc2ccccc2)C1C5,8.9
CN1CCC23c4c5ccc(O)c4OC2C(=O)CCC3(O)C1C5,7.6
COC12CCCC3Oc4c(O)ccc5c4C31CCN(C)C2C5,8.4
CN1CCC23c4c5ccc(O)c4OC2CCCC3(OCc2ccccc2)C1C5,9.07
COC12CCCC3(C)Oc4c(O)ccc5c4C31CCN(C)C2C5,8.1
O=C(Nc1ccccc1)N1CC2CC34CCC1C2C31CCN(CC2CC2)C4Cc2ccc(O)cc21,9.47
Oc1ccc2c(c1)C13CCN(CC4CC4)C(C2)C12CCC1C3C(CN1c1ccccc1)C2,8.61
O=C(c1ccoc1)N1CC2CC34CCC1C2C31CCN(CC2CC2)C4Cc2ccc(O)cc21,9.66
Oc1ccc2c(c1)C13CCN(CC4CC4)C(C2)C12CCC1C3C(CN1c1cnccn1)C2,9.32
Oc1ccc2c(c1)C13CCN(CC4CC4)C(C2)C12CCC1C3C(CN1Cc1ccccc1)C2,8.37
O=C(c1ccccc1)N1CC2CC34CCC1C2C31CCN(CC2CC2)C4Cc2ccc(O)cc21,9.44
O=C(Oc1ccccc1)N1CC2CC34CCC1C2C31CCN(CC2CC2)C4Cc2ccc(O)cc21,9.28
O=C(c1ccccn1)N1CC2CC34CCC1C2C31CCN(CC2CC2)C4Cc2ccc(O)cc21,9.25
Oc1ccc2c(c1)C13CCN(CC4CC4)C(C2)C12CCC1C3C(CN1CC1CCCCC1)C2,9.11
CN(CCc1ccc(Cl)c(Cl)c1)C1CCCCC1N1CCCC1,7.5
O=C(Nc1ccc(Cl)c(C(F)(F)F)c1)C1CC=CC2CCN(Cc3ccccc3)C(=O)C21,5.88
Cc1cc(CSc2nnc(-c3ccccn3)n2Cc2ccco2)ccc1C(F)(F)F,7.51
Clc1ccc(CSc2nnc(-c3ccccn3)n2Cc2ccco2)cc1Cl,7.39
Cc1ccc(NC(=O)C2CC=CC3CCN(Cc4ccccc4F)C(=O)C32)cc1C(F)(F)F,7.07
NC(=O)C1CC(=O)NCCCCC(NC(=O)C(N)Cc2ccc(O)cc2)C(=O)NC(Cc2ccccc2)C(=O)N2CCCCC2C(=O)N1,5.17
NC(=O)C1CC(=O)NCCCCC(NC(=O)C(N)Cc2ccc(O)cc2)C(=O)NC(Cc2ccccc2)C(=O)NC(Cc2ccccc2)C(=O)N1,8.63
NC(=O)C1CC(=O)NCCCCC(NC(=O)C(N)Cc2ccc(O)cc2)C(=O)NC(Cc2ccccc2)C(=O)N2CCC(CC2)C(=O)N1,5.26
NC(=O)C1CC(=O)NCCCCC(NC(=O)C(N)Cc2ccc(O)cc2)C(=O)NC(Cc2ccccc2)C(=O)N2CCCC(C2)C(=O)N1,5.33
NC(=O)C1CC(=O)NCCCCC(NC(=O)C(N)Cc2ccc(O)cc2)C(=O)NC(Cc2ccccc2)C(=O)N2CCCC2C(=O)N1,6.05
Cc1cccc(Cl)c1-c1nc(CN2CCC(C(=O)NCCCN3CC(C)CC(C)C3)CC2)c(C)o1,5.92
O=C1C(=Cc2ccc(C(F)(F)F)cc2)CC2(O)C3Cc4ccc(O)c5c4C2(CCN3CC2CC2)C1O5,6.75
O=C1C(=Cc2ccc(F)cc2)CC2(O)C3Cc4ccc(O)c5c4C2(CCN3CC2CC2)C1O5,6.97
O=C1C(=Cc2ccc(I)cc2)CC2(O)C3Cc4ccc(O)c5c4C2(CCN3CC2CC2)C1O5,6.9
N#Cc1ccc(C=C2CC3(O)C4Cc5ccc(O)c6c5C3(CCN4CC3CC3)C(O6)C2=O)cc1,6.68
O=C1C(=Cc2ccc(Cl)cc2)CC2(O)C3Cc4ccc(O)c5c4C2(CCN3CC2CC2)C1O5,7.11
O=C1C(=Cc2cccc(F)c2)CC2(O)C3Cc4ccc(O)c5c4C2(CCN3CC2CC2)C1O5,7.31
O=C1C(=Cc2ccc(Br)cc2)CC2(O)C3Cc4ccc(O)c5c4C2(CCN3CC2CC2)C1O5,7.15
O=C1C(=Cc2ccccc2F)CC2(O)C3Cc4ccc(O)c5c4C2(CCN3CC2CC2)C1O5,7.46
CN(C)c1ccc(C=C2CC3(O)C4Cc5ccc(O)c6c5C3(CCN4CC3CC3)C(O6)C2=O)cc1,7.54
COc1ccc(C=C2CC3(O)C4Cc5ccc(O)c6c5C3(CCN4CC3CC3)C(O6)C2=O)cc1,7.56
COc1ccc(C2CCCN2Cc2ccc(Oc3ccc(C(N)=O)c4ccccc34)cc2)cc1,5.34
Cc1cc(C)cc(C2CCCN2Cc2ccc(Oc3ccc(C(N)=O)cc3)c(Cl)c2)c1,7.42
Cc1cccc(C2CCCN2Cc2ccc(Oc3ccc(C(N)=O)c4ccccc34)cc2)c1,5.76
Cc1cc(C)cc(C2CCCN2Cc2ccc(Oc3ccc(C(N)=O)cc3F)c(F)c2)c1,7.37
Cc1cc(C)cc(C2CCCN2Cc2ccc(Oc3ccc(C(N)=O)cc3F)c(Cl)c2)c1,7.8
Cc1cc(C)cc(C2CCCN2Cc2ccc(Oc3ccc(C(N)=O)cc3)c(F)c2)c1,7.53
Oc1cccc(C(O)CNCc2ccc(Cl)cc2Cl)c1,7.08
Oc1cccc(CNCc2cc3ccccc3[nH]2)c1,6.17
CC(NCc1nccn1C)c1cccc(O)c1,6.81
Oc1ccc(CCC2CCCCN2Cc2ccc(Cl)o2)cc1,6.3
CSc1ccc(CN(CCO)Cc2ccc(-c3ccn[nH]3)s2)cc1,5.52
Cc1ccc(C(CNC(=O)c2oc3ccc(F)cc3c2C)N2CCCC2)o1,6.19
Cc1ccc(-c2ccccc2CN2CC3CNCC3C2)o1,5.52
NC(=O)c1cc(S(=O)(=O)NC2CCN(Cc3ccccc3)CC2)cs1,5.01
NC1CCc2cc(O)ccc2C1,5.08
Cc1c(C(=O)NCC(c2ccco2)N2CCCC2)oc2ccc(Cl)cc12,6.29
CCN(Cc1csc(C)n1)C(C)c1cccc(O)c1,6.25
c1ccc(CN2CCC(Nc3nc4ccccc4o3)C2)cc1,5.59
COc1ccc(CNCC(O)c2cccc(O)c2)cc1Br,6.64
CN(Cc1ccccc1NC(=O)NCc1ccoc1)C1CCCCC1,5.64
Cc1cc2oc(C(=O)NCC(c3ccco3)N3CCCC3)c(C)c2cc1C,5.96
CC(CCc1ccc(O)cc1)NCCc1ccccc1,5.18
Cc1ncsc1CN1CCCCC1CCc1cccc(O)c1,6.46
Cc1cccc(C(O)CNC(C)Cn2cc(Br)cn2)c1,5.19
Oc1cccc(C(O)CNCc2c(Cl)cccc2Cl)c1,5.58
Cc1cc(S(=O)(=O)NCC(=O)NC2CCC2NC(C)C)ccc1F,5.21
CC(c1cccc(O)c1)N(C)Cc1nccn1CC(F)(F)F,6.82
Cc1nc(O)cc(C2CCN(Cc3ccc(C4CCCC4)s3)CC2)n1,5.09
NC(Cc1ccc(O)cc1)C(=O)NC1CSSCC(NC(=O)C(N)Cc2ccc(O)cc2)C(=O)NCC(=O)NC(Cc2ccccc2)C(=O)N2CCN(CC2)C(=O)C(Cc2ccccc2)NC(=O)CNC1=O,7.73
CC1(C)SSC(C)(C)C(NC(=O)C(N)Cc2ccc(O)cc2)C(=O)NCC(=O)NC(Cc2ccccc2)C(=O)N2CCN(CC2)C(=O)C(Cc2ccccc2)NC(=O)CNC(=O)C1NC(=O)C(N)Cc1ccc(O)cc1,8.25
Cc1cc(O)cc(C)c1CC(N)C(=O)NC1CSSCC(NC(=O)C(N)Cc2c(C)cc(O)cc2C)C(=O)NCC(=O)NC(Cc2ccccc2)C(=O)N2CCN(CC2)C(=O)C(Cc2ccccc2)NC(=O)CNC1=O,8.31
Cc1cc(O)cc(C)c1CC(N)C(=O)NC1CSSCC(NC(=O)C(N)Cc2c(C)cc(O)cc2C)C(=O)NCC(=O)NC(Cc2ccccc2)C(=O)NCCSSCCNC(=O)C(Cc2ccccc2)NC(=O)CNC1=O,9.06
NC(Cc1ccc(O)cc1)C(=O)NC1CSSCC(NC(=O)C(N)Cc2ccc(O)cc2)C(=O)NCC(=O)NC(Cc2ccccc2)C(=O)NCCSSCCNC(=O)C(Cc2ccccc2)NC(=O)CNC1=O,7.76
CN(Cc1cnn(C)c1)C(=O)NCCN1Cc2ccccc2C1,4.84
CN(C)C(CNC(=O)Nc1ccc(C(N)=O)cc1)c1cccs1,5.74
CN(C)C(CNC(=O)c1c[nH]nc1-c1ccccc1)c1cccs1,4.98
NC(=O)c1ccc(N2CCCN(Cc3ccc(F)cc3)CC2)nc1,4.96
CN(C)C(CNC(=O)C1CCN(C(N)=O)CC1)c1cccs1,5.57
Nc1nc(Cl)cc(NCC(O)CN2CCc3ccccc3C2)n1,5.53
CC(c1ccco1)N(C)CC(=O)N1CCC(C(N)=O)CC1,5.5
Nc1nc(Cl)cc(NC2CCN(Cc3ccccc3F)CC2)n1,5.25
CC(NC(C)(C)CN(C)C(=O)C1(C(N)=O)CC1)c1ccccc1,5.33
NC(=O)C(Cc1ccccc1)NC(=O)C(Cc1c[nH]c2ccccc12)N1C(=O)OC(CNC(=O)C(N)Cc2ccc(O)cc2)C1=O,8.01
COc1cccc(-c2ccc3c(c2)CN(Cc2ccccc2)C3)c1,5.5
CC(C)(C)OC(=O)NCCCCCCn1cc(CCCCN2CCC(c3ccc(-c4cc(C(=O)O)cc5cc(-c6ccc(C(F)(F)F)cc6)ccc45)cc3)CC2)nn1,5.39
CC1C2Cc3ccc(O)cc3C1(C)CCN2CC1CC1(CN1CCCCC1)c1ccccc1,6.75
CCCCC(=N)NCCCCCCNC(=O)C(CC(C)C)NC(=O)CNC(=O)C1(c2ccccc2)CC1CN1CCC2(C)c3cc(O)ccc3CC1C2C,8.28
CC1C2C(=O)c3ccc(O)cc3C1(C)CCN2CC1CCCO1,6.14
CC1C2Cc3ccc(O)cc3C1(C)CCN2CC1CC1(C(=O)NCc1ccccc1)c1ccccc1,7.46
CCCCC(=N)NCCCCCNC(=O)C(CC(C)C)NC(=O)CNC(=O)C1(c2ccccc2)CC1CN1CCC2(C)c3cc(O)ccc3CC1C2C,8.17
COc1ccc2c3c1OC1C4(OC)CCC5(CC4(C)C(=O)c4ccc(C(F)(F)F)cc4)C(C2)N(CC2CC2)CCC315,7.14
COc1ccc2c3c1OC1C4(OC)CCC5(CC4(C)C(O)c4ccc(-c6ccccc6)cc4)C(C2)N(CC2CC2)CCC315,6.52
COc1ccc2c3c1OC1C4(OC)CCC5(CC4(C)C(=O)c4ccc(-c6ccccc6)cc4)C(C2)N(CC2CC2)CCC315,6.58
COc1ccc2c3c1OC1C4(OC)CCC5(CC4(C)C(O)c4ccccc4)C(C2)N(CC2CC2)CCC315,7.42
COc1ccc2c3c1OC1C4(OC)CCC5(CC4(C)OC(C)=O)C(C2)N(CC2CC2)CCC315,8.05
COc1ccc2c3c1OC1C4(OC)CCC5(CC4(C)C=O)C(C2)N(CC2CC2)CCC315,8.34
COc1ccc(C(O)C2(C)CC34CCC2(OC)C2Oc5c(OC)ccc6c5C23CCN(CC2CC2)C4C6)cc1,9.22
COc1ccc2c3c1OC1C4(OC)C=CC5(CC4C(=O)c4ccccc4)C(C2)N(CC2CC2)CCC315,9.4
COc1ccc2c3c1OC1C4(OC)CCC5(CC4(C)OC(=O)c4ccccc4)C(C2)N(CC2CC2)CCC315,5.9
COc1ccc2c3c1OC1C4(OC)CCC5(CC4(C)OC(=O)C(C)C)C(C2)N(CC2CC2)CCC315,7.55
COc1ccc2c3c1OC1C4(OC)CCC5(CC4(C)C(O)c4ccc(C(F)(F)F)cc4)C(C2)N(CC2CC2)CCC315,8.04
COc1ccc2c3c1OC1C4(OC)CCC5(CC4(C)OC(=O)c4ccc(C(F)(F)F)cc4)C(C2)N(CC2CC2)CCC315,6.77
COc1ccc2c3c1OC1C4(OC)CCC5(CC4(C)CO)C(C2)N(CC2CC2)CCC315,8.57
COc1cccc(C(=O)C2(C)CC34CCC2(OC)C2Oc5c(OC)ccc6c5C23CCN(CC2CC2)C4C6)c1,7.95
COc1cccc(C(O)C2(C)CC34CCC2(OC)C2Oc5c(OC)ccc6c5C23CCN(CC2CC2)C4C6)c1,8.68
COc1ccc2c3c1OC1C4(OC)CCC5(CC4(C)C(=O)c4ccccc4)C(C2)N(CC2CC2)CCC315,7.48
COc1ccc(C(=O)C2(C)CC34CCC2(OC)C2Oc5c(OC)ccc6c5C23CCN(CC2CC2)C4C6)cc1,7.31
OC1(c2ccc(Cl)c(C(F)(F)F)c2)CCN(CCCC=C(c2ccc(F)cc2)c2ccc(F)cc2)CC1,5.99
COc1ccc(N(CCCCN2CCC(O)(c3ccc(Cl)c(C(F)(F)F)c3)CC2)c2ccc(OC)cc2)cc1,5.0
OC1(c2ccc(Cl)c(C(F)(F)F)c2)CCN(CCCCN(c2ccc(F)cc2)c2ccc(F)cc2)CC1,5.0
OC1(c2ccc(Cl)c(C(F)(F)F)c2)CCN(CCCC(c2ccccc2)c2ccccc2)CC1,5.88
OC1(c2ccc(Cl)c(C(F)(F)F)c2)CCN(CCCC(c2ccc(F)cc2)c2ccc(F)cc2)CC1,6.0
CCC1c2cc(OC)ccc2CCC1(C)N,6.5
COc1ccccc1N1CCN(CCCNC(=O)NN(Cc2ccccc2)c2ccccc2)CC1,5.41
COc1ccccc1N1CCN(CCCNC(=O)NN(Cc2ccc(F)cc2)c2ccccc2)CC1,5.37
COc1ccc2c3c1OC1C4(OC)CCC5(CC4c4ccc(NC(=O)Cc6ccccc6)cc4)C(C2)N(CC2CC2)CCC315,7.67
COc1ccc2c3c1OC1C4(OC)CCC5(CC4c4ccc(N6CCCCC6)cc4)C(C2)N(CC2CC2)CCC315,7.39
COc1ccc2c3c1OC1C4(OC)CCC5(CC4c4ccc(N6CCN(C(C)=O)CC6)cc4)C(C2)N(CC2CC2)CCC315,6.92
COc1ccc2c3c1OC1C4(OC)CCC5(CC4c4ccc(N6CCNCC6)cc4)C(C2)N(CC2CC2)CCC315,7.1
COc1ccc2c3c1OC1C4(OC)CCC5(CC4c4ccc(N6CCN(S(=O)(=O)c7ccc(C)cc7)CC6)cc4)C(C2)N(CC2CC2)CCC315,5.81
COc1ccc2c3c1OC1C4(OC)CCC5(CC4c4ccc(NCCN(C)C)cc4)C(C2)N(CC2CC2)CCC315,7.89
COc1ccc2c3c1OC1C4(OC)CCC5(CC4c4ccc(NC(=O)c6ccccc6)cc4)C(C2)N(CC2CC2)CCC315,9.33
COc1ccc2c3c1OC1C4(OC)CCC5(CC4c4ccc(N6CCN(C(=O)c7ccccc7)CC6)cc4)C(C2)N(CC2CC2)CCC315,7.05
COc1ccc2c3c1OC1C4(OC)CCC5(CC4c4ccc(NCCCN(C)C)cc4)C(C2)N(CC2CC2)CCC315,7.23
CCOC(=O)CCNc1ccc(C2CC34CCC2(OC)C2Oc5c(OC)ccc6c5C23CCN(CC2CC2)C4C6)cc1,7.68
COc1ccc2c3c1OC1C4(OC)CCC5(CC4c4ccc(N6CCCC6)cc4)C(C2)N(CC2CC2)CCC315,6.51
COc1ccc2c3c1OC1C4(OC)CCC5(CC4c4ccc(N)cc4)C(C2)N(CC2CC2)CCC315,8.19
COc1ccc2c3c1OC1C4(OC)CCC5(CC4c4ccc(N6CCN(CC7CC7)CC6)cc4)C(C2)N(CC2CC2)CCC315,7.3
CCCNc1ccc(C2CC34CCC2(OC)C2Oc5c(OC)ccc6c5C23CCN(CC2CC2)C4C6)cc1,7.78
COc1ccc2c3c1OC1C4(OC)CCC5(CC4c4ccc(NC=O)cc4)C(C2)N(CC2CC2)CCC315,8.37
CNc1ccc(C2CC34CCC2(OC)C2Oc5c(OC)ccc6c5C23CCN(CC2CC2)C4C6)cc1,7.69
COc1ccc2c3c1OC1C4(OC)CCC5(CC4c4ccc(NC(C)=O)cc4)C(C2)N(CC2CC2)CCC315,8.11
COc1ccc2c3c1OC1C4(OC)CCC5(CC4c4ccc(N=Nc6ccc(O)cc6)cc4)C(C2)N(CC2CC2)CCC315,5.8
COc1ccc2c3c1OC1C4(OC)CCC5(CC4c4ccc(NCC(N)=O)cc4)C(C2)N(CC2CC2)CCC315,7.79
CCNc1ccc(C2CC34CCC2(OC)C2Oc5c(OC)ccc6c5C23CCN(CC2CC2)C4C6)cc1,7.77
COc1ccc2c3c1OC1C4(OC)CCC5(CC4c4ccc(NCc6ccccc6)cc4)C(C2)N(CC2CC2)CCC315,7.76
COc1ccc2c3c1OC1C4(OC)CCC5(CC4c4ccc(NCC6CC6)cc4)C(C2)N(CC2CC2)CCC315,7.71
COCc1ccc(-c2ccc(N(CC(N)C(C)OC)C(=O)C3CC3c3ccccn3)cc2)cc1,5.64
CN1C(=CC=CC=CC2=[N+](CCCCCC(=O)NCC(=O)NCC(=O)NCCCNC(=N)Nc3ccc4[nH]c5c(c4c3)CC3(O)C4Cc6ccc(O)c7c6C3(CCN4CC3CC3)C5O7)c3ccc(S(=O)(=O)[O-])cc3C2(C)C)C(C)(C)c2cc(S(=O)(=O)O)ccc21,8.96
CN1C(=CC=CC2=[N+](CCCCCC(=O)NCCCNC(=N)Nc3ccc4[nH]c5c(c4c3)CC3(O)C4Cc6ccc(O)c7c6C3(CCN4CC3CC3)C5O7)c3ccc(S(=O)(=O)[O-])cc3C2(C)C)C(C)(C)c2cc(S(=O)(=O)O)ccc21,8.07
CN1C(=CC=CC=CC2=[N+](CCCCCC(=O)NCC(=O)NCC(=O)NCC(=O)NCC(=O)NCCCNC(=N)Nc3ccc4[nH]c5c(c4c3)CC3(O)C4Cc6ccc(O)c7c6C3(CCN4CC3CC3)C5O7)c3ccc(S(=O)(=O)[O-])cc3C2(C)C)C(C)(C)c2cc(S(=O)(=O)O)ccc21,8.74
CN1C(=CC=CC2=[N+](CCCCCC(=O)NCC(=O)NCC(=O)NCC(=O)NCC(=O)NCCCNC(=N)Nc3ccc4[nH]c5c(c4c3)CC3(O)C4Cc6ccc(O)c7c6C3(CCN4CC3CC3)C5O7)c3ccc(S(=O)(=O)[O-])cc3C2(C)C)C(C)(C)c2cc(S(=O)(=O)O)ccc21,8.49
CN1C(=CC=CC=CC2=[N+](CCCCCC(=O)NCCCNC(=N)Nc3ccc4[nH]c5c(c4c3)CC3(O)C4Cc6ccc(O)c7c6C3(CCN4CC3CC3)C5O7)c3ccc(S(=O)(=O)[O-])cc3C2(C)C)C(C)(C)c2cc(S(=O)(=O)O)ccc21,8.85
CC(C)C1CCC(N2CCC(n3cc(CN4CCC(O)CC4)c4ccccc43)CC2)CC1,5.42
CC(C)C1CCC(N2CCC(n3cc(CN)c4ccccc43)CC2)CC1,6.76
CC(C)C1CCC(N2CCC(n3cc(CN4CCC(N)CC4)c4ccccc43)CC2)CC1,5.46
CC(C)C1CCC(N2CCC(n3cc(CNCCO)c4ccccc43)CC2)CC1,5.83
CC(C)C1CCC(N2CCC(N3CCc4ccccc43)CC2)CC1,6.25
CC(C)C1CCC(N2CCC(n3cc(CCCN)c4ccccc43)CC2)CC1,5.88
CC(C)C1CCC(N2CCC(n3cc(CCNC(N)=S)c4ccccc43)CC2)CC1,7.09
CC(C)C1CCC(N2CCC(n3cc(C(N)=O)c4ccccc43)CC2)CC1,6.35
CC(C)C1CCC(N2CCC(n3cc(CNC(=O)C(N)CCCNC(=N)N)c4ccccc43)CC2)CC1,6.17
CC(C)C1CCC(N2CCC(n3ccc4ccccc43)CC2)CC1,5.8
CCNCC(=O)NCc1cn(C2CCN(C3CCC(C(C)C)CC3)CC2)c2ccccc12,5.84
CC(C)C1CCC(N2CCC(n3cc(CCN)c4ccccc43)CC2)CC1,5.56
O=C(NCCO)C12CC1C(n1cnc3c(NC4CC5CCC4C5)nc(Cl)nc31)C(O)C2O,5.58
CC(C)(C)OC(=O)N1CCN(C(=O)Cc2ccc(Cl)c(Cl)c2)C2C(N3CCCC3)CCCC21,7.75
O=C(Cc1ccc(Cl)c(Cl)c1)N1CCNC2CCCC(N3CCCC3)C21,8.32
CCN1CCN(C(=O)Cc2ccc(Cl)c(Cl)c2)C2C1CCCC2N1CCCC1,7.96
O=C(Cc1ccc(Cl)c(Cl)c1)N1CCN(Cc2ccc(F)cc2)C2CCCC(N3CCCC3)C21,7.38
O=C(COCCF)N1CCN(C(=O)Cc2ccc(Cl)c(Cl)c2)C2C(N3CCCC3)CCCC21,7.11
O=C(Cc1ccc(Cl)c(Cl)c1)N1CCN(Cc2cn(CCF)nn2)C2CCCC(N3CCCC3)C21,7.34
CCCN1CCN(C(=O)Cc2ccc(Cl)c(Cl)c2)C2C(N3CCCC3)CCCC21,8.04
CCCCN1CCN(C(=O)Cc2ccc(Cl)c(Cl)c2)C2C(N3CCCC3)CCCC21,7.8
CCC1CN2CCC3(O)C(=Nc4cccc(OC)c43)C2CC1C(=COC)C(=O)OC,7.13
CCC1CN2CCc3c([nH]c4ccccc34)C2CC1C(=COC)C(=O)OC,5.72
CCC1CN2CCc3c([nH]c4cccc(OC)c34)C2CC1C(=COC)C(=O)OC,6.94
CCOc1ccc(Cc2ccccc2)cc1CNC(=O)C(N)Cc1c(C)cc(O)cc1C,5.92
CCOc1ccc(CN2CCc3ccccc3C2)cc1CNC(=O)C(N)Cc1c(C)cc(O)cc1C,7.36
CCOc1ccc(CN2CC3CC3C2)cc1CNC(=O)C(N)Cc1c(C)cc(O)cc1C,6.61
CCOc1ccc(CNCc2ccccc2)cc1CNC(=O)C(N)Cc1c(C)cc(O)cc1C,7.63
CCOc1ccc(CN2Cc3ccccc3C2)cc1CNC(=O)C(N)Cc1c(C)cc(O)cc1C,6.61
CCOc1ccc(CN2CCCCC2)cc1CNC(=O)C(N)Cc1c(C)cc(O)cc1C,7.0
CCC(=O)Nc1ccc(Cc2ccccc2)cc1CNC(=O)C(N)Cc1c(C)cc(O)cc1C,5.96
Cc1cc(O)cc(C)c1CC(N)C(=O)NCc1cc(Cc2ccccc2)ccc1Cl,6.28
COc1ccc(Cc2ccccc2)cc1C(C)NC(=O)C(N)Cc1c(C)cc(O)cc1C,6.48
Cc1ccc(Cc2ccccc2)cc1CNC(=O)C(N)Cc1c(C)cc(O)cc1C,6.44
Cc1cc(O)cc(C)c1CC(N)C(=O)NCc1cc(Cc2ccccc2)ccc1OC(F)(F)F,6.43
Cc1cc(O)cc(C)c1CC(N)C(=O)NCc1cc(Cc2ccccc2)ccc1OCC1CC1,6.5
CCC(NC(=O)C(N)Cc1c(C)cc(O)cc1C)c1cccc(Cc2ccccc2)c1,7.3
Cc1cc(O)cc(C)c1CC(N)C(=O)NCc1cc(Cc2ccccc2)ccc1OCc1ccccc1,6.24
Cc1cc(O)cc(C)c1CC(N)C(=O)NCc1cc(Cc2ccccc2)ccc1O,6.51
CCCOc1ccc(Cc2ccccc2)cc1CNC(=O)C(N)Cc1c(C)cc(O)cc1C,6.41
Cc1cc(O)cc(C)c1CC(N)C(=O)NCc1cccc(Cc2ccccc2)c1,6.39
Cc1cc(O)cc(C)c1CC(N)C(=O)NC(C)c1cccc(Cc2ccccc2)c1,6.7
CC(=O)Nc1ccc(Cc2ccccc2)cc1CNC(=O)C(N)Cc1c(C)cc(O)cc1C,5.81
COc1ccc(Cc2ccccc2)cc1CNC(=O)C(N)Cc1c(C)cc(O)cc1C,6.21
CCNc1ccc(Cc2ccccc2)cc1CNC(=O)C(N)Cc1c(C)cc(O)cc1C,6.39
Cc1ncc2nccn2c1-c1ccc(Oc2nccc3occc23)cc1C(F)(F)F,5.14
Cc1cc(Oc2nccc3occc23)ccc1-c1c(C)ncc2nccn12,5.51
FC(F)(F)c1cc(Oc2nccc3ccsc23)ccc1-c1cccc2nccn12,5.5
FC(F)(F)c1cc(Oc2nccc3occc23)ccc1-c1cccc2nccn12,5.82
Cc1cc(CC(N)C(=O)N2CCCC2C(=O)NC(Cc2ccccc2)C(=O)NC(Cc2ccccc2)C(N)=O)cc(C)c1O,5.33
NC(=O)C(Cc1ccccc1)NC(=O)C(Cc1ccccc1)NC(=O)C1CCCN1C(=O)C(N)Cc1cccc(O)c1,5.04
Cc1cc(O)cc(C)c1CC(N)C(=O)N1CCCC1C(=O)NC(Cc1ccccc1)C(=O)NC(Cc1ccccc1)C(N)=O,6.28
NC(=O)C(Cc1ccccc1)NC(=O)C(Cc1ccccc1)NC(=O)C1CCCN1C(=O)C(N)Cc1ccc(O)cc1,5.95
COc1cc(CC(N)C(=O)N2CCCC2C(=O)NC(Cc2ccccc2)C(=O)NC(Cc2ccccc2)C(N)=O)cc(OC)c1O,5.35
NC(Cc1ccc(O)cc1)C(=O)NC1CSCc2ccccc2CSCC(NC(=O)C(N)Cc2ccc(O)cc2)C(=O)NCC(=O)NC(Cc2ccc(F)cc2)C(=O)N2CCN(CC2)C(=O)C(Cc2ccc(F)cc2)NC(=O)CNC1=O,6.92
CCC1CC2CC3c4[nH]c5ccc(O)cc5c4CCN(C2)C13,6.14
CC1=NC2(CCN(C)CC2)C(=O)N(c2c(C)cccc2C)C1=O,5.77
CCc1cc(F)c2nc(N3CCC(NC4CCOCC4)CC3)c(-c3nc(C)no3)c(C)c2c1,8.82
Cc1cc(O)cc(C)c1CC(N)C(=O)NC1CCNc2ccc(Cc3cc4ccccc4o3)cc21,7.4
Cc1cc(O)cc(C)c1CC(N)C(=O)NC1CCN(C(=O)c2ccccc2)c2ccc(Cc3ccc4c(c3)OCCO4)cc21,6.62
Cc1cc(O)cc(C)c1CC(N)C(=O)NC1CCNc2ccc(Cc3ccc4c(c3)OCCO4)cc21,6.94
Cc1cc(O)cc(C)c1CC(N)C(=O)NC1CCN(S(C)(=O)=O)c2ccc(Cc3cc4ccccc4o3)cc21,8.1
Cc1cc(O)cc(C)c1CC(N)C(=O)NC1CCNc2ccc(Cc3cnc4ccccc4c3)cc21,7.8
Cc1cc(O)cc(C)c1CC(N)C(=O)NC1CCN(C(=O)C2CC2)c2ccc(Cc3cc4ccccc4o3)cc21,7.01
Cc1cc(O)cc(C)c1CC(N)C(=O)NC1CCN(C(=O)c2ccccc2)c2ccc(Cc3cnc4ccccc4c3)cc21,7.0
CC(=O)N1CCC(NC(=O)C(N)Cc2c(C)cc(O)cc2C)c2cc(Cc3cnc4ccccc4c3)ccc21,7.28
Cc1cc(O)cc(C)c1CC(N)C(=O)NC1CCN(C(=O)c2ccccc2)c2ccc(CN3CCc4ccccc4C3)cc21,6.8
Cc1cc(O)cc(C)c1CC(N)C(=O)NC1CCN(C(=O)c2ccccc2)c2ccc(Cc3cc4ccccc4o3)cc21,7.0
CC(=O)N1CCC(NC(=O)C(N)Cc2c(C)cc(O)cc2C)c2cc(CN3CCc4ccccc4C3)ccc21,9.11
Cc1cc(O)cc(C)c1CC(N)C(=O)NC1CCN(C(=O)c2ccccc2)c2ccc(Cc3ccc4ccccc4c3)cc21,6.8
Cc1cc(O)cc(C)c1CC(N)C(=O)NC1CCN(C(=O)C2CC2)c2ccc(Cc3ccc4c(c3)OCCO4)cc21,6.38
Cc1cc(O)cc(C)c1CC(N)C(=O)NC1CCN(S(C)(=O)=O)c2ccc(Cc3cnc4ccccc4c3)cc21,8.15
Cc1cc(O)cc(C)c1CC(N)C(=O)NC1CCN(C(=O)C2CC2)c2ccc(Cc3cnc4ccccc4c3)cc21,7.08
Cc1cc(O)cc(C)c1CC(N)C(=O)NC1CCNc2ccc(CN3CCc4ccccc4C3)cc21,8.66
CC(=O)N1CCC(NC(=O)C(N)Cc2c(C)cc(O)cc2C)c2cc(Cc3cc4ccccc4o3)ccc21,7.24
Cc1cc(O)cc(C)c1CC(N)C(=O)NC1CCN(S(C)(=O)=O)c2ccc(Cc3ccccc3)cc21,8.1
Cc1cc(O)cc(C)c1CC(N)C(=O)NC1CCN(C(=O)C2CC2)c2ccc(CN3CCc4ccccc4C3)cc21,7.4
Cc1cc(O)cc(C)c1CC(N)C(=O)NC1CCN(S(C)(=O)=O)c2ccc(Cc3ccc4c(c3)OCCO4)cc21,7.34
CC(=O)N1CCC(NC(=O)C(N)Cc2c(C)cc(O)cc2C)c2cc(Cc3ccc4c(c3)OCCO4)ccc21,6.85
Cc1cc(O)cc(C)c1CC(N)C(=O)NC1CCN(C(=O)C2CC2)c2ccc(Cc3ccc4ccccc4c3)cc21,6.93
Cc1cc(O)cc(C)c1CC(N)C(=O)NC1CCN(S(C)(=O)=O)c2ccc(Cc3ccc4ccccc4c3)cc21,7.57
Cc1cc(O)cc(C)c1CC(N)C(=O)NC1CCN(S(C)(=O)=O)c2ccc(CN3CCc4ccccc4C3)cc21,8.96
NC(Cc1ccc(O)cc1)C(=O)NC1CC=CCC(NC(=O)C(N)Cc2ccc(O)cc2)C(=O)NCC(=O)NC(Cc2ccccc2)C(=O)NNC(=O)C(Cc2ccccc2)NC(=O)CNC1=O,6.3
O=C(NO)c1ccc(Oc2ccc(CN3CCCC3c3cccc(F)c3)cc2)c(F)c1,6.3
COc1ccc(C2CCCN2Cc2ccc(Oc3ccc(C(=O)NO)cc3)cc2)cc1,6.75
Cc1cc(C)cc(C2CCCN2Cc2ccc(Oc3ccc4c(=O)[nH]oc4c3)cc2)c1,5.85
COc1cccc(C2CCCN2Cc2ccc(Oc3ccc(C(=O)NO)cc3F)cc2)c1,5.67
O=C(CCc1ccccc1)N1CCC23c4c5ccc(O)c4OC2c2[nH]c4ccccc4c2CC3(O)C1C5,5.67
O=C(Cc1ccccc1)N1CCC23c4c5ccc(O)c4OC2c2[nH]c4ccccc4c2CC3(O)C1C5,5.22
Cn1cc(-c2cnc3c(c2)CC2(OCCCc4ccccc4)C4Cc5ccc(O)c6c5C2(CCN4CC2CC2)C3O6)cn1,8.08
COc1cccc(-c2cnc3c(c2)CC2(OCCCc4ccccc4)C4Cc5ccc(O)c6c5C2(CCN4CC2CC2)C3O6)c1,6.99
Oc1ccc2c3c1OC1c4ncc(-c5ccccn5)cc4CC4(OCCCc5ccccc5)C(C2)N(CC2CC2)CCC314,7.72
Oc1ccc2c3c1OC1c4ncc(-c5ccccc5)cc4CC4(OCCCc5ccc(F)cc5)C(C2)N(CC2CC2)CCC314,7.22
Oc1ccc2c3c1OC1c4ncc(-c5ccccc5)cc4CC4(OCCCC5CCCCC5)C(C2)N(CC2CC2)CCC314,7.24
Cc1nnc(-c2cnc3c(c2)CC2(OCCCc4ccccc4)C4Cc5ccc(O)c6c5C2(CCN4CC2CC2)C3O6)o1,7.83
CN(C)Cc1ccccc1-c1cnc2c(c1)CC1(OCCCc3ccccc3)C3Cc4ccc(O)c5c4C1(CCN3CC1CC1)C2O5,7.64
CCOC12Cc3cc(-c4ccccc4)cnc3C3Oc4c(O)ccc5c4C31CCN(CC1CC1)C2C5,6.6
Cc1nocc1-c1cnc2c(c1)CC1(OCCCc3ccccc3)C3Cc4ccc(O)c5c4C1(CCN3CC1CC1)C2O5,7.64
Oc1ccc2c3c1OC1c4ncc(-c5ccccc5C5CC5)cc4CC4(OCCCc5ccccc5)C(C2)N(CC2CC2)CCC314,6.76
Oc1ccc2c3c1OC1c4ncc(-c5ccccc5)cc4CC4(OCCCCc5ccccc5)C(C2)N(CC2CC2)CCC314,7.24
Oc1ccc2c3c1OC1c4ncc(-c5ccccc5)cc4CC4(OCCCc5ccncc5)C(C2)N(CC2CC2)CCC314,7.66
Oc1ccc2c3c1OC1c4ncc(-c5ccc(Cl)cc5)cc4CC4(OCCOc5ccccc5)C(C2)N(CC2CC2)CCC314,7.67
COc1cc(-c2cnc3c(c2)CC2(OCCCc4ccccc4)C4Cc5ccc(O)c6c5C2(CCN4CC2CC2)C3O6)ccn1,8.18
Oc1ccc2c3c1OC1c4ncc(-c5cn[nH]c5)cc4CC4(OCCCc5ccccc5)C(C2)N(CC2CC2)CCC314,7.53
Oc1ccc2c3c1OC1c4ncc(-c5cnccn5)cc4CC4(OCCCc5ccccc5)C(C2)N(CC2CC2)CCC314,7.7
Oc1ccc2c3c1OC1c4ncc(-c5ccc(F)cc5)cc4CC4(OCCCc5ccccc5)C(C2)N(CC2CC2)CCC314,8.18
Oc1ccc2c3c1OC1c4ncc(-c5ccc(F)c(F)c5)cc4CC4(OCCCc5ccccc5)C(C2)N(CC2CC2)CCC314,7.15
Oc1ccc2c3c1OC1c4ncc(-c5ccc(Cl)cc5)cc4CC4(OCc5ccc6ccccc6n5)C(C2)N(CC2CC2)CCC314,7.51
Oc1ccc2c3c1OC1c4ncc(-c5ccncn5)cc4CC4(OCCCc5ccccc5)C(C2)N(CC2CC2)CCC314,7.51
NC(=O)Nc1ccccc1-c1cnc2c(c1)CC1(OCCCc3ccccc3)C3Cc4ccc(O)c5c4C1(CCN3CC1CC1)C2O5,7.87
CN(C)c1ccc(-c2cnc3c(c2)CC2(OCCCc4ccccc4)C4Cc5ccc(O)c6c5C2(CCN4CC2CC2)C3O6)cc1,8.21
CC(=O)Nc1cccc(-c2cnc3c(c2)CC2(OCCCc4ccccc4)C4Cc5ccc(O)c6c5C2(CCN4CC2CC2)C3O6)c1,6.22
CN(C)c1ccccc1-c1cnc2c(c1)CC1(OCCCc3ccccc3)C3Cc4ccc(O)c5c4C1(CCN3CC1CC1)C2O5,8.1
COc1ccccc1-c1cnc2c(c1)CC1(OCCCc3ccccc3)C3Cc4ccc(O)c5c4C1(CCN3CC1CC1)C2O5,6.9
CN(C)c1cccc(-c2cnc3c(c2)CC2(OCCCc4ccccc4)C4Cc5ccc(O)c6c5C2(CCN4CC2CC2)C3O6)c1,7.92
Oc1ccc2c3c1OC1c4ncc(-c5ccccc5)cc4CC4(OCCCC5CCOCC5)C(C2)N(CC2CC2)CCC314,7.61
Cc1ccc(-c2cnc3c(c2)CC2(OCCCc4ccccc4)C4Cc5ccc(O)c6c5C2(CCN4CC2CC2)C3O6)cc1,6.99
COc1ccc(-c2cnc3c(c2)CC2(OCCCc4ccccc4)C4Cc5ccc(O)c6c5C2(CCN4CC2CC2)C3O6)cc1,6.85
Cc1cccc(C)c1-c1cnc2c(c1)CC1(OCCCc3ccccc3)C3Cc4ccc(O)c5c4C1(CCN3CC1CC1)C2O5,6.87
Oc1ccc2c3c1OC1c4ncc(-c5ccc(Br)cc5)cc4CC4(OCCCc5ccccc5)C(C2)N(CC2CC2)CCC314,7.12
Cc1cc(F)ccc1-c1cnc2c(c1)CC1(OCCCc3ccccc3)C3Cc4ccc(O)c5c4C1(CCN3CC1CC1)C2O5,6.89
Oc1ccc2c3c1OC1c4ncc(-c5cncnc5)cc4CC4(OCCCc5ccccc5)C(C2)N(CC2CC2)CCC314,7.61
Oc1ccc2c3c1OC1c4ncc(-n5cccc5)cc4CC4(OCCCc5ccccc5)C(C2)N(CC2CC2)CCC314,7.86
Oc1ccc2c3c1OC1c4ncc(-c5ccccc5)cc4CC4(OCCCc5ccccc5)C(C2)N(CC2CC2)CCC314,6.88
Oc1ccc2c3c1OC1c4ncc(-c5ccccc5)cc4CC4(OCCCc5ccccn5)C(C2)N(CC2CC2)CCC314,8.28
CC(=O)Nc1ccc(-c2cnc3c(c2)CC2(OCCCc4ccccc4)C4Cc5ccc(O)c6c5C2(CCN4CC2CC2)C3O6)cc1,7.82
Cc1ccccc1-c1cnc2c(c1)CC1(OCCCc3ccccc3)C3Cc4ccc(O)c5c4C1(CCN3CC1CC1)C2O5,6.82
Oc1cccc(-c2cnc3c(c2)CC2(OCCCc4ccccc4)C4Cc5ccc(O)c6c5C2(CCN4CC2CC2)C3O6)c1,7.74
Oc1ccc2c3c1OC1c4ncc(-c5ccc(Cl)cc5)cc4CC4(OCCCc5ccncc5)C(C2)N(CC2CC2)CCC314,7.99
Oc1ccc2c3c1OC1c4ncc(-c5ccncc5)cc4CC4(OCCCc5ccccc5)C(C2)N(CC2CC2)CCC314,7.8
Oc1ccc2c3c1OC1c4ncc(-c5cccnc5)cc4CC4(OCCCc5ccccc5)C(C2)N(CC2CC2)CCC314,7.56
Oc1ccc2c3c1OC1c4ncc(-c5ccc(F)cc5F)cc4CC4(OCCCc5ccccc5)C(C2)N(CC2CC2)CCC314,7.45
Cc1cccc(-c2cnc3c(c2)CC2(OCCCc4ccccc4)C4Cc5ccc(O)c6c5C2(CCN4CC2CC2)C3O6)c1,7.75
c1ccc2c(c1)CCOC21CCCC(NCC2CCCCC2)C1,6.39
CN(C)CC1CN(C(=O)Nc2ccccc2)CCC1(O)c1ccccc1,7.31
CN(C)CC1CN(C(=O)Nc2cccc(Cl)c2)CCC1(O)c1ccccc1,6.14
CN(C)CC1CN(C(=O)Nc2ccccc2)CCC1(O)c1cccc(O)c1,7.15
C=C(C)C1CCC(C)=CC1c1c(O)cc(CCCCC)cc1O,5.64
Cc1cc(O)cc(C)c1CC(N)C(=O)NC(CCCNC(=N)N)C(=O)NC1Cc2ccccc2CN(CCC(=O)NC(CCCNC(=N)N)C(=O)NC(CCCNC(=N)N)C(=O)N2CCCC2C(=O)NC(Cc2c(C)cc(O)cc2C)C(=O)NC(C(=O)NC(CC(C)C)C(=O)O)C(C)(C)C)C1=O,6.99
Cc1cc(O)cc(C)c1CC(N)C(=O)NC(CCCNC(=N)N)C(=O)NC1Cc2ccccc2CN(CCC(=O)NC(CCCCN)C(=O)NC(CCCCN)C(=O)N2CCCC2C(=O)N2Cc3ccc(O)cc3CC2C(=O)NC(C(=O)NC(CC(C)C)C(=O)O)C(C)(C)C)C1=O,6.82
Cc1cc(O)cc(C)c1CC(N)C(=O)NC(CCCNC(=N)N)C(=O)NC1Cc2ccccc2CN(CCC(=O)NC(CCCCN)C(=O)NC(CCCCN)C(=O)N2CCCC2C(=O)NC(Cc2cccc(O)c2)C(=O)NC(C(=O)NC(CC(C)C)C(=O)O)C(C)(C)C)C1=O,7.15
Cc1cc(O)cc(C)c1CC(N)C(=O)NC(CCCNC(=N)N)C(=O)NC1Cc2ccccc2CN(CCC(=O)NC(CCCCN)C(=O)NC(CCCCN)C(=O)N2CCCC2C(=O)NC(Cc2ccc(O)cc2)C(=O)NC(C(=O)NC(CC(C)C)C(=O)O)C(C)(C)C)C1=O,6.7
Cc1cc(O)cc(C)c1CC(N)C(=O)NC(CCCNC(=N)N)C(=O)NC1Cc2ccccc2CN(CCC(=O)NC(CCCNC(=N)N)C(=O)NC(CCCNC(=N)N)C(=O)N2CCCC2C(=O)N2Cc3ccc(O)cc3CC2C(=O)NC(C(=O)NC(CC(C)C)C(=O)O)C(C)(C)C)C1=O,7.65
Cc1cc(O)cc(C)c1CC(N)C(=O)NC(CCCCN)C(=O)NC(Cc1ccccc1)C(=O)NC(Cc1ccccc1)C(=O)NC(CCCCN)C(=O)NC(CCCCN)C(=O)N1CCCC1C(=O)NC(Cc1ccccc1)C(=O)NC(C(=O)NC(CC(C)C)C(=O)O)C(C)(C)C,7.47
Cc1cc(O)cc(C)c1CC(N)C(=O)NC(CCCNC(=N)N)C(=O)NC1Cc2ccccc2CN(CCC(=O)NC(CCCCN)C(=O)NC(CCCCN)C(=O)N2CCCC2C(=O)NC(Cc2c(C)cc(O)cc2C)C(=O)NC(C(=O)NC(CC(C)C)C(=O)O)C(C)(C)C)C1=O,6.86
Cc1cc(O)cc(C)c1CC(N)C(=O)NC(CCCNC(=N)N)C(=O)NC1Cc2ccccc2CN(CCC(=O)NC(CCCCN)CC(=O)NC(CCCCN)C(=O)N2CCCC2C(=O)NC(Cc2c(C)cc(O)cc2C)C(=O)NC(C(=O)NC(CC(C)C)C(=O)O)C(C)(C)C)C1=O,6.68
CCC(C)C(NC(=O)C(CCCNC(=N)N)NC(=O)C(CC(C)C)NC(=O)C(Cc1ccccc1)NC(=O)CNC(=O)CNC(=O)C(N)Cc1ccc(O)cc1)C(=O)NC(CCCNC(=N)N)C(=O)N1CCCC1C(=O)NC(CCCCN)C(N)=O,10.15
CC(=O)NC(Cc1ccc(O)cc1)C(=O)NCC(=O)N1CCCC1C(=O)NC(Cc1ccccc1)C(=O)NC(CC(C)C)C(=O)NC(CCCNC(=N)N)C(=O)NC(C)C(=O)NC(CCCNC(=N)N)C(=O)N1CCCC1C(=O)NC(CCCCN)C(N)=O,5.44
CCC(C)C(NC(=O)C(CCCNC(=N)N)NC(=O)C(CCCNC(=N)N)NC(=O)C(CC(C)C)NC(=O)C(Cc1ccccc1)NC(=O)CNC(=O)CNC(=O)C(N)Cc1ccc(O)cc1)C(=O)NC(CCCNC(=N)N)C(=O)N1CCCC1C(=O)NC(CCCCN)C(=O)NC(CC(C)C)C(=O)NC(CCCCN)C(=O)O,10.05
CCC(C)C(NC(=O)C(CCCN=C(N)N)NC(=O)C(CCCN=C(N)N)NC(=O)C(CC(C)C)NC(=O)C(Cc1ccccc1)NC(=O)CNC(=O)CNC(=O)C(N)Cc1ccc(O)cc1)C(=O)NC(CCCN=C(N)N)C(=O)N1CCCC1C(=O)NC(CCCCN)C(N)=O,10.0
CC(=O)NC(Cc1ccc(O)cc1)C(=O)NCC(=O)N1CCCC1C(=O)NC(Cc1ccccc1)C(=O)NC(CC(C)C)C(=O)NC(CCCN)C(=O)NC(C)C(=O)NC(CCCNC(=N)N)C(=O)N1CCCC1C(=O)NC(CCCCN)C(N)=O,5.37
CCC(C)C(NC(=O)C(CCCNC(=N)N)NC(=O)C(CC(C)C)NC(=O)C(Cc1ccccc1)NC(=O)C1CCCN1C(=O)CNC(=O)C(Cc1ccc(O)cc1)NC(C)=O)C(=O)NC(CCCNC(=N)N)C(=O)N1CCCC1C(=O)NC(CCCCN)C(N)=O,6.14
CCC(C)C(NC(=O)C(CCCNC(=N)N)NC(=O)C(CCCNC(=N)N)NC(=O)C(CC(C)C)NC(=O)C(Cc1ccccc1)NC(=O)CNC(=O)CNC(=O)C(N)Cc1ccc(O)cc1)C(=O)NC(CCCNC(=N)N)C(=O)N1CCCC1C(=O)NC(CCCCN)C(=O)O,9.92
CCC(C)C(NC(=O)C(CCCNC(=N)N)NC(=O)C(CC(C)C)NC(=O)C(Cc1ccccc1)NC(=O)CNC(=O)CNC(=O)C(C)Cc1c(C)cc(O)cc1C)C(=O)NC(CCCNC(=N)N)C(=O)N1CCCC1C(=O)NC(CCCCN)C(=O)O,6.64
CCC(C)C(NC(=O)C(CCCNC(=N)N)NC(=O)C(CC(C)C)NC(=O)C(Cc1ccccc1)NC(=O)CNC(=O)CNC(=O)C(Cc1ccc(O)cc1)NC(C)=O)C(=O)NC(CCCNC(=N)N)C(=O)N1CCCC1C(=O)NC(CCCCN)C(N)=O,7.07
CCC(C)C(NC(=O)C(CCCNC(=N)N)NC(=O)C(CC(C)C)NC(=O)C(Cc1ccccc1)NC(=O)C1CCCN1C(=O)CNC(=O)C(N)Cc1ccc(O)cc1)C(=O)NC(CCCNC(=N)N)C(N)=O,6.66
CCC(C)C(NC(=O)C(CCCNC(=N)N)NC(=O)C(CC(C)C)NC(=O)C(Cc1ccccc1)NC(=O)CNC(=O)CNC(=O)C(N)Cc1ccc(O)cc1)C(=O)NC(CCCNC(=N)N)C(N)=O,9.52
CCC(C)C(NC(=O)C(CCCNC(=N)N)NC(=O)C(CC(C)C)NC(=O)C(Cc1ccccc1)NC(=O)CNC(=O)CNC(=O)C(Cc1ccc(O)cc1)NC(C)=O)C(=O)NC(CCCNC(=N)N)C(N)=O,7.29
CCC(C)C(NC(=O)C(CCCNC(=N)N)NC(=O)C(CC(C)C)NC(=O)C(Cc1ccccc1)NC(=O)CNC(=O)CNC(=O)C(N)Cc1ccc(O)cc1)C(=O)NC(CCCNC(=N)N)C(=O)N1CCCC1C(=O)NC(CCCCN)C(=O)NC(CC(C)C)C(=O)NC(CCCCN)C(=O)O,9.41
CCC(C)C(NC(=O)C(CCCNC(=N)N)NC(=O)C(CC(C)C)NC(=O)C(Cc1ccccc1)NC(=O)C1CCCN1C(=O)CNC(=O)C(N)Cc1ccc(O)cc1)C(=O)NC(CCCNC(=N)N)C(=O)N1CCCC1C(=O)NC(CCCCN)C(N)=O,7.21
CCC(C)C(NC(=O)C(CCCNC(=N)N)NC(=O)C(CC(C)C)NC(=O)C(Cc1ccccc1)NC(=O)CNC(=O)CNC(=O)C(N)Cc1ccc(O)cc1)C(=O)NC(CCCNC(=N)N)C(=O)N1CCCC1C(=O)NC(CCCCN)C(=O)O,9.37
CCC(C)C(NC(=O)C(CCCNC(=N)N)NC(=O)C(CC(C)C)NC(=O)C(Cc1ccccc1)NC(=O)CNC(=O)CNC(=O)C(C)Cc1c(C)cc(O)cc1C)C(=O)NC(CCCNC(=N)N)C(=O)N1CCCC1C(=O)NC(CCCCN)C(N)=O,7.2
CCC(C)C(NC(=O)C(CCCNC(=N)N)NC(=O)C(CC(C)C)NC(=O)C(Cc1ccccc1)NC(=O)CNC(=O)CNC(=O)C(C)Cc1c(C)cc(O)cc1C)C(=O)NC(CCCNC(=N)N)C(N)=O,7.03
CC(=O)NC(Cc1ccc(O)cc1)C(=O)NCC(=O)NCC(=O)NC(Cc1ccccc1)C(=O)NC(CC(C)C)C(=O)NC(CCCNC(=N)N)C(=O)NC(C)C(=O)NC(CCCNC(=N)N)C(=O)N1CCCC1C(=O)NC(CCCCN)C(N)=O,7.01
CC=C1CN2CCC34C(=Nc5ccccc53)C2CC1C4(COC(C)=O)C(=O)OC,6.0
CC=C1CN2C3CC45c6ccccc6NC4(O3)C2CC1C5(COC(C)=O)C(=O)OC,5.62
CC=C1CN2C3CC1C(CO)(C(=O)OC)C2Cc1c3[nH]c2ccccc12,4.85
CC=C1CN2CCC34C(=C(C(=O)OC)C1CC23)Nc1ccccc14,7.1
CNc1cccc(C2CC34CCC2(OC)C2Oc5c(OC)ccc6c5C23CCN(CC2CC2)C4C6)c1,7.21
COc1cccc(CNc2cccc(C3CC45CCC3(OC)C3Oc6c(OC)ccc7c6C34CCN(CC3CC3)C5C7)c2)c1,7.93
COc1ccc2c3c1OC1C4(OC)CCC5(CC4c4cccc(NCc6ccc(Cl)nc6)c4)C(C2)N(CC2CC2)CCC315,8.1
COc1ccc2c3c1OC1C4(OC)CCC5(CC4c4cccc(NC(=O)C6CC6)c4)C(C2)N(CC2CC2)CCC315,6.62
COc1ccc2c3c1OC1C4(OC)CCC5(CC4c4cccc(NCc6ccc(F)cc6)c4)C(C2)N(CC2CC2)CCC315,8.01
COc1ccc(CNc2cccc(C3CC45CCC3(OC)C3Oc6c(O)ccc7c6C34CCN(CC3CC3)C5C7)c2)cc1,10.8
COc1ccc2c3c1OC1C4(OC)CCC5(CC4c4cccc(NCc6ccc(C)cc6)c4)C(C2)N(CC2CC2)CCC315,7.34
COc1ccc2c3c1OC1C4(OC)CCC5(CC4c4cccc(NCC6CCC6)c4)C(C2)N(CC2CC2)CCC315,8.14
COc1ccc2c3c1OC1C4(OC)CCC5(CC4c4cccc(NCc6ccc(OCC7CCC7)cc6)c4)C(C2)N(CC2CC2)CCC315,6.65
COc1ccc(CNc2cccc(C3CC45CCC3(OC)C3Oc6c(OC)ccc7c6C34CCN(CC3CC3)C5C7)c2)cc1,8.15
COc1ccc2c3c1OC1C4(OC)CCC5(CC4c4cccc(NC(=O)c6ccc(C)c(C)c6)c4)C(C2)N(CC2CC2)CCC315,7.43
COc1ccc2c3c1OC1C4(OC)CCC5(CC4c4cccc(NCC(O)COc6cccc7[nH]c8ccccc8c67)c4)C(C2)N(CC2CC2)CCC315,7.03
COc1ccc2c3c1OC1C4(OC)CCC5(CC4c4cccc(NC(=O)c6ccccc6)c4)C(C2)N(CC2CC2)CCC315,7.33
COc1ccc2c3c1OC1C4(OC)CCC5(CC4c4cccc(NCc6ccc(N)cc6)c4)C(C2)N(CC2CC2)CCC315,8.18
COc1ccc2c3c1OC1C4(OC)CCC5(CC4c4cccc(NCc6ccccc6)c4)C(C2)N(CC2CC2)CCC315,6.68
COc1ccc2c3c1OC1C4(OC)CCC5(CC4c4cccc(NCc6ccc(O)cc6)c4)C(C2)N(CC2CC2)CCC315,7.79
COc1ccc2c3c1OC1C4(OC)CCC5(CC4c4cccc(NCc6ccc(OCC7CC7)cc6)c4)C(C2)N(CC2CC2)CCC315,6.7
COc1ccc2c3c1OC1C4(OC)CCC5(CC4c4cccc(N)c4)C(C2)N(CC2CC2)CCC315,7.86
COc1ccc2c3c1OC1C4(OC)CCC5(CC4c4cccc(NCc6ccc(OC(C)=O)cc6)c4)C(C2)N(CC2CC2)CCC315,7.86
COc1ccc2c3c1OC1C4(OC)CCC5(CC4c4cccc(NCc6ccc([N+](=O)[O-])cc6)c4)C(C2)N(CC2CC2)CCC315,7.31
COc1ccc2c3c1OC1C4(OC)CCC5(CC4c4cccc(NCc6ccc(OC(F)(F)F)cc6)c4)C(C2)N(CC2CC2)CCC315,6.37
COc1ccc2c3c1OC1C4(OC)CCC5(CC4c4cccc(NCc6cccc(C)c6)c4)C(C2)N(CC2CC2)CCC315,7.25
COc1ccc(C(=O)Nc2cccc(C3CC45CCC3(OC)C3Oc6c(OC)ccc7c6C34CCN(CC3CC3)C5C7)c2)cc1,6.57
COc1ccc2c3c1OC1C4(OC)CCC5(CC4c4cccc(NCc6ccc(C(F)(F)F)cc6)c4)C(C2)N(CC2CC2)CCC315,7.29
COc1ccc2c3c1OC1C4(OC)CCC5(CC4c4cccc(NCC6CC6)c4)C(C2)N(CC2CC2)CCC315,8.22
O=S(=O)(c1cccc(F)c1)n1ccc2c(N3CCNCC3)nc3ccccc3c21,5.49
CC(C)(C)OC(=O)N1CCCC1CNC1CCC(c2cc(F)ccc2F)(S(=O)(=O)c2ccc(Cl)cc2)CC1,5.48
CCC(CC(=O)O)n1c(=O)c2ncccc2n(Cc2cn(C)c3cc(C)cc(C)c23)c1=O,5.32
CC(=O)Nc1ncc(CN2CCCC(Cc3cc(C)nc(C)c3)C2)s1,6.13
CN1CCN(C(=O)C(C)(C)c2ccc(C(=O)Nc3cn4cc(-c5cc(C(C)(C)C)cc(C(C)(C)C)c5)ccc4n3)cc2)CC1,6.01
O=C(NCCCn1ccnc1)c1cc2nc(-c3ccccc3)cc(-c3ccccc3)n2n1,5.93
CC(=O)Nc1ccc(-c2cc(-c3ccccc3)nc3cc(C(=O)NCCCn4ccnc4)nn23)cc1,6.7
CCC(=O)N(c1ccc(Cl)c(Cl)c1)C1CCN(C(=O)C(Cc2ccc(F)cc2)NC(=O)CNC(=O)C2Cc3ccccc3CN2C(=O)C(N)Cc2cc(C)c(O)c(C)c2)CC1,9.89
CCC(=O)N(c1ccc(Cl)c(Cl)c1)C1CCN(C(=O)C(Cc2ccc(Cl)cc2)NC(=O)CNC(=O)C(C)NC(=O)C(N)Cc2c(C)cc(O)cc2C)CC1,8.24
CCC(=O)N(c1ccc(Cl)c(Cl)c1)C1CCN(C(=O)C(Cc2ccc(Cl)cc2)NC(=O)CNC(=O)C(C)NC(=O)C(N)Cc2ccc(O)cc2)CC1,7.33
CCC(=O)N(c1ccc(Cl)c(Cl)c1)C1CCN(C(=O)C(Cc2ccc(Cl)cc2)NC(=O)C2Cc3ccccc3CN2C(=O)C(N)Cc2cc(C)c(O)c(C)c2)CC1,7.47
CCC(=O)N(c1ccc(Cl)c(Cl)c1)C1CCN(C(=O)C(Cc2ccc(F)cc2)NC(=O)C2Cc3ccccc3CN2C(=O)C(N)Cc2cc(C)c(O)c(C)c2)CC1,7.55
CCCCC(NC(=O)C(N)Cc1c(C)cc(O)cc1C)C(=O)NCC(=O)NC(Cc1ccc(F)cc1)C(=O)N1CCC(N(C(=O)CC)c2ccc(Cl)c(Cl)c2)CC1,8.82
CCCCC(NC(=O)C(N)Cc1ccc(O)cc1)C(=O)NCC(=O)NC(Cc1ccc(F)cc1)C(=O)N1CCC(N(C(=O)CC)c2ccc(Cl)c(Cl)c2)CC1,7.7
CC(=O)NC(Cc1ccccc1)C(=O)NC(Cc1ccccc1)C(=O)NC(Cc1ccccc1)C(=O)NC(CCCNC(=N)N)C(=O)NC(CC(C)C)C(=O)NC(CCCNC(=N)N)C(=O)NC(CCCNC(=N)N)C(=O)NC(C)C(=O)NC(CCCNC(=N)N)C(=O)N1CCCC1C(=O)NC(CCCCN)C(N)=O,8.0
C=CCOc1cccc(CC(NC(=O)C(Cc2ccccc2)NC(C)=O)C(=O)NC(Cc2cccc(OCC=C)c2)C(=O)NC(CCCNC(=N)N)C(=O)NC(CC(C)C)C(=O)NC(CCCNC(=N)N)C(=O)NC(CCCNC(=N)N)C(=O)NC(C)C(=O)NC(CCCNC(=N)N)C(=O)N2CCCC2C(=O)NC(CCCCN)C(N)=O)c1,8.48
CC(=O)NC(Cc1ccccc1)C(=O)NC1Cc2ccc(cc2)OCC=CCOc2cccc(c2)CC(C(=O)NC(CCCNC(=N)N)C(=O)NC(CC(C)C)C(=O)NC(CCCNC(=N)N)C(=O)NC(CCCNC(=N)N)C(=O)NC(C)C(=O)NC(CCCNC(=N)N)C(=O)N2CCCC2C(=O)NC(CCCCN)C(N)=O)NC1=O,7.7
CC(=O)NC(Cc1ccccc1)C(=O)NC1Cc2ccc(cc2)OCC=CCOc2ccc(cc2)CC(C(=O)NC(CCCNC(=N)N)C(=O)NC(CC(C)C)C(=O)NC(CCCNC(=N)N)C(=O)NC(CCCNC(=N)N)C(=O)NC(C)C(=O)NC(CCCNC(=N)N)C(=O)N2CCCC2C(=O)NC(CCCCN)C(N)=O)NC1=O,7.83
CC(=O)NC1Cc2cccc(c2)OCC=CCOc2cccc(c2)CC(C(=O)NC(Cc2ccccc2)C(=O)NC(CCCNC(=N)N)C(=O)NC(CC(C)C)C(=O)NC(CCCNC(=N)N)C(=O)NC(CCCNC(=N)N)C(=O)NC(C)C(=O)NC(CCCNC(=N)N)C(=O)N2CCCC2C(=O)NC(CCCCN)C(N)=O)NC1=O,7.17
C=CCOc1cccc(CC(NC(C)=O)C(=O)NC(Cc2cccc(OCC=C)c2)C(=O)NC(Cc2ccccc2)C(=O)NC(CCCNC(=N)N)C(=O)NC(CC(C)C)C(=O)NC(CCCNC(=N)N)C(=O)NC(CCCNC(=N)N)C(=O)NC(C)C(=O)NC(CCCNC(=N)N)C(=O)N2CCCC2C(=O)NC(CCCCN)C(N)=O)c1,7.18
CC(=O)NC1Cc2cccc(c2)OCC=CCOc2ccc(cc2)CC(C(=O)NC(Cc2ccccc2)C(=O)NC(CCCNC(=N)N)C(=O)NC(CC(C)C)C(=O)NC(CCCNC(=N)N)C(=O)NC(CCCNC(=N)N)C(=O)NC(C)C(=O)NC(CCCNC(=N)N)C(=O)N2CCCC2C(=O)NC(CCCCN)C(N)=O)NC1=O,7.54
CC(=O)NC1Cc2ccc(cc2)OCC=CCOc2cccc(c2)CC(C(=O)NC(Cc2ccccc2)C(=O)NC(CCCNC(=N)N)C(=O)NC(CC(C)C)C(=O)NC(CCCNC(=N)N)C(=O)NC(CCCNC(=N)N)C(=O)NC(C)C(=O)NC(CCCNC(=N)N)C(=O)N2CCCC2C(=O)NC(CCCCN)C(N)=O)NC1=O,7.25
C=CCOc1ccc(CC(NC(=O)C(Cc2cccc(OCC=C)c2)NC(=O)C(Cc2ccccc2)NC(C)=O)C(=O)NC(CCCNC(=N)N)C(=O)NC(CC(C)C)C(=O)NC(CCCNC(=N)N)C(=O)NC(CCCNC(=N)N)C(=O)NC(C)C(=O)NC(CCCNC(=N)N)C(=O)N2CCCC2C(=O)NC(CCCCN)C(N)=O)cc1,7.38
C=CCOc1ccc(CC(NC(C)=O)C(=O)NC(Cc2cccc(OCC=C)c2)C(=O)NC(Cc2ccccc2)C(=O)NC(CCCNC(=N)N)C(=O)NC(CC(C)C)C(=O)NC(CCCNC(=N)N)C(=O)NC(CCCNC(=N)N)C(=O)NC(C)C(=O)NC(CCCNC(=N)N)C(=O)N2CCCC2C(=O)NC(CCCCN)C(N)=O)cc1,7.21
CC(=O)NC1Cc2ccc(cc2)OCC=CCOc2ccc(cc2)CC(C(=O)NC(Cc2ccccc2)C(=O)NC(CCCNC(=N)N)C(=O)NC(CC(C)C)C(=O)NC(CCCNC(=N)N)C(=O)NC(CCCNC(=N)N)C(=O)NC(C)C(=O)NC(CCCNC(=N)N)C(=O)N2CCCC2C(=O)NC(CCCCN)C(N)=O)NC1=O,7.93
C=CCOc1ccc(CC(NC(=O)C(Cc2cccc(OCC=C)c2)NC(C)=O)C(=O)NC(Cc2ccccc2)C(=O)NC(CCCNC(=N)N)C(=O)NC(CC(C)C)C(=O)NC(CCCNC(=N)N)C(=O)NC(CCCNC(=N)N)C(=O)NC(C)C(=O)NC(CCCNC(=N)N)C(=O)N2CCCC2C(=O)NC(CCCCN)C(N)=O)cc1,7.37
C=CCOc1ccc(CC(NC(=O)C(Cc2ccccc2)NC(C)=O)C(=O)NC(Cc2ccc(OCC=C)cc2)C(=O)NC(CCCNC(=N)N)C(=O)NC(CC(C)C)C(=O)NC(CCCNC(=N)N)C(=O)NC(CCCNC(=N)N)C(=O)NC(C)C(=O)NC(CCCNC(=N)N)C(=O)N2CCCC2C(=O)NC(CCCCN)C(N)=O)cc1,7.72
CC(=O)NC(Cc1ccccc1)C(=O)NC1Cc2cccc(c2)OCC=CCOc2cccc(c2)CC(C(=O)NC(CCCNC(=N)N)C(=O)NC(CC(C)C)C(=O)NC(CCCNC(=N)N)C(=O)NC(CCCNC(=N)N)C(=O)NC(C)C(=O)NC(CCCNC(=N)N)C(=O)N2CCCC2C(=O)NC(CCCCN)C(N)=O)NC1=O,7.81
C=CCOc1ccc(CC(NC(=O)C(Cc2ccccc2)NC(C)=O)C(=O)NC(Cc2cccc(OCC=C)c2)C(=O)NC(CCCNC(=N)N)C(=O)NC(CC(C)C)C(=O)NC(CCCNC(=N)N)C(=O)NC(CCCNC(=N)N)C(=O)NC(C)C(=O)NC(CCCNC(=N)N)C(=O)N2CCCC2C(=O)NC(CCCCN)C(N)=O)cc1,7.93
CC(=O)NC(Cc1ccccc1)C(=O)NC1Cc2cccc(c2)OCC=CCOc2ccc(cc2)CC(C(=O)NC(CCCNC(=N)N)C(=O)NC(CC(C)C)C(=O)NC(CCCNC(=N)N)C(=O)NC(CCCNC(=N)N)C(=O)NC(C)C(=O)NC(CCCNC(=N)N)C(=O)N2CCCC2C(=O)NC(CCCCN)C(N)=O)NC1=O,7.41
C=CCOc1ccc(CC(NC(C)=O)C(=O)NC(Cc2ccc(OCC=C)cc2)C(=O)NC(Cc2ccccc2)C(=O)NC(CCCNC(=N)N)C(=O)NC(CC(C)C)C(=O)NC(CCCNC(=N)N)C(=O)NC(CCCNC(=N)N)C(=O)NC(C)C(=O)NC(CCCNC(=N)N)C(=O)N2CCCC2C(=O)NC(CCCCN)C(N)=O)cc1,7.92
CN(CCCNC(=O)c1ccc2ccccc2n1)Cc1ccccc1,5.45
COc1ccc(CN(C)CCCNC(=O)c2ccco2)cc1OC,5.38
CN(CCCNC(=O)c1cc2ccccc2o1)Cc1ccccc1,5.62
C=CC1CN2CCc3c([nH]c4cccc(OC)c34)C2CC1C(=COC)C(=O)OC,5.59
CC(NC(=O)C(N)Cc1ccc(O)cc1)C(=O)NC(Cc1ccccc1)C(=O)NCC(=O)NC(Cc1ccc(O)cc1)C(=O)N1CCCC1C(=O)NC(CO)C(N)=O,5.09
NCCCCC(NC(=O)C(Cc1ccccc1)NC(=O)C(CCCN=C(N)N)NC(=O)C(N)Cc1ccc(O)cc1)C(N)=O,5.37
CN(C(=O)C=Cc1ccoc1)C1CCC2C3Cc4ccc(O)c5c4C2(CN3CC2CC2)C1O5,6.55
CN(C(=O)C=Cc1ccoc1)C1CC=C2C3Cc4ccc(O)c5c4C2(CCN3CC2CC2)C1O5,10.45
CN(C(=O)C=Cc1ccoc1)C1CCC2C3Cc4ccc(O)c5c4C2(CCN3CC2CC2)C1O5,10.57
CN(C(=O)C=Cc1ccoc1)C1CC=C2C3Cc4ccc(O)c5c4C2(CN3CC2CC2)C1O5,5.85
COc1ccc2c3c1OC1C4(OC)CCC5(CC4(C)C(O)c4ccc(Cl)c(Cl)c4)C(C2)N(CC2CC2)CCC315,5.62
COc1ccc2c3c1OC1C4(OC)CCC5(CC4(C)C(O)c4ccc(C)cc4)C(C2)N(CC2CC2)CCC315,7.88
COc1ccc2c3c1OC1C4(OC)CCC5(CC4(C)C(=O)c4ccc(C)cc4)C(C2)N(CC2CC2)CCC315,7.08
COc1ccc2c3c1OC1C4(OC)CCC5(CC4(C)C(=O)c4ccc6ccccc6c4)C(C2)N(CC2CC2)CCC315,7.06
COc1ccc2c3c1OC1C4(OC)CCC5(CC4(C)C(O)c4ccc(C(C)C)cc4)C(C2)N(CC2CC2)CCC315,6.76
COc1ccc2c3c1OC1C4(OC)CCC5(CC4(C)C(=O)c4cc(C)cc(C)c4)C(C2)N(CC2CC2)CCC315,7.1
COc1ccc2c3c1OC1C4(OC)CCC5(CC4(C)C(=O)c4ccc(C(C)C)cc4)C(C2)N(CC2CC2)CCC315,7.48
CN(C(=O)CCc1ccccc1)C1CC23CCN(CC4CC4)C(Cc4ccc(O)cc42)C32CCC1O2,9.48
CN(C(=O)Cc1ccccc1)C1CC23CCN(CC4CC4)C(Cc4ccc(O)cc42)C32CCC1O2,9.56
O=C(CCc1ccccc1)NC1CC23CCN(CC4CC4)C(Cc4ccc(O)cc42)C32CCC1O2,9.71
O=C(NC1CC23CCN(CC4CC4)C(Cc4ccc(O)cc42)C32CCC1O2)c1ccccc1,9.85
O=C(Cc1ccccc1)NC1CC23CCN(CC4CC4)C(Cc4ccc(O)cc42)C32CCC1O2,9.71
CN(C(=O)c1ccccc1)C1CC23CCN(CC4CC4)C(Cc4ccc(O)cc42)C32CCC1O2,9.59
CCOC(=O)C12CC1C(n1ccc3c(NCCc4ccccc4)nc(C#Cc4ccccc4)nc31)C(O)C2O,6.68
O=C(Nc1ccc(Oc2ccc(F)cc2)cc1)N1CCc2ncccc2C1c1ccc(F)cc1,5.5
CN(C)CC1CN(C(=O)Cc2ccc(OC(F)(F)F)cc2)CCC1(O)c1cccc(O)c1,7.03
CN(C)CC1CN(C(=O)Cc2ccccc2)CCC1(O)c1cccc(O)c1,6.77
COc1cccc(C2(O)CCN(C(=O)Cc3cc(C(F)(F)F)cc(C(F)(F)F)c3)CC2CN(C)C)c1,5.35
CN(C)CC1CN(C(=O)Cc2cccc(OC(F)(F)F)c2)CCC1(O)c1cccc(O)c1,7.03
CN(C)CC1CN(C(=O)Cc2ccccc2)CCC1(O)c1ccccc1,5.89
CN(C)CC1CN(C(=O)Cc2ccccc2Cl)CCC1(O)c1cccc(O)c1,6.56
CN(C)CC1CN(C(=O)CCc2ccccc2C(F)(F)F)CCC1(O)c1cccc(O)c1,6.79
COc1cccc(C2(O)CCN(C(=O)Cc3ccc(Cl)c(Cl)c3)CC2CN(C)C)c1,6.54
CN(C)CC1CN(C(=O)CCc2cccc(C(F)(F)F)c2)CCC1(O)c1cccc(O)c1,6.98
Cc1ccc(CC(=O)N2CCC(O)(c3cccc(O)c3)C(CN(C)C)C2)cc1,7.21
COc1cccc(C2(O)CCN(C(=O)C3(c4ccccc4)CCC3)CC2CN(C)C)c1,6.69
Cc1cccc(CC(=O)N2CCC(O)(c3cccc(O)c3)C(CN(C)C)C2)c1,7.13
CN(C)CC1CN(C(=O)Cc2cccc(F)c2)CCC1(O)c1cccc(O)c1,6.77
COc1cccc(C2(O)CCN(C(=O)Cc3cccc(F)c3)CC2CN(C)C)c1,5.63
COc1cccc(C2(O)CCN(C(=O)Cn3ccc4ccccc43)CC2CN(C)C)c1,5.39
CN(C)CC1CN(C(=O)Cc2ccc(F)cc2)CCC1(O)c1cccc(O)c1,7.38
COc1cccc(C2(O)CCN(C(=O)Cc3ccc4ccccc4c3)CC2CN(C)C)c1,5.58
CN(C)CC1CN(CCc2cccc(C(F)(F)F)c2)CCC1(O)c1cccc(O)c1,8.1
CN(C)CC1CN(C(=O)Cc2ccccc2F)CCC1(O)c1cccc(O)c1,6.62
CN(C)CC1CN(C(=O)Cc2cc(F)c(F)cc2F)CCC1(O)c1cccc(O)c1,7.37
CN(C)CC1CN(C(=O)Cc2ccc(Cl)cc2)CCC1(O)c1cccc(O)c1,7.37
COc1cccc(C2(O)CCN(C(=O)Cc3c[nH]c4ccccc34)CC2CN(C)C)c1,5.51
Cc1ccccc1CC(=O)N1CCC(O)(c2cccc(O)c2)C(CN(C)C)C1,6.64
COc1cccc(C2(O)CCN(C(=O)Cc3cccc4ccccc34)CC2CN(C)C)c1,5.77
COc1cccc(C2(O)CCN(C(=O)Cc3cccc(C(F)(F)F)c3)CC2CN(C)C)c1,5.52
CN(C)CC1CN(C(=O)CCc2ccccc2)CCC1(O)c1cccc(O)c1,6.19
CN(C)CC1CN(C(=O)Cc2ccccc2OC(F)(F)F)CCC1(O)c1cccc(O)c1,6.17
COc1cccc(C2(O)CCN(CCc3cccc(C(F)(F)F)c3)CC2CN(C)C)c1,6.17
CCOC(=O)C12CC1C(n1ccc3c(NC)nc(C#Cc4ccc(Cl)s4)nc31)C(O)C2O,7.38
CC=C1CN2CCC34c5cc(O)c(Br)cc5N(C)C35OCC4(C(=O)OC)C1CC25,6.6
CC=C1CN2CCC34c5ccccc5N(CC)C35OCC4(C(=O)OC)C1CC25,5.93
CC=C1CN2CCC34c5ccccc5N(Cc5ccccc5)C35OCC4(C(=O)OC)C1CC25,7.31
CC=C1CN2CCC34c5ccccc5N(CCc5ccccc5)C35OCC4(C(=O)OC)C1CC25,6.24
CC(C)CC(NC(=O)C(CCC(N)=O)NC(=O)C(CCCNC(=N)N)NC(=O)C(CCCNC(=N)N)NC(=O)C1CSSCC(NC(=O)C(N)CC(N)=O)C(=O)N1)C(=O)NC1CSSCC(C(N)=O)NC1=O,7.62
N=C(N)NCCCC(NC(=O)C(CCCNC(=N)N)NC(=O)C1CCCN1C(=O)c1ccccc1)C(=O)NC(CC(N)=O)C(=O)NC(CC1CCCCC1)C(=O)NC1CSSCC(C(N)=O)NC1=O,9.21
CCC(C)C(NC(=O)C(CCC(N)=O)NC(=O)C(CCCNC(N)=O)NC(=O)C(CCCNC(=N)N)NC(=O)C1CSSCC(NC(=O)C(N)CC(N)=O)C(=O)N1)C(=O)NC1CSSCC(C(N)=O)NC1=O,6.41
N=C(N)NCCCC(NC(=O)C(CCCNC(=N)N)NC(=O)C(CCCNC(=N)N)NC(=O)C1CCCN1C(=O)c1ccccc1)C(=O)NC(CC1CCCCC1)C(=O)NC1CSSCC(C(N)=O)NC1=O,9.64
N=C(N)NCCCC(NC(=O)C(CCCNC(=N)N)NC(=O)C1CCCN1C(=O)c1ccccc1)C(=O)NC(CCC(N)=O)C(=O)NC(CC1CCCCC1)C(=O)NC1CSCSCC(C(N)=O)NC1=O,7.8
N=C(N)NCCCC(NC(=O)C(CCCNC(=N)N)NC(=O)C1CCCN1C(=O)c1ccccc1)C(=O)NC(CCC(=O)O)C(=O)NC(CC1CCCCC1)C(=O)NC1CSSCC(C(N)=O)NC1=O,7.71
N=C(N)NCCCC(NC(=O)C1CCC(=O)N1)C(=O)NC(CCCNC(=N)N)C(=O)NC(CCC(N)=O)C(=O)NC(CC1CCCCC1)C(=O)NC1CSSCCC(C(N)=O)NC1=O,5.8
CCC(C)C(NC(=O)C(CCC(N)=O)NC(=O)C(C)NC(=O)C(CCCNC(=N)N)NC(=O)C1CSSCC(NC(=O)C(N)CC(N)=O)C(=O)N1)C(=O)NC1CSSCC(C(N)=O)NC1=O,6.39
N=C(N)NCCCC(NC(=O)C1CSSCC(NC(=O)C(N)CC(N)=O)C(=O)N1)C(=O)NC(CCCNC(=N)N)C(=O)NC(CCC(N)=O)C(=O)NC(Cc1cccc2ccccc12)C(=O)NC1CSSCC(C(N)=O)NC1=O,8.54
CCC(C)C(NC(=O)C(CCC(N)=O)NC(=O)C(CCCNC(=N)N)NC(=O)C(CCCCN)NC(=O)C1CSSCC(NC(=O)C(N)CC(N)=O)C(=O)N1)C(=O)NC1CSSCC(C(N)=O)NC1=O,6.37
COc1ccc(C(=O)N2CCCC2C(=O)NC(CCCNC(=N)N)C(=O)NC(CCCNC(=N)N)C(=O)NC(CCC(N)=O)C(=O)NC(CS)C(=O)NC(CC2CCCCC2)C(=O)NC2CSSCC(C(N)=O)NC2=O)cc1,9.23
N=C(N)NCCCC(NC(=O)C(CCCNC(=N)N)NC(=O)C1CCCN1C(=O)c1ccccc1)C(=O)NC(CCC(N)=O)C(=O)NC(CC1CCCCC1)C(=O)NC1CSSCC(C(N)=O)NC1=O,9.6
N=C(N)NCCCC(NC(=O)C1CCC(=O)N1)C(=O)NC(CCCNC(=N)N)C(=O)NC(CCC(N)=O)C(=O)NC(CC1CCCCC1)C(=O)NC1C[Se]SCC(C(N)=O)NC1=O,8.11
N=C(N)NCCCC(NC(=O)C1CCC(=O)N1)C(=O)NC(CCCNC(=N)N)C(=O)NC(CCC(N)=O)C(=O)NC(CC1CCCCC1)C(=O)NC1CSSCC(C(N)=O)NC1=O,8.41
CCC(C)C(NC(=O)C(CCC(N)=O)NC(=O)C(CCCNC(=N)N)NC(=O)C(N)CCCNC(=N)N)C(=O)NC1CSSCC(C(N)=O)NC1=O,6.57
CCC(C)C1NC(=O)C(CCC(N)=O)NC(=O)C(CCCNC(=N)N)NC(=O)C(CCCNC(=N)N)NC(=O)C2CSSCC(NC1=O)C(=O)NC(C(N)=O)CSSCC(NC(=O)C(N)CC(N)=O)C(=O)N2,6.24
N=C(N)NCCCC(NC(=O)c1cc2ccccc2cc1N)C(=O)NC(CCCNC(=N)N)C(=O)NC(CCC(N)=O)C(=O)NC(CC1CCCCC1)C(=O)NC1CSSCC(C(N)=O)NC1=O,9.19
N=C(N)NCCCC(NC(=O)C(CCCNC(=N)N)NC(=O)C1CCCN1C(=O)c1ccc(Cl)cc1)C(=O)NC(CCC(N)=O)C(=O)NC(CC1CCCCC1)C(=O)NC1CSSCC(C(N)=O)NC1=O,9.89
N=C(N)NCCCC(NC(=O)Cc1cccc(Cl)c1)C(=O)NC(CCCNC(=N)N)C(=O)NC(CCC(N)=O)C(=O)NC(CC1CCCCC1)C(=O)NC1CSSCC(C(N)=O)NC1=O,8.68
CCC(C)C(NC(=O)C(CCC(N)=O)NC(=O)C(CCCNC(=N)N)NC(=O)C(N)CCCNC(=N)N)C(N)=O,4.64
N=C(N)NCCCC(NC(=O)C(CCCNC(=N)N)NC(=O)C1CCCN1C(=O)c1ccccc1)C(=O)NC(CCC(N)=O)C(=O)NC(CC1CCCCC1)C(N)=O,4.65
CN(C(=O)C(CC1CCCCC1)NC(=O)C(CCC(N)=O)NC(=O)C(CCCNC(=N)N)NC(=O)C(CCCNC(=N)N)NC(=O)C1CCCN1C(=O)c1ccccc1)C1CSSCC(C(N)=O)NC1=O,7.82
N=C(N)NCCCC(NC(=O)C(CCCNC(=N)N)NC(=O)C1CCCN1C(=O)c1ccccc1)C(=O)NC(CCC(N)=O)C(=O)NC(CC1CCCCC1)C(=O)N1CCSSCC(C(N)=O)NC(=O)C1,6.7
CC(NC(=O)C(CCC(N)=O)NC(=O)C(CCCNC(=N)N)NC(=O)C(CCCNC(=N)N)NC(=O)C1CSSCC(NC(=O)C(N)CC(N)=O)C(=O)N1)C(=O)NC1CSSCC(C(N)=O)NC1=O,5.61
CCC(C)C(NC(=O)C(CCC(N)=O)NC(=O)C(CCCNC(=N)N)NC(=O)C(CCCNC(=N)N)NC(=O)C1CSSCC(NC(=O)C(N)CC(N)=O)C(=O)N1)C(N)=O,4.83
CC1(C)SSCC(C(N)=O)NC(=O)C1NC(=O)C(CC1CCCCC1)NC(=O)C(CCC(N)=O)NC(=O)C(CCCNC(=N)N)NC(=O)C(CCCNC(=N)N)NC(=O)C1CCC(=O)N1,8.89
CCC(C)C(NC(=O)C(CCC(N)=O)NC(=O)C(CCCNC(=N)N)NC(=O)C(CCCNC(=N)N)NC(=O)C1CSSCC(NC(=O)C(N)Cc2ccc(O)cc2)C(=O)N1)C(=O)NC1CSSCC(C(N)=O)NC1=O,7.39
N=C(N)NCCCC(NC(=O)C1Cc2ccccc2CN1)C(=O)NC(CCCNC(=N)N)C(=O)NC(CCC(N)=O)C(=O)NC(CC1CCCCC1)C(=O)NC1C[Se][Se]CC(C(N)=O)NC1=O,8.62
CCC(C)C(NC(=O)C(CCC(N)=O)NC(=O)C(Cc1c[nH]cn1)NC(=O)C(CCCNC(=N)N)NC(=O)C1CSSCC(NC(=O)C(N)CC(N)=O)C(=O)N1)C(=O)NC1CSSCC(C(N)=O)NC1=O,7.07
N=C(N)NCCCC(NC(=O)C1CCC(=O)N1)C(=O)NC(CCCNC(=N)N)C(=O)NC(CCC(N)=O)C(=O)NC(CC1CCCCC1)C(=O)NC1CCCCN(CC(N)=O)C1=O,4.89
N=C(N)NCCCC(NC(=O)c1cnc2ccccc2c1)C(=O)NC(CCCNC(=N)N)C(=O)NC(CCC(N)=O)C(=O)NC(CC1CCCCC1)C(=O)NC1CSSCC(C(N)=O)NC1=O,9.15
N=C(N)NCCCC(NC(=O)C(CCCNC(=N)N)NC(=O)C1CCCN1C(=O)c1ccccc1)C(=O)NC(CCC(N)=O)C(=O)NC(CC1CCCCC1)C(=O)NC1CC(=O)NCC(C(N)=O)NC1=O,6.63
CCC(C)C(NC(=O)C(CCC(N)=O)NC(=O)C(CCCCN)NC(=O)C(CCCNC(=N)N)NC(=O)C1CSSCC(NC(=O)C(N)CC(N)=O)C(=O)N1)C(=O)NC1CSSCC(C(N)=O)NC1=O,6.68
N=C(N)NCCCC(NC(=O)C(CCCNC(=N)N)NC(=O)C1CCCN1C(=O)c1ccccc1)C(=O)NC(CCCCN)C(=O)NC(CC1CCCCC1)C(=O)NC1CSSCC(C(N)=O)NC1=O,9.23
CCC(C)C(NC(=O)C(CCC(N)=O)NC(=O)C(CCCNC(=N)N)NC(=O)C(CCCNC(=N)N)NC(=O)C1CSSCC(NC(=O)C(N)CC(N)=O)C(=O)N1)C(=O)NC1CSSCC(C(N)=O)NC1=O,7.1
CCC(C)C(NC(=O)C(CCC(N)=O)NC(=O)C(CCCNC(=N)N)NC(=O)C(Cc1c[nH]cn1)NC(=O)C1CSSCC(NC(=O)C(N)CC(N)=O)C(=O)N1)C(=O)NC1CSSCC(C(N)=O)NC1=O,6.86
N=C(N)NCCCC(NC(=O)C(CCCNC(=N)N)NC(=O)C1CCCN1C(=O)c1ccccc1)C(=O)NC(CCC(N)=O)C(=O)NC(CC1CCCCC1)C(=O)NC1CSSC2CC(C(N)=O)N(C2)C1=O,6.68
N=C(N)NCCCC(NC(=O)C(CCCNC(=N)N)NC(=O)C1CCCN1C(=O)c1ccccc1)C(=O)NC(CCC(N)=O)C(=O)NC(CNC1CSSCC(C(N)=O)NC1=O)CC1CCCCC1,6.87
N=C(N)NCCCC(NC(=O)C(CCCNC(=N)N)NC(=O)C1CCCN1C(=O)c1ccccc1)C(=O)NC(Cc1ccccc1)C(=O)NC(CC1CCCCC1)C(=O)NC1CSSCC(C(N)=O)NC1=O,9.23
N=C(N)NCCCC(NC(=O)C(CCCNC(=N)N)NC(=O)C1CCCN1C(=O)c1ccc([N+](=O)[O-])cc1)C(=O)NC(CCC(N)=O)C(=O)NC(CS)C(=O)NC(CC1CCCCC1)C(=O)NC1CSSCC(C(N)=O)NC1=O,8.66
N=C(N)NCCCC(NC(=O)C(CCCNC(=N)N)NC(=O)C1CCCN1C(=O)c1ccccc1)C(=O)NC(CO)C(=O)NC(CC1CCCCC1)C(=O)NC1CSSCC(C(N)=O)NC1=O,9.38
N=C(N)NCCCC(NC(=O)C(CCCNC(=N)N)NC(=O)C1CCCN1C(=O)c1ccccc1)C(=O)NC(CC(=O)O)C(=O)NC(CC1CCCCC1)C(=O)NC1CSSCC(C(N)=O)NC1=O,7.99
N=C(N)NCCCC(NC(=O)C(CCCNC(=N)N)NC(=O)C1CCCN1C(=O)c1ccccc1)C(=O)NC(CC1CCCCC1)C(=O)NC1CSSCC(C(N)=O)NC1=O,7.22
CCC(C)C(NC(=O)C(CCCNC(=N)N)NC(=O)C(CCCNC(=N)N)NC(=O)C(CC(C)C)NC(=O)C(Cc1ccccc1)NC(=O)CNC(=O)CNC(=O)C(N)Cc1ccc(O)cc1)C(=O)NC(CCCNC(=N)N)C(=O)N1CCCC1C(=O)NC(CCCCN)C(=O)NC(CC(C)C)C(=O)NC(CCCCN)C(=O)NC(Cc1c[nH]c2ccccc12)C(=O)NC(CC(=O)O)C(=O)NC(CC(N)=O)C(=O)NC(CCC(N)=O)C(N)=O,9.55
CC(NC(=O)C(CCCNC(=N)N)NC(=O)C(CCCNC(=N)N)NC(=O)C1CCCN1C(=O)c1ccccc1)C(=O)NC(CC1CCCCC1)C(=O)NC1CSSCC(C(N)=O)NC1=O,9.54
N=C(N)NCCCC(NC(=O)C1CCC(=O)N1)C(=O)NC(CCCNC(=N)N)C(=O)NC(CCC(N)=O)C(=O)NC(CC1CCCCC1)C(=O)NC1CCSSCC(C(N)=O)NC1=O,6.11
CC1(C)SSCC(C(N)=O)NC(=O)C1NC(=O)C(CC1CCCCC1)NC(=O)C(CCC(N)=O)NC(=O)C(CCCNC(=N)N)NC(=O)C(CCCNC(=N)N)NC(=O)C1CCCN1C(=O)c1ccccc1,5.94
CCC(C)C(NC(=O)C(CCC(N)=O)NC(=O)C(CCCNC(=N)N)NC(=O)C(CCCNC(=N)N)NC(=O)C1CCC(=O)N1)C(=O)NC1CSSCC(C(N)=O)NC1=O,6.72
N=C(N)NCCCC(NC(=O)C(CCCNC(=N)N)NC(=O)C1CCCN1C(=O)c1ccc(Cl)c(Cl)c1)C(=O)NC(CCC(N)=O)C(=O)NC(CS)C(=O)NC(CC1CCCCC1)C(=O)NC1CSSCC(C(N)=O)NC1=O,9.01
N=C(N)NCCCC(NC(=O)C(CCCNC(=N)N)NC(=O)C1CCCN1C(=O)c1ccccc1)C(=O)NC(CCC(N)=O)C(=O)NC(CC1CCCCC1)C(=O)NC1CSSCC(C(=O)O)NC1=O,5.67
N=C(N)NCCCC(NC(=O)c1cccc(Cl)c1)C(=O)NC(CCCNC(=N)N)C(=O)NC(CCC(N)=O)C(=O)NC(CC1CCCCC1)C(=O)NC1CSSCC(C(N)=O)NC1=O,8.17
N=C(N)NCCCC(NC(=O)C(CCCNC(=N)N)NC(=O)C1CCCN1C(=O)c1ccccc1)C(=O)NCC(=O)NC(CC1CCCCC1)C(=O)NC1CSSCC(C(N)=O)NC1=O,9.8
N=C(N)NCCCC(NC(=O)C1CSSCC(NC(=O)C(N)CC(N)=O)C(=O)N1)C(=O)NC(CCCNC(=N)N)C(=O)NC(CCC(N)=O)C(=O)NC(Cc1ccccc1)C(=O)NC1CSSCC(C(N)=O)NC1=O,7.55
N=C(N)NCCCC(NC(=O)C(CCCNC(=N)N)NC(=O)C1NCCc2ccccc21)C(=O)NC(CCC(N)=O)C(=O)NC(CC1CCCCC1)C(=O)NC1CSSCC(C(N)=O)NC1=O,8.93
CCC(C)C1NC(=O)C(CCC(N)=O)NC(=O)C(CCCNC(=N)N)NC(=O)C(CCCNC(=N)N)NC(=O)C2CSSCC(C(N)=O)NC(=O)C(CSSCC(NC(=O)C(N)CC(N)=O)C(=O)N2)NC1=O,5.83
N=C(N)NCCCC(NC(=O)C(CCCNC(=N)N)NC(=O)C1CCCN1C(=O)c1ccccc1)C(=O)NC(CCC(N)=O)C(=O)NC(C(=O)NC1CSSCC(C(N)=O)NC1=O)C1CCCCC1,9.32
N=C(N)NCCCC(NC(=O)C(CCCNC(=N)N)NC(=O)C1CCCN1C(=O)c1ccc(Cl)cc1)C(=O)NC(CCC(N)=O)C(=O)NC(CC1CCCCC1)C(=O)NC1CSSCC(C(=O)O)NC1=O,6.1
N=C(N)NCCCC(NC(=O)C(CCCNC(=N)N)NC(=O)C1CCCN1C(=O)c1ccccc1)C(=O)NC(CCC(N)=O)C(=O)NC(CC1CCCCC1)C(=O)NC1CSSCCN(CC(N)=O)C1=O,6.33
N=C(N)NCCCC(NC(=O)C1CSSCC(NC(=O)C(N)CC(N)=O)C(=O)N1)C(=O)NC(CCCNC(=N)N)C(=O)NC(CCC(N)=O)C(=O)NC(CC1CCCCC1)C(=O)NC1CSSCC(C(N)=O)NC1=O,8.89
N=C(N)NCCCC(NC(=O)C1CCC(=O)N1)C(=O)NC(CCCNC(=N)N)C(=O)NC(CCC(N)=O)C(=O)NC(CC1CCCCC1)C(=O)NC1CCSSCCC(C(N)=O)NC1=O,6.62
CC(C)C(NC(=O)C(CCC(N)=O)NC(=O)C(CCCNC(=N)N)NC(=O)C(CCCNC(=N)N)NC(=O)C1CSSCC(NC(=O)C(N)CC(N)=O)C(=O)N1)C(=O)NC1CSSCC(C(N)=O)NC1=O,6.18
N=C(N)NCCCC(NC(=O)C(CCCNC(=N)N)NC(=O)C1CCCN1C(=O)c1ccc2ccccc2c1)C(=O)NC(CCC(N)=O)C(=O)NC(CC1CCCCC1)C(=O)NC1CSSCC(C(=O)O)NC1=O,6.64
N=C(N)NCCCC(NC(=O)C(CCCNC(=N)N)NC(=O)C1CCCN1C(=O)c1ccc(O)cc1)C(=O)NC(CCC(N)=O)C(=O)NC(CS)C(=O)NC(CC1CCCCC1)C(=O)NC1CSSCC(C(N)=O)NC1=O,8.92
N=C(N)NCCCC(NC(=O)Cc1ccc(F)cc1)C(=O)NC(CCCNC(=N)N)C(=O)NC(CCC(N)=O)C(=O)NC(CC1CCCCC1)C(=O)NC1CSSCC(C(N)=O)NC1=O,8.92
N=C(N)NCCCC(NC(=O)C(CCCNC(=N)N)NC(=O)C1CCCN1C(=O)c1ccccc1)C(=O)NC(CCC(N)=O)C(=O)NC(CC1CCCCC1)C(=O)N1CC2CC1C(=O)NC(C(N)=O)CSS2,6.11
CCC(C)C(NC(=O)C(C)NC(=O)C(CCCNC(=N)N)NC(=O)C(CCCNC(=N)N)NC(=O)C1CSSCC(NC(=O)C(N)CC(N)=O)C(=O)N1)C(=O)NC1CSSCC(C(N)=O)NC1=O,6.88
CCC(C)C(NC(=O)C(CCC(N)=O)NC(=O)C(CCCNC(=N)N)NC(=O)C(CCCNC(=N)N)NC(=O)C1CSSCC(NC(=O)C2CCC(=O)N2)C(=O)N1)C(=O)NC1CSSCC(C(N)=O)NC1=O,7.17
CCC(C)C(NC(=O)C(CCC(N)=O)NC(=O)C(CCCNC(=N)N)NC(=O)C(CCCNC(N)=O)NC(=O)C1CSSCC(NC(=O)C(N)CC(N)=O)C(=O)N1)C(=O)NC1CSSCC(C(N)=O)NC1=O,6.66
N=C(N)NCCCC(NC(=O)c1cccc(Br)c1)C(=O)NC(CCCNC(=N)N)C(=O)NC(CCC(N)=O)C(=O)NC(CC1CCCCC1)C(=O)NC1CSSCC(C(N)=O)NC1=O,8.28
N=C(N)NCCCC(NC(=O)C(CCCNC(=N)N)NC(=O)C1CCCN1C(=O)c1ccc2ccccc2c1)C(=O)NC(CCC(N)=O)C(=O)NC(CC1CCCCC1)C(=O)NC1CSSCC(C(N)=O)NC1=O,10.15
N=C(N)NCCCC(NC(=O)c1ccc(F)cc1)C(=O)NC(CCCNC(=N)N)C(=O)NC(CCC(N)=O)C(=O)NC(CC1CCCCC1)C(=O)NC1CSSCC(C(N)=O)NC1=O,8.27
N=C(N)NCCCC(NC(=O)C1Cc2ccccc2CN1)C(=O)NC(CCCNC(=N)N)C(=O)NC(CCC(N)=O)C(=O)NC(CC1CCCCC1)C(=O)NC1CSSCC(C(N)=O)NC1=O,9.04
N=C(N)NCCCC(NC(=O)Cc1cccc(Br)c1)C(=O)NC(CCCNC(=N)N)C(=O)NC(CCC(N)=O)C(=O)NC(CC1CCCCC1)C(=O)NC1CSSCC(C(N)=O)NC1=O,8.92
CCC(C)C(NC(=O)C(CCC(N)=O)NC(=O)C(CCCNC(=N)N)NC(=O)C(C)NC(=O)C1CSSCC(NC(=O)C(N)CC(N)=O)C(=O)N1)C(=O)NC1CSSCC(C(N)=O)NC1=O,6.77
COC(=O)C1CC(OC(C)=O)C(=O)C2C1(C)CCC1C(=O)OC(C(=O)Nc3ccccc3)CC12C,6.0
CC1C2Cc3ccccc3C1(C)CCN2CCNc1ccccc1,5.19
CC1C2Cc3ccccc3C1(C)CCN2CCN1CCCC1,5.19
