smiles,pchembl_value
OC(CCCN1CCN(c2ncc(F)cn2)CC1)c1ccc(F)cc1,5.47
CCCNC1CCc2c(cccc2OC)C1,6.94
NCCc1ccc(O)c(O)c1,6.12
CCCN(Cc1ccccc1)C1CCc2c(cccc2OC)C1,7.18
CCCN(Cc1ccc(OC)cc1)C1CCc2c(cccc2OC)C1,7.66
CCCN(Cc1ccco1)C1CCc2c(cccc2OC)C1,6.9
CCCN(Cc1cccs1)C1CCc2c(cccc2OC)C1,6.82
COc1cccc2c1CCC(NCc1ccccc1)C2,6.0
CCCN(Cc1ccc(F)cc1)C1CCc2c(cccc2OC)C1,7.36
CCCN(Cc1ccc([N+](=O)[O-])cc1)C1CCc2c(cccc2OC)C1,7.23
c1cnc(N2CCN(CCCOc3ccc(-c4nc5ccccc5[nH]4)cc3)CC2)nc1,6.57
COc1ccc(N2CCN(CCCOc3ccc(-c4nc5ccccc5[nH]4)cc3)CC2)cc1,6.53
c1ccc(N2CCN(CCCOc3ccc(-c4nc5ccccc5[nH]4)cc3)CC2)nc1,7.16
CCCSc1ccccc1N1CCN(CCCOc2ccc(-c3nc4ccccc4[nH]3)cc2)CC1,8.1
c1ccc(N2CCN(CCCOc3ccc(-c4nc5ccccc5[nH]4)cc3)CC2)cc1,6.39
Clc1ccccc1N1CCN(CCCOc2ccc(-c3nc4ccccc4[nH]3)cc2)CC1,6.9
C1=C(c2nc3ccccc3o2)CCN(Cc2ccccc2)C1,6.62
Clc1cccc(CN2CC=C(c3nc4ccccc4s3)CC2)c1,6.47
Clc1ccc(CN2CC=C(c3nc4cc(Cl)ccc4[nH]3)CC2)cc1,6.48
Clc1ccc2[nH]c(C3=CCN(Cc4ccccc4)CC3)nc2c1,6.23
CC(C)(C)C1(O)CCN2CC3c4ccccc4CCc4cccc(c43)C2C1,9.22
Oc1ccc(CC2NCCc3cc(O)c(O)cc32)cc1,5.41
CN1CCc2cc(O)c(O)cc2C1Cc1ccc(O)c(O)c1,5.72
Oc1ccc2c(c1)CCN2,5.03
c1ccc(N2CCN(CCCCNC3=Nc4ccccc4OC3)CC2)cc1,5.56
c1ccc(N2CCN(CCCCCNC3=Nc4ccccc4OC3)CC2)nc1,6.26
c1cnc(N2CCN(CCCCCNC3=Nc4ccccc4OC3)CC2)nc1,5.59
c1ccc(N2CCN(CCCNC3=Nc4ccccc4OC3)CC2)cc1,5.7
c1ccc(N2CCN(CCCCCNC3=Nc4ccccc4OC3)CC2)cc1,7.03
N#CCCCN(CCCN1CCN(c2ccccc2)CC1)C1CCc2ccc(O)cc2C1,6.21
CCCN(CCN1CCN(c2cccc(Cl)c2Cl)CC1)C1CCc2ccc(O)cc2C1,7.56
C#CCN(CCCCN1CCN(c2ccccc2)CC1)C1CCc2ccc(O)cc2C1,7.17
O=C(NCCCCN(CCCN1CCN(c2ccccc2)CC1)C1CCc2ccc(O)cc2C1)c1ccccc1,6.11
C#CCN(CCN1CCN(c2ccccc2)CC1)C1CCc2ccc(O)cc2C1,6.61
O=C(NCCN(CCCN1CCN(c2ccccc2)CC1)C1CCc2ccc(O)cc2C1)c1ccccc1,6.45
CCCN(CCN1CCN(c2ccccc2)CC1)C1CCc2ccc(O)cc2C1,6.67
C#CCN(CCCCN1CCN(c2cccc(Cl)c2Cl)CC1)C1CCc2ccc(O)cc2C1,8.13
CCCN(CCCCN1CCN(c2cccc(Cl)c2Cl)CC1)C1CCc2ccc(O)cc2C1,8.06
CCCN(CCCCN1CCN(c2ccccc2)CC1)C1CCc2ccc(O)cc2C1,6.94
CCCN(CCC)C1CCC(=C(C#Cc2ccccc2)C#Cc2ccccc2)CC1,5.14
CCCN(CCC)C1CCC(=C(C#C[Si](C)(C)C)C#C[Si](C)(C)C)CC1,4.89
CCCN(CCC)C1CCC(=C(C#N)C#N)CC1,4.82
CCCN(CCC)C1CC=C(C#C[Si](C)(C)C)CC1,6.01
CCCN1COCC2c3cc(O)ccc3OCC21,5.6
O=C(NCCCCN1CCCC2c3ccccc3CCC21)c1ccc(-c2ccccc2)cc1,6.1
CCCN(CCC)C1CCc2cccc(O)c2C1,7.03
CCCN(CCC)C1CCc2ccc3[nH]c(C(N)=O)cc3c2C1,6.67
CCCN(CCCCN1C(=O)CC(C)(C)CC1=O)C1CCc2ccc3[nH]c(C(N)=O)cc3c2C1,7.42
CCCNC1CCc2ccc3[nH]c(C(N)=O)cc3c2C1,6.07
CCOC1(CC)c2cccc3c2-c2c1ccc1c2C(C3)N(C)CC1,7.61
COC1(C)c2cccc3c2-c2c1ccc1c2C(C3)N(C)CC1,8.15
CN1CCc2ccc3c4c2C1Cc1cccc(c1-4)C3O,7.62
CN1CCc2ccc3c4c2C1Cc1cccc(c1-4)C3N,6.58
CN1CCc2ccc3c4c2C1Cc1cccc(c1-4)C3(C)O,7.58
CCc1cccc2c1-c1cccc3c1C(C2)N(C)CC3,7.1
C=Cc1cccc2c1-c1cccc3c1C(C2)N(C)CC3,6.75
Cc1cccc2c1-c1cccc3c1C(C2)N(C)CC3,6.7
CN1CCc2cccc3c2C1Cc1cccc(C#N)c1-3,6.74
COc1cccc2c1-c1cccc3c1C(C2)N(C(C)C)CC3,6.0
CN1CCc2cccc3c2C1Cc1cccc(-c2ccccc2)c1-3,6.63
CN1CCc2cccc3c2C1Cc1cccc(OS(=O)(=O)C(F)(F)F)c1-3,6.71
CCCN1CCc2cccc3c2C1Cc1cccc(O)c1-3,7.9
COc1cccc2c1-c1cccc3c1C(C2)N(C)CC3,6.26
CN1CCc2cccc3c2C1Cc1cccc(O)c1-3,7.23
CN1CCc2cccc3c2C1Cc1ccccc1-3,6.28
c1ccc(C2=NCC(CN3CCN(c4ccccc4)CC3)N2)cc1,4.85
CC1OC(c2ccccc2)=NC1CN1CCN(c2ccccc2)CC1,6.09
COc1ccc(Br)cc1C1=NC(CN2CCN(c3ccccc3)CC2)CO1,6.4
c1ccc(C2=NC(CN3CCN(c4ccccc4)CC3)CO2)cc1,6.16
c1ccc(C2=NC(CN3CCN(c4ccccc4)CC3)CS2)cc1,5.96
COc1ccc(Br)cc1C1=NC(CN2CCN(c3ccccc3)CC2)C(C)O1,5.43
Clc1ccc(CN2CCC(c3cc(-c4ccc(Cl)cc4)on3)CC2)cc1,6.8
Cc1c(C2CCN(CCc3ccccc3)CC2)n[nH]c1-c1ccc(Cl)cc1,6.54
Clc1ccc(CN2CCC(c3cc(-c4ccc(Cl)cc4)[nH]n3)CC2)cc1,6.62
Clc1ccc(-c2cc(C3CCN(CCc4ccccc4)CC3)[nH]n2)cc1,6.28
Clc1ccc(CN2CCC(c3cc(-c4ccc(Cl)cc4)no3)CC2)cc1,6.89
C(=Cc1ccccc1)C1=CCN(CCc2c[nH]c3ncccc23)CC1,6.55
C1=C(c2ccccc2)CCN(CCc2c[nH]c3ncccc23)C1,7.68
Clc1ccc(N2CCN(Cc3c[nH]c4ncccc34)CC2)cc1,6.02
COc1ccc(N2CCN(CCc3c[nH]c4ncccc34)CC2)cc1,6.05
C(=Cc1ccccc1)C1=CCN(CCc2cc3ccc[nH]c-3n2)CC1,5.89
c1ccc(CCC2CCN(Cc3c[nH]c4ncccc34)CC2)cc1,5.96
NC1CCCCC1NC(=O)c1c2c(c3c4c(ncnc14)-c1ccccc1C3=O)NC1CCCCC1N2,5.5
CC1CCN(Cc2c[nH]c3ccccc23)CC1,5.26
c1ccc(N2CCN(Cc3c[nH]c4ccccc34)CC2)cc1,6.92
Clc1ccc(N2CCN(Cc3c[nH]c4ccccc34)CC2)cc1,7.15
c1ccc(C2CCN(Cc3c[nH]c4ccccc34)CC2)cc1,6.96
c1ccc(-c2nc(CN3CCN(c4cccnc4)CC3)c[nH]2)cc1,6.53
c1ccc(-c2nc(CN3CCN(c4ccccn4)CC3)c[nH]2)cc1,5.66
Cc1[nH]c(-c2ccccc2)nc1CN1CCN(c2ncccn2)CC1,5.84
c1ccc(-c2nc(CN3CCN(c4ccccc4)CC3)c[nH]2)cc1,6.59
c1ccc(-c2nc(CN3CCN(c4ncccn4)CC3)c[nH]2)cc1,5.65
Cc1ccc(N2CCN(CCC3NC(=O)c4ccccc43)CC2)cc1C,5.74
Cc1ccc(C2CCN(CCC3NC(=O)c4ccccc43)CC2)cc1C,5.92
CCCN(C(C)C)C1CCc2c(F)cccc2C1,5.33
CCCNC1CCc2c(F)cccc2C1,6.24
CCCCN(CCC)C1CCc2c(F)cccc2C1,6.68
NC1CCc2c(F)cccc2C1,6.06
Oc1nc2c(OCCNCc3ccccc3)cccc2[nH]1,8.41
Oc1nc2c(OCCNCc3ccccc3)cc(Cl)cc2[nH]1,8.59
Cc1nc2c(OCCNCc3ccccc3)cccc2[nH]1,7.82
c1ccc(CNCCOc2cccc3[nH]ncc23)cc1,7.1
c1ccc(CNCCOc2cccc3[nH]cnc23)cc1,7.07
c1ccc(CNCCOc2cccc3[nH]ccc23)cc1,7.09
Sc1nc2c(OCCNCc3ccccc3)cccc2[nH]1,8.52
O=C1Cc2c(cccc2OCCNCc2ccccc2)N1,8.37
Sc1nc2c(OCCNCc3ccccc3)cc(Cl)cc2[nH]1,8.19
COc1cc2ccccc2cc1CC(=O)CC1CCN(Cc2ccccc2)CC1,5.9
COc1cc2ccccc2cc1C(=O)OCC1CCN(Cc2ccccc2)CC1,5.5
O=C(OCC1CCN(Cc2ccccc2)CC1)c1ccc(Cl)cc1,5.7
COc1cc2ccccc2cc1C(=O)OCC1CCN(Cc2ccccc2)C1,5.0
COc1cc2ccccc2cc1C(=O)NCC1CCN(Cc2ccccc2)CC1,6.9
COc1cc2ccccc2cc1COCC1CCN(Cc2ccccc2)CC1,6.0
COc1cc2ccccc2cc1C(=O)NC1CCN(Cc2ccccc2)C1,7.4
CS(=O)(=O)Oc1ccc2c(c1)CN(CCC1CCC(NC(=O)C=Cc3ccc(F)cc3)CC1)C2,6.3
O=C(C=Cc1ccc(F)cc1)NC1CCC(CCN2Cc3ccc(Br)cc3C2)CC1,7.0
N#Cc1ccc2c(c1)CN(CCC1CCC(NC(=O)C=Cc3ccc(F)cc3)CC1)C2,6.2
N#Cc1ccc2c(c1)CN(CCC1CCC(NC(=O)c3ccnc4ccccc34)CC1)C2,5.6
N#Cc1ccc2c(c1)CN(CCC1CCC(NC(=O)c3cc4ccccc4[nH]3)CC1)C2,5.6
CCCN(CCCCNC(=O)c1ccc(-c2ccccc2)cc1)C1CCc2ccccc2C1,6.5
CCCN(CCCCNC(=O)c1ccc(-c2ccccc2)cc1)C1CCc2c(cccc2OS(=O)(=O)C(F)(F)F)C1,6.4
CCCN(CCCCNC(=O)c1ccc(-c2ccccc2)cc1)C1CCc2c(Cl)cccc2C1,6.4
CN(CCCCNC(=O)c1ccc(-c2ccccc2)cc1)C1CCc2c(O)cccc2C1,6.9
CCCN(CCCCNC(=O)c1ccc(-c2ccccc2)cc1)C1CCc2c(cccc2OC)C1,6.9
CCCN(CCCCNC(=O)c1ccc(-c2ccccc2)cc1)C1CCc2c(C#N)cccc2C1,7.0
CCCN(CCCCNC(=O)c1ccc(-c2ccccc2)cc1)C1CCc2c(cccc2OS(C)(=O)=O)C1,6.6
CCCN(CCCCNC(=O)c1ccc(-c2ccccc2)cc1)C1CCc2c(cccc2OCC2CC2)C1,6.1
CCCN(CCCCNC(=O)c1ccc(-c2ccccc2)cc1)C1CCc2c(Br)cccc2C1,6.6
CCCN(CCCCNC(=O)c1ccc(-c2ccccc2)cc1)C1CCc2c(cccc2C(N)=O)C1,6.2
CNC1Cc2cccc3[nH]c(=O)n(c23)C1,8.05
CC(C)CC1C(=O)N2CCCC2C2(O)OC(NC(=O)C3C=C4c5cccc6[nH]c(Br)c(c56)CC4N(C)C3)(C(C)C)C(=O)N12,8.0
CCCN(CCC)CCc1cccc2c1CC(=O)N2,8.14
CN(C)C1Cc2cccc3ncn(c23)C1,5.89
CNC1Cc2cccc3ncn(c23)C1,6.45
CCCN1CC(CSC)CC2c3cccc4[nH]cc(c34)CC21,8.4
CN(C)C1Cc2cccc3nc(O)n(c23)C1,7.92
CCCNC1Cc2cccc3nc(O)n(c23)C1,8.6
CCN(CC)C(=O)NC1C=C2c3cccc4[nH]cc(c34)CC2N(C)C1,9.3
N#Cc1ccc2[nH]c(CN3CCN(c4ccccc4Cl)CC3)cc2c1,5.64
N#Cc1ccc2[nH]c(CN3CCN(c4ccccc4)CC3)cc2c1,5.51
N#Cc1ccc2cc(CN3CCN(c4ccccc4)CC3)[nH]c2c1,5.25
N#Cc1ccc2[nH]c(CN3CCN(c4ccc(Cl)cc4)CC3)cc2c1,5.1
N#Cc1ccc2[nH]cc(CN3CCN(c4ccccc4Cl)CC3)c2c1,5.85
N#Cc1ccc2cc(CN3CCN(c4ccccc4Cl)CC3)[nH]c2c1,6.3
N#Cc1ccc2[nH]c(CN3CCN(c4ccc(Cl)c(Cl)c4)CC3)cc2c1,4.37
C=CCN1CCC2Cc3c(O)cccc3CC21,9.52
CCCN1CCC2Cc3c(O)cccc3CC21,9.3
CCCN1C(C)CC2Cc3cccc(OC)c3CC21,6.33
CCCN1CCC2Cc3c(cccc3OC)CC21,7.12
O=C(O)c1cc2c3c(ccc2[nH]1)OCC(CN1CCC2(CC1)C(=O)NCN2c1ccccc1)O3,7.24
O=C1NCN(c2ccccc2)C12CCN(CC1COc3ccc4[nH]c(CO)cc4c3O1)CC2,8.7
COC(=O)c1cc2c3c(ccc2[nH]1)OCC(CN1CCC(n2c(O)nc4ccccc42)CC1)O3,8.17
CCCCOC(=O)c1cc2c3c(ccc2[nH]1)OCC(CN1CCC2(CC1)C(=O)NCN2c1ccccc1)O3,8.24
O=C(NCCCc1ccccc1)c1cc2c3c(ccc2[nH]1)OCC(CNCCCc1ccccc1)O3,7.39
N#Cc1cc2c3c(ccc2[nH]1)OCC(CN1CCC2(CC1)C(=O)NCN2c1ccccc1)O3,8.82
COC(=O)c1cc2c3c(ccc2[nH]1)OCC(CNCCCc1ccccc1)O3,7.8
N#Cc1ccc2c(c1)CCN(CCC1CCC(NC(=O)c3cccc4ccccc34)CC1)C2,6.4
N#Cc1ccc2c(c1)CCN(CCC1CCC(NC(=O)C=Cc3ccc(F)cc3)CC1)C2,6.7
N#Cc1ccc2c(c1)CN(CCCCNC(=O)C=Cc1c[nH]c3ccccc13)CC2,6.1
N#Cc1ccc2c(c1)CN(CCC1CCC(NC(=O)c3cc4ccccc4[nH]3)CC1)CC2,7.0
O=C(C=Cc1c[nH]c2ccccc12)NCCCCN1CCc2ccc(OS(=O)(=O)C(F)(F)F)cc2C1,6.2
N#Cc1ccc2c(c1)CCN(CCC1CCC(NC(=O)C=Cc3ccccc3)CC1)C2,6.7
N#Cc1ccc2c(c1)CN(CCC1CCC(NC(=O)C=Cc3c[nH]c4ccccc34)CC1)CC2,6.9
N#Cc1ccc2c(c1)CCN(CCC1CCC(NC(=O)c3ccc4ccccc4c3)CC1)C2,5.8
CS(=O)(=O)c1cccc(C=CC(=O)NC2CCC(CCN3CCc4cc(C#N)ccc4C3)CC2)c1,6.5
N#Cc1ccc2c(c1)CN(CCC1CCC(NC(=O)C=Cc3ccccc3)CC1)CC2,6.8
N#Cc1ccc2c(c1)CCN(CCC1CCC(NC(=O)c3cc4ccccc4[nH]3)CC1)C2,6.1
c1ccc(CN2CCC(n3ccc(-c4cnco4)c3)CC2)cc1,5.47
C#Cc1cccn1C1CCN(Cc2ccccc2)CC1,5.18
c1ccc(CN2CCC(n3cccc3)CC2)cc1,5.07
Ic1cccn1C1CCN(Cc2ccccc2)CC1,5.07
c1ccc(CN2CCC(n3cccc3-c3cnco3)CC2)cc1,6.21
O=Cc1ccn(C2CCN(Cc3ccccc3)CC2)c1,4.31
O=Cc1cccn1C1CCN(Cc2ccccc2)CC1,5.85
C(#Cc1cccn1C1CCN(Cc2ccccc2)CC1)c1ccccc1,5.0
N#CC(C#N)=Cc1cccn1C1CCN(Cc2ccccc2)CC1,4.96
COc1cccc(OC)c1-c1cccc2c1-c1cccc3c1C(C2)N(C)CC3,5.69
Cc1cccc(O)c1-c1cccc2c1-c1cccc3c1C(C2)N(C)CC3,5.6
O=C1Nc2cccc3c2C1(CCCCN1CC=C(c2ccccc2)CC1)CCC3,6.98
CN1CCc2cccc3c2C1Cc1cccc(-c2c(OS(=O)(=O)C(F)(F)F)cccc2OS(=O)(=O)C(F)(F)F)c1-3,5.65
Cc1cccc(C#N)c1-c1cccc2c1-c1cccc3c1C(C2)N(C)CC3,6.3
Cc1cccc(S(=O)(=O)N(C)C(C)CCN2CCC(C)CC2)c1,5.4
CC1CCN(CCC2CCCN2S(=O)(=O)c2cccc(O)c2)CC1,6.5
c1c2c(cc3c1CCC1C3OCCN1CC1CC1)OCC2,5.6
CCCN1CCOC2c3cc4c(cc3OCC21)CCO4,4.9
CCCN1CCCC2c3cc4c(cc3CCC21)CCO4,6.3
CCCN(CCC)C1CCc2cc3c(cc2C1)OCC3,6.6
CC(C)CN1CCOC2c3cc4c(cc3CCC21)CCO4,5.3
CN1CCOC2c3cc4c(cc3CCC21)CCO4,6.4
c1c2c(cc3c1CCC1NCCOC31)OCC2,6.0
COc1ccccc1N1CCN(CCN2C(=O)CC3(CCCC3)CC2=O)CC1,7.85
CC(CN1CCN(c2cc(F)c(F)cc2F)CC1)N1C(=O)CC2(CCCC2)CC1=O,6.24
O=C1CC2(CCCC2)CC(=O)N1CCN1CCN(c2cc(F)ccc2F)CC1,6.92
O=C1CC2(CCCC2)CC(=O)N1CCN1CCN(c2ccccc2F)CC1,6.85
O=C(NCCCCN1CCN(c2cccc(Cl)c2Cl)CC1)c1cc2cc(I)ccc2s1,6.85
COc1ccccc1N1CCN(CCCCNC(=O)c2cc3cc(I)ccc3o2)CC1,7.57
O=C(NCCCCN1CCN(c2cccc(Cl)c2Cl)CC1)c1ccc(I)s1,7.5
COc1ccccc1N1CCN(CCCCNC(=O)c2ccc(I)s2)CC1,7.46
O=C(NCCCCN1CCN(c2cccc(Cl)c2Cl)CC1)c1cc2cc(I)ccc2o1,6.37
O=C(NCCCCN1CCN(c2cccc(Cl)c2Cl)CC1)c1cc2ccccc2s1,5.58
COc1ccccc1N1CCN(CCCCNC(=O)c2cc3cc(I)ccc3s2)CC1,9.0
O=C(NCC=CCN1CCN(c2cccc(Cl)c2Cl)CC1)c1cccc2c1-c1ccccc1C2,7.2
O=C(NCCCCN1CCN(c2cccc(Cl)c2Cl)CC1)c1cc2ccccc2o1,7.35
O=C(NCCCCN1CCN(c2cccc(Cl)c2Cl)CC1)c1ccc2c(c1)Cc1ccccc1-2,6.95
O=C(NCC=CCN1CCN(c2cccc(Cl)c2Cl)CC1)c1ccc(O)cc1,7.86
COc1ccc(C(=O)NCC=CCN2CCN(c3cccc(Cl)c3Cl)CC2)cc1,7.52
O=C(NCCCCN1CCN(c2cccc(Cl)c2Cl)CC1)c1ccc(-c2ccccn2)cc1,7.61
O=C(NCCCCN1CCN(c2cccc(Cl)c2Cl)CC1)c1cccc2c1-c1ccccc1C2=O,7.15
O=C(NCC=CCN1CCN(c2cccc(Cl)c2Cl)CC1)c1cc2ccccc2o1,7.12
O=C(NCC=CCN1CCN(c2cccc(Cl)c2Cl)CC1)c1ccccc1,8.6
O=C(NCC=CCN1CCN(c2cccc(Cl)c2Cl)CC1)c1ccc2c(c1)Cc1ccccc1-2,6.78
O=C(NCC=CCN1CCN(c2cccc(Cl)c2Cl)CC1)c1ccc([N+](=O)[O-])cc1,7.71
O=C(NCC=CCN1CCN(c2cccc(Cl)c2Cl)CC1)c1ccc(I)cc1,7.45
O=C(NCC=CCN1CCN(c2cccc(Cl)c2Cl)CC1)c1ccc(-c2ccccn2)cc1,7.03
O=C(NCCCCN1CCN(c2cccc(Cl)c2Cl)CC1)c1ccc(I)cc1,7.41
O=C(NCCCCN1CCN(c2cccc(Cl)c2Cl)CC1)c1cnc2ccccc2n1,7.53
O=C(NCC=CCN1CCN(c2cccc(Cl)c2Cl)CC1)c1cc2ccccc2s1,6.83
COc1ccccc1N1CCN(CCCCNC(=O)c2ccc3ccccc3c2)CC1,6.66
CN1CCN2c3ccccc3Cc3ccccc3C2C1,5.66
Cc1cc2c(s1)Nc1ccccc1N=C2N1CCN(C)CC1,7.11
Cc1nc2n(c(=O)c1CCN1CCC(c3noc4cc(F)ccc34)CC1)CCCC2,8.19
CN(C)CC1CC2c3ccccc3Oc3ccc(F)cc3C2O1,7.5
CN(C)CC1CC2c3ccccc3Sc3ccc(F)cc3C2O1,8.77
CCCN(CCC)C1CCn2c(C=O)ccc2C1,7.39
CCCN1CCCC2Cc3[nH]ncc3CC21,7.46
CCCN(CCC)C1CCn2c(C#N)ccc2C1,6.89
CCCNC1CCc2nc(N)sc2C1,7.68
O=S(=O)(c1cccc(F)c1)C1(F)CCN(CCc2ccc(F)cc2F)CC1,6.1
O=S(=O)(c1ccccc1F)C1(F)CCN(CCc2ccc(F)cc2F)CC1,6.58
COc1cccc(C(O)C2CCN(CCc3ccc(F)cc3)CC2)c1OC,5.89
CCCN(CCC)C1CCc2c(cccc2-c2c(OC)cccc2OC)C1,5.92
COc1cccc(OC)c1-c1cccc2c1CCC(N(C)C)C2,6.62
c1ccc(OCCCNCCOc2ccccc2)cc1,6.6
Cc1ccc(OCCNCCCOc2ccc(F)cc2)cc1,6.41
Fc1ccc(OCCCNCCOc2ccc(Cl)cc2)cc1,6.61
O=[N+]([O-])c1ccc(OCCNCCCOc2ccccc2)cc1,5.85
Cc1ccc(OCCNCCCOc2cccc(C)c2)cc1,6.53
Clc1ccccc1OCCNCCCOc1ccccc1,6.95
Cc1ccc(OCCNCCCOc2ccccc2)cc1Cl,6.52
Clc1ccc(OCCNCCCOc2ccccc2)cc1,6.64
Cc1ccc(OCCCNCCOc2ccccc2)cc1,7.19
Oc1ccc(OCCNCCCOc2ccccc2)cc1,6.25
Cc1ccc(OCCNCCCOc2ccccc2)cc1C,6.84
COc1ccc(OCCNCCCOc2ccccc2)cc1,5.71
Cc1ccc(OCCNCCCOc2ccccc2)cc1,6.57
Cc1ccccc1OCCNCCCOc1ccccc1,7.7
Cc1ccc(OCCNCCCOc2ccccc2C)cc1,6.53
Cc1ccc(OCCNCCCOc2ccc(Br)cc2)cc1,5.24
Clc1cccc(OCCNCCCOc2ccccc2)c1,7.66
Cc1ccc(OCCCNCCOc2ccc(C)cc2)cc1,6.56
CCN(CC)CCOc1ccccc1Cc1ccccc1,5.69
CN(C)CCOc1ccccc1Cc1ccccc1,5.56
c1ccc(Cc2ccccc2OCCN2CCN(c3ccccc3)CC2)cc1,5.38
c1ccc(Cc2ccccc2OCCCN2CCCC2)cc1,6.0
COc1ccccc1C(=O)NCC=CCN1CCN(c2cccc(Cl)c2Cl)CC1,8.43
Nc1cccc(C(=O)NCC=CCN2CCN(c3cccc(Cl)c3Cl)CC2)c1,7.54
O=C(NCC=CCN1CCN(c2cccc(Cl)c2Cl)CC1)c1cccc(I)c1,7.55
O=C(NCC=CCN1CCN(c2cccc(Cl)c2Cl)CC1)c1ccc(-c2ncc[nH]2)cc1,8.1
O=C(NCC=CCN1CCN(c2cccc(Cl)c2Cl)CC1)c1ccc(-c2ccncc2)cc1,7.36
O=C(NCC=CCN1CCN(c2cccc(Cl)c2Cl)CC1)c1ccncc1,7.51
COc1cccc(C(=O)NCC=CCN2CCN(c3cccc(Cl)c3Cl)CC2)c1,7.41
O=C(NCC=CCN1CCN(c2cccc(Cl)c2Cl)CC1)c1ccc(-c2ncccn2)cc1,7.34
O=C(NCC=CCN1CCN(c2cccc(Cl)c2Cl)CC1)c1ccccc1[N+](=O)[O-],8.13
O=C(NCC=CCN1CCN(c2cccc(Cl)c2Cl)CC1)c1ccccc1O,8.18
O=C(NCC=CCN1CCN(c2cccc(Cl)c2Cl)CC1)c1cnc2ccccc2n1,7.18
O=C(NCC=CCN1CCN(c2cccc(Cl)c2Cl)CC1)c1ccc(F)cc1,8.21
O=C(NCC=CCN1CCN(c2cccc(Cl)c2Cl)CC1)c1ccccn1,7.77
O=C(NCC=CCN1CCN(c2cccc(Cl)c2Cl)CC1)c1ccccc1F,8.0
O=C(NCC=CCN1CCN(c2cccc(Cl)c2Cl)CC1)c1ccc(Cl)cc1,7.76
O=C(NCC=CCN1CCN(c2cccc(Cl)c2Cl)CC1)c1cccc(Cl)c1,7.82
Nc1ccccc1C(=O)NCC=CCN1CCN(c2cccc(Cl)c2Cl)CC1,7.74
O=C(NCCCCN1CCN(c2cccc(Cl)c2Cl)CC1)c1ccc(-c2cccnc2)cc1,7.74
O=C(NCC=CCN1CCN(c2cccc(Cl)c2Cl)CC1)c1cccc(F)c1,8.06
O=C(NCC=CCN1CCN(c2cccc(Cl)c2Cl)CC1)c1ccccc1Cl,7.99
O=C(NCC=CCN1CCN(c2cccc(Cl)c2Cl)CC1)c1cccc([N+](=O)[O-])c1,7.66
O=C(NCC=CCN1CCN(c2cccc(Cl)c2Cl)CC1)c1ccccc1I,7.97
O=C(NCC=CCN1CCN(c2cccc(Cl)c2Cl)CC1)c1cccnc1,7.71
COc1ccccc1N1CCN(CCNC(=O)c2cnn3ccccc23)CC1,6.54
O=C(CCCN1CCC2(CC1)C(=O)NCN2c1ccccc1)c1ccc(F)cc1,9.92
CCN1CCCC1CNC(=O)c1cc(S(N)(=O)=O)ccc1OC,6.92
Clc1ccc(N2CCN(Cc3cc4ccccn4n3)CC2)cc1,5.47
COc1ccccc1N1CCN(CCCCNC(=O)c2cc3ccccc3o2)CC1,6.96
Clc1ccc(N2CCN(Cc3cccc4ccnn34)CC2)cc1,4.51
O=Cc1ccc(-c2ccc(C(=O)NC3CCN(Cc4ccccc4)C3)cc2)cc1,5.43
CSc1ccc(-c2ccc(C(=O)NC3CCN(Cc4ccccc4)C3)cc2)cc1,5.4
O=C(NC1CCN(Cc2ccccc2)C1)c1ccc(-c2cccc(F)c2)cc1,5.4
O=C(NC1CCN(Cc2ccccc2)C1)c1ccc(-c2ccc(F)cc2)cc1,6.92
O=Cc1ccccc1-c1ccc(C(=O)NC2CCN(Cc3ccccc3)C2)cc1,5.51
O=C(NC1CCN(Cc2ccccc2)C1)c1ccc(-c2ccc(Cl)cc2)cc1,5.58
O=C(NC1CCN(Cc2ccccc2)C1)c1cccc(-c2ccccc2)c1,6.82
O=C(NC1CCN(Cc2ccccc2)C1)c1cccc(-c2cccs2)c1,7.22
Nc1cccc(-c2ccc(C(=O)NC3CCN(Cc4ccccc4)C3)cc2)c1,5.3
O=C(NC1CCN(Cc2ccccc2)C1)c1ccc(-c2ccc(C(F)(F)F)cc2)cc1,5.1
O=C(NC1CCN(Cc2ccccc2)C1)c1ccc(-c2cccs2)cc1,6.08
O=C(NC1CCN(Cc2ccccc2)C1)c1ccc(-c2ccsc2)cc1,6.05
O=C(NC1CCN(Cc2ccccc2)C1)c1cccc(-c2ccsc2)c1,7.16
CCN1CCN(c2cc(-c3ccc(F)cc3)c3c(n2)CCCC(O)CC3)CC1,8.21
CCN1CCN(c2cc(-c3ccc(F)cc3)c3c(n2)CCC(O)CCC3)CC1,8.44
CCN1CCN(c2cc(-c3ccc(F)cc3)c3c(n2)CCCCCC3)CC1,9.85
CN(C)CCN(Cc1ccc(-c2ccc(CNCCc3ccccc3)cc2)cc1)C(=O)C=Cc1ccccc1,6.1
CN(C)CCN(Cc1ccc(-c2ccc(CNCCc3ccccc3)cc2)cc1)C(=O)CCC1CCCC1,5.9
O=C(C=Cc1ccccc1)N(Cc1ccc(-c2ccc(CNCCc3ccccc3)cc2)cc1)Cc1cccnc1,5.9
CC(C)(C)c1nc(N2CCN(CCCCN3C(=O)CC(=O)c4ccccc43)CC2)cc(C(F)(F)F)n1,6.85
CC(C)(C)c1nc(N2CCN(CC=CCN3C(=O)CCc4ccccc43)CC2)cc(C(F)(F)F)n1,6.59
CC(C)(C)c1nc(N2CCN(CCCCN3C(=O)CCCc4c(O)cccc43)CC2)cc(C(F)(F)F)n1,7.03
CC(C)(C)c1nc(N2CCN(CCCCn3c(=O)ccc4ccccc43)CC2)cc(C(F)(F)F)n1,6.82
CC(C)(C)c1nc(N2CCN(CCCCN3CCC(=O)CCC3=O)CC2)cc(C(F)(F)F)n1,7.19
COc1cccc2c1CCCC(=O)N2CCCCN1CCN(c2cc(C(F)(F)F)nc(C(C)(C)C)n2)CC1,6.61
CC(C)(C)c1nc(N2CCN(CCCCN3C(=O)CCCc4ccccc43)CC2)cc(C(F)(F)F)n1,6.93
CC(=CCN1CCN(c2cc(C(F)(F)F)nc(C(C)(C)C)n2)CC1)CN1C(=O)CCc2ccccc21,6.17
COc1cc2c(cc1OC)N(CCCCN1CCN(c3cc(C(F)(F)F)nc(C(C)(C)C)n3)CC1)C(=O)CCC2=O,6.33
CC(C)(C)c1nc(N2CCN(CCCCN3C(=O)CCSc4ccccc43)CC2)cc(C(F)(F)F)n1,7.08
CC(CCN1CCN(c2cc(C(F)(F)F)nc(C(C)(C)C)n2)CC1)CN1C(=O)CCc2ccccc21,6.58
CC(C)(C)c1nc(N2CCN(CCCCN3C(=O)CCC(=O)c4ccccc43)CC2)cc(C(F)(F)F)n1,6.61
CC(C)(C)c1nc(N2CCN(CCCCN3C(=O)COc4ccccc43)CC2)cc(C(F)(F)F)n1,6.45
CC(CCCN1C(=O)CCc2ccccc21)N1CCN(c2cc(C(F)(F)F)nc(C(C)(C)C)n2)CC1,6.54
CN1CCc2ccccc2Cc2ccccc2CC1,8.07
CN1CCc2ccccc2Cc2cc(O)c(O)cc2CC1,7.18
CN1CCc2ccccc2Cc2ccsc2CC1,7.04
CN1CCc2ccccc2Cc2ccn(C)c2CC1,6.58
Cc1ccc(CN2CCC(NC(=O)c3cccc(-c4cccs4)c3)C2)cc1,7.22
O=C(NC1CCN(Cc2ccccc2F)C1)c1ccc(-c2cccs2)cc1,4.42
O=C(NC1CCN(Cc2ccc(F)cc2)C1)c1ccc(-c2cccs2)cc1,5.82
O=C(NC1CCN(Cc2ccc(F)c(F)c2)C1)c1ccc(-c2cccs2)cc1,4.75
O=C(NC1CCN(Cc2ccc(OC(F)(F)F)cc2)C1)c1cccc(-c2cccs2)c1,6.3
O=C(NC1CCN(Cc2ccc(Cl)c(Cl)c2)C1)c1ccc(-c2cccs2)cc1,4.54
O=C(NC1CCN(Cc2ccc(Cl)cc2)C1)c1cccc(-c2cccs2)c1,6.64
COc1cccc(CN2CCC(NC(=O)c3ccc(-c4cccs4)cc3)C2)c1,5.35
COc1ccccc1N1CCN(CCCCNC(=O)c2cc3c4ccc(c3o2)CCc2ccc(cc2)CC4)CC1,7.08
O=C(NCCCCN1CCN(c2cccc(Cl)c2Cl)CC1)c1cc2ccc1CCc1ccc(cc1)CC2,6.85
COc1ccccc1N1CCN(CCCCNC(=O)c2cc3ccc2CCc2ccc(cc2)CC3)CC1,8.25
O=C(NCCCCN1CCN(c2cccc(F)c2F)CC1)c1cc2ccc1CCc1ccc(cc1)CC2,7.46
COc1c(Cl)cccc1N1CCN(CCCCNC(=O)c2cc3ccc2CCc2ccc(cc2)CC3)CC1,7.55
COc1cccc(N2CCN(CCCCn3ncc(=O)n(C)c3=O)CC2)c1,5.59
CN1CCc2ccccc2Cc2c(O)cccc2CC1,8.1
COc1ccc2c(c1)CCN(C)CCc1ccccc1C2,9.26
COc1ccc2c(c1)CCN(C)CCc1cc(OC)ccc1C2,9.21
CN1CCc2ccccc2Cc2cc(O)ccc2CC1,7.72
COc1cccc2c1Cc1ccccc1CCN(C)CC2,7.4
CN1CCc2ccccc2Cc2[nH]c3ccccc3c2CC1,7.72
COc1c(Cl)cc2c(c1Cl)Cc1ccccc1CCN(C)CC2,8.6
CN1CCc2ccccc2Cc2cc(O)c(Cl)cc2CC1,8.32
CN1CCc2ccccc2Cc2cc(Cl)c(O)c(Cl)c2CC1,7.43
CN1CCc2ccccc2Cc2c(ccc(O)c2Cl)CC1,9.89
CN1CCc2ccccc2Cc2cc(N)c(O)cc2CC1,7.58
CN1CCc2cc(O)ccc2Cc2ccc(O)cc2CC1,7.72
CN1CCc2ccccc2Cc2ccc(O)c(Cl)c2CC1,8.21
COc1ccc2c(c1)Cc1ccccc1CCN(C)CC2,7.68
COc1ccccc1N1CCN(CCCCNC(=O)c2cc3cccc(OC)c3o2)CC1,6.43
COc1cccc2cc(C(=O)NCCCCN3CCN(c4cccc(Cl)c4Cl)CC3)oc12,6.43
COc1ccccc1N1CCN(CCCCNC(=O)c2cc3ccccc3oc2=O)CC1,6.84
COc1ccccc1N1CCN(CCCCNC(=O)c2ccc(-n3ccnc3)cc2)CC1,7.57
COc1cccc2cc(C(=O)NCCCCN3CCN(c4[nH]nc5ccccc45)CC3)oc12,7.25
COc1ccccc1N1CCN(CCCCNC(=O)c2ccc3nccnc3c2)CC1,6.75
COc1ccc2ccnc(N3CCN(CCCCNC(=O)c4cc5cccc(OC)c5o4)CC3)c2c1,6.29
COc1ccccc1N1CCN(CCCCNC(=O)c2ccc(N3CCOCC3)cc2)CC1,6.85
COc1ccccc1N1CCN(CCCCNC(=O)c2cc(-c3ccco3)[nH]n2)CC1,6.89
COc1cccc2cc(C(=O)NCCCCN3CCN(c4cccc5nccnc45)CC3)oc12,5.9
COc1ccccc1N1CCN(CCCCNC(=O)c2ccc3c(c2)OCO3)CC1,7.06
CC(C)(C)c1nc(N2CCN(CCCCn3cc(C(F)(F)F)ccc3=O)CC2)cc(C(F)(F)F)n1,6.4
CC(C)(C)c1nc(N2CCN(CCCCn3ccc(C(F)(F)F)nc3=O)CC2)cc(C(F)(F)F)n1,6.03
Cc1cccc(=O)n1CCCCN1CCN(c2cc(C(F)(F)F)nc(C(C)(C)C)n2)CC1,6.71
CC(C)(C)c1nc(N2CCN(CCCCNC(=O)NCCc3ccccc3)CC2)cc(C(F)(F)F)n1,6.63
Cc1cccn(CCCCN2CCN(c3cc(C(F)(F)F)nc(C(C)(C)C)n3)CC2)c1=O,6.77
Cc1ccn(CCCCN2CCN(c3cc(C(F)(F)F)nc(C(C)(C)C)n3)CC2)c(=O)c1,7.2
CC(C)(C)c1nc(N2CCN(CCCCn3ccc(-c4ccccc4)nc3=O)CC2)cc(C(F)(F)F)n1,6.78
CC(C)(C)NC(=O)NCCCCN1CCN(c2cc(C(F)(F)F)nc(C(C)(C)C)n2)CC1,7.18
CC(C)(C)c1nc(N2CCN(CCCCn3ccc(C(F)(F)F)cc3=O)CC2)cc(C(F)(F)F)n1,6.64
CC(C)(C)c1nc(N2CCN(CCCCn3cccc(C(F)(F)F)c3=O)CC2)cc(C(F)(F)F)n1,6.39
CC(C)(C)c1nc(N2CCN(CCCCn3ccc(O)cc3=O)CC2)cc(C(F)(F)F)n1,7.59
CC(C)(C)c1nc(N2CCN(CCCCNC(=O)Nc3ccccc3)CC2)cc(C(F)(F)F)n1,7.23
CCN(CC)C(=O)NCCCCN1CCN(c2cc(C(F)(F)F)nc(C(C)(C)C)n2)CC1,7.76
CC(C)(C)c1nc(N2CCN(CCCCn3ccc(=O)[nH]c3=O)CC2)cc(C(F)(F)F)n1,6.71
CC(C)(C)c1nc(N2CCN(CCCCn3ccc(-c4ccccc4)cc3=O)CC2)cc(C(F)(F)F)n1,6.28
CC(C)(C)c1nc(N2CCN(CCCCn3cc(Cl)ccc3=O)CC2)cc(C(F)(F)F)n1,6.89
CC(C)(C)c1nc(N2CCN(CCCCNC(=O)NCC3CCCCC3)CC2)cc(C(F)(F)F)n1,6.8
CC(C)(C)c1nc(N2CCN(CCCCNC(=O)NCc3ccccc3)CC2)cc(C(F)(F)F)n1,6.86
COc1cccn(CCCCN2CCN(c3cc(C(F)(F)F)nc(C(C)(C)C)n3)CC2)c1=O,6.78
CC(C)(C)CNC(=O)NCCCCN1CCN(c2cc(C(F)(F)F)nc(C(C)(C)C)n2)CC1,7.04
CC(C)(C)c1nc(N2CCN(CCCCCC(=O)NCc3ccccc3)CC2)cc(C(F)(F)F)n1,6.76
Cc1ccn(CCCCN2CCN(c3cc(C(F)(F)F)nc(C(C)(C)C)n3)CC2)c(=O)n1,6.51
CCN(Cc1ccccc1)C(=O)NCCCCN1CCN(c2cc(C(F)(F)F)nc(C(C)(C)C)n2)CC1,6.67
CC(C)(C)c1nc(N2CCN(CCCCNC(=O)CCc3ccccc3)CC2)cc(C(F)(F)F)n1,6.61
CON=C(CCN1CCN(c2ccccn2)CC1)c1cccc(Cl)c1,7.01
CON=C(CCN1CCN(c2ccccn2)CC1)c1ccccc1C,6.95
CON=C(c1ccc(Cl)cc1)C(CNOC)CN1CCN(c2ccccn2)CC1,6.79
CON=C(CCN1CCN(c2ccccn2)CC1)c1ccc(Cl)cc1,7.2
CON=C(CCN1CCN(c2ccccn2)CC1)c1cccc(C)c1,7.17
CCON=C(CCN1CCN(c2nccs2)CC1)c1ccccc1,6.59
CON=C(CCN1CCN(c2ccccn2)CC1)c1ccc(Cl)c(C)c1,7.21
CON=C(CCN1CCN(c2ccccn2)CC1)c1ccc(Cl)c(Cl)c1,7.19
CON=C(CCN1CCN(c2ccccn2)CC1)c1cccc(F)c1,7.33
N#CCON=C(CCN1CCN(c2ccccn2)CC1)c1ccccc1,6.85
CCON=C(CCN1CCN(c2ccccn2)CC1)c1ccccc1,6.89
CON=C(CN1CCN(c2ccccn2)CC1)c1ccc(F)cc1,5.6
CON=C(CCN1CCN(c2ccccn2)CC1)c1cc(F)cc(F)c1,6.88
CON=C(CCN1CCN(c2ccccn2)CC1)c1cccnc1,5.74
CON=C(CCN1CCN(c2ccccn2)CC1)c1ccc(C)c(C)c1,6.86
CON=C(CCN1CCN(c2ccccn2)CC1)c1cccc(C#N)c1,6.9
CON=C(c1ccc(Cl)cc1)C(C)CN1CCN(c2ccccn2)CC1,6.84
CON=C(CCN1CCN(c2ccccn2)CC1)c1ccc(F)c(Cl)c1,6.77
ON=C(CCN1CCN(c2ccccn2)CC1)c1ccccc1,6.59
CON=C(CCN1CCN(c2ccccn2)CC1)c1ccc(F)cc1,6.78
CON=C(CCN1CCN(c2ccccn2)CC1C)c1ccc(Cl)cc1,7.12
CON=C(CCN1CCN(c2ccccn2)CC1)c1ccccc1,6.76
CON=C(c1ccc(Cl)cc1)C(O)CN1CCN(c2ccccn2)CC1,6.43
O=c1[nH]c2[nH]c(-c3ccc(Cl)cc3)cc2c(=O)n1CCN1CCN(c2ccccc2Cl)CC1,5.62
COc1ccccc1-c1cc2c(=O)n(CCN3CCN(c4ccccc4Cl)CC3)c(=O)[nH]c2[nH]1,6.44
Cc1ccc(-c2cc3c(=O)n(CCN4CCN(c5ccccc5Cl)CC4)c(=O)[nH]c3[nH]2)cc1,5.76
Cc1ccccc1-c1cc2c(=O)n(CCN3CCN(c4ccccc4Cl)CC3)c(=O)[nH]c2[nH]1,6.2
O=c1[nH]c2[nH]c(-c3ccccc3)cc2c(=O)n1CCN1CCN(c2ccccc2Cl)CC1,6.86
CC(C)(CCCN1CCC2CCCCC2C1)S(=O)(=O)c1ccccc1,6.05
CCOC(=O)C1CCCN(CCCC(C)(C)S(=O)(=O)c2ccccc2)C1,6.15
CC(C)(C)c1nc(N2CCN(CCCCn3cc(Cl)c(=O)[nH]c3=O)CC2)cc(C(F)(F)F)n1,6.66
CC(C)(C)c1nc(N2CCN(CCCCn3ccc(C4CCC4)nc3=O)CC2)cc(C(F)(F)F)n1,6.56
CC(C)(C)c1nc(N2CCN(CCCCn3ccc(C4CC4)nc3=O)CC2)cc(C(F)(F)F)n1,6.81
CC(C)(C)c1nc(N2CCN(CCCCn3cc(F)c(=O)[nH]c3=O)CC2)cc(C(F)(F)F)n1,6.22
CC(C)(C)c1nc(N2CCN(CCCCn3ccc(N4CCC4)nc3=O)CC2)cc(C(F)(F)F)n1,7.09
Cn1c(=O)ccn(CCCCN2CCN(c3cc(C(F)(F)F)nc(C(C)(C)C)n3)CC2)c1=O,6.21
CC(C)(C)c1nc(N2CCN(CCCCn3cc(C(F)(F)F)c(=O)[nH]c3=O)CC2)cc(C(F)(F)F)n1,6.19
CC(C)(C)c1nc(N2CCN(CCCCn3ccc(N4CCCCC4)nc3=O)CC2)cc(C(F)(F)F)n1,7.05
CC(C)(C)c1nc(N2CCN(CCCCn3ccc(C4CCCCC4)nc3=O)CC2)cc(C(F)(F)F)n1,6.52
CC(C)(C)c1nc(N2CCN(CCCCn3cc(C#N)c(=O)[nH]c3=O)CC2)cc(C(F)(F)F)n1,6.33
Cc1cn(CCCCN2CCN(c3cc(C(F)(F)F)nc(C(C)(C)C)n3)CC2)c(=O)[nH]c1=O,6.5
CC(C)(C)c1nc(N2CCN(CCCCn3cccnc3=O)CC2)cc(C(F)(F)F)n1,6.35
CC(C)(C)c1nc(N2CCN(CCCSc3nccc(O)n3)CC2)cc(C(F)(F)F)n1,6.46
Cc1cn(CCCCN2CCN(c3cc(C(F)(F)F)nc(C(C)(C)C)n3)CC2)c(=O)n(C)c1=O,6.45
Clc1ccc(N2CCN(Cc3cn4ccccc4n3)CC2)cc1,4.8
COc1ccccc1N1CCN(Cc2cn3nc(Cl)ccc3n2)CC1,7.1
Fc1ccc(N2CCN(Cc3cn4cccnc4n3)CC2)cc1,4.31
Clc1ccc(N2CCN(Cc3cn4cc(Br)ccc4n3)CC2)cc1Cl,5.43
Clc1ccc(N2CCN(Cc3cn4nc(N5CCCCC5)ccc4n3)CC2)cc1Cl,6.15
COc1ccccc1N1CCN(Cc2cn3cc(Br)ccc3n2)CC1,6.85
Clc1ccc2nc(CN3CCN(c4ccc(Cl)c(Cl)c4)CC3)cn2n1,6.17
COc1ccccc1N1CCN(Cc2cn3c(-n4cccn4)cccc3n2)CC1,6.55
COc1ccccc1N1CCN(Cc2cn3ccccc3n2)CC1,6.03
COc1ccccc1N1CCN(Cc2cn3cc(C)cc(N4CCOCC4)c3n2)CC1,7.0
Clc1ccc(N2CCN(Cc3cn4ccccc4n3)CC2)cc1Cl,5.57
Clc1ccc(N2CCN(Cc3cn4nc(Cl)ccc4n3)CC2)cc1,5.09
Fc1ccc(N2CCN(Cc3cn4ccncc4n3)CC2)cc1,4.17
COc1ccccc1N1CCN(Cc2cn3cc(C)cc(-c4ccccc4)c3n2)CC1,7.55
COc1ccccc1N1CCN(Cc2cn3cc(C)cc(Br)c3n2)CC1,6.82
CN1CCN(c2ccc3nc(CN4CCN(c5ccc(Cl)c(Cl)c5)CC4)cn3n2)CC1,5.11
COc1ccccc1N1CCN(Cc2cn3cc(C)cc(I)c3n2)CC1,7.01
COc1ccccc1N1CCN(Cc2cn3cc(C)cc(C#N)c3n2)CC1,5.57
O=C(CCCN1C2CCC1CC(O)(c1ccc(Cl)cc1)C2)c1ccc(F)cc1,8.8
O=C(CCCN1CCC(O)(c2ccc(Cl)cc2)C1)c1ccc(F)cc1,7.29
Cn1c(=O)cnn(CCCCN2CCN(c3cccc4ccc(O[11CH3])cc34)CC2)c1=O,7.66
CC1(C)CC(=O)N(CCCCN2CCN(c3ncccn3)CC2)C(=O)C1,7.24
O=C1c2ccccc2S(=O)(=O)N1CCCCN1CCN(c2ncccn2)CC1,6.96
CN1CCN(C2=Nc3cc(Cl)ccc3N(NC(=O)c3ccccc3-n3ccnc3)c3ccccc32)CC1,5.52
CN1CCN(C2=Nc3cc(Cl)ccc3N(NC(=O)c3cccs3)c3ccccc32)CC1,5.83
CN1CCN(C2=Nc3cc(Cl)ccc3N(NC(=O)C=Cc3ccccc3)c3ccccc32)CC1,5.8
CN1CCN(C2=Nc3cc(Cl)ccc3N(NC(=O)c3ccsc3)c3ccccc32)CC1,5.52
CN1CCN(C2=Nc3cc(Cl)ccc3N(NC(=O)c3ccccc3N3CCCCC3)c3ccccc32)CC1,6.67
COc1cccc(C(=O)NN2c3ccc(Cl)cc3N=C(N3CCN(C)CC3)c3ccccc32)c1,5.95
CN1CCN(C2=Nc3cc(Cl)ccc3N(NC(=O)c3ccccc3)c3ccccc32)CC1,5.94
CN1CCN(C2=Nc3cc(Cl)ccc3N(NC(=O)c3cccc(F)c3)c3ccccc32)CC1,6.04
CN1CCN(C2=Nc3cc(Cl)ccc3N(NC(=O)c3ccc4ccccc4c3)c3ccccc32)CC1,5.88
Cc1cccc(N)c1C(=O)NN1c2ccc(Cl)cc2N=C(N2CCN(C)CC2)c2ccccc21,5.99
CN1CCN(C2=Nc3cc(Cl)ccc3N(NC(=O)c3cnn(-c4ccccc4)c3C(F)(F)F)c3ccccc32)CC1,5.68
CN1CCN(C2=Nc3cc(Cl)ccc3N(NC(=O)c3ccccc3Oc3ccccc3)c3ccccc32)CC1,6.37
COc1ccc(C(=O)NN2c3ccc(Cl)cc3N=C(N3CCN(C)CC3)c3ccccc32)cc1,5.52
CCCC(=O)NN1c2ccc(Cl)cc2N=C(N2CCN(C)CC2)c2ccccc21,6.4
CN1CCN(C2=Nc3cc(Cl)ccc3N(NC(=O)c3c(N)cccc3C(F)(F)F)c3ccccc32)CC1,7.04
Cc1cccc(C(=O)NN2c3ccc(Cl)cc3N=C(N3CCN(C)CC3)c3ccccc32)c1,6.29
CN1CCN(C2=Nc3cc(Cl)ccc3N(NC(=O)c3ccccc3NC3CCCCC3)c3ccccc32)CC1,5.42
CN1CCN(C2=Nc3cc(Cl)ccc3N(NC(=O)c3c(F)cccc3C(F)(F)F)c3ccccc32)CC1,6.42
COc1ccc(CCC(=O)NN2c3ccc(Cl)cc3N=C(N3CCN(C)CC3)c3ccccc32)cc1Cl,6.24
CN1CCN(C2=Nc3cc(Cl)ccc3N(NC(=O)c3c(N)cccc3Cl)c3ccccc32)CC1,6.3
CN1CCN(C2=Nc3cc(Cl)ccc3N(NC(=O)c3ccccc3Cl)c3ccccc32)CC1,6.74
CN1CCN(C2=Nc3cc(Cl)ccc3N(NC(=O)c3cccc(Cl)c3)c3ccccc32)CC1,6.74
CN1CCN(C2=Nc3cc(Cl)ccc3N(NC(=O)c3ccccc3F)c3ccccc32)CC1,6.43
CN1CCN(C2=Nc3cc(Cl)ccc3N(NC(=O)c3cccc4ccccc34)c3ccccc32)CC1,6.34
CN1CCN(C2=Nc3cc(Cl)ccc3N(NC(=O)c3ccccc3N3CCN(C)CC3)c3ccccc32)CC1,5.42
CN1CCN(C2=Nc3cc(Cl)ccc3N(NC(=O)c3ccon3)c3ccccc32)CC1,6.34
CN1CCN(C2=Nc3cc(Cl)ccc3N(NC(=O)c3nccc4ccccc34)c3ccccc32)CC1,6.32
CN1CCN(C2=Nc3cc(Cl)ccc3N(NC(=O)c3ccc(Br)cc3)c3ccccc32)CC1,5.62
CN1CCN(C2=Nc3cc(Cl)ccc3N(NC(=O)c3c(Cl)cccc3Cl)c3ccccc32)CC1,6.62
CN1CCN(C2=Nc3cc(Cl)ccc3N(NC(=O)c3cc(Cl)cc(Cl)c3)c3ccccc32)CC1,6.22
CN1CCN(C2=Nc3cc(Cl)ccc3N(NC(=O)c3sccc3-c3ccccc3)c3ccccc32)CC1,7.11
CCOc1ccc2ccccc2c1C(=O)NN1c2ccc(Cl)cc2N=C(N2CCN(C)CC2)c2ccccc21,6.56
CN1CCN(C2=Nc3cc(Cl)ccc3N(NC(=O)C3CCCCC3)c3ccccc32)CC1,5.75
CCCC(CCC)C(=O)NN1c2ccc(Cl)cc2N=C(N2CCN(C)CC2)c2ccccc21,5.73
Cc1cccc(C)c1C(=O)NN1c2ccc(Cl)cc2N=C(N2CCN(C)CC2)c2ccccc21,6.54
CN1CCN(C2=Nc3cc(Cl)ccc3N(NC(=O)c3ccc(Cl)c(Cl)c3)c3ccccc32)CC1,5.19
CN1CCN(C2=Nc3cc(Cl)ccc3N(NC(=O)C(F)(F)F)c3ccccc32)CC1,5.72
COc1cccc(OC)c1C(=O)NN1c2ccc(Cl)cc2N=C(N2CCN(C)CC2)c2ccccc21,6.47
CN1CCN(C2=Nc3cc(Cl)ccc3N(NC(=O)c3cccc(I)c3)c3ccccc32)CC1,6.46
CN1CCN(C2=Nc3cc(Cl)ccc3N(NC(=O)CCC3CCCC3)c3ccccc32)CC1,5.71
CCOc1c(C(=O)NN2c3ccc(Cl)cc3N=C(N3CCN(C)CC3)c3ccccc32)sc2ccccc12,6.71
CN1CCN(C2=Nc3cc(Cl)ccc3N(N)c3ccccc32)CC1,6.19
CN1CCN(C2=Nc3cc(Cl)ccc3N(NC(=O)c3cccnc3Cl)c3ccccc32)CC1,6.2
CN1CCN(C2=Nc3cc(Cl)ccc3N(NC(=O)CCc3ccccc3)c3ccccc32)CC1,6.21
CN1CCN(C2=Nc3cc(Cl)ccc3N(NC(=O)c3c(Cl)cc(Cl)cc3Cl)c3ccccc32)CC1,6.41
CN1CCN(C2=Nc3cc(Cl)ccc3N(NC(=O)c3ccc(Cl)cc3)c3ccccc32)CC1,5.03
CCOc1csc(C(=O)NN2c3ccc(Cl)cc3N=C(N3CCN(C)CC3)c3ccccc32)c1,6.75
c1ccc(-n2cc(CN3CCN(c4ncccn4)CC3)cn2)cc1,4.85
c1ccc(N2CCN(Cc3ccc(-n4cccn4)cc3)CC2)cc1,5.62
c1ccc(-c2c[nH]c(CN3CCN(c4ccccc4)CC3)c2)cc1,6.77
COc1ccccc1N1CCN(Cc2cnn(-c3ccccn3)c2)CC1,7.51
Fc1ccc(N2CCN(Cc3cnn(-c4ccccc4)c3)CC2)cc1,6.4
Cc1nn(-c2ccccc2)cc1CN1CCN(c2ccccc2)CC1,7.37
Cc1c(CN2CCN(c3ccccc3)CC2)cnn1-c1ccccc1,6.6
C1=C(c2ccccc2)CCN(Cc2cn(-c3ccccc3)nn2)C1,6.96
C1=C(c2ccccc2)CCN(Cc2cnn(-c3ccccc3)c2)C1,7.55
Clc1ccc(N2CCN(Cc3cnn(-c4ccccc4)c3)CC2)cc1,5.72
c1ccc(N2CCN(Cc3cnn(-c4ccccc4)c3)CC2)cc1,7.12
c1ccc(N2CCN(Cc3cn(-c4ccccc4)nn3)CC2)cc1,6.07
Fc1ccccc1N1CCN(Cc2cnn(-c3ccccc3)c2)CC1,7.43
c1ccc(N2CCN(Cc3cnn(-c4ccccn4)c3)CC2)cc1,6.72
COc1ccccc1N1CCN(Cc2cn(-c3ccccc3)nn2)CC1,7.19
CCCN(CCC)C1CCn2nccc2C1,6.8
CCCN(CCC)C1CCn2ncc(Cl)c2C1,6.68
CC(=O)N1CCC(C)c2c(C)ccc(CCN3CCN(c4nsc5ccccc45)CC3)c21,7.92
CC(=O)N1CCC(C)c2cc(F)cc(CCN3CCN(c4noc5ccccc45)CC3)c21,7.54
CC1CC(=O)Nc2c(CCN3CCN(c4nsc5ccccc45)CC3)cc(F)cc21,7.82
Cc1ccc(CCN2CCN(c3nsc4ccccc34)CC2)c2c1C(C)CC(=O)N2,7.96
CC(=O)N1CCC(C)c2cccc(CCN3CCN(c4nsc5ccccc45)CC3)c21,7.77
CC1CCN(C(=O)c2ccccc2)c2c(CCN3CCN(c4nsc5ccccc45)CC3)cccc21,7.8
CC(=O)N1CCC(C)c2c(C)ccc(CCN3CCN(c4noc5ccccc45)CC3)c21,7.77
CC1CCN(C(=O)C2CCCCC2)c2c(CCN3CCN(c4nsc5ccccc45)CC3)cccc21,7.6
CC(=O)N1CCC(C)c2cc(F)cc(CCN3CCN(c4nsc5ccccc45)CC3)c21,7.75
Cc1cc(CCN2CCN(c3noc4ccccc34)CC2)c2c(c1)C(C)CC(=O)N2,7.46
CC(=O)N1CCC(c2ccccc2)c2cccc(CCN3CCN(c4nsc5ccccc45)CC3)c21,7.92
O=C1CC(c2ccccc2)c2cccc(CCN3CCN(c4nsc5ccccc45)CC3)c2N1,7.82
CC1CC(=O)Nc2c(CCN3CCN(c4nsc5ccccc45)CC3)cccc21,7.68
COc1cccc(OC)c1CC(=O)N1CCC(C)c2cccc(CCN3CCN(c4nsc5ccccc45)CC3)c21,7.96
COc1cccc(CC(=O)N2CCC(C)c3cccc(CCN4CCN(c5nsc6ccccc56)CC4)c32)c1,8.4
CC1(C)CCNc2c(CCN3CCN(c4nsc5ccccc45)CC3)cc(F)cc21,7.26
CC1CC(=O)Nc2c(CCN3CCN(c4n[s+]([O-])c5ccccc45)CC3)cc(F)cc21,7.04
CC1(C)CCNc2c(CCN3CCN(c4nsc5ccccc45)CC3)cccc21,7.23
CC1Cc2cccc(CCN3CCN(c4nsc5ccccc45)CC3)c2NC1=O,7.14
CC1CC(=O)N(C)c2c(CCN3CCN(c4nsc5ccccc45)CC3)cccc21,7.09
Cc1ccc2[nH]cc(CCCN3CCN(c4cccc5c4OCCO5)CC3)c2c1,7.97
c1cc2c(c(N3CCN(CCCc4c[nH]c5ccccc45)CC3)c1)OCCO2,7.68
c1cc2c(c(N3CCN(CCc4c[nH]c5ccccc45)CC3)c1)OCCO2,7.35
c1cc2c(c(N3CCN(CCCc4c[nH]c5ccccc45)CC3)c1)OCCN2,7.75
CC1Oc2c(cccc2N2CCN(CCCc3c[nH]c4ccccc34)CC2)NC1=O,9.0
Clc1cccc2[nH]cc(CCCN3CCN(c4cccc5c4OCCO5)CC3)c12,7.62
CC1Oc2c(cccc2N2CCN(CCCc3c[nH]c4c(F)cccc34)CC2)NC1=O,9.0
Cc1cccc2c(CCCN3CCN(c4cccc5c4OCCO5)CC3)c[nH]c12,7.8
Fc1ccc2[nH]cc(CCCN3CCN(c4cccc5c4OCCO5)CC3)c2c1,7.72
c1cc2c(c(N3CCN(Cc4c[nH]c5ccccc45)CC3)c1)OCCO2,7.21
c1cc2c(c(N3CCN(CCCc4c[nH]c5ccccc45)CC3)c1)CCCO2,7.69
c1cc2c(c(N3CCN(CCCc4c[nH]c5ccccc45)CC3)c1)CCCN2,7.95
CC1Oc2c(N3CCN(CCCc4c[nH]c5ccccc45)CC3)cccc2N(C)C1=O,7.45
Clc1ccc2[nH]cc(CCCN3CCN(c4cccc5c4OCCO5)CC3)c2c1,7.5
O=C1COc2c(cccc2N2CCN(CCCc3c[nH]c4ccccc34)CC2)N1,8.37
c1cc2c(c(N3CCN(CCCCCc4c[nH]c5ccccc45)CC3)c1)OCCO2,8.04
COc1ccc2[nH]cc(CCCN3CCN(c4cccc5c4OCCO5)CC3)c2c1,7.82
CC1CNc2cccc(N3CCN(CCCc4c[nH]c5ccccc45)CC3)c2C1,7.82
CC1(C)Oc2c(cccc2N2CCN(CCCc3c[nH]c4ccccc34)CC2)NC1=O,8.13
Fc1cccc2c(CCCN3CCN(c4cccc5c4OCCO5)CC3)c[nH]c12,7.97
Clc1ccc2c(CCCN3CCN(c4cccc5c4OCCO5)CC3)c[nH]c2c1,8.68
Fc1ccc2c(CCCN3CCN(c4cccc5c4OCCO5)CC3)c[nH]c2c1,7.84
CN1CCCc2c1cccc2N1CCN(CCCc2c[nH]c3ccccc23)CC1,7.05
Fc1cccc2[nH]cc(CCCN3CCN(c4cccc5c4OCCO5)CC3)c12,8.09
Clc1cccc2c(CCCN3CCN(c4cccc5c4OCCO5)CC3)c[nH]c12,7.81
CC1CN(c2cccc3cc(F)ccc23)CCN1CCC1OCCc2c1sc(C(N)=O)c2Cl,6.54
NC(=O)c1ccc2c(c1)CCOC2CCN1CC=C(c2c[nH]c3cc(F)ccc23)CC1,8.33
O=C(NCCCCN1CCN(c2cccc(Cl)c2Cl)CC1)c1ccc(F)nc1,7.68
O=C(NCCCCN1CCN(c2cccc(Cl)c2Cl)CC1)c1cccc(F)n1,7.36
O=S(=O)(NCCCCN1CCN(c2cccc(Cl)c2Cl)CC1)c1ccc(F)cc1,7.41
COc1ccccc1N1CCN(CCCCNC(=O)c2cccc(F)n2)CC1,6.58
O=C(NCCCCN1CCN(c2cccc(Cl)c2Cl)CC1)c1ccc(F)cc1,7.77
COc1ccccc1N1CCN(CCCCNC(=O)c2ccc(F)nc2)CC1,6.8
COc1ccccc1N1CCN(CCCCNS(=O)(=O)c2ccc(F)cc2)CC1,7.14
Clc1ccc2[nH]ccc2c1N1CCN(Cc2ccccc2)CC1,7.09
Brc1ccc(N2CCN(Cc3ccccc3)CC2)c2cc[nH]c12,7.33
c1ccc(CN2CCN(c3cccc4[nH]cnc34)CC2)cc1,6.59
O=C1Cc2c(ccc(Cl)c2N2CCN(Cc3ccccc3)CC2)N1,6.27
Oc1cccc(N2CCN(Cc3ccccc3)CC2)c1,6.61
Cc1ccc2c(OCCN3CCC(Cc4ccc5c(c4F)NC(=O)CO5)CC3)cc(F)cc2n1,5.9
Cc1ccc2c(OCCN3CCC(Cc4ccc5c(c4)NC(=O)CO5)CC3)cccc2n1,5.9
Cc1ccc2c(OCCN3CCC(Cc4ccc5c(c4F)NC(=O)CO5)CC3)cc(Cl)cc2n1,5.9
Cc1ccc2c(OCCN3CCC(Cc4cc5c(cc4F)OCC(=O)N5)CC3)cc(Cl)cc2n1,5.5
Cc1ccc2c(OCCN3CCC(Cc4cc5c(cc4F)OCC(=O)N5)CC3)cc(F)cc2n1,5.7
Cc1ccc2c(OCCN3CCC(Cc4cc(F)c5c(c4)NC(=O)CO5)CC3)cc(Cl)cc2n1,5.6
COc1ccc2[nH]c3c(c2c1)CCN(C)CCc1ccccc1C3,7.92
CN1CCc2cc(O)ccc2Cc2[nH]c3ccccc3c2CC1,7.13
COc1ccc2c(c1)CCN(C)CCc1c([nH]c3ccccc13)C2,7.64
CN1CCc2ccccc2Cc2[nH]c3ccc(O)cc3c2CC1,7.42
COc1ccc2c(c1)c1c(n2C)Cc2ccccc2CCN(C)CC1,8.77
COc1ccc(Cl)cc1S(=O)(=O)NC1CCC(N2CCC(c3ccccc3OC3CC3)CC2)CC1,6.89
O=S(=O)(NC1CCC(N2CCC(c3ccccc3OCC(F)(F)F)CC2)CC1)c1ccc2c(c1)OCCO2,7.64
O=S(=O)(NC1CCC(N2CCC(c3ccccc3OC3CC3)CC2)CC1)c1ccc2c(c1)OCO2,7.18
COc1ccc(S(=O)(=O)NC2CCC(N3CCC(c4ccccc4OCCF)CC3)CC2)cc1OC,6.7
COc1ccc(S(=O)(=O)NC2CCC(N3CCC(c4ccccc4OCC(F)(F)F)CC3)CC2)cc1OC,7.08
O=S(=O)(NC1CCC(N2CCC(c3ccccc3OC3CC3)CC2)CC1)c1cc(Cl)ccc1F,6.8
O=S(=O)(NC1CCC(N2CCC(c3ccccc3OCC(F)(F)F)CC2)CC1)c1ccc(OC(F)F)cc1,6.98
COc1ccc(S(=O)(=O)NC2CCC(N3CCC(c4ccc(F)cc4OC(C)C)CC3)CC2)cc1OC,6.98
O=S(=O)(NC1CCC(N2CCC(c3ccccc3OCC(F)(F)F)CC2)CC1)c1cccc(OC(F)F)c1,7.07
COc1ccc(Cl)cc1S(=O)(=O)NC1CCC(N2CCC(c3ccccc3OCC(F)(F)F)CC2)CC1,7.16
COc1ccc(S(=O)(=O)NC2CCC(N3CCC(c4ccccc4OCC(F)F)CC3)CC2)cc1OC,7.06
COc1ccc(S(=O)(=O)NC2CCC(N3CCC(c4cc(F)ccc4OC(C)C)CC3)CC2)cc1OC,7.03
CC(C)Oc1ccccc1C1CCN(C2CCC(NS(=O)(=O)c3ccc(F)c(F)c3)CC2)CC1,7.1
O=S(=O)(NC1CCC(N2CCC(c3ccccc3OCC(F)(F)F)CC2)CC1)c1cc(Cl)ccc1F,7.43
CCOc1ccccc1N1CCN(CCCC2CC(c3ccc(OC)c(OC)c3)=NO2)CC1,7.34
COc1ccc(C2=NOC(CCCN3CCN(C(c4ccc(F)cc4)c4ccc(F)cc4)CC3)C2)cc1OC,7.1
O=C(CCCCCN1CCN(c2ccccc2-c2ccccc2)CC1)NC1CCCc2ccccc21,6.65
O=C(CCCCCN1CCN(c2ccccc2)CC1)NC1CCCc2ccccc21,6.0
CCc1ccccc1N1CCN(CCCCCC(=O)NC2CCCc3ccccc32)CC1,6.76
O=C(CCCCCN1CCN(c2ccccc2Cl)CC1)NC1CCCc2ccccc21,7.29
COc1ccccc1N1CCN(CCCCCC(=O)NC2CCCc3ccccc32)CC1,7.58
CNc1ccccc1N1CCN(CCCCCC(=O)NC2CCCc3ccccc32)CC1,6.97
CSc1ccccc1N1CCN(CCCCCC(=O)NC2CCCc3ccccc32)CC1,8.14
O=C(CCCCCN1CCN(c2ccccc2[N+](=O)[O-])CC1)NC1CCCc2ccccc21,6.17
CC(C)c1ccccc1N1CCN(CCCCCC(=O)NC2CCCc3ccccc32)CC1,7.82
CN(C)c1ccccc1N1CCN(CCCCCC(=O)NC2CCCc3ccccc32)CC1,7.5
N#Cc1ccccc1N1CCN(CCCCCC(=O)NC2CCCc3ccccc32)CC1,6.58
CC(=O)c1ccccc1N1CCN(CCCCCC(=O)NC2CCCc3ccccc32)CC1,7.17
CCCc1ccccc1N1CCN(CCCCCC(=O)NC2CCCc3ccccc32)CC1,6.91
O=C(CCCCCN1CCN(c2ccccc2F)CC1)NC1CCCc2ccccc21,6.54
CC(=O)Nc1cccc(C2CCN(CCCC(=O)c3ccc(C)c(C)c3)CC2)c1,5.21
O=C(CCCN1CCC(O)(c2ccc(Cl)cc2)CC1)c1ccc(Cl)cc1,6.72
O=C(Cc1ccccc1)Nc1cccc(C2CCN(CCCC(=O)c3ccc(Cl)cc3)CC2)c1,6.11
COCC1=C(C(=O)OC)C(c2ccc(F)c(F)c2)N(C(=O)NCCCN2CCC(c3cccc(NC(C)=O)c3)CC2)C(=O)N1,5.55
CC(C)C(=O)Nc1cccc(C2CCN(CCCC(=O)c3ccc(Cl)cc3)CC2)c1,6.21
Cc1ccc(NC(=O)C(C)C)cc1C1CCN(Cc2ccc(Oc3ccc(F)c(F)c3)cc2)CC1,5.13
CC(C)C(=O)Nc1cccc(C2CCN(Cc3ccc(Oc4ccc(Cl)c(Cl)c4)cc3)CC2)c1,5.54
CC(=O)Nc1cccc(C2CCN(CCCC(=O)c3ccc(Cl)cc3)CC2)c1,5.85
CC(C)C(=O)Nc1cccc(C2CCN(Cc3ccc(Oc4ccc(Cl)cc4)cc3)CC2)c1,6.96
Cc1ccc(Oc2cccc(CN3CCC(c4cccc(NC(=O)C(C)C)c4)CC3)c2)cc1,5.89
COc1ccc(Oc2ccc(CN3CCC(c4cccc(NC(=O)C(C)C)c4)CC3)cc2)cc1,5.85
CC(C)C(=O)Nc1cccc(C2CCN(Cc3ccc(Oc4ccccc4)cc3)CC2)c1,6.92
COc1ccc(C(F)(F)F)cc1S(=O)(=O)NC1CCC(N2CCN(c3ccccc3OC(C)C)CC2)CC1,8.72
CC(C)Oc1ccccc1N1CCN(C2CCC(NS(=O)(=O)c3ccccc3)CC2)CC1,7.47
CC(C)Oc1ccccc1N1CCN(C2CCC(NS(=O)(=O)c3cccnc3)CC2)CC1,7.82
COc1ccc([N+](=O)[O-])cc1S(=O)(=O)NC1CCC(N2CCN(c3ccccc3OC(C)C)CC2)CC1,7.75
COc1ccc(S(=O)(=O)NC2CCC(N3CCN(c4ccccc4OC(C)C)CC3)CC2)cc1OC,7.21
COc1ccc(Br)cc1S(=O)(=O)NC1CCC(N2CCN(c3ccccc3OC(C)C)CC2)CC1,7.44
CC(C)Oc1ccccc1N1CCN(C2CCC(NS(=O)(=O)c3cccc(C(F)(F)F)c3)CC2)CC1,7.41
COc1ccc(Cl)cc1S(=O)(=O)NC1CCC(N2CCN(c3ccccc3OC(C)C)CC2)CC1,7.11
COc1ccc(Cl)cc1S(=O)(=O)NC1CCC(N2CCN(c3ccccc3OCC3CC3)CC2)CC1,6.23
CC(C)Oc1ccccc1N1CCN(C2CCC(NS(=O)(=O)c3cc(Cl)ccc3F)CC2)CC1,6.45
CC(C)Oc1ccccc1N1CCN(C2CCC(NS(=O)(=O)c3ccc(Cl)cc3F)CC2)CC1,7.38
O=S(=O)(NC1CCC(N2CCN(c3ccccc3OCC3CC3)CC2)CC1)c1cc(Cl)ccc1F,6.37
CC(C)Oc1ccccc1N1CCN(C2CCC(NS(=O)(=O)c3ccc(Cl)cc3Cl)CC2)CC1,7.38
COc1ccc(OC)c(S(=O)(=O)NC2CCC(N3CCN(c4ccccc4OC(C)C)CC3)CC2)c1,7.21
COc1ccc(S(=O)(=O)NC2CCC(N3CCN(c4ccccc4OCC4CC4)CC3)CC2)cc1OC,6.91
COc1ccncc1S(=O)(=O)NC1CCC(N2CCN(c3ccccc3OC(C)C)CC2)CC1,7.37
CC(C)Oc1ccccc1N1CCN(C2CCC(NS(=O)(=O)Cc3ccccc3)CC2)CC1,7.62
COc1ccc(F)cc1S(=O)(=O)NC1CCC(N2CCN(c3ccccc3OC(C)C)CC2)CC1,6.86
CC(C)Oc1ccccc1N1CCN(C2CCC(NS(=O)(=O)c3ccccc3F)CC2)CC1,7.51
CC(C)Oc1ccccc1N1CCN(C2CCC(NS(=O)(=O)c3ccccc3C#N)CC2)CC1,8.62
CC(C)Oc1ccccc1N1CCN(C2CCC(NS(=O)(=O)c3cccc(Cl)c3F)CC2)CC1,6.7
CC(C)Oc1ccccc1N1CCN(C2CCC(NS(=O)(=O)c3ccc(S(C)(=O)=O)cc3)CC2)CC1,7.85
Cc1ccc(S(=O)(=O)NC2CCC(N3CCN(c4ccccc4OC(C)C)CC3)CC2)cc1Cl,7.28
CC(C)Oc1ccccc1N1CCN(C2CCC(NS(=O)(=O)c3cnc(Cl)c(Br)c3)CC2)CC1,7.21
CC(C)Oc1ccccc1N1CCN(C2CCC(NS(=O)(=O)c3ccccc3[N+](=O)[O-])CC2)CC1,7.29
COc1ccc(C)cc1S(=O)(=O)NC1CCC(N2CCN(c3ccccc3OC(C)C)CC2)CC1,7.3
CC(C)Oc1ccccc1N1CCN(C2CCC(NS(=O)(=O)c3ccc(F)cc3)CC2)CC1,7.57
CC(C)Oc1ccccc1N1CCN(C2CCC(NS(=O)(=O)c3ccc(OC(F)(F)F)cc3)CC2)CC1,7.24
COc1ccccc1N1CCN(CCCOc2ccc(-c3cn4cc(C)ccc4n3)cc2)CC1,7.11
Clc1cccc(N2CCN(CCCCOc3ccc(-c4cn5ccccc5n4)cc3)CC2)c1Cl,7.17
COc1ccccc1N1CCN(CCCCOc2ccc(-c3cn4cccc(C)c4n3)cc2)CC1,6.8
COc1ccccc1N1CCN(CCCOc2ccc(-c3cn4ccc(C)cc4n3)cc2)CC1,7.11
Cc1cccn2cc(-c3ccc(OCCCCN4CCN(c5cccc(Cl)c5Cl)CC4)cc3)nc12,6.25
Clc1cccc(N2CCN(CCCOc3ccc(-c4cn5ccccc5n4)cc3)CC2)c1Cl,7.36
Cc1ccc2nc(-c3ccc(OCCCCN4CCN(c5cccc(Cl)c5Cl)CC4)cc3)cn2c1,6.83
Cc1ccn2cc(-c3ccc(OCCCN4CCN(c5cccc(Cl)c5Cl)CC4)cc3)nc2c1,7.08
COc1ccccc1N1CCN(CCCOc2ccc(-c3cn4ccccc4n3)cc2)CC1,7.31
Cc1cccn2cc(-c3ccc(OCCCN4CCN(c5cccc(Cl)c5Cl)CC4)cc3)nc12,6.9
Cc1ccn2cc(-c3ccc(OCCCCN4CCN(c5cccc(Cl)c5Cl)CC4)cc3)nc2c1,6.96
COc1ccccc1N1CCN(CCCOc2ccc(-c3cn4cccc(C)c4n3)cc2)CC1,7.31
COc1ccccc1N1CCN(CCCCOc2ccc(-c3cn4cc(C)ccc4n3)cc2)CC1,7.33
COc1ccccc1N1CCN(CCCCOc2ccc(-c3cn4ccc(C)cc4n3)cc2)CC1,7.28
COc1ccccc1N1CCN(CCCCOc2ccc(-c3cn4ccccc4n3)cc2)CC1,6.75
Cc1cc(-c2ccc3c(c2)CCN(CCCSc2nnc(-c4ccc(C(F)(F)F)cc4)n2C)CC3)n(C)n1,6.3
Cc1cc(-c2ccc3c(c2)CCN(CCCSc2nnc(-c4ccc(C(F)(F)F)cc4)n2C)CC3)no1,6.3
Cc1cnc(-c2ccc3c(c2)CCN(CCCSc2nnc(-c4cc5ccccc5[nH]4)n2C)CC3)o1,6.0
Cc1nc(-c2cccc(C(=O)NC3CCC(CCN4CCc5ccc(S(C)(=O)=O)cc5CC4)CC3)c2)no1,6.1
Cc1cc(-c2ccc3c(c2)CCN(CCCSc2nnc(-c4ccc(Cl)c(Cl)c4)n2C)CC3)no1,6.3
Cc1ccc2cc(-c3nnc(SCCCN4CCc5ccc(-c6cc(C)on6)cc5CC4)n3C)ccc2n1,5.7
Cc1ccc2c(-c3nnc(SCCCN4CCc5ccc(-c6cc(C)on6)cc5CC4)n3C)cccc2n1,6.0
Cc1cnc(-c2ccc3c(c2)CCN(CCCSc2nnc(-c4ccc5[nH]ccc5c4)n2C)CC3)o1,6.2
Cc1ccc2c(-c3nnc(SCCCN4CCc5ccc(-c6cc(C)nn6C)cc5CC4)n3C)cccc2n1,6.5
Cc1cc(-c2ccc3c(c2)CCN(CCCSc2nnc(C(F)(F)F)n2C)CC3)no1,6.8
COc1ccc(-c2nnc(SCCCN3CCc4ccc(-c5cc(C)on5)cc4CC3)n2C)cc1,6.7
Cc1cc(-c2ccc3c(c2)CCN(CCCSc2nnc(-c4cccc(Cl)c4)n2C)CC3)no1,6.7
Cc1cc(-c2ccc3c(c2)CCN(CCCSc2nnc(C(C)(C)C)n2C)CC3)no1,6.8
Cc1cc(-c2ccc3c(c2)CCN(CCCSc2nnc(C4CCC(C)CC4)n2C)CC3)no1,6.9
Cc1cc(-c2ccc3c(c2)CCN(CCCSc2nnc(C4CCCC4)n2C)CC3)no1,6.6
Cc1cc(-c2ccc3c(c2)CCN(CCCSc2nnc(-c4cccs4)n2C)CC3)no1,6.6
Cc1cnc(-c2ccc3c(c2)CCN(CCCSc2nnc(-c4cccs4)n2C)CC3)o1,6.6
COc1ccc(-c2nnc(SCCCN3CCc4ccc(-c5cc(C)on5)cc4CC3)n2C)cn1,5.9
Cc1cnc(-c2ccc3c(c2)CCN(CCCSc2nnc(-c4cccn4C)n2C)CC3)o1,5.9
Cc1cc(-c2ccc3c(c2)CCN(CCCSc2nnc(-c4ccc5nc(C)c(C)nc5c4)n2C)CC3)no1,5.2
COc1cccc(-c2nnc(SCCCN3CCc4ccc(-c5cc(C)on5)cc4CC3)n2C)c1,8.1
Cc1cc(-c2ccc3c(c2)CCN(CCCSc2nnc(-c4ccccc4Cl)n2C)CC3)no1,6.5
Cc1cc(-c2ccc3c(c2)CCN(CCCSc2nnc(-c4ccc(Cl)cc4)n2C)CC3)no1,6.4
Cc1cc(-c2ccc3c(c2)CCN(CCCSc2nnc(-c4ccccc4)n2C)CC3)no1,6.4
Cc1ccc(-c2nnc(SCCCN3CCc4ccc(-c5cc(C)on5)cc4CC3)n2C)cc1,6.4
Cc1cc(-c2ccc3c(c2)CCN(CCCSc2nnc(-c4ccc(C#N)cc4)n2C)CC3)no1,6.0
Cc1cc(-c2ccc3c(c2)CCN(CCCSc2nnc(C4CCOCC4)n2C)CC3)no1,5.9
Cc1cc(-c2ccc3c(c2)CCN(CCCSc2nnc(-c4ccncc4)n2C)CC3)no1,6.0
Cc1cc(-c2ccc3c(c2)CCN(CCCSc2nnc(-c4cccc(F)c4)n2C)CC3)no1,5.9
O=C1c2ccccc2C(=O)N1CCCCN1CC=C(c2c[nH]c3ccc(F)cc23)CC1,8.5
CCN1CCCC1CNC(=O)c1cc(S(=O)(=O)CC)c(N)cc1OC,7.9
Fc1ccc(-c2cncc(CN3CCN(c4cccc5c4OCCO5)CC3)c2)cc1,8.4
O=C1Cc2cc(CCN3CCN(c4nsc5ccccc45)CC3)c(Cl)cc2N1,7.9
O=C(NCC=CC[N+]1([O-])CCN(c2cccc(Cl)c2Cl)CC1)c1ccc(-c2ccccn2)cc1,5.94
COc1ccccc1N1CCN(CCCCNC(=O)c2ccc3c(c2)Cc2ccccc2-3)CC1,7.26
COc1ccccc1N1CCN(CC(O)CCNC(=O)c2ccc(-c3ccccn3)cc2)CC1,6.55
O=C(NCC1CC1CN1CCN(c2cccc(Cl)c2Cl)CC1)c1ccc(-c2ccccn2)cc1,7.27
COc1ccccc1N1CCN(CC=CCNC(=O)c2ccc3c(c2)Cc2ccccc2-3)CC1,7.32
COc1ccccc1N1CCN(CCC(O)CNC(=O)c2ccc3c(c2)Cc2ccccc2-3)CC1,7.17
COc1ccccc1N1CCN(CC=CCNC(=O)c2ccc(-c3ccccn3)cc2)CC1,7.16
O=C(NCC(O)CCN1CCN(c2cccc(Cl)c2Cl)CC1)c1ccc2c(c1)Cc1ccccc1-2,7.08
Cc1cccc(-c2ccc(C(=O)NCC=CCN3CCN(c4cccc(Cl)c4Cl)CC3)cc2)n1,6.98
O=C(NCCC(O)CN1CCN(c2cccc(Cl)c2Cl)CC1)c1ccc2c(c1)Cc1ccccc1-2,6.5
O=C(NCC(O)CCN1CCN(c2cccc(Cl)c2Cl)CC1)c1ccc(-c2ccccn2)cc1,7.55
COc1ccccc1N1CCN(CC(O)CCNC(=O)c2ccc3c(c2)Cc2ccccc2-3)CC1,6.6
O=C(NCC=CCN1CCN(c2cccc(Cl)c2Cl)CC1)c1ccc(-c2cccc(=O)[nH]2)cc1,7.63
O=C(NCCC(O)CN1CCN(c2cccc(Cl)c2Cl)CC1)c1ccc(-c2ccccn2)cc1,6.57
CC(=O)OC(CCNC(=O)c1ccc(-c2ccccn2)cc1)CN1CCN(c2cccc(Cl)c2Cl)CC1,6.87
COc1ccccc1N1CCN(CCCCNC(=O)c2ccc(-c3ccccn3)cc2)CC1,7.55
Cc1cccnc1-c1ccc(C(=O)NCC=CCN2CCN(c3cccc(Cl)c3Cl)CC2)cc1,7.04
CN1CCCc2ccccc2Cc2ccc(O)cc2CCC1,6.42
CN1CCCc2ccccc2Cc2cc(O)ccc2CC1,7.2
COc1ccc2c(c1)CCCN(C)CCCc1ccccc1C2,6.76
COc1ccc2c(c1)CCCN(C)CCc1ccccc1C2,7.6
COc1cc2c(cc1OC)Cc1ccccc1CCCN(C)CC2,5.99
COc1ccc2c(c1)CCN(C)CCCc1ccccc1C2,7.06
CN1CCCc2cc(O)ccc2Cc2ccccc2CC1,6.29
Oc1ccc2c(c1)CCCNCCc1ccccc1C2,6.07
CN1CCCc2ccccc2Cc2ccc(O)cc2CC1,7.13
COc1ccc2c(c1)Cc1ccccc1CCCN(C)CC2,5.86
O=C1c2ccccc2C(=O)N1CCCCN1CCC(N(Cc2ccccc2)c2ccccc2)CC1,6.89
O=C(NCCCCN1CCCN(C(c2ccccc2)c2ccccc2)CC1)c1cc2ccccc2s1,6.2
COc1ccccc1C(c1ccccc1)N1CCN(CCCCNC(=O)c2cc3ccccc3s2)CC1,6.2
O=C(NCCCCN1CCN(C(c2ccccc2)c2ccccc2)CC1)c1cc2ccccc2s1,6.23
O=C(NCCCCN1CCC(=C2c3ccc(Cl)cc3CCc3cccnc32)CC1)c1ccc2ccccc2c1,6.6
O=C(NCCCCN1CCN(C(c2ccccc2)c2ccc(Cl)cc2)CC1)c1ccc2ccccc2c1,6.23
O=C(C=Cc1ccccc1)NCCCCN1CCc2ccccc2C1,5.9
O=C(NCCCCN1CCN2c3ccccc3Cc3ccccc3C2C1)C1CCCCC1,6.59
O=C(NCCCCN1CCN(C(c2ccccc2)c2ccccc2)CC1)c1cccs1,6.21
O=C(C=Cc1ccccc1)NCCCCN1CCN(C(c2ccccc2)c2ccc(Cl)cc2)CC1,6.02
COc1ccccc1C(c1ccccc1OC)N1CCN(CCCCNC(=O)c2ccc3ccccc3c2)CC1,6.5
COc1ccccc1C(c1ccccc1OC)N1CCN(CCCCNC(=O)c2cc3ccccc3s2)CC1,6.21
O=C1Cc2ccccc2C(=C2CCN(CCCCN3C(=O)c4ccccc4C3=O)CC2)c2ccsc21,5.94
O=C(NCCCCN1CCN(C(c2ccccc2)c2ccc(Cl)cc2)CC1)c1cccs1,6.8
O=C1c2ccccc2C(=O)N1CCCCN1CCCN(C(c2ccccc2)c2ccc(Cl)cc2)CC1,6.65
O=C(NCCCCN1CCN2c3ccccc3Cc3ccccc3C2C1)c1ccc2ccccc2c1,5.88
COc1ccccc1NC1CCN(CCCCNC(=O)c2ccc3ccccc3c2)CC1,6.79
COc1ccccc1N(C(=O)c1ccccc1)C1CCN(CCCCNC(=O)c2ccc3ccccc3c2)CC1,5.33
O=C(NCCCCN1CCN(C(c2ccccc2)c2ccccc2)CC1)c1ccc2ccccc2c1,6.34
O=C(NCCCCN1CCN(C(c2ccccc2)c2ccccc2)CC1)C1CCCCC1,6.36
O=C(NCCCCN1CCN(C(c2ccccc2)c2ccc(Cl)cc2)CC1)C1CCCCC1,6.72
COc1ccccc1N(C(C)=O)C1CCN(CCCCNC(=O)c2ccc3ccccc3c2)CC1,4.88
O=C(C=Cc1ccccc1)NCCCCN1CCCN(C(c2ccccc2)c2ccccc2)CC1,6.79
O=C(NCCCCN1CCC(N(Cc2ccccc2)c2ccccc2)CC1)c1cc2ccccc2s1,5.8
O=C(NCCCCN1CCN2c3ccccc3Cc3ccccc3C2C1)c1cc2ccccc2s1,5.31
COc1ccccc1NC1CCN(CCCCN2C(=O)c3ccccc3C2=O)CC1,5.64
O=C(NCCCCN1CCC(=C2c3ccc(Cl)cc3CCc3cccnc32)CC1)c1cc2ccccc2s1,6.07
O=C(NCCCCN1CCCN(C(c2ccccc2)c2ccccc2)CC1)c1cccs1,6.18
O=C(NCCCCN1CCCN(C(c2ccccc2)c2ccccc2)CC1)c1ccc2ccccc2c1,6.87
COc1ccccc1C(c1ccccc1OC)N1CCN(CCCCNC(=O)C=Cc2ccccc2)CC1,6.01
O=C(C=Cc1ccccc1)NCCCCN1CCN(C(c2ccccc2)c2ccccc2)CC1,6.19
O=C(NCCCCN1CCC(N(Cc2ccccc2)c2ccccc2)CC1)c1ccc2ccccc2c1,6.15
O=C1c2ccccc2C(=O)N1CCCCN1CCN(C(c2ccccc2)c2ccc(Cl)cc2)CC1,6.25
O=c1c2ccccc2ncn1CCCCN1CCN(c2ccccc2)CC1,7.34
O=c1c2ccccc2ncn1CCCCN1CCN(c2ccc(Cl)cc2)CC1,6.85
O=c1c2ccccc2ncn1CCCCN1CCN(c2cccc(C(F)(F)F)c2)CC1,7.14
O=C1c2ccccc2CN1CCCCN1CCN(c2ccccc2)CC1,6.72
COc1ccccc1N1CCN(CCCCn2cnc3ccccc3c2=O)CC1,6.74
O=C1Cc2ccccc2N1CCCCN1CCN(c2ccc(Cl)cc2)CC1,5.76
O=C1c2ccccc2CN1CCCCN1CCN(c2ccc(Cl)cc2)CC1,6.12
O=C1c2ccccc2S(=O)(=O)N1CCCCN1CCN(c2ccc(Cl)cc2)CC1,6.75
COc1ccccc1N1CCN(CCCCN2C(=O)Cc3ccccc32)CC1,6.39
O=C1c2ccccc2S(=O)(=O)N1CCCCN1CCN(c2cccc(C(F)(F)F)c2)CC1,6.95
O=C1c2ccccc2CN1CCCCN1CCN(c2cccc(C(F)(F)F)c2)CC1,6.41
O=C1Cc2ccccc2N1CCCCN1CCN(c2cccc(C(F)(F)F)c2)CC1,6.49
COc1ccccc1N1CCN(CCCCN2Cc3ccccc3C2=O)CC1,6.5
O=C1Cc2ccccc2N1CCCCN1CCN(c2ccccc2)CC1,6.79
O=C1c2ccccc2S(=O)(=O)N1CCCCN1CCN(c2ccccc2)CC1,7.42
COc1ccccc1N1CCN(CCCCN2C(=O)c3ccccc3S2(=O)=O)CC1,6.44
C#Cc1cccc(C(=O)NCCN2CCN(c3cccc(Cl)c3Cl)CC2)c1,6.92
O=C(NCCCCN1CCN(c2cccc(Cl)c2Cl)CC1)c1ccc(C#Cc2ccccc2)cc1,6.11
O=C(NCCCCN1CCN(c2cccc(Cl)c2Cl)CC1)c1cccc(C#Cc2ccccc2)c1,6.68
C#Cc1ccc(C(=O)NCCN2CCN(c3cccc(Cl)c3Cl)CC2)cc1,7.16
C#Cc1cccc(C(=O)NCCCCN2CCN(c3ccccc3OC)CC2)c1,6.85
C#Cc1ccc(C(=O)NCCCCN2CCN(c3ccccc3OC)CC2)cc1,6.6
C#Cc1ccc(C(=O)NCCCCCN2CCN(c3cccc(Cl)c3Cl)CC2)cc1,7.64
C#Cc1cccc(C(=O)NCCCCN2CCN(c3cccc(Cl)c3Cl)CC2)c1,7.82
O=C(NCCN1CCN(c2cccc(Cl)c2Cl)CC1)c1cccc(C#Cc2ccccc2)c1,5.92
C#Cc1cccc(C(=O)NCCCCCN2CCN(c3cccc(Cl)c3Cl)CC2)c1,7.29
COc1ccccc1N1CCN(CCCCNC(=O)c2cccc(C#Cc3ccccc3)c2)CC1,5.92
COc1ccccc1N1CCN(CCCCCNC(=O)c2cccc(C#Cc3ccccc3)c2)CC1,7.51
COc1ccccc1N1CCN(CCCCNC(=O)c2ccc(C#Cc3ccccc3)cc2)CC1,5.85
C#Cc1ccc(C(=O)NCCCCN2CCN(c3cccc(Cl)c3Cl)CC2)cc1,7.82
O=C(NCCN1CCN(c2cccc(Cl)c2Cl)CC1)c1ccc(C#Cc2ccccc2)cc1,5.33
CCN(C1CCC(N2CCN(c3ccccc3OC(C)C)CC2)CC1)S(=O)(=O)c1ccc(OC)c(OC)c1,8.57
COc1ccc(S(=O)(=O)NC2CCC(N3CCN(c4ccccc4OCC(F)(F)F)CC3)CC2)cc1OC,6.94
CCCCCCn1cc(CN2CCC(O)(c3ccc(Cl)cc3)CC2)c2ccccc21,6.73
CC1(c2ccc(Cl)cc2)CCN(Cc2c[nH]c3ccccc23)CC1,6.0
COc1ccc2[nH]cc(CN3CCC(O)(c4ccc(SC)cc4)CC3)c2c1,8.26
CSc1ccc(C2(O)CCN(Cc3c[nH]c4ccccc34)CC2)cc1,7.62
OC1(c2ccc(Cl)cc2)CCCN(Cc2c[nH]c3ccccc23)CC1,6.7
C=CCOC1(c2ccc(Cl)cc2)CCN(Cc2c[nH]c3ccccc23)CC1,6.78
Cn1cc(CN2CCC(O)(c3ccc(Cl)cc3)CC2)c2ccccc21,7.53
CSc1ccc(C2(O)CCN(Cc3coc4ccccc34)CC2)cc1,7.27
OC1(c2ccc(-c3ccccc3)cc2)CCN(Cc2c[nH]c3ccccc23)CC1,7.01
CCCCCCOc1ccc(C2(O)CCN(Cc3c[nH]c4ccccc34)CC2)cc1,6.8
OC1(c2ccc(Cl)c(Cl)c2)CCN(Cc2n[nH]c3ccccc23)CC1,6.36
N#CC1(c2ccc(Cl)cc2)CCN(Cc2c[nH]c3ccccc23)CC1,6.7
CCOC(=O)C1(c2ccc(Cl)cc2)CCN(Cc2c[nH]c3ccccc23)CC1,7.23
COC1(c2ccc(Cl)cc2)CCN(Cc2c[nH]c3ccccc23)CC1,7.17
OC1(c2cccc(C(F)(F)F)c2)CCN(Cc2c[nH]c3ccccc23)CC1,6.97
OC1(c2ccc(Cl)cc2)CCN(Cc2n[nH]c3ccccc23)CC1,6.26
FC1(c2ccc(Cl)cc2)CCN(Cc2c[nH]c3ccccc23)CC1,6.92
OC1(c2ccc(Cl)cc2)CCCN(Cc2c[nH]c3ccccc23)C1,5.37
CC(=O)NC1(c2ccc(Cl)cc2)CCN(Cc2c[nH]c3ccccc23)CC1,7.08
OC1(c2ccc(Cl)c(Cl)c2)CCN(Cc2c[nH]c3ccccc23)CC1,8.16
COC(=O)C1(c2ccc(Cl)cc2)CCN(Cc2c[nH]c3ccccc23)CC1,7.22
CC(=O)NCC1(c2ccc(Cl)cc2)CCN(Cc2c[nH]c3ccccc23)CC1,5.7
OC1(c2ccc(F)cc2)CCN(Cc2c[nH]c3ccccc23)CC1,6.9
COc1ccc(C2(O)CCN(Cc3c[nH]c4ccccc34)CC2)cc1,6.75
OC1(c2ccc(Cl)cc2)CCN(Cc2coc3ccccc23)CC1,7.68
OC1(Cc2ccc(Cl)cc2)CCN(Cc2c[nH]c3ccccc23)CC1,5.54
Cc1[nH]c2ccccc2c1CN1CCC(O)(c2ccc(Cl)cc2)CC1,7.81
OCC1(c2ccc(Cl)cc2)CCN(Cc2c[nH]c3ccccc23)CC1,5.62
Oc1ccc(C2(O)CCN(Cc3c[nH]c4ccccc34)CC2)cc1,5.27
NC1(c2ccc(Cl)cc2)CCN(Cc2c[nH]c3ccccc23)CC1,6.74
OC1(c2ccccc2Cl)CCN(Cc2c[nH]c3ccccc23)CC1,6.42
OC1(c2cccc(Cl)c2)CCN(Cc2c[nH]c3ccccc23)CC1,6.89
OC1(c2cccc(Cl)c2Cl)CCN(Cc2c[nH]c3ccccc23)CC1,7.58
OC1(c2ccc(Cl)c(Cl)c2)CCN(Cc2coc3ccccc23)CC1,7.68
CCCCc1ccc(S(=O)(=O)Nc2ccc3c(c2)CNC3)cc1,6.1
CCCCc1ccc(S(=O)(=O)Nc2ccc3c(c2)CNCC3)cc1,6.1
CN1CCc2ccc(NS(=O)(=O)c3ccc(-c4ccc(Cl)cc4)cc3)cc2CC1,6.8
CC(C)c1cc2c(cc1NS(=O)(=O)c1ccc(-c3ccc(Cl)cc3)cc1)CCN(C)CC2,7.0
Cc1cc2c(cc1NS(=O)(=O)c1ccc(-c3ccc(Cl)cc3)cc1)CCN(C)CC2,7.8
CN1CCc2ccc(NS(=O)(=O)c3ccc(-c4ccc(Cl)cc4)s3)cc2CC1,6.4
CN1CCc2cc(Cl)c(NS(=O)(=O)c3ccc(-c4ccc(Cl)cc4)cc3)cc2CC1,7.4
Cc1ccc(-c2ccc(S(=O)(=O)Nc3ccc4c(c3)CCN(C)CC4)cc2)s1,6.5
Cc1noc(C)c1-c1ccc(S(=O)(=O)Nc2ccc3c(c2)CCN(C)CC3)cc1,7.0
CN1CCc2ccc(NS(=O)(=O)c3ccc(-c4ccc(F)c(Cl)c4)cc3)cc2CC1,7.3
CCCCc1ccc(S(=O)(=O)Nc2ccc3c(c2)CN(C)C3)cc1,6.7
COc1cc2c(cc1NS(=O)(=O)c1ccc(-c3ccc(Cl)cc3)cc1)CCN(C)CC2,8.4
CC(C)Nc1cc2c(cc1NS(=O)(=O)c1ccc(-c3ccc(Cl)cc3)cc1)CCN(C)CC2,7.3
CCCCc1ccc(S(=O)(=O)Nc2ccc3c(c2)CN(C)CC3)cc1,6.4
CC(C)Oc1cc2c(cc1NS(=O)(=O)c1ccc(-c3ccc(Cl)cc3)cc1)CCN(C)CC2,8.2
Cc1cc(S(=O)(=O)Nc2ccc3c(c2)CCN(C)CC3)ccc1-c1ccc(Cl)cc1,7.5
CCCCc1ccc(S(=O)(=O)Nc2ccc3c(c2)CCN(C)CC3)cc1,7.5
COc1cccc(CCc2ccccc2OCc2cccnc2)c1,5.3
COc1cccc(CCc2ccccc2OCc2ccccc2)c1,5.3
c1ccc(CCc2ccccc2OCc2cccnc2)cc1,5.3
c1ccc(CCc2ccccc2OCc2ccccn2)cc1,5.3
C=C1C(=CC=C2CCCC3(C)C2CCC3C(C)CC2OC(=O)C(=C)C2CCCC)CC(O)C(C)C1O,5.3
COc1ccccc1C1CCN(CNC(=O)c2cccc(C)c2)CC1,7.57
Cc1cccc(NC(=O)CN2CCC(c3ccccn3)CC2)c1,5.54
Cc1cccc(C(=O)NCN2CCC(c3ccccc3)CC2)c1,6.63
Cc1ccccc1C(=O)N1c2ccc(Cl)cc2N=C(N2CCN(C)CC2)c2ccccc21,5.31
Cc1ccccc1S(=O)(=O)N1c2ccc(Cl)cc2N=C(N2CCN(C)CC2)c2ccccc21,7.2
CN1CCN(C2=Nc3cc(Cl)ccc3N(NC(=O)c3ccc(C#N)cc3)c3ccc(Cl)cc32)CC1,6.71
COc1cccc(OC)c1C(=O)NN1c2ccccc2N=C(N2CCN(C)CC2)c2cc(Cl)ccc21,6.71
COc1ccccc1CNN1c2ccc(Cl)cc2N=C(N2CCN(C)CC2)c2ccccc21,6.7
CN1CCN(C2=Nc3ccccc3N(NC(=O)c3cc(F)ccc3C(F)(F)F)c3ccc(Cl)cc32)CC1,6.38
CCCN1CCN(C2=Nc3cc(Cl)ccc3N(NC(=O)c3ccccc3Cl)c3ccccc32)CC1,6.39
CCN1CCN(C2=Nc3cc(Cl)ccc3N(NC(=O)c3ccccc3Cl)c3ccccc32)CC1,6.15
CN1CCN(C2=Nc3cc(Cl)ccc3N(NC(=O)c3ccccc3Br)c3ccccc32)CC1,6.1
COc1cc(C(=O)NN2c3ccc(Cl)cc3N=C(N3CCN(C)CC3)c3ccccc32)cc(OC)c1OC,5.25
COc1cc(C(=O)NN2c3ccccc3N=C(N3CCN(C)CC3)c3cc(Cl)ccc32)cc(OC)c1OC,5.49
CN1CCN(C2=Nc3ccccc3N(NC(=O)c3ccc(C#N)cc3)c3ccc(Cl)cc32)CC1,5.71
Cc1ccccc1C(=O)NN1c2ccc(Cl)cc2N=C(N2CCN(C)CC2)c2cc(Cl)ccc21,6.76
CN1CCN(C2=Nc3cc(Cl)ccc3N(NC(=O)c3cccc(C#N)c3)c3ccc(Cl)cc32)CC1,6.76
FC1(F)Oc2cccc(CN3CCN(C4=Nc5cc(Cl)ccc5Nc5ccccc54)CC3)c2O1,8.1
Cc1ccc(S(=O)(=O)N2c3ccc(Cl)cc3N=C(N3CCN(C)CC3)c3ccccc32)cc1,6.47
CN1CCN(C2=Nc3cc(Cl)ccc3N(NC(=O)c3ccccc3I)c3ccc(Cl)cc32)CC1,7.44
CN1CCN(C2=Nc3cc(Cl)ccc3N(NC(=O)c3cccc(F)c3F)c3ccccc32)CC1,6.27
Fc1ccc(CN2CCN(C3=Nc4cc(Cl)ccc4Nc4ccccc43)CC2)c(F)c1,6.75
CN1CCN(C2=Nc3ccccc3N(NC(=O)c3ccccc3I)c3ccc(Cl)cc32)CC1,6.64
CN1CCN(C2=Nc3cc(Cl)ccc3N(NC(=O)c3ccc4c(c3)OCO4)c3ccccc32)CC1,6.08
CN1CCN(C2=Nc3cc(Cl)ccc3N(NC(=O)c3ccc4c(c3)OCO4)c3ccc(Cl)cc32)CC1,6.54
COc1cc(C(=O)NN2c3ccc(Cl)cc3N=C(N3CCN(C)CC3)c3cc(Cl)ccc32)cc(OC)c1OC,6.57
CN1CCN(C2=Nc3cc(Cl)ccc3N(NC(=O)c3cc(F)c(F)c(F)c3F)c3ccc(Cl)cc32)CC1,6.57
CN1CCN(C2=Nc3cc(Cl)ccc3N(NC(=O)c3ccncc3)c3ccccc32)CC1,4.55
CN1CCN(C2=Nc3ccccc3N(NC(=O)c3cc(F)c(F)c(F)c3F)c3ccc(Cl)cc32)CC1,6.12
CN1CCN(C2=Nc3ccccc3N(NC(=O)c3cccc(C#N)c3)c3ccc(Cl)cc32)CC1,5.93
CN1CCN(C2=Nc3cc(Cl)ccc3N(NC(=O)c3cccnc3)c3ccccc32)CC1,4.9
CN1CCN(C2=Nc3ccccc3N(NC(=O)c3ccc4c(c3)OCO4)c3ccc(Cl)cc32)CC1,5.9
COc1ccccc1C(=O)NN1c2ccc(Cl)cc2N=C(N2CCN(C)CC2)c2ccccc21,5.95
CC(C)N1CCN(C2=Nc3cc(Cl)ccc3N(NC(=O)c3ccccc3Cl)c3ccccc32)CC1,6.0
CN1CCN(C2=Nc3cc(Cl)ccc3N(NC(=O)c3cc(F)c(F)c(F)c3F)c3ccccc32)CC1,5.89
CN1CCN(C2=Nc3cc(Cl)ccc3N(NC(=O)c3cc(F)ccc3C(F)(F)F)c3ccc(Cl)cc32)CC1,7.16
FC(F)(F)Oc1cccc(CN2CCN(C3=Nc4cc(Cl)ccc4Nc4ccccc43)CC2)c1,8.47
CN1CCN(C2=Nc3cc(Cl)ccc3N(NC(=O)c3cccc(C#N)c3)c3ccccc32)CC1,5.44
Clc1ccc2c(c1)N=C(N1CCN(Cc3cccc4c3OCO4)CC1)c1ccccc1N2,7.1
CN1CCN(C2=Nc3cc(Cl)ccc3N(NC(=O)c3ccc(F)cc3C(F)(F)F)c3ccccc32)CC1,5.79
CN1CCN(C2=Nc3cc(Cl)ccc3N(C(=O)Nc3cc(Cl)cc(Cl)c3)c3ccccc32)CC1,5.41
COc1cccc(C(=O)NN2c3ccccc3N=C(N3CCN(C)CC3)c3cc(Cl)ccc32)c1,5.86
CN1CCN(C2=Nc3cc(Cl)ccc3N(NC(=O)c3cccc(C(F)(F)F)c3)c3ccccc32)CC1,5.87
COc1cccc(OC)c1C(=O)NN1c2ccc(Cl)cc2N=C(N2CCN(C)CC2)c2cc(Cl)ccc21,7.01
Cc1ccc(CN2CCN(C3=Nc4cc(Cl)ccc4Nc4ccccc43)CC2)c(C)c1,7.19
COc1cccc(C(=O)NN2c3ccc(Cl)cc3N=C(N3CCN(C)CC3)c3cc(Cl)ccc32)c1,6.86
CN1CCCc2c([nH]c3ccccc23)Cc2ccccc2CC1,7.42
Oc1cc2c(cc1O)C1c3ccccc3CNC1CO2,5.72
C#Cc1ccc2cc(C(=O)NCCCCN3CCN(c4ccccc4OC)CC3)sc2c1,6.7
CCCc1c(C(=O)NCCCCCN2CCN(c3ccccc3OC)CC2)nnn1Cc1ccccc1Br,8.28
O=C(NCCCCN1CCN(c2ccccc2Cl)CC1)c1ccc(-c2ccccc2)cc1,6.89
Clc1ccc(N2CCN(Cc3cnn4c(I)cccc34)CC2)cc1,5.12
COc1ccc(C(=O)NCCCCN2CCN(c3ccccc3Cl)CC2)cc1OC,6.55
CCCc1c(C(=O)NCCCCN2CCN(c3ccccc3OC)CC2)nnn1Cc1ccccc1Br,7.66
COc1ccccc1N1CCN(CCCCNC(=O)c2cc3cc(C#N)ccc3o2)CC1,6.89
O=C(NCCCCN1CCN(c2cccc(Cl)c2Cl)CC1)c1cc2ccccc2[nH]1,5.51
COc1ccccc1N1CCN(CCCCNC(=O)c2ccn3nccc3c2)CC1,6.72
CCCc1c(C(=O)NCCCCN2CCN(c3ccccc3OC)CC2)nnn1Cc1ccc(OC)cc1,7.37
COc1ccccc1N1CCN(CCCCNC(=O)c2cccn3nccc23)CC1,6.57
COc1ccccc1N1CCN(CCCCNC(=O)c2nnn(Cc3ccccc3)c2C)CC1,6.64
CCCc1c(C(=O)NCCCCN2CCN(c3cccc(Cl)c3Cl)CC2)nnn1Cc1ccccc1,7.85
COc1ccccc1N1CCN(CCCCCNC(=O)c2nnn(Cc3ccccc3)c2C)CC1,8.03
O=C(NCCCCN1CCN(c2cccc(Cl)c2Cl)CC1)c1cc2cc(Br)ccc2o1,5.0
COc1ccccc1N1CCN(CCCCCNC(=O)c2nnn(Cc3ccccc3Br)c2C)CC1,8.31
COc1ccc(Cn2nnc(C(=O)NCCCCCN3CCN(c4cccc(Cl)c4Cl)CC3)c2C)cc1,8.04
COc1ccccc1N1CCN(CCCCNC(=O)c2cc3cc(C#N)ccc3[nH]2)CC1,6.85
OCc1ccc2c(CN3CCN(c4ccc(Cl)cc4)CC3)cnn2c1,4.56
COc1ccc(Cn2nnc(C(=O)NCCCCN3CCN(c4ccccc4OC)CC3)c2C)cc1,7.26
C#Cc1cccc2c(CN3CCN(c4ccc(Cl)cc4)CC3)cnn12,5.43
COc1ccccc1N1CCN(CCCCCNC(=O)c2cc3ccccn3n2)CC1,7.15
Cc1cccc2c(CN3CCN(c4ccc(Cl)cc4)CC3)cnn12,5.31
COc1ccc(Cn2nnc(C(=O)NCCCCCN3CCN(c4ccccc4OC)CC3)c2C)cc1,7.77
COc1ccccc1N1CCN(CCCCNC(=O)c2cc3cc(Br)ccc3[nH]2)CC1,6.96
O=C(NCCCCN1CCN(c2cccc(Cl)c2Cl)CC1)c1cc2cc(Br)ccc2[nH]1,5.64
COc1ccccc1N1CCN(CCCCNC(=O)c2nnn(Cc3ccccc3Br)c2C)CC1,7.21
N#Cc1ccc2cc(C(=O)NCCCCN3CCN(c4cccc(Cl)c4Cl)CC3)[nH]c2c1,6.47
O=C(NCCCCN1CCN(c2ccccc2Cl)CC1)c1ccc(Cl)cc1,6.33
O=C(NCCCCN1CCN(c2ccccc2Cl)CC1)c1ccc2ccccc2c1,6.34
Cc1c(C(=O)NCCCCCN2CCN(c3cccc(Cl)c3Cl)CC2)nnn1Cc1ccccc1,8.0
COc1ccccc1N1CCN(CCCCNC(=O)c2cc3cc(C#N)ccc3s2)CC1,7.17
COc1ccccc1N1CCN(CCCCNC(=O)c2cc3ccc(C#N)cc3[nH]2)CC1,6.8
COc1ccccc1N1CCN(CCCCNC(=O)c2cc3ccccc3s2)CC1,7.06
c1ccc(C2CCN(Cc3cnn(-c4ccccc4)c3)CC2)cc1,7.42
COc1ccccc1N1CCN(CCNC(=O)c2cc3ccccn3n2)CC1,6.28
Cc1c(C(=O)NCCCCN2CCN(c3cccc(Cl)c3Cl)CC2)nnn1Cc1ccccc1,7.41
COc1ccccc1N1CCN(CCCCNC(=O)c2cccc3ccnn23)CC1,6.82
COc1ccccc1N1CCN(CCCCNC(=O)c2cc3cc(Br)ccc3o2)CC1,7.02
COc1ccccc1N1CCN(CCCCCNC(=O)c2cnn3ccccc23)CC1,7.52
C#Cc1ccc2sc(C(=O)NCCCCN3CCN(c4ccccc4OC)CC3)cc2c1,6.39
CCCc1c(C(=O)NCCCCN2CCN(c3ccccc3OC)CC2)nnn1Cc1ccccc1,7.24
COc1ccccc1N1CCN(CCCCNC(=O)c2cc3ccccn3n2)CC1,6.51
COc1ccccc1N1CCN(CCCNC(=O)c2cc3ccccn3n2)CC1,6.08
CCCN(CCN1CCN(c2ccccc2)CC1)C1CCc2ccc3c(c2C1)CC(=O)N3,7.04
CCCN(CCN1CCN(c2ccccc2)CC1)C1CCc2c(O)cccc2C1,7.58
CCCN(CCC)C1CCc2ccc(O)cc2C1,6.7
CCCN(CCN1CCN(c2ccccc2)CC1)C1CCc2cc(O)c(O)cc2C1,7.15
CCCN(CCCN1CCN(c2ccccc2)CC1)C1CCc2ccc(O)cc2C1,6.78
CCCN(CCN1CCN(c2cccc(Cl)c2Cl)CC1)C1CCc2c(O)cccc2C1,7.84
CCCN(CCN1CCN(c2ccccc2)CC1)C1CCc2ccc(N)cc2C1,6.2
CCCN(CCCCN1CCN(c2ccccc2)CC1)C1CCc2cc(O)c(O)cc2C1,7.66
CCCN(CCN1CCN(c2ccccc2)CC1)C1CCc2cc(O)ccc2C1,6.19
CCCN(CCN1CCN(c2ccccc2OC)CC1)C1CCc2c(O)cccc2C1,8.02
COc1ccc(NS(=O)(=O)c2sc3ccc(Cl)cc3c2C)cc1N1CCNCC1,6.34
COc1cc(CN2CCN(c3ccccc3OC)CC2)ccc1OCCF,6.51
FCCOc1ccc(CN2CCN(c3ccc(Cl)cc3)CC2)cc1,5.96
COc1cc(CN2CCN(c3ccc(Cl)cc3)CC2)ccc1OCCF,4.68
COc1cc(CN2CCN(c3ccc(Cl)cc3)CC2)c(OCCF)cc1OC,6.12
FCCOc1cccc(CN2CCN(c3ccc(Cl)cc3)CC2)c1,6.23
COc1ccccc1N1CCN(Cc2cccc(OCCF)c2)CC1,7.24
COc1ccccc1N1CCN(Cc2ccc(OCCF)cc2)CC1,6.92
COc1cc(CN2CCN(c3ccccc3OC)CC2)c(OCCF)cc1OC,7.03
Oc1ccc(N2CCN(Cc3cnn4ccccc34)CC2)cc1,5.21
Fc1cccc(N2CCN(Cc3cnn4ccccc34)CC2)n1,6.48
FCCOc1ccc(N2CCN(Cc3cc4ccccn4n3)CC2)cc1,4.52
FCCOc1ccccc1N1CCN(Cc2cc3ccccn3n2)CC1,7.34
Brc1cccc(N2CCN(Cc3cc4ccccn4n3)CC2)n1,6.06
Oc1ccccc1N1CCN(Cc2cnn3ccccc23)CC1,5.35
Brc1cccc(N2CCN(Cc3cnn4ccccc34)CC2)n1,6.68
Fc1cccc(N2CCN(Cc3cc4ccccn4n3)CC2)n1,5.47
FCCOc1ccccc1N1CCN(Cc2cnn3ccccc23)CC1,6.82
FCCOc1ccc(N2CCN(Cc3cnn4ccccc34)CC2)cc1,4.18
CN1CCc2c3c(cc4nc(N)sc24)-c2c(ccc(O)c2O)CC31,6.48
COc1cccc(CCc2ccccc2OCCCN2CCN(c3ncccn3)CC2)c1,4.7
COc1cccc(CCc2ccccc2OCCCCN2CCN(c3ccccc3OC)CC2)c1,4.17
COc1cccc(CCc2ccccc2OCCCN2CCN(c3ccccc3OC)CC2)c1,5.2
O=C(NCCCCN1CCN(c2cccc(OCCF)c2)CC1)c1ccc(-n2ccnc2)cc1,6.71
O=C(NCCCCN1CCN(c2ccccc2OCCF)CC1)c1ccc2nonc2c1,7.75
COc1ccccc1N1CCN(CCCNC(=O)c2ccc(-n3ccnc3)cc2)CC1,6.92
COc1ccccc1N1CCN(CCCNC(=O)c2ccc3nonc3c2)CC1,7.05
COc1cccc(N2CCN(CCCCNC(=O)c3ccc(-n4ccnc4)cc3)CC2)c1,6.61
O=C(NCCCCN1CCN(c2ccccc2OCCF)CC1)c1ccc(-n2ccnc2)cc1,8.23
COc1ccccc1N1CCN(CCCCNC(=O)c2ccc3nonc3c2)CC1,7.51
COc1cc(F)cc(N2CCN(CCCCNC(=O)c3ccc(-n4ccnc4)cc3)CC2)c1,6.88
COc1cc(F)cc(N2CCN(CCCCNC(=O)c3ccc4nonc4c3)CC2)c1,5.87
CCC(=O)NC1CCc2ccc(CCN3CCN(c4nsc5ccccc45)CC3)cc21,7.47
O=C(NC1CCc2ccc(CCN3CCN(c4nsc5ccccc45)CC3)cc21)C1CC1,7.68
O=C(NC1CCc2ccc(CCN3CCN(c4nsc5ccccc45)CC3)cc21)c1ccc(Cl)cc1,8.3
O=C(NC1CCc2ccc(CCN3CCN(c4nsc5ccccc45)CC3)cc21)c1ccno1,8.52
O=C(NC1CCc2ccc(CCN3CCN(c4nsc5ccccc45)CC3)cc21)c1ccccc1,7.66
CC(=O)NC1CCc2ccc(CCN3CCN(c4nsc5ccccc45)CC3)cc21,7.66
CCCC(=O)NC1CCc2ccc(CCN3CCN(c4nsc5ccccc45)CC3)cc21,7.57
O=C(NC1CCc2cc(CCN3CCN(c4nsc5ccccc45)CC3)ccc21)c1ccc(F)cc1,8.0
Cc1ccc(C(=O)NC2CCc3ccc(CCN4CCN(c5nsc6ccccc56)CC4)cc32)cc1,7.82
O=C(Cc1ccccc1)NC1CCc2ccc(CCN3CCN(c4nsc5ccccc45)CC3)cc21,7.58
O=C(NC1CCc2cc(CCN3CCN(c4nsc5ccccc45)CC3)ccc21)C(F)(F)F,8.1
O=C(CCc1ccccc1)NC1CCc2ccc(CCN3CCN(c4nsc5ccccc45)CC3)cc21,7.48
CC(=O)NC1CCc2cc(CCN3CCN(c4nsc5ccccc45)CC3)ccc21,7.82
O=C(NC1CCc2ccc(CCN3CCN(c4nsc5ccccc45)CC3)cc21)c1cccnc1,8.22
NC1CCc2ccc(CCN3CCN(c4nsc5ccccc45)CC3)cc21,7.68
CC(C)C(=O)NC1CCc2ccc(CCN3CCN(c4nsc5ccccc45)CC3)cc21,7.17
O=C(NC1CCc2ccc(CCN3CCN(c4nsc5ccccc45)CC3)cc21)c1ccc(F)cc1,8.22
O=C(NC1CCc2ccc(CCN3CCN(c4nsc5ccccc45)CC3)cc21)C(F)(F)F,8.0
O=C(NC1CCc2ccc(CCN3CCN(c4nsc5ccccc45)CC3)cc21)c1ccco1,8.3
O=C(NC1CCc2cc(CCN3CCN(c4nsc5ccccc45)CC3)ccc21)c1cccnc1,8.3
CC(C)Oc1ccccc1N1CCN(C2CCC(NC(=O)Nc3ccccc3Cl)CC2)CC1,7.48
CC(C)Oc1ccccc1N1CCN(C2CCC(NC(=O)Nc3ccc(F)c(F)c3)CC2)CC1,7.27
COc1ccccc1NC(=O)NC1CCC(N2CCN(c3ccccc3OC(C)C)CC2)CC1,6.41
CC(C)Oc1ccccc1N1CCN(C2CCC(NC(=O)Nc3ccc(F)cc3F)CC2)CC1,9.16
CC(C)Oc1ccccc1N1CCN(C2CCC(NC(=O)Nc3c(Cl)cc(Cl)cc3Cl)CC2)CC1,8.19
CC(C)Oc1ccccc1N1CCN(C2CCC(NC(=O)Nc3cc(F)ccc3F)CC2)CC1,9.34
COc1ccc(NC(=O)NC2CCC(N3CCN(c4ccccc4OC(C)C)CC3)CC2)c(OC)c1,6.54
CC(C)Oc1ccccc1N1CCN(C2CCC(NC(=O)Nc3c(Cl)cccc3Cl)CC2)CC1,8.33
CC(C)Oc1ccccc1N1CCN(C2CCC(NC(=O)Nc3cccc(Cl)c3)CC2)CC1,7.08
COc1ccc(Cl)cc1NC(=O)NC1CCC(N2CCN(c3ccccc3OC(C)C)CC2)CC1,8.92
CC(C)Oc1ccccc1N1CCN(C2CCC(NC(=O)Nc3c(F)cccc3F)CC2)CC1,8.62
CC(C)Oc1ccccc1N1CCN(C2CCC(NC(=O)NCc3cccc(F)c3)CC2)CC1,6.92
COc1c(OCCF)cccc1C(=O)C1CCN(CCc2ccc(F)cc2)CC1,5.42
COc1c(OCCF)cccc1C(O)C1CCN(CCc2ccc(F)cc2)CC1,5.57
CCCN1CCOC2c3cc(C(=O)NC)ccc3CCC21,5.1
CCCN1CCOC2c3cc4c(cc3CCC21)CCOC4=O,5.83
CCCN1CCOC2c3cc(C#N)ccc3CCC21,6.1
CCCN1CCOC2c3cc4c(cc3CCC21)CNC4=O,6.3
CCCCNC(=O)c1ccc2c(c1)C1OCCN(CCC)C1CC2,5.34
CCCN1CCOC2c3cc4c(cc3CCC21)COC4=O,5.69
CCCN1CCOC2c3cc(C(N)=O)ccc3CCC21,6.12
CCCN1CCOC2c3cc(C(=O)NCc4ccc(OC)cc4)ccc3CCC21,5.47
CCCN1CCOC2c3cc4c(=O)[nH]ccc4cc3CCC21,5.92
CCCN1CCOC2c3cc4c(cc3CCC21)CCNC4=O,6.11
CCCN1CCOC2c3cc(C(C)=O)ccc3CCC21,5.51
Oc1ccc2c(c1)CCNCCc1ccccc1C2,6.41
CCN1CCc2ccccc2Cc2ccc(O)cc2CC1,7.11
Cc1ccc(N2CCN(CC3CC3c3ccccc3)CC2)c(C)c1,6.29
CN1CCc2cc(-c3ccc(O)cc3)cc3c2C1Cc1ccc(O)c(O)c1-3,8.42
CN1CCc2cc(-c3ccccc3)cc3c2C1Cc1ccc(O)c(O)c1-3,7.06
O=C(CCCN1CC2CC1CN2c1ccc(Cl)cc1)c1ccc(F)cc1,6.77
O=C(CCCN1CCCN(c2ccc(Cl)cc2)CC1)c1ccc(F)cc1,7.36
O=C(CCCN1CCN(c2ncccn2)CC1)c1ccc(F)cc1,7.01
O=C(CCCN1C2CCC1CC(O)(c1ccccc1)C2)c1ccc(F)cc1,8.64
O=C(CCCN1C2CCC1CC(c1ccccc1)C2)c1ccc(F)cc1,6.91
O=C(CCCN1CC2CCC(C1)N2c1ccccc1)c1ccc(F)cc1,6.81
O=C(CCCN1C2CCC1CN(c1ccc(Cl)cc1)CC2)c1ccc(F)cc1,6.75
Cc1cccc(-c2c(O)c(O)cc3c2CCN(C)CC3c2cccc(C)c2)c1,6.68
Cc1cccc(C2CN(C)CCc3c2cc(O)c(O)c3-c2ccc3ccccc3c2)c1,7.54
O=C1c2ccccc2CCN1CCCCN1CCN(c2cccc(Cl)c2Cl)CC1,7.94
O=C1c2ccccc2CCCN1CCCCN1CCN(c2ccccn2)CC1,6.64
O=C1c2ccccc2CCCN1CCCCN1CCN(c2cccc(Cl)c2Cl)CC1,7.44
COc1ccccc1N1CCN(CCCCCN2CCc3ccccc3C2=O)CC1,7.69
O=C1c2ccccc2CCCN1CCCCN1CCN(c2ncccn2)CC1,6.82
COc1ccccc1N1CCN(CCCN2CCCc3ccccc3C2=O)CC1,6.1
COc1ccccc1N1CCN(CCCCN2CCc3ccccc3C2=O)CC1,7.91
O=C1c2ccccc2CCCN1CCCN1CCN(c2cccc(Cl)c2Cl)CC1,6.66
COc1ccccc1N1CCN(CCCCN2CCCc3ccccc3C2=O)CC1,8.44
COc1cccc(N2CCN(CCCCN3CCc4ccccc4C3=O)CC2)c1,6.8
CCCN(CCC)CCCCNC(=O)c1ccc(-c2ccccc2)cc1,5.01
CCCN(CCCCNC(=O)c1ccc(-c2ccccc2)cc1)C1CCCCC1,5.33
CCCNCCCCNC(=O)c1ccc(-c2ccccc2)cc1,4.68
C#CC1=CCC(N(CCC)CCCCNC(=O)c2ccc(-c3ccccc3)cc2)CC1,7.4
CCCN(CCCCn1cc(-c2ccc(-c3ccccc3)cc2)nn1)C1CC=C(C#Cc2ccccc2)CC1,6.68
CCCN(CCCCNC(=O)c1ccc(-c2ccccc2)cc1)C1CC=C(C#C[Si](C)(C)C)CC1,6.66
CCCN(CCCCNC(=O)c1ccc(-c2ccccc2)cc1)C1CC=C(C#Cc2ccccc2)CC1,5.26
CC#CC1=CCC(N(CCC)CCCCn2cc(C)nn2)CC1,5.39
CCCN(CCCCn1cc(-c2ccc(-c3ccccc3)cc2)nn1)C1CC=C(C#C[Si](C)(C)C)CC1,6.16
O=C1CC(CN2CCC(c3noc4cc(F)ccc34)CC2)Cc2occc21,7.8
COC(=O)c1coc2c1C(=O)CC(CN1CCC(c3noc4cc(F)ccc34)CC1)C2,7.07
O=C1CC(CN2CCC(C(=O)c3ccc(F)cc3)CC2)Cc2occc21,6.82
O=C1CC(CN2CCC(c3noc4cc(F)ccc34)CC2)Cc2oc(-c3ccccc3)cc21,7.92
O=C1c2ccoc2CCC1CCN1CCC(c2noc3cc(F)ccc23)CC1,7.34
CCOC(=O)c1oc2c(c1C)C(=O)CC(CN1CCC(c3noc4cc(F)ccc34)CC1)C2,6.67
OCCN1CCN(CCCN2c3ccccc3Sc3ccc(C(F)(F)F)cc32)CC1,8.84
CN(CCCC12CCC(c3ccccc31)c1ccccc12)Cc1ccc(OCCCN2CCCCC2)cc1,6.84
O=C(OCCN1CCN(CCCN2c3ccccc3Sc3ccc(C(F)(F)F)cc32)CC1)c1ccc(OCCCN2CCCCC2)cc1,7.33
CN(CCC=C1c2ccccc2CCc2ccccc21)Cc1ccc(OCCCN2CCCCC2)cc1,7.0
CN(C)CCC=C1c2ccccc2Sc2ccc(Cl)cc21,8.53
CN(C)CCC=C1c2ccccc2CCc2ccccc21,6.71
Clc1ccc2c(c1)N=C(N1CCN(Cc3ccc(OCCCN4CCCCC4)cc3)CC1)c1ccccc1N2,6.54
CNCCCC12CCC(c3ccccc31)c1ccccc12,6.18
CN(CCC=C1c2ccccc2CCc2ccccc21)C(=O)Cc1ccc(OCCCN2CCCCC2)cc1,6.04
CSc1ccccc1N1CCN(CCCNC(=O)c2cnn3ccccc23)CC1,8.66
Clc1ccc(N2CCN(CCCCCc3cc4ccccn4n3)CC2)cc1,6.66
COc1ccccc1N1CCN(Cc2cc3ccccn3n2)CC1,6.46
CSc1ccccc1N1CCN(CCCCNC(=O)c2cc3ccccn3n2)CC1,7.43
COc1ccccc1N1CCN(CCCNC(=O)c2cnn3ccccc23)CC1,7.89
OC1(c2ccc(Cl)cc2)CC2CCC(C1)N2Cc1coc2c1ccc1ccccc12,8.25
OC1(c2ccc(Cl)cc2)CC2CCC(C1)N2Cc1c[nH]c2ccccc12,7.48
OC1(c2ccc(Cl)cc2)CC2CCC(C1)N2Cc1coc2ccc(F)cc12,8.92
COc1ccc2[nH]cc(CN3C4CCC3CC(O)(c3ccc(Cl)cc3)C4)c2c1,7.41
OC1(c2ccc(Cl)cc2)CC2CCC(C1)N2Cc1coc2ccc3ccccc3c12,7.93
OC1(c2cccc(Cl)c2Cl)CC2CCC(C1)N2Cc1c[nH]c2ccccc12,6.26
CSc1ccc(C2(O)CC3CCC(C2)N3Cc2c[nH]c3ccccc23)cc1,6.25
OC1(c2cccc(Cl)c2Cl)CC2CCC(C1)N2Cc1coc2ccccc12,7.4
COc1ccc2occ(CN3C4CCC3CC(O)(c3ccc(Cl)cc3)C4)c2c1,8.82
OC1(c2ccc(Cl)c(Cl)c2)CC2CCC(C1)N2Cc1coc2ccccc12,8.77
OC1(c2ccc(F)cc2)CC2CCC(C1)N2Cc1c[nH]c2ccccc12,7.38
OC1(c2ccc(Cl)cc2)CC2CCC(C1)N2Cc1n[nH]c2ccccc12,6.65
OC1(c2cccc(Cl)c2Cl)CC2CCC(C1)N2Cc1csc2ccccc12,6.55
OC1(c2ccc(Cl)c(Cl)c2)CC2CCC(C1)N2Cc1c[nH]c2ccccc12,7.45
OC1(c2ccc(Cl)cc2)CC2CCC(C1)N2Cc1csc2ccccc12,7.89
COc1ccccc1C1(O)CC2CCC(C1)N2Cc1c[nH]c2ccccc12,5.68
OC1(c2ccc3ccccc3c2)CC2CCC(C1)N2Cc1c[nH]c2ccccc12,6.71
OC1(c2ccc(F)cc2)CC2CCC(C1)N2Cc1coc2ccccc12,8.31
OC1(c2ccc(Cl)c(Cl)c2)CC2CCC(C1)N2Cc1coc2ccc(F)cc12,8.85
COc1ccc2[nH]cc(CN3C4CCC3CC(O)(c3ccc(SC)cc3)C4)c2c1,6.26
OC1(c2ccc(Cl)cc2)CC2CCC(C1)N2Cc1c[nH]c2ncccc12,6.23
OC1(c2ccc(Cl)cc2)CC2CCC(C1)N2CCc1c[nH]c2ccccc12,7.28
O=C(CN1C2CCC1CC(O)(c1ccc(Cl)cc1)C2)c1ccc(F)cc1,5.91
OC1(c2ccc(Cl)cc2)CC2CCC(C1)N2Cc1ccc(F)cc1,5.98
Clc1ccc(N2CCCN(Cc3c[nH]c4ncccc34)CC2)cc1,6.01
O=C(CCCN1CC2CC1N(c1ccc(Cl)cc1)C2)c1ccc(F)cc1,6.77
CSc1ccccc1N1CCN(CCCCCC(=O)NCc2ccc(C#N)cc2)CC1,8.28
CC(C)c1ccccc1N1CCN(CCCCCC(=O)N2Cc3ccccc3C2)CC1,7.19
COc1ccccc1N1CCN(CCCCCC(=O)NCc2ccc(OS(C)(=O)=O)cc2)CC1,7.04
CSc1ccccc1N1CCN(CCCCCC(=O)NCc2ccccc2)CC1,7.48
CSc1ccccc1N1CCN(CCCCCC(=O)NCc2ccncc2)CC1,7.19
CSc1ccccc1N1CCN(CCCCCC(=O)NCc2ccc(OS(C)(=O)=O)cc2)CC1,7.52
CC(C)c1ccccc1N1CCN(CCCCCC(=O)N2CCc3ccccc3C2)CC1,8.89
CC(C)c1ccccc1N1CCN(CCCCCC(=O)NCc2ccc(OS(C)(=O)=O)cc2)CC1,8.11
COc1ccccc1N1CCN(CCCCCC(=O)NCc2ccccc2)CC1,6.65
O=C(CCCCCN1CCN(c2ccccc2-c2ccccc2)CC1)NCc1ccncc1,6.73
CSc1ccccc1N1CCN(CCCCCC(=O)N2Cc3ccccc3C2)CC1,7.02
COc1ccccc1N1CCN(CCCCCC(=O)NCc2ccc(C#N)cc2)CC1,6.51
O=C(CCCCCN1CCN(c2ccccc2-c2ccccc2)CC1)N1CCc2ccccc2C1,6.44
CSc1ccccc1N1CCN(CCCCCC(=O)N2CCc3ccccc3C2)CC1,7.4
COc1ccccc1N1CCN(CCCCCC(=O)N2CCc3ccccc3C2)CC1,7.66
CC(C)c1ccccc1N1CCN(CCCCCC(=O)NCc2ccncc2)CC1,7.68
CC(C)c1ccccc1N1CCN(CCCCCC(=O)NCc2ccc(C#N)cc2)CC1,7.7
CS(=O)(=O)Oc1ccc(CNC(=O)CCCCCN2CCN(c3ccccc3-c3ccccc3)CC2)cc1,6.14
O=C(CCCCCN1CCN(c2ccccc2-c2ccccc2)CC1)NCc1ccccc1,6.3
COc1ccccc1N1CCN(CCCCCC(=O)NCc2ccncc2)CC1,6.3
COc1ccccc1N1CCN(CCCCCC(=O)N2Cc3ccccc3C2)CC1,6.14
Cc1ccc2c(c1)c1c(n2CCc2ccccc2)CCN(C)C1,7.07
Cc1ccc2c(c1)c1c(n2C=Cc2ccccc2)CCN(C)C1,7.46
Cc1ccc2c(c1)c1c(n2CCc2ccc(C)nc2)CCN(C)C1,6.2
Oc1cc2c(cc1O)C1c3ccccc3CNC1CC2,5.58
Oc1ccc2c(c1)CCN1Cc3ccccc3CC21,6.31
COc1ccc2c(c1)CCN1Cc3ccccc3CC21,6.5
COc1ccc2c(c1)CCN(C)C2Cc1ccccc1C,5.13
Cc1ccccc1CC1c2ccc(O)cc2CCN1C,5.57
COCC1CCCN1N1CCN(c2cccc(Cl)c2)C1=O,7.1
CN(CCN1CCN(c2ccc(F)cc2)C1=O)CC12CCC(CC1)C2(C)C,6.2
COc1cccc(C2CCCN(CCN3CCN(c4cccc(Cl)c4)C3=O)C2)c1,7.6
O=C1N(CCN2C3CCCC2CC3)CCN1c1cccc(Cl)c1,8.3
O=C1N(CCN2CCC(c3nnc(-c4ccccc4)o3)CC2)CCN1c1cccc(Cl)c1,6.3
O=C1N(CCN2CCC(c3ccc(Cl)cc3)CC2)CCN1c1cccc(Cl)c1,6.6
O=C1N(CCN2CC3CCC2Cc2ccccc2C3)CCN1c1cccc(Cl)c1,7.6
CN(CCN1CCN(c2ccccc2)C1=O)CC12CCC(CC1)C2(C)C,6.7
O=C1N(CCN2CCCc3sccc3C2)CCN1c1cccc(Cl)c1,8.5
CC1(C)C2CCC13CCN(CCN1CCN(c4cccc(Cl)c4)C1=O)C3C2,6.5
COCC1C2CCC1CN(CCN1CCN(c3cccc(Cl)c3)C1=O)C2,6.5
Cc1ccc(N2CCN(CCN(C)CC34CCC(CC3)C4(C)C)C2=O)cc1,6.0
CN(CCN1CCN(C2COOC2)C1=O)CC12CCC(CC1)C2(C)C,5.8
COc1cccc(CCN(C)CCN2CCN(c3cccc(Cl)c3)C2=O)c1,7.3
Cc1cc(CN(C)CCN2CCN(c3cccc(Cl)c3)C2=O)on1,6.8
CCN(CC)CCN1CCN(c2cccc(Cl)c2)C1=O,7.6
O=C1N(CCN2CC3CCC(CC3)C2)CCN1c1cccc(Cl)c1,7.6
CC12CC(c3ccccc3)CC(C1)N(CCN1CCN(c3cccc(Cl)c3)C1=O)C2,7.8
CC1(C)CC2CC(C)(CN2CCN2CCN(c3cccc(Cl)c3)C2=O)C1,7.0
COc1ccc(CCN(C)CCN2CCN(c3cccc(Cl)c3)C2=O)cc1OC,7.0
O=C1N(CCN2CC3CCC2C3)CCN1c1cccc(Cl)c1,8.4
CN(CCN1CCN(c2cccc(Cl)c2)C1=O)Cc1cc2ccccc2s1,7.3
COc1ccccc1N1CCN(CCNC(=O)c2cn(-c3ccc([N+](=O)[O-])cc3)nn2)CC1,8.19
COc1ccc(-n2cc(C(=O)NCCCCN3CCN(c4cccc(Cl)c4Cl)CC3)nn2)cc1,7.31
O=C(CCCc1cn(-c2ccc([N+](=O)[O-])cc2)nn1)NCCCCN1CCN(c2cccc(Cl)c2Cl)CC1,7.28
COc1ccc(-n2cc(CCCC(=O)NCCCCN3CCN(c4cccc(Cl)c4Cl)CC3)nn2)cc1,9.0
CCCN(CCN1CCN(c2cccc3ncccc23)CC1)C1CCc2ccc(O)cc2C1,8.28
CCCN(CCN1CCN(c2ccc3ccccc3c2)CC1)C1CCc2ccc(O)cc2C1,8.05
CCCN(CCN1CCN(C(=O)c2cc3ccccc3[nH]2)CC1)C1CCc2c(O)cccc2C1,7.32
CCCN(CCN1CCN(c2nccc3ccccc23)CC1)C1CCc2nc(N)sc2C1,6.57
CCCN(CCN1CCN(c2ccnc3ccccc23)CC1)C1CCc2c(cccc2OC)C1,8.43
CCCN(CCN1CCN(c2cccc3ccccc23)CC1)C1CCc2ccc(O)cc2C1,7.87
CCCN(CCN1CCN(c2ccc(-c3ccccc3)cc2)CC1)C1CCc2nc(N)sc2C1,6.58
CCCN(CCN1CCN(c2cccc3ncccc23)CC1)C1CCc2nc(N)sc2C1,7.24
CCCN(CCN1CCN(c2ccc(-c3ccncc3)cc2)CC1)C1CCc2nc(N)sc2C1,6.57
CCCN(CCN1CCN(c2ccnc3ccccc23)CC1)C1CCc2nc(N)sc2C1,6.96
CCCN(CCC)C1CCc2c(O)cccc2C1,7.23
O=C1N(CCN2Cc3ccccc3C2)CCN1Cc1cc(Cl)ccc1Cl,6.1
O=C1N(CCN2Cc3ccccc3C2)CCN1c1cccc(OC(F)(F)F)c1,7.4
CC1CCN(CCN2CCN(c3cccc(Cl)c3)C2=O)CC1,7.8
O=C1N(CCN2Cc3ccccc3C2)CCN1Cc1cccc(C(F)(F)F)c1,6.6
O=C1N(CCN2CCC(C(F)(F)F)CC2)CCN1c1cccc(Cl)c1,7.0
O=C1N(CCN2Cc3ccccc3C2)CCN1c1ccc2sccc2c1,6.6
CC(C)N1CCN(CCN2CCN(c3cccc(OC(F)(F)F)c3)C2=O)CC1,6.6
Cc1ccc(N2CCN(CCN3Cc4ccccc4C3)C2=O)s1,6.3
O=C1N(CCN2Cc3ccccc3C2)CCN1Cc1cccc(Cl)c1,6.3
N#Cc1cccc(N2CCN(CCN3Cc4ccccc4C3)C2=O)c1,7.0
N#Cc1cc(N2CCN(CCN3Cc4ccccc4C3)C2=O)ccc1F,6.1
N#Cc1cccc(N2CCN(CCN3CCC(C(F)(F)F)CC3)C2=O)c1,7.0
COc1cccc(N2CCN(CCN3CCC(C(F)(F)F)CC3)C2=O)c1,6.8
O=C1N(CCN2CCC(C(F)(F)F)CC2)CCN1c1cccc(O)c1,7.4
CC1CCCCN1CCN1CCN(c2cccc(Cl)c2)C1=O,7.6
O=C1N(CCN2Cc3ccccc3C2)CCN1c1ccc(F)c(Cl)c1,6.8
CC(C)Oc1cccc(N2CCN(CCN3Cc4ccccc4C3)C2=O)c1,6.5
CC(C)N1CCN(CCN2CCN(c3cccc(Cl)c3)C2=O)CC1,6.7
O=C1N(CCN2Cc3ccccc3C2)CCN1c1cc(Cl)ccc1F,6.8
O=C1N(CCN2Cc3ccccc3C2)CCN1c1cccc(C(F)(F)F)c1,7.3
O=C1N(CCN2Cc3ccccc3C2)CCN1c1ccc2occc2c1,6.0
CC(C)(C)c1ccc(N2CCN(CCN3Cc4ccccc4C3)C2=O)cc1,6.2
CC(C)N1CCN(CCN2CCN(c3cccc(C#N)c3)C2=O)CC1,6.5
N#Cc1cc(N2CCN(CCN3CCC(C(F)(F)F)CC3)C2=O)ccc1F,6.0
O=C1N(CCN2CCC(C(F)(F)F)CC2)CCN1c1cccc(OC(F)(F)F)c1,6.8
COc1cccc(N2CCN(CCN3CCN(C(C)C)CC3)C2=O)c1,5.6
O=C1N(CCN2Cc3ccccc3C2)CCN1c1ccc(Cl)c(Cl)c1,6.6
CC(C)c1cccc(N2CCN(CCN3Cc4ccccc4C3)C2=O)c1,7.1
CC1CCCN(CCN2CCN(c3cccc(Cl)c3)C2=O)C1,7.7
O=C1N(CCN2Cc3ccccc3C2)CCN1Cc1ccccc1Cl,6.4
CN1CCN(CCN2CCN(c3cccc(Cl)c3)C2=O)CC1,6.3
O=C1N(CCN2Cc3ccccc3C2)CCN1c1cc(F)cc(Cl)c1,7.5
O=C1N(CCN2CCC(C(F)(F)F)CC2)CCN1c1cccc(I)c1,7.9
O=C1N(CCN2Cc3ccccc3C2)CCN1c1cc(Cl)cc(Cl)c1,8.2
O=C1N(CCN2Cc3ccccc3C2)CCN1c1csc2ccccc12,5.9
CNc1ncc2c(n1)CC(CN1CCC(c3noc4cc(F)ccc34)CC1)CC2=O,7.31
O=C1CC(CN2CCC(c3noc4cc(F)ccc34)CC2)Cc2ncncc21,6.8
O=C1CC(CN2CCC(C(=O)c3ccc(F)cc3)CC2)Cc2ncncc21,6.2
O=C1CC(CN2CCC(c3noc4cc(F)ccc34)CC2)Cc2nc(-c3ccccc3)ncc21,7.47
CSc1ncc2c(n1)CC(CN1CCC(c3noc4cc(F)ccc34)CC1)CC2=O,7.49
COc1ccccc1N1CCN(CCCCNC(=O)c2ccc(-c3cn(Cc4ccc(-c5ccc(Cn6cc(-c7ccc(C(=O)NCCCCN8CCN(c9ccccc9OC)CC8)cc7)nn6)cc5)cc4)nn3)cc2)CC1,5.7
COc1ccccc1N1CCN(CCCCNC(=O)c2cccc(-c3cn(Cc4ccc(-c5ccc(Cn6cc(-c7cccc(C(=O)NCCCCN8CCN(c9ccccc9OC)CC8)c7)nn6)cc5)cc4)nn3)c2)CC1,4.82
CN(CCN1CCN(c2ccc3c(c2)OCO3)C1=O)CC12CCC(CC1)C2(C)C,5.8
COc1ccccc1N1CCN(Cc2cnc3cc(C)nc(C)n23)CC1,5.89
Cn1c(N2CCCC2)nc2c(CN3CCN(c4ccc(Cl)c(Cl)c4)CC3)c[nH]c2c1=O,6.24
Cn1c(N2CCOCC2)nc2c(CN3CCN(c4ccccc4)CC3)c[nH]c2c1=O,5.96
Cn1c(N2CCCC2)nc2c(CN3CCN(c4ccccn4)CC3)c[nH]c2c1=O,6.57
COc1ccccc1N1CCN(Cc2c(C)[nH]c3nc(N(C)C)ncc23)CC1,5.58
Cn1c(N2CCCC2)nc2c(CN3CCN(c4ccc(F)cc4)CC3)c[nH]c2c1=O,6.08
Cc1cc2nc(C)c(CN3CCN(c4ccc(Cl)c(Cl)c4)CC3)n2c(C)n1,5.48
COc1ccc(N2CCN(Cc3c(C)nc4cc(C)nc(C)n34)CC2)cc1,6.58
Cc1cc2nc(C)c(CN3CCN(c4ccccc4)CC3)n2c(C)n1,5.07
Cc1cc2nc(C)c(CN3CCN(c4ccccn4)CC3)n2c(C)n1,4.77
Clc1nccc2c(CN3CCN(c4ccccc4)CC3)c[nH]c12,5.58
Cc1cc2nc(C)c(CN3CCN(c4ccc(Cl)cc4)CC3)n2c(C)n1,4.58
Cn1c(N2CCCC2)nc2c(CN3CCN(c4ccccc4)CC3)c[nH]c2c1=O,6.41
COc1ccccc1N1CCN(Cc2cc3c(=O)[nH]c(N(C)C)nc3[nH]2)CC1,6.89
COc1ccc(N2CCN(Cc3c(C)nc4cc(C)ncn34)CC2)cc1,5.04
COc1ccccc1N1CCN(Cc2c(C)nc3cc(C)nc(C)n23)CC1,5.64
COc1ccccc1N1CCN(Cc2c(C)nc3cc(C)ncn23)CC1,4.4
Cc1ccc2c3c(ccc2n1)OCC(CN1CCN(c2ccc4cc(C#N)ccc4n2)CC1)O3,5.88
CCCN1CCN(c2cccc(O)c2)CC1,6.14
CS(=O)(=O)c1cccc(N2CCN(Cc3ccccc3)CC2)c1,5.72
CCCN1CCN(c2cccc(S(C)(=O)=O)c2)CC1,5.92
Cn1c(CN2CCC(c3cccc(Cl)c3)CC2)nc2ccccc21,7.4
Cn1c(CN2CCC(c3nsc4ccccc34)CC2)nc2ccccc21,7.1
Cn1c(CN2CCC(c3ccc(Cl)cc3)CC2)nc2ccccc21,7.8
Cn1c(CN2CCN(c3ncc(C(F)(F)F)cc3Cl)CC2)nc2ccccc21,5.3
Cn1c(CN2CCC(c3ncc(C(F)(F)F)cc3Cl)CC2)nc2ccccc21,6.1
Cn1c(CN2CCC(c3ccccc3F)CC2)nc2ccccc21,7.4
Cn1c(CN2CCC(c3ccc(C(F)(F)F)cc3)CC2)nc2ccccc21,6.6
Cn1c(CN2CCC(c3nc4ccccc4s3)CC2)nc2ccccc21,6.4
CN1CCc2ccccc2Cc2c([nH]c3ccccc23)CC1,7.26
c1ccc2c(c1)CCN1CCc3cccc4[nH]cc(c34)C21,5.35
c1ccc2c(c1)CCN1CCc3[nH]c4ccccc4c3C21,5.83
CN1CCc2ccccc2Cc2c[nH]c3cccc(c23)CC1,8.4
Cc1cccc(N2CCN(CCN3CCCCCC3)C2=O)c1,7.6
O=C1N(CCN2CCCCCC2)CCN1c1cccc(F)c1,8.6
O=C1N(CCN2CCCCCC2)CCN1c1cc(Cl)cc(Cl)c1,9.2
CN1CCCCC1CN1CCN(c2cccc(Cl)c2)C1=O,7.8
O=C1N(CCN2CCCCCC2)CCN1c1cccc(C(F)(F)F)c1,8.8
O=C1N(CCN2CCCCCC2)CCN1c1ccc(F)c(Cl)c1,7.8
O=c1n(CCN2CCCCCC2)ccn1-c1cccc(Cl)c1,6.4
O=C1N(CCN2CCCCCC2)CCN1c1ccc(F)cc1,7.2
COc1cccc(N2CCN(CCN3CCCCCC3)C2=O)c1,7.4
O=C1N(CCN2CCCCCC2)CCN1c1ccccc1,8.1
O=C1N(CCN2CCCCCC2)CCN1c1cccc(Cl)c1,8.0
O=C1N(CCN2CCCCCC2)CCN1c1ccc(Cl)cc1,7.0
O=c1n(CCCN2CCCCCC2)ccn1-c1cccc(Cl)c1,6.2
O=C1N(CC2CCCCN2)CCN1c1cccc(C(F)(F)F)c1,7.7
O=C1N(CCN2CCCCCC2)CCN1c1ccncc1,6.2
Cc1ccc(N2CCN(CCN3CCCCCC3)C2=O)cc1,7.3
O=C1N(CCN2CCCCCC2)CCN1c1cccnc1,7.0
O=C1N(CC2CCCNC2)CCN1c1cccc(Cl)c1,6.2
O=C1N(CC2CCNCC2)CCN1c1cccc(Cl)c1,6.2
O=S1(=O)N(CCN2CCCCCC2)CCN1c1cccc(Cl)c1,6.7
O=C1N(CC2CCCCN2)CCN1c1cccc(Cl)c1,7.1
COc1ccc(C23CC2CN(CCCSc2nnc(-c4cccc5nc(C)ccc45)n2C)C3)cc1,5.9
Cc1ccc2c(-c3nnc(SCCCN4CC5CC5(c5ccccc5)C4)n3C)cccc2n1,6.8
Cc1ncoc1-c1nnc(SCCCN2CC3CC3(c3cc(F)cc(C(F)(F)F)c3)C2)n1C,7.9
Cc1ncoc1-c1nnc(SCCCN2CC3CC3(c3ccc(Cl)cc3F)C2)n1C,6.5
Cc1ccc2c(-c3nnc(SCCCN4CC5CC5(c5ccc(C(C)(C)C)cc5)C4)n3C)cccc2n1,6.5
Cc1ncccc1-c1nnc(SCCCN2CC3CC3(c3ccc(C(F)(F)F)cc3)C2)n1C,6.5
Cc1ncoc1-c1nnc(SCCCN2CC3CC3(c3ccc(F)cc3)C2)n1C,6.5
Cc1ccc2c(-c3nnc(SCCCN4CC5CC5(c5ccc(Br)cc5)C4)n3C)cccc2n1,5.4
Cc1ncoc1-c1nnc(SCCCN2CC3CC3(c3cccc(OC(F)(F)F)c3)C2)n1C,7.7
Cc1ccc2c(-c3nnc(SCCCN4CC5CC5(c5ccc(Cl)cc5)C4)n3C)cccc2n1,6.7
Cc1ncoc1-c1nnc(SCCCN2CC3CC3(c3cccc(C(F)(F)F)c3)C2)n1C,7.5
Cc1ncoc1-c1nnc(SCCCN2CC3CC3(c3ccc(Cl)cc3)C2)n1C,6.8
Cn1c(SCCCN2CC3CC3(c3ccc(C(F)(F)F)cc3)C2)nnc1-c1ccnnc1,6.7
Cc1ncoc1-c1nnc(SCCCN2CC3CC3(c3ccccc3)C2)n1C,6.7
Cc1ncoc1-c1nnc(SCCCN2CC3CC3(c3ccc(Cl)c(Cl)c3)C2)n1C,7.9
Cc1ncoc1-c1nnc(SCCCN2CC3CC3(c3cccc(C(F)(F)F)c3F)C2)n1C,7.2
COc1ccc(C23CC2CN(CCCSc2nnc(-c4ocnc4C)n2C)C3)cc1,6.9
Cc1cnc(-c2nnc(SCCCN3CC4CC4(c4ccc(C(F)(F)F)cc4)C3)n2C)cn1,6.3
Cc1ncoc1-c1nnc(SCCCN2CC3CC3(c3ccc(C(F)(F)F)cc3F)C2)n1C,6.6
Cc1ncoc1-c1nnc(SCCCN2CC3CC3(c3ccc(Br)cc3)C2)n1C,6.9
Cc1ccoc1-c1nnc(SCCCN2CC3CC3(c3ccc(C(F)(F)F)cc3)C2)n1C,6.4
Cc1ncoc1-c1nnc(SCCCN2CC3CC3(c3ccc(F)c(C(F)(F)F)c3)C2)n1C,7.5
Cc1ccc(-c2nnc(SCCCN3CC4CC4(c4ccc(C(F)(F)F)cc4)C3)n2C)cn1,6.2
Cc1nc(C)c(-c2nnc(SCCCN3CC4CC4(c4ccc(C(F)(F)F)cc4)C3)n2C)s1,6.6
Cc1ncoc1-c1nnc(SCCCN2CC3CC3(c3ccc(OC(F)(F)F)cc3)C2)n1C,6.8
Cc1ccc(C23CC2CN(CCCSc2nnc(-c4ocnc4C)n2C)C3)c(F)c1,6.2
Cc1ncoc1-c1nnc(SCCCN2CC3CC3(c3ccc(C(F)(F)F)c(F)c3)C2)n1C,7.1
Cc1ncoc1-c1nnc(SCCCN2CC3CC3(c3cccc(Cl)c3)C2)n1C,7.3
Cc1ncoc1-c1nnc(SCCCN2CC3CC3(c3ccc(C(C)(C)C)cc3)C2)n1C,7.1
Cc1ncoc1-c1nnc(SCCCN2CC3CC3(c3cccc(F)c3)C2)n1C,6.8
Cc1ncoc1-c1nnc(SCCCN2CC3CC3(c3ccc(C(F)(F)F)cc3)C2)n1C,7.0
Cc1ccc2c(-c3nnc(SCCCN4CC5CC5(c5ccc(C(F)(F)F)cc5)C4)n3C)cccc2n1,6.2
COc1ccc(C23CC2CN(CCCSc2nnc(-c4ocnc4C)n2C)C3)cc1C(F)(F)F,6.8
Cc1ccc2c(-c3nnc(SCCCN4CC5CC5(c5ccc(Cl)c(Cl)c5)C4)n3C)cccc2n1,6.4
COc1cccc(C23CC2CN(CCCSc2nnc(-c4ocnc4C)n2C)C3)c1,7.0
Cc1ncoc1-c1nnc(SCCCN2CC3CC3(c3cc(C(F)(F)F)ccc3F)C2)n1C,6.8
COc1ccc(C23CC2CN(CCCSc2nnc(-c4ocnc4C)n2C)C3)cc1Cl,6.4
Cc1ccc2c(-c3nnc(SCCCN4CC5CC5(c5ccc(C#N)cc5)C4)n3C)cccc2n1,5.2
CS(=O)(=O)Nc1cccc(OCCN2CCC(Cc3ccc4c(c3)NC(=O)CC4)CC2)c1,8.05
O=C1CCc2ccc(CC3CCN(CC4COc5c(ccc6c5CC(=O)N6)O4)CC3)cc2N1,8.1
O=C1CCc2ccc(OCCN3CCN(c4cccc5[nH]c(=O)oc45)CC3)cc2N1,8.07
CS(=O)(=O)Nc1cc(OCCN2CC3CCC(C2)C3Cc2ccc3c(c2)NC(=O)CC3)ccc1F,8.15
O=C1CCc2ccc(OCCCN3CCN(c4cccc5[nH]c(=O)oc45)CC3)cc2N1,8.07
CS(=O)(=O)Nc1cccc(OCCN2CCC(Oc3ccc4c(c3)NC(=O)CC4)CC2)c1,7.75
O=C1CCc2ccc(OC3CCN(CC4COc5c(ccc6c5CC(=O)N6)O4)CC3)cc2N1,8.6
O=C1CCc2ccc(OCCCCN3CCN(c4cccc5[nH]c(=O)oc45)CC3)cc2N1,8.08
CS(=O)(=O)Nc1cc(OCCN2CCC(Cc3ccc4c(c3)NC(=O)CC4)CC2)ccc1F,7.72
CS(=O)(=O)Nc1cc(OCCN2CCC(Oc3ccc4c(c3)NC(=O)CC4)CC2)ccc1F,8.05
COc1ccc2[nH]cc(CN3CCC(O)(c4ccc(Br)cc4)CC3)c2c1,8.6
OC1(c2ccc(Br)cc2)CCN(Cc2cc3ccccc3o2)CC1,7.76
COc1cccc2[nH]cc(CN3CCC(O)(c4ccc(Br)cc4)CC3)c12,8.64
CSc1ccc(C2(O)CCN(Cc3c[nH]c4ncccc34)CC2)cc1,6.59
OC1(c2ccccc2)CCN(Cc2cc3ccccc3s2)CC1,7.33
OC1(c2ccc(Br)cc2)CCN(Cc2coc3ccccc23)CC1,8.18
OC1(c2ccc(Br)cc2)CCN(Cc2c[nH]c3ncccc23)CC1,6.67
OC1(c2ccc(I)cc2)CCN(Cc2coc3ccccc23)CC1,8.62
O=C1N(Cc2cn(CCF)nn2)CN(c2ccccc2)C12CCN(Cc1coc3ccccc13)CC2,8.7
O=c1[nH]c2ccccc2n1C1CCN(Cc2csc3ccccc23)CC1,7.42
OC1(c2ccc(Br)cc2)CCN(Cc2c[nH]c3ccc(OCCF)cc23)CC1,7.86
O=C1N(CCF)CN(c2ccccc2)C12CCN(Cc1coc3ccccc13)CC2,8.1
OC1(c2ccc(I)cc2)CCN(Cc2cc3ccccc3o2)CC1,7.84
COc1cccc2[nH]cc(CN3CCC(O)(c4ccc(Cl)cc4)CC3)c12,8.38
COc1ccc2[nH]cc(CN3CCC(n4c(=O)[nH]c5ccccc54)CC3)c2c1,7.9
OC1(c2ccc(Br)cc2)CCN(Cc2c[nH]c3ccccc23)CC1,8.32
COc1cccc2[nH]cc(CN3CCC(n4c(=O)[nH]c5ccccc54)CC3)c12,7.63
COc1ccc2[nH]cc(CN3CCC(O)(c4ccc(Cl)cc4)CC3)c2c1,8.38
CN1CN(c2ccccc2)C2(CCN(Cc3csc4ccccc34)CC2)C1=O,7.15
COc1cccc2[nH]cc(CN3CCC(O)(c4ccc(I)cc4)CC3)c12,9.05
COc1ccc2[nH]cc(CN3CCC(O)(c4ccccc4)CC3)c2c1,5.86
OC1(c2ccc(I)cc2)CCN(Cc2c[nH]c3ccccc23)CC1,8.42
CN1CN(c2ccccc2)C2(CCN(Cc3coc4ccccc34)CC2)C1=O,8.15
O=c1[nH]c2ccccc2n1C1CCN(Cc2coc3ccccc23)CC1,7.87
OC1(c2ccc(I)cc2)CCN(Cc2c[nH]c3ncccc23)CC1,7.21
COc1ccc2[nH]cc(CN3CCC(O)(c4ccc(I)cc4)CC3)c2c1,9.05
OC1(c2ccc(Br)cc2)CCN(Cc2c[nH]c3cccc(OCCF)c23)CC1,7.56
Cc1cccc(N2CCN(CCCCNc3ccccn3)CC2)c1C,7.92
Clc1cccc(N2CCN(CCCCNc3ccccn3)CC2)c1Cl,9.4
COc1ccccc1N1CCN(CCCCNc2ccccn2)CC1,9.1
Clc1cccc(N2CCN(CCCCNc3ccc4ccccc4n3)CC2)c1Cl,9.22
Clc1cccc(N2CCN(CCCCNc3nccc4ccccc34)CC2)c1Cl,8.51
Clc1cccc(N2CCN(CCCCNc3ccc(-c4ccccc4)cn3)CC2)c1Cl,9.23
FC(F)(F)c1cccc(N2CCN(CCCCNc3ccc(-c4ccccc4)cn3)CC2)c1,8.96
Clc1cccc(N2CCN(CCCCNc3cc(-c4ccccc4)ccn3)CC2)c1Cl,9.26
COc1ccccc1N1CCN(CCCCNc2ccc3ccccc3n2)CC1,8.25
FC(F)(F)c1cccc(N2CCN(CCCCNc3ccccn3)CC2)c1,7.77
Fc1ccccc1N1CCN(CCCCNc2ccccn2)CC1,7.96
FC(F)(F)c1cccc(N2CCN(CCCCNc3nccc4ccccc34)CC2)c1,9.0
COc1ccccc1N1CCN(CCCCNc2nccc3ccccc23)CC1,9.0
FC(F)(F)c1cccc(N2CCN(CCCCNc3cc(-c4ccccc4)ccn3)CC2)c1,9.12
FC(F)(F)c1cccc(N2CCN(CCCCNc3ccc4ccccc4n3)CC2)c1,8.8
COc1ccccc1N1CCN(CCNC(=O)c2ccc3ccccc3c2)CC1,6.05
COc1ccccc1N1CCN(CCCCNS(=O)(=O)c2ccc3ccccc3c2)CC1,7.33
COc1ccccc1N1CCN(CCCCCCNS(=O)(=O)c2ccc3ccccc3c2)CC1,7.0
COc1ccccc1N1CCN(CCCCCCNC(=O)c2ccc3ccccc3c2)CC1,6.92
COc1ccccc1N1CCN(CCCCCNC(=O)c2ccc3ccccc3c2)CC1,6.59
COc1ccccc1N1CCN(CCCCCNS(=O)(=O)c2ccc3ccccc3c2)CC1,6.36
COc1ccccc1N1CCN(CCCNS(=O)(=O)c2ccc3ccccc3c2)CC1,6.88
CCCCC1CCN(CCCC(=O)c2ccccc2C)CC1,7.11
Cc1ccc(CNCC2(F)CCN(C(=O)c3csc4ccccc34)CC2)nc1,4.27
O=C1NCc2ccc(OCCCCN3CCN(c4cccc5ccc(F)cc45)CC3)cc21,7.47
O=C1NCc2ccc(OCCCN3CCN(c4cccc5c4CCO5)CC3)cc21,7.92
Cc1c(OCCCCN2CCN(c3cccc4ccccc34)CC2)ccc2c1C(=O)NC2,7.88
O=C1NCc2cc(F)c(OCCCCN3CCN(c4cccc5cccc(F)c45)CC3)cc21,8.85
Cc1c(OCCCN2CCN(c3cccc4cccc(F)c34)CC2)ccc2c1C(=O)NC2,7.87
O=C1NCc2ccc(OCCCN3CCN(c4cccc5cc(F)ccc45)CC3)c(F)c21,8.07
O=C1NCc2ccc(OCCCN3CCN(c4cccc5cccc(F)c45)CC3)cc21,7.87
O=C1NCc2ccc(OCCCN3CCN(c4cccc5ccc(F)cc45)CC3)c(F)c21,7.99
O=C1NCc2ccc(OCCCCN3CCN(c4cccc5c4CCC5)CC3)cc21,10.24
O=C1NCc2ccc(OCCCN3CCN(c4cccc5cc(F)c(F)cc45)CC3)cc21,7.99
O=C1NCc2cc(Cl)c(OCCCCN3CCN(c4cccc5ccccc45)CC3)cc21,8.03
Fc1ccc2cccc(N3CCN(CCCCOc4ccc5c(c4)CNC5)CC3)c2c1,7.09
O=C1NCc2ccc(OCCCN3CCN(c4cccc5cccc(F)c45)CC3)c(Cl)c21,8.04
O=C1NCc2ccc(OCCCCN3CCN(c4cccc5c4CCO5)CC3)cc21,8.68
O=C1NCc2cc(F)c(OCCCCN3CCN(c4cccc5ccc(F)cc45)CC3)cc21,7.95
O=C1NCc2ccc(OCCCCN3CCN(c4cccc5c4CCOC5)CC3)cc21,7.94
Cc1c(OCCCCN2CCN(c3cccc4cc(F)ccc34)CC2)ccc2c1C(=O)NC2,8.03
O=C1NCc2ccc(OCCCN3CCN(c4cccc5c4OCCC5)CC3)cc21,8.35
Cc1cc2c(cc1OCCCCN1CCN(c3cccc4cccc(F)c34)CC1)C(=O)NC2,8.63
Cc1cc2c(cc1OCCCN1CCN(c3cccc4cc(F)ccc34)CC1)C(=O)NC2,8.42
O=C1NCc2ccc(OCCCN3CCN(c4cccc5ccccc45)CC3)c(Cl)c21,7.97
O=C1NCc2cc(Cl)c(OCCCN3CCN(c4cccc5ccccc45)CC3)cc21,7.29
O=C1NCc2ccc(OCCCCN3CCN(c4cccc5cc(F)c(F)cc45)CC3)cc21,8.09
O=C1NCc2ccc(OCCCCN3CCN(c4cccc5ccc(F)cc45)CC3)c(F)c21,8.24
O=C1NCc2ccc(OCCCN3CCN(c4cccc5ccc(F)cc45)CC3)cc21,7.56
O=C1NCc2ccc(OCCCN3CCN(c4cccc5ccccc45)CC3)c(F)c21,7.86
O=C1NCc2cc(F)c(OCCCCN3CCN(c4cccc5ccccc45)CC3)cc21,9.06
O=C1NCc2ccc(OCCCN3CCN(c4cccc5c4COCC5)CC3)cc21,6.54
O=C1NCc2cc(Cl)c(OCCCCN3CCN(c4cccc5cccc(F)c45)CC3)cc21,8.23
O=C1NCc2cc(F)c(OCCCN3CCN(c4cccc5ccccc45)CC3)cc21,8.05
Cc1cc2c(cc1OCCCCN1CCN(c3cccc4cc(F)ccc34)CC1)C(=O)NC2,9.09
Cc1cc2c(cc1OCCCCN1CCN(c3cccc4ccccc34)CC1)C(=O)NC2,8.61
c1ccc2c(N3CCN(CCCCOc4ccc5c(c4)CNC5)CC3)cccc2c1,7.39
O=C1NCc2ccc(OCCCCN3CCN(c4cccc5cc(F)ccc45)CC3)c(F)c21,7.8
O=C1NCc2ccc(OCCCN3CCN(c4cccc5cccc(F)c45)CC3)c(F)c21,8.26
Cc1c(OCCCN2CCN(c3cccc4ccccc34)CC2)ccc2c1C(=O)NC2,8.17
O=C1NCc2cc(F)c(OCCCN3CCN(c4cccc5cc(F)ccc45)CC3)cc21,8.73
O=C1NCc2ccc(OCCCCN3CCN(c4cccc5cccc(F)c45)CC3)c(F)c21,7.45
O=C1NCc2ccc(OCCCCN3CCN(c4cccc5c4OCCC5)CC3)cc21,9.24
O=C1NCc2ccc(OCCCCN3CCN(c4cccc5c4CCCC5)CC3)cc21,8.81
O=C1NCc2cc(F)c(OCCCN3CCN(c4cccc5cccc(F)c45)CC3)cc21,8.02
O=C1NCc2ccc(OCCCCN3CCN(c4cccc5cccc(F)c45)CC3)c(Cl)c21,8.01
O=C1NCc2ccc(OCCCCN3CCN(c4cccc5c4COCC5)CC3)cc21,7.65
Cc1cc2c(cc1OCCCN1CCN(c3cccc4cccc(F)c34)CC1)C(=O)NC2,7.78
Cc1cc2c(cc1OCCCN1CCN(c3cccc4ccccc34)CC1)C(=O)NC2,7.66
O=C1NCc2cc(Cl)c(OCCCN3CCN(c4cccc5cccc(F)c45)CC3)cc21,7.61
O=C1NCc2ccc(OCCCN3CCN(c4cccc5cc(F)ccc45)CC3)cc21,7.35
O=C1NCc2cc(F)c(OCCCN3CCN(c4cccc5ccc(F)cc45)CC3)cc21,8.24
O=C1NCc2ccc(OCCCCN3CCN(c4cccc5cccc(F)c45)CC3)cc21,8.5
Fc1ccc2cccc(N3CCN(CCCOc4ccc5c(c4)CNC5)CC3)c2c1,7.61
O=C1NCc2ccc(OCCCCN3CCN(c4cccc5ccccc45)CC3)cc21,8.13
O=C1NCc2ccc(OCCCCN3CCN(c4cccc5cc(F)ccc45)CC3)cc21,7.24
O=C1NCc2ccc(OCCCCN3CCN(c4cccc5ccccc45)CC3)c(F)c21,7.65
O=C1NCc2ccc(OCCCN3CCN(c4cccc5c4CCC5)CC3)cc21,9.52
Cc1c(OCCCCN2CCN(c3cccc4cccc(F)c34)CC2)ccc2c1C(=O)NC2,8.52
O=C1NCc2ccc(OCCCCN3CCN(c4cccc5c4COC5)CC3)cc21,9.24
O=C1NCc2cc(F)c(OCCCCN3CCN(c4cccc5cc(F)ccc45)CC3)cc21,9.05
O=C1NCc2ccc(OCCCN3CCN(c4cccc5c4CCCC5)CC3)cc21,8.58
Cc1c(OCCCN2CCN(c3cccc4cc(F)ccc34)CC2)ccc2c1C(=O)NC2,8.77
COc1cccc2c1CCCC21CCN(CCCSc2nnc(-c3ocnc3C)n2C)C1,6.4
Cc1ncoc1-c1nnc(SCCCN2CCC3(CCc4cc(F)ccc43)C2)n1C,7.0
Cc1nc(C)c(-c2nnc(SCCCN3CCC4(CCc5cc(Cl)ccc54)C3)n2C)s1,6.4
Cc1ncoc1-c1nnc(SCCCN2CCC3(CCc4ccc(Br)cc43)C2)n1C,7.4
Cc1ncoc1-c1nnc(SCCCN2CCC3(c4ccccc4)CC3C2)n1C,5.5
COc1ccc2c(c1)CCCC21CCN(CCCSc2nnc(-c3ocnc3C)n2C)C1,6.0
Cc1ncoc1-c1nnc(SCCCN2CCC3CC3(c3cccc(C(F)(F)F)c3)C2)n1C,6.5
COc1ccc2c(c1)C1(CCC2)CCN(CCCSc2nnc(-c3ocnc3C)n2C)C1,6.6
Cc1ncoc1-c1nnc(SCCCN2CCC3(CCc4c(Br)cccc43)C2)n1C,6.6
Cc1ncoc1-c1nnc(SCCCNC2CCC3(c4ccc(C(F)(F)F)cc4F)CC23)n1C,6.7
Cc1ncoc1-c1nnc(SCCCN2CCC3CC3(c3ccc(C(F)(F)F)cc3)C2)n1C,6.3
Cc1ncoc1-c1nnc(SCCCN2CCC3(CCCc4cc(Br)ccc43)C2)n1C,6.3
Cc1ncoc1-c1nnc(SCCCN2CCC3(CCCc4ccc(Br)cc43)C2)n1C,6.5
Cc1nc(C)c(-c2nnc(SCCCN3CCC4CC4(c4ccc(C(F)(F)F)cc4)CC3)n2C)o1,6.7
Cc1ncoc1-c1nnc(SCCCN2CCC3(c4ccc(C(F)(F)F)cc4)CC3C2)n1C,6.5
Cc1ncoc1-c1nnc(SCCCNC2CCC3(c4ccc(C(F)(F)F)cc4)CC23)n1C,6.3
Cc1ncoc1-c1nnc(SCCCN2CCC3(CCc4cc(Br)ccc43)C2)n1C,6.9
Cc1ncoc1-c1nnc(SCCCN2C3CCC2CC(c2ccc(C(F)(F)F)cc2)C3)n1C,6.4
Cc1ncoc1-c1nnc(SCCCN2CCC3CC3(c3ccccc3)C2)n1C,6.4
Cc1ncoc1-c1nnc(SCCCN2CCC3(c4cccc(C(F)(F)F)c4)CC3C2)n1C,5.6
Cc1nc(C)c(-c2nnc(SCCCN3CCC4(CCc5ccc(Cl)cc54)C3)n2C)s1,6.5
Cc1ncoc1-c1nnc(SCCCN2C3CCC2CC(c2ccc(C(C)(C)C)cc2)C3)n1C,6.4
Cc1nc(C)c(-c2nnc(SCCCN3CCC4CC4(c4ccc(C(F)(F)F)cc4)CC3)n2C)s1,6.7
Cc1ncoc1-c1nnc(SCCCNC2CC3CC3(c3ccccc3)C2)n1C,6.6
Cc1nc(C)c(-c2nnc(SCCCN3CCC4(CCc5ccc(F)cc54)C3)n2C)s1,6.4
Cc1ccc(C)c(N2CCN(CCCC(=O)c3ccc(F)cc3)CC2)c1,7.8
COc1ccccc1N1CCN(CCCCNC(=O)c2cc(C)ccc2C)CC1,7.77
Cc1ccc(C)c(N2CCN(CCCCNC(=O)c3cc4ccccc4s3)CC2)c1,7.19
O=C(CCCN1CCC(O)(c2cc3ccc2CCc2ccc(cc2)CC3)CC1)c1ccc(F)cc1,8.44
Cc1ccc(C)c(C(=O)CCCN2CCC(c3ccc(Cl)cc3)CC2)c1,6.72
Cc1ccc(C)c(C(=O)NCCCCN2CCN(c3cc(C)ccc3C)CC2)c1,7.07
O=C(CCCN1CCC(O)(c2ccc(Cl)cc2)CC1)c1cc2ccc1CCc1ccc(cc1)CC2,7.89
O=C(CCCN1CCC(O)(c2cc3ccc2CCc2ccc(cc2)CC3)CC1)c1cc2ccc1CCc1ccc(cc1)CC2,6.7
O=C(NCCCCN1CCN(c2cc3ccc2CCc2ccc(cc2)CC3)CC1)c1cc2ccccc2s1,6.82
Cc1ccc(C)c(C2(O)CCN(CCCC(=O)c3ccc(F)cc3)CC2)c1,8.19
O=C(CCCN1CCC(c2cc3ccc2CCc2ccc(cc2)CC3)CC1)c1cc2ccc1CCc1ccc(cc1)CC2,7.52
O=C(CCCN1CCN(c2ccc(Cl)cc2)CC1)c1cc2ccc1CCc1ccc(cc1)CC2,6.36
Cc1ccc(C)c(C(=O)CCCN2CCC(O)(c3cc(C)ccc3C)CC2)c1,7.34
Cc1ccc(C)c(C(=O)CCCN2CCC(c3cc(C)ccc3C)CC2)c1,6.58
O=C(NCCCCN1CCN(c2cc3ccc2CCc2ccc(cc2)CC3)CC1)c1cc2ccc1CCc1ccc(cc1)CC2,7.32
O=C(CCCN1CCN(c2cc3ccc2CCc2ccc(cc2)CC3)CC1)c1ccc(F)cc1,7.66
Cn1nnc(-c2ccc3c(c2)c(C2CCN(CCN4CCNC4=O)CC2)cn3-c2ccc(F)cc2)n1,6.85
CN1CCN(C2Cc3ccccc3Sc3ccc(-c4cccnc4)cc32)CC1,9.21
CC(=O)NCc1ccc2c(c1)C(N1CCN(C)CC1)Cc1ccccc1S2,8.48
Cc1cccc(-c2ccc3c(c2)C(N2CCN(C)CC2)Cc2ccccc2S3)c1,8.47
Cn1nnc(Cc2ccc3c(c2)c(C2CCN(CCN4CCNC4=O)CC2)cn3-c2ccc(F)cc2)n1,8.57
CN1CCN(C2Cc3ccccc3Sc3ccc(-c4ccccn4)cc32)CC1,8.72
CN1CCC(c2cn(-c3ccc(F)cc3)c3ccc(-c4cncnc4)cc23)CC1,6.58
Cc1cccc(-c2ccc3c(c2)C(N2CCN(C)CC2)Cc2ccccc2S3)c1C,8.7
CN1CCN(C2Cc3ccccc3Sc3ccc(C#N)cc32)CC1,8.85
CN1CCN(C2Cc3ccccc3Sc3ccc(CNC(=O)C(C)(C)C)cc32)CC1,8.21
CN1CCN(C2Cc3ccccc3Sc3ccc(CN)cc32)CC1,7.46
CN1CCN(C2Cc3ccccc3Sc3ccc(-c4cncnc4)cc32)CC1,9.14
Cc1ccc(-c2ccc3c(c2)C(N2CCN(C)CC2)Cc2ccccc2S3)cc1,8.2
CC(C)C(=O)NCc1ccc2c(c1)C(N1CCN(C)CC1)Cc1ccccc1S2,8.35
CN1CCN(C2Cc3ccccc3Sc3ccc(-c4ncn(C)n4)cc32)CC1,8.23
Cc1ccccc1-c1ccc2c(c1)C(N1CCN(C)CC1)Cc1ccccc1S2,8.8
CN1CCN(C2Cc3ccccc3Sc3ccc(-c4ccn(C)n4)cc32)CC1,8.8
Cn1cc(-c2ccc3c(c2)c(C2CCN(CCN4CCNC4=O)CC2)cn3-c2ccc(F)cc2)nn1,6.51
CN1CCN(C2Cc3ccccc3Sc3ccc(-c4ccccc4)cc32)CC1,8.74
CN1CCN(C2Cc3ccccc3Sc3ccc(Cl)cc32)CC1,9.17
CN1CCN(C2Cc3ccccc3Sc3ccc(-c4cnn(C)c4)cc32)CC1,8.64
Cc1cccc(C)c1-c1ccc2c(c1)C(N1CCN(C)CC1)Cc1ccccc1S2,8.34
CN1CCN(C2Cc3ccccc3Sc3ccc(-c4ccnn4C)cc32)CC1,9.07
CN1CCN(C2Cc3ccccc3Sc3ccc(-c4ccncc4)cc32)CC1,8.96
O=C1NCCN1CCN1CCC(c2cn(-c3ccc(F)cc3)c3ccc(Cl)cc23)CC1,9.35
Cn1nc(S(=O)(=O)c2cccc3ccccc23)c2cc(N3CCNCC3)ccc21,5.65
O=S(=O)(c1cccc2ccccc12)c1nn(Cc2ccccc2)c2ccc(N3CCNCC3)cc12,6.22
CN1CCN(c2ccc3[nH]nc(S(=O)(=O)c4ccccc4)c3c2)CC1,6.45
COc1ccccc1N1CCN(CCCCNC(=O)C=Cc2ccccc2)CC1,7.87
COc1ccccc1N1CCN(CCCCNC(=O)C=Cc2ccc(Cl)cc2)CC1,7.65
N#[11C]c1cccc(N2CCN(CCN3CCC(C(F)(F)F)CC3)C2=O)c1,6.92
COc1ccccc1N1CCN(CCCCNC(=O)C=Cc2ccc(F)cc2)CC1,7.57
Cc1ccc2c(N3CCN(CCc4cccc(NC(=O)Nc5ccccc5)c4)CC3)cccc2n1,7.1
Cc1ccc2c(N3CCN(CCc4cccc(NS(C)(=O)=O)c4)CC3)cccc2n1,6.4
Cc1ccc2c(N3CCN(CCc4cccc(-n5cccn5)c4)CC3)cccc2n1,6.4
COC(=O)Nc1cccc(CCN2CCN(c3cccc4nc(C)ccc34)CC2)c1,6.7
CCNC(=O)Nc1cccc(CCN2CCN(c3cccc4nc(C)ccc34)CC2)c1,6.5
Cc1ccc2c(N3CCN(CCc4cccc(N5CCNC5=O)c4)CC3)cccc2n1,6.3
Cc1ccc2c(N3CCN(CCc4cccc(NC(=O)c5cnccn5)c4)CC3)cccc2n1,6.7
Cc1ccc2c(N3CCN(CCc4cccc(NC(=O)c5ccccc5)c4)CC3)cccc2n1,6.4
Cc1ccc2c(N3CCN(CCc4cccc(N5CCOC5=O)c4)CC3)cccc2n1,6.1
O=C(NCCCCN1CCN(c2ccccc2OCCF)CC1)c1ccc(OCCF)cc1,7.82
O=C(NCC=CCN1CCN(c2ccccc2OCCF)CC1)c1ccc(CCF)cc1,7.75
O=C(NCC=CCN1CCN(c2ccccc2OCCF)CC1)c1ccc(OCCF)cc1,7.42
COc1ccccc1N1CCN(CC=CCNC(=O)c2ccc(OCCOCCF)cc2)CC1,7.23
CN(C)c1ccc(C(=O)NCC=CCN2CCN(c3ccccc3OCCF)CC2)cc1,7.45
O=C(NCC=CCN1CCN(c2ccccc2OCCF)CC1)c1ccc(OCCOCCF)cc1,7.19
COc1ccccc1N1CCN(CC=CCNC(=O)c2ccc(OCCF)cc2)CC1,7.26
COc1ccccc1N1CCN(CC=CCNC(=O)c2cc(Br)cc(OC)c2OCCF)CC1,7.24
O=C(NCCCCN1CCN(c2ccccc2OCCF)CC1)c1ccc(OCCOCCF)cc1,7.85
COc1ccccc1N1CCN(CC=CCNC(=O)c2ccc(CCF)cc2)CC1,6.88
O=C(NCCCCN1CCN(c2ccccc2OCCF)CC1)c1ccc(CCF)cc1,7.67
COc1ccccc1N1CCN(CCCCNC(=O)c2ccc(CCF)cc2)CC1,7.26
COc1ccccc1N1CCN(CC=CCNC(=O)c2cc(C)ccc2OCCF)CC1,7.75
O=C(NCC=CCN1CCN(c2ccccc2OCCF)CC1)c1ccc(-c2ccsc2)cc1,7.15
CN(C)c1ccc(C(=O)NCCCCN2CCN(c3ccccc3OCCF)CC2)cc1,7.82
COc1ccccc1N1CCN(CCCCNC(=O)c2ccc(N(C)C)cc2)CC1,7.46
COc1ccccc1N1CCN(CCCCNC(=O)c2ccc(OCCOCCOCCF)cc2)CC1,7.28
COc1ccccc1N1CCN(CC=CCNC(=O)c2cc(Br)ccc2OCCF)CC1,7.87
COc1ccccc1N1CCN(CCCCNC(=O)c2ccc(OCCOCCF)cc2)CC1,7.68
O=C(NCCCCN1CCN(c2ccccc2OCCF)CC1)c1ccc(-c2ccsc2)cc1,7.56
COc1ccccc1N1CCN(CCCCNC(=O)c2ccc(OCCF)cc2)CC1,7.57
COc1ccccc1N1CCN(CC=CCNC(=O)c2cc(I)ccc2OCCF)CC1,7.88
O=C(NCCCCN1CCN(c2ccccc2OCCF)CC1)c1ccc(OCCOCCOCCF)cc1,7.5
CCCN(CCCCNC(=O)c1ccc(-c2ccccc2)cc1)C1CCn2ncc(Cl)c2C1,7.0
COc1ccccc1N1CCN(CCCCNC(=O)c2ccc(-c3ccccc3)cc2)CC1,7.32
CCCN(CCCCNC(=O)c1ccc(-c2ccccc2)cc1)C1Cc2cccn3ncc(c23)C1,6.57
CCCN(CCCCNC(=O)c1ccc(-c2ccccc2)cc1)C1CCn2ncc(C=O)c2C1,5.08
CCCN(CCCCNC(=O)c1ccc(-c2ccccc2)cc1)C1CCn2nccc2C1,8.28
COc1ccccc1N1CCN(CCCCN2CCc3cc(-c4ccco4)ccc3C2=O)CC1,8.32
C#Cc1ccc2c(c1)CCN(CCCCN1CCN(c3ccccc3OC)CC1)C2=O,8.06
COc1ccccc1N1CCN(CCCCN2CCc3cc(-c4ccncc4)ccc3C2=O)CC1,7.89
COc1ccccc1N1CCN(CCCCN2CCc3cc(-c4ccccc4)ccc3C2=O)CC1,7.82
COc1ccccc1N1CCN(CCCCN2CCc3cc(C#N)ccc3C2=O)CC1,7.66
COc1ccccc1N1CCN(CCCCN2CCc3c(cccc3-c3ccccc3)C2=O)CC1,7.2
COc1ccccc1N1CCN(CCCCN2CCCc3cc(-c4cccs4)ccc3C2=O)CC1,8.68
COc1ccccc1N1CCN(CCCCN2CCc3cc(F)ccc3C2=O)CC1,8.04
COc1ccc2c(c1)CCCN(CCCCN1CCN(c3ccccc3OC)CC1)C2=O,9.03
COc1ccccc1N1CCN(CCCCN2CCc3cc(-c4cccs4)ccc3C2=O)CC1,8.16
O=C1CCc2ccc(OCCCCN3CCN(c4cccc5cccc(F)c45)CC3)nc2N1,8.77
O=C1CCc2ccc(OCCCCN3CCN(c4cccc(Cl)c4F)CC3)nc2N1,9.0
O=C1CCc2ccc(OCCCCN3CCN(c4cccc5cc(F)ccc45)CC3)nc2N1,9.0
O=C1CCc2ccc(OCCCCN3CCN(c4cccc(Cl)c4C(F)(F)F)CC3)nc2N1,8.52
Cc1c(Cl)cccc1N1CCN(CCCCOc2ccc3c(n2)NC(=O)CC3)CC1,8.52
O=C1CCc2ccc(OCCCCN3CCN(c4cccc5c(F)cccc45)CC3)nc2N1,8.22
O=C1CCc2ccc(OCCCCN3CCN(c4cccc5c4CCCC5)CC3)nc2N1,8.85
O=c1ccc2cnc(OCCCCN3CCN(c4cccc(Cl)c4Cl)CC3)nc2[nH]1,9.0
O=C1CCc2ccc(OCCCCN3CCN(c4cccc5c4CCC5)CC3)nc2N1,9.0
O=C1CCc2ccc(OCCCCN3CCN(c4c(F)ccc5ccccc45)CC3)nc2N1,8.8
O=C1CCc2ccc(OCCCCN3CCN(c4cccc(C(F)(F)F)c4Cl)CC3)nc2N1,9.0
O=C1CCc2ccc(CCCCCN3CCN(c4cccc(Cl)c4Cl)CC3)nc2N1,8.59
O=C1CCc2ccc(OCCCCN3CCN(c4ccccc4Cl)CC3)nc2N1,8.24
O=C1CCc2ccc(OCCCCN3CCN(c4cccc5ccc(F)cc45)CC3)nc2N1,8.92
O=C1CCc2ccc(OCCCCN3CCN(c4cccc(Cl)c4Cl)CC3)nc2N1,9.0
O=C1CCc2ccc(OCCCCN3CCN(c4cccc5c4OCCC5)CC3)nc2N1,9.15
O=C1CCc2ccc(OCCCCN3CCN(c4cccc5ccccc45)CC3)nc2N1,9.09
O=C1CCc2ccc(OCCCCN3CCN(c4cccc(F)c4Cl)CC3)nc2N1,8.6
Cc1ccccc1N1CCN(CCCCOc2ccc3c(n2)NC(=O)CC3)CC1,8.3
Cc1cccc(N2CCN(CCCCOc3ccc4c(n3)NC(=O)CC4)CC2)c1Cl,9.0
O=c1ccc2cnc(OCCCCN3CCN(c4cccc(Cl)c4Cl)CC3)cc2[nH]1,8.7
O=c1ccc2ccc(OCCCCN3CCN(c4cccc(Cl)c4Cl)CC3)nc2[nH]1,9.0
Cc1cccc(N2CCN(CCCCOc3ccc4c(n3)NC(=O)CC4)CC2)c1C,8.6
CCCN(CCCCN1CCN(c2cccc(Cl)c2Cl)CC1)Cc1csc2ccccc12,6.79
COc1ccccc1N1CCN(CC(F)CCNC(=O)c2ccc(-c3ccccn3)cc2)CC1,6.41
CCCN(CCCCN1CCN(c2cccc(Cl)c2Cl)CC1)Cc1ccc2ccccc2c1,6.5
O=C(NCCC(F)CN1CCN(c2cccc(Cl)c2Cl)CC1)c1cc2ccccc2o1,4.84
COc1ccc2[nH]c(C(=O)NCCC(F)CN3CCN(c4ccccc4OC)CC3)cc2c1,6.52
O=C(NCCC(F)CN1CCN(c2cccc(Cl)c2Cl)CC1)c1cc2ccccc2s1,6.33
COc1ccc2oc(C(=O)NCCC(F)CN3CCN(c4cccc(Cl)c4Cl)CC3)cc2c1,6.55
CCCN(CCCCN1CCN(c2ccccc2OC)CC1)Cc1ccc2ccccc2c1,6.92
O=C(NCCCCN1CCN(c2cccc(Cl)c2Cl)CC1)c1csc2ccccc12,7.19
COc1ccccc1N1CCN(CC(F)CCNC(=O)c2cc3ccccc3[nH]2)CC1,6.38
COc1ccc2[nH]c(C(=O)NCCC(F)CN3CCN(c4cccc(Cl)c4Cl)CC3)cc2c1,6.64
FC(CCNCc1ccc2c(c1)Cc1ccccc1-2)CN1CCN(c2cccc(Cl)c2Cl)CC1,5.28
O=C(NCCC(F)CN1CCN(c2cccc(Cl)c2Cl)CC1)c1ccc(-c2ccccn2)cc1,6.42
CCCN(CCCCN1CCN(c2ccccc2OC)CC1)Cc1ccc2c(c1)Cc1ccccc1-2,6.71
COc1ccccc1N1CCN(CC(F)CCNC(=O)c2ccc3c(c2)Cc2ccccc2-3)CC1,5.54
COc1ccccc1N1CCN(CC(F)CCNC(=O)c2cc3ccccc3o2)CC1,6.48
COc1ccccc1N1CCN(CC(F)CCNC(=O)c2cc3ccccc3s2)CC1,6.62
CCCN(CCCCN1CCN(c2cccc(Cl)c2Cl)CC1)Cc1ccc2c(c1)Cc1ccccc1-2,6.57
O=C(NCCC(F)CN1CCN(c2cccc(Cl)c2Cl)CC1)c1cc2ccccc2[nH]1,6.28
COc1ccc2oc(C(=O)NCCC(F)CN3CCN(c4ccccc4OC)CC3)cc2c1,6.56
CCCN(CCCCN1CCN(c2ccccc2OC)CC1)Cc1csc2ccccc12,7.16
CN(CCC(F)CN1CCN(c2cccc(Cl)c2Cl)CC1)Cc1ccc2c(c1)Cc1ccccc1-2,5.69
O=C(NCCC(F)CN1CCN(c2cccc(Cl)c2Cl)CC1)c1ccc2ccccc2c1,6.71
O=C(NCCC(F)CN1CCN(c2cccc(Cl)c2Cl)CC1)c1ccc2c(c1)Cc1ccccc1-2,5.37
O=C(CCCN1C2C3C4CC5C6C4C2C6C1(O)C53)c1ccc(F)cc1,5.76
COc1cc(CN2CCN(c3ccccc3OC)CC2)ccc1OCc1cn(CCOCCOCCn2cc(COc3ccc(CN4CCN(c5ccccc5OC)CC4)cc3OC)nn2)nn1,8.48
COc1cc(CN2CCN(c3ccccc3OC)CC2)ccc1OCCCc1cn(CCCCCCCCCCn2cc(CCCOc3ccc(CN4CCN(c5ccccc5OC)CC4)cc3OC)nn2)nn1,7.64
CCCCn1cc(COc2ccc(CN3CCN(c4ccccc4OC)CC3)cc2OC)nn1,7.2
COc1cc(CN2CCN(c3ccccc3OC)CC2)ccc1OCCCc1cn(CCOCCOCCn2cc(CCCOc3ccc(CN4CCN(c5ccccc5OC)CC4)cc3OC)nn2)nn1,8.55
CCCc1cn(CCCCCCCCn2cc(CCCOc3ccc(CN4CCN(c5ccccc5OC)CC4)cc3OC)nn2)nn1,7.44
COc1cc(CN2CCN(c3ccccc3OC)CC2)ccc1OCCCc1cn(CCCCCCCCn2cc(CCCOc3ccc(CN4CCN(c5ccccc5OC)CC4)cc3OC)nn2)nn1,7.66
COc1cc(CN2CCN(c3ccccc3OC)CC2)ccc1OCCCCc1cn(CCCCCCCCCCn2cc(CCCCOc3ccc(CN4CCN(c5ccccc5OC)CC4)cc3OC)nn2)nn1,7.77
COc1cc(CN2CCN(c3ccccc3OC)CC2)ccc1OCCCc1cn(CCOCCOCCOCCn2cc(CCCOc3ccc(CN4CCN(c5ccccc5OC)CC4)cc3OC)nn2)nn1,8.32
COc1cc(CN2CCN(C)CC2)ccc1OCCCc1cn(CCCCCCCCn2cc(CCCOc3ccc(CN4CCN(c5ccccc5OC)CC4)cc3OC)nn2)nn1,8.01
COc1cc(CN2CCN(c3ccccc3OC)CC2)ccc1OCc1cn(CCCCCCCCn2cc(COc3ccc(CN4CCN(c5ccccc5OC)CC4)cc3OC)nn2)nn1,7.8
CCOCCn1cc(COc2ccc(CN3CCN(c4ccccc4OC)CC3)cc2OC)nn1,7.17
CCCCn1cc(CCCCOc2ccc(CN3CCN(c4ccccc4OC)CC3)cc2OC)nn1,7.28
CCCCn1cc(CCCOc2ccc(CN3CCN(c4ccccc4OC)CC3)cc2OC)nn1,7.17
COc1cc(CN2CCN(c3ccccc3OC)CC2)ccc1OCCCc1cn(CCCCCCCCn2cc(CCCOc3ccc(CN4CCN(C5CCCCC5)CC4)cc3OC)nn2)nn1,7.72
CCOCCn1cc(CCCOc2ccc(CN3CCN(c4ccccc4OC)CC3)cc2OC)nn1,7.75
COc1ccccc1N1CCN(CCCCOc2ccc3ccc(=O)[nH]c3c2)CC1,9.85
COc1ccccc1N1CCN(CCCOc2ccc3c(c2)NC(=O)CC3)CC1,8.32
COc1ccccc1N1CCN(CCCCOc2ccc3c(c2)NC(=O)CC3)CC1,9.66
O=C1CCc2ccc(OCCCCN3CCC(n4c(=O)[nH]c5cc(Cl)ccc54)CC3)cc2N1,6.51
COc1ccccc1N1CCN(CCCCCOc2ccc3ccc(=O)[nH]c3c2)CC1,8.13
COc1ccc(N2CCN(CCCCOc3ccc4c(c3)NC(=O)CC4)CC2)cc1,6.99
O=C1CCc2ccc(OCCCCN3CCC(n4c(=O)[nH]c5ccccc54)CC3)cc2N1,6.84
O=C1CCc2ccc(OCCCCN3CCN(c4ccccc4OCCF)CC3)cc2N1,9.59
O=c1ccc2ccc(OCCCCN3CCN(c4ccccc4OCCF)CC3)cc2[nH]1,10.15
COc1ccc(N2CCN(CCCCOc3ccc4c(c3)NC(=O)CC4)CC2)c(OC)c1,7.6
COc1cc(C)ccc1N1CCN(CCCCOc2ccc3c(c2)NC(=O)CC3)CC1,8.34
O=C1CCc2ccc(OCCCCN3CCC(O)(c4ccc(Cl)cc4)CC3)cc2N1,5.58
COc1ccccc1N1CCN(CCCCCOc2ccc3c(c2)NC(=O)CC3)CC1,8.14
CN1CN(c2ccccc2)C2(CCN(CCCCOc3ccc4c(c3)NC(=O)CC4)CC2)C1=O,6.21
COc1ccccc1N1CCN(CCCOc2ccc3ccc(=O)[nH]c3c2)CC1,8.59
O=C(c1ccc(F)cc1)C1CCN(C2CCN(Cc3ccc(F)cc3)CC2O)CC1,5.87
COc1ccc(C(=O)C2CCN(C3CCN(Cc4ccc(F)cc4)CC3O)CC2)cc1,5.83
COc1cc2c(cc1OC)CN(CCCCn1cc(-c3ccc(F)cc3)c3ccccc31)CC2,6.06
CCCCn1cc(CCCOc2ccc(C(=O)NCCCCN3CCN(c4ccccc4OC)CC3)cc2OC)nn1,7.92
CCCCn1cc(CCCOc2ccc(C(=O)NCCCCN(CCC)C3Cc4ccccc4C3)cc2OC)nn1,8.39
CCCN(CCCCNC(=O)c1ccc(OCCCc2cn(CCCCCCCCn3cc(CCCOc4ccc(C(=O)NCCCCN(CCC)C5Cc6ccccc6C5)cc4OC)nn3)nn2)c(OC)c1)C1Cc2ccccc2C1,7.8
COc1cc(C(=O)NCCCCN2CCN(c3ccccc3OC)CC2)ccc1OCCCc1cn(CCCCCCCCn2cc(CCCOc3ccc(C(=O)NCCCCN4CCN(c5ccccc5OC)CC4)cc3OC)nn2)nn1,6.96
CCCN(CCCCNC(=O)c1ccc(OCCCc2cn(CCCCCCCCn3cc(CCCOc4ccc(C(=O)NCCCCN5CCN(c6ccccc6OC)CC5)cc4OC)nn3)nn2)c(OC)c1)C1Cc2ccccc2C1,7.77
COc1cc(CN2CCN(c3ccc4c(c3)OCCO4)CC2)ccc1F,4.77
Oc1cc(CN2CCN(c3ccc4c(c3)OCCO4)CC2)ccc1F,5.05
COc1ccccc1N1CCN(CCCNC(=O)c2ccc(COCCOCCOCCOCCOCCOCc3ccc(C(=O)NCCCN4CCN(c5ccccc5OC)CC4)cc3)cc2)CC1,7.5
CCOCCOc1cccc(C(=O)NCCCN2CCN(c3ccccc3OC)CC2)c1,6.85
COc1ccccc1N1CCN(CCCCNC(=O)c2ccc(COCCOCCOCCOCCOCCOCc3ccc(C(=O)NCCCCN4CCN(c5ccccc5OC)CC4)cc3)cc2)CC1,7.85
COc1ccccc1N1CCN(CCCNC(=O)c2cnn3ccc(COCCOCCOCCOCCOCc4ccn5ncc(C(=O)NCCCN6CCN(c7ccccc7OC)CC6)c5c4)cc23)CC1,8.41
CCOCCOCc1ccc(N2CCN(CCCCNC(=O)c3ccccc3)CC2)c(OC)c1,5.01
CCOCCOCc1ccn2ncc(C(=O)NCCCN3CCN(c4ccccc4OC)CC3)c2c1,7.5
COc1ccccc1N1CCN(CCCCNC(=O)c2cnn3ccc(OCCOCCOCCOCCOc4ccn5ncc(C(=O)NCCCCN6CCN(c7ccccc7OC)CC6)c5c4)cc23)CC1,9.23
COc1cc(COCCOCCOCCOCCOCc2ccc(N3CCN(CCCCNC(=O)c4ccccc4)CC3)c(OC)c2)ccc1N1CCN(CCCCNC(=O)c2ccccc2)CC1,6.55
COc1ccccc1N1CCN(CCCNC(=O)c2ccc(COCCOCCOCCOCCOCc3ccc(C(=O)NCCCN4CCN(c5ccccc5OC)CC4)cc3)cc2)CC1,7.72
CCOCCOCc1ccc(C(=O)NCCCCN2CCN(c3ccccc3OC)CC2)cc1,7.08
COc1ccccc1N1CCN(CCCNC(=O)c2ccc(COCCOCCOCCOCCOCCOCCOCc3ccc(C(=O)NCCCN4CCN(c5ccccc5OC)CC4)cc3)cc2)CC1,7.7
COc1ccccc1N1CCN(CCCCNC(=O)c2ccc(COCCOCCOCCOCCOCCOCCOCc3ccc(C(=O)NCCCCN4CCN(c5ccccc5OC)CC4)cc3)cc2)CC1,7.6
CCOCCOc1ccn2ncc(C(=O)NCCCCN3CCN(c4ccccc4OC)CC3)c2c1,8.52
COc1ccccc1N1CCN(CCCNC(=O)c2cccc(OCCOCCOCCOCCOc3cccc(C(=O)NCCCN4CCN(c5ccccc5OC)CC4)c3)c2)CC1,8.19
COc1ccccc1N1CCN(CCCCNC(=O)c2cccc(OCCOCCOCCOCCOc3cccc(C(=O)NCCCCN4CCN(c5ccccc5OC)CC4)c3)c2)CC1,8.74
CCOCCOc1ccn2ncc(C(=O)NCCCN3CCN(c4ccccc4OC)CC3)c2c1,8.19
COc1ccccc1N1CCN(CCCNC(=O)c2ccc(COCCOCCOCCOCCOCCOCCOCCOCCOCc3ccc(C(=O)NCCCN4CCN(c5ccccc5OC)CC4)cc3)cc2)CC1,7.18
CCOCCOCc1ccc(C(=O)NCCCN2CCN(c3ccccc3OC)CC2)cc1,6.5
COc1ccccc1N1CCN(CCCCNC(=O)c2ccc(COCCOCCOCCOCCOCCOCCOCCOCCOCc3ccc(C(=O)NCCCCN4CCN(c5ccccc5OC)CC4)cc3)cc2)CC1,7.8
COc1ccccc1N1CCN(CCCCNC(=O)c2ccc(COCCOCCOCCOCCOCc3ccc(C(=O)NCCCCN4CCN(c5ccccc5OC)CC4)cc3)cc2)CC1,7.96
CCOCCOc1cccc(C(=O)NCCCCN2CCN(c3ccccc3OC)CC2)c1,7.36
COc1ccccc1N1CCN(CCCCNC(=O)c2cnn3ccc(COCCOCCOCCOCCOCc4ccn5ncc(C(=O)NCCCCN6CCN(c7ccccc7OC)CC6)c5c4)cc23)CC1,8.34
COc1ccccc1N1CCN(CCCNC(=O)c2cnn3ccc(OCCOCCOCCOCCOc4ccn5ncc(C(=O)NCCCN6CCN(c7ccccc7OC)CC6)c5c4)cc23)CC1,8.57
CCOCCOCc1ccn2ncc(C(=O)NCCCCN3CCN(c4ccccc4OC)CC3)c2c1,7.92
Fc1ccc(SCCCN2CCC(c3ccc(Cl)cc3)CC2)cc1,6.73
Fc1ccc(SCCCN2CCN(c3ccc(Cl)cc3)CC2)cc1,6.68
Fc1ccc(OCCCN2CCC(c3ccc(Cl)cc3)CC2)cc1,7.39
Fc1ccc(OCCCN2CCN(c3ccccc3)CC2)cc1,7.43
Fc1ccc(SCCCN2CCN(c3ccc(C(F)(F)F)cc3)CC2)cc1,5.32
Fc1ccc(CCCCN2CCN(c3ncccn3)CC2)cc1,6.57
Fc1ccc(CCCCN2CCN(c3ccc(Cl)cc3)CC2)cc1,6.55
Fc1ccc(OCCCN2CCN(c3ncccn3)CC2)cc1,6.2
Clc1ccc(N2CCN(CCCOc3ccccc3)CC2)cc1,6.35
Fc1ccc(SCCCN2CCN(c3ccccn3)CC2)cc1,6.74
Fc1ccc(CCCCN2CCN(c3ccccn3)CC2)cc1,6.91
Fc1ccc(OCCCN2CCN(c3ccc(Cl)cc3)CC2)cc1,6.41
c1ccc(OCCCN2CCN(c3ccccc3)CC2)cc1,6.92
Fc1ccc(SCCCN2CCN(c3ncccn3)CC2)cc1,6.37
[O-][S+](CCCN1CCC(c2ccc(Cl)cc2)CC1)c1ccc(F)cc1,6.0
Fc1ccc(CCCCN2CCCN(c3ccc(Cl)cc3)CC2)cc1,6.86
OC1(c2ccc(Cl)cc2)CC2CCC(C1)N2CCCCc1nc2ccccc2s1,7.36
Fc1ccc(SCCCN2CCCN(c3ccc(Cl)cc3)CC2)cc1,6.12
OC1(c2ccc(Cl)cc2)CC2CCC(C1)N2CCCCc1ccc(F)cc1,7.48
OC1(c2ccc(Cl)cc2)CC2CCC(C1)N2CCCOc1ccc(F)cc1,7.66
Fc1ccc(OCCCN2CCCN(c3ccc(Cl)cc3)CC2)cc1,6.76
O=C1c2ccc(F)cc2CC1CCN1CCCN(c2ccc(Cl)cc2)CC1,5.99
O=C(CCCCN1C2CCC1CC(O)(c1ccc(Cl)cc1)C2)c1nc2ccccc2s1,6.75
Clc1ccc(N2CCCN(CCCCc3nc4ccccc4s3)CC2)cc1,6.59
O=C(CCCCN1CCCN(c2ccc(Cl)cc2)CC1)c1nc2ccccc2s1,5.7
CN1CCc2ccccc2Cc2[nH]c3ccccc3c2CC1CO,6.57
CC1Cc2c([nH]c3ccccc23)Cc2ccccc2CCN1C,7.07
O=C(CCCCC(=O)NCCCN1CCN(C2=Nc3cc(Cl)ccc3Nc3ccccc32)CC1)NCCCN1CCN(C2=Nc3cc(Cl)ccc3Nc3ccccc32)CC1,8.5
O=C(CCCCCCC(=O)NCCCN1CCN(C2=Nc3cc(Cl)ccc3Nc3ccccc32)CC1)NCCCN1CCN(C2=Nc3cc(Cl)ccc3Nc3ccccc32)CC1,8.87
CCCCCCCCCC(=O)NCCCN1CCN(C2=Nc3cc(Cl)ccc3Nc3ccccc32)CC1,8.05
O=C(CCCCCCCCCCCCCCCCC(=O)NCCCN1CCN(C2=Nc3cc(Cl)ccc3Nc3ccccc32)CC1)NCCCN1CCN(C2=Nc3cc(Cl)ccc3Nc3ccccc32)CC1,6.61
O=C(CCCCCCCCC(=O)NCCCN1CCN(C2=Nc3cc(Cl)ccc3Nc3ccccc32)CC1)NCCCN1CCN(C2=Nc3cc(Cl)ccc3Nc3ccccc32)CC1,8.91
CN(C)C(=O)NC1CCC(CCN2CCN(c3cccc(Cl)c3Cl)CC2)CC1,9.09
O=C(Nc1cccnc1)Nc1cccc(CCN2CCN(c3ccccc3)CC2)c1,7.53
O=C(Cc1ccccn1)Nc1cccc(CCN2CCN(c3ccccc3)CC2)c1,6.56
O=C(Cc1ccncc1)Nc1ccc(CCN2CCN(c3ccccc3)CC2)cc1,7.31
O=C(Cc1cccnc1)Nc1ccc(CCN2CCN(c3ccccc3)CC2)cc1,7.16
c1ccc(CCN2CCN(c3ccccc3)CC2)cc1,6.32
O=C(Cc1ccccn1)Nc1ccc(CCN2CCN(c3ccccc3)CC2)cc1,7.15
O=C(Nc1ccccc1)Nc1cccc(CCN2CCN(c3ccccc3)CC2)c1,5.49
O=C(Nc1ccc(CCN2CCN(c3ccccc3)CC2)cc1)Nc1cccnc1,8.09
O=C(Nc1ccncc1)Nc1ccc(CCN2CCN(c3ccccc3)CC2)cc1,8.44
O=C(Cc1ccccc1)Nc1cccc(CCN2CCN(c3ccccc3)CC2)c1,5.45
O=C(Nc1ccc(CCN2CCN(c3ccccc3)CC2)cc1)Nc1ccccn1,7.85
O=C(Nc1ccccc1)Nc1ccc(CCN2CCN(c3ccccc3)CC2)cc1,6.32
O=C(Cc1ccccc1)Nc1ccc(CCN2CCN(c3ccccc3)CC2)cc1,5.38
O=C(Cc1cccnc1)Nc1cccc(CCN2CCN(c3ccccc3)CC2)c1,7.08
O=C(Nc1ccncc1)Nc1cccc(CCN2CCN(c3ccccc3)CC2)c1,7.31
O=C(CCCCN1CCN(c2ccccc2)CC1)c1nc2ccccc2s1,6.7
O=C(CCCN1CCC(c2ccccc2)CC1)c1nc2ccccc2s1,6.28
c1ccc2c(c1)CN(CCCCc1nc3ccccc3s1)C2,6.0
O=C(CCCCN1CCN(c2ccc(Cl)cc2)CC1)c1nc2ccccc2s1,5.32
O=C(CCCN1CCN(c2ccc(Cl)cc2)CC1)c1nc2ccccc2s1,5.08
O=C(CCCCN1CCC(c2ccccc2)CC1)c1nc2ccccc2s1,6.19
O=C(CCCCN1CCN(c2ncccn2)CC1)c1nc2ccccc2s1,6.3
c1ccc2c(c1)CCN(CCCCc1nc3ccccc3s1)C2,7.51
Clc1ccc(N2CCN(CCCc3nc4ccccc4s3)CC2)cc1,5.63
Clc1ccc(N2CCN(CCCCc3nc4ccccc4s3)CC2)cc1,6.66
N#Cc1ccc2[nH]cc(CCCCN3CCN(c4ccc5oc(C(N)=O)cc5c4)CC3)c2c1,6.18
O=C(CCCN1CCN(c2ncccn2)CC1)c1nc2ccccc2s1,5.82
OC1(c2ccc(Cl)cc2)CCN(CCCCc2nc3ccccc3s2)CC1,6.7
O=C1CCc2cnccc2N1CCCN1CCC(n2c(=O)[nH]c3ccccc32)CC1,5.96
O=C1CCc2ccccc2N1OCCN1CCC(n2c(=O)[nH]c3ccccc32)CC1,7.26
O=C1COc2ccccc2N1CCCN1CCC(n2c(=O)[nH]c3cc(F)ccc32)CC1,8.6
O=C1CCc2ccc(F)cc2N1CCCN1CCC(n2c(=O)[nH]c3ccccc32)CC1,7.05
O=C1COc2ccccc2N1CCCN1CCC(n2c(=O)[nH]c3cccnc32)CC1,5.9
O=C1COc2ccccc2N1CCCN1CCC(n2c(=O)[nH]c3cccc(F)c32)CC1,7.39
O=C1COc2ccccc2N1CCCN1CCC(n2c(=O)[nH]c3ncccc32)CC1,6.19
O=C1CCc2c(F)cccc2N1CCCN1CCC(n2c(=O)[nH]c3ccccc32)CC1,7.22
O=C1CCc2cc(F)ccc2N1CCCN1CCC(n2c(=O)[nH]c3ccccc32)CC1,8.19
O=C1CCc2ccccc2N1CCCN1CCC(c2ccc3[nH]ccc3c2)CC1,7.38
O=c1[nH]c2ccccc2n1C1CCN(CCOc2ccccc2)CC1,8.26
O=C1CCc2cccnc2N1CCCN1CCC(n2c(=O)[nH]c3ccccc32)CC1,6.22
O=C1COc2ccccc2N1CCCN1CCC(n2c(=O)[nH]c3c(F)cccc32)CC1,7.82
O=C1CCc2ncccc2N1CCCN1CCC(n2c(=O)[nH]c3ccccc32)CC1,5.66
O=C1COc2ccccc2N1CCCN1CCC(n2c(=O)[nH]c3cnccc32)CC1,5.87
O=C1CCc2cccc(F)c2N1CCCN1CCC(n2c(=O)[nH]c3ccccc32)CC1,7.02
O=C1CCc2ccccc2N1CCCN1CCC(n2c(=O)[nH]c3ccccc32)CC1,8.02
COc1cc2c(cc1O)C1Cc3cc(C)cc(C)c3CN1CC2,6.79
COc1ccc2c(c1)CC1c3cc(O)c(OC)cc3CCN1C2,6.46
CCN(CC)C1C(CO)C2CN(Cc3ccccc3)C(c3ccccc3)C21,5.77
OCC1C2CN(Cc3ccccc3)C(c3ccccc3)C2C1N1CCCCC1,5.7
CCN(CC)C1C(CO)C2CN(Cc3ccccc3)C(c3ccc(Br)cc3)C21,5.7
CCN(CC)C1C(CO)C2CN(Cc3ccccc3)C(c3ccccn3)C21,4.92
CCCN1CC(c2ccc(O)cc2)CC2c3cc(O)c(O)cc3CCC21,6.8
Oc1ccc2c(c1O)CC(c1ccccc1)C1CCNCC21,6.64
Oc1ccc(C2CNC3CCc4cc(O)c(O)cc4C3C2)cc1,6.31
O=S(=O)(NC1CCN(CCOc2ccccc2-c2ccccc2)C1)c1ccc(Cl)s1,8.1
CSc1ccccc1OCCN1CCC(CNS(=O)(=O)c2cccc(Cl)c2)CC1,7.3
O=S(=O)(NC1CCN(CCOc2ccccc2)CC1)c1cccs1,7.08
CC(C)c1ccccc1OCCN1CCC(NS(=O)(=O)c2ccc(F)cc2)CC1,7.29
O=S(=O)(NC1CCN(CCOc2cccc(F)c2)C1)c1cccs1,6.14
CC(C)c1ccccc1OCCN1CCC(NC(=O)c2ccc3ccccc3n2)C1,7.1
O=S(=O)(NC1CCN(CCOc2ccccc2)C1)c1ccc(F)cc1,7.96
O=S(=O)(NC1CCN(CCOc2cc(Cl)ccc2Cl)C1)c1ccc(Cl)s1,7.11
CSc1ccccc1OCCN1CCC(NS(=O)(=O)c2ccc(F)cc2)C1,7.39
CC(C)c1ccccc1OCCN1CCC(NS(=O)(=O)c2ccc(Cl)s2)C1,7.7
O=S(=O)(NC1CCN(CCOc2ccccc2-c2ccccc2)C1)c1ccc(F)cc1,8.0
CC(C)c1ccccc1OCCN1CCC(NS(=O)(=O)c2cccc3cccnc23)C1,8.0
O=S(=O)(NC1CCN(CCOc2ccccc2)C1)c1ccc(Cl)s1,6.5
O=S(=O)(NC1CCN(CCOc2cccc(F)c2)C1)c1ccc(F)c(F)c1,6.28
O=C(NC1CCN(CCOc2ccccc2-c2ccccc2)C1)c1cccc(F)c1F,7.82
O=S(=O)(NC1CCN(CCOc2ccccc2-c2ccccc2)C1)c1cc(F)ccc1F,7.75
O=S(=O)(NC1CCN(CCOc2cccc3c2CCCC3)C1)c1cccs1,7.14
O=S(=O)(NCC1CCN(CCOc2cccc(F)c2)CC1)c1cccs1,5.97
O=S(=O)(NC1CCN(CCOc2cccc3c2CCCC3)C1)c1ccc(F)cc1,7.14
O=S(=O)(NC1CCN(CCOc2cccc(Cl)c2Cl)C1)c1ccc(Cl)s1,7.17
O=S(=O)(NC1CCN(CCOc2ccccc2-c2ccccc2)C1)c1ccc(F)c(F)c1,7.62
O=C(NC1CCN(CCOc2ccccc2-c2ccccc2)C1)c1ccc2ccccc2n1,7.62
CSc1ccccc1OCCN1CCC(NS(=O)(=O)c2cccc(Cl)c2)C1,7.44
O=S(=O)(NCC1CCN(CCOc2cccc(F)c2)CC1)c1cccc(Cl)c1,6.25
O=S(=O)(NC1CCN(CCOc2cccc3c2CCCC3)C1)c1cc(F)ccc1F,7.22
O=S(=O)(NC1CCN(CCOc2ccccc2-c2ccccc2)CC1)c1ccc(F)c(F)c1,7.2
CC(C)c1ccccc1OCCN1CCC(NS(=O)(=O)c2cccs2)C1,7.8
O=S(=O)(NC1CCN(CCOc2ccccc2-c2ccccc2)C1)c1cccs1,7.8
CC(C)c1ccccc1OCCN1CCC(CNS(=O)(=O)c2cccc(Cl)c2)CC1,7.18
CC(C)c1ccccc1OCCN1CCC(CNS(=O)(=O)c2ccc(F)cc2)CC1,7.3
CCCCNC(=O)c1cc2ccccc2[nH]1,4.87
COc1ccccc1N1CCNCC1,6.17
CCCCN1CCN(c2ccccc2OC)CC1,7.69
CCC(=O)NCCCCN1CCN(c2ccccc2OC)CC1,7.08
CCC(=O)NCCCCN1CCN(c2cccc(Cl)c2Cl)CC1,7.81
OCCN1CCN(c2cccc(Cl)c2Cl)CC1,7.2
CCCCN1CCN(c2cccc(Cl)c2Cl)CC1,8.47
COc1ccccc1N1CCN(CCCCNC(=O)c2cc3ccccc3[nH]2)CC1,7.43
COc1ccccc1N1CCN(C)CC1,6.58
CN1CCN(c2cccc(Cl)c2Cl)CC1,7.34
CCCN1CCN(c2cccc(Cl)c2Cl)CC1,8.28
Clc1cccc(N2CCNCC2)c1Cl,6.86
Clc1cccc(N2CCN(CCCCOc3ccc4scnc4c3)CC2)c1Cl,7.77
O=c1[nH]c2ccc(OCCCCN3CCN(c4cccc(Cl)c4Cl)CC3)cc2[nH]1,7.82
O=C1CCc2ccc(OCCCCN3CCN(c4ccccc4C(F)(F)F)CC3)cc2N1,8.38
N#Cc1ccccc1N1CCN(CCCCOc2ccc3c(c2)NC(=O)CC3)CC1,8.54
Clc1cccc(N2CCN(CCCCOc3ccc4cn[nH]c4c3)CC2)c1Cl,7.18
Oc1ccc2ccc(OCCCCN3CCN(c4cccc(Cl)c4Cl)CC3)cc2n1,8.14
O=C1CCc2ccc(OCCCCN3CCCN(c4cccc(Cl)c4Cl)CC3)cc2N1,8.44
O=C1CCc2ccc(OCCCCN3CCN(c4ccccc4F)CC3)cc2N1,8.26
Cc1ccccc1N1CCN(CCCCOc2ccc3c(c2)NC(=O)CC3)CC1,8.23
O=C1NCCc2ccc(OCCCCN3CCN(c4cccc(Cl)c4Cl)CC3)cc21,7.75
O=C1CCc2ccc(OCC3CCC(CN4CCN(c5cccc(Cl)c5Cl)CC4)CC3)cc2N1,6.84
O=C1CCc2ccc(OCCCCN3CCCN(c4cccc(Cl)c4Cl)CC3)nc2N1,8.92
Clc1cccc(C2CCN(CCCOc3ccc4scnc4c3)CC2)c1Cl,7.12
Clc1cccc(N2CCCN(CCCOc3ccc4scnc4c3)CC2)c1Cl,7.7
O=c1[nH]c2ccc(OCCCCN3CCC(c4cccc(Cl)c4Cl)CC3)cc2[nH]1,7.96
Cc1cccc(N2CCN(CCCCOc3ccc4c(c3)NC(=O)CC4)CC2)c1C,8.09
Clc1cccc(C2CCN(CCCCOc3ccc4scnc4c3)CC2)c1Cl,7.38
O=C1NCCc2ccc(OCCCN3CCCN(c4cccc(Cl)c4Cl)CC3)cc21,8.24
Clc1cccc(N2CCN(CCCOc3ccc4scnc4c3)CC2)c1Cl,7.52
O=C1CCc2ccc(COC3CC3CN3CCN(c4cccc(Cl)c4Cl)CC3)cc2N1,6.63
O=C1CCc2ccc(OCCCCN3CCN(c4ccccc4Cl)CC3)cc2N1,8.43
CC(C)Oc1ccccc1N1CCN(CCCCOc2ccc3c(c2)NC(=O)CC3)CC1,8.51
O=C1CCc2ccc(Oc3ccc(CN4CCN(c5cccc(Cl)c5Cl)CC4)cc3)cc2N1,6.97
Clc1cccc(N2CCCN(CCCCOc3ccc4scnc4c3)CC2)c1Cl,7.75
O=C1CCc2ccc(OCCCCN3CCC(c4cccc(Cl)c4Cl)CC3)cc2N1,7.96
O=C1CCc2ccc(OCC#CCN3CCN(c4cccc(Cl)c4Cl)CC3)cc2N1,6.0
O=C1CCc2ccc(OCCCCN3CCN(c4ccccc4)CC3)cc2N1,8.37
CCOc1cccc(N2CCN(CCCCOc3ccc4c(c3)NC(=O)CC4)CC2)c1,7.68
O=c1ccc2ccc(OCCCCN3CCCN(c4cccc(Cl)c4Cl)CC3)cc2[nH]1,8.47
O=C1CCc2ccc(OCCCN3CCN(c4cccc(Cl)c4Cl)CC3)cc2N1,7.68
CCOc1ccc(N2CCN(CCCCOc3ccc4c(c3)NC(=O)CC4)CC2)cc1,7.28
O=C1NCCc2ccc(OCCCN3CCN(c4cccc(Cl)c4Cl)CC3)cc21,7.75
CCCCN(CCc1ccccc1)CCc1cccc(O)c1,5.91
CCCCCCN(CCc1ccccc1)CCc1cccc(O)c1,6.08
Oc1cccc(CCN(CCc2ccccc2)CC2CCC2)c1,6.35
O=C(CCCN1CC[Si](O)(c2ccc(Cl)cc2)CC1)c1ccc(F)cc1,9.26
CCCN1CCC(n2c(=O)[nH]c3cc(Cl)ccc32)CC1,6.43
CCCN1CCC(c2cc3ccccc3s2)CC1,5.63
CCCN1CCC(N2C(=O)C(=O)c3ccccc32)CC1,4.92
CCCN1CCC(c2csc3ccccc23)CC1,6.92
CCCN1CCC(c2noc3cc(F)ccc23)CC1,6.71
CCCN1CCC(c2coc3ccccc23)CC1,5.57
CCCN1CCC(c2n[nH]c3ccccc23)CC1,5.97
CCCN1CCC(c2cccc3ccccc23)CC1,6.95
CCCN1CCC(n2ccc3ccccc32)CC1,5.95
CCCN1CCC(n2c(=O)n(C)c3cc(Cl)ccc32)CC1,5.7
CCCN1CCC(c2ccc3ccccc3c2)CC1,5.54
CCCN1CCC(c2cn(C)c3ccc(F)cc23)CC1,7.5
CCCN1CCC(c2cn(C)c3cc(F)ccc23)CC1,6.56
COc1ccccc1N1CCN(Cc2cc(CN3CCOCC3)c3cccccc2-3)CC1,6.89
CCCC#Cc1cc(CN2CCN(c3ccccc3OC)CC2)c2cccccc1-2,7.12
COc1ccccc1N1CCN(Cc2cc(CN3CCN(c4ccc(Cl)cc4)CC3)c3cccccc2-3)CC1,7.02
COc1ccccc1N1CCN(Cc2cc(C#N)c3cccccc2-3)CC1,8.08
C#Cc1cc(CN2CCN(c3ccccc3OC)CC2)c2cccccc1-2,7.02
COc1ccccc1N1CCN(Cc2cc(CO)c3cccccc2-3)CC1,6.82
COc1ccccc1N1CCN(Cc2ccc3cccccc2-3)CC1,7.48
COc1ccccc1N1CCN(Cc2cc(CN3CCN(C)CC3)c3cccccc2-3)CC1,7.22
COc1ccccc1N1CCN(Cc2cc(CN(C)C)c3cccccc2-3)CC1,6.68
COc1ccccc1N1CCN(Cc2cc(C#Cc3ccccc3)c3cccccc2-3)CC1,7.19
COc1ccccc1N1CCN(Cc2cc(CN3CCN(c4ccccc4OC)CC3)c3cccccc2-3)CC1,7.77
COc1ccccc1N1CCN(Cc2cc(CN3CCCCC3)c3cccccc2-3)CC1,7.29
O=S(=O)(NCCCCN1CCN(c2cccc(Cl)c2Cl)CC1)c1cncc2ccccc12,8.1
O=S(=O)(NCCCCN1CCN(c2cccc(Cl)c2Cl)CC1)c1cnc2ccccc2c1,8.05
O=S(=O)(NCCCN1CCN(c2cccc(Cl)c2Cl)CC1)c1ccc2cccnc2c1,7.8
O=S(=O)(NCCCCN1CCN(c2cccc(Cl)c2Cl)CC1)c1ccc2cccnc2c1,7.96
O=S(=O)(NCCCCN1CCN(c2cccc(Cl)c2Cl)CC1)c1cc2ccccc2cn1,7.77
CN1CCC(c2cn(-c3ccc(F)cc3)c3ccc(-c4nnn(C)n4)cc23)CC1,7.16
CN1CCC(c2cn(-c3ccncc3)c3ccc(-c4cccnc4)cc23)CC1,5.96
CN1CCC(c2cn(-c3ccncc3)c3ccc(-c4ccncc4)cc23)CC1,6.58
CN1CCC(c2cn(-c3ccc(F)cc3)c3ccc(-c4cnn(C)c4)cc23)CC1,6.82
CN1CCC(c2cn(-c3ccncc3)c3ccc(-c4cncnc4)cc23)CC1,6.08
CN1CCC(c2cn(-c3ccc(F)cc3)c3ccc(-c4ccn(C)n4)cc23)CC1,6.8
CN1CCC(c2cn(-c3ccncc3)c3ccc(-c4cnn(C)c4)cc23)CC1,5.19
CN1CCC(c2cn(-c3ccc(F)cc3)c3ccc(-c4ncn(C)n4)cc23)CC1,6.66
CN1CCC(c2cn(-c3ccc(F)cc3)c3ccc(-c4ccnn4C)cc23)CC1,7.82
CN1CCC(c2cn(-c3ccncc3)c3ccc(-c4ccnn4C)cc23)CC1,6.06
CN1CCC(c2cn(-c3ccc(F)cc3)c3ccc(-c4cccnc4)cc23)CC1,7.12
CC1=CC(C)=[N+]2C1=C(c1ccc(OCCCN3CCCCC3)cc1)c1c(C)cc(C)n1[B-]2(F)F,5.71
Nc1nc2cc3c(cc2s1)CCNCC3,5.41
Nc1nc2cc3c(cc2s1)CCN(Cc1cccnc1)CC3,6.7
CN(C)C(=O)c1ccc(CN2CCc3cc4nc(N)sc4cc3CC2)cc1,7.38
Nc1nc2cc3c(cc2s1)CCN(C1CC1)CC3,5.96
COc1cccc(CN2CCc3cc4nc(N)sc4cc3CC2)c1,7.47
Nc1nc2cc3c(cc2s1)CCN(Cc1cccc(F)c1)CC3,7.38
Nc1nc2cc3c(cc2s1)CCN(Cc1ncon1)CC3,5.3
Cn1cc(CN2CCc3cc4nc(N)sc4cc3CC2)cn1,7.82
Nc1nc2cc3c(cc2s1)CCN(CC(F)(F)F)CC3,5.3
Nc1nc2cc3c(cc2s1)CCN(Cc1ccncc1)CC3,7.42
Nc1nc2cc3c(cc2s1)CCN(C(=O)c1ccccc1)CC3,5.37
Nc1nc2cc3c(cc2s1)CCN(CCO)CC3,6.1
Nc1nc2cc3c(cc2s1)CCN(Cc1ccccc1)CC3,7.1
Nc1nc2cc3c(cc2s1)CCN(Cc1ccc(F)cc1)CC3,7.12
CN(C)C(=O)c1cccc(CN2CCc3cc4nc(N)sc4cc3CC2)c1,7.38
Nc1nc2cc3c(cc2s1)CCN(Cc1ccccn1)CC3,5.3
Nc1nc2cc3c(cc2s1)CCN(Cc1cnc[nH]1)CC3,6.24
CCN1CCc2cc3nc(N)sc3cc2CC1,5.6
CN1CCc2cc3nc(N)sc3cc2CC1,5.82
CCNC1Cc2cc3nc(N)sc3cc2C1,6.82
Nc1nc2cc3c(cc2s1)CCN(Cc1cnco1)CC3,6.5
Cn1ccc(CN2CCc3cc4nc(N)sc4cc3CC2)n1,6.46
COc1cc2c(cc1O)CCN1Cc3c(ccc(O)c3OC)CC21,6.95
COc1cc2c(cc1OC)C1Cc3ccc(O)c(OC)c3CN1CC2,6.52
COc1cc2c(cc1O)C1Cc3ccc(OC)c(O)c3CN1CC2,6.67
COc1cc2c(cc1O)C1Cc3ccc(OC)c(OC)c3CN1CC2,7.04
COc1cc2c(cc1O)C1Cc3cc4c(cc3CN1CC2)OCO4,7.5
COc1ccc2c(c1OC)CN1CCc3cc4c(cc3C1C2)OCO4,6.92
COc1c(O)ccc2c1CN1CCc3cc4c(cc3C1C2)OCO4,6.84
CCCN1CCC(c2ccccc2)CC1,6.8
CCCN1CCC(c2cccc(OC)c2)CC1,5.82
CCCN1CCC(c2cccc(C(F)(F)F)c2)CC1,6.75
CCCN1CCN(c2cccc(C#N)c2)CC1,6.6
CCCN1CCC(c2ccc(OC)cc2)CC1,4.64
CCCN1CCC(c2cccc(S(=O)(=O)C3CCCC3)c2)CC1,5.42
CCCN1CCN(c2ccc(OC)cc2)CC1,5.2
CCCN1CCN(c2ccccc2OC)CC1,7.7
CCCN1CCC(c2ccccc2OC)CC1,7.92
CCCN1CCN(c2ccccc2S(C)(=O)=O)CC1,6.24
CCCN1CCN(c2cccc(OC)c2)CC1,6.52
COc1ccc2c(c1)CCN1CCC(O)(c3ccc(Cl)cc3)CC21,6.71
COc1cc2c(cc1O)C1CC(O)(c3ccc(Cl)cc3)CCN1CC2,7.83
COc1cc2c(cc1O)C1CC(O)(c3ccc(OC(F)(F)F)cc3)CCN1CC2,8.4
Cc1cc2c(cc1O)C1CC(O)(c3ccc(Cl)cc3)CCN1CC2,7.91
c1ccc(-n2cc(CN3CCN(c4cc5ccc4CCc4ccc(cc4)CC5)CC3)cn2)cc1,7.55
c1ccc(N2CCN(Cc3cnn(-c4cc5ccc4CCc4ccc(cc4)CC5)c3)CC2)cc1,7.48
O=C1CC(c2c[nH]c3ccccc23)C(=O)N1CCCCN1CCC(c2c[nH]c3ccc(F)cc23)CC1,7.85
O=C1CC(c2c[nH]c3ccccc23)C(=O)N1CCN1CCC(c2c[nH]c3ccc(F)cc23)CC1,7.1
COc1ccccc1N1CCCN(CCCCNC(=O)c2cc3ccccc3s2)CC1,6.9
COc1ccccc1N1CCCN(CCCCNC(=O)c2cc3ccccc3o2)CC1,6.9
COc1ccccc1N1CCCN(CCCCNC(=O)c2cccc(OC)c2OC)CC1,6.82
COc1ccccc1N1CCCN(CCCCNC(=O)c2ccc(Cl)nc2)CC1,6.92
COc1ccccc1N1CCCN(CCCCNC(=O)c2ccc(N(C)C)cc2)CC1,6.92
COc1ccccc1N1CCCN(CCCCNC(=O)c2ccc(Cl)cc2)CC1,6.96
COc1ccccc1N1CCCN(CCCCNC(=O)c2ccc(-c3ccccc3)s2)CC1,6.97
COc1ccccc1N1CCCN(CCCCNC(=O)c2ccc(SC)cc2)CC1,7.0
C=Cc1ccc(C(=O)NCCCCN2CCCN(c3ccccc3OC)CC2)cc1,6.89
COc1ccccc1N1CCCN(CCCCNC(=O)c2ccc(-c3ccc(F)cc3)s2)CC1,6.55
COc1ccccc1N1CCCN(CCCCNC(=O)c2ccc(CCF)cc2)CC1,6.97
COc1ccccc1N1CCCN(CCCCNC(=O)c2ccc(-c3ccsc3)cc2)CC1,6.89
CNc1ccc(C(=O)NCCCCN2CCCN(c3ccccc3OC)CC2)cc1,6.77
COc1ccccc1N1CCCN(CCCCNC(=O)c2cc3ccccc3[nH]2)CC1,6.86
COc1ccccc1N1CCCN(CCCCNC(=O)c2ccc(CCO)cc2)CC1,6.82
COc1ccccc1N1CCCN(CCCCNC(=O)c2ccc(Br)nc2)CC1,6.84
COc1cc(Br)cc(C(=O)NCCCCN2CCN(c3cccc(Cl)c3Cl)CC2)c1OC,7.23
COc1ccccc1N1CCCN(CCCCNC(=O)c2cccc3c2-c2ccccc2C3=O)CC1,7.0
O=C(NCCCCN1CCN(c2cccc(Cl)c2Cl)CC1)c1ccc2c(c1)C(=O)c1ccccc1-2,7.05
COc1ccccc1N1CCCN(CCCCNC(=O)c2ccc(F)cc2)CC1,7.02
COc1ccccc1N1CCCN(CCCCNC(=O)c2ccc(Br)s2)CC1,7.36
COc1ccccc1N1CCCN(CCCCNC(=O)c2ccc(C)s2)CC1,7.25
COc1ccccc1N1CCN(CCCOc2ccc3c(C)cc(=O)oc3c2)CC1,7.93
Cc1cc(=O)oc2cc(OCCCN3CCN(c4ccccc4)CC3)ccc12,7.97
CN1CCc2ccc(Cc3ccc(O)cc3)c3c2C1Cc1ccc(O)c(O)c1-3,7.33
CN1CCc2ccc(Cc3ccccc3)c3c2C1Cc1ccc(O)c(O)c1-3,7.11
CN1CCc2ccc(Cc3ccc(O)c4ccccc34)c3c2C1Cc1ccc(O)c(O)c1-3,6.77
CN1CCc2ccc(CO)c3c2C1Cc1ccc(O)c(O)c1-3,7.37
Cc1ccc2c3c1-c1c(ccc(O)c1O)CC3N(C)CC2,7.27
CN(C)c1ccc(Cc2ccc3c4c2-c2c(ccc(O)c2O)CC4N(C)CC3)cc1,7.1
C#CC1=CCC(N(CCC)CCCCNC(=O)c2cc3ccccn3n2)CC1,6.64
C#CC1=CCC(N(CCC)CCCCNC(=O)c2cc3ccccc3s2)CC1,7.8
C#CC1=CCC(N(CCC)CCCCNC(=O)c2ccc(OCCCc3cnn(CCCC)n3)c(OC)c2)CC1,8.41
Cn1c(=O)cnn(CCCCN2CCN(c3ccccc3OCCF)CC2)c1=O,7.43
Clc1ccccc1N1CCN(Cc2cccs2)CC1,5.66
Clc1cccc(N2CCN(Cc3csc4ccccc34)CC2)c1Cl,6.42
CCOc1ccccc1N1CCN(Cc2c[nH]c3ccccc23)CC1,6.33
CCOc1ccccc1N1CCN(Cc2cccnc2)CC1,6.59
Clc1cccc(N2CCN(Cc3ccccc3)CC2)c1Cl,6.62
Clc1cccc(N2CCN(Cc3cccc4ccccc34)CC2)c1Cl,6.46
CCOc1ccccc1N1CCN(Cc2cccc3ccccc23)CC1,6.58
CCOc1ccccc1N1CCN(Cc2cccs2)CC1,6.79
Clc1cccc(N2CCN(Cc3c[nH]c4ccccc34)CC2)c1Cl,6.3
Clc1cccc(N2CCN(Cc3cccnc3)CC2)c1Cl,6.49
Clc1cccc(N2CCN(Cc3cccs3)CC2)c1Cl,5.81
CCOc1ccccc1N1CCN(Cc2csc3ccccc23)CC1,6.66
CCOc1ccccc1N1CCN(Cc2ccccc2)CC1,6.66
Oc1ccc(N2CCN(Cc3cccs3)CC2)cc1,5.66
c1ccc(CCNC2C3C4CC5C6C4CC3C6C52)nc1,5.0
C1C2C3CC4C2C(NCC25C6C7C8C6C2C8C75)C2C1C3C42,5.25
OC12C3C4CC5C6C4C1C6C(C53)N2CC1CCCCC1,5.55
CN(CCc1ccccc1)C1C2C3CC4C5C3CC2C5C41,5.29
COc1ccccc1N1CCN(CCCCn2cc(-c3ccc(-c4cnco4)cc3)nn2)CC1,6.87
COc1ccccc1N1CCN(CCCCn2cc(-c3cccnc3)nn2)CC1,6.74
COc1ccccc1N1CCN(CCCCn2cc(-c3ccc(Br)cc3)nn2)CC1,6.64
COc1ccccc1N1CCN(CCCCn2cc(-c3ccccc3)nn2)CC1,6.64
COc1ccccc1N1CCN(CCCCn2cc(-c3ccc(N)cc3)nn2)CC1,6.7
COc1ccc(-c2cn(CCCCN3CCN(c4ccccc4OC)CC3)nn2)cc1,6.67
COc1ccccc1N1CCN(Cc2cn(-c3ccc(OCCCF)cc3)nn2)CC1,6.28
COc1ccccc1N1CCN(Cc2cn(C3OC(CF)C(O)C(O)C3O)nn2)CC1,4.29
COc1ccccc1N1CCN(Cc2cn(CCOCCF)nn2)CC1,6.12
COc1ccccc1N1CCN(Cc2cn(-c3ccc(OCCCOCCF)cc3)nn2)CC1,6.11
COc1ccccc1N1CCN(Cc2cn(-c3ccc(OCCOCCOCCF)cc3)nn2)CC1,5.54
COc1ccccc1N1CCN(Cc2cn(CCOCCOCCF)nn2)CC1,5.47
COc1ccccc1N1CCN(Cc2cn(CCOCCOCCOCCF)nn2)CC1,5.33
COc1ccccc1N1CCN(Cc2cn(-c3ccc(OCCF)cc3)nn2)CC1,4.75
COc1ccccc1N1CCN(Cc2cn(C3OC(CO)C(O)C(O)C3F)nn2)CC1,4.38
COc1ccccc1N1CCN(Cc2cn(CCCCCCF)nn2)CC1,6.25
COc1ccccc1N1CCN(Cc2cn(-c3ccc(OCCCOC4OC(CO)C(O)C(O)C4F)cc3)nn2)CC1,5.82
O=[N+]([O-])c1ccc(CCN2CCN(c3ccccc3)CC2)cc1[N+](=O)[O-],7.29
c1ccc2c(N3CCN(CCc4ccc5[nH]nnc5c4)CC3)cccc2c1,7.62
COc1ccccc1N1CCN(CCc2ccc3[nH]nnc3c2)CC1,8.27
COc1ccccc1N1CCN(CCCc2ccc3nc[nH]c3c2)CC1,7.01
O=c1[nH]c2ccc(CCN3CCN(c4cccc(C(F)(F)F)c4)CC3)cc2[nH]c1=O,7.55
COc1ccccc1N1CCN(CCCc2ccc3[nH]c(=S)[nH]c3c2)CC1,9.4
FC(F)(F)c1cccc(N2CCN(CCCc3ccc4[nH]c(=S)[nH]c4c3)CC2)c1,8.24
O=c1[nH]c2ccc(OCCN3CCN(c4ccccc4)CC3)cc2[nH]1,8.12
O=c1[nH]c2ccc(OCCN3CCN(c4cccc(C(F)(F)F)c4)CC3)cc2[nH]1,7.58
COc1ccccc1N1CCN(CCOc2ccc3[nH]c(=O)[nH]c3c2)CC1,8.89
S=c1[nH]c2ccc(CCCN3CCN(c4ccccc4)CC3)cc2[nH]1,8.52
COc1ccc(N2CCN(CCCc3ccc4[nH]c(=S)[nH]c4c3)CC2)cc1,7.48
Cc1cccc(N2CCN(CCc3ccc4[nH]nnc4c3)CC2)c1C,7.29
c1ccc2c(N3CCN(CCc4ccc5[nH]cnc5c4)CC3)cccc2c1,8.78
COc1ccccc1N1CCN(CCOc2ccc3[nH]c(=S)[nH]c3c2)CC1,9.72
COc1ccccc1N1CCN(CCOc2ccc3nc[nH]c3c2)CC1,7.9
S=c1[nH]c2ccc(OCCN3CCN(c4ccccc4)CC3)cc2[nH]1,9.17
S=c1[nH]c2ccc(CCCN3CCN(c4ccc(Cl)cc4)CC3)cc2[nH]1,7.7
COc1cccc(N2CCN(CCOc3ccc4[nH]c(=O)[nH]c4c3)CC2)c1,7.35
c1ccc(N2CCN(CCCc3ccc4nc[nH]c4c3)CC2)cc1,6.89
c1ccc(-c2nc3cc(CCN4CCN(c5ccccc5)CC4)ccc3[nH]2)cc1,7.5
S=c1[nH]c2ccc(OCCN3CCN(c4cccc(Cl)c4)CC3)cc2[nH]1,8.15
COc1cccc(N2CCN(CCOc3ccc4[nH]c(=S)[nH]c4c3)CC2)c1,7.88
FC(F)(F)c1cccc(N2CCN(CCOc3ccc4[nH]c(=S)[nH]c4c3)CC2)c1,8.23
CC(C)(C)OC(=O)NC1CCC(CCN2CCCN(c3cccc(Cl)c3Cl)CC2)CC1,7.98
CC(C)(C)OC(=O)NC1CCC(CN2CCc3ccccc3C2)CC1,6.45
CC(C)(C)OC(=O)NCC1CCC(CN2CCN(c3cccc(Cl)c3Cl)CC2)CC1,6.83
CC(C)OC(=O)NC1CCC(CCN2CCc3ccccc3C2)CC1,5.83
CC(C)(C)OC(=O)NC1CCC(CCN2CCc3ccc([N+](=O)[O-])cc3C2)CC1,6.42
CC(C)(C)OC(=O)NC1CCC(CCN2CCN(c3cccc(Cl)c3Cl)CC2)CC1,7.48
CC(C)(C)OC(=O)Nc1ccc(CCN2CCc3ccccc3C2)cc1,6.26
CC(C)(C)OC(=O)NCC1CCC(CN2CCc3ccccc3C2)CC1,5.94
CC(C)(C)OC(=O)NC1CCC(CCN2CCc3ccc(C#N)cc3C2)CC1,5.65
O=C(NC1CCC(CCN2CCc3ccccc3C2)CC1)Oc1ccccc1,6.04
CC(=O)NC1CCC(CCN2CCc3ccccc3C2)CC1,5.22
CC(C)(C)NC(=O)NC1CCC(CCN2CCc3ccccc3C2)CC1,6.61
CN(C)C(=O)NCC1CCC(CN2CCN(c3cccc(Cl)c3Cl)CC2)CC1,7.37
CC(=O)NC1CCC(CCN2CCc3ccc(C#N)cc3C2)CC1,7.63
CC(C)(C)OC(=O)NC1CCC(CN2CCN(c3cccc(Cl)c3Cl)CC2)CC1,6.51
CC(C)COC(=O)NC1CCC(CCN2CCc3ccccc3C2)CC1,5.28
CC(C)(C)OC(=O)NC1CCC(CCN2CCc3ccccc3C2)CC1,6.13
CCOC(=O)NC1CCC(CCN2CCc3ccccc3C2)CC1,5.57
NC(N)=NC(=O)c1ccc2c(c1)Cc1ccccc1-2,5.85
CN1CCC(=C2c3ccccc3CCc3sccc32)CC1,8.62
CN1CCc2c(c3cccc4c3n2-c2ccccc2CC4)C1,6.08
COc1ccccc1N1CCN(CCC2CCc3ccc([N+](=O)[O-])cc3C2=O)CC1,7.38
Nc1ccc2c(c1)C(=O)C(CCN1CCC(c3noc4cc(F)ccc34)CC1)CC2,7.33
COc1ccccc1N1CCN(CCC2CCc3ccc(N)cc3C2=O)CC1,7.3
CC(=O)c1ccc2c(c1)CC(CN1CCC(c3noc4cc(F)ccc34)CC1)CC2=O,7.3
CC(=O)c1ccc2c(c1)CC(CN1CCC(C(=O)c3ccc(F)cc3)CC1)CC2=O,7.49
Nc1ccc2c(c1)C(O)C(CCN1CCC(C(=O)c3ccc(F)cc3O)CC1)CC2,6.19
Nc1ccc2c(c1)C(O)C(CCN1CCC(c3noc4cc(F)ccc34)CC1)CC2,7.06
O=[N+]([O-])c1ccc2c(c1)C(O)C(CCN1CCC(c3noc4cc(F)ccc34)CC1)CC2,6.92
O=C1CC(CN2CCC(c3noc4cc(F)ccc34)CC2)Cc2cc(-c3ccccc3)ccc21,7.76
O=C1c2cc([N+](=O)[O-])ccc2CCC1CCN1CCC(c2noc3cc(F)ccc23)CC1,7.43
COc1ccccc1N1CCN(CCC2CCc3ccc([N+](=O)[O-])cc3C2O)CC1,7.72
Nc1ccc2c(c1)C(=O)C(CCN1CCC(C(=O)c3ccc(F)cc3O)CC1)CC2,6.95
COc1ccccc1N1CCN(CCC2CCc3ccc(N)cc3C2O)CC1,6.75
CCCN1CCc2cccc3c2C1Cc1ccc(O)c(O)c1-3,8.31
Oc1ccc2c(c1)OC(CNCc1ccc(OCCCCF)cc1)CC2,7.04
Oc1ccc2c(c1)OC(CNCc1cccc(I)c1)CC2,7.54
Oc1ccc2c(c1)OC(CNCCN1CCN(c3ccc(I)cc3)CC1)CC2,7.02
Oc1ccc2c(c1)OC(CNCCN1CCN(c3ccc(OCCF)cc3)CC1)CC2,6.63
Oc1ccc2c(c1)OC(CNCc1ccccc1)CC2,6.73
CCCCCCNCC1CCc2ccc(O)cc2O1,6.59
COc1ccccc1N1CCN(CC=CCNC(=O)c2cc3cc(OCCOCCF)ccc3[nH]2)CC1,6.92
COc1ccc2[nH]c(C(=O)NCC=CCN3CCN(c4ccccc4OC)CC3)cc2c1,6.92
O=C(NCC=CCN1CCN(c2ccccc2OCCF)CC1)c1cc2ccccc2[nH]1,7.39
COc1ccccc1N1CCN(CCCCNC(=O)c2cc3cc(OCCOCCOCCF)ccc3[nH]2)CC1,7.37
COc1ccc2c(C(=O)NCC=CCN3CCN(c4ccccc4OCCF)CC3)c[nH]c2c1,8.23
COc1ccccc1N1CCN(CCCCNC(=O)c2cc3cc(OCCOCCF)ccc3[nH]2)CC1,7.66
O=C(NCCCCN1CCN(c2ccccc2OCCF)CC1)c1c[nH]c2ccccc12,8.29
COc1ccc2[nH]cc(C(=O)NCCCCN3CCN(c4ccccc4OCCF)CC3)c2c1,8.7
COc1ccc2[nH]cc(C(=O)NCC=CCN3CCN(c4ccccc4OC)CC3)c2c1,7.93
COc1ccccc1N1CCN(CC=CCNC(=O)c2cc3cc(OCCF)ccc3[nH]2)CC1,7.22
COc1ccccc1N1CCN(CCCCNC(=O)c2cc3cc(OCCF)ccc3[nH]2)CC1,7.62
COc1ccc2[nH]cc(C(=O)NCC=CCN3CCN(c4ccccc4OCCF)CC3)c2c1,8.12
COc1ccccc1N1CCN(CC=CCNC(=O)c2cc3cc(OCCOCCOCCF)ccc3[nH]2)CC1,6.81
COc1ccccc1N1CCN(CCCCNC(=O)c2cc3cc(O)ccc3[nH]2)CC1,7.8
O=C(NCC=CCN1CCN(c2ccccc2OCCF)CC1)c1cc2cc(O)ccc2[nH]1,7.47
COc1ccc2[nH]c(C(=O)NCC=CCN3CCN(c4ccccc4OCCF)CC3)cc2c1,7.18
Cc1nc2c(o1)CC(CN1CCC(c3noc4cc(F)ccc34)CC1)CC2=O,7.49
O=C1CC(CN2CC=C(c3c[nH]c4cc(F)ccc34)CC2)Cc2nc(N3CCCC3)sc21,7.26
Cc1nc2c(o1)CC(CN1CC=C(c3c[nH]c4cc(F)ccc34)CC1)CC2=O,6.76
O=C1CC(CN2CCC(c3noc4cc(F)ccc34)CC2)Cc2[nH]ncc21,6.95
O=C1CC(CN2CCC(c3noc4cc(F)ccc34)CC2)Cc2nc(N3CCCC3)sc21,6.7
Cc1noc2c1C(=O)CC(CN1CCC(c3c[nH]c4cc(F)ccc34)CC1)C2,7.2
Cc1noc2c1C(=O)CC(CN1CCC(c3noc4cc(F)ccc34)CC1)C2,6.92
CCN1CCCC1CNc1nncc2ccc(OC)c(OC)c12,8.41
CN1CCC2C(C1)c1cccc3c1N2c1ccccc1CS3,6.9
Fc1ccc(CN2CCC(Nc3ccc(C(F)(F)F)nn3)CC2)cc1F,6.8
CCN1C(=O)c2ccccc2[S+]([O-])c2ccc(C(=O)NC(C)c3ccc4ccccc4c3)cc21,6.54
CN1C(=O)c2ccccc2[S+]([O-])c2ccc(C(=O)NCc3cccnc3)cc21,6.51
CN1C(=O)c2ccccc2[S+]([O-])c2ccc(C(=O)NCc3ccc(Br)cc3)cc21,6.62
CCN1C(=O)c2ccccc2[S+]([O-])c2ccc(C(=O)NCc3ccc(OC)cc3)cc21,6.52
CN1C(=O)c2ccccc2[S+]([O-])c2ccc(C(=O)NCCN3CCCC3)cc21,6.68
CCN1C(=O)c2ccccc2[S+]([O-])c2ccc(C(=O)NCc3ccc(F)cc3)cc21,7.05
C=CCN1CCCC1CNC(=O)c1cc(CCCSC2CC(=O)N(CCCCCC(=O)NC(Cc3cnc[nH]3)C(=O)NC(C)C(=O)NC(C(=O)NC(Cc3ccc(O)cc3)C(=O)N3CCCC3C(=O)NC(CCCNC(=N)N)C(=O)NC(Cc3cnc[nH]3)C(=O)O)C(C)CC)C2=O)cc(OC)c1OC,7.99
C=CCN1CCCC1CNC(=O)c1cc(CCCF)cc(OC)c1OC,10.01
C=CCN1CCCC1CNC(=O)c1cc(CCCSC2CC(=O)N(CCCCCC(=O)NCCOCCOCC(=O)NC(Cc3cnc[nH]3)C(=O)NC(C)C(=O)NC(C(=O)NC(Cc3ccc(O)cc3)C(=O)N3CCCC3C(=O)NC(CCCNC(=N)N)C(=O)NC(Cc3cnc[nH]3)C(=O)O)C(C)CC)C2=O)cc(OC)c1OC,7.52
C=CCN1CCCC1CNC(=O)c1cc(CCCSC2CC(=O)N(CCCCCC(=O)NC(C(=O)NC(CCC(N)=O)C(=O)NC(CCCNC(=N)N)C(=O)NC(CCCCN)C(=O)NC(CCCNC(=N)N)C(=O)NC(CCC(N)=O)C(=O)NC(CCCCN)C(=O)NC(CC(C)C)C(=O)NC(CCSC)C(=O)N3CCCC3C(=O)O)C(C)C)C2=O)cc(OC)c1OC,7.89
C=CCN1CCCC1CNC(=O)c1cc(CCCSC2CC(=O)N(CCCCCC(=O)NCCOCCOCCOCCOCCOCCOCCOCCOCCC(=O)NC(C(=O)NC(Cc3ccccc3)C(=O)NC(Cc3ccccc3)C(=O)NC(Cc3ccc(O)cc3)C(=O)NCC(=O)NCC(=O)NC(CO)C(=O)NC(CCCNC(=N)N)C(=O)NCC(=O)NC(CCCCNC(=O)CN3CCN(CC(=O)O)CCN(CC(=O)O)CCN(CC(=O)O)CC3)C(=O)NC(CCCNC(=N)N)C(=O)NC(CC(N)=O)C(=O)NC(CC(N)=O)C(=O)NC(Cc3ccccc3)C(=O)NC(CCCCN)C(=O)NC(C(=O)NC(CCC(=O)O)C(=O)NC(CCC(=O)O)C(=O)NC(Cc3ccc(O)cc3)C(=O)O)C(C)O)C(C)O)C2=O)cc(OC)c1OC,7.37
C=CCN1CCCC1CNC(=O)c1cc(CCCSC2CC(=O)N(CCCCCC(=O)NCCOCCOCCOCCOCCC(=O)NC(CCCCNC(=O)ON=Cc3ccc([Si](F)(C(C)(C)C)C(C)(C)C)cc3)C(=O)NC(Cc3cnc[nH]3)C(=O)NC(C)C(=O)NC(C(=O)NC(Cc3ccc(O)cc3)C(=O)N3CCCC3C(=O)NC(CCCNC(=N)N)C(=O)NC(Cc3cnc[nH]3)C(=O)O)C(C)CC)C2=O)cc(OC)c1OC,8.22
C=CCN1CCCC1CNC(=O)c1cc(CCCSC2CC(=O)N(CCCCCC(=O)NCCOCCOCCOCCOCCC(N)=O)C2=O)cc(OC)c1OC,8.14
C=CCN1CCCC1CNC(=O)c1cc(CCCSC2CC(=O)N(CCCCCC(=O)NCC(=O)NC(Cc3c[nH]c4ccccc34)C(=O)NC(C(=O)NC(CC(C)C)C(=O)NC(CC(=O)O)C(=O)NC(CO)C(=O)NC(C)C(=O)NCC(=O)NC(Cc3ccc(O)cc3)C(=O)NC(CC(C)C)C(=O)NC(CC(C)C)C(=O)NCC(=O)NC(CCCCN)C(=O)NC(C(=O)NC(CC(=O)O)C(=O)NC(CC(C)C)C(=O)NC(CCCCN)C(=O)NC(C)C(=O)NC(CC(C)C)C(=O)NC(C)C(=O)NC(C)C(=O)NC(CC(C)C)C(=O)NC(C)C(=O)NC(CCCCN)C(=O)NC(CCCCN)C(=O)NC(C(=O)NC(CC(C)C)C(=O)O)C(C)CC)C(C)CC)C(C)O)C2=O)cc(OC)c1OC,7.91
C=CCN1CCCC1CNC(=O)c1cc(CCCSC2CC(=O)N(CCCCCC(=O)NCC(=O)NC(CCCNC(=N)N)C(=O)NC(CCCCN)C(=O)NC(CCCCN)C(=O)NC(CCCNC(=N)N)C(=O)NC(CCCNC(=N)N)C(=O)NC(CCC(N)=O)C(=O)NC(CCCNC(=N)N)C(=O)NC(CCCNC(=N)N)C(=O)NC(CCCNC(=N)N)C(=O)N3CCCC3C(=O)N3CCCC3C(=O)NC(CCC(N)=O)C(=O)O)C2=O)cc(OC)c1OC,7.67
C=CCN1CCCC1CNC(=O)c1cc(CCCSC2CC(=O)N(CCCCCC(=O)NCCOCCOCCOCCOCCOCCOCCC(=O)NC(Cc3cnc[nH]3)C(=O)NC(C)C(=O)NC(C(=O)NC(Cc3ccc(O)cc3)C(=O)N3CCCC3C(=O)NC(CCCNC(=N)N)C(=O)NC(Cc3cnc[nH]3)C(=O)O)C(C)CC)C2=O)cc(OC)c1OC,7.56
C=CCN1CCCC1CNC(=O)c1cc(CCCSC2CC(=O)N(CCCCCC(=O)NCCOCCOCCOCCOCCOCCOCCC(=O)NC(C(=O)NC(Cc3ccccc3)C(=O)NC(Cc3ccccc3)C(=O)NC(Cc3ccc(O)cc3)C(=O)NCC(=O)NCC(=O)NC(CO)C(=O)NC(CCCNC(=N)N)C(=O)NCC(=O)NC(CCCCNC(=O)CN3CCN(CC(=O)O)CCN(CC(=O)O)CCN(CC(=O)O)CC3)C(=O)NC(CCCNC(=N)N)C(=O)NC(CC(N)=O)C(=O)NC(CC(N)=O)C(=O)NC(Cc3ccccc3)C(=O)NC(CCCCN)C(=O)NC(C(=O)NC(CCC(=O)O)C(=O)NC(CCC(=O)O)C(=O)NC(Cc3ccc(O)cc3)C(=O)O)C(C)O)C(C)O)C2=O)cc(OC)c1OC,7.45
C=CCN1CCCC1CNC(=O)c1cc(CCCSC2CC(=O)N(CCCCCC(=O)NCCCC(=O)NC(Cc3cnc[nH]3)C(=O)NC(C)C(=O)NC(C(=O)NC(Cc3ccc(O)cc3)C(=O)N3CCCC3C(=O)NC(CCCNC(=N)N)C(=O)NC(Cc3cnc[nH]3)C(=O)O)C(C)CC)C2=O)cc(OC)c1OC,7.55
C=CCN1CCCC1CNC(=O)c1cc(CCCSC2CC(=O)N(CCCCCC(=O)NC(CCCNC(=N)N)C(=O)NC(CCCCN)C(=O)NC(CCCCN)C(=O)NC(CCCNC(=N)N)C(=O)NC(CCCNC(=N)N)C(=O)NC(CCC(N)=O)C(=O)NC(CCCNC(=N)N)C(=O)NC(CCCNC(=N)N)C(=O)NC(CCCNC(=N)N)C(=O)O)C2=O)cc(OC)c1OC,8.01
C=CCN1CCCC1CNC(=O)c1cc(CCCSC2CC(=O)N(CCCCCC(=O)NC(CCCNC(=N)N)C(=O)NC(CCC(N)=O)C(=O)NC(C(=O)NC(CCCCN)C(=O)NC(C(=O)NC(Cc3c[nH]c4ccccc34)C(=O)NC(Cc3ccccc3)C(=O)NC(CCC(N)=O)C(=O)NC(CC(N)=O)C(=O)NC(CCCNC(=N)N)C(=O)NC(CCCNC(=N)N)C(=O)NC(CCSC)C(=O)NC(CCCCN)C(=O)NC(Cc3c[nH]c4ccccc34)C(=O)NC(CCCCN)C(=O)NC(CCCCN)C(=O)O)C(C)CC)C(C)CC)C2=O)cc(OC)c1OC,8.09
C=CCN1CCCC1CNC(=O)c1cc(CCCSC2CC(=O)N(CCCCCC(=O)NCCCOCCOCCOCCC(=O)NC(Cc3cnc[nH]3)C(=O)NC(C)C(=O)NC(C(=O)NC(Cc3ccc(O)cc3)C(=O)N3CCCC3C(=O)NC(CCCNC(=N)N)C(=O)NC(Cc3cnc[nH]3)C(=O)O)C(C)CC)C2=O)cc(OC)c1OC,7.62
C=CCN1CCCC1CNC(=O)c1cc(CCCSC2CC(=O)N(CCCCCC(=O)NC(C(=O)NC(Cc3ccccc3)C(=O)NC(Cc3ccccc3)C(=O)NC(Cc3ccc(O)cc3)C(=O)NCC(=O)NCC(=O)NC(CO)C(=O)NC(CCCNC(=N)N)C(=O)NCC(=O)NC(CCCCNC(=O)CN3CCN(CC(=O)O)CCN(CC(=O)O)CCN(CC(=O)O)CC3)C(=O)NC(CCCNC(=N)N)C(=O)NC(CC(N)=O)C(=O)NC(CC(N)=O)C(=O)NC(Cc3ccccc3)C(=O)NC(CCCCN)C(=O)NC(C(=O)NC(CCC(=O)O)C(=O)NC(CCC(=O)O)C(=O)NC(Cc3ccc(O)cc3)C(=O)O)C(C)O)C(C)O)C2=O)cc(OC)c1OC,8.1
C=CCN1CCCC1CNC(=O)c1cc(CCCSC2CC(=O)N(CCCCCC(=O)NCCOCCOCCOCCOCCC(=O)NC(Cc3cnc[nH]3)C(=O)NC(C)C(=O)NC(C(=O)NC(Cc3ccc(O)cc3)C(=O)N3CCCC3C(=O)NC(CCCNC(=N)N)C(=O)NC(Cc3cnc[nH]3)C(=O)O)C(C)CC)C2=O)cc(OC)c1OC,8.83
C=CCN1CCCC1CNC(=O)c1cc(CCCSC2CC(=O)N(CCCCCC(=O)NC(C(=O)NC(Cc3ccccc3)C(=O)NC(Cc3ccccc3)C(=O)NC(Cc3ccc(O)cc3)C(=O)NCC(=O)NCC(=O)NC(CO)C(=O)NC(CCCNC(=N)N)C(=O)NCC(=O)NC(CCCCNC(=O)CN3CCN(CC(=O)O)CCN(CC(=O)O)CCN(CC(=O)O)CC3)C(=O)NC(CCCNC(=N)N)C(=O)NC(CC(N)=O)C(=O)NC(CC(N)=O)C(=O)NC(Cc3ccccc3)C(=O)NC(CCCC[n+]3c(C)cc(C=CC=Cc4ccc(N(C)C)cc4)cc3C)C(=O)NC(C(=O)NC(CCC(=O)O)C(=O)NC(CCC(=O)O)C(=O)NC(Cc3ccc(O)cc3)C(=O)O)C(C)O)C(C)O)C2=O)cc(OC)c1OC,7.19
C=CCN1CCCC1CNC(=O)c1cc(CCCSC2CC(=O)N(CCCCCC(=O)NCCOCCOCCOCCOCCC(=O)NC(CCCCNC(=O)CN3CCN(CC(=O)O)CCN(CC(=O)O)CCN(CC(=O)O)CC3)C(=O)NC(Cc3cnc[nH]3)C(=O)NC(C)C(=O)NC(C(=O)NC(Cc3ccc(O)cc3)C(=O)N3CCCC3C(=O)NC(CCCNC(=N)N)C(=O)NC(Cc3cnc[nH]3)C(=O)O)C(C)CC)C2=O)cc(OC)c1OC,7.28
C=CCN1CCCC1CNC(=O)c1cc(CCCSC2CC(=O)N(CCCCCC(=O)NCCOCCOCCOCCOCCOCCOCCOCCOCCC(=O)NC(Cc3cnc[nH]3)C(=O)NC(C)C(=O)NC(C(=O)NC(Cc3ccc(O)cc3)C(=O)N3CCCC3C(=O)NC(CCCNC(=N)N)C(=O)NC(Cc3cnc[nH]3)C(=O)O)C(C)CC)C2=O)cc(OC)c1OC,7.27
C=CCN1CCCC1CNC(=O)c1cccc(CCCF)c1,9.2
C=CCN1CCCC1CNC(=O)c1cc(CCCSC2CC(=O)N(CCCCCC(=O)NCCOCCOCCOCCOCCC(=O)NC(C(=O)NC(Cc3ccccc3)C(=O)NC(Cc3ccccc3)C(=O)NC(Cc3ccc(O)cc3)C(=O)NCC(=O)NCC(=O)NC(CO)C(=O)NC(CCCNC(=N)N)C(=O)NCC(=O)NC(CCCCNC(=O)CN3CCN(CC(=O)O)CCN(CC(=O)O)CCN(CC(=O)O)CC3)C(=O)NC(CCCNC(=N)N)C(=O)NC(CC(N)=O)C(=O)NC(CC(N)=O)C(=O)NC(Cc3ccccc3)C(=O)NC(CCCCN)C(=O)NC(C(=O)NC(CCC(=O)O)C(=O)NC(CCC(=O)O)C(=O)NC(Cc3ccc(O)cc3)C(=O)O)C(C)O)C(C)O)C2=O)cc(OC)c1OC,7.58
CCCN(CCC1(O)CC(NC(=O)c2ccc3ccccc3c2)C1)C1CC1c1ccccc1Cl,6.04
CCCN(CCC1(O)CC(NC(=O)c2ccc3ccccc3c2)C1)C1CC1c1ccc(Cl)cc1,6.21
CN1CN(c2ccccc2)C2(CCN(CCCC(=O)c3ccc(F)cc3)CC2)C1=O,9.88
CCCN(CCC1(O)CC(NC(=O)c2ccc3ccccc3c2)C1)C1CC1c1cccc(Cl)c1,5.91
O=C(NCCC(O)CN1CCN(c2cccc(Cl)c2Cl)CC1)c1cc2ccccc2[nH]1,6.13
O=C(NCCC(CF)N1CCN(c2cccc(Cl)c2Cl)CC1)c1cc2ccccc2o1,5.13
Clc1ccc(N2CCN(CCCCCc3nc4ccccc4o3)CC2)cc1,5.51
Clc1ccc(N2CCN(CCCc3cc4ccccc4o3)CC2)cc1,5.7
FC(F)(F)c1ccc(OCCCN2CCN(c3ccccn3)CC2)cc1,5.96
O=C1c2ccc(F)cc2CC1CCN1CCN(c2ccc(Cl)cc2)CC1,5.81
Cc1ccc(N2CCN(CCCCc3ccc(F)cc3)CC2)nc1,5.73
Cc1ccc(N2CCN(CCCOc3ccc(F)cc3)CC2)nc1,5.98
Cc1ccc(N2CCN(CCCSc3ccc(F)cc3)CC2)nc1,6.0
Fc1ccc2c(c1)CC(CCN1CCN(c3ccc(Cl)cc3)CC1)C2,5.85
Clc1ccc(N2CCCN(CCCc3cc4ccccc4o3)CC2)cc1,5.6
Clc1ccc(N2CCN(CCCc3nc4ccccc4o3)CC2)cc1,5.4
[O-][S+](CCCN1CCN(c2ccc(Cl)cc2)CC1)c1ccc(F)cc1,6.2
CC(C)CCN1CCN2c3cccc4[nH]cc(c34)CC2C1,7.62
CCCCN1CCN2c3cccc4[nH]cc(c34)CC2C1,6.96
c1cc2c3c(c[nH]c3c1)CC1CNCCN21,5.68
c1ccc(-c2ccc(CN3CCN4c5cccc6[nH]cc(c56)CC4C3)cc2)cc1,6.92
CC(C)CN1CCN2c3cccc4[nH]cc(c34)CC2C1,6.51
c1ccc(CN2CCN3c4cccc5[nH]cc(c45)CC3C2)cc1,6.89
CCCCCN1CCN2c3cccc4[nH]cc(c34)CC2C1,7.01
CCCN1CCN2c3cccc4[nH]cc(c34)CC2C1,6.24
c1ccc(-c2ccccc2CN2CCN3c4cccc5[nH]cc(c45)CC3C2)cc1,6.7
c1cc2c3c(c[nH]c3c1)CC1CN(CC3CCCCC3)CCN21,7.27
CN1CCN2c3cccc4[nH]cc(c34)CC2C1,6.18
Clc1cccc(N2CCN(CCCCOc3cc4ccccn4n3)CC2)c1Cl,8.0
N#Cc1cnn2ccc(OCCCCN3CCN(c4cccc(Cl)c4Cl)CC3)cc12,9.49
Clc1cccc(N2CCN(CCCCOc3cccn4nccc34)CC2)c1Cl,7.52
ON=Cc1cc2cc(OCCCCN3CCN(c4cccc(Cl)c4Cl)CC3)ccn2n1,8.64
O=Cc1c(OCCCCN2CCN(c3cccc(Cl)c3Cl)CC2)nn2ccccc12,7.85
OCc1cc2cc(OCCCCN3CCN(c4cccc(Cl)c4Cl)CC3)ccn2n1,8.64
O=Cc1cnn2cc(OCCCCN3CCN(c4cccc(Cl)c4Cl)CC3)ccc12,8.09
O=Cc1cnn2ccc(OCCCCN3CCN(c4cccc(Cl)c4Cl)CC3)cc12,8.49
O=Cc1cc2cc(OCCCCN3CCN(c4cccc(Cl)c4Cl)CC3)ccn2n1,7.85
CCOC(=O)c1cc2cc(OCCCCN3CCN(c4cccc(Cl)c4Cl)CC3)ccn2n1,8.17
ON=Cc1cnn2ccc(OCCCCN3CCN(c4cccc(Cl)c4Cl)CC3)cc12,9.6
Clc1cccc(N2CCN(CCCCOc3ccc4ccnn4c3)CC2)c1Cl,8.68
Clc1cccc(N2CCN(CCCCOc3cccc4ccnn34)CC2)c1Cl,7.8
O=Cc1cnn2cccc(OCCCCN3CCN(c4cccc(Cl)c4Cl)CC3)c12,7.62
N#Cc1cc2cc(OCCCCN3CCN(c4cccc(Cl)c4Cl)CC3)ccn2n1,8.17
Clc1cccc(N2CCN(CCCCOc3ccn4nccc4c3)CC2)c1Cl,7.41
O=Cc1cnn2c(OCCCCN3CCN(c4cccc(Cl)c4Cl)CC3)cccc12,7.82
O=S(=O)(NCCCCN1CCN(c2noc3ccccc23)CC1)c1ccc(OC(F)(F)F)cc1,6.4
O=S(=O)(NCCCCN1CCC(c2noc3cc(F)ccc23)CC1)c1cc2ccc(Cl)cc2s1,8.92
O=S(=O)(NCCCN1CCC(c2noc3cc(F)ccc23)CC1)c1ccc(OC(F)(F)F)cc1,7.48
O=S(=O)(NCCCN1CCN(c2nsc3ccccc23)CC1)c1ccc(F)c(Cl)c1,7.43
O=S(=O)(NCCCN1CCN(c2nsc3ccccc23)CC1)c1cccc2scnc12,7.57
O=S(=O)(NCCCCN1CCN(c2nsc3ccccc23)CC1)c1ccc(Cl)c(Cl)c1,7.57
O=S(=O)(NCCCCN1CCN(c2nsc3ccccc23)CC1)c1cc2ccccc2s1,7.82
O=S(=O)(NCCCCN1CCN(c2nsc3ccccc23)CC1)c1ccc(F)c(Cl)c1,7.41
O=S(=O)(NCCN1CCC(c2noc3cc(F)ccc23)CC1)c1ccc2ccccc2c1,8.28
O=S(=O)(NCCCCN1CCN(c2nsc3ccccc23)CC1)c1cccc2scnc12,7.8
O=S(=O)(NCCCCN1CCC(c2noc3cc(F)ccc23)CC1)c1ccc2cc(Cl)ccc2c1,9.0
O=S(=O)(NCCCN1CCC(c2noc3cc(F)ccc23)CC1)c1cnc2ccccn12,7.82
O=S(=O)(NCCCN1CCC(c2noc3cc(F)ccc23)CC1)c1csc2ccccc12,7.44
Cc1c(S(=O)(=O)NCCCN2CCN(c3nsc4ccccc34)CC2)sc2ccc(F)cc12,8.08
Cc1c(S(=O)(=O)NCCCCN2CCC(c3noc4cc(F)ccc34)CC2)sc2ccc(Cl)cc12,8.82
O=S(=O)(NCCCN1CCN(c2noc3ccccc23)CC1)c1ccc2ccccc2c1,5.14
O=S(=O)(NCCCCN1CCN(c2noc3ccccc23)CC1)c1ccc2ccccc2c1,7.82
O=S(=O)(NCCCCN1CCC(c2noc3cc(F)ccc23)CC1)c1ccc(Cl)c(Cl)c1,7.82
Cc1cccc(S(=O)(=O)NCCCN2CCC(c3noc4cc(F)ccc34)CC2)c1,7.8
O=S(=O)(NCCCN1CCN(c2nsc3ccccc23)CC1)c1ccc(Cl)c(Cl)c1,8.11
O=S(=O)(NCCCCN1CCC(c2noc3cc(F)ccc23)CC1)c1cccc2ccccc12,8.52
Cc1c(S(=O)(=O)NCCCN2CCC(c3noc4cc(F)ccc34)CC2)sc2ccc(F)cc12,8.1
O=S(=O)(NCCCN1CCN(c2noc3ccccc23)CC1)c1cc2ccc(Cl)cc2s1,7.52
O=S(=O)(NCCCCN1CCC(c2noc3cc(F)ccc23)CC1)c1ccc(OC(F)(F)F)cc1,7.19
O=S(=O)(NCCCN1CCC(c2noc3cc(F)ccc23)CC1)c1ccc2ccccc2c1,9.0
O=S(=O)(NCCCN1CCC(c2noc3cc(F)ccc23)CC1)c1ccc(Cl)c(Cl)c1,7.85
Cc1c(S(=O)(=O)NCCCCN2CCN(c3noc4ccccc34)CC2)sc2ccc(F)cc12,7.34
Cc1cccc(S(=O)(=O)NCCCN2CCN(c3nsc4ccccc34)CC2)c1,7.89
O=S(=O)(NCCCN1CCC(c2noc3cc(F)ccc23)CC1)c1cc2ccc(Cl)cc2s1,7.57
O=S(=O)(NCCCN1CCC(c2noc3cc(F)ccc23)CC1)c1ccc2cc(Cl)ccc2c1,7.64
O=S(=O)(NCCCN1CCN(c2nsc3ccccc23)CC1)c1ccc2ccccc2c1,8.66
O=S(=O)(NCCCCN1CCN(c2nsc3ccccc23)CC1)c1cccs1,8.49
O=S(=O)(NCCCCN1CCC(c2noc3cc(F)ccc23)CC1)c1csc2ccccc12,7.66
O=S(=O)(NCCCN1CCN(c2nsc3ccccc23)CC1)c1cc2ccccc2s1,7.32
O=S(=O)(NCCN1CCC(c2noc3cc(F)ccc23)CC1)c1cccc2ccccc12,8.04
O=S(=O)(NCCCN1CCN(c2nsc3ccccc23)CC1)c1cccs1,7.25
O=S(=O)(NCCCCN1CCN(c2nsc3ccccc23)CC1)c1ccc(OC(F)(F)F)cc1,7.32
O=S(=O)(NCCCCN1CCN(c2noc3ccccc23)CC1)c1ccc(F)c(Cl)c1,7.11
O=S(=O)(NCCCCN1CCN(c2nsc3ccccc23)CC1)c1ccc2cc(Cl)ccc2c1,7.31
Cc1cccc(S(=O)(=O)NCCN2CCC(c3noc4cc(F)ccc34)CC2)c1,7.7
O=S(=O)(NCCCCN1CCN(c2noc3ccccc23)CC1)c1cc2ccccc2s1,5.89
O=S(=O)(NCCCN1CCN(c2noc3ccccc23)CC1)c1cccs1,7.26
O=S(=O)(NCCCCN1CCN(c2noc3ccccc23)CC1)c1ccc2cc(Cl)ccc2c1,7.29
O=S(=O)(NCCCCN1CCN(c2noc3ccccc23)CC1)c1cc2ccc(Cl)cc2s1,7.27
O=S(=O)(NCCCN1CCC(c2noc3cc(F)ccc23)CC1)c1cc2ccccc2s1,7.96
O=S(=O)(NCCCN1CCC(c2noc3cc(F)ccc23)CC1)c1cccc2ccccc12,8.4
O=S(=O)(NCCCCN1CCN(c2noc3ccccc23)CC1)c1cnc2ccccn12,7.0
O=S(=O)(NCCCCN1CCC(c2noc3cc(F)ccc23)CC1)c1cc2ccccc2s1,8.7
Cc1cccc(S(=O)(=O)NCCCN2CCN(c3noc4ccccc34)CC2)c1,5.7
O=S(=O)(NCCCCN1CCN(c2nsc3ccccc23)CC1)c1cnc2ccccn12,7.34
Cc1cccc(S(=O)(=O)NCCCCN2CCC(c3noc4cc(F)ccc34)CC2)c1,7.77
Cc1cccc(S(=O)(=O)NCCN2CCN(c3nsc4ccccc34)CC2)c1,7.37
O=S(=O)(NCCCCN1CCN(c2noc3ccccc23)CC1)c1ccc(Cl)c(Cl)c1,7.24
O=S(=O)(NCCCN1CCC(c2noc3cc(F)ccc23)CC1)c1ccc(F)c(Cl)c1,8.43
O=S(=O)(NCCCCN1CCC(c2noc3cc(F)ccc23)CC1)c1cccc2scnc12,7.6
Cc1cccc(S(=O)(=O)NCCCCN2CCN(c3nsc4ccccc34)CC2)c1,8.06
O=S(=O)(NCCCCN1CCN(c2noc3ccccc23)CC1)c1cccc2scnc12,6.77
O=S(=O)(NCCCN1CCN(c2nsc3ccccc23)CC1)c1cnc2ccccn12,7.58
Cc1cccc(S(=O)(=O)NCCCCN2CCN(c3noc4ccccc34)CC2)c1,7.36
Cc1c(S(=O)(=O)NCCCCN2CCN(c3nsc4ccccc34)CC2)sc2ccc(F)cc12,7.36
Cc1c(S(=O)(=O)NCCCCN2CCC(c3noc4cc(F)ccc34)CC2)sc2ccc(F)cc12,8.72
O=S(=O)(NCCCCN1CCN(c2nsc3ccccc23)CC1)c1ccc2ccccc2c1,9.05
O=S(=O)(NCCCCN1CCN(c2nsc3ccccc23)CC1)c1cc2ccc(Cl)cc2s1,7.35
O=S(=O)(NCCCN1CCN(c2nsc3ccccc23)CC1)c1ccc(OC(F)(F)F)cc1,7.57
O=S(=O)(NCCN1CCN(c2nsc3ccccc23)CC1)c1ccc2ccccc2c1,7.75
O=S(=O)(NCCCCN1CCC(c2noc3cc(F)ccc23)CC1)c1ccc(F)c(Cl)c1,7.58
O=S(=O)(NCCCN1CCN(c2nsc3ccccc23)CC1)c1ccc2cc(Cl)ccc2c1,8.22
O=S(=O)(NCCCN1CCC(c2noc3cc(F)ccc23)CC1)c1cccs1,8.06
O=S(=O)(NCCCCN1CCN(c2noc3ccccc23)CC1)c1cccs1,8.28
Cc1cc(C)c2c(N)c(C(=O)NCCN3CCC(O)(c4ccc(Cl)cc4)CC3)sc2n1,6.04
COc1ccccc1N1CCN(CCNC(=O)OC(C)(C)C)CC1,6.77
COc1ccccc1N1CCN(CCCCNC(=O)c2sc3nc(OC)c(Cl)c(C)c3c2N)CC1,8.2
CC(C)(C)OC(=O)NCCCN1CCC(O)(c2ccc(Cl)cc2)CC1,5.87
CC(C)(C)OC(=O)NCCCCCN1CCN(c2cccc(Cl)c2Cl)CC1,7.37
COc1ccccc1N1CCN(CCCCCNC(=O)OC(C)(C)C)CC1,7.92
COc1ccccc1N1CCN(CCNC(=O)c2sc3nc(OC)c(Cl)c(C)c3c2N)CC1,7.32
CC(C)(C)OC(=O)NCCN1CCC(O)(c2ccc(Cl)cc2)CC1,5.56
Cc1cc(C)c2c(N)c(C(=O)NCCCCCN3CCN(c4cccc(Cl)c4Cl)CC3)sc2n1,7.95
Cc1cc(C)c2c(N)c(C(=O)NCCCCCCN3CCC(O)(c4ccc(Cl)cc4)CC3)sc2n1,6.01
COc1ccccc1N1CCN(CCCCCCNC(=O)OC(C)(C)C)CC1,7.13
COc1ccccc1N1CCN(CCCNC(=O)OC(C)(C)C)CC1,7.8
COc1ccccc1N1CCN(CCCNC(=O)c2sc3nc(OC)c(Cl)c(C)c3c2N)CC1,7.71
Cc1cc(C)c2c(N)c(C(=O)NCCCCCN3CCC(O)(c4ccc(Cl)cc4)CC3)sc2n1,5.7
COc1nc2sc(C(=O)NCCCCCCN3CCC(c4ccc(Cl)cc4)CC3)c(N)c2c(C)c1Cl,9.22
CC(C)(C)OC(=O)NCCCCCN1CCC(O)(c2ccc(Cl)cc2)CC1,5.69
Cc1cc(C)c2c(N)c(C(=O)NCCCN3CCC(O)(c4ccc(Cl)cc4)CC3)sc2n1,5.77
CC(C)(C)OC(=O)NCCCCN1CCC(O)(c2ccc(Cl)cc2)CC1,5.68
COc1ccccc1N1CCN(CCCCCNC(=O)c2sc3nc(OC)c(Cl)c(C)c3c2N)CC1,8.46
Cc1cc(C)c2c(N)c(C(=O)NCCCCN3CCC(O)(c4ccc(Cl)cc4)CC3)sc2n1,5.65
COc1ccccc1N1CCN(CCCCCNC(=O)c2sc3nc(C)cc(C)c3c2N)CC1,8.04
COc1ccccc1N1CCN(CCCCNC(=O)OC(C)(C)C)CC1,7.72
CC(C)(C)OC(=O)NCCCCCCN1CCC(O)(c2ccc(Cl)cc2)CC1,6.05
OC1(c2ccc(Cl)cc2)CCNCC1,5.04
OC1(c2ccc(Cl)cc2)CC2CCC(C1)N2CCCSc1ccccc1F,8.32
OC1(c2ccc(Cl)cc2)CC2CCC(C1)N2CCCSc1cccc(F)c1,7.57
OC1(c2ccc(Cl)cc2)CC2CCC(C1)N2CCCSc1ccc(F)cc1,8.54
O=C(CCN1CCN(CCC(=O)OC2(c3ccc(Cl)cc3)CCN(CCCC(=O)c3ccc(F)cc3)CC2)CC1)OC1(c2ccc(Cl)cc2)CCN(CCCC(=O)c2ccc(F)cc2)CC1,8.96
O=C(CCCCCCCCCCCCCCCCCCC(=O)OC1(c2ccc(Cl)cc2)CCN(CCCC(=O)c2ccc(F)cc2)CC1)OC1(c2ccc(Cl)cc2)CCN(CCCC(=O)c2ccc(F)cc2)CC1,7.57
O=C(CCCCCCC(=O)OC1(c2ccc(Cl)cc2)CCN(CCCC(=O)c2ccc(F)cc2)CC1)OC1(c2ccc(Cl)cc2)CCN(CCCC(=O)c2ccc(F)cc2)CC1,8.54
O=C(CCC(=O)N1CCC(O)(c2ccc(Cl)cc2)CC1)c1ccc(F)cc1,6.33
O=C(CCCC(=O)OC1(c2ccc(Cl)cc2)CCN(CCCC(=O)c2ccc(F)cc2)CC1)OC1(c2ccc(Cl)cc2)CCN(CCCC(=O)c2ccc(F)cc2)CC1,7.92
Cc1ccc(C(=O)OC2(c3ccc(Cl)cc3)CCN(CCCC(=O)c3ccc(F)cc3)CC2)cc1,7.33
O=C(CCCCCCCCCCCCCCCCC(=O)OC1(c2ccc(Cl)cc2)CCN(CCCC(=O)c2ccc(F)cc2)CC1)OC1(c2ccc(Cl)cc2)CCN(CCCC(=O)c2ccc(F)cc2)CC1,6.82
CCC(=O)OC1(c2ccc(Cl)cc2)CCN(CCCC(=O)c2ccc(F)cc2)CC1,8.8
CCCCCCCCCC(=O)OC1(c2ccc(Cl)cc2)CCN(CCCC(=O)c2ccc(F)cc2)CC1,9.34
O=C(CCC(=O)OC1(c2ccc(Cl)cc2)CCN(CCCC(=O)c2ccc(F)cc2)CC1)OC1(c2ccc(Cl)cc2)CCN(CCCC(=O)c2ccc(F)cc2)CC1,8.27
O=C(CCCCCCCC(=O)OC1(c2ccc(Cl)cc2)CCN(CCCC(=O)c2ccc(F)cc2)CC1)OC1(c2ccc(Cl)cc2)CCN(CCCC(=O)c2ccc(F)cc2)CC1,8.19
O=C(CCCCCCCCCCCCC(=O)OC1(c2ccc(Cl)cc2)CCN(CCCC(=O)c2ccc(F)cc2)CC1)OC1(c2ccc(Cl)cc2)CCN(CCCC(=O)c2ccc(F)cc2)CC1,7.21
O=C(CCCCCCCCCCC(=O)OC1(c2ccc(Cl)cc2)CCN(CCCC(=O)c2ccc(F)cc2)CC1)OC1(c2ccc(Cl)cc2)CCN(CCCC(=O)c2ccc(F)cc2)CC1,7.34
CN(CCC(=O)OC1(c2ccc(Cl)cc2)CCN(CCCC(=O)c2ccc(F)cc2)CC1)CCN(C)CCC(=O)OC1(c2ccc(Cl)cc2)CCN(CCCC(=O)c2ccc(F)cc2)CC1,8.66
O=C(CCCCCCCCCCCCCCC(=O)OC1(c2ccc(Cl)cc2)CCN(CCCC(=O)c2ccc(F)cc2)CC1)OC1(c2ccc(Cl)cc2)CCN(CCCC(=O)c2ccc(F)cc2)CC1,6.55
CN(C)CCC(=O)OC1(c2ccc(Cl)cc2)CCN(CCCC(=O)c2ccc(F)cc2)CC1,8.74
O=C(CCCCC(=O)OC1(c2ccc(Cl)cc2)CCN(CCCC(=O)c2ccc(F)cc2)CC1)OC1(c2ccc(Cl)cc2)CCN(CCCC(=O)c2ccc(F)cc2)CC1,8.64
O=C(CCc1cn(CCOCCOCCOCCn2cc(CCC(=O)OC3(c4ccc(Cl)cc4)CCN(CCCC(=O)c4ccc(F)cc4)CC3)nn2)nn1)OC1(c2ccc(Cl)cc2)CCN(CCCC(=O)c2ccc(F)cc2)CC1,8.52
O=C(CCc1cn(CCCCCCCCn2cc(CCC(=O)OC3(c4ccc(Cl)cc4)CCN(CCCC(=O)c4ccc(F)cc4)CC3)nn2)nn1)OC1(c2ccc(Cl)cc2)CCN(CCCC(=O)c2ccc(F)cc2)CC1,8.8
O=C(CCc1cn(CCOCCOCCOCCOCCn2cc(CCC(=O)OC3(c4ccc(Cl)cc4)CCN(CCCC(=O)c4ccc(F)cc4)CC3)nn2)nn1)OC1(c2ccc(Cl)cc2)CCN(CCCC(=O)c2ccc(F)cc2)CC1,8.42
O=C(CCc1cn(CCCCCCCCCCn2cc(CCC(=O)OC3(c4ccc(Cl)cc4)CCN(CCCC(=O)c4ccc(F)cc4)CC3)nn2)nn1)OC1(c2ccc(Cl)cc2)CCN(CCCC(=O)c2ccc(F)cc2)CC1,8.27
O=C(CCCCCC(=O)OC1(c2ccc(Cl)cc2)CCN(CCCC(=O)c2ccc(F)cc2)CC1)OC1(c2ccc(Cl)cc2)CCN(CCCC(=O)c2ccc(F)cc2)CC1,8.59
O=C(CCCCCCCCCCCCCCCCCCCCC(=O)OC1(c2ccc(Cl)cc2)CCN(CCCC(=O)c2ccc(F)cc2)CC1)OC1(c2ccc(Cl)cc2)CCN(CCCC(=O)c2ccc(F)cc2)CC1,6.55
O=C(CCCCCCCCC(=O)OC1(c2ccc(Cl)cc2)CCN(CCCC(=O)c2ccc(F)cc2)CC1)OC1(c2ccc(Cl)cc2)CCN(CCCC(=O)c2ccc(F)cc2)CC1,7.51
CC(=O)OC1(c2ccc(Cl)cc2)CCN(CCCC(=O)c2ccc(F)cc2)CC1,8.35
COc1ccccc1N1CCN(CCCCCc2cn(-c3ccccc3OC)nn2)CC1,7.2
COc1ccccc1N1CCN(CCCCc2cn(-c3cccc4cnccc34)nn2)CC1,7.37
COc1ccccc1N1CCN(CCCCc2cn(-c3ccccc3O)nn2)CC1,8.03
COc1ccccc1N1CCN(CCCc2cn(-c3ccc(N(C)C)cc3)nn2)CC1,6.79
COc1ccccc1N1CCN(CCCCc2cn(-c3ccccc3)nn2)CC1,7.51
COc1ccccc1N1CCN(CCCCc2cn(-c3ccc(SC)cc3)nn2)CC1,7.42
COc1ccccc1N1CCN(CCCc2cn(-c3cccc4cnccc34)nn2)CC1,7.1
COc1ccccc1N1CCN(CCCCCc2cn(-c3ccc(-c4ccsc4)cc3)nn2)CC1,6.96
COc1ccccc1N1CCN(CCCCc2cn(-c3ccc(F)cc3)nn2)CC1,7.33
COc1ccccc1N1CCN(CCCc2cn(-c3ccccc3O)nn2)CC1,7.89
COc1ccccc1N1CCN(CCCCCc2cn(-c3ccc(F)cc3)nn2)CC1,7.62
COc1ccccc1N1CCN(CCCCc2cn(-c3ccc(-c4ccsc4)cc3)nn2)CC1,7.03
COc1ccccc1N1CCN(CCCc2cn(-c3ccc(F)cc3)nn2)CC1,7.13
COc1ccccc1N1CCN(CCCCCc2cn(-c3cccc4cnccc34)nn2)CC1,7.75
COc1ccccc1N1CCN(CCCc2cn(-c3ccccc3OC)nn2)CC1,6.57
COc1ccccc1N1CCN(CCCc2cn(-c3ccc(-c4ccsc4)cc3)nn2)CC1,6.8
COc1ccccc1N1CCN(CCCc2cn(-c3ccc(SC)cc3)nn2)CC1,7.36
COc1ccccc1N1CCN(CCCCCc2cn(-c3ccccc3)nn2)CC1,7.71
COc1ccccc1N1CCN(CCCCc2cn(-c3ccc(N(C)C)cc3)nn2)CC1,6.77
COc1ccccc1N1CCN(CCCCCc2cn(-c3ccc(SC)cc3)nn2)CC1,7.58
COc1ccccc1N1CCN(CCCc2cn(-c3ccccc3)nn2)CC1,7.19
COc1ccccc1N1CCN(CCCCc2cn(-c3ccccc3OC)nn2)CC1,6.86
COc1ccccc1N1CCN(CCCCCc2cn(-c3ccc(N(C)C)cc3)nn2)CC1,7.2
Cc1cccc(N2CCN(CCCCNC(=O)c3cc4ccccc4o3)CC2)c1,6.58
Cc1cccc(N2CCN(CCCCNC(=O)c3cc4ccccc4cn3)CC2)c1,6.54
O=C(NCCCCN1CCN(c2cccc(F)c2)CC1)c1cc2ccccc2cn1,6.8
Cc1cccc(N2CCN(CCCCNC(=O)c3cc4ccccc4o3)CC2)c1C,7.07
O=C(NCCCCN1CCN(c2ccccn2)CC1)c1cc2ccccc2cn1,5.25
O=C(NCCCCN1CCN(c2ccccc2F)CC1)c1cc2ccccc2o1,7.12
O=C(NCCCCN1CCN(c2cnc3ccccc3c2)CC1)c1ccccc1,9.0
Cc1cccc(N2CCN(CCCCNC(=O)C3CCc4ccccc4N3)CC2)c1,5.47
COc1cccc(N2CCN(CCCCNC(=O)c3cc4ccccc4n3C)CC2)c1,6.66
O=C(NCCCCN1CCN(c2cccc3ccccc23)CC1)c1ccccc1,7.24
FC(F)(F)Oc1ccc(CN2CCOC(CCc3ccccc3)C2)cc1,5.26
N#Cc1cc(N2CCN(CCC3CCC(NC(N)=O)CC3)CC2)cc(C(F)(F)F)c1,7.52
N#Cc1cc(N2CCN(CCC3CCC(NS(N)(=O)=O)CC3)CC2)cc(C(F)(F)F)c1,7.43
N#Cc1cc(N2CCN(CCC3CCC(NC(=O)CN)CC3)CC2)cc(C(F)(F)F)c1,8.27
COc1cc2c(cc1O)C1Cc3sc(CC4CC4)cc3CN1CC2,7.94
CCC(C)Cc1cc2c(s1)CC1c3cc(O)c(OC)cc3CCN1C2,7.54
COc1cc2c(cc1O)C1Cc3sc(CC(C)C)cc3CN1CC2,8.12
CCCCc1cc2c(s1)CC1c3cc(O)c(OC)cc3CCN1C2,7.75
COc1cc2c(cc1O)C1Cc3sc(CC4CCC4)cc3CN1CC2,7.47
COc1cc2c(cc1O)C1Cc3sc(CCC(C)C)cc3CN1CC2,7.1
CCCc1cc2c(s1)CC1c3cc(O)c(OC)cc3CCN1C2,7.41
COc1cc2c(cc1O)C1Cc3sc(CC(C)(C)C)cc3CN1CC2,6.72
COc1cc2c(cc1O)C1Cc3sc(CCCCl)cc3CN1CC2,7.74
COc1cc2c(cc1O)C1Cc3sccc3CN1CC2,7.05
CCCCCc1cc2c(s1)CC1c3cc(O)c(OC)cc3CCN1C2,7.33
CCc1cc2c(s1)CC1c3cc(O)c(OC)cc3CCN1C2,7.39
COc1cc2c(cc1O)C1Cc3sc(CCCl)cc3CN1CC2,7.46
COc1cc2c(cc1O)C1Cc3sc(CC(C)Cl)cc3CN1CC2,7.78
COc1cc2c(cc1O)C1Cc3sc(CCCCCl)cc3CN1CC2,7.92
O=C1CCc2ccc(OCCCCN3CCN(c4cccc5c4ccn5Cc4cccc(F)c4)CC3)cc2N1,8.21
NC(=O)c1ccccc1OCCCN1CC=C(c2cn(Cc3ccccc3)c3ccccc23)CC1,7.51
O=C1CCc2ccc(OCCCCN3CCC(c4cn(S(=O)(=O)c5ccccc5)c5ccccc45)CC3)cc2N1,7.85
O=S(=O)(c1ccccc1)n1ccc2c(N3CCN(CCCOc4ccc(F)cc4)CC3)cccc21,7.17
CC(C)Oc1ccccc1OCCCCN1CCN(c2cccc3c2ccn3S(=O)(=O)c2ccccc2)CC1,6.92
O=C1CCc2ccc(OCCCCN3CCN(c4cccc5c4ccn5S(=O)(=O)c4ccccc4)CC3)cc2N1,8.89
NC(=O)c1ccccc1OCCCN1CCN(c2cccc3c2ccn3Cc2ccc(F)cc2)CC1,7.36
NC(=O)c1ccccc1OCCCN1CCN(c2cccc3c2ccn3Cc2cccc(F)c2)CC1,7.35
O=C1CCc2ccc(OCCCCN3CCN(c4cccc5c4ccn5Cc4cccc(Cl)c4)CC3)cc2N1,8.89
NC(=O)c1ccccc1OCCCN1CC=C(c2cn(S(=O)(=O)c3ccccc3)c3ccccc23)CC1,6.8
NC(=O)c1ccccc1OCCCN1CCN(c2cccc3c2ccn3Cc2cccc(Cl)c2)CC1,7.12
O=C1CCc2ccc(OCCCCN3CCC(c4cn(Cc5ccccc5)c5ccccc45)CC3)cc2N1,8.32
O=C1CCc2ccc(OCCCCN3CCN(c4cccc5c4ccn5Cc4ccccc4F)CC3)cc2N1,7.96
O=S(=O)(c1ccccc1)n1ccc2c(N3CCN(CCCOc4ccccc4)CC3)cccc21,6.54
O=C1CCc2ccc(OCCCCN3CC=C(c4cn(S(=O)(=O)c5ccccc5)c5ccccc45)CC3)cc2N1,7.4
CC(C)Oc1ccccc1OCCCN1CCN(c2cccc3c2ccn3S(=O)(=O)c2ccccc2)CC1,6.96
O=C1CCc2ccc(OCCCCNCCc3cn(S(=O)(=O)c4ccccc4)c4ccccc34)cc2N1,6.92
O=S(=O)(c1ccccc1)n1ccc2c(N3CCN(CCCCOc4ccccc4)CC3)cccc21,7.21
NC(=O)c1ccccc1OCCCCN1CCN(c2cccc3c2ccn3S(=O)(=O)c2ccccc2)CC1,7.11
NC(=O)c1ccccc1OCCCN1CCC(c2cn(Cc3ccccc3)c3ccccc23)CC1,7.54
O=C1CCc2ccc(OCCCCN3CC=C(c4cn(Cc5ccccc5)c5ccccc45)CC3)cc2N1,7.14
NC(=O)c1ccccc1OCCCNCCc1cn(S(=O)(=O)c2ccccc2)c2ccccc12,6.75
O=C1CCc2ccc(OCCCCN3CCN(c4cccc5c4ccn5Cc4ccc(F)cc4)CC3)cc2N1,7.92
O=S(=O)(c1ccccc1)n1ccc2c(N3CCN(CCCOc4ccc5ccoc5c4)CC3)cccc21,6.66
O=C1CCc2ccc(OCCCCN3CCN(c4cccc5c4ccn5Cc4ccccc4)CC3)cc2N1,7.7
NC(=O)c1ccccc1OCCCNCCc1cn(Cc2ccccc2)c2ccccc12,6.57
O=C1CCc2ccc(OCCCCNCCc3cn(Cc4ccccc4)c4ccccc34)cc2N1,7.16
O=C1CCc2ccc(OCCCN3CCN(c4cccc5c4ccn5S(=O)(=O)c4ccccc4)CC3)cc2N1,7.64
O=S(=O)(c1ccccc1)n1ccc2c(N3CCN(CCCCOc4ccc(F)cc4)CC3)cccc21,7.33
NC(=O)c1ccccc1OCCCN1CCN(c2cccc3c2ccn3Cc2ccccc2)CC1,7.02
Cn1c(=O)c2c(nc3n(CCCCN4CCN(c5ccccc5O)CC4)c(-c4ccccc4)cn23)n(C)c1=O,8.4
Cc1cn2c3c(=O)n(C)c(=O)n(C)c3nc2n1CCCCN1CCN(c2ccc(Cl)cc2)CC1,6.91
Cn1c(=O)c2c(nc3n(CCCCN4CCN(c5ccc(Cl)cc5)CC4)c(-c4ccccc4)cn23)n(C)c1=O,7.64
Cn1c(=O)c2c(nc3n(CCCCCN4CCN(c5ccc(Cl)cc5)CC4)c(=O)ccn23)n(C)c1=O,6.67
Cn1c(=O)c2c(nc3n(CCCCN4CCN(c5ccccc5O)CC4)ccn23)n(C)c1=O,6.16
Cc1cccc(N2CCN(CCCCn3c(C)cn4c5c(=O)n(C)c(=O)n(C)c5nc34)CC2)c1C,7.57
Cn1c(=O)c2c(nc3n(CCCCN4CCN(c5ccc(Cl)cc5)CC4)c(=O)ccn23)n(C)c1=O,7.17
Cn1c(=O)c2c(nc3n(CCCCCN4CCN(c5ccc(Cl)cc5)CC4)ccn23)n(C)c1=O,6.59
Cc1cn2c3c(=O)n(C)c(=O)n(C)c3nc2n1CCCCCN1CCN(c2ccc(Cl)cc2)CC1,6.97
Cc1cn2c3c(=O)n(C)c(=O)n(C)c3nc2n1CCCCCN1CCN(c2ccc(Cl)c(Cl)c2)CC1,7.23
Cn1c(=O)c2c(nc3n(CCCCCN4CCN(c5ccccc5O)CC4)c(=O)ccn23)n(C)c1=O,6.47
Cc1cn2c3c(=O)n(C)c(=O)n(C)c3nc2n1CCCCN1CCN(c2ccccc2O)CC1,6.37
Cc1cn2c3c(=O)n(C)c(=O)n(C)c3nc2n1CCCCCN1CCN(c2ccccc2O)CC1,6.33
Cn1c(=O)c2c(nc3n(CCCCCN4CCN(c5ccc(Cl)cc5)CC4)c(-c4ccccc4)cn23)n(C)c1=O,8.05
C#CC1=CCC(N(CCC)CCCCNC(=O)c2ccc(OCCCc3cn(CCCC)nn3)c(OC)c2)CO1,8.54
CCCCn1cc(CCCOc2ccc(C(=O)NCCCCN(CCC)CCc3ccc(O)c4[nH]c(=O)ccc34)cc2OC)nn1,7.28
CCCCn1cc(CCCOc2ccc(C(=O)NCCCCN(CCC)C3CCc4c(O)cccc4C3)cc2OC)nn1,9.27
COc1ccccc1N1CCN(CCCCn2cc(-c3ccc4[nH]ccc4c3)nn2)CC1,7.36
Clc1cccc(N2CCN(CCCCn3cc(-c4ccc5ccccc5c4)nn3)CC2)c1Cl,6.99
Clc1cccc(N2CCN(CCCCc3cn(-c4ccc5[nH]ccc5c4)nn3)CC2)c1Cl,7.33
COc1ccccc1N1CCN(CC(O)CCn2cc(-c3ccc(-c4ccccc4)cc3)nn2)CC1,6.09
COc1ccccc1N1CCN(CC(O)CCn2cc(-c3ccc4c(c3)Cc3ccccc3-4)nn2)CC1,6.22
COc1ccccc1N1CCN(CC(O)CCn2cc(-c3ccc4[nH]ccc4c3)nn2)CC1,6.1
Clc1cccc(N2CCN(CCCCn3cc(-c4ccc(-c5ccccc5)cc4)nn3)CC2)c1Cl,5.59
COc1ccccc1N1CCN(CCCCn2cc(-c3ccc4ccccc4c3)nn2)CC1,7.63
O=C(NCCC(O)CN1CCN(c2cccc(Cl)c2Cl)CC1)c1cnc2ccccc2c1,6.49
O=C(NCCC(O)CN1CCN(c2cccc(Cl)c2Cl)CC1)c1ccc2c(c1)-c1ccccc1C2,7.26
COc1ccccc1N1CCN(CCCCn2cc(-c3ccc4c(c3)Cc3ccccc3-4)nn2)CC1,7.3
COc1ccccc1N1CCN(CC(O)CCn2cc(-c3ccc4ncccc4c3)nn2)CC1,6.37
COc1ccccc1N1CCN(CCCCc2cn(-c3ccc4[nH]ccc4c3)nn2)CC1,7.29
Clc1cccc(N2CCN(CCCCc3cn(-c4ccc5c(c4)Cc4ccccc4-5)nn3)CC2)c1Cl,6.37
Clc1cccc(N2CCN(CCCCn3cc(-c4ccc5c(c4)Cc4ccccc4-5)nn3)CC2)c1Cl,6.05
OC(CCn1cc(-c2ccc3[nH]ccc3c2)nn1)CN1CCN(c2cccc(Cl)c2Cl)CC1,6.02
Clc1cccc(N2CCN(CCCCn3cc(-c4ccc5ncccc5c4)nn3)CC2)c1Cl,7.27
COc1ccccc1N1CCN(CCCCc2cn(-c3ccc4ccccc4c3)nn2)CC1,7.5
Clc1cccc(N2CCN(CCCCc3cn(-c4ccc5ccccc5c4)nn3)CC2)c1Cl,7.09
Clc1cccc(N2CCN(CCCCn3cc(-c4ccc5[nH]ccc5c4)nn3)CC2)c1Cl,7.25
COc1ccccc1N1CCN(CC(O)CCn2cc(-c3ccccc3)nn2)CC1,5.92
COc1ccccc1N1CCN(CCCCn2cc(-c3ccc(-c4ccccc4)cc3)nn2)CC1,7.16
COc1ccccc1N1CCN(CCCCc2cn(-c3ccc4cnccc4c3)nn2)CC1,7.08
OC(CCn1cc(-c2ccc3ncccc3c2)nn1)CN1CCN(c2cccc(Cl)c2Cl)CC1,6.61
COc1ccccc1N1CCN(CCCCn2cc(-c3ccc4ncccc4c3)nn2)CC1,7.37
OC(CCn1cc(-c2ccc(-c3ccccc3)cc2)nn1)CN1CCN(c2cccc(Cl)c2Cl)CC1,4.82
COc1ccccc1N1CCN(CCCCc2cn(-c3ccc4c(c3)Cc3ccccc3-4)nn2)CC1,7.24
OC(CCn1cc(-c2ccc3ccccc3c2)nn1)CN1CCN(c2cccc(Cl)c2Cl)CC1,4.73
COc1ccccc1-c1cn(CCC(O)CN2CCN(c3ccccc3OC)CC2)nn1,5.99
COc1ccc2[nH]c(C(=O)NCCC(O)CN3CCN(c4cccc(Cl)c4Cl)CC3)cc2c1,6.66
Cc1ccc(Cl)c(N2CCN(CCCCNC(=O)c3ccc4oc(=O)[nH]c4c3)CC2)c1,7.33
COc1ccccc1N1CCN(CCCCNC(=O)N=Nc2cc(F)c(F)c(F)c2)CC1,8.18
CCCN(CCNC(=O)N=Nc1ccc(F)cc1)C1Cc2ccccc2C1,8.3
CCCN(CCCCNC(=O)C=Cc1ccc(F)cc1)C1Cc2ccccc2C1,7.72
CCCN(CCCCNC(=O)N=Nc1ccc(F)cc1)C1Cc2ccccc2C1,7.64
CCCN(CCCCNC(=O)N=Nc1cc(F)c(F)c(F)c1)C1Cc2ccccc2C1,7.4
COc1ccccc1N1CCN(CCCCNC(=O)N=Nc2ccc(F)c(F)c2)CC1,8.12
CCCN(CCCCNC(=O)N=Nc1ccc(F)c(F)c1)C1Cc2ccccc2C1,7.6
COc1ccccc1N1CCN(CCCCNC(=O)N=Nc2ccc(F)cc2)CC1,7.42
CCCN(CCNC(=O)C=Cc1ccc(F)cc1)C1Cc2ccccc2C1,7.37
COc1ccccc1N1CCN(CCCCNC(=O)c2ccc3cc(F)ccc3n2)CC1,7.17
O=C(NCCCCN1CCN(c2cccc3ccccc23)CC1)c1cc2ccccc2s1,8.08
COc1ccc2ncc(C(=O)NCCC(O)CN3CCN(c4ccccc4OC)CC3)cc2c1,6.11
COc1c(Cl)cccc1N1CCN(CCCCNC(=O)c2cnc3ccccc3c2)CC1,7.37
COc1ccccc1N1CCN(CC(O)CCNC(=O)c2ccc3cccnc3c2)CC1,5.99
COc1c(Cl)cccc1N1CCN(CCCCNC(=O)c2cc3ccccc3[nH]2)CC1,7.28
COc1c(Cl)cccc1N1CCN(CC(O)CCNC(=O)c2cnc3ccccc3c2)CC1,6.05
O=C(NCCCCN1CCN(c2cccc3ccccc23)CC1)c1cc2ccccc2[nH]1,7.89
O=C(NCCCCN1CCN(c2cccc3ccccc23)CC1)c1cnc2ccccc2c1,7.8
COc1ccccc1N1CCN(CCCCNC(=O)c2ccc3ccccc3n2)CC1,7.17
O=C(NCCC(O)CN1CCN(c2cccc(Cl)c2Cl)CC1)c1cc2cc(F)ccc2[nH]1,6.48
COc1c(Cl)cccc1N1CCN(CCCCNC(=O)c2cc3ccccc3o2)CC1,7.14
COc1ccccc1N1CCN(CC(O)CCNC(=O)c2cnc3ccccc3c2)CC1,6.04
COc1ccc2[nH]c(C(=O)NCCCCN3CCN(c4cccc5ccccc45)CC3)cc2c1,7.86
COc1ccccc1N1CCN(CC(O)CCNC(=O)c2cnc3ccc(C)cc3c2)CC1,6.15
COc1ccccc1N1CCN(CC(O)CCNC(=O)c2cnc3ccc(F)cc3c2)CC1,6.17
O=C(NCCCCN1CCN(c2cccc(Cl)c2Cl)CC1)c1cc2cc(F)ccc2[nH]1,7.43
O=C(NCCCCN1CCN(c2cccc3ccccc23)CC1)c1cc2ccccc2o1,7.83
O=C(NCCCCN1CCN(c2cccc(Cl)c2Cl)CC1)c1cnc2ccc(F)cc2c1,7.41
COc1ccccc1N1CCN(CC(O)CCNC(=O)c2ccc3ccccc3n2)CC1,6.03
O=C(NCCC(O)CN1CCN(c2cccc3ccccc23)CC1)c1cnc2ccccc2c1,6.59
COc1ccccc1N1CCN(CC(O)CCNC(=O)c2ccc3cc(F)ccc3n2)CC1,6.0
COc1ccccc1N1CCN(CCCCNC(=O)c2cnc3ccc(F)cc3c2)CC1,7.47
O=C(NCCC(O)CN1CCN(c2cccc(Cl)c2Cl)CC1)c1cnc2ccc(F)cc2c1,6.08
O=C(CCCCN1CCN(c2ccccc2F)CC1)Nc1nc2ccccc2s1,6.76
COc1ccc2nc(NC(=O)CCCCN3CCN(c4ccc(Cl)cc4)CC3)sc2c1,6.71
O=C(CCCCN1CCN(c2ccc(Cl)cc2Cl)CC1)Nc1nc2ccccc2s1,5.25
Clc1cccc(N2CCN(CCCCc3cn(-c4ccn5nccc5c4)nn3)CC2)c1Cl,7.64
Clc1cccc(N2CCN(CCc3cn(-c4ccn5nccc5c4)nn3)CC2)c1Cl,7.66
COc1ccccc1N1CCN(CCc2cn(-c3ccn4ncc(C=O)c4c3)nn2)CC1,7.75
O=Cc1cnn2ccc(-n3cc(CCN4CCN(c5cccc(Cl)c5Cl)CC4)nn3)cc12,7.96
Clc1cccc(N2CCN(CCCc3cn(-c4ccn5nccc5c4)nn3)CC2)c1Cl,6.89
COc1ccccc1N1CCN(CCCc2cn(-c3ccn4nccc4c3)nn2)CC1,6.85
O=Cc1cnn2ccc(-n3cc(CCCCN4CCN(c5cccc(Cl)c5Cl)CC4)nn3)cc12,6.96
CCCN(CCN1CCN(Cc2cc3ccccc3[nH]2)CC1)Cc1ccc(OC)cc1,5.39
CCCN(CCN1CCN(CCc2c[nH]c3ccccc23)CC1)c1ccc(Br)cc1,7.24
CCCN(CCN1CCN(CCc2c[nH]c3ccccc23)CC1)c1ccc(OC)cc1,6.92
CCCN(CCN1CCN(Cc2cc3ccccc3[nH]2)CC1)Cc1ccc(Br)cc1,6.04
Brc1ccc(NCCN2CCN(Cc3cc4ccccc4[nH]3)CC2)cc1,6.04
Brc1ccc(CNCCN2CCN(Cc3cc4ccccc4[nH]3)CC2)cc1,5.28
COc1ccc(NCCN2CCN(Cc3cc4ccccc4[nH]3)CC2)cc1,5.12
Brc1ccc(NCCN2CCN(CCc3c[nH]c4ccccc34)CC2)cc1,7.28
COc1ccc(NCCN2CCN(CCc3c[nH]c4ccccc34)CC2)cc1,6.37
COC1CCC(CC(=O)NC2CCC(CCN3CCN(c4nccc5sccc45)CC3)CC2)CC1,6.52
COCCC(=O)NC1CCC(CCN2CCN(c3nccc4sccc34)CC2)CC1,6.52
COCCC(=O)NC1CCC(CCN2CCN(c3nc(C)cc4occc34)CC2)CC1,6.37
CS(=O)(=O)NC1CCC(CCN2CCN(c3nccc4occc34)CC2)CC1,6.06
Cc1ccc(C(=O)NC2CCC(CCN3CCN(c4nccc5c4CCO5)CC3)CC2)cn1,6.5
O=C(NC1CCC(CCN2CCN(c3nccc4sccc34)CC2)CC1)C1CCOCC1,6.0
O=C(NC1CCC(CCN2CCN(c3nccc4c3CCO4)CC2)CC1)c1ccnc2ccccc12,6.26
COC(CCC(=O)NC1CCC(CCN2CCN(c3nccc4c3CCO4)CC2)CC1)OC,5.63
O=S(=O)(NC1CCC(CCN2CCN(c3nccc4c3CCO4)CC2)CC1)c1ccc(F)cc1,6.62
COC1CCC(CC(=O)NC2CCC(CCN3CCN(c4nccc5c4CCO5)CC3)CC2)C1,5.89
CC(C)(C)c1ccc(C(=O)NC2CCC(CCN3CCN(c4nccc5c4CCO5)CC3)CC2)cc1,5.78
O=S(=O)(NC1CCC(CCN2CCN(c3nccc4c3CCO4)CC2)CC1)c1ccccc1,6.62
O=C(CCC(F)(F)F)NC1CCC(CCN2CCN(c3nccc4c3CCO4)CC2)CC1,5.9
CN(C)C(=O)CCC(=O)NC1CCC(CCN2CCN(c3nccc4c3CCO4)CC2)CC1,5.59
O=C(CC(O)C(F)(F)F)NC1CCC(CCN2CCN(c3nccc4c3CCO4)CC2)CC1,6.14
COCCC(=O)NC1CCC(CCN2CCN(c3ncc(C)c4occc34)CC2)CC1,5.61
CCC(=O)NC1CCC(CCN2CCN(c3nccc4c3CCO4)CC2)CC1,6.09
O=C(NC1CCC(CCN2CCN(c3nccc4c3CCO4)CC2)CC1)c1ccc(N2CCOCC2)nc1,6.0
O=C(CC1CCOCC1)NC1CCC(CCN2CCN(c3nccc4c3CCO4)CC2)CC1,6.06
O=C(NC1CCC(CCN2CCN(c3nccc4c3CCO4)CC2)CC1)c1ccc(N2CCCCC2)cc1,5.27
O=C(CCO)NC1CCC(CCN2CCN(c3nccc4c3CCO4)CC2)CC1,6.13
O=C(NC1CCC(CCN2CCN(c3nccc4c3CCO4)CC2)CC1)c1ccc(F)cc1,6.47
CN(C)S(=O)(=O)NC1CCC(CCN2CCN(c3nccc4occc34)CC2)CC1,6.27
COC1CCC(CC(=O)NC2CCC(CCN3CCN(c4nccc5sccc45)CC3)CC2)C1,6.63
COC(C)C(=O)NC1CCC(CCN2CCN(c3nccc4c3CCO4)CC2)CC1,6.17
O=C(NC1CCC(CCN2CCN(c3nccc4c3CCO4)CC2)CC1)c1ccccc1,6.32
CCOCC(=O)NC1CCC(CCN2CCN(c3nccc4occc34)CC2)CC1,6.0
O=C(NC1CCC(CCN2CCN(c3nccc4c3CCO4)CC2)CC1)c1ccc(N2CCOCC2)cc1,6.06
CC(=O)NC1CCC(CCN2CCN(c3nc(C)cc4occc34)CC2)CC1,6.6
O=C(NC1CCC(CCN2CCN(c3nccc4c3CCO4)CC2)CC1)C1CCOC1,6.21
CC(=O)NC1CCC(CCN2CCN(c3ncc(C)c4occc34)CC2)CC1,5.83
O=C(NC1CCC(CCN2CCN(c3nccc4occc34)CC2)CC1)C1CCOCC1,6.29
O=C(NC1CCC(CCN2CCN(c3nccc4c3CCO4)CC2)CC1)c1ccc(Cl)cc1,6.54
O=C(CC1COCCO1)NC1CCC(CCN2CCN(c3nccc4c3CCO4)CC2)CC1,5.95
O=C(CC1CCCO1)NC1CCC(CCN2CCN(c3nccc4c3CCO4)CC2)CC1,6.07
CCC(O)CC(=O)NC1CCC(CCN2CCN(c3nccc4c3CCO4)CC2)CC1,6.07
COC1CCC(CC(=O)NC2CCC(CCN3CCN(c4nccc5occc45)CC3)CC2)CC1,5.83
CCCCC(=O)NC1CCC(CCN2CCN(c3nccc4c3CCO4)CC2)CC1,5.94
COCC(=O)NC1CCC(CCN2CCN(c3nccc4occc34)CC2)CC1,5.94
O=C(NC1CCC(CCN2CCN(c3nccc4c3CCO4)CC2)CC1)c1ccc2c(c1)OCO2,5.47
CS(=O)(=O)CC(=O)NC1CCC(CCN2CCN(c3nccc4c3CCO4)CC2)CC1,5.99
O=C(CC1CCC1)NC1CCC(CCN2CCN(c3nccc4c3CCO4)CC2)CC1,6.22
O=C(CC1CCC(O)CC1)NC1CCC(CCN2CCN(c3nccc4sccc34)CC2)CC1,6.41
O=C(NC1CCC(CCN2CCN(c3nccc4c3CCO4)CC2)CC1)C(O)C(F)(F)F,6.07
COCCC(=O)NC1CCC(CCN2CCN(c3nccc4c3CCO4)CC2)CC1,5.83
COCC(=O)NC1CCC(CCN2CCN(c3nccc4c3CCO4)CC2)CC1,5.81
CC(C)CC(=O)NC1CCC(CCN2CCN(c3nccc4c3CCO4)CC2)CC1,6.18
CC(=O)NC1CCC(CCN2CCN(c3ncc(C)c4c3CCO4)CC2)CC1,5.64
CS(=O)(=O)NC1CCC(CCN2CCN(c3nccc4c3CCO4)CC2)CC1,5.9
CC(C)(O)C(=O)NC1CCC(CCN2CCN(c3nccc4c3CCO4)CC2)CC1,5.9
Cc1cc2occc2c(N2CCN(CCC3CCC(NC(=O)CC4CCOCC4)CC3)CC2)n1,6.19
CC#CC(=O)NC1CCC(CCN2CCN(c3nccc4c3CCO4)CC2)CC1,6.37
Cc1cnc(N2CCN(CCC3CCC(NC(=O)C4CCOCC4)CC3)CC2)c2ccoc12,5.95
N#Cc1ccc(C(=O)NC2CCC(CCN3CCN(c4nccc5c4CCO5)CC3)CC2)cc1,6.42
O=C(CC1(O)CCC1)NC1CCC(CCN2CCN(c3nccc4c3CCO4)CC2)CC1,6.39
O=C(NC1CCC(CCN2CCN(c3nccc4c3CCO4)CC2)CC1)C1CCC1,6.26
O=C(NC1CCC(CCN2CCN(c3nccc4c3CCO4)CC2)CC1)c1ccc(-c2ccccc2)cc1,5.95
O=C(NC1CCC(CCN2CCN(c3nccc4occc34)CC2)CC1)C1CC1,6.58
CC(=O)NC1CCC(CCN2CCN(c3nc(C)cc4c3CCO4)CC2)CC1,6.04
O=CNC1CCC(CCN2CCN(c3nccc4c3CCO4)CC2)CC1,6.08
Cc1cnc(N2CCN(CCC3CCC(NC(=O)CC4CCOCC4)CC3)CC2)c2ccoc12,5.57
O=C(NC1CCC(CCN2CCN(c3nccc4c3CCO4)CC2)CC1)c1ccc(Cl)cc1Cl,6.29
O=C(CC(F)(F)F)NC1CCC(CCN2CCN(c3nccc4c3CCO4)CC2)CC1,6.16
CCCC(=O)NC1CCC(CCN2CCN(c3nccc4c3CCO4)CC2)CC1,6.08
Cc1cc(C(=O)NC2CCC(CCN3CCN(c4nccc5c4CCO5)CC3)CC2)on1,6.4
COC1CCC(CC(=O)NC2CCC(CCN3CCN(c4nccc5c4CCO5)CC3)CC2)CC1,5.61
COCCC(=O)NC1CCC(CCN2CCN(c3nc(C)cc4c3CCO4)CC2)CC1,5.83
CC(C)(O)CC(=O)NC1CCC(CCN2CCN(c3nccc4c3CCO4)CC2)CC1,6.0
COCCC(=O)NC1CCC(CCN2CCN(c3ncc(C)c4c3CCO4)CC2)CC1,5.45
O=C(NC1CCC(CCN2CCN(c3nccc4c3CCO4)CC2)CC1)c1ccc(C(F)(F)F)cc1,6.06
O=C(CC1CCOCC1)NC1CCC(CCN2CCN(c3nccc4sccc34)CC2)CC1,6.84
Cc1cnc(N2CCN(CCC3CCC(NC(=O)CC4CCOCC4)CC3)CC2)c2c1OCC2,5.53
COCCC(=O)NC1CCC(CCN2CCN(c3nccc4occc34)CC2)CC1,5.87
Cc1cc2c(c(N3CCN(CCC4CCC(NC(=O)CC5CCOCC5)CC4)CC3)n1)CCO2,5.71
Cc1nc(-c2cccc(C(=O)NC3CCC(CCN4CCN(c5nccc6c5CCO6)CC4)CC3)c2)no1,5.67
CC(=O)NC1CCC(CCN2CCN(c3nccc4occc34)CC2)CC1,6.31
O=C(NC1CCC(CCN2CCN(c3nccc4c3CCO4)CC2)CC1)C1CCCOC1,6.12
O=C(NC1CCC(CCN2CCN(c3nccc4occc34)CC2)CC1)c1ccnc2ccccc12,6.34
CCC(=O)NC1CCC(CCN2CCN(c3nccc4occc34)CC2)CC1,6.11
O=C(CO)NC1CCC(CCN2CCN(c3nccc4occc34)CC2)CC1,5.87
COCC(=O)NC1CCC(CCN2CCN(c3nccc4sccc34)CC2)CC1,6.66
O=C(NC1CCC(CCN2CCN(c3nccc4c3CCO4)CC2)CC1)C1CC1,6.31
CC(C)(C)CC(=O)NC1CCC(CCN2CCN(c3nccc4c3CCO4)CC2)CC1,6.35
Cc1cc(CC(=O)NC2CCC(CCN3CCN(c4nccc5c4CCO5)CC3)CC2)on1,5.88
O=C(NC1CCC(CCN2CCN(c3nccc4c3CCO4)CC2)CC1)c1ccc(N2CCS(=O)(=O)CC2)cc1,6.93
CC(C)=CC(=O)NC1CCC(CCN2CCN(c3nccc4c3CCO4)CC2)CC1,6.7
O=C(CC1CCOCC1)NC1CCC(CCN2CCN(c3nccc4occc34)CC2)CC1,6.17
O=C(Cc1noc2ccccc12)NC1CCC(CCN2CCN(c3nccc4c3CCO4)CC2)CC1,5.88
CC(C)CCC(=O)NC1CCC(CCN2CCN(c3nccc4c3CCO4)CC2)CC1,5.89
O=C(NC1CCC(CCN2CCN(c3nccc4c3CCO4)CC2)CC1)C1(O)CCC1,6.02
O=C(NC1CCC(CCN2CCN(c3nccc4c3CCO4)CC2)CC1)C1(O)CC1,6.23
CC(=O)NC1CCC(CCN2CCN(c3nccc4c3CCO4)CC2)CC1,6.11
N#CCC(=O)NC1CCC(CCN2CCN(c3nccc4c3CCO4)CC2)CC1,6.15
O=C(NC1CCC(CCN2CCN(c3nccc4c3CCO4)CC2)CC1)c1ccc(-n2cccn2)cc1,6.32
O=C(NC1CCC(CCN2CCN(c3nccc4c3CCO4)CC2)CC1)c1ccc(-n2cccc2)cc1,6.79
CN(C)C(=O)NC1CCC(CCN2CCN(c3nccc4c3CCO4)CC2)CC1,6.49
O=C(CC1COC1)NC1CCC(CCN2CCN(c3nccc4c3CCO4)CC2)CC1,6.12
CCC(=O)NC1CCC(CCN2CCN(c3nccc4sccc34)CC2)CC1,6.79
CC1(O)CCC(C(=O)NC2CCC(CCN3CCN(c4nccc5c4CCO5)CC3)CC2)CC1,6.32
CC(C)(C)C(=O)NC1CCC(CCN2CCN(c3nccc4c3CCO4)CC2)CC1,6.28
O=C(CO)NC1CCC(CCN2CCN(c3nccc4c3CCO4)CC2)CC1,5.8
O=C(CCO)NC1CCC(CCN2CCN(c3nccc4occc34)CC2)CC1,6.02
CCC(C)C(=O)NC1CCC(CCN2CCN(c3nccc4c3CCO4)CC2)CC1,6.15
O=C(NC1CCC(CCN2CCN(c3nccc4c3CCO4)CC2)CC1)C(F)(F)F,6.11
Cc1cc2c(c(N3CCN(CCC4CCC(NC(=O)C5CCOCC5)CC4)CC3)n1)CCO2,5.71
O=C(CC1CC1)NC1CCC(CCN2CCN(c3nccc4c3CCO4)CC2)CC1,6.23
O=C(Cc1ccc2c(c1)OCO2)NC1CCC(CCN2CCN(c3nccc4c3CCO4)CC2)CC1,5.52
CN(C)S(=O)(=O)NC1CCC(CCN2CCN(c3nccc4c3CCO4)CC2)CC1,6.11
CC=CCC(=O)NC1CCC(CCN2CCN(c3nccc4c3CCO4)CC2)CC1,6.02
CCS(=O)(=O)NC1CCC(CCN2CCN(c3nccc4occc34)CC2)CC1,6.11
COC(CC(=O)NC1CCC(CCN2CCN(c3nccc4c3CCO4)CC2)CC1)OC,5.86
Cc1cc2occc2c(N2CCN(CCC3CCC(NC(=O)C4CCOCC4)CC3)CC2)n1,6.56
CS(=O)(=O)NC1CCC(CCN2CCN(c3nccc4sccc34)CC2)CC1,6.58
O=C(NC1CCC(CCN2CCN(c3nccc4c3CCO4)CC2)CC1)c1cnc(N2CCOCC2)cn1,6.3
O=C(NC1CCC(CCN2CCN(c3nccc4c3CCO4)CC2)CC1)c1ccc(-c2cccnc2)cc1,6.65
Cc1cnc(N2CCN(CCC3CCC(NC(=O)C4CCOCC4)CC3)CC2)c2c1OCC2,5.35
CC(C)C(=O)NC1CCC(CCN2CCN(c3nccc4c3CCO4)CC2)CC1,6.15
O=C(NC1CCC(CCN2CCN(c3nccc4c3CCO4)CC2)CC1)C1CCOCC1,6.3
CN1CCN(c2ccc(C(=O)NC3CCC(CCN4CCN(c5nccc6c5CCO6)CC4)CC3)cc2)CC1,6.75
O=C(NC1CCC(CCN2CCN(c3nccc4c3CCO4)CC2)CC1)C1CC1(F)F,6.36
O=C(CO)NC1CCC(CCN2CCN(c3nccc4sccc34)CC2)CC1,6.66
O=C(CC1CCC(O)CC1)NC1CCC(CCN2CCN(c3nccc4occc34)CC2)CC1,5.81
COC1CCC(CC(=O)NC2CCC(CCN3CCN(c4nccc5occc45)CC3)CC2)C1,6.1
CC(=O)NC1CCC(CCN2CCN(c3nccc4sccc34)CC2)CC1,6.92
COC(C)CC(=O)NC1CCC(CCN2CCN(c3nccc4c3CCO4)CC2)CC1,6.1
CC(C)(C)Oc1ccc(C(=O)NC2CCC(CCN3CCN(c4nccc5c4CCO5)CC3)CC2)cc1,5.5
CCS(=O)(=O)NC1CCC(CCN2CCN(c3nccc4c3CCO4)CC2)CC1,5.96
O=C(NC1CCC(CCN2CCN(c3nccc4c3CCO4)CC2)CC1)c1ccc2ncccc2c1,6.3
CCS(=O)(=O)NC1CCC(CCN2CCN(c3nccc4sccc34)CC2)CC1,6.66
CCC(C)C(=O)NC1CCC(CCN2CCC(c3cccc4c3CCO4)CC2)CC1,5.92
O=C(NC1CCC(CCN2CCC(c3cccc4c3CCO4)CC2)CC1)c1ccc2ncccc2c1,5.49
O=C(NC1CCC(CCN2CCC(c3cccc4c3CCO4)CC2)CC1)C1CCOC1,6.87
Cc1ccc(C(=O)NC2CCC(CCN3CCC(c4cccc5c4CCO5)CC3)CC2)cn1,6.82
N#Cc1ccc(C(=O)NC2CCC(CCN3CCC(c4cccc5c4CCO5)CC3)CC2)cc1,6.72
O=C(NC1CCC(CCN2CCC(c3cccc4c3CCO4)CC2)CC1)C(F)(F)F,6.54
CS(=O)(=O)c1ccc(C(=O)NC2CCC(CCN3CCC(c4cccc5c4CCO5)CC3)CC2)s1,6.71
COC(CC(=O)NC1CCC(CCN2CCC(c3cccc4c3CCO4)CC2)CC1)OC,6.44
O=C(NC1CCC(CCN2CCC(c3ccc(F)c4occc34)CC2)CC1)C1CCOCC1,6.44
O=C(NC1CCC(CCN2CCC(c3cccc4c3CCO4)CC2)CC1)C1CC1(F)F,6.63
O=C(CC1CCOCC1)NC1CCC(CCN2CCC(c3cccc4c3CCO4)CC2)CC1,6.19
O=C(NC1CCC(CCN2CCC(c3cccc4c3CCO4)CC2)CC1)c1ccc(N2CCCCC2)cc1,5.64
O=C(CC1CCOCC1)NC1CCC(CCN2CCC(c3ccc(F)c4occc34)CC2)CC1,6.21
CC(C)CCC(=O)NC1CCC(CCN2CCC(c3cccc4c3CCO4)CC2)CC1,5.97
CN(C)S(=O)(=O)NC1CCC(CCN2CCC(c3cccc4c3CCO4)CC2)CC1,6.6
O=CNC1CCC(CCN2CCC(c3cccc4c3CCO4)CC2)CC1,6.78
CC(C)(C)C(=O)NC1CCC(CCN2CCC(c3cccc4c3CCO4)CC2)CC1,6.42
COCCC(=O)NC1CCC(CCN2CCC(c3cccc4c3CCO4)CC2)CC1,6.29
O=C(NC1CCC(CCN2CCC(c3cccc4c3CCO4)CC2)CC1)C1CC1,6.82
O=S(=O)(NC1CCC(CCN2CCC(c3cccc4c3CCO4)CC2)CC1)c1ccc(F)cc1,6.98
CN(C)C(=O)CCC(=O)NC1CCC(CCN2CCC(c3cccc4c3CCO4)CC2)CC1,5.97
O=S(=O)(NC1CCC(CCN2CCC(c3cccc4c3CCO4)CC2)CC1)c1ccccc1,6.86
O=C(NC1CCC(CCN2CCC(c3cccc4c3CCO4)CC2)CC1)c1ccnc2ccccc12,6.25
O=C(Cc1ccc2c(c1)OCO2)NC1CCC(CCN2CCC(c3cccc4c3CCO4)CC2)CC1,6.14
COCC(=O)NC1CCC(CCN2CCC(c3cccc4occc34)CC2)CC1,6.59
O=C(CC1CCCO1)NC1CCC(CCN2CCC(c3cccc4c3CCO4)CC2)CC1,6.42
COCC(=O)NC1CCC(CCN2CCC(c3cccc4c3CCO4)CC2)CC1,6.17
CC#CC(=O)NC1CCC(CCN2CCC(c3cccc4c3CCO4)CC2)CC1,6.93
O=C(NC1CCC(CCN2CCC(c3cccc4c3CCO4)CC2)CC1)C1(O)CCC1,6.51
CC(C)(C)CC(=O)NC1CCC(CCN2CCC(c3cccc4c3CCO4)CC2)CC1,6.4
O=C(NC1CCC(CCN2CCC(c3cccc4c3CCO4)CC2)CC1)C1CCOCC1,6.14
O=C(NC1CCC(CCN2CCC(c3cccc4c3CCO4)CC2)CC1)c1ccc(C(F)(F)F)cc1,5.83
CC(C)=CC(=O)NC1CCC(CCN2CCC(c3cccc4c3CCO4)CC2)CC1,7.13
O=C(NC1CCC(CCN2CCC(c3cccc4c3CCO4)CC2)CC1)c1ccc(-c2ccccc2)cc1,6.3
CS(=O)(=O)c1ccc(C(=O)NC2CCC(CCN3CCC(c4cccc5c4CCO5)CC3)CC2)cc1,6.79
CC(C)(O)C(=O)NC1CCC(CCN2CCC(c3cccc4c3CCO4)CC2)CC1,6.3
CS(=O)(=O)CC(=O)NC1CCC(CCN2CCC(c3cccc4occc34)CC2)CC1,6.81
COCCC(=O)NC1CCC(CCN2CCC(c3ccc(F)c4occc34)CC2)CC1,6.21
COCCC(=O)NC1CCC(CCN2CCC(c3cccc4occc34)CC2)CC1,6.54
Cc1cc(C(=O)NC2CCC(CCN3CCC(c4cccc5c4CCO5)CC3)CC2)on1,6.91
CC=CCC(=O)NC1CCC(CCN2CCC(c3cccc4c3CCO4)CC2)CC1,6.36
O=C(NC1CCC(CCN2CCC(c3cccc4c3CCO4)CC2)CC1)c1ccc(N2CCOCC2)nc1,6.04
CC(=O)NC1CCC(CCN2CCC(c3cccc4occc34)CC2)CC1,6.73
O=C(NC1CCC(CCN2CCC(c3cccc4c3CCO4)CC2)CC1)c1ccccc1,6.5
CN(C)C(=O)NC1CCC(CCN2CCC(c3cccc4c3CCO4)CC2)CC1,7.16
O=C(NC1CCC(CCN2CCC(c3cccc4c3CCO4)CC2)CC1)c1ccc(-n2cccc2)cc1,7.07
O=C(NC1CCC(CCN2CCC(c3cccc4c3CCO4)CC2)CC1)c1ccc(Cl)cc1Cl,6.63
CCC(=O)NC1CCC(CCN2CCC(c3cccc4occc34)CC2)CC1,7.04
CS(=O)(=O)NC1CCC(CCN2CCC(c3cccc4c3CCO4)CC2)CC1,6.48
CCS(=O)(=O)NC1CCC(CCN2CCC(c3cccc4c3CCO4)CC2)CC1,6.48
O=C(Cc1noc2ccccc12)NC1CCC(CCN2CCC(c3cccc4c3CCO4)CC2)CC1,6.61
O=C(CO)NC1CCC(CCN2CCC(c3cccc4c3CCO4)CC2)CC1,6.24
CS(=O)(=O)CC(=O)NC1CCC(CCN2CCC(c3cccc4c3CCO4)CC2)CC1,6.38
Cc1nc(-c2ccc(C(=O)NC3CCC(CCN4CCC(c5cccc6c5CCO6)CC4)CC3)cc2)no1,5.43
O=C(NC1CCC(CCN2CCC(c3cccc4c3CCO4)CC2)CC1)c1ccc(Cl)cc1,7.14
O=C(CC1CCC1)NC1CCC(CCN2CCC(c3cccc4c3CCO4)CC2)CC1,6.52
O=C(CC1CCOCC1)NC1CCC(CCN2CCC(c3cccc4occc34)CC2)CC1,6.66
O=C(NC1CCC(CCN2CCC(c3cccc4c3CCO4)CC2)CC1)C1CCCOC1,6.2
O=C(NC1CCC(CCN2CCC(c3cccc4c3CCO4)CC2)CC1)c1ccc(-n2cccn2)cc1,5.77
O=C(CC1COC1)NC1CCC(CCN2CCC(c3cccc4c3CCO4)CC2)CC1,6.71
O=C(CC1COCCO1)NC1CCC(CCN2CCC(c3cccc4occc34)CC2)CC1,6.66
O=C(NC1CCC(CCN2CCC(c3cccc4c3CCO4)CC2)CC1)c1ccc2c(c1)OCO2,6.09
O=C(NC1CCC(CCN2CCC(c3cccc4c3CCO4)CC2)CC1)C1CCCO1,6.43
O=C(CC(O)C(F)(F)F)NC1CCC(CCN2CCC(c3cccc4c3CCO4)CC2)CC1,6.62
CC(C)C(=O)NC1CCC(CCN2CCC(c3cccc4c3CCO4)CC2)CC1,6.54
O=C(CCO)NC1CCC(CCN2CCC(c3cccc4c3CCO4)CC2)CC1,6.46
CN1CCN(c2ccc(C(=O)NC3CCC(CCN4CCC(c5cccc6c5CCO6)CC4)CC3)cc2)CC1,6.83
O=C(NC1CCC(CCN2CCC(c3cccc4occc34)CC2)CC1)C1CCOCC1,6.52
CC(=O)NC1CCC(CCN2CCC(c3cccc4c3CCO4)CC2)CC1,6.53
O=C(NC1CCC(CCN2CCC(c3cccc4c3CCO4)CC2)CC1)c1ccc(-c2cccnc2)cc1,7.0
O=C(NC1CCC(CCN2CCC(c3cccc4c3CCO4)CC2)CC1)c1ccc(N2CCOCC2)cc1,6.89
O=C(CCC(F)(F)F)NC1CCC(CCN2CCC(c3cccc4c3CCO4)CC2)CC1,6.6
CC(C)(O)CC(=O)NC1CCC(CCN2CCC(c3cccc4c3CCO4)CC2)CC1,6.76
Cc1cc(CC(=O)NC2CCC(CCN3CCC(c4cccc5c4CCO5)CC3)CC2)on1,6.27
O=C(CC1CC1)NC1CCC(CCN2CCC(c3cccc4c3CCO4)CC2)CC1,6.57
CCC(O)CC(=O)NC1CCC(CCN2CCC(c3cccc4c3CCO4)CC2)CC1,6.45
CC(C)CC(=O)NC1CCC(CCN2CCC(c3cccc4c3CCO4)CC2)CC1,6.67
N#CCC(=O)NC1CCC(CCN2CCC(c3cccc4c3CCO4)CC2)CC1,6.86
O=C(NC1CCC(CCN2CCC(c3cccc4c3CCO4)CC2)CC1)C1(O)CC1,6.53
CCCC(=O)NC1CCC(CCN2CCC(c3cccc4c3CCO4)CC2)CC1,6.71
CC(=O)NC1CCC(CCN2CCC(c3ccc(F)c4occc34)CC2)CC1,6.39
O=C(CC1COCCO1)NC1CCC(CCN2CCC(c3cccc4c3CCO4)CC2)CC1,6.38
O=C(CC(F)(F)F)NC1CCC(CCN2CCC(c3cccc4c3CCO4)CC2)CC1,6.46
CCCCC(=O)NC1CCC(CCN2CCC(c3cccc4c3CCO4)CC2)CC1,6.39
O=C(NC1CCC(CCN2CCC(c3cccc4c3CCO4)CC2)CC1)c1ccc(F)cc1,7.13
O=C(NC1CCC(CCN2CCC(c3cccc4c3CCO4)CC2)CC1)C1CCC1,6.84
O=C(NC1CCC(CCN2CCC(c3cccc4c3CCO4)CC2)CC1)C(O)C(F)(F)F,6.62
O=C(NC1CCC(CCN2CCC(c3cccc4c3CCO4)CC2)CC1)c1ccc(N2CCS(=O)(=O)CC2)cc1,6.48
CC(O)C1NC(=O)C(CCCCN)NC(=O)C(Cc2c[nH]c3ccccc23)NC(=O)C(Cc2ccncc2)NC(=O)C(Cc2ccccc2)NC(=O)C(CCCNC(=N)N)NC(=O)C(NC(=O)CSCC2CC3c4cccc5[nH]cc(c45)CC3N(C)C2)CCCCNC(=O)C(Cc2ccccc2)NC1=O,6.76
CC(O)C1NC(=O)C(CCCCN)NC(=O)C(Cc2c[nH]c3ccccc23)NC(=O)C(Cc2ccncc2)NC(=O)C(Cc2ccccc2)NC(=O)C(CCCNC(=N)N)NC(=O)C(NC(=O)CSCC2CC3c4cccc5[nH]cc(c45)CC3N(C)C2)CCCCNC(=O)C(Cc2ccc(O)cc2)NC1=O,6.57
CC(O)C1NC(=O)C(CCCCN)NC(=O)C(Cc2c[nH]c3ccccc23)NC(=O)C(Cc2ccccc2)NC(=O)C(Cc2ccccc2)NC(=O)C(CCCNC(=N)N)NC(=O)C(NCCCCC2CC3c4cccc5[nH]cc(c45)CC3N(C)C2)CCCCNC(=O)C(Cc2ccc(F)cc2)NC1=O,8.16
CC(O)C1NC(=O)C(CCCCN)NC(=O)C(Cc2c[nH]c3ccccc23)NC(=O)C(Cc2ccccc2)NC(=O)C(Cc2ccccc2)NC(=O)C(CCCNC(=N)N)NC(=O)C(NCCSCC2CC3c4cccc5[nH]cc(c45)CC3N(C)C2)CCCCNC(=O)C(Cc2c(F)c(F)c(F)c(F)c2F)NC1=O,7.39
CC(=O)N(CCC(=O)NC(CNC1CCCCNC(=O)C(Cc2ccc(F)cc2)NC(=O)C(C(C)O)NC(=O)C(CCCCN)NC(=O)C(Cc2c[nH]c3ccccc23)NC(=O)C(Cc2ccccc2)NC(=O)C(Cc2ccccc2)NC(=O)C(CCCNC(=N)N)NC1=O)Cc1ccc(O)cc1)CC1CC2c3cccc4[nH]cc(c34)CC2N(C)C1,6.56
CC(O)C1NC(=O)C(CCCCN)NC(=O)C(Cc2c[nH]c3ccccc23)NC(=O)C(Cc2ccccc2)NC(=O)C(Cc2ccccc2)NC(=O)C(CCCNC(=N)N)NC(=O)C(NCCCS(=O)(=O)CC2CC3c4cccc5[nH]cc(c45)CC3N(C)C2)CCCCNC(=O)C(Cc2ccc(F)cc2)NC1=O,7.71
CC(O)C1NC(=O)C(CCCCN)NC(=O)C(Cc2c[nH]c3ccccc23)NC(=O)C(Cc2ccncc2)NC(=O)C(Cc2ccccc2)NC(=O)C(CCCNC(=N)N)NC(=O)C(NCC(CCCCNC(=O)C[S+]([O-])CC2CC3c4cccc5[nH]cc(c45)CC3N(C)C2)NC(=O)C[S+]([O-])CC2CC3c4cccc5[nH]cc(c45)CC3N(C)C2)CCCCNC(=O)C(Cc2ccc(O)cc2)NC1=O,7.65
CC(O)C1NC(=O)C(CCCCN)NC(=O)C(Cc2c[nH]c3ccccc23)NC(=O)C(Cc2ccccc2)NC(=O)C(Cc2ccccc2)NC(=O)C(CCCNC(=N)N)NC(=O)C(NCCSCC2CC3c4cccc5[nH]cc(c45)CC3N(C)C2)CCCCNC(=O)C(Cc2ccc(F)c(F)c2)NC1=O,7.77
CC(O)C1NC(=O)C(CCCCN)NC(=O)C(Cc2c[nH]c3ccccc23)NC(=O)C(Cc2ccccc2)NC(=O)C(Cc2ccccc2)NC(=O)C(CCCNC(=N)N)NC(=O)C(NCC(Cc2ccc(O)cc2)NC(=O)C[S+]([O-])CC2CC3c4cccc5[nH]cc(c45)CC3N(C)C2)CCCCNC(=O)C(Cc2ccc(F)cc2)NC1=O,7.49
CC(O)C1NC(=O)C(CCCCN)NC(=O)C(Cc2c[nH]c3ccccc23)NC(=O)C(Cc2ccccc2)NC(=O)C(Cc2ccccc2)NC(=O)C(CCCNC(=N)N)NC(=O)C(NCCCC2CC3c4cccc5[nH]cc(c45)CC3N(C)C2)CCCCNC(=O)C(Cc2ccc(F)cc2)NC1=O,7.97
CC(O)C1NC(=O)C(CCCCN)NC(=O)C(Cc2c[nH]c3ccccc23)NC(=O)C(Cc2ccccc2)NC(=O)C(Cc2ccccc2)NC(=O)C(CCCNC(=N)N)NC(=O)C(N(CCSCC2CC3c4cccc5[nH]cc(c45)CC3N(C)C2)CCSCC2CC3c4cccc5[nH]cc(c45)CC3N(C)C2)CCCCNC(=O)C(Cc2ccccc2)NC1=O,6.35
CC(O)C1NC(=O)C(CCCCN)NC(=O)C(Cc2c[nH]c3ccccc23)NC(=O)C(Cc2ccccc2)NC(=O)C(Cc2ccccc2)NC(=O)C(CCCNC(=N)N)NC(=O)C(NC(=O)CSCC2CC3c4cccc5[nH]cc(c45)CC3N(C)C2)CCCCNC(=O)C(Cc2ccc(F)cc2)NC1=O,6.52
CC(=O)N(CCCNC1CCCCNC(=O)C(Cc2ccc(F)cc2)NC(=O)C(C(C)O)NC(=O)C(CCCCN)NC(=O)C(Cc2c[nH]c3ccccc23)NC(=O)C(Cc2ccccc2)NC(=O)C(Cc2ccccc2)NC(=O)C(CCCNC(=N)N)NC1=O)CC1CC2c3cccc4[nH]cc(c34)CC2N(C)C1,7.33
CC(O)C1NC(=O)C(CCCCN)NC(=O)C(Cc2c[nH]c3ccccc23)NC(=O)C(Cc2ccncc2)NC(=O)C(Cc2ccccc2)NC(=O)C(CCCNC(=N)N)NC(=O)C(NCC(CCCCNC(=O)CSCC2CC3c4cccc5[nH]cc(c45)CC3N(C)C2)NC(=O)CSCC2CC3c4cccc5[nH]cc(c45)CC3N(C)C2)CCCCNC(=O)C(Cc2ccccc2)NC1=O,7.41
CC(=O)N(CCCNC(CNC1CCCCNC(=O)C(Cc2ccc(F)cc2)NC(=O)C(C(C)O)NC(=O)C(CCCCN)NC(=O)C(Cc2c[nH]c3ccccc23)NC(=O)C(Cc2ccccc2)NC(=O)C(Cc2ccccc2)NC(=O)C(CCCNC(=N)N)NC1=O)Cc1ccc(O)cc1)CC1CC2c3cccc4[nH]cc(c34)CC2N(C)C1,7.85
CC(O)C1NC(=O)C(CCCCN)NC(=O)C(Cc2c[nH]c3ccccc23)NC(=O)C(Cc2ccncc2)NC(=O)C(Cc2ccccc2)NC(=O)C(CCCNC(=N)N)NC(=O)C(NCCS(=O)(=O)CC2CC3c4cccc5[nH]cc(c45)CC3N(C)C2)CCCCNC(=O)C(Cc2ccc(O)cc2)NC1=O,6.94
CC(O)C1NC(=O)C(CCCCN)NC(=O)C(Cc2c[nH]c3ccccc23)NC(=O)C(Cc2ccccc2)NC(=O)C(Cc2ccccc2)NC(=O)C(CCCNC(=N)N)NC(=O)C(NCC(Cc2ccc(O)cc2)NC(=O)CSCC2CC3c4cccc5[nH]cc(c45)CC3N(C)C2)CCCCNC(=O)C(Cc2ccccc2)NC1=O,8.07
CC(O)C1NC(=O)C(CCCCN)NC(=O)C(Cc2c[nH]c3ccccc23)NC(=O)C(Cc2ccccc2)NC(=O)C(Cc2ccccc2)NC(=O)C(CCCNC(=N)N)NC(=O)C(NCCSCC2CC3c4cccc5[nH]cc(c45)CC3N(C)C2)CCCCNC(=O)C(Cc2ccccc2)NC1=O,6.51
CC(O)C1NC(=O)C(CCCCN)NC(=O)C(Cc2c[nH]c3ccccc23)NC(=O)C(Cc2ccccc2)NC(=O)C(Cc2ccccc2)NC(=O)C(CCCNC(=N)N)NC(=O)C(NCCSCC2CC3c4cccc5[nH]cc(c45)CC3N(C)C2)CCCCNC(=O)C(Cc2cc(F)cc(F)c2)NC1=O,7.59
CC(O)C1NC(=O)C(CCCCN)NC(=O)C(Cc2c[nH]c3ccccc23)NC(=O)C(Cc2ccccc2)NC(=O)C(Cc2ccccc2)NC(=O)C(CCCNC(=N)N)NC(=O)C(N(CCSCC2CC3c4cccc5[nH]cc(c45)CC3N(C)C2)CCSCC2CC3c4cccc5[nH]cc(c45)CC3N(C)C2)CCCCNC(=O)C(Cc2ccc(F)cc2)NC1=O,6.48
CC(O)C1NC(=O)C(CCCCN)NC(=O)C(Cc2c[nH]c3ccccc23)NC(=O)C(Cc2ccncc2)NC(=O)C(Cc2ccccc2)NC(=O)C(CCCNC(=N)N)NC(=O)C(NCC(Cc2ccc(O)cc2)NC(=O)C[S+]([O-])CC2CC3c4cccc5[nH]cc(c45)CC3N(C)C2)CCCCNC(=O)C(Cc2ccccc2)NC1=O,6.83
CC(O)C1NC(=O)C(CCCCN)NC(=O)C(Cc2c[nH]c3ccccc23)NC(=O)C(Cc2ccccc2)NC(=O)C(Cc2ccccc2)NC(=O)C(CCCNC(=N)N)NC(=O)C(NCC(Cc2ccc(O)cc2)NC(=O)CSCC2CC3c4cccc5[nH]cc(c45)CC3N(C)C2)CCCCNC(=O)C(Cc2ccc(O)cc2)NC1=O,7.82
CC(O)C1NC(=O)C(CCCCN)NC(=O)C(Cc2c[nH]c3ccccc23)NC(=O)C(Cc2ccccc2)NC(=O)C(Cc2ccccc2)NC(=O)C(CCCNC(=N)N)NC(=O)C(NCCS(=O)(=O)CC2CC3c4cccc5[nH]cc(c45)CC3N(C)C2)CCCCNC(=O)C(Cc2ccc(F)cc2)NC1=O,7.25
CC(=O)N(CCCNCC1CC2c3cccc4[nH]cc(c34)CC2N(C)C1)C1CCCCNC(=O)C(Cc2ccc(F)cc2)NC(=O)C(C(C)O)NC(=O)C(CCCCN)NC(=O)C(Cc2c[nH]c3ccccc23)NC(=O)C(Cc2ccccc2)NC(=O)C(Cc2ccccc2)NC(=O)C(CCCNC(=N)N)NC1=O,6.7
CC(O)C1NC(=O)C(CCCCN)NC(=O)C(Cc2c[nH]c3ccccc23)NC(=O)C(Cc2ccccc2)NC(=O)C(Cc2ccccc2)NC(=O)C(CCCNC(=N)N)NC(=O)C(NC(=O)CSCC2CC3c4cccc5[nH]cc(c45)CC3N(C)C2)CCCCNC(=O)C(Cc2ccccc2)NC1=O,6.7
CC(O)C1NC(=O)C(CCCCN)NC(=O)C(Cc2c[nH]c3ccccc23)NC(=O)C(Cc2ccncc2)NC(=O)C(Cc2ccccc2)NC(=O)C(CCCNC(=N)N)NC(=O)C(NCC(CCCCNC(=O)CSCC2CC3c4cccc5[nH]cc(c45)CC3N(C)C2)NC(=O)CSCC2CC3c4cccc5[nH]cc(c45)CC3N(C)C2)CCCCNC(=O)C(Cc2ccc(O)cc2)NC1=O,6.95
CC(O)C1NC(=O)C(CCCCN)NC(=O)C(Cc2c[nH]c3ccccc23)NC(=O)C(Cc2ccccc2)NC(=O)C(Cc2ccccc2)NC(=O)C(CCCNC(=N)N)NC(=O)C(NCC(Cc2ccc(O)cc2)NC(=O)CSCC2CC3c4cccc5[nH]cc(c45)CC3N(C)C2)CCCCNC(=O)C(Cc2ccc(F)cc2)NC1=O,7.54
CC(O)C1NC(=O)C(CCCCN)NC(=O)C(Cc2c[nH]c3ccccc23)NC(=O)C(Cc2ccncc2)NC(=O)C(Cc2ccccc2)NC(=O)C(CCCNC(=N)N)NC(=O)C(NCCSCC2CC3c4cccc5[nH]cc(c45)CC3N(C)C2)CCCCNC(=O)C(Cc2ccc(O)cc2)NC1=O,7.46
CC(O)C1NC(=O)C(CCCCN)NC(=O)C(Cc2c[nH]c3ccccc23)NC(=O)C(Cc2ccncc2)NC(=O)C(Cc2ccccc2)NC(=O)C(CCCNC(=N)N)NC(=O)C(N(CCSCC2CC3c4cccc5[nH]cc(c45)CC3N(C)C2)CCSCC2CC3c4cccc5[nH]cc(c45)CC3N(C)C2)CCCCNC(=O)C(Cc2ccc(O)cc2)NC1=O,6.46
CC(O)C1NC(=O)C(CCCCN)NC(=O)C(Cc2c[nH]c3ccccc23)NC(=O)C(Cc2ccncc2)NC(=O)C(Cc2ccccc2)NC(=O)C(CCCNC(=N)N)NC(=O)C(NCCSCC2CC3c4cccc5[nH]cc(c45)CC3N(C)C2)CCCCNC(=O)C(Cc2ccccc2)NC1=O,6.48
CC(O)C1NC(=O)C(CCCCN)NC(=O)C(Cc2c[nH]c3ccccc23)NC(=O)C(Cc2ccccc2)NC(=O)C(Cc2ccccc2)NC(=O)C(CCCNC(=N)N)NC(=O)C(NC(=O)C(Cc2ccc(O)cc2)NC(=O)CSCC2CC3c4cccc5[nH]cc(c45)CC3N(C)C2)CCCCNC(=O)C(Cc2ccccc2)NC1=O,7.6
CC(O)C1NC(=O)C(CCCCN)NC(=O)C(Cc2c[nH]c3ccccc23)NC(=O)C(Cc2ccccc2)NC(=O)C(Cc2ccccc2)NC(=O)C(CCCNC(=N)N)NC(=O)C(NCC[S+]([O-])CC2CC3c4cccc5[nH]cc(c45)CC3N(C)C2)CCCCNC(=O)C(Cc2ccc(F)cc2)NC1=O,7.12
CC(O)C1NC(=O)C(CCCCN)NC(=O)C(Cc2c[nH]c3ccccc23)NC(=O)C(Cc2ccncc2)NC(=O)C(Cc2ccccc2)NC(=O)C(CCCNC(=N)N)NC(=O)C(NCC(CCCCNC(=O)C[S+]([O-])CC2CC3c4cccc5[nH]cc(c45)CC3N(C)C2)NC(=O)C[S+]([O-])CC2CC3c4cccc5[nH]cc(c45)CC3N(C)C2)CCCCNC(=O)C(Cc2ccccc2)NC1=O,7.17
CC(O)C1NC(=O)C(CCCCN)NC(=O)C(Cc2c[nH]c3ccccc23)NC(=O)C(Cc2ccncc2)NC(=O)C(Cc2ccccc2)NC(=O)C(CCCNC(=N)N)NC(=O)C(N(CCSCC2CC3c4cccc5[nH]cc(c45)CC3N(C)C2)CCSCC2CC3c4cccc5[nH]cc(c45)CC3N(C)C2)CCCCNC(=O)C(Cc2ccccc2)NC1=O,6.87
CC(O)C1NC(=O)C(CCCCN)NC(=O)C(Cc2c[nH]c3ccccc23)NC(=O)C(Cc2ccncc2)NC(=O)C(Cc2ccccc2)NC(=O)C(CCCNC(=N)N)NC(=O)C(NCC[S+]([O-])CC2CC3c4cccc5[nH]cc(c45)CC3N(C)C2)CCCCNC(=O)C(Cc2ccc(O)cc2)NC1=O,7.5
CC(O)C1NC(=O)C(CCCCN)NC(=O)C(Cc2c[nH]c3ccccc23)NC(=O)C(Cc2ccccc2)NC(=O)C(Cc2ccccc2)NC(=O)C(CCCNC(=N)N)NC(=O)C(NCCCCCC2CC3c4cccc5[nH]cc(c45)CC3N(C)C2)CCCCNC(=O)C(Cc2ccc(F)cc2)NC1=O,7.34
CC(O)C1NC(=O)C(CCCCN)NC(=O)C(Cc2c[nH]c3ccccc23)NC(=O)C(Cc2ccccc2)NC(=O)C(Cc2ccccc2)NC(=O)C(CCCNC(=N)N)NC(=O)C(NCCSCC2CC3c4cccc5[nH]cc(c45)CC3N(C)C2)CCCCNC(=O)C(Cc2ccccc2F)NC1=O,7.5
CC(O)C1NC(=O)C(CCCCN)NC(=O)C(Cc2c[nH]c3ccccc23)NC(=O)C(Cc2ccccc2)NC(=O)C(Cc2ccccc2)NC(=O)C(CCCNC(=N)N)NC(=O)C(NCCSCC2CC3c4cccc5[nH]cc(c45)CC3N(C)C2)CCCCNC(=O)C(Cc2ccc(F)cc2)NC1=O,7.0
CC(O)C1NC(=O)C(CCCCN)NC(=O)C(Cc2c[nH]c3ccccc23)NC(=O)C(Cc2ccccc2)NC(=O)C(Cc2ccccc2)NC(=O)C(CCCNC(=N)N)NC(=O)C(NCCSCC2CC3c4cccc5[nH]cc(c45)CC3N(C)C2)CCCCNC(=O)C(Cc2cccc(F)c2)NC1=O,7.52
CC(O)C1NC(=O)C(CCCCN)NC(=O)C(Cc2c[nH]c3ccccc23)NC(=O)C(Cc2ccccc2)NC(=O)C(Cc2ccccc2)NC(=O)C(CCCNC(=N)N)NC(=O)C(NCC(CCCCNC(=O)CSCC2CC3c4cccc5[nH]cc(c45)CC3N(C)C2)NC(=O)CSCC2CC3c4cccc5[nH]cc(c45)CC3N(C)C2)CCCCNC(=O)C(Cc2ccc(F)cc2)NC1=O,7.08
CC(O)C1NC(=O)C(CCCCN)NC(=O)C(Cc2c[nH]c3ccccc23)NC(=O)C(Cc2ccccc2)NC(=O)C(Cc2ccccc2)NC(=O)C(CCCNC(=N)N)NC(=O)C(NCC(Cc2ccc(O)cc2)NC(=O)CCN(CC2CC3c4cccc5[nH]cc(c45)CC3N(C)C2)S(C)(=O)=O)CCCCNC(=O)C(Cc2ccc(F)cc2)NC1=O,6.54
CN1CCN(C2=Nc3ccccc3Sc3ccc(Cl)cc32)CC1,9.31
Fc1ccc2c(c1)C(N1CCNCC1)=Nc1ccccc1S2,7.96
c1ccc2c(c1)N=C(N1CCNCC1)c1ccccc1S2,7.43
N#Cc1ccc(C(=O)NC2CCC(CCN3CCC(c4coc5ccccc45)CC3)CC2)cc1,7.82
COC1CCC(CC(=O)NC2CCC(CCN3CCC(c4coc5ccccc45)CC3)CC2)CC1,7.17
O=C(NC1CCC(CCN2CCC(c3coc4ccccc34)CC2)CC1)c1ccc(N2CCS(=O)(=O)CC2)cc1,7.72
CC(C)(C)C(=O)NC1CCC(CCN2CCC(c3coc4ccccc34)CC2)CC1,7.42
O=C(NC1CCC(CCN2CCC(c3coc4ccccc34)CC2)CC1)c1ccc(Cl)cc1Cl,7.42
O=C(NC1CCC(CCN2CCC(c3coc4ccccc34)CC2)CC1)C1CCOCC1,7.43
Cc1cc(C(=O)NC2CCC(CCN3CCC(c4coc5ccccc45)CC3)CC2)on1,7.44
O=C(CCO)NC1CCC(CCN2CCC(c3coc4ccccc34)CC2)CC1,7.2
N#CCC(=O)NC1CCC(CCN2CCC(c3coc4ccccc34)CC2)CC1,7.38
Cc1cc(CC(=O)NC2CCC(CCN3CCC(c4coc5ccccc45)CC3)CC2)on1,7.08
O=CNC1CCC(CCN2CCC(c3coc4ccccc34)CC2)CC1,7.41
CC(C)Cc1ccc(C(=O)NC2CCC(CCN3CCC(c4coc5ccccc45)CC3)CC2)cc1,6.54
O=C(NC1CCC(CCN2CCC(c3coc4ccccc34)CC2)CC1)c1ccc(-n2cccc2)cc1,7.46
CC(C)(C)Oc1ccc(C(=O)NC2CCC(CCN3CCC(c4coc5ccccc45)CC3)CC2)cc1,6.77
O=C(CCC(F)(F)F)NC1CCC(CCN2CCC(c3coc4ccccc34)CC2)CC1,7.21
O=C(NC1CCC(CCN2CCC(c3coc4ccccc34)CC2)CC1)C1CCCO1,7.09
O=C(NC1CCC(CCN2CCC(c3coc4ccccc34)CC2)CC1)c1ccc(C2CC2)cc1,6.45
O=C(NC1CCC(CCN2CCC(c3coc4ccccc34)CC2)CC1)C1CCC1,7.42
CC(C)=CC(=O)NC1CCC(CCN2CCC(c3coc4ccccc34)CC2)CC1,7.74
CC(C)CCC(=O)NC1CCC(CCN2CCC(c3coc4ccccc34)CC2)CC1,7.18
CC(C)(C)C1CCC(C(=O)NC2CCC(CCN3CCC(c4coc5ccccc45)CC3)CC2)CC1,6.46
CC(C)C(=O)NC1CCC(CCN2CCC(c3coc4ccccc34)CC2)CC1,7.4
O=C(NC1CCC(CCN2CCC(c3coc4ccccc34)CC2)CC1)C1CC1,7.64
CN(C)C(=O)CCC(=O)NC1CCC(CCN2CCC(c3coc4ccccc34)CC2)CC1,7.04
CCCCC(=O)NC1CCC(CCN2CCC(c3coc4ccccc34)CC2)CC1,7.18
O=C(NC1CCC(CCN2CCC(c3coc4ccccc34)CC2)CC1)c1ccc(N2CCCCC2)cc1,6.46
CC(C)(O)CC(=O)NC1CCC(CCN2CCC(c3coc4ccccc34)CC2)CC1,7.38
O=C(NC1CCC(CCN2CCC(c3coc4ccccc34)CC2)CC1)C(F)(F)F,7.43
O=C(NC1CCC(CCN2CCC(c3coc4ccccc34)CC2)CC1)c1ccc(-c2ccccc2)cc1,7.66
CC=CCC(=O)NC1CCC(CCN2CCC(c3coc4ccccc34)CC2)CC1,7.24
CCC(O)CC(=O)NC1CCC(CCN2CCC(c3coc4ccccc34)CC2)CC1,7.47
O=C(NC1CCC(CCN2CCC(c3coc4ccccc34)CC2)CC1)C(O)C(F)(F)F,7.33
CS(=O)(=O)NC1CCC(CCN2CCC(c3coc4ccccc34)CC2)CC1,7.33
O=C(Cc1noc2ccccc12)NC1CCC(CCN2CCC(c3coc4ccccc34)CC2)CC1,6.61
CS(=O)(=O)c1ccc(C(=O)NC2CCC(CCN3CCC(c4coc5ccccc45)CC3)CC2)cc1,7.1
O=C(CO)NC1CCC(CCN2CCC(c3coc4ccccc34)CC2)CC1,7.33
O=C(NC1CCC(CCN2CCC(c3coc4ccccc34)CC2)CC1)c1ccc2c(c1)OCO2,7.54
O=C(NC1CCC(CCN2CCC(c3coc4ccccc34)CC2)CC1)c1ccc(-c2cccnc2)cc1,7.78
O=C(NC1CCC(CCN2CCC(c3coc4ccccc34)CC2)CC1)c1ccc(N2CCOCC2)cc1,6.39
CC(C)(C)CC(=O)NC1CCC(CCN2CCC(c3coc4ccccc34)CC2)CC1,7.28
CCC(C)C(=O)NC1CCC(CCN2CCC(c3coc4ccccc34)CC2)CC1,7.34
CCCC(=O)NC1CCC(CCN2CCC(c3coc4ccccc34)CC2)CC1,7.34
O=C(NC1CCC(CCN2CCC(c3coc4ccccc34)CC2)CC1)c1ccc2ncccc2c1,6.99
O=C(NC1CCC(CCN2CCC(c3coc4ccccc34)CC2)CC1)c1ccc(F)cc1,7.16
O=C(CC1CCC1)NC1CCC(CCN2CCC(c3coc4ccccc34)CC2)CC1,7.24
O=C(NC1CCC(CCN2CCC(c3coc4ccccc34)CC2)CC1)c1ccc(-n2cccn2)cc1,7.33
O=C(Cc1ccc2c(c1)OCO2)NC1CCC(CCN2CCC(c3coc4ccccc34)CC2)CC1,7.03
O=C(NC1CCC(CCN2CCC(c3coc4ccccc34)CC2)CC1)C1CCOC1,7.28
O=C(NC1CCC(CCN2CCC(c3coc4ccccc34)CC2)CC1)C1(O)CC1,7.32
O=C(CC1COCCO1)NC1CCC(CCN2CCC(c3coc4ccccc34)CC2)CC1,7.07
CS(=O)(=O)CC(=O)NC1CCC(CCN2CCC(c3coc4ccccc34)CC2)CC1,7.29
O=C(NC1CCC(CCN2CCC(c3coc4ccccc34)CC2)CC1)C1CC1(F)F,7.55
CC(=O)NC1CCC(CCN2CCC(c3coc4ccccc34)CC2)CC1,7.3
O=C(CC(O)C(F)(F)F)NC1CCC(CCN2CCC(c3coc4ccccc34)CC2)CC1,7.3
CN1CCN(c2ccc(C(=O)NC3CCC(CCN4CCC(c5coc6ccccc56)CC4)CC3)cc2)CC1,7.3
COCCC(=O)NC1CCC(CCN2CCC(c3coc4ccccc34)CC2)CC1,7.15
COC(CC(=O)NC1CCC(CCN2CCC(c3coc4ccccc34)CC2)CC1)OC,7.31
O=C(NC1CCC(CCN2CCC(c3coc4ccccc34)CC2)CC1)C12CC3CC(CC(C3)C1)C2,6.89
Cc1ccc(C(=O)NC2CCC(CCN3CCC(c4coc5ccccc45)CC3)CC2)cn1,7.55
O=C(NC1CCC(CCN2CCC(c3coc4ccccc34)CC2)CC1)c1ccc(Cl)cc1,7.59
CC(C)(O)C(=O)NC1CCC(CCN2CCC(c3coc4ccccc34)CC2)CC1,7.27
CCC(=O)NC1CCC(CCN2CCC(c3coc4ccccc34)CC2)CC1,7.32
CCS(=O)(=O)NC1CCC(CCN2CCC(c3coc4ccccc34)CC2)CC1,7.32
CC#CC(=O)NC1CCC(CCN2CCC(c3coc4ccccc34)CC2)CC1,7.59
CC(C)(C)c1ccc(S(=O)(=O)NC2CCC(CCN3CCC(c4coc5ccccc45)CC3)CC2)cc1,7.16
O=C(CC1CCCO1)NC1CCC(CCN2CCC(c3coc4ccccc34)CC2)CC1,7.28
O=C(NC1CCC(CCN2CCC(c3coc4ccccc34)CC2)CC1)c1cnc(N2CCOCC2)cn1,6.98
CCc1ccc(C(=O)NC2CCC(CCN3CCC(c4coc5ccccc45)CC3)CC2)cc1,6.69
Cc1ccc(S(=O)(=O)NC2CCC(CCN3CCC(c4coc5ccccc45)CC3)CC2)cc1,7.23
CC(C)(C)c1ccc(C(=O)NC2CCC(CCN3CCC(c4coc5ccccc45)CC3)CC2)cc1,5.95
CC(C)CC(=O)NC1CCC(CCN2CCC(c3coc4ccccc34)CC2)CC1,7.36
O=C(NC1CCC(CCN2CCC(c3coc4ccccc34)CC2)CC1)C1CCCOC1,7.43
O=C(CC1CC1)NC1CCC(CCN2CCC(c3coc4ccccc34)CC2)CC1,7.47
O=C(CC1CCOCC1)NC1CCC(CCN2CCC(c3coc4ccccc34)CC2)CC1,7.11
CC(C)c1ccc(C(=O)NC2CCC(CCN3CCC(c4coc5ccccc45)CC3)CC2)cc1,6.4
COCC(=O)NC1CCC(CCN2CCC(c3coc4ccccc34)CC2)CC1,7.1
CS(=O)(=O)c1ccc(C(=O)NC2CCC(CCN3CCC(c4coc5ccccc45)CC3)CC2)s1,7.22
O=C(CC1COC1)NC1CCC(CCN2CCC(c3coc4ccccc34)CC2)CC1,7.47
O=C(NC1CCC(CCN2CCC(c3coc4ccccc34)CC2)CC1)c1ccc(C(F)(F)F)cc1,6.82
O=C(NC1CCC(CCN2CCC(c3coc4ccccc34)CC2)CC1)C1CCC(C(F)(F)F)CC1,7.14
O=C(CC(F)(F)F)NC1CCC(CCN2CCC(c3coc4ccccc34)CC2)CC1,7.37
O=C(NC1CCC(CCN2CCC(c3coc4ccccc34)CC2)CC1)c1ccccc1,7.49
O=C(CC1(O)CCOCC1)NC1CCC(CCN2CCC(c3cccc4c3OCO4)CC2)CC1,6.51
COC(C)C(=O)NC1CCC(CCN2CCC(c3cccc4c3OCO4)CC2)CC1,6.33
O=C(NC1CCC(CCN2CCC(c3cccc4c3OCO4)CC2)CC1)c1ccnc2ccccc12,6.43
O=C(CC1CCCO1)NC1CCC(CCN2CCC(c3cccc4c3OCO4)CC2)CC1,6.64
O=C(CC1COC1)NC1CCC(CCN2CCC(c3cccc4c3OCO4)CC2)CC1,6.59
CN(C)S(=O)(=O)NC1CCC(CCN2CCC(c3cccc4c3OCO4)CC2)CC1,6.64
CCC(=O)NC1CCC(CCN2CCC(c3cccc4c3OCO4)CC2)CC1,6.69
O=C(CF)NC1CCC(CCN2CCC(c3cccc4c3OCO4)CC2)CC1,6.64
O=C(NC1CCC(CCN2CCC(c3cccc4c3OCO4)CC2)CC1)N1CCc2ccccc21,6.64
Cc1ccc(C(=O)NC2CCC(CCN3CCC(c4cccc5c4OCO5)CC3)CC2)cn1,6.88
O=S(=O)(NC1CCC(CCN2CCC(c3cccc4c3OCO4)CC2)CC1)c1ccccc1,7.2
O=S(=O)(NC1CCC(CCN2CCC(c3cccc4c3OCO4)CC2)CC1)N1CCOCC1,6.64
O=C(NC1CCC(CCN2CCC(c3cccc4c3OCO4)CC2)CC1)C1COc2ccccc2C1,5.98
O=C(CO)NC1CCC(CCN2CCC(c3cccc4c3OCO4)CC2)CC1,6.53
COCCC(=O)NC1CCC(CCN2CCC(c3cccc4c3OCO4)CC2)CC1,6.37
O=C(CC1CC1)NC1CCC(CCN2CCC(c3cccc4c3OCO4)CC2)CC1,6.52
O=C(NC1CCC(CCN2CCC(c3cccc4c3OCO4)CC2)CC1)C(O)C(F)(F)F,6.68
CC1(C(=O)NC2CCC(CCN3CCC(c4cccc5c4OCO5)CC3)CC2)COC1,6.65
O=C(CC1COCCO1)NC1CCC(CCN2CCC(c3cccc4c3OCO4)CC2)CC1,6.48
O=C(CC1CCCOC1)NC1CCC(CCN2CCC(c3cccc4c3OCO4)CC2)CC1,6.49
O=C(CC1(O)CCCCC1)NC1CCC(CCN2CCC(c3cccc4c3OCO4)CC2)CC1,6.44
CC(C)(O)CC(=O)NC1CCC(CCN2CCC(c3cccc4c3OCO4)CC2)CC1,6.55
O=C(NC1CCC(CCN2CCC(c3cccc4c3OCO4)CC2)CC1)c1ccc(Cl)cc1,6.83
CC(=O)NC1CCC(CCN2CCC(c3cccc4c3OCO4)CC2)CC1,6.6
CC(O)C(=O)NC1CCC(CCN2CCC(c3cccc4c3OCO4)CC2)CC1,6.57
CN1CCC(C(=O)NC2CCC(CCN3CCC(c4cccc5c4OCO5)CC3)CC2)CC1,6.83
COC1CCC(CC(=O)NC2CCC(CCN3CCC(c4cccc5c4OCO5)CC3)CC2)C1,6.48
O=C(NC1CCC(CCN2CCC(c3cccc4c3OCO4)CC2)CC1)c1ccc(N2CCOCC2)cc1,6.23
COC1CCC(CC(=O)NC2CCC(CCN3CCC(c4cccc5c4OCO5)CC3)CC2)CC1,6.44
CCCC(=O)NC1CCC(CCN2CCC(c3cccc4c3OCO4)CC2)CC1,6.56
COC(=O)NC1CCC(CCN2CCC(c3cccc4c3OCO4)CC2)CC1,6.88
N#CCC(=O)NC1CCC(CCN2CCC(c3cccc4c3OCO4)CC2)CC1,6.69
O=C(NC1CCC(CCN2CCC(c3cccc4c3OCO4)CC2)CC1)C1(O)CCCCC1,6.66
CC(C)(O)C(=O)NC1CCC(CCN2CCC(c3cccc4c3OCO4)CC2)CC1,6.39
CS(=O)(=O)CC(=O)NC1CCC(CCN2CCC(c3cccc4c3OCO4)CC2)CC1,6.78
Cc1cc(CC(=O)NC2CCC(CCN3CCC(c4cccc5c4OCO5)CC3)CC2)on1,6.29
O=C(CCC(F)(F)F)NC1CCC(CCN2CCC(c3cccc4c3OCO4)CC2)CC1,6.39
COC(C)CC(=O)NC1CCC(CCN2CCC(c3cccc4c3OCO4)CC2)CC1,6.39
CCOCCC(=O)NC1CCC(CCN2CCC(c3cccc4c3OCO4)CC2)CC1,6.41
O=C(NC1CCC(CCN2CCC(c3cccc4c3OCO4)CC2)CC1)c1ccccc1,6.92
O=C(NC1CCC(CCN2CCC(c3cccc4c3OCO4)CC2)CC1)C1CCS(=O)(=O)C1,6.89
O=C(NC1CCC(CCN2CCC(c3cccc4c3OCO4)CC2)CC1)C1(C(F)(F)F)CC1,6.61
CS(=O)(=O)NC1CCC(CCN2CCC(c3cccc4c3OCO4)CC2)CC1,6.38
CCC(C)C(=O)NC1CCC(CCN2CCC(c3cccc4c3OCO4)CC2)CC1,6.45
O=C(NC1CCC(CCN2CCC(c3cccc4c3OCO4)CC2)CC1)C1(O)CC1,6.61
O=C(Nc1ccc(Cl)cc1)NC1CCC(CCN2CCC(c3cccc4c3OCO4)CC2)CC1,5.57
O=C(NC1CCC(CCN2CCC(c3cccc4c3OCO4)CC2)CC1)c1ccc2c(c1)OCCO2,6.46
CN(C)C(=O)NC1CCC(CCN2CCC(c3cccc4c3OCO4)CC2)CC1,7.28
O=C(CC1(O)CCC1)NC1CCC(CCN2CCC(c3cccc4c3OCO4)CC2)CC1,6.58
O=C(NC1CCC(CCN2CCC(c3cccc4c3OCO4)CC2)CC1)c1ccc(F)cc1,6.63
COCC(=O)NC1CCC(CCN2CCC(c3cccc4c3OCO4)CC2)CC1,6.29
O=C(NC1CCC(CCN2CCC(c3cccc4c3OCO4)CC2)CC1)C1CCOCC1,6.74
O=C(NC1CCC(CCN2CCC(c3cccc4c3OCO4)CC2)CC1)C(F)(F)F,6.46
CN1CCN(CC(=O)NC2CCC(CCN3CCC(c4cccc5c4OCO5)CC3)CC2)CC1,6.98
O=C(NC1CCC(CCN2CCC(c3cccc4c3OCO4)CC2)CC1)C1CCCO1,6.33
O=C(NC1CCC(CCN2CCC(c3cccc4c3OCO4)CC2)CC1)C1CCC1,7.0
CC(C)C(=O)NC1CCC(CCN2CCC(c3cccc4c3OCO4)CC2)CC1,6.4
N#Cc1ccc(C(=O)NC2CCC(CCN3CCC(c4cccc5c4OCO5)CC3)CC2)cc1,6.82
O=C(Cc1ccc2c(c1)OCO2)NC1CCC(CCN2CCC(c3cccc4c3OCO4)CC2)CC1,6.49
O=C(NC1CCC(CCN2CCC(c3cccc4c3OCO4)CC2)CC1)C1CC1(F)F,6.71
O=C(CC1CCCCO1)NC1CCC(CCN2CCC(c3cccc4c3OCO4)CC2)CC1,6.38
CC(C)CC(=O)NC1CCC(CCN2CCC(c3cccc4c3OCO4)CC2)CC1,6.62
O=C(CC(F)(F)F)NC1CCC(CCN2CCC(c3cccc4c3OCO4)CC2)CC1,6.68
O=C(NC1CCC(CCN2CCC(c3cccc4c3OCO4)CC2)CC1)C1CC(Cl)C1,6.52
O=C(NC1CCC(CCN2CCC(c3cccc4c3OCO4)CC2)CC1)C1CCOC1,6.78
Cn1cnc(S(=O)(=O)NC2CCC(CCN3CCC(c4cccc5c4OCO5)CC3)CC2)c1,6.94
COC1(C(=O)NC2CCC(CCN3CCC(c4cccc5c4OCO5)CC3)CC2)CCCCC1,6.71
O=C(CC1CCOCC1)NC1CCC(CCN2CCC(c3cccc4c3OCO4)CC2)CC1,6.45
O=S(=O)(NC1CCC(CCN2CCC(c3cccc4c3OCO4)CC2)CC1)c1ccc(F)cc1,6.98
O=C(NC1CCC(CCN2CCN(c3cccc4c3OCO4)CC2)CC1)C1(O)CCCC1,6.91
O=C(NC1CCC(CCN2CCN(c3cccc4c3OCO4)CC2)CC1)C1CC1(F)F,6.84
CN1CCC(C(=O)NC2CCC(CCN3CCN(c4cccc5c4OCO5)CC3)CC2)CC1,7.2
O=S(=O)(NC1CCC(CCN2CCN(c3cccc4c3OCO4)CC2)CC1)c1ccccc1,7.14
COC(C)(C)C(=O)NC1CCC(CCN2CCN(c3cccc4c3OCO4)CC2)CC1,6.93
CS(=O)(=O)NC1CCC(CCN2CCN(c3cccc4c3OCO4)CC2)CC1,6.84
O=C(CC1CC(CO)C1)NC1CCC(CCN2CCN(c3cccc4c3OCO4)CC2)CC1,6.93
O=C(NC1CCC(CCN2CCN(c3cccc4c3OCO4)CC2)CC1)C1CCCO1,6.93
O=C(NC1CCC(CCN2CCN(c3cccc4c3OCO4)CC2)CC1)c1ccnc2ccccc12,6.29
CC(=O)NC1CCC(CCN2CCN(c3cccc4c3OCO4)CC2)CC1,7.17
CCC(=O)NC1CCC(CCN2CCN(c3cccc4c3OCO4)CC2)CC1,7.13
O=C(CC1CC1)NC1CCC(CCN2CCN(c3cccc4c3OCO4)CC2)CC1,6.85
O=S(=O)(CC(F)(F)F)NC1CCC(CCN2CCN(c3cccc4c3OCO4)CC2)CC1,7.13
COC1(C(=O)NC2CCC(CCN3CCN(c4cccc5c4OCO5)CC3)CC2)CC1,7.06
CN(C)C(=O)NC1CCC(CCN2CCN(c3cccc4c3OCO4)CC2)CC1,7.52
CCCC(=O)NC1CCC(CCN2CCN(c3cccc4c3OCO4)CC2)CC1,6.84
O=C(CC1(O)CCCCC1)NC1CCC(CCN2CCN(c3cccc4c3OCO4)CC2)CC1,6.8
O=C(CF)NC1CCC(CCN2CCN(c3cccc4c3OCO4)CC2)CC1,6.91
COC(C)C(=O)NC1CCC(CCN2CCN(c3cccc4c3OCO4)CC2)CC1,6.82
O=C(NC1CCC(CCN2CCN(c3cccc4c3OCO4)CC2)CC1)c1ccc(F)cc1,7.08
O=C(NC1CCC(CCN2CCN(c3cccc4c3OCO4)CC2)CC1)C1(O)CCC1,7.07
CN(C)S(=O)(=O)NC1CCC(CCN2CCN(c3cccc4c3OCO4)CC2)CC1,6.89
CC(C)C(O)C(=O)NC1CCC(CCN2CCN(c3cccc4c3OCO4)CC2)CC1,7.13
O=C(CC1CCCOC1)NC1CCC(CCN2CCN(c3cccc4c3OCO4)CC2)CC1,6.86
O=C(NC1CCC(CCN2CCN(c3cccc4c3OCO4)CC2)CC1)c1cccnc1,7.05
CC(O)C(=O)NC1CCC(CCN2CCN(c3cccc4c3OCO4)CC2)CC1,7.05
COC(=O)NC1CCC(CCN2CCN(c3cccc4c3OCO4)CC2)CC1,7.16
O=C(Nc1ccc(Cl)cc1)NC1CCC(CCN2CCN(c3cccc4c3OCO4)CC2)CC1,6.8
O=C(NC1CCC(CCN2CCN(c3cccc4c3OCO4)CC2)CC1)c1ccc2c(c1)OCCO2,5.32
O=C(NC1CCC(CCN2CCN(c3cccc4c3OCO4)CC2)CC1)N1CCc2ccccc21,6.62
COCC(=O)NC1CCC(CCN2CCN(c3cccc4c3OCO4)CC2)CC1,6.62
O=C(CC1CCCCO1)NC1CCC(CCN2CCN(c3cccc4c3OCO4)CC2)CC1,6.66
O=S(=O)(NC1CCC(CCN2CCN(c3cccc4c3OCO4)CC2)CC1)N1CCOCC1,7.2
CCC(O)C(=O)NC1CCC(CCN2CCN(c3cccc4c3OCO4)CC2)CC1,6.91
O=C(NC1CCC(CCN2CCN(c3cccc4c3OCO4)CC2)CC1)C1CC(Cl)C1,7.09
CC1(C(=O)NC2CCC(CCN3CCN(c4cccc5c4OCO5)CC3)CC2)COC1,7.09
CC(C)C(=O)NC1CCC(CCN2CCN(c3cccc4c3OCO4)CC2)CC1,6.87
N#Cc1ccc(C(=O)NC2CCC(CCN3CCN(c4cccc5c4OCO5)CC3)CC2)cc1,7.0
CC(C)(O)C(=O)NC1CCC(CCN2CCN(c3cccc4c3OCO4)CC2)CC1,6.74
O=C(NC1CCC(CCN2CCN(c3cccc4c3OCO4)CC2)CC1)C1(O)CC1,7.21
N#CCC(=O)NC1CCC(CCN2CCN(c3cccc4c3OCO4)CC2)CC1,7.12
CC(C)(O)CC(=O)NC1CCC(CCN2CCN(c3cccc4c3OCO4)CC2)CC1,7.12
CS(=O)(=O)CC(=O)NC1CCC(CCN2CCN(c3cccc4c3OCO4)CC2)CC1,7.02
Cn1cnc(S(=O)(=O)NC2CCC(CCN3CCN(c4cccc5c4OCO5)CC3)CC2)c1,7.26
O=C(NC1CCC(CCN2CCN(c3cccc4c3OCO4)CC2)CC1)C1(O)CCCCC1,6.76
COCCC(=O)NC1CCC(CCN2CCN(c3cccc4c3OCO4)CC2)CC1,6.76
O=C(CC1COCCO1)NC1CCC(CCN2CCN(c3cccc4c3OCO4)CC2)CC1,6.76
O=C(Cc1ccc2c(c1)OCO2)NC1CCC(CCN2CCN(c3cccc4c3OCO4)CC2)CC1,6.17
O=C(NC1CCC(CCN2CCN(c3cccc4c3OCO4)CC2)CC1)C1COc2ccccc2C1,6.24
O=C(CC1(O)CCC1)NC1CCC(CCN2CCN(c3cccc4c3OCO4)CC2)CC1,7.02
COC1(C(=O)NC2CCC(CCN3CCN(c4cccc5c4OCO5)CC3)CC2)CCCCC1,6.6
O=C(CC1CCCO1)NC1CCC(CCN2CCN(c3cccc4c3OCO4)CC2)CC1,6.72
O=C(NC1CCC(CCN2CCN(c3cccc4c3OCO4)CC2)CC1)c1ccccc1,6.57
O=C(NC1CCC(CCN2CCN(c3cccc4c3OCO4)CC2)CC1)C1CCS(=O)(=O)C1,7.23
O=C(CC1COC1)NC1CCC(CCN2CCN(c3cccc4c3OCO4)CC2)CC1,6.97
COC(C)CC(=O)NC1CCC(CCN2CCN(c3cccc4c3OCO4)CC2)CC1,6.74
O=C(CO)NC1CCC(CCN2CCN(c3cccc4c3OCO4)CC2)CC1,6.74
CC(C)CC(=O)NC1CCC(CCN2CCN(c3cccc4c3OCO4)CC2)CC1,6.88
O=S(=O)(NC1CCC(CCN2CCN(c3cccc4c3OCO4)CC2)CC1)c1ccc(F)cc1,7.34
O=C(NC1CCC(CCN2CCN(c3cccc4c3OCO4)CC2)CC1)C1CCOCC1,6.66
COC1CCC(CC(=O)NC2CCC(CCN3CCN(c4cccc5c4OCO5)CC3)CC2)C1,6.74
O=C(NC1CCC(CCN2CCN(c3cccc4c3OCO4)CC2)CC1)C(F)(F)F,6.95
O=C(CC(F)(F)F)NC1CCC(CCN2CCN(c3cccc4c3OCO4)CC2)CC1,7.04
O=C(CC1CCOCC1)NC1CCC(CCN2CCN(c3cccc4c3OCO4)CC2)CC1,6.86
O=C(NC1CCC(CCN2CCN(c3cccc4c3OCO4)CC2)CC1)C1CCC1,7.04
Cc1cc(CC(=O)NC2CCC(CCN3CCN(c4cccc5c4OCO5)CC3)CC2)on1,6.5
COC(C(=O)NC1CCC(CCN2CCN(c3cccc4c3OCO4)CC2)CC1)C(C)C,7.05
CN1CCN(CC(=O)NC2CCC(CCN3CCN(c4cccc5c4OCO5)CC3)CC2)CC1,7.42
COc1ccc(CCN(CCCc2ccccc2)CCc2ccc3c(c2)OCO3)cc1OC,5.76
Clc1ccc(N2CCN(CCCCNc3noc(-c4ccccc4)n3)CC2)c(Cl)c1,5.89
Clc1ccc(N2CCN(CCCCNc3noc(-c4ccccc4)n3)CC2)cc1,4.1
CC(C)c1ccccc1OCCN1CCC(NS(=O)(=O)c2cnn(C)c2)CC1,6.85
CC(C)c1ccccc1OCCN1CCC(NS(=O)(=O)c2ccccc2F)CC1,7.29
O=S(=O)(NC1CCN(CCOc2ccccc2-c2ccccc2)CC1)c1cccc(Cl)c1,7.07
CC(C)c1ccccc1OCCN1CCC(NS(=O)(=O)c2cccc(F)c2)CC1,6.99
CC(C)c1ccccc1OCCN1CCC(NS(=O)(=O)c2cccc3ncccc23)CC1,6.98
CC(C)c1ccccc1OCCN1CCC(NS(=O)(=O)c2cc(F)ccc2F)CC1,6.83
CN(C1CCN(CCOc2ccccc2-c2ccccc2)CC1)S(=O)(=O)c1cnn(C)c1,7.46
CN(C1CCN(CCOc2ccccc2-c2ccccc2)CC1)S(=O)(=O)c1ccccc1,7.28
CN(C1CCN(CCOc2ccccc2C(C)(C)C)CC1)S(=O)(=O)c1ccc(F)cc1,6.49
CN(C1CCN(CCOc2ccccc2-c2ccccc2)CC1)S(=O)(=O)c1ccc(F)cc1,7.27
CN(C1CCN(CCOc2ccccc2C(C)(C)C)CC1)S(=O)(=O)c1cnn(C)c1,6.55
CN(C1CCN(CCOc2ccccc2C(C)(C)C)CC1)S(=O)(=O)c1cccc(F)c1,6.54
CC(C)c1ccccc1OCCN1CCC(N(C)S(=O)(=O)c2ccccc2)CC1,7.22
CC(C)c1ccccc1OCCN1CCC(N(CC2CC2)S(=O)(=O)c2cnn(C)c2)CC1,7.75
CN(C1CCN(CCOc2ccccc2C(C)(C)C)CC1)S(=O)(=O)c1ccccc1,6.44
CC(C)c1ccccc1OCCN1CCC(N(C)S(=O)(=O)c2cccc(F)c2)CC1,7.35
CC(C)c1ccccc1OCCN1CCC(N(C)S(=O)(=O)c2cnn(C)c2)CC1,7.34
CC(C)c1ccccc1OCCN1CCC(N(C)S(=O)(=O)c2ccc(F)cc2)CC1,7.3
CC(C)c1ccccc1OCCN1CCC(N(CC2CC2)S(=O)(=O)c2cccc(F)c2)CC1,7.82
Cn1cc(S(=O)(=O)N(CC2CC2)C2CCN(CCOc3ccccc3-c3ccccc3)CC2)cn1,7.8
CC(C)c1ccccc1OCCN1CCC(N(CC2CC2)S(=O)(=O)c2ccc(F)cc2)CC1,7.7
CC(C)(C)c1ccccc1OCCN1CCC(N(CC2CC2)S(=O)(=O)c2ccc(F)cc2)CC1,6.8
Cn1cc(S(=O)(=O)N(CC2CC2)C2CCN(CCOc3ccccc3C(C)(C)C)CC2)cn1,6.64
C=CCN(CC=C)CCc1c[nH]c2ccc(Cl)cc12,5.73
C=CCN(CC=C)CCc1c[nH]c2ccc(F)cc12,5.61
C=CCN(CC=C)CCc1c[nH]c2ccc(C)cc12,5.29
C=CCN(CC=C)CCc1c[nH]c2ccc(Br)cc12,5.36
CN1CCc2ccccc2Cc2sc3ccccc3c2CC1,8.82
CN1CCc2ccccc2Cc2sccc2CC1,7.35
O=S(=O)(NC1CC2CCC(C1)N2CCOc1cccc(-c2ccccc2)c1)c1cccc(Cl)c1,7.03
CC(C)c1cccc(OCCN2C3CCC2CC(NS(=O)(=O)c2cccc(F)c2)C3)c1,6.7
O=S(=O)(NC1CCN(CCOc2ccccc2C2CCCC2)CC1)c1cccc(F)c1,6.49
O=C(NCCCCN1CCN(c2cccc(Cl)c2Cl)CC1)c1ccc2ccccc2c1,5.94
COc1ccccc1N1CCN(CCCCCOc2ccc3ccccc3c2)CC1,7.47
COc1ccccc1N1CCN(CCCCNC(=O)Nc2cccc(Cl)c2)CC1,7.89
COc1ccccc1N1CCN(CCCCNC(=O)C2CCCCC2)CC1,6.78
O=C(NCCCCN1CCN(c2cccc(O)c2)CC1)c1ccc2ccccc2c1,6.43
O=C(NCCCCN1CCN(c2ccc(Cl)cc2)CC1)c1ccc2ccccc2c1,4.92
O=C(NCCCCN1CCN(c2cccc3[nH]c(=O)[nH]c23)CC1)c1ccc2ccccc2c1,6.88
COc1ccccc1N1CCN(CCCCNC(=O)N2CCOCC2)CC1,6.32
O=C(NCCCCN1CCN(c2cccc(Cl)c2)CC1)c1ccc2ccccc2c1,5.48
COc1ccccc1N1CCN(CCCCNC(=O)CC2CCCCC2)CC1,6.49
O=C(NCCCCN1CCN(c2cccc3[nH]ccc23)CC1)c1ccc2ccccc2c1,7.02
CCOC(=O)Nc1cccc(N2CCN(CCCCNC(=O)c3ccc4ccccc4c3)CC2)c1,6.04
O=C(NCCCCN1CCN(c2ccccc2O)CC1)c1ccc2ccccc2c1,5.3
O=C1Cc2c(cccc2N2CCN(CCCCNC(=O)c3ccc4ccccc4c3)CC2)N1,7.28
Cc1cccc(N2CCN(CCCCNC(=O)c3ccc4ccccc4c3)CC2)c1C,6.52
O=C(NCCCCN1CCN(c2ccccc2F)CC1)c1ccc2ccccc2c1,6.51
Cc1ccccc1N1CCN(CCCCNC(=O)c2ccc3ccccc3c2)CC1,6.39
COc1ccccc1N1CCN(CCCCNC(=O)N(C)c2ccccc2)CC1,5.81
CS(=O)(=O)Nc1cccc(N2CCN(CCCCNC(=O)c3ccc4ccccc4c3)CC2)c1,7.26
O=C(NCCCCN1CCN(c2cccc(C(F)(F)F)c2)CC1)c1ccc2ccccc2c1,5.81
CC1(c2ccc(F)cc2)NC(=O)N(CC(O)CN2CCN(c3ccccc3)CC2)C1=O,5.54
Cc1ccc(N2CCN(CC(O)CN3C(=O)NC(C)(c4ccc(F)cc4)C3=O)CC2)cc1C,5.65
CC1(c2ccc(F)cc2)NC(=O)N(CC(O)CN2CCN(c3cccc(Cl)c3Cl)CC2)C1=O,6.52
CC1(c2ccc(F)cc2)NC(=O)N(CC(O)CN2CCN(C(c3ccccc3)c3ccccc3)CC2)C1=O,6.58
CC1(c2ccc(F)cc2)NC(=O)N(CC(O)CN2CCN(c3ccccc3C#N)CC2)C1=O,6.03
Cc1ccc(C)c(N2CCN(CC(O)CN3C(=O)NC(C)(c4ccc(F)cc4)C3=O)CC2)c1,5.74
COc1cccc(N2CCN(CC(O)CN3C(=O)NC(C)(c4ccc(F)cc4)C3=O)CC2)c1,5.29
CC1(c2ccc(F)cc2)NC(=O)N(CC(O)CN2CCN(c3ccc(Cl)cc3)CC2)C1=O,5.37
CC1(c2ccc(F)cc2)NC(=O)N(CC(O)CN2CCN(c3ccccc3F)CC2)C1=O,5.77
COc1ccccc1N1CCN(CC(O)CN2C(=O)NC(C)(c3ccc(F)cc3)C2=O)CC1,6.15
CC1(c2ccc(F)cc2)NC(=O)N(CC(O)CN2CCN(c3ccc(Cl)c(Cl)c3)CC2)C1=O,5.7
CC1(c2ccc(F)cc2)NC(=O)N(CC(O)CN2CCN(c3ccc(F)cc3)CC2)C1=O,5.25
CCOc1ccccc1N1CCN(CC(O)CN2C(=O)NC(C)(c3ccc(F)cc3)C2=O)CC1,6.9
CC1(c2ccc(F)cc2)NC(=O)N(CC(O)CN2CCN(c3ccc(F)cc3F)CC2)C1=O,5.17
CC1(c2ccc(F)cc2)NC(=O)N(CC(O)CN2CCN(c3ccccc3Cl)CC2)C1=O,6.08
C=CCOc1cc(F)c(F)cc1C1CC1CN,5.31
Cn1c(SCCCN2CC3CCN(c4ccc(C(F)(F)F)cc4)C3C2)nnc1-c1ccc(=O)n(C)c1,6.3
Cn1c(SCCCN2CC3CCN(c4ccccc4C#N)C3C2)nnc1-c1cnccn1,6.7
Cn1c(SCCCN2CC3CCN(c4ccc(C#N)cc4)C3C2)nnc1-c1cnccn1,5.2
Cc1ncoc1-c1nnc(SCCCN2CC3CCN(c4c(F)cccc4F)C3C2)n1C,6.3
Cn1c(SCCCN2CC3CCN(c4ccccc4OC(F)(F)F)C3C2)nnc1-c1cnccn1,7.5
Cc1ncoc1-c1nnc(SCCCN2CC3CCN(c4cccc(C#N)c4)C3C2)n1C,7.5
Cc1ncoc1-c1nnc(SCCCN2CC3CCN(c4ccccc4OC(F)(F)F)C3C2)n1C,7.7
Cn1c(SCCCN2CC3CCN(c4c(F)cccc4F)C3C2)nnc1-c1cnccn1,6.2
Cn1c(SCCCN2CC3CCN(c4ccc(C(F)(F)F)cc4)C3C2)nnc1-c1nccs1,6.8
Cn1c(SCCCN2CC3CCN(c4ccc(C(F)(F)F)cc4)C3C2)nnc1-c1cc[nH]c(=O)c1,6.2
Cc1ncoc1-c1nnc(SCCCN2CC3CCN(c4ccc(Cl)cc4Cl)C3C2)n1C,6.3
Cn1c(SCCCN2CC3CCN(c4ccccc4F)C3C2)nnc1-c1cnccn1,6.4
Cn1c(SCCCN2CC3CCN(c4ccc(F)cc4)C3C2)nnc1-c1ccn(C)c(=O)c1,6.4
Cn1c(SCCCN2CC3CCN(c4ccc(F)cc4)C3C2)nnc1-c1cnccn1,6.7
Cn1c(SCCCN2CC3CCN(c4ccccc4C(F)(F)F)C3C2)nnc1-c1ccncc1,6.6
Cn1c(SCCCN2CC3CCN(c4cccc(OC(F)(F)F)c4)C3C2)nnc1-c1cnccn1,7.0
Cc1ncoc1-c1nnc(SCCCN2CC3CCN(c4ccc(C(F)(F)F)cc4)C3C2)n1C,7.0
Cn1c(SCCCN2CC3CCN(c4cccc(C#N)c4)C3C2)nnc1-c1cnccn1,7.0
Cn1c(SCCCN2CC3CCN(c4ccc(F)cc4)C3C2)nnc1-c1cc[nH]c(=O)c1,6.2
COc1cccc(N2CCC3CN(CCCSc4nnc(-c5cnccn5)n4C)CC32)c1,6.4
Cn1c(SCCCN2CC3CCN(c4ccc(C(F)(F)F)cc4)C3C2)nnc1-c1ccc(=O)[nH]c1,6.4
Cn1c(SCCCN2CC3CCN(c4ccc(F)cc4)C3C2)nnc1C1CCOCC1,6.6
Cc1ccccc1N1CCC2CN(CCCSc3nnc(-c4cnccn4)n3C)CC21,5.5
Cn1c(SCCCN2CC3CCN(c4ccccc4C(F)(F)F)C3C2)nnc1-c1cccnc1,6.4
CC(C)Oc1ccccc1N1CCC2CN(CCCSc3nnc(-c4cnccn4)n3C)CC21,6.6
Cn1c(SCCCN2CC3CCN(c4c(F)cc(F)cc4F)C3C2)nnc1-c1cnccn1,6.2
Cn1c(SCCCN2CC3CCN(c4ccc(C(F)(F)F)cc4)C3C2)nnc1-c1ccncc1,6.4
Cn1c(SCCCN2CC3CCN(c4cccc(F)c4)C3C2)nnc1-c1cnccn1,6.6
Cn1c(SCCCN2CC3CCN(c4ccccc4C(F)(F)F)C3C2)nnc1-c1cnccn1,6.6
Cn1c(SCCCN2CC3CCN(c4ccc(C(F)(F)F)cc4)C3C2)nnc1-c1cncnc1,5.9
Cc1ncoc1-c1nnc(SCCCN2CC3CCN(c4ccccc4)C3C2)n1C,6.6
Cn1c(SCCCN2CC3CCN(c4ccc(C(F)(F)F)cc4)C3C2)nnc1C1CCCCC1,5.2
Cn1c(SCCCN2CC3CCN(c4ccc(F)cc4C(F)(F)F)C3C2)nnc1-c1cnccn1,5.9
Cn1c(SCCCN2CC3CCN(c4ccc(C(F)(F)F)cc4)C3C2)nnc1-c1ccccn1,6.4
Cn1c(SCCCN2CC3CCN(c4ccc(C(F)(F)F)cc4)C3C2)nnc1-c1cccnc1,6.1
Cn1c(SCCCN2CC3CCN(c4ccccc4)C3C2)nnc1C1CCOCC1,6.7
Cn1c(SCCCN2CC3CCN(c4ccc(C(F)(F)F)cc4)C3C2)nnc1-c1ccncn1,6.8
Cn1c(SCCCN2CC3CCN(c4ccc(C(F)(F)F)cc4)C3C2)nnc1-c1ccnnc1,6.2
Cc1ncoc1-c1nnc(SCCCN2CC3CCN(c4ccc(OC(F)(F)F)cc4)C3C2)n1C,6.2
Cn1c(SCCCN2CC3CCN(c4ccc(F)cc4F)C3C2)nnc1-c1cnccn1,6.5
Cn1c(SCCCN2CC3CCN(c4ccccc4C(F)(F)F)C3C2)nnc1-c1ccccn1,6.5
Cn1c(SCCCN2CC3CCN(c4ccc(OC(F)(F)F)cc4)C3C2)nnc1-c1cnccn1,6.5
Cc1ncoc1-c1nnc(SCCCN2CC3CCN(c4cc(Cl)cc(Cl)c4)C3C2)n1C,8.0
COc1ccccc1N1CCC2CN(CCCSc3nnc(-c4cnccn4)n3C)CC21,6.5
Cc1cccc(N2CCC3CN(CCCSc4nnc(-c5cnccn5)n4C)CC32)c1,6.5
Cn1c(SCCCN2CC3CCN(c4ccc(F)cc4)C3C2)nnc1C1CCCCC1,7.4
Cn1c(SCCCN2CC3CCN(c4c(F)cc(F)cc4F)C3C2)nnc1-c1ccn(C)c(=O)c1,6.0
Cn1c(SCCCN2CC3CCN(c4ccc(C(F)(F)F)cc4)C3C2)nnc1-c1cnccn1,6.8
Cc1ncoc1-c1nnc(SCCCN2CC3CCN(c4cccc(F)c4)C3C2)n1C,6.8
COc1cc(N2CCC3CN(CCCSc4nnc(-c5cnccn5)n4C)CC32)ccc1F,6.3
Cn1cc(-c2nnc(SCCCN3CC4CCN(c5ccc(C(F)(F)F)cc5)C4C3)n2C)cn1,6.7
Cc1ncoc1-c1nnc(SCCCN2CC3CCN(c4ccc(F)cc4)C3C2)n1C,6.9
Cc1cc(-c2nnc(SCCCN3CC4CCN(c5ccc(C(F)(F)F)cc5)C4C3)n2C)on1,6.8
Cn1c(SCCCN2CC3CCN(c4ccc(C(F)(F)F)cc4)C3C2)nnc1-c1cccnn1,6.5
Cn1c(SCCCN2CC3CCN(c4ccc(C(F)(F)F)cc4)C3C2)nnc1C1CCCC1,6.8
COc1ccc(N2CCC3CN(CCCSc4nnc(-c5cnccn5)n4C)CC32)cc1,5.8
Cc1ccc(N2CCC3CN(CCCSc4nnc(-c5cnccn5)n4C)CC32)cc1,6.2
COc1cc2c(cc1O)C1Cc3ccc(OCC4CC4)c(OC)c3CN1CC2,7.27
COc1cc2c(cc1O)C1Cc3ccc(OCCCO)c(OC)c3CN1CC2,6.68
COc1cc2c(cc1O)C(C)N(Cc1cccc(O)c1OC)CC2,5.96
CCCCCOc1ccc2c(c1OC)CN1CCc3cc(OC)c(O)cc3C1C2,6.55
CCOc1ccc2c(c1OC)CN1CCc3cc(OC)c(O)cc3C1C2,6.8
CCCOc1ccc2c(c1OC)CN1CCc3cc(OC)c(O)cc3C1C2,7.0
CCCCOc1ccc2c(c1OC)CN1CCc3cc(OC)c(O)cc3C1C2,6.92
CC(C)CS(=O)(=O)n1ccc2c(-c3ccc(C#N)cc3)cc(N3CCN(C)CC3)nc21,6.69
CCc1ccc(-c2cc(N3CCN(C)CC3)nc3c2ccn3S(=O)(=O)CC(C)C)cc1,6.21
COCCS(=O)(=O)n1ccc2c(-c3ccc(C(F)(F)F)cc3)cc(N3CCN(C)CC3)nc21,7.28
CC(C)S(=O)(=O)n1ccc2c(-c3ccc(C(F)(F)F)cc3)cc(N3CCN(C)CC3)nc21,7.6
CN1CCN(c2cc(-c3ccc(C(F)(F)F)cc3)c3ccn(S(C)(=O)=O)c3n2)CC1,5.91
CC(C)CS(=O)(=O)n1ccc2c(-c3ccc(OCc4ccccc4)cc3)cc(N3CCN(C)CC3)nc21,7.07
Cc1cc(-c2cc(N3CCN(C)CC3)nc3c2ccn3S(=O)(=O)CC(C)C)c(C)s1,6.19
CC(C)CS(=O)(=O)n1ccc2c(-c3ccc(O)cc3)cc(N3CCN(C)CC3)nc21,6.97
CC(C)CS(=O)(=O)n1ccc2c(-c3ccccc3)cc(N3CCN(C)CC3)nc21,6.26
CC(C)CS(=O)(=O)n1ccc2c(-c3ccc(C(F)(F)F)cc3)cc(N3CCN(C)CC3)nc21,6.43
COc1ccc(-c2cc(N3CCN(C)CC3)nc3c2ccn3S(=O)(=O)CC(C)C)cc1,7.66
CC(C)CS(=O)(=O)n1ccc2c(-c3ccc4[nH]ccc4c3)cc(N3CCN(C)CC3)nc21,6.42
OCc1cc(C(O)CNCCCCCCOCCCCc2ccccc2)ccc1O,4.5
CNCC(O)c1ccc(O)c(O)c1,6.04
CCC(NC(C)C)C(O)c1ccc(O)c2[nH]c(=O)ccc12,4.07
NCC(O)c1ccc(O)c(O)c1,5.89
COc1ccccc1OCCNCC(O)COc1cccc2[nH]c3ccccc3c12,7.58
COc1ccc(CC(C)NCC(O)c2ccc(O)c(NC=O)c2)cc1,4.89
COc1cc(CCNCCc2ccc(O)c3[nH]c(=O)ccc23)ccc1OCCCc1ccccc1,6.8
CC(C)NCC(O)c1ccc(O)c(O)c1,4.92
COc1cc(CCNCC(O)c2ccc(O)c3[nH]c(=O)ccc23)ccc1OCCCc1ccccc1,5.64
COc1cc(CCNCCc2ccc(O)c(O)c2)ccc1OCCCc1ccccc1,6.92
COc1ccccc1OCCNCC(O)c1ccc(O)c(O)c1,6.7
COc1cc(CCNCC(O)c2ccc(O)c3c2OCC(=O)N3)ccc1OCCCc1ccccc1,7.19
CCCn1c(=O)n2c3c(cccc31)CC(NC)C2,7.88
CCCNC1Cc2cccc3c2n(c(=O)n3CCC)C1,8.09
NC1Cc2cccc3[nH]c(=O)n(c23)C1,6.94
CCCN(CCC)C1Cc2cccc3c2n(c(=O)n3CCC)C1,8.59
CN(CCCCNC(=O)c1ccc2c(c1)Cc1ccccc1-2)C1Cc2cccc3[nH]c(=O)n(c23)C1,8.26
CN(CCCCNC(=O)c1cc2ccccc2o1)C1Cc2cccc3[nH]c(=O)n(c23)C1,7.81
CN(CCCCNC(=O)c1cc2ccccc2[nH]1)C1Cc2cccc3[nH]c(=O)n(c23)C1,8.24
CNC1Cc2cc(C#N)cc3[nH]c(=O)n(c23)C1,5.29
CCCN(CCC)C1Cc2cccc3nc(O)n(c23)C1,7.94
OC1(c2ccc(Cl)cc2)CCN(CCCc2nc3ccccc3s2)CC1,6.12
O=C1NCN(c2ccccc2)C12CCN(CCCCc1c[nH]c3ccccc13)CC2,7.66
OC1(c2ccc(Cl)cc2)CCN(CCCCc2nc3ccccc3o2)CC1,6.36
O=C1NCN(c2ccccc2)C12CCN(CCCCc1nc3ccccc3o1)CC2,8.0
O=C1NCN(c2ccccc2)C12CCN(CCCCc1nc3ccccc3s1)CC2,7.62
O=C(CCCCN1CCN(C(c2ccc(F)cc2)c2ccc(F)cc2)CC1)c1nc2ccccc2s1,6.8
O=c1[nH]c2cc(Cl)ccc2n1C1CCN(CCCCc2nc3ccccc3s2)CC1,6.67
Fc1ccc(C(c2ccc(F)cc2)N2CCN(CCCCc3nc4ccccc4s3)CC2)cc1,6.71
O=c1[nH]c2cc(Cl)ccc2n1C1CCN(CCCCc2c[nH]c3ccccc23)CC1,6.87
O=c1[nH]c2cc(Cl)ccc2n1C1CCN(CCCCc2nc3ccccc3o2)CC1,7.02
O=C(CCCN1CCc2ccccc2C1)c1ccc(O)cc1,6.44
O=C(CCCN1CCc2ccccc2C1)c1ccc(F)cc1,7.31
c1ccc2c(c1)CCN(CCCCc1c[nH]c3ccccc13)C2,6.8
O=C(CCCN1CCc2ccccc2C1)c1ccc(Cl)cc1,6.9
COc1ccc(C(=O)CCCN2CCc3ccccc3C2)cc1,6.6
N#Cc1ccc(C(=O)CCCN2CCc3ccccc3C2)cc1,5.84
Fc1ccc(OCCCN2CCc3ccccc3C2)cc1,6.78
Fc1ccc(CCCCN2CCc3ccccc3C2)cc1,6.5
[O-][S+](CCCN1CCc2ccccc2C1)c1ccc(F)cc1,6.38
NC(=O)c1ccc(C(=O)CCCN2CCc3ccccc3C2)cc1,6.66
O=C(CCCN1CCc2ccccc2C1)c1ccccc1,6.19
Fc1ccc2c(c1)CC(CCN1CCc3ccccc3C1)C2,5.94
CC(=O)c1ccc(-c2nnc(SCCCN3CCC4(CC4c4ccc(C(F)(F)F)cc4)C3)n2C)cc1,6.35
Cc1ncoc1-c1nnc(SCC(O)CN2CCC3(CC3c3ccc(C(F)(F)F)cc3)C2)n1C,5.76
Cn1c(SCCCN2CCC3(CC3c3ccc(C(F)(F)F)cc3)C2)nnc1C1CCNC(=O)C1,5.87
Cn1c(SCCCN2CCC3(CC3c3ccc(C(F)(F)F)cc3)C2)nnc1-c1ccc(CC(N)=O)cc1,6.33
Cn1c(SCCCN2CCC3(CC3c3ccc(C(F)(F)F)cc3)C2)nnc1-c1cnccn1,6.33
Cn1c(SCCCN2CCC3(CC3c3ccc(C(F)(F)F)cc3)C2)nnc1-c1ccco1,6.32
Cc1ncoc1-c1nnc(SCCCN2CCC3(CC3c3ccc(C(F)(F)F)cc3)C2)n1C,6.67
Cn1c(SCCCN2CCC3(CC3c3ccc(C(F)(F)F)cc3)C2)nnc1-c1cccnn1,5.86
Cc1ncoc1-c1nnc(SCCCN2CCC3(CC3c3ccc(C(F)(F)F)cc3F)C2)n1C,6.65
Cn1c(SCCCN2CCC3(CC3c3ccc(C(F)(F)F)cc3)C2)nnc1-c1ccc(S(N)(=O)=O)cc1,6.66
Cn1c(SCCCN2CCC3(CC3c3ccc(C(F)(F)F)cc3)C2)nnc1-c1cccnc1,6.05
Cn1c(SCCCN2CCC3(CC3c3ccc(C(F)(F)F)cc3)C2)nnc1-c1csnn1,6.93
Cn1c(SCCCN2CCC3(CC3c3ccc(C(F)(F)F)cc3)C2)nnc1-c1ccc(C(N)=O)cc1,6.45
Cn1c(SCCCN2CCC3(CC3c3ccc(C(F)(F)F)cc3)C2)nnc1-c1ccncn1,6.53
Cn1c(SCCCN2CCC3(CC3c3ccc(C(F)(F)F)cc3)C2)nnc1-c1ccnnc1,5.81
Cn1c(SCCCN2CCC3(CC3c3ccc(C(F)(F)F)cc3)C2)nnc1-c1ccc(C#N)cc1,6.46
Cn1c(SCCCN2CCC3(CC3c3ccc(C(F)(F)F)cc3)C2)nnc1-c1ccc(C(N)=O)nc1,6.26
Cn1c(SCCCN2CCC3(CC3c3ccc(C(F)(F)F)cc3)C2)nnc1-c1cccs1,6.46
Cc1ncoc1-c1nnc(SCCCN2CCC3(CC3c3ccc(F)cc3C(F)(F)F)C2)n1C,6.78
Cc1ncoc1-c1nnc(SCCCN2CCC3(CC3c3ccccc3)C2)n1C,6.29
Cn1c(SCCCN2CCC3(CC3c3ccc(C(F)(F)F)cc3)C2)nnc1-c1ccccc1C(N)=O,7.4
Cn1c(SCCCN2CCC3(CC3c3ccc(C(F)(F)F)cc3)C2)nnc1C1CCN(C(N)=O)CC1,6.0
Cn1c(SCCCN2CCC3(CC3c3ccc(C(F)(F)F)cc3)C2)nnc1C1=CCC(=O)N=C1,6.47
Cn1c(SCCCN2CCC3(CC3c3ccc(C(F)(F)F)cc3)C2)nnc1-c1ccc(C#N)nc1,6.16
Cc1cc(-c2nnc(SCCCN3CCC4(CC4c4ccc(C(F)(F)F)cc4)C3)n2C)on1,6.28
Cn1c(SCCCN2CCC3(CC3c3ccc(C(F)(F)F)cc3)C2)nnc1-c1cccnc1C(F)(F)F,6.02
Cn1c(SCCCN2CCC3(CC3c3ccc(F)cc3F)C2)nnc1-c1cccnc1,6.28
Cn1c(SCCCN2CCC3(CC3c3ccc(C(F)(F)F)cc3)C2)nnc1-c1ccsc1,6.48
Cn1c(SCCCN2CCC3(CC3c3ccccc3)C2)nnc1-c1cccnc1,5.48
Cc1ncoc1-c1nnc(SCCCCN2CCC3(CC3c3ccc(C(F)(F)F)cc3)C2)n1C,6.01
Cn1c(SCCCN2CCC3(CC3c3ccc(C(F)(F)F)cc3)C2)nnc1-c1ccccn1,6.28
Cc1ncoc1-c1nnc(SCCCN2CCC3(CC3c3ccccc3C(F)(F)F)C2)n1C,7.2
Cn1c(SCCCN2CCC3(CC3c3ccc(F)cc3)C2)nnc1-c1cccnc1,6.18
Cn1c(SCCCN2CCC3(CC3c3ccc(C(F)(F)F)cc3)C2)nnc1-c1ccc(-c2ncco2)cc1,6.44
Cn1c(SCCCN2CCC3(CC3c3ccc(C(F)(F)F)cc3)C2)nnc1C1CCCCC1,6.23
Cn1c(SCCCN2CCC3(CC3c3ccc(C(F)(F)F)cc3)C2)nnc1C1CC2CCC(C1)O2,6.13
Cn1c(SCCCN2CCC3(CC3c3ccc(C(F)(F)F)cc3)C2)nnc1-c1nccs1,6.37
Cn1c(SCCCN2CCC3(CC3c3ccc(C(F)(F)F)cc3)C2)nnc1-c1ccn(C)c(=O)c1,5.65
Cn1c(SCCCN2CCC3(CC3c3ccc(C(F)(F)F)cc3)C2)nnc1-c1ccoc1,6.3
Cc1ncoc1-c1nnc(SCCCN2CCC3(CC3c3ccc(F)cc3)C2)n1C,6.62
Cn1c(SCCCN2CCC3(CC3c3ccc(C(F)(F)F)cc3)C2)nnc1-c1cccc(C(N)=O)c1,6.2
Cn1c(SCCCN2CCC3(CC3c3ccc(C(F)(F)F)cc3)C2)nnc1C1CCOCC1,6.09
Cc1ccc(-c2nnc(SCCCN3CCC4(CC4c4ccc(C(F)(F)F)cc4)C3)n2C)c(C)n1,5.91
Cn1c(SCCCN2CCC3(CC3c3ccc(C(F)(F)F)cc3)C2)nnc1C1=CC=NC(=O)C1,5.84
Cn1nccc1-c1nnc(SCCCN2CCC3(CC3c3ccc(C(F)(F)F)cc3)C2)n1C,6.07
Cc1ncoc1-c1nnc(SCCCN2CCC3(CC3c3cc(Cl)cc(Cl)c3)C2)n1C,7.21
Cn1c(SCCCN2CCC3(CC3c3ccc(C(F)(F)F)cc3)C2)nnc1-c1ccncc1,6.21
Cc1ncsc1-c1nnc(SCCCN2CCC3(CC3c3ccc(C(F)(F)F)cc3)C2)n1C,5.91
Cc1nc(C(=O)O)ccc1-c1nnc(SCCCN2CCC3(CC3c3ccc(C(F)(F)F)cc3)C2)n1C,5.12
Cc1ncoc1-c1nnc(SCCN2CCC3(CC3c3ccc(C(F)(F)F)cc3)C2)n1C,6.29
Cn1c(SCCCN2CCC3(CC3c3ccc(C(F)(F)F)cc3F)C2)nnc1-c1cccnc1,6.14
Cn1c(SCCCN2CCC3(CC3c3ccc(C(F)(F)F)cc3)C2)nnc1-c1ccc(=O)n(C)c1,6.06
Cn1c(SCCCN2CCC3(CC3c3ccc(C(F)(F)F)cc3)C2)nnc1-c1cccc(-c2ncco2)c1,6.3
COc1ncccc1-c1nnc(SCCCN2CCC3(CC3c3ccc(C(F)(F)F)cc3)C2)n1C,5.94
Cn1cc(-c2nnc(SCCCN3CCC4(CC4c4ccc(C(F)(F)F)cc4)C3)n2C)cn1,6.27
Cc1ncoc1-c1nnc(SCCCN2CCC3(CC3c3ccc(F)cc3F)C2)n1C,6.59
Cc1ncccc1-c1nnc(SCCCN2CCC3(CC3c3ccc(C(F)(F)F)cc3)C2)n1C,5.83
COc1ccc(-c2cc(F)ccc2N2CCN(CCCCCC(=O)NCc3ccc(C#N)cc3)CC2)cc1,6.28
N#Cc1ccc(CNC(=O)CCOCCN2CCN(c3ncccc3-c3ccc(F)cc3)CC2)cc1,6.16
N#Cc1ccc(CNC(=O)CCOCCN2CCN(c3cccnc3-c3ccccc3)CC2)cc1,5.36
O=C(CCOCCN1CCN(c2cccnc2-c2ccc(F)cc2)CC1)NCc1ccc(C(F)(F)F)cc1,5.46
N#Cc1ccc(CNC(=O)CCOCCN2CCN(c3cccnc3-c3ccc(F)cc3)CC2)cc1,5.71
CN(C)Cc1ccc(CNC(=O)CCCCCN2CCN(c3ccccc3-c3ccccc3)CC2)cc1,7.12
O=C(CCCCCN1CCN(c2ccccc2-c2ccccc2)CC1)NCc1ccc(OCCN2CCOCC2)cc1,6.87
N#Cc1ccc(CNC(=O)CCOCCN2CCN(c3ncccc3-c3ccccc3)CC2)cc1,6.27
N#Cc1ccc(CNC(=O)CCOCCN2CCN(c3ccccc3-c3ccccc3)CC2)cc1,6.2
COCOc1ccc(CNC(=O)CCCCCN2CCN(c3ccccc3-c3ccc(OC)cc3)CC2)cc1,6.49
COc1ccc(-c2ccccc2N2CCN(CCCCCC(=O)NCc3ccc(OCCCN4CCOCC4)cc3)CC2)cc1,6.58
CC1CN(c2ccccc2-c2ccccc2)CCN1CCCCCC(=O)NCc1ccccc1,6.75
COc1ccc(-c2ccccc2N2CCN(CCCCCC(=O)NC(C)c3ccccc3)CC2)cc1,6.75
COc1ccc(-c2ccccc2N2CCN(CCCCCC(=O)NCc3ccc(OCCO)cc3)CC2)cc1,6.38
O=C(CCOCCN1CCN(c2cccnc2-c2ccccc2)CC1)NCc1ccc(C(F)(F)F)cc1,5.56
COc1ccc(-c2ccccc2N2CCN(CCCCCC(=O)NCc3ccc(C#N)cc3)CC2)cc1,6.53
N#Cc1ccc(CNC(=O)CCCCCN2CCN(c3ccc(F)cc3-c3ccc(C#N)cc3)CC2)cc1,5.86
COCOc1ccc(CNC(=O)CCCCCN2CCN(c3ccccc3-c3ccccc3)CC2)cc1,7.44
O=C(CCOCCN1CCN(c2ncccc2-c2ccccc2)CC1)NCc1ccc(C(F)(F)F)cc1,6.57
COc1ccc(-c2ccccc2N2CCN(CCCCCC(=O)NC(C)c3ccc(C#N)cc3)CC2)cc1,6.61
COc1ccc(-c2ccccc2N2CCN(CCCCCC(=O)NCc3ccc(OCCN4CCOCC4)cc3)CC2)cc1,6.43
O=C(CCCCCN1CCN(c2ccccc2-c2ccccc2)CC1)NCc1ccc(OCCCN2CCOCC2)cc1,7.19
O=C(CCOCCN1CCN(c2ccccc2-c2ccccc2)CC1)NCc1ccncc1,5.61
CC(NC(=O)CCCCCN1CCN(c2ccccc2-c2ccccc2)CC1)c1ccccc1,7.28
O=C(CCOCCN1CCN(c2ccccc2-c2ccccc2)CC1)NCc1ccc(C(F)(F)F)cc1,6.46
O=C(CCOCCN1CCN(c2ncccc2-c2ccc(F)cc2)CC1)NCc1ccc(C(F)(F)F)cc1,6.41
Clc1ccc2sc(CCCCN3CCc4ccccc4C3)nc2c1,6.86
Clc1ccc2sc(CCCCN3CCc4c(Cl)cccc4C3)nc2c1,6.07
O=C1c2ccc(Cl)cc2CC1CCN1CCc2ccccc2C1,6.02
O=C1Cc2cc(C(=O)CCCN3CCc4ccccc4C3)ccc2N1,5.27
O=C(CCCN1CCCc2ccccc2C1)c1ccc(Cl)cc1,5.45
O=C1c2ccccc2CC1CCN1CCc2ccccc2C1,5.59
Clc1ccc2sc(CCCCN3CCC4CCCCC4C3)nc2c1,5.96
Clc1cccc2c1CN(CCCCc1nc3ccccc3s1)CC2,6.57
O=C1c2ccc(F)cc2CC1CCN1CCc2ccccc2C1,6.12
O=C(CCCN1CCc2ccccc2CC1)c1ccc(Cl)cc1,5.93
CC1(C)CC(=O)N(CCCCN2Cc3ccccc3C2)C(=O)C1,5.53
CCCCN1C2CCC1CC(OC(c1ccc(F)cc1)c1ccc(F)cc1)C2,7.17
CC(O)CN1CCN(CC[S+]([O-])C(c2ccc(F)cc2)c2ccc(F)cc2)CC1,6.53
CC(O)CN1CCN(CCSC(c2ccc(F)cc2)c2ccc(F)cc2)CC1,6.16
CNCC1Cc2cc3ccn(S(=O)(=O)c4cccc5ccccc45)c3cc21,5.6
CNC1c2cc3c(ccn3S(=O)(=O)c3ccccc3)cc2C1CCO,5.2
CNCC1Cc2ccc3c(ccn3S(=O)(=O)c3cccc4ccccc34)c21,6.0
CNC1c2c(ccc3c2ccn3S(=O)(=O)c2ccccc2)C1CCO,4.8
O=C(Nc1ccccc1)NC1CCC(CCN2CCN(c3nsc4ccccc34)CC2)CC1,9.2
O=S(=O)(NC1CCC(CCN2CCN(c3nsc4ccccc34)CC2)CC1)c1cccs1,9.37
O=C(NC1CCC(CCN2CCN(c3nsc4ccccc34)CC2)CC1)N1CCOCC1,8.66
CCCS(=O)(=O)NC1CCC(CCN2CCN(c3nsc4ccccc34)CC2)CC1,8.72
O=C(NC1CCC(CCN2CCN(c3nsc4ccccc34)CC2)CC1)c1cc2ccccc2[nH]1,9.37
O=C(c1ccco1)N1CCC(CCN2CCN(c3nsc4ccccc34)CC2)CC1,7.82
O=C(NCC1CCC(CN2CCN(c3nsc4ccccc34)CC2)CC1)c1ccco1,8.05
CCOC(=O)N1CCC(CCN2CCN(c3nsc4ccccc34)CC2)CC1,8.0
O=C(NC1CCC(CCN2CCN(c3nsc4ccccc34)CC2)CC1)c1cccnc1,9.07
O=C(NC1CCC(CCN2CCN(c3nsc4ccccc34)CC2)CC1)C(F)(F)F,8.77
Cc1ccc(S(=O)(=O)NC2CCC(CCN3CCN(c4nsc5ccccc45)CC3)CC2)cc1,9.38
CS(=O)(=O)NC1CCC(CCN2CCN(c3nsc4ccccc34)CC2)CC1,8.05
CCCC(=O)NC1CCC(CCN2CCN(c3nsc4ccccc34)CC2)CC1,8.55
O=S(=O)(NC1CCC(CCN2CCN(c3nsc4ccccc34)CC2)CC1)c1cccnc1,9.46
O=C(NCc1ccccc1)NC1CCC(CCN2CCN(c3nsc4ccccc34)CC2)CC1,8.85
O=C(NC1CCC(CCN2CCN(c3nsc4ccccc34)CC2)CC1)c1ccccc1,9.48
CCOC(=O)NC1CCC(CCN2CCN(c3nsc4ccccc34)CC2)CC1,9.15
O=C(NCC1CCC(CN2CCN(c3nsc4cc(Cl)ccc34)CC2)CC1)c1ccco1,8.68
O=C(NC1CCC(CCN2CCN(c3nsc4ccccc34)CC2)CC1)c1ccc[nH]1,9.68
O=C(NC1CCC(CCN2CCN(c3nsc4ccccc34)CC2)CC1)C1CC1,9.07
O=C(NC1CCC(CCN2CCN(c3nsc4ccccc34)CC2)CC1)c1cccs1,9.72
CN(C(=O)NC1CCC(CCN2CCN(c3nsc4ccccc34)CC2)CC1)c1ccccc1,8.62
O=C(Nc1cccnc1)NC1CCC(CCN2CCN(c3nsc4ccccc34)CC2)CC1,9.29
CCN(C)C(=O)NC1CCC(CCN2CCN(c3nsc4ccccc34)CC2)CC1,9.29
O=C(NC1CCC(CCN2CCN(c3nsc4ccccc34)CC2)CC1)C1CCCCC1,9.03
NC1CCC(CCN2CCN(c3nsc4ccccc34)CC2)CC1,8.34
CN(C)C(=O)NC1CCC(CCN2CCN(c3nsc4ccccc34)CC2)CC1,9.28
O=C(NC1CCC(CCN2CCN(c3nsc4ccccc34)CC2)CC1)c1ccco1,8.54
O=C(NC1CCC(CCN2CCN(c3nsc4cc([N+](=O)[O-])ccc34)CC2)CC1)c1ccco1,7.58
COCC(=O)NC1CCC(CCN2CCN(c3nsc4ccccc34)CC2)CC1,8.02
CCC(=O)NC1CCC(CCN2CCN(c3nsc4ccccc34)CC2)CC1,7.75
CCCOc1c(O)cc(Br)c2c1CN1CCc3cc(OC)c(O)cc3C1C2,7.16
CCCCOc1c(O)cc(Br)c2c1CN1CCc3cc(OC)c(O)cc3C1C2,6.97
COCCOc1c(O)ccc2c1CN1CCc3cc(OC)c(O)cc3C1C2,7.75
CCCOc1c(O)ccc2c1CN1CCc3cc(OC)c(O)cc3C1C2,7.39
CCCCCOc1c(O)cc(Br)c2c1CN1CCc3cc(OC)c(O)cc3C1C2,6.4
CCCCCCOc1c(O)cc(Br)c2c1CN1CCc3cc(OC)c(O)cc3C1C2,6.14
CCC(C)Oc1c(O)cc(Br)c2c1CN1CCc3cc(OC)c(O)cc3C1C2,6.48
CCC(C)Oc1c(O)ccc2c1CN1CCc3cc(OC)c(O)cc3C1C2,6.98
CCCCCOc1c(O)ccc2c1CN1CCc3cc(OC)c(O)cc3C1C2,7.64
CN(C)CC1=CC2=CN(S(=O)(=O)c3ccccc3)C3=CC=CC(O1)C23,5.17
CCN(CC)CC1=Cc2cn(S(=O)(=O)c3ccccc3)c3cccc(c23)O1,5.36
COc1cc2c(cc1O)CCN1Cc3c(ccc(OC)c3OC)CC21,7.37
O=C1COc2ccccc2N1CCCN1CCN(c2cccc(Cl)c2Cl)CC1,6.56
O=C(Cc1ccccc1)NC1CCN(CCCN2C(=O)COc3ccccc32)CC1,6.08
O=C1COc2ccccc2N1CCCN1CCN(c2nsc3ccccc23)CC1,7.75
COc1ccccc1N1CCN(CCCN2C(=O)COc3ccccc32)CC1,7.37
O=C1COc2ccccc2N1CCCN1CCN(c2cccc3[nH]c(=O)oc23)CC1,8.77
O=C1COc2ccccc2N1CCCN1CCC(c2noc3cc(F)ccc23)CC1,8.49
COc1ccccc1N1CCN(CCCC(=O)Nc2ccn3nccc3c2)CC1,7.34
COc1ccccc1N1CCN(CCCCOc2ccn3nc(C=NO)cc3c2)CC1,8.48
COc1ccccc1N1CCN(CCCCOc2ccn3nccc3c2)CC1,7.75
O=C(CCCN1CCN(c2cccc(Cl)c2Cl)CC1)Nc1ccn2nccc2c1,8.09
COc1ccccc1N1CCN(CCCCOc2ccc3c(C=NO)cnn3c2)CC1,8.38
CCCN(CCCCOc1ccn2ncc(C=O)c2c1)C1CCc2c(O)cccc2C1,8.64
COc1ccccc1N1CCN(CCCCOc2ccn3ncc(C=O)c3c2)CC1,8.74
COc1ccccc1N1CCN(CCCCOc2ccc3ccnn3c2)CC1,8.74
N#Cc1cnn2ccc(NC(=O)CCCN3CCN(c4cccc(Cl)c4Cl)CC3)cc12,9.04
CCCN(CCCCOc1ccc2c(C=O)cnn2c1)C1CCc2c(O)cccc2C1,8.62
CCOC(=O)c1cc2cc(OCCCCN3CCN(c4ccccc4OC)CC3)ccn2n1,8.09
O=C(CCCN1CCN(c2cccc(Cl)c2Cl)CC1)Nc1ccn2ncc(C=NO)c2c1,9.24
CCCN(CCCCOc1ccc2ccnn2c1)C1CCc2c(O)cccc2C1,9.2
CCCN(CCCCOc1ccc2c(C=NO)cnn2c1)C1CCc2c(O)cccc2C1,8.6
CCCN(CCCCOc1ccn2ncc(C=NO)c2c1)C1CCc2c(O)cccc2C1,8.66
CCCN(CCCCOc1ccn2nccc2c1)C1CCc2c(O)cccc2C1,8.68
COc1ccccc1N1CCN(CCCCOc2ccn3nc(CO)cc3c2)CC1,8.22
COc1ccccc1N1CCN(CCCCOc2ccc3c(C=O)cnn3c2)CC1,8.11
COc1ccccc1N1CCN(CCCCOc2ccn3ncc(C=NO)c3c2)CC1,9.8
COc1ccccc1N1CCN(CCCCOc2ccn3nc(C#N)cc3c2)CC1,7.92
COc1ccccc1N1CCN(CCCCOc2ccn3ncc(C#N)c3c2)CC1,9.6
COc1ccccc1N1CCN(CCCC(=O)Nc2ccn3ncc(C=O)c3c2)CC1,8.85
COc1ccccc1N1CCN(CCCC(=O)Nc2ccn3ncc(C=NO)c3c2)CC1,9.01
COc1ccccc1N1CCN(CCCC(=O)Nc2ccn3ncc(C#N)c3c2)CC1,8.96
COc1ccccc1N1CCN(CCCCOc2ccn3nc(C=O)cc3c2)CC1,8.29
O=Cc1cnn2ccc(NC(=O)CCCN3CCN(c4cccc(Cl)c4Cl)CC3)cc12,9.52
CNC1Cc2cccc3c2n(c(=O)n3CCCCCCCCOCCCCc2ccccc2)C1,7.41
CCCN(CCCCNC(=O)c1cc2ccccc2[nH]1)C1Cc2cccc3c2n(c(=O)n3CCC)C1,8.07
CNC1Cc2cccc3c2n(c(=O)n3CCOCCOCCOCCCCc2ccccc2)C1,7.46
CNC1Cc2cccc3c2n(c(=O)n3CCCCOc2ccc3c(c2)NC(=O)CC3)C1,6.47
CNC1Cc2cccc3c2n(c(=O)n3CCCCCCOCCCCc2ccccc2)C1,7.22
CNC1Cc2cccc3c2n(c(=O)n3CCOCCOCCOCCOc2ccc3c(c2)NC(=O)CC3)C1,6.51
CCCn1c(=O)n2c3c(cccc31)CC(N(C)CCCCNC(=O)c1cc3ccccc3[nH]1)C2,7.66
CNC1Cc2cccc3c2n(c(=O)n3CCCCCCCCCCCCOCCCCc2ccccc2)C1,6.91
CCCN(CCC)C1Cc2cccc3c2n(c(=O)n3CCCCNC(=O)c2cc3ccccc3[nH]2)C1,7.06
CCCNC1Cc2cccc3c2n(c(=O)n3CCCCCCOCCCCc2ccccc2)C1,7.26
CN(CCCCOc1ccc2c(c1)NC(=O)CC2)C1Cc2cccc3[nH]c(=O)n(c23)C1,7.4
CNC1Cc2cccc3c2n(c(=O)n3CCCCCCCCCCCCOc2ccc3c(c2)NC(=O)CC3)C1,6.55
CNC1Cc2cccc3c2n(c(=O)n3CCCCCCCCCCOCCCCc2ccccc2)C1,7.62
CNC1Cc2cccc3c2n(c(=O)n3CCOCCOCCCCc2ccccc2)C1,6.96
CCCNC1Cc2cccc3c2n(c(=O)n3CCCCNC(=O)c2cc3ccccc3[nH]2)C1,7.73
O=c1ccc2c(N3CCN(CCCCOc4ccn5nccc5c4)CC3)ccc(O)c2o1,7.4
CCCCn1cc(CCCOc2ccc(C(=O)NCCCN3CCCN(c4ccc(O)c5[nH]c(=O)ccc45)CC3)cc2OC)nn1,6.46
O=C1CCc2ccc(OCCCCN3CCN(c4ccc(O)c5[nH]c(=O)ccc45)CC3)cc2N1,9.05
O=C1COc2c(N3CCN(CCCCOc4ccn5nccc5c4)CC3)ccc(O)c2N1,8.7
O=C1CCc2ccc(OCCCCN3CCCN(c4ccc(O)c5c4OCC(=O)N5)CC3)cc2N1,8.8
O=C1CCc2ccc(OCCCCN3CCN(c4ccc(O)c5oc(=O)ccc45)CC3)cc2N1,8.32
O=C1CCc2ccc(OCCCCN3CCN(c4ccc(O)c5ncccc45)CC3)cc2N1,8.47
Oc1ccc(N2CCN(CCCCOc3ccn4nccc4c3)CC2)c2c1OCCO2,6.96
O=C1CCc2ccc(OCCCCN3CCCN(c4ccc(O)c5[nH]c(=O)ccc45)CC3)cc2N1,8.8
Oc1ccc(N2CCN(CCCCOc3ccn4nccc4c3)CC2)c2cccnc12,7.48
CCCCn1cc(CCCOc2ccc(C(=O)NCCCCN3CCCN(c4ccc(O)c5[nH]c(=O)ccc45)CC3)cc2OC)nn1,6.7
O=c1ccc2c(N3CCCN(CCCCOc4ccn5nccc5c4)CC3)ccc(O)c2[nH]1,7.11
O=C1CCc2ccc(OCCCCN3CCN(c4ccc(O)c5c4OCC(=O)N5)CC3)cc2N1,9.06
O=C1CCc2ccc(OCCCCN3CCN(c4ccc(O)c5c4OCCO5)CC3)cc2N1,8.54
O=C1CCc2ccc(OCCCCN3CCCN(c4ccc(O)c5oc(=O)ccc45)CC3)cc2N1,7.0
O=c1ccc2c(N3CCN(CCCCOc4ccn5nccc5c4)CC3)ccc(O)c2[nH]1,8.08
Cn1c(SCCCN2CCC3(CC2)CCN(c2ccccn2)CC3)nnc1-c1ccccc1,4.08
COc1ccccc1N1CC2(CCN(CCCSc3nnc(-c4ccccc4)n3C)CC2)C1,4.42
Cn1c(SCCCN2CCC3(CC2)CCN(c2cccc(C#N)c2)CC3)nnc1-c1ccccc1,4.24
Cn1c(SCCCN2CCC3(CC2)CCN(c2ccc(F)cc2)CC3)nnc1-c1ccccc1,5.01
COc1ccccc1N1CCC2(CCN(CCCSc3nnc(-c4ccccc4)n3C)CC2)CC1,4.96
COc1ccccc1N1CCC2(CCN(CCCSc3nnc(-c4ccccc4)n3C)C2)C1,5.2
COc1ccccc1N1CCN(CCCSc2nnc(-c3ccccc3)n2C)CC1,6.58
Cn1c(SCCCN2CCC3(CC2)CCN(c2cccc(Cl)c2Cl)CC3)nnc1-c1ccccc1,5.12
COc1ccccc1N1CCC2(CN(CCCSc3nnc(-c4ccccc4)n3C)C2)C1,4.22
COc1ccccc1N1CCC2(CCN(CCCSc3nnc(-c4ccccc4)n3C)CC2)C1,5.21
COc1ccccc1N1CCC12CCN(CCCSc1nnc(-c3ccccc3)n1C)CC2,4.53
O=S(=O)(c1cccc2ncccc12)N1CCC(CCN2CCN(c3cccc(C(F)(F)F)c3)CC2)CC1,6.83
O=S(=O)(c1cccc2ncccc12)N1CCC(CCN2CCN(c3ccc(F)cc3)CC2)CC1,6.65
O=S(=O)(c1cccc2ncccc12)N1CCC(CCN2CCN(c3cccc(Cl)c3Cl)CC2)CC1,7.44
O=S(=O)(c1cccc2ncccc12)N1CCC(CCN2CCN(c3cccc(F)c3)CC2)CC1,5.74
O=S(=O)(c1cncc2ccccc12)N1CCC(CCN2CCN(c3cccc(Cl)c3Cl)CC2)CC1,7.52
O=S(=O)(c1cncc2ccccc12)N1CCC(CCN2CCN(c3cccc(C(F)(F)F)c3)CC2)CC1,6.83
O=S(=O)(c1cncc2ccccc12)N1CCC(CCN2CCN(c3cccc(Cl)c3)CC2)CC1,7.43
O=S(=O)(c1cccc2ncccc12)N1CCC(CCN2CCN(c3ccc(Cl)c(Cl)c3)CC2)CC1,6.92
O=S(=O)(c1cccc2ncccc12)N1CCC(CCN2CCN(c3ccc(Cl)cc3)CC2)CC1,6.85
O=S(=O)(c1cncc2ccccc12)N1CCC(CCN2CCN(c3ccccc3)CC2)CC1,5.91
O=S(=O)(c1cncc2ccccc12)N1CCC(CCN2CCN(c3cccc(F)c3)CC2)CC1,6.0
O=S(=O)(c1cccc2ncccc12)N1CCC(CCN2CCN(c3ccccc3)CC2)CC1,5.91
O=S(=O)(c1cccc2ncccc12)N1CCC(CCN2CCN(c3cccc(Cl)c3)CC2)CC1,7.12
c1ccc(CCC2CN(Cc3c[nH]c4ccccc34)CCO2)cc1,5.89
O=C1COc2cc(CN3CCN(c4ccc(Cl)cc4)CC3)ccc2N1,6.38
Clc1ccc(N2CCN(CC3CC3c3ccccc3)CC2)cc1Cl,7.03
Cc1ccc(N2CCN(CCC3C(=O)Nc4ccccc43)CC2)cc1C,5.74
Fc1ccc(N2CCN(CCC3OCCc4ccccc43)CC2)cc1,6.7
CN1C(=O)C(N2CCN(Cc3ccc(Cl)cc3)CC2)Cc2ccccc21,6.88
c1ccc(OCC2CN(Cc3c[nH]c4ccccc34)CCO2)cc1,6.4
COc1ccc(Cl)cc1OCC1CN(Cc2ccc(Cl)cc2)CCO1,6.88
Cc1ccc(CN2CCN(CC(=O)N3c4ccccc4CC3C)CC2)cc1,6.95
O=S(=O)(NCCN1CC=C(c2c[nH]c3ccc(F)cc23)CC1)c1ccc2ccccc2c1,7.85
O=S(=O)(NCCCCN1CC=C(c2c[nH]c3ccc(F)cc23)CC1)c1ccc2ccccc2c1,9.52
O=S(=O)(NCCCCN1CC=C(c2c[nH]c3ccc(Cl)cc23)CC1)c1ccc(Cl)cc1,8.35
Cc1cccc(S(=O)(=O)NCCN2CC=C(c3c[nH]c4ccc(F)cc34)CC2)c1,7.7
O=S(=O)(NCCN1CC=C(c2c[nH]c3ccc(Cl)cc23)CC1)c1ccc(Cl)cc1,7.96
O=S(=O)(NCCN1CC=C(c2c[nH]c3ccc(Cl)cc23)CC1)c1ccc(F)cc1,8.0
O=S(=O)(NCCCCN1CC=C(c2c[nH]c3ccc(Cl)cc23)CC1)c1ccc(F)cc1,8.36
O=S(=O)(NCCCN1CC=C(c2c[nH]c3ccc(Cl)cc23)CC1)c1ccc2ccccc2c1,8.43
Cc1[nH]c2ccc(Cl)cc2c1C1=CCN(CCCNS(=O)(=O)c2ccc3ccccc3c2)CC1,7.0
Cc1cccc(S(=O)(=O)NCCCN2CC=C(c3c[nH]c4ccc(Cl)cc34)CC2)c1,8.26
Cc1cccc(S(=O)(=O)NCCCN2CC=C(c3c(C)[nH]c4ccc(Cl)cc34)CC2)c1,7.17
O=S(=O)(NCCN1CC=C(c2c[nH]c3ccc(Cl)cc23)CC1)c1cccc(Cl)c1,7.64
Cc1cccc(S(=O)(=O)NCCCCN2CC=C(c3c[nH]c4ccc(F)cc34)CC2)c1,8.52
O=S(=O)(NCCCN1CC=C(c2c[nH]c3ccc(Cl)cc23)CC1)c1cccc(O)c1,8.59
O=S(=O)(NCCCCN1CC=C(c2c[nH]c3ccc(Cl)cc23)CC1)c1ccc2ccccc2c1,8.59
O=S(=O)(NCCCN1CC=C(c2c[nH]c3ccc(Cl)cc23)CC1)c1cccc2ccccc12,8.55
O=S(=O)(NCCCN1CC=C(c2c[nH]c3ccc(Cl)cc23)CC1)c1cccc(Cl)c1,8.25
O=S(=O)(NCCCCN1CC=C(c2c[nH]c3ccc(Cl)cc23)CC1)c1cccc2ccccc12,8.64
O=S(=O)(NCCN1CC=C(c2c[nH]c3ccc(Cl)cc23)CC1)c1cccc(O)c1,8.82
O=S(=O)(NCCCN1CC=C(c2c[nH]c3ccc(Cl)cc23)CC1)c1ccc(Cl)cc1,8.57
Cc1[nH]c2ccc(Cl)cc2c1C1=CCN(CCNS(=O)(=O)c2ccc3ccccc3c2)CC1,6.75
Cc1cccc(S(=O)(=O)NCCCCN2CC=C(c3c(C)[nH]c4ccc(Cl)cc34)CC2)c1,7.25
O=S(=O)(NCCN1CC=C(c2c[nH]c3ccc(Cl)cc23)CC1)c1ccc2ccccc2c1,7.36
Cc1[nH]c2ccc(Cl)cc2c1C1=CCN(CCCCNS(=O)(=O)c2ccc3ccccc3c2)CC1,7.0
O=S(=O)(NCCCCN1CC=C(c2c[nH]c3ccc(Cl)cc23)CC1)c1cccc(F)c1,8.74
O=S(=O)(NCCCN1CC=C(c2c[nH]c3ccc(F)cc23)CC1)c1ccc2ccccc2c1,9.15
Cc1cccc(S(=O)(=O)NCCN2CC=C(c3c(C)[nH]c4ccc(Cl)cc34)CC2)c1,6.46
O=S(=O)(NCCCCN1CC=C(c2c[nH]c3ccc(Cl)cc23)CC1)c1cccc(O)c1,8.6
O=S(=O)(NCCCCN1CC=C(c2c[nH]c3ccc(Cl)cc23)CC1)c1cccc(Cl)c1,9.0
O=S(=O)(NCCN1CC=C(c2c[nH]c3ccc(Cl)cc23)CC1)c1cccc2ccccc12,7.43
O=S(=O)(NCCCN1CC=C(c2c[nH]c3ccc(Cl)cc23)CC1)c1cccc(F)c1,8.77
O=S(=O)(NCCN1CC=C(c2c[nH]c3ccc(Cl)cc23)CC1)c1cccc(F)c1,8.62
Cc1cccc(S(=O)(=O)NCCCCN2CC=C(c3c[nH]c4ccc(Cl)cc34)CC2)c1,8.6
COCOc1ccccc1OCCNCC1COCC(c2ccccc2)(c2ccccc2)O1,6.98
Oc1ccccc1OCCNCC1COCC(c2ccccc2)(c2ccccc2)O1,7.81
COc1ccccc1OCCNCC1COCC(c2ccccc2)(c2ccccc2)O1,7.91
O=C(NCCN1CCC(O)(c2ccc(Cl)cc2)CC1)NCCN1C(=O)C=CC1=O,5.82
[N-]=[N+]=NCCSSCCn1cc(C(=O)CCCN2CCC(O)(c3ccc(Cl)cc3)CC2)nn1,6.85
COc1cc(CCN2CCC(O)(c3ccc(Cl)cc3)CC2)ccc1OCCSSCCN,5.82
O=C(CCCN1CCC(O)(c2ccc(Cl)cc2)CC1)c1ccc(OCCSSCCO)cc1,7.14
COc1cc(CCN2CCC(O)(c3ccc(Cl)cc3)CC2)ccc1OCCCSSCCN,6.03
ON=Cc1cnn2ccc(OCCCCN3CCN(c4ccc(O)c5c4OCCO5)CC3)cc12,8.96
O=Cc1cnn2ccc(OCCCCN3CCN(c4ccc(O)c5[nH]c(=O)ccc45)CC3)cc12,9.24
CN1CCN(c2ccc(O)c3c2OCC(=O)N3)CC1,6.7
CCCN1CCN(c2ccc(O)c3c2OCCO3)CC1,5.24
CN1CCN(c2ccc(O)c3c2OCCO3)CC1,5.82
CCCN1CCCN(c2ccc(O)c3c2OCC(=O)N3)CC1,7.25
O=C1COc2c(N3CCNCC3)ccc(O)c2N1,5.75
O=c1ccc2c(N3CCN(CCCCOc4ccn5ncc(C=NO)c5c4)CC3)ccc(O)c2[nH]1,9.27
O=C1COc2c(N3CCCNCC3)ccc(O)c2N1,5.05
CCCN1CCN(c2ccc(O)c3c2OCC(=O)N3)CC1,7.46
CN1CCCN(c2ccc(O)c3c2OCC(=O)N3)CC1,5.47
Oc1ccc(N2CCNCC2)c2c1OCCO2,5.22
O=C1CCc2ccccc2N1CCCN1CCC(Cc2ccccc2)CC1,6.04
O=C1CCc2ccccc2N1CCCN1CCN(c2ccccc2)CC1,5.96
CC1CCN(CCCN2C(=O)CCc3ccccc32)CC1,5.35
O=C1CCc2ccccc2N1CCCN1CCC(CCc2ccccc2)CC1,6.54
CCCCN1CCN(CCCN2C(=O)CCc3ccccc32)CC1,5.29
CCCCCC1CCN(CCCN2C(=O)CCc3ccccc32)CC1,6.28
CCCCC1CCN(CCCN2C(=O)CCc3ccccc32)CC1,6.17
CCCC1CCN(CCCN2C(=O)CCc3ccccc32)CC1,6.04
O=C1CCc2ccccc2N1CCCN1CCN(Cc2ccccc2)CC1,5.42
O=C1CCc2ccccc2N1CCCN1CCC(c2ccccc2)CC1,6.34
O=C1CCc2ccccc2N1CCCN1CCC(CCCCCO)CC1,5.93
O=C1CCc2ccccc2N1CCCN1CCC(CCCO)CC1,6.18
O=C1CCc2ccccc2N1CCCN1CCN(CCc2ccccc2)CC1,5.24
O=C1CCc2ccccc2N1CCCN1CCC(CCCCCCCO)CC1,6.03
CC(O)CN1CCN(c2cccc(Cl)c2Cl)CC1,6.5
O=C(NCCCCN1CCN(c2cccc(Cl)c2Cl)CC1)c1cnc2ccccc2c1,8.0
N#Cc1ccc2c(c1)CN(CC1CC1CCNC(=O)c1cc3cccnc3[nH]1)CC2,7.84
O=C(NCC1CC1CN1CCN(c2cccc(Cl)c2Cl)CC1)c1cc2ccccc2[nH]1,8.07
O=C(NCC1CC1CN1CCN(c2cccc(Cl)c2Cl)CC1)c1ccnc2ccccc12,7.7
N#Cc1ccc2c(c1)CN(CCC1CC1CNC(=O)c1cc3cccnc3[nH]1)CC2,6.72
N#Cc1ccc2c(c1)CCNC2,4.27
N#Cc1ccc2c(c1)CN(CC1CC1CNC(=O)c1cc3ccccc3[nH]1)CC2,6.16
N#Cc1ccc2c(c1)CN(CCC1CC1CNC(=O)c1cc3ccccc3[nH]1)CC2,6.32
N#Cc1ccc2c(c1)CCN(CC1CC1CNC(=O)c1ccnc3ccccc13)C2,5.02
CCCCN1CCN(c2cccc(C#N)c2)CC1,6.31
CCCCN1CCc2cc(C#N)ccc2C1,5.08
N#Cc1cccc(N2CCNCC2)c1,5.31
N#Cc1ccc2c(c1)CNCC2,4.94
N#Cc1cccc(N2CCN(CC3CC3CNC(=O)c3ccnc4ccccc34)CC2)c1,5.64
O=C(NCCCCN1CCN(c2ccccc2OCCF)CC1)c1cc2ccccn2n1,7.68
CC(C)(C)c1nc(N2CCN(CCCCNC(=O)c3cc4ccccn4n3)CC2)cc(C(F)(F)F)n1,6.7
CC(C)(C)c1nc(N2CCN(CCCCNC(=O)c3cc4ccccc4s3)CC2)cc(C(F)(F)F)n1,5.57
O=C(NCCCCN1CC[N+]2(CCOc3ccccc32)CC1)c1cc2ccccn2n1,5.35
COc1ccc(-c2nc(CN(C)CC3Cc4ccccc4O3)c(C)o2)cc1C,5.17
CCN(CCc1ccccn1)Cc1csc(C2CCCC2)n1,5.23
CCCc1nc(CN2CCC(c3ccccc3)C2)cs1,5.3
Cc1ccn(CCN2CCC(Cc3ccccc3F)CC2)n1,5.65
CC1CN(CCCNC(=O)CN2CCc3ccccc3C2)CC(C)O1,5.5
Cc1oc(-c2ccco2)nc1CN1CCN(C2CCc3ccccc3C2)CC1,5.91
Fc1ccccc1N1CCN(CCCNc2cncc(Cl)n2)CC1,7.43
O=C(CO)NCC1CCN(Cc2csc(-c3ccccc3)n2)C1,5.31
Cc1cccc(N2CCN(CCCNC(=O)c3cn[nH]c3C)CC2)c1,5.79
Clc1cncc(NCCCN2CCN(c3ccccc3)CC2)n1,5.66
CN(C)Cc1cccc(CNC=C2C(=O)NC(=O)c3ccccc32)c1,5.1
OC(COCC1CCCO1)CN1CCN(c2ccccc2F)CC1,5.11
c1ccc(-c2nc(CN3CCCN(c4nccs4)CC3)co2)cc1,5.49
CC(C)c1nc(CN2CCC(c3ccccc3)C2)cs1,5.5
CN1CCN(CCCNC(=O)c2cc(=O)c3ccccc3[nH]2)CC1,5.43
N#Cc1c(CN2CCN(CCc3ccccc3)CC2)cn2ccccc12,5.74
CCOc1ccc(C(O)CN2CCN(c3ccccc3F)CC2)cc1,5.7
Cc1cc(C)n(C2CN(CCCc3nc(-c4ccccc4)no3)C2)n1,5.25
CC(CNc1cncc(Cl)n1)N1CCN(c2ccccc2)CC1,6.48
Clc1cncc(NCCCCN2CCN(c3ccccc3)CC2)n1,7.28
COCC(C)N1CCN(c2cccc(F)c2C#N)CC1,5.16
Cc1oc(-c2ccco2)nc1CN(C)CC1Cc2ccccc2O1,5.24
Cc1oc(-c2ccc3ccccc3c2)nc1CN1CCOC(CCN)C1,5.82
Fc1ccc(N2CCN(CCNc3cncc(Cl)n3)CC2)cc1,5.47
O=S(=O)(c1ccccc1)c1cnc2c(N3CCNCC3)cccc2c1,6.0
CC(C)c1nc2c(N3CCNCC3)ccnc2n1Cc1cccc(Cl)c1,5.53
CC1(c2ccc(Cl)cc2)NC(=O)N(CC(O)CN2CCN(c3ccccc3C#N)CC2)C1=O,5.89
CC1(c2ccccc2)NC(=O)N(CC(O)CN2CCN(c3ccccc3C#N)CC2)C1=O,5.77
CC1(c2ccc(Cl)cc2)NC(=O)N(CC(O)CN2CCN(C(c3ccccc3)c3ccccc3)CC2)C1=O,6.22
CCOc1ccccc1N1CCN(CC(O)CN2C(=O)NC(C)(c3ccccc3)C2=O)CC1,6.52
COc1ccccc1N1CCN(CC(O)CN2C(=O)NC(C)(c3ccc(C)cc3)C2=O)CC1,6.06
CC1(c2ccc(Br)cc2)NC(=O)N(CC(O)CN2CCN(c3ccccc3C#N)CC2)C1=O,6.3
COc1ccccc1N1CCN(CC(O)CN2C(=O)NC(C)(c3ccc(Br)cc3)C2=O)CC1,6.57
COc1ccccc1N1CCN(CC(O)CN2C(=O)NC(C)(c3ccccc3F)C2=O)CC1,6.52
COc1ccccc1N1CCN(CC(O)CN2C(=O)NC(c3ccccc3)(c3ccccc3)C2=O)CC1,6.3
COc1ccc(C2(C)NC(=O)N(CC(O)CN3CCN(C(c4ccccc4)c4ccccc4)CC3)C2=O)cc1,6.03
COc1ccccc1N1CCN(CC(O)CN2C(=O)NC(C)(c3ccccc3)C2=O)CC1,5.99
COc1ccccc1N1CCN(CC(O)CN2C(=O)NC(C)(c3ccc(Cl)cc3)C2=O)CC1,6.44
COc1ccc(C2(C)NC(=O)N(CC(O)CN3CCN(c4ccccc4C#N)CC3)C2=O)cc1,6.11
COc1ccccc1N1CCN(CC(O)CN2C(=O)NC(C)(c3cccc(F)c3)C2=O)CC1,6.57
O=C(NCCN1CCN(c2ccc(Cl)c(Cl)c2)CC1)c1ccccn1,6.6
O=C(NCCN1CCN(c2ccc(Cl)cc2)CC1)c1ccncc1,5.64
NCCCCCCn1cc(CCCCN2CCC(c3ccc(-c4cc(C(=O)O)cc5cc(-c6ccc(C(F)(F)F)cc6)ccc45)cc3)CC2)nn1,5.09
Cc1cccc(OCCOCCN2CCN(CCc3ccccc3)CC2)c1C,5.92
COc1ccc(N2CCN(CCCOc3c(C)cc(C)cc3C)CC2)cc1,5.3
COc1ccccc1N1CCN(CCCOc2ccc(C)cc2C)CC1,7.01
COc1ccccc1N1CCN(CCOCCOc2c(C)cc(C)cc2C)CC1,6.72
Cc1cc(OCCCN2CCN(c3ccccc3)CC2)ccc1Cl,6.52
COc1ccccc1N1CCN(CCOCCOc2cc(C)cc(C)c2C)CC1,6.79
CCc1cc(-c2ccoc2)nc(N2CCN(C)CC2)n1,6.33
CCCCc1cc(-c2ccoc2)nc(N2CCN(C)CC2)n1,7.43
CCCCCCCN1CCC(c2cccc(O)c2)C1,6.43
CCCCN1CCC(c2cccc(O)c2)C1,5.54
CCCCCCCCCCN1CCC(c2cccc(O)c2)C1,6.33
CCCCCCN1CCC(c2cccc(O)c2)C1,5.45
CCCCCCCCCN1CCC(c2cccc(O)c2)C1,7.38
CN(C)c1ccc(C(=O)NCCCCN2CCC(c3cccc(O)c3)C2)cc1,6.46
CCCCCCCCN1CCC(c2cccc(O)c2)C1,6.43
O=S(=O)(c1cccc2ncccc12)N1CCCC1CCN1CCN(c2cccc3[nH]ccc23)CC1,8.1
O=S(=O)(c1cccc2ncccc12)N1CCCCCC1CCN1CCN(c2cccc3sccc23)CC1,8.0
O=S(=O)(c1ccnc2ccccc12)N1CCCCC1CCN1CCN(c2nsc3ccccc23)CC1,8.3
O=S(=O)(c1cccc2ncccc12)N1CCCCC1CCN1CCN(c2nsc3ccccc23)CC1,8.15
O=S(=O)(c1cncc2ccccc12)N1CCCCC1CCN1CCN(c2cccc3sccc23)CC1,7.64
O=S(=O)(c1cccc2ncccc12)N1CCCC1CCN1CCN(c2cccc3sccc23)CC1,8.4
O=S(=O)(c1cncc2ccccc12)N1CCCC1CCN1CCN(c2nsc3ccccc23)CC1,9.85
O=S(=O)(c1cccc2cnccc12)N1CCCC1CCN1CCN(c2nsc3ccccc23)CC1,9.52
O=c1[nH]c2c(N3CCN(CCC4CCCN4S(=O)(=O)c4cccc5ncccc45)CC3)cccc2o1,8.05
O=S(=O)(c1cncc2ccccc12)N1CCCC1CCN1CCN(c2noc3ccccc23)CC1,8.52
O=S(=O)(c1cncc2ccccc12)N1CCCC1CCN1CCN(c2cccc3c2OCCO3)CC1,7.72
O=S(=O)(c1cccc2cnccc12)N1CCCC1CCN1CCN(c2cccc3sccc23)CC1,8.3
O=S(=O)(c1cccc2ncccc12)N1CCCC1CCN1CC=C(c2c[nH]c3ccc(Cl)cc23)CC1,7.96
O=S(=O)(c1cccc2ncccc12)N1CCCCCC1CCN1CCN(c2nsc3ccccc23)CC1,8.4
O=S(=O)(c1cncc2ccccc12)N1CCCCCC1CCN1CCN(c2cccc3sccc23)CC1,8.22
O=S(=O)(c1cccc2ncccc12)N1CCC1CCN1CCN(c2cccc3sccc23)CC1,7.62
O=S(=O)(c1cncc2ccccc12)N1CCCC1CCN1CCC(c2noc3cc(F)ccc23)CC1,10.0
O=S(=O)(c1cncc2ccccc12)N1CCCC1CCN1CCN(c2cccc3sccc23)CC1,8.22
O=S(=O)(c1cncc2ccccc12)N1CCCC1CCN1CCN(c2cccc3[nH]ccc23)CC1,8.52
O=S(=O)(c1cccc2ncccc12)N1CCCC1CCN1CCN(c2cccc3c2OCCO3)CC1,7.92
O=S(=O)(c1cccc2ncccc12)N1CCCC1CCN1CCC(c2noc3cc(F)ccc23)CC1,8.77
O=S(=O)(c1cncc2ccccc12)N1CCCC1CCN1CC=C(c2c[nH]c3ccc(Cl)cc23)CC1,7.92
O=S(=O)(c1cccc2ncccc12)N1CCCC1CCN1CCN(c2nsc3ccccc23)CC1,9.15
O=S(=O)(c1ccnc2ccccc12)N1CCCCCC1CCN1CCN(c2nsc3ccccc23)CC1,8.52
O=S(=O)(c1cccc2cnccc12)N1CCCC1CCN1CCN(c2noc3ccccc23)CC1,8.52
O=S(=O)(c1cccc2ncccc12)N1CCCCC1CCN1CCN(c2cccc3sccc23)CC1,7.68
O=c1[nH]c2c(N3CCN(CCC4CCCN4S(=O)(=O)c4cncc5ccccc45)CC3)cccc2o1,8.3
O=S(=O)(c1cccc2ncccc12)N1CCC1CCN1CCN(c2nsc3ccccc23)CC1,7.96
O=S(=O)(c1cncc2ccccc12)N1CCC1CCN1CCN(c2nsc3ccccc23)CC1,8.0
C#CCOc1ccc(CN2CCN(c3ccccc3OC)CC2)cc1OC,7.16
COc1cc(CN2CCN(c3ccccc3OC)CC2)ccc1OCc1cn(CCOCCOCCOCCNC(=O)COc2cncc(C#Cc3csc(C)n3)c2)nn1,6.6
CCCN(CCc1ccc(NC(=O)CCc2cn(CCCCCCNC(=O)COc3cncc(C#Cc4csc(C)n4)c3)nn2)cc1)C1CCc2c(O)cccc2C1,6.85
COc1cc(CN2CCN(c3ccccc3OC)CC2)ccc1OCc1cn(CCCCCCCCCCN(C)CCCCCNC(=O)COc2cccc(C#Cc3csc(C)n3)c2)nn1,6.6
COc1cc(CN2CCN(c3ccccc3OC)CC2)ccc1OCc1cn(CCCCCCCCN(C)CCCCCNC(=O)COc2cccc(C#Cc3csc(C)n3)c2)nn1,7.03
C#CCCC(=O)Nc1ccc(CCN(CCC)C2CCc3c(O)cccc3C2)cc1,7.72
COc1cc(CN2CCN(c3ccccc3OC)CC2)ccc1OCc1cn(CCOCCOCCOCCOCCOCCNC(=O)COc2cncc(C#Cc3csc(C)n3)c2)nn1,6.73
CC1(c2ccc(F)cc2)NC(=O)N(CC(O)CN2CCN(c3cccc4ccccc34)CC2)C1=O,6.53
CC1(C)NC(=O)N(CC(O)CN2CCN(c3ccccc3C#N)CC2)C1=O,5.46
CC1(c2ccc(F)cc2)NC(=O)N(CC(O)CN2CCN(Cc3ccccc3)CC2)C1=O,4.7
CC1(c2ccc(F)cc2)NC(=O)N(CC(O)CN2CCc3ccccc3C2)C1=O,5.23
CC1(c2ccc(F)cc2)NC(=O)N(CC(O)CN2CCN(C(=O)c3ccccc3)CC2)C1=O,5.0
CC1(c2cccc3ccccc23)NC(=O)N(CC(O)CN2CCN(C(c3ccccc3)c3ccccc3)CC2)C1=O,6.56
CC1(c2ccc3ccccc3c2)NC(=O)N(CC(O)CN2CCN(c3ccccc3C#N)CC2)C1=O,6.58
COc1ccccc1N1CCN(CC(O)CN2C(=O)NC(C)(C)C2=O)CC1,5.67
CC1(c2cccc3ccccc23)NC(=O)N(CC(O)CN2CCN(c3ccccc3C#N)CC2)C1=O,6.38
CC1(c2ccc(F)cc2)NC(=O)N(CC(O)CN2CCC(Oc3ccc(Cl)cc3)CC2)C1=O,5.39
COc1ccccc1N1CCN(CC(O)CN2C(=O)NC(C)(c3cccc4ccccc34)C2=O)CC1,6.59
CC1(c2ccc(F)cc2)NC(=O)N(CC(O)CN2CCC(Oc3ccccc3)CC2)C1=O,5.36
COc1ccccc1N1CCN(CC(O)CN2C(=O)NC(C)(c3ccc4ccccc4c3)C2=O)CC1,6.82
CC1(C)NC(=O)N(CC(O)CN2CCN(C(c3ccccc3)c3ccccc3)CC2)C1=O,5.94
CC1(c2ccc(F)cc2)NC(=O)N(CC(O)CN2CCN(Cc3cccc4ccccc34)CC2)C1=O,5.28
O=C1c2ccccc2C(=O)N1CCCCN1CCN(c2cccc(F)c2F)CC1,5.67
OC1(c2ccc(Cl)c(C(F)(F)F)c2)CCN(CCCCCc2ccc(F)cc2)CC1,6.34
COc1ccc(N(CCCCN2CCC(O)(c3ccc(Cl)c(C(F)(F)F)c3)CC2)c2ccc(OC)cc2)cc1,6.38
OC1(c2ccc(Cl)c(C(F)(F)F)c2)CCN(CCCC=C(c2ccc(F)cc2)c2ccc(F)cc2)CC1,6.5
OC1(c2ccc(Cl)c(C(F)(F)F)c2)CCN(CCCC(c2ccccc2)c2ccccc2)CC1,7.42
OC1(c2ccc(Cl)c(C(F)(F)F)c2)CCN(CCCC(c2ccc(F)cc2)c2ccc(F)cc2)CC1,6.8
OC1(c2ccc(Cl)c(C(F)(F)F)c2)CCN(CCCN(c2ccc(F)cc2)c2ccc(F)cc2)CC1,6.83
OC1(c2ccc(Cl)c(C(F)(F)F)c2)CCN(CCCCN(c2ccc(F)cc2)c2ccc(F)cc2)CC1,6.26
OC1(c2ccc(Cl)c(C(F)(F)F)c2)CCN(CCCCC(c2ccc(F)cc2)c2ccc(F)cc2)CC1,6.71
COc1cc2c(cc1O)CN(CCCCNC(=O)c1ccc(-c3ccccc3)cc1)CC2,6.1
COc1cc2c(cc1O)CN(CCCCNC(=O)c1ccc3ccccc3c1)CC2,6.16
COc1cc2c(cc1O)CN(CCCCNC(=O)c1ccc(C(N)=O)cc1)CC2,6.07
COc1cc2c(cc1O)CN(CCCCNC(=O)c1ccc(Cl)cc1)CC2,5.96
O=C1c2ccccc2S(=O)(=O)N1CCCCCCN1CCN(c2ccccc2C(F)(F)F)CC1,7.57
O=C1c2ccccc2S(=O)(=O)N1CCCCCCN1CCN(c2cccc3cccnc23)CC1,7.82
O=C1c2ccccc2S(=O)(=O)N1CCCCCCN1CCN(c2ccc(Cl)cc2)CC1,7.55
O=C1c2ccccc2S(=O)(=O)N1CCCCCCN1CCN(c2ccccc2Cl)CC1,7.35
O=C1c2ccccc2S(=O)(=O)N1CCCCCCN1CCN(c2ccc(Cl)c(Cl)c2)CC1,6.98
COc1ccc(N2CCN(CCCCCCN3C(=O)c4ccccc4S3(=O)=O)CC2)cc1,6.02
O=C1c2ccccc2S(=O)(=O)N1CCCCCCN1CCN(c2ccccc2F)CC1,7.62
O=C1c2ccccc2S(=O)(=O)N1CCCCCCN1CCN(c2ccccc2)CC1,7.32
O=C1c2ccccc2S(=O)(=O)N1CCCCCCN1CCN(c2ncccn2)CC1,7.29
O=C1c2ccccc2S(=O)(=O)N1CCCCCCN1CCN(c2cccc3ccccc23)CC1,8.1
COc1cccc(N2CCN(CCCCCCN3C(=O)c4ccccc4S3(=O)=O)CC2)c1,6.95
COc1ccccc1N1CCN(CCCCCCN2C(=O)c3ccccc3S2(=O)=O)CC1,7.21
O=C1c2ccccc2S(=O)(=O)N1CCCCCCN1CCN(c2cccc(C(F)(F)F)c2)CC1,8.15
O=C1c2ccccc2S(=O)(=O)N1CCCCCCN1CCN(c2nsc3ccccc23)CC1,8.05
O=C1c2ccccc2S(=O)(=O)N1CCCCCCN1CCN(c2cccc(Cl)c2Cl)CC1,6.88
O=C1C2C3CCC(C3)C2C(=O)N1CC1CCCCC1CN1CCN(c2nsc3ccccc23)CC1,8.77
O=c1ccc2ccc(OCCCCN3CCN(c4cccc5sccc45)CC3)cc2[nH]1,9.52
COc1ccc2[nH]cc(C3CC(=O)N(CCCCN4CCC(c5c[nH]c6ccc(F)cc56)CC4)C3=O)c2c1,7.21
O=C1CC(c2c[nH]c3ccc(F)cc23)C(=O)N1CCCCN1CCC(c2c[nH]c3ccccc23)CC1,6.72
COc1ccc2[nH]cc(C3CCN(CCCCN4C(=O)CC(c5c[nH]c6ccc(F)cc56)C4=O)CC3)c2c1,7.7
COc1ccc2[nH]cc(C3CCN(CCCCN4C(=O)CC(c5c[nH]c6ccc(OC)cc56)C4=O)CC3)c2c1,6.66
COc1ccc2[nH]cc(C3CC(=O)N(CCCCN4CCC(c5c[nH]c6ccccc56)CC4)C3=O)c2c1,7.8
O=C1CC(c2c[nH]c3ccc(F)cc23)C(=O)N1CCCCN1CCC(c2c[nH]c3ccc(F)cc23)CC1,7.72
Oc1ccc(-c2ccc(CNCCc3c[nH]c4cc(F)ccc34)o2)cc1,6.35
COc1ccc2[nH]cc(CCNCc3ccc(-c4cccc(O)c4)o3)c2c1,6.41
Oc1ccc(-c2ccc(CNCCc3c[nH]c4ccc(F)cc34)o2)cc1,6.42
Oc1ccc(-c2ccc(CNCCc3c[nH]c4ccccc34)o2)cc1,6.12
Fc1ccc2c(CCNCc3cccc(OCC(F)(F)C(F)F)c3)c[nH]c2c1,5.92
CN(CCc1c[nH]c2ccccc12)Cc1ccc(-c2ccccc2)o1,6.43
COc1ccc2[nH]cc(CCNCc3ccc(-c4ccc(Cl)cc4)o3)c2c1,6.24
Oc1ccc(-c2ccc(CNCCc3c[nH]c4ncc(F)cc34)o2)cc1,6.3
COc1cccc2[nH]cc(CCNCc3ccc(-c4ccc(O)cc4)o3)c12,6.75
COc1ccc2[nH]cc(CCNCc3ccc(-c4cnc5ccccc5c4)o3)c2c1,5.99
COc1ccc2[nH]c(C)c(CCNCc3ccc(-c4ccc(O)cc4)o3)c2c1,6.78
COc1ccc2[nH]cc(CCNCc3ccc(-c4ccc(O)cc4)o3)c2c1,6.66
COc1ccccc1N1CCN(CCNC(=O)N=Nc2ccc(F)cc2)CC1,6.85
C=CCN(NC(=O)NCCCN1CCN(c2ccccc2OC)CC1)c1ccc(OC)cc1,6.47
COc1ccccc1N1CCN(CCCNC(=O)N=Nc2ccc(F)cc2)CC1,7.29
COc1ccccc1N1CCN(CCCNC(=O)NN(Cc2ccc(-c3ccccc3)cc2)c2ccc(F)cc2)CC1,7.38
O=C(NCCN1CCN(c2ccc(I)cc2)CC1)NN(Cc1ccccc1)c1ccccc1,6.29
O=C(NCCCN1CCN(c2ncccn2)CC1)NN(Cc1ccc(F)cc1)c1ccccc1,6.51
COc1ccc(N(Cc2ccc(C#N)cc2)NC(=O)NCCCN2CCN(c3ccccc3OC)CC2)cc1,6.96
COc1ccc(N(Cc2ccccc2)NC(=O)NCCCN2CCN(c3ccccc3OC)CC2)cc1,7.72
COc1ccc(N(Cc2ccccc2F)NC(=O)NCCCN2CCN(c3ccccc3OC)CC2)cc1,7.72
COc1ccccc1N1CCN(CCCNC(=O)NN(Cc2ccccc2)c2ccc(Cl)cc2Cl)CC1,7.62
COc1ccccc1N1CCN(CCCNC(=O)NN(Cc2ccccc2)c2ccc(Cl)cc2)CC1,7.64
COc1ccc(N(Cc2ccc(F)cc2)NC(=O)NCCCN2CCN(c3ccccc3OC)CC2)cc1,6.96
COc1ccc(N(Cc2cccc(OC)c2)NC(=O)NCCCN2CCN(c3ccccc3OC)CC2)cc1,6.96
C=C(C)CN(NC(=O)NCCCN1CCN(c2ccccc2OC)CC1)c1ccc(OC)cc1,6.52
COc1ccccc1N1CCN(CCCNC(=O)NN(Cc2cccc(F)c2)c2ccc(F)cc2)CC1,7.34
COc1cccc(CN(NC(=O)NCCCN2CCN(c3ccccc3OC)CC2)c2ccc(F)cc2)c1,7.21
COc1ccccc1N1CCN(CCCNC(=O)NN(Cc2ccccc2F)c2ccc(Br)cc2)CC1,7.66
O=C(NCCCN1CCN(c2ccc(Br)cc2)CC1)NN(Cc1ccc(F)cc1)c1ccccc1,6.21
COc1ccccc1N1CCN(CCCNC(=O)NN(Cc2ccccc2)c2ccc(F)cc2)CC1,8.37
COc1ccccc1N1CCN(CCCNC(=O)NN(Cc2ccc(F)cc2)c2ccccc2)CC1,6.96
COc1ccccc1N1CCN(CCCNC(=O)NN(Cc2ccccc2F)c2ccc(Cl)cc2)CC1,7.58
O=C(NCCCN1CCN(c2ccc(Cl)cc2)CC1)NN(Cc1ccccc1)c1ccccc1,6.39
COc1ccccc1N1CCN(CCCNC(=O)NN(Cc2ccc(C#N)cc2)c2ccc(F)cc2)CC1,6.92
O=C(NCCCN1CCN(c2ncccn2)CC1)NN(Cc1ccccc1)c1ccccc1,6.36
COc1ccccc1N1CCN(CCCCNC(=O)NN(Cc2ccccc2)c2ccc(F)cc2)CC1,7.03
COc1ccccc1N1CCN(CCNC(=O)NN(Cc2ccccc2)c2ccc(F)cc2)CC1,7.15
COc1ccccc1N1CCN(CCCNC(=O)NN(Cc2ccc(C#N)cc2)c2ccc(Cl)cc2Cl)CC1,7.03
COc1ccccc1N1CCN(CCCNC(=O)NN(Cc2ccccc2F)c2ccc(F)cc2)CC1,7.33
COc1ccccc1N1CCN(CCCNC(=O)NN(Cc2ccccc2)c2ccccc2)CC1,7.14
COc1ccccc1N1CCN(CCCNC(=O)NN(Cc2ccc(F)cc2)c2ccc(F)cc2)CC1,7.52
Cc1cccc(C(=O)NCN2CCN(c3ccccc3C#N)CC2)c1,5.96
COc1ccccc1N1CCN(CCCNC(=O)NN(Cc2ccccc2)c2ccc(Br)cc2)CC1,7.47
COc1ccc(N(Cc2cccc(F)c2)NC(=O)NCCCN2CCN(c3ccccc3OC)CC2)cc1,7.46
O=C(NCCCN1CCN(c2ccc(Cl)cc2)CC1)NN(Cc1ccc(F)cc1)c1ccccc1,6.42
COc1ccccc1N1CCN(CCCCOc2ccc3scnc3c2)CC1,8.49
Nc1nc2c(s1)CCN(CCCCN1CCN(c3cccc(Cl)c3Cl)CC1)CC2,7.65
COc1ccccc1N1CCN(CCN2CCc3ncsc3CC2)CC1,6.82
c1nc2c(s1)CCN(CCCCN1CCc3ncsc3CC1)CC2,5.2
COc1ccccc1N1CCN(CCCN2CCCc3ncsc3C2)CC1,6.75
COc1ccccc1N1CCN(CCCN2CCc3ncsc3CC2)CC1,7.19
O=C(c1ccccc1)N1CCN(CCN2CCc3ncsc3CC2)CC1,4.38
O=C(NCCCCN1CCc2ncsc2CC1)C12CC3CC(CC(C3)C1)C2,5.26
COc1ccccc1N1CCN(CCCCN2CCc3ncsc3CC2)CC1,7.07
Clc1cccc(N2CCN(CCCCN3CCc4ncsc4CC3)CC2)c1Cl,7.74
Nc1nc2c(s1)CCN(CCCCN1CCN(c3ncccn3)CC1)CC2,5.56
COc1ccccc1N1CCN(CCCCOc2ccc3sc(N)nc3c2)CC1,8.55
CN1CCc2cc(O)c(O)c3c2C1Cc1ccccc1-3,6.47
CN1CCc2cc(O)c(O)cc2C1Cc1ccccc1Br,6.54
O=C(NCCCCN1CCN(c2ccccc2)CC1)c1ccc(-c2ccsc2)cc1,5.07
O=C(NCCCCN1CCN(c2cccc(Cl)c2)CC1)c1ccc(-c2ccsc2)cc1,4.92
O=C(NCCCCN1CCN(c2ccc(Cl)cc2Cl)CC1)c1ccc(-c2ccsc2)cc1,6.12
Cc1ccc(N2CCN(CCCCNC(=O)c3ccc(-c4ccsc4)cc3)CC2)cc1,4.6
N#Cc1ccccc1N1CCN(CCCCNC(=O)c2ccc(-c3ccsc3)cc2)CC1,7.03
Cc1cccc(N2CCN(CCCCNC(=O)c3ccc(-c4ccsc4)cc3)CC2)c1,4.79
O=C(NCCCCN1CCN(c2ccc(Cl)cc2)CC1)c1ccc(-c2ccsc2)cc1,4.56
O=C(NCCCCN1CCN(c2cc(Cl)cc(Cl)c2)CC1)c1ccc(-c2ccsc2)cc1,5.69
O=C(NCCCCN1CCN(c2ccccc2C(F)(F)F)CC1)c1ccc(-c2ccsc2)cc1,6.58
O=C(NCCCCN1CCN(c2cccc(Cl)c2Cl)CC1)c1ccc(-c2ccsc2)cc1,7.2
Cc1ccccc1N1CCN(CCCCNC(=O)c2ccc(-c3ccsc3)cc2)CC1,6.72
N#Cc1cccc(N2CCN(CCCCNC(=O)c3ccc(-c4ccsc4)cc3)CC2)c1,6.13
COc1ccccc1N1CCN(CCCCNC(=O)c2ccc(-c3ccsc3)cc2)CC1,7.41
O=C(NCCCCN1CCN(c2ccccc2O)CC1)c1ccc(-c2ccsc2)cc1,5.46
O=C(NCCCCN1CCN(c2ccccc2Cl)CC1)c1ccc(-c2ccsc2)cc1,6.77
O=C(NCCCCN1CCN(c2ccc(O)cc2)CC1)c1ccc(-c2ccsc2)cc1,5.32
O=C(NCCCCN1CCN(c2cccc(O)c2)CC1)c1ccc(-c2ccsc2)cc1,6.85
O=C(NCCCCN1CCN(c2cccc(C(F)(F)F)c2)CC1)c1ccc(-c2ccsc2)cc1,7.0
CCCCN1CCN(c2ccccc2OCCF)CC1,7.83
COc1cccc(N2CCN(CCCCNC(=O)c3ccc(-c4ccsc4)cc3)CC2)c1,5.74
Cc1nc(N)[nH]c1-c1cn(S(=O)(=O)c2cccc3ccccc23)c2ccccc12,5.93
COc1ccc2c(c1)c(-c1nc3n(c1C)CCCN3)cn2S(=O)(=O)c1ccccc1,5.91
COc1ccc2c(c1)c(-c1[nH]c(NCc3ccccc3)nc1C)cn2S(=O)(=O)c1ccccc1,5.93
Nc1ncc(-c2cccc3c2ccn3S(=O)(=O)c2ccccc2)[nH]1,5.4
COc1ccc2c(c1)c(-c1cnc(N)[nH]1)cn2S(=O)(=O)c1cccc(F)c1,5.15
Cc1nc(N)[nH]c1-c1ccc2ccn(S(=O)(=O)c3ccccc3)c2c1,6.15
CCc1nc(N)[nH]c1-c1cn(S(=O)(=O)c2ccccc2)c2ccc(OC)cc12,5.79
CCC(=O)Nc1nc(C)c(-c2ccc3ccn(S(=O)(=O)c4ccccc4)c3c2)[nH]1,5.44
COc1ccc2c(c1)c(-c1[nH]c(NCCc3ccccc3)nc1C)cn2S(=O)(=O)c1ccccc1,5.67
COc1ccc2c(c1)c(-c1c(C)nc(N)n1CC(F)F)cn2S(=O)(=O)c1ccccc1,5.42
Nc1ncc(-c2cn(S(=O)(=O)c3ccccc3)c3ccccc23)[nH]1,7.06
Cc1nc(N)[nH]c1-c1cn(S(=O)(=O)c2ccccc2)c2ccccc12,6.1
COc1ccc2c(c1)c(-c1[nH]c(N)nc1C)cn2S(=O)(=O)c1ccc2ccccc2c1,5.63
COc1ccc2c(c1)c(-c1[nH]c(N)nc1C)cn2S(=O)(=O)c1cccc2ccccc12,5.88
COc1ccc2c(c1)c(-c1[nH]c(NCC(F)F)nc1C)cn2S(=O)(=O)c1ccccc1,5.4
CCc1nc(N)[nH]c1-c1cn(S(=O)(=O)c2ccccc2)c2ccccc12,5.8
CCCN1CCOC2c3cc(OCCCCNC(=O)c4cc5ccccc5[nH]4)ccc3OCC21,5.41
CC1COC(c2ccc(N)nc2)CN1CC1CC1CNC(=O)c1cc2ccccc2[nH]1,6.92
CC1COC(c2ccc(N)nc2)CN1CC1CC1CCNC(=O)c1cc2ccccc2[nH]1,7.06
CC1COC(c2ccc(N)nc2)CN1,5.63
CCc1cc(Cl)c(OC)c(N2CCN(CCCCOc3ccc4c(c3)NC(=O)CC4)CC2)c1,8.73
CCCN1CCOC2c3cc(OCCCCOc4ccc5c(c4)NC(=O)CC5)ccc3OCC21,5.0
CCCN1CCOC2c3cc(OCCCCNC(=O)c4cc5ccccc5o4)ccc3OCC21,5.03
CCCN1CCOC2c3cc(OCCCCNC(=O)c4ccc5c(c4)Cc4ccccc4-5)ccc3OCC21,5.17
O=C(NCCCCNC1COc2ccc(O)cc2C1=O)c1cc2ccccc2[nH]1,6.61
CC1COC(c2ccc(N)nc2)CN1CCCCOc1ccc2c(c1)NC(=O)CC2,7.46
O=C1CCc2ccc(OCCCCN3CCOC4c5cc(O)ccc5OCC43)cc2N1,5.2
Oc1ccc2c(c1)C1OCCNC1CO2,5.37
CCCN1CCOC2c3cc(OCCCCN4C(=O)c5ccccc5C4=O)ccc3OCC21,5.6
CCCN1CCOC2c3cc(OCCCCNC(=O)c4nc5ccccc5s4)ccc3OCC21,5.26
CCCN1CCOC2c3cc(OCCCCNC(=O)c4cc5cccnc5[nH]4)ccc3OCC21,4.57
CCc1cccc(N2CCN(CCCCOc3ccc4c(c3)NC(=O)CC4)CC2)c1Cl,9.07
CC1COC(c2ccc(N)nc2)CN1CCCCNC(=O)c1cc2ccccc2[nH]1,6.87
CCCN(CCC)c1ccc(C2CN(CCC)C(C)CO2)cn1,5.08
CN1CCN(c2nc(N)nc(C[Se]c3ccccc3)n2)CC1,6.3
CN1CCN(c2nc(N)nc(COc3ccc(Cl)cc3Cl)n2)CC1,5.91
CN1CCN(c2nc(N)nc(COc3ccccc3)n2)CC1,5.87
CN1CCN(c2nc(N)nc(CS(=O)(=O)c3ccccc3Cl)n2)CC1,4.3
Cc1cccc(OCc2nc(N)nc(N3CCN(C)CC3)n2)c1,6.13
CC([Se]c1ccccc1)c1nc(N)nc(N2CCN(C)CC2)n1,6.18
CN1CCN(c2nc(N)nc(CSc3ccccc3)n2)CC1,6.13
Cc1cc(Cl)ccc1OCc1nc(N)nc(N2CCN(C)CC2)n1,5.36
CC(Oc1cccc(Cl)c1)c1nc(N)nc(N2CCN(C)CC2)n1,6.25
Cc1ccccc1OCc1nc(N)nc(N2CCN(C)CC2)n1,5.37
CC(Sc1ccccc1Cl)c1nc(N)nc(N2CCN(C)CC2)n1,6.28
CC(Oc1ccccc1Cl)c1nc(N)nc(N2CCN(C)CC2)n1,6.0
Cc1ccc(C(C)C)c(OCc2nc(N)nc(N3CCN(C)CC3)n2)c1,5.96
Cc1ccc(OCc2nc(N)nc(N3CCN(C)CC3)n2)cc1,5.54
CN1CCN(c2nc(N)nc(CSc3ccccc3Cl)n2)CC1,6.48
O=c1c(-c2ccc(Cl)cc2)c2n(c(=O)n1CCCCN1CCCC(c3c[nH]c4ccccc34)C1)CCCC2,5.78
O=c1c(-c2ccccc2Cl)c2n(c(=O)n1CCCCN1CCCC(c3c[nH]c4ccccc34)C1)CCCC2,6.05
O=c1c(-c2ccccc2)c2n(c(=O)n1CCCCN1CCCC(c3c[nH]c4ccccc34)C1)CCCC2,5.63
COc1ccc(-c2c3n(c(=O)n(CCCCN4CCCC(c5c[nH]c6ccc(OC)cc56)C4)c2=O)CCCC3)cc1,5.74
O=c1c(-c2ccc(F)cc2)c2n(c(=O)n1CCCCN1CCCC(c3c[nH]c4ccc(F)cc34)C1)CCCC2,5.98
O=c1c(-c2ccc(F)cc2)c2n(c(=O)n1CCCCN1CCCC(c3c[nH]c4ccccc34)C1)CCCC2,5.7
COc1cccc(CN2CC=C(c3c[nH]c4ccc(OC)cc34)CC2)c1,6.95
CC(C)Oc1ccc2[nH]cc(C3=CCN(Cc4ccccc4)CC3)c2c1,6.49
CCOc1ccc2[nH]cc(C3=CCN(Cc4ccc(OC)cc4)CC3)c2c1,6.88
COc1ccc2[nH]cc(C3=CCN(Cc4ccccc4)CC3)c2c1,7.2
COc1ccc(CN2CC=C(c3c[nH]c4ccc(OC(C)C)cc34)CC2)cc1,6.78
COc1ccc(CN2CC=C(c3c[nH]c4ccccc34)CC2)cc1,7.06
CCOc1ccc2[nH]cc(C3=CCN(Cc4cccs4)CC3)c2c1,6.78
COc1cccc(CN2CC=C(c3c[nH]c4ccc(OC(C)C)cc34)CC2)c1,6.52
CCOc1ccc2[nH]cc(C3=CCN(Cc4ccccc4)CC3)c2c1,6.82
COc1ccc(CN2CC=C(c3c[nH]c4ccc(OC)cc34)CC2)cc1,6.83
CC(C)Oc1ccc2[nH]cc(C3=CCN(Cc4cccs4)CC3)c2c1,6.33
C1=C(c2c[nH]c3ccccc23)CCN(Cc2cccs2)C1,7.14
C1=C(c2c[nH]c3ccccc23)CCN(Cc2ccco2)C1,6.59
CCOc1ccc2[nH]cc(C3=CCN(Cc4cccc(OC)c4)CC3)c2c1,6.97
COc1cccc(CN2CC=C(c3c[nH]c4ccccc34)CC2)c1,7.57
COc1ccc2[nH]cc(C3=CCN(Cc4ccco4)CC3)c2c1,6.85
COc1ccc2[nH]cc(C3=CCN(Cc4cccs4)CC3)c2c1,6.85
CCCN(CCc1ccc(NC(=O)CCC(=O)NCCCCCC(=O)NCc2ccc(C(=O)NCCCCCC(=O)NCCCCCCNC(=O)c3nn(-c4ccc(Cl)cc4Cl)c(-c4ccc(Cl)cc4)c3C)cc2)cc1)C1CCc2c(O)cccc2C1,8.66
CCCN(CCc1ccc(NC(=O)CCC(=O)NCCCCCC(=O)NCc2ccc(C(=O)NCCCCCC(=O)NCCCCCC(=O)NCc3ccc(C(=O)NCCCCCC(=O)NCCCCCCNC(=O)c4nn(-c5ccc(Cl)cc5Cl)c(-c5ccc(Cl)cc5)c4C)cc3)cc2)cc1)C1CCc2c(O)cccc2C1,8.38
CCCN(CCc1ccc(NC(=O)CCC(=O)NCCOCCOCC(=O)NCCOCCOCC(=O)NCCCCC(NC(C)=O)C(=O)NCCCCC(NC(C)=O)C(=O)NCCCCCCNC(=O)c2nn(-c3ccc(Cl)cc3Cl)c(-c3ccc(Cl)cc3)c2C)cc1)C1CCc2c(O)cccc2C1,8.96
CCCN(CCc1ccc(NC(=O)CCC(=O)NCCOCCOCC(=O)NCCCCC(NC(C)=O)C(=O)NCCCCC(NC(C)=O)C(=O)NCCCCCCNC(=O)c2nn(-c3ccc(Cl)cc3Cl)c(-c3ccc(Cl)cc3)c2C)cc1)C1CCc2c(O)cccc2C1,8.62
COc1ccccc1N1CCN(CCCCCCn2c(=O)n3c4c(cccc42)CCC3)CC1,8.7
O=C1c2cccc3cccc(c23)N1CCCCCCN1CCN(c2ccccc2[N+](=O)[O-])CC1,6.37
COc1ccc(N2CCN(CCCCCCN3C(=O)c4cccc5cccc(c45)C3=O)CC2)cc1,4.4
O=C1c2cccc3cccc(c23)C(=O)N1CCCCCCN1CCN(c2ccccn2)CC1,5.88
O=[N+]([O-])c1ccccc1N1CCN(CCCCCCN2c3cccc4cccc(c34)S2(=O)=O)CC1,6.58
CCOc1ccccc1N1CCN(CCCCCCN2c3cccc4cccc(c34)S2(=O)=O)CC1,7.52
O=C1c2cccc3cccc(c23)N1CCCCCCN1CCN(c2ccccn2)CC1,6.06
COc1cccc(N2CCN(CCCCCCN3C(=O)c4cccc5cccc(c45)C3=O)CC2)c1,6.57
O=C1c2cccc3cccc(c23)N1CCCCCCN1CCN(c2ncccn2)CC1,6.73
COc1cccc(N2CCN(CCCCCCN3C(=O)c4cccc5cccc3c45)CC2)c1,6.94
O=C1c2cccc3cccc(c23)N1CCCCCCN1CCN(c2cccc3cccnc23)CC1,7.09
CCOc1ccccc1N1CCN(CCCCCCN2C(=O)c3cccc4cccc2c34)CC1,7.96
O=S1(=O)c2cccc3cccc(c23)N1CCCCCCN1CCN(c2ccccn2)CC1,6.93
COc1ccc(N2CCN(CCCCCCN3C(=O)c4cccc5cccc3c45)CC2)cc1,6.75
O=C1c2cccc3cccc(c23)C(=O)N1CCCCCCN1CCN(c2ccccc2[N+](=O)[O-])CC1,6.85
CCOc1ccccc1N1CCN(CCCCCCN2C(=O)c3cccc4cccc(c34)C2=O)CC1,7.57
COc1ccccc1N1CCN(CCCCCCN2C(=O)c3cccc4cccc(c34)C2=O)CC1,8.0
O=S1(=O)c2cccc3cccc(c23)N1CCCCCCN1CCN(c2cccc(Cl)c2Cl)CC1,6.66
O=C1c2cccc3cccc(c23)N1CCCCCCN1CCN(c2ccc(Br)cc2)CC1,6.69
O=C1c2cccc3cccc(c23)N1CCCCCCN1CCN(c2ccc(Cl)cc2)CC1,6.71
O=C1c2cccc3cccc(c23)N1CCCCCCN1CCN(c2ccc(Cl)c(Cl)c2)CC1,6.61
O=C1c2cccc3cccc(c23)N1CCCCCCN1CCN(c2ccc(C(F)(F)F)cc2)CC1,6.03
O=S1(=O)c2cccc3cccc(c23)N1CCCCCCN1CCN(c2ccc(Cl)c(Cl)c2)CC1,6.59
O=S1(=O)c2cccc3cccc(c23)N1CCCCCCN1CCN(c2cccc(Cl)c2)CC1,6.92
O=C1c2cccc3cccc(c23)N1CCCCCCN1CCN(c2cccc(C(F)(F)F)c2)CC1,6.3
O=S1(=O)c2cccc3cccc(c23)N1CCCCCCN1CCN(c2cccc(C(F)(F)F)c2)CC1,6.52
O=C1c2cccc3cccc(c23)N1CCCCCCN1CCN(c2cccc(Cl)c2Cl)CC1,7.03
O=S1(=O)c2cccc3cccc(c23)N1CCCCCCN1CCN(c2ccccc2Cl)CC1,6.85
O=S1(=O)c2cccc3cccc(c23)N1CCCCCCN1CCN(c2ccc(Cl)cc2)CC1,6.47
O=C1c2cccc3cccc(c23)N1CCCCCCN1CCN(c2ccccc2C(F)(F)F)CC1,6.79
O=S1(=O)c2cccc3cccc(c23)N1CCCCCCN1CCN(c2ccc(C(F)(F)F)cc2)CC1,6.03
O=S1(=O)c2cccc3cccc(c23)N1CCCCCCN1CCN(c2ccccc2F)CC1,7.05
O=C1c2cccc3cccc(c23)N1CCCCCCN1CCN(c2ccccc2Cl)CC1,7.24
O=C1c2cccc3cccc(c23)N1CCCCCCN1CCN(c2cccc(Cl)c2)CC1,7.12
COc1ccccc1N1CCN(CC2COCC(c3ccccc3)(c3ccccc3)O2)CC1,6.95
COc1ccccc1OCCNCC1OCCOC1(c1ccccc1)c1ccccc1,6.49
COc1ccccc1N1CCN(CC2OCCOC2(c2ccccc2)c2ccccc2)CC1,5.66
Cc1ncc2nccn2c1-c1ccc(Oc2nccc3occc23)cc1C(F)(F)F,5.02
FC(F)(F)c1cc(Oc2nccc3ccsc23)ccc1-c1cccc2nccn12,5.06
Cc1cc(Oc2nccc3occc23)ccc1-c1c(C)ncc2nccn12,5.08
FC(F)(F)c1cc(Oc2nccc3occc23)ccc1-c1cccc2nccn12,5.12
Cc1cccc(NC(=O)CCN2CCN(c3ccccn3)CC2)c1,4.92
CCc1cccc(NC(=O)CN2CCN(c3ccc(Cl)cn3)CC2)c1,4.33
Cc1cccc(NC(=O)CCN2CCC(c3ccccn3)CC2)c1,5.23
Cc1cccc(NC(=O)CN2CCN(c3ncccn3)CC2)c1,5.19
Cc1ccc(C2CCN(CC(=O)Nc3cccc(C)c3)CC2)cc1,5.11
Cc1cccc(NC(=O)CN2CCC(c3ccccc3)CC2)c1,6.09
Cc1cccc(NC(=O)CCN2CCN(c3ncccn3)CC2)c1,5.73
Cc1cccc(NC(=O)CN2CCN(c3cccc4ccccc34)CC2)c1,5.83
Cn1cncc1-c1c[nH]c2ccc(Br)cc12,5.73
CCn1cncc1-c1c[nH]c2ccc(I)c(F)c12,5.15
CCn1cncc1-c1c[nH]c2ccc(Cl)c(F)c12,5.03
CCn1cncc1-c1c[nH]c2c(F)cc(I)cc12,5.52
COc1ccccc1N1CCC2(CCN(CCCSc3nnc(-c4ccc(F)cc4)n3C)CC2)CC1,4.8
COc1ccccc1N1CCC2(CCN(CCSc3nnc(-c4ccccc4)n3C)CC2)CC1,5.05
COc1ccccc1N1CCC2(CCN(CCCSc3nnc(-c4ccccc4)n3N)CC2)CC1,4.86
COc1ccccc1N1CCC2(CCN(CCCSc3nnc(C4CCCCC4)n3C)CC2)CC1,4.9
COc1ccccc1-c1nnc(SCCCN2CCC3(CC2)CCN(c2ccccc2OC)CC3)n1C,5.67
COc1cc(F)ccc1N1CCC2(CCN(CCCSc3nnc(-c4ccccc4)n3C)CC2)CC1,4.71
COc1ccccc1N1CCC2(CCN(CCCSc3nnc(-c4cccnc4)n3C)CC2)CC1,4.31
COc1ccccc1N1CCC2(CCN(CCCSc3nnc(-c4ccccc4F)n3C)CC2)CC1,4.71
COc1ccccc1N1CCC2(CCN(CCCCNC(=O)c3ccc(N(C)C)cc3)CC2)CC1,5.42
CCCCN1CCC2(CC1)CCN(c1ccccc1OC)C2,4.59
CCCCN1CCC2(CCN(c3ccccc3OC)C2)C1,4.58
Cn1c(SCCCN2CCNCC2)nnc1-c1ccccc1,4.13
Cn1c(SCCCN2CCC3(CC2)CCN(c2ccccc2F)CC3)nnc1-c1ccccc1,4.58
Cn1c(SCCCN2CCC3(CC2)CCN(c2ccccc2O)CC3)nnc1-c1ccccc1,4.75
COc1ccccc1N1CCC2(CCN(CCCCNC(=O)c3ccc(-c4ccsc4)cc3)CC2)CC1,5.56
CCCCN1CCC2(CC1)CCN(c1ccccc1OC)CC2,4.57
Cn1c(SCCCN2CCC3(CC2)CCN(c2ccc(C(F)(F)F)cc2F)CC3)nnc1-c1ccccc1,4.67
CCOc1ccccc1N1CCC2(CCN(CCCSc3nnc(-c4ccccc4)n3C)CC2)CC1,5.29
COc1ccccc1N1CCC2(CCN(CCCSc3nnc(-c4ccccc4)n3C)C2)CC1,4.68
COc1ccccc1N1CCC2(CCN(CCCOc3ccc4c(c3)NC(=O)CC4)CC2)CC1,5.58
Cn1c(SCCCN2CCCCC2)nnc1-c1ccccc1,4.01
COc1ccccc1N1CCC2(CCN(CCCSc3nnc(-c4ccc(-c5ncco5)cc4)n3C)CC2)CC1,5.8
Cn1c(SCCCN2CCC3(CC2)CCN(c2ccccc2OCCF)CC3)nnc1-c1ccccc1,5.2
Cn1c(SCCCN2CCC(C)(C)CC2)nnc1-c1ccccc1,4.22
COc1ccccc1N1CCC2(CCN(CCCSc3ncc(-c4ccccc4)n3C)CC2)CC1,4.45
COc1ccccc1N1CCC2(CCN(CCCCSc3nnc(-c4ccccc4)n3C)CC2)CC1,5.03
CCn1c(SCCCN2CCC3(CC2)CCN(c2ccccc2OC)CC3)nnc1-c1ccccc1,5.25
COc1ccc(N2CCC3(CCN(CCCSc4nnc(-c5ccccc5)n4C)CC3)CC2)c(OC)c1,4.19
CCCSc1nnc(-c2ccccc2)n1C,3.74
COc1ccccc1N1CCC2(CCN(CCCSc3nnc(-c4ccccc4)[nH]3)CC2)CC1,5.93
COc1ccccc1N1C=CC2(CCN(CCCSc3nnc(-c4ccccc4)n3C)CC2)CC1,6.71
O=c1c(-c2ccccc2)c2ccccn2c(=O)n1CCCCN1CCCC(c2c[nH]c3ccccc23)C1,4.75
O=c1c(-c2ccc(F)cc2)c2ccccn2c(=O)n1CCCCN1CCCC(c2c[nH]c3ccccc23)C1,6.02
COc1ccc(-c2c(=O)n(CCCCN3CCCC(c4c[nH]c5ccccc45)C3)c(=O)n3ccccc23)cc1,5.95
CCCN(CCCCNC(=O)c1ccc2ccccc2c1)CC1CC1c1cccc(F)c1,5.32
CCCN(CCCCNC(=O)c1ccc2ccccc2c1)CC1CC1c1cccc(Cl)c1Cl,6.17
CCCN(CCCCNC(=O)c1cc2ccccc2[nH]1)CC1CC1c1ccc(F)cc1,5.23
CCOc1ccc(F)cc1C1CC1CNCCCSc1nnc(-c2ccccc2)n1C,6.18
CCCN(CCCCNC(=O)c1cc2ccccc2[nH]1)CC1CC1c1cccc(Cl)c1Cl,6.27
CN(CCCSc1nnc(-c2ccccc2)n1C)CC1CC1c1cc(F)ccc1OCCF,5.61
CCN(CCCCNC(=O)c1ccc2ccccc2c1)CC1CC1c1cc(Cl)ccc1OC,6.39
CCN(CCCCNC(=O)c1ccc2ccccc2c1)CC1CC1c1cc(F)ccc1OC,6.39
COc1ccc(F)cc1C1CC1CN(C)CCCSc1nnc(-c2ccccc2)n1C,6.49
COc1ccc(F)cc1C1CC1CNCCCSc1nnc(-c2ccccc2)n1C,6.6
CCCN(CCCCNC(=O)c1ccc(-c2ccccn2)cc1)CC1CC1c1cccc(Cl)c1Cl,6.26
CCN(CCCSc1nnc(-c2ccccc2)n1C)CC1CC1c1cc(Cl)ccc1OC,6.62
COc1ccc(Cl)cc1C1CC1CN(CCCSc1nnc(-c2ccccc2)n1C)CC1CC1,6.67
CCCN(CCCCNC(=O)c1cc2ccccc2[nH]1)CC1CC1c1ccc(Cl)cc1,5.5
CCCN(CCCCNC(=O)c1ccc(-c2ccccn2)cc1)CC1CC1c1cc(Cl)ccc1OC,5.68
CCCN(CCCCNC(=O)c1cc2ccccc2[nH]1)CC1CC1c1cccc(F)c1,5.46
CCCN(CCCCNC(=O)c1cc2ccccc2[nH]1)CC1CC1c1cccc(Cl)c1,5.46
CCCN(CCCCNC(=O)c1cc2ccccc2[nH]1)CC1CC1c1cc(F)ccc1OC,6.29
Cn1c(SCCCNCC2CC2c2cc(F)ccc2OCCF)nnc1-c1ccccc1,5.82
CCCN(CCCSc1nnc(-c2ccccc2)n1C)CC1CC1c1cc(Cl)ccc1OC,6.63
COc1ccc(F)cc1C1CC1CN(CCCSc1nnc(-c2ccccc2)n1C)C(C)C,6.29
CCN(CCCCNC(=O)c1cc2ccccc2[nH]1)CC1CC1c1cc(F)ccc1OC,6.42
CCCN(CCCSc1nnc(-c2ccccc2)n1C)CC1CC1c1cc(F)ccc1OC,5.93
CCCN(CCCCNC(=O)c1ccc(-c2ccccn2)cc1)CC1CC1c1cc(F)ccc1OC,5.91
CCCN(CCCCNC(=O)c1ccc2ccccc2c1)CC1CC1c1cc(F)ccc1OC,5.96
CCCN(CCCCNC(=O)c1ccc2ccccc2c1)CC1CC1c1cc(Cl)ccc1OC,5.95
CCCN(CCCCNC(=O)c1cc2ccccc2[nH]1)CC1CC1c1cc(Cl)ccc1OC,5.85
CCCN(CCC1(O)CC(NC(=O)c2ccc3ccccc3c2)C1)C1CCc2nc(N)sc2C1,7.68
NC(=O)c1ccn(-c2cccc(OC(=O)NCCN3CCN(c4ccccc4)CC3)c2)c1,6.73
Cc1cc(C(N)=O)c(-c2cccc(OC(=O)NCCN3CCN(c4ccccc4)CC3)c2)s1,6.67
Cc1cc(C(N)=O)c(-c2cccc(OC(=O)NCCCN3CCN(c4ccccc4)CC3)c2)o1,7.54
CCc1cc2c(cc1N1CCN(CC(O)CCNC(=O)c3cc4ccccc4[nH]3)CC1)OCO2,6.27
CCc1cc(Cl)c(OC)c(N2CCN(CC(F)CCNC(=O)c3cc4ccccc4[nH]3)CC2)c1,4.72
CCc1cccc(N2CCN(CC(O)CCNC(=O)c3ccc4c(c3)OCO4)CC2)c1Cl,6.37
CCc1cccc(N2CCN(CC(F)CCNC(=O)c3cc4ccccc4o3)CC2)c1Cl,6.48
CCc1cccc(N2CCN(CC(F)CCNC(=O)c3cc4ccccc4[nH]3)CC2)c1Cl,7.1
CCc1cccc(N2CCN(CC(O)CCNC(=O)c3cc4ccccc4[nH]3)CC2)c1Cl,7.12
CCc1cc(Cl)c(OC)c(N2CCN(CC(F)CCNC(=O)c3cc4ccccc4o3)CC2)c1,4.97
CCc1cc(Cl)c(OC)c(N2CCN(CC(O)CCNC(=O)c3ccc4c(c3)OCO4)CC2)c1,6.44
CCc1cc2c(cc1N1CCN(CC(O)CCNC(=O)c3cc4ccccc4o3)CC1)OCO2,5.84
OC1(c2ccc(Cl)cc2)CCN(CCC#Cc2ccc(F)cc2)CC1,7.13
O=C(CCCN1CCC(O)(c2ccc(Cl)cc2)CC1)c1ccccc1,8.75
O=C(CCCN1CCC(O)(c2ccc(Cl)cc2)CC1)c1c(F)cccc1F,7.2
O=C(CCCN1CCC(O)(c2ccc(F)cc2)CC1)c1ccc(F)cc1,8.48
OC1(c2ccc(Cl)cc2)CCN(CCCc2ccc(F)cc2)CC1,7.21
O=C(CCCN1CCC(O)(c2ccc(Cl)cc2)CC1)c1cccc(F)c1F,7.33
O=C(CCCN1CCC(O)(c2ccc(Cl)cc2)CC1)c1cccc(F)c1,7.42
O=C(CCCN1CCC(O)(c2ccccc2)CC1)c1ccccc1,7.49
COC1(c2ccc(Cl)cc2)CCN(CCCC(=O)c2ccc(F)cc2)CC1,8.72
O=C(CCCN1CCC(O)(c2ccc(Cl)cc2)CC1)c1ccc(F)cc1F,7.08
Cc1ccccc1C(=O)CCCN1CCC(O)(c2ccc(Cl)cc2)CC1,8.45
O=C(CCCN1CCC(c2ccc(Cl)cc2)CC1)c1ccc(F)cc1,8.76
O=C(CCCN1CCC(O)(c2cccc(Cl)c2Cl)CC1)c1ccc(F)cc1,9.92
O=C(CCCN1CCC(O)(c2ccc(Cl)c(Cl)c2)CC1)c1ccc(F)cc1,9.81
O=C(CCCN1CCC2(c3ccc(Cl)cc3)CC2C1)c1ccc(F)cc1,9.8
OC1(c2ccc(Cl)cc2)CCN(CC#Cc2ccc(F)cc2)CC1,6.55
O=C(CCCN1CCC(O)(c2ccc(C(F)(F)F)cc2)CC1)c1ccc(F)cc1,9.49
O=C(CCCN1CCC(O)(c2cc(Cl)cc(Cl)c2)CC1)c1ccc(F)cc1,9.35
Cc1ccc(C2(O)CCN(CCCC(=O)c3ccc(F)cc3)CC2)cc1,9.14
O=C(CCCN1CCC(O)(c2ccc(Cl)cc2)CC1)c1cc(F)cc(F)c1,6.77
O=C(CCCN1CCC(O)(c2cc(Cl)ccc2Cl)CC1)c1ccc(F)cc1,8.99
O=C(CCCN1CCC(O)(c2c(Cl)cccc2Cl)CC1)c1ccc(F)cc1,8.83
OC1(c2ccc(Cl)cc2)CCN(CCC2CC2c2ccc(F)cc2)CC1,8.82
O=C(CCN1CCC(O)(c2ccc(Cl)cc2)CC1)c1ccc(F)cc1,6.88
O=C(CCCN1CCC(O)(c2ccc(Cl)cc2)CC1)c1cc(F)ccc1F,6.95
O=C(CCCN1CCC(O)(c2cccc(Cl)c2)CC1)c1ccc(F)cc1,9.0
O=C(CCCN1CCC(O)(c2ccccc2Cl)CC1)c1ccc(F)cc1,8.67
OC1(c2ccc(Cl)cc2)CCN(CCC=Cc2ccc(F)cc2)CC1,7.95
O=C(CCCN1CCC(O)(c2ccc(Cl)cc2)CC1)c1ccccc1Cl,8.45
O=C(CCCCN1CCC(O)(c2ccc(Cl)cc2)CC1)c1ccc(F)cc1,7.92
O=C(CCCN1CCC(O)(c2ccc(Cl)cc2Cl)CC1)c1ccc(F)cc1,8.58
O=C(CCCN1CCC(O)(c2ccccc2)CC1)c1ccc(F)cc1,8.12
O=C(CCCN1CCC(O)(c2ccc(Cl)cc2)CC1)c1ccc(F)c(F)c1,8.11
CN(C)c1ccc(C2(O)CCN(CCCC(=O)c3ccc(F)cc3)CC2)cc1,8.28
O=C(CCCN1CCC(O)(c2ccccc2-c2ccccc2Cl)CC1)c1ccc(F)cc1,8.61
O=C(CCCN1CCC(c2ccccc2)CC1)c1ccc(F)cc1,8.11
O=C(CCCN1CCC(O)(c2ccc(F)cc2)CC1)c1ccc(Cl)cc1,7.75
OC1(c2ccc(Cl)cc2)CCN(CCCC#Cc2ccc(F)cc2)CC1,7.72
O=C(CCCN1CCC(O)(c2ccc(Cl)cc2)CC1)c1ccccc1F,8.1
O=C(CCCN1CC=C(c2ccc(Cl)cc2)CC1)c1ccc(F)cc1,8.0
COc1ccc2c(c1)c(C1=CCNCC1)cn2S(=O)(=O)c1cncc2ccccc12,5.48
COc1ccc2c(c1)c(C1=CCNCC1)cn2S(=O)(=O)c1ccc2cccnc2c1,6.62
O=S(=O)(c1ccc2ncccc2c1)n1cc(C2=CCNCC2)c2ccccc21,5.85
COc1ccc2c(c1)c(C1=CCNCC1)cn2S(=O)(=O)c1cccc2ncccc12,6.52
O=S(=O)(c1ccc2cccnc2c1)n1cc(C2=CCNCC2)c2cc(Cl)ccc21,5.93
CCc1cc(Cl)c(OC)c(N2CCNCC2)c1,6.21
CCc1cc(Cl)c(OC)c(N2CCN(CCCCNC(=O)c3cc4ccccc4o3)CC2)c1,6.86
CCc1cc(Cl)c(OC)c(N2CCN(CC(O)CCNC(=O)c3cc4ccccc4o3)CC2)c1,5.79
CCc1cccc(N2CCN(CCC(O)CNC(=O)c3cc4ccccc4[nH]3)CC2)c1Cl,8.17
CCc1cc(Cl)c(OC)c(N2CCN(CCCCNC(=O)c3cc4ccccc4[nH]3)CC2)c1,7.56
CCc1cccc(N2CCN(CCCCNC(=O)c3cc4ccccc4o3)CC2)c1Cl,8.2
CCc1cccc(N2CCN(CCCCNC(=O)c3nc(C)c[nH]3)CC2)c1Cl,7.91
CCc1cccc(N2CCN(CCCCNC(=O)c3cn4ccccc4n3)CC2)c1Cl,8.25
CCc1cccc(N2CCN(CCCCNC(=O)c3cc4ccccc4[nH]3)CC2)c1Cl,8.26
CCc1cccc(N2CCN(CCCCNC(=O)c3nc4sccn4c3C)CC2)c1Cl,8.33
CCCCN1CCN(c2cccc(CC)c2Cl)CC1,8.53
CCc1cccc(N2CCN(CC(O)CCNC(=O)c3nc(C)c[nH]3)CC2)c1Cl,6.82
CCc1c[nH]c(C(=O)NCCCCN2CCN(c3cccc(CC)c3Cl)CC2)n1,7.9
CCc1cccc(N2CCNCC2)c1Cl,6.86
CCc1cccc(N2CCN(C)CC2)c1Cl,7.24
CCCCN1CCN(c2cc(CC)cc(Cl)c2OC)CC1,7.53
O=S(=O)(c1ccccc1)N1Cc2cccc(C3CCN(C4CCC4)CC3)c2C1,5.74
CCN1CCN(c2ccc3c(c2)N(S(=O)(=O)c2ccccc2)CC3)CC1,6.87
CCN1CCN(c2ccc3c(c2)CCN3S(=O)(=O)c2ccccc2)CC1,6.36
CCN1CCN(c2cccc3c2CN(S(=O)(=O)c2ccccc2)C3)CC1,6.51
O=S(=O)(c1ccccc1)N1CCc2c(N3CCN(C4CCC4)CC3)cccc21,6.45
O=S(=O)(c1ccccc1)N1CCc2c(C3CCN(C4CCC4)CC3)cccc21,5.98
CCN1CCN(c2cccc3c2CCN3S(=O)(=O)c2ccccc2)CC1,7.08
O=S(=O)(c1ccccc1)N1CCc2ccc(N3CCN(C4CCC4)CC3)cc21,6.39
CCCN1CCN(c2ccc3c(c2)N(S(=O)(=O)c2ccccc2)CC3)CC1,7.02
CCCN1CCN(c2cccc3c2CCN3S(=O)(=O)c2ccccc2)CC1,7.38
CCCN1CCC(c2ccc3c(c2)N(S(=O)(=O)c2ccccc2)CC3)CC1,6.49
C=CCN1CCc2cc(OC)c(O)cc2C(c2c(Cl)cccc2Cl)C1,5.82
CN1CCc2cccc3c2C1Cc1ccc2nc(N)sc2c1-3,5.76
COc1cc2c3c(c1O)-c1cc(N)ccc1CC3N(C)CC2,6.64
COc1cc2c3c(c1O)-c1cc([N+](=O)[O-])ccc1CC3N(C)CC2,6.5
C#CCOc1c(OC)cc2c3c1-c1cc(NC(C)=O)ccc1CC3N(C)CC2,6.07
COc1cc2c3c(c1OC)-c1cc(N)ccc1CC3N(C)CC2,6.58
C#CCOc1c(OC)cc2c3c1-c1cc(N)ccc1CC3N(C)CC2,6.37
COc1cc2c3c(c1OC)-c1cc(NC(C)=O)ccc1CC3N(C)CC2,6.01
COc1cc2c3c(c1OC)-c1cc([N+](=O)[O-])ccc1CC3N(C)CC2,6.32
CN1CCc2cccc3c2C1Cc1ccc(N)cc1-3,6.17
COc1cc2c3c(c1OC1CC1)-c1cc(N)ccc1CC3N(C)CC2,6.02
C#CCOc1c(OC)cc2c3c1-c1cc([N+](=O)[O-])ccc1CC3N(C)CC2,5.69
O=S(=O)(c1ccccc1)N(CCCCCCN1CCN(c2nsc3ccccc23)CC1)c1cccc(C(F)(F)F)c1,6.79
O=S(=O)(NCCCCCCN1CCN(c2nsc3ccccc23)CC1)c1ccccc1,7.51
O=c1oc2ccccc2n1CCCCCCN1CCN(c2nsc3ccccc23)CC1,7.8
c1ccc2oc(SCCCCCCN3CCN(c4nsc5ccccc45)CC3)nc2c1,7.48
O=C1c2ccccc2C(=O)N1CCCCCCN1CCN(c2nsc3ccccc23)CC1,8.0
O=C1C2C3CCC(C3)C2C(=O)N1CCCCCCN1CCN(c2cccc(Cl)c2Cl)CC1,7.26
O=C1C2C3CCC(C3)C2C(=O)N1CCCCCCN1CCN(c2ccccc2Cl)CC1,7.46
O=S(=O)(NCCCCCCN1CCN(c2nsc3ccccc23)CC1)c1ccc2ccccc2c1,7.57
O=c1n(CCCCCCN2CCN(c3nsc4ccccc34)CC2)nc2ccccn12,8.05
O=C1C2C3CCC(C3)C2C(=O)N1CCCCCCN1CCN(c2cccc(Cl)c2)CC1,6.65
O=S(=O)(NCCCCCCN1CCN(c2nsc3ccccc23)CC1)c1cccc2ccccc12,7.51
O=C1CCc2cc(OCCCCCCN3CCN(c4nsc5ccccc45)CC3)ccc2N1,7.41
Cc1ccc(S(=O)(=O)N(CCCCCCN2CCN(c3nsc4ccccc34)CC2)c2ccccc2)cc1,6.97
O=c1n(CCCCCCN2CCN(c3nsc4ccccc34)CC2)c2cccc3c2n1CCC3,9.0
O=S1(=O)c2cccc3cccc(c23)N1CCCCCCN1CCN(c2nsc3ccccc23)CC1,7.75
O=C1C2C3CCC(C3)C2C(=O)N1CCCCCCN1CCN(c2ccc(Cl)cc2)CC1,6.43
O=C1c2cccc3cccc(c23)N1CCCCCCN1CCN(c2nsc3ccccc23)CC1,7.25
O=C(NCCCCCCN1CCN(c2nsc3ccccc23)CC1)c1ccccc1,7.85
O=C1C2C3CCC(C3)C2C(=O)N1CCCCCCN1CCN(c2cccc(C(F)(F)F)c2)CC1,6.78
O=c1[nH]c2ccccc2n1CCCCCCN1CCN(c2nsc3ccccc23)CC1,7.8
O=C1C2C3CCC(C3)C2C(=O)N1CCCCCCN1CCN(c2nsc3ccccc23)CC1,9.0
COc1ccccc1N1CCN(CCCCCCN2C(=O)C3C4CCC(C4)C3C2=O)CC1,7.39
O=C1c2cccc3cccc(c23)C(=O)N1CCCCCCN1CCN(c2nsc3ccccc23)CC1,7.23
O=C1c2ccccc2C=Cc2ccccc2N1CCCN1CCOCC1,4.72
CN1CCN(CCCN2C(=O)c3ccccc3C=Cc3ccccc32)CC1,5.12
CN(C)CCN1C(=O)c2ccccc2N(C)C(=O)c2ccccc21,4.18
COc1ccccc1OCCNCC1(F)CCN(C(=O)c2ccc(Cl)c(Cl)c2)CC1,6.47
CC1(C)Cc2cccc(OCCNCC3(F)CCN(C(=O)c4ccc(F)c(Cl)c4)CC3)c2O1,7.54
O=C(c1ccc(Cl)c(Cl)c1)N1CCC(F)(CNCCOc2cccc3cccnc23)CC1,6.36
O=C(c1ccc(Cl)c(Cl)c1)N1CCC(F)(CNCCOc2cccc3c2OCCO3)CC1,6.04
COc1ccccc1OCCNCC1(F)CCN(C(=O)c2ccc(F)c(Cl)c2)CC1,6.17
CC1C=C(C2=Nc3cc(Cl)ccc3Nc3ccc(Cl)cc32)CCN1C,6.97
Cc1ccc2c(c1)N=C(C1=CC(C)N(C)CC1)c1cc(Cl)ccc1N2,7.01
CC1C=C(C2=Nc3ccccc3Nc3ccc(Cl)cc32)CCN1C,6.91
CC1C=C(C2=Nc3cc(Cl)ccc3Nc3ccc(C#N)cc32)CCN1C,6.87
Cc1ccc2c(c1)C(C1=CC(C)N(C)CC1)=Nc1cc(Cl)ccc1N2,7.2
CN1CCN(C2CC(c3ccccc3)c3ccc(Cl)cc32)CC1(C)C,7.55
CCc1ccc2c(c1)C(C1=CC(C)N(C)CC1)=Nc1cc(Cl)ccc1N2,7.55
CCOc1ccc2c(c1)C(C1=CC(C)N(C)CC1)=Nc1cc(Cl)ccc1N2,7.33
CC1C=C(C2=Nc3cc(Cl)ccc3Nc3ccc(OC(F)(F)F)cc32)CCN1C,6.96
COc1ccc2c(c1)C(C1=CC(C)N(C)CC1)=Nc1cc(Cl)ccc1N2,7.16
CC1C=C(C2=Nc3cc(Cl)ccc3Nc3ccc(F)cc32)CCN1C,6.9
CC1C=C(C2=Nc3cc(Cl)ccc3Nc3ccccc32)CCN1C,6.32
CN1CCc2cc(Cl)c(O)cc2C2c3ccccc3CCC21,5.91
Cc1ccc2c(c1)C(C1=CC(C)N(C)CC1)=Nc1ccccc1N2,6.09
CN1CCC(C2=Nc3cc(Cl)ccc3Nc3ccccc32)=CC1(C)C,5.93
CCN(C)C(=O)NC1CCC(CCN2CCc3ccc(Cl)cc3C(C)C2)CC1,7.62
CC1CN(CCC2CCC(NC(=O)Nc3ccccc3)CC2)CCc2ccc(Cl)cc21,8.55
CC1CN(CCC2CCC(N3C(=O)C4C5CCC(C5)C4C3=O)CC2)CCc2ccc(Cl)cc21,7.5
CC1CN(CCC2CCC(N3C(=O)C4C5C=CC(C5)C4C3=O)CC2)CCc2ccc(Cl)cc21,7.36
CC1CN(CCC2CCC(NC(=O)C3CCCO3)CC2)CCc2ccc(Cl)cc21,7.69
CC1CN(CCC2CCC(N3C(=O)CC4(CCCC4)CC3=O)CC2)CCc2ccc(Cl)cc21,7.92
CC1CN(CCC2CCC(NC(=O)N3CCOCC3)CC2)CCc2ccc(Cl)cc21,8.54
CC1CN(CCC2CCC(N3C(=O)C4CCCCC4C3=O)CC2)CCc2ccc(Cl)cc21,7.85
CCCC(=O)NC1CCC(CCN2CCc3ccc(Cl)cc3C(C)C2)CC1,7.08
CC1CN(CCC2CCC(NC(=O)N(C)c3ccccc3)CC2)CCc2ccc(Cl)cc21,6.72
CC1CN(CCC2CCC(NC(=O)N3CCCC3)CC2)CCc2ccc(Cl)cc21,8.2
CC1CN(CCC2CCC(NC(=O)C3CCCCC3)CC2)CCc2ccc(Cl)cc21,7.0
CC1CN(CCC2CCC(NC(=O)N(C)C)CC2)CCc2ccc(Cl)cc21,8.23
CC1CN(CCC2CCC(NC(=O)c3ccco3)CC2)CCc2ccc(Cl)cc21,7.03
CCN(CC)C(=O)NC1CCC(CCN2CCc3ccc(Cl)cc3C(C)C2)CC1,7.04
O=S(=O)(NC1CCN(CCCc2noc3ccccc23)C1)c1cccc2ccccc12,7.69
O=S(=O)(NC1CCN(CCCc2noc3ccccc23)C1)c1cc2ccccc2s1,9.35
O=S(=O)(NC1CCN(CCCc2noc3ccccc23)C1)c1ccc(F)cc1,7.02
COc1ccc2cc(S(=O)(=O)NC3CCN(CCCc4noc5ccccc45)C3)ccc2c1,8.51
Cn1ccc2cc(S(=O)(=O)NC3CCN(CCCc4noc5ccccc45)C3)ccc21,9.03
O=S(=O)(NC1CCN(CCCc2noc3ccccc23)C1)c1cc2ccc(F)cc2s1,8.85
Cc1cccc(S(=O)(=O)NC2CCN(CCCc3noc4ccccc34)C2)c1,7.5
O=S(=O)(NC1CCN(CCCc2noc3ccccc23)C1)c1cc2ccccc2o1,8.91
O=S(=O)(NC1CCN(CCCc2noc3ccccc23)C1)c1ccc2cc(Cl)ccc2c1,8.59
O=S(=O)(NC1CCN(CCCc2noc3ccccc23)C1)c1csc2ccccc12,7.7
O=S(=O)(NC1CCN(CCCc2noc3ccccc23)C1)c1ccc(F)c(Cl)c1,7.25
O=S(=O)(NC1CCN(CCCc2noc3ccccc23)C1)c1cccc(Cl)c1,7.25
O=S(=O)(NC1CCN(CCCc2noc3ccccc23)C1)c1cc2ccc(Cl)cc2s1,8.08
Cn1ccc2c(S(=O)(=O)NC3CCN(CCCc4noc5ccccc45)C3)cccc21,8.04
O=S(=O)(NC1CCN(CCCc2noc3ccccc23)C1)c1ccc2ccccc2c1,9.7
Fc1ccc(CCCCN2CCN(c3ccc(Cl)cn3)CC2)cc1,6.71
O=C(CCCN1C2CCC1CN(c1ccc(Cl)cn1)C2)c1ccc(F)cc1,5.9
O=C(CCCN1CCCN(c2ccccn2)CC1)c1ccc(F)cc1,6.74
O=C1c2ccc(F)cc2CC1CCN1CCCN(c2ccc(Cl)cn2)CC1,6.44
Fc1ccc(CCCCN2CCN(c3cccc(-c4ccccc4)n3)CC2)cc1,6.19
Fc1ccc2c(c1)CC(CCN1CCCN(c3ccccn3)CC1)C2,6.22
O=C1c2ccc(F)cc2CC1CCN1CCCN(c2ccccn2)CC1,6.19
O=C(CCCN1CCCN(c2ccc(Cl)cn2)CC1)c1ccc(F)cc1,7.39
O=C(CCCN1CCN(c2cccnc2)CC1)c1ccc(F)cc1,5.93
O=C(CCCN1CCN(c2ccc(Cl)cn2)CC1)c1ccc(F)cc1,6.54
O=C(c1ccc(F)cc1F)N1CCC(NCCSC(c2ccc(F)cc2)c2ccc(F)cc2)CC1,5.13
O=C(c1ccccc1)N1CCC(NCCSC(c2ccc(F)cc2)c2ccc(F)cc2)CC1,5.54
OC(CNC1CCN(CCSC(c2ccc(F)cc2)c2ccc(F)cc2)CC1)Cc1ccccc1,5.64
Fc1ccc(CN2CCC(NCCSC(c3ccc(F)cc3)c3ccc(F)cc3)CC2)cc1,5.54
[O-][S+](CCNC1CCN(Cc2ccc(F)cc2)CC1)C(c1ccc(F)cc1)c1ccc(F)cc1,4.91
CC(O)CN1C(C)CN(CCSC(c2ccc(F)cc2)c2ccc(F)cc2)CC1C,4.92
CC(C)(C)C(=O)N1CCC(NCCSC(c2ccc(F)cc2)c2ccc(F)cc2)CC1,5.22
[O-][S+](CCNC1CCN(CC(O)Cc2ccccc2)CC1)C(c1ccc(F)cc1)c1ccc(F)cc1,5.18
O=C(c1ccc(F)cc1)N1CCC(NCCSC(c2ccc(F)cc2)c2ccc(F)cc2)CC1,5.05
C#CCN(C)Cc1ccc(OCCCCCN2CCN(c3cccc4c3ccn4S(=O)(=O)c3ccccc3)CC2)cc1,6.09
CC(=O)Nc1ccc(OCCCN2CCN(c3cccc(Cl)c3Cl)CC2)cc1,6.78
CC(=O)Nc1ccc(OCC(O)CN2CCC(c3noc4cc(F)ccc34)CC2)cc1,6.92
CC(=O)Nc1ccc(OCCCN2CCC(c3noc4cc(F)ccc34)CC2)cc1C,6.82
COc1ccccc1N1CCN(CCCOc2ccc(NC(C)=O)cc2)CC1,6.33
CC(=O)Nc1ccc(OCCCN2CCC(c3noc4cc(F)ccc34)CC2)cc1,8.68
CC(=O)Nc1ccc(OCCCN2CCN(c3ncccn3)CC2)cc1,6.3
CC(=O)Nc1ccc(OCCCN2CCC(c3noc4cc(F)ccc34)CC2)cc1F,6.83
CC(=O)Nc1ccc(OCCCCN2CCC(c3noc4cc(F)ccc34)CC2)cc1,5.94
CC(=O)NCc1ccc(OCCCN2CCC(c3noc4cc(F)ccc34)CC2)cc1,5.8
CC(=O)Nc1ccc(OCCCN2CCN(c3nsc4ccccc34)CC2)cc1,7.1
CC(=O)N(C)c1ccc(OCCCN2CCC(c3noc4cc(F)ccc34)CC2)cc1,7.69
CC(=O)Nc1ccc(OCCCN2CCN(c3cccc4ccsc34)CC2)cc1,7.79
O=C(NCCCCN1CCOC2c3cc(O)ccc3OCC21)c1cc2ccccc2[nH]1,5.23
CC1COC(c2ccc(N)nc2)CN1CC(O)CCNC(=O)c1cc2ccccc2[nH]1,6.0
CN1CCN(c2cccc3c2ccn3S(=O)(=O)c2ccccc2)CC1,7.51
O=S(=O)(c1cccc(Cl)c1)n1cnc2c(N3CCNCC3)nccc21,6.34
O=S(=O)(c1cccc(Cl)c1)n1c(-c2ccccc2)nc2c(N3CCNCC3)nccc21,6.13
CCc1nc2c(N3CCNCC3)nccc2n1S(=O)(=O)c1cccc(F)c1,6.16
CCCN(CCCCNC(=O)c1ccc(-c2ccc(OCc3cn(CCOCCOCCOCCOCCn4cc(COc5ccc(-c6ccc(C(=O)NCCCCN(CCC)C7Cc8ccccc8C7)cc6)cc5)nn4)nn3)cc2)cc1)C1Cc2ccccc2C1,6.6
CCCN(CCCCNC(=O)c1ccc(-c2ccc(OCc3cn(CCOCCOCCOCCn4cc(COc5ccc(-c6ccc(C(=O)NCCCCN(CCC)C7Cc8ccccc8C7)cc6)cc5)nn4)nn3)cc2)cc1)C1Cc2ccccc2C1,6.57
CCCN(CCCCc1cn(CCOCCOCCOCCn2cc(CCCCN(CCC)C3Cc4ccccc4C3)nn2)nn1)C1Cc2ccccc2C1,7.14
CCCN(CCCCc1cn(CCOCCOCCOCCOCCn2cc(CCCCN(CCC)C3Cc4ccccc4C3)nn2)nn1)C1Cc2ccccc2C1,7.18
CCCN(CCCCNC(=O)c1ccc(-c2ccc(OCc3cn(CCOCCOCCOCCOCCOCCn4cc(COc5ccc(-c6ccc(C(=O)NCCCCN(CCC)C7Cc8ccccc8C7)cc6)cc5)nn4)nn3)cc2)cc1)C1Cc2ccccc2C1,7.23
C#CCOc1ccc(-c2ccc(C(=O)NCCCCN(CCC)C3Cc4ccccc4C3)cc2)cc1,6.01
CCCN(CCCCc1cn(CCOCCOCCOCCOCCOCCn2cc(CCCCN(CCC)C3Cc4ccccc4C3)nn2)nn1)C1Cc2ccccc2C1,7.32
CN1CCCCC1CCN1c2ccc(Br)cc2Sc2cc(Br)ccc21,6.16
CSc1ccc2c(c1)N(CCC1CCCCN1C)c1ccccc1S2,8.1
CCCCCCNC(=O)N=C(N)Nc1cccc(-c2csc(N)n2)c1,5.6
CCCCCNC(=O)N=C(N)NCCCc1sc(N)nc1C,6.35
NC(=NC(=O)NCc1ccccc1)NC1CCc2nc(N)sc2C1,6.26
Cc1nc(N)sc1CCCNC(N)=NC(=O)NCC(C)CC1CCCCC1,6.32
Cc1nc(N)sc1CCCNC(N)=NC(=O)NCC(C)CCCc1ccccc1,6.23
Cc1nc(N)sc1CCCNC(N)=NC(=O)NC(C)c1ccccc1,6.81
CCCCCCNC(=O)N=C(N)NCCCc1sc(N)nc1C,6.25
CCCCCCNC(=O)N=C(N)NC1CCc2nc(N)sc2C1,5.9
Cc1nc(N)sc1CCCNC(N)=NC(=O)NC(C)c1ccco1,5.77
Cc1nc(N)sc1CCCNC(N)=NC(=O)NC(C)c1cccc(F)c1,6.5
Cc1nc(N)sc1CCCNC(N)=NC(=S)NC(C)c1ccccc1,5.93
CCC(CNC(=O)N=C(N)NCCCc1sc(N)nc1C)c1ccccc1,6.28
Cc1nc(N)sc1CCCNC(N)=NC(=O)NCC(C)C1CCCCC1,6.58
OC1c2ccc(F)cc2CC1CCN1CCN(c2ccccn2)CC1,6.29
CC(=O)Nc1ccc(C(=O)CCCN2CCN(c3ccccn3)CC2)cc1,5.96
O=C1c2ccc(Cl)cc2CC1CCCCN1CCN(c2ccccn2)CC1,5.98
O=C1CCc2cc(OCCCN3CCN(c4ccccn4)CC3)ccc2N1,5.57
O=C1c2cc(Cl)ccc2CC1CCN1CCN(c2ccccn2)CC1,5.35
CC1(CCCN2CCN(c3ccccn3)CC2)Cc2cc(Cl)ccc2C1=O,5.96
CC1(CCCCN2CCN(c3ccccn3)CC2)Cc2cc(Cl)ccc2C1=O,5.49
Clc1ccc2c(c1)CC(CCN1CCN(c3ccccn3)CC1)C2,5.91
CC(=O)Nc1ccc(CCCCN2CCN(c3ccccn3)CC2)cc1,5.71
Nc1ccc(CCCCN2CCN(c3ccccn3)CC2)cc1,6.17
Nc1ccc(C(=O)CCCN2CCN(c3ccccn3)CC2)cc1,5.96
O=C(CCCN1CCN(c2ccccn2)CC1)c1ccc2c(c1)CCC2,6.16
O=C1CCc2cc(OCCCN3CCCN(c4ccccn4)CC3)ccc2N1,5.55
O=C1c2cc(Cl)c(Cl)cc2CC1CCN1CCN(c2ccccn2)CC1,5.51
O=C1CCc2cc(CCCCN3CCN(c4ccccn4)CC3)ccc2N1,6.3
Cc1ccc2c(c1)N=C(C1=CCNCC1)c1cc(F)ccc1N2,6.07
Clc1ccc2c(c1)N=C(N1CCNCC1)c1ccccc1N2,6.31
CN1CC=C(C2=Nc3cc(F)ccc3Nc3ccc(Cl)cc32)CC1,6.97
COc1ccc2c(c1)C(C1=CCN(C)CC1)=Nc1cc(C)ccc1N2,6.48
Cc1ccc2c(c1)N=C(C1=CCN(C)CC1)c1cc(F)ccc1N2,6.35
Cc1ccc2c(c1)N=C(C1=CCN(C)CC1)c1cc(C)ccc1N2,6.16
CCN1CC=C(C2=Nc3cc(Cl)ccc3Nc3ccc(F)cc32)CC1,6.47
CN1CC=C(C2=Nc3cc(Cl)ccc3Nc3ccc(F)cc32)CC1,6.39
CCc1ccc2c(c1)C(C1=CCN(C)CC1)=Nc1cc(C)ccc1N2,6.56
CCCCC(Oc1cc(Cl)ccc1Cl)c1nc(N)nc(N2CCN(C)CC2)n1,6.99
CCC(Oc1ccc(Cl)c(Cl)c1)c1nc(N)nc(N2CCN(C)CC2)n1,6.24
CC(Oc1ccc(Cl)c(Cl)c1)c1nc(N)nc(N2CCN(C)CC2)n1,6.12
CCC(Oc1ccccc1)c1nc(N)nc(N2CCN(C)CC2)n1,5.82
CCCC(Oc1cc(Cl)cc(Cl)c1)c1nc(N)nc(N2CCN(C)CC2)n1,6.42
CC(Oc1cccc(Cl)c1Cl)c1nc(N)nc(N2CCN(C)CC2)n1,6.37
CCCCC(Oc1cc(Cl)cc(Cl)c1)c1nc(N)nc(N2CCN(C)CC2)n1,6.57
CC(Oc1cc(Cl)cc(Cl)c1)c1nc(N)nc(N2CCN(C)CC2)n1,6.8
CCCC(Oc1cccc(Cl)c1Cl)c1nc(N)nc(N2CCN(C)CC2)n1,6.3
CCCC(Oc1cc(Cl)ccc1Cl)c1nc(N)nc(N2CCN(C)CC2)n1,6.64
CN1CCN(c2nc(N)nc(CCCOc3cc(Cl)ccc3Cl)n2)CC1,6.38
CCC(Oc1cccc(Cl)c1Cl)c1nc(N)nc(N2CCN(C)CC2)n1,6.38
CCCCC(Oc1cccc(Cl)c1Cl)c1nc(N)nc(N2CCN(C)CC2)n1,6.3
CN1CCN(c2nc(N)nc(CCCOc3cccc(Cl)c3Cl)n2)CC1,6.69
CCC(Oc1cc(Cl)cc(Cl)c1)c1nc(N)nc(N2CCN(C)CC2)n1,6.43
CC(Oc1cc(Cl)ccc1Cl)c1nc(N)nc(N2CCN(C)CC2)n1,6.43
CN1CCN(c2nc(N)nc(CCCOc3ccc(Cl)c(Cl)c3)n2)CC1,6.45
CCC(Oc1cc(Cl)ccc1Cl)c1nc(N)nc(N2CCN(C)CC2)n1,6.5
Fc1ccc2c(C3CCN(CCCOc4ccc(CCN5CCOCC5)cc4)CC3)noc2c1,7.98
CN1CCN(Cc2ccc(OCCCCN3CCC(c4noc5cc(F)ccc45)CC3)cc2)CC1,8.72
Fc1ccc2c(C3CCN(CCCOc4ccc(CN5CCCCC5)cc4F)CC3)noc2c1,7.99
Fc1ccc2c(C3CCN(CCCOc4ccc(CN5CCCCC5)cc4)CC3)noc2c1,7.97
Fc1ccc2c(C3CCN(CCCOc4ccc(CN5CCCCC5)c(F)c4)CC3)noc2c1,7.94
Fc1ccc2c(C3CCN(CCCOc4ccc(CN5CCOCC5)c(Cl)c4)CC3)noc2c1,8.27
Fc1ccc2c(C3CCN(CCCOc4ccc(CN5CCOCC5)cc4F)CC3)noc2c1,8.72
Fc1ccc2c(C3CCN(CCCOc4ccc(CN5CCOCC5)c(F)c4)CC3)noc2c1,8.7
Cc1cc(OCCCN2CCC(c3noc4cc(F)ccc34)CC2)ccc1CN1CCOCC1,8.51
CN1CCN(CCc2ccc(OCCCN3CCC(c4noc5cc(F)ccc45)CC3)cc2)CC1,7.87
Cc1cc(OCCCN2CCC(c3noc4cc(F)ccc34)CC2)ccc1CN1CCCC1,7.9
O=C(CCCN1CCC(c2noc3cc(F)ccc23)CC1)c1cc2c3c(c1)CCN3C(=O)CC2,8.54
Fc1ccc2c(C3CCN(CCCOc4ccc(CCN5CCCCC5)cc4)CC3)noc2c1,8.01
COc1cc(CN2CCCCC2)ccc1OCCCN1CCC(c2noc3cc(F)ccc23)CC1,8.02
Fc1ccc2c(C3CCN(CCCOc4ccc(CN5CCOCC5)cc4)CC3)noc2c1,8.82
CC1CCN(CCc2ccc(OCCCCN3CCC(c4noc5cc(F)ccc45)CC3)cc2)CC1,8.57
COc1cc(CN2CCCC2)ccc1OCCCN1CCC(c2noc3cc(F)ccc23)CC1,8.21
Cc1cc(=O)oc2c(Cl)c(OCCCCN3CCC(c4noc5cc(F)ccc45)CC3)ccc12,8.59
CN1CCN(Cc2ccc(OCCCN3CCC(c4noc5cc(F)ccc45)CC3)cc2)CC1,8.77
COc1cc(CN2CCOCC2)ccc1OCCCN1CCC(c2noc3cc(F)ccc23)CC1,8.59
Fc1ccc2c(C3CCN(CCCOc4ccc(CN5CCOCC5)cc4Cl)CC3)noc2c1,8.6
CC1CCN(CCc2ccc(OCCCN3CCC(c4noc5cc(F)ccc45)CC3)cc2)CC1,8.13
O=c1ccc(OCCCN2CCC(c3noc4cc(F)ccc34)CC2)nn1-c1c(F)cccc1F,8.3
O=C1c2ccccc2S(=O)(=O)N1CCCCCN1CCN(c2cccc(C(F)(F)F)c2)CC1,7.47
COc1ccccc1N1CCN(CCCCCN2C(=O)c3ccccc3S2(=O)=O)CC1,7.7
O=C1c2ccccc2S(=O)(=O)N1CCCCN1CCN(c2cccc(Cl)c2Cl)CC1,7.58
O=C1c2ccccc2S(=O)(=O)N1CCCCCN1CCN(c2cccc(Cl)c2Cl)CC1,7.77
COc1ccccc1N1CCN(Cc2ccc(CN3C(=O)c4ccccc4S3(=O)=O)cc2)CC1,8.7
O=C1c2ccccc2S(=O)(=O)N1CCCCCN1CCN(c2ncccn2)CC1,6.02
O=C1c2ccccc2S(=O)(=O)N1CCCCCN1CCN(c2ccccn2)CC1,7.04
COc1cc2c(cc1O)CN(Cc1ccccc1CNC(=O)c1ccc(C#N)cc1)CC2,6.72
COc1cc2c(cc1O)CN(Cc1ccccc1CNC(=O)c1ccccc1Cl)CC2,6.72
CNc1cc(OC)c(C(=O)NC2CCN(Cc3ccccc3)C2C)cc1Cl,8.58
COc1cc2c(cc1OC)CN(Cc1ccccc1CNC(=O)c1cccc(C#N)c1)CC2,7.34
O=C(NCc1ccccc1CN1CCc2cc(O)c(O)cc2C1)c1cccc(Br)c1,7.25
COc1cccc(C(=O)NCc2ccccc2CN2CCc3cc(OC)c(O)cc3C2)c1,6.85
COc1cc2c(cc1O)CN(Cc1ccccc1CNC(=O)c1cccc(Br)c1)CC2,6.82
COc1cc2c(cc1O)CN(Cc1ccccc1CNC(=O)c1ccc(I)c(OC)c1)CC2,7.57
COc1cc2c(cc1O)CN(Cc1ccccc1CNC(=O)c1cccc(Cl)c1)CC2,7.0
COc1cc2c(cc1O)CN(Cc1ccccc1CNC(=O)c1cccc(C#N)c1)CC2,7.41
N#Cc1cccc(C(=O)NCc2ccccc2CN2CCc3cc(O)c(O)cc3C2)c1,6.05
COc1ccc(C(=O)NCc2ccccc2CN2CCc3cc(OC)c(O)cc3C2)cc1,7.13
COc1cc2c(cc1O)CN(Cc1ccccc1CNC(=O)c1cccc(Cl)c1Cl)CC2,6.55
COc1cc2c(cc1O)CN(Cc1ccccc1CNC(=O)c1ccc(Br)cc1)CC2,7.12
COc1cc2c(cc1O)CN(Cc1ccccc1CNC(=O)c1ccccc1OC)CC2,7.11
COc1cc2c(cc1O)CN(Cc1ccccc1CNC(=O)c1ccc(I)cc1)CC2,7.08
COc1cc2c(cc1O)CN(Cc1ccccc1CNC(=O)c1ccc(Cl)cc1)CC2,7.33
N#Cc1ccc(C(=O)NCc2ccccc2CN2CCc3cc(O)c(O)cc3C2)cc1,7.08
COc1cc2c(cc1O)CN(Cc1ccccc1CNC(=O)c1ccc3ccccc3c1)CC2,6.51
COc1cc2c(cc1O)CN(Cc1ccccc1CNC(=O)c1ccccc1Br)CC2,6.38
O=C(NCCCCN1CCOC2c3ccccc3OCC21)c1ccc(-c2ccccc2)cc1,5.99
O=C(NCCCCN1CCOC2c3ccccc3OCC21)c1ccc([N+](=O)[O-])cc1,6.02
COc1cc(C(=O)NCCCCN2CCOC3c4ccccc4OCC32)cc(OC)c1OC,6.15
COc1ccc2c(c1)C1OCCN(CCCCNC(=O)c3ccc(Cl)cc3)C1CO2,6.01
O=C(NCCCCN1CCOC2c3ccccc3OCC21)c1ccc(Cl)cc1,6.33
O=C(NCCCCN1CCOC2c3ccccc3OCC21)c1ccco1,6.07
COc1ccc2c(c1)C1OCCN(CCCCNC(=O)c3cc(OC)c(OC)c(OC)c3)C1CO2,6.02
O=C(NCCCCN1CCOC2c3ccccc3OCC21)c1cccs1,6.38
O=C(NCCCCN1CCOC2c3ccccc3OCC21)C1CCCCC1,6.14
COc1ccc2c(c1)C1OCCN(CCCCNC(=O)c3cc4ccccc4[nH]3)C1CO2,6.13
COc1ccc2c(c1)C1OCCN(CCCCNC(=O)c3ccc(-c4ccccc4)cc3)C1CO2,5.97
COc1ccc2c(c1)C1OCCN(CCCCNC(=O)c3cccc(Cl)c3)C1CO2,6.11
O=C(NCCCCN1CCOC2c3ccccc3OCC21)c1ccccc1,6.11
O=C(NCCCCN1CCOC2c3ccccc3OCC21)c1cc2ccccc2[nH]1,6.11
COc1ccc2c(c1)C1OCCN(CCCCNC(=O)c3cccs3)C1CO2,6.09
COc1ccc2c(c1)C1OCCN(CCCCNC(=O)c3ccco3)C1CO2,6.04
O=C(NCCCCN1CCOC2c3ccccc3OCC21)c1ccc(Br)cc1,6.05
COc1ccc2c(c1)C1OCCN(CCCCNC(=O)c3cccc4ccccc34)C1CO2,6.07
COc1ccccc1C(=O)NCCCCN1CCOC2c3ccccc3OCC21,6.06
COc1ccc2c(c1)C1OCCN(CCCCNC(=O)c3ccc(Br)cc3)C1CO2,6.02
COc1ccc2c(c1)C1OCCN(CCCCNC(=O)c3cccnc3)C1CO2,6.13
O=C(NCCCCN1CCOC2c3ccccc3OCC21)c1ccc2ccccc2c1,6.14
O=C(NCCCCN1CCOC2c3ccccc3OCC21)c1cccc(Cl)c1,6.18
COc1ccc2c(c1)C1OCCN(CCCCNC(=O)C3CCCCC3)C1CO2,6.16
COc1ccc2c(c1)C1OCCN(CCCCNC(=O)c3ccc([N+](=O)[O-])cc3)C1CO2,6.23
COc1ccc(C(=O)NCCCCN2CCOC3c4ccccc4OCC32)cc1,6.25
COc1ccc2c(c1)C1OCCN(CCCCNC(=O)c3ccccc3)C1CO2,6.25
COc1ccc(C(=O)NCCCCN2CCOC3c4cc(OC)ccc4OCC32)cc1,6.16
O=C(NCCCCN1CCOC2c3ccccc3OCC21)c1cccc2ccccc12,6.25
CCc1cc(Cl)c(OC)c(C(=O)NCC2CCCN2)c1O,8.65
CCc1cc(Cl)c(OC)c(C(=O)NCC2CCCN(CCCCNC(=O)c3cc4ccccc4o3)C2)c1O,5.75
CCc1cc(Cl)c(OC)c(C(=O)NCC2CCCN2CCCCNC(=O)c2cc3ccccc3[nH]2)c1O,6.76
CCc1cc(Cl)c(OC)c(C(=O)NCC2CCCN2CCCCNC(=O)c2cc3ccccc3o2)c1O,7.56
CCc1cc(Cl)c(OC)c(C(=O)NCC2CC(OCCCCOc3ccc4c(c3)NC(=O)CC4)CN2)c1O,8.75
CCc1cc(Cl)c(OC)c(C(=O)NCC2CC(OCCCCNC(=O)c3cc4ccccc4o3)CN2)c1O,8.64
CCc1cc(Cl)c(OC)c(C(=O)NCC2CC(OCCCc3ccccc3)CN2)c1O,8.13
CCc1cc(Cl)c(OC)c(C(=O)NCC2CCCN2CCCCOc2ccc3c(c2)NC(=O)CC3)c1O,7.6
CCc1cc(Cl)c(OC)c(C(=O)NCC2CC(OCCCCNC(=O)c3cc4ccccc4[nH]3)CN2CC)c1O,8.73
CCc1cc(Cl)c(OC)c(C(=O)NCC2CCCN2CCc2c(C)nc3n(c2=O)CCCC3)c1O,7.13
CCc1cc(Cl)c(OC)c(C(=O)NCC2CCCN(CCCCNC(=O)c3cc4ccccc4[nH]3)C2)c1O,5.88
CCc1cc(Cl)c(OC)c(C(=O)NCC2CC(OCCCCO)CN2)c1O,8.72
CCc1cc(Cl)c(OC)c(C(=O)NCC2CCCN2Cc2ccccc2)c1OCc1ccccc1,5.59
CCc1cc(Cl)c(OC)c(C(=O)NCC2CCCN2CCCc2ccccc2)c1O,6.79
CCc1cc(Cl)c(OC)c(C(=O)NCC2CC(OCCCCOCc3ccccc3)CN2)c1O,8.14
CCc1cc(Cl)c(OC)c(C(=O)NCC2CCN(CC)C2)c1O,7.42
CCCN1CCC(CNC(=O)c2c(O)c(CC)cc(Cl)c2OC)C1,7.18
CCc1cc(Cl)c(OC)c(C(=O)NCC2CC(OCCCCNC(=O)c3cc4ccccc4o3)CN2CC)c1O,9.02
CCc1cc(Cl)c(OC)c(C(=O)NCC2CCCN2Cc2ccccc2)c1O,6.69
CCc1cc(Cl)c(OC)c(C(=O)NCC2CC(OCCCCNC(=O)c3cc4ccccc4[nH]3)CN2)c1O,8.6
CCCN1CC(OCCCCOc2ccc3c(c2)NC(=O)CC3)CC1CNC(=O)c1c(O)c(CC)cc(Cl)c1OC,8.59
CCc1cc(Cl)c(OC)c(C(=O)NCC2CCN(C)C2)c1O,6.66
COc1ccccc1C1CC1CNCCCOc1ccc2ccc(=O)[nH]c2c1,6.81
COc1ccccc1C1CC1CNCCC1CCC(NC(=O)c2ccccc2)CC1,5.98
O=c1ccc2ccc(OCCCCNCC3CC3c3cccc(Cl)c3Cl)cc2[nH]1,6.89
O=C1CCc2ccc(OCCCCNCC3CC3c3cccc4ccccc34)cc2N1,6.52
CN(CCCCOc1ccc2c(c1)NC(=O)CC2)CC1CC1c1cccc(Cl)c1Cl,6.49
COc1ccc(Cl)cc1C1CC1CNCCCCOc1ccc2c(c1)NC(=O)CC2,7.94
COc1ccccc1C1CC1CNCCC1CCC(NS(=O)(=O)c2ccccc2)CC1,6.01
COc1ccc(F)cc1C1CC1CNCCCOc1ccc2c(c1)NC(=O)CC2,7.56
O=C1CCc2ccc(OCCCCNCC3CC3c3cccc(Cl)c3Cl)cc2N1,6.61
CCN(CCCOc1ccc2c(c1)NC(=O)CC2)CC1CC1c1cc(Cl)ccc1OC,6.67
COc1ccc(F)cc1C1CC1CNCCCCOc1ccc2c(c1)NC(=O)CC2,7.31
COc1ccccc1C1CC1CNCCCCCOc1ccc2c(c1)NC(=O)CC2,6.59
CN(C)C(=O)NC1CCC(CCNCC2CC2c2cccc3ccccc23)CC1,6.08
CCN(CCCCOc1ccc2c(c1)NC(=O)CC2)CC1CC1c1cc(Cl)ccc1OC,6.58
O=c1ccc2ccc(OCCCCNCC3CC3c3cccc4c3OCCO4)cc2[nH]1,6.75
CCCN(CCCCOc1ccc2ccc(=O)[nH]c2c1)CC1CC1c1cccc(Cl)c1Cl,6.37
COc1ccc(Cl)cc1C1CC1CNCCCCOc1ccc2ccc(=O)[nH]c2c1,7.81
COc1ccc(F)cc1C1CC1CNCCCOc1ccc2ccc(=O)[nH]c2c1,8.18
CSc1ccccc1C1CC1CNCCCCOc1ccc2ccc(=O)[nH]c2c1,7.02
CCN(CCCOc1ccc2c(c1)NC(=O)CC2)CC1CC1c1cc(F)ccc1OC,6.8
COc1ccccc1C1CC1CNCC=CCOc1ccc2ccc(=O)[nH]c2c1,6.9
O=c1ccc2ccc(OCCCCNCC3CC3c3cccc4ccccc34)cc2[nH]1,7.01
COc1ccccc1C1CC1CNCCCCOc1ccc2ccc(=O)[nH]c2c1,7.22
COc1ccccc1C1CC1CNCCCOc1ccc2c(c1)NC(=O)CC2,6.9
CN(C)C(=O)NC1CCC(CCNCC2CC2c2cccc(Cl)c2Cl)CC1,5.95
COc1ccc(Cl)cc1C1CC1CNCCCOc1ccc2ccc(=O)[nH]c2c1,7.89
CCN(CCCCOc1ccc2c(c1)NC(=O)CC2)CC1CC1c1cc(F)ccc1OC,6.49
CN(C)C(=O)NC1CCC(CCNCC2CC2c2cccc3c2OCCO3)CC1,5.64
COc1ccc(Cl)cc1C1CC1CNCCCOc1ccc2c(c1)NC(=O)CC2,7.49
COc1ccccc1C1CC1CNCCCCOc1ccc2c(c1)NC(=O)CC2,7.21
O=C1CCc2ccc(OCCCCNCC3CC3c3cccc4c3OCCO4)cc2N1,6.42
CSc1ccccc1C1CC1CNCCCCOc1ccc2c(c1)NC(=O)CC2,6.44
COc1ccc(F)cc1C1CC1CNCCCCOc1ccc2ccc(=O)[nH]c2c1,7.68
Cc1cccc(S(=O)(=O)n2ccc3c(N4CCNCC4)nc4ccccc4c32)c1,5.67
O=S(=O)(c1cccc(F)c1)n1ccc2c(N3CCNCC3)nc3ccccc3c21,5.36
CCC(F)(F)c1cc(N2CCC(S(C)(=O)=O)CC2)nc2sc(C(N)=O)c(N)c12,6.48
CN1CCN(C(=O)C(C)(C)c2ccc(C(=O)Nc3cn4cc(-c5cc(C(C)(C)C)cc(C(C)(C)C)c5)ccc4n3)cc2)CC1,5.63
Nc1nc(-c2ccccc2)c2c(n1)-c1cc(OCCCN3CCCCC3)ccc1C2=O,5.8
Nc1nc(-c2ccccc2)c2c(n1)-c1cc(OCCCN3CCCC3)ccc1C2,5.9
CN(C)CCC(C#N)(c1ccccc1)c1ccccc1,4.75
CN(C)C(=O)C(CCNCCC(O)CN1CCN(c2cccc(Cl)c2Cl)CC1)(c1ccccc1)c1ccccc1,6.16
CCc1cccc(N2CCN(CC(O)CCNCCC(C(=O)N(C)C)(c3ccccc3)c3ccccc3)CC2)c1Cl,6.34
Oc1cccc(C23CCCC(C2O)N(CC=Cc2ccccc2)CC3)c1,5.13
N#CC(CCNCCCCN1CCN(c2cccc(Cl)c2Cl)CC1)(c1ccccc1)c1ccccc1,6.83
CCC(=O)C(CCN(C)C)(c1ccccc1)c1ccccc1,4.46
CN(C)C(=O)C(CCNCCc1ccccc1)(c1ccccc1)c1ccccc1,5.44
CCOC(=O)C=C1C2CCCC1(c1cccc(O)c1)CCN2CCN1CCN(c2cccc(Cl)c2Cl)CC1,7.29
CCc1cccc(N2CCN(CCCCNCCC(C(=O)N(C)C)(c3ccccc3)c3ccccc3)CC2)c1Cl,7.21
CCOC(=O)C=C1C2CCCC1(c1cccc(O)c1)CCN2CCc1ccccc1,6.2
CCc1cccc(N2CCN(CCC(c3cccc(O)c3)c3cccc(O)c3)CC2)c1Cl,6.73
O=C(NCCCCN1CCC2(c3cccc(O)c3)CCCC1C2O)c1cc2ccccc2[nH]1,5.88
N#CC(CCNCCC(O)CN1CCN(c2cccc(Cl)c2Cl)CC1)(c1ccccc1)c1ccccc1,6.04
N#CC(CCNCCc1ccccc1)(c1ccccc1)c1ccccc1,4.75
CCc1cccc(N2CCN(CCC(c3cccc(O)c3)c3cccc(OC)c3)CC2)c1Cl,6.72
CN(C)C(=O)C(CCN1CCC(O)(c2ccc(Cl)cc2)CC1)(c1ccccc1)c1ccccc1,5.24
CCOC(=O)C=C1C2CCCC1(c1cccc(O)c1)CCN2CCCCNC(=O)c1cc2ccccc2[nH]1,5.53
Oc1cccc(C(CCNCCCCN2CCN(c3ccccc3)CC2)c2cccc(O)c2)c1,6.01
CN(C)C(=O)C(CCN1CCN(c2cccc(Cl)c2Cl)CC1)(c1ccccc1)c1ccccc1,7.13
CCc1cc(Cl)c(OC)c(C(=O)NCC2CCCN2CCC(C#N)(c2ccccc2)c2ccccc2)c1O,4.91
CCc1cc(Cl)c(OC)c(C(=O)NCC2CCCN2CC(=O)N2CCC(c3ccccc3)(c3ccccc3)C2)c1O,5.62
CCc1cc(Cl)c(OC)c(C(=O)NCC2CCCN2CCCCNCCC(C(=O)N(C)C)(c2ccccc2)c2ccccc2)c1O,6.3
CCC(=O)N(c1ccccc1)C1CCN(CCc2ccccc2)CC1,4.68
N#CC(CCNCCCCC(=O)N1CCN(c2cccc(Cl)c2Cl)CC1)(c1ccccc1)c1ccccc1,5.71
CCc1cccc(N2CCN(CCC(c3cccc(OC)c3)c3cccc(OC)c3)CC2)c1Cl,6.77
N#CC(CCN1CCN(c2cccc(Cl)c2Cl)CC1)(c1ccccc1)c1ccccc1,5.58
CCc1cccc(N2CCN(CCC(C(=O)N(C)C)(c3ccccc3)c3ccccc3)CC2)c1Cl,7.37
CCc1cc(Cl)c(OC)c(C(=O)NCC2CC(OCCCCNCCC(C(=O)N(C)C)(c3ccccc3)c3ccccc3)CN2)c1O,8.03
CN(C)CCC(C(=O)NCCCCN1CCN(c2cccc(Cl)c2Cl)CC1)(c1ccccc1)c1ccccc1,7.37
COc1cccc(C(=CCNCCCCN2CCN(c3cccc(Cl)c3Cl)CC2)c2cccc(OC)c2)c1,5.28
CN(C)C(=O)C(CCNCCCCN1CCN(c2cccc(Cl)c2Cl)CC1)(c1ccccc1)c1ccccc1,7.36
O=S(=O)(CC1CCN(CCCc2noc3cc(F)ccc23)C1)c1ccc(F)c(Cl)c1,6.87
CC1CC(NS(=O)(=O)c2ccc(F)c(Cl)c2)CN1CCCc1noc2cc(F)ccc12,6.89
CC1CC(NS(=O)(=O)c2cccc(Cl)c2)CN1CCCc1noc2cc(F)ccc12,6.81
O=S(=O)(CC1CCN(CCCc2noc3cc(F)ccc23)C1)c1ccc2ccccc2c1,8.28
CC1CC(NS(=O)(=O)c2cc3ccc(F)cc3s2)CN1CCCc1noc2cc(F)ccc12,7.27
Cc1ccc(S(=O)(=O)CC2CCN(CCCc3noc4cc(F)ccc34)C2)cc1C,7.7
O=S(=O)(CC1CCN(CCCc2noc3cc(F)ccc23)C1)c1ccc(F)c(F)c1,6.37
CC1CC(NS(=O)(=O)c2cc3ccccc3o2)CN1CCCc1noc2cc(F)ccc12,7.52
Cc1c(S(=O)(=O)NC2CC(C)N(CCCc3noc4cc(F)ccc34)C2)sc2ccc(Cl)cc12,7.27
O=S(=O)(CC1CCN(CCCc2noc3cc(F)ccc23)C1)c1ccc(F)cc1,6.59
CC1CC(NS(=O)(=O)c2ccc3ccccc3c2)CN1CCCc1noc2cc(F)ccc12,7.33
O=S(=O)(CC1CCN(CCCc2noc3cc(F)ccc23)C1)c1cccc(C(F)(F)F)c1,6.52
O=S(=O)(CC1CCN(CCCc2noc3cc(F)ccc23)C1)c1cccc(Cl)c1,6.79
O=S(=O)(CC1CCN(CCCc2noc3cc(F)ccc23)C1)c1ccc(Cl)c(Cl)c1,7.3
Cc1cccc(S(=O)(=O)CC2CCN(CCCc3noc4cc(F)ccc34)C2)c1,7.03
O=S(=O)(CC1CCN(CCCc2noc3cc(F)ccc23)C1)c1ccc(C(F)(F)F)cc1,7.02
O=S(=O)(CC1CCN(CCCc2noc3cc(F)ccc23)C1)c1cccc(F)c1,6.19
CC1CC(NS(=O)(=O)c2ccc3cc(Cl)ccc3c2)CN1CCCc1noc2cc(F)ccc12,6.81
O=C1CCc2ccccc2N1CCCN1CCN(c2ccccn2)CC1,5.56
c1ccc(N2CCN(CCCc3nc4ccccc4s3)CC2)cc1,5.75
O=C1CCc2ccccc2N1CCCN1CCN(c2cccc(Cl)c2)CC1,6.12
c1ccc(N2CCN(CCCn3ccc4ccccc43)CC2)cc1,6.14
c1ccc(N2CCN(CCCn3cnc4ccccc43)CC2)cc1,4.92
O=C1CCc2ccccc2N1CCCN1CCN(c2ccc(Cl)cc2)CC1,5.26
O=C1CCc2ccccc2N1CCCN1CCN(c2ccccc2[N+](=O)[O-])CC1,6.88
c1ccc(N2CCN(CCCN3CCCc4ccccc43)CC2)cc1,6.15
COc1cccc(N2CCN(CCCN3C(=O)CCc4ccccc43)CC2)c1,5.51
Cc1ccc(N2CCN(CCCN3C(=O)CCc4ccccc43)CC2)cc1,5.29
O=C1CCc2ccccc2N1CCCN1CCN(c2cccc(Cl)c2Cl)CC1,7.26
Cc1cccc(N2CCN(CCCN3C(=O)CCc4ccccc43)CC2)c1,5.84
O=C1CCc2ccccc2N1CCCN1CCN(c2ncccn2)CC1,5.4
O=C1CCc2ccccc2N1CCCN1CCN(c2ccc(Cl)cc2Cl)CC1,6.26
COc1ccccc1N1CCN(CCCN2C(=O)CCc3ccccc32)CC1,7.09
O=C1CCc2ccccc2N1CCCN1CCN(c2ccc([N+](=O)[O-])cc2)CC1,4.62
O=C1CCc2ccccc2N1CCN1CCN(c2ccccc2)CC1,4.89
COc1ccc(N2CCN(CCCN3C(=O)CCc4ccccc43)CC2)cc1,4.68
O=C1CCc2ccccc2N1CCCCN1CCN(c2ccccc2)CC1,5.95
c1ccc(N2CCN(CCCc3nc4ccccc4[nH]3)CC2)cc1,5.21
O=C1CCc2ccccc2N1CCCN1CCN(c2cccc([N+](=O)[O-])c2)CC1,5.6
c1ccc(N2CCN(CCCc3nc4ccccc4o3)CC2)cc1,5.77
N#Cc1ccccc1N1CCN(CCCN2C(=O)CCc3ccccc32)CC1,6.45
O=C1CCc2ccccc2N1CCCN1CCN(c2ccc(Cl)c(Cl)c2)CC1,6.02
O=C1CCc2ccccc2N1CCCCCN1CCN(c2ccccc2)CC1,6.55
Cc1ccccc1N1CCN(CCCN2C(=O)CCc3ccccc32)CC1,6.4
O=C1CCc2ccccc2N1CCCN1CCN(c2ccccc2Cl)CC1,6.86
[2H]c1c([2H])c([2H])c(C2CC(N3CCNC(C)(C)C3)c3cc(Cl)ccc32)c([2H])c1[2H],7.96
[2H]c1c([2H])c([2H])c(C2CC(N3CCN(C([2H])([2H])[2H])C(C)(C)C3)c3cc(Cl)ccc32)c([2H])c1[2H],8.39
O=Cc1ccc(-c2ccccc2OCF)cc1,8.26
Nc1nc(N)nc(NCCCCCCN2CCN(c3cccc(Cl)c3Cl)CC2)n1,8.3
Nc1nc(N)nc(NCCCCCN2CCN(c3ccccc3)CC2)n1,5.98
COc1ccccc1N1CCN(CCCCNc2nc(N)nc(N)n2)CC1,7.34
Nc1nc(NCCNc2cccc(Cl)c2Cl)nc(NCCc2c[nH]c3ccccc23)n1,5.3
COc1ccccc1N1CCN(CCCCCNc2nc(N)nc(N)n2)CC1,7.42
COc1ccccc1N1CCN(CCCCNc2nc(N)nc(NCCc3c[nH]c4ccccc34)n2)CC1,7.89
Nc1nc(NCCc2c[nH]c3ccccc23)nc(N2CCN(c3cccc(Cl)c3Cl)CC2)n1,5.49
Nc1nc(NCCc2c[nH]c3ccccc23)nc(N2CCN(c3ccccc3)CC2)n1,5.08
Nc1nc(NCCCCN2CCN(c3cccc(Cl)c3Cl)CC2)nc(NCCc2c[nH]c3ccccc23)n1,7.41
Nc1nc(NCCCCN2CCN(c3ccccc3)CC2)nc(NCCc2c[nH]c3ccccc23)n1,7.28
COc1ccccc1N1CCN(CCCCCCNc2nc(N)nc(N)n2)CC1,7.7
Nc1nc(NCCNc2ccccc2)nc(NCCc2c[nH]c3ccccc23)n1,5.06
Nc1nc(NCCc2cccc(Cl)c2Cl)nc(NCCc2c[nH]c3ccccc23)n1,5.51
COc1ccccc1OCCNc1nc(N)nc(NCCc2c[nH]c3ccccc23)n1,5.36
COc1ccccc1NCCNc1nc(N)nc(NCCc2c[nH]c3ccccc23)n1,5.41
Nc1nc(N)nc(NCCCCCN2CCN(c3cccc(Cl)c3Cl)CC2)n1,8.1
Nc1nc(N)nc(NCCCCCCN2CCN(c3ccccc3)CC2)n1,6.0
Nc1nc(N)nc(NCCCCN2CCN(c3cccc(Cl)c3Cl)CC2)n1,8.15
Nc1nc(N)nc(NCCCCN2CCN(c3ccccc3)CC2)n1,6.44
Nc1nc(NCCOc2cccc(Cl)c2Cl)nc(NCCc2c[nH]c3ccccc23)n1,5.36
CCCN(CCC)C1CCC2=C(CCCC2=NO)C1,5.65
CCCN(CCC)C1Cc2cc3nc(N)sc3cc2C1,7.57
CCc1c(C)c2n(c1C)[B-](F)(F)[N+]1=C3C=CC=C(NCCCCN4CCN(c5cccc(Cl)c5Cl)CC4)N3[B-](F)(F)[N+]1=C2,6.3
COc1ccccc1N1CCN(CCCCNC2=CC=CC3=[N+]4[N+](=Cc5cc6ccccc6n5[B-]4(F)F)[B-](F)(F)N23)CC1,6.74
COc1ccccc1N1CCN(CCCCNC2=CC=CC3=[N+]4[N+](=Cc5c(C)cc(C)n5[B-]4(F)F)[B-](F)(F)N23)CC1,7.09
Cc1cc(C)n2c1C=[N+]1[N+](=C3C=CC=C(NCCCCN4CCN(c5cccc(Cl)c5Cl)CC4)N3[B-]1(F)F)[B-]2(F)F,6.48
CCc1c(C)c2n(c1C)[B-](F)(F)[N+]1=C3C=CC=C(NCCCCN4CCN(c5ccccc5OC)CC4)N3[B-](F)(F)[N+]1=C2,6.51
COc1ccccc1N1CCN(CCCNC(=O)c2cnccn2)CC1,6.07
O=C1CCc2ccc(OCCCCN3CCN(C(=O)c4ccccn4)CC3)cc2N1,8.05
COc1ccccc1N1CCN(CCN2CCN(C(=O)c3nn(C)c4ccccc34)CC2)CC1,6.2
O=C(c1ccccn1)N1CCN(CCCN2CCN(c3cccc(Cl)c3Cl)CC2)CC1,7.09
COc1ccccc1N1CCN(CCCN2CCN(C(=O)c3ccccn3)CC2)CC1,6.23
COc1ccccc1N1CCN(CCCN2CCN(c3ncccc3C#N)CC2)CC1,6.96
O=C(c1ccccc1)N1CCN(CCCN2CCN(c3cccc(Cl)c3Cl)CC2)CC1,6.92
COc1ccccc1N1CCN(CCN2CCN(c3ncccc3C#N)CC2)CC1,6.89
Cn1nc(C(=O)N2CCN(CCN3CCN(c4cccc(Cl)c4Cl)CC3)CC2)c2ccccc21,6.89
COc1ccccc1N1CCN(CCCN2CCN(C(=O)c3ccccc3)CC2)CC1,6.58
N#Cc1cccnc1N1CCN(CCN2CCN(c3cccc(Cl)c3Cl)CC2)CC1,6.68
N#Cc1cccnc1N1CCN(CCCOc2ccc3c(c2)NC(=O)CC3)CC1,7.09
COc1ccc(N2CCN(CCCN3CCN(c4ncccc4C#N)CC3)CC2)cc1,5.82
O=C(c1ccccc1)N1CCN(CCCN2CCN(c3ccccc3)CC2)CC1,5.68
N#Cc1cccnc1N1CCN(CCCCOc2ccc3c(c2)NC(=O)CC3)CC1,5.68
N#Cc1cccnc1N1CCN(CCCN2CCN(c3ccccc3)CC2)CC1,6.11
N#Cc1cccnc1N1CCN(CCCN2CCN(c3cccc(Cl)c3Cl)CC2)CC1,8.0
CC(CNC(=O)N=C(N)NCCCc1nnc(N)s1)C1CCCCC1,5.79
CCCCCNC(=O)N=C(N)NCCCc1nnc(N)s1,5.02
Cc1ccc(CC(C)CNC(=O)N=C(N)NCCCc2nnc(N)s2)cc1,5.97
NC(=NC(=O)NCc1ccccc1)NCCCc1nnc(N)s1,5.2
NC(=NC(=O)NCCCCCCNC(=O)N=C(N)NCCCc1nnc(N)s1)NCCCc1nnc(N)s1,6.02
NC(=NC(=O)NCc1ccccc1)NCCCc1cnc(N)s1,5.34
CC(CCCc1ccccc1)CNC(=O)N=C(N)NCCCc1nnc(N)s1,6.35
CCCCCNC(=O)N=C(N)NCCCc1cnc(N)s1,5.46
Cc1ccc(CC(C)CNC(=O)N=C(N)NCCCc2cnc(N)s2)cc1,6.31
S=c1n(CCCCCCN2CCN(c3cccc(Cl)c3)CC2)c2cccc3c2n1CCC3,7.07
NC(=O)NCCCCCCN1CCN(c2cccc(Cl)c2)CC1,6.63
NS(=O)(=O)NCCCCCCN1CCN(c2cccc(Cl)c2)CC1,6.64
O=c1n(CC2CCC(CN3CCN(c4cccc(Cl)c4)CC3)CC2)nc2ccccn12,6.25
O=S1(=O)N(CCCCCCN2CCN(c3cccc(Cl)c3)CC2)c2cccc3c2N1CCC3,6.6
O=c1n(Cc2ccc(CN3CCN(c4cccc(Cl)c4)CC3)cc2)nc2ccccn12,6.83
O=c1n(CCCCCCN2CCN(c3cccc4cccnc34)CC2)nc2ccccn12,6.84
O=c1n(Cc2ccc(CN3CCN(c4ccc(Cl)cc4)CC3)cc2)nc2ccccn12,5.86
O=c1n(CCCCCCN2CCN(c3cccc(Cl)c3Cl)CC2)nc2ccccn12,8.05
O=C(NCCCCCCn1nc2ccccn2c1=O)N1CCN(c2cccc(Cl)c2)CC1,5.71
O=c1n(CCCCCCN2CCN(c3cccc(Cl)c3)CC2)c2cccc3c2n1CCC3,7.75
O=c1n(CCCCCCN2CCN(c3cccc4ccccc34)CC2)nc2ccccn12,7.5
O=c1n(CCCCCCN2CCN(c3cccc(C(F)(F)F)c3)CC2)nc2ccccn12,7.21
O=c1n(CCCCCCN2CCN(c3cccc4c3OCCO4)CC2)nc2ccccn12,7.22
O=C(NNS(=O)(=O)c1ccccc1F)c1cc(F)cc(-c2ccccn2)c1,6.4
CN1CCN(c2nc(N)nc(C(C)(C)Sc3ccc4ccccc4c3)n2)CC1,6.52
CN1CCN(c2nc(N)nc(Cc3c[nH]c4ccccc34)n2)CC1,5.71
CC1COC(c2ccc(N)nc2)CN1CCn1cc(CNC(=O)c2cc3ccccc3[nH]2)nn1,4.87
CN(CC1CC1CCNC(=O)c1cc2ccccc2[nH]1)C1Cc2cccc3[nH]c(=O)n(c23)C1,8.02
CC1COC(c2ccc(N)nc2)CN1CCC1CCC(CNC(=O)c2cc3ccccc3[nH]2)C1,7.09
CC1COC(c2ccc(N)nc2)CN1CC(=O)N1CCC(CNC(=O)c2cc3ccccc3[nH]2)C1,5.73
CC1COC(c2ccc(N)nc2)CN1CC=C1CCC(CNC(=O)c2cc3ccccc3[nH]2)C1,7.25
COc1cc(CCN(C)C)c2c(c1OC)-c1ccccc1CC2,6.5
C=CCN1CCC2C=C(O)C(O)=C3C(c4ccccc4)CC1C32,7.8
COC1=CC2CCN(C)C3CC(c4ccccc4)C(=C1OC)C23,5.42
CN(C)CCc1cc(O)c(O)c2c1CCc1ccccc1-2,7.41
CN1CCC2C=C(O)C(O)=C3C(c4ccccc4)CC1C32,7.89
Cc1ccc2c3c(c(=O)oc2c1)CN(Cc1ccc(Cl)cc1)CC3,5.93
COc1ccc2c3c(c(=O)oc2c1)CN(Cc1ccc(C(F)(F)F)cc1)CC3,5.43
Cc1ccc2c3c(c(=O)oc2c1)CN(Cc1ccccc1)CC3,6.11
COc1ccc2c3c(c(=O)oc2c1)CN(Cc1ccc(C)cc1)CC3,5.93
N#Cc1[nH]c2ccccc2c1CN1CCN(c2ccccc2)CC1,5.31
ON=Cc1c(CN2CCN(c3ccccc3)CC2)[nH]c2ccccc12,5.06
OCc1[nH]c2ccccc2c1CN1CCN(c2ccccc2)CC1,5.68
CCOC(=O)c1[nH]c2ccc(F)cc2c1CN1CCN(c2ccccc2)CC1,4.66
Cn1ccc2c(N3CCN(CCCCOc4ccc5c(c4)NC(=O)CC5)CC3)cccc21,7.92
Cc1cc(C(F)(F)F)nc(Nc2ccccc2-c2nnn[nH]2)n1,5.14
