smiles,pchembl_value
c1cc(Cc2cnc[nH]2)ccn1,tensor([9.0700])
c1ccc(CCCc2c[nH]cn2)nc1,tensor([5.9800])
c1ccc(CCc2c[nH]cn2)nc1,tensor([5.9300])
c1cncc(CCc2c[nH]cn2)c1,tensor([6.8500])
c1nc(CCCC2CCNCC2)c[nH]1,tensor([8.3500])
c1cc(CCc2c[nH]cn2)ccn1,tensor([8.1600])
c1cc(CCCc2c[nH]cn2)ccn1,tensor([7.8100])
CC(=O)c1ccc(OCCCc2c[nH]cn2)cc1,tensor([7.0600])
Ic1ccc(COCCCc2c[nH]cn2)cc1,tensor([7.3900])
CC(=O)c1ccc(SCCc2c[nH]cn2)cc1,tensor([8.9600])
O=C(c1ccc(OCCCc2c[nH]cn2)cc1)C1CC1,tensor([7.3400])
c1ccc(OCCCc2c[nH]cn2)cc1,tensor([7.5700])
CC(=O)c1ccc(SCCCc2c[nH]cn2)cc1,tensor([7.7500])
c1ccc(COCCCc2c[nH]cn2)cc1,tensor([8.5700])
COc1ccc(OCCCc2c[nH]cn2)cc1,tensor([7.3300])
CC(=O)c1ccc(OCCCCc2c[nH]cn2)cc1,tensor([7.7200])
N=C(NCc1ccc(Cl)cc1)SCCCc1c[nH]cn1,tensor([8.6200])
CC(=O)c1ccc(OCCc2c[nH]cn2)cc1,tensor([7.3800])
c1ccc(CCCCc2c[nH]cn2)cc1,tensor([8.6800])
c1ccc2c(NCCc3ccc(OCCCN4CCCCC4)cc3)ccnc2c1,tensor([9.3000])
c1ccc2c(Nc3ccc(OCCCN4CCCCC4)cc3)ccnc2c1,tensor([10.])
Clc1ccc2c(NCCc3ccc(OCCCN4CCCCC4)cc3)ccnc2c1,tensor([9.3000])
c1ccc2c(NCCCc3ccc(OCCCN4CCCCC4)cc3)c3c(nc2c1)CCCC3,tensor([8.9000])
c1ccc2c(NCCCCc3ccc(OCCCN4CCCCC4)cc3)ccnc2c1,tensor([8.8000])
Clc1ccc2c(Nc3ccc(OCCCN4CCCCC4)cc3)ccnc2c1,tensor([10.1000])
N#Cc1ccc(-c2ccc(OCCCN3CCC(N)CC3)cc2)cc1,tensor([6.7000])
N#Cc1ccc(-c2ccc(OCCCN3CCC(N)C3)cc2)cc1,tensor([8.2100])
N#Cc1ccc(-c2ccc(OCCCN3CCCC3)cc2)cc1,tensor([8.1400])
O=C(NCc1ccc(Oc2ccccc2)cc1)N1CCN(C2CCCC2)CC1,tensor([7.4200])
O=C(NCc1ccc(C(F)(F)F)cc1)N1CCCC1CN1CCCC1,tensor([6.7900])
CC(C)N1CCN(C(=O)NC2Cc3ccccc3C2)CC1,tensor([7.5200])
CC(C)N1CCN(C(=O)N2CCC(Cc3ccccc3)CC2)CC1,tensor([7.8500])
O=C(N1CCN(C2CCCC2)CC1)N1Cc2ccccc2C1,tensor([7.6400])
O=C(NC1Cc2ccccc2C1)N1CCCC1CN1CCCC1,tensor([7.2800])
CCN1CCN(C(=O)NC2CC2c2ccccc2)CC1,tensor([7.4000])
CC(C)N1CCN(C(=O)N(C)Cc2ccc(-c3ccccc3)cc2)CC1,tensor([7.4300])
O=C(C=Cc1ccc(Cl)cc1)N1CCCC1CN1CCCC1,tensor([7.9500])
CN(Cc1ccc(-c2ccccc2)cc1)C(=O)N1CCCC1CN1CCCC1,tensor([6.5500])
CC(C)N1CCN(C(=O)N2CCC(c3ccccc3)CC2)CC1,tensor([7.0700])
CC(C)N1CCN(C(=O)NCc2ccc(Cl)c(Cl)c2)CC1,tensor([7.7000])
O=C(C=Cc1ccc(C(F)(F)F)cc1)N1CCCC1CN1CCCC1,tensor([8.3300])
O=C(NCC1CCCCC1)N1CCCC1CN1CCCC1,tensor([6.3400])
O=C(C=Cc1ccc(OC(F)(F)F)cc1)N1CCCC1CN1CCCC1,tensor([7.8700])
CC(C)N1CCN(C(=O)N2CCC(C(=O)OC(C)(C)C)CC2)CC1,tensor([7.6000])
O=C(NCc1ccccc1)N1CCCC1CN1CCCC1,tensor([6.7100])
O=C(NCc1ccc(Cl)cc1)N1CCCC1CN1CCCC1,tensor([6.7800])
O=C(C=Cc1ccc(-c2ccccc2)cc1)N1CCCC1CN1CCCC1,tensor([8.4300])
O=C(N1CCN(C2CC2)CC1)N1Cc2ccccc2C1,tensor([7.3500])
CCN1CCN(C(=O)NC2Cc3ccccc3C2)CC1,tensor([7.3600])
NCc1ccc(CNC(=O)N2CCCC2CN2CCCC2)cc1,tensor([6.9600])
O=C(NC1Cc2ccccc2C1)N1CCN(C2CCCC2)CC1,tensor([7.5400])
O=C(NCc1ccc(-c2ccccc2)cc1)N1CCCC1CN1CCCC1,tensor([7.0600])
O=C(NCc1ccc(OC(F)(F)F)cc1)N1CCCC1CN1CCCC1,tensor([6.9200])
COc1cccc(CNC(=O)N2CCCC2CN2CCCC2)c1,tensor([6.7300])
O=C(NCCc1ccccc1)N1CCCC1CN1CCCC1,tensor([6.6500])
CC(C)N1CCN(C(=O)N2CCC(C(C)(C)C)CC2)CC1,tensor([7.3300])
O=C(NCc1ccc(Oc2ccccc2)cc1)N1CCCC1CN1CCCC1,tensor([7.4700])
CC(C)N1CCN(C(=O)N2CCC(C(=O)N3CC4CCC(CC4)C3)CC2)CC1,tensor([7.8500])
NCc1cccc(CNC(=O)N2CCCC2CN2CCCC2)c1,tensor([7.1100])
COc1ccc(CNC(=O)N2CCCC2CN2CCCC2)cc1,tensor([6.5300])
O=C(NCc1ccc(Cl)c(Cl)c1)N1CCN(C2CCCC2)CC1,tensor([7.8200])
CC(C)N1CCN(C(=O)NCc2ccc(Oc3ccccc3)cc2)CC1,tensor([7.4700])
COc1cc2c(cc1OC)CN(C(=O)N1CCN(C(C)C)CC1)CC2,tensor([7.8000])
O=C(NCc1ccc(Cl)c(Cl)c1)N1CCCC1CN1CCCC1,tensor([7.3300])
CC(C)N1CCN(C(=O)N2CC=C(c3ccccc3)CC2)CC1,tensor([7.5700])
CC(C)N1CCN(C(=O)N2CCC(NC(=O)C3CCCC3)CC2)CC1,tensor([7.7700])
S=C(NC1CCCCC1)N1CCC(c2cnc[nH]2)CC1,tensor([7.1400])
CC1CCCN1CCc1cc2cc(C(=O)c3ccccc3)ccc2o1,tensor([9.6600])
Cc1cc(C(=O)c2ccc3oc(CCN4CCCC4C)cc3c2)ccc1Cl,tensor([9.4600])
CC(NC(=O)c1ccco1)C(=O)N1CCN(CCCOc2ccc(C(=O)C3CC3)cc2)CC1,tensor([7.0300])
Cc1cc(C(=O)c2ccc3oc(CCN4CCCC4C)cc3c2)ccc1F,tensor([9.6800])
Cc1ccc(C(=O)c2ccc3oc(CCN4CCCC4C)cc3c2)cc1,tensor([9.6800])
CC1CCCN1CCc1cc2cc(-c3cccc(C(C)(C)O)c3)ccc2o1,tensor([9.6000])
CC(C)(C)CCC#CC1CC1c1c[nH]cn1,tensor([8.6700])
CC1CCCN1CCc1cc2cc(-c3ccc(C(=O)C4CC4)cc3)ccc2o1,tensor([9.5900])
CC1CCCN1CCc1cc2cc(-c3ccc(CO)cc3)ccc2o1,tensor([9.0600])
CC1CCCN1CCc1cc2cc(-c3cccc(C(=O)C4CC4)c3)ccc2o1,tensor([9.6800])
CCC(=O)c1cccc(-c2ccc3oc(CCN4CCCC4C)cc3c2)c1,tensor([9.6400])
CC1CCCN1CCc1cc2cc(-c3cccc(C#N)c3)ccc2o1,tensor([9.5700])
CC(=O)c1cccc(-c2ccc3oc(CCN4CCCC4C)cc3c2)c1,tensor([10.1000])
CC1CCCN1CCc1cc2cc(C(=O)c3ccc(N(C)C)cc3)ccc2o1,tensor([9.2800])
CC1CCCN1CCc1cc2cc(-c3cccc(CO)c3)ccc2o1,tensor([9.3100])
CC(N)C(=O)N1CCN(CCCOc2ccc(C(=O)C3CC3)cc2)CC1,tensor([6.1200])
CC1CCCN1CCc1cc2cc(C(=O)c3cc(F)cc(F)c3)ccc2o1,tensor([10.0500])
CC1CCCN1CCc1cc2cc(C(=O)c3ccc(Cl)cc3)ccc2o1,tensor([9.7200])
CC1CCCN1CCc1cc2cc(C(=O)c3cccc(Cl)c3)ccc2o1,tensor([9.7200])
CC1CCCN1CCc1cc2cc(C(=O)c3ccc(F)cc3)ccc2o1,tensor([9.5700])
CC1CCCN1CCc1cc2cc(C(=O)c3ccccc3F)ccc2o1,tensor([9.2900])
CC1CCCN1CCc1cc2cc(C(=O)c3cccc(F)c3)ccc2o1,tensor([10.])
CC(O)c1cccc(-c2ccc3oc(CCN4CCCC4C)cc3c2)c1,tensor([9.3600])
CC1CCC(C)N1CCCOc1ccc(-c2ccc(C(=O)N3CCOCC3)cc2)cc1,tensor([9.3900])
COc1ccc(C(=O)c2ccc3oc(CCN4CCCC4C)cc3c2)cc1,tensor([9.2800])
O=C(c1ccc(F)cc1)c1ccc2nc(N3CCN(C4CC4)CC3)ccc2c1,tensor([6.9600])
c1cc(OCCCN2CCCCC2)ccc1CN1CCCCC1,tensor([9.7000])
O=C(c1ccc2nc(N3CCN(C4CC4)CC3)ccc2c1)C1CC1,tensor([8.7400])
CCC(CC)N1CCN(c2ccc3ccccc3n2)CC1,tensor([8.5400])
N#Cc1ccc2nc(N3CCN(C4CC4)CC3)ccc2c1,tensor([8.3200])
c1ccc2nc(N3CCN(C4CC4)CC3)ccc2c1,tensor([7.8900])
COc1ccc2nc(N3CCN(C4CC4)CC3)ccc2c1,tensor([8.5200])
Clc1cc(Cl)c2ccc(N3CCN(C4CC4)CC3)nc2c1,tensor([6.5200])
c1cc2nc(N3CCN(C4CC4)CC3)ccc2cc1C1CCCCC1,tensor([7.4800])
CCN1CCN(c2ccc3ccccc3n2)CC1,tensor([8.2200])
Cc1ccn2cc(-c3ccc(OCCCN4CCCCC4)cc3)nc2c1,tensor([8.7000])
CN1CCN(C2=Nc3cc(Cl)ccc3Nc3ccccc32)CC1,tensor([6.2000])
Clc1ccc2ccc(N3CCN(C4CC4)CC3)nc2c1,tensor([6.4900])
CCC(CC)N1CCN(C(=O)CCC(=O)c2ccc(OC)c(OC)c2)CC1,tensor([9.4200])
c1cnn(-c2ccc3nc(N4CCN(C5CC5)CC4)ccc3c2)c1,tensor([8.9600])
c1ccc2nc(N3CCN4CCCCC4C3)ccc2c1,tensor([7.7500])
FC(F)(F)c1ccc2nc(N3CCN(C4CC4)CC3)ccc2c1,tensor([7.2800])
CC(C)N1CCN(c2ccc3ccccc3n2)CC1,tensor([8.1700])
Clc1ccc2nc(N3CCN(C4CC4)CC3)ccc2c1,tensor([7.6200])
CC(C)N1CCC(Oc2ccc(CN3CCCC3)cc2)CC1,tensor([8.7100])
CC(C)N1CCC(Oc2ccc(CN3CCCCCC3)cc2)CC1,tensor([8.7700])
CCN(CC)Cc1ccc(OC2CCN(C(C)C)CC2)cc1,tensor([8.9100])
CN1CCC(Oc2ccc(C#N)cc2)CC1,tensor([5.3700])
CCCN1CCC(Oc2ccc(C#N)cc2)CC1,tensor([6.9700])
N#Cc1ccc(OCCCCCN2CCCC2)cc1,tensor([7.7200])
CC(C)N1CCC(Oc2ccc(CN3CCCCC3)cc2)CC1,tensor([9.2000])
CCC(C)N1CCC(Oc2ccc(C#N)cc2)CC1,tensor([7.8200])
CC(C)N1CCC(Oc2ccc(CN3CCN(c4ccccc4)CC3)cc2)CC1,tensor([8.7000])
CC(C)N1CCC(Oc2ccc(CNC3CC3)cc2)CC1,tensor([8.7900])
CC(C)N1CCC(Oc2ccc(CN3CCN(C)CC3)cc2)CC1,tensor([9.1300])
N#Cc1ccc(OC2CCN(C3CCCCC3)CC2)cc1,tensor([7.4900])
CC(C)N1CCC(Oc2ccc(CN3CCN(Cc4ccccc4)CC3)cc2)CC1,tensor([8.7000])
CC(C)N1CCC(Oc2ccc(CN3CCOCC3)cc2)CC1,tensor([8.6700])
CC(C)N1CCC(Oc2ccc(CNc3ccccn3)cc2)CC1,tensor([8.6500])
CCN1CCC(Oc2ccc(C#N)cc2)CC1,tensor([7.0900])
CC(C)N1CCC(Oc2ccc(CNc3ccccc3)cc2)CC1,tensor([8.2600])
CC(C)N1CCC(Oc2ccc(CN3CCC(CO)CC3)cc2)CC1,tensor([9.])
CC(C)N1CCC(Oc2ccc(CN3CCC(Cc4ccccc4)CC3)cc2)CC1,tensor([8.8400])
CCCCN(C)Cc1ccc(OC2CCN(C(C)C)CC2)cc1,tensor([8.8300])
CCC(CC)N1CCN(C(=O)CCC(=O)c2ccc(Cl)cc2)CC1,tensor([9.0600])
c1cc(CN2CCCCC2)ccc1COc1ccc(CN2CCCCC2)cc1,tensor([8.5500])
CC(C)N1CCC(Oc2ccc(CN(C)C)cc2)CC1,tensor([8.5200])
N#Cc1ccc(OCCCN2CCCCC2)cc1,tensor([7.6000])
CC(C)N1CCC(Oc2ccc(CN(C)CCN(C)C)cc2)CC1,tensor([8.9400])
CC(C)N1CCC(Oc2ccc(CN3CCC(O)CC3)cc2)CC1,tensor([8.8500])
N#Cc1ccc(OC2CCN(C3CCCC3)CC2)cc1,tensor([7.8900])
CC(C)N1CCC(Oc2ccc(C#N)cc2)CC1,tensor([7.5500])
c1ccc(CCCN2CCC(Cc3c[nH]cn3)CC2)cc1,tensor([7.4000])
CC(C)N1CCC(Cc2c[nH]cn2)CC1,tensor([7.2000])
c1ccc(CN2CCC(CCc3c[nH]cn3)CC2)cc1,tensor([7.1000])
C(=C1CCN(Cc2ccccc2)CC1)c1c[nH]cn1,tensor([6.4000])
CCN1CCC(CCc2c[nH]cn2)CC1,tensor([7.2000])
CCN1CCC(Cc2c[nH]cn2)CC1,tensor([7.8000])
C(=C1CCN(CCc2ccccc2)CC1)c1c[nH]cn1,tensor([7.2000])
c1ccc(CCN2CCC(Cc3c[nH]cn3)CC2)cc1,tensor([8.])
c1nc(CCC2CCNCC2)c[nH]1,tensor([7.7000])
CC(C)N1CCC(=Cc2c[nH]cn2)CC1,tensor([7.2000])
CCN1CCC(=Cc2c[nH]cn2)CC1,tensor([7.3000])
C(=C1CCN(C2CCCCC2)CC1)c1c[nH]cn1,tensor([7.5000])
c1nc(CCC2CCN(C3CCCCC3)CC2)c[nH]1,tensor([6.8000])
CN1CCC(Cc2c[nH]cn2)CC1,tensor([9.])
CC(C)N1CCC(CCc2c[nH]cn2)CC1,tensor([7.])
c1ccc(CCN2CCC(CCc3c[nH]cn3)CC2)cc1,tensor([7.4000])
CN1CCC(CCc2c[nH]cn2)CC1,tensor([7.3000])
c1nc(CC2CCN(C3CCCCC3)CC2)c[nH]1,tensor([7.8000])
CN(C)CCNC(=O)c1nc2cc(Cl)ccc2[nH]1,tensor([4.6000])
O=C(c1cc2cc(Cl)ccc2[nH]1)N1CCCCC1,tensor([5.2000])
CN1CCN(C(=O)c2cc3cc(I)ccc3[nH]2)CC1,tensor([5.6000])
CN(C)CCNC(=O)c1cc2cc(Cl)ccc2[nH]1,tensor([5.3000])
CN1CCN(C(=O)c2nc3ccc(Cl)cc3[nH]2)CC1,tensor([5.4000])
CN1CCC(C(O)c2cc3cc(Cl)ccc3[nH]2)CC1,tensor([5.8000])
CN1CCN(C(=O)c2cc3cc(Br)ccc3[nH]2)CC1,tensor([5.5000])
CN1CCC(C(=O)c2cc3cc(Cl)ccc3[nH]2)CC1,tensor([5.5000])
CN(C)CCOc1ccc(CCN(C)C)cc1,tensor([7.4000])
CN(C)CCCOc1c(Br)cc(CCN(C)C)cc1Br,tensor([7.5200])
CN(C)CCc1ccc(OCCCN2CCCCC2)cc1,tensor([9.3000])
CN(C)CCCOc1c(Br)cc(CN(C)C)cc1Br,tensor([7.4400])
CN(C)CCc1ccc(OCCN2CCCCC2)cc1,tensor([7.8500])
Brc1cc(CN2CCCCC2)cc(Br)c1OCCCN1CCCCC1,tensor([8.1000])
CCCCN(CCCC)CCCOc1ccc(-c2cn3c(C)cccc3n2)cc1,tensor([5.4000])
CN(C)CCCOc1ccc(CN(C)C)cc1,tensor([7.7500])
CN(C)CCCOc1ccc(CN2CCCCC2)cc1,tensor([8.5200])
O=C(c1cc2ccccc2[nH]1)N1CCNCC1,tensor([5.0500])
O=C(CCN1CCC(Cc2c[nH]cn2)CC1)Nc1ccc(Cl)cc1,tensor([8.7700])
O=C(CCN1CCC(Cc2c[nH]cn2)CC1)Nc1cccc(F)c1,tensor([8.7200])
O=C(CCN1CCC(Cc2c[nH]cn2)CC1)Nc1cccc(Cl)c1,tensor([9.4000])
c1nc(CCCCCN2CCCC2)c[nH]1,tensor([7.5000])
c1nc(CCCCNC2CCCCC2)c[nH]1,tensor([7.5000])
CCCCNCCCCCc1c[nH]cn1,tensor([8.4000])
NCCCCCc1c[nH]cn1,tensor([8.3000])
c1nc(CCCCN2CCCCCC2)c[nH]1,tensor([7.4000])
c1nc(CCCCN2CCCC2)c[nH]1,tensor([7.4000])
c1nc(CCCCCNC2CCCC2)c[nH]1,tensor([8.4000])
CC(C)(C)NCCCCc1c[nH]cn1,tensor([6.2000])
CCCNCCCCc1c[nH]cn1,tensor([8.1000])
CC(C)CNCCCCc1c[nH]cn1,tensor([8.5000])
Clc1ccc(CNCCCCc2c[nH]cn2)cc1,tensor([7.8000])
Clc1ccc(CNCCCCCc2c[nH]cn2)cc1,tensor([8.6000])
CCCCNCCCCc1c[nH]cn1,tensor([8.2000])
c1nc(CCCCCN2CCCCCC2)c[nH]1,tensor([7.8000])
CCNCCCCCc1c[nH]cn1,tensor([8.1000])
c1nc(CCCCCN2CCCCC2)c[nH]1,tensor([8.1000])
c1nc(CCCCNC2CCCCCC2)c[nH]1,tensor([7.4000])
CCN(CC)CCCCCc1c[nH]cn1,tensor([7.2000])
c1nc(CCCCNC2CCCC2)c[nH]1,tensor([7.4000])
c1nc(CCCCN2CCCCC2)c[nH]1,tensor([7.7000])
CC(C)NCCCCc1c[nH]cn1,tensor([7.1000])
CC(C)CNCCCCCc1c[nH]cn1,tensor([8.8000])
CCNCCCCc1c[nH]cn1,tensor([7.6000])
CCCNCCCCCc1c[nH]cn1,tensor([8.3000])
CN(C)CCCCCc1c[nH]cn1,tensor([7.8000])
CCN(CC)CCCCc1c[nH]cn1,tensor([7.])
c1nc(CCCCCNC2CCCCCC2)c[nH]1,tensor([8.5000])
CC(C)NCCCCCc1c[nH]cn1,tensor([7.9000])
c1nc(CCCCCNC2CCCCC2)c[nH]1,tensor([8.])
CN(C)CCCCc1c[nH]cn1,tensor([8.5000])
CC(C)(C)NCCCCCc1c[nH]cn1,tensor([7.4000])
N#Cc1c2ccccc2cn1CCCN1CCCCC1,tensor([6.4600])
O=[N+]([O-])c1ccc(NCCCCCN2CCCCC2)c2nonc12,tensor([7.9600])
N#Cc1c2ccccc2cn1CCCCCN1CCCCC1,tensor([7.5100])
O=[N+]([O-])c1ccc(NCCCCN2CCCCC2)c2nonc12,tensor([6.7700])
N#Cc1c2ccccc2cn1CCCCCCN1CCCCC1,tensor([7.5100])
O=S(=O)(c1ccccc1)N1CCCc2cc(OCCCN3CCCCC3)ccc21,tensor([7.7500])
c1cc2c(cc1OCCCN1CCCCC1)N(CC1CCCCC1)CCC2,tensor([6.7300])
O=C(c1cccs1)N1CCc2ccc(OCCCN3CCCCC3)cc2C1,tensor([8.0900])
CCN1CCc2cc(OCCCN3CCCCC3)ccc2C1,tensor([9.2700])
c1cc2c(cc1OCCCN1CCCCC1)CCCN2CC1CCCCC1,tensor([7.5100])
CC(C)NC(=O)N1CCCc2cc(OCCCN3CCCCC3)ccc2C1,tensor([7.7700])
c1cc2c(cc1OCCCN1CCCCC1)CNCC2,tensor([9.2200])
CC(C)N1CCc2ccc(OCCCN3CCCCC3)cc2C1,tensor([9.7700])
CC(C)NC(=O)N1CCc2ccc(OCCCN3CCCCC3)cc2C1,tensor([8.3100])
c1cc2c(cc1OCCCN1CCCCC1)CCN(CC1CCCCC1)CC2,tensor([9.2800])
c1cc2c(cc1OCCCN1CCCCC1)NCCC2,tensor([6.8900])
O=C(c1cccs1)N1CCCc2ccc(OCCCN3CCCCC3)cc21,tensor([7.6500])
CCN1CCc2cccc(OCCCN3CCCCC3)c2C1,tensor([7.0200])
c1cc2c(cc1OCCCN1CCCCC1)CCCN2,tensor([7.2700])
CCN1CCc2c(cccc2OCCCN2CCCCC2)C1,tensor([7.0800])
c1cc2c(cc1OCCCN1CCCCC1)CCN(CC1CCCCC1)C2,tensor([9.])
CS(=O)(=O)N1CCCc2cc(OCCCN3CCCCC3)ccc2C1,tensor([8.5400])
CC(C)N1CCc2ccc(OCCCN3CCCCC3)cc2CC1,tensor([9.1400])
CCN1CCCc2ccc(OCCCN3CCCCC3)cc21,tensor([6.8100])
CC(=O)N1CCc2ccc(OCCCN3CCCCC3)cc2CC1,tensor([7.9400])
CCN1CCCc2cc(OCCCN3CCCCC3)ccc2C1,tensor([9.4700])
CCN1CCc2ccc(OCCCN3CCCCC3)cc2C1,tensor([9.4700])
c1cc2c(c(OCCCN3CCCCC3)c1)CCN(CC1CCCCC1)C2,tensor([7.8100])
CS(=O)(=O)N1CCc2ccc(OCCCN3CCCCC3)cc2C1,tensor([7.6200])
O=C(c1cccs1)N1CCc2cc(OCCCN3CCCCC3)ccc2C1,tensor([8.6800])
CC(=O)N1CCc2ccc(OCCCN3CCCCC3)cc2C1,tensor([7.7100])
CC(C)N1CCCc2cc(OCCCN3CCCCC3)ccc2C1,tensor([9.7000])
c1cc(OCCCN2CCCCC2)c2c(c1)N(CC1CCCCC1)CCC2,tensor([6.8500])
O=S(=O)(c1ccccc1)N1CCCc2ccc(OCCCN3CCCCC3)cc21,tensor([8.1400])
CCN1CCCc2cc(OCCCN3CCCCC3)ccc21,tensor([7.3900])
O=S(=O)(c1ccccc1)N1CCc2cc(OCCCN3CCCCC3)ccc2C1,tensor([8.1300])
CS(=O)(=O)N1CCc2ccc(OCCCN3CCCCC3)cc2CC1,tensor([7.9200])
c1cc2c(cc1OCCCN1CCCCC1)CN(CC1CCCCC1)CC2,tensor([9.4600])
CCN1CCc2ccc(OCCCN3CCCCC3)cc2CC1,tensor([9.5900])
CC(C)NC(=O)N1CCc2ccc(OCCCN3CCCCC3)cc2CC1,tensor([7.3700])
c1ccc(CN2CCCc3cc(OCCCN4CCCCC4)ccc3C2)cc1,tensor([9.7000])
c1cc2c(c(OCCCN3CCCCC3)c1)CNCC2,tensor([6.8100])
CC(=O)N1CCN(Cc2ccc(-c3ccc(CN4CCCCC4)cc3)cc2)CC1,tensor([8.2000])
c1cc(-c2ccc(CN3CCOCC3)cc2)ccc1CN1CCOCC1,tensor([7.9100])
CC1CCN(Cc2ccc(-c3ccc(CN4CCC(C)CC4)cc3)cc2)CC1,tensor([8.2100])
c1cc(-c2ccc(CN3CCCCC3)cc2)ccc1CN1CCCCC1,tensor([9.4700])
c1cc(-c2ccc(CNC3CCCCC3)cc2)ccc1CNC1CCCCC1,tensor([6.2500])
c1cc(-c2ccc(CCN3CCCCC3)cc2)ccc1CCN1CCCCC1,tensor([8.9300])
O=C1CCCCN1Cc1ccc(-c2ccc(CN3CCCCC3)cc2)cc1,tensor([7.3300])
c1cc(-c2ccc(CN3CCCCC3)cc2)ccc1CNC1CCCCC1,tensor([8.7700])
NCc1ccc(-c2ccc(CN)cc2)cc1,tensor([5.3500])
CCCCCNCc1ccc(-c2ccc(CNCCCCC)cc2)cc1,tensor([6.1200])
CC(=O)N1CCN(Cc2ccc(-c3ccc(CN4CCN(C(C)=O)CC4)cc3)cc2)CC1,tensor([5.8500])
CN(Cc1ccc(-c2ccc(CN(C)C3CCCCC3)cc2)cc1)C1CCCCC1,tensor([7.4300])
CC1CC(C)CN(Cc2ccc(-c3ccc(CN4CC(C)CC(C)C4)cc3)cc2)C1,tensor([6.4000])
O=C(c1cc2cc(C(F)(F)F)ccc2o1)N1CCCC1CN1CCCC1,tensor([8.4000])
CCN(CC)CC1CCCN1C(=O)c1cc2ccc(C(F)(F)F)cc2o1,tensor([7.3400])
CCOc1cccc2cc(C(=O)N3CCCC3CN3CCCC3)oc12,tensor([8.1500])
N#Cc1ccc2oc(C(=O)N3CCCC3CN3CCCC3)cc2c1,tensor([8.3000])
O=C(c1cc2cc(OC(F)(F)F)ccc2o1)N1CCCC1CN1CCCC1,tensor([7.9600])
O=C(c1sc2ccccc2c1Cl)N1CCCC1CN1CCCC1,tensor([7.9200])
O=C(c1cc2cc(C(F)(F)F)ccc2o1)N1CCCC1CN1CCCCC1,tensor([8.1500])
O=C(c1cc2ccccc2s1)N1CCCC1CN1CCCC1,tensor([8.4000])
O=C(c1cc2cc(Cl)ccc2o1)N1CCCC1CN1CCCC1,tensor([8.3000])
O=C(c1cc2ccc(C(F)(F)F)cc2o1)N1CCCC1CN1CCCCC1,tensor([7.6600])
O=C(c1cc2ccc(C(F)(F)F)cc2o1)N1CCCC1CN1CCCC1,tensor([7.8200])
CCN(CC)CC1CCCN1C(=O)c1cc2cc(C(F)(F)F)ccc2o1,tensor([7.8500])
CN1CCN(C2=Nc3ccc(Cl)cc3Oc3ccccc32)CC1,tensor([5.0400])
CN(CCCCc1c[nH]cn1)CCC(c1ccc(Cl)cc1)c1ccccn1,tensor([7.8200])
CC1CCCN1CCc1cc2cc(CNc3ncccc3[N+](=O)[O-])ccc2o1,tensor([9.3700])
CCc1cnc(Nc2ccc3oc(CCN4CCCC4C)cc3c2)nc1,tensor([9.2100])
CC1CCCN1CCc1cc2cc(CNc3ncccn3)ccc2o1,tensor([9.0800])
CC1CCCN1CCc1cc2cc(CNc3ncccc3C#N)ccc2o1,tensor([9.1300])
CC1CCCN1CCc1cc2cc(Nc3cncnc3)ccc2o1,tensor([10.1000])
CC1CCCN1CCc1cc2cc(CNc3nccnc3C#N)ccc2o1,tensor([8.9800])
CC1CCCN1CCc1cc2cc(CNc3ccc([N+](=O)[O-])cc3)ccc2o1,tensor([9.1300])
CC1CCCN1CCc1cc2cc(CNc3cccc(C#N)c3)ccc2o1,tensor([9.4000])
CC1CCCN1CCc1cc2cc(CNc3ncc([N+](=O)[O-])cc3[N+](=O)[O-])ccc2o1,tensor([9.1500])
CC1CCCN1CCc1cc2cc(CNc3ccc([N+](=O)[O-])cn3)ccc2o1,tensor([9.5200])
CC1CCCN1CCc1cc2cc(CNc3ccccc3[N+](=O)[O-])ccc2o1,tensor([9.5100])
CCc1cnc(NCc2ccc3oc(CCN4CCCC4C)cc3c2)nc1,tensor([9.4800])
CC1CCCN1CCc1cc2cc(Nc3cnccn3)ccc2o1,tensor([9.9600])
CC1CCCN1CCc1cc2cc(CNc3ccc(C#N)cn3)ccc2o1,tensor([9.4700])
CC1CCCN1CCc1cc2cc(CNc3ncc(Br)cn3)ccc2o1,tensor([8.9100])
CC1CCCN1CCc1cc2cc(CNc3ccc(Cl)nn3)ccc2o1,tensor([9.5100])
CC1CCCN1CCc1cc2cc(Nc3ccccc3[N+](=O)[O-])ccc2o1,tensor([9.6600])
CC1CCCN1CCc1cc2cc(Nc3ncccc3[N+](=O)[O-])ccc2o1,tensor([9.8500])
CC1CCCN1CCc1cc2cc(CNc3cc(C#N)nc(C#N)c3)ccc2o1,tensor([9.8900])
CC1CCCN1CCc1cc2cc(Nc3ccc([N+](=O)[O-])cn3)ccc2o1,tensor([10.3000])
CC1CCCN1CCc1cc2cc(Nc3ncccn3)ccc2o1,tensor([9.5100])
CC1CCCN1CCc1cc2cc(CNc3ccc(C(=O)C(F)(F)F)cc3)ccc2o1,tensor([9.1300])
CC1CCCN1CCc1cc2cc(Nc3ccc(C#N)cc3)ccc2o1,tensor([9.5700])
Cc1ccc(C#N)c(Nc2ccc3oc(CCN4CCCC4C)cc3c2)n1,tensor([8.5300])
CC1CCCN1CCc1cc2cc(CNc3ncc([N+](=O)[O-])s3)ccc2o1,tensor([9.7200])
CC1CCCN1CCc1cc2cc(Nc3ccc(C(F)(F)F)cn3)ccc2o1,tensor([9.2700])
CC1CCCN1CCc1cc2cc(CNc3cncnc3)ccc2o1,tensor([9.1600])
CC1CCCN1CCc1cc2cc(CNc3cnccn3)ccc2o1,tensor([9.5400])
CC1CCCN1CCc1cc2cc(Nc3cccc(C#N)c3)ccc2o1,tensor([9.5400])
Cc1ccc(C2CN(C)Cc3cc(OCCCN4CCC(F)CC4)ccc32)cc1,tensor([8.0800])
CN1Cc2cc(OCCCN3CCC(F)CC3)ccc2C(c2ccc(S(C)(=O)=O)cc2)C1,tensor([8.7000])
CN1Cc2cc(OCCCN3CCC(F)CC3)ccc2C(c2cccc(Cl)c2)C1,tensor([8.5200])
CN1Cc2cc(OCCCN3CCC(F)CC3)ccc2C(c2ccc(Cl)c(Cl)c2)C1,tensor([7.5100])
COc1ccc(C2CN(C)Cc3cc(OCCCN4CCCCC4)ccc32)cc1,tensor([8.7000])
CNCCC(Oc1ccc(C(F)(F)F)cc1)c1ccccc1,tensor([5.1400])
CN1Cc2cc(OCCCN3CCC(F)CC3)ccc2C(c2ccc(SC(F)(F)F)cc2)C1,tensor([7.3400])
CN1Cc2cc(OCCCN3CCC(F)CC3)ccc2C(c2ccc(C(F)(F)F)cc2)C1,tensor([7.7500])
COc1ccc(C2CN(C)Cc3cc(OCCCN4CCOCC4)ccc32)cc1,tensor([8.4200])
CN1Cc2cc(OCCCN3CCC(F)CC3)ccc2C(c2ccc(OC(F)F)cc2)C1,tensor([8.])
COc1ccc(C2CN(C)Cc3cc(OCCCN4CCOCC4C)ccc32)cc1,tensor([8.2500])
CN1Cc2cc(OCCCN3CCC(F)CC3)ccc2C(c2ccccc2Cl)C1,tensor([8.2500])
CSc1ccc(C2CN(C)Cc3cc(OCCCN4CCOCC4)ccc32)cc1,tensor([8.])
CN1Cc2cc(OCCCN3CCC(F)CC3)ccc2C(c2ccc(Cl)cc2)C1,tensor([8.0800])
CSc1ccc(C2CN(C)Cc3cc(OCCCN4CCC(F)CC4)ccc32)cc1,tensor([8.1900])
COc1cccc(C2CN(C)Cc3cc(OCCCN4CCC(F)CC4)ccc32)c1,tensor([8.7000])
CN1Cc2cc(OCCCN3CCC(F)CC3)ccc2C(c2cc(Cl)ccc2Cl)C1,tensor([8.0300])
CN1Cc2cc(OCCCN3CCC(F)CC3)ccc2C(c2ccccc2)C1,tensor([8.4800])
COc1ccc(C2CN(C)Cc3cc(OCCCN4CCC(F)CC4)ccc32)cc1,tensor([8.7000])
CN1Cc2cc(OCCCN3CCC(F)CC3)ccc2C(c2cccc(C(F)(F)F)c2)C1,tensor([7.9600])
CCOc1ccc(C2CN(C)Cc3cc(OCCCN4CCC(F)CC4)ccc32)cc1,tensor([8.1400])
COc1ccc(C2CN(C)Cc3cc(OCCCN4CCC(F)CC4)ccc32)cc1Cl,tensor([8.0100])
CN1Cc2cc(OCCCN3CCC(F)CC3)ccc2C(c2ccc(C#N)cc2)C1,tensor([8.4600])
CCCN(C)CCc1ccc2cc(-c3ccc(C#N)cc3)ccc2c1,tensor([8.6800])
CC(C)CC1CCCN1CCc1ccc2cc(-c3ccc(C#N)cc3)ccc2c1,tensor([6.5600])
CN(C)CCc1ccc2cc(-c3ccc(C#N)cc3)ccc2c1,tensor([8.5800])
C(#Cc1ccc(CN2CCCCC2)cc1)CCN1CCCCC1,tensor([8.8000])
CC1CCCN1CCCOc1ccc(-c2ccc(C#N)cc2)cc1,tensor([9.6600])
CCC1CCCN1CCc1ccc2cc(-c3ccc(C#N)cc3)ccc2c1,tensor([8.0600])
N#Cc1ccc(-c2ccc3cc(CCN4CCCC4CO)ccc3c2)cc1,tensor([9.3600])
CC1CCCN1CCc1ccc2cc(-c3ccc(C#N)cc3)ccc2c1,tensor([9.9200])
CNC(O)Cc1ccc2cc(-c3ccc(C#N)cc3)ccc2c1,tensor([7.9800])
CN(CCc1ccc2cc(-c3ccc(C#N)cc3)ccc2c1)C(C)(C)C,tensor([8.9600])
N#Cc1ccc(-c2ccc3cc(CCN4CCC(O)C4)ccc3c2)cc1,tensor([8.8100])
CC1CCCCN1CCc1ccc2cc(-c3ccc(C#N)cc3)ccc2c1,tensor([8.0600])
N#Cc1ccc(-c2ccc3cc(CCN4CCCC4)ccc3c2)cc1,tensor([9.3100])
CN(C)C1CCN(CCc2ccc3cc(-c4ccc(C#N)cc4)ccc3c2)C1,tensor([7.7000])
N#Cc1ccc(-c2ccc3cc(CCC4CCNC4)ccc3c2)cc1,tensor([8.4800])
N#Cc1ccc(-c2ccc3cc(CCN4CCCC4CF)ccc3c2)cc1,tensor([9.0900])
CC(C)C1CCCN1CCc1ccc2cc(-c3ccc(C#N)cc3)ccc2c1,tensor([7.5600])
CN(C)CCC(Oc1ccc(Cl)cc1)c1ccc(OCCCN2CCCCC2)cc1,tensor([8.7700])
CN(C)CCC(Oc1ccc(Cl)c(Cl)c1)c1ccc(OCCCN2CCCCC2)cc1,tensor([9.0500])
CC(C)N1CCN(C(=O)c2ccc(C(CCN(C)C)Oc3ccccc3)cc2)CC1,tensor([9.1000])
COc1cccc(OC(CCN(C)C)c2ccc(OCCCN3CCCCC3)cc2)c1,tensor([9.1500])
Cc1ccc(OC(CCN(C)C)c2ccc(OCCCN3CCCCC3)cc2)cc1,tensor([9.1500])
CN(C)CCC(Oc1cccc(Cl)c1)c1ccc(OCCCN2CCCCC2)cc1,tensor([9.0500])
CN(C)CCC(Oc1ccc([N+](=O)[O-])cc1)c1ccc(OCCCN2CCCCC2)cc1,tensor([9.0500])
CN(C)CCC(Oc1cccc(OCCCN2CCCCC2)c1)c1ccccc1,tensor([9.1500])
CSc1ccc(OC(CCN(C)C)c2ccc(OCCCN3CCCCC3)cc2)cc1,tensor([9.0500])
CN(C)CCC(Oc1ccccc1)c1ccc(C#CCCN2CCCCC2)cc1,tensor([8.8900])
CN(C)CCC(Oc1cccc(Br)c1)c1ccc(OCCCN2CCCCC2)cc1,tensor([9.])
COc1ccc(OC(CCN(C)C)c2ccc(OCCCN3CCCCC3)cc2)cc1,tensor([9.])
CN(C)CCC(Oc1ccc(OCCCN2CCCCC2)cc1)c1ccccc1,tensor([9.])
CN(C)CCC(Oc1ccc(C#N)cc1)c1ccc(OCCCN2CCCCC2)cc1,tensor([9.7000])
CN(C)CCC(Oc1ccc(C(F)(F)F)cc1)c1ccc(OCCCN2CCCCC2)cc1,tensor([8.5700])
CN(C)CCC(Oc1ccccc1)c1ccc(OCCCN2CCCCC2)cc1,tensor([9.2200])
CN(C)CCC(Oc1ccc(C(F)(F)F)cc1)c1ccccc1,tensor([5.1800])
CN(C)CCC(Oc1ccccc1)c1cccc(OCCCN2CCCCC2)c1,tensor([8.4800])
CN(C)CCC(Oc1ccc(Br)cc1)c1ccc(OCCCN2CCCCC2)cc1,tensor([8.7700])
CN(C)CCC(Oc1ccc(F)cc1)c1ccc(OCCCN2CCCCC2)cc1,tensor([9.])
COc1ccc(C2CNCc3cc(OCCCN4CCOCC4)ncc32)cc1,tensor([7.3700])
COc1ccc(C2CNCc3cc(OCCCN4CCCCC4)ncc32)cc1,tensor([8.4000])
COc1cccc(C2CN(C)Cc3cc(OCCCN4CCCCC4)ncc32)c1,tensor([8.1000])
CN1Cc2cc(OCCCN3CCCCC3)ncc2C(c2ccc(Cl)cc2)C1,tensor([7.8200])
Clc1ccccc1C1CNCc2cc(OCCCN3CCCCC3)ncc21,tensor([9.])
CCN(CC)CCCOc1cc2c(cn1)C(c1ccc(OC)cc1)CNC2,tensor([7.6400])
CN1Cc2cc(OCCCN3CCCCC3)ncc2C(c2ccccc2)C1,tensor([8.3000])
Clc1ccc(C2CNCc3cc(OCCCN4CCCCC4)ncc32)cc1,tensor([8.7000])
Clc1ccc(C2CNCc3cc(OCCCN4CCCCC4)ncc32)cc1Cl,tensor([8.3000])
COc1ccc(C2CN(C)Cc3cc(OCCCN4CCCCC4)ncc32)cc1,tensor([7.9200])
CCN(CC)CCCOc1cc2c(cn1)C(c1ccccc1)CN(C)C2,tensor([8.4000])
CCN(CC)CCCOc1cc2c(cn1)C(c1ccc(Cl)c(Cl)c1)CN(C)C2,tensor([7.8000])
CCN(CC)CCCOc1cc2c(cn1)C(c1ccc(OC)cc1)CN(C)C2,tensor([7.8900])
CC(C)N1CCC(COc2cc3c(cn2)C(c2ccc(Cl)c(Cl)c2)CN(C)C3)CC1,tensor([7.8900])
CN1Cc2cc(OCCCN3CCCCC3)ncc2C(c2cccc(Cl)c2)C1,tensor([8.1500])
c1ccc(C2CNCc3cc(OCCCN4CCCCC4)ncc32)cc1,tensor([9.])
CN1Cc2cc(OCCCN3CCCCC3)ncc2C(c2ccc(Cl)c(F)c2)C1,tensor([8.1500])
CN1Cc2cc(OCCCN3CCCCC3)ncc2C(c2ccccc2F)C1,tensor([8.7000])
COc1ccc(C2CNCc3cc(OCC4CCN(C(C)C)CC4)ncc32)cc1,tensor([8.4000])
CC(C)N1CCC(COc2cc3c(cn2)C(c2ccc(Cl)c(Cl)c2)CNC3)CC1,tensor([7.8900])
c1ccc(C2CNCc3cc(OCCCN4CCOCC4)ncc32)cc1,tensor([7.8900])
CN1Cc2cc(OCCCN3CCCCC3)ncc2C(c2ccc(Cl)c(Cl)c2)C1,tensor([7.7500])
COc1ccc(C2CN(C)Cc3cc(OCC4CCN(C(C)C)CC4)ncc32)cc1,tensor([7.8900])
CN1Cc2cc(OCCCN3CCCCC3)ncc2C(c2ccc(F)cc2)C1,tensor([8.0500])
CCN(CC)CCCOc1cc2c(cn1)C(c1ccc(Cl)c(Cl)c1)CNC2,tensor([8.1500])
Clc1ccc(C2CN3CCCC3c3cc(OCCCN4CCCCC4)ccc32)cc1,tensor([8.6600])
FC(F)(F)Oc1ccc(C2CN3CCCC3c3cc(OCCCN4CCCCC4)ccc32)cc1,tensor([8.4000])
Clc1ccccc1C1CN2CCCC2c2cc(OCCCN3CCCCC3)ccc21,tensor([8.6400])
c1ccc(C2CN3CCCC3c3cc(OCCCN4CCCCC4)ccc32)cc1,tensor([9.0500])
Clc1cccc(C2CN3CCCC3c3cc(OCCCN4CCCCC4)ccc32)c1,tensor([8.9200])
N#Cc1ccc(C2CN3CCCC3c3cc(OCCCN4CCCCC4)ccc32)cc1,tensor([8.9200])
CSc1ccc(C2CN3CCCC3c3cc(OCCCN4CCCCC4)ccc32)cc1,tensor([8.6000])
COc1ccccc1C1CN2CCCC2c2cc(OCCCN3CCCCC3)ccc21,tensor([8.8900])
C#Cc1ccc(C2CN3CCCC3c3cc(OCCCN4CCCCC4)ccc32)cc1,tensor([8.4000])
CN(C)c1ccc(C2CN3CCCC3c3cc(OCCCN4CCCCC4)ccc32)cc1,tensor([8.8000])
O=[N+]([O-])c1ccc(C2CN3CCCC3c3cc(OCCCN4CCCCC4)ccc32)cc1,tensor([8.8900])
Oc1ccccc1C1CN2CCCC2c2cc(OCCCN3CCCCC3)ccc21,tensor([8.4300])
FC(F)(F)c1cccc(C2CN3CCCC3c3cc(OCCCN4CCCCC4)ccc32)c1,tensor([8.7000])
Fc1ccc(C2CN3CCCC3c3cc(OCCCN4CCCCC4)ccc32)cc1,tensor([8.7700])
COc1ccc(C2CN3CCCC3c3cc(OCCCN4CCCCC4)ccc32)cc1,tensor([9.1500])
C#Cc1cccc(C2CN3CCCC3c3cc(OCCCN4CCCCC4)ccc32)c1,tensor([8.7000])
Oc1cccc(C2CN3CCCC3c3cc(OCCCN4CCCCC4)ccc32)c1,tensor([9.1500])
COc1cccc(C2CN3CCCC3c3cc(OCCCN4CCCCC4)ccc32)c1,tensor([8.7700])
FC(F)(F)c1ccc(C2CN3CCCC3c3cc(OCCCN4CCCCC4)ccc32)cc1,tensor([8.3300])
Cc1ccc(C2CN3CCCC3c3cc(OCCCN4CCCCC4)ccc32)cc1,tensor([8.7000])
Oc1ccc(C2CN3CCCC3c3cc(OCCCN4CCCCC4)ccc32)cc1,tensor([8.7700])
CN(C)C(=O)c1cc(OCCCN2CCCCC2)ccc1OCc1ccccc1Cl,tensor([7.3300])
CN(C)CCCOc1ccc(Oc2ncnc3ccccc23)c(C(=O)N(C)C)c1,tensor([5.9900])
COc1ccccc1COc1ccc(OCCCN2CCCCC2)cc1C(=O)N(C)C,tensor([7.9200])
CN(C)Cc1cc(OCCCN2CCCCC2)ccc1OCc1ccccc1Cl,tensor([8.6200])
COc1ccccc1COc1ccc(OCCCN2CCOCC2)cc1C(=O)N(C)C,tensor([5.8600])
CN(C)C(=O)c1cc(OCCCN2CCOCC2)ccc1OCc1ccccc1Cl,tensor([5.9600])
CN(C)C(=O)c1cc(OCCC2CCCN2C)ccc1OCc1ccccc1Cl,tensor([5.7400])
CN(C)CCCOc1ccc(Nc2ncnc3ccccc23)c(CN(C)C)c1,tensor([7.7500])
CN(C)Cc1cc(OCCCN2CCCCC2)ccc1Nc1ncnc2ccccc12,tensor([9.5200])
CN(C)Cc1cc(OCC2CCCN(C)C2)ccc1OCc1ccccc1Cl,tensor([6.8200])
COc1ccc(C2CN(C)Cc3cc(OCCCN4CCN(C(C)C)CC4)ccc32)cc1,tensor([8.0100])
COc1ccc(C2CN(C)Cc3cc(OCCCN4CCCC(F)(F)C4)ccc32)cc1,tensor([7.8500])
COc1ccc(C2CN(C)Cc3cc(OCCCN4CCC(F)(F)CC4)ccc32)cc1,tensor([8.0600])
COc1ccc(C2CN(C)Cc3cc(OCCCN4CCC(O)CC4)ccc32)cc1,tensor([7.9600])
COc1ccc(C2CN(C)Cc3cc(OCCCN4CCN(C(C)=O)CC4)ccc32)cc1,tensor([6.5700])
COc1ccc(C2CN(C)Cc3cc(OCCCN4CCC4)ccc32)cc1,tensor([8.4000])
CCN(CC)CCCOc1ccc2c(c1)CN(C)CC2c1ccc(OC)cc1,tensor([8.7700])
COc1ccc(C2CN(C)Cc3cc(OCCCN4CCN(C(=O)c5cccn5C)CC4)ccc32)cc1,tensor([5.5800])
COc1ccc(C2CN(C)Cc3cc(OCCCN4CCS(=O)(=O)CC4)ccc32)cc1,tensor([6.9700])
COc1ccc(C2CN(C)Cc3cc(OCCCN4CCN(c5ccc(C#N)cc5)CC4)ccc32)cc1,tensor([6.8400])
COc1ccc(C2CN(C)Cc3cc(OCCCN4CCN(c5ccncc5)CC4)ccc32)cc1,tensor([8.4800])
CCN1CCN(CCCOc2ccc3c(c2)CN(C)CC3c2ccc(OC)cc2)CC1,tensor([7.9200])
COc1ccc(C2CN(C)Cc3cc(OCCCN4CCN(C5CC5)CC4)ccc32)cc1,tensor([7.5200])
COc1ccc(C2CN(C)Cc3cc(OCCCN4CCC(F)(F)C4)ccc32)cc1,tensor([8.0200])
COc1ccc(C2CN(C)Cc3cc(OCCCN4CCC(CO)CC4)ccc32)cc1,tensor([8.0200])
COc1ccc(C2CN(C)Cc3cc(OCCCN4CCN(c5ccc(C(F)(F)F)cc5)CC4)ccc32)cc1,tensor([5.8400])
COc1ccc(C2CN(C)Cc3cc(OCCCN4CCN(c5ccccc5O)CC4)ccc32)cc1,tensor([5.9600])
COc1ccc(C2CN(C)Cc3cc(OCCCNC4CC4)ccc32)cc1,tensor([7.4200])
COc1ccc(C2CN(C)Cc3cc(OCCCN4CCC(C#N)CC4)ccc32)cc1,tensor([8.1300])
COc1ccc(C2CN(C)Cc3cc(OCCCN4CCN(C(=O)C(C)C)CC4)ccc32)cc1,tensor([6.2900])
CCNCCCOc1ccc2c(c1)CN(C)CC2c1ccc(OC)cc1,tensor([7.3300])
COc1ccc(C2CN(C)Cc3cc(OCCCN4CCN(c5nccs5)CC4)ccc32)cc1,tensor([6.5700])
COc1ccc(C2CN(C)Cc3cc(OCCCN(C4CC4)C4CC4)ccc32)cc1,tensor([8.1300])
COc1ccc(C2CN(C)Cc3cc(OCCCN4CCC(C(F)(F)F)CC4)ccc32)cc1,tensor([7.4000])
COc1ccc(C2CN(C)Cc3cc(OCCCN4CCN(C(=O)c5ccncc5)CC4)ccc32)cc1,tensor([5.5500])
COc1ccc(C2CN(C)Cc3cc(OCCCN4CC(F)(F)C4)ccc32)cc1,tensor([7.1600])
CNCc1cc(C#CCCN2CCCN(C(C)C)CC2)ccc1Oc1ccc(SC)cc1,tensor([7.0300])
CNCc1cc(CCCCN2CCSCC2)ccc1Oc1ccc(SC)cc1,tensor([8.0100])
CNCc1cc(C#CCCN(C)C2CC2)ccc1Oc1ccc(Cl)c(Cl)c1,tensor([8.0100])
CNCc1cc(CCCCN2CCN(C(C)C)CC2)ccc1Oc1ccc(SC)cc1,tensor([8.2800])
CNCc1cc(C#CCCN2CCSCC2)ccc1Oc1ccc(SC)cc1,tensor([8.2700])
C(#Cc1cccc(CN2CCOCC2)c1)CCN1CCCCC1,tensor([8.8900])
CNCc1cc(C#CCCN2CCOCC2)ccc1Oc1ccc(F)cc1Cl,tensor([8.2200])
CNCc1ccc(C#CCCN2CCOCC2)cc1Oc1ccc(SC)cc1,tensor([6.3700])
CNCc1cc(C#CCCN2CCC(F)CC2)ccc1Oc1ccc(SC)cc1,tensor([8.2200])
CNCc1cc(C#CCCN2CCNC(=O)C2)ccc1Oc1ccc(SC)cc1,tensor([6.0600])
CNCc1cc(Br)ccc1Oc1ccc(SC)cc1,tensor([5.0500])
CNCc1cc(C#CCCN(C)C2CC2)ccc1Oc1ccc(SC)cc1,tensor([8.2100])
CNCc1cc(C#CCCN2CCOCC2)ccc1Oc1ccc(Cl)cc1,tensor([8.1500])
CNCc1cc(C#CCCN2CCC(F)CC2)ccc1Oc1ccc(Cl)c(Cl)c1,tensor([7.8500])
CNCc1cc(C#CCCN2CCN(C3CC3)CC2)ccc1Oc1ccc(SC)cc1,tensor([7.2800])
CNCc1cc(C#CCCN2CCOCC2)ccc1Oc1cccc(Cl)c1,tensor([8.5200])
CNCc1cc(C#CCCN2CCOCC2)ccc1Oc1cccc(F)c1,tensor([8.5200])
CNCc1cc(C#CCCN2CCOCC2)ccc1Oc1ccc(Cl)c(C(F)(F)F)c1,tensor([7.8900])
CNCc1cc(C#CCCN2CCOCC2)ccc1Oc1ccc(C(F)(F)F)cc1,tensor([8.1400])
CNCc1cc(C#CCCN2CCOCC2)ccc1Oc1ccc(SC)cc1,tensor([7.9600])
CNCc1cc(C#CCCN2CCOCC2)ccc1Oc1ccccc1,tensor([8.2400])
CNCc1cc(C#CCCN2CCSCC2)ccc1Oc1ccc(Cl)c(Cl)c1,tensor([7.8900])
CNCc1cc(CCCCN2CCN(C3CC3)CC2)ccc1Oc1ccc(SC)cc1,tensor([8.3300])
CNCc1cc(C#CCCN2CCN(C(C)C)CC2)ccc1Oc1ccc(SC)cc1,tensor([7.5100])
CNCc1cc(C#CCCNC2CC2)ccc1Oc1ccc(Cl)c(Cl)c1,tensor([7.7700])
CNCc1cc(C#CCCN2CCN(C(C)C)C(=O)C2)ccc1Oc1ccc(SC)cc1,tensor([5.7300])
CNCc1cc(C#CCCN2CCOCC2)ccc1Oc1ccc(Cl)c(Cl)c1,tensor([7.9600])
Cc1c(-c2ccc3cc(CCN4CCCC4C)ccc3n2)cnn1-c1ccccn1,tensor([9.5900])
Cc1nc(N2CCCC2)ncc1-c1ccc2cc(CCN3CCCC3C)ccc2n1,tensor([9.5400])
Cc1nc2ncccc2cc1-c1ccc2cc(CCN3CCCC3C)ccc2n1,tensor([9.4700])
Cc1nn(C)cc1-c1ccc2cc(CCN3CCCC3C)ccc2n1,tensor([9.3500])
O=C(c1ccc(F)cc1F)N1CCN(c2ccc(OC3CCN(C4CCCC4)CC3)cc2)C(=O)C1,tensor([8.4000])
CC(C)N1CCC(Oc2ccc(N3CCN(C(=O)c4ccc(F)cc4)CC3=O)cc2)CC1,tensor([8.4000])
O=C(c1ccc(F)cc1)N1CCN(c2ccc(OCCCN3CCCCCC3)cc2)C(=O)C1,tensor([8.4000])
O=C(c1ccccc1)N1CCN(c2ccc(OCCCN3CCCCC3)cc2)C(=O)C1,tensor([8.4000])
O=C(c1ccc(F)cc1F)N1CCN(c2ccc(OCCCN3CCCC3)cc2)C(=O)C1,tensor([8.4000])
O=C(c1cnn2cccnc12)N1CCN(c2ccc(OCCCN3CCCCC3)cc2)C(=O)C1,tensor([8.4000])
CC(C)N1CCC(Oc2ccc(N3CCN(C(=O)c4ccc(F)cc4F)CC3=O)cc2)CC1,tensor([8.4000])
O=C(c1ccc(F)cc1)N1CCN(c2ccc(OCCCN3CCCCC3)cc2)C(=O)C1,tensor([8.8000])
CS(=O)(=O)c1ccc(C(=O)N2CCN(c3ccc(OCCCN4CCCCC4)cc3)C(=O)C2)cc1,tensor([8.6000])
O=C(c1ccc(F)cc1F)N1CCN(c2ccc(OCCCN3CCCCC3)cc2)C(=O)C1,tensor([8.6000])
CC(C)N1CCC(Oc2ccc(N3CCN(C(=O)c4cc(F)cc(F)c4)CC3=O)cc2)CC1,tensor([8.7000])
O=C(c1cc(F)cc(F)c1)N1CCN(c2ccc(OC3CCN(C4CCCC4)CC3)cc2)C(=O)C1,tensor([8.6000])
N#Cc1ccc(C(=O)N2CCN(c3ccc(OCCCN4CCCCCC4)cc3)C(=O)C2)cc1,tensor([8.5000])
N#Cc1ccc(C(=O)N2CCN(c3ccc(OCCCN4CCCCC4)cc3)C(=O)C2)cc1,tensor([8.8000])
O=C(C1CC1)N1CCN(c2ccc(OCCCN3CCCCC3)cc2)C(=O)C1,tensor([8.6000])
O=C(c1ccc(F)cc1)N1CCN(c2ccc(OC3CCN(C4CCCC4)CC3)cc2)C(=O)C1,tensor([8.6000])
O=C(c1cc(F)cc(F)c1)N1CCN(c2ccc(OCCCN3CCCC3)cc2)C(=O)C1,tensor([8.7000])
CC(C)(C)C(=O)N1CCN(c2ccc(OCCCN3CCCCC3)cc2)C(=O)C1,tensor([8.5000])
O=C(c1ccccc1)N1CCN(c2ccc(OC3CCN(C4CCC4)CC3)cc2)C(=O)C1,tensor([8.5000])
O=C(c1ccc(Cl)cc1)N1CCN(c2ccc(OC3CCN(C4CCCC4)CC3)cc2)C(=O)C1,tensor([8.5000])
CS(=O)(=O)c1cccc(C(=O)N2CCN(c3ccc(OCCCN4CCCCC4)cc3)C(=O)C2)c1,tensor([8.5000])
O=C(c1ccc(Cl)cc1)N1CCN(c2ccc(OCCCN3CCCCC3)cc2)C(=O)C1,tensor([8.7000])
CS(=O)(=O)c1ccc(C(=O)N2CCN(c3ccc(OC4CCN(C5CCC5)CC4)cc3)C(=O)C2)cc1,tensor([8.9000])
CC(C)N1CCC(Oc2ccc(N3CCN(C(=O)c4ccc(Cl)cc4)CC3=O)cc2)CC1,tensor([8.6000])
O=C(c1cc(F)cc(F)c1)N1CCN(c2ccc(OCCCN3CCCCC3)cc2)C(=O)C1,tensor([8.7000])
O=C(c1ccc(F)cc1F)N1CCN(c2ccc(OC3CCN(C4CCC4)CC3)cc2)C(=O)C1,tensor([8.8000])
O=C(c1ccc(C(=O)N2CCN(c3ccc(OC4CCN(C5CCC5)CC4)cc3)C(=O)C2)cc1)N1CCC1,tensor([9.5000])
O=C(c1cc(F)cc(F)c1)N1CCN(c2ccc(OCCCN3CCCCCC3)cc2)C(=O)C1,tensor([8.3000])
N#Cc1ccc(C(=O)N2CCN(c3ccc(OC4CCN(C5CCC5)CC4)cc3)C(=O)C2)cc1,tensor([9.])
O=C(c1ccc(C(=O)N2CCN(c3ccc(OCCCN4CCCCC4)cc3)C(=O)C2)cc1)N1CCC1,tensor([9.2000])
O=C(c1ccc(Cl)cc1)N1CCN(c2ccc(OC3CCN(C4CCC4)CC3)cc2)C(=O)C1,tensor([9.2000])
O=C(c1ccc(F)cc1F)N1CCN(c2ccc(OCCCN3CCCCCC3)cc2)C(=O)C1,tensor([8.1000])
O=C(c1ccc(F)cc1)N1CCN(c2ccc(OC3CCN(C4CCC4)CC3)cc2)C(=O)C1,tensor([9.2000])
O=C(c1ccc(F)cc1)N1CCN(c2ccc(OCCCN3CCCC3)cc2)C(=O)C1,tensor([9.1000])
CC1CCCN1CCCOc1ccc(N2CCN(C(=O)c3cc(F)cc(F)c3)CC2=O)cc1,tensor([9.2000])
N#Cc1ccc(C(=O)N2CCN(c3ccc(OCCCN4CCCC4)cc3)C(=O)C2)cc1,tensor([8.2000])
CC1CCCN1CCCOc1ccc(N2CCN(C(=O)c3ccc(C#N)cc3)CC2=O)cc1,tensor([9.3000])
CC1CCCN1CCCOc1ccc(N2CCN(C(=O)c3ccc(F)cc3)CC2=O)cc1,tensor([9.2000])
O=C(c1cc(F)cc(F)c1)N1CCN(c2ccc(OC3CCN(C4CCC4)CC3)cc2)C(=O)C1,tensor([9.1000])
Cc1ccc(C(=O)N2CCN(c3ccc(OC4CCN(C5CCC5)CC4)cc3)C(=O)C2)cc1,tensor([9.])
CS(=O)(=O)c1cccc(C(=O)N2CCN(c3ccc(OC4CCN(C5CCCC5)CC4)cc3)C(=O)C2)c1,tensor([8.])
CS(=O)(=O)c1ccc(C(=O)N2CCN(c3ccc(OC4CCN(C5CCCC5)CC4)cc3)C(=O)C2)cc1,tensor([9.1000])
N#Cc1ccc(C(=O)N2CCN(c3ccc(OC4CCN(C5CCCC5)CC4)cc3)C(=O)C2)cc1,tensor([9.1000])
CC(C)N1CCC(Oc2ccc(N3CCN(C(=O)c4ccc(C#N)cc4)CC3=O)cc2)CC1,tensor([9.1000])
Cc1ccc(C(=O)N2CCN(c3ccc(OCCCN4CCCCC4)cc3)C(=O)C2)cc1,tensor([9.1000])
O=C(c1ccncc1)N1CCN(c2ccc(OCCCN3CCCCC3)cc2)C(=O)C1,tensor([8.1000])
CC1CCCN1CCCOc1ccc(N2CCN(C(=O)c3ccc(F)cc3F)CC2=O)cc1,tensor([9.2000])
N=C(N)NCCSC(=N)N,tensor([6.])
c1nc(C2CC2CCNCC2CCCCC2)c[nH]1,tensor([8.2800])
c1nc(C2CC2CNCC2CCCCC2)c[nH]1,tensor([7.4600])
Clc1ccc(CNCC2CC2c2c[nH]cn2)cc1,tensor([7.0600])
c1ncc(C2CN3CCCC3c3cc(OCCCN4CCOCC4)ccc32)s1,tensor([8.4300])
c1cc(C2CN3CCCC3c3cc(OCCCN4CCCCC4)ccc32)cs1,tensor([9.1500])
c1csc(C2CN3CCCC3c3cc(OCCCN4CCOCC4)ccc32)n1,tensor([8.4800])
c1cnn(-c2ccc(C3CN4CCCC4c4cc(OCCCN5CCOCC5)ccc43)cc2)c1,tensor([8.2800])
c1cncc(C2CN3CCCC3c3cc(OCCCN4CCCCC4)ccc32)c1,tensor([9.1000])
c1ccc(C2CN3CCCC3c3cc(OCCCN4CCCCC4)ccc32)nc1,tensor([9.1000])
c1csc(C2CN3CCCC3c3cc(OCCCN4CCOCC4)ccc32)c1,tensor([8.5200])
c1cnc(C2CN3CCCC3c3cc(OCCCN4CCOCC4)ccc32)cn1,tensor([8.4000])
c1cc(C2CN3CCCC3c3cc(OCCCN4CCOCC4)ccc32)[nH]n1,tensor([8.4000])
c1csc(C2CN3CCCC3c3cc(OCCCN4CCCCC4)ccc32)c1,tensor([9.])
c1cc(C2CN3CCCC3c3cc(OCCCN4CCCCC4)ccc32)ccn1,tensor([9.])
CCN(CCCN(C)C)CCN1CCN(Cc2cccc3ccccc23)C1=C(C#N)C#N,tensor([7.0800])
CC1CCCN1CCN1CCN(CCN2CCCC2C)C1=C(C#N)C#N,tensor([9.4800])
N#CC(C#N)=C1N(CCCN2CCCCC2)CCN1Cc1cccc2ccccc12,tensor([7.4400])
N#CC(C#N)=C1N(CCCCN2CCCCC2)CCN1CCN1CCCCC1,tensor([7.8000])
CC1CCCN1CCN1CCN(CCN2CCCCC2)C1=C(C#N)C#N,tensor([9.4200])
N#CC(C#N)=C1N(CCCN2CCCCC2)CCN1CCCN1CCCCC1,tensor([8.6200])
N#CC(C#N)=C1N(CCN2CCCCC2)CCN1CCN1CCCCC1,tensor([7.6200])
N#CC(C#N)=C1N(CCCN2CCCCC2)CCN1CCN1CCCCC1,tensor([8.1800])
CC1CCCN1CCc1ccns1,tensor([7.7700])
COc1cccc(CCN2CCCC2)c1,tensor([6.5800])
Cc1oc(-c2ccccc2)nc1CCN1CCCC1C,tensor([8.4600])
c1ccc(COc2ccc(CCN3CCCC3)cc2)cc1,tensor([8.3000])
CC1CCCN1CCc1cccnc1,tensor([6.5200])
CC1CCCN1CCc1ccncc1,tensor([7.1600])
COc1ccc(CCN2CCCC2)cc1,tensor([7.3900])
CCc1ccc(CCN2CCCC2)nc1,tensor([6.6400])
COc1ccc2[nH]c(CCN3CCCC3)cc2c1,tensor([6.6400])
CC1CCCN1CCc1ccc([N+](=O)[O-])cc1,tensor([7.7000])
COc1ccccc1CCN1CCCC1C,tensor([7.5100])
Cc1cccc(CCN2CCCC2)c1,tensor([6.7000])
c1ccc2[nH]c(CCN3CCCC3)cc2c1,tensor([6.6600])
CC1CCCN1CCc1ccccn1,tensor([6.7000])
CC1CCCN1CCc1cc2ccccc2[nH]1,tensor([7.7500])
c1ccc2cc(CCN3CCCC3)ccc2c1,tensor([7.5200])
O=[N+]([O-])c1ccc(CCN2CCCC2)cc1,tensor([6.4400])
Cc1cc(C)c(CCN2CCCC2)c(C)c1,tensor([6.4000])
CC1CCCN1CCc1ccccc1O,tensor([7.6800])
CCc1ccc(CCN2CCCC2C)nc1,tensor([7.4700])
COc1ccccc1CCN1CCCC1,tensor([6.4700])
CC1CCCN1CCc1ccc(OCc2ccccc2)cc1,tensor([9.4100])
Cc1ccc(CCN2CCCC2C)cc1,tensor([8.3000])
COc1ccc(CCN2CCCC2C)cc1,tensor([8.6400])
c1cc(CCN2CCCC2)sn1,tensor([6.7200])
Cc1cccc(CCN2CCCC2C)c1,tensor([8.3000])
Cc1cc(C)c(CCN2CCCC2C)c(C)c1,tensor([8.])
COc1cccc(CCN2CCCC2C)c1,tensor([7.8000])
CC1CCCN1CCc1ccc(N(C)C)cc1,tensor([8.2200])
Oc1ccccc1CCN1CCCC1,tensor([6.5700])
c1cc(CCN2CCCC2)ccn1,tensor([6.4600])
Cc1oc(-c2ccccc2)nc1CCN1CCCC1,tensor([7.5800])
CC1CCCN1CCc1cccs1,tensor([7.4700])
COc1ccc2[nH]c(CCN3CCCC3C)cc2c1,tensor([7.8200])
C1=C(c2ccc(CCN3CCCC3)cc2)C2CN(CC3CC3)CC2C1,tensor([9.])
CC1CCCN1CCc1ccc(C2=CCC3CN(C(=O)C4CCOCC4)CC23)cc1,tensor([8.4000])
CNCc1cc(C(=O)N2CCN(C3CC3)CC2)ccc1Oc1cccc(F)c1,tensor([7.8200])
CNCc1cc(C(=O)N2CCN(C(C)C)CC2)ccc1Oc1ccc(SC)cc1,tensor([8.6600])
CNCc1cc(C(=O)N2CCCN(C3CC3)CC2)ccc1Oc1cccc(C#N)c1,tensor([9.1500])
CNCc1cc(C(=O)N2CCN(C3CCC3)CC2)ccc1Oc1ccc(Cl)cc1,tensor([8.6200])
CNCc1cc(C(=O)N2CCN(C3CC3)CC2)ccc1Oc1cccc(Cl)c1,tensor([7.8500])
CNCc1cc(C(=O)N2CCCN(C3CC3)CC2)ccc1Oc1ccc(Cl)c(Cl)c1,tensor([8.7400])
CNCc1cc(C(=O)N2CCN(C3CC3)CC2)ccc1Oc1ccc(C(F)(F)F)cc1,tensor([7.4300])
CNCc1cc(C(=O)N2CCN(C3CCCC3)CC2)ccc1Oc1ccc(Cl)cc1,tensor([8.4700])
CNCc1cc(C(=O)N2CCCN(C3CC3)CC2)ccc1Oc1ccc(C(F)(F)F)cc1,tensor([8.7000])
CNCc1cc(C(=O)N2CCCN(C3CC3)CC2)ccc1Oc1ccccc1C(F)(F)F,tensor([8.7000])
CNCc1cc(C(=O)N2CCN(C(C)C)CC2)ccc1Oc1ccc(Cl)c(Cl)c1,tensor([8.6200])
CNCc1cc(C(=O)N2CCN(C3CCC3)CC2)ccc1Oc1ccc(Cl)c(Cl)c1,tensor([8.1100])
CNCc1cc(C(=O)N2CCCN(C(C)C)CC2)ccc1Oc1ccc(Cl)cc1,tensor([9.3000])
CNCc1cc(C(=O)N2CCCN(C3CC3)CC2)ccc1Oc1ccc(Cl)cc1F,tensor([8.8500])
CNCc1cc(C(=O)N2CCN(C3CC3)CC2)ccc1Oc1ccc(SC)cc1,tensor([7.5400])
CNCc1cc(C(=O)N2CCCN(C3CC3)CC2)ccc1Oc1ccccc1,tensor([9.1000])
CNCc1cc(C(=O)N2CCCN(C3CC3)CC2)ccc1Oc1cccc(F)c1,tensor([9.])
CNCc1cc(C(=O)N2CCCN(C3CC3)CC2)ccc1Oc1ccccc1F,tensor([9.])
CNCc1cc(C(=O)N2CCCN(C3CC3)CC2)ccc1Oc1ccc(C#N)cc1,tensor([8.9600])
CNCc1cc(C(=O)N2CCCN(C3CC3)CC2)ccc1Oc1ccccc1C#N,tensor([9.])
CNCc1cc(C(=O)N2CCCN(C(C)C)CC2)ccc1Oc1ccc(Cl)c(Cl)c1,tensor([8.9200])
CNCc1cc(C(=O)N2CCN(C(C)C)CC2)ccc1Oc1ccc(SC)c(C)c1,tensor([8.3700])
CNCc1cc(C(=O)N2CCCN(C(C)C)CC2)ccc1Oc1ccc(SC)cc1,tensor([8.9600])
CNCc1cc(C(=O)N2CCN(C3CC3)CC2)ccc1Oc1ccc(Cl)c(Cl)c1,tensor([7.6400])
CNCc1cc(C(=O)N2CCCN(C(C)C)CC2)ccc1Oc1cccc(Cl)c1,tensor([9.])
CNCc1cc(C(=O)N2CCCN(C3CC3)CC2)ccc1Oc1ccc(F)c(Cl)c1,tensor([8.8200])
CNCc1cc(C(=O)N2CCCN(C3CC3)CC2)ccc1Oc1ccc(F)cc1,tensor([9.1000])
CNCc1cc(C(=O)N2CCCN(C3CC3)CC2)ccc1Oc1cccc(OC)c1,tensor([9.])
CNCc1cc(C(=O)N2CCN(C3CCCC3)CC2)ccc1Oc1ccc(Cl)c(Cl)c1,tensor([7.7000])
CNCc1cc(C(=O)N2CCCN(C3CC3)CC2)ccc1Oc1cccc(Cl)c1,tensor([9.0500])
CNCc1cc(C(=O)N2CCCN(C3CC3)CC2)ccc1Oc1ccc(SC)cc1,tensor([8.8500])
CNCc1cc(C(=O)N2CCCN(C3CC3)CC2)ccc1Oc1ccc(Cl)cc1,tensor([8.9600])
CNCc1cc(C(=O)N2CCCN(C3CC3)CC2)ccc1Oc1ccc(SC)c(C)c1,tensor([8.3900])
CNCc1cc(C(=O)N2CCN(C(C)C)CC2)ccc1Oc1ccc(Cl)cc1,tensor([8.9600])
CNCc1cc(C(=O)N2CCN(C3CC3)CC2)ccc1Oc1ccc(SC)c(C)c1,tensor([7.6800])
CNCc1cc(C(=O)N2CCN(C(C)C)CC2)ccc1Oc1cccc(OC)c1,tensor([8.9600])
Nc1nc2c(c(N3CCNCC3)n1)CCC1=C2C2CCCCC2O1,tensor([6.0300])
CC(C)(C)C#Cc1cccc(Cc2c[nH]cn2)c1,tensor([8.3500])
Brc1ccc(Cc2c[nH]cn2)cc1,tensor([6.3800])
C(#Cc1cccc(Cc2c[nH]cn2)c1)c1ccccc1,tensor([8.7400])
Nc1ccc(Cc2c[nH]cn2)cc1,tensor([6.5900])
CC(C)(C)CC(=O)c1cccc(Cc2c[nH]cn2)c1,tensor([7.4900])
C(#Cc1cccc2ccccc12)c1cccc(Cc2c[nH]cn2)c1,tensor([5.7600])
c1ccc(-c2cccc(Cc3c[nH]cn3)c2)cc1,tensor([7.4800])
CC1(C)COC(c2ccc(Cc3c[nH]cn3)cc2)=N1,tensor([5.6000])
c1ccc(Cc2c[nH]cn2)cc1,tensor([6.7900])
CC(N)Cc1c[nH]cn1,tensor([8.7000])
c1ccc(CC2COC(c3cccc(Cc4c[nH]cn4)c3)=N2)cc1,tensor([7.0500])
CC1(C)CN=C(c2cccc(Cc3c[nH]cn3)c2)OC1,tensor([5.6000])
CC(C)(C)C#Cc1ccc(Cc2c[nH]cn2)cc1,tensor([6.2700])
c1cc(Cc2c[nH]cn2)cc(C2=NCC3(CCCCC3)O2)c1,tensor([7.2500])
c1cc(Cc2c[nH]cn2)cc(-c2ccncc2)c1,tensor([6.3700])
CC1(C)COC(c2cccc(Cc3c[nH]cn3)c2)=N1,tensor([8.4000])
c1ccc(-c2cccc(Cc3c[nH]cn3)c2)nc1,tensor([7.3900])
c1cc(Cc2c[nH]cn2)cc(C2=NC(CC3CCCCC3)CO2)c1,tensor([6.1500])
CC1CC(C)(C)N=C(c2cccc(Cc3c[nH]cn3)c2)O1,tensor([8.9000])
N#Cc1ccc(Cc2c[nH]cn2)cc1,tensor([6.0900])
CCCC#Cc1cccc(Cc2c[nH]cn2)c1,tensor([8.5000])
c1cc(Cc2c[nH]cn2)cc(C2=NC3(CCCC3)CO2)c1,tensor([7.4000])
CC(C)(C)c1ccc(OCCCOCCCN2CCCCCC2)cc1,tensor([8.6200])
CC1CCN(CCCOCCCOc2ccc(C(C)(C)C)cc2)CC1,tensor([8.1100])
COc1cccc(OCCOCCCN2CCCCCC2)c1,tensor([7.2100])
COc1cccc(OCCCOCCCN2CCCCCC2)c1,tensor([8.4900])
CC1CCCN(CCCOCCOc2ccc(C(C)(C)C)cc2)C1,tensor([7.5600])
COc1cccc(OCCCOCCCN2CCCC(C)C2)c1,tensor([7.3100])
COc1cccc(OCCCOCCCN2CCC(C)CC2)c1,tensor([7.7300])
COc1cccc(OCCOCCCN2CCC(C)CC2)c1,tensor([8.1400])
CC1CCCCN(CCCOCCCOc2ccc(Cl)cc2)C1,tensor([7.8900])
COc1cccc(OCCOCCCN2CCCC(C)C2)c1,tensor([7.9000])
CC1CCN(CCCOCCCOc2ccc(Cl)cc2)CC1,tensor([8.4600])
CC1CCCN(CCCOCCCOc2ccc(C(C)(C)C)cc2)C1,tensor([7.2900])
CC1CCCN(CCCOCCCOc2ccc(Cl)cc2)C1,tensor([7.5500])
COc1c(OCCF)cccc1C(=O)C1CCN(CCc2ccc(C)cc2)CC1,tensor([5.0400])
c1ccc(CCCOCCCN2CCc3ccccc3C2)cc1,tensor([6.2500])
CC(C)(C)c1ccc(OCCCN2CCC(N3CCCCC3)CC2)cc1,tensor([7.])
FC(F)(F)c1cccc(OCCN2CCC(N3CCCCC3)CC2)c1,tensor([6.7900])
Clc1ccc(OCCCN2CCC(N3CCCCC3)CC2)cc1,tensor([6.7800])
c1ccc(CCCOCCCN2CCC(Cc3ccccc3)CC2)cc1,tensor([6.4900])
c1ccc(CCCOCCCN2CCC3CCCCC3C2)cc1,tensor([6.4100])
Clc1ccc(OCCN2CCC(N3CCCCC3)CC2)cc1,tensor([6.7500])
c1ccc(CCCOCCCN2CCCCC2)cc1,tensor([8.5000])
Clc1cccc(OCCN2CCC(N3CCCCC3)CC2)c1,tensor([6.6300])
Cc1ccc(OCCN2CCC(N3CCCCC3)CC2)cc1,tensor([6.5200])
COc1cccc(OCCN2CCC(N3CCCCC3)CC2)c1,tensor([6.8800])
CNC(C(=O)N(C)C1CCC2(C)C(=CCC3C2CCC24CN(C)C(C)C2CCC34)C1)C(C)C,tensor([9.6800])
CCC(C)C(N)C(=O)N(C)C1CCC2(C)C(=CCC3C2CCC24CN(C)C(C)C2CCC34)C1,tensor([9.6600])
CN1CC23CCC4C(CC=C5CC(N(C)C)CCC54C)C2CCC3C1=O,tensor([6.2600])
CNC1CCC2(C)C(=CCC3C2CCC24CN(C)C(=O)C2CCC34)C1,tensor([7.4200])
CC1C2CCC3C4CC=C5CC(N(C)C(=O)Cc6cccs6)CCC5(C)C4CCC32CN1C,tensor([8.4800])
CC1C2CCC3C4CC=C5CC(N(C)C(=O)c6ccc(C#N)cc6)CCC5(C)C4CCC32CN1C,tensor([7.4000])
CC1C2CCC3C4CC=C5CC(N(C)S(=O)(=O)c6ccccc6)CCC5(C)C4CCC32CN1C,tensor([8.1100])
CC1C2CCC3C4CC=C5CC(N(C)C(=O)OCC(Cl)(Cl)Cl)CCC5(C)C4CCC32CN1C,tensor([7.7100])
CC1C2CCC3C4CC=C5CC(N(C)C(=O)N(C)C)CCC5(C)C4CCC32CN1C,tensor([7.3000])
CC(=O)N(C)C1CCC2(C)C(=CCC3C2CCC24CN(C)C(C)C2CCC34)C1,tensor([6.9600])
CC1C2CCC3C4CC=C5CC(N(C)C(=O)c6ccncc6)CCC5(C)C4CCC32CN1C,tensor([7.7900])
CC(=O)NC(Cc1ccccc1)C(=O)N(C)C1CCC2(C)C(=CCC3C2CCC24CN(C)C(C)C2CCC34)C1,tensor([8.9400])
CC1C2CCC3C4CC=C5CC(N(C)S(=O)(=O)c6ccc(C#N)cc6)CCC5(C)C4CCC32CN1C,tensor([7.7200])
CC1C2CCC3C4CC=C5CC(N(C)c6ccc(C#N)cc6)CCC5(C)C4CCC32CN1C,tensor([8.7800])
CC1C2CCC3C4CC=C5CC(N(C)C(=O)c6ccccc6)CCC5(C)C4CCC32CN1C,tensor([7.9100])
CC1C2CCC3C4CC=C5CC(N(C)S(=O)(=O)N(C)C)CCC5(C)C4CCC32CN1C,tensor([7.5100])
CC1C2CCC3C4CC=C5CC(N(C)C(=O)C6CC6)CCC5(C)C4CCC32CN1C,tensor([7.2200])
CC(=O)NC(CC(C)C)C(=O)N(C)C1CCC2(C)C(=CCC3C2CCC24CN(C)C(C)C2CCC34)C1,tensor([8.7900])
CS(=O)(=O)OC1CCN(Cc2ccc(OCCCN3CCCCC3)cc2)CC1,tensor([9.0800])
FC1CCN(Cc2ccc(OCCCN3CCCCC3)cc2)CC1,tensor([10.0300])
FCc1ccc(OCCCN2CCCCC2)cc1,tensor([7.7600])
FC1CCN(Cc2ccc(OCCCN3CCCC3)cc2)CC1,tensor([9.5900])
FC1(F)CCN(Cc2ccc(OCCCN3CCCCC3)cc2)CC1,tensor([9.6200])
BrC1CCN(Cc2ccc(OCCCN3CCCCC3)cc2)CC1,tensor([9.7000])
FC1CCN(CCCOc2ccc(CN3CCCC3)cc2)CC1,tensor([9.])
FC1CCN(Cc2ccc(OCCCN3CCCC3)cc2)C1,tensor([9.5100])
FCCc1ccc(OCCCN2CCCCC2)cc1,tensor([7.3700])
ClC1CCN(Cc2ccc(OCCCN3CCCCC3)cc2)CC1,tensor([10.1700])
FC1CCN(Cc2ccc(OCCCN3CCCCC3)cc2)C1,tensor([9.5500])
Cc1nc2cccc(F)c2c(=O)n1-c1ccc(OC2CCN(C3CCC3)CC2)cc1,tensor([8.1700])
Cc1cccc2nc(C)n(-c3ccc(OC4CCN(C5CCC5)CC4)cc3)c(=O)c12,tensor([8.7700])
Cc1nc2cccc(C(F)(F)F)c2c(=O)n1-c1ccc(OC2CCN(C3CCC3)CC2)cc1,tensor([8.4400])
CN(Cc1ccc(-c2ccc(CN3CCCCC3)cc2)cc1)C1CCCCC1,tensor([8.5600])
CC1CCN(Cc2ccc(-c3ccc(CN4CCCCC4)cc3)cc2)CC1,tensor([8.6200])
CN(C)Cc1ccc(-c2ccc(CN3CCCCC3)cc2)cc1,tensor([8.6600])
CCCN(CCC)Cc1ccc(-c2ccc(CN(CCC)CCC)cc2)cc1,tensor([8.0300])
c1cc(-c2ccc(CN3CCOCC3)cc2)ccc1CN1CCCCC1,tensor([7.7100])
CCCN(CCC)Cc1ccc(-c2ccc(CC(=O)N3CCCCC3)cc2)cc1,tensor([6.6000])
CCCN(CCC)Cc1ccc(-c2ccc(CN3CCCCC3)cc2)cc1,tensor([8.7600])
CC1CCN(CCc2ccc(-c3ccc(CCN4CCC(C)CC4)cc3)cc2)CC1,tensor([7.7800])
C(CCCCN1CCCCC1)CCCCN1CCCCC1,tensor([8.3500])
CCN(CC)Cc1ccc(-c2ccc(CN3CCCCC3)cc2)cc1,tensor([8.7100])
c1cc(-c2ccc(CN3CCCCC3)cc2)ccc1CCN1CCCCC1,tensor([8.7000])
CCCN(CCC)C(=O)Cc1ccc(-c2ccc(CN3CCCCC3)cc2)cc1,tensor([8.0700])
CN(C)CCc1ccc(-c2ccc(CCN(C)C)cc2)cc1,tensor([8.2900])
CC1CC(C)CN(Cc2ccc(-c3ccc(CN4CCCCC4)cc3)cc2)C1,tensor([9.0600])
Cc1nc2cccc(C(F)(F)F)c2c(=O)n1-c1ccc(OCCCN2CCCC2)cc1,tensor([8.1700])
CC(C)N1CCC(Oc2ccc3cc(C(=O)NC4CCCCC4)ccc3c2)CC1,tensor([7.0600])
O=C(c1ccc2cc(OCCCN3CCCCC3)ccc2c1)N1CCCC1,tensor([8.4000])
CC(C)N1CCC(Oc2ccc3cc(C(=O)N4CCCC4)ccc3c2)CC1,tensor([7.2400])
c1cc(OCC2CN(C3CCCC3)CCO2)ccc1CN1CCCCC1,tensor([8.6000])
CCN1CCOC(COc2ccc(CN3CCOCC3)cc2)C1,tensor([6.7800])
CC(C)N1CCOC(COc2cccc(CN3CCOCC3)c2)C1,tensor([6.9900])
c1cc(CN2CCOCC2)cc(OCC2CN(C3CC3)CCO2)c1,tensor([6.2500])
CC(C)N1CCOC(COc2ccccc2)C1,tensor([5.3200])
c1cc(CN2CCOCC2)cc(OCC2CN(C3CCC3)CCO2)c1,tensor([7.4300])
c1cc(OCC2CN(C3CCCC3)CCO2)ccc1CN1CCCC1,tensor([8.6600])
c1cc(OCC2CN(C3CC3)CCO2)ccc1CN1CCOCC1,tensor([6.9700])
CCOc1ccccc1OCC1CN(C2CCCC2)CCO1,tensor([5.2800])
CCOc1ccccc1OCC1CN(C(C)C)CCO1,tensor([5.0500])
c1cc(OCC2CN(C3CCC3)CCO2)ccc1CN1CCOCC1,tensor([7.7500])
CN1CCOC(COc2ccc(CN3CCOCC3)cc2)C1,tensor([5.6800])
CC(C)N1CCOC(COc2ccc(CN3CCOCC3)cc2)C1,tensor([7.3100])
Fc1ccc2c(c1)nc(-c1ccccn1)n2-c1ccc(OCCCN2CCCC2)cc1,tensor([8.9200])
Fc1ccc2c(c1)nc(-c1ccccn1)n2-c1ccc(OCCCN2CCCCC2)cc1,tensor([8.9200])
CCSC1Nc2cc(F)ccc2N1c1ccc(OCCCN2CCCCC2)cc1,tensor([8.5900])
Fc1ccc2c(c1)nc(-c1ccccn1)n2-c1ccc(OCCCN2CCCCCC2)cc1,tensor([8.2800])
Fc1ccc2c(c1)nc(-c1ccccn1)n2-c1ccc(OCCCN2CCSC2)cc1,tensor([7.7000])
CC1CC(C)CN(CCCOc2ccc(-n3c(-c4ccccn4)nc4cc(F)ccc43)cc2)C1,tensor([7.9600])
NC(=O)C1CCCN(CCCOc2ccc(-n3c(-c4ccccn4)nc4cc(F)ccc43)cc2)C1,tensor([7.9600])
Fc1ccc2c(c1)[nH]c(=S)n2-c1ccc(OCCCN2CCCCC2)cc1,tensor([8.1000])
CNCCCOc1ccc(-n2c(-c3ccccn3)nc3cc(F)ccc32)cc1,tensor([7.])
Fc1ccc2c(c1)nc(-c1ccccn1)n2-c1ccc(OCCCN2Cc3cccc4cccc(c34)C2)cc1,tensor([6.1500])
CC1CCC(C)N1CCCOc1ccc(-n2c(-c3ccccn3)nc3cc(F)ccc32)cc1,tensor([8.2900])
COC(=O)C1CCN(CCCOc2ccc(-n3c(-c4ccccn4)nc4cc(F)ccc43)cc2)CC1,tensor([7.8000])
NC(=O)C1CCN(CCCOc2ccc(-n3c(-c4ccccn4)nc4cc(F)ccc43)cc2)CC1,tensor([7.7000])
CN1CCCN(CCCOc2ccc(-n3c(-c4ccccn4)nc4cc(F)ccc43)cc2)CC1,tensor([8.4400])
Fc1ccc2c(c1)nc(-c1ccccn1)n2-c1ccc(OCCCN2CCC(Cc3ccccc3)CC2)cc1,tensor([8.7000])
O=c1[nH]c2cc(F)ccc2n1-c1ccc(OCCCN2CCCCC2)cc1,tensor([8.0600])
CCOC1Nc2cc(F)ccc2N1c1ccc(OCCCN2CCCCC2)cc1,tensor([7.8200])
CC(C)C1CCN(CCCOc2ccc(-n3c(-c4ccccn4)nc4cc(F)ccc43)cc2)C1,tensor([8.3200])
Fc1ccc2c(c1)nc(-c1ccccn1)n2-c1ccc(OCCCN2CCc3ccccc3C2)cc1,tensor([6.9700])
OC1CCN(CCCOc2ccc(-n3c(-c4ccccn4)nc4cc(F)ccc43)cc2)CC1,tensor([8.7400])
CC(C)N1CCC(Oc2ccc3c(c2)cc(C(=O)N2CCC(F)(F)CC2)n3S(=O)(=O)c2ccc(F)cc2)CC1,tensor([8.7000])
CC(C)N1CCC(Oc2ccc3c(c2)cc(C(=O)N2CCC(F)(F)CC2)n3C(C)C)CC1,tensor([8.1500])
CC(C)N1CCC(Oc2ccc3[nH]c(C(=O)N4CCOCC4)cc3c2)CC1,tensor([8.3000])
Cc1[nH]c2ccc(OC3CCN(C(C)C)CC3)cc2c1C(=O)N1CCOCC1,tensor([7.0700])
CC(C)N1CCC(Oc2ccc3c(c2)cc(C(=O)N2CCC(F)(F)CC2)n3CC#N)CC1,tensor([8.5200])
CC(C)N1CCC(Oc2cc3[nH]c(C(=O)N4CCOCC4)cc3cc2F)CC1,tensor([6.4400])
CC(C)N1CCC(Oc2ccc3cc(C(=O)N4CCOCC4)[nH]c3c2)CC1,tensor([7.4800])
COC1CCN(C(=O)c2cc3cc(OC4CCN(C(C)C)CC4)ccc3[nH]2)CC1,tensor([8.0500])
CC(C)N1CCC(Oc2ccc3c(c2)cc(C(=O)N2CCC(F)(F)CC2)n3CC(F)(F)F)CC1,tensor([8.5200])
CC(C)N1CCC(Oc2ccc3[nH]c(C(=O)N4CCCC(F)(F)C4)cc3c2)CC1,tensor([8.7000])
CC(C)N1CCC(Oc2ccc3[nH]c(C(=O)N4CCC(F)(F)CC4)cc3c2)CC1,tensor([8.7000])
O=C(c1ccc2c(c1)cc(C(=O)N1CCOCC1)n2CC(F)(F)F)N1CCN(C2CCC2)CC1,tensor([8.1500])
CC(C)N1CCC(Oc2ccc3[nH]c(C(=O)N4CCS(=O)(=O)CC4)cc3c2)CC1,tensor([8.1500])
CC(=O)n1c(C(=O)N2CCC(F)(F)CC2)cc2cc(OC3CCN(C(C)C)CC3)ccc21,tensor([7.8900])
CC(C)N1CCC(Oc2ccc3c(c2)cc(C(=O)N2CCC(F)(F)CC2)n3S(C)(=O)=O)CC1,tensor([8.5200])
CC(C)N1CCC(Oc2ccc3c(c2)cc(C(=O)N2CCS(=O)(=O)CC2)n3CC(F)(F)F)CC1,tensor([7.9600])
O=C(c1cc2cc(OCCCN3CCCCC3)ccc2[nH]1)N1CCOCC1,tensor([7.1500])
CCOC(=O)c1cc2cc(C(=O)O)ccc2[nH]1,tensor([8.7000])
O=C(c1cc2cc(OC3CCN(C4CC4)CC3)ccc2[nH]1)N1CCOCC1,tensor([8.7000])
CC(C)N1CCC(Oc2ccc3[nH]c(C(=O)N4CCCCCC4)cc3c2)CC1,tensor([8.2200])
CC(C)N1CCC(Oc2ccc3c(c2)cc(C(=O)N2CCC(F)(F)CC2)n3-c2ccc(Cl)c(Cl)c2)CC1,tensor([9.])
CC(C)N1CCC(Oc2ccc3[nH]c(C(=O)N4CCC(O)C4)cc3c2)CC1,tensor([8.1000])
CC(C)(C)N1CCC(Oc2ccc3[nH]c(C(=O)N4CCOCC4)cc3c2)CC1,tensor([8.4000])
O=C(c1cc2cc(OC3CCN(C4CCC4)CC3)ccc2n1CC(F)(F)F)N1CCOCC1,tensor([9.])
O=C(c1cc2cc(OC3CCN(C4CC4)CC3)ccc2n1CC(F)(F)F)N1CCOCC1,tensor([8.7000])
O=C(c1cc2cc(OC3CCN(C4COC4)CC3)ccc2n1CC(F)(F)F)N1CCOCC1,tensor([7.6400])
CNC(=O)C(CCN1CCC(O)(c2ccc(Cl)cc2)CC1)(c1ccccc1)c1ccccc1,tensor([8.0300])
N#Cc1ccc(-c2cc(N3CCNCC3)nc(N)n2)cc1,tensor([6.0300])
CN(CCC=C1c2ccccc2CCc2ccccc21)C(=O)Cc1ccc(OCCCN2CCCCC2)cc1,tensor([8.3100])
CN(CCC=C1c2ccccc2CCc2ccccc21)C(=O)c1ccc(OCCCN2CCCCC2)cc1,tensor([8.4600])
Clc1ccc2c(c1)N=C(N1CCN(Cc3ccc(OCCCN4CCCCC4)cc3)CC1)c1ccccc1N2,tensor([8.4800])
CN(CCCC12CCC(c3ccccc31)c1ccccc12)Cc1ccc(OCCCN2CCCCC2)cc1,tensor([9.4500])
CN(CCC=C1c2ccccc2Sc2ccc(Cl)cc21)Cc1ccc(OCCCN2CCCCC2)cc1,tensor([8.8100])
CN(CCCN1c2ccccc2Sc2ccc(Cl)cc21)Cc1ccc(OCCCN2CCCCC2)cc1,tensor([8.9200])
O=C(OCCN1CCN(CCCN2c3ccccc3Sc3ccc(C(F)(F)F)cc32)CC1)c1ccc(OCCCN2CCCCC2)cc1,tensor([10.3800])
CN(CCC=C1c2ccccc2CCc2ccccc21)Cc1ccc(OCCCN2CCCCC2)cc1,tensor([9.6000])
CC1CCCN1CCOc1ccc(CCNC(=O)c2cc(Br)cs2)cc1Br,tensor([6.5100])
O=C(NCCc1ccc(OCCN2CCCC2)c(Br)c1)c1ccc[nH]1,tensor([6.8200])
O=C(NCCc1ccc(OCCN2CCCC2)c(Br)c1)c1cccc(Br)c1,tensor([6.6800])
CN(C)CCCOc1ccc(CCNC(=O)c2cc(Br)c[nH]2)cc1Br,tensor([5.9800])
CN(C)CCCOc1ccc(CCNC(=O)c2ccc[nH]2)cc1Br,tensor([5.8700])
CN1CCCC(COc2ccc(CCNC(=O)c3cccn3C)cc2Br)C1,tensor([5.7800])
O=C(NCCc1ccc(OCCN2CCCC2)c(Br)c1)c1cnco1,tensor([7.5200])
O=C(NCCc1ccc(OCCN2CCCC2)c(Br)c1)c1nccs1,tensor([7.5200])
O=C(NCCc1ccc(OCCN2CCC(F)C2)c(Br)c1)c1cc(Br)cs1,tensor([5.9600])
CN(C)CCOc1ccc(CCNC(=O)c2cc(Br)c[nH]2)cc1Br,tensor([5.7900])
O=C(NCCc1ccc(OCCN2CCOCC2)c(Br)c1)c1ccc(Br)o1,tensor([4.4900])
Cn1cccc1C(=O)NCCc1ccc(OCCN2CCCC2)c(Br)c1,tensor([6.8900])
O=C(NCCc1ccc(OCCN2CCCC2)c(Br)c1)c1ccc(Br)o1,tensor([6.7700])
CN(C)CCCOc1ccc(CCNC(=O)c2cc(Br)cs2)cc1Br,tensor([5.7900])
CN(C)CCOc1ccc(CCNC(=O)c2ccc[nH]2)cc1Br,tensor([5.8100])
CN1CCCC(COc2ccc(CCNC(=O)c3ccc[nH]3)cc2Br)C1,tensor([5.8200])
CN(C)CCOc1ccc(CCNC(=O)c2ccc(Br)o2)cc1Br,tensor([5.5700])
CN1CCCC(COc2ccc(CCNC(=O)c3cc(Br)cs3)cc2Br)C1,tensor([5.9000])
Cn1cccc1C(=O)NCCc1ccc(OCCN2CCOCC2)c(Br)c1,tensor([4.7500])
O=C(NCCc1ccc(OCCN2CCCC2)c(Br)c1)c1cc(Br)c[nH]1,tensor([6.7200])
CN(C)CCCOc1ccc(CCNC(=O)c2ccc(Br)o2)cc1Br,tensor([5.6400])
O=C(NCCc1ccc(OCCN2CCCC2)c(Br)c1)c1cc(Br)cs1,tensor([7.1000])
O=C(NCCc1ccc(OCCN2CCOCC2)c(Br)c1)c1cc(Br)c[nH]1,tensor([4.8900])
O=C(NCCc1ccc(OCCN2CCOCC2)c(Br)c1)c1cc(Br)cs1,tensor([4.8700])
O=C(NCCc1ccc(OCCN2CCCC2)c(Br)c1)c1cccc(C(F)(F)F)n1,tensor([6.5700])
CN(C)CCOc1ccc(CCNC(=O)c2cccn2C)cc1Br,tensor([5.6700])
CN1CCCC(COc2ccc(CCNC(=O)c3ccc(Br)o3)cc2Br)C1,tensor([5.6800])
O=C(NCCc1ccc(OCCN2CCCC2)c(Br)c1)c1cccc(C(F)(F)F)c1,tensor([6.3600])
CN(C)CCCOc1ccc(CCNC(=O)c2cccn2C)cc1Br,tensor([5.7500])
O=C(NCCc1ccc(OCCN2CCCC2)c(Br)c1)c1cccc(Cl)c1,tensor([6.6000])
O=C(NCCc1ccc(OCCN2CCCC2)c(Br)c1)c1nnc[nH]1,tensor([6.3700])
CN(C)CCOc1ccc(CCNC(=O)c2cc(Br)cs2)cc1Br,tensor([6.1700])
N=C(NCc1ccc(I)cc1)SCCCc1c[nH]cn1,tensor([8.5000])
N=C(NCc1cccc(Cl)c1)SCCCc1c[nH]cn1,tensor([8.1000])
N=C(NCc1ccccc1)SCCCc1c[nH]cn1,tensor([8.1000])
Cc1ccc(CNC(=N)SCCCc2c[nH]cn2)cc1,tensor([8.2000])
N=C(NCc1ccccc1Cl)SCCCc1c[nH]cn1,tensor([8.1000])
N=C(NCCc1ccc(I)cc1)SCCCc1c[nH]cn1,tensor([8.1000])
COc1ccc(CNC(=N)SCCCc2c[nH]cn2)cc1,tensor([8.1000])
N=C(NCCCc1ccccc1)SCCCc1c[nH]cn1,tensor([8.])
N=C(NCc1ccc(F)cc1)SCCCc1c[nH]cn1,tensor([8.3000])
N=C(NCc1ccc(Cl)c(Cl)c1)SCCCc1c[nH]cn1,tensor([8.2000])
Cc1ccc(CCNC(=N)SCCCc2c[nH]cn2)cc1,tensor([7.9000])
N=C(NCCCCc1ccccc1)SCCCc1c[nH]cn1,tensor([7.7000])
N=C(NCCC(c1ccccc1)c1ccccc1)SCCCc1c[nH]cn1,tensor([7.5000])
N=C(N)SCCc1c[nH]cn1,tensor([8.8000])
N=C(NCCCc1c[nH]cn1)NCc1ccccc1,tensor([7.1000])
N=C(NCCc1ccccc1)SCCCc1c[nH]cn1,tensor([7.7000])
N=C(NCc1ccc(Br)cc1)SCCCc1c[nH]cn1,tensor([8.6000])
N=C(N)SCCCc1c[nH]cn1,tensor([8.6000])
COc1ccc(CCNC(=N)SCCCc2c[nH]cn2)cc1,tensor([7.7000])
CN1CC2CCC3c4ccc(-c5ccc(C#N)cc5)cc4CCC23C1,tensor([7.8400])
CC(C)N1CC2CCN(c3ccc(-c4ccc(C#N)cc4)cc3)C2C1,tensor([7.3700])
CN1CC2CCN(c3ccc(-c4ccc(F)cc4)cc3)C2C1,tensor([7.9700])
CN1CC2CCN(c3ccc(Oc4ccccc4)cc3)C2C1,tensor([7.6000])
CCCN1CC2CCN(c3ccc(-c4ccc(C#N)cc4)cc3)C2C1,tensor([7.1500])
CC(=O)c1ccc(-c2ccc(N3CCC4CN(C)CC43)cc2)cc1,tensor([8.4900])
CN1CC2CCN(c3ccc(-c4cccc(C#N)c4)cc3)C2C1,tensor([8.3100])
CN1CC2CCN(c3ccc(Cc4ccccc4)cc3)C2C1,tensor([7.5800])
CC(=O)c1cccc(-c2ccc3c(c2)CCC24CN(C)CC2CCC34)c1,tensor([7.8100])
CN1CC2CCN(c3ccc(-c4ccc(C#N)cc4)cc3)C2C1,tensor([9.2700])
CN1CC2CCN(c3cccc(-c4ccccc4)c3)C2C1,tensor([6.2900])
CN1CC2CN(c3ccc(-c4ccc(C#N)cc4)cc3)CC21,tensor([7.0500])
CN1CC2CCN(c3ccc4cc(Br)ccc4c3)C2C1,tensor([6.7400])
COc1ccc(-c2ccc(N3CCC4CN(C)CC43)cc2)cc1,tensor([8.8200])
CCCCN1CC2CCN(c3ccc(-c4ccc(C#N)cc4)cc3)C2C1,tensor([6.2600])
CN1CC2CCN(c3ccc4cc(-c5ccc(F)cc5)ccc4c3)C2C1,tensor([7.6900])
CN1CCC2CN(c3ccc(-c4ccc(C#N)cc4)cc3)CC21,tensor([7.2100])
CN1CC2CCN(c3ccc(-c4ccccc4)cc3)C2C1,tensor([7.8800])
N#Cc1ccc(-c2ccc(N3CCC4CNCC43)cc2)cc1,tensor([6.4900])
CN1CC2CCN(c3ccc(Br)cc3)C2C1,tensor([7.])
N#Cc1ccc(-c2ccc(N3CCC4CN(CC5CC5)CC43)cc2)cc1,tensor([7.2600])
CC(C)CN1CC2CCN(c3ccc(-c4ccc(C#N)cc4)cc3)C2C1,tensor([6.6400])
CCN1CC2CCN(c3ccc(-c4ccc(C#N)cc4)cc3)C2C1,tensor([8.1800])
CN1CC2CCN(c3ccc(-c4ccc(Br)cc4)cc3)C2C1,tensor([7.9100])
CC(C)N1CCC(Sc2ncc(C(=O)c3ccc(Cl)cc3)n2C)CC1,tensor([8.7000])
CC(C)N1CCC(CCOc2ncc(C(=O)c3ccc(Cl)cc3)n2C)CC1,tensor([7.1600])
CC(C)N1CCC(COc2ncc(C(=O)c3ccccc3Cl)n2C)CC1,tensor([9.])
CC(C)N1CCC(Oc2ncc(C(=O)c3ccc(Cl)cc3)n2C)CC1,tensor([8.])
CC(C)N1CCC(COc2ncc(C(=O)c3ccc([N+](=O)[O-])cc3)n2C)CC1,tensor([8.4000])
CC(C)N1CCC(COc2ncc(C(=O)c3cc(Cl)cc(Cl)c3)n2C)CC1,tensor([8.4000])
CN(C)CCCSc1ncc(C(O)c2ccc(Cl)cc2)n1C,tensor([7.7500])
c1cc(Sc2ccc(C3CCC4CCCCN43)cc2)ccn1,tensor([7.9200])
CN(C)CCCSc1ncc(C(=O)c2ccc(Cl)cc2)n1C,tensor([8.3000])
CC(C)N1CCC(COc2ncc(C(=O)c3ccc(C(F)(F)F)cc3)n2C)CC1,tensor([8.4000])
Cn1c(C(=O)c2ccc(Cl)cc2)cnc1OCCCN1CCCCC1,tensor([7.8500])
CN(C)CCSc1ncc(Cc2ccc(Cl)cc2)n1C,tensor([7.1500])
CC(C)N1CCC(COc2ncc(C(=O)c3ccc(Br)cc3)n2C)CC1,tensor([8.5200])
Cn1c(C(=O)c2ccc(Cl)cc2)cnc1SCCCN1CCCCC1,tensor([8.2200])
CC(C)N1CCC(COc2ncc(C(=O)c3cccc(Cl)c3)n2C)CC1,tensor([8.3000])
Cn1c(C(=O)c2ccc(Cl)cc2)cnc1NCCCN1CCCCC1,tensor([7.3000])
CC(C)c1ccc(C(=O)c2cnc(OCC3CCN(C(C)C)CC3)n2C)cc1,tensor([8.0500])
CC(C)N1CCC(COc2ncc(C(=O)c3ccccc3)n2C)CC1,tensor([9.])
Cn1c(C(=O)c2ccc(Cl)cc2)cnc1CCCCN1CCCCC1,tensor([7.6200])
CN(C)CCCSc1ncc(Cc2ccc(Cl)cc2)n1C,tensor([7.7000])
C(#Cc1ccc(CN2CCCC2)cc1)CCN1CCCCC1,tensor([9.2100])
CN(C)Cc1ccc(C#CCCN2CCCCC2)cc1,tensor([9.0400])
CN1CCN(Cc2ccc(C#CCCN3CCCCC3)cc2)CC1,tensor([9.0100])
NC(=O)C1CCN(Cc2cccc(C#CCCN3CCCCC3)c2)CC1,tensor([9.2600])
C(#Cc1ccc(CN2CCOCC2)cc1)CCN1CCCCC1,tensor([8.7600])
C(#Cc1cccc(CN2CCCC2)c1)CCN1CCCCC1,tensor([7.0900])
NC(=O)C1CCN(Cc2ccc(C#CCCN3CCCCC3)cc2)CC1,tensor([9.1200])
C(#Cc1ccc(CN2CCN(Cc3ccccc3)CC2)cc1)CCN1CCCCC1,tensor([8.7200])
CCN(CC)CCC#Cc1ccc(CN2CCCCC2)cc1,tensor([8.8700])
C(#Cc1cccc(CN2CCCCC2)c1)CCN1CCCCC1,tensor([9.1100])
C(#Cc1ccccc1)CCN1CCCCC1,tensor([7.2500])
C(#Cc1ccc(CN2CCCCC2)cc1)CCN1CCCC1,tensor([9.1700])
C(#Cc1ccc(CN2CCC(Cc3ccccc3)CC2)cc1)CCN1CCCCC1,tensor([8.4600])
CC(C)N1CCN(Cc2ccc(C#CCCN3CCCCC3)cc2)CC1,tensor([9.0600])
C(#Cc1ccccc1N1CCCCC1)CCN1CCCCC1,tensor([7.0800])
OC1CCN(Cc2ccc(C#CCCN3CCCCC3)cc2)CC1,tensor([9.0500])
C(#Cc1cccc(CN2CCCCC2)c1)CCN1CCOCC1,tensor([7.8400])
CN1CCN(CCC#Cc2ccc(CN3CCCCC3)cc2)CC1,tensor([8.2800])
CN1CCN(Cc2cccc(C#CCCN3CCCCC3)c2)CC1,tensor([9.1400])
C(#Cc1ccc(CN2CCCCC2)cc1)CCN1CCOCC1,tensor([8.3000])
C(#Cc1ccc(CN2CCCCC2)cc1)CCN1CCSCC1,tensor([8.4200])
Cc1ccc(-c2cc3sc(N4CCC(N5CCCCC5)CC4)nc3cn2)cn1,tensor([6.9800])
c1ncc(-c2cnc3nc(N4CCC(N5CCCCC5)CC4)sc3c2)cn1,tensor([7.6000])
Fc1ncccc1-c1cc2sc(N3CCC(N4CCCCC4)CC3)nc2cn1,tensor([7.7000])
c1ncc(-c2cc3sc(N4CCC(N5CCCCC5)CC4)nc3cn2)cn1,tensor([7.6000])
COc1cc(-c2cnc3nc(N4CCC(N5CCCCC5)CC4)sc3c2)ccn1,tensor([8.4000])
COc1ccc(-c2cc3sc(N4CCC(N5CCCCC5)CC4)nc3cn2)cn1,tensor([7.0300])
Clc1cc2sc(N3CCC(N4CCCCC4)CC3)nc2cn1,tensor([8.])
CC(=O)Nc1ccc(-c2cnc3nc(N4CCC(N5CCCCC5)CC4)sc3c2)cn1,tensor([8.])
N#Cc1cncc(-c2cc3sc(N4CCC(N5CCCCC5)CC4)nc3cn2)c1,tensor([7.6600])
N#Cc1ccc(-c2cnc3nc(N4CCC(N5CCCCC5)CC4)sc3c2)cc1,tensor([7.5500])
Nc1ccc(-c2cc3sc(N4CCC(N5CCCCC5)CC4)nc3cn2)cn1,tensor([7.6000])
N#Cc1cncc(-c2cnc3nc(N4CCC(N5CCCCC5)CC4)sc3c2)c1,tensor([7.8000])
N#Cc1cc(-c2cnc3nc(N4CCC(N5CCCCC5)CC4)sc3c2)ccc1F,tensor([7.6400])
Nc1cnc2nc(N3CCC(N4CCCCC4)CC3)sc2c1,tensor([7.1000])
CC(=O)c1cccc(-c2cc3sc(N4CCC(N5CCCCC5)CC4)nc3cn2)c1,tensor([7.1000])
CC(=O)Nc1cnc2nc(N3CCC(N4CCCCC4)CC3)sc2c1,tensor([7.5100])
Oc1ccc(-c2cc3sc(N4CCC(N5CCCCC5)CC4)nc3cn2)cn1,tensor([8.1000])
Nc1cc2sc(N3CCC(N4CCCCC4)CC3)nc2cn1,tensor([7.1400])
Oc1ccc(-c2cnc3nc(N4CCC(N5CCCCC5)CC4)sc3c2)cn1,tensor([7.3800])
Fc1ncccc1-c1cnc2nc(N3CCC(N4CCCCC4)CC3)sc2c1,tensor([7.3800])
Fc1cc(-c2cc3sc(N4CCC(N5CCCCC5)CC4)nc3cn2)ccn1,tensor([7.3600])
c1cc2sc(N3CCC(N4CCCCC4)CC3)nc2cn1,tensor([6.8900])
N#Cc1cc(-c2cc3sc(N4CCC(N5CCCCC5)CC4)nc3cn2)ccc1F,tensor([7.3400])
COc1cc(-c2cc3sc(N4CCC(N5CCCCC5)CC4)nc3cn2)ccn1,tensor([7.1900])
Clc1cnc2nc(N3CCC(N4CCCCC4)CC3)sc2c1,tensor([6.9000])
N#Cc1ccc(-c2cc3sc(N4CCC(N5CCCCC5)CC4)nc3cn2)cc1,tensor([6.9000])
COc1cccc(-c2cc3sc(N4CCC(N5CCCCC5)CC4)nc3cn2)c1,tensor([6.6400])
CC(=O)Nc1cc2sc(N3CCC(N4CCCCC4)CC3)nc2cn1,tensor([7.2800])
Cc1ccc(-c2cnc3nc(N4CCC(N5CCCCC5)CC4)sc3c2)cn1,tensor([6.8800])
N#Cc1cnc2nc(N3CCC(N4CCCCC4)CC3)sc2c1,tensor([7.4400])
Nc1cnc(-c2cnc3nc(N4CCC(N5CCCCC5)CC4)sc3c2)cn1,tensor([7.1800])
Oc1ccc(-c2cc3sc(N4CCC(N5CCCCC5)CC4)nc3cn2)cc1,tensor([6.6700])
Clc1ccc2nc(N3CCC(N4CCCCC4)CC3)sc2n1,tensor([5.7700])
Nc1cnc(-c2cc3sc(N4CCC(N5CCCCC5)CC4)nc3cn2)cn1,tensor([7.7700])
CC(=O)c1cccc(-c2cnc3nc(N4CCC(N5CCCCC5)CC4)sc3c2)c1,tensor([7.4800])
Brc1cnc2nc(N3CCC(N4CCCCC4)CC3)sc2c1,tensor([6.8500])
Fc1ccc(-c2cnc3nc(N4CCC(N5CCCCC5)CC4)sc3c2)cn1,tensor([7.2000])
Oc1ccc(-c2cnc3nc(N4CCC(N5CCCCC5)CC4)sc3c2)cc1,tensor([7.2300])
COc1cccc(-c2cnc3nc(N4CCC(N5CCCCC5)CC4)sc3c2)c1,tensor([6.8500])
Nc1ccc(-c2cnc3nc(N4CCC(N5CCCCC5)CC4)sc3c2)cn1,tensor([7.8000])
Fc1ccc(-c2cc3sc(N4CCC(N5CCCCC5)CC4)nc3cn2)cn1,tensor([7.4600])
COc1ccc(-c2cnc3nc(N4CCC(N5CCCCC5)CC4)sc3c2)cn1,tensor([7.4600])
N#Cc1cc2sc(N3CCC(N4CCCCC4)CC3)nc2cn1,tensor([7.4600])
CN1CCN(c2cc(NCc3c(Cl)cccc3Cl)nc(N)n2)CC1,tensor([6.2900])
CN1CCN(c2cc(NCc3ccc(F)cc3)nc(N)n2)CC1,tensor([6.4900])
CN1CCN(c2cc(NCc3ccccc3Cl)nc(N)n2)CC1,tensor([6.4600])
Cc1ccccc1CNc1cc(N2CCN(C)CC2)nc(N)n1,tensor([6.3500])
CCNS(=O)(=O)c1ccc(-c2ccc(CCN3CCCC3C)cc2)cc1,tensor([8.1000])
CC1CCCN1CCc1ccc(-c2ccc(S(=O)(=O)N3CCOCC3)cc2)cc1,tensor([8.5200])
CC1CCCN1CCc1ccc(-c2ccc(S(=O)(=O)NC3CCOCC3)cc2)cc1,tensor([8.1500])
CC1CCN(C(=O)c2ccc3cc(OCCCN4CCCCC4)ccc3n2)CC1,tensor([6.5200])
COC1CCN(C(=O)c2ccc3cc(OC4CCN(C(C)C)CC4)ccc3c2)CC1,tensor([7.2100])
CC(C)N1C2CCC(Oc3ccc4nc(C(=O)N5CCOCC5)ccc4c3)CC1C2,tensor([7.5200])
CC(C)N1CCC(Oc2ccc3nc(C(=O)N4CCOCC4)ccc3c2)CC1,tensor([6.6200])
CC(C)CN1CCC(Oc2ccc3cc(C(=O)N4CCC(C)CC4)ccc3c2)CC1,tensor([7.4400])
CC1CCN(C(=O)c2ccc3cc(OC4CCN(C(C)C)CC4)ccc3c2)CC1,tensor([7.4700])
CC(C)N1CCC(Oc2ccc3nc(C(=O)N4CCCC4C#N)ccc3c2)CC1,tensor([7.0600])
COC1CCN(C(=O)c2ccc3cc(OCCCN4CCCCC4)ccc3c2)CC1,tensor([7.5200])
CC(C)N1CCC(Oc2ccc3cc(C(=O)N4CCOCC4)ccc3c2)CC1,tensor([7.4000])
CC(C)N1CCC(Oc2ccc3nc(C(=O)N4CCC4)ccc3c2)CC1,tensor([7.2100])
CC1CCN(C(=O)c2ccc3cc(OCCCN4CCCCC4)ccc3c2)CC1,tensor([8.1500])
O=C(c1ccc2cc(OCCCN3CCCCC3)ccc2c1)N1CCC(CO)CC1,tensor([6.9900])
CC(C)N1CCC(Oc2ccc3cc(C(=O)N4CCCC4C)ccc3c2)CC1,tensor([7.8200])
CC(C)N1CCC(Oc2ccc3cc(C(=O)N4CCC(CO)CC4)ccc3c2)CC1,tensor([6.8100])
CC1CCN(C(=O)c2ccc3cc(OCCC4CCCN4C)ccc3c2)CC1,tensor([6.2400])
O=C(c1ccc2cc(OCCCN3CCCCC3)ccc2n1)N1CCC1,tensor([6.9200])
COC1CCN(C(=O)c2ccc3cc(OC4CCN(C(C)C)CC4)ccc3n2)CC1,tensor([6.9000])
Cn1c(-c2ccc(OCCCN3CCCC3)cc2)nc2ccccc2c1=O,tensor([8.3800])
COc1cccc2c1OC(c1ccc(OCCCN3CCCC3)cc1)C(C)S2(=O)=O,tensor([9.])
O=C(c1ccccc1Cn1cnc2ccccc21)N1CCC(N2CCCC2)C1,tensor([5.4000])
O=C(c1ccc(Cn2ccc3ccccc32)cc1)N1CCC(N2CCCC2)C1,tensor([7.8200])
O=C(c1cccc(Cn2cnc3ccccc32)c1)N1CCC(N2CCCC2)C1,tensor([6.4000])
O=C(c1ccc(Cn2c(-c3ccccc3)nc3ccccc32)cc1)N1CCC(N2CCCC2)C1,tensor([8.])
CN(C)C1CCN(C(=O)c2ccc(Cn3c(-c4ccccn4)nc4ccccc43)cc2)C1,tensor([6.6300])
O=C(c1ccc(Cn2ccc3ccc(Cl)cc32)cc1)N1CCC(N2CCCC2)C1,tensor([6.8200])
Cc1nc2ccccc2n1Cc1ccc(C(=O)N2CCC(N(C)C)C2)cc1,tensor([7.7700])
O=C(c1ccc(Cn2ccc3cccc(Cl)c32)cc1)N1CCC(N2CCCC2)C1,tensor([8.6000])
CN(C)C1CCN(C(=O)c2ccc(Cn3c(-c4ccccc4)nc4ccccc43)cc2)C1,tensor([7.1900])
CN(C)C1CCN(C(=O)c2ccc(Cn3cnc4ccccc43)cc2)C1,tensor([6.4100])
O=C(c1ccc(Cn2ccc3cc(Cl)ccc32)cc1)N1CCC(N2CCCC2)C1,tensor([6.8900])
O=C(c1ccc(Cn2cnc3ccccc32)cc1)N1CCC(N2CCCC2)C1,tensor([8.])
Cc1nc2ccccc2n1Cc1ccc(C(=O)N2CCC(N3CCCC3)C2)cc1,tensor([8.5200])
Cc1[nH]cnc1C1CC1CCNCc1ccc(Cl)cc1,tensor([7.4100])
O=C1NC(=O)C(=Cc2ccc(OCCCN3CCCCC3)cc2)S1,tensor([8.1000])
c1cc(C2=NCCN2)ccc1OCCCN1CCCCC1,tensor([8.1000])
O=C(O)C1CSC(c2ccc(OCCCN3CCCCC3)cc2)N1,tensor([8.])
COC(=O)C1CSC(c2ccc(OCCCN3CCCCC3)cc2)N1,tensor([8.4000])
O=C1NC(=S)SC1=Cc1ccc(OCCCN2CCCCC2)cc1,tensor([8.3000])
O=C1NC(=O)C(Cc2ccc(OCCCN3CCCCC3)cc2)S1,tensor([7.3000])
CCCCCC(C)NC(=O)OCCCc1c[nH]cn1,tensor([7.3900])
CCCCC(CC)CNC(=O)OCCCc1c[nH]cn1,tensor([7.4300])
CCCC(C)NC(=O)OCCCc1c[nH]cn1,tensor([7.8200])
CCCC(C)CNC(=O)OCCCc1c[nH]cn1,tensor([8.0800])
CC(C)CCC(C)NC(=O)OCCCc1c[nH]cn1,tensor([7.5200])
CC(C)CCCNC(=O)OCCCc1c[nH]cn1,tensor([7.8900])
CCCCCCC(C)NC(=O)OCCCc1c[nH]cn1,tensor([7.0400])
CC(C)CCCC(C)NC(=O)OCCCc1c[nH]cn1,tensor([7.1200])
CCC(C)NC(=O)OCCCc1c[nH]cn1,tensor([7.9200])
CCC(C)CCNC(=O)OCCCc1c[nH]cn1,tensor([7.8900])
CCC(C)CNC(=O)OCCCc1c[nH]cn1,tensor([8.3300])
CCCCC(C)NC(=O)OCCCc1c[nH]cn1,tensor([7.7200])
N#CN=C(NCCCCc1c[nH]cn1)NCCSc1ccccc1,tensor([6.2800])
CCC(CNCc1ccc(Cl)cc1)C1CC1c1c[nH]cn1,tensor([8.1700])
CC(=O)N1CC(Oc2ccccn2)CC1C(=O)N1CCCN(C2CCC2)CC1,tensor([8.2700])
O=C(C1CC(Oc2ccc(Cl)cc2)CN1)N1CCCN(C2CCC2)CC1,tensor([8.7000])
O=C(N1CCCN(C2CCC2)CC1)C1(Cc2ccc(F)cc2)CCCN1,tensor([7.8000])
COc1cccc(OC2CNC(C(=O)N3CCCN(C4CCC4)CC3)C2)c1,tensor([8.3000])
CC(=O)N1CC(Oc2cccc(F)c2)CC1C(=O)N1CCCN(C(C)C)CC1,tensor([7.2900])
CC(=O)N1CC(Oc2cccc(F)c2)CC1C(=O)N1CCCN(C)CC1,tensor([6.3400])
CCOC(=O)N1CC(Oc2cccc(F)c2)CC1C(=O)N1CCCN(C2CCC2)CC1,tensor([7.8000])
O=C(N1CCCN(C2CCC2)CC1)C1(Cc2ccc(C(F)(F)F)cc2)CCCN1,tensor([6.7000])
O=C(C1CC(Oc2ccc(F)cc2)CN1C1CCC1)N1CCCN(C2CCC2)CC1,tensor([7.7700])
O=C(C1CC(Oc2ccc(F)cc2)CN1C1CC1)N1CCCN(C2CCC2)CC1,tensor([7.8900])
O=C(C1CC(Cc2ccccc2)CN1)N1CCCN(C2CCC2)CC1,tensor([6.5800])
CC(=O)N1CC(Oc2cccc(F)c2)CC1C(=O)N1CCCNCC1,tensor([5.7100])
CC(=O)N1CC(Oc2ccsc2)CC1C(=O)N1CCCN(C2CCC2)CC1,tensor([8.5700])
CC(C)N1CC(Oc2ccc(F)cc2)CC1C(=O)N1CCCN(C2CCC2)CC1,tensor([7.9200])
Cc1ccccc1OC1CNC(C(=O)N2CCCN(C3CCC3)CC2)C1,tensor([8.5500])
O=C(C1CC(Cc2cccc(F)c2)CN1)N1CCCN(C2CCC2)CC1,tensor([6.4600])
O=C(N1CCCN(C2CCC2)CC1)C1(Cc2cccc(F)c2)CCCN1,tensor([7.3600])
CC(=O)N1CC(Oc2cccc(F)c2)CC1C(=O)N1CCCN(CC(C)C)CC1,tensor([7.8900])
Cc1cccc(OC2CNC(C(=O)N3CCCN(C4CCC4)CC3)C2)c1,tensor([8.2800])
O=C(C1CC(Oc2ccccc2)CN1)N1CCCN(C2CCC2)CC1,tensor([8.2800])
N#Cc1ccc(OC2CNC(C(=O)N3CCCN(C4CCC4)CC3)C2)cc1,tensor([8.6200])
O=C(C1CC(Oc2ccsc2)CN1)N1CCCN(C2CCC2)CC1,tensor([8.2800])
O=C(C1CC(Oc2cccc(F)c2)CN1C(=O)C1CC1)N1CCCN(C2CCC2)CC1,tensor([8.1200])
CC(=O)N1CC(Oc2cccnc2)CC1C(=O)N1CCCN(C2CCC2)CC1,tensor([8.2200])
CC(=O)N1CC(Oc2cccc(F)c2)CC1C(=O)N1CCCN(C2CCCCO2)CC1,tensor([7.1600])
CC(=O)N1CC(Oc2cccc(F)c2)CC1C(=O)N1CCCN(C2CCCC2)CC1,tensor([8.6600])
CSc1ccc(OC2CC(C(=O)N3CCCN(C4CCC4)CC3)N(C(C)=O)C2)cc1,tensor([7.3000])
O=C(C1CC(Oc2cccc(F)c2)CN1CC1CC1)N1CCCN(C2CCC2)CC1,tensor([8.1500])
O=C(C1CC(Oc2cccc(Cl)c2)CN1)N1CCCN(C2CCC2)CC1,tensor([8.6000])
CSc1ccc(OC2CNC(C(=O)N3CCCN(C4CCC4)CC3)C2)cc1,tensor([8.5500])
O=C(C1CC(Oc2cccnc2)CN1)N1CCCN(C2CCC2)CC1,tensor([8.5900])
Cc1ccc(OC2CNC(C(=O)N3CCCN(C4CCC4)CC3)C2)cc1,tensor([8.3300])
CS(=O)(=O)N1CC(Oc2ccc(F)cc2)CC1C(=O)N1CCCN(C2CCC2)CC1,tensor([8.9200])
N#Cc1ccc(OC2CNC(C(=O)N3CCCN(C4CCCC4)CC3)C2)cc1,tensor([8.4900])
CC(=O)N1CC(Oc2ccc(F)cc2)CC1C(=O)N1CCCN(C2CCC2)CC1,tensor([8.8200])
O=C(C1CC(Cc2ccc(F)cc2)CN1)N1CCCN(C2CCC2)CC1,tensor([6.5200])
O=C(C1CC(Oc2ccc(F)cc2)CN1)N1CCCN(C2CCC2)CC1,tensor([8.8000])
O=C(C1CC(Oc2ccc(F)cc2)CN1)N1CCCN(C2CCCC2)CC1,tensor([8.3900])
O=C(C1CC(Oc2ccc(C(F)(F)F)cc2)CN1)N1CCCN(C2CCC2)CC1,tensor([8.3900])
CC(=O)N1CC(Oc2cccc(F)c2)CC1C(=O)N1CCCN(C2CCC2)CC1,tensor([8.8000])
CC(=O)N1CC(Oc2cccc(F)c2)CC1C(=O)N1CCCN(Cc2ccccc2)CC1,tensor([6.8200])
CC(=O)N1CC(Oc2cccs2)CC1C(=O)N1CCCN(C2CCC2)CC1,tensor([8.4300])
CN1CC(Oc2ccc(F)cc2)CC1C(=O)N1CCCN(C2CCC2)CC1,tensor([8.7400])
O=C(C1CC(Oc2ccccn2)CN1)N1CCCN(C2CCC2)CC1,tensor([8.3400])
Cc1cc(OC2CNC(C(=O)N3CCCN(C4CCC4)CC3)C2)ccc1Cl,tensor([8.8900])
O=C(N1CCCN(C2CCC2)CC1)C1(Cc2ccccc2)CCCN1,tensor([7.9600])
Nc1cc(CN2CCC(N(C(=O)NCc3ccc(F)cc3)c3ccc(Cl)cc3)CC2)ccn1,tensor([8.5200])
O=C(NCc1ccccc1)N(c1ccc(Br)cc1)C1CCN(C2CCCC2)CC1,tensor([8.])
O=C(NCc1ccc(F)cc1)N(c1ccc(Br)cc1)C1CCN(CCO)CC1,tensor([7.1700])
CS(=O)(=O)N1CCC(N(C(=O)NCc2ccc(F)cc2)c2ccc(Cl)cc2)CC1,tensor([6.0700])
O=C(NCc1ccc(F)cc1)N(c1ccc(Br)cc1)C1CCN(C2CCCC2)CC1,tensor([8.1500])
O=C(NCc1ccccc1)N(c1ccc(Br)cc1)C1CCN(Cc2ccnnc2)CC1,tensor([8.])
O=C(NCc1cc(Cl)cc(Cl)c1)N(c1ccc(Br)cc1)C1CCN(C2CCCC2)CC1,tensor([7.4400])
CCN1CCC(N(C(=O)NCc2ccc(F)cc2)c2ccc(F)cc2)CC1,tensor([6.3500])
O=C(NCc1ccc(Cl)c(Cl)c1)N(c1ccc(Br)cc1)C1CCN(C2CCCC2)CC1,tensor([6.7200])
CCN1CCC(N(C(=O)NCc2ccc(F)cc2)c2ccc(Cl)cc2)CC1,tensor([8.1500])
O=C(Nc1ccccc1)N(c1ccc(Br)cc1)C1CCN(C2CCCC2)CC1,tensor([7.8500])
O=C(NCc1ccccc1)N(c1ccc(Br)cc1)C1CCN(Cc2ccncc2)CC1,tensor([8.7000])
O=C(NCc1ccc(F)cc1)N(c1ccc(Cl)cc1)C1CCN(Cc2ccncc2)CC1,tensor([7.8000])
O=C(NCc1ccc(F)cc1)N(c1ccc(Cl)cc1)C1CCN(Cc2ccnc(O)c2)CC1,tensor([6.2100])
COc1ccc(CNC(=O)N(c2ccc(Br)cc2)C2CCN(C3CCCC3)CC2)cc1,tensor([7.3300])
CCN1CCC(N(C(=O)NCc2ccc(F)cc2)c2ccc(CO)cc2)CC1,tensor([6.2500])
O=C(NCc1ccc(F)cc1)N(c1ccc(Cl)cc1)C1CCN(Cc2ccnnc2)CC1,tensor([7.3100])
c1nc(CCNc2ccc(C3CCCCC3)cc2)c[nH]1,tensor([8.3900])
NCCc1c[nH]cn1,tensor([8.2800])
Cc1ccc(NCCc2c[nH]cn2)cc1C,tensor([8.])
CC(C)(C)c1ccc(SCCc2c[nH]cn2)cc1,tensor([9.7700])
COc1ccc(SCCc2c[nH]cn2)cc1,tensor([7.6200])
c1ccc(NCCc2c[nH]cn2)cc1,tensor([7.2500])
CC(C)(C)c1cccc(NCCc2c[nH]cn2)c1,tensor([8.6600])
CC(C)(C)c1ccc(NCCc2c[nH]cn2)cc1,tensor([9.0500])
c1nc(CCNC2CCCCC2)c[nH]1,tensor([5.8000])
Cc1ccc(NCCc2c[nH]cn2)cc1,tensor([7.8500])
Nc1nc(N2CCC(N)C2)c2c(n1)C1(CCCC1)CCC2,tensor([6.5300])
CNC1CN(c2nc(N)nc3c2CCCC32CCCC2)C1,tensor([7.2000])
CNC1CCN(c2nc(N)nc3c2CCCC32CCCC2)C1,tensor([6.9800])
CNC1CCN(c2nc(N)nc3c2CCCC(c2ccccc2)C3)C1,tensor([6.6500])
Nc1nc2c(c(N3CCNCC3)n1)CCCCC2c1ccccc1,tensor([5.6500])
Cc1c(-c2ccc3cc(CCN4CCCC4C)ccc3n2)cnn1C,tensor([9.8000])
CC1CCCN1CCc1ccc2nc(-c3cccs3)ccc2c1,tensor([9.])
CC1CCCN1CCc1ccc2nc(-c3ccc(C#N)cc3)ccc2c1,tensor([9.1600])
CC1CCCN1CCc1ccc2nc(-c3ccncc3)ccc2c1,tensor([9.6600])
CC1CCCN1CCc1ccc2nc(-c3ccc(C#N)s3)ccc2c1,tensor([9.4900])
CC1CCCN1CCc1ccc2nc(-c3ccccn3)ccc2c1,tensor([9.1200])
CCOC(=O)c1c(C)noc1-c1ccc2cc(CCN3CCCC3C)ccc2n1,tensor([9.1500])
Cc1nc(-c2ccncc2)sc1-c1ccc2cc(CCN3CCCC3C)ccc2n1,tensor([9.4900])
Cc1c(-c2ccc3cc(CCN4CCCC4C)ccc3n2)nnn1-c1ccc(F)cc1F,tensor([9.5400])
Cc1c(-c2ccc3cc(CCN4CCCC4C)ccc3n2)cnn1-c1ccc(Cl)c(Cl)c1,tensor([9.1300])
Cc1c(-c2ccc3cc(CCN4CCCC4C)ccc3n2)cnn1-c1ccc(N(C)C)nn1,tensor([9.7200])
CC1CCCN1CCc1ccc2nc(C3CC3)ccc2c1,tensor([8.1300])
CC1CCCN1CCc1ccc2nc(-c3ccn4ncnc4n3)ccc2c1,tensor([9.1600])
CC1CCCN1CCc1ccc2ncccc2c1,tensor([8.1300])
CC1CCCN1CCc1ccc2nc(-c3c(O)ccnc3C(F)(F)F)ccc2c1,tensor([6.6400])
Cc1nc(C)c(-c2ccc3cc(CCN4CCCC4C)ccc3n2)s1,tensor([9.7200])
CC1CCCN1CCc1ccc2nc(-c3cnc(-c4ccccc4)s3)ccc2c1,tensor([8.9600])
Cc1onc(-c2ccc(Cl)cc2)c1-c1ccc2cc(CCN3CCCC3C)ccc2n1,tensor([9.8000])
Cc1nc(C)c(-c2ccc3cc(CCN4CCCC4C)ccc3n2)cc1C#N,tensor([9.5500])
Cc1c(-c2ccc(Cl)cc2)noc1-c1ccc2cc(CCN3CCCC3C)ccc2n1,tensor([8.1100])
CC1CCCN1CCc1ccc2nc(-c3ccc(N4CCCCC4)cc3)ccc2c1,tensor([9.])
COc1ncc(-c2ccc3cc(CCN4CCCC4C)ccc3n2)cn1,tensor([9.6400])
CC1CCCN1CCc1ccc2nc(-c3ccc(Cl)nc3)ccc2c1,tensor([9.6000])
CC1CCCN1CCc1ccc2nc(-c3ccsc3)ccc2c1,tensor([8.6000])
Cc1ccc2cc(CCN3CCCC3C)ccc2n1,tensor([7.9200])
CCOC(=N)c1ccc(-c2ccc3cc(CCN4CCCC4C)ccc3n2)s1,tensor([9.1900])
CC1CCCN1CCc1ccc2nc(C3=NCCS3)ccc2c1,tensor([8.4200])
CC1CCCN1CCc1ccc2nc(-c3ccn[nH]3)ccc2c1,tensor([8.4900])
CC1CCCN1CCc1ccc2nc(-c3csc(-c4cc(Cl)nc(Cl)c4)n3)ccc2c1,tensor([7.5500])
CC1CCCN1CCc1ccc2nc(-c3cccnc3)ccc2c1,tensor([9.9600])
CC1CCCN1CCc1ccc2nc(-c3cn[nH]c3)ccc2c1,tensor([9.0500])
Cc1ccc(-c2ccc(-c3ccc4cc(CCN5CCCC5C)ccc4n3)s2)s1,tensor([7.6800])
Cc1cc(C(F)(F)F)cc(-n2ncc(-c3ccc4cc(CCN5CCCC5C)ccc4n3)c2C)n1,tensor([8.9600])
CC1CCCN1CCc1ccc2nc(-c3cncnc3)ccc2c1,tensor([9.7200])
CC1CCCN1CCc1ccc2nc(-c3cn4c(n3)SCC4)ccc2c1,tensor([9.0700])
CC1CCCN1CCc1ccc2nc(-c3nc4ccccc4s3)ccc2c1,tensor([8.5400])
Cc1nc(C)c(-c2ccc3cc(CCN4CCCC4C)ccc3n2)o1,tensor([9.2500])
CC1CCCN1CCc1ccc2nc(-c3cnc4c(c3)OCO4)ccc2c1,tensor([9.0800])
Cc1onc(-c2ccccc2)c1-c1ccc2cc(CCN3CCCC3C)ccc2n1,tensor([10.])
Cc1n[nH]cc1-c1ccc2cc(CCN3CCCC3C)ccc2n1,tensor([9.7000])
Cc1nc(N2CCOCC2)sc1-c1ccc2cc(CCN3CCCC3C)ccc2n1,tensor([9.2500])
CCOC(=O)c1cc(-c2ccc3cc(CCN4CCCC4C)ccc3n2)on1,tensor([8.4600])
Cc1c(-c2ccc3cc(CCN4CCCC4C)ccc3n2)sc2ncnn12,tensor([10.])
CC1CCCN1CCc1ccc2nc(-c3csc(-c4ccccc4)n3)ccc2c1,tensor([8.1700])
CC1CCCN1CCc1ccc2nc(-c3cc(Br)no3)ccc2c1,tensor([8.7400])
CC1CCCN1CCc1ccc2nc(-c3nccs3)ccc2c1,tensor([9.3600])
CC1CCCN1CCc1ccc2nc(-c3c(-c4ccccc4)nn(C)c3Cl)ccc2c1,tensor([9.3900])
Cc1nc(C)c(-c2ccc3cc(CCN4CCCC4C)ccc3n2)cc1C(N)=O,tensor([9.0100])
Cc1nc(-c2cnccn2)sc1-c1ccc2cc(CCN3CCCC3C)ccc2n1,tensor([9.4600])
Cc1c(-c2ccc3cc(CCN4CCCC4C)ccc3n2)sc2nc3ccccc3n12,tensor([9.4400])
Cc1ccc(-c2ccc3cc(CCN4CCCC4C)ccc3n2)c(C)n1,tensor([9.4400])
CC1CCN(c2ccc3cc(CCN4CCCC4C)ccc3n2)CC1,tensor([10.3000])
CC1CCCN1CCc1ccc2nc(-c3ccc4nccnc4c3)ccc2c1,tensor([9.4300])
Cc1nc(-c2cccs2)sc1-c1ccc2cc(CCN3CCCC3C)ccc2n1,tensor([9.0200])
CC1CCCN1CCc1ccc2nc(-c3ccc4c(c3)COCO4)ccc2c1,tensor([9.4000])
CC1CCCN1CCc1ccc2nc(C(C)(C)C)ccc2c1,tensor([7.9600])
Cc1nc(-c2nc(-c3ccc4cc(CCN5CCCC5C)ccc4n3)cs2)cs1,tensor([8.7700])
Cc1ccc(-c2ccc3cc(CCN4CCCC4C)ccc3n2)cn1,tensor([9.8200])
Cc1nc2ccccn2c1-c1ccc2cc(CCN3CCCC3C)ccc2n1,tensor([9.9200])
CC1CCCN1CCc1ccc2nc(-c3ccoc3)ccc2c1,tensor([8.2900])
Cc1n[nH]c(C)c1-c1ccc2cc(CCN3CCCC3C)ccc2n1,tensor([9.0300])
CC1CCCN1CCc1ccc2nc(-c3ccc(-n4ccc(=O)cc4)cc3)ccc2c1,tensor([9.9200])
Cc1cc(-c2ccc3cc(CCN4CCCC4C)ccc3n2)nc(-c2ccccc2)n1,tensor([8.7700])
CC1CCCN1CCc1ccc2nc(-c3cnccn3)ccc2c1,tensor([9.9600])
Cc1cc(-c2nc(-c3ccc4cc(CCN5CCCC5C)ccc4n3)cs2)no1,tensor([9.0500])
Cc1nc(-c2ccccn2)sc1-c1ccc2cc(CCN3CCCC3C)ccc2n1,tensor([9.4700])
Cc1nc(-c2cccnc2)sc1-c1ccc2cc(CCN3CCCC3C)ccc2n1,tensor([9.4600])
CC(C)N1CCN(C(=O)c2ccc(Oc3cccc(Cl)c3)nc2)CC1,tensor([7.])
O=C(c1ccc(Oc2ccc(F)cc2)cn1)N1CCCN(C2CCC2)CC1,tensor([8.5400])
O=C(c1cccc(Oc2ccc(Cl)c(Cl)c2)n1)N1CCCN(C2CCC2)CC1,tensor([6.8000])
O=C(c1ccc(Oc2ccc(F)cc2)nc1)N1CCCN(C2CCC2)CC1,tensor([8.8500])
CN1CCCN(C(=O)c2ccc(Oc3ccc(F)cc3)nc2)CC1,tensor([6.0700])
O=C(c1ccc(Oc2ccc(Cl)cc2)nc1)N1CCCN(C2CCC2)CC1,tensor([7.2300])
O=C(c1ccc(Oc2ccccc2)nc1)N1CCCN(C2CC2)CC1,tensor([8.])
O=C(c1ccc(Oc2ccc(Cl)cc2)nc1)N1CCCN(C2CC2)CC1,tensor([7.8900])
O=C(c1ccc(Oc2cccc(Cl)c2)cn1)N1CCCN(C2CCC2)CC1,tensor([8.3300])
CC(C)N1CCCN(C(=O)c2ccc(Oc3ccc(Cl)c(Cl)c3)cn2)CC1,tensor([8.8200])
O=C(c1ccc(Oc2ccccc2F)cn1)N1CCCN(C2CCC2)CC1,tensor([8.3700])
O=C(c1ccc(Sc2ccccc2)nc1)N1CCCN(C2CCC2)CC1,tensor([8.6400])
CC(C)N1CCN(C(=O)c2ccc(Oc3ccc(F)cc3)nc2)CC1,tensor([7.1000])
O=C(c1ccc(Oc2ccccc2)nc1)N1CCCN(C2CCC2)CC1,tensor([8.3600])
CC(C)N1CCCN(C(=O)c2ccc(Oc3ccc(Cl)c(Cl)c3)nc2)CC1,tensor([7.7500])
O=C(c1ccc(Sc2ccc(F)cc2)nc1)N1CCCN(C2CCC2)CC1,tensor([7.5400])
O=C(c1ccc(Oc2cccc(F)c2)nc1)N1CCCN(C2CC2)CC1,tensor([7.8000])
CCN1CCCN(C(=O)c2ccc(Oc3ccc(F)cc3)nc2)CC1,tensor([7.4700])
N#Cc1cccc(Oc2ccc(C(=O)N3CCCN(C4CCC4)CC3)cn2)c1,tensor([8.7400])
O=C(c1ccc(Sc2ccc(F)cc2)cn1)N1CCCN(C2CCC2)CC1,tensor([8.3400])
O=C(c1cncc(Oc2ccccc2)c1)N1CCCN(C2CCC2)CC1,tensor([7.9600])
CC(C)N1CCN(C(=O)c2ccc(Oc3cccc(C#N)c3)nc2)CC1,tensor([6.9600])
O=C(c1cncc(Oc2ccc(F)cc2)c1)N1CCCN(C2CCC2)CC1,tensor([7.7700])
O=C(c1ccc(Oc2cccc(Cl)c2)nc1)N1CCCN(C2CC2)CC1,tensor([7.7700])
CC(C)N1CCN(C(=O)c2ccc(Oc3ccccc3)nc2)CC1,tensor([6.5800])
O=C(c1ccc(Oc2ccccc2Cl)nc1)N1CCCN(C2CCC2)CC1,tensor([7.7700])
CC(C)N1CCN(C(=O)c2ccc(Oc3ccccc3Cl)nc2)CC1,tensor([7.5100])
O=C(c1ccc(Oc2ccccc2Cl)nc1)N1CCN(C2CCCC2)CC1,tensor([7.4000])
O=C(c1ccc(Oc2ccc(F)cc2)nc1)N1CCCN(C2CC2)CC1,tensor([7.6000])
CC(C)N1CCN(C(=O)c2ccc(Oc3ccc(Cl)c(Cl)c3)nc2)CC1,tensor([7.1100])
O=C(c1cc(Oc2ccccc2)ccn1)N1CCCN(C2CCC2)CC1,tensor([7.3900])
O=C(c1ccc(Oc2ccc(Cl)c(Cl)c2)cn1)N1CCCN(C2CC2)CC1,tensor([8.])
CSc1ccc(Oc2ccc(C(=O)N3CCN(C(C)C)CC3)cn2)cc1,tensor([6.6400])
O=C(c1ccc(Oc2ccc(F)cc2)nc1)N1CCCNCC1,tensor([5.0500])
O=C(c1ccc(Oc2cccc(Cl)c2)nc1)N1CCCN(C2CCC2)CC1,tensor([9.])
N#Cc1cccc(Oc2ccc(C(=O)N3CCCN(C4CC4)CC3)cn2)c1,tensor([7.9200])
O=C(c1ccc(Sc2ccccc2)cn1)N1CCCN(C2CCC2)CC1,tensor([8.4300])
O=C(c1cc(Oc2ccc(F)cc2)ccn1)N1CCCN(C2CCC2)CC1,tensor([8.2400])
CC(C)N1CCCN(C(=O)c2cccc(Oc3ccc(Cl)c(Cl)c3)n2)CC1,tensor([6.3700])
O=C(c1ccc(Oc2cccc(F)c2)nc1)N1CCCN(C2CCC2)CC1,tensor([8.3900])
O=C(c1ccc(Oc2cccc(F)c2)cn1)N1CCCN(C2CCC2)CC1,tensor([8.2600])
O=C(c1ccc(Oc2ccc(Cl)cc2)cn1)N1CCCN(C2CCC2)CC1,tensor([8.2600])
O=C(c1ccc(Oc2ccc(F)cc2)nc1)N1CCN(C2CC2)CC1,tensor([6.3700])
CC(C)N1CCN(C(=O)c2ccc(Oc3ccc(Cl)cc3)nc2)CC1,tensor([7.1400])
O=C(c1cccc(Oc2ccc(Cl)c(Cl)c2)n1)N1CCCN(C2CC2)CC1,tensor([5.9800])
c1ccc2cc(N3CCC(Cc4c[nH]cn4)CC3)ccc2c1,tensor([7.8000])
CC(C)c1ccc(N2CCC(Cc3c[nH]cn3)CC2)cc1,tensor([7.8500])
Fc1ccc(N2CCC(Cc3c[nH]cn3)CC2)cc1,tensor([7.9200])
c1ccc(N2CCC(Cc3c[nH]cn3)CC2)cc1,tensor([7.5200])
CC(C)(C)c1ccc(N2CCC(Cc3c[nH]cn3)CC2)cc1,tensor([7.8500])
c1cncc(N2CCC(Cc3c[nH]cn3)CC2)c1,tensor([6.9000])
O=[N+]([O-])c1ccc(N2CCC(Cc3c[nH]cn3)CC2)cc1,tensor([7.7000])
c1ccc(-c2ccc(N3CCC(Cc4c[nH]cn4)CC3)cc2)cc1,tensor([7.2100])
FC(F)(F)c1ccc(N2CCC(Cc3c[nH]cn3)CC2)cc1,tensor([8.7400])
CN(C)c1ccc(N2CCC(Cc3c[nH]cn3)CC2)cc1,tensor([8.8500])
COc1ccc(N2CCC(Cc3c[nH]cn3)CC2)cc1,tensor([8.2700])
FC(F)(F)c1cccc(N2CCC(Cc3c[nH]cn3)CC2)c1,tensor([9.])
CNc1ccc(N2CCC(Cc3c[nH]cn3)CC2)cc1,tensor([8.8000])
CC(C)c1cccc(N2CCC(Cc3c[nH]cn3)CC2)c1,tensor([9.])
FC(F)(F)c1ccc(SCC(c2ccccn2)c2c[nH]cn2)cc1,tensor([7.1200])
CC(C)(C)c1ccc(SCC(c2c[nH]cn2)C2CCNCC2)cc1,tensor([6.2800])
FC(F)(F)c1ccc(SCC(c2cccnc2)c2c[nH]cn2)cc1,tensor([6.9200])
CC(C)(C)c1ccc(SCC(c2ccncc2)c2c[nH]cn2)cc1,tensor([6.8900])
FC(F)(F)c1ccc(SCC(c2c[nH]cn2)C2CCNCC2)cc1,tensor([7.8500])
CC(C)(C)c1ccc(SCC(c2ccccn2)c2c[nH]cn2)cc1,tensor([7.8000])
CC(C)(C)c1ccc(SCC(c2cccnc2)c2c[nH]cn2)cc1,tensor([7.1900])
Brc1nc(OCCCN2CCCCC2)sc1-c1ccccc1,tensor([7.0300])
CN1CCc2sc(OCCCN3CCCCC3)nc2C1,tensor([7.6200])
CN(C)CCCOc1nc2c(s1)CCCC2=O,tensor([6.8200])
CC(=O)c1nc(OCCCN2CCCCC2)sc1C,tensor([6.8100])
c1ccc(-c2nc(OCCCN3CCCCC3)sc2-c2ccccc2)cc1,tensor([7.9500])
c1ccc(CN2CCc3sc(OCCCN4CCCCC4)nc3C2)cc1,tensor([6.5800])
C1CCN(CCCOc2nc3c(s2)CCOC3)CC1,tensor([6.4600])
Cc1nc(OCCCN2CCCCC2)sc1-c1ccccc1,tensor([7.3900])
C1CCN(CCCOc2nc3c(s2)CCCC3)CC1,tensor([6.4500])
CN(C)CCCOc1nc2c(s1)CCN(C)C2,tensor([6.5900])
CC(C)N1CCC(Oc2cc3cc4n(c3cc2Br)C(C)CNC4=O)CC1,tensor([8.4000])
CC(C)N1CCC(Oc2ccc3c(c2)cc2n3CCCN(CC3CC3)C2=O)CC1,tensor([7.7700])
CC(C)N1CCC(Oc2ccc3c(c2)cc2n3CCN(Cc3cccnc3)C2=O)CC1,tensor([8.3000])
O=C1NCCn2c1cc1cc(OCCCN3CCCCC3)ccc12,tensor([7.7500])
COCCN1CCn2c(cc3cc(OC4CCN(C(C)C)CC4)ccc32)C1=O,tensor([7.7200])
CC(C)N1CCC(Oc2ccc3c(c2)cc2n3C(C)CNC2=O)CC1,tensor([7.5800])
CC(C)N1CCC(Oc2ccc3c(c2)cc2n3CCN(Cc3cccc(F)c3)C2=O)CC1,tensor([7.8500])
CC1Cn2c(cc3cc(OC4CCN(C(C)C)CC4)ccc32)C(=O)N1,tensor([8.2200])
CC1CCC(C)N1CCCOc1ccc2c(c1)cc1n2CCNC1=O,tensor([7.9600])
CC(C)N1CCC(Oc2ccc3c(c2)cc2n3CCN(Cc3ccccc3F)C2=O)CC1,tensor([8.2200])
O=C1NCCn2c1cc1cc(OC3CCN(CC4CC4)CC3)ccc12,tensor([6.8900])
CC(C)N1CCC(Oc2ccc3c(c2)cc2n3CCN(C(C)C)C2=O)CC1,tensor([7.5700])
CC(C)N1CCC(Oc2ccc3c(c2)cc2n3CCN(CC(F)(F)F)C2=O)CC1,tensor([7.4700])
CC(C)N1CCC(Oc2ccc3c(c2)cc2n3CCN(Cc3ccccn3)C2=O)CC1,tensor([8.2200])
CC(C)N1CCC(Oc2cc3cc4n(c3cc2Br)C(C)CN(CC2CC2)C4=O)CC1,tensor([8.7000])
CC(C)N1CCC(Oc2ccc3c(c2)cc2n3CCN(Cc3ccncc3)C2=O)CC1,tensor([8.3000])
CC(C)N1CCC(Oc2ccc3c(c2)cc2n3CCN(C)C2=O)CC1,tensor([7.5100])
CC(C)N1CCC(Oc2ccc3c(c2)cc2n3CCN(CC3CC3)C2=O)CC1,tensor([8.0500])
CC(C)N1CCC(Oc2ccc3c(c2)cc2n3CCN(CCO)C2=O)CC1,tensor([7.3400])
CC(C)N1CCC(Oc2ccc3c(c2)cc2n3CC(C)N(CC3CC3)C2=O)CC1,tensor([8.3000])
CC(C)N1CCC(Oc2ccc3c(c2)cc2n3CCN(Cc3ccc(F)cc3)C2=O)CC1,tensor([8.1500])
CC1CCCN1CCCOc1ccc2c(c1)cc1n2CCNC1=O,tensor([8.1500])
c1cncc(-c2noc(CCCCN3CCCCC3)n2)c1,tensor([6.9600])
c1ccc(-c2nc(SCCCN3CCCCC3)oc2-c2ccccc2)cc1,tensor([7.5000])
C1CCN(CCCOc2nc3c(s2)CN(CCCN2CCCCC2)CC3)CC1,tensor([7.7000])
c1ccc(-c2nc(SCCCN3CCCCC3)sc2-c2ccccc2)cc1,tensor([8.1300])
c1cc(-c2nnc(SCCCN3CCCCC3)o2)ccn1,tensor([6.7300])
CC(C)N1CCN(C(=O)c2ccc3scc(CN4CCCCC4)c3c2)CC1,tensor([7.3000])
O=C(c1cccc2c(CN3CCOCC3)c[nH]c12)N1CCNCC1,tensor([5.6700])
O=C(c1cccc2c(CN3CCOCC3)c[nH]c12)N1CCN(C2CCC2)CC1,tensor([8.3100])
CC(C)N1CCN(C(=O)c2ccc3[nH]cc(CN4CCOCC4)c3c2)CC1,tensor([6.7500])
CC(C)N1CCN(C(=O)c2cccc3[nH]cc(CN4CCOCC4)c23)CC1,tensor([5.3100])
O=C(c1ccc2c(CN3CCN(C4CCC4)CC3)c[nH]c2c1)N1CCOCC1,tensor([7.3700])
CC(C)N1CCN(C(=O)c2ccc3[nH]cc(CN4CCCCC4)c3c2)CC1,tensor([7.0600])
CC(C)N1CCN(C(=O)c2ccc3c(CN4CCCCC4)c[nH]c3c2)CC1,tensor([8.5500])
O=C(c1cccc2c(CN3CCN(C4CCC4)CC3)c[nH]c12)N1CCCCC1,tensor([6.6200])
CC(C)N1CCN(C(=O)c2ccc3c(CN4CCOCC4)cn(C)c3c2)CC1,tensor([7.8200])
CC(C)N1CCN(C(=O)c2cccc3c(CN4CCOCC4)c[nH]c23)CC1,tensor([7.9200])
O=C(c1ccc2c(CN3CCOCC3)c[nH]c2c1)N1CCN(C2CCC2)CC1,tensor([8.8500])
CC(C)N1CCN(Cc2c[nH]c3cc(C(=O)N4CCCCC4)ccc23)CC1,tensor([7.0600])
CC(C)N1CCN(C(=O)c2ccc3c(CN4CCOCC4)c[nH]c3c2)CC1,tensor([8.6800])
O=C(c1ccc2scc(C(=O)N3CCCCC3)c2c1)N1CCN(C2CCC2)CC1,tensor([6.2800])
O=C(c1ccc2c(CN3CCOCC3)c[nH]c2c1)N1CCN(C2CC2)CC1,tensor([8.7000])
O=C(c1cccc2c(CN3CCCCC3)c[nH]c12)N1CCN(C2CCC2)CC1,tensor([8.8000])
CC(C)N1CCN(C(=O)c2ccc3c(CN4CCCCC4)cn(S(C)(=O)=O)c3c2)CC1,tensor([8.7200])
CC(C)N1CCCN(C(=O)c2ccc3c(CN4CCOCC4)cn(C)c3c2)CC1,tensor([9.0500])
CNC(=O)c1ccc(Oc2ccc3c(c2)CCN(C2CCC2)CC3)nc1,tensor([9.5900])
CNCCC(c1ccccc1)c1ccc(OCCN2CCCC2)cc1,tensor([8.8500])
CNCCN(c1ccccc1)c1ccc(OCCN2CCCC2)cc1,tensor([8.8000])
CNCCC(c1ccccc1)c1ccc(O)c2ccc(OCCN3CCCC3)cc12,tensor([8.1300])
CN=C(NC#N)NCC1CCC(c2c[nH]cn2)O1,tensor([5.7000])
NCCCc1c[nH]cn1,tensor([7.3000])
Cc1nc[nH]c1CCN,tensor([5.2000])
CNCCc1cnc[nH]1,tensor([8.4000])
NCC1CCC(c2c[nH]cn2)O1,tensor([6.7000])
c1ccc(COCC2CCC(c3c[nH]cn3)O2)cc1,tensor([6.6000])
N=C(NCc1ccc(Cl)cc1)SCCCCc1c[nH]cn1,tensor([8.6000])
COc1cccc(-c2nnc(N3CCC(N4CCCCC4)CC3)s2)n1,tensor([8.4600])
COc1cc(F)cc(-c2nnc(N3CCC(N4CCCCC4)CC3)s2)c1,tensor([7.8000])
COc1cc(C#N)cc(-c2nnc(N3CCC(N4CCCCC4)CC3)s2)c1,tensor([7.9200])
COc1ccc(-c2nnc(N3CCC(N4CCCCC4)CC3)s2)cc1,tensor([7.4000])
COc1ccccc1-c1nnc(N2CCC(N3CCCCC3)CC2)s1,tensor([7.4000])
COc1cc(OC)cc(-c2nnc(N3CCC(N4CCCCC4)CC3)s2)c1,tensor([7.8200])
Cc1ccc(-c2nnc(N3CCC(N4CCCCC4)CC3)s2)cc1,tensor([6.7900])
Clc1ccc(-c2nnc(N3CCC(N4CCCCC4)CC3)s2)cc1,tensor([6.7900])
CCN1CCN(c2nnc(-c3ccc(OC)cc3)s2)CC1,tensor([6.7900])
c1ccc(-c2nnc(N3CCC(N4CCCCC4)CC3)s2)cc1,tensor([7.1000])
N#Cc1cc(C#N)cc(-c2nnc(N3CCC(N4CCCCC4)CC3)s2)c1,tensor([7.6400])
CC(=O)c1cccc(-c2nnc(N3CCC(N4CCCCC4)CC3)s2)c1,tensor([8.4000])
Fc1ccc(-c2nnc(N3CCC(N4CCCCC4)CC3)s2)cc1,tensor([7.4100])
c1cnc(-c2nnc(N3CCC(N4CCCCC4)CC3)s2)nc1,tensor([6.9900])
COc1cccc(-c2nnc(N3CCC(N4CCCCC4)CC3)s2)c1,tensor([7.5000])
Cc1ccccc1-c1nnc(N2CCC(N3CCCCC3)CC2)s1,tensor([7.4400])
COc1ncc(-c2nnc(N3CCC(N4CCCCC4)CC3)s2)s1,tensor([7.5500])
N#Cc1ccc(-c2nnc(N3CCC(N4CCCCC4)CC3)s2)cc1,tensor([7.4400])
Fc1ccccc1-c1nnc(N2CCC(N3CCCCC3)CC2)s1,tensor([7.4400])
c1ccc(-c2nnc(N3CCC(N4CCCCC4)CC3)s2)nc1,tensor([7.5200])
COc1ccc(-c2nnc(N3CCC(N4CCCC4)CC3)s2)cc1,tensor([6.2200])
c1n[nH]cc1-c1nnc(N2CCC(N3CCCCC3)CC2)s1,tensor([6.7200])
Cc1cccc(-c2nnc(N3CCC(N4CCCCC4)CC3)s2)c1,tensor([7.2200])
CC(=O)c1ccc(-c2nnc(N3CCC(N4CCCCC4)CC3)s2)cc1,tensor([7.1900])
Fc1cc(F)cc(-c2nnc(N3CCC(N4CCCCC4)CC3)s2)c1,tensor([7.3000])
COc1ccc(-c2nnc(N3CCN(C4CCCC4)CC3)s2)cc1,tensor([6.7400])
Cc1cccc(-c2nnc(N3CCC(N4CCCCC4)CC3)s2)n1,tensor([8.2100])
N#Cc1cccc(-c2nnc(N3CCC(N4CCCCC4)CC3)s2)c1,tensor([7.3700])
CC(=O)c1ccccc1-c1nnc(N2CCC(N3CCCCC3)CC2)s1,tensor([8.0800])
Clc1cc(Cl)cc(-c2nnc(N3CCC(N4CCCCC4)CC3)s2)c1,tensor([7.1400])
O=C(Nc1nnc(N2CCC(N3CCCCC3)CC2)s1)NC1CCCC1,tensor([7.3100])
Clc1cccc(-c2nnc(N3CCC(N4CCCCC4)CC3)s2)c1,tensor([7.3100])
Fc1cccc(-c2nnc(N3CCC(N4CCCCC4)CC3)s2)c1,tensor([7.2100])
Clc1ccccc1-c1nnc(N2CCC(N3CCCCC3)CC2)s1,tensor([7.1600])
c1nc(CCCn2cc(C3CCCCC3)nn2)c[nH]1,tensor([7.1500])
c1c(CC2CCCCC2)nnn1CCCN1CCOCC1,tensor([4.7300])
c1nc(CCCn2cc(CC3CCCCCC3)nn2)c[nH]1,tensor([6.9500])
CC(c1cn(CCCc2c[nH]cn2)nn1)C1CCCCC1,tensor([7.2200])
CC(C)(C)c1cn(CCCc2c[nH]cn2)nn1,tensor([6.7200])
c1c(CC2CCCCC2)nnn1CCCN1CCCCC1,tensor([6.3100])
c1nc(CCCCn2cc(CC3CCCCC3)nn2)c[nH]1,tensor([6.4900])
c1nc(CCCn2cc(CC3CCCCC3)nn2)c[nH]1,tensor([6.9000])
c1ccc(Cc2cn(CCCc3c[nH]cn3)nn2)cc1,tensor([7.0900])
c1nc(CCn2cc(CC3CCCC3)nn2)c[nH]1,tensor([6.9400])
c1nc(CCCn2cc(CN3CCCCC3)nn2)c[nH]1,tensor([6.4200])
CCCCCc1cn(CCCc2c[nH]cn2)nn1,tensor([6.9800])
c1cn(CCCn2cc(CC3CCCCC3)nn2)cn1,tensor([5.2000])
CCCCCCCc1cn(CCCc2c[nH]cn2)nn1,tensor([7.0100])
CC(c1cn(CCc2c[nH]cn2)nn1)C1CCCCC1,tensor([7.1200])
c1ccc(Cc2cn(CCc3c[nH]cn3)nn2)cc1,tensor([6.4200])
c1nc(CCCn2cc(CC3CCCC3)nn2)c[nH]1,tensor([7.0400])
c1c(CN2CCCCC2)nnn1CCCN1CCCCC1,tensor([6.9200])
CN1CCN(CCCn2cc(CC3CCCCC3)nn2)CC1,tensor([6.1000])
c1ccc(Cc2cn(CCCCc3c[nH]cn3)nn2)cc1,tensor([6.2300])
CN1CCC(n2nc(Cc3ccc(Cl)cc3)c3ccccc3c2=O)CC1,tensor([6.9000])
CN1CCCC(n2nc(Cc3ccc(Cl)cc3)c3ccccc3c2=O)CC1,tensor([6.8000])
CN1CCCC1Cn1nc(CC2CCCCC2)c2ccccc2c1=O,tensor([6.7000])
COc1ccc(Cc2nn(CC3CCCN3CCCCc3ccc(OCCCN4CCCCCC4)cc3)c(=O)c3ccccc23)cc1,tensor([9.5000])
O=c1c2ccccc2c(Cc2ccc(Cl)cc2)nn1C1CCCN(Cc2ccc(OCCCN3CCCCCC3)cc2)CC1,tensor([9.3000])
CCOc1ccc(Cc2nn(CC3CCCN3C)c(=O)c3ccccc23)cc1,tensor([6.5000])
CN1CCCC1Cn1nc(Cc2cccc(F)c2)c2ccccc2c1=O,tensor([6.7000])
CN1CCCC1Cn1nc(Cc2ccc(O)cc2)c2ccccc2c1=O,tensor([6.6000])
CN(CCCCc1ccc(OCCCN2CCCCCC2)cc1)CCn1nc(Cc2ccc(Cl)cc2)c2ccccc2c1=O,tensor([8.1000])
O=c1c2ccccc2c(Cc2ccc(Cl)cc2)nn1CC1CCCN1CCCCc1ccc(OCCCN2CCCCCC2)cc1,tensor([9.6000])
O=c1c2ccccc2c(Cc2ccc(Cl)cc2)nn1C1CCCN(CCCc2ccc(OCCCN3CCCCCC3)cc2)CC1,tensor([9.6000])
O=c1c2ccccc2c(Cc2ccc(Cl)cc2)nn1C1CCCN(CCc2ccc(OCCCN3CCCCCC3)cc2)CC1,tensor([8.4000])
O=c1c2ccccc2c(Cc2ccc(Cl)cc2)nn1CC1CCCN1CCCCCc1ccc(OCCCN2CCCCCC2)cc1,tensor([9.4000])
Cc1cccc(Cc2nn(CC3CCCN3C)c(=O)c3ccccc23)c1,tensor([6.6000])
O=c1c2ccccc2c(Cc2ccc(Cl)cc2)nn1CCNCCCCc1ccc(OCCCN2CCCCCC2)cc1,tensor([9.4000])
O=c1c2ccccc2c(Cc2ccc(O)cc2)nn1CC1CCCN1CCCCc1ccc(OCCCN2CCCCCC2)cc1,tensor([9.4000])
CN(C)CCCn1nc(Cc2ccc(Cl)cc2)c2ccccc2c1=O,tensor([6.9000])
O=c1c2ccccc2c(Cc2ccc(Cl)cc2)nn1C1CCCN(CCCCc2ccc(OCCCN3CCCCCC3)cc2)CC1,tensor([8.7000])
CN1CCCC1Cn1nc(Cc2ccc(Cl)cc2)c2ccccc2c1=O,tensor([6.4000])
CN1CCCC1CCn1nc(Cc2ccc(Cl)cc2)c2ccccc2c1=O,tensor([7.1000])
O=C(NCCCC1CCCCC1)OCCCc1c[nH]cn1,tensor([7.0700])
O=C(NCCC1=CCCCC1)OCCCc1c[nH]cn1,tensor([7.5800])
CCCC=CCNC(=O)OCCCc1c[nH]cn1,tensor([7.6200])
C=CCCNC(=O)OCCCc1c[nH]cn1,tensor([7.2600])
O=C(NCCC1CCCCC1)OCCCc1c[nH]cn1,tensor([7.6000])
O=C(NCCCCC1CCCCC1)OCCCc1c[nH]cn1,tensor([6.7100])
O=C(NCCC1CC1)OCCCc1c[nH]cn1,tensor([7.7700])
CCC=CCNC(=O)OCCCc1c[nH]cn1,tensor([7.5700])
CC(C)=CCCC(C)=CCNC(=O)OCCCc1c[nH]cn1,tensor([7.7000])
CCC=CCCNC(=O)OCCCc1c[nH]cn1,tensor([7.5800])
CC=CCNC(=O)OCCCc1c[nH]cn1,tensor([7.2700])
C=CCCCNC(=O)OCCCc1c[nH]cn1,tensor([7.8500])
CC(C)N1CCN(C(=O)c2ccc(CN3CCCCC3)o2)CC1,tensor([8.4700])
CC(C)N1CCN(C(=O)c2csc(CN3CCOCC3)n2)CC1,tensor([6.1700])
CC(C)N1CCN(C(=O)c2cnc(CN3CCOCC3)cn2)CC1,tensor([7.6400])
O=C(CCC(=O)N1CCN(C2CCCC2)CC1)c1ccc(Cl)cc1,tensor([8.9200])
CC(C)N1CCN(C(=O)c2ccc(CN3CCCCC3)cc2)CC1,tensor([9.1000])
COCCNCc1nc(C(=O)N2CCN(C(C)C)CC2)cs1,tensor([6.4500])
CC(C)N1CCN(C(=O)c2ccc(CN3CCOCC3)nc2)CC1,tensor([7.8200])
CC(C)N1CCN(C(=O)c2ccc(CN3CCCCC3)s2)CC1,tensor([7.9200])
CC(C)N1CCN(C(=O)c2coc(CN3CCOCC3)n2)CC1,tensor([6.1600])
c1cc(OCCCN2CCCCC2)ncc1CN1CCCCC1,tensor([9.1500])
CC(C)N1CCN(C(=O)c2csc(CN3CCCCC3)c2)CC1,tensor([8.4900])
CC(C)N1CCN(C(=O)c2coc(CN3CCCCC3)n2)CC1,tensor([6.7000])
CNC(=O)c1cnc(Oc2ccc3c(c2)CCN(C2CCC2)CC3)cn1,tensor([9.6800])
CC(C)N1CCN(C(=O)c2cc(CN3CCCCC3)cn2C)CC1,tensor([7.5000])
CC(C)N1CCN(C(=O)c2cc(CN3CCOCC3)cn2C)CC1,tensor([6.8500])
c1c(OCCCN2CCCCC2)noc1CN1CCOCC1,tensor([7.0700])
COCCNCc1nc(C(=O)N2CCN(C(C)C)CC2)co1,tensor([6.3400])
c1cc(CN2CCCCC2)ncc1OCCCN1CCCCC1,tensor([9.0500])
CC(C)N1CCN(C(=O)c2ccc(CN3CCCCC3)nc2)CC1,tensor([8.9600])
COCCNCc1ccc(C(=O)N2CCN(C(C)C)CC2)s1,tensor([8.3600])
c1cc(CN2CCOCC2)ncc1OCCCN1CCCCC1,tensor([8.1600])
CC(C)N1CCN(C(=O)c2csc(CN3CCOCC3)c2)CC1,tensor([7.4300])
c1c(OCCCN2CCCCC2)noc1CN1CCCCC1,tensor([8.3900])
CC(C)N1CCN(C(=O)c2csc(CN3CCCCC3)n2)CC1,tensor([6.9600])
CC(C)N1CCN(C(=O)c2ccc(CN3CCOCC3)o2)CC1,tensor([7.2700])
COCCNCc1cc(OCCCN2CCCCC2)no1,tensor([7.1000])
CC(C)N1CCN(C(=O)c2ccc(CN3CCCCC3)cn2)CC1,tensor([8.8200])
COCCNCc1ccc(C(=O)N2CCN(C(C)C)CC2)o1,tensor([7.4600])
CC(C)N1CCN(C(=O)c2ccc(CN3CCOCC3)s2)CC1,tensor([7.5800])
CC(C)N1CCN(C(=S)c2ccc(CN3CCCCC3)nc2)CC1,tensor([8.2400])
CC1CCCN1CCCOc1ccc(-c2ccc(=O)[nH]n2)cc1,tensor([8.7000])
O=c1ccc(-c2ccc(OCCCN3CCCC3)cc2)n[nH]1,tensor([7.8000])
CC1CCCN1CCCOc1ccc(-c2cn[nH]c(=O)c2)cc1,tensor([8.5500])
O=c1ccc(-c2ccc(OCCCN3CCOCC3)cc2)n[nH]1,tensor([6.1200])
CC1CCCN1CCCOc1ccc(-n2ncccc2=O)cc1,tensor([7.0900])
CC1CCCN1CCCOc1ccc(-c2ccc(=O)n(Cc3ccccc3)n2)cc1,tensor([8.1600])
Cn1nc(-c2ccc(OCCCN3CCCCC3)cc2)ccc1=O,tensor([7.6800])
CC1CCCN1CCCOc1ccc(-c2ccc(=O)n(-c3ccccc3)n2)cc1,tensor([8.6000])
O=c1ccc(-c2ccc(OCCCN3CCCCC3)cc2)n[nH]1,tensor([8.0600])
CCn1nc(-c2ccc(OCCCN3CCCC3C)cc2)ccc1=O,tensor([8.4100])
Cn1nc(-c2ccc(C(=O)N3CCCC3CN3CCCC3)cc2)ccc1=O,tensor([8.])
O=C(c1ccc(-c2ccc(=O)n(-c3ccc(F)cc3)n2)cc1)N1CCCC1CN1CCCC1,tensor([7.8000])
CC(C)N1CCN(c2ccc(-c3ccc(=O)n(C)n3)cc2)CC1,tensor([6.9600])
Cn1nc(-c2ccc(OC3CCN(C4CCCC4)CC3)cc2)ccc1=O,tensor([8.5200])
Cn1nc(-c2ccc(OC3CCN(C4CCC4)CC3)cc2)ccc1=O,tensor([8.5200])
Cn1nc(-c2ccc(N3CCN(C4CCCC4)CC3)cc2)ccc1=O,tensor([7.0300])
Cn1nc(-c2ccc(N3CCN4CCCC4C3)cc2)ccc1=O,tensor([6.5100])
Cn1nc(-c2ccc(C(=O)N3CCN(C4CCCC4)CC3)cc2)ccc1=O,tensor([6.8700])
CNC1CCC(c2ccc(OCCCN3CCCCC3)cc2)CC1,tensor([8.4900])
c1ccc2c(c1)CN(C1CCC(c3ccc(OCCCN4CCCCC4)cc3)CC1)C2,tensor([9.7700])
O=C1CCC(c2ccc(OCCCN3CCCCC3)cc2)CC1,tensor([8.7700])
c1ccc(CNC2CCC(c3ccc(OCCCN4CCCCC4)cc3)CC2)cc1,tensor([9.5900])
c1cc(C2CCC(N3CCCCC3)CC2)ccc1OCCCN1CCCCC1,tensor([9.1900])
c1cc(C2CCC(N3CCOCC3)CC2)ccc1OCCCN1CCCCC1,tensor([9.3900])
c1cc(C2CCC(N3CCC3)CC2)ccc1OCCCN1CCCCC1,tensor([9.6000])
c1cc(C2CCC(N3CCCC3)CC2)ccc1OCCCN1CCCCC1,tensor([9.6000])
CN(C)C1CCC(c2ccc(OCCCN3CCCCC3)cc2)CC1,tensor([9.6800])
CN(C1CCC(c2ccc(OCCCN3CCCCC3)cc2)CC1)S(=O)(=O)c1ccccc1,tensor([8.2600])
CN1CCN(C2CCC(c3ccc(OCCCN4CCCCC4)cc3)CC2)CC1,tensor([9.4900])
CCCCNC1CCC(c2ccc(OCCCN3CCCCC3)cc2)CC1,tensor([9.2800])
CC1CCN(C2CCC(c3ccc(OCCCN4CCCCC4)cc3)CC2)CC1,tensor([9.2500])
OC1CCN(C2CCC(c3ccc(OCCCN4CCCCC4)cc3)CC2)CC1,tensor([9.2400])
COc1cccc2c(=O)n(C)c(-c3ccc(OC4CCN(C5CCC5)CC4)cc3)nc12,tensor([9.8100])
CCCn1c(-c2ccc(OCCCN3CCCCC3)cc2)nc2ccccc2c1=O,tensor([9.8100])
Cc1nc2ccccc2c(=O)n1-c1ccc(OCCCN2CCCC2)cc1,tensor([8.9600])
O=c1c2ccccc2ncn1-c1ccc(OCCCN2CCCC2)cc1,tensor([8.9600])
COc1cccc2c(=O)n(-c3ccc(OCCCN4CCCC4)cc3)c(C)nc12,tensor([8.9400])
Cc1cccc2nc(C)n(-c3ccc(OCCCN4CCCC4)cc3)c(=O)c12,tensor([9.5100])
CC1CCCN1CCc1ccc(-c2ccc(S(=O)(=O)N3CCCCC3)cc2)cc1,tensor([8.8000])
COc1nccc2c(=O)n(C)c(-c3ccc(OC4CCN(C5CCC5)CC4)cc3)nc12,tensor([10.0300])
Cn1c(-c2ccc(OC3CCN(C4CCC4)CC3)cc2)nc2c(F)cccc2c1=O,tensor([10.1100])
O=C(c1ccccc1-c1ccc(OCCCN2CCCCC2)cc1)N1CCCCC1,tensor([8.8000])
Cn1c(-c2ccc(OC3CCN(C4CCC4)CC3)cc2)nc2ccccc2c1=O,tensor([10.1600])
Cn1c(-c2ccc(OC3CCN(C4CCC4)CC3)cc2)nc2c(Cl)cccc2c1=O,tensor([10.2000])
Cn1nccc1-c1ccc(OCCCN2CCCCC2)cc1,tensor([8.7400])
Cc1cccc2c(=O)n(C)c(-c3ccc(OC4CCN(C5CCC5)CC4)cc3)nc12,tensor([10.5100])
COc1ccc2nc(-c3ccc(OC4CCN(C5CCC5)CC4)cc3)n(C)c(=O)c2c1,tensor([10.0300])
COc1cccc2nc(-c3ccc(OC4CCN(C5CCC5)CC4)cc3)n(C)c(=O)c12,tensor([9.8100])
COc1ccc2c(=O)n(C)c(-c3ccc(OC4CCN(C5CCC5)CC4)cc3)nc2c1,tensor([10.0300])
Cc1ccc2nc(C)n(-c3ccc(OCCCN4CCCC4)cc3)c(=O)c2c1,tensor([8.9000])
c1csc(-c2ccc(OCCCN3CCCCC3)cc2)c1,tensor([8.8500])
C1=C(c2ccc(OCCCN3CCCCC3)cc2)CCC1,tensor([8.8000])
O=c1c2ccccc2nc(-c2ccc(OCCCN3CCCCC3)cc2)n1Cc1ccccc1,tensor([10.0100])
COC(=O)N1CC(Oc2ccc(F)cc2)CC1C(=O)N1CCCN(C2CCC2)CC1,tensor([8.8200])
CC1=C(c2ccc(OCCCN3CCCC3)cc2)Oc2ccccc2S1(=O)=O,tensor([9.0500])
COc1cccc2nc(C)n(-c3ccc(OCCCN4CCCC4)cc3)c(=O)c12,tensor([9.3900])
Cc1nc2cccc(Cl)c2c(=O)n1-c1ccc(OCCCN2CCCC2)cc1,tensor([9.3900])
CCn1c(-c2ccc(OCCCN3CCCCC3)cc2)nc2ccccc2c1=O,tensor([9.5500])
Cc1nc2c(F)cccc2c(=O)n1-c1ccc(OCCCN2CCCC2)cc1,tensor([9.3300])
CC(C)n1c(-c2ccc(OCCCN3CCCCC3)cc2)nc2ccccc2c1=O,tensor([9.5500])
C=C(N(C)Cc1ccc(-c2ccccc2)cc1)N1CCN(C(C)C)CC1,tensor([7.4300])
O=c1c2ccccc2nc(-c2ccc(OCCCN3CCCCC3)cc2)n1-c1ccccc1,tensor([9.3000])
CCc1nc2ccccc2c(=O)n1-c1ccc(OCCCN2CCCC2)cc1,tensor([9.3000])
COc1cccc2c1S(=O)(=O)C(C)C(c1ccc(OCCCN3CCCC3)cc1)O2,tensor([9.3000])
Cc1nc2ccc(F)cc2c(=O)n1-c1ccc(OCCCN2CCCC2)cc1,tensor([9.3000])
Cc1nc2cc(C(F)(F)F)ccc2c(=O)n1-c1ccc(OCCCN2CCCC2)cc1,tensor([9.5100])
COc1ccc2nc(C)n(-c3ccc(OCCCN4CCCC4)cc3)c(=O)c2c1,tensor([9.5100])
Cc1ccc2c(=O)n(-c3ccc(OCCCN4CCCC4)cc3)c(C)nc2c1,tensor([9.5100])
CC1CCCN1CCc1ccc(-c2ccc(S(=O)(=O)NCc3ccccc3)cc2)cc1,tensor([9.5000])
COc1cccc2c1OC(c1ccc(OCCCN3CCCCC3)cc1)C(C)S2(=O)=O,tensor([9.4700])
COc1ccc2c(c1)OC(c1ccc(OCCCN3CCCC3)cc1)C(C)S2(=O)=O,tensor([9.5200])
Cn1c(-c2ccc(OCCCN3CCCCC3)cc2)nc2ccccc2c1=O,tensor([9.4300])
COc1ccc2c(c1)S(=O)(=O)C(C)C(c1ccc(OCCCN3CCCC3)cc1)O2,tensor([9.4000])
CC(C)c1nc2ccccc2c(=O)n1-c1ccc(OCCCN2CCCC2)cc1,tensor([9.6000])
CC1CCCN1CCc1ccc(-c2ccc(S(=O)(=O)N3CCS(=O)(=O)CC3)cc2)cc1,tensor([9.])
COc1cccc2c1OC(c1ccc(OC3CCN(C4CCC4)CC3)cc1)C(C)S2(=O)=O,tensor([9.7900])
COc1cccc2c1OC(c1ccc(OCCCN3CCCC(C)C3)cc1)C(C)S2(=O)=O,tensor([9.8000])
CC1CCCN1CCc1ccc(-c2ccc(S(=O)(=O)NCc3ccncc3)cc2)cc1,tensor([9.8000])
COc1cccc2c1OC(c1ccc(OCCCN3CCCC3C)cc1)C(C)S2(=O)=O,tensor([9.7000])
COC1CCN(S(=O)(=O)c2ccc(-c3ccc(CCN4CCCC4C)cc3)cc2)CC1,tensor([9.2000])
Cc1nc2cc(F)ccc2c(=O)n1-c1ccc(OCCCN2CCCC2)cc1,tensor([9.2000])
Cc1cccc2c(=O)n(-c3ccc(OCCCN4CCCC4)cc3)c(C)nc12,tensor([9.2000])
Cc1nc2c(C(F)(F)F)cccc2c(=O)n1-c1ccc(OCCCN2CCCC2)cc1,tensor([9.1600])
Cc1nc2cccc(F)c2c(=O)n1-c1ccc(OCCCN2CCCC2)cc1,tensor([9.1600])
COC(=O)c1c(C)noc1-c1ccc2cc(CCN3CCCC3C)ccc2n1,tensor([9.1500])
Cn1c(-c2ccc(OC3CCN(C4CCCC4)CC3)cc2)nc2ccccc2c1=O,tensor([9.6400])
COc1ccc2c(=O)n(-c3ccc(OCCCN4CCCC4)cc3)c(C)nc2c1,tensor([9.1400])
Cn1c(-c2ccc(OC3CCN(C4CCC4)CC3)cc2)nc2c(C(F)(F)F)cccc2c1=O,tensor([9.6600])
O=c1c2ccccc2nc(-c2ccccc2)n1-c1ccc(OCCCN2CCCC2)cc1,tensor([9.6600])
CCCc1nc2ccccc2c(=O)n1-c1ccc(OCCCN2CCCC2)cc1,tensor([9.6600])
CCCNS(=O)(=O)c1ccc(-c2ccc(CCN3CCCC3C)cc2)cc1,tensor([8.3700])
c1cc(N2CCCCC2)ccc1OCCCN1CCCCC1,tensor([8.3100])
c1ccc(-c2ccc(OCCCN3CCCCC3)cc2)cc1,tensor([8.5200])
c1ccc(C2Sc3ccccc3OC2c2ccc(OCCCN3CCCC3)cc2)cc1,tensor([8.5200])
COc1ccccc1-c1ccc(OCCCN2CCCCC2)cc1,tensor([8.6600])
c1cc(C2CCOCC2)ccc1OCCCN1CCCCC1,tensor([8.0800])
c1coc(-c2ccc(OCCCN3CCCCC3)cc2)c1,tensor([8.3000])
CC1CCCN1CCc1ccc(-c2ccc(S(N)(=O)=O)cc2)cc1,tensor([8.3000])
CCOC(=O)c1ccc(-c2ccc(OCCCN3CCCCC3)cc2)cc1,tensor([7.9800])
COCC1CCCN1S(=O)(=O)c1ccc(-c2ccc(CCN3CCCC3C)cc2)cc1,tensor([8.3000])
CC1Sc2ccccc2OC1c1ccc(OCCCN2CCCC2)cc1,tensor([8.7000])
c1cc(-c2ccc3c(c2)OCO3)ccc1OCCCN1CCCCC1,tensor([8.4400])
COC(=O)c1cc(-c2ccc3cc(CCN4CCCC4C)ccc3n2)on1,tensor([8.4600])
c1cc(C2CCCCO2)ccc1OCCCN1CCCCC1,tensor([8.2800])
CC1CCCN1CCc1ccc(-c2ccc(S(=O)(=O)Nc3ccccc3)cc2)cc1,tensor([8.7000])
c1cc(C2CCCO2)ccc1OCCCN1CCCCC1,tensor([8.0500])
CC1C(c2ccc(OCCCN3CCCC3)cc2)Oc2ccccc2S1(=O)=O,tensor([8.4000])
CC1CCCN1CCc1ccc(-c2ccc(S(=O)(=O)NCC3CC3)cc2)cc1,tensor([8.6000])
c1cc(C2CCCCC2)ccc1OCCCN1CCCCC1,tensor([8.5500])
CC1CCCN1CCc1ccc(-c2ccc(S(=O)(=O)NC3CCC3)cc2)cc1,tensor([8.6000])
CC1=C(c2ccc(OCCCN3CCCC3)cc2)Oc2ccccc2S1,tensor([8.0500])
c1cc(C2=NCCO2)ccc1OCCCN1CCCCC1,tensor([8.4400])
CC1CCCN1CCc1ccc(-c2ccc(S(=O)(=O)N3CCC(O)C3)cc2)cc1,tensor([8.6000])
c1ncc(-c2ccc(OCCCN3CCCCC3)cc2)o1,tensor([8.6000])
c1c[nH]c(-c2ccc(OCCCN3CCCCC3)cc2)n1,tensor([8.3200])
CCC1Sc2ccccc2OC1c1ccc(OCCCN2CCCC2)cc1,tensor([8.2200])
COCCNS(=O)(=O)c1ccc(-c2ccc(CCN3CCCC3C)cc2)cc1,tensor([8.5000])
CCC(CO)NS(=O)(=O)c1ccc(-c2ccc(CCN3CCCC3C)cc2)cc1,tensor([8.2000])
CC1CCCN1CCc1ccc(-c2ccc(S(=O)(=O)N3C(C)COCC3C)cc2)cc1,tensor([8.2000])
CC1CCCN1CCCOc1ccc(-c2ccc(=O)n(CCO)n2)cc1,tensor([8.5200])
COc1cc(OCCCN2CCCC2C)ccc1-c1ccc(=O)[nH]n1,tensor([6.8200])
CC1CCCN1CCCOc1ccc(-c2ccc(=O)n(-c3ncccn3)n2)cc1,tensor([8.8500])
CC1CCCN1CCCOc1ccc(-c2ccc(=O)[nH]n2)cn1,tensor([7.4600])
CC(COc1ccc(-c2ccc(=O)n(C)n2)cc1)CN1CCCC1C,tensor([8.6200])
CC1CCCN1CCCOc1ccc(-c2ccc(=O)n(-c3ccccn3)n2)cc1,tensor([8.])
CC1CCCN1CCCOc1ccc(-c2n[nH]c(=O)cc2-c2ccccn2)cc1,tensor([7.9200])
Cc1cc(=O)[nH]nc1-c1ccc(OCCCN2CCCC2C)cc1,tensor([8.5400])
CC1CCCN1CCCOc1ccc(-c2cc(-c3ccccn3)c(=O)[nH]n2)cc1,tensor([8.5100])
CC1CCCN1CCCOc1ccc(-c2ccc(=O)n(CC(F)(F)F)n2)cc1,tensor([8.2400])
CC1CCCN1CCCOc1ccc(-c2ccc(=O)[nH]n2)c(F)c1,tensor([7.8000])
CC1CCCN1CCCOc1c(F)cc(-c2ccc(=O)n(C)n2)cc1F,tensor([7.9600])
CC1CCCN1CCCOc1ccc(-c2ccc(=O)[nH]n2)cc1C#N,tensor([7.4200])
CC1CCCN1CCCOc1ccc(-c2ccc(=O)n(CCF)n2)cc1,tensor([8.4700])
CC1CCCN1CCCOc1ccc(-c2ccc(=O)n(C)n2)cc1Cl,tensor([8.3600])
CC1CCCN1CCCOc1c(F)cc(-c2ccc(=O)[nH]n2)cc1F,tensor([8.1500])
Cc1cc(-c2ccc(OCCCN3CCCC3C)cc2)n[nH]c1=O,tensor([8.4700])
CC1CCCN1CCCOc1ccc(-c2ccc(=O)n(C)n2)cc1F,tensor([8.2400])
Cn1nc(-c2ccc(OCCCN3CCCCC3)cc2)c2c(c1=O)CCC2,tensor([9.3000])
CC1CCCN1CCCOc1ccc(-c2nn(C)c(=O)c3c2CCC3)cc1,tensor([9.4000])
CCCn1nc(-c2ccc(OCCCN3CCC(C)CC3)cc2)c2sccc2c1=O,tensor([7.6400])
CC(C)n1nc(-c2ccc(OCCCN3CCCC3)cc2)c2sccc2c1=O,tensor([8.4000])
CC1CCCN1CCCOc1ccc(-c2nn(Cc3ccc(Cl)cc3)c(=O)c3ccsc23)cc1,tensor([8.6200])
CN1N=C(c2ccc(OCCCN3CCCCC3)cc2)C2CCCC2C1=O,tensor([8.6400])
CC1CCCN1CCCOc1ccc(-c2nn(Cc3ccc(Cl)cc3)c(=O)c3ccccc23)cc1,tensor([8.3400])
CCN(CC)CCCOc1ccc(-c2nn(C(C)C)c(=O)c3ccsc23)cc1,tensor([7.6400])
CC1CCCN1CCCOc1ccc(-c2nn(C(C)C)c(=O)c3ccsc23)cc1,tensor([8.5900])
CC1CCCN1CCCOc1ccc(C2=NN(C)C(=O)C3CCCC23)cc1,tensor([8.8000])
COCC1CCCN1CCCOc1ccc(-c2nn(C(C)C)c(=O)c3ccsc23)cc1,tensor([7.3000])
O=c1c2ccccc2c(-c2ccc(OCCCN3CCCCC3)cc2)nn1Cc1ccc(Cl)cc1,tensor([7.9600])
Cn1nc(-c2ccc(OCCCN3CCCCC3)cc2)c2ccccc2c1=O,tensor([9.1000])
O=c1c2ccsc2c(-c2ccc(OCCCN3CCCCC3)cc2)nn1Cc1ccc(Cl)cc1,tensor([7.3200])
CCCn1nc(-c2ccc(OCCCN3CCCC3C)cc2)c2sccc2c1=O,tensor([8.8200])
Cn1nc(-c2ccc(OCCCN3CCCCC3)cc2)c2c(c1=O)CCCC2,tensor([8.8200])
Cn1nc(-c2ccc(OCCCN3CCCCCC3)cc2)c2ccccc2c1=O,tensor([8.8500])
Cn1nc(-c2ccc(OCCCN3CCCC3)cc2)c2ccccc2c1=O,tensor([8.7700])
CC1CCCN1CCCOc1ccc(-c2nn(C)c(=O)c3ccccc23)cc1,tensor([9.1000])
CC1CCCN1CCCOc1ccc(-c2nn(C)c(=O)c3c2CCCC3)cc1,tensor([9.1000])
CC(C)n1nc(-c2ccc(OCCCN3CCCCC3)cc2)c2sccc2c1=O,tensor([8.7200])
Cn1nc(-c2ccc(OCCN3CCCCC3)cc2)c2ccccc2c1=O,tensor([7.0800])
CN(C(=O)c1ccc(Cn2cnc3ccccc32)cc1)C1CCN(C2CCCC2)C1,tensor([7.8200])
Cc1nc2ccccc2n1-c1ccc(C(=O)N(C)C2CCN(C3CCCC3)C2)cc1,tensor([8.4600])
CC(C)N1CCC(N(C)C(=O)c2ccc(Cn3cnc4ccccc43)cc2)C1,tensor([8.4000])
CN(C(=O)c1ccc(Cn2cccn2)cc1)C1CCN(C2CCCC2)C1,tensor([6.6800])
CC(C)N1CCC(N(C)C(=O)c2ccc(-n3cccn3)cc2)C1,tensor([8.1500])
Cc1nc2ccccc2n1-c1ccc(C(=O)N(C)C2CCN(C3CCC3)C2)cc1,tensor([8.1700])
CN(C(=O)c1ccc(-n2cccn2)cc1)C1CCN(C2CCC2)C1,tensor([8.7400])
CN(C(=O)c1ccc(Cn2cccn2)cc1)C1CCN(C2CCC2)C1,tensor([6.8400])
CCCN1CCC(N(C)C(=O)c2ccc(-n3c(C)nc4ccccc43)cc2)C1,tensor([7.7700])
CCN(C(=O)c1ccc(-n2c(C)nc3ccccc32)cc1)C1CCN(C2CCCC2)C1,tensor([7.5800])
Cc1nc2ccccc2n1-c1ccc(C(=O)N(C)C2CCN(C(C)C)C2)cc1,tensor([8.3800])
Cc1nc2ccccc2n1-c1ccc(C(=O)N(C)C2CCN(C)C2)cc1,tensor([6.6000])
CN(C(=O)c1ccc(Cn2cnc3ccccc32)cc1)C1CCN(C2CCC2)C1,tensor([8.1400])
Cc1nc2ccccc2n1-c1ccc(C(=O)N(C)C2CCN(C3CCCCCC3)C2)cc1,tensor([7.5000])
Cc1nc2ccccc2n1Cc1ccc(C(=O)N(C)C2CCN(C(C)C)C2)cc1,tensor([8.8000])
CC(C)N1CCC(N(C)C(=O)c2ccc(Cn3cccn3)cc2)C1,tensor([6.7400])
Cc1nc2ccccc2n1Cc1ccc(C(=O)N(C)C2CCN(C3CCC3)C2)cc1,tensor([8.5700])
Cc1nc2ccccc2n1-c1ccc(C(=O)NC2CCN(C3CCCC3)C2)cc1,tensor([6.7100])
CN(C(=O)c1ccc(-n2cccn2)cc1)C1CCN(C2CCCC2)C1,tensor([8.4400])
CCN(C(=O)c1ccc(-n2c(C)nc3ccccc32)cc1)C1CCN(C2CCC2)C1,tensor([7.8200])
Cc1nc2ccccc2n1-c1ccc(C(=O)NC2CCN(C(C)C)C2)cc1,tensor([6.7600])
CCN1CCC(N(C)C(=O)c2ccc(-n3c(C)nc4ccccc43)cc2)C1,tensor([7.8200])
Cc1nc2ccccc2n1-c1ccc(C(=O)N(C)C2CCN(C3CCCCC3)C2)cc1,tensor([8.3300])
CN(C)C1CCN(c2cc(NCC(C)(C)C)ncn2)C1,tensor([7.2700])
CN1CCN(c2cc(NCC(C)(C)C)ncn2)CC1,tensor([6.0800])
Cc1ccc2cc(-c3ccc(OCCCN4CCCCC4)cc3)cn2c1,tensor([7.5500])
Cc1ccn2cc(-c3ccc(OCCCN4CCCCC4)cc3)cc2c1,tensor([7.4000])
Cc1cc(OCCCN2CCCCC2)ccc1-c1cn2ccccc2c1C,tensor([7.9600])
Cc1cccn2cc(-c3ccc(OCCCN4CCCCC4)cc3)cc12,tensor([7.4000])
Cc1cccc2cc(-c3ccc(OCCCN4CCCCC4)cc3)cn12,tensor([7.3400])
c1ccc(-c2c(-c3ccc(OCCCN4CCCCC4)cc3)cn3ccccc23)cc1,tensor([7.4000])
c1ccn2cc(-c3ccc(OCCCN4CCCCC4)cc3)cc2c1,tensor([7.8900])
c1ccc(CCc2c(-c3ccc(OCCCN4CCCCC4)cc3)cn3ccccc23)cc1,tensor([7.4300])
CCc1c(-c2ccc(OCCCN3CCCCC3)cc2)cc2ccccn12,tensor([8.3000])
CCc1c(-c2ccc(OCCCN3CCCCC3)cc2)cn2ccccc12,tensor([7.7200])
Cc1cc(OCCCN2CCCCC2)ccc1-c1cc2ccccn2c1,tensor([6.8200])
Cc1c(-c2ccc(OCCCN3CCCCC3)cc2)cn2ccccc12,tensor([7.8000])
c1cc(OCCCN2CCCCC2)cc(-c2cc3ccccn3c2)c1,tensor([6.5100])
Cc1c(-c2ccc(OCCCN3CCCCC3)cc2)cc2ccccn12,tensor([8.7000])
c1ccc(-c2cc3ccccn3c2)c(OCCCN2CCCCC2)c1,tensor([6.6300])
CC1CCCN1CCc1ccc(-c2ccc(=O)n(-c3ccc(F)cc3)n2)cc1,tensor([7.8900])
Cn1nc(-c2ccc(CCN3CCCC3)cc2)ccc1=O,tensor([7.0800])
CC1CCCN1CCc1ccc(-c2ccc(=O)n(Cc3ccccc3)n2)cc1,tensor([8.3000])
CC1CCCN1CCc1ccc(-c2ccc(=O)[nH]n2)cc1,tensor([7.5100])
CC1CCCN1CCc1ccc(-c2ccc(=O)n(C)n2)cc1,tensor([8.1500])
CC1CCCN1CCc1ccc(-c2ccc(=O)n(-c3ccc(Cl)cc3)n2)cc1,tensor([8.1000])
CC1CCCN1CCc1ccc(-c2ccc(=O)n(-c3ccccn3)n2)cc1,tensor([7.3300])
CC1CCCN1CCc1ccc(-c2ccc(=O)n(-c3ccccc3)n2)cc1,tensor([7.4700])
Clc1ccc(CN=C(NCc2ccccc2)SCCCc2c[nH]cn2)cc1Cl,tensor([7.4900])
O=[N+]([O-])c1ccc(CN=C(NC2CCCCC2)SCCCc2c[nH]cn2)cc1,tensor([8.9400])
CCCCNC(=NCc1ccc(Cl)c(Cl)c1)SCCCc1c[nH]cn1,tensor([8.3300])
CCCCNC(=NCc1ccc(Cl)cc1)SCCCc1c[nH]cn1,tensor([8.3100])
c1ccc(CNC(=NC2CCCCC2)SCCCc2c[nH]cn2)cc1,tensor([8.0100])
CCCCNC(=NC1CCCC1)SCCCc1c[nH]cn1,tensor([7.3300])
CC(C)(C)NC(=NC1CCCC1)SCCCc1c[nH]cn1,tensor([7.1700])
c1ccc(CNC(=NC2CCCC2)SCCCc2c[nH]cn2)cc1,tensor([7.3700])
N#Cc1ccc(CN=C(NC2CCCCC2)SCCCc2c[nH]cn2)cc1,tensor([8.7900])
c1nc(CCCSC(=NC2CCCC2)NC2CCCCC2)c[nH]1,tensor([7.7300])
Clc1ccc(CNC(=NC2CCCCC2)SCCCc2c[nH]cn2)cc1,tensor([8.9800])
Clc1ccc(CN=C(NC2CCCCC2)SCCCc2c[nH]cn2)cc1Cl,tensor([8.9900])
CC1CCCN1CCCOc1ccc(-c2cccn(C)c2=O)cc1,tensor([7.7500])
CC1CCCN1CCCOc1ccc(-c2ccn(C)c(=O)c2)cc1,tensor([8.4900])
CC1CCCN1CCCOc1ccc(-c2cn(C)c(=O)c3ccccc23)cc1,tensor([9.0500])
CC1CCCN1CCCOc1ccc(-c2ccc(=O)n(-c3ccc(F)cc3)c2)cc1,tensor([8.3300])
CC1CCCN1CCCOc1ccc(-c2cc(C#N)c(=O)n(C)c2)cc1,tensor([8.4700])
CC1CCCN1CCCOc1ccc(-c2ccc(=O)[nH]c2)cc1,tensor([8.1100])
CC1CCCN1CCCOc1ccc(-c2ccc(=O)n(Cc3ccccc3)c2)cc1,tensor([8.7000])
CC1CCCN1CCCOc1ccc(-c2ccc(=O)n(-c3ccccc3)c2)cc1,tensor([8.7400])
CC1CCCN1CCCOc1ccc(-c2cc(-c3ccccc3)c(=O)n(C)c2)cc1,tensor([8.4600])
CC1CCCN1CCCOc1cccc(-c2ccc(=O)n(C)c2)c1,tensor([6.9500])
CC1CCCN1CCCOc1ccc(-c2ccc(=O)n(C)c2)cc1,tensor([9.1500])
CC1CCCN1CCCOc1ccc(-c2cccc(=O)n2C)cc1,tensor([8.3100])
c1ccc2c(c1)nc1n(CCN3CCCCC3)cnn21,tensor([6.2200])
c1cc2c(cc1OCC1CCCO1)CCC1(CCN(C3CCC3)CC1)O2,tensor([7.8000])
c1cc2c(cc1OCC1CCSCC1)CCC1(CCN(C3CCC3)CC1)O2,tensor([7.9200])
CCC(O)COc1ccc2c(c1)CCC1(CCN(C3CCC3)CC1)O2,tensor([7.8200])
CC(C)(O)COc1ccc2c(c1)CCC1(CCN(C3CCC3)CC1)O2,tensor([7.7500])
CS(=O)(=O)CCOc1ccc2c(c1)CCC1(CCN(C3CCC3)CC1)O2,tensor([7.4100])
O=S1(=O)CCC(COc2ccc3c(c2)CCC2(CCN(C4CCC4)CC2)O3)CC1,tensor([8.4000])
OCCOc1ccc2c(c1)CCC1(CCN(C3CCC3)CC1)O2,tensor([6.9000])
O=S1(=O)CCC(Oc2ccc3c(c2)CCC2(CCN(C4CCC4)CC2)O3)CC1,tensor([8.1500])
CSCCOc1ccc2c(c1)CCC1(CCN(C3CCC3)CC1)O2,tensor([7.4200])
CC(O)COc1ccc2c(c1)CCC1(CCN(C3CCC3)CC1)O2,tensor([7.6000])
c1cc2c(cc1OC1CCSC1)CCC1(CCN(C3CCC3)CC1)O2,tensor([7.7700])
CS(=O)(=O)CCCOc1ccc2c(c1)CCC1(CCN(C3CCC3)CC1)O2,tensor([8.])
COCCOc1ccc2c(c1)CCC1(CCN(C3CCC3)CC1)O2,tensor([7.3800])
CSCCCOc1ccc2c(c1)CCC1(CCN(C3CCC3)CC1)O2,tensor([7.8200])
c1cc2c(cc1OC1CCOCC1)CCC1(CCN(C3CCC3)CC1)O2,tensor([7.8200])
c1cc2c(cc1OC1CCSCC1)CCC1(CCN(C3CCC3)CC1)O2,tensor([7.6400])
O=S1(=O)CCC(Oc2ccc3c(c2)CCC2(CCN(C4CCC4)CC2)O3)C1,tensor([7.6400])
COCCCS(=O)(=O)c1ccc(-c2ccc(CCN3CCCC3C)cc2)cc1,tensor([8.3800])
CN1CCN(c2nc(N)nc3cc(-c4ccco4)ccc23)CC1,tensor([7.0100])
CN1CCN(c2nc(N)nc3cc(-c4ccoc4)ccc23)CC1,tensor([6.7300])
CN1CCN(c2nc(N)nc3cc(-c4ccsc4)ccc23)CC1,tensor([7.2000])
CCCCC(c1ccc(-c2ccc(C)cc2)cc1)N1CCCCC1,tensor([4.8700])
CN(C)C(Cc1ccccc1)c1ccc(-c2ccc(CN3CCCCC3)cc2)cc1,tensor([7.7800])
COCCCC(c1ccc(-c2ccc(CN3CCCCC3)cc2)cc1)N1CCCC1C,tensor([9.0600])
c1ccc(CC(c2ccc(-c3ccc(CN4CCCCC4)cc3)cc2)N2CCCCC2)cc1,tensor([7.7200])
CCCCC(c1ccc(-c2ccc(CN3CCCCC3)cc2)cc1)N1CCCCC1C,tensor([8.6100])
COc1ccc(OCCCC(c2ccc(-c3ccc(CN4CCCCC4)cc3)cc2)N2CCCC2C)cc1,tensor([8.9000])
CCCCC(c1ccc(-c2ccc(CN3CCCCC3)cc2)cc1)N1CCCC1C,tensor([8.9000])
CCCCCc1ccc(-c2ccc(CN3CCCCC3)cc2)cc1,tensor([4.8900])
CCCCC(c1ccc(-c2ccc(CN3CCCCC3)cc2)cc1)N1CCCCC1,tensor([8.8900])
CC1CCCN1Cc1ccc(-c2ccc(CN3CCCCC3)cc2)cc1,tensor([9.1800])
CC1CCCN1C(CCCOc1ccccc1)c1ccc(-c2ccc(CN3CCCCC3)cc2)cc1,tensor([9.2900])
CC1CCCN1Cc1ccc(-c2ccc(C(Cc3ccccc3)N3CCCCC3)cc2)cc1,tensor([8.2500])
CC1CCCN1CCCOc1ccc(C2=NNC(=O)C(c3ccccn3)C2)cc1,tensor([8.0600])
CC1CCCN1CCCOc1ccc(C2=NN(C)C(=O)CC2)cc1,tensor([8.3000])
CC1CCCN1CCCOc1ccc(C2=NN(CC(F)(F)F)C(=O)CC2)cc1,tensor([8.3000])
CC1CC(=O)NN=C1c1ccc(OCCCN2CCCC2C)cc1,tensor([8.3300])
O=C1CCC(c2ccc(OCCCN3CCCC3)cc2)=NN1,tensor([7.1300])
O=C1CCC(c2ccc(OCCCN3CCCCC3)cc2)=NN1CC(F)(F)F,tensor([7.4200])
CC1CCCN1CCCOc1ccc(C2=NNC(=O)CC2c2ccccn2)cc1,tensor([8.])
CC1CCCN1CCCOc1ccc(C2=NN(c3ccccc3)C(=O)CC2)cc1,tensor([8.])
CC1CCCN1CCCOc1ccc(C2=NN(C(C)C)C(=O)CC2)cc1,tensor([8.0500])
CC1CC(c2ccc(OCCCN3CCCC3C)cc2)=NNC1=O,tensor([8.7200])
CC1CCCN1CCCOc1ccc(C2=NNC(=O)C(C)(C)C2)cc1,tensor([8.3700])
CC1CCCN1CCCOc1ccc(C2=NNC(=O)CC2(C)C)cc1,tensor([7.7000])
CC1CCCN1CCCOc1ccc(C2=NN(Cc3ccccc3)C(=O)CC2)cc1,tensor([8.7000])
CC1CC(=O)NN=C1c1ccc(OCCCN2CCCC2)cc1,tensor([7.0800])
CC1CCCN1CCCOc1ccc(C2=NN(c3ccccn3)C(=O)CC2)cc1,tensor([7.9200])
CC1CCCN1CCCOc1ccc(C2=NNC(=O)CC2)cc1,tensor([8.4900])
CC1CC(=O)NN=C1c1ccc(OCCCN2CCCCC2)cc1,tensor([7.6800])
CN1CC2CN(C(=N)c3nc4ccccc4[nH]3)CC2C1,tensor([5.4200])
CN1CC2CN(C(=N)c3nc4cc(F)ccc4[nH]3)CC2C1,tensor([5.9200])
CN1CC2CN(C(=O)c3nc4cc(F)ccc4[nH]3)CC2C1,tensor([4.8100])
CN1CC2CN(C(=O)c3cc4cc(Cl)ccc4[nH]3)CC2C1,tensor([5.0600])
CN1CCN(C(=O)c2cn3cc(Cl)ccc3n2)CC1,tensor([4.5400])
CN1CCN(C(=O)c2cc3cccnc3[nH]2)CC1,tensor([4.4400])
Cc1cccnc1-n1nc(C)c(-c2ccc(OC3CCN(C4CCC4)CC3)cc2)cc1=O,tensor([8.2200])
Cc1nn(-c2ccccn2)c(=O)cc1-c1ccc(OC2CCN(C3CCC3)CC2)cc1,tensor([8.5200])
O=c1cc(-c2ccc(OC3CCN(C4CCC4)CC3)cc2)cn[nH]1,tensor([8.7000])
Cc1n[nH]c(=O)cc1-c1ccc(OC2CCN(C3CCC3)CC2)cc1,tensor([8.3000])
Cc1cccc(-n2nc(C)c(-c3ccc(OC4CCN(C5CCC5)CC4)cc3)cc2=O)n1,tensor([8.4000])
Cc1nn(-c2ccsc2)c(=O)cc1-c1ccc(OC2CCN(C3CCC3)CC2)cc1,tensor([8.5200])
Cc1nn(C)c(=O)cc1-c1ccc(OC2CCN(C3CCC3)CC2)cc1,tensor([8.4000])
CC1(C)CC(c2ccc(OC3CCN(C4CCC4)CC3)nc2)=NNC1=O,tensor([7.9200])
CC1(C)CC(c2ccc(OC3CCN(C4CCC4)CC3)cc2)=NNC1=O,tensor([8.5700])
O=C1CCC(c2ccc(OC3CCN(C4CCC4)CC3)cc2)=NN1,tensor([8.4300])
CC1CC(=O)NN=C1c1ccc(OC2CCN(C3CCC3)CC2)cc1,tensor([8.2500])
Cn1nc(-c2ccc(OC3CCN(C4CCCC4)CC3)nc2)ccc1=O,tensor([8.2300])
O=c1ccc(-c2ccc(OC3CCN(C4CCCC4)CC3)cc2)n[nH]1,tensor([8.2900])
CC1(C)CC(c2ccc(OC3CCN(C4CCC4)CC3)c(F)c2)=NNC1=O,tensor([8.1500])
O=c1ccc(-c2ccc(OC3CCN(C4CCCC4)CC3)nc2)n[nH]1,tensor([7.5800])
CC(C)N1CCC(Oc2ccc(-c3ccc(=O)n(C)n3)cc2)CC1,tensor([8.0400])
O=c1ccc(-c2ccc(OC3CCN(C4CCC4)CC3)cc2)n[nH]1,tensor([8.7200])
O=c1ccc(-c2ccc(OC3CCN(C4CCC4)CC3)cc2)nn1-c1ccccn1,tensor([8.0100])
O=c1ccc(-c2ccc(OC3CCN(C4CCC4)CC3)nc2)n[nH]1,tensor([8.2000])
Cn1nc(-c2ccc(OC3CCNCC3)cc2)ccc1=O,tensor([6.1600])
O=c1ccc(-c2ccc(OC3CCN(C4CCC4)CC3)nc2)nn1-c1ccccn1,tensor([7.4700])
CC(C)N1CCC(Oc2ccc(-c3ccc(=O)[nH]n3)cn2)CC1,tensor([7.8200])
Cn1nc(-c2ccc(OC3CCN(C4CCC4)CC3)nc2)ccc1=O,tensor([8.7400])
Cc1cc(=O)[nH]nc1-c1ccc(OC2CCN(C3CCC3)CC2)cc1,tensor([8.3600])
CC1CCCN1CCCOc1ccc(C(=O)CN2CCOCC2)cc1,tensor([8.2700])
Cc1cc(OCCCN2CCCC2C)ccc1C(=O)CN1CCOCC1,tensor([7.7200])
O=C(CN1CCOCC1)c1ccc(OCCCN2CCCCC2)cc1,tensor([7.1800])
O=C(CN1CCCCC1)c1ccc(OCCCN2CCCC2)cc1,tensor([7.5000])
CC1CCCN1CCCOc1ccc(C(=O)C(C)(C)N2CCOCC2)cc1,tensor([8.0500])
O=C(CN1CCOCC1)c1ccc(OCCCN2CCCC2)cc1,tensor([6.9700])
CC1CN(CC(=O)c2ccc(OCCCN3CCCC3C)cc2)CC(C)O1,tensor([8.])
CC1CCCN1CCCOc1ccc(C(=O)C(C)N2CCOCC2)cc1,tensor([8.1000])
COCC1CCCN1CCCOc1ccc(C(=O)CN2CCOCC2)cc1,tensor([5.9300])
c1cncc(-c2cnc3nc(N4CCC(N5CCCCC5)CC4)oc3c2)c1,tensor([7.0200])
Cc1cccc(-c2cnc3nc(N4CCC(N5CCCCC5)CC4)oc3c2)n1,tensor([7.8200])
O=c1ccnc2ccc(-c3cnc4nc(N5CCC(N6CCCCC6)CC5)oc4c3)cn12,tensor([6.9200])
O=c1ccnc2c(-c3cnc4nc(N5CCC(N6CCCCC6)CC5)oc4c3)cccn12,tensor([7.6000])
COc1cc(-c2cnc3nc(N4CCC(N5CCCCC5)CC4)oc3c2)ccn1,tensor([7.3700])
OCc1cccc(-c2cnc3nc(N4CCC(N5CCCCC5)CC4)oc3c2)c1,tensor([6.6000])
Nc1ccc(-c2cnc3nc(N4CCC(N5CCCCC5)CC4)oc3c2)cn1,tensor([6.5600])
N#Cc1cncc(-c2cnc3nc(N4CCC(N5CCCCC5)CC4)oc3c2)c1,tensor([6.6000])
CC(=O)Nc1cnc2nc(N3CCC(N4CCCCC4)CC3)oc2c1,tensor([6.1800])
c1cc2c(c(-c3cnc4nc(N5CCC(N6CCCCC6)CC5)oc4c3)c1)OCCO2,tensor([6.9300])
Fc1ccc(-c2cnc3nc(N4CCC(N5CCCCC5)CC4)oc3c2)cn1,tensor([7.1600])
c1ccc(-c2cnc3nc(N4CCC(N5CCCCC5)CC4)oc3c2)nc1,tensor([7.3300])
Cc1cccnc1-c1cnc2nc(N3CCC(N4CCCCC4)CC3)oc2c1,tensor([7.8200])
NC(=O)c1ccc(-c2cnc3nc(N4CCC(N5CCCCC5)CC4)oc3c2)cc1,tensor([6.5400])
Clc1cccc(-c2cnc3nc(N4CCC(N5CCCCC5)CC4)oc3c2)n1,tensor([7.4300])
Brc1cnc2nc(N3CCC(N4CCCCC4)CC3)oc2c1,tensor([5.4000])
COc1ccnc2c(-c3cnc4nc(N5CCC(N6CCCCC6)CC5)oc4c3)cccc12,tensor([7.1000])
Cc1nnc2ccc(-c3cnc4nc(N5CCC(N6CCCCC6)CC5)oc4c3)cn12,tensor([7.4800])
CC(=O)Nc1ccccc1-c1cnc2nc(N3CCC(N4CCCCC4)CC3)oc2c1,tensor([5.8200])
O=C1Cc2cc(-c3cnc4nc(N5CCC(N6CCCCC6)CC5)oc4c3)ccc2N1,tensor([6.9600])
FC(F)(F)c1cccc(-c2cnc3nc(N4CCC(N5CCCCC5)CC4)oc3c2)n1,tensor([6.8400])
c1cn2c(-c3cnc4nc(N5CCC(N6CCCCC6)CC5)oc4c3)cnc2cn1,tensor([7.7500])
O=Cc1cccc(-c2cnc3nc(N4CCC(N5CCCCC5)CC4)oc3c2)c1,tensor([7.2400])
COc1cccc(-c2cnc3nc(N4CCC(N5CCCCC5)CC4)oc3c2)n1,tensor([7.6400])
c1cnc(N2CCC(c3cnc4nc(N5CCC(N6CCCCC6)CC5)oc4c3)CC2)nc1,tensor([6.4500])
c1cnc2c(-c3cnc4nc(N5CCC(N6CCCCC6)CC5)oc4c3)cccc2c1,tensor([7.4600])
Cc1cc(-c2cnc3nc(N4CCC(N5CCCCC5)CC4)oc3c2)ccn1,tensor([6.7100])
CC(=O)Nc1ccc(-c2cnc3nc(N4CCC(N5CCCCC5)CC4)oc3c2)cc1,tensor([6.6300])
N#Cc1cc(-c2cnc3nc(N4CCC(N5CCCCC5)CC4)oc3c2)ccc1F,tensor([7.4400])
O=c1nc[nH]c2cc(-c3cnc4nc(N5CCC(N6CCCCC6)CC5)oc4c3)ccc12,tensor([6.8200])
CC1CCCN1c1cnc2nc(N3CCC(N4CCCCC4)CC3)oc2c1,tensor([6.8200])
c1ccc2c(c1)CN(c1cnc3nc(N4CCC(N5CCCCC5)CC4)oc3c1)C2,tensor([6.5800])
C=Cc1cnc2nc(N3CCC(N4CCCCC4)CC3)oc2c1,tensor([6.4300])
c1cc(-c2cnc3nc(N4CCC(N5CCCCC5)CC4)oc3c2)ccn1,tensor([7.4300])
c1cnc2nc(N3CCC(N4CCCCC4)CC3)oc2c1,tensor([5.9200])
c1cc(-c2cnc3nc(N4CCC(N5CCCCC5)CC4)oc3c2)n2nccc2c1,tensor([8.4000])
CCc1cccc(-c2cnc3nc(N4CCC(N5CCCCC5)CC4)oc3c2)n1,tensor([7.1000])
CC(=O)N1CCC(Oc2ccc3c(c2)CCC2(CCN(C4CCC4)CC2)O3)CC1,tensor([8.4000])
O=S(=O)(C1CC1)N1CCC(Oc2ccc3c(c2)CCC2(CCN(C4CCC4)CC2)O3)CC1,tensor([8.0500])
CS(=O)(=O)N1CCC(Oc2ccc3c(c2)CCC2(CCN(C4CCC4)CC2)O3)CC1,tensor([8.1500])
c1cc2c(cc1OC1CCNCC1)CCC1(CCN(C3CCC3)CC1)O2,tensor([8.5200])
O=C(C1CC1)N1CCC(Oc2ccc3c(c2)CCC2(CCN(C4CCC4)CC2)O3)CC1,tensor([8.2200])
CCS(=O)(=O)N1CCC(Oc2ccc3c(c2)CCC2(CCN(C4CCC4)CC2)O3)CC1,tensor([8.1500])
CC(C)S(=O)(=O)N1CCC(Oc2ccc3c(c2)CCC2(CCN(C4CCC4)CC2)O3)CC1,tensor([8.1500])
CC(C)C(=O)N1CCC(Oc2ccc3c(c2)CCC2(CCN(C4CCC4)CC2)O3)CC1,tensor([8.7000])
CC1CCCN1CCc1cc2cc(C(=O)c3ccc([N+](=O)[O-])cc3)ccc2o1,tensor([9.4000])
CNC(=O)c1ccc(-c2ccc3c(c2)CCN(CCN2CCCC2)C3=O)c(F)c1,tensor([8.7700])
CC(C)NC(=O)c1ccc(-c2ccc3c(c2)CCN(CCN2CCCC2)C3=O)cc1,tensor([8.7200])
N#Cc1ccc(-c2ccc3c(c2)CCN(CCCN2CCCCC2)C3=O)cc1,tensor([7.7500])
NC(=O)c1ccc(-c2ccc3c(c2)CCN(CCN2CCCC2)C3=O)cc1,tensor([8.2200])
O=C1c2ccc(-c3cc(F)cc(F)c3)cc2CCN1CCN1CCCC1,tensor([8.0500])
CC1CCCN1CCN1CCc2cc(-c3ccc(C(=O)N4CCCC4)cc3)ccc2C1=O,tensor([9.7000])
O=C1c2ccc(-c3ccncc3)cc2CCN1CCN1CCCC1,tensor([8.1100])
O=C1c2ccc(-c3ccc(F)cc3F)cc2CCN1CCN1CCCC1,tensor([8.0900])
CC1CCCN1CCN1CCc2c(cccc2-c2ccc(C#N)cc2)C1=O,tensor([7.6600])
O=C1c2ccc(-c3ccc(F)cc3)cc2CCN1CCN1CCCCC1,tensor([8.1100])
N#Cc1ccc(-c2ccc3c(c2)CCN(CCCN2CCCC2)C3=O)cc1,tensor([8.1600])
O=C(NC1CCC1)c1ccc(-c2ccc3c(c2)CCN(CCN2CCCC2)C3=O)cc1,tensor([8.6800])
O=C1c2ccc(-c3ccc(F)c(F)c3)cc2CCN1CCN1CCCC1,tensor([8.1100])
O=C(NC1CCCC1)c1ccc(-c2ccc3c(c2)CCN(CCN2CCCC2)C3=O)cc1,tensor([8.7200])
O=C(c1ccc(-c2ccc3c(c2)CCN(CCN2CCCC2)C3=O)cc1)C1CC1,tensor([8.2200])
O=C1c2ccc(-c3cccc(C(F)(F)F)c3)cc2CCN1CCN1CCCC1,tensor([8.1900])
O=C(c1ccc(-c2ccc3c(c2)CCN(CCN2CCCC2)C3=O)cc1Cl)N1CCCC1,tensor([8.8000])
O=C(c1ccc(-c2ccc3c(c2)CCN(CCN2CCCC2)C3=O)cc1F)N1CCCC1,tensor([8.8900])
O=C1c2ccc(-c3ccc(F)cc3)cc2CCN1CCN1CCCCCC1,tensor([8.2400])
O=C1c2ccc(-c3ccccc3)cc2CCN1CCN1CCCC1,tensor([7.9400])
CC1CCCN1CCN1CCc2cc(Oc3ccc(C#N)nc3)ccc2C1=O,tensor([9.5200])
O=C(c1ccc(-c2ccc3c(c2)CCN(CCN2CCCC2)C3=O)cc1)N1CCCC1,tensor([8.6200])
O=C1c2ccc(-c3ccc(OC(F)(F)F)cc3)cc2CCN1CCN1CCCC1,tensor([7.8300])
O=C1c2ccc(-c3ccccc3F)cc2CCN1CCN1CCCC1,tensor([7.8500])
CCNC(=O)c1ccc(-c2ccc3c(c2)CCN(CCN2CCCC2C)C3=O)cc1,tensor([9.])
O=C(NC1CC1)c1ccc(-c2ccc3c(c2)CCN(CCN2CCCC2)C3=O)cc1,tensor([8.5700])
CNC(=O)c1ccc(-c2ccc3c(c2)CCN(CCN2CCCC2C)C3=O)cc1,tensor([9.])
N#Cc1ccc(-c2ccc3c(c2)CCN(CCN2CCCC2)C3=O)cc1,tensor([8.4100])
O=C1c2ccc(-c3ccc(F)cc3)cc2CCN1CCN1CCCC1,tensor([7.9600])
O=C1c2ccc(-c3cccc(OC(F)(F)F)c3)cc2CCN1CCN1CCCC1,tensor([7.5500])
CN(C)C(=O)c1ccc(-c2ccc3c(c2)CCN(CCN2CCCC2)C3=O)cc1,tensor([9.0500])
CC1CCCN1CCN1CCc2cc(-c3ccc(C#N)cc3)ccc2C1=O,tensor([9.1000])
O=C1c2ccc(-n3cnc4ccccc43)cc2CCN1CCN1CCCC1,tensor([9.1000])
N#Cc1cccc(-c2ccc3c(c2)CCN(CCN2CCCC2)C3=O)c1,tensor([8.4700])
CN(C)C(=O)c1ccc(-c2ccc3c(c2)CCN(CCN2CCCC2)C3=O)c(F)c1,tensor([8.5100])
CC1CCCN1CCN1CCc2cc(Oc3ccc(C#N)cc3)ccc2C1=O,tensor([9.2200])
O=C1c2ccc(-c3cccc(F)c3)cc2CCN1CCN1CCCC1,tensor([7.9400])
O=C(c1ccc(-c2ccc3c(c2)CCN(CCN2CCCC2)C3=O)c(F)c1)N1CCCC1,tensor([8.4900])
CCNC(=O)c1ccc(-c2ccc3c(c2)CCN(CCN2CCCC2)C3=O)cc1,tensor([8.9200])
CC1CCCN1CCN1Cc2c(cccc2-c2ccc(C#N)cc2)C1=O,tensor([7.6200])
O=C1c2ccc(-c3ccc(C(F)(F)F)cc3)cc2CCN1CCN1CCCC1,tensor([8.0300])
CC1CCCN1CCN1CCc2cc(Oc3ccc(C#N)cn3)ccc2C1=O,tensor([8.9200])
O=C1CC2CCc3cc(OC4CCN(C5CCC5)CC4)ccc3C2=NN1,tensor([7.7700])
CC1CCCN1CCCOc1ccc2c(c1)CCC1CC(=O)NN=C21,tensor([7.8200])
CC1CCCN1CCCOc1ccc2c(c1)CCc1n[nH]c(=O)cc1-2,tensor([8.2100])
CC1CCCN1CCCOc1ccc2c(c1)CCc1cc(=O)n(C(C)C)nc1-2,tensor([8.3800])
CC1CCCN1CCCOc1ccc2c(c1)CCc1cc(=O)[nH]nc1-2,tensor([8.3700])
CC1CCCN1CCCOc1ccc2c(c1)CCc1cc(=O)n(-c3ccccc3)nc1-2,tensor([7.8000])
CC1CCCN1CCCOc1ccc2c(c1)CCc1cc(=O)n(C)nc1-2,tensor([8.4400])
O=c1cc2c(nn1Cc1ccccc1)-c1ccc(OCCCN3CCCCC3)cc1CC2,tensor([6.9800])
COCn1ncc(-c2ccc(OCCCN3CCCC3C)cc2)cc1=O,tensor([8.4000])
CC(COc1ccc(-c2cn[nH]c(=O)c2)cc1)CN1CCCCC1,tensor([7.6000])
COc1cn[nH]c(=O)c1-c1ccc(OCCCN2CCCC2C)cc1,tensor([7.7000])
COCn1ncc(-c2ccc(OCCCN3CCCC3C)cc2)c(OC)c1=O,tensor([8.3000])
COCn1ncc(OC)c(-c2ccc(OCCCN3CCCC3C)cc2)c1=O,tensor([8.])
CC(COc1ccc(-c2cn[nH]c(=O)c2)cc1)CN1CCCC1C,tensor([8.5200])
CC1CCCN1CCCOc1ccc(C(=O)CN2CCN(C(=O)Oc3ccc(F)cc3)CC2)cc1,tensor([8.5200])
CC1CCCN1CCCOc1ccc(C(=O)CN2CCCC(F)(F)C2)cc1,tensor([8.0500])
CC(C)COC(=O)N1CCN(CC(=O)c2ccc(OCCCN3CCCC3C)cc2)CC1,tensor([8.3400])
CCOC(=O)N1CCN(CC(=O)c2ccc(OCCCN3CCCC3C)cc2)CC1,tensor([8.4000])
CC(=O)N1CCN(CC(=O)c2ccc(OCCCN3CCCC3C)cc2)CC1,tensor([8.5500])
CC1CCCN1CCCOc1ccc(C(=O)CN2CCN(C(=O)c3cccn3C)CC2)cc1,tensor([9.0500])
CC1CCCN1CCCOc1ccc(C(=O)CN2CCN(C(=O)Oc3ccccc3)CC2)cc1,tensor([8.4100])
CC1CCCN1CCCOc1ccc(C(=O)CN2CCC(F)(F)C2)cc1,tensor([8.4700])
CC1CCCN1CCCOc1ccc(C(=O)CN2CCN(C(=O)c3ccco3)CC2)cc1,tensor([8.7000])
CC1CCCN1CCCOc1ccc(C(=O)CN2CCN(S(C)(=O)=O)CC2)cc1,tensor([8.4700])
CC1CCCN1CCCOc1ccc(C(=O)CN2CCC(C(F)(F)F)CC2)cc1,tensor([8.6000])
CC1CCCN1CCCOc1ccc(C(=O)CN2CCC(F)(F)CC2)cc1,tensor([7.9600])
CC1CCCN1CCCOc1ccc(C(=O)CN2CCC(C#N)CC2)cc1,tensor([8.2000])
CC1CCCN1CCCOc1ccc(C(=O)CN2CCN(C(=O)c3cc4ccccc4s3)CC2)cc1,tensor([8.9200])
CC1CCCN1CCCOc1ccc(C(=O)CN2CCN(C(=O)c3ccccc3)CC2)cc1,tensor([8.7200])
CC1CCCN1CCCOc1ccc(C(=O)CN2CCN(C(=O)c3ccc(F)cc3)CC2)cc1,tensor([9.2200])
CC1CCCN1CCCOc1ccc(C(=O)CN2CCN(C(=O)C(F)(F)F)CC2)cc1,tensor([8.6800])
CC1CCCN1CCCOc1ccc(C(=O)CN2CCN(C(=O)c3cccs3)CC2)cc1,tensor([8.3800])
COC(=O)N1CCN(CC(=O)c2ccc(OCCCN3CCCC3C)cc2)CC1,tensor([8.4900])
OC1CCCN(c2nnc(N3CCC(N4CCCCC4)CC3)s2)C1,tensor([7.3400])
CC1CN(c2nnc(N3CCC(N4CCCCC4)CC3)s2)CC(C)O1,tensor([7.2800])
OC1(c2ccccn2)CCCN(c2nnc(N3CCC(N4CCCCC4)CC3)s2)C1,tensor([7.2800])
COC1CCCN(c2nnc(N3CCC(N4CCCCC4)CC3)s2)C1,tensor([7.4300])
FC1(F)CCN(c2nnc(N3CCC(N4CCCCC4)CC3)s2)C1,tensor([7.2100])
c1ccc(C2CN(c3nnc(N4CCC(N5CCCCC5)CC4)s3)CCO2)nc1,tensor([8.5200])
O=C1N(c2nnc(N3CCC(N4CCCCC4)CC3)s2)CCN1C1CCCC1,tensor([7.4700])
FC1(F)CCN(c2nnc(N3CCC(N4CCCCC4)CC3)s2)CC1,tensor([7.8200])
COC1(c2ccccn2)CCCN(c2nnc(N3CCC(N4CCCCC4)CC3)s2)C1,tensor([7.9600])
O=C1N(c2ccccc2)CCCN1c1nnc(N2CCC(N3CCCCC3)CC2)s1,tensor([7.5200])
C1=C(c2ccccn2)CCCN1c1nnc(N2CCC(N3CCCCC3)CC2)s1,tensor([8.5200])
C1=C(c2ccccn2)CN(c2nnc(N3CCC(N4CCCCC4)CC3)s2)CC1,tensor([7.9200])
FC1(c2ccccn2)CCCN(c2nnc(N3CCC(N4CCCCC4)CC3)s2)C1,tensor([8.4000])
C1=C(c2ncccn2)CN(c2nnc(N3CCC(N4CCCCC4)CC3)s2)CC1,tensor([7.8500])
FC1CCCN(c2nnc(N3CCC(N4CCCCC4)CC3)s2)C1,tensor([7.1800])
c1cnc(C2CN(c3nnc(N4CCC(N5CCCCC5)CC4)s3)CCO2)cn1,tensor([8.1000])
OC1(c2ncccn2)CCCN(c2nnc(N3CCC(N4CCCCC4)CC3)s2)C1,tensor([7.1700])
c1ccc(C2CCCN(c3nnc(N4CCC(N5CCCCC5)CC4)s3)C2)cc1,tensor([7.1200])
O=C1CCCCN1c1nnc(N2CCC(N3CCCCC3)CC2)s1,tensor([6.9200])
CCCCN1CCCC1Cn1nc(Cc2ccc(Cl)cc2)c2cnccc2c1=O,tensor([6.2000])
O=c1c2ccncc2c(Cc2ccc(Cl)cc2)nn1CC1CCCN1CCCCc1ccc(OCCCN2CCCCCC2)cc1,tensor([9.2500])
CN1CCCC1Cn1nc(Cc2ccc(Cl)cc2)c2ccncc2c1=O,tensor([6.4000])
CCCCN1CCCC1Cn1nc(Cc2ccc(Cl)cc2)c2ccccc2c1=O,tensor([6.3600])
CN1CCCC1Cn1nc(Cc2ccc(Cl)cc2)c2ncccc2c1=O,tensor([6.5000])
CN1CCCC1Cn1nc(Cc2ccc(Cl)cc2)c2cnccc2c1=O,tensor([6.4000])
CN1CCCC1Cn1nc(Cc2ccc(Cl)cc2)c2nccnc2c1=O,tensor([6.2000])
COCCN1CCCC1Cn1nc(Cc2ccc(Cl)cc2)c2ncccc2c1=O,tensor([6.2000])
COCCN1CCCC1Cn1nc(Cc2ccc(Cl)cc2)c2cccnc2c1=O,tensor([6.2000])
CCCCN1CCCC1Cn1nc(Cc2ccc(Cl)cc2)c2ncccc2c1=O,tensor([6.2000])
CN1CCCC1Cn1nc(Cc2ccc(Cl)cc2)c2cccnc2c1=O,tensor([6.6000])
CCCCN1CCCC1Cn1nc(Cc2ccc(Cl)cc2)c2cccnc2c1=O,tensor([6.2000])
COCCN1CCCC1Cn1nc(Cc2ccc(Cl)cc2)c2cnccc2c1=O,tensor([6.2000])
CC(C)N1CCCN(C(=O)C2CCN(c3ccc(C(F)(F)F)nc3)CC2)CC1,tensor([9.5000])
N#Cc1ccc(-c2ccc(OCCCN3CCCN(C(=O)C(Cc4cscn4)NC(=O)c4ccco4)CC3)cc2)cc1,tensor([8.8000])
CC1CCCN1CCc1ccc2cc(-n3ncccc3=O)ccc2c1,tensor([9.1000])
CC1(C)CCCN(CCCOc2ccc(C3CCN(C(=O)c4ccc(CCC(=O)O)c5ccccc45)CC3)cc2)C1,tensor([7.3000])
CC1CCCN1CCc1cc2cc(-c3cn[nH]c3)ccc2o1,tensor([9.3000])
CS(=O)(=O)c1ccc(C(=O)N2CCN(c3ccc(OC4CCN(C5CCC5)CC4)cc3)CC2)cc1,tensor([9.5000])
CCNC(=O)C1CC(F)(c2ccc(CN3CCCC3)c(F)c2)C1,tensor([8.6400])
CC(C)CNC(=O)C1CC(F)(c2ccc(CN3CCCC3)c(F)c2)C1,tensor([8.8500])
CC(=O)N(C)CC1CC(c2ccc(CN3CCCC3)c(Cl)c2)C1,tensor([7.8900])
CCN(C)C(=O)C1CC(c2ccc(CN3CCCC3)c(F)c2)C1,tensor([8.4000])
c1cnc(OCC2CC(c3ccc(CN4CCCC4)cc3)C2)nc1,tensor([8.0600])
c1cc(C2CC(CN3CCOCC3)C2)ccc1CN1CCCC1,tensor([8.6600])
COc1ccccc1N1CCN(Cc2cc(CN3CCN(C)CC3)c3cccccc2-3)CC1,tensor([5.2600])
CN1CCN(c2cc(N)nc(N)n2)CC1,tensor([5.9700])
Nc1nc(N2CCNCC2)c2cc(-c3ccc(F)cc3)[nH]c2n1,tensor([4.0700])
CC1=CC(C)=[N+]2C1=C(c1ccc(OCCCN3CCCCC3)cc1)c1c(C)cc(C)n1[B-]2(F)F,tensor([8.1900])
OC1CCC(Cc2ccc(OCCCN3CCCCC3)cc2)CC1,tensor([8.7200])
OCCc1ccc(OCCCN2CCCCC2)cc1,tensor([7.5000])
OCc1ccc(OCCCN2CCCCC2)cc1,tensor([7.6400])
OC1(c2ccc(OCCCN3CCCCC3)cc2)CCCC1,tensor([9.0900])
C=CC(O)c1ccc(OCCCN2CCCCC2)cc1,tensor([8.0700])
CCC(O)(CC)c1ccc(OCCCN2CCCCC2)cc1,tensor([8.8500])
CCCC(O)(CCC)c1ccc(OCCCN2CCCCC2)cc1,tensor([9.1300])
OC1CCC(c2ccc(OCCCN3CCCCC3)cc2)CC1,tensor([8.5900])
OC(c1ccc(OCCCN2CCCCC2)cc1)C1CCCCC1,tensor([8.5400])
C=CCC(O)(CC=C)c1ccc(OCCCN2CCCCC2)cc1,tensor([9.2700])
OCC#Cc1ccc(OCCCN2CCCCC2)cc1,tensor([7.8200])
CC(O)CCc1ccc(OCCCN2CCCCC2)cc1,tensor([8.4800])
OC(c1ccc(OCCCN2CCCCC2)cc1)C1CCOCC1,tensor([7.8900])
OC1(c2ccc(OCCCN3CCCCC3)cc2)CCCCC1,tensor([8.4100])
OCCC#Cc1ccc(OCCCN2CCCCC2)cc1,tensor([7.7200])
C=CCC(O)c1ccc(OCCCN2CCCCC2)cc1,tensor([8.1600])
CC(C)(O)CCc1ccc(OCCCN2CCCCC2)cc1,tensor([8.4000])
OC1(c2ccc(OCCCN3CCCCC3)cc2)CCC1,tensor([7.7500])
OC1(c2ccc(OCCCN3CCCCC3)cc2)CCOCC1,tensor([8.3900])
CCc1ccc2c(N3CCC(NC)C3)nc(N)nc2c1,tensor([6.2200])
CNC1CCN(c2nc(N)nc3cc(C4CC4)cnc23)C1,tensor([6.])
CNC1CCN(c2cc(NCC3CC3)nc(N)n2)C1,tensor([6.7300])
Nc1nc(N2CCNCC2)c2ccc(C3CC3)cc2n1,tensor([6.8100])
CNC1CN(c2nc(N)nc3cc(C4CCCC4)cnc23)C1,tensor([6.8200])
CC(C)(C)c1ccc2c(N3CCNCC3)nc(N)nc2c1,tensor([6.0700])
CNC1CCN(c2nc(N)nc3cc(C(C)C)cnc23)C1,tensor([6.8400])
CCc1cnc2c(N3CCN(C)CC3)nc(N)nc2c1,tensor([6.6700])
CNC1CN(c2nc(N)nc3cc(C(C)(C)C)ccc23)C1,tensor([6.3100])
CCc1ccc2c(N3CCNCC3)nc(N)nc2c1,tensor([6.6600])
CNC1CCN(c2nc(N)nc3cc(C4CC4)ccc23)C1,tensor([6.7500])
CNC1CN(c2nc(N)nc3cc(C#N)cnc23)C1,tensor([5.0200])
CCc1cnc2c(N3CCC(NC)C3)nc(N)nc2c1,tensor([5.8200])
CCc1cnc2c(N3CC(NC)C3)nc(N)nc2c1,tensor([6.1100])
CNC1CN(c2nc(N)nc3cc(C4CC4)cnc23)C1,tensor([6.2000])
CNC1CN(c2nc(N)nc3cc(C(C)C)cnc23)C1,tensor([6.0800])
CNC1CN(c2nc(N)nc3cc(C4CCCC4)ccc23)C1,tensor([6.8000])
Cc1c(Cl)cc(NC(=O)Nc2ccc(OCCCN3CCCCC3)cc2)cc1Cl,tensor([6.9500])
O=C(Nc1ccc(OCCCN2CCCCC2)cc1)Nc1ccc(F)cc1F,tensor([7.2800])
CCN(CC)CCOc1ccc(NC(=S)Nc2ccc(OCC(C)C)cc2)cc1,tensor([7.7800])
Cc1cc(N2CCC(N3CCCC3C)C2)ccc1NC(=O)c1cc(F)ccc1C,tensor([8.0700])
Cc1cc(N2CCC(N3CCCC3C)C2)ccc1NC(=O)c1ccccc1F,tensor([7.8600])
O=C(OCCN1CCCC1)N1c2ccccc2Sc2ccccc21,tensor([5.2200])
CCN(CC)CCCOC(=O)N1c2ccccc2Sc2ccccc21,tensor([6.0200])
CCN1CCCc2cccc(OCCCN3CCCCC3)c21,tensor([6.])
N#CC(C#N)=C1N(CCCCN2CCCCC2)CCN1CCCN1CCCCC1,tensor([7.2100])
O=C(NCCOc1ccccc1Cl)OCCCc1c[nH]cn1,tensor([6.1500])
O=C(NCCc1ccc(Cl)cc1)OCCCc1c[nH]cn1,tensor([6.3700])
O=C(NCCCOc1ccccc1)OCCCc1c[nH]cn1,tensor([5.8900])
c1ccc2c(CCNc3ccc(CN4CCOCC4)cc3)c[nH]c2c1,tensor([8.3700])
CN(CCCc1cccc(F)c1)C1C2C3CC4C2C(=O)C2C4C3C21,tensor([5.6900])
Nc1cc(CN2CCC(F)(C(=O)N3CCC(N4c5ccccc5Sc5ccccc54)CC3)CC2)ccn1,tensor([8.1500])
Nc1cc(CN2CCC(F)(C(=O)N3CCC(N4Cc5cccnc5C4)CC3)CC2)ccn1,tensor([8.1500])
Cc1nnc2n1-c1sccc1C(=O)N(C1CCN(C(=O)C3(F)CCN(Cc4ccnc(N)c4)CC3)CC1)C2,tensor([7.5700])
Nc1cc(CN2CCC(F)(C(=O)N3CCC(N4c5ccccc5Sc5ccc(C(F)(F)F)cc54)CC3)CC2)ccn1,tensor([7.9600])
Nc1cc(CN2CCC(F)(C(=O)N3CCC(N4c5ccccc5Sc5cccnc54)CC3)CC2)ccn1,tensor([8.1500])
Nc1cc(CN2CCC(F)(C(=O)N3CCC(N4Cc5ccccc5Cc5ccccc54)CC3)CC2)ccn1,tensor([8.4000])
Nc1cc(CN2CCC(F)(C(=O)N3CCC(N4CCCc5ccccc5C4)CC3)CC2)ccn1,tensor([7.4400])
Nc1cc(CN2CCC(F)(C(=O)N3CCC(N4CCc5ccccc5CC4)CC3)CC2)ccn1,tensor([9.])
Nc1cc(CN2CCC(F)(C(=O)N3CCC(N4CCNc5ccccc5C4)CC3)CC2)ccn1,tensor([9.])
COc1ccc2c(c1)CCCN(C1CCN(C(=O)C3(F)CCN(Cc4ccnc(N)c4)CC3)CC1)C2,tensor([9.])
Cc1nnc2n1-c1sccc1CN(C1CCN(C(=O)C3(F)CCN(Cc4ccnc(N)c4)CC3)CC1)C2,tensor([9.])
Nc1cc(CN2CCC(F)(C(=O)N3CCC(N4Cc5ccccc5-c5ccccc5C4)CC3)CC2)ccn1,tensor([8.7000])
COc1ccc2c(c1)CN(C1CCN(C(=O)C3(F)CCN(Cc4ccnc(N)c4)CC3)CC1)CCC2,tensor([8.7000])
Nc1cc(CN2CCC(F)(C(=O)N3CCC(N4CCc5ccccc5C4)CC3)CC2)ccn1,tensor([8.7000])
N#Cc1ccc2c(c1)CN(C1CCN(C(=O)C3(F)CCN(Cc4ccnc(N)c4)CC3)CC1)CC2,tensor([8.7000])
Nc1cc(CN2CCC(F)(C(=O)N3CCC(N4Cc5ccccc5C4)CC3)CC2)ccn1,tensor([8.7000])
Cc1cc(N2CCC(N3CCCC3C)C2)ccc1NC(=O)C1CCOCC1,tensor([9.])
COc1cc2c(NC3CCN(C(C)C)CC3)nc(N3CCC(F)(F)CC3)nc2cc1OCCCN1CCCC1,tensor([7.3500])
Cc1cc(N2CCC(N3CCCC3C)C2)ccc1NC(=O)c1c(C)noc1C,tensor([10.])
c1cc2c(cc1OCCCN1CCCCC1)CCN(CC1CC1)CC2,tensor([9.3000])
O=C(c1ccc(Cl)cc1)N1CCC(Oc2ccc3c(c2)CCN(C2CCC2)CC3)CC1,tensor([9.3000])
Cn1c(=O)ccc2cc(COc3ccc4c(c3)CCN(C3CCC3)CC4)ccc21,tensor([9.4000])
c1cc2c(cc1OC1CCNCC1)CCN(C1CCC1)CC2,tensor([9.5000])
c1ccc(COc2ccc3c(c2)CCN(C2CCC2)CC3)cc1,tensor([9.6000])
CC(C)N1CCc2ccc(OCc3ccccc3)cc2CC1,tensor([7.7000])
c1cc2c(cc1OCCCN1CCOCC1)CCNCC2,tensor([7.])
c1cc2c(cc1OCCCN1CCCCC1)CCN2,tensor([7.8000])
c1cc2c(cc1OCCCN1CCCCC1)CCN(CC1CCCO1)CC2,tensor([9.3000])
c1ccc(COc2ccc3c(c2)CCN(C2CCCC2)CC3)cc1,tensor([9.1000])
c1cc2c(cc1OCCCN1CCCCC1)CCNCC2,tensor([8.4000])
c1ccc(COc2ccc3c(c2)CCN(C2CC2)CC3)cc1,tensor([8.3000])
CN1CCc2ccc(OCc3ccccc3)cc2CC1,tensor([6.5000])
c1cc2c(cc1OCCCN1CCCCC1)CCNC2,tensor([8.6000])
c1cc2c(cc1OCCN1CCCCC1)CCNCC2,tensor([6.8000])
CC(C)N1CCC(Oc2ccc3c(c2)CCNCC3)CC1,tensor([8.6000])
c1ccc(COc2ccc3c(c2)CCN(C2CCCCC2)CC3)cc1,tensor([8.])
c1ccc(COc2ccc3c(c2)CCN(CC2CC2)CC3)cc1,tensor([8.])
c1ccc(N2CCc3ccc(OCCCN4CCCCC4)cc3CC2)cc1,tensor([8.])
Cc1cc(C(=O)N2CCC(Oc3ccc4c(c3)CCN(C3CCC3)CC4)CC2)no1,tensor([8.8000])
c1cc2c(cc1OCC1CCNCC1)CCN(C1CCC1)CC2,tensor([9.3000])
O=C(N1CCOCC1)N1CCC(Oc2ccc3c(c2)CCN(C2CCC2)CC3)CC1,tensor([9.])
O=C(NC1CCN(Cc2ccc(OCCCN3CCCCC3)cc2)C1)c1ccc2c(c1)OCO2,tensor([10.6000])
Cc1nc(Oc2ccc3c(c2)CCN(C2CCC2)CC3)ccc1C#N,tensor([9.7000])
CNC(=O)c1ccc(Oc2ccc3c(c2)CCN(C2CCC2)CC3)nn1,tensor([8.9000])
O=C1CC(O)CN1c1ccc(Oc2ccc3c(c2)CCN(C2CCC2)CC3)nc1,tensor([9.7000])
Cc1noc(C)c1-c1ccc(Oc2ccc3c(c2)CCN(C2CCC2)CC3)nc1,tensor([9.3000])
O=C(c1ccc(Oc2ccc3c(c2)CCN(C2CCC2)CC3)nc1)N1CCCC1,tensor([9.6000])
c1cc(-c2ccc(Oc3ccc4c(c3)CCN(C3CCC3)CC4)nc2)[nH]n1,tensor([9.6000])
c1ccc(Oc2ccc3c(c2)CCN(C2CCC2)CC3)nc1,tensor([9.1000])
CCNC(=O)c1ccc(Oc2ccc3c(c2)CCN(C2CCC2)CC3)cn1,tensor([9.2000])
CCN(C)C(=O)c1ccc(Oc2ccc3c(c2)CCN(C2CCC2)CC3)nc1,tensor([9.2000])
O=C1CCCCN1c1ccc(Oc2ccc3c(c2)CCN(C2CCC2)CC3)nc1,tensor([9.5000])
NC(=O)c1ccc(Oc2ccc3c(c2)CCN(C2CCC2)CC3)nc1,tensor([9.3000])
CC1CCC(=O)N1c1ccc(Oc2ccc3c(c2)CCN(C2CCC2)CC3)nc1,tensor([9.5000])
CNC(=O)c1ccc(Oc2ccc3c(c2)CCN(C2CCC2)CC3)cc1,tensor([9.3000])
CNC(=O)c1ccc(Oc2ccc3c(c2)CCN(C2CCC2)CC3)cn1,tensor([9.3000])
CNC(=O)c1ccc(Oc2ccc3c(c2)CCN(C2CCCC2)CC3)nc1,tensor([9.3000])
CC(=O)Nc1ccc(Oc2ccc3c(c2)CCN(C2CCC2)CC3)nc1,tensor([9.7000])
c1cnn(-c2ccc(Oc3ccc4c(c3)CCN(C3CCC3)CC4)nc2)c1,tensor([9.3000])
Cc1nnc(-c2ccc(Oc3ccc4c(c3)CCN(C3CCC3)CC4)nc2)o1,tensor([9.8000])
c1cncc(Oc2ccc3c(c2)CCN(C2CCC2)CC3)c1,tensor([8.6000])
O=C1CCCN1c1ccc(Oc2ccc3c(c2)CCN(C2CCC2)CC3)nc1,tensor([10.])
O=C1CCCN1c1ccc(Oc2ccc3c(c2)CCN(C2CCCC2)CC3)nc1,tensor([9.9000])
CC(C)NC(=O)c1ccc(Oc2ccc3c(c2)CCN(C2CCC2)CC3)nc1,tensor([9.9000])
CN1CCN(c2ccc(Oc3ccc4c(c3)CCN(C3CCC3)CC4)nc2)C1=O,tensor([10.])
CC(=O)c1ccc(Oc2ccc3c(c2)CCN(C2CCC2)CC3)cn1,tensor([10.])
c1ccc(Oc2ccc3c(c2)CCN(C2CCC2)CC3)cc1,tensor([8.5000])
c1cnc(Oc2ccc3c(c2)CCN(C2CCC2)CC3)nc1,tensor([8.6000])
O=C1OCCN1c1ccc(Oc2ccc3c(c2)CCN(C2CCC2)CC3)nc1,tensor([9.8000])
CN1N=C(c2ccc(OC3CCN(C4CCC4)CC3)cc2)C2CC2C1=O,tensor([8.4000])
CC(C)N1CCC(Oc2ccc(C3=NNC(=O)C4CC34)cc2)CC1,tensor([8.0400])
CC(C)N1N=C(c2ccc(OC3CCN(C4CCC4)CC3)cc2)C2CC2C1=O,tensor([8.1600])
CCN1N=C(c2ccc(OC3CCN(C4CCC4)CC3)cc2)C2CC2C1=O,tensor([8.3500])
CC(C)N1CCC(Oc2ccc(C3=NN(C)C(=O)C4CC34)cc2)CC1,tensor([8.4000])
O=C1NN=C(c2ccc(OC3CCN(C4CCC4)CC3)cc2)C2CC12,tensor([8.4200])
CN1N=C(c2ccc(OC3CCN(C4CCCC4)CC3)cc2)C2CC2C1=O,tensor([8.4400])
O=C1C2CC2C(c2ccc(OC3CCN(C4CCC4)CC3)cc2)=NN1c1ccc(F)cc1,tensor([8.4600])
O=C(C1CC12CCN(C1CCC1)CC2)N1CCN(C2CCOCC2)CC1,tensor([7.1700])
O=C(C1CC12CCN(C1CCOCC1)CC2)N1CCN(C2CCCCCC2)CC1,tensor([7.1900])
O=C(C1CC12CCN(c1ccncc1)CC2)N1CCN(C2CCCCC2)CC1,tensor([7.2600])
O=C(C1CC12CCN(C1CCOCC1)CC2)N1CCCN(C2CCC2)CC1,tensor([8.5200])
CC(C)N1CCC2(CC1)CC2C(=O)N1CCN(C2CCCCC2)CC1,tensor([7.3300])
O=C(C1CC12CCN(C1CCOCC1)CC2)N1CCN(C2CCCC2)CC1,tensor([8.8500])
O=C(C1CC12CCNCC2)N1CCN(C2CCCCC2)CC1,tensor([6.3600])
O=C(C1CC12CCN(C1CCOCC1)CC2)N1CCN(C2CCC2)CC1,tensor([8.8900])
O=C(C1CC12CCN(C1CCOCC1)CC2)N1CCN(c2ccncc2)CC1,tensor([8.0800])
O=C(C1CC12CCN(C1CCOCC1)CC2)N1CCN(C2CC2)CC1,tensor([7.9600])
CC(C)N1CCN(C(=O)C2CC23CCN(C2CCOCC2)CC3)CC1,tensor([9.1000])
O=C(C1CC12CCN(CCc1ccccc1)CC2)N1CCN(C2CCCCC2)CC1,tensor([7.6800])
O=C(C1CC12CCN(Cc1ccccc1)CC2)N1CCN(C2CCCCC2)CC1,tensor([6.9900])
O=C(C1CC12CCN(C1CCCCC1)CC2)N1CCN(C2CCCCC2)CC1,tensor([7.7200])
CC(C)N1CCN(C(=O)C2CC3(CCN(C4CCOCC4)CC3)C2)CC1,tensor([9.5200])
CC(C)N1CCN(C(=O)N2CC3(CCN(C4CCOCC4)CC3)C2)CC1,tensor([7.0100])
CC(C)N1CCC(Oc2ccc(C3(C(N)=O)CCOCC3)cc2)CC1,tensor([9.0800])
COC(=O)c1oc(-c2ccc(OC3CC(N4CCCCC4)C3)cc2)nc1C,tensor([8.7000])
c1cc(-c2nc(CN3CCCCC3)co2)ccc1OC1CC(N2CCCCC2)C1,tensor([8.9000])
CC1(C)COC(c2ccc(OC3CC(N4CCCCC4)C3)cc2)=N1,tensor([8.1000])
c1cc(C2=NC3(CCCCC3)CO2)ccc1OCCCN1CCCCC1,tensor([7.1000])
CC1(C)COC(c2ccc(OCCCN3CCCCC3)cc2)=N1,tensor([6.8000])
c1cc(C2=NC3(CCCCC3)CO2)ccc1OC1CC(N2CCCCC2)C1,tensor([8.7000])
c1cc(-c2nc(CN3CCCCC3)co2)ccc1OCCCN1CCCCC1,tensor([8.2000])
Nc1nc(C2CCCC2)cc(N2CCNCC2)n1,tensor([7.6200])
CCc1cc(N2CCC(NC)C2)nc(N)n1,tensor([6.1700])
CC(C)c1cc(N2CCC(N)C2)nc(N)n1,tensor([5.9800])
O=C1NC(c2ccccc2)(c2ccccc2)C(=O)N1CCCN1CCCCC1,tensor([6.2500])
O=C1NC(c2ccccc2)(c2ccccc2)C(=O)N1Cc1ccc(OCCCN2CCCCC2)cc1,tensor([7.1200])
Cc1nnc(C)n1-c1ccc(OCCCN2CCCCC2)cc1,tensor([9.0300])
Cc1nnc(-c2cccnc2)n1-c1ccc(OCCCN2CCCCC2)cc1,tensor([9.6200])
CC(NCc1ccc(OCCCN2CCCCC2)cc1)C(N)=O,tensor([7.3700])
O=C(O)C1CCN(Cc2ccc(OCCCN3CCCCC3)cc2)CC1,tensor([7.8900])
CCOC(=O)C1CCN(Cc2ccc(OCCCN3CCCCC3)cc2)CC1,tensor([9.6400])
Cc1nnc(C2CCN(Cc3ccc(OCCCN4CCCCC4)cc3)CC2)o1,tensor([9.3200])
OCC1CCN(Cc2ccc(OCCCN3CCCCC3)cc2)CC1,tensor([9.1700])
OC1CCN(Cc2ccc(OCCCN3CCCCC3)cc2)CC1,tensor([9.2300])
CN1CCN(c2nc(N)nc(-c3ccc(Br)cc3)n2)CC1,tensor([4.8200])
CN1CCN(c2nc(N)nc(-c3ccc(Cl)cc3)n2)CC1,tensor([4.8800])
c1cc2c(cc1OCCCN1CCCCC1)CN1CCCC1=N2,tensor([7.1200])
O=c1ccn(CCCN2CCCCC2)c(=O)[nH]1,tensor([5.1500])
Cc1c(C)n(Cc2ccc(OCCCN3CCCCC3)cc2)c(=O)n(C(=O)c2ccccc2)c1=O,tensor([7.4600])
O=C(c1ccccc1)n1c(=O)ccn(CCCN2CCCCC2)c1=O,tensor([5.9400])
Cc1cn(C(=O)OC(C)(C)C)c(=O)n(Cc2ccc(OCCCN3CCCCC3)cc2)c1=O,tensor([7.3300])
Cc1c(C)n(Cc2ccc(OCCCN3CCCCC3)cc2)c(=O)[nH]c1=O,tensor([7.7500])
CC(C)(C)OC(=O)n1ccc(=O)n(Cc2ccc(OCCCN3CCCCC3)cc2)c1=O,tensor([7.3000])
O=c1ccn(Cc2ccc(OCCCN3CCCCC3)cc2)c(=O)[nH]1,tensor([7.8900])
Cc1cn(Cc2ccc(OCCCN3CCCCC3)cc2)c(=O)[nH]c1=O,tensor([8.1500])
O=c1cc[nH]c(=O)n1Cc1ccc(OCCCN2CCCCC2)cc1,tensor([7.5400])
O=C(c1ccccc1)n1c(=O)ccn(Cc2ccc(OCCCN3CCCCC3)cc2)c1=O,tensor([8.1400])
Cc1c(C)n(C(=O)OC(C)(C)C)c(=O)n(Cc2ccc(OCCCN3CCCCC3)cc2)c1=O,tensor([7.4200])
Cc1c[nH]c(=O)n(Cc2ccc(OCCCN3CCCCC3)cc2)c1=O,tensor([7.2000])
Cc1cn(Cc2ccc(OCCCN3CCCCC3)cc2)c(=O)n(C(=O)c2ccccc2)c1=O,tensor([7.5000])
CN(C)C1Cc2ccccc2C(c2ccc([N+](=O)[O-])cc2)C1,tensor([6.1700])
CN(C)C1Cc2ccccc2C(c2ccc(C(F)(F)F)cc2)C1,tensor([6.6400])
CN(C)C1Cc2ccccc2C(c2ccc(Br)cc2)C1,tensor([6.2800])
CN(C)C1Cc2ccccc2C(c2cccc(C(F)(F)F)c2)C1,tensor([6.6400])
CN(C)C1Cc2ccccc2C(c2cccc(F)c2)C1,tensor([8.5200])
CN(C)C1Cc2ccccc2C(C2CCCCC2)C1,tensor([8.7000])
CN(C)C1Cc2ccccc2C(c2cccc([N+](=O)[O-])c2)C1,tensor([6.1000])
CN(C)C1Cc2ccccc2C(c2ccccc2)C1,tensor([8.7000])
CN(C)C1Cc2ccccc2C(c2cccc(Cl)c2)C1,tensor([8.])
CN(C)C1Cc2ccccc2C(c2cccc(Br)c2)C1,tensor([7.5200])
CN(C)C1Cc2ccccc2C(C2CCCCCCC2)C1,tensor([6.3700])
CN(C)C1Cc2ccccc2C(c2cccc(-c3ccccc3)c2)C1,tensor([6.7000])
CN(C)C1Cc2ccccc2C(c2ccccc2Br)C1,tensor([5.5800])
CN(C)C1Cc2ccccc2C(c2ccc(Cl)cc2)C1,tensor([8.2200])
Cc1ccccc1C1CC(N(C)C)Cc2ccccc21,tensor([6.9200])
CC(COc1ccc(C2=NNC(=O)C3CC23)cc1)CN1CCCC1C,tensor([8.6400])
Cc1cc(OCCCN2CCCC2C)ccc1C1=NNC(=O)C2CC12,tensor([8.1500])
Cc1cc(OCCCN2CCCCC2)ccc1C1=NNC(=O)C2CC12,tensor([7.4100])
O=C1NN=C(c2ccc(OCCCN3CCCCC3)cc2)C2CC12,tensor([7.7200])
CC1CCCN1CCCOc1ccc(C2=NNC(=O)C3CC23)cc1,tensor([8.5100])
CCN(CC)Cc1ccc(C(=O)N2CCN(C(C)C)CC2)cc1,tensor([8.2200])
O=C(c1ccc(CN2CCC(F)CC2)cc1)N1CCN(C2CCC2)CC1,tensor([9.1500])
CN1CCN(C(=O)c2ccc(CN3CCCCC3)cc2)CC1,tensor([7.6200])
O=C(c1ccc(CN2CCOCC2)cc1)N1CCN(C2CC2)CC1,tensor([8.2700])
O=C(c1ccc(CN2CCC(F)CC2)cc1)N1CCN(C2CC2)CC1,tensor([8.7000])
CC(C)N1CCN(C(=O)c2ccc(CN3CCC(F)CC3)cc2)CC1,tensor([8.8200])
O=C(c1ccc(CN2CCOCC2)cc1)N1CCN(C2CCC2)CC1,tensor([8.8900])
CC(C)N1CCN(C(=O)c2ccc(CN(C)C)cc2)CC1,tensor([8.3000])
CC(C)N1CCN(C(=O)c2ccc(CN3CCCCCC3)cc2)CC1,tensor([9.])
CC(C)N1CCN(C(=O)c2ccc(CN3CCCC3)cc2)CC1,tensor([9.])
CN1CCN(C(=O)c2ccc(CN3CCOCC3)cc2)CC1,tensor([7.6600])
CC(C)N1CCN(C(=O)OC2CCN(c3ccc(=O)[nH]n3)CC2)CC1,tensor([8.])
O=C(OC1CCN(c2cc[nH]c(=O)c2)CC1)N1CCN(C2CCC2)CC1,tensor([7.6000])
CCn1nc(N2CCC(OC(=O)N3CCN(C(C)C)CC3)CC2)ccc1=O,tensor([7.3600])
O=C(OC1CCN(c2ccc(=O)[nH]n2)CC1)N1CCN(C2CCC2)CC1,tensor([7.5800])
CC(C)N1CCN(C(=O)OC2CCN(c3ccc(=O)n(C)n3)CC2)CC1,tensor([7.5100])
CC(C)N1CCN(C(=O)OC2CCN(c3cc[nH]c(=O)c3)CC2)CC1,tensor([7.9200])
CC(C)N1CCN(C(=O)OC2CCN(c3ccn(C)c(=O)c3)CC2)CC1,tensor([7.7000])
Cn1nc(N2CCC(OC(=O)N3CCN(C4CCC4)CC3)CC2)ccc1=O,tensor([7.6000])
c1cc2nc(N3CCN(C4CC4)CC3)sc2cc1CNC1CC1,tensor([9.0500])
c1cc2nc(N3CCN(C4CC4)CC3)sc2cc1CN1CCCC1,tensor([8.7400])
Nc1nccc(N2CCCN(Cc3ccccc3)CCC2)n1,tensor([6.7900])
CN(CCCN)c1ccnc(N)n1,tensor([6.5000])
Nc1nccc(N2CCNCC2)n1,tensor([7.6200])
CN(C)CCN(C)c1ccnc(N)n1,tensor([6.5900])
CCC(N)CCNc1ccnc(N)n1,tensor([6.7500])
Nc1nccc(N2CC3CN(Cc4ccccc4)CC3C2)n1,tensor([6.8000])
Nc1nccc(NC2CNC2)n1,tensor([7.4800])
Nc1nccc(N2CCC(N)CC2)n1,tensor([6.5200])
Nc1nccc(NC2CCN(Cc3ccccc3)CC2)n1,tensor([7.1400])
Nc1nccc(N2CCC3(CC2)CNC3)n1,tensor([7.1700])
CNCCCNc1ccnc(N)n1,tensor([7.5500])
Nc1nccc(NC2CCNCC2)n1,tensor([6.4900])
Clc1cccc(OCCCCCCN2CCCCC2)c1,tensor([6.5900])
CC1CCN(CCCCCCCOc2ccc(Cl)cc2)CC1,tensor([6.3300])
Clc1cccc(OCCCCCCCN2CCCCC2)c1,tensor([6.4800])
CC1CCN(CCCCCCOc2cccc(Cl)c2)CC1,tensor([6.3800])
CC1CCN(CCCCCOc2ccc(Cl)cc2)CC1,tensor([6.1000])
Clc1ccc(OCCCCCN2CCCCCC2)cc1,tensor([6.4300])
CC1CCN(CCCCCCCOc2cccc(Cl)c2)CC1,tensor([6.0900])
Clc1ccc(OCCCCCCCN2CCCCC2)cc1,tensor([6.8900])
Clc1ccc(OCCCCCCN2CCCCCC2)cc1,tensor([6.6200])
Clc1ccc(OCCCCCCN2CCCCC2)cc1,tensor([6.5800])
Clc1ccc(OCCCCCCCN2CCCCCC2)cc1,tensor([6.6900])
CC1CCCN(CCCCCCCOc2ccc(Cl)cc2)C1,tensor([6.7500])
Clc1ccc(OCCCCCN2CCCCC2)cc1,tensor([6.3700])
CC1CCCN(CCCCCOc2ccc(Cl)cc2)C1,tensor([6.8800])
CC1CCN(CCCCCCOc2ccc(Cl)cc2)CC1,tensor([6.7200])
CC1CCCN(CCCCCCOc2ccc(Cl)cc2)C1,tensor([6.6900])
CC(C)N1CCC(Oc2ccc(C(=O)NC3CCN(C(C)C)C3)cc2)CC1,tensor([8.2400])
CC(C)N1CCC(Oc2ccc(C(=O)NC3CCN(C4CCC4)C3)c(F)c2)CC1,tensor([8.2400])
CC(C)N1CCC(Oc2ccc(C(=O)NC3CCN(C4CCC4)C3)cc2)CC1,tensor([8.6000])
CC(C)N1CCC(NC(=O)c2ccc(OC3CCN(C(C)C)CC3)cc2)CC1,tensor([8.0800])
Cc1cc(C(=O)NC2CCN(C3CCC3)C2)ccc1OC1CCN(C(C)C)CC1,tensor([6.4200])
CC(C)N1CCC(Oc2ccc(C(=O)NC3CCN(C4CCC4)C3)cc2F)CC1,tensor([8.1400])
CC(C)N1CCC(NC(=O)c2ccc(OC3CCN(C4CCCC4)CC3)cc2)C1,tensor([8.0700])
CC(C)N1CCC(NC(=O)c2ccc(OC3CCN(C4CCC4)CC3)cc2Cl)CC1,tensor([8.1500])
O=C(NC1CCN(C2CCC2)CC1)c1ccc(OC2CCN(C3CCC3)CC2)cc1Cl,tensor([8.1700])
CC(C)N1CCC(Oc2ccc3c(c2)CCN(C2CCN(C(C)C)C2)C3=O)CC1,tensor([8.6800])
CC(C)N1CCC(NC(=O)c2ccc(OC3CCOCC3)cc2)C1,tensor([6.9900])
CC(C)N1CCC(Oc2ccc(C(=O)NC3CCN(C4CCC4)C3)c(Cl)c2)CC1,tensor([7.7400])
CC(C)N1CCC(NC(=O)c2ccc(OC3CCN(C4CCC4)CC3)cc2)C1,tensor([7.5700])
O=C1c2ccc(OC3CCN(C4CCC4)CC3)cc2CCN1C1CCN(C2CCC2)CC1,tensor([9.1000])
Cc1cc(OC2CCN(C(C)C)CC2)ccc1C(=O)NC1CCN(C2CCC2)C1,tensor([8.0400])
CC(C)CN1CCC(NC(=O)c2ccc(OC3CCN(C(C)C)CC3)cc2)C1,tensor([9.])
CC(C)N1CCC(NC(=O)c2ccc(OC3CCN(C(C)C)CC3)cc2F)CC1,tensor([7.9400])
CC(C)N1CCC(Oc2ccc3c(c2)CCN(C2CCN(C4CCC4)C2)C3=O)CC1,tensor([8.9200])
CC(C)N1CCC(Oc2ccc(C(=O)NC3CCN(C4CCC4)CC3)c(F)c2)CC1,tensor([7.9800])
Cc1cc(C(=O)NC2CCN(C(C)C)C2)ccc1OC1CCN(C(C)C)CC1,tensor([5.8700])
CC(C)N1CCC(Oc2ccc3c(c2)CCN(C2CCN(C4CCC4)CC2)C3=O)CC1,tensor([8.7400])
CN1CCN(c2cc(-c3ccccc3)nc(NCc3ccccc3)n2)CC1,tensor([5.6000])
CN1CCN(c2nc(N)nc3c2CCc2ccccc2-3)CC1,tensor([5.0100])
CN1CCN(c2nc(NCc3ccccc3)nc3c2CCc2ccccc2-3)CC1,tensor([5.2200])
C=CCN(CC=C)CCc1c[nH]c2ccc(F)cc12,tensor([5.6800])
C=CCN(CC=C)CCc1c[nH]c2ccc(Cl)cc12,tensor([5.8000])
c1nc(CCCC2CCCNC2)c[nH]1,tensor([7.0800])
c1nc(CCC2CCCNC2)c[nH]1,tensor([6.7400])
c1nc(CC2CCCNC2)c[nH]1,tensor([7.1700])
N#CN=C(NCCSc1ccccc1)NCC1CCC(c2c[nH]cn2)C1,tensor([6.2300])
CNC(=NC#N)NCC1CCC(c2c[nH]cn2)C1,tensor([6.3200])
CNCCN1CCC(OCc2ccccc2)CC1,tensor([7.0600])
c1ccc(C(OCCCc2c[nH]cn2)c2ccccc2)cc1,tensor([7.7700])
c1ccc(C(OCCCc2c[nH]cn2)c2nc3ccccc3s2)cc1,tensor([7.4700])
CN1CCC2CC(=O)C(Cc3ccccc3)C3CCCC1C23,tensor([6.0900])
O=C(O)c1ccc2cccc(N3CCN(CCc4ccc(OCCCN5CCCCCC5)cc4)CC3)c2n1,tensor([9.3000])
c1cnc2c(N3CCN(CCCc4ccc(OCCCN5CCCCCC5)cc4)CC3)cccc2c1,tensor([9.4000])
O=C(O)CCc1ccc2cc(Cc3ccccc3)cc(N3CCN(CCc4ccc(OCCCN5CCCCCC5)cc4)CC3)c2n1,tensor([9.5000])
O=C(O)C=Cc1ccc2cccc(N3CCN(CCc4ccc(OCCCN5CCCCCC5)cc4)CC3)c2n1,tensor([8.8000])
c1cnc2c(N3CCN(CCc4ccc(OCCCN5CCCCCC5)cc4)CC3)cccc2c1,tensor([9.3000])
O=C(O)CCc1ccc2cccc(N3CCN(CCc4ccc(OCCCN5CCCCCC5)cc4)CC3)c2n1,tensor([8.8000])
c1cnc2c(N3CCN(CCCCc4ccc(OCCCN5CCCCCC5)cc4)CC3)cccc2c1,tensor([9.2000])
CCCCc1cc(N2CCN(CCc3ccc(OCCCN4CCCCCC4)cc3)CC2)c2nc(CCC(=O)O)ccc2c1,tensor([9.1000])
O=C(O)c1cc(N2CCN(CCc3ccc(OCCCN4CCCCCC4)cc3)CC2)c2ncccc2c1,tensor([8.7000])
O=C(O)CCc1cnc2c(N3CCN(CCc4ccc(OCCCN5CCCCCC5)cc4)CC3)cccc2c1,tensor([8.9000])
N#Cc1ccc(N2CCN(CCc3ccc(OCCCN4CCCCCC4)cc3)CC2)c2ncccc12,tensor([8.5000])
O=C(O)c1cnc2c(N3CCN(CCc4ccc(OCCCN5CCCCCC5)cc4)CC3)cccc2c1,tensor([8.8000])
CCc1cc(N2CCN(CCc3ccc(OCCCN4CCCCCC4)cc3)CC2)c2nc(CCC(=O)O)ccc2c1,tensor([8.7000])
O=C(O)c1ccnc2c(N3CCN(CCc4ccc(OCCCN5CCCCCC5)cc4)CC3)cccc12,tensor([8.8000])
O=c1cc(OCc2ccc(F)cc2)ccn1-c1ccc(OCCN2CCCC2)cc1,tensor([6.2900])
COc1cc(-n2cnc3cc(-c4ccc(Cl)cc4)sc3c2=O)ccc1OCCN1CCCC1,tensor([6.6800])
CCN1CCN(c2cc(C)c3cc(NC(=O)C=Cc4ccc(OC)cc4)ccc3n2)CC1,tensor([7.9700])
O=C(NC(c1ccc(Cl)cc1)c1ccc(Cl)cc1)OCCCc1c[nH]cn1,tensor([6.5900])
c1ccc(-c2ccc(CCCOCCCc3c[nH]cn3)cc2)cc1,tensor([6.9300])
Brc1ccc(C(OCCCc2c[nH]cn2)c2ccc3ccccc3c2)cc1,tensor([7.3300])
O=[N+]([O-])c1cccc(C(OCCCc2c[nH]cn2)c2ccccc2)c1,tensor([8.0200])
O=C(C=Cc1ccccc1)c1ccc(OCCCc2c[nH]cn2)cc1,tensor([8.0800])
CC(=O)c1ccc(OCc2ccc(CN3CCCC(C)C3)cc2)cc1,tensor([7.6600])
Ic1ccc(C(OCCCc2c[nH]cn2)c2ccccc2)cc1,tensor([7.8500])
Nc1ccc(NCCc2ccc(OCCCN3CCCCC3)cc2)nc1,tensor([8.3200])
O=C(CCCc1ccc(I)cc1)OCCCc1c[nH]cn1,tensor([7.3900])
CC1CCCN(CCCCCOc2ccc3ccccc3c2)C1,tensor([7.3700])
c1ccc2cc(OCCCCCCN3CCCCCC3)ccc2c1,tensor([7.1600])
c1ccc2cc(OCCCCCN3CCCCCC3)ccc2c1,tensor([7.2400])
CC1CCCN(CCCCCCOc2ccc3ccccc3c2)C1,tensor([7.2500])
c1ccc2c(OCCCCCCN3CCCCCC3)cccc2c1,tensor([7.1600])
CC1CCCN(CCCCCCOc2cccc3ccccc23)C1,tensor([7.3200])
c1ccc2c(OCCCCCN3CCCCC3)cccc2c1,tensor([7.2700])
c1ccc2cc(OCCCCCN3CCCCC3)ccc2c1,tensor([7.2700])
c1ccc2c(OCCCCCCN3CCCCC3)cccc2c1,tensor([7.2800])
CC1CCN(CCCCCOc2cccc3ccccc23)CC1,tensor([7.3600])
CC1CCN(CCCCCCOc2ccc3ccccc3c2)CC1,tensor([7.0400])
c1ccc2cc(OCCCCCCN3CCCCC3)ccc2c1,tensor([7.2100])
CC1CCN(CCCCCOc2ccc3ccccc3c2)CC1,tensor([7.0200])
CC1CCCN(CCCCCOc2cccc3ccccc23)C1,tensor([7.4800])
c1ccc2c(OCCCCCN3CCCCCC3)cccc2c1,tensor([7.6600])
CC1CCN(CCCCCCOc2cccc3ccccc23)CC1,tensor([6.9000])
C#CCN(C)Cc1cc2cc(OCCCN3CCCCC3)ccc2n1C,tensor([7.9700])
C=C(C)CN1CCN(c2ccc3c(c2)CN(C(=O)OCc2ccccc2)CC3)CC1,tensor([5.5500])
CN1CCN(c2ccc3c(c2)CN(C(=O)OCc2ccccc2)C3)CC1,tensor([6.3200])
C=C(C)CN1CCN(c2ccc3c(c2)CN(C(=O)OCc2ccccc2)C3)CC1,tensor([5.9900])
CCOC(=O)CCN1CCN(c2ccc3c(c2)CN(C(=O)OCc2ccccc2)C3)CC1,tensor([6.4500])
O=C(OCc1ccccc1)N1CCc2ccc(N3CCN(C4CCCC4)CC3)cc2C1,tensor([6.5200])
CC(C)(C)c1ccc(OCCCCN2CCN(c3ncccn3)CC2)cc1,tensor([6.0500])
CCC(C)(C)c1ccc(OCCCN2CCN(c3ccccn3)CC2)cc1,tensor([5.2800])
CCC(C)(C)c1ccc(OCCCN2CCN(c3cnccn3)CC2)cc1,tensor([5.2100])
CCC(C)(C)c1ccc(OCCCCN2CCN(c3ncccn3)CC2)cc1,tensor([5.6400])
CC(C)(C)c1ccc(OCCCN2CCN(c3ccncc3)CC2)cc1,tensor([7.8000])
CCC(C)(C)c1ccc(OCCCN2CCCCC2)cc1,tensor([8.0800])
CC(C)(C)c1ccc(OCCCN2CCN(c3ncccn3)CC2)cc1,tensor([5.4200])
CC(C)(C)c1ccc(OCCCCN2CCN(c3cccnc3)CC2)cc1,tensor([5.4700])
CC(C)(C)c1ccc(OCCCCN2CCN(c3ccccn3)CC2)cc1,tensor([5.5300])
CCC(C)(C)c1ccc(OCCCN2CCN(c3ccncc3)CC2)cc1,tensor([7.5100])
CCC(C)(C)c1ccc(OCCCN2CCN(c3ncccn3)CC2)cc1,tensor([5.2700])
CC(C)(C)c1ccc(OCCCN2CCN(c3cnccn3)CC2)cc1,tensor([5.0600])
CCC(C)(C)c1ccc(OCCCCN2CCN(c3ccccn3)CC2)cc1,tensor([6.3200])
CC(C)(C)c1ccc(OCCCCN2CCN(c3ccncc3)CC2)cc1,tensor([7.4200])
CCC(C)(C)c1ccc(OCCCN2CCN(c3cccnc3)CC2)cc1,tensor([5.4400])
CC(C)(C)c1ccc(OCCCN2CCN(c3cccnc3)CC2)cc1,tensor([5.0900])
CCC(C)(C)c1ccc(OCCCCN2CCN(c3cnccn3)CC2)cc1,tensor([6.1700])
CC(C)(C)c1ccc(OCCCN2CCCCC2)cc1,tensor([7.6600])
CCC(C)(C)c1ccc(OCCCCN2CCN(c3ccncc3)CC2)cc1,tensor([6.9200])
CC(C)(C)c1ccc(OCCCCN2CCN(c3cnccn3)CC2)cc1,tensor([5.2600])
CC(C)(C)OC(=O)NCCCCCCn1cc(CCCCN2CCC(c3ccc(-c4cc(C(=O)O)cc5cc(-c6ccc(C(F)(F)F)cc6)ccc45)cc3)CC2)nn1,tensor([5.5600])
O=C1CCc2ccc(OCCCN3CCCCC3)cc21,tensor([6.5200])
O=C1CCc2cc(OCCCN3CCCCC3)ccc21,tensor([6.8000])
O=C1C(=Cc2ccccc2)Cc2cc(OCCCN3CCCCC3)ccc21,tensor([8.4100])
O=C1C(=Cc2ccc(OCCCN3CCCCC3)cc2)Cc2cc(OCc3ccc(Br)cc3)ccc21,tensor([8.1900])
O=C1C(=Cc2ccccc2)Cc2ccc(OCCN3CCCCC3)cc21,tensor([6.1600])
O=C(c1ccc(OCCCN2CCCCC2)cc1)C1CC1,tensor([7.9600])
O=C1C(=Cc2ccc(OCCCN3CCCCC3)cc2)Cc2ccccc21,tensor([8.6800])
O=C1CCc2ccc(OCCN3CCCC3)cc21,tensor([5.2100])
COc1ccc2c(c1)C(=O)C(=Cc1ccc(OCCCN3CCCCC3)cc1)C2,tensor([7.9600])
O=C1C(=Cc2ccc(OCCCN3CCCCC3)cc2)Cc2cc(F)ccc21,tensor([8.6600])
COc1ccc2c(c1)CC(=Cc1ccc(OCCCN3CCCCC3)cc1)C2=O,tensor([7.4800])
O=C1C(=Cc2ccc(OCCCN3CCCCC3)cc2)Cc2ccc(OCc3ccc(Br)cc3)cc21,tensor([7.5000])
O=C1CCc2cc(OCCN3CCCCC3)ccc21,tensor([6.6900])
O=C1CCc2cc(OCCN3CCCC3)ccc21,tensor([6.4600])
CCC(C)(C)c1ccc(OCCCCCCCCN2CCCC(C)C2)cc1,tensor([6.9200])
CCC(C)(C)c1ccc(OCCCCCCCCN2CCCCC2)cc1,tensor([6.4900])
CCC(C)(C)c1ccc(OCCCCCCCN2CCC(C)CC2)cc1,tensor([7.1900])
CCC(C)(C)c1ccc(OCCCCCN2CCCCCC2)cc1,tensor([7.6700])
CCC(C)(C)c1ccc(OCCCCCCCN2CCCCC2)cc1,tensor([7.2600])
CCC(C)(C)c1ccc(OCCCCCN2CCC(C)CC2)cc1,tensor([7.6300])
CCC(C)(C)c1ccc(OCCCCCCCCN2CCC(C)CC2)cc1,tensor([6.5100])
CCC(C)(C)c1ccc(OCCCCCCN2CCC(C)CC2)cc1,tensor([7.2200])
CCC(C)(C)c1ccc(OCCCCCN2CCCCC2)cc1,tensor([8.0600])
CCC(C)(C)c1ccc(OCCCCCCN2CCCC(C)C2)cc1,tensor([7.4700])
CCC(C)(C)c1ccc(OCCCCCCN2CCCCC2)cc1,tensor([7.3300])
CCC(C)(C)c1ccc(OCCCCCN2CCCC(C)C2)cc1,tensor([7.8700])
CCC(C)(C)c1ccc(OCCCCCCCCN2CCCCCC2)cc1,tensor([6.7400])
CCC(C)(C)c1ccc(OCCCCCCCN2CCCC(C)C2)cc1,tensor([7.4400])
CCC(C)(C)c1ccc(OCCCCCCCN2CCCCCC2)cc1,tensor([6.8900])
CCC(C)(C)c1ccc(OCCCCCCN2CCCCCC2)cc1,tensor([7.3800])
Cc1sc(-c2ccccc2)nc1OCC1CCN(C)CC1,tensor([6.6600])
COc1ccc(Nc2nnc(CCN3CCCCC3)o2)cc1,tensor([5.8000])
CN(C)CCCc1nnc(Nc2ccc(Cl)cc2)o1,tensor([5.2400])
Cc1sc(-c2ccc(C#N)cc2)nc1OCc1ccc(CN2CCCCC2)cc1,tensor([6.3500])
Cc1sc(-c2ccc(Cl)cc2)nc1OCCCN1CCCC1,tensor([6.3500])
Cc1sc(-c2ccc3c(c2)COC3=O)nc1OCCCN1CCCCC1,tensor([7.0600])
CCc1sc(-c2ccc(Cl)cc2)nc1OCCCN1CCCC1,tensor([6.7700])
Cc1sc(-c2cccc(Cl)c2)nc1OCCCN1CCCC1,tensor([6.3700])
Cc1sc(-c2ccncc2)nc1OCCCN1CCCC1,tensor([6.3900])
CCc1sc(-c2ccccc2)nc1OCCCN1CCCCC1,tensor([6.4200])
Clc1ccc(Nc2nnc(CCN3CCCCC3)o2)cc1,tensor([5.8000])
Cc1sc(-c2ccc(Cl)cc2)nc1OC(=O)N1CCC(N2CCCCC2)CC1,tensor([7.2700])
Cc1sc(-c2ccc(C#N)cc2)nc1OCc1ccc(CN2CCCC2)cc1,tensor([6.7200])
Cc1sc(-c2cccc(Cl)c2)nc1OCCCN1CCCCC1,tensor([6.5200])
Cc1sc(-c2ccncc2)nc1OCCN1CCCC1,tensor([7.])
Cc1sc(-c2ccc(Cl)cc2)nc1OCCCN(C)C,tensor([6.5500])
c1ccc(Nc2nnc(CCN3CCCCC3)o2)cc1,tensor([5.7000])
Cc1sc(-c2ccc(C#N)cc2)nc1OCCCN1CCCCC1,tensor([7.6800])
COc1cc(Nc2nnc(CCN3CCCCC3)o2)cc(OC)c1,tensor([5.9600])
Cc1sc(-c2ccccc2)nc1OCCN1CCCC1,tensor([7.3300])
Cc1sc(-c2cnccn2)nc1OCCN1CCCC1,tensor([5.6800])
Cc1sc(-c2ccccc2)nc1OCCCN1CCCCC1,tensor([6.0600])
Cc1sc(-c2cnccn2)nc1OCCCN1CCCCC1,tensor([5.9600])
Cc1sc(-c2ccncc2)nc1OCCCN(C)C,tensor([6.9600])
Cc1sc(-c2cnccn2)nc1OCc1ccc(CN2CCCCC2)cc1,tensor([8.1500])
Cc1sc(-c2ccc(Cl)cc2)nc1OCCN1CCCC1,tensor([7.6600])
Cc1sc(-c2ccc(Cl)cc2)nc1OCCN1CCCCC1,tensor([7.3600])
CCc1sc(-c2ccc(Cl)cc2)nc1OCCCN1CCCCC1,tensor([6.7000])
Cc1sc(-c2ccccc2)nc1OC(=O)N1CCN(C)CC1,tensor([5.2400])
Cc1sc(-c2ccncc2)nc1OCCN1CCCCC1,tensor([7.2400])
FC(F)(F)Oc1ccc(Nc2nnc(CCN3CCCCC3)o2)cc1,tensor([5.8900])
Cc1sc(-c2cnccn2)nc1OCc1ccc(CN2CCCC2)cc1,tensor([7.1400])
Cc1sc(-c2ccccc2)nc1OCCCN(C)C,tensor([5.3900])
Cc1sc(-c2cccc(Cl)c2)nc1OCCN1CCCCC1,tensor([6.2200])
Cc1sc(-c2ccc(C#N)cc2)nc1OCCN1CCCC1,tensor([8.3800])
Cc1sc(-c2cccc(Cl)c2)nc1OC(=O)N1CCC(N2CCCCC2)CC1,tensor([7.0100])
Cc1sc(-c2ccccc2)nc1OC(=O)N1CCC(N2CCCCC2)CC1,tensor([8.2700])
Cc1sc(-c2ccc(C#N)cc2)nc1OC(=O)N1CCC(N2CCCCC2)CC1,tensor([7.3800])
Cc1sc(-c2ccccc2)nc1OCCCN1CCCC1,tensor([6.2800])
Cc1sc(-c2ccccc2)nc1OCCN1CCCCC1,tensor([6.7000])
Cc1sc(-c2cnccn2)nc1OCCCN(C)C,tensor([5.2300])
Clc1nc(N2CCC(N3CCCCC3)CC2)c2ccn(Cc3cccc4ccccc34)c2n1,tensor([6.8300])
Clc1nc(N2CCC(N3CCOCC3)CC2)c2ccn(Cc3ccccc3)c2n1,tensor([5.9700])
Clc1nc(N2CCC(N3CCCCC3)CC2)c2ccn(Cc3ccccc3)c2n1,tensor([6.3100])
CCC1c2ccccc2N(c2ccccc2)CC1(C)N,tensor([5.4000])
Cc1nn(CCOCCOCCNC(=O)OC(C)(C)C)cc1-c1ccc2cc(CCN3CCCC3C)ccc2n1,tensor([8.8200])
Cc1nn(CCOCCOCCNC(=O)CCCCCC2(C)C(C=CC=CC=C3N(CCCS(=O)(=O)O)c4ccc(S(=O)(=O)O)cc4C3(C)C)=[N+](CCCS(=O)(=O)[O-])c3ccc(S(=O)(=O)O)cc32)cc1-c1ccc2cc(CCN3CCCC3C)ccc2n1,tensor([8.7200])
Cc1nn(CCOCCOCCNC(=O)C2C(C(=O)O)C(C(=O)O)C2C(=O)O)cc1-c1ccc2cc(CCN3CCCC3C)ccc2n1,tensor([7.5900])
Cc1nn(CCOCCOCCN)cc1-c1ccc2cc(CCN3CCCC3C)ccc2n1,tensor([9.1500])
c1ccc2[nH]c(CC3CC3c3c[nH]cn3)nc2c1,tensor([6.7300])
CCC(C)(C)c1ccc(OCCCN2CCCC2)cc1,tensor([7.2000])
CCC(C)(C)c1ccc(OCCCN2CCCC(C)C2)cc1,tensor([7.])
CCC(C)(C)c1ccc(OCCCN2CCCCCC2)cc1,tensor([6.5300])
CCC(C)(C)c1ccc(OCCCN2CC(C)CC(C)C2)cc1,tensor([6.1200])
CCC(C)(C)c1ccc(OCCCN2CCC(C)CC2)cc1,tensor([6.8300])
CCC(C)(C)c1ccc(OCCCN2CCCCC2C)cc1,tensor([6.3600])
CCC(C)(C)c1ccc(OCCCN2C(C)CCCC2C)cc1,tensor([6.8500])
O=c1c2cc(OCCCN3CCCCC3)ccc2nc2n1CCC2,tensor([5.6000])
C#CCN(C)Cc1cc2cc(OCCCC3CCN(Cc4ccccc4)CC3)ccc2n1C,tensor([7.0800])
CC(C)(C)CNc1nccc(N2CCc3nc[nH]c3C2)n1,tensor([8.4800])
CC(C)(C)CNc1nccc(NC2CCNC2)n1,tensor([6.6900])
CC(C)(C)CNc1nccc(NC2CCNCC2)n1,tensor([5.4600])
CN(C)C1CCN(c2ccnc(NCC(C)(C)C)n2)C1,tensor([6.8400])
CN1CCCN(c2ccnc(NCC(C)(C)C)n2)CC1,tensor([5.6200])
CC(C)(C)CNc1nccc(N2CCC(NC(=N)N)C2)n1,tensor([5.9500])
CN1CCN(c2ccnc(NCC(C)(C)C)n2)CC1,tensor([5.2600])
CC(C)(C)CNc1nccc(N2CCN(C(=N)N)CC2)n1,tensor([5.2200])
CC(C)(C)CNc1nccc(NCCN)n1,tensor([6.1600])
CCC(=O)NC1CCN(c2ccnc(NCC(C)(C)C)n2)C1,tensor([5.5200])
CC(C)(C)CNc1nccc(NCCCN)n1,tensor([5.2500])
N#Cc1ccc(Cn2ccc3c(N4CCC(N5CCCCC5)CC4)ncnc32)cc1,tensor([8.1500])
Clc1nc(N2CCC(N3CCOCC3)CC2)c2ccn(CCN3CCOCC3)c2n1,tensor([6.5000])
c1nc(N2CCC(N3CCCCC3)CC2)c2ccn(CCN3CCOCC3)c2n1,tensor([7.5100])
N#Cc1ccc(Cn2ccc3c(N4CCC(N5CCCCC5)CC4)nc(Cl)nc32)cc1,tensor([7.7500])
Nc1nc(N2CCC(N3CCOCC3)CC2)c2ccn(CCN3CCOCC3)c2n1,tensor([6.0700])
Clc1ccc(Cn2ccc3c(N4CCC(N5CCCCC5)CC4)ncnc32)cc1,tensor([7.5800])
Clc1nc(N2CCC(N3CCCCC3)CC2)c2ccn(CCN3CCOCC3)c2n1,tensor([7.6600])
Fc1ccc(Cn2ccc3c(N4CCC(N5CCCCC5)CC4)nc(Cl)nc32)cc1,tensor([7.5200])
c1nc(N2CCC(N3CCOCC3)CC2)c2ccn(CCN3CCOCC3)c2n1,tensor([6.4300])
Clc1cccc(Cl)c1Cn1ccc2c(N3CCC(N4CCCCC4)CC3)ncnc21,tensor([8.2200])
Clc1nc(N2CCC(N3CCCCC3)CC2)c2ccn(Cc3c(Cl)cccc3Cl)c2n1,tensor([7.2700])
Fc1ccc(Cn2ccc3c(N4CCC(N5CCCCC5)CC4)ncnc32)cc1,tensor([7.4600])
Clc1ccc(Cn2ccc3c(N4CCC(N5CCCCC5)CC4)nc(Cl)nc32)cc1,tensor([7.3800])
CCN(CC)C1CN(c2ccnc(N)n2)C1,tensor([7.2000])
Nc1nccc(N2CC(N3CCCC3)C2)n1,tensor([7.4000])
CCNC1CN(c2ccnc(N)n2)C1,tensor([8.])
CCCNC1CN(c2ccnc(N)n2)C1,tensor([8.5000])
CC(C)CNC1CN(c2ccnc(N)n2)C1,tensor([7.4000])
CCc1cc(N2CC(NC)C2)nc(N)n1,tensor([7.3000])
CCNC1CN(c2cc(CC)nc(N)n2)C1,tensor([6.9000])
CNC1CN(c2ccnc(N)n2)C1,tensor([8.2000])
CC(C)NC1CN(c2ccnc(N)n2)C1,tensor([7.4000])
CCNC1CN(c2cc(C(C)C)nc(N)n2)C1,tensor([7.])
Cc1cc(N2CC(N(C)C)C2)nc(N)n1,tensor([6.5000])
CCc1cc(N2CC(N(C)C)C2)nc(N)n1,tensor([6.6000])
CCC(C)NC1CN(c2ccnc(N)n2)C1,tensor([7.9000])
CC(C)c1cc(N2CC(N(C)C)C2)nc(N)n1,tensor([6.9000])
CCc1cc(N2CC(N)C2)nc(N)n1,tensor([7.1000])
CNC1CN(c2cc(C(C)C)nc(N)n2)C1,tensor([7.])
CC(C)c1cc(N2CC(N)C2)nc(N)n1,tensor([6.7000])
Cc1cc(N2CC(N)C2)nc(N)n1,tensor([7.3000])
CN(C)C1CN(c2ccnc(N)n2)C1,tensor([7.3000])
Nc1nccc(N2CC(N)C2)n1,tensor([7.8000])
CCCCNC1CN(c2ccnc(N)n2)C1,tensor([7.8000])
COC(=O)c1ncn(C2C(O)C(O)C3(CO)CC23)n1,tensor([5.3400])
O=C(CN1CCOCC1)Nc1ccc(OC2CCN(C3CCC3)CC2)cc1F,tensor([7.8300])
CC(C)N1CCC(Oc2ccc(C(=O)NCCN3CCCC3)cc2)CC1,tensor([7.9800])
O=C(CN1CCCCC1)Nc1ccc(OC2CCN(C3CCCC3)CC2)cc1,tensor([8.3900])
O=C(CN1CCCN(C2CCC2)CC1)Nc1ccc(OC2CCN(C3CCC3)CC2)cc1C(F)(F)F,tensor([8.7900])
Cc1cc(OC2CCN(C3CCC3)CC2)ccc1NC(=O)CN1CCCC1,tensor([8.7200])
Cc1cc(OC2CCN(C3CCC3)CC2)ccc1NC(=O)CN1CCCCC1,tensor([8.4800])
O=C(CN1CCCCC1)Nc1ccc(OC2CCN(C3CCC3)CC2)cc1C(F)(F)F,tensor([7.8300])
O=C(CN1CCOCC1)Nc1cccc(OC2CCN(C3CCC3)CC2)c1,tensor([6.6700])
O=C(CN1CCCCC1)Nc1ccc(OC2CCN(C3CCC3)CC2)cc1,tensor([8.3200])
CC1CCCN1CC(=O)Nc1ccc(N2CCOCC2)cc1,tensor([5.8400])
O=C(CN1CCOCC1)Nc1ccc(OC2CCN(C3CCC3)CC2)c(F)c1,tensor([7.2100])
CC(C)N1CCCN(CC(=O)Nc2ccc(OC3CCN(C4CCC4)CC3)cc2C(F)(F)F)CC1,tensor([9.0200])
CN(C)CC(=O)Nc1ccc(OC2CCN(C3CCC3)CC2)cc1,tensor([8.2200])
CC(=O)N1CCN(CC(=O)Nc2ccc(OC3CCN(C4CCC4)CC3)cc2)CC1,tensor([8.2700])
CCN(C(=O)CN1CCOCC1)c1ccc(OC2CCN(C3CCC3)CC2)cc1,tensor([7.9700])
O=C(CN1CCOC(CO)C1)Nc1ccc(OC2CCN(C3CCC3)CC2)cc1,tensor([8.3900])
O=C(CN1CCCC1)Nc1ccc(OC2CCN(C3CCC3)CC2)cc1,tensor([8.9600])
CN(C(=O)CN1CCOCC1)c1ccc(OC2CCN(C3CCC3)CC2)cc1,tensor([8.3100])
O=C(CN1CCCC1CO)Nc1ccc(OC2CCN(C3CCC3)CC2)cc1,tensor([8.9200])
O=C(CN1CCC(F)CC1)Nc1ccc(OC2CCN(C3CCCC3)CC2)cc1,tensor([7.9600])
O=C(CN1CCOCC1)Nc1ccc(CN2CCCC2)cc1,tensor([6.9400])
O=C(CN1CCC(O)CC1)Nc1ccc(OC2CCN(C3CCC3)CC2)cc1,tensor([8.1900])
Cc1cc(OC2CCN(C3CCC3)CC2)ccc1NC(=O)CN1CCOCC1,tensor([7.6600])
CC1CCCN1CC(=O)Nc1ccc(CN2CCOCC2)cc1,tensor([6.0400])
CCOC(=O)N1CCN(CC(=O)Nc2ccc(OC3CCN(C4CCC4)CC3)cc2)CC1,tensor([8.9700])
O=C(CN1CCOCC1)Nc1ccc(OC2CCN(C3CCCC3)CC2)cc1,tensor([7.5200])
O=C(CN1CCOCC1)Nc1ccc(OC2CCN(C3CCC3)CC2)cc1C(F)(F)F,tensor([7.1200])
O=C(NCCN1CCOCC1)c1ccc(OC2CCN(C3CCC3)CC2)cc1,tensor([8.5500])
O=C(CN1CCS(=O)(=O)CC1)Nc1ccc(OC2CCN(C3CCC3)CC2)cc1,tensor([8.0400])
O=C(NCCN1CCCC1)c1ccc(OC2CCN(C3CCC3)CC2)cc1,tensor([8.5400])
O=C(CN1CCOCC1)Nc1ccc(OC2CCN(C3CCC3)CC2)cc1,tensor([8.0600])
CC(C)N1CCC(Oc2ccc(NC(=O)CN3CCCCC3)cc2)CC1,tensor([8.4200])
Cc1cc(OC2CCN(C3CCC3)CC2)ccc1NC(=O)CN1CCCC1C,tensor([8.6200])
O=C(Cc1cccnc1)Nc1ccc(OC2CCN(C3CCC3)CC2)cc1,tensor([7.8000])
O=C(CN1CCCC1)Nc1ccc(OC2CCN(C3CCCC3)CC2)cc1,tensor([8.4200])
O=C(CN1CCOCC1)Nc1ccc(N2CCN(C3CCC3)CC2)cc1,tensor([6.2700])
O=C(NCCN1CCCCC1)c1ccc(OC2CCN(C3CCC3)CC2)cc1,tensor([8.4900])
O=C(CN1CCC(F)(F)CC1)Nc1ccc(OC2CCN(C3CCC3)CC2)cc1,tensor([7.6300])
O=C(NCCN1CCCC1)c1ccc(OC2CCN(C3CCCC3)CC2)cc1,tensor([8.6200])
CC(C)N1CCC(Oc2ccc(C(=O)NCCN3CCCCC3)cc2)CC1,tensor([8.0200])
CC(C)N1CCC(Oc2ccc(NC(=O)CN3CCOCC3)cc2)CC1,tensor([8.0800])
O=C(Cc1ccncc1)Nc1ccc(OC2CCN(C3CCC3)CC2)cc1,tensor([8.0200])
O=C(CN1CCCCCC1)Nc1ccc(OC2CCN(C3CCC3)CC2)cc1,tensor([8.5900])
CC1CCCN1CC(=O)Nc1ccc(OC2CCN(C3CCC3)CC2)cc1,tensor([8.5900])
Cc1ccc2oc(-c3ccc(OCCCCCCN4CCCC(C)C4)cc3)cc(=O)c2c1,tensor([7.2200])
Cc1ccc2oc(-c3ccc(OCCCCCCN4CCCCC4)cc3)cc(=O)c2c1,tensor([6.6400])
Cc1ccc2oc(-c3ccc(OCCCCCCN4CCCCCC4)cc3)cc(=O)c2c1,tensor([6.8000])
CC1CCCN(CCCCCCOc2ccc3c(c2)C(=O)CC(c2ccccc2)O3)C1,tensor([6.2800])
CCc1ccc(OCCCCCCN2CCC(C)CC2)cc1,tensor([6.7400])
CCc1ccc(OCCCCCCN2CCCCCC2)cc1,tensor([7.0700])
CCOC(=O)C1=C(C)NC(C)=C(C(=O)OCC)C1c1ccc(OCCCCCN2CCCCC2)cc1,tensor([6.2500])
CCOC(=O)C1=C(C)NC(C)=C(C(=O)OCC)C1c1ccc(OCCCN2CCCCC2)c(OCC)c1,tensor([5.7900])
CCOC(=O)C1=C(C)NC(C)=C(C(=O)OCC)C1c1ccc(OCCCCCN2CCCC2)cc1,tensor([6.3700])
COc1ccc2[nH]cc(CCNC(C)=O)c2c1,tensor([9.3000])
CCOC(=O)C1=C(C)NC(C)=C(C(=O)OCC)C1c1ccc(OCCCN2CCCC2)cc1,tensor([7.0800])
CCOC(=O)C1=C(C)NC(C)=C(C(=O)OCC)C1c1ccc(OCCCCN2CCCC2)cc1,tensor([7.2200])
CCOC(=O)C1=C(C)NC(C)=C(C(=O)OCC)C1c1ccc(OCCCN2CCCCC2)cc1,tensor([7.4000])
CCC(=O)c1ccc(OCCCCN2CCN(c3cnccn3)CC2)cc1,tensor([5.4400])
CC(=O)c1ccc(OCCCN2CCN(c3cnccn3)CC2)cc1,tensor([5.6100])
CC(=O)c1ccc(OCCCCN2CCN(c3cccnc3)CC2)cc1,tensor([6.0400])
CCC(=O)c1ccc(OCCCN2CCN(c3ncccn3)CC2)cc1,tensor([5.4700])
CC(=O)c1ccc(OCCCCN2CCN(c3ncccn3)CC2)cc1,tensor([5.9100])
CCC(=O)c1ccc(OCCCN2CCN(c3ccccn3)CC2)cc1,tensor([6.4200])
CC(=O)c1ccc(OCCCCN2CCN(c3ccncc3)CC2)cc1,tensor([6.9400])
CC(=O)c1ccc(OCCCN2CCN(c3ccccn3)CC2)cc1,tensor([6.5000])
CC(=O)c1ccc(OCCCN2CCN(c3ncccn3)CC2)cc1,tensor([5.6300])
CCC(=O)c1ccc(OCCCN2CCN(c3ccncc3)CC2)cc1,tensor([8.2800])
CCC(=O)c1ccc(OCCCCN2CCN(c3cccnc3)CC2)cc1,tensor([5.8600])
CCC(=O)c1ccc(OCCCN2CCN(C3CCCO3)CC2)cc1,tensor([5.8600])
CC(=O)c1ccc(OCCCCN2CCN(c3cnccn3)CC2)cc1,tensor([5.7900])
CCC(=O)c1ccc(OCCCN2CCN(c3cnccn3)CC2)cc1,tensor([5.7600])
CC(=O)c1ccc(OCCCN2CCN(c3cccnc3)CC2)cc1,tensor([6.3000])
CC(=O)c1ccc(OCCCCN2CCN(c3ccccn3)CC2)cc1,tensor([5.4300])
CC(=O)c1ccc(OCCCN2CCN(C3CCCO3)CC2)cc1,tensor([5.3100])
CCC(=O)c1ccc(OCCCCN2CCN(c3ccccn3)CC2)cc1,tensor([5.8400])
CCC(=O)c1ccc(OCCCCN2CCN(c3ncccn3)CC2)cc1,tensor([5.3900])
CC(=O)c1ccc(OCCCN2CCN(c3ccncc3)CC2)cc1,tensor([7.9900])
CCC(=O)c1ccc(OCCCN2CCN(c3cccnc3)CC2)cc1,tensor([6.7200])
c1ccc(CNc2ccnc(Nc3ccc(OCCN4CCCCC4)cc3)n2)cc1,tensor([8.3500])
Cc1ccc(C2(O)CCN(c3nc(C)nc4ccsc34)CC2)nc1,tensor([8.2200])
COc1ccccc1N1CCC2(CCN(CCCSc3nnc(-c4ccccc4)n3C)CC2)CC1,tensor([6.2900])
C#CCNC1CCc2ccc(OCCCN3CCCCC3)cc21,tensor([8.1700])
C#CCNC1CCc2cc(OCCCN3CCCCC3)ccc21,tensor([8.5900])
CC1CCCN1CCCOc1ccc2c(c1)CCC1C2CCC2(C)CCC(C(=O)NCC3CCC3)C12,tensor([8.3000])
CC12CCC3c4ccc(OCCCN5CCCC5)cc4CCC3C1CCC2N1CCCC1,tensor([9.2200])
CC(=O)NC1CC(=O)C2(C)CCC3c4ccc(OCCCN5CCCC5C)cc4CCC3C12,tensor([8.])
CC1CCCN1CCCOc1ccc2c(c1)CCC1C2CCC2(C)C(C(=O)N3CCCC3)CCC12,tensor([8.7000])
CCNC(=O)C1CC(=O)C2(C)CCC3c4ccc(OCCCN5CCC(F)(F)CC5)cc4CCC3C12,tensor([5.8600])
CCN(CC)C(=O)C1CC(=O)C2(C)CCC3c4ccc(OCCCN5CCCC5C)cc4CCC3C12,tensor([7.4700])
CCNC(=O)C1CC(=O)C2(C)CCC3c4ccc(OCCN5CCCC5C)cc4CCC3C12,tensor([6.5800])
CC1CCCN1CCCOc1ccc2c(c1)CCC1C2CCC2(C)CCC(C(=O)NCC3CC3)C12,tensor([8.0500])
CCNC(=O)C1CC(=O)C2(C)CCC3c4ccc(OCCCCN5CCCC5C)cc4CCC3C12,tensor([6.6300])
CC1CCCN1CCCOc1ccc2c(c1)CCC1C2CCC2(C)C(=O)CC(C(=O)N3CCCC3)C12,tensor([7.5200])
CCNC(=O)C1CC(=O)C2(C)CCC3c4ccc(OCCCN5CCCC5C)cc4CCC3C12,tensor([8.5200])
CCNC(=O)C1CC(OC)C2(C)CCC3c4ccc(OCCCN5CCCC5C)cc4CCC3C12,tensor([8.0500])
CCNC(=O)C1CCC2(C)CCC3c4ccc(OCCCN5CCCC5C)cc4CCC3C12,tensor([8.0500])
CCNC(=O)C1CC(=O)C2(C)CCC3c4ccc(OCCCN5CCC(F)C5)cc4CCC3C12,tensor([6.6400])
CCCN(CCC1(O)CC(NC(=O)c2ccc3ccccc3c2)C1)C1CCc2nc(N)sc2C1,tensor([6.0500])
CCCN(CCC)CCCOc1ccc(-c2cn3cccc(C)c3n2)cc1C,tensor([7.8500])
c1cc(-c2cn3c(n2)CCCC3)ccc1OCCCN1CCCCC1,tensor([9.1200])
Cc1ccn2cc(-c3ccc(OCCCN4CCCCCC4)cc3C)nc2c1,tensor([9.3000])
c1ccc(-c2cccc(OCCCCCN3CCCCCC3)c2)cc1,tensor([6.9400])
c1ccc(-c2ccc(OCCCCCN3CCCCC3)cc2)cc1,tensor([7.6000])
CC1CCN(CCCCCOc2cccc(-c3ccccc3)c2)CC1,tensor([6.8000])
c1ccc(-c2cccc(OCCCCCN3CCCCC3)c2)cc1,tensor([7.1200])
c1ccc(-c2ccc(OCCCCCCN3CCCCCC3)cc2)cc1,tensor([6.8200])
c1ccc(-c2cccc(OCCCCCCN3CCCCC3)c2)cc1,tensor([6.9100])
CC1CCN(CCCCCCOc2cccc(-c3ccccc3)c2)CC1,tensor([6.8000])
c1ccc(-c2ccc(OCCCCCN3CCCCCC3)cc2)cc1,tensor([7.4700])
CC1CCN(CCCCCCOc2ccc(-c3ccccc3)cc2)CC1,tensor([6.5800])
c1ccc(-c2ccc(OCCCCCCN3CCCCC3)cc2)cc1,tensor([7.0400])
c1ccc(-c2cccc(OCCCCCCN3CCCCCC3)c2)cc1,tensor([7.7500])
CCN1CCN(c2ccc3c(c2)CN(S(=O)(=O)c2ccccc2)C3)CC1,tensor([6.5300])
CCN1CCC(c2ccc3c(c2)CCN3S(=O)(=O)c2ccccc2)CC1,tensor([6.3500])
CCN1CCN(c2ccc3c(c2)CCN3S(=O)(=O)c2ccccc2)CC1,tensor([6.5500])
CCN1CCC(c2ccc3c(c2)CN(S(=O)(=O)c2ccccc2)C3)CC1,tensor([6.5200])
O=S(=O)(c1ccccc1)N1CCc2c(C3CCN(C4CCC4)CC3)cccc21,tensor([6.6700])
O=S(=O)(c1ccccc1)N1Cc2ccc(N3CCN(C4CCC4)CC3)cc2C1,tensor([6.4000])
O=S(=O)(c1ccccc1)N1CCc2c(N3CCN(C4CCC4)CC3)cccc21,tensor([6.2400])
CN1CCC(c2ccc3c(c2)CCN3S(=O)(=O)c2ccccc2)CC1,tensor([6.5200])
N=C(N)N(CCCCN1CCN(CCCCCCCOc2ccccc2)CC1)Cc1ccc(Cl)cc1,tensor([6.5600])
N=C(N)N(CCCCN1CCN(CCCCCCCOc2ccccc2)CC1)Cc1ccccc1,tensor([6.8000])
N=C(N)N(CCCCN1CCN(CCCCCCCOc2ccccc2)CC1)Cc1ccc([N+](=O)[O-])cc1,tensor([6.8400])
Cc1cc(OCCCNC(=O)CCCCCNC(=O)COc2ccc(C=CC3=[N+]4C(=Cc5ccc(-c6ccc[nH]6)n5[B-]4(F)F)C=C3)cc2)ccc1-c1nc2c(C)c(F)ccc2[nH]1,tensor([6.3000])
Cc1cc(C=CC=Cc2ccc(N(C)C)cc2)cc(C)[n+]1CCCCCc1c[nH]cn1,tensor([9.0400])
Cc1cc(C=CC=Cc2ccc(N(C)C)cc2)cc(C)[n+]1CCCCc1c[nH]cn1,tensor([8.6000])
Cc1cc(OCCC[n+]2c(C)cc(C=Cc3cc4c5c(c3)CCCN5CCC4)cc2C)ccc1-c1nc2c(C)c(F)ccc2[nH]1,tensor([4.6900])
Cc1cc(C=CC=Cc2ccc(N(C)C)cc2)cc(C)[n+]1CCCc1c[nH]cn1,tensor([7.9300])
Cc1cc(C=CC=Cc2ccc(N(C)C)cc2)cc(C)[n+]1CCc1c[nH]cn1,tensor([6.0700])
Cc1cc(C=CC=Cc2ccc(N(C)C)cc2)cc(C)[n+]1CCCN1CCc2nc[nH]c2C1,tensor([6.3400])
Cc1cc(OCCCNC(=O)CCCCCN2C(=CC=CC=CC3=[N+](CCCCS(=O)(=O)[O-])c4ccccc4C3(C)C)C(C)(C)c3ccccc32)ccc1-c1nc2c(C)c(F)ccc2[nH]1,tensor([5.6200])
O=C(c1ccccc1)c1cccc(OCCCCCCN2CCCCCC2)c1,tensor([7.3900])
Fc1ccc(OCCCCCCN2CCCCCC2)cc1,tensor([6.8600])
COc1cc(NC2(c3cccc(Cl)c3)C(=O)N(C(C)(C)C)C(=O)C2=Cc2ccccc2)cc(OC)c1OC,tensor([5.5000])
C=C(C)C1CCC(C)=CC1c1c(O)cc(CCCCC)cc1O,tensor([5.5100])
c1ccc(-c2ccc3c(c2)CC(CN2CCNCC2)O3)cc1,tensor([6.2000])
C=CCN1CCN(CC2Cc3cc(-c4ccccc4)ccc3O2)CC1,tensor([8.4000])
CN1CCN(CC2Cc3cc(C(C)(C)C)ccc3O2)CC1,tensor([6.1000])
COc1ccc2c(c1)CC(CN1CCN(C)CC1)O2,tensor([6.1000])
C=CCN1CCN(CC2Cc3cc(C(C)(C)C)ccc3O2)CC1,tensor([7.8000])
C=CCN1CCN(CC2Cc3cc(OC)ccc3O2)CC1,tensor([8.2000])
CN1CCN(CC2Cc3cc(Cl)ccc3O2)CC1,tensor([6.1000])
CC1CCCN(CCCCCOc2ccc3oc4ccccc4c(=O)c3c2)C1,tensor([6.8100])
CC1CCCN(CCCCCCOc2ccc3oc4ccccc4c(=O)c3c2)C1,tensor([7.])
CC1CCCN(CCCCCOc2ccc3oc4ccc(Cl)cc4c(=O)c3c2)C1,tensor([6.8300])
O=c1c2cc(Cl)ccc2oc2ccc(OCCCCCN3CCCCC3)cc12,tensor([6.8200])
O=c1c2cc(Cl)ccc2oc2ccc(OCCCCCN3CCCCCC3)cc12,tensor([7.])
O=c1c2ccc(Cl)cc2oc2ccc(OCCCCCCN3CCCCCC3)cc12,tensor([6.2200])
CC1CCN(CCCCCCOc2ccc3oc4ccccc4c(=O)c3c2)CC1,tensor([7.0100])
CC1CCN(CCCCCCOc2ccc3oc4cc(Cl)ccc4c(=O)c3c2)CC1,tensor([6.2800])
O=c1c2ccc(Cl)cc2oc2ccc(OCCCCCN3CCCCCC3)cc12,tensor([7.0700])
CC1CCN(CCCCCCOc2ccc3oc4ccc(Cl)cc4c(=O)c3c2)CC1,tensor([6.3300])
O=c1c2ccccc2oc2ccc(OCCCCCN3CCCCCC3)cc12,tensor([6.7700])
O=c1c2ccccc2oc2ccc(OCCCCCN3CCCCC3)cc12,tensor([6.7600])
O=c1c2cc(Cl)ccc2oc2ccc(OCCCCCCN3CCCCC3)cc12,tensor([6.5500])
O=c1c2ccc(Cl)cc2oc2ccc(OCCCCCCN3CCCCC3)cc12,tensor([6.6900])
O=c1c2cc(Cl)ccc2oc2ccc(OCCCCCCN3CCCCCC3)cc12,tensor([6.6200])
CC1CCN(CCCCCOc2ccc3oc4cc(Cl)ccc4c(=O)c3c2)CC1,tensor([6.3500])
O=c1c2ccccc2oc2ccc(OCCCCCCN3CCCCCC3)cc12,tensor([6.3000])
CC1CCN(CCCCCOc2ccc3oc4ccc(Cl)cc4c(=O)c3c2)CC1,tensor([6.8500])
O=c1c2ccccc2oc2ccc(OCCCCCCN3CCCCC3)cc12,tensor([5.9700])
CC1CCCN(CCCCCCOc2ccc3oc4cc(Cl)ccc4c(=O)c3c2)C1,tensor([5.9600])
O=C(c1ccc(Cl)cc1)c1ccc(OCCCN2CCN(c3ccncc3)CC2)cc1,tensor([7.6400])
c1ccc(Nc2ccc(OCCCN3CCN(c4ccncc4)CC3)cc2)cc1,tensor([8.0700])
N#Cc1ccc(-c2ccc(OCCCN3CCN(c4ccncc4)CC3)cc2)cc1,tensor([8.1100])
O=C(c1ccc(OCCCN2CCC(c3ccncc3)CC2)cc1)C1CC1,tensor([8.1100])
Clc1cccc(-c2ccc(OCCCN3CCN(c4ccncc4)CC3)cc2)c1,tensor([6.9600])
c1ccc2cc(OCCCN3CCN(c4ccncc4)CC3)ccc2c1,tensor([7.1700])
Fc1ccc(-c2ccc(OCCCN3CCN(c4ccncc4)CC3)cc2)cc1,tensor([7.2200])
O=C(c1ccc(F)cc1)c1ccc(OCCCN2CCN(c3ccncc3)CC2)cc1,tensor([8.2300])
c1ccc(Cc2ccc(OCCCN3CCN(c4ccncc4)CC3)cc2)cc1,tensor([7.7500])
Clc1ccc(-c2ccc(OCCCN3CCN(c4ccncc4)CC3)cc2)cc1,tensor([6.8600])
Cc1nc(N)sc1CCCNC(N)=NC(=O)NC(c1ccccc1)C(C)C,tensor([4.7200])
Cc1nc(N)sc1CCCNC(N)=NC(=O)NCc1ccccc1,tensor([4.7100])
CCC(NC(=O)N=C(N)NCCCc1sc(N)nc1C)c1ccccc1,tensor([4.6600])
Cc1nc(N)sc1CCCNC(N)=NC(=S)NC(C)c1ccccc1,tensor([4.1900])
Cc1nc(N)sc1CCCNC(N)=NC(=O)NC(C)c1cccs1,tensor([4.2300])
Cc1nc(N)sc1CCCNC(N)=NC(=O)NC(C)c1ccc(F)cc1,tensor([4.5900])
Cc1ccc(C(C)NC(=O)N=C(N)NCCCc2sc(N)nc2C)cc1,tensor([4.5800])
Cc1nc(N)sc1CCCNC(N)=NC(=S)NCC(c1ccccc1)c1ccccc1,tensor([4.3300])
Cc1nc(N)sc1CCCNC(N)=NC(=O)NC(C)c1ccccc1F,tensor([4.5100])
Cc1nc(N)sc1CCCNC(N)=NC(=O)NC(c1ccccc1)C(F)(F)F,tensor([4.5000])
CCCNC(=O)N=C(N)NCCCc1sc(N)nc1C,tensor([4.3500])
Cc1nc(N)sc1CCCNC(N)=NC(=O)NCC(C)CC1CCCCC1,tensor([5.1300])
Cc1nc(N)sc1CCCNC(N)=NC(=O)NC(C)c1ccccc1,tensor([4.4800])
COc1ccc(C(C)NC(=O)N=C(N)NCCCc2sc(N)nc2C)cc1,tensor([4.4800])
Cc1nc(N)sc1CCCNC(N)=NC(=O)NC(C)c1cccc(F)c1,tensor([4.4100])
Cc1nc(N)sc1CCCNC(N)=NC(=O)NC(C)c1ccco1,tensor([4.3600])
CCCCCCNC(=O)N=C(N)NC1CCc2nc(N)sc2C1,tensor([5.8200])
Cc1nc(N)sc1CCCNC(N)=NC(=O)NCC(C)C1CCCCC1,tensor([5.])
Cc1nc(N)sc1CCCNC(N)=NC(=O)NC(c1ccccc1)c1ccccc1,tensor([5.0400])
Cc1nc(N)sc1CCCNC(N)=NC(=O)NC(C)c1ccc(Cl)cc1,tensor([4.7500])
Cc1nc(N)sc1CCCNC(N)=NC(=O)NCC(c1ccccc1)c1ccccc1,tensor([5.])
CCCCCNC(=O)N=C(N)NCCCc1sc(N)nc1C,tensor([4.9800])
Cc1nc(N)sc1CCCNC(N)=NC(=O)NCC(C)CCCc1ccccc1,tensor([5.6400])
CCCCCCNC(=O)N=C(N)Nc1cccc(-c2csc(N)n2)c1,tensor([4.9600])
Cc1nc(N)sc1CCCNC(N)=NC(=O)NCC(c1ccccc1)C(C)C,tensor([4.9300])
Cc1nc(N)sc1CCCNC(N)=NC(=O)NC(C)c1ccc(Br)cc1,tensor([4.8900])
Cc1nc(N)sc1CCCNC(N)=NC(=O)NC(C)c1ccc(OC(F)(F)F)cc1,tensor([4.8400])
Cc1nc(N)sc1CCCNC(N)=NC(=O)NCc1ccco1,tensor([4.1300])
CCC(CNC(=O)N=C(N)NCCCc1sc(N)nc1C)c1ccccc1,tensor([4.7800])
Cc1nc(N)sc1CCCNC(N)=NC(=O)NCC(C)CCc1ccccc1,tensor([5.0400])
NC(=NC(=O)NCc1ccccc1)NC1CCc2nc(N)sc2C1,tensor([5.4800])
Cc1nc(N)sc1CCCNC(N)=NC(=O)NCC(C)c1ccc(C(C)C)cc1,tensor([5.1000])
Cc1ccc(CC(C)CNC(=O)N=C(N)NCCCc2sc(N)nc2C)cc1,tensor([5.4900])
Cc1nc(N)sc1CCCNC(N)=NC(=O)NCC(C)c1ccccc1,tensor([4.7700])
Fc1ccc2c(C3CCN(CCCOc4ccc(CN5CCOCC5)c(F)c4)CC3)noc2c1,tensor([6.7300])
Fc1ccc2c(C3CCN(CCCOc4ccc(CN5CCOCC5)cc4)CC3)noc2c1,tensor([6.7800])
CN1CCN(Cc2ccc(OCCCCN3CCC(c4noc5cc(F)ccc45)CC3)cc2)CC1,tensor([8.0400])
O=C1CCc2ccc(OCCCCN3CCN(c4cccc(Cl)c4Cl)CC3)cc2N1,tensor([5.6300])
Fc1ccc2c(C3CCN(CCCOc4ccc(CCN5CCOCC5)cc4)CC3)noc2c1,tensor([7.8500])
COc1cc(CN2CCOCC2)ccc1OCCCN1CCC(c2noc3cc(F)ccc23)CC1,tensor([6.8300])
Fc1ccc2c(C3CCN(CCCOc4ccc(CN5CCOCC5)cc4Cl)CC3)noc2c1,tensor([6.8300])
Cc1cc(OCCCN2CCC(c3noc4cc(F)ccc34)CC2)ccc1CN1CCCC1,tensor([6.9500])
Fc1ccc2c(C3CCN(CCCOc4ccc(CN5CCCCC5)cc4)CC3)noc2c1,tensor([6.5700])
CC1CCN(CCc2ccc(OCCCCN3CCC(c4noc5cc(F)ccc45)CC3)cc2)CC1,tensor([7.8000])
COc1cc(CN2CCCC2)ccc1OCCCN1CCC(c2noc3cc(F)ccc23)CC1,tensor([6.8200])
Fc1ccc2c(C3CCN(CCCOc4ccc(CN5CCCCC5)cc4F)CC3)noc2c1,tensor([6.5700])
Cc1nc2n(c(=O)c1CCN1CCC(c3noc4cc(F)ccc34)CC1)CCCC2,tensor([5.9600])
Cc1cc(OCCCN2CCC(c3noc4cc(F)ccc34)CC2)ccc1CN1CCOCC1,tensor([6.7900])
Fc1ccc2c(C3CCN(CCCOc4ccc(CN5CCCC5)cc4Cl)CC3)noc2c1,tensor([6.9000])
Fc1ccc2c(C3CCN(CCCOc4ccc(CN5CCOCC5)cc4F)CC3)noc2c1,tensor([6.7100])
CC1CCN(CCc2ccc(OCCCN3CCC(c4noc5cc(F)ccc45)CC3)cc2)CC1,tensor([7.9200])
CN1CCN(Cc2ccc(OCCCN3CCC(c4noc5cc(F)ccc45)CC3)cc2)CC1,tensor([8.0900])
Fc1ccc2c(C3CCN(CCCOc4ccc(CN5CCCC5)cc4)CC3)noc2c1,tensor([7.0300])
Fc1ccc2c(C3CCN(CCCOc4ccc(CN5CCOCC5)c(Cl)c4)CC3)noc2c1,tensor([6.7900])
Fc1ccc2c(C3CCN(CCCOc4ccc(CN5CCCCC5)c(F)c4)CC3)noc2c1,tensor([6.5000])
CN1CCN(CCc2ccc(OCCCN3CCC(c4noc5cc(F)ccc45)CC3)cc2)CC1,tensor([6.5700])
CN1CCN(c2ccnc(NCCc3ccccc3)n2)CC1,tensor([7.0900])
CC1CN(c2ncc(Cl)c(Nc3ccc4c(c3)n(CCC(C)(C)O)c(=O)n4C)n2)CC(C)C1(F)F,tensor([5.6900])
Nc1nc(-c2ccc(OCCCN3CCCCC3)cc2)c2c(n1)-c1ccccc1C2=O,tensor([9.5500])
Nc1nc(-c2ccc(OCCCN3CCCCC3)cc2)c2c(n1)-c1ccc(OCCCN3CCCCC3)cc1C2=O,tensor([9.5100])
Nc1nc(-c2ccccc2)c2c(n1)-c1cc(OCCCN3CCCCC3)ccc1C2=O,tensor([7.2800])
Nc1nc(-c2ccccc2)c2c(n1)-c1cc(OCCCN3CCCC3)ccc1C2,tensor([7.9600])
Nc1nc(-c2ccccc2)c2c(n1)-c1ccc(OCCCN3CCCC3)cc1C2,tensor([7.9600])
Nc1nc(-c2ccc(OCCCN3CCCCC3)cc2)c2c(n1)-c1ccc(OCCCN3CCCCC3)cc1C2,tensor([9.2200])
Nc1nc(-c2ccccc2)c2c(n1)-c1ccc(OCCCN3CCCC3)cc1C2=O,tensor([7.5100])
Nc1nc(-c2ccccc2)c2c(n1)-c1ccc(OCCCN3CCCCC3)cc1C2=O,tensor([7.4400])
Nc1nc(-c2ccccc2)c2c(n1)-c1ccc(OCCCN3CCCCC3)cc1C2,tensor([8.6400])
Nc1nc(-c2ccccc2)c2c(n1)-c1cc(OCCCN3CCCCC3)ccc1C2,tensor([8.3500])
Nc1nc(-c2ccccc2)c2c(n1)-c1cc(OCCCN3CCCC3)ccc1C2=O,tensor([7.7700])
Nc1nc(-c2ccc(OCCCN3CCCCC3)cc2)c2c(n1)-c1ccccc1C2,tensor([9.3100])
CCN1CCN(C(=O)c2ccc(-c3nc4ccccc4s3)s2)CC1,tensor([7.7100])
CN(C)c1ccc2c(-c3ccc(C(=O)NCCOCCOCCOCCNC(=O)C4CCN(Cc5ccc(OCCCN6CCCCC6)cc5)CC4)cc3C(=O)[O-])c3ccc(=[N+](C)C)cc-3oc2c1,tensor([9.8000])
O=C1CN(C(=O)c2ccc(OCCCN3CCCCC3)cc2)CCN1,tensor([8.5500])
CC(C)C1NC(=O)C(Cc2ccc(OCCCN3CCCCC3)cc2)NC1=O,tensor([6.6600])
O=C1CN(Cc2ccc(OCCCN3CCCCC3)cc2)CCN1Cc1ccccc1,tensor([7.9500])
O=c1[nH]c(=Cc2ccc(OCCCN3CCCCC3)cc2)c(=O)[nH]c1=Cc1ccccc1,tensor([8.4200])
O=C1CN(C(=O)c2ccc(OCCCN3CCCCC3)cc2)CCN1Cc1ccccc1,tensor([8.3100])
O=C1CN(Cc2ccc(OCCCN3CCCCC3)cc2)C(=O)CN1,tensor([8.3100])
CC1NC(=O)C(Cc2ccc(OCCCN3CCCCC3)cc2)NC1=O,tensor([6.8000])
O=C1CNC(=O)C(Cc2ccc(OCCCN3CCCCC3)cc2)N1,tensor([7.1300])
O=C1NC(Cc2ccc(OCCCN3CCCCC3)cc2)C(=O)NC1Cc1ccccc1,tensor([7.4100])
O=C1CNC(=O)C(=Cc2ccc(OCCCN3CCCCC3)cc2)N1,tensor([7.6500])
c1cc(OCCCN2CCCCC2)ccc1CC1CNCCN1,tensor([8.7000])
O=C1NC(Cc2ccccc2)C(=O)NC1=Cc1ccc(OCCCN2CCCCC2)cc1,tensor([8.7000])
CC(=O)N1CC(=O)NC(=Cc2ccc(OCCCN3CCCCC3)cc2)C1=O,tensor([8.4200])
CC(=O)N1C(=O)C(=Cc2ccc(OCCCN3CCCCC3)cc2)NC(=O)C1Cc1ccccc1,tensor([8.3600])
c1ccc(CC2CNC(Cc3ccc(OCCCN4CCCCC4)cc3)CN2)cc1,tensor([8.9600])
Cc1ccc(CC(C)CNC(=O)N=C(N)NCCCc2nnc(N)o2)cc1,tensor([5.0400])
Cc1ccc(CC(C)CNC(=O)N=C(N)NCCCc2cnc(N)s2)cc1,tensor([5.3200])
CC(CCCc1ccccc1)CNC(=O)N=C(N)NCCCc1nnc(N)s1,tensor([5.4000])
CCCCCNC(=O)N=C(N)NCC1CCc2nc(N)sc2C1,tensor([5.1800])
NC(=NC(=O)NCCCCCCCCNC(=O)N=C(N)NCCCc1nnc(N)s1)NCCCc1nnc(N)s1,tensor([5.1600])
CC(CNC(=O)N=C(N)NCCCc1nnc(N)s1)C1CCCCC1,tensor([5.5600])
Cc1ccc(CC(C)CNC(=O)N=C(N)NCCCc2nnc(N)s2)cc1,tensor([5.6300])
Cc1nc(N)sc1-c1ccc(NC(N)=NC(=O)NCC(C)CCCc2ccccc2)cc1,tensor([5.1000])
Cc1nc(N)sc1-c1ccc(NC(N)=NC(=O)NCCCCCCNC(=O)N=C(N)Nc2ccc(-c3sc(N)nc3C)cc2)cc1,tensor([5.7100])
Cc1nc(N)oc1CCCNC(N)=NC(=O)NCC(C)C1CCCCC1,tensor([5.0800])
Cc1nc(N)sc1-c1ccc(NC(N)=NC(=O)NCc2ccccc2)cc1,tensor([5.0700])
CC(NC(=O)N=C(N)NCCCc1c[nH]cn1)c1ccccc1,tensor([8.7700])
Cc1nc(N)sc1-c1cccc(NC(N)=NC(=O)NCCCCCCNC(=O)N=C(N)Nc2cccc(-c3sc(N)nc3C)c2)c1,tensor([6.1500])
CC(CCCc1ccccc1)CNC(=O)N=C(N)NCC1CCc2nc(N)sc2C1,tensor([5.7600])
CCCCCNC(=O)N=C(N)Nc1ccc(-c2sc(N)nc2C)cc1,tensor([4.9400])
CCCCCNC(=O)N=C(N)Nc1cccc(-c2sc(N)nc2C)c1,tensor([5.0200])
Cc1nnc(CCCNC(N)=NC(=O)NCCCCCCCCN)s1,tensor([4.9300])
NC(=NC(=O)NCCCCCCNC(=O)N=C(N)NCCCc1nnc(N)s1)NCCCc1nnc(N)s1,tensor([5.])
Cc1nc(N)sc1-c1ccc(NC(N)=NC(=O)NCC(C)C2CCCCC2)cc1,tensor([5.2500])
Cc1ccc(CC(C)CNC(=O)N=C(N)Nc2cccc(-c3sc(N)nc3C)c2)cc1,tensor([4.8900])
Cc1nc(N)sc1-c1cccc(NC(N)=NC(=O)NCC(C)CCCc2ccccc2)c1,tensor([4.9700])
CC(NC(=O)N=C(N)NCCCn1cc(CN(C)C)nn1)c1ccccc1,tensor([4.9900])
CN(C)CC#Cc1ccc(OCCCc2sc(N3CCc4cccc(C(=O)Nc5nc6ccccc6s5)c4C3)nc2C(=O)O)c(F)c1,tensor([5.7400])
O=c1cc(CNCc2ccc(OCCCN3CCCCC3)cc2)occ1O,tensor([7.5000])
O=c1cc(CN(Cc2ccc(OCCCN3CCCCC3)cc2)Cc2cc(=O)c(O)co2)occ1O,tensor([8.])
O=C(OCCCN1CCN(c2ccncc2)CC1)c1cc2ccccc2o1,tensor([6.5700])
CN1CCN(CCOC(=O)c2ccc3ccccc3c2)CC1,tensor([5.6600])
CN1CCN(CCCOC(=O)c2ccc3ccccc3c2)CC1,tensor([5.9600])
CN1CCN(CCCOc2ccc3ccccc3c2)CC1,tensor([5.5500])
O=C(OCCCN1CCN(c2ccccc2)CC1)c1cccc2ccccc12,tensor([5.7200])
O=C(OCCCN1CCN(c2ccccc2)CC1)c1cc2ccccc2o1,tensor([5.7700])
c1ccc(N2CCN(CCCOc3cccc4ccccc34)CC2)cc1,tensor([5.4000])
O=C(NCCCN1CCN(c2ccncc2)CC1)c1cc2ccccc2o1,tensor([6.0400])
CC1CCCN1CCCOc1ccc2c(c1)CCC1C2CCC2(C)C1CCC2N1CCCC1,tensor([9.5200])
CC12CCC3c4ccc(OCCCN5CCC(O)CC5)cc4CCC3C1CCC2N1CCCC1,tensor([8.3000])
CC12CCC3c4ccc(OCCCN5CCC(O)C5)cc4CCC3C1CCC2N1CCCC1,tensor([8.2800])
CC12CCC3c4ccc(OCc5ccccc5)cc4CCC3C1CCC2N1CCCC1,tensor([6.6700])
CC12CCC3c4ccc(OCCCCN5CCCC5)cc4CCC3C1CCC2N1CCCC1,tensor([9.1000])
CC12CCC3c4ccc(OCc5cccnc5)cc4CCC3C1CCC2N1CCCC1,tensor([8.5200])
CC(=O)C1CCN(CCCOc2ccc3c(c2)CCC2C3CCC3(C)C2CCC3N2CCCC2)CC1,tensor([8.5700])
CC12CCC3c4ccc(OCCCN5CCNC(=O)C5)cc4CCC3C1CCC2N1CCCC1,tensor([9.2200])
CC12CCC3c4ccc(OCc5ccccn5)cc4CCC3C1CCC2N1CCCC1,tensor([8.6600])
CC12CCC3c4ccc(OCc5ccncc5)cc4CCC3C1CCC2N1CCCC1,tensor([9.0600])
CCC12CCC3c4ccc(OCCCN5CCCC5)cc4CCC3C1CCC2N1CCCC1,tensor([9.1000])
CN1CCCC2C3CCC4CC(OC(=O)CCN5CCCC5)CCC4(C)C3CCC21C,tensor([8.])
CC12CCC3c4ccc(OCCN5CCCC5)cc4CCC3C1CCC2N1CCCC1,tensor([8.7200])
CC1Cc2cc(OCCCN3CCCC3)ccc2C2CCC3(C)C(CCC3N3CCCC3)C12,tensor([8.9200])
CC12CCC3c4ccc(OCc5ccc(Cl)cn5)cc4CCC3C1CCC2N1CCCC1,tensor([8.8000])
CC12CCC(OCCCN3CCCC3)CC1=CCC1C2CCC2(C)C1CCC2N1CCCC1,tensor([8.3700])
CC12CCC3c4ccc(OCCCN5CCCCCC5)cc4CCC3C1CCC2N1CCCC1,tensor([9.2200])
